คำ,POS,ความหมาย
หก 0,น.,จำนวนห้าบวกหนึ่ง.
หก 1,ก.,"โกหก, จงใจกล่าวคำที่ไม่จริง."
หก 2,ก.,"หก, อาการที่ส่วนเบื้องสูงของร่างกาย ของภาชนะ หรือของสิ่งใดสิ่งหนึ่งเอียงลง เทลงจากระดับเดิมในทันใด."
หก 3,ก.,"สัปหงก, อาการที่หน้าหงุบลงเพราะง่วงนอน."
หกก้อน 0,ว.,ไม่เต็มเต็ง
หกค่ำ 0,ก.,พูดโกหกทั้งวัน
หกนก 0,ก.,"หลับนก, นั่งหลับ."
หกใส 0,ก.,"ใส่ความ, กล่าวหา, กล่าวโทษ, กล่าวร้าย."
หกโหฺยะ 0,ก.,พูดโกหกทั้งวัน
หง 0,น.,"ต้นละหุ่ง, ชื่อไม้ทุ่ม เมล็ดเป็นพิษ น้ำมันที่ได้จากการหีบโดยไม่ใช้ความร้อน ทำยาได้ มีหลายชนิด เช่น หงแดง - ละหุ่งแดง"
หง 1,น.,"หงส์, นกในนิยายถือว่าเป็นนกในตระกูลสูง มีเสียงไพเราะ เป็นพาหนะของพระพรหม, ชื่อนกจำพวกเป็ด คอยาว ลำตัวใหญ่."
หง 2,ว.,"ระหง, สูงโปร่ง"
ห้ง 0,ว.,เงื่องหงอย เช่น ไก่ห้ง - ไก่เป็นโรค
หงก 0,ก.,"งอน เช่น ทำหงก - ทำงอน (ภ.ก., พ.ง.)."
หงก 1,ก.,"เกี่ยงงอน, กระเง้ากระงอด"
หงทอง 0,น.,"ตะกวด, ชื่อสัตว์เลื้อยคลาน ตัวสีน้ำตาลเหลือง ปากแหลม ลิ้นยาวแยกเป็น ๒ แฉก หางยาวใช้ฟาดเพื่อต่อสู้ป้องกันตัว อาศัยตามป่าโปร่งมากกว่าป่าทึบ หากินตามพื้นดิน ขึ้นต้นไม้เก่ง พาดตัวนอน ผึ่งแดดตามกิ่งไม้"
หงทอง 1,น.,ตะกวด (ดู แลน น.).
หงเทศ 0,น.,"สบู่ดำ, ชื่อไม้พุ่ม ก้านและใบและใบอ่อนสีเขียว มียางใส เมล็ดนำไปหีบได้น้ำมัน ใช้เป็นน้ำมันเชื้อเพลิงและหล่อลื่น ทุกส่วนเป็นพิษ (พ.ท.)."
หงบ 0,ก.,"สงบลง, สร่าง เช่น ไข้หงบ - สร่างไข้"
หงบเมฺล่อ 0,สำ.,สมน้ำหน้า.
หงบหวางโม่ 0,สำ.,สมน้ำหน้า
หงบหวางโม่ 1,สำ.,สมน้ำหน้า.
หง่วนจู้ปีด 0,น.,"ปากกาลูกลื่น (จ., ภ.ก.)."
หง่วนซุ้ย 0,น.,"ผักชี (จ., ภ.ก.)"
หงวย 0,ก.,"ไหว, สั่น, สะเทือน (ดู หวย ก. ๒.)."
หงวย 1,ก.,"ไหว, สั่น, สะเทือน, กระดิก"
ห้งห้อ 0,ว.,เงื่องหงอย เช่น ไก่ห้ง - ไก่เป็นโรค
ห้งห้อ 1,ว.,เงื่องหงอย (ดู ห้ง).
ห้งแห้ง 0,ว.,"ขี้โรค, อมโรค."
ห้งแห้ง 1,ว.,"หงิกงอ, เซื่องซึม, อมโรค (ดู ง่องแง่ง)."
ห้งแห้งฮ้ง แฮ้ง 0,ว.,"ขี้โรค, อมโรค."
ห้งแห้งฮ้งแฮ้ง 0,ว.,"หงิกงอ, เซื่องซึม, อมโรค (ดู ง่องแง่ง)."
หงอก 0,น.,หงอก
หง่อกากี่ 0,น.,ทางเดินเท้าบริเวณหน้าบ้านของตึกแถวที่มีเพดาน ซึ่งเป็นพื้นของชั้นสองของตึกแถว ที่มีลักษณะที่เรียกว่า อาเขต ตึกแถวดังกล่าวมักมี รูปทรงทางสถาปัตยกรรมแบบชิโน - โปรตุเกส
หง่อข่าขี่ 0,น.,ทางเดินเท้าบริเวณหน้าบ้านของตึกแถวที่มีเพดาน ซึ่งเป็นพื้นของชั้นสองของตึกแถว ที่มีลักษณะที่เรียกว่า อาเขต ตึกแถวดังกล่าวมักมี รูปทรงทางสถาปัตยกรรมแบบชิโน - โปรตุเกส
หง่อง 0,ว.,"โง่ (จ., ภ.ก.)."
หง้อง 0,ว.,เงื่องหงอย เช่น ไก่ห้ง - ไก่เป็นโรค
หง้อง 1,ว.,เงื่องหงอย (ดู ห้ง).
หง่องจ่าบ้อ 0,ก.,"เกี้ยว, พูดให้รักในเชิงชู้สาว, พูดเลียบเคียง เพื่อให้สมปรารถนา (จ., ภ.ก.)."
หง้องห้อ 0,ว.,เงื่องหงอย (ดู ห้ง).
หง้องห้อ 0,ว.,เงื่องหงอย เช่น ไก่ห้ง - ไก่เป็นโรค
หง้องแหง้ง 0,น.,แมลงปีกแข็งชนิดหนึ่ง ชอบอาศัยในกองขี้วัว ขี้ควาย (ดู หนอนขี้วัว).
หง้องแหง้ง 1,น.,ชื่อแมลงปีกแข็งชนิดหนึ่ง ชอบอาศัยในกองขี้วัว ขี้ควาย
หงอน 0,น.,ตะกอน (ดู หมวน น. ๑.).
หงอน 1,น.,"หงอน, ขน หรือเนื้อที่งอกขึ้นบนหัวไก่"
หงอน 0,น.,"ตะกอน, สิ่งที่ละลายปนอยู่ในน้ำแล้วตกจมลงนอนก้นภาชนะ"
หงอนไก่ 0,น.,ชื่อไม้ดอกชนิดหนึ่ง.
หงอนไก่ 1,น.,ชื่อไม้เถาขึ้นในป่าละเมาะ เถาสีดำ ลูกสีแดงสด เม็ดในสีดำ ใช้ทำยาเบื่อได้
หงอนไก่ 2,น.,ชื่อไม้ต้นขนาดกลางถึงขนาดใหญ่ (ดู บากดำ).
หงอนไก่ 0,น.,ชื่อไม้ต้นขนาดกลางถึงขนาดใหญ่
หง่อห้อง 0,น.,"เครื่องพะโล้ (จ., ภ.ก.)"
หงะหลังกังกง 0,น.,ชื่อจังหวะเพลงตันหยง (ก.บ.).
หงำ 0,ว.,มืดครึ้ม (ดู งำ ว.).
หงำ 0,ว.,"มืดครึ้ม, มัวซัว"
หงิน 0,น.,"เงินตรา (จ., ภ.ก.)."
หงิน 1,น.,กระดาษเงิน (ดู หยิน).
หงิน 0,น.,กระดาษเงินที่ใช้เผาไหว้เจ้า
หงิ้นน่า 0,น.,"เด็ก (จ., ภ.ก.)."
หงิม 0,ว.,สงบเสงี่ยม (ดู หนิม ว.).
หงิม 1,ว.,"สงบเสงี่ยม, อายเหนียม"
หงุบ 0,ว.,สีหน้าไม่สบอารมณ์ เช่น หน้าหงุบ - สีหน้าโกรธขึ้ง
หงุบ 1,ว.,มืดครึ้ม (ช.พ.).
หงู่เชี้ย 0,น.,"เกวียนที่เทียมด้วยควาย (จ., ภ.ก.)."
หงู่เล้ง 0,น.,"นมวัว (จ., ภ.ก.)."
หงู่อิ๋ว 0,น.,"เนย (จ., ภ.ก.)."
หญวบ 0,ว.,"สั่น, คลอน, ไหว, โยก, จะพัง, ยวบ, อ่อนเนิบนาบ เช่น บ้านนี้หญวบ ๆ แล้ว - บ้านนี้จะพังแล้ว"
หญวบหญวบ 0,ว.,"สั่น, คลอน, ไหว, โยก, จะพัง, ยวบ, อ่อนเนิบนาบ เช่น บ้านนี้หญวบ ๆ แล้ว - บ้านนี้จะพังแล้ว"
หญ้อ 0,ก.,"ย่อ, ทำให้ต่ำ, ย่น, ทำให้สั้น."
หญ้อ 1,ก.,ก้มลง.
หญอก 0,น.,ขนบนคอไก่ (ดู เหญียก น.).
หญอก 1,น.,ขนบนคอไก่
หญ็อก 0,น.,ชื่อปลาน้ำจืดชนิดหนึ่ง คล้ายปลาซิว แต่ตัวเล็กกว่า ชอบอยู่เป็นฝูงใหญ่.
หญ็อก 1,น.,"หยก, หินแก้ว มีลักษณะแข็งเป็นสีต่าง ๆ ใช้ทำเครื่องประดับ และเครื่องใช้ เป็นต้น."
หญอง 0,น.,เครื่องมือดักปู รูปร่างคล้ายยอ แต่ขนาดเล็กกว่า มีความกว้างยาวประมาณ ๒ ฟุต
หญ้อง 0,ก.,กิริยาเศร้าซึม.
หญ็อง 0,ก.,ย่น (ดู หญุก).
หญ็อง 1,ก.,เขม็งจนหดเกิดปม.
หญ็อง 2,ก.,"กระเด้า, การยกก้นขึ้นๆ ลงๆ เวลามีเพศสัมพันธ์"
หญ็อง 3,ก.,เขย่า เช่น หญ็องขวด - เขย่าน้ำในขวด.
หญ็อง 4,ว.,เหยาะ ๆ เช่น โดดหญ็อง - กระโดดเหยาะ ๆ
หญ็อง 5,ก.,อาการเป็นสัดของวัว เรียก วัวหญ็อง.
หญ็อง 6,ก.,"ขยุกขยิก, ย่น, ยับ, พับอยู่"
หญ็องหญ้อ 0,ว.,อาการที่ไก่เป็นโรคระบาด.
หญ็องหญ้อ 1,ว.,"เงื่องหงอย, อาการที่ไก่เป็นโรคระบาด (ดู คร็องคร่อ)."
หญ็องหญ็อง 0,ว.,เหยาะ ๆ เช่น โดดหญ็อง - กระโดดเหยาะ ๆ
หญ็องหญ็อง 1,ว.,เหยาะ ๆ (ดู หญ็อง ว. ๑.).
หญ้องแหญ้ง 0,ว.,"ผอมบาง, กระย่องกระแย่ง"
หญ้องแหญ้ง 1,ว.,ขยุกขยุย ไม่เรียบร้อย เช่น สาดแหกหญ้องแหญ้ง - เสื่อขาดขยุกขยุย.
หญ็องแหญ็ง 0,ว.,ฉุนเฉียว เช่น นายเราหญ็องแหญ็งทังวัน - หัวหน้าของเราฉุนเฉียวทั้งวัน.
หญ็องแหญ็ง 1,ว.,ยุ่ง เช่น ลายมือหญ็องแหญ็ง - ลายมือยุ่ง.
หญ็องแหญ็ง 2,ว.,จองหอง (ส.ฎ.).
หญอด 0,ว.,ขลาดกลัว เช่น ไกหญอด - ไก่ที่ไม่กล้าสู้คู่ต่อสู้.
หญอด 1,ว.,"แคระแกร็น, ซูบ, ไม่เจริญเติบโต"
หญอด 2,ก.,อาหารไม่พอ เช่น หญอดนม - ซูบผอมเพราะกินนมไม่เพียงพอ.
หญ้อน 0,ก.,"ย่น, ร่นให้สั้นหรือให้เร็วเข้า, หดร่นเข้าไป."
หญ้อน 1,สำ.,ขัดสน.
หญ็อบ 0,ก.,"แอบ, ซ่อน, ซุ่ม, ซุก"
หญ็อบนอน 0,ก.,"งีบ, แอบงีบ."
หญ้อม 0,น.,"หย่อม, หมู่เล็ก ๆ, กองเล็ก ๆ."
หญอย 0,น.,หยักไย่.
หญอย 1,น.,"เชื้อไฟ, ฝอย, ไม้ขูดตากแห้งคลุกน้ำมันยางสำหรับห่อทำไต้."
หญอย 2,ว.,หยิกหยอย.
หญ้อย 0,ก.,"หย่อนก้นลง. นั่งลงชั่วประเดี๋ยว, ย่อเข่าลง, ย่อตัวลง"
หญะ 0,น.,ชื่อปลาน้ำจืดชนิดหนึ่ง รูปร่างคล้ายปลากระบอก แต่โตกว่า รสมันและคาวกว่า
หญะ 1,น.,"ขยะ, หยากเยื่อ, มูลฝอย."
หญัก 0,ก.,"ขยัก, กักหรือเก็บไว้บ้างไม่ยอมปล่อยไปจนหมด หรือไม่ทำให้หมด."
หญัก 1,ก.,"เกี่ยงงอน, กระเง้ากระงอด"
หญักแหก 0,น.,นกตะขาบ มี ๒ ชนิด คือ ตะขาบทุ่ง กับตะขาบดง.
หญักแห็ก 0,ก.,"งอน, แสดงอาการโกรธเคือง หรือไม่พอใจ เพื่อให้เขาง้อ, ทำจริตสะบัดสะบิ้ง."
หญัด 0,ก.,ไว้วางใจ
หญัด 1,ก.,"ประหยัด, กระเหม็ดกระแหม่."
หญัด 2,ว.,เผื่อ เช่น กินไม่หญัดเพื่อน - กินไม่เผื่อผู้อื่น.
หญัน 0,ก.,ขยัน
หญัน 1,ว.,"ดีมาก, อร่อยมาก (ส.ฎ., ช.พ.)."
หญับ 0,ก.,"ขยับ, กระเถิบ"
หญับหีด 0,ก.,ขอให้ขยับหรือเลื่อนออกไปหน่อย.
หญับหีด 1,ว.,เกือบ เช่น หญับโถกถีบ - เกือบโดนถีบ.
หญับโหยง 0,น.,"กระดานหก, เครื่องเล่นสำหรับเด็กอย่างหนึ่ง เป็นแผ่นไม้กระดานระหว่างกึ่งกลางความยาวของไม้ มีขาซึ่งตรึงติดกับแผ่นไม้ ผู้เล่นนั่งที่ปลายไม้ทั้ง ๒ ข้าง ผลัดกันกระดกไม้กระดานให้ขึ้นลง"
หญับโหยง 1,น.,การเล่นแบบหนึ่ง ให้เด็กยืนบนปลายเท้าและจับมือไว้แล้วกระดกเท้าขึ้นลง.
หญับโหยง 2,ก.,ขย่มตัว.
หญับโหยง 3,สำ.,เล่นชู้ เช่น “ หญับโหยงโพงไม้เรื้ย ผัวแล่นเบี้ย เมียแล่นหญับโหยง ” (บทล้อ).
หญา 0,น.,ชื่อปลาน้ำจืดชนิดหนึ่ง รูปร่างคล้ายปลากระบอก แต่โตกว่า รสมันและคาวกว่า
หญา 1,น.,ชื่อปลาน้ำจืดชนิดหนึ่ง คล้ายปลากระบอก (ดู หญะ น. ๑.).
หญา 2,สรรพ.,เป็นคำสรรพนามใช้แทนตัวเองของผู้หญิงชาวไทยมุสลิมเมื่อพูดกับผู้อาวุโสกว่า.
หญ้า 0,น.,"หญ้า, ชื่อเรียกไม้ล้มลุกหลายชนิด."
หญ้าเกย 0,น.,หญ้าเจ้าชู้.
หญ้าเกรย 0,น.,หญ้าเจ้าชู้.
หญ้าเกรย 0,น.,หญ้าเจ้าชู้
หญ้าไก 0,น.,ส่วนของหญ้าแพรกที่มีหัวเป็นพู่.
หญ้าไก่นกคุ่ม 0,น.,โด่ไม่รู้ล้ม (ดู สามสิบสองหาบ).
หญ้าไก่นกคุ่ม . 0,น.,ชื่อไม้ล้มลุกจำพวกหญ้าชนิดหนึ่ง ใบเดี่ยวมนรียาว ขอบใบเป็นจัก ต้นและใบมีขน ออกดอกเป็นกระจุกสีม่วงอ่อน
หญ้าขน 0,น.,ชื่อไม้เถาชนิดหนึ่ง ลำต้นกลม มีขนมาก ดอกเหลือง.
หญ้าขนหมู 0,น.,แห้วหมู.
หญ้าแข็ดมอญ 0,น.,หญ้าขัดหมอน.
หญ้าครุน 0,น.,หญ้าชันกาด.
หญ้าควาญข้าง 0,น.,ชื่อไม้ล้มลุก หมายถึง ต้นเวอร์โนเนีย
หญ้าควาญช้าง 0,น.,ชื่อไม้ล้มลุกชนิดหนึ่ง.
หญาง 0,น.,รูปกากบาทในยามอุบากอง.
หญาง 1,น.,"ง่าม, ลักษณะหรือสิ่งที่แยกออกเป็น ๒ หรือ ๓ เป็นต้น."
หญาง 2,ว.,อาการเดินก้าวยาว ๆ อย่างรีบเร่ง.
หญาง 3,ว.,อาการอ้าปากเคี้ยวอย่างช้า ๆ
หญางหญาง 0,ว.,อาการอ้าปากเคี้ยวอย่างช้า ๆ
หญ้างับ 0,น.,"ต้นไมยราบ, ชื่อไม้ล้มลุก ใบคล้ายใบกระเฉด เมื่อถูกกระเทือนก็หุบราบไป"
หญ้างับ 1,น.,หญ้าไมยราบ.
หญาจก 0,ก.,ตะกละตะกลาม เช่น หญาจกเอาพรือกินเรียน คนเดียวสามหนวย
หญาจก 1,ก.,กินไม่เลือก เช่น พวกนี้หญาจกเมฺลอนิลูกเขียดลูกแขดกินเพ.
หญาจก 2,ว.,"เกินพอดี, น่าเกลียด เช่น พีพันนี้เขาเรียก พีหญาจก."
หญ้าชิงอิ 0,น.,หญ้าตีนกา.
หญาด 0,ก.,"ขยาด, เกรงกลัว."
หญาด 1,ว.,หยาดหยด.
หญ้าดอกขาว 0,น.,ต้นเวอร์โนเนีย (ดู หมอน้อย น. ๔.).
หญ้าดอกขาว 1,น.,ชื่อไม้ล้มลุก หมายถึง ต้นเวอร์โนเนีย
หญ้าเตย 0,น.,หญ้าเจ้าชู้.
หญ้าเตรย 0,น.,หญ้าเจ้าชู้
หญาบ 0,ว.,"หยาบคาย, ไม่สุภาพ เช่น แหลงหญาบ - พูดหยาบคาย."
หญาบ 1,ว.,"หยาบโลน, ลามก เช่น หนังโรงหั้น เล่นหญาบอี้ตาย - หนังตะลุงโรงนั้นเล่นหยาบโลนมาก."
หญาบ 2,ว.,ไม่อ่อนช้อย เช่น รำหญาบ.
หญาบ 3,ว.,ไม่ละเอียด เช่น ทิ่มเครื่องหญาบ – ตำเครื่องแกงไม่ละเอียด.
หญาบเหมือนขี้ช้าง 0,สำ.,"ไม่เรียบร้อย, หยาบคาย."
หญ้าปากควาย 0,น.,หญ้ามาเลเซีย.
หญ้าผ้าร้าย 0,น.,"กะทกรก, ชื่อไม้พุ่มรอเลื้อย ตามลำต้นมีหนามห่างๆ ใบรูปไข่หรือรี ๆ ดอกเล็กสีขาว อยู่เป็นกระจุกที่ง่ามใบ ผลกลมหรือรีขนาดเท่าเม็ดบัว เขื่อง ๆ เป็นสมุนไพร"
หญ้าผ้าร้าย 1,น.,กะทกรก.
หญ้าภคินี 0,น.,ต้นย่านาง (ดู นาง น. ๔.).
หญาม 0,น.,"ฤดู, ส่วนของปีซึ่งแบ่งโดยถือเอาภูมิอากาศเป็นหลัก, คราว, สมัย เช่น หญามฝน - ฤดูฝน, ผิดหญาม - ผิดฤดู."
หญ้าม 0,ว.,"ช่างเถอะ, ช่างมันเถอะ (ไม่ติดใจ)."
หญาม 0,ว.,อาการอ้าปากเคี้ยวอย่างช้า ๆ
หญามเก็บ 0,น.,ช่วงเวลาที่ชาวนาเก็บเกี่ยวข้าวในนา ประมาณเดือนมีนาคม - เมษายน.
หญามดำ 0,น.,ช่วงเวลาที่ชาวนาปักดำต้นกล้า ประมาณเดือนพฤศจิกายน - ธันวาคม.
หญามไถ 0,น.,ช่วงเวลาที่ชาวนาไถนา ประมาณเดือนมิถุนายน.
หญามนา 0,น.,ช่วงเวลาที่ชาวนาทำนา ประมาณเดือนพฤษภาคม - พฤศจิกายน.
หญามน้ำ 0,น.,ช่วงเวลาในฤดูฝนหลังจากที่ฝนตกหนักจนมีน้ำท่วมขังตามพื้นที่ต่าง ๆ ประมาณเดือนพฤศจิกายน - ธันวาคม.
หญามแมงดา 0,น.,ช่วงเวลาที่มีแมงดาชุกชุมตามท้องนาห้องไร่ ประมาณเดือนมิถุนายน - กรกฎาคม.
หญามแมงดา 1,ก.,"สบประมาท, เหยียดหยาม, ดูหมิ่น, ดูถูก."
หญามแมงดา 2,ว.,อาการอ้าปากเคี้ยวอย่างช้า ๆ (ดู หญาง ว. ๒.).
หญ้ามัด 0,น.,หญ้าชนิดหนึ่งคล้ายต้นกล้า ขึ้นปะปนกับต้นกล้า.
หญาย 0,ก.,"ขยาย, คลายให้หายแน่น, อธิบาย, ชี้แจง, แผ่กว้างออกไป, ทำให้กว้างใหญ่ออกไป, ทำให้มากขึ้น."
หญาย 1,ก.,"ขยับ, กระเถิบ."
หญ้ายองไฟ 0,น.,เขม่าที่เคลือบติดไม้ผราเหนือเตาไฟ (ดู แหม็งผรา).
หญ้ายองไฟ 1,น.,เขม่าที่เคลือบติดไม้ผรา (ร้าน) เหนือเตาไฟ
หญ้าราด 0,น.,หญ้าชนิดหนึ่ง ลำต้นเป็นข้อ ๆ ใบเรียวยาว.
หญ้าเหม็น 0,น.,ต้นสาบเสือ (ดู ขี้ไก น. ๓.).
หญ้าเหม็น 0,น.,"ต้นสาบเสือ, ชื่อไม้ล้มลุก เป็นวัชพืชชิ้นทั่วไป ใบมีกลิ่นเหม็น ใช้ทำยาได้"
หญำ 0,ก.,"ขยำ, กายํ้า ๆ, บีบยํ้า ๆ, คลุก"
หญ้ำ 0,ก.,"ขยํ้า, เอาปากงับกัดอย่างแรง."
หญ้ำ 1,ก.,"ติดใจ, ติดรส."
หญ้ำ 2,ว.,คำล้อเลียน อวดว่าตนเองได้กิน แต่คนอื่นไม่ได้กิน ดังบทร้องว่า “ แด็กปากเปลา เราปากหวาน แด็กชี้คร้าน หญํ้าให้หมันกิน ”.
หญิก 0,ว.,"หงิกงอ, หยิกหยอย"
หญิกหญ้อย 0,น.,"เขย่งเก็งกอย, การเต้นขาเดียว เป็นการเล่นของเด็ก"
หญิง 0,น.,"เพศตรงข้ามกับผู้ชาย, ผู้หญิง"
หญิงกึด็อก 0,น.,"โสเภณี, หญิงที่หาเลี้ยงชี ด้วยการค้าประเวณี"
หญิงชั่ว 0,น.,"โสเภณี, หญิงที่หาเลี้ยงชี ด้วยการค้าประเวณี"
หญิงดอกไม้ 0,น.,"โสเภณี, หญิงที่หาเลี้ยงชี ด้วยการค้าประเวณี"
หญิงเที่ยว 0,น.,"โสเภณี, หญิงที่หาเลี้ยงชี ด้วยการค้าประเวณี"
หญิงโล้กีย์ 0,น.,"โสเภณี, หญิงที่หาเลี้ยงชี ด้วยการค้าประเวณี"
หญิงหญ้อย 0,น.,"หิ่งห้อย,ชื่อแมลงปีกแข็งขนาดเล็กหรือขนาดกลางหลายชนิด สามารถเปล่งแสงกะพริบ เห็นได้ชัดเจนในเวลากลางคืน ความถี่และช่วงของแสงนั้นแตกต่างไปแล้วแต่ชนิด ลำตัวยาวเป็นรูปทรงกระบอก สันหลังปล้องอกมักจะขยายออกไปคลุมหัว"
หญิงหม้อ 0,น.,"โสเภณี, หญิงที่หาเลี้ยงชี ด้วยการค้าประเวณี"
หญิงหากิน 0,น.,"โสเภณี, หญิงที่หาเลี้ยงชี ด้วยการค้าประเวณี"
หญิบ 0,ก.,ขยิบตา.
หญิบตา 0,สำ.,ปากว่าตาขยิบ.
หญี 0,น.,"ต้นเขลงหรือหยี, ชื่อไม้ต้น ผลมีเมล็ดเดียว เมื่อแก่เปลือกกรอบสีดำ เนื้อหุ้มเมล็ดลีน้ำตาล รสเปรี้ยวอมหวาน"
หญีด 0,น.,จูบ (ใช้กับเด็ก).
หญุกหญุย 0,ว.,"ขยุกขยุย, ยุ่งเหยิง ไม่เป็นระเบียบ"
หญุ้ง 0,ก.,"ยุ่งเกี่ยว, ติดต่อผูกพัน."
หญุ้ง 1,ก.,"กลุ้มใจ, รู้สึกยุ่งยากใจโดยไม่รู้ว่าจะทำอย่างไร เช่น หญุ้งในใจ - กลุ้มใจ."
หญุ้ง 2,ก.,"ยุ่งเหยิง, วุ่นวาย ไม่เป็นระเบียบ."
หญุ้ง 3,ก.,มีธุระพัวพันมาก.
หญุด 0,น.,"อีจู้, เครื่องดักปลาชนิดหนึ่ง สานด้วยไม้ไผ่ รูปคล้ายหม้อ คอสูง มีงาแซงอยู่ริมก้น ห้อยเหยื่อไว้ภายใน"
หญุดหญุด 0,ว.,อาการกระตุกหรือกระเด้งเป็นจังหวะ.
หญุ้น 0,ว.,"หยุ่น, ยุบลงไปแล้วคืนตัวได้, ยืดหยุ่นได้."
หญุม 0,ว.,"ไม่สดชื่น, บึ้งตึง เช่น หน้าหญุม - หน้าบึ้ง."
หญุ้ม 0,น.,"ปริมาณของที่ขยุ้มมาได้ครั้งหนึ่ง ๆ, กอง, หย่อม."
หญุ้ม 1,ก.,"ขยุ้ม, เอาปลายนิ้วทั้ง ๕ หยิบรวบขึ้นมาเพื่อให้ได้มาก."
หญุ้ม 2,ลัก.,เรียกของหนึ่งหยิบมือ เช่น ขอเกลือสักหญุ้ม - ขอเกลือสักหนึ่งหยิบมือ.
หญุ้ม 3,ว.,บูดบึ้ง.
หญุ้ม 4,ว.,รุงรัง
หญุ้ย 0,ว.,ขาดลุ่ย.
หญุ้ย 1,ว.,ขาวโพลน ว่า ขาวหญุ้ย
หญู 0,น.,"สายยู, อุปกรณ์ล่ามบานประตูให้ติดกับห่วงเหล็กที่ธรณีประตู สำหรับลั่นกุญแจ."
หญู 1,น.,หูกางเกง (ดู ปลีง น. ๒.).
หญู 2,น.,หูของภาชนะ.
หญู้ 0,ว.,"ย่น, พับงอ, บุบ, คู้"
หญู 0,น.,"หูกางเกง (ช.พ., น.ศ.)"
หญูก 0,ก.,"ขยุกขยิก, ย่น, ยับ, พับอยู่"
หญูกหญาก 0,ว.,"ไม่ราบเรียบ, หยาบกร้าน, สาก เช่น ผิวหญูกหญาก - ผิวสาก, ดำนิลค่าแพง แดงค่ามาก ขาวหญูกหญาก ค่าหมากคำเดียว - สำนวนพูดเกี่ยวกับรสนิยมเรื่องผิวของสตรี"
หญูงหญาง 0,ว.,"เลอะเทอะ, สกปรก"
หญูบ 0,ก.,จูบ (น.ธ.).
หญูมหญาม 0,ว.,"เลอะเทอะ, สกปรก"
หญูมหญาม 1,ว.,"ยุ่มย่าม, ยุ่ง, เกะกะไม่เป็นระเบียบเรียบร้อย."
หญู้หญี้ 0,ว.,"ยู่ยี่, อาการที่ย่นหรือยับจนเสียรูป"
หด 0,ก.,"สั้นเข้า, ย่นเข้า, น้อยลง, ดึงกลับ."
หด 1,ก.,กลัว.
หน 0,น.,"ทาง, ที่, ถนน."
หน 1,ลัก.,"ครั้ง, เที่ยว, คราว เช่น ไปหลาดมาแล้ว ๒ หน – ไปตลาดมาแล้ว ๒ เที่ยว."
หนก 0,สำ.,มารยา
หนก 1,น.,"กระหนก, ชื่อแบบลายไทยประเภทหนึ่ง ใช้ผูก เขียนเป็นลวดลาย มีทั้งระบายสี ปิดทอง รดน้ำ ปั้น หรือแกะสลัก เป็นต้น."
หนก 2,ว.,"จังหวะ, โอกาส เช่น ไม่เข้าหนก - ไม่เข้าจังหวะ หรือไม่ได้โอกาส."
หนก 3,สำ.,มารยา.
หนกมาก 0,สำ.,มารยา
หนกมาก 1,สำ.,มารยา.
หนง 0,น.,ชื่อไม้เถาชนิดหนึ่ง.
หนง 1,น.,โครงไม้ที่ขดเป็นวงกลม ซึ่งผูกไว้ภายในซี่ไม้ ใช้บังคับรูปทรงของสุ่ม ไซ เป็นต้น.
หนง 2,น.,แผ่นไม้รูปกลม สำหรับปิดส่วนบนและยึดชี่กรงนก.
หนง 3,น.,"ขนง, คิ้ว."
หนด 0,น.,"ขนด, ตัวงูที่ขด"
หนด 1,ก.,"กำหนด, หมายไว้, ตราไว้."
หนด 2,ว.,"แน่ ใช้ประกอบคำ “ ไม่ ” ว่า “ ไม่หนด ” หมายถึง ไม่แน่นอน, ไม่อาจกำหนดได้, ไม่แน่ (ความหมายคาดคะเนไปในเชิงว่า ใช่)."
หนน 0,น.,"ถนน, หนทางที่ทำขึ้น"
หนบ 0,น.,"ขนบธรรมเนียม, ระเบียบ, แบบอย่าง."
หนบ 1,น.,"แบบ, ขนาด เช่น ไม่ได้หนบ - ไม่ได้ขนาด."
หนม 0,น.,ดินและหญ้าที่เกาะตัวกันแน่นลอยอยู่เหนือผิวน้ำ
หนม 1,น.,ดินและหญ้าที่เกาะตัวกันแน่นลอยอยู่เหนือผิวน้ำ (ดู ตึก น. ๓.).
หนม 2,น.,"ขนม, ของกินที่ไม่ใช่กับข้าว มักปรุงด้วยแป้ง หรือข้าวกับกะทิหรือ น้ำตาล, ของหวาน"
หนมกรอก 0,น.,ขนมเบื้องไทย.
หนมกริม 0,น.,ขนมชนิดหนึ่งทำด้วยแป้งข้าวเจ้า คล้ายลอดช่อง แต่ตัวเล็กกว่า กินกับน้ำเชื่อม
หนมกวน 0,น.,ขนมที่ทำด้วยแป้งข้าวเจ้าผสมกะทิและน้ำตาล กวนจนเหนียว เทใส่ถาด วางให้เย็น แล้วตัดเป็นชิ้น ๆ
หนมกวน 1,น.,กะละแม (ดู หนมกันแม).
หนมกวน 2,น.,กะละแม
หนมกวนขาว 0,น.,ขนมกวนชนิดหนึ่ง ทำด้วยแป้งข้าวเจ้า ราดกะทิ.
หนมก้อ 0,น.,ขนมโก๋.
หนมก้องถึง 0,น.,ขนมตุ้บตั้บ
หนมกันแม 0,น.,กะละแม
หนมก้านบัว 0,น.,ขนมที่ทำด้วยแป้งข้าวเหนียวปั้นเป็นเส้นกลม ๆ สั้น ๆ คล้ายก้านบัว ทอดน้ำมัน แล้วฉาบด้วยน้ำตาล
หนมกู๊ 0,น.,ชื่อขนมชนิดหนึ่ง มีรูปพิมพ์อย่างเต่า แป้งที่ห่อไส้ ผสมสีแดง ถ้ามีไส้จะเป็นถั่วเขียว ถ้าขนาดใหญ่จะไม่มีไส้ ใช้ไหว้เจ้าในงานสารทจีน
หนมเกลียว 0,น.,ชื่อขนมชนิดหนึ่ง มีรูปเป็นเกลียวคล้ายเชือกควั่น
หนมเกลียว 1,น.,ชื่อขนมชนิดหนึ่ง มีรูปเป็นเกลียวคล้ายเชือกฟั่น
หนมเกาเดาะ 0,น.,กล้วยชุบแป้งข้าวเจ้าและมะพร้าวขูด แล้วทอด
หนมเกาะเดาะ 0,น.,กล้วยแขก (ส.ต.).
หนมโก้ 0,น.,ขนมตะโก้
หนมโก้คง 0,น.,ขนมตะโก้
หนมขาว 0,น.,ขนมทำด้วยแป้งข้าวเหนียวทำเป็นรูปกลม ๆ ขนาดเล็ก แล้วต้มในน้ำเชื่อม
หนมขี้กวาง 0,น.,ขนมบัวลอย.
หนมขี้แมว 0,น.,ชื่อขนมโบราณชนิดหนึ่ง ในพวกจันอับ ทำจากแป้งข้าวเจ้าตำคลุกกับใบไม้ป่า เรียกว่า “ ใบมัน ” ปั้นเป็นก้อนแล้วนำไปนึ่งให้สุก เมื่อสุกมีสีเทาอมดำ คล้ายขี้แมว มักรับประทานกับมะพร้าวขูดและน้ำตาล (ส.ฎ.).
หนมเข้ง 0,น.,ขนมเข่ง.
หนมไข่ไก่ 0,น.,ขนมเค้ก.
หนมไขตาแป๊ะ 0,น.,ขนมโก๋อ่อน
หนมไขตาแป๊ะ 1,น.,ขนมโก๋อ่อน.
หนมไขปลา 0,น.,ชื่อขนมชนิดหนึ่งใช้ทำบุญในวันสารทไส้ถั่วเขียวบดละเอียดผสมน้ำตาล ชุบแป้ง ปั้นเป็นรูปต่าง ๆ แล้วทอดน้ำมัน
หนมไขปลา 1,น.,"ขนมกง, ขนมชนิดหนึ่งใช้ทำบุญในวันสารท ใช้ถั่วเขียวบดละเอียดผสมน้ำตาล ชุบแป้งปั้น เป็นรูปต่าง ๆ แล้วทอดน้ำมัน."
หนมคนเฒ่า 0,น.,ขนมโก๋อ่อน.
หนมคนเฒ่า 0,น.,ขนมโก๋อ่อน
หนมค่อม 0,น.,ขนมสอดไส้.
หนมค่อมยวน 0,น.,ขนมเทียน มีไส้ทำด้วยถั่วเขียวผสมน้ำตาลและมะพร้าว.
หนมคิ้วนาง 0,น.,ขนมที่ทำด้วยแป้งข้าวเหนียวทำเป็นเส้นหัวเรียวท้ายเรียวคล้ายคิ้ว ทอดน้ำมัน และฉาบด้วยน้ำตาล มีรสหวานมัน (ส.ต.).
หนมคีบ 0,น.,ขนมทองม้วน.
หนมคีม 0,น.,ขนมที่ใช้แป้งข้าวเจ้าผสมกับน้ำตาลและไข่ใส่ในแบบพิมพ์เป็นรูปต่าง ๆ แล้วปิ้ง
หนมคุลา 0,น.,ข้าวต้มผัดคลุกมะพร้าว.
หนมคุลา 1,น.,ข้าวต้มผัด คลุกมะพร้าว โรยน้ำตาลทราย
หนมเคลียว 0,น.,ชื่อขนมชนิดหนึ่ง มีรูปเป็นเกลียวคล้ายเชือกควั่น
หนมเคลียว 1,น.,ชื่อขนมชนิดหนึ่ง มีรูปเป็นเกลียวคล้ายเชือกฟั่น
หนมโค 0,น.,ขนมชนิดหนึ่งทำด้วยแป้งข้าวเหนียว ปั้นเป็นลูกกลม ๆ สอดไส้ด้วยน้ำตาล ต้มให้สุกแล้วคลุกด้วยมะพร้าวขูด
หนมโคทอด 0,น.,ขนมที่ทำด้วยแป้งข้าวเหนียว ปั้นเป็นก้อนกลม สอดไส้ด้วยมะพร้าวขูดผัดน้ำตาล แล้วนำไปทอดให้สุก.
หนมโคหอ 0,น.,ขนมสอดไส้ เรียก “หนมค่อม ”
หนมโคหอ 1,น.,ขนมสอดไส้.
หนมโคหัวรก 0,น.,ชื่อขนมชนิดหนึ่ง ทำด้วยแป้งข้าวเหนียว ปั้นเป็นลูกกลม ๆ สอดไส้ด้วยน้ำตาล ต้มให้สุก แล้วคลุกด้วยมะพร้าวขูด
หนมโคหัวรก 1,น.,ขนมชนิดหนึ่งทำด้วยแป้งข้าวเหนียว ปั้นเป็นลูกกลม ๆ สอดไส้ด้วยน้ำตาล ต้มให้สุกแล้วคลุกด้วยมะพร้าวขูด
หนมโคหัวล้าน 0,น.,ขนมทำด้วยแป้งข้าวเหนียว ปั้นเป็นก้อนกลม สอดไส้มะพร้าว หรือถั่วเขียว ผัดน้ำตาลวางบนแผ่นใบตองตัดเป็นวงกลม แล้วนึ่งให้สุก.
หนมจอก 0,น.,ขนมถ้วย.
หนมจาก 0,น.,ขนมจาก.
หนมจีนแห้ง 0,น.,หมื่หุน.
หนมจู้จุน 0,น.,ขนมฝักบัว
หนมฉายถาวโก้ย 0,น.,ขนมหัวผักกาด.
หนมชะ 0,สำ.,"ขนมเข่ง, ชื่อขนมอย่างหนึ่งทำด้วยแป้งข้าวเหนียวกับน้ำตาล ใส่กระทงวางในเข่งเล็ก ๆ นึ่งให้สุก"
หนมชะ 1,น.,ขนมเข่ง.
หนมซั้ง 0,น.,ขนมจ้าง.
หนมด้วง 0,น.,ขนมแป้งข้าวเหนียวเคลือบน้ำตาล มีลักษณะคล้ายตัวด้วงอ่อน.
หนมดีซำ 0,น.,ชื่อขนมชนิดหนึ่ง ทำจากแป้ง มีรูปกลม ตรงกลางกลวง นำไปทอดน้ำมัน
หนมดีซำ 1,น.,ขนมวันสารทเดือนสิบทำด้วยแป้งข้าวเจ้าผสมน้ำตาล ปั้นเป็นแผ่นกลมเจาะรูหรือไม่ก็ได้.
หนมดู 0,น.,ขนมที่ทำด้วยข้าวคั่วบดคลุกกับน้ำตาลโตนด ปั้นเป็นก้อนโรยแป้ง.
หนมดูกไก 0,น.,ขนมที่ทำด้วยแป้งข้าวเหนียวปั้นเป็นเส้นกลม ๆ สั้น ๆ คล้ายก้านบัว ทอดน้ำมัน แล้วฉาบด้วยน้ำตาล
หนมแดง 0,น.,ขนมที่ทำด้วยแป้งข้าวเหนียวผสมน้ำตาล่โตนด ทำเป็นรูปกลม ๆ ขนาดเล็ก แล้วต้ม
หนมต้มขาว 0,น.,ขนมทำด้วยแป้งข้าวเหนียวทำเป็นรูปกลม ๆ ขนาดเล็ก แล้วต้มในน้ำเชื่อม
หนมต้มแดง 0,น.,ขนมที่ทำด้วยแป้งข้าวเหนียวผสมน้ำตาล่โตนด ทำเป็นรูปกลม ๆ ขนาดเล็ก แล้วต้ม
หนมต่องฉิ่วเปี้ย 0,น.,ขนมเปี๊ยะไหว้พระจันทร์.
หนมตัด 0,น.,ขนมที่ทำด้วยแป้งข้าวเจ้าผสมกะทิและน้ำตาล กวนจนเหนียว เทใส่ถาด วางให้เย็น แล้วตัดเป็นชิ้น ๆ
หนมตัด 1,น.,กะละแม
หนมทอดกล้วย 0,น.,กล้วยชุบแป้งข้าวเจ้าและมะพร้าวขูด แล้วทอด
หนมท่อนไต้ 0,น.,ขนมทำด้วยแป้งข้าวเหนียวผสมน้ำตาล ห่อด้วยใบตอง นึ่งให้สุก มีลักษณะคล้ายลำเทียน
หนมทากบาก 0,น.,ชื่อขนมชนิดหนึ่ง เป็นเส้นคล้ายขนมจีน ใช้ผสมน้ำเชื่อมรับประทาน
หนมทากบาก 1,น.,ขนมลอดช่องสิงคโปร์.
หนมท่าบาก 0,น.,ชื่อขนมชนิดหนึ่ง เป็นเส้นคล้ายขนมจีน ใช้ผสมน้ำเชื่อมรับประทาน
หนมท่าบาก 1,น.,ขนมลอดช่องสิงคโปร์.
หนมเทะดิบ 0,น.,ขนมลอดช่อง.
หนมเทียน 0,น.,ขนมทำด้วยแป้งข้าวเหนียวผสมน้ำตาล ห่อด้วยใบตอง นึ่งให้สุก มีลักษณะคล้ายลำเทียน
หนมโทง 0,น.,ขนมกระทง.
หนมบ้า 0,น.,ขนมแป้งทอดมัน รูปกลม คล้ายสะบ้า
หนมบี้ผาง 0,น.,ขนมข้าวพอง.
หนมเบซำ 0,น.,ชื่อขนมชนิดหนึ่ง ทำจากแป้ง มีรูปกลม ตรงกลางกลวง นำไปทอดน้ำมัน
หนมเบซำ 1,น.,ขนมเจาะหู.
หนมเบื้อง 0,น.,ขนมเบื้อง.
หนมปะดา 0,น.,ขนมทอดน้ำมันชนิดหนึ่ง ปั้นแป้งเป็นวงกลม เจาะรูกลวงตรงกลาง คล้ายขนมดีซำ แต่มีไส้ มีรสเผ็ดเล็กน้อย (น.ศ.)
หนมปา 0,น.,ขนมถ้วยฟู.
หนมป้าดา 0,น.,ขนมทอดน้ำมันชนิดหนึ่ง ปั้นแป้งเป็นวงกลม เจาะรูกลวงตรงกลาง คล้ายขนมดีซำ แต่มีไส้ มีรสเผ็ดเล็กน้อย (น.ศ.)
หนมป่าถ่องโก้ 0,น.,ขนมทำจากแป้งข้าวเจ้าและน้ำตาล นึ่งฟู.
หนมป่าวล้าง 0,น.,ข้าวเหนียวสอดไส้หน้ากุ้ง ห่อด้วยใบตอง.
หนมปำ 0,น.,"ขนมถ้วยฟู, ชื่อขนมชนิดหนึ่ง ใช้แป้งหมักให้ฟู ผสมด้วยน้ำตาลโตนดแล้วนึ่ง รับประทานกับมะพร้าวขูด (ม. Apam)"
หนมปุ้ยควาย 0,น.,ขนมอบชนิดหนึ่ง มีรูปคล้ายอวัยวะเพศของควายตัวเมีย.
หนมเป้า 0,น.,ซาลาเปา.
หนมเปีย 0,น.,ขนมเปี๊ยะ.
หนมผัวเมีย 0,น.,"ชื่อขนมอบชนิดหนึ่ง ทำจากแป้ง มีไส้หวานหรือเค็ม (ภ.ก., พ.ง.)"
หนมผัวเมีย 1,น.,ชื่อขนมอบชนิดหนึ่ง ทำจากแป้ง มีไส้หวานหรือเค็ม.
หนมพ่าย 0,น.,"ขนมโก๋, ชื่อขนมชนิดหนึ่งทำด้วยแป้งข้าวเหนียวผสมน้ำตาลทรายอัดใส่พิมพ์รูปต่าง ๆ"
หนมพิมพ์ 0,น.,ขนมที่ใช้แป้งข้าวเจ้าผสมกับน้ำตาลและไข่ใส่ในแบบพิมพ์เป็นรูปต่าง ๆ แล้วปิ้ง
หนมเพซำ 0,น.,ชื่อขนมชนิดหนึ่ง ทำจากแป้ง มีรูปกลม ตรงกลางกลวง นำไปทอดน้ำมัน
หนมเพซำ 1,น.,ขนมเจาะหู.
หนมมด 0,น.,ขนมทำด้วยแป้งข้าวเจ้ารูปกลม ๆ สอดไส้ด้วยมะพร้าวหรือถั่วเขียวผสมน้ำตาลแล้วทอด.
หนมม้าก้าวเปี้ย 0,น.,ขนมเปี๊ยะไหว้พระจันทร์.
หนมแม็ดข้าว 0,น.,ขนมชนิดหนึ่งทำด้วยแป้งข้าวเจ้า คล้ายลอดช่อง แต่ตัวเล็กกว่า กินกับน้ำเชื่อม
หนมแม็ดข้าว 1,น.,ขนมข้าวพอง.
หนมแม็ดข้าว 0,น.,ขนมข้าวพอง
หนมยาหนม 0,น.,"กะละแม, ขนมชนิดหนึ่ง ทำด้วยแป้งข้าวเหนียว กะทิและน้ำตาลกวนจนเหนียวเป็นสีดำ"
หนมยาหนม 1,น.,กะละแม
หนมยาหนม 2,น.,กะละแม.
หนมรังต้อ 0,น.,ขนมที่ใช้แป้งข้าวเจ้าผสมกับน้ำตาลและไข่ใส่ในแบบพิมพ์เป็นรูปต่าง ๆ แล้วปิ้ง
หนมรังผึ้ง 0,น.,ขนมถังแตกไส้มะพร้าว.
หนมโรง 0,น.,"ขนมสำเร็จรูป, ขนมกรุบกรอบ."
หนมลูกครอก 0,น.,ขนมลอดช่อง.
หนมลูกโหนด 0,น.,ขนมตาล.
หนมแล็ดข้าว 0,น.,ขนมข้าวพอง
หนมแล็ดข้าว 1,น.,ขนมชนิดหนึ่งทำด้วยแป้งข้าวเจ้า คล้ายลอดช่อง แต่ตัวเล็กกว่า กินกับน้ำเชื่อม
หนมแล็ดข้าว 2,น.,ขนมข้าวพอง.
หนมหน้าทิ 0,น.,ขนมนึ่งโรยหน้ากะทิข้น.
หนมหน้านวล 0,น.,ขนมชนิดหนึ่งทำด้วยแป้งข้าวเหนียว ปั้นเป็นลูกกลม ๆ ใส่ถั่วปนมะพร้าว ใส่น้ำตาลและงา โรยแป้งมันจนขาว.
หนมหอ 0,น.,ขนมสอดไส้.
หนมหัวล้าน 0,น.,ขนมทำด้วยแป้งข้าวเหนียว ปั้นเป็นก้อนกลม สอดไส้มะพร้าว หรือถั่วเขียว ผัดน้ำตาลวางบนแผ่นใบตองตัดเป็นวงกลม แล้วนึ่งให้สุก.
หนมแห้ง 0,น.,ขนมแป้งทอดมัน รูปกลม คล้ายสะบ้า
หนมอกไก่ 0,น.,ขนมเทียนแบบมีไส้หน้ากระฉีก ห่อเป็นรูปสามเหลี่ยม.
หนมอ่าโป้ง 0,น.,ขนมชนิดหนึ่งใช้แป้งผสมกับน้ำตาลและไข่แดงทอดในกระทะ ชุบน้ำมัน แผ่ให้แผ่นแป้งกลมคล้ายกระเบื้องญวน แต่รูปวงรี ตรงกลางแผ่นใส่แป้งให้มาก แล้วทอดให้ฟู.
หนมอี๋ 0,น.,"ขนมอี๊ (จ., ภ.ก.)"
หนมอี๋ 1,น.,"ชื่อขนมคล้ายขนมบัวลอย ไม่ใส่ไข่ ไม่ใส่กะทิ ต้มกับน้ำตาล (ภ.ก., พ.ง.)"
หนมอี๋ 2,น.,"ขนมอี๋, ขนมบัวลอยจีน ใส่น้ำตาลทราย."
หนวง 0,ก.,"ถ่วง, ทำให้ช้า."
หนวง 1,ก.,"หน่วงเหนี่ยว, รั้งตัวไว้, ดึงถ่วงไว้, กักไว้."
หนวง 2,ก.,วิธีจับปูวิธีหนึ่ง โดยใช้เหยื่อล่อให้มากินแล้วค่อย ๆ ดึงขึ้นมา แล้วใช้สวิงช้อนจับ คล้ายวิธีใช้เบ็ดลาก.
หนวง 3,ว.,"ค่อย ๆ ดึงผา ๆ, ดึงไว้แต่น้อย ๆ"
หนวงหนวง 0,ว.,"ค่อย ๆ ดึงผา ๆ, ดึงไว้แต่น้อย ๆ"
หนวด 0,น.,"หนวด, ขนที่ขึ้นเหนือริมฝีปากของคน, ขนหรือสิ่งที่มีลักษณะเป็นเส้นยาว ๆ ขึ้นตามบริเวณปากของสัตว์บางชนิด."
หนวดคง 0,น.,ผมข้าวโพด.
หนวดดุก 0,น.,ชื่อไม้ล้มลุกจำพวกหญ้าชนิดหนึ่ง กอเล็ก เตี้ย ก้านใบยาวเหมือนหนวดปลาดุก.
หนวดดุก 1,น.,ปลายเชือกที่ปล่อยยาวลักษณะคล้ายหนวดปลาดุก.
หนวดแมว 0,น.,ชื่อพืชล้มลุก ต้นเตี้ย ใบเป็นหยัก ดอกมีก้านเกสร คล้ายหนวดแมว.
หนวดแมว 1,น.,ชื่อปลาน้ำจืด คล้ายปลาแขยง แต่เล็กกว่า
หนวดแมว 2,น.,ลวดสปริง.
หนวดแมว 3,น.,เวลาเย็นตอนดวงอาทิตย์ยอแสง
หนวดราม 0,น.,เชือกสำหรับผูกจอหนัง.
หนวดวัว 0,น.,เวลาเย็นตอนดวงอาทิตย์ยอแสง
หนวดสาด 0,น.,ส่วนของตอกที่เหลือจากส่วนของเสื่อที่เม้มริม.
หนวดหิน 0,น.,ชื่อเฟินชนิดหนึ่ง.
หนวน 0,น.,"เลื่อน, ยานสำหรับบรรทุกของหนัก ใช้วัวควายลาก"
หนวนช้าง 0,น.,พาหนะให้ช้างชักลาก.
หนวนช้าง 1,น.,"ทางสาธารณะระหว่างทุ่งนา (ส.ข.) หรือระหว่างหมู่บ้าน (พ.ท., น.ศ.)."
หนวนช้าง 2,น.,"ชนวน, ชื่อหินชนิดหนึ่งเป็นแผ่นบาง ๆ ซ้อนติดกันเนื้อแน่นและละเอียด มีสีต่าง ๆ กัน ตั้งแต่สีเทาไปจนถึงสีเทาแก่และสีดำ สีน้ำเงิน ที่มีสีแดง สีเขียว สีม่วง ก็มี, กระดานเขียนหนังสือ ซึ่งอาจทำด้วยไม้สมุก หรือแผ่นหินชนวน, ดินปืนที่ ใช้จุดให้ไฟลุกแล่นเข้าไปติดกับดินระเบิด, ต้นเหตุให้เกิดเรื่องอื่นต่อไป."
หนวนช้าง 3,น.,เป็นหมัน (น.ธ.).
หนวย 0,น.,เม็ดผดผื่นคันที่ขึ้นตามตัว.
หนวย 1,น.,"หน่วยก้าน, บุคลิก, ท่าที เช่น แลหนวย - ดูท่าที, ทำหนวย - วางท่า, วางมาด."
หนวยเขือ 0,น.,ชื่อเห็บชนิดหนึ่ง ตัวเท่าเมล็ดมะเขือ.
หนวยเขือ 1,น.,ชื่อปลาชนิดหนึ่ง ตัวขนาดนิ้วมือ มักใช้ทำเป็น ปลาเค็ม.
หนวยเขือ 2,น.,ชื่อข้าวพันธุ์พื้นเมือง (ก.บ.).
หนวยตา 0,น.,"นัยน์ตา, ลูกตา."
หนวยแตง 0,น.,ชื่อข้าวพันธุ์พื้นเมือง (ก.บ.).
หนวยใน 0,น.,"เมล็ด, ส่วนภายในของผลไม้ที่เพาะเป็นต้นอ่อนขึ้นได้"
หนวยใน 1,น.,ชิ้นส่วนที่อยู่ภายในของภาชนะหุงต้ม.
หนวยไม้ 0,น.,โลงศพ.
หนวยไส้เดือน 0,น.,ชื่อไม้เถาชนิดหนึ่ง (ดู คันธุลี).
หน่วยไส้เดือน 0,น.,ชื่อไม้เถาเลื้อยเกาะพันต้นไม้อื่น วงศ์ Asclepiadaceae ใบเดี่ยวเรียงตรงข้ามกัน ดอกเล็กสีขาวนวล ฝักเรียว
หนวยหนุน 0,น.,ชื่อปลาทะเลขนาดเล็กชนิดหนึ่ง ลำตัวสีเหลือง
หนวยหนุน 1,น.,ชื่อปลาทะเลขนาดเล็ก ลำตัวสีเหลือง (ดู ทับหวัน).
หนวยใหญ่ 0,ก.,ทำท่าเป็นผู้ดี ผู้ใหญ่ ผู้มีอำนาจหรือผู้มีเงิน.
หนวยใหญ่ 1,ลัก.,"ผล, ใบ, ฟอง, หน่วย, ลูก, ดวง เช่น ไขแป็ด ๒ หนวย - ไข่เป็ด ๒ ฟอง, เรียน ๒ หนวย - ทุเรียน ๒ ผล"
หนวยใหญ่ 2,ลัก.,หลัง เช่น เริน ๒ หนวย - เรือน ๒ หลัง.
หนวยใหญ่ 3,ลัก.,ซี่ เช่น ฟัน ๒ หนวย - ฟัน ๒ ซี่.
หนหมาน 0,น.,หนุมาน.
หนอ 0,น.,"หน่อ, พืชที่งอกจากกอหรือเหง้าของต้นใหญ่."
หน้อ 0,ก.,"จิ้ม, ชุบ (ดู เหนาะ ก.)."
หน้อ 1,ก.,"จิ้ม, ชุบ เข่น เหนาะน้ำชุบ - จิ้มน้ำพริก"
หนอก 0,น.,ก้อนเนื้อที่นูนขึ้นมาเหนือคอคนหรือวัวควาย
หนอก 1,น.,ก้อนเนื้อที่นูนขึ้นมาเหนือคอคนหรือวัวควาย (ดู ป็อม).
หนอขา 0,น.,หน่อของต้นข่า.
หนอง 0,น.,"แอ่งน้ำ, หนองน้ำ"
หนอง 1,น.,"น้ำหนอง, น้ำเลือดเสียกลายเป็นสีขาวข้นอยู่ตามแผลและฝี."
หนอง 2,ก.,สนองตอบ.
หนอด 0,น.,ล็อตเตอรี่
หนอด 1,น.,"น็อต, เครื่องตรึงหรือขันสิ่งอื่นให้แน่น ประกอบด้วยแท่งและแป้นโลหะ ตัวที่เป็นแท่งมีปลายข้างหนึ่งเป็นปม อีกข้างหนึ่งมีเกลียวด้านนอกเรียก “ น็อตตัวผู้ ” และตัวที่เป็นแป้นมีลักษณะเป็นเหลี่ยมมีรูตรงกลางและมีเกลียวด้านใน เรียก “ น็อตตัวเมีย ”"
หนอด 2,น.,ล็อตเตอรื่ (ดู น้อตตะลี).
หนอถัว 0,น.,ถั่วงอก
หนอทือ 0,น.,หน่อของต้นกระทือ.
หนอน 0,น.,"หนอน, ชื่อสัตว์ไม่มีกระดูกสันหลังที่มีลำตัวยาว อ่อนนุ่ม ไม่มีรยางค์."
หนอนขน 0,น.,หนอนผีเสื้อ มีขนปกคลุมเต็มลำตัว เมื่อถูกเข้าจะปล่อยน้ำพิษ ทำให้เกิดอาการแสบร้อนและคัน
หนอนขี้วัว 0,น.,ชื่อแมลงปีกแข็งชนิดหนึ่ง ชอบอาศัยในกองขี้วัว ขี้ควาย
หนอนจาก 0,น.,หนอนที่กินจากมุงหลังคา ตัวยาวราว ๑ - ๒ เซนติเมตร หัวสีดำ ตัวมีเปลือกหุ้มค่อนข้างแข็ง.
หนอนตายอยาก 0,น.,ชื่อไม้เถาชนิดหนึ่ง ขึ้นตามดินหรือพาดพันไม้อื่นใบโต ปลายใบเรียวแหลมคล้ายพลู.
หนอนเต้น 0,น.,ลูกน้ำ (ภ.ก.).
หนอนทราย 0,น.,หนอนที่อาศัยอยู่ในดินปนทราย ตัวสีขาว ขนาดใหญ่กว่าหนอนธรรมดา ลักษณะคล้ายนางพญาปลวก มีหัวสีน้ำตาลแกมดำ.
หนอนท้อนรอก 0,น.,หนอนขนาดใหญ่ ตัวยาว ขนสีเทา มีแถบดำที่คอ มีพิษแรงมาก
หนอนแมงวัน 0,น.,ตัวหนอนที่เจริญไปเป็นแมลงวันโดยทั่วไปอยู่ตามสัตว์เน่า เช่น ปลาเน่า ไก่เน่า เป็นต้น.
หนอนรอก 0,น.,หนอนขนาดใหญ่ ตัวยาว ขนสีเทา มีแถบดำที่คอ มีพิษแรงมาก
หนอนร่าน 0,น.,หนอนผีเสื้อ มีขนปกคลุมเต็มลำตัว เมื่อถูกเข้าจะปล่อยน้ำพิษ ทำให้เกิดอาการแสบร้อนและคัน
หนอนลูกหมา 0,น.,หนอนขนาดใหญ่ ตัวอ้วนกลม มีสีเขียว ตาโต.
หนอปุด 0,น.,หน่อของต้นปุด.
หนอม 0,ก.,"ถนอม, คอยระวังประคับประคองไว้ให้ดี, ใช้อย่างระมัดระวังเพื่อไม่ให้เสียหรือหมดสภาพเร็ว, เก็บไว้อย่างดี."
หนอย 0,น.,"มดตะนอย, ชื่อมดหลายสกุล ทุกชนิดมีอวัยวะสำหรับต่อย ปล่อยน้ำพิษทำให้เจ็บปวดได้ ที่พบทั่วไป มีลำตัวยาว ๑ - ๑.๒ เซนติเมตร สีดำ ทำรังอยู่เป็นฝูงตามกอหญ้าใต้ก้อนหินหรือใต้ดินที่ชื้นต่าง ๆ."
หนอย 1,น.,"ฝีตะมอย, ชื่อฝีชนิดหนึ่งขึ้นที่ปลายนิ้ว เกิดจากการติดเชื้อแบคทีเรียก่อหนอง."
หนอย 2,ว.,"นิด ๆ, เบา ๆ, ค่อย ๆ เช่น ทำหนอย ๆ - ทำเบา ๆ."
หน้อยหน้อย 0,ว.,ทำพลางเล่นพลาง.
หน้อยหน้อย 1,ว.,เสียงขับร้องเช่นนั้น.
หนอหวาน 0,น.,"หน่อของกระวาน, ต้นกระวานอ่อน."
หนอหวาน 1,น.,"เหล่ากอ, เชื้อสาย."
หนอแหนะ 0,น.,หน่อไผ่ที่โค่นต้นแม่.
หนะ 0,น.,แปลงตกกล้าบนที่ดอน (ภ.ก.).
หนะ 1,ก.,"จุกแน่น, อาเจียน."
หนะพุง 0,ว.,ท้องอืด
หนะพุง 1,ก.,ท้องอืด.
หนัก 0,น.,"ตำหนัก, เรือนของเจ้านาย, สำนัก, ที่พัก."
หนัก 1,ว.,"มีน้ำหนักมาก, แรง, รุนแรง, มาก เช่น หนักแรง - มากเกินไป หรือมากเหลือเกิน, หนักท้อง - ยังอิ่มอยู่, หนักมือ - แรงเกินไปหรือกำเริบ."
หนัก 2,ว.,"นาน ใช้กับพืชผลที่ปลูกใช้เวลานานกว่าธรรมดาจึงจะได้ผล เช่น พร้าวหนัก, ตอหนัก เป็นต้น"
หนักทอง 0,น.,ครูหมอหนังตะลุงคนหนึ่ง.
หนักแบ็ดหัว 0,สำ.,"ธุระไม่ใช่, หนักใจ."
หนักหน้า 0,สำ.,"รับเคราะห์, รับภาระหนัก"
หนักหน้า 1,สำ.,รับภาระหนัก.
หนักหัว 0,ก.,ปวดศีรษะ.
หนักหู 0,ก.,"หนวกหู, รู้สึกรำคาญเพราะเสียงเซ็งแซ่ อื้ออึง"
หนัง 0,น.,"ผิวหนัง, ส่วนของร่างกายที่หุ้มเนื้ออยู่, หนังสัตว์ที่เอามาทำเป็นของใช้หรือเป็นอาหาร."
หนัง 1,น.,หนังตะลุง
หนัง 2,น.,"ภาพยนตร์, ภาพฉายด้วยเครื่องทำให้เห็นเป็นภาพเคลื่อนไหวได้"
หนัง 3,ว.,"นำหน้าชื่อนายหนังตะลุง เช่น หนังพร้อม - นายหนังพร้อม, หนังสา - นายหนังสามารถ ศ. เคล้าน้อย."
หนัง 4,ว.,"ดัง เช่น หนังใจ - ดังใจ, หนังนึก - ดังใจนึก, หนังว่า - ดังว่า."
หนังกะละ 0,น.,"ภาพยนตร์, ภาพฉายด้วยเครื่องทำให้เห็นเป็นภาพเคลื่อนไหวได้"
หนังกินเหนียว 0,น.,ช่วงเวลาที่หนังตะลุงพักครึ่งเวลา ประมาณ ๐๒.๐๐ นาฬิกา.
หนังกิหละ 0,น.,"ภาพยนตร์, ภาพฉายด้วยเครื่องทำให้เห็นเป็นภาพเคลื่อนไหวได้"
หนังควน 0,น.,หนังตะลุง
หนังควาย 0,น.,หนังตะลุง
หนังฉาย 0,น.,"ภาพยนตร์, ภาพฉายด้วยเครื่องทำให้เห็นเป็นภาพเคลื่อนไหวได้"
หนังญี่ปุ่น 0,น.,"ภาพยนตร์, ภาพฉายด้วยเครื่องทำให้เห็นเป็นภาพเคลื่อนไหวได้"
หนังตามนามเมือง 0,น.,ช่วงเวลาที่นายหนังตะลุงบรรยายลักษณะทั่วไปของเมือง ความเจริญ การปกครอง ความทุกข์สุขของราษฎร เป็นต้น ประมาณ ๒๒.๓๐ นาฬิกา.
หนังผรัง 0,น.,"ภาพยนตร์, ภาพฉายด้วยเครื่องทำให้เห็นเป็นภาพเคลื่อนไหวได้"
หนังพอเริ่มรอบสอง 0,น.,ช่วงเวลาที่หนังตะลุงเริ่มเล่นเรื่องหลังพักครึ่งเวลาประมาณ ๐๒.๓๐ นาฬิกา.
หนังพักเที่ยง 0,น.,ช่วงเวลาที่หนังตะลุงพักครึ่งเวลา ประมาณ ๐๒.๐๐ นาฬิกา.
หนังเริ่มเล่นเรื่อง 0,น.,ช่วงเวลาที่หนังตะลุงเริ่มเล่นเรื่อง ประมาณ ๒๒.๓๐ นาฬิกา.
หนังลุง 0,น.,หนังตะลุง
หนังเลิก 0,น.,ช่วงเวลาที่หนังตะลุงจบการแสดงตอนรุ่งสาง ประมาณ ๐๕.๓๐ - ๐๖.๐๐ นาฬิกา.
หนังวัวแหง 0,น.,หนังตะลุง
หนังแห้ง 0,น.,หนังตะลุง
หนังโหม้ง 0,น.,หนังตะลุง
หนังออกรูปโค 0,น.,ช่วงเวลาที่นายหนังตะลุงว่าบทพากย์เป็นคำฉันท์ เป็นการไหว้ครู ประมาณ ๒๒.๐๐ นาฬิกา.
หนังออกรูปหน้าบท 0,น.,ช่วงเวลาที่นายหนังตะลุงใช้รูปหนังชายหนุ่มทรงเครื่องกษัตริย์ทำหน้าที่เป็นตัวแทนนายหนังว่าบทขอที่ตั้งโรง ประมาณ ๒๒.๐๐ - ๒๒.๓๐ นาฬิกา.
หนังออกรูปอิศวร 0,น.,ช่วงเวลาที่นายหนังตะลุงว่าบทพากย์เป็นคำฉันท์ เป็นการไหว้ครู ประมาณ ๒๒.๐๐ นาฬิกา.
หนัด 0,น.,สับปะรด (เทียบ ม. nanas)
หนัด 1,น.,สับปะรด (ดู ย่าหนัด).
หนัด 2,ก.,"ถนัด, สันทัด, ชำนาญ เช่น หนัดมือ - ถนัดใช้มือ."
หนัด 3,ว.,"แรง, ใช้กำลังกระทำถึงขีด เช่น ทุบหนัด - ตีแรง."
หนัด 4,ว.,มาก เช่น กินหนัด - กินมาก
หนัด 5,ว.,"ชำนาญ เช่น หนัดปืน - ชำนาญปืน, แม่นปืน."
หนัดเสือ 0,ว.,มาก เช่น กินหนัด - กินมาก
หนัดเหนียง 0,ว.,"มากมาย, อย่างแรง, อย่างจัง เช่น ดนตรีวงนี้เล่นหรอย คนมาแลกันหนัดเหนียน - ดนตรีคณะนี้แสดงดี คนมาดูกันมากมาย"
หนัดเหนียว 0,ว.,"มากมาย, อย่างแรง, อย่างจัง เช่น ดนตรีวงนี้เล่นหรอย คนมาแลกันหนัดเหนียน - ดนตรีคณะนี้แสดงดี คนมาดูกันมากมาย"
หนัน 0,น.,"ขนัน, พืชชนิดหนึ่งคล้ายขนุน แตกต่างกันเฉพาะยวง ยวงของขนันติดไส้ใน ผลคล้ายยวงของจำปาดะ."
หนัน 1,ว.,สนั่น.
หนับ 0,ว.,เหนอะหนะ.
หนับเพลา 0,น.,"สนับเพลา, กางเกงในมีขายาวประมาณครึ่งแข้ง แล้วนุ่งผ้าโจงกระเบนทับอย่างตัวละคร"
หนับเพลา 1,น.,กางเกง
หนับมือ 0,น.,"สนับมือ, เครื่องสวมมือมักทำด้วยทองเหลือง เป็นรูปเหมือนแหวน ๔ วงติดกัน สำหรับสวมนิ้วมือเวลาชก"
หนา 0,น.,"ตะกร้า (จ., ภ.ก.)."
หนา 1,ว.,ไม่บาง.
หน้า 0,น.,"ใบหน้า, ส่วนของศีรษะตั้งแต่หน้าผากลงมาจดคาง, ซีกของกายที่ตรงข้ามกับหลัง"
หน้า 1,น.,ด้านของสิ่งใดสิ่งหนึ่งที่อยู่ตรงข้ามกับสายตาของเราหรือด้านที่เผชิญหน้ากับสายตาของเรา.
หน้า 2,น.,ส่วนบนของบางสิ่ง เช่น หน้าหนม - หน้าขนม.
หน้า 3,น.,"ช่วงเวลา, ฤดูกาล."
หนาก 0,น.,"ปลาฉนาก, ชื่อปลาทะเลขนาดใหญ่ เป็นปลากระดูกอ่อน มีเหงือก ๔ คู่อยู่ส่วนหัว บริเวณปลายสุดของหัวมีแผ่นกระดูกยื่นยาวมาก ขอบทั้ง ๒ ข้าง มีซี่กระดูกแข็งคล้ายฟันเรียงห่างกันอย่างสมํ่าเสมอ ข้างละ ๑ แถวโดยตลอด."
หนาก 1,ว.,"เกิน, พ้น, ลักษณะที่มีมากกว่าหรือยิ่งกว่ากำหนด."
หน้าการหน้างาน 0,น.,ฤดูที่ต้องทำงาน เช่น ฤดูทำนา ฤดูเกี่ยวข้าว.
หน่ากิ๋ว 0,น.,"บาสเกตบอล (จ., ภ.ก.)."
หน้าเก็บ 0,น.,ช่วงเวลาที่ชาวนาเก็บเกี่ยวข้าวในนา ประมาณ เดือนมีนาคม - เมษายน.
หน้าเก็บข้าว 0,น.,ช่วงเวลาที่ชาวนาเก็บเกี่ยวข้าวในนา ประมาณ เดือนมีนาคม - เมษายน.
หน้าข้าว 0,น.,ช่วงเวลาที่ชาวนาเก็บเกี่ยวข้าวในนา ประมาณ เดือนมีนาคม - เมษายน.
หน้าขี้ 0,น.,หน้าเหม็น.
หนาง 0,ก.,หมักหรือดองให้มีรสเปรี้ยวด้วยเกลือ และน้ำตาล มักใช้กับเนื้อวัวและเนื้อหมู เรียก หนางวัว หรือหนางหมู
หนาง 1,น.,ชื่ออาหารชนิดหนึ่ง โดยใช้เนื้อหมูหรือเนื้อวัวมาหมักหรือดองจนเกิดรสเปรี้ยว เรียก หนางหมู หรือหนางวัว.
หนาง 2,ก.,หมักหรือดองอาหารจำพวกเนื้อให้มีรสเปรี้ยว มักใช้กับเนื้อวัวหรือเนื้อหมู เรียกว่า ใสหนาง.
หน้าชิง 0,น.,หน้าผาของภูเขาที่ลาดชัน.
หนาด 0,ก.,"นวยนาด, กรายแขน, ทอดแขนให้อ่อนงาม"
หนาด 1,น.,"ต้นหนาด, ชื่อไม้พุ่มชนิดหนึ่ง ใบใหญ่ มีขน กลิ่นฉุน ใช้ทำยาได้ เชื่อกันว่าผีกลัว."
หนาด 2,น.,"นอต, เครื่องตรึงหรือขันสิ่งอื่นให้แน่น ประกอบด้วยแท่งและแป้นโลหะ"
หนาด 3,ก.,นวยนาด (ดู นาด ก.).
หนาด 4,ว.,"ขนาด, ประมาณรูปหรือน้ำหนักของต่าง ๆ, อัตราหรือเกณฑ์ที่กำหนดไว้."
หนาด 5,ว.,คาด เช่น หนาดว่า - คาดว่า.
หนาด 6,ว.,เกินไป.
หนาดงัว 0,น.,ชื่อไม้พุ่มชนิดหนึ่ง ใบรูปไข่ขอบจักรห่าง ๆ ดอก สีม่วงอ่อน มี ๒ ชนิด คือ ขรูนา ใช้ทำยาสมุนไพร และขรูเล มีลูกกินได้
หนาดวัว 0,น.,ชื่อไม้พุ่มชนิดหนึ่ง (ดู ขรู).
หน้าด่านหลบ 0,น.,เกล็ดใหญ่หลังแข้งไก่ที่รายเรียงย้อนลงมา.
หน้าดำ 0,น.,ช่วงเวลาที่ ชาวนาปักดำต้นกล้า ประมาณเดือนพฤศจิกายน - ธันวาคม.
หน้าต้ม 0,น.,ช่วงเวลาเทศกาลชักพระ.
หน้าตอก 0,น.,ช่วงเวลาเทศกาลเข้าพรรษา.
หน้าตอกหน้าต้ม 0,น.,เทศกาลที่มีของกินในวัดเหลือเฟิอ เนื่องจากตรงกับช่วงเทศกาลเข้าพรรษาถึงเทศกาลชักพระ.
หนาน 0,น.,ผาที่มีน้ำตก.
หนาน 1,ก.,ขนานกันไป.
หนาน 2,ลัก.,"ขนาน, ชนิด, วิธี."
หน้าน้ำนอง 0,น.,ช่วงเวลาในฤดูฝนหลังจากฝนตกหนักจนมีท่วมขังตามพื้นที่ต่าง ๆ ประมาณเดือนพฤศจิกายน - ธันวาคม
หน้าน้ำนอง 1,น.,ช่วงเวลาในฤดูฝน หลังจากที่ฝนตกหนักจนมีน้ำท่วมขังตามพื้นที่ต่าง ๆ ประมาณเดือนพฤศจิกายน - ธันวาคม.
หน้าน้ำพ่า 0,น.,ช่วงเวลาในฤดูฝนหลังจากฝนตกหนักจนมีท่วมขังตามพื้นที่ต่าง ๆ ประมาณเดือนพฤศจิกายน - ธันวาคม
หน้าน้ำพ่า 1,น.,ช่วงเวลาในฤดูฝน หลังจากที่ฝนตกหนักจนมีน้ำท่วมขังตามพื้นที่ต่าง ๆ ประมาณเดือนพฤศจิกายน - ธันวาคม.
หน้าน้ำหน้าไฟ 0,น.,รูปหนังตะลุงของภาคใต้ส่งทะเลตะวันตก ซึ่งจะออกก่อนรูปอื่น ทำเป็นรูปพระราม (หน้าน้ำ) อยู่ด้านขวา รูปทศกัณฐ์ (หน้าไฟ) อยู่ด้านซ้าย รูปฤๅษี (ท้าวมาลีวราช) อยู่ตรงกลาง (ภ.ก.).
หนาแน่นแก่นเคี่ยม 0,สำ.,"หนักมาก, หนักเกินกำลัง (ภ.ก.)."
หนาบ 0,ก.,"ทาบ, วางวัตถุสิ่งหนึ่งแนบกับอีกสิ่งหนึ่ง เช่น หนาบข้าง - ทาบด้านข้าง."
หนาบ 1,ก.,"ขนาบ, ประกบเข้าให้แน่น เช่น หนาบหน้า - ขนาบหน้า."
หนาบ 2,ก.,"บังคับ, ควบคุม, ดุดันเอา เช่น คอยหนาบเด็กคนนี้ไว้หมั้ง – คอยควบคุมเด็กคนนี้ไว้บ้าง."
หนาบควาย 0,น.,ชื่องูชนิดหนึ่ง ลำตัวยาวมาก มีริ้วสีดำเหลือง ขนานไปตามลำตัว.
หนาบควาย 1,น.,กระดูกโปนบนหลังควาย อยู่ตรงแนวขาหน้า.
หนาบตาล 0,น.,วิธีทำน้ำตาลโดยการหนับงวงตาล.
หนาบตาล 1,น.,ประกอบอาชีพทำน้ำตาล.
หน้าปราบ 0,น.,หน้าผา.
หน่าปวด 0,น.,"ฝรั่ง (ผลไม้) (จ., ภ.ก.)."
หน้าผ้า 0,น.,ผ้าห้อยหน้ามโนราห์
หน้าเพลา 0,น.,"สนับเพลา, กางเกงในมีขายาวประมาณครึ่งแข้ง แล้วนุ่งผ้าโจงกระเบนทับอย่างตัวละคร"
หน้าเพลา 1,น.,สนับเพลา (ดู หนับเพลา น. ๑.).
หน้าเพลิง 0,น.,ด้านหน้าของกลักไม้ขีดไฟซึ่งมีชนวนไฟทำให้ไฟติด เมื่อใช้ส่วนหัวของก้านไม้ขีดไฟขีดลงไป.
หน้าโพ 0,น.,หน้าผาก.
หนาม 0,น.,"หนาม, ส่วนแหลม ๆ ที่งอกออกจากกิ่งไม้ เป็นต้น."
หนาม 1,น.,ชื่อผักชนิดหนึ่ง ขึ้นริมน้ำ.
หนาม 2,ว.,"จุใจ, มากพอกับความต้องการ, ได้ดังใจ."
หนามงับ 0,น.,"ต้นไมยราบ, ชื่อไม้ล้มลุก ใบคล้ายใบกระเฉด เมื่อถูกกระเทือนก็หุบราบไป"
หนามงับ 1,น.,หญ้าไมยราบ.
หนามยาว 0,สำ.,"มีเล่ห์เหลี่ยม, มีฝีมือ."
หนามรอบตัว 0,น.,"ต้นพุงดอ, ชื่อไม้พุ่มรอเลื้อย มีหนามตามข้อ ราก และลำต้นใช้ทำยาได้"
หนามรอบตัว 1,น.,ต้นพุงดอ (ดู เค็ด).
หนามระงับ 0,น.,"ต้นไมยราบ, ชื่อไม้ล้มลุก ใบคล้ายใบกระเฉด เมื่อถูกกระเทือนก็หุบราบไป"
หนามหมอ 0,น.,ต้นเหงือกปลาหมอ มี ๒ ชนิด คือ หนามหมอแดง และหนามหมอขาว ใช้เป็นยาสมุนไพร.
หนาย 0,น.,"ขนาย, งาช้างพัง."
หนาย 1,ก.,"หน่าย, เบื่อ, จืดจาง, คลายจากความพัวพัน, คลายจากความรัก."
หนายหมูน 0,น.,ผีเจ้าที่ (ดู นายหมูน).
หน้าใย 0,น.,นางงาม
หน้าเรียน 0,น.,ช่วงเวลาที่ทุเรียนสุก.
หน้าลังคุด 0,น.,ช่วงเวลาที่มังคุดสุก.
หน้าลังสาด 0,น.,ช่วงเวลาที่ลางสาดสุก.
หน้าลูกเงาะ 0,น.,ช่วงเวลาที่เงาะสุก.
หน้าลูกหม่าย 0,น.,ช่วงเวลาที่ผลไมในท้องถิ่นสุกทั่วกัน ประมาณเดือนสิงหาคม - กันยายน.
หน้าลูกหม่าย 1,ว.,"ถัดไป, ข้างหน้า, ภายหน้า."
หน้าวหน้าว 0,ว.,"พะเยิบพะยาบ, สั่นรัว ๆ (ใช้กับสะพานต้นไม้ ฯลฯ) (ภ.ก.)."
หน้าสว่าง 0,น.,ช่วงเวลาก่อนดวงอาทิตย์ขึ้นเล็กน้อย (น.ธ.).
หน้าหญุม 0,ว.,หน้าบึ้ง (น.ธ.).
หน้าหมัง 0,ก.,การข้ามฟากแม่น้ำ ลำคลอง หรือช่องแคบ ด้วยเรือหรือแพ (น.ธ.).
หน้าหระ 0,ว.,ใบหน้าขรุขระ.
หน้าหลาก 0,น.,หน้าผา.
หน้าหาย 0,ว.,หน้าเสีย (ภ.ก.).
หน้าหุ้มกลอง 0,น.,หน้าจั่ว.
หน้าอุด 0,น.,ผนังโลงศพด้านหัวและด้านเท้า (ภ.ก.).
หนำ 0,น.,"ขนำ, กระท่อมชั่วคราวในทุ่งนา ในสวน"
หนิด 0,ว.,"คุ้นเคย, สนิท, สนิทใจ."
หนิม 0,น.,"สนิม, ส่วนของผิวโลหะที่แปรสภาพไปจากเดิม เนื่องด้วยปฏิกิริยาเคมีเป็นเหตุให้เกิดการผุกร่อน"
หนิม 1,น.,"จุดหรือรอยผื่นสีคลํ้า ๆ บนใบหน้า, จุดด่างดำบนใบหน้า."
หนิม 2,ว.,"สงบเสงี่ยม, อายเหนียม"
หนี้ 0,น.,"หนี้, เงินที่ผู้หนึ่งติดค้างอยู่จะต้องใช้ให้แก่อีกผู้หนึ่ง, หนี้สิน"
หนี่ก๊อ 0,น.,"แม่ชี (จ., ภ.ก.)."
หนีหัวตรง 0,สำ.,ยอมแพ้คู่ต่อสู้อย่างฉับพลันโดยไม่แสดงอาการให้รู้ล่วงหน้า.
หนึก 0,ว.,เป็นไตสุก ๆ ดิบ ๆ เช่น ข้าวหนึก – ข้าวที่หุงสุก ๆ ดิบ ๆ
หนืด 0,ว.,เป็นไตสุก ๆ ดิบ ๆ เช่น ข้าวหนึก – ข้าวที่หุงสุก ๆ ดิบ ๆ
หนืดหนืด 0,ว.,เป็นไตสุก ๆ ดิบ ๆ เช่น ข้าวหนึก – ข้าวที่หุงสุก ๆ ดิบ ๆ
หนุก 0,ว.,"สนุก, เพลินใจ, ให้ความเบิกบานใจ."
หนุน 0,น.,"ถนน, หนทางที่ทำขึ้น"
หนุน 1,น.,"ขนุน, ชื่อไม้ต้นขนาดกลางถึงขนาดใหญ่ มีน้ำยางขาว ผลกลมยาวประมาณ ๒๐ – ๕๐ เซนติเมตร ภายนอกเป็นหนามถี่ ภายในมียวงสีเหลีอง หรือสีจำปา รสหวานกินได้"
หนุน 2,น.,ถนน (ดู หนน).
หนุน 3,ก.,"หนุน, ดันให้สูงขึ้น, รองให้สูงขึ้น."
หนุน 4,ก.,สนับสนุน.
หนุนจำดะ 0,น.,"ขนุน, ชื่อไม้ต้นขนาดกลางถึงขนาดใหญ่ มีน้ำยางขาว ผลกลมยาวประมาณ ๒๐ – ๕๐ เซนติเมตร ภายนอกเป็นหนามถี่ ภายในมียวงสีเหลีอง หรือสีจำปา รสหวานกินได้"
หนุนทอง 0,น.,สับปะรด (เทียบ ม. nanas)
หนุนทอง 1,น.,ขนุนชนิดหนึ่ง เนี้อเหลือง รสเข้ม.
หนุนทอง 2,น.,สับปะรด.
หนุนปาน 0,น.,ชื่อไม้ต้นขนาดใหญ่ จำพวกขนุนป่า ผลกลม ๆ มีหนามอย่างขนุน กินไม่ได้ ใบคล้ายสาเก.
หนุนปุด 0,น.,ขนุนชนิดหนึ่งเนื้อเละ
หนุนเปียก 0,น.,ขนุนชนิดหนึ่งเนื้อเละ
หนุนเปียก 1,สำ.,ใช้ล้อเลียนเด็กผู้หญิงที่มีรูปร่างอ้วน.
หนุนหนัง 0,น.,ขนุนชนิดหนึ่งเปลือกหนา หนามสั้น.
หนุนอ้อง 0,น.,ชื่อข้าวพันธุ์พื้นเมือง.
หนุนเอี้ยง 0,น.,ชื่อข้าวพันธุ์พื้นเมือง.
หนุม 0,น.,"ขนม, ของกินที่ไม่ใช่กับข้าว มักปรุงด้วยแป้ง หรือข้าวกับกะทิหรือ น้ำตาล, ของหวาน"
หนุม 1,น.,ดินและหญ้าที่เกาะตัวกันแน่นลอยอยู่เหนือผิวน้ำ (ดู ตึก).
หนุม 2,น.,ขนม (ดู หนม น. ๒.).
หนุม 3,ว.,"หนุ่ม, เรียกชายที่ยังดูไม่แก่ตามวัย."
หนุมกรวย 0,น.,ขนมทำด้วยแป้งข้าวเจ้าผสมกะทิ และน้ำตาลห่อด้วยใบตองทำเป็นรูปกรวย ใส่หน้ากะทิแล้วนึ่งให้สุก.
หนุ่ย 0,สรรพ.,"สรรพนามใช้แทนตัวเองของผู้หญิงที่มีอายุอ่อนกว่า, สรรพนามที่ใช้เรียกชื่อผู้อ่อนอาวุโสกว่า (เทียบกับคำว่าหนู)"
หนุ่ย 1,ว.,เล็ก เช่น ลูกคนหนุ่ย - ลูกคนเล็ก.
หนุ้ย 0,น.,ผีบรรพบุรุษ
หนุ่ยน้ำพริก 0,สำ.,ตัวเล็กแต่ใจสู้.
หนู 0,น.,"หนู, ชื่อสัตว์เลี้ยงลูกด้วยนม มีฟันแทะ มีอยู่ทั่วไปตามบ้านเรือนและในถิ่นธรรมชาติ มีหลายชนิด เช่น หนูพุก, หนูผี เป็นต้น."
หนู้ 0,ว.,โน่น เช่น อยู่นู้โน้น - อยู่โน่นแน่ะ
หนู้ 1,ว.,โน่น (ดู นู้).
หนูถีบจักร 0,น.,หนูตะเภา.
หนูนุ้ย 0,น.,ชื่อตัวตลกหนังตะลุง หน้าคล้ายวัว อุปนิสัยขี้ขลาด ไม่ฉลาด มักจะแสดงคู่กับไอ้เท่ง
หนูนุ้ย 1,น.,ชื่อตัวตลกหนังตะลุง (ดู นุ้ย).
หนูผี 0,น.,ชื่อสัตว์ชนิดหนึ่ง คล้ายหนู กลิ่นสาบมาก
หนูผี 1,สำ.,เรียกผู้ที่มีกลิ่นตัวแรง.
หนูผี 2,น.,ชื่อหนูชนิดหนึ่ง ตัวเล็ก หน้าแหลม สีเทาดำ กลิ่นสาบมาก (น.ศ.).
หนูหนี 0,ว.,"เสียงบ่น, เสียงคุยกะหนุงกะหนิง (ภ.ก., พ.ง.)"
หนูหนี 1,ว.,เสียงคุยกระหนุงกระหนิง (ดู ถู่ถี่).
หนูหริ้ง 0,น.,หนูชนิดหนึ่ง ตัวเล็ก.
หนูหริ้ง 1,น.,ชื่อหนูชนิดหนึ่ง ตัวเล็ก
หบ 0,ก.,"สงบลง, สร่าง เช่น ไข้หงบ - สร่างไข้"
หบ 1,ก.,สงบลง (ดู หงบ).
หม 0,น.,"ผักขม, ชื่อไม้ล้มลุก มีหลายชนิด เช่น ผักขมหนาม ผักขมสวน เป็นต้น"
หม 1,ก.,"ห่ม, เอาผ้าคลุมตัว."
หม 2,ก.,"ขย่ม, ใช้น้ำหนักตัวกดลง แล้วยกตัวขึ้นแล้วกลับกดลงอีกซ้ำ ๆ กัน"
หม 3,ก.,"ใส่, สวม, นุ่ง."
หมก 0,น.,"ไม้เรียว, บางถิ่นใช้เรียกเฉพาะไม้เรียวตีวัวควายเท่านั้น."
หมก 1,น.,ชื่อปลาทะเลชนิดหนึ่ง ตัวโตกว่าปลากระบอก.
หมก 2,น.,ปม เช่น ช่อหมก - ผูกปม.
หมก 3,น.,ชื่อมีดชนิดหนึ่ง.
หมก 4,น.,กระบังลม.
หมก 5,น.,"หัวเหง้า, ลำต้นที่อยู่ใต้ดินของพืชบางชนิด เช่น หมกพร้าว - หัวเหง้ามะพร้าว"
หมก 6,น.,"ต้นวงค์, ตระกูล, เหง้า (ช.พ.)"
หมโคน 0,ก.,เขย่าหรือโยกโคนต้นไม้เพื่อให้ผลหล่นลงมา โดยปริยายหมายถึง การพูดยุแหย่ให้เกิดความโมโห ขาดสติ แล้วเปิดเผยความลับออกมา.
หมง 0,น.,"อุโมงค์, ทางใต้ดิน."
หมง 1,น.,รังปลวก.
หมง 2,ก.,"ทรงตัว, ตั้งให้ตรง (ดู หฺมฺรง ก.)."
หมง 3,ว.,ตะคุ่ม (ดู หรุม).
หมง 4,ก.,"ทำให้ระดับสมดุล, ทรงตัว, ตั้งให้ตรง"
หม้ง 0,ว.,"โดดเดี่ยว, ซึม เช่น นั่งหม้ง – นั่งโดดเดี่ยวเซื่องซึม."
หม้ง 0,ว.,"ตะคุ่ม, ที่เห็นเป็นเงาดำ ๆ เพราะอยู่ในที่ หรือในระยะที่เห็นไม่ถนัด"
หมจุกอก 0,ก.,ห่มผ้า เอาชายผ้ามาจุกไว้ที่หน้าอก.
หมช่อคอ 0,ก.,ห่ม ตะแบงมาน ห่มโดยคาดผ้าอ้อมตัว แล้วเอาชายทั้ง ๒ ไขว้ไปผูกที่ต้นคอ
หมช่อพายเหน้ง 0,ก.,ห่มพาดเฉียง โดยใช้ชายผ้าผูกกันที่สะเอว.
หมด 0,ก.,"สิ้น, ไม่มี."
หมดเคลื่อม 0,ว.,"หมดไม่เหลือเลย, หมดเกลี้ยง."
หมดฉาด 0,ว.,"หมดไม่เหลือเลย, หมดเกลี้ยง."
หมดวัน 0,น.,"ช่วงเวลาที่ดวงอาทิตย์ลับขอบฟ้า, ใกล้ค่ำ."
หมน 0,น.,สีหม่น.
หมน 1,น.,ชื่อไม้ยืนต้น คล้ายกระท่อมแต่มียาง.
หมน 2,น.,ตะกอน (ดู หมวน น. ๑.).
หมน 3,ก.,"ทำให้ระดับสมดุล, ทรงตัว, ตั้งให้ตรง"
หมน 4,ก.,ยกลงโดยวิธีค่อย ๆ ประคับประคองลง.
หมน 5,ก.,"บ่ง, ใช้ของแหลม ๆ แทงที่เนื้อ เพื่อเอาหนามเป็นต้นที่ฝังอยู่ในเนื้อหรือหนองออก."
หมน 6,ว.,"ดำรง, ค้ำจุน."
หมน 7,น.,"ตะกอน, สิ่งที่ละลายปนอยู่ในน้ำแล้วตกจมลงนอนก้นภาชนะ"
หมนม 0,ก.,ห่มผ้ารัดอก โดยใช้ชายผ้ามาจุกไว้ใต้รักแร้
หมบ 0,น.,ชื่อแกงชนิดหนึ่ง ใช้มะเขือยาวผ่าตามยาว แล้วใส่เครื่องแกงเข้าไปในรอยผ่า ใส่น้ำกะทิ ต้มให้สุก เรียกแกงชนิดนี้ว่า เขือมบ การแกงเช่นนี้เรียกว่า มบลูกเขือ.
หมผ้าเฉียง 0,ก.,ห่มสไบเฉียง.
หมวก 0,น.,"หมวก, เครื่องสวมศีรษะมีรูปต่าง ๆ เพื่อเป็นเครื่องประดับหรือกันแดดกันฝน."
หมวกแจว 0,น.,ไม้ที่สวมหัวแจวสำหรับจับ.
หมวกสองลอน 0,น.,หมวกปีกที่มียอดเป็นกระโจมคู่.
หมวกสองลอน 1,สำ.,อวัยวะเพศชาย.
หมวกสองลอน 2,น.,อวัยวะเพศชาย
หมวด 0,น.,ชื่อปลาน้ำจืดชนิดหนึ่ง มีเกล็ดขนาดใหญ่ คล้ายปลายี่สก อยู่ในลำธารแถบเชิงเขา
หมวด 1,น.,ชื่อปลาน้ำจืดมีเกล็ดชนิดหนึ่ง (ดู แงะ น. ๒.).
หมวด 2,น.,"ผักแนม, ผักที่จัดไว้เป็นคำ ๆ."
หมวด 3,น.,"หมวดหมู่, กลุ่ม, พวก."
หมวด 4,สรรพ.,เรียกตำรวจ ทหาร ที่มียศระดับนายร้อย.
หมวด 5,ก.,"ขมวด, บิดม้วนแล้วขอดให้เป็นปม."
หมวด 6,น.,"ผักแนม, ฝักที่ใส่หรือแทรกเพิ่มเติมลงไปกับเนื้อสัตว์ในแกงต่าง ๆ"
หมวดวัว 0,ก.,เอาเชือกพันไว้กับกอหญ้าเพื่อล่ามวัว.
หมวดหญ้า 0,ก.,เอามือรวบหญ้าเพื่อจะตัด.
หมวน 0,น.,"ตะกอน, สิ่งที่ละลายปนอยู่ในน้ำแล้วตกจมลงนอนก้นภาชนะ"
หมวน 1,ก.,การกินอาหารหรือสิ่งอื่นใดที่ดื่มน้ำเข้าไปด้วยเพื่อช่วยให้กลืนได้ง่าย (ดู หวน ก. ๑.).
หมวน 2,ว.,"ฟุ้ง เช่น ควันหมวน, ฝุ่นหมวน"
หมวน 0,ก.,การกินอาหารหรือสิ่งอื่นใดที่ดื่มน้ำเข้าไปด้วย เพื่อช่วยให้กลืนได้ง่าย เช่น กินท่อมหวนน้ำ – กินใบกระท่อมพร้อมกับน้ำ
หมวย 0,สำ.,"ทำมาค้าขึ้น, โชคดี"
หมวย 1,ว.,"ฉมวย, ขลัง, โชคดี, แม่น เช่น วันนี้หฺมฺรวยขายของได้มาก - วันนี้มีโชคขายของได้มาก"
หมวย 2,ว.,ฉมวย (ดู หฺมฺรวย ว.).
หมอ 0,น.,"สมอเรือ, ของหนักที่ล่ามโซ่หรือเชือกอยู่กับเรือ เวลาจอดเรือใช้ทอดลงไปในน้ำให้เกาะพื้นเพื่อไม่ให้เรือเคลื่อนไปที่อื่น."
หมอ 1,น.,"ปลาหมอ, ชื่อปลาน้ำจืด ลำตัวป้อม แบนข้าง ท้องกลม คอดหางกว้าง หัวโต เกล็ดแข็ง ลำตัวและครีบมีสีดำคลํ้า."
หมอ 2,น.,"ต้นสมอ, ชื่อไม้ต้นมีหลายชนิด ใช้ทำยาได้ เช่น หมอพิเภก, หมอคุด, หมอหมึก."
หมอ 3,น.,"ผู้รู้, ผู้ชำนาญ, ผู้ตรวจรักษาโรค."
หมอ 4,น.,"ผม, ขน (ภ.ก.)."
หมอ 5,ก.,โกง.
หมอ 6,ก.,ทำชั้นเชิง.
หม่อ 0,น.,"เมื่อ, ครั้ง, คราว เช่น หม่อแตฉ่าว - เมื่อเช้า."
หม้อ 0,น.,"โสเภณี, หญิงที่หาเลี้ยงชี ด้วยการค้าประเวณี"
หม้อ 1,น.,"หม้อ, ภาชนะประเภทหนึ่ง สำหรับหุงต้มและใส่ของบางอย่าง ทำด้วยดินเผาหรือโลหะต่าง ๆ."
หมอก 0,น.,"หมอก, ละอองน้ำขนาดเล็กมากที่มองเห็นได้ด้วยตาเปล่า เกิดจากการกลั่นตัวของไอน้ำลอยอยู่ในอากาศ, ควันไฟที่ขึ้นเป็นกลุ่ม ๆ."
หมอก 1,ว.,อาการที่ตา ฝ้ามัว เรียก “ ตาเป็นหมอก ”.
หมอกหมอก 0,น.,ตอนเช้า.
หม่อกอน 0,น.,เมื่อก่อน.
หม้อแกง 0,น.,"ขนมหม้อแกง, ชื่อขนมหวานชนิดหนึ่งทำด้วยน้ำกะทิ ถั่ว ไข่ น้ำตาล ตีให้เข้ากัน ใส่ถาดแล้วผิงไฟ สุกแล้วมักโรยด้วยหอมเจียว."
หม้อแกงลิง 0,น.,"หม้อข้าวหม้อแกงลิง, ชื่อไม้เถาชนิดหนึ่ง ปลายใบเป็นถุง มีฝาปิดสำหรับดักจับสัตว์กินเป็นอาหาร"
หม้อขัด 0,น.,หม้อดิน ขัดผิวเรียบ เป็นมัน (ส.ข.).
หม้อขาว 0,น.,หม้ออะลูมิเนียม
หม้อข้าวหม้อแกงลิง 0,น.,"หม้อข้าวหม้อแกงลิง, ชื่อไม้เถาชนิดหนึ่ง ปลายใบเป็นถุง มีฝาปิดสำหรับดักจับสัตว์กินเป็นอาหาร"
หม้อเขียว 0,น.,หม้อเคลือบ มีหูหิ้ว
หม้อแขก 0,น.,หม้อปากกว้าง ไม่มีหู มีทั้งแบบเคลือบและไม่เคลือบ
หมอความ 0,น.,ทนายความ
หมอง 0,น.,"สมอง, เรียกส่วนที่อยู่ภายในกะโหลกศีรษะ มีลักษณะเป็นนุ่ม ๆ หยุ่น ๆ เป็นลูกคลื่น เป็นที่รวมของประสาทให้เกิดความรู้สึก."
หมอง 1,ว.,"ขุ่น, มัว, ไม่ผ่องใส, ฝ้ามัว เช่น จกหมอง – กระจกเป็นฝ้ามัว."
หม็อง 0,น.,พื้นที่ริมคลองที่น้ำท่วมไม่ถึง.
หม้องหม้อง 0,ว.,เดินดุ่ม ๆ.
หม้องแหม้ง 0,ว.,"เฉื่อยชา, อืดอาด, อ่อนเพลีย (ช.พ.)."
หม้องแหม็ง 0,น.,ชื่อไม้ต้นขนาดเล็ก ลำต้นและใบเมื่อขยี้จะมีสีดำของทิงเจอร์อยู่มาก ใช้เป็นยาทาแผลแก้อาการเปื่อย และคัน.
หม้องแหย็ง 0,ว.,มอซอ (ช.พ.).
หม้อแจแว 0,น.,หม้อสัมฤทธ์หรือทองเหลือง ลักษณะกลมเป็นทรงกระบอก มีหูจับ ๒ หู มีฝาปิด ใช้หุงต้มอาหาร (ม. ; น.ธ.).
หมอฉีกผ้า 0,น.,สัปเหร่อ.
หมอช้างเหยียบ 0,น.,"ปลาหมอตาล, ชื่อปลาน้ำจืดชนิดหนึ่ง จำพวกปลากระดี่"
หมอชาเริน 0,น.,หมอสะเดาะเคราะห์บ้านเรือน.
หมอซัง 0,น.,ปลาหมอตัวเล็ก ๆ ที่อาศัยรวมกันอยู่เป็นฝูง ๆ มักพบในทุ่งนา ต้นฤดูฝน
หมอดอย 0,น.,หมอทำพิธีกำราบผีโดยสะกดวิญญาณไม่ให้อาละวาด.
หมอดับคนดอย 0,น.,สัปเหร่อ.
หมอดับซาก 0,น.,สัปเหร่อ.
หมอดับศพ 0,น.,สัปเหร่อ.
หม้อดิน 0,น.,"กระออม, ภาชนะสานด้วยไม้ไผ่ ยาชัน รูปคล้ายกระมุง ไม่มีคอ ใช้ใส่น้ำ"
หม้อดิน 1,น.,หม้อดินเผา ใช้หุงข้าว.
หม้อดิน 2,น.,กระออม.
หม้อดุก 0,น.,"หม้อดินขนาดเล็ก, หม้อทั่วไปขนาดเล็ก (พ.ง.)."
หมอแด๋ง 0,สำ.,ไฟ หมายความว่า ไฟสามารถบำบัดโรคได้ทุกโรค (น.ธ.).
หมอตัดฝน 0,น.,หมอห้ามฝน.
หม่อต๊าน 0,น.,"เงาะ, ชื่อไม้ต้นขนาดกลาง ผลกินได้ เปลือกมีขนยาว สีเหลืองหรือสีแดง เป็นต้น"
หม่อต๊าน 1,น.,เงาะ (ดู เงาะ น. ๒.).
หม้อตีนช้าง 0,น.,หม้อปากกว้าง ไม่มีหู มีทั้งแบบเคลือบและไม่เคลือบ
หม้อแตก 0,น.,"ชื่อปลาทะเลชนิดหนึ่ง (ก.บ.), (ภ.ก. พ.ง.)."
หมอแต่งซาก 0,น.,สัปเหร่อ.
หมอแต่งผี 0,น.,สัปเหร่อ.
หม่อแตซือ 0,น.,เมื่อวานซืน.
หม่อแตวา 0,น.,เมื่อวาน.
หม่อถึง 0,น.,ลูกอมหรือของหวานที่ทำจากน้ำตาล มีลักษณะกลม ๆ หรือกลมแบบทรงกระบอก บางครั้งอาจมีถั่ว หรือสิ่งอื่นเป็นไส้อยู่ภายใน ใช้เคี้ยว หรืออม ให้ค่อย ๆ ละลายไปเอง มักห่อด้วยกระดาษแก้ว
หม่อถึง 1,น.,ลูกกวาด (ดู ข้าวฝี้).
หม้อแถม 0,น.,ชามใส่ข้าวไว้สำหรับเติม (ภ.ก.)
หม้อทองแดง 0,น.,หม้อทำด้วยทองเหลือง
หม้อท้องเหลือง 0,น.,หม้อทำด้วยทองเหลือง
หมอน 0,น.,ทางเดินที่เจ้าของมีเจตนาเว้นไว้เป็นทางสาธารณะ
หมอน 1,น.,"หมอน, เครื่องสำหรับหนุนศีรษะหรือหนุนสิ่งของต่าง ๆ ให้สูงขึ้น"
หมอน 2,น.,"ไม้หมอน, ไม้กลมยาวสำหรับรองรับขอ เวลาเคลื่อนย้าย, ท่อนไม้สี่เหลี่ยมสำหรับหนุนหรือรองรับรางรถไฟ."
หมอน 3,น.,ฟ่อนกาบมะพร้าวหรือวงแหวนสำหรับอัดดินระเบิด ม่ให้ทะลักออก.
หมอน 4,น.,วงแหวนอัดเครื่องสูบให้แน่น.
หมอน 5,น.,ฝาครอบพวยชนวนปืน ทำด้วยเขาควาย เป็นต้น
หมอน 6,น.,"ต้นหม่อน, ชื่อไม้ต้น ใบใช้สำหรับเลี้ยงตัวไหม ผลสุกกินได้."
หมอน 7,น.,ทางเดินที่เจ้าของมีเจตนาเว้นไว้เป็นทางสาธารณะระหว่างนาหรือสวน.
หมอน 8,น.,กอข้าวที่รวมอยู่เป็นกระจุก.
หมอน 9,ลัก.,เรียกบุหรี่จำนวน ๑ ห่อ จำนวน ๑๐ ซอง.
หมอนกอด 0,น.,หมอนข้าง.
หมอนขวาน 0,น.,"หมอนสามเหลี่ยม, หมอนอิง"
หมอนน้อย 0,น.,เรียกไม้ที่ทำเป็น รูปนูนขึ้นมาเป็น ๒ ลอน คล้ายนมผู้หญิง ใช้รองนอนเพื่อป้องกันและแก้เข็ดเมื่อย หรือใช้ไม้กิ่ง มีสายสำหรับปรับเพื่อกดนวดแก้เมื่อย
หมอนไม้ 0,น.,หมอนซึ่งทำด้วยไม้.
หมอนหัวขวาน 0,น.,"หมอนสามเหลี่ยม, หมอนอิง"
หมอน้อย 0,น.,เรียกไม้ที่ทำเป็น รูปนูนขึ้นมาเป็น ๒ ลอน คล้ายนมผู้หญิง ใช้รองนอนเพื่อป้องกันและแก้เข็ดเมื่อย หรือใช้ไม้กิ่ง มีสายสำหรับปรับเพื่อกดนวดแก้เมื่อย
หมอน้อย 1,น.,ปลิงชนิดหนึ่ง.
หมอน้อย 2,น.,ชื่อไม้เถาชนิดหนึ่ง เถากลมลื่น คล้ายเถาองุ่น ใบใช้โปะฝีเพื่อกอกหนอง.
หมอน้อย 3,น.,ชื่อไม้ล้มลุก หมายถึง ต้นเวอร์โนเนีย
หมอน้ำค้าง 0,น.,ปลาหมอตัวเล็ก ๆ ที่อาศัยรวมกันอยู่เป็นฝูง ๆ มักพบในทุ่งนา ต้นฤดูฝน
หม้อเบา 0,น.,โถเยี่ยว (น.ศ.).
หม่อปีด 0,น.,"พู่กัน (จ., ภ.ก.)."
หม่อปีด 0,น.,"พู่กัน, เครื่องเขียนหนังสือหรือระบายสี ตอนปลายเป็นพู่ทำด้วยขนสัตว์"
หม่อเป๊ง 0,ว.,"ลักษณะขรุขระ เป็นจุด, ลักษณะหน้าที่เป็นสิวมาก ๆ หรือคนเป็นสิวแล้วบีบจนกลายเป็นแผลเป็น, หน้าขรุขระ (จ., ภ.ก., พ.ง.)."
หม้อไฟ 0,น.,แบตเตอรี่.
หมอม 0,ก.,"คะมำ, ล้มควํ่า, อาการที่หัวพุ่งไปเพราะสะดุด มักใช้คู่กับคำ “ หน้า ” เป็น “ หฺมฺรอมหน้า ”"
หมอม 1,น.,"ขม่อม, บริเวณเหนือหน้าผากแต่ยังไม่ถึงกลางหัว."
หมอม 2,น.,"หม่อม (บรรดาคักดิ์), ชายาของเจ้านายหม่อมชั้นหม่อมเจ้าขึ้นไป."
หมอมแม 0,น.,คำเรีย ลูกหญิงหรือผู้หญิงที่อ่อนกว่าในเชิงประชด (ภ.ก.).
หมอมแม 1,ก.,คะมำ (ดู หฺมฺรอม).
หมอมหน้า 0,ก.,"คะมำ, ล้มควํ่า, อาการที่หัวพุ่งไปเพราะสะดุด มักใช้คู่กับคำ “ หน้า ” เป็น “ หฺมฺรอมหน้า ”"
หมอมหน้า 1,ก.,คะมำ (ดู หฺมฺรอม).
หม้อมิด 0,น.,หม้อเหล็กหล่อรูปทรงกระบอกขนาดเล็ก
หมอแม่ทาน 0,น.,"หมอตำแย, หญิงที่ทำการคลอดลูกตามแผนโบราณ"
หมอแม่ทาน 1,น.,หมอตำแย.
หม้อไม่ทันพลุ่ง 0,สำ.,ระยะเวลาสั้น ๆ ประมาณไม่ถึง ๑๕ นาที.
หมอย 0,น.,"ขนที่ของลับ, โดยปริยายหมายถึงสิ่งที่เป็นเส้นฝอยละเอียด."
หม่อย 0,น.,"น้องสาว (จ., ภ.ก.)."
หม่อย 1,ก.,คืบคลานช้า ๆ รอจังหวะโอกาสที่จะขโมย เช่น อาการของแมว.
หมอยขนขาว 0,น.,"กะทกรก, ชื่อไม้พุ่มรอเลื้อย ตามลำต้นมีหนามห่างๆ ใบรูปไข่หรือรี ๆ ดอกเล็กสีขาว อยู่เป็นกระจุกที่ง่ามใบ ผลกลมหรือรีขนาดเท่าเม็ดบัว เขื่อง ๆ เป็นสมุนไพร"
หมอยคง 0,น.,ผมข้าวโพด.
หมอยค่าง 0,น.,"กะทกรก, ชื่อไม้พุ่มรอเลื้อย ตามลำต้นมีหนามห่างๆ ใบรูปไข่หรือรี ๆ ดอกเล็กสีขาว อยู่เป็นกระจุกที่ง่ามใบ ผลกลมหรือรีขนาดเท่าเม็ดบัว เขื่อง ๆ เป็นสมุนไพร"
หมอยค่าง 1,น.,กะทกรก (ดู รกช้าง).
หมอยชาวป่า 0,น.,เมล็ดพืชที่มีขนเป็นปุย ปลิวไปตามลม (ดู หมอยแม่หม้าย).
หมอยชาวป่า 1,น.,เมล็ดพืชที่มีขนเป็นปูย ปลิวไปตามลม เช่น เมล็ดขจร เป็นต้น
หมอยเทศ 0,น.,ฝอยเหล็กขัดหม้อ
หมอยเทศ 1,น.,โรตีสายไหม.
หมอยเทศ 2,น.,ฝอยเหล็กขัดหม้อ (ดู ขี้เหล็ก น. ๒.).
หมอยแม่หม้าย 0,น.,เมล็ดพืชที่มีขนเป็นปูย ปลิวไปตามลม เช่น เมล็ดขจร เป็นต้น
หมอยฤๅษี 0,น.,"กะทกรก, ชื่อไม้พุ่มรอเลื้อย ตามลำต้นมีหนามห่างๆ ใบรูปไข่หรือรี ๆ ดอกเล็กสีขาว อยู่เป็นกระจุกที่ง่ามใบ ผลกลมหรือรีขนาดเท่าเม็ดบัว เขื่อง ๆ เป็นสมุนไพร"
หมอยฤๅษี 1,น.,กะทกรก (ดู รกช้าง).
หมอยเหล็ก 0,น.,ฝอยเหล็กขัดหม้อ
หมอยเหล็ก 1,น.,ฝอยเหล็กขัดหม้อ (ดู ขี้เหล็ก น. ๒.).
หมอยเหล็ก 2,ก.,"งีบหลับ, ม่อยหลับไปงีบหนึ่ง."
หมอยเหล็ก 3,ก.,หรี่ เช่น กินอิมแรง ตาชักตี้หมอยแล้ว - กินอิ่มมากเกินไปตาชักจะหรี่ลงแล้ว.
หมอโย่ง 0,น.,มะโย่ง (ดู หมาโย่ง).
หมอโย่ง 0,น.,การละเล่นของชาวไทยมุสลิมอย่างหนึ่งคล้ายมโนราห์
หม่อรื่อ 0,น.,เมื่อไร.
หม้อลิงหม้อค่าง 0,น.,หม้อข้าวหม้อแกงลิง (ดู หม้อข้าวหม้อแกงลิง).
หม้อลิงหม้อค่าง 0,น.,"หม้อข้าวหม้อแกงลิง, ชื่อไม้เถาชนิดหนึ่ง ปลายใบเป็นถุง มีฝาปิดสำหรับดักจับสัตว์กินเป็นอาหาร"
หม้อเว 0,น.,หม้อเคลือบ มีหูหิ้ว
หม้อสะหมิด 0,น.,หม้อเหล็กหล่อรูปทรงกระบอกขนาดเล็ก
หมอหม้าว 0,น.,ปลาหมอตัวเล็ก ๆ ที่อาศัยรวมกันอยู่เป็นฝูง ๆ มักพบในทุ่งนา ต้นฤดูฝน
หม่อหยอง 0,น.,"ไหมพรม (จ., ภ.ก.)."
หมอหลอด 0,น.,ปลาทราย (ก.บ.).
หมอหลังแดง 0,น.,ชื่อไม้เถาชนิดหนึ่ง ใบคล้ายใบสำเหร่ หลังใบสีแดง ใช้เป็นยาสมุนไพร.
หม่อหลาว 0,น.,บ้านตึกหรือคฤหาสน์ที่มีรูปทรงแบบฝรั่ง.
หม่อหล้าว 0,น.,ขนมงาพอง (ภ.ก.).
หมอเหยียบช้าง 0,น.,ปลาหมอตาล.
หม้อแหม้ 0,ว.,"มาก, สลอน (ดู เหมาะแหมะ)."
หม้อแหม้ 1,ว.,"มาก, สลอน เช่น นั่งกันหัวเหมาะแหมะ - นั่งหัวสลอน"
หม้อแหม้ 0,ว.,"มาก, สลอน เช่น คนนี้ได้ลูกหัวกัวเกีย - มีลูกมากนั่งหัวสลอน"
หม้อแหล็กขาว 0,น.,หม้ออะลูมิเนียม
หมอโหลด 0,น.,ปลาทราย (ดู ทราย น. ๓.).
หม่อไหร 0,น.,เมื่อไร.
หม้อออม 0,น.,"กระออม, ภาชนะสานด้วยไม้ไผ่ ยาชัน รูปคล้ายกระมุง ไม่มีคอ ใช้ใส่น้ำ"
หม้อออม 1,น.,กระออม.
หม้อออม 2,น.,อวัยวะเพศหญิง (ดู เคย น. ๒.).
หม้อออม 3,น.,โสเภณี.
หม่อฮู้น 0,น.,"บุหรี่ (จ., ภ.ก.)."
หม่อโฮ้ย 0,น.,ปูนซีเมนต์
หม่อโฮ้ย 1,น.,ปูนซีเมนต์ (ดู ปูน น. ๒.).
หมอิ้งนม 0,ก.,ห่มผ้ารัดอก โดยใช้ชายผ้ามาจุกไว้ใต้รักแร้
หมะโหนย 0,ว.,เป็นหมัน (ดู หม้าโหนย).
หมะโหนย 1,ว.,เป็นหมัน. (ป.น.)
หมัก 0,น.,ชื่อไม้ต้น คล้ายหว้า เปลือกมีรสฝาดใช้ย้อม แห อวน ผลเป็นเม็ดเล็กกินได้.
หมัก 1,ก.,"ย้อม, ชุบด้วยสี, อาบด้วยสี, ทำให้ด้าย ไหม หรือผ้า เป็นต้น เป็นสีต่าง ๆ ด้วยการชุบลงไปในน้ำสี."
หมัก 2,ก.,"ดอง, หมัก, แช่ไว้, เก็บทิ้งไว้.."
หมัก 3,ก.,ประกบตัว.
หมัก 4,ก.,"สมัคร, ยื่นความจำนงขอเข้าร่วมเป็นสมาชิก หรือร่วมในกิจกรรมอย่างใดอย่างหนึ่ง เป็นต้น."
หมัง 0,น.,เสือดำ
หมัง 1,ก.,ประคองตัวไม่ให้ล้ม
หมัง 2,น.,เสือดำ (ดู ค้างดูด).
หมัง 3,ก.,"ยั้ง, หยุด, หยุดพักชั่วคราว, ชะงักชั่วคราว เช่น หมังมือ - ยั้งมือ."
หมัง 4,ก.,ทำให้เรือเอียง เรียกว่า ทงหมัง (น.ศ.).
หมัง 5,ว.,กำลัง.
หมัง 0,ว.,กระมัง เช่น มันไม่มากะหมึง - เขาไม่มากระมัง
หมังดำ 0,น.,เสือดำ (ดู ค้างดูด).
หมังดำ 0,น.,เสือดำ
หมังนี้ 0,น.,"ปัจจุบัน, เดี๋ยวนี้ เช่น ปรือหมังนี้ทำไอ้ไหรอยู - เป็นไงตอนนี้ทำอาชีพอะไรอยู่."
หมังนี้ 1,น.,กระมัง
หมังนี้ 2,น.,เวลานี้
หมังเหฺม 0,ว.,"ลังเล, ชะงัก"
หมังเหฺม 1,ว.,ลังเล (ดู หฺมฺรังเหฺม).
หมัด 0,น.,"กำปั้น, มือที่กำแน่นสำหฺรับชกหรือทุบ."
หมัด 1,น.,สนับมือ (ดู หนับมือ).
หมัด 2,น.,ชื่อแมลงขนาดเล็ก ไม่มีปีก ลำตัวแบนข้าง ขายาวกระโดดได้ ปากเป็นชนิดเจาะดูด ดูดเลือดคนและสัตว์กินเป็นอาหาร.
หมัด 3,ก.,กำไว้แน่นแล้วดึง.
หมัด 4,ก.,หมายมั่นปั้นมือ.
หมัดกั่ว 0,น.,สนับมือ (ดู หนับมือ).
หมัดกั่ว. 0,น.,"สนับมือ, เครื่องสวมมือมักทำด้วยทองเหลือง เป็นรูปเหมือนแหวน ๔ วงติดกัน สำหรับสวมนิ้วมือเวลาชก"
หมัน 0,น.,ชื่อไม้ต้นขนาดกลางถึงขนาดใหญ่ เปลือกใช้ทำปอได้ ผลเป็นเม็ดเล็ก ๆ มียางเหนียวมาก ใช้ดักนกได้.
หมัน 1,น.,ด้ายดิบสำหรับตอกหมันเรือก่อน ที่ใช้ชันยา (ขี้ชันผสมน้ำมันยางตอกอุดป้องกันเรือรั่ว).
หมัน 2,สรรพ.,มัน
หมัน 3,ก.,"หมั่น, ขยัน, ทำหรือประพฤติบ่อย ๆ อย่างเป็นปกติสม่ำเสมอ."
หมัน 4,ก.,อุด หรือยาด้วยชัน (ก.บ.).
หมัน 5,ว.,"ใช่ เช่น หมันแหละ, หมันแหล่ว - ใช่แหละ."
หมัน 6,ว.,"ไม่มีลูก, ไม่มีผล."
หมั้น 0,สรรพ.,มัน
หมั้น 1,สรรพ.,มัน.
หมั้น 2,ก.,"หมั้น, มั่นหมาย."
หมับ 0,น.,"ขมับ, ส่วนที่อยู่หางคิ้วเหนือโหนกแก้มทั้ง ๒ ข้าง."
หมับ 1,ก.,"วิธีไล่ผี (ก.บ., พ.ท.)"
หมับ 2,ว.,"อาการที่เป็นไปอย่างรวดเร็ว, ทันทีทันใด."
หมับ 3,ว.,มาก เช่น ปวดหัวหมับ - ปวดหัวมาก
หมับหมับ 0,ว.,มาก เช่น ปวดหัวหมับ - ปวดหัวมาก
หมั่วซ้า 0,น.,"เสื้อป่านคล้ายกระสอบที่ลูกหลานผู้ตาย (เชื้อสายจีน) ใส่ในวันฌาปนกิจศพ (จ., ภ.ก.)."
หมา 0,น.,"สุนัข, สัตว์เลี้ยงลูกด้วยนม ลำตัวมีขนปกคลุมมีเขี้ยว ๒ คู่ ตีนหน้ามี ๕ นิ้ว ตีนหลังมี ๔ นิ้ว ซ่อนเล็บไม่ได้."
หมา 1,น.,ภาชนะตักน้ำทำด้วยวัสดุต่าง ๆ เช่น ทำด้วยใบจากเรียก “ หมาจาก ” ทำด้วยกาบหมาก กาบเหลา ชะโอนเรียก “ หมาต้อ ” ทำด้วยโลหะพวกสังกะสีเรียก “ หมาถั้ง ” ทำด้วยพลาสติก เรียก “ หมาพลาสติก ” หมาที่ทำด้วยใบจากกาบหมากกาบเหลาชะโอน มี ๒ ชนิด ชนิดที่หูยืด ๒ ข้างไขว้กัน เรียก “ หมาโผ้ ” ชนิดที่ทำหูสอดเข้าหากันเรียก “ หมาเหมีย ”
หมาก 0,น.,"หมาก, ชื่อเรียกปาล์มหลายชนิดในวงศ์ Palmae รสฝาด ใช้เคี้ยวกินกับปูน พลู และใช้ฟอกหนัง."
หมากกะลิงค์เทศ 0,น.,ชุมเห็ดเทศ
หมากกะลิงเทศ 0,น.,ชุมเห็ดใหญ่ (ดู ชุมเห็ดใหญ่).
หมากขุม 0,น.,"หมากขุม, การเล่นชนิดหนึ่ง โดยขุดหลุมลงในดินหรือไม้ แบ่งเป็น ๒ แถว แถวละ ๕ หรือ ๗ หลุม หลุมหัวท้ายเรียก “ แม่เริน ” แต่ละหลุมใส่ลูกหมากขุมเท่ากับจำนวนหลุมของแต่ละแถว การเล่นมีกติกากำหนดชัดเจน."
หมากจัด 0,น.,หมากแก่จัด.
หมากเจ 0,น.,หมากขนาดเล็ก แตกหน่อจำนวนมาก มี ๒ ชนิด คือ หมากเจเหลือง และหมากเจขาว.
หมากดิบ 0,น.,หมากกึ่งอ่อนกึ่งแก่
หมากแต่ง 0,น.,หมากที่ใช้ใส่หัวขันหมาก.
หมากเทา 0,น.,หมากขนาดเล็ก ขึ้นในป่าคล้ายหมากเจ แต่มักขึ้นต้นเดี่ยว ๆ.
หมากนกคุ่ม 0,น.,ชื่อพืชชนิดหนึ่งคล้ายกล้วยไม้ดิน (ดู พร้าวนกคุ่ม น. ๑.).
หมากนางลิง 0,น.,ชื่อปาล์ม วงศ์ Palmae ใบประกอบรูปขนนกเรียงสลับ ดอกเล็กออกเป็นช่อแบบหางหนู ผลแก่ สีแดง.
หมากเบา 0,น.,หมากบอกแขกแทนบัตรเชิญแต่งงาน.
หมากปลอง 0,น.,หมากสำหรับมอบเจ้าบ้านเพื่อขออนุญาตยกขันหมากผ่านทาง.
หมากเปลือกอับ 0,น.,หมากยับ (หมากที่แช่น้ำหรือฝังดิน)
หมากโผ้ 0,น.,ชื่อปาล์มชนิดหนึ่ง ลำต้นคล้ายต้นหมาก ใบคล้ายใบสิเหรง (ดู หร็อก).
หมากโผ้ 0,น.,ชื่อปาล์มชนิดหนึ่ง ลำต้นคล้ายต้นหมาก ใบคล้ายใบสิเหรง
หมากพลอ 0,น.,หมากที่ปอกหยาบ ๆ.
หมากแยบ 0,น.,หมากที่ใส่ขันหมากทาบทามฝ่ายหญิงว่าตกลงจะให้มาสู่ขอหรือไม่.
หมากระมัน 0,น.,ปาล์มน้ำมัน.
หมากหมก 0,น.,ชื่อพืชชนิดหนึ่ง ใช้เป็นผักแกงเลียง รากใช้เป็นยาสมุนไพร.
หมากหรอด 0,น.,"สลอด, ชื่อไม้พุ่มชนิดหนึ่ง เมล็ดมีพิษ"
หมากหลอด 0,น.,"สลอด, ชื่อไม้พุ่มชนิดหนึ่ง เมล็ดมีพิษ"
หมากหีบ 0,น.,หมากแยก.
หมากเหนียง 0,น.,หมากยับ (หมากที่แช่น้ำหรือฝังดิน)
หมาคาบต้อ 0,สำ.,ใช้เปรียบเทียบเพื่อแสดงออกทางเสียง เช่น “ ทำไอ้ไหรแกรบ ๆ เหมือนหมาคาบต้อ ”.
หมาง 0,ก.,"โกรธเคือง, บาดหมาง, หมองใจ."
หม้าง 0,ว.,"หมาด ๆ, แห้งไม่สนิท, เกือบแห้ง"
หม้างแผลน 0,น.,ชื่อว่านชนิดหนึ่ง
หม่าฉ็อก 0,น.,"ไพ่นกกระจอก (จ., ภ.ก.)."
หมาแฉ 0,น.,เป็นคำด่าที่หมายถึงไอ้ชาติหมา.
หมาชิงมุม 0,น.,การละเล่นของเด็ก
หมาชิงมุม 1,น.,การละเล่นของเด็ก.
หมาชิงราง 0,สำ.,การแย่งผลประโยชน์ผู้อื่นโดยตนเองก็ใช้ประโยชน์ได้ไม้คุ้มค่า.
หมาญี่ปุ่นขบ 0,สำ.,การได้รับบาดเจ็บจนเป็นแผลเนื่องจากรถจักรยานยนต์ล้ม.
หมาด 0,ว.,"หมาด ๆ, แห้งไม่สนิท, เกือบแห้ง"
หมาด 1,ก.,"ประมาท, ขาดความรอบคอบ, ขาดความระมัดระวังเพราะทะนงตัว."
หมาด 2,ก.,"สบประมาท, ดูถูกว่าทำไม่ได้หรือไม่มีทางที่จะทำได้, หยามน้ำหน้า."
หมาด 3,ว.,"หมาด ๆ, ที่เพิ่งได้หรือเสร็จใหม่ ๆ เป็นต้น."
หมาด 4,ว.,ท่าทางทะมัดทะแมง.
หมาดอใหญ่ 0,สำ.,วางท่า.
หมาดำหมาแดง 0,น.,ชื่อไม้เถาชนิดหนึ่ง (ดู หงอนไก่ น. ๒.).
หมาดำหมาแดง . 0,น.,ชื่อไม้เถาขึ้นในป่าละเมาะ เถาสีดำ ลูกสีแดงสด เม็ดในสีดำ ใช้ทำยาเบื่อได้
หมาตอแย่ง 0,ก.,อาการสมจรของสุนัขที่กำลังติดกันอยู่
หมาตอแย่ง 1,น.,อาการสมจรของสุนัขที่กำลังติดกันอยู่.
หมาตอแย่ง 2,น.,เงื่อนผูกซุง.
หมาตามพระ 0,สำ.,ลักษณะที่ติดตามไปทุกแห่ง จนเป็นคำพูดเปรียบเปรยแก่ผู้ที่ติดตามใครคนใดคนหนึ่ง เช่น ลูกติด หรือหนุ่มสาวจากกันไม่ได้ จึงพูดว่า “ ติดเหมือนหมาตามพระ ”.
หมาตามพระ 1,สำ.,ลักษณะของคนที่วิ่งแล้วมีอาการเหนื่อยหอบ เรียกว่า “ หอบเหมือนหมาตามพระ ”.
หมาน 0,น.,เมล็ดพืชที่เริ่มแตกหน่อ เช่น ตอหมาน - เมล็ด สะตอที่เริ่มแตกหน่อ (น.ศ.).
หมาน 1,ก.,เพาะเมล็ดพืชให้พอแตกหน่อ เช่น หมานถั่ว.
หมาน 2,ก.,"สมาน, ทำให้ติดกัน, ทำให้สนิท, เชื่อม."
หมานกคุ่ม 0,น.,ชื่อพืชชนิดหนึ่งคล้ายกล้วยไม้ดิน วงศ์ Hypoxidaceae ใบเรียงสลับชิดกันที่โคนต้น ดอก ๖ กลีบ สีเหลือง มีผลขนาดเล็กเท่านิ้วก้อย คล้ายผลมะพร้าว กินได้ ผลแก่สีขาวถึงแดง
หม่านิ้ง 0,น.,เป็ดเทศ (ดู เป็ดวา).
หม่านิ้ง 0,น.,เป็นเทศ
หมาบผี 0,ก.,"วิธีไล่ผี (ก.บ., พ.ท.)"
หมาบผี 1,ว.,วิธีไล่ผี (ดู หมับ ก.).
หมาบ้า 0,น.,"แมลงหมาร่า, ชื่อต่อ ใช้ดินเหนียวทำรังตามฝา คาน เสาบ้าน หรือบริเวณที่ร่มอื่น ๆ ในรังมีหนอนหรือเหยื่อที่ถูกต่อยให้สลบเพื่อเป็นอาหารของลูกอ่อน"
หมาบ้า 1,น.,สุนัขบ้า.
หมาม 0,ก.,"กินแบบขมํ้า, กินแบบตะกรุมตะกราม เช่น แลโด้ หมามเหมือนหมาอั๊น - ดูซี ขมํ้าเหมือนหมาน่ะ (ภ.ก.)."
หมาไม่ 0,ว.,"ไม่มี, ไม่อยู่"
หมาย 0,น.,หนังสือราชการที่มีถึงประชาชนเพื่อบังคับกะเกณฑ์ เกาะกุมหรือเรียกตัว เป็นต้น.
หมาย 1,ก.,"จำ, กำหนดไว้ในใจ, ระลึกได้."
หมาย 2,ก.,"มั่นหมาย, มุ่งหมายอย่างแน่วแน่."
หมาย 3,ก.,เข้าใกล้ตัว.
หมาย 4,ก.,จอง.
หม้าย 0,น.,"ม่าย, คนที่คู่สมรสตายจากหรือเลิกรากัน เรียก เป็นหม้ายหรือม่าย."
หม้าย 1,ว.,ไม่มี.
หมายปูน 0,สำ.,ทำเครื่องหมายไว้.
หมายปูน 1,สำ.,หมายหัว.
หมาโย่ง 0,น.,การละเล่นของชาวไทยมุสลิมอย่างหนึ่งคล้ายมโนราห์
หมาร้าย 0,น.,หมาที่ทำด้วยใบจากที่ฉีกขาด แต่พอจะใช้งานได้อยู่.
หมาร้าย 1,น.,"คำเรียกคนที่ผู้ใหญ่รัก เช่น ไอ้หมา, อีหมา."
หมาร้าย 2,ว.,"คำบอกปฏิเสธ เช่น หมาไป - ไม่ไป, หมาอยู่ - ไม่อยู่, หมาทำ - ไม่ทำ, หมาผรือ - ไม่เป็นไร."
หมาเร่ 0,น.,สุนัขที่อยู่ไม่เป็นที่เป็นทาง
หมาเร่สาร 0,น.,สุนัขที่อยู่ไม่เป็นที่เป็นทาง
หมาเรื้อย 0,น.,สุนัขที่อยู่ไม่เป็นที่เป็นทาง
หม้าว 0,น.,"ข้าวเม่า, ข้าวเปลือกข้าวเหนียวที่ยังไม่แก่จัด เอามาคั่วแล้วตำให้แบน."
หม้าว 1,น.,"หมากเม่า, ชื่อไม้ต้นชนิดหนึ่ง ผลมีรสเปรี้ยว."
หม้าวทอด 0,น.,ข้าวเม่าคลุกแป้งห่อกล้วยสุกแล้วทอดน้ำมัน.
หมาสาเร่ 0,น.,สุนัขที่อยู่ไม่เป็นที่เป็นทาง
หม่าสี่กู๊ 0,น.,ละมุดฝรั่ง ผลสุกรสหวาน สีน้ำตาล กินได้ (ม. sawa nila)
หม่าสี่กู๊ 1,น.,ละมุดฝรั่ง (ดู สวา น. ๑.).
หม้าหญาด 0,น.,ศพ (ภ.ก.).
หมาหม้าย 0,ว.,"ไม่มี, หาไม่ได้"
หมาหมุ้ย 0,น.,"หมามุ่ย, ชื่อไม้เถาชนิดหนึ่ง ใบคล้ายถั่ว ฝักมีขน คันมาก."
หม้าหยำ 0,น.,มาตราชั่งทอง (เทียบ ม. Mayam).
หม้าหรง 0,น.,ปลาไหลทะเล
หม้าหรง 1,น.,ปลาไหลทะเล (ดู มะหรง).
หมาหลอ 0,น.,สุนัขที่อยู่ไม่เป็นที่เป็นทาง
หมาหล้อน 0,น.,หมาขี้เรื้อน.
หมาหางคุด 0,สำ.,ไม่สู้เพื่อน
หมาหางหด 0,สำ.,ไม่สู้เพื่อน
หมาเหมิ้น 0,น.,"มหาทะมึ่น, ชื่อคาถาอาคม"
หม้าโหนย 0,ว.,เป็นหมัน. (ป.น.)
หมำ 0,ก.,"คะมำ, ล้มควํ่า, อาการที่หัวพุ่งไปเพราะสะดุด มักใช้คู่กับคำ “ หน้า ” เป็น “ หฺมฺรอมหน้า ”"
หมำ 1,ก.,คะมำ (ดู หฺมฺรอม).
หมิ 0,ก.,จูบ (ก.บ.).
หมิงเชา 0,น.,"ขี้เทา, ขี้ที่ค้างอยู่ในลำไส้เด็กที่คลอดใหม่"
หมิงเซา 0,น.,ขี้เทา (ดู หฺมฺรอก).
หมิด 0,น.,"สำริด, โลหะผสมชนิดหนึ่ง ส่วนใหญ่ประกอบด้วยทองแดงกับดีบุก"
หมิด 1,น.,สำริด (ดู หฺมฺริด).
หมิดไว้ 0,ก.,ซ่อนไว้ตามชายผ้านุ่งขอบ ๆ สะเอว.
หมิน 0,ก.,"เหม็น, ได้รับกลิ่นไม่ดี."
หมิน 1,ว.,กลิ่นหืน (ภ.ก.)
หมินตัง 0,ว.,"หืน, มีกลิ่นเหม็นอย่างกลิ่นน้ำมันมะพร้าวที่ทิ้งไว้นาน ๆ เป็นต้น"
หมินตัง 1,ว.,กลิ่นหืน (ภ.ก.)
หมินโต 0,น.,ตัวผึ้งที่ให้น้ำผึ้ง (ก.บ.).
หมิ่นผุน 0,น.,กะละมัง (ดู โคม น. ๑.).
หมิ่นผุน 0,น.,กะละมัง ขนาดเล็กเรียก “ลูกโคม” ขนาดใหญ่ เรียก “แม่โคม”
หมินสาบ 0,น.,"สาบ, กลิ่นเหม็นชนิดหนึ่ง เช่น กลิ่นเสื้อผ้าที่ใช้แล้วแต่ยังไม่ได้ซัก, กลิ่นตัวที่มีประจำอยู่กับสัตว์บางชนิด เช่น สาบเสือ, สาบแพะ เป็นต้น."
หมินสาบ 1,ก.,"เหม็น, ได้รับกลิ่นไม่ดี."
หมินสาบ 2,ก.,"ดูหมิ่น, แสดงกิริยาท่าทาง พูดจา หรือเขียนเป็นลายลักษณ์อักษร เป็นเชิงดูถูกว่ามีฐานะต่ำต้อยหรือไม่ดีจริง ไม่เก่งจริง เป็นต้น."
หมินสาบ 3,ก.,"เบื่อหน่ายเพราะจำเจ, เหม็นเบื่อ."
หมินสาบ 4,ว.,"ฉาวโฉ่, อื้อฉาว."
หมิบ 0,ก.,ขมิบ.
หมิหลัง 0,น.,ปลาดุกทะเล (ม. Semilang)
หมี 0,น.,ชื่อไม้ล้มลุกชนิดหนึ่ง ดอกสีเหลือง มีประสีน้ำตาล ใบคล้ายใบโสน ใช้ทำยาและใช้ในพิธีกูณฑ์
หมี 1,น.,ชื่อไม้ล้มลุกชนิดหนึ่ง (ดู สมี).
หมี่ 0,ก.,"หนวกหู, รู้สึกรำคาญเพราะเสียงเซ็งแซ่ อื้ออึง"
หมี่ 1,น.,"หมี่, เรียกแป้งข้าวเจ้าที่โรยเป็นเส้นลงในน้ำเดือด พอสุกแล้วนำมาตากแห้ง"
หมี่ 2,น.,เรียกเส้นหมี่ที่ทำจากแป้งสาลี เส้นโตกว่าเส้นหมี่ทั่วไป มีสีเหลือง เป็นประเภทหมี่สด เก็บไว้ได้ไม่นาน
หมี่ 3,น.,เรียกเส้นหมี่ที่ทำจากแป้งสาลีเป็นเส้นเล็ก ๆ เล็กกว่าเส้นหมี่ฮกเกี้ยน มักโรยด้วยแป้ง เก็บไว้ได้นาน
หมี่ 4,น.,ชื่ออาหารชนิดหนึ่ง ปรุงจากเส้นหมี่ที่ทำจากแป้งสาลีกับเครื่อง มีหมู เป็นต้น.
หมี่ 5,ก.,หนวกหู.
หมี่ 6,ว.,กิริยาสู่รู้ เจ้ากี้เจ้าการไม่เหมาะสมกับฐานะหรือวัยของตน (ภ.ก.).
หมี่กะทิ 0,น.,หมี่หุนผัดกะทิ (ภ.ก.)
หมี่กั๊ว 0,น.,เส้นบะหมี่ตากแห้ง (ภ.ก.).
หมี่แก 0,น.,สตรีที่เป็นผู้ใหญ่ที่ได้รับการยกย่องในชุมชน มักได้รับเชิญให้ไปจัดการปัญหาต่าง ๆ ที่เกิดขึ้นในชุมชนเป็นประธานในพิธีต่าง ๆ เป็นผู้ใหญ่ไปสู่ขอภรรยาให้ชายหนุ่ม บางทีอาจช่วยไกล่เกลี่ย คล้ายอนุญาโตตุลาการ
หมี่่คั้ว 0,น.,หมี่เหลืองเส้นใหญ่ผัดแบบภูเก็ต (ภ.ก.).
หมี่เจ้ง 0,น.,ผงชูรส (ดู แป้งหวาน).
หมี่เจ้ง 0,น.,"ผงชูรส (ภ.ก., พ.ง., น.ศ.)"
หมี่เจี๊ยม 0,น.,หมี่แผ่น คล้ายมักกะโรนี (ภ.ก.).
หมี่ไทย 0,น.,หมี่หุนผัดกะทิ (ภ.ก.)
หมี่สั่ว 0,น.,"หมี่ซั่ว, เส้นหมี่สีขาว ขนาดเล็ก (ภ.ก.)."
หมี่หู 0,ก.,"หนวกหู, รู้สึกรำคาญเพราะเสียงเซ็งแซ่ อื้ออึง"
หมี่หู 1,ก.,หนวกหู
หมี่หู้น 0,น.,หมี่หุน.
หมี่หู้น 0,น.,"หมี่, เรียกแป้งข้าวเจ้าที่โรยเป็นเส้นลงในน้ำเดือด พอสุกแล้วนำมาตากแห้ง"
หมีเหม็น 0,น.,ชื่อไม้ต้นขนาดใหญ่ ใบเขียวดกทึบขึ้นตามป่าโปร่ง และป่าชื้นทั่วไป
หมีเหม็น 1,น.,ชื่อไม้ต้นขนาดใหญ่ (ดู ทังบอน).
หมี่ฮกเกี้ยน 0,น.,เรียกเส้นหมี่ที่ทำจากแป้งสาลี เส้นโตกว่าเส้นหมี่ทั่วไป มีสีเหลือง เป็นประเภทหมี่สด เก็บไว้ได้ไม่นาน
หมึก 0,น.,"หมึก, ชื่อสัตว์ไม่มีกระดูกสันหลังที่มีขา ซึ่งเรียกว่าหนวด อยู่บริเวณหัว อาศัยอยู่ในทะเล มีถุงบรรจุน้ำสีดำสำหรับพ่นเพื่อพรางตัว มีหลายสกุล."
หมึก 1,น.,น้ำหมึก.
หมึก 2,ว.,ดำ เช่น สีหมึก - สีดำ.
หมึกกล้วย 0,น.,หมึกชนิดหนึ่งตัวยาว หนวดสั้น สีออกแดง.
หมึกคางคก 0,น.,หมึกชนิดตัวป้อม หนวดยาว มีกระดอง ผิวเป็นจุดคล้ายคางคก.
หมึกจุกเหนียว 0,น.,ชื่ออาหารภาคใต้อย่างหนึ่ง ใช้ข้าวเหนียว กะทิยัดเข้าในปลาหมึกแล้วปรุง.
หมึกตรน 0,น.,หมึกรูปร่างคล้ายกระสวยทอผ้า.
หมึกยักษ์ 0,น.,ชื่อหมึกขนาดใหญ่ชนิดหนึ่ง (ก.บ.)
หมึกยักษ์ 1,น.,หมึกขนาดใหญ่.
หมึกวาย 0,น.,หมึกสาย ตัวกลม หนวดยาวมาก.
หมึง 0,ว.,กระมัง
หมึง 1,ว.,กระมัง เช่น มันไม่มากะหมึง - เขาไม่มากระมัง
หมึง 2,น.,ผักตำลึง (ดู หฺมฺลึง น.).
หมึง 3,น.,"ประตู (จ., ภ.ก.)."
หมึง 4,สรรพ.,มึง.
หมึง 5,ว.,กระมัง เช่น ไปหมึง - ไปกระมัง.
หมึง 0,น.,"ผักตำลึง, ชื่อไม้เถามีมือเกาะใช้ใบและยอดเป็นผัก."
หมึด 0,ก.,"ฉุน, โกรธ (ช.พ.)."
หมืน 0,น.,หมื่น
หมื้น 0,ก.,"ประเมิน, คาดการณ์ (ดู เหมิ้น)."
หมื้น 0,ก.,"ประเมิน, กะประมาณค่าหรือราคาเท่าที่ควรจะเป็น, ประมาณ, คาดคะเน"
หมุ 0,น.,เครื่องมือจับปลาทำด้วยไม้ไผ่เป็นซี่คล้ายฟากใช้กั้นเป็นคอก
หมุ 1,น.,สมุห์ เช่น หมุบัญชี - สมุห์บัญชี.
หมุ 2,น.,เครื่องมือจับปลาทำด้วยไม้ไผ่เป็นซี่คล้ายฟาก ใช้กั้นเป็นคอก (ดู โมฺระ).
หมุก 0,น.,"สมุก, ภาชนะสานก้น ๔ มุม มีฝาสวมครอบสำหรับใส่สิ่งของต่าง ๆ"
หมุก 1,ก.,"สุม, ซุก, หมก"
หมุก 2,ลัก.,กลัก เช่น ไม้ขีด ๒ หมุก - ไม้ขีด ๒ กลัก.
หมุกไฟ 0,น.,ไม้ขีดไฟชนิดที่เป็นกลัก.
หมุกหมิก 0,ว.,มาก ใช้ประกอบคำ ดำ.
หมุง 0,ก.,"สุม, เอาพันหรือแกลบ เป็นต้น ทับลงไปบนกองไฟเพื่อให้ไฟติดกรุ่นอยู่เสมอ เช่น หมุงไฟ - สุมไฟ"
หมุง 1,ก.,มุงดู.
หมุง 2,ว.,เป็นคราว ๆ พัก ๆ เช่น ลมพัดมาเป็นหมุง - ลมพัดมาเป็นคราว.
หมุง 3,ว.,โขมง เช่น ควันหมุง - ควันโขมง.
หมุด 0,น.,เข็มหมุด.
หมุด 1,น.,"กระดาษหรือสำลีที่ใช้อุดหรือ ตรึงต่างหมุด เช่น หมุดหัวฝี – สำลีอุดรูฝี, หมุดโรปหนัง - หมุดยึดหนังที่ใช้แกะรูปหนังตะลุง."
หมุด 2,น.,หลักเขต.
หมุด 3,ก.,"ตรึง, อุด."
หมุด 4,ก.,"ชุก, นั่งติดกัน เช่น คืนนี้เย็นจ้านต้องนั่งหมุดแม่ – คีนนื้อากาศหนาวมากต้องไปซุกแม่."
หมุดซัง 0,น.,"ชะมด, อีเห็น, ชื่อสัตว์เลี้ยงลูกด้วยนม หน้าแหลม ตัวเรียว สีเทาหรือน้ำตาล มีลายจุดสีดำตามยาวทั่วตัว หางและขนหางยาว มีลาย เป็นปล้อง มีต่อมกลิ่นใกล้เครื่องเพศ มักออกหากินในเวลากลางคืน, โดยปริยายหมายถึงสัตว์อื่นที่มีลักษณะคล้ายนี้"
หมุดซัง 1,น.,ชะมด (ดู มูสัง).
หมุดผรัง 0,น.,ละมุดฝรั่ง ผลสุกรสหวาน สีน้ำตาล กินได้ (ม. sawa nila)
หมุดผรัง 1,น.,ละมุดฝรั่ง (ดู สวา น. ๑.).
หมุดสัง 0,น.,"ชะมด, อีเห็น, ชื่อสัตว์เลี้ยงลูกด้วยนม หน้าแหลม ตัวเรียว สีเทาหรือน้ำตาล มีลายจุดสีดำตามยาวทั่วตัว หางและขนหางยาว มีลาย เป็นปล้อง มีต่อมกลิ่นใกล้เครื่องเพศ มักออกหากินในเวลากลางคืน, โดยปริยายหมายถึงสัตว์อื่นที่มีลักษณะคล้ายนี้"
หมุดสัง 1,น.,ชะมด (ดู มูสัง).
หมุดหมิด 0,ก.,"กระมิดกระเมี้ยน, ลับ ๆ ล่อ ๆ"
หมุดหมิด 1,ว.,ม้วนหรือกองไว้ไม่เป็นระเบียบ.
หมุดหรัง 0,น.,ละมุดฝรั่ง ผลสุกรสหวาน สีน้ำตาล กินได้ (ม. sawa nila)
หมุดหรัง 1,น.,ละมุดฝรั่ง (ดู สวา น. ๑.).
หมุน 0,ก.,"สุม, เอาพันหรือแกลบ เป็นต้น ทับลงไปบนกองไฟเพื่อให้ไฟติดกรุ่นอยู่เสมอ เช่น หมุงไฟ - สุมไฟ"
หมุน 1,น.,เศษผง เช่น หมุนเฉี้ยน - เศษผงก้นเชี่ยนหมาก.
หมุน 2,ก.,หมุน เช่น หมุนเดี้ยน - หมุนติ้ว.
หมุน 3,ก.,สุม (ดู หมุง ก. ๑.).
หมุน 4,ว.,"หม่น, สีมัว ๆ, สีขาวเทา ๆ, มืดมัว เช่น สีหมุน - สีหม่น"
หมุ้น 0,ว.,"หม่น, สีมัว ๆ, สีขาวเทา ๆ, มืดมัว เช่น สีหมุน - สีหม่น"
หมุนฉินมุนชิน 0,ก.,"ไม่ค่อยสบาย, ไม่ผ่องใส, ไม่มีสง่าราศี."
หมุ้ม 0,น.,อวัยวะเพศหญิง
หมุ้ม 1,น.,อวัยวะเพศหญิง (ดู เคย น. ๒.).
หมุย 0,น.,ชื่อไม้ต้น มี ๒ ชนิด ชนิดที่มียอดขมเจือหอมใช้เป็นผักจิ้มน้ำพริกได้เรียก “ หฺมฺรุยหอม” ชนิดที่มีรสขม เรียก “ หฺมฺรุยขม ”
หมุย 1,ก.,"สุม, เอาพันหรือแกลบ เป็นต้น ทับลงไปบนกองไฟเพื่อให้ไฟติดกรุ่นอยู่เสมอ เช่น หมุงไฟ - สุมไฟ"
หมุย 2,น.,ชื่อไม้ต้นชนิดหนึ่ง ใช้เป็นผักจิ้มได้ (ดู หฺมฺรุย น.).
หมุย 3,ก.,สุม (ดู หมุง ก. ๑.).
หมุย 4,ว.,ควันบาง ๆ กรุ่น ๆ เช่น สูบยาควันหมุย - สูบบุหรี่ควันลอยจาง ๆ.
หมุยหมุย 0,ก.,อาการปวดเรื่อย ๆ ตอนใกล้คลอด ใกล้ปัสสาวะหรืออุจจาระ.
หมู 0,น.,"หมู, ชื่อสัตว์เลี้ยงลูกด้วยนม เป็นสัตว์กีบคู่ ตัวอ้วน จมูกและปากยื่นยาว มีทั้งที่เป็นสัตว์เลี้ยงและสัตว์ปา หาอาหารโดยใช้จมูกดุน."
หมู 1,น.,"ผู้บังคับหมู่, เรียกตำรวจ ทหารยศนายสิบ."
หมู 2,ลัก.,หมู่.
หมู 3,สำ.,ง่าย เช่น ของหมู ๆ - ของง่าย ๆ.
หมูก 0,น.,"จมูก, อวัยวะส่วนหนึ่งที่ยื่นออกมาอยู่เหนือปาก มีรู ๒ รู สำหรับดมกลิ่นและหายใจเข้าออก."
หมูกควาย 0,น.,เอ็นร้อยหวาย
หมูกควาย 1,น.,เอ็นร้อยหวาย (ดู เอ็นหมกควาย).
หมูกแตกเข็ม 0,ก.,เลือดกำเดาออก
หมูกแตกเหนียง 0,ก.,เลือดกำเดาออก
หมูกแตะโดะ 0,ก.,เลือดกำเดาออก
หมูกทรุด 0,ก.,ดั้งจมูกหัก.
หมูกหลา 0,ก.,ไม่ยอมให้สนตะพาย.
หมูกหล้า 0,ก.,ไม่ยอมให้สนตะพาย.
หมูกแหบ 0,ก.,จมูกบี้.
หมูกอี้ 0,ก.,จมูกบี้.
หมูขี้พร้า 0,น.,หมูพันธุ์เล็ก สีดำ ลำตัวแอ่นจนท้องเกือบติดพื้น.
หมูเขี้ยวตัน 0,สำ.,ไม่ง่ายอย่างที่คิด
หมูค้ง 0,น.,หมูชิ้นใหญ่ ๆ ผัดเค็มเจือกระเทียมพริกไทย.
หมูเคยเค็ม 0,น.,หมูผัดด้วยเคยเค็ม (กุ้งเคยหมักเกลือคล้าย ๆ กุ้งจ่อม) (ภ.ก.).
หมูจำเหนียว 0,น.,หมูรวน.
หมู้ต้า 0,น.,ต้นตาตุ่ม (ภ.ก.).
หมูเถือน 0,น.,หมูป่า.
หมูเถือนกินรำ 0,สำ.,คนบ้านนอกใช้สิ่งของสมัยใหม่ไม่เป็น (ภ.ก.).
หมูน 0,น.,มูลตะกอนที่คลื่นซัดไว้เป็นเนินชายฝั่ง.
หมูนกรูด 0,น.,"บอระเพ็ด, ชื่อไม้เถา เถาเป็นตุ่ม รสขม ใช้ทำยาได้"
หมูนกรูด 1,น.,บอระเพ็ด (ดู แข็ดหมูน).
หมูนขี้ 0,น.,ร่องรอยที่คนเคยอุจจาระไว้.
หมูผาเหลา 0,น.,หมูพะโล้.
หมูโย 0,สำ.,โชคดี (ป.น.).
หมูโย 0,ว.,โชคดี เช่น วันนี้คล่องจังพบตางค์สิบบาท - วันนี้โชคดีพบเงินสิบบาท
หมูลด 0,น.,หมูตอน.
หมูเล 0,น.,"พะยูน, สัตว์เลี้ยงลูกด้วยนม ลำตัวอ้วนกลม มีขนเฉพาะบริเวณใกล้ปาก รยางค์คู่หน้าเป็นแผ่นคล้ายใบพายไม่เห็นเป็นนิ้ว รยางค์คู่หลังไม่มีหาง แผ่เป็นแฉกกว้างแบนลง ลำตัวอาจยาวถึง ๓ เมตร สีเทาดำแกมฟ้า อาศัยอยู่ในทะเลชายฝั่ง กินพืชน้ำ พวกหญ้าทะเล"
หมูเล 1,*ว.,สแลง. โง่
หมูเล 2,น.,"พะยูน, สัตว์เลี้ยงลูกด้วยนม ลำตัวอ้วนกลม มีขนเฉพาะบริเวณใกล้ปาก รยางค์คู่หน้าเป็นแผ่นคล้ายใบพาย ไม่เห็นเป็นนิ้ว รยางค์คู่หลังไม่มี หางแผ่เป็นแฉก กว้างแบนลง ลำตัวอาจยาวถึง ๓ เมตร สีเทาดำแกมฟ้า อาศัยอยู่ในทะเลชายฝั่ง กินพืชน้ำพวกหญ้าทะเล"
หมูเล 3,น.,พะยูน (ดู งัวเล).
หมูโล้ง 0,ก.,อาการโกรธจัด คิดแต่จะทำร้ายตนเองหรือผู้อื่น โดยไม่ยอมฟังเสียงใคร (ภ.ก.).
หมูหนี้ 0,น.,เดี๋ยวนี้ (ดู เคียมอยู่).
หมู่หนี 0,น.,กระสอบป่าน
หมู่หนี 1,น.,กระสอบป่าน (ดู ยู่หนี).
หมูหีน 0,สำ.,ไม่ง่ายอย่างที่คิด
หมูฮ้อง 0,น.,หมูพะโล้
หยกกุ่ย 0,น.,อบเชย
หยกกุ่ยโผย 0,น.,อบเชย
หยบ 0,ก.,"แอบ, ซ่อน, ซุ่ม, ซุก"
หยบ 1,ก.,"แอบ, ซ่อน (ดู หญ็อบ)."
หยม 0,ก.,"ขย่ม, ใช้น้ำหนักตัวกดลง แล้วยกตัวขึ้นแล้วกลับกดลงอีกซ้ำ ๆ กัน"
หยม 1,ก.,ขย่ม (ดู หม ก. ๒.).
หยวก 0,น.,"หยวก, ส่วนในหรือแกนอ่อนของลำต้นเทียมของกล้วย มีสีขาว กินได้"
หยวกกล้วย 0,น.,"หยวก, ส่วนในหรือแกนอ่อนของลำต้นเทียมของกล้วย มีสีขาว กินได้"
หยวบ 0,ว.,"สั่น, คลอน, ไหว, โยก, จะพัง, ยวบ, อ่อนเนิบนาบ เช่น บ้านนี้หญวบ ๆ แล้ว - บ้านนี้จะพังแล้ว"
หยวบ 1,ว.,"สั่น, ยวบ (ดู หญวบ)."
หยอก 0,ก.,"ร่อน, เขย่า, สั่น"
หยอก 1,น.,ขนบนคอไก่ (ดู เหญียก น.).
หยอก 2,ก.,"ร่อน, เขย่า, สั่น (ดู แร่ง ก.)."
หยอก 3,น.,ขนบนคอไก่
หย็อกหย็อก 0,ว.,เหยาะ ๆ.
หย็อกแหย็ก 0,ว.,งอแง.
หย็อกแหย็ก 1,ว.,อาการเดินที่ไม่ปกติ เช่น เดินหย็อกแหย็ก.
หยอง 0,น.,เครื่องมือดักปู รูปร่างคล้ายยอ แต่ขนาดเล็กกว่า มีความกว้างยาวประมาณ ๒ ฟุต
หยอง 1,น.,เครื่องมือดักปู (ดู หญอง).
หย็อง 0,ว.,"พันกันยุ่ง (ช.พ., ก.บ.)"
หย็อง 1,ก.,"กระเด้า, การยกก้นขึ้นๆ ลงๆ เวลามีเพศสัมพันธ์"
หย็อง 2,ก.,กระเด้า (ดู หญ็อง ก. ๓.).
หย้อง 0,น.,เครื่องมือจับปูคล้ายยอเล็ก ๆ มีเหยื่อล่อไว้ตรงกลาง
หย็องหย้อ 0,ว.,"เงื่องหงอย, อาการที่ไก่เป็นโรคระบาด (ดู คร็องคร่อ)."
หยองหยอง 0,ว.,"ยอง, อาการที่นั่งชันเข่า ทั้ง ๒ โดยก้นไม่ถึงพื้น"
หยองหยอง 1,ว.,อาการที่นั่งชันเข่าทั้ง ๒ โดยก้นไม่ถึงพื้น (ดู อยอง ว.).
หย็องหย็อง 0,ว.,เหยาะ ๆ เช่น โดดหญ็อง - กระโดดเหยาะ ๆ
หย็องหย็อง 1,ว.,เหยาะ ๆ (ดู หญ็อง ว. ๑.).
หย้องแหย้ง 0,ว.,"ผอมบาง, กระย่องกระแย่ง"
หย้องแหย้ง 1,ว.,ขยุกขยุย ไม่เรียบร้อย เช่น สาดแหกหญ้องแหญ้ง - เสื่อขาดขยุกขยุย.
หย้องแหย้ง 2,ว.,ผอมบาง (ดู หญ้องแหญ้ง ว. ๑.).
หยอด 0,ว.,"แคระแกร็น, ซูบ, ไม่เจริญเติบโต"
หยอด 1,ก.,"หยอด, ใส่ลงหรือเทลงคราวละน้อย ๆ ในภาชนะหรือสิ่งที่มีปากหรือรูไม่กว้างนัก เช่น หยอดยา - ใส่ยา."
หยอดข้าวหยอดน้ำ 0,สำ.,อาการสาหัส.
หยอดไขขาง 0,ก.,แมลงวันวางไข่.
หยอดไขขาง 1,ว.,แคระแกร็น (ดู หญอด ว. ๒.).
หยอดแหยด 0,ว.,"เหยียบขี้ไก่ไม่ฝ่อ เหยาะแหยะ, ไม่จริงจัง."
หยอดแหยด 1,ว.,"กะปลกกะเปลี้ย, อ่อนแอ."
หยอน 0,ก.,"หย่อน, ค่อย ๆ ผ่อนลงมาจากที่สูง."
หยอนท้าย 0,ก.,"หย่อนตัวลงเพื่อจะนั่ง, หย่อนก้น."
หยอนหูก 0,ก.,ทำเชือกที่ดึงด้ายทอผ้าที่ตึงให้หย่อนลง.
หย็อมหย็อม 0,ว.,ไม่เต็มเต็ง.
หยอมแหยม 0,ว.,"ราง ๆ, บาง ๆ (ดู หริบเหริด)."
หยอมแหยม 1,ว.,"ราง ๆ, บาง ๆ เช่น ไร่นี้ข้าวขึ้นหริบเหริด - ไร่นี้ข้าวขึ้นบาง ๆ (ส.ฎ.)"
หย้อย 0,ก.,"หย่อนก้นลง. นั่งลงชั่วประเดี๋ยว, ย่อเข่าลง, ย่อตัวลง"
หย้อย 1,ก.,"หย่อนก้นลง, ย่อตัวลง (ดู หญ้อย)."
หยัก 0,ก.,"เกี่ยงงอน, กระเง้ากระงอด"
หยัก 1,ว.,"หงิกงอ, หยิกหยอย"
หยัก 2,ก.,"เกี่ยงงอน, กระเง้ากระงอด (ดู หญัก ก. ๒.)."
หยัก 3,ก.,"เฉือนหรือควั่นให้เป็นรอยคอด, ทำให้เป็นรอย (น.ธ.)."
หยักคอ 0,ก.,"ตัดคอ, ฆ่า, ทำให้เสียชื่อเสียง."
หยักคอ 1,ว.,หงิกงอ (ดู หญิก).
หยัง 0,ก.,หยั่งใจ.
หยัง 1,ก.,"หยั่ง, คาดคะเน, ยั้งมี (ดู อยัง)."
หยัด 0,ว.,เผื่อ เช่น กินไม่หญัดเพื่อน - กินไม่เผื่อผู้อื่น.
หยัด 1,ว.,เผื่อ (ดู หญัด ว.).
หยัดปาก 0,ก.,"ต่อยปาก, บังคับให้กินโดยเอาของกินจุกปากให้."
หยัน 0,ก.,ขยัน
หยัน 1,น.,น้ำที่ออกมาจากผลไม้เนื่องจากความฉ่ำน้ำ (ภ.ก.).
หยัน 2,ก.,ขยัน (ดู หญัน ก.).
หยัน 3,ว.,"ดี, วิเศษ (ช.พ.)."
หยับ 0,ก.,"กระถด, เลื่อนไปเล็กน้อย"
หยับ 1,ก.,"ขยับ, กระเถิบ"
หยับ 2,ว.,เกือบ เช่น หญับโถกถีบ - เกือบโดนถีบ.
หยับ 3,ก.,ขยับ (ดู หญับ).
หยับเยิ่ม 0,ก.,"ไหว, สั่นยวบ, กระดก (ช.พ.)."
หยับหย็อง 0,น.,กระดานหก (ดู หญับโหยง น. ๑.)
หยับหย็อง 0,น.,"กระดานหก, เครื่องเล่นสำหรับเด็กอย่างหนึ่ง เป็นแผ่นไม้กระดานระหว่างกึ่งกลางความยาวของไม้ มีขาซึ่งตรึงติดกับแผ่นไม้ ผู้เล่นนั่งที่ปลายไม้ทั้ง ๒ ข้าง ผลัดกันกระดกไม้กระดานให้ขึ้นลง"
หยับหยาบ 0,ก.,"ขยับขยาย, ปรับตัว."
หยับโหยง 0,น.,"กระดานหก, เครื่องเล่นสำหรับเด็กอย่างหนึ่ง เป็นแผ่นไม้กระดานระหว่างกึ่งกลางความยาวของไม้ มีขาซึ่งตรึงติดกับแผ่นไม้ ผู้เล่นนั่งที่ปลายไม้ทั้ง ๒ ข้าง ผลัดกันกระดกไม้กระดานให้ขึ้นลง"
หยับโหยง 1,น.,กระดานหก (ดู หญับโหยง น. ๑.)
หยัวหยัว 0,ว.,ยั้วเยี้ย
หยัวะ 0,น.,เรียกลูกอ๊อดหรือลูกของสัตว์ครึ่งบกครึ่งน้ำ ในช่วงที่เป็นตัวอ่อนยังมีหางอยู่ว่า “ ลูกรวก ”
หยัวะ 1,น.,ลูกอ๊อด (ดู รวก น. ๑.).
หยัวะปุด 0,น.,"ชื่อไม้ล้มลุกจำพวกข่า แต่โตกว่า มีหลายชนิด เช่น ปุดนา, ปุดช้าง"
หยัวะหยัวะ 0,ว.,ยั้วเยี้ย
หยาจก 0,ว.,"เกินพอดี, น่าเกลียด เช่น พีพันนี้เขาเรียก พีหญาจก."
หยาจก 1,ก.,ตะกละตะกลาม (ดู หญาจก).
หย้ามใจ 0,ว.,"ย่ามใจ, ได้ใจ, หลงระเริง, ประมาท."
หยามน้ำ 0,น.,ช่วงเวลาในฤดูฝนหลังจากฝนตกหนักจนมีท่วมขังตามพื้นที่ต่าง ๆ ประมาณเดือนพฤศจิกายน - ธันวาคม
หย้ามหมันแหละ 0,ว.,ปล่อยมันเถอะ
หยามหยี่หยามใย 0,ก.,"เซ้าซี้, จํ้าจี้จํ้าไช (ภ.ก.)."
หยาแร็ต 0,น.,บุหรี่ (ดู แกแร็ต).
หยาว 0,ก.,กิริยายกขึ้นยกลงซ้ำ ๆ กัน เช่น เวลาสตาร์ตรถยนต์ต้องหยาวหน่ามมันฮีด - ต้องเหยียบคันน้ำมันสลับกันหลาย ๆ ครั้ง (ภ.ก.).
หยาว 1,ก.,กระเด้า (ดู หญ็อง ก. ๓.).
หยาว 0,ก.,"กระเด้า, ทำก้นขึ้น ๆ ลง ๆ"
หยาว 1,ก.,"กระเด้า, การยกก้นขึ้นๆ ลงๆ เวลามีเพศสัมพันธ์"
หยาสูบ 0,น.,บุหรี่ (ดู แกแร็ต).
หย่าโห้ย 0,น.,มะม่วงหิมพานต์ (ดู ยาร่วง).
หยำ 0,ก.,"ขยำ, กายํ้า ๆ, บีบยํ้า ๆ, คลุก"
หยำ 1,ก.,คลุก (ดู หญำ).
หย้ำ 0,ว.,คำล้อเลียน อวดว่าตนเองได้กิน แต่คนอื่นไม่ได้กิน ดังบทร้องว่า “ แด็กปากเปลา เราปากหวาน แด็กชี้คร้าน หญํ้าให้หมันกิน ”.
หย้ำ 1,ก.,"ขยํ้า, ติดใจ (ดู หญ้ำ)."
หยิก 0,ก.,อาการที่หวั่นกลัวจนสะดุ้ง เช่น พอเห็นหน้าครู ฉันทกหยิก.
หยิน 0,น.,กระดาษเงินที่ใช้เผาไหว้เจ้า
หยิบ 0,น.,ปริมาณของเท่า ๒ นิ้วมือหรือ ๓ นิ้วมือหยิบขึ้น ครั้งหนึ่ง เรียกว่า หยิบหนึ่ง.
หยิบเกลือ 0,น.,ความยาวหรือความสูงที่วัดได้โดยนิ้วมือขยุ้มพอหยิบติด.
หยิบเกลือ 1,ก.,เอานิ้วมือจับขึ้น.
หยิบติด 0,ก.,"หยิบได้, ฉวยไว้ได้."
หยิบเบอร์ 0,ก.,จับสลาก.
หยิว 0,ก.,"เช็ดถู, ทำความสะอาด เช่น หยิวพื้น - เช็ดพื้น."
หยี 0,น.,"ต้นเขลงหรือหยี, ชื่อไม้ต้น ผลมีเมล็ดเดียว เมื่อแก่เปลือกกรอบสีดำ เนื้อหุ้มเมล็ดลีน้ำตาล รสเปรี้ยวอมหวาน"
หยี 1,น.,ต้นเขลง (ดู หญี).
หยี 2,น.,ไพ่ในมือของผู้อื่น เช่น เกกหยี – การเก็งไพ่ในมือของคู่ต่อสู้มีอะไรบ้าง เพื่อจะได้ทิ้งไพ่ตัวที่ทำให้คู่ต่อสู้ไม่ได้ประโยชน์จากตัวนั้น (ภ.ก.).
หยี่ 0,น.,"สอง (จ., ภ.ก.)."
หยี่โก้ 0,น.,พี่ชายคนที่สอง.
หยี่่ฉิว 0,น.,รองหัวหน้า.
หยี่ปั๋ว 0,น.,"ยี่ปั๊ว, ช่วงที่สอง."
หยี่เปะ 0,น.,น้ำตาลทรายขาวชั้นที่สอง.
หยี่แส่ 0,น.,แช่ (ดู แส้).
หยี่แส่ 0,น.,"แซ่, ชื่อสกุลของจีน, เชื้อสาย"
หยี่โห่ 0,น.,"ยี่ห้อ (จ., ภ.ก.)."
หยี่อ๋อง 0,น.,"ผู้ว่า (จ., ภ.ก.)."
หยี่อิด 0,น.,ไพ่ยี่สิบเอ็ด.
หยุก 0,ก.,"ขยุกขยิก, ย่น, ยับ, พับอยู่"
หยุก 1,ก.,"ขยุกขยิก, ย่น (ดู หญุก)."
หยุกหยุย 0,ว.,"ขยุกขยุย, ยุ่งเหยิง ไม่เป็นระเบียบ"
หยุกหยุย 1,ว.,ขยุกขยุย (ดู หญุกหญุย).
หยุด 0,ก.,"หยุด, อยู่นิ่ง, อยู่กับที่, ชะงัก, พัก, ไม่กระทำต่อ"
หยุด 1,ก.,หยุด (ดู ยึด ก. ๑).
หยุ่นถึง 0,น.,"กาละแมมีไส้ (จ., ภ.ก.)."
หยุม 0,ว.,รุงรัง
หยุม 1,ว.,รุงรัง (ดู หญุ้ม ว. ๒.).
หยุย 0,น.,การเล่นไล่จับกันในน้ำ.
หยุย 1,ว.,คำร้องประกอบการเล่นไล่กันในน้ำ.
หยู 0,น.,หูจับ เช่น ทะใบบัวไม่หยู แขวนไม่ได้ควํ่าอย่างเดียว.
หยู 1,น.,หูแขวน เช่น ปฏิทินไหรไม่รู้ ไม่ทำหยูให้แขวนกัน.
หยู 2,ว.,เสียงร้องเช่นนั้น ใช้สั่งให้ควายหยุด (ดู เชียม ว.).
หยู 0,ว.,เสียงร้องเช่นนั้น ใช้สั่งให้ควายหยุด
หยูเครง 0,น.,เดี๋ยวนี้ (ดู เคียมอยู่).
หยูน 0,น.,"กำพืด, ตระกูล, ประยูรญาติ."
หยูมหยาม 0,ว.,"เลอะเทอะ, สกปรก"
หยูมหยาม 1,ว.,เลอะเทอะ (ดู หญูมหญาม).
หรด 0,ก.,พูดล้อเลียน เปรียบเปรยผู้อื่นในเชิงสนุกสนาน (ส.ข.)
หร็อก 0,น.,ชื่อปาล์มชนิดหนึ่ง ลำต้นคล้ายต้นหมาก ใบคล้ายใบสิเหรง
หร็อกน้ำ 0,น.,"ธมกรก, กระบอกกรองน้ำของพระสงฆ์ (เป็นเครื่องใช้สอย ๑ อย่างในอัฐบริขาร)."
หร็อง 0,น.,"กับดัก, จั่น."
หร็องแหร็ง 0,ว.,กะรุ่งกะริ่ง.
หรอด 0,น.,"นกกระยางกรอก, ชื่อนกกระยางขนาดเล็ก"
หรอด 1,น.,นกกระยางกรอก (ดู กรอด น. ๒.).
หร็อน 0,ก.,"เสียดสี, ล้อเลียน."
หรอย 0,ว.,"อร่อย, มีรสดี."
หรอย 1,ว.,ถึงอกถึงใจ.
หรอย 2,ว.,"ทื่อ, บิ่นเล็กน้อย เช่น หมึงเอาหมีดไปซับหีน หมีดก้าหรอยมดแล้ - มึงเอามีดไปสับหิน มีดก็บิ่นหมดนะซิ่ (ภ.ก.)."
หรอย 3,ว.,หมุนติ้ว (ช.พ.).
หรอยคอแรง 0,สำ.,ได้กินฟรีอย่างสมอยาก.
หรอยคาด 0,ว.,อร่อยมาก.
หรอยจังหู 0,ว.,อร่อยมาก.
หรอยใจ 0,ว.,"อร่อยถึงใจ, สมใจนึก, สะใจ."
หรอยใจ 1,สำ.,สมน้ำหน้า.
หรอยแต่ปาก ยากถึงวาน 0,สำ.,การบริโภคที่ต้องการแต่ความอร่อยอย่างเดียว โดยไม่คิดถึงความเสียหายของร่างกายส่วนอื่น มักจะเป็นโทษแก่ผู้บริโภคเอง
หรอยน้ามึ่ง 0,ว.,ดีนะมึง (ภ.ก.).
หรอยปาก ลำบากตูด 0,สำ.,การบริโภคที่ต้องการแต่ความอร่อยอย่างเดียว โดยไม่คิดถึงความเสียหายของร่างกายส่วนอื่น มักจะเป็นโทษแก่ผู้บริโภคเอง
หรอยแรง 0,ว.,พิลึกจริง.
หระ 0,น.,ตัวหนอนในพืชมีหัวและผลไม้ เช่น มัน กล้วย เป็นต้น
หระ 1,ก.,การเอามือหรือเท้าไปลากกระทบอะไรบางอย่าง เช่น รั้วสังกะสีที่เป็นลูกคลื่นให้เกิดเสียงดัง (ภ.ก.)
หระปู 0,น.,ปลาเก๋า (ดู หล้าปู).
หระปู 0,น.,"ปลาเก๋า, ชื่อปลาทะเลที่มีสีต่าง ๆ เป็นแต้ม ด่าง ดวง ลาย หรือจุดประคลํ้าทึบเช่นตุ๊กแก"
หรัง 0,น.,"ลูกรัง, หินแลงที่เป็นเม็ด ๆ."
หรัง 1,น.,เม็ดนิ่วในกระเพาะปัสสาวะ.
หรัง 2,น.,"ฝรั่ง, ชนชาติผิวขาว"
หรัง 3,ว.,"ทนทาน, แข็งแรง (ก.บ.)"
หรังรุกที่ 0,น.,"ต้นสาบเสือ, ชื่อไม้ล้มลุก เป็นวัชพืชชิ้นทั่วไป ใบมีกลิ่นเหม็น ใช้ทำยาได้"
หรังรุกที่ 1,น.,ต้นสาบเสือ (ดู ขี้ไก ๓.).
หรับ 0,ก.,ไว้วางใจ (ดู หญัด ก. ๑.).
หรับ 0,ก.,ไว้วางใจ
หรัวะ 0,น.,เรียกลูกอ๊อดหรือลูกของสัตว์ครึ่งบกครึ่งน้ำ ในช่วงที่เป็นตัวอ่อนยังมีหางอยู่ว่า “ ลูกรวก ”
หรัวะ 1,น.,ลูกอ๊อด (ดู รวก น. ๑.).
หรา 0,น.,ตัวหนอนในพืชมีหัวและผลไม้ เช่น มัน กล้วย เป็นต้น
หรา 1,ก.,การเอามือหรือเท้าไปลากกระทบอะไรบางอย่าง เช่น รั้วสังกะสีที่เป็นลูกคลื่นให้เกิดเสียงดัง (ภ.ก.)
หรา 2,น.,ตัวหนอนในพืชมีหัวและผลไม้ (ดู หระ น.).
หรา 3,ก.,"คํ้าประกัน, จำนำ, จำนอง (ส.ฎ., น.ศ., ส.ข.)"
หรา 4,ก.,ฉาบน้ำตาล (ดู หลา ก. ๓.).
หรา 5,ก.,การเอามือหรือเท้าไปลากกระทบอะไรบางอย่าง เช่น รั้วสังกะสี ที่เป็นลูกคลื่นให้เกิดเสียงดัง (ดู หระ ก.).
หรา 6,ว.,หน้าตกกระ.
หรา 7,ก.,ฉาบน้ำตาล
หร้า 0,น.,ตัวหนอนในพืชมีหัวและผลไม้ เช่น มัน กล้วย เป็นต้น
หร้า 1,น.,ตัวหนอนในพืชมีหัวและผลไม้ (ดู หระ น.).
หร้า 2,น.,ชื่อแมลงชนิดหนึ่ง ตัวเล็ก มีกลิ่นฉุนคล้ายกลิ่นแมงดานา ใช้ตำกับน้ำพริกได้.
หร้า 3,น.,ชื่อพืชสมุนไพร ใบคล้ายขมิ้น มีกลิ่นฉุนคล้ายแมงหร้า.
หร้ากัน 0,น.,"เพื่อน, เกลอ (ดู รากัน)."
หร้ากัน 0,น.,"เพื่อน, เกลอ (ส.ต.)"
หราง 0,น.,"คุก, ตะราง, ที่ขังนักโทษ, ที่คุมขังนักโทษ."
หราง 1,น.,รางใส่อาหารให้สัตว์กิน (ส.ข.).
หราง 2,น.,"ตาราง, ช่องสี่เหลี่ยมที่เกิดจากเส้นขนานในแนวยืนกับแนวนอนตัดกัน (น.ธ., พ.ท.)."
หราด 0,ก.,"ลื่น, หงายหลัง, ก้าวพลาด, เหยียบพลาด, ผิดหวัง"
หร่าโต๊ะ 0,น.,"ผู้ใหญ่, ปู่, ตา (ดู ดาโต๊ะ)."
หร่าโต๊ะ 0,น.,"ผู้ใหญ่, ปู่, ตา"
หร่าถดหร่าไท 0,ก.,"โศกเศร้า, ท้อแท้ เทียบได้กับรันทดฤทัย (ภ.ก.)."
หร่าไท 0,ว.,"ระนาว, มากมาย (ภ.ก.)."
หร้าปู 0,น.,ปลาเก๋า (ดู หล้าปู).
หร้าปู 1,น.,"ปลาเก๋า, ชื่อปลาทะเลที่มีสีต่าง ๆ เป็นแต้ม ด่าง ดวง ลาย หรือจุดประคลํ้าทึบเช่นตุ๊กแก"
หราม 0,ว.,"อร่าม, แพรวพราว, สว่างไสว เช่น รอให้เดือนพอหรามจึงค่อยไป - รอให้ดวงจันทร์สว่างเสียก่อนจึงค่อยไป."
หรำ 0,ว.,ใหญ่ (ช.พ.).
หรำหรา 0,ว.,ทรุดโทรมมาก (ภ.ก.).
หรำหรา 1,ว.,เก่าไม่น่าดู (น.ศ.).
หรำแหร้ 0,ว.,เต็มที่.
หริ 0,น.,"อริ, ข้าศึก, ผู้ไม่ถูกกัน."
หริกหริก 0,ว.,"ก้อร้อก้อติก, อาการที่ทำเป็นเจ้าชู้"
หริกหริก 1,ว.,ก้อร้อก้อติก (ดู ดิกดิก ว. ๒.).
หริง 0,น.,เชือกขึงตึง สำหรับกั้นดักสัตว์.
หริง 1,น.,"วงล้อ, ส่วนของล้อรถจักรยานและจักรยานยนต์ซึ่งเป็นวงกลมสำหรับหมุนเคลื่อนพารถ (เทียบ อ. ring)."
หริง 2,น.,"ขั้ว, ส่วนที่ต่อของก้านดอกไม้ ใบไม้ ผลไม้ และอื่น ๆ"
หริ้ง 0,น.,ชื่อหนูชนิดหนึ่ง ตัวเล็ก
หริ้งแหร้ 0,น.,"เรไร, ชื่อจักจั่นสีน้ำตาล ตัวผู้มีอวัยวะพิเศษทำให้เกิดเสียงสูงและตํ่า มีกังวานสลับกันไปได้หลายระดับ"
หริ้งแหร้ 1,น.,จักจั่น.
หริ้งแหร้ร้อง 0,น.,ช่วงเวลาใกล้ค่ำซึ่งจะมีเสียงจักจั่นร้อง ประมาณ ๑๘.๐๐ นาฬิกา.
หริด 0,น.,"จริต, กิริยาหริออาการ, สันดาน เช่น “ หริดติดผัว โส้ทานเสียผัว ไม่ยอมเสียหริด ” – รักสันดานยิ่งกว่ารักผัว."
หริดดี 0,สำ.,กล่าวประชด หมายถึง “ นิสัยไม่ดี ”.
หริบ 0,ว.,เล็กมาก (น.ธ.).
หริบหรับ 0,ก.,"พรำ, ตกน้อย ๆ เรื่อยไป."
หริบหรับ 1,ว.,คันยุบยิบ.
หริบหรับ 2,ว.,อาการที่ฝนตกน้อย ๆ เรื่อยไป.
หริบเหริด 0,ว.,"ราง ๆ, บาง ๆ เช่น ไร่นี้ข้าวขึ้นหริบเหริด - ไร่นี้ข้าวขึ้นบาง ๆ (ส.ฎ.)"
หริ้ม 0,ว.,"สวย, งาม"
หริ้มแหร้ 0,ว.,"สวย, งาม"
หริว 0,ว.,จวนจะหลับ
หริว 1,ว.,จวนจะหลับ (ดู ขริว).
หริวหริว 0,ว.,จวนจะหลับ (ดู ขริว).
หริวหริว. 0,ว.,จวนจะหลับ
หรีด 0,น.,"จิ้งหรีด, ชื่อแมลง ลำตัวขนาดปานกลางหนวดยาว มีปีก ๒ คู่ ปากเป็นชนิดกัดกิน หัวและอกมีขนาดไล่เลี่ยกัน ตัวผู้มีอวัยวะพิเศษสำหรับทำเสียง"
หรีด 1,น.,"พวงหรีด, ดอกไม้ที่จัดแต่งขึ้นตามโครงรูปต่าง ๆ เช่น วงกลม วงรี สำหรับใช้เคารพศพ."
หรี่หรี่ 0,ว.,"อาการพัดของลม, รวยริน (ภ.ก.)"
หรึกรือ 0,น.,เรียกตัวอักษร ฤ ฤๅ (ภ.ก.).
หรึกรือ 1,ว.,รุ่มร่าม (ภ.ก.).
หรึดหรึด 0,ว.,"มาก, ยิ่ง, อึกทึก เช่น งานนี้คนมากันรึบรึบ."
หรึดหรึด 1,ก.,รีบเร่ง (ดู รึบรึบ).
หรุกรุย 0,ว.,ปุกปุย เช่น หมานี้ขนรุกรุย
หรุกรุย 1,ว.,ปุกปุย (ดู รุกรุย).
หรุง 0,น.,"ตะกร้า, กรงนก, ภาชนะใส่ปลาที่ทำจากไม้ไผ่ (ดู กะหรง)."
หรุง 0,น.,"ตะกร้า, กรงนก, หรือภาชนะใส่ปลาที่ทำจากไม้ไผ่ (ส.ต.)"
หรุนหริน 0,ก.,"กวน, รบกวน, กระวนกระวาย เช่น ไอ้แดงหรุนหรินอี้ไปแลหนังให้ได้."
หรุบ 0,ก.,แลกเงิน เช่น เอาใบร้อยไปหรุบให้ที - เอาใบร้อยไปแลกเงินย่อยให้หน่อย
หรุบ 1,ว.,"พูดรัว, พูดเร็ว"
หรุบหรุบ 0,ว.,"พูดรัว, พูดเร็ว"
หรุม 0,ว.,"ตะคุ่ม, ที่เห็นเป็นเงาดำ ๆ เพราะอยู่ในที่ หรือในระยะที่เห็นไม่ถนัด"
หรุม 1,ว.,"ครึ้ม เช่น แดดหรุม - แดดครึ้ม, หนวดหรุม - หนวดครึ้ม (ภ.ก.)."
หรุย 0,ก.,แกลังพูดให้อาย.
หรุยหรุย 0,ว.,"อาการพัดของลม, รวยริน (ภ.ก.)"
หรุยหรุย 1,ว.,"อาการพัดของลม, รวยริน (ดู หรี่หรี่)."
หรูด 0,น.,ลิปสติก (ดู หลูด น.).
หรูด 1,ก.,เลื่อนลงมาจากที่เดิมอย่างรวดเร็ว
หรูด 2,น.,"ลิปสติก, ชื่อเครื่องสำอางชนิดหนึ่งสำหรับทาริมฝีปากให้เป็นสีต่าง ๆ มักเป็นสีแดงหรือสีชมพู โดยมากมักทำเป็นแท่งเล็ก ๆ."
หรูดฉูดฉาด 0,ว.,"สวยบาดตา (ส.ฎ.), บาดตา."
หรูดฉูดฉาด 1,ว.,"ประปราย, ไม่เต็มที่ เช่น เงาะต้นนี้ออกโลกหรูดฉูดฉาด - เงาะต้นนี้ออกผลประปราย."
หรูดฉูดฉาด 2,ว.,"เสียหาย, ยับเยิน เช่น ไปแลทีต้า อีแดง สานสาดหมึงหรูดฉูดฉาดแหม็ดแล้ว - ไปดูทีเถอะอีแดงสานเสื่อของมึงเสียหายหมดแล้ว."
หรูดหมาน 0,ว.,หมดตัว (ภ.ก.).
หรูม 0,ว.,วางเด่น.
หรูม 1,ว.,ไกลโพ้น
หรูม 2,อุ.,ด้วยความประหลาดใจ (ดู โหรม อุ.).
หรูม 3,อุ.,คำอุทานแสดงความประหลาดใจ เช่น แลโหรมชาติสวยจริง
หรูมหราม 0,น.,"ชื่อสัตว์จำพวกแมงมุม ตัวแดง ขายาว มีพิษ กัดผู้ใดเจ็บปวดมาก อย่างเด็ก ๆ ร้องว่า “ หรูมหราม ตามไต้ขบไขนายคล้าย ไส่เหลิงกั่นพร้า ""."
หรูมหราม 1,ว.,เร่อร่า.
หรู้หรี 0,ก.,เลี้ยงแขก (ม. kenduri)
หลก 0,น.,"ถลกบาตร, รองบาตรที่มีสายคล้องบ่า."
หลก 1,น.,ถุงกระดาษ
หลก 2,ก.,"ถก, ดึงรั้งให้สูงขึ้นอย่างถกผ้าถุง ถกแขนเสือ, ดึงให้หลุดลอกออกมาอย่างถกหนังหัว."
หลก 3,ก.,"ตลก, ทำให้คนอื่นขบขันด้วยคำพูดหรือกิริยาท่าทาง เป็นต้น."
หลก 4,ก.,เปิดไพ่ตัวเกมด้วยตนเอง.
หลกขกแช็ก 0,ว.,"เล็ก ๆ น้อย ๆ, เบ็ดเตล็ด, ไม่เป็นชิ้นเป็นอัน"
หลกเจ้าเมือง 0,สำ.,ทำเรื่องของผู้ใหญ่ที่นับถือมาพูดตลก.
หลกเจ้าเมือง 1,สำ.,ผู้ใหญ่ที่ดูท่าทางเคร่งขรึมจริงจัง พูดหรือทำท่าตลก (ภ.ก.).
หลกฉกแฉ็ก 0,ว.,"เล็ก ๆ น้อย ๆ, เบ็ดเตล็ด, ไม่เป็นชิ้นเป็นอัน"
หลกหลก 0,ว.,"สนุก ๆ, เล่น ๆ, ทีเล่นทีจริง."
หลกหลก 1,ว.,รีบ ๆ (ภ.ก.).
หลกหลวง 0,น.,ตลกหลวง คนที่มีนิสัยสนุกสนาน ร่าเริง และทำให้คนอื่นพลอยร่าเริงไปด้วย (ภ.ก.).
หลกแหล็ก 0,ว.,"เล่น ๆ, ไม่จริงจัง, เหลวไหล, ไม่เป็นสาระ"
หลกแหล็ก 0,ว.,"เหลวไหล, ไม่แน่นอน, ไม่คงที่, เชื่อถือไม่ได้ เช่น คนกรกแกร็ก - คนที่เชื่อถือไม่ได้"
หลกโหล 0,ว.,"ทำเป็นเล่น, โลเล, ไร้สาระ, ตลบตะแลง."
หลง 0,ก.,"ลุ่มหลง, หมกมุ่น, มัวเมา."
หลง 1,ก.,"หลงผิด, หลงประพฤติไปในทางที่ผิด."
หลง 2,ก.,ลืม.
หลง 3,ก.,"ไม่ตรง, ผิด เช่น หลงหยาม - ผิดฤดู."
หล้ง 0,ว.,"สับสน, หลงลืม, เผอเรอ, ยุ่งเหยิง"
หล้ง 1,ก.,นับจำนวนผิดพลาด
หล้ง 2,ว.,"สับสน, ยุ่งเหยิง (ดู ขรั้ว)."
หล้ง 3,ว.,หลงเหลือ.
หล้งจ้อง 0,ว.,ทั้งหมด.
หล้งจู้ 0,น.,"ผู้จัดการ (จ., ภ.ก.)."
หล้งฉ้ง 0,ว.,"สับสน, หลงลืม, เผอเรอ, ยุ่งเหยิง"
หล้งฉ้ง 1,ว.,"สับสน, ยุ่งเหยิง (ดู ขรั้ว)."
หลงแม่ 0,ก.,สำคัญผิดว่าเป็นแม่ของตน.
หลด 0,น.,"ชื่อปลาหลด, ชื่อปลาน้ำจืด ลำตัวยาว แบน ข้างปลายจะงอยปากบนเรียวยาว."
หลด 1,ก.,"สลด, รู้สึกรันทดใจ, สังเวชใจ."
หลดแหล็ด 0,ก.,การเก็บเกี่ยวเม็ดมะม่วงหิมพานต์ ที่ปลิดเอามาแต่เมล็ด ส่วนเนื้อก็ปล่อยให้ห้อยไว้ที่ก้าน (ภ.ก.).
หลน 0,น.,ชื่ออาหารประเภทเครื่องจิ้มชนิดหนึ่ง ประกอบด้วย กะทิ หัวหอม หมูหรือกุ้งสับ เคี่ยวร่วมกันแล้วใส่ปลาร้าหรือเต้าเจี้ยวแห้ง เป็นต้น อย่างใดอย่างหนึ่ง เรียกชื่อตามนั้น ปรุงรสให้เปรี้ยว เค็ม หวาน รับประทานกับผักสด.
หลน 1,น.,ตัวหนอนและดักแด้ผีเสื้อกลางคืนชนิดหนึ่ง กินได้.
หลน 2,น.,ชื่อค้างคาวชนิดหนึ่ง.
หลน 3,ก.,"ตกลงมา, ร่วงลง, หล่น."
หลน 4,ก.,"สับ อย่างลวก ๆ เช่น หลนเมด - ลับมีดอย่างลวก ๆ, หลนพร้า - ลับพร้าอย่างลวก ๆ."
หลน 5,ว.,โปน (ดู หลุน).
หลน 6,ว.,โปน เช่น ตาหลุน – ตาโปน
หลบ 0,ก.,กลับ.
หลบ 1,ก.,"หลบหน้า, หลบไปไม่เผชิญหน้า."
หลบ 2,ก.,"มูนเหนียว, เอากะทิเคล้ากับข้าวเหนียวเพื่อให้มัน."
หลบ 3,ก.,"มุงด้วย จากหลบ, ซ่อมหลังคา."
หลบ 4,ก.,"สลบ, อาการที่หมดความรู้สึก."
หลบ 5,ก.,"แอบ, ทำโดยไม่ให้ผู้อื่นรู้เห็นโดยอาการต่างๆ เช่น แด็ก ๆ หลบหลังต้นไม้."
หลบ 6,สำ.,"เที่ยว, ครั้ง เช่น ไป ๒ หลบ - ไป ๒ ครั้ง."
หลบทบแท่ง 0,ว.,สะท้อนหรือกระดอนกลับมาถูก.
หลบทบแท่ง 1,ว.,ตรงกับ สำนวน “ ตีวัวกระทบคราด ” .
หลบทบแท่ง 2,สำ.,วางของไว้ผิดที่ผิดทางหาไม่เจอ (น.ศ.).
หลบฝา 0,น.,วัฒนธรรมอย่างหนึ่งของชาวภาคใต้ โดยชายคู่หมั้นไปอยู่บ้านฝ่ายหญิง เพื่อทดลองปฏิบัติงานในหน้าที่ฝ่ายชาย เช่น ไถนา ทำสวน ฯลฯ ถ้าพ่อแม่ฝ่ายหญิงพอใจ ก็จะตกลงให้แต่งงาน ถ้าไม่พอใจก็ส่งตัวกลับ และระหว่างที่ชายมาอยู่ ผู้หญิงจะให้การปรนนิบัติ เช่น จัดอาหาร จัดการเรื่องเสื้อผ้า เป็นต้น
หลบฝา 1,น.,วัฒนธรรมอย่างหนึ่งของชาวภาคใต้ที่ให้ชายคู่หมั้นไปอยู่บ้านฝ่ายหญิงเพื่อทดลองปฏิบัติงานต่าง ๆ ก่อนแต่งงาน (ดู ฝากเหฺมฺรอ).
หลบมีด 0,*น.,เรียกลักษณะของผลไม้ที่แก่จนเปลือกหุ้มเมล็ด แข็ง เมื่อเชือดหรือหั่น มีดจะเชือดเปลือกแข็งนี้ไม่เข้าว่า หลบมีด (ภ.ก.).
หลบหลัง 0,ก.,กลับหลัง.
หลบหลัง 1,สำ.,ตาย.
หลบหลังคา 0,ก.,เปลี่ยนหลังคา.
หลม 0,ก.,"จม, หายลงไปหรืออยู่ใต้ผิวพื้น เช่น หลมโคลน (ช.พ.)."
หลวง 0,น.,"ราชการ, รัฐบาล, ที่เป็นของพระเจ้าแผ่นดิน."
หลวง 1,สรรพ.,"สรรพนามเรียกพระภิกษุหรือผู้บวชเรียนแล้ว เช่น หลวงพี่, ตาหลวง, น้องหลวง."
หล้วง 0,น.,ชื่อสัตว์ชนิดหนึ่ง รูปร่างคล้ายกระแต ตัวเล็ก มีอยู่ชุกชุมแถบทิวเขาด้านตะวันตกของจังหวัดสุราษฎร์ธานี ขุดโพรงอยู่อาศัย มีพิษตามตัว ถ้าผู้ใดปัสสาวะรดจะถูกพิษ ทำให้อวัยวะเพศ มีอาการฟกช้ำ อาจถึงตายได้
หล้วง 1,น.,ชื่อสัตว์ชนิดหนึ่ง คล้ายกระแต (ดู ผีหล้วง).
หลวงคงคอ 0,น.,ครูต้นมโนราห์องค์หนึ่ง.
หลวงตา 0,น.,พ่อตา.
หลวงยาย 0,น.,แม่ยาย.
หลวด 0,ก.,กระโดด เช่น เดี๋ยวกูตีกะหลวด - เดี๋ยวกูตีได้กระโดด
หลวด 1,ก.,"อาการที่ต้นไม้แตกยอดแล้วโตขึ้นอย่างรวดเร็ว เช่น ข้าวหลวด, ผักบุ้งหลวด"
หลวด 2,ก.,"ทำผิดไปจากคนอื่น, ประพฤตินอกลู่นอกทาง, เกเร"
หลวด 3,ว.,"มาก, ยิ่ง เช่น แผ็ดหลวด - เผ็ดมาก."
หลวน 0,ก.,แท้ง เช่น ตกลูก
หลวน 1,น.,เงาะพันธุ์หนึ่ง ผลเล็ก รสเปรี้ยว ไม่ล่อน
หลวน 2,ก.,"ซน, ทำยุ่ง (ภ.ก.)"
หลวน 3,น.,"เลื่อน, ยานสำหรับบรรทุกของหนัก ใช้วัวควายลาก"
หลวน 4,น.,ไม้คร่าวสำหรับปิดคอกวัวคอกควาย.
หลวน 5,น.,เลื่อน (ดู หนวน น. ๑.).
หลวน 6,น.,เงาะพันธุ์หนึ่ง ผลเล็ก รสเปรี้ยว ไม่ล่อน (ดู ลวน).
หลวน 7,น.,เรียกลูกที่ตายก่อนคลอดว่า ลูกหลวน.
หลวน 8,ก.,ลูกตายตั้งแต่อยู่ในท้อง.
หลวน 9,ก.,"ซน, ทำยุ่ง (ดู ล้วน)."
หลวนล่อ 0,ก.,เชือกที่ร้อยจมูกควายหลุดทั้งปม (ช.พ.).
หล่วนหลาย 0,ว.,"กวนใจ, ยุ่ง, ก่อความวุ่นวาย, ไม่รู้จักที่ต่ำที่สูง (ภ.ก.)."
หลวมเหลียม 0,ว.,"ไม่เต็มกำลัง, ไม่ทะมัดทะแมง เช่น ทำหลวมเหลียม - ทำไม่เต็มกำลัง."
หลวมเหลียม 1,ว.,ไม่เต็มปากเต็มคำ เช่น พูดหลวมเหลียม - พูดอ้อมแอ้มไม่เต็มปากเต็มคำ.
หลวมเหลียม 2,ว.,"ไม่แน่นหนา, ไม่มั่นคง."
หลอ 0,น.,"เกราะ, เครื่องสัญญาณทำด้วยไม้ใช้ตี หรือสั่นให้ดัง"
หลอ 1,น.,เกราะ (ดู กร้อ น. ๒.).
หลอ 2,น.,ชื่อไม้ต้น คล้ายต้นมะเดื่อ เนื้ออ่อน มีไส้ภายในลำต้น.
หลอ 3,ก.,"หล่อ, เทโลหะเหลว หรือขี้ผึ้งเหลว เป็นต้น ลงในแม่พิมพ์ แล้วทิ้งให้แข็งเป็นรูปตามแบบ เช่น หลอพระ - หล่อพระ."
หลอ 4,ก.,"ริน, เทให้ไหลออกเรื่อย ๆ เช่น หลอน้ำ."
หลอ 5,ก.,"กลอก, กลิ้ง เช่น เขขอน ขอนหลอ - ขี่ขอนไม้ ขอนไม้กลอก."
หลอ 6,ก.,ทำอาหารให้น้ำข้นโดยใช้แป้งละลายน้ำใส่ลงไปขณะร้อน ๆ เพื่อทำให้น้ำปรุงเกาะชิ้นอาหาร ทำให้อาหารได้รสชาติขึ้น (ภ.ก.).
หลอ 7,ว.,กลวง (ใช้กับไม้ยืนต้นทุกประเภท).
หลอ 8,ว.,"หล่อ, สวย, งาม."
หลอ 9,ว.,ลื่น.
หล่อ 0,น.,"ถนน, ทาง (จ., ภ.ก.)."
หล้อ 0,น.,"กะพ้อ, ชื่อปาล์มขนาดย่อม มีหลายชนิด บางชนิดมักขึ้นเป็นกออยู่ริมทะเล หรือในน้ำเค็มขึ้นถึง บางชนิดขึ้นตามป่าดอนชุ่มชื้นและแฉะ ใบกลม แตกเป็นแฉกลึก ใบใช้ห่อของ เย็บเป็นร่ม มุงหลังคาชั่วคราว ใบอ่อนใช้มวนบุหรี่ และทำพัด"
หล้อ 1,น.,กะพ้อ (ดู พ้อ น.)
หล้อ 2,น.,กระดึงทำด้วยไม้ ใช้แขวนคอวัวควาย.
หล้อ 3,น.,กระดิ่งหรือเครื่องตีให้สัญญาณ.
หล้อ 0,น.,กระดึงสำหรับผูกคอวัวควาย
หลอก 0,ก.,"ทำให้เข้าใจผิดสำคัญผิด, ทำให้ตกใจ, ล้อ."
หลอกผี 0,ก.,ทำผีหลอก.
หลอกหาด 0,ก.,ทำทีหลอกแต่ไม่สู้จริง ใช้กับการชนวัว (ส.ข.).
หลอกหาด 1,ก.,"ถลอก, เปิดออกไป, เกิดแผลแต่บางเบา."
หลอง 0,ก.,"ฉลอง, ทำบุญหรือบูชาสิ่งใดสิ่งหนึ่งเป็นงานเอิกเริก เพื่อแสดงความปิติยินดี, จัดงานเอิกเกริกเพื่อแสดงความยินดีในโอกาสต่าง ๆ."
หล้อง 0,ก.,นับจำนวนผิดพลาด
หล่องโป่ย 0,ว.,"ฉิบหาย (จ., ภ.ก., พ.ง.)."
หล่อซี้ 0,น.,"น็อต, สกรู (ภ.ก.)."
หลอด 0,น.,"กลอน, สลัก, ดาล, ไม้ขัดประตูหน้าต่าง, เครื่องสลักประตูหน้าต่าง."
หลอด 1,น.,"หลอด, เรียกแกนที่มีช่วงกลางคอดคล้ายลูกล้อสำหรับพันด้าย, ของกลมยาว ขนาดเล็กที่มีรูตลอด เช่น หลอดด้าย."
หลอดคอก 0,น.,"กลอน, สลัก, ดาล, ไม้ขัดประตูหน้าต่าง, เครื่องสลักประตูหน้าต่าง."
หลอดคอก 1,น.,กลอนประตูคอกวัว ควาย.
หลอดปีหลอดชาติ 0,ว.,ตลอดเวลา.
หล็อดหล็อด 0,ว.,ไหลออกมาก เช่น เลือดออกหล็อดหล็อด.
หล่อติ๋น 0,น.,"ย่านเบื่อ ใช้เป็นยาเบื่อปลา หรือยาฆ่าแมลง (จ., ภ.ก.)"
หล่อตี่ป้าว 0,น.,"ขนมปังก้อนกลม ไส้สังขยา (จ., ภ.ก.)"
หล่อเต้ง 0,น.,"ตะเกียงริมทาง (จ., ภ.ก.)."
หลอน 0,น.,เรียกหัวนมหลอก ว่า “ หัวหลอน ”.
หลอน 1,ก.,"หลอกหลอน, เกิดปรากฏการณ์ที่ทำให้สะดุ้ง ตกใจกลัว."
หล้อน 0,ก.,"ปอก, เอาเปลือกหรือสิ่งที่ห่อหุ้มออก เช่น หล้อนกล้วย - ปอกกล้วย."
หล้อน 1,ว.,"เปลือยเปล่า, ไม่มีอะไรปกปิดร่างกาย, ไม่มีอะไรติดตัว"
หล้อน 2,ว.,"ล่อน, หลุดออกหมดไม่มีเหลือ เช่น เงาะหล้อน - เงาะล่อน."
หล้อน 3,ว.,กะล่อน.
หล้อนจ้อน 0,ว.,"เปลือยเปล่า, ไม่มีอะไรปกปิดร่างกาย, ไม่มีอะไรติดตัว"
หลอนป้อง 0,ก.,กิริยาที่ปลากระโดดหนีออกจากที่กั้น.
หลอบ 0,ก.,ปลอบประโลม.
หลอม 0,น.,"ฉลอม, ชื่อเรือต่อชนิดหนึ่ง คล้ายเรือกระแซง หัวท้ายงอนเรียว กลางป่อง ตัวเรือเป็นเหลี่ยม กระดานข้างเรือเป็นทับเกล็ด นิยมใช้ตามหัวเมือง ชายทะเลแถบอ่าวไทย สำหรับบรรทุกสินค้า หรือหาปลา อาจติดใบหรือไม่ก็ได้."
หลอม 1,น.,อวนเส้นเล็ก ใช้ ลอยดักปลา.
หลอม 2,ก.,"หลอม, ทำให้ละลายด้วยความร้อน เช่น หลอมในเบ้า."
หลอม 3,ว.,"กร่อย, ไม่จืดสนิท หรือ ไม่หวานสนิท เพราะมีรสเค็มเจือ."
หล้อม 0,ก.,ตะล่อม.
หลอมหลอม 0,ว.,รสเสียใกล้จะบูดหรือเน่า.
หลอมหลอม 1,ว.,รสเจือขม.
หล้อย 0,น.,ชื่อปลาน้ำจืด คล้ายปลาไหล แต่เล็กกว่า.
หล้อย 1,ก.,"ก้อร้อก้อติก, ทำเป็นแก่เกินอายุ."
หล้อย 2,ว.,เขาห้อยลง เช่น ควายเขาหล้อย - ควายที่มีเขาห้อยลง.
หล้อเวียน 0,น.,หลักเกาะมีมือหมุนได้รอบตัว ใช้สำหรับช่วยสอนเด็กเดิน
หล้อหลี 0,น.,"รถบรรทุก (ขนาดใหญ่ ๖ ล้อขึ้นไปไม่รวมรถปิกอัพ) (ภ.ก., พ.ง.)"
หละ 0,น.,"ซางที่ลิ้น, ชื่อโรคที่เป็นกับเด็กอ่อน เกิดจากสายสะดือเป็นพิษ มีอาการลิ้นกระด้าง คางแข็ง."
หละ 1,น.,"ขี้ผึ้ง (จ., ภ.ก.)."
หละ 2,ก.,ถลอก.
หละ 3,ก.,ป้าย เช่น ยาหละแผล - ยาป้ายแผล.
หละ 4,ก.,เกี้ยวผู้หญิง (น.ธ.).
หละ 5,ว.,จมูกหนัก (ใช้กับวัวควาย).
หละ 6,ว.,"ไม่เชื่อง, หวาดระแวง, ครั่นคร้าม, ตื่นกลัว"
หละ 7,สำ.,อาการของคนที่คอยหลบหลีก ไม่กล้าเข้าสังคม.
หละชื่อ 0,ก.,"ออกชื่อ, เขียนชื่อถึงญาติพี่น้องที่ล่วงลับไปแล้ว ใส่ในกระดาษ ให้พระทำพิธีในวันทำบุญ เช่น เดือนสิบ (ภ.ก.)."
หละโม้ด 0,ก.,"วิธีผูกเบ็ด, ตะกรุดเบ็ด (ก.บ.)."
หละหละ 0,ว.,"ไกลลิบ ๆ, โล่งกว้าง (ดู หล้าหละ)."
หละหละ 0,ว.,"ไกลลิบ ๆ, โล่งกว้าง"
หลัก 0,ก.,สำลัก
หลัก 1,น.,"หลัก, ตอ, เสาที่ปักไว้."
หลัก 2,ก.,กั้นทางเจ้าบ่าวโดยใช้ของมีค่า (ดู หลักเจ้าบาว).
หลัก 3,น.,"หลักฐาน, ทรัพย์สิน."
หลัก 4,น.,โคนหู เรียกว่า “ หลักหู ”
หลัก 5,ก.,"ต้อน, จับ, ดัก, กั้น."
หลักควาย 0,น.,หลักสำหรับผูกเชือกล่ามควาย.
หลักคอ 0,ก.,"พูดขัดคอ, พูดดักคอ."
หลักเคยหลักเกลือ 0,น.,ชื่อไม้ต้นชนิดหนึ่ง ฝักคล้ายชัยพฤกษ์ ผลทำยาได้ (ดู กลักเคยกลักเกลือ).
หลักเคยหลักเกลือ 0,น.,ชื่อไม้ต้นชนิดหนึ่ง ฝักคล้ายชัยพฤกษ์ ผลใช้ทำยา
หลักจน 0,น.,เสือข้ามห้วย (ดู หลักจักจน).
หลักจน 1,น.,การเล่นชนิดหนึ่ง
หลักจ้อง 0,ก.,ตามหาแต่ไม่พบกัน.
หลักจ้อง 1,ก.,ต่างคนต่างหลบไม่พ้น.
หลักจ้อง 2,ก.,คอยที.
หลักจักจน 0,น.,การเล่นชนิดหนึ่ง
หลักเจ้าบ่าว 0,ก.,กั้นทางเจ้าบ่าวโดยใช้ของมีค่า เช่น สร้อยทอง เข็มขัดทอง เพื่อเอาเงินเป็นค่าผ่านทางก่อนที่จะเข้าพิธีสมรส
หลักแจ 0,ก.,"ลั่นกุญแจ, ใส่กุญแจ (ช.พ.)."
หลักแจว 0,น.,หลักที่ปักไว้ด้านในของกราบเรือ เพื่อใช้แขวนปลอกแจว.
หลักซ้า 0,น.,ขนมจีน (ภ.ก.).
หลักตู 0,น.,สลักประตู (ม. selak)
หลักตู 1,ก.,กั้นทางเจ้าบ่าวโดยใช้ของมีค่า เช่น สร้อยทอง เข็มขัดทอง เพื่อเอาเงินเป็นค่าผ่านทางก่อนที่จะเข้าพิธีสมรส
หลักถาน 0,ก.,มีฐานะมั่นคงดี (น.ศ.).
หลักถาน 1,ว.,มาก เช่น วันนี้กินข้าวได้หลักถาน - วันนี้กินข้าวได้มาก.
หลักยาย 0,น.,ไม้หลักเป็นเครื่องหมายแทนแม่โพสพในการทำขวัญข้าว.
หลักยาย 1,น.,"ดาล, กลอนประตูหน้าต่างที่ทำด้วยไม้สำหรับขัดบานประตู."
หลักแลน 0,ก.,ไล่ต้อนจับตะกวด.
หลักหก 0,ก.,จับโกหก.
หลักอ๋าม 0,น.,"ท่อดูดทรายในเหมืองแร่อุดตัน (จ., ภ.ก.)."
หลัง 0,น.,"หลัง, ซีกของร่างกายที่ตรงข้ามกับหน้าอก."
หลัง 1,น.,ด้านที่อยู่ตรงข้ามกับด้านหน้าของสิ่งใดสิ่งหนึ่ง.
หลัง 2,ลัก.,"เรียกเรือนหรือสิ่งที่มีลักษณะอย่างเรือน เช่น หลา ๒ หลัง - ศาลา ๒ หลัง, เตียง ๒ หลัง - เตียง ๒ หลัง."
หลังกลวง 0,น.,ชึ่อผีชนิดหนึ่ง.
หลังก็อง 0,ว.,หลังโก่ง.
หลังก้า 0,ว.,"สัปดน, ซุกซน"
หลังก้า 1,ว.,"สัปดน, ซุกซน (ดู มัดกะ)."
หลังเขียว 0,น.,"ปลากุแล, ชื่อปลาทะเลชนิดหนึ่ง ลำตัวยาว แบนข้างมาก ลำตัวสีน้ำเงิน เฉพาะด้านหลังสีน้ำเงินเข้ม."
หลั่งแขะ 0,น.,"คนโดยสาร, แขกเหรื่อ (จ., ภ.ก.)."
หลั่งแขะ 0,น.,"ผู้มาหา, ผู้มาแต่อื่น, ผู้ที่มาร่วมงานพิธีของเจ้าภาพ"
หลังคัน 0,น.,เขียง (ดู ดานเฉียง).
หลังคัน 0,น.,"เขียง, ไม้รองรับการสับ หั่น มักเป็นแผ่นกลม ๆ หรือสี่เหลี่ยม"
หลังคาตรวด 0,น.,หลังคาโรงเรือนที่มีความลาดชันมาก (น.ธ.).
หลังคาผรา 0,น.,หลังคาโรงเรือนที่มีความลาดชันน้อย (น.ธ.).
หลังบ้าน 0,น.,ครัว.
หลังยาว 0,ว.,"เกียจคร้าน, ไม่อยากทำงาน"
หลังยาว 1,ว.,เกียจคร้าน.
หลังสวน 0,น.,พื้นที่หลังบ้าน.
หลังเสี้ยน 0,น.,"ปลาอินทรี, ชื่อปลาทะเลขนาดใหญ่ ลำตัวแบนข้าง เรียวยาว คอดหางกิ่ว ปลายหางเป็นแฉกลึก อยู่เป็นฝูงใกล้ผิวน้ำ (ก.บ.)."
หลัดขิก 0,น.,อวัยวะเพศชาย
หลัน 0,น.,"รุ่น, วัย, ขนาด, วัยของคนที่ถืออายุเป็นเครื่องกำหนด เช่น คนหลันไหน - คนวัยไหน, หลันเดียวกัน - รุ่นเดียวกัน."
หลัน 1,ว.,"ลดหลั่น, ต่ำลงไป เป็นชั้น ๆ, ตามลำดับชั้น, ขนาด."
หลั่นเจี้ยว 0,น.,อวัยวะเพศชาย (ดู หัวดอ).
หลั่นเจี้ยว 1,น.,อวัยวะเพศชาย
หลันตัน 0,น.,กลันตัน (ชื่อรัฐในประเทศมาเลเซีย).
หลันตัน 1,น.,ชื่อไม้ยืนต้นชนิดหนึ่ง เนื้อไม้แข็งไม่อ่อน ใช้ทำเครื่องเรือนได้.
หลั่นเผว 0,น.,อวัยวะเพศชาย (ดู หัวดอ).
หลั่นเผว 1,น.,อวัยวะเพศชาย
หลันหลัน 0,น.,รุ่นราวคราวเดียวกัน.
หลั่นฮู้ด 0,น.,"ลูกอัณฑะ (จ., ภ.ก.)."
หลับ 0,น.,ตลับเล็ก ๆ ใช้ใส่ของเล็ก ๆ น้อย ๆ เช่น สีผึ้งสำหรับสีปาก พิมเสน กานพลู เป็นต้น.
หลับกับฝา 0,สำ.,"เข้ากันได้, พอดี, ลงรอย."
หลับตั๊บแช้ 0,น.,ตลับใส่ของจุกจิก (ภ.ก.).
หลับตั๊บแช้ 1,ก.,หมดสติ เช่น ไอ้แสงถูกตอยหลับเลย - นายแสงถูกชกหมดสติเลย.
หลับตั๊บแช้ 2,ว.,แย่.
หลับตับปูน 0,น.,"ต้นกระทิง, ชื่อไม้ต้นชนิดหนึ่ง ใบและผลคล้ายสารภีแต่ใบเป็นสันมาก และผลกลมกว่า เปลือก เมล็ดแข็ง"
หลับตับปูน 1,น.,ต้นกระทิง (ดู ทึง).
หลับหมา 0,ว.,แย่มาก.
หลั้ว 0,น.,ภาชนะสานรูปคล้ายทรงกระบอก ก้นสอบ ปากผาย มีหูที่ขอบปาก ๒ ข้าง.
หลั้ว 1,น.,ไม้เสี้ยมปลาย ใช้สำหรับขุดเผือกมันและแหย่จับปูนา เป็นต้น.
หลั้ว 2,ว.,เขากุด เช่น วัวเขาหลั้ว - วัวเขากุด.
หลั้วหลั้ว 0,ว.,ลิ้นรัว เช่น แหลงหลั้วหลว - พูดลิ้นรัว.
หลั้วหลั้ว 1,ว.,"กระวนกระวาย, วุ่นวาย."
หลา 0,น.,ศาลา
หลา 1,น.,ศาลา.
หลา 2,น.,ศาลพระภูมิ
หลา 3,น.,มาตราวัด คือ ๓ ฟุต เป็น ๑ หลา.
หลา 4,น.,ชื่อหวายชนิดหนึ่ง.
หลา 5,ก.,"ระวัง, ดูแล เช่น หลาโลกไม่ทัน - ดูแลลูกไม่ทัน."
หลา 6,ก.,เลื้อย เช่น มันหลา - มันเลื้อย (ทอดยอด).
หลา 7,ก.,เชื่อมติดกัน เช่น ตีนหลา – นิ้วเท้าที่เปื่อยแล้วติดกันเป็นพืด.
หลา 8,ว.,ตื่นกลัว เช่น วัวหลา - วัวตื่นกลัว
หลา 9,บุรพ.,"จาก...ถึง, ตั้งแต่...ถึง เช่น หลานี้ไปถึงนู้ – จากที่นี่ถึงที่โน่น."
หล้า 0,น.,"โลก, พื้นดิน, แผ่นดิน (กลอน)."
หล้า 1,ก.,เมื่อยล้า.
หล้า 2,ว.,"ล่าช้า, ผิดฤดูกาล."
หลาก 0,น.,"สลาก, สิ่ง เช่น ติ้ว ตั๋ว หรือแผ่นกระดาษเล็ก ๆ เป็นต้น ซึ่งทำเป็นเครื่องหมายกำหนดไว้เนื่องในการเสี่ยงโชคเสี่ยงทาย เป็นต้น."
หลาก 1,น.,"ฉลาก, ป้ายบอกชื่อราคาใช้ปิดขวดยารักษาโรค, รูปรอยประดิษฐ์ เครื่องหมาย หรือข้อความใด ๆ ที่แสดงไว้ที่ภาชนะ หรือหีบห่อบรรจุยา อาหาร หรือผลิตภัณฑ์อื่น."
หลาก 2,น.,"หน้าผา, ด้านภูเขาที่มีแผ่นหินตั้งชัน."
หลาก 3,น.,"ต้นสละ, ชื่อปาล์ม ขึ้นเป็นกอคล้ายระกำ ผลสีคลํ้า มีหลายชนิด ทั้งมีหนามและไม่มีหนาม เนื้อสีขาวหนา ล่อน รสหวาน."
หลาก 4,ก.,"ถลอก, เปิดออกไป, ลอกออกไป, ปอกออกไป."
หลาก 5,ว.,ตีล้มหมด ใช้กับการเล่นสะบ้า.
หลาก 6,ว.,"หลากหลาย, หลายอย่างต่าง ๆ กัน."
หลาก 7,ว.,"แปลก, แตกต่างไปจากเคยคิด เคยรู้เคยเห็น เป็นต้น เช่น หลากใจ - แปลก่ใจ."
หลากหลาก 0,ว.,ทำลวก ๆ.
หลากั๋น 0,ว.,พร้อมกัน (น.ธ.).
หลากา 0,ว.,"เสนียดจัญไร, อุบาทว์ (เทียบ ส. “ฉลก – ผู้ฉ้อฉล”), (เทียบ ม. Chelaka)"
หลากา 1,ว.,"เสนียด, จัญไร (ดู จะหลากา)."
หลาง 0,ว.,กาง เช่น พุงหลาง - ท้องกาง.
หล่างเชี้ย 0,น.,"รถลากโดยใช้คน (จ., ภ.ก.)"
หล้างต้างขว้าง 0,ว.,"ซุ่มซ่าม, ไม่ระมัดระวัง, ผลีผลาม"
หลาจก 0,ว.,"เกินพอดี, น่าเกลียด เช่น พีพันนี้เขาเรียก พีหญาจก."
หลาจก 1,ก.,"ตะกละตะกลาม, กินไม่เลือก (ดู หญาจก)."
หลาด 0,น.,"ตลาด, ที่ชุมชนเพื่อชื้อขายของต่าง ๆ."
หลาด 1,น.,"ปลาสลาด, ชื่อปลาน้ำจืด รูปร่างคล้ายปลากราย หัวและลำตัวแบนข้างมาก ท้องเป็นสันคม ปากต่ำ สันหัวแบนลงเล็กน้อย พื้นลำตัวสีขาว หลังเทา ไม่มีจุดสีเด่นหรือลวดลายสีเข้มใด ๆ."
หลาด 2,น.,"กำลัง, แรง เช่น อู่หลาด - มีแรง (ภ.ก.)."
หลาตัน 0,น.,"สลาตัน, เรียกลมที่พัดจากทิศตะวันตกเฉียงใต้ ไปทางทิศตะวันออกเฉียงเหนือในปลายฤดูฝน, เรียกลมพายุที่มีกำลังแรงจัดทุกชนิด."
หลาตัน 1,สำ.,"รวดเร็ว, รีบร้อน, รุนแรงมาก เช่น ป้าแดงมาเหมือนลมหลาตัน - ป้าแดงมาที่นี่อย่างรีบร้อนและอาละวาดอย่างรุนแรง."
หลาทวด 0,น.,ศาลพระภูมิเจ้าที่.
หลาทัน 0,ก.,ระวัง ดูแลได้ทัน (พ.ท.).
หลาทัน 1,ก.,ผูก เช่น หลาแห - ผูกแห (ภ.ก.).
หลาทัน 2,ก.,ฉาบน้ำตาล
หลาบ 0,ว.,"เข็ดหลาบ, ขยาด, กลัว."
หล้าปัน 0,น.,ดินและหญ้าที่เกาะตัวกันแน่นลอยอยู่เหนือผิวน้ำ
หล้าปัน 1,น.,ดินและหญ้าที่เกาะตัวกันแน่นลอยอยู่เหนือผิวน้ำ (ดู ตึก น. ๓.).
หล้าปาก 0,ก.,พูดให้ขัดลาภ.
หล้าปาก 1,ก.,พูดให้เป็นลาง.
หล้าปาก 2,ก.,พูดจาโดยขาดความสำรวม.
หล้าปู 0,น.,"ปลาเก๋า, ชื่อปลาทะเลที่มีสีต่าง ๆ เป็นแต้ม ด่าง ดวง ลาย หรือจุดประคลํ้าทึบเช่นตุ๊กแก"
หล้าปูด 0,ว.,สกปรก (ย.ล.).
หล้าเปะ 0,น.,ยางรองด้านในหลังขอบล้อรถ.
หล้าเปะ 1,สำ.,ผ้าซับประจำเดือน. (ภ.ก.).
หล้าโป้ 0,น.,ที่ทอดสมอเรือ (ก.บ.).
หล้าโปะ 0,น.,สะเก็ดแผลที่มีหนองอยู่ข้างใน.
หลาพ่อดา 0,น.,ศาลพระภูมิ
หลาพ่อตา 0,น.,ศาลพระภูมิ (ดู หลา น. ๒.).
หลาม 0,น.,ชื่องูขนาดใหญ่ชนิดหนึ่ง ตัวอ้วน หางสั้น โตเต็มวัยยาวประมาณ ๔.๕ เมตร ลายสีน้ำตาล ที่กลางหัวมีเส้นสั้น ๆ สีอ่อน ซึ่งมักเรียก ศรขาว ออกหากินในเวลากลางคืน ไม่มีพิษ.
หลาม 1,น.,เรียกข้าวเหนียวที่บรรจุในกระบอกไม้ไผ่แล้วเผาให้สุกว่าเหนียวหลาม.
หลาม 2,น.,ชื่อปลาทะเล มีหลายซนิด เช่น หลามขาว หลามดำ.
หลาม 3,ก.,เอาของใส่กระบอกไม้ไผ่แล้วเผาไพ่ให้สุก เช่น หลามเหนียว.
หลาม 4,ก.,อาการที่ท่อดูดดินหรือทรายที่มีแร่อยู่มีน้ำหนักน้อยเกินไปทำให้ดูดไม่ขึ้น ดินและทรายจึงอัดติดอยู่ภายในท่อ (ภ.ก.).
หลาม 5,ว.,"มากมาย, เต็มไปหมด, ล้นแผ่เลยออกมา เช่น แลคนหลามไปหมด - เห็นคนเต็มไปหมด."
หลามฉาม 0,ว.,"เลอะเทอะ, สกปรก (ช.พ.)."
หลามพุง 0,ว.,"ลักษณะการกินอาหารอร่อยเต็มที่, กินจนพุงกาง เช่น ฉานมาบ้านพี่กินให้หลามพุงเลย - ฉันมาบ้านพี่กินให้พุงกางเลย."
หล่ามสึ้ง 0,ก.,การปรุงอาหารคล้ายผัดเปรี้ยวหวาน แต่ใช้วิธีนึ่ง (ภ.ก.).
หล้ามเหลี่ยว 0,ว.,"ไม่ดี, เลว เช่น ของหล้ามเหลี่ยว - ของไม่ดี, ของเลว (จ, ภ.ก.)."
หลาย 0,ก.,"มา (จ, ภ.ก.)."
หลาย 1,ว.,เสีย เช่น ไก่แม่นี้โลกไม่หลายสักตัว – ลูกไก่ครอกนี้ไม่ตายสักตัวเดียว.
หลาย 2,ว.,มาก.
หล้าย 0,ก.,เลื่อน เช่น หล้ายบ้า - เลื่อนลูกสะบ้าให้ชิดกัน
หล้าย 1,ก.,ฉาบทา.
หล้าย 2,ก.,เกลี่ยออกจากกองใหญ่ เช่น หล้ายดิน.
หลายกลับ 0,ว.,"หลายตลบ, หลายเที่ยว."
หล่ายข่อ 0,น.,กางเกงใน (ดู ข่อใน).
หล่ายซ้า 0,น.,"เสื้อเชิ้ต (จ., ภ.ก.)."
หล่าลู 0,ว.,เปิดตลอดถึงกัน เช่น บ้านของแกเป็นรนแฝด แต่มีเหนาะชานแล่นหล่าลูถึงกัน - บ้านของแกเป็นเรือนแฝด แต่มีชานต่อแล่นถึงกัน (ภ.ก.).
หลาว 0,น.,"หลาว, ไม้ที่เสี้ยมแหลมเป็นอาวุธสำหรับแทง."
หลาว 1,ก.,"ถ่วง, เกเร, ทำไม่จริง, หลอก, อู้ เช่น หลาวการ - อู้งาน (ภ.ก.)."
หลาว 2,ว.,ไป เร็ว.
หลาว 3,ว.,ลักษณะการพูดเอาสาระไม่ได้.
หลาว 4,ว.,ไม่ได้ผล.
หลาว 5,ว.,"เสียเกลียว, เกลียวหวาน."
หล่าว 0,ก.,ล้าง เป็นวิธีร่อนแร่.
หล่าว 1,ว.,"แก่, ชรา. (จ., ภ.ก.)."
หล่าว 2,ว.,อีกแล้ว เช่น มาหล่าว - มาอีกแล้ว (น.ศ.).
หลาวค้าง 0,น.,กิ่งไม้ผุที่หักร่วงมาค้างอยู่บนต้นไม้.
หลาวค้าง 1,ก.,ขับรถหรือเรือโดยสารโดยไม่จอดรับคนรายทาง.
หล่าวเต้ง 0,น.,"ชั้นบนของบ้าน (จ., ภ.ก.)."
หล่าวถู้ย 0,น.,"บันได (จ., ภ.ก.)."
หลาวเปลา 0,สำ.,"ไม่ได้รับผล, ทำโดยไม่ได้รับผลอะไรตามหวัง."
หล่าวเป่หลาวโบ้ 0,น.,"พ่อแม่ (จ., ภ.ก.)."
หล่าวหลาง 0,น.,ชายจีนแก่ (ดู แป๊ะ น. ๑.).
หล่าวหลาง 0,น.,ชายจีนแก่
หลาวหลาว 0,ก.,พูดเอาสาระไม่ได้.
หลาวหลาว 1,ว.,"รีบร้อน, ลุกลี้ลุกลน."
หลาวหลาว 2,ว.,"ซุ่มซ่าม, ไม่ระมัดระวัง, ผลีผลาม"
หลาวหลาวเหมือนลูกสาวจีน 0,สำ.,ใช้ตำหนิผู้หญิงที่ซุ่มซ่าม
หลาวหลาวเหมือนลูกสาวยักษ์ 0,สำ.,ใช้ตำหนิผู้หญิงที่ซุ่มซ่าม
หลาวหลูดตูดแลน 0,ก.,หายหน้าหายตา.
หลาวหลูดตูดแลน 1,ว.,อยู่ท้ายแถว (ดู หายหูดตูดบ้อง).
หลาวหลูดตูดแลน 2,ว.,อยู่ท้ายแถวที่โหล่
หล่าวฮุว 0,ก.,เลือดออก (ภ.ก.)
หล่าวโฮ่ย 0,ก.,เลือดออก (ภ.ก.)
หล่าสำ 0,ว.,สกปรก (ดู สกมก).
หล่าสำ 0,ว.,สกปรก เช่น แด็กคนนี้อยู่สกมกจัง - เด็กคนนี้สกปรกมาก
หล้าหงิน 0,น.,ปลาอินทรี (ภ.ก.).
หล้าหมา 0,น.,ชื่อปลาทะเลชนิดหนึ่ง.
หล้าหมาก 0,น.,แป้งข้าวหมาก (ดู แป้งหล้าหมาก).
หล้าหมาก 0,น.,แป้งข้าวหมาก
หล้าหละ 0,ว.,"ไกลลิบ ๆ, โล่งกว้าง"
หล้าหล้า 0,ว.,นานนานไป (ภ.ก.).
หล้าหวะ 0,น.,ชื่อขนมชนิดหนึ่ง ใช้น้ำกะทิผสมสาคูกับไข่ไก่ ราดข้าวเหนียว
หล้าหวะ 1,น.,ชื่อขนมชนิดหนึ่ง (ดู ไขคน).
หล้าหวะ 2,ก.,ถลอก
หล้าหวัน 0,น.,"คู่ต่อสู้ (ก.บ., น.ธ.)."
หล้าหวัน 1,น.,มีดอีโต้ คล้ายมีดแทงหมู แต่ด้ามยาว (พ.ง.).
หลาเหิน 0,ว.,ซุ่มซ่าม (ดู เหลอะหละ).
หลาเหิน 1,*ว.,"ซุ่มซ่าม, กิริยาที่กระทำไปโดยไม่ใช้ความระมัดระวังหรือไม่ถูกกาลเทศะ เช่น แด็กนี้เหลอะหละจริง - เด็กคนนี้ซุ่มซ่ามจริง"
หลาโอน 0,น.,"เหลาชะโอน, ชื่อปาล์ม วงศ์ Palmae ขึ้นเป็นกอ ลำต้นมีหนามตามปล้อง ใบประกอบรูปขนนก ดอกสีขาวถึงเหลืองนวล ผลแก่สีม่วงคล้ำถึงดำ"
หลำ 0,น.,ชื่อตัวตลกของหนังตะลุง ลักษณะรูปร่าง ตัวโต หัวเล็ก
หลำ 1,ก.,"ถลำ, พลาดพลั้ง ตกลงไป."
หลำ 2,ก.,"จุ่ม, เอาสิ่งใดสิ่งหนึ่งจิ้มลงไปในของเหลวแล้วรีบยกขึ้น."
หลำ 3,ก.,"ลํ้า, ลํ้าล่วง เช่น เดินหลำเข้าเขตเพื่อน - เดินลํ้าเข้าเขตคนอื่น."
หลำ 4,ก.,ล้วง เช่น หลำมือลงในไห - ล้วงมือลงในโอ่ง.
หลำ 5,ก.,คะมำ.
หลำเซิง 0,ก.,"เสียท่า, เสียเชิง, หลงกล."
หลำหลำ 0,ว.,เดาผิดเดาถูก.
หลำหลำ 1,ว.,"ส่งเดช, ชุ่ย เช่น ทำหลำหลำ - ทำส่งเดช."
หลำหัว 0,ก.,"รดหัว, ประพรม เช่น ทำน้ำมนตร์มาหลำหัวคนไข้ - ทำน้ำมนตร์มาประพรมหัวคนไข้."
หลำหัว 1,ก.,สวมหัว เช่น เอาห่วงยางไปหลำห้วเพื่อน - เอาห่วงยางไปสวมหัวเพื่อน (ส.ฎ.).
หลำหัว 2,ก.,เอาหัวทิ่มลงในบ่อ.
หลำหัว 3,ก.,หลวมตัว.
หลำเหล้อราชา 0,สำ.,นานมาแล้ว.
หลิกติกต้อ 0,น.,เขย่งเก็งกอย (ดู หญิกหญ้อย).
หลิกติกต้อ 0,น.,"เขย่งเก็งกอย, การเต้นขาเดียว เป็นการเล่นของเด็ก"
หลิกหลิก 0,ว.,"ก้อร้อก้อติก, อาการที่ทำเป็นเจ้าชู้"
หลิกหลิก 1,ว.,ก้อร้อก้อติก (ดู ดิกดิก ว. ๒.).
หลิง 0,น.,"ตลิ่ง, ส่วนของฝั่งที่ไม่ลาดริมแม่น้ำ."
หลิงติง 0,น.,ตะลิงปิง (ดู ลิงปิง).
หลิด 0,น.,ส่วนของอวัยวะเพศหญิง.
หลิด 1,ก.,"ตัดออก เช่น หลิดกล้วย, หลิดตาไม้ไผ่"
หลิน 0,น.,ลูกของเหลน.
หลิมไฟ 0,ก.,ปรับเปลี่ยนไฟสูงไฟต่ำ (ภ.ก.).
หลิ้มเหลีย 0,ว.,"หน้าเจื่อน, วางหน้าไม่สนิทเพราะกระดากอาย เนื่องจากถูกจับผิดได้ เป็นต้น."
หลิ้มเหลีย 1,ว.,"กะลิ้มกะเหลี่ย, แสดงอาการให้รู้ว่าอยากได้."
หลิว 0,น.,เฉลว (ดู เหลว น.).
หลิว 1,ก.,งีบหลับไป.
หลิว 2,ลัก.,เรียกหมี่สั่วเล็กมัดเล็ก ๆ ๑ มัดว่า ๑ หลิว (ภ.ก.).
หลิว 3,ว.,ตาเหล่.
หลิว 4,น.,"เฉลว, เครื่องจักสานชนิดหนึ่ง ทำด้วยตอกหัก ขัดกันเป็นมุม ๆ ตั้งแต่ ๕ มุมขึ้นไป สำหรับปักหม้อยา ปักเป็นเครื่องหมายที่สิ่งของซึ่งจะขาย ปักบอกเขต หรือปักบอกเขตด่านเสียค่าขนอน"
หลีด 0,น.,เสลด (ดู หลืด).
หลีด 1,ว.,สะอาด ใช้ประกอบคำ “ ขาว ” ว่า “ ขาวหลีด ” (ภ.ก.).
หลีด 2,น.,"เสลด, เสมหะ, เมือกที่ออกจากลำคอ ทรวงอก และลำไส้ (น.ธ.)"
หลีว 0,น.,เฉลว (ดู เหลว น.).
หลีว 1,น.,"เฉลว, เครื่องจักสานชนิดหนึ่ง ทำด้วยตอกหัก ขัดกันเป็นมุม ๆ ตั้งแต่ ๕ มุมขึ้นไป สำหรับปักหม้อยา ปักเป็นเครื่องหมายที่สิ่งของซึ่งจะขาย ปักบอกเขต หรือปักบอกเขตด่านเสียค่าขนอน"
หลึก 0,น.,"ผลึก, สิ่งที่มีลักษณะขาวใสดังแก้ว, ของแข็งที่มีโครงสร้างเป็นรูปทรงเรขาคณิตที่แน่นอนเฉพาะตัว."
หลึง 0,น.,มาตราเงินตามวิธีประเพณี ๒๕ สตางค์ เท่ากับ ๑ สลึง.
หลึง 1,น.,หน่วยน้ำหนักของมาตราชั่งตามวิธีประเพณี สำหรับกำหนดน้ำหนักเท่ากับเงินหนัก ๑ ใน ๔ บาท หรือ ๓.๗๕ กรัม.
หลึง 2,ก.,"ถลึงตา, ขึงตา, จ้องมองอย่างเขม็งด้วยความโกรธ หรือด้วยประสงค์ จะห้าม"
หลึง 3,ลัก.,สลึง เช่น ทอง ๒ หลึง (น้ำหนัก ๗.๕ กรัม).
หลึด 0,น.,โคลนตม (ดู หลุด น. ๑.).
หลึด 1,น.,โคลนตม เช่น หลุดติดตีน - โคลนติดเท้า
หลึน 0,ก.,"ถลึงตา, ขึงตา, จ้องมองอย่างเขม็งด้วยความโกรธ หรือด้วยประสงค์ จะห้าม"
หลึน 1,ก.,ถลึงตา (ดู หลึง ก.).
หลืง 0,ว.,ขึ้นอืด เช่น พองหลืง – พองขึ้นอืด
หลืง 1,ว.,กาง เช่น พุงหลืง - ท้องกาง.
หลื้งตื้ง 0,ว.,ขึ้นอืด เช่น พองหลืง – พองขึ้นอืด
หลื้งตื้ง 1,น.,ตะลิงปิง (ดู ลิงปิง).
หลื้งตื้ง 2,ว.,ขึ้นอืด (ดู หลืง ว. ๑.).
หลืด 0,น.,"เสลด, เสมหะ, เมือกที่ออกจากลำคอ ทรวงอก และลำไส้ (น.ธ.)"
หลืดตืด 0,ว.,ขึ้นอืด เช่น พองหลืง – พองขึ้นอืด
หลืดตืด 1,ว.,ขึ้นอืด (ดู หลืง ว. ๑.).
หลุ 0,ก.,"ฉลุ, ปรุ, สลัก."
หลุกฉุกฉิก 0,ว.,"เล็ก ๆ น้อย ๆ, เบ็ดเตล็ด, ไม่เป็นชิ้นเป็นอัน"
หลุกฉุกฉิก 1,ว.,ไม่เป็นชิ้นเป็นอัน (ดู หลกฉกแฉ็ก).
หลุกหลิก 0,ว.,"หลวม, คลอนแคลน (น.ธ., น.ศ.)."
หลุกหลิก 1,ว.,กระตุ้ง - กระติ้ง ท่าทีไม่เป็นผู้ใหญ่.
หลุกหลิก 2,ว.,อยู่ไม่นิ่ง.
หลุกหลิกเหมือนเม็ดหนุนถูกน้ำ. 0,สำ.,อาการที่อยู่ไม่นิ่ง.
หลุง 0,น.,เสาสำหรับผูกช้าง
หลุง 1,น.,เสาสำหรับผูกชิงช้า (ดู ฉลุง).
หลุง 2,น.,ที่อยู่ (ช.พ.).
หลุง 3,ก.,"เผา, หลอม เช่น หลุงทอง - หลอมทองคำ."
หลุง 4,ก.,"ถลุง, ใช้จ่ายฟุ่มเฟือย."
หลุด 0,น.,โคลนตม เช่น หลุดติดตีน - โคลนติดเท้า
หลุด 1,น.,ส่วนประกอบของใบเรือ คือ สายระยาง.
หลุด 2,ก.,"หายกัน, หมดหนี้สิน."
หลุด 3,ก.,"หลุด, ออกจากที่ติดอยู่."
หลุด 4,ก.,"สลุต, คำนับ."
หลุด 5,ว.,"สุด, ปลาย, ท้าย เช่น อยู่ท้ายหลุด - อยู่ท้ายสุด."
หลุดปาก 0,ก.,พูดหลุดปากออกไปทั้ง ๆ ที่จะเก็บไว้เป็นความลับ เมื่อถูกซักมาก ๆ ก็พลั้งปากพูดสิ่งนั้นออกไป (ภ.ก.)
หลุดหนวย 0,ก.,ล่อน (ใช้กับผลไม้ เช่น เงาะ เป็นต้น).
หลุดหมก 0,ก.,ปมเชือกล่ามวัวควาย หลุดออกจากบ่วงที่ต่อ
หลุดหมูกเปล่า 0,ก.,พ้นจากความควบคุมอยู่.
หลุดหราง 0,ก.,พ้นคุก.
หลุดหลิด 0,ว.,หลวม (ดู หลุบหลิบ).
หลุดหลิด 1,ว.,"หลวม, ไม่แน่น, ไม่สนิท"
หลุน 0,ว.,โปน เช่น ตาหลุน – ตาโปน
หลุ้น 0,น.,เรียกไก่ชนิดหนึ่งที่ไม่มีเนื้อนูนแหลมที่ก้นว่า “ ไก่หลุ้น ”.
หลุ้น 1,ก.,"สนับสนุน, ส่งเสริม, ช่วยเหลืออุปการะ, ลุ้น."
หลุ้น 2,ว.,สั้นกุด เช่น ไกหางหลุ้น - ไก่หางสั้นกุด.
หลุ้น 3,ว.,อ้วนเตี้ย.
หลุนชุน 0,น.,ชื่องูชนิดหนึ่ง.
หลุ้นตุ้น 0,ว.,"เตี้ย, สั้นม่อท่อ"
หลุนหลัน 0,ว.,ซุ่มซ่าม (ดู เหลอะหละ).
หลุนหลัน 1,*ว.,"ซุ่มซ่าม, กิริยาที่กระทำไปโดยไม่ใช้ความระมัดระวังหรือไม่ถูกกาลเทศะ เช่น แด็กนี้เหลอะหละจริง - เด็กคนนี้ซุ่มซ่ามจริง"
หลุนหลิน 0,ว.,ปริ่ม ๆ (น.ธ.).
หลุ้นหลุ้น 0,ว.,"กระฟัดกระเฟียด, สับสน."
หลุบ 0,น.,ชื่อปะการังชนิดหนึ่ง คล้ายดอกเห็ด ใช้ทำยาแก้เมาหรือแก้ร้อนใน
หลุบ 1,ก.,"หด, หลบ."
หลุบ 2,ก.,"หุบ, ปิด เช่น หลุบร่ม, หลุบหน้าต่าง."
หลุบ 3,ว.,ร่ม (ดู หุบ ว.).
หลุบ 4,ว.,"ร่ม, ซึ่งมีอะไรบังแดด เช่น แดดหุบ - แดดร่ม"
หลุบหลิบ 0,ว.,"หลวม, ไม่แน่น, ไม่สนิท"
หลุบหลิบ 1,ว.,"กระดุบกระดิบ, อาการที่เคลื่อนไหวน้อย ๆ."
หลุบหลุบล่อล่อ 0,ว.,"ผลุบ ๆ โผล่ ๆ, หลบ ๆ ซ่อน ๆ"
หลุม 0,น.,"หลุม, ที่ซึ่งมีลักษณะเป็นบ่อ มักมีขนาดเล็ก และตื้น, ที่ซึ่งขุดลงไปในพื้นดิน มีลักษณะตาม ต้องการเพื่อวัตถุประสงค์อย่างใดอย่างหนึ่ง."
หลุ้ม 0,น.,ภาชนะชนิดหนึ่งใช้นึ่งหรืออบขนม.
หลุ้ม 1,ก.,ทำให้บุ๋มลงไป.
หลุ้ม 2,ก.,"ตะล่อม, เขี่ยเข้าไปรวมกัน."
หลุมถ่าน 0,น.,เตาเผาถ่าน.
หลุมนก 0,น.,ชื่อไม้เถาและไม้พุ่มรอเลื้อย มี ๒ ชนิด ชนิดหนึ่งเป็นเถา อีกชนิดหนึ่งเป็นพุ่มเตี้ย ทั้ง ๒ ชนิด มีใบคล้ายใบพลอง ผลสุกสีแดง กินได้
หลุมนกย่าน 0,น.,ชื่อไม้เถาและไม้พุ่มรอเลื้อย มี ๒ ชนิด ชนิดหนึ่งเป็นเถา อีกชนิดหนึ่งเป็นพุ่มเตี้ย ทั้ง ๒ ชนิด มีใบคล้ายใบพลอง ผลสุกสีแดง กินได้
หลุมพอ 0,น.,ชื่อไม้ต้นขนาดใหญ่ ขึ้นตามป่าดิบทางภาคใต้ เนื้อไม้ใช้โนการก่อสร้าง.
หลุมพี 0,น.,"กะลุมพี, ชื่อปาล์มชนิดหนึ่งจำพวกสละ ระกำ ขึ้นในป่าพรุและที่ชื้นแฉะทางภาคใต้ ผลเป็นช่อใหญ่และแน่น ปลายผลตัดผิวเหลืองเกลี้ยงเป็นมัน ไม่มีหนาม เยื่อหุ้มเม็ดขาว รสเปรี้ยว ๆ ฝาด ๆ กินได้ ยางในลำต้นเหนียว ใช้ติดกระดาษแทนกาวได้"
หลุมพี 1,น.,กะลุมพี (ดู พี น.).
หลุมพุก 0,น.,ชื่อไม้ต้นกึ่งไม้พุ่ม.
หลุมพุก 1,น.,"ปลาตะลุมพุก, ชื่อปลาทะเลที่ว่ายเข้าน้ำจืดเพื่อสืบพันธุ์ ลำตัวยาวรี แบนข้างมาก ครีบหางเป็นแฉกลึก ท้องเป็นสันแหลม เกล็ดใหญ่ ขอบเรียบ เกล็ดที่สันท้องเป็นเหลี่ยมคมเรียงต่อกันคล้ายฟันเลื่อย พื้นลำตัวสีเงิน หลังสีน้ำเงินอมเทาในเนื้อจะมีก้างมาก."
หลุมพุก 2,น.,"สามเกลอ, ชื่อเครื่องมือสำหรับตอกกระทุ้งเสาเข็ม ลักษณะเป็นไม้ท่อนกลม มีที่จับสำหรับยก ๓ ที่."
หลุมแร่ 0,น.,"หลุมที่เกิดจากการเจาะหาแร่, หลุมที่มีแร่ธาตุ."
หลุมวิ่ง 0,น.,บ่อล่อปลาเพื่อให้ปลาตกลงไป
หลุมวิ่ง 1,น.,หลุมล่อปลาเพื่อให้ปลากระโดดตกลงไปในหลุมที่ล่อไว้.
หลุ้มหมา 0,น.,"อินทผลัม, ชื่อปาล์มชนิดหนึ่ง ผลกินได้ (เทียบ ม. kormo, kuruma, อา. khurma)"
หลุมหม้าย 0,น.,หลุมว่างที่ไม่ใช้เดินหมากในการเล่นหมากขุม.
หลุ้มหล้ำ 0,ว.,เร่งรีบจนไม่อาจเอาดีได้ (น.ศ.).
หลุย 0,ว.,ขาวโพลน ว่า ขาวหญุ้ย
หลุย 1,ว.,ขาวโพลน (ดู หญุ้ย ว. ๒.).
หลุ้ย 0,ว.,ขาวโพลน ว่า ขาวหญุ้ย
หลุ้ย 1,น.,"เงินตราทั้งเหรียญกษาปณ์และธนบัตร (จ., ภ.ก.)."
หลุ้ย 2,ก.,"ลุ่ย, หลุด"
หลุ้ย 3,ว.,ขาวโพลน (ดู หญุ้ย ว. ๒.).
หลุหละ 0,ว.,"สกปรก, เลอะเทอะ (ดู ลู้ล้า ว. ๑.)."
หลุหละ 1,ว.,มีมลทิน.
หลุหละ 2,ว.,ยุ่งเหยิง.
หลุหละ 3,ก.,ผ่านไปในระหว่างโดยไม่กระทบข้างหนึ่งข้างใดเลย.
หลุหละ 4,ก.,เลื่อนลงมาจากที่เดิมอย่างรวดเร็ว (ดู หรูด ก.).
หลุหละ 0,ว.,"สกปรก, เฉอะแฉะ, เลอะเทอะ เช่น กินข้าวกับมือ มือลู้ล้า"
หลูด 0,ก.,เลื่อนลงมาจากที่เดิมอย่างรวดเร็ว
หลูด 1,น.,"ลิปสติก, ชื่อเครื่องสำอางชนิดหนึ่งสำหรับทาริมฝีปากให้เป็นสีต่าง ๆ มักเป็นสีแดงหรือสีชมพู โดยมากมักทำเป็นแท่งเล็ก ๆ."
หลูดปูด 0,ว.,สกปรก เช่น แด็กคนนี้อยู่สกมกจัง - เด็กคนนี้สกปรกมาก
หลูดปูด 1,ว.,ขึ้นอืด เช่น พองหลืง – พองขึ้นอืด
หลูดปูด 2,ว.,ปูดขึ้น.
หลูดปูด 3,ว.,ขึ้นอืด (ดู หลืง ว. ๑.).
หลูดปูด 4,ว.,สกปรก (ดู สกมก).
หลูน 0,ก.,"หวาดหวั่น, วิตก, ประหม่า, กลัว"
หลูนตูน 0,ว.,"รุ่มร่าม, รุงรัง, หลวม, โคร่งคร่าง"
หลูม 0,ว.,"มาก, ล้นหลาม."
หลูม 1,ว.,ละลาบละล้วง.
หลูมตูม 0,ว.,"รุ่มร่าม, รุงรัง, หลวม, โคร่งคร่าง"
หลูมตูม 1,ว.,ทำเบ่ง เช่น อย่าทำหลูมตูม - อย่ามาทำเบ่ง.
หลูมตูม 2,ว.,มาก.
หลูมหลาม 0,ว.,"ไม่เรียบร้อย, ตะกละตะกลาม เช่น กินหลูมหลาม - กินไม่สำรวมระวัง."
หลูมหลาม 1,ว.,"มอมแมม, เปื้อนเปรอะ."
หลูมหลาม 2,สำ.,"ยุ่งยาก, สับสน."
หลูมหลูม 0,ว.,"เริ่มร้อน, อุ่น ๆ, กำลังจะเป็นไข้หรือไข้ลดลง"
หลู้ย 0,ก.,"ลุ่ย, หลุด (ดู หลุ้ย ก.)."
หลู้ย 0,ก.,"ลุ่ย, หลุด"
หลู้หมา 0,น.,"อินทผลัม, ชื่อปาล์มชนิดหนึ่ง ผลกินได้ (เทียบ ม. kormo, kuruma, อา. khurma)"
หลู้หมา 1,น.,อินทผลัม (ดู หลุ้มหมา).
หวก 0,ว.,พอเหมาะพอดี เช่น เข้ากันเป็นดังหวก - เข้ากันพอเหมาะพอดี.
หวก 1,ว.,เสียงดังเช่นนั้น.
หวง 0,ก.,"กังวล, ห่วงใย"
หวง 1,ก.,"หวง, ไม่อยากให้, สงวนไว้, กันไว้."
หวง 2,ก.,"ห่วง, ผูกพัน, กังวลถึง, มีใจพะวงอยู่."
หวง 3,ก.,"กังวล, ห่วงใย (ดู ข้องใจ)."
หว้ง 0,น.,ห้องนอน เช่น เข้าในหว้ง - เข้าในห้อง (ส.ฎ.).
หว้ง 1,ว.,"เป็นรูโหว่, เป็นเพิง, รุ้งเวิ้ง."
หว้ง 2,ว.,เด่น เช่น พระเขนตั้งดวงหว้ง - พระจันทร์ตั้งดวงเด่น.
ห้วง 0,น.,"ช่วง, ระยะ, ตอน."
ห้วง 1,น.,เรียกสมุดข่อย ซึ่งบันทึกเรื่องราวดูฤกษ์ยามดวงชะตาราศีว่า “ หนังสือห้วง ”.
ห้วง 2,น.,"ห่วง, เครื่องคล้อง, ของที่เป็นวง."
ห่วงสุ้ย 0,น.,ฮวงจุ้ย
ห่วงสุ้ย 1,น.,ฮวงซุ้ย (ดู บ่อง).
หวด 0,ก.,"เฆี่ยน, ทุบ, ฟาด, ตีแรง ๆ, โบย."
หวด 1,ก.,"ถาง, ฟัน."
หวด 2,สำ.,"เอาหมด, จัดการเสียทั้งหมด."
หวน 0,ก.,การกินอาหารหรือสิ่งอื่นใดที่ดื่มน้ำเข้าไปด้วย เพื่อช่วยให้กลืนได้ง่าย เช่น กินท่อมหวนน้ำ – กินใบกระท่อมพร้อมกับน้ำ
หวน 1,ก.,บ้วนน้ำ.
หวน 2,ก.,"เวียนกลับไปกลับมา, เปลี่ยนทิศทาง (ใช้กับลม)."
หวน 3,ก.,ย้อนกลับมา.
ห้วน 0,ก.,หมักน้ำตาลเหลวเพื่อกลั่นสุรา.
ห้วน 1,ก.,ทะเลาะวิวาท.
ห้วน 2,ก.,"หมุนให้ตรงทิศ, แทงซ้ำตามเดิม (ใช้ในการเล่นโป)."
ห้วน 3,ก.,ทำให้สั้นลง.
ห้วน 4,ว.,"สั้น ๆ, ไม่มีหางเสียง."
หวย 0,น.,"หวย, สลากกินแบ่ง."
หวย 1,ก.,"ขยับเขยื้อน, เคลื่อนไหว หรือทำท่าว่าจะทำอย่างใดอย่างหนึ่ง."
หวย 2,ก.,"ไหว, สั่น, สะเทือน, กระดิก"
หวย 3,ว.,เสียงดังเช่นนั้นเพื่อไล่วัวควาย
หวยตัว 0,สำ.,กระเตื้องขึ้น.
ห้วยถ้าว 0,น.,เจ้ามือหวย
ห้วยถ้าว 1,น.,เจ้ามือแชร์.
ห้วยน 0,น.,อวัยวะเพศชาย
ห้วยสิด 0,น.,ผู้เข้าหุ้นในการทำคอกช้าง ทำหน้าที่เพียงส่งเสบียงแต่อย่างเดียว (ช.พ.).
หวยหวย 0,ว.,"ไหว ๆ, อาการที่เคลื่อนไหว หรือพริ้วไปมา."
หวยหวย 1,ว.,เสียงดังเช่นนั้นเพื่อไล่วัวควาย (ดู หุย ว.).
หวอ 0,น.,"หวูด, เครื่องเปิดไอน้ำให้มีเสียงดังเช่นนั้น."
หวอ 1,ว.,หมุนติ้ว เช่น หันหวอ
หวอ 2,ว.,เสียงดังเช่นนั้น.
หว้อ 0,ว.,หมุนติ้ว เช่น หันหวอ
หวอด 0,ว.,"หนัก, มาก เช่น ตอนนี้ผมรู้สึกเนือยหวอด - ตอนนี้ผมรู้สึกหิวมาก."
หวอด 1,ว.,เสียงดังเช่นนั้น.
หวะ 0,น.,"สวะ, ต้นหญ้า ต้นฝัก หรือสิ่งต่าง ๆ ที่ลอย เป็นแพอยู่ในน้ำ"
หวะ 1,ก.,"กรีด, ผ่า, เปิด ออก."
หวะ 2,ก.,ร่วมกันแล้วแบ่งปันผลประโยชน์ เช่น ทำนาหวะ (เทียบ ม. Rawah)
หวะ 3,ก.,ผสมกัน เช่น เอาน้ำกับเหล้ามาหวะกัน.
หวะ 4,ว.,"กินจุ, มูมมาม, เห็นแก่กิน (ดู อาหวะ)."
หวะ 0,ว.,"เห็นแก่กิน, ละโมบ."
หวัก 0,น.,จวัก เช่น หวักตักแกง.
หวัก 1,ก.,ใช้มือทำอาหารเช่นนั้นเพื่อเป็นสัญญาณให้เข้ามาหาเรียกว่า หวักมือ.
หวัก 2,ก.,"วักน้ำ, เอาอุ้งมือตักน้ำหรือของเหลว ขึ้นมาค่อนข้างเร็ว"
หวัก 3,ว.,"งอ, เรียกหน้าซึ่งมีสีหน้าแสดงอาการโกรธไม่พอใจหรือไม่ได้อย่างใจ เป็นต้น เช่น หน้าหวัก - หน้างอ."
หวักผัด 0,น.,ตะหลิว
หวักผัด 1,น.,"นกกวัก, ชื่อนก ลำตัวสั้น ขาและนิ้วยาว หน้าผากและลำตัวด้านล่างสีขาว อาศัยอยู่ตามหนองน้ำ เดินหากินบนใบพืชนา เช่น บัว จอก แหน ในตอนเช้าหรือพลบค่ำ ร้องเสียงดัง “ กวัก ๆ ”"
หวักมือ 0,ก.,กวักมือ
หวัง 0,น.,ชื่อแมลงปีกแข็งชนิดหนึ่ง เรียก อ้ายหวัง.
หวัง 1,ก.,"คาดว่าจะได้, ปองไว้, หมายไว้."
หวังหวาย 0,ก.,"มุ่งหวัง, คาดหวัง, ตั้งใจ, ฝากความหวังไว้"
หวังเหวิด 0,ก.,"กังวล, ห่วงใย"
หวังเหวิด 1,ก.,"กังวล, ห่วงใย (ดู ข้องใจ)."
หวังเหวิด 2,ว.,"ว้าเหว่, วังเวง."
หวัด 0,น.,"โรคหวัด, อาการที่เยื่อของอวัยวะที่เป็นเครื่องหายใจอักเสบมักทำให้เสียงแห้งและน้ำมูกไหล."
หวัด 1,ก.,"ตวัด, วัดให้ม้วนเข้ามาโดยเร็ว, โอบรัดเข้ามาโดยเร็ว, แกว่งไม้หรือเชือกให้ปลายม้วนเข้ามา."
หวัด 2,ว.,"ไม่บรรจง, สะเพร่า, ไม่ตั้งใจทำให้เรียบร้อย."
หวัดดี 0,ก.,"ไหว้แบบถวายบังคม, เคารพโดยการกราบไหว้"
หวัดดี 1,น.,"คำทักทายที่พูดขึ้นเมื่อพบกัน, สวัสดี."
หวัดดี 2,ก.,ไหว้แบบถวายบังคม (ดู ฉูงาม ก. ๒.).
หวัน 0,น.,"ตะวัน, ดวงอาทิตย์"
หวั้น 0,น.,"ขั้ว, ส่วนที่ต่อของก้านดอกไม้ ใบไม้ ผลไม้ และอื่น ๆ"
หวั้น 1,สำ.,ไม่มีที่ยึดเหนี่ยวว่า “ ไม่หวั้น ”.
หวันกลางงาย 0,น.,ช่วงเวลาตอนสาย ประมาณ ๙ นาฬิกา.
หวันขึ้น 0,น.,ช่วงเวลาที่ดวงอาทิตย์เริ่มขึ้นสู่ท้องฟ้า ประมาณ ๐๖.๐๐ - ๐๗.๐๐ นาฬิกา.
หวันขึ้นเทียมปลายหมาก 0,น.,ช่วงเวลาเช้า ประมาณ ๐๗.๐๐ - ๐๗.๓๐ นาฬิกา.
หวันครันแล้ว 0,น.,ช่วงเวลาสาย ๆ.
หวั้นคั้ว 0,น.,มันแกว (ดู หัวถัว).
หวั้นคั้ว 1,น.,"มันแกว, ชื่อมันชนิดหนึ่ง มีรสชืด ๆ หรือหวานน้อย ๆ ใช้กินดิบ ๆ หรือนำไปปรุงเป็นอาหารก็ได้ เมล็ดมีพิษ (น.ศ.)"
หวันฉีกหมอน 0,น.,ช่วงเวลาเช้าตรู่ขณะที่ยังมีหมอกลงจัด.
หวันช้าย 0,น.,"ตะวันเลยเที่ยง, เวลาเย็น, ตอนเย็น."
หวันช้ายนุ้ย 0,น.,ช่วงเวลาที่เริ่มจะเข้าสู่เวลาบ่าย.
หวันตกเขา 0,น.,ช่วงเวลาเย็น ขณะดวงอาทิตย์ลับเหลี่ยมเขา.
หวันตกดิน 0,น.,ช่วงเวลาเย็นขณะดวงอาทิตย์ตกดิน.
หวันตรงหัว 0,น.,"ตอนเที่ยง, เวลาเที่ยง."
หวันตั้งดวง 0,น.,ช่วงเวลาที่ดวงอาทิตย์เริ่มจะพ้นจากขอบฟ้า.
หวันเที่ยง 0,น.,"ตอนเที่ยง, เวลาเที่ยง."
หวันเทียมปลายโหนด 0,น.,ช่วงเวลาที่ดวงอาทิตย์ขึ้นอยู่ในระดับปลายต้นตาล ประมาณ ๐๗.๐๐ - ๐๗.๓๐ นาฬิกา.
หวันนกชุมรัง 0,น.,ตะวันใกล้ค่ำ.
หวันเป็นศูนย์ 0,น.,สุริยุปราคา.
หวันผาหัว 0,น.,"ตอนเที่ยง, เวลาเที่ยง."
หวันเพลียก 0,น.,ช่วงเวลาบ่ายหลังเที่ยงไม่นาน ประมาณ ๑๒.๐๐ - ๑๓.๐๐ นาฬิกา.
หวันเพลียกหัว 0,น.,ช่วงเวลาบ่ายหลังเที่ยงไม่นาน ประมาณ ๑๒.๐๐ - ๑๓.๐๐ นาฬิกา.
หวันมุ้งมิ้ง 0,น.,เวลาพลบค่ำ.
หวันยังวัน 0,น.,ช่วงเวลาบ่ายขณะที่ยังไม่ถึงเวลาเย็น.
หวันเย็น 0,น.,เวลาเย็น.
หวันแยงตา 0,น.,ช่วงเวลาตอนสาย.
หวันแยงวาน 0,น.,ช่วงเวลาตอนสาย.
หวันลอดขอน 0,น.,ช่วงเวลาบ่ายขณะที่แสงอาทิตย์ลอดขอนไม้.
หวันสาย 0,น.,ช่วงเวลาตอนสาย.
หวันหนวดวัว 0,น.,ช่วงเวลาเย็นตอนดวงอาทิตย์ทอแสง ประมาณ ๑๘ นาฬิกา.
หวันอิเที่ยงแล้ว 0,น.,ช่วงเวลาตอนใกล้เที่ยง.
หวันเอย็นพอเป็นหนวดเสือ 0,น.,ช่วงเวลาเย็นตอนดวงอาทิตย์ทอแสง ประมาณ ๑๘ นาฬิกา.
หวั้นเอว 0,น.,"บั้นเอว, ส่วนกลางของร่างกายระหว่างชายโครงกับกระดูกตะโพกทั้ง ๒ ข้าง"
หวันเอียง 0,น.,ช่วงเวลาบ่ายหลังเที่ยงไม่นาน ประมาณ ๑๒.๐๐ - ๑๓.๐๐ นาฬิกา.
หวัายหวัง 0,ก.,"มุ่งหวัง, คาดหวัง, ตั้งใจ, ฝากความหวังไว้"
หวา 0,น.,"สวะ, ต้นหญ้า ต้นฝัก หรือสิ่งต่าง ๆ ที่ลอย เป็นแพอยู่ในน้ำ"
หวา 1,น.,ชื่องูชนิดหนึ่ง อาศัยอยู่ในน้ำจืด ไม่มีพิษ มีหนวด.
หวา 2,น.,ชื่อตะพาบน้ำฃนาดเล็ก อาศัยตามลำธาร
หวา 3,น.,"สันตะวา, ชื่อไม้น้ำ ใบบาง สีเชียวอมน้ำตาล กินได้."
หวา 4,น.,สวะ (ดู หวะ น.).
หวา 5,สรรพ.,สรรพนามใช้แทนตัวเอง (ดู อั๊วะ สรรพ.).
หวา 6,ว.,"กว่า เช่น มากหวา - มากกว่า, ดีหวา - ดีกว่า."
หวา 7,อุ.,แสดงความตกใจ ประหลาดใจ.
หว้า 0,ก.,ร่วมกันแล้วแบ่งปันผลประโยชน์ เช่น ทำนาหวะ (เทียบ ม. Rawah)
หว้า 1,น.,ลักษณะพิเศษอันเป็นมงคลของคนหรือสัตว์ เช่น ไก่งอกขนที่ก้นแหลม งอกเกล็ดใต้ฝ่าเท้า (เรียกว่า “ เทวดาเหยียบกรวด ” ) คนมีอัณฑะเม็ดเดียว.
หว้า 2,น.,ชื่อไม้ต้นขนาดใหญ่ ผลสุกสีม่วงดำ กินได้.
หว้า 3,น.,ชื่อนกขนาดใหญ่ ตัวสีน้ำตาล หนังบริเวณใบหน้าและคอสีฟ้า ตัวผู้หางยาวและมีแววขนที่ปีก ในฤดูผสมพันธุ์จะรำแพนปีกเกี้ยวตัวเมีย โดยสร้างอาณาเขตเดินเป็นวงกลม.
หว้า 4,ก.,ร่วมกันแล้วแบ่งปันผลประโยชน์ (ดู หวะ ก. ๒.).
หว้า 5,ว.,กว่า.
หวา 0,สรรพ.,"ใช้แทนตัวเอง เทียบได้กับ "" ผม, กู, อั๊ว """
หวาก 0,น.,"น้ำตาลเมา, กะแช่"
หวากส้ม 0,น.,"น้ำตาลเมา, กะแช่"
หวาง 0,น.,"ระหว่าง, ช่องว่างจากที่หนึ่งถึงอีกที่หนึ่ง."
หวาง 1,น.,"เวลา, เวลาที่กำลังเป็นไปอยู่."
หวาง 2,ก.,"ทุเลา, สร่าง, ค่อยยังชั่ว."
หวาง 3,ว.,"สว่าง, ระยะเวลาฟ้าสาง, ระยะเวลาเมื่อรุ่งอรุณ."
หวาง 4,ว.,"ว่าง, เปล่า, ไม่มีอะไรนอกจากตัวของมันเองที่อ้างถึง, ไม่มีภาระผูกพัน, ไม่มีอะไรจะทำ."
หวางใจ 0,ก.,หมดกังวล สว่างอารมณ์
หวางเช้าหวางเพล 0,น.,ช่วงเวลาสาย ๆ ประมาณ ๙ - ๑๐ นาฬิกา.
หวางเทียมดาว 0,ว.,ไม่มีเทวดาคุ้มครอง.
หวางนี้ 0,น.,เวลานี้
หวางไป 0,ก.,โล่งอกไปที.
หวางเผิน 0,ว.,"สว่างจ้า, กระจ่างใส"
หวางพอดี 0,ว.,สว่างพอดี.
หวางลา 0,น.,"ทางสาธารณะ, ทางเดินระหว่างบ้าน (พ.ท.)"
หวางลา 1,น.,ทางเดินระหว่างบ้าน.
หวางวัดหวางบ้าน 0,สำ.,"เข้าไหนไม่ได้, ไม่สมบูรณ์."
หวางหน้าหวางตา 0,สำ.,"เบิกบานใจ, หายทุกข์โศก."
หวางเหมือนฝีแตก 0,สำ.,ความหมายทำนองเดียวกับยกภูเขาออกจากอก หมายถึงความทุกข์ทั้งหลายที่มาสุมกันอยู่ทุเลาเบาบางไป.
หวางเหว้ง 0,ว.,"สว่างจ้า, กระจ่างใส"
หวางอก 0,ก.,โล่งอก.
หวาเฉี้ย 0,น.,แหวนรอง (เทียบ อ. washer ; ภ.ก.).
หวาด 0,น.,"ลูกสวาด, ชื่อไม้เถาชนิดหนึ่ง ผลเป็นฝัก มีเมล็ดกลม ๆ สีขาว ใช้เล่นหมากขุม"
หวาด 1,น.,"สัตว์จำพวกเหยี่ยว เช่น หวาดตุ๊กแก, หวาดนกเขา (ภ.ก.)."
หวาด 2,ก.,"ตวาด, ขู่เต็มเสียง, คุกคามด้วยแผดเสียง พูดเสียงดังด้วยความโกรธ."
หวาด 3,ก.,"หวาดหวั่น, วิตก, สะดุ้งกลัว, กริ่งเกรง, เสียว, หวั่น."
หวาน 0,น.,"กระวาน, ชื่อไม้ล้มลุกชอบขึ้นในป่าดิบชื้น ตามภูมิประเทศที่เป็นเขา ผลมีกลิ่นหอมฉุน ใช้ปรุงอาหารและทำยา."
หวาน 1,ก.,"หว่าน, โปรย, สาดให้กระจาย."
หวาน 2,ว.,มีรสอย่างน้ำตาล.
หวานขลิ่ว ๆ 0,ว.,หวานไม่สนิท และมีรสอื่นเจือปนอยู่ด้วย.
หวานคอแร้ง 0,สำ.,ได้กินฟรี อย่างสมอยาก
หวานคอแร้ง 1,สำ.,ได้กินฟรีอย่างสมอยาก.
หวานแสบอก 0,สำ.,ดู ร้อนหัวอก.
หวาบ 0,น.,"เหยี่ยวชนิดหนึ่งที่กินเนื้อเป็นอาหาร เช่น หวาบนกเขา - เหยี่ยวนกเขา, หวาบแม่ไก่ - เหยี่ยวที่ชอบกินไก่เป็นอาหาร."
หวาบ 1,ก.,"ขยาด, ครั่นคร้าม, กลัวเพราะเคยรู้ฤทธิ์มาแล้ว, เข็ดเพราะเคยได้รับผลร้ายมาแล้ว."
หวาบ 2,ก.,"กำราบ, ทำให้เข็ดหลาบ, ทำให้กลัว, ทำให้สิ้นพยศ, ทำให้สิ้นฤทธิ์."
หวาบ 3,ก.,ชะงักความเจริญ (ใช้กับพืช).
หวาบ 4,ว.,ลีบ เช่น ข้าวหวาบ - ข้าวลีบ.
หวาย 0,น.,"หวาย, ชื่อเรียกปาล์มหลายชนิดหลายสกุล ขึ้นเป็นกอ ลำต้นยาวทอดเลื้อย ผิวเกลี้ยง เหนียว กาบและก้านใบมีหนาม."
หวาย 1,ก.,"ถวาย, ให้, มอบให้ (ใช้กับพระสงฆ์หรือเจ้านาย)."
หวายควาญ 0,สำ.,(ผู้หญิง) เอาตัวไปเสนอให้ผู้ชายนอน (ร่วมประเวณี) ด้วย (ภ.ก.).
หวายพวน 0,น.,ชื่อหวายชนิดหนึ่ง นิยมนำมาทำเครื่องใช้ ใบเอามาเย็บเป็นตับมุงหลังคาบ้าน ยอดเอามาต้มกะทิรับประทานได้
หวายพวน 1,น.,หวายชนิดหนึ่ง (ดู กำพวน).
หวายโพน 0,น.,ชื่อหวายชนิดหนึ่ง นิยมนำมาทำเครื่องใช้ ใบเอามาเย็บเป็นตับมุงหลังคาบ้าน ยอดเอามาต้มกะทิรับประทานได้
หวายโพน 1,น.,หวายชนิดหนึ่ง (ดู กำพวน).
หวายลิง 0,น.,ชื่อหวายชนิดหนึ่ง ลำต้นสีเขียว ไม่มีหนาม นิยมนำลำต้นมาทำเส้นตอกบิด มุงหลังคาจาก (ดู ตอกบิด).
หวายแสก 0,น.,"สาแหรก, เครื่องใส่ของสำหรับหิ้วหรือหาบ เป็นต้น ปกติทำด้วยหวาย มี ๔ สาย ตอนบนทำเป็นหูสำหรับหิ้วหรือสอดไม้คาน ด้านล่างขัดกันเป็นสี่เหลี่ยมสำหรับวางกระจาด เป็นต้น"
หวายแสก 1,น.,สาแหรก (ดู แสก น. ๑.).
หวายหวัง 0,ก.,ฝากความหวังไว้ (ดู หวังหวาย).
หว้าว 0,ก.,ทำให้เว้า.
หว้าว 1,ว.,"เว้า, มีเส้นรูปนอกหรือพื้นราบโค้ง หรือบุ๋มเข้าไป"
หวาวหวาว 0,ว.,ว้าเหว่ (ดู หว้าหว้า).
หวาวหวาว 1,ว.,"ทำเสียงดังโวกเหวก, ชอบพูดแต่ไม่ทำ."
หวาวหวาว 2,ว.,"ว้าเหว่, รู้สึกอ้างว้าง, เปลี่ยวใจ."
หว้าหว้า 0,ว.,"เคว้งคว้าง, อาการที่หมุนหรือลอยไปตามกระแสลมกระแสน้ำ เป็นต้น ไม่มีจุดหมาย หรือ ไม่มีที่ยึดเหนี่ยว."
หว้าหว้า 1,ว.,"ว้าเหว่, รู้สึกอ้างว้าง, เปลี่ยวใจ."
หวำ 0,ก.,"ถลำ, พลาด, หน้ามืด (ช.พ.)."
หว่ำหว่ำหว้ามหว้าม 0,ก.,"สติไม่ปกติ, ป้ำ ๆ เป๋อ ๆ."
หวิง 0,น.,หวายถักเป็นวงสำหรับร้อยจมูกวัวควายที่เจาะใหม่
หวิง 1,น.,เครื่องมือดักปลาในโป๊ะหรือเล้า รูปคล้ายสวิง (น.ธ.)
หวิง 2,น.,เครื่องช้อนปลาชนิดหนึ่ง ถักเป็นร่างแห ลักษณะเป็นถุง มักใช้ไม้หรือหวายทำเป็นขอบปาก.
หวิง 3,น.,หวายถักเป็นวงสำหรับร้อยจมูกวัวและควาย (ดู หวิน).
หวิง 4,ว.,หวัง เช่น อย่าไปหวิง - อย่าไปหวัง (ก.บ.).
หวิง 5,น.,หวายถักเป็นวงสำหรับร้อยจมูกวัวและควาย
หวิ้ง 0,ว.,หวิว (ดู หวิ้ว).
หวิ้ง 1,ว.,"หวิว, มีความรู้สึกที่ดูเหมือนใจจะขาดไป"
หวิด 0,ก.,ขวิด (ดู ขวิด).
หวิด 1,ก.,ตวัด เช่น หวิดเบ็ด - ตวัดเบ็ด
หวิน 0,น.,หวายถักเป็นวงสำหรับร้อยจมูกวัวควายที่เจาะใหม่
หวิน 1,น.,หวายถักเป็นวงสำหรับร้อยจมูกวัวและควาย
หวิน 2,น.,"กว้าน, เครื่องสำหรับฉุดดึงและยกของหนัก (ภ.ก.)."
หวิ้น 0,น.,"ขั้ว, ส่วนที่ต่อของก้านดอกไม้ ใบไม้ ผลไม้ และอื่น ๆ"
หวิ้น 1,น.,ขั้ว (ดูหวั้น น.).
หวิ้น 2,ก.,"บิ่น, แตกลิไปเล็กน้อย (ที่คม ที่แง่ หรือที่ยอด)."
หวิ้น 3,ว.,ลักษณะอาการที่หลุด ขาด หรือลุ่ยออก กะรุ่งกะริ่ง.
หวิ้น 4,ว.,"แหว่ง, ไม่เต็มตามที่ควรมี."
หวิบ 0,ก.,"ฉุนโกรธ, รู้สึกโกรธขึ้นมาทันทีทันใด"
หวิบ 1,ว.,"ประเดี๋ยวประด๋าว, ทันทีทันใด."
หวิ้ว 0,ว.,"หวิว, มีความรู้สึกที่ดูเหมือนใจจะขาดไป"
หวี 0,น.,"หวี, ของใช้ชนิดหนึ่ง มีลักษณะเป็นซี่ ๆ เรียงต่อกันเป็นปื้น ใช้สางผมหรือเส้นด้าย เป็นต้น."
หวี 1,น.,กลุ่มผลกล้วยที่มีขั้วติดเรียงกันอยู่.
หวี 2,ก.,"แต่งผมด้วยหวี, สางผม."
หวี 3,ลัก.,ใช้สำหรับกล้วย เช่น กล้วย ๒ หวี.
หวี้ 0,ก.,"ฉุนโกรธ, รู้สึกโกรธขึ้นมาทันทีทันใด"
หวี้ 1,ก.,ฉุนโกรธ (ดู หวิบ).
หวี้ 2,ว.,หลาย.
หวีกด 0,น.,หวีสำหรับเกล้าผม.
หวีกรด 0,น.,หวีสำหรับเกล้าผม.
หวีโค้ง 0,น.,หวีรูปโค้ง สำหรับสับผม.
หวีด 0,ก.,หวีดร้อง.
หวีด 1,ว.,มีเสียงดังเช่นนั้น โดยมากเป็นเสียงผู้หญิง.
หวีตบ 0,น.,หวีสำหรับเกล้าผม.
หวีสับ 0,น.,หวีสำหรับเกล้าผม.
หวีหาง 0,น.,หวีที่มีซี่ห่าง.
หวีเหนียด 0,น.,หวีเสนียด.
หวือ 0,น.,"เครื่องเล่นของเด็ก ทำด้วยวัตถุกลม ๆ หรือ ทรงกลม เช่น จุกขวด, เมล็ดยางพารา เป็นต้น โดยเจาะวัตถุร้อยเชือกแล้วดึงให้หมุน."
หวือ 1,ว.,เสียงดังเช่นนั้น.
หวุย 0,ว.,เสียงดังเช่นนั้นเพื่อไล่วัวควาย (ดู ทุย).
หวุยหวุย 0,ว.,เสียงดังเช่นนั้นเพื่อไล่วัวควาย
หวู้ 0,ว.,อย่างเร็ว เช่น ไปดังหวู้.
หวูด 0,น.,"สัญญาณ, เครื่องเปิดไอน้ำให้มีเสียงดังเช่นนั้น."
หวูด 1,ว.,มีเสียงดังเช่นนั้นอย่างเสียงเปิดหวูด.
หวู่หล้าง 0,น.,"โรงล้างแร่ขั้นสุดท้าย, โกดังเก็บของ (จ., ภ.ก.)."
หอ 0,น.,เรียกห่อสัมภาระว่า หอพาย
หอ 1,น.,"ยุ้ง, สิ่งปลูกสร้างสำหรับเก็บข้าวเปลือก เช่น หอข้าว - ยุ้งข้าว"
หอ 2,น.,"เสือ (จ., ภ.ก.)."
หอ 3,ก.,"เหาะ, ลอยไปในอากาศได้ (พ.ท.)"
หอ 4,ลัก.,ลักษณนามเรียกของที่หุ้มด้วยใบไม้หรือกระดาษ เป็นต้น.
ห้อ 0,ก.,"เหาะ, ลอยไปในอากาศได้ (พ.ท.)"
ห้อ 1,ก.,เหาะ (ดู หอ ก.).
ห้อ 2,ก.,"ห้อ, วิ่งเต็มเหยียด, วิ่งเต็มที่."
หอก 0,น.,หงอก
หอก 1,น.,"หอก, ชื่ออาวุธสำหรับแทงชนิดหนึ่ง ทำด้วยโลหะ มีด้ามยาว."
หอก 2,น.,หงอก (ดู หงอก).
หอครอง 0,น.,ผ้าครองพรรษา.
หอแคล่ 0,น.,เรียกห่อสัมภาระว่า หอพาย
หอแคล่ 1,น.,ห่อสัมภาระ (ดู หอ น. ๑.).
ห้อง 0,น.,เนื้อหมูชิ้นใหญ่ที่ต้มปรุงด้วยซีอิ๊วและน้ำตาล (ดู ค่อง น. ๑).
ห้อง 1,น.,ส่วนของเรือนหรือตึกที่มีฝากั้นเป็นตอน ๆ.
ห้อง 0,น.,เนื้อหมูชิ้นใหญ่ที่ต้ม ปรุงด้วยน้ำซีอิ๊วและน้ำตาล
ห่องขิม 0,น.,"หีบเพลงชัก (จ., ภ.ก.)."
ห้องเครื่อง 0,สำ.,บริเวณอวัยวะเพศชาย.
ห่องโช้ย 0,น.,"ว่าว (จ., ภ.ก.)."
ห่องเต่ 0,น.,"ฮ่องเต้ (จ., ภ.ก.)."
ห่องสี่ 0,น.,"พัดลม (จ., ภ.ก.)."
ห้องห้อ 0,ว.,อาการที่ไก่เป็นโรคระบาด.
ห็องห้อ 0,ว.,"เงื่องหงอย, อาการไก่ที่เป็นโรคระบาด (ดู ดร็องคร่อ)."
ห่อเจ็ว 0,น.,"พริกไทย (จ., ภ.ก.)."
หอน 0,น.,"หงอน, ขน หรือเนื้อที่งอกขึ้นบนหัวไก่"
หอน 1,น.,หงอน (ดู หงอน น. ๒.).
หอน 2,น.,แตรรถ (เทียบ อ. horn).
หอน 3,ก.,"หอน, ร้องเสียงยาวโหยหวน (ใช้กับหมา), เสียงวี้ดหรือกรี๊ดจากเครื่องยนต์หรือเครื่องขยายเสียง."
หอน 4,ว.,"เคย, ห่อน เช่น ไม่หอนไป - ไม่เคยไป, ไม่หอนทำ - ไม่เคยทำ."
หอบ 0,น.,"หอบ, หืด, ชื่อโรคหลอดลมอักเสบเรื้อรังชนิดหนึ่ง เกิดจากหลอดลมตอบสนองต่อสิ่งเร้าอย่างเฉียบพลันและรุนแรงกว่าที่เกิดขึ้นในคนทั่วไป."
หอบ 1,ก.,หายใจถี่ด้วยความเหนื่อยหรืออ่อนเพลีย.
หอบ 2,ก.,"เอาแขนทั้ง ๒ ข้างรวบสิ่งของไป, ขนสมบัติ, ย้ายไป, พัดพาไป."
หอบผ้า 0,สำ.,หนีตามชายชู้.
หอบหมาขึ้น 0,สำ.,หอบอย่างหนัก (ภ.ก.).
หอบเหมือนหมาตามพระ 0,สำ.,สำนวนเปรียบเทียบคนที่วิ่งแล้วมีอาการเหนื่อยหอบ.
หอม 0,น.,ชื่อไม้ล้มลุกมีหัว กลิ่นฉุน ใช้ปรุงอาหาร
หอม 1,ก.,จูบ.
หอม 2,ก.,"ดม, ใช้จมูกสูดกลิ่น, สูดเอากลิ่น."
หอม 3,ว.,"กลิ่นหอม, มีกลิ่นดี."
ห้อม 0,ก.,"ล้อม, โอบเป็นวงโดยรอบ, ตีวงเข้าไปโดยรอบ."
หอมจันทร์ 0,น.,ชื่อข้าวพันธุ์พื้นเมือง (ก.บ.).
หอมแดง 0,น.,ชื่อไม้ล้มลุกมีหัว ใบแบนคล้ายใบหมาก แรกเกิดดอกสีขาวนวล หัวสีแดงเข้ม รสขม เผ็ดซ่า ใช้ทำยาได้
หอมแดง 1,น.,"หัวหอม, หัวต้นหอมที่นำมาตากให้แห้ง เพื่อนำไปทำอาหาร มักใช้เป็นเครื่องปรุง"
หอมสังข์ 0,น.,ชื่อข้าวพันธุ์พื้นเมือง (ก.บ.).
หอมหอม 0,ว.,"ติด, ผูกพัน."
ห้อมหุมชุม 0,ว.,มาก (ดู หุมชุม).
ห้อมหุมชุม 1,ว.,มาก หมายถึง ญาติพวกพ้องมาก
หอย 0,น.,"หอย, ชื่อสัตว์ไม่มีกระดูกสันหลัง มีเปลือกหุ้มตัว แบ่งออกได้เป็น ๒ จำพวกตามลักษณะของเปลือก คือ จำพวกกาบเดี่ยวและจำพวกกาบคู่."
หอยกวัก 0,น.,หอยตัวแบน สีขาว เสียงร้องดังกวัก ๆ.
หอยกวักตีน 0,น.,หอยทะเลชนิดหนึ่ง เวลาปรุงเป็นอาหารรับประทาน ต้องใช้วิธีชักตีนออกจากเปลือก
หอยกัน 0,น.,หอยทะเลจำพวกกาบคู่ชนิดหนึ่ง.
หอยกาบ 0,น.,หอยน้ำจืด สองกาบ ตัวแบนยาว.
หอยขม 0,น.,หอยน้ำจืดกาบเดี่ยว เปลือกขนาดเท่าหัวแม่มือ ยอดแหลม สีเขียวหรือดำ ออกลูกเป็นตัว มีหลายชนิด.
หอยขรวน 0,น.,ปูเสฉวน.
หอยข้าว 0,น.,คล้ายหอยโข่ง แต่ตัวเล็กกว่า ปากแดง.
หอยโขง 0,น.,หอยน้ำจืด กาบเดี่ยว เปลือกสีเขียวคลํ้า มีขนาดเท่าหัวแม่มือจนถึงกำปั้น เวียนเป็นวง ยอดสั้น วงสุดท้ายค่อนข้างกลม มีหลายชนิด.
หอยคราง 0,น.,หอยชนิดหนึ่งคล้ายหอยแครง แต่โตกว่า ลายเปลือกหยาบกว่า.
หอยแครง 0,น.,หอยแครง.
หอยแครง 1,น.,ขนมครองแครง.
หอยจักจัน 0,น.,หอยเบี้ย.
หอยจุ๊บ 0,น.,หอยขม
หอยชักตีน 0,น.,หอยทะเลชนิดหนึ่ง เวลาปรุงเป็นอาหารรับประทาน ต้องใช้วิธีชักตีนออกจากเปลือก
หอยตาก 0,น.,หอยน้ำจืด คล้ายหอยแครง แต่ขนาดเล็กกว่า.
หอยติบ 0,น.,หอยกาบคู่อยู่ในตระกูลหอยนางรม มีขนาดเล็ก
หอยตุก 0,น.,หอยขม
หอยทับปิด 0,น.,หอยที่ตายกลายเป็นหิน ถือเป็นของขลังอย่างหนึ่ง.
หอยนมสาว 0,น.,หอยทะเลชนิดหนึ่ง เปลือกมีลักษณะคล้ายนมผู้หญิง.
หอยน้ำพริก 0,น.,หอยทะเลชนิดหนึ่งคล้ายหอยโข่ง แต่ตัวเล็กขนาดเท่าหัวแม่มือ เปลือกสีดำ.
หอยบอหยา 0,น.,หัวเรือ (ดู หัวบอหยา).
หอยบอหยา 1,น.,หัวเรือ (ก.บ.)
หอยฝากตัว 0,น.,ปูเสฉวน.
หอยพง 0,น.,คล้ายหอยแมลงภู่ แต่ขนาดเล็กกว่า.
หอยมือเสือ 0,น.,หอยทะเล ตัวโต ลักษณะเปลือกคล้ายอุ้งเท้าเสือ.
หอยลาย 0,น.,หอยทะเล คล้ายหอยกาบ แต่ตัวสั้นกว่า ผิวเปลือกลาย.
หอยหมา 0,น.,ลักษณะรอยพับ บริเวณโคนนิ้วก้อยขณะพับเข้ามา.
หอยหมา 1,น.,อวัยวะเพศของสุนัขตัวเมีย.
หอยหวาย 0,น.,หอยขม
หอยโหล้ 0,น.,หอยน้ำจืด คล้ายหอยขม แต่ตัวยาวกว่า.
หอยอั่ว 0,น.,อาหารชนิดหนึ่ง ทำโดยควักเนื้อหอย ผสมเครื่องแกงเผ็ด ใส่ใบชะพลู แล้วใส่กลับเข้าไปในเปลือกหอย นำไปย่างจนสุก (ภ.ก.).
หอยา 0,น.,"บุหรี่, ยาสูบที่ใช้ใบตองหรือกระดาษมวนใบยาที่หั่นเป็นฝอย"
หอยา 1,น.,บุหรี่ (ดู ยาสูบ).
ห่อสั่ว 0,น.,"ร่ม (จ., ภ.ก.)."
ห่อส้า 0,น.,"เสื้อกันฝน (จ., ภ.ก.)."
หอหมกทอด 0,น.,อาหารชนิดหนึ่งคล้ายทอดมัน แต่ไม่ใส่ถั่วฝักยาวและแป้ง
หอหมกทอด 1,น.,อาหารชนิดหนึ่ง คล้ายทอดมัน (ดู ลูกชิ้น).
หะ 0,ก.,"อาเจียน, สำรอกออกมา, ล้น"
หะ 1,ว.,คำสบถขอให้กระอักเลือดตาย
หะน้ำ 0,ก.,อาเจียนออกเป็นน้ำ.
หะลิ๋น 0,ว.,คำสบถขอให้กระอักเลือดตาย
หะลิ๋น 1,ว.,คำสบถขอให้กระอักเลือดตาย (ดู หะเลือด ว.).
หะเลือด 0,ก.,อาเจียนเป็นโลหิต
หะออกเลือด 0,น.,"วัณโรค, โรคชนิดหนึ่งเกิดที่ปอด ทำให้ร่างกายทรุดโทรมเสื่อมไปตามลำดับ"
หะออกเลือด 1,น.,วัณโรค (ดู ฝีในพุง).
หัก 0,ก.,"พับงอ, พับงอหรือทำให้พับให้งอเพื่อให้ขาด หรือหลุดออกจากกัน."
หัก 1,ก.,ลบออกจากจำนวนที่มีอยู่.
หัก 2,ก.,"บุกเบิก, แผ้วถาง เช่น หักนา - หักร้างถางพงทำเป็นนา."
หัก 3,ก.,ฝึก เช่น หักหระ - การนำช้างป่าที่จับได้ใหม่มาเข้าโรงเพื่อฝึกหัด.
หัก 4,ก.,เลี้ยวอย่างกะทันหัน เช่น หักหัวรถ - หักพวงมาลัยรถ.
หักคอ 0,ก.,ตำกุ้งเคยครั้งแรกเพื่อทำกะปิ.
หักคอ 1,ก.,หักคอรวงข้าวเพื่อผูกมัดข้าว เรียก หักคอเลียง.
หักคอ 2,ก.,หักคอปลา เพื่อไม่ให้ปลาดิ้น จากนั้นจะได้ชำแหละปลาได้สะดวก.
หักคอ 3,สำ.,ถือวิสาสะเอาเป็นของตนโดยใช้อำนาจ.
หักคอ 4,สำ.,กลับคำ ใช้สำหรับการให้การต่อศาล ของพยาน.
หักคอ 5,สำ.,บังคับซื้อมาในราคาถูก.
หักแง้ 0,ก.,"หักเป็นแง่ง ๆ, หลุดจากรวง."
หักเณร 0,ก.,ทับ ทำเครื่องหมาย.
หักนก 0,สำ.,อวัยวะเพศชายไม่แข็งตัว เนื่องจากถูกทำคุณไสยจากภรรยา เพื่อไม่ให้สามีไปมีเพศสัมพันธ์กับผู้หญิงอื่น.
หักนกเขา 0,สำ.,อวัยวะเพศชายไม่แข็งตัว เนื่องจากถูกทำคุณไสยจากภรรยา เพื่อไม่ให้สามีไปมีเพศสัมพันธ์กับผู้หญิงอื่น.
หักใน 0,สำ.,เสียผลประโยชน์และยังเอาคืนไม่ได้ (ภ.ก.).
หักในรายเมา 0,สำ.,เสียผลประโยชน์และยังเอาคืนไม่ได้ (ภ.ก.).
หักลำ 0,น.,ปืนลูกซองหักลำ มี ๒ ชนิด คือ หักสำสั้นกับหักลำยาว.
หักเส้ง 0,น.,"นักเรียน (จ., ภ.ก.)."
หักหมบ 0,ก.,การใช้คำถาอาคมรักษาโรคมาลาเรียหรือไข้ป้าง (ภ.ก.).
หัง 0,ก.,"อังไฟ, นำไปใกล้ ๆ ไฟเพื่อให้ร้อน หรือบรรเทาความหนาว เป็นต้น, โดยปริยายหมายถึงอาการที่คล้ายคลึงเช่นนั้น"
หัง 1,น.,"ผีกระหัง, ผีชนิดหนึ่งที่ถือว่าเข้าสิงในผู้ชาย เชื่อกันว่าเดิมเป็นผู้ชายที่เรียนวิชาอาคมแก่กล้าเข้าก็มีปีกมีหางจะไปไหนก็ใซ้กระด้งแทนปีก สากตำ ข้าวต่างขา สากกระเบือต่างหาง ชอบกินชองโสโครก."
หัง 2,ก.,อังไฟ (ดู อัง ก.).
หัด 0,น.,โรคติดต่อที่เกิดจากเชื้อไวรัส มีอาการไข้สูงและปวดศีรษะ ออกผื่นแดงตามตัว.
หัด 1,น.,"ระหัด, โดยปริยายหมายถึงเครื่องจักรหรือเครื่องยนต์ทั่วไป."
หัด 2,น.,เครื่องมือคั้นอ้อย ใช้วัวควายหรือคนหมุน.
หัด 3,น.,เครื่องปั่นฝ้าย.
หัด 4,ก.,"ฝึกหัด, ฝึกฝน, ทำให้ชำนาญ, สอน เช่น หัดแถว - ฝึกระเบียบแถว."
หัดฉี 0,ก.,จาม
หัดฉีเห้ย 0,ก.,จาม
หัดฉีเห้ย 1,ก.,จาม (ดู หัดฉี).
หัดเฉ้ย 0,ก.,จาม
หัดเฉ้ย 1,ก.,จาม (ดู หัดฉี).
หัดดี 0,สำ.,นิสัยเสีย.
หัดตาย 0,ก.,"เครื่องจักรเสีย, เครื่องยนต์ดับ."
หัดตีไฟ 0,น.,เครื่องปั่นไฟ.
หัดบดฝ้าย 0,น.,ชื่อเพลงกาหลอ.
หัดสูบน้ำ 0,น.,เครื่องสูบน้ำ.
หัน 0,น.,ชื่อไม้ต้นชนิดหนึ่ง ขึ้นตามฝั่งน้ำลำคลอง ใบเป็นมันคล้ายจำปี แต่เรียวและนิ่มกว่า ดอกสีเหลือง ผลกลมเป็นพวงคล้ายมะไฟ เมล็ดเอามาทำเป็นยา แก้โรคคันและหิดได้
หัน 1,ก.,"หมุน, บิด, ผันร่างกายไปทางใดทางหนึ่ง, เปลี่ยนใจ."
หั้น 0,ว.,"นั้น เช่น หั้นแหละ, หั้นละ - นั้นแหละ, นั้นไง."
หั่นจู 0,น.,มันสำปะหลัง
หันเดี้ยน 0,ว.,หมุนติ้ว.
หันหัว 0,ว.,หมุนติ้ว. ท้นหัว
หันหัว 1,ก.,"หันหน้า โดยปริยายหมายถึงการเลี้ยวรถยนต์ให้ด้านหน้ารถไปในทิศทางใด ๆ, กลับรถ."
หันหัว 2,ก.,"หั่น, เอาของวางลงบนที่รองรับแล้วตัดให้เป็นชิ้นเล็ก ๆ."
หันเหลี้ยน 0,ว.,หมุนติ้ว.
หับ 0,น.,ชื่อไม้เถาขนาดใหญ่ มีผลเป็นพวง ผลขนาดเมล็ดสวาด ใช้ทำลูกพรวนแขวนข้อมือเด็ก.
หับ 1,น.,ชื่อเต่าชนิดหนึ่ง ขนาดเล็ก.
หับ 2,น.,เรียกมีดพับว่า “ มีดหับ ”
หับ 3,ก.,"ปิด, กันหรือกั้นไว้ให้เข้าออกไม่ได้"
หับ 4,ก.,"งับ, ปิดอย่างไม่สนิทหรือปิดอย่างไม่ลงกลอน."
หับ 5,ก.,"พับ, หักทบ เช่น หับมีด - พับมีดพับ."
หัว 0,น.,ด้านที่ตรงกันข้ามกับก้อย
หัว 1,น.,"นายอากร, คนเก็บส่วย."
หัว 2,น.,ส่วนบนสุดของร่างกายคนและสัตว์.
หัว 3,น.,"ส่วนของพืชพรรณบางอย่างตอนที่อยู่ใต้ดิน, ส่วนที่อยู่ใต้ดินของพืชบางชนิด เป็นที่เกิดของต้นอ่อน."
หัว 4,น.,ส่วนแห่งสิ่งของบางอย่างที่อยู่ข้างหน้าหรือข้างต้นหรือแรกเริ่ม เรียกว่าหัวของสิ่งนั้น ๆ.
หัว 5,น.,ช่วงแรกเริ่มของเวลา.
หัว 6,น.,ส่วนแห่งสิ่งของที่เป็นยอด.
หัว 7,น.,ส่วนแห่งสิ่งของที่ยื่นเด่นออกไป.
หัว 8,น.,ส่วนที่ตรงข้ามกับหางหรือท้าย.
หัว 9,น.,ด้านหนึ่งของเหรียญอยู่ตรงข้ามกับก้อย (ดู มือ น. ๒.).
หัว 10,น.,ส่วนที่เป็นแก่นสาร.
หัว 11,ก.,"หัวเราะ, เปล่งเสียงแสดงความขบขัน ดีใจ ชอบใจ เป็นต้น."
หัว 12,ลัก.,เล่ม เช่น หนังสือ ๒ หัว - หนังสือ ๒ เล่ม.
หัว 13,ลัก.,หัว เช่น มัน ๒ หัว.
หัวกะเดือน 0,น.,อวัยวะเพศชาย (ดู หัวดอ).
หัวกะเทียม 0,น.,หัวกระเทียม.
หัวกะเทียม 0,น.,หัวกระเทียม
หัวกัว 0,น.,ปลาหัวตะกั่ว
หัวกัว 1,ว.,คำเรียกล้อเด็กว่า “ อ้ายหัวกัว ”.
หัวเกียง 0,น.,อวัยวะเพศชาย (ดู หัวดอ).
หัวเกียง 1,น.,หลอดไฟฟ้า.
หัวเกียง 2,ว.,คำเรียกล้อเด็กว่า “ อ้ายหัวเกียง ”.
หัวเกียง 3,น.,อวัยวะเพศชาย
หัวขนาน 0,น.,นาคที่บวชคนแรกในกลุ่ม (ดู หัวหนาน น. ๑.).
หัวขนาน 1,น.,นาคที่บวชคนแรกในกลุ่ม เพราะมีความรู้ทางธรรมะดีกว่าคนอื่น
หัวขวาน 0,น.,"นกหัวขวาน, ชื่อนกชนิดหนึ่ง ไต่ตามต้นไม้ โดยปากเจาะต้นไม้เพื่อหากินแมลง ทำรังในโพรงไม้สีสวย"
หัวขวาน 1,น.,ศีรษะคนที่มีท้ายทอยทุย.
หัวข้อ 0,น.,"มะเหงก, ด้านหลังของข้อนิ้วมือที่งอเข้าด้วยกัน ใช้สำหรับเขกหรือชูให้ประกอบคำกล่าวแสดงความโกรธ."
หัวข้อ 1,น.,"ตอน, ส่วนหนึ่งที่แบ่งออกจากส่วนใหญ่ เช่น อ่านหัวข้อใหม่ - อ่านตอนใหม่."
หัวข้อ 2,น.,ชื่อเรื่อง.
หัวข้อ 3,น.,ข้อต่อ.
หัวข้อ 4,น.,"กระทู้, หัวข้อหรือข้อความที่ตั้งไว้ให้อธิบาย."
หัวข้อ 5,น.,"ข้อ, ส่วนที่อยู่ระหว่างปล้องของไม้ไผ่หรืออ้อย เป็นต้น, ส่วนตรงที่ของ ๒ สิ่งมาต่อกัน."
หัวขั้ว 0,น.,ต้นขั้ว
หัวขั้ว 1,น.,"ต้นขั้ว, คู่ฉีก, ต้นฉบับ."
หัวขา 0,น.,"ข่า, ชื่อไม้ล้มลุก มีเหง้า ลำต้นเป็นกอ ดอกขาว ออกเป็นช่อปลายลำต้น เหง้ามีกลิ่นฉุน ใช้ปรุงอาหารและทำยาได้"
หัวขา 1,น.,ข่า.
หัวข้างเรือน 0,น.,ชื่อบอนชนิดหนึ่ง กินได้.
หัวข้าว 0,น.,คนเกส่วยข้าว.
หัวข้าวต้ม 0,น.,ชื่อกล้วยไม้ดิน วงศ์ Orchidaceae ใบเดี่ยว เรียงสลับ ดอกเล็ก กลีบดอกสีเขียวอมเหลือง ประดับด้วยจุดสีม่วง กลีบลิ้นสีขาว ประด้วยแถบสีม่วง.
หัวขิง 0,น.,ขิง.
หัวขี้แต้ 0,น.,ดินที่ขรุขระแห้งแข็ง
หัวขี้แตระ 0,น.,ดินที่ขรุขระแห้งแข็ง
หัวเข้ไม่ตรงกัน 0,สำ.,ไม่ต้องชะตากัน.
หัวเขลียก 0,น.,ปลายอวัยวะเพศ.
หัวเขา 0,น.,"เข่า, ส่วนที่ต่อระหว่างขาส่วนบนกับขาส่วนล่าง สำหรับคู้ขาเข้าและเหยียดขาออก"
หัวเขา 1,น.,"หัวเข่า, ส่วนต่อระหว่างขาส่วนบนกับส่วนล่างสำหรับคู้ขาเข้าหรือเหยียดขาออก."
หัวเข่าอ่อน 0,น.,"สะบ้าหัวเข่า (ส.ข., พ.ท), ส่วนที่อยู่เหนือเข่า (ป.น.)."
หัวเข่าอ่อน 1,น.,ขาอ่อน.
หัวเข่าอ่อน 2,ว.,อ่อนเพลีย.
หัวเข่าอ่อน 3,สำ.,กลัวมาก.
หัวเขีย 0,ว.,"มาก, สลอน."
หัวเขีย 0,ว.,"มาก, สลอน เช่น คนนี้ได้ลูกหัวกัวเกีย - มีลูกมากนั่งหัวสลอน"
หัวเขียน 0,น.,ชื่อปลาทะเลชนิดหนึ่ง ที่หัวมีลวดลายคล้ายรอยเขียน (ภ.ก.).
หัวโข้ง 0,น.,เรียกศีรษะที่มีส่วนท้ายทอยนูนออกมามากว่าหัวทอย
หัวโขน 0,น.,น้อนโหน่ง (ดู น้อยหนัง น. ๑.)
หัวโขน 1,น.,"โขนเรือ, ไม้ที่ต่อเสริมหัวเรือท้ายเรือให้งอนเชิดขึ้นไป."
หัวโขน 2,น.,ที่ครอบศีรษะเวลาเล่นโขน.
หัวโขน 0,น.,"น้อยโหน่ง, ชื่อไม้พุ่มขนาดเล็กถึงขนาดกลาง ดอกคล้ายดอกน้อยหน่า แต่ผลโตกว่า เปลือกบาง แต่เหนียว ค่อนข้างเรียบ ไม่นูนเป็นตา ๆ สีเขียวจาง ๆ ปนสีแดงเรื่อ ๆ เนื้อในผลหนาขาวรสหวานไม่สนิทเหมือนน้อยหน่า มีเมล็ดมาก, ลูกหัวโขน"
หัวคด 0,น.,ทางโค้ง.
หัวคร็อก 0,น.,มะม่วงหิมพานต์.
หัวคลก 0,น.,อวัยวะเพศชาย (ดู หัวดอ).
หัวควย 0,น.,อวัยวะเพศชาย (ดู หัวดอ).
หัวควย 1,น.,อวัยวะเพศชาย
หัวควาย 0,น.,ส่วนที่ผูกของนิ้วยอใหญ่ (ยอที่ตั้งอยู่กับที่) ผูกไว้กับคันยอ.
หัวค้อง 0,น.,ทางโค้ง (ดู หัวโค้ง).
หัวค้อง 1,น.,ทางโค้ง
หัวคะ 0,น.,หัวตะคาก หรือแง่กระดูกเชิงกรานที่อยู่ใต้บั้นเอว.
หัวคัก 0,น.,พื้นที่บริเวณหัวเลี้ยวของแปลงไถ ซึ่งไม่สามารถจะไถได้
หัวคัก 1,น.,พื้นที่บริเวณหัวเลี้ยวของแปลงไถซึ่งไม่สามารถจะไถได้.
หัวค่าง 0,น.,ชื่อไม้ต้นขนาดกลาง ใบหนาทึบ ริมใบเป็นจัก คล้ายสมอทะเล ผลกลมโต
หัวคาบ 0,น.,ด้านปลายสุดสองด้านของอวนลาก ซึ่งจะมีไม้สำหรับขึงให้อวนแผ่ (ภ.ก.).
หัวค่ำ 0,น.,ย่ำค่ำ.
หัวคู้ 0,น.,"เหง้า, ลำต้นที่อยู่ใต้ดินของพืชบางชนิด เช่น หัวคู้ไม้ไผ่ - เหง้าไผ่."
หัวเคง 0,น.,รังปลวกซึ่งอยู่ตามต้นไม้หรือตามดิน
หัวเคง 1,น.,รังปลวกซึ่งอยู่ตามต้นไม้หรือตามดิน.
หัวโค้ง 0,น.,ทางโค้ง
หัวโค่ตายาย 0,น.,บรรพบุรุษที่ล่วงลับไปแล้ว
หัวงม 0,ว.,"โง่, ไม่ฉลาด, ไม่รู้, งมงาย ส่วนมากใช้เป็นคำด่า."
หัวงอ 0,น.,"ว่านน้ำ, ชื่อไม้ล้มลุกชนิดหนึ่ง ชอบขึ้นในที่ชื้นแฉะมีน้ำขังหรือน้ำขึ้นน้ำลงถึง ลำต้นแข็งเป็นข้อ ๆ ชอนยาวไปตามดินเลน ใบเล็กยาวแบนคล้ายใบว่านหางช้าง เหง้ามีกลิ่นฉุนใช้เป็นยาสมุนไพร."
หัวงอ 1,น.,พร้าชนิดหนึ่งมีปลายงอ.
หัวงอ 2,สำ.,กลัว.
หัวง่ามถอ 0,น.,ลักษณะหัวล้านแบบหนึ่ง
หัวง่ามถอ 1,น.,ลักษณะหัวล้านแบบหนึ่ง ที่หัวเถิกเข้าไปเป็นสองแฉก.
หัวเงี่ยง 0,น.,อวัยวะเพศชาย (ดู หัวดอ).
หัวเงี่ยง 1,น.,อวัยวะเพศชาย
หั่วจึ้ง 0,น.,"กระเบื้องปูพื้น (จ., ภ.ก.)."
หัวจุก 0,น.,ผมจุก.
หัวจุก 1,น.,"ผมจุก, ผมเด็ก ๆ ที่ขมวดเอาไว้ตรงขม่อม."
หัวจุก 2,น.,เด็กที่รำมโนราห์
หัวจุก 3,น.,จุกขวด
หัวจุก 4,น.,ส้มชนิดหนึ่ง มีส่วนหัวกลมเหมือนผมจุก.
หัวจุก 5,น.,นกปรอดหัวโขน.
หัวจุก 6,น.,ขนมปังชนิดหนึ่งมีน้ำตาลหยอดหน้า.
หัวจุก 7,น.,ส่วนของส้ม สับปะรด ที่มีลักษณะเป็นจุก.
หัวจุก 8,น.,เด็กที่เพื่อนเพศเดียวกันหลงรัก.
หัวจุก 9,น.,เด็กไว้ผมจุก.
หัวจุกโนรา 0,น.,เด็กที่รำมโนราห์
หัวโจด 0,น.,"รากแก้ว, รากเดิม, รากที่เป็นหลักหยั่งลึกลงไปในดินของต้นไม้บางชนิด"
หัวโจด 1,น.,รากแก้ว (ดู รากโจด น. ๑.).
หัวใจความ 0,น.,"สาระสำคัญ, ประเด็นใหญ่, หัวข้อใหญ่."
หัวฉอก 0,ว.,"หัวเถิก, ศีรษะเถิก, ศีรษะล้านส่วนหน้า."
หัวชัว 0,น.,"ไมโครโฟน, เครื่องขยายเสียงให้ดังขึ้น"
หัวชัว 1,น.,ไมโครโฟน.
หัวชาย 0,น.,"กระชาย, ชื่อไม้ล้มลุก มีลำต้นอยู่ใต้ดินเป็นหัวกลม ๆ มีรากสะสมอาหาร ซึ่งเรียวยาว อวบน้ำ เป็นกระจุก ใช้เป็นผักและเป็นเครื่องปรุงประกอบอาหาร"
หัวชาย 1,ก.,"โชย, อาการที่ลมพัดอ่อน ๆ เช่น ลมชายมารุ่ย ๆ - ลมโชยมาอ่อน ๆ."
หัวชาย 2,น.,กระชาย.
หัวชี 0,น.,นกกระจาบหัวชี.
หัวชี 1,น.,"หัวหงอก, หัวที่มีผมเปลี่ยนจากสีเดิมเป็นสีขาว."
หัวเช้า 0,น.,เช้าตรู่.
หัวด้น 0,น.,"ท้ายทอย, ส่วนสุดของกะโหลกศีรษะด้านหลัง"
หัวด้น 1,น.,"คนหัวไม้, คนที่มีสันดานเป็นผู้ร้าย."
หัวด้วน 0,น.,ชื่อพายุหมุนชนิดหนึ่ง
หัวดอ 0,น.,อวัยวะเพศชาย
หัวดอย 0,น.,วันไม่ดี ไม่เหมาะแก่การทำพิธีมงคล.
หัวดอย 0,น.,วันไม่ดี ไม่เหมาะแก่การทำพิธีมงคลเรียกว่าวันดอย
หัวเดือน 0,น.,อวัยวะเพศชาย
หัวเดือน 1,น.,อวัยวะเพศชาย (ดู หัวดอ).
หัวได 0,น.,บันได.
หัวตรง 0,น.,ชื่อท่าวัวชนท่าหนึ่ง.
หัวตรง 1,น.,เลขหวยตัวเต็ง.
หัวตรง 2,สำ.,สู้กันซึ่งหน้า.
หัวตรุบ 0,น.,ปลายเชือกที่สอดผูกเป็นปมเพื่อไม่ให้เกลียวเชือกหลุดลุ่ย.
หัวตรุบ 1,น.,หัวจุ๊บ.
หัวตอ 0,น.,"ตอไม้, สิ่งของบางอย่าง เช่น เสาหรือหลักที่ปักไว้หรือที่ยังเหลืออยู่แต่โคน แต่บางส่วนถูกตัด หัก หรือกร่อนไป."
หัวตอ 1,น.,รอยต่อ.
หัวตอ 2,สำ.,"เป็นหัวหลักหัวตอ, ไม่มีความสำคัญ."
หัวตาช่าน 0,น.,"ชันนะตุ, ชื่อโรคชนิดหนึ่งเป็นที่ศีรษะ เกิดจากเชื้อราบ่นผิวหนังศีรษะก่อน แล้วลุกลามกินลึกลงไปถึงรากผมทำให้ผมร่วง"
หัวตาซ่าน 0,น.,ชันนะตุ.
หัวตำ 0,น.,ใช้เรียกไก่ชนที่กดหัวลงต่ำ จนปากจรดดิน ในขณะที่ชน.
หัวเต่า 0,น.,ส่วนของหัวหมูที่ใช้ใส่ผาล.
หัวเตียง 0,น.,พระภิกษุ ที่เป็นหัวหน้าคณะสวดศพ.
หัวถก 0,ก.,หัวเชิดขึ้น
หัวถอก 0,น.,อวัยวะเพศชาย
หัวถอก 1,น.,อวัยวะเพศชาย (ดู หัวดอ).
หัวถอน 0,ว.,หัวโกร๋น.
หัวถัว 0,น.,"มันแกว, ชื่อมันชนิดหนึ่ง มีรสชืด ๆ หรือหวานน้อย ๆ ใช้กินดิบ ๆ หรือนำไปปรุงเป็นอาหารก็ได้ เมล็ดมีพิษ (น.ศ.)"
หัวถิ้บ 0,น.,การเก็บค่าต๋ง.
หัวไถ 0,น.,ส่วนของไถที่ติดกับผาลหรือเหล็กสำหรับสวมหัวหมูเครื่องไถ
หัวทอย 0,น.,ท้ายทอย
หัวทอย 1,น.,เรียกศีรษะที่มีส่วนท้ายทอยนูนออกมามากว่าหัวทอย
หัวท่า 0,น.,ท่าน้ำ.
หัวที 0,น.,"เริ่มต้น, ทีแรก."
หัวทือ 0,น.,"กะทือ, ชื่อไม้ล้มลุก ดอกเป็นช่อ เหง้าสีเหลืองอ่อนหรือสีม่วงอ่อน กลิ่นหอม ใช้ทำยาได้ เหง้าอ่อนใช้ปรุงอาหาร ช่อดอกอ่อนใช้เป็นผักจิ้มได้"
หัวทือ 1,น.,กะทือ.
หัวเท่ 0,น.,หัวกะทิ.
หัวเทอะ 0,น.,"เนิน, โคกขนาดใหญ่ที่ค่อยลาดสูงขึ้นจากระดับเดิม (ช.พ.)."
หัวเทียม 0,น.,หัวกระเทียม
หัวเทียมขาว 0,น.,"หัวกระเทียม (ภ.ก., พ.ง.)."
หัวเทียมแดง 0,น.,หัวหอม (ดู หัวหอม).
หัวเทียมแดง 1,น.,ชื่อไม้ล้มลุกชนิดหนึ่ง (ดู หอมแดง น. ๑.).
หัวเทียมแดง 0,น.,ชื่อไม้ล้มลุกมีหัว ใบแบนคล้ายใบหมาก แรกเกิดดอกสีขาวนวล หัวสีแดงเข้ม รสขม เผ็ดซ่า ใช้ทำยาได้
หัวเทียมแดง 1,น.,"หัวหอม, หัวต้นหอมที่นำมาตากให้แห้ง เพื่อนำไปทำอาหาร มักใช้เป็นเครื่องปรุง"
หัวเทียะ 0,น.,อวัยวะเพศชาย
หัวโทง 0,ก.,หัวเชิดขึ้น
หัวนอ 0,น.,ไม้แผ่นปิดหัวตงและกระดานพื้น.
หัวนอ 0,น.,ส่วนของตงที่ยื่นออกมา
หัวน่อง 0,น.,"ส้น, ส่วนท้ายของเท้า, ส่วนท้ายของบางสิ่งบางอย่าง"
หัวน่อง 1,น.,ส้นเท้า.
หัวนอน 0,น.,ทิศใต้
หัวนอน 1,น.,ที่นอนด้านที่หันหัวไป.
หัวนอน 2,ก.,ง่วงนอน.
หัวนอน 3,ก.,ง่วงนอน
หัวนอโม 0,น.,หัวนโม หัวแหวนที่ลงอักขระนโม.
หัวนอโม 1,น.,วัตถุมงคลชนิดหนึ่งของจังหวัดนครศรีธรรมราช.
หัวนา 0,น.,คันนา.
หัวนาค 0,น.,ไม้หรือปูนที่แกะเป็นหัวพญานาค.
หัวน้ำ 0,น.,"น้ำแรก, น้ำทะเลแรกขึ้น (ภ.ก.)."
หัวน้ำ 1,น.,รังผึ้งส่วนที่เก็บน้ำผึ้งไว้ (ภ.ก.).
หัวใน 0,น.,"เมล็ด, ส่วนภายในของผลไม้ที่เพาะเป็นต้นอ่อนขึ้นได้"
หัวใน 1,น.,เมล็ด.
หัวบอน 0,น.,เผือก.
หัวบอหยา 0,น.,หัวเรือ (ก.บ.)
หัวบัก 0,น.,อวัยวะเพศชาย
หัวบั้งกวน 0,น.,มันแกว (ดู หัวถัว).
หัวบั้งกวน 0,น.,"มันแกว, ชื่อมันชนิดหนึ่ง มีรสชืด ๆ หรือหวานน้อย ๆ ใช้กินดิบ ๆ หรือนำไปปรุงเป็นอาหารก็ได้ เมล็ดมีพิษ (น.ศ.)"
หัวบับ 0,น.,"สะบัก, กระดูกส่วนที่เป็นฐานรองรับต้นแขน อยู่ถัดบ่าลงไปข้างหลัง ปลายด้านนอกเป็นที่หัวกระดูกต้นแขนเกาะยึด"
หัวบับ 1,น.,"สะบัก, กระดูกส่วนที่เป็นฐานรองรับต้นแขนอยู่ ถัดบ่าลงไปข้างหลัง ปลายด้านนอกเป็นที่หัวกระดูกต้นแขนยึดเกาะ"
หัวบัว 0,น.,หัวดูดน้ำของท่อน้ำที่ดูดจากคลองหรือบ่อ.
หัวบัว 1,น.,ฝักบัว.
หัวบา 0,น.,"หัวไหล่, จะงอยบ่า."
หัวบ้าหวัง 0,น.,หอมหัวใหญ่.
หัวบ้าหวัน 0,น.,หอมหัวใหญ่.
หัวเบี้ย 0,น.,คนเก็บส่วยเงินทอง.
หัวปลวก 0,น.,เนินดินที่เป็นรังปลวก เรียก จอมปลวก
หัวปลวก 1,น.,จอมปลวก.
หั่วป๋าน 0,น.,"แจกัน (จ., ภ.ก.)."
หัวปี 0,น.,ลูกคนแรก.
หัวปีกไก 0,น.,"สะบัก, กระดูกส่วนที่เป็นฐานรองรับต้นแขนอยู่ ถัดบ่าลงไปข้างหลัง ปลายด้านนอกเป็นที่หัวกระดูกต้นแขนยึดเกาะ"
หัวปีกไก 1,น.,สะบัก (ดู หัวบับ).
หัวเป็ด 0,น.,หัวยาวคล้ายหัวเป็ด.
หัวเป็ด 1,น.,เป็นคำเรียกล้อเลียนด้วยความรักใคร่เอ็นดู เช่น เรียกลูกหลานว่า “ อ้ายหัวเป็ด ”.
หัวเป็ด 2,น.,สีเขียวคล้ายหัวเป็ดเรียก เขียวหัวเป็ด.
หัวเป็นตาน 0,น.,"ชันนะตุ, ชื่อโรคชนิดหนึ่งเป็นที่ศีรษะ เกิดจากเชื้อราบ่นผิวหนังศีรษะก่อน แล้วลุกลามกินลึกลงไปถึงรากผมทำให้ผมร่วง"
หัวเป็นตานวานเป็นหนอน 0,ว.,คำล้อเด็กที่หัวเปื่อยเรื้อรังหรือเป็นแผลพุพองไปทั่วหัว
หัวเป็นตาล 0,น.,ชันนะตุ.
หัวเป็นสังหยา 0,น.,"ชันนะตุ, ชื่อโรคชนิดหนึ่งเป็นที่ศีรษะ เกิดจากเชื้อราบ่นผิวหนังศีรษะก่อน แล้วลุกลามกินลึกลงไปถึงรากผมทำให้ผมร่วง"
หัวเป็นสังหยา 1,ว.,คำล้อเด็กที่หัวเปื่อยเรื้อรังหรือเป็นแผลพุพองไปทั่วหัว
หัวเป็นสังหยา 2,น.,ชันนะตุ.
หัวเป็นสังเหย้า 0,น.,"ชันนะตุ, ชื่อโรคชนิดหนึ่งเป็นที่ศีรษะ เกิดจากเชื้อราบ่นผิวหนังศีรษะก่อน แล้วลุกลามกินลึกลงไปถึงรากผมทำให้ผมร่วง"
หัวเปราะ 0,น.,ชื่อว่านชนิดหนึ่ง หัวและใบมีกลิ่นหอม ใช้ทำยา.
หัวแปะคั้ว 0,น.,มันแกว.
หัวแปะคั้ว 1,น.,"มันแกว, ชื่อมันชนิดหนึ่ง มีรสชืด ๆ หรือหวานน้อย ๆ ใช้กินดิบ ๆ หรือนำไปปรุงเป็นอาหารก็ได้ เมล็ดมีพิษ (น.ศ.)"
หัวแปะคั้ว 2,น.,มันแกว (ดู หัวถัว).
หัวผ้า 0,น.,"คู่รัก, สามีภรรยาที่แต่งงานถูกต้องตามประเพณี"
หัวเผว 0,น.,อวัยวะเพศชาย
หัวเผว 1,น.,อวัยวะเพศชาย (ดู หัวดอ).
หัวแผล็น 0,น.,อวัยวะเพศชาย
หัวแผล็น 1,น.,อวัยวะเพศชาย (ดู หัวดอ).
หัวพราน 0,น.,รูปหนังตะลุงของภาคใต้ส่งทะเลตะวันตก ซึ่งจะออกก่อนรูปอื่น ทำเป็นรูปพระราม (หน้าน้ำ) อยู่ด้านขวา รูปทศกัณฐ์ (หน้าไฟ) อยู่ด้านซ้าย รูปฤๅษี (ท้าวมาลีวราช) อยู่ตรงกลาง (ภ.ก.).
หัวพราน 1,น.,หน้ากากตัวตลกของมโนราห์.
หัวเพตรา 0,น.,"ชันนะตุ, ชื่อโรคชนิดหนึ่งเป็นที่ศีรษะ เกิดจากเชื้อราบ่นผิวหนังศีรษะก่อน แล้วลุกลามกินลึกลงไปถึงรากผมทำให้ผมร่วง"
หัวเพตรา 1,น.,ชันนะตุ.
หัวม่วง 0,น.,"ขมิ้นขาว, ชื่อไม้ล้มลุก เหง้าสีขาวอมเหลืองอ่อน ใช้เป็นผัก."
หัวมอก 0,น.,ชื่อบอนชนิดหนึ่ง ใบโต ลำต้นใหญ่สีม่วงคลํ้า เหง้าใช้เป็นอาหารได้
หัวมัน 0,น.,ชื่อไม้เถา หัวใช้เป็นอาหารได้
หัวมัน 1,น.,มัน.
หัวมัน 2,น.,ปลาบู่.
หัวมัน 3,น.,ชื่อกุ้งชนิดหนึ่ง.
หัวมัน 4,น.,"มัน, ชื่อไม้เถา หัวใช้เป็นอาหารได้."
หัวมันเกลือ 0,น.,มันเชื่อมน้ำตาล.
หัวมันงิ้ว 0,น.,มันสำปะหลัง.
หัวมันงิ้ว 0,น.,มันสำปะหลัง
หัวมีนา 0,น.,คนเก็บส่วยกุ้ง ปลา.
หัวมืด 0,น.,ตอนเช้าตรู่.
หัวมุ่ย 0,*ว.,เช้าตรู่ เช่น มาตั้งแต่มุ่ย
หัวมุ่ย 1,น.,เช้าตรู่
หัวแม่แครง 0,น.,รังปลวกชนิดหนึ่ง
หัวแมงวัน 0,น.,หัวเชือกซึ่งถักกลับเข้ามาในเส้นเชือกอีกทีหนึ่ง ทำให้ปลายเชือกไม่หลุดลุ่ย (ภ.ก.).
หัวโม่ 0,น.,ใช้เรียกวัวชน หรือไก่ชนที่ชนโง่ โดยยื่นหัวให้คู่ต่อสู้แทงหรือตี.
หัวโม่ 1,น.,เรียกคนที่โง่เขลา.
หัวโม่ง 0,น.,"มด, ปลวกที่มีตัวโต เขี้ยวขาว."
หัวโม่ง 1,น.,"หัวโน, หัวโต."
หัวโม่ง 2,น.,ลำดับแรกเรียกการเล่นเกมชนิดหนึ่งเมื่อขอเอาก่อนเป็นอันดับแรก เรียก “ ฉุบหัวโม่ง ”.
หัวไม้ 0,น.,"นักเลงหัวไม้, นักเลงโต."
หัวไม้ 1,น.,เศษไม้ที่ตัดออก.
หัวยน 0,น.,อวัยวะเพศชาย (ดู หัวดอ).
หัวยมยม 0,น.,ใกล้ค่ำ.
หัวยั่ว 0,น.,"พื้นดินที่ยื่นออกไปในทะเล, พื้นดินที่ยื่นออกไป และมีที่ดินของคนอื่นล้อมอยู่ ๓ ด้าน (ภ.ก.)."
หัวยาจีน 0,น.,"ข้าวเย็นเหนือ, ข้าวเย็นใต้, ชื่อไม้เถา เหง้าใช้ทำยาได้."
หัวเยื่อ 0,น.,ส่วนที่ดีที่สุดของสิ่งใดสิ่งหนึ่ง (ช.พ.).
หัวโยง 0,น.,คันโยงที่ใช้แขวนแอกในการไถนาด้วยวัวหรือควายคู่.
หัวรก 0,น.,ขนบริเวณหน้า หัว คิ้ว โคนเขาทั้งสองของวัวที่ขึ้นดกหนาแน่น.
หัวร่ม 0,น.,ตะปูร่ม.
หัวร็อก 0,น.,มะม่วงหิมพานต์
หัวร็อก 1,น.,มะม่วงหิมพานต์ (ดู ยาร่วง).
หัวร้อยรู 0,น.,ชื่อไม้อิงอาศัยบนเรือนยอดหรือคาคบของต้นไม้อื่น ในป่าดิบชื้นใกล้ฝังทะเล ลำต้นทรงกลม อวบน้ำ มีรูพรุนภายใน เป็นที่อาศัยของมด ส่วนที่เป็นรูพรุนใช้ทำยาได้
หัวราง 0,น.,ปลาช่อนขนาดใหญ่ (ช.พ.).
หัวรุ่ง 0,น.,"ย่ำรุ่ง, เวลาเช้ามืด."
หัวเริน 0,น.,หลุมใหญ่หัวรางหมากขุม
หัวเริน 1,น.,"ตัวเรือน, ตัวบ้าน."
หัวแรก 0,น.,"ครั้งแรก, ตอนแรก (ช.พ.)."
หัวลม 0,น.,"ลมพัดแรง, พายุ."
หัวล่อง 0,น.,"ส้น, ส่วนท้ายของเท้า, ส่วนท้ายของบางสิ่งบางอย่าง"
หัวล่อง 1,น.,ส้นเท้า.
หัวละมาน 0,น.,ชื่อพืชพวกเฟิน วงส์ Vitttariaceae ใบเดี่ยว เรียงชิดกันเป็นแผ่น ใบค่อนข้างหนา.
หัวลิง 0,น.,ชื่อไม้เถาเลื้อยเกาะพันต้นไม้อื่น วงศ์ Asclepiadaceae ใบเดี่ยวเรียงตรงข้ามกัน ผลคล้ายหัวลิง ทำยาได้.
หัวเลื้อย 0,น.,ใช้เรียกไก่ชนที่ชนมีชั้นมีเชิงบ้าง แต่ค่อนข้างโง่ ยืนหัวเหมือนเลื้อยไปเลื้อยมา.
หัววัด 0,น.,"สมภาร, เจ้าอาวาส."
หัววัน 0,น.,แต่เนิ่น ๆ.
หัววาน 0,น.,"ก้น, ตะโพก, ทวาร"
หัววาน 1,น.,"ก้น, สะโพก."
หัวว่าว 0,น.,ข้าวห่อสีดาชนิดหนึ่ง.
หัวศอก 0,น.,"ข้อศอก, ส่วนของแขนตรงข้ามกับข้อพับ."
หัวษา 0,น.,ตอนเข้าพรรษาใหม่ ๆ.
หัวส้น 0,น.,"ส้น, ส่วนท้ายของเท้า, ส่วนท้ายของบางสิ่งบางอย่าง"
หัวส้น 1,น.,ส้น (ดู ส้น).
หัวสบ 0,น.,"ข้อต่อ, รอยต่อ, เขตแดนที่บรรจบกัน."
หัวสบ 1,ว.,"ครบรอบ, ครบขวบ."
หัวสวน 0,น.,เครื่องสวนทวาร.
หัวสวน 1,ว.,"ริมสวน, ปลายสวน, ต้านกว้างของสวน (หัวไร่ปลายนา)."
หัวสองหลึง 0,น.,หัวไหล่ของช้าง.
หัวสองหลึง 1,น.,งูกะปะ.
หัวสองหลึง 0,น.,"งูกะปะ, ชี่องูพิษตัวยาว ๓๐ – ๘๐ เซนติเมตร มีลายหลากสี มีหลายชนิด"
หัวสังคัง 0,น.,"ตัวสำคัญ, หัวโจก."
หัวสังหยา 0,น.,ชันนะตุ.
หัวสังหยา 1,น.,"หน้าสังขยา, ชื่อหน้าข้าวเหนียวที่ทำด้วยส่วนผสมสำคัญ ๓ อย่าง คือ ไข่ขาว น้ำตาล น้ำกะทิ ผสมกันกวนจนสุก."
หัวสา 0,น.,ช่วงแรกของพรรษา.
หัวสากเบือ 0,น.,อวัยวะเพศชาย (ดู หัวดอ).
หัวสาบเหมือนลูกอ้อ 0,สำ.,ผมเหม็นสาบเนื่องจากไม่ได้สระ.
หั้วสี 0,น.,เกรียงปูน.
หั้วสี 0,น.,เกรียงปูน เป็นเครื่องมือสำหรับใช้ในการถือปูน ทำด้วยไม้หรือเหล็ก เป็นรูปแบนๆ
หัวเสา 0,น.,ปลายเสา.
หัวเสี้ยม 0,น.,ชื่อปลาทะเลชนิดหนึ่ง ปากจะแหลมกว่าปลาทั่วไป (ภ.ก.).
หัวหงส์ 0,น.,"เครื่องประดับ, เครื่องใช้ที่ทำเป็นรูปหงส์ เช่น กรรไกรหนีบหมาก เรียกว่า “ ไตรหัวหงส์ ”."
หัวหงส์ 1,สำ.,"โบราณ, เก่าแก่ เช่น พูดว่า “ สมัยไกรหัวหงส์ ” หมายถึง เก่าแก่มาก (น.ศ.)."
หัวหนก 0,น.,"หัวลายกระหนก, ลายกระหนก."
หัวหนก 1,สำ.,"ถือตัว, เล่นตัว."
หัวหนาน 0,น.,นาคที่บวชคนแรกในกลุ่ม เพราะมีความรู้ทางธรรมะดีกว่าคนอื่น
หัวหนาน 1,น.,หัวหน้า
หัวหนาม 0,น.,หัวหน้า
หัวหนาม 1,น.,ธรณีประตู.
หัวหนาม 2,น.,หัวหน้า (ดู หัวหนาน น. ๒.).
หัวหมก 0,น.,หัวเหง้า (ดู หมก น. ๖.).
หัวหมก 0,น.,"หัวเหง้า, ลำต้นที่อยู่ใต้ดินของพืชบางชนิด เช่น หมกพร้าว - หัวเหง้ามะพร้าว"
หัวหมอ 0,ว.,เรียกคนที่ชอบเอาเปรียบคนอื่นไม่ยอมใครง่าย ๆ.
หัวหมอก 0,ว.,เช้าตรู่มาก เช่น มาแตฉีกหมอก - มาตั้งแต่เช้าตรู่
หัวหมอก 1,น.,เช้าตรู่.
หัวหมอน 0,น.,คันนาขนาดใหญ่ ให้ล้อเลื่อนผ่านได้.
หัวหมัด 0,น.,ข้าวต้มมัดชนิดหนึ่ง.
หัวหมัด 1,น.,"หมัด, กำปั้น, มือที่กำแน่นสำหรับชกหรือทุบ เป็นต้น."
หัวหมู 0,น.,ส่วนของไถที่ติดกับผาลหรือเหล็กสำหรับสวมหัวหมูเครื่องไถ
หัวหมู 1,น.,ชื่อตั๊กแตนชนิดหนึ่ง ตัวโต.
หัวหมู 2,น.,หัวหมู่.
หัวหมู 3,น.,โลงศพที่ขุดจากไม้ซุงทั้งท่อน.
หัวหมูก 0,น.,ปลายจมูก.
หัวหยวก 0,น.,ผู้ช่วยหนังตะลุง.
หัวหยอย 0,ว.,ผมหยิก.
หัวหยอย 1,ว.,ผมยุ่ง.
หัวหยัก 0,น.,อวัยวะเพศชาย (ดู หัวดอ).
หัวหลอก 0,น.,หัวนมหลอกเด็ก (ดู หัวหลอน).
หัวหลอก 1,น.,หัวนมหลอกเด็ก
หัวหลอน 0,น.,หัวนมหลอกเด็ก
หัวหลั้ว 0,ว.,ลักษณะวัวควายที่เขากุด.
หัวหลั้ว 1,ว.,ลักษณะคนที่ตัดผมเกรียน.
หัวหลั้ว 2,สำ.,คนที่เพื่อนไม่เกรงใจเพราะไม่มีบารมี.
หัวหลา 0,น.,นายหน้า (ช.พ.).
หัวหลาด 0,น.,เงินค่าที่ตั้งแผงขายของในตลาด.
หัวหวั่นคั่ว 0,น.,มันแกว (ดู หัวถัว).
หัวหวั้นคั่ว 0,น.,มันแกว.
หัวหวั่นคั่ว 0,น.,"มันแกว, ชื่อมันชนิดหนึ่ง มีรสชืด ๆ หรือหวานน้อย ๆ ใช้กินดิบ ๆ หรือนำไปปรุงเป็นอาหารก็ได้ เมล็ดมีพิษ (น.ศ.)"
หัวหวาง 0,น.,เช้ามืดขณะท้องฟ้าเริ่มสว่าง.
หัวหอม 0,น.,"หัวหอม, หัวต้นหอมที่นำมาตากให้แห้ง เพื่อนำไปทำอาหาร มักใช้เป็นเครื่องปรุง"
หัวหิ้ง 0,ว.,"ลักษณะของคนหรือสิ่งของที่สำคัญ, สุดยอด."
หัวเหนียว 0,น.,"กระฉีก, ของหวานทำด้วยมะพร้าวขูด ผสมน้ำตาล ผัดจนเหนียว ใช้เป็นไส้ขนมต่าง ๆ หรือหน้าข้าวเหนียว."
หัวเหล้ง 0,น.,หัวนมหลอกเด็ก (ดู หัวหลอน).
หัวเหล้ง . 0,น.,หัวนมหลอกเด็ก
หัวเหลน 0,น.,"ศีรษะหรือส่วนหัวของส่วนต่าง ๆ ที่ยาวเรียว เช่น คนหัวเหลน, ปลาเหลน."
หัวเหลียน 0,น.,อวัยวะเพศชาย
หัวเหลี้ยม 0,ว.,ศีรษะแหลม.
หัวเหลี้ยม 1,ว.,"ฉลาด, หัวแหลม."
หัวเหียก 0,น.,อวัยวะเพศชาย
หัวเหียก 1,น.,อวัยวะเพศชาย (ดู หัวดอ).
หัวแหก 0,ว.,หัวแตก.
หัวโหมง 0,น.,ชื่อปลาน้ำจืดชนิดหนึ่ง.
หัวโหลก 0,น.,กะโหลก.
หัวโหลก 1,น.,"กะโหลก, กระดูกที่หุ้มมันสมอง"
หัวอก 0,น.,หัวใจ โดยปริยายหมายถึงความรู้สึก
หัวอกเปลือนเปลือน 0,ก.,"รู้สึกเศร้าสลด, หดหู่ใจ, เศร้าซึม."
หัวอกหัวใจ 0,น.,หัวใจ โดยปริยายหมายถึงความรู้สึก
หัวอ้นคั่ว 0,น.,มันแกว.
หัวอ้นคั่ว 1,น.,"มันแกว, ชื่อมันชนิดหนึ่ง มีรสชืด ๆ หรือหวานน้อย ๆ ใช้กินดิบ ๆ หรือนำไปปรุงเป็นอาหารก็ได้ เมล็ดมีพิษ (น.ศ.)"
หัวอยัก 0,น.,อวัยวะเพศชาย
หัวอยัก 1,น.,อวัยวะเพศชาย (ดู หัวดอ).
หัวอัก 0,น.,ยอดอก.
หัวอัก 1,น.,เนื้อส่วนอกของวัวและควาย.
หัวอิฐ 0,น.,คนเก็บส่วยอิฐ.
หัวเอาะ 0,น.,ชื่อไม้ล้มลุกชนิดหนึ่งคล้ายต้นคูน แต่ใหญ่กว่า มักขึ้นใกล้บ้าน หัวต้มกินได้
หัวเอาะ 1,น.,ชื่อไม้ล้มลุกชนิดหนึ่งคล้ายต้นคูน แต่ใหญ่กว่ามักขึ้นใกล้บ้าน หัวต้มกินได้.
หัสคุณ 0,น.,ชื่อไม้ต้น มี ๒ ชนิด ชนิดที่มียอดขมเจือหอมใช้เป็นผักจิ้มน้ำพริกได้เรียก “ หฺมฺรุยหอม” ชนิดที่มีรสขม เรียก “ หฺมฺรุยขม ”
หัสคุณ 1,น.,ชื่อไม้ต้นชนิดหนึ่ง ใช้เป็นผักจิ้มได้ (ดู หฺมฺรุย น.).
หา 0,ก.,"เปิด, แยกออก, แบะออก เช่น นั่งงะขา - นั่งถ่างขา"
หา 1,น.,"โรคห่า, ชื่อโรคระบาดอย่างร้ายแรงในสมัยโบราณที่เป็นเหตุให้คนตายเป็นจำนวนมาก เช่น อหิวาตกโรค กาฬโรค."
หา 2,ก.,"ค้น, สืบ, เสาะ, แสวง, มุ่งพบ, เยี่ยมเยือน."
หา 3,ก.,เปิด (ดู งะ).
หา 4,ลัก.,ห่า เช่น ขนตก ๒ หา - ฝนตก ๒ ห่า.
หา 5,ว.,"ใช้ควบกับคำปฏิเสธ, ไม่."
ห้า 0,ก.,"อาเจียน, สำรอกออกมา, ล้น"
ห้า 1,น.,จำนวนสี่บวกหนึ่ง.
ห้า 2,ก.,อาเจ (ดู หะ ก. ๑.).
หาการ 0,ก.,"เร่หางาน, หางานทำ."
หาการ 1,สำ.,เร่หาที่กินในงานต่าง ๆ.
หากินไม่ 0,ก.,ไม่ได้กิน.
หาโครงใหม่ 0,สำ.,เรียกอาการของเด็กที่ซุกซนชอบปีนป่าย ซึ่งมีโอกาสที่อาจจะพลัดตกลงมาจนซี่โครงหัก.
หาง 0,น.,"หาง, ส่วนที่ยื่นออกจากส่วนท้ายของลำตัวสัตว์."
หาง 1,น.,ขนสัตว์จำพวกนก เช่น กา ไก่ ที่ยื่นยาวออกทางก้น.
หาง 2,น.,เรียกของที่คัดหรือกลั่นเอา ส่วนที่เป็นหัวออกแล้วว่าหาง.
หาง 3,ว.,"ห่าง, ไกล, ไม่ชิด, ไม่ถี่."
หาง 4,ลัก.,อันใช้กับช้อนส้อม เช่น ช้อน ๓ หาง - ช้อน ๓ อัน.
ห้าง 0,น.,แคร่ไม้ที่ผูกบนต้นไม้ เพื่อดูหรือดักจับสัตว์.
ห้าง 1,น.,"ห้างร้าน, สถานที่จำหน่ายสินค้า, สถานที่ประกอบธุรกิจ."
หางไก 0,น.,ส่วนของเครื่องแต่งกาย มโนราห์ผูกติดสะเอว งอนขึ้นทางด้านหลัง ทำด้วยเขาควาย ร้อยต่อด้วยลูกปัด
หางเข้ 0,น.,"ว่านหางจระเข้, ชื่อไม้ล้มลุก ใบเป็นทางยาว อวบน้ำ ขอบใบจักร ปลายใบคล้ายหางจระเข้ มียาง และเมือกจากวุ้นใช้ทำยาได้หลายชนิด."
หางเข้ 1,น.,ส่วนของจันทันที่พรางติดเชิงชาย.
หางเขา 0,น.,ส่วยสัตว์บก.
หางแข็ง 0,น.,"ชื่อปลาทะเล ลำตัวเพรียว แบนข้างเล็กน้อย คอดหางแคบมาก เป็นเหลี่ยมแข็งดูคล้ายขาไก่ เกล็ดเล็กแต่เฉพาะที่อยู่ในแนวเส้นข้างตัวจนถึงข้างหางขยายกว้าง ที่ขอบแผ่นปิดเหงือก มีจุดดำใหญ่ ว่ายน้ำเร็ว อยู่เป็นฝูงใกล้ผิวน้ำ (ก.บ., ภ.ก., พ.ง.)."
หางควาย 0,น.,ชื่อปลาทะเลชนิดหนึ่ง.
หางจ้อน 0,น.,ส่วนที่เหลือของหางกระเบน
หางช้าง 0,น.,ต้นพริกขี้หนูใบหงิกม้วน เรียกว่าใบเป็นหางช้าง.
หางช้าง 1,น.,ว่านหางช้างเป็นอีกชื่อหนึ่งของว่านเพชรหึง.
หางแช็ก 0,น.,ผมเปียแบบจีน.
หางไช 0,น.,หางกะลวย (ขนหางที่ยาวที่สุดของไก่)
หางไช 1,น.,ส่วนของเครื่องแต่งกาย มโนราห์ผูกติดสะเอว งอนขึ้นทางด้านหลัง ทำด้วยเขาควาย ร้อยต่อด้วยลูกปัด
หางไช 2,น.,ส่วนท้ายหรือปลาย.
หางเตา 0,น.,ผมกลุ่มหนึ่งที่งอกยื่นออกไปที่ท้ายทอย มีลักษณะเหมือนหางเต่า
หางทิ 0,น.,หางกะทิ
หางเทะ 0,น.,หางกะทิ
หางนกยูง 0,น.,ชื่อเฟินชนิดหนึ่ง คล้ายต้นสับปะรด ใบกว้างโต หลังใบเป็นเส้นดำ
หางนกยูง 1,น.,ชื่อเฟินชนิดหนึ่ง ต้นคล้ายสับปะรด (ดู ทุรัง).
หางนกหว้า 0,น.,ชื่อเฟินชนิดหนึ่ง คล้ายต้นสับปะรด ใบกว้างโต หลังใบเป็นเส้นดำ
หางนกหว้า 1,น.,ชื่อเฟินชนิดหนึ่ง ต้นคล้ายสับปะรด (ดู ทุรัง).
หางนาค 0,น.,เจ้านาคที่สมทบบวชกับคนอื่นโดยไม่จัดพิธี.
หางเบน 0,น.,ปลายผ้าโจงกระเบน.
หางเบน 1,น.,หางปลากระเบน.
หางปลา 0,น.,ส่วยสัตว์น้ำ.
หางเปีย 0,น.,ชื่อกล้วยไม้ อิงอาศัยบนต้นไม้อื่น วงศ์ Orchidaceae ใบเดี่ยวเรียงซ้อนกัน ๒ แถว ดอกสีเหลืองอมเขียว.
หางผ้าร้ายห่อทอง 0,น.,ลักษณะวัวแบบหนึ่ง.
หางยาม 0,น.,หางไถที่ต่อยาวไปด้านหลังเป็นที่จับของคนไถ ใช้บังคับทิศทางให้เลี้ยว และผ่อนแรงไปในตัว.
หางลิ่น 0,น.,ชื่อไม้พุ่มชนิดหนึ่ง (ดู เกล็ดลิ่น น. ๔.).
หางแลน 0,น.,ลายถักแบบหนึ่งใช้ถักขอบภาชนะจักสาน หรือถักริมของบางอย่าง.
หางสีน 0,น.,ชื่อไม้พุ่มชนิดหนึ่ง
หางหงส์ 0,น.,ส่วนของเครื่องแต่งกาย มโนราห์ผูกติดสะเอว งอนขึ้นทางด้านหลัง ทำด้วยเขาควาย ร้อยต่อด้วยลูกปัด
หางหนู 0,น.,ผมกลุ่มหนึ่งที่งอกยื่นออกไปที่ท้ายทอย มีลักษณะเหมือนหางเต่า
หางหนู 1,น.,ผมหางเต่า (ดู หางเตา).
หางหนู 2,น.,พายุหมุนชนิดหนึ่ง.
หางหนู 3,น.,ตะไบชนิดหนึ่ง ปลายแหลม มีลักษณะกลม.
หางหนู 4,น.,ช่อผลไม้บางชนิด เช่น มะพร้าว.
หางโหลน 0,น.,บ่วงบาศคล้องเท้าช้าง.
หางไหล 0,น.,ชื่อไม้เถาชนิดหนึ่ง รากใช้เบื่อปลา และทำยาฆ่าแมลง
หางไหล 1,น.,สว่านชนิดใช้มือหมุน ดอกสว่านไม่มีเกลียว.
หาจก 0,ก.,ตะกละตะกลาม เช่น หญาจกเอาพรือกินเรียน คนเดียวสามหนวย
หาจก 1,ว.,"เกินพอดี, น่าเกลียด เช่น พีพันนี้เขาเรียก พีหญาจก."
หาจก 2,ก.,ตะกละตะกลาม (ดู หญาจก ก. ๑.).
หาญ 0,ว.,"กล้า, ไม่กลัว, ไม่ครั่นคร้าม."
หาญขัน 0,ว.,"กล้าทำ, กล้าพนัน."
หาญตาย 0,ว.,"กล้าเสี่ยง, ไม่กลัวตาย."
หาญตาย 1,สำ.,"ไม่กล้าทำ, ไม่กล้าพูด."
หาด 0,น.,"หาดทราย, เนินที่ลาดลงไปในน้ำหรือบริเวณที่ตื้นเขินเป็นเนินอยู่กลางน้ำ ส่วนมากเป็นเนินทราย."
หาด 1,น.,"มะหาด, ชื่อไม้ต้นขนาดใหญ่ ผลกลม ผิวขรุขระคล้ายขนุนแต่เล็กกว่ามาก รสเปรี้ยว ๆ หวาน ๆ แก่นใช้ทำยาได้."
หาดไทย 0,น.,"มหาดไทย, ชื่อกระทรวงที่มีอำนาจหน้าที่เกี่ยวกับการปกครองท้องที่."
หาดไทย 1,น.,ทรงผมมหาดไทย (ทรงผมของผู้ชายโบราณ).
หาโดก 0,สำ.,"หาเรื่องให้เจ็บตัว, รนหาที่."
หาทำไม่ 0,ก.,ไม่ได้ทำ.
หาน 0,น.,"แอ่งน้ำ, หนองน้ำ"
หาน 1,น.,หนองน้ำ (ดู หนอง น. ๑.).
หาบ 0,น.,"ชื่อมาตราชั่งตามวิธีประเพณีแบบไทย ๕๐ ชั่ง เป็น ๑ หาบ = ๖๐ กิโลกรัม, ถ้าตามวิธีประเพณี แบบจีน ๑๐๐ ชั่ง เป็น ๑ หาบ."
หาบ 1,ก.,เอาของห้อยปลายคาน ๒ ข้างแล้วแบกกลางคานพาไป.
หาบข้าว 0,ก.,การขนมัดข้าวเปลือกจากทุ่งนามาเก็บไว้.
หาเพด 0,ก.,ค้นหาสาเหตุตามวิธีทางไสยศาสตร์.
หาแพ็ด 0,น.,ทรงเจ้าหาของหาย.
หาม 0,น.,โอ่งที่มีหูสำหรับร้อยหวายเพื่อให้หามได้ (ภ.ก.).
หาม 1,ก.,"หาม, เอาสิ่งใดสิ่งหนึ่งห้อยกลางไม้หรือวางบนเปล เป็นต้น แล้วช่วยกันหิ้วหรือยกไป, ช่วยกันยกหัวและท้ายพาไป."
หามฆ้อง 0,สำ.,"แม่สื่อ, ทำสิ่งที่ตนเองไม่ได้ผลประโยชน์โดยตรง."
หามฆ้องให้เพื่อนตี 0,สำ.,"แม่สื่อ, ทำสิ่งที่ตนเองไม่ได้ผลประโยชน์โดยตรง."
หามผี 0,ก.,หามศพ.
หามเริน 0,ก.,หามเรือน โดยใช้ไม้คาดตัวเรือน ใช้คนหามจำนวนมาก.
หามเสา 0,สำ.,ช่วยให้หญิงชายได้แต่งงานกัน.
หามเสา 1,ลัก.,สำหรับใช้บนบานผีสางหรือเทพ เช่น ขอให้ได้ของสูญคืนเถิด จะให้กินข้าวเปียก ๒ หาม - ขอให้ได้ของหายคืนเถอะจะให้กิน (บวงสรวง) ข้าวต้ม ๒ ที่ (สำรับ).
ห่ามเหลง 0,น.,"แม่แรงชนิดที่ใช้หนีบไม้กับพื้นโต๊ะ (จ., ภ.ก.)."
หามีไม่ 0,ว.,"ไม่มี, ไม่อยู่"
หาไม่ 0,ว.,"ไม่มี, ไม่อยู่"
หาไม่ออก 0,สำ.,หายาก.
หาไม่ออก 1,อุ.,"เป็นคำช่วยพูด, นะ เช่น ไปหา - ไปนะ."
หาย 0,ก.,"สูญ, หาไม่พบ, ไม่ปรากฎ, หมดสิ้น."
หาย 1,สำ.,หายหน้าหายตา.
หาย 2,ก.,"หงาย, พลิกเอาข้างหน้า หรือข้างท้องขึ้น, ตรงข้ามกับควํ่า"
หาย 3,ว.,อาการที่ปลาใกล้จะตาย เรียก ปลาหายเหงือก.
หาย 4,ก.,พ้นจากโรค.
หายท่วมนอโม 0,สำ.,สาบสูญหรือหายไปนานแล้ว.
หายไปตั้งยาม 0,ว.,"หายไปตั้งชั่วโมง, หายไปนาน."
หายเมฺลอ 0,สำ.,สมน้ำหน้า (ดู สาเมฺลอ).
หายเมฺล่อ 0,สำ.,สมน้ำหน้า
ห้ายหลางอ้า 0,น.,"ชาวเล, ชาวมอเก็น (จ., ภ.ก.)."
หายหู 0,ว.,"ไกลมากไม่ได้ยินเสียง, ไกลสุดกู่, นานมาก"
หายหูดตูดบ้อง 0,ว.,อยู่ท้ายแถวที่โหล่
หายหูดตูดแลน 0,ว.,อยู่ท้ายแถวที่โหล่
หายหููด 0,ว.,"ไกลมากไม่ได้ยินเสียง, ไกลสุดกู่, นานมาก"
หายเหงือก 0,ก.,หกล้มหงายหลังศีรษะกระแทกพื้น.
หาเรื่อง 0,ก.,"หาเรื่องชวนทะเลาะ, การก่อกวนอารมณ์."
หาว 0,น.,"จั่นห้าว, เครื่องยิงสัตว์ ใช้หอกหรือปืน หรือหลาว ขัดสายใยไว้ เมื่อคนหรือสัตว์ไปถูกสายใยเข้า ก็ลั่นแทงเอาหรือยิงเอา ใช้อย่างเดียวกับหน้าไม้ก็ได้."
หาว 1,ก.,กิริยาที่สูดลมเข้าแล้วระบายลมออกทางปากเมื่อเวลาง่วงนอน เป็นต้น.
ห่าวเต้ง 0,น.,"ภารโรง (จ., ภ.ก.)."
ห่าวเตี้ยว 0,น.,"อาจารย์ใหญ่ (จ., ภ.ก.)."
หาวหลาม 0,ก.,ลูกหลานผู้ตายร้องไห้หน้าศพ หรือผู้รับจ้างร้องไห้หน้าศพ.
หาวหลาม 1,สำ.,"เด็กที่ร้องไห้ไม่หยุด. (จ., ภ.ก.)."
หาหึง 0,น.,"มหาหึงคุ์, ยางของไม้ล้มลุกหลายชนิด มีกลิ่นร้อนฉุนและเหม็น นิยมใช้เป็นยาทาภายนอก."
หาเหมิ้น 0,น.,"มหาทะมึ่น, ชื่อคาถาอาคม"
หาเหมิ้น 1,น.,มหาทะมื่น (ดู หมาเหมิ้น).
ห่ำเกี่ย 0,น.,"แว่นขยาย, กระจกขยาย (จ., ภ.ก.)."
หิ้งห้อย 0,น.,"หิ่งห้อย,ชื่อแมลงปีกแข็งขนาดเล็กหรือขนาดกลางหลายชนิด สามารถเปล่งแสงกะพริบ เห็นได้ชัดเจนในเวลากลางคืน ความถี่และช่วงของแสงนั้นแตกต่างไปแล้วแต่ชนิด ลำตัวยาวเป็นรูปทรงกระบอก สันหลังปล้องอกมักจะขยายออกไปคลุมหัว"
หิงหาย 0,น.,ชื่อไม้ล้มลุกจำพวกกะเพรา มี ๒ ชนิด หิงหายนา และหิงหายผี.
หิด 0,น.,"หิด, ชื่อโรคติดต่อ ลักษณะเป็นเม็ดสีขาว ใสเป็นเงาในเนื้อ ขึ้นตามผิวหนัง มีอาการปวดและคัน เรียก หิดด้าน เมื่อเม็ดแตกมีน้ำเหลืองไหลเยิ้มเรียก หิดเปื่อย."
หิด 1,ก.,เสีย หรือตาย ใช้ในการเล่นหมากเก็บ ถ้ามือถูกลูกที่ไม่ต้องการก็ถือว่า เป็นหิด
หิด 2,ว.,"นิด, เล็กน้อย"
หิดเดียว 0,ว.,นิดเดียว.
หิดหุ้ย 0,ว.,เล็ก ๆ น้อย ๆ.
หิบ 0,ก.,"ปิด, กันหรือกั้นไว้ให้เข้าออกไม่ได้"
หิบ 1,ก.,"หนีบ, คีบหรือบีบให้แรงให้แน่นด้วยของที่เป็นง่าม เช่น ง่ามมือหรือตะไกร เป็นต้น."
หิบ 2,ก.,"ขมิบ, ทำปากหรือช่องทวารหนักทวารเบาให้เม้มอยู่."
หิบ 3,ก.,ปิด (ดู หับ ก. ๑.).
หี 0,น.,อวัยวะเพศหญิง (ดู เคย น. ๒.).
หี่ 0,น.,"หู (จ., ภ.ก.)."
หี่ 0,น.,"หู, ส่วนหนึ่งของร่างกายคนและสัตว์ ทำหน้าที่ สำหรับฟังเสียง"
หีโจงเบน 0,น.,หีลักษณะลีบเล็ก กระดองแบน แคมบาง รูปรียาวลงไปมีเนื้อน้อย ไม่ค่อยอวบอิ่ม.
หีด 0,ว.,"นิด, เล็กน้อย"
หีด 1,ว.,นิด (ดู หด ว. ๑.).
หีน 0,น.,"หิน, ของแข็งที่ประกอบแร่ชนิดเดียวหรือหลายชนิด รวมตัวกันอยู่ตามธรรมชาติ."
หีนกะหรัง 0,น.,หินปะการัง.
หีนเนียน 0,น.,หินลับมีดโกน มีลักษณะละเอียด.
หีนบด 0,น.,"โม่, เครื่องบดชนิดหนึ่ง ทำด้วยหิน มี ๒ ส่วน ส่วนบนมีมือถือสำหรับหมุน เรียก ลูกโม่ และมีรูสำหรับกรอกเมล็ดพืช ส่วนล่าง มีลักษณะเป็นรางสำหรับรองรับ อยู่เกือบรอบลูกโม่ ด้านหนึ่งของส่วนล่างมีช่องเปิดให้สิ่งที่โม่แล้ว ไหลลงสู่ภาชนะที่รองรับได้"
หีนบด 1,น.,โม่.
หีนหญาบ 0,น.,หินลับมีดพร้าหรือขวาน มีลักษณะหยาบ.
หีนหญาบ 1,น.,ชื่อนกคล้ายนกกะงัง แต่โตกว่า.
หีบ 0,น.,"หีบ, ภาชนะใส่สิ่งของ รูปทรงสี่เหลี่ยม มีฝา เป็นต้น."
หีบเพลง 0,น.,"หีบเพลงปาก, เครื่องดนตรีประเภทเครื่องลม ใช้ปากเป่า ลักษณะแบนยาว ประกอบด้วยลิ้นเสียง ๒ แถว แถวหนึ่งดังเมื่อเป่าลมออก อีกแถวหนึ่งดังเมื่อดูดลมเข้า"
หีบวาน 0,ก.,เบียดบัง
หีบวาน 1,ก.,เบียดบัง.
หีบเสียง 0,น.,"หีบเพลง, เครื่องเล่นจานเสียงชนิดใช้ลานหมุน."
หีบหมาก 0,น.,เชี่ยนหมาก.
หีบหมาก 1,น.,"หมากแยก, การเล่นชนิดหนึ่ง ใช้ตัวหมากเดินบนกระดานสี่เหลี่ยมจัตุรัส แบ่งเป็น ๖๔ ตาเท่า ๆ กันอย่างกระดานหมากรุก."
หีบหมาก 2,ก.,บีบเค้นให้ส่วนที่ต้องการออกมา.
หีบเห็ง 0,ก.,"บีบคั้น, ข่มเหง, รังแก (น.ศ.)."
หีสัน 0,ว.,คำด่าผู้หญิงที่ชอบเที่ยวหญิงร่าน.
หีหน้าผากควาย 0,น.,หีลักษณะแคมใหญ่หนาเป็น กระดองนูนตั้งแต่ระดับท้องน้อยลงไปจนถึงบริเวณต้นขา.
หีห้อย 0,น.,หีลักษณะห้อยต่ำลงล่าง เป็นโทษลักษณะ.
หีห้อย 1,อุ.,ผู้หญิงมักใช้เมื่อเกิดการพลาดพลั้งเผอเรอ.
หีใหญ่ 0,สำ.,ผู้หญิงที่ทำเป็นหน้าใหญ่ใจโต
หีใหญ่ 1,สำ.,ผู้หญิงที่ทำเป็นหน้าใหญ่ใจโต (ดู ทำแม่หีใหญ่).
หึงสา 0,ก.,"อิจฉา, เห็นเขาดีแล้วไม่พอใจ."
หึงสา 1,ก.,"ริษยา, อาการที่ไม่อยากให้คนอื่นได้ดี."
หึน 0,ว.,"ชื่น, รสฝาดเฝื่อนชวนให้คลื่นไส้ ไม่ชวนกิน"
หึน 1,น.,เรียกมะเขือขื่นว่า “ เขือหึน ”
หึน 2,ว.,ขื่น (ดู ขึน ว. ๑.).
หึม 0,ว.,"ขรึม, มีอาการนิ่งอย่างตรึกตรองและมีสง่า."
หืด 0,ก.,สูด เช่น สืดขี้มูก - สูดน้ำมูก
หืด 1,น.,"หืด, ชื่อโรคหลอดลมอักเสบเรื้อรังชนิดหนึ่ง เกิดจากหลอดลมตอบสนองต่อสิ่งเร้าอย่างเฉียบพลัน และรุนแรงกว่าที่เกิดขึ้นในคนทั่วไป ทำให้หลอดลมตีบแคบลงจนเกิดอาการหายใจไม่สะดวก."
หืด 2,ก.,สูด (ดู สืด).
หืดยักษ์ 0,น.,สัตว์ทะเลชนิดหนึ่ง ลักษณะคล้ายปูกระดอง มีหาง จืดไม่มีรสชาติ.
หืดยักษ์ 1,ว.,"จืดสนิท เช่น จืดเหมือนหืดยักษ์ - จืดไม่มีรสชาติ, จืดสนิท."
หืน 0,ว.,"หืน, มีกลิ่นเหม็นอย่างกลิ่นน้ำมันมะพร้าวที่ทิ้งไว้นาน ๆ เป็นต้น"
หืน 1,ก.,"ฝืน, ไม่อ่อนตาม, อดทน, พอใช้ได้"
หืน 2,ก.,ฝืน (ดู ขืน).
หือ 0,น.,ปลา (ดู หู น. ๔.).
หือ 1,น.,ปลา
หื่อป๊าว 0,น.,ห่อหมก (ดู หู่ป๊าว).
หื่อป๊าว 0,น.,ห่อหมก
หื่ออ๋วน 0,น.,ลูกชิ้นปลา (ดู อ้วน น. ๒.).
หุง 0,น.,ต้นละหุ่ง (ดู หง น. ๑.).
หุง 0,น.,"ต้นละหุ่ง, ชื่อไม้ทุ่ม เมล็ดเป็นพิษ น้ำมันที่ได้จากการหีบโดยไม่ใช้ความร้อน ทำยาได้ มีหลายชนิด เช่น หงแดง - ละหุ่งแดง"
หุด 0,น.,ชื่อปลาน้ำจืดชนิดหนึ่ง คล้ายปลากระบอก.
หุด 1,ก.,"ลดระดับ, ทรุด เช่น น้ำหุด - น้ำลดระดับ."
หุด 2,ก.,"เลื่อน, ขยับ เช่น หุดไม้ - เลื่อนไม้."
หุด 3,ก.,"หด, สั้นเข้า, ย่นเข้า, ชักกลับ เช่น หุดมือ - หดมือ."
หุดหิด 0,ว.,"หงุดหงิด, มีอารมณ์เสียอยู่เสมอ ๆ."
หุดหิด 1,ว.,กระดุกกระดิก.
หุน 0,น.,"หุ่น, รูปปั้นหรือแกะสลักที่ทำโกลนไว้เพื่อเป็นแบบชั่วคราว, รูปแบบที่จำลองจากของจริงต่าง ๆ."
หุน 1,น.,ปุ่มปมของต้นไม้หรือรากไม้ที่มีรูปเป็นหน้าคน หรือสัตว์และเชื่อว่ามีผีสิงอยู่.
หุน 2,น.,ชื่อมาตราวัดหรือชั่งของจีน (ดู หุ้น น. ๒.).
หุน 3,ว.,"แสดงอาการไม่พอใจ, กระฟัดกระเฟียด, ผลุนผลันไปเรียกว่า ชักหุน"
หุน 4,น.,ชื่อมาตราวัด หรือชั่งของจีน เช่น ทอง ๑ หุน มีค่าเท่ากับเศษหนึ่งส่วนสิบของสลึง
หุ้น 0,น.,"หุ้น, ส่วนที่ลงทุนเท่ากันในการค้าขาย เป็นต้น"
หุ้น 1,น.,ชื่อมาตราวัด หรือชั่งของจีน เช่น ทอง ๑ หุน มีค่าเท่ากับเศษหนึ่งส่วนสิบของสลึง
หุ้นโฉ้ย 0,น.,"กล้องยาสูบ (จ., ภ.ก., พ.ง.)."
หุ้นโฉ้ย 1,น.,ชื่อขนมชนิดหนึ่ง.
หุนหุน 0,ว.,"แสดงอาการไม่พอใจ, กระฟัดกระเฟียด, ผลุนผลันไปเรียกว่า ชักหุน"
หุบ 0,น.,ที่ฝังศพเจ้าแขกครั้งโบราณ (เทียบ อา. marhum)
หุบ 1,ก.,"หุบ, อาการรวมเข้าของสิ่งขยายออก เช่น หุบร่ม."
หุบ 2,ว.,"ร่ม, ซึ่งมีอะไรบังแดด เช่น แดดหุบ - แดดร่ม"
หุม 0,ว.,"ครึ้ม, มืดครึ้ม เช่น หุมฝน - มีดครึ้มเพราะฝนกำลังจะตก, หน้าหุม - หน้าตาบอกบุญไม่รับ."
หุ้ม 0,ก.,"หุ้ม, เอาสิ่งที่เป็นแผ่นโอบคลุมอีกสิ่งหนึ่งให้เรียบร้อย."
หุ้ม 1,ก.,"ห่ม, คลุม, ใช้ผ้าเป็นต้นคลุมหรือพันสิ่งใดสิ่งหนึ่งทั้งหมดหรือเพียงบางส่วน."
หุ้มกลอง 0,น.,"หน้าจั่ว, เครื่องบนของเรือนที่ยึดด้านสกัดหลังคา สำหรับกันลมและแดดฝน มีรูปเป็นสามเหลี่ยม"
หุ้มกลอง 1,น.,หน้าจั่ว (ดู จั้ว น.).
หุมชุม 0,ว.,มาก หมายถึง ญาติพวกพ้องมาก
หุ้มตอ 0,ก.,นุ่งผ้ากระโจมอก
หุย 0,ว.,เสียงดังเช่นนั้นเพื่อไล่วัวควาย
หุ้ยขี่ 0,ว.,"มากเรื่องมากราว, จู้จี้จุกจิก (จ., ภ.ก.)."
หู 0,น.,"หู, ส่วนหนึ่งของร่างกายคนและสัตว์ ทำหน้าที่ สำหรับฟังเสียง"
หู้ 0,ว.,"ย่น, พับงอ, บุบ, คู้"
หู้ 1,ว.,"ย่น, ยุบ (ดู หญู้)."
หู 0,น.,"ปลา, ชื่อสัตว์เลือดเย็น มีกระดูกสันหลัง ร่างกายแบ่งเป็นส่วนหัว ลำตัว หาง ส่วนใหญ่หายใจทางเหงือก มีครีบใช้ช่วยในการเคลื่อนไหว บางชนิดมีเกล็ด บางชนิดไม่มีเกล็ด พบทั้งในทะเลและแหล่งน้ำจืด"
หูคาน 0,น.,ไม้ซึ่งมักจะเป็นไม้ไผ่ที่ผูกกับอวนเพื่อลาก.
หูง 0,ก.,"หุง, ทำสิ่งใดสิ่งหนึ่งให้สุกด้วยวิธีต้มหรือเคี่ยว เป็นต้น เช่น หูงข้าว."
หูจี้ 0,สำ.,"มากเหลือเกิน เช่น โกรธหูจี้ - โกรธมาก, แพงหูจี้ - แพงมาก."
หูจุ้ย 0,น.,"น้ำมนตร์ที่ผสมด้วยขี้เถ้าของกระดาษยันต์ (จ., ภ.ก.)."
หูจุ้ย 1,น.,ปลา
หูชอง 0,น.,เชือกที่คล้องโกก หรือไม้รูปโค้งที่พาดคอวัว หรือควาย สำหรับลากเลื่อน
หูชอง 1,น.,เชือกที่คล้องโกกหรือไม้รูปโค้งที่พาดคอวัวหรือควาย สำหรับลากเลื่อน.
หูชอง 2,น.,ห่วงเชือกที่ผูกกงเรือ.
หูชอง 3,น.,ห่วงเชือกที่สอดเข้ากับคันกระสุน.
หูชอง 4,น.,รูกระดาษที่เจาะสำหรับเก็บเข้าแฟ้ม เป็นต้น.
หูด 0,ก.,ดูด (ช.พ.).
หูนบ 0,น.,ส่วนด้านข้างของทำนบกั้นน้ำ.
หูนบ 1,น.,กระดาษหรือผ้าซึ่งลงยันต์.
หูนอน 0,ก.,ง่วงนอน
หูน้ำ 0,น.,ครีบหูของปลา.
หูน้ำนาง 0,น.,หูน้ำหนวก
หูน้ำเน่า 0,น.,"หูน้ำหนวก, หูที่มีน้ำอยู่ในช่องหูซึ่งมีอาการอักเสบ มีกลิ่นเหม็น อาจมีลักษณะใส เป็นมูกข้นหรือเป็นหนอง"
หูน้ำเน่า 1,น.,หูน้ำหนวก
หูน้ำหนอง 0,น.,"หูน้ำหนวก, หูที่มีน้ำอยู่ในช่องหูซึ่งมีอาการอักเสบ มีกลิ่นเหม็น อาจมีลักษณะใส เป็นมูกข้นหรือเป็นหนอง"
หูเน่า 0,น.,หูน้ำหนวก
หู่ป๊าว 0,น.,ห่อหมก
หูเป็นกลางท้อง 0,น.,"หูน้ำหนวก, หูที่มีน้ำอยู่ในช่องหูซึ่งมีอาการอักเสบ มีกลิ่นเหม็น อาจมีลักษณะใส เป็นมูกข้นหรือเป็นหนอง"
หูเป็นกลางท้อง 1,น.,หูน้ำหนวก
หูเป็นน้ำหนอง 0,น.,หูน้ำหนวก
หูภาษี 0,สำ.,รู้เรื่องมากกว่าที่ฟังมา (ภ.ก.).
หูภาษีหีพาลัน 0,สำ.,รู้เรื่องมากกว่าที่ฟังมา (ภ.ก.).
หูลีง 0,น.,เห็ดหูหนู
หูลีง 1,น.,ไม้เถาชนิดหนึ่ง ผลกลมโตเกือบเท่ากำปั้น มีพิษ ใช้ทำยาเบื่อสัตว์
หูลู่ 0,ว.,เผ็ดมาก เช่น เผ็ดหูลู่.
หูลู่ 1,น.,ส่วนแห่งสิ่งของที่ทำไว้หิ้ว แขวนร้อย หรือรูดเข้าออก.
หูเสือ 0,น.,ชื่อไม้พุ่มขนาดเล็ก (ดู เนียม).
หูเสือ . 0,น.,ชื่อไม้พุ่มขนาดเล็ก ใบกลมโตใบเป็นจัก กลิ่นหอม ดอกเล็กสีขาวหรือสีม่วงอ่อน
หูหนอน 0,ก.,ง่วงนอน (ดู เหานอน).
หูหนู 0,น.,เห็ดหูหนู.
หูหนู 1,น.,บัวบก (ดู ผักแว่น).
หูหนู 0,น.,ตัวบัวบก
หูหลาม 0,น.,เลื่อยลันดา.
หู่อ๋วน 0,น.,ลูกชิ้น
หู่อ๋วน 1,น.,ลูกชิ้นปลา (ดู อ้วน น. ๒.).
หู่อิ๋ว 0,น.,"เนย (จ., ภ.ก.)."
หฺมฺรง 0,น.,กระทงใส่ข้าวหรือแกง เป็นต้น
หฺมฺรง 1,น.,ภาชนะใส่น้ำทำด้วยกาบหมาก
หฺมฺรง 2,ก.,"ทำให้ระดับสมดุล, ทรงตัว, ตั้งให้ตรง"
หฺมฺรน 0,ก.,"ทำให้ระดับสมดุล, ทรงตัว, ตั้งให้ตรง"
หฺมฺรวน 0,ก.,"พูดตลกโปกฮา, พูดเล่นสำนวน"
หฺมฺรอ 0,ว.,"ประดากัน, ออแน่น, สลอน เช่น มากันหฺมฺรอ - มากันสลอน."
หฺมฺรอก 0,น.,"ขี้เทา, ขี้ที่ค้างอยู่ในลำไส้เด็กที่คลอดใหม่"
หฺมฺรอก 1,น.,อุจจาระของเด็ก ในช่วงที่เปลี่ยนพัฒนาการจากนอนเป็นควํ่า จากควํ่าเป็นรู้คลาน จากคลานเป็นรู้นั่ง และจากนั่งเป็นรู้ยืน
หฺมฺรอง 0,ว.,"จาง, เซ็ง, หมดรส, จืดชืด เช่น เหล้าตราง - เหล้าเซ็ง, เหล้าหมดรส."
หฺมฺรอด 0,ว.,"มาก, สลอน เช่น นั่งกันหัวเหมาะแหมะ - นั่งหัวสลอน"
หฺมฺรอด 0,น.,"เยื่อ, สิ่งที่เป็นแผ่นบาง อยู่ตามผิวหรือภายในของร่างกายบางส่วนหรือของสิ่งต่าง ๆ"
หฺมฺรอดแหฺมฺรด 0,ว.,"ระเกะระกะ, มากมาย."
หฺมฺรอดแหฺมฺรด 1,ว.,"อาการอ่อนแอ, เซื่องซึม (น.ธ.)."
หฺมฺรอบ 0,ก.,หมองลง.
หฺมฺรอบ 1,ก.,"ทำให้เล็กลงด้วยเวทมนตร์, แปลงร่างให้เล็กลงด้วยเวทมนตร์."
หฺมฺรัก 0,ก.,สำลัก (ดู หฺมฺลัก).
หฺมฺรัก 1,ก.,สำลัก
หฺมฺรัง 0,ก.,"ถลำเข้าไป, เซ ถลา เช่น หฺมฺรังเข้าไป - ถลำเข้าไป."
หฺมฺรัง 1,ว.,"ยั้ง ๆ ไว้, เบา ๆ เช่น ตีหฺมฺรังหีด - ตีเบา ๆ หน่อย."
หฺมฺรัง 0,น.,"เรี่ยวแรง, กำลัง เช่น กำมฺลังไม่ดี - ไม่มีกำลัง"
หฺมฺรังเหฺม 0,ว.,"ลังเล, ชะงัก"
หฺมฺรับ 0,น.,"สำรับ, สำรับที่จัดขึ้นในพิธีวันสารท"
หฺมฺรา 0,น.,"ฝุ่น, ตะกอน, ตะไคร่ หรือเหงื่อไคล เป็นต้น ที่จับเกาะเป็นแผ่น."
หฺมฺราน 0,น.,เรียกลูกสะตอหรือลูกเนียงที่หล่นร่วงจากต้น มางอกเป็นต้นอ่อนอยู่ที่พื้นดินว่า ตอหฺมฺรานเนียงหฺมฺราน (ภ.ก.).
หฺมฺราบ 0,ก.,"ปราม, ป้องกัน เช่น หฺมฺราบฝี – กันฝีหนองทะลัก, หฺมฺราบไฟ - เป่าคาถาให้แผลไฟไหม้ไม่พุพอง."
หฺมฺราบ 1,ก.,ทำให้กล้า เช่น หฺมฺราบหัวใจ - ทำให้ใจกล้า ไม่หวาดกลัว.
หฺมฺราบ 2,ก.,"ทำให้สูญเลีย, ทำให้เสื่อม เช่น ถูกหฺมฺราบ - ถูกทำให้เสื่อม."
หฺมฺราบ 3,ก.,"กำราบ, ปราบ."
หฺมฺรำ 0,ก.,"คะมำ, ล้มควํ่า, อาการที่หัวพุ่งไปเพราะสะดุด มักใช้คู่กับคำ “ หน้า ” เป็น “ หฺมฺรอมหน้า ”"
หฺมฺรำ 1,น.,กิ่งไม้ที่สุมไว้ในลำคลอง หรือหนองน้ำเพื่อล่อปลาให้เข้าอาศัยแล้วล้อมจับหรือวิดเอาในภายหลัง
หฺมฺรำ 2,น.,วิธีจอง
หฺมฺริด 0,น.,"สำริด, โลหะผสมชนิดหนึ่ง ส่วนใหญ่ประกอบด้วยทองแดงกับดีบุก"
หฺมฺรุก 0,น.,"สุม, หมก (ดู หมุก)."
หฺมฺรุก 1,ก.,"สุม, ซุก, หมก"
หฺมฺรุย 0,น.,ชื่อไม้ต้น มี ๒ ชนิด ชนิดที่มียอดขมเจือหอมใช้เป็นผักจิ้มน้ำพริกได้เรียก “ หฺมฺรุยหอม” ชนิดที่มีรสขม เรียก “ หฺมฺรุยขม ”
หฺมฺรุย 1,ก.,"อักเสบ (ภ.ก., พ.ง.)."
หฺมฺรุย 2,ว.,กรุ่น ๆ.
หฺมฺรู 0,น.,ชื่อไม้เถาชนิดหนึ่ง.
หฺมฺรู 1,น.,ไมไผ่ตัดสะดือเด็ก (ดู เหนา น. ๓.).
หฺมฺรู 2,น.,ไม้ไผ่ตัดสะดือเด็ก
หฺมฺรูน 0,น.,"เครื่องมือชนิดหนึ่งใช้สำหรับกวาด, ดัน."
หฺมฺรูน 1,น.,เรียกคนกลางที่ติดต่อบนบานกับผีสางว่า “ นายหฺมฺรูน ”.
หฺมฺลวน 0,ก.,"พูดตลกโปกฮา, พูดเล่นสำนวน"
หฺมฺลวน 1,ก.,"พูดตลกโปกฮา, พูดเล่นสำนวน (ดู หฺมฺรวน)."
หฺมฺละ 0,น.,เรียกสิ่งที่เป็นแผ่นอวบนูน จับแล้วเต็มไม้เต็มมือ.
หฺมฺละ 1,ว.,โล่งกว้างสุดลูกหูลูกตา.
หฺมฺลัก 0,ก.,สำลัก
หฺมฺลัง 0,ว.,"ลังเล, ชะงัก"
หฺมฺลัง 1,น.,"กำลัง, แรง, สิ่งที่ทำให้เกิดอำนาจความเข้มแข็ง."
หฺมฺลัง 2,ก.,ถลำเข้าไป (ดู หฺมฺรัง ก.).
หฺมฺลังนี้ 0,น.,เวลานี้
หฺมฺลี 0,น.,"ฝ้าย, สำลี (ดู ฝ้าย น. ๑, ๒.)."
หฺมฺลึง 0,น.,"ผักตำลึง, ชื่อไม้เถามีมือเกาะใช้ใบและยอดเป็นผัก."
หฺมฺลึง 1,ว.,ดำเป็นมัน เช่น ดำหฺมฺลึง.
หฺมฺวย 0,ก.,"สง, ทำให้กระจายออก เช่น หฺมฺรวยข้าวปลูก - แยกข้าวปลูกที่มีรากติดกันหลาย ๆ เมล็ด ให้ร่วงออกเพื่อให้สะดวกต่อการนำไปหว่าน."
หฺมฺวย 1,ก.,ดึงปุยฝ้ายให้ออกจากเมล็ด.
หฺมฺวย 2,ว.,"ฉมวย, ขลัง, โชคดี, แม่น เช่น วันนี้หฺมฺรวยขายของได้มาก - วันนี้มีโชคขายของได้มาก"
หฺมฺอง 0,น.,"หนองน้ำ, แอ่งน้ำ (ส.ข.)."
หฺมฺอง 1,ว.,"จาง, หมดรส (ดู ตราง)."
หฺมฺอด 0,น.,เยื่อบาง ๆ ที่หุ้มเมล็ดพืช (ดู เหญื้อ น. ๑.).
หฺมฺอด 1,ว.,"มาก, สลอน (ดู เหมาะแหมะ)."
หฺมฺอม 0,ก.,"คะมำ, ล้มควํ่า, อาการที่หัวพุ่งไปเพราะสะดุด มักใช้คู่กับคำ “ หน้า ” เป็น “ หฺมฺรอมหน้า ”"
หฺมฺาม 0,ก.,ห้ามปราม.
เห 0,น.,กุ้ง
เห 1,ก.,"หันเห, เปลี่ยนทิศทาง, เบนไป, เขว."
เห 2,ก.,"เห่, กล่อม."
เห 3,ก.,"เฮโล, แห่, ไปกันเป็นพวกเป็นหมู่มาก ๆ เช่น คนเหกันมา - คนเฮโลกันมา."
เห 4,อุ.,เฮ.
เห้ง 0,ว.,"โชคดี, เคราะห์ดี (จ., ภ.ก.)."
เห็ง 0,ก.,"ทับ, วางข้างบน, ซ้อนข้างบน, ข่ม, ใช้กำลังกดลงไม่ให้เผยอขึ้น"
เห็ง 1,ก.,"ข่มเหง, เบ่งสำทับ, ใช้กำลังรังแก แกล้งทำความเดือดร้อนให้ผู้อื่น."
เหงอะ 0,ก.,"ยกหน้าขึ้น, แหงนหน้า, ชะเง้อมอง"
เหงอะ 1,ก.,แหงนหน้า (ดู เงย ก.).
เหงียบ 0,ก.,"ไม่มีเสียง, สงบ, ปราศจากเสียงรบกวนหรือการก่อกวน"
เหงียบ 1,ว.,"สงบเสงี่ยม, กระบิดกระบวน, เหนียม, อาย"
เหงือ 0,น.,"เหงื่อ, ของเหลวที่ร่างกายขับออกทางผิวหนัง."
เหงือก 0,น.,เหงือก (ดู เหือก).
เหงือก 1,น.,เหงือก
เหงือกปริทนต์ 0,น.,"รำมะนาด, ชื่อโรคชนิดหนึ่งเกิดตามรากฟัน ทำให้เหงือกบวมเป็นหนอง"
เหงือกปริทนต์ 1,น.,รำมะนาด (ดู รำหนาด).
เห่เงาะ 0,น.,ชื่อไม้เถาชนิดหนึ่ง ยางใช้ทำยางดักนก (ดู ชี้เงาะ).
เหญี้ย 0,น.,เยื่อ (ดู เหญือ น. ๑.).
เหญี้ย 1,น.,"เยื่อ, สิ่งที่เป็นแผ่นบาง อยู่ตามผิวหรือภายในของร่างกายบางส่วนหรือของสิ่งต่าง ๆ"
เหญียก 0,น.,ขนบนคอไก่
เหญียก 1,ว.,"ขาวโพลน, ขาวผ่อง"
เหญียบ 0,ว.,กระเจี๊ยบ เช่น ตัวเหญียบ - ตัวกระเจี๊ยบ.
เหญียบ 1,ว.,มาก เช่น อ่อนเหญียบ - อ่อนมาก.
เหญือ 0,น.,"เหยื่อ, อาหารที่ใช้ล่อสัตว์, เครื่องล่อ เช่น เหญือแบ็ด - เหยื่อเบ็ด."
เหญื้อ 0,น.,"เยื่อ, สิ่งที่เป็นแผ่นบาง อยู่ตามผิวหรือภายในของร่างกายบางส่วนหรือของสิ่งต่าง ๆ"
เหญื้อ 1,น.,"เหี้ย, สัตว์เลื้อยคลานขนาดใหญ่ เป็นสัตว์สกุลเดียวกับตะกวด ตัวอ้วนใหญ่ สีดำ มีลายดอก สีเหลืองพาดขวาง หางยาว อาศัยและหากินบริเวณใกล้น้ำ"
เหญื้อ 2,น.,"ส่วนที่อยู่ถัดเปลือกของผลไม้ต่าง ๆ, สิ่งที่ประกอบเข้าเป็นตัวอาหาร เช่น เหญื้อพร้าว - เนื้อมะพร้าว, เหญื้อแกง - ส่วนของแกงที่ไม่ใช่น้ำ."
เหญือจง 0,น.,ชื่อไม้ต้นชนิดหนึ่ง เป็นไม้เนื้ออ่อนคล้ายโพตาน.
เหญือไฟ 0,น.,เชื้อไฟ.
เหญือไฟ 1,น.,ไม้ที่ขูดเป็นฝอย เพื่อทำเชื้อไฟ.
เห็ด 0,น.,"เห็ด, ส่วนของเชื้อราที่ออกเป็นดอก แบ่งเป็น ๒ ชนิด ชนิดหนึ่งไม่มีพิษ กินได้ อีกชนิดหนึ่งมีพิษ บางชนิดกินแล้วถึงตาย."
เห็ดขาว 0,น.,เห็ดชนิดหนึ่ง คล้ายเห็ดสัก แต่สีขาว.
เห็ดขี้ควาย 0,น.,เห็ดที่ขึ้นตามมูลควายที่สลายตัวแล้วมีพิษ.
เห็ดขีง 0,น.,เห็ดที่ขึ้นตามคอกวัวควายที่ร้างแล้ว.
เห็ดขี้วัว 0,น.,เห็ดที่ขึ้นตามมูลวัวที่สลายตัวแล้ว มีพิษ.
เห็ดไขไก 0,น.,เห็ดที่มีลักษณะดอกคล้ายไข่ไก่ มีพิษ.
เห็ดคราม 0,น.,เห็ดที่มีดอกหนา สีคราม งอกในทุ่งเลี้ยงสัตว์ และคันนา.
เห็ดคางคก 0,น.,เห็ดลักษณะกลมงอก ติดดิน มีจุดลายดำ ข้างในคล้ายแป้ง.
เห็ดแครง 0,น.,เห็ดขึ้นตามขอนไม้ ดอกเล็ก ลักษณะดอกคล้ายเปลือกหอยแครง.
เห็ดจูน 0,น.,คล้ายเห็ดโคน แต่ยอดแหลม.
เห็ดนมหนู 0,น.,เห็ดเสม็ด
เห็ดปลวก 0,น.,เห็ดโคน.
เห็ดปลายสาร 0,น.,เห็ดดอกเล็ก สีขาวนวล เวลาขยี้เป็นผงคล้ายแป้ง.
เห็ดพวมพร้าว 0,น.,เห็ดที่มีลักษณะคล้ายจาวมะพร้าว.
เห็ดมัน 0,น.,เห็ดดอกเล็กเท่าเหรียญบาท งอกบนลานหญ้า มีสีชมพู มีกลิ่นหอม.
เห็ดเยี่ยว 0,น.,เห็ดดอกใหญ่ สีขาวอมเหลือง มีสายระโยงระยาง กลิ่นเหม็น เป็นพิษ
เห็ดเยี่ยวหนู 0,น.,เห็ดดอกใหญ่ สีขาวอมเหลือง มีสายระโยงระยาง กลิ่นเหม็น เป็นพิษ
เห็ดเล 0,น.,"ปะการัง, ชื่อสัตว์ทะเลไม่มีกระดูกสันหลัง จำพวกเดียวกับดอกไม้ทะเล แต่ละตัวมีรูปร่าง ทรงกระบอก ส่วนใหญ่มีขนาดเล็ก อยู่รวมกันเป็นกระจุก สร้างหินปูนออกมาพอกทับถมกันเป็นโครงรูปต่าง ๆ อาศัยและเจริญเติบโตในทะเลถิ่นเขตร้อน."
เห็ดสัก 0,น.,เห็ดขึ้นบนขอนไม้สัก สีน้ำตาลอ่อน.
เห็ดหลบ 0,น.,ชื่อปะการังชนิดหนึ่ง คล้ายดอกเห็ด (ดู หลุบ น.).
เห็ดหลุบ 0,น.,ชื่อปะการังชนิดหนึ่ง คล้ายดอกเห็ด (ดู หลุบ น.).
เห็ดเหมื้อย 0,น.,เห็ดสีเหลืองแก่ งอกบริเวณลำห้วยที่มีเถาวัลย์ชนิดหนึ่ง ซึ่งเรียกว่า “ เหมื้อย ” ขึ้นอยู่ด้วย.
เห็ดแหม็ด 0,น.,เห็ดเสม็ด
เหน 0,ก.,เฝ้ารักษา เช่น “ พระเขนเหนหวัน ยายทองจัน ถิ้มข้าวปุก ๆ ” (เพลงร้องของเด็ก).
เหน้ 0,น.,"หนี้, เงินที่ผู้หนึ่งติดค้างอยู่จะต้องใช้ให้แก่อีกผู้หนึ่ง, หนี้สิน"
เหน้ 1,ว.,"นี่, นี้."
เหน้ 2,น.,หนี้ (ดู หนี้ น.).
เห็น 0,ก.,"อาการของตาที่ประสบรูป, ดู, มอง, แล."
เห็น 1,ก.,"เห็นแก่หน้า, เห็นใจ, เห็นด้วย เช่น เห็นแก่ฉานหมั้ง - เห็นแก่หน้า (เห็นใจ) ฉันบ้าง."
เหน็ง 0,น.,"ต้นสาบเสือ, ชื่อไม้ล้มลุก เป็นวัชพืชชิ้นทั่วไป ใบมีกลิ่นเหม็น ใช้ทำยาได้"
เหน็ง 1,น.,ต้นสาบเสือ (ดู ขี้ไก น. ๓.).
เหน้งเข้ง 0,ว.,ล้านเลี่ยนทั้งศีรษะ
เหนงนายพราน 0,น.,"หม้อข้าวหม้อแกงลิง, ชื่อไม้เถาชนิดหนึ่ง ปลายใบเป็นถุง มีฝาปิดสำหรับดักจับสัตว์กินเป็นอาหาร"
เหนงนายพราน 1,น.,หม้อข้าวหม้อแกงลิง (ดู หม้อข้าวหม้อแกงลิง).
เห็นดู 0,ก.,"เอ็นดู, สงสาร."
เหน็บจ้อน 0,ก.,ถกเขมร (ดู แคว็ดจ้อน).
เหน็บจ้อน 0,ก.,"ถกเขมร, นุ่งผ้าโจงกระเบนดึงชายให้สูงร่นไปเหนือเข่า"
เหน็บพก 0,ก.,"ถกเขมร, นุ่งผ้าโจงกระเบนดึงชายให้สูงร่นไปเหนือเข่า"
เหน็บพก 1,ก.,ถกเขมร (ดู แคว็ดจ้อน).
เหนา 0,น.,ชื่อปาล์มชนิดหนึ่ง ใบคล้ายใบสาคู ผลคล้ายลาน จั่นใช้ทำน้ำตาลทำนองเดียวกับมะพร้าว
เหนา 1,น.,"รา, ชื่อราชนิดหนึ่งที่ขึ้นตามเสื้อผ้าชื้น ๆ เช่น ผ้าขึ้นเหนา - ผ้าขึ้นรา."
เหนา 2,น.,ไม้ไผ่ตัดสะดือเด็ก
เหนาะ 0,น.,เรียกผักที่จิ้มกับเครื่องจิ้มหรือกินแกล้มแกงว่า “ ผักเหนาะ ”
เหนาะ 1,น.,"ชะเนาะ, ไม้สั้น ๆ สำหรับขันบิดเชือกที่ผูกให้แน่น เช่น ในการทำนั่งร้าน."
เหนาะ 2,ก.,"จิ้ม, ชุบ เข่น เหนาะน้ำชุบ - จิ้มน้ำพริก"
เหนาะ 3,ว.,"จะ เช่น เหนาะเอา - จะเอา (ป.น., น.ธ., ย.ล.)."
เหนาะ 4,ว.,ใช้เป็นคำลงท้าย เช่น ไปเหนาะ - ไปนะ (น.ธ.).
เหนิน 0,ว.,"กระดากอาย, เขิน, ไม่สนิทใจ."
เหนียง 0,น.,พังผืดใต้คอวัว ควายหรือไก่
เหนียง 1,น.,แมลงเหนี่ยง (ดู เหมียง น. ๑.).
เหนียง 2,น.,กระเพาะพักอาหารของสัตว์ มีไก่ เป็นต้น.
เหนียง 3,น.,โรคอย่างหนึ่ง มีลักษณะเป็นถุงน้ำดีใต้สำลึงค์.
เหนียง 4,น.,พังผืดใต้คอวัว ควาย หรือไก่ (ดู แร้ง น. ๑.).
เหนียง 5,ก.,"ทุบ, ตี."
เหนียง 6,ก.,"กิน, จัดการ, ทำ (ปาก.)."
เหนียง 7,*ก.,สแลง. การมีเพศสัมพันธ์ เช่น กูพาไปเหนียงแล้ว.
เหนียง 8,น.,"แมลงเหนี่ยง, ชื่อด้วงปีกแข็ง ลำตัวรูปไข่ แบนเล็กน้อย สีดำตลอดตัว มีหนามแหลมที่ด้านล่างของอกยาว ยื่นออกไปจนถึงท้อง อาศัยอยู่ตามแหล่งน้ำต่าง ๆ"
เหนียงนก 0,น.,ชื่อภาชนะชนิดหนึ่งทำด้วยกาบหมาก ใช้ใส่ข้าวสารหรือของใช้เล็ก ๆ น้อย ๆ.
เหนียงนั่งห้าง 0,น.,เรียกข้าวเหนียวที่นึ่งแล้ว ใส่กะทิ นำไปผัด ในกระทะจนแห้งว่า เหนียวอื้อ (น.ศ.)
เหนียด 0,น.,"หวีเสนียด, เรียกหวีที่มีซี่ละเอียดทั้ง ๒ ข้าง."
เหนียด 1,น.,"เสนียด, ชื่อไม้พุ่ม ใบยาวรีออกตรงข้ามกัน ดอกสีขาว ออกเป็นช่อตามยอด มีก้านหุ้มใบ ใช้ทำยาได้."
เหนียด 2,ก.,"เหน็บ, เสียบ, สอดไว้ในที่บังคับ เช่น เหนียดยา - เหน็บยาเส้น (ใช้ในการกินหมาก), เหนียดไว้ข้างขวา - เสียบไว้ข้างฝา."
เหนียด 3,ว.,"จัญไร, อัปมงคล เช่น อย่าทำเป็นตัวเหนียด - อย่าทำเป็นตัวจัญไร."
เหนียด 4,ว.,"มั่น, แน่, ถนัด เช่น เหนียดใจ - มั่นใจ."
เหนียว 0,น.,ชื่อข้าวที่มีลักษณะเหนียวมาก ใช้นึ่งเป็นอาหาร
เหนียว 1,ว.,"แน่นเหนียว, แน่นแฟ้น."
เหนียว 2,ว.,"เหนี่ยวรั้ง, ดึงไว้, ประวิงไว้, ชะลอไว้."
เหนียว 3,ว.,"ทนทาน, ไม่หักไม่ขาดง่าย, คงกระพัน, ทนทานต่อศัตราวุธ เช่น หนังเหนียว - หนังทนอาวุธ เช่น ยิงไม่เข้าแทงไม่เข้า."
เหนียว 4,ว.,"เหนียวเหนอะหนะ, อาการที่ทำให้รู้สึกเหนอะหนะ เช่น เหนียวตัว - ตัวเหนียวเหนอะหนะ."
เหนียว 5,ว.,"ตระหนี่, หวงไม่อยากให้ง่าย ๆ."
เหนียวกล้วย 0,น.,"ข้าวต้มมัด (น.ศ., พ.ท.)"
เหนียวกลอย 0,น.,ข้าวเหนียวมูนผสมกลอยคลุกมะพร้าวขูดผสมน้ำตาล.
เหนียวกวน 0,น.,ข้าวเหนียวแดง.
เหนียวแก้ว 0,น.,ข้าวเหนียวที่กวนด้วยน้ำตาลทราย.
เหนียวขาว 0,น.,ชื่อพันธุ์ข้าวเหนียวชนิดหนึ่ง เมล็ดสีขาว.
เหนียวคนที่ 0,น.,ข้าวเหนียวมูน
เหนียวคุลา 0,น.,ข้าวต้มผัด คลุกมะพร้าว โรยน้ำตาลทราย
เหนียวโคลาว 0,น.,ข้าวต้มผัด คลุกมะพร้าว โรยน้ำตาลทราย
เหนียวดำ 0,น.,"ตับเหล็ก, ม้ามของวัวของควาย"
เหนียวดำ 1,น.,ชื่อพันธุ์ข้าวเหนียวชนิดหนึ่ง เมล็ดสีดำ.
เหนียวดำ 2,น.,"ตับเหล็ก, ม้ามของวัวของควาย."
เหนียวทอด 0,น.,ข้าวเหนียวปั้นเป็นก้อนกลมคลุกมะพร้าว น้ำตาล แล้วทอด.
เหนียวเทะ 0,น.,ชื่อข้าวเหนียวพันธุ์พื้นเมือง (ก.บ.).
เหนียวนั่งห้าง 0,น.,ชื่อขนมชนิดหนึ่ง ทำจากข้าวเหนียวที่นึ่งแล้วใส่กะทินำไป ผัดในกระทะจนแห้ง (ดู อื้อ น. ๑.).
เหนียวประเท่ 0,น.,ข้าวเหนียวมูน
เหนียวเรียน 0,น.,ข้าวเหนียวน้ำกะทิทุเรียน.
เหนียวสองดัง 0,น.,ข้าวเหนียวมูนแล้วตั้งไฟอ่อน ๆ ให้ไหม้เกรียมทั้งสองข้าง ปัจจุบันใช้อบกรอบทั้งสองข้าง แล้วใส่กระทะตั้งไฟพลิกกลับไปมาจนหอม.
เหนียวหมา 0,น.,ชื่อหญ้าชนิดหนึ่ง มีดอกสีน้ำตาล มักแพร่พันธุ์โดยติดไปกับสิ่งต่าง ๆ เช่น อวัยวะของคนหรือสัตว์
เหนียวหมา 1,น.,"ต้นเหนียวหมา, ชื่อไม้พุ่มชนิดหนึ่ง มักขึ้นในที่โล่งต่ำ ซึ่งชุ่มแฉะในฤดูฝน ฝักเล็กแบนคอดกิ่วเป็นข้อ ๆ ใช้ทำยาได้."
เหนียวหลบ 0,น.,ข้าวเหนียวมูน.
เหนียวหลาม 0,น.,ข้าวหลาม.
เหนียวหอกกล้วย 0,น.,"ข้าวต้มมัด (น.ศ., พ.ท.)"
เหนียวอื้อ 0,น.,ชื่อขนมชนิดหนึ่ง ทำจากข้าวเหนียวที่นึ่งแล้วใส่กะทินำไป ผัดในกระทะจนแห้ง (ดู อื้อ น. ๑.).
เหนียวอุ๊บ 0,น.,ข้าวเหนียวผัดกะทิ แล้วอบจนสุก.
เหนียวอุ๊บ 1,น.,เครื่องมือดักปลาชนิดหนึ่ง เรียกว่า “ อีเหนียว ”
เหนียวเอ่อ 0,น.,เรียกข้าวเหนียวที่นึ่งแล้ว ใส่กะทิ นำไปผัด ในกระทะจนแห้งว่า เหนียวอื้อ (น.ศ.)
เหนียวเอ่อ 1,น.,ชื่อขนมชนิดหนึ่ง ทำจากข้าวเหนียวที่นึ่งแล้วใส่กะทินำไป ผัดในกระทะจนแห้ง (ดู อื้อ น. ๑.).
เหนือย 0,ก.,"เหนื่อย, รู้สึกอ่อนแรง, อิดโรย."
เหนือยเหมือนหมายิกแลน 0,สำ.,เหนื่อยมาก.
เห็บ 0,น.,"เห็บ, ชื่อแมลงขนาดเล็กหลายชนิด ลักษณะทั่วไปคล้ายไร แต่ส่วนใหญ่มักโตกว่า ปากมีลักษณะเป็นแท่ง มีหนามโค้งเล็ก ๆ กระจายอยู่รอบปลายปาก แผ่นแข็งของรูหายใจอยู่บริเวณด้านข้างของลำตัวเลยขาคู่ที่ ๔ มาทางด้านส่วนท้อง มีทั้งชนิดที่มีผนังลำตัวแข็งและผนังลำตัวอ่อน เป็นตัวเบียน ดูดกินเลือดสัตว์."
เห็บ 1,น.,เครื่องมือคล้ายคีมสำหรับหนีบขอบภาชนะ จักสานให้แน่นเพื่อผูกขอบ.
เห็บกวาง 0,น.,เห็บขนาดโตกว่าเห็บหนวยเขือ แต่เล็กกว่าเห็บแรด.
เห็บควาย 0,น.,เห็บขนาดใหญ่กลม โตเท่าปลายนิ้ว ชอบกัดควาย.
เห็บแรด 0,น.,เห็บขนาดใหญ่กลม โตเท่าปลายนิ้ว ชอบกัดควาย.
เห็บแล็ดเขือ 0,น.,เห็บที่มีขนาดและลักษณะอย่างเมล็ดมะเขือเปราะ
เห็บหนวยเขือ 0,น.,เห็บที่มีขนาดและลักษณะอย่างเมล็ดมะเขือเปราะ
เหม 0,ก.,"แย้ม, โผล่ ใช้กับพระจันทร์."
เหม 1,ก.,"เค้า, ประพิมพ์ประพาย."
เหม 2,ก.,โคตรเค้ากรรมพันธุ์.
เหม่ 0,ก.,หนวกหู (ดู หนักหู).
เหมง 0,น.,กะลาอ่อน ๆ ของมะพร้าว (ส.ข.).
เหมง 1,น.,มะพร้าวที่ยังไม่มีเนื้อ (น.ศ.).
เหมง 2,ว.,หมด เช่น หมดเหฺมง.
เหม้ง 0,น.,ส่วนยอด.
เหม้ง 1,สำ.,"ยิงหัว, ตีหัว."
เหม้ง 2,ว.,"เด่น, ตระหง่าน."
เหม็งชอ 0,น.,ชื่อไม้พุ่ม สูง ๒ - ๔ เมตร มีหนามเล็กสั้น ขนาบโคนก้านใบข้างละอัน ดอกขาว โคนกลีบดอกสีเหลือง ใกล้โรยกลายเป็นสีม่วงแก่ ออกดอกเป็นตับตามลำ กิ่งเหนือง่ามใบ ตับละ ๒ - ๗ ดอก ผลกลม ๆ หรือรูปไข่ เมื่อสุกสีแดง ก้านผลยาว รากใช้ทำยา
เหม็งซอ 0,น.,ชื่อไม้พุ่ม สูง ๒ - ๔ เมตร มีหนามเล็กสั้น ขนาบโคนก้านใบข้างละอัน ดอกขาว โคนกลีบดอกสีเหลือง ใกล้โรยกลายเป็นสีม่วงแก่ ออกดอกเป็นตับตามลำ กิ่งเหนือง่ามใบ ตับละ ๒ - ๗ ดอก ผลกลม ๆ หรือรูปไข่ เมื่อสุกสีแดง ก้านผลยาว รากใช้ทำยา
เหม็งซอ 1,น.,ชื่อไม้ต้นชนิดหนึ่ง (ดู ชิงชี่).
เหมงผรา 0,น.,เขม่าไฟที่จับตามหิ้งหรือเตาไฟ
เหมงผลา 0,น.,เขม่าไฟที่จับตามหิ้งหรือเตาไฟ (ดู เหฺมงผรา).
เหม็ด 0,น.,เสียงสัญญาณให้นกตะคุ่มร้อง เสียงดังหรึ๊ด ๆ.
เหม็ด 1,น.,เสม็ด (ดู แหฺมฺรด น. ๑.).
เหม็ด 2,ก.,"หมด, สิ้น, ไม่มี."
เหม็ด 3,ก.,ตัดปลายหรือยอดต้นไม้
เหม็ด 4,ก.,"หยิก, เหน็บด้วยมือ"
เหม็ด 5,ว.,หมด.
เหม็ด 6,ว.,ทั้งหมด.
เหม็ด 7,น.,"เสม็ด, ชื่อไม้ต้น ใช้เปลือกและเนื้อไม้ผุ คลุกกับน้ำมันยางทำไต้ได้ ใบให้น้ำมันเขียว ใช้ทำยาได้ มี ๒ ชนิด แหฺมฺร็ดขาว กับ แหฺมฺร็ดแดงหรือแหฺมฺร็ดชุน"
เหม็ดจ้อน 0,ก.,ถกเขมร (ดู แคว็ดจ้อน).
เหม็ดจ้อน 0,ก.,"ถกเขมร, นุ่งผ้าโจงกระเบนดึงชายให้สูงร่นไปเหนือเข่า"
เหม็ดผรึด 0,ว.,หมดเกลี้ยง.
เหม็ดพก 0,ก.,ถกเขมร (ดู แคว็ดจ้อน).
เหม็ดพก 0,ก.,"ถกเขมร, นุ่งผ้าโจงกระเบนดึงชายให้สูงร่นไปเหนือเข่า"
เหม็นตัง 0,ว.,กลิ่นหืน (ภ.ก.)
เหม็นตัง 0,ว.,"หืน, มีกลิ่นเหม็นอย่างกลิ่นน้ำมันมะพร้าวที่ทิ้งไว้นาน ๆ เป็นต้น"
เหม่หู 0,ก.,"หนวกหู, รู้สึกรำคาญเพราะเสียงเซ็งแซ่ อื้ออึง"
เหมอ 0,ก.,"เข้าข้าง, คาดว่าจะชนะ, เล่นการพนันโดยวางเดิมพันเท่ากันไม่มีฝ่ายต่อฝ่ายรอง."
เหมอนอก 0,ก.,การพนันกันโดยวงเงินอยู่นอกเหนือจากข้อตกลง หรือสัญญาที่ทำกันไว้ก่อน.
เหมอนอก 1,ว.,"เสมอ, เท่ากัน, พอกัน."
เหมอนอก 2,ว.,"เซ่อ, โง่ (ดู เหฺมฺรอ ว.)."
เหมา 0,น.,"แมลงเม่า, เรียกปลวกในระยะที่มีปีก ซึ่งบินออกผสมพันธุ์กัน."
เหมา 1,น.,"เขม่า, ละอองดำ ๆ ที่เกิดจากควันไฟหรือดินปืน."
เหมาะ 0,ว.,"ดี, พอดี, สมควร, คู่ควร."
เหมาะแหมะ 0,ว.,"มาก, สลอน เช่น นั่งกันหัวเหมาะแหมะ - นั่งหัวสลอน"
เหมิน 0,น.,หมื่น
เหมีย 0,น.,"เพศหญิง, ตัวเมีย."
เหมีย 1,สำ.,"ผู้ชายที่ไม่สู้คน, ผู้ชายที่ทำตัวอย่างผู้หญิง (กะเทย)"
เหมียง 0,น.,"แมลงเหนี่ยง, ชื่อด้วงปีกแข็ง ลำตัวรูปไข่ แบนเล็กน้อย สีดำตลอดตัว มีหนามแหลมที่ด้านล่างของอกยาว ยื่นออกไปจนถึงท้อง อาศัยอยู่ตามแหล่งน้ำต่าง ๆ"
เหมียง 1,น.,ชื่อไม้ต้นชนิดหนึ่ง ใบอ่อนใช้ประกอบอาหารได้ (ดู เหลียง น. ๓.).
เหมียง 2,น.,ชื่อไม้ต้นชนิดหนึ่ง ใบอ่อนใช้ประกอบอาหารได้ (ช.พ.)
เหมี้ยง 0,น.,กระพุ้งแก้ม (ภ.ก.).
เหมียน 0,น.,"เสมียน, เจ้าหน้าที่เกี่ยวกับหนังสือ."
เหมียน 1,น.,ชื่อตัวตลกหนังตะลุง.
เหมียบ 0,ว.,"เล็กมาก, อ่อนมาก เช่น โลกเหมียบ - ผลอ่อน."
เหมี้ยว 0,น.,แมว (ภ.ก.).
เหมือด 0,น.,"ผักแนม, ฝักที่ใส่หรือแทรกเพิ่มเติมลงไปกับเนื้อสัตว์ในแกงต่าง ๆ"
เหมือด 1,น.,ผักที่จัดไว้เป็นคำ ๆ (น.ศ.).
เหมือด 2,น.,ชื่อไม้ต้น วงศ์ Proteaceae ใบเดี่ยวเรียงเวียนสลับรอบกิ่ง ดอกสีเขียวแกมเหลือง ผลแก่สีดำเบี้ยวรูปขอบขนานแกมรูปกลมรี.
เหมือด 3,ว.,"แกล้ม, ไปด้วยกัน, ควบคู่กันไป, แกมกัน (ช.พ.)."
เหมือน 0,ว.,"ดั่ง, เช่น, ดังเช่น, อย่าง."
เหมือน 1,ว.,เช่นเดียวกัน เช่น ไปเหมือน - ไปเช่นเดียวกัน.
เหมือบ 0,ก.,"เขมือบ, กินอย่างตะกละ."
เหมื้อย 0,น.,ชื่อไม้เถาขนาดใหญ่ชนิดหนึ่ง.
เหมื้อย 1,น.,ผักแนม (ดู เหมือด น. ๑.).
เหมื้อย 0,น.,"ผักแนม, ฝักที่ใส่หรือแทรกเพิ่มเติมลงไปกับเนื้อสัตว์ในแกงต่าง ๆ"
เหมือะ 0,ว.,คำเรียกช้างให้มาหา.
เหย 0,ก.,"ระเหย, อาการที่ของเหลวกลายเป็นไอ."
เหย 1,ว.,"โหยหวน, ลักษณะของเสียงที่คร่ำครวญด้วยความเสียใจหรือเจ็บปวด เป็นต้น ทำให้รู้สึกวังเวงใจ."
เหยก 0,ก.,"เขยก, อาการที่เดินหรือวิ่งด้วยปลายเท้าอย่างคนเจ็บเท้า, อาการที่เดินหรือวิ่งเอียงไปข้างใดข้างหนึ่งอย่างคนขาพิการ"
เหย้ง 0,ก.,"เขย่ง, ยืนด้วยปลายเท้า, พยุงตัวให้สูงขึ้น, เขย่งก้าวกระโดด"
เหย็งแย่ 0,ว.,"แคระ, แกร็น, ก้าวร้าว, วางก้าม (ช.พ.)"
เหยอ 0,ก.,"เผยอ, ยกขึ้น, ยกให้สูงขึ้นเล็กน้อย เช่น เหยอโพก – ยกตะโพกขึ้นจากสิ่งที่นั่งทับอยู่, เหยอตับจาก - ยกตับจากขึ้น"
เหยา 0,ก.,"ร่อน, เขย่า, สั่น"
เหยา 1,ก.,เขย่า (ดู แร่ง).
เหยิด 0,ก.,เขย่งปลายเท้า
เหยิด 1,ก.,เผยอ.
เหยิด 2,ก.,เติบโตขึ้น (น.ศ.).
เหยิน 0,ว.,"ยื่นออก, เผยอขึ้น, เขยิน เช่น ฟันเหยิน - ฟันเขยิน."
เหยิ้น 0,ก.,"กระดอน, ลอยตัว."
เหยิ้น 1,ว.,"หยุ่น, ยุบลงไปแล้วคืนตัวได้, ยืดหยุ่นได้."
เหยิ้นเหยิ้น 0,ว.,หยุ่น เช่น ดินเหยิ้นเหยิ้น - ดินหยุ่น.
เหยียก 0,ว.,"ขาวโพลน, ขาวผ่อง"
เหยียง 0,ก.,"สงสัย, ไม่แน่ใจในข้อเท็จจริง, กระมัง เช่น ฝนจี้ตกเหยียง - ฝนจะตกกระมัง (น.ธ.)."
เหยียน 0,ก.,"เหยียบแล้วบดขยี้ให้ละเอียด, กดขยี้."
เหยียน 1,ก.,ควักออก.
เหยียน 2,ก.,พูดชวนวิวาท.
เหยี่ยน 0,ก.,"อยากมาก เช่น เหยี่ยนมวนหยา - อยากสูบบุหรี่มาก (ภ.ก., พ.ง.)."
เหยี่ยน 1,ก.,"คะยั้นคะยอ, รบเร้าให้ตกลงใจ เช่น กูหวาจิหม้ายมาแหล่ว แตทนอีพรเหยี่ยนไม่ได้ – กูว่าจะไม่มาแล้ว แต่ทน น้องพรคะยั้นคะยอไม่ได้"
เหยี่ยน 2,ก.,อิ่มแล้วแต่ยังฝืนกิน.
เหยี่ยน 3,ว.,"เงี่ยน, อยากหรือใคร่ทางกามารมณ์ (ภ.ก., พ.ง.)."
เหยียบ 0,ก.,"เหยียบ, วางเท้ากดลงไปบนสิ่งใดสิ่งหนึ่ง เช่น"
เหยียบ 1,ก.,ผสมพันธุ์ใช้กับสัตว์ปีก เช่น ไกเหยียบเหมีย - ไก่ผสมพันธุ์กัน.
เหยียบ 2,ก.,ทำขนมจีน เรียก “ เหยียบทนมจีน ”.
เหยียบ 3,ก.,นวด เช่น ช่วยเหยียบให้ที - ช่วยนวดให้หน่อย.
เหยียบข้าว 0,ก.,การนวดข้าวโดยใช้วัวควายเดินเหยียบย่ำมัดข้าวเปลือกบนลานดิน
เหยียบข้าว 1,ก.,การนวดข้าวโดยใช้วัวควายเดินเหยียบย่ำมัดข้าวบนลานดิน.
เหยียบจูด 0,ก.,การทำตอกกระจูดให้แบนเพื่อนำไปใช้จักสานโดยการเหยียบด้วยเท้า.
เหยียบตีน 0,สำ.,"เหยียบจมูก ดูหมิ่น เยาะเย้ย, รังแก"
เหยียบนา 0,ก.,ไล่ต้อนควายทำเทือกเพื่อปลูกข้าว (ช.พ.).
เหยียบเริน 0,น.,พิธีขึ้นเรือนของผู้หญิงหลังจากทาบทามหรือสู่ขอตกลงกันแล้ว.
เหยียบโลกนาว 0,น.,พิธีตัดไม้ข่มนามของมโนราห์โดยเหยียบผลมะนาวให้แตก.
เหยียบสุ่ม 0,ก.,การเหยียบนวดของหมอตำแยให้แก่ผู้คลอดบุตร.
เหยียบเสน 0,น.,พิธีรักษาปานแดงประเภทนูนลามขยายตัวเร็ว โดยทำพิธีให้มโนราห์เหยียบ.
เหยียบหนก 0,สำ.,ลบเหลี่ยมลูบคม.
เหยียบหมูก 0,สำ.,"เหยียบจมูก ดูหมิ่น เยาะเย้ย, รังแก"
เหยื้อ 0,น.,"เยื่อ, สิ่งที่เป็นแผ่นบาง อยู่ตามผิวหรือภายในของร่างกายบางส่วนหรือของสิ่งต่าง ๆ"
เหยื้อ 1,น.,เยื่อ (ดู เหญื้อ น. ๑.).
เหรง 0,น.,ชื่อปาล์มชนิดหนึ่ง ใบใช้เย็บมุงหลังคา (ดู สิเหรง).
เหรง 1,ก.,"เตร่, ปลีกตัวออก เช่น เดินเหรง - เดินเตร่"
เหรง 2,ว.,โหรงเหรง.
เหรว 0,น.,ป่าช้า
เหรว 1,น.,ป่าช้า (ดู เปรว).
เหรสาร 0,ว.,"จรจัด เช่น หมาเหรสาร – หมาจรจัด (ภ.ก., พ.ง.)."
เหร่หมาด 0,น.,เคร่ารั้ว (ดู คร่าวรั้ว).
เหร่หมาด 0,น.,เคร่ารั้ว
เหรอ 0,ว.,"เซ่อ, โง่ (ดู เหฺมฺรอ ว.)."
เหรอ 0,ว.,"เซ่อ, โง่, ไม่ทันสมัย"
เหรา 0,น.,ชื่อสัตว์น้ำเค็มชนิดหนึ่ง คล้ายแมงดาทะเล มีขนที่มีพิษ รับประทานไม่ได้
เหริด 0,ก.,แสดงอาการตื่นเต้น เช่น วิ่งหน้าเหรีดไปบอกพ่อหมันทันที – วิ่งหน้าตื่นไปบอกพ่อมันทันที (ภ.ก.).
เหริบหราบ 0,ว.,(มีขนขึ้น) บาง ๆ ห่าง ๆ (ภ.ก.).
เหริบเหริน 0,ว.,"ราง ๆ, บาง ๆ (ดู หริบเหริด)."
เหริบเหริน 0,ว.,"ราง ๆ, บาง ๆ เช่น ไร่นี้ข้าวขึ้นหริบเหริด - ไร่นี้ข้าวขึ้นบาง ๆ (ส.ฎ.)"
เหรียง 0,น.,"สะเหรี่ยง, ชื่อไม้ต้นจำพวกสะตอ ฝักสั้นกว่า เมล็ดแข็ง ต้องเพาะเมล็ดก่อนรับประทาน"
เหรียญ 0,น.,เหรียญกษาปณ์.
เหรียญ 1,น.,เหรียญที่ระลึกต่าง ๆ.
เหรียด 0,ก.,"ป้าย, เจียด (ดู เหลียด)."
เหรียด 1,ก.,"เจียด, แบ่งปันแต่น้อย, ขอแบ่งปันบ้าง."
เหรียดรัง 0,ว.,"ละเอียดถี่ถ้วน, เจ้าระเบียบ (ภ.ก.)."
เหรียน 0,น.,ไม้สุเหรียน.
เหรียม 0,ว.,"ดี, วิเศษ, สวย, งาม, เรียบร้อย."
เหล่ 0,ว.,"เห, เฉ, ไปข้าง, เอียง, ลาด"
เหล้ 0,ว.,"เห, เฉ, ไปข้าง, เอียง, ลาด"
เหล้ 1,ก.,"ยุบลง, พังลง, เอียง."
เหลก 0,น.,"เสลด, เสมหะ, เมือกที่ออกจากลำคอ ทรวงอก และลำไส้ (น.ธ.)"
เหลก 1,น.,เสลด (ดู หลืด).
เหลก 2,ก.,"หลีก, หลบสิ่งที่กีดขวาง, เลี่ยง, ขยับไปให้พ้นที่เดิม, ให้ทาง."
เหลก 3,ว.,เลย เช่น เหลกเที่ยง - เลยเที่ยง.
เหล็ก 0,น.,"เหล็ก, โลหะเป็นของแข็งสีขาวเป็นเงาคล้ายเงิน ใช้ประโยชน์ได้มากมาย."
เหล็กกะดอหมู 0,น.,"สว่าน, เครื่องมือช่างไม้ปลายเป็นเกลียวแหลม สำหรับเจาะไช"
เหล็กกะดอหมู 1,น.,สว่าน.
เหล็กขาว 0,น.,สังกะสี (น.ธ.).
เหล็กขูด 0,น.,กระต่ายขูดมะพร้าว มี ๒ แบบ คือ นั่งขูดและวางแล้วครูดไป (เหล็กขูดจีน).
เหล็กคัดชุน 0,น.,เครื่องมือสำหรับแต่งคลองเลื่อย
เหล็กคัดชุน 1,น.,เครื่องมือสำหรับแต่งคลองเลื่อย.
เหล็กโคน 0,น.,"ตะปู, สิ่งที่ทำด้วยโลหะ มีปลายแหลม หัวมนแบนขนาดต่าง ๆ กัน สำหรับตรึงสิ่งอื่นให้แน่น โดยใช้ค้อนตอกลงไป"
เหล็กไช 0,น.,"สว่าน, เครื่องมือช่างไม้ปลายเป็นเกลียวแหลม สำหรับเจาะไช"
เหล็กไชไม้ 0,น.,"สว่าน, เครื่องมือช่างไม้ปลายเป็นเกลียวแหลม สำหรับเจาะไช"
เหล็กไชไม้ 1,น.,สว่าน.
เหล็กไซ 0,น.,สว่าน.
เหล็กดอกบอน 0,น.,สว่านที่ใช้มือหมุน.
เหล็กเดาะบอน 0,น.,"สว่านที่ใช้มือหมุน, เหล็กไชขนาดใหญ่"
เหล็กนกคุ่ม 0,น.,ชื่อไม้ล้มลุกจำพวกหญ้าชนิดหนึ่ง (ดู เหนียวหมา น. ๑).
เหล็กนกคุ่ม 0,น.,ชื่อหญ้าชนิดหนึ่ง มีดอกสีน้ำตาล มักแพร่พันธุ์โดยติดไปกับสิ่งต่าง ๆ เช่น อวัยวะของคนหรือสัตว์
เหล็กใน 0,น.,"เหล็กในสัตว์, เดือยแหลมที่มีในก้นหรือปลายหางสัตว์บางชนิด เช่น ผึ้ง แมงปอง เป็นต้น."
เหล็กบอบ 0,น.,"สว่าน, เครื่องมือช่างไม้ปลายเป็นเกลียวแหลม สำหรับเจาะไช"
เหล็กบอบ 1,น.,สว่าน.
เหล็กบิด 0,น.,"สว่าน, เครื่องมือช่างไม้ปลายเป็นเกลียวแหลม สำหรับเจาะไช"
เหล็กบิด 1,น.,สว่าน.
เหล็กไฟ 0,น.,เครื่องขีดไฟ ซึ่งใช้ก้านไม้หรือก้านกระดาษชุบปลายข้างหนึ่งด้วยสารเคมีบางอย่างให้เป็นตุ่ม ใช้ขีดกับผิวที่ฉาบด้วยสารเคมีมีฟอสฟอรัสแดง เป็นองค์ประกอบสำคัญทำให้เกิดไฟขึ้น.
เหล็กไฟตบ 0,น.,ตะบันไฟ.
เหล็กไฟตี 0,น.,เครื่องตีไฟ ใช้เหล็กตีถ่านหินให้เกิดประกายไฟติดปุยซึ่งเป็นเชื้อไฟ.
เหล็กยน 0,น.,ตะบัน.
เหล็กราง 0,น.,"คราดเหล็ก, คราดมือ."
เหล็กแลง 0,น.,"ชะแลง, เครื่องมือชนิดหนึ่ง ทำด้วยท่อนเหล็ก มีปลายแบน สำหรับงัดสิ่งของหรือขุดดิน"
เหล็กวิลาด 0,น.,สังกะสีที่ใช้มุงหลังคา.
เหล็กหลบ 0,น.,แผ่นเหล็กหรือสังกะสีครอบสันหลังคา.
เหล็กหลบ 1,ว.,แข็งแกร่ง.
เหลง 0,น.,ไพ่เข้าชุดกัน โดยมี ๓ ตัวเหมือนกัน
เหลง 1,น.,ชื่อปาล์มชนิดหนึ่ง ใบใช้เย็บมุงหลังคา (ดู สิเหรง).
เหลง 2,น.,ทางร่วม.
เหลง 3,น.,ไพ่เข้าชุดกัน โดยมี ๓ ตัวเหมือนกัน (ดู ตอง).
เหลง 4,ว.,"กาง, เหยียดออกไป เช่น พุงเหลง - ท้องกาง."
เหลง 5,ว.,เข้ากันได้.
เหลง 6,ว.,เย็น (ภ.ก.).
เหลง 7,ว.,ลักษณะการผสมไพ่ที่มีดอกเดียวกันในการเล่นไพ่ผ่องไทย.
เหลง 8,ลัก.,แถว ใช้กับจาก เช่น จาก ๒ เหลง
เหล็ง 0,น.,"มังกร (จ., ภ.ก.)."
เหล่งเง่ง 0,น.,"ลำไย (จ., ภ.ก.)."
เหล่งจุ้ย 0,น.,"น้ำเย็น (จ., ภ.ก.)."
เหล่งเจี๊ยมหู 0,น.,"ปลากะพงแดง (จ., ภ.ง., พ.ง.)."
เหล่งตู๋ 0,น.,ตู้เย็น
เหล่งตู๋ 1,น.,ตู้เย็น (ดู ซึ้งตู๋).
เหล้งเต๋ 0,น.,"น้ำต้มสมุนไพรดื่มแก้ร้อนใน (จ., ภ.ก.)."
เหล้งถาว 0,น.,"หัวนมหลอก (จ., ภ.ก.)."
เหลงเหลง 0,ว.,ว่าง ๆ ไม่มีอะไรทำ.
เหลด 0,น.,"เสลด, เสมหะ, เมือกที่ออกจากลำคอ ทรวงอก และลำไส้ (น.ธ.)"
เหลด 1,น.,เสลด (ดู หลืด).
เหลดพังพอน 0,น.,"เสลดพังพอน, ชื่อไม้พุ่ม มีหนามแหลมสีแดงตามข้อเส้นกลางใบสีแดง ดอกสีเหลือง ออกเป็นช่อตามปลายกิ่ง."
เหลน 0,น.,ลูกของหลาน.
เหลย 0,น.,การบนบานศาลกล่าว
เหลย 1,น.,การบนบานศาลกล่าว (ดู เหฺมฺลย).
เหลย 2,ว.,อีก เช่น เอาเหลย - เอาอีก.
เหลย 3,ว.,เลย เช่น อย่าไปเหลย - อย่าไปเลย.
เหลว 0,น.,"เฉลว, เครื่องจักสานชนิดหนึ่ง ทำด้วยตอกหัก ขัดกันเป็นมุม ๆ ตั้งแต่ ๕ มุมขึ้นไป สำหรับปักหม้อยา ปักเป็นเครื่องหมายที่สิ่งของซึ่งจะขาย ปักบอกเขต หรือปักบอกเขตด่านเสียค่าขนอน"
เหลว 1,ว.,"เป็นน้ำ, ไม่แข็ง."
เหลว 2,ว.,ไม่ได้เรื่อง.
เหลวเกว 0,ว.,ไม่ได้เรื่อง.
เหล้หลอน 0,ว.,"พร่อง, จวนหมด."
เหล้หลอน 1,*ก.,"สแลง. ใกล้ตาย, อาการหนัก (ภ.ก.),"
เหล้หลอน 2,ว.,"เหล่, เข (ใช้กับตา)."
เหล้หลอน 3,ว.,"เฉ, เอียง, ลาด (ดู เกว้ ว)."
เหลอ 0,ว.,"โง่, เซ่อ."
เหลอะหละ 0,*ว.,"ซุ่มซ่าม, กิริยาที่กระทำไปโดยไม่ใช้ความระมัดระวังหรือไม่ถูกกาลเทศะ เช่น แด็กนี้เหลอะหละจริง - เด็กคนนี้ซุ่มซ่ามจริง"
เหลาเตา 0,น.,"ไม้กระบาก, ชื่อไม้ต้นขนาดใหญ่ ขึ้นในป่าดงดิบทั่วไป ลำต้นตรง สูง ๓๐ - ๔๐ เมตร เนื้อไม้ใช้ในการก่อสร้างที่ไม่ต้องรับน้ำหนัก โดยมากใช้เป็นไม้แบบหล่อคอนกรีต"
เหลาเตา 1,น.,ชื่อไม้ต้นชนิดหนึ่ง (ดู บาก น. ๑.).
เหล้าโหมย 0,น.,"ผมเปียถัก (ก.บ., พ.ง., ภ.ก.)."
เหลาะ 0,น.,"เกราะ, เครื่องสัญญาณทำด้วยไม้ใช้ตี หรือสั่นให้ดัง"
เหลาะ 1,น.,เกราะ.
เหลาะไม้เดียว 0,น.,เกราะไม้ที่ใช้ไม้ตี ๑ อัน เป็นการตีตามปกติ.
เหลาะสองไม้ 0,น.,เกราะไม้ที่ใช้ไม้ตี ๒ อัน ตีรัวเพื่อแจ้งเหตุด่วนอันตราย.
เหลาะสองไม้ 1,ก.,"เลี่ยง, หลบหลีก."
เหลาะสองไม้ 2,ก.,"เลาะ, ชิดแนว"
เหลาะแหละ 0,ว.,"เล่น ๆ, ไม่จริงจัง, เหลวไหล, ไม่เป็นสาระ"
เหลาะแหละ 1,น.,ป่าละเมาะเล็ก ๆ.
เหลาะแหละ 2,ว.,"เล็ก ๆ น้อย ๆ, ไม่หนาแน่น เช่น น้ำเหลาะแหละ."
เหลิกหลาก 0,ว.,"เลิ่กลั่ก, ตื่น"
เหลิกหลาก 1,ว.,เลิ่กลั่ก (ดู เลิกลาก).
เหลิง 0,ลัก.,แถว ใช้กับจาก เช่น จาก ๒ เหลง
เหลิง 1,น.,โลหะวงแหวนระหว่างปลอกกับด้ามอาวุธ.
เหลิง 2,น.,แถวหนึ่ง ๆ ของจากมุงหลังคา.
เหลิง 3,น.,วัวหนุ่มที่ยังไม่ตอน.
เหลิง 4,น.,"ตะเพิง, ที่วุ้งเวิ้ง."
เหลิง 5,ก.,"เหลิง, ลืมตัว."
เหลิง 6,ว.,"กำเริบเสิบสาน, เหิมเกริม, ได้ใจ."
เหลิง 7,ว.,เลยขอบเขต.
เหลิง 8,ลัก.,แถว (ดู เหลง ลัก.).
เหลิด 0,ก.,"เตลิด, เหลิง"
เหลิด 1,น.,"เสลด, เสมหะ, เมือกที่ออกจากลำคอ ทรวงอก และลำไส้ (น.ธ.)"
เหลิด 2,น.,เสลด (ดู หลีด).
เหลิด 3,ก.,"เตลิด, เหลิง (ดู เลิด ก.)."
เหลิดเทิด 0,*ว.,"ซุ่มซ่าม, กิริยาที่กระทำไปโดยไม่ใช้ความระมัดระวังหรือไม่ถูกกาลเทศะ เช่น แด็กนี้เหลอะหละจริง - เด็กคนนี้ซุ่มซ่ามจริง"
เหลิดเทิด 1,ว.,ซุ่มซ่าม (ดู เหลอะหละ).
เหลิ่น 0,ว.,"ล้าน, ลักษณะของหัวที่ไม่มีผม."
เหลิ้น 0,ว.,"โล่งเตียน, โล้น เช่น หัวเลิ้น, หน้าผากเลิ้น."
เหลิ้ม 0,ว.,"ทื่อ, ไม่คม เช่น มีดเท่อ"
เหลิ้ม 1,ว.,ทื่อ เช่น เมดเหลิ้มแล้ว - มีดทื่อแล้ว.
เหลียก 0,น.,เชือกสนตะพาย (ดู เหลียะ น. ๓.).
เหลียก 1,น.,"เชือกสนตะพาย, เชือกร้อยช่องจมูกวัวควายที่เจาะ"
เหลียง 0,น.,"ระเบียง, พื้นเรือนที่ต่อออกไปทางด้านข้าง มีหลังคาคลุม."
เหลียง 1,น.,"เสลี่ยง, ที่นั่งมีคานหามคู่หนึ่งสอดรับเป็นเครื่องแสดงอิสริยยศ."
เหลียง 2,น.,ชื่อไม้ต้นชนิดหนึ่ง ใบอ่อนใช้ประกอบอาหารได้ (ช.พ.)
เหลียด 0,ก.,"ป้าย, ทา เช่น เหลียดปูน - ป้ายปูน."
เหลียด 1,ก.,"เจียด, แบ่งปันแต่น้อย, ขอแบ่งปันบ้าง."
เหลียด 0,ก.,"ป้าย, ทา เช่น เอาปูนแปลดไว้สักหีด - เอาปูนป้ายไว้สักนิด"
เหลียน 0,ก.,หมุน เช่น เหลียนตางค์ - หมุนสตางค์ (ภ.ก.)
เหลียน 1,ก.,"ถอก, เปิดปลายอวัยวะเพศชาย (น.ธ.)."
เหลี้ยน 0,ว.,รสปะแล่ม ๆ.
เหลี้ยน 1,ว.,มาก.
เหลี่ยนฮั้ว 0,น.,"ดอกบัว (จ., ภ.ก.)."
เหลียบ 0,น.,ปลาสีเสียด (ดู เสียด น.).
เหลียบ 0,น.,"ปลาสีเสียด, ชื่อปลาทะเลชนิดหนึ่ง ตัวเรียวเล็กกว่าปลาสละ ตาโต ลำตัวด้านบนสีน้ำเงิน ด้านข้างสีเงิน โคนหางสีเหลือง ปลายครีบหลังและครีบหางสีดำ"
เหลียม 0,น.,"เหลี่ยม, ด้านที่เป็นสัน."
เหลียม 1,น.,"เล่ห์เหลี่ยม, ชั้นเชิง, อุบาย."
เหลี้ยม 0,น.,ด้านหัวของเหรียญสตางค์ชนิดมีรูตรงข้ามกับด้านก้อย ซึ่งเรียกว่า “ ป้าน ”.
เหลี้ยม 1,ก.,"เสี้ยม, ทำให้แหลม."
เหลี้ยม 2,ก.,"เหลา, ทำให้เกลี้ยงเกลาหรือให้แหลมด้วยเครื่องมือมีมีด เป็นต้น เช่น เหลี้ยมดินสอ."
เหลี้ยม 3,ว.,"แหลม, มีปลายเสี้ยมคม"
เหลียมเหมือนลอกอลิด 0,สำ.,คนเล่ห์เหลี่ยมจัด.
เหลียมเหมือนลอกอลิด 1,ลัก.,ท่อน ใช้กับไม้ซุง เช่น ไม้ ๓ เหลี่ยม - ไม้ ๓ ท่อน.
เหลียมเหมือนลอกอลิด 2,สำ.,ใช้ชั้นเชิงเอาเปรียบคนอื่น.
เหลี่ยมอ๊าโต้ 0,น.,"มีดพร้า (จ., ภ.ก.)."
เหลียว 0,น.,"เหลียว, ผินไปทางขวาหรือทางซ้ายอย่างเอี้ยวคอ, ผันหน้า."
เหลียว 1,น.,"เฉลียว, นึกระแวงขึ้นมา เช่น เหลียวใจ."
เหลียว 2,น.,กระบอกไม้ไผ่สำหรับเป่าให้ไฟลุก.
เหลียว 3,ก.,"หมด, สิ้น, ไม่มีเหลือ (ภ.ก.)."
เหลี่ยว 0,น.,"เครื่องปรุงอาหารคาวและหวาน เช่น กุ้ง หอย ปู ปลา ที่ใส่ในผัดหรือแกงจืด หรือข้าวโพดอ่อน ลูกชิด ถั่ว เมล็ดบัว ที่ใส่ในไอศกรีม (จ., ภ.ก.)."
เหลียะ 0,น.,ชื่อสัตว์เลี้ยงลูกด้วยนม รูปร่างคล้ายกระรอก ตัวสีน้ำตาล มีลายสีดำ และน้ำตาลอ่อนตามยาวข้าง ๆ ตัว หางเป็นพวง ปกติชอบวิ่งหากินบนพื้นดิน
เหลียะ 1,น.,คอกดักปลา.
เหลียะ 2,น.,สัตว์เลี้ยงลูกด้วยนม คล้ายกระรอก (ดู จ้อน น.).
เหลียะ 3,น.,"เชือกสนตะพาย, เชือกร้อยช่องจมูกวัวควายที่เจาะ"
เหลียะ 4,ก.,ปาดปลายไม้.
เหลืเฟือเป็นเย็น 0,สำ.,"มีมากเกินต้องการ, มากเกินพอดี."
เหลือ 0,ก.,"ใช้ไม่หมด, มีมาก, เกินต้องการ, มาก, มากเกิน, ค้างอยู่, ยังไม่หมด."
เหลือ 1,ว.,เกินไป หมายถึง การแสดงออกหรือการทำอะไรที่รุนแรงเกินไป.
เหลือก 0,น.,"ตัวเหลือบ, ชื่อแมลง รูปร่างคล้ายแมลงวันแต่ตัวโตกว่า ตัวเมียดูดเลือดมนุษย์และสัตว์."
เหลือก 1,ก.,เหลือกตา (ดู เมฺลือก).
เหลือก 0,ก.,"ค้อนควัก, ชำเลือง, มองค้อนอย่างไม่พอใจ, เหลือกตา, ทำให้ลูกตาดำอยู่ข้างบน."
เหลือกตาแล 0,ก.,เหลือบมอง (ภ.ก.).
เหลือกตาแล 1,ว.,"กลอกขึ้น, เบิกกว้าง (ใช้กับตา)."
เหลือกหลาก 0,*ว.,"ซุ่มซ่าม, กิริยาที่กระทำไปโดยไม่ใช้ความระมัดระวังหรือไม่ถูกกาลเทศะ เช่น แด็กนี้เหลอะหละจริง - เด็กคนนี้ซุ่มซ่ามจริง"
เหลือกหลาก 1,ว.,ซุ่มซ่าม (ดู เหลอะหละ).
เหลือเกิน 0,สำ.,เกินขอบเขต.
เหลือเกิน 1,สำ.,ไม่มีน้ำใจ.
เหลือง 0,ว.,สีอย่างสีรงทองหรือขมิ้น.
เหลืองกาวิน 0,น.,ลักษณะไก่ชนดีประเภทหนึ่ง.
เหลืองฉิ้ม 0,ว.,เหลืองจัด.
เหลืองอ้อย 0,ว.,"เหลืองเข้ม, เหลืองอ๋อย."
เหลือม 0,น.,ชื่องูขนาดใหญ่ ตัวโตเรียวยาว ลายสีน้ำตาลเหลือง ยาวได้ถึง ๙ เมตร ที่กลางหัวมีเส้นสีดำ ซึ่งมักเรียกว่า ศรดำ ออกหากินในเวลากลางคืน ไม่มีพิษ เป็นงูที่มีขนาดใหญ่ที่สุดในโลก.
เหลื้อม 0,ว.,จวนจะสุก(ใช้กับผลไม้).
เหลื้อม 1,ว.,เลื่อมพราย.
เหลื้อม 2,ว.,"เหลื่อม, คลาดเคลื่อน, ไม่ตรงกัน."
เหลื้อม 0,ว.,สีผลไม้ที่เรื่อ ๆ จวนจะสุก เช่น กล้วยเท่บมไว้หนวยเรืองเข้าแล้ว - กล้วยที่บ่มไว้สีออกเหลืองแล้ว
เหลือมปากเป็ด 0,น.,งูเหลือมชนิดหนึ่ง ตัวสั้นเล็ก ปากคล้ายปากเป็ด ถือเป็นงูนำโชคนิยมนำมาบูชา.
เหลือมผ้าร้าย 0,น.,งูเหลือมตัวยาว ชอบกินไข่นก อาศัยอยู่บนต้นไม้ มีพิษ.
เหลือเสื้อ 0,สำ.,ทำใหญ่เกินตัว.
เหลือเสื้อผู้ใหญ่นวล 0,สำ.,เกินเสียยิ่งกว่าเกิน.
เหลือเหตุ 0,สำ.,"เกินเหตุ, เกินไปละ."
เหวก 0,น.,นกการะเวก.
เหว้ง 0,ว.,ไพเราะ เช่น หนังนี้ดังเหว้งเลย - หนังตะลุงคณะนี้เสียงไพเราะมาก.
เหว้ง 1,ว.,"ใส, กระจ่าง, ชัดมาก เช่น หวางเหว้ง, ใสเหว้ง, เสียงเหว้ง."
เหว้ง 2,ว.,เบามาก เช่น เบาเหว้ง - เบามาก.
เหวน 0,ก.,"ตระเวน, ไปทั่ว ๆ รอบบริเวณ."
เหวน 1,ก.,เที่ยวไป ไม่ได้เรื่องได้ราว.
เหวิ้ง 0,ว.,"เวิ้งว้าง, โล่งกว้างทำให้ว้าเหว่ใจ, โหว่."
เหวียง 0,ก.,"เหวี่ยง, ซัดเบี่ยงไป."
เหวียด 0,น.,"เรไร, ชื่อจักจั่นสีน้ำตาล ตัวผู้มีอวัยวะพิเศษทำให้เกิดเสียงสูงและตํ่า มีกังวานสลับกันไปได้หลายระดับ"
เหวียด 1,น.,เรไร (ดู ริ้งไร น. ๑.).
เหวียน 0,น.,"เสวียนรองหม้อ, ของใช้ชนิดหนึ่งทำด้วยหญ้า หวายหรือฟาง เป็นต้น ถักหรือมัดเป็นวงกลม มักมีหู ๒ ข้าง สำหรับหิ้ว ใช้รองก้นหม้อที่หุงต้มด้วยเตาฟืนหรือเตาถ่าน"
เหวียน 1,น.,ชื่อไม้ต้นคล้ายตะขบ มีหนาม ลูกกินได้
เหวียน 2,น.,เสวียนรองหม้อ (ดู กัน น. ๑.).
เหวียว 0,ว.,"รวดเร็ว, ประเปรียว เช่น พุ่งเหวียว - พุ่งไปอย่างเร็ว."
เหอ 0,ว.,เป็นผื่นเป็นเม็ดผุดขึ้นมากเป็นพืดไปตามผิวหนัง.
เหา 0,น.,"งูเห่า, ชื่องูพิษ ขนาดยาวประมาณ ๑.๓ เมตร พบหลายสีต่างกันไปในแต่ละตัว เช่น ดำ น้ำตาล เขียวอมเทา เหลืองหม่น บางตัวมีลายสีขาว และบางตัวไม่มีลาย สามารถยกตัวท่อนหัวตั้งขึ้นและแผ่บริเวณคอกว้างออกได้ เรียกว่า แผ่แม่เบี้ย มีหลายชนิด."
เหา 1,ก.,"เหา, ชื่อแมลงขนาดเล็กหลายชนิดในหลายวงศ์ ส่วนใหญ่ตัวยาวไม่เกิน ๕ มิลลิเมตร ตัวแบน หัวแคบกว่าอกและยื่นไปข้างหน้าเห็นได้ชัด ตาเล็กมาก แต่บางชนิดไม่มีตา อกไม่แยกเป็นปล้องให้เห็นได้ชัด ขามีหนาม ตรงข้ามกับเล็บช่วยในการยึดขนหรือผม ดูดเลือดคนและสัตว์"
เหาช้าง 0,น.,ชื่อตะกวดชนิดหนึ่ง มีพิษ กัดถึงตาย
เหาช้าง 1,น.,ชื่อตะกวดชนิดหนึ่ง มีพิษ กัดถึงตาย ( ดู สามควน).
เหาดอกส้าน 0,น.,งูเห่าเหลือง มีพิษร้ายแรง.
เหานอน 0,ก.,ง่วงนอน
เหานา 0,น.,งูเห่าขนาดเล็ก ตัวสั้น สีดำ ชอบอาศัยตามทุ่งนา.
เหิง 0,ว.,"อ้า, ไม่สนิท (มีช่องว่าง)."
เหิง 1,ว.,"สูงเด่น, ลอยเด่น (ภ.ก.)."
เหิง 2,ว.,ผิดหวัง.
เหิด 0,ก.,"เชิด, แหงนหน้า เช่น เดินเผิด - เดินเชิดหน้า"
เหิด 1,ก.,เชิด (ดู เผิด).
เหิด 2,ก.,แสดงอาการใคร่จะได้กิน
เหิน 0,*ว.,"ซุ่มซ่าม, กิริยาที่กระทำไปโดยไม่ใช้ความระมัดระวังหรือไม่ถูกกาลเทศะ เช่น แด็กนี้เหลอะหละจริง - เด็กคนนี้ซุ่มซ่ามจริง"
เหิน 1,ก.,"บินอยู่ในระดับสูง, ร่อนอยู่ในระดับสูง เช่น เหินฟ้า."
เหิน 2,ว.,ซุ่มซ่าม (ดู เหลอะหละ).
เหินเพลิน 0,ว.,เอาแต่สนุกสบาย ไม่เอาใจใส่การงาน.
เหิมเกริม 0,ว.,กำเริบเสิบสาน.
เหีย 0,น.,เครื่องชั่งทอง ขนาดเล็ก แบบตราชู.
เหี้ย 0,น.,"เหี้ย, สัตว์เลื้อยคลานขนาดใหญ่ เป็นสัตว์สกุลเดียวกับตะกวด ตัวอ้วนใหญ่ สีดำ มีลายดอก สีเหลืองพาดขวาง หางยาว อาศัยและหากินบริเวณใกล้น้ำ"
เหี้ย 1,น.,เหี้ย (ดู เหญื้อ น. ๒.).
เหียก 0,ว.,คำเรียกคนเชิงด่า ใช้ว่า “อ้ายเถียก” หรือ “อ้ายหัวเถียก”
เหียก 1,น.,อวัยวะเพศชาย
เหียก 2,น.,ขี้เปียก (ดู ขี้เผียก).
เหียก 3,น.,อวัยวะเพศชาย (ดู หัวดอ).
เหียก 4,ว.,คำเรียกคนเชิงด่า (ดู เถียก).
เหียง 0,น.,"พอน, รากหรือโคนต้นไม้ที่ขึ้นเป็นปีก เป็นสัน เป็นพู หรือเป็นปมที่โคนต้น ซึ่งแผ่ขยายออกไปรอบ ๆ เพื่อพยุงลำต้น (ภ.ก.)."
เหี้ยน 0,ว.,"กร่อน, สึกหรอ เช่น พร้าเหี้ยน, ขวานเหี้ยน."
เหียบ 0,ก.,"ไม่มีเสียง, สงบ, ปราศจากเสียงรบกวนหรือการก่อกวน"
เหียบ 1,ก.,สงบ (ดู เหงียบ ก.).
เหียม 0,ก.,"ไม่มีเสียง, สงบ, ปราศจากเสียงรบกวนหรือการก่อกวน"
เหียม 1,ว.,"สงบเสงี่ยม, กระบิดกระบวน, เหนียม, อาย"
เหียม 2,ก.,สงบ (ดู เหงียบ ก.).
เหียม 3,ก.,ประหยัด (น.ธ.).
เหียม 4,ก.,"ตำหนิ, ชอบติ, เลือกมาก (ภ.ก.)."
เหียม 5,ว.,"สงบเสงี่ยม, เหนียม (ดู เหงียบ ว.)"
เหียม 6,อุ.,ใช้กับผู้หญิงเมื่อเกิดการพลาดพลั้ง เผอเรอ (ช.พ.).
เหี้ยม 0,ก.,"โมโห, โกรธ."
เหี้ยม 1,ก.,"โหด, ดุ."
เหียว 0,ว.,"เหี่ยว, ไม่สดชื่นเพราะขาดน้ำ, เฉา, ค่อยแห้งไป."
เหี่ยวก้อ 0,น.,"เห็ดหอม (จ., ภ.ก.)."
เหียะ 0,น.,รอยบุ๋มที่ตาต้นไม้ใหญ่.
เหียะหมา 0,น.,ปมด้านที่เกิดบนฝ่ามือหรือนิ้วมือ (ดู ป็อม น. ๓.).
เหียะหมา . 0,น.,ปมด้านที่เกิดบนฝ่ามือหรือนิ้วมือ
เหือ 0,น.,เหงื่อ.
เหือก 0,น.,เหงือก
เหือไคคาว 0,น.,"เหงื่อกาฬ, เหงื่อที่ออกเมื่อใกล้จะตาย"
เหือไคคาว 1,น.,เหงื่อกาฬ (ดู ไคคาว น.).
เหือง 0,ก.,"ขาด, หมด, ว่างเว้น."
เหือง 1,ว.,ห่าง.
เหื้อง 0,ว.,"สงบ, ส่างไข้."
เหื้อง 1,ว.,ว่าง.
เหือด 0,น.,เม็ดผดผื่นคัน
เหือด 1,น.,"ไข้หัด, โรคติดต่อที่เกิดจากเชื้อไวรัส มีอาการไข้ ต่อมน้ำเหลืองที่คอโต ออกผื่นแดงทั่วตัวคล้ายโรคหัด แต่อาการไม่รุนแรงเท่า มีผลรุนแรงต่อทารกในครรภ์ระยะ ๓ เดือนแรก"
เหือด 2,น.,เม็ดผื่นคัน (ดู เอือด น.).
เหือด 3,ก.,"ลดลง. แห้งลง, ซาลง."
เหือด 4,ก.,เงื้อ (ส.ต.).
เหือดแกลบ 0,น.,"ไข้หัด, โรคติดต่อที่เกิดจากเชื้อไวรัส มีอาการไข้ ต่อมน้ำเหลืองที่คอโต ออกผื่นแดงทั่วตัวคล้ายโรคหัด แต่อาการไม่รุนแรงเท่า มีผลรุนแรงต่อทารกในครรภ์ระยะ ๓ เดือนแรก"
เหือดแกลบ 1,น.,ไข้หัด (ดู เหือด น.).
เหือดใหญ่ 0,น.,"อีสุกอีใส, ชื่อโรคติดต่อที่เกิดจากเชื้อไวรัส มีอาการไข้สูงและปวดศีรษะ มีเม็ดพองใส ๆ ขึ้นตามตัว."
เหือน 0,ว.,"หืน, มีกลิ่นเหม็นอย่างกลิ่นน้ำมันมะพร้าวที่ทิ้งไว้นาน ๆ."
เหื้อย 0,ว.,บ้า ๆ บอ ๆ.
เหื้อย 1,ว.,เฉื่อย (ดู เฉื้อย).
เหื้อย 2,ว.,"เรื่อย, เอื่อย."
เหฺม่ 0,ก.,"หนวกหู, รู้สึกรำคาญเพราะเสียงเซ็งแซ่ อื้ออึง"
เหฺม้งควน 0,น.,ยอดเนิน.
เหฺมงผลา 0,น.,เขม่าไฟที่จับตามหิ้งหรือเตาไฟ
เหฺม้งหัว 0,น.,กระหม่อม
เหฺม̣ร 0,น.,ต้นสำเหร่ หรือต้นโคลงเคลง ดอกสีชมพูหรือม่วงแดง
เหฺมหู 0,ก.,หนวกหู (ดู หนักหู).
เหฺม้า 0,น.,ชื่อไม้ต้นชนิดหนึ่ง ผลเป็นช่อ มีรสเปรี้ยว กินได้.
เหฺม้า 1,น.,"ข้าวเม่า, เรียกข้าวเหนียวที่ยังไม่แก่จัด เอามาคั่วแล้วตำให้แบน."
เหฺมากำชำ 0,น.,แมลงเม่าขนาดโต.
เหฺมาขี้แมว 0,น.,แมลงเม่าขนาดเล็ก
เหฺมาขี้หมา 0,น.,แมลงเม่าขนาดเล็ก
เหฺมาดินสอ 0,น.,"ดินสอพอง, ดินอย่างหนึ่ง สีขาว ใช้ทาตัวเหมือนแป้ง."
เหฺมาท้องแดง 0,น.,แมลงเม่าขนาดกลาง.
เหฺมาเหล็ก 0,น.,เศษเหล็กจากการตะไบ หรือกลิ้งเหล็ก.
เหฺมาเหล็ก 1,ก.,"เหมา, คิดเป็นจำนวนรวม, ทำ (ส.ต.)."
เหฺมาใหญ่ 0,น.,แมลงเม่าขนาดโต.
เหฺมิ่ง 0,ก.,มึน (ภ.ก.).
เหฺมิน 0,น.,หมื่น (ดู หมืน).
เหฺมิ้น 0,ก.,"ประเมิน, กะประมาณค่าหรือราคาเท่าที่ควรจะเป็น, ประมาณ, คาดคะเน"
เหฺมฺร 0,น.,ต้นสำเหร่ (ดู มงเค).
เหฺมฺรย 0,น.,การบนบานศาลกล่าว (ดู เหฺมฺลย).
เหฺมฺรย 1,น.,การบนบานศาลกล่าว
เหฺมฺรอ 0,ก.,"บำเรอ, ปรนนิบัติให้เป็นที่ชอบใจ"
เหฺมฺรอ 1,ก.,ดู บำเหรอ.
เหฺมฺรอ 2,ว.,"เซ่อ, โง่, ไม่ทันสมัย"
เหฺมฺรา 0,น.,"เถาวัลย์เปรียง, ชื่อไม้เถาเนื้อแข็ง เถาใช้ทำยาได้"
เหฺมฺรา 1,น.,"เถาวัลย์เปรียง, ไม้เถาเนื้อแข็ง เถาใช้ทำยาได้"
เหฺมฺรา 2,น.,ไม้ไผ่ตัดสะดือเด็ก
เหฺมฺรา 3,น.,ไม้แหลมลนไฟสำหรับใช้เจาะนำ.
เหฺมฺรา 4,น.,หัวหน่าว ส่วนของร่างกายอยู่ระหว่างท้องน้อยกับอวัยวะสืบพันธุ์
เหฺมฺรา 5,น.,เถาวัลย์เปรียง. (ดู มฺร่อ).
เหฺมฺรา 6,น.,ไม้ไผ่ตัดสะดือเด็ก (ดู เหนา น. ๓.).
เหฺมฺราไม่เทียม 0,สำ.,ศักดิ์ศรี ฐานะไม่เทียมกัน.
เหฺมฺราะดอกแดง 0,น.,"เถาวัลย์เปรียง, ไม้เถาเนื้อแข็ง เถาใช้ทำยาได้"
เหฺมฺลย 0,น.,การบนบานศาลกล่าว
เหฺมฺลยปาก 0,น.,การบนบานตกลงด้วยวาจา.
เหฺมฺลยหอ 0,น.,การบนบานโดยมีห่อเครื่องสังเวยแล้วอธิษฐานผูกพันไว้ เมื่อสำเร็จตามคำบนบานนั้น ก็จะแก้หรือตัดห่อนั้นตามพิธีกรรม.
เหฺมฺลา 0,น.,โรคหวัดชนิดหนึ่ง (ป.น.).
เหฺมฺลา 1,ว.,"รุ่น, ขนาด (ส.ข., พ.ท., ย.ล., ป.น.) เช่น แด็กโหฺมนี้เหฺมฺลาเดียวกัน - เด็กพวกนี้รุ่นราวคราวเดียวกัน."
เหฺมฺอ 0,ว.,"เซ่อ, โง่, ไม่ทันสมัย"
แห 0,น.,"แห, ชื่อเครื่องจับปลาชนิดหนึ่ง ถักเป็นตาข่าย ใช้ทอดแผ่ลงในน้ำแล้วค่อย ๆ ดึงขึ้นมา."
แห 1,น.,มดคล้ายมดดำ แต่ตัวบางกว่า.
แห 2,น.,ขบวนที่ไปพร้อมกันด้วยวัตถุประสงค์อย่างใดอย่างหนึ่ง อาจมีการตกแต่งหรือมีดนตรีประกอบ เป็นต้น.
แห 3,น.,กุ้ง (ดู เห น.).
แห 4,ก.,"แห่แหน, ไปกันเป็นพวกเป็นหมู่ เช่น แหพระ, แหนาค."
แห 5,ก.,คึกคะนอง (ใช้กับสัตว์)
แห 6,ว.,"ไม่เชื่อง, ไม่คุ้น เช่น วัวแห - วัวไม่เชื่อง."
แห . 0,น.,กุ้ง
แหก 0,ก.,"แยกออก, ถ่างออก, ทำให้อ้าออก, แตก, ขาด, ฉีก."
แหง 0,น.,"แห่ง, ที่, สถานที่กำหนดหมาย."
แหง 1,ว.,"ระแหง, รอยปริแยกเป็นร่องแคบ ๆ ของพื้นดิน เป็นต้น."
แหง่ 0,ว.,"หนักมาก, ไม่ไหว, ไปไม่รอด เช่น อะไร ๆ ก็ซัดมาให้เราทำคนเดียวแหง่ตายโหง - อะไร ๆ ก็โยนมาให้เราทำคนเดียวไม่ไหวตายแน่เลย. (จ., ภ.ก., พ.ง.)"
แห็ง 0,ก.,ทับ (ดู เห็ง ก. ๑.).
แห็ง 0,ก.,"ทับ, วางข้างบน, ซ้อนข้างบน, ข่ม, ใช้กำลังกดลงไม่ให้เผยอขึ้น"
แห้ง ผอมเหี่ยว 0,น.,"วัณโรค, โรคชนิดหนึ่งเกิดที่ปอด ทำให้ร่างกายทรุดโทรมเสื่อมไปตามลำดับ"
แหงนนายพราน 0,น.,หม้อข้าวหม้อแกงลิง (ดู หม้อข้าวหม้อแกงลิง).
แหงนบอน 0,น.,แขนงบอนซึ่งเลื้อยไปบนพื้นดิน เพื่อแตกเป็นกอใหม่.
แหงนบอน 1,น.,"เทือกเถา, กำพืด"
แห่จี่ 0,น.,"ชื่ออาหารชนิดหนึ่ง ใช้กุ้งผสมกับถั่วงอกชุบแป้งทอดด้วยน้ำมันอย่างกุ้งทอด (จ., ภ.ก.)."
แหญ็ก 0,ก.,"เกี่ยงงอน, กระเง้ากระงอด"
แหญ็ก 1,ก.,กระเง้ากระงอด (ดู หญัก ก. ๒.).
แหญง 0,น.,ปลาแขยง.
แหญง 1,ว.,เกรง.
แหญง 2,ว.,"เกรง, ฌกกลัวไปเอง, นึกวิตกไปเอง."
แหญะ 0,ก.,"กด, บังคับลง, ข่ม, ใช้กำลังดันให้ลง."
แหญะ 1,ก.,กินอาหารไม่หมด ปล่อยให้เหลือเพราะอิ่มเต็มที่แล้ว
แห็ดหลบ 0,น.,ชื่อปะการังชนิดหนึ่ง คล้ายดอกเห็ด ใช้ทำยาแก้เมาหรือแก้ร้อนใน
แห็ดหลุบ 0,น.,ชื่อปะการังชนิดหนึ่ง คล้ายดอกเห็ด ใช้ทำยาแก้เมาหรือแก้ร้อนใน
แหน 0,น.,แขนง
แหน้ 0,น.,แขนง
แหน็กไต 0,น.,เนคไท.
แหน็ง 0,น.,แขนง
แหน็ง 1,น.,พิธีทางไสยศาสตร์อย่างหนึ่งที่ทำให้ผู้หญิงไม่ได้แต่งงานตลอดไป.
แหน็ง 2,ก.,"ระอาเพราะหมางใจหรือแคลงใจ, เบื่อจืดจาง, คลายจากความพัวพัน, คลายจากความรัก."
แหน็ง 3,ว.,ลักษณะที่ตรงกันข้ามกับหฺมฺรวย คือ คลายความขลัง เมื่อนำไปใช้แล้วผลที่ได้จะลดลง เช่น เชื่อกันว่า ถ้าเอามือล้วงเข้าทางงาไช ปลาจะไม่เข้าไป เรียกว่า ไขมันแหนง.
แหนงนายพราน 0,น.,"หม้อข้าวหม้อแกงลิง, ชื่อไม้เถาชนิดหนึ่ง ปลายใบเป็นถุง มีฝาปิดสำหรับดักจับสัตว์กินเป็นอาหาร"
แหนงน้ำ 0,ว.,เฉาตายเพราะน้ำท่วม เรียก “เตราะน้ำ”
แหนงน้ำ 1,ว.,เฉาตายเพราะน้ำท่วม (ดู เตราะ ว. ๑.).
แหนงบอน 0,น.,แขนงบอนซึ่งเลื้อยไปบนดินเพื่อแตกเป็นกอใหม่
แหน็ด 0,ก.,"เมื่อย, ขัดยอก, อาการเพลียของกล้ามเนื้อ เมื่อทำสิ่งใดสิ่งหนึ่งค้างอยู่เป็นเวลานาน เช่น เข็ดตีน - ปวดเมื่อยเท้า"
แหน็ด 1,น.,ชื่อโรคชนิดหนึ่งที่ทำให้รู้สึกชาตามเนื้อตัว.
แหน็ด 2,ก.,"เหน็บชา, ปวดเมื่อย, ชา, อาการชาและเจ็บแปลบปลาบตามแขนขา เป็นต้น ซึ่งเกิดจากหลอดเลือดและเส้นประสาทหรืออย่างใดอย่างหนึ่งบริเวณนั้นถูกกดทับระยะหนึ่ง"
แหน็ดกินตีน 0,ก.,"เท้าเป็นตะคริว, เท้าเป็นเหน็บ (น.ศ.)."
แหน็ดเพลา 0,น.,กางเกง (ดู หนับเพลา น. ๒.) เช่น แหน็ดเพลาขายาว - กางเกงขายาว.
แหน็ดเพลา 0,น.,กางเกง
แหน็ดอก 0,ก.,"จุกแน่น, หายใจขัด."
แหน็ดเอว 0,ก.,ปวดเมื่อยสะเอว.
แหน็ดเอว 1,ก.,ขัดยอก (ดู เข็ด ก. ๑.)
แหน็ดเอว 2,สำ.,"ยืมเงินแล้วไม่ยอมใช้คืน, เหนียวหนี้."
แหน็บ 0,ก.,"เหน็บชา, ปวดเมื่อย, ชา, อาการชาและเจ็บแปลบปลาบตามแขนขา เป็นต้น ซึ่งเกิดจากหลอดเลือดและเส้นประสาทหรืออย่างใดอย่างหนึ่งบริเวณนั้นถูกกดทับระยะหนึ่ง"
แหน็บ 1,ก.,เหน็บ (ดู แหน็ด ก. ๑.).
แหน็บ 2,ก.,"เสียบ, กลัด เช่น แหน็บปากกา."
แหน็บข้างแข้ง 0,น.,เกล็ดของไก่ชนด้านแข้งที่ซ้อนอยู่ระหว่างเกล็ดอื่น.
แหน็บจ้อน 0,ก.,ถกเขมร (ดู แคว็ดจ้อน).
แหน็บตรงเดือย 0,น.,เกล็ดหน้าแข้งไก่ ที่ซ้อนกันอยู่ระหว่างเกล็ดอื่น.
แหน็บตรงเดือย 1,ก.,พก เช่น แหน็บมีด - พกมีด.
แหน็บตรงเดือย 2,ก.,ถีบด้วยปลายเท้า (ส.ข.).
แหน็บเพลา 0,น.,"สนับเพลา, กางเกงในมีขายาวประมาณครึ่งแข้ง แล้วนุ่งผ้าโจงกระเบนทับอย่างตัวละคร"
แหน็บเพลา 1,น.,สนับเพลา (ดู หนับเพลา น. ๑.).
แหนะ 0,น.,แขนง
แหนะ 1,น.,แขนง (ดู แหนง น. ๑.).
แหนะ 2,ก.,ฆ่าโดยวิธีเชือดคอ (ดู ซือแมะ).
แหม 0,ก.,"แย้ม, โผล่, เรียกคืนพระจันทร์โผล่ขึ้น."
แหม่ 0,น.,หญิงแหฺม่ หรือแม่แหฺม่ คือ หญิงม่ายเพราะตนเองเป็นฝ่ายบกพร่องแล้วชวนหย่าจากสามีตน.
แหม็ก 0,ว.,มาก (ส.ต.) เช่น แขงแหม็ก - แข็งมาก.
แหมคอ 0,ว.,ระคายคอ.
แหม็ง 0,ก.,บิดให้แน่น เช่น แหม็งเกลียว - บิดเชือกให้เป็นเกลียว.
แหม็ง 1,ก.,เขม่นตา.
แหม็ง 2,ว.,"เขม็ง, อย่างแน่วแน่."
แหม้งแข้ง 0,ก.,เร่งมือ.
แหม้งแข้ง 1,ว.,"กระฉับกระเฉง, เอาจริงเอาจัง."
แหม้งแข้ง 2,ว.,มีลักษณะทำให้ดูน่ากลัวหรือน่าเกรงขาม.
แหม็งเชา 0,น.,"ขี้เทา, ขี้ที่ค้างอยู่ในลำไส้เด็กที่คลอดใหม่"
แหม็งเชา 1,น.,ขี้เทา (ดู หฺมฺรอก).
แหม็งเทา 0,น.,"ขี้เทา, ขี้ที่ค้างอยู่ในลำไส้เด็กที่คลอดใหม่"
แหม็งเทา 1,น.,ขี้เทา (ดู หฺมฺรอก).
แหม็งผรา 0,น.,เขม่าที่เคลือบติดไม้ผรา (ร้าน) เหนือเตาไฟ
แหมด 0,น.,"ที่สำหรับให้เช่าพักชั่วคราวทำนองโมเต็ล, ช่องโสเภณี (ภ.ก., พ.จ.)."
แหม็ด 0,ก.,"ถก, ยก เช่น แหม็ดผ้า - ถกผ้าขึ้น."
แหม็ด 0,ก.,"หยิก, เหน็บด้วยมือ"
แหม็ดจ้อน 0,ก.,"ถกเขมร (ดู แคว็ดจ้อน), เด็ด เช่น แหม็ดยอด - เด็ดยอด."
แหม็ดจ้อน 1,ว.,ลักษณะของไก่ตัวเมีย สีน้ำตาลแซมดำ มีขาวเล็กน้อย เชื่อกันว่าเลี้ยงลูกดี ดุ กล้าหาญ (ภ.ก.).
แหม็ดชุน 0,น.,ชื่อไม้ต้น พุ่มเตี้ย ผลกินได้.
แหม็ดผ้า 0,น.,เมล็ดมะม่วงหิมพานต์ที่ยังอ่อน นำมาผ่าเอาแต่เนื้อในสีขาวมาแกงเลียง หรือแกงไตปลา (ภ.ก.).
แหม็บ 0,ก.,"แขม่ว, ผ่อนลมหายใจให้ท้องยุบลง, บังคับกล้ามเนื้อท้องให้ท้องยุบลง เช่น แหม็บท้อง, แหม็บพุง - แขม่วท้อง."
แหม็บแหม็บ 0,ว.,อาการหนัก เช่น นอนแหม็บแหม็บ – อาการป่วยหนัก.
แหมะ 0,น.,ชื่อไม้เถา คล้ายผักไห่ แต่ผลเล็กกว่า ยอดและผลอ่อนใช้เป็นผักกินได้.
แหมะ 1,ก.,ฆ่าโดยการเชือดคอ (ดู ซือแมะ).
แหยง 0,น.,"ปลาแขยง, ชื่อปลาน้ำจืด ไม่มีเกล็ด มีหนวดยาว ๔ คู่ ครีบหลังตอนแรกมีก้านครีบแข็ง หยักเป็นหนามคม เช่นเดียวกับครีบอก ตอนที่ ๒ เป็นครีบไขมันลักษณะเป็นแผ่นเนื้อขนาดเล็กหรือใหญ่ขึ้นกับชนิดของปลา ครีบก้นสั้น รูปร่าง คล้ายปลากด แต่ขนาดเล็กกว่า."
แหยง 1,ว.,"เกรง, ฌกกลัวไปเอง, นึกวิตกไปเอง."
แหย้ง 0,ก.,ทำหน้าแหฺย (ภ.ก.).
แหย็ง 0,ก.,พูดกระโชกโฮกฮาก.
แหย็ง 1,ก.,"แสยะ, แยกเขี้ยว เช่น แหย็งเขี้ยว"
แหย็ง 2,ว.,"กระจุย, ยับเยิน."
แหย็ง 3,ว.,"บึ้ง, บูดเบี้ยว เช่น หน้าแหย็ง."
แหยงตีนกา 0,ก.,"ไขว้กัน, การกากบาท (ภ.ก.)."
แหย้งแหย้ว 0,น.,ชื่อสัตว์จำพวกเรไร ขนาดตัวโตกว่า ปีกสีน้ำตาล ส่งเสียงดังมาก
แหย็ด 0,ว.,"นิด, เล็กน้อย"
แหย็ด 1,ว.,นิด (ดู หิด ว.).
แหยบ 0,ก.,พูดกระทบกระเทียบ เช่น หวาแหยบ - ว่า (พูด) กระทบกระเทียบ.
แหยม 0,ก.,เกลียวนอตหรือเครื่องยนต์หลวม.
แหยม 1,สำ.,"สบายมาก, ง่าย ๆ, หมู ๆ (ภ.ก.)."
แหย้ว 0,ก.,"อ้อน, อ้อนวอน."
แหยะ 0,น.,ลูกแหง่
แหยะ 1,ก.,กินอาหารมาหมด ปล่อยให้เหลือเพราะอิ่มเต็มที่แล้ว (ดู แหญ้ะ ก. ๒.).
แหยะ 2,ก.,พูดไม่ชัด.
แหรก 0,น.,สาแหรก (ดู แสก น. ๑.).
แหรง 0,น.,ไม้ไผ่ผ่าซีกใช้สำหรับไล่นกกา.
แหรง 1,น.,เครื่องมือที่ทำขึ้นเพื่อทำให้เกิดเสียงเพื่อไล่นก หรือค้างคาวไม่ให้เข้ามากินผลไม้ โดยนำปี๊บน้ำมัน ก๊าดมีหูหิ้วใส่ก้อนหินขนาดเล็กกว่ากำปั้นครึ่งต่อครึ่ง ประมาณ ๑๐ ก้อน นำไปแขวนกับกิ่งไม้ แล้วเอาเชือกยาว ๆ ผูกปี๊บนั้นโยงปลายเชือกมาถึงที่นอนเฝ้าผลไม้ เพื่อใช้ดึงปี๊บแกว่งจนก้อนหินกลิ้ง ไปกระทบปี๊บจนเกิดเสียงดัง เพื่อไล่สัตว์ดังกล่าว (ภ.ก.).
แหระ 0,น.,ไม้สำหรับขันชะเนาะ.
แหระ 1,น.,สาแหรก (ดู แสก น. ๑.).
แหระ 2,น.,ไม้ยืนต้นชนิดหนึ่ง ใบรี
แหลก 0,ว.,"แตก, เป็นชิ้นเล็กชิ้นน้อย, ละเอียดเป็นผง, ยับเยิน เช่น ซ้อมสารแหลกแล้ว - ตำข้าวสารแตกแล้ว."
แหลก 1,น.,"ถิ่น, ที่อยู่, บริเวณ, ศูนย์รวม, บ่อเกิด, แห่ง, ที่."
แหลก 2,ก.,"พูด, คุย, แถลง เช่น แหลงแปะแหละ - พูดไม่ชัด, เพี้ยน."
แหลง 0,ว.,ผิดสำแดง
แหลง 1,*ว.,แสลง เช่น ของแหลง - ของหรืออาหารที่คนป่วยรับประทานไม่ได้.
แหลงชั่ง 0,ก.,พูดเก่ง.
แหลงเชี่ยว 0,ก.,พูดมาก.
แหลงตั้งเชอเอาสักแล่งไม่ได้ 0,สำ.,พูดหลายเรื่องแต่หาประโยชน์จากเรื่องนั้น ๆ ไม่ได้เลย.
แหลงทองแดง 0,ว.,ลักษณะการพูดภาษากลางปนภาษาใต้หรือลักษณะการพูดภาษากลางของคนใต้ที่ไม่ชัดเจน
แหลงทองแดง 1,ว.,ลักษณะการพูดภาษากลางปนภาษาใต้ หรือลักษณะการพูดภาษากลางไม่ชัดของคนใต้.
แหลงนกยางขี้ใส่เล 0,สำ.,พูดไม่รับผิดชอบ.
แหลงลม 0,น.,ของแสลงที่เชื่อว่าเมื่อกินแล้วจะเป็นลม.
แหลงเหมือนฆ้องปากแตก 0,สำ.,พูดฟังไม่รู้เรื่อง.
แหลดแฉด 0,ว.,แบนจนบาง.
แหลบ 0,ก.,"แฉลบ, อาการของสิ่งแบน ๆ เคลื่อนเฉไปเฉมาไม่ตรงแนวทาง."
แหล้ม 0,ลัก.,เล่ม เช่น มีด ๑ แหล้ม - มีด ๑ เล่ม.
แหล้ม 1,ว.,"แฉล้ม, เปล่งปลั่ง, ชดช้อย, งดงาม, สวย."
แหละ 0,น.,แผลที่เกิดจากการเสียดสีของเนื้อ
แหละนี้ 0,ว.,เดี๋ยวนี้ (พ.ท.)
แหละแหละ 0,ว.,เดี๋ยวนี้ (ดู แหละนี้).
แหละแหละ 0,ว.,เดี๋ยวนี้ (พ.ท.)
แหว 0,ก.,สำรอก ใช้กับเด็ก ๆ (ดู แหฺวะ ก. ๒.).
แหว 1,ก.,แฉลบออกนอกเส้นหรือแนว.
แหว 2,ว.,เสียงทารกร้อง (ดู แกฺว ว.).
แห้ว 0,น.,ชื่อไม้ล้มลุกมีหัว ขึ้นตามที่ชื้นแฉะ หัวกินได้.
แห้ว 1,ว.,"แว่ว, ได้ยินแต่ไม่ชัดเจน, ได้ยินมาจากที่ไกล"
แหวง 0,น.,ชื่อไม้ยืนต้นขนาดกลาง เปลือกและรากกินกับหมาก.
แหวง 1,ก.,"ไม่เต็มตามที่ควรมี, บิ่น."
แหว้ง 0,ว.,"จัด, เข้ม ประกอบแดง เช่น แดงแหว้ง - แดงจัด, แดงเข้ม."
แหวด 0,ก.,ตวาด (ภ.ก.).
แหวนดง 0,น.,ชื่อไม้ต้นคล้ายตะขบ มีหนาม ลูกกินได้
แหวนดง 1,น.,ชื่อไม้ต้นคล้ายตะขบ มีหนาม ลูกกินได้ (ดู เหวียน น. ๑.).
แหว้ว 0,ว.,"แว่ว, ได้ยินแต่ไม่ชัดเจน, ได้ยินมาจากที่ไกล"
แหว้ว 1,ว.,"แป้ว, แหว่ง."
แหว้ว 2,ว.,แว่ว (ดู แห้ว).
แหวะ 0,ก.,"แหวก, แยกให้เป็นช่อง, กรีด."
แหวะ 1,ก.,สำรอก ใช้กับเด็ก ๆ
แหฺงด 0,ว.,แบหรา เช่น หงายแหงด - หงายแบหรา.
แหฺน 0,น.,แขนง (ดู แหฺนง น. ๑.).
แหฺน 1,น.,"ป่าละเมาะ, ที่โล่งมีพุ่มไม้เล็ก ๆ เป็นหย่อม ๆ"
แหฺน 2,น.,"แนะ, สอน (ภ.ก.)."
แหฺน 3,น.,"เทือกเถา, กำพืด"
แหฺน้ 0,น.,แขนง (ดู แหฺนง น. ๑.).
แหฺนะ 0,ก.,ฆ่าโดยการเชือดคอ (น.ธ.)
แหฺม 0,น.,สะเก็ดแผล
แหฺม 1,น.,ลิงแสม.
แหฺม 2,ว.,ไม่เชื่อง.
แหฺมะ 0,ก.,ฆ่าโดยการเชือดคอ (น.ธ.)
แหฺมฺร 0,น.,สะเก็ดแผล
แหฺมฺร 1,น.,สะเก็ดแผล (ดู แหฺม น. ๑.).
แหฺมฺร 2,ก.,วิ่งกระโดดด้วยความคึกคะนอง (ดู แหฺมฺล ก.).
แหฺมฺร 3,ก.,วิ่งกระโดดด้วยความคึกคะนอง
แหฺมฺร้ง 0,ว.,สลอน (ภ.ก.).
แหฺมฺรด 0,ว.,มาก (ดู ระแหฺมฺรด).
แหฺมฺร็ด 0,ก.,ตัดปลายหรือยอดต้นไม้
แหฺมฺร็ด 1,น.,"เสม็ด, ชื่อไม้ต้น ใช้เปลือกและเนื้อไม้ผุ คลุกกับน้ำมันยางทำไต้ได้ ใบให้น้ำมันเขียว ใช้ทำยาได้ มี ๒ ชนิด แหฺมฺร็ดขาว กับ แหฺมฺร็ดแดงหรือแหฺมฺร็ดชุน"
แหฺมฺร็ด 2,ก.,นุ่งผ้าม้วนชายพกและปล่อยชาย เช่น แหฺมฺร็ดผ้า - ถกผ้า
แหฺมฺรด 0,ว.,"มาก, ยิ่ง เช่น คนเดินหัวระแหมด - คนเดินหัวสลอน (ย.ล., ป.น.)"
แหฺมฺร็ดจ้อน 0,ก.,"ถกเขมร, นุ่งผ้าโจงกระเบนดึงชายให้สูงร่นไปเหนือเข่า"
แหฺมฺร็ดจ้อน 1,ก.,ถกเขมร (ดู แคว็ดจ้อน).
แหฺมฺร็ดจ้อน 2,ก.,ตัดปลายหรือยอดต้นไม้ (ดู เหม็ด ก. ๒.).
แหฺมฺร็ดจ้อน 3,ก.,มาก.
แหฺมฺระ 0,ก.,ฆ่าโดยการเชือดคอ (น.ธ.)
แหฺมฺระ 1,ก.,ฆ่าโดยการเชือดคอ (ดู ซือแมะ).
แหฺมฺล 0,น.,สะเก็ดแผล
แหฺมฺล 1,น.,สะเก็ดแผล (ดู แหฺม น. ๑.).
แหฺมฺล 2,ก.,วิ่งกระโดดด้วยความคึกคะนอง
แหฺมฺละ 0,ก.,"ชำแหละ, แล่เป็นแผ่น, เฉือนเป็นชิ้น ๆ, เชือด."
แหฺมฺละ 1,ก.,รานกิ่งไม้.
แหฺยะ 0,ก.,กินอาหารไม่หมด ปล่อยให้เหลือเพราะอิ่มเต็มที่แล้ว
แหฺรก 0,น.,"สาแหรก, เครื่องใส่ของสำหรับหิ้วหรือหาบ เป็นต้น ปกติทำด้วยหวาย มี ๔ สาย ตอนบนทำเป็นหูสำหรับหิ้วหรือสอดไม้คาน ด้านล่างขัดกันเป็นสี่เหลี่ยมสำหรับวางกระจาด เป็นต้น"
แหฺระ 0,น.,"สาแหรก, เครื่องใส่ของสำหรับหิ้วหรือหาบ เป็นต้น ปกติทำด้วยหวาย มี ๔ สาย ตอนบนทำเป็นหูสำหรับหิ้วหรือสอดไม้คาน ด้านล่างขัดกันเป็นสี่เหลี่ยมสำหรับวางกระจาด เป็นต้น"
แหฺว 0,ว.,เสียงทารกร้อง
แหฺว 1,ก.,สำรอก ใช้กับเด็ก ๆ
โห 0,ก.,"ร่วมมือกัน, รวมหัวกัน (ภ.ก.)."
โห 1,ก.,"โห่, ทำเสียงเช่นนั้น โดยปริยายหมายความว่า เย้ย ให้ทำเสียงเช่นนั้น."
โห้ 0,ก.,พังทลาย เช่น เรือนโห้ - บ้านพัง
โห้ 1,ก.,รั่ว เช่น หลังคาโห้ - หลังคารั่ว.
โหก 0,ก.,พังทลาย เช่น เรือนโห้ - บ้านพัง
โหก 1,น.,"หูก, เครื่องทอแบบพื้นเมือง."
โหก 2,ก.,พังทลาย (ดู โห้ ก. ๑.).
โหกหักลักลาย 0,สำ.,พังพินาศ (ภ.ก.).
โหง 0,ว.,ประกอบคำว่าตาย หมายถึง ตายผิดปกติ เช่น ถูกรถชนตายหรือตกต้นไม้ตาย เป็นต้น.
โหงก 0,น.,ไม้รูปโค้งปลายทั้ง ๒ ข้าง งอขึ้นเล็กน้อย ใช้พาดคอวัวหรือคอควาย สำหรับลากเลื่อน เป็นต้น
โหงก 1,น.,ไม้รูปโค้งปลายทั้ง ๒ ข้างงอขึ้นเล็กน้อย ใช้พาดคอวัวคอควายสำหรับลากเลื่อน (ดู โกก น.).
โหญกหญาก 0,ว.,"ไม่ราบเรียบ, หยาบกร้าน, สาก เช่น ผิวหญูกหญาก - ผิวสาก, ดำนิลค่าแพง แดงค่ามาก ขาวหญูกหญาก ค่าหมากคำเดียว - สำนวนพูดเกี่ยวกับรสนิยมเรื่องผิวของสตรี"
โหญกหญาก 1,ว.,สาก (ดู หญูกหญาก).
โหด 0,น.,"โขด, ดินหรือหินที่สูงขึ้นเป็นโคกเป็นเนิน, ดิน หิน หรือทรายที่เป็นจอมสูงขึ้นพ้นน้ำบ้างอยู่ใต้น้ำบ้าง."
โหด 1,ว.,"โหดเหี้ยม, ดุร้ายทารุณ."
โหน 0,น.,หาดที่โผล่พ้นน้ำเวลาน้ำลง (ภ.ก.).
โหนด 0,น.,"ต้นตาล, ชื่อปาล์มชนิดหนึ่ง ใบใหญ่ ดอกแยกเพศอยู่ต่างต้น ต้นเพศผู้ออกดอกเป็นงวงคล้ายมะพร้าว ไม่มีผล ต้นเพศเมียออกดอกเป็นช่อเดี่ยว ผลใหญ่ กลมโตเป็นทะลาย น้ำหวานที่ออกจากงวงของต้นเพศผู้ใช้ทำน้ำตาลได้ ตอนหัวของผลอ่อนต้มแกงกินได้ เนื้อในตาลอ่อนกินได้"
โหนด 1,น.,ต้นตาล (ดู ตาล).
โหนด 2,น.,สีของวัว คือ หัวแดง คอดำ ท้ายดำ กลางแดง.
โหนดคอดำ 0,น.,วัวชนสีหม่นไหม้
โหนดคอหม้อ 0,น.,วัวชนสีหม่นไหม้
โหนพา 0,น.,"โหระพา, ชื่อไม้ล้มลุก ใบมีกลิ่นฉุน กินได้"
โหนหอย 0,น.,หาดที่โผล่เมื่อน้ำลงมีหอยอาศัยอยู่.
โหนหอย 1,น.,ที่ดอนกลางทะเล (ก.บ.).
โหนหอย 2,ก.,"ห้อยโหน, เหนี่ยวห้อย, เอามือเหนี่ยวให้ตัวลอยขึ้นไป."
โหนอน 0,ก.,ง่วงนอน
โหนอน 1,ก.,ง่วงนอน (ดู เหานอน).
โหบ 0,น.,"วงศ์วาน, กำพืด, โคตร, วงศ์"
โหม 0,น.,"วงศ์วาน, กำพืด, โคตร, วงศ์"
โหม 1,น.,"ผักขม, ชื่อไม้ล้มลุก มีหลายชนิด เช่น ผักขมหนาม ผักขมสวน เป็นต้น"
โหม 2,น.,ที่ฝังศพเจ้าแขกครั้งโบราณ (เทียบ อา. marhum)
โหม 3,น.,ผักขม (ดู หม น.).
โหม 4,น.,ที่ฝังศพเจ้าแขกครั้งโบราณ (ดู หุบ น.)
โหม 5,ก.,ประโคม เช่น โหมโรง - ประโคมดนตรีลงโรง.
โหม 6,ก.,"ระดม, รวม เช่น โหมแรง - รวมกำลัง."
โหม 7,ก.,สุม เช่น โหมไฟ - สุมเชื้อไฟ.
โหม 8,ก.,มุงดู.
โหม 9,ว.,โน้น เช่น นั่งโอฺยโหม - นั่งอยู่โน้น.
โหม่ 0,ก.,"โว, โม้, คุยฟุ้ง, พูดเกินความจริง."
โหม้ง 0,น.,"โหม่ง, ฆ้องคู่."
โหม้งฟาก 0,น.,ฆ้องคู่ชนิดหนึ่งทำด้วยโลหะ รูปร่างแบบฟาก
โหม้งฟาก 1,น.,ฆ้องคู่ชนิดหนึ่ง ทำด้วยโลหะ รูปร่างแบบฟาก.
โหม้งลูกฟาก 0,น.,ฆ้องคู่ชนิดหนึ่งทำด้วยโลหะ รูปร่างแบบฟาก
โหม้งลูกฟาก 1,น.,ฆ้องคู่ชนิดหนึ่ง ทำด้วยโลหะ รูปร่างแบบฟาก.
โหม้งหลอ 0,น.,"โหม่งที่หล่อด้วยทองเหลือง, ฆ้องคู่."
โหม้งหลอ 1,น.,ช่อดอกของไม้สกุลสะตอ.
โหม้งหลอ 2,น.,"เมล็ด, ผลอ่อนของมะม่วงหิมพานต์."
โหม้งหลอ 3,น.,ปมซึ่งเกิดจากการผูกเชือกหรือผ้า.
โหมพา 0,น.,"โหระพา, ชื่อไม้ล้มลุก ใบมีกลิ่นฉุน กินได้"
โหมพา 1,น.,โหระพา (ดู โหนพา).
โหมะ 0,น.,เครื่องมือจับปลาทำด้วยไม้ไผ่เป็นซี่คล้ายฟากใช้กั้นเป็นคอก
โหย 0,ก.,"ไหว, สั่น (ดู หวย ก. ๒.)."
โหย 1,ว.,ไม่สดชื่น เช่น วันนี้รู้สึกโหย ๆ.
โหยกหยาก 0,ว.,"ไม่ราบเรียบ, หยาบกร้าน, สาก เช่น ผิวหญูกหญาก - ผิวสาก, ดำนิลค่าแพง แดงค่ามาก ขาวหญูกหญาก ค่าหมากคำเดียว - สำนวนพูดเกี่ยวกับรสนิยมเรื่องผิวของสตรี"
โหยกหยาก 1,ว.,สาก (ดู หญูกหญาก).
โหยกเหยก 0,ว.,โขยกเขยก.
โหยกเหยก 1,ว.,โยกเยก.
โหยง 0,น.,"โขยง, หมู่, ฝูง, พวก เช่น ชักโหยงกันมา - พากันมาทั้งโขยง."
โหย้ง 0,น.,นกขุนทอง.
โหย้ง 1,ว.,"โข่ง, ลักษณะที่สูงกว่าปกติ เช่น สูงโหย้ง."
โหยงเหยง 0,ว.,กระย่องกระแย่ง เช่น แต้นโหยงเหยง - เต้นกระย่องกระแย่ง.
โหยด 0,น.,"เผ่าพงศ์, กำพืด, พรรคพวก."
โหยด 1,น.,ชื่อไม้ชนิดหนึ่ง คล้ายระกำ แต่ผลเล็กกว่า มีรสหวาน.
โหยด 2,น.,รากแก้ว.
โหยด 3,น.,"โยชน์, หน่วยของมาตราวัดโบราณ เท่ากับ ๔๐๐ เส้น เป็น ๑ โยชน์."
โหยน 0,ก.,"การไกวเปลไปทางข้างเปลอย่างสุดแรง, ถ้าไกวไปทางหัวเปล เรียก “ แทงท่อ ”"
โหยน 1,ก.,โยนตัว.
โห้ยสี 0,น.,เกรียงปูน เป็นเครื่องมือสำหรับใช้ในการถือปูน ทำด้วยไม้หรือเหล็ก เป็นรูปแบนๆ
โห้ยสี 1,น.,เกรียงปูน (ดู เกียน น. ๒.).
โหยหาย 0,ว.,"ว้าเหว่, หงอยเหงา, อ้างว้าง, โดดเดี่ยว."
โหยะ 0,ว.,"เป็นประจำ, บ่อย ๆ เช่น มาโหยะ - มาเป็นประจำ (ดู อาโยะ)."
โหร 0,น.,ไม้คร่าวฝา (ดู เซ็น).
โหร 1,อุ.,คำอุทานแสดงความประหลาดใจ (ดู โหรม อุ.).
โหร 0,อุ.,คำอุทานแสดงความประหลาดใจ เช่น แลโหรมชาติสวยจริง
โหรน 0,ว.,ใบโกร๋น.
โหรม 0,ว.,ไกลโพ้น
โหรม 1,ว.,ไกลโพ้น (ดู หรูม ว. ๒.).
โหรม 2,อุ.,คำอุทานแสดงความประหลาดใจ เช่น แลโหรมชาติสวยจริง
โหร้ย 0,น.,ดินแดนห่างไกลที่ไม่มีใครรู้จัก
โหรเหร 0,ว.,ไม่ดีแต่พอใช้ได้ เช่น ทำได้พอโหรเหร - ทำได้ไม่ดีแต่พอใช้ได้.
โหรเหร 1,ว.,"รวนเร เช่น พูดโหรเหร -พูดรวนเร, พูดเชื่อไม่ได้."
โหรเหร 2,ว.,หยาบ ๆ เช่น ทำโหรเหร (ช.พ.).
โหระ 0,ก.,เก็บกวาดให้หมด (ดู โร่ ก. ๑.).
โหระ 0,ก.,"เก็บกวาดให้หมด, ล้างให้หมด"
โหราเดือยไก 0,น.,ชื่อไม้ชนิดหนึ่ง.
โหราตีนหมา 0,น.,ชื่อไม้ชนิดหนึ่ง.
โหล 0,น.,ขวดปากกว้าง มีฝา เรียกขวดโหล.
โหล 1,ก.,"จุ่ม, ล้วง เช่น เอามือโหลน้ำ - เอามือจุ่มน้ำ."
โหล 2,ก.,"เลี่ยงงาน, อู้งาน."
โหล 3,ลัก.,โหล (จำนวนชุดหนึ่งมี ๑๒ ชิ้น).
โหล้ 0,ก.,จับปลาหรือสัตว์โดยวิธีส่องไฟ (ดู โหละ ก. ๑.).
โหล้ 1,ก.,จับปลาหรือสัตว์โดยวิธีส่องไฟ เมื่อพบแล้วก็จับเอาด้วยวิธีต่าง ๆ เช่น สุ่ม ทุบ ยิง หรือตะครุบ (ม. suloh)
โหลก 0,น.,"กะลามะพร้าวที่ขูดทั้งลูก ขัดเกลี้ยง ใช้เป็นภาชนะ ใส่น้ำดื่ม (ย.ล., น.ธ.)"
โหลก 1,น.,"กะโหลก, กระดูกที่หุ้มมันสมอง"
โหลก 2,น.,กะลา มะพร้าวที่ทำเป็นภาชนะใส่น้ำดื่ม (ดู โคลก).
โหลก 0,น.,ภาชนะทำด้วยกะลามะพร้าว สำหรับใส่เหยื่อตกปลา
โหลกโขกเขก 0,ว.,ระเกะระกะ.
โหลกโขกเขก 1,ว.,ขรุขระ.
โหลง 0,ก.,กระฉอก อาการที่ของเหลว เช่น น้ำในภาชนะกระเพื่อมอย่างแรงเพราะความสั่นสะเทือน
โหลง 1,ก.,"ถาง, ใช้มีดเป็นต้นฟันให้เตียน, กรุย, ถางเป็นแนว เข่น โหลงทาง - กรุยทาง."
โหล้งโต้ง 0,น.,ก๋วยจั๊บ.
โหล้งโต้ง 1,ว.,โล่งเตียน.
โหล้งโต้ง 2,ว.,เปลือยเปล่า.
โหลงป่า 0,ก.,ถางป่า (ช.พ.).
โหลงป่า 1,ก.,กระฉอก (ดู ฉอก ก. ๒.).
โหลงเหลง 0,ก.,เหลวไหล.
โหลงเหลง 1,ว.,"ไม่เอาไหน, ไม่เอาถ่าน เช่น ลูกบาวเติ้นอายุ ๒๐ แล้ว ยังโหลงเหลงอยู่เหลย - ลูกชายคุณอายุ ๒๐ ปีแล้ว ยังไม่รู้จักทำการทำงานเลย."
โหลน 0,น.,"เพิง, เวิ้งของภูเขา."
โหลน 1,น.,ลูกของหลิน.
โหลน 2,น.,ระลอกคลื่นขนาดใหญ่.
โหลน 3,ว.,เป็นลอน.
โหลม 0,ก.,"อาการที่ต้นไม้แตกยอดแล้วโตขึ้นอย่างรวดเร็ว เช่น ข้าวหลวด, ผักบุ้งหลวด"
โหลม 1,ก.,อาการที่ต้นไม้แตกยอดแล้วโตขึ้นอย่างรวดเร็ว (ดู หลวด ก. ๒.).
โหลม 2,ก.,เหลิง เช่น เด็กที่ทำกิริยาเกินตัว มักถูกผู้ใหญ่ เตือนว่า “ อยาโหลมนักที ”
โหลม 3,ก.,"โถม, รุม เช่น โหลมเข้ากินก่อนผู้ใหญ่ - โถ เข้ากินก่อนผู้ใหญ่."
โหลมหลาม 0,ว.,พรวดพราด.
โหล่ยโถ้ย 0,สำ.,เป็นคำพูดตำหนิคนที่ไม่ได้เรื่องไม่ได้ราว
โหละ 0,น.,นาที่ไม่มีห้วคันนา (ก.บ.).
โหละ 1,น.,"ชายเลน, ที่ราบที่เป็นแอ่งมีบริเวณกว้าง (ม. telok)."
โหละ 2,ก.,จับปลาหรือสัตว์โดยวิธีส่องไฟ เมื่อพบแล้วก็จับเอาด้วยวิธีต่าง ๆ เช่น สุ่ม ทุบ ยิง หรือตะครุบ (ม. suloh)
โหละ 3,ก.,สะสาง ให้เสร็จ.
โหละ 4,ก.,เรียกกรีดยางว่า “ โหละยาง ”.
โหละโขะ 0,น.,เกราะ.
โหวงเหวง 0,ว.,โหรงเหรง.
โหว้งเหว้ง 0,ว.,โหว่.
โหวด 0,น.,เขาควายที่ใช้เป่าให้สัญญาณ (ดู ลูด น. ๑.).
โหวด 0,น.,เขาควายที่ใช้เป่าให้สัญญาณ
โหหรา 0,น.,"บอนโหรา, ชื่อเรียกหัวแห้งของไม้ล้มลุกชนิดหนึ่ง มีพิษใช้ทำยาได้."
โหุบละ 0,ว.,"ขี้เหร่, ไม่งาม (เทียบ ม. buruk)"
โหฺบ 0,น.,วงศ์วาน (ดู ปราณ).
โหฺบฺระ 0,ว.,ขี้เหร่ (ดู โหฺมฺระ).
โหฺบฺระ 1,ว.,"ขี้เหร่, ไม่งาม (เทียบ ม. buruk)"
โหฺบฺละ 0,ว.,ขี้เหร่ (ดู โหฺมฺระ).
โหฺม 0,น.,"หมู, พวก, โคตร, ตระกูล, กำพืด."
โหฺมเด็ก 0,น.,"แฟน, คู่รัก."
โหฺมนอก 0,น.,คำเรียกคนที่อยู่นอกเมือง ซึ่งอาศัยในที่ราบลุ่ม ทำนา เป็นอาชีพ.
โหฺมนอก 0,น.,คำเรียกคนนอกเมือง ซึ่งอาศัยในที่ราบลุ่ม ทำนาเป็นอาชีพ (น.ศ.)
โหฺมหญิง 0,น.,เมีย.
โหฺมเหนือ 0,*น.,คำเรียกคนที่บนที่ดอน เชิงเขาหรือบริเวณต้นน้ำ มีอาชีพทำไร่ทำสวน.
โหฺมเหนือ 1,ลัก.,"หมู่, พวก."
โหฺมเหนือ 0,น.,คำเรียกคน ที่อยู่บนที่ดอน เชิงเขา หรือบริเวณต้นน้ำ มีอาชีพทำไร่ ทำสวน.
โหฺมะ 0,น.,เครื่องมือจับปลาทำด้วยไม้ไผ่เป็นซี่คล้ายฟาก ใช้กั้นเป็นคอก (ดู โมฺระ).
โหฺมะ 1,ก.,"ทุบด้วยกำปั้น, ตำ, ทิ่ม (ม. tumbok)."
โหฺมฺร 0,น.,เครื่องมือจับปลาทำด้วยไม้ไผ่เป็นซี่คล้ายฟากใช้กั้นเป็นคอก
โหฺมฺร 1,น.,เครื่องมือจับปลาทำด้วยไม้ไผ่เป็นซี่คล้ายฟากใช้กั้นเป็นคอก (ดู โมฺระ).
โหฺมฺรง 0,น.,"ต้นสำโรง, ชื่อไม้ต้น ดอกมีกลิ่นเหม็นเมล็ดให้น้ำมัน."
โหฺมฺรง 1,น.,มันสำโรง (มันสำปะหลังพันธุ์หนึ่งยอดสีขาว).
โหฺมฺร้ง 0,น.,มันสำโรง (มันสำปะหลังพันธุ์หนึ่งยอดสีขาว).
โหฺมฺร้ง 1,น.,"ต้นสำโรง, มันสำโรง (ดู โหฺมฺรง)."
โหฺมฺระ 0,ว.,"รุงรัง, ผิดรูป เช่น คนนี้แต่งตัวโบะโละ - คนนี้แต่งตัวไม่สวย"
โหฺมฺระ 1,ว.,"ขี้เหร่, ไม่งาม (เทียบ ม. buruk)"
โหฺมฺระ 2,ว.,ทำน่าเกลียด.
โหฺมฺระ 3,ว.,หยาบโลน.
โหฺย 0,ก.,"ไหว, สั่น, สะเทือน, กระดิก"
โหฺยะ 0,ว.,เป็นประจำ เช่น แดงนอนตื่นสายอาโยะ - แดงนอนตื่นสายเป็นประจำ
โหฺร 0,น.,"ไม้คร่าวฝา, ตัวไม้ที่ตรึงกับเสาสำหรับตีสังกะสีหรือไม้ทับเพื่อทำเป็นฝา"
ให้ 0,ก.,"มอบ, สละ, อนุญาต."
ใหญ่ 0,ว.,"โต, คนโต, มีขนาดโตกว่าหรือสำคัญกว่า เป็นต้น เมื่อเปรียบเทียบกัน, มีขนาดไม่เล็ก."
ใหญ่ก้าพับ ชับก้าลง 0,สำ.,ถึงใหญ่และแข็งแรงก็แพ้ได้.
ใหญ่โตโลกัง 0,ว.,ใหญ่มาก.
ใหญ่พร้าวเฒ่าลอกอ 0,สำ.,คนที่ทำตัวไม่เหมาะสมกับอายุ.
ให้ทานไฟ 0,น.,ประเพณีการทำอาหารต่อหน้าพระสงฆ์ และถวายพระสงฆ์ ณ ที่นั้น มักทำในฤดูหนาวตอนเช้าตรู่.
ให้ท้าย 0,น.,ประเพณีการทำอาหารต่อหน้าพระสงฆ์ และถวายพระสงฆ์ ณ ที่นั้น มักทำในฤดูหนาวตอนเช้าตรู่.
ให้ท้าย 1,ก.,ยุยงส่งเสริม.
ให้ท้าย 2,ก.,ให้ท่า.
ให้น้ำ 0,ก.,"ให้นักมวยหรือคู่ต่อสู้หยุดพักเหนื่อยชั่วระยะเวลา สั้น ๆ เพื่อให้ดื่มน้ำ เช็ดหน้าหรือเช็ดตัวก่อนจะลงมือสู้ในยกต่อไป.,"
ให้น้ำ 1,ก.,ให้ไก่หยุดพักเหนื่อย และพ่นน้ำให้ไก่.
ให้น้ำ 2,สำ.,ให้กำลังใจ.
ให้เบอร์ 0,ก.,บอกใบ้หวย.
ให้ผักให้หญ้า 0,ก.,ด่าด้วยถ้อยคำหยาบคาย.
ใหม 0,ว.,"ใหม่, เพิ่งมี, มีอีกนอกจากที่เคยมีอยู่แล้ว, ซ้ำ, อีกครั้งหนึ่ง, ยังไม่ได้ใช้, ไม่เคยประสบมาก่อน, เริ่มแรก."
ให้แรง 0,ก.,ทำให้มีกำลังเพิ่มขึ้น เป็นต้น มักใช้กับสิ่งนอกเหนือธรรมชาติตามความเชื่อ เช่น ผีให้แรง.
ให้หน้า 0,ก.,"ให้การสนับสนุนในที, ให้ความสนิทสนม."
ให้เหลือ 0,ก.,แถม.
ไห 0,น.,"ไห, ภาชนะเคลือบดินเผา มีปากเล็ก ก้นเล็ก กลางป่อง."
ไหดุหรี 0,น.,"ไห, ภาชนะเคลือบดินเผา มีปากเล็ก ก้นเล็ก กลางป่อง."
ไหต็อง 0,น.,ไหปากเล็ก (น.ธ.).
ไหเท 0,น.,ไหใส่เหล้า.
ไหเทียม 0,น.,ไหขนาดเล็ก ปากแคบ.
ไหปากแคบ 0,น.,"ไห, ภาชนะเคลือบดินเผา มีปากเล็ก ก้นเล็ก กลางป่อง."
ไหปากรวบ 0,น.,"ไห, ภาชนะเคลือบดินเผา มีปากเล็ก ก้นเล็ก กลางป่อง."
ไหม 0,ก.,ปรับ.
ไหมฝัน 0,น.,ชื่ออาหารชนิดหนึ่ง ประกอบด้วยเส้นหมี่ลวก ราดด้วยแกงกะหรี่ (ภ.ก.)
ไหมฝัน 1,น.,ชื่ออาหารชนิดหนึ่ง ประกอบด้วยเส้นหมี่ลวก ราดด้วยแกงกะหรี่ (ดู กะหรี่ไหมฝัน).
ไหแมงภู่ 0,น.,ไหขนาดใหญ่ ปากแคบ (น.ธ.)
ไหแมงภู่ 1,น.,"ไห, ภาชนะเคลือบดินเผา มีปากเล็ก ก้นเล็ก กลางป่อง."
ไหแมงภู่ 2,น.,ไหขนาดใหญ่ ปากแคบ.
ไหร 0,สรรพ.,อะไร เช่น ทำไหร - ทำอะไร
ไหรจู้ 0,สำ.,"อะไรก็ไม่รู้, ไม่รู้จักเพราะไม่เคยเห็นมาก่อน."
ไหรโฉ้โหรฉ้า 0,สำ.,เรื่องไร้สาระ.
ไหรชู้ 0,ก.,พฤติกรรมที่ไม่โปร่งใส
ไหรโช้ 0,ก.,พฤติกรรมที่ไม่โปร่งใส
ไหรวบ 0,น.,"ไห, ภาชนะเคลือบดินเผา มีปากเล็ก ก้นเล็ก กลางป่อง."
ไหรวะ 0,ว.,อะไรวะ.
ไหรหลาว 0,ว.,"อะไรอีกล่ะ, อะไรคะ, อะไรคับ (ใช้เป็นคำถาม)."
ไหรหวา 0,ว.,"ว่าอะไร, อะไรคะ, อะไรคับ (ใช้เป็นคำถาม)."
ไหล่จี๊ 0,น.,"ลิ้นจี่ (จ., ภ.ก.)."
ไหว้ 0,ก.,"ไหว้, ทำความเคารพโดยยกมือขึ้นประนม."
ไหว้เมีย 0,ก.,"สู่ขอ, แต่งงาน (ใช้กับผู้ชาย)"
ไหว้เมีย 1,ก.,"สู่ขอ, แต่งงาน (ใช้กับผู้ชาย)."
ไหว้หลา 0,ก.,"ไหว้ศาลาศาลพระภูมิ, ไหว้เจ้าที่."
ไหหู 0,น.,ไหทุกชนิดที่มีหูหิ้ว.
ไหหู 1,น.,"โอ่ง, ภาชนะสำหรับขังน้ำก้นสอบเล็กน้อย ปากแคบ มีขนาดต่าง ๆ."
ไหหู 2,อุ.,แสดงความแปลกใจ เช่น ไห ! อ้ายไหร.
ไหฺมฺรย 0,น.,กำไล (ดู ไหฺมฺล).
ไหฺมฺรย 1,น.,"กำไล, ชื่อเครื่องประดับสำหรับสวมข้อมือหรือข้ออเท้า ทำด้วยเงินหรือทอง เป็นต้น"
ไหฺมฺล 0,น.,"กำไล, ชื่อเครื่องประดับสำหรับสวมข้อมือหรือข้ออเท้า ทำด้วยเงินหรือทอง เป็นต้น"
