คำ,POS,ความหมาย
กก 0,น.,อวัยวะเพศหญิง
กก 1,น.,"กก, ชื่อไม้ล้มลุกชนิดหนึ่งเกิดในที่ชุ่มน้ำ ลำต้นสามเหลี่ยม หรือกลมยาว ใช้จักสานได้"
กกกก 0,ว.,"มาก, ยิ่ง เช่น แก่กกกก - แก่มาก, แห้งกกกก - แห้งผาก, แหม็ดเกลี้ยงกกกก - หมดไม่เหลือเลย"
กกกอ 0,น.,"เหล่ากอ, กำพืด."
ก็กแก็ก 0,ว.,"เล็ก ๆ น้อย ๆ, เหลาะแหละ (ภ.ก.)."
ก็กแก็ก 1,ว.,เสียงดังเบา ๆ
กกขี้หมา 0,น.,กกลังกาชนิดหนึ่ง แต่ต้นเล็กกว่า ใช้เป็นสมุนไพร
กกลังกา 0,น.,กกชนิดต้นกลม ใช้เป็นสมุนไพร
กกลังกา 1,น.,"ก๊ก, เหล่า, กำพืด"
กกลังกา 2,น.,อวัยวะเพศหญิง (ดู เคย น. ๒)
กกลังกา 3,ก.,"กกไข่, นอนกก"
กกลังกา 4,ว.,เสียงดัง เช่นนั้น
กง 0,น.,กระบะโลหะสี่เหลี่ยมผืนผ้า ก้นแบนใช้ใส่น้ำยางพารากับน้ำกรด เพื่อให้น้ำยางแข็งตัว
กง 1,น.,ชื่อเฟิน ต้นเป็นกอขึ้นตามริมน้ำ ใบยาวเป็นทาง ใบอ่อนสีแดง กินได้
กง 2,น.,"กง, ไม้รูปโค้งที่ตั้งเป็นโครงเรือ"
ก้ง 0,น.,"ปู่, ตา แต่ถ้าต้องการชี้ชัดว่าปู่เรียก ""หล่ายก้ง"" ส่วนตาเรียก ""หวั่วก้ง"" (จ., ภ.ก., พ.ง.)."
กงกอน 0,น.,ชื่อไม้ต้น คล้ายโกงกาง ยอดสีแดง (ส.ฎ.).
กงกาง 0,น.,ชื่อเรือชนิดหนึ่ง ขนาดใหญ่ ไม่มีใบ ไม่มีเครื่องยนต์ ต้องใช้เรืออื่นชักลาก
กงกาง 1,น.,"ไม้โกงกาง, ชื่อไม้ต้นขึ้นตามป่าชายเลน ชายทะเล นิยมใช้ทำฟืน และเผาถ่าน"
กงกาง 2,น.,ชื่อเรือชนิดหนึ่งไม่มีใบ ไม่มีเครื่องยนต์ ต้องใช้เรืออื่นชักลาก (ดู ตั้ง น.).
กงเกง 0,น.,"กางเกง, เครื่องนุ่งห่มมี ๒ ขา"
กงเกงหรัง 0,น.,กางเกงสากลขายาว.
ก้งแก้ง 0,ว.,"โอ้อวด, อวดเบ่ง เช่น อย่ามาทำก้งแก้งเดียวโถกถีบ - อย่ามาทำโอ้อวดเดี๋ยวถูกเตะ"
ก้งแก้ง 1,ว.,เก่งหรือดีเกินตัว เช่น แด็กหนี้ก้งแก้งจ้านตัวหีดเดียวหิ้วน้ำตั้งสองถุ้ง - เด็กนี้เก่งเกินตัว ตัวนิดเดียวหิ้วน้ำตั้งสองถัง.
ก้งแก้ง 2,ว.,"ทำเจ้าชู้, กรีดกราย (ป.น., น.ธ.)."
กงโกะ 0,ว.,ผอมสูง
กงโกะกงหยก 0,*ก.,ยงโย่ยงหยก.
กงโกะกงหยก 1,*ก.,นั่งยอง ๆ
กงโกะกงหยก 2,ว.,"ไม่ทะมัดทะแมง, ไม่กระฉับกระเฉง."
กงข้าง 0,น.,กงเสริมของเรือ
กงเขา 0,น.,ชื่อสัตว์สี่เท้าสะเทินน้ำสะเทินบก ตระกูลเดียวกับคางคก ตัวโต มีจุดแดงบริเวณหัว อาศัยตามป่าในช่วงฤดูผสมพันธุ์ต้วผู้จะเปลี่ยนสีผิวหนังเป็นสีแดง ผิวหนังมีพิษ
กงเขา 1,น.,ชื่อสัตว์สี่เท้าสะเทินน้ำสะเทินบก ตระกูลเดียวกับคางคก (ดู กง น. ๒.).
กงโค้ง 0,น.,กงเสริมของเรือ
ก้งโค้ง 0,ก.,"โก้งโค้ง, โก่งก้นให้โด่ง, โน้มตัวลงยกก้นให้สูงขึ้น."
ก้งฉ่าย 0,น.,ผักกาดดองเค็ม.
กงซัง 0,น.,ตอซังข้าว.
ก้งซุ้น 0,น.,"กงสุล, พนักงานผู้มีหน้าที่ดูแลผลประโยชน์และคนในบังคับ ณ ต่างประเทศ ( อ. Consul ) (ภ.ก.)."
ก้งซุ้น 1,สำ.,ภรรยา เช่น คืนนี้อี้ไปกินเลี้ยงบอกก้งซุ้นแล้วหม้าย.
กงแซม 0,น.,กงเสริมของเรือ
ก่งเต็ก 0,น.,พิธีทำบุญให้แก่ผู้เสียชีวิต มีการสวดและเผากระดาษที่ทำเป็นรูปต่าง ๆ เช่น บ้านเรือน รถ คนใช้ เป็นต้น ไปให้ผู้ตาย (จ. ภก.).
ก้งทู้ 0,ว.,ยุติธรรม (ดู ก้งโท้).
ก้งทู้ 1,ว.,"ยุติธรรม, ซื่อสัตย์ เช่น คนนี้เป็นคนก้งโท้"
ก้งโท้ 0,ว.,"ยุติธรรม, ซื่อสัตย์ เช่น คนนี้เป็นคนก้งโท้"
กงลิ้นช้าง 0,น.,โกร่งครอบไกปืน.
กงแล็บ 0,น.,"กรงเล็บ, กลุ่มเล็บของแมวหรือนก เป็นต้น เมื่อขยุ้มเหยื่อมีเค้าคล้ายกรง."
กงวาน 0,น.,กงเรือที่มีรูให้น้ำถ่ายเทไปได้ตลอดท้องเรือ
กงวาน 1,น.,ชื่อสัตว์สี่เท้าสะเทินน้ำสะเทินบก ตระกูลเดียวกับคางคก ตัวโต มีจุดแดงบริเวณหัว อาศัยตามป่าในช่วงฤดูผสมพันธุ์ต้วผู้จะเปลี่ยนสีผิวหนังเป็นสีแดง ผิวหนังมีพิษ
กงวาน 2,น.,ชื่อพืชคลุมดินชนิดหนึ่งคล้ายว่านหางช้าง มี ๒ ชนิด คือ กงแดงกับกงขาว.
กงวาน 3,น.,ชื่อพืชน้ำ ขึ้นตามทุ่งนา หรือพื้นที่ชุ่มน้ำ.
กงวาน 4,น.,ผ้าคลุมศีรษะของชาวไทยมุสลิมใช้ในพิธีละหมาด (น.ธ.).
กงวาน 5,น.,"ส่วนรอบของล้อรถหรือเกวียน เรียก ""กงล้อ""."
กงวาน 6,น.,ไร่ล้มลุกที่ถางเป็นป่าหย่อม ๆ ตามเนื้อที่และกั้นเป็นขอบเขตไว้ เช่น หักล้างถางกงในดงดิน (สุวรรณวงศา).
กงวาน 7,น.,ชื่อขนมชนิดหนึ่งใช้ทำบุญในวันสารทไส้ถั่วเขียวบดละเอียดผสมน้ำตาล ชุบแป้ง ปั้นเป็นรูปต่าง ๆ แล้วทอดน้ำมัน
กงวาน 8,น.,กระบะโลหะใส่น้ำยางพาราเพื่อนำไปทำให้น้ำยางแข็งตัว (ดู เบ้ายาง)
กงวาน 9,น.,ชื่อต้นไม้ชนิดหนึ่ง (ดู ปรง น. ๒).
กงวาน 10,ก.,การร้องของนกกบางชนิดในตอนกลางคืน เช่น นกคุ่ม นกเขาเล็ก นกเขาใหญ่.
กงวาน 11,ก.,ทำให้โก่ง
กงวาน 12,ก.,อาการที่คนกอดคอขี่หลังคนอีกคนหนึ่ง
กงวิน 0,น.,หวายถักเป็นวงสำหรับร้อยจมูกวัวควายที่เจาะใหม่
กงสี 0,น.,กองกลางที่ใช้รวมกันสำหรับคนหมู่หนึ่ง ๆ
กงสี 1,น.,"บริษัท, หุ้นส่วน."
กงสี 2,น.,โรงเรือนที่ใช้ร่วมกัน.
กงหนาบ 0,น.,กงเสริมของเรือ
กงหนิด 0,น.,สลักสำหรับเกี่ยวแร้ว เพื่อโก่งคันแร้ว.
กงหางกางเงี่ยง 0,สำ.,เตรียมต่อสู้.
กงหางกางเงี่ยง 1,สำ.,ตรงกับสำนวน หมูเขาจะหามเอาคานเข้าไปสอด.
กงเหม็ง 0,ก.,"ออกกำลังเต็มที่, มุ, เกร็งเต็มที่ เช่น กงเหม็งเข้าต้าแค่อี้เสร็จแล้ว - ออกกำลังเข้าให้เต็มที่ เกือบจะเสร็จแล้ว."
ก้งฮู้หลาง 0,น.,"ชาวจีนกวางตุ้ง (จ., ภ.ก.)."
กด 0,น.,"กด, ชื่อปลาไม่มีเกล็ด มีหนวด ครีบหลังตอนแรกและครีบอกมีก้านครีบเป็นเงี่ยง ครีบตอนที่สองเป็นแผ่นเนื้อ พบมากในเขตน้ำกร่อย มีหลายชนิด เช่น กดขี้ลิง, กดกล้วย, กดดอกบด (ภ.บ.)."
กด 1,น.,นกกด.
กดเข 0,ก.,"กดขี่, ข่มให้อยู่ในอำนาจตน."
กดเงา 0,ก.,การดูเวลาโดยวิธีนับชั้นฉาย (ดู ชั้นฉาย).
กดดง 0,ก.,การทำพิธีขอโชคลาภจากเจ้าป่า โดยวิธีไสยศาสตร์เพื่อการล่าสัตว์ของพราน
กดดม 0,ก.,"ปล้นสะดม, ปล้นโดยวิธีรมยาให้เจ้าของทรัพย์หลับสนิทไม่รู้สึกตัว."
กดตาแดง 0,สำ.,ตะเกียง เช่น นกกดตาแดงน้ำแห้งตาย - ตะเกียงหมดน้ำมัน (ปริศนาค่าทาย).
กดตาแดง 1,ก.,"อดกลั้น, ยับยั้งไว้, ตรึงไว้."
กดไม่ติด 0,ก.,"กลั้นไม่อยู่, อั้นไม่ไหว."
กดยิ้ม 0,*ก.,นั่งยิ้มหรือนึกขำอยู่ในใจ เมื่อได้พบเห็นหรือนึกขำอยู่ในใจ เมื่อได้พบเห็นหรือฟังเรื่องขำขัน
กดรอย 0,ก.,"สะกดรอย, ตามไปติด ๆ โดยไม่ให้รู้ตัว."
กดโรง 0,ก.,ตรึงไว้ ใช้กับการประชันหนังตะลุงหรือมโนราห์เป็นการทำอาคมทางไสยศาสตร์กับคนดู เพื่อตรึงไว้ไม่ให้ไปดูฝ่ายตรงข้าม.
กดลายมือ 0,ก.,พิมพ์ลายมือ.
กดหัว 0,ก.,อดกลั้น ไม่หัวเราะ.
กดหัว 1,สำ.,"บีบบังคับ, ข่มขู่ให้กลัว."
กดหัวแข็ง 0,น.,ชื่อปลาชนิดหนึ่ง จำพวกปลากด
กดหัวแข็ง 1,น.,ชื่อปลาชนิดหนึ่ง จำพวกปลากด (ดู ค้างโคะ).
กดอกกดใจ 0,ก.,สะกดอกสะกดใจ.
กดอกกดใจ 1,ก.,"บังคับ ลง, ข่ม, ใช้กำลัง ดันให้ลง เช่น ช่วยกดพุงที - ช่วยกดท้องหน่อย."
กดาส 0,น.,กระดาษ (ตำราพระบรมราชูทิศกัลปนานครศรีธรรมราช).
กน 0,น.,ภาชนะเย็บด้วยกาบหมากหรือสิ่งอื่น ที่มีลักษณะคล้ายกัน
กน 1,ก.,"โค่น, ตัด, ทำให้ล้มอย่างต้นไม้ล้ม."
ก้นหอย 0,น.,ลักษณะลายนิ้วมืออีกแบบหนึ่งที่ม้วนขดกลมอย่างก้นหอย
ก้นหอย 1,น.,ลักษณะลายนิ้วมือที่ม้วนขดกลมอย่างก้นหอย (ดูลายเวียนลุกขี้หอย).
กบ 0,น.,"กบ, ชื่อสัตว์สี่เท้าสะเทินน้ำสะเทินบก ไม่มีหาง เท้าแบนมีหนังติดเป็นพืด กระโดดได้ไกล ว่ายน้ำ ดำน้ำได้เร็ว มักวางไข่ในน้ำ เมื่อยังเป็นตัวอ่อนจะมีหาง ภายหลังจึงงอกขา หางหดหายไปแล้วขึ้นอาศัยบนบก."
กบกับ 0,ว.,อาการที่รีบทำอย่างลุกลน
กบกับ 1,ว.,"รีบเร่ง, อาการที่รีบทำอย่างลุกลน (ดู ลกลก)."
กบขอบ 0,ก.,เต็มเปี่ยมถึงขอบ
กบคู่ 0,ก.,ประกบคู่ เป็นคำที่ใช้ในการชนวัว.
กบโคน 0,ก.,แทงจนถึงโคน.
กบเงิน 0,ก.,วางเงินเดิมพัน.
กบตา 0,ก.,ปรกตาหรือ ปิดตา.
กบตาง 0,น.,การพนันชนิดหนึ่ง ใช้ธนบัตรมาสอบตัวเลขกัน
กบตู 0,น.,สลักไม้ที่ใส่ไว้ด้านในส่วนล่างตอนกลางของบานหน้าต่างหรือประตู ทำหน้าที่คล้ายกลอน เมื่อปิดหน้าต่างหรือประตูใช้กบตัวนี้สอดเข้าไปในช่องเจาะตัวไม้ธรณี.
กบตู 1,น.,ไม้เครื่องเรือนที่พาดเบื้องบนเป็นสันหลังคาเหนือใบดั้ง (ดู แปทู).
กบทูด 0,น.,กบชนิดหนึ่ง ตัวโต อาศัย ตามลำธารบนภูเขาในป่าฝน
กบโนรา 0,น.,กบชนิดหนึ่ง ตัวโต อาศัย ตามลำธารบนภูเขาในป่าฝน
กบบัว 0,น.,กบชนิดตัวเล็ก ตัวสีเขียว ขนาดเล็กกว่า กบนา มักอาศัยอยู่ตามกอบัว.
กบบัว 1,น.,"กบไสไม้, เครื่อง มือช่างสำหรับไสไม้เพื่อทำหน้าไม้ให้เรียบ หรือให้ เป็นร่าง"
กบบัว 2,ก.,"ประกบ, แนบชิดกัน, ทาบกัน, ชิด, ถึง เช่น เข้กบวัง - จระเข้กบดาน."
กบเบี้ย 0,น.,การพนันชนิดหนึ่ง ใช้ธนบัตรมาสอบตัวเลขกัน
กบโรง 0,น.,หมอประจำโรงมหรสพ เช่น โรงมโนราห์ หนังตะลุง เมื่อมีการประชันจะทำหน้าที่เรียกคนผูกคน และ ป้องปัดอันตรายโดยใช้อาคม.
กบาย่า 0,น.,เสื้อสตรีมุสลิมยาวถึงครึ่งขา มีกระดุมติดเป็นช่วง ๆ เรียกว่า กบาย่าลาโบ๊ะ หากเสื้อสั้นขึ้นมาปิดสะโพก เรียกว่า กบาย่าแปชะ
กม 0,น.,"ลูกกระเดือก, ส่วนอวัยวะเป็นก้อนแข็งที่ในคออยู่เหนือหลอดลม (เทียบ ม. halakon)."
กรก 0,ว.,"เหมาะเจาะ, พอดี เช่น เข้ากันกรกเลย -เข้ากันพอดีเลย, เข้ากันสนิท."
กรก 1,ว.,"มาก, ยิ่ง เช่นจืดกรก - จืดชืด, แห้งกรก - แห้งสนิท"
กรกกรก 0,ว.,"มาก, ยิ่ง เช่นจืดกรก - จืดชืด, แห้งกรก - แห้งสนิท"
กรกกรอย 0,ก.,"ตกอับ, แร้นแค้น"
กรกแกร็ก 0,น.,"ไฮโล, ชื่อการพนันชนิดหนึ่ง เล่นด้วยลูกเต๋า."
กรกแกร็ก 1,ว.,"อ่อนเปลี้ย, ย่ำแย่ เช่น เดินจนหัวเขากรกแกร็ก - เดินจนเข่าอ่อน, ฐานะกรกแกร็ก - ฐานะย่ำแย่"
กรกแกร็ก 2,ว.,"หลวม, คลอน เช่น รถนี้กรกแกร็กแหม็ดแล้ว - รถนี้ (ชิ้นส่วน) หลวม หรือคลอนหมดแล้ว"
กรกแกร็ก 3,ว.,"เหลวไหล, ไม่แน่นอน, ไม่คงที่, เชื่อถือไม่ได้ เช่น คนกรกแกร็ก - คนที่เชื่อถือไม่ได้"
กรกแกร็ก 4,ว.,เสียงดังเช่นนั้น.
กรง 0,น.,"ชื่อนกขนาดเล็ก มีหลายชนิด ชนิดที่มีจุก เชิดแหลมบนหัวเรียก ""กรงหัวจุก จุกหลอ หรือ ปรอดจุก"" ชนิดตัวโต ขนสีเทาเรียก “กรงแม่พะ”, ชนิดเล็กกว่ากรงแม่พะ ไม่มีจุกบนหัวเรียก ""กรงดอกแตง"""
กรงกราด 0,น.,สุ่มขังไก่ชนสานด้วยไม้ไผ่
กรงแกร็ง 0,น.,นกกรงตัวสีเทาขนาดเท่านกกรงหัวจุก แต่ไม่มีจุกบนหัว
กรงตราด 0,น.,สุ่มขังไก่ชนสานด้วยไม้ไผ่
กรงหน้านวล 0,น.,นกกรงตัว สีน้ำตาล ขนแก้มขาว.
กรงหน้านวล 1,น.,"กระสอบ เช่น “เสด็จขึ้นปรางมาศปราสาทเตย เอาเศียรเกยสอบกรงแล้วร้องสั่ง"" (กลอนหนังตะลุง)."
กรงหน้านวล 2,น.,"กรง, สิ่งที่ทำเป็นซี่ ๆ สำหรับขังนก เป็นต้น ตั้งอยู่กับที่หรือยกไปได้."
กรงหน้าลาย 0,น.,นกกรงตัวสีเทาขนาดเท่านกกรงหัวจุก แต่ไม่มีจุกบนหัว
กรงหมี 0,น.,ห้องขังที่สถานีตำรวจ
กรงเหมา 0,น.,ชื่อพืชสมุนไพรชนิดหนึ่ง หัวใช้ทำยา
กรงไหน 0,น.,ชื่อไม้ต้น คล้ายต้นไข่เน่า.
กรด 0,น.,น้ำกรด
กรด 1,น.,ชื่อไม้เถา มักขึ้นในที่น้ำท่วม เช่น ตามฝั่งน้ำลำคลอง ใบโดยมากออกรอบข้อ ๒ หรือ ๓ ใบ ใบอ่อนสีม่วงดำ เมื่อแก่เปลี่ยนเป็นสีเขียว ผลมีสันแข็งเป็น ๔ - ๕ ครีบ.
กรด 2,ว.,"จัดจ้าน, ดื้อรั้น, กล้าแข็ง เช่น เด็กคนนี้กรดจ้านด่าเพื่อนทั้งวัน - เด็กคนนี้จัดจ้านมาก ด่าเพื่อนทั้งวัน"
กรน 0,น.,ชื่อปลาหมึกชนิดหนึ่ง เรียก “หมึกตรน”
กรน 1,น.,กระสวย (ดู ตรน น. ๑.).
กรม 0,ว.,"ตรมตรอม, เป็นทุกข์."
กรมใจ 0,ก.,"ตรมใจ, ระทม, เจ็บอยู่ภายในเรื่อยไป."
กรมแผล 0,ว.,กลัดหนอง
กรมหนอง 0,ว.,กลัดหนอง
กรวก 0,ก.,ผ่าไม้ออกเป็นชิ้นเล็ก ๆ
กรวก 1,ก.,"จวก, สับ, ฟัน เช่น กรวกดิน - ฟันดิน."
กรวก 2,ก.,ผ่าไม้ออกเป็นชิ้นเล็ก ๆ (ดู เตรียก ก.).
กรวกคอ 0,ก.,กลั้วคอ
กรวด 0,ก.,เรียกการกรวดน้ำ ว่า “ตรวดน้ำ”.
กรวด 1,น.,"กรวดทราย, ก้อนหินเล็ก ๆ."
กรวด 2,น.,ดอกไม้ไฟชนิดหนึ่ง
กรวด 3,น.,ของเด็กเล่นอย่างหนึ่ง ใช้ใบเตยทำเป็นรูปอย่างจรวด ใช้พุ่งไปในอากาศ
กรวด 4,น.,น้ำตาลที่เป็นก้อนแข็งเหมือนกรวด
กรวด 5,ก.,ตรวจตรา
กรวดกรา 0,ก.,ตรวจตรา
กรวดกรา 1,ก.,รดน้ำเพื่อชำระแผล.
กรวดกรา 2,ว.,"สูง, ชัน เช่น หลังคากรวด - หลังคาทรงสูง."
กรวดกรา 3,ก.,ตรวจตรา (ดู กรวด ก. ๑.).
กรวน 0,น.,"ตรวน, โลหะมีเหล็กเป็นต้นที่เกี่ยวกันเป็นข้อ ๆ เป็นสายยาวสำหรับผูกล่ามแทนเชือก"
กรวน 1,น.,"โซ่ตรวน, เครื่องจองจำนักโทษชนิดหนึ่ง เป็นห่วงเหล็กใช้สวมขานักโทษ มีโช่ล่ามถึงกัน"
กรวน 2,น.,กระต่ายขูดมะพร้าวแบบจีน.
กรวน 3,ก.,"ไสไป, ดันไป"
กรวน 4,ก.,ขูดด้วยกระต่ายขูดมะพร้าวแบบจีน.
กรวบ 0,ว.,"เปราะ, กรอบ."
กรวบ 1,ว.,ถนัดถนี่ เช่น เอาให้กรวบเลย.
กรวบ 2,ว.,เสียงดังเช่นนั้น.
กรวม 0,ก.,"สวม, คร่อม, ครอบ เช่น นุ่งผ้ากรวมอก - นุ่งผ้ากระโจมอก"
กรวมกราม 0,ก.,ทำละลาบละล้วง.
กรวมคอ 0,ก.,คร่อมคอ
กรวมคอ 1,สำ.,หาเรื่องใส่ตัว.
กรวมง่าม 0,สำ.,สองแง่สองมุม.
กรวมเงี่ยง 0,น.,ที่สวมเดือยไก่ชน
กรวมเงี่ยง 1,สำ.,ลับ ๆ ล่อ ๆ.
กรวมชาย 0,ว.,"นุ่งผ้ายาวระพื้น, กรวมเท้า เช่น นุ่งผ้ากรวมชาย"
กรวมเชิง 0,ว.,"นุ่งผ้ายาวระพื้น, กรวมเท้า เช่น นุ่งผ้ากรวมชาย"
กรวมตอ 0,ก.,นุ่งผ้ากระโจมอก.
กรวมตอ 1,สำ.,เชื่อว่าไม่ดี เป็นอัปมงคล เช่น ปลูกเรือนกรวมตอ หมายถึง การรับหญิงที่มีครรภ์กับชายอื่นมาเป็นกรรยา.
กรวมตา 0,ก.,"สอดส่ายสายตา, ตรวจสอบใหม่."
กรวมทุ่ง 0,สำ.,วางอำนาจ.
กรวมน้ำกรวมบก 0,สำ.,"ครึ่ง ๆ กลาง ๆ, สะเทินน้ำสะเทินบก."
กรวมบวง 0,สำ.,ทำใหญ่เกินตัว.
กรวมเบาะ 0,สำ.,ยังเยาว์วัย.
กรวมแบบ 0,ว.,ผิดแบบอย่าง.
กรวมพร 0,ก.,"สรวมพร, ขอพร."
กรวมย่าง 0,ก.,"สวมรอย.,"
กรวมย่าง 1,ก.,พลอยผสมโรง.
กรวมย่าง 2,สำ.,วัดรอยเท้า
กรวมอก 0,ก.,นุ่งผ้ากระโจมอก
กรวมอก 1,ก.,นุ่งผ้ากระโจมอก.
กรวย 0,น.,ชื่อไม้ต้นชนิดหนึ่ง ขึ้นตามฝั่งน้ำลำคลอง ใบเป็นมันคล้ายจำปี แต่เรียวและนิ่มกว่า ดอกสีเหลือง ผลกลมเป็นพวงคล้ายมะไฟ เมล็ดเอามาทำเป็นยา แก้โรคคันและหิดได้
กรวย 1,น.,ชื่อไม้ต้นชนิดหนึ่ง (ดู หัน น.).
กรอ 0,น.,ชื่อไม้น้ำชนิดหนึ่ง ใบเป็นหยัก ลำต้นเป็นปล้อง มีรสขมนิด ๆ ใช้เป็นผักรับประทานได้ (น.ศ.).
กรอ 1,ก.,ม้วนด้ายหรือเชือกเข้าหลอดหรือเข้ารอบแกนด้วยไนหรือเครื่องจักร.
กรอ 2,ก.,"ตกแต่งให้ได้รูปทรงตามต้องการ เช่น กรอฟัน, กรอหิน, กรอไม้."
กรอ 3,ก.,ติดกรัง เช่น หนิมกรอ - สนิมจับกรัง.
กรอ 4,ก.,"พันโดยรอบ, เกาะแน่น เช่น ย่านเชือกกรอต้นโหนด - เถาวัลย์พันรอบต้นตาล."
กรอ 5,ว.,"แน่นขนัด, มากยิ่ง เช่น คนมากันกรอ, คนติดกรอ, เลือดพุ่ง กรอ, น้ำไหลกรอ."
กรอ 6,ว.,เสียงดังเช่นนั้น.
กร่อ 0,น.,"หุบห้วย, ลำธารเล็กแคบ ๆ ตลิ่งสูง."
กร้อ 0,น.,"ตะกร้อ, ลูกกลมสานด้วยหวายหรือพลาสติก เป็นตา ๆ สำหรับเตะ"
กร้อ 1,น.,"เกราะ, เครื่องสัญญาณทำด้วยไม้ใช้ตี หรือสั่นให้ดัง"
กร้อ 2,น.,เครื่องมือสอยผลไม้ (ดู กรอม น. ๒).
กร้อ 3,ก.,"กลิ้ง, โคลง, กลอกกลิ้ง เช่น เรือกร้อ หรือเรือกล้อ, ถังกร้อ."
กร้อ 4,ว.,เฉาตาย (พืช) เพราะถูกน้ำท่วมราก
กร้อ 5,น.,แต่ขนาดเล็ก
กรอก 0,น.,"ตรอก, ทางที่แยกมาจากถนนใหญ่และมีขนาดเล็กกว่าถนน"
กรอก 1,น.,"ลูกกรอก, ลูกคนหรือลูกสัตว์มีแมว เป็นต้น ที่ตายตั้งแต่อยู่ในครรภ์หรือในท้อง มีร่างกายครบสมบูรณ์ แต่มีขนาดเล็ก."
กรอก 2,น.,การเล่นโยนหลุม
กรอก 3,น.,ชื่อขนมชนิดหนึ่ง กรอง-กระแจ (ดู กลอก น.).
กรอก 4,น.,ชื่อนกกระยางขนาดเล็ก (ดู กรอด น. ๒.).
กรอก 5,ก.,"กรอก, เทของลงในช่องหรือรูแคบ ๆ เช่น กรอกน้ำใส่ขวด"
กรอก 6,น.,ชื่อขนมชนิดหนึ่ง ทำในประเพณีให้ทานไฟ ใช้แป้งข้าวเหนียวผสมกะทิ ไส้เป็นมะพร้าวคลุกเกลือผสมน้ำตาล ทอดโดยเอาแป้งละเลงลงในกระทะ
กรอง 0,น.,"กระชอน, เครื่องกรอง โดยปกติสานด้วยผิวไม้ไผ่ใช้กรองกะทิ เป็นต้น"
กรอง 1,ก.,ถัก เช่น กรองฟาก - เอา เชือกถักฟาก.
กรอง 2,ก.,"ไตร่ตรอง, คิดทบทวน, ตริตรอง"
กรอง 3,ก.,"กรอง, แยก ของละเอียดออกจากของหยาบ หรือคัดของบริสุทธิ์ออกจากของไม่บริสุทธิ์"
กร็องกรอย 0,ก.,"ตกอับ, แร้นแค้น"
กร็องกรอย 1,ก.,"ตกอับ, แร้นแค้น (ดู กรกกรอย)."
กร้องแกร้ง 0,ว.,ทำท่าเจ้าชู้ (ดู กล้องแกล้ง ว. ๑.).
กร้องแกร้ง 1,ว.,"ทำทางเจ้าชู้, ไม่มั่นคง"
กรอด 0,น.,ชื่อมดชนิดหนึ่ง ตัวเล็ก สีดำ ชอบทำรังอยู่บนต้นไม้นิยมเอามาเป็นเหยื่อล่อปลา
กรอด 1,น.,"นกกระยางกรอก, ชื่อนกกระยางขนาดเล็ก"
กรอด 2,ว.,"ปลอด, ปราศจาก เช่น กรอดแคล้ว - ปลอดแคล้ว, ปลอดภัย."
กรอด 3,ว.,เสียงดังเช่นนั้น.
กร้อน 0,ก.,ทำหรือตัดผมยาวให้สั้นมาก.
กรอบ 0,น.,ขอบเขตกำหนด.
กร็อบแกร็บ 0,ว.,"แห้งกรอบ, ยอบแยบ (ดู กรอบ ว.)."
กร็อบแกร็บ 0,ว.,"แห้งกรอบ, เปราะ โดยปริยายหมายถึงยากจน ยอบแยบ เช่น เดือนนี้กรอบจัง - เดือนนี้ยอบแยบจัง"
กรอบตู 0,น.,วงกบ.
กรอบมือ 0,น.,"สนับมือ, เครื่องสวมมือมักทำด้วยทองเหลือง เป็นรูปเหมือนแหวน ๔ วงติดกัน สำหรับสวมนิ้วมือเวลาชก"
กรอบมือ 1,น.,สนับมือ (ดู หนับมือ).
กรอบมือ 2,ว.,"แห้งกรอบ, เปราะ โดยปริยายหมายถึงยากจน ยอบแยบ เช่น เดือนนี้กรอบจัง - เดือนนี้ยอบแยบจัง"
กรอม 0,ก.,"สวม, คร่อม, ครอบ เช่น นุ่งผ้ากรวมอก - นุ่งผ้ากระโจมอก"
กรอม 1,น.,เครื่องมือชนิดหนึ่ง ที่ใช้ไม้ไผ่สานเป็นรูป กรวยบ้าง รูปโคมบ้าง ใช้ประโยชน์ต่าง ๆ กัน เช่น ดักนก จับกบ จับปู ขังสัตว์ปีก เป็นต้น.
กรอม 2,น.,เครื่องมือสอยผลไม้ทำเป็นรูปอย่าง
กรอม 3,น.,แต่ขนาดเล็ก
กรอม 4,ก.,"สวม, คร่อม, ครอบ (ดู กรวม.)."
กรอม 5,ว.,"เศร้าโศก, เป็นทุกข์, ตรอม เช่น กรอมใจ."
กรอมอก 0,ก.,นุ่งผ้ากระโจมอก
กรอย 0,น.,น้ำรสฝาด.
กรอย 1,ว.,"กร่อย, ไม่จืดสนิทหรือไม่หวานสนิทเพราะมีรสเค็มเจือ, จืดชืด ไม่มีรสชาติ, ไม่มีชีวิตชีวา"
กระ 0,น.,ชื่อเต่าทะเลชนิดหนึ่ง หลังเป็นเกล็ดแผ่นโต ๆ ดูเหมือนซ้อนเหลื่อมกันอย่างกระเบื้องมุงหลังคา สีน้ำตาลลายเหลือง ปากงุ้มคล้ายปากเหยี่ยว ขาแบนเป็นพาย มีไข่กลม เปลือกนิ่มเหนียว ไข่ตามชายหาดครั้งละ ๑๕๐ - ๒๕๐ ฟอง.
กระ 1,น.,ชื่อส้มชนิดหนึ่ง ลักษณะอย่างส้มจุก รสเปรี้ยวจัดอย่างมะนาว
กระ 2,น.,"ผีกระสือ, ผีชนิดหนึ่งที่ถือว่าเข้าสิงในตัวผู้หญิง ชอบกินสิ่งโสโครก"
กระ 3,น.,น้ำลายสอ
กระ 4,ว.,"ซา, เบา เช่น ฝนกระ - ฝนซา"
กระเกรียม 0,ก.,เตรียม (ดู เกรียม ก.).
กระเกรียม 1,ก.,เตรียม เช่น เกรียมตัวไว้สักเดียวจะมารับ - เตรียมตัวสักประเดี๋ยวจะมารับ
กระแจ 0,น.,"กุญแจ, เครื่องใส่ประตูหน้าต่างเพื่อยึด หรือสลักให้เปิดเข้าออกได้ เวลากดหรือไขออกมีเสียงดังกริ๊ก มีลูกไข"
กระแจ 1,น.,กุญแจ (ดู ลูกแจ).
กระแจ 2,น.,"ลูกกะแจ, ลูกไข."
กระชั้ง 0,น.,กระดุมเสื้อยาหยา (ดู กอสั้ง).
กระชั้ง 1,น.,กระดุมเสื้อยาหยา
กระเชอ 0,น.,ภาชนะสานด้วยไม้ไผ่หรือเตยใช้ใส่ของ (ดู จง น. ๑.).
กระเชอ 0,น.,ภาชนะชนิดหนึ่งสานด้วยไม้ไผ่หรือเตยใช้ใส่ของ (พ.ท.)
กระเช้าผีมด 0,น.,ชื่อไม้อิงอาศัยบนเรือนยอดหรือคาคบของต้นไม้อื่น ในป่าดิบชื้นใกล้ฝังทะเล ลำต้นทรงกลม อวบน้ำ มีรูพรุนภายใน เป็นที่อาศัยของมด ส่วนที่เป็นรูพรุนใช้ทำยาได้
กระเช้าผีมด 1,น.,ชื่อไม้พุ่มชนิดหนึ่ง (ดู หัวร้อยรู).
กระด้ง 0,น.,"กระด้ง, ภาชนะรูปแบน ขอบกลม สำหรับฝัดข้าว เป็นต้น"
กระติ้น 0,น.,"นกหัวขวาน, ชื่อนกชนิดหนึ่ง ไต่ตามต้นไม้ โดยปากเจาะต้นไม้เพื่อหากินแมลง ทำรังในโพรงไม้สีสวย"
กระติ้น 1,น.,ชื่อนกชนิดหนึ่ง (ดู หัวขวาน).
กระตือ 0,น.,ปลาเนื้ออ่อน (ดู ตือ).
กระตือ 0,น.,ปลาเนื้ออ่อนพันธุ์หนึ่ง
กระแตแหร 0,น.,มะม่วงหิมพานต์
กระแตแหล 0,น.,มะม่วงหิมพานต์ (ดูยาร่วง).
กระเถิบ 0,ก.,"กระถด, เลื่อนไปเล็กน้อย"
กระเถิบ 1,ก.,กระถด (ดู ถด).
กระทงเหิน 0,น.,หัวหน่าว ส่วนของร่างกายอยู่ระหว่างท้องน้อยกับอวัยวะสืบพันธุ์
กระทงเหิน 1,น.,หัวหน่าว (ดู เหฺมฺรา น. ๒.).
กระท้อยนางรำ 0,น.,กลการเล่นเชิงไสยศาสตร์ใช้เวทมนตร์อย่างหนึ่ง.
กระบับ 0,ก.,"กระเดียด, เอาเข้าข้างสะเอว, สะพาย"
กระบับ 1,ก.,กระเดียด (ดู แคละ).
กระโปก 0,น.,"อัณฑะ, ส่วนหนึ่งของอวัยวะเพศชาย"
กระโปก 1,น.,อัณฑะ (ดู ลูกไข น. ๑.).
กระพกรก 0,น.,กระทกรก (ดู รกช้าง).
กระเพาะปลา 0,น.,ชื่อไม้เลื้อย ขึ้นในดินเลนค่อนข้างแข็ง จะเลื้อยพันกับไม้อื่น ไม่พบการนำมาใช้ประโยชน์.
กระยา 0,น.,"นกกระจาบ, ชื่อนกขนาดเล็กเช่นเดียวกับนกกระจอก ทำรังด้วยหญ้า ห้อยอยู่กับกิ่งไม้ ปากรังอยู่ด้านล่าง มักอยู่รวมกันเป็นหมู่ กินเมล็ดพืช (น.ธ.)."
กระสั้ง 0,น.,กระดุมเสื้อยาหยา (ดู กอสั้ง).
กระสั้ง 1,น.,กระดุมเสื้อยาหยา
กระสุนพระอินทร์ 0,น.,ชื่อกล้วยไม้อิงอาศัยบนต้นไม้อื่น วงศ์ Orchidaceae ใบเดี่ยว ดอกเล็กมากสีเขียว.
กระหมัง 0,ว.,กระมัง เช่น มันไม่มากะหมึง - เขาไม่มากระมัง
กระหมึง 0,ว.,กระมัง
กระหลากา 0,ว.,"เลวทราม, ต่ำช้า."
กระอาน 0,น.,ชื่อเต่าน้ำกร่อย สามารถปรับตัวอยู่ในน้ำจืดได้ พบเฉพาะภาคใต้ มีมากในทะเลสาบสงขลา.
กรักขี 0,น.,ชื่อไม้เถาเนื้อแข็ง แก่นแดง มีเสี้ยนดำ มีหนาม ใช้ทำยาได้
กรักขี 1,น.,ชื่อไม้เถาเนื้อแข็งชนิดหนึ่ง (ดู ขรี).
กรัง 0,น.,"ปะการัง, ชื่อสัตว์ทะเลไม่มีกระดูกสันหลังจำพวกเดียวกับดอกไม้ทะเล รูปร่างทรงกระบอกส่วนใหญ่มีขนาดเล็ก อยู่รวมกันเป็นกระจุก สร้างหินปูนออกมาพอกทับถมกันเป็นโครงรูปร่างต่าง ๆ อาศัยและเจริญเติบโตในทะเลตื้นเขตร้อน เช่น กรังดอกไม้ กรังตาเขียด กรังผักกาด กรังรังผึ้ง กรังสมอง กรังหนังแรด กรังอ่อน กรังเขากวาง กรังเห็ด กรังแหวน กรังสิ่ว กรังลูกสน กรังปากโถน กรังแพรากไม้ กรังดอกเข็ม กรังเม็ดมุก เป็นต้น."
กรัง 1,น.,หินใต้น้ำที่โผล่ขึ้นเวลาน้ำลด.
กรัง 2,น.,"กะละปังหา, ชาก ของสัตว์ทะเลไม่มีกระดูกสันหลังขนาดเล็ก เกาะรวมกันอยู่ในลักษณะคล้ายกิ่งไม้ มีหลายสี เช่น แดง เหลือง ส้ม ม่วง ดำ"
กรัง 3,น.,ตะกอน.
กรัง 4,ก.,เกรอะกรัง คั่ง.
กรั้ง 0,น.,ชื่อปลาน้ำจืดชนิดหนึ่ง คล้ายปลาช่อน แต่ตัวเล็กกว่า สีคล้ำ
กรังกรอบ 0,น.,"กะละปังหา, ชาก ของสัตว์ทะเลไม่มีกระดูกสันหลังขนาดเล็ก เกาะรวมกันอยู่ในลักษณะคล้ายกิ่งไม้ มีหลายสี เช่น แดง เหลือง ส้ม ม่วง ดำ"
กรังกรอบ 1,น.,กะละปังหา (ดู กรัง น. ๓.)
กรัน 0,ก.,"ยัน, ยันไว้, ค้ำไว้"
กรับ 0,น.,"กรับ, ไม้สำหรับตีหรือขยับเป็นจังหวะในการฟ้อนรำขับร้อง."
กรับ 1,ก.,ติดแนบ เช่น แห้งกรับกระดูก - แห้งแนบกระดูก.
กรับพวง 0,น.,กรับชนิดหนึ่ง ทำด้วยไม้แผ่นบาง ๆ หลาย ๆ อัน และมีไม้แก่นประกบ ๒ ข้างอย่างด้ามพัด ตอนหัวข้างหนึ่งเจาะรูร้อยเชือก เวลาตีใช้มือข้างหนึ่งจับตรงหัวทางเชือกร้อยแล้ว ฟาดข้างหนึ่งลงบนฝ่ามืออีกข้างหนึ่ง สำหรับตีเป็นจังหวะ ประกอบการฟ้อนรำและขับร้อง.
กรับพวง 1,น.,ปลาสลิด (ก.บ.).
กรา 0,น.,"ตรา, เครื่องหมายที่มีลวดลายและทำเป็นรูปต่าง ๆ สำหรับประทับเป็นสำคัญ."
กรา 1,ก.,"ติดคั่ง, อุดตัน เช่น หยะกราทางน้ำ - ขยะติดคั่งทางน้ำ."
กราก 0,น.,"ขี้กลาก, ชื่อโรคผิวหนังชนิดหนึ่ง เกิดจากเชื้อรา ขึ้นเป็นวง มีอาการคัน."
กราก 1,ก.,ตรากตรำ.
กราง 0,ว.,"จาง, เซ็ง, หมดรส, จืดชืด เช่น เหล้าตราง - เหล้าเซ็ง, เหล้าหมดรส."
กราง 1,น.,"คราด, เครื่องมือทำไร่นาใช้วัวหรือควายลาก ลักษณะเป็นคาน มีซี่ห่าง ๆ กัน มีคันซักสำหรับ ลากขี้หญ้าและทำให้ดินที่ไถแล้วร่วนซุย, เครื่องมือสำหรับชักหรือลากขี้หญ้าหรือหยากเยื่อทำเป็นซี่ ๆ มีด้ามสำหรับจับชักหรือลากไป"
กราง 2,น.,"บุ้ง, เครื่องมือสำหรับถูไม้ ทำด้วยเหล็ก มีฟันปุ่มแหลมคม."
กราง 3,น.,คราด (ดู ราด น. ๒.).
กราง 4,ก.,ถูหรือขูดโดยใช้ของที่มีลักษณะเป็นซี่ เช่น หนามกราง - หนามขูด.
กราง 5,ก.,ขูดหรือขีดด้วยของแหลม.
กราง 6,ก.,กรอง (ดู กรอง ก. ๓.).
กราง 7,ก.,"สาง, ทำให้หายยุ่ง."
กราง 8,ก.,ตากทิ้งไว้ให้แห้ง.
กราง 9,ก.,เสื่อม (ดู ตราง ก.).
กราง 10,ว.,จาง (ดู ตราง ว.).
กร้าง 0,น.,ชื่อตัวตลกในหนังตะลุง รูปร่างผอม (ภ.ก.).
กราด 0,น.,เรียกไม้กวาดที่ทำด้วยไม้ไผ่ผ่าเป็นซี่ ๆ ว่า “ไม้ตราด”
กราด 1,น.,ไม้กวาดที่ทำด้วยไม้ไผ่ผ่าเป็นซี่ ๆ (ดู ตราด).
กราด 2,น.,เครื่องมือชนิดหนึ่ง สำหรับแทงปลา.
กราด 3,ก.,ตอก หรือรัดให้แน่น.
กราด 4,ก.,พ่นน้ำนกหรือไก่แล้วเอาออก ตากแดด.
กราด 5,น.,ล่ามสัตว์ทิ้งไว้ เช่น เอาควายกราดไว้กลางแดด.
กราด 6,ว.,"กราด, ซัดส่ายไปโดยไม่เจาะจง, ทั่วไป เช่น อิงกราด, ด่ากราด"
กราด 7,ว.,"แคระแกร็น, ซูบผอม เช่นไม้ต้นนี้กราดจัง - ต้นไม้นี้แคระแกร็นมาก, แด็กนี้กราดจัง - เด็กคนนี้แคระแกร็นมาก."
กราตา 0,น.,ชื่อไม้ต้น วงศ์ Anacardiaceae ใบประกอบปลายคี่ ดอกเล็ก สีขาวอมเขียวถึงสีนวล ผลค่อนข้างกลมเมื่อแก่สีแดง.
กราน 0,ก.,"ค้ำ, ยัน, ต้าน, ดันให้หยุดนิ่งอยู่กับที่ (เทียบ ม. teral)"
กราน 1,น.,"เชิงตะกอน, ฐานที่ทำขึ้นสำหรับเผาศพ."
กราน 2,ก.,"ค้ำ, ยัน (ดู ตรัน ก. ๑.)."
กรามช้าง 0,น.,เครื่องมือสำหรับหนีบอ้อยหรือคั้นกะทิ.
กรามช้าง 1,น.,หินชนิดหนึ่งคล้ายกระดูกกรามช้าง.
กรามตะบัน 0,น.,เหล็กตะบันหมาก.
กรามพู 0,น.,"กานพลู, ชื่อไม้ต้นขนาดกลาง ดอกตูม มีรสเผ็ด ตากแห้งแล้วใช้เป็นเครื่องเทศและทำยา."
กราย 0,น.,ชื่อไม้ต้นขนาดกลางถึงใหญ่ วงศ์ Annonaceae ใบเดี่ยวเรียงสลับสองด้านของกิ่ง ในระนาบเดียวกันดอกออกเดี่ยว ๆ หรือ ๑- ๓ ดอก ตามง่ามใบสีเหลืองอ่อนผลออกเป็นกลุ่ม ๆ ละ ๓ – ๔ ผล ผลสุกสีชมพู.
กราย 1,ก.,ตัดแหวกเป็นแนวไปด้วยมีดยาว ๆ.
กราว 0,ว.,เสียงดังเช่นนั้น
กราว 1,ว.,เสียงดังเช่นนั้น (ดู ตราว).
กราหมาด 0,น.,สถานที่ที่มีความศักดิ์สิทธิ์หรือความขลัง.
กราหมาด 1,ว.,"ศักดิ์สิทธิ์, ขลัง"
กรำ 0,น.,กิ่งไม้ที่สุมไว้ในลำคลอง หรือหนองน้ำเพื่อล่อปลาให้เข้าอาศัยแล้วล้อมจับหรือวิดเอาในภายหลัง
กรำ 1,น.,กิ่งไม้ที่สุมไว้ในลำคลองหรือหนองน้ำเพื่อล่อปลา (ดู หฺมฺรำ น. ๑.).
กรำ 2,ก.,งดเว้นจากของต้องห้าม เช่น คนเป็นโรคเบาหวานหมอสั่งให้กรำน้ำตาล (ภ.ก.).
กรำ 3,ก.,ตรากตรำ.
กร่ำ 0,ก.,ฟันตอต้นกกใต้น้ำด้วยมีดหวด.
กริ้ง 0,น.,"กระดิ่ง, เครื่องทำเสียงสัญญาณ ทำด้วยโลหะ มีรูปคล้ายระฆัง แต่มีขนาดเล็กกว่ามาก มีตุ้มเล็ก ๆ อยู่ข้างในสำหรับทำให้เกิดเสียง"
กริ้้งกริ้ว 0,ว.,"ทั้งเล็กทั้งผอม, ผอมบาง, รูปร่างเพรียว, ประเปรียว"
กริดคง 0,น.,ข้าวโพดอ่อน (น.ศ)
กริดหนา 0,น.,สมุดข่อย
กริดหนา 1,น.,สมุดข่อย (ดู บุด).
กริดหนา 2,น.,ชื่อไม้เถาชนิดหนึ่ง นิยมนำไปทำเป็นกระดาษข่อยหรือสมุดข่อยในภาคใต้
กริบ 0,น.,กิ๊บ (ดู กีบ น. ๒.).
กริบ 1,ก.,"ขยิบ, ทำหลับตาแล้วลืมโดยเร็ว เช่น กริบตา - ขยิบตา"
กริบ 2,ก.,ตัดปลาย
กริบ 3,ว.,"พริบตาเดียว, ทันทีทันใด."
กริบ 4,ว.,"ไม่เหลือ, เกลี้ยง, หมด สิ้น, หมดแล้ว."
กริบ 5,ว.,ไกลมาก.
กริบ 6,น.,กิ๊บ (ก.บ.)
กริม 0,น.,"ปลากริม, ชื่อปลาน้ำจืดขนาดเล็ก รูปร่างคล้ายปลากัด แต่หัวยาวกว่าและสีไม่สดสวย มักมีแถบสีเข้มพาดตลอดข้างตัว ๒ - ๓ แถบ"
กริ้ว 0,ก.,"โกรธ, โมโห."
กริ้วกริ้ว 0,ว.,"ทั้งเล็กทั้งผอม, ผอมบาง, รูปร่างเพรียว, ประเปรียว"
กริ้วกริ้ว 1,ว.,ผอมบาง (ดู กริ้งกริ้ว).
กรี 0,น.,เครื่องมือดายหญ้าขนาดเล็ก รูปงอ ด้ามสั้น
กรี 1,น.,เครื่องมือดายหญ้าชนิดเล็ก รูปงอ ด้ามสั้น (ดู ตรี น. ๒.).
กรี 2,น.,กระบี่ (อาวุธ).
กรี 3,น.,ฉมวก ๓ ง่ามสำหรับแทงปลา.
กรี 4,น.,โครงแข็งแหลมที่หัวกุ้ง.
กรีด 0,น.,ชื่อมะม่วงป่าชนิดหนึ่ง ผลมียางมาก รสเปรี้ยว
กรีด 1,น.,ชื่อมะม่วงป่าชนิดหนึ่ง (ดู ตรีด น.).
กรึก 0,ก.,ตรึกตรอง.
กรึก 1,ก.,"ทำให้ตกตะกอนแล้วเทน้ำทิ้ง, ทำให้ตกผลึก."
กรึก 2,ว.,หมดสิ้น ใช้ในความปฏิเสธ เช่น นับไม่กรึก - นับไม่หมด
กรึดกรึด 0,ว.,เสียงดังเช่นนั้น (ดู กรุบกรุบ).
กรึดกรึด 1,ว.,เสียงดังเช่นนั้น เช่น เคี้ยวดังกรุบกรุบ
กรึบ 0,ว.,ทันทีทันใด เช่น มึกกรึบเดียวแหม็ด ดื่มรวดเดียวหมด.
กรึบ 1,ว.,เสียงดังเช่นนั้น.
กรึบ 2,ลัก.,จำนวนนับของการดื่ม เช่น มึกเข้าไป ๓ กรึบ.
กรึบกรับ 0,ว.,เสียงดังเช่นนั้น (ดู กรุบกรุบ).
กรึบกรับ 1,ว.,เสียงดังเช่นนั้น เช่น เคี้ยวดังกรุบกรุบ
กรึ่ม 0,ว.,"พอเริ่มเมา, เมาพอครึ้ม ๆ."
กรือโต๊ะ 0,น.,เครื่องดนตรีชนิดหนึ่งของชาวไทยมุสลิมภาคใต้ ทำจากลูกมะพร้าวไม่ปอกเปลือก ตัดเป็น ท่อน แล้วใช้ไม้เหลี่ยมเนื้อแข็งขนาดพอเหมาะวางบนลูกมะพร้าวเพื่อใช้ตีทำให้เกิดเสียงประสานและประชันกัน คณะละ ๗ ชุด มีผู้ตี ๗ คน
กรุ้ง 0,ว.,"ทุรนทราย, ปวดแสบปวดร้อน เช่น เขาเหยียบรังมดแดง มดขบกรุ้งเหมือนอีบ้า - เขาเหยียบรังมดแดง มดกัดปวดร้อนเหมือนจะบ้า."
กรุงเหมา 0,น.,ชื่อพืชสมุนไพรชนิดหนึ่ง หัวใช้ทำยา
กรุงเหมา 1,น.,ชื่อพืชสมุนไพรชนิดหนึ่ง หัวใช้ทำยา (ดู กรงเหมา).
กรุด 0,น.,"ตรุษ, เทศกาลเนื่องในการสิ้นปี."
กรุด 1,น.,"ตะกรุด, เครื่องรางอย่างหนึ่ง ทำด้วยโลหะหรือใบลาน เป็นต้น ลงคาถาอาคมแล้วม้วนเป็นรูปกลมยาวและกลวง"
กรุดแบ็ด 0,ก.,ผูกเบ็ดด้วยเงื่อนตะกรุดเบ็ด
กรุดแบ็ด 1,ก.,ผูกเบ็ดด้วยเงื่อนตะกรุดเบ็ด (ดู ตรุด ก.).
กรุบกริบ 0,ว.,เปราะบาง เช่น ดองปูตัวนี้คลำแลต้า กรุบกริบแล้ว - กระดองปูตัวนี้จับดูซี นิ่มกรอบแล้ว
กรุบกรุบ 0,ว.,เปราะบาง เช่น ดองปูตัวนี้คลำแลต้า กรุบกริบแล้ว - กระดองปูตัวนี้จับดูซี นิ่มกรอบแล้ว
กรุบกรุบ 1,ว.,เปราะบาง (ดู กรุบกริบ).
กรุบกรุบ 2,ว.,เสียงดังเช่นนั้น เช่น เคี้ยวดังกรุบกรุบ
กรุ้มกร้ำ 0,น.,ลูกกวาด
กรุ้มกร้ำ 1,สำ.,ใช้เรียกคนที่ชอบแต่งตัวสีฉูดฉาดว่า เหมือนลูกกรุ้มกร้ำ.
กรูด 0,ว.,"โดยเร็ว เช่น พุ่งปรูด - พุ่งไปโดยเร็ว, ถดปรูด -กระเถิบไปโดยเร็ว"
กรูด 1,น.,"มะกรูด, ชื่อไม้ต้น ผลขรุขระ รสเปรี้ยว ผิวและใบมีกลิ่นหอมฉุน ใช้แต่งกลิ่นและรสอาหาร ใช้ทำยาได้."
กรูด 2,น.,เครื่องมือเกี่ยวข้าวคล้ายเคียว ด้ามสั้นและคด (ส.ฎ.)
กรูด 3,น.,ต่อมบริเวณผิวหนัง มีลักษณะอย่างผิวมะกรูด.
กรูด 4,ก.,อาการขนลุกขนพอง.
กรูด 5,ว.,"ขรุขระ, หงิก, งอ เช่น ผิวกรูด, ผมกรูด."
กรูด 6,ว.,โดยเร็ว (ดู ปรูด).
กรูด 7,ว.,หยิก (ผม) เช่น เด็กนี้ผมกูด - เด็กนี้ผมหยิก
กรูดผี 0,*น.,มะกรูดป่า (ส.ฎ.).
กรูน 0,ก.,"ไสไป, ดันไป"
กรูน 1,ก.,"ไสไป, ดันไป (ดู กรวน ก. ๒.)."
กฤษณา 0,น.,ชื่อไม้ชนิดหนึ่ง เนื้อไม้สีดำ กลิ่นหอม ใช้ทำยาได้.
กลด 0,น.,"ร่ม, เครื่องสำหรับกางป้องกันแดดและฝน (น.ธ.)."
กลด 1,น.,"กลด, ร่มขนาดใหญ่มีด้ามยาวสำหรับพระธุดงค์หรือสำหรับกั้นเวลาแห่นาค."
กลวงผึ้ง 0,น.,"ลังผึ้ง, ลังไม้หรือปล่องซีเมนต์สำหรับเลี้ยงผึ้งโพรง."
กลวม 0,ก.,"สวม, คร่อม, ครอบ เช่น นุ่งผ้ากรวมอก - นุ่งผ้ากระโจมอก"
กลวม 1,ก.,"สวม, คร่อม, ครอบ (ดู กรวม)."
กล้วย 0,น.,ชื่อไม้ยืนต้นขนาดกลาง วงศ์ Annonaceae ใบเดี่ยวเรียงสลับสองด้านของกิ่งในระนาบเดียวกัน ดอกออกเป็นกระจุกตามลำต้นและกิ่งใหญ่ กลีบดอกสีเขียวแกมเหลืองประสีม่วง ผลสุกลีแดง.
กล้วย 1,น.,"กล้วย, ชื่อไม้ล้มลุก จำพวกที่แตกหน่อเป็นกอ ผลสุกเนื้อนุ่ม กินได้"
กล้วยกล้วย 0,ว.,"ง่าย, สะดวก, ไม่ยาก เช่น ของกล้วยกล้วย - ของง่าย ๆ."
กล้วยกล้วย 1,ว.,คล้อยตามอย่างไม่มีจุดหมาย เช่น เดินตามเพื่อนไปกล้วยกล้วย - เดินตามเพื่อนไปอย่างไม่มีจุดหมาย.
กล้วยกา 0,น.,"กะเรกะร่อน, ชื่อกล้วยไม้ในสกุล Cymbidium วงศ์ Orchidaceae อิงอาศัยตามต้นไม้ใบเขียวหนา ยาวประมาณ ๒๐ - ๖๐ เซนติเมตร (ส.ฎ.)."
กล้วยกินดิบ 0,น.,กล้วยชนิดหนึ่ง คล้ายกล้วยเล็บมือนางแต่มีขน
กล้วยกุ้ง 0,น.,กล้วยชนิดหนึ่ง ผลดิบมีสีแดงก่ำ.
กล้วยโก้ 0,น.,"กล้วยผลอวบโตสั้น เป็นเหลี่ยม เนื้อในแข็งกรอบ (ช.พ., น.ศ.)"
กล้วยโกะ 0,น.,"กล้วยผลอวบโตสั้น เป็นเหลี่ยม เนื้อในแข็งกรอบ (ช.พ., น.ศ.)"
กล้วยขม 0,*น.,กล้วยชนิดหนึ่งคล้ายกล้วยไข่.
กล้วยข้าว 0,น.,กล้วยชนิดหนึ่ง คล้ายกล้วยเล็บมือนางแต่มีขน
กล้วยเขียว 0,น.,กล้วยชนิดหนึ่ง คล้ายกล้วยหอมเขียว
กล้วยแขก 0,น.,กล้วยชุบแป้งข้าวเจ้าและมะพร้าวขูด แล้วทอด
กล้วยคอหัก 0,น.,กล้วยหอมเขียว (ช.พ.).
กล้วยคอหัก 1,น.,กล้วยที่ต้นหักลงมา เนื้อในของกล้วยจะไม่หวาน เชื่อว่าไม่ให้ผู้หญิงที่ยังไม่แต่งงานและไม่มีลูกกิน เพราะเมื่อแต่งงานและมีลูกจะทำให้ลูกที่เกิดมาไม่สมบูรณ์.
กล้วยค่าง 0,น.,ชื่อไม้ต้นขนาดเล็ก วงศ์ Annonaceae ใบเดี่ยวเรียงสลับสองด้านของกิ่งในระนาบเดียวกัน ดอกออกเป็นช่อสั้น ๆ ช่อละ ๒ - ๓ ดอก ผลออกเป็นกลุ่ม ๆ ล่ะ ๓- ๖ ผล แต่ละผลรูปทรงกระบอก.
กล้วยฉาบ 0,น.,กล้วยห่ามๆ ผ่าบาง ๆ ผึ่งแดดให้ แห้งทอดน้ำมันแล้วชุบน้ำตาลเคี่ยว.
กล้วยญาเหวย 0,น.,กล้วยชนิดหนึ่ง คล้ายกล้วยหอมเขียว แต่ที่ผลมีขนสั้น ๆ นิยมนำไปทำไส้ข้าวต้มมัด
กล้วยดอก 0,น.,กล้วยชนิดหนึ่ง คล้ายกล้วยหอมเขียว
กล้วยตาก 0,น.,ทากชนิดหนึ่ง ตัวแบนคล้ายปลิงทะเล ขี้มีพิษ
กล้วยติหลา 0,น.,"มะละกอ, ชื่อไม้ต้น ใบหยักหยาบ ๆ ก้านยาว ผลกินได้"
กล้วยติหลา 1,น.,มะละกอ (ดู ลอกอ น.).
กล้วยเถือน 0,น.,กล้วยป่า.
กล้วยทอง 0,น.,กล้วยไข่ (ช.พ.).
กล้วยทอด 0,น.,กล้วยชุบแป้งข้าวเจ้าและมะพร้าวขูด แล้วทอด
กล้วยทับ 0,น.,กล้วยปิ้งทับให้แบนแล้วชุบกะทิผสมน้ำตาล.
กล้วยนมควาย 0,น.,ชื่อไม้เถาเนื้อแข็งชนิดหนึ่ง (Uvaria rufa) ในวงศ์ Annonaceae คล้ายนมแมว แต่ลูกโตกว่า ใบหนาสาก ผลเป็นช่อ ดอกสีแดงเข้ม
กล้วยนมสาว 0,น.,กล้วยชนิดหนึ่ง คล้ายกล้วยไข่ แต่โตและป้อมกว่า (ช.พ.).
กล้วยนากาบดำ 0,น.,กล้วยชนิดหนึ่ง คล้ายกล้วยเล็บมือนาง แต่ผลโตกว่า เปลือกหนากว่า
กล้วยนางญา 0,น.,กล้วยชนิดหนึ่ง คล้ายกล้วยหอมเขียว แต่ที่ผลมีขนสั้น ๆ นิยมนำไปทำไส้ข้าวต้มมัด
กล้วยน้ำ 0,น.,กล้วยชนิดหนึ่ง คล้ายกล้วยเล็บมือนาง แต่ผลโตกว่า เปลือกหนากว่า
กล้วยน้ำเมือง 0,น.,กล้วยน้ำว้า (ส.ฎ.).
กล้วยน้ำว้าลาย 0,น.,กล้วยชนิดหนึ่ง คล้ายกล้วยน้ำว้า แต่ผลโตกว่า ผิวของผลเกลี้ยงกว่า
กล้วยน้ำโว้ 0,น.,กล้วยชนิดหนึ่ง คล้ายกล้วยน้ำว้า แต่ผลโตกว่า ผิวของผลเกลี้ยงกว่า
กล้วยบัว 0,น.,กล้วยป่าชนิดหนึ่ง ปลีตั้งตรง สีคล้ายดอกบัว.
กล้วยบายศรี 0,น.,กล้วยชนิดหนึ่ง คล้ายกล้วยหักมุก ผิวเปลือกสีลูกหว้า.
กล้วยเปรี้ยว 0,น.,กล้วยชนิดหนึ่ง ผลสุกแล้วจะมีรสเปรี้ยว.
กล้วยผี 0,น.,ชื่อกล้วยไม้ชนิดหนึ่ง.
กล้วยพองหลา 0,น.,กล้วยตานี
กล้วยพังลา 0,น.,กล้วยตานี
กล้วยแพ 0,น.,ชื่อไม้ประดับชนิดหนึ่ง.
กล้วยฟ้า 0,น.,กล้วยชนิดใบสั้น ไม่มีลูก.
กล้วยมังลา 0,น.,กล้วยตานี
กล้วยมุดสัง 0,น.,ชื่อไม้เถาเนื้อแข็งชนิดหนึ่ง (Uvaria rufa) ในวงศ์ Annonaceae คล้ายนมแมว แต่ลูกโตกว่า ใบหนาสาก ผลเป็นช่อ ดอกสีแดงเข้ม
กล้วยมุดสัง 1,น.,ชื่อไม้เถาเนื้อแข็งชนิดหนึ่ง ผลกินได้ (ดู นมควาย).
กล้วยไม้ดิน 0,น.,ชื่อกล้วยไม้ชนิดหนึ่ง ขึ้นบนดิน วงศ์ Orchidaceae ใบเดี่ยวเรียงสลับเป็น ๒ แถว ดอกสีขาว กลีบลิ้นอันในสีแดงแกมม่วงและสีเหลือง
กล้วยย่าง 0,น.,กล้วยย่างไฟที่ก่อจากกาบมะพร้าว
กล้วยย่าง 1,น.,ทากชนิดหนึ่ง ตัวแบนคล้ายปลิงทะเล ขี้มีพิษ
กล้วยเรียน 0,น.,กล้วยชนิดหนึ่ง ผลคล้ายกล้วยน้ำว้า แต่ใหญ่และอวบกว่า.
กล้วยลันดา 0,น.,กล้วยชนิดหนึ่ง ผลคล้ายกล้วยน้ำว้า แต่ผลดิบสีแดงก่ำ.
กล้วยลา 0,น.,กล้วยชนิดหนึ่ง คล้ายกล้วยหอมเขียว
กล้วยลิอ้อง 0,น.,กล้วยชนิดหนึ่ง คล้ายกล้วยน้ำว้า ผลโตและป้อมกว่า (ช.พ.).
กล้วยไล 0,น.,กล้วยชนิดหนึ่ง คล้ายกล้วยหอมเขียว
กล้วยสา 0,น.,"กล้วยชนิดหนึ่ง คล้ายกล้วยไข่ ผลเรียว (ช.พ., น.ศ.)."
กล้วยเสือขบ 0,น.,กล้วยที่เนื้อในสุกไม่ตลอดทั้งผล.
กล้วยหมาก 0,น.,กล้วยชนิดหนึ่ง คล้ายกล้วยเล็บมือนาง ผลไม่มีขน ขนาดเท่ากล้วยกินดิบ.
กล้วยหลา 0,น.,มะละกอ (ดู ลอกอ น.).
กล้วยหลา 0,น.,"มะละกอ, ชื่อไม้ต้น ใบหยักหยาบ ๆ ก้านยาว ผลกินได้"
กล้วยหักมุก 0,น.,กล้วยชนิดหนึ่ง.
กล้วยหีน 0,น.,กล้วยที่ผลสุกเนื้อแข็ง มักนำไปต้มก่อนจึงกิน (ย.ล.)
กลอก 0,น.,ชื่อขนมชนิดหนึ่ง ทำในประเพณีให้ทานไฟ ใช้แป้งข้าวเหนียวผสมกะทิ ไส้เป็นมะพร้าวคลุกเกลือผสมน้ำตาล ทอดโดยเอาแป้งละเลงลงในกระทะ
กลอก 1,ก.,กลอกกลิ้ง.
กลอก 2,ก.,กลับกลอก.
กลอก 3,ก.,"มีปฏิภาณไหวพริบ, พลิ้ว, ตามไม่ทัน, ไล่ไม่จน, ตลกขบขัน เช่น “คนปีวอกกลอกเหมือนลิง”."
กลอกแกลก 0,ว.,"เหลวไหล, ไม่แน่นอน."
กลอง 0,น.,"กลอง, เครื่องตีทำด้วยไม้ มีลักษณะกลม กลวง ขึง ด้วยหนัง"
กลอง 1,น.,คำเฉลยปริศนาคำทายที่ว่า “ยังแต่หัวกับหน้า ถึงเวลาตีเอาตีเอา”
กล้อง 0,น.,"หลอดวัตถุลักษณะยาวกลวงตลอด เช่น กล้องสูบบุหรี่, กล้องนัดยา, กล้องเป่าไฟ"
กล้องกล้อง 0,สำ.,ทำพอรู้เรื่อง.
กล้องกล้อง 1,สำ.,ตำข้าวพอให้เปลือกออก เรียก กล้องข้าว
กล้องเกียง 0,น.,หลอดตะเกียง.
กล้องแกล้ง 0,น.,จิ้งเหลนชนิดหนึ่งท้องสีเขียว.
กล้องแกล้ง 1,น.,ชื่อแมลงชนิดหนึ่ง.
กล้องแกล้ง 2,ว.,"ทำทางเจ้าชู้, ไม่มั่นคง"
กล้องแกล้ง 3,ว.,"ท่าทางทะมัดทะแมง, คล่องแคล่ว."
กล้องแกล้ง 4,สำ.,ทำพอรู้เรื่อง.
กล้องตุด 0,น.,หลอดเป่าทำด้วยไม้ไผ่หรือไม้ซาง
กล้องทูด. 0,น.,หลอดเป่าทำด้วยไม้ไผ่หรือไม้ซาง
กล้องน้ำแข็ง 0,น.,หลอดดูดน้ำ.
กล้องน้ำแข็ง 1,น.,"กล่อง, ภาชนะใส่สิ่งของ รูปกลมหรือเหลี่ยมมีฝาปิด."
กล้องน้ำแข็ง 2,ก.,"ทำพอหยาบ ๆ, ทำอย่างคร่าว ๆ (ช.พ.)."
กลองเพล 0,น.,กลองลูกใหญ่ใช้ตีสำหรับนิมนต์พระมาฉันเพล หรือทำสังฆกรรมต่าง ๆ เวลาตีเสียงดังมาก.
กลองเพล 1,สำ.,พูดเสียงดังเหมือนกลองเพล – พูดเสียงดังมาก.
กลอด 0,ว.,"ปลอด, ตกหล่น, หลงเหลือ."
กล็อด 0,ว.,"จัดจ้าน, ดื้อรั้น, กล้าแข็ง เช่น เด็กคนนี้กรดจ้านด่าเพื่อนทั้งวัน - เด็กคนนี้จัดจ้านมาก ด่าเพื่อนทั้งวัน"
กล็อด 1,ว.,ข้อเท้าพิการต้องใช้ปลายเท้าจรดเดิน เรียกว่า ตีนกรด
กลอน 0,น.,"สลักประตูหน้าต่าง, ดาล."
กลอน 1,น.,ไม้เครื่องวางทับแปสำหรับผูกจาก
กลอน 2,น.,โรคกระษัย โรคตามตำราแพทย์ โบราณว่าทำให้ร่างกายทรุดโทรม มีอาการผอมแห้ง ตัวเหลือง เท้าเย็น.
กลอน 3,น.,คำประพันธ์ชนิดหนึ่ง.
กลอน 4,น.,ยาที่ปั้นเป็นก้อนพอกลืนได้.
กลอน 5,ลัก.,เรียกยาแผนไทยที่ปั้นเม็ดหนึ่ง ๆ ว่า กลอน เช่น ยานี้กินทีละ ๓ กลอน - ยานี้รับประทานครั้งละ ๓ เม็ด.
กล้อน 0,ก.,"ตกแต่ง, ตัดหยาบ ๆ."
กลอนผู้ 0,น.,เครื่องประกอบหลังคาให้รับระแนง
กลอนผู้ 1,น.,เครื่องประกอบหลังคาให้รับระแนง (ดู จันทันฝูง).
กลอนผูก 0,น.,บทกลอนที่จดจำมาขับร้อง
กลอนผูก 1,น.,บทกลอนซึ่งแต่งไว้ก่อน มิใช่ร้องสด.
กลอนมุตโต 0,น.,กลอนที่ร้องสด.
กลอบ 0,ก.,"กลับกลอก, กลิ้งกลอก."
กล่อม 0,ก.,ถากให้โค้งเข้ารูป.
กล่อม 1,ก.,"ขับร้องให้เด็กหลับ, พูดจูงใจให้คนเห็นด้วย."
กลอย 0,น.,ชื่อพืชเถาชนิดหนึ่ง มีหัวอย่างเผือก หัวกินได้.
กล้อย 0,ก.,"กู่, ตะโกน (ดู โก ก.)."
กล้อย 1,ก.,"กู่, ตะโกน"
กละ 0,น.,"ผีกระสือ, ผีชนิดหนึ่งที่ถือว่าเข้าสิงในตัวผู้หญิง ชอบกินสิ่งโสโครก"
กละ 1,น.,ผีกระสือ (ดู กระ น. ๓.).
กละบ็อก 0,ว.,"ตะกละ, อาการกินแบบน่ารังเกียจ (ส.ฎ.)."
กลัก 0,น.,สิ่งของที่ทำเป็นรูปสี่เหลี่ยมผืนผ้าขนาดเล็ก มีลิ้นชักเข้าออกได้ เช่น กลักไม้ขีด
กลัก 1,น.,ต้นไม้ชนิด หนึ่งมีหัว ใบคล้ายขมิ้น หัวแกงกินได้.
กลัก 2,ลัก.,ลักษณนามของไม้ขีดไฟ เช่น ไม้ขีด ๒ กลัก.
กลักเคยกลักเกลือ 0,น.,ชื่อไม้ต้นชนิดหนึ่ง ฝักคล้ายชัยพฤกษ์ ผลใช้ทำยา
กลัง 0,น.,ไม้กลมขนาดย่อม ยาวประมาณ ๑ วา ผูกทาบ เชือกล่ามควายวัวเพื่อยันไม่ให้วัวควายทำร้ายคนจูง.
กลั้ง 0,น.,ชื่อปลาน้ำจืดชนิดหนึ่ง คล้ายปลาช่อน แต่ตัวเล็กกว่า สีคล้ำ (ดู กรั้ง).
กลั้ง 1,น.,ชื่อตัวตลกในหนังตะลุง ถือมีดพร้าเป็นอาวุธ.
กลั้ง 2,ว.,แสดงอาการเหมือนตัวตลกในหนังตะลุง เช่น แต่งตัวเหมือนอ้ายกลั้ง.
กลัด 0,ก.,"ขัด, ปัก, เหน็บ."
กลัด 1,ก.,ไม่เจริญ ใช้กับต้นยาสูบ (ส.ฎ.).
กลัด 2,ก.,"ผลิ, เริ่มงอกผลิออกมา เช่น ต้นไม้กลัดยอดใหม่."
กลัด 3,ก.,อุดตัน เช่น เกียงเจ้าพาโยะกลัด - นมหนูของตะเกียงเจ้าพายุอุดตัน (ตรงทางเดินของน้ำมัน).
กลัด 4,ว.,รสฝาดอมเปรี้ยว (เทียบ ม. kelat).
กลั่น 0,ก.,คัดเลือกตามขนาด (ช.พ.).
กลั้น 0,ก.,"อดกลั้น, บังคับความรู้สึกหรือสิ่งที่อยู่ภายในร่างกายไม่ให้แสดงหรือหลุดออกมา."
กลั้นใจ 0,ก.,บังคับตนเองไม่หายใจออก.
กลั้นน้ำ 0,ก.,การดำน้ำลงไปแล้วพยายามอดกลั้นหายใจ.
กลับ 0,ก.,พลิก.
กลับ 1,ก.,แนบติดกับพื้น เช่น แร่กลับกับท้องราง – แร่ติดกับพื้นห้องรางแร่ (ภ.ก.).
กลัว 0,ว.,ไม่กล้า.
กลัวตีน 0,ก.,กลัวงูกัด เช่น ไม่กล้าเดินทางกลางคืน เพราะฉันกลัวตีน - ไม่กล้าเดินทางกลางคืน เพราะฉันกลัวงูกัด (ช.พ.).
กลา 0,น.,น้ำครำใต้ถุนห้องครัว (ดู ขี้กรา).
กล้า 0,น.,"ผีกระสือ, ผีชนิดหนึ่งที่ถือว่าเข้าสิงในตัวผู้หญิง ชอบกินสิ่งโสโครก"
กล้า 1,น.,"ข้าวกล้า, ต้นกล้า, ต้นอ่อนของพืช."
กล้า 2,น.,ผีกระสือ (ดู กระ น. ๓.).
กล้า 3,ว.,"ขยัน, หมั่น เช่น คนกล้าไม่พักกลัวอด - คนขยันไม่ต้องกลัวอด."
กล้า 4,ว.,กล้าหาญ.
กล้า 5,ว.,"แรง, จัด, มาก เช่น ลมกล้า - ลมแรง, ลมพัดจัด, มีดคมกล้า - มีดคมมาก."
กลาก 0,น.,"ขี้กลาก, ชื่อโรคผิวหนังชนิดหนึ่ง เกิดจากเชื้อราขึ้นเป็นวง มีอาการคัน."
กลาง 0,น.,"ส่วนที่ไม่ค่อนไปทางใดทางหนึ่ง, โดยปริยาย หมายความว่า ใน ที่ หรือเวลาระหว่าง."
กลางงายเช้า 0,น.,ช่วงเวลากึ่งกลางของช่วงเวลาเช้ากับเที่ยง ประมาณ ๐๙.๐๐ นาฬิกา.
กลางงายเย็น 0,น.,ช่วงเวลากึ่งกลางเวลาเที่ยงกับเย็น ประมาณ ๑๕.๐๐ นาฬิกา.
กลางเที่ยง 0,ว.,กลางแดดร้อนจัด (ช.พ.)
กลางเที่ยงตรง 0,ว.,กลางแดดร้อนจัด (ช.พ.)
กลางไฟ 0,น.,กองไฟ.
กลางเมี่ยง 0,ว.,กลางแดดร้อนจัด (ช.พ.)
กลาด 0,ว.,"เกลื่อนกลาด, มากมาย, ดาษดื่น เช่น นอนแลกลาด - นอนเกลื่อนกลาด."
กลาว 0,ก.,"กล่าว, บอก, แจ้ง, พูด"
กลาว 1,ก.,"แสดง, ขับร้อง."
กลาวบท 0,ก.,"ร้องกลอน เช่น กลอนหนังตะลุง, กลอนมโนราห์ เป็นต้น"
กล่าวบท 0,ก.,"ร้องกลอน เช่น กลอนหนังตะลุง, กลอนมโนราห์ เป็นต้น"
กลำ 0,น.,กิ่งไม้ที่สุมไว้ในลำคลอง หรือหนองน้ำเพื่อล่อปลาให้เข้าอาศัยแล้วล้อมจับหรือวิดเอาในภายหลัง
กลำ 1,น.,กิ่งไม้ที่สุมไว้ในลำคลองหรือหนองน้ำเพื่อล่อปลา (ดู หฺมฺรำ น. ๑.).
กล่ำ 0,น.,ชื่อพืชจำพวกเฟิน วงศ์ Gleicheniaceae ใบใหญ่เรียงเป็นระยะห่างตามลำต้น.
กล้ำกลวม 0,น.,ชื่อสัตว์เลื้อยคลาน ขนาดเล็กจำพวกจิ้งเหลน.
กล้ำกลวม 1,น.,ชื่องูดินชนิดหนึ่ง
กล้ำกลวม 2,ก.,สับเปลี่ยน.
กล้ำกลวม 3,ก.,ล้ำแดน.
กล้ำกลวม 4,ว.,"กำกวม, คลุมเครือ เช่น อย่าพูดกล้ำกลวมกูไม่โร้ฟัง - อย่าพูดกำกวม ฉันไม่รู้เรื่อง."
กลิง 0,น.,ยิงลูกสะบ้า.
กลิ้ง 0,น.,"กระดิ่ง, เครื่องทำเสียงสัญญาณ ทำด้วยโลหะ มีรูปคล้ายระฆัง แต่มีขนาดเล็กกว่ามาก มีตุ้มเล็ก ๆ อยู่ข้างในสำหรับทำให้เกิดเสียง"
กลิ้ง 1,น.,ชื่อไม้เถาชนิดหนึ่ง ตามง่ามใบมีหัวกลมขรุขระ.
กลิ้ง 2,น.,กระดิ่ง (ดู กริ้ง).
กลิ้ง 3,ก.,หมุนไปตามพื้น.
กลิ้ง 4,ก.,กดกระดิ่ง.
กลิ้ง 5,สำ.,กลับกลอก เช่น คนนี้กลิ้งจิตาย - คนนี้กลับกลอกมาก.
กลิบ 0,ก.,"ขยิบ, ทำหลับตาแล้วลืมโดยเร็ว เช่น กริบตา - ขยิบตา"
กลิบ 1,น.,กิ๊บ (ดู กีบ น. ๒.).
กลิบ 2,ก.,ขยิบ (ดู กริบ ก. ๑.).
กลิบ 3,ว.,"พริบตาเดียว, ไม่เหลือ, ไกลมาก (ดู กริบ ว.)."
กลิบ 4,น.,กิ๊บ (ก.บ.)
กลีบขาว 0,น.,ชื่อกล้วยไม้ อิงอาศัยบนต้นไม้อื่น วงศ์ Orchidaceae ใบเดี่ยวเรียงสลับในระนาบเดียวกัน ดอกสีขาวนวล.
กลุม 0,ก.,"อักเสบ, บวม, อาการที่เนื้ออูมหรือนูนขึ้น เพราะอักเสบหรือฟกช้ำ (ส.ฎ.)."
กลุ้ม 0,ก.,รุมล้อม.
กลุ้มกลวม 0,ว.,"ละลาบละล้วง, ล่วงเกิน (ส.ฎ.)."
กลูน 0,ก.,"หวาดหวั่น, วิตก, ประหม่า, กลัว (ดู หลูน)."
กลูน 0,ก.,"หวาดหวั่น, วิตก, ประหม่า, กลัว"
กวด 0,น.,ตะกวด มีสองชนิด คือ ตะกวดดอกไม้ เป็นตะกวดตัวโตกว่าตะกวดชนิดอื่น ตามตัวมีลาย คล้ายดอกไม้ และตะกวดหัวขาว หัวมีสีขาว ขนาดไม่โตนัก.
กวด 1,น.,"ปรวด, แผลเป็นที่มีลักษณะเป็นก้อนแข็งอยู่ใต้ผิวหนังและรู้สึกคัน (น.ศ., ส.ฎ.)."
กวด 2,ก.,ทำเส้นด้ายให้แข็งโดยใช้สีผึ้งยางสนรูด เช่น กวดด้ายใส่ลูกขี้เข็มให้ที - ใช้สีผึ้งถูด้ายสนเข็มให้ทีเถอะ.
กวด 3,ก.,"ทำให้ตึง, ทำให้แน่น."
กวด 4,ก.,"ไล่, เร่งรัดให้ดียิ่งขึ้นหรือเพื่อให้ทัน."
กวน 0,น.,เรียกของกินที่ทำด้วยผลไม้ เป็นต้น เคี่ยวกับน้ำตาลแล้วคนให้เข้ากันจนข้น.
กวน 1,ก.,"รบกวน, ทำให้เกิดความรำคาญ เช่น อย่าไปกวนพี่จะทำงาน - อย่าไปรบกวนพี่จะทำงาน."
กวน 2,ก.,คนให้เข้ากัน.
ก้วน 0,น.,"ก๊ก, เหล่า (จ., ภ.ก.)."
ก้วน 1,น.,เสาหลักในการเล่นอาหว้าย ดาวเด้อ หรือราวเด้อ (ภ.ก.).
ก้วน 2,ก.,การเปิดไพ่ใบที่ ๕ ในการเล่นไพ่ยี่สิบเอ็ดแต้ม.
ก้วน 3,ก.,สำเร็จบริบูรณ์.
ก่วนต่า 0,น.,"ป้ายวิญญาณที่ห้อยไว้กับกิ่งไผ่ที่เหลือยอดใบไว้ ๒ ใบ เพื่อให้ลูกชายคนโตถือนำหน้าโลงศพขณะหามศพไปฝังและพิธีกงเต๊ก (จ., ภ.ก.)."
กวนโมโห 0,ก.,ยั่วโทสะ.
กวนหมวน 0,ก.,ทำให้น้ำขุ่น.
กวนหมวน 1,สำ.,"รื้อฟื้นเรื่องเก่ามาเป็นประเด็น.,"
กวนหมวน 2,สำ.,"ก่อกวน, ทำลายความสงบเรียบร้อย."
กวนอก 0,ก.,คลื่นไส้
กวนอก 1,ก.,คลื่นไส้.
กวม 0,น.,ช้างตัวผู้ไม่มีงา มีแต่ขนาย ลักษณะโตและสูงใหญ่ มีกำลังมากกว่าช้างงา ดุร้ายมาก.
กวม 1,น.,ไก่ตัวผู้ ไม่มีเดือย
กวม 2,น.,พระมหานิกายที่ห่มผ้าอย่างธรรมยุติ.
กวม 3,น.,ชื่อไม้ยืนต้นชนิดหนึ่ง เปลือกและรากทำยาได้.
ก่วย 0,ก.,"ทำให้เสียเรื่อง, ขัด, ขัดแย้ง เช่น หมึงยามาก่วยเรื่องของกูนะ - มึงอย่ามาทำให้เรื่องของกูเสียนะ (จ., ภ.ก., พ.ง.)."
กวยฉบ 0,น.,"ปาท่องโก๋, ชื่อขนมชนิดหนึ่งของจีน ทำด้วยแป้งสาลีตัดเป็นท่อน ๆ แล้วจับเป็นคู่ติดกัน ทอดน้ำมันให้พอง คนจีนฮกเกี้ยน เรียก อิ่วเจียะโก้ย (ภ.ก., พ.ง.)"
กวยฉบ 1,น.,ปาท่องโก๋ (ดู จาโก้ย).
ก่วยติ้ว 0,น.,"นายอำเภอ (จ., ภ.ก.)."
ก๊วยเตี๋ยว 0,น.,"ก๋วยเดี๋ยว, ชื่อของกินชนิดหนึ่ง ทำด้วยแป้งข้าวเจ้าเป็นเส้น ๆ"
กวะ 0,ว.,"คำต่อท้ายคำพูด, ประโยคที่ผู้ใหญ่ใช้กับเด็กหรือระหว่างเพื่อนฝูงวัยเดียวกัน เช่น ""ไปไหนกวะ"" - ไปไหนจ๊ะ (ช.พ.)."
กวัก 0,น.,"นกกวัก, ชื่อนก ลำตัวสั้น ขาและนิ้วยาว หน้าผากและลำตัวด้านล่างสีขาว อาศัยอยู่ตามหนองน้ำ เดินหากินบนใบพืชนา เช่น บัว จอก แหน ในตอนเช้าหรือพลบค่ำ ร้องเสียงดัง “ กวัก ๆ ”"
กวัก 1,น.,นกกวัก.
กวัก 2,น.,ชื่อหอยชนิดหนึ่ง ชอบอยู่ในป่าชายเลน.
กวัก 3,น.,ชื่อสัตว์สี่เท้าสะเทินน้ำสะเทินบกชนิดหนึ่งคล้ายปาด ร้องเสียงกวัก ๆ.
กวัก 4,ก.,กวักมือ
กวักน้ำ 0,ก.,กวักน้ำ (ดู หวัก ก. ๒.).
กวักน้ำ 0,ก.,"วักน้ำ, เอาอุ้งมือตักน้ำหรือของเหลว ขึ้นมาค่อนข้างเร็ว"
กวัด 0,ก.,"ปัด, ตวัด, แกว่ง."
กวัดกวัด 0,ว.,"ไม่สำรวม, ลุกลี้ลุกลน เช่น เดินกวัดกวัด - เดินไม่สำรวม"
กว้าน 0,น.,"ร้านค้าเล็ก ๆ (น.ศ., พ.ท.)."
กว้าน 1,น.,ห้องแกว.
กว้าน 2,น.,บ้านที่ไม่มีใต้ถุน.
กว้าน 3,ก.,คว้าน.
กวายหลาย 0,ก.,ไขว่คว้า เช่น เด็กตกน้ำมือกวายหลาย – เด็กตกน้ำมือไขว่คว้า.
กวายหลาย 1,ก.,ทำไม่ระมัดระวัง (ต.ร.).
กวายหลาย 2,ก.,"ไม่อยู่นิ่ง, ทำสิ่งที่ไม่เป็นประโยชน์."
กวายหลาย 3,ว.,"ไม่อยู่ในร่องในรอย, กล้าเสี่ยงโดยไม่เกรงกลัว"
กวาวหวาว 0,ว.,"สามหาว, เอะอะ"
กวำ 0,ก.,"ขย้ำ, งับ."
กวำ 1,ว.,"โดนเต็มที่, อย่างจัง."
กวำ 2,ว.,เสียงดังเช่นนั้น.
กอ 0,น.,"ชื่อไม้ต้นชนิดหนึ่ง ผลมีเนื้อในกินได้ รสมันคล้ายเกาลัด แต่เล็กกว่า มีหลายชนิด เช่น กอข้าว, กอหมู, กอดำ."
กอ 1,น.,"กอ, กลุ่มแห่งต้นไม้ที่เกิดจากเหง้าเดียวกัน, ต้นไม้ที่ขึ้นเป็นกลุ่ม."
กอ 2,น.,เหล่ากอ เช่น กอมันดี - เหล่ากอมันดี.
กอ 3,ก.,เริ่ม เช่น เขากอสาดเป็นลายสอง - เขาเริ่มต้นสานเสื่อเป็นลายสอง.
กอ 4,ก.,"ก่อ, ทำให้เกิดขึ้น มีขึ้น หรือเป็นรูปขึ้น เช่น กอกำแพง - สร้างกำแพง, กอไฟ - ก่อไฟ."
กอ 5,ลัก.,"ต้น, กอ เช่น บ้านฉานโปลกดีปลี ๓ กอ - บ้านฉันปลูกพริกไว้ ๓ ต้น, โปลกไคร ๓ กอ - ปลูกตะไคร้ ๓ กอ."
ก้อ 0,น.,ชื่อขนม (ดู โก้ น. ๒).
ก้อ 1,น.,กลอง (ดู กลอง น. ๑).
ก้อ 2,ก.,เฝ้าดูแล (ภ.ก.).
ก้อ 3,น.,"ขนมโก๋, ชื่อขนมชนิดหนึ่งทำด้วยแป้งข้าวเหนียวผสมน้ำตาลทรายอัดใส่พิมพ์รูปต่าง ๆ"
ก๊อ 0,น.,"พี่สาวหรือน้องสาวฝ่ายพ่อ (จ., ภ.ก., พ.ง.)."
ก๋อ 0,น.,"กาวแป้งเปียก (จ., ภ.ก., พ.ง.)."
ก้อ 0,น.,"กลอง, เครื่องตีทำด้วยไม้ มีลักษณะกลม กลวง ขึง ด้วยหนัง"
ก๊อก 0,น.,"ก๊อกน้ำ, เครื่องเปิดปิดน้ำจากท่อหรือภาชนะ."
ก๊อกกี๋ 0,น.,"ธงชาติ (จ., ภ.ก.)."
ก๊อกกี้กางเกิ้ก 0,ว.,เสียงไก่ขัน
ก๊อกกี้กางเกิ้ก 1,สำ.,ไก่.
ก๊อกแก็ก 0,ว.,"เล็ก ๆ น้อย ๆ, เหลาะแหละ."
กอกีกางกี้ด 0,ว.,เสียงไก่ขัน (ดู ก้อกกี้กางเกิ้ก).
กอกีกางกี้ด 0,ว.,เสียงไก่ขัน
ก่อขูด 0,ว.,"เก็บตัว, ไม่คบใคร. จองหอง, หยิ่ง, อวดดี, ทำหน้าบอกบุญไม่รับ (จ., ภ.ก., พ.ง.)."
กอง 0,ก.,"ทำให้สุมรวมกันไว้, สุมกันไว้."
ก็องเกียะ 0,น.,ปลวกชนิดหนึ่ง ตัวใหญ่ หัวแข็ง สีดำ มีเขี้ยว
ก้องแก้ง 0,ก.,"อวดดี, อวดแรง, ทำเกินตัว"
ก้องแก้ง 1,ก.,อวดดี (ดู อ้องแอ้ง).
ก้องข้อง 0,น.,ดวงจันทร์
ก้องข้อง 1,น.,ดวงจันทร์ (ดู เขน).
กองโขเข 0,ว.,มากมายก่ายกอง
ก่องจ้อ 0,น.,"ทวด (จ., ภ.ก., พ.ง.)."
ก็องโต่ 0,ว.,ยุติธรรม (ดู ก้งโท้).
ก็องโต่ 0,ว.,"ยุติธรรม, ซื่อสัตย์ เช่น คนนี้เป็นคนก้งโท้"
ก็องถั่น 0,ก.,"เข้าหุ้นในการเล่นการพนัน (จ., ภ.ก.)."
ก้องถึง 0,น.,ขนมตุ๊บตั๊บ ทำด้วยถั่วกวนกับน้ำตาลแล้วทุบให้ละเอียดตัดเป็นชิ้น ๆ
ก้องถึง 1,น.,ขนมตุ๊บตั๊บ (ดู ถัวทุบ).
ก็องโถ่ 0,ว.,ยุติธรรม (ดู ก้งโท้).
ก็องโถ่ 0,ว.,"ยุติธรรม, ซื่อสัตย์ เช่น คนนี้เป็นคนก้งโท้"
กองปรน 0,ก.,การเก็บกิ่งไม้มากองเพื่อจุดไฟ.
กองลุย 0,ว.,มากมายก่ายกอง
กองเอ 0,ว.,มากมายก่ายกอง
กอฉะ 0,ก.,ร่วมประเวณี. (น.ธ.)
ก่อเซี้ย 0,น.,"คนเฝ้าเครื่องจักรในเหมืองแร่ (จ., ภ.ก., พ.ง.)."
กอด 0,ก.,"กอด, โอบไว้ในวงแขน."
กอดกง 0,ก.,อาการที่คนกอดคอขี่หลังคนอีกคนหนึ่ง
กอดกง 1,ว.,"ค่อม, โค้ง เช่น ตาแปะหลังกง - คนแก่หลังค่อม."
กอดกง 2,ก.,อาการที่คนกอดคอขี่หลังคนอีกคนหนึ่ง (ดู กง ก. ๓.).
กอดแคระ 0,ก.,อาการที่พาเด็กหรือคนป่วย โดยเด็กหรือคนป่วยเกาะอยู่ข้างหลังให้ขาคร่อมเอวผู้พา
กอดแคล่ 0,ก.,อาการที่พาเด็กหรือคนป่วย โดยเด็กหรือคนป่วยเกาะอยู่ข้างหลังให้ขาคร่อมเอวผู้พา
กอดแคละ 0,ก.,อาการที่พาเด็กหรือคนป่วย โดยเด็กหรือคนป่วยเกาะอยู่ข้างหลังให้ขาคร่อมเอวผู้พา
ก้อตะ 0,น.,กล่องที่ทำจากวัสดุต่าง ๆ ใช้สำหรับบรรจุสิ่งของ
ก้อเตาะ 0,น.,กล่องที่ทำจากวัสดุต่าง ๆ ใช้สำหรับบรรจุสิ่งของ
ก้อเตาะ 1,น.,กล่องที่ทำจากวัสดุต่าง ๆ (ดู ก้อตะ).
กอน 0,ว.,"เดิม, เริ่ม, ลำดับแรก."
ก้อน 0,น.,มาตราเงินโบราณ มีค่า ๒๕ สตางค์ (ยกเว้นสงขลา มีค่า ๑๕ สตางค์).
ก้อน 1,ลัก.,ของที่ปั้นเป็นก้อน เช่น เคยสองก้อน - กะปิสองก้อน.
กอนไก 0,ว.,ช่วงเวลาดึกก่อนไก่ขันครั้งแรก.
ก้อนขี้หมา 0,น.,ปลายจมูกของจระเข้.
กอนบุญ 0,น.,ช่วงเวลาก่อนที่จะมีเทศกาลเดือนสิบ (สารท).
ก้อนเส้า 0,น.,ก้อนดิน ก้อนอิฐ หรือก้อนหินที่เอามาเป็นหลักต่างเตาหุงต้ม.
ก้อนเส้า 1,น.,ก้อนหินที่เผาไฟ แล้วห่อผ้า ใช้ประคบท้องหญิงที่เพิ่งคลอดลูก.
ก้อนเส้า 2,น.,โหนก เช่น วัวนี้ก้อนเส้าใหญ่ - วัวนี้โหนกโต.
ก้อนเส้า 3,น.,ส่วนที่นูนบนหัวช้าง
ก้อเนื้อ 0,น.,ชื่อพันธุ์ข้าวพื้นเมือง (ก.บ.).
ก็อบตู 0,น.,"กบทู, ไม้เครื่องเรือนที่พาดเบื้องบนเป็นสันหลังคาเหนือใบดั้ง"
กอแปะ 0,ก.,"บุบ, บู้ลง. (น.ธ.)"
ก้อย 0,ก.,กิริยาของไก่ที่ร้องหารังจะไข่
ก้อย 1,ก.,กิริยาของไก่ที่ร้องหารังจะไข่ (ดู ต้อย).
ก้อเยาะ 0,น.,แผ่นยาที่ใช้ปิดบรรเทาปวด เช่น ปวดฟัน หรือ ปวดตามข้อ
ก้อเยาะ 1,น.,แผ่นยาที่ใช้ปิดบรรเทาปวด (ดู โปโยะ).
กอระ 0,ว.,"ไม่ได้ความ, ไม่ได้เรื่อง (ป.น., ย.ล)"
กอระหนี 0,น.,บานไม่รู้โรย (ดู กุนหนี).
กอระหนี 1,น.,"บานไม่รูโรย, ชื่อไม้ล้มลุกลำต้นค่อนข้างแข็ง แตกแขนงเป็นพุ่มเล็ก ๆ ดอกกลมสีขาว ชมพู หรือม่วงแดง"
กอแระ 0,น.,เครื่องมือคว้านหมากทั้งหมดให้เป็นฝอย ๆ ลักษณะเป็นโลหะ เช่น เหล็ก เป็นต้น รูปคล้าย อักษร “ร”.
กอแระ 1,ก.,การคว้านหมาก. (น.ธ.).
กอและ 0,น.,ชื่อเรือประมงตามชายฝั่งทะเลทางภาคใต้ รูปร่างยาวเพรียว หัวและท้ายเรือแหลมสูง เขียนลวดลายสีสันต่าง ๆ ไว้อย่างสวยงาม
กอและ 1,น.,ชื่อขนมชนิดหนึ่ง ทำจากข้าวเจ้าละลายในน้ำกะทิ เมื่อสุกเทใส่ถาด โรยหน้าด้วยต้นหอมหั่นละเอียด.
กอและ 2,น.,เรียกอาหารชนิดหนึ่ง ทำด้วยไก่ที่ถอดกระดูกชุบเครื่องปรุงรส ปิ้งให้สุกว่า ไก่กอและ.
กอสั้ง 0,น.,กระดุมเสื้อยาหยา
ก้อหรอ 0,ก.,"รุม, กลุ้มรุม."
กอหรัง 0,ก.,"มีน้อย, มีไม่เพียงพอ (น.ธ.)."
ก้อหรัง 0,ว.,"ขี้เหร่, ไม่งาม (เทียบ ม. buruk)"
กอหลอ 0,น.,ชื่อนกชนิดหนึ่ง.
กอหลี 0,น.,ชื่อขนมชนิดหนึ่ง (ดู กุหลี น. ๒.).
กอหลี 1,น.,ชื่อขนมชนิดหนึ่งทำด้วยข้าวเหนียวนึ่งหั่นเป็นชิ้นมีน้ำตาลโตนดเคี่ยวราดหน้า
ก๊อหุ้น 0,น.,หุ้น (ดู หุ้น น.).
ก้อหุน 0,น.,"หุ้น, ส่วนที่ลงทุนเท่ากันในการค้าขาย เป็นต้น"
ก่ออ๊าม 0,น.,"ผู้ดูแลศาลเจ้า (จ., ภ.ก.)."
ก่อเอ๊ว 0,น.,แผ่นขี้ผึ้งปิดแผลชนิดหนึ่งของจีน มักใช้ปิดฝีเพื่อดูดหนอง
กอเอ๊วญี่ปุ่น 0,น.,แผ่นยาที่ใช้ปิดบรรเทาปวด (ดู โปโยะ).
ก่อเอ๊วญี่ปุ่น 0,น.,แผ่นยาที่ใช้ปิดบรรเทาปวด เช่น ปวดฟัน หรือ ปวดตามข้อ
กอเอียะ 0,น.,แผ่นขี้ผึ้งปิดฝี (ดู ก่อเอ๊ว).
กอเอียะ . 0,น.,แผ่นขี้ผึ้งปิดแผลชนิดหนึ่งของจีน มักใช้ปิดฝีเพื่อดูดหนอง
กะ 0,น.,แต่ขนาดเล็ก
กะ 1,น.,ไม้ไผ่สานแบบตะกร้อสอยผลไม้ ข้างบนใช้สำหรับวางสิ่งของเซ่นสรวง เช่น ยกหนมโคใส่กะ เซ่นพระภูมิ.
กะ 2,น.,เครื่องประกอบสมอเรือช่วยให้กดดิน
กะ 3,น.,รอบหนึ่งของคาบทำงาน เช่น กะหนึ่งทำงาน ๓ ชั่วโมง.
กะ 4,น.,นกกระเต็นพันธุ์หนึ่ง ขนลาย ชอบกินปลา และขุดรูบริเวณดินลาดชัน
กะ 5,น.,เชือกที่โยงจากอวนกับเรือ สำหรับลากอวนมาสู่เรือ.
กะ 6,น.,คำนำหน้าชื่อสตรีของไทยมุสลิม
กะ 7,น.,รังทำไว้สำหรับให้นกไข่หรือไก่ไข่
กะ 8,น.,ชื่อไม้ชนิดหนึ่ง เปลือกสีดำ ทำฟืนได้.
กะ 9,น.,เครื่องมือสอยผลไม้ (ดู กรอม น. ๒.).
กะ 10,ก.,"แตกร้าว, กำลังจะขาด เช่น ไม้นี้กะเสียแล้ว อย่าเอาไปทำเริน - ไม้นี้แตกร้าวเสียแล้วอย่าเอาไปสร้างบ้าน."
กะ 11,ก.,"เอามือเค้นคอ (ก.บ., ส.ต., ต.ร.)."
กะ 12,ก.,"คาคคะเน, ประมาณ, กำหนด, หมาย."
กะ 13,ก.,การบากไม้เป็นเครื่องหมายไว้เป็นระยะ ๆ.
กะ 14,ก.,กัด เช่น กะอ้อย - กัดอ้อย.
กะ 15,ว.,ก็ เช่น ไปกะได้ - ไปก็ได้.
กะ 0,สรรพ.,สรรพนามแทนชื่อผู้หญิงมุสลิมที่เป็นพี่สาว หรือที่นับถือเหมือนพี่สาว (น.ธ.)
กะกรัก 0,ก.,เขย่าสิ่งของในภาชนะ เพื่อให้อัดตัวกันแน่น (เขย่าทางข้าง).
กะกรุ้ง 0,ก.,เขย่าสิ่งหนึ่งสิ่งใดด้วยอาการขึ้นลงด้วยความตื่นตระหนกหรือความสนุก.
กะกุบ 0,น.,"กล่อง, ตลับ (ดู กุบ)."
กะกุบ 0,น.,"กล่อง, ตลับ, อับ เช่น ยาเส้นอยู่ในกุบ - ยาเส้นอยู่ในกล่อง"
กะไกร 0,น.,กรรไกร (ดู ไกร).
กะไกร 0,น.,"กรรไกร, เครื่องมือสำหรับตัด โดยใช้หนีบ มี ๒ ขา"
กะเคี่ย 0,ว.,"ระเนระนาด, ระเกะระกะ."
กะจง 0,น.,"ภาชนะสานด้วยไม้ไผ่หรือเตยใช้ใส่ของ, กระจง (ดู จง)."
กะจง 0,น.,"กระจง, ชื่อสัตว์เคี้ยวเอื้องที่เล็กที่สุด รูปร่าง คล้ายกวาง แต่ไม่มีเขา ตัวผู้มีเขี้ยวแหลมคม"
กะจง 1,น.,ภาชนะชนิดหนึ่งสานด้วยไม้ไผ่หรือเตยใช้ใส่ของ (พ.ท.)
กะจะ 0,ก.,ว่องไว เช่น แด็กคนนี้กะจะจริง - เด็กคนนี้ว่องไวจริง
กะจะ 1,ว.,เห็นได้ชัดเจน.
กะจ๊ะ 0,น.,ช้าง (ดู ช้าง น. ๒.).
กะจ๊ะ 1,น.,"คลื่น, ลูกคลื่น."
กะจะรูป 0,น.,แผงเก็บรูปหนังตะลุง ทำด้วยไม้ไผ่ เป็นรูปสี่เหลี่ยมผืนผ้า ๒ แผ่น ประกบกันโดยใช้ไม้หนีบ
กะจะโรป 0,น.,แผงเก็บรูปหนังตะลุง (ดู แผงหนัง).
กะจัง 0,ว.,มาก เช่น คนมากันจัง - คนมากันมาก
กะจัง 1,น.,ชื่อปลาน้ำกร่อยชนิดหนึ่ง (ดู จัง น. ๒.).
กะจัง 2,น.,เครื่องบังลมชนิดหนึ่ง.
กะจัง 3,ว.,มาก (ดู จัง ว.).
กะจัง 0,น.,ชื่อปลาน้ำกร่อย พบในบริเวณป่าชายเลน รูปร่าง การเคลื่อนไหว และความสามารถขึ้นมาพ่นน้ำได้คล้าย ปลาจุมพรวดซึ่งมีขนาดใหญ่กว่า มีครีบอกเป็นกล้ามเนื้อใช้ต่างตีนช่วยครีบหาง ทำรูลึกอยู่ในเลน เคลื่อนไหวได้รวดเร็วบนผิวเลนและผิวน้ำ ปีนเกาะ บนที่ชันและกระโจนเป็นห้วง ๆ ได้
กะจั๊วะ 0,น.,แมลงสาบ (ดู สาบ น. ๒.).
กะจั๊วะ 1,น.,"ตั๊กแตนตำข้าว, แมงดา (ช.พ.)."
กะจั๊วะ 2,สำ.,"ผู้ชายที่เกาะผู้หญิงกินทำนองกาฝากหรือแมงดา (ภ.ก., พ.ง.)."
กะจ๋าม 0,ก.,จาม (น.ธ.)
กะแจ 0,น.,"กุญแจ, เครื่องใส่ประตูหน้าต่างเพื่อยึด หรือสลักให้เปิดเข้าออกได้ เวลากดหรือไขออกมีเสียงดังกริ๊ก มีลูกไข"
กะแจ 1,น.,กุญแจ (ดู ลูกแจ).
กะแจง 0,น.,"กะชะ, ภาชนะสานโปร่งสำหรับใส่สิ่งของ มีรูปต่าง ๆ บางชนิดมีหูหิ้ว บางชนิดไม่มี"
กะแจง 1,น.,กะชะ (ดู ชะ น. ๑.).
กะแจ๋ง 0,น.,ตะแกรง
กะแจ๋ง 1,น.,ตะแกรง (ดู แตรง).
กะแจงหิ้ว 0,น.,"กะชะ, ภาชนะสานโปร่งสำหรับใส่สิ่งของ มีรูปต่าง ๆ บางชนิดมีหูหิ้ว บางชนิดไม่มี"
กะแจงหิ้ว 1,น.,ตะกร้ามีหู.
กะโจ๋ 0,ว.,ลุกลี้ลุกลน.
กะโจ 0,น.,เครื่องกันขโมยผลไม้หรือพืชผัก ทำด้วยกระบอกไม้ไผ่ กะลามะพร้าว ฯลฯ เสกคาถาอาคมให้ขลัง ถ้าใครขโมยผลไม้หรือพืชผักนั้นไปกิน เชื่อว่าจะทำให้มีอันเป็นไป เช่น ปวดท้อง บวมพอง เป็นต้น (เทียบ ม. pachau)
กะโจะ 0,น.,เครื่องกันขโมยหลอก ๆ (ดู โจ น.).
กะฉด 0,ก.,"กระถด, เลื่อนไปเล็กน้อย"
กะฉด 1,ก.,กระถด (ดู ถด).
กะฉอน 0,ก.,คลอน เช่น ฟันฉอน - ฟันคลอน
กะฉอน 1,ก.,คลอน (ดู ฉอน ก.).
กะฉะ 0,ก.,ใช้เท้าวิดน้ำจากที่หนึ่งไปยังอีกที่หนึ่ง.
กะฉะ 1,ก.,ปะทะคารมกัน.
กะฉะ 2,ก.,ไก่ตีกัน (น.ธ.).
กะฉูด 0,ก.,"กระฉูด, พุ่งออกไป (น.ธ.)."
กะโฉง 0,ก.,กระฉอก (ดู ฉอก ก. ๒.).
กะโฉ้ง 0,น.,ขวานถากไม้ (ดู ขวานโฉ้ง).
กะโฉง 0,ก.,กระฉอก อาการที่ของเหลว เช่น น้ำในภาชนะกระเพื่อมอย่างแรงเพราะความสั่นสะเทือน
กะโฉ้ง 0,น.,ขวานถากไม้ ลักษณะคล้ายจอบ (น.ศ.)
กะโฉะ 0,ก.,เริ่มออกอย่างแรง.
กะโฉะ 1,ก.,"กระตุก, ดึง, (ดู โฉะ)."
กะโฉะ 0,ก.,"กระตุก, ดึง, กระชากแรง ๆ."
กะช็อง 0,ก.,ผูกเข้าด้วยกัน เช่น กะช็องมือ - ผูกมือเข้าด้วยกัน (น.ธ.).
กะช็อด 0,น.,"กะชะ, ภาชนะสานโปร่งสำหรับใส่สิ่งของ มีรูปต่าง ๆ บางชนิดมีหูหิ้ว บางชนิดไม่มี"
กะช็อด 1,ก.,"กระชาก, ดึง หรือฉุด หรือกระตุกโดยแรง, ชักเข้ามาโดยเร็วและแรง"
กะช็็อด 0,น.,กะชะ (ดู ชะ น. ๑.).
กะช็็อด 1,ก.,"กระชาก, ดึง (ดู ชะ ก. ๑.)."
กะช็็อด 2,ว.,กระเถิบ (น.ธ.).
กะชะ 0,ก.,"รีบ, รีบเร่ง, บังคับให้เร็ว, เตือนให้รีบปฏิบัติ."
กะชะ 1,ก.,"ชัก, ดึง, กระชาก เช่น กะชะปีน - ชักปืน (น.ธ.)."
กะชับ 0,ว.,"แข็งแรง, ล่ำสัน, มั่นคง (น.ธ.)."
กะชับ 0,ว.,"แข็งแรง, ล่ำสัน, สันทัด, มั่นคง เช่น ทำให้ชับ - ทำให้แข็งแรง"
กะชาย 0,น.,ผู้ชาย (ดู ชาย น. ๑.)
กะชาย 0,น.,ผู้ชาย
กะชิง 0,น.,"กะพ้อ, ชื่อปาล์มขนาดย่อม มีหลายชนิด บางชนิดมักขึ้นเป็นกออยู่ริมทะเล หรือในน้ำเค็มขึ้นถึง บางชนิดขึ้นตามป่าดอนชุ่มชื้นและแฉะ ใบกลม แตกเป็นแฉกลึก ใบใช้ห่อของ เย็บเป็นร่ม มุงหลังคาชั่วคราว ใบอ่อนใช้มวนบุหรี่ และทำพัด"
กะชิง 1,น.,กะพ้อ (ดู พ้อ น.).
กะชุ่น 0,ก.,"ดิ้น, ทุรนทุราย (ดู ชิน ก. ๓.)."
กะชุ่น 0,ก.,"ดิ้น, ทุรนทุราย"
กะเชอ 0,น.,กระเชอ (ดู เชอ).
กะเชอ 0,น.,"กระเชอ, ภาชนะ สานคล้ายกระจาดขนาดเล็ก แต่สูงกว่า ก้นสอบ ปากกว้าง ใช้กระเดียด"
กะแช่ 0,น.,น้ำตาลเมา (ดู หวาก).
กะซ้า 0,น.,กระชุ (ดู ชุด น. ๑.).
กะซ้า 0,น.,"ชุด, ภาชนะสานด้วยหวาย หรือเถาวัลย์เป็นตาห่าง รูปกลมยาว สำหรับใส่หมูเป็น"
กะซี่ 0,ว.,ไม่สมบูรณ์ (น.ธ.).
กะเซอ 0,ก.,"ทำไก๋, ทำเสแสร้งว่าไม่รู้, ทำไขสือ (น.ธ.)."
กะเซียม 0,น.,"วัณโรค, โรคชนิดหนึ่งเกิดที่ปอด ทำให้ร่างกายทรุดโทรมเสื่อมไปตามลำดับ"
กะเซียม 1,น.,"วัณโรค, โรคชนิดหนึ่งเกิดที่ปอด ทำให้ร่างกายทรุดโทรมเสื่อมไปตามลำดับ ไอบ่อย ๆ"
กะเซียม 2,น.,วัณโรค (ดู ฝีในพุง).
กะดกหมาก 0,น.,กาบหมาก
กะดกหมาก 1,น.,กาบหมาก (ดู ตอกหมาก).
กะด้ง 0,น.,กระด้ง (ดู ด้ง น. ๑.).
กะด่วน 0,ว.,"รีบ, เร่ง, ด่วน (น.ธ.)"
กะดอ 0,น.,อวัยวะเพศชาย
กะดอ 1,น.,อวัยวะเพศชาย (ดู หัวดอ).
กะดอ 2,น.,ชื่อปาล์มชนิดหนึ่ง คล้ายต้นหมากแต่เล็กกว่า ลำต้นนำมาทำเป็นพื้นเรือน และน้ำหวานจากจั่นอ่อนนำไปทำน้ำตาลได้ (น.ธ.).
กะด้อ 0,น.,ช้าง (ดู ช้าง น. ๒.).
กะด้อ 1,น.,ไม้ต้นชนิดหนึ่งคล้ายต้นหมาก แต่เล็กกว่า ใช้ปูเรือนได้ (น.ธ.).
กะด้อ 0,น.,"ช้าง, ชื่อสัตว์เลี้ยงลูกด้วยนม จมูกยื่นยาวเรียกว่า “งวง” ตัวผู้มีงายาว ตัวสีเทา กินพืช อยู่รวมกันเป็นโขลง"
กะดอก 0,น.,โสเภณี (ดู หญิงเที่ยว.).
กะดอก 1,ว.,"เปล่า, ไม่มีอะไร, ว่าง ๆ"
กะดอกกะดอก 0,ว.,เปล่า ๆ (ดู ดอกดอก).
กะดอกกะดอก 0,ว.,เปล่า ๆ เช่น วันนี้ฉันมาดอกดอก - วันนี้ฉันมามือเปล่า ๆ (ไม่ได้เอาอะไรมา)
กะด็อง 0,ก.,มัดทารกด้วยผ้าอ้อมไม่ให้มือและเท้าเคลื่อนไหว (ม. bedong)
กะด็อง 1,ก.,มัดทารกด้วยผ้าอ้อมไม่ให้มือและเท้าเคลื่อนไหว (ดู ด็อง.).
กะดะ 0,ก.,"กระทุ้ง, เอาสิ่งของที่มีลักษณะยาวกระแทกให้แน่นหรือให้ออก."
กะดะ 1,ก.,กระเด้าขณะร่วมประเวณี (ดู หญ็อง ก. ๓.).
กะดะ 2,ก.,กระดาก (ดู ดาก ก.).
กะดะ 0,ก.,กระดาก เช่น แลมันดากปาก - รู้สึกกระดากที่จะพูดเช่นนั้น
กะดัง 0,น.,กระด้ง (ดู ด้ง น. ๑.). กะดังแร่ง.
กะดัง 1,น.,แร่ง.
กะดัง 2,น.,ข้าวตัง (ดู ดังข้าว น. ๑.).
กะดัง 0,น.,"ข้าวตัง, ข้าวสุกที่ติดเป็นแผ่นเกรียมอยู่ก้นหม้อหรือกระทะ"
กะดังหริง 0,น.,มะพร้าวที่ขูดแล้ว นำไปผัดกับน้ำตาลกินกับข้าวเหนียวนึ่ง (น.ธ.).
กะดันนารี 0,น.,นกตัวเล็ก ๆ หางยาว คล้ายตุ๊กแก บินได้ด้วยหน้าท้อง เชื่อว่าเวลาร้องลิ้นจะออกมานอกปากอย่างชัดเจน ถ้าร้องเวลากลางคืน ณ ที่ใด บริเวณนั้นจะมีหญิงตั้งท้อง (น.ธ.).
กะดับ 0,ก.,"จัดแจง, เตรียม (ดู ดับ ก. ๑.)."
กะดับ 0,ก.,"จัดแจง, เตรียม, ลำดับ, ตกแต่ง"
กะดัย 0,ก.,จำนำ (น.ธ.).
กะดั้ย 0,ว.,"ไม่ลงรอยเดิม, ปีนเกลียว (น.ธ.)."
กะดา 0,น.,เครื่องหั่นใบยาสูบ ลักษณะคล้ายม้านั่งชนิดยาวที่ใช้ไสกบ (น.ธ.).
กะดาย 0,ว.,"ขี้เหนียว, ตระหนี่"
กะดาย 1,ก.,ตระหนี่ (ดู ขี้ชิด).
กะดี 0,น.,ปลากระดี่ (ดู ดี น. ๔.).
กะดี 1,ว.,ก็ดี เช่น ฉันไม่ไปกะดีงานยุ่งเกิน - ฉันไม่ไปก็ดีงานยุ่งเหลือเกิน.
กะดี 0,น.,"ปลากระดี่, ชื่อปลาน้ำจืด คล้ายปลาสลิด แต่ขนาดเล็กกว่า ครีบท้องยาวยื่นเป็นเส้น"
กะดึกกะดึม 0,ว.,"อึกทึก, อื้ออึง, ครึกโครม (น.ธ.)."
กะดึง 0,ว.,เสียงดังเช่นนั้นอย่างเสียงกลองรำมะนา (น.ธ.).
กะดึงนายพราน 0,น.,"หม้อข้าวหม้อแกงลิง, ชื่อไม้เถาชนิดหนึ่ง ปลายใบเป็นถุง มีฝาปิดสำหรับดักจับสัตว์กินเป็นอาหาร"
กะดึงนายพราน 1,น.,ต้นหม้อข้าวหม้อแกงลิง (ดู หม้อข้าวหม้อแกงลิง).
กะดือ 0,อุ.,ใช้เป็นคำด่า ซึ่งหมายถึง อวัยวะเพศชาย เช่นเดียวกับกะดอ แต่สุภาพกว่า
กะดุ้ง 0,ก.,"กระทุ้ง, สอย (น.ธ.)."
กะดุบกะดุบ 0,ว.,เต้นตุบ ๆ
กะเด้ 0,ว.,นานพอสมควรแล้ว ตรงข้ามกับกะเดียว (น.ธ.).
กะเดอะ 0,น.,หัวหน้าตัวเมีย มักใช้กับควายฝูง.
กะเดียว 0,ว.,ตะกี้
กะเดือน 0,อุ.,ใช้เป็นคำด่า ซึ่งหมายถึง อวัยวะเพศชาย (ดู กะดือ).
กะเดือน 0,อุ.,ใช้เป็นคำด่า ซึ่งหมายถึง อวัยวะเพศชาย เช่นเดียวกับกะดอ แต่สุภาพกว่า
กะเดือนและ 0,ก.,ไม่ยอม.
กะโดกหัว 0,น.,"กะโหลก, กระดูกที่หุ้มมันสมอง"
กะโดกหัว 1,น.,กะโหลก (ดู โหลก น. ๑.).
กะโดน 0,น.,ชื่อไม้ต้น ชอบขึ้นในป่าเบญจพรรณที่ชุ่มชื้น ใบคล้ายหูกวาง ดอกคล้ายชมพู่ ดอกและผลอ่อน ใช้กินเป็นผักเคียงได้
กะโดน 1,น.,ชื่อไม้ต้นชนิดหนึ่ง (ดู โดน น.).
กะโด๊ะ 0,ก.,รนหาที่
กะโด๊ะ 1,ก.,รนหาที่ (ดู เจ็บหวาด).
กะได 0,ก.,เคยตัว (ดู ได ก.).
กะได 0,ก.,เคยตัว เช่น ไดตัว - ติดเป็นนิสัยประจำตัว
กะตรน 0,น.,"กระสวย, เครื่องบรรจุด้ายสำหรับทอผ้าหรือเย็บผ้า"
กะตรน 1,น.,กระสวย (ดู ตรน น. ๑.).
กะตร้อ 0,น.,ลูกตะกร้อที่ใช้เตะเล่น (ดู กร้อ น. ๑.).
กะตร้อ 0,น.,"ตะกร้อ, ลูกกลมสานด้วยหวายหรือพลาสติก เป็นตา ๆ สำหรับเตะ"
กะตรอง 0,น.,กระชอน (ดู กรอง น.).
กะตรอง 0,น.,"กระชอน, เครื่องกรอง โดยปกติสานด้วยผิวไม้ไผ่ใช้กรองกะทิ เป็นต้น"
กะตรี๋ 0,น.,พิธีการทรงเจ้าของชาวไทยมุสลิมเพื่อถามอาการไข้ และวิธีการรักษาแก่ผู้ป่วยไข้โดยมีการบรรเลงดนตรีด้วยปี่ชวา ฆ้อง โหม่ง และกลองแขก เพื่อเชิญเจ้ามาเข้าทรงด้วย.
กะต๊วย 0,น.,ไฝเม็ดโต ๆ ที่ขึ้นตามส่วนต่าง ๆ ของร่างกาย (น.ธ.).
กะตอ 0,น.,สะตอ (ดู ตอ น. ๑.).
กะตอ 0,น.,"สะตอ, ชื่อไม้ต้น ฝักแบน เมล็ดในกินได้ มีมากทางภาคใต้ มีหลายชนิด"
กะตอเบา 0,น.,กระถิน (ดู ตอเบา).
กะตอเบา 0,น.,"กระถิน, ชื่อไม้พุ่มหรือไม้ต้นไม่มีหนาม ช่อดอก กลม สีนวล ฝักแบน ใบอ่อน และฝักอ่อนใช้เป็นอาหาร"
กะต๋อย 0,น.,"หน่อเล็ก ๆ, ไม่โต."
กะตะ 0,น.,กล่องที่ทำจากวัสดุต่าง ๆ ใช้สำหรับบรรจุสิ่งของ
กะตะ 1,น.,สะมุก (ดู หมุก น.).
กะตะ 2,น.,กล่องที่ทำจากวัสดุต่าง ๆ ใช้สำหรับบรรจุสิ่งของ (ดู ก้อตะ).
กะตะข้าวหอ 0,น.,กล่องสำหรับใส่ข้าวห่อ.
กะตะหลกเกาะ 0,น.,กล่องใส่บุหรี่ (น.ธ.).
กะตัว 0,ก.,"ทำธุระให้ผู้อื่นด้วยกิริยาอาการกระตือรือร้น, กุลีกุจอ."
กะตาง 0,น.,"สตางค์, เหรียญกระษาปณ์, เงิน"
กะตาง 1,น.,สตางค์ (ดู ตาง).
กะต๋าว 0,น.,เข่งเล็ก ๆ ใช้ใส่หรือตวงกุ้งเยื่อเคย.
กะตึ๋ง 0,ก.,"ตรึง, ผูกให้อยู่คงที่ (น.ธ)."
กะตึ๋งกะแต๋ง 0,ว.,พันกันยุ่ง
กะตุ๊ด 0,น.,หูด (ดู ตุด น. ๑.).
กะตุ๊ด 0,น.,"หูด, ปม, โรคผิวหนังชนิดหนึ่งขึ้นเป็นไตแข็ง"
กะตูก 0,น.,ชื่อนกชนิดหนึ่ง คล้ายนกกะปูด แต่ตัวเล็กกว่า (ดู ตูก น.).
กะตูด 0,น.,"ก้น, ตะโพก, ทวาร"
กะตูด 1,น.,"ก้น, ตะโพก, ทวาร (ดู วาน น.)."
กะเตอะ 0,ก.,กะเทาะออกเป็นแผ่นเล็ก ๆ (ช.พ.).
กะเตะ 0,น.,วัดของพุทธศาสนา (น.ธ.).
กะเตาะ 0,น.,"กาบพืชตระกูลปาล์ม เช่น ต้อหมาก - กาบหมาก, ต้อหลาโอน - กาบเหลาชะโอน"
กะเตาะ 1,น.,กาบพืชตระกูลปาล์ม (ดู ตอก น. ๓.).
กะเตียว 0,ก.,"กระเดียด, เอาเข้าข้างสะเอว, สะพาย"
กะเตียว 1,น.,ชื่อไม้ต้นขนาดใหญ่ เนื้ออ่อน ขึ้นในที่ลุ่ม ผลนำมาเคี่ยวทำน้ำมันได้
กะเตียว 2,น.,ชื่อไม้ต้นขนาดใหญ่ เนื้ออ่อน ขึ้นในที่ลุ่ม. (ดู เตียว น. ๓.).
กะเตียว 3,ก.,กระเดียด (แคละ).
กะแตรง 0,น.,"กะชะ, ภาชนะสานโปร่งสำหรับใส่สิ่งของ มีรูปต่าง ๆ บางชนิดมีหูหิ้ว บางชนิดไม่มี"
กะแตรง 1,น.,กะชะ (ดู ชะ น. ๑.).
กะโต 0,ก.,"กระโดดงับ, กระโดดหยิบ."
กะโต่ง 0,น.,กระป่อง (น.ธ.).
กะโตน 0,ก.,"กระโจน, กระโดด, พลุ่ง"
กะโตน 1,ก.,กระโจน (ดู โตน ก.).
กะโต๊ะ 0,ก.,"อยู่ไม่นิ่ง, ทุรนทุรายด้วยความเจ็บปวด (ดู เจ็บหวาด)."
กะไต 0,น.,สะตอ (ดู ตอ น. ๑.).
กะไต 0,น.,"สะตอ, ชื่อไม้ต้น ฝักแบน เมล็ดในกินได้ มีมากทางภาคใต้ มีหลายชนิด"
กะไตซก 0,น.,สะตอดอง.
กะไตเบา 0,น.,กระถิน.
กะไตเบา 0,น.,"กระถิน, ชื่อไม้พุ่มหรือไม้ต้นไม่มีหนาม ช่อดอก กลม สีนวล ฝักแบน ใบอ่อน และฝักอ่อนใช้เป็นอาหาร"
กะไตหนัก 0,น.,สะตอ.
กะถก 0,ก.,"ถลอก, ลอกออกไป, ปอกออกไป, เปิดออกไป"
กะถก 1,ก.,ถลอก (ดู ถอก ก. ๓.).
กะถด 0,ก.,กระถด (ดู ถด).
กะถด 0,ก.,"กระถด, เลื่อนไปเล็กน้อย"
กะถุ้ง 0,ก.,"ถัง, ภาชนะสำหรับตักน้ำจากบ่อ"
กะถุ้ง 1,น.,ถัง (ดู ถุ้ง น. ๑.).
กะเถง 0,ก.,เดินหรือวิ่งเขย่งด้วยเท้าข้างเดียว (ดู เถง.).
กะเถง 0,ก.,เดินหรือวิ่งเขย่งด้วยเท้าข้างเดียว
กะเถ็ด 0,ก.,"กระถด, เลื่อนไปเล็กน้อย"
กะแถ็ด 0,ก.,กระถด (ดู ถด).
กะทอก 0,ก.,"ร่อน, เขย่า, สั่น"
กะทอก 1,ก.,"ร่อน, เขย่า, สั่น (ดู แร่ง ก.)."
กะท็อก 0,ก.,"กระตุก, กระชาก, ดึง (ดู ทก ก. ๑.)."
กะท็อก 0,ก.,"กระตุก, กระชาก, ดึง เช่น ทกข้าว - เอาข้าวใส่กระด้ง ร่อนพลางกระตุกพลางเพื่อให้กากข้าวแยกออกจากข้าวสาร, ทกเชือก - กระตุกเชือก"
กะทับ 0,น.,เปลือกปิดปากหอย เรียก “ทับหอย”
กะทับ 1,น.,เปลือกปิดปากฝาหอย (ดู ทับ น. ๒.).
กะทา 0,น.,ไม้รุนขยะคล้ายคราดแต่เป็นแผ่นทึบไม่มีซี่
กะทาย 0,น.,กระบุงเล็ก ปากผาย.
กะทิ่น 0,ว.,"พอเหมาะ, พอดี, สบายใจได้, วางใจได้"
กะทิ่น 1,ว.,"พอเหมาะ, พอดี (ดู ทิ่น ว. ๒.)."
กะทึง 0,น.,"ต้นกระทิง, ชื่อไม้ต้นชนิดหนึ่ง ใบและผลคล้ายสารภีแต่ใบเป็นสันมาก และผลกลมกว่า เปลือก เมล็ดแข็ง"
กะทึง 1,น.,ต้นกากะทิง (ดู ทึง น.).
กะทุยใยมัน 0,น.,สัตว์เลื้อยคลานคล้ายแมงป่อง แต่เล็กกว่า เหล็กในมีพิษ
กะทุยใยมัน 1,น.,สัตว์เลื้อยคลานคล้ายแมงป่อง แต่เล็กกว่า เหล็กในมีพิษ (ดู ทวยใยมัน).
กะทู้ 0,น.,ไม้กลมโคนแหลม ขนาดเท่าไม้พลอง แต่ยาวกว่าใช้ทำรั้วคอกควาย (ดู ไม้โท้ น. ๒.).
กะทู้ 0,น.,"ไม้กลมโคนแหลมขนาดเท่าไม้พลองแต่ยาวกว่า ใช้ทำรั้วคอกควาย, ไม้เสารั้ว"
กะเทียมขาว 0,น.,กระเทียม (ดู เทียม น. ๒.).
กะเทียมขาว 0,น.,ชื่อไม้ล้มลุก คล้ายต้นหอม หัวเป็นกลีบ ๆ เมื่อแห้งสีขาว กลิ่นฉุน รสเผ็ดร้อน ใช้ปรุงอาหาร
กะเทียมแดง 0,น.,หอม (ดู หอม น.).
กะเทียมแดง 0,น.,ชื่อไม้ล้มลุกมีหัว กลิ่นฉุน ใช้ปรุงอาหาร
กะโทง 0,น.,กระป๋อง (น.ธ.).
กะโทะ 0,น.,ชื่อไม้พุ่มขนาดเล็ก (ดู โท่ น.).
กะโทะ 0,น.,ชื่อไม้พุ่มขนาดเล็ก วงศ์ Myrtaceae ใบเดี่ยว เรียงตรงข้ามกัน ดอกสีม่วงแกมชมพูแก่ ผลแก่สีม่วง ม่วงคล้ำถึงดำ
กะนอ 0,น.,ของเหลือ.
กะนอ 1,น.,ไม้แผ่นปิดหัวตงและกระดานพื้น (ดู นอ น. ๓.).
กะนอ 0,น.,ไม้แผ่นปิดหัวตงและกระดานพื้น
กะนะ 0,น.,กะชะ (ดู ชะ).
กะนัง 0,น.,กิ่งไม้ที่สุมไว้ในลำคลองหรือหนองน้ำเพื่อล่อปลา (ดู หฺมฺรำ น. ๑.).
กะนัง 0,น.,กิ่งไม้ที่สุมไว้ในลำคลอง หรือหนองน้ำเพื่อล่อปลาให้เข้าอาศัยแล้วล้อมจับหรือวิดเอาในภายหลัง
กะนัด 0,น.,สับปะรด (เทียบ ม. nanas)
กะนัด 1,น.,สับปะรด (ดู ย่าหนัด).
กะน้า 0,น.,ผักคะน้า
กะนาง 0,น.,ชนาง (ดู นาง น. ๒.).
กะนาง 0,น.,"ชนาง, เครื่องดักปลาและสัตว์ป่า"
กะนาหลิง 0,ก.,เจ็บจนตัวสั่นแล้วสลบไป
กะเน๊าะกะแน๊ะ 0,ว.,"พะรุงพะรัง, มากมายหลายเรื่อง, เอาใจใส่ในหน้าที่การงาน (น.ธ.)."
กะเน๊าะกะแน๊ะ 1,ก.,ยุ่งยาก.
กะเน๊าะกะแน๊ะ 2,ว.,"พะรุงพะรัง, เอาใจใส่ในหน้าที่การงาน. (ดู ฆะเน๊าะฆะแน๊ะ)."
กะเนียง 0,น.,ภาชนะปั้นดินเผา ปากกว้าง (ดู เนียง น. ๑.).
กะเนียง 0,น.,"ภาชนะปั้นดินเผาชนิดหนึ่ง ปากกว้าง, ตุ่มน้ำขนาดย่อม"
กะบะ 0,น.,"สำรับ, ภาชนะที่ใช้ใส่ถ้วยชามพร้อมบรรจุอาหารคาวหรือหวานเป็นชุด ทำด้วยไม้ รูปร่างสี่เหลี่ยม ก้นแบน มีขอบอย่างถาด (ช.พ.)."
กะบับ 0,น.,สะบัก (ดู บับ น.).
กะบับ 0,น.,"สะบัก, กระดูกส่วนที่เป็นฐานรองรับต้นแขน อยู่ถัดบ่าลงไปข้างหลัง ปลายด้านนอกเป็นที่หัวกระดูกต้นแขนเกาะยึด"
กะบาน 0,น.,ภาชนะสานด้วยไม้ไผ่ ขนาดเล็กกว่ากระด้ง ราวหนึ่งในสี่ สานตาถี่
กะบาน 1,น.,ภาชนะสานด้วยไม้ไผ่ ขนาดเล็กกว่ากระด้ง (ดู บาน น. ๑.).
กะบาย 0,น.,"ภาชนะสานรูปคล้ายกระบุง แต่มีขนาดเล็กกว่า ปากกลม, ก้นสี่เหลี่ยม."
กะเบนท้องน้ำ 0,น.,แนวสันหลังของปลากระเบนมีปุ่มคล้ายกระดูกเป็นเม็ด ๆ นิยมนำมาทำหัวแหวน (ดู เบนท้องน้ำ)
กะเบนท้องน้ำ 0,น.,แนวสันหลังของปลากระเบนชนิดหนึ่ง มีปุ่มคล้ายกระดูก เป็นเม็ด ๆ เรียงแถวตั้งแต่หัวจดโคนหาง ปมนี้มีลักษณะแววใส นิยมนำมาทำหัวแหวน เป็นเครื่องรางของขลัง
กะเบอ 0,ว.,มาก เช่น คนมากันจัง - คนมากันมาก
กะเบอ 1,ว.,มาก (ดู จัง ว.).
กะเบ๋อ 0,สัน.,"ก็เมื่อ, ในเมื่อ, ก็เพราะ (ดู กะเบอะ)."
กะเบ๋อ 1,สัน.,"ก็เมื่อ, ในเมื่อ, ก็เพราะ เช่น งานไม่เสร็จกะเบอะไม่ทำ - งานไม่เสร็จก็เพราะไม่ทำ"
กะเบอะ 0,สัน.,"ก็เมื่อ, ในเมื่อ, ก็เพราะ เช่น งานไม่เสร็จกะเบอะไม่ทำ - งานไม่เสร็จก็เพราะไม่ทำ"
กะเบากลัด 0,น.,ชื่อไม้ต้นขนาดกลางชนิดหนึ่ง (ดู หัวค่าง).
กะเบากลัด 0,น.,ชื่อไม้ต้นขนาดกลาง ใบหนาทึบ ริมใบเป็นจัก คล้ายสมอทะเล ผลกลมโต
กะเบาน้ำ 0,น.,ชื่อไม้ต้นชนิดหนึ่ง ใบเล็ก ดอกเล็ก มีกลิ่นหอม (ดู กาหลง น. ๒.).
กะเบาน้ำ 0,น.,ชื่อไม้ต้นชนิดหนึ่ง ใบเล็ก ดอกเล็ก มีกลิ่นหอม
กะปะ 0,น.,"งูกะปะ, ชี่องูพิษตัวยาว ๓๐ – ๘๐ เซนติเมตร มีลายหลากสี มีหลายชนิด"
กะปะ 1,น.,ขวาน (ม. กาเปาะ ; น.ธ.).
กะปะ 2,น.,กระพรวน.
กะปะ 3,น.,งูกะปะ (ดู ปะ น. ๑.).
กะปั๊บ 0,ก.,ขึ้นต้นไม้โดยใช้มือทั้งสองโอบสำต้นแล้วขยับเท้าขึ้นไปพร้อมกันทั้งสองข้าง
กะปั๊ป 0,ก.,ขึ้นต้นไม้โดยใช้มือทั้งสองจับลำต้นแล้วขยับเท้าขึ้นไปพร้อมกันทั้งสองข้าง (ดู ปลับ ก. ๑.).
กะปิต้า 0,น.,"คาร์บูเรเตอร์ (อ. carburetor : ภ.ก., พ.ง.)."
กะเปรง 0,ก.,"ระย้า, เครื่องห้อยเป็นพวงเป็นพู่ (ช.พ.)."
กะเปร้ง 0,ว.,เรียกลักษณะที่โผล่ขึ้นมาจำนวนมาก ๆ
กะเปะ 0,ก.,"ถัง, ภาชนะสำหรับตักน้ำจากบ่อ"
กะเปะ 1,น.,ภาชนะตักน้ำทำด้วยวัสดุต่าง ๆ เช่น ทำด้วยใบจากเรียก “ หมาจาก ” ทำด้วยกาบหมาก กาบเหลา ชะโอนเรียก “ หมาต้อ ” ทำด้วยโลหะพวกสังกะสีเรียก “ หมาถั้ง ” ทำด้วยพลาสติก เรียก “ หมาพลาสติก ” หมาที่ทำด้วยใบจากกาบหมากกาบเหลาชะโอน มี ๒ ชนิด ชนิดที่หูยืด ๒ ข้างไขว้กัน เรียก “ หมาโผ้ ” ชนิดที่ทำหูสอดเข้าหากันเรียก “ หมาเหมีย ”
กะเปะ 2,น.,หน่อไม้น้ำ (ดู ก่าเปก).
กะเปะ 3,น.,รั้วพรางสำหรับเป็นแนวให้สัตว์เดินสู่กับดัก.
กะเปะ 4,น.,ภาชนะตักน้ำที่ทำจากวัสดุต่าง ๆ (ดู หมา น. ๒.).
กะเปะ 5,น.,"หน่อไม้น้ำ เป็นพืชตระกูลหญ้าในวงศ์ Gramineae (ภ.ก., พ.ง.)"
กะผะ 0,ก.,ทะลึ่ง เช่น มึงยามากะผะที - มึงอย่ามาทะลึ่งนักเลย (ภ.ก.).
กะเผล้ง 0,น.,กะละมังสังกะสีใบเล็ก ๆ.
กะเผล้ง 1,น.,กระป๋องตักน้ำสังกะสีใบเล็ก ๆ (ช.พ.).
กะเฝือก 0,น.,"ฟอง, ต่อมน้ำที่ผุดหรือปุดขึ้นเป็นรูปโป่ง ๆ อาจเป็นต่อมเดี่ยว หรือรวมกันเป็นแพก็ได้"
กะเฝือก 1,น.,ฟอง (ดู เปือก น. ๓.).
กะพ้ง 0,น.,"กระพุ้ง, ส่วนที่โป่งนูนออก หรือส่วนที่กว้างสุดของภาชนะ เช่น ไห โอ่ง ข้อง เป็นต้น"
กะพ้ง 1,น.,กระพุ้งแก้ม (ดู พ้ง น. ๑.).
กะพด 0,ก.,ขดตัว เช่น นอนพด
กะพด 1,น.,เปลือกมะพร้าว (ดู พด น. ๑.).
กะพด 2,ก.,ขดตัว (ดู พด ก. ๑.).
กะพด 0,น.,เปลือกมะพร้าว
กะพรก 0,น.,กะลา (ดู พรก น.).
กะพรก 0,น.,"กะลา, ส่วนแข็งที่หุ้มเนื้อมะพร้าว (เทียบ ม. porok)"
กะพวง 0,น.,"ฟอง, ต่อมน้ำที่ผุดหรือปุดขึ้นเป็นรูปโป่ง ๆ อาจเป็นต่อมเดี่ยว หรือรวมกันเป็นแพก็ได้"
กะพวง 1,น.,ฟอง (ดู เปือก น. ๓.).
กะพอก 0,น.,"ถาด, ภาชนะใส่ของทำด้วยไม้หรือโลหะ เป็นต้น รูปเตี้ย แบน มีขอบ"
กะพอก 1,น.,"กล่องสานมีฝาครอบสำหรับใส่อาหาร, หม้อ, กระบะสำหรับใส่กับข้าว (ดู พอก น.)."
กะพอก 0,น.,ภาชนะทำด้วยไม้เป็นกล่องสี่เหลี่ยม มีฝาครอบ ใช้เก็บอาหาร หรือจัดสำรับ.
กะพ้อแดง 0,น.,ชื่อพืชจำพวกปาล์ม วงศ์ Palmae ใบประกอบรูปฝ่ามือ เรียงเวียนสลับ ช่อดอกเป็นช่อแยกแขนง ออกตามง่ามใบ ดอกสีขาวแกมเขียว ผลกลมสีแดงถึงดำ.
กะพ่อม 0,น.,"กระออม, ภาชนะสานด้วยไม้ไผ่ ยาชัน รูปคล้ายกระมุง ไม่มีคอ ใช้ใส่น้ำ"
กะพ่อม 1,น.,กระออม (ดู ออม น.).
กะพ่อม 0,น.,"ภาชนะปั้นดินเผาชนิดหนึ่ง ปากกว้าง, ตุ่มน้ำขนาดย่อม"
กะเพร็ง 0,ว.,เสียงดังเซ็งแซ่ (ดู เพร็ง).
กะเพร็ง 0,ว.,เสียงดังเซ็งแซ่
กะเพือก 0,น.,"ฟอง, ต่อมน้ำที่ผุดหรือปุดขึ้นเป็นรูปโป่ง ๆ อาจเป็นต่อมเดี่ยว หรือรวมกันเป็นแพก็ได้"
กะเพือก 1,น.,ฟอง (ดู เปือก น. ๓.).
กะโพล้ 0,น.,ภาชนะทำด้วยกะลามะพร้าว สำหรับใส่เหยื่อตกปลา (ดู กะโอ น.).
กะโพล้ 0,น.,ภาชนะทำด้วยกะลามะพร้าว สำหรับใส่เหยื่อตกปลา
กะโพะ 0,น.,"ฟอง, ต่อมน้ำที่ผุดหรือปุดขึ้นเป็นรูปโป่ง ๆ อาจเป็นต่อมเดี่ยว หรือรวมกันเป็นแพก็ได้"
กะโพะ 1,น.,ฟอง (ดู เปือก น. ๓.).
กะมะ 0,ก.,"คาดคะเน, ประมาณ (ดู ฆะมะ)."
กะมะ 1,ก.,หยอกล้อ (ช.พ.).
กะมะ . 0,ก.,"กะ, กำหนด, คาดการณ์, คาดคะเน, ประมาณ"
กะมุ 0,น.,ยุ้งข้าวขนาดเล็ก กั้นไว้ส่วนใดส่วนหนึ่งของอาคาร (ช.พ.).
กะมุ 1,น.,เครื่องมือจับปลาทำด้วยไม้ไผ่เป็นซี่คล้ายฟาก (ดู โมฺระ).
กะมุ 0,น.,เครื่องมือจับปลาทำด้วยไม้ไผ่เป็นซี่คล้ายฟากใช้กั้นเป็นคอก
กะเม่อ 0,สัน.,"ก็เมื่อ, ในเมื่อ, ก็เพราะ เช่น งานไม่เสร็จกะเบอะไม่ทำ - งานไม่เสร็จก็เพราะไม่ทำ"
กะเม่อ 1,สัน.,"ก็เมื่อ, ในเมื่อ, ก็เพราะ (ดู กะเบอะ)."
กะแมฺล้ 0,น.,สะเก็ดแผล (ดู แหฺม น. ๑.).
กะแมฺล้ 0,น.,สะเก็ดแผล
กะยอง 0,ก.,จับพิรุธได้ เรียกว่า จับกะยองได้ (ช.พ.).
กะแยะ 0,ก.,กระแทก (ดู แยก ก. ๓.).
กะแยะ 0,ก.,หย่าร้าง (ดู เลิก ก. ๓.).
กะรำ 0,ก.,อยากกระทำ (ดู กึรำ).
กะรำ 1,ก.,"อยากกระทำ, อยากลงไม้ลงมือ, มันมือชวนให้เล่น, ชวนให้ทำ, ใคร่"
กะรี 0,น.,ไหขนาดใหญ่ ปากแคบ (ดู กุรี).
กะรี 1,น.,ไหขนาดใหญ่ ปากแคบ (น.ธ.)
กะเร 0,น.,ชื่อไม้ล้มลุก ขึ้นเกาะอยู่ตามต้นไม้ในที่ชื้นในป่าละเมาะ ใช้ต้มแก้โรคดีซ่าน
กะเร 1,น.,ชื่อไม้ล้มลุกชนิดหนึ่ง (ดู ต้นตายปลายเป็น). ก. เตร็ดเตร่.
กะเรกะร่อนปากเป็ด 0,น.,ชื่อกล้วยไม้อิงอาศัยบนต้นไม้อื่น วงศ์ Orchidaceae ใบเดี่ยวเรียงซ้อนกันเป็น ๒ แถว ดอกสีเหลืองแกมเขียว กลีบลิ้นสีขาว ประกอบด้วยแถบสีแดงแกมม่วง กลางสีเหลือง.
กะเระ 0,น.,"บุหรี่, ยาสูบที่ใช้ใบตองหรือกระดาษมวนใบยาที่หั่นเป็นฝอย"
กะเระ 1,น.,บุหรี่ (ดู ยาสูบ).
กะลอ 0,น.,ชื่อไม้ขนาดย่อมโตเร็วอยู่ในวงศ์ Euphorbiaceae ใบใหญ่ก้นปิด มักขึ้นในป่าใส หรือป่าไม้อ่อน ในที่ชุ่มชื้น มีสองชนิด คือ กะลอแดงกับกะลอดำ.
กะละ 0,น.,ภาพยนตร์.
กะละ 1,ว.,ดึก. (ดู ฆึละ).
กะละ . 0,ว.,"คึก, คะนอง, ลำพอง, ร่าเริง."
กะละบูด 0,น.,ไม้กวนหม้อข้าว (ป.น.)
กะละปั๋น 0,น.,โคลนตม (ดู หลุด น. ๑.).
กะละปั๋น 0,น.,โคลนตม เช่น หลุดติดตีน - โคลนติดเท้า
กะลั่ง 0,ก.,"พูดหยาบโลน, พูดทะลึ่ง (ช.พ.)."
กะลังไก 0,น.,ต้นตำแยชนิดหนึ่ง (ดู รังทังไก).
กะลังไก่ 0,น.,ตำแยชนิดหนึ่ง
กะลั่วตั้ว 0,ว.,ตื่นกลัว (ดู หลา ว.).
กะลั่วตั้ว 0,ว.,ตื่นกลัว เช่น วัวหลา - วัวตื่นกลัว
กะลา 0,น.,"ชาวอินเดียที่ประกอบอาชีพขายผ้า (ภ.ก., พ.ง.)."
กะลาทูนหงอก 0,น.,"การเล่นของเด็ก โดยเอาสิ่งของ เบา ๆ เช่น ฝ้ายหรือสำลีไปวางบนศีรษะผู้อื่นโดยไม่ให้รู้ตัว แล้วร้องว่า ""กะลาทูนหงอก อย่าบอกใคร ๆ กะลาทูนไข่ บอกเติด บอกเติด"" เด็กทั้งหลายที่ได้ยินก็เอามือมาลูบศีรษะเพื่อหาสิ่งนั้นทันที ก็จะทำให้รู้ว่าใครถูกหลอกให้วางสิ่งของบนศีรษะ."
กะลาทูนหงอก 1,สำ.,ดำเหมือนกะลา หมายถึง ดำสนิทเหมือนชาวอินเดียบางเผ่า.
กะลาย 0,น.,เครือกล้วย (ช.พ.).
กะลิก 0,ก.,สะกิด (ดู กิด).
กะลิก 1,ก.,"สะกิด, เอาปลายเล็บหรือสิ่งที่คล้ายคลึงกัน เขี่ย แตะหรือขีดข่วนแต่เบา ๆ เพื่อให้รู้ตัวหรือเพื่อให้สิ่งที่ไม่ต้องการหลุดออกไป."
กะลื้น 0,ก.,"ทื่อ, ไม่คม."
กะลื้น 1,ก.,ทะลึ่ง (ดู ลึ่ง).
กะลื้น 0,ก.,"ทะลึ่ง, แสดงกิริยาหรือวาจาอันไม่สมควรในเรื่องที่มิใช่ธุระของตัวหรือในเวลาที่เขาไม่ต้องการ, แสดงกิริยาหรือวาจาอาจเอื้อมไม่รู้จักที่ต่ำที่สูง, ลามก"
กะลุมพี 0,น.,"กะลุมพี, ชื่อปาล์มชนิดหนึ่งจำพวกสละ ระกำ ขึ้นในป่าพรุและที่ชื้นแฉะทางภาคใต้ ผลเป็นช่อใหญ่และแน่น ปลายผลตัดผิวเหลืองเกลี้ยงเป็นมัน ไม่มีหนาม เยื่อหุ้มเม็ดขาว รสเปรี้ยว ๆ ฝาด ๆ กินได้ ยางในลำต้นเหนียว ใช้ติดกระดาษแทนกาวได้"
กะลุมพี 1,น.,กะลุมพี (ดู พี น.).
กะลุย 0,ว.,มากมายก่ายกอง
กะลุย 1,ว.,มากมายก่ายกอง (ดู กองลุย).
กะลูง 0,น.,ชื่อไม้ต้นขนาดกลาง (ดู ฝาด น.).
กะลูง 0,น.,ชื่อไม้ต้นขนาดกลางถึงขนาดใหญ่ (Lumnitzeraspp.) ในวงศ์ Combretaceae ใบเดี่ยว เรียงตรงข้ามกัน ดอกเล็ก สีขาว ผลแก่สีเขียว ม่วง ม่วงคลํ้าถึงดำ ขึ้นอยู่ตามชายทะเล ใช้ทำฟืน เปลือกใช้สำหรับฟอกหนัง มี ๒ ชนิด คือ ฝาดแดง (Lumnitzera littorea) และฝาดขาว (Lumnitzera racemosa)
กะลูแป 0,น.,ชื่อไม้ยืนต้นขนาดกลางถึงใหญ่ วงศ์ Sterculiaceae ใบเดี่ยวเรียงสลับ ช่อดอกออกตามง่ามใบ และบริเวณปลายกิ่ง ผลรูปไต.
กะเลาะ 0,น.,มะม่วงหิมพานต์
กะเลาะ 1,น.,มะม่วงหิมพานต์ (ดู ยาร่วง).
กะเลิง 0,น.,"ภาชนะดินเผาขนาดใหญ่คล้ายกะออม ปากกว้างกว่า (พ.ง., น.ธ.)."
กะเลิง 1,ก.,เหลิง (ช.พ.).
กะและ 0,น.,การเล่นของเด็ก (ดู ฆะและ น. ๒.).
กะและ . 0,น.,การเล่นชนิดหนึ่ง ของเด็ก มีผู้เล่น ๒ ฝ่าย ฝ่ายละ ๒- ๓ คน ใช้กะลามะพร้าวด้านไม่มีรูนำมาทะลวงก้นออกให้เหลือเป็นวงแหวน แล้วโยนเล่นตามข้อตกลง
กะโล้ย 0,ก.,"ตะโกน, เรียกดัง ๆ"
กะโล้ยกั๋น 0,ก.,"ตะโกน, เรียกดัง ๆ"
กะไล 0,ว.,ละเมอ (ดู ไล ว. ๒.).
กะไล 0,ว.,"ละเมอ, ฝันครึ่งหลับครึ่งตื่น เช่น นอนไล - นอนละเมอ"
กะวะ 0,น.,เครื่องมือจับสัตว์น้ำ รูปร่างคล้ายสวิง (ดู วะ น. ๒.).
กะเว่อ 0,สัน.,"ก็เมื่อ, ในเมื่อ, ก็เพราะ เช่น งานไม่เสร็จกะเบอะไม่ทำ - งานไม่เสร็จก็เพราะไม่ทำ"
กะเว่อ 1,สัน.,"ก็เมื่อ, ในเมื่อ, ก็เพราะ (ดู กะเบอะ)."
กะสอง 0,น.,"กระชอน, เครื่องกรอง โดยปกติสานด้วยผิวไม้ไผ่ใช้กรองกะทิ เป็นต้น"
กะสอง 1,น.,กระชอน (ดู กรอง น.).
กะสะ 0,น.,หินหรือทรายเม็ดหยาบซึ่งมีแร่ดีบุกอยู่
กะสา 0,น.,เครื่องมือดักปลาในโป๊ะหรือเล้า รูปคล้ายสวิง (น.ธ.)
กะสา 1,น.,สวิง (ดู หวิง น. ๑.).
กะสา 2,ก.,ระแวง (ช.พ.).
กะสิง 0,น.,ชื่อแมลงประเภทมวนชนิดหนึ่ง ดูดกินเมล็ดอ่อนในรวงข้าว ทำให้ข้าวลีบลำตัวแคบยาวประมาณ ๑ - ๕ เซนติเมตร สีน้ำตาล
กะสิง 1,น.,ชื่อแมลงประเภทมวนชนิดหนึ่ง (ดู สิง น. ๔.).
กะสิง 2,น.,พืชชนิดหนึ่งคล้ายต้นข่า ใบมีกลิ่นฉุนกินได้.
กะสฺตฺรอง 0,น.,"กระชอน, เครื่องกรอง โดยปกติสานด้วยผิวไม้ไผ่ใช้กรองกะทิ เป็นต้น"
กะสฺตฺรอง 1,น.,กระชอน (ดู กรอง น.).
กะสฺตฺรองพร้าว 0,น.,"กระชอน, เครื่องกรอง โดยปกติสานด้วยผิวไม้ไผ่ใช้กรองกะทิ เป็นต้น"
กะสฺตฺรองพร้าว 1,น.,กระชอน (ดู กรอง น.).
กะเส็ม 0,น.,จันทน์หอม (น.ธ.).
กะเสียะ 0,น.,"นกกระจิบ, ชื่อนกชนิดหนึ่ง มีขนาดเล็ก"
กะเสียะ 1,น.,นกกระจิบ (ดู เสียบไล้).
กะแส 0,ว.,ทำให้ขัดข้อง (ดู ทำยศ ว.).
กะแสง 0,น.,ตะแกรง (ดู แตรง).
กะแส็ง 0,ก.,"ร่อน, เขย่า, สั่น (ดู แร่ง)."
กะแสง 0,น.,ตะแกรง
กะแส็ง 0,ก.,"ร่อน, เขย่า, สั่น"
กะแสะ 0,น.,"สาแหรก, เครื่องใส่ของสำหรับหิ้วหรือหาบ เป็นต้น ปกติทำด้วยหวาย มี ๔ สาย ตอนบนทำเป็นหูสำหรับหิ้วหรือสอดไม้คาน ด้านล่างขัดกันเป็นสี่เหลี่ยมสำหรับวางกระจาด เป็นต้น"
กะแสะ 1,น.,สาแหรก (ดู แสก น.).
กะแสฺตฺรง 0,น.,"กะชะ, ภาชนะสานโปร่งสำหรับใส่สิ่งของ มีรูปต่าง ๆ บางชนิดมีหูหิ้ว บางชนิดไม่มี"
กะแสฺตฺรง 1,น.,กะชะ (ดู ชะ น. ๑.).
กะโส้ 0,น.,"ไม้ระแนง, ไม้สี่เหลี่ยมขนาดยาวหน้า ๑ X ๑ นิ้ว ใช้ตีทับบนกลอนหรือจันทัน สำหรับมุงกระเบื้อง หรือตีทับคร่าว เพื่อทำรั้วหรือทำแผงพรางแดด สำหรับเรือนกล้วยไม้ (ภ.ก.)."
กะหญิง 0,น.,ผู้หญิง (ดู หญิง).
กะหญิง 0,น.,"เพศตรงข้ามกับผู้ชาย, ผู้หญิง"
กะหนัด 0,ว.,มาก เช่น กินหนัด - กินมาก
กะหนัด 1,น.,สับปะรด (ดู ย่าหนัด).
กะหนัด 2,ว.,มาก (ดู หนัด ว. ๒.).
กะหนัว 0,น.,"ภาชนะปั้นดินเผาชนิดหนึ่ง ปากกว้าง, ตุ่มน้ำขนาดย่อม"
กะหนััว 0,น.,"เนียงนก (น.ธ., ดู เนียง น. ๒.)."
กะหน่าฉ่าย 0,น.,ผักคะน้า
กะหน่าฉ่าย 1,น.,ผักคะน้า (ดู กะน้า).
กะหนิ 0,สรรพ.,สรรพนามแทนชื่อผู้หญิงมุสลิมที่เป็นพี่สาว หรือที่นับถือเหมือนพี่สาว (น.ธ.)
กะหนี 0,น.,กาน้ำ (น.ธ.).
กะหม 0,ก.,ขย่ม (ดู หม ก. ๒.).
กะหม 0,ก.,"ขย่ม, ใช้น้ำหนักตัวกดลง แล้วยกตัวขึ้นแล้วกลับกดลงอีกซ้ำ ๆ กัน"
กะหมก 0,ก.,"ชุก, สุม เช่น หมกผ้า - เอาผ้าไปชุกไว้."
กะหมก 1,ก.,เผาให้สุก เช่น หมกหัวมัน - เผาหัวมัน.
กะหมก 2,ก.,หมัก เช่น หมกหญ้า - หมักหญ้า.
กะหมก 3,น.,หัวเหง้า (ดู หมก น. ๖.).
กะหมก 4,น.,"ต้นวงศ์, ตระกูล, เหง้า (ดู หมก น. ๗.)."
กะหมก 0,น.,"หัวเหง้า, ลำต้นที่อยู่ใต้ดินของพืชบางชนิด เช่น หมกพร้าว - หัวเหง้ามะพร้าว"
กะหมง 0,ว.,"ฟุ้ง เช่น ควันหมวน, ฝุ่นหมวน"
กะหมง 1,ว.,ฟุ้ง (ดู หมวน ว.).
กะหมดหร่องแหร่ง 0,น.,หยากไย่
กะหมน 0,น.,ตะกอน (ดู หมวน น. ๑.).
กะหมน 0,น.,"ตะกอน, สิ่งที่ละลายปนอยู่ในน้ำแล้วตกจมลงนอนก้นภาชนะ"
กะหมวน 0,ว.,ฟุ้ง (ดู หมวน ว.).
กะหมวน 0,ว.,"ฟุ้ง เช่น ควันหมวน, ฝุ่นหมวน"
กะหมอง 0,น.,"เครื่องมือเจาะจมูกวัว, ควาย ทำด้วยไม้ไผ่ (ช.พ.)."
กะหมัง 0,น.,เสือดำ
กะหมัง 1,น.,เสือดำ (ดู ค้างคูด).
กะหมับ 0,ก.,วิธีกลืนอาหารของงูโดยวิธีขยอก (น.ธ.).
กะหมา 0,น.,ภาชนะตักน้ำทำด้วยวัสดุต่าง ๆ (ดู หมา น. ๒.).
กะหมา 0,น.,ภาชนะตักน้ำทำด้วยวัสดุต่าง ๆ เช่น ทำด้วยใบจากเรียก “ หมาจาก ” ทำด้วยกาบหมาก กาบเหลา ชะโอนเรียก “ หมาต้อ ” ทำด้วยโลหะพวกสังกะสีเรียก “ หมาถั้ง ” ทำด้วยพลาสติก เรียก “ หมาพลาสติก ” หมาที่ทำด้วยใบจากกาบหมากกาบเหลาชะโอน มี ๒ ชนิด ชนิดที่หูยืด ๒ ข้างไขว้กัน เรียก “ หมาโผ้ ” ชนิดที่ทำหูสอดเข้าหากันเรียก “ หมาเหมีย ”
กะหมึง 0,ว.,กระมัง
กะหมึง 1,ว.,กระมัง เช่น มันไม่มากะหมึง - เขาไม่มากระมัง
กะหมืด 0,ก.,"หมั่นไส้, มันเขี้ยว (น.ธ)."
กะหรง 0,น.,"ตะกร้า, กรงนก, หรือภาชนะใส่ปลาที่ทำจากไม้ไผ่ (ส.ต.)"
กะหรัง 0,น.,"โรคหนองใน, โรคซิฟิลิส (ดู กำซึ้ง.)."
กะหรัง 0,น.,"โรคหนองใน, โรคซิฟิลิส (จ., ภ.ก.)"
กะหราด 0,ก.,"ลื่น, หงายหลัง, เหยียบพลาด (ดู หราด.)."
กะหราด 0,ก.,"ลื่น, หงายหลัง, ก้าวพลาด, เหยียบพลาด, ผิดหวัง"
กะหรี่ไหมฝัน 0,น.,ชื่ออาหารชนิดหนึ่ง ประกอบด้วยเส้นหมี่ลวก ราดด้วยแกงกะหรี่ (ภ.ก.)
กะหรูด 0,ก.,ลื่นลงมาจากที่เดิมอย่างรวดเร็ว (ดู หรูด ก.)
กะหรูด 1,ก.,"พลาดหวัง, เสียเหลี่ยม (ช.พ.)."
กะหรูด 0,ก.,เลื่อนลงมาจากที่เดิมอย่างรวดเร็ว
กะหลก 0,น.,"กะลามะพร้าวที่ขูดทั้งลูก ขัดเกลี้ยง ใช้เป็นภาชนะ ใส่น้ำดื่ม (ย.ล., น.ธ.)"
กะหลก 1,น.,กะลามะพร้าวที่ขูดทั้งลูก ขัดเกลี้ยง ใช้เป็นภาชนะใส่น้ำดื่ม (ดู โคลก.).
กะหลกขกแข็ก 0,ว.,เล็ก ๆ น้อย ๆ (ดู หลกฉกแฉ็ก).
กะหลกฉกแฉ็ก 0,ว.,"เล็ก ๆ น้อย ๆ, เบ็ดเตล็ด, ไม่เป็นชิ้นเป็นอัน"
กะหลกฉกแฉ็ก 1,ว.,เล็ก ๆ น้อย (ดู หลกฉกแฉ็ก).
กะหลวด 0,ก.,"ทำผิดไปจากคนอื่น, ประพฤตินอกลู่นอกทาง (ดู หลวด ก. ๓.)."
กะหลวด 1,ว.,"มาก, ยิ่ง (ดู หลวด ว.)."
กะหลวด 0,ก.,"ทำผิดไปจากคนอื่น, ประพฤตินอกลู่นอกทาง, เกเร"
กะหละ 0,ว.,"ไม่เชื่อง, ตื่นกลัว (ดู หละ ว. ๒.)."
กะหละ 0,ว.,"ไม่เชื่อง, หวาดระแวง, ครั่นคร้าม, ตื่นกลัว"
กะหลักกะลุย 0,ว.,มากมายก่ายกอง
กะหลักกะลุย 1,ว.,มากมายก่ายกอง (ดู กองลุย).
กะหล้า 0,ว.,ดังสนั่น (ส.ต.).
กะหล้าต้า 0,ว.,ตื่นกลัว เช่น วัวหลา - วัวตื่นกลัว
กะหล้าต้า 1,ว.,ตื่นกลัว (ดู หลา ว.).
กะหลำ 0,น.,"ถาด, ภาชนะใส่ของทำด้วยไม้หรือโลหะ เป็นต้น รูปเตี้ย แบน มีขอบ"
กะหลำ 1,น.,ถาด (ดู ถาด).
กะหลิง 0,น.,ชาวอินเดียเผ่าพันธุ์หนึ่ง ที่มีผิวดำ
กะหลืด 0,น.,"เสลด, เสมหะ (ดู หลืด)."
กะหลืด 1,ว.,ตะลึง.
กะหลืด 0,น.,"เสลด, เสมหะ, เมือกที่ออกจากลำคอ ทรวงอก และลำไส้ (น.ธ.)"
กะหลุ 0,ก.,ผ่าเหล่า (ช.พ.).
กะหลุ้ง 0,ก.,"ทะลวง, กระทุ้ง (ดู ลุ้ง)."
กะหลุ้ง 0,ก.,"ทะลวง, กระทุ้ง"
กะหวะ 0,ก.,ร่วมกันแล้วแบ่งปันผลประโยชน์ (ดู หวะ ก. ๒.).
กะหวะ 0,ก.,ร่วมกันแล้วแบ่งปันผลประโยชน์ เช่น ทำนาหวะ (เทียบ ม. Rawah)
กะหวัน 0,น.,"วงศ์วาน, กำพืด (ดู ปราณ)."
กะหวัน 0,น.,"วงศ์วาน, กำพืด, โคตร, วงศ์"
กะหว่าว 0,ก.,"พูดคุย, พูดคุยเรื่องสัพเพเหระ (น.ธ.)."
กะหึม 0,ก.,มอด.
กะหึม 1,ว.,"อารมณ์ค้าง, มืดครึ้ม, ทะมึน. (ดู ฆะหึม)."
กะหึม . 0,ว.,ทะมึน เช่น นั่งฆะหึม - นั่งทะมึน.
กะเหงิด 0,ก.,"กระดกขึ้น, ปลายไม่เรียบ."
กะเหงิด 1,ว.,ไม่เสมอกิน.
กะเหนียว 0,ก.,ว่ายน้ำตีกรรเชียง (น.ธ.).
กะเหมีย 0,น.,"เพศหญิง, ตัวเมีย."
กะเหมีย 1,สำ.,"ผู้ชายที่ไม่สู้คน, กะเทย (ดู เหมีย)."
กะเหมีย 0,สำ.,"ผู้ชายที่ไม่สู้คน, ผู้ชายที่ทำตัวอย่างผู้หญิง (กะเทย)"
กะเหยก 0,ก.,เขยก (ดู เหยก).
กะเหยก 0,ก.,"เขยก, อาการที่เดินหรือวิ่งด้วยปลายเท้าอย่างคนเจ็บเท้า, อาการที่เดินหรือวิ่งเอียงไปข้างใดข้างหนึ่งอย่างคนขาพิการ"
กะเหยง 0,ก.,เขย่ง (ดู เหย้ง).
กะเหยง 0,ก.,"เขย่ง, ยืนด้วยปลายเท้า, พยุงตัวให้สูงขึ้น, เขย่งก้าวกระโดด"
กะเหยอ 0,ก.,เผยอ (ดู เหยอ).
กะเหยอ 0,ก.,"เผยอ, ยกขึ้น, ยกให้สูงขึ้นเล็กน้อย เช่น เหยอโพก – ยกตะโพกขึ้นจากสิ่งที่นั่งทับอยู่, เหยอตับจาก - ยกตับจากขึ้น"
กะเหยิด 0,ก.,เขย่งปลายเท้า (ดู เหยิด ก.).
กะเหยิด 0,ก.,เขย่งปลายเท้า
กะเหร่ 0,น.,ชื่อนกชนิดหนึ่ง อาศัยอยู่ตามริมทะเล ชอบอยู่เป็นฝูง สีขาวนวล หลังเป็นสีเทา.
กะเหรง 0,ก.,เตร่ (ดู เหรง ก.).
กะเหร้ง 0,ว.,เรียกลักษณะที่โผล่ขึ้นมาเป็นจำนวนมาก ๆ (ช.พ.).
กะเหรง 0,ก.,"เตร่, ปลีกตัวออก เช่น เดินเหรง - เดินเตร่"
กะเหรอ 0,ว.,"โง่, เซ่อ, ไม่ทันสมัย (ดู เหฺมฺรอ)."
กะเหรอ 0,ว.,"เซ่อ, โง่, ไม่ทันสมัย"
กะเหรียง 0,น.,"สะเหรี่ยง, ชื่อไม้ต้นจำพวกสะตอ ฝักสั้นกว่า เมล็ดแข็ง ต้องเพาะเมล็ดก่อนรับประทาน"
กะเหลาะ 0,น.,ชื่อปลาน้ำจืดขนาดใหญ่ชนิดหนึ่ง คล้ายปลาพลวงและปลากด.
กะเหลาะ 1,น.,มะม่วงหิมพานต์ (ดู ยาร่วง).
กะเหลือก 0,ก.,"ค้อนควัก, ชำเลือง, มองค้อนอย่างไม่พอใจ, เหลือกตา, ทำให้ลูกตาดำอยู่ข้างบน."
กะเหลือก 1,ก.,"ค้อนควัก, ชำเลือง (ดู เมฺลือก ก.)"
กะเหวน 0,ก.,ลาดตระเวน (น.ธ.).
กะแหญง 0,ก.,"ขู่ตะคอก, ขู่เสียงดัง เช่น กะแหญงกัน - ด่าทอกัน (น.ธ.)."
กะแหม็ด 0,ก.,นุ่งผ้าม้วนชายพกและปล่อยชาย เช่น แหฺมฺร็ดผ้า - ถกผ้า
กะแหม็ด 1,ก.,นุ่งผ้าม้วนชายพกและปล่อยชาย (ดู แหฺมฺร็ด ก. ๑.).
กะแหย 0,ก.,กินอาหารไม่หมดปล่อยให้เหลือเพราะอิ่มเต็มที่แล้ว (ดู แหญะ ก. ๒.).
กะแหย็ง 0,ก.,ลุกชัน เช่น ขนกะแหย็ง.
กะแหย็ง 1,ก.,แสยะ (ดู แหย็ง).
กะแหย็ง 0,ก.,"แสยะ, แยกเขี้ยว เช่น แหย็งเขี้ยว"
กะแหร 0,น.,มะม่วงหิมพานต์
กะแหร๊ต 0,น.,บุหรี่ (ดู ยาสูบ).
กะแหร็ต 0,น.,"บุหรี่, ยาสูบที่ใช้ใบตองหรือกระดาษมวนใบยาที่หั่นเป็นฝอย"
กะแหฺมฺล 0,น.,สะเก็ดแผล (ดู แหฺม น. ๑.).
กะแหฺย 0,ก.,กินอาหารไม่หมด ปล่อยให้เหลือเพราะอิ่มเต็มที่แล้ว
กะแหฺร 0,น.,มะม่วงหิมพานต์ (ดู ยาร่วง).
กะแหฺร 1,ก.,คึกคะนอง (ดู แห ก. ๒.).
กะแหฺร 0,ก.,คึกคะนอง (ใช้กับสัตว์)
กะโหลก 0,น.,"กะลามะพร้าวที่ขูดทั้งลูก ขัดเกลี้ยง ใช้เป็นภาชนะ ใส่น้ำดื่ม (ย.ล., น.ธ.)"
กะโหลก 1,น.,กะลามะพร้าวที่ขูดทั้งลูก ขัดเกลี้ยง ใช้เป็นภาชนะใส่น้ำดื่ม (ดู โคลก).
กะโหลกหัว 0,น.,"กะโหลก, กระดูกที่หุ้มมันสมอง"
กะโหลกหัว 1,น.,กะโหลก (ดู โหลก น. ๑.).
กะโหลง 0,ก.,กระฉอก อาการที่ของเหลว เช่น น้ำในภาชนะกระเพื่อมอย่างแรงเพราะความสั่นสะเทือน
กะโหลง 1,ก.,กระฉอก (ดู ฉอก ก. ๒.).
กะไหม 0,น.,กำไล (ดู ไหฺมฺล).
กะไหม 0,น.,"กำไล, ชื่อเครื่องประดับสำหรับสวมข้อมือหรือข้ออเท้า ทำด้วยเงินหรือทอง เป็นต้น"
กะไหร 0,สรรพ.,อะไร (ดู ไหร).
กะไหร 0,สรรพ.,อะไร เช่น ทำไหร - ทำอะไร
กะอวม 0,น.,ชื่อไม้ต้นขนาดกลาง ผลเล็ก สีเขียวอ่อนหรือสีนวล กินได้
กะออม 0,น.,"กระออม, ภาชนะสานด้วยไม้ไผ่ ยาชัน รูปคล้ายกระมุง ไม่มีคอ ใช้ใส่น้ำ"
กะออม 1,น.,กระออม (ดู ออม น.).
กะอะ 0,ก.,อาเจียน (ดู หะ ก. ๑.).
กะอะ 0,ก.,"อาเจียน, สำรอกออกมา, ล้น"
กะอาง 0,น.,เพดานปาก (ดู อาง น. ๒.).
กะอาง 0,น.,เพดานปาก
กะอุง 0,ว.,"ไม่เป็นเรื่องเป็นราว เช่น ทำกะอุงอะไร - ทำไม่เป็นเรื่องเป็นราว (ภ.ก., ก.บ., พ.ง.)."
กะเอ 0,ว.,มากมายก่ายกอง (ดู กองลุย).
กะเอกะอ้าน 0,ว.,มากมายก่ายกอง
กะเอกะอ้าน 1,ว.,มากมายก่ายกอง (ดู กองลุย).
กะเอ็ง 0,ก.,"เบื่อหน่าย, เอือมระอา (ช.พ.)."
กะเอย 0,ก.,เรอ (ดู เอย).
กะเอย 0,ก.,"เรอ, อาการที่ลมในกระเพาะพุ่งออกทางปาก มักมีเสียงดังออกมาด้วย"
กะเอิม 0,น.,ชื่อโรคที่เกิดจากเชื้อไวรัส (ดู เริม).
กะเอิม 1,น.,ขี้กลาก (ช.พ.).
กะโอ 0,น.,ภาชนะทำด้วยกะลามะพร้าว สำหรับใส่เหยื่อตกปลา
กะโอ 1,ก.,สำรอก (ดู แหวะ ก. ๒.).
กะโอ 0,ก.,สำรอก ใช้กับเด็ก ๆ
กัก 0,น.,แดนห้าม ใช้ในการเล่นอย่างหนึ่งของเด็ก เช่น เล่นหลักจักจน เสือข้ามห้วย ฯลฯ ซึ่งห้ามเดินผ่านกัก.
กัก 1,น.,"เรียกทางสี่แยกว่า ""สี่กัก"""
กัก 2,ก.,"กันไว้, ให้อยู่ในที่จำกัด, กักกัน."
กัก 3,ก.,การแทงไฮโลโปปั่น แทงกุ้งปลาวิธีหนึ่ง.
กัก 4,ลัก.,ใน ๔. กั๊ก.
กั๊กกั๊ว 0,น.,"บวบเหลี่ยม (จ., ภ.ก.)."
กักส้า 0,น.,หินหรือทรายเม็ดหยาบซึ่งมีแร่ดีบุกอยู่
กักส้า 1,น.,หินหรือทรายเม็ดหยาบ ซึ่งมีแร่ดีบุกอยู่ (ดู กะสะ).
กัง 0,น.,"ลิงกัง, ชื่อลิงขนาดใหญ่ หางสั้นงอโค้งขึ้นไปทางด้านหลัง ใช้ขึ้นมะพร้าว มี ๒ ชนิด คือ ชนิดแรก หน้าขาว ขนสีเทาเรียก ""ลิงนาคบุตร"" ชนิดที่สอง หน้าแดง ก้นแดง ขนเป็นสีเทาอมแดงเรียกว่า ""ลิงเสน"""
กัง 1,ว.,"กาง, แผ่ออก เช่น หูกัง - หูกาง."
กัง 2,ว.,"สั้น, กุด เช่น แมวนี้หางกัง (พ.ท.)."
กั้ง 0,น.,ชื่อสัตว์น้ำเค็มชนิดหนึ่ง คล้ายแมงดาทะเล มีขนที่มีพิษ รับประทานไม่ได้
กั้ง 1,น.,ชื่อแมงชนิดหนึ่งคล้ายกุ้ง
กั้ง 2,น.,ลิงกัง (ดู กัง น.)
กั้ง 0,น.,"ลิงกัง, ชื่อลิงขนาดใหญ่ หางสั้นงอโค้งขึ้นไปทางด้านหลัง ใช้ขึ้นมะพร้าว มี ๒ ชนิด คือ ชนิดแรก หน้าขาว ขนสีเทาเรียก ""ลิงนาคบุตร"" ชนิดที่สอง หน้าแดง ก้นแดง ขนเป็นสีเทาอมแดงเรียกว่า ""ลิงเสน"""
กั้งเกียะ 0,น.,ปลวกชนิดหนึ่ง ตัวใหญ่ หัวแข็ง สีดำ มีเขี้ยว
กั่งสิน 0,ว.,"กังฉิน, คดโกง, อันธพาล, สอพลอ (จ., ภ.ก.)"
กั้งเหนียวจู้ 0,น.,ชื่อแมงชนิดหนึ่งคล้ายกุ้ง
กัด 0,น.,ชื่อปลาน้ำจืดขนาดเล็ก ทำรังเป็นหวอดที่ผิวน้ำ ตัวผู้ใหญ่กว่าตัวเมีย มีสีสวยงาม สามารถกางครีบ และแผ่นปิดเหงือก เปล่งสีลำตัวให้เข้มขึ้น ในขณะต่อสู้มักกัดกัน.
กัด 1,น.,อวนลอยขนาดเล็ก (ม. pukat).
กัด 2,ก.,"กัด, เอาฟันกดไว้โดยแรงเพื่อไม่ให้สิ่งที่กดไว้หลุดไป, เอาฟันเน้นเพื่อให้แตก (ขบ)."
กัดเคง 0,ก.,กิริยาที่ปลาก่อหวอดเพื่อวางไข่ มี ๒ แบบ ปลาใหญ่เรียก กัดเคง ปลาเล็กเรียก กัดฟอง
กัดซุ้ม 0,ก.,อาการที่หมูกัดใบไม้หรือสิ่งของต่าง ๆ เพื่อเตรียมที่ตกลูก.
กัดซุ้ม 1,สำ.,ใช้เป็นคำล้อเลียน หมายถึง เตรียมคลอด.
กัดฟันกลืนเลือด 0,สำ.,หมายถึงให้อดทนเอาไว้ แม้จะถึงเลือดก็ให้กลืนลงไป อย่าแสดงอาการ.
กัดฟันกลืนเลือด 1,สำ.,กีดขวางหรือทำสิ่งกีดขวางเพื่อบัง คั่น หรือกันไว้ไม่ให้เข้ามา.
กัดฟันกลืนเลือด 2,สำ.,"ล้อเลียน, ด่า, กระแนะกระแหน."
กัน 0,น.,"เสวียนรองหม้อ, ของใช้ชนิดหนึ่งทำด้วยหญ้า หวายหรือฟาง เป็นต้น ถักหรือมัดเป็นวงกลม มักมีหู ๒ ข้าง สำหรับหิ้ว ใช้รองก้นหม้อที่หุงต้มด้วยเตาฟืนหรือเตาถ่าน"
กัน 1,น.,หอยกาบคู่ชนิดหนึ่ง (เทียบ ม. lokan).
กัน 2,น.,"กั่น, ส่วนของมีดหรือพร้า ซึ่งเป็นเดือยยาวสำหรับใส่ด้าม."
กัน 3,น.,ป่าที่เคยถากถาง แล้วกลับรกร้าง.
กัน 4,สรรพ.,สรรพนามแทนชื่อผู้พูด.
กัน 5,ก.,กีดขวางไม่ให้เข้ามาหรือออกไป หรือไม่ให้เกิดมีขึ้น.
กัน 6,ก.,"แยกไว้, เก็บ."
กัน 7,ก.,ถูด้วยบุ้ง.
กัน 8,ก.,การบั้งปลาในแนวขวางเพื่อให้เครื่องแกงเข้าเนื้อปลาและสุกเร็ว
กัน 9,ก.,การผสมพันธุ์ของสัตว์ (น.ธ.).
กัน 10,ว.,เป็นคำ ขยายกริยาให้รู้ว่ามีผู้กระทำตั้งแต่สองคนขึ้นไป เช่น ตีกัน.
กัน 11,ว.,ด้วย เช่น ไปกัน - ไปด้วย.
กันเกรา 0,น.,"ต้นกันเกรา, ชื่อไม้ต้นชนิดหนึ่ง (Fagraea fragans) ในวงศ์ Potaliaceae ชอบขึ้นในที่ชื้นแฉะ ใบสีเขียวแก่ ค่อนข้างหนา ใบยาวราว ๕ - ๗ เซนติเมตร ดอกสีขาวหรือขาวเหลือง มีกลิ่นหอม ดอกเป็นช่อแน่น ผลโตเท่าเมล็ดถั่วลันเตา เมื่อผลสุกจะมีสีแดง เนื้อไม้ละเอียดแน่นใสเป็นมัน แข็ง ทนทานใช้ทำเครื่องเรือน"
กันเกรา 1,น.,ไม้กันเกรา (ดู ตำเสา).
กั่นข้อ 0,ว.,"ลำบาก, ไม่ไหว (จ., ภ.ก.)."
กันเช้า 0,น.,"กระเช้า, ภาชนะสาน มีหูเป็นวงโค้งขึ้นไป สำหรับหิ้ว (ส.ข., พ.ท.)."
กันต๋อง 0,น.,"ไม้กระทง, ไม้ที่ต่อจากกระดูกงูเป็นคู่ ๆ ออกไปข้าง ๆ เหมือนก้างปลา, ไม้ที่ต่อโลงศพ เพื่อเป็นที่เกาะของไม้กระดานที่ต่อเป็นโลงและท้องโลง."
กันตัง 0,น.,ชื่อปลาทะเลชนิดหนึ่ง ตัวแบน ๆ คล้ายปลาแป้น เกล็ดขาวมีแต้มสีดำ
กันตัง 1,น.,มาตราตวง ๔ แล่ง เป็น ๑ กันตัง.
กันตัง 2,น.,ชื่อปลาทะเลชนิดหนึ่ง (ดู ขี้ตัง).
กันตังหม้อ 0,น.,"เสวียนรองหม้อ, ของใช้ชนิดหนึ่งทำด้วยหญ้า หวายหรือฟาง เป็นต้น ถักหรือมัดเป็นวงกลม มักมีหู ๒ ข้าง สำหรับหิ้ว ใช้รองก้นหม้อที่หุงต้มด้วยเตาฟืนหรือเตาถ่าน"
กันตังหม้อ 1,น.,เสวียนรองหม้อ (ดู กัน น. ๑.).
กันเตาะ 0,น.,ชื่อพันธุ์ไม้ชนิดหนึ่ง.
กั่นโต้ง 0,น.,ชื่อขนมหวานชนิดหนึ่ง ทำจากเมล็ดพืชคล้ายลูกเดือย สีเหลืองอ่อน (ภ.ก.).
กันท่า 0,ว.,"ไม่คล่องตัว, อยู่ในที่กีดขวาง (ดู คั่นท่า)."
กันท่า 0,ว.,"ไม่คล่องตัว, อยู่ในที่กีดขวาง เช่น นั่งพันนี้คั่นท่าจ้าน - นั่งอย่างนี้ไม่คล่องตัวเลย"
กันปะหา 0,น.,"กะละปังหา, ชาก ของสัตว์ทะเลไม่มีกระดูกสันหลังขนาดเล็ก เกาะรวมกันอยู่ในลักษณะคล้ายกิ่งไม้ มีหลายสี เช่น แดง เหลือง ส้ม ม่วง ดำ"
กันพร้า 0,น.,"ส่วนที่แหลมสอดเข้าไปในด้ามพร้า, พร้าชนิดนี้เรียกว่า พร้ากัน"
กันพร้าว 0,น.,ภาชนะสานด้วยหวายเป็นรูปกลม ใช้ใส่มะพร้าว เข้าหนีบในกรามช้าง
กันแม 0,น.,"กะละแม, ขนมชนิดหนึ่ง ทำด้วยแป้งข้าวเหนียว กะทิและน้ำตาลกวนจนเหนียวเป็นสีดำ"
กั่นล็อก 0,น.,ลูกข่าง
กั่นล็อก 1,น.,ลูกข่าง (ดู ลูกหัน).
กันหม้อ 0,น.,เสวียนรองหม้อ (ดู กัน น. ๑.).
กันหม้อ 0,น.,"เสวียนรองหม้อ, ของใช้ชนิดหนึ่งทำด้วยหญ้า หวายหรือฟาง เป็นต้น ถักหรือมัดเป็นวงกลม มักมีหู ๒ ข้าง สำหรับหิ้ว ใช้รองก้นหม้อที่หุงต้มด้วยเตาฟืนหรือเตาถ่าน"
กันหา 0,น.,"กะละปังหา, ชาก ของสัตว์ทะเลไม่มีกระดูกสันหลังขนาดเล็ก เกาะรวมกันอยู่ในลักษณะคล้ายกิ่งไม้ มีหลายสี เช่น แดง เหลือง ส้ม ม่วง ดำ"
กับ 0,น.,อาหารที่กินกับข้าว เช่น แด็กนี้กินกับเปล่า – เด็กคนนี้กินแต่กับไม่กินข้าว.
กับ 1,น.,เครื่องดักสัตว์ชนิดหนึ่งมีลิ้นหรือไก เมื่อไปกระทบเข้าจะปิดหรืองับทันที.
กับ 2,ก.,ประกบ.
กับ 3,สัน.,เชื่อมความหมายให้ติดกัน เช่น ดำกับขาว.
กัมพู 0,น.,ต่างหูที่ทำเป็นเพชรล้อมพลอย มีก้านสำหรับเสียบและตัวยึดแบบเข็มกลัดเนคไท (ม. kerabu ; ภ.ก.)
กัลปังหา 0,น.,"กะละปังหา, ชาก ของสัตว์ทะเลไม่มีกระดูกสันหลังขนาดเล็ก เกาะรวมกันอยู่ในลักษณะคล้ายกิ่งไม้ มีหลายสี เช่น แดง เหลือง ส้ม ม่วง ดำ"
กัลปังหา 1,น.,กะละปังหา (ดู กรัง น. ๓.).
กัว 0,น.,"ตะกั่ว, แร่จำพวกโลหะ มีลักษณะอ่อน ละลาย ตัวง่าย."
กัว 1,น.,"ปลาหัวตะกั่ว, ชื่อปลาขนาดเล็กหากินตามผิวน้ำ พบทั้งในน้ำจืดและน้ำกร่อย ลำตัวกลมยาว หัวโตกว้าง มองด้านข้างเห็นปลายแหลม สันหัวแบน ปากซึ่งอยู่ปลายสุดเชิดขึ้น ตาโตและอยู่ชิดแนวสันหลังหัว เกล็ดใหญ่ ครีบต่าง ๆ มีขอบกลม ครีบด้านหลังมีขนาดเล็กอยู่ใกล้ครีบหาง พื้นลำตัวสีเทาอมเหลือง โคนครีบหลังสีดำ มีจุดสีตะกั่วขนาดใหญ่ โดดเด่นอยู่บนสันหัวระหว่างนัยน์ตา"
กัวเกีย 0,ว.,"มาก, สลอน เช่น คนนี้ได้ลูกหัวกัวเกีย - มีลูกมากนั่งหัวสลอน"
กั่วจี้ 0,น.,"เมล็ดแตงโมที่ใช้เป็นอาหารขบเคี้ยวเล่น (จ., ภ.ก., พ.ง.)"
กั่วถาว 0,น.,"หัวหน้าคนงาน (จ., ภ.ก.)"
กา 0,น.,ชื่อปลาน้ำจืด ปากงุ้มตา ตาเล็ก ตลอดทั้งหัวตัว และครีบมีสีม่วงจนดำทึบ เฉพาะเกล็ดมีจุดสีเหลืองประปราย.
กา 1,น.,ชื่อนก ตัวดำ ร้องกา ๆ.
กา 2,น.,"เครื่องหมายรูปกากบาท, ตีนกา."
กา 3,น.,"กาน้ำ, ภาชนะสำหรับใส่น้ำหรือต้มน้ำ มีพวยและมีหูสำหรับหิ้วหรือจับ."
กา 4,น.,ชื่อสมณศักดิ์ในภาคใต้ มี ๔ ตำแหน่ง คือ กาแก้ว กาชาด การาม และกาเดิม.
กา 5,ก.,ขันให้แน่น เช่น กาตาปูเกลียวให้แน่น - ขันตะปูเกลียวให้แน่น.
กา 6,ก.,ทำเครื่องหมาย.
ก่า 0,น.,"คำใช้นำหน้าคำว่า หญิงหรือชาย เป็นก่าหญิง, ก่าชาย และบางทีอาจนำหน้าคำวิเศษณ์บางคำ เช่น ก่าลุย, ก่าเอ - มาก (ภ.ก.). ก่าชาย น. ผู้ชาย."
ก่า 1,ก.,"ตัด เช่น ก่าถ่าวหมอ - ตัดผม (จ., ภ.ก.)."
ก่า 2,สัน.,ก็.
ก้า 0,ว.,ก็ เช่น ไปกะได้ - ไปก็ได้.
ก้า 1,ก.,"หมุน, ปั่น เช่น ก้าสึ้ง - ปั่นน้ำแข็งไสด้วยเครื่องที่ใช้มือหมุน (จ., ภ.ก., พ.ง.)."
กาก 0,น.,"กาก, สิ่งที่เหลือเมื่อคั้นหรือคัดเอาส่วนดีออกแล้ว."
กากข้าว 0,น.,ข้าวเปลือกที่ปนในข้าวสาร.
กากปลาร้า 0,น.,"กะทกรก, ชื่อไม้พุ่มรอเลื้อย ตามลำต้นมีหนามห่างๆ ใบรูปไข่หรือรี ๆ ดอกเล็กสีขาว อยู่เป็นกระจุกที่ง่ามใบ ผลกลมหรือรีขนาดเท่าเม็ดบัว เขื่อง ๆ เป็นสมุนไพร"
กากปลาร้า 1,น.,กระทกรก (ดู รกช้าง).
กากพร้าว 0,น.,กากมะพร้าว.
กากลืน 0,น.,ผลไม้ที่เล็กกว่าขนาดปกติ แต่แก่และสุกได้เช่นเดียวกัน.
กากหญ้า 0,น.,หญ้าส่วนที่เหลือจากการให้วัวชนกิน.
กากหญ้า 1,ก.,ทะลึ่ง
ก่ากี่หลาง 0,ว.,"คนกันเอง (จ., ภ.ก.)."
กาแก้ว 0,น.,ชื่อหนึ่งในสี่ของสมณศักดิ์ในภาคใต้ (ดู กา น. ๕.).
กาไก 0,สำ.,สิ่งที่ได้มาโดยไม่ต้องจ่ายเงิน.
กาไก 1,สำ.,"ไม่ยอมจ่ายเงิน, โกง"
กาข้า 0,น.,รูปหนังตะลุง เป็นตัวโกงฝ่ายหญิง
ก่าข่า 0,น.,สังขยา (ส.ต.).
กาเข้ 0,สำ.,ไม่ยอมจ่ายเงิน (ดู กาไก สำ.).
กาเข้ 0,สำ.,"ไม่ยอมจ่ายเงิน, โกง"
กาคาบไข่ 0,สำ.,คนผิวดำอุ้มคนผิวขาว.
กาง 0,น.,ตะกางหรือสะกาง คือ เครื่องดักจระเข้ มีเงี่ยง ๒ ข้าง สำหรับผูกเหยื่อ ลอยน้ำได้.
กาง 1,ก.,"คลุม, สวม, กั้น เช่น กางหมวก - สวมหมวก."
กาง 2,ก.,"กาง, คลี่, แผ่ออก เช่น กางร่ม"
กาง 3,ว.,"ถ่างออก, แผ่ออก เช่น หูกาง, พุงกาง - ท้องกาง."
ก้าง 0,น.,ส่วนแข็งที่ประกอบเป็นโครงร่างของปลา.
ก้าง 1,น.,"เศษ, เดน."
ก้าง 2,ก.,"ติด, ค้าง เช่น ลูกปืนก้าง - กระสุนปืนขัดลำกล้อง."
ก้าง 3,ว.,ผอมโซ เช่น อ้ายก้าง - คนผอม.
ก๋าง 0,ก.,ลอยไป เช่น จระเข้ที่นอนนิ่ง ๆ บนผิวน้ำให้น้ำพาไปหรือการนำของไม่ดีต่าง ๆ ตามความเชื่อทางไสยศาสตร์ไปลอยน้ำเรียก “ลอยก๋าง” (ภ.ก.).
ก้างกิง 0,น.,"กางเกง, เครื่องนุ่งห่มมี ๒ ขา"
ก้างกิง 1,น.,กางเกง (ดู กงเกง).
ก้างเกง 0,น.,"กางเกง, เครื่องนุ่งห่มมี ๒ ขา"
ก้างเกง 1,น.,กางเกง (ดู กงเกง).
ก้างเกียะ 0,น.,ปลวกชนิดหนึ่ง ตัวใหญ่ หัวแข็ง สีดำ มีเขี้ยว
ก้างเกียะ 1,น.,ปลวกชนิดหนึ่ง (ดู ก้องเกียะ).
ก้างขาว 0,น.,"หัวหน้าคนงาน (จ., ภ.ก.)"
ก้างขาว 1,น.,หัวหน้าคนงาน (ดู กั่งถาว).
ก้างแทงหม็อก 0,ก.,อาการเสียดยอก จุกแน่นชายโครง
ก้างปลา 0,น.,"กะทกรก, ชื่อไม้พุ่มรอเลื้อย ตามลำต้นมีหนามห่างๆ ใบรูปไข่หรือรี ๆ ดอกเล็กสีขาว อยู่เป็นกระจุกที่ง่ามใบ ผลกลมหรือรีขนาดเท่าเม็ดบัว เขื่อง ๆ เป็นสมุนไพร"
ก้างปลา 1,น.,ชื่อไม้พุ่มหลายชนิด ชอบขึ้นริมน้ำหรือที่ซับน้ำ ใบยาวรี ปลายมน ดอกออกเป็นกลุ่มอยู่ตามง่ามใบ แถวปลายกิ่ง ผลสุกมีสีดำ ถ้าบี้แล้วจะมีสีเหมือนหมึก ติดมือล้างออกยาก.
ก้างปลา 2,น.,กระทกรก (ดู รกข้าง).
ก้างปลาร้า 0,น.,"กะทกรก, ชื่อไม้พุ่มรอเลื้อย ตามลำต้นมีหนามห่างๆ ใบรูปไข่หรือรี ๆ ดอกเล็กสีขาว อยู่เป็นกระจุกที่ง่ามใบ ผลกลมหรือรีขนาดเท่าเม็ดบัว เขื่อง ๆ เป็นสมุนไพร"
ก้างปลาร้า 1,น.,กระทกรก (ดู รกช้าง).
กางหยาง 0,น.,ส่วนของคันยอ ซึ่งใช้ไม้ไผ่ ๓ อัน ร้อยไขว้กัน ใช้สอดใส่นิ้วยอ (ดู โกกกาก).
กางหยาง 1,น.,ส่วนของคันยอ ซึ่งใช้ไม้ไผ่ ๒ อันร้อยไขว้กัน ใช้สอดใส่นิ้วยอ
กางหลาง 0,ว.,"เกะกะ, เกกมะเหรก, วางท่า เช่น ทำกางหลางเหมือนนักเลงโต – วางท่าเหมือนนักเลงโต."
กางหลาง 1,ว.,ไม่เอาการเอางาน.
กางหาง 0,ว.,กล้าโดยไม่มีเหตุผล
กาจับหลัก 0,น.,วิธีทางไสยศาสตร์ ประเภทเมตตามหานิยม โดยลงอักขระหรืออาคมที่หน้าผาก แก้มหรือฟัน เป็นวิธีการที่นิยมใช้กันในหมู่ศิลปินพื้นเมือง.
ก่าจั๊วะ 0,น.,แมลงสาบ (ดู สาบ น. ๒.).
ก่าจั้วะ 0,น.,"แมลงสาบ, ชื่อแมลงชนิดหนึ่ง รูปร่างรูปไข่ ค่อนข้างแบนราบ หัวซ่อนอยู่ใต้อก หนวดยาวคล้ายเส้นด้าย ขายาว มีหนามคลุม ตัวเต็มวัยมีทั้งปีกและไม่มีปีก มักอาศัยอยู่ตามบ้านเรือน"
กาจี้ 0,น.,"เมล็ดแตงโมที่ใช้เป็นอาหารขบเคี้ยวเล่น (จ., ภ.ก., พ.ง.)"
ก่าจี้ 0,น.,แร่วุลแฟรม (ภ.ก.).
ก่าจี้ 1,น.,เมล็ดแตงโม (ดู กัวจี้).
กาฉก 0,น.,"ลูกชิด, ตาวหรือปาล์มชนิดหนึ่ง ใบคล้ายมะพร้าว ท้องใบขาว จั่นเป็นพวงห้อย ให้น้ำตาลทำนองมะพร้าว ออกผลเป็นทะลาย เนื้อในเมล็ดอ่อน เรียก ลูกชิด เชื่อมกินได้"
กาชาด 0,น.,ชื่อหนึ่งในสี่ของสมณศักดิ์ในภาคใต้ (ดู กา น. ๕.).
ก่าชาย 0,น.,ผู้ชาย
กาชี้ 0,น.,โรคพืชชนิดหนึ่ง ทำให้เปลือกผลเป็นจุดเนื้อในแข็ง.
กาด 0,น.,"ผักกาด, ชื่อไม้ล้มลุกหลายชนิดหลายสกุล บางชนิดใช้ใบ บางชนิดใช้หัวเป็นผัก เช่น ผักกาด กวางตุ้ง ผักกาดขม ผักกาดขาว ผักกาดหัว เป็นต้น."
กาด 1,น.,"คนตรวจตั๋วรถไฟเรียก ""กาดรถ"""
กาด 2,ก.,อาราธนาสิ่งศักดิ์สิทธิ์ เช่น โนรากาดครูหมอ - มโนราห์กล่าวคำบวงสรวงครู และสิ่งศักดิ์สิทธิ์ที่ตนนับถือ.
กาด 3,ก.,"คุมเชิง, ป้องกันรักษา."
กาดุ 0,น.,กระสอบป่าน
กาดุ 1,น.,กระสอบป่าน (ดู ยู่หนี.)
กาเดิม 0,น.,ชื่อหนึ่งในสี่ของสมณศักดิ์ในภาคใต้ (ดู กา น. ๕.).
กาต้ม 0,น.,ประเพณีอย่างหนึ่งของชาวไชยาและท่าชนะ จังหวัดสุราษฎร์ธานี โดยศิษย์วัดจะนำภาชนะไปรับข้าวต้มมัดจากชาวบ้านในคืนวันออกพรรษา เพื่อนำมาถวายพระในวันชักพระ.
ก่าโต้ 0,น.,กรรไกร (ดู ไกร น. ๑.).
ก่าโต้ 0,น.,"กรรไกร, เครื่องมือสำหรับตัด โดยใช้หนีบ มี ๒ ขา"
ก้าถาว 0,น.,"ระหัดวิดน้ำ ดิน และแร่ ขึ้นจากอุโมงค์ (จ., ภ.ก., พ.ง.)."
กาทึง 0,น.,"ต้นกระทิง, ชื่อไม้ต้นชนิดหนึ่ง ใบและผลคล้ายสารภีแต่ใบเป็นสันมาก และผลกลมกว่า เปลือก เมล็ดแข็ง"
กาทึง 1,น.,ต้นกากะทิง (ดู ทึง น.)
ก้าน 0,น.,"ก้าน, ซี่ เช่น ก้านร่ม - ซี่ร่ม."
ก้าน 1,น.,ขวด (ดู ขวด น. ๑.).
ก้าน 0,น.,"ขวด, ภาชนะกลวงใน โดยมากทำด้วยแก้ว รูปสูง มักมีคอหรือปากแคบ สำหรับบรรจุของเหลว เป็นต้น"
กานกำ 0,น.,ชื่องู ท่อนหัวมีลายยาว ตามลำตัวสีดำขาวท่อนหางสีน้ำตาลแดง ไม่มีพิษ เรียก งูก้านมะพร้าว
กานชา 0,น.,กัญชา (ส.ฎ.).
กานเช้า 0,น.,กระเป๋าสานด้วยกระจูด ใช้ใส่หนังสือ.
กานดำ 0,น.,งูก้านมะพร้าว (ดู ก้านพร้าว).
ก้านตอง 0,น.,ไม้ตีทาบขวางแผ่นกระดานเพื่อยึดแผ่นกระดานให้ติดกันหรือให้แข็งแรงยิ่งขึ้น.
ก้านตอง 1,น.,ไม้วางในโลงศพสำหรับวางฟากตั้งศพ (ดู ข้ามเล น. ๑.).
ก้านตอง 0,น.,ไม้วางในโลง สำหรับวางฟากตั้งศพ
ก้านตอง 1,น.,สายที่ติดกับเครื่องนุ่งห่ม ปลายสายผูกสิ่งของไว้แล้วโยงเก็บไว้ในกระเป๋า.
ก้านตอง 2,น.,รูของปี่ที่เว้นระยะว่างไว้ระหว่างรูที่ ๔ กับ ๕ จะห่างกัน.
ก้านนี้แน่ . 0,ว.,คำด่าแม่ของคนเชี้อสายจีน
ก้านนี้หน่าโบ้ 0,ว.,คำด่าแม่ของคนเชี้อสายจีน
กานบูน 0,น.,การบูร.
ก้านพร้าว 0,น.,ชื่องู ท่อนหัวมีลายยาว ตามลำตัวสีดำขาวท่อนหางสีน้ำตาลแดง ไม่มีพิษ เรียก งูก้านมะพร้าว
ก้านพร้าว 1,น.,"ชื่อไม้กวาดที่ทำด้วยก้านมะพร้าว เรียก ""ไม้กวาดก้านพร้าว"""
กาน้ำ 0,น.,นักประดาน้ำที่ไม่ใช้เครื่องประดาน้ำ เช่น พวกชาวเลหรือชาวน้ำ
กาน้ำ 1,น.,ชื่อนกชนิดหนึ่ง ปากแหลม คอยาว สีดำคล้ายกา แต่ขนยาวกว่า เดินเหมือนเป็ด หากินในน้ำ กินปลาเป็นอาหาร.
กาน้ำ 2,น.,นักประดาน้ำที่ไม่ใช้เครื่องประดาน้ำ (ดู ดาน้ำ).
ก้าน้ำ 0,ก.,ตักน้ำขึ้นจากบ่อ โดยใช้ไม้ท่อนทำเป็นรอกมีแกนเหล็กหมุน (ส.ต.).
กาบ 0,น.,เปลือกหุ้มชั้นนอกของผลหรือดอกและต้นไม้บางชนิด ลอกออกได้เป็นชั้น ๆ เช่น กาบมะพร้าว กาบหมาก กาบกล้วย เป็นต้น.
กาบดำ 0,น.,ชื่อข้าวพันธุ์พื้นเมือง.
กาบแดง 0,น.,ชื่อข้าวพันธุ์พื้นเมือง.
ก้าบน 0,น.,คำเรียกชายชาวอินเดียที่โพกหัว ซึ่งมีอาชีพขายผ้า
กาบเปะ 0,น.,กาบหมาก (ส.ต.).
กาบเปะ 1,ลัก.,ลักษณนามที่เรียกยาแผนจีนที่จัดเป็นชุด.
กาบโปรง 0,น.,กระโปรง (ดู ก้ามโปรง).
กาบโปรง 0,น.,"กระโปรง, ผ้านุ่งผู้หญิงแบบสากล"
กาบหยา 0,ก.,เจียดยา
กาบหยา 1,ก.,"เทียบยา, ซื้อยาร้านยาจีนซึ่งเป็นยาสมุนไพร (ภ.ก., พ.ง.)."
กาบอกข่าว 0,น.,การละเล่นของเด็ก.
กาบอ้อย 0,น.,ชื่อข้าวพันธุ์พื้นเมือง.
กาบอ้อย 1,น.,ชื่อไม้ยืนต้น วงศ์ Burseraceae ใบประกอบปลายคี่ ดอกเล็กสีเขียวอ่อน ผลรูปไข่เบี้ยว
ก้าบุน 0,น.,คำเรียกชายชาวอินเดียที่โพกหัว ซึ่งมีอาชีพขายผ้า
ก่าโบ๋ย 0,น.,คำเรียกชายชาวอินเดียที่โพกหัว ซึ่งมีอาชีพขายผ้า
กาปิต้า 0,น.,คาร์บูเรเตอร์ (อ. carburetor ; ภ.ก.).
กาปิน 0,น.,ชื่อตะพาบน้ำขนาดเล็ก อาศัยตามลำธาร (ดู หวา น. ๒.).
ก่าเปก 0,น.,"หน่อไม้น้ำ เป็นพืชตระกูลหญ้าในวงศ์ Gramineae (ภ.ก., พ.ง.)"
ก้าโปรง 0,น.,กระโปรง (ดู ก้ามโปรง).
ก้าโปรง 0,น.,"กระโปรง, ผ้านุ่งผู้หญิงแบบสากล"
กาฝาก 0,น.,"กาฝาก, ชื่อพืชเบียนหลายชนิดที่อาศัยเกาะดูดน้ำและแร่ธาตุหรือสารอาหารที่สังเคราะห์แล้วจากพรรณไม้อื่น."
กาฝาก 1,น.,"คำเฉลยปริศนาคำทายที่ว่า ""กากะไหรแค่ไม่มีรัง""."
กาฝาก 2,น.,นกขนาดเล็กชนิดหนึ่งชอบกินกาฝาก.
กาฝากหัวเสือ 0,น.,ชื่อไม้อิงอาศัยบนเรือนยอดหรือคาคบของต้นไม้อื่น ในป่าดิบชื้นใกล้ฝังทะเล ลำต้นทรงกลม อวบน้ำ มีรูพรุนภายใน เป็นที่อาศัยของมด ส่วนที่เป็นรูพรุนใช้ทำยาได้
กาฝากหัวเสือ 1,น.,ชื่อไม้พุ่มชนิดหนึ่ง (ดู หัวร้อยรู).
กาพุ่ม 0,น.,ชื่อไม้พุ่มรอเลื้อยถึงไม้เลื้อยขนาดใหญ่ วงศ์ Rubiaceae ใบเดี่ยวเรียงตรงข้ามกัน ดอก ๕ กลีบ สีขาวถึงเหลืองนวล ผลรูปกระสวย
กาฟักไข 0,น.,การเล่นอย่างหนึ่งโดยผู้เล่นเข้าไปแย่งไข่หรีอวัตถุที่ใช้แทนจากผู้ครอง
ก้ามปู 0,น.,"ขากรรไกร, กระดูกต้นคางที่อ้าขึ้นอ้าลงมีลักษณะอย่างกรรไกร (น.ศ.)."
ก้ามปู 1,น.,ตะขอสับที่มีลักษณะเป็นเช่นนั้น.
ก้ามปู 2,น.,"ต้นฉำฉา, ชื่อไม้ต้นขนาดใหญ่ เรือนยอดทึบแผ่สาขากว้าง ดอกเป็นพู่ สีชมพู ฝักแก่สีน้ำตาลไหม้ รสหวาน ๆ"
ก้ามโปรง 0,น.,"กระโปรง, ผ้านุ่งผู้หญิงแบบสากล"
กามพลู 0,น.,"กานพลู, ชื่อไม้ต้นขนาดกลาง ดอกตูม มีรสเผ็ดร้อนตากแห้งแล้วใช้เป็นเครื่องเทศและทำยา (ทมิฬ กิรามบู)"
กาย 0,น.,"ปัญญา, ความรอบรู้, ความรู้ทั่ว, ความฉลาดเกิดแต่เรียนและคิด เช่น กายดี – ปัญญาดี (ส.ต)."
กาย 1,น.,ชื่อไม้เถาเลื้อยขนาดใหญ่ วงศ์ Rubiaceae ใบเดี่ยวเรียงตรงข้ามกัน ดอก ๕ กลีบ สีเขียวอ่อนถึงขาวนวล ผลคล้ายรูปกระสวย.
กาย 2,ก.,"เขี่ย, คุ้ย, ก่าย, ตะกาย, เกย เช่น เอาไม้มากายไฟ - เอาไม้เกลี่ยไฟให้อ่อนลง, ไกมากายต้นผัก - ไก่มาคุ้ยเขี่ยต้นผัก."
ก๋าย 0,น.,ชื่อไม้เลื้อยเนื้อแข็งขนาดใหญ่ วงศ์ Annonaceae ใบเดี่ยวเรียงสลับสองด้านของกิ่งในระนาบเดียวกัน ดอกออกเป็นช่อ ๆ กลีบดอกสีขาวนวลแกมสีม่วงผลกลุ่ม แต่ละผลรูปกลมรี.
กาย่ง 0,น.,ศิลปะการป้องกันตัวของคนเชื้อสายมลายู (ภ.ก.).
กายหลาย 0,ว.,"ไม่อยู่ในร่องในรอย, กล้าเสี่ยงโดยไม่เกรงกลัว (ดู กวายหลาย)."
กายหลาย 0,ว.,"ไม่อยู่ในร่องในรอย, กล้าเสี่ยงโดยไม่เกรงกลัว"
กายอง 0,น.,มะม่วงหิมพานต์
กายอง 1,น.,มะม่วงหิมพานต์ (ดู ยาร่วง).
การ 0,น.,"งานพิธี, การงาน, เจ้าภาพในงานพิธีเรียก ""เจ้าการหรือเจ้างาน"", วันเริ่มงานเรียก ""เข้าการหรือเข้างาน"" บอกกล่าวแขกเข้าร่วมงาน เรียก ""บอกการหรือบอกงาน"", การไปช่วยเหลือ เรียก ""ช่วยการหรือช่วยงาน"" ผู้ที่ประสานงานเรียก ""แล่นการ"", บางถิ่นเรียกผู้บริการในงานว่า ""แล่นการ"", ร่วมรับประทานอาหารในพิธีเรียก ""กินการหรือกินงาน"", งานเลิกเรียก ""เลิกการหรือเลิกงาน"","
การ 1,น.,เรื่องราว เช่น การไหรหมึง - เรื่องอะไรของคุณ. การไหรใคร
การ 2,น.,ระยะเวลาการทำงาน ๘ ชั่วโมง หรือ ๑ กะ เรียก ๑ การ เช่น วันนี้หมึงได้กี้การ - วันนี้มึงได้กี่แรงหรือกี่กะ (ภ.ก.).
การ 3,สำ.,ไมใช่ธุระของใคร.
การขี้หนี 0,น.,"เสนียดจัญไร, ลักษณะที่เป็นอัปมงคล."
การดี 0,ว.,"ขยัน, ไม่เกียจคร้าน, ทำการงานอย่างแข็งขัน ไม่ปล่อยปละละเลย."
การดี 1,สำ.,เจ้ากี้เจ้าการ.
การหาน 0,ว.,ขี้เกียจ.
การะหนี 0,น.,บานไม่รู้โรย (ดู กุนหนี).
การะหนี 1,น.,"บานไม่รูโรย, ชื่อไม้ล้มลุกลำต้นค่อนข้างแข็ง แตกแขนงเป็นพุ่มเล็ก ๆ ดอกกลมสีขาว ชมพู หรือม่วงแดง"
การาม 0,น.,ชื่อหนึ่งในสี่ของสมณศักดิ์ภาคใต้ (ดู กา น. ๕.).
กาล้วงไข 0,น.,การเล่นอย่างหนึ่งโดยผู้เล่นเข้าไปแย่งไข่หรีอวัตถุที่ใช้แทนจากผู้ครอง
กาล้วงหม้อ 0,น.,ซอกไหปลาร้าที่เป็นรอยบุ๋มลงไป เช่น อ้ายแดงถูกแทงเข้ากาล้วงหม้อ - อ้ายแดงถูกแทงเข้าที่ไหปลาร้า.
กาล้วงหม้อ 1,น.,การเล่นของเด็กอย่างหนึ่ง ทำรูปไข่วางกลางดินที่มีอุโมงค์แล้วใช้มือชกที่อุโมงค์ให้ไข่กระเด็น ใครทำให้ไข่กระเด็นได้โกลที่สุดเป็นผู้ชนะ.
กาล้วงหม้อ 2,น.,กายกรรมท่าหนึ่ง โดยผู้แสดงม้วนกลิ้งไปบนราวคู่.
กาลอ 0,น.,ชื่อไม้ต้นขนาดย่อม มักขึ้นในป่าใส ในที่ชุ่มขึ้น.
ก่าล็อก 0,น.,ลูกข่าง (ดู ลูกหัน).
ก่าล็อก 0,น.,ลูกข่าง
ก่าล่อจี้ 0,น.,"ชื่อขนมชนิดหนึ่ง ทำด้วยแป้งข้าวเหนียวทอดด้วยไฟอ่อน ๆ คลุกกับงาผสมน้ำตาลทรายขาว (จ., ภ.ก.)."
ก่าเลาะ 0,น.,ลูกข่าง
ก่าเลาะ 1,น.,ลูกข่าง (ดู ลูกหัน).
ก่าว 0,ว.,"เข้มข้น, พอดี, พอใช้ได้ เช่น โกปี๊ก่าว ๆ – กาแฟอย่างเข้มข้น (จ., ภ.ก., พ.ง.)."
ก้าว 0,น.,"สุนัข (จ., ภ.ก., พ.ง.)."
ก่าวก๊วน 0,ก.,"ช่วยซื้อ, ช่วยอุดหนุน (จ., ภ.ก., พ.ง., ส.ต.)."
ก้าวขุ่ย 0,สำ.,"เต็มที่, ถึงใจ (จ., ภ.ก.)."
ก่าวโจ้ 0,น.,มะม่วงหิมพานต์ (ดู ยาร่วง).
ก่าวโจ้จี้ 0,น.,มะม่วงหิมพานต์
ก่าวโบ้ย 0,น.,"ท้ายรางเหมืองแร่ (จ., ภ.ก.)."
ก้าวสั่วจ่าบ้อ 0,ก.,"เจ้าชู้, จีบผู้หญิง (จ., ภ.ก.)."
ก่าวหงิน 0,ก.,แต่งงาน (ดู ก่าวอิ๋น).
ก่าวหงิน 1,ก.,แต่งงาน
กาวหวาว 0,ว.,"สามหาว, เอะอะ"
ก่าวอิ๋น 0,ก.,แต่งงาน
ก่าวอี้ 0,น.,"เก้าอี้ (จ., ภ.ก.)."
ก่าวเออะ 0,ว.,"มากเรื่อง, จู้จี้จุกจิก (จ., ภ.ก., พ.ง.)."
ก่าวเอี๋ยน 0,ก.,แต่งงาน (ดู ก่าวอิ๋น).
ก่าวเอี๋ยน 0,ก.,แต่งงาน
ก้าวัก 0,น.,ตะหลิว (ดู เจี้ยนที่).
กาสามปีก 0,น.,ชื่อไม้ชนิดหนึ่ง (ดู นูดพระ).
กาสามปีก . 0,น.,ชื่อไม้ชนิดหนึ่ง เป็นพุ่มสูง ฐานใบกว้าง ปลายใบแหลม ดอกเป็นช่อกลีบสีชมพู
กาหมัง 0,น.,กระมัง
กาหมัง 1,ว.,กระมัง (ดู หมัง ว. ๒.).
ก่าหมึง 0,ว.,กระมัง เช่น พ่อมาแหล่วก่าหมึง - พ่อมาแล้วกระมัง (ภ.ก.).
กาหยี 0,น.,มะม่วงหิมพานต์ (ดู ยาร่วง).
กาหยี 0,น.,มะม่วงหิมพานต์
กาหยู 0,น.,มะม่วงหิมพานต์
กาหยู 1,น.,มะม่วงหิมพานต์ (ดู ยาร่วง).
ก้าหรัง 0,ว.,"ทนทาน, แข็งแรง (ดู หรัง ว.)."
ก้าหรัง 0,ว.,"ทนทาน, แข็งแรง (ก.บ.)"
กาหลง 0,น.,ชื่อไม้พุ่ม ปลายใบหยักเว้าลึก ดอกใหญ่สีขาว ออกเป็นช่อสั้นตามง่ามใบ.
กาหลง 1,น.,ชื่อไม้ต้นชนิดหนึ่ง ใบเล็ก ดอกเล็ก มีกลิ่นหอม
กาหลอ 0,น.,วงดนตรีประโคมในงานศพ ไม่ใช้ในงานมงคล มีฆ้อง ๒ ลูก ปี่ห้อ ๑ เลา กลองแขก ๑ คู่
กาหลัก 0,น.,ต้นลำโพงชนิดหนึ่ง ผิวผลเรียบไม่มีหนาม.
กาหลัก 1,น.,เครื่องยกของหนัก.
กาหลัก 2,ว.,"ชั่ว, เลว เช่น หญิงกาหลัก."
กาหลา 0,น.,ชื่อไม้เนื้ออ่อนชนิดหนึ่ง.
กาหลา 1,น.,ชื่อไม้ล้มลุกต้น คล้ายข่า สูง ๓ - ๕ เมตร ช่อดอกคล้ายบัวตูม แต่กลีบแข็ง สีแดง สีชมพู ลีขาว มีดอกเล็ก ๆ แน่น ) เป็นกระจุกอยู่ภายใน ก้านช่อดอกผุ่ดขึ้นจากดิน และยาวได้ถึง ๑ เมตร หน่อและดอกอ่อนใช้เป็นอาหาร
กาหลา 2,น.,"เจ้าป่าช้าที่เรียกว่า ""ยายกาหลาตากาหลี"" แต่บางแห่งเรียกว่า ""ตากาหลายายกาหลี"""
กาหลา 3,น.,น้ำมันทา ทำจากต้นกาหลาแก้เข็ดยอก.
กาหลา 4,ก.,ทำให้คนอื่นเสียหาย.
กาหลา 5,ว.,"ชั่ว, ทราม"
กาหลำ 0,น.,"ปะวะหล่ำ, เครื่องประดับสำหรับผูกข้อมือ ทำเป็นรูปกลม ๆ สลักเป็นลวดลาย."
กาหลี 0,น.,เจ้าป่าช้า (ดู กาหลา น. ๓.).
ก้าหวัก 0,น.,ตะหลิว
กาหัว 0,สำ.,หมายหัว.
ก่าเหมีย 0,น.,"เพศหญิง, ตัวเมีย."
ก่าเหมีย 1,สำ.,ผู้ชายที่ไม่สู้คน (ดู เหมีย สำ.).
ก่าเหมีย 0,สำ.,"ผู้ชายที่ไม่สู้คน, ผู้ชายที่ทำตัวอย่างผู้หญิง (กะเทย)"
กาเหวง 0,ก.,แต่งงาน.
กาเหวง 1,ก.,ติดตาต่อกิ่ง.
ก่าเหฺล 0,น.,"หุ่นชักแบบจีน (จ, ภ.ก.)."
กาโห 0,สำ.,"ห่างไกลความเจริญ, เชย เช่น ทำเป็นกาโหไปได้ - ทำเชย ๆ ไปได้."
กำ 0,น.,"ไม้ระกำ, ชื่อปาล์มชนิดหนึ่ง ขึ้นเป็นกอ ก้านใบมีหนามแข็ง เนื้อฟ่าม ผลออกเป็นกระจุก กินได้."
กำ 1,น.,หญ้าชนิดหนึ่ง ขึ้นตามคันนาและในน้ำสูงท่วมศีรษะใบคล้ายใบอ้อยแต่เล็กกว่า มีขนอ่อนๆสั้นๆ.
กำ 2,น.,ชื่อหวายชนิดหนึ่ง มีทางเหมือนระกำ.
กำ 3,น.,มาตราวัดรอบของกลมซึ่งวัดด้วยความกว้างของช่วงฝ่ามือกำ.
กำ 4,น.,อาการที่เกิดจากสิ่งสกปรกอัดอยู่ในซอกเล็บแล้วอักเสบ
กำ 5,ก.,งดเว้นกินของแสลงในยามป่วยไข้.
กำ 6,ลัก.,พลู ๔ จับหรือแบะ มัดรวมกันเรียกว่า ๑ กำ.
กำ 7,ลัก.,เรียกต้นกล้าข้าวที่ถอนแล้ว ใช้เชือกมัด เรียก เป็นกำ.
กำกิน 0,น.,อาการที่เกิดจากสิ่งสกปรกอัดอยู่ในซอกเล็บแล้วอักเสบ
กำกิน 1,ก.,อาการที่เกิดจากสิ่งสกปรกอัดอยู่ในซอกเล็บแล้วอักเสบ (ดู กำ น. ๕.).
ก้ำกึง 0,ว.,"ก้ำกึ่ง, คาบกึ่ง, เกือบเท่ากัน เช่น ชายสองคนนั้น หฺมฺลังก้ำกึงกัน – ชายสองคนนั้นมีกำลังก้ำกึ่งกัน."
กำคอ 0,น.,"อเส, ตัวไม้ซึ่งประกอบยึดเสาส่วนบนของเรือน (ส.ฎ.)."
กำจัด 0,น.,ชื่อไม้ต้นขนาดกลางชนิดหนึ่ง ต้นและกิ่ง ก้านเป็นหนาม ใบมีใบย่อย ๖ - ๘ คู่ ผลเล็ก ๆ ขนาดเมล็ดพริกไทย ผิวขรุขระมีกลิ่นฉุน คล้ายกลิ่นเมล็ดผักชียี่หร่าเมล็ดกลม ๆ ดำเป็นมัน ใช้ ผสมเป็นเครื่องแกงให้ชูรส.
กำจัด 1,น.,"เรียกเขี้ยวหรืองาช้างที่หักติดอยู่ในไม้หรือสิ่งอื่น เช่น เขี้ยวหมูป่า กำจัด, งาช้างกำจัด"
กำจาย 0,น.,"เรียกเขี้ยวหรืองาช้างที่หักติดอยู่ในไม้หรือสิ่งอื่น เช่น เขี้ยวหมูป่า กำจัด, งาช้างกำจัด"
กำจาย 1,น.,เรียกเขี้ยวหรืองาของสัตว์ที่หักติดอยู่ในไม้หรือสิ่งอื่น ๆ (ดู กำจัด น. ๒.).
ก้ำเจี่ย 0,น.,"อ้อย (จ., ภ.ก.)."
กำชำ 0,น.,มะหวด
ก่ำชึ้ง 0,น.,"โรคหนองใน, โรคซิฟิลิส (จ., ภ.ก.)"
กำซำ 0,น.,มะหวด
กำซำ 1,น.,มะหวด (ดู กำชำ).
กำเซ็น 0,น.,"เปอร์เซ็นต์, ค่านายหน้า (จ., ภ.ก.)"
ก่ำเซี้ยน 0,น.,"เปอร์เซ็นต์, ค่านายหน้า (จ., ภ.ก.)"
กำดิง 0,ก.,"เป็นห่วง, คิดถึง, คำนึง (ภ.ก.) เช่น ใจกำดิงถึงมาหา - คิดถึงจึงมาหา."
กำดึง 0,ก.,"เป็นห่วง, คิดถึง, คำนึง (ภ.ก.) เช่น ใจกำดิงถึงมาหา - คิดถึงจึงมาหา."
กำตัด 0,น.,กำถั่ว (การพนันชนิดหนึ่ง).
กำทู 0,น.,"กบทู, ไม้เครื่องเรือนที่พาดเบื้องบนเป็นสันหลังคาเหนือใบดั้ง"
กำทู 1,น.,ไม้เครื่องเรือนที่พาดเบื้องบนเป็นส้นหลังคา เหนือใบดั้ง (ดู แปทู).
กำปิน 0,น.,ชื่อตะพาบน้ำฃนาดเล็ก อาศัยตามลำธาร
กำพรัด 0,น.,ทำนองร้องบทมโนราห์ทำนองหนึ่ง
กำพริก 0,น.,กัลปพฤกษ์
กำพรึก 0,น.,กัลปพฤกษ์
กำพลัด 0,น.,ทำนองร้องบทมโนราห์ทำนองหนึ่ง
กำพลิก 0,น.,กัลปพฤกษ์
กำพลึก 0,น.,กัลปพฤกษ์
กำพวน 0,น.,ชื่อหวายชนิดหนึ่ง นิยมนำมาทำเครื่องใช้ ใบเอามาเย็บเป็นตับมุงหลังคาบ้าน ยอดเอามาต้มกะทิรับประทานได้
กำพวน 1,น.,ชื่อหวายชนิดหนึ่ง (ดู พวน น. ๒.).
กำพู 0,น.,"กานพลู, ชื่อไม้ต้นขนาดกลาง ดอกตูม มีรสเผ็ดร้อนตากแห้งแล้วใช้เป็นเครื่องเทศและทำยา (ทมิฬ กิรามบู)"
กำแพงเจ็ดชั้น 0,น.,ชื่อไม้เถาและไม้รอเลื้อย (ดู หลุมนก).
กำแพงแจ็ดชั้น 0,น.,ชื่อไม้เถาและไม้พุ่มรอเลื้อย มี ๒ ชนิด ชนิดหนึ่งเป็นเถา อีกชนิดหนึ่งเป็นพุ่มเตี้ย ทั้ง ๒ ชนิด มีใบคล้ายใบพลอง ผลสุกสีแดง กินได้
กำโพน 0,น.,เชือกที่ใช้แขวนเปลทำจากหวายพวนหรือกำพวน.
กำโพน 1,น.,ชื่อหวายชนิดหนึ่ง (ดู พวน น. ๒.).
กำโพน 0,น.,ชื่อหวายชนิดหนึ่ง นิยมนำมาทำเครื่องใช้ ใบเอามาเย็บเป็นตับมุงหลังคาบ้าน ยอดเอามาต้มกะทิรับประทานได้
กำมือ 0,ลัก.,กำ เช่น เก็บใบไม้สักกำมือ - เก็บใบไม้สักกำ.
กำมฺลัง 0,น.,"เรี่ยวแรง, กำลัง เช่น กำมฺลังไม่ดี - ไม่มีกำลัง"
กำมฺลัง 1,ว.,กำลังกระทำ เช่น กำมฺลังนอน - กำลังนอน.
กำไมฺร 0,น.,กำไร เช่น ขายของไม่ได้กำไมฺร - ขายของไม่ได้กำไร
กำไมฺร 1,น.,กำไล (ดู ไหฺมฺล).
กำไมฺร 2,น.,ชื่อไม้ผลชนิดหนึ่ง ต้นและผลคล้ายมะไฟ (ดู ละไม).
กำลังควายถึก 0,น.,ชื่อไม้เถา ที่เถามีหนาม ใบใหญ่ ใช้เป็นสมุนไพร.
กำลังวัน 0,น.,พิธีปลุกเสกคาถาให้ศักดิ์สิทธิ์ตามกำลังวัน มีดังนี้ อาทิตย์ ๖ จันทร์ ๑๕ อังคาร ๘ พุธ ๑๗ พฤหัสบดี ๑๙ ศุกร์ ๒๑ เสาร์ ๑๐.
กำเลียด 0,น.,เม็ดระกำอ่อน
ก้ำเสี่ย 0,ว.,"ขอบคุณ (จ., ภ.ก., พ.ง.)."
กำหญะ 0,น.,ชื่อไม้ผลชนิดหนึ่ง ประเภทไม้ยืนต้น ผลขนาดผลมะตูม เปลือกผลขรุขระ ผลสุกมีรสเปรี้ยว ๆ ใช้รับประทานได้.
กำหมวน 0,ว.,"กล้าได้กล้าเสีย, ใจป้ำ, กล้าลงทุน."
กำหมัง 0,ก.,"เตรียมพร้อม, รวบรวมกำลังเต็มที่."
กำหมัด 0,น.,กำปั้น เช่น กำหมัดเขาใหญ่จัง - กำปั้นเขาโตมาก.
กำหมา 0,น.,อาการที่เกิดจากสิ่งสกปรกอัดอยู่ในซอกเล็บแล้วอักเสบ
กำหมา 1,น.,อาการที่เกิดจากสิ่งสกปรกอัดอยู่ในซอกเล็บแล้วอักเสบ (ดู กำ น. ๕.).
กำหมา 2,ว.,ประหม่า.
กำหลัง 0,น.,กำลัง (ดู กำมฺลัง).
กำหลัง 0,น.,"เรี่ยวแรง, กำลัง เช่น กำมฺลังไม่ดี - ไม่มีกำลัง"
กำหฺมฺลัง 0,น.,กำลัง (ดู กำมฺลัง).
กำหฺมฺลัง 0,น.,"เรี่ยวแรง, กำลัง เช่น กำมฺลังไม่ดี - ไม่มีกำลัง"
กำไหร 0,น.,ชื่อไม้ผลชนิดหนึ่ง มีผลกลมเป็นพวงอย่างมะไฟ แต่ผลเล็กกว่า เนื้อสีแดง มีรสเปรี้ยวอมหวาน
กำไหร 1,น.,ชื่อไม้ผลชนิดหนึ่ง มีผลกลมเป็นพวงอย่างมะไฟ (ดู จำปูหริ้ง).
กำไหฺมฺร 0,น.,ชื่อไม้ต้นชนิดหนึ่ง ต้นและผลคล้ายมะไฟแต่ผลเล็กกว่า เปลือกแข็งกว่ามะไฟ (ม. ramai)
กำไหฺมฺร 1,น.,ชื่อไม้ผลชนิดหนึ่ง ต้นและผลคล้ายมะไฟ (ดู ละไม).
กำไหฺมฺล 0,น.,กำไร (ดู กำไมฺร น. ๑.).
กำไหฺมฺล 0,น.,กำไร เช่น ขายของไม่ได้กำไมฺร - ขายของไม่ได้กำไร
กิง 0,น.,"กิ่ง, ส่วนที่แยกออกจากต้น, แขนง."
กิ้งกือ 0,น.,"กิ้งกือ, ชื่อสัตว์ไม่มีกระดูกสันหลัง มีเปลือก ตัวแข็ง ลำตัวยาว แบ่งเป็นปล้อง ๆ ไม่แบ่งอก หรือท้องให้เห็น ปล้องตามลำตัวจับกันเป็นคู่ตามยาวยืดหดเข้าหากันได้ ทำให้สามารถขดเป็นวงกลมได้เมื่อถูกรบกวน ปล้องแต่ละคู่จะมี ๒ ขา"
กิ้งกือ 1,น.,กิ้งกือ (ดู ผึ้งกือ).
กิงดอกเดียว 0,น.,ชื่อไม้พุ่มชนิดหนึ่ง (ดู ราชครูดำ).
กิ่งดอกเดียว 0,น.,ชื่อไม้พุ่มชนิดหนึ่ง
กิงทง 0,น.,กิ่งที่เป็นยอดสูงสุดของต้นไม้.
กิด 0,ก.,"สะกิด, เอาปลายเล็บหรือสิ่งที่คล้ายคลึงกัน เขี่ย แตะหรือขีดข่วนแต่เบา ๆ เพื่อให้รู้ตัวหรือเพื่อให้สิ่งที่ไม่ต้องการหลุดออกไป."
กิ๊ดเล้งเตี๋ยว 0,น.,ไอศกรีมแท่ง
กิ๊ดเหลง 0,น.,"ไอศกรีม (จ., ภ.ก., พ.ง.)"
กิน 0,ก.,บาด เช่น มีดกินมือ - มีดบาดมือ.
กิน 1,ก.,เผาไหม้ เช่น ไฟกินเริน - ไฟไหม้บ้าน.
กิน 2,ก.,ดื่ม เช่น กินน้ำ - ดื่มน้ำ.
กิน 3,ก.,"โกง, ทุจริต เช่น กินหนน - ทุจริตการสร้างถนน."
กิน 4,ว.,"คม เช่น ลับมีดให้กิน - ลับมีดให้คม, ขวานนี้กินจัง - ขวานนี้คมจัง."
กินการ 0,ก.,การร่วมรับประทานอาหารในพิธี.
กินการ 1,ก.,ทำงานรับจ้าง เช่น กินการเขาไปวัน ๆ แนะ - รับจ้างเขาไปวัน ๆ นั่นแหละ (ภ.ก.).
กินเกลียว 0,สำ.,เข้ากันได้.
กินแกลบ 0,สำ.,ยากจน
กินข้าง 0,ก.,ลีลาการชนของวัว ที่รอจังหวะให้คู่ต่อสู้เสียหลักเสียจังหวะก็จะชนเข้าบริเวณลำตัวให้ล้มลง
กินขาด 0,สำ.,ชนะเด็ดขาด
กินขาด 1,สำ.,ฝีมือเหนือกว่ามาก.
กินข้าวกับพรกบัวบกจิ้มเกลือ 0,สำ.,คนยากจน.
กินข้าวร่าย 0,สำ.,กินข้าวบ้านผู้อื่นไปเรื่อยๆ.
กินข้าววัด นอนหลา ห่มผ้าผี 0,สำ.,คนยากจน.
กินแขก 0,สำ.,รับประทานอาหารในงานเลี้ยง.
กินค่าเข้ารั้วทำค่าไม้โท้ 0,สำ.,กินมากกว่าทำงานจริง.
กินเคยนกกรง 0,สำ.,ไกลปืนเที่ยง.
กินงาน 0,ก.,ร่วมรับประทานอาหารในงานมงคลสมรส.
กินเงินเดือน 0,สำ.,ข้าราชการ (น.ศ.).
กินเจ 0,ก.,กินเจ (ภ.ก.)
กิ่นเจ็ว 0,น.,กล้วย (ดู กล้วย น. ๒.).
กิ่นเจ็ว 0,น.,"กล้วย, ชื่อไม้ล้มลุก จำพวกที่แตกหน่อเป็นกอ ผลสุกเนื้อนุ่ม กินได้"
กิ่นฉ่าย 0,น.,"ผักขึ้นฉ่าย (จ., ภ.ก., พ.ง.)."
กินดอก 0,ก.,กินดอกเบี้ย
กินดี 0,ว.,อร่อย.
กินเดิมพัน 0,สำ.,ริบเดิมพัน.
กินตัด 0,ก.,"กินรวบทั้งหมด, เป็นภาษาที่ใช้ในวงการพนัน."
กินตัว 0,ก.,ผุกร่อนไปเอง
กินตัว 1,ว.,"อยู่ตัว, เต็มอัตรา, เต็มที่ เช่น เอาไม้ไปตากแดดให้กินตัวเสียก่อน - เอาไม้ไปตากแดดให้อยู่ตัวเสียก่อน."
กินตู 0,ก.,"รับกินแทนเจ้ามือ, เป็นภาษาที่ใช้ในวงการพนัน."
กินเต 0,ว.,เบียดเบียนเอาผลประโยชน์คนอื่นโดยโก่งราคาแพงกว่าที่ชื้อมาจริง เช่น ซื้อของมาราคา ๘๐ บาท แต่บอกว่าซื้อมา ๑๐๐ บาท เพื่อจะเอาผลประโยชน์ ๒๐ บาท.
กินเติ้น 0,สำ.,ไม่มีเล่ห์เหลี่ยม.
กินทบ 0,สำ.,กินเป็นทวีคูณ.
กินเท่ 0,ก.,รุกที่ของผู้อื่น
กินแทน 0,ก.,การกินอย่างหนึ่งในการเล่นหมากขุม โดยถ้าเดินหมากมาตายในฝ่ายเราแล้วจะได้กินหมากของอีกฝ่ายหนึ่งซึ่งอยู่ในหลุมตรงกันข้ามนั้นทั้งหมด.
กินนอ 0,สำ.,"กินรอยเขา, กินของเหลือเดน."
กินนอกกินใน 0,สำ.,คดโกง.
กินน้ำ 0,ก.,อาการที่กำลังจะจมน้ำโดยกินน้ำเข้าไปมาก.
กินน้ำแกง 0,สำ.,"พึ่งพาอาศัย มักใช้ว่า ""พลอยกินน้ำแกง""."
กินน้ำชา 0,น.,การดื่มน้ำชาในพิธีแต่งงานของคนเชื้อสายจีน.
กินเนียน 0,สำ.,ละเอียด.
กินใน 0,สำ.,บาดหมาง.
กินบท 0,ว.,ลักษณะการขับบทที่เสียงเข้ากับเครื่องดนตรีและบทบาทของตัวละครเป็นอย่างดีใช้กับหนังตะลุง.
กินผ็อง 0,สำ.,กินส่วนที่ดีที่สุดเป็นคนแรก
กินผัก 0,ก.,กินเจ (ภ.ก.)
กินผัว 0,สำ.,ลักษณะของหญิงที่มีสามีกี่คน ๆ ก็ ตายหมด.
กินพวด 0,ก.,กินดอกเบี้ย
กินเพลียง 0,ก.,ลีลาการชนของวัว ที่รอจังหวะให้คู่ต่อสู้เสียหลักเสียจังหวะก็จะชนเข้าบริเวณลำตัวให้ล้มลง
กินฟ่าม 0,ก.,"กินจุ, กินคำโต."
กินมัดจำ 0,ว.,ริบเงินค่ามัดจำ
กินเมีย 0,สำ.,ลักษณะชายที่มีภรรยากี่คน ๆ ก็ตายหมด.
กินไม่ลง 0,สำ.,ไม่อร่อย.
กินไม่ลง 1,สำ.,ฝีมือทัดเทียมกัน
กินยอ 0,สำ.,"หลงคำเยินยอ, เชื่อง่าย."
กินยอด 0,สำ.,กินส่วนที่ดีที่สุดเป็นคนแรก
กินยอน 0,สำ.,"หลงคำเยินยอ, เชื่อง่าย."
กินยาก 0,ก.,เลือกของกิน
กินยาก 1,สำ.,ฝีมือทัดเทียมกัน
กินยุ 0,สำ.,"หลงคำเยินยอ, เชื่อง่าย."
กินเยี้ยน 0,ก.,กินมากเกินที่กระเพาะอาหารจะรับได้.
กินแรง 0,สำ.,เอาเปรียบผู้อื่น.
กินโรป 0,ว.,การเชิดรูปหนังตะลุงให้แสดงบทบาทได้อย่างเหมาะสมตามลีลาของรูปนั้น ๆ.
กินลม 0,ก.,ลมติดใบ
กินลม 1,ก.,ทำอะไรอย่างสบาย เช่น เดินกินลม (น.ศ.)
กินลม 2,สำ.,"ติดลม,"
กินลม 3,สำ.,เที่ยวไปหรือทำอะไรโดยไม่มีจุดหมาย.
กินลึก 0,สำ.,มีเล่ห์เหลี่ยมชั้นเชิงมาก.
กินลูกยอ 0,สำ.,"หลงคำเยินยอ, เชื่อง่าย."
กินลูกเอง 0,สำ.,คล้ายสมภารกินไก่วัด แต่หมายรวมถึงความสัมพันธ์ทางเพศระหว่างพ่อลูกและวงส์ญาติด้วย.
กินวาน 0,ก.,กินเลี้ยงในการลงแขก.
กินสบถ 0,ก.,ดื่มน้ำศักดิ์สิทธิ์ต่อหน้าสิ่งศักดิ์สิทธิ์ เช่น ต่อหน้าพระพุทธรูปในอุโบสถ เพื่อสาบานตนว่าไม่ได้กระทำผิด (น.ธ.).
กินสวน 0,ก.,เก็บเกี่ยวผลประโยชน์จากสวนเพื่อทดแทนดอกเบี้ยเงินกู้
กินสวนต่างดอก 0,ก.,เก็บเกี่ยวผลประโยชน์จากสวนเพื่อทดแทนดอกเบี้ยเงินกู้
กินสับ 0,สำ.,ได้รับการเลี้ยงดูจากผู้อื่นเป็นอย่างดีโดยไม่ต้องเหนื่อยยาก.
กินสับสับ 0,สำ.,ได้รับการเลี้ยงดูจากผู้อื่นเป็นอย่างดีโดยไม่ต้องเหนื่อยยาก.
กินเส้น 0,สำ.,ถูกชะตา
กินเสาะ 0,ก.,กินรองท้อง
กินเสาะ 1,ก.,กินรองท้อง.
กินไส้เกียง 0,สำ.,ยากจน
กินหญ้า 0,สำ.,โง่ เปรียบเทียบว่าเหมือนวัวเหมือนควาย.
กินหญ้าตัด 0,สำ.,สุขสบาย.
กินหญ้าอ่อนนอนน้ำใส 0,สำ.,สบาย.
กินหมู 0,สำ.,กินเลี้ยงในงานแต่งงาน
กินหลอด 0,ก.,ใช้ในวงการพนันในการเล่นไพ่สิบแต้มโดยผู้เล่นตกลงกับเจ้ามือว่าจะแบ่งเงินที่ใช้แทงออกเป็น ๒ ส่วน คือ ส่วนหัวกับส่วนท้าย ถ้าผู้ชนะได้แต้มตั้งแต่ ๗ แต้มลงมาจะกินได้เฉพาะส่วนท้าย ถ้าได้แต้มตั้งแต่ ๘ แต้มขึ้นไปจะสามารถกินได้ตลอดทั้ง ๒ ส่วน
กินหวะ 0,ก.,กินกับมากกินข้าวน้อย.
กินหอ 0,ก.,"กินข้าวห่อ, การนำอาหารไปรับประทานนอกบ้าน เช่น ตามทุ่งนา, ชายหาด เป็นต้น."
กินหอ 1,สำ.,รวบหัวรวบหาง.
กินหัวกินท้าย 0,ก.,ใช้ในวงการพนันในการเล่นไพ่สิบแต้มโดยผู้เล่นตกลงกับเจ้ามือว่าจะแบ่งเงินที่ใช้แทงออกเป็น ๒ ส่วน คือ ส่วนหัวกับส่วนท้าย ถ้าผู้ชนะได้แต้มตั้งแต่ ๗ แต้มลงมาจะกินได้เฉพาะส่วนท้าย ถ้าได้แต้มตั้งแต่ ๘ แต้มขึ้นไปจะสามารถกินได้ตลอดทั้ง ๒ ส่วน
กินหัวกินหาง 0,ก.,ใช้ในวงการพนันในการเล่นไพ่สิบแต้มโดยผู้เล่นตกลงกับเจ้ามือว่าจะแบ่งเงินที่ใช้แทงออกเป็น ๒ ส่วน คือ ส่วนหัวกับส่วนท้าย ถ้าผู้ชนะได้แต้มตั้งแต่ ๗ แต้มลงมาจะกินได้เฉพาะส่วนท้าย ถ้าได้แต้มตั้งแต่ ๘ แต้มขึ้นไปจะสามารถกินได้ตลอดทั้ง ๒ ส่วน
กินหัวน้ำ 0,สำ.,กินส่วนที่ดีที่สุดเป็นคนแรก
กินหางเอง 0,สำ.,"หลงตัวเอง, หลงรูป."
กินเหนียว 0,ก.,แต่งงาน.
กินเหนียว 1,สำ.,กินเลี้ยงในงานแต่งงาน
กินเหนียว 2,สำ.,"งานเลี้ยงในงานสำคัญของมุสลิม (น.ธ., ป.น.)."
กินเหนียว 3,สำ.,กินอาหารในงานศพ (ส.ฎ.).
กินเหมือนจอบตราเข้ 0,สำ.,"ทุจริต, คดโกง."
กินเหมือนแพะข้อง 0,สำ.,กินทุกสิ่งทุกอย่างที่มีอยู่ตรงหน้าจนหมด.
กินเหมือนไฟติดเริน 0,สำ.,"ตะกละ, กินมาก."
กินเหมือนแมวดม 0,สำ.,"กินนิดเดียว, กินไม่มาก."
กินเหมือนแร้งลง 0,สำ.,กินประเดี๋ยวเดียวก็หมด.
กินเหมือนหมู อยู่เหมือนหมา 0,สำ.,ใช้ตำหนิคนที่มีพฤติกรรมการกินไม่เรียบร้อย.
กินเหล็กไหล 0,ว.,อยู่ยงคงกระพัน.
กินแหญะ 0,ก.,"กินเหลือ, กินไม่หมด."
กินไหฺมฺรย 0,ก.,เอากำไร.
กินออม 0,ก.,กินกับน้อย ๆ.
กิบ 0,น.,กิ๊บ (ดู กีบ น. ๒.).
กิบ 1,น.,กิ๊บ (ก.บ.)
กิ่ม 0,น.,"น้าสะใภ้, ป้าสะใภ้ (จ,, ภ.ก., พ.ง.)."
กิ้ม 0,น.,กระดาษทองใช้เผาในการไหว้เจ้าที่เป็นเทพ (ภ.ก.)
กิ้ม 1,น.,กระดาษทอง ใช้เผาในการไหว้เจ้าหรืองานศพของคนจีน
กิ่มจั้ว 0,น.,กระดาษทอง ใช้เผาในการไหว้เจ้าหรืองานศพของคนจีน
กิ่มเจี๊ยม 0,น.,"ดอกไม้จีนใช้ทำอาหารใส่แกงจืด (จ., ภ.ก., พ.ง.)."
กิ่มตู้น 0,น.,"เครื่องประดับประเภทเหรียญ (จ., ภ.ก.)."
กิ่มโป๋ 0,น.,"ภรรยาของน้องชายยาย (จ., ภ.ก., พ.ง.)."
กิ้มเพ่า 0,น.,พ่อครัว (ดู จงผ่อ).
กิ่มสั่วหู 0,น.,ปลาข้างเหลือง.
กิ่มหลอ 0,น.,"ที่เผากระดาษทอง (จ., ภ.ก.)."
กิ่มเหลี่ยน 0,น.,"สร้อยทอง (จ., ภ.ก.)."
กิ่มอิ๋ว 0,น.,ยาหม่อง
กิ่มอี๋ 0,น.,"ขนมอี๊ (จ., ภ.ก.)"
กี๊ 0,น.,"สารที่ใส่ในแป้งขนมจ้างเพื่อทำให้เหนียว (ด่าง) (จ., ภ.ก.)."
กี๊ 1,ลัก.,"อัน, แท่ง (ภ.ก.)."
กี๊ 2,ว.,"กี่, เท่าไร"
กี๊ 3,ว.,ตะกี้ เช่น มาเมื่อกี๊ - มาเมื่อตะกี้.
กี๋ 0,น.,ธง.
กี๋ 1,น.,"งวด ระยะเวลา ๑๕ วัน เท่ากับ ๑ งวด (จ., ภ.ก.)."
กี้จัง 0,น.,ขนมจ้าง (ดู ซั้ง น. ๓.).
กี้จัง 0,น.,"ขนมจ้าง, ชื่อขนมชนิดหนึ่ง ทำจากข้าวเหนียวห่อด้วยใบไผ่ แล้วต้ม"
กี่จ่าง 0,น.,ขนมจ้าง (ดู ซั้ง น. ๓.).
กี่จ่าง 0,น.,"ขนมจ้าง, ชื่อขนมชนิดหนึ่ง ทำจากข้าวเหนียวห่อด้วยใบไผ่ แล้วต้ม"
กีด 0,ก.,"เกะกะ, กีดขวาง."
กีดหัว 0,ว.,หนักกบาล.
กีบ 0,น.,กีบสัตว์.
กีบ 1,น.,กิ๊บ (ก.บ.)
กีบม้า 0,น.,ชื่อว่านชนิดหนึ่ง คล้ายว่านกีบแรดแต่ขนาดเล็กกว่า.
กีบแรด 0,น.,ชื่อว่านชนิดหนึ่ง (Angiopteris evecta) ในวงศ์ Maratiaceae มีใบยาว ยกสูงขึ้น ที่โคนก้านใบมีส่วนเป็นรูปคล้ายกีบม้า หรือกีบแรดกำกับอยู่ ใช้เป็นเครื่องสมุนไพร.
กี่ผ่าว 0,น.,"กระโปรงชุดแหวกข้างของคนจีน (จ., ภ.ก., พ.ง.)."
กียามัด 0,น.,วันสิ้นโลกตามความเชื่อของชาวมุสลิม.
กึ๊ง 0,น.,"ชั้นดินที่อยู่ล่างถัดจากชั้นดินกะสะที่มีแร่ดีบุก (จ., ภ.ก.)."
กึ๊ง 1,สำ.,ถึงที่สุด.
กึงกัง 0,ว.,"ว่องไว, กระฉับกระเฉง (น.ศ.)."
กึงกัง 1,ว.,รุงรัง.
กึ้งกือ 0,น.,"กิ้งกือ, ชื่อสัตว์ไม่มีกระดูกสันหลัง มีเปลือก ตัวแข็ง ลำตัวยาว แบ่งเป็นปล้อง ๆ ไม่แบ่งอก หรือท้องให้เห็น ปล้องตามลำตัวจับกันเป็นคู่ตามยาวยืดหดเข้าหากันได้ ทำให้สามารถขดเป็นวงกลมได้เมื่อถูกรบกวน ปล้องแต่ละคู่จะมี ๒ ขา"
กึ้งกือ 1,น.,กิ้งกือ (ดู ผึ้งกือ).
กึแจง 0,น.,"กะชะ, ภาชนะสานโปร่งสำหรับใส่สิ่งของ มีรูปต่าง ๆ บางชนิดมีหูหิ้ว บางชนิดไม่มี"
กึแจง 1,น.,กะชะ (ดู ชะ น. ๑.).
กึช็อด 0,ก.,"กระถด, เลื่อนไปเล็กน้อย"
กึช็อด 1,น.,กระถด (ดู ถด).
กึชะ 0,น.,กะชะ (ดู ชะ น. ๑.).
กึดาย 0,ว.,"ขี้เหนียว, ตระหนี่"
กึดาย 1,ว.,ตระหนี่ (ดู ขี้ซิด).
กึได 0,น.,"มัดจำ, เงินที่มอบไว้แก่คู่สัญญาบางส่วน"
กึได 1,น.,มัดจำ (ดู มัดกรำ).
กึแตรง 0,น.,กะชะ (ดู ชะ น. ๑.).
กึถด 0,ก.,"กระถด, เลื่อนไปเล็กน้อย"
กึถด 1,น.,กระถด (ดู ถด).
กึแถ็ด 0,ก.,"กระถด, เลื่อนไปเล็กน้อย"
กึแถ็ด 1,น.,กระถด (ดู ถด).
กึปรัด 0,ก.,"ร้าว, ปริ เช่น แก้วนี้ปรัดแต้ว - แก้วใบนี้ร้าวแล้ว"
กึปรัด 1,ก.,"ร้าว, ปริ (ดู ปรัด)."
กึเผล้ง 0,น.,หม้อดินเผาขนาดใหญ่ ไม่มีฝาปิด ปากกว้างใช้สำหรับใส่น้ำหรือข้าวสาร (ดู เผล้ง น.).
กึเผล้ง 0,น.,หม้อดินเผาขนาดใหญ่ ไม่มีฝาปิด ปากกว้าง ใช้สำหรับใส่น้ำหรือข้าวสาร เรียกว่า “ เผล้งสาร ”
กึพล็อกหัว 0,น.,"กะโหลก, กระดูกที่หุ้มมันสมอง"
กึพล็อกหัว 1,น.,กะโหลก (ดู โหลก น. ๑.).
กึรำ 0,ก.,"อยากกระทำ, อยากลงไม้ลงมือ, มันมือชวนให้เล่น, ชวนให้ทำ, ใคร่"
กึลิก 0,ก.,"สะกิด, เอาปลายเล็บหรือสิ่งที่คล้ายคลึงกัน เขี่ย แตะหรือขีดข่วนแต่เบา ๆ เพื่อให้รู้ตัวหรือเพื่อให้สิ่งที่ไม่ต้องการหลุดออกไป."
กึลึก 0,ก.,สะกิด (ดู กิด).
กึแส็ง 0,ก.,"ร่อน, เขย่า, สั่น"
กึแส็ง 1,ก.,"ร่อน, เขย่า, สั่น (ดู แร่ง ก.)."
กึหมัง 0,น.,เสือดำ (ดู ค้างคูด).
กึหมัง 0,น.,เสือดำ
กึหยับ 0,ก.,"กระถด, เลื่อนไปเล็กน้อย"
กึหยับ 1,ก.,"ขยับ, กระเถิบ"
กึหยับ 2,ก.,ขยับ (ดู หญับ ก.).
กึหวาน 0,น.,สว่าน (ดู เหล็กบิด).
กึแหม็ด 0,ก.,นุ่งผ้าม้วนชายพกและปล่อยชาย (ดู แหฺมฺร็ด ก. ๑.).
กึแหม็ด 0,ก.,นุ่งผ้าม้วนชายพกและปล่อยชาย เช่น แหฺมฺร็ดผ้า - ถกผ้า
กึโหลย 0,ก.,"กู่, ตะโกน (ดู โก ก.)."
กึโหลย 1,ก.,"กู่, ตะโกน"
กืด 0,ก.,เสียงร้องของนกคุ่ม
กือ 0,น.,"กิ้งกือ, ชื่อสัตว์ไม่มีกระดูกสันหลัง มีเปลือก ตัวแข็ง ลำตัวยาว แบ่งเป็นปล้อง ๆ ไม่แบ่งอก หรือท้องให้เห็น ปล้องตามลำตัวจับกันเป็นคู่ตามยาวยืดหดเข้าหากันได้ ทำให้สามารถขดเป็นวงกลมได้เมื่อถูกรบกวน ปล้องแต่ละคู่จะมี ๒ ขา"
กือ 1,น.,กิ้งกือ (ดู ผึ้งกือ).
กือ 2,น.,ใช้เป็นคำนำหน้าชื่อสตรี (ดู กะ น. ๖.).
กือ 0,น.,คำนำหน้าชื่อสตรีของไทยมุสลิม
กือจ๋าม 0,ก.,จาม (น.ธ.)
กือจ๋าม 1,ก.,จาม (ดู กะจ๋าม).
กือเจ๊าะ 0,ก.,ว่องไว เช่น แด็กคนนี้กะจะจริง - เด็กคนนี้ว่องไวจริง
กือเจ๊าะ 1,ก.,ว่องไว (ดู กะจะ).
กือด่วน 0,ว.,"รีบ, เร่ง, ด่วน (น.ธ.)"
กือด่วน 1,ว.,ด่วน (ดู กะด่วน).
กือตรอง 0,น.,"กระชอน, เครื่องกรอง โดยปกติสานด้วยผิวไม้ไผ่ใช้กรองกะทิ เป็นต้น"
กือตรอง 1,น.,กระชอน (ดู กรอง น. ๑.).
กือพ็อด 0,ก.,ขดตัว เช่น นอนพด
กือหรำ 0,ว.,"ยั่วยวนชาย, ยั่วโมโห (น.ธ.)."
กือหลำ 0,น.,"ถาด (ก.บ., ต.ร.)"
กือหลำ 1,น.,ถาด (ดู ต้าหลำ).
กุ 0,ก.,"กู่, ตะโกน"
กุ 1,ก.,สร้างให้เป็นเรื่องเป็นราวขึ้นโดยไม่มีมูล.
กุก 0,น.,เรียกเสียงสุดท้ายที่นกเขาขันโยน.
กุก 1,น.,นกชนิดหนึ่งตัวเล็กร้องเสียงดังกุก ๆ ๆ.
กุก 2,ก.,กิริยาที่ หนูร้องเช่นนั้น.
กุก 3,ก.,อาการที่แม่ไก่เรียกลูก.
กุก 4,ก.,เสียงที่คนเรียกไก่.
กุก 5,ลัก.,เรียกการขันของนกเขาว่า กุกเดียว สองกุก สามกุก เป็นต้น.
กุกกิก 0,ว.,"ขรุขระ, ไม่เป็นระเบียบ"
กุกกิก 1,ว.,เสียงดังเช่นนั้น.
กุกกิก 2,สำ.,มีชั้นเชิง
กุง 0,น.,ชื่อเฟิน ต้นเป็นกอขึ้นตามริมน้ำ ใบยาวเป็นทาง ใบอ่อนสีแดง กินได้
กุง 1,น.,ชื่อเฟินชนิดหนึ่ง (ดู ปรง น. ๒.).
กุ้ง 0,น.,"กุ้ง, ชื่อสัตว์ไม่มีกระดูกสันหลัง หายใจด้วยเหงือก ลำตัวยาว แบนหรือกลม แบ่งเป็นปล้อง มี เปลือกหุ้มแข็ง ส่วนใหญ่กรีมีลักษณะแบนข้าง ก้ามและขาอยู่ที่ส่วนหัวและอก มี ๑๐ ขา มีทั้งในน้ำจืด และน้ำเค็ม."
กุ้งกรูด 0,น.,"กุ้งก้ามกราม, กุ้งน้ำจืด ตัวโต เปลือกสีครามปนเขียว ก้ามสีฟ้า มีหนาม วางไข่ในน้ำกร่อย (ช.พ.)"
กุ้งกรูด 1,น.,กุ้งก้ามกราม.
กุ้งกั้ง 0,น.,ชื่อแมงชนิดหนึ่งคล้ายกุ้ง
กุงกิง 0,น.,"กางเกง, เครื่องนุ่งห่มมี ๒ ขา"
กุงกิง 1,น.,กางเกง (ดู กงเกง).
กุงเกง 0,น.,"กางเกง, เครื่องนุ่งห่มมี ๒ ขา"
กุงเกิง 0,น.,กางเกง (ดู กงเกง).
กุ้งแก้ว 0,น.,กุ้งแห้งที่มีกรรมวิธีในการทำให้ตัวใสขาว.
กุ้งเข็บ 0,น.,กุ้งกุลาดำ.
กุ้งครูด 0,น.,กุ้งก้ามกราม.
กุ้งเค็ม 0,น.,กุ้งหมักคล้ายปลาเจ่ามีรสเปรี้ยว เค็ม
กุ้งเคย 0,น.,กุ้งขนาดเล็กมากเป็นกุ้งน้ำเค็ม
กุ้งเจ้า 0,น.,กุ้งหมักคล้ายปลาเจ่ามีรสเปรี้ยว เค็ม
กุ้งตาก 0,น.,กุ้งตัวเล็ก ๆ อาศัยอยู่ในรูริมน้ำ ดีดตัวได้คล้ายกั้ง มีก้ามสองก้ามคล้ายทวยมัน
กุ้งเต้น 0,น.,สัตว์ตัวเล็ก ๆ ชนิดหนึ่ง (Orchestia agilis) ในวงศ์ Talitridae คล้ายทาก ดีดเก่ง ชอบอยู่ในที่ชื้นแฉะ.
กุ้งแต้ 0,น.,กุ้งนาง
กุ้งแตระ 0,น.,กุ้งนาง
กุ้งแตะ 0,น.,กุ้งนาง
กุ้งนา 0,น.,กุ้งน้ำจืดที่อาศัยในนา ไม่มีก้าม.
กุ้งปลา 0,น.,"ชื่อการพนันชนิดหนึ่ง ใช้ลูกเต๋าที่มีแกนกลางสำหรับหมุนมี ๔ หน้า ประกอบด้วยรูปกุ้ง ปลา แมงดาทะเล และดอกไม้ ซึ่งเรียกเป็นภาษาจีนว่า หือ แห ฮ่าว ฮั้ว วิธีเล่นจะหมุนลูกเต๋าในจาน ใช้ถ้วยครอบเช่นเดียวกับไฮโล (ภ.ก.,พ.ง.)"
กุ้งฝอย 0,น.,กุ้งขนาดเล็กมากเป็นกุ้งน้ำเค็ม
กุ้งฝัด 0,น.,กุ้งแห้ง.
กุ้งฝืด 0,น.,กุ้งแห้ง.
กุ้งมังกร 0,น.,กุ้งทะเลขนาดใหญ่ชนิดหนึ่ง (Panulirus sp.) ในวงศ์ Palimurida หัวแบนลงแต่ท่อนหางแบนข้าง
กุ้งเม่า 0,น.,กุ้งฝอยแห้ง (ภ.ก.).
กุ้งแม่หวัด 0,น.,กุ้งกุลาดำขนาดใหญ่.
กุ้งไม้ 0,น.,กุ้งที่ปอกเปลือกแล้วเสียบไม้ตากแดด.
กุ้งย่าง 0,น.,กุ้งที่นำมาเสียบด้วยไม้ตากแห้ง หรือรมควันไฟโดยไม่ปอกเปลือก
กุ้งยิง 0,น.,กุ้งตัวเล็ก ๆ อาศัยอยู่ในรูริมน้ำ ดีดตัวได้คล้ายกั้ง มีก้ามสองก้ามคล้ายทวยมัน
กุ้งยิง 1,น.,ฝีหัวเล็กที่เกิดจากการอักเสบที่ต่อมขอบตา.
กุ้งรำ 0,น.,กุ้งขนาดเล็กมากเป็นกุ้งน้ำเค็ม
กุ้งส้ม 0,น.,กุ้งหมักคล้ายปลาเจ่ามีรสเปรี้ยว เค็ม
กุ้งสาร 0,น.,กุ้งขนาดเล็กมากเป็นกุ้งน้ำเค็ม
กุ้งสารส้มโอ 0,น.,กุ้งขนาดเล็กมากเป็นกุ้งน้ำเค็ม
กุ้งเสียบ 0,น.,กุ้งที่นำมาเสียบด้วยไม้ตากแห้ง หรือรมควันไฟโดยไม่ปอกเปลือก
กุ้งหนาม 0,น.,กุ้งทะเลขนาดใหญ่ชนิดหนึ่ง (Panulirus sp.) ในวงศ์ Palimurida หัวแบนลงแต่ท่อนหางแบนข้าง
กุ้งหลวง 0,น.,กุ้งก้ามกราม.
กุ้งหลวง 1,น.,ชื่อปาล์มจำพวกหวายชนิดหนึ่ง กอขนาดใหญ่ ชอบขึ้นเกาะเกี่ยวกับต้นไม้ใหญ่ ลำหวายเป็นสีน้ำตาลแดงหุ้มโดยรอบ.
กุ้งหลวง 2,น.,ชื่อกล้วยชนิดหนึ่ง (ดู กล้วยกุ้ง).
กุ้งหลวง 0,น.,"กุ้งก้ามกราม, กุ้งน้ำจืด ตัวโต เปลือกสีครามปนเขียว ก้ามสีฟ้า มีหนาม วางไข่ในน้ำกร่อย (ช.พ.)"
กุ้งหัวโขน 0,น.,กุ้งทะเลขนาดใหญ่ชนิดหนึ่ง (Panulirus sp.) ในวงศ์ Palimurida หัวแบนลงแต่ท่อนหางแบนข้าง
กุ้งหัวหนาม 0,น.,กุ้งทะเลขนาดใหญ่ชนิดหนึ่ง (Panulirus sp.) ในวงศ์ Palimurida หัวแบนลงแต่ท่อนหางแบนข้าง
กุด 0,น.,"บึง, ลำน้ำที่ปลายด้วน."
กุด 1,น.,"กุฏิ, เรือนสำหรับพระภิกษุสามเณรอยู่."
กุด 2,ก.,ตัด.
กุด 3,ว.,"ด้วน, เหี้ยนไป."
กุดัง 0,น.,โรงเก็บสินค้าหรือสิ่งของ เป็นต้น (ม. gudang)
กุดัง 1,น.,"รถบรรทุกขนาดใหญ่ชนิดหนึ่ง เรียก ""รถกุดัง""."
กุดัง 2,น.,ตู้รถไฟบรรทุกสินค้าโดยเฉพาะ.
กุดี 0,ลัก.,กุลี (ดู กุหลี ลัก.).
กุดี 1,ลัก.,กุลี ผ้า ๑ กุลี เท่ากับ ๒๐ ผืน
กุน 0,น.,"มดลูก, อวัยวะภายในอันเป็นที่ตั้งครรภ์"
กุน 1,น.,"พิกุล, ชื่อไม้ต้น กลีบดอกจักรแหลม กลิ่นหอมและหอมอยู่จนแห้ง ใช้ทำยาได้."
กุน 2,น.,ชื่อปีที่ ๑๒ ของรอบปีนักษัตร มีหมูเป็นเครื่องหมาย.
กุน 3,ก.,"กุ๊น, ขลิบเย็บหุ้มริมผ้าหรือของอื่น ๆ ใช้แถบผ้าย้วยหรือเฉลียงเย็บหุ้ม ๒ ข้าง เม้มเข้าเป็นตะเข็บกลมบ้าง แบนบ้าง มักใช้ที่คอเสื้อหรือชายเสื้อ เป็นต้น."
กุ่นเฉียง 0,น.,"กุนเชียง (จ., ภ.ก., พ.ง.)."
กุ่นซื้อ 0,น.,"กุนซือ, ที่ปรึกษา (จ., ภ.ก., พ.ง.)."
กุนหนี 0,น.,"บานไม่รูโรย, ชื่อไม้ล้มลุกลำต้นค่อนข้างแข็ง แตกแขนงเป็นพุ่มเล็ก ๆ ดอกกลมสีขาว ชมพู หรือม่วงแดง"
กุนหยี 0,น.,"บานไม่รูโรย, ชื่อไม้ล้มลุกลำต้นค่อนข้างแข็ง แตกแขนงเป็นพุ่มเล็ก ๆ ดอกกลมสีขาว ชมพู หรือม่วงแดง"
กุนหลี 0,น.,"บานไม่รูโรย, ชื่อไม้ล้มลุกลำต้นค่อนข้างแข็ง แตกแขนงเป็นพุ่มเล็ก ๆ ดอกกลมสีขาว ชมพู หรือม่วงแดง"
กุนี 0,น.,กระสอบป่าน
กุนี 1,น.,กระสอบป่าน (ดู ยู่หนี).
กุบ 0,น.,"กล่อง, ตลับ, อับ เช่น ยาเส้นอยู่ในกุบ - ยาเส้นอยู่ในกล่อง"
กุบ 1,ก.,ยักยอก.
กุบ 2,ว.,ลักษณะของเขาวัวหรือเขาควายที่ปลายโก่งเข้าหากันจนเกือบชิด เรียก เขากุบ.
กุบกับ 0,ว.,อาการที่รีบทำอย่างลุกลน
กุบกับ 1,น.,ชื่อการเล่นอย่างหนึ่งโดยใช้กะลามะพร้าวตัวผู้ ๒ ลูก โยงด้วยเชือกใช้เดินแทนรองเท้า.
กุบกับ 2,ว.,อาการที่รีบทำอย่างลุกลน (ดู ลกลก).
กุบกับ 3,ว.,ยุ่ง เช่น อย่ามากุบกับนักที - อย่ามายุ่งนักเลย (ส.ฎ.).
กุโบ 0,น.,ที่ฝังศพผู้นับถือศาสนาอิสลาม.
กุม 0,น.,"ต้นทุ่ม, ชื่อไม้ต้น ใบเป็นใบประกอบมีใบย่อย ๓ ใบ ดอกเป็นช่อ กลีบดอกสีขาวแล้วกลายเป็นสีเหลือง ผลกลมหรือรูปไข่ ผิวนอกแข็งและสาก ๆ สีเขียวนวล."
กุม 1,ก.,"ถือ, จับ, เกาะ, ฉวย เช่น อย่ากุมมือ - อย่าจับมือ"
กุ้มกำ 0,น.,ลูกกวาด (ดู กรุมกรำ).
กุ้มกำ 0,สำ.,ใช้เรียกคนที่ชอบแต่งตัวสีฉูดฉาดว่า เหมือนลูกกรุ้มกร้ำ.
กุมเท่า 0,ว.,"ตราบเท่า, จนกระทั่ง เช่น ตั้งแต่เล็กคุมใหญ่ - ตั้งแต่เล็กจนโต"
กุมเท่า 1,ว.,ตราบเท่า (ดู คุม ว.).
กุมรา 0,น.,"ความเอาใจใส่, ความสนใจ"
กุมหรา 0,น.,"ความเอาใจใส่, ความสนใจ (ดู จะหรา น.)."
กุย 0,น.,ลักษณะเป็นขุยตามตัวเวลาผิวหนังแห้ง.
กุย 1,ก.,ตะกุยตะกาย.
กุ่ย 0,ก.,ทำความเคารพด้วยการคุกเข่าและก้มศีรษะลง พร้อมแบฝ่ามือแตะพื้นคล้ายกราบพระ.
กุ่ย 1,ว.,"แพง (จ.,ภ.ก.)."
กุ้ย 0,ว.,"กี่, เท่าไหร่ (ดู กี๊ ว. ๑.)."
กุ้ย 0,ว.,"กี่, เท่าไร"
กุ้ยฉี 0,น.,ฝี (ดู ฝีชี่).
กุ๊ยต่าว 0,น.,ถั่วแขก (ดู อ่อกุ้ยต่าว).
กุ๊ยต่าว 0,น.,ถั่วแขก.
กุ่ยเล้ง 0,น.,หมวกสานของจีน รูปกรวย (ดู เปี้ยว น. ๒.).
กุ้ยเล้ง 0,น.,หมวกสานของจีน รูปกรวย
กุ้ยหนี่ 0,น.,"ผลไม้ชนิดหนึ่งมีผลคล้ายมะม่วง เปลือกผลหนาและหยาบ รสหวาน กลิ่นหอม (ป.น., น.ธ.)."
กุรี 0,น.,ไหขนาดใหญ่ ปากแคบ (น.ธ.)
กุหนี 0,น.,กระสอบป่าน
กุหนี 1,น.,กระสอบป่าน (ดู ยู่หนี).
กุหมัง 0,น.,เสือดำ
กุหมัง 1,น.,เสือดำ (ดู ค้างคูด). .
กุหมาน 0,น.,"กุมาร, เด็ก, รูปหนังตะลุงเด็ก (ภ.ก.)."
กุหรง 0,น.,คอกในเฝือกรั้ว.
กุหรัง 0,น.,"ความเอาใจใส่, ความสนใจ"
กุหรัง 1,น.,"ความเอาใจใส่, ความสนใจ (ดู จะหรา น.)."
กุหรัง 2,ว.,"ไม่เต็มที่, เสื่อมคุณภาพ."
กุหรัง 3,ว.,"เกินเหตุ, เหลือเกิน เช่น ขี้ชิดกุหรัง - ขี้เหนียวเหลือเกิน (น.ศ.)"
กุหรา 0,น.,"ความเอาใจใส่, ความสนใจ (ดู จะหรา น.)."
กุหรา 0,น.,"ความเอาใจใส่, ความสนใจ"
กุหลิบกุหลิบ 0,ก.,อาการกะพริบตาบ่อย ๆ
กุหลิบกุหลิบ 1,ก.,อาการกะพริบตาบ่อย ๆ (ดู ปริบ ก.).
กุหลี 0,น.,คนรับจ้างที่ใช้แรงงาน (เทียบ ม. kuli).
กุหลี 1,น.,ชื่อขนมชนิดหนึ่งทำด้วยข้าวเหนียวนึ่งหั่นเป็นชิ้นมีน้ำตาลโตนดเคี่ยวราดหน้า
กุหลี 2,ลัก.,กุลี ผ้า ๑ กุลี เท่ากับ ๒๐ ผืน
กุเหล 0,น.,กะหล่ำปลี
กุเหฺล 0,น.,กะหล่ำปลี (ดู โก่เหล่ฉ่าย).
กู 0,สรรพ.,ใช้แทนตัวผู้พูด.
กู่ 0,น.,"น้องชายหรือพี่ชายแม่ (จ., ภ.ก., พ.ง.)."
กู่ 1,น.,เลื่อย.
กู้ 0,ก.,"กู่, ตะโกน"
กู้ 1,น.,ขนมเต่า.
กู้ 2,น.,"เต่า (จ., ภ.ก., พ.ง.)."
กู้ 3,ก.,"กู่, ตะโกน (ดู กุ ก. ๑.)."
กูก 0,ก.,"กู่, ตะโกน (ดู กุ กุ. ๑.)."
กู่ก้อง 0,น.,พี่ชายหรือน้องชายของยาย.
กู้จี้ 0,น.,"เมล็ดแตงโมที่ใช้เป็นอาหารขบเคี้ยวเล่น (จ., ภ.ก., พ.ง.)"
กู๊ฉ่าย 0,น.,"กุยช่าย (จ., ภ.ก., พ.ง.)."
กูณิเณร 0,สำ.,เป็นคำพูดแสดงตนให้เห็นว่าเป็นผู้มีอำนาจเพื่อให้ผู้อื่นเกรงใจและยุติปัญหา.
กูด 0,น.,เครื่องมือเกี่ยวข้าวคล้ายเคียว ด้ามสั้นและคด (ส.ฎ.)
กูด 1,น.,หางเสือเรือ เช่น น้ำเชี่ยวถือกูดให้ชับ - น้ำเชี่ยวถือหางเสือให้มั่น
กูด 2,น.,ชื่อเฟินหลายชนิด เช่น ผักกูดขม ผักกูดช้าง ผักกูดดำ ผักกูดป่า ผักกูดหางนก ผักกูดนา บางชนิดกินได้.
กูด 3,น.,เครื่องมือเกี่ยวข้าวคล้ายเคียว ด้ามสั้น และคด (ดู กรูด น. ๒.).
กูด 4,ว.,หยิก (ผม) เช่น เด็กนี้ผมกูด - เด็กนี้ผมหยิก
กู้ดถาว 0,น.,"ซี่โครง (จ., ภ.ก.)."
กู๋น 0,น.,เสื้อและกระโปรงที่เย็บติดเป็นเนื้อเดียวกัน
กู่บี๊ 0,น.,กาแฟ (เทียบ ม. kopi)
กูปิ 0,ว.,"ขี้เหนียว, ตระหนี่"
กูปิ 1,ก.,ตระหนี่ (ดู ขี้ชิด).
กู่ล้าง 0,น.,โกดัง (ดู กุดัง น. ๑.).
กู่ล้าง 0,น.,โรงเก็บสินค้าหรือสิ่งของ เป็นต้น (ม. gudang)
กูล้าเล่ 0,น.,ฝอยเหล็กขัดหม้อ (ดู ขี้เหล็ก น. ๒.).
กูล้าเล้ 0,น.,ฝอยเหล็กขัดหม้อ
กูหนี 0,น.,กระสอบป่าน
กู่หลาง 0,น.,"คนเก่าคนแก่ (จ., ภ.ก.)."
เก 0,น.,"กี่, เครื่องทอผ้า."
เก 1,น.,คานรองรับท่อนซุง สำหรับเลื่อยไม้ด้วยมือ.
เก 2,ก.,เกเร.
เก 3,ว.,"เฉ, ไม่ตรง."
เก 4,ว.,เพิ่มขึ้น ใช้ในวงการพนัน.
เก 5,ว.,ดัดแปลง
เก่ 0,ว.,"มาก, เกิน (จ., ภ.ก.)."
เก้ 0,ว.,"กี่, เท่าไร"
เก้ 1,น.,"ชื่อการเล่นชนิดหนึ่งของเด็ก เช่น เก้หยบ - ซ่อนหา, เก้จับ - ไล่จับ, เก้วง, เก้ยิก, เก้น้ำ เป็นต้น"
เก้ 2,น.,ของปลอม (ภ.ก.).
เก้ 3,น.,"ไก่ (จ., ภ.ก.)."
เก้ 0,ว.,ดัดแปลง
เกก 0,ก.,"อาการที่ถูกกดดันในอารมณ์อย่างมาก คั่งแค้นแต่ไม่สามารถพูดหรือแสดงออกมาได้, ความ อัดอั้นตันใจที่ไม่สามารถระบายได้, การพยายามเก็บอาการเอาไว้จนรู้สึกเกร็ง, การกันไม่ให้คู่ต่อสู้ ได้แต้มในการเล่นไพ่ โดยการไม่ยอมทิ้งไพ่ที่คาดว่าจะทำให้คู่ต่อสู้ได้แต้ม."
เกก 1,ก.,"วางท่า, วางมาด (จ.,ภ.ก.,พ.ง.)."
เก๊กซิม 0,ว.,"หนักใจ ไม่สบายใจ แย่ เดือดร้อน (จ., ภ.ก., พ.ง.)"
เก๊กซิ้ม 0,ก.,"หนักใจ, ไม่สบายใจ (ดู แก๊กซิ้ม)."
เก๊กฮั้ว 0,น.,"ดอกเก๊กฮวยเมื่อนำเอามาตากแห้งแล้วใส่น้ำชงกับใบชาหรือต้มกับน้ำตาลใช้ดื่มแก้กระหาย (จ., ภ.ก.)."
เก่ก้าง 0,ว.,"ป่วยการ, ทำงานกิน (จ., ภ.ก.)."
เก้ก่าว 0,ก.,"เซ้าซี้, เรื่องมาก, จู้จี้ เช่น คุณอย่ามาเก้ก่าว - คุณอย่ามาเซ้าซี้ (จ., ภ.ก.)."
เก้ง 0,น.,ไม้สอดใต้หางช้าง ปลายทั้งสองมีเชือกผูกยึดกับสัปคับ.
เก้งช้าง 0,น.,กูบบนหลังช้าง มีหลังคา.
เก้งช้าง 1,น.,ไม้ที่ใช้ชำระหลังจากถ่ายอุจจาระ.
เก้งช้าง 2,น.,เก๋ง.
เก้งช้าง 3,น.,"ร้านรับทรายข้างบนเหมืองแร่ (ภ.ก., พ.ง.)."
เก้งช้าง 4,ก.,อาการสมจรของสุนัขที่กำลังติดกันอยู่
เก้งช้าง 5,ก.,เกี่ยง
เก้งช้าง 6,ก.,เรียกอาการที่สัตว์ดีด เช่น ม้าเก้งเด็ก - ม้าดีดเด็ก.
เก้งช้าง 7,ก.,"ค้างคา, ทำไม่เสร็จแล้วทิ้งไว้, ไม่ล้าง เช่น เก้งถ้วย - ไม่ล้างจานแล้วทิ้งไว้, เก้งขี้ - ถ่ายอุจจาระแล้วไม่ล้างปล่อยให้แห้งติดก้น."
เก้งช้าง 8,ว.,"อาการตวัดเท้าไปข้างหลังของคนหรือสัตว์เรียก ""ลูกเก้ง""."
เกงเหลง 0,ว.,"ไม่เอางาน, เกะกะ."
เก้ซี่ 0,ก.,"แกล้งทำ, ทำแกล้ง (ภ.ก., พ.ง.)."
เกณฑ์ 0,น.,โชคชะตา.
เกณฑ์โค่ 0,น.,เนื้อคู่.
เกณฑ์ชี้ตา 0,น.,เกณฑ์ชะตา.
เกณฑ์ดอ 0,น.,ชายที่มีโอกาสได้ร่วมเพศกับผู้หญิงหลาย ๆ คน.
เกณฑ์ดี 0,น.,โชคดี.
เกณฑ์ปาก 0,น.,ลาภปาก.
เกณฑ์มือ 0,น.,มือขึ้น.
เกณฑ์หี 0,น.,สตรีที่โชคดีในการได้คู่ครองที่ดี.
เกณฑ์หี 1,น.,"กะเกณฑ์, บังคับ."
เกณฑ์หี 2,ก.,กำหนด.
เก็ดเปี้ย 0,น.,ส้มจี๊ด (ดู เก็ดหลา).
เก็ดเปี้ย 1,น.,"ส้มจี๊ด, ส้มชนิดหนึ่ง ลักษณะคล้ายส้มเขียวหวาน ผลเล็กกว่ามะนาว รสเปรี้ยว"
เก็ดเล้งเตี๋ยว 0,น.,ไอศกรีมแท่ง
เก็ดหลา 0,น.,"ส้มจี๊ด, ส้มชนิดหนึ่ง ลักษณะคล้ายส้มเขียวหวาน ผลเล็กกว่ามะนาว รสเปรี้ยว"
เก็ดเหลง 0,น.,"ไอศกรีม (จ., ภ.ก., พ.ง.)"
เก็ดเหลง 1,น.,ไอศกรีม (ดู กิ๊ดเหล้ง).
เก็ดฮ่องเตี๋ยว 0,น.,ขนมโก๋อ่อน (ดู เกียดฮ่องเตี๋ยว).
เก็ดฮ่องเตี๋ยว 1,น.,ขนมโก๋อ่อน
เกตุก 0,น.,"กี่กระตุก, เครื่องทอผ้าชนิดหนึ่งที่มีสายกระตุกเพื่อให้กระสวยพุ่งไปได้เอง."
เก่เตี้ยว 0,ว.,"ก้าวก่ายยุ่งเรื่องคนอื่น (จ., ภ.ก.)."
เก่เตี้ยวโป๋ 0,สำ.,ผู้หญิงที่ชอบยุ่งเรื่องผู้อื่น.
เก็บ 0,ก.,"เก็บ, ออม, ประหยัด."
เก็บ 1,ก.,เก็บเกี่ยว เช่น เก็บข้าว - เก็บข้าว
เก็บค่าเซ้ว 0,ก.,เก็บค่าเช่าที่ขายของ
เก็บชุน . 0,สำ.,เก็บหอมรอมริบ
เก็บเซ้ว 0,น.,หม้อต้มยา มีด้ามจับและปากยื่นเป็นกรวย สำหรับรินน้ำ (ภ.ก.).
เก็บเซ้ว 1,ก.,เก็บค่าเช่าที่ขายของ
เก็บเล็ม . 0,ก.,เก็บเล็กผสมน้อย
เก้เปียะ 0,น.,ฝาผนังบ้านที่ใช้ร่วมกันหรือติดกัน.
เก้เปียะ 1,ก.,"อยู่ติดกัน (จ., ภ.ก., พ.ง.)."
เกย 0,น.,พื้นเรือนใหญ่ที่สูงกว่าระเบียง
เกย 1,น.,ตัวยิงในการเล่นพื้นบ้าน เช่น เล่นฟัดราว เล่นยิงสะบ้าหรือเล่นอย่างอื่นที่คล้ายคลึงกัน เช่น โลกเกยหนวยนี้ดีจัง - ตัวยิงตัวนี้ใช้ได้ผลดียิ่ง
เกย 2,น.,พื้นเรือนใหญ่ที่สูงกว่าระเบียง (ดู นอกเกย).
เกย 3,ก.,ก่าย เช่น อย่านอนเอาขาเกยเพื่อน - อย่านอนเอาขาก่ายเพื่อน.
เกย 4,ก.,ติดตื้น เช่น เรือเกยหลิง - เรือติดอยู่บนตลิ่ง.
เกร็ด 0,ก.,ตัดด้วยพร้า เช่น เกร็ดกิ่งไม้ (ช.พ.)
เกรย 0,น.,หญ้าเจ้าชู้
เกรย 1,น.,หญ้าเจ้าชู้ (ดู.ขี้เตรย).
เกรอะ 0,ก.,เอาแป้งบดห่อผ้าแล้วแขวนไว้หรือใช้ของหนักทับให้สะเด็ดน้ำ.
เกราะ 0,น.,"เกราะ, เครื่องสัญญาณทำด้วยไม้ใช้ตี หรือสั่นให้ดัง"
เกราะ 1,น.,กระดึงสำหรับผูกคอวัวควาย
เกราะ 2,น.,เครื่องตีทำด้วยไม้ไผ่ เพื่อตีเป็นสัญญาณนัดหมาย.
เกราะ 3,น.,เกราะ (ดู กร้อ น. ๒.).
เกริน 0,ว.,จืด ใช้กับดิน เช่น ดินเกริน.
เกริน 1,ว.,ตื้นเขิน เช่น คูนี้เกรินเสียแล้ว - คูนี้ตื้นเขินเสียแล้ว
เกริ่มกร่าม 0,ว.,ซุ่มซ่าม เช่น เด็กนี้แลเกริ่มกร่าม - เด็กนี้ดูซุ่มซ่าม
เกริ่มกร่าม 1,ว.,ละลาบละล้วง.
เกรียก 0,ก.,ผ่าไม้ออกเป็นชิ้นเล็ก ๆ
เกรียก 1,ก.,ผ่าไม้ออกเป็นชิ้นเล็ก ๆ (ดู เตรียก ก.).
เกรียด 0,ก.,เกี่ยงกัน เช่น หวงแต่อี้เกรียดกัน - มัวแต่เกี่ยงกัน
เกรียม 0,ก.,เตรียม เช่น เกรียมตัวไว้สักเดียวจะมารับ - เตรียมตัวสักประเดี๋ยวจะมารับ
เกรียม 1,ว.,ไหม้เกรียม.
เกรียม 2,ว.,กรอบ.
เกล็ด 0,ก.,ตัดด้วยพร้า เช่น เกร็ดกิ่งไม้ (ช.พ.)
เกล็ด 1,น.,ส่วนที่เป็นแผ่นซ้อนเหลื่อมกันห่อหุ้มตัวปลา และสัตว์เลื้อยคลานบางชนิด.
เกล็ด 2,น.,"สิ่งที่แข็งตัวฺเป็นแผ่นบาง ๆ คล้ายเกล็ดปลา เช่น เกล็ดพิมเสน, น้ำตาลขึ้นเกล็ด, โดยปริยายหมายถึงสิ่งที่มีลักษณะคล้ายคลึงเช่นนั้น เช่น บานเกล็ด, ฝาเกล็ด, เกล็ดเสื้อ."
เกล็ด 3,น.,"เศษ, เดน เช่น เกล็ดผ้า - เศษผ้า."
เกล็ด 4,ก.,ขบเม็ดให้แตกแล้วคายเปลือกทิ้ง กินแต่เนื้อใน เช่น นกเกล็ดข้าว.
เกล็ด 5,ก.,กัดแทะ เช่น หนูเกล็ดผ้า
เกล็ดช่วง 0,น.,เกล็ดของไก่ชนที่ไม่มีเหน็บหรือมีเกล็ดพันเลย เป็นลักษณะที่ดีอย่างหนึ่ง ไก่ที่มีลักษณะเช่นนี้ ถ้าชนะก็จะชนะเร็ว ถ้าแพ้ก็จะแพ้เร็ว.
เกล็ดดี 0,น.,โรคชนิดหนึ่งที่เกิดขึ้นที่ตาเด็ก หรือเรียกผิวหนังที่แห้งขึ้นเป็นเกล็ด ๆ.
เกล็ดดี 1,ว.,"ลักษณะดี, วงศ์ตระกูลดี ใช้กับไก่ชน มีหลายลักษณะ เช่น พันหัวข้อหรือพันรับน้ำฝน, เหน็บชงเดือ, หน้าดานหลบ, เบี้ยนำเดือย, ลักเค้า."
เกล็ดดี 2,สำ.,ใช้เปรียบเทียบกับคนและสัตว์อื่น ๆ ว่ามีลักษณะดีหรือวงศ์ตระกูลดี เช่น อ้ายบาวหนี้เกล็ดดี - หนุ่มคนนี้มีลักษณะดี.
เกล็ดทวน 0,น.,งูสามเหลี่ยม (ก.บ.).
เกล็ดนาค 0,น.,ชื่อไม้เถาเลื้อยเกาะพันต้นไม้อื่น วงศ์ Asclepiadaceae ใบเดี่ยวเรียงตรงข้ามกัน ดอกเล็กรูปโคมสีเหลือง
เกล็ดนาคราช 0,น.,ชื่อพืชพวกเฟิน วงศ์ Polypodiaceae ใบเดี่ยว เรียงสลับเว้นระยะห่าง เป็นพืชสมุนไพร.
เกล็ดพัน 0,น.,เกล็ดของไก่ชนที่พันรอบหน้าแข้ง ถ้าเป็นเกล็ดพันที่ข้อเท้า เรียกว่า พันรับน้ำฝน เป็นลักษณะที่ดีอย่างหนึ่ง.
เกล็ดยอด 0,สำ.,กำราบเสียแต่ทีแรก ผู้ใหญ่กีดกันไม่ให้ผู้น้อยก้าวหน้า
เกล็ดลิ่น 0,น.,ผิวหนังที่แห้งแล้วแตกลายเป็นเกล็ดตามหน้าแข้ง.
เกล็ดลิ่น 1,น.,โรคผิวหนังชนิดหนึ่งที่ผิวแห้งแตกระแหงเป็นเกล็ด.
เกล็ดลิ่น 2,น.,"แกงมะละกอที่ฝานเป็นชิ้นบาง ๆ คล้ายเกล็ดตัวนิ่มเรียก ""แกงเกล็ดลิ่น""."
เกล็ดลิ่น 3,น.,ชื่อไม้พุ่มชนิดหนึ่ง
เกลอ 0,น.,"เกลอ, เพื่อนที่สัญญาว่าจะรักกันเหมือนพี่น้องท้องเดียวกัน เรียกบิดามารดาของเกลอว่าพ่อแม่ เช่นเดียวกับบิดามารดาตน."
เกลา 0,สำ.,ตำข้าวพอให้เปลือกออก เรียก กล้องข้าว
เกล่า 0,น.,"ส้มจี๊ด, ส้มชนิดหนึ่ง ลักษณะคล้ายส้มเขียวหวาน ผลเล็กกว่ามะนาว รสเปรี้ยว"
เกลิน 0,ว.,ตื้นเขิน เช่น คูนี้เกรินเสียแล้ว - คูนี้ตื้นเขินเสียแล้ว
เกลิน 1,ว.,ตื้นเขิน (ดู เกริน ว. ๒.).
เกลี้ยง 0,ว.,"หมด, สะอาด"
เกลี้ยงกลิบ 0,ว.,"หมด, สะอาด"
เกลี้ยงครวน 0,ว.,"หมด, สะอาด"
เกลี้ยงฉาด 0,ว.,"หมด, สะอาด"
เกลี้ยงเผ็ก 0,ว.,"หมด, สะอาด"
เกลี้ยงแผลว 0,ว.,"หมด, สะอาด"
เกลี้ยงแผว 0,ว.,"หมด, สะอาด"
เกลี้ยงแพลม 0,ว.,"หมด, สะอาด"
เกลี้ยงแวว 0,ว.,"หมด, สะอาด"
เกลียด 0,ก.,"ฉุน, โกรธ (ดู หวิบ)."
เกลียด 0,ก.,"ฉุนโกรธ, รู้สึกโกรธขึ้นมาทันทีทันใด"
เกลียดแล 0,ก.,ไม่ชอบ เช่น อย่านั่งพันนั้น กูเกลียดแล - อย่านั่งอย่างนั้นฉันไม่ชอบ.
เกลียดแล 1,ก.,"หมั่นไส้, ขัดหูขัดตา."
เกลียวดำ 0,น.,ตะคริว
เกลียวดำ 1,น.,ตะคริว (ดู ซิว น. ๒.).
เกลือก 0,ก.,"กลิ้ง, คลุก, ดิ้น."
เกลือก 1,ก.,เชื่อมน้ำตาล เช่น เกลือกมัน - เชื่อมมัน.
เกลือเคย 0,น.,น้ำปลาหวานซึ่งเป็นสูตรเฉพาะใส่กะปิ ไม่เหมือนของภาคกลาง (ภ.ก.).
เกลือนอก 0,ก.,คลื่นไส้
เกเล่ 0,น.,ส้มจี๊ด (ดู เก็ดหล้า).
เกว้ 0,ก.,"เหวี่ยง, เลื่อนของหนัก โดยใช้วิธีเหวี่ยง เช่น ช่วยเกว้ไม้นี้ให้ที - ช่วยเหวี่ยงไม้นี้ให้หน่อย."
เกว้ 1,ว.,"เห, เฉ, ไปข้าง, เอียง, ลาด"
เก่ว 0,น.,"เกี้ยวสำหรับอัญเชิญรูปแกะสลักพระจีนมาประทับเพื่อใช้แห่ (จ., ภ.ก., พ.ง.)."
เก่หนึ่ง 0,น.,ไข่ไก่.
เก่หนึ่งโก้ 0,น.,ขนมไข่ ทำคล้ายขนมเค้ก แต่ขนาดเล็กกว่า.
เก่หม่อเฉ้ง 0,น.,ไม้กวาดขนไก่.
เก่หล้าง 0,น.,เข่งขังไก่.
เก่หล้าง 1,ว.,ดัดแปลง (ดู เก ว. ๓.).
เก่โหย 0,น.,"ทรัพย์สมบัติ เช่น นั่งเฝ้าแต่เก่โห่ย - นั่งเฝ้าแต่ทรัพย์สมบัติ (จ., ภ.ก., พ.ง.)."
เก๊อ้า 0,น.,"หิ้ง เช่น หยิบของบนเก๊อ้ามาให้หี - หยิบของบนหิ้งมาให้ที (จ., ภ.ก.)."
เกะ 0,น.,ช่องใส่ของใช้ หรือเครื่องมือในรถยนต์ใกล้คนขับ.
เกะ 1,น.,ลิ้นชัก
เกะ 2,น.,หีบมีลิ้นชักใช้เก็บเงินในร้านค้า.
เกะ 3,ว.,ไม่เป็นระเบียบ เช่น เด็กคนนี้ฟันเกะ - เด็กคนนี้ฟันไม่เป็นระเบียบ
เก้าโยะ 0,น.,แผ่นยาที่ใช้ปิดบรรเทาปวด เช่น ปวดฟัน หรือ ปวดตามข้อ
เกาะ 0,น.,"เกาะ, ส่วนของแผ่นดินที่มีน้ำล้อมรอบโดยตลอด และมีขนาดเล็กกว่าแผ่นดินที่เป็นทวีป."
เกาะ 1,น.,พุ่มไม้หรือเนินสูงในที่ราบ.
เกาะ 2,น.,ค่าปรับ (น.ศ.).
เกาะ 3,ก.,"ยึดเป็นตัวประกัน, ควบคุมตัว."
เกาะ 4,ก.,"จับ, กุม, ยึด, ถือ, เหนี่ยวรั้ง."
เกาะ 5,ก.,การดูดหนองออกจากร่างกาย หรือดูดนมออกจากเต้านม โดยวิธีสุญญากาศ.
เกิด 0,ก.,"คลอด, ตกลูก เช่น สาวแดงเกิดแล้วแรกคืน - นางแดงคลอดลูกแล้วเมื่อคืน."
เกิดโหฺมโพจร 0,สำ.,ขยายพงศ์พันธุ์ออกไปมาก.
เกี้ย 0,ก.,"กลัว (จ., ภ.ก.)."
เกี๋ย 0,น.,เพื่อนเจ้าบ่าว
เกี่ย 0,น.,กระจกส่องหน้า
เกียง 0,น.,"ตะเกียง, อุปกรณ์สำหรับให้แสงสว่าง มีรูปต่าง ๆ บางชนิดมีหลอดบังลม."
เกียงกล้อง 0,น.,ตะเกียงที่มีกระเปาะแก้ว ครอบดวงไฟ เพื่อป้องกันลมไม่ไห้ตะเกียงดับ.
เกียงแกด 0,น.,"ตะเกียงที่ใช้แก๊สหรือแคลเซียมคาร์ไบด์เป็น ๆ เชื้อเพลิง, ตะเกียงที่ผูกไว้ที่ศีรษะ เพื่อใช้กรีดยาง"
เกียงแกบ 0,น.,ไฟฉาย (น.ศ.)
เกียงขลุก 0,น.,ตะเกียงทำด้วยขวด ไม่มีไส้ใช้จุกแทนไส้ เขย่าให้น้ำมันไปถูกจุกเป็นคราว ๆ.
เกียงแขวน 0,น.,ตะเกียงมีเพิงกำบังลมแขวนได้.
เกียงไขไก 0,น.,ตะเกียงใบเล็ก ๆ
เกียงไขแป็ด 0,น.,ตะเกียงใบเล็ก ๆ
เกียงค้างคก 0,น.,ตะเกียงใบเล็ก ๆ
เกียงเจ้าพาโยะ 0,น.,ตะเกียงเจ้าพายุ.
เกียงฉอด 0,น.,"ตะเกียงที่ใช้แก๊สหรือแคลเซียมคาร์ไบด์เป็น ๆ เชื้อเพลิง, ตะเกียงที่ผูกไว้ที่ศีรษะ เพื่อใช้กรีดยาง"
เกียงตัดยาง 0,น.,"ตะเกียงที่ใช้แก๊สหรือแคลเซียมคาร์ไบด์เป็น ๆ เชื้อเพลิง, ตะเกียงที่ผูกไว้ที่ศีรษะ เพื่อใช้กรีดยาง"
เกียงเตียนถอ 0,น.,"ตะเกียงที่ใช้แก๊สหรือแคลเซียมคาร์ไบด์เป็น ๆ เชื้อเพลิง, ตะเกียงที่ผูกไว้ที่ศีรษะ เพื่อใช้กรีดยาง"
เกียงป็อง 0,น.,ตะเกียงทำด้วยกระป๋อง
เกียงรั้ว 0,น.,ตะเกียงรั้ว.
เกียงเรือเซียด 0,น.,ตะเกียงใช้น้ำมันก๊าดวางไว้ในกล่องไม้ ป้องกันไม่ให้ลมพัดดับตะเกียงได้ ใช้กับเรือเซียด
เกียงลาน 0,น.,ตะเกียงชนิดไขลานให้ใบพัดหมุนเป่าลมไล่ควันและช่วยให้ไฟสว่างนวล.
เกียงลาน 1,ว.,"เกี่ยง, เอาเปรียบ."
เกียงสังสี 0,น.,ตะเกียงทำด้วยกระป๋อง
เกียงโหล้ยาง 0,น.,"ตะเกียงที่ใช้แก๊สหรือแคลเซียมคาร์ไบด์เป็น ๆ เชื้อเพลิง, ตะเกียงที่ผูกไว้ที่ศีรษะ เพื่อใช้กรีดยาง"
เกียงเอี่ยนถอ 0,น.,"ตะเกียงที่ใช้แก๊สหรือแคลเซียมคาร์ไบด์เป็น ๆ เชื้อเพลิง, ตะเกียงที่ผูกไว้ที่ศีรษะ เพื่อใช้กรีดยาง"
เกียด 0,ก.,เกี่ยงกัน เช่น หวงแต่อี้เกรียดกัน - มัวแต่เกี่ยงกัน
เกียด 1,น.,"นกรุ้ง, ชื่อเหยี่ยวขนาดใหญ่ ตัวสีน้ำตาลเข้ม มีลายจุดขาวที่หัว ปีก และท้อง หางสีน้ำตาลพาดขาว มีพู่ขนตรงต้นคอ ซึ่งจะแผ่ออกเห็นได้ชัดเวลาโกรธหรือต่อสู้กัน."
เกียด 2,น.,ชื่อตัวปลวกชนิดหนึ่ง.
เกียด 3,ก.,เกี่ยงกัน (ดู เกรียด).
เกียด 4,ก.,อาการของไก่ตัวผู้ที่ขยับปีกวนรอบไก่ตัวเมีย.
เกียด 5,ก.,"ช้อน, ตักออก, ปาดให้เสมอ เช่น เกียดน้ำหม้อทุ่ม - ช้อนน้ำข้าวทิ้ง, เกียดปลาทุ่ม - ช้อนปลาทิ้ง"
เกียด 6,ก.,รู้ตัวว่าภัยจะมา (ใช้กับสัตว์) เช่น นั่งห้างไม่ได้ผลเพราะสัตว์มันเกียดเสียแล้ว - นั่งห้างไม่ได้ผลเพราะสัตว์ป่ารู้ตัวเสียก่อน.
เกียด 7,ก.,"คัด,, เลือก เช่น เกียดกุ้งทำเคย -เลือกกุ้งทำกะปิ."
เกียด 8,ก.,ค่อย ๆ ต้อน เช่น เกียดวัวให้ชนกัน - ต้อนวัวให้ชนกันใหม่.
เกียดเหลง 0,น.,"ไอศกรีม (จ., ภ.ก., พ.ง.)"
เกียดเหลียง 0,น.,ไอศกรีม (ดู กิ๊ดเหล้ง).
เกียดฮ่องเตี๋ยว 0,น.,ขนมโก๋อ่อน
เกียน 0,ก.,"ตัด, เจียน, ทำให้เรียบ เช่น เตรียนหมาก เตรียนพลู"
เกียน 1,น.,"เกวียน, ยานชนิดหนึ่งมี ๒ ล้อ ใช้ควายหรือวัวเทียม."
เกียน 2,น.,เกรียงปูน เป็นเครื่องมือสำหรับใช้ในการถือปูน ทำด้วยไม้หรือเหล็ก เป็นรูปแบนๆ
เกียน 3,ก.,"ตัด, เจียน (ดู เตรียน ก.)."
เกียน 4,ลัก.,เกวียน เช่น ข้าว ๑ เกียน.
เกี้ยน 0,น.,"แฮ่กึ๊น, ชื่ออาหารแบบจีนชนิดหนึ่ง ใช้เนื้อกุ้ง ผสมแป้งมันและเครื่องปรุงรส บดหรือโขลกจนเหนียวแล้วห่อด้วยฟองเต้าหู้เป็นท่อนกลม ๆ ยาว ๆ นึ่งแล้วทอดสุกกินกับน้ำจิ้ม (จ., ภ.ก., พ.ง.)."
เกี้ยนพ้าง 0,น.,"หอมเจียว, กระเทียมเจียว (จ., ภ.ก.)"
เกียบ 0,น.,"ตะเกียบ, เครื่องใช้สำหรับคีบอาหารทำด้วยไม้หรืองา เป็นต้น เป็นคู่ ๆ."
เกียบ 1,น.,"ข้าวเกรียบ, ของกิน ทำด้วยข้าวเป็นแผ่น ๆ."
เกี่ยม 0,น.,"ดาบจีน, กระบี่ (จ., ภ.ก., พ.ง.)."
เกี๋ยม 0,ว.,"รสเค็ม (จ., ภ.ก., พ.ง.)."
เกี๋ยม 1,สำ.,"ประหยัด, ตระหนี่"
เกี่ยมโก้ย 0,น.,"ชื่อขนมชนิดหนึ่ง ทำด้วยแป้งข้าวเจ้า โรยหน้าด้วยหอมเจียวและกุ้งแห้ง กินกับน้ำจิ้มเผ็ด (จ., ภ.ก.)."
เกี่ยมฉ่าย 0,น.,"ผักกาดดองเค็ม (จ., ภ.ก.)."
เกี่ยมฉาว 0,น.,"เชือกที่ทำจากหญ้ากก หรือกาบกล้วยตากแห้ง (จ., ภ.ก.)."
เกี่ยมโบ๋ย 0,น.,"บ๊วยเค็ม (จ., ภ.ก., พ.ง.)."
เกี่ยมเปี้ย 0,น.,"ขนมปังกรอบเค็ม (จ., ภ.ก., พ.ง.)."
เกี่ยมหู 0,น.,"ปลาเค็ม (จ., ภ.ก.)."
เกียว 0,น.,เครื่องมือเกี่ยวข้าวหรือหญ้า เป็นต้น ทำด้วยเหล็ก รูปโค้ง มีคม
เกียว 1,ก.,"เกี่ยว, แขวน."
เกียว 2,ก.,ติดข้อง.
เกี้ยว 0,ก.,พูดให้รักในเชิงชู้สาว.
เกียวคอไก 0,น.,วิธีการนุ่งผ้าโสร่งหรือผ้าถุง โดยเอาริมผ้ามาผูกเกี่ยวกันไว้ข้างหน้า.
เกี่ยวชู้ 0,น.,ชื่อไม้พุ่มรอเลื้อยถึงไม้เลื้อยขนาดใหญ่ วงศ์ Rubiaceae ใบเดี่ยวเรียงตรงข้ามกัน ดอก ๕ กลีบ สีขาวถึงเหลืองนวล ผลรูปกระสวย
เกี่ยวชู้ 1,น.,ชื่อไม้พุ่มรอเลื้อยถึงไม้เลื้อยขนาดใหญ่ (ดู กาพุ่ม).
เกี้ยวท้ายครัว 0,สำ.,เกี้ยวพาราสีไปถึงลูกเจ้าของบ้าน.
เกี้ยววัว 0,ก.,การทดสอบวัวก่อนจะถึงวันชนจริงเพื่อสร้างความมั่นใจ.
เกียะ 0,น.,ปลวกชนิดหนึ่ง (ดู ก้องเกียะ).
เกียะ 1,น.,รองเท้าไม้
เกียะ 0,น.,ปลวกชนิดหนึ่ง ตัวใหญ่ หัวแข็ง สีดำ มีเขี้ยว
เกือก 0,น.,รองเท้า
เกือกคีบตีน 0,น.,"รองเท้าแตะ, รองเท้าฟองน้ำ."
เกือกญี่ปุ่น 0,น.,"รองเท้าแตะ, รองเท้าฟองน้ำ."
เกือกตีนตุก 0,น.,รองเท้าขนาดเล็กสำหรับหญิงจีน ที่ใช้มัดเท้าให้เล็กลง.
เกือกแตะ 0,น.,"รองเท้าแตะ, รองเท้าฟองน้ำ."
เกือกบอก 0,น.,รองเท้าบูท
เกือกบูด 0,น.,รองเท้าบูท
เกือกแบ้แร็ต 0,น.,รองเท้าหนัง
เกือกแบ้แร็ต . 0,น.,รองเท้าหนัง
เกือกฟองน้ำ 0,น.,"รองเท้าแตะ, รองเท้าฟองน้ำ."
เกือกไม้ 0,น.,รองเท้าไม้
เกือกไม้ 1,น.,"รองเท้าไม้, เกี๊ยะ."
เกือกลาก 0,น.,"รองเท้าแตะ, รองเท้าฟองน้ำ."
เกฺลา 0,ก.,ตำข้าวพอให้เปลือกแตกออก (ดู กล้อง ก. ๒.).
แก 0,สรรพ.,สรรพนามบุรุษที่ ๒ และบุรุษที่ ๓.
แก้ 0,สรรพ.,ใช้เรียกแทนชื่อผู้ที่มีอาวุโส.
แก้ 1,ก.,"ถอด, ปลด, เลิก, ทำใหม่."
แก็กซิ้ม 0,ว.,"หนักใจ ไม่สบายใจ แย่ เดือดร้อน (จ., ภ.ก., พ.ง.)"
แก้ของ 0,ก.,การกระทำทางไสยศาสตร์ เพื่อไถ่ถอนการกระทำชั่วว่าเป็นเหตุให้เกิดอัปมงคล หรือจัญไรไม่ให้เป็นโทษภัย.
แก้แคล็ด 0,น.,การกระทำอย่างใดอย่างหนึ่ง เพื่อปัดเป่าให้ร้ายกลายเป็นดี.
แกง 0,น.,กับข้าวประเภทที่เป็นน้ำ มีชื่อต่าง ๆ ตามวิธีปรุง และเครื่องปรุง.
แก้ง 0,ก.,เกี่ยง
แก้ง 1,ก.,เกี่ยง (ดู เก้ง ก. ๒.).
แก๋ง 0,น.,หม้อสำหรับแกง (ภ.ก.).
แก็ง 0,น.,ชื่อสัตว์น้ำเค็มชนิดหนึ่ง คล้ายกั้ง แต่เล็กกว่า.
แก็ง 1,ว.,"สวย, งาม เช่น เด็กหนี้อยู่แก็ง - เด็กคนนี้สวย."
แก็ง 2,ว.,สามารถ เช่น เด็กนี้แก็งจ้าน - เด็กคนนี้เก่งมาก.
แก็ง 3,ว.,แปลก เช่น คนไม่เคยเห็นแรด พอเห็นแรดเข้าก็ว่า อ้ายสัตว์หนี้แก็งพอติ -สัตว์นี้แปลกจริงแฮะ.
แกงเกล็ดลิ่น 0,น.,"แกงมะละกอที่ฝานเป็นชิ้นบาง ๆ คล้ายเกล็ดตัวนิ่ม เรียก ""แกงแกล็ดลิ่น"""
แก้งแก้ 0,ก.,ท่าทางอวดดี เช่น หมอหนี้แก้งแก้พิลึก - คนนี้ท่าทางอวดดีนัก
แกงขี้ดี 0,น.,แกงไตปลากระดี่
แกงคั่ว 0,น.,แกงเผ็ดทุกชนิดที่ใส่น้ำแต่น้อย ถ้าใส่กะทิเรียก แกงทิ หรือแกงที่ หรือแกงคั่วที่.
แกงคั่วกลิ้ง 0,น.,แกงเผ็ดคั่วแห้งไม่ใส่ผัก.
แกงคั่วส้ม 0,น.,แกงกะทิใส่ส้ม ทำนองแกงเทโพ.
แกงเคย 0,น.,ชื่อแกงเผ็ดที่ใส่แต่เครื่องแกงกับกะทิและกะปิไม่ใส่เนื้อสัตว์หรือผักใด ๆ
แกงเคย 1,น.,ชื่อแกงเผ็ดที่ใส่แต่เครื่องแกงกับกะทิและกะปิ จะใส่เนื้อสัตว์เพื่อเพิ่มรสชาติก็ได้.
แกงเคยเกลือ . 0,น.,แกงเลียง
แกงเคยปลา 0,น.,คล้ายแกงไตปลาแต่ใช้กะปิที่ทำจากปลาแทนไตปลา
แกงเคี้ยวพริก 0,น.,แกงป่า
แกงโจร 0,น.,แกงที่ตำเครื่องหยาบ ๆ
แกงตูมี้ 0,น.,แกงปลาที่คล้ายแกงฉู่ฉี่ คือมีน้ำขลุกขลิกแต่ใส่เครื่องเทศ คือ ยี่หร่า รากผักชี และส้มแขกลงไปด้วย
แกงถึง 0,น.,แกงจืด
แกงทิ 0,น.,แกงกะทิ.
แกงทึ้ง . 0,น.,แกงจืด
แกงเทโพ 0,น.,แกงกะทิใส่ส้ม.
แกงน้ำเคย 0,น.,คล้ายแกงไตปลาแต่ใช้กะปิที่ทำจากปลาแทนไตปลา
แกงน้ำเคยหัวล้าน 0,น.,คล้ายแกงไตปลาแต่ใช้กะปิที่ทำจากปลาแทนไตปลา
แกงบวด 0,น.,"ขนมหวานที่มีส่วนผสมของกะทิและน้ำตาล เช่น แกงบวดกล้วย - กล้วยบวชชี, แกงบวดน้ำเต้า - บวดฟักทอง."
แกงบวน 0,น.,แกงเครื่องในหมูกับหมูสามชั้น.
แกงพริก 0,น.,แกงที่ไม่ใส่กะทิคล้ายแกงป่าภาคกลาง แต่เครื่องแกงจะหนักพริกไทย.
แกงพุงปลา 0,น.,แกงไตปลา
แกงร้อน 0,น.,แกงจืดวุ้นเส้น.
แกงส้ม 0,น.,แกงเหลือง.
แกงส้ม 1,ก.,ทำกับข้าวประเภทที่เป็นแกง.
แกงสมรม 0,น.,แกงที่ใส่ผักปนกันหลายชนิด.
แกงสมลม 0,น.,แกงที่ใส่ผักปนกันหลายชนิด.
แก็ด 0,น.,"สะเก็ด, เลือดและน้ำเหลืองซึ่งแห้งติดกรังอยู่ที่ปากแผล."
แกตแร็ต 0,น.,"บุหรี่, ยาสูบที่ใช้ใบตองหรือกระดาษมวนใบยาที่หั่นเป็นฝอย"
แก็ตแร็ต 0,น.,บุหรี่ (ดู ยาสูบ).
แก้ไถ 0,ก.,เลิกไถนาแต่ละคราว.
แก็น 0,ว.,ผอมแกร็น ใช้กับเด็กที่มีรูปร่างผอมมาก ๆ
แกนั้น 0,ว.,คนนั้น.
แกนั้น 1,ว.,ไม่สุก เช่น กล้วยแก - กล้วยไม่สุก (กล้วยดิบ).
แกนั้น 2,ว.,"แก่, อายุมาก, นานโดยนัยหมายถึง ช่ำชอง, ชำนาญ."
แก้ปรอง 0,ก.,แก้ให้กลับขลังตามเดิม.
แก้เปลือย 0,ก.,เปลือยกาย.
แกพร้าวเฒ่าลอกอ 0,สำ.,แก่มะพร้าว เฒ่ามะละกอ.
แกม 0,ก.,"ผสม เช่น ก สระแอ แกม น อ่านว่า แกน, สีแดงแกมม่วง."
แกม 1,ว.,คล้าย.
แก้ม 0,น.,"แก้ม, บริเวณหน้าทั้ง ๒ ข้างถัดตาลงมา, โดยปริยายหมายถึง สิ่งที่มีรูปเช่นนั้น."
แก้ม 1,ลัก.,ซีก เช่น ขอส้มม่วง ๑ แก้ม - ขอมะม่วง ๑ ซีก.
แก้มช่อน 0,น.,ชื่อพืชมียอดอ่อนสีม่วง ยอดอ่อนใช้เป็นผักได้
แก้มแดง 0,น.,ชื่อมะม่วงพันธุ์หนึ่ง.
แก้มแดง 1,น.,ชื่อปลาชนิดหนึ่ง.
แก้มตู 0,น.,ขอบบานประตูด้านข้าง.
แก้มตู 1,น.,ผ้าที่ติดกับประตูในรัศมีของบานประตู.
แก้มใส 0,น.,ชื่อปลาชนิดหนึ่ง (น.ศ.).
แกร 0,น.,"แตร, เครื่องดนตรีในจำพวกเครื่องเป่าทำด้วยโลหะ มีปากบาน."
แกร 1,น.,"แตรรถยนต์, เครื่องสำหรับบีบ หรือกดให้เกิดเสียงเป็นสัญญาณของรถยนต์."
แกร 2,ว.,"แน่น, มาก เช่น โลกปลาหัวกัวขึ้นมาแกร - ปลาหัวตะกั่วว่ายน้ำขึ้นมาออกันอยู่."
แกร 3,ว.,เสียงดังเช่นนั้น.
แกรง 0,น.,"กะชะ, ภาชนะสานโปร่งสำหรับใส่สิ่งของ มีรูปต่าง ๆ บางชนิดมีหูหิ้ว บางชนิดไม่มี"
แกรง 1,น.,กะชะ (ดู ชะ น. ๑.).
แกร็ดเขี้ยว 0,ก.,ฮึดสู้
แกร็ดแร็ต 0,น.,บุหรี่ (ดู ยาสูบ).
แกร็ตแร็ต 0,น.,"บุหรี่, ยาสูบที่ใช้ใบตองหรือกระดาษมวนใบยาที่หั่นเป็นฝอย"
แกร็น 0,ว.,ผอมแกร็น ใช้กับเด็กที่มีรูปร่างผอมมาก ๆ
แกร็น 1,ว.,ผอมแกร็น (ดู แก็น).
แกระ 0,น.,ไม้คู่ หรือไม้พวงสำหรับตีให้จังหวะ ในการร้องเพลงลิเกป่าหรือมโนราห์
แกระ 1,น.,ชื่อเฟินชนิดหนึ่ง วงศ์ Polypodiaceae ใบเดี่ยว เรียงสลับเว้นระยะห่าง.
แกแร็ต 0,น.,"บุหรี่, ยาสูบที่ใช้ใบตองหรือกระดาษมวนใบยาที่หั่นเป็นฝอย"
แกแร็ต 1,น.,บุหรี่ (ดู ยาสูบ).
แกล็ด 0,ก.,"แทะ, กัดให้หลุดออกมาทีละน้อย, เล็มกินทีละน้อย"
แกล็ด 1,ก.,แทะ (ดู คลด).
แกลบ 0,สำ.,"เคืองแค้น, รุ่มร้อนใจ"
แกลบ 1,น.,ชื่อช้างพันธุ์หนึ่งมีขนาดเล็ก อาศัยในที่ราบลุ่มของจังหวัดพัทลุง และนครศรีธรรมราช ปัจจุบันสูญพันธุ์ไปแล้ว
แกลบ 2,น.,"เปลือกข้าว, โดยปริยายหมายถึงสิ่งที่มีลักษณะเช่นนั้น เช่น แกลบกุ้ง."
แกลบ 3,สำ.,"เคืองแค้น, รุ่มร้อนใจ (ดู ไฟในอก)."
แกลบกล้อง 0,น.,ชื่อไม้เถา ชอบเกาะตามต้นไม้ ใบสีเขียวคล้ายใบเตย แต่เล็กกว่า ใช้เป็นสมุนไพร.
แกละ 0,น.,ไม้คู่ หรือไม้พวงสำหรับตีให้จังหวะ ในการร้องเพลงลิเกป่าหรือมโนราห์
แกละ 1,น.,ไม้คู่หรือไม้พวงสำหรับตีให้จังหวะในการร้องเพลงลิเกป่าหรือมโนราห์ (ดู แกระ น. ๑.).
แกละอาม 0,น.,ชื่อขนมชนิดหนึ่ง เป็นเส้นคล้ายขนมจีน.
แก้ว 0,น.,"กระจก, แก้วที่ทำเป็นแผ่น."
แก้ว 1,น.,ชื่อไม้พุ่มหรือไม้ต้นขนาดกลางชนิดหนึ่ง (Murraya paniculata) ในวงศ์ Rutaceae ดอกขาวหอมมักขึ้นตามป่าที่ร่มเย็น บางต้นมีหลายง่าม ใช้ทำด้ามมีดและไม้ถือ เมื่อแก่เนื้อแข็งใส เหนียว มีลาย.
แก้ว 2,น.,ชื่อตัวตลกตัวหนึ่งของหนังตะลุง
แก้ว 3,ว.,ฉ่ำ (มักใช้กับสับปะรด).
แกว็ดบอน 0,น.,แขนงบอนซึ่งเลื้อยไปบนดินเพื่อแตกเป็นกอใหม่
แกว็ดบอน 1,น.,แขนงบอนซึ่งเลื้อยไปบนดินเพื่อแตกเป็นกอใหม่ (ดู ตีนบอน).
แกวัด 0,น.,แก่วัด คือ เข้าวัดประจำ หรือเป็นคนมีธัมมะ.
แกษา 0,ก.,มีอายุมาก.
แกษา 1,สำ.,"หัวหมอ, รู้ตื้นลึกหนาบางในระเบียบจนรู้จักหลบเลี่ยงความผิด"
แก้เส้น 0,ก.,นวดจับเส้น.
แก้หนัด . 0,ก.,แก้แค้น เช่น ผู้ร้ายฆ่าพ่อเขาจึงตามไปแก้หนัด - ผู้ร้ายฆ่าพ่อ เขาจึงตามไปแก้แค้น
แก้หนาด 0,น.,การกระทำทางไสยศาสตร์ ไม่ให้หญิงมีสามี คาถาว่า “โอมฉะแหนงมหาฉะแหนง ครูกูให้ทอด ฉะแหนงแกแม่หญิงผู้ร้าย จงเป็นหม้ายมิรู้ขึ้นขี้เดือน ผู้ครูสังให้จงบ่มิได้ โอมสิทธีมหาฉะแหนง ฯลฯ”
แก้หนาด 1,น.,การกระทำทางไสยศาสตร์ไม่ให้หญิงมีสามี (ดู ฉะแหนง).
แก้หนาด . 0,ก.,ทำคุณไสย เช่น อ้ายแดงโถกแก้หนาด - อ้ายแดงถูกคุณไสย
แก้เหฺมฺลย 0,ก.,แก้บน เช่น เล่นหนังแก้เหฺมฺลย - เล่นหนังแก้บน.
แกอัก 0,ว.,"แก่มาก, แก่หง่อม เช่น ""ตั้งแต่หนุ่มจนเฒ่าเสพสาวหนัก พอแกอักนกก้างอเหมือนหนอเรียน"" - แรกหนุ่มมีเพศสัมพันธ์มากเกินไป พอแก่ลงมากอวัยวะเพศก็งอเหมือนหน่อทุเรียน."
แกอัก 1,*ว.,"ขยายคำนามพ่อ, แม่ เพื่อแสดงความอาวุโสเช่น พ่อแก, แม่แก- ตา, ยาย (พ.ท.)."
แกะ 0,ก.,"แคะ, สลัก, แกะ, ฉลุ เช่น แขว็กรูปหนัง - แกะรูปหนังตะลุง"
แกะ 1,น.,ชื่อสัตว์เคี้ยวเอื้องรูปร่างคล้ายแพะ แต่มีขนปุยหนา ใช้ทำเครื่องนุ่งห่ม.
แกะ 2,น.,เม่นชนิดหนึ่ง มีขนสั้นและเล็ก แต่จมูกยาวกว่าเม่นทั่วไป
แกะ 3,น.,เครื่องมือสำหรับเก็บข้าว
แกะ 4,*น.,"แกละ, ผมเด็กผู้ชายที่เอาผมไว้เป็นแหยมที่แง่ศีรษะ."
แกะ 5,ก.,"แคะ, สลัก, แกะ, ฉลุ (ดู แขว็ก ก. ๑.)."
แกะหนู 0,น.,ชื่อไม้พุ่มจำพวกเตยชนิดหนึ่ง ขึ้นในป่า ใช้ทำกระสอบ (ภ.ก.).
แกฺว 0,ว.,เสียงทารกร้อง
แกฺวก 0,ก.,"แหวก, แยก, ฝ่า เช่น แกฺวกทาง - แหวกทาง, ม่านแกฺวก - ม่านสองไข."
โก 0,น.,ประตูฟุตบอล (เทียบ อ. Goal) เช่น นายโก - ผู้รักษาประตูกีฬาฟุตบอล.
โก 1,น.,"ตะโก, ชื่อไม้ต้นหลายชนิด เปลือกสีดำคล้ำ ผลเปลือก และเนื้อทำยาได้."
โก 2,น.,"ปมที่เกิดจากการผูกชายผ้าที่ขาดให้มีลักษณะกลมคล้ายลูกตะโกเรียกว่า ""ช่อลูกโก"""
โก 3,น.,พี่ (ดู โก้ น. ๑.).
โก 4,ก.,"กู่, ตะโกน"
โก 5,น.,"เรียกผู้ชายชาวจีนแทนคำว่า "" พี่ "" เช่น โก้ปุ่นเอาหมูโล - พี่ปุ่นขอซื้อหมู ๑ กิโลกรัม"
โก้ 0,ก.,"กู่, ตะโกน"
โก้ 1,น.,"เรียกผู้ชายชาวจีนแทนคำว่า "" พี่ "" เช่น โก้ปุ่นเอาหมูโล - พี่ปุ่นขอซื้อหมู ๑ กิโลกรัม"
โก้ 2,น.,"ขนมโก๋, ชื่อขนมชนิดหนึ่งทำด้วยแป้งข้าวเหนียวผสมน้ำตาลทรายอัดใส่พิมพ์รูปต่าง ๆ"
โก้ 3,ก.,"กู่, ตะโกน (ดู กุ ก. ๑.)."
โก๋ 0,น.,"ขนมโก๋, ชื่อขนมชนิดหนึ่งทำด้วยแป้งข้าวเหนียวผสมน้ำตาลทรายอัดใส่พิมพ์รูปต่าง ๆ"
โก๋ 1,น.,ชุดหมู
โกก 0,ก.,"กู่, ตะโกน"
โกก 1,น.,ไม้รูปโค้งปลายทั้ง ๒ ข้าง งอขึ้นเล็กน้อย ใช้พาดคอวัวหรือคอควาย สำหรับลากเลื่อน เป็นต้น
โกก 2,ก.,"กู่, ตะโกน (ดู โก ก.)"
โกก 3,ว.,"คด, งอ, คอก เช่น อ้ายแดงแขนโกก - อ้ายแดงแขนคอก."
โกกกาก 0,น.,ส่วนของคันยอ ซึ่งใช้ไม้ไผ่ ๒ อันร้อยไขว้กัน ใช้สอดใส่นิ้วยอ
โกกเกก 0,ว.,"ขรุขระ, ลุ่ม ๆ ดอน ๆ."
โก้โกย 0,น.,ขนมถ้วยฟู (ดู ปา).
โก้โก้ย 0,น.,"ขนมถ้วยฟู, ชื่อขนมชนิดหนึ่ง ใช้แป้งหมักให้ฟู ผสมด้วยน้ำตาลโตนดแล้วนึ่ง รับประทานกับมะพร้าวขูด (ม. Apam)"
โกง 0,ก.,ใช้อุบายหรือเล่ห์เหลี่ยมหลอกลวง.
โกง 1,ว.,"โก่ง, คด, ไม่ตรง."
โกง 2,ว.,"หยิ่ง, จองหอง, ใจจืด เช่น เจ้าบ้านโกงจ้านไม่ทักสักคำ - เจ้าของบ้านหยิ่งมากไม่ทักทายสักคำ, พูดโกงเหมือนเศรษฐีเงินล้าน - พูดอวดเบ่งเหมือนเศรษฐีเงินล้าน."
โก้งกบ 0,น.,กระดูกสันหลังส่วนหนึ่ง.
โกงกาง 0,น.,กางเกง (ดู กงเกง).
โก้งโค้ง 0,น.,ชื่อสัตว์สี่เท้าสะเทินน้ำสะเทินบก ตระกูลเดียวกับคางคก ตัวโต มีจุดแดงบริเวณหัว อาศัยตามป่าในช่วงฤดูผสมพันธุ์ต้วผู้จะเปลี่ยนสีผิวหนังเป็นสีแดง ผิวหนังมีพิษ
โก้งโค้ง 1,*น.,ชื่อสัตว์สะเทินน้ำสะเทินบก ตระกูลเดียวกับคางคก (ดู กง น. ๒.).
โก่ซุ้ย 0,น.,"ขนมถ้วยที่ผสมน้ำตาลทรายแดง โรยหน้าด้วยมะพร้าวขูด (จ., ภ.ก., พ.ง.)"
โก้ดัง 0,น.,โรงเก็บสินค้าหรือสิ่งของ เป็นต้น (ม. gudang)
โก้ดัง 1,น.,โกดัง (ดู กุดัง น. ๑.).
โก้ต้า 0,น.,กล่องที่ทำจากวัสดุต่าง ๆ ใช้สำหรับบรรจุสิ่งของ
โก้ต้า 1,น.,กล่องที่ทำจากวัสดุต่าง ๆ (ดู ก้อตะ).
โก่ต้าว 0,*น.,ชื่ออาหารชนิดหนึ่ง ใช้หอยนางรมชนิดเล็ก (หอยติบ) ทอดกับแป้ง ใส่เผือกและไข่
โก่เต้ง 0,น.,เสาโคมไฟในพิธีกินเจ ข้างบนยอดเสาแขวนตะเกียงน้ำมันไว้ ๙ ดวง (ภ.ก.).
โกทึ่ง 0,น.,ขนมตุ๊บตั๊บ ทำด้วยถั่วกวนกับน้ำตาลแล้วทุบให้ละเอียดตัดเป็นชิ้น ๆ
โก้ทึ่ง 0,น.,ขนมตุ๊บตั๊บ (ดู ถัวทุบ).
โกบ 0,น.,ไม้รูปโค้งปลายทั้ง ๒ ข้าง งอขึ้นเล็กน้อย ใช้พาดคอวัวหรือคอควาย สำหรับลากเลื่อน เป็นต้น
โกบ 1,น.,ทูบช้าง.
โกบ 2,น.,ไม้รูปโค้งปลายทั้ง ๒ ข้างงอขึ้นเล็กน้อยใช้พาดคอวัวหรือคอควายสำหรับลากเลื่อน (ดู โกก น. ๑.).
โก่ปี้ 0,น.,กาแฟ (เทียบ ม. kopi)
โก่ปี้ช้าม . 0,น.,กาแฟผสมชา
โก่ปี้ซึ้ง . 0,น.,กาแฟเย็น
โก่ปี้เตี่ยม . 0,น.,ร้านกาแฟ
โก่ปี้ถือไม้เท้า . 0,น.,กาแฟดำชงอย่างแก่
โก่ปี้ยกล้อ 0,น.,กาแฟชงอย่างแก่เต็มที่แล้วใส่นมสด.
โก่ปี้ละหาง 0,น.,กาแฟชงอ่อนใส่นมนิดหน่อย.
โก่ปี้หูน . 0,น.,กาแฟผงที่ยังไม่ได้ชง บรรจุในปี๊บแบ่งขายเป็นกิโลกรัม
โก่ปี้หู่เล้ง 0,น.,กาแฟใส่นม
โก่ปี้อ้อ . 0,น.,กาแฟดำ
โก่ปี้อ้อช้าม . 0,น.,กาแฟดำร้อนผสมกับชาดำร้อนโดยมีสัดส่วนของกาแฟมากกว่าชา
โก่ปี้อ้อซึ้ง . 0,*น.,โอเลี้ยง
โก้พ่าย 0,น.,"ขนมโก๋, ชื่อขนมชนิดหนึ่งทำด้วยแป้งข้าวเหนียวผสมน้ำตาลทรายอัดใส่พิมพ์รูปต่าง ๆ"
โก้พ่าย 1,น.,ขนมโก๋ (ดู โก้ น. ๒.).
โกย 0,น.,ขนม
โกย 1,ก.,"โกย, อาการที่ใช้มือหรือสิ่งอื่นคุ้ยหรือกวาดสิ่งของต่าง ๆ เช่น ขนอี้ต็อกแล้ว แขบโกยข้าว - ฝนจะตกแล้วรีบเก็บข้าวไว้"
โก้ย 0,น.,ขนม (ดู โกย น.).
โก้ย 0,น.,ขนม
โก้ยก๋าว 0,น.,ปลาเก๋า (ดู หล้าปู).
โก้ยก๋าว 0,น.,"ปลาเก๋า, ชื่อปลาทะเลที่มีสีต่าง ๆ เป็นแต้ม ด่าง ดวง ลาย หรือจุดประคลํ้าทึบเช่นตุ๊กแก"
โก้ยตาล้าม 0,น.,"ขนมตะโก้ใบเตย (ภ.ก., พ.ง.)."
โก๊ยเตี๋ยว 0,น.,"ก๋วยเดี๋ยว, ชื่อของกินชนิดหนึ่ง ทำด้วยแป้งข้าวเจ้าเป็นเส้น ๆ"
โก๊ยเตี๋ยว 1,น.,ก๋วยเตี๋ยว
โก่ยถาว 0,ก.,"จบ, เลิก เช่น เมนนี้โก้ยถาวแหล่ว - ตานี้เลิกแล้ว (ภ.ก.)."
โก้ยห่าน 0,น.,"พิธีสะเดาะเคราะห์ในพิธีกินเจ โดยการเดินผ่านข้ามสะพานไม้สะเดาะเคราะห์ เมื่อสุดสะพานจะมีพระจีนที่เข้าประทับทรงคอยพรมน้ำมนต์และประทับตราข้างหลังเสื้อ (ภ.ก., ท.ง.)"
โก้ยหูน 0,ก.,"สุกงอมเกินไปเกือบจะเน่า เช่น ลอกอนีโก้ยหู้นแล้ว - มะละกอนี้สุกงอมเกินเกือบจะเน่าแล้ว (จ., ภ.ก.)."
โก้ยเหยี่ยน 0,ว.,"หายอยาก (จ., ภ.ก.)."
โก้ยโห่ย 0,น.,"พิธีลุยไฟนิยมทำในเทศกาลกินผัก (จ., ภ.ก.)."
โกยโหลง 0,ก.,รื้อทิ้ง.
โกยโหลง 1,ก.,ด่าว่าถึงญาติผูใหญ่ (ส.ฎ.).
โกยโหลง 2,ว.,มาก.
โกรก 0,น.,ชื่อไม้ล้มลุกหลายชนิด ในต้นฤดูฝนจะออกดอกก่อน เวลาบานส่งกลิ่นเหม็นมาก เมื่อดอกโรยแล้ว มีใบงอกออกมาเพียงใบเดียว ก้านดอกและใบกลม ยาว หน้าแล้งต้นตายเหลือหัวอยู่ใต้ดิน บางชนิดหัวกินได้ ใช้ทำยาได้.
โกรก 1,ก.,เลื่อยไม้เป็นชิ้นเล็ก ๆ.
โกรก 2,ก.,พัดอยู่เรื่อย ๆ เช่น ลมโกรก.
โกรกกราก 0,ว.,เสียงดังเช่นนั้น เช่น เสียงหนูดังโกรกกราก.
โกรเกร 0,ว.,ผอมกะหร่อง เช่น อ้ายเด่นเป็นโรคป้างแลโกรเกรพิลึก - อ้ายเด่นเป็นโรคม้ามย้อยดูผอมกะหร่อง (ส.ฎ.).
โกร่ง 0,น.,"ที่บดเครื่องยา, ถ้วยบดยา."
โกร่ง 1,น.,ที่เก็บสะสมเงิน โดยมีรูเล็ก ๆ ให้หยอดเงิน.
โกร่ง 2,น.,"โกร่ง, โลหะ รูปโค้งที่ด้ามกระบี่หรือดาบบางชนิด สำหรับป้องกันไม่ให้อาวุธถูกมือ เช่น โกร่งปืน, โกร่งกระบี่"
โกร่ง 3,ว.,เสียงดังเช่นนั้น.
โกรงกราง 0,ว.,เสียงดังเช่นนั้น เช่น ได้ยินเสียงดังโกรงกรางทางซ้ายมือ.
โกร่งแกรง 0,ว.,ผอมสูงชะลูด เช่น หมอนี้แลโกร่งแกรงเหมือนเปรต - คนนี้ผอมสูงเหมือนเปรต.
โกรม 0,ก.,"คร่อม, ค้ำหัว, มีอำนาจเหนือกว่า เช่น อย่ายืนโกรมคน - อย่ายืนค้ำหัวคน, กูโกรมหัวมึงอยู่ อย่าอวดดี - กูคุ้มหัวมึงอยู่ มึงอย่าอวดดี."
โกรม 1,ก.,หยิบยื้อ เช่น. ขอไม่ให้มันก็โกรมเอา - ขอไม่ให้ก็ยื้อเอาต่อหน้า.
โกรม 2,ก.,ปกคลุม.
โกรย 0,น.,ชื่อปลาทะเลและน้ำกร่อย.
โกรย 1,น.,ชื่อปลาน้ำจืด พบเฉพาะในแม่น้ำโขง คล้ายปลาขมงโกรย.
โกระ 0,น.,ภาชนะเย็บด้วยกาบหมากหรือสิ่งอื่น ที่มีลักษณะคล้ายกัน
โกระ 1,น.,ภาชนะเย็บด้วยกาบหมากหรือสิ่งอี่นที่มี ลักษณะคล้ายกัน (ดู กน น.).
โกระ 2,น.,เครื่องสาน สำหรับสอยผลไม้.
โกระ 3,ก.,บรรจุศพเข้าที่เก็บศพชั่วคราวหรือบรรจุพระเข้ากรุ.
โกระ 4,ก.,สุมทับลงไป เช่น เอากิ่งไม้มาโกระแล้วกลบเป็นมายา - เอากิ่งไม้มาสุมทับกันแล้วกลบดินเพื่อให้เป็นปุ๋ย.
โกระ 5,ก.,เลื่อยไม้ เป็นชิ้นเล็ก. ๆ.
โกลน 0,สำ.,ตำข้าวพอให้เปลือกออก เรียก กล้องข้าว
โกลน 1,ก.,ตำข้าวพอให้เปลือกออก (ดู กล้อง ก. ๒.).
โกล้ย 0,ก.,"กู่, ตะโกน"
โกล้ย 1,ก.,"กู่, ตะโกน (ดู โก ก.)."
โก้สั้ง 0,น.,กระดุมเข็มกลัดเป็นชุดที่ร้อยด้วยสร้อยติดเสื้อเจ้าสาวเจ้าบ่าว.
โกสุย 0,น.,"ขนมถ้วยที่ผสมน้ำตาลทรายแดง โรยหน้าด้วยมะพร้าวขูด (จ., ภ.ก., พ.ง.)"
โกสุย 1,น.,ขนมถ้วยที่ผสมน้ำตาลทรายแดง โรยหน้าด้วยมะพร้าวขูด (ดู โก่ซุ้ย)
โก่หงู่เล้ง . 0,น.,กาแฟใส่นม
โก่เหล 0,น.,กะหล่ำปลี
โก่เหล่ฉ่าย 0,น.,กะหล่ำปลี
โก่เหล่ซ้อม 0,น.,"โสมเกาหลี (ภ.ก., พ.ง.)."
โกะสู 0,น.,ขนมถ้วยที่ผสมน้ำตาลทรายแดง โรยหน้าด้วยมะพร้าวขูด (ดู โก่ซุ้ย).
โกะสู 0,น.,"ขนมถ้วยที่ผสมน้ำตาลทรายแดง โรยหน้าด้วยมะพร้าวขูด (จ., ภ.ก., พ.ง.)"
ไก 0,น.,ลิ้นบังคับอัตโนมัติ เช่น ไกปืน.
ไก 1,น.,น้ำเหลืองที่เกาะเป็นฝ้า ซึ่งค้างปิดปากแผล.
ไก 2,น.,เมือกที่เกิดขึ้นในน้ำตาลสด.
ไก 3,น.,"ไก่, ชื่อสัตว์ปีกจำพวกนก บินได้ในระยะสั้น หากินตามพื้นดิน ตกไข่ก่อนแล้วจึงฟักเป็นตัว ตัวผู้หงอนใหญ่และเดือยยาว."
ไกกวม 0,น.,ไก่ชนที่ไม่มีเดือย ใช้กำลังของแข้งในการตีคู่ต่อสู้ให้ยอมแพ้.
ไกกอและ 0,น.,เรียกอาหารชนิดหนึ่ง ทำด้วยไก่ที่ถอดกระดูกชุบเครื่องปรุงรส ปิ้งให้สุก ว่า ไก่กอและ.
ไกขัน 0,น.,เวลาย่ำรุ่ง.
ไกขันน้ำขึ้น 0,น.,ช่วงเวลาใกล้เที่ยงคืน.
ไกขันราย 0,น.,ช่วงเวลาใกล้รุ่งประมาณ ๐๔.๐๐ - ๐๕.๐๐ นาฬิกา.
ไก่ขันสองหน 0,น.,คำบอกเวลา หมายถึง เวลาประมาณ ๐๔.๐๐ - ๐๕.๐๐ นาฬิกา ซึ่งเป็นเวลาที่ไก่ขันเป็นครั้งที่สอง.
ไกขันหนเดียว 0,น.,คำบอกเวลา หมายถึง เวลาประมาณ ๐๑.๐๐ - ๐๓.๐๐ นาฬิกา ซึ่งเป็นเวลาที่ไก่ขันครั้งแรก.
ไกแข้ง 0,น.,ไก่ชนที่ไม่มีเดือย หรือ มีก็สั้นมากจนติดแข้ง.
ไกแข้งหล้าง 0,น.,ไก่ตัวผู้ ไม่มีเดือย
ไกจ้อตาหนู 0,สำ.,ด่าไม่ขาดปาก.
ไกจุก 0,น.,ชื่อนกชนิดหนึ่ง มีขนหัวเป็นจุก.
ไกเจียบ 0,น.,ไก่เจี๊ยบ.
ไกเจียบ 1,น.,นกชนิดหนึ่ง ตัวขนาดลูกไก่สีเขียว หากินตามพื้นดินในป่าดงดิบ ตัวผู้มีจุก.
ไกแจ้ 0,น.,ไก่ตัวเล็ก.
ไกซี 0,น.,ไก่สีขาว.
ไกซี 1,สำ.,คนขี้แพ้.
ไกญี่ปุ่น 0,น.,ไก่แจ้ (ภ.ก.).
ไกเดือย 0,น.,ไก่ชนที่มีเดือย ใช้เดือยเป็นอาวุธในการทำร้ายคู่ต่อสู้.
ไกตัวเหมีย 0,สำ.,เป็นคำพูดตำหนิผู้ชายที่อ่อนแอ ไม่สู้คน.
ไกตายบาด 0,น.,ไก่ที่ตายด้วยโรคระบาด.
ไกติดเจ้ 0,น.,ไก่เป็นโรคระบาด (ภ.ก.)
ไกเต็วเจ้ 0,น.,ไก่เป็นโรคระบาด (ภ.ก.)
ไกถูกบอง 0,สำ.,กิริยาอาการของคนที่ไม่ค่อยคล่องตัวคล้ายคนขี้โรค (ภ.ก.).
ไกเถน 0,น.,"แมงช้าง, ชื่อแมลงชนิดหนึ่ง ตัวเล็ก ๆ หัวสีแดง อาศัยอยู่ในฝุ่นหนา"
ไกเถือน 0,น.,ไก่ป่า.
ไกเถือนขัน 0,น.,ช่วงเวลาที่ไก่ป่าขัน ประมาณ ๐๒.๐๐ นาฬิกา.
ไกทง 0,น.,ไก่ที่มีลีลาการชนที่ไม่ยอมซุกหัวเข้าใต้ปีกหรือใต้ตัวคู่ต่อสู้.
ไกทวน 0,น.,"ไก่ขนทวน (ภ.ก., พ.ง.)."
ไกทองหลาง 0,น.,ดอกทองหลาง.
ไกโทง 0,น.,"ไก่รุ่น, ไก่กระทง."
ไกเป็นยาด 0,น.,ไก่เป็นโรคระบาด (ภ.ก.)
ไกพระอินทร์ 0,น.,"แมงช้าง, ชื่อแมลงชนิดหนึ่ง ตัวเล็ก ๆ หัวสีแดง อาศัยอยู่ในฝุ่นหนา"
ไกพระอินทร์ 1,น.,แมงช้าง (ดู ไกเถน).
ไกพันธุ์ 0,น.,ไก่พันธุ์ต่างประเทศเลี้ยงสำหรับขาย.
ไกเพา 0,น.,ไก่บ้านตัวอ้วนใหญ่ แต่ไม่เข้มแข็งเหมือนไก่ชน.
ไกฟ้า 0,น.,"แมงช้าง, ชื่อแมลงชนิดหนึ่ง ตัวเล็ก ๆ หัวสีแดง อาศัยอยู่ในฝุ่นหนา"
ไกฟ้า 1,น.,"แมงช้าง (ดู ไกเถน),"
ไกยง 0,น.,ไก่ที่รั้น ไล่แล้วก็มาอีกไม่รู้จักหยุด.
ไกร 0,น.,"กรรไกร, เครื่องมือสำหรับตัด โดยใช้หนีบ มี ๒ ขา"
ไกร 1,น.,เครื่องมือถากหญ้าชนิดหนึ่งคล้ายจอบ แต่เล็กกว่า.
ไกรคีบผม 0,น.,กรรไกรตัดผม.
ไกรคีบหมาก 0,น.,กรรไกรหนีบหมาก.
ไกรบวง 0,น.,กรรไกรแบบจีน ใช้ตัดผ้า
ไกรพร้าว 0,น.,รกมะพร้าว (ช.พ.).
ไกรหัวหงส์ 0,น.,กรรไกรที่ทำหัวเป็นรูปหงส์
ไกรหัวหงส์ 1,สำ.,โบราณ
ไกลำ 0,น.,ไก่ชนที่ไม่มีเดือย ใช้กำลังของแข้งในการตีคู่ต่อสู้ให้ยอมแพ้.
ไกลูก 0,น.,"ไก่อู., ไก่ตัวผู้"
ไกวัด 0,น.,"ไก่ของวัด, ไก่ของบ้านที่อยู่ข้างวัดที่เจ้าของเลี้ยงให้อดอยาก จึงไปหากินในวัด จึงได้ชื่อว่า ไกวัด."
ไกเหมีย 0,น.,ไก่ตัวเมีย.
ไกโห 0,น.,ช่วงเวลา ใกล้รุ่งประมาณ ๐๔.0๐ นาฬิกา.
ไกโห 1,น.,ชื่อลายขัด ยกหนึ่งข่มหนึ่ง
ไกอุดมุดท้าย 0,สำ.,ไก่อร่อยที่ก้น มะมุดอร่อยและหวานที่ท้ายของผล หมายถึง กินอะไรให้พิจารณาให้ดี (ภ.ก.).
