คำ,POS,ความหมาย
ส 0,?,"เป็นคำประกอบหน้าคำอื่น มีความหมายว่ากอรปด้วย, พร้อมด้วย, มีร่วมกัน, เช่นเดียวกับ เช่น สเทวก = พร้อมด้วยเทวดา, สธัมมิก = มีธรรมร่วมกัน (ป., ส.)"
สก 0,ว.,ของตนเอง (ส.)
สก 1,น.,ผม (ข.)
สก 2,ก.,ทำให้สะเด็ดน้ำ เช่น เอาข้าวที่ซาวน้ำแล้วใส่ตะแกรงเพื่อให้น้ำแห้ง เรียกว่า สก
สกฏ 0,น.,เกวียน
สกฏภาร 0,น.,ของบรรทุกเกวียน
สกนธ์ 0,น.,"กอง, พวก, จำนวนมาก, ส่วน, ภาค, ร่างกาย, ขันธ์ทั้งห้า (ส.)"
สกปรก 0,ว.,"เลอะ, เปรอะ, เปื้อน, ไม่สะอาด, มีราคี, น่ารังเกียจ, เลวทราม"
สกรณีย์ 0,น.,ผู้ยังมีหน้าที่จะกระทำ
สกรรจ์ 0,ว.,"ฉกรรจ์, หนุ่ม, แข็งแรง, อาจหาญ, เก่งกาจ, ร้าย, ดุร้าย"
สกรรมกริยา 0,น.,คำกริยาที่ต้องมีกรรมมารับ
สกรรมธาตุ 0,น.,ธาตุที่มีกรรมเข้ามารับ
สกล 0,ว.,"เต็ม, พร้อม, สมบูรณ์, ทั่ว, ทั้งหมด, ทั้งสิ้น ใช้"
สกล 1,น.,"ส่วน, ซีก, ครึ่ง (ส.)"
สกลก 0,น.,"กายทั้งหมด, ทั่วร่าง"
สกลโลก 0,น.,"โลกทั้งสิ้น, ทั้งโลก, ทั่วโลก"
สกวาที 0,น.,ผู้กล่าวถ้อยคำฝ่ายตน คือผู้สนับสนุน คู่กับปรวาที ผู้กล่าวถ้อยคำฝ่ายอื่น คือผู้คัดค้าน
สกัด 0,ก.,กั้น หรือขวาง เช่น สกัดหน้า
สกัด 1,ก.,สลัก หรือตอกเจาะของแข็งให้ร่องรอย หรือรูปร่างต่าง ๆ ด้วยเครื่องมือคล้ายลิ่ม เรียกว่า เหล็กสกัด
สกัด 2,ก.,บีบเค้น หรือคั้นเอาออกมา เช่น สกัดน้ำมัน เดิมเขียน สะกัด
สกา 0,น.,"เครื่องเล่นการพนันอย่างหนึ่ง มีกระดานเป็นตาคล้ายหมากรุก ใช้ลูกบาศก์ทอด แล้วเดินตัวสกาตามแต้มลูกบาศก์ตาหมากสกามี ๒๔ ตา มีลูก ๔ ลูก ลูกที่ ๑ ชื่อมาลี ลาวเรียกว่า เพโจกมี ๘ แต้ม, ลูกที่ ๒ ชื่อ สาวะตี ลาวเรียกว่า เพตี มี ๖ แต้ม, ลูกที่ ๓ ชื่อ พะทุลี ลาวเรียก เพทู มี ๔ แต้ม, ลูกที่ ๔ ชื่อ สันติพะทะ ลาวเรียก เพเบ็ง หรือ เพเม มี ๒ แต้ม รวมทั้งหมดมี ๒๐ แต้ม"
สกาว 0,ว.,"ขาว, สะอาด, บริสุทธิ์, หมดจด"
สกุณ 0,น.,"นก (ป., ส.)"
สกุณจาป 0,น.,ลูกนก (ป.)
สกุณา 0,น.,นก
สกุณี 0,น.,"นางนก, นกตัวเมีย (ป., ส.)"
สกุนต์ 0,น.,นก (ส.)
สกุล 0,น.,"ตระกูล, วงศ์, เผ่าพันธุ์, เชื้อสาย"
สกุล 1,น.,"เชื้อชาติผู้ดี, ความเป็นผู้ดี"
สกุลบท 0,น.,"ทางนก คือ ท้องฟ้า, อากาศ (ป.)"
สแก 0,น.,หมา (ข.)
สขะ 0,น.,"เพื่อน, สหาย"
สขี 0,น.,"เพื่อนหญิง, สหายหญิง"
ส่ง 0,ก.,"ยื่นให้, ยื่นให้ถึงมือ, ติดต่อบอกข่าว เช่น ส่งจดหมาย"
ส่ง 1,ก.,"เชิดชู, ทำให้สูงเด่น"
ส่ง 2,ก.,เปล่ง เช่น ส่งเสียง
ส่ง 3,ก.,"พาไปให้ถึงที่, ไว้อาลัยในการจากไป เช่น เลี้ยงส่ง"
ส้ง 0,น.,"กางเกง, ส่วนมากว่า โส้ง"
สง 0,น.,"หย่งให้กระจายตัว หรือยกเขย่าขึ้นลงให้น้ำหรือของเล็ก ๆ ร่วงลง เช่น สงข้าว, สงฟาง"
สง 1,ว.,"สุก, แก่จัด ใช้เรียกหมากที่แก่จัดและเอาเปลือกออกแล้วเพื่อเก็บไว้กินนาน ๆ ว่า หมากสง"
สงกร 0,น.,"การปะปน, ความยุ่งเหยิง, การคาบเกี่ยว (ป.)"
สงกร 1,ว.,"ปลาบปลื้ม, ดีใจ (ส.)"
ส่งกระสุน 0,ก.,"นำกระสุนไปมอบให้, ปริยายหมายความว่า ยิง"
ส่งกระแสจิต 0,ก.,"เพ่งจิตแล้วบังคับให้แล่นติดต่อไปยังความรู้สึกของบุคคลอื่น, โทรจิต"
สงกรานต์ 0,น.,เทศกาลเนื่องด้วยการขึ้นปีใหม่อย่างเก่าซึ่งกำหนดตามสุรยคติ ตกวันที่ ๑๓-๑๔-๑๕ เมษายน
ส่งกลิ่น 0,ก.,"กระจายกลิ่น, กลิ่นฟุ้งกระจายออกไป"
ส้งก้อม 0,น.,กางเกงขาสั้น
สงกะสงเกิ้ง 0,ก.,"เคลือบแคลง, สงสัย, เลือนลาง เช่น พอสงกะสงเกิ้ง = นึกได้พอลาง ๆ"
สงกา 0,น.,"ความแคลงใจ, ความสงสัย"
สงกา 1,ก.,"สงสัย, แคลงใจ (ป., ส.)"
สงโกจ 0,น.,"ความเขม็ง, ความเคร่งเครียด (สำหรับหน้า)"
สงโกจ 1,ก.,"หดเข้า, สั้นเข้า, หน้านิ่วคิ้วขมวด (ป.)"
ส้งขาเก๊าะ 0,น.,กางเกงขาสั้น
ส่งข่าว 0,ก.,ติดต่อบอกข่าวหรือเขียนเป็นจดหมาย
สงค์ 0,น.,"ความข้องอยู่, ความเกี่ยวพัน, ความยึดเหนี่ยว"
สงคร 0,น.,"คำผัดเพี้ยน, คำสัญญา, การตกลง, การรบพุ่ง, ความยุ่งเหยิง (ป.)"
สงคราม 0,น.,"การต่อสู้, การพุ่ง (ส.)"
สงครามปาก 0,ก.,"การโต้เถียง, ทะเลาะกัน, การปะทะคารมกัน"
สงครามเย็น 0,ก.,การขับเคี่ยวกันโดยขู่หรือใช้จิตวิทยา
สงเคราะห์ 0,น.,"การช่วยเหลือ, การอุดหนุน, การรวบรวม, การรวมเข้า"
สงเคราะห์ 1,ก.,"ช่วยเหลือ, อุดหนุน, รวบรวม, ร่วมเข้า (ป., ส.)"
สงฆ์ 0,น.,จำนวนภิกษุในพระพุทธศาสนาตั้งแต่สี่รูปขึ้นไป
สงฆะเจ้า 0,น.,พระภิกษุในพระพุทธศาสนา
ส่งดอก 0,ก.,นำดอกเบี้ยไปชำระให้แก่ผู้รับจำนำ หรือผู้ให้กู้ยืม
ส่งเดช 0,ว.,"ชุ่ย, พอพ้น ๆ ไป, ไม่มีหลักเกณฑ์, ไม่เป็นกิจจะลักษณะ"
ส่งตัว 0,ก.,"นำเจ้าสาวมามอบให้เจ้าบ่าว, นำตัวมามอบให้"
ส่งท้าย 0,ก.,"กระตุ้นท้ายเรือให้แล่นเร็ว, หนุนหลัง"
ส่งท้าย 1,ก.,พูด หรือทำเป็นครั้งสุดท้าย
ส่งทุกข์ 0,ก.,ทำให้พ้นทุกข์ไป
สงบ 0,ว.,"สงัด, ไม่มีเสียง"
สงบ 1,ก.,"นิ่ง, หยุด, เงียบ, ไม่กำเริบ"
ส้งย่าม 0,น.,กางเกงขายาว
ส่งรัศมี 0,ก.,เปล่งรัศมีพุ่งหรือกระจายแสงออกเป็นรัศมี
ส่งลำ 0,ก.,"ร้องส่งครั้งสุดท้าย (มักใช้กับสักวา), กระทำครั้งสุดท้าย"
สงวน 0,ก.,"รักษาไว้, หวงแหนไว้, ถนอม, ระวัง"
ส่งวิญญาณ 0,ก.,"ทำพิธีเพื่อให้วิญญาณล่องลอยไปสู่ที่ชอบ ปริยายหมายความว่า ฆ่า, ทำลายชีวิต"
ส่งศาล 0,ก.,นำตัวผู้ต้องหาไปยังศาลเพื่อให้ผู้พิพากษาตัดสิน
สงส์ 0,ก.,"ไม่แน่ใจ, แคลงใจ, ฉงน, กังขา"
สงสการ 0,น.,"พิธีเกี่ยวกับการปลงศพ, ซากศพ"
ส่งสการ 0,น.,"พิธีเกี่ยวกับการปลงศพ, ซากศพ"
ส่งสการ 1,น.,พิธีการเกี่ยวกับการปลงศพ
ส่งส้น 0,ก.,ส่งท้าย ครั้งสุดท้าย
ส่งส่วย 0,ก.,นำภาษีไปชำระราชการ
สงสัย 0,ก.,"ไม่แน่ใจ, แคลงใจ, ฉงน, กังขา"
สงสาร 0,น.,"การท่องเที่ยวไป, การเวียนว่ายตายเกิด โดยปริยาย หมายถึง โลก"
สงสาร 1,ก.,"สมเพท, เวทนา, รู้สึกเมตตาปรานีต่อสิ่งที่มีชีวิต, สลดใจในความทุกข์ยากของผู้อื่น"
ส่งเสริม 0,ก.,"เกื้อหนุน, หนุนหลัง, เชิดชู"
ส่งเสีย 0,ก.,ให้ความอุปการะเลี้ยงดู
ส่งเสียง 0,ก.,"เปล่งเสียง, แผดเสียง, ร้องเสียงดังหนวกหู"
ส้งหรั่ง 0,น.,กางเกงขายาว
สงัด 0,ว.,"เงียบ, ไม่มีเสียงอะไรอื้ออึง, เรียกเวลาดึกมากที่ปราศจากเสียงว่า ดึกสงัด"
สง่า 0,ว.,"ภาคภูมิดี, ผึ่งผาย, ผ่าเผย, ภูมิฐาน, น่าเกรงขาม, น่าเคารพนับถือ"
สณฑ์ 0,น.,"แนวไม้, ชัฏ, ดง, ที่รก (ป.)"
สด 0,ว.,"ใหม่และยังไม่เหี่ยวเน่า, ชุ่มชื้น"
สด ๆ ร้อน ๆ 0,ว.,"ทันที ทันใด, หยก ๆ , ใหม่ ๆ"
สดก 0,น.,"หมวดร้อย, จำนวนร้อย (ป.)"
สดชื่น 0,ก.,"ชุ่มชื่น, แจ่มใส, เบิกบานใจ"
สดใส 0,ว.,"เปล่งปลั่ง มีน้ำมีนวล, ไม่ขุ่นมัว"
สดับ 0,ก.,"ฟัง, เงี่ยหูฟัง"
สดับตรับฟัง 0,ก.,เอาใจใส่ให้รู้เห็นและมราบเรื่องราว
สดับปกรณ์ 0,น.,พิธีสวดเนื่องด้วยบังสุกุลสำหรับเจ้านาย
สดัมภ์ 0,น.,"เสา, หลัก"
สดายุ 0,น.,ชื่อพญานก
สดำ 0,ว.,ขวา (ข.)
สดำ 1,ว.,"เก่ง, ชำนาญ, เป็นเยี่ยม"
สดำน้ำ 0,ก.,ประดาน้ำ
สดำน้ำ 1,ก.,หมอคล้องช้างได้ตัวที่ ๒ ขึ้นไป เรียก สดำ ได้ตัวแรกเรียก สะเดียง
สดุดี 0,น.,"คำยกย่อง, คำสรรเสริญ"
สดุดี 1,ก.,"ยกย่อง, สรรเสริญ"
สดูป 0,น.,สถูป
สต 0,น.,"จำนวนหนึ่งร้อย (ป., ส.)"
สต 1,ว.,"ระลึกได้, จำได้, มีความรู้สึก (ส.)"
สตก 0,น.,"หมวดร้อย, จำนวนร้อย (ป.)"
สตน 0,น.,"นม, หัวนม, เต้านม (ส., ป.)"
สตรี 0,น.,"ผู้หญิง, เพศหญิง (ส.)"
สตรีเพศ 0,น.,"เพศหญิง, พวกผู้หญิง"
สตรีภาพ 0,น.,"ผู้หญิง, ความเป็นผู้หญิง"
สตรีรัตน์ 0,น.,"นางแก้ว, หญิงที่ดีเลิศ, หญิงงาม"
สตรีลิงค์ 0,น.,เพศหญิง
สตันย์ 0,น.,น้ำนม (ส.)
สตัมภ 0,น.,"เสา, หลัก, เครื่องค้ำจุน, การค้ำจุน, ลำต้น, ความแข็งแรง, ความมั่นคง, ความเย่อหยิ่ง (ส.)"
สตางค์ 0,น.,"เหรัยญกษาปณ์ที่ชำระหนี้ได้ตามกฎหมาย, ส่วนร้อย, หนึ่งในร้อย"
สติ 0,น.,"ความรู้สึกในตัว, การระลึก, ความระมันระวัง"
สติปัญญา 0,น.,"ความฉลาด, เชาน์"
สติปัฎฐาน 0,น.,"ชื่อธรรมอันเป็นที่ตั้งแห่งสติ ๔ อย่าง คือ กาย, เวทนา, จิต, ธรรม"
สติม 0,น.,"ไอน้ำ, กำลัง, ความสามารถ, ความเร็ว เช่น เต็มสติม (อ.)"
สติสัมปชัญญะ 0,น.,"ความรู้ตัว, ความระลึกได้, ความรู้สึกตัวด้วยความรอบคอบ"
สติอารมณ์ 0,น.,ความรู้สึกและจิตใจที่เป็นไปขณะหนึ่ง ๆ
สตี 0,น.,"หญิงงาม, หญิงดี, เมียที่ซื่อสัตย์ต่อผัว (ส.)"
สตูป 0,น.,สถูป
สถล 0,น.,"ที่บก, ที่ดอน, ที่ราบสูง, พื้นที่, ดิน, ที่ (ส.)"
สถลทิน 0,น.,ชื่อสถานที่ที่ทำพิธีรับช้างเผือก ทำเป็นเนินดินมีเสาโครงเพดานคาดผ้าขาวเป็นที่หุงข้าวเพรา และปักต้นอ้อย
สถลเทวดา 0,น.,เทพเจ้าผู้ประจำที่
สถลบก 0,น.,ทางบก
สถลมารค 0,น.,ทางบก
สถาน 0,น.,"ที่, ความเป็นไป, ที่อยู่, ที่พัก, แห่ง, ฐานะ, ตำแหน่ง"
สถานก 0,น.,"ตำแหน่ง, เจ้าหน้าที่ (ส.)"
สถานการณ์ 0,น.,"เหตุการณ์, ความเป็นอยู่, สภาพการณ์"
สถานที่ 0,น.,"แหล่ง, แห่งที่"
สถานะ 0,น.,"สภาพ, ตำแหน่ง, ความเป็นไป"
สถานี 0,น.,หน่วยที่พัก หรือที่ทำการ เช่น สถานีตำรวจ
สถาบก 0,ก.,สร้าง
สถาบัน 0,น.,"องค์การ, สถานที่ตั้งขึ้นเพื่อประกอบกิจการงาน"
สถาปก 0,ก.,สร้าง
สถาปนา 0,น.,"การแต่งตั้ง, การปลูกสร้าง, การจัดทำ, การสร้าง"
สถาปนา 1,ก.,แต่งตั้งให้สูงขึ้น
สถาปนิก 0,น.,นายช่างผู้ออกแบบและควบคุมการก่อสร้าง (ส.)
สถาปัตยกรรม 0,น.,วิชาหรือศิลปะว่าด้วยการก่อสร้าง (ส.)
สถาพร 0,ว.,"ยืนยง, มั่นคง, แน่หนา, คงที่ (ส., ป.)"
สถิต 0,ก.,"อยู่กับที่, ไม่เคลื่อนที่, สิงอยู่, อยู่"
สถิติ 0,น.,หลักฐานที่รวบรวมเอาไว้เป็นตัวเลขสำหรับเปรียบเทียบ
สถิร 0,ว.,"มั่นคง, แข็ง, แข็งแรง (ส., ป.)"
สถุล 0,ว.,"หยาบ, หยาบคาย, ต่ำช้า, อ้วน, หนา, ทึบ (ส., ป.)"
สถุลบฎ 0,น.,ผ้าเนื้อหยาบ
สถุลบาท 0,น.,เท้าใหญ่ คือช้าง
สถุลปัฎฎ์ 0,น.,ฝ้าย
สถุลภาพ 0,น.,"ความใหญ่โต, ความหยาบคาย"
สถูป 0,น.,สิ่งก่อสร้างจำพวกเจดีย์เป็นที่บรรจุสิ่งที่ควรบูชาสักการะ เช่น พระธาตุ
สทึง 0,น.,แม่น้ำ
ส้น 0,น.,"ส่วนท้าย, ส่วนท้ายของเท้า"
สน 0,ก.,"ร้อย, สอด เช่น สนเข็ม"
สน 1,น.,"ชื่อต้นไม้จำพวกหนึ่งใบเป็นฝอย แผง, ส่วนมากเรียกไม้ไต้"
สน 2,ว.,"ล่ำสัน, แน่น, ยุ่ง, ทึบ"
สน 3,ว.,"ขัด, จน เช่น สนใจ = จนใจ, คิดไม่ออก"
สน ๆ 0,ว.,"ขวักไขว่, ยุ่งเหยิง, สับสน"
สนทนา 0,ก.,"คุยกัน, พูดจาวิสาสะกัน, พูดจาหารือกัน (ป.)"
สนทรรศ 0,น.,"ภาพ, สิ่งที่ปรากฏ (ส.)"
สนทรรศ 1,น.,"ภาพ, สิ่งที่ปรากฏ"
สนทรรศน์ 0,น.,"การดู, การจ้องดู, การแลเห็น (ส.)"
สนทิศ 0,ก.,"ชี้แจง, สั่ง, บอกเล่า, ประกาศ (ส.)"
สนเทศ 0,น.,"คำสั่ง, ข่าวสาร, ใบบอก (ส., ป.)"
สนเทห์ 0,น.,"ความสงสัย, ความฉงน, ความไม่แน่ใจ (ป., ส.)"
สนเทห์ 1,ก.,"ฉงน, เคลือบแคลง, สงสัย (ป., ส.)"
สนธยา 0,น.,"เวลาโพล้เพล้, เวลาพลบค่ำ, เวลาที่พระอาทิตย์ขึ้นหรือพระอาทิตย์ตก"
สนธิ์ 0,น.,ไวยากรณ์บาลีตอนที่ว่าด้วยอักขรวิธีและการต่อศัพทฺ (เป็นตอนต้นของมูลกัจจายนะ)
สนธิ 0,น.,"ที่ต่อ, การติดต่อ, การเชื่อมเสียงให้กลมกลืนกันตามหลักไวยากรณ์บาลีและสันสกฤต (ป., ส.)"
สนธิสัญญา 0,น.,สัญญาระหว่างประเทศ
สนน 0,น.,ถนน
สนน 1,ก.,ต่อรอง เช่น สนนราคา
ส้นน่อง 0,น.,ส้นเท้า
สนม 0,น.,เรียกบาทบริจาริกาที่รับให้ใกล้ชิดองค์พระมหากษัตริย์ว่าพระสนม
สนม 1,น.,ต้นพืชที่เกิดขึ้นในน้ำเกาะกันเป็นกลุ่มแน่น ลอยเป็นแพเหนือน้ำ
สนลนสนล้าว 0,ว.,"รีบร้อน, ลวก ๆ , ไม่ละเอียดถี่ถ้วน"
สนวน 0,น.,ต้นขนวน
สนสกฤต 0,น.,ภาษาอินเดียโบราณภาษาหนึ่ง คู่กับภาษาบาลี - สันสกฤต
สนอง 0,น.,เชือกสำหรับร้อยหนังสือใบลานให้เป็นผูก เรียก สายสนอง
สนอง 1,ก.,"รอง, รองรับ, แทน, ตอบแทน, โต้ตอบ"
สนองไข 0,ก.,"กล่าวตอบ, อธิบาย"
สนองคุณ 0,ก.,ตอบแทนบุญคุณ
สนองได 0,น.,ไม้เกาหลัง
สนองโอษฐ์ 0,น.,ผู้รับใช้พระราชดำรัสของพระเจ้าแผ่นดิน หรือ พระเสาวนีย์ของพระราชินีโดยตรง
สนอบ 0,น.,"เสื้อ, ส่วนมากหมายถึง เสื้อพระราชทาน"
สนะ 0,น.,"หนัง (ข.), เสื้อ, เครื่องสอบสวน"
สนะ 1,ก.,"เย็บ, ชุน, ปัก"
สนะ 2,น.,"ที่นอน, ฟูก (ส., ก.)"
สนัด 0,ว.,"ถนัด, สันทัด, มั่นเหมาะ, ชัด, แม่นยำชำนาญ"
สนั่น 0,ว.,"กึกก้อง, ลั่น, เลื่องลือ"
สนับ 0,น.,"เสื้อ, เครื่องสวม, เครื่องรอง, เครื่องสวมกันถูกแทงหรือกระทบกระทั่ง"
สนับ 1,ก.,"ทาบ, ซ้อน เช่น หญ้าที่โทรมกับหญ้าที่ขึ้นใหม่อีก เรียกว่า ตกสนับ"
สนับแข้ง 0,น.,เครื่องสวมหุ้มแข้ง
สนับงา 0,น.,เนื้อหุ้มที่โคนงาช้าง
สนับทึบ 0,น.,เพรียบน้ำเค็ม
สนับนิ้วมือ 0,น.,ปลอกโลหะสวมนิ้วมือสำหรับดุนก้นเข็มเพื่อกันไม่ให้นิ้วเจ็บ
สนับเพลา 0,น.,กางเกงใน
สนับมือ 0,น.,"เครื่องรองใบลานเพื่อให้จารหนังสือถนัด, เครื่องสวมมือทำดวยโลหะ ทำเป็นช่อง ๆ ให้นิ้วสอดใส่เข้าไปและกำไว้แน่น ตอนบนของแต่ละช่องนั้น ทำเป็นเหลี่ยมแหลม ใช้สวมต่อยทำร้ายศัตรู ทำให้ได้รับบาดเจ็บมาก"
สนับสนุน 0,ก.,"ส่งเสริม, ช่วยเหลือ, อุปการะ"
สนา 0,น.,"อาสนะสำหรับรองนั่งที่ยัดด้วยนุ่น, บางถิ่น หมายถึง ฟูก"
สนา 1,น.,"ที่นั่ง, ที่สำหรับนั่ง (ส., ป.)"
สนาดก 0,น.,ผู้ได้รับน้ำสรงในพิธีสนานตามลัทธิฮินดูหลังเรียนคัมภีร์พระเวทจบแล้ว
สนาน 0,น.,"การอาบน้ำ, การชำระล้าง, พิธีชำระกายของพราหมณ์"
สนาน 1,ก.,"อาบน้ำ, ชำระล้าง"
สนาบก 0,น.,คนรับใช้ในเวลาอาบน้ำ
สนาบัน 0,ก.,"การอาบน้ำ, การอาบน้ำให้ผู้อื่น"
สนาม 0,น.,"ลาน, ลานหญ้า, ที่ว่าง, ที่เล่น, ที่แข่งขันกีฬา, ที่ประชุม, ร่องที่ขุดเพื่อป้องกันข้าศึกเวลารบ"
สนายุ 0,น.,"เอ็น, เส้น, กล้ามเนื้อ (ส.)"
สนิก 0,ว.,"ค่อย ๆ , เบา ๆ (ป.)"
สนิท 0,ว.,"อย่างใกล้ชิด, แนบชิด, แนบเนียน, กลมกล่อม, รักใคร่กัน, ชอบพอ, อย่างแท้จริง เช่น มืดสนิท"
สนิท 1,ว.,"ปราศจากสรรพสำเนียงใด ๆ ทั้งสิ้น เช่น เงียบสนิท, หยุดนิ่งอยู่กับที่ เช่น จอดสนิท, ไม่รู้สึกตัวเลย เช่น หลับสนิท"
สนิม 0,น.,"มลทิน, สิ่งที่เกิดจากเหล็กถูกอากาศกัดกร่อนมีลักษณะเป็นผงสีน้ำตาลติดรอบเหล็กนั้น, สิ่งที่เกาะจับทองเหลืองหรือเงิน เป้นสีเขียว ๆ คล้ำ ๆ หรือดำ"
สนิม 1,น.,เครื่องประดับ
สนิมสร้อย 0,ว.,"อ่อนแอ, บอบบาง"
สนุก 0,ว.,"เพลินใจ, ให้ความเบิกบาน, ยั่วใจให้อยากเล่นอยากดู, ชอบเล่นหัว"
สนุข 0,น.,ความสุข (เป็นคำแผลง)
สนุต 0,ว.,"ไหล, ย้อย (ส.)"
สนุติ 0,น.,"การไหล, การย้อย (ส.)"
สนุ่น 0,น.,ชื่อต้นไม้ชนิดหนึ่ง ใบเล็กยาว หน้าใบสีเขียวแก่ ท้องใบสีขาว ดอกเป็นช่อเล็ก ๆ สีขาว ชอบขึ้นตามริมน้ำ
สบ 0,น.,"ปาก, ริมฝีปาก, ปากน้ำ, ที่น้ำไหลตก"
สบ 1,ก.,"พบ, ปะ, พอดีกัน, บรรจบ, ถูก, ประสมให้เข้ากัน, ตอนที่แม่น้ำมาประจบร่วมกัน"
สบ 2,ว.,"ทุก, เสมอ, เช่น สบไถง = ทุกวัน, สบสมัย = ทุกสมัย (ข.)"
สบง 0,น.,"ผ้านุ่งของภิกษุ, สามเณร, ผ้า (ข.)"
สบจ 0,น.,"คนชั้นต่ำ, คนต่ำช้า, คนชาติต่ำช้า, คนนอกเหล่า (ป.)"
สบตา 0,ก.,ประสานสายตากัน
สบถ 0,น.,"คำสาป, คำแช่ง, คำสัตย์, คำสัญญา"
สบถ 1,ก.,"สาบาน, กล่าวคำให้เป็นไปในทางร้าย หรือ ให้สิ่งศักดิ์สิทธิ์ลงโทษตนถ้าไม่เป็นจริงตามพูด"
สบไถ 0,น.,เหล็กสำหรับสวมหัวหมูเครื่องไถ = ผาล
สบไถ่ 0,น.,ผาล หมาก
สบประมาท 0,ก.,"ดูหมิ่น, แสดงกิริยาวาจาลบหลู่, ประมาทหน้า"
สบสังวาส 0,ว.,อยู่ร่วมกัน เช่น สงฆ์นิกายเดียวกันร่วมทำสังฆกรรมได้ เรียก สงฆ์สบสังวาส
สบเสีย 0,ก.,ดูถูก
สบเสีย 1,ก.,"ชอบพอ, โปรดปราน"
สบเหมาะ 0,ก.,พบโอกาสอันดี
สบอารมณ์ 0,ก.,"พอใจ, ถูกใจ, ถูกอารมณ์, ต้องใจ"
สบัน 0,ก.,สาบาน (ป.)
สบาย 0,ว.,"อยู่ดีกินดี, สุขสำราญ, ไม่มีทุกข์ร้อน, ไม่เจ็บไม่ป่วย, เป็นสุขกายสบายใจ"
สบู 0,น.,สิ่งที่ผลิตขึ้นสำหรับใช้ชำระล้างและฟอกผ้าให้สะอาด
สไบ 0,น.,"ผ้าแถบ, ผ้าห่มเฉียงบ่าของผู้หญิง (ข.)"
สพัก 0,ว.,"พร้อม, ไสว, สล้าง"
สพัั้น 0,น.,"ทองเหลือง, ทองแดง (ข. สพัน)"
สพาก 0,ว.,"งาม, เป็นแถวกัน, พร้อมเพรียง"
สพาบ 0,ว.,พังพาบ
สภา 0,น.,"ที่ประชุม, องค์การ หรือสถานที่ประชุม, ที่ชุมนุม"
สภาค 0,ว.,"ร่วมกัน, อยู่หมวดเดียวกัน, เหมือนกัน, เท่ากัน (ป.)"
สภาพ 0,น.,"ลักษณะความเป็นอยุ่, ลักษณะในตัวเอง, ภาวะธรรมดา, ธรรมชาติ"
สภาพการณ์ 0,น.,ลักษณะแห่งเหตุการณ์หรือเรื่องราว
สภาพธรรม 0,น.,"หลักแห่งความเป็นกันเอง, หลักแห่งธรรมชาติ โดยปริยายได้แก่ ความไม่เที่ยง, เป็นทุกข์, และเป็นของมิใช่ตัวตน"
สภาวมาลา 0,น.,"กริยาที่เป็นแต่ส่วนของประโยค ไม่ใช่เป้นกริยาของประโยคมักใช้ลอย ๆ หรือตามหลังบุพบท เช่น เขาชอบทำงาน, เอามาเพื่อทำงาน"
สภาวะ 0,น.,"ลักษณะความเป็นอยุ่, ลักษณะในตัวเอง, ภาวะธรรมดา, ธรรมชาติ"
สม 0,ก.,"รวมกันเข้า, ปน, ระคน, เจือ, คละ"
สม 1,ว.,"เหมาะ, พอดี, รับกัน, ร่วมกัน, รวมกัน, เหมือนกัน, ผสม"
สม 2,น.,"ความสงบ, ความราบคาบ, ความเหนื่อย (ป.)"
สม 3,ว.,"เรียบ, เสมอ, เหมือนกัน, เท่ากัน, ตรงกัน, ยุติธรรม, ไม่ลำเอียง (ป., ส.)"
ส้ม 0,น.,ชื่อต้นไม้และผลไม้ชนิดหนึ่ง ผลมีรสเปรี้ยวหรือหวาน
ส้ม 1,ว.,มีรสเปรี้ยว
ส้ม 2,ว.,"เป็นคำผสมนำหน้าคำอื่น หมายถึงของหมักดองตามชนิดนั้น ๆ เช่น ส้มผัก = ผักดอง, ส้มงัว = เนื้อส้ม ส้มหมู = หมูส้มหรือแหนม"
ส้มกบ 0,น.,ชื่อหนึ่งของต้นเกล็ดหอยจีน
ส้มกบ 1,น.,"ชื่อไม้เถาชนิดหนึ่ง ใบเป็นแฉกเหมือนใบกระเจี๊ยบ เปรี้ยวสีเขียวแก่ ลำต้นและกิ่งมีหนามดอกสีเหลือง ตรงกลางสีม่วง, รสเปรี้ยว"
สมกัน 0,ก.,"เหมาะกัน, คู่ควรกัน, พอ ๆ กัน"
ส้มกุ้ง 0,น.,ของกินชนิดหนึ่งทำด้วยกุ้ง ใช้หมักด้วยข้าวสุก เกลือและกระเทียม มีรสเปรี้ยว
ส้มกุ้ง 1,น.,ชื่อต้นไม้มี ๒ ชนิด คือ ส้มกุ้งน้อย เป็นไม้เถา ใบโตปลายใบแหลม ดอกเล็กออกเป็นช่อ ทั่งใบและเถามีรสเปรี้ยว อีกชนิดหนึ่ง เรียก ส้มกุ้งใหญ่ เป็นไม้เถา ใบดกหน้าทึบ ดอกเล็กออกเป็นช่อ เนื้อไม้และรากมีรสเปรี้ยวเล็กน้อย
ส้มเกลี้ยง 0,น.,ชื่อต้นไม้ชนิดหนึ่ง ผลกลม ๆ โตขนาดผลส้มโอขนาดย่อม ๆ ผิวเกลี้ยงไม่ขรุขระเมื่อสุกสีเหลือง
ส้มเกี้ยง 0,น.,ชื่อต้นไม้ชนิดหนึ่ง ผลกลม ๆ โตขนาดผลส้มโอขนาดย่อม ๆ ผิวเกลี้ยงไม่ขรุขระเมื่อสุกสีเหลือง
ส้มขี้ม้อน 0,น.,ไม้ต้นชนิดหนึ่ง มีรสเปรี้ยว
ส้มโข่ย 0,น.,ไม้เถาชนิดหนึ่ง ใบและเถามีขนมีผลเป็นพวงคล้ายองุ่น บางถิ่นเรียก ส้มดก่ย
สมคบ 0,ก.,"ร่วมรู้และร่วมทำการ, ร่วมคบคิดกัน"
สมคราม 0,น.,"การต่อสู้, การพุ่ง (ส.)"
สมคราม 1,น.,สงคราม
สมควร 0,ว.,"เหมาะ, ชอบ, ควรยิ่ง"
สมคะเน 0,ก.,"เป็นไปดังที่คาดคิด, เหมาะกับที่คาด, ตรงกับที่คิดไว้"
สมคาม 0,น.,สงคราม
สมจร 0,ก.,"ร่วมสังวาส, ประพฤติร่วมกัน, คบกัน, ร่วมรักกัน"
สมจริง 0,ก.,เป็นจริงตามข้อกล่าวหา หรือคำบอกกล่าว
สมจริง 1,ว.,ถือได้ว่าเป็นจริง
สมจารี 0,น.,ผู้ประพฤติสม่ำเสมอ
สมเจตน์ 0,ก.,ได้ผลดังที่ตั้งใจไว้
ส้มเช้า 0,น.,ชื่อต้นไม้ชนิดหนึ่งเป็นไม้พุ่ม จำพวกสลัดไดใบหนาแข็งงอกตามปลายกิ่งก้าน ตอนเช้าใบจะมีรสเปรี้ยว พอสายรสเปรี้ยวก็จางไป พอกลางวันก็หมดรสเปรี่ยว ส้มเช้ามี ๒ พันธุ์ พันธุ์หนึ่งต้นเตี้ยงอหงิกคล้ายดอกหงอนไก่ ใบไม่ค่อยมี อีกพันธุ์ต้นสูง แตกกิ่งก้านสาขายาวเกะกะ มีใบมาก
ส้มซ่า 0,น.,ชื่อส้มชนิดหนึ่ง เปลือกค่อนข้างขรุขระมีจุกคล้ายส้มจุก
ส้มซ่า 1,น.,ชื่ออาหารชนิดหนึ่ง คล้ายแหนม (สก.)
สมญา 0,น.,"ฉายา, ชื่อ, ชื่อที่ถูกตั้งขึ้นตามรูปลักษณะหรือพฤติการณ์ซึ่งไม่ใช้ชื่อจริง, คำประพันธ์ใช้ว่าสมเญศ"
สมณ์ 0,น.,"ผู้สงบ, นักบวช, ภิกษุ"
สมเด็จ 0,น.,พระที่ได้รับเถราภิเษกครั้งแรก
สมตัว 0,ว.,เหมาะกับตัว
ส้มตำ 0,น.,ชื่ออาหารชนิดหนึ่ง ส่วนมากใช้ผลมะละกอสับหรือขูดเป็นเส้นเล็ก ๆ เคล้ากับเครื่องปรุงที่ดขกละเอียดมีกุ้งแห้ง กระเทียม พริกไทย พริกแห้ง พริกขี้หนู ฯลฯ ปรุงรสเปรี้ยวกับเผ็ดขึ้นหน้า ใช้ใบมะยม ผักกาด ใบชะพลู เป็นผักรับประทาน ส่วนมากเรียก ตำหมากส้ม
สมทบ 0,ก.,ร่วมเข้าด้วย
สมนอก 0,น.,ผู้ที่เป็นฝ่ายหน้า (ตามลักษณะการปกครองสมัยโบราณ)
สมนเอก 0,น.,พระสนมซึ่งเป็นที่โปรดปรานยิ่งกว่าสนมอื่น ๆ
สมน้ำสมเนื้อ 0,ก.,พอเหมาะพอดีกัน
สมน้ำหน้า 0,ว.,เป็นคำแดกดันหรือซ้ำเติมว่า ควรได้รับผลร้ายเช่นนั้น
สมใน 0,น.,ผู้ที่เป็นฝ่ายใน (ตามลักษณะการปกครองสมัยโบราณ)
สมบัติ 0,น.,"ทรัพย์สินเงินทองของมีค่า, ความมั่งมี, ความสุข, ความสำเร็จ, ความถึงพร้อม, การบรรลุ, ความดี, ความงาม"
สมบุกสมบัน 0,ก.,"ผจญกับความยากลำบาก, ใช้อย่างไม่ถนอมหรือไม่ปราณีปราศรัย"
สมบุญ 0,ว.,"เหมาะกับบุญที่มี, เหมาะแก่การที่มีบุญ"
สมบูรณ์ 0,ว.,"อ้วนท้วน, เต็มเปี่ยม, เต็มพร้อม, เต็มที่, มากมาย, ล้นหลาม, อุดม"
สมประกอบ 0,ว.,มีอวัยวะ หรือจิตใจปรกติครบถ้วนไม่พิการหรือทุพพลภาพ
สมประสงค์ 0,ก.,ได้หรือสำเร็จหรือเป็นไปดังประสงค์
สมปรารถนา 0,ก.,ได้หรือสำเร็จหรือเป็นไปดังปรารถนา
สมปอง 0,น.,สัมฤทธิ์ผลดังหวัง
ส้มป่อย 0,น.,ไม้เลื้อยชนิดหนึ่ง เป็นไม้ยืนต้น ใบเป็นฝอยคล้ายชะอม ตามต้นและกิ่งก้านมีหนาม ใบมีรสเปรี้ยวจัด ดอกและฝักคล้ายกระถินเทศ ฝักใช้ฟอกผมและขัดล้างเครื่องเงินทองได้ดี
ส้มเปรี้ยว 0,น.,ไม้ต้นมี ๒ ชนิด ชนิดหนึ่งเป็นไม้พุ่มขนาดกลาง ใบดกหนาทึบใบเป็นแฝดแตกกลาง ออกดอกสีขาว มีฝักเล็ก ๆ และดูคล้ายแฝดติดกัน ใบมีรสเปรี้ยวและฝาด อีกชนิดหนึ่งเป็นไม้เถาใช้เปลือกทำปอได้
ส้มผ่อ 0,น.,ต้นข่อย (ถิ่น)
สมผุส 0,น.,การคำนวณเกี่ยวกับโลกและดาวพระเคราะห์ เล็งร่วมกันในทางโหราศาสตร์
สมพงศ์ 0,น.,"การร่วมวงศ์หรือร่วมตระกูลกัน, การคำนวนวัน เดือน ปีเกิดของชายหญิง ทางโหราศาตร์ว่าชะตาจะต้องกันหรือไม่ แต่งงานกันแล้วจะมีความสุข ความเจริญหรือไม่ เขียนเป็น ""สมพงษ์"" ก็มี"
สมพรปาก 0,ก.,ขอให้เป็นไปดังที่ท่านให้พรนั้นเถิด
สมพล 0,น.,"การสะสมกำลังไพร่พลสมัยโบราณ, เลกสมัคร, แบบวิธีฝึกหัดคูณให้คล่องสมัยโบราณ"
ส้มพ่อ 0,น.,ต้นข่อย (ถิ่น)
ส้มพอดี 0,น.,ไม้ต้นชนิดหนึ่ง รสเปรี้ยวจำพวกต้นกระเจี๊ยบ
สมพัตรสร 0,น.,อากรส่วนใหญ่เก็บจากผลไม้ยืนต้นเป็นรายปี
สมพาส 0,น.,", ก. การอยู่ร่วม, การร่วมประเวณี, สังวาส"
สมเพช 0,ก.,"เวทนา, สงสารด้วยความสลดใจ"
สมโพธน์ 0,น.,"การพูด, การอธิบาย, คำเรียกร้อง"
สมโพธิ 0,น.,"การตรัสรู้เป็นพระพุทธเจ้า, ความเห็นแจ้ง, ความเข้าใจปลอดโปร่ง, ความฉลาดยิ่ง, ปัญญายิ่งใหญ่"
สมภพ 0,น.,"การเกิด (ราชาศัพท์ = พระราชสมภพ), ความบังเกิด, การเป็นขึ้น, การทำขึ้น, ที่เกิด, การประสบ, การร่วมกัน"
สมภพ 1,ก.,เกิด
สมภาร 0,น.,ภิกษุผู้เป็นเจ้าอาวาส
สมโภค 0,น.,"ความสุขพร้อม, การเสวยสุขกายสุขใจอันเป็นไปในทางโลก, ความสบายใจ, ความยินดี, ความสุขในทางกาม, การใช้สอย"
สมโภช 0,น.,"งานฉลองพิธีที่จัดขึ้นเป็นการฉลอง, อาหาร, การกินร่วม, งานเลี้ยง, การเลี้ยงอาหาร (ป., ส.)"
สมมต 0,ก.,รู้สึกนึกเห็นอย่างต่างว่า เช่น สมมุติว่า
สมมติ 0,ก.,รู้สึกนึกเห็นอย่างต่างว่า เช่น สมมุติว่า
สมมติสงฆ์ 0,ก.,สงฆ์โดยสมมุติ คู่กับอริยสงฆ์
สมมโนรถ 0,ก.,ได้หรือสำเร็จหรือเป็นไปดังใจปรารถนา
ส้มมอ 0,น.,สมอ มี ๒ อย่าง คือ ๑. ส้มมอดินหรือส้มมอพุ่มลูกเล็กรสขม = สมอตีงู ๒. ส้มมอใหญ่ = สมอไทย
ส้มโมง 0,น.,ต้นไม้ชนิดหนึ่ง ใบรสเปรี้ยว ภาคกลาง เรียก ชะมวง
สมยอม 0,ก.,"ต่างฝ่ายต่างยอมกัน, ตกลงปลงใจกัน"
สมโยค 0,น.,การเกี่ยวพันระหว่างผัวเมีย (ส.)
สมร 0,น.,"หญิงงาม, นางงามซึ่งเป็นที่รัก"
สมร 1,น.,"การรบ, การสงคราม"
สมร 2,น.,"กาารทรงจำ, การระลึก, ที่ระลึก, ความรัก, กามเทพ"
สมรด 0,น.,"ลายของเสื้อครุย, ผ้าที่ปักลายอย่างเดียว ใช้คาดเอว"
สมรภูมิ 0,น.,สนามรบ
สมรรถ 0,ว.,"สามารถ, องอาจ, แข็งแรง"
สมรรถนะ 0,น.,"กำลัง, ความสามารถ (ส.)"
สมรรถภาพ 0,น.,"ความสามารถ, ความแข็งขันในการทำงานได้ผลดี"
สมรเลข 0,น.,"สารรัก, จดหมาย"
สมรโลหะ 0,น.,ความหลงรัก
สมรศาสตร์ 0,น.,ตำราว่าด้วยความรัก
สมรส 0,ก.,"แต่งงาน, ทำพิธีให้บ่าวสาวเป็นสามีภรรยากัน ส่วนมากว่าเอาผัวเอาเมีย"
สมราคา 0,ว.,เหมาะ หรือควรแก่ค่าของเงิน
ส้มลม 0,น.,ไม้เถาชนิดหนึ่ง มีฝักเป็นคู่ ใบเกลี้ยง มียางมาก รสเปรี้ยว
สมเลข 0,ก.,รวมเข้าด้วยกัน
สมส่วน 0,ว.,ได้สัดส่วนดี
สมสัก 0,น.,เรียกชายที่มีอายุตั้งแต่ ๑๘ ปี ครบเกณฑ์สักข้อมือเข้าประจำการรับราชการแผ่นดินสมัยก่อนว่าเลกสมสัก
สมสู่ 0,ก.,การอยู่ร่วมกันฉันผัวเมีย
สมเสร็จ 0,น.,ชื่อสัตว์ชนิดหนึ่ง รูปร่างคล้ายหมู มีงวงยื่นออกมา เท้าหน้ามีนิ้วข้างละสี่ เท้าหลังมีนิ้วข้างละสามตัวขนาดลาเล็ก ๆ
ส้มเสี้ยว 0,น.,ไม้ต้นมี ๒ ชนิด ชนิดหนึ่งเป็นไม้พุ่มขนาดกลาง ใบดกหนาทึบใบเป็นแฝดแตกกลาง ออกดอกสีขาว มีฝักเล็ก ๆ และดูคล้ายแฝดติดกัน ใบมีรสเปรี้ยวและฝาด อีกชนิดหนึ่งเป็นไม้เถาใช้เปลือกทำปอได้
ส้มเสี้ยว 1,น.,ต้นไม้ชนิดหนึ่งคล้ายชงโค ผลและยอดมีรสเปรี้ยวกินได้
ส้มเสี้ยว 2,น.,"ชื่อพรรณไม้ประเภทหนึ่ง มี ๓ ชนิด คือ เสี้ยวส้ม คล้ายชงโคยอดมีรสเปรี้ยวกินได้, เสี้ยวโผ่และเสี้ยวเครื่อ = กาหลง"
สมหน้า 0,ว.,เหมาะ หรือควรแก่ฐานะ หรือเกียรติยศ
สมอ 0,น.,หิน (ข. ถมอ)
สมอ 1,น.,โลหะรูปคล้ายเบ็ด แต่ส่วนที่ยื่นออกไปมีข้าง ๒ ข้าง มีสายเป็นโซ่ หรือเชือก ใช้โยนลงในน้ำให้เกาะติดดินเพื่อจอดเรือ
สมอ 2,น.,ลูกฝ้าย เรียกสมอฝ้าย
สมอง 0,น.,มันสมอง ส่วนมากว่า กระหมอง โดยปริยาย หมายถึง สติปัญญา ความคิด
สมอร่องแร่ง 0,น.,เขม่าที่ติดอยู่ตามหิ้งบนเตาไฟ
ส้มออบแอบ 0,น.,ไม้เถาชนิดหนึ่งใบกรอบ มีรสเปรี้ยว
สมอ้าง 0,ก.,รับรองถ้อยคำที่เขากล่าว
ส้มโอ 0,น.,ชื่อส้มชนิดหนึ่ง
ส้มโอ 1,น.,ส้มชนิดหนึ่ง ผิวผลมีต่อมน้ำมัน กลิ่นฉุน ผลรสเปรี้ยว หรือหวาน ขนาดโตกว่าส้มเช้ง
สมฮู้ 0,ก.,"สมรู้ร่วมคิด, เป็นใจกัน"
ส้มโฮง 0,น.,ไม้ยืนต้นขนาดกลางถึงขนาดใหญ่ดอกเล็ก ๆ ออกเป็นช่อใหญ่ กลิ่นเหม็นเหมือนกลิ่นอุจจาระ ใช้ใบและเปลือกผลทำยาได้ เมล็ดทำน้ำมัน = สำโรง
สมัก 0,น.,"คนใช้, ข้าเฝ้า (ข.)"
สมัคร 0,ก.,"เข้าพวก, เข้าด้วย, อาสา, ยินยอม, ปลงใจ, เต็มใจ"
สมัครใจ 0,ก.,"เต็มใจ, ปลงใจ หรือยินยอมโดยเห็นดีด้วย"
สมัครสมาน 0,ก.,"ปรองดอง, สามัคคีกลมเกลียวกัน"
สมังคี 0,ว.,"ประกอบด้วย, บริบูรณ์ด้วย, พร้อมเพรียง"
สมัช 0,น.,"การประชุม, การพบปะ, การมหรสพ"
สมัชชา 0,น.,"การประชุมเพื่อประโยชน์อย่างใดอย่างหนึ่งโดยเฉพาะ, ที่ประชุม (ป.)"
สมัญญา 0,น.,"ชื่อ, สมญา (ป.)"
สมัญเญศ 0,น.,"ชื่อ, สมญา (ป.)"
สมัตถ์ 0,น.,ความสามารถ
สมัน 0,น.,ชื่อสัตว์สี่เท้าชนิดหนึ่งจำพวกเนื้อและกวาง
สมันต์ 0,ว.,"พร้อม, โดยรอบ, ใกล้เคียง (ป., ส.)"
สมัย 0,น.,"คราว, ยุค, ครั้ง, เวลาอันเหมาะ"
สมัยพร 0,น.,"พิธีเลือกคู่ของกษัตริย์สมัยโบราณ, การเลือกผัวของนางกษัตริย์สมัยโบราณ"
สมา 0,น.,"ปี (ป., ส.)"
สมา 1,ก.,"ขอขมา, ขอโทษผู้ใหญ่ ส่วนมากว่า สมมา"
สมาคม 0,น.,"แหล่ง หรือองค์การ ซึ่งเป็นที่ชุมนุมของคณะบุคคลโดยมีจุดมุ่งหมายบางประการ, ที่ประชุม, การพบปะ"
สมาคม 1,ก.,"คบหา, ติดต่อเกี่ยวข้อง (ป., ส.)"
สมาจาร 0,น.,"ความประพฤติ, ความประพฤติที่ดี, ประเพณี (ป., ส.)"
สมาช 0,น.,"ที่ประชุม, การประชุม, สมาคม (ป., ส.)"
สมาชิก 0,น.,"บุคคลซึ่งเป็นหน่วยหนึ่งของคณะบุคคล, บุคคลซึ่งเป็นลูกค้าหรือขาประจำ (ป., ส.)"
สมาทาน 0,น.,"การถือเอาหรือรับเอาเป็นข้อปฏิบัติอย่างการสมาทานศีล, ความมั่นหมาย"
สมาธิ 0,น.,"ความตั้งมั่นแห่งจิต, ความแน่วแน่ในการสำรวมใจ (ป., ส.)"
สมาน 0,ก.,"เชื่อมหรือทำให้ติดกัน, ทำให้สนิท, ผูกพัน เช่น สมานแผล, สมานไมตรี"
สมาน 1,ว.,"อันหนึ่งอันเดียวกัน, เหมือนกัน, เสมอกัน, เท่ากัน (ป., ส.)"
สมานคติ 0,น.,"การดำเนินอย่างเดียวกัน, การเห็นพ้องกัน"
สมานคุณ 0,น.,ความยินดีเท่ากัน
สมานโคตร 0,น.,"สกุลเดียวกัน, ครอบครัวเดียวกัน"
สมานฉันท์ 0,ก.,"เห็นพ้องกัน, พอใจร่วมกัน"
สมานชน 0,น.,คนชั้นเดียว หรือชาติเดียวกัน
สมานชาติ 0,ว.,เป็นชนิดเดียว
สมานสังวาส 0,น.,การอยู่ร่วมกัน (ใช้แก่พระสงฆ์ หมายความว่า ทำสังฆกรรมร่วมกันได้)
สมาบัติ 0,น.,"การบรรลุฌาน, การเข้าฌาน มี ๘ ชั้น คือ รูปฌาร ๔ อรูปฌาน ๔, ความสำเร็จ (ป., ส.)"
สมาโยค 0,น.,"การประชุม, การร่วม, การติดต่อ (ป., ส.)"
สมารมภ์ 0,น.,"ความพยายาม, ความตั้งใจ, การออกแรง, ประกอบกิจการ (ป., ส.)"
สมาส 0,น.,"การเอาศัพท์ตั้งแต่สองคำขึ้นไปมาต่อเป็นศัพท์เดียวกัน ตามหลักไวยากรณ์บาลี สันสกฤต, การประสม (ป., ส.)"
สม่ำเสมอ 0,ว.,"ราบเรียบ, เป็นปรกติ"
สมิง 0,น.,เสือซึ่งกลายร่างจากคนที่มีวิชาอาคมแก่กล้าเรียก เสือสมิง
สมิง 1,น.,"ตำแหน่งขุนนางผู้ใหญ่ฝ่ายรามัญ, คนเก่งกล้า, ผู้ปกครอง, เจ้าเมือง"
สมิงพราย 0,น.,"เจ้าผี, ผีซึ่งมีร่างเป็นเสือ"
สมิงมิ่งชาย 0,น.,"ชายผู้กล้าหาญ, ชายชาติทหาร"
สมิงสาว 0,น.,หญิงสาวผู้เก่งกล้า
สมิต 0,น.,"ใบไม้ ๓ ชนิด ที่ถวายพระเจ้าแผ่นดินในพิธีอภิเษก คือ ใบมะม่วง ใบทองและใบมะยม, กิ่งแห้งของต้นไม้บางชนิด เช่น ต้นโพธิ์ ใช้เป็นเชื้อไฟในพิธีโหมกูณฑ์ (ส.)"
สมิต 1,ว.,"ยิ้ม, เบิกบาน (ป.)"
สมิต 2,ว.,"ประสม, รวบรวม (ป., ส.)"
สมิติ 0,น.,"ที่ประชุม, สมาคม (ป., ส.)"
สมิทธิ์ 0,ว.,"สำเร็จพร้อม, สมบูรณ์, มั่นคง, สัมฤทธิ์ (ป.)"
สมิทธิ 0,น.,"ความสำเร็จพร้อม, ความมั่นคง"
สมี 0,น.,พระภิกษุผู้ที่ต้องอาบัติหนัก คือ ปาราชิก
สมีปะ 0,ว.,ใกล้ (ป.)
สมุก 0,น.,ถ่าน หรือเขม่าประสมขี้รักสำหรับทาสิ่งต่าง ๆ
สมุก 1,น.,ภาชนะสานชนิดหนึ่งก้นสี่เหลี่ยม ปากกลม มีฝาครอบสำหรับใส่สิ่งของต่าง ๆ
สมุจจัย 0,น.,"การรวบรวม, การสะสม, การพอกพูน, เป็นชื่อคัมภีร์บาลีคัมภีร์หนึ่ง"
สมุจเฉท 0,น.,"การตัดขาด, การละทิ้ง, การจำกัด (ป., ส.)"
สมุจเฉทปหาน 0,น.,การตัดกิเลสได้อย่างเด็ดขาดอย่างพระอรหันต์
สมุฏฐาน 0,น.,"การตั้งขึ้น, การเกิดขึ้น, ที่เกิด, ต้นเหตุ"
สมุด 0,น.,"กระดาษที่ทำเป็นเล่ม ส่วนมากมีเส้นบรรทัด, สมัยโบราณ หมายถึง หนังสือ"
สมุดข่อย 0,น.,สมุดไทยที่ทำด้วยเปลือกข่อย
สมุดไทย 0,น.,กระดาษข่อยที่พับเป็นชั้น ๆ
สมุทร 0,น.,ทะเล (ส.)
สมุทรก 0,น.,ชาวทะเล
สมุทรยาตร 0,น.,การเดินทะเล
สมุทรยาน 0,น.,เรือเดินทะเล
สมุทรเสนา 0,น.,"ทหารฝ่ายทะเล, ลูกเสือที่ฝึกวิชาการช่วยรบทางทะเล"
สมุทัย 0,น.,"ต้นเหตุ, ที่เกิด (ทุกข์) (ป., ส.)"
สมุน 0,น.,"ลูกน้อง, คนรับใช้, คนในบังคับ"
สมุน 1,น.,จากหรือกะแชง หรือใบไม้ที่ใช้มุงหลบหลังคา
สมุน 2,น.,หมอที่ทำพิธีเบิกไพรเพื่อป้องกันภัยในป่า
สมุน 3,น.,สวะหญ้า ขนาดใหญ่ที่ชายฝั่ง
สมุนพระราม 0,น.,"ลิง, เด็กที่ซุกซน"
สมุนไพร 0,น.,พืชที่ใช้ทำเครื่องยาซึ่งหาได้ตามพื้นบ้าน (ไม่นับเครื่องเทศ)
สมุลแว้ง 0,น.,ไม้ยืนต้นขนาดกลางถึงขนาดใหญ่ใบหนาคล้ายใบอบเชย เปลือกมีกลิ่นหอมฉุน ใช้ทำยามี ๒ ชนิด ชนิดหนึ่งเปลือกบาง อีกชนิดหนึ่งเปลือกหนา
สมุห์ 0,น.,"หมู่, กอง, ทั้งหมด, ที่ประชุม, หัวหน้า, ตำแหน่งพระฐานานุกรมหรือใบฎีกา"
สมุหกลาโหม 0,น.,ตำแหน่งข้าราชการชั้นอัครมหาเสนาบดีฝ่ายทหารครั้งโบราณ ส่วนมากว่า เมืองแสน
สมุหเทศาภิบาล 0,น.,ผู้สำเร็จราชการมฌฑลสมัยก่อน
สมุหนาม 0,น.,คำนามที่รวมเป็นพวก หรือหมวดหมู่
สมุหนายก 0,น.,ตำแหน่งข้าราชการชั้นอัครมหาเสนาบดีฝ่ายพลเรือนครั้งโบราณ ส่วนมากว่า เมืองจัน
สมุห์บัญชี 0,น.,หัวหน้าพนักงานบัญชี
สมุหประธาน 0,น.,เสนาบดีชั้นจตุสดมภ์ ครั้งโบราณ คือ เวียง วัง คลัง นา
สมุหพระราชพิธี 0,น.,หัวหน้าพระราชพิธี
สมุหองครักษ์ 0,น.,หัวหน้าองครักษ์
สมุหะ 0,น.,"หมู่, กอง, ทั้งหมด, ที่ประชุม, หัวหน้า, ตำแหน่งพระฐานานุกรมหรือใบฎีกา"
สมุุคค์ 0,น.,"ตลับ, กล่อง, หีบ, กระเช้า, ตะกร้า (ป.)"
สโมธาน 0,น.,"การประชุม, การรวมกัน (ป.)"
สโมสร 0,น.,สถานที่สำหรับร่วมประชุมคบหากัน
สโมสร 1,ก.,"ประชุม, ร่วมชุมนุม"
สโมสรสันนิบาต 0,น.,งานชุมนุมร่วมกันทางสังคม
สยด 0,ก.,"ครั่นคร้าม, หวาดเสียว, เสียวใจ"
สยดสยอง 0,ก.,"ครั่นคร้าม, หวาดเสียว, หวาดกลัว ขนพองสยองเกล้า"
สยดแสยง 0,ก.,"ครั่นคร้ามและขยะแขยง, น่ากลัวและน่าเกลียด"
สยนะ 0,น.,"ที่นอน, การนอน, การหลับ"
สยบ 0,ก.,"ซบลง ฟุบลง, ข่มลง"
สยมพร 0,น.,"พิธีเลือกคู่ของกษัตริย์สมัยโบราณ, การเลือกผัวของนางกษัตริย์สมัยโบราณ"
สยมภู 0,น.,"ผู้เกิดเองเป็นเอง, พระผู้เป็นเอง, พระพุทธเจ้า, พระอิศวร (ป.)"
สยอง 0,ก.,"หวาดกลัวจนขนลุกชูชัน, หวาดเสียว, ครั่นคร้าม"
สยอน 0,ก.,"หวาดเสียว, หวาดหวั่น, กลัว"
สยัมวรา 0,น.,หญิงที่เลือกคู่เองตามใจชอบ
สยาน 0,น.,"ที่นอน, การนอน, การหลับ"
สยาม 0,น.,"ชื่อเดิมของประเทศไทย, ประเทศไทย"
สยามรัฐ 0,น.,"ประเทศไทย, แคว้นไทย"
สยาย 0,ก.,"คลี่, คลาย, ขยาย, สางให้กระจายออก"
สยิว 0,ก.,รู้สึกหวิว ๆ ด้วยความเสียวซ่านหรือหวาดเสียว
สยุมพร 0,น.,"พิธีเลือกคู่ของกษัตริย์สมัยโบราณ, การเลือกผัวของนางกษัตริย์สมัยโบราณ"
สยุมภู 0,ว.,เป็นเองตามธรรมชาติ
สร 0,น.,"ศร, เสียง, ทำนาอง, หางเสียง"
สร 1,ว.,"จำได้, ระลึกได้, ทิพย์, แกล้วกล้า"
สร 2,ว.,"คำนำหน้าคำอื่นที่ใช้ในบทกลอนเพื่อให้สละสลวย เช่น สรดื่น, คำที่แผลงมาจากคำที่ขึ้นด้วยตัว ส ซึ่งใช้ในบทกลอน เช่น สนุก เป็น สรนุก"
สรก 0,น.,"จอก, ขัน (ป., ส.)"
สรง 0,ก.,"อาบน้ำ, รดน้ำ, ใช้สำหรับพระสงฆ์และเจ้านาย"
สรณคมน์ 0,น.,"การยึดเอาเป็นที่พึ่ง, ในพระพุทธศาสนาหมายถึง การถึงพระรัตนตรัย"
สรณะ 0,น.,"ที่พึ่ง, ที่พัก, ที่อาศัย, ส่วนมากหมายถึง พระพุทธ พระธรรม พระสงฆ์"
สรณะ 1,น.,"ความระลึก, ที่ระลึก, ความทรงจำ"
สรณาคมน์ 0,น.,"การยึดเอาเป็นที่พึ่ง, ในพระพุทธศาสนาหมายถึง การถึงพระรัตนตรัย"
สรดื่น 0,ว.,"เกลื่อนกลาด, ดาษดื่น"
สรทะ 0,น.,"ฤดูใบไม้ร่วง, สารทกาล (ป.)"
สรทึง 0,น.,แม่น้ำ
สรทึง 1,น.,"แม่น้ำ, ห้วย (ข.สตึง)"
สรนุก 0,ว.,สนุก
สรพะ 0,ว.,"ทั้งหมด, ทั้งปวง ใช้นำหน้าคำอื่น เช่น สรพางค์กายอวัยวะร่างกายทุกส่วน (ป.)"
สรพัน 0,ว.,"สารพัน, ทั้งหมด, ทั้งปวง"
สรภัญญะ 0,น.,"ทำนองสำหรับสวดคำที่เป็นฉันท์, ทำนองขับร้องทำนองหนึ่ง"
สรภู 0,น.,"จิ้งจก, ตุ๊กแก (ป.)"
สรร 0,ก.,"เลือก, คัด"
สรรค์ 0,น.,การสร้าง
สรรค์ 1,ก.,"สร้าง, แต่ง"
สรรทึง 0,น.,แม่น้ำ
สรรพ 0,ว.,"ทุกสิ่ง, ทั้งปวง, ทั้งหมด"
สรรพคุณ 0,น.,คุณสมบัติของสิ่งที่เป็นยา
สรรพนาม 0,น.,คำแทนชื่อ
สรรพางค์ 0,น.,"ทั่วร่าง, ทั่วตัว"
สรรเพชญ 0,น.,"ผู้รู้ทุกสิ่งทุกอย่าง, ผู้รู้แจ้ง, พระนามของพระพุทธเจ้า"
สรเลข 0,น.,ตำแหน่งข้าราชการหัวเมืองสมัยโบราณ
สรวง 0,น.,"ฟ้า, สวรรค์, เทวดา"
สรวง 1,ก.,"เซ่น, บูชา, บน"
สรวม 0,ก.,ขอ
สรวมชีพ 0,ก.,"ขอชีวิต, ของจงให้ชีวิตหรือปกป้องชีวิต"
สรวล 0,ก.,หัวเราะ
สรวลสันติ์ 0,ก.,หัวเราะด้วยความสุขใจ
สรวลเส 0,ก.,หัวเราะเฮฮา
สรเสริญ 0,ก.,"ยกย่อง, สรรเสริญ"
สรอย 0,ก.,"พูดเสริมขึ้นเมื่อลำตกบท หรือขัดจังหวะหมอลำเพื่อให้ขำขัน, ตลกสลับฉากหมอลำ"
สร้อย 0,น.,"เครื่องประดับที่ทำเป็นสายยาว ๆ ใช้คล้องคอ, ข้อมือ เป็นต้น"
สร้อย 1,น.,"หญิงคนรัก, ผู้หญิง"
สร้อย 2,น.,ชื่อปลาน้ำจืดชนิดหนึ่ง มีเกล็ด อยู่รวมกันเป็นฝูง ๆ
สร้อย 3,น.,ดอกไม้
สร้อย 4,น.,ขอคอสัตว์ เช่น สร้ายคอไก่
สร้อย 5,น.,คำที่เกิมหรือประกอบคำอื่นเพื่อให้ไพเราะหรือเต็มความ
สร้อย 6,ก.,"โศกเศร้า, หงอยเหงาเป็นทุกข์ไม่มีสุข"
สระ 0,ก.,"ละทิ้ง, ปล่อย, พลี เช่น สละชีพ"
สระ 1,น.,"บ่อน้ำขนาดใหญ่, แอ่งน้ำที่อยู่ระหว่างผา, แอ่งน้ำที่เกิดจากการขุด"
สระ 2,น.,"เสียง, เครื่องหมายพวกหนึ่งคู่กับพยัญชนะ"
สระ 3,ก.,"ชำระ, ฟอก, ล้าง โดยมากใช้กับร่างกาย, สละ, ปล่อย"
สระส่วย 0,ก.,"ชำระ, ล้าง, อาบ"
สร่าง 0,ก.,"หาย, ฟื้น, คลาย, ทุเลา ออกเสียงว่า ส่วง เช่น ส่วงไข้"
สร้าง 0,น.,"ที่ยกพื้น, พื้นที่ยกสูงไว้, ที่ยกพื้นสูงอยู่สี่มุมเมรุ สำหรับพระสงฆ์นั่งสวดอภิธรรม ซึ่งเรียกว่า คดสร้าง หรือ สำสร้าง"
สร้าง 1,ก.,"ก่อ, ปลูก, ทำให้เกิดหรือมีขึ้น"
สราญ 0,ว.,"สำราญ, เบิกบาน"
สราญจิต 0,ว.,"สำราญ, เบิกบาน"
สราญรมย์ 0,ว.,รื่นรมย์เบิกบานสำราญใข
สรีรกิจ 0,น.,การทำกิจเกี่ยวกับร่างกาย เช่น ถ่ายอุจจาระ
สรีรธาตุ 0,ก.,กระดูกของศพที่เผาแล้ว
สรีรวรรณ 0,น.,"สีกาย, ผิวพรรณ"
สรีรวิทยา 0,น.,ตำราว่าด้วยส่วนต่าง ๆ และหน้าที่ของร่างกาย
สรีรศาสตร์ 0,น.,ตำราว่าด้วยส่วนต่าง ๆ และหน้าที่ของร่างกาย
สรีรสัณฐาน 0,น.,"รูปร่าง, รูปพรรณสันฐาน"
สรีระ 0,น.,"ตัว, ร่างกาย, ศพ (ป.)"
สรุก 0,น.,เมือง (ข. หมู่บ้าน เขมร ออกเสียง สะเรอะ)
สรุกเกรา 0,น.,"บ้านนอก, ชาวบ้านนอก (ข.)"
สรุป 0,ก.,"รวมความ, รวบรัดเอาแต่ใจความ"
สรุสระ 0,ว.,"ขรุขระ, ไม่เรียบร้อย"
สรูป 0,ก.,"รวมความ, รวบรัดเอาแต่ใจความ"
สโรช 0,น.,"บัว, ดอกบัว (ส.)"
สฤษฎ์ 0,ก.,"ทำแล้ว, สำเร็จแล้ว, สร้างแล้ว (ส.)"
สฤษฎิ์ 0,น.,"การทำ, การสร้าง (ส.)"
สฤษฎี 0,น.,"การทำ, การสร้าง, การให้สำเร็จไป (ส.)"
สลด 0,ก.,"สิ้นสติ, หมดความรู้สึกตัว"
สลบไสล 0,ก.,"สิ้นสติไม่ติงกาย, หลับสนิทไม่รู้สึกตัว"
สลบเหมือด 0,ก.,สิ้นสติไม่รู้สึกตัว
สลวน 0,ก.,สาละวน ส่วนมากว่า สนละวน
สลวย 0,ว.,ลักษณะสิ่งที่ยาวอวบเรียงกันอยู่จำนวนมาก
สลวย 1,ว.,"ฉลวย, สวย, งาม มักใช้กับผมที่ยาวปะบ่า"
สลอง 0,ก.,"ฉลอง, ยกย่อง, สรรเสริญ, เสริมให้ดีขึ้น, ทำเป็นครั้งที่สอง"
สลอด 0,น.,ไม้พุ่มชนิดหนึ่ง ขนาดย่อมถึงขนาดกลาง สูงราว ๗-๘ ฟุต ใบกลมริมใบเป็นจักเล็ก ๆ มีใบเลี้ยง ใบมีสีสุก เหลืองแก่ ดอกเป็นช่อเล็ก ๆ สีขาว ผลกลมยาวเป็นสามพู ผลอ่อนสีเขียว ผลแก่สีเหลืองอมน้ำตาล เมล็ดเป็นยาถ่ายอย่างแรง
สลอดน้ำ 0,น.,ไม้เถาขนาดเล็กชนิดหนึ่งใบคายคล้ายใบข่อย ผลเล็ก ๆ คล้ายผลมะเดื่อ ทุกส่วนใช้ทำยาได้ ชอบขึ้นตามที่ลุ่มมีน้ำขัง
สลอดป่า 0,น.,ชื่อต้นไม้ชนิดหนึ่งเป็นต้นไม้ยืนต้นขนาดกลาง ใบโตคล้ายใบฝ้ายเทศ เด็ดใบออกจะเป็นใยขาว มียางมาก ดอกออกเป็นช่อสีแดง ผลกลมโตขนาดผลพุทรา ผลเขื่อง ๆ มี ๓ พู เมล็ดใน ๓ เมล็ดโตเท่าเมล็ดละหุ่ง เปลือกแข็งสีดำเมล็ดมีน้ำมัน รับประทานเป็นยาถ่ายอย่างแรง หรือ
สลอดใหญ่ 0,น.,ชื่อต้นไม้ชนิดหนึ่งเป็นต้นไม้ยืนต้นขนาดกลาง ใบโตคล้ายใบฝ้ายเทศ เด็ดใบออกจะเป็นใยขาว มียางมาก ดอกออกเป็นช่อสีแดง ผลกลมโตขนาดผลพุทรา ผลเขื่อง ๆ มี ๓ พู เมล็ดใน ๓ เมล็ดโตเท่าเมล็ดละหุ่ง เปลือกแข็งสีดำเมล็ดมีน้ำมัน รับประทานเป็นยาถ่ายอย่างแรง หรือ
สลอน 0,ว.,"ซึ่งอออยู่มากมาย, สล้าง, สะพรั่ง, ซึ่งชูขึ้นพร้อมกัน"
สลอย 0,ว.,งาม (ข.)
สละ 0,ก.,"ชำระ, ฟอก, ล้าง โดยมากใช้กับร่างกาย, สละ, ปล่อย"
สละ 1,น.,ชื่อต้นไม้ชนิดหนึ่งขึ้นเป็นกอ คล้ายระกำแต่ผลมีรสหวาน
สละ 2,น.,ปลาชนิดหนึ่งเป็นปลาทะเล มักทำเป็นปลาเค็ม
สละ 3,ก.,"ละทิ้ง, ปล่อย, พลี เช่น สละชีพ"
สละสลวย 0,ว.,"สวยงามกระทัดรัด, เหมาะเจาะ, ไพเราะ (ความเรียง)"
สลัก 0,น.,"ลิ่ม, หมุด, เครื่องกั้น หรือตรึงประตูหน้าต่างหรือสิ่งอื่นเพื่อไม่ให้เลื่อนหรือเปิดได้ ส่วนมากเรียก ไล"
สลัก 1,ก.,"แกะหรือเจาะให้ป็นรูปร่างหรือลวดลาย, สกัดกั้น, ดัก, จด, เขียนหรือบันทึก"
สลักเต้ 0,น.,ใบชา (ข.)
สลักป่า 0,น.,ชื่อหนึ่งของต้นยอป่า
สลักเพชร 0,น.,ไม้ที่เสียบเข้าในรูหัวลิ่ม หรือกลอนเพื่อไม่ให้ชักหรือดึงออกได้
สลักเพชร 1,น.,กล้ามเนื้อตรงตะโพกตอนที่ขายักไปยักมาได้
สลักสำคัญ 0,ว.,"สำคัญ, สำคัญมาก, สำคัญยิ่ง"
สลักเสลา 0,ก.,สลักให้เป็นลวดลายงดงาม
สลักหลวง 0,น.,ชื่อหนึ่งของต้นยอป่า
สลักหลัง 0,ก.,เขียนหรือจดบันทึกลงด้านหลังของจดหมายหรือรายงาน เป็นต้น
สลักหักพัง 0,ว.,ที่ชำรุดทรุดโทรมและหักพัง (ซากสิ่งปลูกสร้าง)
สลักแอก 0,น.,ลูกสลักที่ติดอยู่กับแอก เพื่อขัดเชือกทามที่รัดคอวัว
สลั้ง 0,ว.,ตั้งเรียงกันเป็นแถว
สลัดได 0,น.,ชื่อต้นไม้ชนิดหนึ่ง จำพวกกระบอกเพชรขึ้นเป็นกอใหญ่ ลำต้นเป็นสี่เหลี่ยมมีหนาม ต้นแก่เข้าก็จะตายเพราะเกิดมีแก่น เรียกว่า กระลำพัก ใช้ทำยา
สลับ 0,ก.,"สับเปลี่ยน, ทำให้อยู่ผิดที่, แทรก, คั่นเป็นลำดับ"
สลัม 0,น.,แหล่งที่คนจนรวมกันอยู่อย่างหนาแน่นแออัด (อ.)
สลัว 0,ว.,มีแสงมัว ๆ
สลา 0,น.,หมาก (ข.)
สลาก 0,น.,"ฉลาก เครื่องหมายใช้แทนสิ่งของสำหรับใช้ในการเสี่ยงทาย, วัตถุที่ใช้เสี่ยงโชค, ป้ายปิดขวดยา, บัตรเชิญ เช่น ไปใส่สลาก = ไปส่งบัตรเชิญ"
สลากกินแบ่ง 0,น.,สลากที่จำหน่ายแก่ผู้ถือเพื่อรับรางวัลในการเสี่ยงโชค โดยผู้จำหน่ายชักส่วนลดเป็นกำไร
สลากกินรวบ 0,น.,สลากที่จำหน่ายแก่ผู้ถือเพื่อรับรางวัลในการเสี่ยงโชคที่ผิดกฎหมาย = หวยใต้ดิน
สลากภัต 0,น.,อาหารถวายพระโดยวิธีจับฉลาก
สลากา 0,น.,"หมุด, ตะปู, ควง, ลิ่ม, แก่นใน, ซี่ลวด (ป.)"
สลาง 0,ว.,"ขัดขวาง, เกะกะ, สูญเสีย"
สล้าง 0,ว.,"ตั้งอยู่สูงเด่นเป็นหมู่เป็นพวก, ชูชันอย่างงดงาม, มาก"
สลาด 0,น.,ชื่อปลาน้ำจืดชนิดหนึ่ง ตัวแบน ๆ คล้ายปลากราย
สลาบ 0,น.,"ปีกของนก, ขก (ข.)"
สลาม 0,น.,การทำคารวะของอิสลาม
สลิง 0,น.,ลวดที่พันรวมกันเป็นเกลียว (อ.)
สลิด 0,น.,ไม้เถาชนิดหนึ่ง
สลิด 1,น.,"ชื่อหนึ่งของต้นไม้, ชื่อปลาน้ำจืดชนิดหนึ่ง คล้ายกระดี่ แต่ตัวโตกว่า เรียกให้สุภาพว่า ปลาใบไม้"
สลิด 2,น.,ต้นขจร หรือต้นขิก
สลิดขจร 0,น.,ไม้เถาชนิดหนึ่ง ใบและผลเหมือนต้นข้าวสารดอกเหลือง กลิ่นหอม =
สลึก 0,น.,ใบไม้ (ข.)
สลึง 0,ก.,ชื่อมาตราเงินเท่ากับ ๒๕ สตางค์
สลุต 0,ก.,"คำนับ, ทำความเคารพด้วยการยิงปืน เรียก ยิงสลุต (อ.)"
สลุบ 0,น.,เรือใบเดินทะเลชนิดหนึ่งแบบชาวตะวันตกเป็นเรือขนาดเล็ก มีเสาเดียว (อ.)
สลุย 0,ว.,สลัว
สแลง 0,น.,ถ้อยคำหรือสำนวนที่ใช้เข้าใจกันเฉพาะกลุ่มหรือชั่วระยะเวลาหนึ่ง ไม่ใช้ภาษาที่ยอมรับกันว่าถูกต้องตามหลักภาษา (อ.)
สวก 0,น.,สวิงขนาดเล็กชนิดหนึ่ง
สวก 1,ว.,มีเนื้อไม่แน่นและไม่ซุย (ใช้แก่ลักษณะผัวเผือกหัวมันและผลไม้บางชนิด)
สวก 2,ก.,"ตำ, ทิ่ม, แทง, กระซวก, สอด, เสือก"
สวก 3,ก.,พูดเปรียบเปรย เช่น สวกไลใยเล่น
ส่วง 0,ก.,"หลีกไป, พ้นไป, เล็ดลอดไปได้ ใช้ในการไล่สัตว์ป่าเข้าตาข่าย ที่เรียกว่า น่าง ถ้าสัตว์หลบหนีออกไปได้ทางตาข่าย เรียกว่า ส่วงน่าง ถ้าหลบหนีออกไปทางหัวหน้าคนล้อม เรียกว่า ส่วงโยง"
สวง 0,ก.,"งงงวย, สงสัย"
ส้วง 0,น.,สีข้าง หรือชายโครง
ส้วง 1,น.,"โพรง, ช่อง, ทวารหนัก"
ส่วงเรือ 0,ก.,"แข่ง, แข่งขัน เช่น ส่วงเรือ = แข่งเรือ"
ส่วงวะ 0,ว.,"โล่งอก, โล่งใจ, สบายใจ"
สวด 0,ว.,"นูนขึ้น, ยื่นออก, โปน"
สวด 1,ก.,ว่าเป็นทำนองอย่างพระสวดมนต์
สวด 2,ก.,"(ปาก) นินทาว่าร้าย, ดุด่า, ว่ากล่าว"
สวดยับ 0,ก.,ต่อว่าหรือตำหนิป่นปี้
สวน 0,น.,"บริเวณที่ปลูกต้นไม้จำนวนมาก ซึ่งกั้นเป็นขอบเขตไว้ โดยปริยาย หมายถึงสถานที่ซึ่งมีลักษณะเช่นนั้นในบางกรณี เช่น สวนงู, สวนสัตว์"
ส่วน 0,น.,"เลขจำนวนเต็มที่อยู่ใต้เศษ, สิ่งที่แบ่งออกจากส่วนใหญ่, เศษย่อย, ตอน, ขนาดที่พอเพาะพอดี"
สวน 1,ก.,"เดินเข้าหากันและผ่านเลยไปในทางตรงกันข้าม, ทวนกลับ, โต้กลับ ฉีด หรือปล่อยให้น้ำยาไหลตามสายยางเข้าสู่ทวาร"
ส่วน 1,น.,เหล็กสำหรับเจาะชนิดหนึ่ง เรียก เหล็กส่วน = เหล็กหมาด
ส่วน ๆ 0,ว.,"ขวักไขว่, วุ่นวาย, สลวน"
สวนกัน 0,ก.,เคลื่อนไปและมาตรงข้ามในเส้นทางเดียวกัน
สวนครัว 0,น.,ที่ปลูกพืชเล็ก ๆ น้อย ๆ ไว้หลังบ้าน มักเป็นพืชผักไว้ปรุงอาหาร เช่น ตะไคร้ โหระพา เป็นต้น
สวนความ 0,ก.,พูดสอดขึ้นในขณะที่คนอื่นกำลังพูด ส่วนมากว่า เว้าสวนความ
ส่วนได้ส่วนเสีย 0,น.,ประโยชน์ที่ควรได้ ควรเสีย ซึ่งมีอยู่ในส่วนรวม
ส่วนทาง 0,ก.,เคลื่อนไปและมาตรงข้ามในเส้นทางเดียวกัน
สวนแทง 0,ก.,แทงตอบทันที
ส่วนบุญ 0,น.,บุญที่แบ่งให้หรืออุทิศให้
ส่วนแบ่ง 0,น.,จำนวนที่ควรจะได้รับร่วมกัน
สวนปากสวนคำ 0,ก.,"ว่าโต้ตอบกันไปมา, สอบปากคำเพื่อยันกันดู"
สวนไล 0,น.,เครื่องดนตรีชนิดหนึ่ง หรือปี่ที่พญาแถนให้ขุนบรมมา
ส่วนสน 0,ว.,"สับสน, วุ่นวาย"
สวนสนาม 0,น.,พิธีของกองทหารตำรวจ หรือลูกเสือที่เดินแถวผ่านผู้บังคัญบัญชาผู้เป็นประธานในการตรวจพล
สวนสนุก 0,น.,แหล่งที่มีการละเล่นนานาชนิดเพื่อให้ประชาชนเข้าไปพักผ่อนหย่อนใจ
สวนสัตว์ 0,น.,ที่รวบรวมสัตว์นานาชนิดไว้
สวนหมัด 0,ก.,ชกตอบทันที
สวนอาชญ์อุทิยาน 0,น.,สวนหลวง = ราชอุทยาน
สวนะ 0,น.,"การฟัง, หารไหลไป, เทไป (ป., ส.)"
สวนาการ 0,น.,อาการฟัง
สวนีย์ 0,น.,"คำที่น่าฟัง, คำไพเราะ ส่วนมากใช้ เสาวนีย์"
สวบ 0,น.,เสียงดังอย่างเวลาก้าวย่างไปในดงหญ้าหรือใบไม้
สวบ 1,ว.,อาการที่กินอย่างตะกละตะกลาม
สวบ 2,น.,เอาปากงับไว้ = ฮุบ เช่น หมาสวาบหมางับ หรือ ปลาสวาบเหยื่อ = ปลาฮุบเหยื่อ
สวม 0,ก.,"ใส่, อ้าแขนโอบ เช่น สวมกอด"
ส้วม 0,น.,"ห้องนอน, ห้อมที่กั้นไว้สำหรับลูกสาวลูกเขยโดยเฉพาะ"
ส้วม 1,น.,ที่ถ่ายอุจจาระปัสสาวะ
สวมรอย 0,ก.,ทำทีให้คนอื่นเข้าใจว่าตนเองเป็นตัวจริง
สวย 0,น.,กระสวยที่ใช้ในการทอผ้า
ส่วย 0,น.,"ชื่อชนชาติหนึ่งพูดภาษาตระกูลมอญ เขมร, ส่วนมากเรียกว่า กุย อยู่ในท้องที่จังหวัดศรีสะเกษ และสุริทร์ มีบางส่วนอยู่ในท้องที่อำเภอเมือง จังหวัดสุพรรณบุรี"
ส้วย 0,ก.,"ทำให้เรียว, ทำให้แหลม"
สวย 1,ก.,"เสียดสี, กระทบกระทั่ง"
ส่วย 1,น.,"ของที่เรียกเก็บจากพื้นเมือง ส่งเป็นภาคหลวงตามวิธีเรียกเก็บภาษีอากรในสมัยโบราณ, เครื่องราชบรรณาการที่เมืองขึ้นต้องส่งให้แก่เมืองที่ชนะ"
ส้วย 1,ว.,"เรียวลงจนจวนจะสิ้นสุด, ลักษณะที่เป็นมุมเล็กลง"
สวย 2,ว.,"งาม, น่าดู, น่ารัก"
ส่วย 2,ก.,"ชำระ, ล้าง เช่น ส่วยหน้า = ล้างหน้า, ส่วยคีง = เอาน้ำลูบตัว"
ส่วย 3,ก.,"ส่วยข้าว, เขี่ย, สง (ดู สว่าย)"
สวยลวย 0,ว.,ลักษณะสิ่งที่ยาวอวบเรียงกันอยู่จำนวนมาก
สวยลวย 1,ว.,"ฉลวย, สวย, งาม มักใช้กับผมที่ยาวปะบ่า"
สวยลวย 2,ว.,สวยงาม = สลวย
ส่วยไฮ 0,น.,สิ่งของต่าง ๆ
ส่วยไฮ 1,น.,ภาษีอากรที่เก็บมาให้รัฐ
ส่วยไฮ 2,น.,"สิ่งของที่มอบให้, เวนคืนให้"
สวรรค์ 0,น.,"โลกของเทวดา, เมืองฟ้า"
สวรรคต 0,ก.,"ไปสู่สวรรค์, ตาย"
สวรรคาลัย 0,ก.,"ไปสู่สวรรค์, ตาย"
สวรรยา 0,น.,สมบัติ
สวะ 0,น.,"ผักตบชวาที่ลอยตามน้ำ, ผักหญ้าหรือสิ่งต่าง ๆ ที่ลอยไปมาตามน้ำ"
สวะสวาง 0,ว.,"โล่งอก, โล่งใจ, สบายขึ้น"
สวะสวาง 1,ว.,"โล่งอก, โล่งใจ, สบายใจ"
สวั่น 0,น.,"เหล็กสำหรับเจาะชนิดหนึ่งทำเป็นเกลียว, ส่วนมากเรียก เหล็งส่วน = สว่าน"
สวัสดิ์ 0,น.,"ความสะดวก, ความสุข, โชค, ลาภ"
สวัสดิการ 0,น.,กิจที่จะอวยความสุข ความเจริญ
สวัสดิภาพ 0,น.,ความผาสุกและปลอดภัยจากอันตราย
สวัสดิมงคล 0,น.,สิ่งที่เป็นมงคลให้ความสุขสวัสดี
สวัสดิรักษา 0,น.,สิ่งที่เป็นมงคล ช่วยคุ้มครองให้ความสุขสวัสดี
สวัสดี 0,น.,"ความดี, ความงาม, คำทักทายเมื่อพบกันหรือก่อนจาก"
สวัสติการ 0,น.,ลายกากบาทปลายหักมุมขวา ใช้เป็นเครื่องหมายแห่งความสงบสุขมาแต่โบราณ มีลักษณะคล้ายจักรพระนารายณ์
สวา 0,น.,ลิง (ข.)
สวาง 0,น.,"สาง, ผี"
สว่าง 0,ว.,"เริ่มต้นเวลาเช้า, กระจ่าง, แจ้ง, แจ้ง, ทุเลา, ลงใช้กับอาการป่วย, ส่วนมากว่า สว่าง"
สวาง 1,ว.,"เริ่มต้นเวลาเช้า, กระจ่าง, แจ้ง, แจ้ง, ทุเลา, ลงใช้กับอาการป่วย, ส่วนมากว่า สว่าง"
สว่าง 1,ว.,"คลาย, ถอย, บรรเทา"
สวาด 0,น.,ชื่อต้นไม้ชนิดหนึ่งเป็นเถายืนต้นต้นและกิ่งก้านสาขา เต็มไปด้วยหนามแหลมคม ใบเล็ก คล้ายใบมะเกลือ ดอกสีเหลืองออกเป็นช่อเล็ก ยาวราว ๑๕ - ๒๕ ซม. เม็ดกลมเปลือกแข็งสีเทาเจอเขียว
สวาด 1,ว.,สีเทาปนเขียว เรียกว่า สีสวาด
สวาด 2,ว.,ฉลาด เช่น เสียวสวาด
สวาดิ 0,น.,ชื่อดาวฤกษ์ที่ ๑๕ มี ๕ ดวง
สวาดิ 1,ว.,"งาม, เปิดเผย, ดี"
สวาท 0,ว.,สีเทาปนเขียว เรียกว่า สีสวาด
สวาท 1,น.,"ความอร่อย, ความหวาน, ความน่ารัก, ความงดงาม"
สวาท 2,ก.,"รักใคร่, ชื่นชม, ยินดี"
สวาท 3,ว.,"น่ารัก, น่ายินดี"
สวาทเสวย 0,ว.,น่าภิรมย์ชื่นชมมาก
สวาทุ 0,ว.,"หวาน, อร่อย, โอชา, น่าเสพ, เหมาะ, น่ารัก, น่ายินดี, พึ่งใจ"
สวาธิยาย 0,น.,"การสาธยาย, การท่อง, การเล่าบ่น, การสวด"
สวาน 0,น.,"เสียง, ความอึกทึก, ความเอ็ดอึง"
สว่าน 0,น.,"เครื่องมือที่ใช้เจาะรูด้วยการหมุน, เรียกเหล็กแหลมที่ทำเป็นเกลียวถอดเข้าออกได้ว่า"
สว้าน 0,ก.,ลมแดกขึ้น อันเป็นอาการไข้หนัก จวนจะสิ้นใจ
สวาบ 0,น.,เอาปากงับไว้ = ฮุบ เช่น หมาสวาบหมางับ หรือ ปลาสวาบเหยื่อ = ปลาฮุบเหยื่อ
สวาปาม 0,น.,เอาปากงับไว้ = ฮุบ เช่น หมาสวาบหมางับ หรือ ปลาสวาบเหยื่อ = ปลาฮุบเหยื่อ
สวามิ 0,น.,"เจ้า, เจ้าของ, ผู้ใหญ่, ผัว, สมณศักดิ์พระสงฆ์ในศรีลังกา"
สวามิภักดิ์ 0,ก.,"ยอมตนหรือมอบตนอยู่ใต้อำนาจ, มอบความซื่อตรงจงรักให้, ภักดีต่อเจ้า"
สว่าย 0,ก.,"สง, หย่ง, เช่น สว่ายเข้า"
สวาย 0,น.,มะม่วง (ข.)
สวาย 1,น.,ชื่อปลาน้ำจืดชนิดหนึ่งไม่มีเกล็ด ตัวยาวคล้ายปลาเทโพ
สวายสอ 0,น.,ชื่อมะม่วงชนิดหนึ่ง ซึ่งมีสีขาวนวล (ข.) ส่วนมากเรียกหมากม่วงกระสอ
สวาหะ 0,น.,คำกล่าวเมื่อจบการเสกเป่า
สวาหาย 0,น.,คำกล่าวเมื่อจบการเสกเป่า
สวิง 0,น.,เครื่องช้อนจับปลาชนิดหนึ่งถักเป็นร่างแหมีไม้ทำเป็นขอบวงกลม
สสุระ 0,น.,"พ่อตา, พ่อผัว"
สห 0,ว.,"ด้วยกัน, พร้อม, ร่วม, ร่วมกัน"
สหกรณ์ 0,น.,"งามร่วมมือกัน, การงานที่ช่วยกันทำ, วิธีการอย่างหนึ่งร่วมมือกันก่อตั้งดำเนินการและบริหารโดยคณะบุคคลมีวัตถุประสงค์ที่จะช่วยเหลือซึ่งกันและกันและหาผลประโยชน์ร่วมกัน"
สหจร 0,น.,"ผู้ร่วมทาง, เพื่อสหาย"
สหชาติ 0,ว.,"ผู้เกิดวันเดือนปีเดียวกัน, ผู้เกิดร่วมปีกัน"
สหชาติ 1,น.,สายรก (ราชาศัพท์)
สหธรรม 0,น.,"ธรรมอันเดียวกัน, กฎหรือความเชื่อถืออันเดียวกัน"
สหบาน 0,น.,การดื่มร่วมกัน
สหบาล 0,น.,"การรวมกันเพื่อให้ความคุ้มครอง, หน่วยงาน หรือองค์การเพื่อทำกิจใด ๆ ร่วมกัน"
สหัชชะ 0,น.,"สหาย, ผู้เป็นเพื่อนกัน"
สหัมบดี 0,น.,ชื่อท้าวมหาพราหมณ์องค์หนึ่ง
สหัสสธารา 0,น.,"ละอองน้ำ, ฝอยน้ำ, สุหร่าย, เครื่องโปรยน้ำให้เป็นฝอยในการอภิเษก ปริยายหมายถึงการสรงน้ำของพระเจ้าแผ่นดิน"
สหัสสนัยน์ 0,น.,พันดา หมายถึง พระอินทร์
สหัสสเนตร 0,น.,พันดา หมายถึง พระอินทร์
สหัสสรังสี 0,น.,พันแสง หมายถึง พระอาทิตย์
สหัสสะ 0,ว.,หนึ่งพัน คือ สิบร้อย
สหัสา 0,ว.,"โดยเร็ว, ทันใด"
สหาย 0,น.,"เพื่อนร่วมสุขร่วมทุกข์, เพื่อน"
ส่อ 0,ก.,"ช่างฟ้อง, พูดเป็นเลศนัย, ส่อเสียด, ส่อสน"
ส้อ 0,ก.,"ซักถาม, ไล่เลียง"
สอ 0,น.,"ปูนเขาที่ประสมกับทรายเพื่อก่อสร้าง, ชื่อโกฐชนิดหนึ่งใช้ทำยาไทย"
สอ 1,?,ดู สอ
สอ 2,ก.,"ประดังกัน เช่น วิ่งสอ ๆ , ไหลออกมาออกัน เช่น น้ำลายสอ"
สอ 3,ว.,ขาว เช่น ดินสอพอง
สอกสอย 0,ว.,"ไม่สง่า, ต๊อกต่อย"
สอกหลีก 0,น.,"มุมลับ, มุมอับ"
ส่อง 0,ก.,"เพ่งมอง เช่น ส่องกล้อง, ฉาย หรือส่งประกายออกมา เช่น แสงส่อง, แดดส่อง, ทำให้เห็น หรือให้สว่างโดยสิ่งที่มีแสงสว่าง เช่น ไฟส่อง, ตะเกียงส่อง"
สอง 0,ก.,"ฉลอง, ยกย่อง, สรรเสริญ, เสริมให้ดีขึ้น, ทำเป็นครั้งที่สอง"
ส้อง 0,น.,ซ่อง (กลอน)
สอง 1,ว.,จำนวนหนึ่งบวกหนึ่ง
ส้อง 1,ก.,"ทำพิธีทรงเจ้าเข้าผีเพื่อพยากรณ์และรักษาคนไข้, กระทืบพื้นด้วยความไม่พอใจ, ผูกไมตรี, คบหา, ขึ้นต่อกัน"
ส่องกะจก 0,ก.,"มองดูเงาตัวเองในกระจก เพื่อความเรียบร้อย, ส่วนมากว่า แยงแว่น"
สองคอน 0,น.,สองแคว
ส่องทาง 0,ก.,ฉายแสงหรือส่องตะเกียงให้เห็นทางเดิน
ส่องเบิ่ง 0,ก.,สังเกตดู
ส่องฟ้า 0,น.,ต้นไม้ชนิดหนึ่ง = โปรงฟ้า
ส้องสุม 0,ก.,ซ่องสุม
ส้องเสพ 0,ก.,ซ่องเสพ
ส้องแส้ง 0,ว.,อาการเดินโซเซไปมาอย่างคนเหล้า หรืออิโรย ขนาดใหญ่ว่า โส้งเส้ง
สอด 0,ก.,"เสือกหรือใส่เข้าไปในช่องหรือในระหว่างที่พอ ๆ กัน, แทรกเข้าไปในระหว่างกลาง, เสาะหา"
สอดคล้อง 0,ว.,"ต้องกัน, พ้องกัน, ประสานกัน"
สอดแทรก 0,ก.,"ใส่ไว้ในระหว่าง, พูดแรก, ยื่นมือเข้าไปยุ่งด้วย"
สอดแนม 0,ก.,"ลอบเข้าไปสืบความลับ, สำรวจลาดเลาและดูกำลังฝ่ายตรงข้าม"
สอดเว้า 0,ก.,"พูดแซง, พูดแทรกเข้าไปในระหว่างที่เขากำลังพูดกันอยู่"
สอดส้วย 0,ว.,กลมเรียว
สอดส่อง 0,ก.,"ตรวจตราดู, พิจารณา"
สอดแส้ว 0,ก.,"หนี, หลบหลีก, เลี้ยวไปมา"
สอน 0,ก.,"แนะนำ, ถ่ายทอดวิชาความรู้ให้, ให้รู้ดีรู้ชั่ว, โบราณหมายถึง เรียนรู้, ฝึกหัด, เอาอย่าง"
ส่อน 0,ว.,"เรียกจุดขาวที่แววตาดำว่า ส่อน (ดู ตา), เรียก ผลไม้ที่มีจุดแข็งเป็นตาปลาว่า หมากไม้ส่อน"
ส้อน 0,น.,เครื่องมือจับปลาชนิดจำพวกไซ แต่ไม่มีงา
ส้อน 1,ก.,เอาสวิง หรือของอื่นควานเอาของในน้ำ เช่น ส้อนปลา = ช้อนปลา
ส้อนขวัญ 0,ก.,กระทำพิธีเรียกขวัญคน โดยการเอาสวิงหรือผืนผ้าช้อน
สอนคลาน 0,ก.,เริ่มหัดคลาน
สอนความผู้ใหญ่ 0,ก.,"เลียนแบบ, เอาอย่าง"
สอนง่าย 0,ว.,แนะนำตักเตือนเชื่อฟังดี
สอนบ่าว 0,ว.,เริ่มเป็นหนุ่ม
สอนปาก 0,ก.,เริ่มหัดพูด
สอนยาก 0,ว.,แนะนำตักเตือนไม่ค่อยเชื่อฟัง
สอนย่าง 0,ก.,"เปลี่ยนที่, เคลื่อนที่ไป, เช่น ย้ายบ้าน, หัดเดิน (ใช่แก่เด็กเล็ก) เช่น เด็กน้อยกำลังย้าย"
สอนย่าง 1,ก.,เริ่มหัดเดิน
สอนลอน 0,ว.,สลอน
สอนเว้า 0,ก.,เริ่มหัดพูด
สอนสาว 0,ว.,เริ่มเป็นสาว
สอบ 0,ก.,"ตรวจ, ไล่เลียง, ทอดลองดู, วัดดู"
สอบเส็ง 0,ก.,สอบแข่งขัน
สอพลอ 0,ก.,คล้อยตามเพื่อให้ชอบ
ส้อม 0,น.,เหล็กที่มีสองหรือสามง่ามปลายแหลม มีด้ามยาวใช้แทงสัตว์
ส้อม 1,ก.,"ปาดหรือถากให้แหลมเพื่อให้ดูงาม เช่น ส้อมหมากพร้าว, ส้อมอ้อย"
ส้อมคันนา 0,ก.,แต่งคันนาให้ได้แนวก่อนปักตำ
ส้อมแปลง 0,ก.,ซ่อมแซม
สอย 0,ก.,"พูดเสริมขึ้นเมื่อลำตกบท หรือขัดจังหวะหมอลำเพื่อให้ขำขัน, ตลกสลับฉากหมอลำ"
ส้อย 0,ก.,ทำให้ฉีกขาดเป็นเส้น ๆ
ส้อย 1,ว.,ซึ่งฉีกขาดเป็นเส้น ๆ
สอยลอย 0,ว.,"ซึ่งอออยู่มากมาย, สล้าง, สะพรั่ง, ซึ่งชูขึ้นพร้อมกัน"
สอยลอย 1,ก.,"คล้อยตามเขา, พูดส่งเสริมผู้อื่น"
สอยลอยนำ 0,ก.,"คล้อยตามเขา, พูดส่งเสริมผู้อื่น"
สอยวอย 0,ว.,"แฉล้ม, แช่มช้อย, สดชื่น, สวยงาม"
ส่อแส่ 0,ว.,"เริ่มปรากฎขึ้น, ก่อหวอด, เสียงดังเบา ๆ อย่างเสียงน้ำเริ่มเดือด"
สะ 0,น.,บ่อที่ขุดขังน้ำไว้ใช้ บางถิ่นออกเสียงยาวเป็นสา ส่วนมากเรียก หนองสา
สะ 1,ก.,วิด หรือสาด (ใช้แก่น้ำ) เช่น สะปลา = วิดน้ำเอาปลา
สะกด 0,ก.,"กั้นไว้, ข่ม, หักห้าม เช่น สะกดใจ, เขียนหรือบอกตัวอักษรที่ประกอบเป็นคำ, ทำให้หลับโดยอาศัยอำนาจเวทมนตร์ เช่น สะกดทัพ, ทำให้เคลิบเคลิ้มอยู่ในอำนาจ เช่น สะกดจิต"
สะกอ 0,ว.,"หนุ่ม เช่น ฮุ่นสะกอ, รวมกันอยู่เป็นพวก ๆ"
สะกอย 0,ว.,"จะงอย, ปากของสัตว์ที่มีปีก"
สะกิด 0,ก.,"เอาปลายนิ้วสะกิดเบา ๆ ให้รู้สึกตัว, เขี่ยแล้วตวัดขึ้นเบา ๆ ด้วยสิ่งของที่มีปลายแหลม, เตือน เช่น สะกิดใจ"
สะเก็ด 0,น.,"ชิ้นย่อยที่แตกแยกจากชิ้นใหญ่, ชิ้นย่อยของเปลือกไม้หรือท่อนไม้ที่ถากออก, เลือดหรือหนองแห้งติดกรังอยู่ที่ปากแผล ส่วนมากเรียก เก็ด"
สะแก 0,น.,ชื่อต้นไม้ชนิดหนึ่งเป็นไม้ยืนต้นขนาดกลาง ใบโตขนาดใบทองหลาง ดอกเป็นกลีบสี่กลีบ เมล็ดคล้ายข้าวเปลือก เนื้อไม้ใช้ทำฟืน ทุกส่วนใช้ทำยาได้
สะแก 1,น.,ชื่อการพนันชนิดหนึ่ง คล้ายสะกา
สะแกวัลย์ 0,น.,ไม้เลื้อยชนิดหนึ่งคล้ายสะแก
สะแกแสง 0,น.,ชื่อไม้ยืนต้นขนาดย่อม ถึงขนาดกลาง ดอกคล้ายคลึงกับ ดอกกระดังงาไทย ใช้เนื้อไม้ปรุงสูบแก้ริดสีดวงจมูก
สะคร้อ 0,น.,"ต้นตะคร้อ หรือสะคร้อ ซึ่งมีหลายชนิด เช่น ค้อเขียว, ค้อแลน, ค้อโลน (ผลไม้มีหนาม) ค้อหม้อ"
สะคราญ 0,น.,"นางงาม, หญิงงาม"
สะคราญ 1,ว.,"งาม, สวย"
สะค้าน 0,น.,ชื่อไม้เถาชนิดหนึ่ง เนื้อไม้เป็นเส้นยาว ๆ ตามเถา ใบคล้ายใบรางจืด ใช้ใบและเถาทำยา
สะง้า 0,น.,ชื่อเห็ดชนิดหนึ่งดอกใหญ่รสอร่อย แต่เบื่อเมา
สะงาบ 0,ก.,อ้าปาก หุบปากช้า ๆ เหนื่อยหอบหรือใกล้ตาย
สะงาบสะเงย 0,ก.,อ้าปาก หุบปากช้า ๆ เหนื่อยหอบหรือใกล้ตาย
สะงาว 0,ว.,"สะเทิน, ครึ่ง ๆ กลาง ๆ , ส่วนมากว่า กะเทิน"
สะเงาะสะแงะ 0,ว.,เปะปะไปมาอย่างคนเมาเหล้า
สะแงะ 0,น.,ชื่อผักชนิดหนึ่ง = สะระแหน่
สะเจา 0,ว.,"เศร้าโศก, เดือนร้อน, กลุ้มใจ"
สะใจ 0,ก.,"หนำใจ, สาแก่ใจ"
สะดม 0,ก.,ขโมยโดยวางยา หรือใช้คาถาอาคมให้หลับ
สะดวก 0,ว.,"คล่อง, ไม่ติดขัด"
สะดวกดาย 0,ว.,อย่างง่ายมาก
สะดวกสะบาย 0,ว.,"เป็นสุขกาย เป็นสุขใจ, ราบรื่น"
สะดวง 0,น.,ชื่อโรคพวกหนึ่งมีหลายชนิด เช่น เกิดในช่องตาและทวารหนัก
สะดองดึง 0,น.,ไม้เถาชนิดหนึ่ง หัวใช้ทำยาได้
สะดำ 0,ว.,ขวา (ข.)
สะดึ้น 0,ว.,ลักษณะที่สั่นเทา ๆ
สะดุ้ง 0,น.,เครื่องมือจับปลาชนิดหนึ่ง รูปคล้ายยอ
สะดุ้ง 1,ก.,ไหวตัวขึ้นทันทีเพราะตกใจ
สะดุด 0,น.,"สิ่งที่กระทบร่างกายโดยไม่ได้ตั้งใจ เช่น ตอ, รากไม้, หิน"
สะดุด 1,ก.,"กิริยาที่ปลายเท้าไปชนหรือเตะสิ่งอื่นโดยไม่ได้ตั้งใจ, สะกิดหรือกระทบ เช่น สะดุดใจ"
สะเด็ด 0,ก.,"ทำให้น้ำปห้งโดยเร็ว, แห้งสนิท, ทำให้น้ำออกหมด เช่น ปั้นผ้าให้สะเด็ด = บิดผ้าเปียกให้น้ำแห้ง"
สะเด็ด 1,ว.,"หมด, สิ้น, ตก, เคลื่อน (ใช้แก่ดาว) เช่น ดาวสะเด็ด = ดาวตก หรือผีพุ่งใต้"
สะเด็ด 2,ว.,"ยิ่งดี, เด็ดขาด"
สะเดา 0,น.,ไม้สะเดา
สะเดาดิน 0,น.,พืชชนิดหนึ่งเกิดตามพื้นดินแฉะ ๆ และทุ่งนา ใช้เป็นผักกินได้รสขม
สะเดาะ 0,ก.,"ทำให้หลุดด้วยคาถาอาคม เช่น สะเดาะกลอน, ทำให้เบาลง หรือหลุดพ้นไป เช่น สะเดาะเคราะห์"
สะเดิด 0,ก.,"ผวา, สะดุ้ง, สะดุ้งกลัว, ตื่น"
สะเดือก 0,ก.,"รู้ตัว, ฉุกคิด, เฉลียวใจ"
สะแด 0,ก.,"กระสับกระส่าย, ทุรนทุราย, อึดอัน, กลุ้ม"
สะตือ 0,น.,ชื่อต้นไม้ขนาดใหญ่ชนิดหนึ่ง พุ่มกว้างมากปลูกเป็นไม้ร่มได้ดี เกิดตามริมน้ำในภาคกลางและภาคอีสาน ดอกขาว ๆ ออกเป็นช่อยาว ผลกลม ๆ แบน ๆ ทุกส่วนใช้ทำยาได้
สะแตก 0,ก.,"กินมาก, กินไม่เลือก = จะกละจะกลาม"
สะทก 0,ก.,"ตดใจ, ประหม่า, รู้สึกเกรงกลัว"
สะท้าน 0,ว.,"หนาวสั่น, สะเทือน, สั่น, ก้อง"
สะทิ่น 0,ว.,"เหมือน, ดัง"
สะทึก 0,ก.,"ใจเต้นตึก ๆ , ระทึก"
สะทึง 0,น.,แม่น้ำ
สะเทิน 0,ว.,"สะเทิน, ครึ่ง ๆ กลาง ๆ , ส่วนมากว่า กะเทิน"
สะนอย 0,น.,ชื่อหวายชนิดหนึ่งใช้แทนไม้เรียว
สะนาก 0,น.,กรรไกรชนิดหนึ่ง สำหรับหนีบหมาก หรือเคี้ยวกับหมาก เรียกมีดสะนาก
สะนุ 0,น.,ข้าวเปลือกที่ติดค้างอยู่ในฟ่อนข้าวที่นวดแล้ว เรียกเข้าสะนุ
สะนู 0,น.,เครื่องทำเสียงชนิดหนึ่ง สำหรับติดหัวว่าวตุ๋ยตุ่ย เพื่อให้เกิดเสียงดังเวลาถูกลมพัด
สะนู 1,น.,หุ่นรูปวัวที่ปั้นด้วยขี้ผึ้ง หรือโลหะ เสกคาถากำกับ แล้วปล่อยให้ไปทำอันตรายผู้อื่น เรียกงัวสะนู หรืองัวธนู
สะเนง 0,น.,เขาสัตว์ที่ทำเป็นกระบอก หรือกลักบรรจุดินปืน = เสนง
สะเนือน 0,ก.,"ไหวไปถึง, สั่นถึง"
สะเนือน 1,ก.,"หวั่นไหว, สั่งไปถึง = สะเทือน"
สะแนน 0,น.,"ยาน, คานหาม"
สะแนน 1,น.,แคร่หรือกระดาน สำหรับผู้หญิงนอนเวลาอยู่ไป = กระดานไฟ
สะโน 0,น.,พรรณไม้จำพวกหนึ่ง ชอบเกิดในน้ำ ดอกสีเหลือง = โสน
สะไน 0,น.,เครื่องเป่าชนิดหนึ่ง ทำด้วยเขาความย เจาะรูใส่ลิ้นตรงกลางสำหรับนักคล้องช้าง ใช้เป่าเรียกช้างต่อเวลาไปคล้องช้าง
สะบะ 0,น.,ตะกร้อ (ข.)
สะบัก 0,น.,ส่วนของร่างกายถัดบ่าลงไปข้างหลัง
สะบักสะบอม 0,ก.,บอบช้ำเต็มที่
สะบัด 0,ก.,"เหวี่ยง, สลัด, กระพือ, ทำให้หลุด"
สะบั้น 0,ก.,สั่นสะท้านเพราะกลัวหรือหนาว
สะบั้น 1,ก.,ขาด หรือหลุดออกจากกัน (ดู บั้น)
สะบั้น 2,ว.,"ดุเดือด, เผ็ดร้อน เช่น ชกสะบั้น, ด่าสะบั้น"
สะบั้นสั่นสาย 0,ก.,สั่นสะท้านเพราะกลัวหรือหนาว
สะบั้นสั่นสาย 1,ก.,สั่นเพราะความกลัว
สะบุ 0,ว.,"ตููม (ใช้แก่ดอกไม้) โดยปริยายหมายถึง งาม, น่ารัก, สะฟู, จุบุ"
สะบู 0,น.,"ดอกบัว, เต้านม"
สะบู 1,น.,ปืน
สะบู 2,น.,สิ่งที่ผลิตขึ้นสำหรับใช้ชำระล้างและฟอกผ้าให้สะอาด
สะบูขาว 0,น.,ชื่อต้นไม้ชนิดหนึ่งเป็นต้นไม้ยืนต้นขนาดกลาง ใบโตคล้ายใบฝ้ายเทศ เด็ดใบออกจะเป็นใยขาว มียางมาก ดอกออกเป็นช่อสีแดง ผลกลมโตขนาดผลพุทรา ผลเขื่อง ๆ มี ๓ พู เมล็ดใน ๓ เมล็ดโตเท่าเมล็ดละหุ่ง เปลือกแข็งสีดำเมล็ดมีน้ำมัน รับประทานเป็นยาถ่ายอย่างแรง หรือ
สะบูแดง 0,น.,"ชื่อไม้เถาชนิดหนึ่ง ใบคล้ายใบฝ้ายสีเขียวปนแดง ดอกออกเป็นช่อสีแดง ผลเป็นพู ๆ เมล็ดมีน้ำมันรับประทานเป็นยาถ่ายอย่างแรงมีชื่อเรียกต่าง ๆ เช่น สะบูเลือด, ละหุ่งแดง, สลอดแดง"
สะบูเลือด 0,น.,ว่านชนิดหนึ่งเชื่อกันว่ามีสรรพคุณในทางคงกะพัน
สะบูหลวง 0,น.,ปืน
สะเบียง 0,น.,เสบียง
สะแบก 0,น.,หนัง (ข.)
สะแบง 0,น.,ไม้ตะแบง
สะไบ 0,น.,"ผ้าแถบ, ผ้าห่มเฉียงบ่าของผู้หญิง (ข.)"
สะพรั่ง 0,ว.,"พร้อม, ไสว, สล้าง"
สะพรึงกลัว 0,ว.,น่ากลัว
สะพัก 0,ก.,ห่มผ้าเฉียงบ่า
สะพัง 0,น.,"แอ่ง, บ่อ, สระ, หนอง"
สะพัง 1,น.,"บ่อน้ำ, สระน้ำ"
สะพัด 0,น.,สายรัดท้องช้าง
สะพาก 0,ว.,"พร้อม, ไสว, สล้าง"
สะพาน 0,น.,สิ่งก่อสร้างสำหรับข้ามน้ำข้ามคลอง บางทีทำยื่นลงไปในน้ำสำหรับขึ้นลง
สะพาบ 0,ว.,พังพาบ
สะพาบ 1,ว.,"พร้อมกัน, เหมือนกัน"
สะพาย 0,ก.,"ห้อยบ่า, แขวนบ่า"
สะพู่ 0,ว.,มากมาย
สะเพา 0,น.,อ้อยชนิดหนึ่งเรียก อ้อยตะเภา
สะเพา 1,น.,มันชนิดหนึ่ง (ดู ตะเภา)
สะเพา 2,น.,นั่งร้าน
สะเพิงกลัว 0,ว.,น่ากลัว
สะโพก 0,น.,ส่วนอวัยวะเบื้องหลังถัดบั้นเอวลงไป
สะโพก 1,น.,ตะโพก
สะใภ้ 0,น.,"หญิงที่เข้ามาเกี่ยวดองกับวงศ์ญาติฝ่ายชายทางสมรส เช่น ลูกสะใภ้ = เมียของลูกชาย, อาสะใภ้ = เมียของอาผู้ชาย, ป้าสะใภ้ = เมียงของลุง, พี่สะใภ้ = เมียของพี่ชาย พี่นางก็เรียก คำสะใภ้นี้ส่วนมากเรียกใภ้"
สะมัก 0,ก.,"สำลัก เช่น เข้าสะมักน้ำ, คนสะมักน้ำ"
สะมั่ง 0,น.,ไม้เถาชนิดหนึ่ง ใบคล้ายใบกระดังงาไทย ดอกออกเป็นช่อใหญ่แรกออกสีขาว แก่เข้าจะเปลี่ยนเป็นสีแดงเข้ม จึงดูเป็นสีแดงกับสีขาวสลับกัน = เล็บมือนาง
สะเม่น 0,ก.,อาการที่กล้ามเนื้อกระตุกเต้นเบา ๆ อย่างเปลือกตาชั้นล่าง หรือชั้นบนเต้น เป็นต้น
สะเม่น 1,ก.,อาการที่กล้ามเนื้อกระตุก เต้นเบา ๆ ขึ้นเอง เช่น ตากะเม่น = ตาเขม่น
สะเม่น 2,ก.,เป็นอาการกระตุกของกล้ามเนื้อและเปลือกตา
สะแม่ง 0,ก.,"เกือบตาย, สลบ มักใช้คู่กับตายว่า สะแม่งตาย"
สะแม่ง 1,ว.,"เกือบ, จวน, ใกล้"
สะไล 0,ก.,"สาละวน, ยุ่ง"
สะวะสว่าง 0,ว.,"สบายใจ, โล่งใจ"
สะสม 0,ก.,"รวบรวม, พอกพูน, เก็บงำ, สั่งสม"
สะสวย 0,ว.,"งามอย่างเหมาะเจาะ, สวย"
สะส่วย 0,ก.,"ล้าง, ชำระ"
สะสาง 0,ก.,"ทำให้หายยุ่ง, ทำให้ถูกต้องได้เป็นระเบียบ, พิจารณาให้แจ้งชัด"
สะหน่อย 0,ว.,"เล็กน้อย, นิดหน่อย"
สะหม่อยดง 0,น.,ผีป่าชนิดหนึ่ง มักพูดรวมกับผีก่องก่อย ว่า ก่องก่อยสะหม่อยดง
สะหวอย 0,ก.,"เป็นลม, สลบ"
สะหวอยเข้า 0,น.,โรคหิวเมื่อไม่ได้กินข้าว มีอาการอ่อนเพลียมาก เหงื่อไหลทั่วร่างกาย เรียกว่า ปวดกะแซเข้า
สะหาว 0,ว.,"อวดเก่ง, หยิ่ง, ผยอง"
สะหาว 1,ว.,"อวดเก่ง, จองหอง"
สะแหก 0,น.,หนังสัตว์ (ข.)
สะออน 0,ก.,"ชอบใจ, พอใจ, พลอยยินดีด้วย, คำชม"
สะอาง 0,ว.,งามสะอาดหมดจด = สำอาง
สะอาง 1,ว.,"น่าเกลียด, น่าเบื่อหน่าย (ข.)"
สะอาด 0,ว.,"หมดจด, ผ่องใส, ไม่สกปรก, ไม่มีตำหนิ, ปราศจากมลทิน. บริสุทธิ์"
สะอ้าน 0,ว.,"สะอาด, หมดจด, มักใช้ควบว่าสะอาดสอ้าน"
สะอิ้ง 0,น.,สายรัดเอว เป็นเครื่องประดับสำหรับผู้หญิง ส่วนมากว่า สะเอง
สะอึกสะอื้น 0,ก.,หายใจเข้าออกถี่ ๆ เวลาร้องไห้ มีชะงักเป็นตอน ๆ
สะอื้น 0,ก.,หายใจเข้าออกถี่ ๆ เวลาร้องไห้ มีชะงักเป็นตอน ๆ
สะเอง 0,น.,สายรัดเอว เป็นเครื่องประดับสำหรับผู้หญิง ส่วนมากว่า สะเอง
สะเออะ 0,ก.,"เอาไข่กับปลาร้าผสมกันใส่กะทะตั้งไฟให้สุกโดยไม่ต้องใช้น้ำมัน, หลน"
สะเออะ 1,ก.,สะอึก
สะเออะ 2,ก.,"เสนอหน้าโดยเขาไม่ต้องการ, แสดงอาการเกินฐานะ, ทะลึ่ง"
สะแอก 0,น.,เวลาพรุ่งนี้ (ข.)
สะโอดสะอง 0,ว.,งามอย่างมีรูปร่างระหง
สะฮวน 0,น.,พรรณไม้ดอกชนิดหนึ่ง = ต้นสารภี
สัก 0,น.,ชื่อต้นไม้ชนิดหนึ่ง เนื้อไม้แข็งและคงทน ปลวกไม่กิน เหมาะแก่การสร้างบ้านเรือนและทำเครื่องใช้ ใบและเนื้อไม้ใช้ทำยา
สัก 1,ก.,"เอาของแหลมปักลง แทงลง, เอาของแหลมจุ่มหมึกแทงลงตามผิวหนังให้เป็นลวดลายติดอยู่"
สัก 2,ว.,"เพียง, ราว, ประมาณ เช่น สัก ๒-๓ ที"
สักกะ 0,น.,"กษัตริย์เชื้อพระวงศ์ของพระพุทธเจ้า (ป., ส.)"
สักกะ 1,น.,พระอินทร์
สักกะ 2,น.,ชื่อแคว้น ๆ หนึ่งในอินเดียโบราณ
สักกะยาน 0,ก.,"เผ่น, พู่ง, กระโจน"
สักกะโยง 0,ก.,กระโดดโลดเต้น เช่น ม้าสักกะโยง
สักกะลัน 0,ก.,ตำข้าวครกกระเดื่องด้วยจังหวะเร่ง
สักกัจจะ 0,ว.,ด้วยความเคารพนับถือ
สักกาย 0,น.,"กายของตน, ตัวของตน"
สักกายทิฐิ 0,น.,"ความยึดถือว่ากาย หรือตัวเป็นของตน, ความเห็นเป็นเหตุถือตัว"
สักการะ 0,น.,เครื่องที่นำมาแสดงความเคารพบูชา
สักการะ 1,ก.,"เคารพบูชา, แสดงคารวะด้วยดอกไม้ธูปเทียน เป็นต้น"
สักขรา 0,น.,"ของเป็นกรวด, กรวด, น้ำตาลกรวด (ส.)"
สักขี 0,น.,ชื่อไม้ยืนต้นขนาดกลางชนิดหนึ่ง แก่นีน้ำตาลแก่ รสเผ็ดฝาด ใช้ทำยา
สักขี 1,น.,พยานผู้รู้เห็นด้วยตาตนเอง (ป.)
สักคะโยง 0,ก.,กระโดดสูง หรือเต้นสูง
สักคะโยง 1,ก.,กระโดดโลดเต้น เช่น ม้าสักกะโยง
สักยะ 0,น.,"กษัตริย์เชื้อพระวงศ์ของพระพุทธเจ้า (ป., ส.)"
สักเลก 0,ก.,ทำเครื่องหมายสักเพื่อแสดงเป็นหลักฐาน เช่น สักข้อมือ แสดงว่าได้ขึ้นทะเบียนเป็นชายฉกรรจ์ หรือเป็นเลกมีสังกัดกรมกองแล้ว
สักสุ่ม 0,ก.,สุ่มปลา
สักหลาด 0,น.,ผ้าที่ทำด้วยขนสัตว์ โดยการทอ หรืออัด
สักหลุ้ม 0,ก.,"ใช้ไม้หรือวัตถุอื่นที่ปลายแหลมทิ่มดินให้เป็นรูแล้วหยดพันธุ์เมล็ดพืช เช่น เมล็ดถั่ว, เมล็ดข้าวโพดลงไปปลูก"
สัง 0,ว.,"อะไร, ทำไม"
สัง 1,น.,ต้นไม้ชนิดหนึ่งมีหนามคล้ายต้นมะตูม มีลูกคล้ายมะขวิดกินได้
สั่ง 0,ก.,"บอกให้ทำหรือปฏิบัติ, บงการ, บัญชา, บอกไว้อาลัยในการที่จากไป, พ่นออก เช่น สั่งน้ำมูก"
สัง 2,น.,ชื่อต้นไม้ชนิดหนึ่ง ดอกสีขาว ยอดใช้เป็นผัก ผลคล้ายผลมะขวิด
สัง 3,ว.,"อะไร, ทำไม, ไฉน เช่น เฮ็ดสัง = ทำอะไร, สังบ่มา = ทำไมไม่มา"
สัง 4,น.,เป็นคำนำหน้าผู้วายชนม์แล้ว เช่น สังพ่อสังแม่
สังกด 0,ว.,"ปรากฏ, ดูเหมือน"
สังกดว่า 0,ว.,ปรากฏว่า
สังกร 0,น.,"ความปะปน, ความคาบเกี่ยว"
สังกรณี 0,น.,ชื่อต้นไม้เล็ก ๆ ชนิดหนึ่ง เป้นต้นไม้ล้มลุก ต้นเตี้ยแจ้แผ่ไปตามพื้นดิน ใบคล้ายใบต้อยติ่ง เครือมีเมล็ดออกจากข้อต้น ขั้วใบเป็นคู่ ๆ โคนเล็กปลายโต
สังกรประโยค 0,น.,ประโยคสมบูรณ์ที่มีเอกรรถประโยคหรือประโยคย่อยหลายประโยครวมกัน
สังกราช 0,น.,"ศักราช, ปี เช่น สังกราชสังขานต์ล่อง = สิ้นปีเก่าขึ้นปีใหม่, เรียกการเทศน์บอกวัน เดือน ปี ก่อนการเทศน์มหาชาติว่า เทศน์สังกราช (สังกาด)"
สังกะตัง 0,ว.,"พันกันยุ่งจนเป็นปม, สางหรือแก้ไม่ค่อยจะออก, ส่วนมากใช้แก่ผม"
สังกะวาด 0,?,ดู ยอน
สังกะสี 0,น.,ปลากัดลูกผสม ระหว่างลูกป่ากับลูกทุ่ง เรียก ลูกสังกะสี
สังกะสี 1,น.,"โลหะชนิดหนึ่งมีลักษณะแข็งสีเขียวคราม เป็นธาตุลำดับที่ ๓๐ , เหล็กแผ่นบางชุบสังกะสี ใช้มุงหลังคา หรือทำประโยชน์อย่างอื่น"
สังกัด 0,ก.,"ขึ้นตรงต่อ, อยู่ในอาณัติ, รวมอยู่ (ข. สงกัด)"
สังกา 0,น.,ความสงสัย
สังเกต 0,น.,"ความกำหนด, การนัดแนะ, ความตกลง (ป., ส.)"
สังเกต 1,ก.,"การพิจารณา, กำหนดไว้, หมายไว้"
สังข์ 0,น.,เปลือกหอยชนิดหนึ่ง ซึ่งใช้สำหรับเป่าในงานมงคลและใช้หลั่งน้ำมนต์ในงานพิธี เป็นหอยน้ำเค็มยาว ๖-๑๒ นิ้ว
สังขกร 0,น.,ผู้มีสังข์อยู่ในมือ คือ พระนารายณ์
สังขตะ 0,น.,สิ่งที่เกิดขึ้นโดยธรรมมชาติมีชีวิต
สังขยา 0,น.,"การนับ, การคำนวณ, จำนวน (ป., ส.)"
สังขยา 1,น.,ชื่อขนมชนิดหนึ่งทำด้วยไข่น้ำตาลทรายและกะทิ
สังขานต์ 0,น.,"สงกรานต์, นักขัตฤกษ์ขึ้นปีใหม่ (ส.)"
สังขาร 0,น.,"เครื่องปรุงแต่ง, ส่วนทั้งปลายของร่างกาย, ขันธ์กองหนึ่งในขันธ์ ๕"
สังขารทุกข์ 0,น.,ความยากแห่งชีวิต
สังขารธรรม 0,น.,สภาพของธรรม
สังขารโลก 0,น.,"ชุมนุมแห่งสังขารทั้งปวง, โลกแห่งสิ่งทั้งปวง"
สังเขป 0,น.,"เรื่องที่ย่อ, การย่อ, เนื้อหา (ป.)"
สังเขป 1,ว.,โดยย่อ
สังค์ 0,น.,"ความข้องอยู่, ความเกี่ยวพัน, ความยึดเหนี่ยว"
สังคม 0,น.,การคบค้าสมาคม
สังคโลก 0,น.,ชื่อถ้วยชามแบบเก่า สมัยสุโขทัยคู่กับเบญจรงค์
สังคหะ 0,น.,"การรวบรวม, การสะสม, การเก็บงำ, ความสังเขป, การช่วยเหลือ"
สังคัง 0,น.,เชื้อโรคผิวหนังชนิดหนึ่งเกิดแก่เด็กหนุ่มแตกเป็นสะเก็ดมีน้ำเหลืองเยิ้มที่ขาหนีบ
สังคาตา 0,น.,พ่อ (ข.)
สังคาม 0,น.,สงคราม
สังคายนะ 0,น.,"การสวดเป็นแบบเดียวกัน, การประชุมชำระ"
สังคายนะ 1,ก.,สะสาง
สังคายนาย 0,ก.,สะสาง
สังคีต 0,น.,การร้องรำทำเพลงและดนตรี
สังคีติ 0,น.,"การสวดเป็นแบบเดียวกัน, การประชุมชำระ"
สังคีติ 1,ก.,สะสาง
สังเค็ด 0,น.,ทานวัตถุเช่น ตู้ โต๊ะ ฯลฯ ที่รวมกันถวายแก่พระสงฆ์ที่เทศน์ หรือบังสุกุลในการปลงศพ
สังฆกรรม 0,น.,กิจที่พระสงฆ์ทำรวมกัน
สังฆการี 0,น.,"เด็กวัด, ศิษย์วัด"
สังฆการี 1,น.,"ผู้ทำการสงฆ์, เจ้าพนักงานผู้ทำหน้าที่เกี่ยวกับสงฆ์ในงานหลวง"
สังฆการี 2,น.,"เด็กวัด, ผู้ทำหน้าที่ช่วยเหลือพระสงฆ์ที่อยู่ในวัดเป็นประจำ"
สังฆเถระ 0,น.,ภิกษุผู้เป็นใหญ่ในพระสงฆ์หมู่หนึ่ง ๆ
สังฆทาน 0,น.,ทานที่ทายกถวายแก่พระสงฆ์ไม่เจาะจงเฉพาะรูปใดรูปหนึ่ง
สังฆนายก 0,น.,หัวหน้าพระสงฆ์ตำแหน่งรองจากสังฆราช
สังฆปาโมกข์ 0,น.,หัวหน้าสงฆ์
สังฆภัต 0,น.,อาหารที่ทายกนำไปถวายแก่สงฆ์
สังฆเภท 0,น.,"การทำลายสงฆ์, การทำให้สงฆ์แตกหมู่แตกคณะกัน"
สังฆมณฑล 0,น.,อาณาจักรสงฆ์
สังฆมนตรี 0,น.,พระภิกษุสงฆ์ชั้นผู้ใหญ่มีหน้าที่บริหารงานของคณะสงฆ์รวมกันเป็นคณะมีสังฆนายกเป็นหัวหน้า
สังฆราช 0,น.,ตำแหน่งผู้เป็นใหญ่ในสังฆมณฑล
สังฆะ 0,น.,"หมู่, ฝูง ในพระพุทธศาสนา หมายถึง หมู่ภิกษุตั้งแต่สี่รูปขึ้นไป"
สังฆาฏิ 0,น.,ผ้าที่พาดบ่าบนจีวร
สังฆาทิเสส 0,น.,ชื่ออาบัติหนักกองหนึ่งรองจากปาราชิก
สังฆานุสติ 0,น.,การระลึกถึงคุณของพระสงฆ์ (ป.)
สังยุค 0,น.,"การติดต่อ, การร่วม, การเทียมรถ"
สังโยค 0,น.,"การสะกดตัวหนังสือ, ตัวพยัญชนะที่ซ้อนกัน"
สังโยค 1,น.,ชื่อคำสวดภาษาบาลีทำนองหนึ่งลงเสียงหนักตามตัวสะกด
สังโยชน์ 0,น.,เครื่องผูกรัด หมายเอากิเลสที่ผูกคนไว้กับวัฏสงสาร
สังวร 0,น.,"ความระวัง, การป้องกัน"
สังวร 1,น.,"สำรวม, ระมัดระวัง"
สังวัจฉระ 0,น.,ปี (ป.)
สังวัธยาย 0,ก.,"ท่องบ่น, อ่านดัง ๆ เพื่อให้จำได้ ส่วนมากว่า สวาธิบาย"
สังวาด 0,ว.,"แบบอย่าง, ทำนอง, ท่าทาง"
สังวาล 0,น.,สร้อยเครื่องประดับชนิดหนึ่งใช้คล้องสะพายแล่ง
สังวาส 0,น.,"การอยู่ร่วมกัน, การร่วมประเวณี"
สังวาส 1,ก.,ร่วมประเวณี
สังเวช 0,น.,"ความสลดใจ, ความสงสารเวทนาในความทุกข์ของผู้อื่น"
สังเวช 1,ก.,"สมเพช, เวทนาในความทุกข์ของผู้อื่น, สลดใจ"
สังเวย 0,ก.,"บวงสรวง, เซ่นสรวง"
สังเวียน 0,น.,"คอก หรือวงล้อมสำหรับเป็นที่ต่อสู้, สนามต่อสู้"
สังสการ 0,น.,พิธีการเกี่ยวกับการปลงศพ
สังสดมภ์ 0,น.,"การต้านทาน, เครื่องค้ำจุน, ความดื้อดึง"
สังสนทนา 0,ก.,"การพูดจาหารือกัน, คุยกัน"
สั่งสนทนา 0,ก.,"การพูดจาหารือกัน, คุยกัน"
สั่งสม 0,ก.,"สะสม, เก็บรวบรวมไว้"
สังสรรค์ 0,น.,"การร่วมกัน, ปนกัน, การคบค้าวิสาสะ"
สั่งสอน 0,ก.,"สอน, แนะนำตักเตือน, อบรม, ชี้แจงให้เข้าใจ"
สังสาร 0,ก.,"สงสาร (ป., ส.)"
สังหร 0,ก.,"ชักนำใจ, ดลใจ, ชวนให้คิดไปว่าจะมีอะไรเกิดขึ้น"
สังหรณ์ 0,น.,"สิ่งแปลกใจที่เกิดขึ้นโดยไม่คาดคิด เรียกว่า ""ลางหรือสงหรณ์"""
สังหาร 0,น.,"การทำลาย, การล้างผลาญ, การฆ่า"
สังหาริมทรัพย์ 0,น.,"ทรัพย์ที่เคลื่อนที่ได้, ทรัพย์ที่นำไปได้ เช่น เงิน ทอง วัว ความย เป็นต้น"
สังฮอม 0,ก.,"เก็บรวบรวมไว้, ออมไว้"
สังฮอมธาตุ 0,น.,ชื่อคัมภีร์เรื่องหนึ่งว่าด้วยธาตุนิพพานและเรื่องราวในพระพุทธศาสนา
สังฮอมธาตุ 1,น.,เก็บกระดูกของผู้ตายบรรจุไว้ที่ใดที่หนึ่ง เช่น ในเจดีย์
สัจ 0,น.,"ของจริง, ความจริง, การรักษาคำพูด"
สัจ 1,ว.,"จริง, จริงแท้"
สัจจะ 0,น.,"ของจริง, ความจริง, การรักษาคำพูด"
สัจจะ 1,ว.,"จริง, จริงแท้"
สัญจร 0,น.,"ช่องทาง, ถนน, การผ่านไปมา"
สัญจร 1,ก.,"เดินไปมา, เที่ยวไป, ผ่านไปมา"
สัญชาต 0,ก.,"เกิดเอง, เป็นเอง, เกิดขึ้น"
สัญชาติ 0,น.,ผู้ที่อยู่ในบังคับแห่งกฎหมายของประเทศเดียวกัน
สัญญา 0,น.,"ความรู้สึก, ความจำได้, ข้อตกลงกัน"
สัญญา 1,ก.,ทำความตกลงกัน
สัญญาณ 0,น.,เครื่องหมาย
สัญญาบัตร 0,น.,ใบตั้งยศ หรือบรรดาศักดิ์ ซึ่งพระเจ้าแผ่นดินทรงแต่งตั้ง
สัญญาวิปลาส 0,ว.,มีสติฟั่นเฟือนคล้ายคนบ้า
สัญญี 0,ว.,"มีความจำได้, มีความรู้สึก"
สัณฐาน 0,น.,"ทรวดทรง, ลักษณะ"
สัณฑ์ 0,น.,"สนฑ์, ราวป่า"
สัด 0,น.,ภาชนะใช้เป็นเครื่องตวงดินปืนในสมัยโบราณ
สัด 1,ก.,"สัด, ผสมพันธุ์ (ใช้แก่สัตว์) เช่น งัวเซิงกัน"
สัต 0,ว.,เจ็ด (ป.)
สัตตนาค 0,น.,ชื่อเมืองเวียงจันทน์สมัยโบราณ
สัตตบงกช 0,น.,ชื่อบัวชนิดหนึ่งสีแดง
สัตตบุษย์ 0,น.,ชื่อบัวชนิดหนึ่งดอกสีขาว
สัตตะ 0,ว.,เจ็ด (ป.)
สัตตันติปิฎก 0,น.,ชื่อปิฎหนึ่งในปิฎกทั้งสาม
สัตตา 0,น.,หมู่สัตว์
สัตตาหกาสิก 0,น.,ของที่ใช้บริโภคชั่วคราวเพียง ๗ วัน
สัตตาหะ 0,น.,"เจ็ดวัน, สัปดาห์"
สัตถะ 0,น.,"คัมภีร์, ตำรา"
สัตถะ 1,น.,"อาวุธ, มีด, หอก"
สัตถา 0,น.,"ผู้สอน, ศาสดา หมายถึง พระพุทธเจ้า"
สัตถุ 0,น.,"ผู้สอน, ศาสดา หมายถึง พระพุทธเจ้า"
สัตถุศาสนา 0,น.,คำสั่งสอนของศาสดา
สัตบรรณ 0,น.,ไม้ต้นจำพวกหนึ่งมี ๒ ชนิด ชนิดหนึ่งเป็นต้นไม้ใหญ่ โดยปกติมีเจ็ดใบ อีกชนิดหนึ่งเป็นต้นไม้ขนาดย่อมกว่ามักขึ้นอยู่ตามชายน้ำดอกสีขาว ลูกกลมกินได้
สัตบัวรภัณฑ์ 0,น.,"ภูเขาที่ล้อมรอบเขาพระสุเมรุมีชั้น ๗ ชั้น ว่า คือ ยุคนธร, อิสินทร, กรวิก, สุทัส, เนมินทร, วินตกะ, อัสกัณ, เรียกเขาสัตบริภัณฑ์ หรือสัตปัวรภัณฑ์"
สัตภีสช์ 0,น.,ชื่อดาวฤกษ์ดวงที่ ๒๔ ในราศีกุมภ์ (นิยมเขียน สัตพีสช์)
สัตมวาร 0,น.,"วันที่ครบเจ็ด, สัปดาห์หนึ่ง"
สัตมะ 0,ว.,ที่เจ็ด
สัตย์ 0,น.,"คำสัญญา, คำสาบาน, ความซื่อตรง"
สัตย์ 1,ว.,"จริง, แท้, ซื่อตรง"
สัตยาธิษฐาน 0,น.,การตั้งความจริงใจเป็นหลักอ้าง
สัตยาบัน 0,ก.,"อ้างความสัตย์, ยืนยันข้อตกลง, รับรองข้อตกลง"
สัตว์ 0,น.,"สิ่งมีชีวิตที่เคลื่อนไหวไปเองไว้, ดิรัจฉาน"
สัตวแพทย์ 0,น.,หมอรักษาสัตว์
สัตวโลก 0,น.,หมู่สัตว์ที่เกิดในโลก
สัตสดก 0,น.,หมวดละเจ็ดร้อย
สัทธรรม 0,น.,"พระธรรม, ธรรมของสัตบุรุษ หรือคนดี"
สัทธา 0,น.,"ความเชื่อ, ความเชื่อในลัทธิ"
สัทธาจจริต 0,น.,"ผู้มีความเชื่อเป็นเจ้าเรือน, ผู้มีนิสัยเชื่อง่าย"
สัทธิงวิหาริก 0,น.,คำเรียกผู้ที่ได้รับการอุปสมบทจากอุปัชฌาย์และอยู่ร่วมกับอุปัชฌาย์นั้น
สัทธินทรีย์ 0,น.,"ความมีใจเชื่อ, ความเลื่อมใส"
สัทธิวิหาริก 0,น.,คำเรียกผู้ที่ได้รับการอุปสมบทจากอุปัชฌาย์และอยู่ร่วมกับอุปัชฌาย์นั้น
สั่น 0,ก.,"เหยียบหนัก ๆ ซ้ำ ๆ , ตีกลอง หรือฆ้องจังหวะถี่หลายครั้งเพื่อบอกเวลาเปลี่ยนยาม"
สั่น 1,ก.,"ไหวถี่ ๆ , สะเทือน, ทำให้ไหวถี่ ๆ , ทำให้สะเทือน"
สั้น 0,ว.,ไม่ยาว
สัน 0,น.,"สิ่งที่มีลักษณะนูนสูงขึ้นเป็นแนวยาว, ส่วนหนาของมีด หรือขวาน ซึ่งตรงข้ามกับคม"
สัน 1,น.,ปีวอก (พายัพ)
สันดาน 0,น.,อุปนิสัยที่มีมาแต่กำเนิด
สันดิ้น 0,ก.,"ทะเยอทะยาน, ดิ้นรน ส่วนมากว่า สันดิ้นสันโดษ"
สันโดษ 0,น.,"ความยินดีเฉพาะสิ่งที่มีอยู่, ความพอใจในทรัพย์ของตนตามฐานะ"
สันต์ 0,ว.,"เงียบ, สงัด, สงบ"
สันตติ 0,น.,ความสืบต่อ
สันตติวงศ์ 0,ก.,เชื้อสายสืบต่อกันมา
สันตะปาปา 0,น.,ผู้เป็นประธานฝ่ายคริสต์ศาสนาโรมันคาทอลิก
สันตาปะ 0,น.,"ความเร่าร้อน, ความแผดเผา"
สันตาปะ 1,น.,ชื่อนรกขุม ๑ ใน ๘ ขุม
สันติ 0,ว.,"สงบ, ราบคาบ, นิ่ง"
สันติ 1,น.,ความสงบ
สันติภาพ 0,น.,ความเป็นอยู่อย่างสงบ
สันตุฎฐี 0,น.,สันโดษ
สันถวะ 0,น.,"ความชมเชย, ความคุ้นเคย, ความสนิทสนมกัน"
สันทัด 0,ว.,"ถนัด, ชัดเจน, ปานกลาง, พอดี"
สั่นทัว ๆ 0,ว.,"อึกทึก, อึงคะนึง, เขย่า, สั่น, เช่น เสียงสัตว์ร้องพร้อมกันหลายตัว เรียกว่า ฮ้องทด ๆ , เสียงน้ำไหลกระทบพื้นดังสนั่นเรียก เสียงน้ำดังทด ๆ , เวลาเป็นไข้จับสั่นว่า สั่นทด ๆ , เกิดอาการหวาดกลัวมากจนตัวสั่น เรียก ย่านจนตัวสั่นทด ๆ"
สันทาบ 0,ก.,"บังคับ, ขู่เข็ญ, ซ้ำเติบ"
สั่นเทีย ๆ 0,ว.,"อึกทึก, อึงคะนึง, เขย่า, สั่น, เช่น เสียงสัตว์ร้องพร้อมกันหลายตัว เรียกว่า ฮ้องทด ๆ , เสียงน้ำไหลกระทบพื้นดังสนั่นเรียก เสียงน้ำดังทด ๆ , เวลาเป็นไข้จับสั่นว่า สั่นทด ๆ , เกิดอาการหวาดกลัวมากจนตัวสั่น เรียก ย่านจนตัวสั่นทด ๆ"
สันธาน 0,ก.,"การเกี่ยวข้อง, การต่อ"
สันนิธิ 0,น.,"การสะสม,การรวบรวม, ที่ใกล้ต่อหน้า"
สันนิบาต 0,น.,"การประชุม, ที่ประชุม"
สันนิวาส 0,น.,"ที่อยู่, ที่พัก, การอยู่ร่วมกัน"
สันนิษฐาน 0,ก.,ลงความเห็นเป็นการคาดคะเนไว้ก่อน
สันภู 0,น.,ส่วนสูงของภูเขาที่เป็นแนวยาว
สันสกฤต 0,น.,ภาษาอินเดียโบราณภาษาหนึ่ง โบราณใช้ สนสกฤต
สั่นสาย 0,ก.,สั่นเพราะความกลัว
สันหลัง 0,น.,กล้ามเนื้อที่เป็นแนวยาวตลอดหลัง
สับ 0,ก.,"เอาสิ่งมีคมฟันหรือขุดลงไปโดยแรง, เอาสิ่งที่ปลายงอนหรือแหลมเจาะลงไป เช่น เอาขอสับช้าง"
สับตาขอ 0,*น.,ไม้หรือเหล็กที่งอ ๆ สำหรับชัก เกี่ยว แขวน หรือ
สับปลับ 0,ก.,พูดกลับกลอกเชื่อไม่ได้
สับโป 0,น.,งู
สับสน 0,ก.,"ปะปนกัน, ยุ่งไม่เป็นระเบียบ"
สับส่อ 0,ก.,"ช่างฟ้อง, พูดเป็นเลศนัย, ส่อเสียด, ส่อสน"
สัปดาห์ 0,น.,ระยะเจ็ดวัน
สัปดาหะ 0,น.,ระยะเจ็ดวัน
สัปตศก 0,น.,ปีที่เจ็ดแห่งรอบสิบปี สำหรับจุลศักราช
สัปตะ 0,ว.,เจ็ด (ส.)
สัปทน 0,น.,ร่มผ้าขนาดใหญ่มีด้ามยาว
สัปปะ 0,น.,งู
สัปปิ 0,น.,เนยใส
สัปปุริสะ 0,น.,"คนสัมมาทิฐิ, ฆราวาสที่มีคุณธรรม"
สัปปุรุษ 0,น.,"คนสัมมาทิฐิ, ฆราวาสที่มีคุณธรรม"
สัปยุทธ์ 0,ก.,รบพุ่งชิงชัยกัน
สัพ 0,ว.,"ทุกสิ่ง, ทั้งปวง, ทั้งหมด"
สัพพะ 0,ว.,"ทุกสิ่ง, ทั้งปวง, ทั้งหมด"
สัพพัญญู 0,น.,"ผู้รู้หมด, พระนามของพระพุทธเจ้า"
สัมปชัญญะ 0,น.,"ความรู้ตัวอยู่เสมอ, ความไม่เผลอตัว"
สัมปทา 0,น.,ความถึงพร้อมด้วยคุณความดี
สัมปทาน 0,น.,"การมอบให้, การได้รับสิทธิที่จะทำแต่ผู้เดียว"
สัมปรายภพ 0,น.,ภพหน้า
สัมปรายิกภพ 0,น.,ภพหน้า
สัมผัปลาปะ 0,น.,คำพูดเพ้อเจ้อ
สัมผัส 0,น.,"การถูกต้องที่ให้เกิดความรู้สึก, การกระทบกัน"
สัมผัสใน 0,น.,คำคล้องจองแห่งคำประพันธ์ที่อยู่ในวรรค
สัมพันธ์ 0,น.,"การผูกพัน, ความเกี่ยวดอง"
สัมพันธ์ 1,ก.,"ผูกพัน, บอกความเกี่ยวข้องกันของคำในประโยค"
สัมพันธน์ 0,น.,"การผูกพัน, ความเกี่ยวดอง"
สัมพันธน์ 1,ก.,"ผูกพัน, บอกความเกี่ยวข้องกันของคำในประโยค"
สัมพุทธะ 0,น.,"ผู้รู้พร้อม, ผู้ตื่นแล้ว, ผู้สว่างแล้ว, พระนามของพระพุทธเจ้า"
สัมภเวสี 0,น.,ผู้แสวงหาที่เกิด ได้แก่ ผีที่ตายจากมนุษย์ไปแล้วแต่ยังไม่ได้เกิดในกำเนิดอื่น
สัมภาระ 0,น.,"การสะสม, การรวบรวม, สิ่งของต่าง ๆ, วัตถุ, เครื่องใช้"
สัมภาษณ์ 0,น.,"การพูดกัน, การสอบถามกันเพื่อรู้บางสิ่งบางอย่าง"
สัมมา 0,ว.,"ชอบ, ดี, ถูกต้อง"
สัมโมทนียกถา 0,น.,ถ้อยคำที่บันเทิงใจ มักกล่าวในโอกาสที่เป็นสิริมงคลหรือแสดงความยินดี
สัมฤทธิ์ 0,น.,ความสำเร็จ (ส.)
สัมฤทธิ์ 1,น.,ธาตุผสมอย่างหนึ่งที่ผสมด้วยโลหะต่างๆ เขียนว่า สำริด ก็มี
สัมฤทธิศก 0,น.,"ปีสำเร็จ, ปีที่สิบของรอบสิบปีของจุลศักราช"
สัสดี 0,น.,"ผู้รวบรวมบัญชีคน, การรวบรวมบัญชีคน, เจ้าหน้าที่บัญชีทหาร"
สัสตทิฐิ 0,น.,ลัทธิที่ถือว่าโลกเที่ยงและวิญญาณเป็นของไม่เสื่อมสูญ
สัสตะ 0,ว.,"เที่ยง, แน่นอน, คงที่, ถาวร"
สัสสุ 0,น.,"แม่ยาย, แม่ผัว"
สัสสู 0,น.,"แม่ยาย, แม่ผัว"
ส่า 0,น.,เชื้อ หรือสิ่งที่ปรากฏขึ้นเป็นเม็ดละเอียด ซึ่งเป็นราประเภทหนึ่ง
สา 0,น.,ชื่องูชนิดหนึ่ง
สา 1,น.,ชื่อต้นไม้ชนิดหนึ่ง ใช้เปลือกทำกระดาษ
สา 2,ก.,วิด หรือสาด (ใช้แก่น้ำ) เช่น สะปลา = วิดน้ำเอาปลา
สา 3,ว.,เป็นคำประกอบท้ายคำกิริยาเพื่อเน้นความสำเร็จไป
สาก 0,น.,เครื่องมือสำหรับตำคู่กับครก
สากกะเบือ 0,น.,สากที่ใช้สำหรับตำเครื่องปรุงอาหารมีพริกเป็นต้น
สากเข้าเบือ 0,น.,สากที่ใช้สำหรับตำเครื่องปรุงอาหารมีพริกเป็นต้น
สากมอง 0,น.,สากตำข้าวใช้กับครกกระเดื่อง มี ๓ ขนาด คือ สากตำ (ย่าว) สากต่าว หรือสากเข้ากล้อง และสากซ้อม
สากมือ 0,น.,สากชนิดยาวใช้มือตำโดยจับตรงกลางมีที่ตำ ๒ ด้าน ใช้กับครกมือ
สากรรจ์ 0,ว.,"ร้าย, ดุร้าย, เก่งกาจ, แข็งแรง, เช่น ฉกรรจ์ผี = ผีดุ"
สากล 0,ว.,"เต็ม, พร้อม, สมบูรณ์, ทั่ว, ทั้งหมด, ทั้งสิ้น ใช้"
สากล 1,ว.,"ทั่วไป, ทั้งหมด, เป็นที่นิยมทั่วไป"
สากสาย 0,ว.,"รุงรัง, ยุ่มย่าม, ไม่รัดกุม = รุ่มร่าม"
สากัจฉา 0,น.,"การพูดจา, การสนทนา, การปรึกษา"
สากิยบุตร 0,น.,สาวกของพระพุทธเจ้า
สากิยมุนี 0,น.,พระนามของพระพุทธเจ้า
สากิยะ 0,น.,ชนชาติที่ร่วมเชื้อพระวงศ์กับพระพุทธเจ้าเพศหญิงใช้ สากิยา หรือสากินี
สาขา 0,น.,"กิ่ง, ก้าน, ส่วนย่อย (ป.)"
ส่าไข้ 0,น.,เม็ดผื่นที่เกิดขึ้นก่อนจะเป็นไข้หรือหลังเป็นไข้
สาคร 0,น.,"แม่น้ำ, ทะเล"
สาคเรศ 0,น.,"แม่น้ำ, ทะเล"
สาคู 0,น.,"พืชชนิดหนึ่ง ลำต้นขนาดต้นมิ้น หรือข่า ใช้หัวทำแป้งหรือต้มกิน, พืชชนิดหนึ่งจำพวกปาล์ม ใช้ไส้ในลำต้นทำแป้ง"
สาคูเทศ 0,น.,สาคูที่มาจากต่างประเทศ ได้แก่ แป้งสาคูเม็ดเล็ก ๆ
สาคูลาน 0,น.,แป้งสาคูที่เอายอดและเยื่อในต้นลาน หรือต้นไม้ชนิดหนึ่งคล้ายต้นลานมาทำแป้งเม็ดโต
สาคูวิลาด 0,น.,สาคูที่มาจากต่างประเทศ ได้แก่ แป้งสาคูเม็ดเล็ก ๆ
สาง 0,น.,เป็นคำนำหน้าผู้วายชนม์แล้ว เช่น สังพ่อสังแม่
ส้าง 0,น.,บ่อน้ำ
สาง 1,น.,ผี มักเรียกคู่กันว่า ผีสาง
สาง 2,น.,สัตว์ในนิยาย รูปร่างคล้ายเสือแต่ใหญ่กว่าและมักพูดคู่กับเสือว่า เสือสาง
สาง 3,ก.,"หวี, แปรงให้เรียบร้อย, ทำให้หายยุ่ง"
สาง 4,ก.,ชุบหม้อใหม่ให้เป็นสื่อรับความร้อนได้ดีขึ้นด้วยการนำไปตั้งไฟจนก้นหม้อไหม้แดง ปล่อยไว้ให้เย็นแล้วจึงเทน้ำลงไปชุบ
ส้างจั่น 0,น.,บ่อน้ำเล็ก ๆ และตื้นที่มีน้ำไหลอยู่ตลอด
ส้างแซ่ง 0,น.,บ่อน้ำที่ใช้กระดานหรืออิฐเสริมข้างในเพื่อมิให้ดินพัง
ส้างท่อ 0,น.,บ่อน้ำที่ขุดเป็นรูกลมใช้ท่อไม้ หรือซีเมนต์เสริมลงไป
ส้างโสก 0,น.,บ่อน้ำที่เกิดจากน้ำเซาะจนเป็นแอ่งลึก
สางหลวง 0,ว.,"ขัดขวาง, เกะกะ, สูญเสีย"
สางหลาง 0,ว.,"ขัดขวาง, เกะกะ, สูญเสีย"
สางห่า 0,น.,งูชนิดหนึ่ง มี ๔ ขา หางยาวประมาณ ๕ เท่าของลำตัว เข้าใจกันว่ามีพิษแรง
สาฎก 0,น.,ผ้า
สาฎิกา 0,น.,"เสื้อ, เสื้อคลุม, ผ้า"
สาณะ 0,น.,"ผ้าหยาบ, ผ้าป่าน"
สาด 0,น.,เสื่อ
สาด 1,ก.,"ซัด, ซัดน้ำเข้าไป"
สาด 2,สำ.,"ใช้สำนวนเสียดสี เช่น ""กลอนสาดหมอลำ = กลอนกระทบกระทั่ง"""
สาตรา 0,น.,หนังสือสำคัญที่เจ้ากระทรวงประทับส่งไปยังหัวเมือง
สาไถย 0,น.,"ความโอ้อวด, ทำมายาให้เขาหลงเข้าใจผิด"
สาทร 0,ก.,"เอื้อเฟื้อ, เอาใจมาใส่"
สาโท 0,น.,"น้ำขาว, น้ำเมาที่ยังไม่ได้กลั่น ส่วนมากเรียก เหล้าโท"
สาธก 0,ก.,ยกตัวอย่างมาอ้างให้เห็น
สาธยาย 0,น.,"การสาธยาย, การท่อง, การเล่าบ่น, การสวด"
สาธารณ์ 0,ว.,"ต่ำ, เลว, ดาษดื่น"
สาธารณสุข 0,น.,ส่วนราชการที่เกี่ยวกับอนามัยของประชาชน
สาธารณะ 0,ว.,"ทั่วไป, สามัญ"
สาธารณูปโภค 0,น.,การประกอบการเพื่อประโยชน์แก่สาธารณชน
สาธิต 0,ก.,แสดงให้ดู
สาธุ 0,น.,คำเรียกพระสงฆ์ผู้ใหญ่
สาธุ 1,ว.,"ดี, เหมาะ, ถูกต้อง, ชอบแล้ว"
สาธุการ 0,น.,การเปล่งวาจาว่าสาธุเมื่อเห็นควรหรือยกย่อง
สาธุชน 0,น.,"คนดี, คนที่เป็นสัมมาทิฐิ"
สาธุสา 0,น.,คำกล่าวขึ้นต้นเพื่อขอความสวัสดีก่อนจะกล่าวคำอื่น ๆ
สาน 0,ก.,เอาตอกเป็นต้นไขว้ขัดกันทำเป็นเครื่องใช้
ส้าน 0,น.,"ชื่อต้นไม้ชนิดหนึ่งมี ๓ อย่าง คือ ส้านโด้เด้, ส้านพุ่ม และส้านแม่ก้า"
สานุ 0,น.,"ยอดเขา, เนินเขา"
สานุศิษย์ 0,น.,"ศิษย์น้อยใหญ่, ลูกศิษย์"
สาบ 0,น.,ชื่อแมลงชนิดหนึ่ง เรียก แมงสาบ
สาบ 1,น.,ชื่อผักชนิดหนึ่ง เรียก ผักสาบ = นางนูน
สาบ 2,ก.,"เสริม, แซม, ปะ ส่วนมากว่า ตาบ"
สาบ 3,ว.,จืด เรียกทะเลน้ำจืดว่าทะเลสาบ
สาบ 4,ว.,เหม็นอับ ๆ
สาบสูญ 0,ก.,สูญหายไป
สาบาน 0,ก.,สบถโดยคำปฏิญญา
สาป 0,ก.,แช่งเพื่อให้ได้รับผลร้ายต่าง ๆ
สาม 0,น.,จำนวนสองบวกหนึ่ง
ส้าม 0,ก.,"ซ่อม, แซม, เพิ่มเติม เช่น ส้ามเข้า = ดำซ่อมข้าวตรงที่พร่อง, ร้องหรือตีเป็นจังหวะ"
สามขา 0,น.,"เครื่องมือสำหรับยกเพื่อตอกหรือกระทุ้งมีที่จับสามที่ = สามเกลอ, ที่สำหรับชักรอกของหนัก มีขาตั้งสามขาคล้ายขาตุ่ง, เรียก หนองน้ำที่มีสามแควว่า หนองสามขา"
สามขุม 0,น.,ท่าทางที่คนฟันดาบ หรือนักมวยเดินก้าวเป็นจังหวะเยื้องเป็นสามเส้า หรือสาม่า เรียก ย่างสามขุม
สามง่าม 0,น.,"ไม้หรือเหล็กแหลมที่แกออเป็นสามแฉก, อาวุธที่มีปลายแหลมแตกเป็นสามแฉก เรียกสิ่งอื่นที่มีลักษณะเช่นนี้"
สามเณร 0,?,ดู จัว
สามเณรี 0,น.,สามเณรผู้หญิง
สามตา 0,น.,ชื่อวิธีจับยามของหมอดู ใช้นับหลักทั้งสามเวียนไปทายชั่วดี เรียกว่ายามสามตา
สามนตราช 0,น.,"พระราชาแห่งแดนใกล้เคียง, เจ้าประเทศราช"
สามพันตา 0,น.,ข่อยชนิดหนึ่งขึ้นอยู่ตามไหล่เขาดอกโตสีขาว กลิ่นหอม
สามเวท 0,น.,ชื่อคัมภีร์หนึ่งในไตรเวทซึ่งมีไว้สำหรับสวดหรือเห่กล่อมในพิธีถวายน้ำโสมแก่เทวดามีพระอินทร์เป็นต้น
สามเศียร 0,น.,ไพ่ตองสามใบจำพวกเดียวกัน แต่ไม่เหมือนกัน จัดเรียงเข้าสามใบ
สามสิบ 0,น.,จำนวนสิบบวกกันสามครั้ง
สามสิบกลีบ 0,น.,ชื่อเครื่องในวัวหรือควาย คือ กระเพาะอาหาร
สามสิบกลีบ 1,น.,ชื่อพรรณไม้จำพวกหนึ่งมี ๒ ชนิด คือ ชนิดพุ่มใบคล้ายส้มเสี้ยว มีหัวกินได้และชนิดเป็นใบเถาใบเป็นฝอยมีหัวกินได้
สามหาว 0,ว.,"อวดเก่ง, จองหอง"
สามหาว 1,ว.,"อวดเก่ง, หยิ่ง, ผยอง"
สามอินทหวา 0,น.,ข่อยชนิดหนึ่งขึ้นอยู่ตามไหล่เขาดอกโตสีขาว กลิ่นหอม
สามัคคี 0,น.,"ความพร้อมเพรียงกัน, ความปรองดองกัน"
สามัญ 0,น.,ความเป็นสมณะ
สามัญ 1,ว.,"ปกติ, ธรรมดา"
สามานย์ 0,ว.,"เลว, ต่ำ, ไพร่"
สามารถ 0,ก.,มีคุณสมบัติเหมาะแก่การจัดทำสิ่งใดสิ่งหนึ่ง
สามิกะ 0,น.,"เจ้าของ, ผัว, นาย, ส่วนมาว่า สามี"
สามิภักดิ์ 0,น.,"การซื่อตรงต่อผัวหรือนาย, ความจงรักภักดีเจ้านาย"
สามิภักดิ์ 1,ก.,"จงรัก, ซื่อตรง = สวามิภักดิ์"
สามี 0,ก.,"เจ้าของ, ผัว, นาย, ส่วนมาว่า สามี"
สามีจิกรรม 0,น.,"กิจชอบ, การแสดงความเคารพ"
สาย 0,น.,"เส้น, เครือ, แถว, แนวยาว, เชื้อวงศ์"
สาย 1,?,ดู สวาย
สายใจ 0,น.,ผู้ที่เป็นที่รักดั่งดวงใจ
สายน้ำ 0,น.,กระแสน้ำที่ไหลเป็นสายยาวไป
สายแน 0,ก.,ลายมิ่ง
สายแนน 0,น.,"คู่สร้างคู่สม, บุพเพสันนิวาส"
สายบัว 0,น.,ก้านแห่งดอกบัว
สายบือ 0,น.,สะดือ
สายพาน 0,น.,สายสำหรับโยงกงจักรต่าง ๆ เพื่อทำให้หมุน
สายพานปืน 0,น.,สายใยสำหรับผูกในเครื่องดักประเภทต่าง ๆ
สายฟ้า 0,น.,แสงที่เป็นสายแวบวาบเมื่อฟ้าแลบ ฟ้าผ่า
สายยืด 0,ก.,"รู้สึกเสียวไส้, หวาดเสียว (นม.)"
สายยู 0,น.,"สายโซ่หรือเหล็กทำเป็นข้อ ๆ เพื่อล่ามบานประตูให้ติดกับที่ใส่กุญแจ, แผ่นโลหะที่ติดกับประตูสำหรับลั่นกุญแจ"
สายระเดียง 0,น.,สายราว สำหรับตากผ้าพระสงฆ์
สายระเดียง 1,น.,เชือกสำหรับสาวแห
สายล่อฟ้า 0,น.,โลหะปลายแหลมติดบนหลังคาหรือยอดเจดีย์ มีโลหะโยงลงพื้นดินเพื่อกันฟ้าผ่า
สายโลหิต 0,น.,"สายเลือดแห่งผู้ต้นวงศ์ซึ่งสืบเนื่องกันมา, เผ่าพันธุ์, เชื้อวงศ์"
ส่ายเศิก 0,ก.,ชำระให้สิ้นศึก
สายสนอง 0,น.,สายร้อยหนังสือใบลาน
สายสมร 0,น.,"หญิงที่รัก, นาง"
สายสร้อย 0,น.,เครื่องประดับเป็นสายใช้สำหรับคล้องคอหรือข้อมือ เป็นต้น ส่วนมากทำด้วยโลหะมีค่า
สายสวาท 0,น.,หญิงที่รักจับใจ
สายสะพัด 0,น.,สายสำหรับประดับช้างและม้าสามสาย คือ ผ่านหน้าอก ท้อง และหาง
สายสะพาย 0,น.,แถบแพรริบบิ้นสีต่าง ๆ เป็นเครื่องหมายอิสริยาภรณ์ชั้นสูง ใช้สะพายบ่า
สายสะอิ้ง 0,น.,เชือกสำหรับผูกรัดกระดุมเสื้อ
สายสะเอง 0,น.,เชือกสำหรับผูกรัดกระดุมเสื้อ
สายสาวแห 0,น.,เชือกสำหรับสาวแห
สายสูตร 0,น.,เชือกหนังที่ผูกช้างให้เดินตามกัน
สายไหม 0,น.,สายยางยศ
สายอิ้ง 0,น.,เชือกสำหรับผูกรัดกระดุมเสื้อ
สายแอว 0,?,ดู เข็มคัด
สายฮัด 0,?,ดู เข็มคัด
สายแฮ่ 0,น.,รกของเด็ก =
สายแฮ่ 1,น.,รก
สายัณห์ 0,น.,เวลาเย็น
สายาห์ 0,น.,เวลาเย็น
ส่ายืน 0,น.,รอยตกกระที่ผิวหนัง
สาร 0,น.,ข้าวที่ซ้อมตำครั้งที่ ๓ ซึ่งเป็นครั้งสุดท้ายจนเหลือแต่เมล็ดข้าว
สาร 1,น.,"แก่น, เนื้อแท้, ส่วนสำคัญ, ใจความสำคัญ, จดหมาย"
สาร 2,น.,ธาตุจำพวกหนึ่ง
สาร 3,น.,"ช้าง, ช้างใหญ่"
สาร 4,น.,ข้าวที่ซ้อมตำครั้งที่ ๓ ซึ่งเป็นครั้งสุดท้ายจนเหลือแต่เมล็ดข้าว
สารถี 0,น.,"คนขับรถ, คนบังคับม้า โดยปริยาย หมายถึง คนผู้ฝึกหัด"
สารท 0,ว.,เกี่ยวกับ หรือเกิดในฤดูใบไม้ร่วง
สารท 1,น.,เทศกาลทำบุญกลางเดือนสิบ
สารธรรม 0,น.,"ธรรมเป็นหลักฐาน, ธรรมที่มั่นคง"
สารบัญ 0,น.,"บัญชีเรื่อง, รายชื่อเรื่อง"
สารบาญ 0,น.,"บัญชีเรื่อง, รายชื่อเรื่อง"
สารพัด 0,ว.,"ทั้งปวง, ทุกแห่ง, ทุกอย่าง"
สารพัน 0,ว.,"ทั้งปวง, ทั้งหมด, ทั่วไป"
สารพางค์ 0,น.,"ร่างกาย, ส่วนมากว่า สรพางค์ หรือ สรรพางค์"
สารภาพ 0,ก.,"รับผิดตามความเป็นจริง, ยอมรับผิด"
สารภี 0,น.,พันธุ์ไม้ดอก ลำต้นใหญ่ดอกหอม
สารภี 1,น.,ชื่อต้นไม้ชนิดหนึ่งดอกสีเหลืองหอม ใช้ทำยา
สารริกธาตุ 0,น.,พระอัฐิธาตุของพระพุทธเจ้า
สารวัต 0,น.,ผู้ตรวจงานทั่วไป
สารส้ม 0,น.,"ธาตุผสมอย่างหนึ่งเป็นก้อนสีขาวมีรสเปรียวฝาด, ส่วนมากเรียก หินส้ม"
สารหนู 0,น.,ธาตุลำดับที่ ๓๓ เป็นของแข็ง มี ๓ สี สีเทา สีดำ และสีเหลือง เป็นธาตุที่มีพิษอย่างร้ายแรง
สาระแน 0,ว.,แส่ไม่เข้าเรื่อง
สาระวอน 0,ก.,พูดจาออดอ้อน
สารา 0,น.,"แก่น, เนื้อแท้, ส่วนสำคัญ, ใจความสำคัญ, จดหมาย"
สาราณียกร 0,น.,ตำแหน่งเจ้าหน้าที่ของสมาคม หรือสถาบันการศึกษา เป็นต้น ทำหน้าที่อย่างบรรณาธิการ
สารานกเอี้ยงโม่ง 0,น.,ตำราเรียนภาษานกและเสียงร้องของสัตว์ทุกชนิด
สารูป 0,ว.,"เหมาะ, สมควร"
สาโรช 0,น.,บัว
สาละ 0,น.,ต้นไม้ยืนต้นจำพวกต้นรัง
สาละวน 0,ก.,"กังวลอยู่, วุ่นอยู่ด้วยกิจธุรระเฉพาะบางอย่าง"
สาลิ 0,น.,"ข้าว, ข้าวชนิดหนึ่งเพาะปลูกกันในประเทศหนาว"
สาลิกา 0,น.,ชื่อนกชนิดหนึ่ง จำพวกนกเอี้ยง
สาลินี 0,น.,ชื่อฉันท์ชนิดหนึ่ง มีกำหนด ๑๑ พยางค์
สาลี 0,น.,"ข้าว, ข้าวชนิดหนึ่งเพาะปลูกกันในประเทศหนาว"
สาลู 0,น.,ผ้าขาวบางเนื้อดี
สาโลหิต 0,น.,"สายเลือดแห่งผู้ต้นวงศ์ซึ่งสืบเนื่องกันมา, เผ่าพันธุ์, เชื้อวงศ์"
สาว 0,น.,"หญิงที่ต่อจากรุ่นขึ้นไปที่ยังไม่แต่งงาน คู่กับบ่าว, เรียก น้องสาวของแม่ว่าน้าสาว เรียกหญิงที่ยังไม่แต่งงานทั่วไปว่า ผู้สาว"
ส้าว 0,น.,ไม้ยาวสำหรับสอยสิ่งของ
สาว 1,ก.,"ดึงออก, ชักออก ใช้สำหรับสิ่งที่เป็นเส้นยาว เช่น สาวหลอก = สาวไหม"
ส้าว 1,น.,"ช่วง, ระยะ, เวลา เช่น นอนส้าวเดียว = นอนรวดเดียว"
สาว 2,ว.,"รุ่น, ยังไม่แก่ เช่น ไก่แม่สาว"
สาวก 0,น.,"ผู้ฟัง, ศิษย์"
สาวนะ 0,น.,เดือนเก้า
สาวิกา 0,น.,สาวกผู้หญิง
สาส์น 0,น.,"คำสั่ง, คำสั่งสอน โดยปริยายหมายถึง พระราชหัตถเลขาทางราชการ และลิขิตของสมเด็จพระสังฆราช"
สาสน์ 0,น.,"คำสั่ง, คำสั่งสอน โดยปริยายหมายถึง พระราชหัตถเลขาทางราชการ และลิขิตของสมเด็จพระสังฆราช"
สาสนา 0,น.,"ศาสนา, คำสั่งสอนของพระศาสดา"
สาหัส 0,ว.,ร้ายแรง
สาหัสสากรรจ์ 0,ว.,"รุนแรงเกินสมควร, ยิ่งนัก"
ส่าเห็ด 0,น.,ราที่เกิดขึ้นตามพื้นดินหรือขอนไม้ก่อนที่เห็ดจะขึ้น
สาเหตุ 0,น.,ต้นเหตุ
ส่าเหล้า 0,น.,เชื้อสำหรับทำเหล้า
ส่าเหล้า 1,น.,"ราที่ขึ้นตามของบูดเน่า, จุดเสียที่เกิดขึ้นตามหัวมันเทศ"
ส่าเหล้า 2,น.,ผื่นหรือเชื้อราที่ขึ้นตามผิวหนังของคนติดสุรา
สาแหรก 0,?,ดู แซก
สาโหด 0,ก.,"ดุร้าย, ทารุณ"
สำ 0,ก.,"ปะปนกัน, สลับกัน, ซับซ้อนกัน, เพิ่มเกลียวเชือกเข้าไปให้เส้นเชือกโตขึ้น"
ส่ำ 0,น.,"ขนาด, เท่า, เท่ากับ, เช่น สาวส่ำน้อย = สาววัยรุ่น"
ส่ำ 1,ก.,"กระซิบ, ส่วนมากว่า ซิ่ม หรือ ซ่ำ"
ส่ำ 2,ว.,"มาก, หมู่เหล่า"
สำคัญ 0,ว.,"พิเศษกว่าธรรมคา มีชื่อเสียง, มีคุณค่า"
สำแดง 0,ก.,"ทำให้ปรากฏ = แสดง, แกล้งพูดแกล้งทำ"
สำทาบ 0,ก.,"บังคับ, ขู่เข็ญ, ซ้ำเติบ"
สำนวน 0,น.,"โวหาร, พูด, ถ้อยคำที่เรียบเรียง, ถ้อยคำที่ไม่ถูกไวยากรณ์ แต่เป็นภาษาพูดที่นิยมพูดกัน"
สำนัก 0,น.,"สถานที่อยู่อาศัย, แหล่ง, ที่ทำงาน, สถานศึกษา"
สำนัก 1,ก.,อยู่
สำนึก 0,ว.,"รู้ตัว, รู้สึก, นึกได้"
สำเนา 0,น.,"ตันฉบับ, ความเดิม, ข้อความที่คัดมา"
สำเนียง 0,น.,"เสียง, น้ำเสียง, วิธีออกเสียง"
สำบาย 0,ว.,"อยู่ดีกินดี, สุขสำราญ, ไม่มีทุกข์ร้อน, ไม่เจ็บไม่ป่วย, เป็นสุขกายสบายใจ"
สำบุกสำบัน 0,ก.,"ผจญกับความยากลำบาก, ใช้อย่างไม่ถนอมหรือไม่ปราณีปราศรัย"
สำปะปิ 0,ว.,"สารพัด, ทุกสิ่งทุกอย่าง จิปาถะ"
สำเพ็ง 0,น.,"หญิงคนชั่ว, หญ้าค้าประเวณี - แม่จ้าง"
สำเภา 0,น.,ชื่อเรือเดินทะเลชนิดหนึ่งแบบจีนแล่นด้วยใบสำเภา
สำมะโนครัว 0,น.,จำนวนพลเมือง
ส่ำมะปิ 0,ว.,"สารพัด, ทุกสิ่งทุกอย่าง จิปาถะ"
สำมะเลเทเมา 0,น.,ความประพฤติเหลวไหล
สำรด 0,น.,"ลายของเสื้อครุย, ผ้าที่ปักลายอย่างเดียว ใช้คาดเอว"
สำรวจ 0,ก.,ตรวจสอบ
สำรวม 0,ก.,"ระมัดระวัง, เหนี่ยวรั้ง"
สำรวล 0,ก.,"หัวเราะ, รื่นเริง"
สำราญ 0,ก.,"สบายกายใจ, เบาใจ, เย็นใจ"
สำริด 0,น.,ธาตุผสมอย่างหนึ่งที่ผสมด้วยโลหะต่างๆ เขียนว่า สำริด ก็มี
สำเร็จ 0,น.,พระที่ได้รับเถราภิเษกครั้งแรก
สำเร็จ 1,ก.,"เสร็จ, แล้ว, สมประสงค์"
สำเรา 0,ก.,"ทุเลา, สร่างจากไข้"
สำลา 0,ว.,"ที่ผึ่งแดด, ปิ้ง ย่างยังไม่แห้งสนิท (ใช้แก่ ปลาหรือเนื้อ)"
สำลี 0,น.,ปุยฝ้าย
สำหรับ 0,ก.,"คู่กับ, ควรกับ, ใช้กับ"
สำหรับ 1,บุ.,เพื่อ
สำหรับ 2,สัน.,ฝ่าย
สำหาว 0,ว.,"อวดเก่ง, จองหอง"
สำหาว 1,ว.,"อวดเก่ง, หยิ่ง, ผยอง"
สำออย 0,ก.,"ออดออเซาะ, พูดรำพันให้เมตตาสงสาร"
สำอาง 0,น.,"ชื่อเรียกเครื่องประดับ, เครื่องประทินผิวและเครื่องแป้ง"
สำอาง 1,ว.,"สวยงาม, หมดจด, สะอาด"
สิ 0,*ว.,"เป็นกริยานุเคราะห์ ให้นำหน้าคำกริยาอื่นที่บอกเวลา อนาคต เช่น ชิอยู่, ชิไป"
สิ 1,*ว.,กิริยานุเคราะห์ จะ
สิก 0,ก.,"พลิก, เลื่อนขึ้น เช่น ซิกเข้านึ่งในหวดให้ข้างล่างพลิกขึ้นอยู่ข้างบน = ซิกเข้า, ขยับให้เด็กที่อุ้มอยู่ในเอวให้เลื่อนสูงขึ้น = ซิกเด็กน้อยขึ้นแอว"
สิกข์ 0,ก.,ลาจากเพศสมณะ = สึก
สิกขกามะ 0,น.,ผู้นับถือข้อปฏิบัติโดยเคร่งครัด
สิกขมานา 0,น.,สามเณรีที่ได้รับการอบรม เป็นเวลา ๒ ปี เพื่ออุปสมบทเป็นภิกษุณี (ปัจจุบันนี้ไม่มี)
สิกขา 0,น.,"การศึกษาเล่าเรียน, ข้อปฏิบัติ คือ ศีล สมาธิ, ปัญญา ซึ่งเรียกว่า ไตรสิกขา"
สิกขาบท 0,น.,ข้อวินัยของภิกษุ จำนวน ๒๒๗ ข้อ = ศีล
สิขร 0,น.,"จอม, ยอด, หงอน, ยอดเขา."
สิขรี 0,น.,ภูเขา.
สิขเรศ 0,น.,ภูเขา.
สิขี 0,น.,ไฟ
สิขี 1,น.,นกยูง
สิขี 2,น.,พระนามของพระพุทธเจ้าพระองค์หนึ่ง
สิ้ง 0,ก.,"ชำเลืองดูด้วยความรู้สึกไม่พอใจ หรือชอบใจ, ชำเลืองตาม, ดูด้วยหางตา"
สิง 0,น.,"ชื่องูจำพวกหนึ่ง ตัวยาวประมาณ ๑ เมตร ตาโต เลื้อยเร็ว ออกหากินเวลากลางวัน, ส่วนมากจะหากินตามพื้นดิน ไม่มีพิษ มีหลายชนิด เช่น สิงดง สิงหยวก เป็นต้น"
สิ่ง 0,น.,"วัตถุ, อัน, อย่าง"
สิง 1,ก.,คลึงให้กลม.
สิ่ง 1,ว.,"เหมือน, คล้าย, อย่าง"
สิง 2,ก.,"อยู่, เข้าอยู่ เช่น ผีสิง"
สิงขร 0,น.,"จอม, ยอด, หงอน, ยอดเขา."
สิงคาล 0,น.,"หมาป่า, หมาจิ้งจอก"
สิ้งตาน้อย 0,ก.,มองตามด้วยหางตาแต่น้อย
สิ้งตานำ 0,ก.,มองตามด้วยหางตา
สิงโต 0,น.,สัตว์ในนิยายของจีนถือว่ามีความดุร้ายและมีกำลังมาก
สิงโต 1,น.,สัตว์เลี้ยงลูกด้วยนมขนาดใหญ่ ซึ่งเป็นวงศ์เดียวกับแมวขนาดไล่เลี่ยกับเสือโคร่ง
สิงยี 0,น.,"ความเดือดร้อน, ภัยที่เกิดจากสงคราม"
สิงห์ 0,น.,สัตว์เลี้ยงลูกด้วยนมขนาดใหญ่ ซึ่งเป็นวงศ์เดียวกับแมวขนาดไล่เลี่ยกับเสือโคร่ง
สิงห์ 1,น.,ชื่อราศี ๕ ในราศี ๑๒
สิงหนาท 0,น.,พระราชดำรัสอันน่าเกรงขามของคนทั้งปวง
สิงหเบงชร 0,น.,หน้าต่างที่พระเจ้าแผ่นดินรับเสด็จแขกเมือง
สิงหรา 0,น.,"สิงห์, สิงห์ตัวเมีย"
สิงหราช 0,น.,ราชสีห์
สิงหล 0,น.,ชนพื้นเมืองชาวลังกา
สิงหลกะ 0,น.,"ชาวสิงหล, เกี่ยวกับเกาะลังกา"
สิงหาคม 0,น.,ชื่อเดือนที่ ๘ ตามสุรยคติ
สิงหาสน์ 0,น.,ราชอาสน์หรือที่ประดับทำเป็นแท่น หรือเตียงจมูกสิงห์
สิงหาห์น 0,น.,ราชอาสน์หรือที่ประดับทำเป็นแท่น หรือเตียงจมูกสิงห์
สิญจ 0,ก.,"รดน้ำ, รดน้ำมนต์, สรงมุรธาภิเษก"
สิญจน์ 0,ก.,"รดน้ำ, รดน้ำมนต์, สรงมุรธาภิเษก"
สิถิล 0,น.,เรียกพยัญชนะที่มีเสียงเบา
สิถิล 1,ว.,"หย่อน, เบา"
สิทธา 0,น.,ฤษี
สิทธารถ 0,น.,"ผู้ที่สำเร็จความมุ่งหมายแล้ว, พระนามของพระพุทธเจ้า"
สิทธิ์ 0,น.,"ผู้สำเร็จ, ฤษี, ความสำเร็จ"
สิทธิการิยะ 0,น.,คำอธิษฐานขอความสำเร็จ ในตำราโบราณใช้เป็นคำขึ้นต้น
สิทธิชัย 0,น.,ผู้มีความขลังในเวทย์มนต์
สิทธิโชค 0,น.,ฤกษ์ยามที่จะนำความสำเร็จมาให้
สิ้น 0,น.,ผ้าถุงสำหรับผู้หญิงนุ่ง = ซิ่น
สิน 0,น.,"เงิน, ทรัพย์, ของมีค่า"
สิน 1,ก.,"ตัด, ฟันให้ขาด"
สินค้า 0,น.,สิ่งของที่ซื้อขายกัน
สินจ้าง 0,น.,เงินค่าจ้าง
สินเชื่อ 0,น.,ทรัพย์สินที่ให้เป็นหนี้ไว้ด้วยความเชื่อ
สินซ่อย 0,น.,"ส่วย, ภาษีอากร"
สินเดิม 0,น.,"ทรัพย์สินที่ฝ่ายชายหรือหญิงมีอยู่ก่อนสมรส, ทรัพย์สินที่ได้ระหว่าง เป็นสามีภรรยาโดยทางพินัยกรรมหรือมีผู้ยกให้ในกรณีที่พินัยกรรมระบุไว้"
สินไถ่ 0,น.,เงินไถ่ค่าตัวทาส
สินทรัพย์ 0,น.,สมบัติทุกชนิดที่มีค่าตามกฎหมาย
สินธพ 0,น.,ม้าพันธุ์ดีเกิดบริเวณลุ่มน้ำสินธุ
สินธุ 0,น.,"ชื่อแม่น้ำสายสำคัญสายหนึ่งในอินเดีย, โดยปริยายหมายถึง ลำน้ำ, แม่น้ำ, ตายน้ำ, ทะเล"
สินธู 0,น.,"ชื่อแม่น้ำสายสำคัญสายหนึ่งในอินเดีย, โดยปริยายหมายถึง ลำน้ำ, แม่น้ำ, ตายน้ำ, ทะเล"
สินเธาว์ 0,น.,เกลือที่ได้จากแผ่นดิน ตรงข้ามกับที่ได้จากทะเล
สินน้ำใจ 0,น.,เงิน หรือสิ่งของที่ให้เป็นรางวัล
สินบน 0,น.,"ทรัพย์ หรือสิ่งของที่จะให้เพื่อบูชาคุณ หรือตอบแทนผู้ที่จะช่วยให้สำเร็จความประสงค์, ทรัพย์ที่จะให้เพื่อจูงใจให้ทำผิดต่อหน้าที่โดยผู้มุ่งให้ประโยชน์ตน"
สินบริคณห์ 0,น.,สินเดิมและสินสมรส
สินสมรส 0,น.,"ทรัพย์สินที่สามีภรรยาได้มาระหว่างสมรส นอกจากที่ได้ระบุไว้ว่าเป็นสินเดิม, ส่วนมากว่า สินสมสร้าง"
สินสมสร้าง 0,น.,"ทรัพย์สินที่สามีภรรยาได้มาระหว่างสมรส นอกจากที่ได้ระบุไว้ว่าเป็นสินเดิม, ส่วนมากว่า สินสมสร้าง"
สินสอด 0,น.,"ทรัพย์สินที่ฝ่ายชายให้แก่ผู้ปกครองฝ่ายหญิง เพื่อตอบแทนการที่หญิงยอมสมรส, สินบน (โบ.)"
สินไหม 0,น.,เงินค่าปรับผู้แพ้คดี ให้แก่ผู้ชนิดคดี
สินาด 0,น.,"หน้าไม้, ปืน"
สิเนรุ 0,น.,เขาพระสุเมรุ
สิเนห 0,น.,"ความรัก, ลักษณะที่ชวนให้รัก, เครื่องที่ทำให้คนอื่นรัก"
สิเนหา 0,น.,"ความรัก, ลักษณะที่ชวนให้รัก, เครื่องที่ทำให้คนอื่นรัก"
สิบ 0,น.,"จำนวนนับระหว่างเก้ากับสิบเอ็ด, เก้าบวกหนึ่ง"
สิปปะ 0,น.,ศิลปะ
สิม 0,น.,โรงที่พระสงฆ์ประชุมทำสังฆกรรมต่าง ๆ โบสถ์
สิมพลี 0,น.,"ไม้งิ้ว, พระยาครุฑ"
สิระ 0,น.,"หัว, ยอด, ที่สุด"
สิริ 0,น.,"ศรี, มิ่งขวัญ, มงคล"
สิริ 1,ก.,"ผสม, รวม"
สิรี 0,น.,"ศรี, มิ่งขวัญ, มงคล"
สิลา 0,น.,"หิน, ก้อนหิน"
สิว 0,น.,ตุ่มเม็ดเล็ก ๆ ที่มีหนองเป็นไตสีขาว ๆ อยู่ข้างในขึ้นตามใบหน้าและหลัง
สิ่ว 0,น.,เหล็กเครื่องมือช่าง สำหรับตอก เจาะ สลัก ปรุดุน
สิ้ว 0,น.,สีเขียวแก่ อย่างสีหัวเป็ดตัวผู้
สิวช้าง 0,น.,สิวเม็ดหใญ่กว่าสิวธรรมดา ถ้าบีบบวมเป็นพิษ
สิวเสี้ยน 0,น.,สิวที่ไม่เป็นเม็ด อยู่ตามสองข้างจมูก มีลักษณะเหมือนแป้งเปียกข้น ๆ เมื่อบีบจะพุ่งออกเป็นสายคล้าย เสี้ยน
สิวะ 0,น.,ชื่อพระเจ้าสำคัญองค์หนึ่งในพระเจ้าทั้ง ๓ ของฮินดู
สิวาลัย 0,น.,เทวสถานของพระศิวะ
สิวิกา 0,น.,"วอ, เสลี่ยง, คานหาม"
สี 0,ก.,คลึงให้กลม.
สี่ 0,น.,"จำนวนนับระหว่าง ๓ กับ ๕, สามบวกหนึ่ง"
สี้ 0,ก.,ร่วมประเวณีทั้งคน - สัตว์
สี 1,น.,"เครื่องสำหรับหมุนบดข้าวเปลือกให้เป็นข้าวสาร, ส่วนมากว่าโรงสี"
สี 2,น.,แสงสะท้อนจากวัตถุเห็นเป็นสีขาว ดำ แดง เขียวเป็นต้น
สี 3,น.,ปีมะโรง
สี 4,น.,"ท่าทาง, อาการ เช่น สีดือ ๆ"
สี 5,ก.,"ถู เช่น สีแข้ว, สีดอ, สีนวด = สีขี้ผึ้งที่ริมฝีปาก"
สี 6,ก.,คลึงให้กลม.
สีก 0,น.,แนวร่องอย่างเรือที่ใช้มานานเกิดเป็นร่อง ๆ เป็นแนวตามเนื้อไม้ว่า เป็นสีก
สีก 1,น.,น้ำครำใต้ถุนชานตรงที่เก็บโอ่งน้ำหรือใต้ถุนเรือนครัว
สีกา 0,น.,เป็นคำที่บรรพชิตเรียกผู้หญิง
สีกุ่ยถุ่ย 0,ว.,สีน้ำตาลอ่อน
สีข้าง 0,น.,ข้างลำตัว
สี้ซ่อน 0,ก.,"บัง, แอบแฝง, เร้นไม่ให้เห็ฯ"
สีดอ 0,น.,ช้างตัวผู้ซึ่งมีงาสั้นโผล่ออกมาเล็กน้อยผิดกว่าช้างสามัญ
สีดา 0,น.,ชื่อต้นไม้ชนิดหนึ่ง = ฝรั่ง
สีดาย 0,ก.,เสียดาย
สีตะ 0,ว.,เย็น
สีตุ่ย ๆ 0,ว.,สีน้ำตาลอ่อน
สีแตก 0,ก.,"กินมาก, กินไม่เลือก = จะกละจะกลาม"
สีทันดร 0,น.,เมือง ๆ หนึ่งในประเทศลาว (ชื่อทะเลในคัมภีร์ไตรภูมิอยู่ระหว่างเขาสัตตบริภัณฑ์)
สีทันดร 1,น.,ชื่อม้าในวรรณคดี
สีน 0,ก.,"ตัด, ฟันให้ขาด"
สีบัว 0,ว.,"สีแดงปนขาว, มักเรียกว่า สีหมากหว้าชมพู"
สีฝัด 0,น.,เครื่องฝัดข้าวโดยใช้หมุนใบพัดให้เกิดลมพัดข้าวลีบและฝุ่นผงออกจากเมล็ดข้าว
สีไฟ 0,น.,เรียกโรงงานที่สีข้าวด้วยเครื่องจักรว่าโรงสีไฟ
สีไฟ 1,ก.,เอาไม้ไผ่แห้งหรือต้นปอแห้ง ๒ อัน ถูกันไปมาให้เกิดไฟ
สีมันต์ 0,น.,"เขต, แดน (ป.)"
สีมา 0,น.,โรงที่พระสงฆ์ประชุมทำสังฆกรรมต่าง ๆ โบสถ์
สีวิกา 0,น.,"วอ, เสลี่ยง, คานหาม"
สีวิกา 1,น.,"สิวิกา, วอ, เสลี่ยง, คานหาม"
สีสบ 0,น.,ริมฝีปาก
สีสวรรค์ 0,น.,สีย้อมผ้า ซึ่งมาจากต่างประเทศ
สีสะ 0,น.,"ตะกั่ว (ป., ส.)"
สีสะ 1,น.,"ศีรษะ, หัว (ป.)"
สีสา 0,ว.,"เรื่องราว, ประสีประสา = ไม่รู้เรื่องราว"
สีสุก 0,น.,ไม้ไผ่สีสุก ลักษณะมีลำต้นสีเหลือง
สีเสียด 0,น.,ชื่อต้นไม้ชนิดหนึ่ง เปลือกมีรสฝาดใช้กินกับหมาก
สีเสียด 1,น.,แมลงชนิดหนึ่งอยู่ในน้ำ มีปีกขายาวคล้ายแมงดาแต่ตัวเล็ก
สีห์ 0,น.,ราชสีห์ (ดู สิงห์)
สี่หน้า 0,น.,เครื่องบนแห่งเรือนที่ยึดด้านสกัดหลังคาเป็นรูปสามเหลี่ยม เรียก หน้าจั่ว
สีหราช 0,น.,ราชสีห์ โดยปริยายหมายถึง พระราชาผู้แกล้วกล้าเพียงดังราชสีห์
สีหะ 0,น.,ราชสีห์ (ดู สิงห์)
สีโห 0,น.,สัตว์ในวรรณคดีเรื่องศิลป์ชัย = คชสีห์ ตัวเหมือนราชสีห์ แต่ศีรษะเหมือนช้าง
สึง 0,ก.,"อยู่, เข้าอยู่ เช่น ผีสิง"
สึง 1,ก.,"อยู่, ประจำ, แทรก (ดู สิง ๒)"
สึงหลึง 0,ว.,อาการนิ่งนึกอย่างตรึกตรอง
สืด 0,ก.,หายใจเข้าแรง ๆ เพื่อให้สิ่งที่ต้องการเข้าไปในจมูก
สืบ 0,ก.,"ต่อ, ต่อเนื่อง, ต่อไปข้างหน้า"
สืบขี้มูก 0,*ก.,ทำให้ขี้มูกกลับเข้าไปในจมูกอีกตรงข้ามกับสั่ง
สืบพยาน 0,ก.,ถามปากคำผู้เป็นพยาน
สืบสวน 0,ก.,เสาะหาทบทวนไปมาในเหตุที่เกิดขึ้น
สืบสาย 0,ก.,สืบสกุล ส่วนมากว่า สืบสายโลหิต
สืบสาว 0,ก.,"ค้นหาต้นเหตุ, สืบให้รู้ข้อเท้จจริง"
สืบหูก 0,ก.,ต่อหูก คือ เอาด้ายยาวที่เป็นทางยืนมาต่อเข้ากับด้ายที่ติดอยู่กับหูก
สื่อ 0,ก.,"ทำให้ติดต่อถึงกัน, ชักนำให้รู้จักหรือรักกัน"
สื่อลื่อ 0,ว.,ลักษณะนิ่งเฉย
สื่อสาร 0,ก.,นำหนังสือ หรือข้อความของฝ่ายหนึ่งส่งให้อีกฝ่ายหนึ่ง
สุ 0,*ว.,"เป็นอุปสรรคในภาษาบาลีสันสกฤต แปลว่า ดี, งาม, ง่าย"
สุ 1,ก.,ซักเสื้อผ้าให้สะอาด
สุ 2,ว.,งอมจัดจนเนื้อเละเสีย
สุก 0,ก.,"พ้นจากดิบ, ถึงระยะที่ใช้ได้แล้ว, ระอุด้วยความร้อน"
สุกข์ 0,ว.,แห้ง (ป.)
สุกเขียว 0,ก.,สุกข้างใน แต่เปลือกนอกไม่สุก
สุกดิบ 0,ก.,สุกข้างใน แต่เปลือกนอกไม่สุก
สุกแดด 0,ก.,สุกด้วยการผึ่งแดดจนร้อนหรือแห้งกรอบ หรือเหลืองแต่ข้างนอก เพราะถูกแดดเผา แต่ข้างในไม่สุก
สุกร 0,น.,หมู (ป.)
สุกใส 0,ว.,"ผ่องใส, เปล่งปลั่ง"
สุข 0,น.,"ความสุขสบาย, ความสำราญ"
สุขภาพ 0,น.,"ความเป็นสุข, ปราศจากโลก"
สุขภิบาล 0,น.,การระวังรักษาเพื่อความสุขปราศจากโรค
สุขวิทยา 0,น.,วิชาที่กล่าวถึงวิธีปฏิบัติให้ได้รับความสุข ปราศจากโรค
สุขาวดี 0,น.,"แดนอันมีความสุข, สวรรค์ของพระอมิตาภพุทธเจ้าของฝ่ายมหายาน"
สุขิน 0,น.,ผู้มีความสุข
สุขิน 1,ว.,สบาย
สุขี 0,น.,ผู้มีความสุข
สุขี 1,ว.,สบาย
สุขุม 0,ว.,"ละเอียด, ละเอียดอ่อน, ซึ่ง, ประณีต"
สุขุมาล 0,ว.,"ละเอียดอ่อน, นุ่มนวล, ผู้ดี, ตระกูลสูง"
สุคต 0,น.,"ผู้ไปดีแล้ว, พระนามของพระพุทธเจ้า"
สุคตะ 0,น.,"ผู้ไปดีแล้ว, พระนามของพระพุทธเจ้า"
สุคติ 0,น.,"ภูมิที่ไปเกิดมีความสุขความสบาย, สวรรค์"
สุคนธ์ 0,น.,"กลิ่นหอม, เครื่องหอม"
สุคนธา 0,น.,ดอกไม้หอม
สุคันธ์ 0,น.,"กลิ่นหอม, เครื่องหอม"
สุจริต 0,ว.,"ประพฤติดี, ประพฤติซื่อตรง"
สุจิ 0,ว.,"สะอาด, หมดจด, ผ่องใส"
สุจิตร 0,ว.,"หลายสี, เด่น, ยิ่งใหญ่"
สุด 0,ก.,"สิ้น, หมด, จบ"
สุด 1,ว.,"อยู่ปลาย, อยู่ยอด, อยู่ท้าย"
สุดคิด 0,ว.,"หมดปัญญา, คิดอะไรไม่ออก"
สุดจิต 0,ว.,"ยอดรัก, อย่างยอด, อย่างดีที่สุด"
สุดใจ 0,ว.,"ยอดรัก, อย่างยอด, อย่างดีที่สุด"
สุดชู้ 0,สำ.,ยุติการเป็นคนรัก
สุดตา 0,ว.,"ไกลจนมองไม่เห็น โดยปริยายหมายถึง งาม, น่ารัก"
สุดแต่ 0,ว.,แล้วแต่
สุดท้าย 0,ว.,"ที่สุด, อยู่หลัง, อยู่ปลาย"
สุดลูก 0,ว.,ไม่มีลูกต่อไปอีกแล้ว
สุดสะแนน 0,น.,ชื่อทำนองเพลงแคนทำนองหนึ่ง
สุดส้าว 0,ว.,"อาการทำถึงที่สุด, อย่างเต็มที่"
สุดา 0,น.,"ลูกสาว, หญิงสาว"
สุตตะ 0,ก.,หลับแล้ว (ป.)
สุตตันต์ 0,น.,ชื่อปิฎหนึ่งในปิฎกทั้งสาม
สุตะ 0,น.,ลูกชาย
สุตะ 1,ก.,"ได้ยิน, ได้ฟังแล้ว"
สุตะ 2,ก.,"หลับแล้ว (ป., ส.)"
สุทธาวาส 0,น.,ชื่อพรหมโลกที่กล่าวว่าเป็นที่อยู่ของพระอนาคามีบุคคลซึ่งขึ้นไปเกิด
สุทธิ์ 0,ว.,"หมดจด, สะอาด, ล้วน, แท้"
สุทธิ 0,น.,"ความหมดจด, ความสะอาด, ความบิรสุทธิ์, เรียกใบรับรองวิทยาฐานะหรือความประพฤติของพระภิกษุ สามเณรว่า ใบสุทธิ, เรียกผลกำไรที่หักค่าใช้จ่ายแล้วว่า กำไรสุทธิ"
สุทรรศน์ 0,ว.,"สวย, งดงาม, น่าดู"
สุทัศน์ 0,ว.,"สวย, งดงาม, น่าดู"
สุธา 0,น.,"น้ำอมฤต, อาหารทิพย์"
สุธา 1,น.,"ปูนขาว, เครื่องโบกและฉาบทา (ป., ส.)"
สุธาการ 0,น.,ช่างอิฐช่างปูน
สุธาโภชน์ 0,น.,ของกินอันเป็นทิพย์
สุธารส 0,น.,น้ำเสวย
สุธาสินี 0,น.,ผู้กินอาหารทิพย์ คือเทวดา
สุธาสี 0,น.,ผู้กินอาหารทิพย์ คือเทวดา
สุธี 0,น.,"คนที่มีปัญญา, นักปราชญ์"
สุนทร 0,ว.,"งามดี, ไพเราะ"
สุนทรี 0,น.,"หญิงงาม, นางงาม"
สุนที 0,น.,"หญิงงาม, นางงาม"
สุนัข 0,ว.,หมา (ป.)
สุนันท์ 0,ว.,"เป็นที่ยินดี, น่าสบาย"
สุบ 0,ก.,"สวม, เช่น สุบเกิบ = สวมรองเท้า"
สุบรรณ 0,น.,ครุฑ
สุบิน 0,น.,ความฝัน
สุพรรณ 0,น.,ทองคำ
สุพรรณปัฎ 0,น.,แผ่นทองคำที่จารึกชื่อหรือจารึกพระราชสาส์น.
สุพรรณภาชน์ 0,น.,ภาชนะสำหรับใส่พระกระยาหาร ทำด้วยทองคำล้วนทั้งชุด
สุภร 0,ว.,เลี้ยงง่าย
สุภะ 0,ว.,"งาม, ดีงาม, เจริญ"
สุภัค 0,ว.,"งาม, มีโชค"
สุภาพ 0,ว.,"เรียบร้อย, อ่อนโยน, ประพฤติดี, ละมุนละม่อม"
สุภาษิต 0,น.,"คำพูดที่ถือเป็นคติ (ส., ป.)"
สุ่ม 0,น.,เครื่องสาน หรือถักด้วยไม้ไผ่เป็นตา ๆ รูปกลมส่วนล่างปากกว้าง ข้างบนมีช่องพอมือล้วงลงไปได้สำหรับจับปลาหรือครอบไก่
สุ้ม 0,ก.,"ปาดหรือถากให้แหลมเพื่อให้ดูงาม เช่น ส้อมหมากพร้าว, ส้อมอ้อย"
สุม 0,ก.,เผากองขยะหรือเศษสิ่งของที่ไม่ต้องการ
สุ้ม 1,ก.,"ทำให้แหลม, เสี้ยม"
สุม 1,ก.,"วางทับซ้อนกันจนเป็นกอง, รวมกัน, ชุมนุมกัน"
สุ้ม 2,ว.,ลักษณะแหลมทู่
สุมทุม 0,น.,"ซุ้มไม้, ที่ซึ่งปกคลุมตัวยต้นไม้ หรือเถาวัลย์"
สุมน 0,ว.,"มีใจดี, พอใจ"
สุมนัส 0,ว.,"มีใจดี, พอใจ"
สุมนา 0,น.,ดอกมะลิ
สุมนา 1,น.,หญิงใจดี
สุมะ 0,น.,พระจันทร์
สุมาลี 0,น.,"ดอกไม้, พวงดอกไม้."
สุเมธ 0,น.,"คนมีปัญญาดี, นักปราชญ์"
สุเมรุ 0,น.,ชื่อภูเขาในคัมภีร์ไตรภูมิโลกสัณฐาน ถือว่าเป็นที่ตั้งแห่งเมืองสวรรค์ชั้นดาวดึงส์.
สุย 0,ว.,เฉียดไป
สุ่ย 0,ก.,"เสียดสี, กระทบกระทั่ง"
สุรคต 0,ว.,ตาย
สุรคุต 0,ว.,ตาย
สุรงค์ 0,ว.,"มีสีดี, มีสีงาม, งาม, ฉูดฉาด, งามเรืองรอง"
สุรเชษฐ 0,น.,พระพรหม
สุรบดี 0,น.,พระอินทร์
สุรบถ 0,น.,"ฟ้า, สวรรค์"
สุรภาพ 0,น.,อำนาจแห่งเทวดา
สุรภี 0,น.,ต้นไม้ชนิดหนึ่งเนื้อหอม = ต้นสรภี.
สุรยมณฑล 0,น.,ดวงหรือวงตะวัน
สุรโลก 0,น.,สวรรค์
สุรสีหนาท 0,น.,พระดำรัสอันเป็นที่เกรงขามของคนทั้งปวง เหมือนเสียงราชสีห์เป็นที่น่าเกรงขามของสัตว์ทั้งปวง
สุรเสียง 0,น.,เสียงก้องกังวาล
สุระ 0,น.,"น. ผู้กล้าหาญ, นักรบ"
สุระ 1,ว.,"กล้าหาญ, เข้มแข็ง"
สุระ 2,น.,เทวดา
สุระ 3,ว.,ทิพย์
สุรังค์ 0,ว.,"มีสีดี, มีสีงาม, งาม, ฉูดฉาด, งามเรืองรอง"
สุรา 0,น.,ผู้เมาที่กลั่นแล้ว
สุรางคนา 0,น.,นางสวรรค์
สุรางคนา 1,น.,ชื่อกาพย์ชนิดหนึ่งมี ๒๘ คำ คือมี ๗ วรรค วรรคละ ๔ คำ
สุรางคนางค์ 0,น.,ชื่อกาพย์ชนิดหนึ่งมี ๒๘ คำ คือมี ๗ วรรค วรรคละ ๔ คำ
สุราบาน 0,น.,"การดื่มเหล้า, น้ำหล้า"
สุรารักษ์ 0,น.,เทวดาผู้คุมครอง
สุราลัย 0,น.,ที่อยู่ของเทวดา
สุรินทร์ 0,น.,พระอินทร์
สุริยการ 0,น.,แสงพระอาทิตย์
สุริยกาล 0,น.,เวลากลางวัน
สุริยคราส 0,น.,ปรากฏการณ์ที่เกิดขึ้นเมื่อดวงอาทิตย์ ดวงจันทร์ และโลก โคจรเข้ามาอยู่ในแนวเดียวกัน โดยดวงจันทร์อยู่ระหว่างกลางทำให้เงาดวงจันทร์บังดวงอาทิตย์
สุริยคาธ 0,น.,"การจับ, การกิน, การถือ, การอม เช่น จันทรคราส หมายถึงการที่ราหูอมดวงจันทร์, สุริยคราส หมายถึงการที่ราหูอมดวงอาทิตย์"
สุริยง 0,น.,พระอาทิตย์
สุริยน 0,น.,ดวงอาทิตย์ (ทมิฬ)
สุริยะ 0,น.,"ชื่อดาวเคราะห์ดวงหนึ่งใน ๘ ดวง ซึ่งเรียกว่าอัฐเคราะห์คือ สุริยะ, จันเทา, เสารี, กุมมะ, พุธะ, ครู, ราหู, ศุกกะ"
สุริยะ 1,น.,"พระอาทิตย์, ดวงตะวัน"
สุริยัน 0,น.,ดวงอาทิตย์ (ทมิฬ)
สุริยา 0,น.,พระอาทิตย์
สุริยุปราคา 0,น.,สุริยคราส
สุริเยนทร์ 0,น.,พระอาทิตย์
สุริเยศ 0,น.,พระอาทิตย์
สุริโย 0,น.,พระอาทิตย์
สุรีย์ 0,น.,พระอาทิตย์
สุเรนทร์ 0,น.,พระอินทร์
สุวภาพ 0,น.,"สุภาพ, ความดี, ความเรียบร้อย"
สุวรรณ 0,น.,ทอง
สุวรรณภิงคาร 0,น.,พระเต้าทอง
สุวะ 0,น.,นกแขกแต้า
สุวะ 1,*ว.,"เป็นคำนำหน้า แปลว่า ดี, งาม, ง่าย"
สุวินัย 0,ว.,"สอนง่าย, ว่าง่าย, ดัดง่าย"
สุวิมล 0,ว.,กระจ่างหรือบริสุทธิ์แท้
สุสาน 0,น.,ป่าช้า
สู 0,ก.,ซักเสื้อผ้าให้สะอาด
สู 1,ว.,งอมจัดจนเนื้อเละเสีย
สู้ 0,ก.,"ต่อต้าน, พยายามเอาชนะ,ไม่ท้อถอย"
สู 2,ส.,เป็นสรรพนามแทนบุรุษที่ ๒ พหูพจน์
สู่ 0,ก.,"ไปหา, ไปถึง, ไปอยู่รวมกัน"
สู 3,ก.,ซักเสื้อผ้าให้สะอาด
สู่ 1,ว.,"ร่วมกัน, ด้วยกัน"
สู 4,ว.,งอมจัดจนเนื้อเละเสีย
สู่ 2,บุ.,"ถึง, ยัง"
สู่ขวัญ 0,น.,"พิธีเชิญขวัญ, พิธีบายศี"
สู่ขอ 0,ก.,ไปพูดจาขอหญิงในความปกครองของผู้อื่นเพื่อสมรส ส่วนมากว่า โอม
สูง 0,ว.,"ตรงขึ้นไปทางตั้งฉากกับพื้น, ไม่ต่ำ, เด่น, ตระหง่าน"
สูงโถกโถก 0,ว.,อาการเดินของคนร่างสูง ว่า เดินโถก หรือโถกเถก
สูจิ 0,น.,"เข็ม, เครื่องชี้, รายการ, สารบัญ"
สูจิบัตร 0,น.,ใบออกรายการ
สูญ 0,ว.,"ว่างเปล่า, หายสิ้นไป, ไม่มีอะไร"
สูญโญ 0,ว.,"ว่างเปล่า, หายสิ้นไป, ไม่มีอะไร"
สูด 0,น.,แมลงชนิดหนึ่งทำรังในโพรงไม้หรือในดินเรียกแมงสูด หรือแมงขี้สูด = ชันโรง
สูด 1,น.,ยางไม้บางชนิด ซึ่งนำมาเคล้าให้เหนียว หรือรังของแมงสูด เรียก ขี้สูด
สูด ๆ 0,ว.,เสียงหายใจแรง ๆ ขณะนอนหลับ
สูต 0,ก.,"เล่าเรียนศึกษา, ฟัง"
สูตร 0,น.,"ข้อความที่แต่งขึ้นเป็นแบบข้อความที่ร้อยกรองไว้อย่างย่อ ๆ , กฎสำหรับท่อง"
สูตรมล 0,น.,กฎไวยากรณ์ภาษาบาลีสันสกฤต
สูติ 0,น.,"การเกิด, กำเนิด, การคลอดบุตร"
สูติกรรม 0,น.,การคลอดบุตร
สูน 0,ก.,สิง เช่น ผีสูน = ผีสิงผีเข้า
สูน 1,ก.,โกรธจัด
สูนเข้า 0,ก.,ตกกล้าที่ไม่ต้องแช่ข้าวบนที่ดอนไม่มีน้ำโดยไถแล้วหว่าน เสร็จแล้วคราดกลบอีกครั้งหนึ่ง
สูนผี 0,ก.,เกลื่อนฝี
สูบ 0,น.,เครื่องสำหรับดูดของเหลวหรือลม
สูบลม 0,ก.,ดูดลมเข้าหรืออก
สูปะ 0,น.,"ของกินที่เป็นน้ำ, แกง, ของต้มที่เป็นน้ำ"
สูร 0,น.,"พ่อตา, พ่อผัว"
สูรภี 0,น.,ต้นไม้ชนิดหนึ่งเนื้อหอม = ต้นสรภี.
สูรย์ 0,น.,พระอาทิตย์
สูรยะ 0,น.,พระอาทิตย์
สูระ 0,น.,"พ่อตา, พ่อผัว"
สูริ 0,น.,"คนมีปัญญา, คนกล้า"
สู่สม 0,ก.,อยู่ด้วยกันอย่างผัวเมีย
สูสี 0,ก.,"เกี่ยวพัน, ข้องแวะเชิงชู้สาว"
สูสี 1,ก.,"ไล่เลี่ย, พอ ๆ กัน, ใกล้เคียง"
เส้ 0,ก.,เสียงไล่หรือตวาดหมา = เฉด
เสก 0,ก.,"ร่ายมนต์เพื่อให้ศักดิ์สิทธิ์, รดน้ำในพิธีมงคล"
เสกเลก 0,ว.,ลักษณะของใบหน้าที่ยาวผิดปกติ เรียกว่า หน้ายาวเสกเลก
เสกสรร 0,ก.,เลือกทำหรือพูดเอาเอง
เส็ง 0,ก.,สอบแข่งขัน
เส็ง 1,ก.,แข่งขัน
เสงี่ยม 0,ว.,"ระมัดระวัง, เรียบร้อย"
เสฏฐี 0,น.,"เศรษฐี, คนมั่งมี"
เส็ด 0,น.,ปีจอ
เสด็จ 0,น.,คำเรียกเข้านายชั้นพระองค์เจ้าขึ้นไป
เสด็จ 1,ก.,"ไป, จบ"
เสต 0,ว.,"เศวต, สีขาว"
เสตุ 0,น.,"สะพาน (ป., ส.)"
เสถียร 0,ว.,"มั่นคง, แข็งแรง"
เสถียรภาพ 0,น.,ความมั่นคง
เสท 0,น.,"เหงื่อ, ไคล"
เสโท 0,น.,"เหงื่อ, ไคล"
เสน 0,น.,ชื่อต้นไม้ชนิดหนึ่ง มีกลิ่นหอม จำพวกเนียม
เส้น 0,น.,"สาย, แถว, ทาง, สิ่งซึ่งมีลักษณะเป็นสายในร่างกาย เป็นทางเดินของเลือด และประสาทของร่างกาย"
เส้น 1,น.,ชื่อมาตราวัด ๒๐ วา เป็น ๑ เส้น
เสน่ห์ 0,น.,"ความรัก, ลักษณะที่ชวนให้รัก, เครื่องที่ทำให้คนอื่นรัก"
เสน่หา 0,น.,"ความรัก, ลักษณะที่ชวนให้รัก, เครื่องที่ทำให้คนอื่นรัก"
เสนอ 0,ก.,"ยื่นต่อ, นำขึ้นอ้าง, ยกขึ้นกล่าว, บอกให้รู้, ชี้แจง"
เสนา 0,น.,"กองทหาร, กองทัพ, หมู่ทหาร, คนรับใช้"
เสนาธิการ 0,น.,ตำแหน่งผู้วางแผนการรบ
เสนาบดี 0,น.,"แม่ทัพ, ข้าราชการชั้นผู้ใหญ่, เจ้ากระทรวง"
เสนาพยูห์ 0,น.,กระบวนทัพ
เสนี 0,น.,"กองทหาร, กองทัพ, หมู่ทหาร, คนรับใช้"
เสบงัน 0,ก.,"ฉลอง, สมโภช"
เสบย 0,ว.,"อยู่ดีกินดี, สุขสำราญ, ไม่มีทุกข์ร้อน, ไม่เจ็บไม่ป่วย, เป็นสุขกายสบายใจ"
เสม์ 0,น.,รูปเครื่องหมายปักเขตอุโบสถ หรือที่เรียงกันอยู่บนกำแพง
เสม์ 1,น.,"เขต, แดน"
เสมอ 0,ก.,เข้าด้วย
เสมอภาค 0,ว.,"มีส่วนเท่ากัน, เสมอหน้ากัน"
เสมา 0,น.,รูปเครื่องหมายปักเขตอุโบสถ หรือที่เรียงกันอยู่บนกำแพง
เสมา 1,น.,"เขต, แดน"
เสมียน 0,น.,เจ้าหน้าที่เกี่ยวกับหนังสือ
เสย 0,ก.,"เอาหวีหรือมือตลบผมขึ้นไป เช่น เสยผม, ช้อนค้าง เช่น เอากำปั้นเสยคาง"
เสร็จ 0,ก.,"แล้ว, จบ"
เสริม 0,ก.,"เพิ่ม, เติม"
เสรี 0,ว.,"ที่ทำได้โดยอิสระ, มีสิทธิที่จะพูด จะทำโดยไม่ละเมิดสิทธิของผู้อื่น"
เสรีภาพ 0,น.,ความมีเสรี
เสล็จ 0,ก.,"ไป, เคลื่อนไป"
เสลด 0,น.,"เสมหะ, เมือกข้นที่ออกจากลำคอ"
เสลบรรพต 0,น.,ภูเขาหิน
เสละ 0,น.,"ภูเขา, หิน, เต็มไปด้วยหิน"
เสลา 0,น.,ต้นไม้ชนิดหนึ่งออกดอกมสีม่วงในฤดูแล้ง
เสลา 1,น.,"ภูเขา, หิน, เต็มไปด้วยหิน"
เสลา 2,น.,ชื่อต้นไม้ชนิดหนึ่ง จำพวกตะแบก
เสลา 3,ว.,"สวย, งาม, เกลี้ยงเกลา, โปร่ง = เฉลา"
เสลียง 0,น.,คานหาม
เสลือกสลน 0,ว.,"เสือกสน, ลนลาน"
เสโล 0,น.,"เครื่องกันอาวุธ, โล่"
เสวก 0,น.,ข้าราชการในสำนัก
เสวกามาตย์ 0,น.,เสวกและอำมาตย์
เสวนะ 0,น.,การคบ
เสวนา 0,น.,การคบ
เสวย 0,ก.,"ได้รับ, ได้ประสม, กิน, เสพ, ครอง"
เสวียนกว้าน 0,น.,ของที่ทำด้วยขี้ตอก หรือผ้าขี้ริ้วให้เป็นวงกลม สำหรับรองก้นหม้อ
เสสรวล 0,ก.,หัวเราะอย่างสนุกสนาน
เส่า 0,ก.,หายใจถี่ด้วยความเหนื่อยหรืออ่นเพลีย = หอบ
เส้า 0,น.,ก้อนดิน ก้อนหินหรือไม้ที่ตั้งหรือปักเป็นเสามุมสำหรับรองรับหม้อรับหุงข้าว เป็นต้น
เสา 0,น.,"ไม้ที่ใช้ตั้งเป็นหลัก หรือเป็นเครื่องรับรองสิ่งอื่นมีเรือน เป็นต้น, เรียกสิ่งอื่น ๆ ที่มีลักษณะเช่นนั้น"
เสา 1,น.,มันชนิดหนึ่ง เรียกมันเสา
เสาขั้นคอก 0,น.,ไม้หลักที่เจาะเป็นรูทะลุสำหรับสอดคร่าวรั้ว
เสาร์ 0,น.,"ชื่อดาวเคราะห์ที่ ๗ , ชื่อวันที่ ๗ ชองสัปดาห์"
เสารี 0,น.,ดาวพระเคราะห์ดวงหนึ่งใน ๘ ดวง (ดู สุริยะ) ๑ = ดาวพระเสาร์
เสาวคนธ์ 0,น.,"ของหอม, เครื่องหอม, กลิ่นหอม"
เสาวคันธ์ 0,น.,"ของหอม, เครื่องหอม, กลิ่นหอม"
เสาวณะ 0,น.,เดือนที่ ๙
เสาวณะ 1,ก.,"การฟัง, การได้รับฟัง"
เสาวณิต 0,ก.,"ฟังแล้ว, รับสั่ง"
เสาวนา 0,ก.,"การฟัง, การได้รับฟัง"
เสาวนาการ 0,ก.,"การฟัง, การได้รับฟัง"
เสาวนีย์ 0,น.,"คำสั่งของนางพระยา, คำสั่งท้าวพระยา"
เสาวภาคย์ 0,น.,"ความสุขเกษม, ความเจริญ, โชคลาภ, ความสำเร็จ"
เสาวภาพ 0,ว.,"สุภาพ,เรียบร้อย, อ่อนโยน, ประพฤติดี, ละมุนละม่อม"
เสาวรส 0,ว.,"มีรสอร่อย, มีรสดี"
เสาวลักษณ์ 0,น.,"ลักษณะดี, ลักษณะงาม"
เสาวะ 0,ว.,"ดี, งาม (แผลงมาจาก สว สุ โส เช่น เสาว จาก สวภาพ, เสาวคนธ์ จาก สุคนธ์, เสาวภา จาก สุภาหรือโสภา)"
เสาเสมรุ 0,น.,ชื่อเรียกเขาพระเสมรุราชหรือสิเนรุราช ซึ่งถือว่าเป็นหลักของโลกตามคติของชาวอินเดียโบราณ
เสาะ 0,ก.,"ค้นหา, สืบ, แสวงหา, เฉาะ เช่น เสาะอ้อย"
เสาะ 1,ว.,"สด, ผ่องผุด"
เสาะแล่ง 0,ก.,"ทำให้หายยุ่ง, ซักไซ้ไล่เลียงให้ได้ความจริง"
เสาะใส 0,ว.,สดใส ออกเสียงเป็น สอใส บ้าง
เสิง 0,ว.,"รุ่ง, จวนรุ่ง, จวนแจ้ง"
เสิงสาง 0,ว.,"รุ่งสาง, พอสาง ๆ , จวนสว่าง"
เสีย 0,ก.,"ตาย เช่น หญ้าเสีย, หาย เช่น งัวเสีย"
เสีย 1,ว.,"เลวลง, ใช้ไม่ได้, สิ้น, สละ, ทิ้ง, ขาดทุน, จ่าย, หมดเปลือง, พลาด, แพ้, ตาย, ชั่ว"
เสียก 0,ก.,"ถอก, ทะลุออก, โผล่ออก เช่น กระดูกเสียง = กระดูกทะลุออกนอกเนื้อ, ใช้กับอวัยวะเพศชาย"
เสียกล 0,ก.,"พลาดไปเพราะรู้ไม่ถึงเลห์เหลี่ยมเขา, หลงกล"
เสียการ 0,ก.,ทำให้งานหรือแผนที่วางไว้ไร้ผล
เสียกำลัง 0,ก.,ทำให้เรี่ยวแรงลดน้อยถอยลง
เสียกำลังใจ 0,ก.,ทำให้ความกล้าหรือความมานะลดถอยหรือหมดไป
เสียกำเอากอบ 0,สำ.,สละจำนวนน้อยเพื่อให้ได้มาซึ่งประโยชน์จำนวนมาก
เสียกิริยา 0,ก.,แสดงมารยาทไม่ดี
เสียเกียรติ 0,ก.,ทำให้เสื่อมเกียรติ
เสียขวง 0,ก.,"ให้ผีกินเปล่าเสียก่อนเพื่อให้หมดเคราะห์, เซ่นผี"
เสียขวัญ 0,ก.,"ตกใจ, ขวัญหนีดีฝ่อ"
เสียของ 0,ก.,ทำให้ข้าวของชำรุดหรือหมดเปลืองไปโดยเปล่าประโยชน์
เสียขา 0,ก.,"ขาขาด, ขาพิการ, ขาดผู้ร่วมการ"
เสียขี้ 0,ก.,กิริยาที่ผึ้งบินออกจากรังทั้งฝูงแล้วกลับเข้ามาใหม่
เสียขี้ปลา 0,ก.,บีบหรือแหวะขี้ออกจากปลา
เสียขี้ม้อน 0,ก.,ทำความสะอาดกระด้งเลี้ยงไหมโดยเอาใบไม้ออก
เสียขี้ไหม 0,ก.,เลาะขี้ไหมออกจากเส้นไหม
เสียคน 0,ก.,"กลายเป็นคนไม่ดี, เสื่อมเสีย"
เสียความ 0,ก.,ทำให้ข้อความเลวลงหรือไม่ได้เรื่องราว
เสียคำพูด 0,ก.,ผิดวาจาที่ว่าไว้หรือสัญญาไว้
เสียเคราะห์ 0,ก.,สะเดาะเคราะห์
เสียง 0,น.,สิ่งที่ได้ยินด้วยหู
เสี่ยง 0,ก.,ลองเผชิญต่อผลดีหรือผลร้าย
เสี้ยง 0,ว.,"หมด, สิ้น, ทั้งหมด, ทั้งสิ้น"
เสียงควง 0,น.,เสียงมีกังวาน
เสียงโค 0,น.,"เสียพร่า, เสียงแตก"
เสี่ยงเงี่ยง 0,ว.,เอียง
เสี่ยงโชค 0,ก.,ลองเผชิญเพื่อแสวงหาโชค
เสียงฟ่า 0,น.,"เสียงพร่า, เสียงไม่ชัดเจน"
เสียงฟ่าว 0,น.,เสียงแหบแห้ว
เสียงหอง 0,น.,"เสียงสูง, เสียงดังก้อง"
เสียจริต 0,ว.,"จิตใจผิดปกติจากคนธรรมดา, วิกลจริต, เป็นบ้า"
เสียใจ 0,ก.,"โทมนัส, เป็นทุกข์เพราะผิดหวัง, เป็นทุกข์ด้วย"
เสียโฉม 0,ก.,สูญสิ้นไปซึ่งความงาม
เสียชาติเกิด 0,ก.,เกิดมาไม่ได้ทำความดีหรือประโยชน์อันใดไว้
เสียชีวิต 0,ก.,ตาย
เสียชื่อ 0,ก.,ทำให้ชื่อเสียงไม่ดี
เสียด 0,ก.,เจ็บแทงเข้าไปในเนื้อ
เสียดมเสียดาย 0,สำ.,เสียดาย
เสียดสวย 0,ก.,"พูดเปรียบเปรย, พูดกระทบกระทั่ง, พูดเหน็บแนม"
เสียดสี 0,ก.,"พูดเปรียบเปรย, พูดกระทบกระทั่ง, พูดเหน็บแนม"
เสียดาย 0,ก.,เสียดาย
เสียโต 0,ก.,"ตาย, เสียตัว"
เสียท่า 0,ก.,"พลาดท่า, เพลี่ยงพล้ำ"
เสียที 0,ก.,"พลาดท่วงที่, เพลี่ยงพล้ำ, เสียจังหวะอันเหมาะสมที่จะทำกิจอย่างใดอย่างหนึ่ง"
เสี้ยน 0,น.,เนื้อไม้แตกเป็นเส้นเล็ก ๆ ปลายแหลมอย่างหนาม
เสี้ยน 1,น.,ชื่อผักมี ๒ ชนิด คือผักเสี้ยน ชนิดแรกใช้ดองเป็นผัก ชนิดที่สองใช้ทำยา
เสี้ยนดิน 0,น.,ชื่อแมงชนิดหนึ่ง ตัวเล็กมาก อาศัยอยู่ในดิน เมื่อปักจะคันและเสียวแปลบ = เห็บเสี้ยน
เสี้ยนหนาม 0,น.,ข้าศึกศัตรู
เสียเนื้อเสียโต 0,ก.,เสียโต
เสียบ 0,น.,ชื่อหอยทะเลชนิดหนึ่ง
เสียบ 1,ก.,"ปัก, เอาของดันลงบนปลายสิ่งที่แหลม ๆ , แทงที่เจ็บเสียดในท้องหรือในเนื้อ"
เสียบน 0,ก.,"แก้บน, เอาของมาเซ่นไหว้ตามที่บนไว้"
เสียเปรียบ 0,ก.,แพ้เปรียบ
เสียผี 0,ก.,"เสียค่าสินไหมเมื่อทำผิดประเวณี, ขอขมาผี"
เสียแพ้ 0,ก.,เสียชัยชนะ
เสียแพ้คน 0,ก.,เสียรู้คน
เสี้ยม 0,น.,ไม้แหลมสำหรับขุดใช้แทนเสียม
เสี้ยม 1,ก.,ทำให้แหลม
เสี้ยม 2,ว.,"แหลม, แหลมคม"
เสี้ยมสอน 0,ก.,สอนให้ฉลาดในอุบาย
เสี่ยว 0,น.,เพื่อนรักเพื่อนเกลอ เพื่อนสนิท
เสียว 0,น.,ชื่อต้นไม้ชนิดหนึ่งคล้ายต้นมะข้ามป้อม ใบคล้ายใบหางนกยูงชอบเกิดในที่ลุ่ม
เสี้ยว 0,น.,"ชื่อพรรณไม้ประเภทหนึ่ง มี ๓ ชนิด คือ เสี้ยวส้ม คล้ายชงโคยอดมีรสเปรี้ยวกินได้, เสี้ยวโผ่และเสี้ยวเครื่อ = กาหลง"
เสียว 1,ว.,"ฉลาด, หลักแหลม, เฉลียว"
เสี้ยว 1,น.,"ส่วนหนึ่งในสี่, ส่วนย่อย, ส่วนที่น้อยกว่าครึ่ง"
เสี้ยว 2,ว.,"เฉ, แฉลบ, ไม่ตรง"
เสียวสวาด 0,น.,ชื่อตัวเอกในวรรณคดีเรื่องเสียวสวาด
เสียวสวาด 1,ว.,เฉลียดฉลาด
เสียสละ 0,ก.,สละ
เสียสัตย์ 0,ก.,"ทำผิดสัตย์, พูดแล้วไม่ปฏิบัติตามคำพูด"
เสียสาว 0,ก.,สูญสิ้นความเป็นสาวคือถูกชายร่วมประเวณี
เสียสิทธิ 0,ก.,"สูญสิ้นไปซึ่งสิทธิ, หมดสิทธิ"
เสียเส้น 0,ว.,"พิการ, ผิดหวัง"
เสียแสงตา 0,ก.,ทำให้สายตาไม่ดี
เสียหน่อเสียแนว 0,ก.,"นอกดอก, เสื่อมเสียเกียรติยศของวงศ์สกุล"
เสียหน้า 0,ก.,ขายหน้า
เสียหลัก 0,ก.,"พลาดท่าทรงตัวไม่ได้, ซวนเซ"
เสียหัว 0,ก.,เสียเงินค่ารัชชูปการ
เสียหาย 0,ก.,"เสื่อมทราม, หมดสิ้นหรือชำรุดสลักหักพังไป, สูญทรัพย์สินหรือมีความอัปยศ"
เสียเหลี่ยม 0,ก.,"ถูกลบเหลี่ยม, เสียชั้นเชิง, พลาดท่าขายหน้าเขา"
เสียเหื่อเสียแฮง 0,ก.,เสียแรง
เสียอกเสียใจ 0,ก.,เสียใจ
เสียฮู้ 0,ก.,เสียรู้
เสียฮู้คน 0,ก.,เสียรู้คน
เสียแฮง 0,ก.,เสียแรง
เสือ 0,น.,สัตว์สี่เท้าเลี้ยงลูกด้วยนม มีนิสัยดุร้าย ลักษณะคล้ายแมวแต่โตกว่า กินสัตว์อื่นเป็นอาหาร
เสื่อ 0,น.,ที่นอนยัดด้วยนุ่นหรือสำลี = ฟูก
เสื้อ 0,น.,เครื่องสวมกลายท่อนบนทำด้วยผ้าหรือไหม
เสือก 0,ก.,"ไสไป, พุ่งไป, ทะลึ่ง"
เสือกสน 0,ก.,กระเสือกกระสน
เสือกินหมู 0,น.,การเล่มแบบหนึ่ง คล้ายหมากฮอส
เสือง 0,ว.,"รุ่ง, จวนรุ่ง, จวนแจ้ง"
เสือง 1,ว.,"รุ่ง, สว่าง"
เสื้อง 0,ก.,ชำเลืองตา เรียกตาเขว่า ตาเสื้อง
เสือด 0,ก.,"ชายตา, กวาดตา"
เสือดสิ้ง 0,ก.,ชายตาชำเลืองดู
เสือนอนกิน 0,น.,เครื่องดักล่อปลาชนิดหนึ่ง
เสือนอนกิน 1,น.,เครื่องดักปลาชนิดหนึ่ง
เสือนอนกิน 2,สำ.,ผู้ได้รับผลประโยชน์โดยไม่ต้องออกแรง
เสือลายพาดกลอน 0,น.,เสือชนิดหนึ่ง มีลายพาดตามตัว
เสือสมิง 0,น.,คนที่กลายเป็นเสือด้วยอำนาจอาคม
แส้ 0,น.,"สิ่งที่เป็นริ้ว ๆ เช่น ชิ้นแส้, ปลาแส้ = เนื้อหรือปลาที่ทำเป็นริ้ว ๆ ตากแห้ง, ไม้เรียวสำหรับสำหรับตีม้าปลายถัก หรือฟั่นเป็นเกลียวยาวอย่างไม้เรียว เรียก แส้ม้า"
แส้ 1,น.,"คำเสริมบทเพื่อให้ถ้อยคำสละสลวยแต่ไม่มีความหมาย เช่น สาวแส้ แส้ก็คือสาวนั้นเอง, แส้กะตอด = ไม้ตะพดที่มีเชือกผูกปลายตะพด อีกมุมหนึ่งของเชือกผูกไว้กับไม้กลมมีสันฐานคล้ายลูกมะกอก สำหรับใช้กับช้าง"
แส้ 2,น.,ม้า
แส้ 3,ว.,"ซ้อง, สรรเสริญ, อึกทึก"
แสก 0,น.,ชื่อของชนเผ่าหนึ่งในตระกูลมอญเขมร อาศัยอยู่ในท้องที่จังหวัดนครพนม
แสก 1,น.,ชื่อนกเค้าประเภทหนึ่ง
แสง 0,น.,"อาวุธ, ศัสตรา, เครื่องมีคม"
แส่ง 0,น.,ไม้เสริมบ่อน้ำกันดินพัง เรียก แส่งส้าง
แสง 1,น.,ชื่อพรรณไม้ชนิดหนึ่ง ใบเรียวปลายแหลมใช้เป็นผัก ลูกกลมขนาดผลมะขามป้อม เรียก ต้นแสง
แส่ง 1,ก.,เสริม เช่น แส่งเมือง = เสริมเมือง
แสง 2,น.,ชื่อเห็ดชนิดหนึ่ง เป็นฝอย มีแสงเรืองๆ เหมือนพรายน้ำ เรียก เห็ดแสง
แสง 3,น.,"ความสว่าง, ความโพลง เช่น แสงไฟ"
แสงเบื่อ 0,น.,พรรณไม้ชนิดหนึ่งมีพิษอย่างร้ายแรงลูกคล้ายลูกตูมกา ใช้ทำยา
แส้ชะค้อม 0,น.,"กองทัพม้า, พลม้า"
แส้ชะค้อม 1,ก.,"เคลื่อน, ยาตรา"
แสด 0,ว.,สีแดงปนเหลือง
แสดง 0,ก.,"ชี้แจ้ง, อธิบาย, บอกข้อความให้รู้"
แสตมป์ 0,น.,"ดวงตรา, ตั่วตราไปรษณีย์, ไปรษณียากร (อ.)"
แสน 0,น.,ตำแหน่งขุนนางฝ่ายทหารสมัยโบราณ
แสน 1,ว.,สิบหมื่น
แสนง 0,ว.,"ขัดลาภ, อับโชค, เป็นเสนียด"
แสนย์ 0,น.,คนในกองทัพบก (ส.)
แสนยา 0,น.,คนในกองทัพบก (ส.)
แสนยากร 0,น.,"หมู่ทหารบก, กองทัพบก"
แสนยานุภาพ 0,น.,อำนาจกองทัพบก
แสนแวน 0,ว.,"ซุกซน, ทะลึ่ง"
แสบ 0,ก.,"เจ็บอย่างบาดแผลที่ถูกน้ำเกลือ, เจ็บอย่างเผ็ดร้อน"
แสบหมากโหก 0,ก.,แสบร้อนในลำคอชั่วระยะหนึ่งและหายไปเอง
แสลง 0,น.,ต้นแสลงใจ หรือต้นกะกลิ้ง ผลใช้เป็นยาเบื่อเมา
แสล่ง 0,ก.,แต่งตั้ง
แสลงพิษ 0,น.,ต้นแสลงใจ หรือต้นกะกลิ้ง ผลใช้เป็นยาเบื่อเมา
แสลา 0,น.,พรรณไม้ยืนต้นชนิดหนึ่ง อยู่ในจำพวกตระแบก ดอกสีม่วงปนแดง
แสว 0,ก.,"เฉี่ยว, แว้ง, ปัด"
แส้ว 0,ก.,(กลอน) โฉบฉวับเฉวียน
แส่ว 0,ก.,"โฉบ, เฉี่ยว"
แส่ว 1,ก.,"สอย, ปะ เช่น แส่วเสื้อ"
แสวง 0,ก.,"เที่ยวหา, ค้นหา, เสาะหา"
แสะ 0,น.,"ม้า (ข. มอญ, ส่วย)"
โส 0,ก.,"คุยกัน, สนทนากัน, พูดจาหารือกัน"
โส 1,ก.,ยอมเสี่ยง
โส 2,ว.,ทอดอาลัยในชีวิต
โสก 0,น.,"ความทุกข์, ความเศร้า, ความเดือดร้อนใจ"
โสก 1,น.,คำประพันธ์สันสกฤตสี่บาทเป็นหนึ่งโศลก
โสก 2,?,ดู โศก
โสก 3,น.,ที่ซึ่งเป็นแอ่งลึก หรือน้ำไหลจนเป็นร่องลึก = โตรก
โสก 4,น.,คำประพันธ์สันสกฤตสี่บาทเป็นหนึ่งโศลก
โสกัน 0,ก.,"สนทนา, ถกเถียง"
โสกินี 0,น.,"หญิงที่มีความเศร้า, หญิงที่โศกเศร้า"
โสกี 0,น.,ชายที่โศกเศร้า
โส้ง 0,น.,"กางเกง, ส่วนมากว่า โส้ง"
โสณฑ์ 0,น.,"นักเลง, นักเลงเหล้า"
โสณะ 0,น.,"หมา (ป., ส.)"
โสณิ 0,น.,ตะโพก
โสด 0,น.,"ส่วนหนึ่ง, แผนก"
โสด 1,ว.,"เดียว, เปลี่ยว, โดด, ไม่มีคู่"
โสดา 0,น.,ผู้ฟัง (ป.)
โสดา 1,น.,"กระแสความ, กระแสน้ำ, กระแสธรรม ซึ่งเป็นคู่ต้นแห่งมรรคผล เป็นข้อปฏิบัติแห่งพระอริยสัจ (ป.)"
โสดาบัน 0,น.,ผู้แรกถึงกระแสธรรม คือพระอิรยบุคคลชั้นต้น
โสดาปัตติผล 0,น.,"ธรรมชั้นต้นของพระอริยะเจ้า ต่อจากโสดาปัตติมรรคขึ้นไป, ผู้สำเร็จธรรมชั้นนี้เรียก ""พระโสดาบัน"""
โสดาปัตติมรรค 0,น.,ธรรมชั้นต้นของพระอริยะเจ้า
โสต 0,ว.,ยินดี
โสตถี 0,น.,"ความสวัสดี, ความดี, ความสบาย"
โสตะ 0,น.,"หู, ประสาทหู"
โสตา 0,น.,"ช่อง, ช่องหู (ป.)"
โสตา 1,น.,"กระแส, สายน้ำ, ลำธาร"
โสธนะ 0,น.,"การทำความสะอาด, การชำระล้าง, การชำระให้ถูกต้อง"
โสภ์ 0,ว.,"งาม, อร่าม (ป.)"
โสภณ 0,น.,"ความงาม, การตกแต่ง, ความผ่องใส"
โสภา 0,ว.,"งาม, อร่าม (ป.)"
โสภิณี 0,น.,หญิงงาม (ย่อมาจากนครโสภิณี น. หญิงงามเมือง)
โสภี 0,ว.,"งาม, อร่าม (ป.)"
โสม 0,น.,ชื่อไม้ล้มลุกชนิดหนึ่ง ใบอวบน้ำ มีหัวกินได้ มี ๒ ชนิด
โสม 1,น.,พระจันทร์
โสม 2,น.,น้ำเมาชนิดหนึ่งทำจากไม้เถาสำหรับถวายพระอินทร์ในพิธีพราหมณ์
โสม 3,น.,ทอง
โสม 4,ก.,"สวม, โอบ"
โสมนัส 0,น.,"ความสุขใจ, ความปลื้มใจ, ความดีใจ"
โสมม 0,ว.,"สกปรก, เลอะเทอะ, น่าขยะแขยง"
โสร่ง 0,น.,ผ้านุ่งเป็นถุงมีตาใหญ่ลวดลายต่าง ๆ
โสรจ 0,ก.,"สาด, รด (ข. โสรจ, ป. โสจ)"
โสรจสรง 0,ก.,"ชำระให้สะอาด, อาบน้ำ, รดน้ำ"
โสสุด 0,ก.,ยอมเสี่ยงให้ถึงที่สุดแม้ตายก็ยอม
โสเหล้ 0,ก.,ถกเถียงกันไม่ตกฟาก
โสเหล้กัน 0,ว.,ถกเถียงกัน
โสฬส 0,ว.,สิบหก
ใส 0,ว.,"สว่าง, กระจ่าง, สะอาด"
ใส่ 0,ก.,"สวม, บรรจุ, บรรทุก"
ใส้ 0,น.,ปีมะเส็ง
ใส่ความ 0,ก.,"พูดหาเหตุร้าย, กล่าวหาเรื่องร้ายให้ผู้อื่นได้รับความเสียหาย"
ใส่ใจ 0,ก.,"คิดฝักใฝ่ ตรึกตรอง, ระวัง"
ใส่ถัง 0,ก.,"เข้าเฝือก (ใช้แก่คน), จับสัตว์โดยเอาขาไพล่หลังและใช้เล็บเกี่ยวกัน"
ใสไย 0,ก.,"เยาะเย้ย, พูดพาดพิง, เหน็บแนม"
ใส่ไย 0,ก.,"เยาะเย้ย, พูดพาดพิง, เหน็บแนม"
ไส 0,น.,เดือยหรือไกประกอบแร้ว หรือเครื่องดักสัตว์สำหรับให้ลั่น
ไส้ 0,น.,"ส่วนข้างในของร่างกายซึ่งเป็นทางเดินของอาการ, ของที่อยู่ข้างใน หรือใส่ข้างใน"
ไส 1,ก.,"เสือกไป, ส่งไป, รนไป"
ไส่ 0,น.,ชื่อนกชนิดหนึ่ง
ไส 2,ว.,ไหน เช่น ไปไส
ไส่ 1,น.,ชื่อพืชนิดหนึ่ง = มะระ
ไสกบ 0,ก.,เอากบเสือกไปตามผิวไม้เพื่อให้คมกบกินผิวไม้ให้เรียบ
ไส้ไก่ 0,น.,พรรณไม้ล้มลุกชนิดหนึ่ง ลำต้นใช้ทำปอเรียกปอไส้ไก่
ไส้ไก่ 1,น.,ยางที่ต่อกับหัวกระจุ๊บยางในรถ
ไส้ขี้ 0,ก.,เอาขี้ออก เช่น ไส้ขี้ปลา
ไสช้าง 0,ก.,บังคับให้ช้างไป
ไสช้างเข้าฮูเข็ม 0,สำ.,ทำสิ่งที่เป็นไปไม่ได้
ไส้ตัน 0,น.,ชื่อพรรณไม้เถาชนิดหนึ่ง เรียก เครือไส้ตัน
ไสย 0,น.,"ลัทธิอันเนื่องด้วยเวทมนต์, คาถาอาคม"
ไสยยา 0,ก.,นอน (ป.)
ไสยเวท 0,น.,วิชาว่าด้วยคาถาอาคมของพวกพราหมณ์
ไสยศาสตร์ 0,น.,ศาสตร์ว่าด้วยคาถาอาคม
ไสว 0,ว.,"สล้าง, ระดะไป, มาก, ดื่นดาด"
