คำ,POS,ความหมาย
ต 0,?,พยัญชนะตัวที่ ๒๑ เรียกว่า ตอ เต่า เป็นอักษรกลาง ใช้เป็นพยัญชนะต้น และเป็นตัวสะกดในมาตรากดหรือแม่กด เช่น จิต เมตตา ฟุต.
ตก 0,ก.,"พลัดลง, หล่นลง, เช่น ตกบันได ตกต้นไม้"
ตก 1,ก.,"ไหลลง, หยดลงมา, เช่น ฝนตก"
ตก 2,ก.,ลดลง เช่น ฝีมือตก แรงตก พระอาทิตย์ตก
ตก 3,ก.,ล่วงเข้าเวลา เช่น ตกเย็น ตกดึก
ตก 4,ก.,เรียกสีที่ละลายออกหรือจางไปในเวลาซักหรือถูกแดดเป็นต้น ว่า สีตก
ตก 5,ก.,อยู่ในภาวะที่ไม่น่าพอใจ เช่น ตกทุกข์ ตกระกำลำบาก ตกยาก
ตก 6,ก.,มาถึง เช่น ของที่สั่งตกมาแล้ว
ตก 7,ก.,ออก เช่น คำสั่งตกแล้ว ตกลูก
ตก 8,ก.,ขาดหายไป เช่น เขียนหนังสือตก
ตก 9,ก.,ไม่ได้ขึ้นยานพาหนะเพราะไปไม่ทันหรือไม่มีค่าโดยสาร เช่น ตกรถ ตกเรือ
ตก 10,ก.,ลดลงตํ่า เป็นอาการแสดงว่ากลัว ยอมแพ้ หรือหมดกำลัง เป็นต้น เช่น คอตก หัวตก หางตก.
ตก 11,ว.,สำเร็จ เช่น แก้ตก ปลงตก คิดตก.
ตก 12,ก.,เอาเบ็ดเกี่ยวเหยื่อหย่อนลงไปให้ปลาหรือกุ้งกินแล้ววัดหรือสาวขึ้นมา เช่น ตกปลา ตกกุ้ง
ตก 13,ก.,เอาเงินหรือสิ่งของให้ไปก่อน แล้วคิดเอาเป็นพืชผลภายหลังตามแต่จะตกลงกัน.
ตกกระ 0,ว.,มีลักษณะเป็นจุดดำ ๆ เล็กบ้างโตบ้างที่ผิวกายคน สัตว์ หรือสิ่งอื่น ๆ.
ตกกระไดพลอยโจน 0,ว.,เมื่อพลาดไปแล้วก็ยอมเลยตามเลยเพื่อไม่ให้เสียเชิง.
ตกกล้า 0,ก.,เพาะข้าวปลูกลงในแปลงเพาะกล้าสำหรับนาดำ.
ตกขอบ 0,ว.,"ที่สุดข้างใดข้างหนึ่ง เช่น ขวาตกขอบ, เต็มที่ เช่น ฮาตกขอบ."
ตกขาว 0,น.,"โรคระดูขาว, มุตกิด ก็เรียก."
ตกข่าว 0,ก.,ไม่รู้ข่าวที่คนอื่น ๆ รู้.
ตกข้าว 0,น.,วิธีการที่นายทุนรับซื้อข้าวตามจำนวนที่กำหนดกับชาวนาตอนที่ข้าวลัดใบแล้ว โดยตกลงกันว่านายทุนจะให้เงินแก่ชาวนาก่อน แล้วชาวนาจะให้ข้าวเปลือกแก่นายทุนหลังจากนวดข้าวเสร็จแล้ว.
ตกขุย 0,ก.,ออกผลเป็นเมล็ดเล็ก ๆ (ใช้แก่ไม้ไผ่).
ตกเขียว 0,น.,"วิธีการที่นายทุนทำสัญญาซื้อขายข้าวหรือผลไม้ตามที่ตกลงกันกับชาวนา ชาวสวน หรือชาวไร่เมื่อข้าวลัดใบหรือผลไม้ยังอ่อนอยู่ โดยตกลงกันว่านายทุนจะได้ข้าวเปลือกหรือผลไม้นั้นไปหลังจากนวดข้าวแล้วหรือเมื่อผลไม้นั้นแก่เต็มที่แล้ว เช่น ตกเขียวลำไย, โดยปริยายหมายถึงการที่พ่อแม่รับเงินจากนายทุนซึ่งจ่ายให้เป็นค่าตัวเด็กผู้หญิงไว้ล่วงหน้า แล้วนายทุนจะมารับตัวเด็กไปเพื่อค้าประเวณีเป็นการใช้หนี้คืนให้แก่นายทุน."
ตกคลัก 0,ก.,"อาการที่ปลาเป็นต้นมารวมกันอยู่ในบ่อหรือหนองที่นํ้างวด, ตกปลัก ก็ว่า"
ตกคลัก 1,ก.,ในการเล่นดวดหมายถึงลักษณะที่หมาก ๓ ตัวเดินไปถึงที่สุด มารวมกันอยู่ในตาสุดท้ายที่จะสุกออกพ้นกระดาน แต่ทอดแต้มออกไม่ได้
ตกคลัก 2,ก.,โดยปริยายหมายถึงอาการที่คนมารวมกันมาก ๆ ไปไหนไม่ได้.
ตกคลั่ก 0,ก.,"อาการที่ปลาเป็นต้นมารวมกันอยู่ในบ่อหรือหนองที่นํ้างวด, ตกปลัก ก็ว่า"
ตกคลั่ก 1,ก.,ในการเล่นดวดหมายถึงลักษณะที่หมาก ๓ ตัวเดินไปถึงที่สุด มารวมกันอยู่ในตาสุดท้ายที่จะสุกออกพ้นกระดาน แต่ทอดแต้มออกไม่ได้
ตกคลั่ก 2,ก.,โดยปริยายหมายถึงอาการที่คนมารวมกันมาก ๆ ไปไหนไม่ได้.
ตกค้าง 0,ว.,หลงเหลืออยู่.
ตกเครือ 0,ก.,ออกเครือ (ใช้แก่กล้วย).
ตกงาน 0,ก.,"ว่างงาน, ไม่มีงานทำ."
ตกจั่น 0,ก.,ออกดอก (ใช้แก่หมากและมะพร้าว).
ตกใจ 0,ก.,"สะดุ้งขึ้นโดยไม่รู้ตัวเมื่อได้ยินเสียงดัง ๆ หรือมีใครมาถูกต้องตัว, ใจหาย."
ตกดิน 0,ก.,อาการที่ดวงอาทิตย์ลับขอบฟ้าไป.
ตกตะกอน 0,ก.,มีตะกอนนอนก้น.
ตกตะลึง 0,ก.,"ตกใจจนพูดไม่ออก, แสดงอาการงงงัน."
ตกต่ำ 0,ก.,มีฐานะหรือค่าลดลงกว่าเดิม.
ตกแต่ง 0,ก.,"ประดับ, ปรุงจัดให้ดี, ทำให้งาม, เช่น ของตกแต่งบ้าน, ตบแต่ง ก็ว่า."
ต๊กโต 0,น.,ตุ๊กแก. (ดู ตุ๊กแก ๑).
ตกใต้เถรเทวทัต 0,ก.,ตกในนรกขุมตํ่าที่สุดคือมหาอเวจีนรก.
ตกถังข้าวสาร 0,น.,"ผู้ชายที่มีฐานะไม่ค่อยดีได้แต่งงานกับผู้หญิงที่รุ่มรวย, ตกถังข้าวสาร ก็ว่า."
ตกทอง 0,น.,วิธีการหลอกลวงด้วยการใช้ทองปลอมที่มีน้ำหนักมากกว่าไปแลกเป็นทองแท้ที่มีน้ำหนักน้อยกว่า.
ตกท้องช้าง 0,ก.,ลักษณะที่สายป่านว่าวเป็นต้นหย่อนลง
ตกท้องช้าง 1,ก.,"ลวดบัวประกอบฐานผนังโบสถ์ หัวท้ายงอนขึ้น อ่อนลงตรงกลาง, ตกท้องสำเภา หรือ ท้องอัสดงคต ก็เรียก."
ตกท้องสำเภา 0,น.,"ลวดบัวประกอบฐานผนังโบสถ์ หัวท้ายงอนขึ้น อ่อนลงตรงกลาง, ตกท้องช้าง หรือ ท้องอัสดงคต ก็เรียก."
ตกทอด 0,ก.,"สืบต่อกันมาเป็นทอด ๆ, สืบต่อจากผู้หนึ่งไปยังอีกผู้หนึ่ง, เช่น มรดกตกทอด"
ตกทอด 1,ก.,เรียกบำเหน็จหรือบำนาญที่ตกแก่ทายาทของผู้รับบำเหน็จหรือบำนาญ ว่า บำเหน็จตกทอด หรือ บำนาญตกทอด.
ตกที่นั่ง 0,ก.,"ตกอยู่ในฐานะ, ตกอยู่ในภาวะ, (มักใช้ในทางไม่ดี) เช่น ตกที่นั่งลำบาก ตกที่นั่งเสียเงิน."
ตกนรกทั้งเป็น 0,ก.,ได้รับความลำบากแสนสาหัสเช่นคนที่ได้รับโทษทัณฑ์ในเรือนจำ.
ตกน้ำมัน 0,ว.,เรียกเสาที่มีนํ้ามันซึมออกมาว่า เสาตกนํ้ามัน.
ตกน้ำไม่ว่าย 0,ก.,ไม่ช่วยตัวเอง.
ตกน้ำไม่ไหลตกไฟไม่ไหม้ 0,ก.,"ตกอยู่ในที่คับขันอย่างไรก็ไม่เป็นอันตราย เช่น คนดีตกน้ำไม่ไหล ตกไฟไม่ไหม้, เป็นคำเปรียบเทียบ หมายความว่า ตกอยู่ที่ใดก็ไม่สูญหาย เช่น ของหลวงตกนํ้าไม่ไหล ตกไฟไม่ไหม้."
ตกใน 0,ก.,อาการที่เลือดไม่ไหลออกข้างนอก ตกลงภายในเมื่อถูกแทงหรือฟันเป็นต้น เรียกว่า เลือดตกใน
ตกใน 1,ก.,โดยปริยายใช้เรียกอาการที่ต้องกลํ้ากลืนความทุกข์ไว้ ไม่แสดงออกมาว่า นํ้าตาตกใน.
ตกเบ็ด 0,ก.,"หย่อนเบ็ดล่อปลา, โดยปริยายหมายความว่า ล่อให้หลงโดยมีเครื่องล่อ."
ตกเบ็ด 1,น.,ชื่อการพนันอย่างหนึ่ง.
ตกเบิก 0,ก.,ได้รับเงินที่ค้างจ่ายย้อนหลัง.
ตกประหม่า 0,ก.,เกิดความรู้สึกสะทกสะท้านพรั่นใจ.
ตกปลอก 0,ก.,สวมปลอกที่ข้อตีนคู่หน้าของช้าง เพื่อล่ามไว้ไม่ให้ไปหากินไกลหลังจากที่ใช้งานแล้ว.
ตกปลัก 0,ก.,"อาการที่ปลาเป็นต้นมารวมกันอยู่ในบ่อหรือหนองที่นํ้างวด, ตกคลัก หรือ ตกคลั่ก ก็ว่า."
ตกปากตกคำ 0,ก.,"ตกลง, รับรอง, ตกปากลงคำ หรือ ตกปากรับคำ ก็ว่า."
ตกเป็น 0,ก.,กลายเป็น เช่น ตกเป็นข่าว ตกเป็นจำเลย.
ตกเป็นเบี้ยล่าง 0,ก.,"ตกเป็นรอง, เสียเปรียบ."
ตกเป็นพับ 0,ก.,เป็นอันจบกันไป.
ตกผลึก 0,ก.,กลายเป็นผลึก (ใช้แก่สารละลาย)
ตกผลึก 1,ก.,"โดยปริยายหมายความว่าลึกซึ้งแจ่มแจ้งจากการสะสมความรู้หรือความคิด เช่น เขาศึกษาประวัติศาสตร์ไทยอย่างจริงจังจนความรู้ตกผลึก, งวดเข้า เช่น คดีนี้จวนจะตกผลึก."
ตกผ้า 0,ก.,"มีประจำเดือน, ถึงผ้า ก็ว่า."
ตกพุ่มม่าย 0,ก.,อยู่ในฐานะที่เป็นม่าย.
ตกพุ่มม่าย 1,ว.,"เรียกชายหรือหญิงที่หย่าขาดจากความเป็นผัวเมียกันหรือฝ่ายใดฝ่ายหนึ่งตายจากไป, ตกพุ่มหม้าย หรือ เป็นม่าย ก็ว่า."
ตกฟอง 0,ก.,ออกไข่ เช่น ไก่ตกฟอง.
ตกฟาก 0,ก.,"เกิด, เรียกเวลาที่เด็กออกพ้นครรภ์มารดาว่า เวลาตกฟาก (พื้นเรือนโบราณโดยมากเป็นฟาก)"
ตกฟาก 1,ก.,โดยปริยายใช้ในลักษณะที่พูดคำเถียงคำไม่หยุดปาก ว่า เถียงคำไม่ตกฟาก.
ตกมัน 0,ว.,"ลักษณะที่ต่อมน้ำมันที่ขมับของช้างบวมโตและมีน้ำมันใส ๆ ไหลออกมา ช้างตัวผู้จะมีอารมณ์รุนแรง ก้าวร้าว ดุร้าย มีกลิ่นสาบฉุน, เรียกช้างที่มีอาการเช่นนั้น ว่า ช้างตกมัน."
ตกม้าตาย 0,ว.,"แพ้, เสียเชิง, เช่น ถ้าเตรียมตัวไม่ดี ถูกกรรมการซักเข้าหน่อยก็คงตกม้าตาย."
ตกมูก 0,ก.,อาการที่นํ้าเมือกไหลออกทางทวารหนัก.
ตกยาก 0,ก.,"ลำบาก, ยากจน, ขัดสน."
ตกรางวัล 0,ก.,ให้รางวัล.
ตกลง 0,ก.,"ยินยอมพร้อมใจ, ปลงใจ."
ตกล่องปล่องชิ้น 0,ก.,ตัดสินใจที่จะร่วมมือหรือร่วมชีวิตด้วย.
ตกลึก 0,ก.,ไปถึงน้ำลึกพ้นสันดอนออกไป
ตกลึก 1,ก.,"เข้าไปที่ลึก, สู่ที่ลึก, สู่ที่ลำบาก เช่น เห็นเขาตกเขาแตกมาตกลึก อนาถนึกแล้วน่าน้ำตาไหล (นิ. พระบาท)"
ตกลึก 2,ก.,โดยปริยายหมายความว่า ถลำลึกเข้าไปในเรื่องใดเรื่องหนึ่ง.
ตกลูก 0,ก.,ออกลูก (ใช้แก่สัตว์) เช่น ม้าขุนสุวรรณพินิจจัย ตกลูกศีรษะเดียว ตัวเป็น ๒ ตัว ๘ เท้า เดินชิงศีรษะกัน ไก่พระศรีมโหสธ ฟักฟองตกลูกตัวเดียว ๒ ศีรษะ (พงศ. จันทนุมาศ).
ตกเลือด 0,ก.,"แท้งลูก, อาการที่เลือดออกผิดธรรมดาเนื่องจากแท้งลูกเป็นต้น, ราชาศัพท์ว่า ตกพระโลหิต."
ตกว่า 0,ว.,"คือ, คือว่า, รวมความว่า, ลงความว่า, ถือเอาว่า, บางทีใช้ว่า ตก ก็มี เช่น ตกมีฤทธิไกรกว่าพี่ยา (อิเหนา)."
ตกศึก 0,ก.,"เข้าสู่ภาวะสงคราม, มีสงคราม."
ตกสนับ 0,ก.,อาการที่หญ้าโทรมล้มทับหญ้าที่ขึ้นใหม่.
ตกสะเก็ด 0,ก.,อาการที่เลือดและนํ้าเหลืองแห้งติดกรังอยู่ที่ปากแผล.
ตกแสก 0,ว.,ที่หวีแหวกกลางศีรษะ (ใช้แก่ผม) เช่น งามโศกตกแสกเมื่อยามเศร้า ปิ้มประหนึ่งจะเข้าประคองขวัญ (ขุนช้างขุนแผน).
ตกหนัก 0,ก.,"รับทุกข์, รับเคราะห์, รับภาระหรือหน้าที่หนัก."
ตกหนังสือ 0,ก.,เขียนคำที่ขาดเติมลง.
ตกหมก 0,ก.,อาการที่เลือดระดูเสียที่หมักหมมอยู่ข้างในไหลออกมา.
ตกหล่น 0,ก.,ขาดตกไปโดยไม่ตั้งใจ.
ตกหลุม 0,ก.,"ถูกลวงด้วยเล่ห์กลหรืออุบาย, เสียรู้, หลงกล."
ตกหลุมพราง 0,ก.,"ถูกลวงด้วยเล่ห์กลหรืออุบาย, เสียรู้, หลงกล."
ตกอับ 0,ก.,"ถึงที่อับจน, ถึงคราวชะตาตก."
ตง 0,น.,ไม้เครื่องเรือนที่วางบนหลังคานสำหรับรองพื้นกระดานหรือฟาก.
ต๋ง 0,ก.,"อาการที่เจ้าของบ่อนชักเอาเงินจากขาไพ่ที่เป็นผู้กินหรือลูกค้าที่แทงถูกในการพนันเช่นถั่ว โป, เรียกเงินที่ได้โดยวิธีนี้ ว่า เงินค่าต๋ง."
ตง 1,น.,ชื่อไผ่ชนิด Dendrocalamus asper (Roem. et Schult.) Backer et K. Heyne ในวงศ์ Gramineae ลำต้นใหญ่ ไม่มีหนาม หน่อกินได้.
ต๋ง 1,ก.,"อาการที่เอาเชือกผูกของหนัก ๆ เช่นเรือนแพ แพซุง ยึดหรือพันไว้กับหลักเป็นต้นบนตลิ่งแล้วค่อย ๆ ผ่อนไป, เอาเชือกเป็นต้นผูกของหนัก ๆ เช่นเสาไว้แล้วค่อย ๆ พยุงให้ตั้งขึ้นแล้วผ่อนลงหลุม, ขัดไว้ไม่ให้เลื่อนหลุดออกอย่างขัดไม้ขันชะเนาะ."
ตงฉิน 0,ว.,"ซื่อตรง, ซื่อสัตย์."
ตงิด 0,ว.,"เล็กน้อย, ทีละน้อย ๆ, (ใช้แก่ความรู้สึก) เช่น โกรธตงิด ๆ หิวตงิด ๆ."
ตงิด ๆ 0,ว.,"เล็กน้อย, ทีละน้อย ๆ, (ใช้แก่ความรู้สึก) เช่น โกรธตงิด ๆ หิวตงิด ๆ."
ตงุ่น 0,ว.,เรียกนํ้าตาลที่เคี่ยวจนเป็นยางอย่างนํ้าผึ้ง ว่า นํ้าตาลตงุ่น.
ตจ- 0,น.,"หนัง, เปลือกไม้."
ตจปัญจก-กรรมฐาน 0,น.,กรรมฐานอันบัณฑิตกำหนดด้วยอาการมีหนังเป็นลำดับที่ ๕ เป็นอารมณ์ คือ กรรมฐานที่ท่านสอนให้พิจารณาส่วนต่าง ๆ ของร่างกายได้แก่ ๑. ผม ๒. ขน ๓. เล็บ ๔. ฟัน และ ๕. หนัง ให้เห็นว่าเป็นของไม่เที่ยง.
ตจสาร 0,น.,ต้นไม้มีผิวเปลือกแข็งเช่นต้นไผ่.
ตด 0,ก.,"อาการที่ลมระบายออกทางทวารหนัก, ผายลม."
ตด 1,น.,ลมที่ออกจากทวารหนัก.
ตด 2,น.,"ชื่อแมลงพวกด้วงหลายชนิดหลายสกุล ในวงศ์ Carabidae หัวและอกเล็ก แคบ ท้องโต ปีกแข็งคลุมส่วนท้องไม่หมด ลำตัวยาว ๒-๓ เซนติเมตร สีนํ้าตาลเหลืองหรือนํ้าตาลแก่ มีลายสีเข้มตามหัว อก และท้อง เมื่อถูกรบกวนสามารถปล่อยสารพิษประเภทควินอลออกมาทางก้นมีเสียงดัง ร้อนและมีควัน ที่สำคัญ เช่น ชนิด Pheropsophus occipitalis (MacLeay), P. javanus (Dejean), ปักษ์ใต้เรียก ขี้ตด."
ตดหมูตดหมา 0,น.,"ชื่อไม้เถาหลายชนิดในสกุล Paederia วงศ์ Rubiaceae ลำต้นมีขน กลิ่นเหม็น เช่น ชนิด P. linearis Hook.f. ใช้แต่งกลิ่นอาหารและทำยาได้, ตดหมูตดหมา ก็เรียก."
ตติย- 0,ว.,"ที่ ๓, คำรบ ๓, มักใช้ประกอบหน้าคำอื่น เช่น ตติยวาร คือ วาระที่ ๓."
ตถาคต 0,น.,"คำเรียกพระพุทธเจ้า, คำที่พระพุทธเจ้าใช้แทนพระองค์เอง."
ตน 0,น.,ตัว (ตัวคน) เช่น ตนเป็นที่พึ่งของตน
ตน 1,น.,ลักษณนามใช้เรียกฤๅษี อมนุษย์ หรือพวกกายสิทธิ์ เป็นต้น เช่น ฤๅษี ๒ ตน ยักษ์ตนหนึ่ง วิทยาธร ๓ ตน.
ต้น 0,น.,"ลำของต้นไม้, เป็นชื่อรวมทั่วไปของต้นไม้และพืชผักต่าง ๆ เช่น ต้นมะขาม ต้นสัก ต้นหญ้า ต้นผักชี ต้นข้าว, ลักษณนามว่า ต้น เช่น มะม่วงต้นหนึ่ง ผักชี ๒ ต้น."
ต้น 1,น.,ตอนแรก ๆ เช่น ต้นสัปดาห์ ต้นเดือน ต้นปี ต้นความ
ต้น 2,น.,เรียกผู้ที่นับกันว่าเป็นผู้เริ่มต้นวงศ์สกุล ว่า ต้นวงศ์ ต้นสกุล
ต้น 3,น.,เบื้องต้นของสิ่งที่มีลักษณะกลมยาว เช่น ต้นขา ต้นแขน.
ต้น 4,ว.,แรก เช่น หน้าต้น
ต้น 5,ว.,แรกเริ่ม เช่น แต่ต้น.
ต้น 6,น.,คำนำหน้าชื่อเพลงไทย เช่น ต้นเพลงฉิ่ง ต้นเพลงยาว ต้นวรเชษฐ์.
ต้น 7,ส.,สรรพนามบุรุษที่ ๒ ใช้เรียกพระภิกษุสามัญ เช่น ต้นอยู่วัดไหน.
ต้น 8,ว.,เนื่องในพระเจ้าแผ่นดิน เช่น ประพาสต้น กฐินต้น ช้างต้น ม้าต้น.
ต้น 9,น.,ผู้ที่ได้รับความไว้วางใจให้มีหน้าที่รักษาสิ่งของหรือทำกิจการประจำ เช่น ต้นกุญแจ ต้นห้องต้นบัญชี.
ต้นกล 0,น.,หัวหน้าช่างกลในเรือเดินทะเล เรือรบ เป็นต้น.
ต้นขั้ว 0,น.,"ส่วนต้นของใบเสร็จ เช็ค สลากกินแบ่ง เป็นต้น ที่ติดอยู่ในเล่ม เพื่อเก็บไว้เป็นหลักฐาน, หัวขั้ว ก็ว่า."
ต้นคอ 0,น.,ส่วนโคนของลำคอด้านหลัง.
ต้นคิด 0,น.,"ผู้ริเริ่ม, ผู้ประดิษฐ์แบบขึ้นใหม่."
ต้นเงิน 0,น.,"เงินต้น, เงินที่ให้กู้ยืมโดยไม่รวมดอกเบี้ย."
ต้นฉบับ 0,น.,"ฉบับจริงของเรื่องที่ประพันธ์หรือแต่งไว้เดิม, ฉบับที่เขียนหรือดีดพิมพ์ไว้เดิมก่อนตีพิมพ์, ต้นสำเนา."
ต้นชนดอก 0,น.,"ดอกเบี้ยเพิ่มขึ้นจนมีจำนวนเท่า ๆ กับเงินต้น, ดอกชนต้น ก็ว่า."
ต้นเชือก 0,น.,"ตำแหน่งมหาดเล็กชั้นหุ้มแพร ทำหน้าที่กำกับหัวขบวนเสด็จพระราชดำเนิน, คู่กับ ปลายเชือก."
ต้นตระกูล 0,น.,บรรพบุรุษดั้งเดิม.
ต้นตอ 0,น.,"เรื่องเดิม, เหตุเดิม, ที่เกิด."
ต้นตายใบเป็น 0,น.,"ชื่อไม้ล้มลุกชนิด Kalanchoe pinnata (Lam.) Pers. ในวงศ์ Crassulaceae, คว่ำตายหงายเป็น โคนตายปลายเป็น หรือ ส้มเช้า ก็เรียก, ปักษ์ใต้เรียก กะเร."
ต้นตำรับ 0,น.,"สูตรหรือตำราดั้งเดิม เช่น ยาหอมต้นตำรับ ต้นตำรับชาววัง, ผู้เป็นต้นคิดประดิษฐ์จนเป็นแบบแผนสืบต่อมา เช่น ท่านผู้หญิงเปลี่ยน ภาสกรวงศ์ เป็นต้นตำรับอาหารไทยหลายอย่าง."
ต้นทาง 0,น.,ปากทางเข้าออก อย่างทางเข้าบ่อนการพนันเป็นต้น เช่น ดูต้นทาง.
ต้นทุน 0,น.,ทุนเดิมสำหรับทำกิจการค้าเป็นต้น.
ต้นน้ำ 0,น.,"แหล่งที่เกิดของลำนํ้า, ยอดนํ้า ก็เรียก."
ต้นบท 0,น.,คนบอกบทให้คนรำรู้ว่าจะทำบทบาทอย่างไร หรือให้คนร้องรู้ว่าจะร้องทำนองและเนื้ออย่างไร.
ต้นแบบ 0,น.,"แบบดั้งเดิม, แบบที่มีมาแต่แรก, แบบที่ทำขึ้นไว้แต่แรก, สิ่งที่สร้างขึ้นเป็นแบบฉบับ ใช้เป็นต้นเค้าสำหรับสร้างสิ่งอื่นให้มีลักษณะเดียวกันหรือคล้ายคลึงกัน."
ต้นเพลิง 0,น.,คนหรือสิ่งที่เป็นเหตุทำให้เกิดไฟไหม้.
ต้นมือ 0,น.,ตอนแรก ๆ เช่น ต้องสอนเด็กให้มีสัมมาคารวะเสียแต่ต้นมือ ถ้าโตแล้วจะสอนลำบาก.
ต้นไม้ 0,น.,คำรวมเรียกพืชทั่วไปโดยปรกติมีลำต้นใหญ่ มีกิ่งแยกออกไป เช่น ถนนสายนี้ปลูกต้นไม้ตลอด ๒ ข้างทาง.
ต้นไม้เงินต้นไม้ทอง 0,น.,เครื่องราชบรรณาการที่ทำเป็นต้นไม้ทองต้นไม้เงินเป็นคู่ ซึ่งประเทศราชส่งมาถวายแด่พระเจ้าแผ่นดินทุก ๆ ๓ ปี
ต้นไม้เงินต้นไม้ทอง 1,น.,เครื่องสักการะที่เจ้านายหรือขุนนางที่มีบรรดาศักดิ์ตั้งแต่เจ้าพระยาขึ้นไปถวายแด่พระเจ้าแผ่นดิน เมื่อได้รับสถาปนาให้ทรงกรมหรือเลื่อนกรมให้สูงขึ้น หรือเมื่อได้รับพระราชทานตั้งยศ.
ต้นร่าง 0,น.,ฉบับที่ร่างไว้เดิม.
ต้นร้ายปลายดี 0,น.,"ตอนแรกประพฤติตัวไม่ดี แต่ภายหลังกลับสำนึกตัวได้แล้วประพฤติดีตลอดไป, ตอนต้นไม่ดีไปดีเอาตอนหลัง."
ต้นเรือ 0,น.,รองผู้บังคับการเรือ.
ต้นเรื่อง 0,น.,"มูลเหตุที่ทำให้เกิดเรื่องนั้น ๆ, เรื่องเดิม, เรื่องก่อนที่จะเริ่มเรื่องที่แต่ง, เช่น เรื่องนนทุกเป็นต้นเรื่องรามเกียรติ์."
ต้นวายปลายดก 0,น.,ตอนต้นไม่ดีไปดีเอาตอนหลัง.
ต้นสังกัด 0,น.,ส่วนราชการที่ข้าราชการนั้น ๆ สังกัดอยู่ เช่น สำนักงานตำรวจแห่งชาติเป็นต้นสังกัดของข้าราชการตำรวจทุกคน.
ต้นสายปลายเหตุ 0,น.,ความเป็นมาของเรื่อง.
ต้นเสียง 0,น.,คนร้องนำ.
ต้นหน 0,น.,"ผู้ควบคุมทิศทาง ตำแหน่งของเรือ การเดินเรือในร่องน้ำ ในการเดินเรือทะเลหรือเดินอากาศยาน, (โบ) คนนำทาง เช่น ต้นหนบอกตำบล แลนา ให้หยุดพลเอาทัพ แลนา (ลอ)."
ต้นเหตุ 0,น.,คนหรือสัตว์เป็นต้นที่ทำให้เกิดเหตุเกิดเรื่อง.
ตนัย 0,น.,ลูกชาย.
ตนุ 0,น.,"ตัว, ตน."
ตนุ 1,ส.,"ฉัน, ข้าพเจ้า."
ตนุ 2,น.,ชื่อเต่าทะเลชนิด Chelonia mydas (Linn.) ในวงศ์ Cheloniidae เกล็ดกระดองหลังแต่ละเกล็ดมีลายเป็นทางคล้ายแสงอาทิตย์ จึงมีผู้เรียกว่า เต่าแสงอาทิตย์ ตีนแบนเป็นพาย ตีนหน้าใหญ่ยาวใช้เป็นหลักในการว่ายน้ำ ปรกติอาศัยอยู่ในทะเล จะขึ้นมาตามชายหาดเฉพาะเมื่อจะวางไข่เท่านั้น.
ตนุมัชฌา 0,น.,"ชื่อฉันท์ชนิดหนึ่ง. (ป. ตนุมชฺฌา; ส. ตนุมธฺยมา, ตนุมธฺยา)"
ตนุมัธยมา 0,น.,"ชื่อฉันท์ชนิดหนึ่ง. (ป. ตนุมชฺฌา; ส. ตนุมธฺยมา, ตนุมธฺยา)"
ตนุมัธยา 0,น.,"ชื่อฉันท์ชนิดหนึ่ง. (ป. ตนุมชฺฌา; ส. ตนุมธฺยมา, ตนุมธฺยา)"
ตบ 0,น.,"ชื่อไม้นํ้าในวงศ์ Pontederiaceae มี ๒ ชนิด คือ ชนิด Monochoria hastata (L.) Solms ขึ้นตามท้องนาที่แฉะและนํ้านิ่ง ดอกสีนํ้าเงิน ยอดอ่อนและดอกกินได้, คำสุภาพเรียกว่า ผักสามหาว, ผักตบไทย ก็เรียก, และชนิด Eichhornia crassipes (Mart.) Solms ขึ้นตามลำนํ้าทั่วไป ดอกสีม่วงอ่อน เรียกว่า ผักตบชวา."
ตบ 1,ก.,"เอาฝ่ามือหรือของแบน ๆ เป็นต้นตีอย่างแรง เช่น ตบหน้า ตบลูกเทนนิส, เอาฝ่ามือแตะเบา ๆ ด้วยความเอ็นดู เช่น ตบหัวเด็ก."
ตบตา 0,ก.,หลอกหรือลวงให้เข้าใจผิด.
ตบแต่ง 0,ก.,"ประดับ, ปรุงจัดให้ดี, ทำให้งาม, เช่น ของตบแต่งบ้าน, ตกแต่ง ก็ว่า."
ตบแต่ง 1,ก.,จัดให้ลูกสาวมีเรือนตามประเพณี เช่น ตบแต่งลูกสาวให้เป็นฝั่งเป็นฝา.
ตบเท้า 0,ก.,"อาการเดินแถวเป็นจังหวะพร้อม ๆ กัน โดยกระแทกตีนกับพื้นแรง ๆ ของทหารหรือตำรวจเป็นต้น เรียกว่า เดินตบเท้า, (ปาก) อาการที่ทหารหรือตำรวจรวมกลุ่มกันไปแสดงเจตนารมณ์อย่างเดียวกัน."
ตบแผละ 0,น.,การเล่นชนิดหนึ่ง มีคนเล่น ๒ คน นั่งหันหน้าเข้าหากัน แต่ละฝ่ายตบมือ ตบเข่าและตบมือของตัวเองก่อน จึงใช้มือซ้ายตบมือซ้ายของกันและกัน แล้วตบมือ ตบเข่า และตบมือ แล้วจึงใช้มือขวาตบมือขวาของกันและกัน แล้วเริ่มต้นใหม่.
ตบมือ 0,ก.,"เอาฝ่ามือตีกันให้เกิดเสียงเพื่อแสดงความยินดีเป็นต้น, ปรบมือ ก็ว่า, เอาฝ่ามือตีกันให้เกิดเสียงเพื่อทำให้เกิดจังหวะหรือขับไล่เป็นต้น."
ตบมือข้างเดียวไม่ดัง 0,ก.,ทำอะไรฝ่ายเดียวไม่เกิดผล.
ตบยุง 0,น.,"ชื่อนกขนาดเล็กถึงขนาดกลางหลายชนิด ในวงศ์ Caprimulgidae และในวงศ์ Eurostopodidae ขนนุ่มสีนํ้าตาลเทา มีลายกระขาว หากินในเวลากลางคืน กลางวันจะพรางตัวซ่อนอยู่ตามพื้นดิน กินแมลง เช่น ตบยุงหางยาว ( Caprimulgus macrurusHorsfield) ตบยุงเล็ก ( C. asiaticus Latham) ตบยุงภูเขา ( C. indicus Latham) ซึ่งจัดไว้ในวงศ์ Caprimulgidae, ตบยุงยักษ์ [ Eurostopodus macrotis (Vigors)] ตบยุงพันธุ์มลายู [ E. temminckii (Gould)] ซึ่งจัดไว้ในวงศ์ Eurostopdidae, กระบา กระบ่า หรือ กระบ้า ก็เรียก."
ตบหัวกลางศาลา ขอขมาที่บ้าน 0,ก.,"ยอมรับผิดไม่สมกับความผิดที่ทำไว้, ใช้เพี้ยนว่า ตบหัวที่ศาลา ขอขมาที่บ้าน ก็มี."
ตบหัวลูบหลัง 0,ก.,ทำหรือพูดให้กระทบกระเทือนใจในตอนแรกแล้วกลับทำหรือพูดเป็นการปลอบใจในตอนหลัง.
ตบะ 0,น.,พิธีข่มกิเลสโดยทรมานตัว เช่น ฤๅษีบำเพ็ญตบะ
ตบะ 1,น.,"การบำเพ็ญเพื่อให้กิเลสเบาบางหรือการข่มกิเลส, ธรรมข้อที่ ๖ ในทศพิธราชธรรม. (ดู ทศพิธราชธรรม)."
ตบะแตก 0,ก.,"บำเพ็ญตบะต่อไปไม่ได้เพราะทนต่อสิ่งเย้ายวนไม่ไหว, หมดความอดกลั้น, สิ้นความอดทน."
ตปนียะ 0,น.,ทองคำ.
ตม- 0,น.,"ความมืด, ความเศร้าหมอง, ความเขลา."
ต้ม 0,ก.,ทำให้ของเหลวเช่นน้ำหรือสิ่งอื่นที่อยู่ในของเหลวร้อน เดือด หรือสุก เช่น ต้มนํ้า ต้มข้าว
ต้ม 1,ก.,"ทำให้สะอาด เช่น ต้มผ้า, ทำให้สุกปลั่งด้วยวิธีใส่น้ำผสมสารเคมีบางอย่างแล้วทำให้ร้อน เช่น ต้มทอง ต้มเงิน."
ต้ม 2,ว.,เรียกสิ่งที่ต้มแล้ว เช่น นํ้าต้ม ข้าวต้ม มันต้ม
ต้ม 3,ว.,โดยปริยายใช้ว่าล่อลวงให้หลงเชื่อเพื่อเอาทรัพย์สินสิ่งของ.
ตม 0,น.,ดินเปียกที่เหนียวกว่าเลน.
ต้ม 4,น.,"ชื่อขนมชนิดหนึ่ง ทำด้วยแป้งข้าวเหนียวปั้นเป็นลูกกลม ๆ ถ้าใส่ไส้นํ้าตาลปึกตัดเป็นก้อนสี่เหลี่ยมหรือไส้หน้ากระฉีก ต้มให้สุก แล้วคลุกมะพร้าวขูด เรียกว่า ขนมต้มขาว, ถ้าต้มเคี่ยวกับนํ้าตาลปึกและมะพร้าวอย่างหน้ากระฉีก เรียกว่า ขนมต้มแดง."
ต้มกะทิ 0,น.,ชื่อแกงอย่างหนึ่ง ใช้เนื้อเค็ม หรือปลาแห้ง หรือปลาสลิด เป็นต้น ต้มในนํ้ากะทิ ใส่หัวหอมกับส้มมะขาม มี ๓ รส เปรี้ยว เค็ม หวาน
ต้มกะทิ 1,น.,เรียกผักชนิดต่าง ๆ ที่ต้มกับกะทิ สำหรับกินกับน้ำพริกกะปิ ว่า ผักต้มกะทิ.
ต้มกะปิ 0,น.,ชื่อแกงอย่างหนึ่ง ปรุงด้วยหัวหอม กะปิ พริกไทย อย่างแกงเลียง.
ต้มข่า 0,น.,ชื่อแกงอย่างหนึ่ง มีลักษณะคล้ายต้มยำกะทิ แต่มักใช้เนื้อไก่ ใส่ข่าอ่อน ปรุงรสด้วยนํ้าปลา มะนาว พริกขี้หนู.
ต้มเค็ม 0,น.,"ชื่ออาหารคาวอย่างหนึ่ง ใช้ปลาหรือเนื้อสัตว์อื่นมีหมูเป็นต้น ใส่เครื่องปรุงมีซีอิ๊วขาว ขิง ผักกาดดองเค็ม เคี่ยวให้เปื่อย, ถ้าต้มตามแบบจีนมีรสเค็ม แต่ถ้าต้มตามแบบไทยมีรสหวานเค็ม."
ต้มโคล้ง 0,น.,"ชื่อแกงชนิดหนึ่ง ใช้ปลาแห้งหรือหัวปลาแห้งเป็นต้นต้มกับหัวหอม ส้มมะขามหรือใบมะขามอ่อน แล้วเติมเกลือ ให้ออกรสเปรี้ยวเค็ม, โฮกอือ ก็เรียก."
ต้มจนสุก 0,ก.,ล่อลวงให้หลงเชื่อได้สำเร็จ.
ต้มปลาร้า 0,น.,ชื่อแกงอย่างหนึ่ง ใช้หัวตาลหรือหน่อไม้เป็นต้นเป็นผัก มีลักษณะคล้ายแกงเลียง แต่ใส่ปลาร้า.
ต้มเปรต 0,น.,ชื่อแกงอย่างหนึ่ง ทำคล้ายต้มยำ แต่ใช้ปลาไหลทั้งตัว.
ต้มเปอะ 0,น.,ชื่อแกงอย่างหนึ่ง ใช้หัวตาลหรือหน่อไม้หรือใบขี้เหล็กเป็นต้น คล้ายแกงขี้เหล็ก แต่ไม่ใส่กะทิ ใส่ใบย่านางคั้น ใส่ข้าวคั่วกับปลาร้าผสมด้วย.
ต้มยำ 0,น.,ชื่อแกงอย่างหนึ่ง ใช้เนื้อปลาหรือเนื้อสัตว์อื่นต้มในนํ้าเปล่าหรือในกะทิ ใส่ตะไคร้ ใบมะกรูด และปรุงรสเปรี้ยวเค็ม อาจใส่นํ้าพริกเผา.
ต้มยำกะทิ 0,น.,ชื่อแกงต้มยำที่ใส่กะทิแทนนํ้าเปล่า.
ต้มส้ม 0,น.,ชื่อแกงอย่างหนึ่ง ใช้เนื้อปลาต้มในนํ้าแกงที่ปรุงด้วยกะปิ หัวหอม พริกไทย ส้มมะขาม น้ำปลา และนํ้าตาล มีรสเปรี้ยว เค็ม หวาน.
ต้มเสียสุก 0,ก.,ล่อลวงให้หลงเชื่อได้สำเร็จ.
ตมูก 0,น.,จมูก.
ตโม- 0,น.,"ความมืด, ความเศร้าหมอง, ความเขลา."
ตโมนุท 0,น.,"พระอาทิตย์, พระจันทร์."
ตโมไพรี 0,น.,ไฟ.
ตโมหร 0,น.,พระจันทร์.
ตยาค 0,น.,"การสละ, การให้ปัน, เช่น อันมีใจตยาคนั้น (ม. คำหลวง กุมาร)."
ตยาคี 0,น.,"ผู้บริจาค, วีรบุรุษ, นักพรต, เช่น พระศรีศรีสรศาสดา มีพระมหิมา นุภาพพ้นตยาคี (สมุทรโฆษ)."
ตยุติ 0,ก.,"เคลื่อน, ตาย, (โดยมากใช้แก่เทวดา) เช่น ก็จะจยรตยุติลงเกอด (ม. คำหลวง ทศพร)."
ตรง 0,ว.,"ไม่คดโค้ง เช่น ทางตรง, ไม่งอ เช่น นั่งตัวตรง, ไม่เอียง เช่น ตั้งเสาให้ตรง"
ตรง 1,ว.,"ซื่อ, ไม่โกง, ไม่ลำเอียง, เช่น เขาเป็นคนตรง"
ตรง 2,ว.,เที่ยงตามกำหนด เช่น เวลา ๓ โมงตรง นาฬิกาเดินตรงเวลา
ตรง 3,ว.,"เปิดเผยไม่มีลับลมคมใน, ไม่ปิดบังอำพราง, ไม่อ้อมค้อม, เช่น พูดตรงไปตรงมา บอกมาตรง ๆ"
ตรง 4,ว.,"รี่, ปรี่, เช่น ตรงเข้าใส่"
ตรง 5,ว.,ถูกต้องตาม เช่น ตรงเป้าหมาย.
ตรง 6,น.,ที่แห่งใดแห่งหนึ่งโดยเฉพาะ เช่น ตรงนี้ ตรงนั้น.
ตรง ๆ 0,ว.,"ไม่คดโค้ง เช่น ทางตรง, ไม่งอ เช่น นั่งตัวตรง, ไม่เอียง เช่น ตั้งเสาให้ตรง"
ตรง ๆ 1,ว.,"ซื่อ, ไม่โกง, ไม่ลำเอียง, เช่น เขาเป็นคนตรง"
ตรง ๆ 2,ว.,เที่ยงตามกำหนด เช่น เวลา ๓ โมงตรง นาฬิกาเดินตรงเวลา
ตรง ๆ 3,ว.,"เปิดเผยไม่มีลับลมคมใน, ไม่ปิดบังอำพราง, ไม่อ้อมค้อม, เช่น พูดตรงไปตรงมา บอกมาตรง ๆ"
ตรง ๆ 4,ว.,"รี่, ปรี่, เช่น ตรงเข้าใส่"
ตรง ๆ 5,ว.,ถูกต้องตาม เช่น ตรงเป้าหมาย.
ตรง ๆ 6,น.,ที่แห่งใดแห่งหนึ่งโดยเฉพาะ เช่น ตรงนี้ ตรงนั้น.
ตรงกัน 0,ก.,"เหมือนกัน เช่น ความคิดตรงกัน, เป็นแนวเดียวกัน เช่น เข้าแถวให้ตรงกัน."
ตรงกันข้าม 0,ก.,อยู่ตรงกันแต่คนละฟาก เช่น บ้านฉันอยู่ตรงกันข้ามกับสถานีตำรวจ โรงเรียนอยู่ตรงข้ามกับวัด
ตรงกันข้าม 1,ก.,คนละฝ่ายคนละพวก เช่น ฝ่ายค้านอยู่ตรงกันข้ามกับฝ่ายรัฐบาล
ตรงกันข้าม 2,ก.,ต่างกันอย่างสิ้นเชิง เช่น ขาวตรงกันข้ามกับดำ รักตรงข้ามกับเกลียด.
ตรงข้าม 0,ก.,อยู่ตรงกันแต่คนละฟาก เช่น บ้านฉันอยู่ตรงกันข้ามกับสถานีตำรวจ โรงเรียนอยู่ตรงข้ามกับวัด
ตรงข้าม 1,ก.,คนละฝ่ายคนละพวก เช่น ฝ่ายค้านอยู่ตรงกันข้ามกับฝ่ายรัฐบาล
ตรงข้าม 2,ก.,ต่างกันอย่างสิ้นเชิง เช่น ขาวตรงกันข้ามกับดำ รักตรงข้ามกับเกลียด.
ตรณี 0,น.,เรือ เช่น เห็นนางนวลศรีมีโฉม ดังโสมส่องหล้าราศี เนาเรือเหนือสรัสปัทมี ตรณีจันทร์นวลชวนชม (กนกนคร).
ตรม 0,ก.,"ระทม, เจ็บอยู่ภายในเรื่อยไป, เช่น ตรมใจ"
ตรม 1,ก.,"กลัด เช่น ตรมหนอง, กรม ก็ว่า."
ตรมตรอม 0,ก.,"ระทมใจจนเหี่ยวแห้ง, กรมกรอม ก็ว่า."
ตรมเตรียม 0,ก.,"ระทมใจจนหม่นไหม้, ใช้เป็น กรมเกรียม เกรียมกรม หรือ เตรียมตรม ก็ได้."
ตรมวล 0,น.,ตำบล เช่น เขาแก้วว่าวงกาจล ตรมวลใดท้าวธบอก (ม. คำหลวง วนปเวสน์).
ตรรก- 0,น.,"ความตรึก, ความคิดอย่างใช้เหตุผล."
ตรรกวิทยา 0,น.,ตรรกศาสตร์.
ตรรกศาสตร์ 0,น.,"ปรัชญาสาขาหนึ่งว่าด้วยการคิดหาเหตุผลว่าจะสมเหตุสมผลหรือไม่, ใช้ว่า ตรรกวิทยา ก็มี."
ตรรกะ 0,น.,"ความตรึก, ความคิดอย่างใช้เหตุผล."
ตรลบ 0,ก.,"ตลบ, เขียนเป็น ตรหลบ หรือ ตระหลบ ก็มี เช่น สองก้ำกึ่งกันทานทบ แผลงศรตรหลบ ตรเลิดพันลึกนิดินบน (อนิรุทธ์), ไพร่พลเมืองนาวนาว นฤนาท แตรตระหลบก้องหล้า ส่งสยง (ยวนพ่าย), เถิดฤๅจะรื้อรบ ตระหลบวิ่งเข้าชิงแดน ฟันเสียให้นับแสน ให้เศียรขาดลงดาดดิน (พากย์นางลอย)."
ตรลอด 0,บ.,ตลอด.
ตรละ 0,น.,ข้าวต้ม.
ตรละ 1,น.,"พลอยเม็ดกลางของเครื่องสร้อยคอ, สร้อยคอ"
ตรละ 2,น.,"เพชร, เหล็ก"
ตรละ 3,น.,"พื้นล่าง, พื้นราบ"
ตรละ 4,น.,ส่วนลึก.
ตรละ 5,ว.,กลับกลอก
ตรละ 6,ว.,"หวั่นไหว, สั่น."
ตรลา 0,น.,ข้าวต้ม
ตรลา 1,น.,นํ้าผึ้ง
ตรลา 2,น.,เหล้า.
ตรลาด 0,น.,ตลาด.
ตรเลิด 0,ก.,เตลิด เช่น สองก้ำกึ่งกันทานทบ แผลงศรตรหลบ ตรเลิดพันลึกนิดินบน (อนิรุทธ์).
ตรวจ 0,ก.,"พิจารณาดูความเรียบร้อย เช่น ตรวจพล ตรวจราชการ, พิจารณาดูว่าถูกหรือผิด ดีหรือร้าย เป็นต้น เช่น ตรวจบัญชี ตรวจแบบฝึกหัด ตรวจดวงชะตา, พิจารณาหาสมุฏฐาน เช่น ตรวจโรค, สำรวจ เช่น ตรวจพื้นที่."
ตรวจการ 0,ก.,"ตรวจดูการงานให้ดำเนินไปโดยเรียบร้อย เช่น ผู้ตรวจการ, ตรวจราชการ ก็ว่า."
ตรวจการณ์ 0,ก.,ตรวจค้นด้วยสายตาหรือใช้เครื่องมือทางอิเล็กทรอนิกส์เข้าช่วย เพื่อรวบรวมข่าวสารหรือประโยชน์อย่างใดอย่างหนึ่งในเขตพื้นที่ที่รับผิดชอบ.
ตรวจข่าว 0,ก.,"พิจารณาข่าวว่าควรอนุญาตให้พิมพ์ได้หรือไม่, พิจารณาข่าวที่ตีพิมพ์ลงในหนังสือพิมพ์แล้ว."
ตรวจตรา 0,ก.,พิจารณาดูให้รอบคอบถี่ถ้วน.
ตรวจทาน 0,ก.,ตรวจทบทวนความถูกต้องเรียบร้อย
ตรวจทาน 1,ก.,"สอบหนังสือให้ถูกต้องหรือให้ตรงกับต้นฉบับ, ทาน ก็ว่า."
ตรวจราชการ 0,ก.,"ตรวจดูการงานให้ดำเนินไปโดยเรียบร้อย เช่น ผู้ตรวจราชการภาค, ตรวจการ ก็ว่า."
ตรวจเลือด 0,ก.,ตรวจดูว่าเลือดอยู่ในกลุ่มไหน หรือมีเชื้อโรคอยู่ในเลือดหรือไม่ หรือเพื่อทราบโรคบางอย่าง เป็นต้น.
ตรวจสอบ 0,ก.,ตรวจเพื่อค้นหาข้อเท็จจริง เช่น ตำรวจไปตรวจสอบหาหลักฐานในสถานที่เกิดเหตุ.
ตรวด 0,ว.,"กรวด, สูงชัน, เช่น เฒ่าก็วิ่งตรวดตรงขึ้นต้นไม้ (ม. ร่ายยาว ชูชก), ใช้ว่า จรวด ก็มี."
ตรวน 0,น.,เครื่องจองจำนักโทษชนิดหนึ่ง เป็นห่วงเหล็ก มีโซ่ล่ามถึงกัน ใช้สวมขานักโทษ.
ตรวย 0,ก.,พุ่งตรงมา เช่น บ้างเป็นเสาตรวยตรงลงถึงดิน (อิเหนา).
ตรอก 0,น.,ทางแคบมีบ้านเรือนอยู่ ๒ ข้าง.
ตรอง 0,ก.,คิดทบทวน.
ตรอมใจ 0,ก.,"ระทมใจจนเหี่ยวแห้ง, กรอมใจ หรือ กรอมกรม ก็ว่า."
ตรอมตรม 0,ก.,"ระทมใจจนเหี่ยวแห้ง, กรอมใจ หรือ กรอมกรม ก็ว่า."
ตระ 0,น.,ชื่อเพลงไทยประเภทเพลงหน้าพาทย์.
ตระ 1,น.,"แถบ, แปลง, (ใช้แก่ที่ดิน)."
ตระกล 0,ว.,มีมาก
ตระกล 1,ว.,"งาม, เขียนเป็น ตรกล ก็มี เช่น ดูกรสงฆ์ ป่าสามโยชนตรการตรกลสถานรญรอบน้นน (ม. คำหลวง นครกัณฑ์)."
ตระกวน 0,น.,ผักบุ้ง เช่น ตระกวนสนเสียดสร้อยก็มี (ม. คำหลวง มหาพน).
ตระกอง 0,ก.,"กอด, เกี่ยวพัน, เช่น เกษแก้วกระกองกลม แลกทดกทันงาม (เสือโค)."
ตระกอง 1,ก.,"กอด, เกี่ยวพัน, เช่น ดุจมือไตรโลกยตระกอง เศิกเสี้ยนยากปอง จะป่ายจะปีนเปลืองตน (อนิรุทธ์), กระกอง ก็ว่า."
ตระกัด 0,ก.,"ใคร่, อยาก, ยินดี, เขียนเป็น ตรกัด ก็มี เช่น จึ่งเจ้ามัทรีเฉลอย ว่าพ่อเอยใช่ต้งงใจแก่ความกำหนัด ในตรกัดกรีธา แลข้าจะมาในที่นี้ (ม. คำหลวง กุมาร), กระกัด ก็ว่า."
ตระการ 0,ว.,"งาม เช่น ป่าดงพงหลวงตระการ เซราะเซราเขาธาร ชรลัดชรล่องดองไพร (อนิรุทธ์), น้ำพุพุ่งซ่า ไหลฉ่าฉาดฉาน เห็นตระการ (สารานุกรมศัพท์ดนตรีไทย เพลงเถา)"
ตระการ 1,ว.,"ประหลาด, แปลก, เช่น ข้าเห็นร่มชมพู ตรูรัตนพิสาล ตรงตระการกว่าชื่นแล (ม. คำหลวง ทศพร), เสียงแตรสังขแลพาทยเภริยนุดนตรี อึงเองบพักตี ตระการ (อนิรุทธ์)"
ตระการ 2,ว.,"หลากหลาย, มีต่าง ๆ."
ตระกูล 0,น.,"สกุล, วงศ์, เชื้อสาย, เผ่าพันธุ์."
ตระกูลมูลชาติ 0,น.,"ตระกูลผู้ดี เช่น หญิงมีตระกูลมูลชาติ ถ้าแม้ขาดขันหมากก็ขายหน้า (ท้าวแสนปม), สกุลรุนชาติ ก็ว่า."
ตระคัร 0,น.,"ไม้กฤษณา, เขียนเป็น ตรคัล ก็มี เช่น กฤษณาขาวแลตรคัลก็มี (ม. คำหลวง มหาพน)."
ตระง่อง 0,ก.,"จ้อง, คอยดู, เขียนเป็น ตรง่อง ก็มี เช่น อันว่าพระมหาสัตวก็ต้งงตาแลตรง่อง ซึ่งช้นนช่องมรรคา ที่มีผู้จะมาน้นน โสดแล (ม. คำหลวง กุมาร), กระหง่อง กระหน่อง ตระหง่อง หรือ ตระหน่อง ก็มี."
ตระจัก 0,ว.,"ตระชัก, เย็น, หนาว."
ตระชัก 0,ว.,"เย็น, หนาว, เขียนเป็น ตรชัก ก็มี เช่น องงเอาอายอัคนี เพื่อผุดศรีใสสาว บหนีหนาวหน้าตรชัก (ม. คำหลวง ทานกัณฑ์)."
ตระเชิญ 0,น.,ชื่อเพลงไทยประเภทเพลงหน้าพาทย์ ใช้อัญเชิญเทพเจ้าและสิ่งศักดิ์สิทธิ์.
ตระดก 0,ก.,"หวาด, ผวา, สะดุ้ง, ตกใจ, เขียนเป็น ตรดก ก็มี เช่น อันว่าพระพิศวกรรม ก็ยงงไปศาจผีเสื้อเนื้อแลนก อันมีเสียงตรดกพึงภีต บมิให้กีดให้ก้อง บมิให้ร้องระงี่มี่รงม (ม. คำหลวง วนประเวศน์)."
ตระดาษ 0,ว.,"ขาว, เผือก, เขียนเป็น ตรดาษ ก็มี เช่น อันรู้ภูมินทรสถาน ที่จรบาฬบรราชตัวตรดาษดํรยรัตน เปนสารสวัสดิมงคล (ม. คำหลวง วนประเวศน์)."
ตระเตรียม 0,ก.,"จัดแจงไว้ให้เรียบร้อย, โบราณใช้ว่า กระเกรียม."
ตระแตร้น 0,ว.,เสียงช้างร้อง.
ตระทรวง 0,น.,กระทรวง เช่น ให้ตราพระราชบันหญัตคำนับประเดียงโฆษนาแก่หมื่นขุนมุนนายทุกตระทรวงทบวงการ (สามดวง).
ตระนาว 0,น.,เรียกกระแจะชนิดหนึ่ง.
ตระไน 0,น.,นกกระไน เช่น เขาคุ่มกระตรุมกระไตร ตระไนนี่สนั่นเสียง (สรรพสิทธิ์). (ดู กระไน).
ตระบก 0,น.,"ชื่อไม้ต้นขนาดใหญ่ชนิด Irvingia malayana Oliv. ex A. W. Benn. ในวงศ์ rvingiaceae ใบรูปไข่ผลเท่ามะกอกหรือมะปรางขนาดเขื่อง เมล็ดแข็ง เนื้อในขาว มีรสมัน กินได้, ตระบก มะมื่น หรือ มะลื่น ก็เรียก."
ตระบอก 0,น.,"ดอกไม้, กลีบดอกไม้, เช่น ตระบอกบววศรีไส กลีบกล้ยง (กำสรวล)."
ตระบอง 0,น.,"ตะบอง เช่น ครั้นพ้นขึ้นมาเปนเปรตถือตระบองเหลกลุกเปนเปลวเพลิง (สามดวง), กระบอง ก็ว่า."
ตระบัด 0,ว.,"ประเดี๋ยว, บัดใจ, ทันใด, เช่น พลิกไปมาฟื้นตื่นองค์ ในรถมาศผจง ก็ตื่นตรบัดบัดใจ (อนิรุทธ์), กระบัด ก็ใช้."
ตระบัด 1,ก.,พลันไป.
ตระบัด 2,ก.,"ฉ้อโกง เช่น บ่อยู่ในสัตย์ ตระบัดอาธรรม์ (เสือโค), กระบัด ประบัด หรือ สะบัด ก็ใช้."
ตระบัดสัตย์ 0,ก.,ไม่รักษาคำมั่นสัญญา.
ตระบัดสิน 0,ก.,"ยืมหรือกู้เอาทรัพย์เขาไปแล้วโกงเอาเสีย, ยักยอก."
ตระบัน 0,น.,กลีบซ้อน.
ตระเบ็ง 0,ก.,"ตะเบ็ง, เขียนเป็น ตรเบง ก็มี เช่น ย่อมพลแขงตรเบงล่ำสนน ย่อมพลขันธ์ตรเบงล่ำสู้ (ม. คำหลวง มหาราช)."
ตระแบ่ 0,ก.,แผ่.
ตระแบก 0,น.,"ต้นตะแบก, กระแบก ก็เรียก."
ตระแบง 0,ก.,"สะแบง, สะพาย, เช่น ทวยท้ายใดตั้งถือ มือกระลึงโล่ห์สล้าง คว้างคระวีตาวตะแบง แขวงซ้ายขวาห้าร้อย (ตะเลงพ่าย)."
ตระแบง 1,ก.,"ผูกไขว้, ผูกบิด, เช่น ผ้าประเจียดประจงจีบซ้อนสวมเศียรแสร้งตระแบงบิดโพกพัน (ม. ร่ายยาว ชูชก)."
ตระแบน 0,ก.,"ทิ้งลง, ตกลง, โผลง, เขียนเป็น ตรแบ่น ก็มี เช่น กูก็จะตัดหัวมึงโหงลงจากค่าไม้ ตรแบ่นไว้กลางดิน (ม. คำหลวง ชูชก)."
ตระแบน 1,น.,แผ่น.
ตระแบ่น 0,ก.,"ทิ้งลง, ตกลง, โผลง, เขียนเป็น ตรแบ่น ก็มี เช่น กูก็จะตัดหัวมึงโหงลงจากค่าไม้ ตรแบ่นไว้กลางดิน (ม. คำหลวง ชูชก)."
ตระแบ่น 1,น.,แผ่น.
ตระโบม 0,ก.,"โลมเล้า, กอด, เช่น เชยแก้มลลาโลม ตระโบมจูบพระเพาพะงา บัดเดี๋ยวจะคืนมา ประสบน้องสำราญรมย์ (อนิรุทธ์), กระโบม ก็ว่า."
ตระพอง 0,น.,"ส่วนที่นูนเป็นปุ่ม ๒ ข้างหัวช้าง, กะพอง กระพอง หรือ ตะพอง ก็ว่า."
ตระพัง 0,น.,"แอ่ง, บ่อ, หนอง, เช่น กลางเมืองสุโขทัยนี้มีน้ำตระพังโพยสี (จารึกหลักที่ ๑), ตะพัง กระพัง หรือ สะพัง ก็ว่า."
ตระมึน 0,ว.,"ทะมึน, มีลักษณะดำมืดสูงใหญ่น่าเกรงขาม, กระมึน ก็ใช้, โดยมากใช้ว่า ทะมื่น."
ตระมื่น 0,ว.,"ทะมึน, มีลักษณะดำมืดสูงใหญ่น่าเกรงขาม, กระมึน ก็ใช้, โดยมากใช้ว่า ทะมื่น."
ตระโมจ 0,ว.,"ว้าเหว่, เปลี่ยวใจ, โดดเดี่ยว, เขียนเป็น ตรโมจ ก็มี เช่น ก็จะให้ไท้ธอยู่ลิงโลจ ตรอมตรโมจพระองค์ ในไพรพงพนเวศนั้น (ม. คำหลวง สักรบรรพ)."
ตระลาการ 0,น.,"ตำแหน่งเจ้าพนักงานหรือเจ้าหน้าที่ศาล มีหน้าที่ชำระชี้ขาดข้อเท็จจริงในคดีความ เช่น ให้ผู้เปนตระลาการไต่สวนผู้เปนสักขิญานรู้เหน (สามดวง), กระลาการ ก็เรียก."
ตระวัน 0,น.,"ตะวัน, ดวงอาทิตย์."
ตระเว็ด 0,น.,"เจว็ด, แผ่นไม้รูปคล้ายใบเสมา เขียนเป็นรูปเทวดาสัปตเคราะห์สำหรับพิธีบูชาพระเคราะห์, แผ่นไม้รูปคล้ายใบเสมา เขียนเป็นรูปพระภูมิชัยมงคล ตั้งประจำศาลพระภูมิ, ใช้ว่า เตว็ด ก็มี."
ตระเวน 0,ก.,"เที่ยวตรวจตรา เป็นหน้าที่ของข้าราชการโบราณในกรมพระนครบาล เช่น พลตระเวน, พาไปทั่ว ๆ เพื่อประจาน ในความว่า นำนักโทษตระเวนไปทั่วเมือง, ใช้ว่า กระเวน ตะเวน หรือ ทะเวน ก็มี"
ตระเวน 1,ก.,ไปทั่ว ๆ เช่น ตระเวนซื้อหนังสือ พาตระเวนไปทั้งวัน.
ตระเวนไพร 0,น.,"ชื่อนกขนาดเล็กหลายชนิด ในสกุล Pomatorhinusวงศ์ Timaliidae ปากแหลมโค้ง คอ อก และท้องสีขาว ตัวสีนํ้าตาล หางยาว ทำรังแบบง่าย ๆ ด้วยกิ่งไม้ตามพุ่มไม้หรือต้นไม้ หากินเป็นฝูงและส่งเสียงร้องตลอดเวลา กินแมลงตามพื้นดินและพุ่มไม้ เช่น ระวังไพรปากเหลือง (P. schisticeps Hodgson) ระวังไพรปากยาว [P. hypoleucos (Blyth)], ตระเวนไพร หรือ ตระเวนวัน ก็เรียก."
ตระเวนวัน 0,น.,"ชื่อนกขนาดเล็กหลายชนิด ในสกุล Pomatorhinusวงศ์ Timaliidae ปากแหลมโค้ง คอ อก และท้องสีขาว ตัวสีนํ้าตาล หางยาว ทำรังแบบง่าย ๆ ด้วยกิ่งไม้ตามพุ่มไม้หรือต้นไม้ หากินเป็นฝูงและส่งเสียงร้องตลอดเวลา กินแมลงตามพื้นดินและพุ่มไม้ เช่น ระวังไพรปากเหลือง (P. schisticeps Hodgson) ระวังไพรปากยาว [P. hypoleucos (Blyth)], ตระเวนไพร หรือ ตระเวนวัน ก็เรียก."
ตระเวนเวหา 0,น.,ชื่อท่ารำแบบหนึ่ง โดยมือข้างหนึ่งหงาย งอข้อศอก ระดับแง่ศีรษะ มืออีกข้างหนึ่งตั้งวง แขนตึงระดับไหล่ เอียงศีรษะข้างเดียวกับมือที่หงาย.
ตระสัก 0,ว.,งามสง่า
ตระสัก 1,ว.,ไพเราะ เช่น จักจั่นแลปักษี ดุจดนตรีตระสักสวรรค (ม. คำหลวง มหาพน).
ตระหง่อง 0,ก.,"จ้อง, คอยดู, เช่น ตาเรียมตระหง่องตั้ง ตาเรือ แม่ฮา (ทวาทศมาส), เขียนเป็น ตรง่อง ก็มี เช่น อันว่าพระมหาสัตวก็ต้งงตาแลตรง่อง ซึ่งช้นนช่องมรรคา ที่มีผู้จะมาน้นน โสดแล (ม. คำหลวง กุมาร), กระหง่อง หรือ กระหน่อง ก็ใช้."
ตระหง่าน 0,ว.,สูงเด่นเป็นสง่า.
ตระหนก 0,ก.,"หวาด, ผวา, สะดุ้ง, ตกใจ."
ตระหน่อง 0,ก.,"จ้อง, คอยดู, เช่น ตาเรียมตระหง่องตั้ง ตาเรือ แม่ฮา (ทวาทศมาส), เขียนเป็น ตรง่อง ก็มี เช่น อันว่าพระมหาสัตวก็ต้งงตาแลตรง่อง ซึ่งช้นนช่องมรรคา ที่มีผู้จะมาน้นน โสดแล (ม. คำหลวง กุมาร), กระหง่อง หรือ กระหน่อง ก็ใช้."
ตระหนัก 0,ก.,"รู้ประจักษ์ชัด, รู้ชัดแจ้ง."
ตระหน่ำ 0,ก.,กระหนํ่า.
ตระหนี่ 0,ว.,หวงไม่อยากให้ง่าย ๆ เช่น ตระหนี่ทรัพย์ ตระหนี่ความรู้.
ตระหนี่ตัว 0,ก.,หวงตัว ไม่ยอมให้ใครอุ้ม (ใช้แก่เด็ก).
ตระอร 0,ก.,ทำให้ชอบใจ
ตระอร 1,ก.,"ประคับประคอง เช่น อุษากำสรดกล่าว คดีโดยดั่งสมสอง ชายหนึ่งมาลอบลอง ในราตรีตระอรอร (อนิรุทธ์), เกื้อกามตระอร (กฤษณา)."
ตระอาล 0,ว.,หวั่นไหว เช่น พยงแผ่นดินบตระอาล (ม. คำหลวง กุมาร).
ตระโอม 0,ก.,โอบกอด.
ตรัง 0,ก.,ติดอยู่ เช่น ปู่จะใช้ชาวคลงง สิ่งสินตรังตรา ส่งแล (ม. คำหลวง มหาราช).
ตรังค์ 0,น.,ลูกคลื่น.
ตรังค- 0,น.,ลูกคลื่น.
ตรังคนที 0,น.,"ชื่อกาพย์ชนิดหนึ่ง, คู่กับ มหาตรังคนที."
ตรังควชิราวดี 0,น.,"ชื่อกาพย์ชนิดหนึ่ง, คู่กับ มหาตรังคนที."
ตรับ 0,ก.,"เอาใจใส่คอยฟังข่าวคราวทุกข์สุขหรือความคิดเห็นของผู้อื่นเป็นต้น, มักใช้เข้าคู่กับคำ สดับ เป็น สดับตรับฟัง, เช่น เคยดัดฤดีตาตื่นตรับ สยงสารสงงคีตขับทรอท่อ (ม. คำหลวง ทานกัณฑ์)."
ตรับฟัง 0,ก.,"เอาใจใส่คอยฟังข่าวคราวทุกข์สุขหรือความคิดเห็นของผู้อื่นเป็นต้น, มักใช้เข้าคู่กับคำ สดับ เป็น สดับตรับฟัง, เช่น เคยดัดฤดีตาตื่นตรับ สยงสารสงงคีตขับทรอท่อ (ม. คำหลวง ทานกัณฑ์)."
ตรัย 0,ว.,"สาม, หมวด ๓, ใช้ในคำสมาส เช่น รัตนตรัย."
ตรัยตรึงศ์ 0,น.,"ดาวดึงส์, ชื่อสวรรค์ชั้นที่ ๒ แห่งสวรรค์ ๖ ชั้น มีพระอินทร์เป็นใหญ่ในชั้นนี้."
ตรัส 0,ก.,พูด.
ตรัส 1,ว.,"แจ้ง, สว่าง, ชัดเจน."
ตรัสน้อย 0,น.,คำยกย่องเรียกเจ้านายฝ่ายในชั้นเจ้าฟ้า.
ตรัสรู้ 0,ก.,รู้แจ้ง (ใช้เฉพาะพระพุทธเจ้า)
ตรัสรู้ 1,ก.,รู้เอาเองว่าเป็นอย่างนั้นอย่างนี้.
ตรัสสา 0,น.,คำยกย่องเรียกเจ้านายฝ่ายในชั้นเจ้าฟ้า.
ตรา 0,น.,เครื่องหมายทำเป็นรูปต่าง ๆ มีลวดลายประดับ สำหรับประทับเป็นสัญลักษณ์แทนบุคคลหรือองค์กรเป็นต้น เช่น ตราพระราชสีห์ ตราพระคชสีห์ ตราบัวแก้ว หรือสำหรับเป็นเครื่องประดับในจำพวกราชอิสริยาภรณ์ เช่น ตราช้างเผือก หรือสำหรับเป็นเครื่องหมายการค้า เช่น ผ้าตรานกอินทรี.
ตรา 1,ก.,ประทับเป็นสำคัญ เช่น ตราไว้
ตรา 2,ก.,"กำหนดไว้, จดจำไว้, เช่น ตราเอาไว้ที"
ตรา 3,ก.,ตั้งไว้ เช่น ให้ตราพระราชบัญญัติขึ้นไว้.
ตรากตรำ 0,ก.,"ทำงานด้วยความยากลำบาก, ทนทำงานด้วยความยากลำบาก, เช่น เขาตรากตรำทำงานมาตั้งแต่อายุยังน้อย"
ตรากตรำ 1,ก.,"สมบุกสมบัน, ไม่ปรานีปราศรัย, เช่น ใช้ตรากตรำ."
ตราขุนพล 0,น.,ลายที่ขีดเป็นกากบาทที่ก้นหม้อตาลสำหรับปักไว้กันผี.
ตราจอง 0,น.,ใบอนุญาตให้จับจองที่ดิน ซึ่งกำหนดให้ผู้รับอนุญาตต้องทำประโยชน์ในที่ดินให้แล้วภายในเวลาที่กำหนด.
ตราชู 0,น.,เครื่องชั่งชนิดที่มีถาดชั่งห้อยอยู่ ๒ ข้างคันชั่งหรืออยู่ที่ปลายคาน ๒ ข้างของคันชั่ง ถาดหนึ่งสำหรับใส่ของที่จะชั่ง อีกถาดหนึ่งใส่ตุ้มน้ำหนักมาตรฐาน จนตุ้มน้ำหนักสมดุลกับของที่ชั่ง และคานอยู่ในระนาบ.
ตราแดง 0,น.,หนังสือสำคัญซึ่งพนักงานเจ้าหน้าที่อนุญาตให้จับจองที่นา ใช้ในบางจังหวัด แทนตราจอง แต่ไม่กำหนดเวลา ๓ ปี ออกให้ในสมัยหนึ่ง แล้วงดไม่ออกอีก เพื่อเก็บอากรค่านาเป็นนาคู่โค แทนที่เคยเป็นนาฟางลอย.
ตราตั้ง 0,น.,เอกสารแต่งตั้ง เช่น ตราตั้งพระอุปัชฌายะ ตราตั้งที่พระราชทานให้แก่ธนาคารหรือบริษัทห้างร้านเป็นต้นที่ทำประโยชน์ในราชการส่วนพระองค์หรือประเทศชาติ มีสิทธิที่จะใช้ตราครุฑเพื่อแสดงว่าได้รับพระบรมราชานุญาต.
ตราบ 0,น.,"ข้าง, ฟาก, ริม, เช่น สองตราบจับสูล จำรูลจับศักดิ์ สภักผ้าเกราะผ้ากราย (ม. คำหลวง มหาราช), ไกวกนนแสงแคลงยยาบ สองตราบข้างมรรคา (ม. คำหลวง ทานกัณฑ์)."
ตราบ 1,สัน.,"จนถึง, เมื่อ, เช่น ยังมีลมหายใจอยู่ตราบใด ก็ถือว่ายังมีชีวิตอยู่ตราบนั้น."
ตราบเท่า 0,บ.,"ตลอด, ถึง, จวบจวน, เช่น รักษาเอกราชมาได้จนตราบเท่าทุกวันนี้."
ตราบเท่า 1,สัน.,"ตลอด, ถึง, จวบจวน, เช่น เราจะจงรักภักดีต่อประเทศชาติตราบเท่าชีวิตจะหาไม่, ตราบท้าว ก็ว่า."
ตราบาป 0,น.,"บาปติดตัว, ความรู้สึกว่าเป็นบาปซึ่งมีฝังอยู่ในจิตใจตลอดไป."
ตราไปรษณียากร 0,น.,"แสตมป์, (กฎ) บัตรตราใด ๆ ซึ่งจัดให้มีขึ้น เพื่อใช้เป็นค่าไปรษณียากร หรือค่าธรรมเนียมอื่น หรือจำนวนเงินที่จะต้องเสียในการส่งไปรษณียภัณฑ์ รวมทั้งตราไปรษณียากรสำหรับผนึก หรือตราไปรษณียากรที่พิมพ์ ดุน หรือแสดงไว้โดยวิธีอื่นบนซอง กระดาษห่อ ไปรษณียบัตร หรือสิ่งอื่น ๆ."
ตราภูมิคุ้มห้าม 0,น.,หนังสือราชการประจำตัวไพร่หลวงสำหรับบางหมู่บางพวก เดิมเพื่อได้รับการลดหย่อนภาษีอากรต่าง ๆ หรือได้รับยกเว้นการเกณฑ์แรงงานตามที่กำหนดให้ ต่อมาเหลือเพียงการลดหย่อนภาษีอากร.
ตรายาง 0,น.,"ตราที่ทำด้วยยางสำหรับประทับบนกระดาษเป็นต้น, โดยปริยายหมายถึง ผู้บริหารหรือผู้มีอำนาจหน้าที่ในการตัดสินใจแต่ลงนามอนุมัติตามที่มีผู้อื่นเสนอมาโดยไม่ได้ตัดสินใจเอง."
ตราสัง 0,ก.,อาการที่สัปเหร่อนำผ้าขาวห่อศพและใช้ด้ายดิบมัดศพเป็น ๕ เปลาะ.
ตราสาร 0,น.,หนังสือสำคัญซึ่งเป็นเอกสารแสดงฐานะหรือสิทธิต่าง ๆ ตามกฎหมาย เช่น ตราสารจัดตั้ง โฉนดที่ดิน ตั๋วเงิน.
ตราสารจัดตั้ง 0,น.,หนังสือสำคัญก่อตั้งนิติบุคคลที่กำหนดขอบเขตแห่งอำนาจหน้าที่หรือวัตถุประสงค์ของนิติบุคคลนั้น.
ตราสิน 0,น.,"ถ้อยคำที่แจ้งความไว้เพื่อเป็นหลักฐานของทรัพย์สินที่เสียหายหรือสูญหายจากการถูกปล้น, บางทีเขียนเป็น ตราสีน ก็มี เช่น ให้ทำฎีกาตราสีนแต่โดยสัจโดยจรีง (สามดวง ลักษณะโจร)"
ตราสิน 1,น.,การจดทะเบียน เช่น ตราสินหนังสือพิมพ์ ตราสินชื่อย่อโทรเลข.
ตราหน้า 0,ก.,หมายหน้าไว้
ตราหน้า 1,ก.,"หยามหน้า, สบประมาท."
ตรำ 0,ว.,"ปล่อยทิ้งตากแดดตากฝนไว้นาน ๆ เช่น ตัดไม้ทิ้งตรำแดดตรำฝนไว้, สู้ทนลำบาก เช่น ทำงานตรำแดดตรำฝน ตรำงาน, กรำ ก็ว่า."
ตร่ำ 0,ก.,"เอาพร้าหวดตัดหญ้าที่โทรมแล้วให้เตี้ยลง, กรํ่า ก็ว่า."
ตริ 0,ก.,"คิด, ตรึกตรอง."
ตริ 1,*ว.,ใช้ประกอบหน้าศัพท์ แปลว่า สาม เช่น ตริตาภรณ์ช้างเผือก.
ตริตรอง 0,ก.,"ใคร่ครวญ, คิดทบทวน, ตรึกตรอง."
ตริว 0,น.,"เต่า, กริว หรือ จริว ก็ว่า."
ตรี 0,น.,ปลา.
ตรี 1,น.,คำตัดมาจาก ตรีศูล.
ตรี 2,ว.,"สาม เช่น ตรีเนตร, ชั้นที่ ๓ (ใช้เกี่ยวกับลำดับชั้นหรือขั้นของยศ ตำแหน่ง คุณภาพ หรือ วิทยฐานะ ตํ่ากว่า โท สูงกว่า จัตวา) เช่น ร้อยตรี ข้าราชการชั้นตรี ปริญญาตรี"
ตรี 3,ว.,เรียกเครื่องหมายวรรณยุกต์รูปดังนี้  ว่า ไม้ตรี.
ตรีกฏุก 0,น.,พิกัดตัวยาประเภทหนึ่งในตำรายาไทย จำกัดจำนวนตัวยาอันมีรสเผ็ดร้อน ๓ อย่าง คือ พริกไทย ดีปลี ขิงแห้ง.
ตรีกาย 0,น.,พระกายทั้ง ๓ ของพระพุทธเจ้าตามคติพระพุทธศาสนา นิกายมหายาน ได้แก่ ๑. ธรรมกาย (พระธรรมคำสอนของพระพุทธเจ้า) ๒. สัมโภคกาย (กายทิพย์หรือกายละเอียดของพระพุทธเจ้า) และ ๓. นิรมาณกาย (กายที่เป็นขันธ์ ๕ และปรากฏแก่มนุษย์ทั่วไป ซึ่งบางทีเรียกว่า รูปกาย).
ตรีกาล 0,น.,"กาลทั้ง ๓ คือ อดีต ปัจจุบัน อนาคต, เวลาทั้ง ๓ คือ เช้า กลางวัน เย็น."
ตรีกาลพิษ 0,น.,พิกัดตัวยาประเภทหนึ่งในตำรายาไทย จำกัดจำนวนตัวยาแก้พิษตามเวลา ๓ อย่าง คือ กระชาย เหง้าข่า รากกะเพรา.
ตรีกูฏ 0,น.,"ชื่อภูเขา ๓ ลูก ในไตรภูมิกล่าวว่าเป็นภูเขาที่รองรับเขาพระสุเมรุ, ผาสามเส้า ก็เรียก."
ตรีเกสรมาศ 0,น.,พิกัดตัวยาประเภทหนึ่งในตำรายาไทย จำกัดจำนวนตัวยารสเสมอเกสร ๓ อย่าง คือ ผลมะตูมอ่อน เปลือกฝิ่น เกสรบัวหลวง.
ตรีโกณ 0,น.,รูปสามเหลี่ยม.
ตรีโกณมิติ 0,น.,"คณิตศาสตร์แขนงหนึ่งที่ว่าด้วยฟังก์ชันของตัวแปรจริง ซึ่งแทนขนาดของมุมในรูปสามเหลี่ยม, คณิตศาสตร์แขนงหนึ่งที่ว่าด้วยการใช้ฟังก์ชันของมุมเป็นรากฐานในการศึกษาสมบัติของรูปสามเหลี่ยมหรือรูปอื่นใดที่ทอนลงมาเป็นรูปสามเหลี่ยมได้."
ตรีคันธวาต 0,น.,พิกัดตัวยาประเภทหนึ่งในตำรายาไทย จำกัดจำนวนตัวยาอันมีกลิ่นสำหรับแก้ลม ๓ อย่าง คือ ผลเร่วใหญ่ ผลจันทน์เทศ กานพลู.
ตรีคูณ 0,น.,๓ เท่า.
ตรีฉินทลามกา 0,น.,พิกัดตัวยาประเภทหนึ่งในตำรายาไทย จำกัดจำนวนตัวยาแก้ธาตุลามกให้หมดไป ๓ อย่าง คือ โกฐนํ้าเต้า สมอไทย รงทอง.
ตรีชาต 0,น.,วัตถุ ๓ คือ ดอกจันทน์ กระวาน อบเชย.
ตรีญาณรส 0,น.,พิกัดตัวยาประเภทหนึ่งในตำรายาไทย จำกัดจำนวนตัวยาอันทำให้รู้รสอาหาร ๓ อย่าง คือ ไส้หมาก รากสะเดา เถาบอระเพ็ด.
ตรีทศ 0,น.,"เทวดา ๓๓ องค์ ในสวรรค์ชั้นดาวดึงส์, ในคัมภีร์อรรถกถาธรรมบทหมายถึง พระอินทร์และเทวดาผู้ใหญ่อีก ๓๒ องค์, ไตรทศ ก็เรียก."
ตรีทิพ 0,น.,"สวรรค์ชั้นสูงสุด, สวรรค์ทั่วไป, เรียก ไตรทิพ หรือ ไตรทิพย์ ก็ได้."
ตรีทิพยรส 0,น.,พิกัดตัวยาประเภทหนึ่งในตำรายาไทย จำกัดจำนวนตัวยาอันมีรสดี ๓ อย่าง คือ โกฐกระดูก เนื้อไม้ อบเชยไทย.
ตรีทุรวสา 0,น.,พิกัดตัวยาประเภทหนึ่งในตำรายาไทย จำกัดจำนวนตัวยาแก้ความผิดปรกติของมันเหลว ๓ อย่าง คือ ลูกโหระพาเทศ ลูกกระวาน ลูกราชดัด.
ตรีทูต 0,น.,ทูตลำดับที่ ๓ ในคณะทูต รองจาก ราชทูต และ อุปทูต.
ตรีทูต 1,น.,ลักษณะบอกอาการของคนเจ็บหนักใกล้จะตาย.
ตรีโทษ 0,น.,"อาการไข้ที่ลม เสมหะ เลือด ประชุมกัน ๓ อย่างให้โทษ, ไข้หนักจวนจะตาย."
ตรีธาตุ 0,น.,พิกัดตัวยาประเภทหนึ่งในตำรายาไทย จำกัดจำนวนตัวยาอันเป็นวัตถุธาตุ ๓ อย่าง คือ ดอกจันทน์ กระวาน อบเชย.
ตรีธารทิพย์ 0,น.,พิกัดตัวยาประเภทหนึ่งในตำรายาไทย จำกัดจำนวนตัวยาอันมีรสดังน้ำทิพย์ ๓ อย่าง คือ รากไทรย้อย รากราชพฤกษ์ รากมะขามเทศ.
ตรีนิศก 0,น.,ตรีศก.
ตรีเนตร 0,น.,ชื่อหนึ่งของพระอิศวร แปลว่า ผู้มีนัยน์ตา ๓ ตา โบราณมักเรียกว่า พระอินสวน และเขียนเป็น พระอินศวร.
ตรีบถ 0,น.,"ที่ซึ่งทางทั้ง ๓ มาจดกัน, ทางสามแพร่ง."
ตรีบูร 0,น.,"กำแพงล้อม ๓ ชั้น (รวมทั้งคู) เช่น เมืองสุโขทัยนี้ตรีบูรได้สามพันสี่ร้อยวา (จารึกสยาม), ต่อมาแม้จะเป็นกำแพงชั้นเดียวก็เรียกตรีบูรด้วย เช่น อยุธยาไพโรจน์ใต้ ตรีบูร (กำสรวล)."
ตรีประดับ 0,น.,ชื่อกลอนกลบทชนิดหนึ่ง กำหนดให้แต่ละวรรคมีคำเดียวกัน ผันวรรณยุกต์รูปสามัญ เอก และโท เรียงกัน หรือโท เอก สามัญ ก็ได้ เช่น อมรแมนแม่นแม้นเจ้างามโฉม ชฬอฬ่อฬ้อโลกย์ให้โศกโทรม แต่เลาเล่าเล้าโลมฤดีแด (ประชุมจารึกวัดพระเชตุพน).
ตรีปวาย 0,น.,พิธีพราหมณ์กระทำรับพระนารายณ์ ที่เรียกเป็นสามัญว่า พิธีแห่พระนารายณ์ ซึ่งกระทำในวันแรมคํ่า ๑ ถึงแรม ๕ คํ่า เดือนยี่.
ตรีปิฎก 0,น.,"ไตรปิฎก, พระธรรมคำสั่งสอนของพระพุทธเจ้ามี ๓ ปิฎก คือ พระวินัย เรียก วินัยปิฎก พระสูตร เรียก สุตตันตปิฎก พระอภิธรรม เรียก อภิธรรมปิฎก."
ตรีปิตตผล 0,น.,พิกัดตัวยาประเภทหนึ่งในตำรายาไทย จำกัดจำนวนตัวยาอันมีสรรพคุณแก้ดี ๓ อย่าง คือ รากเจตมูลเพลิงเทศ รากผักแพวแดง รากกะเพราแดง.
ตรีผลธาตุ 0,น.,พิกัดตัวยาประเภทหนึ่งในตำรายาไทย จำกัดจำนวนตัวยาอันให้คุณแก่ธาตุทั้ง ๔ จำนวน ๓ อย่าง คือ เหง้ากะทือ เหง้าไพล หัวตะไคร้.
ตรีผลสมุฏฐาน 0,น.,พิกัดตัวยาประเภทหนึ่งในตำรายาไทย จำกัดจำนวนตัวยาอันมีผลเป็นที่ตั้ง ๓ อย่าง คือ ลูกมะตูม ลูกยอ ลูกผักชีลา.
ตรีผลา 0,น.,พิกัดตัวยาประเภทหนึ่งในตำรายาไทย จำกัดจำนวนตัวยาอันเป็นผลไม้ ๓ อย่าง คือ สมอไทย สมอพิเภก มะขามป้อม.
ตรีพิธพรรณ 0,น.,ชื่อกลอนกลบทชนิดหนึ่ง กำหนดให้มีคำเดียวกันซ้ำ ๓ ครั้งภายในวรรคเดียวกัน จะเป็นตำแหน่งใดก็ได้ เช่น สังเวชจิตร์เอ๋ยจิตร์จิตร์เราหนอ ไม่เจียมกายกายแก่ทำกายตะกอ ดีแต่ก้ออวดก้อก้อเกินนัก (ประชุมจารึกวัดพระเชตุพน)
ตรีพิธพรรณ 1,น.,"ชื่อโคลง ๔ ประเภทหนึ่งที่เลื่อนคำรับสัมผัสในบาทที่ ๒ จากคำที่ ๕ มาเป็นคำที่ ๓ ส่วนข้อบังคับอื่น ๆ เหมือนโคลงสี่สุภาพทุกประการ เช่น ข้าขอประณตน้อม กายวจี จิตนา ต่อพระตรีไตรรัตน์ โรจน์เรื้อง เป็นประทีปส่องศรี โลกชัชวาลนา กำจัดมืดมนธ์เปลื้อง สัตว์พ้นสงสาร (หลักภาษาไทยของพระยาอุปกิตศิลปสาร, ในจินดามณีเรียกตรีเพชรทัณฑี)."
ตรีพิษจักร 0,น.,พิกัดตัวยาประเภทหนึ่งในตำรายาไทย จำกัดจำนวนตัวยาอันมีรสซึมซาบไวดังกงจักร ๓ อย่าง คือ กานพลู ลูกผักชีล้อม ลูกจันทน์เทศ.
ตรีเพชรทัณฑี 0,น.,ชื่อโคลงชนิดหนึ่งที่เลื่อนคำรับสัมผัสในบาทที่ ๒ จากคำที่ ๕ มาเป็นคำที่ ๓ ส่วนข้อบังคับอื่น ๆ เหมือนโคลงสี่สุภาพทุกประการ เช่น ปางนั้นสองราชไท้ ดาบศ สาพิมตไปมา กล่าวแก้ว ประทานราชเอารส สองราช เวนแต่ชูชกแล้ว จึ่งไท้ชมทาน (จินดามณี).
ตรีเพชรพวง 0,น.,ชื่อกลอนกลบทชนิดหนึ่ง กำหนดให้แต่ละวรรคมีคำเดียวกัน ผันวรรณยุกต์รูปสามัญ เอก โท ตรี และจัตวา สลับกันก็ได้ เช่น มโหรีรี่รี้ดีดสีเสียง จับปี่หริงหริ่งหริ้งพริ้งเพราะเพรียง ฆ้องสำเนียงเต๋งเต่งเต้ง ติงเหน่งโยน (ประชุมจารึกวัดพระเชตุพน).
ตรีเพชรสมคุณ 0,น.,พิกัดตัวยาประเภทหนึ่งในตำรายาไทย จำกัดจำนวนตัวยาอันมีคุณเสมอเพชร ๓ อย่าง คือ ว่านหางจระเข้ ฝักราชพฤกษ์ รงทอง.
ตรีภพ 0,น.,"โลกทั้ง ๓, ทางพระพุทธศาสนาหมายความถึง กามภพ คือภพของผู้ที่ติดอยู่ในกาม ตั้งแต่ฉกามาพจรลงมาถึงนรกภูมิ รูปภพ คือภพของพรหมที่มีรูป และอรูปภพ คือภพของพรหมที่ไม่มีรูป, ทางวรรณคดีหมายความถึง สวรรค์ มนุษยโลก และบาดาล, ตรีโลก ไตรโลก ไตรภพ หรืิอ ไตรภูมิ ก็ว่า."
ตรีภพนาถ 0,น.,"ที่พึ่งแห่งภพ ๓, พระพุทธเจ้า, พระอินทร์, ใช้ทั่วไปถึงผู้อื่นด้วย เช่น กษัตริย์ ก็มี."
ตรีภูมิ 0,น.,ตรีภพ.
ตรีภูวะ 0,น.,ตรีภพ.
ตรีมธุรส 0,น.,พิกัดตัวยาประเภทหนึ่งในตำรายาไทย จำกัดจำนวนตัวยาอันมีรสเลิศ ๓ อย่าง คือ นํ้าผึ้ง นํ้าตาล นํ้ามันเนย.
ตรีมูรติ 0,ว.,มีรูป ๓ คือ รูปพระพรหม รูปพระวิษณุ รูปพระศิวะ.
ตรีมูรติ 1,น.,ชื่อเรียกเทพเจ้าในศาสนาพราหมณ์ มี ๓ องค์ คือ พระพรหม (พระผู้สร้าง) พระวิษณุหรือพระนารายณ์ (พระผู้รักษา) และพระศิวะหรือพระอิศวร (พระผู้ทำลาย).
ตรียมก 0,น.,ชื่อกลอนกลบทชนิดหนึ่ง กำหนดบังคับวรรคละ ๙ คำ วรรคหนึ่งแบ่งออกเป็น ๓ ช่วง ให้ใช้พยัญชนะที่มีเสียงพ้องกัน ๒ เสียงในแต่ละช่วง เช่น สิ้นอาสัญในอาศรมที่อาศรัย อนาถใจอนาโถโอ้อางขนาง พระองค์เดียวพระอับเปลี่ยวพระองค์นาง ม้วยชีพวางสิ้นชีวาตม์ขาดชีวัง (ศิริวิบุลกิตติ).
ตรียัมปวาย 0,น.,พิธีพราหมณ์กระทำรับพระอิศวร ที่เรียกเป็นสามัญว่า พิธีโล้ชิงช้า ซึ่งกระทำในวันขึ้น ๗ คํ่าตอนเช้า ขึ้น ๙ คํ่าตอนเย็น เดือนยี่.
ตรีรัตน์ 0,น.,"แก้วทั้ง ๓ คือ พระพุทธ พระธรรม พระสงฆ์, โดยมากใช้ ไตรรัตน์."
ตรีโลก 0,น.,"โลกทั้ง ๓ ทางพระพุทธศาสนาหมายความถึง กามภพ คือภพของผู้ที่ติดอยู่ในกาม ตั้งแต่ฉกามาพจรลงมาถึงนรกภูมิ รูปภพ คือภพของพรหมที่มีรูป และอรูปภพ คือ ภพของพรหมที่ไม่มีรูป, ทางวรรณคดีหมายความถึง สวรรค์ มนุษยโลก และบาดาล, ตรีภพ ไตรโลก ไตรภพ หรือ ไตรภูมิ ก็ว่า."
ตรีโลกนาถ 0,น.,ที่พึ่งของโลกทั้ง ๓ ทางพระพุทธศาสนาหมายถึง พระพุทธเจ้า.
ตรีโลจน์ 0,น.,พระศิวะ.
ตรีโลหกะ 0,น.,พิกัดตัวยาประเภทหนึ่งในตำรายาไทย จำกัดจำนวนธาตุที่สำเร็จรูปแล้ว ๓ อย่าง คือ ทอง เงิน ทองเหลือง.
ตรีโลหะ 0,น.,"แร่ทั้ง ๓ คือ ทองแดง ทองเหลือง ทองหล่อระฆัง, หรืออีกตำราหนึ่งว่า ทองคำ เงิน ทองแดง"
ตรีโลหะ 1,น.,พิกัดตัวยาประเภทหนึ่งในตำรายาไทย จำกัดจำนวนตัวยาอันเป็นธาตุที่ถลุงเป็นรูปแล้ว ๓ อย่าง คือ ทองแดง ทองเหลือง ทองหล่อ (ทองสัมฤทธิ์).
ตรีวาตผล 0,น.,พิกัดตัวยาประเภทหนึ่งในตำรายาไทย จำกัดจำนวนตัวยาอันมีสรรพคุณแก้ลม ๓ อย่าง คือ ผลสะค้าน รากพริกไทย ข่า.
ตรีศก 0,น.,เรียกปีจุลศักราชที่ลงท้ายด้วยเลข ๓ เช่น ปีระกาตรีศก จุลศักราช ๑๓๔๓.
ตรีศูล 0,น.,ศัสตราประจำหัตถ์พระอิศวร มีลักษณะคล้ายใบหอกสั้นหรือพระขรรค์ ๓ เล่ม โคนร่วมอยู่ในด้ามเดียวกัน.
ตรีสมอ 0,น.,พิกัดตัวยาประเภทหนึ่งในตำรายาไทย จำกัดจำนวนสมอ ๓ อย่าง คือ สมอไทย สมอพิเภก สมอเทศ.
ตรีสมุตถาน 0,น.,สมุตถาน ๓ อย่าง คือ ดี เสมหะ ลม.
ตรีสัตกุลา 0,น.,พิกัดตัวยาประเภทหนึ่งในตำรายาไทย จำกัดจำนวนตัวยาที่มีตระกูลอันสามารถ ๓ อย่าง คือ เทียนดำ ผักชีลา ขิงสด.
ตรีสันนิบาตผล 0,น.,พิกัดตัวยาประเภทหนึ่งในตำรายาไทย จำกัดจำนวนตัวยาอันมีสรรพคุณแก้ไข้สันนิบาต ๓ อย่าง คือ ผลดีปลี รากกะเพรา รากพริกไทย.
ตรีสาร 0,น.,พิกัดตัวยาประเภทหนึ่งในตำรายาไทย จำกัดจำนวนตัวยาอันให้คุณในฤดูหนาว ๓ อย่าง คือ แสมสาร แสมทะเล ขี้เหล็ก.
ตรีสินธุรส 0,น.,พิกัดตัวยาประเภทหนึ่งในตำรายาไทย จำกัดจำนวนตัวยาที่มีรสอันชื่นใจ (ประดุจได้ดื่มน้ำ) ๓ อย่าง คือ รากมะตูม เทียนขาว นํ้าตาลกรวด.
ตรีสุคติสมุฏฐาน 0,น.,พิกัดตัวยาประเภทหนึ่งในตำรายาไทย จำกัดจำนวนตัวยาอันทำให้มีสรรพคุณเป็นที่ตั้ง ๓ อย่าง คือ รากแคแดง รากเพกา รากมะเดื่ออุทุมพร.
ตรีสุคนธ์ 0,น.,พิกัดตัวยาประเภทหนึ่งในตำรายาไทย จำกัดจำนวนตัวยาอันมีกลิ่นหอม ๓ อย่าง คือ ใบกระวาน อบเชยเทศ รากพิมเสน.
ตรีสุรผล 0,น.,พิกัดตัวยาประเภทหนึ่งในตำราไทย จำกัดจำนวนตัวยาอันมีรสกล้า ๓ อย่าง คือ สมุลแว้ง เนื้อไม้ เทพทาโร.
ตรีเสมหผล 0,น.,พิกัดตัวยาประเภทหนึ่งในตำรายาไทย จำกัดจำนวนตัวยาอันมีสรรพคุณแก้เสมหะ ๓ อย่าง คือ ผลช้าพลู รากดีปลี รากมะกลํ่า.
ตรีอมฤต 0,น.,พิกัดตัวยาประเภทหนึ่งในตำรายาไทย จำกัดจำนวนตัวยาอันมีรสเลิศ ๓ อย่าง คือ รากกล้วยตีบ รากกระดอม รากมะกอก.
ตรีอากาศผล 0,น.,พิกัดตัวยาประเภทหนึ่งในตำรายาไทย จำกัดจำนวนตัวยาอันมีสรรพคุณขับลม ๓ อย่าง คือ ขิง กระลำพัก อบเชยเทศ.
ตรีเอกภาพ 0,น.,คติความเชื่อในศาสนาคริสต์ที่ว่าพระบิดา พระบุตร และพระจิต (คาทอลิก) หรือ พระวิญญาณบริสุทธิ์ (โปรเตสแตนต์) เป็น ๓ บุคคลที่รวมเป็นหนึ่ง ซึ่งความจริงก็คือพระเป็นเจ้าองค์เดียวกันนั่นเอง.
ตรีเอกานุภาพ 0,น.,คติความเชื่อในศาสนาคริสต์ที่ว่าพระบิดา พระบุตร และพระจิต (คาทอลิก) หรือ พระวิญญาณบริสุทธิ์ (โปรเตสแตนต์) เป็น ๓ บุคคลที่รวมเป็นหนึ่ง ซึ่งความจริงก็คือพระเป็นเจ้าองค์เดียวกันนั่นเอง.
ตรึก 0,ก.,"นึก, คิด."
ตรึก 1,ก.,"หมด, สิ้น, เปลือง, น้อย, มักใช้ในความปฏิเสธว่า ไม่ตรึก, มิตรึก, หมายความว่า มาก, เช่น จึงองค์มิสาระปันหยี จึงตอบว่าข้าจะให้ไก่ดีดี ของเรามีไม่ตรึกอย่าร้อนใจ (อิเหนา), ท่านก็ไม่ขัดสนจนพราย มากมายตามพรูอยู่มิตรึก แรกรักจะรำพันให้ครั่นครึก (ขุนช้างขุนแผน), ฤๅจะใคร่ได้เมียสาวสาว ขาวขาวดี ดีมีไม่ตรึก (มณีพิชัย)."
ตรึกตรอง 0,ก.,"ใคร่ครวญ, คิดทบทวน, ตริตรอง."
ตรึกถอง 0,ว.,"น้อย, มักใช้ในความปฏิเสธว่า ไม่ตรึกถอง หรือ ไม่ตรึกไม่ถอง, หมายความว่า มาก, เช่น มีทรัพย์สมบัติไม่ตรึกถอง นับไม่ตรึกไม่ถอง."
ตรึง 0,ก.,"ทำให้อยู่กับที่ เช่น ตรึงตะปู ตรึงที่นอน ตรึงข้าศึก, ทำให้อยู่คงที่ เช่น ตรึงราคาสินค้าไว้, ติดอยู่ เช่น ตรึงใจ."
ตรึงตรา 0,ก.,ติดแน่น.
ตรึงศ- 0,ว.,สามสิบ.
ตรุ 0,น.,ที่ขังคนซึ่งขุดเป็นบ่อแห้งมีฝาปิด.
ตรุ 1,น.,ต้นไม้.
ตรุณ 0,น.,เด็กรุ่น.
ตรุณ 1,ว.,"ดรุณ, หนุ่ม, อ่อน, รุ่น, เพศหญิงใช้ว่า ตรุณี."
ตรุณะ 0,น.,เด็กรุ่น.
ตรุณะ 1,ว.,"ดรุณ, หนุ่ม, อ่อน, รุ่น, เพศหญิงใช้ว่า ตรุณี."
ตรุย 0,น.,กรุย เช่น ถ้าแลหมีได้มีตรุยปัก ให้ไหม ๓ รอย รอยละ ๓๓๐๐๐ (สามดวง).
ตรุษ 0,น.,เทศกาลเนื่องในการสิ้นปี ตรุษไทยกำหนดตามจันทรคติ ตรงกับวันแรม ๑๕ คํ่า เดือน ๔.
ตรุษจีน 0,น.,เทศกาลส่งท้ายปีเก่าต้อนรับปีใหม่ของจีน.
ตรุษจีน 1,น.,ชื่อไม้พุ่มรอเลื้อยชนิด Bougainvillea glabra Choisy ในวงศ์ Nyctaginaceae ใบประดับสีม่วงแดง ดอกสีขาว ปลูกเป็นไม้ประดับ.
ตรุษไทย 0,น.,เทศกาลเนื่องในการสิ้นปี ตรุษไทยกำหนดตามจันทรคติ ตรงกับวันแรม ๑๕ คํ่า เดือน ๔.
ตรู่ 0,น.,เวลาสาง ๆ เริ่มเห็นแสงเงินแสงทอง.
ตรู 0,ว.,งาม.
ตรู 1,ก.,กรู.
ตฤณ 0,น.,หญ้า.
ตฤณ- 0,น.,หญ้า.
ตฤณชาติ 0,น.,หญ้าต่าง ๆ.
ตฤณมัย 0,ว.,"แล้วไปด้วยหญ้า, ทำด้วยหญ้า."
ตฤณมัย 1,น.,สนามหญ้า.
ตฤตีย- 0,ว.,ที่ ๓.
ตฤตียะ 0,ว.,ที่ ๓.
ตฤท 0,ก.,"เจาะ, แทง."
ตฤบ 0,ก.,"อิ่มเอม, เสพ, เช่น ตฤบรสสุคนธกำจร (อนิรุทธ์)."
ตฤป 0,ก.,"อิ่มเอม, เสพ, เช่น ตฤบรสสุคนธกำจร (อนิรุทธ์)."
ตฤษณา 0,น.,"ความปรารถนา, ความอยาก, ความดิ้นรน."
ตฤๅ 0,น.,"ปลา, โดยมากใช้ ตรี."
ตลก 0,ก.,ทำให้คนอื่นขบขันด้วยคำพูดหรือกิริยาท่าทางเป็นต้น
ตลก 1,ก.,โดยปริยายหมายความว่า แกล้งทำหรือพูดให้คนอื่นเข้าใจผิดเพื่อผลประโยชน์ของตน เช่น เล่นตลก.
ตลก 2,ว.,"ขบขัน, ที่ทำให้คนอื่นขบขันด้วยคำพูดหรือกิริยาท่าทางเป็นต้น เช่น หนังตลก, เรียกผู้ที่ทำให้คนอื่นขบขัน ว่า ตัวตลก, เรียกเรื่องที่ทำให้ขบขันหรือเข้าใจผิด ว่า เรื่องตลก."
ตลกคะนอง 0,ว.,อาการที่พูดหรือทำให้ขบขันด้วยกิริยาวาจาที่ไม่สุภาพ.
ตลกบาตร 0,น.,"ถุงบาตรที่มีสายคล้องบ่า (สายโยก), ถลกบาตร ก็ว่า."
ตลกโปกฮา 0,ว.,อาการที่พูดชวนให้ขบขันเฮฮา.
ตลกหัวเราะ 0,น.,ชื่อเพลงไทยทำนองหนึ่ง.
ตลบ 0,ก.,เอาสิ่งที่เป็นแผ่นเป็นผืนเช่นชายม่านตีนมุ้งที่อยู่ข้างล่างหกกลับไปพาดไว้ข้างบนทั้งผืนทั้งแผ่น เช่น ตลบม่าน ตลบมุ้ง
ตลบ 1,ก.,"ยกกลับ, หกกลับ, เช่น ตีตลบ"
ตลบ 2,ก.,"ฟุ้งไป, กระจายไป, เช่น ฝุ่นตลบ กลิ่นตลบ"
ตลบ 3,ก.,ใช้เป็นลักษณนามหมายถึง เที่ยว เช่น เดินเสียหลายตลบ.
ตลบตะแลง 0,ว.,"พลิกแพลงด้วยเล่ห์เหลี่ยมให้หลงเชื่อ, ปลิ้นปล้อน."
ตลบนก 0,ก.,จับนกโดยการขึงตาข่ายดักไว้ เมื่อนกบินมาก็ตลบตาข่ายแล้วม้วนตาข่ายรวบนกเข้าไว้.
ตลบหลัง 0,ก.,ปล่อยให้ล่วงลํ้าเข้าไปแล้วโอบตีหรือทำร้ายจากข้างหลัง.
ตลอด 0,บ.,"แต่ต้นไปจนถึงปลาย, แต่ต้นจนจบ, แต่จุดหนึ่งไปจนถึงอีกจุดหนึ่ง, เช่น ตลอดวันตลอดคืน ดูแลให้ตลอด ทำไปไม่ตลอด, ทั่ว เช่น ดูแลไม่ตลอด."
ตลอดรอดฝั่ง 0,ว.,"ถึงจุดหมายปลายทาง, พ้นอันตราย, ผ่านอุปสรรคมาได้."
ตละ 0,ว.,"เช่น, เหมือน, ดุจ, เช่น หน้าตาตละยักษ์มักกะสัน (สังข์ทอง)."
ตละ 1,น.,เจ้า เช่น ตละแม่ท้าว (ราชาธิราช).
ตละ 2,น.,"พื้น, ชั้น."
ตลับ 0,น.,ภาชนะอย่างหนึ่ง สำหรับใส่สิ่งของเช่นขี้ผึ้งสีปากหรือยา โดยมากมีรูปกลมแป้น ขนาดไม่ใหญ่นัก มีฝาปิด.
ตลับ 1,น.,ชื่อหอยทะเลกาบคู่หลายชนิด ในวงศ์ Veneridae เปลือกหนารูปคล้ายสามเหลี่ยม ส่วนใหญ่ผิวเรียบ เป็นมัน มีสีและลวดลายต่าง ๆ กัน เช่น ชนิด Meretrix meretrix (Linn.).
ตลับนาก 0,น.,ชื่อมะม่วงพันธุ์หนึ่ง ผลกลมป้อม กลิ่นหอม.
ตลาด 0,น.,ที่ชุมนุมเพื่อซื้อขายของต่าง ๆ
ตลาด 1,น.,สถานที่ซึ่งปรกติจัดไว้ให้ผู้ค้าใช้เป็นที่ชุมนุมเพื่อจำหน่ายสินค้าประเภทสัตว์ เนื้อสัตว์ ผัก ผลไม้ หรืออาหารอันมีสภาพเป็นของสด ประกอบหรือปรุงแล้ว หรือของเสียง่าย ทั้งนี้ ไม่ว่าจะมีการจำหน่ายสินค้าประเภทอื่นด้วยหรือไม่ก็ตาม และหมายความรวมถึงบริเวณซึ่งจัดไว้สำหรับให้ผู้ค้าใช้เป็นที่ชุมนุมเพื่อจำหน่ายสินค้าประเภทดังกล่าวเป็นประจำหรือเป็นครั้งคราวหรือตามวันที่กำหนด.
ตลาด ๆ 0,ว.,"ที่มีลักษณะหรือรูปแบบพื้น ๆ, ที่หาซื้อได้ง่าย, เช่น เสื้อชุดนี้ดูตลาด ๆ."
ตลาดท้องน้ำ 0,น.,ตลาดนํ้า.
ตลาดนัด 0,น.,ที่ชุมนุมเพื่อซื้อขายของต่าง ๆ ซึ่งมิได้ตั้งอยู่ประจำ จัดให้มีขึ้นเฉพาะในวันหรือสถานที่ที่กำหนดเท่านั้น.
ตลาดน้ำ 0,น.,"ที่ชุมนุมเพื่อซื้อขายของต่าง ๆ ทางนํ้า มีเรือเป็นพาหนะบรรทุกสิ่งของ, (โบ) ตลาดท้องนํ้า."
ตลาดมืด 0,น.,ตลาดที่ซื้อขายกันลับ ๆ โดยหลีกเลี่ยงข้อกำหนดที่ทางการได้วางไว้.
ตลาดยี่สาน 0,น.,ตลาดที่ขายของแห้งเช่นผ้า.
ตลาดวิชา 0,น.,แหล่งที่ศึกษาหาความรู้ได้โดยเสรี.
ตลาดสด 0,น.,ตลาดที่ขายของสด.
ตลาดหน้าคุก 0,น.,"ตลาดที่ถือโอกาสขายโก่งราคาแพงกว่าปรกติและผู้ซื้อจำเป็นต้องซื้อ, มักใช้เป็นคำเปรียบเทียบว่า ของแพงเหมือนกับของตลาดหน้าคุก."
ตลาดหลักทรัพย์ 0,น.,"ตลาดหรือสถานที่อันเป็นศูนย์กลางในการซื้อขายหลักทรัพย์, ตลาดหุ้น ก็เรียก."
ตลาดหุ้น 0,น.,"ตลาดหรือสถานที่อันเป็นศูนย์กลางในการซื้อขายหลักทรัพย์, ตลาดหุ้น ก็เรียก."
ตลิ่ง 0,น.,ส่วนของฝั่งริมแม่นํ้าลำคลอง.
ตลึง 0,น.,ต้นอัญชัน.
ตลุก 0,น.,"ปลักควาย, แอ่งน้ำตามลำห้วยที่ขาดเป็นช่วง ๆ ในหน้าแล้ง."
ตวง 0,ก.,ตักด้วยภาชนะต่าง ๆ เพื่อให้รู้จำนวนหรือปริมาณ
ตวง 1,ก.,"นับ, กะ, ประมาณ, ทำให้เต็ม, เช่น ก็นับตวงถ้วนไซร้ยังมาก (จารึกสยาม)."
ตวง 2,สัน.,จนกระทั่ง เช่น อันนี้ไปอุเบกษา แลอยู่ตวงเจ้าของไปเถิง (จารึกสยาม).
ตวงพระธาตุ 0,น.,ชื่อเพลงไทย อัตรา ๒ ชั้น หน้าทับปรบไก่
ตวงพระธาตุ 1,น.,ชื่อเพลงไทยประเภทเพลงเถา.
ต่วน 0,น.,ชื่อแพรชนิดหนึ่ง เนื้อเกลี้ยงเป็นมันด้านเดียว ทอเป็นลายสอง.
ต้วมเตี้ยม 0,ว.,"อาการที่ค่อย ๆ เคลื่อนไหวหรือเคลื่อนไหวอย่างช้า ๆ (ใช้แก่กริยาเดินหรือคลาน), โดยปริยายหมายความว่า ชักช้า เช่น เธอมัวแต่ต้วมเตี้ยมอยู่อย่างนี้ทำงานไม่ทันเพื่อนเขาหรอก, กระต้วมกระเตี้ยม ก็ว่า."
ตวัก 0,น.,"เครื่องใช้ตักแกงหรือตักข้าว ทำด้วยกะลามะพร้าว มีด้ามถือ, กระจ่า จวัก หรือ จ่า ก็ว่า."
ตวัด 0,ก.,"วัดให้ม้วนเข้ามาโดยเร็ว เช่น ตวัดผ้าที่ห้อยอยู่ขึ้นบ่า ตวัดชายกระเบน, แกว่งไม้หรือเชือกให้ปลายม้วนเข้ามา เช่น ตวัดแส้ ตวัดไม้เรียว, แลบออกมาแล้วม้วนเข้าไปโดยเร็ว เช่น จิ้งจกตวัดลิ้นกินยุง."
ตวัดลิ้น 0,ก.,พูดกลับกลอก.
ตวัดลิ้นไปมา 0,ก.,พูดกลับกลอก.
ตวัดสายตา 0,ก.,ชายตามองอย่างรวดเร็ว.
ตวัดเสียง 0,ก.,พูดกระชากท้ายเสียง.
ตวัดหาง 0,ว.,"เรียกลักษณะการเขียนหนังสือที่ตวัดปลายตัวอักษรให้ยาวออกเกินปรกติ ว่า เขียนเล่นหาง, ตวัดหาง ก็ว่า. เรียกลักษณะท่าเต้นของการเชิดสิงโตโดยม้วนตัวงับหางตัวเอง ว่า สิงโตเล่นหาง"
ตวาด 0,ก.,แผดเสียงด้วยความโกรธหรือไม่พอใจ.
ตอ 0,น.,"โคนของต้นไม้ที่ลำต้นถูกตัดหรือหักลงแล้ว, สิ่งบางอย่างเช่นเสาหรือหลักที่ปักไว้หรือที่ยังเหลืออยู่แต่โคนเมื่อบางส่วนถูกตัด หัก หรือกร่อนไป."
ต่อ 0,น.,ชื่อแมลงหลายชนิด หลายสกุล และหลายวงศ์ อันดับ Hymenoptera มีความยาว ๑.๕ เซนติเมตรขึ้นไป มีปีก ๒ คู่ ลักษณะเป็นแผ่นบางใส ปีกคู่หลังเล็กกว่าปีกคู่หน้า ปากเป็นชนิดกัดกิน ช่วงต่อระหว่างปล้องอกกับปล้องท้องคอดกิ่ว เพศเมียมีเหล็กในสำหรับต่อยปล่อยนํ้าพิษทำให้เจ็บปวดอาจถึงตายได้ และสามารถต่อยได้หลายครั้งต่างกับผึ้ง บางชนิดอยู่อย่างลำพัง แต่บางชนิดรวมกลุ่มทำรังอยู่เป็นฝูง ที่สำคัญได้แก่ วงศ์ Vespidae เช่น ต่อหัวเสือ [ Vespa affinis (Linn.)] ต่อหลุม ( V. mandarinia Smith) นอกจากนี้ยังมีต่อในวงศ์อื่น ๆ เช่น ต่อกาเหว่า หมาร่า ต่อแมงมุม.
ต้อ 0,น.,โรคอย่างหนึ่งเกิดที่ลูกตา ทำให้ตาพิการมองอะไรไม่เห็นชัดเจน หรืออาจทำให้ตาบอดได้ มีหลายชนิด.
ต่อ 1,ก.,"เพิ่มให้ยาวหรือขยายออกไป เช่น ต่อเชือก เอาตู้รถไฟมาต่อกัน ต่อชานบ้าน, เพิ่มให้ยืดออกไป เช่น ต่อเวลาออกไป ต่อหนังสือสัญญา"
ต่อ 2,ก.,เชื่อมติดกันหรือประสานกัน เช่น ต่อเหล็ก ๒ ท่อนให้ติดกัน กระดูกต่อกันสนิท
ต่อ 3,ก.,เอาวัตถุเช่นไม้มาประกอบเข้าเป็นรูป เช่น ต่อกรง ต่อเรือ
ต่อ 4,ก.,ทำให้ไฟติดต่อ ๆ กันไป เช่น ต่อไฟ ต่อเทียน
ต่อ 5,ก.,นำสัตว์เลี้ยงไปล่อจับสัตว์ป่า ในคำว่า ต่อนก ต่อไก่
ต่อ 6,ก.,"ถ่ายทอดวิชาความรู้ให้แก่ศิษย์เป็นการเฉพาะ เช่น ครูต่อหนังสือให้นักเรียน ครูเพลงต่อเพลงให้ศิษย์, เรียนวิชาบางอย่างจากครูเป็นการเฉพาะ เช่น นักเรียนไปต่อหนังสือกับครู ศิษย์ไปต่อเพลงกับครูเพลง."
ต่อ 7,ว.,เรียกเรือชนิดที่ทำด้วยไม้กระดานโดยนำมาต่อขึ้นเป็นรูปเรืออาศัยกงหรือมือลิงเป็นเครื่องยึด ตัวเรือป่อง หัวและท้ายเรียวเชิดขึ้นตามส่วนเช่นเรือสำปั้น เรือบด เรืออีแปะ ว่า เรือต่อ
ต่อ 8,ว.,เรียกสัตว์เลี้ยงที่นำไปล่อจับสัตว์ป่า เช่น ไก่ต่อ นกต่อ ช้างต่อ.
ต้อ 1,ว.,"อ้วนสั้น, อ้วนเตี้ย, เช่น ขวดต้อ."
ต่อ 9,น.,"อีกเท่าตัว เช่น ได้ ๒ ต่อ, ทอด เช่น ขึ้นรถ ๒ ต่อ กิน ๒ ต่อ."
ต่อ 10,ว.,"ออกจะ, น่าจะ, ท่าจะ, เช่น มันต่อจะชอบกลเจ้ามณฑา (สังข์ทอง)"
ต่อ 11,ว.,"ถัดไป, สืบไป, ติดต่อกันไป, เช่น ต่อนี้ไป ต่อไป อ่านต่อ วิ่งต่อ, เพิ่มขึ้น เช่น เรียนต่อ."
ต่อ 12,บ.,"เฉพาะ, ประจันหน้า, เช่น ต่อหน้า"
ต่อ 13,บ.,"ไปยัง, ไปถึง, เช่น ยื่นต่ออำเภอ"
ต่อ 14,บ.,เมื่อถึง เช่น ต่อปีหน้าถึงจะมา
ต่อ 15,บ.,"แต่ละ, ราย, เช่น ต่อคน ต่อปี"
ต่อ 16,บ.,เทียบส่วนกันในอัตราชั่งตวงวัด เช่น ๓ ต่อ ๑.
ต่อ 17,ก.,ยอมให้อีกฝ่ายหนึ่งได้เปรียบ โดยฝ่ายเห็นว่าได้เปรียบเป็นฝ่ายต่อ ฝ่ายเห็นว่าสู้ได้เป็นฝ่ายรอง เช่น ฉันขายาวกว่าเธอ จึงต่อให้เธอเดินไปก่อน.
ต่อ 18,ก.,ขอลดราคาให้น้อยลง เช่น ต่อราคา ต่อของ.
ต่อ 19,ก.,รบ เช่น ซึ่งเจ้ามาต่อด้วยพ่อได้ (รามเกียรติ์ ร. ๑).
ตอก 0,ก.,เอาค้อนหรือสิ่งอื่นตีตะปูหรือหลักเป็นต้นให้เข้าไป.
ต๊อก 0,น.,เรียกกลองเล็ก ๆ สำหรับเคาะจังหวะดังต๊อก ๆ ว่า กลองต๊อก.
ตอก 1,น.,ไม้ไผ่ที่จักเป็นเส้นแบนยาว ขนาดหนาหรือบางตามต้องการ สำหรับผูกมัดหรือสานสิ่งต่าง ๆ
ตอก 2,น.,ชื่อมีดชนิดหนึ่ง ปลายแหลมคล้ายมีดเหน็บ แต่สั้นกว่า ด้ามยาวและงอน.
ต๊อก 1,น.,"ชื่อนกขนาดกลางชนิด Numida meleagris (Linn.) ในวงศ์ Numididae ตัวสีเทาลายขาว เหนียงสีแดง กินเมล็ดพืชและสัตว์ขนาดเล็ก มีถิ่นกำเนิดในทวีปแอฟริกา, ไก่ต๊อก ก็เรียก."
ตอก 3,ก.,"แตก, ทำให้แตก, เช่น ตอกไข่ไก่."
ตอก 4,น.,เรียกข้าวเปลือกข้าวเจ้าที่เอามาคั่วให้แตกบานเป็นดอก ว่า ข้าวตอก.
ต๊อก 2,ว.,เสียงดังเช่นนั้น
ต๊อก 3,ว.,อาการที่เดินเรื่อย ๆ ไปหรืออาการที่วิ่งไปวิ่งมาอย่างเด็กวิ่งเล่น เช่น เดินต๊อก ๆ วิ่งต๊อก ๆ.
ต๊อก ๆ 0,ว.,เสียงดังเช่นนั้น
ต๊อก ๆ 1,ว.,อาการที่เดินเรื่อย ๆ ไปหรืออาการที่วิ่งไปวิ่งมาอย่างเด็กวิ่งเล่น เช่น เดินต๊อก ๆ วิ่งต๊อก ๆ.
ตอกเข็ม 0,ก.,"ตอกเสาเข็มเพื่อฝังเป็นรากสิ่งก่อสร้างกันทรุด, ลงเข็ม ก็ว่า."
ต๊อกต๋อย 0,ว.,ต่ำต้อย เช่น ลูกสาวเศรษฐีแต่งงานกับคนต๊อกต๋อย.
ต่อกร 0,ก.,สู้กัน.
ต้อกระจก 0,น.,โรคตาซึ่งเกิดจากแก้วตาขุ่น.
ตอกลิ่ม 0,ก.,"ทำให้แยกหรือให้แน่นโดยใช้ลิ่ม, โดยปริยายหมายความว่า ทำให้บุคคล ๒ ฝ่ายแตกแยกกันหรือบาดหมางกันยิ่งขึ้น เช่น ตอกลิ่มให้ทั้ง ๒ ฝ่ายทะเลาะกัน."
ตอกหน้า 0,ก.,ว่าใส่หน้าอย่างไม่ไว้หน้า.
ตอกหมัน 0,ก.,ตอกลูกประสักกำกับให้กระดานเรือติดกับกงเป็นต้น.
ต่อกิ่ง 0,ก.,นำเอากิ่งของต้นไม้ต้นหนึ่งไปเสียบลงที่ตอของต้นไม้อีกต้นหนึ่งในวงศ์เดียวกัน แล้วเอาแถบพลาสติกพันตรงที่ต่อไม่ให้นํ้าซึมเข้า.
ต่อความยาวสาวความยืด 0,ก.,พูดกันไปพูดกันมาให้มากเรื่องเกินสมควร.
ต้อง 0,ก.,ถูก เช่น ต้องชะตา ต้องใจ
ต้อง 1,ก.,เป็นกริยาช่วยบอกความแน่ใจหรือบังคับ เช่น เขาต้องมาแน่ เด็กต้องนอนแต่หัวค่ำ.
ต้อง 2,น.,เรียกต้นข้าวในนาที่โศกใบเหลืองไป ซึ่งถือกันว่าถูกผีกระทำ ว่า ข้าวต้อง.
ตอง 0,น.,ใบไม้ขนาดใหญ่ใช้ห่อของได้ เช่น ตองกล้วย
ตอง 1,น.,"เรียกไพ่ไทยชนิดหนึ่ง โดยปรกติเล่นกัน ๖ ขา ว่า ไพ่ตอง, จำนวนไพ่ที่มีเหมือนกัน ๓ ใบ เรียกว่า ตอง, ลักษณนามเรียกไพ่ไทยที่เหมือนกัน ๓ ใบ เช่น ไพ่ตองหนึ่ง ไพ่ ๒ ตอง."
ตอง 2,น.,"ชื่อปลานํ้าจืดชนิด Notopterus notopterus (Pallas) ในวงศ์ Notopteridae รูปร่างคล้ายปลากราย หัวและลำตัวแบนข้างมาก ท้องเป็นสันคม ปากตํ่า สันหัวแอ่นลงเล็กน้อย ครีบหลังเด่นแต่มีขนาดเล็กเท่า ๆ กันกับครีบอก ครีบท้องเล็กมาก ครีบก้นยาวต่อเนื่องกับครีบหางซึ่งเล็กและมีขอบกลม พื้นลำตัวสีขาว หลังเทา ไม่มีจุดสีเด่นหรือลวดลายสีเข้มใด ๆ ขนาดยาวได้ถึง ๓๕ เซนติเมตร ใช้ทำอาหารประเภททอดมัน ปลาเห็ด หรือลูกชิ้นได้รสชาติดี, ฉลาด หรือ ตอง ก็เรียก."
ตองกราย 0,น.,"ชื่อปลานํ้าจืดชนิด Chitata ornata (Gray) วงศ์ Notopteridae หัวและลำตัวแบนข้างมาก สันหัวแอ่นลง ท้องเป็นสันคม ครีบท้องเล็กมาก ครีบก้นยาวต่อเนื่องกับครีบหางซึ่งเล็กและมีขอบมน บริเวณเหนือครีบก้นมีจุดสีดำ ๕-๑๐ จุดเรียงเป็นแถวตามยาว ขนาดยาวได้ถึง ๑ เมตร, ตองกราย หรือ หางแพน ก็เรียก."
ต้องกัน 0,ว.,"ตรงกัน, พ้องกัน, ถูกกัน, เช่น ฤๅวาสนาน้องจะต้องกัน (อิเหนา), พยานให้การต้องกัน."
ต้องการ 0,ก.,"อยากได้, ใคร่ได้, ประสงค์."
ต้องคดี 0,ก.,ถูกกล่าวหาว่ากระทำผิดหรือถูกฟ้องเป็นคดีอาญา.
ต้องใจ 0,ก.,"ชอบ, ถูกใจ."
ตองตอย 0,ว.,"ตกอับ, แร้นแค้น, กรองกรอย ก็ว่า"
ตองตอย 1,ว.,"แคระ, ไม่สมประกอบ, ไม่สมบูรณ์, (ใช้แก่ต้นไม้ที่ไม่เจริญสมอายุ), เช่น มะม่วงต้นนี้ปลูกมา ๓ ปีแล้วยังตองตอยอยู่เลย."
ต้องตา 0,ก.,ถูกตา.
ต้องตา 1,ว.,น่าดู.
ตองตึง 0,ว.,"ชื่อไม้ต้นชนิด Dipterocarpus tuberculatus Roxb. ในวงศ์ Dipterocarpaceae ใบใหญ่ ใช้ห่อยาสูบและมุงหลังคา, คลุ้ง ตองตึง หรือ ตึง ก็เรียก."
ต้องเต 0,น.,"ชื่อการเล่นของเด็กอย่างหนึ่ง, ต้องเต หรือ จ้องเต ก็ว่า."
ตองแตก 0,น.,"ชื่อไม้พุ่มชนิด Baliospermum solanifolium (Burm.) Suresh ในวงศ์ Euphorbiaceae รากใช้ทำยาได้ แต่มีสารพิษอยู่ด้วย เมล็ดมีพิษ, ทนดี ก็เรียก."
ต่องแต่ง 0,ว.,"อาการที่แขวนหรือห้อยแกว่งไปแกว่งมา, กระต่องกระแต่ง ก็ว่า."
ต้องโทษ 0,ก.,ถูกตัดสินให้ลงโทษในคดีอาญา.
ต้องธรณีสาร 0,ก.,ประสบสิ่งอัปมงคล.
ต้องสู้ 0,น.,ชนชาติกะเหรี่ยงหรือยางพวกหนึ่ง.
ต้องหา 0,ก.,ถูกกล่าวหาในคดีอาญา.
ตองเหลือง 0,น.,"ชนชาติข่าพวกหนึ่ง, ผีตองเหลือง ก็เรียก."
ต่อชะตา 0,ก.,"ทำพิธีเพื่อให้มีอายุยืนตามความเชื่อที่มีมาแต่โบราณ, ต่ออายุ ก็ว่า."
ต่อชาตา 0,ก.,"ทำพิธีเพื่อให้มีอายุยืนตามความเชื่อที่มีมาแต่โบราณ, ต่ออายุ ก็ว่า."
ตอด 0,ก.,"อาการที่ปลาขนาดเล็กใช้ปากงับเหยื่อเป็นต้นนิดหนึ่งแล้วดึงมาโดยเร็ว, อาการที่คล้ายคลึงเช่นนั้น เช่น ลูกคนนี้งานการไม่ทำ คอยแต่ตอดเงินพ่อแม่, โดยปริยายหมายถึงอาการเหน็บแนมเล็ก ๆ น้อย ๆ ไม่หยุดหย่อน เช่น เขาคงไม่ชอบฉัน เลยตอดฉันอยู่เรื่อย."
ตอด 1,น.,ต้นสลอด เช่น ตอดตอจับไม้ตอด ตับคาลอดพงคา (ลอ).
ตอด 2,น.,การบรรเลงดนตรีแบบหนึ่ง ใช้สำหรับการเป่าปี่ ทำเสียงกระตุกสั้น ๆ สลับจังหวะทำนอง เรียกว่า ลูกตอด
ตอด 3,น.,ในการบรรเลงแตรวงมีการใช้แตรเป่าเป็นจังหวะ เรียกว่า แตรตอด.
ตอดต่อ 0,น.,ชื่อนกชนิดหนึ่ง.
ต่อตัว 0,ก.,อาการที่คนหนึ่งขึ้นไปยืนบนบ่าของอีกคนหนึ่ง เช่น ต่อตัวปีนกำแพง.
ต่อตัว 1,น.,ชื่อการแสดงกายกรรมแบบหนึ่งที่ผู้แสดงคนหนึ่งหรือหลายคนขึ้นไปยืนเลี้ยงตัวบนตัวของผู้แสดงอีกคนหนึ่งซึ่งเป็นหลักเป็นต้น.
ต่อตา 0,ก.,ขยายพันธุ์พืชด้วยวิธีตัดเอาส่วนตาของพันธุ์ไม้ที่ต้องการไปติดกับส่วนตาของไม้อีกต้นหนึ่งในประเภทเดียวกัน.
ต่อต้าน 0,ก.,"ปะทะไว้, ต้านทานไว้, สู้รบป้องกันไว้."
ต่อตาม 0,ก.,"พูดเกี่ยงราคาในเรื่องซื้อขาย, พูดเกี่ยงผลประโยชน์ในการทำความตกลงกัน."
ต่อตี 0,ก.,ตีประชันหน้าเข้าไป.
ต่อเติม 0,ก.,ขยายหรือเพิ่มให้มากหรือใหญ่ขึ้น เช่น ต่อเติมข้อความ ต่อเติมบ้าน.
ต่อแต้ม 0,น.,เครื่องเล่นการพนันอย่างหนึ่ง ตัวทำเป็นรูปไม้สี่เหลี่ยมเล็ก ๆ ๒ ตอน มีแต้มตั้งแต่ ๑ ถึง ๖ ใช้ด้านที่แต้มเท่ากันมาต่อกัน ตัวของใครหมดก่อนเป็นผู้ชนะ
ต่อแต้ม 1,น.,การเล่นไพ่ป๊อกฝรั่งระหว่าง ๒ หรือ ๔ คน โดยเรียงไพ่จากแต้ม ๗ ที่เป็นหน้าเดียวกัน ต่อแต้มสูงถัดขึ้นไปหรือต่อแต้มตํ่าถัดลงมา ใครวางไพ่หมดก่อนเป็นผู้ชนะ.
ต่อโทรศัพท์ 0,ก.,เดินสายเพื่อติดตั้งโทรศัพท์
ต่อโทรศัพท์ 1,ก.,"ติดต่อสื่อสารโดยการหมุนหรือกดเลขหมายบนแป้นเครื่องโทรศัพท์, ต่อสาย ก็ว่า."
ตอน 0,น.,ส่วนหนึ่ง ๆ ที่แบ่งออกจากส่วนใหญ่ (ใช้แก่สิ่งที่มีความยาว) เช่น ถนนวิภาวดีรังสิตตอนที่ผ่านดอนเมืองรถติดมาก โขนแสดงตอนหนุมานเผาลงกา ขอให้มาตอนเช้า ตอนเหนือของประเทศไทย.
ต้อน 0,ก.,"สกัดกั้นให้ไปตามที่ต้องการ, ไล่ไปโดยวิธีกันไม่ให้แตกฝูง, เช่น ต้อนควายเข้าคอก, ดักหน้าดักหลัง เช่น รำต้อน, โดยปริยายหมายถึงกิริยาอาการที่คล้ายคลึงเช่นนั้น เช่น ต้อนเข้ามุม ต้อนให้จนมุม."
ตอน 1,ก.,ขยายพันธุ์ต้นไม้แบบหนึ่ง โดยการใช้มีดควั่นกิ่งและเลาะเปลือกออกแล้วเอาดินพอก ใช้ใบตองหรือกาบมะพร้าวหุ้ม มัดหัวท้ายไว้ เมื่อรากงอกดีแล้ว ตัดกิ่งออกจากต้นนำไปปลูก.
ต้อน 1,น.,"เครื่องมือจับสัตว์นํ้าตามริมฝั่งชนิดหนึ่ง ใช้เฝือกกั้นด้านข้าง ๒ ด้านเป็นคอก ด้านหน้ามีประตูผูกเชือกชักขึ้นลงได้ ด้านหลังชิดตลิ่ง ใช้ตลิ่งเป็นที่กั้น ในคอกสะด้วยกิ่งไม้และโปรยเหยื่อเพื่อล่อให้ปลาเข้าไป, กะตํ้า ก็เรียก."
ตอน 2,ก.,ตัดหรือทำลายอวัยวะซึ่งเป็นส่วนหนึ่งของการสืบพันธุ์ของเพศผู้ เพื่อไม่ให้สืบพันธุ์ได้.
ต้อนรับ 0,ก.,"รับรอง, รับแขก."
ต้อนรับขับสู้ 0,ก.,"ต้อนรับอย่างแข็งขัน, โบราณใช้ว่า เต้นรับขับสู้."
ตอนสัตว์ 0,น.,กระทำด้วยประการใด ๆ เพื่อมิให้สัตว์สืบพันธุ์.
ต้อนหมูเข้าเล้า 0,ก.,หลอกคนที่ไม่รู้ทันให้เสียเปรียบ.
ต่อนัดต่อแนง 0,ก.,เถียงเล็ก ๆ น้อย ๆ ไม่รู้จักจบ.
ต่อนัดต่อแนง 1,ก.,ต่อราคาของเล็ก ๆ น้อย ๆ.
ต่อนัดต่อแนม 0,ก.,เถียงเล็ก ๆ น้อย ๆ ไม่รู้จักจบ.
ต่อนัดต่อแนม 1,ก.,ต่อราคาของเล็ก ๆ น้อย ๆ.
ต้อเนื้อ 0,น.,โรคตาซึ่งเกิดจากเยื่อตางอกไปบนกระจกตา.
ตอบ 0,ก.,"กล่าวเมื่อมีผู้ถาม เช่น ตอบคำถาม, แจ้งกลับไปให้อีกฝ่ายหนึ่งรู้ เช่น ตอบจดหมาย, กล่าวแก้ เช่น ตอบปัญหา, ทำหรือพูดโต้ในทำนองเดียวกับที่มีผู้ทำหรือพูดมา เช่น ชกตอบ ตีตอบ ด่าตอบ เยี่ยมตอบ."
ตอบ 1,ว.,เรียกแก้มที่มีลักษณะยุบลึกเข้าไปหรือใบหน้าซึ่งมีลักษณะเช่นนั้น ว่า แก้มตอบ หน้าตอบ.
ตอบโต้ 0,ก.,"โต้กลับไป, ตอบแทนการกระทำของฝ่ายตรงข้าม, แก้แค้น."
ตอบแทน 0,ก.,"ทำทดแทนแก่ผู้ทำก่อน, ให้ทดแทนแก่ผู้ให้ก่อน, เช่น ตอบแทนบุญคุณ."
ต่อบุหรี่ 0,ก.,นำบุหรี่ของผู้อื่นที่ติดไฟแล้วมาจ่อกับบุหรี่ของตน แล้วดูด เพื่อให้บุหรี่ของตนติดไฟ.
ตอเบา 0,น.,ต้นกระถิน. (ดู กระถิน).
ต่อปาก 0,ก.,เล่าสืบกันมา
ต่อปาก 1,ก.,พูดยันกันเพื่อสอบสวนฝ่ายผิดฝ่ายถูก.
ต่อปากต่อคำ 0,ก.,"พูดสวนตอบไปทันที เช่น เด็กคนนี้ผู้ใหญ่ว่าอะไรก็ต่อปากต่อคำไม่ลดละ, โต้ตอบด้วย เช่น เขาว่าอะไรก็อย่าไปต่อปากต่อคำกับเขา."
ต่อปากหลากคำ 0,ก.,พูดยันกันเพื่อพิสูจน์ความจริง.
ตอม 0,ก.,"กิริยาที่แมลงตัวเล็ก ๆ เช่นแมลงวันเป็นต้นมาเกาะหรือจับหรือบินวนเวียนอยู่ใกล้ ๆ สิ่งใดสิ่งหนึ่ง, โดยปริยายหมายถึงกิริยาอาการที่คล้ายคลึงเช่นนั้น เช่น สาวสวยคนนี้มีชายหนุ่มมารุมตอมมาก."
ต่อม 0,น.,เม็ดที่ขึ้นตามตัว
ต่อม 1,น.,อวัยวะของคนและสัตว์ ทำหน้าที่สร้างและหลั่งสารที่มีประโยชน์และมีโทษต่อร่างกาย มี ๒ ชนิด คือ ต่อมไร้ท่อ และ ต่อมมีท่อ.
ต๋อม 0,ว.,"เสียงอย่างของหนักขนาดเล็กตกลงไปในนํ้า, โดยปริยายหมายความว่า เงียบไป (ใช้แก่กริยาหาย ว่า หายต๋อม)."
ต้อมต๊อก 0,น.,"ชื่อไม้ล้มลุก ๒ ชนิดในสกุล Physalis วงศ์ Solanaceae คือ ชนิด P. angulata L., ต้อมต๊อก ก็เรียก, และชนิด P. minima L. ใช้ทำยาได้, ทุงเทง หรือ หญ้าต้อมต๊อก ก็เรียก."
ต่อมน้ำ 0,น.,ฟองอากาศที่ผุดขึ้นปุด ๆ เหนือนํ้า.
ต่อมน้ำ 1,น.,"ชื่อหนึ่งของดาวฤกษ์จิตรา มี ๑ ดวง, ดาวตาจระเข้ ดาวไต้ไฟ ดาวเสือ หรือ ดาวจิตระ ก็เรียก."
ต่อมโลหิต 0,น.,เลือดระดูผู้หญิง.
ตอม่อ 0,น.,"เสาขนาดสั้น มักใช้ไม้ไผ่ปักขึ้นสำหรับรับรอดในเรือนเครื่องผูก, ส่วนบนของฐานรากที่รองรับโครงสิ่งก่อสร้าง, เสาตอม่อ ก็ว่า"
ตอม่อ 1,น.,"เสาชาน เสาแคร่ หรือเสาช่วยค้ำจุนเรือนโดยปักแนบกับเสาเรือน, เสาตอม่อ หรือ เสาหมอ ก็ว่า"
ตอม่อ 2,น.,ใช้ว่า ตะม่อ ก็มี.
ต่อมือ 0,ก.,ยื่นมือขวาออกไปรับของ โดยมือซ้ายประคองแขนขวา (ใช้แก่กิริยาที่ผู้น้อยทำต่อผู้ใหญ่ หรือฆราวาสชายทำต่อภิกษุเพื่อแสดงความนอบน้อม).
ต่อย 0,ก.,"ชก เช่น ต่อยปาก, เอาของแข็งหรือของหนักตีหรือทุบให้ลิ ให้แตก ให้หลุดออก เช่น ต่อยหิน ต่อยมะพร้าว"
ต่อย 1,ก.,ใช้เหล็กในที่ก้นแทงเอา เช่น ผึ้งต่อย มดตะนอยต่อย
ต่อย 2,ก.,โดยปริยายหมายความว่า ทำแตก เช่น เด็กเอาจานไปต่อยเสียแล้ว.
ต้อย 0,ว.,"จ้อย, เตี้ย, เล็ก, น้อย, เช่น ไก่ต้อย."
ต้อย 1,ว.,"ตามกันไปติด ๆ, ตามหลังไปติด ๆ, เช่น เดินตามต้อย ๆ."
ต้อย ๆ 0,ว.,"ตามกันไปติด ๆ, ตามหลังไปติด ๆ, เช่น เดินตามต้อย ๆ."
ต้อยตริ่ง 0,น.,ชื่อเพลงไทยสำเนียงลาว อัตรา ๒ ชั้น หน้าทับสองไม้
ต้อยตริ่ง 1,น.,ชื่อเพลงไทยประเภทเพลงโหมโรง.
ต้อยต่ำ 0,ว.,"มีฐานะความเป็นอยู่หรือตำแหน่งหน้าที่ด้อยกว่ากันมากจนเทียบกันไม่ได้, ต่ำต้อย ก็ว่า."
ต้อยติ่ง 0,น.,"ชื่อไม้ล้มลุก ๒ ชนิดในวงศ์ Acanthaceae คือ ชนิด Hygrophila erecta (Burm. f.) Hochr. ดอกเล็ก สีม่วงแดง เมล็ดใช้ทำยาพอกฝี, ต้อยติ่งไทย ก็เรียก และชนิด Ruellia tuberosa L. ดอกใหญ่ สีม่วงนํ้าเงิน, อังกาบฝรั่ง ก็เรียก."
ต้อยตีวิด 0,น.,"ชื่อนกขนาดเล็กชนิด Vanellus indicus (Boddaert) วงศ์ย่อย Charadriinae ในวงศ์ Charadriidae ปากยาว หัวสีดำ ขนบริเวณหูสีขาว มีติ่งเนื้อสีแดงพาดระหว่างตาผ่านหน้าผาก ขายาวสีเหลือง วางไข่ในแอ่งตื้น ๆ บนพื้นดิน กินแมลงและสัตว์ขนาดเล็ก ร้องเสียงแตแต้แว้ด, กระต้อยตีวิด ต้อยตีวิด หรือ แต้แว้ด ก็เรียก."
ต่อยหอย 0,ก.,พูดฉอด ๆ ไม่หยุดปาก.
ตอแย 0,ก.,เซ้าซี้อย่างต่อเนื่องน่ารำคาญ เช่น นายคนนี้ฉันเดินหนีมาแล้วยังตามมาตอแยอยู่ได้
ตอแย 1,ก.,ข้องแวะ เช่น คนขี้โมโหอย่าไปตอแยด้วย.
ต่อแย้ง 0,ก.,"ต่อสู้กัน, สู้รบกันไปมา, เช่น รุมกันพุ่งกันแทง เข้าต่อแย้งต่อยุทธ์ โห่อึงอุจเอาไชย (ลอ)."
ตอร์ปิโด 0,น.,"อาวุธประเภทลูกระเบิดที่ยิงให้พุ่งไปใต้นํ้า เพื่อทำลายที่หมายในการศึก, ลักษณนามว่า ลูก."
ต่อรอง 0,ก.,ขอลดหรือเพิ่มเงื่อนไขเพื่อให้เป็นที่ยอมรับของทั้ง ๒ ฝ่าย เช่น ต่อรองราคา ต่อรองเงื่อนไข.
ต้อลม 0,น.,โรคตาซึ่งเชื่อว่าเกิดจากการถูกลมและแดดบ่อย เป็นผลให้เยื่อหุ้มหัวตาหนาตัว มีสีเหลืองอ่อน อาจกลายเป็นต้อเนื้อได้.
ต่อล้อต่อเถียง 0,ว.,โต้เถียงยอกย้อนกันไปมา.
ต้อลำไย 0,น.,โรคตาซึ่งเกิดจากกระจกตาขุ่น.
ต้อลิ้นหมา 0,น.,โรคตาซึ่งเกิดจากเยื่อตางอกไปบนกระจกตา.
ต่อว่า 0,ก.,"ตำหนิว่าทำไม่ถูกต้อง, ตำหนิว่าไม่เป็นไปตามที่พูดหรือที่ให้สัญญาไว้."
ต่อว่าต่อขาน 0,ก.,"ต่อว่า, โต้ตอบซึ่งกันและกัน, เช่น สองคนนั้นกำลังต่อว่าต่อขานกันลั่นบ้าน."
ต่อสาย 0,ก.,"ติดต่อสื่อสารโดยการหมุนหรือกดเลขหมายบนแป้นเครื่องโทรศัพท์, ต่อโทรศัพท์ ก็ว่า."
ต่อสู้ 0,ก.,"สู้เฉพาะหน้า, รบกัน, ตีรันกัน."
ต่อไส้ 0,ก.,ประทังชีวิตให้ยืนยาวต่อไปอีกชั่วระยะหนึ่ง. (ดู เบี้ยต่อไส้ ประกอบ).
ต่อไส้ 1,น.,ชื่อไม้พุ่มชนิด Allophylus cobbe (L.) Raeusch. ในวงศ์ Sapindaceae ใบเป็นใบประกอบ มีใบย่อย ๓ ใบ ใช้ทำยาได้.
ต่อหน้า 0,ว.,"ซึ่งหน้า, เฉพาะหน้า."
ต่อหน้าต่อตา 0,ว.,"ซึ่งหน้า, เฉพาะหน้า."
ต่อหน้ามะพลับ ลับหลังตะโก 0,ว.,"ต่อหน้าทำเป็นดี แต่พอลับหลังก็นินทาหรือหาทางทำร้าย, หน้าไหว้หลังหลอก ก็ว่า."
ต้อหิน 0,น.,โรคตาซึ่งเกิดจากความดันภายในลูกตาสูง เป็นผลให้ประสาทตาเสีย.
ตอแหล 0,ก.,"พูดเท็จ, พูดปั้นเรื่อง, (มักใช้เป็นคำด่า)"
ตอแหล 1,ก.,ช่างพูดและแสดงกิริยาน่ารัก (ใช้เฉพาะเด็กที่สอนพูด).
ต่อให้ 0,สัน.,"ถึงแม้, แม้แต่, เช่น เรื่องนี้ร้ายแรงมาก ต่อให้เทวดาก็ช่วยไม่ได้."
ต่ออายุ 0,ก.,"ทำพิธีเพื่อให้มีอายุยืนตามความเชื่อที่มีมาแต่โบราณ, ต่อชะตา หรือ ต่อชาตา ก็ว่า."
ตะ 0,ก.,ทา ฉาบ หรือแต้มด้วยปรอทที่มีเนื้อทองปนอยู่แล้วไล่ด้วยความร้อนให้ปรอทคายทองติดกับเนื้อโลหะนั้น เช่น พานถมตะทอง ขันถมตะทอง.
ตะกรน 0,น.,อุปกรณ์ของเครื่องทอผ้า ใช้อย่างกระสวย แต่เป็นกระบอกมีหลอดด้ายอยู่ข้างใน.
ตะกรน 1,น.,"ขี้ตะกอนที่จับเกรอะอยู่ที่ก้นภาชนะ, กากโลหะที่หลอมแล้วติดอยู่ตามก้นเบ้า, ตะกรัน ก็ว่า."
ตะกรวย 0,น.,ภาชนะสานด้วยตอก ตาห่าง ๆ คล้ายตาชะลอม ทรงกระบอกปากกลม ก้นมน เช่น เมื่อข้าพเจ้าตัดศีรษะกามะนีขาดแล้ว จะได้รับเอาศีรษะมิให้ทันตกลงถึงดิน ใส่ในตะกรวยซึ่งแขวนไปกับข้างม้านั้นเข้ามาถวายพระองค์ (ราชาธิราช สมิงพระรามอาสา).
ตะกร้อ 0,น.,ลูกกลมสานด้วยหวายเป็นต้นเป็นตา ๆ สำหรับเตะ
ตะกร้อ 1,น.,ชื่อกีฬาชนิดหนึ่งที่ใช้ตะกร้อเป็นอุปกรณ์ เช่น ตะกร้อลอดบ่วง ตะกร้อข้ามตาข่าย เซปักตะกร้อ
ตะกร้อ 2,น.,เครื่องมือสอยผลไม้ ทำด้วยไม้ หวาย หรือไม้ไผ่เป็นซี่ รูปรีคล้ายกาบปลี ตรงปากมีฟันสำหรับสอย นำมาต่อกับด้ามไม้ไผ่
ตะกร้อ 3,น.,"เครื่องสานยาชัน รูปคล้ายปุ้งกี๋ แต่เล็กกว่า ใช้วิดนํ้าเรือ, กร้อ ก็เรียก"
ตะกร้อ 4,น.,เครื่องสานรูปทรงกระบอก สำหรับใส่ไว้ในไหหมักน้ำปลาเป็นต้น เพื่อกรองเอาส่วนที่เป็นน้ำ
ตะกร้อ 5,น.,เครื่องสานมีรูปคล้ายคลึงเช่นนั้น สำหรับสวมปากม้าหรือปากหมาเป็นต้น
ตะกร้อ 6,น.,"เครื่องดับไฟสานเป็นรูปรีคล้ายปลีกล้วย พันผ้าชุบนํ้า มีด้ามยาว สำหรับดับและคลึงลูกไฟที่มาติดหลังคา บางทีเขียนเป็น กระตร้อ ก็มี เช่น ให้ตรวจเอาพร้าขอกระตร้อน้ำ จงทุกที่พนักงานให้สรัพไว้ (สามดวง), กะต้อ ก็เรียก."
ตะกร่อม 0,น.,"เครื่องมือครอบจับปูทะเล ตามชายฝั่งทะเล ใช้ไม้ไผ่ต้นเดียวผ่าตอนปลายออกเป็น ๔ ซี่ เหลาซี่เหล่านั้นให้อ่อน เอาวงแหวนทำด้วยไม้ไผ่ หวาย หรือลวด ใส่ในหว่างซี่เหล่านั้นเพื่อบังคับให้ถ่างออก, กะกร่อม หรือ ตะกร่อม ก็เรียก."
ตะกรัน 0,น.,"ขี้ตะกอนที่จับเกรอะอยู่ที่ก้นภาชนะ, กากโลหะที่หลอมแล้วติดอยู่ตามก้นเบ้า, ตะกรัน ก็ว่า."
ตะกรับ 0,น.,"ดินเผาหรือเหล็กเป็นแผ่นเจาะเป็นรู ๆ สำหรับรองถ่านเพื่อให้ลมเดินผ่านได้และขี้เถ้าตกลงข้างล่าง ใช้กับเตาที่ใช้ถ่านหรือฟืนเช่นเตาอั้งโล่, รังผึ้ง ก็ว่า"
ตะกรับ 1,น.,เหล็กทำเป็นซี่ ๆ มีด้ามจับ สำหรับปิ้งปลาเป็นต้น.
ตะกรับ 2,น.,ชื่อกกชนิด Cyperus procerus Rottb. ในวงศ์ Cyperaceae ลำต้นเป็นสามเหลี่ยม ใบยาวและแคบ ดอกสีนํ้าตาล.
ตะกรับ 3,น.,"ชื่อปลาทะเลหรือนํ้ากร่อยชนิด Scatophagus argus (Linn.) ในวงศ์ Scatophagidae ลำตัวสั้น แบนข้าง หัวทู่ ปากเล็ก หางมน เกล็ดเล็กสากมือ สีพื้นลำตัวมีแตกต่างกันมาก อาจเป็นสีเขียว เทา หรือนํ้าตาล ครึ่งบนของลำตัวสีเข้มกว่าและมีแถบสีเทาเข้มหรือดำพาดขวางหลายแนว และแตกเป็นจุดที่ด้านล่างหรือเป็นแต้มเป็นจุดทั่วตัว ครีบต่าง ๆ มีสีเหลืองอ่อนอมเทา, กระทะ หรือ เสือดาว ก็เรียก."
ตะกรับ 4,น.,ปลากระตรับ. (ดู หมอช้างเหยียบ).
ตะกร้า 0,น.,ภาชนะสานโปร่งสำหรับใส่สิ่งของ มีรูปต่าง ๆ มีหูหิ้วหรือไม่มีก็ได้.
ตะกราม 0,น.,ชื่อนกขนาดใหญ่ชนิด Leptoptilos dubius (Gmelin) ในวงศ์ Ciconiidae เป็นนกกระสาที่ใหญ่ที่สุด ปากใหญ่แข็งแรงปลายแหลมตรง หัวสีแดงส้ม ตลอดหัวและลำคอไม่มีขน ตัวสีเทา มีถุงหนังสีส้มห้อยอยู่ทางด้านหน้าของคอ และมีพู่ขนสีขาวรอบฐานคอ ขายาว กินปลาและสัตว์นํ้าจืด.
ตะกรุด 0,น.,"เครื่องรางอย่างหนึ่ง ทำด้วยโลหะหรือใบลานเป็นต้น โดยปรกติลงคาถาอาคมแล้วม้วนเป็นรูปกลมยาวและกลวง, กะตรุด กะตุด หรือ กระตรุด ก็ว่า."
ตะกรุม 0,น.,ชื่อนกขนาดใหญ่ชนิด Leptoptilos javanicus (Horsfield) ในวงศ์ Ciconiidae รูปร่างคล้ายนกตะกราม แต่ขนาดเล็กกว่า หัวและคอสีเหลือง ไม่มีถุงหนังและพู่ขนสีขาวที่คอ กินปลาและสัตว์น้ำจืด.
ตะกรุม 1,น.,ชื่อต้นไม้ชนิดหนึ่ง ใช้ทำยาได้.
ตะกรุมตะกราม 0,ก.,กิริยาที่ทำไปอย่างผลีผลาม ไม่สำรวมในการบริโภคเป็นต้น.
ตะกละ 0,ว.,"มักกิน, กินไม่เลือก, เห็นแก่กิน, มักใช้รวมกันว่า ตะกละตะกลาม หมายความว่า อยากกินมาก ๆ, จะกละจะกลาม ก็ว่า."
ตะกลาม 0,ว.,"มักกิน, กินไม่เลือก, เห็นแก่กิน, มักใช้รวมกันว่า ตะกละตะกลาม หมายความว่า อยากกินมาก ๆ, จะกละจะกลาม ก็ว่า."
ตะกวด 0,น.,"ชื่อสัตว์เลื้อยคลานชนิด Varanus bengalensis (Gray) ที่พบในประเทศไทยคือ ชนิดย่อย V. b. nebulosus (Gray) ในวงศ์ Varanidae จมูกอยู่ใกล้ตา ปากและคอค่อนข้างยาว ลิ้นแยกเป็น ๒ แฉกยาว ลำตัวกลมยาว สีนํ้าตาลเหลือง หางยาว ซ่อนตัวตามโพรงไม้ในป่า มักหากินตามพื้นดิน ไม่ค่อยลงน้ำ ปีนต้นไม้ได้ดี กินอาหารได้หลากหลายทั้งสัตว์ ซากสัตว์ และพืช, แลน หรือ จะกวด ก็เรียก."
ตะกอ 0,น.,ส่วนของเครื่องทอผ้า ประกอบด้วยก้านไม้ ๒ อัน ซึ่งมีด้ายร้อยระหว่างก้านไม้ สำหรับแยกเส้นด้ายยืนดึงให้ขึ้นลงเพื่อให้ขัดกับเส้นด้ายพุ่ง.
ตะกอ 1,ว.,"เพิ่งจะรุ่นหนุ่มรุ่นสาว, ใช้แก่คนหรือสัตว์ (ปรัดเล), ใช้ว่า สะกอ ก็มี"
ตะกอ 2,ว.,"แรกรุ่น, มักใช้เข้าคู่กับคำ รุ่น หรือ หนุ่ม เป็น รุ่นตะกอ หนุ่มตะกอ."
ตะกอน 0,น.,สิ่งที่ละลายปนอยู่ในนํ้าหรือของเหลวอื่นแล้วจับตัวตกจมลงนอนก้นภาชนะเป็นต้น
ตะกอน 1,น.,เศษหิน ดิน แร่ และอินทรียวัตถุที่เกิดจากกระบวนการผุสลายและพังทลาย วัสดุเหล่านี้ถูกน้ำ ลม หรือธารน้ำแข็งพามาสะสม.
ตะกัง 0,น.,"ชื่อโรคลมชนิดหนึ่ง ตามตำราแพทย์แผนโบราณว่า ทำให้มีอาการปวดหัวเวลาเช้า ๆ ปวดกระบอกตา เมื่อเห็นแดดจะลืมตาไม่ขึ้น เรียกว่า ลมตะกัง, ปะกัง ก็ว่า."
ตะกั่ว 0,น.,แร่จำพวกโลหะ มีลักษณะอ่อน ละลายตัวง่าย มีหลายชนิดด้วยกัน ได้แก่ ตะกั่วเกรียบ คือ ตะกั่วกรอบ ตะกั่วนม คือ ตะกั่วอ่อน
ตะกั่ว 1,น.,"ดีบุก (ปรัดเล, ปาเลกัว)"
ตะกั่ว 2,น.,ธาตุลำดับที่ ๘๒ สัญลักษณ์ Pb เป็นโลหะสีขาวแกมนํ้าเงิน ลักษณะเป็นของแข็ง เนื้ออ่อน หลอมละลายที่ ๓๒๗.๔ °ซ. ใช้ประโยชน์ผสมกับโลหะอื่นให้เป็นโลหะเจือ สารประกอบของตะกั่วใช้ในอุตสาหกรรมสีทา ตะกั่วและสารประกอบของตะกั่วเป็นพิษต่อร่างกาย.
ตะกั่วเกรียบ 0,น.,ตะกั่วที่ประสมโลหะบางอย่างเช่นสังกะสี นิยมใช้ทำพระเครื่อง.
ตะกั่วขาว 0,น.,"ตะกั่วขาว, ตะกั่วที่มีเนื้อบริสุทธิ์, บริสุทธิ์ ก็เรียก."
ตะกั่วดำ 0,น.,ดีบุก.
ตะกั่วแดง 0,น.,"สารประกอบประเภทออกไซด์ของตะกั่ว มีสูตร Pb_3O_4 ลักษณะเป็นผงละเอียดสีแดงเข้ม ใช้ประโยชน์ในอุตสาหกรรมทำสีทา และทำแก้ว, เสน ก็เรียก."
ตะกั่วตัด 0,ว.,สีนกพิราบหรือสีเทาอมฟ้า.
ตะกั่วนม 0,น.,"ตะกั่วขาว, ตะกั่วที่มีเนื้อบริสุทธิ์, บริสุทธิ์ ก็เรียก."
ตะกาง 0,น.,เครื่องดักจระเข้อย่างหนึ่ง ใช้เบ็ดตัวเดียวหรือหลายตัวผูกรวมกัน เบ็ดนี้เกี่ยวเหยื่อไว้ ใช้เชือกซึ่งปลายข้างหนึ่งผูกเบ็ดแล้วโยงไว้กับทุ่นซึ่งเป็นปล้องไม้ไผ่ขนาดใหญ่ ปลายเชือกอีกข้างหนึ่งผูกกับหลักที่อยู่บนบก
ตะกาง 1,น.,เครื่องล่อใจ
ตะกาง 2,น.,สะกาง ก็เรียก.
ตะกาด 0,น.,ที่ดินซึ่งอยู่หลังหาดชายทะเลขึ้นไป แต่มีนํ้าเค็มซึมขึ้นไปถึงได้.
ตะกาด 1,น.,"ชื่อกุ้งขนาดเล็กหลายชนิดในวงศ์ Penaeidae เช่น ชนิด Metapenaeus ensis (De Haan) ลำตัวสีเหลืองอ่อน ผิวเปลือกเป็นมัน พบในบริเวณนํ้ากร่อยและชายฝั่งทะเล, ชันกาด ตะเข็บ หรือ หัวมัน ก็เรียก."
ตะกาย 0,ก.,พยายามป่ายปีน เช่น แมวตะกายฝา หมาตะกายเจ้าของ.
ตะกาว 0,น.,ขอสำหรับเกี่ยวเรือ.
ตะกุกตะกัก 0,ว.,"ติด ๆ ขัด ๆ, ไม่ราบรื่น, (มักใช้แก่การอ่านหรือพูด)."
ตะกุย 0,ก.,เอามือหรือเท้าเป็นต้นคุ้ยหรือข่วน.
ตะกุยตะกาย 0,ก.,พยายามคุ้ยข่วนหรือป่ายปีน.
ตะกู 0,น.,"ชื่อไม้ต้นขนาดกลางและขนาดใหญ่ชนิด Anthocephalus chinensis (Lam.) A. Rich. ex Walp. ในวงศ์ Rubiaceae ใบออกเป็นคู่ตรงข้ามกัน ตามลำกิ่งและระหว่างก้านใบมีหูใบรูปสามเหลี่ยมปลายแหลมติดกับกิ่งทั้ง ๒ ด้าน ดอกเป็นช่อกลมสีเหลืองอ่อน หอม เนื้อไม้เหลืองหรือขาว ใช้ทำเสากระดาน และเยื่อกระดาษชนิดเลวได้, กระทุ่มบก ตะกู หรือ ตะโกส้ม ก็เรียก."
ตะกูด 0,น.,"เครื่องถือท้ายเรือ คล้ายหางเสือ ทำด้วยไม้เป็นแผ่นใหญ่ รูปร่างคล้ายพาย มีด้ามยาว, จะกูด หรือ จังกูด ก็ว่า."
ตะเกียกตะกาย 0,ก.,"พยายามป่ายปีนไป, พยายามทุกทางเพื่อช่วยเหลือตนเองให้รอดพ้นจากความยากลำบากหรือเพื่อให้ประสบความสำเร็จ, เช่น ตะเกียกตะกายว่ายน้ำเข้าหาฝั่ง ตะเกียกตะกายเรียนจนจบปริญญาโท."
ตะเกียง 0,น.,"เครื่องใช้สำหรับตามไฟ มีไส้ซึ่งหล่อน้ำมันก๊าดหรือน้ำมันมะพร้าว มีรูปร่างต่าง ๆ ส่วนมากมีหลอดหรือโป๊ะบังลม, ลักษณนามว่า ดวง."
ตะเกียง 1,น.,"หน่อสับปะรดที่แตกออกจากโคนขั้วของผล, หน่อกล้วยไม้ประเภทหวายที่แตกออกจากข้อ."
ตะเกียงแก๊ส 0,น.,ตะเกียงที่ใช้แคลเซียมคาร์ไบด์ทำปฏิกิริยากับนํ้าได้แก๊สอะเซทิลีนซึ่งจุดไฟติดให้ความสว่าง.
ตะเกียงเจ้าพายุ 0,น.,ตะเกียงชนิดหนึ่ง เมื่อเผาไส้แล้วสูบลมให้ดันน้ำมันเป็นไอขึ้นไปเลี้ยงไส้ทำให้เกิดแสงสว่างนวลจ้า.
ตะเกียงรั้ว 0,น.,ตะเกียงหิ้วที่มีลวดพันรอบครอบแก้วซึ่งครอบดวงไฟ.
ตะเกียงลาน 0,น.,ตะเกียงชนิดไขลานให้ใบพัดหมุนเป่าลมไล่ควัน และช่วยให้ไฟสว่างนวล.
ตะเกียบ 0,น.,เครื่องใช้สำหรับคีบอาหารทำด้วยไม้หรืองาเป็นต้นเป็นคู่ ๆ
ตะเกียบ 1,น.,ชื่อเสาสั้นคู่หนึ่งที่ฝังลงดินสำหรับขนาบเสากลางซึ่งอยู่เหนือพื้นดินอย่างเสาดอกไม้พุ่ม เสาหงส์ เสาโคม เสาธง ให้ตั้งตรง มีสลัก ๒ อัน เมื่อถอดสลักอันหนึ่งออกแล้วโน้มเสากลางลงมาได้
ตะเกียบ 2,น.,โดยปริยายใช้เรียกของที่เป็นคู่สำหรับคีบ เช่น ตะเกียบรถจักรยาน
ตะเกียบ 3,น.,"ครีบคู่ที่อยู่ตรงอกปลา, ขาม้า ก็เรียก"
ตะเกียบ 4,น.,เรียกขาคนที่ลีบเล็กว่า ขาตะเกียบ
ตะเกียบ 5,น.,ส่วนล่างของกระดูกเชิงกรานที่แตะพื้นในเวลานั่ง
ตะเกียบ 6,น.,กระดูกอ่อน ๒ อันที่ก้นของสัตว์ปีก.
ตะแก 0,น.,ตัวแก เช่น แล้วตรัสกับเสนานินทาเมีย ตะแก่เสียจริตผิดแล้วเหวย (สังข์ทอง)
ตะแก 1,น.,ตาแก่ เช่น ตะแกก็กลับกลักพริกกลักงาว่าใส่สารตราพระราชสีห์ (ม. ร่ายยาว ชูชก).
ตะแก่ 0,น.,ตัวแก เช่น แล้วตรัสกับเสนานินทาเมีย ตะแก่เสียจริตผิดแล้วเหวย (สังข์ทอง)
ตะแก่ 1,น.,ตาแก่ เช่น ตะแกก็กลับกลักพริกกลักงาว่าใส่สารตราพระราชสีห์ (ม. ร่ายยาว ชูชก).
ตะแกรง 0,น.,"ภาชนะสานรูปแบนกลม มีขอบ ตาห่าง สำหรับร่อนสิ่งของ หรือตากปลาตากเนื้อเป็นต้น, ภาชนะสานรูปกลม ก้นลึก ตาถี่ สำหรับช้อนกุ้งปลาเป็นต้น, อุปกรณ์ทำด้วยวัสดุเช่นเหล็ก พลาสติก ลักษณะเป็นซี่ ๆ หรือเป็นตา ๆ สำหรับแยกสิ่งละเอียดและสิ่งหยาบออกจากกัน เช่น ตะแกรงร่อนทราย หรือสำหรับให้ความร้อนหรือสิ่งอื่นผ่านได้ เช่น ตะแกรงปิดฝาท่อน้ำ ตะแกรงปิ้งกล้วย."
ตะแกรง 1,น.,อุปกรณ์มีลักษณะเป็นแผงเหล็กทำเป็นซี่โปร่ง ๆ ติดอยู่ที่หน้ารถรางหรือรถจักร กันไม่ให้สิ่งที่ถูกชนพลัดเข้าไปใต้ท้องรถ.
ตะโก 0,น.,ชื่อไม้ต้นหลายชนิดในสกุล Diospyros วงศ์ Ebenaceae เปลือกสีดำคลํ้า เช่น ตะโกสวน [ D. malabarica (Desv.) Kostel.] ผลคล้ายมะพลับ ตะโกนา ( D. rhodocalyxKurz) ผลเล็ก ผล เปลือก และเนื้อไม้ใช้ทำยาได้.
ตะโก้ 0,น.,ชื่อขนมชนิดหนึ่ง ทำด้วยแป้งข้าวเจ้าผสมกับแป้งเท้ายายม่อมกวนเข้ากับนํ้าตาล ใส่แห้วหรือข้าวโพดเป็นต้นก็ได้ หยอดหน้าด้วยกะทิกวนกับแป้ง.
ตะโก 1,น.,เสือ เช่น ทับตะโก ว่า ถิ่นของเสือ.
ตะโก้ 1,น.,"ชื่อลมทะเลพัดจากทิศตะวันตกเฉียงเหนือมาทางทิศตะวันออกเฉียงใต้ มักมีในปลายฤดูฝน, ลมพัดหลวง ก็เรียก."
ตะโกก 0,น.,"ชื่อปลานํ้าจืดขนาดกลางหลายชนิดและหลายสกุล ในวงศ์ Cyprinidae หัวค่อนข้างแหลม ลำตัวยาวเรียว แบนข้างเล็กน้อย ครีบหลังมีก้านครีบตอนหน้าแข็ง ยาวคล้ายเงี่ยง พื้นลำตัวด้านหลังและครีบสีเทาอมฟ้า ส่วนอื่นสีเงิน ที่สำคัญได้แก่ชนิดในสกุล Cyclocheilichthys เช่น ชนิด C. enoplos (Bleeker), C. armatus (Valenciennes)สกุลอื่น ๆ เช่น ชนิด Cosmochilus harmandiSauvage, Albulichthys alburoides (Bleeker)."
ตะโกก 1,น.,"ไม้รูปโค้งปลายทั้ง ๒ ข้างงอขึ้นเล็กน้อย ใช้พาดคอควายสำหรับลากไถหรือลากเลื่อนเป็นต้น, โกก คอม หรือ ตะโหงก ก็เรียก."
ตะโกขาว 0,น.,"ชื่อต้นไม้ชนิดหนึ่งใช้ทำยา หรือเรียกว่า ขี้แรดล้อมปรวด, ตะโกขาว ก็เรียก."
ตะโกดำ 0,น.,"ชื่อไม้ต้นชนิด Diospyros undulata Wall. ex G. Don var. cratericalyx (Craib) Bakh. ในวงศ์ Ebenaceae ขึ้นในป่าดิบ มีมากทางภาคใต้ สูงได้ถึง ๒๐ เมตร ไม่ผลัดใบ, จะเพลิง ชะเพลิง คำดีควาย ดูกค่าง ตะโกดำ พลับเขา ไหม้ หม้าย หรือ สะลาง ก็เรียก."
ตะโกน 0,ก.,ออกเสียงดังกว่าปรกติเพื่อให้ได้ยิน.
ตะโกรง 0,ก.,"ทะเยอทะยาน, อยากได้."
ตะโกรง 1,ว.,อาการวิ่งโทง ๆ
ตะโกรง 2,ว.,"เต็มไปด้วยความอยาก, ตะกลาม, เช่น ลูกเมียแปรไปเป็นอื่นตื่นตะโกรง."
ตะโกรม 0,น.,"ชื่อหอยทะเลกาบคู่หลายชนิด ในวงศ์ Ostreidae ลักษณะเหมือนหอยนางรม แต่มีขนาดใหญ่กว่า เปลือกขรุขระ สีขาวคล้ำ เช่น ชนิด Crassostrea iredalei (Faustino), C. belcheri (Sowerby), นางรมใหญ่ ก็เรียก."
ตะโกส้ม 0,น.,"ชื่อไม้ต้นขนาดกลางและขนาดใหญ่ชนิด Anthocephalus chinensis (Lam.) A. Rich. ex Walp. ในวงศ์ Rubiaceae ใบออกเป็นคู่ตรงข้ามกัน ตามลำกิ่งและระหว่างก้านใบมีหูใบรูปสามเหลี่ยมปลายแหลมติดกับกิ่งทั้ง ๒ ด้าน ดอกเป็นช่อกลมสีเหลืองอ่อน หอม เนื้อไม้เหลืองหรือขาว ใช้ทำเสากระดาน และเยื่อกระดาษชนิดเลวได้, กระทุ่มบก ตะกู หรือ ตะโกส้ม ก็เรียก."
ตะไกร 0,น.,"เครื่องมือสำหรับตัดโดยใช้หนีบ มี ๒ ขา, ลักษณนามว่า เล่ม, เขียนเป็น กรรไกร หรือ กรรไตร ก็มี."
ตะไกร 1,น.,คำเรียกเหยี่ยวชนิดหนึ่งว่า เหยี่ยวตะไกร.
ตะขบ 0,น.,ชื่อไม้ต้นหลายชนิดในสกุล Flacourtia วงศ์ Flacourtiaceae เช่น ตะขบไทย ( F. rukam Zoll. et Moritzi) ต้นมีหนาม ผลกลม สุกสีม่วงแดงหรือแดงเข้ม รสหวาน รากใช้ทำยาได้.
ตะขบ 1,น.,"ชื่อไม้ต้นชนิด Muntingia calabura L. ในวงศ์ Tiliaceae ต้นไม่มีหนาม ผลกลมเล็กกว่าตะขบไทย สุกสีม่วงแดง รสหวาน, ตะขบฝรั่ง ก็เรียก."
ตะขบฝรั่ง 0,น.,"ชื่อไม้ต้นชนิด Muntingia calabura L. ในวงศ์ Tiliaceae ต้นไม่มีหนาม ผลกลมเล็กกว่าตะขบไทย สุกสีม่วงแดง รสหวาน, ตะขบฝรั่ง ก็เรียก."
ตะขอ 0,น.,"ไม้หรือเหล็กที่งอ ๆ สำหรับชัก เกี่ยว แขวน หรือสับ, ขอ หรือ ตะขอ ก็ว่า."
ตะขาบ 0,น.,"ชื่อสัตว์ขาปล้อง ชั้น Chilopoda มีเขี้ยว ๑ คู่ หัวและลำตัวยาวแบนหรือค่อนข้างแบน มีจำนวนปล้องตั้งแต่ ๑๕ ปล้องขึ้นไป แต่ละปล้องมีขา ๑ คู่ไปจนถึงปล้องสุดท้ายหรือเกือบสุดท้าย ขามี ๕-๗ ปล้อง อยู่ด้านข้างของลำตัว บางชนิดมีนํ้าพิษ ทำให้ผู้ถูกกัดเจ็บปวด เช่น ตะขาบไฟ ( Scolopendra morsitansLinn.) ในวงศ์ Scolopendridae ลำตัวยาว ๑๔-๒๐ เซนติเมตร สีน้ำตาลแดง, กระแอบ หรือ จะขาบ ก็เรียก."
ตะขาบ 1,น.,"ชื่อนกขนาดเล็กหลายชนิดหลายสกุล ในวงศ์ Coraciidae ปากใหญ่ แบนข้าง หัวใหญ่ ตัวป้อม มักเกาะตามสายไฟและกิ่งไม้แห้งเพื่อคอยโฉบจับแมลงหรือสัตว์เล็ก ๆ ตามพื้นดิน ตัวผู้เกี้ยวตัวเมียโดยการบินขึ้นไปในอากาศ แล้วม้วนตัวกลับลงมา ทำรังในโพรงไม้ ในประเทศไทยมี ๒ ชนิด คือ ตะขาบทุ่ง [ Coracias benghalensis (Linn.)] ปากสีดำ หัวและปีกสีฟ้า ตัวสีนํ้าตาล และตะขาบดง [ Eurystomus orientalis (Linn.)] ปากสีแดง ตัวสีน้ำเงินแกมเขียว, ขาบ ก็เรียก."
ตะขาบ 2,น.,"เครื่องตีให้เกิดเสียง, ไม้ไผ่ที่ผ่าขังปล้องแขวนไว้ตามยอดไม้สำหรับชักให้มีเสียงดังเพื่อไล่ค้างคาวเป็นต้น และที่พวกตลกลิเกละครเป็นต้นใช้ตีกันเล่น, จะขาบ ก็เรียก"
ตะขาบ 3,น.,เรียกธงชนิดหนึ่งทำด้วยแผ่นผ้าเป็นชิ้น ๆ เย็บติดกันไปเป็นพืด มีไม้สอดระหว่างชิ้น ที่ปลายไม้ทั้ง ๒ ข้างติดธงสามเหลี่ยมเล็ก ๆ ทำให้มีลักษณะคล้ายตัวตะขาบ ขนาดกว้างยาวตามต้องการ มักแขวนไว้ยอดเสาหงส์ตามหน้าวัดเป็นพุทธบูชา ว่า ธงตะขาบ.
ตะขิดตะขวง 0,ก.,รู้สึกไม่สนิทใจหรือไม่สะดวกใจ.
ตะเข้ 0,น.,จระเข้.
ตะเข้ 1,น.,ตัวไม้จากกลางจั่วบ้านตรงมายังชายคา พาดเป็นมุม ๔ มุม มีเฉพาะบ้านทรงปั้นหยาหรือทรงมนิลา
ตะเข้ 2,น.,ไม้ยึดเสาเรือนหรือเสาเขื่อน.
ตะเข้ขบฟัน 0,น.,โฉลกสำหรับนับตาแต่ละปล้องของไม้ตะพดที่ทำด้วยไม้ไผ่.
ตะเข็บ 0,น.,"ชื่อสัตว์พวกเดียวกับกิ้งกือ แต่เรียกแยกโดยถือเอาพวกที่มีขนาดเล็ก เช่น ยาวน้อยกว่า ๕-๖ เซนติเมตร ลำตัวเล็ก มีจำนวนปล้อง ๓๑-๑๗๓ ปล้อง แต่ละปล้องมีขา ๒ คู่ และขายาวกว่าปล้องลำตัวมาก ที่แพร่หลาย เช่น สกุล Orthomorpha ในวงศ์ Paradoxsomatidae ไม่มีตา, จะเข็บ หรือ ขี้เข็บ ก็เรียก."
ตะเข็บ 1,น.,"ชื่อกุ้งขนาดเล็กหลายชนิดในวงศ์ Penaeidae เช่น ชนิด Metapenaeus ensis (De Haan) ลำตัวสีเหลืองอ่อน ผิวเปลือกเป็นมัน พบในบริเวณนํ้ากร่อยและชายฝั่งทะเล, ชันกาด ตะเข็บ หรือ หัวมัน ก็เรียก."
ตะเข็บ 2,น.,"ชื่อไม้เถาชนิด Pothos scandens L. ในวงศ์ Araceae เกาะติดกับต้นไม้ใหญ่, หวายตะมอย ก็เรียก."
ตะเข็บ 3,น.,"แนวผ้าหรือสิ่งอื่นตอนที่เย็บติดกัน, โดยปริยายหมายถึงสิ่งที่คล้ายคลึงเช่นนั้น เช่น ตะเข็บรอยต่อจังหวัด."
ตะเข็บไต่ขอน 0,น.,ชื่อกลอนกลบทแบบหนึ่ง กำหนดให้แต่ละวรรคใช้คำลหุคำครุสลับกันไปตลอดการแต่ง เช่น ระทวยระทดสลดสละขนิษฐ์ขนาง ระเหระหนกระวนกระวายระคายระคาง จะแรมจะร้างอนงค์อนาถนิราสนิรา (จารึกวัดโพธิ์).
ตะเขิ่ง 0,น.,ชื่อเพลงไทยทำนองหนึ่ง มีทั้งทางบรรเลงและทางขับร้องปรากฏในระบำดาวดึงส์.
ตะโขง 0,น.,"ชื่อจระเข้ชนิด Tomistoma schlegelii Müller ในวงศ์ Crocodylidae ขนาดใหญ่กว่าจระเข้ทั่วไป ปากเล็กเรียวยาวคล้ายปากปลากระทุงเหวแต่งอนขึ้นด้านบนเล็กน้อย ตัวสีนํ้าตาลแดงมีลายสีนํ้าตาลเข้ม หางแบนใหญ่ใช้ว่ายนํ้า อาศัยตามป่าเลนชายนํ้ากร่อย ในประเทศไทยพบเฉพาะทางภาคใต้เท่านั้น, จระเข้ปากกระทุงเหว ก็เรียก."
ตะคร้อ 0,น.,"ชื่อไม้ต้นขนาดใหญ่ชนิด Schleichera oleosa (Lour.) Oken ในวงศ์ Sapindaceae ผลรสเปรี้ยวอมหวาน, สะคร้อ ก็เรียก."
ตะครอง 0,น.,ชื่อไม้ต้นขนาดเล็กชนิด Ziziphus cambodiana Pierre ในวงศ์ Rhamnaceae กิ่งมีหนาม ผลกลม รสฝาด.
ตะครั่นตะครอ 0,ว.,อาการครั่นเนื้อครั่นตัวสะบัดร้อนสะบัดหนาวเวลาเริ่มจะเป็นไข้หรือคล้ายจะเป็นไข้.
ตะคร้ำ 0,น.,ชื่อไม้ต้นชนิด Garuga pinnata Roxb. ในวงศ์ Burseraceae ช่อดอกออกเป็นกระจุกตามปลายกิ่ง ผลเล็ก เป็นร่องตามยาว.
ตะคริว 0,น.,อาการหดตัวของกล้ามเนื้อและค้างอยู่ ทำให้เกิดการเจ็บปวด.
ตะครุบ 0,ก.,เอามือตะปบลงจับโดยเร็ว.
ตะครุบกบ 0,ก.,หกล้มหน้าคว่ำ มือเท้าพื้น.
ตะคลับตะคล้าย 0,ก.,คลับคล้าย (ดึกดำบรรพ์).
ตะคอก 0,ก.,"ตวาด, ขู่เสียงดัง."
ตะคัน 0,น.,เครื่องปั้นดินเผารูปคล้ายจานขนาดเล็ก ๆ สำหรับวางเทียนอบ หรือเผากำยานเมื่อเวลาอบนํ้าทำนํ้าอบไทยเป็นต้น หรือใช้ใส่นํ้ามันตามไฟต่างตะเกียง.
ตะค้า 0,น.,ชื่อหวายชนิด Calamus tigrinus Kurz ในวงศ์ Palmae ผิวเป็นมัน เนื้อเหนียว ใช้ผูกสิ่งของ.
ตะคาก 0,น.,"แง่กระดูกเชิงกรานที่อยู่ใต้บั้นเอว, หัวตะคาก ก็เรียก."
ตะคาง 0,น.,"เม็ดผดที่เกิดขึ้นตามขาด้วยระคายต้นหญ้าหรือขนกระบือ, ระคาง ก็ว่า."
ตะค้าทอง 0,น.,ชื่อหวายชนิด Calamus caesius Blume ในวงศ์ Palmae ผิวเป็นมัน ใช้จักสานทำภาชนะและเครื่องเรือนชั้นดี.
ตะค้าน 0,น.,"ชื่อไม้เถาหลายชนิดในสกุล Piper วงศ์ Piperaceae ใช้ทำยาได้, ตะค้าน ก็เรียก."
ตะคิว 0,น.,อาการหดตัวของกล้ามเนื้อและค้างอยู่ ทำให้เกิดการเจ็บปวด.
ตะคุ่ม 0,ว.,ที่เห็นเป็นเงาดำ ๆ เพราะอยู่ในที่ที่แสงไม่พอหรือในระยะที่เห็นไม่ชัด.
ตะคุ่ม ๆ 0,ว.,ที่เห็นเป็นเงาดำ ๆ เพราะอยู่ในที่ที่แสงไม่พอหรือในระยะที่เห็นไม่ชัด.
ตะเครียว 0,น.,"ถุงที่ทำด้วยผ้าหรือถักด้วยด้ายหรือไหมเป็นตาถี่ ๆ มีหูรูดใช้ใส่อาหารแห้งเป็นต้นเวลาเดินทาง เช่น สองเต้าห้อยตุงดังถุงตะเคียว โคนเหี่ยวแห้งรวบเหมือนบวบต้ม (ระเด่นลันได), ถุงที่ถักด้วยด้ายหรือไหมเป็นต้น เป็นตาถี่ มีหูรูด สำหรับหุ้มถลกบาตรหรือบาตร, เรียกว่า ถุงตะเครียว หรือ ถุงตะเคียว."
ตะเคียน 0,น.,ชื่อไม้ต้นขนาดใหญ่ชนิด Hopea odorata Roxb. ในวงศ์ Dipterocarpaceae เนื้อไม้แข็ง ใช้ในการก่อสร้าง และขุดทำเรือ.
ตะเคียนทอง 0,น.,ชื่อไม้ต้นขนาดใหญ่ชนิด Hopea odorata Roxb. ในวงศ์ Dipterocarpaceae เนื้อไม้แข็ง ใช้ในการก่อสร้าง และขุดทำเรือ.
ตะเคียนเผือก 0,น.,"ชื่อไม้ต้นขนาดใหญ่ชนิด Homalium grandiflorum Benth. ในวงศ์ Flacourtiaceae มักขึ้นริมนํ้าและที่ชุ่มชื้น ดอกคล้ายดอกพิกุล, ไก๊ ชุมแสงแดง หรือ พิกุลป่า ก็เรียก."
ตะเคียว 0,น.,"ถุงที่ทำด้วยผ้าหรือถักด้วยด้ายหรือไหมเป็นตาถี่ ๆ มีหูรูดใช้ใส่อาหารแห้งเป็นต้นเวลาเดินทาง เช่น สองเต้าห้อยตุงดังถุงตะเคียว โคนเหี่ยวแห้งรวบเหมือนบวบต้ม (ระเด่นลันได), ถุงที่ถักด้วยด้ายหรือไหมเป็นต้น เป็นตาถี่ มีหูรูด สำหรับหุ้มถลกบาตรหรือบาตร, เรียกว่า ถุงตะเครียว หรือ ถุงตะเคียว."
ตะเคียว 1,ก.,อาการที่ลูกบาศก์หรือลูกเต๋าพิงตะแคงไม่ลงหน้าเรียบเมื่อทอด เช่นในการเล่นสกาเป็นต้น.
ตะแคง 0,ก.,"เอาข้างลง เช่น นอนตะแคง, หันข้างเข้า เช่น ตะแคงตัวเข้าไป."
ตะไคร่ 0,น.,พืชสีเขียวที่เกิดติดอยู่ตามต้นไม้ บางทีก็เกิดในนํ้าและตามพื้นดินหรือกำแพงที่ชุ่มชื้น.
ตะไคร้ 0,น.,ชื่อไม้ล้มลุกชนิด Cymbopogon citratus (DC.) Stapf ในวงศ์ Gramineae ขึ้นเป็นกอ กลิ่นหอม ใช้ปรุงอาหาร.
ตะไคร้แดง 0,น.,ชื่อไม้ล้มลุกชนิด Cymbopogon nardus (L.) Rendle ในวงศ์ Gramineae ต้นใหญ่กว่าตะไคร้ กาบและขอบใบสีแดง กลิ่นหอม.
ตะไคร้น้ำ 0,น.,ชื่อไม้พุ่มชนิด Homonoia riparia Lour. ในวงศ์ Euphorbiaceae ใบเรียวเล็ก มักขึ้นตามซอกหินในลำธารและริมนํ้า.
ตะไคร้บก 0,น.,"ชื่อไม้ต้นชนิด Salix tetrasperma Roxb. ในวงศ์ Salicaceae ชอบขึ้นริมนํ้าหรือตามที่ลุ่มชื้นแฉะ ใบเรียวเล็ก ท้องใบขาว เปลือกและรากใช้ทำยา, ตะไคร้บก ก็เรียก."
ตะไคร้หอม 0,น.,ชื่อไม้ล้มลุกชนิด Cymbopogon nardus (L.) Rendle ในวงศ์ Gramineae ต้นใหญ่กว่าตะไคร้ กาบและขอบใบสีแดง กลิ่นหอม.
ตะไคร้หางนาค 0,น.,ชื่อไม้พุ่มชนิด Rotula aquatica Lour. ในวงศ์ Boraginaceae ขึ้นเป็นกอตามซอกหินริมลำธาร กิ่งเรียวกลมเหนียวมาก.
ตะเฆ่ 0,น.,"เครื่องลาก เข็น หรือบรรทุกของหนัก รูปเตี้ย ๆ มีล้อ ราง หรือเลื่อน, แม่แรงชนิดหนึ่ง."
ตะแง้ 0,น.,"เรียกแขนงของทะลายหมากหรือแขนงของรวงข้าว ว่า ตะแง้หมาก ตะแง้ข้าว, ระแง้ ก็เรียก."
ตะติน 0,ว.,"บอกอาการวิ่ง, บางทีเขียนเป็น ตติน ก็มี เช่น แล้วก็เอากลออมดิน แล่นตตินยงงท่า แบกน้ำด้วยบ่ามายงงเรือนตน โสดแล (ม. คำหลวง ชูชก)."
ตะแตร้น 0,ว.,เสียงช้างร้อง.
ตะนอย 0,น.,ชื่อมดชนิด Tetraponera ruflonigra (Jerdon) ในวงศ์ Formicidae ลำตัวยาวประมาณ ๑ เซนติเมตร หัวและท้องสีดำหรือน้ำตาลดำ ส่วนอกและส่วนท้องปล้องแรกสีน้ำตาลแดง มีอวัยวะสำหรับต่อยปล่อยกรดทำให้เจ็บปวดได้ ทำรังอยู่เป็นฝูงตามกอหญ้า ใต้ก้อนหิน หรือใต้ดินที่ชื้นต่าง ๆ.
ตะนาว 0,น.,ชื่อกระแจะเครื่องหอมชนิดหนึ่ง.
ตะนาว 1,น.,คำนำหน้าชื่อเพลงไทย อัตรา ๒ ชั้น เช่น ตะนาวแปลง ตะนาวมอญ
ตะนาว 2,น.,ชื่อเพลงไทยประเภทเพลงเรื่อง.
ตะบม 0,ว.,"รํ่าไป, ไม่หยุดหย่อน, เช่น ฝีพายลงเต็มลำจ้ำตะบม (บทดอกสร้อย)."
ตะบอง 0,น.,"ไม้มีด้ามสำหรับถือ ใช้ตี โดยมากเป็นท่อนกลม, ถ้ามีขนาดยาวประมาณ ๔ ศอก เรียกว่า ตะบองยาว ถ้ามีขนาดยาวประมาณ ๑ ศอก เรียกว่า ตะบองสั้น, กระบอง หรือ ตระบอง ก็ว่า."
ตะบองกัน 0,น.,"ชื่อเพลงไทยประเภทเพลงหน้าพาทย์, กระบองกัน ก็ว่า."
ตะบองแดง 0,น.,ตะบองอาญาสิทธิ์ สำหรับแพทย์หลวงถือไปเก็บสมุนไพรได้ในที่เรือกสวนส่วนบุคคล เพื่อทำยาของหลวง.
ตะบองเพชร 0,น.,"ใบตาลที่ขมวดปลายคล้ายรูปหัวนก ลงอักขระตามยาวของใบ เป็นเครื่องรางของขลังสำหรับใช้ในพิธีตรุษและโกนจุก, กระบองเพชร ก็เรียก."
ตะบองเพชร 1,น.,"ชื่อไม้พุ่มชนิด Cereus hexagonus (L.) Mill. ในวงศ์ Cactaceae ลำต้นสูง ๓-๕ เมตร ลำต้นและกิ่งกลม หยักเป็นร่องโดยรอบ มีหนามละเอียด ดอกใหญ่ สีขาว กลิ่นหอม บานกลางคืน มักปลูกเป็นรั้วบ้าน, ตะบองเพชร ก็เรียก, พายัพ เรียก เขียะ หรือ หนามเขียะ."
ตะบองราหู 0,น.,"ชื่อโรคซางชนิดหนึ่ง เกิดแก่ทารกแรกเกิดจนถึงอายุ ๑๒ เดือน, กระบองราหู ละบองราหู หรือ ลำบองราหู ก็เรียก."
ตะบอย 0,ว.,อาการที่ทำอย่างชักช้ารํ่าไร.
ตะบัน 0,น.,เครื่องตำหมากของคนแก่ มีรูปทรงคล้ายกระบอก โดยมากทำด้วยทองเหลือง มีลูกตะบันสำหรับตำ และมีดากอุดก้น. (เทียบ ข. ตฺบาล่ ว่า ครก).
ตะบัน 1,ก.,"ทิ่ม แทง หรือกระแทกลงไป, กระทุ้ง"
ตะบัน 2,ก.,ดึงดัน เช่น ตะบันเถียง.
ตะบัน 3,ว.,"คำประกอบกริยาหมายความว่า ไม่มียับยั้ง, เรื่อยไป, เช่น เที่ยวตะบัน เถียงตะบัน, ตะบันราด ก็ว่า."
ตะบัน 4,น.,ชื่อไม้ต้นขนาดกลางชนิด Xylocarpus rumphii (Kostel.) Mabb. ในวงศ์ Meliaceae ขึ้นตามโขดหินชายทะเล.
ตะบันน้ำกิน 0,ก.,เคี้ยวของกินไม่ไหวเพราะแก่มาก.
ตะบันไฟ 0,น.,ของอย่างหนึ่งรูปคล้ายตะบัน ทำด้วยเขาควายเป็นต้น เจาะช่องแคบ ๆ ขนาดครือ ๆ กับลูกตะบัน มีลูกตะบันสำหรับตบลงไปในกระบอกโดยเร็วเพื่อให้เกิดไฟติดเชื้อที่ปลายลูกตะบันนั้น.
ตะบันราด 0,ว.,"คำประกอบกริยาหมายความว่า ไม่มียับยั้ง, เรื่อยไป,เช่น เที่ยวตะบันราด เถียงตะบันราด, ตะบัน ก็ว่า."
ตะบิ้ง 0,น.,"พื้นที่ในกระทงนาเล็ก ๆ, กระบิ้ง ก็เรียก."
ตะบิด 0,ก.,บิด เช่น โพกผ้าพันตะบิดถือกริชกราย (อิเหนา).
ตะบิดตะบอย 0,ว.,"แกล้งให้ชักช้า, ชักช้ารํ่าไร."
ตะบี้ตะบัน 0,ว.,"ซํ้า ๆ ซาก ๆ, ไม่รู้จักจบจักสิ้น, เช่น เถียงตะบี้ตะบัน."
ตะบึง 0,ก.,รีบเร่งไปไม่หยุด เช่น ควบม้าตะบึงไป.
ตะบึงตะบอน 0,ก.,"กะบึงกะบอน, มีท่าทีโกรธอย่างแสนงอน."
ตะบุ้ย 0,ว.,อาการที่บอกส่ง ๆ ไปหรือทำให้พ้น ๆ ไป.
ตะบุ้ย ๆ 0,ว.,อาการที่บอกส่ง ๆ ไปหรือทำให้พ้น ๆ ไป.
ตะบูน 0,น.,ชื่อไม้ต้นขนาดใหญ่ในสกุล Xylocarpus วงศ์ Meliaceae ขึ้นตามป่าชายเลนและริมแม่นํ้าที่นํ้าเค็มขึ้นถึง มี ๒ ชนิด คือ ตะบูนขาวหรือกระบูน ( X. granatum Koenig) เปลือกสีนํ้าตาลแกมแดง ผลขนาดส้มโอ และตะบูนดำ [ X. moluccensis (Lam.) M. Roem.] เปลือกสีนํ้าตาลแกมดำ ผลขนาดส้มเกลี้ยง.
ตะเบ็ง 0,ก.,เปล่งเสียงออกให้ดังเกินปรกติ.
ตะเบ็งมาน 0,น.,"วิธีห่มผ้าแถบแบบหนึ่ง โดยคาดผ้าอ้อมตัวจากด้านหลังไขว้ขึ้นมาด้านหน้า แล้วเอาชายทั้ง ๒ ไขว้ไปผูกที่ต้นคอ, ตะแบงมาน ก็ว่า."
ตะเบ๊ะ 0,ก.,ทำความเคารพอย่างคนในเครื่องแบบ คือ ทำวันทยหัตถ์. [เทียบ ม. angkat tabek ว่า วันทยหัตถ์ (angkat ว่า ยกขึ้น tabek เป็นคำทักทายที่ผู้น้อยใช้กับผู้ใหญ่)]
ตะแบก 0,น.,ชื่อไม้ต้นหลายชนิดในสกุล Lagerstroemia วงศ์ Lythraceae ผิวเปลือกเรียบล่อนเป็นสะเก็ด ดอกสีม่วง เช่น ตะแบกนา ( L. floribunda Jack).
ตะแบง 0,ก.,"ผูกไขว้, ผูกบิด, เช่น ผ้าประเจียดประจงจีบซ้อนสวมเศียรแสร้งตะแบงบิดโพกพัน (ม. ร่ายยาว ชูชก). (ข. ตฺรแบง ว่า ผูกไขว้, ผูกบิดอย่างขันชะเนาะ)"
ตะแบง 1,ว.,อาการที่พูดหรือเถียงเฉไฉหรือดันไปข้าง ๆ คู ๆ.
ตะแบง 2,ว.,"ชื่อไม้ต้นขนาดใหญ่ชนิด Dipterocarpus intricatus Dyer ในวงศ์ Dipterocarpaceae ขึ้นในป่าเต็งรัง ต้นมียางเหนียว เจาะเอานํ้ามันยางได้, ยางกราด เหียงกราด ตะแบง หรือ สะแบง ก็เรียก."
ตะแบงมาน 0,น.,"วิธีห่มผ้าแถบแบบหนึ่ง โดยคาดผ้าอ้อมตัวจากด้านหลังไขว้ขึ้นมาด้านหน้า แล้วเอาชายทั้ง ๒ ไขว้ไปผูกที่ต้นคอ, ตะเบ็งมาน ก็ว่า."
ตะโบม 0,ก.,"เล้าโลม, โอบกอด."
ตะไบ 0,น.,เหล็กเครื่องมือใช้ถูไม้หรือโลหะอื่น ๆ ให้เกลี้ยงเกลาเป็นต้น ที่ผิวหน้าทั้ง ๒ ด้านบั้งเป็นรอยหยาบ ๆ มีหลายชนิด เช่น ตะไบท้องปลิง ตะไบหางหนู.
ตะไบ 1,ก.,ถูด้วยตะไบ เช่น ตะไบไม้ให้เรียบ.
ตะไบเล็บ 0,น.,อุปกรณ์แต่งเล็บมักทำด้วยโลหะ มีลักษณะแบนยาว ที่ผิวหน้าทั้ง ๒ ด้านบั้งเป็นรอยหยาบ ๆ สำหรับถูเล็บ.
ตะปบ 0,ก.,"ตบด้วยอุ้งมือหรืออุ้งเท้าหน้าโดยเร็ว เช่น เสือตะปบ แมวตะปบหนู, คว้าโดยเร็ว เช่น เขาถูกกระชากกระเป๋า แต่ตะปบไว้ทัน."
ตะปลิง 0,น.,"เหล็กปลายแหลม ๒ ข้าง รูปคล้ายตัว U หรือเขี้ยวของตะขาบ สำหรับตอกเพลาะกระดานยึดให้แน่นสนิท เช่น ตะปูตะปลิงยิงตรึงกระชับชิด (ม. ร่ายยาว กุมาร), เขี้ยวตะขาบ ตัวปลิง หรือ ปลิง ก็เรียก."
ตะปัดตะป่อง 0,ว.,"สะบัดสะบิ้ง, แสนงอน, ตุปัดตุป่อง ก็ใช้."
ตะปิ้ง 0,น.,"เครื่องปิดของลับของเด็กหญิง ทำด้วยเงินหรือนากเป็นต้น, กระจับปิ้ง จะปิ้ง จับปิ้ง หรือ ตับปิ้ง ก็เรียก."
ตะปิ้ง 1,น.,"ส่วนท้องของปูพับอยู่ใต้อก ตัวผู้เป็นแผ่นเรียวเล็ก ตัวเมียเป็นแผ่นแบนกว้าง ด้านในมีขน ทำหน้าที่ปิดอวัยวะเพศ ขนของตัวเมียเป็นที่ยึดเกาะของไข่, ตะปิ้ง ก็เรียก."
ตะปุ่มตะป่ำ 0,ว.,"นูนขึ้นเป็นปม ๆ, เป็นปุ่มเป็นปมขรุขระอย่างผิวมะกรูด, ปุ่มป่ำ ก็ว่า."
ตะปู 0,น.,"สิ่งทำด้วยโลหะ มีปลายแหลม หัวมนแบน ขนาดต่าง ๆ กัน สำหรับตรึงสิ่งอื่นให้แน่น โดยใช้ค้อนเป็นต้นตอกลงไป, ตาปู ก็เรียก."
ตะปูเกลียว 0,น.,"ตะปูที่มีเกลียว หัวบากเป็นร่องหรือเป็น ๔ แฉก ใช้ไขควงไข, ตะปูควง ก็เรียก."
ตะปูเข็ม 0,น.,ตะปูที่มีขนาดเล็กมาก.
ตะปูควง 0,น.,"ตะปูที่มีเกลียว หัวบากเป็นร่องหรือเป็น ๔ แฉก ใช้ไขควงไข, ตะปูเกลียว ก็เรียก."
ตะปูคอนกรีต 0,น.,ตะปูทำด้วยเหล็กแข็ง ตัวเป็นร่อง ๆ หัวกลมแบน สำหรับตอกคอนกรีต.
ตะปูจีน 0,น.,ตะปูที่มีลักษณะเป็นแท่งสี่เหลี่ยม ปลายแหลม หัวงอเป็นมุมฉาก.
ตะปูหัวเห็ด 0,น.,ตะปูที่มีหัวบานเหมือนดอกเห็ด สำหรับตอกสังกะสีเป็นต้น.
ตะพง 0,ว.,ตะโพง เช่น แล้วตะพงพายรีบกลับไป (นิ. เมืองเทศ).
ตะพด 0,น.,ไม้ถืออย่างหนึ่งใช้ป้องกันตัว ทำด้วยไม้รวกเป็นต้น ยาวประมาณ ๒ ศอก.
ตะพอง 0,น.,"ส่วนที่นูนเป็นปุ่ม ๒ ข้างหัวช้าง, กระพอง กะพอง หรือ ตระพอง ก็ว่า."
ตะพัก 0,น.,ที่ราบใต้น้ำริมฝั่ง มีลักษณะลดต่ำลงเป็นขั้น เกิดจากแผ่นดินสูงขึ้นหรือต่ำลง หรือเกิดจากถูกคลื่นเซาะ
ตะพัก 1,น.,"ตะกอนที่ทับถมในทะเลเป็นรูปขั้นบันได, ผาชันในทะเลที่ถูกคลื่นกัดเซาะขยายตัวออกไปจนเป็นลาน ซึ่งเรียกว่า ลานตะพักคลื่นเซาะ"
ตะพัก 2,น.,"โขดหินหรือไหล่เขาที่เป็นขั้น ๆ พอพักได้, ใช้ว่า กระพัก ก็มี เช่น บ้างก็เป็นกระพักกระเพิงกระพังพุ (ม. ร่ายยาว กุมาร)."
ตะพัง 0,น.,"แอ่ง, บ่อ, หนอง, กระพัง ตระพัง หรือ สะพัง ก็เรียก."
ตะพัด 0,ว.,"อาการที่เคลื่อนไหวเรื่อยไปอย่างรวดเร็วดุจกระแสนํ้าไหล, สะพัด ก็ว่า."
ตะพัด 1,น.,"ชื่อปลานํ้าจืดชนิด Scleropages formosus (Müller & Schlegel) ในวงศ์ Osteoglossidae เป็นปลาโบราณที่ยังมีชีวิตอยู่ในปัจจุบัน ลำตัวยาว แบนข้างตลอด แนวด้านข้างของสันหลังตรงโดยตลอด แนวสันท้องโค้ง ปากเชิดขึ้น ครีบหลังและครีบก้นอยู่ใกล้ครีบหางมาก ขอบหางกลม เกล็ดใหญ่ เส้นข้างตัวอยู่ใกล้แนวสันท้อง พื้นลำตัวเป็นสีเงินอมเทาหรือสีฟ้า พบเฉพาะบริเวณแหล่งนํ้าเขตภูเขาในจังหวัดตราดและจันทบุรี รวมทั้งบางจังหวัดในเขตภาคใต้ เช่น สุราษฎร์ธานี ขนาดยาวได้ถึง ๙๐ เซนติเมตร, มังกร ก็เรียก."
ตะพั้น 0,น.,"ชื่อโรคชนิดหนึ่ง มักเกิดแก่เด็กอ่อนหรือเด็กเล็ก ๆ มีอาการชัก มือเท้ากำ ตามตำราแพทย์แผนโบราณว่า มักเกิดเพราะผิดอากาศเป็นต้น, สะพั้น ก็ว่า."
ตะพาก 0,น.,"ชื่อปลาน้ำจืดขนาดกลาง รูปร่างคล้ายปลาตะเพียน มีหลายชนิด ในสกุล Hypsibarbusวงศ์ Cyprinidae ลำตัวเรียวยาวแบนข้าง แต่ละชนิดมีสีแตกต่างกัน บางชนิดสีเหลืองทอง บางชนิดสีเงินอมเขียว มีหนวด ๔ เส้น เกล็ดด้านข้างและด้านบนหลังมีฐานเกล็ดสีน้ำตาลเข้ม ครีบอกและครีบท้องมักมีสีเหลืองปลายครีบสีส้ม ขนาดยาวได้ถึง ๔๐ เซนติเมตร เช่น ชนิด H. malcolmi (H.M. Smith) ลำตัวสีเหลืองทอง, ชนิด H. wetmorei (H.M. Smith) ลำตัวสีเงินอมเขียว, ชนิด H. pierrei (Sauvage) ลำตัวสีเทาเงิน, กระพาก ก็เรียก."
ตะพาน 0,น.,"สิ่งที่สร้างหรือทำขึ้นสำหรับข้ามแม่นํ้าลำคลองเป็นต้น, สิ่งที่สร้างหรือทำยื่นลงไปในนํ้าสำหรับขึ้นลง, สะพาน ก็ว่า."
ตะพานช้าง 0,น.,สะพานที่ทำแข็งแรงสำหรับให้ช้างข้ามในสมัยโบราณ.
ตะพานหนู 0,น.,สะพานหนู.
ตะพาบ 0,น.,"ชื่อเต่านํ้าจืดกระดองอ่อนหลายชนิดหลายสกุล ในวงศ์ Trionychidae กระดองไม่มีเกล็ดเป็นแผ่นหนังอ่อนนิ่มมีเชิงแผ่กว้าง หลายชนิดมีจมูกยื่นยาว บางชนิดจมูกสั้น ตีนเป็นแผ่นแบนคล้ายพาย ชนิดที่พบมาก ได้แก่ ตะพาบสวน [ Amyda cartilageneus (Boddaert)] ชนิดที่พบน้อย ได้แก่ ม่านลาย ( Chitra chitra Nutphand), กริว กราว หรือ ปลาฝา ก็เรียก, ปักษ์ใต้ เรียก จมูกหลอด."
ตะพาบ 1,น.,"หม้อน้ำสำหรับใส่น้ำเพื่อเสวย, ใช้เป็นราชาศัพท์ว่า พระตะพาบ."
ตะพาบ 2,น.,เรียกหมอนรูปสี่เหลี่ยมมุมมน มีระบายโดยรอบ ว่า หมอนตะพาบ.
ตะพาบน้ำ 0,น.,"ชื่อเต่านํ้าจืดกระดองอ่อนหลายชนิดหลายสกุล ในวงศ์ Trionychidae กระดองไม่มีเกล็ดเป็นแผ่นหนังอ่อนนิ่มมีเชิงแผ่กว้าง หลายชนิดมีจมูกยื่นยาว บางชนิดจมูกสั้น ตีนเป็นแผ่นแบนคล้ายพาย ชนิดที่พบมาก ได้แก่ ตะพาบสวน [ Amyda cartilageneus (Boddaert)] ชนิดที่พบน้อย ได้แก่ ม่านลาย ( Chitra chitra Nutphand), กริว กราว หรือ ปลาฝา ก็เรียก, ปักษ์ใต้ เรียก จมูกหลอด."
ตะพาย 0,ก.,"แขวนบ่า, ห้อยเฉียงบ่า, เช่น ตะพายย่าม, สะพาย ก็ว่า"
ตะพาย 1,ก.,"เรียกกิริยาที่เอาเชือกร้อยช่องจมูกวัวควายที่เจาะ ว่า สนตะพาย, ใช้โดยปริยายแก่คนว่า ถูกสนตะพาย หรือ ยอมให้เขาสนตะพาย หมายความว่า ถูกบังคับให้ยอมทำตามด้วยความจำใจ ความหลง หรือความโง่เขลาเบาปัญญา"
ตะพาย 2,ก.,เรียกเชือกที่ร้อยจมูกวัวควายว่า สายตะพาย.
ตะพาย 3,น.,ช่องจมูกวัวควายที่เจาะสำหรับร้อยเชือก
ตะพาย 4,น.,เรียกลายที่เป็นทางจากจมูกขึ้นไปทั้ง ๒ ข้างของนกกระทา.
ตะพายแล่ง 0,ว.,"ลักษณะที่ถูกฟันขาดเฉียงบ่า เรียกว่า ขาดตะพายแล่ง, สะพายแล่ง ก็ว่า."
ตะพึด 0,ว.,ไม่หยุดหย่อน เช่น ขอตะพึด.
ตะพึดตะพือ 0,ว.,"รํ่าไป, เรื่อยไป, เช่น ใช้งานตะพึดตะพือ."
ตะพุ่น 0,น.,คนที่ต้องพระราชอาญาลักษณะหนึ่ง เป็นนักโทษเกี่ยวหญ้าให้ช้างหลวงหรือม้าหลวงกิน
ตะพุ่น 1,น.,ชื่อกรมหนึ่งในสมัยโบราณ มีหน้าที่เกี่ยวหญ้าส่งให้ช้างหลวงหรือม้าหลวงกิน.
ตะพุ่น 2,ว.,สีชนิดหนึ่งคล้ายสีครามจาง เป็นสีผ้านุ่งของพวกตะพุ่น เรียกว่า สีตะพุ่น.
ตะพุ่นหญ้าช้าง 0,น.,คนที่ทำหน้าที่เกี่ยวหญ้าส่งให้ช้างหลวงหรือม้าหลวงกิน
ตะพุ่นหญ้าช้าง 1,น.,คนที่ถูกลงโทษให้ทำหน้าที่เช่นนั้น.
ตะเพรา 0,น.,ไม้รวกยาวประมาณ ๒ วา มีขอทำด้วยเหล็กสวมอยู่ปลายไม้สำหรับเกี่ยวให้เรือเข้ามาหรือคํ้าไม่ให้เรือชนกัน เรียกว่า ขอตะเพรา
ตะเพรา 1,น.,ลูกกลม ๆ ที่ถักด้วยหวายแล้วยัดด้วยกาบมะพร้าวเป็นต้น แขวนไว้ข้างเรือเพื่อกันกระแทก เรียกว่า ลูกตะเพรา.
ตะเพิง 0,น.,เงื้อมเขาที่งอกงุ้มลงมา.
ตะเพิด 0,ก.,"ตวาดให้หนีไป, ไล่ส่งไป, โบราณเขียนเป็น กระเพิด ก็มี."
ตะเพิ่น 0,ว.,พล่านไป.
ตะเพียน 0,น.,ชื่อปลานํ้าจืดขนาดเล็กถึงขนาดกลางหลายชนิด ในวงศ์ Cyprinidae ลำตัวแบนข้าง มีทั้งลำตัวสั้นกว้าง และลำตัวเรียวยาว เกล็ดมีสีขาวเงินหรือเหลืองทอง ขอบเรียบ มักมีหนวดสั้น ๒-๔ เส้น ขนาดยาวได้ถึง ๔๐ เซนติเมตร ชนิดที่มีลำตัวสั้นกว้าง เช่น ตะเพียนขาว [ Barbonymus gonionotus (Bleeker)] ตะเพียนทอง [ B. altus (Günther)] ตะเพียนหางแดงหรือกระแห [ B. schwanenfeldi (Bleeker)] ส่วนชนิดที่มีลำตัวเรียวยาว เช่น ตะเพียนทราย [ Puntius leiacanthus (Bleeker)].
ตะเพียนเงินตะเพียนทอง 0,น.,เครื่องรางอย่างหนึ่ง ทำด้วยโลหะเป็นรูปปลาตะเพียนสีเงินตัวหนึ่ง สีทองตัวหนึ่ง เชื่อว่าเป็นสิริมงคลให้ทำมาค้าขึ้น.
ตะเพียนทอง 0,น.,ชื่อปลาตะเพียนขนาดกลางชนิด Barbonymus altus (Günther) หรือ Puntius altus (Günther) ในวงศ์ Cyprinidae ลำตัวสั้นกว้าง สีเงินหรือเหลืองทอง ครีบอกและครีบท้องสีเหลืองส้มสลับแดง ครีบหางสีเหลือง ขอบครีบหางสีแดงส้ม ขนาดยาวได้ถึง ๒๐ เซนติเมตร.
ตะเพียนทอง 1,น.,"ชื่อปลาฉลามขนาดใหญ่ชนิด Galeocerdo cuvieri (Peron & Le Sueur) ในวงศ์ Carcharinidae มีฟันใหญ่เป็นรูปสามเหลี่ยม ขอบจักเป็นฟันเลื่อย พื้นลำตัวและครีบสีน้ำตาลหม่น มีลายพาดขวางตลอดข้างลำตัวถึงปลายหาง ซึ่งอาจแตกเป็นจุดเห็นกระจายอยู่ทั่วไปหรือจางหมดไปเมื่อโตขึ้น หางยาว ดุร้ายมาก ขนาดยาวได้ถึง ๗ เมตร, ตะเพียนทอง พิมพา หรือ เสือทะเล ก็เรียก."
ตะเพียนน้ำเค็ม 0,น.,"ชื่อปลาทะเลทุกชนิดในสกุล Anodontostoma และ Nematalosa วงศ์ Clupeidae หัวเล็ก ปากเล็ก ลำตัวสั้น แบนข้าง ท้องเป็นสันแหลม เกล็ดที่สันท้องเป็นเหลี่ยมคมเรียงต่อกันคล้ายฟันเลื่อย พื้นลำตัวสีเงิน ขนาดยาวได้ถึง ๒๐ เซนติเมตร อยู่รวมกันเป็นฝูงเล็ก ๆ ตามชายฝั่งที่มีพื้นท้องทะเลเป็นโคลน, ตะเพียนนํ้าเค็ม ก็เรียก."
ตะเพียนหางแดง 0,น.,"ปลาตะเพียนขนาดกลางชนิด Barbonymus schwanefeldi (Bleeker) หรือ Puntius schwanefeldi (Bleeker) ในวงศ์ Cyprinidae ลำตัวสั้นกว้างคล้ายปลาตะเพียนขาว มักมีสีแดงอ่อนบนครีบ เฉพาะส่วนปลายของครีบหลังและขอบทั้งบนและล่างของครีบหางมีสีดำ ขนาดยาวได้ถึง ๔๐ เซนติเมตร, ตะเพียนหางแดง หรือ เลียนไฟ ก็เรียก, ปักษ์ใต้เรียก ลำปำ."
ตะโพก 0,น.,"ส่วนของร่างกายเบื้องหลังถัดบั้นเอวลงไป มีเนื้อเป็นกระพุ้งทั้ง ๒ ข้าง, กล้ามเนื้อส่วนบนที่นูนขึ้นของโคนขาสัตว์สองเท้าหรือโคนขาหลังของสัตว์สี่เท้า, สะโพก ก็ว่า."
ตะโพกสุดเสียงสังข์ 0,น.,เรียกตะโพกหญิงที่ผายออกมาก.
ตะโพง 0,ว.,อาการวิ่งก้าวยาว ๆ หรือวิ่งอย่างกระโดด
ตะโพง 1,ว.,"โทง ๆ, โหย่ง ๆ, เช่น ก็จะทำคลุมโปงตะโพงดัน (ปกีรณำพจนาดถ์), ลุกขึ้นมาทั้งโปง วิ่งตะโพงกอดบาท (นิทราชาคริต), ตะพง ก็ว่า."
ตะโพน 0,น.,ชื่อกลองสองหน้าชนิดหนึ่ง หัวสอบท้ายสอบกลางป่อง มีขารอง ตีด้วยมือ ใช้บรรเลงกำกับจังหวะหน้าทับในวงปี่พาทย์.
ตะเภา 0,น.,"ชื่อเรือเดินทะเลชนิดหนึ่งแบบจีน ใช้แล่นด้วยใบ, สะเภา หรือ สำเภา ก็เรียก"
ตะเภา 1,น.,เรียกลมชนิดหนึ่งพัดมาจากทิศใต้ไปทางทิศเหนือในกลางฤดูร้อน ว่า ลมตะเภา.
ตะเภา 2,น.,ชื่อไก่ชนิดเดียวกับไก่บ้าน ลำตัวอ้วนป้อม เหนียงสั้นและกลม มีขนมากทั้งขนแข็งและขนอุยหลายสี ส่วนใหญ่มีขนที่แข้ง มีหางสั้นและแผ่กว้างที่ฐาน ในอดีตเป็นไก่ที่บรรทุกมากับเรือสำเภาหรือเรือตะเภาจากประเทศจีน จึงเรียกว่า ไก่ตะเภา.
ตะเภา 3,น.,ชื่อหนูชนิด Cavia porcellus (Linn.) ในวงศ์ Caviidae ลำตัวอ้วนป้อม ขนปุย หางสั้น มีหลายสี เช่น ขาว นํ้าตาล ดำ มีถิ่นกำเนิดในประเทศเปรู มักใช้ในการทดลองทางการแพทย์.
ตะเภา 4,น.,"ชื่อปลาทะเลในสกุล Diagramma และ Plectorhynchus วงศ์ Haemulidae โดยเฉพาะชนิดที่มีจุดสีเข้มกระจายหรือเรียงเป็นแถวอยู่ข้างตัว หรือบนหัวและครีบ ที่พบทั่วไป คือ ชนิด D. pictum (Thunberg) ที่ขณะเป็นปลาขนาดเล็กจะมีแถบกว้างสีดำหรือม่วงดำพาดตามยาวตลอดลำตัวและครีบรวม ๓-๔ แถบ ขณะโตขึ้นแถบเหล่านี้จะแตกออกกลายเป็นจุดใหญ่และเล็กลงตามลำดับ ปลาที่มีขนาดโตมีสีเทาและจุดเหล่านี้จะเล็กลงอีกจนอาจจางหายไปจากบริเวณหัวและท้องคงปรากฏอยู่เฉพาะบริเวณหลัง ครีบหลัง และครีบหางเท่านั้นขนาดยาวได้ถึง ๘๐ เซนติเมตร, สร้อยปากหมู ข้างตะเภา หรือ ตะเภา ก็เรียก."
ตะเภา 5,น.,"เรียกอ้อยพันธุ์ที่ลำโต ปล้องสั้น สีขาว เปราะ ว่า อ้อยตะเภา, อ้อยสำลี ก็เรียก."
ตะเภา 6,น.,ชื่อหมากพันธุ์ต้นเตี้ย.
ตะเภา 7,น.,ชื่อขันชนิดหนึ่ง มีขนาดใหญ่ ปากกว้างประมาณ ๒ คืบ.
ตะเภาเดียวกัน 0,น.,"ทำนองเดียวกัน, ลักษณะเดียวกัน."
ตะใภ้ 0,น.,สะใภ้.
ตะม่อ 0,น.,ตอม่อ เช่น พวกทำเมรุทิศทั้งนั้น ก็พร้อมกันยกตั้งขึ้นทั้งหมด ติดตะม่อสองขั้นเป็นหลั่นลด นายช่างกำหนดอำนวยการ (อิเหนา).
ตะมอย 0,น.,ชื่อฝีชนิดหนึ่งขึ้นที่ปลายนิ้ว เกิดจากการติดเชื้อแบคทีเรียก่อหนอง.
ตะยองสะลา 0,น.,งูบ้องตะลา.
ตะรัง 0,ก.,"ดั้นไป, เดาไป, ตะบึงไป, เช่น แล้วดำเนินเดินดุ่มสุ่มตะรัง (คาวี)."
ตะรังกะนู 0,น.,เรียกของบางอย่างที่มาจากเมืองตะรังกะนู เช่น ส้มตะรังกะนู พิมเสนตะรังกะนู.
ตะรังตังกวาง 0,น.,"ชื่อไม้เถาชนิด Cnesmone javanica Blume ในวงศ์ Euphorbiaceae มีขนหยาบคลุมทั่วทั้งต้น ถูกเข้าจะคันและเป็นผื่นตามผิวหนัง, ตำแยเครือก็เรียก."
ตะรังตังช้าง 0,น.,"ชื่อไม้ต้นขนาดกลางชนิด Dendrocnide sinuata (Blume) Chew ในวงศ์ Urticaceae ใบใหญ่ ขอบจัก ถูกเข้าจะปวดคันและเป็นผื่นตามผิวหนัง, กะลังตังช้าง ก็เรียก."
ตะราง 0,น.,ที่คุมขังนักโทษ.
ตะลอง 0,น.,"อัตราตวงของโบราณ มีพิกัดเท่ากับ ๔ กระชุก, และ ๔ ตะลอง เป็น ๑ เกวียน."
ตะลอน 0,ก.,"ไปที่นั่นที่นี่หลายแห่ง, ไม่หยุดอยู่ที่ใดที่หนึ่ง, เช่น วัน ๆ ก็ตะลอนไปทั่ว."
ตะลอน ๆ 0,ก.,"ไปที่นั่นที่นี่หลายแห่ง, ไม่หยุดอยู่ที่ใดที่หนึ่ง, เช่น วัน ๆ ก็ตะลอนไปทั่ว."
ตะล่อม 0,ก.,"ทำให้รวมกันเข้ามาเป็นกอง, ทำให้กลมเข้า."
ตะล่อม 1,ว.,ลักษณะการพูดหว่านล้อมหรือรวบรัดให้เข้าสู่จุดหมายหรือเข้าประเด็น เช่น พูดตะล่อม.
ตะล่อม 2,น.,"อัตราตวงของโบราณ มีพิกัดเท่ากับ ๔ เกวียน, และ ๕ ตะล่อม เป็น ๑ ยุ้ง."
ตะล่อมข้าว 0,น.,ที่สำหรับใส่ข้าวเปลือกเป็นต้น ใช้ไม้ไผ่ซีกเล็ก ๆ มาขัดแตะทำเป็นวงล้อมรอบ แล้วยาด้วยขี้ควาย.
ตะล่อมป้อม 0,ว.,กลม ๆ ป้อม ๆ.
ตะละ 0,ว.,"ดุจ, เหมือน, เช่น ลำต้นตะละคันฉัตร."
ตะละ 1,ว.,แต่ละ เช่น ตะละคน.
ตะลาน 0,น.,"ชื่องูขนาดกลางชนิด Ptyas korros (Schlegel) ในวงศ์ Colubridae ตาโต ลำตัวสีน้ำตาลปลอด มีลายเล็กน้อยเห็นไม่ชัด นิสัยว่องไวปราดเปรียว ออกหากินตามพื้นดินในเวลากลางวัน ไม่มีพิษ, สิงตาโต หรือ ตาลาน ก็เรียก."
ตะลาน 1,น.,"ชื่อมดชนิด Anoplolepsis gracilipes (Smith) ในวงศ์ Formicidae ลำตัวยาว ๔ มิลลิเมตร สีนํ้าตาลแดง ขายาว เดินได้เร็ว ไม่มีพิษ, ตาลาน หรือ ตะลีตะลาน ก็เรียก."
ตะลิงปลิง 0,น.,ชื่อไม้ต้นชนิด Averrhoa bilimbi L. ในวงศ์ Oxalidaceae ใบคล้ายใบมะยม ผลยาวคล้ายมะดันแต่มีร่องตื้น ๆ รสเปรี้ยว.
ตะลิบ 0,ว.,"ลิบ, ไกล, เช่น ตะลิบหายไปไม่เห็นตัว (ม. กาพย์ กุมารบรรพ)."
ตะลีตะลาน 0,ว.,"รีบร้อนลนลาน, ลุกลน."
ตะลีตะลาน 1,น.,"ชื่อมดชนิด Anoplolepsis gracilipes (Smith) ในวงศ์ Formicidae ลำตัวยาว ๔ มิลลิเมตร สีนํ้าตาลแดง ขายาว เดินได้เร็ว ไม่มีพิษ, ตาลาน หรือ ตะลีตะลาน ก็เรียก."
ตะลึง 0,ก.,อาการที่ชะงักงันนิ่งอึ้งไปชั่วขณะหนึ่งเพราะคาดไม่ถึง.
ตะลึงพรึงเพริด 0,ก.,ตะลึงจนลืมตัว.
ตะลุง 0,น.,ชื่อมหรสพอย่างหนึ่ง ใช้หนังสลักเป็นรูปภาพขนาดเล็ก คีบด้วยไม้ตับอันเดียว เชิดภายในโรงให้แสงไฟส่องผ่านตัวหนังสร้างเงาให้ปรากฏบนจอผ้าขาวหน้าโรง ใช้ปี่ กลอง และฆ้องคู่บรรเลงประกอบ ผู้เชิดเป็นผู้พากย์ เรียกว่า หนังตะลุง
ตะลุง 1,น.,จังหวัดพัทลุง เช่น ชาตรีมีแต่ล้วนชาวตะลุง ซัดกันนุงตามถนนแห่กรวดลาว (อิเหนา).
ตะลุง 2,น.,เรียกไม้ท่อนกลม หัวเสากลึงเป็นรูปหัวเม็ดทรงมัณฑ์ ปักเป็นหลักคู่หนึ่ง สำหรับล่ามช้างหรือผูกช้างเครื่องยืนแท่น ว่า เสาตะลุง.
ตะลุ่ม 0,น.,ภาชนะมีเชิงคล้ายพาน แต่ปากคลุ่ม รูปแปดเหลี่ยม สำหรับใส่ของ.
ตะลุ่มนก 0,น.,"ชื่อไม้พุ่มรอเลื้อยชนิด Salacia chinensis L. ในวงศ์ Celastraceae ขึ้นตามป่าดิบ ใบเดี่ยว ออกตรงข้ามกัน ขอบใบจัก ดอกสีเขียวอมเหลือง ใช้ทำยาได้, ตะลุ่มนก หรือ นํ้านอง ก็เรียก."
ตะลุมบอน 0,ก.,"รบประจัญบาน, ต่อสู้กันด้วยอาวุธอย่างชุลมุน, ต่อสู้กันอย่างชุลมุน."
ตะลุ่มโปง 0,น.,ชื่อเพลงไทย อัตรา ๒ ชั้น หน้าทับปรบไก่
ตะลุ่มโปง 1,น.,ชื่อเพลงไทยประเภทเพลงเถา.
ตะลุมพอ 0,น.,ต้นหลุมพอ. (ดู หลุมพอ).
ตะลุมพุก 0,น.,ไม้ท่อนกลม มีด้ามสอดขวางอยู่ตรงกลางคล้ายค้อน แต่ใหญ่กว่ามาก สำหรับตำข้าว
ตะลุมพุก 1,น.,"ไม้ท่อนขนาดเล็กที่มีด้ามสั้น ตัวสั้น สำหรับทุบผ้าให้เรียบ, กระลุมพุก ก็ใช้."
ตะลุมพุก 2,น.,"ชื่อปลาทะเลขนาดกลางชนิด Tenualosa toli (Valenciennes) ในวงศ์ Clupeidae ที่ว่ายเข้านํ้าจืดเพื่อสืบพันธุ์ ลำตัวยาวรี แบนข้างมาก ครีบหางเป็นแฉกลึก ท้องเป็นสันแหลม เกล็ดใหญ่ ขอบเรียบ เกล็ดที่สันท้องเป็นเหลี่ยมคม เรียงต่อกันคล้ายฟันเลื่อย พื้นลำตัวสีเงิน หลังสีนํ้าเงินอมเทา ขนาดยาวได้ถึง ๕๐ เซนติเมตร, กระลุมพุก หรือ ชิขัก ก็เรียก."
ตะลุมพุก 3,น.,"ชื่อไม้ต้นกึ่งไม้พุ่มชนิด Tamilnadia uliginosa (Retz.) Tirveng. et Sastre ในวงศ์ Rubiaceae, กระลำพุก หรือ กระลุมพุก ก็เรียก."
ตะลุ่มอิด 0,น.,"ชื่อไม้พุ่มชนิด Capparis flavicans Kurz ในวงศ์ Capparaceae ขึ้นในป่าเบญจพรรณทั่วไป ลำต้นมีหนาม, กะอิด ตะลุ่มอิด งวงช้าง หรือ งัวเลีย ก็เรียก."
ตะลุย 0,ก.,"เคลื่อนที่เข้าตีหรือบุกดะเข้าไปโดยไม่หยุด เช่น กองทัพตะลุยแดนข้าศึก, ทำอย่างเร่งรีบเพื่อให้ได้มากที่สุด เช่น ตะลุยทำงานให้เสร็จ"
ตะลุย 1,ก.,เที่ยวไป เช่น ตะลุยไปทั่วทุกที่.
ตะลุย 2,ว.,อาการที่ตีหรือบุกดะเข้าไปโดยไม่หยุด เช่น บุกตะลุย
ตะลุย 3,ว.,อาการที่ทำอย่างเร่งรีบเพื่อให้ได้มากที่สุด เช่น อ่านหนังสือตะลุย.
ตะเลง 0,น.,มอญ.
ตะแลงแกง 0,น.,เครื่องหมายกากบาท เช่น หญิงนอกใจผัวจะไถ่โทษโกนตะแลงแกง (สามดวง)
ตะแลงแกง 1,น.,"ทางสี่แยก เช่น จีงล่งชางออกใปยณทางตะแลงแกง (พงศ. ประเสริฐ), ต่อมาเลือนไปหมายถึงที่สำหรับฆ่านักโทษในสมัยโบราณ."
ตะโล้ดโป๊ด 0,น.,"ชื่อกลองสองหน้าชนิดหนึ่ง ยาวประมาณ ๘๐ เซนติเมตร หน้ากว้างประมาณ ๒๐ เซนติเมตร ใช้ตีประกอบการฟ้อนและการเล่นพื้นเมืองทางภาคเหนือ, ใช้ตีคู่กับ กลองแอว."
ตะไล 0,น.,ดอกไม้ไฟชนิดหนึ่ง ทำด้วยกระบอกไม้อ้อหรือไม้ซาง บรรจุดินดำที่ทำด้วยดินประสิว กำมะถัน กับถ่านไม้ และตอกให้แน่น มีรูชนวนสำหรับจุด แล้วประกอบเข้ากับกง.
ตะไล 1,น.,ถ้วยกระเบื้องเล็ก ๆ ชนิดหนึ่ง สำหรับใส่ขนมแล้วนึ่งเป็นต้น เรียกว่า ถ้วยตะไล.
ตะไล 2,น.,ต้นคงคาเดือด. (ดู คงคาเดือด).
ตะวัน 0,น.,ดวงอาทิตย์.
ตะวันขึ้น 0,ก.,"ดวงอาทิตย์โผล่พ้นขอบฟ้า, ตรงข้ามกับ ตะวันตก."
ตะวันชิงพลบ 0,น.,"เวลาจวนค่ำ, เวลาโพล้เพล้."
ตะวันตก 0,ก.,"ดวงอาทิตย์ลับขอบฟ้า, ตรงข้ามกับ ตะวันขึ้น, ตะวันตกดิน ก็เรียก"
ตะวันตก 1,ก.,"เรียกทิศที่ดวงอาทิตย์ลับขอบฟ้า ว่า ทิศตะวันตก, ตรงข้ามกับ ทิศตะวันออก"
ตะวันตก 2,ก.,เรียกลมที่พัดมาจากทิศตะวันตกไปทางทิศตะวันออกในกลางฤดูฝน ว่า ลมตะวันตก
ตะวันตก 3,ก.,"เรียกประเทศที่อยู่ในทวีปยุโรปและอเมริกาว่า ประเทศตะวันตก, เรียกประชาชนโดยเฉพาะพวกผิวขาว ตลอดจนวัฒนธรรมขนบธรรมเนียมประเพณีของประเทศต่าง ๆ ในทวีปยุโรปและอเมริกา ว่า ชาวตะวันตก วัฒนธรรมตะวันตก เป็นต้น."
ตะวันยอแสง 0,ก.,ลักษณะที่ดวงอาทิตย์ลับขอบฟ้า แต่ยังเห็นแสงตะวันจับขอบฟ้าเป็นสีแดงเข้ม.
ตะวันออก 0,ว.,"เรียกทิศที่ดวงอาทิตย์โผล่พ้นขอบฟ้า ว่า ทิศตะวันออก, ตรงข้ามกับ ทิศตะวันตก"
ตะวันออก 1,ว.,เรียกลมที่พัดมาจากทิศตะวันออกไปทางทิศตะวันตกในปลายฤดูฝน ว่า ลมตะวันออก
ตะวันออก 2,ว.,เรียกประชาชนที่อยู่ในทวีปเอเชีย ส่วนมากเป็นพวกผิวเหลือง ว่า ชาวตะวันออก.
ตะวันออกกลาง 0,น.,"กลุ่มประเทศในภูมิภาคตะวันตกเฉียงใต้ของทวีปเอเชีย ซึ่งอยู่ทางทิศตะวันตกของประเทศอินเดียและปากีสถาน และภาคตะวันออกเฉียงเหนือของทวีปแอฟริกา, เดิมหมายรวมถึงประเทศอัฟกานิสถาน ปากีสถาน อินเดีย และพม่า ด้วย."
ตะวันออกใกล้ 0,น.,กลุ่มประเทศในคาบสมุทรบอลข่านของทวีปยุโรปและในภูมิภาคตะวันตกเฉียงใต้ของทวีปเอเชีย ได้แก่ กรีซ เซอร์เบีย มอนเตเนโกร โรมาเนีย แอลเบเนีย ตุรกี เลบานอน ซีเรีย อิสราเอล จอร์แดน ซาอุดีอาระเบีย และประเทศอื่น ๆ ในคาบสมุทรอาหรับ บางทีก็หมายรวมถึงอียิปต์และซูดานด้วย.
ตะวันออกไกล 0,น.,กลุ่มประเทศในภูมิภาคตะวันออกของทวีปเอเชีย ซึ่งอยู่ห่างไกลจากทวีปยุโรปมาก คือ จีน ญี่ปุ่น เกาหลี มองโกเลีย และไซบีเรีย บางทีก็รวมถึงประเทศต่าง ๆ ในภูมิภาคเอเชียตะวันออกเฉียงใต้ คือ พม่า ไทย ลาว กัมพูชา เวียดนาม มาเลเซีย ฟิลิปปินส์ สิงคโปร์ และอินโดนีเซียด้วย.
ตะวันอ้อมข้าว 0,น.,"ลักษณะที่ดวงอาทิตย์ขึ้นจากขอบฟ้าทางทิศตะวันออกเฉียงใต้ โคจรอ้อมลงสู่ขอบฟ้าทางทิศตะวันตกเฉียงใต้ในฤดูหนาว ซึ่งเป็นฤดูเก็บเกี่ยวข้าว, ที่เรียกเช่นนั้น เพราะเชื่อว่าตะวันเลี่ยงไม่ให้ความร้อนเผารวงข้าวที่กำลังสุก และเวลาเก็บเกี่ยวก็ไม่ร้อนมากนัก."
ตะวาง 0,น.,ชื่อหญ้าชนิดหนึ่งคล้ายต้นแขม ขึ้นตามทุ่งนา.
ตะเวน 0,ก.,"ตระเวน, กระเวน หรือ ทะเวน ก็ว่า."
ตะหนึ่งรัด 0,ว.,เป็นใหญ่.
ตะหลิว 0,น.,เครื่องมือทำด้วยเหล็ก ใช้แซะหรือตักของที่ทอดหรือผัดในกระทะ.
ตะหลุง 0,น.,ไม้แก่นเจาะเป็นรูสำหรับฝังหัวดุมท้ายดุมสอดเพลาเพื่อไม่ให้เพลาแกว่ง.
ตะเหลนเป๋น 0,ว.,ใช้ประกอบคำ สูง หรือ ยาว หมายความว่า สูงผิดส่วน ยาวผิดส่วน.
ตะเหลาะเปาะ 0,ว.,"กระเปาะเหลาะ, มีสัณฐานกลมป้อม, กะเหลาะเปาะ ก็ว่า."
ตะแหง่ว 0,ว.,รบเร้าออดอ้อนเรื่อยไปจนน่ารำคาญ.
ตะแหง่ว ๆ 0,ว.,รบเร้าออดอ้อนเรื่อยไปจนน่ารำคาญ.
ตะแหมะแขะ 0,ว.,ใช้ประกอบคำ เตี้ย หมายความว่า เตี้ยผิดส่วน.
ตะแหลนแป๋น 0,ว.,ใช้ประกอบคำ แบน หมายความว่า แบนผิดส่วน.
ตะโหงก 0,น.,เครื่องจองจำอย่างหนึ่ง ใช้ง่ามไม้คาบคอ และมีไม้สกัดขวางข้างหน้าคอ.
ตะโหงก 1,น.,โคนทางมะพร้าวแห้ง
ตะโหงก 2,น.,สิ่งที่นูนโหนกขึ้นจากพื้นราบ เช่น หัวตะโหงกตอไม้
ตะโหงก 3,น.,"ก้อนเนื้อที่ต้นคอของสัตว์บางชนิดเช่นวัว, หนอก ก็ว่า."
ตะโหงก 4,น.,"ไม้รูปโค้งปลายทั้ง ๒ ข้างงอขึ้นเล็กน้อย ใช้พาดคอควายสำหรับลากไถหรือลากเลื่อนเป็นต้น, โกก คอม หรือ ตะโกก ก็เรียก."
ตัก 0,น.,หน้าขาตอนเข่าถึงโคนขาในเวลานั่ง.
ตัก 1,ก.,เอาภาชนะช้อนสิ่งของขึ้นจากที่เดิม เช่น ตักนํ้า ตักแกง ตักดิน.
ตักกะ 0,น.,"ตรรก, ความตรึก, ความคิดอย่างใช้เหตุผล."
ตักตวง 0,ก.,"หาประโยชน์ใส่ตัว, กอบโกยมาเป็นของตนเมื่อมีโอกาส."
ตักเตือน 0,ก.,พูดให้รู้ตัวว่าอย่าทำผิด.
ตั๊กแตน 0,น.,ชื่อแมลงหลายชนิด หลายสกุล และหลายวงศ์ ในอันดับ Orthoptera ลำตัวยาว มีขนาดต่าง ๆ กัน อาจมีปีกหรือไม่มีก็ได้ พวกที่มีปีกจะมี ๒ คู่ ปีกคู่หน้าค่อนข้างหนา ยาวและแคบ คู่หลังบางและกว้างพับอยู่ใต้ปีกคู่หน้า ปากเป็นชนิดกัดกิน ส่วนอกมีลักษณะต่างกันมาก อาจกว้างใหญ่ แคบ ยาว หรือสั้น ขาอาจเหมือนกันหมด หรือมีขาหน้าหรือขาหลังใหญ่กว่าคู่อื่น ๆ เช่น ตั๊กแตนผี [ Aularches miliaris (Linn.)] ในวงศ์ Acrididae ตั๊กแตนตำข้าว เช่น ชนิด Hierodula membranaceusBurmeister ในวงศ์ Mantidae ตั๊กแตนใบไม้ เช่น ชนิด Phyllium pulcherifolium Serville ในวงศ์ Phasmidae และตั๊กแตนกิ่งไม้ เช่น ชนิด Eurycnema versirubra (Serville) ในวงศ์ Phasmidae.
ตักน้ำรดหัวตอ 0,ก.,แนะนำพรํ่าสอนเท่าไรก็ไม่ได้ผล.
ตักน้ำรดหัวสาก 0,ก.,แนะนำพรํ่าสอนเท่าไรก็ไม่ได้ผล.
ตักน้ำใส่กะโหลก ชะโงกดูเงา 0,ก.,ให้รู้จักฐานะของตนและเจียมตัว.
ตักบาตร 0,ก.,เอาของใส่บาตรพระ.
ตักบาตรอย่าถามพระ 0,ก.,จะให้อะไรแก่ผู้ที่เต็มใจรับอยู่แล้ว ไม่ควรถาม.
ตักษณะ 0,น.,เครื่องตัดและกรางสิ่งของ เช่น มีด พร้า บุ้ง ตะไบ
ตักษณะ 1,น.,"การตัด, การปอก, การทอน."
ตักษณี 0,น.,"ผึ่ง, ขวาน."
ตักษัย 0,ก.,"สิ้นชีวิต, ตาย."
ตั่ง 0,น.,ที่สำหรับนั่งหรือวางของ ทรงเตี้ย ไม่มีพนัก พื้นเป็นรูปสี่เหลี่ยมจัตุรัสหรือสี่เหลี่ยมผืนผ้า ตามปรกติมี ๔ ขา.
ตั้ง 0,ก.,"ชูตัว, ชูตัวหรือทำให้ทรงตัวในลักษณะที่ไม่ใช่นอนหรือล้ม, เช่น ขนตั้งชัน ต้นข้าวเอนแล้วกลับตั้งขึ้น ตั้งขวด ตั้งตุ๊กตา"
ตั้ง 1,ก.,"ทรง, ดำรง, เช่น ตั้งอยู่ในคลองธรรม ตั้งอยู่ในศีลในธรรม"
ตั้ง 2,ก.,"ทำให้มีขึ้น, สร้างให้มีขึ้น, เช่น ตั้งตำแหน่งใหม่ ตั้งบ้านตั้งเรือน ตั้งชื่อ"
ตั้ง 3,ก.,ยกฐานะให้สูงขึ้น เช่น ตั้งพระราชาคณะ ตั้งเปรียญ
ตั้ง 4,ก.,กำหนด เช่น ตั้งราคา
ตั้ง 5,ก.,วาง เช่น ตั้งสำรับ
ตั้ง 6,ก.,วางซ้อนกันมาก ๆ เช่น ตั้งหนังสือเป็นกองสูง
ตั้ง 7,ก.,"เริ่ม, เริ่มมี, เช่น ตั้งครรภ์ ตั้งเค้า ตั้งท้อง."
ตั้ง 8,บ.,คำแสดงความหมายว่า มาก หรือ นาน เช่น เสียตั้งร้อย ไปตั้งปี.
ตั้ง 9,น.,"ลักษณนามเรียกของที่วางซ้อนกันมาก ๆ เช่น หนังสือตั้งหนึ่ง หนังสือ ๒ ตั้ง, ครั้ง เช่น มาลองกันดูสักตั้ง."
ตัง 0,น.,ยางไม้ที่ประสมกับสิ่งอื่น แล้วทำให้เหนียวสำหรับดักนกเป็นต้น.
ตัง 1,ว.,เสียงดังอย่างของหนัก ๆ ตกกระทบพื้นแข็ง.
ตั้งกรม 0,ก.,สถาปนาเจ้านายพระองค์ใดพระองค์หนึ่งให้ควบคุมคนหมู่หนึ่ง. (ดู กรม ๓ ประกอบ).
ตังเก 0,น.,ชื่อเรือต่อชนิดหนึ่ง ใช้จับปลาตามชายฝั่งทะเล ทางด้านค่อนมาทางหัวเรือมีเก๋ง ๒ ชั้น ชั้นล่างเป็นที่ติดตั้งเครื่องยนต์ ชั้นบนเป็นที่สำหรับผู้ควบคุมเรือใช้ดูทิศทาง มีเสากระโดง บนเสากระโดงมีแป้นกลมสำหรับคนขึ้นไปยืนสังเกตการณ์ เรียกว่า รังกา ด้านท้ายเรือมีที่สำหรับโรยอวน และด้านหัวเรือมีที่สำหรับกว้านอวน.
ตั้งเข็ม 0,ก.,กำหนดจุดมุ่งหมาย เช่น ล้าต้าต้นหนก็มุ่งมอง ตั้งเข็มส่องกล้องสลัด (ม. ร่ายยาว กุมาร).
ตั้งเข่า 0,ก.,กิริยาที่ผู้รำวางเข่าข้างใดข้างหนึ่งบนพื้น อีกข้างหนึ่งวางเท้าเต็มเท้าไปข้างหน้าลักษณะยกเข่าขึ้น ลำตัวตั้งตรง.
ตั้งไข่ 0,ก.,สอนยืน (ใช้แก่เด็ก).
ตั้งครรภ์ 0,ก.,เริ่มมีครรภ์.
ตั้งเค้า 0,ก.,เริ่มแสดงให้รู้ว่าจะเกิดอะไรขึ้น เช่น ฝนตั้งเค้า.
ตั้งแง่ 0,ก.,"ทำชั้นเชิง, คอยหาเรื่องจับผิด."
ตั้งใจ 0,ก.,มุ่งมั่นที่จะทำ.
ตั้งฉ่าย 0,น.,ผักดองแห้งแบบจีนชนิดหนึ่ง หั่นเป็นชิ้นเล็ก ๆ ใช้ปรุงรสอาหาร.
ตั้งต้น 0,ก.,"เริ่มทำ, ขึ้นต้น."
ตั้งตัว 0,ก.,ตั้งฐานะหรือตั้งหลักฐาน
ตั้งตัว 1,ก.,"ยกย่องตัว, สถาปนาตัว, เช่น ตั้งตัวเป็นหัวหน้า ตั้งตัวเป็นใหญ่."
ตั้งตาคอย 0,ก.,เฝ้าคอย.
ตังตาบอด 0,น.,"ชื่อไม้ต้นชนิด Excoecaria oppositifolia Griff. ในวงศ์ Euphorbiaceae ใช้ทำยาได้ ยางเป็นพิษ, ตังตาบอด ก็เรียก."
ตังติด 0,น.,"ชื่อไม้เถาชนิด Parameria laevigata (Juss.) Moldenke ในวงศ์ Apocynaceae มียางเหนียวคล้ายกาว ใช้ทำยาได้, กระทั่งติด กุมาริกา เครือเขามวก ตังติด หรือ เถามวก ก็เรียก."
ตั้งเต 0,น.,"ชื่อการเล่นของเด็กอย่างหนึ่ง, ต้องเต หรือ จ้องเต ก็ว่า."
ตั้งแต่ 0,บ.,นับจากเวลาหนึ่งหรือสถานที่หนึ่งเป็นต้นไป (มักใช้เข้าคู่กับคำ จนถึง หรือ จนกระทั่ง).
ตั้งแต่ง 0,ก.,"ยกขึ้น, สถาปนา"
ตั้งแต่ง 1,ก.,"จัดแต่ง, ตกแต่ง."
ตั้งโต๊ะ 0,ก.,จัดโต๊ะอาหาร
ตั้งโต๊ะ 1,ก.,จัดโต๊ะหมู่บูชา.
ตั้งท้อง 0,ก.,เริ่มมีท้อง.
ตั้งท้อง 1,ว.,เรียกข้าวที่มีรวงอ่อนอยู่ในลำต้น ว่า ข้าวตั้งท้อง.
ตั้งท่า 0,ก.,วางท่า
ตั้งท่า 1,ก.,"เตรียมตัวพร้อม, คอยทีอยู่."
ตั้งธง 0,ก.,กำหนดไว้ให้เป็นเช่นนั้น.
ตั้งธาตุ 0,ก.,จัดระบบการย่อยอาหารให้เป็นปรกติ.
ตั้งนาฬิกา 0,ก.,เทียบนาฬิกาให้ตรงเวลา.
ตั้งนาฬิกาปลุก 0,ก.,ตั้งเวลาให้นาฬิกาปลุกตามที่ต้องการ.
ตั้งเป้าหมาย 0,ก.,กำหนดจุดมุ่งหมาย เช่น ล้าต้าต้นหนก็มุ่งมอง ตั้งเข็มส่องกล้องสลัด (ม. ร่ายยาว กุมาร).
ตั้งมั่น 0,ก.,ตั้งกองทัพไว้ในที่ใดที่หนึ่งอย่างมั่นคง
ตั้งมั่น 1,ก.,ตั้งใจมั่น.
ตังเม 0,น.,"นํ้าตาลหรือนํ้าอ้อยที่เคี่ยวจนเหนียว, แตงเม ก็ว่า"
ตังเม 1,น.,โดยปริยายหมายความว่า ตระหนี่.
ตั้งรกราก 0,ก.,สร้างฐานะและครอบครัวอยู่ในที่ที่หนึ่ง.
ตั้งวง 0,ก.,กิริยาที่ผู้รำหักนิ้วหัวแม่มือเข้าหาฝ่ามือ นิ้วที่เหลือทั้ง ๔ เรียงชิดติดกัน หักข้อมือขึ้น.
ตังวาย 0,ก.,"ให้, ถวาย."
ตังวาย 1,น.,ของถวาย บางทีเขียนเป็น ดงวาย ก็มี เช่น แต่งกรยาดงวายฃองฝากหมาก(ป)ลามาไหว๋ (จารึกนครชุม).
ตั้งสัตย์ปฏิญาณ 0,ก.,"กล่าวหรือคิดคำปฏิญาณ, ให้สัญญาด้วยความสัตย์."
ตั้งหน้า 0,ก.,มุ่งหน้า
ตั้งหน้า 1,ก.,"ตั้งใจทำ, มุ่งมั่นทำอย่างจริงจัง."
ตั้งหน้าตั้งตา 0,ก.,มุ่งหน้า
ตั้งหน้าตั้งตา 1,ก.,"ตั้งใจทำ, มุ่งมั่นทำอย่างจริงจัง."
ตั้งหลัก 0,ก.,เตรียมพร้อมรับมือ.
ตั้งหัวเรือ 0,ก.,ทำให้เรืออยู่ในทางที่จะไป.
ตั้งอกตั้งใจ 0,ก.,"เอาใจจดจ่อ, มุ่งมั่นที่จะทำให้ได้ดั่งใจ."
ตั้งโอ๋ 0,น.,"ชื่อไม้ล้มลุกชนิด Chrysanthemum coronarium L. ในวงศ์ Compositae ใบเล็กหนา กลิ่นหอม กินได้ เป็นพรรณไม้ต่างประเทศ, งาไซ ก็เรียก."
ตัจฉก 0,น.,ช่างถากไม้.
ตัจฉนี 0,น.,"ผึ่ง, ขวาน."
ตัจวิทยา 0,น.,วิชาว่าด้วยผิวหนัง. (ป. ตจ + ส. วิทฺยา)
ตัณฑุละ 0,น.,ข้าวสาร.
ตัณหักษัย 0,ก.,"สิ้นตัณหา, หมดตัณหา, เช่น แด่ท้าวผู้ตัณหักษัย (ม. คำหลวง วนปเวสน์)."
ตัณหา 0,น.,"ความทะยานอยาก, โดยทั่วไปใช้หมายถึงความใคร่ในกาม."
ตัด 0,ก.,ทำให้ขาดด้วยของมีคม เช่น ตัดกระดาษ ตัดผ้า
ตัด 1,ก.,"ทอน เช่น ตัดฟืนเป็นท่อน ๆ, ทำให้ลดลง, หักออก, เช่น ตัดเงินเดือน ตัดคะแนน, ลัด เช่น เดินตัดทาง"
ตัด 2,ก.,ตัดสิ่งใดสิ่งหนึ่งทำให้เป็นสิ่งสำเร็จรูป เช่น ตัดเสื้อ ตัดรองเท้า.
ตัดกัน 0,ก.,"ขัดกัน, ตรงกันข้ามอย่างสีแสดกับสีครามหรือสีเหลืองกับสีม่วง, (ใช้แก่สี)"
ตัดกัน 1,ก.,ผ่านขวางกัน เช่น ถนนตัดกัน.
ตัดกิเลส 0,ก.,ดับกิเลสได้สิ้นเชิง.
ตัดขาด 0,ก.,เลิกติดต่อคบหากัน.
ตัดใจ 0,ก.,ห้ามใจไม่ให้คิดในเหตุที่เกิดขึ้น.
ตัดช่องน้อยแต่พอตัว 0,ก.,ด่วนตายไปก่อนโดยทิ้งภาระไว้ภายหลัง
ตัดช่องน้อยแต่พอตัว 1,ก.,เอาตัวรอดแต่ผู้เดียว.
ตัดช่องย่องเบา 0,ก.,ลักลอบเข้าไปในบ้านเรือนของผู้อื่นเพื่อขโมยของ.
ตัดเชือก 0,ก.,ตัดความสัมพันธ์ ไม่ยอมให้ความช่วยเหลืออีกต่อไป.
ตัดเชือก 1,น.,การแข่งขันรอบ ๔ คนหรือ ๔ ทีมสุดท้าย.
ตัดญาติขาดมิตร 0,ก.,ตัดขาดจากกัน.
ตัดต้นไฟ 0,ก.,ตัดสิ่งที่เป็นเหตุไม่ให้ลุกลามต่อเนื่องไป.
ตัดต่อ 0,ก.,ตัดฟิล์มภาพยนตร์ เทปบันทึกภาพ เป็นต้น ที่ไม่ติดต่อกัน แล้วนำมาต่อกันเพื่อให้เป็นไปตามที่ต้องการ.
ตัดตอน 0,ก.,แบ่งหรือตัดเอามาบางส่วน เช่น ข้อความนี้ตัดตอนมาจากหนังสือสารานุกรมไทย.
ตัดถนน 0,ก.,สร้างถนน.
ตัดทอน 0,ก.,ทำให้ลดลงหรือทำให้สั้นลง เช่น ตัดทอนอำนาจ.
ตัดทาง 0,ก.,ทำให้หมดช่องทาง เช่น ตัดทางทำมาหากิน
ตัดทาง 1,ก.,ทำให้มีทาง เช่น ตัดทางพอให้ผ่านไปได้.
ตัดบท 0,ก.,พูดให้ยุติเรื่องกัน
ตัดบท 1,ก.,แยกคำออก.
ตัดประเด็น 0,ก.,ตัดข้อความสำคัญบางเรื่องที่หยิบยกขึ้นพิจารณาออก เช่น คดีนี้ตำรวจตัดประเด็นชู้สาวออก.
ตัดเป็นตัดตาย 0,ก.,ตัดขาดจากกันอย่างเด็ดขาด.
ตัดพ้อ 0,ก.,"พูดต่อว่าด้วยความน้อยใจ, พ้อ หรือ ตัดพ้อต่อว่า ก็ใช้."
ตัดไพ่ 0,ก.,แบ่งไพ่เพื่อแจก.
ตัดไฟต้นลม 0,ก.,ตัดต้นเหตุเพื่อไม่ให้เหตุการณ์ลุกลามต่อไป.
ตัดไฟแต่ต้นลม 0,ก.,ตัดต้นเหตุเพื่อไม่ให้เหตุการณ์ลุกลามต่อไป.
ตัดไฟหัวลม 0,ก.,ตัดต้นเหตุเพื่อไม่ให้เหตุการณ์ลุกลามต่อไป.
ตัดไม้ข่มนาม 0,ก.,ทำพิธีทางไสยศาสตร์ก่อนออกสงคราม โดยหาไม้ที่มีชื่อเหมือนหรือสำเนียงคล้ายชื่อข้าศึกมาตัดให้ขาดเพื่อเอาชัย.
ตัดไม้ข่มนาม 1,น.,เรียกพิธีกรรมอย่างนั้นหรือที่มีลักษณะคล้ายคลึงเช่นนั้น ว่า พิธีตัดไม้ข่มนาม.
ตัดรอน 0,ก.,"ตัดไมตรี, ตัดความสัมพันธ์."
ตัดราคา 0,ก.,ลดราคาให้ตํ่ากว่าคู่แข่งขัน.
ตัดรำคาญ 0,ก.,ทำให้ความรำคาญหมดไป เช่น เขามาเคี่ยวเข็ญให้ซื้อของอยู่นานจนต้องซื้อเพื่อตัดรำคาญ.
ตัดสิน 0,ก.,ลงความเห็นชี้ขาด.
ตัดสินใจ 0,ก.,ตกลงใจ.
ตัดเส้น 0,ก.,แต่งเส้นริมภาพทำให้ดูเด่นชัดและเรียบร้อยขึ้น.
ตัดหนทาง 0,ก.,ทำให้หมดช่องทาง เช่น ตัดทางทำมาหากิน
ตัดหนทาง 1,ก.,ทำให้มีทาง เช่น ตัดทางพอให้ผ่านไปได้.
ตัดหน้า 0,ก.,ชิงทำเสียก่อน
ตัดหน้า 1,ก.,ผ่านหน้าในระยะกระชั้นชิด เช่น วิ่งตัดหน้ารถ.
ตัดหน้าฉาน 0,ก.,ผ่านหน้าที่ประทับในระยะใกล้.
ตัดหนามอย่าไว้หน่อ ฆ่าพ่ออย่าไว้ลูก 0,ก.,ทำลายให้หมดสิ้น ไม่ให้เหลือลูกหลานไว้สืบเชื้อสาย.
ตัดหัวคั่วแห้ง 0,ก.,ฆ่าให้ตายเพื่อให้หายแค้น.
ตัดหางปล่อยวัด 0,ก.,ตัดขาดไม่เกี่ยวข้อง ไม่เอาเป็นธุระอีกต่อไป.
ตัตว- 0,น.,"ความเป็นอย่างนั้น, ความเป็นจริง."
ตัตวศาสตร์ 0,น.,วิชาว่าด้วยความจริง.
ตัถย์ 0,น.,"ความเป็นอย่างนั้น, ความจริง."
ตัถย์ 1,ว.,เป็นอย่างนั้นจริง.
ตัน 0,ว.,"ไม่กลวง, ไม่ทะลุตลอด, เช่น ซอยตัน ตรอกตัน ท่อตัน"
ตัน 1,ว.,"โดยปริยายหมายความว่า ติดขัด, ไม่มีทางออก, เช่น ตำแหน่งตัน, ไม่ปลอดโปร่ง เช่น สมองตัน."
ตัน 2,น.,"มาตรานํ้าหนักและมาตราวัด มีหลายอัตราแล้วแต่วัตถุที่ใช้ คือ ๑. เมตริกตัน มาตราชั่งเท่ากับนํ้าหนัก ๑,๐๐๐ กิโลกรัม หรือ หาบหลวง หรือเป็นมาตราวัดเท่ากับ ๑.๑๓ ลูกบาศก์เมตร หรือ ๔๐ ลูกบาศก์ฟุต. ๒.ตันระวางเรือ ถ้าคำนวณระวางบรรทุกสินค้าและห้องทั่วไป เรียก ตันกรอส, ถ้าคำนวณเฉพาะบรรทุกสินค้า เรียก ตันเน็ต, และถ้าคำนวณนํ้าหนักทั้งลำเรือเช่นเรือรบ เรียก ตันระวางขับน้ำ, ทั้ง ๓ นี้วัด ๑๐๐ ลูกบาศก์ฟุต เป็นตันหนึ่งเช่นเดียวกัน. ๓. ตันระวางบรรทุกอื่น ๆ ถ้าของหนักคิด ๑,๐๑๖.๐๔๗ กิโลกรัม เป็นตันหนึ่ง ถ้าเป็นของเบาคิดวัด ๑.๑๓ ลูกบาศก์เมตร หรือ ๔๐ ลูกบาศก์ฟุต เป็นตันหนึ่ง."
ตันคอหอย 0,ก.,พูดไม่ออกด้วยความดีใจหรือเสียใจ.
ตันตระ 0,น.,"ส่วนสำคัญ, หัวข้อ, คำสอน."
ตันตระ 1,น.,ชื่อนิกายหนึ่งในศาสนาฮินดู ว่าด้วยพิธีกรรมเพื่อบูชาพระอุมาและพระศิวะ.
ตันติ 0,น.,แบบแผน
ตันติ 1,น.,"เชือก, เส้นด้าย, สายเชือก."
ตันติภาษา 0,น.,ภาษาที่มีแบบแผน เช่น ภาษาบาลี ภาษาสันสกฤต ภาษาละติน ภาษากรีก.
ตันปัญญา 0,ก.,"จนปัญญา, คิดอะไรไม่ออก."
ตันหยง 0,น.,ดอกพิกุล. (จินดามณี). (ช. bunga tanjong ว่า ดอกพิกุล).
ตันหยง 1,น.,ชื่อไม้ต้นขนาดเล็กชนิด Caesalpinia coriaria (Jacq.) Willd. ในวงศ์ Leguminosae ดอกเล็ก สีขาว กลิ่นหอม.
ตันเหิม 0,ก.,"รื่นเริง, บันเทิงใจ."
ตันอกตันใจ 0,ก.,"อึดอัดใจ, ตัดสินใจไม่ถูก."
ตับ 0,น.,อวัยวะประเภทต่อมของระบบทางเดินอาหารของคนและสัตว์ อยู่ในช่องท้อง ทำหน้าที่ทำลายพิษ สร้างนํ้าดีและโปรตีนบางชนิด เป็นต้น.
ตับ 1,น.,ไม้สำหรับหนีบปลาหรือไก่เป็นต้นปิ้งไฟ
ตับ 2,น.,เรียกของที่ผูก ตั้ง หรือวางเรียงกันเป็นแถว เช่น ตับพลุ ตับลูกปืน
ตับ 3,น.,ลักษณนามเรียกของที่เรียงกันเป็นแถว เช่น ปลาย่างตับหนึ่ง พลุ ๒ ตับ.
ตับแข็ง 0,น.,ชื่อโรคเรื้อรังที่เกิดแก่ตับ ทำให้เนื้อเยื่อของตับหดตัวและมีจำนวนน้อยลง ส่วนเนื้อเยื่อยึดต่อมีจำนวนมากขึ้นผิดปรกติ มักทำให้เกิดอาการบวมที่ท้อง ตาเหลือง ซึม หมดสติ และอาเจียนเป็นโลหิต.
ตับจาก 0,น.,ใบจากที่พับทบกับแกนไม้ไผ่ โดยเรียงซ้อนกันเป็นแผง แล้วเย็บด้วยหวาย ตากให้แห้ง ใช้มุงหลังคาเป็นต้น.
ตับเต่า 0,น.,"ชื่อไม้นํ้าชนิด Mimulus orbicularis Benth. ในวงศ์ Scrophulariaceae ใบกลม ดอกสีม่วงอ่อน ใบใช้เป็นผัก, ผักอีแปะ ก็เรียก."
ตับเต่า 1,น.,ชื่อไม้นํ้าชนิด Hydrocharis dubia (Blume) Backer ในวงศ์ Hydrocharitaceae ลำต้นกลม ดอกสีขาว ใบกินได้.
ตับเต่า 2,น.,ชื่อเห็ดหลายชนิดหลายสกุล ในวงศ์ Boletaceae ขึ้นตามพื้นดินใต้พุ่มไม้ยืนต้นหลายชนิด ดอกเห็ดใหญ่ สีนํ้าตาลเข้ม ด้านล่างมีรูสีเหลืองอมเขียวหม่นไปจนถึงสีนํ้าตาลอมเขียวหม่น โคนก้านใหญ่ กินได้.
ตับเต่า 3,น.,"ชื่อแมลงพวกด้วง ในวงศ์ Dytiscidae ส่วนใหญ่ปีกสีดำ ขอบปีกมีแถบสีน้ำตาล ขาคู่หลังแบน มีขน และยาวกว่าขาคู่อื่น บินได้ ว่ายน้ำได้ดี เมื่ออยู่ตามผิวน้ำมักดิ่งหัวลงน้ำ กินแมลงขนาดเล็กหรือลูกปลา ที่พบบ่อย เช่น ชนิด Cybister limbatus (Fabricius) ลำตัวยาวประมาณ ๓ เซนติเมตร, ด้วงดิ่ง ก็เรียก."
ตับเต่าขาว 0,น.,เห็ดตับเต่าขาว. [ดู จั่น ๕ (๒)].
ตับปิ้ง 0,น.,"เครื่องปิดของลับของเด็กหญิง ทำด้วยเงินหรือนาก เป็นต้น, กระจับปิ้ง จะปิ้ง จับปิ้ง หรือ ตะปิ้ง ก็เรียก."
ตับเป็ด 0,น.,"ชื่อหินชนิดหนึ่งสีดำ เนื้อแข็ง, เรียกสีดำเจือแดง ว่า สีตับเป็ด หรือ ดำตับเป็ด."
ตับเป็ด 1,น.,ชื่อมะม่วงพันธุ์หนึ่งของชนิด Mangifera indica L. ผลค่อนข้างแบน เนื้อแน่น.
ตับเพลง 0,น.,ชุดเพลงที่นำมารวมบรรเลงและขับร้องติดต่อกันโดยเสียงต่อเนื่อง ระหว่างเพลงมักมีระดับเสียงกลมกลืนกัน มีทั้งอัตราเดียวกันและอัตราผสม ตับหนึ่งบรรเลงประมาณ ๓-๑๐ เพลง เช่น ตับลาวเจริญศรี.
ตับเรื่อง 0,น.,เพลงที่นำมารวมบรรเลงและขับร้องติดต่อกันโดยที่บทร้องเป็นเรื่องเดียวกันและดำเนินไปโดยลำดับ มีทั้งอัตราเดียวกันและอัตราผสม เช่น ตับนางลอย ตับนาคบาศ.
ตับแลบ 0,ว.,มีอาการเหนื่อยมาก เช่น วิ่งเสียจนตับแลบ.
ตับเหล็ก 0,น.,ม้ามของหมู.
ตับอ่อน 0,น.,อวัยวะประเภทต่อมของระบบทางเดินอาหารของคนและสัตว์ อยู่ในช่องท้อง ทำหน้าที่สร้างและขับนํ้าย่อยอาหาร สร้างฮอร์โมน เช่น อินซูลิน.
ตั๋ว 0,น.,บัตรบางอย่างที่แสดงสิทธิของผู้ใช้ เช่น ตั๋วรถ ตั๋วภาพยนตร์.
ตัว 0,น.,"รูป, ตน, ตนเอง, คำใช้เรียกแทนคน สัตว์ และสิ่งของบางอย่าง เช่น ตัวละคร ตัวหนังสือ"
ตัว 1,น.,ลักษณนามใช้เรียกสัตว์และสิ่งของบางอย่าง เช่น ม้า ๕ ตัว ตะปู ๓ ตัว เสื้อ ๒ ตัว
ตัว 2,น.,ใช้เรียกผู้ที่ตนพูดด้วยในฐานะคนเสมอกันที่สนิทกัน เช่น ตัวจะไปไหม.
ตัว 3,น.,"จำนวนเลขที่ใช้ในการคำนวณหาคำตอบตามวิธีการทางคณิตศาสตร์ เช่น ตัวบวก ตัวลบ ตัวคูณ ตัวหาร, ลักษณนามใช้เรียกตัวเลข เช่น เลขท้าย ๒ ตัว."
ตัวกระแอม 0,น.,ลายที่ผูกเป็นตัวลอย ๆ อยู่ในรูปทรงสี่เหลี่ยมขนมเปียกปูน คล้ายลายกระหนกหางโต ใช้สำหรับอุดหรือปิดช่องไฟระหว่างปลายกระหนกเครือวัลย์ เรียกว่า ลูกกระแอม หรือ ตัวกระแอม.
ตัวกลั่น 0,น.,ผู้ที่เลือกสรรแล้ว.
ตัวกลาง 0,น.,สิ่งที่แสงหรือเสียงหรือคลื่นแม่เหล็กไฟฟ้าต้องเคลื่อนที่ผ่าน.
ตัวการ 0,น.,ผู้ก่อเหตุ
ตัวการ 1,น.,ในทางอาญาหมายถึง บุคคลตั้งแต่ ๒ คนขึ้นไป ซึ่งร่วมกระทำความผิดด้วยกัน
ตัวการ 2,น.,ในทางแพ่งหมายถึง บุคคลซึ่งมอบอำนาจโดยตรงหรือโดยปริยายให้บุคคลอีกคนหนึ่งทำการแทนตน.
ตัวเก็ง 0,น.,ผู้ ตัว หรือสิ่งที่คาดหมายไว้อย่างมั่นใจ.
ตัวคูณร่วมน้อย 0,น.,"จำนวนเต็มบวกที่มีค่าน้อยที่สุดซึ่งนำจำนวนเต็มบวกอื่น ๆ ตั้งแต่ ๒ จำนวนขึ้นไปมาหาร แล้วจะได้ผลลัพธ์ลงตัวพอดี เช่น ๗๐ เป็นตัวคูณร่วมน้อยของ ๑๔ และ ๓๕, ใช้อักษรย่อว่า ค.ร.น."
ตัวโค 0,น.,"ชื่อหนึ่งของดาวฤกษ์อารทรา มี ๑ ดวง, ดาวตาสำเภา ดาวอัททา ก็เรียก."
ตัวใครตัวมัน 0,ว.,"ต่างคนต่างเอาตัวรอดหรือรับผิดชอบตัวเอง เช่น นักพนันพอเห็นตำรวจมาก็วิ่งตัวใครตัวมัน อาหารมื้อเย็นวันนี้ตัวใครตัวมันนะ, ไม่เกี่ยวข้องหรือช่วยเหลือกัน เช่น สังคมเมืองหลวงอยู่กันอย่างตัวใครตัวมัน."
ตัวเงิน 0,น.,เงินสด.
ตั๋วเงิน 0,น.,หนังสือตราสารซึ่งสั่งให้จ่ายเงินหรือสัญญาว่าจะจ่ายเงินตามกฎหมาย มี ๓ ประเภท คือ ตั๋วแลกเงิน ตั๋วสัญญาใช้เงิน และเช็ค.
ตั๋วเงินคลัง 0,น.,ตั๋วเงินซึ่งออกโดยกระทรวงการคลัง เพื่อเป็นหลักฐานการกู้เงินระยะสั้นของรัฐบาล.
ตั๋วเงินจ่าย 0,น.,ตั๋วแลกเงินของฝ่ายลูกหนี้ที่ต้องใช้เงินตามสัญญา ลงบัญชีในช่องหนี้สิน.
ตัวเงินตัวทอง 0,น.,เหี้ย.
ตัวเงินตัวทอง 1,น.,"ชื่อสัตว์เลื้อยคลานขนาดใหญ่ชนิด Varanus salvator (Laurenti) ในวงศ์ Varanidae เป็นสัตว์สกุลเดียวกับตะกวด โตเต็มวัยยาวได้ถึง ๒.๕ เมตร ตัวอ้วนใหญ่สีน้ำตาลเข้ม มีลายดอกสีเหลืองพาดขวาง หางยาว อาศัยและหากินบริเวณใกล้นํ้า, ตัวเงินตัวทอง หรือ แลน ก็เรียก."
ตั๋วเงินรับ 0,น.,ตั๋วแลกเงินของฝ่ายเจ้าหนี้ที่จะได้รับเงินตามสัญญา ลงบัญชีในช่องทรัพย์สิน.
ตัวจักรใหญ่ 0,น.,บุคคลซึ่งเป็นสมองหรือเป็นหัวหน้าในการดำเนินกิจการ.
ตัวจำนำ 0,น.,ตัวแทนที่ให้อยู่เป็นประกันในความซื่อตรงมั่นคงของผู้เป็นหัวหน้าหรือประมุข.
ตั๋วจำนำ 0,น.,ใบรับรองว่าได้นำสิ่งของมาจำนำไว้.
ตัวจี๊ด 0,น.,"ชื่อพยาธิตัวกลมชนิด Gnathostoma spinigerum Owen ในวงศ์ Gnathostomatidae ลำตัวสีแดง ยาว ๑๐-๕๐ มิลลิเมตร ตัวเต็มวัยพบในกระเพาะของสุนัข แมว และเสือ ตัวอ่อนพบในปลา ไก่ กบ หรือสัตว์เลื้อยคลาน ติดต่อถึงคนได้ เมื่อกินเนื้อสัตว์เหล่านี้ที่ยังดิบซึ่งมีตัวอ่อนของพยาธิชนิดนี้อยู่ ตัวอ่อนเมื่ออยู่ในคนสามารถเคลื่อนตัวไปตามเนื้อเยื่อส่วนต่าง ๆ ได้ อาจเป็นตุ่มนูนขึ้นมาตามผิวหนัง ทำให้บวมและปวด, หนอนด้น ก็เรียก."
ตัวเชิด 0,น.,ผู้ที่ถูกใช้ให้ออกหน้าแทน.
ตัวดี 0,น.,"ตัวสำคัญ, ตัวต้นเหตุ, (มักใช้ในเชิงประชด)."
ตัวตลก 0,น.,"ผู้แสดงที่ทำให้ผู้ชมขบขัน, โดยปริยายหมายถึงผู้ที่คนอื่นหัวเราะเยาะ."
ตัวต่อตัว 0,น.,หนึ่งต่อหนึ่ง (มักใช้ในการต่อสู้).
ตัวตั้ง 0,น.,คำตั้ง.
ตัวตั้ง 1,น.,จำนวนเลขที่ตั้งไว้ก่อนสำหรับบวกลบคูณหาร.
ตัวตั้งตัวตี 0,น.,"ผู้เป็นหัวเรี่ยวหัวแรงในการทำกิจกรรมต่าง ๆ, ผู้ที่ตั้งตัวเป็นหัวหน้าในการทำงาน."
ตัวตายตัวแทน 0,น.,ผู้ที่รับช่วงทำงานติดต่อกันไปไม่ขาดตอน.
ตัวตืด 0,น.,"ชื่อพยาธิหลายชนิดหลายวงศ์ ในชั้น Cestoda ตัวแบนเป็นปล้องเรียงต่อกันเป็นแถบยาว หัวมีอวัยวะใช้เกาะยึด ถัดมาลำตัวเป็นปล้อง จำนวนปล้องแตกต่างกันไป มีตั้งแต่ ๒-๓ ปล้อง จนถึง ๑,๐๐๐ ปล้อง ปล้องท้ายสุดเกิดก่อน ปล้องถัดจากคอเกิดหลังสุด มักอาศัยดูดอาหารในลำไส้ของมนุษย์และสัตว์มีกระดูกสันหลัง ทำให้เป็นโรคโลหิตจาง ถ้ามีจำนวนมากจะไปกั้นทางเดินอาหาร ทำให้ปวดท้องอย่างรุนแรง ชนิดที่อยู่ในคน เช่น ชนิด Taenia solium Linn. ซึ่งตัวอ่อน เรียก เม็ดสาคู อยู่ในเนื้อหมู ชนิด T. saginata Goeze ซึ่งตัวอ่อนอยู่ในเนื้อวัว, ทั้ง ๒ ชนิดอยู่ในวงศ์ Taeniidae และเป็นพยาธิในลำไส้เล็กของมนุษย์และสัตว์เลี้ยงลูกด้วยนมบางชนิด."
ตัวเต็ง 0,น.,ตัวที่มีนํ้าหนักในการคาดหมายว่าจะชนะมากกว่าตัวอื่น ๆ.
ตัวถัง 0,น.,ส่วนของรถยนต์ที่ใช้รับน้ำหนักบรรทุก มี ๒ ประเภท คือ ตัวถังแบบมีโครงแชสซี และตัวถังแบบไม่มีโครงแชสซี.
ตั๋วทนาย 0,น.,ใบอนุญาตให้เป็นทนายความ.
ตัวแทน 0,น.,ผู้ที่ได้รับมอบให้ทำการแทนบุคคลอื่น
ตัวแทน 1,น.,ชื่อสัญญาซึ่งให้บุคคลคนหนึ่ง เรียกว่า ตัวแทน มีอำนาจทำการแทนบุคคลอีกคนหนึ่ง เรียกว่า ตัวการ และตัวแทนตกลงจะทำการนั้น
ตัวแทน 2,น.,บุคคลผู้มีอำนาจทำการแทนบุคคลอื่นตามกฎหมาย.
ตัวแทนขายตรง 0,น.,บุคคลซึ่งได้รับมอบอำนาจจากผู้ประกอบธุรกิจขายตรงให้นำสินค้าหรือบริการไปเสนอขายตรงต่อผู้บริโภค.
ตัวแทนค้าต่าง 0,น.,บุคคลซึ่งในทางค้าขาย ทำการซื้อ หรือขายทรัพย์สิน หรือรับจัดทำกิจการค้าอย่างอื่นในนามของตนเองต่างตัวการ.
ตัวแทนช่วง 0,น.,บุคคลซึ่งได้รับแต่งตั้งจากตัวแทนอีกต่อหนึ่งให้กระทำการแทนตัวการ.
ตัวแทนเชิด 0,น.,บุคคลที่ตัวการเชิดให้ออกแสดงเป็นตัวแทนของตน หรือตัวการรู้แล้วยอมให้บุคคลนั้นเชิดตัวเองออกแสดงเป็นตัวแทน.
ตัวแทนประกันชีวิต 0,น.,ผู้ซึ่งบริษัทประกันชีวิตหรือสาขาของบริษัทประกันชีวิตต่างประเทศมอบหมายให้ทำการชักชวนให้บุคคลทำสัญญาประกันชีวิตกับบริษัท.
ตัวแทนประกันวินาศภัย 0,น.,ผู้ซึ่งบริษัทประกันวินาศภัยหรือสาขาของบริษัทประกันวินาศภัยต่างประเทศมอบหมายให้ทำการชักชวนให้บุคคลทำสัญญาประกันภัยกับบริษัท.
ตัวนาง 0,น.,ผู้แสดงละครรำ ระบำ ลิเก โขน หรือละคร มีเครื่องแต่งตัวและใช้ลีลาท่ารำแบบหญิง.
ตัวนำ 0,น.,สารที่กระแสไฟฟ้าหรือความร้อนผ่านไปได้ง่าย.
ตัวประกอบ 0,น.,ผู้แสดงบทบาทไม่สำคัญในภาพยนตร์ ละคร เป็นต้น.
ตัวประกอบ 1,น.,จำนวนที่เมื่อคูณกันแล้วทำให้เกิดอีกจำนวนหนึ่ง เช่น ๒ x ๓ = ๖ จำนวน ๒ และ ๓ ต่างเป็นตัวประกอบของ ๖.
ตัวประกัน 0,น.,บุคคลที่ถูกยึดตัวไว้เพื่อใช้ต่อรอง.
ตัวปลิง 0,น.,"เหล็กปลายแหลม ๒ ข้าง รูปคล้ายตัว U หรือเขี้ยวของตะขาบ สำหรับตอกเพลาะกระดานยึดให้แน่นสนิท, เขี้ยวตะขาบ ตะปลิง หรือ ปลิง ก็เรียก."
ตัวเป็นเกลียว 0,ว.,อาการที่ทำงานอย่างขยันขันแข็งมากจนไม่มีเวลาได้พักผ่อน
ตัวเป็นเกลียว 1,ว.,แสดงกิริยาท่าทางด้วยความรู้สึกรุนแรง เช่น เมื่อนั้น โฉมนางตะเภาทองผ่องใส ทั้งนางตะเภาแก้วแววไว ครั้นได้ข่าวผัวตัวเป็นเกลียว จึงว่าดูเอาหรือเจ้าไกร ว่าจะไปหาครูสักประเดี๋ยว มิรู้ช่างโป้ปดลดเลี้ยว ไปเที่ยวเกี้ยวชู้แล้วพามา (ไกรทอง).
ตัวเปล่า 0,ว.,"ยังไม่มีครอบครัว เช่น ฉันยังตัวเปล่าอยู่, ตัวเปล่าเล่าเปลือย ก็ว่า, ลำพังตัวไม่ได้มีอะไรมาด้วย เช่น มาตัวเปล่า เดินตัวเปล่า."
ตัวเปล่าเล่าเปลือย 0,ว.,"ยังไม่มีครอบครัว เช่น เธอไม่ใช่คนตัวเปล่าเล่าเปลือยนะ, ตัวเปล่า ก็ว่า, ไร้ญาติขาดมิตร เช่น เขาเป็นคนตัวเปล่าเล่าเปลือย."
ตัวแปร 0,น.,จำนวนจริงหรือจำนวนเชิงซ้อนที่มีค่าได้หลาย ๆ ค่าในช่วงหรือเซตที่กำหนดให้.
ตัวผู้ 0,น.,เพศผู้ (ใช้เฉพาะสัตว์และพืชบางชนิด) เช่น แมวตัวผู้ เสลดพังพอนตัวผู้
ตัวผู้ 1,น.,"เรียกสิ่งของบางอย่างที่มีรูปแหลมยาว เช่น เกลือตัวผู้, เรียกสิ่งที่มีเดือยสำหรับสอด เช่น นอตตัวผู้, เรียกต้นไม้ต้นที่ไม่มีผลตลอดไป เช่น มะละกอตัวผู้."
ตั้วโผ 0,น.,"หัวหน้าคณะมหรสพ มีละคร งิ้ว เป็นต้น, โต้โผ ก็เรียก."
ตัวพระ 0,น.,ผู้แสดงละครรำ ระบำ ลิเก โขน หรือละคร มีเครื่องแต่งตัวและใช้ลีลาท่ารำแบบชาย.
ตัวพิมพ์ 0,น.,ตัวอักษรที่หล่อด้วยตะกั่วใช้เรียงพิมพ์ มีหลายชนิด เช่น ตัวโป้ง ตัวฝรั่งเศส
ตัวพิมพ์ 1,น.,เรียกตัวพิมพ์ใหญ่ในภาษาอังกฤษ.
ตัวเมีย 0,น.,เพศเมีย (ใช้เฉพาะสัตว์และพืชบางชนิด) เช่น แมวตัวเมีย เสลดพังพอนตัวเมีย
ตัวเมีย 1,น.,เรียกสิ่งของบางอย่างที่มีรูหรือขอรับให้สิ่งอื่นเกาะหรือสอดเข้าได้ เช่น นอตตัวเมีย.
ตัวเมือง 0,น.,ย่านใจกลางเมือง มักมีแม่นํ้าหรือกำแพงล้อมรอบ.
ตัวไม้ 0,น.,ไม้เครื่องเรือนที่ปรุงไว้เพื่อคุมกันเข้าเป็นเรือน.
ตัวไม้ 1,น.,ตัวพิมพ์ขนาดใหญ่ ใช้พาดหัวหนังสือพิมพ์.
ตัวยืน 0,น.,นักกีฬาหรือทีมกีฬาที่ถูกกำหนดให้เป็นตัวหลัก สำหรับให้คนอื่นหรือทีมอื่นมาเป็นคู่ชิงตำแหน่ง
ตัวยืน 1,น.,"ผู้ที่เป็นหลักในการงานอย่างใดอย่างหนึ่ง, ตัวยืนโรง หรือ ตัวยืนพื้น ก็ว่า."
ตั๋วรูปพรรณ 0,น.,เอกสารแสดงตำหนิรูปพรรณสัตว์พาหนะ.
ตัวละคร 0,น.,ผู้มีบทบาทในวรรณกรรมประเภทละคร นวนิยาย เรื่องสั้น และเรื่องแต่งประเภทต่าง ๆ.
ตัวเลข 0,น.,สัญลักษณ์ที่ใช้แทนจำนวนจริง เช่น ๑๒ 53 VIII.
ตั๋วแลกเงิน 0,น.,หนังสือตราสารซึ่งบุคคลคนหนึ่ง เรียกว่า ผู้สั่งจ่าย สั่งบุคคลอีกคนหนึ่ง เรียกว่า ผู้จ่าย ให้ใช้เงินจำนวนหนึ่งแก่บุคคลคนหนึ่ง หรือให้ใช้ตามคำสั่งของบุคคลคนหนึ่งซึ่งเรียกว่า ผู้รับเงิน.
ตัวสะกด 0,น.,พยัญชนะท้ายคำหรือพยางค์ที่ทำหน้าที่บังคับเสียงให้เป็นไปตามมาตราต่าง ๆ เช่น น เป็นตัวสะกดในมาตรากน.
ตั๋วสัญญาใช้เงิน 0,น.,หนังสือตราสารซึ่งบุคคลคนหนึ่งเรียกว่า ผู้ออกตั๋ว ให้คำมั่นสัญญาว่าจะใช้เงินจำนวนหนึ่งให้แก่บุคคลอีกคนหนึ่ง หรือใช้ให้ตามคำสั่งของบุคคลอีกคนหนึ่ง เรียกว่า ผู้รับเงิน.
ตัวสำคัญ 0,น.,ตัวร้าย เช่น เด็กคนนี้แหละตัวสำคัญนัก ชอบรังแกเพื่อน.
ตัวสำรอง 0,น.,ผู้กำหนดตัวไว้ให้ทำการแทนเมื่อตัวจริงไม่ว่าง เจ็บป่วย หรือสละสิทธิ์ เช่น นักกีฬาตัวจริงป่วยกะทันหัน ต้องให้ตัวสำรองเล่นแทน.
ตั้วสิว 0,ก.,ซ่อมแซม เช่น ต้องตั้วสิวสำเภาเอาเข้าอู่ (เพลงยาวของกรมหลวงภูวเนตรนรินทรฤทธิ์).
ตัวหนังสือ 0,น.,สัญลักษณ์แทนเสียงหรือคำพูด.
ตัวหารร่วมมาก 0,น.,"จำนวนเต็มบวกที่มีค่ามากที่สุดซึ่งนำไปหารจำนวนเต็มบวกอื่น ๆ ตั้งแต่ ๒ จำนวนขึ้นไปได้ลงตัวพอดี เช่น ๗ เป็นตัวหารร่วมมากของ ๑๔ และ ๓๕, ใช้อักษรย่อว่า ห.ร.ม."
ตั้วเหี่ย 0,น.,"ตำแหน่งหัวหน้าอั้งยี่, อั้งยี่."
ตัวอย่าง 0,น.,สิ่งที่นำมาอ้างเพื่อแสดงให้เห็นลักษณะที่เป็นส่วนรวมทั้งหมด เช่น ยกตัวอย่าง.
ตัวอย่าง 1,ว.,"ที่แสดงแบบอย่างหรือคุณภาพเป็นต้นแทนส่วนทั้งหมดของสิ่งนั้น ๆ เช่น ของตัวอย่าง, ที่ทำให้เห็นเป็นแบบอย่างที่ดี เช่น ครูตัวอย่าง นาตัวอย่าง."
ตัวเอ้ 0,น.,หัวโจก.
ตัวเอก 0,น.,ผู้ที่มีบทบาทเด่นในเรื่องลิเก ละคร เป็นต้น.
ตัวเอง 0,น.,สรรพนามบุรุษที่ ๑ และบุรุษที่ ๒.
ตั้วเฮีย 0,น.,ชายที่ได้รับการยกย่องให้เป็นหัวหน้าหรือพี่ใหญ่ของกลุ่ม.
ตา 0,น.,"พ่อของแม่, ผัวของยาย, ชายที่เป็นญาติชั้นเดียวกับพ่อของแม่หรือที่อายุรุ่นราวคราวเดียวกับตา, (ปาก) คำเรียกชายสูงอายุที่ตนไม่ค่อยเคารพนับถือ เช่น ตาเถร ตาแก่ หรือเรียกชายรุ่นราวคราวเดียวกันอย่างเป็นกันเอง เช่น ตาเกิ้น ตาโย่ง หรือเรียกเด็กชายที่ตนเอ็นดูรักใคร่ เช่น ตาหนู."
ตา 1,น.,ส่วนหนึ่งของร่างกายคนและสัตว์ ทำหน้าที่ดู
ตา 2,น.,"ส่วนหนึ่งของต้นไม้ตรงที่แตกกิ่ง, รอยของต้นไม้ตรงที่เคยแตกกิ่ง"
ตา 3,น.,ช่องที่เกิดจากการถัก สาน หรือลากเส้นผ่านกัน เช่น ตาร่างแห ตาตะแกรง ตาตาราง
ตา 4,น.,คราว เช่น ตานี้ ถึงตาฉันบ้างละนะ
ตา 5,น.,เรียกลายที่เป็นตาตามรูปต่าง ๆ ตามลักษณะของสิ่งของ เช่น ตาสมุก ตาราชวัติ ตาเมล็ดงา ตาเม็ดบัว ตาหมากรุก.
ตาก 0,ก.,"ผึ่งให้แห้ง เช่น ตากผ้า, ปล่อยทิ้งไว้กลางแจ้ง เช่น ตากแดด ตากฝน"
ตาก 1,ก.,"ตรำ, สู้ทน, เช่น เดินตากฝน นอนตากยุง."
ตาก 2,ว.,ที่ผึ่งแดดจนแห้ง เช่น ข้าวตาก กล้วยตาก
ตาก 3,ว.,เรียกหลังคาเรือนที่ชันน้อย ว่า หลังคาตาก.
ตาก 4,ว.,"ห่าง, แบะออก, เช่น ควายเขาตาก คือ ปลายเขาไม่รวมเข้าหากัน."
ตากตน 0,ก.,"นอนแผ่, นอนหงาย, เช่น ผลักให้ตากตนอยียด ชรดียดด้าวดิ้นดรนอนอยู่แล (ม. คำหลวง กุมาร)."
ตากบ 0,ว.,"มีลักษณะคล้ายตาของกบ ใช้เปรียบข้าวที่หุงดิบ ๆ สุก ๆ, ตากบตาเขียด ก็เรียก."
ตากบ 1,น.,เทียนตากบ. (ดู เทียนตากบ ที่ เทียน ๓).
ตากบตาเขียด 0,ว.,"มีลักษณะคล้ายตาของกบ ใช้เปรียบข้าวที่หุงดิบ ๆ สุก ๆ, ตากบ ก็เรียก."
ตากล้อง 0,น.,ผู้ทำหน้าที่ถ่ายภาพ.
ตากลับ 0,ว.,ลักษณะที่ตาเหลือกขึ้นจนไม่เห็นตาดำ
ตากลับ 1,ว.,"ลักษณะที่สายตาคนมีอายุกลับเห็นชัดเจนขึ้น, สายตากลับ ก็เรียก."
ตากล้า 0,น.,"พื้นดินที่มีคันดินล้อมแปลงโดยรอบ ๔ ด้าน สำหรับตกกล้า, ตาตกกล้า ก็ว่า."
ตากวาง 0,น.,ชื่อไผ่ชนิด Gigantochloa kurzii Gamble และชนิด G. apus (Schultf.) Kurz ex Munro ในวงศ์ Gramineae.
ตากสมอง 0,ก.,พักผ่อนเพื่อคลายความเคร่งเครียดโดยไปอยู่ในที่สงบหรือที่มีอากาศปลอดโปร่ง.
ตากหน้า 0,ก.,สู้ทนอาย.
ตากอากาศ 0,ก.,ไปพักผ่อนในที่ที่มีอากาศดี.
ตากุ้ง 0,ว.,"สีเหมือนตาของกุ้ง, สีม่วงอมเทา."
ตาโก้ง 0,น.,"ชื่อผ้าชนิดหนึ่งที่ทอเป็นตาโต ๆ ใช้เป็นโสร่ง, ตาโถง ก็เรียก."
ตาไก่ 0,น.,"ชื่อเครื่องหมายชนิดหนึ่ง มีรูปคล้ายตาไก่ ดังนี้ ๏ ในหนังสือเก่า สำหรับเขียนขึ้นต้นวรรคหรือต้นบรรทัด, ฟองมัน ก็เรียก"
ตาไก่ 1,น.,"โลหะที่ทำเป็นรูใช้เลี่ยมรูผ้าหรือรูหนังเพื่อกันช่องสึก, ถ้าขนาดใหญ่ เรียกว่า ตางัว."
ตาขวาง 0,ว.,เริ่มแสดงอาการคลั่ง
ตาขวาง 1,ว.,"ขุ่นเคือง, ไม่พอใจ."
ตาขอ 0,น.,"ไม้หรือเหล็กที่งอ ๆ สำหรับชัก เกี่ยว แขวน หรือสับ, ขอ หรือ ตะขอ ก็ว่า."
ตาข่าย 0,น.,"เครื่องดักสัตว์ ถักเป็นตาร่างแห ใช้จับนกหรือกระต่ายเป็นต้น, เรียกลวดหรือด้ายที่ถักเป็นตา ๆ อย่างข่าย ว่า ลวดตาข่าย ฯลฯ."
ตาขาว 0,ว.,แสดงอาการขลาดกลัว.
ตาขุ่นตาเขียว 0,ว.,"แสดงอาการโกรธจัด, ตาเขียว ก็ว่า."
ตาเข 0,น.,ตาเหล่น้อย.
ตาเขียว 0,ว.,"แสดงอาการโกรธจัด, ตาขุ่นตาเขียว ก็ว่า."
ตาแข็ง 0,ว.,"ไม่ง่วง, ไม่กะพริบง่าย."
ตาคม 0,น.,ตาที่มีลักษณะสดใส แวววาว มีตาดำค่อนข้างโตกว่าปรกติ.
ตาคว่ำ 0,ก.,อาการค้อนที่แสดงว่าไม่พอใจมาก.
ตาค้าง 0,ว.,"อาการที่ตาเหลือกขึ้นและไม่กลับลงมาตามเดิม, อาการที่นอนหลับตาไม่ลง, อาการที่ตายแล้วยังลืมตาอยู่, อาการที่ตาไม่กะพริบ."
ตาง 0,ส.,"คำใช้แทนนามหลายฝ่ายให้แยกออกเป็นส่วน ๆ เช่น ทุกทั่วสัตวตื่นตาง แตกเต้า (ตะเลงพ่าย), ต่าง ก็ว่า."
ต่าง 0,น.,"ภาชนะสำหรับใส่สิ่งของ มีคานพาดบนหลังสัตว์พาหนะมีวัวและลาเป็นต้น ให้ห้อยลงมาทั้ง ๒ ข้าง, เรียกโค ลา ที่ใช้บรรทุกสิ่งของในลักษณะเช่นนั้นว่า โคต่าง ลาต่าง."
ต่าง 1,ก.,"บรรทุก เช่น ต่างข้าวเข้ามาส่ง, ใช้อย่างมาตราตวงก็ได้ เช่น ได้ข้าวไม่ถึง ๕ ต่าง."
ต่าง 2,ส.,"คำใช้แทนนามหลายฝ่ายให้แยกออกเป็นส่วน ๆ เช่น คนทั้งหลายต่างก็ทำหน้าที่ของตน, ในบทกลอนใช้ว่า ตาง ก็มี."
ต่าง 3,ว.,"ผิดแผก, ไม่เหมือน, เช่น สีต่างกัน รูปร่างต่างกัน"
ต่าง 4,ว.,แทน เช่น ว่าต่าง แก้ต่าง ดูต่างหน้า ต่างพระเนตรพระกรรณ
ต่าง 5,ว.,อื่น เช่น ต่างประเทศ ต่างดาว
ต่าง 6,ว.,คนละคนกัน เช่น ต่างพ่อ ต่างแม่.
ต่าง ๆ 0,ว.,หลายอย่างซึ่งผิดกัน.
ต่างกรม 0,ว.,เรียกเจ้านายที่ได้รับพระราชทานอิสริยยศให้มีข้าคนหมู่หนึ่งจัดตั้งเป็นกรมในปกครองเพื่อช่วยราชการแผ่นดิน เจ้าที่ได้รับแต่งตั้งเป็นผู้ปกครองข้าในกรมของพระองค์ เรียกว่า เจ้านายต่างกรม กรมของเจ้ามีชื่อต่าง ๆ กันไปตามนามของผู้เป็นเจ้ากรม.
ต่างจิตต่างใจ 0,ว.,ต่างคนก็ต่างความคิด.
ต่างด้าว 0,ว.,เรียกชาวต่างประเทศที่มีถิ่นฐานอยู่ในอีกประเทศหนึ่งว่า คนต่างด้าว.
ต่างว่า 0,สัน.,"เหมือนว่า, เปรียบว่า, สมมุติว่า."
ต่างหาก 0,ว.,"อีกส่วนหนึ่ง, อีกแผนกหนึ่ง."
ต่างหู 0,น.,ตุ้มหู.
ตางัว 0,น.,ชื่อโคมชนิดหนึ่ง
ตางัว 1,น.,"โลหะที่ทำเป็นรูใช้เลี่ยมรูผ้าหรือรูหนังเพื่อกันช่องสึก, ถ้าขนาดเล็ก เรียกว่า ตาไก่."
ตางัว 2,น.,"ชื่อหอยทะเลกาบเดี่ยวหลายชนิด ในวงศ์ Turbinidae เปลือกหนา ค่อนข้างกลม ก้นหอยสั้น ผิวขรุขระ แผ่นปิดช่องเปลือกกลมหนา ด้านนอกโค้ง เรียก เบี้ยตางัว ใช้สำหรับเล่นหมากรุก เช่น ชนิด Turbo marmoratus Linn., T. bruneus (Röding)."
ตางัว 3,น.,ชื่อไม้ดอกชนิดหนึ่ง.
ตาจระเข้ 0,น.,"ชื่อหนึ่งของดาวฤกษ์จิตรา มี ๑ ดวง, ดาวไต้ไฟ ดาวเสือ ดาวต่อมนํ้า หรือ ดาวจิตระ ก็เรียก"
ตาจระเข้ 1,น.,ตาคนที่แสดงความโกรธ มีรูปยาวเหมือนตาของจระเข้
ตาจระเข้ 2,น.,ตายักษ์ในภาพเขียนหรือรูปปั้นที่แสดงอาการโกรธ เหมือนตาของจระเข้.
ตาเจ้าชู้ 0,น.,ตาที่แสดงอาการกรุ้มกริ่มเป็นเชิงทอดไมตรีในทางชู้สาว.
ตาแฉะ 0,น.,"ตาที่อักเสบมีน้ำตาคลออยู่เสมอ, โดยปริยายหมายถึงใช้สายตามาก เช่น อ่านหนังสือจนตาแฉะ."
ตาชั่ง 0,น.,เครื่องชั่งสำหรับชั่งสิ่งของต่าง ๆ มีหลายชนิด เช่น ตราชู ชั่งจีน ชั่งสปริง.
ตาช้าง 0,น.,มะกลํ่าตาช้าง. (ดู มะกลํ่า).
ตาเชื่อม 0,น.,ตาที่แสดงอาการเชื่อมซึม เช่น เมากัญชาจนตาเชื่อม
ตาเชื่อม 1,น.,ตาที่หวานเยิ้ม เช่น เขาทำตาเชื่อมใส่หญิงคนรัก.
ตาด 0,น.,"ชื่อผ้าชนิดหนึ่ง ทอด้วยไหมควบกับเงินแล่งหรือทองแล่งจำนวนเท่ากัน, เรียกชื่อตามลักษณะของลาย เช่น ตาดลายคดกริช ตาดตาตั๊กแตน, ถ้ามีไหมปักทับลงไปอีกเป็นดอก ๆ เรียกว่า ตาดระกำไหม."
ตาด 1,น.,ที่ที่มีนํ้าตก เช่น น้ำตกตาดโตน.
ตาด 2,น.,ต้นมะตาด.
ตาด 3,น.,"ชื่อมองโกลเผ่าหนึ่งที่ชอบรบราฆ่าฟันและอพยพเร่ร่อนอยู่เสมอ บางทีก็เรียกว่า ตาดมองโกล, ชื่อภาษาของพวกตาด ใช้พูดกันในดินแดนตั้งแต่ทิวเขาอูราลทางตะวันตกไปจนถึงทิวเขาอัลไตทางตะวันออก."
ตาดำ ๆ 0,ว.,"ที่น่าสงสาร, ที่ขาดที่พึ่ง, เช่น เด็กตาดำ ๆ ชาวบ้านตาดำ ๆ."
ตาดำ ๆ 1,น.,"ผู้น่าสงสาร, ผู้ขาดที่พึ่ง, เช่น ขอให้เห็นแก่ตาดำ ๆ เถอะ."
ตาเดียว 0,น.,ชื่อปลาในอันดับ Pleuronectiformes มีหลายชนิด หลายสกุล พบทั้งในทะเล นํ้ากร่อย และนํ้าจืด เมื่อเกิดใหม่ตาจะอยู่คนละข้างกันเหมือนลูกปลาทั่วไป แต่เมื่อเจริญเติบโตขึ้นกะโหลกจะบิดไปข้างใดข้างหนึ่ง เป็นผลให้กล้ามเนื้อข้างหนึ่งบิดตามไปด้วย จึงทำให้ตาทั้ง ๒ ข้างเหนี่ยวกันมาหรือเคลื่อนมาอยู่ด้านเดียวกัน มีชื่อเรียกต่าง ๆ กัน เช่น ลิ้นหมา ลิ้นสุนัข ยอดม่วง ลิ้นควาย ลิ้นเสือ ลิ้นหมาหงอนยาว ใบไม้ ใบขนุน ซีกเดียว จักรผาน.
ตาแดง 0,น.,โรคเยื่อหุ้มลูกตาอักเสบ.
ตาแดง ๆ 0,ว.,อาการที่เกือบจะร้องไห้เพราะเสียใจเป็นต้น.
ตาตกกล้า 0,น.,ตากล้า.
ตาตั๊กแตน 0,ว.,มีลักษณะที่ใสแจ๋ว.
ตาตั๊กแตน 1,น.,เทียนตาตั๊กแตน. (ดู เทียนตาตั๊กแตน ที่ เทียน ๓).
ตาตั้ง 0,ว.,อาการที่ตาแข็งและเหลือกในเวลาชัก.
ตาตาราง 0,น.,"ช่องสี่เหลี่ยมที่เกิดจากเส้นขนานในแนวยืนกับแนวนอนตัดกัน, ตาราง ก็ว่า."
ตาตี่ 0,น.,ตาที่หนังตาบนตกลงมาจนเกือบปิด ทำให้เบิกตากว้างไม่ได้.
ตาตุ่ม 0,น.,อวัยวะส่วนที่เป็นปุ่มกลม ๆ ที่ข้อเท้าทั้ง ๒ ข้าง.
ตาตุ่ม 1,น.,"ชื่อไม้ต้นชนิด Excoecaria agallocha L. ในวงศ์ Euphorbiaceae ยางมีพิษ กินทำให้ท้องเดิน เข้าตาทำให้ตาบอด, ตาตุ่มทะเล ก็เรียก."
ตาตุ่มทะเล 0,น.,"ชื่อไม้ต้นชนิด Excoecaria agallocha L. ในวงศ์ Euphorbiaceae ยางมีพิษ กินทำให้ท้องเดิน เข้าตาทำให้ตาบอด, ตาตุ่มทะเล ก็เรียก."
ตาเต็ง 0,น.,"เครื่องชั่งหรือตาชั่งขนาดเล็กชนิดหนึ่ง มีถาดห้อยอยู่ทางหัวคันที่เป็นไม้หรืองาช้าง มีตุ้มถ่วงห้อยเลื่อนไปมาตามคันได้ เดิมใช้สำหรับชั่งทอง เงิน เพชร และพลอย, เต็ง ก็เรียก."
ตาโต 0,ว.,"อาการที่ตาเบิกกว้างเพราะอยากได้เมื่อเห็นเงินเป็นต้น, แสดงอาการอยากได้เมื่อเห็นเงินเป็นต้น, ตาพอง ตาลุก หรือ ตาลุกตาชัน ก็ว่า."
ตาโต 1,น.,"ชื่อปลาทะเลในสกุล Priacanthus วงศ์ Priacanthidae ลำตัวป้อม แบนข้าง ปากเชิดขึ้น คางยื่น ตาโตคลุมด้วยเยื่อใส เกล็ดเล็กสากมือ ลำตัวและครีบสีแดงสด อาศัยอยู่ใกล้พื้นท้องนํ้าหรือในระดับนํ้าลึก ที่ชุกชุมได้แก่ ชนิด P. tayenus Richardson ขนาดโตได้ถึง ๓๐ เซนติเมตร, ตาโต หรือ ตาหวาน ก็เรียก."
ตาถั่ว 0,น.,"ตาที่มีจุดขาวมัว ๆ อยู่กลางตาดำ ทำให้มองไม่ค่อยเห็น, โดยปริยายหมายความว่า เซ่อ เช่น ของวางอยู่ตรงหน้า ไม่เห็นก็ตาถั่วแล้ว."
ตาโถง 0,น.,ตาโก้ง.
ตาทวด 0,น.,พ่อของตาหรือของยาย.
ตาทัพ 0,น.,ทางที่กองทัพเดิน ซึ่งเปรียบด้วยตาหรือแต้มหมากรุก.
ตาทิพย์ 0,น.,ตาที่สามารถดูอะไรเห็นได้หมด.
ต่าน 0,ก.,"ชิดขวา (บอกวัวควายเวลาไถนา พร้อมกระตุกเชือก), ถัด ก็ว่า."
ต้าน 0,ก.,"ยันหรือรับไว้เพื่อไม่ให้ลํ้าแนวเข้ามา เช่น ต้านข้าศึก, รับแรงปะทะ เช่น เรือต้านลม."
ตาน 0,น.,ชื่อโรคชนิดหนึ่งมักเป็นแก่เด็ก ๆ.
ตาน 1,น.,ชื่อไม้ล้มลุกชนิด Xyris complanata R. Br. ในวงศ์ Xyridaceae ใบแคบขึ้นเป็นกอ ดอกสีเหลือง ก้านช่อดอกยาว กาบดอกซ้อนกันแน่น.
ตานกแก้ว 0,น.,อวัยวะส่วนที่เป็นปุ่มกลมที่ข้อมือทั้ง ๒ ข้าง.
ตานขโมย 0,น.,ชื่อโรคพยาธิลำไส้อย่างหนึ่ง มักเป็นแก่เด็กอายุประมาณ ๕ ขวบขึ้นไป มีลักษณะผอม ท้องป่อง ก้นปอด แต่กินอาหารได้มาก มีอาการปวดท้องและซึม.
ตานขโมย 1,น.,ชื่อไม้พุ่มรอเลื้อยชนิด Tournefortia intonsa Kerr ในวงศ์ Boraginaceae เป็นไม้มีพิษ หญ้างวงช้างหลวง ก็เรียก.
ตานจอมทอง 0,น.,"ชื่อพรรณไม้ ๒ ชนิดในสกุล Butea วงศ์ Leguminosae ชนิด B. monosperma (Lam.) Taub. เป็นไม้ต้น ดอกสีแสด, ทองธรรมชาติ ก็เรียก, พายัพเรียก ทองกวาว, อีสานเรียก จาน, ชนิด B. superba Roxb. เป็นไม้เถา, ทองเครือ หรือ ตานจอมทอง ก็เรียก."
ต้านทาน 0,ก.,"ขัดขวาง, ยับยั้ง, ต่อสู้ยันไว้."
ตานนกกด 0,น.,"ชื่อไม้พุ่มหรือไม้ต้นชนิด Ochna integerrima (Lour.) Merr. ในวงศ์ Ochnaceae ขึ้นในป่าเบญจพรรณแล้ง เปลือกสีนํ้าตาลแก่ ดอกสีเหลือง ออกเป็นช่อสั้น กลิ่นหอมอ่อน ผลัดใบขณะมีดอก, กำลังช้างสาร ช้างน้าว หรือ ตานนกกด ก็เรียก."
ตานนม 0,น.,"ชื่อไม้ต้นชนิด Xantolis cambodiana (Pierre ex Dubard) P. Royen ในวงศ์ Sapotaceae ลำต้นมีหนามแข็ง, ตานนม ก็เรียก."
ตานเสี้ยน 0,น.,ชื่อไม้ต้น ๒ ชนิดในสกุล Xantolis วงศ์ Sapotaceae คือ ชนิด X. siamensis (H.R. Fletcher) P. Royen และชนิด X. burmanica (Collett et Hemsl.) P. Royen ดอกสีขาว ออกเป็นกระจุกตามกิ่ง ผลกลมรี ปลายมีติ่งแหลม ชนิดหลังก้านใบและก้านดอกยาวกว่าชนิดแรก.
ตานหก 0,น.,ชื่อไม้ต้นชนิด Litsea pierrei Lecomte ในวงศ์ Lauraceae.
ตานหม่อน 0,น.,ชื่อไม้เถาชนิด Vernonia elliptica DC. ในวงศ์ Compositae ช่อดอกเป็นกระจุกสีขาวปนม่วง ใช้ทำยาได้.
ตานเหลือง 0,น.,"ชื่อไม้พุ่มหรือไม้ต้นชนิด Ochna integerrima (Lour.) Merr. ในวงศ์ Ochnaceae ขึ้นในป่าเบญจพรรณแล้ง เปลือกสีนํ้าตาลแก่ ดอกสีเหลือง ออกเป็นช่อสั้น กลิ่นหอมอ่อน ผลัดใบขณะมีดอก, กำลังช้างสาร ช้างน้าว หรือ ตานนกกด ก็เรียก."
ตาน้ำ 0,น.,ทางนํ้าใต้ดินที่มีนํ้าไหลไม่ขาดสาย.
ตาน้ำข้าว 0,น.,คำเรียกคนผิวขาวชาวตะวันตก.
ตานี 0,น.,"ชื่อกล้วยชนิด Musa balbisiana Colla ในวงศ์ Musaceae ใบเหนียวกว่ากล้วยชนิดอื่น มีเมล็ดทั่วทั้งผล, เชื่อกันว่ามีผีผู้หญิงสิงอยู่ในต้นกล้วยตานี เฉพาะต้นที่ออกปลีกลางต้น เรียกว่า พรายตานี."
ตานี 1,น.,"ชื่อนํ้ามันชนิดหนึ่งข้น ๆ ใช้ใส่ผม, โดยปริยายเรียกสิ่งที่มีลักษณะคล้ายคลึงเช่นนั้นว่า มีลักษณะเป็นนํ้ามันตานี เช่นนํ้าตาลเยิ้มในขนมอาลัว หรือไข่ที่ต้มเป็นยางมะตูม."
ตาบ 0,น.,เครื่องประดับคอหรืออก มีลักษณะเป็นแผ่นรูปสี่เหลี่ยมขนมเปียกปูน ถ้าเป็นตาบสำหรับม้าประดับที่หน้าผาก.
ตาบทิศ 0,น.,ตาบที่ติดกับสังวาลอยู่ที่สะเอวและข้างหลัง.
ตาบอด 0,น.,"ตามืด, ตามองไม่เห็น, โดยปริยายหมายถึงหลงผิดไปชั่วคราวไม่รู้ว่าอะไรผิดอะไรถูก เช่น เพราะความรักเลยทำให้เขาตาบอดไปชั่วระยะหนึ่ง."
ตาบอดคลำช้าง 0,น.,คนที่รู้อะไรด้านเดียวหรือนัยเดียวแล้วเข้าใจว่าสิ่งนั้นเป็นอย่างนั้น.
ตาบอดได้แว่น 0,น.,ผู้ที่ได้สิ่งซึ่งไม่เป็นประโยชน์แก่ตน มักพูดเข้าคู่กับ หัวล้านได้หวี เป็น หัวล้านได้หวี ตาบอดได้แว่น.
ตาบอดตาใส 0,น.,ตาบอดอย่างที่ตาดูเหมือนเป็นปรกติ แต่มองไม่เห็น.
ตาบอดสอดตาเห็น 0,*ก.,อวดรู้ในเรื่องที่ตนไม่รู้.
ตาบอดสี 0,น.,ตาที่มองเห็นสีผิดไปจากสีที่เป็นจริง เนื่องจากประสาทตาที่รับรู้สีพิการหรือเจริญไม่เต็มที่.
ตาปรือ 0,น.,"นัยน์ตาที่หรี่เพราะง่วงแต่ฝืนไว้หรือเมา, นัยน์ตาที่หรี่เหมือนง่วงหรือเมา."
ตาปลา 0,น.,เนื้อซึ่งด้านเป็นไตแข็งคล้ายตาของปลา มักเป็นที่ฝ่าเท้าหรือนิ้วเท้า.
ตาปลาดุก 0,น.,ตาที่มีลักษณะเล็กเรียว.
ตาปี 0,ว.,"ตลอดปี, มักใช้เข้าคู่กับคำ ชั่วนา เป็น ชั่วนาตาปี."
ตาปีตาชาติ 0,ว.,"เสมอไป, เรื่อยไป."
ตาปู 0,น.,ตะปู.
ตาเป็นมัน 0,ว.,อาการที่จับตามองจ้องดูสิ่งที่ต้องใจอย่างจดจ่อ.
ตาเป็นสับปะรด 0,ว.,ตาของพรรคพวกที่คอยสอดส่องดูแลเหตุการณ์อยู่รอบข้าง.
ตาโป่ง 0,น.,เรียกการเดินตัวม้าในหมากรุกไทยที่ผิดกติกา ว่า เดินตาโป่ง.
ตาฝั่ง 0,น.,ท่าที่ฝั่ง เช่น เขาก็ไปชุมนุมกันในตาฝั่ง (ม. คำหลวง ชูชก).
ตาฝาด 0,ว.,"เห็นผิดพลาดไป, เห็นคลาดเคลื่อนไปจากของเดิม."
ตาพร่า 0,ว.,อาการที่เห็นไม่ชัดเจน.
ตาพอง 0,น.,ตาที่มีลักษณะโป่งโตขึ้นมา.
ตาพอง 1,ว.,"อาการที่ตาเบิกกว้างเพราะอยากได้เมื่อเห็นเงินเป็นต้น, แสดงอาการอยากได้เมื่อเห็นเงินเป็นต้น, ตาโต ตาลุก หรือ ตาลุกตาชัน ก็ว่า."
ตาพอง 2,ว.,ดูใน ตา ๒.
ตาพอง 3,น.,"ชื่อนกนางแอ่นขนาดเล็กชนิด Pseudochelidon sirintarae Kitti Thonglongya วงศ์ Hirundinidae เป็นชื่อที่ตั้งขึ้นเพื่อเฉลิมพระเกียรติสมเด็จพระเจ้าลูกเธอ เจ้าฟ้าหญิงสิรินธร ลำตัวสีดำเหลือบน้ำเงิน มีแต้มขาวตรงโคนหาง ตาและวงรอบเบ้าตาสีขาว ปากสีเหลือง เฉพาะตัวเต็มวัยขนหางคู่กลางมีแกนขนยื่นยาวออกไปคล้ายเส้นลวด ๒ เส้น เคยพบเฉพาะบริเวณบึงบอระเพ็ด จังหวัดนครสวรรค์, ตาพอง ก็เรียก."
ตาพอง 4,น.,"ชื่อปลาทะเลในสกุล Priacanthus วงศ์ Priacanthidae ลำตัวป้อม แบนข้าง ปากเชิดขึ้น คางยื่น ตาโตคลุมด้วยเยื่อใส เกล็ดเล็กสากมือ ลำตัวและครีบสีแดงสด อาศัยอยู่ใกล้พื้นท้องนํ้าหรือในระดับนํ้าลึก ที่ชุกชุมได้แก่ ชนิด P. tayenus Richardson ขนาดโตได้ถึง ๓๐ เซนติเมตร, ตาโต หรือ ตาหวาน ก็เรียก."
ตาโพลง 0,ว.,ตาเบิกกว้าง เช่น ตกใจลืมตาโพลง
ตาโพลง 1,ว.,ตายักษ์ในภาพเขียนหรือรูปปั้นที่แสดงอาการดุร้าย.
ตาฟาง 0,น.,ตาที่มองอะไรเห็นไม่ชัดเจน.
ตาฟางไก่ 0,น.,ตาที่มองเห็นเฉพาะในเวลากลางวัน ในเวลากลางคืนมองอะไรไม่เห็น.
ตาเฟื้องตาสลึง 0,น.,"ตาที่แสดงอาการว่าชอบพอรักใคร่ เป็นการทอดไมตรีในทางชู้สาว, ตาเล็กตาน้อย ก็ว่า."
ตาม 0,ก.,ไปหรือมาข้างหลังหรือภายหลังโดยลำดับของสิ่งหรือเหตุการณ์ที่มีมาก่อน เช่น ตามเขาไป แล้วจึงค่อยตามมา ตามเหตุการณ์
ตาม 1,ก.,"เรียกตัวมา เช่น ไปตามนาย ก มา, เชิญมา เช่น ไปตามหมอ"
ตาม 2,ก.,เที่ยวค้นหาสิ่งที่หายไป เช่น ตามเรื่อง ตามวัว
ตาม 3,ก.,จุดให้ไฟติดไว้ เช่น ตามไฟ ตามตะเกียง ตามประทีป.
ตาม 4,ว.,อาการที่เลียนแบบหรือเอาอย่าง เช่น ทำตาม คล้อยตาม
ตาม 5,ว.,"ควรแก่, เหมาะแก่, เช่น ตามกำลังความสามารถ"
ตาม 6,ว.,"เหมือน, อย่าง, ดัง, เช่น ตามเคย ตามปรกติ ตามธรรมดา"
ตาม 7,ว.,"แล้วแต่, สุดแต่, เช่น ตามใจ ตามอัธยาศัย ตามกรรม"
ตาม 8,ว.,ไม่ทวนกระแส (ใช้แก่กระแสนํ้าหรือกระแสลม) ในคำว่า ตามนํ้า ตามลม
ตาม 9,ว.,"ไม่ขัด, ไม่ฝ่าฝืน, ไม่ฝืน, เช่น ทำตามคำสั่ง ปฏิบัติตามกฎหมาย ตามสมัยนิยม."
ตาม 10,บ.,"แถว, แนว, ถิ่น, ที่, เช่น มีอยู่ตามป่า ปิดไว้ตามกำแพง"
ตาม 11,บ.,โดย เช่น ตามที่ปรากฏว่า.
ตามกวาง 0,น.,"ชื่อเพลงไทย อัตรา ๒ ชั้น หน้าทับปรบไก่, เรียกชื่อเต็มว่า พระรามตามกวาง"
ตามกวาง 1,น.,ชื่อเพลงไทยประเภทเพลงเถา.
ตามควาย 0,ว.,อย่างรีบร้อน ในสำนวนว่า เดินอย่างตามควาย.
ตามใจ 0,ก.,แล้วแต่ใจ.
ตามใจปากมากหนี้ 0,ก.,เห็นแก่กินย่อมสิ้นเปลืองมาก.
ตามใจปากลำบากท้อง 0,ก.,เห็นแก่กินมักจะเดือดร้อน.
ตามด 0,น.,รูเล็ก ๆ ที่นํ้าซึมออกได้อย่างรูรั่วตามก้นหม้อเป็นต้น.
ตามที 0,ว.,แล้วแต่จะเป็นไป.
ตามที่จริง 0,สัน.,"คำขึ้นต้นประโยคหรือข้อความแสดงถึงความที่ถูกที่ควร, ที่จริง หรือ อันที่จริง ก็ว่า."
ตามเนื้อผ้า 0,ว.,"ตามที่ปรากฏ เช่น เทศน์ตามเนื้อผ้า, ตามข้อเท็จจริง เช่น ว่าไปตามเนื้อผ้า."
ตามบุญตามกรรม 0,ว.,ตามแต่จะเป็นไป.
ตามพ- 0,น.,ทองแดง.
ตามพหัตถี 0,น.,"ชื่อช้างตระกูล ๑ ใน ๑๐ ตระกูล กายสีทองแดง, ช้าง ๑๐ ตระกูล คือ ๑. กาฬาวกหัตถี ๒. คังไคยหัตถี ๓. ปัณฑรหัตถี ๔. ตามพหัตถี ๕. ปิงคลหัตถี ๖. คันธหัตถี ๗. มงคลหัตถี ๘. เหมหัตถี ๙. อุโบสถหัตถี ๑๐. ฉัททันตหัตถี."
ตามพะ 0,น.,ทองแดง.
ตามเพรง 0,ว.,ตามแบบอย่างที่เคยทำมาแต่เก่าก่อน.
ตามเพลง 0,ว.,"สุดแต่จะเป็นไป, ตามเรื่องตามราว."
ตามไฟ 0,ก.,"จุดให้ไฟติดไว้, สุมไฟที่ขอนไม้ให้ติดอยู่ตลอดเวลาเพื่อให้ผู้อื่นต่อไฟไปใช้หรือเพื่อแก้หนาว."
ตามมี 0,ว.,สมควรแก่ที่มีอยู่.
ตามมีตามเกิด 0,ว.,สุดแต่กำลังความสามารถอันน้อยเท่าที่มีอยู่ในขณะนั้น.
ตามยถากรรม 0,ว.,"เป็นไปตามกรรม, สุดแต่จะเป็นไป."
ตามเรื่องตามราว 0,ว.,"ปล่อยให้เป็นไปเอง, สุดแต่จะเป็นไป."
ตามลมตามแล้ง 0,ว.,สุดแต่จะเป็นไป.
ตามล้างตามเช็ด 0,*ก.,คอยแก้ไขให้ถูกต้องอยู่เนือง ๆ.
ตามลำพัง 0,ว.,"โดดเดี่ยว, เฉพาะตัวเอง, ไม่เกี่ยวข้องกับผู้อื่น."
ตามเสด็จ 0,ก.,ติดตามพระมหากษัตริย์หรือพระบรมวงศ์ ซึ่งผู้ติดตามเป็นสามัญชน
ตามเสด็จ 1,ก.,"ติดตามพระมหากษัตริย์ ซึ่งผู้ติดตามเป็นพระบรมวงศานุวงศ์หรือสามัญชน, ใช้ว่า โดยเสด็จ ก็มี เช่น พระบรมวงศานุวงศ์และข้าราชการตามเสด็จไปในกระบวนเสด็จพระราชดำเนินยังไทรโยค."
ตามอำเภอใจ 0,ว.,เอาแต่ใจตัว ไม่ยอมรับฟังความคิดเห็นของผู้อื่น.
ตามะแน 0,น.,"ชื่อกวางชนิด Cervus porcinus Zimmermann ในวงศ์ Cervidae เป็นกวางขนาดกลาง ขนลำตัวสีนํ้าตาลเข้มแต่ตอนล่างสีจางกว่า ตามลำตัวมีจุดขาวจาง ๆ กระจายอยู่ทั่วไป โดยเฉพาะลูกที่เกิดใหม่จุดขาวนี้จะเห็นชัดเจนเช่นเดียวกับลูกกวางดาว ตัวผู้มีเขา ผลัดเขาปีละครั้ง อยู่เป็นฝูงตามทุ่งหญ้า กินหญ้าระบัด ใบไม้ และผลไม้ เป็นสัตว์ป่าคุ้มครองของไทย, กวางแขม กวางทราย หรือ ตามะแน ก็เรียก."
ตามิน 0,?,ดู หนามหลัง.
ตามีตามา 0,น.,ชาวบ้านทั่ว ๆ ไป.
ตาแมว 0,น.,ชื่อชันชนิดหนึ่ง เรียกว่า ชันตาแมว
ตาแมว 1,น.,คดที่ได้จากตาแมว
ตาแมว 2,น.,แก้วมีค่าชนิดหนึ่ง เรียกว่า เพชรตาแมว
ตาแมว 3,น.,แก้วสะท้อนแสงชนิดหนึ่งที่ฝังไว้กลางถนนเป็นระยะ ๆ.
ตาไม่มีแวว 0,ว.,ไม่รู้จักของดี เช่น เขาเป็นคนตาไม่มีแวว มีของดีมาให้เลือกแต่กลับไปเลือกของเลว.
ต้าย 0,น.,เสารั้วหรือเสาเขื่อนที่ปักเป็นแนวอย่างกำแพง เช่น ครั้นถึงพฤบพลจับ โจมใหญ่ คุงค่อนต้ายล้มแล้ว คล่าวคลา (ยวนพ่าย).
ตาย 0,ก.,"สิ้นใจ, สิ้นชีวิต, ไม่เป็นอยู่ต่อไป, สิ้นสภาพของการมีชีวิต, เช่น สภาวะสมองตาย"
ตาย 1,ก.,เคลื่อนไหวไม่ได้ เช่น มือตาย ตีนตาย
ตาย 2,ก.,ไม่เดินเพราะเครื่องเสียหรือหยุดเป็นต้น เช่น รถยนต์ตาย นาฬิกาตาย
ตาย 3,ก.,ยืนแต้มอยู่อย่างเดียว เช่น ลูกเต๋าตายหก คือออกแต้มหกเสมอ
ตาย 4,ก.,ลักษณะที่ประตูในการเล่นการพนันบางประเภท เช่น โป ถั่ว ไม่ออกเลย หรือนาน ๆ จึงจะออกสักครั้งหนึ่ง
ตาย 5,ก.,ผิดตามที่กติกากำหนดไว้ในการเล่นกีฬาหรือการละเล่นบางชนิด.
ตาย 6,ว.,"คำประกอบท้ายประโยคหมายความว่า แย่, เต็มที, ยิ่งนัก, เช่น ร้อนจะตาย, คำเปล่งเสียงแสดงความตกใจหรือประหลาดใจเป็นต้น เช่น อุ๊ยตาย ตายแล้ว."
ตายขาน 0,ก.,ยืนต้นตายเป็นแถว ๆ (ใช้แก่ต้นไม้) ในความว่า ไม้ตายขาน.
ตายขุย 0,ก.,ออกดอกเป็นเมล็ดแล้วตาย (ใช้แก่ไม้ในจำพวกไผ่).
ตายคาที่ 0,ก.,ตายทันทีตรงที่เกิดเหตุ.
ตายโคม 0,น.,เรียกไข่เป็ดหรือไข่ไก่ที่ฟักเป็นตัวแล้วแต่ตายเสียก่อนออกจากไข่ ว่า ไข่ตายโคม.
ตายใจ 0,ก.,หลงเชื่ออย่างไม่สงสัย.
ตายซับตายซ้อน 0,ก.,ตายในสถานที่เดียวกันซ้ำแล้วซ้ำเล่า เช่น โค้งนี้เกิดอุบัติเหตุบ่อยมีคนตายซ้ำตายซาก.
ตายซาก 0,ก.,ตายทิ้งร่างแห้งอยู่ (ใช้แก่สัตว์บางอย่าง เช่น คางคก จิ้งจก).
ตายซ้ำตายซาก 0,ก.,ตายในสถานที่เดียวกันซ้ำแล้วซ้ำเล่า เช่น โค้งนี้เกิดอุบัติเหตุบ่อยมีคนตายซ้ำตายซาก.
ตายด้าน 0,ก.,"หมดความรู้สึกทางสัมผัส, ไม่มีความรู้สึกเหมือนอย่างที่เคยมี"
ตายด้าน 1,ก.,โดยปริยายหมายความว่า หยุดเจริญก้าวหน้า ติดอยู่แค่นั้น.
ตายดาบหน้า 0,ก.,"เสี่ยงหนีเหตุการณ์ร้ายปัจจุบันไปเผชิญชีวิตข้างหน้า, มีทิฐิมานะที่จะต่อสู้กับเคราะห์กรรมเอาข้างหน้า, เสี่ยงทำไปก่อน แล้วค่อยคิดแก้เหตุการณ์ภายหลัง."
ตายโดยผิดธรรมชาติ 0,น.,การที่บุคคลถึงแก่ความตายด้วยเหตุอย่างใดอย่างหนึ่งดังต่อไปนี้ (๑) ฆ่าตัวตาย (๒) ถูกผู้อื่นทำให้ตาย (๓) ถูกสัตว์ทำร้ายตาย (๔) ตายโดยอุบัติเหตุ (๕) ตายโดยยังมิปรากฏเหตุ.
ตายตัว 0,ก.,คงที่อยู่อย่างนั้น เช่น ราคาตายตัว อัตราตายตัว.
ตายทั้งกลม 0,ว.,"ตายทั้งหมด, ตายทั้งแม่ทั้งลูก, เรียกหญิงที่ตายพร้อมกับลูกที่อยู่ในท้อง ว่า หญิงตายทั้งกลม."
ตายน้อย 0,ว.,เกือบตาย เช่น สิ้นแผ่นดินปิ่นเกล้ามาเปล่าอก น้ำตาตกตายน้อยลงร้อยหน (นิราศพระประธมของสุนทรภู่).
ตายนึ่ง 0,ก.,เฉาหรือเหี่ยวเพราะถูกแดดหรือไอร้อนอย่างถูกนึ่ง เช่น ใบตองตายนึ่ง.
ตายประชดป่าช้า 0,ก.,แกล้งทำหรือพูดแดกดันประชดอีกฝ่ายหนึ่ง แต่ตัวเองกลับเป็นฝ่ายเสียหายจากการทำหรือพูดนั้น.
ตายเป็นเบือ 0,ก.,ตายมากมายเกลื่อนกลาดไปเหมือนถูกยาเบื่อ.
ตายฝอย 0,ก.,แห้งตายไปเพราะแล้ง (ใช้แก่ข้าวกล้า).
ตายฝังยังเลี้ยง 0,ก.,เลี้ยงดูตามบุญตามกรรม.
ตายพราย 0,ก.,"ตายเสียแต่ยังไม่ออกผล (ใช้แก่ต้นไม้บางชนิดซึ่งกำลังจะมีผล เช่น กล้วย ถั่วแระ), ยืนต้นตาย (ใช้แก่ต้นไม้บางชนิด เช่น คูน)."
ตายรัง 0,ว.,ในที่สุดก็ต้องหวนกลับมาอยู่กับครอบครัวตามเดิม (ใช้แก่สามี) เช่น กลับมาตายรัง.
ตายราบ 0,ว.,"ไม่มีทางสู้, ไม่พ้นมือไปได้."
ตายเรียบ 0,ว.,ตายทั้งหมด.
ตายลาภ 0,ว.,"เป็นลาภแน่ ๆ, หนีไม่พ้น, เช่น นางนี้ดีร้ายตายลาภเรา (มณีพิชัย)."
ตายห่า 0,ก.,ตายเป็นฝูงหรือคราวละมาก ๆ ด้วยโรคระบาดเช่นอหิวาตกโรคหรือกาฬโรค.
ตายห่า 1,อ.,คำที่เปล่งออกมาแสดงความตกใจเป็นต้น (ใช้เป็นคำไม่สุภาพ).
ตายโหง 0,ก.,ตายผิดธรรมดาโดยอาการร้าย เช่นถูกฆ่าตาย ฆ่าตัวตาย ตกนํ้าตาย.
ตายโหง 1,อ.,คำที่เปล่งออกมาแสดงความตกใจเป็นต้น (ใช้เป็นคำไม่สุภาพ).
ตายอดตายอยาก 0,ก.,อดอยากมานาน.
ตาราง 0,น.,"ช่องสี่เหลี่ยมที่เกิดจากเส้นขนานในแนวยืนกับแนวนอนตัดกัน, ตาตาราง ก็ว่า"
ตาราง 1,น.,ใช้เป็นคำนำหน้าคำมาตราวัดพื้นที่ เช่น ตารางนิ้ว ตารางวา ตารางเมตร.
ตารางสอน 0,น.,ตารางที่บรรจุรายการสอนใน ๑ สัปดาห์ ว่า วันใด เวลาใด สอนวิชาใด.
ตารางเหลี่ยม 0,น.,เรียกพื้นที่ที่กำหนดเป็นรูปสี่เหลี่ยมจัตุรัส.
ตาราไต 0,น.,ดอกบัว.
ตาริ้ว 0,น.,แถวซึ่งตั้งเป็น ๒ แถวหรือ ๕ แถวเป็นต้น ขนานกันอย่างแถวกระบวนแห่ เช่น ตั้งกระบวนเป็นตาริ้ว.
ตาเริด 0,ว.,อาการที่นอนตาค้างหรือนอนไม่หลับ.
ตาเรือ 0,น.,ชื่อต้นไม้ยืนต้น.
ตาเรือชัย 0,น.,"ชื่อหนึ่งของดาวฤกษ์ปุนัพสุ มี ๓ ดวง, ดาวหัวสำเภา ดาวสะเภา ดาวสำเภาทอง ดาวยามเกา หรือ ดาวปุนัพพสู ก็เรียก."
ตาล 0,น.,"ชื่อปาล์มชนิด Borassus flabellifer L. ในวงศ์ Palmae ใบใหญ่ ดอกแยกเพศ อยู่ต่างต้น ต้นเพศผู้ออกดอกเป็นงวง ต้นเพศเมียออกดอกเป็นช่อเดี่ยว ๆ ผลใหญ่กลมโตเป็นทะลาย ภายในผลมีเมล็ดเรียกว่าเต้า น้ำหวานที่ออกจากงวงของต้นเพศผู้ เรียกว่า น้ำตาลสด ใช้ทำน้ำตาลได้ ตอนหัวของผลอ่อน เรียกว่า หัวตาล ต้มแกงกินได้ เมื่อเต้ายังอ่อน เรียกว่า ลอนตาลหรือตาลเฉาะ เนื้อในนิยมกินสดหรือกินกับนํ้าเชื่อม จาวที่เกิดจากเมล็ดแก่ที่งอกแล้ว เรียกว่า จาวตาล เชื่อมกินได้, ตาลโตนด ก็เรียก"
ตาล 1,น.,เรียกขนมที่ทำด้วยแป้งผสมนํ้าคั้นจากลูกตาลสุก ว่า ขนมตาล.
ตาลปัตร 0,น.,"พัดทำด้วยใบตาล มีด้ามยาว สำหรับพระภิกษุถือบังหน้าในพิธีกรรมเช่นในเวลาให้ศีล ต่อมาอนุโลมเรียกพัดที่ทำด้วยผ้าหรือไหมซึ่งมีลักษณะคล้ายคลึงเช่นนั้นว่า ตาลปัตร ด้วย, ตาลิปัตร ก็ว่า."
ตาลปัตรบังเพลิง 0,น.,"ตาลปัตรที่มีลักษณะเช่นเดียวกับพัดยศของพระสงฆ์ชั้นราชาคณะ ตรงกลางเว้นช่องว่างไว้ใส่ตะเกียงหรือโคมไฟ ปักตั้งรายรอบพระเมรุชั้นพระมหากษัตริย์และพระราชวงศ์ชั้นสูง มีรูปเทวดานั่งคุกเข่าประคองโคนด้ามตาลปัตร, ตาลิปัตรบังเพลิง ก็เรียก."
ตาลปัตรฤๅษี 0,น.,ชื่อไม้พุ่มชนิด Opuntia cochenillifera (L.) Mill. ในวงศ์ Cactaceae กิ่งแบนอวบ ใบลดขนาดลงเป็นกระจุก ขนค่อนข้างแข็ง เป็นไม้ต่างประเทศ ปลูกเป็นไม้ประดับ.
ตาลปัตรฤๅษี 1,น.,"ชื่อปรงชนิด Cycas siamensis Miq. ในวงศ์ Cycadaceae, ปรงเหลี่ยม ก็เรียก."
ตาลปัตรฤๅษี 2,น.,"ชื่อไม้พุ่มชนิด Leea macrophylla Roxb. ex Hornem. ในวงศ์ Leeaceae ใบใหญ่ ใช้ทำยาได้, พญากาสัก เสือนั่งร่ม หรือ ตาลปัตรฤๅษี ก็เรียก."
ตาลม 0,น.,โรคตาชนิดหนึ่ง.
ตาลยอดด้วน 0,น.,คนที่ไม่มีทางเจริญก้าวหน้าต่อไปอีกแล้ว
ตาลยอดด้วน 1,น.,คนที่ไม่มีบุตรสืบตระกูล
ตาลยอดด้วน 2,น.,พระภิกษุที่ต้องอาบัติปาราชิกไม่อาจกลับมาบวชใหม่ได้.
ตาลอ 0,น.,ตาถั่ว.
ตาลอย 0,ว.,อาการที่ตาเหม่อ.
ตาลาน 0,น.,"ชื่องูขนาดกลางชนิด Ptyas korros (Schlegel) ในวงศ์ Colubridae ตาโต ลำตัวสีน้ำตาลปลอด มีลายเล็กน้อยเห็นไม่ชัด นิสัยว่องไวปราดเปรียว ออกหากินตามพื้นดินในเวลากลางวัน ไม่มีพิษ, สิงตาโต หรือ ตาลาน ก็เรียก."
ตาลาน 1,น.,"ชื่อมดชนิด Anoplolepsis gracilipes (Smith) ในวงศ์ Formicidae ลำตัวยาว ๔ มิลลิเมตร สีนํ้าตาลแดง ขายาว เดินได้เร็ว ไม่มีพิษ, ตาลาน หรือ ตะลีตะลาน ก็เรียก."
ตาลาย 0,ว.,อาการที่มองเห็นอะไรไม่ชัดพร่าลายไปหมด.
ตาลิปัตร 0,น.,ตาลปัตร. (ดูใน ตาล).
ตาลิปัตรบังเพลิง 0,น.,ตาลปัตรบังเพลิง. (ดูใน ตาล).
ตาลีตาเหลือก 0,ว.,"อาการรีบร้อนลนลาน, ตื่นกลัว, ตาเหลือก ก็ว่า."
ตาลุ 0,น.,เพดานปาก.
ตาลุก 0,ก.,ลืมตาโพลงด้วยความสนใจ.
ตาลุก 1,ว.,"อาการที่ตาเบิกกว้างเพราะอยากได้เมื่อเห็นเงินเป็นต้น, แสดงอาการอยากได้เมื่อเห็นเงินเป็นต้น, ตาโต หรือ ตาพอง ก็ว่า."
ตาลุกตาชัน 0,ว.,"อาการที่ตาเบิกกว้างเพราะอยากได้เมื่อเห็นเงินเป็นต้น, แสดงอาการอยากได้เมื่อเห็นเงินเป็นต้น, ตาโต หรือ ตาพอง ก็ว่า."
ตาลุชะ 0,น.,อักษรในภาษาบาลีและสันสกฤตที่มีเสียงเกิดที่เพดานแข็ง ได้แก่พยัญชนะวรรค จ คือ จ ฉ ช ฌ ญ และอักษร ย สระอิ อี รวมทั้ง ศ ในภาษาสันสกฤต.
ตาเล็กตาน้อย 0,น.,"ตาที่แสดงอาการว่าชอบพอรักใคร่ เป็นการทอดไมตรีในทางชู้สาว, ตาเฟื้องตาสลึง ก็ว่า."
ต๋าว 0,น.,ชื่อปาล์มชนิด Arenga pinnata (Wurmb) Merr. ในวงศ์ Palmae ใบคล้ายใบมะพร้าว ด้านล่างมีนวลขาว จั่นเป็นพวงห้อย ให้นํ้าตาลอย่างมะพร้าว ออกผลเป็นทะลาย เนื้อในเมล็ดอ่อนเรียกว่า ลูกชิด เชื่อมกินได้.
ตาว 0,น.,"ดาบ, มีดยาว, เช่น หันหอกขอเงื้อง้าว ง่าตาว (ยวนพ่าย)."
ตาว 1,น.,ชื่อปาล์มชนิด Arenga pinnata (Wurmb) Merr. ในวงศ์ Palmae ใบคล้ายใบมะพร้าว ด้านล่างมีนวลขาว จั่นเป็นพวงห้อย ให้นํ้าตาลอย่างมะพร้าว ออกผลเป็นทะลาย เนื้อในเมล็ดอ่อนเรียกว่า ลูกชิด เชื่อมกินได้.
ตาวาว 0,ว.,อาการที่จ้องมองดูสิ่งใดสิ่งหนึ่งด้วยความอยากได้ เช่น พอเห็นเงินก็ตาวาว เด็ก ๆ พอเห็นขนมก็ตาวาว.
ตาแวว 0,ว.,"ลักษณะของตาที่มีความไวในการเห็นภัยอันตราย, หวาดระแวง, เช่น กาตาแววเห็นธนู."
ตาไว 0,ว.,ลักษณะของตาที่เห็นอะไรได้รวดเร็ว เช่น เขาตาไวเห็นคนรู้จักนั่งรถผ่านไปแว่บเดียวก็จำได้.
ตาโศก 0,น.,ตามีลักษณะเศร้า ชวนให้สงสาร.
ตาสว่าง 0,น.,ตามองเห็นชัดเจน เช่น พอหยอดยา ก็รู้สึกว่าตาสว่างขึ้น
ตาสว่าง 1,น.,"ไม่ง่วงงัวเงีย, นอนต่อไม่หลับ, เช่น ตื่นขึ้นมากลางดึก เลยตาสว่าง นอนไม่หลับอีก"
ตาสว่าง 2,น.,โดยปริยายหมายความว่า เข้าใจแล้วว่าอะไรผิดอะไรถูก เช่น เดี๋ยวนี้เขาตาสว่างแล้วหลังจากที่หลงผิดมานาน.
ตาส่อน 0,น.,ตาที่มีตาดำอยู่ไม่ตรงที่ตามปรกติ.
ตาสำเภา 0,น.,"ชื่อหนึ่งของดาวฤกษ์อารทรา มี ๑ ดวง, ดาวตัวโค หรือ ดาวอัททา ก็เรียก."
ตาสีตาสา 0,น.,ชาวบ้านทั่ว ๆ ไป.
ตาเสือ 0,น.,ชื่อไม้ต้นชนิด Aphanamixis polystachya (Wall.) R. Parker ในวงศ์ Meliaceae เนื้อไม้สีแดง แข็งและหนัก ใช้ในการก่อสร้าง.
ตาหนู 0,น.,มะกลํ่าตาหนู. (ดู มะกลํ่า).
ตาหนู 1,*ว.,ลักษณะของสิ่งของที่อยู่ภายในแพลมออกมาข้างนอกแต่เล็กน้อย.
ตาหมากรุก 0,น.,เรียกผ้าที่มีลายเป็นตารางสี่เหลี่ยมจัตุรัสแบบกระดานหมากรุกมีสีสลับกัน ว่า ผ้าตาหมากรุก.
ตาหยี 0,น.,"ตาหรี่, ตาที่แคบเรียวเล็ก."
ตาหลิ่ง 0,น.,ตลิ่ง เช่น ตาหลิ่งตาเหลวปัก ปิดไว้ (นิ. นรินทร์).
ตาหวาน 0,น.,"ตาที่มีเสน่ห์ชวนให้รัก, ตาแสดงความรัก."
ตาหวาน 1,น.,"ชื่อปลาทะเลในสกุล Priacanthus วงศ์ Priacanthidae ลำตัวป้อม แบนข้าง ปากเชิดขึ้น คางยื่น ตาโตคลุมด้วยเยื่อใส เกล็ดเล็กสากมือ ลำตัวและครีบสีแดงสด อาศัยอยู่ใกล้พื้นท้องนํ้าหรือในระดับนํ้าลึก ที่ชุกชุมได้แก่ ชนิด P. tayenus Richardson ขนาดโตได้ถึง ๓๐ เซนติเมตร, ตาโต หรือ ตาหวาน ก็เรียก."
ตาเหล่ 0,น.,ตาเขมาก.
ตาเหลว 0,น.,เฉลว เช่น ตาหลิ่งตาเหลวปัก ปิดไว้ (นิ. นรินทร์).
ตาเหลือก 0,น.,"ตาที่เบิกกว้าง, ตาที่กลอกขึ้น, ตาที่ตาดำอยู่ข้างบน."
ตาเหลือก 1,ว.,"อาการรีบร้อนลนลาน, ตื่นกลัว, ตาลีตาเหลือก ก็ว่า."
ตาเหลือก 2,น.,"ชื่อปลาทะเลและนํ้ากร่อยทุกชนิด ในสกุล I lisha วงศ์ Pristigasteridae ตาโตเหลือกขึ้นด้านบน ลำตัวยาวเรียว แบนข้าง ท้องเป็นสันแหลม เกล็ดเรียบ เกล็ดที่สันท้องเป็นเหลี่ยมคมเรียงต่อกันคล้ายฟันเลื่อย ขนาดยาวได้ถึง ๔๖ เซนติเมตร, อีปุด หรือ ปุด ก็เรียก."
ตาเหลือก 3,น.,ชื่อปลาทะเล ๒ ชนิด ตาโตเหลือกขึ้น ปากกว้าง ที่ใต้คางระหว่างกระดูกขากรรไกรล่างมีแผ่นกระดูกแข็ง ๑ ชิ้น ลำตัวค่อนข้างเรียว แบนข้าง ได้แก่ ตาเหลือกสั้น [ Megalops cyprinoides (Broussonet)] ในวงศ์ Megalopidae ขนาดยาวได้ถึง ๕๘ เซนติเมตร เกล็ดใหญ่ มีก้านครีบหลังอันสุดท้ายยื่นยาวเป็นเส้น และตาเหลือกยาว [ Elops hawaiensis (Regan)] ในวงศ์ Elopidae ลำตัวเรียวยาวกว่าชนิดแรก ขนาดยาวได้ถึง ๖๐ เซนติเมตร.
ตาเหลือก 4,น.,ชื่อปลานํ้าจืดได้แก่ หนามหลัง [ Amblyrhynchichthys truncatus (Bleeker)]. (ดู หนามหลัง).
ตาเหลือกตาพอง 0,ว.,อาการที่แสดงความตกใจกลัวมาก.
ตาแหลม 0,ว.,มีสายตาคมพอมองเห็นก็รู้ทันทีว่าอะไรดีมีคุณค่า เช่น ผู้หญิงคนนี้ตาแหลม พอมองเห็นหัวแหวนก็รู้ว่าเป็นเพชรแท้หรือเพชรเทียม.
ตาแหวน 0,น.,ตาที่มีเส้นสีขาวหรือสีงาช้างเวียนรอบขอบตาดำ (มักใช้แก่ม้า วัว ควาย).
ตาฬะ 0,น.,"ลูกกุญแจ, กลอนประตู, ลูกดาล."
ตาเอก 0,น.,ตาที่มีตาดำอยู่ไม่ตรงที่.
ตำ 0,ก.,"ทิ่ม, แทง, เช่น หนามตำ"
ตำ 1,ก.,ใช้สากหรือสิ่งอื่นที่คล้ายคลึงเช่นนั้นทิ่มลงไปอย่างแรงเรื่อย ๆ เช่น ตำข้าว ตำนํ้าพริก.
ต่ำ 0,ว.,"ตรงข้ามกับสูง, มีระดับด้อยหรือน้อยกว่าปรกติ เช่น ความดันโลหิตตํ่า."
ต่ำ 1,ก.,กระแทก ในคำว่า ต่ำหูก หมายความว่า กระแทกฟืมให้ด้ายแน่นในการทอผ้า.
ตำข้าวสารกรอกหม้อ 0,ก.,"หาเพียงแค่พอกินไปมื้อหนึ่ง ๆ, ทำพอให้เสร็จไปชั่วครั้งหนึ่ง ๆ."
ต่ำช้า 0,ว.,เลวทราม.
ต่ำตน 0,ก.,ถ่อมตน.
ต่ำต้อย 0,ว.,"มีฐานะความเป็นอยู่หรือตำแหน่งหน้าที่ด้อยกว่ากันมากจนเทียบกันไม่ได้, มีฐานะไม่เท่าเทียมเพื่อน."
ตำตา 0,ว.,"ปรากฏชัดแก่ตา, ต่อหน้าต่อตา, ตำหูตำตา ก็ว่า."
ตำนาน 0,น.,"เรื่องแสดงความเป็นมาแต่ปางหลังของสถานที่ บุคคล หรือพิธีกรรม เป็นต้น, เรื่องราวนมนานที่เล่ากันสืบ ๆ มา, เช่น ตำนานพุทธเจดีย์, ตำนานเจ้าแม่ลิ้มกอเหนี่ยว"
ตำนาน 1,น.,เรียกพระปริตรบทหนึ่ง ๆ ว่า ตำนาน ในคำว่า เจ็ดตำนาน สิบสองตำนาน.
ตำน้ำพริกละลายแม่น้ำ 0,*ก.,"ลงทุนไปโดยได้ผลประโยชน์ไม่คุ้มทุน, ใช้จ่ายทรัพย์ในทางที่ไม่เกิดประโยชน์, เสียทรัพย์จำนวนมากไปโดยไม่ได้ประโยชน์อะไร."
ตำเนิน 0,ว.,"ห่าม, แก่ยังไม่จัด, (ใช้แก่ผลไม้บางชนิด), เช่น มะม่วงตำเนิน กล้วยตำเนิน ขนุนตำเนิน, ดำเนิน ก็ว่า."
ตำเนิน 1,ก.,ดำเนิน.
ตำเนียน 0,ก.,ติเตียน.
ตำบล 0,น.,ท้องที่ที่รวมหมู่บ้านหลายหมู่บ้านประมาณยี่สิบหมู่บ้านเข้าด้วยกัน และมีประกาศจัดตั้งเป็นตำบล มีกำนันเป็นหัวหน้าปกครอง.
ตำแบ 0,น.,"ชื่อปลาแห้งชนิดหนึ่งที่ไม่กรีดเนื้อตามยาวเป็นริ้ว เช่น เขากินหมูหนูพัดจะกัดเกลือ ไม่ถ่อเรือแหหาปลาตำแบ (นิราศวัดเจ้าฟ้าของสุนทรภู่), จำแบ ก็ว่า."
ต้ำปุก 0,ว.,เสียงของหนัก ๆ ทึบ ๆ ตกลงจากที่สูง.
ต้ำผาง 0,ว.,เสียงดังของวัตถุแบน ๆ ที่ตกลงหรือกระทบกัน.
ต้ำพรวด 0,ว.,เสียงของตกลงไปในที่รกหรือในที่เหลว ๆ.
ตำแย 0,น.,"ชื่อไม้ล้มลุกชนิด Laportea interrupta (L.) Chew ในวงศ์ Urticaceae มีขนตามลำต้นและใบ ถูกเข้าจะคันและเป็นผื่นตามผิวหนัง, ตำแยตัวเมีย หรือ กะลังตังไก่ ก็เรียก."
ตำแย 1,ว.,เรียกหญิงผู้ทำคลอดตามแผนโบราณ ว่า หมอตำแย.
ตำแยเครือ 0,น.,"ชื่อไม้เถาชนิด Cnesmone javanica Blume ในวงศ์ Euphorbiaceae มีขนหยาบคลุมทั่วทั้งต้น ถูกเข้าจะคันและเป็นผื่นตามผิวหนัง, ตำแยเครือก็เรียก."
ตำแยตัวผู้ 0,น.,"ชื่อไม้ล้มลุกชนิด Acalypha indica L. ในวงศ์ Euphorbiaceae ลักษณะคล้ายตำแยแต่ไม่มีขน ถูกเข้าไม่คัน ใช้ทำยาได้, อเนกคุณ ก็เรียก."
ตำแยตัวเมีย 0,น.,"ชื่อไม้ล้มลุกชนิด Laportea interrupta (L.) Chew ในวงศ์ Urticaceae มีขนตามลำต้นและใบ ถูกเข้าจะคันและเป็นผื่นตามผิวหนัง, ตำแยตัวเมีย หรือ กะลังตังไก่ ก็เรียก."
ตำแยแมว 0,น.,"ชื่อไม้ล้มลุกชนิด Acalypha indica L. ในวงศ์ Euphorbiaceae ลักษณะคล้ายตำแยแต่ไม่มีขน ถูกเข้าไม่คัน ใช้ทำยาได้, อเนกคุณ ก็เรียก."
ตำรวจ 0,น.,เจ้าหน้าที่ของรัฐ มีหน้าที่ตรวจตรารักษาความสงบ จับกุม และปราบปรามผู้กระทำผิดกฎหมาย เรียกชื่อตามหน้าที่ที่รับผิดชอบ เช่น ตำรวจสันติบาล ตำรวจกองปราบ ตำรวจนํ้า ตำรวจรถไฟ ตำรวจป่าไม้.
ตำรวจนครบาล 0,น.,ตำรวจผู้มีหน้าที่รักษาความสงบเรียบร้อยและจับกุมผู้กระทำผิดกฎหมายในเขตกรุงเทพมหานคร.
ตำรวจภูธร 0,น.,ตำรวจผู้มีหน้าที่รักษาความสงบเรียบร้อยและจับกุมผู้กระทำผิดกฎหมายนอกกรุงเทพมหานคร.
ตำรวจวัง 0,น.,ข้าราชการในพระองค์ มีหน้าที่ตรวจตรารักษาพระราชวัง และดูแลไม่ให้มีการละเมิดระเบียบประเพณีวังเป็นต้น.
ตำรวจหลวง 0,น.,ข้าราชการในพระองค์ แต่งเครื่องแบบ สวมเสื้อนอก คอปิด กระดุม ๕ เม็ด นุ่งผ้าม่วงสีน้ำเงิน (หากแต่งเครื่องเต็มยศนุ่งผ้าม่วงเชิงมีลายดิ้นเงิน สวมเสื้อนอกคอตั้งสีม่วงเทา) สะพายกระบี่ สวมหมวกทรงประพาส มีหน้าที่รักษาพระองค์พระมหากษัตริย์และพระราชินี ณ ที่ประทับ และนำเสด็จเป็นชุดตามพระเกียรติยศในงานพระราชพิธีและพิธีด้วย เดิมเรียกว่า พระตำรวจหลวง.
ตำรับ 0,น.,ตำราที่กำหนดไว้เป็นเฉพาะแต่ละเรื่องละราย เช่น ตำรับหอสมุดแห่งชาติ
ตำรับ 1,น.,ใบสั่งยา (ใช้เฉพาะแพทยศาสตร์).
ตำรา 0,น.,"แบบแผนที่ว่าด้วยหลักวิชาต่าง ๆ, ตำรับตำรา ก็ว่า."
ตำรุ 0,น.,ตรุ.
ตำลึง 0,น.,ชื่อไม้เถาชนิด Coccinia grandis (L.) Voigt ในวงศ์ Cucurbitaceae มีมือเกาะ ใช้ใบและยอดเป็นผัก.
ตำลึง 1,น.,"มาตราเงินตามวิธีประเพณี ๔ บาท เท่ากับ ๑ ตําลึง, เขียนตามวิธีโบราณดังนี้ C1458 หมายความว่า ๔ ตําลึง"
ตำลึง 2,น.,"ชื่อมาตราชั่งตามวิธีประเพณี สําหรับกําหนด นํ้าหนักเท่ากับเงินหนัก ๔ บาท หรือ ๖๐ กรัม. (ข. ฎํฬึง, ตมฺลึง)."
ตำส้ม 0,น.,ส้มตำ.
ต่ำสุด 0,ว.,น้อยที่สุด เช่น ตัวเลขต่ำสุด คะแนนนิยมต่ำสุด.
ตำเสา 0,น.,"ชื่อไม้ต้นขนาดกลางถึงขนาดใหญ่ชนิด Fagraea fragrans Roxb. ในวงศ์ Gentianaceae ชอบขึ้นในที่ชื้นแฉะทั่วไปในป่าดิบ ใบสีเขียวแก่ ค่อนข้างหนา ยาวราว ๕-๗ เซนติเมตร ดอกดก สีขาวแล้วเปลี่ยนเป็นสีเหลือง หอมมาก ออกเป็นช่อคล้ายช่อดอกเข็ม ผลเท่าเมล็ดถั่วลันเตา เมื่อสุกสีแดง เนื้อไม้สีเหลืองละเอียด แน่น เป็นมัน แข็งและทนทาน นิยมใช้ในการก่อสร้างต่าง ๆ, ตำเสา หรือ มันปลา ก็เรียก."
ตำหนัก 0,น.,"ที่ประทับของเจ้านาย เช่น ตำหนักปลายเนิน หรือของสมเด็จพระสังฆราช เช่น ตำหนักเพชร, ถ้าเป็นที่ประทับของพระบาทสมเด็จพระเจ้าอยู่หัว เรียกว่า พระตำหนัก เช่น พระตำหนักจิตรลดารโหฐาน พระตำหนักวาสุกรี."
ตำหนักน้ำ 0,น.,ตำหนักที่ปลูกในนํ้า.
ตำหนักแพ 0,น.,ตำหนักที่ตั้งอยู่บนแพ.
ตำหนิ 0,น.,"รอยแผลเป็นหรือไฝปานเป็นต้นที่เป็นเครื่องหมายให้สังเกตเห็นได้, รอยเสียที่ผลไม้หรือสิ่งของ."
ตำหนิ 1,ก.,ติว่าบกพร่อง.
ตำหระ 0,น.,"แถบ, ซีก, แปลง, (ใช้แก่ที่ดินหรือร่างกาย), จำหระ ก็ว่า."
ตำหูตำตา 0,ว.,"ปรากฏชัดแก่ตา, ต่อหน้าต่อตา, ตำตา ก็ว่า."
ตำแหน่ง 0,น.,ที่อยู่ เช่น ตำแหน่งของดวงดาว
ตำแหน่ง 1,น.,แห่งที่
ตำแหน่ง 2,น.,หน้าที่การงาน
ตำแหน่ง 3,น.,ฐานะ เช่น ตำแหน่งผู้จัดการ
ตำแหน่ง 4,น.,ลักษณนามเรียกจำนวนตัวเลขหลังจุดทศนิยม ยกเว้นเลขศูนย์ที่ไม่มีตัวเลขอื่นตามหลัง เช่น ๕.๐๔ เรียกว่า ทศนิยม ๒ ตำแหน่ง ๖.๑๐๘ เรียกว่า ทศนิยม ๓ ตำแหน่ง
ตำแหน่ง 5,น.,"สิ่งที่บ่งระบุระดับความถูกต้องในการแสดงค่าของจำนวนจริงในรูปของทศนิยม เช่น ทศนิยม ๓ ตำแหน่ง หมายถึง ระดับความถูกต้องชนิดที่มีความคลาดเคลื่อนไม่เกิน ๑ ใน ๑,๐๐๐."
ตำแหน่งที่ตั้ง 0,น.,"พิกัดหรือจำนวนจริงชุดหนึ่ง ซึ่งแสดงระยะที่สิ่งใดสิ่งหนึ่งอยู่ห่างจากแกนอ้างอิงที่กำหนดไว้แล้ว, ตำแหน่งที่ ก็เรียก."
ติ 0,ก.,ชี้ข้อบกพร่อง.
ติก- 0,น.,หมวด ๓ คือ ธรรมะที่รวมกันเป็นหมวด ๆ หมวดละ ๓ เช่น ไตรลักษณ์ ๓ ได้แก่ อนิจจัง ทุกขัง อนัตตา อยู่ในหมวดติกะ.
ติกะ 0,น.,หมวด ๓ คือ ธรรมะที่รวมกันเป็นหมวด ๆ หมวดละ ๓ เช่น ไตรลักษณ์ ๓ ได้แก่ อนิจจัง ทุกขัง อนัตตา อยู่ในหมวดติกะ.
ติกาหรัง 0,น.,ตำหนัก เช่น ให้อยู่ยังที่ติกาหรัง นิเวศน์วังลูกหลวงอาศัย (อิเหนา).
ติ๋ง 0,ว.,เสียงนํ้าหยด.
ติง 0,ก.,"ทักไว้, ท้วงไว้."
ติ่ง 0,น.,เนื้อหรือสิ่งเล็ก ๆ ที่งอกหรือยื่นออกมาจากส่วนใหญ่.
ติง 1,ก.,"ขยับเขยื้อน, ไหว."
ติ่ง 1,น.,"ชื่อสัตว์เลี้ยงลูกด้วยนมชนิด Talpa micrura Hodgson ในวงศ์ Talpidae รูปร่างคล้ายหนูตะเภา ลำตัวอ้วนป้อม หัวเล็ก ตาเล็กมาก จมูกแหลม ขนอ่อนนุ่ม เล็บตีนหน้ายาวใหญ่เห็นได้ชัด ขุดรูเป็นที่อยู่อาศัย กินพืช, ติ่ง ก็เรียก."
ติ๋ง ๆ 0,ว.,เสียงนํ้าหยด.
ติ่งตั่ง 0,น.,ชื่อไม้พุ่มรอเลื้อยชนิด Getonia floribunda (Roxb.) Lam. ในวงศ์ Combretaceae ดอกสีเขียวอมขาว ออกดอกเวลาผลัดใบ.
ติ๊งต่าง 0,ก.,"ต่างว่า, สมมุติว่า, ติ๊ต่าง ตี๊ต่าง หรือ ตี๋ต่าง ก็ว่า."
ติ๋งต่าง 0,ก.,"ต่างว่า, สมมุติว่า, ติ๊ต่าง ตี๊ต่าง หรือ ตี๋ต่าง ก็ว่า."
ติงทุเลา 0,ก.,"ถ่วงเวลา, แย้งขอให้ระงับไว้ก่อน, เช่น แลอั้นคำค้านเสียมิได้ถามพญาณ แลอั้นคำท้วงติงทุเลาเสีย (สามดวง พระธรรมนูน), ครั้นว่าพี่มีคำติงทุเลา ช่างกระไรไม่เอาสักอย่าง (รามเกียรติ์ ร. ๒)."
ติงส- 0,ว.,"สามสิบ, ใช้ว่า ดึงส์ ในคำว่า ดาวดึงส์."
ติงสติ 0,ว.,"สามสิบ, ใช้ว่า ดึงส์ ในคำว่า ดาวดึงส์."
ติงสติม- 0,ว.,ที่ ๓๐ เช่น ติงสติมสุรทิน หมายความว่า วันที่ ๓๐.
ติ่งหาย 0,ว.,"ชื่อไม้พุ่มหลายชนิดในสกุล Crotalaria วงศ์ Leguminosae ส่วนใหญ่ดอกสีเหลือง มีบางชนิดดอกสีม่วง ฝักกลมพอง, กิ่งหาย หรือ ติ่งหาย ก็เรียก."
ติณ 0,น.,หญ้า.
ติณ- 0,น.,หญ้า.
ติณชาติ 0,น.,"หญ้า, พืชจำพวกหญ้า."
ติด 0,ก.,แนบอยู่ เช่น เนื้อติดมัน เนื้อติดกระดูก
ติด 1,ก.,ผนึก เช่น ติดแสตมป์ ติดประกาศ ติดกาว
ติด 2,ก.,อาการที่ข้องอยู่ เช่น ติดอยู่ในโลก ติดอยู่ในกิเลส
ติด 3,ก.,ประดับ เช่น ติดเหรียญ ติดตรา เอาดอกไม้ติดผม
ติด 4,ก.,ทำให้เกิดขัดอยู่หรือข้องอยู่จนไม่อาจให้เคลื่อนไปได้ เช่น ติดขบวนแห่ ติดไฟแดง ติดฝน
ติด 5,ก.,"ชอบอย่างขาดไม่ได้ เช่น ติดบุหรี่ ติดฝิ่น ติดละครโทรทัศน์, ผูกพันอยู่อย่างไม่ยอมห่าง เช่น ลูกติดแม่ หมาติดเจ้าของ ติดผู้หญิง"
ติด 6,ก.,อาศัยไปด้วยหรือมาด้วย เช่น ติดรถไปด้วย
ติด 7,ก.,จุด เช่น ติดไฟ ติดตะเกียง ติดเตาฟู่
ติด 8,ก.,ต่อเนื่องอย่างใกล้ชิด เช่น ห้องติดกัน
ติด 9,ก.,ได้รับเชื้อโรค เช่น ติดหวัด
ติด 10,ก.,คงอยู่หรือทำให้คงอยู่ เช่น สีติดเสื้อ เสื้อติดสี
ติด 11,ก.,"ไม่ร่วง, ไม่หลุด, (ใช้แก่ผลไม้) เช่น มะม่วงปีนี้ติดมาก"
ติด 12,ก.,ถูกจำในที่คุมขัง เช่น ติดคุก
ติด 13,ก.,กักบริเวณ เช่น ติดสนม
ติด 14,ก.,"คล้าย, ใกล้ข้าง, เช่น หน้าตาติดไปทางพ่อ"
ติด 15,ก.,มีหนี้สินติดค้างกันอยู่ เช่น ติดเงิน.
ติด 16,ก.,แทงโปโดยวิธีเลี่ยม ลูกค้าติดประตูข้างเคียงได้ ๑ ประตู โปออกประตูที่ลูกค้าแทงเลี่ยมไว้ เจ้ามือจ่าย ๒ ต่อ ถ้าออกประตูที่ลูกค้าแทงติดไว้ ไม่ได้ไม่เสีย ถ้าออกประตูอื่นนอกจากนั้น เจ้ามือกิน เช่น ลูกค้าแทงเลี่ยม ๒ ติด ๓ โปออก ๒ เจ้ามือจ่าย ๒ ต่อ ถ้าออก ๓ ไม่ได้ไม่เสีย ถ้าออกหน่วยหรือครบ เจ้ามือกิน.
ติด 17,น.,"ชื่อปลาทะเลทุกชนิดในวงศ์ Echeneidae เช่น สกุล Echeneis และ Remora มีลักษณะเฉพาะเด่นกว่าปลาอื่น ๆ ทั้งหมด คือ ที่ด้านบนของส่วนหัวมีแผ่นเกาะติดรูปวงรีลักษณะเป็นซี่เรียงตัวในแนวขวางคล้ายบานเกล็ด ใช้เป็นส่วนยึดเกาะแน่นกับปลาหรือสัตว์อื่นที่มีขนาดใหญ่กว่าหรือวัตถุลอยนํ้า ปากเชิดขึ้นอยู่ปลายสุดของหัว ที่พบเสมอได้แก่ ชนิด E. naucrates (Linn.) ขนาดยาวได้ถึง ๖๐ เซนติเมตร, เหา เหาทะเล หรือ เหาฉลาม ก็เรียก."
ติด ๆ 0,ว.,กระชั้นชิด เช่น วิ่งติด ๆ กันไป.
ติดกระดุม 0,ก.,"เย็บลูกกระดุมติดกับเสื้อผ้า, กลัดกระดุม."
ติดกัณฑ์เทศน์ 0,ก.,"เอาเงินติดต้นเทียนบูชาภิกษุหรือสามเณรที่เทศน์, เอาเงินหรือสิ่งของบูชาธรรมเนื่องในการเทศน์."
ติดเก้ง 0,ก.,"อาการสมจรของสุนัขซึ่งกำลังติดกัน, ติดเต้ง หรือ ติดเป้ง ก็ว่า."
ติดขัด 0,ก.,ขัดข้อง.
ติดเครื่อง 0,ก.,ทำให้เครื่องจักรกลติดหรือเดิน.
ติดจะ 0,ว.,"ค่อนข้าง, ใกล้ข้าง, เช่น เห็นรอยขาดอยู่นิดติดจะเก่า (อิเหนา)."
ติดจักรยาน 0,ก.,ขี่จักรยานแล้วบังคับให้อยู่กับที่.
ติดใจ 0,ก.,"ชอบ, ฝังอยู่ในใจ, เช่น เขาพูดดีคนเลยติดใจอยากจะฟังอีก, ติดอกติดใจ ก็ว่า"
ติดใจ 1,ก.,"ข้องใจ, สงสัย, เช่น อธิบายเท่าไรก็ยังติดใจอยู่."
ติดเชื้อ 0,ก.,รับเชื้อโรคเข้าสู่ร่างกาย และเชื้อนั้นเจริญในร่างกาย มักแสดงอาการเจ็บป่วย เช่น เขาติดเชื้อมาจากผู้อื่น
ติดเชื้อ 1,ก.,รับเอานิสัยหรือพฤติกรรมบางอย่างของคนที่อยู่รอบข้างเป็นต้นมาใช้หรือเป็นแบบอย่าง เช่น เขาติดเชื้อพูดคำหยาบมาจากเพื่อน.
ติดเชื้อ 2,ว.,"ลักษณะของโรคที่รับเชื้อมาจากผู้อื่นหรือสิ่งอื่น, เรียกโรคที่มีลักษณะเช่นนั้น ว่า โรคติดเชื้อ."
ติ๊ดเดียว 0,ว.,"เล็กน้อย, เล็กนิดเดียว, เช่น แหวนวงนี้เพชรเม็ดติ๊ดเดียว น้ำในแก้วมีอยู่ติ๊ดหนึ่ง ไม่พอกิน, กระติ๊ด กระติ๊ดเดียว หรือ กระติ๊ดหนึ่ง ก็ว่า."
ติดตลก 0,ก.,"เอาตัวตลกมาเล่นแทรกเพื่อให้ตัวละครหรือคนร้องพัก, ใช้สำนวนโวหารหรือแสดงท่าทางชวนให้คนหัวเราะขบขัน."
ติดตลาด 0,ก.,จัดให้มีตลาดขึ้น
ติดตลาด 1,ก.,เป็นที่นิยมกันทั่วไป เช่น สินค้าติดตลาด.
ติดต่อ 0,ก.,"ไปมาหาสู่กัน, พูดจาเพื่อทำความตกลง, สื่อสาร."
ติดต่อ 1,ว.,"ลักษณะของโรคติดเชื้อเมื่อเป็นแก่ผู้หนึ่งแล้วสามารถแพร่เชื้อไปยังผู้อื่นได้, เรียกโรคที่มีลักษณะเช่นนั้น ว่า โรคติดต่อ เช่น วัณโรคเป็นโรคติดต่อชนิดหนึ่ง."
ติดต้อยห้อยตาม 0,ก.,ตามไปติด ๆ เช่น แต่ร่ำร้องเรียกหาเลือดตาย้อย อุตส่าห์สู้ติดต้อยห้อยตาม (สังข์ทอง).
ติดตะกร้อ 0,ก.,บังคับลูกตะกร้อให้ตั้งนิ่งอยู่บนเข่าหรือข้อมือเป็นต้น.
ติดตัง 0,ก.,ติดแน่น เช่น หมากฝรั่งติดตังแกะไม่ออก.
ติดตั้ง 0,ก.,นำชิ้นส่วนอุปกรณ์เครื่องใช้ต่าง ๆ มาจัดวางหรือประกอบในสถานที่ที่ต้องการ เพื่อให้ใช้การได้ เช่น ติดตั้งเครื่องทำน้ำร้อน ติดตั้งเครื่องยนต์ในโรงงาน ติดตั้งป้ายโฆษณา.
ติดตัว 0,ก.,มีอยู่กับตัว เช่น มีเงินติดตัว มีอาวุธติดตัว.
ติดตา 0,น.,วิธีขยายพันธุ์ต้นไม้แบบหนึ่ง ด้วยการแซะตาของต้นที่ต้องการขยายพันธุ์ไปติดที่ต้นหรือกิ่งของอีกต้นหนึ่งที่เป็นชนิดเดียวกัน โดยกรีดเปลือกตรงที่ต้องการจะนำตาไปติดให้เผยออก สอดตาให้แนบกับเนื้อไม้ ใช้แถบพลาสติกพันให้แน่นเว้นเฉพาะส่วนที่เป็นตา.
ติดตา 1,ก.,ขยายพันธุ์ด้วยวิธีการเช่นนั้น.
ติดตา 2,ก.,นึกเห็นภาพอยู่ไม่รู้เลือน.
ติดตาม 0,ก.,"ไปด้วย, มาด้วย"
ติดตาม 1,ก.,"แสวงหาเพิ่มเติม, สดับตรับฟังความเคลื่อนไหวไปเรื่อย ๆ, เช่น ติดตามข่าว"
ติดตาม 2,ก.,ตามหา เช่น ตำรวจติดตามผู้ร้าย.
ติดตื้น 0,ก.,อาการที่เรือหรือปลาติดอยู่ในที่ที่มีนํ้าตื้น ไม่สามารถจะเคลื่อนไปได้.
ติดเต้ง 0,ก.,ติดเก้ง.
ติดบวก 0,ก.,เพิ่มจำนวน (ใช้เฉพาะการบัญชี).
ติดบ่อน 0,ก.,ตั้งบ่อนการพนันหรือการละเล่นบางอย่าง เช่น ติดบ่อนไพ่ ติดบ่อนรำวง.
ติดปลายนวม 0,ก.,วางเดิมพัน (มักใช้แก่การเดิมพันมวย) เช่น มวยคู่นี้ต้องติดปลายนวมสักหน่อย.
ติดปาก 0,ก.,ใช้คำใดคำหนึ่งบ่อย ๆ จนเป็นนิสัย.
ติดเป้ง 0,ก.,ติดเก้ง.
ติดพัน 0,ก.,"เกี่ยวข้อง, เกี่ยวเนื่องกัน, เช่น การรบติดพัน"
ติดพัน 1,ก.,รักใคร่ชอบพอ เช่น ติดพันนักร้อง.
ติดไฟ 0,ก.,"จุดไฟ, ก่อไฟ, เช่น ติดไฟหุงข้าว"
ติดไฟ 1,ก.,ประดับไฟ เช่น ติดไฟราวงานวันเฉลิมพระชนมพรรษา.
ติดมือ 0,ก.,นำสิ่งของหรือของกำนัลไปด้วย.
ติดไม้ติดมือ 0,ก.,นำสิ่งของหรือของกำนัลไปด้วย.
ติดยาเสพติดให้โทษ 0,น.,เสพเป็นประจำติดต่อกันและตกอยู่ในสภาพที่จำเป็นต้องพึ่งยาเสพติดให้โทษนั้น โดยสามารถตรวจพบสภาพเช่นว่านั้นได้ตามหลักวิชาการ.
ติดร่างแห 0,ก.,"พลอยติดไปด้วย (มักใช้ในทางเคราะห์ร้าย), ติดหลังแห ก็ว่า."
ติดลบ 0,ก.,มีรายจ่ายเกินรายได้
ติดลบ 1,ก.,ขาดจำนวน (ใช้แก่เลขและการบัญชี).
ติดลม 0,ก.,อาการที่ว่าวขึ้นไปสูงได้ลมพยุงให้ทรงตัวอยู่
ติดลม 1,ก.,โดยปริยายหมายความว่า พูดมากเรื่อยไปไม่รู้จักจบ.
ติดศัพท์ 0,ก.,"พูดใช้ศัพท์ยากหลาย ๆ คำ, พูดใช้ศัพท์คำใดคำหนึ่งบ่อย ๆ"
ติดศัพท์ 1,ก.,แปลศัพท์ไม่ออก.
ติดสนม 0,ก.,"ถูกกักบริเวณในเขตพระราชฐาน ใช้แก่พระราชวงศ์ฝ่ายในและข้าราชการฝ่ายใน โดยอยู่ในความควบคุมดูแลของโขลน, ถูกกักบริเวณในวังที่ประทับ โดยอยู่ในความควบคุมดูแลของพวกสนมพลเรือน ใช้แก่ผู้มีฐานันดรศักดิ์แห่งราชวงศ์หรือข้าทูลละอองธุลีพระบาทชั้นผู้ใหญ่."
ติดสอยห้อยตาม 0,ก.,ติดตามไปรับใช้ในที่ต่าง ๆ.
ติดสัด 0,ก.,อาการสืบพันธุ์ของสัตว์ที่เป็นไปตามฤดูกาล.
ติดสำนวน 0,ก.,"พูดใช้สำนวนมาก ๆ, พูดจาเล่นสำนวน."
ติดสินบน 0,ก.,ให้ทรัพย์สินหรือสิ่งอื่นใดแก่บุคคลเพื่อให้ช่วยทำการอย่างไม่สุจริตให้สำเร็จตามประสงค์.
ติดหนับ 0,ก.,ติดแน่นจนแกะไม่ออก.
ติดหน้าตามหลัง 0,ก.,ห้อมล้อมติดตามไป.
ติ๊ดหนึ่ง 0,ว.,"เล็กน้อย, เล็กนิดเดียว, เช่น แหวนวงนี้เพชรเม็ดติ๊ดเดียว น้ำในแก้วมีอยู่ติ๊ดหนึ่ง ไม่พอกิน, กระติ๊ด กระติ๊ดเดียว หรือ กระติ๊ดหนึ่ง ก็ว่า."
ติดหมัด 0,ว.,ทันทีทันใด (เลียนจากภาษามวย คือต่อยไปแล้วบวมหรือโนตามหมัดขึ้นมา).
ติดหลังแห 0,ก.,"พลอยติดไปด้วย (มักใช้ในทางไม่ดี), ติดร่างแห ก็ว่า."
ติดแห้ง 0,ก.,ติดอยู่ในที่ที่นํ้าแห้งลง ไม่พอที่เรือจะไปได้.
ติดอันดับ 0,ก.,เข้าขั้นหรือลำดับที่กำหนดไว้.
ติดอ่าง 0,ว.,อาการที่พูดไม่ใคร่ออกทันใจ คือกว่าจะพูดได้แต่ละคำต้องยํ้าเสียงต้นอยู่นาน จึงพูดต่อไปได้.
ติตติกะ 0,ว.,มีรสขม.
ติตติระ 0,น.,นกกระทา.
ติตถะ 0,น.,"ดิตถ์, ท่านํ้า."
ติเตียน 0,ก.,"ยกโทษขึ้นพูด, กล่าวร้าย."
ติถี 0,น.,"ดิถี, วันตามจันทรคติ เช่น ขึ้นคํ่าหนึ่ง แรม ๒ คํ่า."
ติปา 0,ก.,ตก.
ติปาถะ 0,ว.,"จิปาถะ, สารพัด, ไม่เลือกว่าอะไร."
ติมิ 0,น.,ชื่อปลา ๑ ใน ๗ ตัว ในหนังสือไตรภูมิกถา.
ติมิงคละ 0,น.,ชื่อปลา ๑ ใน ๗ ตัว ในหนังสือไตรภูมิกถา.
ติมินทะ 0,น.,ชื่อปลา ๑ ใน ๗ ตัว ในหนังสือไตรภูมิกถา.
ติมิรปิงคละ 0,น.,ชื่อปลา ๑ ใน ๗ ตัว ในหนังสือไตรภูมิกถา.
ติระ 0,น.,ฝั่ง.
ติรัจฉาน 0,น.,"ดิรัจฉาน, สัตว์เดรัจฉาน."
ติเรือทั้งโกลน 0,ก.,"ตำหนิสิ่งที่ยังทำไม่เสร็จหรือที่ยังไม่รู้ว่าอะไรเป็นอะไร, ติพล่อย ๆ ไปเสียก่อนที่จะรู้ว่าอะไรเป็นอะไร, มักใช้เข้าคู่กับ ติโขนยังไม่ได้แต่งตัว เป็น ติเรือทั้งโกลน ติโขนยังไม่ได้แต่งตัว."
ติลก 0,ว.,"ดิลก, ยอด, เลิศ."
ติลก 1,น.,เครื่องหมายที่เจิมที่หน้าผากของพวกพราหมณ์เป็นเครื่องหมายนิกาย.
ติลก 2,น.,ต้นโลท.
ติละ 0,น.,"ต้นงา, เมล็ดงา."
ติ้ว 0,น.,"ชื่อไม้ต้นหลายชนิดในสกุล Cratoxylum วงศ์ Guttiferae เช่น ติ้วเกลี้ยง [ C. cochinchinense (Lour.) Blume], ขี้ติ้ว หรือ ติ้วใบเลื่อม ก็เรียก."
ติ้ว 1,น.,ไม้ซี่แบน ๆ ชิ้นเล็ก ๆ มักทำด้วยไม้ไผ่ ยาวประมาณ ๑-๒ คืบ ใช้สำหรับเป็นคะแนน เช่น ปักติ้ว นับติ้ว ถ้าส่วนปลายมีเครื่องหมายหรือตัวเลขกำกับไว้ ใช้สำหรับเสี่ยงทาย เช่น สั่นติ้วเซียมซี หรือสำหรับใช้แทนสลาก เช่น เอาติ้วไปขึ้นของ.
ติ้ว 2,ว.,"ตึงเกินไป, แน่นเกินไป, เช่น รัดติ้ว คับติ้ว"
ติ้ว 3,ว.,สั้นกว่าปรกติ เช่น สาแหรกติ้ว
ติ้ว 4,ว.,รวดเร็ว เช่น พัดลมหมุนติ้ว.
ติ้วใบเลื่อม 0,น.,"ชื่อไม้ต้นหลายชนิดในสกุล Cratoxylum วงศ์ Guttiferae เช่น ติ้วเกลี้ยง [ C. cochinchinense (Lour.) Blume], ขี้ติ้ว หรือ ติ้วใบเลื่อม ก็เรียก."
ตี 0,ก.,"เอามือหรือไม้เป็นต้นฟาดหรือเข่นลงไป เช่น ตีเด็ก ตีดาบ, ตบเบา ๆ เช่น ตีพุง"
ตี 1,ก.,บุให้เข้ารูป เช่น ตีขัน ตีบาตร
ตี 2,ก.,แผ่ให้แบน เช่น ตีทอง
ตี 3,ก.,ทำให้เกิดเสียง เช่น ตีระฆัง
ตี 4,ก.,"กด, ประทับ, เช่น ตีพิมพ์ ตีตรา"
ตี 5,ก.,ทำให้เข้ากัน เช่น ตีเกลียวเชือก
ตี 6,ก.,กำหนด เช่น ตีราคา
ตี 7,ก.,ทิ้งให้เห็น เช่น ตีไพ่
ตี 8,ก.,ชักว่าวให้ไปในทิศทางที่ตนต้องการ เช่น ตีว่าวไปทางซ้าย ตีว่าวหนี ตีว่าวแยกกัน.
ตี 9,น.,"วิธีนับเวลาในเวลากลางคืน หลังเที่ยงคืน ตั้งแต่ ๑ นาฬิกา ถึง ๖ นาฬิกา เรียกว่า ตี ๑ ถึง ตี ๖, แต่ตี ๖ นิยมเรียกว่า ยํ่ารุ่ง."
ตี๋ 0,น.,เด็กผู้ชายชาวจีน.
ตี่ 0,น.,"การเล่นอย่างหนึ่งของเด็ก ไม่จำกัดจำนวนผู้เล่น โดยขีดเส้นแบ่งเขตระหว่างผู้เล่น ๒ ฝ่าย และจำกัดเขตด้านกว้างและด้านหลังด้วย ผู้เล่นแบ่งเป็น ๒ ฝ่าย จำนวนเท่า ๆ กัน คนตี่จะวิ่งออกจากเส้นแบ่งเขตโดยกลั้นใจร้องเสียง “ตี่” ตลอดเวลาที่เข้าไปอยู่ในเขตตรงข้าม พยายามใช้มือฟันฝ่ายตรงข้ามให้มากที่สุด และพยายามวิ่งกลับเข้าเขตของตนให้ได้ ฝ่ายตรงข้ามก็ต้องพยายามไม่ให้ถูกฟัน และหาโอกาสจับคนตี่ไว้มิให้กลับไปได้, ตี่จับ หรือ ตี่เสียง ก็เรียก."
ตี่ 1,ก.,วิ่งร้องตี่ไป.
ตี่ 2,ก.,"แหวกออก, ถ่างออก, เช่น ตี่ฝา ว่า ถ่างฝา ตี่ตา ว่า ถ่างตา."
ตี่ 3,น.,เรียกตาที่หนังตาบนตกลงมาจนเกือบปิด ทำให้เบิกตากว้างไม่ได้ ว่า ตาตี่.
ตีกรรเชียง 0,ก.,"กิริยาที่นั่งหันหน้าไปทางท้ายเรือแล้วใช้มือเหนี่ยวกรรเชียงพุ้ยนํ้าให้เรือเคลื่อนไป, กรรเชียง ก็ว่า, ว่ายนํ้าโดยนอนหงายแล้วใช้แขนทั้ง ๒ พุ้ยนํ้าให้ตัวเลื่อนไป, กิริยาที่ชกไปถอยไป เรียกว่า ชกแบบตีกรรเชียง, (โบ) แจวเรือ."
ตีกลับ 0,ก.,ย้อนกลับคืนผู้ส่ง (ใช้แก่หนังสือหรือจดหมาย) เช่น หนังสือถูกตีกลับ จดหมายถูกตีกลับเพราะหาผู้รับไม่ได้.
ตีกาก 0,ก.,ทำเสียงประกอบเพลงอย่างหนึ่ง.
ตีกิน 0,ก.,ฉวยโอกาสเอาประโยชน์ที่ไม่ควรจะได้.
ตีเกล็ด 0,ก.,ทบผ้า ๒ ชั้นแล้วเย็บเป็นแนว เพื่อการตกแต่ง
ตีเกล็ด 1,ก.,ตีฝากระดานซ้อนเหลื่อมกันตามแนวนอน.
ตีเกลียว 0,ก.,หมุนบิดให้เชือกควบรวมเป็นเส้นเขม็งขึ้น.
ตีไก่ 0,ก.,"ให้ไก่ตีกันหรือชนกัน, การเล่นของเด็กที่เอาดอกหญ้าแพรกมาตีกัน, การเล่นของเด็ก โดยนั่งยอง ๆ เอามือแต่ละข้างสอดเข้าไปใต้ขาพับ แล้วขยับเข้าชนกัน ฝ่ายที่ล้มถือว่าแพ้."
ตีขนาบ 0,ก.,ประกบเข้ามาทั้ง ๒ ข้าง.
ตีขลุม 0,ก.,"ตู่หรือหยิบฉวยเอาของผู้อื่นโดยทึกทักเอาว่าเป็นของตน, รับสมอ้างเพื่อประโยชน์แก่ตน."
ตีข่าว 0,ก.,ตีพิมพ์ข่าว (ใช้แก่หนังสือพิมพ์) เช่น หนังสือพิมพ์นิยมตีข่าวที่อยู่ในความสนใจของประชาชน.
ตีความ 0,ก.,ชี้หรือกำหนดความหมาย
ตีความ 1,ก.,ให้ความหมายหรืออธิบาย
ตีความ 2,ก.,ใช้หรือปรับให้เข้าใจเจตนาและความมุ่งหมายเพื่อความถูกต้องเป็นต้น
ตีความ 3,ก.,วิเคราะห์ถ้อยคำ ข้อความ และความมุ่งหมายของบทกฎหมาย นิติกรรม สัญญา หรือเอกสารอื่น ๆ ที่มีปัญหาสงสัย หรือที่มีความหมายไม่ชัดเจน เพื่อให้ทราบความหมายของถ้อยคำหรือข้อความนั้น ๆ.
ตีคอ 0,ก.,พูดให้ต้องใจหรือให้ถูกอกถูกใจเพื่อหวังผลอย่างใดอย่างหนึ่ง.
ตีคู่ 0,ก.,แข่งขึ้นหน้ากันและกัน.
ตีงูให้กากิน 0,ก.,ลงแรงทำสิ่งที่ไม่เป็นคุณแก่ตน แล้วผลประโยชน์ยังกลับไปได้แก่ผู้อื่น.
ตีงูให้หลังหัก 0,ก.,กระทำการสิ่งใดแก่ศัตรูโดยไม่เด็ดขาดจริงจังย่อมจะได้รับผลร้ายในภายหลัง เช่น ประเวณีตีงูให้หลังหัก มันก็มักทำร้ายเมื่อภายหลัง (อภัย).
ตีจาก 0,ก.,"ทำตัวออกหาก, แยกตัวออกไป, ทอดทิ้ง, หนีไป, เลิกคบกัน."
ตีชิง 0,ก.,ทำร้ายเจ้าทรัพย์แล้วแย่งเอาทรัพย์สินไป.
ตีชิงวิ่งราว 0,ก.,ทำร้ายเจ้าทรัพย์แล้วแย่งเอาทรัพย์สินไป.
ตีตนก่อนไข้ 0,ก.,กังวลทุกข์ร้อนหรือหวาดกลัวในเรื่องที่ยังไม่เกิดขึ้น.
ตีตนตายก่อนไข้ 0,ก.,กังวลทุกข์ร้อนหรือหวาดกลัวในเรื่องที่ยังไม่เกิดขึ้น.
ตีตรวน 0,ก.,ล่ามข้อเท้าด้วยตรวน โยงติดกันทั้ง ๒ ข้าง เพื่อกันไม่ให้หนีได้ง่าย.
ตีตั๋ว 0,ก.,ซื้อตั๋ว.
ตีตัวออกหาก 0,ก.,"ห่างเหินไปไม่ร่วมมือร่วมใจเหมือนเดิม, ตีตนจากไป, ปลีกตัวออกไป, เอาใจออกหาก ก็ว่า."
ตีตื้น 0,ก.,ค่อยดีขึ้น (ใช้ในลักษณะเช่นการแข่งขันที่ตกอยู่ในฐานะเสียเปรียบแล้วกลับฟื้นตัวขึ้น).
ตีแตะ 0,ก.,ขัดแตะโดยเอาไม้ไผ่ผ่าให้เป็นซี่ ๆ แล้วขัดกันให้เป็นแผ่นหรือเป็นปื้น ใช้ทำรั้วบ้านและฝาเรือน.
ตีโต้ 0,ก.,ตีกลับไป.
ตีทอง 0,น.,ชื่อนกขนาดเล็กชนิด Megalaima haemacephala (Müller) ในวงศ์ Megalaimidae เป็นนกโพระดกที่เล็กที่สุด ตัวสีเขียว คอสีเหลือง อกสีแดง หน้าผากสีแดง วงรอบเบ้าตาสีเหลือง ทำรังในโพรงไม้ กินผลไม้ขนาดเล็ก เช่น ลูกไทร ลูกหว้า มักเกาะตามกิ่งไม้แห้งในที่สูง ๆ ร้องเสียง “ต้อง ๆ ” เป็นจังหวะสมํ่าเสมอ.
ตีทะเบียน 0,ก.,จดทะเบียน.
ตีท้ายครัว 0,ก.,เข้าติดต่อตีสนิททางภรรยา (มักใช้ในทางชู้สาว).
ตีท้ายน้ำ 0,ก.,ตีน้ำปลายท้องร่องด้านหนึ่งให้ปลาตกใจว่ายขึ้นมาทางปลายท้องร่องอีกด้านหนึ่ง เพื่อสะดวกในการจับ
ตีท้ายน้ำ 1,ก.,เข้าทำในตอนหลังหรือในระยะหลัง.
ตีโทนโยนทับ 0,น.,ชื่อท่ารำแบบหนึ่ง โดยมือข้างหนึ่งตั้งวงสูง มืออีกข้างหนึ่งตั้งวงระดับชายพก เอียงศีรษะข้างเดียวกับมือต่ำ.
ตีน 0,น.,"อวัยวะส่วนล่างสุดของคนหรือสัตว์ นับตั้งแต่ใต้ข้อเท้าลงไป สำหรับยืนหรือเดินเป็นต้น, โดยปริยายหมายถึงสิ่งอื่นที่มีลักษณะคล้ายคลึงเช่นนั้นหรือส่วนล่างของสิ่งบางอย่าง เช่น ตีนม่าน ตีนมุ้ง"
ตีน 1,น.,"ชาย, เชิง, เช่น ตีนท่า ตีนเลน."
ตีน 2,น.,"ชื่อปลานํ้ากร่อยในวงศ์ Gobiidae ขนาดยาวประมาณ ๓๐ เซนติเมตร ที่ใช้ครีบอกต่างตีน ตาโปนมองเห็นเหนือนํ้าได้ดี เช่น ชนิด Periophthalmus barbarus (Linn.), Boleophthalmus boddarti (Pallas). (ดู จุมพรวด)."
ตีนกา 0,น.,"เครื่องหมายกากบาทมีรูปดังนี้ + หรือ x, ไม้จัตวามีรูปดังนี้ ^"
ตีนกา 1,น.,เรียกรอยย่นซึ่งปรากฏที่หางตามีลักษณะคล้ายคลึงเช่นนั้น ว่า ตีนกา.
ตีนกา 2,น.,"ชื่อเครื่องหมายรูปดังนี้ + สําหรับบอกจํานวนเงิน ปลายเส้นดิ่งข้างบนเป็นหลักชั่ง มุมบนด้านซ้ายเป็นหลักตําลึง มุมบนด้านขวาเป็นหลักบาท มุมล่างด้านขวาเป็นหลักสลึง มุมล่างด้านซ้ายเป็นหลักเฟื้อง ปลายเส้นดิ่งข้างล่างเป็นหลักไพ เช่น อ่านว่า ๕ ชั่ง ๔ ตําลึง ๓ บาท ๒ สลึง ๑ เฟื้อง ๒ ไพ, เฉพาะ จํานวนตําลึง บาท สลึง เฟื้อง อาจเขียนย่อแต่เพียงมุมใดมุมหนึ่งที่ต้องการก็ได้ เช่น = ๔ ตําลึง = ๓ บาท = ๒ สลึง = ๑ เฟื้อง, ปัจจุบัน แพทย์แผนโบราณยังใช้เครื่องหมายตีนกาหรือตีนครุเป็นมาตราชั่งเฉพาะที่เกี่ยวกับเครื่องยาเท่านั้น"
ตีนกา 3,น.,"ชื่อหญ้าชนิด Eleusine indica (L.) Gaertn. ในวงศ์ Gramineae ลำต้นแบน ช่อดอกเป็นก้านเดี่ยว ปลายก้านแตกเป็นแขนงสั้น ๆ คล้ายตีนกา ใช้ทำยาได้, หญ้าปากคอก ก็เรียก."
ตีนครุ 0,น.,"ชื่อเครื่องหมายรูปดังนี้ + สําหรับบอกจํานวนเงิน ปลายเส้นดิ่งข้างบนเป็นหลักชั่ง มุมบนด้านซ้ายเป็นหลักตําลึง มุมบนด้านขวาเป็นหลักบาท มุมล่างด้านขวาเป็นหลักสลึง มุมล่างด้านซ้ายเป็นหลักเฟื้อง ปลายเส้นดิ่งข้างล่างเป็นหลักไพ เช่น อ่านว่า ๕ ชั่ง ๔ ตําลึง ๓ บาท ๒ สลึง ๑ เฟื้อง ๒ ไพ, เฉพาะ จํานวนตําลึง บาท สลึง เฟื้อง อาจเขียนย่อแต่เพียงมุมใดมุมหนึ่งที่ต้องการก็ได้ เช่น = ๔ ตําลึง = ๓ บาท = ๒ สลึง = ๑ เฟื้อง, ปัจจุบัน แพทย์แผนโบราณยังใช้เครื่องหมายตีนกาหรือตีนครุเป็นมาตราชั่งเฉพาะที่เกี่ยวกับเครื่องยาเท่านั้น"
ตีนคู้ 0,น.,ชื่อเรียกสระอู.
ตีนจก 0,น.,"ชื่อเชิงซิ่นที่ทอด้วยวิธีจกลายโดยใช้ขนเม่นควักด้ายเส้นยืน แล้วสอดไหมหรือด้ายทำเป็นลวดลาย แล้วนํามาเย็บติดกับตัวซิ่น, เรียกซิ่นที่มีเชิงเช่นนั้น ว่า ซิ่นตีนจก."
ตีนจ้ำ 0,น.,ชื่อไม้พุ่มชนิด Ardisia aprica H. R. Fletcher ในวงศ์ Myrsinaceae ยอดและใบอ่อนกินได้.
ตีนตะขาบ 0,น.,สายพานเหล็กหรือยางที่ใช้คล้องล้อที่อยู่ข้างเดียวกันของรถ เพื่อให้สามารถขับเคลื่อนไปในภูมิประเทศที่เป็น ทุ่งนาป่าเขาหรือเป็นหลุมเป็นบ่อได้โดยล้อไม่จม
ตีนตะขาบ 1,น.,เรียกรถที่มีตีนตะขาบคล้องล้อ ว่า รถตีนตะขาบ เช่น รถถังตีนตะขาบ รถขุดดินตีนตะขาบ.
ตีนตะขาบ 2,น.,ชื่อเฟินชนิด Nephrolepis biserrata (Sw.) Schott var. furcans Hort ex L. H. Bailey ในวงศ์ Nephrolepidaceae.
ตีนตุ๊กแก 0,น.,"ชื่อไม้เถาชนิด Ficus pumilaL. ในวงศ์ Moraceae ใบเขียว กิ่งก้านแตกรากเกาะเลื้อย ใช้ปลูกประดับผนัง, ลิ้นเสือ ก็เรียก."
ตีนตุ๊กแก 1,น.,ชื่อไม้ล้มลุกขนาดเล็กชนิด Tridax procumbensL. ในวงศ์ Compositae ขึ้นทั่วไปตามที่รกร้าง ช่อดอกมีก้านยาว กลีบสีเหลืองนวล.
ตีนตุ๊กแก 2,น.,"ชื่อไม้ล้มลุกอวบนํ้าชนิด Kalanchoe delagoensisEckl. et Zeyh . ในวงศ์ Crassulaceae เป็นไม้ปลูก, ตุ๊กแกใบกลม ก็เรียก."
ตีนตุ๊กแก 3,น.,"ชื่อพืชใกล้เคียงเฟินขนาดเล็กชนิด Selaginella helferiWarb . ในวงศ์ Selaginellaceae ใบเป็นเกล็ดเล็ก ๆ มีกลุ่มอับสปอร์เป็นแท่งที่ปลายกิ่ง, หญ้าร้องไห้ ก็เรียก."
ตีนตุ๊กแก 4,น.,"ชื่อเห็ดชนิด Schizophyllum communeFr. ในวงศ์ Schizophyllaceae ขึ้นตามเปลือกไม้ ดอกเห็ดรูปพัดขอบจักม้วนลง สีขาวอมเทาอ่อน ด้านล่างมีครีบสีนํ้าตาลเข้ม เนื้อเหนียว กินได้, เห็ดข้าวตอก ก็เรียก, ปักษ์ใต้เรียก เห็ดแครง."
ตีนตุ๊กแก 5,น.,"ชื่อเห็ดชนิด Lopharia papyracea (Jungh.) Reid ในวงศ์ Stereaceae ขึ้นบนขอนไม้ ไม่มีก้าน เป็นแผ่นบางคล้ายกระดาษ สีนํ้าตาลหม่น กินได้ และใช้ทำยา, เห็ดจิก ก็เรียก."
ตีนเต่า 0,น.,เรียกกล้วยลูกเล็ก ๆ ที่อยู่ปลายเครือว่า กล้วยตีนเต่า.
ตีนถีบปากกัด 0,ก.,"ต่อสู้ดิ้นรนทำงานทุกอย่างเพื่อเลี้ยงปากเลี้ยงท้อง, ปากกัดตีนถีบ ก็ว่า."
ตีนเท่าฝาหอย 0,น.,คำเปรียบเด็กทารกซึ่งมีเท้าเล็กเท่าฝาหอย เช่น เลี้ยงมาตั้งแต่ ตีนเท่าฝาหอย.
ตีนเทียน 0,น.,ชื่อนกขนาดกลางชนิด Himantopus himantopus (Linn.) วงศ์ย่อย Recurvirostrinae ในวงศ์ Charadriidae ปากสีดำและยาวเรียว ลำตัวด้านบนลายเขียว ด้านล่างสีขาว ขายาวสีแดง ตัวผู้หัวสีดำ ตัวเมียหัวสีขาว พบตามชายทะเลและชายฝั่งแม่นํ้า กินกุ้ง ปลา และแมลง.
ตีนนก 0,น.,"ชื่อไม้ต้นชนิด Vitex pinnata L. ในวงศ์ Labiatae ดอกเล็ก สีฟ้าอมขาว ออกเป็นช่อใหญ่ ผลกลมเล็ก สีดำ เนื้อไม้ทนทานใช้ทำเครื่องมือ, กานน กาสามปีก โคนสมอ หรือ สมอกานน ก็เรียก."
ตีนนก 1,น.,"ชื่อไม้ต้นชนิด Vitex peduncularis Wall. ex Schauer ในวงศ์ Labiatae ขึ้นทั่วไปในป่าเบญจพรรณ ใช้ทำยาได้, กาจับหลัก หรือ ตีนนก ก็เรียก."
ตีนเป็ด 0,น.,"ชื่อไม้ต้นหลายชนิดหลายสกุล ในวงศ์ Apocynaceae เช่น ชนิด Alstonia scholaris (L.) R. Br., สัตบรรณ หรือ พญาสัตบรรณ ก็เรียก, ชนิด Cerbera odollam Gaertn. ตีนเป็ดน้ำ, ตีนเป็ดทะเล ก็เรียก."
ตีนเป็ดทะเล 0,น.,"ชื่อไม้ต้นหลายชนิดหลายสกุล ในวงศ์ Apocynaceae เช่น ชนิด Alstonia scholaris (L.) R. Br., สัตบรรณ หรือ พญาสัตบรรณ ก็เรียก, ชนิด Cerbera odollam Gaertn. ตีนเป็ดน้ำ, ตีนเป็ดทะเล ก็เรียก."
ตีนผี 0,น.,ไม้ซึ่งอยู่ใต้หางหงส์ สอดอยู่ในช่องว่างระหว่างแปหัวเสากับเชิงกลอน.
ตีนผี 1,น.,ส่วนของจักรเย็บผ้าที่ใช้กดผ้าเวลาเดินจักร ยกขึ้นลงได้.
ตีนผี 2,น.,ไกที่ติดอยู่ใต้กระปุกตะเกียงลาน สําหรับไขลาน มีลักษณะคล้ายกุญแจไขลานนาฬิกา.
ตีนผี 3,น.,เรียกผู้ที่ขับรถเร็วจนน่าหวาดเสียวและไม่รักษากฎจราจร ว่า พวกตีนผี.
ตีนแรด 0,น.,เห็ดตีนแรด. [ดู จั่น ๕ (๒)].
ตีนแรด 1,น.,ชื่อต้นไม้ยืนต้น.
ตีนโรงตีนศาล 0,ว.,เรียกผู้ที่หารายได้โดยรับจ้างเขียนคำร้อง กรอกเอกสารบางอย่าง เป็นต้น ตามศาลยุติธรรม ว่า พวกตีนโรงตีนศาล.
ตีนเหยียด 0,น.,ชื่อเรียกสระอุ.
ตีบ 0,ว.,มีอาการแคบเข้าผิดปรกติ (ใช้แก่สิ่งที่เป็นช่องกลวง) เช่น คอตีบ เส้นเลือดตีบ ไส้ตีบ.
ตีบ 1,น.,ชื่อกล้วยพันธุ์หนึ่งซึ่งพัฒนามาจากลูกผสมระหว่างกล้วยป่ากับกล้วยตานี.
ตีบทแตก 0,ก.,แสดงได้แนบเนียนสมบทบาท.
ตีบรรทัด 0,ก.,ทำให้เป็นเส้นบรรทัดตามแนวนอน.
ตีบังกั้น 0,ก.,ช่วยปกป้องและออกรับแทน.
ตี่ใบ้ 0,น.,ชื่อการเล่นตี่ชนิดหนึ่งที่ผู้ตี่ไม่ทำเสียง “ตี่” ในเวลาเล่น คือต้องหุบปากตลอดเวลาการหุบปากเท่ากับการออกเสียงตี่ อ้าปากเมื่อใดเท่ากับสิ้นเสียงตี่เมื่อนั้น.
ตีปลาหน้าไซ 0,ก.,พูดหรือทำให้กิจการของผู้อื่นซึ่งกำลังดำเนินไปด้วยดีกลับเสียไป.
ตีป่า 0,ก.,"ตีดะ, ตีไม่เลือก."
ตี่ป้าบ 0,น.,ชื่อการเล่นตี่ชนิดหนึ่งใช้มือตบหลังเมื่อไล่ทัน.
ตีป่าให้เสือกลัว 0,ก.,ขู่ให้กลัว.
ตีปีก 0,ก.,"แสดงความดีใจโดยงอข้อศอกแล้วตีสีข้างอย่างไก่ตีปีก, แสดงอาการลิงโลดด้วยความดีใจ."
ตีแปลง 0,ก.,"ทำดินโคลนให้เป็นแอ่งสำหรับนอนเกลือก (ใช้แก่ควาย หมู), โดยปริยายหมายถึงลักษณะที่คล้ายคลึงเช่นนั้น เช่น นอนตีแปลง"
ตีแปลง 1,ก.,อาการที่ปลากัดกอข้าว กอกก เป็นต้น สำหรับวางไข่.
ตีผี 0,น.,วิธีเล่นการพนันบิลเลียดชนิดหนึ่ง.
ตีผึ้ง 0,ก.,หาผึ้ง โดยวิธีเอาควันรมแล้วตัดคอนหรือปาดเอาหัวน้ำหวานที่คอนลงมา
ตีผึ้ง 1,ก.,เรียกการเล่นชนิดหนึ่งทางภาคอีสานเล่นต่อจากตอนหมอลำ.
ตีแผ่ 0,ก.,"ขยายออกมาอย่างชัดแจ้ง, เปิดเผยรายละเอียดอย่างชัดแจ้ง, เช่น เอาความลับของผู้อื่นมาตีแผ่."
ตีฝีปาก 0,ก.,อวดแสดงคารม.
ตีโพยตีพาย 0,ก.,"แกล้งร้องหรือทำโวยวายเกินสมควร, แสดงความเสียอกเสียใจจนเกินเหตุ."
ตีมอง 0,ก.,จับปลาด้วยมอง.
ตีรถะ 0,*น.,"ติตถ์, ดิตถ์, ท่านํ้า."
ตีรถังกร 0,น.,เจ้าลัทธิในศาสนาเชน.
ตีรวน 0,ก.,"แสดงกิริยาหรือวาจาชวนวิวาท, รวน ก็ว่า."
ตีระ 0,น.,ฝั่ง.
ตีรั้ง 0,ว.,"คล้ายคลึงกัน, เสมอกัน."
ตีลังกา 0,ก.,หกคะเมนหงายหลังม้วนเอาหัวกลับขึ้น.
ตีลูกซึม 0,ก.,"ทำเฉย ๆ เหมือนไม่รู้เรื่อง, แสร้งทำหน้าซึมเศร้าเพื่อให้สงสารหรือเห็นอกเห็นใจ."
ตีวง 0,ก.,"ล้อมวง, ขยายวง."
ตีวัวกระทบคราด 0,ก.,โกรธคนหนึ่งแต่ทำอะไรเขาไม่ได้ ไพล่ไปรังควานอีกคนหนึ่งที่เกี่ยวข้องและตนสามารถทำได้.
ตีสนิท 0,ก.,เข้าไปทำเป็นสนิทชิดชอบเพื่อหวังผลอย่างใดอย่างหนึ่ง.
ตีสองหน้า 0,ก.,ทำให้ทั้ง ๒ ฝ่ายต่างเข้าใจว่าเป็นพวกตน.
ตีสาย 0,ก.,ส่งโทรเลข.
ตีสายตะแล็ปแก็ป 0,ก.,ส่งโทรเลข.
ตีสำนวน 0,ก.,พูดใช้สำนวนโวหารเป็นเชิงอวดฉลาด.
ตีเส้น 0,ก.,ทำให้เป็นแนวตรงด้วยไม้บรรทัดหรือด้ายชุบสีดำเป็นต้น.
ตีเสมอ 0,ก.,ยกตนขึ้นเทียมท่าน โดยไม่รู้จักที่ตํ่าที่สูง
ตีเสมอ 1,ก.,ทำคะแนนได้เท่ากัน (ใช้แก่การแข่งขันกีฬา) เช่น ฟุตบอลคู่นี้ตีเสมอกันในนาทีสุดท้าย.
ตีเสียง 0,ก.,"ขึ้นเสียง, ออกเสียงดังด้วยความโกรธ, (เป็นคำที่ผู้ใหญ่ใช้ว่าผู้น้อย)."
ตีเสียว่า 0,ก.,"กะเอาว่า, สมมุติว่า."
ตีหน้าเซ่อ 0,ก.,ทำหน้าเหมือนไม่รู้เรื่อง.
ตีหน้าตาย 0,ก.,ทำหน้าเฉยเหมือนไม่มีความรู้สึกหรือไม่รู้เรื่อง.
ตีหน้ายักษ์ 0,ก.,"ทำหน้าถมึงทึงแสดงอาการเกรี้ยวกราดดุดัน, ใส่หน้ายักษ์ ก็ว่า."
ตีหลายหน้า 0,ก.,"ตลบตะแลง, กลับกลอก."
ตีหัวเข้าบ้าน 0,ก.,ฉวยโอกาสหาประโยชน์ เมื่อได้แล้วหลบหนีเข้าหาที่ปลอดภัย.
ตีห่าง 0,ก.,"ตีตัวออกหาก, ไม่คบหาสมาคมด้วยเหมือนเดิม."
ตีไหล่ 0,ว.,เคียงคู่กันอย่างใกล้ชิดสนิทสนม เช่น ๒ คนนี้รักกันมาก เดินตีไหล่กันมาเลย.
ตีอวน 0,ก.,จับปลาด้วยอวน.
ตีอีตื้อ 0,ก.,"นิ่งเฉย, ดื้อด้าน."
ตึ 0,ว.,"ลักษณะกลิ่นเหม็นอย่างหนึ่งคล้ายกลิ่นเนื้อแห้ง, มักใช้ประกอบกับคำ เหม็น เป็น เหม็นตึ."
ตึ ๆ 0,ว.,"ลักษณะกลิ่นเหม็นอย่างหนึ่งคล้ายกลิ่นเนื้อแห้ง, มักใช้ประกอบกับคำ เหม็น เป็น เหม็นตึ."
ตึก 0,น.,อาคารที่ก่อสร้างด้วยอิฐถือปูนเป็นต้น.
ตึก ๆ 0,ว.,เสียงดังอย่างเสียงหัวใจเต้นเวลาเหนื่อยหรือตกใจเป็นต้น.
ตึ้ก ๆ 0,ว.,เสียงดังอย่างเสียงหัวใจเต้นเวลาเหนื่อยหรือตกใจเป็นต้น.
ตึกดิน 0,น.,โรงก่ออิฐถือปูน สำหรับเก็บดินปืน
ตึกดิน 1,น.,ตึกที่ก่อด้วยอิฐดิบ.
ตึ้กตั้ก 0,ว.,เสียงดังอย่างเสียงหัวใจเต้นเวลาเหนื่อยหรือตกใจเป็นต้น.
ตึกแถว 0,น.,"อาคารที่ก่อด้วยอิฐฉาบปูนหรือคอนกรีตทำเป็นห้อง ๆ เรียงติดกันไปเป็นแถว, ห้องแถว ก็เรียก."
ตึกระฟ้า 0,น.,อาคารที่สูงมาก.
ตึง 0,ว.,"ไม่หย่อน เช่น เชือกตึง เส้นตึง, ค่อนข้างคับ เช่น เสื้อแขนตึง"
ตึง 1,ว.,มีอาการออกจะโกรธ ๆ เช่น หมู่นี้ดูตึงไป.
ตึง 2,ว.,เสียงดังอย่างของหนัก ๆ ตกกระทบพื้นแข็ง.
ตึง 3,ว.,"ชื่อไม้ต้นชนิด Dipterocarpus tuberculatus Roxb. ในวงศ์ Dipterocarpaceae ใบใหญ่ ใช้ห่อยาสูบและมุงหลังคา, คลุ้ง ตองตึง หรือ ตึง ก็เรียก."
ตึง ๆ 0,ว.,เสียงดังอย่างของหนัก ๆ ตกกระทบพื้นแข็ง.
ตึงเครียด 0,ว.,ใกล้จะถึงขั้นแตกหัก เช่น สถานการณ์ตึงเครียด.
ตึงตัง 0,ว.,เสียงอย่างของหนัก ๆ ตกลงบนพื้นกระดานหลาย ๆ ครั้ง
ตึงตัง 1,ว.,โดยปริยายหมายถึงมีกิริยามารยาทซุ่มซ่ามไม่เรียบร้อย เช่น ทะลึ่งตึงตัง.
ตึงตัว 0,ว.,แก้ไขให้คลายความลำบากหรือความคับแค้นได้ยาก เช่น เศรษฐกิจอยู่ในภาวะตึงตัว.
ตึงเปรี๊ยะ 0,ว.,ตึงมากจนเกือบจะปริหรือขาด.
ตึ๊ดตื๋อ 0,ว.,"มาก, ใช้ประกอบกับคำ มืด เป็น มืดตึ๊ดตื๋อ."
ตึตัง 0,ว.,"เหม็นตืด, ล้างไม่ค่อยหายเหม็น, ตุตัง ก็ว่า."
ตืด 0,ว.,"กลิ่นไม่ดี, กลิ่นเหม็นที่ติดอยู่ไม่รู้หาย เรียกว่า เหม็นตืด, บางทีใช้ว่า เหม็นตืดเหม็นตัง."
ตืด 1,ว.,"หนืด, ตระหนี่, มักใช้ว่า ขี้ตืด."
ตื่น 0,ก.,"ฟื้นจากหลับ เช่น ตื่นนอน, ไม่หลับ เช่น ตื่นอยู่"
ตื่น 1,ก.,แสดงอาการผิดปรกติเพราะตกใจ ดีใจ หรือแปลกใจ เป็นต้น เช่น วัวตื่น ควายตื่น ตื่นเวที ตื่นยศ ตื่นไฟ
ตื่น 2,ก.,รู้สิ่งทั้งหลายตามความเป็นจริง ในคำว่า พระพุทธเจ้าเป็นผู้ตื่นแล้ว
ตื่น 3,ก.,"โดยปริยายหมายความว่า รู้เท่าทัน, รู้ตัวขึ้น."
ตื้น 0,ว.,"ตํ่าลงไปจากขอบน้อยกว่าปรกติ เช่น ชามก้นตื้น, หยั่งลงไปได้ไม่ไกลจากผิวหน้าหรือขอบบน เช่น นํ้าตื้น คลองตื้น, เข้าไปไม่ไกลจากขอบเป็นต้น เช่น ตรอกตื้น"
ตื้น 1,ว.,"ผิวเผิน, ไม่ลึกซึ้ง, เช่น ความคิดตื้น, ตรงข้ามกับ ลึก."
ตื่นข่าว 0,ก.,ตระหนกตกใจไปกับข่าวหรือคำเล่าลือ.
ตื้นตัน 0,ว.,รู้สึกอัดอั้นเพราะดีใจหรือเสียใจเป็นต้น.
ตื้นตันใจ 0,ว.,รู้สึกอัดอั้นเพราะดีใจหรือเสียใจเป็นต้น.
ตื่นตัว 0,ก.,"ไหวทันเหตุการณ์, รู้ตัวทันเหตุการณ์."
ตื่นตาตื่นใจ 0,ก.,ตื่นเต้นเพราะได้พบได้เห็นสิ่งที่ไม่เคยพบเคยเห็น.
ตื่นตาย 0,ก.,ตื่นเต้นอย่างยิ่ง เช่น เมื่อนั้น องค์มะเดหวีโฉมฉาย กับพี่เลี้ยงไม่แจ้งแห่งอุบาย ก็ตื่นตายยินดีเป็นพ้นนัก (อิเหนา).
ตื่นตูม 0,ก.,ตกใจโดยไม่ได้พิจารณา เช่น กระต่ายตื่นตูม.
ตื่นเต้น 0,ก.,"แสดงอาการลิงโลดเพราะดีใจหรือแปลกใจ, มีความประหม่าเพราะไม่คุ้นเคย."
ตื่นแต่ดึก สึกแต่หนุ่ม 0,ก.,เร่งรัดทำการงานให้เหมาะสมแก่เวลาและวัยที่ยังแข็งแรงอยู่.
ตื่นฟ้า 0,ก.,ทำให้ฟ้าปั่นป่วน เช่น ไพรฦกแหล่งหล้าลั่น ฦๅถึง สรวงฤๅ เสียงอัคนีศรตึง ตื่นฟ้า (ตะเลงพ่าย).
ตื้อ 0,ว.,ทึบ เช่น มืดตื้อ สมองตื้อ
ตื้อ 1,ว.,แน่นอึดอัด เช่น อิ่มตื้อ ท้องตื้อ
ตื้อ 2,ว.,เรียกดอกไม้ไฟชนิดหนึ่ง ว่า อ้ายตื้อ หรือ อีตื้อ
ตื้อ 3,ว.,เรียกข้าวเหนียวกินกับนํ้ากะทิในพิธีเลี้ยง ว่า อ้ายตื้อ.
ตื๊อ 0,ก.,"รบเร้าจะเอาให้ได้, เซ้าซี้รบกวนรํ่าไป."
ตื๋อ 0,ว.,เร็วมาก (ใช้แก่กริยาวิ่ง)
ตื๋อ 1,ว.,"มาก, ใช้ประกอบกับคำ มืด เป็น มืดตื๋อ."
ตุ 0,ว.,"ลักษณะกลิ่นเหม็นอย่างหนึ่งคล้ายกลิ่นเนื้อหรือปลาที่ตากไม่ได้แดดเป็นต้น, ใช้ประกอบกับคำ เหม็น เป็น เหม็นตุ."
ตุ๊ 0,ว.,"จํ้ามํ่า, ใช้ประกอบกับคำ อ้วน เป็น อ้วนตุ๊."
ตุ๊ 1,น.,พระภิกษุ.
ตุ ๆ 0,ว.,"ลักษณะกลิ่นเหม็นอย่างหนึ่งคล้ายกลิ่นเนื้อหรือปลาที่ตากไม่ได้แดดเป็นต้น, ใช้ประกอบกับคำ เหม็น เป็น เหม็นตุ."
ตุ๊กแก 0,น.,"ชื่อสัตว์เลื้อยคลานหลายชนิดหลายสกุล ในวงศ์ Gekkonidae หัวโต ลำตัวยาว มีลายเป็นจุดสีต่าง ๆ กระจายอยู่ด้านบนของตัวเปลี่ยนสีได้ หางค่อนข้างยาว ตีนมีลักษณะพิเศษสามารถเกาะตามพื้นเรียบได้ ไข่กลมติดตามผนัง หลายชนิดร้องเสียงดัง ออกหากินในเวลากลางคืน ตุ๊กแกที่พบบ่อยตามบ้านเรือนและในป่า ได้แก่ ตุ๊กแกใหญ่ [ Gekko gecko (Linn.)] บางชนิดร่อนตัวได้ ได้แก่ ตุ๊กแกบินหางเฟิน ( Ptychozoon lionatum Annandale), พายัพเรียก ต๊กโต, อีสานเรียก กับแก้."
ตุ๊กแก 1,ว.,มีลวดลายเป็นดอกดวงเลอะเทอะ เช่น ผ้าลายตุ๊กแก ตัวลายเป็นตุ๊กแก.
ตุ๊กแก 2,น.,"ชื่อปลานํ้าจืด ไม่มีเกล็ด ในสกุล Bagarius วงศ์ Sisoridae หัวแบนแผ่ หนวดแบน ตาเล็ก ลำตัวยาวเรียวลู่จนแคบมากที่คอดหาง ครีบหางเป็นแฉกยาว ผิวหนังเป็นตุ่มแข็ง มีแต้มขนาดใหญ่สีนํ้าตาลเข้มอยู่บนหลังเป็นระยะ ๆ ครีบต่าง ๆ สีนํ้าตาล พบอาศัยตามพื้นท้องแม่นํ้าสายใหญ่ ๆ มี ๓ ชนิด ในประเทศไทยที่พบทั่วไปได้แก่ ชนิด B. bagarius (Hamilton-Buchanan) ซึ่งยาวได้ถึง ๒๕ เซนติเมตร และ B. yarrelli Sykes ยาวได้ถึง ๒ เมตร, คัง หรือ ตุ๊กแก ก็เรียก."
ตุ๊กแก 3,น.,"ชื่อปลาทะเลหลายชนิดหลายสกุล ในวงศ์ Serranidae (Epinephelidae) ปลาเหล่านี้เมื่อมีขนาดเล็กมักเรียก เก๋า เมื่อมีขนาดกลางและขนาดโตมักเรียก กะรัง หรือหมอทะเล ส่วนขนาดโตมากเรียก หมอทะเล ส่วนใหญ่ลำตัวยาว ป้อม ล่ำสั้น แบนข้างเล็กน้อย ปลายครีบต่าง ๆ มนกลม เฉพาะปลายครีบหางของบางชนิดเว้า บ้างก็ตัดตรง เกล็ดเล็กคลุมทั่วตัวรวมทั้งหัวและล้ำไปบนครีบเดี่ยว ลำตัวรวมทั้งครีบมักมีสีต่าง ๆ โดยเปลี่ยนไปตามขนาด เป็นแต้ม ด่าง ดวง ลาย หรือจุดประคล้ำทึบ แต่บางชนิดก็มีสีแดงหรือเทาโดยตลอด พบอาศัยอยู่ตามพื้นท้องทะเลและชายฝั่งที่มีที่หลบซ่อน แต่ส่วนใหญ่จะพบบริเวณใกล้หรือในเขตปะการัง ชนิด Epinephelus merra Bloch, E. sexfasiatus (Valenciennes), Cephalopholis boenak (Bloch) ยาวเพียงไม่เกิน ๒๖ เซนติเมตร ส่วนชนิด Promicrops lanceolatus (Bloch) ขนาดยาวไม่ถึง ๒.๗ เซนติเมตร และเป็นปลากระดูกแข็งชนิดหนึ่งที่ใหญ่ที่สุดของโลก ชื่อ เก๋า ตุ๊กแก กะรัง เป็นชื่อทั่วไปที่มักใช้เรียกปลาเกือบทุกชนิดในวงศ์นี้ที่มีขนาดไม่โตนัก สำหรับชื่อ กะรัง และหมอทะเล มักพบเรียกปลาพวกนี้ที่มีขนาดโตจนถึงยาว ๐.๕-๑.๕ เมตร ส่วน หมอทะเล ใช้เรียกชนิด P. l. (Bloch) ."
ตุ๊กแกใบกลม 0,น.,"ชื่อไม้ล้มลุกอวบนํ้าชนิด Kalanchoe delagoensisEckl. et Zeyh . ในวงศ์ Crassulaceae เป็นไม้ปลูก, ตุ๊กแกใบกลม ก็เรียก."
ตุ๊กตา 0,น.,"ของเล่นของเด็กซึ่งทำเป็นรูปคนหรือสัตว์เป็นต้น มักมีขนาดเล็กกว่าตัวจริง, ลักษณนามว่า ตัว"
ตุ๊กตา 1,น.,เงาที่ปรากฏเป็นรูปคนเล็ก ๆ เป็นต้น ในแววตา
ตุ๊กตา 2,น.,ที่รับเพลาและข้อเสือเครื่องจักรเพื่อให้เที่ยง
ตุ๊กตา 3,น.,ชื่อเสาที่ยันขื่อคัด
ตุ๊กตา 4,น.,ตัวอย่างที่สมมุติขึ้นมาประกอบคำอธิบายหรือวินิจฉัยเป็นต้น เช่น ตั้งตุ๊กตามาดู.
ตุ๊กตาล้มลุก 0,น.,"ตุ๊กตาไม่มีขา ฐานโค้ง มีโลหะถ่วงอยู่ข้างในฐานเมื่อผลักให้ล้มแล้วจะกลับตั้งขึ้นมาได้เอง, โดยปริยายหมายถึงคนเจ็บไข้ที่ไม่ค่อยมีกำลังวังชา ประเดี๋ยวล้มนอน ประเดี๋ยวลุกนั่ง."
ตุ๊กตาเสียกบาล 0,น.,ตุ๊กตาที่ใส่กระบะกาบกล้วยพร้อมทั้งเครื่องเซ่นผีแล้วนำไปวางไว้ที่ทางสามแพร่งหรือลอยนํ้า.
ตุ๊กต่ำ 0,น.,ชื่อแร่ชนิดหนึ่งสีดำเหมือนนิล.
ตุ๊กต่ำน้ำทอง 0,น.,ชื่อเครื่องยาไทยชนิดหนึ่ง.
ตุกติก 0,ว.,มีเล่ห์เหลี่ยมไม่ตรงไปตรงมา.
ตุ๊กติ๊ก 0,ว.,"อาการที่วัตถุเล็ก ๆ แกว่งไปแกว่งมา, ตุ้งติ้ง ก็ว่า."
ตุ๊กตุ่น 0,น.,"ของเล่นสำหรับเด็ก ทำเป็นรูปสัตว์หรือสัตว์ประหลาดต่าง ๆ ขนาดเล็กกว่าตัวจริง, ใช้เข้าคู่กับคำ ตุ๊กตา เป็น ตุ๊กตุ่นตุ๊กตา."
ตุ๊กตุ๋ย 0,ว.,ไม่สลักสำคัญอะไร.
ตุง 0,ว.,ลักษณะที่มีบางสิ่งบางอย่างดันให้นูนโป่งออกมา.
ตุง 1,น.,ธง.
ตุ้งก่า 0,น.,"หม้อสูบกัญชาของโบราณ เลียนแบบหม้อสูบยาของชาวอาหรับ เช่น แล้วเชิญหม้อตุ้งก่าออกมาตั้ง นางนั่งเป่าชุดจุดถวาย ทรงศักดิ์ชักพลางทางยิ้มพราย โฉมฉายควั่นอ้อยคอยแก้คอ (ระเด่นลันได), สองแขกขยับตุ้งก่า จ้าหลิ่มยัดกัญชาไฟจุดเข้า (ขุนช้างขุนแผน)."
ตุ้งติ้ง 0,น.,ตุ้มหูชนิดหนึ่ง มีระย้าห้อย.
ตุ้งติ้ง 1,ว.,"มีกิริยาท่าทางกระชดกระช้อย, กระตุ้งกระติ้ง หรือ ดุ้งดิ้ง ก็ว่า"
ตุ้งติ้ง 2,ว.,"อาการที่วัตถุเล็ก ๆ แกว่งไปแกว่งมา, ตุ๊กติ๊ก ก็ว่า."
ตุ้งติ้ง 3,น.,ชื่อเพลงไทย อัตรา ๒ ชั้น หน้าทับพิเศษ.
ตุ๊ดตู่ 0,น.,เหล็กสำหรับเจาะรูหรือตอกกระดาษเป็นต้นให้เป็นลูกปลารูปต่าง ๆ เช่น กลม ดอกจิก.
ตุ๊ดตู่ 1,น.,"ชื่อกกชนิด Schoenoplectus mucronatus (L.) Palla ในวงศ์ Cyperaceae ขึ้นเป็นกอ สีนํ้าตาลอ่อน ลำต้นเป็นสามเหลี่ยม, กกกลม ก็เรียก."
ตุ๊ดตู่ 2,น.,ชื่อสัตว์เลื้อยคลานชนิด Varanus dumerilii (Schlegel) ในวงศ์ Varanidae ลำตัวยาวสีนวลมีลายสีน้ำตาลเข้ม หัวสีน้ำตาล เมื่อยังเล็กหัวสีแดง ลำตัวสีดำสนิท อาศัยตามซอกหิน พบทางภาคใต้ของประเทศไทย.
ตุ๊ดตู่ 3,น.,ชื่อสัตว์ชนิดหนึ่ง เช่น ในบทดอกสร้อยสุภาษิตว่า “ตุ๊ดเอ๋ยตุ๊ดตู่ ในเรี่ยวในรูช่างอยู่ได้...”.
ตุ๊ดตู่ 4,น.,"ชื่อแมลงหลายชนิดหลายสกุล ในวงศ์ Myrmeleontidae มีปีก ๒ คู่ใสคล้ายแมลงปอ มีหนวดยาว ๑ คู่ ตัวอ่อนมีขากรรไกรหน้าเรียก เขี้ยว ยาวโค้งคล้ายงาช้าง อาศัยตามพื้นดินที่เป็นฝุ่นหรือทรายที่แห้งโดยฝังตัวอยู่ในหลุมซึ่งขุดเป็นรูปกรวยเพื่อล่อให้มดหรือสัตว์ขนาดเล็กตกลงไปแล้วจับกิน เช่น แมลงช้างในสกุล Myrmeleon และในสกุล Palpares วงศ์ Mymeleontidae, ตุ้ม หรือ ตุ๊ดตู่ ก็เรียก."
ตุ๊ต๊ะ 0,ว.,อ้วนอุ้ยอ้าย.
ตุตัง 0,ว.,"ตึตัง, เหม็นตืด, ล้างไม่ค่อยหายเหม็น."
ตุน 0,ก.,เก็บหรือกักไว้เพื่อกันขาดแคลนหรือหวังกำไรในการค้า เช่น ตุนสินค้า
ตุน 1,ก.,เก็บสะสมไว้ เช่น ซื้อของตุนไว้.
ตุ๋น 0,ก.,"ทำให้สุกด้วยวิธีเอาของใส่ภาชนะวางในภาชนะที่มีนํ้าแล้วเอาฝาครอบ ตั้งไฟให้นํ้าเดือด เช่น ตุ๋นไข่ ตุ๋นข้าว, เคี่ยวให้เปื่อย เช่น ตุ๋นเนื้อ ตุ๋นเป็ด."
ตุ๋น 1,น.,เรียกสิ่งที่ทำให้สุกโดยวิธีดังกล่าว เช่น ไข่ตุ๋น เนื้อตุ๋น เป็ดตุ๋น
ตุ๋น 2,น.,"โดยปริยายหมายความว่า หลอกลวงเอาไปแทบหมดตัว, ผู้ถูกหลอกลวงเอาไปแทบหมดตัว เรียกว่า ผู้ถูกตุ๋น."
ตุ่น 0,น.,"ชื่อสัตว์เลี้ยงลูกด้วยนมชนิด Talpa micrura Hodgson ในวงศ์ Talpidae รูปร่างคล้ายหนูตะเภา ลำตัวอ้วนป้อม หัวเล็ก ตาเล็กมาก จมูกแหลม ขนอ่อนนุ่ม เล็บตีนหน้ายาวใหญ่เห็นได้ชัด ขุดรูเป็นที่อยู่อาศัย กินพืช, ติ่ง ก็เรียก."
ตุ่น 1,ว.,สีมัว ๆ อย่างสีเทาหม่น ๆ.
ตุ่น ๆ 0,ว.,สีมัว ๆ อย่างสีเทาหม่น ๆ.
ตุ่นต่าน 0,ก.,ข่มขี่ เช่น พรรณหญิงมีโอมอ่าน ตุ่นต่านให้ชายกลัว (ม. คำหลวง กุมาร).
ตุนาหงัน 0,ก.,หมั้นไว้ (เพื่อแต่งงาน).
ตุ้บ 0,ว.,เสียงดังอย่างของหนัก ๆ หล่น หรือเสียงทุบด้วยกำปั้น.
ตุบ ๆ 0,ว.,อาการที่ชีพจรเป็นต้นเต้นเป็นระยะ ๆ.
ตุ้บ ๆ 0,ว.,เสียงดังอย่างของหนัก ๆ หล่น หรือเสียงทุบด้วยกำปั้น.
ตุ้บตั้บ 0,ว.,เสียงดังเช่นนั้นอย่างเสียงทุบกัน.
ตุ้บตั้บ 1,น.,เรียกขนมชนิดหนึ่ง ทำด้วยถั่วลิสงกวนกับนํ้าตาลแล้วทุบให้ละเอียดและเกาะกันแน่น ตัดเป็นชิ้น ๆ ว่า ขนมตุ้บตั้บ.
ตุ๊บป่อง 0,ว.,อาการที่ของลอยกระเพื่อมขึ้นกระเพื่อมลงไปตามกระแสนํ้า.
ตุปัดตุป่อง 0,ว.,"สะบัดสะบิ้ง, แสนงอน, ตะปัดตะป่อง ก็ใช้."
ตุปัดตุเป๋ 0,ก.,เดินเฉไปเฉมาไม่ตรงทาง.
ตุ๋ม 0,ว.,เสียงอย่างของหนักขนาดเล็กตกลงไปในนํ้า.
ตุ่ม 0,น.,"ภาชนะสำหรับขังหรือใส่นํ้า ก้นสอบ ปากแคบกว่าโอ่ง, คำเปรียบผู้หญิงที่อ้วนมาก ว่า อ้วนเป็นตุ่ม."
ตุ้ม 0,ว.,"ป้อม ๆ, กลม ๆ."
ตุ้ม 1,น.,"ของที่มีลักษณะกลม ๆ ห้อยลงมา, ลูกตุ้ม ก็ว่า."
ตุ่ม 1,น.,"เม็ดที่ขึ้นตามผิวหนัง, โดยปริยายใช้เรียกสิ่งอื่นที่มีลักษณะคล้ายคลึงเช่นนั้น เช่น ดอกไม้ออกเป็นตุ่ม."
ตุ้ม 2,น.,"ชื่อแมลงหลายชนิดหลายสกุล ในวงศ์ Myrmeleontidae มีปีก ๒ คู่ใสคล้ายแมลงปอ มีหนวดยาว ๑ คู่ ตัวอ่อนมีขากรรไกรหน้าเรียก เขี้ยว ยาวโค้งคล้ายงาช้าง อาศัยตามพื้นดินที่เป็นฝุ่นหรือทรายที่แห้งโดยฝังตัวอยู่ในหลุมซึ่งขุดเป็นรูปกรวยเพื่อล่อให้มดหรือสัตว์ขนาดเล็กตกลงไปแล้วจับกิน เช่น แมลงช้างในสกุล Myrmeleon และในสกุล Palpares วงศ์ Mymeleontidae, ตุ้ม หรือ ตุ๊ดตู่ ก็เรียก."
ตุ่ม 2,น.,ชื่อปลานํ้าจืดชนิด Puntius bulu (Bleeker) ในวงศ์ Cyprinidae มีรูปร่างคล้ายปลาตะเพียน ไม่มีหนวด กระโดงครีบหลังแข็งและหยักเป็นฟันเลื่อย ลำตัวมีลายพาดสีดำ ขนาดยาวได้ถึง ๓๖ เซนติเมตร เคยพบชุกชุมมากในเขตทะเลสาบสงขลาตอนในที่เรียกทะเลน้อย.
ตุ้มกว้าว 0,ว.,"ชื่อไม้ต้นขนาดกลาง ๒ ชนิดในสกุล Mitragyna วงศ์ Rubiaceae ใบเดี่ยว ออกตรงข้ามกัน ชนิด M. diversifolia (Wall. ex G. Don) Havil. ใบยาวรีเล็ก, กระทุ่มนา หรือ ตุ้มแซะ ก็เรียก ชนิด M. rotundifolia (Roxb.) Kuntze ใบกลม โคนใบเว้า ขนาดใหญ่กว่าชนิดแรก, กระทุ่มขี้หมู กระทุ่มหมู หรือ ตุ้มกว้าว ก็เรียก."
ตุ้มแซะ 0,ว.,"ชื่อไม้ต้นขนาดกลาง ๒ ชนิดในสกุล Mitragyna วงศ์ Rubiaceae ใบเดี่ยว ออกตรงข้ามกัน ชนิด M. diversifolia (Wall. ex G. Don) Havil. ใบยาวรีเล็ก, กระทุ่มนา หรือ ตุ้มแซะ ก็เรียก ชนิด M. rotundifolia (Roxb.) Kuntze ใบกลม โคนใบเว้า ขนาดใหญ่กว่าชนิดแรก, กระทุ่มขี้หมู กระทุ่มหมู หรือ ตุ้มกว้าว ก็เรียก."
ตุมตัง 0,น.,"ชื่อไม้ต้นขนาดเล็กชนิด Naringi crenulata (Roxb.) Nicolson ในวงศ์ Rutaceae ขึ้นในป่าเบญจพรรณ ต้นและกิ่งมีหนามเปลือกขรุขระสีเทา ดอกเล็กสีขาวเป็นช่อสั้น ยาวประมาณ ๒ เซนติเมตร กลิ่นหอมอ่อน ท่อนไม้ฝนกับนํ้าใช้เป็นเครื่องประทิ่นผิว รากใช้ทำยา, กะแจะ ขะแจะ ตุมตัง หรือ พญายา ก็เรียก."
ตุ้มเต๋น 0,น.,"ชื่อไม้ต้นขนาดใหญ่ชนิด Duabanga grandiflora (Roxb. ex DC.) Walp. ในวงศ์ Sonneratiaceae ไม้ใช้ทำหีบใส่ของเป็นต้น, ลำพูป่า ก็เรียก."
ตุ้มปี่ 0,น.,หมวกชนิดหนึ่งมีสัณฐานเหมือนดอกทับทิมควํ่า.
ตุมพรวด 0,น.,"ชื่อปลาน้ำกร่อยหลายชนิดหลายสกุลในวงศ์ Gobiidae เช่น สกุล Boleophthalmus, Pseudapocryptes, Parapocryptes, Periophthalmus ทำรูอยู่ตามป่าชายเลน รูปร่างและพฤติกรรมในการเคลื่อนไหวคล้ายปลากระจัง ขนาดยาวได้ถึง ๓๐ เซนติเมตร ที่พบเสมอได้แก่ ชนิด B. boddarti (Pallas), กำพวด กำพุด ตีน หรือ ตุมพรวด ก็เรียก."
ตุมพะ 0,น.,ชื่อมาตราตวงอย่างโบราณ
ตุมพะ 1,น.,"หม้อนํ้ามีพวย, ลักจั่น."
ตุ้มมะพร้าว 0,น.,เรียกลูกมะพร้าวเล็ก ๆ ที่เสียหล่นลงมา ว่า ลูกตุ้มมะพร้าว.
ตุ้มหู 0,น.,"เครื่องประดับหู, ต่างหู."
ตุ่ย 0,ว.,ลักษณะนูนโป่งออกมา เช่น แก้มตุ่ย บวมตุ่ย.
ตุ้ย 0,ว.,อาการที่เคี้ยวอาหารเต็มปากจนแก้มโป่งออกมา เช่น เคี้ยวตุ้ย ๆ กินตุ้ย ๆ.
ตุ๊ย 0,ก.,"เอาหมัดกระแทกพุงเป็นต้น. (จ. ตุ๊ย ว่า ทุบ, ตี)."
ตุ๊ย 1,น.,เรียกตัวตลกที่ออกมาขัดจังหวะในการสวดคฤหัสถ์ว่า ตัวตุ๊ย.
ตุ่ย ๆ 0,ว.,กลิ่นเหม็นน้อย ๆ.
ตุ้ย ๆ 0,ว.,อาการที่เคี้ยวอาหารเต็มปากจนแก้มโป่งออกมา เช่น เคี้ยวตุ้ย ๆ กินตุ้ย ๆ.
ตุ๊ยตุ่ย 0,น.,ชื่อว่าวชนิดหนึ่ง คล้ายว่าวจุฬา แต่หัวไม่ยาว มีไม้ยื่นออกไปสำหรับผูกคันธนู เมื่อถูกลมพัด ใบธนูที่ทำด้วยใบลานจะพลิกหมุนกลับไปมาทำให้เกิดเสียงดังตุ๊ยตุ่ยคล้ายเสียงเพลง นิยมเอาว่าวขึ้นในเวลาเย็น แล้วเอาเชือกผูกไว้ตามต้นไม้เป็นต้นเพื่อฟังเสียงในเวลากลางคืน.
ตุ๋ยตุ่ย 0,น.,ชื่อว่าวชนิดหนึ่ง คล้ายว่าวจุฬา แต่หัวไม่ยาว มีไม้ยื่นออกไปสำหรับผูกคันธนู เมื่อถูกลมพัด ใบธนูที่ทำด้วยใบลานจะพลิกหมุนกลับไปมาทำให้เกิดเสียงดังตุ๊ยตุ่ยคล้ายเสียงเพลง นิยมเอาว่าวขึ้นในเวลาเย็น แล้วเอาเชือกผูกไว้ตามต้นไม้เป็นต้นเพื่อฟังเสียงในเวลากลางคืน.
ตุรคะ 0,น.,ม้า.
ตุรงค์ 0,น.,"ดุรงค์, ม้า, เช่น ตุรงคสังวัจฉร คือ ปีมะเมีย."
ตุรงค- 0,น.,"ดุรงค์, ม้า, เช่น ตุรงคสังวัจฉร คือ ปีมะเมีย."
ตุรงคราวี 0,น.,"ชื่อโคลงโบราณ, คู่กับ มหาตุรงคราวี."
ตุริยางค์ 0,น.,เครื่องดีดสีตีเป่า หมายความอย่างเดียวกับดุริยะ.
ตุล 0,น.,"คันชั่ง, ตราชู"
ตุล 1,น.,"ชื่อกลุ่มดาวรูปคันชั่ง เรียกว่า ราศีตุล เป็นราศีที่ ๖ ในจักรราศี, ราศีดุล ก็ว่า."
ตุลสิ 0,น.,ต้นกะเพรา.
ตุลา 0,น.,"คันชั่ง, ตราชู"
ตุลา 1,น.,ชื่อมาตราวัดนํ้าหนักมคธเท่ากับ ๑๐๐ ปละ.
ตุลาการ 0,น.,ผู้มีอำนาจและหน้าที่ในการพิจารณาพิพากษาอรรถคดี.
ตุลาคม 0,น.,ชื่อเดือนที่ ๑๐ ตามสุริยคติ ซึ่งเริ่มด้วยเดือนมกราคม มี ๓๑ วัน
ตุลาคม 1,น.,เดือนที่ ๗ ตามสุริยคติ ซึ่งเริ่มด้วยเดือนเมษายน.
ตุหรัดตุเหร่ 0,ก.,ร่อนเร่ไปอย่างยากลำบากไม่มีที่อาศัยที่แน่นอน เช่น เขาถูกไล่ออกจากบ้านต้องตุหรัดตุเหร่ไป เขาตุหรัดตุเหร่ตามน้องสาวที่หายไป.
ตู่ 0,ก.,"กล่าวอ้างหรือทึกทักเอาของผู้อื่นว่าเป็นของตัว, กล่าวอ้างผิดตัว ผิดสิ่ง ผิดเรื่อง."
ตู๊ 0,ก.,"ประทัง, พอถูไถ, ชดเชย, เช่น ขายขวดได้เงินมาพอตู๊เป็นค่ากับข้าว."
ตู 0,ส.,"คำใช้แทนตัวผู้พูด, เป็นสรรพนามบุรุษที่ ๑ พหูพจน์, เช่น อันว่าพวกตูผู้เถ้า ก็จะน่งงเฝ้าแฝงหลัง (ม. คำหลวง ทศพร)."
ตู 1,น.,ตัว.
ตู้ 0,น.,"เครื่องเรือนสำหรับเก็บหรือใส่สิ่งของ มีรูปทรงสี่เหลี่ยม มีฝาด้านข้าง ด้านหลัง และด้านบน ด้านล่างมีพื้น ทางด้านหน้ามีบานปิดเปิดได้, โดยปริยายหมายถึงสิ่งอื่นที่มีลักษณะคล้ายคลึงเช่นนั้น เช่น ตู้ยาม รถตู้."
ตู 2,ก.,"เต้า, ไป."
ตู้ 1,ว.,"ทู่, เรียกควายเขาสั้นหงิกเข้ามาหาหู ว่า ควายเขาตู้."
ตูก 0,น.,เรือ.
ตู้เกม 0,น.,เครื่องเล่นเกมอย่างเกมคอมพิวเตอร์ มีลักษณะเป็นตู้สี่เหลี่ยม ด้านหน้ามีจออย่างจอคอมพิวเตอร์ มีปุ่มและแกนควบคุมให้ผู้เล่นควบคุมคำสั่งการเล่น ผู้เล่นต้องหยอดเหรียญจึงจะเริ่มเล่นเกมได้.
ตูข้า 0,ส.,"ตัวข้า, เป็นสรรพนามบุรุษที่ ๑."
ตูด 0,น.,รูก้น.
ตูด 1,ว.,"นูนขึ้น, สูงขึ้น, เช่น เนื้อตูดขึ้นมา"
ตูด 2,ว.,ยื่นออกไป เช่น ปากตูด.
ตูดงอน 0,น.,"ชื่อมดชนิด Crematogaster rogenhoferi Mayer ในวงศ์ Formicidae ลำตัวยาวประมาณ ๔ มิลลิเมตร สีน้ำตาลแดง เวลาเดินยกส่วนท้องขึ้นเกือบตั้งฉากกับลำตัว อยู่กันเป็นฝูงตามต้นไม้ ทำรังด้วยดินและเศษพืชเป็นสีน้ำตาลดำ ขนาดเส้นผ่าศูนย์กลางประมาณ ๓๐ เซนติเมตร พอกอยู่ตามโคนต้นไม้คล้ายจอมปลวก หรือทำเป็นรูปทรงกลมตามกิ่งไม้หรือง่ามไม้, รี่ หรือ ตูดงอน ก็เรียก."
ตู่ตัว 0,ว.,"เพี้ยนตัว, ไม่ตรง, (ใช้ในการอ่านหนังสือ) เช่น อ่านตู่ตัว ด เป็นตัว ค."
ตู้ทองเคลื่อนที่ 0,น.,ผู้หญิงที่แต่งเครื่องประดับจำพวกทองคำมากเกินพอดี.
ตู้นิรภัย 0,น.,ตู้ที่ทำขึ้นให้แข็งแรงเป็นพิเศษ เพื่อป้องกันทรัพย์สินภายในจากการโจรกรรมหรืออัคคีภัย.
ตูบ 0,น.,"กระท่อม, กระต๊อบ, เช่น ไปตั้งตูบตีนเขา. (ม. คำหลวง ชูชก), กระตูบ ก็เรียก."
ตูบ 1,ว.,หลุบลง เช่น หูตูบ.
ตูโบ 0,ว.,"ชื่อปลาน้ำจืดบางชนิดในสกุล Osteochilus และ Dangila วงศ์ Cyprinidae ที่มีจุดสีเข้มบนเกล็ด ทำให้เห็นเป็นแถวของจุดเรียงตามยาวอยู่ข้างตัวหลายแถว เหนือครีบอกหรือที่คอดหางมีแต้มหรือจุดสีดำใหญ่ โดยเฉพาะที่พบทั่วไปคือ ชนิด O. hasselti (Valenciennes) ที่ส่วนหลังมีสีเขียวหรือฟ้าเทา ด้านข้างสีนวลและท้องเป็นสีขาวเงิน และมีกลุ่มจุดสีแดงกระจายอยู่เหนือครีบอก ครีบต่าง ๆ ยกเว้นครีบอกมีสีแดงหรืออมแดง ในบางท้องที่ปลาชนิดนี้จะมีสีดังกล่าวจางมาก ขนาดยาวได้ถึง ๓๐ เซนติเมตร, ขี้ขม นกเขา ทองลิน หรือ ตูโบ ก็เรียก."
ตู้ไปรษณีย์ 0,น.,ตู้ที่ตั้งในที่สาธารณะเพื่อรับจดหมายและไปรษณียบัตร แล้วไขออกตามกำหนดเวลาเพื่อนำไปส่งผู้รับ.
ตู้พระไตรปิฎก 0,น.,ตู้เก็บพระไตรปิฎก.
ตู่พุทธพจน์ 0,ก.,อ้างพุทธพจน์ผิด ๆ ถูก ๆ.
ตู้เพลง 0,น.,เครื่องเล่นแผ่นเสียงอัตโนมัติสำหรับหยอดเหรียญเลือกเพลงตามต้องการ.
ตูม 0,น.,มะตูม.
ตูม 1,ว.,"ไม่บาน, ยังไม่บาน."
ตูม 2,ว.,เสียงดังเช่นนั้น เช่น โดดนํ้าดังตูม เสียงปืนใหญ่ดังตูม ๆ.
ตูม ๆ 0,ว.,เสียงดังเช่นนั้น เช่น โดดนํ้าดังตูม เสียงปืนใหญ่ดังตูม ๆ.
ตูมกา 0,น.,"ชื่อไม้ต้น ๒ ชนิดในสกุล Strychnosวงศ์ Strychnaceae คือ ตูมกาขาวหรือมะตึ่ง ( S. nux-blandaA.W. Hill) เมล็ดไม่เป็นพิษ, และตูมกาแดง หรือแสลงใจ ( S. nux-vomicaL.) เมล็ดเป็นพิษ."
ตูมตาม 0,ว.,เสียงดังเอะอะอึกทึก เช่น เสียงระเบิดตูมตาม.
ตู้เย็น 0,น.,เครื่องใช้ไฟฟ้า มีลักษณะเป็นตู้ ภายในมีอุณหภูมิต่ำ เพื่อให้ความเย็นรักษาอาหารหรือของอย่างอื่นไม่ให้เสื่อมสภาพ.
ตู๊เรือ 0,ก.,"ชะลอเรือ, ชะลอเรือด้วยถ่อ, ทำให้เรือมีความเร็วลดลง."
ตูลิ่นฮื้อ 0,น.,"ชื่อปลานํ้าจืดชนิด Labeo jordani Oshima ในวงศ์ Cyprinidae เดิมรู้จักกันในชื่อ Cirrhinus molitorella (Valenciennes) ตัวยาว ท้องกลม ปากเล็กหนา อยู่ตํ่าที่ปลายสุดของหัว มีหนวดเล็ก ๒ คู่ ตาเล็ก เกล็ดเล็กเรียบ ตัวสีเทาเงิน ถิ่นเดิมอยู่ในประเทศจีน นำเข้ามาเลี้ยงเป็นอาหาร, ตูลิ่นฮื้อ ก็เรียก."
ตู้เสบียง 0,น.,"ตู้รถไฟที่ใช้ปรุงและจำหน่ายอาหารในขณะเดินทาง, รถเสบียง ก็ว่า."
ตูหนา 0,น.,ชื่อปลาไหลนํ้าจืดชนิด Anguilla bicolor (Richardson) ในวงศ์ Anguillidae ที่ว่ายลงทะเลเพื่อขยายพันธุ์ ลำตัวกลมยาว แบนข้างทางท่อนหาง มีครีบอก เกล็ดเล็กฝังแน่นอยู่ในหนัง ลำตัวและครีบสีนํ้าตาลหรือเกือบดำเสมอกัน พบทางเขตภาคใต้ด้านทะเลอันดามัน ขนาดยาวได้ถึง ๑.๕ เมตร.
เต 0,ว.,"สาม, ใช้เติมหน้าศัพท์สังขยาที่เป็นหลักสิบ เช่น เต = ๓ วีสติ = ๒๐ เตวีสติ = ๒๓."
เต๊ก 0,ก.,"ทุบลง, กดลงไม่ให้เผยอขึ้นได้, เช่น ค้อนเหล็กเต๊กลง (สมุทรโฆษ)."
เต็ก 0,ก.,"เน้น เช่น หัวเมืองเตกสยงกล่าว แก่บ่าว (ยวนพ่าย), บังคับ, กดลง เช่น เต็กลายมือ."
เตก 0,ก.,"ไสช้างให้เดิน, กะเตก ก็ว่า."
เตก 1,ก.,เดินทางไกลมาก.
เตก 2,ก.,"เน้น เช่น หัวเมืองเตกสยงกล่าว แก่บ่าว (ยวนพ่าย), บังคับ, กดลง เช่น เต็กลายมือ."
เต่ง 0,ว.,มีเนื้ออูมแน่นตึง ไม่เหี่ยวหรือย่นยาน เช่น เนื้อเต่ง นมเต่ง มะม่วงเต่ง.
เต็ง 0,น.,ชื่อไม้ต้นชนิด Shorea obtusaWall . ex Blume ในวงศ์ Dipterocarpaceae เนื้อไม้แข็ง ใช้ในการก่อสร้าง.
เต็ง 1,น.,ตาเต็ง.
เต็ง 2,ก.,ทับลงไป.
เต็งหนึ่ง 0,น.,ตัวเต็ง.
เตช 0,น.,"เดช, เดโช, อำนาจ, ความร้อน, ไฟ."
เตโช 0,น.,"เดช, เดโช, อำนาจ, ความร้อน, ไฟ."
เตโชธาตุ 0,น.,ธาตุไฟ.
เต้น 0,ก.,"กิริยาที่ยืนอยู่แล้วยกเท้าขึ้น ๆ ลง ๆ ถี่ ๆ, เคลื่อนไหวขึ้น ๆ ลง ๆ หรือไป ๆ มา ๆ เช่น เนื้อเต้น อกเต้น, ยกขาขึ้นลงให้เข้าจังหวะกับดนตรี เช่น เต้นระบำ."
เต้นกินรำกิน 0,ก.,หากินด้วยการเล่นลิเก ละคร เป็นต้น.
เต้นเขน 0,ก.,อาการเต้นของพลรบที่เป็นมนุษย์ ยักษ์ และลิง ที่ออกเต้นเป็นจังหวะเข้ากับปี่พาทย์ในการเล่นโขนเมื่อเวลาเริ่มยกทัพ.
เต็นท์ 0,น.,ที่พักหรือที่อาศัยชั่วคราว ย้ายไปได้ โดยมากทำด้วยผ้าใบขึงกับเสาหรือหลัก.
เต้นรำ 0,ก.,เคลื่อนไปโดยมีระยะก้าวตามกำหนดให้เข้าจังหวะกับดนตรี ซึ่งเรียกว่า ลีลาศ โดยปรกติเต้นเป็นคู่ชายหญิง.
เต้นแร้งเต้นกา 0,ก.,แสดงอาการดีอกดีใจหรือสนุกสนานด้วยการกระโดดโลดเต้น.
เต้นแร้งเต้นแฉ่ง 0,ก.,แสดงอาการดีอกดีใจหรือสนุกสนานด้วยการกระโดดโลดเต้น.
เต็ม 0,ว.,"มีสิ่งใดสิ่งหนึ่งบรรจุอยู่จนไม่มีที่ว่าง, ไม่พร่อง, เช่น นํ้าเต็มโอ่ง คนเต็ม"
เต็ม 1,ว.,"ดาษดื่น, มีอยู่ทั่วไป, เช่น เต็มบ้านเต็มเมือง เต็มตลาด"
เต็ม 2,ว.,เปี่ยม เช่น เต็มฝั่ง เต็มตลิ่ง
เต็ม 3,ว.,"สุดขีด, เต็มที่, เช่น ตะโกนเต็มเสียง วิ่งเต็มฝีเท้า"
เต็ม 4,ว.,ถ้าใช้ประกอบหน้ากริยา หมายความว่า แทบไม่ไหว เช่น เต็มกิน เต็มทน เต็มสู้.
เต็มแกน 0,ว.,"ขัดสนมาก, ฝืดเคืองมาก, เช่น หากินเต็มแกน."
เต็มคราบ 0,ว.,เต็มแทบจะล้นกระเพาะ (ใช้แก่กริยากินหรืออิ่ม).
เต็มใจ 0,ก.,"มีนํ้าใจไม่บกพร่อง, มีใจสมัครด้วยยินดี, ไม่มีข้ออิดเอื้อนหรือขัดแย้ง."
เต็มตัว 0,ว.,"สุดกำลัง, เต็มฝีจักร, เช่น เรือรบเดินหน้าเต็มตัว เดินเครื่องเต็มตัว"
เต็มตัว 1,ว.,เต็มที่ เช่น เป็นหนุ่มเต็มตัว เป็นสาวเต็มตัว
เต็มตัว 2,ว.,"ทั้งตัว เช่น ถ่ายรูปเต็มตัว, ทั่วตัว เช่น ผื่นขึ้นเต็มตัว."
เต็มตา 0,ว.,"ใช้แก่กริยานอน หมายความว่า นอนอิ่ม เช่น นอนเต็มตา, ใช้แก่กริยาเห็น หมายความว่า เห็นชัด, เห็นอยู่ต่อหน้า, เช่น เห็นเต็มตา."
เต็มตื้น 0,ก.,ดีใจจนพูดไม่ออก.
เต็มที 0,ว.,ค่อนข้างไม่ดี เช่น เต็มทีจริง
เต็มที 1,ว.,เพียบหนัก เช่น อาการเต็มที
เต็มที 2,ว.,"เหลือเกิน, เหลือทน, เช่น ยุ่งเต็มที จนเต็มที."
เต็มที่ 0,ว.,"เต็มกำลัง, เต็มขนาด เช่น โตเต็มที่."
เต็มประดา 0,ว.,"เต็มทน, เต็มที, เช่น โกรธเต็มประดา เกลียดเต็มประดา."
เต็มประตู 0,ว.,"ทุกทาง, ไม่มีทางเลี่ยง, เช่น ผิดเต็มประตู."
เต็มปาก 0,ว.,"ใช้ประกอบกริยาพูดหรือกล่าว หมายความว่า พูดได้สนิทปาก, พูดได้อย่างไม่กระดากปาก ไม่อ้อมแอ้ม, บางทีก็ใช้ว่า เต็มปากเต็มคอ หรือ เต็มปากเต็มคำ."
เต็มเปา 0,ว.,"เต็มที่, เต็มแรง, อย่างจัง, เต็มรัก ก็ว่า."
เต็มเปี่ยม 0,ว.,"เต็มถึงขอบ, เต็มพอดี, เต็มสมบูรณ์."
เต็มมือ 0,ว.,มากจนเกือบล้นมือ เช่น มีงานเต็มมือ.
เต็มเม็ดเต็มหน่วย 0,ว.,"ครบ, ไม่ขาดตกบกพร่อง, เช่น เก็บภาษีได้เต็มเม็ดเต็มหน่วย."
เต็มไม้เต็มมือ 0,ว.,"สุดกำลัง, สุดความสามารถ, เต็มที่, เช่น ทำงานให้เต็มไม้เต็มมือหน่อย งานจะได้เสร็จเร็ว"
เต็มไม้เต็มมือ 1,ว.,"โดยสนิทใจ, ไม่มีความรังเกียจ, ไม่ขยะแขยง, เช่น จับสิ่งสกปรกได้เต็มไม้เต็มมือ."
เต็มยศ 0,ว.,ครบถ้วนตามชั้นยศที่ได้กำหนดไว้ เช่น แต่งเครื่องแบบเต็มยศ เรียกชื่อเต็มยศ.
เต็มรัก 0,ว.,"เต็มที่, เต็มแรง, อย่างจัง, เต็มเปา ก็ว่า."
เต็มหู 0,ก.,ได้ยินได้ฟังมาเต็มที่ เช่น ได้ยินมาเต็มหู.
เต็มเหนี่ยว 0,ว.,เต็มแรง.
เต็มเหยียด 0,ว.,สุดฝีเท้า เช่น วิ่งเต็มเหยียด
เต็มเหยียด 1,ว.,ที่ติดต่อกันไปโดยไม่หยุดพัก เช่น สอน ๓ ชั่วโมงเต็มเหยียด.
เต็มอก 0,ว.,"ทั้งหมด, อย่างชัดแจ้ง, เช่น รู้อยู่เต็มอก."
เต็มอกเต็มใจ 0,ก.,เต็มใจ เช่น เขาเต็มอกเต็มใจทำให้.
เต็มอัตรา 0,ว.,"เต็มขนาดที่กำหนดไว้, เต็มตามกำหนด."
เต็มอัตราศึก 0,ว.,เต็มตามกำลังที่จะทำสงคราม.
เตย 0,น.,ชื่อไม้พุ่มหรือไม้ต้นหลายชนิดในสกุล Pandanus วงศ์ Pandanaceae ขึ้นเป็นกอก็มี โดดเดี่ยวก็มี ใบแคบยาวเรียงสลับเวียนเป็นเกลียวขึ้นไปจนถึงยอด ดอกแยกเพศอยู่ต่างต้น เช่น เตยทะเล [ P. odorifer (forssk.) Kuntze] เตยสานเสื่อ ( P. kaidusKurz) ใบใช้ทำใบเรือกระแชงและสานเสื่อ เตยหอม ( P. amaryllifoliusRoxb.) ใบใช้ปรุงแต่งกลิ่นและสีในการทำขนมหรืออาหารบางชนิด.
เตยเลื้อย 0,น.,ต้นเปียะ. (ดู เปียะ ๑).
เตร่ 0,ก.,"เดินไปเดินมา, เดินเที่ยว, เช่น วัน ๆ ไปเตร่หน้าโรงหนัง"
เตร่ 1,ก.,ย้ายตัวที่ถูกทอยหรือย้ายตำแหน่งผู้ทอยในการเล่นหยอดหลุม ทอยกอง เป็นต้น ให้ระยะห่างระหว่างตัวที่ถูกทอยกับผู้ทอยเท่าเดิมหรือไกลออกไป เพื่อสะดวกในการทอย
เตร่ 2,ก.,เกร่ ก็ว่า.
เตร็ด 0,น.,"ลำนํ้าเล็กที่เป็นทางลัดเชื่อมลำนํ้าใหญ่สายเดียวกันทั้ง ๒ ข้าง, เกร็ด ก็เรียก. (ดู เกร็ด ๑)."
เตร็ดเตร่ 0,ก.,เที่ยวไปในบริเวณไม่ไกลนัก เช่น ไปเตร็ดเตร่อยู่แถวตลาด.
เตร็ดเตรน 0,ก.,เตร็ดเตร่ เช่น ที่โฉมนางพญาเตร็ดเตรนตระเวนหา (ม. คำหลวง มัทรี).
เตรตา 0,น.,ด้านของลูกสกาที่มี ๓ แต้ม.
เตรน 0,ก.,เตร็ดเตร่ เช่น เที่ยวเตรนตระเวนหาคู่ (รามเกียรติ์ ร. ๑).
เตริง 0,ก.,เหลิง เช่น กระทิงเที่ยวเตริงพนาลี (รามเกียรติ์ ร. ๑).
เตรียด 0,ก.,เกี่ยงงอน.
เตรียบ 0,ก.,เทียบ เช่น เตรียบจันทรสมสูริย์ สถิตย์ (สรรพสิทธิ์)
เตรียบ 1,ก.,"จัดไว้เสร็จ, จัดไว้พร้อม, เช่น เตรียบตั้งต่อฉาน (ตะเลงพ่าย)."
เตรียม 0,ก.,"จัดแจงไว้ให้เรียบร้อย, จัดหรือทำไว้ล่วงหน้า"
เตรียม 1,ก.,ทำให้เกิดสารเคมีที่ต้องการจากสารเคมีอื่นด้วยกระบวนการทางเคมี เช่น เตรียมแก๊สออกซิเจนจากดินประสิว.
เตรียมตรม 0,ก.,"ระทมใจจนหม่นไหม้, ใช้เป็น ตรมเตรียม เกรียมกรม หรือ กรมเกรียม ก็ได้."
เตรียมตัว 0,ก.,"จัดแจงไว้ให้พร้อมเพื่อรับเหตุการณ์ข้างหน้า, ทำตัวให้พร้อม."
เตรียมพร้อม 0,ก.,เตรียมตัวเตรียมกำลังไว้ให้พร้อม.
เตละ 0,น.,"นํ้ามันงา, นํ้ามัน."
เตลิด 0,ก.,"แตกหนีไปคนละทิศละทาง, หนีไปอย่างไร้ทิศทาง, เช่น ฝูงวัวเตลิดไป, โดยปริยายหมายความว่า รั้งไม่อยู่ เช่น เด็กคนนี้เตลิดไปแล้ว เอาแต่เที่ยวเตร่ไม่ยอมเรียนหนังสือ."
เตลิด 1,ว.,"อาการที่แตกหนีไปคนละทิศละทาง, อาการที่หนีไปอย่างไร้ทิศทาง, เช่น พอมีเสียงตะโกนว่าไฟไหม้ ฝูงคนก็หนีเตลิดไปอย่างรวดเร็ว เด็กตกใจวิ่งเตลิดไป."
เตลิดเปิดเปิง 0,ก.,"ไปโดยเร็วจนยั้งไม่ได้, ไปอย่างไร้ทิศทาง, เช่น เตลิดเปิดเปิงไปไหนแล้วก็ไม่รู้."
เตว็ด 0,น.,"เจว็ด, แผ่นไม้รูปคล้ายใบเสมา เขียนเป็นรูปเทวดาสัปตเคราะห์สำหรับพิธีบูชาพระเคราะห์, แผ่นไม้รูปคล้ายใบเสมาเขียนเป็นรูปพระภูมิชัยมงคล ตั้งประจำศาลพระภูมิ, ใช้ว่า ตระเว็ด ก็มี."
เต่อ 0,ว.,"ลักษณะที่ชายผ้านุ่งหรือแขนเสื้อเป็นต้นสั้นขึ้นไปมาก เช่น นุ่งผ้าสั้นเต่อ แขนเสื้อสั้นเต่อ, เตินเต่อ ก็ว่า."
เตอะ 0,ว.,"มาก, ใช้ประกอบกับคำ หนา เป็น หนาเตอะ."
เตะ 0,ก.,ใช้เท้าวัด เหวี่ยง หรือดีดไปอย่างแรง.
เตะจมูก 0,ก.,โชยมาให้ได้กลิ่นอย่างแรง.
เตะฉาก 0,ก.,เตะแล้วถอยหลบออกมา (ใช้ในกีฬามวย).
เตะโด่ง 0,ก.,ยกให้มีตำแหน่งสูงขึ้นแต่มักมีอำนาจน้อยลง.
เตะตา 0,ก.,สะดุดตา.
เตะฝุ่น 0,ว.,"ว่างงาน, ตกงาน."
เตา 0,น.,ที่สำหรับก่อไฟหุงต้มหรือเผาสิ่งต่าง ๆ ตามปรกติใช้ฟืนหรือถ่าน ถ้าใช้สิ่งอื่น ๆ ก็เรียกชื่อตามสิ่งนั้น ๆ เช่น เตาแก๊ส เตาไฟฟ้า.
เต่า 0,น.,ชื่อสัตว์เลื้อยคลานหลายวงศ์ ในอันดับ Testudines คอยาว ลำตัวสั้น มีกระดองหุ้ม กระดองมีทั้งที่เป็นแผ่นเกล็ดแข็งและที่เป็นแผ่นหนัง ขาและหางสั้นส่วนใหญ่หดเข้าไปในกระดองได้ มีถิ่นอาศัยต่าง ๆ กัน ที่อยู่บนบก เช่น เต่าเหลือง ที่อยู่ในนํ้าจืด เช่น เต่านา ที่อยู่ในทะเล เช่น เต่าตนุ พวกที่มีหนังหุ้มกระดองเรียก ตะพาบ เช่น ตะพาบสวน.
เต่า 1,ว.,โดยปริยายหมายความว่า โง่ หรือ เชื่องช้า.
เต้า 0,น.,"เครื่องบนของเรือนลักษณะเป็นไม้ท่อนสี่เหลี่ยมแบน สอดโคนไว้ที่ช่องต่ำกว่าปลายเสาเรือน ตอนปลายใช้รับเชิงกลอน, ถ้าอยู่ตามเสารายข้างเรือน เรียกว่า เต้าราย, ถ้าอยู่ที่เสามุมเรือน มีเต้ายื่นออกไปอย่างน้อย ๒ ตัว เรียกว่า เต้ารุม."
เต๋า 0,น.,เรียกลูกบาศก์สำหรับทอดหรือเขย่านับแต้มเล่นการพนัน ว่า ลูกเต๋า.
เต่า 2,น.,"แผ่นผ้าสำหรับคาดหน้าอกเด็กเล็ก ๆ, เอี๊ยม ก็ว่า."
เต้า 1,น.,"นม เช่น แสงสอดลอดในพระไทรพราย เดือนบ่ายต้องเต้าเจ้าวันทอง (ขุนช้างขุนแผน), บัวตูมติดขั้วบังใบ บังใบท้าวไท ว่าเต้าสุดาดวงมาลย์ (อนิรุทธ์)"
เต้า 2,น.,นํ้าเต้า เช่น ไม่กินปลากินข้าวกินเต้าแตง (อภัย)
เต้า 3,น.,ลักษณนามเรียกนมหรือพูลูกตาล เช่น นมเต้าหนึ่ง ตาล ๒ เต้า
เต้า 4,น.,เรียกสิ่งอื่นที่มีลักษณะฐานนูนขึ้นอย่างเต้านม
เต้า 5,น.,เรียกภาชนะที่มีรูปคล้ายนํ้าเต้า เช่น เต้าปูน เต้านํ้า
เต้า 6,น.,ภาชนะขนาดเล็กสำหรับใส่น้ำ รูปกลมมนคล้ายหม้อปากแคบ มีฝาปิด เรียกว่า พระเต้า เช่น พระเต้าทักษิโณทก พระเต้าทรงกรวด พระเต้าเบญจครรภ
เต้า 7,น.,"นม, เต้านม, เรียกว่า พระเต้า."
เต๋า 1,น.,ชื่อศาสนาสำคัญศาสนาหนึ่งของจีน มีศาสดาชื่อ เล่าจื๊อ หรือ เหลาจื่อ.
เต่า 3,น.,"คำกำกับชื่อปีในวิธีนับศักราชโบราณของสุโขทัยและไทยล้านนา ตรงกับลำดับที่ ๙ ของรอบ ๑๒ ปี, คำกำกับชื่อวันแบบโบราณของสุโขทัยและไทยล้านนา ตรงกับลำดับที่ ๙ ของรอบ ๑๒ วัน, เขียนเป็น เต้า ก็มี."
เต้า 8,ก.,"ไป เช่น คร้นนเช้ากหิ้วกรนนเช้า ชายป่าเต้าไปตามชาย (ม. คำหลวง มัทรี), มา เช่น แต่นี้จักเปล่งถ้อย แถลงนาม หัวหมื่นพันพลเหนือ แต่เต้า (ยวนพ่าย)."
เต่า 4,น.,ชื่อดาวกลุ่มหนึ่ง.
เต้า 9,น.,"คำกำกับชื่อปีในวิธีนับศักราชโบราณของสุโขทัยและไทยล้านนา ตรงกับลำดับที่ ๙ ของรอบ ๑๒ ปี, คำกำกับชื่อวันแบบโบราณของสุโขทัยและไทยล้านนา ตรงกับลำดับที่ ๙ ของรอบ ๑๒ วัน, เขียนเป็น เต้า ก็มี."
เต่า 5,น.,ไม้กระดานในเรือสำปั้นสำหรับใช้ปักหลักแจว.
เต่ากระสุน 0,น.,ไม้สั้น ๆ ที่ทาบอยู่กลางคันกระสุน มัดด้วยหวาย เพื่อให้จับคันกระสุนได้ถนัด.
เต่ากินผักบุ้ง 0,น.,ชื่อเพลงไทย อัตรา ๒ ชั้น หน้าทับปรบไก่ มี ๓ ท่อน.
เต่าเกียด 0,น.,ชื่อไม้ล้มลุกชนิด Homalomena truncataEngl. ในวงศ์ Araceae.
เตาแก๊ส 0,น.,เตาหุงต้มที่ใช้แก๊สเป็นเชื้อเพลิง.
เต๋าเขย่า 0,น.,ขลุกขลิก. (ดู ขลุกขลิก ที่ ขลุก).
เต้าแคน 0,น.,ไม้มีลักษณะกลมป่องตรงกลาง สำหรับเสียบลูกแคน มีรูสำหรับเป่า.
เต้าเจี้ยว 0,น.,ถั่วเหลืองที่หมักเกลือ ใช้ปรุงอาหาร.
เต่าดำ 0,น.,"ชื่อเต่านํ้าจืดชนิด Siebenrockiella crassicollis (Gray)ในวงศ์ Emydidae หัวสีดำมีแต้มสีขาวที่ขมับ กระดองหลังสีดำกว่าเต่าชนิดอื่น ๆ อาศัยตามโคลนเลนบนพื้นท้องน้ำ, ดำแก้มขาว ก็เรียก."
เต่าเดือย 0,น.,"ชื่อเต่าบกชนิด Manouria impressa (Günther) ในวงศ์ Testudinidae ขาไม่ปรากฏนิ้วให้เห็น ขาหลังมีลักษณะคล้ายขาช้าง ระหว่างโคนขาหลังกับโคนหางทั้งสองข้างมีเดือยแหลมข้างละ ๑ เดือย ลักษณะคล้ายหนามยื่นออกมาจากผิวหนัง กระดองสีเหลืองส้มปนน้ำตาล มีแผ่นเกล็ดบางส่วนโปร่งใส ตัวเต็มวัยมีความยาวกระดองหลัง ๒๕-๓๐ เซนติเมตร จัดเป็นเต่าบกที่สวยงามชนิดหนึ่ง กินเห็ดป่านานาชนิด อาศัยอยู่ตามเขาสูงที่เป็นป่าดิบเขา พบทางภาคเหนือ ตอนเหนือของภาคตะวันตก และตอนเหนือของภาคตะวันออกเฉียงเหนือ, ควะ ก็เรียก."
เต่าตนุ 0,น.,ชื่อเต่าทะเลชนิด Chelonia mydas (Linn.) ในวงศ์ Cheloniidae เกล็ดกระดองหลังแต่ละเกล็ดมีลายเป็นทางคล้ายแสงอาทิตย์ จึงมีผู้เรียกว่า เต่าแสงอาทิตย์ ตีนแบนเป็นพาย ตีนหน้าใหญ่ยาวใช้เป็นหลักในการว่ายน้ำ ปรกติอาศัยอยู่ในทะเล จะขึ้นมาตามชายหาดเฉพาะเมื่อจะวางไข่เท่านั้น.
เต่าทอง 0,น.,ชื่อแมลงพวกด้วงขนาดเล็กหลายชนิด หลายสกุล ในวงศ์ Chrysomelidae รูปร่างค่อนข้างกลม ลำตัวโค้งแบน ปีกแข็งใส โค้งนูน เมื่อหุบปีกจดกันด้านหลังทำให้มองคล้ายหลังเต่า ปีกมีลวดลายเหลือบสีทอง เรียก เต่าทอง เช่น ชนิด Aspidomorpha sanctaecrucis (Fabricius) ตัวยาวประมาณ ๑ เซนติเมตร ชนิด Cassida circumdata (Herbst) ตัวยาวประมาณ ๔ มิลลิเมตร.
เต่าทอง 1,น.,ชื่อเพลงไทย อัตรา ๒ ชั้น
เต่าทอง 2,น.,ชื่อเพลงเรื่องประเภทเพลงช้า
เต่าทอง 3,น.,ชื่อเพลงไทยประเภทเพลงโหมโรง.
เต่าทอเสื่อ 0,น.,ไม้สำหรับกระแทกปอที่ใช้ทอเสื่อให้แน่น.
เต้าทึง 0,น.,ชื่อของหวานชนิดหนึ่ง มีถั่วแดงกับลูกเดือยต้ม แป้งกรอบ ลูกพลับแห้ง เป็นต้น ใส่นํ้าตาลต้มร้อน ๆ.
เตาทุเรียง 0,น.,"ชื่อเตาโบราณชนิดหนึ่ง สำหรับเผาเครื่องถ้วยชามและเครื่องกระเบื้องต่าง ๆ ในสมัยสุโขทัย, (ทุเรียง อาจเพี้ยนมาจากชื่อเมืองเชลียง)."
เต่านา 0,น.,ชื่อเต่านํ้าจืดขนาดกลาง ชนิด Malayemis subtrijuga (Schlegel & Müller) ในวงศ์ Emydidae หัวโตสีดำมีลายสีขาวเป็นทางยาวมาถึงคอ กระดองสีน้ำตาล แผ่นเกล็ดขอบกระดองสีน้ำตาลเข้ม อาศัยกินสัตว์ขนาดเล็กตามท้องนาและหนองบึงทั่วไป.
เต่าบ้า 0,น.,"ชื่อแมลงพวกด้วง ในวงศ์ Meloidae ที่สำคัญ ได้แก่ ชนิด Mylabris phalerata (Pallas) ลำตัวยาวประมาณ ๓.๕ เซนติเมตร ปีกมีสีดำและเหลืองสลับกันอย่างละ ๓ แถบ มีน้ำมันซึมออกมาซึ่งมีสารแคนทาริดินปนอยู่ นำไปใช้ในทางการแพทย์ เมื่อถูกตัวจะทำให้เกิดผื่นคัน หากกินจะทำลายระบบการทำงานของไตและกระเพาะอาหาร ทำให้อาเจียน ปัสสาวะเป็นเลือด ดิ้นทุรนทุรายคล้ายคนบ้า หมดสติและเสียชีวิต กินใบและดอกโสน กระเจี๊ยบแดง ปอแก้ว และถั่ว, ด้วงไฟ ด้วงถั่ว เต่าบ้า หรือ แมลงไฟเดือนห้า ก็เรียก."
เต้าปืน 0,น.,ฐานชนวนปืนใหญ่โบราณที่มีลักษณะนูนขึ้น สำหรับโรยดินหู.
เต่าปูลู 0,น.,"ชื่อเต่าน้ำจืดชนิด Platysternon megacephalum Gray วงศ์ Platysternidae หัวโตมากและแข็งหดเข้ากระดองไม่ได้อย่างเต่าชนิดอื่น ปลายปากเป็นจะงอย กระดองหลังยาว ๑๕-๒๐ เซนติเมตร หางยาวเท่ากับหรือยาวกว่ากระดองหลังเล็กน้อย อาศัยอยู่ตามลำธารบนภูเขาสูง ปีนป่ายโขดหินหรือต้นไม้เตี้ย ๆ ได้ กินสัตว์น้ำขนาดเล็ก ในประเทศไทยอาจพบถึง ๓ ชนิดย่อย คือ ปูลูเหนือ (P. m. megacephalum Gray), ปูลูพม่า (P. m. peguens Gray) และปูลูไทย ( P. m. vogeli Wermuth) พบทางภาคเหนือ ตอนเหนือของภาคตะวันออกเฉียงเหนือ และตอนเหนือของภาคตะวันตก."
เตาผิง 0,น.,เตาที่ทำด้วยอิฐสำหรับก่อไฟผิงในหน้าหนาว.
เตาฟู่ 0,น.,เตาที่ใช้สูบลมเพื่อพ่นนํ้ามันให้ขึ้นไปถูกไฟลุกเป็นเปลว.
เตาไฟ 0,น.,ที่สำหรับก่อไฟหุงต้มอาหาร.
เต่ามะเฟือง 0,น.,"ชื่อเต่าทะเลชนิด Dermochelys coriacea (Vandelli) ในวงศ์ Dermochelyidae กระดองหลังยาวมากกว่า ๒ เมตร คลุมด้วยแผ่นหนังแข็ง มีสันตามแนวยาว ๗ สัน ลักษณะคล้ายผลมะเฟือง ไม่มีแผ่นเกล็ด กินทั้งสัตว์และพืช เช่น แมงกะพรุน ปลา กุ้ง ปู เม่นทะเล สาหร่ายทะเล ปัจจุบันพบเฉพาะทางฝั่งทะเลอันดามัน เป็นเต่าที่ใหญ่ที่สุดในปัจจุบัน, เต่าเหลี่ยม ก็เรียก."
เตาไมโครเวฟ 0,น.,"เตาอบที่ใช้ไมโครเวฟทำให้ร้อน, เรียกสั้น ๆ ว่า ไมโครเวฟ."
เต่ารั้ง 0,น.,"ชื่อปาล์ม ๒ ชนิดในสกุล Caryota วงศ์ Palmae คือ ชนิด C. mitisLour. ขึ้นเป็นกอ, เต่าร้างแดง ก็เรียก และชนิด C. bacsonensis Magalon ต้นคล้ายหมาก ผลเป็นทะลาย, เต่ารั้ง หรือ หมากคัน ก็เรียก"
เต้ารับ 0,น.,อุปกรณ์ไฟฟ้า มีรู ๒ รู สำหรับรับเต้าเสียบ เพื่อให้กระแสไฟฟ้าเคลื่อนที่ผ่านเข้าสู่เครื่องใช้ไฟฟ้าได้ครบวงจร.
เต่าร้าง 0,น.,"ชื่อปาล์ม ๒ ชนิดในสกุล Caryota วงศ์ Palmae คือ ชนิด C. mitisLour. ขึ้นเป็นกอ, เต่าร้างแดง ก็เรียก และชนิด C. bacsonensis Magalon ต้นคล้ายหมาก ผลเป็นทะลาย, เต่ารั้ง หรือ หมากคัน ก็เรียก"
เต่าร้าง 1,น.,ต่างหูที่เป็นพวงเหมือนพวงผลเต่าร้าง.
เต่าร้างแดง 0,น.,"ชื่อปาล์ม ๒ ชนิดในสกุล Caryota วงศ์ Palmae คือ ชนิด C. mitisLour. ขึ้นเป็นกอ, เต่าร้างแดง ก็เรียก และชนิด C. bacsonensis Magalon ต้นคล้ายหมาก ผลเป็นทะลาย, เต่ารั้ง หรือ หมากคัน ก็เรียก"
เตารีด 0,น.,เครื่องทำด้วยโลหะ สำหรับรีดผ้าให้เรียบโดยอาศัยความร้อนจากถ่านหรือไฟฟ้า เป็นต้น.
เต่าล้านปี 0,น.,"ผู้ที่มีความคิดล้าสมัย, มักใช้ว่า ไดโนเสาร์เต่าล้านปี."
เต่าลาย 0,น.,ชื่อแมลงพวกด้วงในวงศ์ Coccinellidae รูปร่างค่อนข้างกลม ลำตัวโค้งนูนมากกว่าเต่าทอง ส่วนใหญ่ปีกสีส้มมีลวดลายเป็นจุดหรือเป็นปื้นสีดำกระจายทั่วไป บางชนิดมีสีเหลืองหรือดำไม่มีลวดลาย มีทั้งพวกกินพืชและกินแมลงเล็ก ๆ พวกกินพืชที่ปีกมีขนเล็ก ๆ ปกคลุมมองคล้ายผงฝุ่น เช่น ชนิด Henosepilachna vigintioctopunctata (Fabricius) พวกกินแมลงมีปีกเรียบเป็นมัน เช่น ชนิด Menochilus sexmaculatus (Fabricius).
เต่าเลือน 0,น.,ชื่อยันต์ชนิดหนึ่งทำเป็นรูปเต่า เพื่อทำให้คนหลงเลือน.
เต้าส่วน 0,น.,ชื่อของหวานชนิดหนึ่ง ทำด้วยถั่วเขียวต้มสุกเลาะเปลือกออก เปียกกับแป้ง น้ำตาล แล้วราดนํ้ากะทิ.
เตาสูบ 0,น.,เตาที่ใช้สูบลมพ่นถ่านไฟให้ลุกเป็นเปลว.
เต้าเสียบ 0,น.,"อุปกรณ์ไฟฟ้ามีขาโลหะ ๒ ขา (บางแบบมี ๓ ขา) ปลายข้างหนึ่งของแต่ละขาตรึงอยู่กับวัตถุหุ้ม ซึ่งเป็นฉนวนไฟฟ้า ใช้เสียบเข้ากับเต้ารับเพื่อให้กระแสไฟฟ้าเคลื่อนที่ผ่านเข้าสู่เครื่องใช้ไฟฟ้าได้ครบวงจร, ปลั๊ก หรือ ปลั๊กไฟ ก็เรียก."
เต่าหก 0,น.,ชื่อเต่าบกขนาดใหญ่ชนิด Manouria emys (Schlegel & Müller) ในวงศ์ Testudinidae ขาไม่ปรากฏนิ้วให้เห็น ขาหลังมีลักษณะคล้ายขาช้าง ระหว่างโคนขาหลังกับโคนหางทั้งสองข้างมีเดือยแหลมขนาดต่าง ๆ ลักษณะคล้ายเล็บยื่นออกมาจากผิวหนัง ทำให้เข้าใจผิดว่าเต่าชนิดนี้มี ๖ ขา กินพืชและผลไม้ป่า เช่น กล้วยป่า บอน หน่อไผ่ มักพบอาศัยอยู่ตามที่ที่มีความชื้นสูงตามป่าเขาสูงที่เป็นป่าดงดิบ จัดเป็นเต่าบกที่มีขนาดใหญ่ที่สุดในทวีปเอเชีย ตัวเต็มวัย หนักได้ถึง ๓๗ กิโลกรัม ในประเทศไทยพบ ๒ ชนิดย่อย ได้แก่ เต่าหกเหลือง [ M. e. emys (Schlegel & Müller)] กระดองสีน้ำตาลอมเหลือง พบเฉพาะภาคใต้ตอนล่าง และเต่าหกดำ [ M. e. phayrei (Blyth)] กระดองสีดำ พบเฉพาะภาคเหนือ ภาคตะวันตก และภาคใต้.
เต่าหวาย 0,น.,ชื่อเต่านํ้าจืดขนาดใหญ่ชนิด Heosemys grandis (Gray) ในวงศ์ Emydidae หัวสีน้ำตาลมีลายจุดสีส้ม กระดองสีนํ้าตาลแดงอาศัยอยู่บนบกใกล้บึงและแม่นํ้าลำคลอง ผสมพันธุ์ในน้ำ ปัจจุบันพบน้อยในถิ่นธรรมชาติ.
เต่าหับ 0,น.,ชื่อเต่านํ้าจืดขนาดกลางชนิด Cuora amboinensis (Daudin) ในวงศ์ Emydidae หัวสีดำมีลายสีเหลืองตามขอบหัวด้านบน ที่พบในประเทศไทยกระดองหลังโค้งนูนมาก ที่พบในต่างประเทศกระดองหลังแบน กระดองท้องเป็นบานพับแบ่งออกเป็น ๒ ตอน และสามารถหับปิดหัว ขา และหางได้สนิท จึงเรียกว่า เต่าหับ อาศัยอยู่บนบกที่มีความชื้นมากกว่าอยู่ในน้ำ.
เต่าหับ 1,น.,ไม้เนื้อแข็งที่ตีติดกับข้างเรือด้านในด้วยลูกประสัก เจาะรูสี่เหลี่ยมเล็กกว่ารูที่ไม้เสริมแคร่หรือเต่าซึ่งอยู่ข้างบนสำหรับยึดหลักแจวให้แน่น.
เต้าหู้ 0,น.,ถั่วเหลืองที่โม่เป็นแป้งแล้วทำเป็นแผ่นหนา ๆ ใช้เป็นอาหาร มี ๒ ชนิด คือ เต้าหู้ขาว และเต้าหู้เหลือง.
เต้าหู้ยี้ 0,น.,อาหารเค็มของจีน ใช้ถั่วเหลืองทำเป็นเต้าหู้แล้วหมัก มี ๒ ชนิด คือ เต้าหู้ยี้ขาว และเต้าหู้ยี้แดง.
เต่าเห่ 0,น.,ชื่อเพลงไทย อัตรา ๒ ชั้น หน้าทับปรบไก่
เต่าเห่ 1,น.,ชื่อเพลงไทยประเภทเพลงเถา.
เต่าเหลี่ยม 0,น.,"ชื่อเต่าทะเลชนิด Dermochelys coriacea (Vandelli) ในวงศ์ Dermochelyidae กระดองหลังยาวมากกว่า ๒ เมตร คลุมด้วยแผ่นหนังแข็ง มีสันตามแนวยาว ๗ สัน ลักษณะคล้ายผลมะเฟือง ไม่มีแผ่นเกล็ด กินทั้งสัตว์และพืช เช่น แมงกะพรุน ปลา กุ้ง ปู เม่นทะเล สาหร่ายทะเล ปัจจุบันพบเฉพาะทางฝั่งทะเลอันดามัน เป็นเต่าที่ใหญ่ที่สุดในปัจจุบัน, เต่าเหลี่ยม ก็เรียก."
เต่าเหลือง 0,น.,"ชื่อเต่าบกขนาดกลางชนิด Indotestudo elongata (Blyth) ในวงศ์ Testudinidae หัวสีเหลือง กระดองหลังสีเหลืองมีลายเปรอะสีน้ำตาล กระดองท้องสีเหลืองไม่มีลาย กินพืช เช่น หญ้าเพ็ก, เพ็ก ขี้ผึ้ง เทียน หรือ แขนง ก็เรียก."
เตาอบ 0,น.,เตาที่ใช้อบอาหาร โดยอาศัยความร้อนจากถ่านหรือไฟฟ้าเป็นต้น
เตาอบ 1,น.,เตาเผาศพ.
เต้าฮวย 0,น.,ชื่อของหวานชนิดหนึ่ง ทำด้วยนํ้าถั่วเหลืองที่มีลักษณะแข็งตัว ปรุงด้วยนํ้าขิง นํ้าตาล.
เต๊าะ 0,ก.,พูดหรือแสดงอาการเลียบเคียงให้พอใจเพื่อให้ได้สิ่งที่ต้องการ เช่น วันนี้เต๊าะเงินจากพี่มาได้ ๒๐๐ บาท.
เตาะ ๆ แตะ ๆ 0,ว.,"อาการที่เด็กเริ่มสอนเดิน เรียกว่า เดินเตาะ ๆ แตะ ๆ, กระเตาะกระแตะ หรือ เตาะแตะ ก็ว่า."
เตาะแตะ 0,ว.,"อาการที่เด็กเริ่มสอนเดิน เรียกว่า เดินเตาะแตะ, กระเตาะกระแตะ หรือ เตาะ ๆ แตะ ๆ ก็ว่า"
เตาะแตะ 1,ว.,เรียกการเล่นการพนันหรือทำการค้าอย่างมีทุนน้อยแล้วต่อทุนให้มาก ว่า เล่นเตาะแตะ ค้าขายเตาะแตะ.
เติ่ง 0,น.,ที่สำหรับทอดลูกบาศก์ในการเล่นสกา มีลักษณะคล้ายครกตำหมาก ทำด้วยงาหรือไม้แข็ง มีรูข้าง ๆ สำหรับลูกบาศก์ออก.
เตินเต่อ 0,ว.,"ลักษณะที่ชายผ้านุ่งหรือแขนเสื้อเป็นต้นสั้นขึ้นไปมาก เช่น นุ่งผ้าสั้นเตินเต่อ นุ่งผ้าสูงเตินเต่อ, เต่อ ก็ว่า."
เติบ 0,ว.,มากเกินสมควร เช่น เด็ก ๆ กินกับเติบ ไม่ค่อยกินข้าว.
เติบโต 0,ก.,"โตขึ้น เช่น ร่างกายเติบโต ต้นไม้เติบโต, เติบใหญ่ ก็ว่า."
เติม 0,ก.,เพิ่มสิ่งที่ยังพร่องอยู่.
เตี้ย 0,ว.,มีรูปร่างตํ่ากว่าปรกติ.
เตียง 0,น.,ที่สำหรับนอนหรือตั้งสิ่งของ รูปสี่เหลี่ยมผืนผ้ามีขา ๔ ขา.
เตียงลา 0,น.,เตียงเล็ก ๆ สำหรับทอดไว้ที่หน้าพระที่นั่งหรือพระแท่นบรรทมสำหรับก้าวขึ้นลง.
เตี้ยตน 0,ว.,ถ่อมตน.
เตียน 0,ว.,"เรียบราบ เช่น ดายหญ้าให้เตียน, หมดไป เช่น ถูกกวาดเสียเตียน, ไม่รก."
เตียน 1,ก.,"ติ, ทัก, เช่น โปรดแปลงเอาอย่าเตียน ข้อยข้าเขียนตามฉบับ (จินดามณี)."
เตียบ 0,น.,ภาชนะใส่ของกิน ลักษณะคล้ายพานปากคลุ่ม มีฝาครอบทรงกรวย ทั้งตัวภาชนะและฝาย่อมุมไม้สิบสอง.
เตี๋ยม 0,น.,ที่สำหรับใส่ข้าวเปลือกหรือของอย่างอื่นเช่นเกลือหรือปูน เอาเสื่อลำแพนล้อมเป็นวงรอบแล้วยาด้วยขี้วัวหรือขี้ควาย.
เตียรถ์ 0,น.,"เดียรถ์, ท่านํ้า."
เตี่ยว 0,น.,"ผ้าแคบยาวสำหรับคาดปากหม้อกันไม่ให้ไอร้อนออกเวลานึ่งของ, ผ้าขัดหนอกผู้หญิงสำหรับซับระดูหรืออยู่กระดานไฟ"
เตี่ยว 1,น.,ใบตองหรือใบมะพร้าวสำหรับคาดกลัดห่อขนม เช่นห่อข้าวหมาก ห่อขนมตาล
เตี่ยว 2,น.,กางเกง.
เตี่ยว 3,ก.,"มัดด้วยผ้าเตี่ยว, คาดให้แน่น."
เตียว 0,น.,เรียกพลลิงจำพวกหนึ่งในเรื่องรามเกียรติ์ที่ใช้ผ้าตะบิดโพกศีรษะ ว่า เตียวเพชร
เตียว 1,น.,เรียกตัวหนังใหญ่ที่สลักเป็นรูปลิงขาวจับลิงดำมัด เพื่อพาไปหาฤๅษี.
เตียว 2,น.,ชื่อเพลงไทยประเภทเพลงหน้าพาทย์ ใช้บรรเลงต่อท้ายเพลงเชิดนอกในการแสดงโขน.
เตียว 3,ก.,"มัดด้วยผ้าเตี่ยว, คาดให้แน่น, เช่น เตียวแขนมันไพล่หลัง (พระร่วง)."
เตียว 4,ก.,"เที่ยว, เดิน, เช่น ปล่อยวานรพัน- ธนาก็เต้าเตียวจร (บุณโณวาท)."
เตี้ยอุ้มค่อม 0,น.,คนที่ช่วยเหลือคนที่มีฐานะตํ่าต้อยหรือยากจน ทั้ง ๆ ที่ตนเองก็มีฐานะตํ่าต้อยหรือยากจนเหมือนกัน.
เตื้อ 0,น.,"ครั้ง, หน, เทือ เทื่อ หรือ เทื้อ ก็ว่า."
เตือน 0,ก.,"บอกให้รู้ล่วงหน้า, ทำให้รู้ตัว, ทำให้รู้สำนึก, ทักไม่ให้ลืม."
เตือนใจ 0,ก.,"สะกิดใจ, ทำให้ระลึกได้."
เตือนตา 0,ก.,ชวนดู เช่น สุวรรณหงส์ทรงภู่ห้อย งามชดช้อยลอยหลังสินธุ์ เพียงหงส์ทรงพรหมินทร์ ลินลาศเลื่อนเตือนตาชม (กาพย์เห่เรือ).
เตือนสติ 0,ก.,"เตือนให้รู้ตัว, เตือนให้ได้สติ."
แต่ 0,ว.,"เฉพาะ, อย่างเดียว, เท่านั้น, เช่น เลือกเอาแต่ดี ๆ อยู่แต่ในบ้าน."
แต้ 0,ว.,อย่างเบิกบานเต็มที่ เช่น ยิ้มแต้ รำแต้ วิ่งแต้.
แต่ 1,บ.,"นำหน้านามบอกเวลาที่เป็นจุดเริ่มต้น เช่น มาแต่เช้า, จาก เช่น มาแต่บ้าน."
แต้ 1,น.,ต้นมะค่าแต้. (ดู มะค่าแต้ ที่ มะค่า).
แต่ 2,สัน.,เชื่อมความให้กลับกันหรือให้แย้งกัน เช่น นํ้าขึ้นแต่ลมลง นาย ก กินข้าว แต่นาย ข นอน
แต่ 3,สัน.,ตาม เช่น เมรยสฺส สุราย จ ตวงเต็มสุราบานโซรแซร ให้กินแต่เต็มใจ (ม. คำหลวง มหาราช).
แต่ ๆ 0,ว.,เสียงร้องเช่นนั้นและทำมือพลิกไปมาล่อให้เด็กเล็ก ๆ หยุดร้องไห้ เป็นต้น.
แตก 0,ก.,"แยกออกจากส่วนรวม เช่น แก้วแตก ชามแตก, ทำให้แยกออกจากส่วนรวม เช่น แตกสามัคคี แตกหมู่คณะ"
แตก 1,ก.,คุมหรือควบคุมไว้ไม่อยู่ เช่น แตกฝูง ไฟธาตุแตก ใจแตก ตบะแตก
แตก 2,ก.,ปะทุ เช่น ถ่านแตก
แตก 3,ก.,ผลิ เช่น แตกกิ่งก้าน แตกใบอ่อน แตกหน่อ
แตก 4,ก.,ไหลออกมาเอง เช่น เหงื่อแตก เยี่ยวแตก ขี้แตก
แตก 5,ก.,"มีรอยแยก, แยกออกเป็นรอย, เช่น กำแพงแตก หน้าขนมแตก"
แตก 6,ก.,"เรียกการอ่านหนังสือออกคล่อง ว่า อ่านหนังสือแตก, เรียกเสียงห้าวเมื่อเริ่มเป็นหนุ่ม ว่า เสียงแตก, เรียกอาการที่พูดจนแสบคอหรือตะโกนดังจนสุดเสียง ว่า พูดจนคอแตก ตะโกนจนคอแตก."
แตกคอ 0,ก.,"หมางใจกันเพราะภายหลังเกิดมีความเห็นหรือรสนิยมไม่ตรงกัน, แตกสามัคคี."
แตกคอก 0,ก.,ไม่ปฏิบัติตามที่เคยทำกันมา.
แตกเงิน 0,ก.,เอาเงินตราหน่วยใหญ่ไปแลกเป็นเงินปลีกหรือหน่วยย่อย.
แตกฉาน 0,ว.,"ชำนิชำนาญ, เชี่ยวชาญ, เช่น มีความรู้แตกฉาน."
แตกฉาน 1,ก.,กระจัดกระจายไป.
แตกฉานซ่านเซ็น 0,ก.,กระจัดกระจายไป.
แตกดับ 0,ก.,"สูญสลาย เช่น วิญญาณแตกดับ สังขารย่อมแตกดับเป็นธรรมดา, ตาย ในคำว่า ชีวิตแตกดับ."
แตกต่าง 0,ก.,"ไม่เหมือนกัน, ผิดกัน."
แตกตื่น 0,ก.,แห่กันไปด้วยความตื่นเต้น ตกอกตกใจ หรืออยากรู้อยากเห็น เป็นต้น.
แตกแตน 0,ก.,"แตกกระจาย, แตกไม่เป็นชิ้นเป็นอัน."
แตกแถว 0,ก.,แยกตัวออกจากพวกด้วยการกระทำหรือด้วยความคิด
แตกแถว 1,ก.,ไม่อยู่ในระเบียบวินัย.
แตกทัพ 0,ก.,"แตกกระจัดกระจายไปจากกองทัพ, พ่ายแพ้."
แตกเนื้อสาว 0,ก.,เริ่มเป็นสาว.
แตกเนื้อหนุ่ม 0,ก.,เริ่มเป็นหนุ่ม.
แตกฝูง 0,ก.,"ปลีกตัวออกจากหมู่, มีความประพฤติหรือความเห็นผิดแผกไปจากหมู่."
แตกพาน 0,ก.,เริ่มเป็นหนุ่ม.
แตกมัน 0,ก.,อาการที่มันของกะทิลอยขึ้นในเวลาเคี่ยว ในความว่า เคี่ยวกะทิแตกมัน.
แตกแยก 0,ก.,แตกสามัคคี.
แตกระแหง 0,ก.,แตกเป็นร่อง ๆ เช่น ดินแตกระแหง.
แตกร้าว 0,ก.,บาดหมางหรือผิดใจกันจนติดต่อคบหากันอย่างเดิมไม่ได้.
แตกลายงา 0,ว.,"มีรอยปริตื้น ๆ ทั่วไปบนพื้นผิวของสิ่งใดสิ่งหนึ่ง เช่น ถ้วยชามแตกลายงา, ราน ก็ว่า."
แตกหัก 0,ว.,เด็ดขาดถึงที่สุดไม่ข้างใดก็ข้างหนึ่งเป็นได้รู้ดีกัน เช่น รบขั้นแตกหัก เจรจาขั้นแตกหัก พูดแตกหัก.
แต่ก่อนแต่กี้ 0,ว.,เมื่อก่อน.
แต่ก่อนแต่ไร 0,ว.,เมื่อก่อน.
แต่กี้แต่ก่อน 0,ว.,เมื่อก่อน.
แตง 0,น.,"ชื่อไม้เถาล้มลุกหลายชนิดหลายสกุล ในวงศ์ Cucurbitaceae เถามีขน มีมือเกาะ บางชนิดยอด ดอก และผลกินได้ เช่น แตงกวา ( Cucumis sativusL.) ผลเล็ก ใช้เป็นผัก, แตงร้าน เป็นแตงกวาพันธุ์หนึ่ง ผลโตกว่าแตงกวาธรรมดามาก, แตงไทย ( C. melo L.) ผลอ่อนใช้เป็นผัก เมื่อสุกกินกับนํ้ากะทิ, แตงโม [ Citrullus lanatus (Thunb.) Matsum et Nakai] ยอดและผลอ่อนใช้เป็นผัก ผลแก่เนื้อมีรสหวาน, แตงหนู [ Zehneria marginata (Blume) Keraudren] มีผลเล็กมาก."
แต่ง 0,ก.,"จัดให้งาม เช่น แต่งร้าน แต่งบ้าน, ทำให้ดี เช่น แต่งต้นไม้ แต่งผม"
แต่ง 1,ก.,จัดตั้ง เช่น แต่งทนาย แต่งราชทูต
แต่ง 2,ก.,จัดแจง เช่น แต่งเครื่องราชบรรณาการ แต่งทัพ
แต่ง 3,ก.,"เรียบเรียงให้เป็นเรื่องราว เช่น แต่งหนังสือ แต่งโคลงกลอน, คิดทำขึ้นเอง เช่น แต่งเรื่อง"
แต่ง 4,ก.,ครอง เช่น แต่งเมือง ว่า ครองเมือง.
แต่งกว้าน 0,ก.,ตรวจจัดราชการ.
แต่งการ 0,ก.,แต่งงาน เช่น ไม่แต่งการกับพระนุชบุษบา (อิเหนา).
แต่งงาน 0,ก.,ทำพิธีเพื่อให้ชายหญิงอยู่กินเป็นผัวเมียกันตามประเพณี.
แต่งตั้ง 0,ก.,"ยกย่องขึ้น, ชุบเลี้ยงให้มียศ, ให้ตำแหน่ง."
แต่งตัว 0,ก.,สวมเสื้อผ้าหรือประดับประดาร่างกาย.
แตงเถาตาย 0,น.,หญิงม่ายที่มีอายุมาก.
แตงเม 0,น.,ตังเม.
แตงร่มใบ 0,ว.,มีผิวเป็นนวลใยในวัยสาว.
แต่งหน้า 0,ก.,"ใช้เครื่องสำอางเสริมแต่งใบหน้าให้สวยขึ้น, ใช้เครื่องสำอางเสริมแต่งใบหน้าให้มีลักษณะต่าง ๆ ให้เหมาะสมกับบทบาทในการแสดงละครเป็นต้น."
แต่งหน้าขนม 0,ก.,ประดับหน้าขนมเค้กให้สวยงามด้วยนํ้าตาลหรือครีมเป็นต้น.
แต้จิ๋ว 0,น.,"จีนชาวเมืองแต้จิ๋วในมณฑลกวางตุ้ง ประเทศจีน, เรียกภาษาของจีนแต้จิ๋ว ว่า ภาษาแต้จิ๋ว."
แต่ช้าแต่ 0,ว.,เสียงร้องเช่นนั้นและทำมือพลิกไปมาล่อให้เด็กเล็ก ๆ หยุดร้องไห้ เป็นต้น.
แตด 0,น.,"ส่วนแห่งอวัยวะเพศของหญิง อยู่ระหว่างแคมในตอนบน, เม็ดละมุด ก็ว่า."
แต๊ดแต๋ 0,ว.,"มีลักษณะแบนราบเพราะถูกกดถูกเหยียบเป็นต้น ในคำว่า แบนแต๊ดแต๋, แป๊ดแป๋ ก็ว่า."
แต่ทว่า 0,สัน.,"แต่ว่า เช่น เขาขยันเรียนหนังสือ แต่ทว่าสอบตก, บางทีพูดสั้น ๆ ว่า ทว่า."
แตน 0,น.,"ชื่อแมลงประเภทเดียวกับต่อ แต่ขนาดเล็กกว่า ปรกติลำตัวยาวไม่เกิน ๑.๕ เซนติเมตร มีหลายวงศ์ เช่น แตนฝักบัว [Icaria ferruginea (Fabricius)] ทำรังรูปคล้ายฝักบัว, แตนลิ้นหมา (I. artifexSaussure) ทำรังห้อยย้อยลงมาคล้ายลิ้นหมา ในวงศ์ Vespidae นอกจากนี้ยังมีแตนในวงศ์อื่น ๆ อีก เช่น แตนหางธง แตนเบียน แตนเบียนฝอย."
แต้ม 0,ก.,เอาสีหรือสิ่งใดสิ่งหนึ่งแตะ ๆ ให้เป็นจุด เช่น แต้มสี แต้มยา
แต้ม 1,ก.,ปลูก (เฉพาะต้นยา).
แต้ม 2,น.,รอยหรือจุดที่มีลักษณะกลม ๆ ปรากฏที่ผิวพื้น
แต้ม 3,น.,คะแนน เช่น สอบได้กี่แต้ม
แต้ม 4,น.,"ตาที่เดินอย่างตาหมากรุก, ชั้นเชิง เช่น เขาเดินแต้มสูง."
แต้มคู 0,น.,ชั้นเชิงอันแยบคาย.
แต้มต่อ 0,น.,แต้มที่ผู้มีฝีมือเหนือกว่าต่อให้แก่ผู้ที่มีฝีมือด้อยกว่า เพื่อให้มีโอกาสชนะในการแข่งขันได้พอ ๆ กัน.
แตร 0,น.,"เครื่องดนตรีประเภทเครื่องเป่า ทำด้วยโลหะ มีปากบาน, อุปกรณ์ที่ทำให้เกิดเสียงเพื่อเป็นสัญญาณ เช่น แตรรถยนต์ แตรเรือขายของ."
แตรงอน 0,น.,แตรมีลักษณะปลายบานและโค้งงอน ใช้ในงานพระราชพิธี
แตรงอน 1,น.,"ชื่อหนึ่งของดาวฤกษ์อุตราษาฒ มี ๕ ดวง, ดาวราชสีห์ตัวเมีย ดาวอุตตราอาษาฒ หรือ ดาวอุตตราสาฬหะ ก็เรียก."
แตรเดี่ยว 0,น.,แตรที่ทหารใช้เป่าเป็นสัญญาณในเวลานอน เวลาปลุก เป็นต้น.
แตรฝรั่ง 0,น.,"เครื่องเป่าชนิดหนึ่งของชาวตะวันตก ทำด้วยโลหะ ใช้ลมเป็นต้นกำเนิดของเสียง มีหลายลักษณะ ใช้เป่าในงานพระราชพิธี มีผ้าของหมู่ทหารห้อยเป็นที่สังเกต, แตรลำโพง ก็เรียก."
แตรฟันฟาร์ 0,น.,แตรที่ใช้เป่าในเวลาเริ่มพิธีในการแข่งขันกีฬาเป็นต้น.
แตรลำโพง 0,น.,แตรฝรั่ง.
แตรวง 0,น.,วงดนตรีซึ่งประกอบด้วยเครื่องดนตรีประเภทเครื่องลมทองเหลืองจำพวกแตร และเครื่องตีเช่นกลอง จะจัดเป็นวงใหญ่หรือวงเล็กก็ได้ ใช้ในการบรรเลงเพลงต่าง ๆ.
แตรวงโยธวาทิต 0,น.,วงดนตรีทหารหรือตำรวจเป็นต้นซึ่งประกอบด้วยเครื่องดนตรีที่ทำด้วยทองเหลือง จำพวกแตร เครื่องตี เช่น กลองใหญ่เล็ก และเครื่องลมต่าง ๆ มักจัดเป็นวงใหญ่ ใช้ในเวลากองทหารเดินและอื่น ๆ.
แตระ 0,ก.,กรีด เช่น แล้วลงตามลำไส้ด้วยไวว่อง เอาตรีแตระแหวะท้องยักษี (รามเกียรติ์ ร. ๒)
แตระ 1,ก.,ประดิษฐ์พวงดอกไม้จากดอกจำปา โดยกรีดปลายกลีบแต่ละกลีบให้เป็นช่อง เด็ดกลีบจากดอกอื่นมาผ่าเป็น ๒ ขา สอดเข้าในช่องปลายกลีบดอกแรก ทำเป็นพวงอย่างอุบะ เช่น จงบอกแก่อะหนะบุษบา เร่งแตระอุบะมาให้จงได้ (อิเหนา).
แตระ 2,น.,พวงดอกไม้ที่ประดิษฐ์ด้วยวิธีเช่นนั้น.
แต่ละ 0,ว.,คำที่บอกแยกเป็นจำนวนหนึ่ง ๆ เช่น แต่ละคน แต่ละราย แต่ละหมวด.
แต้ว 0,น.,ชื่อไม้ต้นชนิด Cratoxylum maingayi Dyer ในวงศ์ Guttiferae ดอกสีขาว ยางใช้ฉาบทา.
แต้วแร้ว 0,น.,ชื่อนกขนาดเล็กในวงศ์ Pittidae คอและหางสั้น ลำตัวอ้วนสั้น มีสีฉูดฉาด เช่น นํ้าเงิน เขียว แดง นํ้าตาล เหลือง ในตัวเดียวกัน ขาค่อนข้างยาว มักกระโดดหรือวิ่งไปตามพื้นดิน กินแมลงและสัตว์ขนาดเล็ก โดยเฉพาะไส้เดือน ในประเทศไทยมีหลายชนิด เช่น แต้วแร้วหูยาว ( Pitta phayrei Blyth) แต้วแร้วท้องดำ ( P. gurneyi Hume) แต้วแร้วปีกสีฟ้าหรือแต้วแร้วธรรมดา [ P. moluccensis Müller] เขียนเป็น แต้วแล้ว ก็มี.
แต้วแล้ว 0,น.,ชื่อนกขนาดเล็กในวงศ์ Pittidae คอและหางสั้น ลำตัวอ้วนสั้น มีสีฉูดฉาด เช่น นํ้าเงิน เขียว แดง นํ้าตาล เหลือง ในตัวเดียวกัน ขาค่อนข้างยาว มักกระโดดหรือวิ่งไปตามพื้นดิน กินแมลงและสัตว์ขนาดเล็ก โดยเฉพาะไส้เดือน ในประเทศไทยมีหลายชนิด เช่น แต้วแร้วหูยาว ( Pitta phayrei Blyth) แต้วแร้วท้องดำ ( P. gurneyi Hume) แต้วแร้วปีกสีฟ้าหรือแต้วแร้วธรรมดา [ P. moluccensis Müller] เขียนเป็น แต้วแล้ว ก็มี.
แต่วัน 0,ว.,"ก่อนเวลากำหนดมาก เช่น งานเริ่มทุ่มหนึ่ง มาแต่วันเชียว, ก่อนเวลาที่ควรเป็น (มักใช้เฉพาะเวลาช่วงบ่ายค่อนไปทางเย็น) เช่น วันนี้กลับบ้านแต่วัน กินข้าวแต่วัน กินเหล้าแต่หัววัน."
แต่ว่า 0,สัน.,เชื่อมความให้กลับกันหรือให้แย้งกัน เช่น นํ้าขึ้นแต่ลมลง นาย ก กินข้าว แต่นาย ข นอน
แต่ว่า 1,สัน.,ตาม เช่น เมรยสฺส สุราย จ ตวงเต็มสุราบานโซรแซร ให้กินแต่เต็มใจ (ม. คำหลวง มหาราช).
แต้แว้ด 0,น.,"ชื่อนกขนาดเล็กชนิด Vanellus indicus (Boddaert) วงศ์ย่อย Charadriinae ในวงศ์ Charadriidae ปากยาว หัวสีดำ ขนบริเวณหูสีขาว มีติ่งเนื้อสีแดงพาดระหว่างตาผ่านหน้าผาก ขายาวสีเหลือง วางไข่ในแอ่งตื้น ๆ บนพื้นดิน กินแมลงและสัตว์ขนาดเล็ก ร้องเสียงแตแต้แว้ด, กระต้อยตีวิด ต้อยตีวิด หรือ แต้แว้ด ก็เรียก."
แต่หัววัน 0,ว.,"ก่อนเวลากำหนดมาก เช่น งานเริ่มทุ่มหนึ่ง มาแต่วันเชียว, ก่อนเวลาที่ควรเป็น (มักใช้เฉพาะเวลาช่วงบ่ายค่อนไปทางเย็น) เช่น วันนี้กลับบ้านแต่วัน กินข้าวแต่วัน กินเหล้าแต่หัววัน."
แต่ไหนแต่ไร 0,*ว.,ตั้งแต่นานมาแล้วถึงปัจจุบัน เช่น เขาเป็นคนอย่างนี้แต่ไหนแต่ไรแล้ว.
แตะ 0,ก.,ถูกต้องแต่เบา ๆ หรือเพียงนิดหน่อย.
แตะ 1,น.,เรียกรองเท้าชนิดไม่หุ้มส้น ว่า รองเท้าแตะ.
แตะต้อง 0,ก.,"ถูกต้องแต่เบา ๆ หรือเพียงนิดหน่อย, โดยปริยายหมายความว่า ยุ่งเกี่ยว, เกี่ยวข้อง, เช่น ผมไม่เคยแตะต้องการพนัน."
โต 0,น.,สิงโต.
โต้ 0,น.,"ชื่อมีดชนิดหนึ่ง สันหนา หัวโต, อีโต้ ก็เรียก."
โต 1,ว.,"ใหญ่, มีขนาดไม่เล็ก, เช่น เขาสวมเสื้อตัวโต, มีขนาดใหญ่กว่าเมื่อเทียบกัน เช่น มะพร้าวโตกว่ามะไฟ มะเขือเทศโตกว่ามะเขือพวง, โดยปริยายเมื่อใช้ประกอบกับคำอื่นบางคำหมายความว่า อวดอ้างความเป็นใหญ่เป็นโต เช่น คุยโต อวดโต วางโต."
โต 2,ก.,"เจริญขึ้น, มักใช้เข้าคู่กับคำ เติบ เป็น เติบโต."
โต้ 1,ก.,"ต้าน เช่น โต้คลื่น โต้ลม, ตอบกลับไป เช่น เขาตีลูกเทนนิสมา ก็ตีโต้กลับไป."
โตก 0,น.,"ภาชนะทำด้วยไม้กลึง ไม้ไผ่สาน หวาย หรืออย่างเครื่องเขิน ส่วนบนลักษณะคล้ายถาด ส่วนล่างเป็นตีนลักษณะเป็นวงแหวนมีขนาดเล็กกว่าถาดส่วนบน โดยมีซี่ไม้ลูกมะหวดประมาณ ๖ ซี่ปักที่ตีนค้ำถาดไว้ ใช้สำหรับใส่อาหารเป็นต้น, ขันโตก หรือ สะโตก ก็ว่า, ลักษณนามว่า ใบ หรือ ลูก"
โตก 1,น.,"ภาชนะมีเชิงสูงรูปคล้ายพาน มีพื้นตื้นสำหรับวางหรือใส่สิ่งของ มักทำด้วยโลหะ เช่น เงิน ทองคำ ทองเหลือง, โต๊ะ ก็ว่า, ลักษณนามว่า ใบ หรือ ลูก."
โต้คารม 0,ก.,แสดงคารมตอบกันไปมา.
โต่ง 0,น.,ที่สุดของสิ่งที่เป็นแถวเป็นแนว เช่น ปลายโต่ง ท้ายโต่ง สุดโต่ง
โต่ง 1,น.,ท่อนไม้ที่ผูกติดอยู่บนแพสุดท้าย สำหรับต๋งกับหลักบนริมฝั่งเพื่อยึดแพไม่ให้น้ำพัดลอยไป.
โต้ง 0,ว.,โตใหญ่ในพวก.
โต้ง 1,น.,เรียกไก่อูไก่ตะเภาตัวผู้ขนาดใหญ่ หรือเอี่ยวพญาของไพ่ตองไทย ว่า อ้ายโต้ง.
โต้ง ๆ 0,ว.,อย่างชัด ๆ เช่น เห็นโต้ง ๆ.
โตง ๆ เตง ๆ 0,ว.,กะโตงกะเตง.
โตงเตง 0,น.,เครื่องหูกชนิดหนึ่ง มี ๒ อันผูกแขวนลงมาสำหรับสวมกระดานที่ม้วนด้าย
โตงเตง 1,น.,"เรียกเสาไม้ขนาดใหญ่ ๒ เสาที่แขวนห้อยอยู่กลางประตูเพนียดให้ช้างเข้าออก ว่า เสาโตงเตง, ประตูเข้ามีเสาโตงเตง ๒ ชั้น ส่วนประตูออกมีเสาโตงเตงชั้นเดียว, เรียกประตูเพนียดที่มีเสาโตงเตง ว่า ประตูโตงเตง."
โตงเตง 2,ว.,อาการแห่งสิ่งของที่ห้อยยาว แล้วแกว่งไปมาได้.
โตงเตง 3,น.,"ตัวไม้โครงหลังคา เป็นเครื่องยึดเหนี่ยวระหว่างเต้ากับจันทันระเบียง, แขวน หรือ ค้างคาว ก็เรียก."
โตฎก 0,น.,"ชื่อฉันท์วรรณพฤติ บทหนึ่งมี ๔ บาท แต่ละบาทมี ๑๒ พยางค์, ประกอบด้วย ส คณะ (ลหุ ลหุ ครุ) ล้วน เช่น รถนั้นนลแท้ นลแน่มนใน นรอื่นบ่มีใคร รถแขงดุจนล (พระนลคำฉันท์)."
โต๊ด 0,น.,ผู้หรือวิธีรับกินรับใช้ในการพนันแข่งม้าเป็นต้น.
โต้ตอบ 0,ก.,"มีหนังสือไปมา, ตอบกันไปมาในเรื่องนั้น ๆ."
โต้เถียง 0,ก.,เถียงกันไปมา.
โตน 0,ก.,"โจน, กระโดด."
โตน 1,น.,นํ้าตก.
โตนด 0,น.,ตาลโตนด. (ข. โตฺนต ว่า ต้นตาล). (ดู ตาล).
โตนด 1,น.,ชื่อเรียกลูกบัวในสกุล Nymphaea วงศ์ Nymphaeaceae. (ดู บัว).
โต้โผ 0,น.,"หัวหน้าคณะมหรสพ มีละคร งิ้ว เป็นต้น, ตั้วโผ ก็เรียก, โดยปริยายหมายถึงหัวหน้าหรือหัวเรี่ยวหัวแรงในการทำกิจกรรมต่าง ๆ."
โตมร 0,น.,"อาวุธสำหรับซัด, หอกซัด."
โตมร- 0,น.,"อาวุธสำหรับซัด, หอกซัด."
โตมรธร 0,น.,ผู้ถือหอก
โตมรธร 1,น.,ไฟ.
โตมา 0,น.,"ชื่อไม้ต้นชนิด Diospyros discolor Willd. ในวงศ์ Ebenaceae แก่นดำ ใช้ทำสิ่งของต่าง ๆ เช่น หีบ, โตมา ก็เรียก."
โตย 0,น.,นํ้า เช่น แปรกรรหายหอบโตย (ตะเลงพ่าย).
โต้แย้ง 0,ก.,แสดงความเห็นแย้งกัน.
โตรก 0,น.,"ช่องลึกของเขา, โกรก หรือ โกรกไกร ก็ใช้."
โตรกไตร 0,น.,"ช่องลึกของเขา, โกรก หรือ โกรกไกร ก็ใช้."
โตรด 0,ว.,โดดเดี่ยว เช่น เยียยลสุดาเดียวตรอมโตรด (ทวาทศมาส)
โตรด 1,ว.,"เปลี่ยว, คะนอง เช่น ส่วนสัตว์โตรดดุดัน (ม. คำหลวง ทานกัณฑ์), โกรด ก็ใช้."
โต้รุ่ง 0,ว.,อยู่ตลอดคืนจนกระทั่งเช้า.
โตเล่นหาง 0,น.,"ชื่อกลบทชนิดหนึ่ง สัมผัสสระคำที่ ๕ กับคำที่ ๖ ในแต่ละวรรค เช่น ขอเดชะพระ องค์จงโปรดเศียร ให้สมเพียรโย ธาข้าบาทสนอง (ศิริวิบุลกิติ์), ในศิริวิบุลกิติ์ เรียก สิงห์โตเล่นหาง"
โตเล่นหาง 1,น.,ชื่อเพลงไทย อัตรา ๒ ชั้น หน้าทับปรบไก่
โตเล่นหาง 2,น.,ชื่อเพลงไทยประเภทเพลงเถา.
โต้วาที 0,ก.,แสดงคารมโดยมีฝ่ายเสนอและฝ่ายค้านในเรื่องใดเรื่องหนึ่ง.
โต้หลง 0,ก.,"สงเคราะห์, ช่วย."
โต๊ะ 0,น.,"สิ่งที่ทำด้วยไม้เป็นต้น พื้นราบ เป็นรูปต่าง ๆ มีขาสำหรับเป็นที่เขียนหนังสือ ตั้งเครื่องบูชา หรือ วางสิ่งของต่าง ๆ เรียกชื่อต่าง ๆ ตามวัตถุที่ทำ เช่น โต๊ะหิน โต๊ะมุก ตามรูปร่าง เช่น โต๊ะกลม โต๊ะสี่เหลี่ยม ตามวัตถุประสงค์ที่ใช้ เช่น โต๊ะเขียนหนังสือ โต๊ะประชุม, ลักษณนามว่า ตัว ถ้าเป็นโต๊ะอาหารจีนเป็นชุด ลักษณนามว่า โต๊ะ."
โต๊ะ 1,น.,"ภาชนะมีเชิงสูงรูปคล้ายพาน มีพื้นตื้นสำหรับวางหรือใส่สิ่งของ มักทำด้วยโลหะ เช่น เงิน ทองคำ ทองเหลือง, โตก ก็ว่า, ลักษณนามว่า ใบ หรือ ลูก."
โต๊ะ 2,น.,คำเรียกคนสูงอายุหรือคนที่ได้รับความนับถือ.
โต๊ะโขก 0,น.,แบบการจัดโต๊ะตั้งเครื่องบูชาอย่างจีนแบบหนึ่ง.
โต๊ะครึม 0,น.,การละเล่นบูชาครูหมอตายายเพื่อให้มาเข้าทรงเมื่อมีคนเจ็บไข้ได้ป่วย เพราะเชื่อว่าการป่วยนั้นเกิดจากตายายที่ล่วงลับไปแล้วมาทำโทษ.
โต๊ะครู 0,น.,ผู้อาวุโสที่มีความรู้ทางศาสนาอิสลาม.
โต๊ะแชร์ 0,น.,การสังสรรค์ของผู้เล่นแชร์เพื่อเปียแชร์โดยการกินโต๊ะ ตามปรกติผู้เปียแชร์ได้จะเป็นผู้จ่ายค่าอาหาร.
โต๊ะเท้าช้าง 0,น.,ภาชนะโลหะชนิดหนึ่งคล้ายโตก มีขาใหญ่หนาเทอะทะ ๓ ขา.
โต๊ะหมู่ 0,น.,"ที่ตั้งเครื่องบูชา ประกอบด้วยม้า ๔ ขาหลายตัวคุมกันเป็นหมู่ มีหมู่ ๓ หมู่ ๔ หมู่ ๕ หมู่ ๗ หมู่ ๙ และหมู่ ๑๑, เดิมเรียกว่า ม้าหมู่บูชา."
โต๊ะหมู่บูชา 0,น.,"ที่ตั้งเครื่องบูชา ประกอบด้วยม้า ๔ ขาหลายตัวคุมกันเป็นหมู่ มีหมู่ ๓ หมู่ ๔ หมู่ ๕ หมู่ ๗ หมู่ ๙ และหมู่ ๑๑, เดิมเรียกว่า ม้าหมู่บูชา."
โต๊ะอิหม่าม 0,น.,ผู้อาวุโสที่เป็นผู้นำในพิธีทางศาสนาอิสลาม และมักเป็นหัวหน้าชุมชนด้วย.
ใต้ 0,ว.,"ที่อยู่ในที่หรือฐานะตํ่ากว่าสิ่งอื่นเมื่อมีการเปรียบเทียบกัน เช่น รถไฟใต้ดิน อยู่ใต้อำนาจ, ตรงข้ามกับ เหนือ เช่น ใต้ลม, ตํ่ากว่าพื้นผิวระดับหรือเกณฑ์ เช่น ใต้ดิน ใต้นํ้า."
ใต้ 1,น.,"ทิศที่อยู่ตรงข้ามกับทิศเหนือ, ทิศที่อยู่ทางขวามือ เมื่อหันหน้าไปทางทิศตะวันออก เรียกว่า ทิศใต้, ทิศทักษิณ ก็ว่า."
ใต้ 2,บ.,ข้างล่าง เช่น อยู่ใต้ต้นไม้.
ใต้ดิน 0,ว.,"ไม่เปิดเผย, ไม่ถูกกฎหมาย, เช่น ขบวนการใต้ดิน กองทัพใต้ดิน."
ใต้โต๊ะ 0,ว.,เรียกเงินที่แอบให้กันโดยมิชอบ โดยปรกติจะให้กันใต้โต๊ะ.
ใต้ถุน 0,น.,ที่ใต้พื้นเรือนซึ่งยกพื้นสูง.
ใต้เท้า 0,ส.,"คำใช้แทนผู้ที่เราพูดด้วยอย่างเคารพ, เป็นสรรพนามบุรุษที่ ๒."
ใต้เท้ากรุณา 0,ส.,"คำใช้แทนผู้ที่เราพูดด้วย ใช้กับขุนนางที่มีศักดิ์สูงเช่นเจ้าพระยา, เป็นสรรพนามบุรุษที่ ๒."
ใต้เท้ากรุณาเจ้า 0,ส.,"คำใช้แทนผู้ที่เราพูดด้วย ใช้กับขุนนางชั้นสมเด็จเจ้าพระยา, เป็นสรรพนามบุรุษที่ ๒."
ใต้ฝ่าพระบาท 0,ส.,"คำใช้แทนผู้ที่เราพูดด้วย ใช้แก่เจ้านายชั้นพระองค์เจ้าและเจ้าฟ้า, เป็นสรรพนามบุรุษที่ ๒."
ใต้ฝ่าละอองธุลีพระบาท 0,ส.,"คำใช้แทนผู้ที่เราพูดด้วย ใช้แก่พระมหากษัตริย์และสมเด็จพระบรมราชินีนาถ, เป็นสรรพนามบุรุษที่ ๒."
ใต้ฝ่าละอองพระบาท 0,ส.,"คำใช้แทนผู้ที่เราพูดด้วย ใช้แก่สมเด็จพระบรมราชินี สมเด็จพระบรมโอรสาธิราช สยามมกุฎราชกุมาร สมเด็จพระเทพรัตนราชสุดาฯ สยามบรมราชกุมารี, เป็นสรรพนามบุรุษที่ ๒."
ไต 0,น.,อวัยวะคู่หนึ่งของคนและสัตว์ อยู่ในช่องท้องใกล้กระดูกสันหลัง ทำหน้าที่ขับของเสียออกมากับนํ้าปัสสาวะ
ไต 1,น.,สิ่งซึ่งเป็นก้อนแข็งอยู่ในเนื้อ.
ไต่ 0,ก.,อาการที่เคลื่อนไปหรือคืบคลานไปของสัตว์บางจำพวก เช่น กระรอก กระแต มด หนอน
ไต่ 1,ก.,"เดินไปด้วยความระมัดระวัง เช่น ไต่กันสาด ไต่ลวด, ขึ้นลงในที่สูงด้วยความระมัดระวัง เช่น ไต่เสากระโดง ไต่เขา, โดยปริยายหมายถึงอาการที่คล้ายคลึงเช่นนั้น เช่น ขี่รถมอเตอร์ไซค์ไต่ถัง."
ไต้ 0,น.,"เชื้อเพลิงสำหรับจุดให้สว่าง ทำด้วยไม้ผุคลุกน้ำมันยางหรือชัน ห่อด้วยเปลือกเสม็ดหรือเตยป่า เป็นต้น ทำเป็นเล่มยาว ๆ ใช้ตอกมัดเป็นเปลาะ ๆ หรือใส่กระบอก, ถ้ามัดตอนปลายด้านหนึ่งเป็นหาง เรียกว่า ไต้หาง, เรียกส่วนเนื้อของไต้ที่แบ่งเอามาใช้เป็นเชื้อไฟ หรือส่วนของไต้ที่จุดและเขี่ยให้ร่วงหล่นลงมาว่า ขี้ไต้."
ไต๋ 0,น.,"กลเม็ด, ทีเด็ด, ความลับ, เจตนาแท้จริงซึ่งซ่อนเร้นไว้"
ไต๋ 1,น.,ไพ่ตัวสำคัญซึ่งปิดไว้ไม่ให้คู่แข่งรู้.
ไต้ก๋ง 0,น.,นายท้ายเรือสำเภาหรือเรือจับปลา.
ไต่เต้า 0,ก.,"ค่อย ๆ เดินไป, โดยปริยายหมายความว่า ค่อย ๆ เขยิบฐานะขึ้นไปตามลำดับ, ไต่ ก็ว่า."
ไต่ถาม 0,ก.,"ถาม, สอบถาม, ไถ่ถาม หรือ ถามไถ่ ก็ว่า."
ไตปลา 0,น.,คำเรียกรวมของอวัยวะในช่องท้องของปลาบางชนิดเช่นปลาทูที่ควักออกมา แล้วนำไปหมักเกลือ ใช้ประกอบอาหารบางชนิดเช่นแกง เรียกว่า แกงไตปลา
ไตปลา 1,น.,ไตของปลา ซึ่งเป็นอวัยวะติดกับช่องท้องด้านบนติดกระดูกสันหลังของปลา.
ไต้ฝุ่น 0,น.,ชื่อพายุหมุนที่มีกำลังแรงจัด ทำให้มีฝนตกหนักมาก เกิดขึ้นในบริเวณภาคตะวันตกของมหาสมุทรแปซิฟิกและในทะเลจีน มีความเร็วลมใกล้บริเวณศูนย์กลางตั้งแต่ ๖๕ นอต หรือ ๑๒๐ กิโลเมตรต่อชั่วโมงขึ้นไป.
ไต้ไฟ 0,น.,"ชื่อหนึ่งของดาวฤกษ์จิตรา มี ๑ ดวง, ดาวเสือ ดาวต่อมนํ้า ดาวตาจระเข้ หรือ ดาวจิตระ ก็เรียก."
ไต่ไม้ 0,น.,ชื่อนกขนาดเล็กในวงศ์ Sittidae ปากแหลม ตัวเล็ก หางสั้น มักไต่จากยอดไม้ลงสู่โคนโดยเอาหัวลง ทำรังในโพรงไม้ กินหนอนและแมลงในเปลือกไม้ แต่บางครั้งก็กินเมล็ดพืช เคยพบในประเทศไทย ๕ ชนิด เช่น ไต่ไม้ท้องสีเม็ดมะขาม ( Sitta castaneaLesson) ไต่ไม้หน้าผากกำมะหยี่ ( S. frontalis Swainson) ไต่ไม้สีสวย ( S. formosa Blyth).
ไต่ไม้ลำเดียว 0,ก.,กระทำการใด ๆ ตามลำพังตัวคนเดียวโดยไม่พึ่งพาอาศัยผู้อื่น อาจพลั้งพลาดได้.
ไตร 0,ว.,"ไกร, ยิ่ง, เช่น ปางนั้นพระพลเทพก็เล็งศัตรูไตร สว่างไสวไหว พลพีริยโจษจรร (อนิรุทธ์)."
ไตร 1,ก.,"กำหนด, นับ, ตรวจ."
ไตร 2,ว.,"สาม, คำสำหรับนำหน้าสมาส เช่น ไตรลักษณ์ ไตรทวาร."
ไตรกิศยา 0,น.,การเยียวยา.
ไตรจักร 0,น.,โลกทั้ง ๓ คือ สวรรค์ มนุษยโลก บาดาล เช่น จึ่งจับศรจันทวาทิตย์ อันเรืองฤทธิ์ปราบทั่วทั้งไตรจักร (รามเกียรติ์ ร. ๑).
ไตรจีวร 0,น.,"ผ้า ๓ ผืนของภิกษุ คือ อันตรวาสก (สบง คือ ผ้านุ่ง) อุตราสงค์ (จีวร คือ ผ้าห่ม) และสังฆาฏิ (ผ้าทาบ), เรียกสั้น ๆ ว่า ผ้าไตร หรือ ไตร เช่น ไตรครอง ดอกไม้คลุมไตร."
ไตรดายุค 0,น.,ชื่อยุคที่ ๒ ของจตุรยุคตามคติของพราหมณ์ ในยุคนี้ธรรมะและอายุของมนุษย์ลดลงเหลือ ๓ ใน ๔ ส่วนเมื่อเทียบกับในสมัยกฤดายุค. (ส. เตฺรตายุค; ป. เตตายุค). (ดู จตุรยุค).
ไตร่ตรอง 0,ก.,"คิดทบทวน, ตริตรอง."
ไตร่ตรองไว้ก่อน 0,น.,คิดหรือวางแผนไว้ก่อนลงมือกระทำความผิด.
ไตรตรา 0,ก.,ตรวจและหมายไว้ เช่น ไตรตราหาหน้าตรวจตรา หญิงชายชายหา ก็รู้ระบิตริตรอง (อนิรุทธ์)
ไตรตรา 1,ก.,ใคร่ครวญ.
ไตรตรึงษ์ 0,น.,"ดาวดึงส์, ตรัยตรึงศ์, ชื่อสวรรค์ชั้นที่ ๒ แห่งสวรรค์ ๖ ชั้น มีพระอินทร์เป็นใหญ่ในชั้นนี้."
ไตรทวาร 0,น.,ทวารทั้ง ๓ คือ กาย เรียก กายทวาร วาจา เรียก วจีทวาร ใจ เรียก มโนทวาร.
ไตรทศ 0,น.,"เทวดา ๓๓ องค์ ในสวรรค์ชั้นดาวดึงส์, ในคัมภีร์อรรถกถาธรรมบทหมายถึง พระอินทร์และเทวดาผู้ใหญ่อีก ๓๒ องค์, ตรีทศ ก็ว่า."
ไตรทิพ 0,น.,"สวรรค์ชั้นสูงสุด, สวรรค์ทั่วไป, ตรีทิพ ก็เรียก."
ไตรทิพย์ 0,น.,"สวรรค์ชั้นสูงสุด, สวรรค์ทั่วไป, ตรีทิพ ก็เรียก."
ไตรปิฎก 0,น.,"พระธรรมคำสั่งสอนของพระพุทธเจ้า มี ๓ ปิฎก คือ พระวินัย เรียก วินัยปิฎก พระสูตร เรียก สุตตันตปิฎก พระอภิธรรม เรียก อภิธรรมปิฎก, ใช้ว่า ตรีปิฎก ก็ได้."
ไตรเพท 0,น.,ชื่อคัมภีร์ศาสนาพราหมณ์ในสมัยพระเวท มี ๓ คัมภีร์ คือ ฤคเวท ยชุรเวท สามเวท.
ไตรภพ 0,น.,"โลกทั้ง ๓ ทางพระพุทธศาสนาหมายความถึง กามภพ คือภพของผู้ที่ติดอยู่ในกาม ตั้งแต่ฉกามาพจรลงมาถึงนรกภูมิ รูปภพ คือภพของพรหมที่มีรูป และอรูปภพ คือภพของพรหมที่ไม่มีรูป, ทางวรรณคดีหมายความถึง สวรรค์ มนุษยโลก และบาดาล, ตรีภพ ตรีโลก หรือ ไตรโลก ก็ว่า."
ไตรภาคี 0,น.,๓ ฝ่าย
ไตรภาคี 1,น.,เรียกสนธิสัญญาที่มีคู่สัญญา ๓ ฝ่าย ว่า สนธิสัญญาไตรภาคี.
ไตรภูมิ 0,น.,"โลกทั้ง ๓ ทางพระพุทธศาสนาหมายความถึง กามภพ คือภพของผู้ที่ติดอยู่ในกาม ตั้งแต่ฉกามาพจรลงมาถึงนรกภูมิ รูปภพ คือภพของพรหมที่มีรูป และอรูปภพ คือภพของพรหมที่ไม่มีรูป, ทางวรรณคดีหมายความถึง สวรรค์ มนุษยโลก และบาดาล, ตรีภพ ตรีโลก หรือ ไตรโลก ก็ว่า."
ไตรย 0,ว.,ไตร เช่น ไตรยตรึงษ์ ไตรยปิฎก ไตรยโลก (ยวนพ่าย).
ไตรยางศ์ 0,น.,"๓ ส่วน, ใช้เป็นชื่ออักษร ๓ หมู่ คือ อักษรสูง อักษรกลาง และอักษรตํ่า."
ไตรรงค์ 0,น.,"๓ สี, เรียกธงชาติไทยซึ่งมี ๓ สี ๕ แถบ คือ แดง ขาว นํ้าเงิน ขาว แดง ว่า ธงไตรรงค์."
ไตรรงค์ 1,น.,"ชื่อปูน้ำจืดชนิด Thaiphusa sirikit (Naiyanetr) ในวงศ์ Potamidae กระดองสีม่วงอมน้ำเงิน ขอบกระดองและขาก้ามสีขาว ขาสีแดง อาศัยอยู่ตามลำห้วย พบที่อำเภอไทรโยค จังหวัดกาญจนบุรี, ปูสามสี หรือ ปูไตรรงค์ ก็เรียก."
ไตรรัตน์ 0,น.,"แก้ว ๓ ประการอันประเสริฐสุดของพุทธศาสนิกชน หมายถึง พระพุทธเจ้า เรียกว่า พุทธรัตนะ พระธรรม เรียกว่า ธรรมรัตนะ พระสงฆ์ เรียกว่า สังฆรัตนะ, รัตนตรัย ก็เรียก."
ไตรลักษณ์ 0,น.,ลักษณะที่เป็นสามัญทั่วไป ๓ ประการ คือ ความไม่เที่ยง ความเป็นทุกข์ ความมิใช่ตัวตนที่แท้จริง.
ไตรโลก 0,น.,"โลกทั้ง ๓ ทางพระพุทธศาสนาหมายความถึง กามภพ คือภพของผู้ที่ติดอยู่ในกาม ตั้งแต่ฉกามาพจรลงมาถึงนรกภูมิ รูปภพ คือภพของพรหมที่มีรูป และอรูปภพ คือภพของพรหมที่ไม่มีรูป, ทางวรรณคดีหมายความถึง สวรรค์ มนุษยโลก และบาดาล, ตรีภพ ตรีโลก ไตรภพ หรือ ไตรภูมิ ก็ว่า."
ไตรโลกย์ 0,น.,ไตรโลก เช่น อันว่าพระไตรโลกย์ครู สวยมภูญาณนายก (ม. คำหลวง สักบรรพ).
ไตรวัฏ 0,น.,วงจร ๓ ส่วน ที่เกิดขึ้นเป็นเหตุเป็นผลต่อเนื่องกันไป เริ่มจาก กิเลสวัฏ คือ วงจรส่วนกิเลส เป็นผลให้เกิด กรรมวัฏ คือ วงจรส่วนกรรม และเป็นผลให้เกิด วิปากวัฏ คือ วงจรส่วนวิบาก วนเวียนกันไปไม่รู้จบ.
ไตรวิชชา 0,น.,ความรู้แจ้งในทางพระพุทธศาสนา ๓ อย่าง คือ ๑. ระลึกชาติหนหลังได้ ๒. รู้การตายการเกิดของคนและสัตว์ ๓. รู้วิธีทำให้สิ้นกิเลส.
ไตรสรณคมน์ 0,น.,การยึดถือพระรัตนตรัย คือ พระพุทธ พระธรรม พระสงฆ์ ว่าเป็นที่พึ่งที่ระลึกโดยการน้อมนำเอาพุทธคุณ ธรรมคุณ สังฆคุณ มาเป็นแนวทางประพฤติปฏิบัติ.
ไตรสรณาคมน์ 0,น.,การยึดถือพระรัตนตรัย คือ พระพุทธ พระธรรม พระสงฆ์ ว่าเป็นที่พึ่งที่ระลึกโดยการน้อมนำเอาพุทธคุณ ธรรมคุณ สังฆคุณ มาเป็นแนวทางประพฤติปฏิบัติ.
ไตรสิกขา 0,น.,สิกขา ๓ คือ ศีล เรียกว่า สีลสิกขา สมาธิ เรียกว่า จิตสิกขา และปัญญา เรียกว่า ปัญญาสิกขา.
ไต่ลวด 0,น.,การแสดงอย่างหนึ่ง ที่ผู้แสดงเดินเลี้ยงตัวไปบนเส้นลวดที่ขึงอยู่บนที่สูง.
ไต่สวน 0,ก.,สอบสวนข้อเท็จจริงเพื่อวินิจฉัยว่าถูกต้องหรือไม่.
ไต่สวนมูลฟ้อง 0,น.,กระบวนไต่สวนของศาลเพื่อวินิจฉัยถึงมูลคดีที่จำเลยต้องหา.
ไต้หวัน 0,น.,ชื่อเกาะในทะเลจีนใต้ อยู่ทางทิศตะวันออกเฉียงใต้ของมณฑลฮกเกี้ยน.
