คำ,POS,ความหมาย
ส 0,?,พยัญชนะตัวที่ ๔๐ เรียกว่า สอ เสือ เป็นอักษรสูง ใช้เป็นพยัญชนะต้น และเป็นตัวสะกดในมาตรากดหรือแม่กด เช่น รส สัมผัส สวิส.
ส 1,?,"คำประกอบหน้าคำอื่นที่มาจากภาษาบาลีและสันสกฤต บ่งความว่า กอบด้วย, พร้อมด้วย, เช่น สเทวก ว่า พร้อมด้วยเทวดา."
สก- 0,ว.,ของตน.
สก 0,น.,ผม.
สก 1,ก.,สะเด็ดนํ้า เช่น เอาข้าวที่ซาวนํ้าแล้วใส่ในตะแกรงเพื่อให้นํ้าแห้ง เรียกว่า สก.
สกฏ- 0,น.,เกวียน.
สกฏภาระ 0,น.,ของบรรทุกเกวียน.
สกฏะ 0,น.,เกวียน.
สกทาคามิผล 0,น.,"ธรรมที่พระสกทาคามีได้บรรลุ. (ป. สกทาคามิผล, สกิทาคามิผล; ส. สกฤทาคามินฺ + ผล). (ดู ผล)."
สกทาคามิมรรค 0,น.,"ทางปฏิบัติที่ให้สำเร็จเป็นพระสกทาคามี. (ส. สกฤทาคามินฺ + มารฺค; ป. สกทาคามิมคฺค, สกิทาคามิมคฺค). (ดู มรรค)."
สกทาคามี 0,น.,"“ผู้มาสู่กามภพอีกครั้งหนึ่ง” เป็นชื่อพระอริยบุคคลชั้นที่ ๒ ใน ๔ ชั้น คือ พระโสดาบัน พระสกทาคามี พระอนาคามี และพระอรหันต์, บางทีก็เรียกสั้น ๆ ว่า พระสกทาคา หรือ พระสกิทาคา."
สกนธ์ 0,น.,"ขันธ์, กอง, ส่วนร่างกาย, ร่างกาย."
สกปรก 0,ว.,"เปรอะหรือเปื้อนด้วยสิ่งที่ถือว่าน่าเกลียดหรือที่ไม่พึงประสงค์ เช่น เสื้อผ้าสกปรก เนื้อตัวสกปรกด้วยฝุ่นละออง, ขุ่นมัว, ไม่สะอาดหมดจด, เช่น น้ำสกปรก จิตใจสกปรก, ลักษณะกิริยาวาจาที่แสดงออกอย่างหยาบคาย เช่น พูดจาสกปรก, โดยปริยายหมายถึงอาการที่คล้ายคลึงเช่นนั้น เช่น เขาเป็นคนสกปรก เล่นสกปรก."
สกรณีย์ 0,น.,ผู้ยังมีหน้าที่จะต้องทำ.
สกรรจ์ 0,ว.,"ร้าย, ดุร้าย"
สกรรจ์ 1,ว.,"เก่งกาจ, แข็งแรง, โดยมากใช้ ฉกรรจ์."
สกรรถ 0,น.,เรียกคำที่เพิ่มเข้าข้างหลังคำเดิม เมื่อเพิ่มแล้ว มีความหมายคงเดิม หรือหมายถึงพวกหรือหมู่ ว่า คำสกรรถ เช่น อากร (ในคำเช่น นรากร ประชากร) อาการ (ในคำเช่น คมนาการ ทัศนาการ) ชาติ (ในคำเช่น มนุษยชาติ ติณชาติ) ประเทศ (ในคำเช่น อุรประเทศ หทัยประเทศ).
สกรรมกริยา 0,น.,กริยาที่มีกรรมหรือผู้ถูกกระทำมารับ เช่น ดื่มน้ำ เตะฟุตบอล.
สกล 0,ว.,สากล.
สกล- 0,ว.,สากล.
สกลมหาสังฆปริณายก 0,น.,ตำแหน่งของสมเด็จพระสังฆราชในฐานะที่ทรงเป็นประมุขแห่งคณะสงฆ์ทั้งปวง.
สกลโลก 0,น.,"ทั้งโลก, โลกทั้งสิ้น, ทั่วโลก."
สกวาที 0,น.,"ผู้กล่าวถ้อยคำฝ่ายตน คือ ฝ่ายเสนอหรือฝ่ายถาม, คู่กับ ปรวาที."
สกัด 0,ก.,"กั้น, ขวาง, เช่น สกัดหน้า"
สกัด 1,ก.,"ตัดหรือกะเทาะของแข็งเช่นเหล็ก หิน ให้เป็นร่อง รอย ทะลุ หรือให้ขาดจากกัน, เรียกเหล็กที่ใช้ตัดหรือกะเทาะของแข็งเช่นนั้น ว่า เหล็กสกัด"
สกัด 2,ก.,เค้นหรือแยกเอาออกมา เช่น สกัดนํ้ามัน สกัดน้ำหอมจากดอกกุหลาบ.
สกัดแคร่ 0,น.,โคลงทวารประดับ.
สกา 0,น.,เครื่องเล่นการพนันอย่างหนึ่งใช้ลูกบาศก์ทอดแล้วเดินตัวสกาตามแต้มลูกบาศก์.
สกาว 0,ว.,"ขาว, สะอาด, หมดจด."
สกิทาคามิผล 0,น.,"ธรรมที่พระสกทาคามีได้บรรลุ. (ป. สกทาคามิผล, สกิทาคามิผล; ส. สกฤทาคามินฺ + ผล). (ดู ผล)."
สกิทาคามิมรรค 0,น.,"ทางปฏิบัติที่ให้สำเร็จเป็นพระสกทาคามี. (ส. สกฤทาคามินฺ + มารฺค; ป. สกทาคามิมคฺค, สกิทาคามิมคฺค). (ดู มรรค)."
สกิทาคามี 0,น.,"“ผู้มาสู่กามภพอีกครั้งหนึ่ง” เป็นชื่อพระอริยบุคคลชั้นที่ ๒ ใน ๔ ชั้น คือ พระโสดาบัน พระสกทาคามี พระอนาคามี และพระอรหันต์, บางทีก็เรียกสั้น ๆ ว่า พระสกทาคา หรือ พระสกิทาคา."
สกิทาคามี 1,น.,สกทาคามี.
สกี 0,น.,แผ่นไม้แคบ ๆ ๒ แผ่น ปรกติยาวแผ่นละ ๑.๕-๒.๔ เมตร มีที่สำหรับสวมเท้าผู้เล่น ใช้ในการเล่นสกี
สกี 1,น.,กีฬาอย่างหนึ่ง ผู้เล่นยืนบนแผ่นสกี แล้วไถตัวให้ลื่นไถลลงไปตามเนินเขาที่มีหิมะปกคลุม โดยมีไม้คู่หนึ่งสำหรับยันหรือถ่อเวลาเล่น.
สกีน้ำ 0,น.,กีฬาอย่างหนึ่งคล้ายสกี แต่เล่นในนํ้า ใช้เรือยนต์ลาก.
สกุณ 0,น.,นก.
สกุณา 0,น.,นก.
สกุณี 0,น.,นก.
สกุน 0,น.,"รก, ราชาศัพท์ใช้ว่า พระสกุน."
สกุนต์ 0,น.,นก.
สกุล 0,น.,"ตระกูล, วงศ์, เชื้อสาย, เผ่าพันธุ์"
สกุล 1,น.,เชื้อชาติผู้ดี เช่น เป็นคนมีสกุล ผู้ดีมีสกุล.
สกุลรุนชาติ 0,น.,ตระกูลผู้ดี เช่น เขาเป็นคนมีสกุลรุนชาติ.
สเกต 0,น.,ที่สวมเท้าทำด้วยโลหะมีล้อเล็ก ๆ ใช้สวมเวลาเล่นสเกต
สเกต 1,น.,ชื่อการเล่นอย่างหนึ่งที่ผู้เล่นต้องสวมสเกตวิ่งไปมาบนพื้นเรียบ ๆ.
สเกตน้ำแข็ง 0,น.,รองเท้าหุ้มข้อซึ่งมีพื้นติดแผ่นโลหะคล้ายสันมีดสำหรับแล่นลื่นไปบนลานนํ้าแข็ง
สเกตน้ำแข็ง 1,น.,ชื่อการเล่นอย่างหนึ่งที่ผู้เล่นต้องสวมรองเท้าสเกตเช่นนั้นแล้วแล่นลื่นไปบนลานน้ำแข็ง.
สแกนเดียม 0,น.,ธาตุลำดับที่ ๒๑ สัญลักษณ์ Sc เป็นโลหะที่หายาก ลักษณะเป็นของแข็งสีขาว หลอมละลายที่ ๑๕๓๙ °ซ.
สขะ 0,น.,"เพื่อน, สหาย."
สขา 0,น.,"เพื่อน, สหาย."
สขิ 0,น.,"เพื่อน, สหาย."
สค. 0,น.,คำเรียกเอกสารที่ประชาชนแจ้งการครอบครองที่ดินที่ตนครอบครองและทำประโยชน์อยู่ก่อนวันที่ ๑ ธันวาคม ๒๔๙๗ อันเป็นวันใช้บังคับประมวลกฎหมายที่ดิน.
สง 0,ก.,หย่งให้กระจายตัวหรือยกขึ้นให้นํ้าหรือของเล็ก ๆ ร่วงลง เช่น สงข้าว สงฟาง สงถั่วงอก สงเส้นบะหมี่.
สง 1,ว.,"สุกจัด, แก่จัด, (ใช้แก่หมาก) ในคำว่า หมากสง."
ส่ง 0,ก.,ทำให้สิ่งใดสิ่งหนึ่งเคลื่อนพ้นจากที่หนึ่งไปยังอีกที่หนึ่ง เพื่อให้ถึงผู้รับหรือเป้าหมายด้วยอาการต่าง ๆ กัน เช่น ส่งข้าม ส่งผ่าน ส่งต่อ
ส่ง 1,ก.,หนุน ดัน หรือเสริมให้สูงขึ้น เช่น คนอยู่ข้างล่างช่วยส่งก้นคนข้างบนให้ปีนพ้นกำแพง ติดไม้ปั้นลมส่งหลังคาเรือน
ส่ง 2,ก.,แสดงอัธยาศัยในเมื่อมีผู้จะจากไป เช่น ไปส่ง เลี้ยงส่ง
ส่ง 3,ก.,อาการที่ส่งเครื่องหมาย ข้อความ ข่าวสาร หรือภาพ เป็นต้น ไปให้อีกฝ่ายหนึ่งโดยอาศัยกรรมวิธีต่าง ๆ เช่น ส่งสัญญาณ ส่งรหัส ส่งโทรเลข ส่งวิทยุ ส่งโทรภาพ.
ส่ง 4,น.,การบรรเลงหรือขับร้องเมื่อจบท่อนหรือจบเพลง แล้วมีการทอดเสียงส่งต่อให้มีการปฏิบัติต่อไปอีก เช่น ร้องส่ง คือ ร้องจบส่งให้ดนตรีรับ ส่งรำ คือ ดนตรีบรรเลงจบแล้วทอดเสียงให้ผู้รำรำ.
ส่ง ๆ 0,ว.,"ลวก ๆ, มักง่าย, เช่น พูดส่ง ๆ พอเอาตัวรอด, ส่งเดช ก็ว่า."
สงกร 0,น.,"การปะปน, การคาบเกี่ยว."
ส่งกระแสจิต 0,ก.,อาการที่ส่งความนึกคิดติดต่อกันระหว่างจิตของคนหนึ่งกับอีกคนหนึ่ง ซึ่งอยู่ห่างกันโดยไม่ต้องอาศัยประสาทสัมผัสทั้ง ๕ อย่างใดอย่างหนึ่ง.
สงกรานต์ 0,น.,เทศกาลเนื่องในการขึ้นปีใหม่อย่างเก่า ซึ่งกำหนดตามสุริยคติ ปรกติตกวันที่ ๑๓-๑๔-๑๕ เมษายน วันที่ ๑๓ คือวันมหาสงกรานต์ วันที่ ๑๔ คือวันเนา และวันที่ ๑๕ คือวันเถลิงศก.
สงกรานต์ 1,น.,สัตว์พวกหนอนทะเล มีหลายวงศ์ เช่น วงศ์ Phyllodocidae ชั้น Polychaeta ลำตัวยาวเป็นปล้อง แต่ละปล้องมีรยางค์ ๑ คู่อยู่ข้างลำตัว อาศัยอยู่ในทะเล ช่วงประมาณกลางเดือนเมษายนใกล้วันสงกรานต์จะพบอยู่ในบริเวณน้ำกร่อยหรือแม่น้ำลำคลองที่ติดต่อกับทะเลเพื่อผสมพันธุ์ จึงเรียกว่า ตัวสงกรานต์.
ส่งกลิ่น 0,ก.,กระจายออกไปจนได้กลิ่น เช่น อาหารส่งกลิ่นหอมน่ากิน.
ส่งกลีบ 0,ก.,อาการที่ใช้เข็มร้อยมาลัยให้กลีบดอกไม้หรือใบไม้ยื่นยาวออกมาจากเข็มเสมอกัน.
สงกา 0,น.,ความสงสัย.
สงโกจ 0,ก.,"หดเข้า, สั้นเข้า"
สงโกจ 1,ก.,"สยิ้ว, หน้านิ่วคิ้วขมวด."
ส่งข่าว 0,ก.,บอกข่าว เช่น จะเดินทางเมื่อไรก็ส่งข่าวด้วยนะ.
ส่งข้าวส่งน้ำ 0,ก.,เอาข้าวปลาอาหารเป็นต้นไปให้แก่ผู้ต้องหาหรือนักโทษ เช่น ถ้าติดตะรางใครจะส่งข้าวส่งน้ำให้ ญาติติดคุกเลยต้องส่งปิ่นโตให้เป็นประจำ.
สงค์ 0,น.,"ความข้องอยู่, ความเกี่ยวพัน, การติดอยู่."
สงคร 0,น.,"ความตกลง, สัญญา, ความผัดเพี้ยน."
สงคราม 0,น.,"การรบใหญ่ที่มีคนจำนวนมากต่อสู้ฆ่าฟันกัน, โดยปริยายหมายถึงอาการที่คล้ายคลึงเช่นนั้น เช่น สงครามชีวิต สงครามปาก."
สงครามกลางเมือง 0,น.,สงครามระหว่างชนที่อาศัยอยู่ในประเทศเดียวกัน.
สงครามนิวเคลียร์ 0,น.,สงครามที่ใช้อาวุธนิวเคลียร์.
สงครามเย็น 0,น.,การต่อสู้ระหว่างประเทศต่อประเทศโดยไม่ใช้อาวุธ แต่ใช้อำนาจอื่นแทน เช่น อำนาจทางการเมือง อำนาจทางเศรษฐกิจ.
สงครามโลก 0,น.,สงครามใหญ่ที่มีประเทศมหาอำนาจเป็นคู่สงคราม.
ส่งความสุข 0,ก.,ตั้งจิตอธิษฐานให้ผู้รับบัตรอวยพรมีความสุขความเจริญในวันสำคัญ เช่น วันปีใหม่ วันเกิด.
สงเคราะห์ 0,น.,"การช่วยเหลือ, การอุดหนุน, เช่น ฌาปนกิจสงเคราะห์"
สงเคราะห์ 1,น.,การรวบรวม เช่น หนังสือนามสงเคราะห์.
สงเคราะห์ 2,ก.,อุดหนุน เช่น สงเคราะห์เด็กกำพร้า.
สงฆ์ 0,น.,"ภิกษุ เช่น ของสงฆ์ พิธีสงฆ์, บางทีก็ใช้ควบกับคำ พระ หรือ ภิกษุ เป็น พระสงฆ์ หรือ ภิกษุสงฆ์ เช่น นิมนต์พระสงฆ์มาเจริญพระพุทธมนต์ มีภิกษุสงฆ์มารับบิณฑบาตมาก, ลักษณนามว่า รูป หรือ องค์ เช่น ภิกษุสงฆ์ ๒ รูป พระสงฆ์ ๔ องค์"
สงฆ์ 1,น.,"ภิกษุตั้งแต่ ๔ รูปขึ้นไปร่วมกันทำสังฆกรรม แต่จำนวนภิกษุที่เข้าร่วมสังฆกรรมแต่ละอย่างไม่เท่ากัน คือในสังฆกรรมทั่ว ๆ ไป เช่น ในการสวดพิธีธรรม สวดอภิธัมมัตถสังคหะ ประกอบด้วยภิกษุ ๔ รูป เรียกว่า สงฆ์จตุรวรรค ในการรับกฐิน สวดพระปาติโมกข์ ปวารณากรรม และอุปสมบทในถิ่นที่ขาดแคลนภิกษุ ต้องประกอบด้วยภิกษุ ๕ รูป เรียกว่า สงฆ์ปัญจวรรค ในการอุปสมบทในถิ่นที่มีภิกษุมาก ต้องประกอบด้วยภิกษุ ๑๐ รูป เรียกว่า สงฆ์ทสวรรค และในการสวดอัพภานระงับอาบัติสังฆาทิเสส ต้องประกอบด้วยภิกษุ ๒๐ รูป เรียกว่า สงฆ์วีสติวรรค, ภิกษุที่เข้าร่วมสังฆกรรมดังกล่าว ถ้ามากกว่าจำนวนที่กำหนดจึงจะใช้ได้ ถ้าขาดจำนวนใช้ไม่ได้."
ส่งใจ 0,ก.,ส่งน้ำใจที่มีความปรารถนาดีเพื่อให้เป็นกำลังใจแก่ผู้รับ เช่น ส่งใจไปช่วยทหารในแนวหน้า.
ส่งดอก 0,ก.,อาการที่ใช้เข็มร้อยก้านดอกไม้เช่นดอกพุด ดอกมะลิ ให้แต่ละดอกยื่นยาวจากเข็มได้ระยะเสมอกัน
ส่งดอก 1,ก.,"นำดอกเบี้ยไปส่งให้, ชำระดอกเบี้ย."
ส่งเดช 0,ว.,"ลวก ๆ, มักง่าย, เช่น ทำส่งเดชพอให้พ้นตัว, ส่ง ๆ ก็ว่า."
ส่งตัว 0,ก.,นำตัวเจ้าสาวไปส่งให้แก่เจ้าบ่าวตามฤกษ์ เช่น ได้ฤกษ์ส่งตัว.
ส่งท้าย 0,ก.,พายกระตุ้นท้ายเรือเพื่อให้แล่นเร็ว เช่น เมื่อใกล้จะถึงเส้นชัยนายท้ายก็เร่งพายส่งท้าย
ส่งท้าย 1,ก.,พูดหรือทำท้ายสุดเพื่ออำลา เช่น เขียนบทส่งท้ายต้องไว้ฝีมือหน่อย ส่งท้ายการเลี้ยงด้วยการให้พร.
ส่งทุกข์ 0,ก.,ถ่ายอุจจาระ.
สงบ 0,ก.,"ระงับ เช่น สงบจิตสงบใจ สงบสติอารมณ์ สงบศึก, หยุดนิ่ง เช่น คลื่นลมสงบ พายุสงบ, กลับเป็นปรกติ เช่น เหตุการณ์สงบแล้ว, ปราศจากสิ่งรบกวน เช่น จิตใจสงบ, ไม่กำเริบ เช่น อาการไข้สงบลง ภูเขาไฟสงบ, ไม่วุ่นวาย เช่น บ้านเมืองสงบปราศจากโจรผู้ร้าย."
สงบเงียบ 0,ก.,ปราศจากเสียงรบกวน เช่น เด็ก ๆ ไม่อยู่บ้าน ทำให้บ้านสงบเงียบ.
สงบปากสงบคำ 0,ก.,"นิ่ง, ไม่พูด, เช่น เขาเป็นคนสงบปากสงบคำ, ไม่โต้เถียง เช่น สงบปากสงบคำเสียบ้าง อย่าไปต่อล้อต่อเถียงเขาเลย."
สงบราบคาบ 0,ก.,เรียบร้อยปราศจากเสี้ยนหนามหรือความกระด้างกระเดื่อง เช่น บ้านเมืองสงบราบคาบ.
สงบเสงี่ยม 0,ก.,ระงับกิริยาวาจาด้วยความสุภาพเรียบร้อย เช่น เวลาอยู่ต่อหน้าผู้ใหญ่ต้องสงบเสงี่ยมเจียมตัว.
ส่งปิ่นโต 0,ก.,เอาข้าวปลาอาหารเป็นต้นไปให้แก่ผู้ต้องหาหรือนักโทษ เช่น ถ้าติดตะรางใครจะส่งข้าวส่งน้ำให้ ญาติติดคุกเลยต้องส่งปิ่นโตให้เป็นประจำ.
ส่งพระเคราะห์ 0,ก.,ทำพิธีส่งเทวดาประจำดาวพระเคราะห์ดวงที่กำลังจะสิ้นสุดการเสวยอายุเพื่อความสวัสดิมงคลตามความเชื่อทางโหราศาสตร์.
ส่งภาษา 0,ก.,เจรจาปราศรัยกับผู้ที่พูดอีกภาษาหนึ่ง โดยกล่าวคำเป็นภาษานั้น เช่น ให้ล่ามไปส่งภาษาถามเขาดูว่าต้องการอะไร
ส่งภาษา 1,ก.,พูดเป็นภาษาอื่นหรือสำเนียงอื่นที่ตนฟังไม่เข้าใจ เช่น เขาส่งภาษาจีนกัน เขาส่งภาษาถิ่นมาเลยฟังไม่รู้เรื่อง.
ส่งลำ 0,ก.,ร้องเพลงส่งให้ปี่พาทย์รับบรรเลงตามทำนองที่ร้อง (ใช้แก่การขับเสภาและสักวา)
ส่งลำ 1,ก.,กระทำครั้งสุดท้าย เช่น เตะส่งลำ.
สงวน 0,ก.,"ถนอมรักษาไว้ เช่น เสียสินสงวนศักดิ์ไว้ วงศ์หงส์ (โลกนิติ) สงวนมรดกของชาติ, หวงแหนไว้ เช่น สงวนเนื้อสงวนตัว สงวนลิขสิทธิ์ สงวนสิทธิ์."
สงวน 1,ว.,ที่รักษาหวงแหนไว้ เช่น ป่าสงวน.
สงวนท่าที 0,ก.,"ไม่แสดงท่าทีให้ปรากฏชัดแจ้ง เพื่อไม่ให้ผู้อื่นรู้ความคิดของตน เช่น เขาสงวนท่าทีไม่ยอมแสดงความคิดเห็นในที่ประชุม, ระมัดระวังกิริยาวาจาไม่ให้ใครดูถูก เช่น ก่อนจะทักทายใคร ควรสงวนทีท่าไว้บ้าง."
สงวนทีท่า 0,ก.,"ไม่แสดงท่าทีให้ปรากฏชัดแจ้ง เพื่อไม่ให้ผู้อื่นรู้ความคิดของตน เช่น เขาสงวนท่าทีไม่ยอมแสดงความคิดเห็นในที่ประชุม, ระมัดระวังกิริยาวาจาไม่ให้ใครดูถูก เช่น ก่อนจะทักทายใคร ควรสงวนทีท่าไว้บ้าง."
สงวนปากสงวนคำ 0,ก.,"พูดด้วยความระมัดระวัง, ระมัดระวังคำพูด, เช่น จะพูดจาอะไร รู้จักสงวนปากสงวนคำไว้บ้าง ผู้อื่นจะรู้ความคิด."
ส่งวิญญาณ 0,ก.,ทำพิธีเพื่อให้วิญญาณผู้ตายไปเกิดในสุคติตามคติความเชื่อถือของพระพุทธศาสนาลัทธิมหายาน.
สงเษป 0,น.,สังเขป เช่น สวมแสดงบันทึกสาร สงเษป ไส้พ่อ (ยวนพ่าย).
ส่งสการ 0,น.,"พิธีกรรมเกี่ยวกับการปลงศพ เช่น รุดเร่งส่งสการ (ม. คำหลวง ชูชก), สังสการ ก็ว่า."
ส่งส่วย 0,ก.,ส่งเงินเป็นต้นให้เป็นประจำตามที่ตกลงกัน (มักใช้ในทางไม่สุจริต) เช่น ผู้ลักลอบเล่นการพนันต้องส่งส่วยให้พวกนักเลงเจ้าถิ่น.
ส่งสัมผัส 0,ก.,เรียกคำสุดท้ายของวรรคหน้าแห่งคำประพันธ์ที่คล้องจองกับคำใดคำหนึ่งในวรรคถัดไป ว่า คำส่งสัมผัส.
สงสัย 0,ก.,"ไม่แน่ใจในข้อเท็จจริง เช่น สงสัยว่าทำดีจะได้ดีจริงหรือ, ลังเล เช่น เมื่อเดินไปถึงทาง ๒ แพร่ง สงสัยว่าจะไปทางไหนจึงจะถูก"
สงสัย 1,ก.,"ทราบไม่ได้แน่ชัด, เคลือบแคลง, เช่น สงสัยว่าคำตอบข้อไหนถูก สงสัยว่าเขาจะเป็นขโมย"
สงสัย 2,ก.,เอาแน่ไม่ได้ เช่น สงสัยว่าเขาจะมาหรือไม่มา.
ส่งสายตา 0,ก.,มองโดยมีเจตนาให้อีกฝ่ายหนึ่งรู้ว่าตนมีความรู้สึกพอใจ ไม่พอใจ อ้อนวอน หรือเพื่อเป็นการปรามเป็นต้น เช่น ส่งสายตาปรามไม่ให้เพื่อนพูด.
สงสาร- 0,น.,"การเวียนว่ายตายเกิด, การเวียนตายเวียนเกิด"
สงสาร- 1,น.,โลก.
สงสาร 0,น.,"การเวียนว่ายตายเกิด, การเวียนตายเวียนเกิด"
สงสาร 1,น.,โลก.
สงสาร 2,ก.,"รู้สึกเห็นใจในความเดือดร้อนหรือความทุกข์ของผู้อื่น, รู้สึกห่วงใยด้วยความเมตตากรุณา, เช่น เห็นเด็ก ๆ อดอยากก็รู้สึกสงสาร เห็นเขาประสบอัคคีภัยแล้วสงสาร."
สงสารทุกข์ 0,น.,ทุกข์ที่ต้องเวียนว่ายตายเกิด.
สงสารวัฏ 0,น.,"การเวียนว่ายตายเกิด, สังสารวัฏ หรือ วัฏสงสาร ก็ว่า."
ส่งเสริม 0,ก.,"เกื้อหนุน, ช่วยเหลือสนับสนุนให้ดีขึ้น, เช่น ส่งเสริมการลงทุน ส่งเสริมการศึกษา."
ส่งเสีย 0,ก.,"ให้การอุดหนุน, เกื้อกูล, เช่น ส่งเสียลูกเรียนหนังสือ."
ส่งเสียง 0,ก.,"ร้องเสียงดัง, แผดเสียง, เช่น ดีใจอะไรส่งเสียงมาแต่ไกล ส่งเสียงอื้ออึง."
สงัด 0,ก.,เงียบสงบ เช่น คลื่นสงัด ลมสงัด.
สงัด 1,ว.,"เงียบเชียบ, สงบเงียบเพราะปราศจากเสียงรบกวน, เช่น ดึกสงัด ยามสงัด."
สงัดคลื่น 0,ก.,ไม่มีเสียงคลื่น.
สงัดคลื่นสงัดลม 0,ก.,ไม่มีคลื่นไม่มีลม เช่น ทะเลสงัดคลื่นสงัดลม.
สงัดผู้สงัดคน 0,ก.,เงียบเชียบเพราะไม่มีผู้คนผ่านไปมา.
สงัดลม 0,ก.,ไม่มีลมพัด.
สง่า 0,ว.,"มีลักษณะผึ่งผายเป็นที่น่ายำเกรงหรือน่านิยมยกย่อง เช่น ผู้นำจะต้องมีบุคลิกลักษณะสง่า, เป็นที่น่าเกรงขาม เช่น เสือโคร่งมีท่าทางสง่า."
สง่างาม 0,ว.,มีท่าทางภูมิฐานแลดูงาม.
สง่าผ่าเผย 0,ว.,มีท่าทางองอาจผึ่งผาย.
สง่าราศี 0,ว.,มีท่าทางภูมิฐานผิวพรรณมีน้ำมีนวล.
สฐะ 0,ว.,"โกง, ล่อลวง"
สฐะ 1,ว.,โอ้อวด.
สณฑ์ 0,น.,"ชัฏ, ดง, ที่รก, ที่ทึบ."
สด 0,ว.,"ใหม่ ใช้แก่ลักษณะของสิ่งต่าง ๆ ที่ได้มาหรือผลิตขึ้นใหม่ ๆ ยังไม่ทันเสื่อมหรือเสียคุณภาพของสิ่งนั้น คือ ไม่เหี่ยวแห้ง ซีดจาง และอาจบริโภคหรือใช้ได้ดีในสภาพของขณะนั้น เช่น ไข่สด กุ้งสด ปลาสด, มีอยู่หรือได้มาใหม่ ๆ เช่น ข่าวสด, ดิบ คือ ยังไม่สุกด้วยไฟ ไม่แห้งหรือหมักดองเป็นต้น เช่น น้ำพริกผักสด ผลไม้สด น้ำตาลสด เบียร์สด ขนมจีนแป้งสด."
สด ๆ 0,ว.,"หยก ๆ, ใหม่ ๆ, เร็ว ๆ นี้, ไว ๆ นี้, เช่น เขาเพิ่งจบการศึกษามาจากต่างประเทศสด ๆ ร้อน ๆ สินค้าเพิ่งผลิตออกจากโรงงานสด ๆ ร้อน ๆ"
สด ๆ 1,ว.,"ซึ่ง ๆ หน้า เช่น เจ้าข้าเอ่ยบุคคลผู้ใดเลย ในโลกนี้ที่น่าจะเจรจาตลบเลี้ยวลดสด ๆ ร้อน ๆ เหมือนเจ้าพระยาเวสสันดรชีไพรเป็นว่าหามิได้นี้แล้วแล (เวสสันดร), โกหกสด ๆ ร้อน ๆ."
สด ๆ ร้อน ๆ 0,ว.,"หยก ๆ, ใหม่ ๆ, เร็ว ๆ นี้, ไว ๆ นี้, เช่น เขาเพิ่งจบการศึกษามาจากต่างประเทศสด ๆ ร้อน ๆ สินค้าเพิ่งผลิตออกจากโรงงานสด ๆ ร้อน ๆ"
สด ๆ ร้อน ๆ 1,ว.,"ซึ่ง ๆ หน้า เช่น เจ้าข้าเอ่ยบุคคลผู้ใดเลย ในโลกนี้ที่น่าจะเจรจาตลบเลี้ยวลดสด ๆ ร้อน ๆ เหมือนเจ้าพระยาเวสสันดรชีไพรเป็นว่าหามิได้นี้แล้วแล (เวสสันดร), โกหกสด ๆ ร้อน ๆ."
สดก 0,น.,"หมวด ๑๐๐, จำนวนร้อย."
สดคาว 0,ว.,"ดิบ ๆ และยังมีคาวอย่างปลาสดหรือเนื้อสด เช่น เขาชอบกินอาหารสดคาว, อาหารที่แสลงแก่โรค เช่น เป็นโรคริดสีดวงห้ามกินของสดคาว."
สดชื่น 0,ว.,ใหม่และบริสุทธิ์ทำให้เบิกบานใจและกระปรี้กระเปร่าขึ้น เช่น จิตใจสดชื่น อากาศสดชื่น ดอกไม้บานสดชื่น ผิวพรรณสดชื่น หน้าตาสดชื่น.
สดน 0,น.,เต้านม.
สดมภ์ 0,น.,"เสา, หลัก"
สดมภ์ 1,น.,ช่องในแนวตั้งสำหรับกรอกรายการต่าง ๆ เช่น ตัวเลข สัญลักษณ์ สูตร.
สดใส 0,ว.,"ผ่องใส, ไม่ขุ่นมัว, เช่น หน้าตาสดใส สีสันสดใส."
สดัน 0,น.,เต้านม.
สดับ 0,ก.,"ตั้งใจฟัง เช่น สดับพระธรรมเทศนา, มักใช้เข้าคู่กับคำ ตรับฟัง เป็น สดับตรับฟัง"
สดับ 1,ก.,ได้ยิน เช่น ถึงแม้ว่าจะสนิทนิทรา ก็ผวาเมื่อสดับศัพท์เสียงพี่ (วิวาหพระสมุท).
สดับตรับฟัง 0,ก.,ฟังด้วยความเอาใจใส่ เช่น สดับตรับฟังพระธรรมเทศนา.
สดับปกรณ์ 0,ก.,บังสุกุล (ใช้แก่ศพเจ้านาย).
สดับปกรณ์ 1,น.,พิธีสวดมาติกาบังสุกุลเนื่องด้วยศพ ปัจจุบันใช้เฉพาะเจ้านาย.
สดำ 0,ว.,ขวา.
สดี 0,น.,นางที่มีความซื่อสัตย์ต่อสามี.
สดุดี 0,น.,"คำยกย่อง, คำสรรเสริญ, (โดยปรกติใช้ในลักษณะเป็นพิธีการ), เช่น กล่าวสดุดีวีรกรรมของทหาร."
สดูป 0,น.,"สถูป, สิ่งก่อสร้างที่มีรูปโอคว่ำซึ่งก่อไว้สำหรับบรรจุของควรบูชามีพระบรมสารีริกธาตุของพระพุทธเจ้าและพระธาตุของพระอรหันต์เป็นต้น, สตูป ก็ว่า."
สต- 0,น.,ร้อย (๑๐๐).
สตกะ 0,น.,"หมวด ๑๐๐, จำนวนร้อย."
สตน 0,น.,เต้านม.
สตภิสชะ 0,น.,"ดาวฤกษ์ที่ ๒๔ มี ๔ ดวง เห็นเป็นรูปทิมทองหรือมังกร, ดาวพิมพ์ทอง หรือ ดาวยักษ์ ก็เรียก."
สตมาหะ 0,น.,วันที่ครบ ๑๐๐.
สตรอนเชียม 0,น.,ธาตุลำดับที่ ๓๘ สัญลักษณ์ Sr เป็นโลหะ ลักษณะเป็นของแข็ง เนื้ออ่อน สีเหลืองอ่อน ไวต่อปฏิกิริยาเคมี หลอมละลายที่ ๗๕๒ °ซ.
สตริกนิน 0,น.,สารประกอบอินทรีย์ประเภทแอลคาลอยด์ มีสูตร C_21H_22N_2O_2 ลักษณะเป็นผลึกหรือผงสีขาว ละลายได้เล็กน้อยในนํ้า หลอมละลายที่ ๒๖๘ °-๒๙๐ °ซ. เป็นพิษอย่างแรง.
สตรี 0,น.,"ผู้หญิง, เพศหญิง, คู่กับ บุรุษ, (ใช้ในลักษณะที่สุภาพ)."
สตรีเพศ 0,น.,"เพศหญิง, คู่กับ บุรุษเพศ."
สตรีลิงค์ 0,น.,"เพศของคำในภาษาสันสกฤต ที่ไม่จัดเป็นปุงลิงค์และนปุงสกลิงค์ เช่น ธานี (เมือง), บาลีใช้ว่า อิตถีลิงค์."
สตรีลึงค์ 0,น.,"เพศของคำในภาษาสันสกฤต ที่ไม่จัดเป็นปุงลิงค์และนปุงสกลิงค์ เช่น ธานี (เมือง), บาลีใช้ว่า อิตถีลิงค์."
สตะ 0,น.,ร้อย (๑๐๐).
สตะ 1,ว.,"ระลึกได้, จำได้."
สตัน 0,น.,เต้านม.
สตันย์ 0,น.,นํ้านม.
สตัพธ์ 0,ว.,"แข็งกระด้าง, เย่อหยิ่ง."
สตัฟฟ์ 0,น.,การนำวัสดุบางอย่างบรรจุในโครงหนังสัตว์ซึ่งผ่านกรรมวิธีทางเคมีสำหรับรักษาไม่ให้เน่าเปื่อยแล้วตกแต่งให้ดูเหมือนสัตว์จริง.
สตัมภ์ 0,น.,"เสา, หลัก"
สตัมภ์ 1,น.,เครื่องคํ้าจุน.
สตางค์ 0,น.,"เหรียญกระษาปณ์ปลีกย่อย ๑๐๐ สตางค์ เป็น ๑ บาท, อักษรย่อว่า สต., โดยปริยายหมายถึงเงินที่ใช้สอย เช่น วันนี้ไม่มีสตางค์ติดตัวมาเลย เขาเป็นคนมีสตางค์"
สตางค์ 1,น.,ชื่อมาตราชั่งตามวิธีประเพณี สำหรับกำหนดนํ้าหนักเท่ากับเงินหนัก ๐.๑๕ กรัม
สตางค์ 2,น.,มาตราวัดน้ำฝนเท่ากับ ๑ ใน ๑๐ ของทศางค์.
สติ 0,น.,"ความรู้สึก, ความรู้สึกตัว, เช่น ได้สติ ฟื้นคืนสติ สิ้นสติ, ความรู้สึกผิดชอบ เช่น มีสติ ไร้สติ, ความระลึกได้ เช่น ตั้งสติ กำหนดสติ."
สติแตก 0,ก.,ควบคุมสติไม่ได้.
สติปัญญา 0,น.,"ปัญญารอบคอบ, ปัญญารู้คิด, เช่น เขาเป็นคนมีสติปัญญาดี."
สติปัฏฐาน 0,น.,ชื่อธรรมอันเป็นที่ตั้งแห่งสติ ๔ อย่าง คือ กาย เวทนา จิต ธรรม.
สติฟั่นเฟือน 0,ว.,คุ้มดีคุ้มร้าย.
สติไม่ดี 0,ว.,บ้า ๆ บอ ๆ
สติไม่ดี 1,ว.,หลง ๆ ลืม ๆ เช่น หมู่นี้สติไม่ดี ทำงานผิดพลาดบ่อย ๆ.
สติลอย 0,ว.,"เหม่อ, เผลอสติ, เช่น เขาเดินสติลอยเลยถูกรถชน."
สติวินัย 0,น.,วิธีระงับอนุวาทาธิกรณ์ของสงฆ์โดยไม่ต้องพิจารณา เพียงแต่สวดกรรมวาจาประกาศความไม่มีโทษของจำเลยไว้ซึ่งเรียกว่า ให้สติวินัย แล้วยกฟ้องของโจทก์เสีย.
สติวิปลาส 0,ว.,"มีสติฟั่นเฟือนคล้ายคนบ้า, สัญญาวิปลาส ก็ว่า."
สติสัมปชัญญะ 0,น.,"ความระลึกได้และความรู้ตัว, ความรู้สึกตัวด้วยความรอบคอบ, เช่น จะทำอะไรต้องมีสติสัมปชัญญะ."
สติอารมณ์ 0,น.,ความคิดที่ฟุ้งซ่าน เช่น สงบสติอารมณ์เสียบ้าง อย่าคิดมากไปเลย.
สตี 0,น.,นางที่มีความซื่อสัตย์ต่อสามี
สตี 1,น.,ธรรมเนียมที่ผู้หญิงชาวฮินดูเผาตัวบนกองไฟพร้อมกับศพสามีเพื่อแสดงถึงความจงรักภักดีและความบริสุทธิ์.
สตู 0,น.,อาหารคาวชนิดหนึ่ง นำเนื้อหรือไก่เป็นต้นเคี่ยวในน้ำสต๊อกให้นุ่มด้วยไฟอ่อน ๆ ใส่ผัก เช่น มะเขือเทศ ถั่วแขก มันฝรั่ง มีน้ำข้น.
สตูป 0,น.,"สถูป, สิ่งก่อสร้างที่มีรูปโอคว่ำซึ่งก่อไว้สำหรับบรรจุของควรบูชามีพระบรมสารีริกธาตุของพระพุทธเจ้าและพระธาตุของพระอรหันต์เป็นต้น, สดูป ก็ว่า."
สเต๊ก 0,น.,ชื่ออาหารคาวชนิดหนึ่งตามแบบตะวันตก ทำด้วยเนื้อสันหรือปลาเป็นต้น หั่นชิ้นใหญ่ ๆ มักปรุงรส แล้วนำไปย่างหรือทอด กินกับมันฝรั่งทอด บดหรือต้ม และผักบางชนิด ใส่เครื่องปรุงรสตามชอบ.
สถน 0,น.,เต้านม.
สถบดี 0,น.,"ช่างก่อสร้าง, ช่างไม้."
สถล 0,น.,"ที่บก, ที่ดอน, ที่สูง."
สถล- 0,น.,"ที่บก, ที่ดอน, ที่สูง."
สถลทิน 0,น.,ชื่อสถานที่สำหรับทำพิธีเกี่ยวกับรับช้างเผือก ทำเป็นเนินดินมีเสาโครงเพดานผ้าขาวเป็นที่หุงข้าวเภาและปักต้นอ้อย.
สถลบถ 0,น.,ทางบก เช่น กระบวนพยุหยาตราทางสถลมารค.
สถลมารค 0,น.,ทางบก เช่น กระบวนพยุหยาตราทางสถลมารค.
สถวีระ 0,น.,พระเถระ
สถวีระ 1,น.,"ชื่อนิกายหนึ่งของฝ่ายเถรวาท เรียกว่า นิกายสถวีระ, สถีรวาท ก็เรียก."
สถาน 0,น.,"ที่ตั้ง เช่น สถานเสาวภา สถานพยาบาล สถานพักฟื้น สถานบริบาลทารก, ถ้าใช้ประกอบคำอื่นหมายถึง ที่, แหล่ง, เช่น โบราณสถาน ศาสนสถาน ฌาปนสถาน ปูชนียสถาน สังเวชนียสถาน"
สถาน 1,น.,ประการ เช่น มีความผิดหลายสถาน.
สถาน- 0,น.,"ความเป็นไป, ความเป็นอยู่, เช่น เขาอยู่ในสถานะยากไร้ เศรษฐกิจของประเทศไทยมีสถานะมั่นคง น้ำมีสถานะปรกติเป็นของเหลว."
สถานกงสุล 0,น.,ที่ทำการของกงสุล.
สถานการค้าประเวณี 0,น.,สถานที่ที่จัดไว้เพื่อการค้าประเวณีหรือยอมให้มีการค้าประเวณี รวมถึงสถานที่ที่ใช้ในการติดต่อหรือจัดหาบุคคลอื่นเพื่อกระทำการค้าประเวณีด้วย.
สถานการณ์ 0,น.,เหตุการณ์ที่กำลังเป็นไป เช่น สถานการณ์บ้านเมืองเป็นปรกติดี.
สถานการณ์ฉุกเฉิน 0,น.,สถานการณ์อันกระทบหรืออาจกระทบต่อความสงบเรียบร้อยของประชาชนหรือเป็นภัยต่อความมั่นคงของรัฐหรืออาจทำให้ประเทศหรือส่วนใดส่วนหนึ่งของประเทศตกอยู่ในภาวะคับขันหรือมีการกระทำความผิดเกี่ยวกับการก่อการร้าย การรบหรือการสงคราม.
สถานที่ 0,น.,"ที่ตั้ง, แหล่ง, เช่น สถานที่ท่องเที่ยว สถานที่ตากอากาศ สถานที่พักผ่อนหย่อนใจ."
สถานทูต 0,น.,ที่ทำการของทูต.
สถานธนานุเคราะห์ 0,น.,โรงรับจำนำของกรมประชาสงเคราะห์.
สถานธนานุบาล 0,น.,"โรงรับจำนำของกรุงเทพมหานคร, โรงรับจำนำของเทศบาล."
สถานบริการ 0,น.,สถานที่ที่ตั้งขึ้นเพื่อให้บริการโดยหวังประโยชน์ในการค้า เช่น (๑) สถานเต้นรำ รำวง หรือรองเง็ง เป็นปกติธุระประเภทที่มีและประเภทที่ไม่มีคู่บริการ (๒) สถานที่ที่มีอาหาร สุรา น้ำชา หรือเครื่องดื่มอย่างอื่นจำหน่ายและบริการ โดยมีผู้บำเรอสำหรับปรนนิบัติลูกค้า หรือมีบริการเกี่ยวกับดนตรีหรือบริการอื่นตามที่กฎหมายกำหนด (๓) สถานอาบน้ำ นวด หรืออบตัว ซึ่งมีผู้บริการให้แก่ลูกค้า เว้นแต่การให้บริการการนวดบางประเภท.
สถานประกอบการ 0,น.,สถานที่ซึ่งผู้ประกอบการใช้ประกอบกิจการเป็นประจำและหมายความรวมถึงสถานที่ซึ่งใช้เป็นที่ผลิตหรือเก็บสินค้าเป็นประจำด้วย.
สถานพินิจ 0,น.,เป็นคำย่อ ใช้เรียกสถานพินิจและคุ้มครองเด็กและเยาวชน ซึ่งเป็นหน่วยงานในกระทรวงยุติธรรม ทำหน้าที่เกี่ยวกับการคุ้มครองเด็กและเยาวชน เช่น สืบเสาะเรื่องราวบุคคล และสิ่งแวดล้อมที่เกี่ยวข้องกับเด็กหรือเยาวชนซึ่งต้องหาว่ากระทำความผิด ควบคุมและฝึกอบรมเด็กและเยาวชน .
สถานภาพ 0,น.,ฐานะ เช่น ราชบัณฑิตยสถานมีสถานภาพเป็นแหล่งค้นคว้าและบำรุงสรรพวิชา
สถานภาพ 1,น.,ตำแหน่งหรือเกียรติยศของบุคคลที่ปรากฏในสังคม เช่น เขามีสถานภาพเป็นผู้เชี่ยวชาญทางโบราณคดี
สถานภาพ 2,น.,สิทธิหน้าที่ตามบทบาทของบุคคล เช่น เขามีสถานภาพทางครอบครัวเป็นบิดา.
สถานะ 0,น.,"ความเป็นไป, ความเป็นอยู่, เช่น เขาอยู่ในสถานะยากไร้ เศรษฐกิจของประเทศไทยมีสถานะมั่นคง น้ำมีสถานะปรกติเป็นของเหลว."
สถานี 0,น.,หน่วยที่ตั้งเป็นที่พักหรือที่ทำการ เช่น สถานีตำรวจ สถานีรถไฟ สถานีตรวจอากาศ สถานีขนส่ง
สถานี 1,น.,"ฐานส่งกำลังบำรุงของกองทัพเรือที่ประจำอยู่บนบก มีฐานใหญ่ ๆ ๓ แห่ง เรียกว่า สถานีทหารเรือ คือ สถานีทหารเรือกรุงเทพ สถานีทหารเรือสงขลา สถานีทหารเรือพังงา, ฐานส่งกำลังบำรุงหน่วยย่อยสำหรับการปฏิบัติการตามลำแม่น้ำโขง เรียกว่า สถานีเรือ เช่น สถานีเรืออำเภอเชียงคาน สถานีเรืออำเภอโขงเจียม สถานีเรืออำเภอธาตุพนม"
สถานี 2,น.,ตำแหน่งของเรือขณะอยู่ในรูปกระบวน เช่น เรือ ก รักษาสถานีทางขวาของเรือ ข ระยะ ๕๐๐ หลา
สถานี 3,น.,ที่ที่กำหนดให้ทหารเรือประจำเพื่อปฏิบัติการตามภารกิจต่าง ๆ เช่น สถานีรบ สถานีจอดเรือ สถานีออกเรือ สถานีช่วยคนตกน้ำ สถานีรับส่งสิ่งของทางทะเล
สถานี 4,น.,ที่ที่มีหน่วยปฏิบัติการเฉพาะ เช่น สถานีสื่อสารดาวเทียม สถานีสมุทรศาสตร์ สถานีตรวจอากาศ.
สถานีอนามัย 0,น.,"สถานบริการสาธารณสุขที่ไม่มีแพทย์ประจำ ให้บริการสาธารณสุขทุกสาขา และส่งเสริมป้องกันด้านอนามัยแก่ประชาชนในระดับตำบลและหมู่บ้าน, เดิมเรียกว่า สุขศาลา."
สถาบก 0,ก.,สร้าง.
สถาบัน 0,น.,สิ่งซึ่งคนในส่วนรวม คือ สังคม จัดตั้งให้มีขึ้นเพราะเห็นประโยชน์ว่ามีความต้องการและจำเป็นแก่วิถีชีวิตของตน เช่น สถาบันครอบครัว สถาบันศาสนา สถาบันพระมหากษัตริย์ สถาบันการศึกษา สถาบันการเมือง สถาบันการเงิน.
สถาบันอุดมศึกษาเอกชน 0,น.,สถานศึกษาของเอกชนที่ให้การศึกษาระดับปริญญาแก่บุคคลตั้งแต่หนึ่งคนขึ้นไป.
สถาปนา 0,ก.,"ยกย่องโดยแต่งตั้งให้สูงขึ้น เช่นเลื่อนเจ้านายให้สูงศักดิ์ขึ้น หรือยกวัดราษฎร์ขึ้นเป็นพระอารามหลวง, ตั้งขึ้น (มักใช้แก่หน่วยราชการหรือองค์การที่สำคัญ ๆ ในระดับกระทรวง ทบวงมหาวิทยาลัย) เช่น วันสถาปนากระทรวงมหาดไทย วันสถาปนาราชบัณฑิตยสถาน วันสถาปนาจุฬาลงกรณ์มหาวิทยาลัย."
สถาปนิก 0,น.,ผู้ทรงคุณวุฒิในการสร้างสรรค์ทางออกแบบก่อสร้าง.
สถาปนียพยากรณ์ 0,น.,การจำแนกธรรมหรือพยากรณ์ปัญหาธรรมโดยอาการนิ่ง.
สถาปนียวาที 0,น.,ผู้จำแนกธรรมหรือพยากรณ์ปัญหาธรรมโดยการนิ่ง.
สถาปัตยกรรม 0,น.,ศิลปะและวิทยาเกี่ยวกับงานก่อสร้างที่ประกอบด้วยศิลปลักษณะ.
สถาปัตยกรรมศาสตร์ 0,น.,วิชาว่าด้วยการออกแบบงานก่อสร้างที่ประกอบด้วยศิลปลักษณะ.
สถาปัตยเรขา 0,น.,แบบร่างหรือต้นแบบการออกแบบก่อสร้าง.
สถาปัตยเวท 0,น.,วิชาการก่อสร้าง เป็นสาขาหนึ่งของอุปเวท. (ส. สฺถาปตฺย + เวท). (ดู อุปเวท ประกอบ).
สถาพร 0,ว.,"ยืนยง, มั่นคง, เช่น ขอให้มีความสุขสถาพร สถิตสถาพร."
สถาล 0,น.,"ภาชนะใส่ของ, จาน, ชาม."
สถาวร 0,ว.,"ยืนยง, มั่นคง, เช่น ขอให้มีความสุขสถาพร สถิตสถาพร."
สถิต 0,ก.,"อยู่, ยืนอยู่, ตั้งอยู่, (ใช้เป็นคำยกย่องแก่สิ่งหรือบุคคลที่อยู่ในฐานะสูง) เช่น พระเจ้าสถิตบนสวรรค์ พระมหากษัตริย์สถิตบนพระที่นั่ง สมเด็จพระสังฆราชสถิต ณ วัดบวรนิเวศวิหาร."
สถิตยศาสตร์ 0,น.,วิชากลศาสตร์แขนงหนึ่ง ซึ่งว่าด้วยแรงที่กระทำต่อเทหวัตถุซึ่งเป็นของแข็ง โดยที่เทหวัตถุนั้น ๆ หยุดนิ่งอยู่กับที่.
สถิติ 0,น.,หลักฐานที่รวบรวมเอาไว้เป็นตัวเลขสำหรับเปรียบเทียบหรือใช้อ้างอิง เช่น สถิติในการส่งสินค้าออกปีนี้สูงกว่าปีที่แล้ว.
สถิติศาสตร์ 0,น.,วิชาว่าด้วยสถิติ.
สถิร- 0,ว.,"มั่นคง, แข็ง, แข็งแรง."
สถีรวาท 0,น.,"ชื่อนิกายหนึ่งของฝ่ายเถรวาท เรียกว่า นิกายสถีรวาท, สถวีระ ก็เรียก."
สถุล 0,ว.,"หยาบ, ตํ่าช้า, เลวทราม, (ใช้เป็นคำด่า), เช่น เลวสถุล, มักใช้เข้าคู่กับคำ ไพร่ เป็น ไพร่สถุล."
สถูป 0,น.,"สิ่งก่อสร้างที่มีรูปโอคว่ำซึ่งก่อไว้สำหรับบรรจุของควรบูชามีพระบรมสารีริกธาตุของพระพุทธเจ้าและพระธาตุของพระอรหันต์เป็นต้น, บางทีใช้เข้าคู่กับคำ เจดีย์ เป็น สถูปเจดีย์ เช่น เดินเวียนเทียนรอบพระสถูปเจดีย์, (แบบ) สดูป, สตูป."
สทิง 0,น.,"แม่น้ำ, ใช้ว่า จทึง ฉทึง ชทึง ชรทึง สทึง หรือ สรทึง ก็มี."
สทึง 0,น.,"แม่นํ้า, ใช้ว่า จทึง ฉทึง ชทึง ชรทึง สทิง หรือ สรทึง ก็มี."
สทุม 0,น.,เรือน.
สธนะ 0,ว.,"มีเงิน, รํ่ารวย."
สธุสะ 0,*ว.,คำเปล่งขึ้นก่อนกล่าวคำอื่น เพื่อขอความสวัสดิมงคลอย่างเดียวกับคำ ศุภมัสดุ.
ส้น 0,น.,"ส่วนท้ายของเท้า เช่น อย่าเดินลงส้น รองเท้ากัดส้น, เรียกเต็มว่า ส้นเท้า, ส่วนท้ายของบางสิ่งบางอย่าง เช่น ส้นปืน."
สน 0,น.,"ชื่อพืชเมล็ดเปลือยหลายชนิดหลายสกุลในหลายวงศ์ เช่น สนสองใบหรือเกี๊ยะเปลือกหนา (Pinus merkusiiJungh. et de Vriese), สนสามใบหรือเกี๊ยะเปลือกบาง (P. kesiya Royle ex Gordon) ในวงศ์ Pinaceae, ทั้ง ๒ ชนิดนี้ สนเขา ก็เรียก, พายัพเรียก จ๋วง"
สน 1,น.,สนหางกระรอก [Dacrydium elatum (Roxb.) Wall. ex Hook.]
สน 2,น.,สนฉำฉาหรือสนญี่ปุ่น [Podocarpus macrophyllus (Thunb.) Sweet var. naki Siebold] ในวงศ์ Podocarpaceae
สน 3,น.,"สนแผง, สนหางสิงห์ (Thuja orientalis L.) ในวงศ์ Cupressaceae ใบเป็นแผง ใบและเมล็ดใช้ทำยาได้. (๒) ชื่อพืชดอกหลายชนิดหลายสกุลในหลายวงศ์ เช่น สนทรายหรือสนสร้อย (Baeckea frutescens L.) ในวงศ์ Myrtaceae"
สน 4,น.,สนทะเล (Casuarina equisetifolia L.) ในวงศ์ Casuarinaceae.
สน 5,ก.,ร้อยด้วยเชือกหรือด้ายเป็นต้น เช่น สนเข็ม สนตะพาย.
สนกระ 0,น.,"ชื่อไม้ต้นชนิด Prismatomeris tetrandra (Roxb.) K. Schum. subsp. malayana (Ridl.) Johans. ในวงศ์ Rubiaceae สูงได้ถึง ๓ เมตร ใบรี ออกตรงข้ามกัน ปลายและโคนใบแหลม ดอกสีขาว กลิ่นหอม, สนกระ ก็เรียก."
สนเข็ม 0,ก.,ร้อยด้ายหรือไหมเป็นต้นเข้าไปในรูเข็ม.
สนใจ 0,ก.,"ตั้งใจจดจ่ออยู่กับสิ่งใดเรื่องใดเป็นพิเศษ เช่น เขาสนใจวิชาคณิตศาสตร์มาก, ใฝ่ใจใคร่รู้ใคร่เห็นเป็นต้น เช่น เขาสนใจการเมืองมาตั้งแต่เด็ก."
สนเดก 0,น.,สำนัก.
สนตะพาย 0,ก.,"กิริยาที่เอาเชือกร้อยช่องจมูกวัวควายที่เจาะ ซึ่งเรียกว่า ตะพาย, ใช้โดยปริยายแก่คนว่า ถูกสนตะพาย หรือ ยอมให้เขาสนตะพาย หมายความว่า ถูกบังคับให้ยอมทำตามด้วยความจำใจ ความหลง หรือ ความโง่เขลาเบาปัญญา."
ส้นตีน 0,น.,"ส้นเท้า, (มักใช้เป็นคำด่า)."
ส้นตีนส้นมือ 0,ว.,"ไร้สาระ, ไม่มีแก่นสาร, เช่น เรื่องส้นมือส้นตีนเท่านี้ ก็ต้องมาฟ้องด้วย, ใช้เป็นคำด่า."
สนทนา 0,ก.,"คุยกัน, ปรึกษาหารือกัน, พูดจาโต้ตอบกัน, เช่น สนทนาปัญหาบ้านเมือง สนทนาสารทุกข์สุกดิบ."
สนทนา 1,ว.,"ที่คุยกัน, ที่ปรึกษาหารือกัน, ที่พูดจาโต้ตอบกัน, เช่น บทสนทนาในนวนิยาย บทสนทนาภาษาอังกฤษ."
สนทรรศ 0,น.,"ภาพ, สิ่งที่ปรากฏ."
สนทรรศน์ 0,น.,"การดู, การจ้องดู, การแลเห็น."
สนทิศ 0,ก.,"ชี้แจง, สั่ง, บอกกล่าว, ประกาศ."
สนเทศ 0,น.,"คำสั่ง, ข่าวสาร, ใบบอก."
สนเท่ห์ 0,ก.,"สงสัย, ฉงน, ไม่แน่ใจ, เช่น รู้สึกสนเท่ห์, มักใช้เข้าคู่กับคำ ฉงน เป็น ฉงนสนเท่ห์."
ส้นเท้า 0,น.,"ส่วนท้ายของเท้า, เรียกสั้น ๆ ว่า ส้น."
สนธยา 0,น.,"เวลาโพล้เพล้พลบคํ่า, บางทีใช้ว่า ยํ่าสนธยา"
สนธยา 1,น.,ช่วงเวลาที่ต่อระหว่างกลางวันกับกลางคืน คือเวลาที่พระอาทิตย์ขึ้นหรือพระอาทิตย์ตก.
สนธิ 0,น.,"ที่ต่อ, การติดต่อ"
สนธิ 1,น.,การเปลี่ยนแปลงเสียงซึ่งเกิดจากการเชื่อมเสียง ๒ เสียง ที่อยู่ชิดกันให้กลมกลืนกัน ในภาษาบาลีและสันสกฤตมีพยัญชนะสนธิ เช่น ทุส + ชน เป็น ทุรชน สระสนธิ เช่น พจน + อนุกรม เป็น พจนานุกรม และนิคหิตฺสนธิ เช่น เอวํ + เม เป็น เอวมฺเม ในภาษาอื่น ๆ ที่มีวรรณยุกต์เช่นภาษาจีนมีวรรณยุกต์สนธิ เช่น เกี๊ยม + ฉ่าย เป็น เกี่ยมฉ่าย.
สนธิสัญญา 0,น.,"หนังสือสัญญาที่สำคัญยิ่งและทำเป็นตราสารสมบูรณ์แบบ, ความตกลงระหว่างประเทศ"
สนธิสัญญา 1,น.,หนังสือสัญญาที่ทำขึ้นระหว่างประเทศเอกราชตั้งแต่ ๒ ประเทศขึ้นไป.
สนธิอลงกต 0,น.,โคลงนาคพันธ์.
สนน 0,น.,ถนน.
สนนราคา 0,น.,ราคา.
สนม 0,น.,เจ้าจอมมารดาหรือเจ้าจอมอยู่งานซึ่งทรงยกย่องให้สูงขึ้น โดยได้รับพระราชทานหีบหมากทองคำลงยาราชาวดี เป็นเครื่องยศ เรียกว่า พระสนม.
สนม 1,น.,"ข้าราชการในราชสำนัก ทำหน้าที่เกี่ยวกับพิธีศพ ทำสุกำศพหีบ จัดดอกไม้ ดูแลรักษาเครื่องนมัสการ โกศ หีบ เป็นต้น, เจ้าพนักงานสนมพลเรือน ก็เรียก."
สนม 2,น.,"เขตพระราชฐานซึ่งเป็นที่กักบริเวณผู้มีฐานันดรศักดิ์แห่งราชวงศ์หรือข้าทูลละอองธุลีพระบาทชั้นผู้ใหญ่โดยอยู่ในความควบคุมดูแลของพวกสนม, เรียกลักษณะที่ถูกกักบริเวณเช่นนั้น ว่า ติดสนม."
สนมเอก 0,น.,"เจ้าจอมมารดา เจ้าจอม หรือเจ้าจอมอยู่งานที่ได้รับพระราชทานหีบหมากทองคำลงยาราชาวดี พานทอง และเครื่องทองคำอย่างใหญ่ เป็นเครื่องยศ ในสมัยกรุงศรีอยุธยามี ๔ ตำแหน่ง คือ ท้าวอินสุเรนทร์ ท้าวศรีสุดาจันทร์ ท้าวอินทรเทวี และท้าวศรีจุฬาลักษณ์, พระสนมเอก ก็เรียก."
ส้นมือ 0,น.,ส่วนท้ายของฝ่ามือ.
ส้นมือส้นตีน 0,ว.,"ไร้สาระ, ไม่มีแก่นสาร, เช่น เรื่องส้นมือส้นตีนเท่านี้ ก็ต้องมาฟ้องด้วย, ใช้เป็นคำด่า."
ส้นรองเท้า 0,น.,ส่วนล่างตอนท้ายของรองเท้าที่รองรับส้น.
สนวน 0,น.,"ชื่อไม้ต้นขนาดกลางชนิด Dalbergia nigrescens Kurz ในวงศ์ Leguminosae เนื้อไม้อ่อน ไม่ทนทาน, สนวน หรือ ชนวน ก็เรียก."
สนอง 0,ก.,ทำตามที่ได้รับคำสั่งหรือคำขอร้องเป็นต้น เช่น สนองโครงการในพระราชดำริ สนองนโยบายของรัฐบาล
สนอง 1,ก.,"โต้ตอบ เช่น กรรมตามสนอง, ตอบรับการเสนอ เช่น เสนอขายสนองซื้อ."
สนองไข 0,ก.,"กล่าวตอบ, อธิบาย."
สนองได 0,น.,"ไม้เกาหลัง, นารายณ์หัตถ์ หรือ ฉลองได ก็เรียก."
สนอบ 0,น.,เสื้อที่พระมหากษัตริย์พระราชทานใช้เฉพาะในพระราชพิธี โดยเสด็จพระมหากษัตริย์ หรือในเวลารับแขกเมือง เป็นต้น.
สนอม 0,ก.,ถนอม.
สนะ 0,น.,เสื้อ
สนะ 1,น.,เครื่องสอบสวน
สนะ 2,น.,หนัง.
สนะ 3,ก.,"เย็บ, ชุน, ปัก."
สนัด 0,ก.,"ถนัด, สันทัด, มั่นเหมาะ."
สนัด 1,ว.,"ชัด, แม่นยำ."
สนัดใจ 0,ว.,ถนัดใจ.
สนั่น 0,ว.,"กึกก้อง, ดังลั่น, ดังมาก, เช่น ฟ้าผ่าเสียงดังสนั่น."
สนับ 0,น.,เสื้อ
สนับ 1,น.,เครื่องสวม
สนับ 2,น.,เครื่องรองอย่างเครื่องรองมือของช่างเย็บเพื่อกันเข็มแทงมือเป็นต้น.
สนับ 3,ก.,"ทาบ, ซ้อน, เช่นหญ้าที่โทรมล้มทับหญ้าที่ขึ้นใหม่อีก เรียกว่า ตกสนับ."
สนับ 4,น.,"ชื่อสัตว์ทะเลไม่มีกระดูกสันหลัง ในวงศ์ Balanidae เปลือกหุ้มตัวเป็นแผ่นหินปูน ๖ แผ่น ประกบกันมีลักษณะคล้ายภูเขาไฟ ส่วนฐานเชื่อมติดกับวัตถุ ปากเปิดด้านบน เช่น ชนิด Balanus variegates Darnin, สนับ หรือ สนับทึบ ก็เรียก."
สนับแข้ง 0,น.,เครื่องสวมแข้ง.
สนับงา 0,น.,เนื้อหุ้มที่โคนงาช้าง.
สนับทึบ 0,น.,"ชื่อสัตว์ทะเลไม่มีกระดูกสันหลัง ในวงศ์ Balanidae เปลือกหุ้มตัวเป็นแผ่นหินปูน ๖ แผ่น ประกบกันมีลักษณะคล้ายภูเขาไฟ ส่วนฐานเชื่อมติดกับวัตถุ ปากเปิดด้านบน เช่น ชนิด Balanus variegates Darnin, สนับ หรือ สนับทึบ ก็เรียก."
สนับนิ้ว 0,น.,ปลอกโลหะสวมปลายนิ้วมือสำหรับดุนก้นเข็มเพื่อไม่ให้เจ็บนิ้วมือ.
สนับนิ้วมือ 0,น.,ปลอกโลหะสวมปลายนิ้วมือสำหรับดุนก้นเข็มเพื่อไม่ให้เจ็บนิ้วมือ.
สนับเพลา 0,น.,"กางเกงขายาวประมาณครึ่งแข้ง มีแถบผ้าปลายงอนหุ้มปลายขากางเกงทั้ง ๒ ข้าง นุ่งโจงทับ, ปัจจุบันยังหมายถึงกางเกงด้วย, ราชาศัพท์ใช้ว่า พระสนับเพลา."
สนับมือ 0,น.,เครื่องรองใบลานเพื่อจารหนังสือได้ถนัด
สนับมือ 1,น.,เครื่องสวมมือมักทำด้วยทองเหลืองเป็นรูปเหมือนแหวน ๔ วงติดกันสำหรับสวมนิ้วมือเวลาชก.
สนับสนุน 0,ก.,"ส่งเสริม, ช่วยเหลือ, อุปการะ, เช่น สนับสนุนการกีฬา สนับสนุนการศึกษา."
สนาดก 0,น.,ผู้ได้รับนํ้าสรงในพิธีสนานหลังจากจบการศึกษาแล้ว ซึ่งตามคติชีวิตของชาวฮินดูถือเป็นการสิ้นสุดชีวิตขั้นที่ ๑ ในอาศรม ๔ คือ พรหมจารี และย่างเข้าขั้นที่ ๒ คือ คฤหัสถ์.
สนาน 0,น.,การอาบนํ้า.
สนาบก 0,น.,คนที่มีหน้าที่อาบนํ้าให้ผู้อื่น.
สนาบัน 0,น.,"การอาบนํ้า, การอาบนํ้าให้ผู้อื่น."
สนาม 0,น.,"ลาน, ที่ว่าง, ที่โล่ง, ที่เล่น, เช่น เขานั่งอยู่ริมสนาม เด็ก ๆ วิ่งเล่นในสนาม, ที่สำหรับเล่นหรือแข่งขันกีฬาต่าง ๆ เช่น สนามฟุตบอล สนามกอล์ฟ สนามชนวัว."
สนามกีฬา 0,น.,สถานที่สำหรับฝึกซ้อมหรือแข่งขันกีฬา.
สนามเด็กเล่น 0,น.,สถานที่ที่จัดให้เด็กเล่น มักมีอุปกรณ์การเล่น เช่น ชิงช้า ไม้ลื่น.
สนามบิน 0,น.,ท่าอากาศยาน.
สนามเพลาะ 0,น.,คูที่ขุดกำบังตัวในเวลารบ.
สนามไฟฟ้า 0,น.,"บริเวณที่มีอำนาจไฟฟ้า, บริเวณที่มีเส้นแรงไฟฟ้าผ่าน."
สนามแม่เหล็ก 0,น.,"บริเวณที่มีอำนาจแม่เหล็ก, บริเวณที่มีเส้นแรงแม่เหล็กผ่าน."
สนามรบ 0,น.,บริเวณที่คู่สงครามต่อสู้กัน เช่น เขาได้ผ่านสนามรบมามากแล้ว.
สนามวัด 0,น.,สถานที่ที่สำนักเรียนพระปริยัติธรรมแต่ละสำนักได้กำหนดให้เป็นที่ทดสอบบาลีก่อนที่จะส่งเข้าสอบบาลีสนามหลวง.
สนามสอบ 0,น.,สถานที่สำหรับจัดสอบไล่หรือสอบคัดเลือก.
สนามหลวง 0,น.,สถานซึ่งกำหนดให้เป็นที่สอบไล่นักธรรมและบาลี ในคำว่า สอบธรรมสนามหลวง สอบบาลีสนามหลวง.
สนายุ 0,น.,เอ็น.
สนิกะ 0,ว.,"ค่อย ๆ, เบา ๆ."
สนิท 0,ว.,"อย่างใกล้ชิด, ชิดชอบ, เช่น เพื่อนสนิท คนสนิท เขาสนิทกันมาก, แนบชิด เช่น เข้าปากไม้ได้สนิท"
สนิท 1,ว.,"กลมกล่อม, กลมกลืน, ในลักษณะที่เข้ากันได้ดีไม่มีอะไรบกพร่อง ซึ่งดูประหนึ่งว่าเป็นเนื้อเดียวหรือเป็นอันหนึ่งอันเดียวกัน เช่น ประตูปิดสนิท สีเข้ากันสนิทเป็นเนื้อเดียวกัน ผนังห้องแต่ละด้านแม้จะทาสีต่างกันแต่สีก็เข้ากันได้สนิท"
สนิท 2,ว.,อย่างแท้จริง หรือทั้งหมดโดยไม่มีอะไรแทรกหรือเจือปน เช่น มะปรางหวานสนิท เชื่อสนิท ตีหน้าสนิท.
สนิทใจ 0,ว.,"ไม่มีอะไรต้องแคลงใจหรือสงสัย เช่น เชื่ออย่างสนิทใจ, ถ้าใช้ในความปฏิเสธว่า ไม่สนิทใจ หมายความว่า มีลักษณะพึงรังเกียจ เช่น พื้นสกปรกนั่งแล้วไม่สนิทใจ ผ้าเช็ดมือในห้องน้ำรวมใช้ได้ไม่สนิทใจเลย."
สนิทปาก 0,ว.,ไม่รู้สึกกระดากใจหรือตะขิดตะขวงใจ เช่น พูดเท็จได้สนิทปาก พูดคำหยาบโลนได้สนิทปากสนิทคอ.
สนิทปากสนิทคอ 0,ว.,ไม่รู้สึกกระดากใจหรือตะขิดตะขวงใจ เช่น พูดเท็จได้สนิทปาก พูดคำหยาบโลนได้สนิทปากสนิทคอ.
สนิทสนม 0,ก.,"ชอบพอ, คุ้นเคยกันดี, เช่น สองคนนี้สนิทสนมกันมาตั้งแต่ยังเป็นเด็ก."
สนิทสนม 1,ว.,แนบเนียน เช่น เขาพูดเท็จได้อย่างสนิทสนม เขาชำระแผลให้คนเป็นโรคเรื้อนได้อย่างสนิทสนมโดยไม่รังเกียจ.
สนิธ 0,ว.,สนิท.
สนิม 0,น.,ส่วนของผิวโลหะที่แปรสภาพไปจากเดิมเนื่องด้วยปฏิกิริยาเคมีเป็นสาเหตุให้เกิดการผุกร่อน เช่น มีดขึ้นสนิม
สนิม 1,น.,มลทิน เช่น สนิมในใจ.
สนิม 2,น.,"ถนิม, เครื่องประดับ ในคำว่า สนิมพิมพาภรณ์."
สนิมขุม 0,น.,สนิมซึ่งเกิดที่ผิวโลหะแล้วทำให้ผิวโลหะเป็นจุด ๆ หรือเป็นรู ๆ เช่น พระพุทธรูปสัมฤทธิ์เกิดสนิมขุม.
สนิมสร้อย 0,ว.,"ถนิมสร้อย, หนักไม่เอาเบาไม่สู้, ทำเป็นเหยาะแหยะ, ทำเป็นอ่อนแอ, (ใช้เป็นคำตำหนิ), เช่น ดุว่านิดหน่อยก็น้ำตาร่วง ทำเป็นแม่สนิมสร้อยไปได้."
สนุก 0,ว.,"ทำให้รู้สึกเพลิดเพลิน, ทำให้เบิกบานใจ, เช่น หนังสือเรื่องนี้อ่านสนุก ภาพยนตร์เรื่องนี้สนุก."
สนุกเกอร์ 0,น.,ชื่อกีฬาในร่มชนิดหนึ่งเล่นบนโต๊ะบิลเลียด ผู้เล่นใช้ไม้แทงลูกเรียกว่า ไม้คิว แทงลูกกลมสีขาวให้กระทบลูกกลมสีต่าง ๆ ซึ่งมีลูกแดง ๑๕ ลูก ลูกดำ ชมพู นํ้าเงิน นํ้าตาล เขียว และเหลือง อีกอย่างละ ๑ ลูก ให้ลงหลุมทีละลูกตามที่กำหนดไว้ในกติกา หรือทำให้คู่ต่อสู้ไม่สามารถแทงลูกสีขาวให้กระทบกับลูกที่ต้องถูกกระทบได้ ซึ่งเรียกว่า ทำสนุก.
สนุกสนาน 0,ว.,"ร่าเริงบันเทิงใจ, เพลิดเพลินเจริญใจ, เช่น เด็ก ๆ เล่นสาดน้ำในเทศกาลสงกรานต์กันอย่างสนุกสนาน."
สนุข 0,น.,สุข.
สนุต 0,ว.,"ไหล, ย้อย, (ใช้แก่น้ำนมแม่)."
สนุ่น 0,น.,"ชื่อไม้ต้นชนิด Salix tetrasperma Roxb. ในวงศ์ Salicaceae ชอบขึ้นริมนํ้าหรือตามที่ลุ่มชื้นแฉะ ใบเรียวเล็ก ท้องใบขาว เปลือกและรากใช้ทำยา, ตะไคร้บก ก็เรียก."
สนุ่น 1,น.,ซากผุพังของพืชพรรณที่ทับถม มักเกิดขึ้นในบริเวณน้ำแช่ขังหรือบริเวณน้ำตื้นตามบ่อบึง ซึ่งมีพืชพรรณปกคลุมไปทั่วบริเวณ บ้างก็ลอยอยู่เหนือน้ำ บ้างก็ทับถมอยู่ใต้ท้องน้ำ.
สบ 0,ก.,"พบ, ปะ, เช่น สบโชค สบตา สบเหมาะ ฟันบนสบฟันล่าง, ถูก, ต้อง, เช่น สบใจ สบปาก สบอารมณ์."
สบ 1,น.,บริเวณที่แม่นํ้าตั้งแต่ ๒ สายขึ้นไปมาบรรจบกัน เช่น สามสบ คือบริเวณที่แม่น้ำบีคี่ใหญ่ ห้วยซองกาเลีย และแม่น้ำรันตี รวม ๓ สาย มาสบกัน แล้วไหลลงสู่แม่น้ำแควน้อย.
สบ 2,ว.,"ทุก ๆ, เสมอ, เช่น สบไถง ว่า ทุกวัน, สบสมัย ว่า ทุกสมัย."
สบง 0,น.,ผ้านุ่งของภิกษุสามเณร.
สบจ 0,น.,คนชาติตํ่าช้า.
สบถ 0,ก.,เปล่งถ้อยคำเพื่อเน้นให้คนเชื่อโดยอ้างสิ่งศักดิ์สิทธิ์ลงโทษตนหรือให้ภัยพิบัติต่าง ๆ เกิดกับตนถ้าหากตนไม่ปฏิบัติตามหรือไม่เป็นไปอย่างที่พูดไว้.
สบประมาท 0,ก.,"แสดงกิริยาวาจาดูถูกดูหมิ่นซึ่ง ๆ หน้า เช่น เขาถูกสบประมาทในที่ประชุม, ประมาทหน้า."
สบสังวาส 0,ว.,อยู่ร่วมกัน เช่น พระสงฆ์ที่มีศีลเสมอกันร่วมทำสังฆกรรมด้วยกันได้ เรียกว่า สงฆ์สบสังวาส.
สบเสีย 0,ก.,"ชอบพอ, โปรดปราน."
สบเสีย 1,ก.,ดูถูก.
สบัน 0,ก.,สาบาน.
สบาย 0,ว.,"อยู่ดีกินดี เช่น เดี๋ยวนี้เขาสบายขึ้น ลูก ๆ ทำงานหมดแล้ว, เป็นสุขกายสุขใจ เช่น เวลานี้เขาสบายแล้ว เพราะมีฐานะดีขึ้น ไม่มีวิตกกังวลใด ๆ"
สบาย 1,ว.,"สะดวก เช่น ทำตามสบายไม่ต้องเกรงใจ มีรถส่วนตัวสบายกว่าไปรถประจำทาง, มักใช้เข้าคู่กับคำ สุข หรือ สะดวก เป็น สุขสบาย หรือ สะดวกสบาย"
สบาย 2,ว.,พอเหมาะพอดี เช่น เก้าอี้ตัวนี้นั่งสบาย
สบาย 3,ว.,ไม่ลำบากกาย เช่น เขาทำงานสบายขึ้น ไม่ต้องแบกหามเหมือนเมื่อก่อน
สบาย 4,ว.,ไม่เจ็บไม่ไข้ เช่น เวลานี้เขาสบายดี ไม่ป่วยไข้
สบาย 5,ว.,มีความพอใจเมื่อได้สัมผัส เช่น สบายหู สบายตา สบายกาย.
สบายใจ 0,ว.,ไม่มีทุกข์มีร้อน เช่น ลูก ๆ เรียนจบหมดแล้วก็สบายใจ ทำงานเสร็จเรียบร้อยแล้วสบายใจ.
สบายอารมณ์ 0,ว.,มีอารมณ์เบิกบาน เช่น เขาทำงานไปร้องเพลงไปอย่างสบายอารมณ์ วันนี้ขอดูภาพยนตร์ให้สบายอารมณ์สักวัน.
สบู่ 0,น.,"ชื่อไม้พุ่ม ๒ ชนิดในสกุล Jatropha วงศ์ Euphorbiaceae คือ สบู่ขาวหรือสบู่ดำ (J. curcasL.) ก้านใบและใบอ่อนสีเขียว เมล็ดนำไปหีบได้นํ้ามันใช้เป็นเชื้อเพลิงและหล่อลื่น และสบู่แดง (J. gossypiifoliaL.) ก้านใบและใบสีแดง, ทั้ง ๒ ชนิดมียางใส ทุกส่วนเป็นพิษ."
สบู่ 1,น.,สิ่งที่ผลิตขึ้นโดยนำไขสัตว์เช่นไขวัว หรือนํ้ามันพืชเช่นนํ้ามันมะพร้าว นํ้ามันมะกอกไปต้มกับด่างโซเดียมไฮดรอกไซด์ จะได้สบู่แข็ง หรือนำไปต้มกับ ด่างโพแทสเซียมไฮดรอกไซด์ จะได้สบู่อ่อน ใช้ชำระล้างและซักฟอก.
สบู่เลือด 0,น.,"ชื่อไม้เถามีหัวชนิด Stephania venosa (Blume) Spreng. ในวงศ์ Menispermaceae ใบ เถา และผิวของหัวมีนํ้ายางสีแดง, กระท่อมเลือด ก็เรียก."
สบู่เลือด 1,น.,"ชื่อไม้เถาชนิด Stephania pierrei Diels ในวงศ์ Menispermaceae ขึ้นในป่าเบญจพรรณ รากพองเป็นหัวกลม ๆ ใบค่อนข้างกลมปลายแหลม ใช้ทำยาได้, สบู่เลือด ก็เรียก."
สไบ 0,น.,"ผ้าแถบ, ผ้าคาดอกผู้หญิง."
สไบกรองทอง 0,น.,ผ้าสไบที่ถักด้วยไหมทองไหมเงินให้เป็นลวดลายโปร่งรูปดอกไม้เป็นต้น และมีผ้าซับในอีกชั้นหนึ่ง.
สไบเฉียง 0,น.,วิธีห่มผ้าสไบให้เฉวียงบ่าข้างใดข้างหนึ่ง เรียกว่า ห่มสไบเฉียง.
สไบนาง 0,น.,"ชื่อเฟินอิงอาศัยชนิด Drynaria quercifolia (L.) J. Sm. ในวงศ์ Polypodiaceae ขึ้นเกาะตามต้นไม้ใหญ่ในป่าที่ชุ่มชื้น เหง้ามีขนเป็นปุยสีนํ้าตาลแก่คล้ายกระแต ใบมี ๒ ชนิด คือ ใบสร้างอับสปอร์ ยาวประมาณ ๑ เมตร เว้าเป็นแฉกลึกเกือบถึงเส้นกลางใบ และมีอับสปอร์เป็นจุด ๆ สีนํ้าตาลเข้มใต้ใบ ใบไม่สร้างอับสปอร์ ขนาดประมาณฝ่ามือ ขอบจักหยาบ ๆ สีนํ้าตาล แข็งติดอยู่กับเหง้าจนผุ ไม่หล่นเหมือนใบสร้างอับสปอร์ ทำหน้าที่กักปุ๋ย, กระปรอกว่าว ใบหูช้าง สไบนาง สะโมง หรือ หัวว่าว ก็เรียก."
สไบปัก 0,น.,ผ้าสไบที่ปักด้วยดิ้นเงินหรือดิ้นทองและสอดไส้ด้วยไหมสีต่าง ๆ.
สปริง 0,น.,สิ่งที่ยืดหรือหดแล้วคืนตัวได้เอง มักทำด้วยโลหะ เช่น นาฬิกาเรือนนี้สปริงหลุด จึงไม่เดิน.
สปริง 1,ว.,ที่ยืดหรือหดแล้วคืนตัวได้เอง เช่น เบาะสปริง เตียงสปริง.
สปริงตัว 0,ก.,ดีดตัวออก เช่น นักบินสปริงตัวออกจากเครื่องบิน.
สปอร์ 0,น.,หน่วยขยายพันธุ์ขนาดเล็ก ทำหน้าที่คล้ายเมล็ดพืชแต่ไม่มีเอ็มบริโอ เมื่อสิ่งแวดล้อมเหมาะสมจะเจริญเป็นต้นใหม่ได้.
สปา 0,น.,ธุรกิจบริการที่เกี่ยวกับการบำรุงรักษาสุขภาพ โดยใช้วิธีการหลายอย่าง เช่น บำบัดด้วยน้ำ ไอร้อน เครื่องหอม และการนวดตัว.
สปาเกตตี 0,น.,ชื่ออาหารอิตาลีชนิดหนึ่ง ทำจากแป้งสาลี เป็นเส้นกลมตันคล้ายเส้นขนมจีนแต่โตกว่าเล็กน้อย.
สเปกตรัม 0,น.,ผลที่ได้จากการที่การแผ่รังสีของแม่เหล็กไฟฟ้าถูกแยกออกเป็นองค์ประกอบต่าง ๆ ตามขนาดของช่วงคลื่นหรือความถี่ขององค์ประกอบนั้น ๆ.
สเปกโทรสโกป 0,น.,เครื่องมือที่ใช้ศึกษาการวิเคราะห์สเปกตรัม.
สไปริลลัม 0,น.,แบคทีเรียที่มีรูปร่างเป็นเส้นและบิดเป็นเกลียว.
สพั้น 0,น.,"ทองเหลือง, ทองแดง."
สพาบ 0,ว.,พังพาบ เช่น ก็มาให้มึงล้มสพาบ (ม. คำหลวง ชูชก).
สภา 0,น.,องค์การหรือสถานที่ประชุม เช่น สภาผู้แทนราษฎร สภาสตรีแห่งชาติ สภามหาวิทยาลัย วุฒิสภา.
สภากาชาด 0,น.,องค์การพยาบาลและบรรเทาทุกข์.
สภาค 0,ว.,"ร่วมกัน, อยู่หมวดเดียวกัน"
สภาค 1,ว.,"เหมือนกัน, เท่ากัน."
สภาจาร 0,น.,ขนบธรรมเนียมขององค์การหรือสถานที่ประชุม.
สภานายก 0,น.,ผู้เป็นประธานในที่ประชุม.
สภาบดี 0,น.,ผู้เป็นประธานในที่ประชุม.
สภาผู้แทนราษฎร 0,น.,สภาที่ทำหน้าที่นิติบัญญัติของประเทศ ประกอบด้วยสมาชิกซึ่งมาจากการเลือกตั้งของประชาชน มีหน้าที่ให้คำแนะนำและยินยอมในการตรากฎหมาย การควบคุมการบริหารราชการแผ่นดิน และหน้าที่อื่นตามที่รัฐธรรมนูญกำหนด.
สภาพ 0,น.,"ความเป็นเองตามธรรมดาหรือตามธรรมชาติ เช่น สภาพความเป็นอยู่ สภาพดินฟ้าอากาศ, ลักษณะในตัวเอง"
สภาพ 1,น.,"ภาวะ, ธรรมชาติ."
สภาพการจ้าง 0,น.,หลักเกณฑ์และเงื่อนไขการจ้างหรือการทำงาน กำหนดวันและเวลาทำงาน ค่าจ้าง สวัสดิการ การเลิกจ้าง หรือประโยชน์อื่นของนายจ้าง หรือลูกจ้าง อันเกี่ยวกับการจ้างหรือการทำงาน.
สภาพเดิม 0,น.,ลักษณะหรือภาวะหรือธรรมชาติที่เป็นมาแต่แรก.
สภาพธรรม 0,น.,หลักแห่งความเป็นเอง.
สภาพบุคคล 0,น.,ความเป็นบุคคลธรรมดาตามกฎหมาย สภาพบุคคลย่อมเริ่มแต่เมื่อคลอดแล้วอยู่รอดเป็นทารก และสิ้นสุดลงเมื่อตาย.
สภาว- 0,น.,สภาพ เช่น สภาวะดินฟ้าอากาศ.
สภาวการณ์ 0,น.,เหตุการณ์ที่เป็นไปตามธรรมชาติ เช่น บ้านเมืองตกอยู่ในสภาวการณ์เดือดร้อนเพราะภัยธรรมชาติ.
สภาวะ 0,น.,สภาพ เช่น สภาวะดินฟ้าอากาศ.
สม 0,ว.,"เหมาะ, เหมาะกับ, ควรแก่, เช่น บ่าวสาวคู่นี้สมกัน เขาแต่งตัวสมฐานะ แสดงละครได้สมบทบาท เขาต่อสู้กันอย่างสมศักดิ์ศรี เด็กคนนี้แต่งตัวไม่สมวัย, รับกัน เช่น หัวแหวนสมกับเรือนแหวน"
สม 1,ว.,ตรงกับ เช่น สมคะเน สมปรารถนา สมความตั้งใจ
สม 2,ว.,สมน้ำหน้า เช่น สมแล้วที่สอบตก เพราะขี้เกียจนัก.
ส้ม 0,น.,"ชื่อไม้พุ่มหรือไม้ต้นขนาดเล็กหลายชนิดในสกุล Citrus วงศ์ Rutaceae ใบ ดอก และผิวผลมีต่อมนํ้ามัน กลิ่นฉุน ผลรสเปรี้ยวหรือหวาน กินได้ เช่น ส้มซ่า (C. aurantiumL.) ส้มโอ [C. maxima (Burm.)Merr.] ส้มแก้ว (C. nobilisLour.) ส้มจุก ส้มเขียวหวาน ส้มจันทบูร (C. reticulataBlanco) ส้มเกลี้ยง ส้มเช้ง [C. sinensis (L.) Osbeck], ถ้าผลไม้จำพวกนี้มี มะ อยู่หน้า มักตัดคำ ส้ม ออก เช่น ส้มมะนาว ส้มมะกรูด เป็น มะนาว มะกรูด."
ส้ม 1,ว.,สีเหลืองเจือแดง เรียกว่า สีส้ม.
สม 3,*ว.,ใช้ประกอบกับคำกริยาบางคำมีความหมายว่า ร่วมด้วยกัน รวมกัน เช่น สมคิด สมรู้.
ส้ม 2,ว.,เปรี้ยว เช่น สารส้ม.
ส้ม 3,น.,คำใช้ประกอบหน้าชื่อพรรณไม้และของกินที่มีรสเปรี้ยว เช่น ส้มเช้า ส้มตำ ส้มฟัก.
สม- 0,ว.,"เท่ากัน, เสมอกัน."
ส้มกบ 0,น.,"ชื่อไม้ต้นชนิด Hymenodictyon orixense (Roxb.) Mabb. ในวงศ์ Rubiaceae เนื้อไม้สีขาว ใช้ทำยาได้, ส้มกบ ก็เรียก."
สมการ 0,น.,ข้อความที่แสดงความเท่ากันของนิพจน์ ๒ นิพจน์ เฉพาะบางค่าของตัวไม่ทราบค่าที่ปรากฏในนิพจน์นั้น ๆ หรือการเหมือนกันของข้อความย่อย ๒ ข้อความที่ปรากฏอยู่ทางด้านซ้ายและด้านขวาของเครื่องหมาย =.
สมการเคมี 0,น.,สมการที่เขียนขึ้นโดยอาศัยสัญลักษณ์ของธาตุ เพื่อแสดงปฏิกิริยาเคมีและปริมาณของธาตุต่าง ๆ ที่เกี่ยวข้องในปฏิกิริยาเคมีนั้น ๆ.
ส้มกุ้ง 0,น.,"ของกินชนิดหนึ่งทำด้วยกุ้ง ใช้หมักด้วยข้าวสุก เกลือ และกระเทียม มีรสเปรี้ยว, กุ้งส้ม ก็ว่า."
ส้มกุ้ง 1,น.,ชื่อไม้เถาชนิด Ampelocissus martini Planch. ในวงศ์ Vitaceae เถาและใบมีขนสีแดง ผลกลมออกเป็นพวงคล้ายองุ่น.
ส้มกุ้ง 2,น.,ชื่อไม้เถาชนิด Embelia ribesBurm. f. ในวงศ์ Myrsinaceae เถาและใบเกลี้ยง ผลกลมออกเป็นช่อ ใช้ทำยาได้.
ส้มกุ้ง 3,น.,ชื่อไม้เถาชนิด Rubus moluccanus L. ในวงศ์ Rosaceae เถามีขนและหนาม ผลออกเป็นกระจุก สุกสีแดง กินได้.
ส้มกุ้ง 4,น.,ชื่อไม้ล้มลุกชนิด Begonia longifoliaBlume ในวงศ์ Begoniaceae ต้นและใบอวบนํ้า ใบมีรสเปรี้ยว.
สมคบ 0,ก.,ร่วมคบคิดกัน (ใช้ในทางไม่ดี) เช่น เขาสมคบกันไปปล้น.
สมควร 0,ว.,"ควรยิ่ง, เหมาะสมยิ่ง, เช่น เขาทำงานดีสมควรขึ้นเงินเดือนให้ ๒ ขั้น."
สมคะเน 0,ก.,"เหมาะกับที่คาด, ตรงกับที่คิดไว้."
สมจร 0,ก.,ร่วมประเวณี เช่น เจ้าสมจรด้วยเมียข้าคนตนเองไซ้ ท่านให้ไหมให้ผัวมันเปนไท… ข้าสมจรด้วยกันพ่อแม่แลเจ้าข้ามิให้แลมันภากันหนีไกล… (สามดวง) มีนิทานเรื่องนางนาคสมจรกับงูดิน.
สมจริง 0,ว.,"ควรถือได้ว่าเป็นจริง, คล้ายกับที่เป็นจริง, เช่น เขาแสดงบทบาทในละครได้อย่างสมจริง"
สมจริง 1,ว.,ตามความเป็นจริง เช่น เขาทำได้สมจริงอย่างที่พูดไว้
สมจริง 2,ว.,เหมือนจริงแต่ไม่ใช่ความจริงทั้งหมด เช่น นวนิยายสมจริง เรื่องสมจริง.
สมจริงสมจัง 0,ว.,คล้ายกับที่เป็นจริงมาก เช่น เขาเล่าถึงเหตุการณ์ที่เกิดขึ้นเมื่อวานนี้ได้สมจริงสมจัง.
สมจารี 0,น.,ผู้ประพฤติสมํ่าเสมอ.
ส้มจี๊ 0,น.,ของกินชนิดหนึ่ง ใช้พุทราตากแห้งป่นให้ละเอียด กวนกับน้ำตาลทรายให้งวด อัดเป็นแท่ง.
สมใจ 0,ก.,เป็นไปดังที่คิดไว้ เช่น เขาอยากได้หนังสือเล่มนี้มานานแล้ว วันนี้มีคนเอามาให้ ก็เลยได้ไว้สมใจ.
ส้มฉุน 0,น.,"ของกินชนิดหนึ่ง ใช้มะม่วงดิบมะยมดิบยำกับกุ้งแห้งใส่น้ำปลาน้ำตาล บางทีก็นำไปตากแดด, ส้มลิ้ม ก็เรียก."
ส้มชื่น 0,น.,ต้นเขยตาย. (ดู เขยตาย).
ส้มเช้า 0,น.,ชื่อไม้พุ่มชนิด Euphorbia neriifoliaL. ในวงศ์ Euphorbiaceae ต้นคล้ายต้นสลัดได แต่มีใบซึ่งมีรสเปรี้ยวในเวลาเช้า.
ส้มเช้า 1,น.,"ชื่อไม้ล้มลุกชนิด Kalanchoe pinnata (Lam.) Pers. ในวงศ์ Crassulaceae, คว่ำตายหงายเป็น โคนตายปลายเป็น หรือ ส้มเช้า ก็เรียก, ปักษ์ใต้เรียก กะเร."
สมญา 0,น.,ชื่อที่ตั้งให้ กร่อนมาจากคำว่า สมัญญา.
สมญานาม 0,น.,สมญา.
สมเญศ 0,น.,ชื่อ.
สมณ- 0,น.,ผู้สงบกิเลสแล้ว โดยเฉพาะหมายถึงภิกษุในพระพุทธศาสนา.
สมณบริขาร 0,น.,"เครื่องใช้สอยของพระภิกษุในพระพุทธศาสนา มี ๘ อย่าง คือ สบง จีวร สังฆาฏิ บาตร มีดโกนหรือมีดตัดเล็บ เข็ม ประคดเอว กระบอกกรองนํ้า (ธมกรก), อัฐบริขาร ก็เรียก."
สมณโวหาร 0,น.,ถ้อยคำที่ควรแก่สมณะ เช่น อาตมา ฉันจังหัน กัปปิยภัณฑ์.
สมณศักดิ์ 0,น.,ยศพระสงฆ์ที่ได้รับพระราชทานมีหลายชั้น แต่ละชั้นมีพัดยศเป็นเครื่องกำหนด.
สมณสารูป 0,ว.,ที่สมควรแก่พระ (ใช้แก่กิริยามารยาทเป็นต้น).
สมณสารูป 1,น.,กิริยามารยาทเป็นต้นที่สมควรแก่สมณะ เช่น ภิกษุพูดจาควรมีสมณสารูป.
สมณสาสน์ 0,น.,จดหมายของสมเด็จพระสังฆราชหรือประมุขของประเทศซึ่งเป็นนักบวชที่ใช้ในการเจริญสัมพันธไมตรีระหว่างประเทศ.
สมณะ 0,น.,ผู้สงบกิเลสแล้ว โดยเฉพาะหมายถึงภิกษุในพระพุทธศาสนา.
สมดุล 0,ว.,"เสมอกัน, เท่ากัน."
สมเด็จ 0,น.,ยศหรือบรรดาศักดิ์อย่างสูงของเจ้านาย ขุนนาง และพระสงฆ์ ใช้นำหน้าชื่อฐานันดรศักดิ์โดยกำเนิดหรือได้รับแต่งตั้ง เช่น สมเด็จพระราชินี สมเด็จเจ้าฟ้า สมเด็จเจ้าพระยา สมเด็จพระราชาคณะ.
สมเด็จพระสังฆราช 0,น.,ประมุขแห่งคณะสงฆ์ ซึ่งตามกฎหมายคณะสงฆ์บัญญัติให้สมเด็จพระสังฆราชทรงดำรงตำแหน่งสกลมหาสังฆปริณายก.
ส้มตำ 0,น.,"ของกินชนิดหนึ่ง เอาผลไม้มีมะละกอเป็นต้นมาตำประสมกับเครื่องปรุงมี กระเทียม พริก มะนาว กุ้งแห้ง เป็นต้น มีรสเปรี้ยว, บางท้องถิ่นเรียก ตำส้ม."
สมถ- 0,น.,การทำใจให้สงบโดยเพ่งสิ่งใดสิ่งหนึ่งเป็นอารมณ์.
สมถ- 1,ว.,มักน้อย เช่น คนสมถะมีความเป็นอยู่เรียบง่าย.
สมถยานิก 0,น.,"ผู้มีสมถะเป็นยาน, ผู้บำเพ็ญสมถะจนได้ฌานก่อนแล้วจึงเจริญวิปัสสนา."
สมถวิปัสสนา 0,น.,สมถะและวิปัสสนา เป็นแบบปฏิบัติในการเจริญกรรมฐานทางพุทธศาสนา. (ป.). (ดู วิปัสสนา ประกอบ).
สมถะ 0,น.,การทำใจให้สงบโดยเพ่งสิ่งใดสิ่งหนึ่งเป็นอารมณ์.
สมถะ 1,ว.,มักน้อย เช่น คนสมถะมีความเป็นอยู่เรียบง่าย.
สมทบ 0,ก.,รวมเข้าด้วย เช่น เดินล่วงหน้าไปก่อนแล้วจะตามไปสมทบ.
ส้มทับ 0,น.,ส้มจีนขนาดเล็กที่เชื่อมแล้วทับให้แห้ง.
สมนอก 0,น.,เลกของเจ้านายที่ทรงกรมหรือขุนนางที่มีสิทธิ์มีเลก.
สมนัย 0,ก.,"สอดคล้องกับ, สอดคล้องกัน."
สมนาคุณ 0,ก.,"ตอบแทนบุญคุณด้วยทรัพย์ สิ่งของ หรือแรงงาน เป็นต้นแล้วแต่กรณี เช่น ร้านค้ามีของสมนาคุณผู้ซื้อ ธนาคารให้ของสมนาคุณแก่ลูกค้า, เรียกทรัพย์หรือสิ่งของเป็นต้นที่ให้ในลักษณะเช่นนั้น ว่า เงินสมนาคุณ ของสมนาคุณ."
สมน้ำสมเนื้อ 0,ว.,พอเหมาะพอดีกัน เช่น ขิงก็ราข่าก็แรง สมน้ำสมเนื้อกันดีแล้ว.
สมน้ำหน้า 0,ว.,"คำแดกดันหรือซํ้าเติมว่าควรได้รับผลร้ายเช่นนั้น เช่น ขี้เกียจท่องหนังสือ สอบตกก็สมน้ำหน้า, (ปาก) สม ก็ว่า เช่น สมแล้วที่สอบตก เพราะขี้เกียจนัก."
สมใน 0,น.,เลกของเจ้านายฝ่ายใน.
สมบัติ 0,น.,ความถึงพร้อม หมายถึง ทรัพย์สิน เงินทอง ของใช้ เป็นต้นที่มีอยู่ เช่น ถึงมีสมบัติมากมายก็ไม่พ้นความตายไป ทำงานมาเกือบ ๒๐ ปี มีสมบัติอย่างเดียวคือบ้าน.
สมบัติ 1,น.,ลักษณะประจำของสาร เช่น ไอโอดีน มีสมบัติเป็นอโลหะ ลักษณะเป็นของแข็ง สีเทาดำเป็นเงาวาว หลอมละลายที่ ๑๑๔ °ซ. เมื่อระเหิดให้ไอสีม่วง.
สมบัตินักเลง 0,น.,ทรัพย์สมบัติที่ได้มาด้วยการเสี่ยงโชค.
สมบัติบ้า 0,น.,ทรัพย์สินหรือยศถาบรรดาศักดิ์ที่เพ้อฝันว่าจะได้ เช่น คิดสมบัติบ้า
สมบัติบ้า 1,น.,ข้าวของที่เก็บไว้แต่ไม่มีประโยชน์ เช่น สมบัติบ้าเต็มตู้ไปหมด ไม่รู้จักทิ้งเสียบ้าง.
สมบัติผู้ดี 0,น.,มารยาทของผู้ที่มีความประพฤติดีทั้งทางกาย วาจา และความคิด.
สมบัติพัสถาน 0,น.,ทรัพย์สิน ที่ดิน และบ้านเรือน.
สมบุกสมบัน 0,ว.,ทนลำบากตรากตรำโดยไม่คิดถึงตัว เช่น เขาทำงานสมบุกสมบันจึงประสบความสำเร็จ
สมบุกสมบัน 1,ว.,อาการที่ใช้โดยไม่ปรานีปราศรัยหรือโดยไม่ทะนุถนอม เช่น ใช้เสื้อผ้าสมบุกสมบันทำให้ขาดเร็ว ใช้วัวควายไถนาอย่างสมบุกสมบันโดยไม่ให้พักผ่อน.
สมบุญ 0,ว.,เหมาะแก่ที่มีบุญ.
สมบูรณ์ 0,ก.,"บริบูรณ์ เช่น สมบูรณ์ด้วยโภคสมบัติ สมบูรณ์ด้วยข้าทาสบริวาร, ครบถ้วน เช่น หลักฐานยังไม่สมบูรณ์"
สมบูรณ์ 1,ก.,"อ้วนท้วน, แข็งแรง, เช่น เขาสมบูรณ์ขึ้น เดี๋ยวนี้สุขภาพเขาสมบูรณ์ดีแล้ว."
สมบูรณ์ 2,ว.,มีคุณสมบัติหรือคุณลักษณะครบถ้วน เช่น มีคุณสมบัติสมบูรณ์ตามที่กำหนด
สมบูรณ์ 3,ว.,"อ้วนท้วน, แข็งแรง, เช่น มีร่างกายสมบูรณ์ สุขภาพสมบูรณ์."
สมบูรณาญาสิทธิราชย์ 0,น.,ระบอบการปกครองซึ่งพระมหากษัตริย์มีอำนาจสิทธิ์ขาดในการบริหารประเทศ.
สมประกอบ 0,ว.,มีอวัยวะสมบูรณ์เป็นปรกติ เช่น เขาเป็นคนมีร่างกายสมประกอบ.
สมประดี 0,น.,"ความรู้สึกตัว, มักใช้เข้าคู่กับคำ สติ เป็น สติสมประดี เช่น ไม่ได้สติสมประดี."
สมปฤดี 0,น.,"ความรู้สึกตัว, มักใช้เข้าคู่กับคำ สติ เป็น สติสมประดี เช่น ไม่ได้สติสมประดี."
สมปฤๅดี 0,น.,"ความรู้สึกตัว, มักใช้เข้าคู่กับคำ สติ เป็น สติสมประดี เช่น ไม่ได้สติสมประดี."
ส้มป่อย 0,น.,ชื่อไม้เถาเนื้อแข็งชนิด Acacia concinna (Willd.) DC. ในวงศ์ Leguminosae ใบเป็นฝอยคล้ายใบชะอมแต่รสเปรี้ยว ใช้ทำยาได้ ฝักใช้สระหัวต่างสบู่และใช้ทำยาได้.
สมปัก 0,น.,"ผ้าลายหรือผ้าปูมสมัยเก่าสำหรับขุนนางนุ่งหรือห่อคัมภีร์เป็นต้น, ผ้าเกี้ยว ก็เรียก."
สมผุส 0,น.,การคำนวณชนิดหนึ่งเกี่ยวกับโลกและดาวพระเคราะห์เล็งร่วมกัน.
ส้มแผ่น 0,น.,"มะม่วงสุกที่กวนแล้วแผ่เป็นแผ่นบาง ๆ, ส้มลิ้ม ก็เรียก."
สมพง 0,น.,"ชื่อไม้ต้นขนาดใหญ่ชนิด Tetrameles nudiflora R.Br. ในวงศ์ Datiscaceae ชอบขึ้นริมนํ้า โคนต้นเป็นพอนแผ่กว้าง เปลือกสีเทาหรือเทาแกมนํ้าตาลเลื่อมเป็นมัน ใบมน ทิ้งใบหมดต้นในฤดูร้อน เนื้อไม้อ่อนเบา ใช้ทำก้านไม้ขีดไฟ เรือขุด และฝ้าเพดานได้, กะพง ก็เรียก."
สมพงศ์ 0,น.,"การร่วมวงศ์หรือตระกูลกัน, (โหร) วิธีคำนวณว่าหญิงชายที่จะเป็นคู่ครองกันมีชะตาต้องกันหรือไม่."
สมพรปาก 0,*ก.,คำรับคำหวังดีต่อผู้ที่พูดอวยพรให้เป็นมงคล เช่น ขอให้สมพรปากนะ.
สมพล 0,น.,"อาหาร, เสบียง."
สมพล 1,น.,เลกของขุนนางที่ปกครองหัวเมือง
สมพล 2,น.,แบบวิธีเลขไทยในการฝึกหัดให้คูณคล่อง.
สมพล 3,น.,"อาหาร, เสบียง."
สมพัตสร 0,น.,อากรประเภทหนึ่งซึ่งเป็นผลประโยชน์ของแผ่นดิน เก็บจากจำนวนพื้นที่ที่ปลูกไม้ล้มลุกบางประเภทและจำนวนไม้ผลยืนต้นบางประเภท เช่น ขนุน เงาะ กระท้อน มะไฟ เก็บเป็นรายปี.
สมพาส 0,น.,"การอยู่ร่วม, การร่วมประเวณี."
สมเพช 0,ก.,"สงสารสลดใจ, ควรได้รับความกรุณา, เช่น เห็นคนอนาถาแล้วอดสมเพชไม่ได้, มักใช้เข้าคู่กับคำ เวทนา เป็น สมเพชเวทนา."
สมโพธน์ 0,น.,"คำร้องเรียก, คำอาลปนะในไวยากรณ์."
สมโพธิ 0,น.,การตรัสรู้เป็นพระพุทธเจ้า.
ส้มฟัก 0,น.,อาหารทำด้วยปลาสับละเอียดผสมกับข้าวสุกหมักเกลือ กระเทียม โขลกจนเหนียวแล้วห่อใบตองทับเอาไว้จนมีรสเปรี้ยว.
สมภพ 0,น.,"การเกิด, ราชาศัพท์ใช้ว่า พระราชสมภพ และ พระบรมราชสมภพ."
สมภาร 0,น.,พระที่เป็นเจ้าอาวาส.
สมโภค 0,น.,การเสวยสุขกายใจอันเป็นไปในทางโลก.
สมโภช 0,น.,"การกินร่วม, การเลี้ยงอาหาร"
สมโภช 1,น.,"งานเลี้ยง, งานฉลองในพิธีมงคลเพื่อความยินดีร่าเริง เช่น งานสมโภชกรุงรัตนโกสินทร์ ๒๐๐ ปี งานสมโภชพระสุพรรณบัฏ (ใช้เฉพาะแต่ในงานพระราชพิธี)."
สมมต 0,ก.,รู้สึกนึกเอาว่า เช่น สมมติให้ตุ๊กตาเป็นน้อง.
สมมต 1,สัน.,"ต่างว่า, ถือเอาว่า, เช่น สมมุติว่าได้มรดกสิบล้าน จะบริจาคช่วยคนยากจน สมมุติว่าถูกสลากกินแบ่งรางวัลที่ ๑ จะไปเที่ยวรอบโลก."
สมมต 2,ว.,ที่ยอมรับตกลงกันเองโดยปริยาย โดยไม่คำนึงถึงสภาพที่แท้จริง เช่น สมมติเทพ.
สมมติ 0,ก.,รู้สึกนึกเอาว่า เช่น สมมติให้ตุ๊กตาเป็นน้อง.
สมมติ 1,สัน.,"ต่างว่า, ถือเอาว่า, เช่น สมมุติว่าได้มรดกสิบล้าน จะบริจาคช่วยคนยากจน สมมุติว่าถูกสลากกินแบ่งรางวัลที่ ๑ จะไปเที่ยวรอบโลก."
สมมติ 2,ว.,ที่ยอมรับตกลงกันเองโดยปริยาย โดยไม่คำนึงถึงสภาพที่แท้จริง เช่น สมมติเทพ.
สมมติ- 0,ก.,รู้สึกนึกเอาว่า เช่น สมมติให้ตุ๊กตาเป็นน้อง.
สมมติ- 1,สัน.,"ต่างว่า, ถือเอาว่า, เช่น สมมุติว่าได้มรดกสิบล้าน จะบริจาคช่วยคนยากจน สมมุติว่าถูกสลากกินแบ่งรางวัลที่ ๑ จะไปเที่ยวรอบโลก."
สมมติ- 2,ว.,ที่ยอมรับตกลงกันเองโดยปริยาย โดยไม่คำนึงถึงสภาพที่แท้จริง เช่น สมมติเทพ.
สมมติฐาน 0,น.,ข้อคิดเห็นหรือถ้อยแถลงที่ใช้เป็นมูลฐานแห่งการหาเหตุผล การทดลอง หรือการวิจัย.
สมมติเทพ 0,น.,เทวดาโดยสมมติ หมายถึง พระเจ้าแผ่นดิน.
ส้มมะขาม 0,น.,"เนื้อในมะขามเปรี้ยวที่แก่จัด ซึ่งใช้เป็นเครื่องปรุงอาหารให้มีรสเปรี้ยว, ถ้าปั้นเป็นก้อนเรียก มะขามเปียก."
สมมาตร 0,น.,"ลักษณะที่รูป ๒ รูปหรือรูปรูปเดียว แต่แยกได้เป็น ๒ ส่วน มีสมบัติว่า ถ้านำรูปแรกไปทับรูปที่ ๒ หรือพับส่วนแรกไปทับส่วนที่ ๒ ในกรณีที่เป็นรูปเดียวกันแล้ว ทั้ง ๒ รูปหรือ ๒ ส่วนนั้นจะทับกันสนิท, ถ้าเป็นรูปทรง ๓ มิติ เมื่อแบ่งครึ่งออกไป ๒ ซีกจะเหมือนกันทุกประการ."
ส้มมือ 0,น.,ชื่อส้มชนิด Citrus medicaL. var. sarcodactylis (Hoola van Nooten) Swingle ในวงศ์ Rutaceae ส่วนล่างของผลมีลักษณะคล้ายนิ้วมือ ใช้ทำยาดมได้.
สมมุติ 0,ก.,รู้สึกนึกเอาว่า เช่น สมมติให้ตุ๊กตาเป็นน้อง.
สมมุติ 1,สัน.,"ต่างว่า, ถือเอาว่า, เช่น สมมุติว่าได้มรดกสิบล้าน จะบริจาคช่วยคนยากจน สมมุติว่าถูกสลากกินแบ่งรางวัลที่ ๑ จะไปเที่ยวรอบโลก."
สมมุติ 2,ว.,ที่ยอมรับตกลงกันเองโดยปริยาย โดยไม่คำนึงถึงสภาพที่แท้จริง เช่น สมมติเทพ.
สมมุติ- 0,ก.,รู้สึกนึกเอาว่า เช่น สมมติให้ตุ๊กตาเป็นน้อง.
สมมุติ- 1,สัน.,"ต่างว่า, ถือเอาว่า, เช่น สมมุติว่าได้มรดกสิบล้าน จะบริจาคช่วยคนยากจน สมมุติว่าถูกสลากกินแบ่งรางวัลที่ ๑ จะไปเที่ยวรอบโลก."
สมมุติ- 2,ว.,ที่ยอมรับตกลงกันเองโดยปริยาย โดยไม่คำนึงถึงสภาพที่แท้จริง เช่น สมมติเทพ.
สมมุติฐาน 0,น.,ข้อคิดเห็นหรือถ้อยแถลงที่ใช้เป็นมูลฐานแห่งการหาเหตุผล การทดลอง หรือการวิจัย.
สมมูล 0,ว.,"มีค่าเท่าเทียมกัน, เสมอเหมือนกัน, เปลี่ยนแทนกันได้."
สมมูลเคมี 0,น.,จำนวนเลขที่บ่งแสดงนํ้าหนักของสารที่ทำปฏิกิริยาโดยทางตรงหรือทางอ้อมได้พอดีกับ ๑.๐๐๘ หน่วยนํ้าหนักเดียวกันของธาตุไฮโดรเจน หรือกับ ๘ หน่วยนํ้าหนักเดียวกันของธาตุออกซิเจน.
สมโมท 0,ก.,"ยินดี, ร่าเริง, พอใจ, สัมโมท ก็ว่า."
สมยอม 0,ก.,ยอมตกลงเพื่อหลีกเลี่ยงปัญหาบางอย่าง (มักใช้ในทางไม่ดี) เช่น เจ้าทุกข์สมยอมกับเจ้าหน้าที่.
สมโยค 0,ก.,ร่วมประเวณี.
สมร- 0,น.,"การรบ, การสงคราม."
สมร 0,น.,"การรบ, การสงคราม."
สมร 1,น.,นางงามซึ่งเป็นที่รัก.
สมรด 0,น.,เครื่องตกแต่งขอบต้นแขน และปลายแขนเสื้อครุย ปักด้วยดิ้น เงินแล่ง ทองแล่ง เป็นลวดลายต่าง ๆ
สมรด 1,น.,"ผ้าคาดเอวปักด้วยดิ้น เงินแล่ง ทองแล่ง เป็นลวดลายต่าง ๆ โบราณใช้เป็นเครื่องประกอบอย่างหนึ่งที่แสดงศักดิ์, สำรด หรือ ผ้าแฝง ก็เรียก."
สมรภูมิ 0,น.,สนามรบ.
สมรรถ 0,ว.,สามารถ.
สมรรถ- 0,ว.,สามารถ.
สมรรถนะ 0,น.,ความสามารถ (ใช้แก่เครื่องยนต์) เช่น รถยนต์แบบนี้มีสมรรถนะดีเยี่ยมเหมาะสำหรับเดินทางไกล.
สมรรถภาพ 0,น.,ความสามารถ เช่น เขาเป็นคนมีสมรรถภาพในการทำงานสูงสมควรได้เลื่อนตำแหน่ง.
สมรส 0,ก.,แต่งงาน เช่น นาย ก สมรสกับนางสาว ข.
สมรส 1,ว.,ที่เกี่ยวกับการแต่งงาน เช่น พิธีมงคลสมรส.
สมรส 2,น.,การแต่งงานที่จดทะเบียนสมรสแล้ว.
สมรัก 0,ก.,ร่วมประเวณี เช่น ชายลอบลักสมรักทำชู้ด้วยลูกสาวท่านก็ดี… สองลอบสมรักด้วยกัน มิได้สู่ขอมีขันหมากเปนคำนับ (สามดวง).
สมรู้ 0,ก.,"ร่วมคิดกัน, เป็นใจกัน, (มักใช้ในทางที่ไม่ดี) เช่น เขาสมรู้กันในทางทุจริต, บางทีใช้เข้าคู่กับคำ ร่วมคิด เป็น สมรู้ร่วมคิด เช่น เขาสมรู้ร่วมคิดกันในการฉ้อราษฎร์บังหลวง."
สมฤดี 0,น.,"ความรู้สึกตัว, ใช้เป็น สมปฤดี สมปฤๅดี หรือ สมประดี ก็มี."
สมฤติ 0,น.,ชื่อคัมภีร์ทางศาสนาพราหมณ์ซึ่งแต่งขึ้นภายหลังคัมภีร์พวกศรุติ เช่น คัมภีร์เวทางคศาสตร์ ศูตระ รามายณะ มหาภารตะ ปุราณะ ธรรมศาสตร์.
สมฤๅดี 0,น.,"ความรู้สึกตัว, ใช้เป็น สมปฤดี สมปฤๅดี หรือ สมประดี ก็มี."
ส้มลิ้ม 0,น.,"ของกินชนิดหนึ่ง ใช้มะม่วงดิบมะยมดิบยำกับกุ้งแห้งใส่น้ำปลาน้ำตาล บางทีก็นำไปตากแดด, ส้มฉุน ก็เรียก"
ส้มลิ้ม 1,น.,"มะม่วงสุกที่กวนแล้วแผ่เป็นแผ่นบาง ๆ, ส้มแผ่น ก็เรียก."
ส้มลิ้ม 2,น.,ต้นไม้ชนิดหนึ่ง ใช้ทำยาได้.
สมวัย 0,ว.,"มีวัยเสมอกัน, รุ่นราวคราวเดียวกัน."
สมวายะ 0,น.,"หมู่, พวก, ประชุม."
สมส่วน 0,ว.,"มีส่วนสัดเหมาะเจาะ เช่น การออกกำลังกายทำให้ร่างกายสมส่วน, รับกันพอเหมาะพอดี เช่น หลังคากับตัวเรือนสมส่วนกันดี."
สมสอง 0,ก.,"อยู่เป็นคู่ผัวเมีย, เขียนเป็น สํสอง ก็มี เช่น ยงงขวบคืนสํสอง เศกไท้ (กำสรวล)."
ส้มสันดาน 0,น.,ชื่อไม้เถาชนิด Cissus hastata Miq. ในวงศ์ Vitaceae ใบมีรสเปรี้ยว ใช้ทำยาได้.
ส้มสา 0,น.,"ชื่อไม้ต้นชนิด Myrica esculentaBuch.-Ham. ex D. Don. ในวงศ์ Myricaceae ผลกลม ผิวขรุขระ สุกสีแดงคลํ้า กินได้ รสเปรี้ยว ๆ หวาน ๆ, ส้มสา ก็เรียก., ชื่อไม้ต้นชนิด Prunus mume Siebold. et Zucc. ในวงศ์ Rosaceae ผลกลมแบน มีขน ผลสุกสีเหลือง รสเปรี้ยวจัดและขม ดองเกลือแล้วกินได้."
สมสู่ 0,ก.,"ร่วมประเวณี (มักใช้ในทางไม่ดี) เช่น เขาไปสมสู่กันเอง สมสู่อยู่กินกันฉันผัวเมีย, บางทีก็ใช้กับสัตว์บางชนิด เช่น เดือน ๑๒ เป็นฤดูที่สุนัขสมสู่กัน."
สมเสร็จ 0,น.,"ชื่อสัตว์เลี้ยงลูกด้วยนมชนิด Tapirus indicus Desmarest ในวงศ์ Tapiridae เป็นสัตว์กีบคี่ขนาดใหญ่ จมูกและริมฝีปากบนยื่นยาวออกมาคล้ายงวงยืดหดเข้าออกได้ ขนลำตัวตั้งแต่หัว คอ ไหล่ และขาหน้าสีดำ ขาหลังไปจดก้นสีดำ ส่วนที่เหลือกลางลำตัวตั้งแต่สันหลังลงมาถึงท้องมีสีขาว ขอบหูสีขาว หางสั้น ลูกเกิดใหม่ตัวมีลายสีขาวขาดเป็นท่อน ๆ ทอดไปตามความยาวลำตัว กินหญ้า ใบไม้ และผลไม้ เป็นสัตว์ป่าสงวนของไทย, ผสมเสร็จ ก็เรียก."
ส้มเสี้ยว 0,น.,"ชื่อไม้ต้นชนิด Bauhinia malabaricaRoxb. ในวงศ์ Leguminosae ใบมีรสเปรี้ยว กินได้และใช้ทำยาได้, เสี้ยวใหญ่ ก็เรียก."
สมหน้าสมตา 0,ว.,เหมาะแก่เกียรติและฐานะ เช่น ลูกสาวบ้านนั้นเขาแต่งงานไปอย่างสมหน้าสมตา.
สมหวัง 0,ก.,ได้ดังที่หวัง.
สมเหตุสมผล 0,ว.,"มีเหตุผลสมควร, มีเหตุผลรับกัน, เช่น คำชี้แจงของเขาสมเหตุสมผล เขาอภิปรายได้สมเหตุสมผล."
สมอ 0,น.,หิน. (ข. ถฺม)
สมอ 1,น.,ของหนักที่ล่ามโซ่หรือเชือกอยู่กับเรือ เวลาจอดเรือใช้ทอดลงไปในนํ้าให้เกาะพื้นเพื่อไม่ให้เรือเคลื่อนไปที่อื่น.
สมอ 2,น.,"ชื่อไม้ต้นหลายชนิดในสกุล Terminalia วงศ์ Combretaceae ใช้ทำยาได้ เช่น สมอไทย (T. chebula Retz.), สมอพิเภก [T. bellirica (Gaertn.) Roxb.], สมอดีงู [T. citrina (Gaertn.) Roxb.ex Fleming]."
สมอ 3,น.,ลูกฝ้าย.
สมอกานน 0,น.,"ชื่อไม้ต้นชนิด Vitex pinnata L. ในวงศ์ Labiatae ดอกเล็ก สีฟ้าอมขาว ออกเป็นช่อใหญ่ ผลกลมเล็ก สีดำ เนื้อไม้ทนทานใช้ทำเครื่องมือ, กานน กาสามปีก โคนสมอ หรือ สมอกานน ก็เรียก."
สมอเกา 0,ก.,อาการที่สมอหลุดจากพื้นที่ทอดไว้ แล้วครูดไปตามพื้นท้องน้ำด้วยแรงลมและกระแสน้ำ.
สมอง 0,น.,"อวัยวะที่อยู่ภายในกะโหลกศีรษะ เนื้อนุ่ม หยุ่น ลักษณะเป็นลอน เป็นศูนย์รวมระบบประสาท, มันสมอง ก็ว่า, ภาษาปากว่า ขมอง"
สมอง 1,น.,"โดยปริยายหมายความว่า ปัญญาความคิด เช่น เขาเป็นคนสมองดี, มันสมอง หรือ หัวสมอง ก็ว่า."
สมองขี้เลื้อย 0,น.,"ปัญญาทึบ, หัวขี้เลื่อย ก็ว่า."
สมองตาย 0,ว.,สภาวะที่สมองถูกทำลายจนสูญเสียการทำงานโดยสิ้นเชิง ถือว่าสิ้นชีวิตแล้ว.
สมองฝ่อ 0,น.,เนื้อสมองน้อยลงเนื่องจากมีการเสื่อมสลายของเซลล์ประสาทและเนื้อเยื่อของสมองหรืออย่างใดอย่างหนึ่ง.
สมอจีน 0,น.,"ชื่อไม้ต้นชนิด Canarium album (Lour.) Raeusch. ในวงศ์ Burseraceae ผลคล้ายสมอบางชนิด กินได้ มีถิ่นกำเนิดในประเทศจีน, สมอจีน ก็เรียก."
สมอทะเล 0,น.,"ชื่อไม้ต้นขนาดกลางชนิด Shirakiopsis indica (Willd.) Esser ในวงศ์ Euphorbiaceae ขึ้นตามที่ลุ่มนํ้าขังและริมคลองนํ้ากร่อย ทุกส่วนมียางขาว ผลกลม แก่จัดแยกออกเป็น ๓ ซีก, สมอทะเล ก็เรียก."
สมอร่อง 0,น.,"ชื่อไม้ต้นขนาดกลางชนิด Lagerstroemia undulata Koehne var. subangulata Craib ในวงศ์ Lythraceae ช่อดอกเรียวแหลม ดอกเล็ก สีชมพูคล้ำ, สมอร่อง ก็เรียก."
สมอสำเภา 0,น.,"ชื่อหนึ่งของดาวฤกษ์บุษยะ มี ๕ ดวง, ดาวปุยฝ้าย ดาวพวงดอกไม้ ดาวดอกบัว ดาวโลง ดาวปู ดาวสิธยะ ดาวบุษย์ ดาวปุษยะ หรือ ดาวปุสสะ ก็เรียก."
สมอ้าง 0,ก.,รับรองถ้อยคำที่เขากล่าว.
สมะ 0,น.,"ความสงบ, ความราบคาบ."
สมัคร 0,ก.,"ยื่นความจำนงขอเข้าร่วมเป็นสมาชิกหรือร่วมในกิจกรรมอย่างใดอย่างหนึ่งเป็นต้น เช่น สมัครเป็นสมาชิกสมาคม สมัครเข้าทำงาน, บางทีก็มีคำ ใจ ประกอบอยู่ด้วย ซึ่งเป็นคำผสมชนิดที่ต้องการเน้น เช่น ใจสมัคร ว่า ใจที่สมัคร, สมัครใจ ว่า สมัครด้วยความเต็มใจ."
สมัครใจ 0,ก.,สมัครด้วยความเต็มใจ เช่น งานนี้เขาสมัครใจเป็นแม่ครัว ชาวเขาสมัครใจย้ายถิ่นฐาน.
สมัครใจ 1,น.,ความเต็มใจ เช่น ทำโดยสมัครใจ.
สมัครพรรคพวก 0,น.,ผู้เข้าร่วมเป็นพวกด้วย เช่น เขาเป็นคนกว้างขวาง มีสมัครพรรคพวกมาก.
สมัครสมา 0,ก.,ขอขมาในความผิดที่ได้กระทำไปแล้ว.
สมัครสมาน 0,ก.,เชื่อมสามัคคี เช่น จะทำการงานอะไรขอให้สมัครสมานกัน.
สมังคี 0,ว.,"ประกอบด้วย, พร้อมเพรียงด้วย."
สมัช 0,น.,การประชุมเพื่อประโยชน์อย่างใดอย่างหนึ่งโดยเฉพาะ เช่น ไปร่วมประชุมสมัชชาแห่งชาติ
สมัช 1,น.,ที่ประชุม เช่น สมัชชาใหญ่องค์การสหประชาชาติ.
สมัชชา 0,น.,การประชุมเพื่อประโยชน์อย่างใดอย่างหนึ่งโดยเฉพาะ เช่น ไปร่วมประชุมสมัชชาแห่งชาติ
สมัชชา 1,น.,ที่ประชุม เช่น สมัชชาใหญ่องค์การสหประชาชาติ.
สมัญญา 0,น.,ชื่อที่มีผู้ยกย่องหรือตั้งให้ เช่น พระพุทธเจ้าได้รับสมัญญาว่า พระสัมมาสัมพุทธเจ้า เพราะเป็นผู้ตรัสรู้เองโดยชอบ ศาสดาของศาสนาเชนได้รับสมัญญาว่า มหาวีระ เพราะเป็นผู้มีความกล้าหาญมาก.
สมัต 0,ก.,"จบแล้ว, จบข้อความ, สำเร็จแล้ว"
สมัต 1,ก.,"เต็ม, บริบูรณ์."
สมัน 0,น.,"ชื่อสัตว์เลี้ยงลูกด้วยนมชนิด Cervus schomburgki (Blyth) ในวงศ์ Cervidae เป็นสัตว์เคี้ยวเอื้อง ขนาดเล็กกว่ากวางป่า เขาสวยงามแตกแขนงมากกว่ากวางชนิดอื่น ขนสีนํ้าตาล หางสั้น มีถิ่นกำเนิดเฉพาะในประเทศไทยเท่านั้น เป็นสัตว์ป่าสงวน ซึ่งสูญพันธุ์แล้ว, เนื้อสมัน ก็เรียก."
สมันต์ 0,ว.,"โดยรอบ, ใกล้เคียง."
สมัย 0,น.,"เวลา, คราว, เช่น สมัยโบราณ สมัยกลาง สมัยปัจจุบัน, มักใช้เข้าคู่กับคำ กาล เป็น กาลสมัย."
สมัยเก่า 0,น.,สมัยโบราณ เช่น ถ้วยชามชุดนี้เป็นของสมัยเก่า.
สมัยเก่า 1,ว.,"พ้นสมัย, ไม่ใช่สมัยใหม่, ก่อนเวลาปัจจุบัน, เช่น เขามีความคิดอย่างคนสมัยเก่า."
สมัยนิยม 0,น.,ความนิยมในแต่ละสมัย เช่น แต่งตัวตามสมัยนิยม ไว้ผมตามสมัยนิยม.
สมัยประชุม 0,น.,ระยะเวลาที่กำหนดให้มีการประชุมสภา เช่น สมัยประชุมของรัฐสภา.
สมัยใหม่ 0,น.,สมัยปัจจุบัน เช่น ประวัติศาสตร์สมัยใหม่ ปรัชญาสมัยใหม่.
สมัยใหม่ 1,ว.,ทันสมัย เช่น แม้เขาจะอายุมาก แต่เขามีความคิดอย่างคนสมัยใหม่.
สมา 0,ก.,ขมา.
สมา 1,น.,ปี.
สมาคม 0,น.,"การประชุม, การเข้าร่วมพวกร่วมคณะ, การคบค้า"
สมาคม 1,น.,แหล่งหรือที่ประชุมของบุคคลหลายคนมาร่วมกันด้วยมีจุดประสงค์เพื่อประโยชน์บางประการ เช่น เข้าสมาคม สมาคมศิษย์เก่า
สมาคม 2,น.,"นิติบุคคลที่ก่อตั้งขึ้นเพื่อกระทำการใด ๆ อันมีลักษณะต่อเนื่องร่วมกันและมิใช่เป็นการหาผลกำไรหรือรายได้มาแบ่งปันกัน. (ป., ส.)."
สมาคม 3,ก.,"คบค้า, คบหา, เช่น อย่าสมาคมกับคนพาล ให้สมาคมกับนักปราชญ์."
สมาคมการค้า 0,น.,สถาบันที่บุคคลหลายคนซึ่งเป็นผู้ประกอบวิสาหกิจจัดตั้งขึ้นเพื่อทำการส่งเสริมการประกอบวิสาหกิจอันมิใช่เป็นการหาผลกำไรหรือรายได้แบ่งปันกัน.
สมาจาร 0,น.,"ความประพฤติที่ดี, ธรรมเนียม, ประเพณี."
สมาชิก 0,น.,"ผู้มีสิทธิและมีส่วนร่วมในสมาคม องค์การ หรือกิจกรรมใด ๆ เช่น สมาชิกสภาผู้แทนราษฎร สมาชิกสมาคมศิษย์เก่า สมาชิกวารสาร, (ปาก) ลูกค้า, ขาประจำ, เช่น หมู่นี้สมาชิกไม่ค่อยมาอุดหนุนที่ร้านเลย."
สมาชิก 1,น.,"สิ่งแต่ละสิ่งที่มีปรากฏอยู่ในเซตใดเซตหนึ่ง เช่น { ก, ข, ค } คือ เซตของอักษร ๓ ตัวแรกในภาษาไทย มีสมาชิก ๓ ตัว, สิ่งที่ปรากฏอยู่ในคู่อันดับใดคู่อันดับหนึ่ง เช่น (ก, ข) คือ คู่อันดับหนึ่งที่มี ก เป็นสมาชิกตัวหน้า ข เป็นสมาชิกตัวหลัง."
สมาชิกวุฒิสภา 0,น.,"สมาชิกของวุฒิสภา, (ปาก) วุฒิสมาชิก."
สมาทาน 0,ก.,รับเอาถือเอาเป็นข้อปฏิบัติ เช่น สมาทานศีล.
สมาธิ 0,น.,ความตั้งมั่นแห่งจิต
สมาธิ 1,น.,ความสำรวมใจให้แน่วแน่เพื่อให้จิตใจสงบหรือเพื่อให้เกิดปัญญาเห็นแจ้ง.
สมาน- 0,ว.,"เสมอกัน, เท่ากัน."
สมาน 0,ก.,"ทำให้ติดกัน, ทำให้สนิท, เช่น ยาสมานแผล การสมานเนื้อไม้"
สมาน 1,ก.,"เชื่อม, ผูกพัน, เช่น สมานไมตรี."
สมานคติ 0,น.,"การดำเนินอย่างเดียวกัน, การมีความเห็นพ้องกัน."
สมานฉันท์ 0,น.,"ความพอใจร่วมกัน, ความเห็นพ้องกัน, เช่น มีความเห็นเป็นสมานฉันท์."
สมานสังวาส 0,น.,"“การอยู่ร่วมเสมอกัน”, การที่พระสงฆ์มีศีลเสมอกัน ทำอุโบสถหรือสังฆกรรมร่วมกันได้."
สมานัตตตา 0,น.,"ความมีตนสม่ำเสมอ, การทำตนเสมอต้นเสมอปลาย, เป็นธรรมข้อ ๑ ในสังคหวัตถุ. (ป.). (ดู สังคหวัตถุ)."
สมาบัติ 0,น.,"ภาวะที่จิตสงบประณีต, คุณวิเศษที่เกิดจากการที่จิตเพ่งอารมณ์จนแน่วแน่, การบรรลุคุณวิเศษชั้นสูงด้วยอำนาจของการเข้าสมาธิ, มีหลายอย่าง เช่น ฌานสมาบัติ ผลสมาบัติ, บางทีใช้เข้าคู่กับคำ ฌาน เป็น ฌานสมาบัติ มี ๘ ได้แก่ รูปฌาน ๔ อรูปฌาน ๔."
สมาพันธรัฐ 0,น.,"รัฐหลาย ๆ รัฐที่รวมกันเพื่อประโยชน์ร่วมกันบางอย่าง โดยมีข้อตกลงระหว่างกันให้มีรัฐบาลกลาง และให้มีอำนาจหน้าที่เฉพาะกิจการบางอย่างที่รัฐสมาชิกยินยอมมอบหมายให้เท่านั้น, ปัจจุบันไม่มีแล้ว."
สมาส 0,น.,การเอาศัพท์ตั้งแต่ ๒ ศัพท์ขึ้นไปมาต่อกันเป็นศัพท์เดียวตามหลักที่ได้มาจากไวยากรณ์บาลีและสันสกฤต เช่น สุนทร + พจน์ เป็น สุนทรพจน์ รัฐ + ศาสตร์ เป็น รัฐศาสตร์ อุดม + การณ์ เป็น อุดมการณ์.
สม่ำเสมอ 0,ว.,"เสมอเป็นปรกติ เช่น มาประชุมสม่ำเสมอ, เสมอตามกำหนด เช่น ส่งดอกเบี้ยสม่ำเสมอ"
สม่ำเสมอ 1,ว.,"ราบเรียบ, ไม่ลุ่ม ๆ ดอน ๆ, (มักใช้ในความปฏิเสธ) เช่น พื้นไม่สม่ำเสมอ."
สมิง 0,น.,เสือที่เชื่อว่าเดิมเป็นคนที่มีวิชาอาคมแก่กล้าแล้วต่อมาสามารถจำแลงร่างเป็นเสือได้ หรือเสือที่กินคนมาก ๆ เข้า เชื่อกันว่าวิญญาณคนตายเข้าสิง ต่อมาสามารถจำแลงร่างเป็นคนได้ เรียกว่า เสือสมิง
สมิง 1,น.,ตำแหน่งขุนนางผู้ใหญ่ฝ่ายมอญ.
สมิงทอง 0,น.,ชื่อเพลงไทยอัตรา ๒ ชั้น หน้าทับปรบไก่ มีท่อนเดียว ๖ จังหวะ
สมิงทอง 1,น.,ชื่อเพลงไทยประเภทเพลงเถา.
สมิงพราย 0,น.,เจ้าผี.
สมิงมิ่งชาย 0,น.,"ชายชาติทหาร, ยอดชาย."
สมิต 0,ก.,"ยิ้ม, เบิกบาน."
สมิต 1,ก.,"ประสม, รวบรวม."
สมิต 2,น.,กิ่งแห้งของต้นไม้บางชนิด เช่นต้นโพใช้เป็นเชื้อไฟในพิธีโหมกูณฑ์. (ส.)
สมิต 3,น.,ใบไม้มงคลที่ถวายพระมหากษัตริย์เพื่อทรงปัดพระองค์ในพระราชพิธีบรมราชาภิเษก.
สมิต 4,น.,"สำเร็จพร้อม, สมบูรณ์, สัมฤทธิ์, เขียนว่า สมิต ก็มี."
สมิติ 0,น.,ที่ประชุม.
สมิทธ์ 0,ว.,"สำเร็จพร้อม, สมบูรณ์, สัมฤทธิ์, เขียนว่า สมิต ก็มี."
สมิทธิ 0,ว.,"สำเร็จพร้อม, สมบูรณ์, สัมฤทธิ์, เขียนว่า สมิต ก็มี."
สมี 0,น.,คำเรียกพระภิกษุผู้ต้องอธิกรณ์ขั้นปาราชิก
สมี 1,น.,คำใช้เรียกพระภิกษุ.
สมี 2,น.,ชื่อไม้ล้มลุกชนิด Sesbania sesban (L.)Merr. ในวงศ์ Leguminosae ดอกสีเหลืองมีประสีนํ้าตาล ใบคล้ายใบโสนใช้ทำยาและใช้ในพิธีพลีกูณฑ์.
สมีปะ 0,ว.,ใกล้ เช่น สมีปสร้อยสระศรี (สมุทรโฆษ).
สมีระ 0,น.,ลม.
สมุก 0,น.,ถ่านทำจากใบตองแห้งใบหญ้าคาเป็นต้นป่นให้เป็นผงประสมกับรักนํ้าเกลี้ยง สำหรับทารองพื้นบนสิ่งต่าง ๆ เช่นบานประตูหน้าต่างโบสถ์วิหารก่อนที่จะเขียนลายรดนํ้าปิดทอง.
สมุก 1,น.,ภาชนะสานก้น ๔ มุม มีฝาสวมครอบ สำหรับใส่สิ่งของต่าง ๆ.
สมุจจัย 0,น.,การรวบรวม.
สมุจเฉท 0,น.,การตัดขาด.
สมุจเฉท- 0,น.,การตัดขาด.
สมุจเฉทปหาน 0,น.,การละกิเลสได้ขาดอย่างพระอรหันต์.
สมุฏฐาน 0,น.,"ที่เกิด, ที่ตั้ง, เหตุ, เช่น สมุฏฐานของโรค โรคนี้มีจิตเป็นสมุฏฐาน."
สมุด 0,น.,กระดาษที่ทำเป็นเล่ม มีหลายชนิดเรียกชื่อตามประโยชน์ใช้สอย เช่น สมุดวาดเขียน สมุดแผนที่ สมุดแบบฝึกหัดคัดลายมือ.
สมุดข่อย 0,น.,สมุดไทย.
สมุดไทย 0,น.,"สมุดที่ทำด้วยกระดาษข่อยแผ่นยาว ๆ หน้าแคบ พับทางขวางทบกลับไปกลับมาคล้ายผ้าจีบ เป็นสมุดเล่มสี่เหลี่ยมผืนผ้า มีทั้งชนิดกระดาษขาวและกระดาษดำ, สมุดข่อย ก็เรียก."
สมุดปูมเดินทาง 0,น.,สมุดบันทึกรายการต่าง ๆ เกี่ยวกับการเดินเรือหรือการเดินอากาศ เช่น เดินทางจากไหนถึงไหน วันที่เดินทาง จำนวนชั่วโมง ฯลฯ.
สมุดรายงาน 0,น.,"สมุดบันทึกผลการเรียนและพัฒนาการด้านต่าง ๆ ของนักเรียน, เดิมเรียกว่า สมุดพก."
สมุตถาน 0,น.,สมุฏฐาน.
สมุทร- 0,น.,ทะเลลึก
สมุทร- 1,น.,เรียกทะเลขนาดใหญ่ ซึ่งมีแผ่นดินโอบล้อมเป็นตอน ๆ ว่า มหาสมุทร เช่น มหาสมุทรอินเดีย มหาสมุทรแปซิฟิก.
สมุทร 0,น.,ทะเลลึก
สมุทร 1,น.,เรียกทะเลขนาดใหญ่ ซึ่งมีแผ่นดินโอบล้อมเป็นตอน ๆ ว่า มหาสมุทร เช่น มหาสมุทรอินเดีย มหาสมุทรแปซิฟิก.
สมุทร 2,น.,ดาวเนปจูน.
สมุทรโคดม 0,น.,ข้าวฟ่างสมุทรโคดม. (ดู ข้าวฟ่าง ที่ ข้าว).
สมุทรโจร 0,น.,โจรสลัด.
สมุทรศาสตร์ 0,น.,วิทยาศาสตร์สาขาหนึ่งที่ศึกษาเกี่ยวกับลักษณะสมบัติทางเคมีและฟิสิกส์ของนํ้าทะเล ชีววิทยาทะเล และปรากฏการณ์ต่าง ๆ ของทะเลและมหาสมุทร.
สมุทรเสนา 0,น.,เรียกลูกเสือพวกหนึ่งตามจังหวัดชายทะเล ว่า ลูกเสือสมุทรเสนา.
สมุทัย 0,น.,"ต้นเหตุ, ที่เกิด, ในคำว่า ทุกขสมุทัย หมายถึง ต้นเหตุหรือที่เกิดแห่งทุกข์."
สมุน 0,น.,"บริวาร, คนอยู่ในบังคับ, มักเรียกว่า ลูกสมุน."
สมุน 1,น.,จาก คา หรือใบไม้ที่ใช้มุงหลบหลังคา.
สมุน 2,น.,สวะหญ้าขนาดใหญ่ที่อยู่ชายฝั่ง.
สมุน 3,น.,หมอทำพิธีเบิกไพรเพื่อป้องกันภัยในป่า.
สมุนไพร 0,น.,ผลิตผลธรรมชาติ ได้จาก พืช สัตว์ และแร่ธาตุ ที่ใช้เป็นยา หรือผสมกับสารอื่นตามตำรับยา เพื่อบำบัดโรค บำรุงร่างกาย หรือใช้เป็นยาพิษ เช่น กระเทียม นํ้าผึ้ง รากดิน (ไส้เดือน) เขากวางอ่อน กำมะถัน ยางน่อง โล่ติ๊น.
สมุลแว้ง 0,น.,ชื่อไม้ต้นชนิด Temmodaphne thailandica Kosterm. ในวงศ์ Lauraceae เปลือกมีกลิ่นหอมร้อน ใช้ทำยาได้.
สมุห์ 0,น.,"หมู่, กอง, พวก"
สมุห์ 1,น.,หัวหน้าในตำแหน่งหน้าที่ เช่น สมุหพระราชพิธี สมุหราชองครักษ์ สมุห์บัญชี
สมุห์ 2,น.,ตำแหน่งพระฐานานุกรมเหนือใบฎีกา เช่น พระสมุห์ พระครูสมุห์.
สมุห- 0,น.,"หมู่, กอง, พวก"
สมุห- 1,น.,หัวหน้าในตำแหน่งหน้าที่ เช่น สมุหพระราชพิธี สมุหราชองครักษ์ สมุห์บัญชี
สมุห- 2,น.,ตำแหน่งพระฐานานุกรมเหนือใบฎีกา เช่น พระสมุห์ พระครูสมุห์.
สมุหเทศาภิบาล 0,น.,ผู้ปกครองมณฑลในระบบเทศาภิบาล เดิมเรียกว่า ข้าหลวงเทศาภิบาลสำเร็จราชการมณฑล.
สมุหนาม 0,น.,คำนามที่บอกลักษณะของคน สัตว์ และสิ่งของที่รวมกันอยู่เป็นหมวด เป็นหมู่ เป็นพวก เช่น กอง หมู่ คณะ ฝูง พวก.
สมุหนายก 0,น.,ตำแหน่งข้าราชการชั้นอัครมหาเสนาบดีฝ่ายพลเรือน ดูแลรับผิดชอบและเป็นประธานที่ประชุมเสนาบดีของฝ่ายพลเรือน รวมทั้งการปกครองและการยุติธรรมในหัวเมืองฝ่ายเหนือ.
สมุหพระกลาโหม 0,น.,ตำแหน่งข้าราชการชั้นอัครมหาสนาบดีฝ่ายทหาร ดูแลรับผิดชอบและเป็นประธานที่ประชุมเสนาบดีของฝ่ายทหาร รวมทั้งการปกครองและการยุติธรรมในหัวเมืองปักษ์ใต้.
สโมธาน 0,น.,"การประชุม, การรวมกัน."
สโมสร 0,น.,ที่สำหรับร่วมประชุมคบหากัน เช่น สโมสรข้าราชการ สโมสรทหารบก.
สโมสร 1,ก.,ร่วมชุมนุมกัน เช่น ไปร่วมสโมสร.
สโมสรสันนิบาต 0,น.,งานที่รัฐบาลจัดขึ้นเพื่อเฉลิมฉลองในโอกาสสำคัญ เช่น งานสโมสรสันนิบาตที่ทำเนียบรัฐบาลเนื่องในพระราชพิธีเฉลิมพระชนมพรรษา.
สยด 0,ก.,ใจหายวาบขึ้นทันที เพราะความหวาดกลัวต่อสิ่งที่ได้เห็น.
สยดสยอง 0,ว.,รู้สึกหวาดเสียวมีอาการขนลุกขนพองตามมาด้วย เช่น เห็นเขาใช้ดาบแทงกันจนไส้ทะลักรู้สึกสยดสยอง.
สยดแสยง 0,ก.,สยดโดยมีอาการขยะแขยงทั้งเกลียดทั้งกลัวตามมาด้วย.
สยนะ 0,น.,ที่นอน
สยนะ 1,น.,การนอน.
สยบ 0,ก.,"ซบลง, ฟุบลง, เช่น สยบอยู่แทบเท้า"
สยบ 1,ก.,"แพ้ เช่น เขายอมสยบอย่างราบคาบ, ทำให้พ่ายแพ้ เช่น พระพุทธเจ้าสยบมาร."
สยมพร 0,น.,พิธีเลือกคู่ของกษัตริย์สมัยโบราณ
สยมพร 1,น.,"การเลือกผัวของนางกษัตริย์สมัยโบราณ, สยัมพร สยุมพร หรือ สวยมพร ก็ใช้."
สยมภู 0,น.,"พระผู้เป็นเอง, พระอิศวร, สวยมภู ก็ใช้."
สยอง 0,ว.,อาการที่ขนลุกขนชันเพราะความหวาดกลัว ในความว่า ขนพองสยองเกล้า.
สยองขวัญ 0,ว.,น่าหวาดกลัวจนขวัญหาย เช่น นวนิยายสยองขวัญ.
สยอน 0,ก.,"หวาดเสียว, กลัว."
สยัมพร 0,น.,"สยมพร, สยุมพร หรือ สวยมพร ก็ใช้."
สยัมวรา 0,น.,หญิงที่เลือกคู่เอาเอง.
สยาม 0,น.,ชื่อเรียกประเทศไทยในรัชสมัยพระบาทสมเด็จพระจอมเกล้าเจ้าอยู่หัว ต่อมาได้เปลี่ยนชื่อเป็นประเทศไทยเมื่อวันที่ ๒๔ มิถุนายน พ.ศ. ๒๔๘๒
สยาม 1,น.,ของประเทศไทย.
สยาม- 0,น.,ชื่อเรียกประเทศไทยในรัชสมัยพระบาทสมเด็จพระจอมเกล้าเจ้าอยู่หัว ต่อมาได้เปลี่ยนชื่อเป็นประเทศไทยเมื่อวันที่ ๒๔ มิถุนายน พ.ศ. ๒๔๘๒
สยาม- 1,น.,ของประเทศไทย.
สยามรัฐ 0,น.,"แคว้นไทย, ประเทศไทย."
สยามานุสติ 0,น.,ชื่อพระราช-นิพนธ์ของพระบาทสมเด็จพระมงกุฎเกล้าเจ้าอยู่หัว เป็นโคลง ๔ สุภาพ.
สยามินทร์ 0,น.,ผู้เป็นใหญ่ในสยามหมายถึง พระมหากษัตริย์ของประเทศไทย.
สยาย 0,ก.,คลี่หรือคลายสิ่งที่มุ่นหรือเป็นกลุ่มก้อนอยู่ให้แผ่กระจายออก เช่น สยายผม.
สยาย 1,ว.,ที่คลี่หรือคลายสิ่งที่มุ่นหรือเป็นกลุ่มก้อนอยู่ให้แผ่กระจายออก เช่น ผมสยาย.
สยิว 0,ก.,"รู้สึกเย็นเยือก, รู้สึกเสียวซ่าน, รู้สึกวาบหวาม เช่น สยิวกาย สยิวใจ."
สยิ้ว 0,ก.,ทำหน้านิ่วคิ้วขมวดแสดงความไม่พอใจหรือเบื่อหน่าย ในคำว่า สยิ้วหน้า สยิ้วพระพักตร์.
สยุ่น 0,น.,เครื่องมือกลึงไม้ชนิดหนึ่ง รูปเหมือนสิ่ว ตัวทำด้วยเหล็ก ด้ามทำด้วยไม้ยาวประมาณ ๑ ศอก มีหน้าต่าง ๆ เช่น หน้าตัด หน้าสามเหลี่ยม หน้าโค้ง.
สยุมพร 0,น.,"สยมพร, สยัมพร หรือ สวยมพร ก็ใช้."
สยุมพร 1,น.,"ชื่อปลานํ้าจืด ไม่มีเกล็ด ในวงศ์ Siluridae มีฟันเล็กแต่แหลมคม ลำตัวด้านหลังสีนํ้าตาล ครีบต่าง ๆ มีจุดประสีเทาดำ เป็นพวกปลาเนื้ออ่อน มี ๒ ชนิด คือ ชนิด Ompok krattensis (Bloch) ซึ่งมีครีบหลัง ปากเชิดขึ้น เหนือครีบอกมีจุดกลมสีดำ ๑ จุด, เนื้ออ่อน โอน หน้าสั้น สยุมพร หรือ นาง ก็เรียก, และชนิด Phalacronotus apogon (Bleeker) ไม่มีครีบหลัง ปากอยู่ปลายสุดของหัว ไม่มีจุดสีดำเหนือครีบอกบนลำตัว, เนื้ออ่อน แดง หรือ นาง ก็เรียก."
สยุมภู 0,ว.,เป็นเองตามธรรมชาติ เช่น รกสยุมภู ว่า รกอย่างเป็นเองตามธรรมชาติ.
สร 0,น.,ศร.
สร- 0,ว.,"ทิพย์, แกล้วกล้า, เช่น สรศาสดา สรศักดิ์ สรสีห์."
สร- 1,*ว.,"คำนำหน้าคำอื่นที่ใช้ในบทกลอนเพื่อความสละสลวย เช่น ดื่น เป็น สรดื่น, คำที่แผลงมาจากคำที่ขึ้นต้นด้วยตัว ส ซึ่งใช้ในบทกลอน เช่น สนุก เป็น สรนุก."
สรกะ 0,น.,"จอก, ขัน."
สรง 0,ก.,"อาบนํ้า, รดน้ำ, (ใช้แก่เจ้านายและพระภิกษุสามเณร), ประพรม เช่น สรงพระบรมอัฐิ."
สร่ง 0,น.,"วิธีฝังเพชรเม็ดเล็ก ๆ ขนาดไข่ปลาลงไปบนพื้นที่ทำให้โปร่ง, ถ้าแกะแรให้ผิวเป็นเหลี่ยมขึ้นเงาดูเหมือนฝังเพชร เรียกว่า ตัดสร่ง."
สร่ง 1,น.,ชื่ออาหารว่างชนิดหนึ่ง ทำด้วยหมูสับคลุกกับรากผักชี พริกไทย น้ำปลา ปั้นเป็นก้อนกลม ๆ พันด้วยเส้นมี่สั้วลวก ทอดให้เหลืองนวล รับประทานกับน้ำจิ้ม.
สรฏะ 0,น.,กิ้งก่า.
สรณ- 0,น.,"ที่พึ่ง, ที่ระลึก"
สรณ- 1,น.,ความระลึก.
สรณคมน์ 0,น.,"การยึดเอาเป็นที่พึ่งที่ระลึก, ในพระพุทธศาสนาหมายถึง การถึงพระรัตนตรัยเป็นที่พึ่งที่ระลึก เรียกว่า ไตรสรณคมน์ หรือ ไตรสรณาคมน์."
สรณตรัย 0,น.,ที่พึ่งทั้ง ๓ คือ พระพุทธ พระธรรม พระสงฆ์.
สรณะ 0,น.,"ที่พึ่ง, ที่ระลึก"
สรณะ 1,น.,ความระลึก.
สรณาคมน์ 0,น.,"การยึดเอาเป็นที่พึ่งที่ระลึก, ในพระพุทธศาสนาหมายถึง การถึงพระรัตนตรัยเป็นที่พึ่งที่ระลึก เรียกว่า ไตรสรณคมน์ หรือ ไตรสรณาคมน์."
สรดัก 0,ก.,"เต็มไป, ดาษไป, แน่นไป."
สรดึ่น 0,ก.,ตื่นใจ.
สรดึ่น 1,ว.,เป็นพืดไป.
สรดื่น 0,ว.,"เกลื่อนกลาด, ดาษดื่น."
สรตะ 0,น.,การคาดคะเนตามเกณฑ์เกี่ยวกับเรื่องการพนัน มีหวย ถั่ว โป เป็นต้น
สรตะ 1,น.,"โดยปริยายหมายความว่า การคาดคะเนตามข้อสังเกตหรือสันนิษฐาน, การเก็งหรือการคาดหมายเอาโดยยึดเค้าเดิมเป็นหลัก, เช่น คิดสรตะแล้วงานนี้ขาดทุน, เขียนเป็น สะระตะ ก็มี."
สรตัก 0,ก.,"เต็มไป, ดาษไป, แน่นไป."
สรทะ 0,น.,"ฤดูใบไม้ร่วง, ฤดูสารท."
สรทึง 0,น.,"แม่นํ้า, ใช้ว่า จทึง ฉทึง ชทึง ชรทึง สทิง หรือ สทึง ก็มี."
สรแทบ 0,ว.,"ไม่นูน, ราบ."
สรนุก 0,ว.,สนุก.
สรไน 0,น.,ปี่ไฉน เช่น นักคุณแคนคู่ฆ้อง สรไน (หริภุญชัย).
สรบ 0,ว.,"ทั่ว, พร้อม, เขียนเป็น สรับ ก็มี."
สรบบ 0,น.,สารบบ.
สรบับ 0,น.,สารบับ.
สรพะ 0,ว.,"เสียงดัง, เอ็ดอึง."
สรเพชญ 0,น.,สรรเพชญ.
สรภะ 0,น.,สัตว์ในนิยายว่ามี ๘ ขา มีกำลังยิ่งกว่าราชสีห์.
สรภัญญะ 0,น.,"ทำนองสำหรับสวดคำที่เป็นฉันท์, ทำนองขับร้องทำนองหนึ่ง, เช่น สวดสรภัญญะ ทำนองสรภัญญะ."
สรภู 0,น.,ตุ๊กแก.
สรม 0,ก.,"ขอ, มักใช้ว่า สรวม. (ข. สูม)."
สรม 1,ว.,พร้อม.
สรร 0,ก.,"เลือก, คัด, เช่น จัดสรร เลือกสรร."
สรรค์ 0,ก.,"สร้างให้มีให้เป็นขึ้น, มักใช้เข้าคู่กับคำ สร้าง เป็น สรรค์สร้าง หรือ สร้างสรรค์."
สรรพ 0,ว.,"ทุกสิ่ง, ทั้งปวง, ทั้งหมด, เช่น พร้อมสรรพ งามสรรพ เสร็จสรรพ สรรพสิ่ง สรรพสินค้า."
สรรพ- 0,ว.,"ทุกสิ่ง, ทั้งปวง, ทั้งหมด, เช่น พร้อมสรรพ งามสรรพ เสร็จสรรพ สรรพสิ่ง สรรพสินค้า."
สรรพคราส 0,น.,สุริยุปราคาหมดดวง.
สรรพคุณ 0,น.,"คุณสมบัติของสิ่งที่เป็นยา, โดยปริยายหมายถึงคุณสมบัติ เช่น เขามีสรรพคุณเชื่อถือได้."
สรรพนาม 0,น.,คำที่ใช้แทนชื่อ นาม หรือข้อความที่กล่าวมาแล้ว เพื่อไม่ต้องกล่าวชื่อ นาม หรือข้อความนั้นซ้ำอีก เช่น ฉัน เขา เรา ท่าน.
สรรพสามิต 0,น.,อากรที่เก็บจากสิ่งประดิษฐ์และผลิตขึ้นภายในประเทศ เรียกว่า อากรสรรพสามิต.
สรรพัชญ 0,น.,สรรเพชญ.
สรรพากร 0,น.,อากรที่เก็บจากสิ่งที่เป็นเองหรือมีบ่อเกิดเป็นรายได้.
สรรพางค์ 0,น.,"ทั้งตัว, ทั่วตัว, มักใช้เข้าคู่กับคำ กาย เป็น สรรพางค์กาย เช่น เจ็บปวดทั่วสรรพางค์กาย, สารพางค์ ก็ว่า."
สรรเพชญ 0,น.,"ผู้รู้ทุกสิ่งทุกอย่าง, ผู้รู้ทั่ว, พระนามของพระพุทธเจ้า, สรรพัชญ ก็เรียก."
สรรเพชุดา 0,น.,ความเป็นผู้รู้ทุกสิ่ง หมายเอาความเป็นพระพุทธเจ้า.
สรรเพชุดาญาณ 0,น.,ญาณหรือปัญญาที่รู้ทุกสิ่ง หมายเอาญาณของพระพุทธเจ้า.
สรรวง 0,น.,สรวง.
สรรเสริญ 0,ก.,"กล่าวคำยกย่อง เชิดชู หรือ เทิดทูน เช่น สรรเสริญพระพุทธคุณ, กล่าวคำชมด้วยความนิยมพอใจ หรือเยินยอคุณความดี เช่น สรรเสริญคนที่มีความกตัญญูรู้คุณ, สรเสริญ ก็ใช้."
สรรเสริญพระจันทร์ 0,น.,"ชื่อเพลงไทย อัตรา ๒ ชั้น หน้าทับปรบไก่ มี ๒ ท่อน, ทรงพระสุบิน บุหลันเลื่อนลอยฟ้า หรือ สรรเสริญพระจันทร์ ก็เรียก"
สรรแสร้ง 0,ก.,"เลือกว่า, แกล้งเลือก."
สรรหา 0,ก.,"เลือกมา, คัดมา, เช่น สรรหาของมาตกแต่งบ้าน คณะกรรมการสรรหาอธิการบดี."
สรลน 0,ว.,"สลอน, แน่น"
สรลน 1,ว.,เชิดชู.
สรลม 0,ว.,"สล้าง, ดาษ, ระกะ."
สรลมสลวน 0,ว.,"แน่นหนา, ดาดาษ, สล้าง, สลอน."
สรลอด 0,น.,สลอด.
สรลอน 0,ว.,สลอน.
สรละ 0,ก.,สละ.
สรล้าย 0,ก.,"สลาย, แตก, กระจาย, เรี่ยราย, เป็นแนวติด ๆ กันไป."
สรลิด 0,น.,ดอกสลิด.
สรเลข 0,น.,ตำแหน่งข้าราชการหัวเมืองในสมัยโบราณ.
สรวง 0,น.,"ฟ้า, สวรรค์"
สรวง 1,น.,เทวดา.
สรวง 2,ก.,"เซ่น, บูชา, บน."
สรวงเส 0,ก.,"บูชา, เสสรวง ก็ว่า."
สรวป 0,ก.,สรุป.
สรวม 0,ก.,ขอ.
สรวมชีพ 0,ก.,"ขอชีวิต, ขอจงให้ชีวิตหรือปกป้องชีวิต, ใช้ขึ้นต้นคำกราบบังคมทูลอย่างขอเดชะ."
สรวล 0,ก.,"หัวเราะ, ราชาศัพท์ใช้ว่า ทรงพระสรวล."
สรวลสันหรรษา 0,ก.,"หัวเราะร่าเริงยินดี, หัวเราะอย่างชอบอกชอบใจ, เช่น บรรดาศิษย์เก่ามาร่วมสรวลสันหรรษาในงานชุมนุมศิษย์เก่าประจำปี."
สรวลเส 0,ก.,"หัวเราะร่าเริง, หัวเราะอย่างสนุกสนานครึกครื้น, เช่น เขาชอบหาเรื่องขำขันมาเล่า ทำให้เพื่อน ๆ ได้สรวลเสเฮฮาเสมอ, เสสรวล ก็ว่า."
สรวลเสเฮฮา 0,ก.,"หัวเราะร่าเริง, หัวเราะอย่างสนุกสนานครึกครื้น, เช่น เขาชอบหาเรื่องขำขันมาเล่า ทำให้เพื่อน ๆ ได้สรวลเสเฮฮาเสมอ, เสสรวล ก็ว่า."
สรสรก 0,ว.,"โซก, ซ่ก, โชก, เช่น แล้วมันก็เชือดเอาหัวใจนาง เลือดตกพลางสรสรก แล่นฉวยฉกหาไปบอยู่แล (ม. คำหลวง กุมาร)."
สรเสริญ 0,ก.,สรรเสริญ.
สรเหนาะ 0,ว.,"เสนาะ, ไพเราะ"
สรเหนาะ 1,ว.,"วังเวงใจ, เศร้าใจ, เช่น สรเหนาะนิราษน้อง ลงเรือ (โคลงกำสรวล), สระเหนาะน้ำคว่วงคว้วง ควิวแด (โคลงกำสรวล)."
สร้อย 0,น.,ขนคอสัตว์ เช่น สร้อยคอไก่ สร้อยคอสิงโต
สร้อย 1,น.,"เครื่องประดับที่ทำเป็นเส้น เช่น สร้อยคอ สร้อยข้อมือ, สายสร้อย ก็เรียก."
สร้อย 2,น.,"ชื่อปลานํ้าจืดหลายชนิดหลายสกุล ในวงศ์ Cyprinidae มีพฤติกรรมรวมกันเป็นฝูงในลำน้ำใหญ่ในฤดูนํ้า และว่ายทวนนํ้าขึ้นไปหากินหรือสืบพันธุ์ในแหล่งน้ำที่ไหลเอ่อนองหรือท่วมขังในตอนกลางและปลายฤดูน้ำหลาก ส่วนใหญ่ลำตัวสีขาวเงินและมีจุดคลํ้าหรือจุดดำบนเกล็ดจนเห็นเป็นเส้นสายหลายแถบพาดตามยาวอยู่ข้างตัว, กระสร้อย ก็เรียก."
สร้อย 3,น.,"คำหรือวลีที่ใช้ลงท้ายวรรค ท้ายบาท หรือท้ายบทร้อยกรอง เพื่อให้ครบตามจำนวน เพื่อความไพเราะของเสียงและความหมายหรือเพื่อแสดงว่าจบตอน เช่น นา เฮย ฤๅ บารนี แก่แม่นา โสตถิ์เทอญ, คำสร้อย ก็ว่า"
สร้อย 4,น.,"คำที่เติมหรือประกอบคำอื่นเพื่อให้ไพเราะหรือเต็มความ เช่น เสื้อแสง หนังสือหนังหา, คำต่อท้ายราชทินนาม เช่น พระราชปัญญาสุธี ศรีปริยัติธาดา มหาคณิสสร บวรสังฆาราม คามวาสี เจ้าพระยาอภัยราชาสยามานุกูลกิจ สกลนิติธรรมศาสตราจารย์ มหิบาลมหาสวามิภักดิ์ ปรมัคราชมนตรีอภัยพิริยปรากรมพาหุ."
สร้อย 5,น.,"ผู้หญิง, นาง, เช่น จำใจจำจากสร้อย (ตะเลงพ่าย)."
สร้อย 6,น.,ดอกไม้ เช่น สร้อยสลา.
สร้อย 7,ก.,โศก.
สร้อยทอง 0,น.,ชื่อไม้ล้มลุกชนิด Solidago polyglossa DC. ในวงศ์ Compositae ดอกสีเหลือง ออกเป็นช่อ.
สร้อยทะแย 0,น.,ชื่อเพลงไทย อัตรา ๒ ชั้น หน้าทับภาษา มี ๒ ท่อน ใช้ร้องในการเล่นสักวา
สร้อยทะแย 1,น.,ชื่อเพลงไทยประเภทเพลงเถา.
สร้อยทะแย 2,น.,ชื่อเพลงไทยทำนองหนึ่ง.
สร้อยนกเขา 0,น.,"ชื่อปลาน้ำจืดบางชนิดในสกุล Osteochilus และ Dangila วงศ์ Cyprinidae ที่มีจุดสีเข้มบนเกล็ด ทำให้เห็นเป็นแถวของจุดเรียงตามยาวอยู่ข้างตัวหลายแถว เหนือครีบอกหรือที่คอดหางมีแต้มหรือจุดสีดำใหญ่ โดยเฉพาะที่พบทั่วไปคือ ชนิด O. hasselti (Valenciennes) ที่ส่วนหลังมีสีเขียวหรือฟ้าเทา ด้านข้างสีนวลและท้องเป็นสีขาวเงิน และมีกลุ่มจุดสีแดงกระจายอยู่เหนือครีบอก ครีบต่าง ๆ ยกเว้นครีบอกมีสีแดงหรืออมแดง ในบางท้องที่ปลาชนิดนี้จะมีสีดังกล่าวจางมาก ขนาดยาวได้ถึง ๓๐ เซนติเมตร, ขี้ขม นกเขา ทองลิน หรือ ตูโบ ก็เรียก."
สร้อยนกเขา 1,น.,"ชื่อปลาทะเลในสกุล Diagramma และ Plectorhynchus วงศ์ Haemulidae โดยเฉพาะชนิดที่มีจุดสีเข้มกระจายหรือเรียงเป็นแถวอยู่ข้างตัว หรือบนหัวและครีบ ที่พบทั่วไป คือ ชนิด D. pictum (Thunberg) ที่ขณะเป็นปลาขนาดเล็กจะมีแถบกว้างสีดำหรือม่วงดำพาดตามยาวตลอดลำตัวและครีบรวม ๓-๔ แถบ ขณะโตขึ้นแถบเหล่านี้จะแตกออกกลายเป็นจุดใหญ่และเล็กลงตามลำดับ ปลาที่มีขนาดโตมีสีเทาและจุดเหล่านี้จะเล็กลงอีกจนอาจจางหายไปจากบริเวณหัวและท้องคงปรากฏอยู่เฉพาะบริเวณหลัง ครีบหลัง และครีบหางเท่านั้นขนาดยาวได้ถึง ๘๐ เซนติเมตร, สร้อยปากหมู ข้างตะเภา หรือ ตะเภา ก็เรียก."
สร้อยน้ำผึ้ง 0,น.,"ชื่อปลาน้ำจืดชนิด Gyrinocheilus aymonieri (Tirant) และชนิด G. pennocki (Fowler) ในวงศ์ Gyrinocheilidae ลำตัวทรงกระบอก คอดหางใหญ่ ครีบหางเว้าตื้น ปลายหัวมน งุ้ม ตาเล็กอยู่ค่อนไปทางด้านบน ที่สำคัญคือ มีรูน้ำเข้า ๑ รูอยู่เหนือแผ่นปิดเหงือก บริเวณจะงอยปากมีตุ่มเนื้อขนาดเล็ก ไม่มีหนวด พื้นลำตัวมีสีน้ำตาลคล้ำ ข้างตัวมีจุดสีดำเรียงสลับกันตามยาวอยู่ ๒ แถว จุดสีดำยังอาจพบบนครีบ อาศัยตามที่ลุ่มน้ำต้นฤดูน้ำ หรือตามลำธารบนภูเขา กินสาหร่ายและพืชน้ำอื่น ๆ ปรกติใช้ปากดูดเกาะห้อยตัวอยู่กับวัตถุใต้น้ำหรืออยู่ตามพื้นท้องน้ำ ขนาดยาวได้ถึง ๒๘ เซนติเมตร, สร้อยน้ำผึ้ง ปากใต้ ลูกผึ้ง ผึ้ง หรือ อีดูด ก็เรียก."
สร้อยปากหมู 0,น.,"ชื่อปลาทะเลในสกุล Diagramma และ Plectorhynchus วงศ์ Haemulidae โดยเฉพาะชนิดที่มีจุดสีเข้มกระจายหรือเรียงเป็นแถวอยู่ข้างตัว หรือบนหัวและครีบ ที่พบทั่วไป คือ ชนิด D. pictum (Thunberg) ที่ขณะเป็นปลาขนาดเล็กจะมีแถบกว้างสีดำหรือม่วงดำพาดตามยาวตลอดลำตัวและครีบรวม ๓-๔ แถบ ขณะโตขึ้นแถบเหล่านี้จะแตกออกกลายเป็นจุดใหญ่และเล็กลงตามลำดับ ปลาที่มีขนาดโตมีสีเทาและจุดเหล่านี้จะเล็กลงอีกจนอาจจางหายไปจากบริเวณหัวและท้องคงปรากฏอยู่เฉพาะบริเวณหลัง ครีบหลัง และครีบหางเท่านั้นขนาดยาวได้ถึง ๘๐ เซนติเมตร, สร้อยปากหมู ข้างตะเภา หรือ ตะเภา ก็เรียก."
สร้อยระย้า 0,น.,ชื่อตุ้มหูชนิดหนึ่งที่มีระย้าห้อยลงมา.
สร้อยระย้า 1,น.,ชื่อกล้วยไม้อิงอาศัยหลายชนิดในสกุล Otochilus วงศ์ Orchidaceae ดอกเล็ก สีขาว ออกเป็นช่อห้อยลง กลิ่นหอม.
สร้อยระย้า 2,น.,ชื่อไม้พุ่มอิงอาศัยชนิด Medinilla magnifica Lindl. ในวงศ์ Melastomataceae ใบรูปไข่เป็นมัน เส้นกลางใบสีขาวนวล ดอกสีชมพู ออกเป็นช่อห้อยลง.
สร้อยระย้า 3,น.,"ชื่อนกขนาดใหญ่ชนิด Anhinga melanogaster Pennant ในวงศ์ Anhingidae ปากยาวตรงสีเหลืองปลายแหลมมาก คอยาวโค้งคล้ายเคียว ขนลำตัวสีดำ ปีกและหลังมีลายเป็นริ้วสีขาว ตีนมีพังผืดแบบเป็ด สีดำ ดำน้ำจับปลาโดยใช้ปากแทง, งั่ว สร้อยระย้า หรือ สร้อยอีร้า ก็เรียก."
สร้อยเศร้า 0,ก.,เศร้าสร้อย.
สร้อยสน 0,น.,สร้อยที่ถักเป็นลายคดกริช
สร้อยสน 1,น.,ชื่อเพลงไทย อัตรา ๒ ชั้น หน้าทับปรบไก่
สร้อยสน 2,น.,ชื่อกลบทชนิดหนึ่ง.
สร้อยสนตัด 0,น.,ชื่อเพลงไทย อัตรา ๒ ชั้น หน้าทับปรบไก่ มีท่อนเดียว ๔ จังหวะ ใช้บรรเลงในการแสดง ไม่มีบทร้องเฉพาะ.
สร้อยอ่อน 0,น.,สร้อยขนาดเล็กตั้งแต่ ๒ สายขึ้นไปเรียงกัน มีหัวเป็นที่ร้อย.
สร้อยอินทนิล 0,น.,"ชื่อไม้เถาชนิด Thunbergia grandiflora (Roxb. ex Rottler) Roxb. ในวงศ์ Acanthaceae ดอกสีฟ้าอมม่วงหรือขาว ออกเป็นพวงห้อยระย้า, ช่ออินทนิล หรือ ม่านอินทนิล ก็เรียก."
สร้อยอีร้า 0,น.,"ชื่อนกขนาดใหญ่ชนิด Anhinga melanogaster Pennant ในวงศ์ Anhingidae ปากยาวตรงสีเหลืองปลายแหลมมาก คอยาวโค้งคล้ายเคียว ขนลำตัวสีดำ ปีกและหลังมีลายเป็นริ้วสีขาว ตีนมีพังผืดแบบเป็ด สีดำ ดำน้ำจับปลาโดยใช้ปากแทง, งั่ว สร้อยระย้า หรือ สร้อยอีร้า ก็เรียก."
สระ 0,น.,แอ่งนํ้าขนาดใหญ่ ซึ่งเป็นเองหรือคนขุด.
สระ 1,น.,"เสียงพูดที่เปล่งออกมาโดยอาศัยการเคลื่อนไหวของลิ้นและริมฝีปากเป็นสำคัญ แต่ไม่มีการสกัดกั้นจากอวัยวะส่วนใดส่วนหนึ่งในปาก เช่น เสียง อะ อา โดยทั่วไปจะออกเสียงสระร่วมกับเสียงพยัญชนะ หรือออกเสียงเฉพาะเสียงสระอย่างเดียวก็ได้, เสียงสระ ก็เรียก"
สระ 2,น.,"ตัวอักษรที่ใช้แทนเสียงสระ เช่น ะ า, รูปสระ ก็เรียก."
สระ 3,ก.,"ฟอกให้สะอาดหมดจด ในคำว่า สระหัว สระผม, ชำระล้างให้สะอาด เช่น สระหวี."
สระ 4,*ว.,คำที่แผลงมาจากคำที่ขึ้นต้นด้วยคำ สะ ซึ่งใช้ในบทกลอน เช่น สะท้อน เป็น สระท้อน.
สระ 5,น.,เสียง.
สระกอ 0,ว.,สะกอ.
สระคราญ 0,ว.,สะคราญ.
สระดะ 0,ว.,"ระดะไป, เกะกะไป, ดาษไป, แน่นไป."
สระท้อน 0,ว.,สะท้อน
สระท้อน 1,ว.,อ่อน.
สระพรั่ง 0,ว.,สะพรั่ง.
สระสม 0,ว.,สวย เช่น พิศดูคางสระสม (ลอ).
สระเหนาะ 0,ว.,"เสนาะ, ไพเราะ"
สระเหนาะ 1,ว.,"วังเวงใจ, เศร้าใจ, เช่น สรเหนาะนิราษน้อง ลงเรือ (โคลงกำสรวล), สระเหนาะน้ำคว่วงคว้วง ควิวแด (โคลงกำสรวล)."
สระอาด 0,ว.,สะอาด.
สระอื้น 0,ก.,สะอื้น.
สรั่ง 0,น.,หัวหน้ากะลาสี.
สรัสวดี 0,น.,"เทวีองค์หนึ่งในลัทธิศักติของศาสนาฮินดู เป็นชายาของพระพรหม ถือว่าเป็นเทวีแห่งศิลปวิทยา มีหลายชื่อ เช่น ภารตี พราหมี สารทา, ไทยใช้ว่า สุรัสวดี ก็มี."
สร่าง 0,ก.,"คลาย, ถอย, ทุเลา, (ใช้แก่ลักษณะความเป็นไปของร่างกายหรืออารมณ์ที่ผิดปรกติจากธรรมดา), เช่น สร่างไข้ สร่างโศก ไข้ยังไม่สร่าง สร่างเมา เมาไม่สร่าง."
สร้าง 0,ก.,"เนรมิต, บันดาลให้มีให้เป็นขึ้นด้วยฤทธิ์อำนาจ, เช่น พระพรหมสร้างโลก, ทำให้มีให้เป็นขึ้นด้วยวิธีต่าง ๆ กัน (ใช้ทั้งทางรูปธรรมและนามธรรม) เช่น สร้างบ้าน สร้างเมือง สร้างศัตรู สร้างชื่อเสียง."
สร้าง 1,น.,"สิ่งปลูกสร้างชั่วคราวขนาดย่อม ยกพื้น และดาดหลังคา สำหรับพระสงฆ์นั่งสวดพระอภิธรรมในงานออกพระเมรุ ตั้งอยู่ ๔ มุมพระเมรุ, ส้าง ซ่าง คดซ่าง คดสร้าง สำซ่าง หรือ สำสร้าง ก็เรียก."
สร้างชาติ 0,ก.,ทำให้ชาติมีความเป็นปึกแผ่นมั่นคง.
สร้างฐานะ 0,ก.,ประกอบอาชีพจนมีทรัพย์สินเป็นหลักฐานมั่นคง.
สร้างเนื้อสร้างตัว 0,ก.,"สร้างฐานะให้ดีขึ้น, สร้างฐานะให้มั่นคง."
สร้างวิมานในอากาศ 0,ก.,"ใฝ่ฝันถึงความมั่งมี, คิดคาดหรือหวังจะมีหรือเป็นอะไรอย่างเลิศลอย."
สร้างสถานการณ์ 0,ก.,สร้างให้เป็นเรื่องเป็นข่าวขึ้นมาโดยไม่มีมูล เพื่อหวังประโยชน์อย่างใดอย่างหนึ่ง.
สร้างสรรค์ 0,ก.,สร้างให้มีให้เป็นขึ้น (มักใช้ทางนามธรรม) เช่น สร้างสรรค์ความสุขความเจริญให้แก่สังคม.
สร้างสรรค์ 1,ว.,มีลักษณะริเริ่มในทางดี เช่น ความคิดสร้างสรรค์ ศิลปะสร้างสรรค์.
สร้างเสริม 0,ก.,ทำให้เกิดมีขึ้นและเพิ่มพูนให้มากยิ่งขึ้น เช่น การศึกษาสร้างเสริมคนให้เป็นพลเมืองดี.
สราญ 0,ว.,สำราญ.
สร้าวเสียว 0,ก.,เร่ง
สร้าวเสียว 1,ก.,เตือนใจ.
สริตะ 0,น.,"แม่นํ้า, ลำธาร."
สรี้ 0,น.,"ชื่อไม้พุ่มรอเลื้อยชนิด Dalbergia parviflora Roxb. ในวงศ์ Leguminosae มีทางปักษ์ใต้ เนื้อไม้สีแดงคลํ้าคล้ายไม้ชิงชัน, ครี้ หรือ สรี้ ก็เรียก."
สรีร- 0,น.,ร่างกาย.
สรีรกิจ 0,น.,การทำกิจเกี่ยวกับร่างกาย เช่น ถ่ายอุจจาระ ปัสสาวะ
สรีรกิจ 1,น.,การปลงศพ.
สรีรธาตุ 0,น.,กระดูกของศพที่เผาแล้ว.
สรีรวิทยา 0,น.,วิชาว่าด้วยสมบัติและการกระทำหน้าที่ของอินทรีย์ต่าง ๆ ซึ่งเป็นส่วนของสิ่งที่เป็นรูปร่างและมีชีวิต.
สรีรศาสตร์ 0,น.,วิชาว่าด้วยสมบัติและการกระทำหน้าที่ของอินทรีย์ต่าง ๆ ซึ่งเป็นส่วนของสิ่งที่เป็นรูปร่างและมีชีวิต.
สรีระ 0,น.,ร่างกาย.
สรีรังคาร 0,น.,เถ้าถ่านที่ปะปนกับกระดูกชิ้นเล็กชิ้นน้อยของศพที่เผาแล้ว.
สรีรางคาร 0,น.,เถ้าถ่านที่ปะปนกับกระดูกชิ้นเล็กชิ้นน้อยของศพที่เผาแล้ว.
สรีสฤบ 0,น.,"สัตว์เลื้อยคลาน, งู."
สรุก 0,น.,เมือง.
สรุกเกรา 0,น.,บ้านนอก.
สรุง 0,น.,"อำนาจ, เดช."
สรุโนก 0,น.,นก.
สรุป 0,ก.,"ย่อเอาเฉพาะใจความสำคัญของเรื่องเป็นประเด็น ๆ ไป เช่น สรุปข่าว สรุปสถานการณ์, โบราณใช้ว่า สรวป ก็มี."
สรุป 1,น.,ประเด็นย่อ ๆ ของเรื่อง เช่น กล่าวโดยสรุป.
สรุสระ 0,ว.,"ขรุขระ, ไม่เรียบร้อย."
สรูป 0,ก.,"ย่อเอาเฉพาะใจความสำคัญของเรื่องเป็นประเด็น ๆ ไป เช่น สรุปข่าว สรุปสถานการณ์, โบราณใช้ว่า สรวป ก็มี."
สรูป 1,น.,ประเด็นย่อ ๆ ของเรื่อง เช่น กล่าวโดยสรุป.
สโรชะ 0,น.,"ดอกบัว, บัว."
สฤก 0,น.,บัวขาว.
สฤคาล 0,น.,หมาจิ้งจอก.
สฤต 0,ก.,"ผ่านไป, พ้นไป, ล่วงไป."
สฤษฎิ 0,น.,"การทำ, การสร้าง, ใช้ว่า สฤษดิ์ ก็มี."
สฤษฎี 0,น.,"การทำ, การสร้าง, ใช้ว่า สฤษดิ์ ก็มี."
สฤษฏ์ 0,น.,"การทำ, การสร้าง, ใช้ว่า สฤษดิ์ ก็มี."
สฤษดิ์ 0,น.,สฤษฏ์.
สลด 0,ก.,"สังเวชใจ, รู้สึกรันทดใจ"
สลด 1,ก.,"เผือด, ถอดสี, เช่น หน้าสลด"
สลด 2,ก.,"เฉา, เหี่ยว, (ใช้แก่ใบไม้ดอกไม้ซึ่งขาดนํ้าเลี้ยงหรือถูกความร้อน) เช่น ต้นไม้ถูกความร้อนมาก ๆ ใบสลด."
สลดใจ 0,ก.,"รู้สึกเศร้าใจแกมสังเวช, รู้สึกหดหู่ใจ, เช่น ข่าวแผ่นดินไหวคนตายเป็นหมื่น ๆ ฟังแล้วสลดใจ เห็นสุนัขถูกรถทับตาย รู้สึกสลดใจ."
สลบ 0,ก.,อาการที่หมดความรู้สึก เช่น ถูกตีหัวจนสลบ เป็นลมล้มสลบ.
สลบแดด 0,ก.,อาการที่ใบไม้ดอกไม้เหี่ยวหรือเฉาเมื่อถูกแดดหรือความร้อน.
สลบไสล 0,ก.,"อาการที่แน่นิ่งไม่ไหวติง, อาการที่หลับใหลจนไม่รู้สึกตัว, เช่น อดนอนมาหลายวัน วันนี้เลยนอนสลบไสล."
สลบเหมือด 0,ก.,สลบไสล.
สลวน 0,ก.,สาละวน.
สลวย 0,ว.,"ลักษณะของเส้นผมที่ละเอียด อ่อนนุ่ม ทิ้งตัว และมีปลายช้อยงอนงาม เช่น ผมสลวยจัดทรงง่าย, ลักษณะชายผ้าที่ทิ้งตัวห้อยลง เช่น ผ้าม่านทิ้งชายห้อยสลวย."
สลอด 0,น.,ชื่อไม้พุ่มชนิด Croton tigliumL. ในวงศ์ Euphorbiaceae เมล็ดเป็นพิษ.
สลอน 0,ว.,เห็นเด่นสะพรั่ง เช่น นั่งหน้าสลอน ยกมือสลอน.
สลอย 0,ว.,งาม.
สละ 0,น.,ขนเม่น.
สละ 1,น.,"ชื่อปาล์มชนิด Salacca zalacca (Gaertn.) Voss ในวงศ์ Palmae ขึ้นเป็นกอคล้ายระกำ ผลสีคลํ้า ไม่มีหนาม เนื้อสีขาวหนาล่อน รสหวาน, สละชวา ก็เรียก. (เทียบ ม. salak)"
สละ 2,น.,ชื่อระกำพันธุ์หนึ่ง ส่วนมากผลมีเมล็ดเดียว.
สละ 3,น.,"ชื่อปลาทะเลชนิด Scomberoides commersonnianus Lacepède ในวงศ์ Carangidae ลำตัวแบนข้างและกว้างมาก ปากกว้าง ท้ายขากรรไกรบนยาวเลยแนวขอบหลังของตามาก เกล็ดเล็กยาวคล้ายเข็มหรือเสี้ยนฝังแน่นในหนัง บนเส้นข้างตัวไม่มีเกล็ดที่เป็นสันแข็ง ลำตัวสีเทา มีจุดดำใหญ่อยู่บนเส้นข้างตัว ๕-๘ จุด ตาเล็กอยู่ค่อนไปทางด้านสันหัว ขนาดยาวได้ถึง ๑.๕ เมตร, ฉละ ก็เรียก."
สละ 4,ก.,"บริจาค เช่น สละทรัพย์ช่วยการกุศล, เสียสละ ก็ใช้"
สละ 5,ก.,"ผละออก เช่น กัปตันสละเรือ, ละทิ้ง เช่น สละบ้านเรือนออกบวช, ละวาง, ปล่อยวาง, (สิ่งที่ยังต้องการจะรักษาไว้กับตนอยู่เพื่อเห็นแก่ความสุขความสงบเรียบร้อย หรือเพื่อพลีบูชาเป็นต้น), เช่น สละกิเลส."
สละชวา 0,น.,"ชื่อปาล์มชนิด Salacca zalacca (Gaertn.) Voss ในวงศ์ Palmae ขึ้นเป็นกอคล้ายระกำ ผลสีคลํ้า ไม่มีหนาม เนื้อสีขาวหนาล่อน รสหวาน, สละชวา ก็เรียก. (เทียบ ม. salak)"
สละชีพเพื่อชาติ 0,ก.,ยอมเสียชีวิตเพื่อปกป้องประเทศชาติ.
สละราชสมบัติ 0,ก.,สละความเป็นพระมหากษัตริย์.
สละสลวย 0,ว.,ที่กล่าวหรือเรียบเรียงได้เนื้อถ้อยกระทงความ และมีสำนวนกลมกลืนไพเราะระรื่นหู (ใช้แก่ถ้อยคำสำนวน) เช่น บทความนี้มีสำนวนสละสลวย.
สลัก 0,ก.,สกัดกั้น เช่น สลักโจรไว้อย่าให้หนีไปได้.
สลัก 1,น.,เครื่องกั้นหรือกลอนประตูหน้าต่างเป็นต้นแบบเรือนไทยที่ลงไว้เพื่อไม่ให้เลื่อนหรือผลักเข้าไปได้ เช่น ลงสลักประตู.
สลัก 2,ก.,ทำให้เป็นลวดลายหรือรูปภาพด้วยวิธีใช้สิ่วสกัด ตัด ตอก ดุน เป็นต้น เช่น สลักไม้ สลักลูกนิมิต หรือใช้สิ่งอื่นขูด ขีด ให้เป็นตัวหนังสือเป็นต้น เช่น สลักชื่อบนหีบบุหรี่.
สลักเกลียว 0,น.,แท่งโลหะที่หัวมีลักษณะกลมหรือเหลี่ยม ตอนปลายมีเกลียวสำหรับใส่ขันยึดกับนอต. (ดู นอต ๒).
สลักเต้ 0,น.,ใบชา.
สลักเพชร 0,น.,ไม้หรือเหล็กสำหรับสอดขัดกลอนประตูหน้าต่างแบบเรือนไทยเพื่อไม่ให้เคลื่อนที่
สลักเพชร 1,น.,วิธีเข้าปากไม้แบบหนึ่ง บากปากไม้และเดือยเป็นรูปหางเหยี่ยว ใช้ลิ่มสอดเข้าไปที่หัวเดือยซึ่งบากไว้ เมื่อสอดเดือยเข้าไปในปากไม้แล้วตอกอัด ลิ่มจะดันให้ปลายเดือยขยายออกอัดแน่นกับปากไม้
สลักเพชร 2,น.,กล้ามเนื้อที่เกาะอยู่ระหว่างขอบกระดูกเชิงกรานตรงตะโพกกับหัวกระดูกต้นขาทำให้ขากางออกได้.
สลักสำคัญ 0,ว.,"สำคัญมาก, สำคัญยิ่ง, เช่น เรื่องนี้สลักสำคัญมาก ไม่เห็นสลักสำคัญอะไรเลย."
สลักเสลา 0,ก.,สลักให้เป็นลวดลายเรียบร้อยสวยงาม เช่น เสียเวลานั่งสลักเสลาผักครึ่งวันกว่าจะได้ลงมือทำกับข้าว สลักเสลาเสาหินเป็นลายเทพนม.
สลักหลัง 0,ก.,เขียนข้อความและลงลายมือชื่อที่ด้านหลังตราสาร เพื่อโอนไปซึ่งบรรดาสิทธิอันเกิดแต่ตราสารนั้น เช่น สลักหลังตั๋วแลกเงิน
สลักหลัง 1,ก.,เขียนลงข้างหลังเอกสารเป็นต้น เช่น สลักหลังเช็ค สลักหลังรูปให้ไว้เป็นที่ระลึก.
สลักหลังลอย 0,ก.,เขียนข้อความและลงลายมือชื่อที่ด้านหลังตั๋วแลกเงินหรือที่ใบประจำต่อ โดยมิได้ระบุชื่อผู้รับประโยชน์ไว้ด้วย หรือแม้เพียงลงลายมือชื่อที่ด้านหลังตั๋วแลกเงินหรือที่ใบประจำต่อ ก็ถือว่าเป็นการสลักหลังลอย.
สลัด 0,น.,ชื่อยำชนิดหนึ่งตามแบบชาวตะวันตก ประกอบด้วยผักสดหลายชนิด เช่น ผักกาดหอม หอมหัวใหญ่ มะเขือเทศ แตงกวา เป็นหลัก และอาจมีเนื้อสัตว์หรือไข่ด้วย ราดด้วยน้ำปรุงรสที่เรียกว่า น้ำสลัด สลัดมีหลายชนิด เช่น สลัดผัก สลัดเนื้อสัน สลัดแขก.
สลัด 1,น.,โจรที่ปล้นเรือในทะเล เรียกว่า โจรสลัด.
สลัด 2,ก.,"ทำให้สิ่งใดสิ่งหนึ่งที่ติดอยู่ให้หลุดไปโดยวิธีสะบัด ซัด หรือกระพือ เป็นต้น เช่น สลัดรองเท้าให้หลุดจากเท้า เม่นสลัดขน เขาสลัดมีดสั้นไปที่คู่ต่อสู้, โดยปริยายหมายถึงอาการที่คล้ายคลึงเช่นนั้น เช่น สลัดรัก สลัดไมตรี."
สลัดได 0,น.,ชื่อไม้พุ่มหลายชนิดในสกุล Euphorbia วงศ์ Euphorbiaceae ต้นเป็นเหลี่ยม มีหนาม ไม่มีใบ เช่น สลัดไดเขา (E. laceiCraib) สลัดไดป่า (E. antiquorum L.) ส่วนที่ใช้ทำยาได้เรียก กระลำพัก.
สลัดได 1,น.,"เครื่องประดับยอดปรางค์ ทำเป็นรูปหอก มีกิ่งเป็นรูปดาบแตกสาขาออกไป ๔ ทิศ, แง่งขิง นพศูล นภศูล ฝักเพกา หรือ ลำภุขัน ก็เรียก."
สลัดผลไม้ 0,น.,ชื่ออาหารชนิดหนึ่งตามแบบตะวันตก ทำด้วยผลไม้หลายชนิด หั่นเป็นชิ้นเล็ก ๆ ราดด้วยน้ำเชื่อมหรือครีม หรือใช้โรยหน้าไอศกรีม.
สลัดอากาศ 0,น.,โจรที่จี้หรือปล้นเครื่องบินในอากาศ.
สลับ 0,ว.,คั่นเป็นลำดับ เช่น เขียวสลับแดง ผู้หญิงผู้ชายนั่งสลับกัน สร้อยทับทิมสลับเพชร
สลับ 1,ว.,สับเปลี่ยน เช่น สลับคู่.
สลับฉาก 0,น.,เรียกการแสดงสั้น ๆ ที่คั่นระหว่างการแสดงละครแต่ละฉากเพื่อให้มีเวลาสำหรับเปลี่ยนฉากละคร ว่า การแสดงสลับฉาก.
สลับฟันปลา 0,ว.,สับหว่างสลับเยื้องกันอย่างฟันปลา เช่น นั่งสลับฟันปลา ยืนสลับฟันปลา.
สลับเรือน 0,ก.,อาการที่ดาวพระเคราะห์สับเปลี่ยนเรือนเกษตรกันในดวงชะตาบุคคล เช่นเจ้าเรือนเกษตรพุธราศีกันย์มาครองเรือนเกษตรศุกร์ราศีตุลย์ และเจ้าเรือนเกษตรศุกร์ราศีตุลย์ไปครองเรือนเกษตรพุธราศีกันย์.
สลับสล้าง 0,ว.,เรียกลักษณะต้นไม้ที่ขึ้นเป็นดง มองจากที่สูงแลเห็นยอดสูง ๆ ต่ำ ๆ เช่น ขึ้นไปบนยอดเขา เห็นต้นไม้ขึ้นสลับสล้างเต็มไปหมด.
สลัว 0,ว.,"ไม่แจ่ม, ไม่กระจ่าง, เช่น ในห้องมีแสงสลัวมองเห็นได้ราง ๆ ใกล้ค่ำมีแสงสลัว ๆ."
สลัว ๆ 0,ว.,"ไม่แจ่ม, ไม่กระจ่าง, เช่น ในห้องมีแสงสลัวมองเห็นได้ราง ๆ ใกล้ค่ำมีแสงสลัว ๆ."
สลา 0,น.,หมาก.
สลาก 0,น.,สิ่งเช่นติ้ว ตั๋ว หรือแผ่นกระดาษเล็ก ๆ เป็นต้น ซึ่งทำเป็นเครื่องหมายกำหนดไว้เนื่องในการเสี่ยงโชคเสี่ยงทายเป็นต้น เช่น สลากภัต
สลาก 1,น.,"ป้ายบอกชื่อยา ใช้ปิดขวดยารักษาโรค เรียกว่า สลากยา, ฉลาก ก็ว่า."
สลาก 2,น.,"ชื่อปลานํ้าจืดในสกุล Trichogaster วงศ์ Belontiidae เช่นเดียวกับปลาสลิดแต่มีขนาดเล็กกว่า ครีบท้องยาวยื่นเป็นเส้น มี ๓ ชนิด คือ กระดี่หม้อ [ T. trichopterus (Pallas)] ข้างตัวมีลายหลายเส้นพาดขวาง มีจุดดำที่กลางลำตัวและคอดหางแห่งละ ๑ จุด ขนาดยาวได้ถึง ๑๕ เซนติเมตร, สลาก หรือ สลาง ก็เรียก, กระดี่นาง [ T. microlepis (Günther)] สีขาวนวล และ กระดี่นางฟ้าหรือกระดี่มุก [ T. leeri (Bleeker)] พบเลี้ยงกันเป็นปลาสวยงาม, บางท้องถิ่นในแถบอีสานเรียก กระเดิด."
สลากกินแบ่ง 0,น.,"สลากที่จัดให้มีขึ้นเพื่อขายให้แก่ผู้เล่นเป็นการเสี่ยงโชค โดยมีการให้รางวัลที่แบ่งเป็นหลายรางวัลแก่ผู้เล่นซึ่งถือสลากเลขหมายรางวัลที่ออกตามวิธีการที่กำหนด, ลอตเตอรี่ หวย หรือ หวยเบอร์ ก็เรียก."
สลากกินรวบ 0,น.,"การพนันเสี่ยงโชคอย่างหนึ่งที่ผิดกฎหมาย เจ้ามือรับแทงตัวเลขซึ่งใช้ตัวเลขท้ายของรางวัลที่หนึ่งหรือรางวัลเลขท้ายสองตัว สามตัว ของสลากกินแบ่งรัฐบาลเป็นตัวเลขถูกรางวัล ถ้าผู้เล่นแทงถูก เจ้ามือจ่ายเงินให้ตามอัตราที่กำหนดไว้ เช่น เขาถูกสลากกินรวบกินจนหมดตัว, ภาษาปากว่า กินรวบ หวยใต้ดิน หรือหวยเถื่อน, สลากชนิดที่จำหน่ายแก่ผู้ถือเพื่อรับสิ่งของเป็นรางวัลในการเสี่ยงโชคโดยผู้จำหน่ายรวบเงินค่าสลากไว้ทั้งหมด."
สลากภัต 0,น.,อาหารแห้งหรือผลไม้ถวายพระโดยวิธีจับฉลาก เช่น สลากภัตข้าวสาร สลากภัตทุเรียน.
สลาง 0,น.,"ชื่อปลานํ้าจืดในสกุล Trichogaster วงศ์ Belontiidae เช่นเดียวกับปลาสลิดแต่มีขนาดเล็กกว่า ครีบท้องยาวยื่นเป็นเส้น มี ๓ ชนิด คือ กระดี่หม้อ [ T. trichopterus (Pallas)] ข้างตัวมีลายหลายเส้นพาดขวาง มีจุดดำที่กลางลำตัวและคอดหางแห่งละ ๑ จุด ขนาดยาวได้ถึง ๑๕ เซนติเมตร, สลาก หรือ สลาง ก็เรียก, กระดี่นาง [ T. microlepis (Günther)] สีขาวนวล และ กระดี่นางฟ้าหรือกระดี่มุก [ T. leeri (Bleeker)] พบเลี้ยงกันเป็นปลาสวยงาม, บางท้องถิ่นในแถบอีสานเรียก กระเดิด."
สล้าง 0,ว.,ที่ตั้งอยู่สูงเด่นเป็นหมู่เป็นพวก เช่น ต้นสักสูงสล้าง.
สลาด 0,น.,"ชื่อปลานํ้าจืดชนิด Notopterus notopterus (Pallas) ในวงศ์ Notopteridae รูปร่างคล้ายปลากราย หัวและลำตัวแบนข้างมาก ท้องเป็นสันคม ปากตํ่า สันหัวแอ่นลงเล็กน้อย ครีบหลังเด่นแต่มีขนาดเล็กเท่า ๆ กันกับครีบอก ครีบท้องเล็กมาก ครีบก้นยาวต่อเนื่องกับครีบหางซึ่งเล็กและมีขอบกลม พื้นลำตัวสีขาว หลังเทา ไม่มีจุดสีเด่นหรือลวดลายสีเข้มใด ๆ ขนาดยาวได้ถึง ๓๕ เซนติเมตร ใช้ทำอาหารประเภททอดมัน ปลาเห็ด หรือลูกชิ้นได้รสชาติดี, ฉลาด หรือ ตอง ก็เรียก."
สลาตัน 0,น.,"เรียกลมที่พัดจากทิศตะวันตกเฉียงใต้ไปทางทิศตะวันออกเฉียงเหนือในปลายฤดูฝน ว่า ลมสลาตัน, เรียกลมพายุที่มีกำลังแรงจัดทุกชนิด เช่น ไต้ฝุ่น ไซโคลน ว่า ลมสลาตัน, โดยปริยายใช้เป็นความเปรียบเทียบหมายถึงอาการที่ไป มา หรือเกิดขึ้นรวดเร็วอย่างลมสลาตัน เช่น เวลาเขาโกรธอย่างกับลมสลาตัน."
สลาบ 0,น.,ปีกของนก
สลาบ 1,น.,ขน.
สลาย 0,ก.,"สูญสิ้นไป เช่น ฝันสลาย เมื่อพระอาทิตย์ขึ้น หมอกก็สลายไป, ทำให้สูญสิ้นไป เช่น ใช้ยาสมุนไพรสลายพิษงู, ฉลาย ก็ว่า."
สลายตัว 0,ก.,เปลี่ยนสภาพ เช่น ยาบางชนิดสลายตัวในน้ำ
สลายตัว 1,ก.,อาการที่ฝูงชนซึ่งรวมตัวกันเพื่อประท้วงเป็นต้นแล้วต่อมาได้แยกย้ายกันไป เช่น กลุ่มชนที่มาประท้วงได้สลายตัวไปหมดแล้ว.
สลาเหิน 0,น.,หมากที่ถือกันว่าเมื่อเสกแล้วเป็นตัวแมลงภู่ ทำให้ผู้กินแล้วลุ่มหลงรัก.
สลิด 0,น.,"ชื่อไม้เถาชนิด Telosma minor Craib Regan ในวงศ์ Belontiidae ใบมนป้อม ผลเรียวยาว ดอกสีเขียวอมเหลือง กลิ่นหอม กินได้, ขจร ก็เรียก."
สลิด 1,น.,"ชื่อปลานํ้าจืดชนิด Trichogaster pectoralis Regan ในวงศ์ Belontiidae รูปร่างคล้ายปลากระดี่ซึ่งอยู่ในสกุลเดียวกัน มีเกล็ดเล็กและไม่มีจุดดำข้างตัว แต่มีลายสีคลํ้าหลายแนวพาดเฉียงตลอดข้างลำตัว และมีขนาดโต กว่าถึง ๒๐ เซนติเมตร พบตามแหล่งนํ้าตื้นและนิ่งที่มีพืชน้ำ เช่น หนอง คลอง บึง ทั่วไป ทำรังเป็นหวอดที่ผิวนํ้า นำมาเลี้ยงและทำเป็นปลาตากแห้งได้คุณภาพดี, คำสุภาพเรียกว่า ปลาใบไม้."
สลิล 0,น.,นํ้า.
สลึก 0,น.,ใบไม้.
สลึง 0,น.,"มาตราเงินตามวิธีประเพณี ๒๕ สตางค์ เท่ากับ ๑ สลึง, เขียนตามวิธีโบราณดังนี้ C1327หมายความว่า ๒ สลึง"
สลึง 1,น.,ชื่อมาตราชั่งตามวิธีประเพณี สําหรับกําหนดนํ้าหนักเท่ากับเงินหนัก ๑ ใน ๔ บาท หรือ ๓.๗๕ กรัม.
สลุต 0,ก.,คำนับ เช่น ยิงสลุต.
สลุบ 0,น.,เรือใบเดินทะเลชนิดหนึ่งแบบชาวตะวันตก.
สลุมพร 0,น.,"ปลาเนื้ออ่อน, บางทีเขียนเป็น สลุมพอน ก็มี เช่น ไอ้บ้าปลาสลุมพอน ผักพร้าเบี้ยแลหนวดพราม (ประพาสธารทองแดง)."
สแลง 0,น.,ถ้อยคำหรือสำนวนที่ใช้เข้าใจกันเฉพาะกลุ่มหรือชั่วระยะเวลาหนึ่ง ไม่ใช่ภาษาที่ยอมรับกันว่าถูกต้อง.
สว- 0,น.,ของตนเอง.
สวก 0,ว.,มีเนื้อไม่แน่นและไม่ซุย (ใช้แก่ลักษณะหัวเผือกหัวมันและผลไม้บางชนิด).
สวก 1,น.,สวิงขนาดเล็กชนิดหนึ่งสำหรับตักปลา.
สวกรรม 0,น.,งานส่วนตัว.
สวการย์ 0,น.,หน้าที่หรือธุระของตนเอง.
ส้วง 0,น.,"ช่อง, โพรง, (โดยมากมักใช้แก่ทวารหนัก)."
สวด 0,ก.,ว่าเป็นทำนองอย่างพระสวดมนต์ เช่น สวดสังคหะ สวดพระอภิธรรม
สวด 1,ก.,"นินทาว่าร้าย, ดุด่า, ว่ากล่าว, เช่น ถูกแม่สวด."
ส่วน 0,น.,สิ่งที่แบ่งจากสิ่งรวม เช่น เงินส่วนนี้จะเอาไว้ทำบุญ
ส่วน 1,น.,การเข้าร่วม เช่น เรื่องนี้ขอมีส่วนด้วย
ส่วน 2,น.,"แผนกย่อย, ฝ่าย, เช่น งานกองนี้แบ่งออกเป็นหลายส่วน, ตอน, ท่อน, เช่น เรื่องนี้แบ่งออกเป็น ๕ ส่วน"
ส่วน 3,น.,ขนาดที่พอเหมาะพอดี เช่น ได้ส่วน สมส่วน ผิดส่วน
ส่วน 4,น.,ด้าน เช่น ส่วนกว้าง ส่วนยาว ส่วนหนา
ส่วน 5,น.,จำนวนที่อยู่ข้างล่างของเศษในเลขเศษส่วน.
ส่วน 6,สัน.,"ฝ่าย, ข้าง, เช่น พอสอบเสร็จเพื่อน ๆ ก็ไปเที่ยวภูเก็ต ส่วนฉันไปเชียงใหม่."
สวน 0,น.,"บริเวณที่ปลูกต้นไม้เป็นจำนวนมาก เช่น สวนทุเรียน สวนยาง สวนกุหลาบ สวนผัก, โดยปริยายหมายถึงสถานที่ซึ่งมีลักษณะเช่นนั้นในบางกรณี เช่น สวนสัตว์ สวนงู."
สวน 1,ก.,อาการที่เคลื่อนไปตรงข้ามในเส้นทางเดียวกัน เช่น เดินสวนกัน มีรถสวนมา
สวน 2,ก.,เทียบสอบขนาดหรือปริมาณเครื่องตวง เช่น สวนสัด สวนทะนาน
สวน 3,ก.,"เอาสายสวนใส่ทางช่องปัสสาวะให้เข้าไปในกระเพาะปัสสาวะเพื่อให้ปัสสาวะออก, เอาลูกสวนใส่ทวารหนักแล้วบีบนํ้ายาหรือนํ้าสบู่ให้เข้าไปในลำไส้ใหญ่เพื่อกระตุ้นให้ลำไส้ใหญ่บีบตัวให้อุจจาระออก."
สวน 4,ก.,"เย็บแบบด้วยดอกไม้หรือใบไม้ให้เป็นแถบยาว เพื่อใช้ตกแต่งประดับโครงประทุนคลุมผ้าไตรเป็นต้น, เซ็น ก็ว่า."
สวน- 0,น.,การฟัง.
ส่วนกลาง 0,น.,"ส่วนเมืองหลวง, ศูนย์กลาง."
ส่วนเกิน 0,น.,ส่วนที่นอกเหนือไปจากที่กำหนด เช่น ได้รับบัตรเชิญไปงาน ๒ คน แต่ไป ๓ คน คนที่ ๓ เป็นส่วนเกิน.
สวนครัว 0,น.,บริเวณที่ปลูกพืชผักที่ใช้เป็นอาหารในครัวเรือน เช่น พริก มะเขือ ข่า ตะไคร้ โหระพา.
ส่วนควบ 0,น.,ส่วนของทรัพย์ซึ่งโดยสภาพแห่งทรัพย์หรือโดยจารีตประเพณีแห่งท้องถิ่นเป็นสาระสำคัญในความเป็นอยู่ของทรัพย์นั้น และไม่อาจแยกจากกันได้นอกจากจะทำลาย ทำให้บุบสลาย หรือทำให้ทรัพย์นั้นเปลี่ยนแปลงรูปทรงหรือสภาพไป.
สวนควัน 0,ว.,อาการที่ย้อนตอบทันที เช่น พูดสวนควัน ยิงสวนควัน เตะสวนควัน.
สวนความ 0,ก.,สอบเปรียบเทียบข้อความ.
สวนคำ 0,ว.,อาการที่พูดย้อนตอบทันที เช่น พอเขาว่ามา ฉันก็ว่าสวนคำไป.
สวนญี่ปุ่น 0,น.,สวนที่จัดตามแบบญี่ปุ่น มีสิ่งประดับที่สำคัญคือ ไม้ดอก ไม้ใบ สะพาน โคม เป็นต้น.
ส่วนได้ส่วนเสีย 0,น.,"ประโยชน์ที่ควรได้ควรเสียซึ่งมีอยู่ในส่วนรวม, การได้การเสียร่วมกับคนอื่น, เช่น เขาไม่สนใจงานนี้เพราะไม่มีส่วนได้ส่วนเสียด้วย."
ส่วนตัว 0,ว.,"เฉพาะตัว, เฉพาะบุคคล, เช่น เรื่องส่วนตัว ของใช้ส่วนตัว."
ส่วนท้องถิ่น 0,น.,เขตเทศบาล.
สวนแทง 0,ก.,แทงตอบทันที.
ส่วนบุญ 0,น.,ส่วนที่เป็นบุญกุศล เช่น แผ่ส่วนบุญ เปรตขอส่วนบุญ.
ส่วนแบ่ง 0,น.,ส่วนย่อยที่แยกออกจากส่วนใหญ่ เช่น เขาได้ส่วนแบ่งมรดก ๓ ใน ๑๐ ส่วน.
ส่วนประกอบ 0,น.,"สิ่งต่าง ๆ ที่ใช้ประกอบเป็นสิ่งใหญ่, ส่วนของสิ่งต่าง ๆ ที่เป็นเครื่องประกอบทำให้เกิดเป็นรูปขึ้นใหม่โดยเฉพาะ, องค์ประกอบ ก็เรียก."
สวนป่า 0,น.,บริเวณที่ปลูกพรรณไม้ทดแทนป่าที่ถูกทำลาย มักเป็นไม้ที่มีค่าทางเศรษฐกิจ อาจปลูกไม้ชนิดเดียวหรือหลายชนิดรวมกันก็ได้ เพื่อใช้ไม้ทำเครื่องเรือน เยื่อกระดาษ หรืออนุรักษ์พรรณไม้ เป็นต้น เช่น สวนป่าสัก สวนป่าไม้ยาง. (อ. forest plantation)
สวนป่า 1,น.,สวนไม้ใบที่ปลูกไว้ในบริเวณบ้าน มักเป็นพรรณไม้ที่มีค่า เช่น เฟิน ว่าน.
สวนปากสวนคำ 0,ก.,สอบปากคำยันกันดู.
ส่วนผสม 0,น.,สิ่งต่าง ๆ ที่ผสมกันให้เกิดเป็นสิ่งรวม เช่น ส่วนผสมของอาหาร ส่วนผสมของยา ส่วนผสมของปูนซีเมนต์.
ส่วนพระองค์ 0,ว.,ส่วนตัว (ใช้แก่เจ้านาย) เช่น หนังสือส่วนพระองค์.
สวนพฤกษศาสตร์ 0,น.,บริเวณที่ปลูกพรรณไม้มากชนิดทั้งในและต่างประเทศ รวบรวมไว้เป็นหมวดหมู่ มักเขียนป้ายบอกชื่อสามัญและชื่อวิทยาศาสตร์ไว้ด้วย เพื่อประโยชน์แก่การศึกษาและพักผ่อนหย่อนใจเป็นต้น เช่น สวนพฤกษศาสตร์สมเด็จพระนางเจ้าสิริกิติ์ จังหวัดเชียงใหม่ สวนพฤกษศาสตร์พุแค จังหวัดสระบุรี.
ส่วนภูมิภาค 0,น.,ส่วนหัวเมือง.
ส่วนรวม 0,น.,"หมู่คณะ เช่น เห็นแก่ส่วนรวม ทำเพื่อส่วนรวม, ส่วนที่ใช้ร่วมกัน เช่น ห้องน้ำส่วนรวม ของใช้ส่วนรวม."
ส่วนร่วม 0,น.,ส่วนได้ส่วนเสียในกิจกรรมร่วมกับผู้อื่น เช่น มีส่วนร่วมในการบำเพ็ญกุศล มีส่วนร่วมในการทุจริต มีส่วนร่วมในการลงทุนบริษัท.
ส่วนราชการ 0,น.,หน่วยงานของรัฐที่มีกฎหมายจัดตั้งขึ้นและกำหนดให้เป็นส่วนราชการเพื่อประโยชน์ในการบริหารราชการส่วนกลาง ราชการส่วนภูมิภาค และราชการส่วนท้องถิ่น.
สวนรุกขชาติ 0,น.,บริเวณที่ปลูกพรรณไม้นานาชนิด โดยเฉพาะไม้ยืนต้นที่มีค่าทางเศรษฐกิจและไม้ดอกซึ่งมีอยู่ในท้องถิ่น มักเขียนป้ายบอกชื่อสามัญและชื่อวิทยาศาสตร์ไว้ด้วย เพื่อพักผ่อนหย่อนใจ เช่น สวนรุกขชาติห้วยแก้ว จังหวัดเชียงใหม่.
ส่วนลด 0,น.,ส่วนที่หักจากจำนวนเงินที่เก็บมาได้ หรือจากจำนวนที่ซื้อหรือที่ใช้ตามส่วนที่กำหนดไว้.
สวนสนาม 0,น.,พิธีชุมนุมพลกองทหารที่ลานกว้างเพื่อแสดงความสง่าผ่าเผย ความพร้อมเพรียง และอานุภาพของเครื่องอาวุธยุทโธปกรณ์ ให้เป็นเกียรติแก่ผู้เป็นประธานในพิธีซึ่งจะได้ตรวจดูแถวทหารที่ตั้งอยู่ คือ ตรวจพลและดูการเดินแถวของทหารเหล่านั้น.
สวนสนุก 0,น.,สถานที่ที่รวบรวมบรรดาสิ่งที่ทำให้เกิดความสนุกสนานเพลิดเพลินไว้บริการประชาชน.
สวนสมุนไพร 0,น.,บริเวณที่ปลูกพืชที่ใช้เป็นสมุนไพร.
ส่วนสัด 0,น.,ขนาดที่พอเหมาะพอดีตามเกณฑ์ที่กำหนดหรือที่นิยม เช่น ผู้หญิงคนนี้มีรูปร่างได้ส่วนสัด
ส่วนสัด 1,น.,ส่วนที่กำหนดขึ้นให้มีความสัมพันธ์กันเพื่อให้เกิดความพอดี.
ส่วนหน้า 0,น.,"เรียกเขตที่มีการรบ ว่า พื้นที่ส่วนหน้า, เรียกส่วนราชการที่แยกออกไปเพื่ออำนวยความสะดวกในการควบคุมบังคับบัญชาในการปฏิบัติหน้าที่หรือปฏิบัติงานพิเศษ เช่น เรียกกองบัญชาการทหารสูงสุด ว่า กองบัญชาการทหารสูงสุดส่วนหน้า."
สวนหย่อม 0,น.,สวนไม้ประดับขนาดเล็ก จัดในเนื้อที่จำกัด.
ส่วนหลัง 0,น.,เรียกเขตของกองทหารที่มีหน้าที่เกี่ยวกับการส่งกำลังบำรุงว่า พื้นที่ส่วนหลัง.
ส่วนองค์ 0,ว.,ส่วนตัว (ใช้แก่หม่อมเจ้า) เช่น ของใช้ส่วนองค์.
สวนะ 0,น.,การฟัง.
สวนะ 1,น.,การไหลไป.
สวนาการ 0,น.,อาการฟัง.
สวนานุตริยะ 0,น.,การฟังอันประเสริฐยิ่ง เช่น การฟังธรรมจากพระโอษฐ์ของพระพุทธเจ้าเป็นสวนานุตริยะ.
สวนิต 0,ก.,"ยิน, ฟัง."
สวนีย- 0,น.,"คำที่น่าฟัง, คำไพเราะ."
สวบ 0,ว.,เสียงดังอย่างเสียงกรับพวง
สวบ 1,ว.,"เสียงคนหรือสัตว์ยํ่าไปบนใบไม้หรือสิ่งที่ทำให้เกิดเสียงเช่นนั้น เช่น เสียงเดินบุกป่าดังสวบ ๆ, สวบสาบ ก็ว่า"
สวบ 2,ว.,อาการที่ก้มหน้าก้มตากินเอา ๆ ด้วยความหิวโหยหรือตะกละตะกลาม
สวบ 3,ว.,อาการที่ก้าวเดินจ้ำเอา ๆ.
สวบ ๆ 0,ว.,เสียงดังอย่างเสียงกรับพวง
สวบ ๆ 1,ว.,"เสียงคนหรือสัตว์ยํ่าไปบนใบไม้หรือสิ่งที่ทำให้เกิดเสียงเช่นนั้น เช่น เสียงเดินบุกป่าดังสวบ ๆ, สวบสาบ ก็ว่า"
สวบ ๆ 2,ว.,อาการที่ก้มหน้าก้มตากินเอา ๆ ด้วยความหิวโหยหรือตะกละตะกลาม
สวบ ๆ 3,ว.,อาการที่ก้าวเดินจ้ำเอา ๆ.
สวภาพ 0,น.,"สภาพ, ความเป็นอยู่ของตนเอง."
สวม 0,ก.,"กิริยาที่เอาของที่เป็นโพรงเป็นวงเป็นต้นครอบลงบนอีกสิ่งหนึ่ง เช่น สวมชฎา สวมหมวก เกี้ยวสวมจุก, คล้อง เช่น สวมพวงมาลัย, นุ่ง ในคำว่า สวมกางเกง, ใส่ เช่น สวมเสื้อ สวมรองเท้า"
สวม 1,ก.,เข้าแทนที่ เช่น สวมตำแหน่ง.
ส้วม 0,น.,สถานที่ที่สร้างไว้สำหรับถ่ายอุจจาระปัสสาวะโดยเฉพาะ มักทำเป็นห้อง.
ส้วม 1,น.,ห้องนอน.
ส้วม 2,ก.,"เอามือทั้ง ๒ ข้างโอบรัดเข้าไว้ในวงแขน เรียกว่า ส้วมกอด, สวมกอด ก็ว่า."
สวมกอด 0,ก.,"เอามือทั้ง ๒ ข้างโอบรัดเข้าไว้ในวงแขน เช่น แม่สวมกอดลูก, ส้วมกอด ก็ว่า."
สวมเขา 0,ก.,ทำความอัปยศให้แก่สามีด้วยการมีชู้โดยที่สามีไม่รู้ระแคะระคาย.
ส้วมชักโครก 0,น.,ส้วมแบบส้วมซึมชนิดหนึ่ง ต่างกันตรงที่เมื่อถ่ายแล้วใช้กดหรือชักให้น้ำที่อยู่ในถังด้านหลังหรือข้างบนหัวส้วมไหลชำระสิ่งที่ถ่ายแทนการราดน้ำ.
ส้วมซึม 0,น.,ส้วมที่ตั้งถังซีเมนต์ซ้อนกันลงไปในดินหลาย ๆ ถัง มีหัวส้วมสำหรับนั่งถ่ายอยู่เหนือถังบนสุด เมื่อถ่ายแล้วต้องราดน้ำเพื่อชำระสิ่งที่ถ่ายให้ลงสู่ถังส้วมแล้วซึมหายไปในดิน.
สวมบท 0,ก.,แสดงบทบาท เช่น สวมบทพระเอก สวมบทบาทผู้ร้าย
สวมบท 1,ก.,แสดงออกในลักษณะที่ไม่ตรงกับความเป็นจริง เช่น คนใจบาปสวมบทนักบุญ.
สวมบทบาท 0,ก.,แสดงบทบาท เช่น สวมบทพระเอก สวมบทบาทผู้ร้าย
สวมบทบาท 1,ก.,แสดงออกในลักษณะที่ไม่ตรงกับความเป็นจริง เช่น คนใจบาปสวมบทนักบุญ.
สวมรอย 0,ก.,เข้าแทนที่คนอื่นโดยทำเป็นทีให้เข้าใจว่าตนเองเป็นตัวจริง เช่น ผู้ร้ายสวมรอยเจ้าของบ้านเข้าไปขโมยของ.
สวมวิญญาณ 0,ก.,เอาวิญญาณของผู้อื่นหรือสัตว์อื่นเป็นต้นมาสวมใส่ในจิตใจของตน เช่น สวมวิญญาณนักรบ สวมวิญญาณสัตว์ป่า.
สวมหน้ากาก 0,ก.,"แสดงทีท่าหรือกิริยาอาการที่มิได้เกิดจากนิสัยใจจริง, แสดงกิริยาท่าทีลวงให้เข้าใจผิด, เช่น ต่างคนต่างสวมหน้ากากเข้าหากัน, ใส่หน้ากาก ก็ว่า."
สวมหมวกหลายใบ 0,ก.,ดำรงตำแหน่งหลายตำแหน่งในเวลาเดียวกัน.
ส้วมหลุม 0,น.,ส้วมที่ขุดหลุมแล้วใช้ไม้กระดานหรือไม้ท่อนใหญ่ทอดพาดปากหลุมสำหรับนั่งถ่าย.
สวมหัวโขน 0,ก.,"เอาหัวโขนสวมศีรษะ, โดยปริยายหมายความว่า ดำรงตำแหน่งหน้าที่ใหญ่โตหรือมียศถาบรรดาศักดิ์แล้วมักลืมตัวชอบแสดงอำนาจ."
สวย 0,ว.,"งามน่าพึงพอใจ, มักใช้เข้าคู่กับคำ งาม เป็น สวยงาม, ในบทกลอนใช้ว่า ส้วย ก็มี"
สวย 1,ว.,ไม่เปียก (ใช้แก่ข้าวสุก) เช่น หุงข้าวสวยดี ไม่ดิบ ไม่แฉะ.
ส่วย 0,น.,รายได้แผ่นดินประเภทหนึ่ง เรียกเก็บเป็นสิ่งของหรือเงินตราแทนการเข้าเดือนหรือการรับราชการ
ส่วย 1,น.,สิ่งของพื้นเมืองที่เมืองหลวงเรียกเกณฑ์จากหัวเมืองเป็นประจำเพื่อใช้ประโยชน์ในราชการ
ส่วย 2,น.,บรรณาการจากประเทศราช.
ส้วย 0,ก.,"ชำแหละ, ผ่าล้าง."
ส่วย 3,น.,ชนชาติพูดภาษาตระกูลมอญ-เขมรพวกหนึ่ง อยู่ทางภาคอีสาน.
ส้วย 1,ว.,ลักษณะที่เป็นมุมแหลมออกไป.
สวยกราก 0,ว.,เรียกสิ่งที่หุงหรือนึ่งสวยมากเกินไป เช่น ข้าวสวยกราก ถั่วสวยกราก.
สวยแต่รูป จูบไม่หอม 0,ว.,มีรูปร่างงาม แต่มีความประพฤติ ท่าทีวาจา และกิริยามารยาทไม่ดี.
สวยม 0,ว.,ด้วยตัวเอง.
สวยมพร 0,น.,"สยมพร, สยัมพร หรือ สยุมพร ก็ใช้."
สวยมภู 0,น.,สยมภู.
ส้วยเสี้ยว 0,น.,ของที่มีมุม ๓ มุม เช่นใบเรือที่อยู่ตอนหัวเรือ.
สวรรค์ 0,น.,"โลกของเทวดา, เมืองฟ้า."
สวรรค- 0,น.,"โลกของเทวดา, เมืองฟ้า."
สวรรคต 0,ก.,"ไปสู่สวรรค์, ตาย, (ใช้แก่พระมหากษัตริย์ สมเด็จพระบรมราชินีนาถ สมเด็จพระบรมราชินี หรือผู้ที่ทรงพระกรุณาโปรดเกล้าโปรดกระหม่อมเป็นการเฉพาะ เช่น สมเด็จพระบรมโอรสาธิราช เจ้าฟ้ามหาวชิรุณหิศ สยามมกุฎราชกุมาร สมเด็จพระเจ้าบรมวงศ์เธอ กรมพระยาสุดารัตนราชประยูร)."
สวรรคต 1,ก.,"ไปสู่สวรรค์, ตาย, (ใช้แก่พระมหากษัตริย์ สมเด็จพระบรมราชินีนาถ สมเด็จพระบรม-ราชินี หรือผู้ที่ทรงพระกรุณาโปรดเกล้าโปรดกระหม่อมเป็นการเฉพาะ เช่น สมเด็จพระบรมโอรสาธิราช เจ้าฟ้ามหาวชิรุณหิศ สยามมกุฎราชกุมาร สมเด็จพระเจ้าบรม-วงศ์เธอ กรมพระยาสุดารัตนราชประยูร)."
สวรรค์ในอกนรกในใจ 0,น.,ความสุขที่เกิดจากการทำความดี หรือความทุกข์ที่เกิดจากการทำความชั่ว ย่อมอยู่ในใจของผู้ทำเอง.
สวรรคบดี 0,น.,เจ้าเมืองสวรรค์ คือ พระอินทร์.
สวรรค์อยู่ในอก นรกอยู่ในใจ 0,น.,ความสุขที่เกิดจากการทำความดี หรือความทุกข์ที่เกิดจากการทำความชั่ว ย่อมอยู่ในใจของผู้ทำเอง.
สวรรคาลัย 0,ก.,"ตาย (ใช้แก่เจ้านายชั้นสูง), (กลอน) ตาย."
สวรรยา 0,น.,สมบัติ.
สวระ 0,น.,เสียง.
สวราชย์ 0,น.,ความเป็นเอกราช
สวราชย์ 1,น.,การปกครองด้วยตนเอง.
สวะ 0,น.,ต้นหญ้า ต้นผัก หรือสิ่งต่าง ๆ ที่ลอยเป็นแพอยู่ในนํ้า.
สวะ 1,ว.,"เลว, ไร้ประโยชน์, เช่น คนสวะ เรื่องสวะ ๆ"
สวะ 2,ว.,"ดาษดื่น, มีมาก, เช่น ของสวะ ๆ."
สวะ 3,ก.,สละ เช่น สวะบาปแสวงบุญบท ที่แล้ว (ยวนพ่าย).
สวะ ๆ 0,ว.,"เลว, ไร้ประโยชน์, เช่น คนสวะ เรื่องสวะ ๆ"
สวะ ๆ 1,ว.,"ดาษดื่น, มีมาก, เช่น ของสวะ ๆ."
สวัสดิ- 0,น.,"ความดี, ความงาม, ความเจริญรุ่งเรือง"
สวัสดิ- 1,น.,ความปลอดภัย เช่น ขอให้เดินทางโดยสวัสดิภาพ ขอให้มีความสุขสวัสดิ์พิพัฒนมงคล ขอให้มีความสุขสวัสดี ขอให้สวัสดีมีชัย.
สวัสดิ์ 0,น.,"ความดี, ความงาม, ความเจริญรุ่งเรือง"
สวัสดิ์ 1,น.,ความปลอดภัย เช่น ขอให้เดินทางโดยสวัสดิภาพ ขอให้มีความสุขสวัสดิ์พิพัฒนมงคล ขอให้มีความสุขสวัสดี ขอให้สวัสดีมีชัย.
สวัสดิการ 0,น.,การให้สิ่งที่เอื้ออำนวยให้ผู้ทำงานมีชีวิตและสภาพความเป็นอยู่ที่ดีและสะดวกสบาย เช่น มีสถานพยาบาล ให้ที่พักอาศัย จัดรถรับส่ง.
สวัสดิภาพ 0,น.,ความปลอดภัย เช่น ขอให้เดินทางโดยสวัสดิภาพ ตำรวจออกตรวจท้องที่ในเวลากลางคืนเพื่อสวัสดิภาพของประชาชน.
สวัสดิมงคล 0,น.,สิ่งที่ให้ความสุข ความเจริญรุ่งเรือง เช่น ประดิษฐานพระพุทธรูปไว้ในบ้านเพื่อสวัสดิมงคล.
สวัสดี 0,น.,"ความดี, ความงาม, ความเจริญรุ่งเรือง"
สวัสดี 1,น.,ความปลอดภัย เช่น ขอให้เดินทางโดยสวัสดิภาพ ขอให้มีความสุขสวัสดิ์พิพัฒนมงคล ขอให้มีความสุขสวัสดี ขอให้สวัสดีมีชัย.
สวัสติ 0,น.,"ดาวฤกษ์ที่ ๑๕ มี ๕ ดวง เห็นเป็นรูปช้างพัง เหนียงผูกคอสุนัข ดวงแก้ว หรือ กระออมนํ้า, ดาวช้างพัง หรือ ดาวงูเหลือม ก็เรียก."
สวัสติกะ 0,น.,สัญลักษณ์รูปกากบาทปลายหักมุมเวียนขวา ใช้เป็นเครื่องหมายแสดงความสุขสวัสดีมาแต่โบราณ สันนิษฐานกันว่าเป็นรูปดวงอาทิตย์โคจรเวียนขวา.
สวา 0,น.,ลิง.
สวาคตะ 0,น.,คำกล่าวต้อนรับ.
สวาง 0,น.,"ผี, สาง ก็เรียก."
สว่าง 0,ว.,"ระยะเวลาฟ้าสาง, ระยะเวลาเมื่อรุ่งอรุณ, เช่น สว่างแล้ว, กระจ่าง, มีแสงมาก, เช่น แสงไฟสว่าง แสงจันทร์สว่าง"
สว่าง 1,ว.,"แจ้ง, รู้แจ้ง, เช่น ปัญญาสว่าง"
สว่าง 2,ว.,หายจากความหลงผิด เช่น หูตาสว่าง
สว่าง 3,ว.,"โล่ง, ปลอดโปร่ง, เช่น สว่างอก สว่างใจ"
สว่าง 4,ว.,หายง่วง ในคำว่า ตาสว่าง.
สว่างไสว 0,ว.,"สว่างรุ่งเรืองทั่วไป เช่น บริเวณงานมีแสงไฟสว่างไสว, โดยปริยายหมายความว่า มีความสุข เช่น โลกนี้ช่างสว่างไสวเหลือเกิน เดี๋ยวนี้ฉันหมดหนี้สินแล้ว ชีวิตฉันจึงสว่างไสวขึ้น."
สวาด 0,น.,ชื่อไม้เถาเนื้อแข็งชนิด Caesalpinia bonduc (L.) Roxb. ในวงศ์ Leguminosae ลำต้นมีหนาม ฝักมีหนามละเอียด เมล็ดกลม เปลือกแข็งสีเทาอมเขียว.
สวาด 1,ว.,"สีเทาอมเขียวอย่างสีเมล็ดสวาด เรียกว่า สีสวาด, เรียกแมวที่มีสีเช่นนั้น ว่า แมวสีสวาด ว่าเป็นแมวไทยที่ชาวต่างประเทศนิยมเลี้ยงและมีราคาแพง."
สวาดิ 0,น.,"ดาวฤกษ์ที่ ๑๕ มี ๕ ดวง เห็นเป็นรูปช้างพัง เหนียงผูกคอสุนัข ดวงแก้ว หรือ กระออมนํ้า, ดาวช้างพัง หรือ ดาวงูเหลือม ก็เรียก."
สวาดิ 1,ก.,"รักใคร่, ยินดี."
สวาตี 0,น.,"ดาวฤกษ์ที่ ๑๕ มี ๕ ดวง เห็นเป็นรูปช้างพัง เหนียงผูกคอสุนัข ดวงแก้ว หรือ กระออมนํ้า, ดาวช้างพัง หรือ ดาวงูเหลือม ก็เรียก."
สวาท 0,น.,ความรัก ความพอใจ หรือความยินดีในทางกามารมณ์ เช่น รสสวาท พายุสวาท ไฟสวาท.
สวาท 1,ก.,รัก ยินดี หรือ พอใจ เป็นต้น (มักใช้ในเชิงปฏิเสธ) เช่น หน้าตาน่าสวาทนักนี่ คุณคิดว่าเขาสวาทคุณนักหรือ.
สว่าน 0,น.,เครื่องมือช่างไม้ปลายเป็นเกลียวแหลมสำหรับเจาะไช มี ๒ ชนิด คือ ชนิดหนึ่งเป็นเหล็กปลายเป็นเกลียวแหลมในตัวสำหรับเจาะไชสิ่งเล็ก ๆ หรือบาง ๆ อีกชนิดหนึ่งมีรูปร่างคล้ายลูกดาล ๒ อันต่อกัน ปลายด้านบนมีแป้นสำหรับมือกด ตรงกลางมีที่สำหรับมือจับหมุนให้ดอกสว่านซึ่งสวมติดกับปลายอีกด้านหนึ่งเจาะไชสิ่งที่ค่อนข้างใหญ่หน้าหนา.
สว้าน 0,ก.,อาการที่ลมในท้องดันขึ้นมา เป็นอาการของไข้หนักจวนจะสิ้นใจ.
สวาบ 0,น.,ส่วนกายของคนและสัตว์สี่เท้า อยู่ระหว่างชายโครงกับสันกระดูกตะโพก เป็นส่วนที่ไม่มีกระดูก.
สวาปาม 0,ก.,"ขยุ้มกินอย่างตะกละลุกลนอย่างลิงกิน, (ปาก) กินอย่างตะกละ."
สวามิ 0,น.,"เจ้า, ผู้เป็นใหญ่, นาย"
สวามิ 1,น.,"ผัว, ราชาศัพท์ใช้ว่า พระสวามี"
สวามิ 2,น.,เจ้าของ.
สวามินี 0,น.,หญิงผู้เป็นใหญ่เป็นเจ้าของ.
สวามิภักดิ์ 0,ก.,"ยอมตนหรือมอบตนอยู่ใต้อำนาจ เช่น ข้าศึกเข้ามาสวามิภักดิ์, สามิภักดิ์ ก็ว่า."
สวามี 0,น.,"เจ้า, ผู้เป็นใหญ่, นาย"
สวามี 1,น.,"ผัว, ราชาศัพท์ใช้ว่า พระสวามี"
สวามี 2,น.,เจ้าของ.
สวาย 0,น.,ต้นมะม่วง.
สวาย 1,น.,ชื่อปลานํ้าจืดขนาดใหญ่ชนิด Pangasius hypophthalmusSauvage ในวงศ์ Schilbeidae ลำตัวแบนข้างเล็กน้อย ไม่มีเกล็ด มีหนวดสั้น ๆ ๒ คู่ ลักษณะคล้ายปลาเทโพแต่ไม่มีจุดสีดำบนลำตัวเหนือครีบอกหลังแผ่นปิดเหงือก อาศัยอยู่ตามแหล่งน้ำจืดทั่วไป ขนาดยาวได้ถึง ๑.๖ เมตร.
สวายสอ 0,น.,ชื่อมะม่วงชนิดหนึ่ง.
สวาสดิ์ 0,ก.,"รักใคร่, ยินดี."
สวาหะ 0,?,คำกล่าวเมื่อจบการเสกเป่า.
สวิง 0,น.,เครื่องช้อนปลาชนิดหนึ่ง ถักเป็นร่างแห ลักษณะเป็นถุง มักใช้ไม้หรือหวายทำเป็นขอบปาก.
สวิงสวาย 0,ก.,อาการที่รู้สึกใจหวิว วิงเวียน คลื่นไส้ ตาพร่า จะเป็นลม เช่น เดินฝ่าแดดนาน รู้สึกสวิงสวาย
สวิงสวาย 1,ก.,"โลดโผน, เกินพอดี, เช่น สำนวนสวิงสวาย เต้นรำสวิงสวาย."
สวิญญาณกทรัพย์ 0,น.,"สิ่งที่มีวิญญาณหรือชีวิตซึ่งนับเป็นทรัพย์ เช่น ทาส ช้าง ม้า วัว ควาย, ตรงข้ามกับ อวิญญาณกทรัพย์, วิญญาณกทรัพย์ ก็ว่า."
สวิตช์ 0,น.,อุปกรณ์ไฟฟ้าชนิดหนึ่ง ใช้สำหรับปิดเปิดหรือเปลี่ยนวงจรไฟฟ้า.
สสาร 0,น.,สิ่งที่มีมวลสาร ต้องการที่อยู่ และสัมผัสได้ อาจมีเพียงสารเดียว เช่น ทองคำ เงิน แก้ว เกลือ น้ำ หรือประกอบด้วยสารหลายสาร เช่น ดินปืน อากาศ ก็ได้.
สสาร- 0,น.,สิ่งที่มีมวลสาร ต้องการที่อยู่ และสัมผัสได้ อาจมีเพียงสารเดียว เช่น ทองคำ เงิน แก้ว เกลือ น้ำ หรือประกอบด้วยสารหลายสาร เช่น ดินปืน อากาศ ก็ได้.
สสารนิยม 0,น.,วัตถุนิยม.
สสุระ 0,น.,"พ่อตา, พ่อผัว."
สสุรี 0,น.,"แม่ยาย, แม่ผัว."
สห- 0,ว.,"ด้วยกัน, พร้อม, ร่วม, ร่วมกัน, (ใช้ประกอบหน้าคำอื่น) เช่น สหประชาชาติ สหพันธ์สหรัฐ."
สหกรณ์ 0,น.,"องค์กรทางเศรษฐกิจและสังคมที่สมาชิกร่วมกันจัดตั้งขึ้นด้วยการลงหุ้นร่วมกัน จัดการร่วมกันในการผลิต การจำหน่ายสินค้า หรือบริการตามความต้องการหรือผลประโยชน์อย่างเดียวกันของบรรดาสมาชิก สมาชิกแต่ละคนมีสิทธิ์ออกเสียงได้หนึ่งเสียงในการบริหารสหกรณ์ โดยไม่ขึ้นกับจำนวนหุ้นที่ถืออยู่ เช่น สหกรณ์ออมทรัพย์ สหกรณ์การเกษตร สหกรณ์โคนม, (กฎ) คณะบุคคลซึ่งร่วมกันดำเนินกิจการเพื่อประโยชน์ทางเศรษฐกิจและสังคม โดยช่วยตนเองและช่วยเหลือซึ่งกันและกัน และได้จดทะเบียนตามกฎหมาย."
สหการ 0,น.,การร่วมมือกัน.
สหจร 0,น.,"ผู้ร่วมทาง, เพื่อน, สหาย."
สหชาต 0,น.,"ผู้เกิดวันเดือนปีเดียวกัน, ผู้เกิดร่วมปีนักษัตรในรอบเดียวกัน."
สหชาติ 0,น.,"ผู้เกิดวันเดือนปีเดียวกัน, ผู้เกิดร่วมปีนักษัตรในรอบเดียวกัน."
สหธรรม 0,น.,"ธรรมอันเดียวกัน, กฎหรือความเชื่อถืออย่างเดียวกัน."
สหธรรมิก 0,น.,ผู้มีการประพฤติธรรมร่วมกัน เช่น พระสงฆ์ทั้งปวงเป็นเพื่อนสหธรรมิกกัน อุบาสกอุบาสิกาเป็นสหธรรมิกกัน.
สหบาน 0,น.,การดื่มร่วมกัน.
สหประชาชาติ 0,น.,"องค์การระหว่างประเทศที่จัดตั้งขึ้นโดยมีวัตถุประสงค์สำคัญ คือ การป้องกันสงคราม การยืนยันรับรองสิทธิมนุษยชนขั้นพื้นฐาน การเคารพและปฏิบัติตามพันธกรณีที่เกิดจากสนธิสัญญาและกฎหมายระหว่างประเทศ, เรียกชื่อเต็มว่า องค์การสหประชาชาติ (United Nations Organization)."
สหพันธ์ 0,น.,สหภาพหรือสมาคมตั้งแต่ ๒ สหภาพหรือ ๒ สมาคมขึ้นไปที่ร่วมกันดำเนินกิจการ เพื่อให้เกิดประโยชน์ตามวัตถุประสงค์ของสหภาพหรือสมาคมที่เข้าร่วมกันนั้น เช่น สหพันธ์กรรมกร.
สหพันธรัฐ 0,น.,รัฐหลายรัฐที่รวมกันเป็นรัฐรวม โดยมีรัฐบาลกลางเป็นผู้ดำเนินกิจการต่าง ๆ ที่เกี่ยวกับประโยชน์ส่วนรวมตามที่กำหนดไว้ในรัฐธรรมนูญ แต่ละรัฐมีอำนาจเฉพาะกิจการภายในรัฐของตนเท่านั้น.
สหภาพ 0,น.,การรวมตัวขององค์การตั้งแต่ ๒ องค์การขึ้นไป เพื่อทำกิจการทั่วไปหรือกิจการเฉพาะอย่างตามวัตถุประสงค์ขององค์การที่เข้าร่วมกันนั้น เช่น สหภาพศุลกากร สหภาพรัฐสภา
สหภาพ 1,น.,ชื่อรูปแบบหนึ่งของการรวมตัวของรัฐตั้งแต่ ๒ รัฐขึ้นไป เช่น สหภาพพม่า
สหภาพ 2,น.,องค์การของลูกจ้าง เช่น สหภาพแรงงาน.
สหภาพแรงงาน 0,น.,องค์การของลูกจ้างที่จัดตั้งขึ้นตามกฎหมายว่าด้วยแรงงานสัมพันธ์ โดยมีวัตถุประสงค์เพื่อการแสวงหาและคุ้มครองผลประโยชน์เกี่ยวกับสภาพการจ้างและส่งเสริมความสัมพันธ์อันดีระหว่างนายจ้างกับลูกจ้าง และระหว่างลูกจ้างด้วยกัน.
สหศึกษา 0,น.,การศึกษาที่ให้นักเรียนชายและหญิงเรียนรวมในสถานศึกษาเดียวกัน.
สหัช 0,ว.,ที่มีมาแต่กำเนิด.
สหัมบดี 0,น.,ชื่อท้าวมหาพรหมองค์หนึ่ง.
สหัส- 0,ว.,"หนึ่งพัน คือ ๑๐ ร้อย (๑,๐๐๐)."
สหัสธารา 0,น.,"เครื่องโปรยนํ้าให้เป็นฝอย (ใช้ในการอภิเษก), โดยปริยายหมายถึงการสรงนํ้าของพระเจ้าแผ่นดิน."
สหัสนัยน์ 0,น.,พันตา หมายถึง พระอินทร์.
สหัสเนตร 0,น.,พันตา หมายถึง พระอินทร์.
สหัสรังสี 0,น.,พันแสง หมายถึง พระอาทิตย์.
สหัสวรรษ 0,น.,"รอบ ๑,๐๐๐ ปี."
สหัสสะ 0,ว.,"หนึ่งพัน คือ ๑๐ ร้อย (๑,๐๐๐)."
สหัสา 0,ว.,"โดยเร็ว, ทันใด, โดยตรง"
สหัสา 1,ว.,ยิ่งนัก.
สหาย 0,น.,เพื่อนร่วมทุกข์ร่วมสุข.
ส่อ 0,ก.,แสดงให้รู้เป็นนัย ๆ (ส่วนมากใช้ไปในทางที่ไม่ดี) เช่น สำเนียงส่อภาษา กิริยาส่อสกุล ส่อเจตนาทุจริต ส่อพิรุธ
ส่อ 1,ก.,ฟ้อง.
สอ 0,ว.,ขาว เช่น ดินสอพอง.
สอ 1,ว.,"ประดังกัน เช่น วิ่งสอกันมารับหน้า, หลั่งออกมาออ ในคำว่า น้ำลายสอ."
สอ 2,น.,คอ.
สอ 3,น.,โกฐสอ.(ดู โกฐสอ ที่ โกฐ).
สอง 0,น.,จำนวนหนึ่งบวกหนึ่ง
สอง 1,น.,เดือน ๒ ทางจันทรคติ เรียกว่า เดือนยี่ ตกในราวเดือนมกราคม.
ส่อง 0,ก.,"ฉายแสง เช่น แดดส่อง ไฟส่อง ส่องไฟ แสงจันทร์ส่อง ตะวันส่องหน้า, ฉายแสงดู เช่น ส่องสัตว์ในป่า ส่องทาง ส่องกบ"
ส่อง 1,ก.,"เพ่งมอง เช่น ส่องกล้อง, เล็ง เช่น ส่องปืน"
ส่อง 2,ก.,ยิง เช่น ถูกส่องด้วยปืนลูกซอง.
ส้อง 0,น.,"ซ่อง, ประชุม."
ส่องกระจก 0,ก.,"ดูภาพตนเองในกระจกเงา, โดยปริยายหมายความว่า ให้สำรวจดูฐานะหรือข้อบกพร่องของตน (มักใช้ในอาการที่ดูหมิ่น) เช่น กลับไปส่องกระจกดูเงาตัวเองเสียบ้าง."
สองเกลอ 0,น.,เครื่องมือสำหรับตอกกระทุ้งเสาเข็ม ลักษณะเป็นไม้ท่อนกลม มีที่จับสำหรับยก ๒ ที่.
สองแง่สองง่าม 0,ว.,มีความหมายตีได้เป็น ๒ นัย ทั้งความหมายธรรมดาและความหมายที่ส่อไปในทางหยาบโลน (มักใช้ในปริศนาคำทาย) เช่นนอนสูงให้นอนคว่ำ นอนต่ำให้นอนหงาย.
สองแง่สองมุม 0,ว.,มีความหมายตีได้เป็น ๒ นัย เช่นสาบานขอให้ตายใน ๗ วัน.
สองจิตสองใจ 0,ว.,"ลังเล, ตัดสินใจไม่ได้, เช่น จะไปเชียงใหม่ดีหรือไม่ไปดี ยังสองจิตสองใจอยู่."
สองใจ 0,ว.,มีจิตใจไม่แน่นอนในเรื่องชู้สาว (มักใช้แก่ผู้หญิง).
สองชั้น 0,น.,ชื่ออัตราจังหวะหน้าทับและทำนองเพลงประเภทหนึ่ง มีความยาวเป็น ๒ เท่าของอัตราชั้นเดียว.
สองต่อสอง 0,ว.,แต่ลำพัง ๒ คน โดยเฉพาะในที่ลับหูลับตาคนอื่น (มักใช้แก่ชายหนึ่งและหญิงหนึ่งที่อยู่ด้วยกันตามลำพัง).
สองตาก็ไม่แล 0,*ว.,คำที่แสดงอาการว่าไม่แยแสหรือตัดรอนไม่เป็นมิตรไมตรีกันอีกต่อไป.
สองตาก็ไม่อยากแล 0,*ว.,คำที่แสดงอาการว่าไม่แยแสหรือตัดรอนไม่เป็นมิตรไมตรีกันอีกต่อไป.
สองผม 0,ว.,มีอายุแล้ว หมายถึงคนที่มีผมหงอกบ้างแล้ว เช่นพูดว่า คนสองผม.
สองฝักสองฝ่าย 0,ว.,ที่ทำตัวเข้าด้วยทั้ง ๒ ข้าง ซึ่งมักไม่เป็นมิตรกัน โดยหวังประโยชน์เพื่อตน เช่น ประเทศเล็กที่ช่วยตัวเองไม่ได้ มักต้องทำตัวสองฝักสองฝ่ายกับประเทศใหญ่เพื่อความอยู่รอดของตน.
สองไม้ 0,น.,ชื่อหน้าทับประกอบเพลงดนตรีประเภทหนึ่ง มีทำนองจังหวะหน้าทับค่อนข้างสั้น.
สองฤดู 0,น.,"ชื่อไม้พุ่มชนิด Euphorbia pulcherrima (R. Grah.) Willd. ex Klotzsch ในวงศ์ Euphorbiaceae ออกดอกในฤดูหนาว มีใบประดับสีแดง, สองฤดู หรือ โพผัน ก็เรียก."
สองสลึงเฟื้อง 0,ว.,"บ้า ๆ บอ ๆ, มีสติไม่สมบูรณ์, มีจิตใจใกล้ไปทางบ้า ๆ บอ ๆ, สามสลึงเฟื้อง ไม่เต็มเต็ง หรือ ไม่เต็มบาท ก็ว่า."
สองหน้า 0,น.,ชื่อกลองชนิดหนึ่ง ลักษณะคล้ายเปิงมาง แต่ขนาดใหญ่และยาวกว่า ใช้ใบเดียวตีกำกับจังหวะในวงปี่พาทย์ไม้แข็ง เสภา และกำกับการบรรเลงเพลงเดี่ยวเครื่องดนตรีของวงปี่พาทย์.
สองหน้า 1,ว.,ที่ทำตัวให้ทั้ง ๒ ฝ่ายต่างเข้าใจผิดกัน โดยหวังประโยชน์เพื่อตน เช่น เขาเป็นคนสองหน้า อย่าไว้ใจเขานักนะ.
สอด 0,ก.,"เสือกหรือใส่เข้าไปในช่องหรือในระหว่างที่แคบ ๆ เช่น สอดจดหมายเข้าไปใต้ประตู สอดขาเข้าไปในกางเกง, ใส่ เช่น สอดสนับเพลา, แทรกเข้าไประหว่างกลาง เช่น เอาธนบัตรสอดไว้ในหนังสือ, แทรกเข้าในระหว่าง (มักใช้ในเชิงตำหนิ) เช่น ขณะที่ผู้ใหญ่กำลังพูดอยู่ เด็กไม่ควรพูดสอดขึ้น."
สอด 1,?,ดู หางดาบ.
สอดเข้าแก้หน้า 0,ก.,การที่บุคคลซึ่งไม่ใช่ผู้สั่งจ่ายหรือผู้รับรอง ได้รับรองหรือใช้เงินตามตั๋วแลกเงินแทนบุคคลใดบุคคลหนึ่งผู้ต้องรับผิดตามตั๋วแลกเงินนั้น.
สอดคล้อง 0,ว.,"พ้อง, ประสาน, ไม่ขัดกัน, เช่น มีความเห็นสอดคล้องกัน ทำงานสอดคล้องกัน ความคิดกับการกระทำสอดคล้องกัน."
สอดแคล้ว 0,ว.,"สงสัย, กินแหนง."
สอดแทรก 0,ก.,เข้าไปยุ่งในเรื่องที่มิใช่หน้าที่ของตน เช่น เขาชอบไปสอดแทรกในเรื่องส่วนตัวของคนอื่น.
สอดแนม 0,ก.,ลอบเข้าไปสืบความ เช่น ส่งทหารไปสอดแนมข้าศึก.
สอดรู้ 0,ก.,เที่ยวเข้าไปรู้ในเรื่องของคนอื่น (มักใช้ในทางไม่ดี) เช่น ใครเขาจะทำอะไรกันที่ไหน ก็เที่ยวไปสอดรู้เขาหมด เขาเป็นคนช่างสอดรู้สอดเห็น มีเรื่องของชาวบ้านมาเล่าเสมอ.
สอดรู้สอดเห็น 0,ก.,เที่ยวเข้าไปรู้ในเรื่องของคนอื่น (มักใช้ในทางไม่ดี) เช่น ใครเขาจะทำอะไรกันที่ไหน ก็เที่ยวไปสอดรู้เขาหมด เขาเป็นคนช่างสอดรู้สอดเห็น มีเรื่องของชาวบ้านมาเล่าเสมอ.
สอดส่อง 0,ก.,"ตรวจดูทั่ว ๆ ไป, เอาใจใส่ดูแล, เช่น รัฐบาลที่ดีจะต้องสอดส่องดูแลทุกข์สุขของราษฎร."
สอดส่าย 0,ก.,"ส่ายตาค้นหา ในคำว่า สอดส่ายสายตา เช่น สอดส่ายสายตาหาเพื่อนที่นัดไว้ ตำรวจสอดส่ายสายตาหาคนร้าย, โดยปริยายหมายถึงส่ายตามองหาช่องทางหรือโอกาสที่จะลักขโมยเป็นต้น."
สอดสี 0,ว.,ลักษณะการพิมพ์ให้เป็นสีตั้งแต่ ๒ สีขึ้นไป เรียกว่า พิมพ์สอดสี.
สอดใส่ 0,ก.,ใส่โดยวิธีสอดเข้าไป.
สอดไส้ 0,ก.,"ใส่ไส้ไว้ข้างใน, โดยปริยายหมายความว่า แอบสอดสิ่งแปลกปลอมปนเข้าไปโดยมีเจตนาไม่บริสุทธิ์ เช่น สอดไส้ธนบัตรปลอมไว้ในปึกธนบัตรจริง สอดไส้เอกสารที่เป็นประโยชน์แก่ตนปะปนเข้าไปพร้อมกับเอกสารในแฟ้มเสนอเซ็น."
สอดไส้ 1,ว.,"เรียกขนมชนิดหนึ่ง มีไส้หน้ากระฉีก ปั้นเป็นก้อนหุ้มด้วยแป้งข้าวเหนียวดำ แล้วหยอดด้วยแป้งข้าวเจ้า กะทิ และเกลือ ซึ่งกวนสุกแล้ว ห่อด้วยใบตองหรือใส่กระทงนึ่งให้สุก ว่า ขนมสอดไส้, ขนมใส่ไส้ ก็เรียก."
สอดหมุด 0,ก.,สอดผ้ากอซเข้าไปในโพรงฝีเป็นต้นเพื่อซับของเหลวภายใน.
สอน 0,ก.,"บอกวิชาความรู้ให้ เช่น ครูสอนหนังสือนักเรียน, แสดงให้เข้าใจโดยวิธีบอกหรือทำให้เห็นเป็นตัวอย่างเพื่อให้รู้ดีชั่วเป็นต้น เช่น สอนแม่ไม้มวยไทย สอนเย็บปักถักร้อย สอนเท่าไรไม่รู้จักจำ"
สอน 1,ก.,"เริ่มฝึกหัด เช่น เด็กสอนพูด ผู้เป็นอัมพาตต้องมาสอนเดินใหม่ ไก่สอนขัน, เริ่มมีผล เช่น ต้นไม้สอนเป็น."
ส่อน 0,ว.,เรียกตาที่มีตาดำอยู่ไม่ตรงที่ตามปรกติ ว่า ตาส่อน.
สอนขัน 0,ว.,"เรียกไก่อ่อนที่เพิ่งหัดขันว่า ไก่อ่อนสอนขัน หรือ ไก่สอนขัน, โดยปริยายหมายถึงมีประสบการณ์น้อยยังรู้ไม่ทันเล่ห์เหลี่ยมของคน."
สอนจระเข้ให้ว่ายน้ำ 0,ก.,สอนสิ่งที่เขารู้ดีหรือที่เขาถนัดอยู่แล้ว.
สอนใจ 0,ว.,ที่เตือนสติตนเอง เช่น สุภาษิตสอนใจ หนังสือสอนใจ.
สอนเดิน 0,ว.,เรียกเด็กที่เริ่มหัดเดินเตาะแตะ ว่า เด็กสอนเดิน.
สอนเดิน 1,ก.,ฝึกหัดเดิน เช่น เขานอนป่วยอยู่หลายเดือน เมื่อหายป่วยแล้วต้องสอนเดินใหม่.
สอนนาค 0,ก.,กล่าวคำทำขวัญนาคเพื่อสอนกุลบุตรที่จะอุปสมบทให้รู้สึกซาบซึ้งถึงพระคุณของพ่อแม่ และให้เห็นว่าการบวชนั้นเป็นการตอบสนองพระคุณพ่อแม่อย่างหนึ่ง.
สอนพูด 0,ว.,เรียกเด็กที่เริ่มหัดพูด ว่า เด็กสอนพูด.
สอนยาก 0,ว.,"ดื้อดึง, ไม่อยู่ในโอวาท, เช่น เขาเป็นเด็กสอนยาก, มักใช้เข้าคู่กับคำ ว่ายาก เป็น ว่ายากสอนยาก."
สอนยืน 0,ว.,เรียกเด็กที่เริ่มตั้งไข่ ว่า เด็กสอนยืน.
สอนลูกให้เป็นโจร 0,ก.,ไม่ว่ากล่าวอบรมสั่งสอนลูกให้เป็นคนดี เมื่อลูกไปลักขโมยของใครมาได้กลับชมเชยว่าเก่ง ในที่สุดลูกก็กลายเป็นโจร.
สอนสั่ง 0,ก.,"ชี้แจงให้เข้าใจและบอกให้ทำ, สั่งสอน ก็ว่า."
สอนหนังสือสังฆราช 0,ก.,สอนสิ่งที่เขารู้ดีอยู่แล้ว.
สอบ 0,ก.,ตรวจ ทดลอง เปรียบเทียบ หรือไล่เลียง เพื่อหาข้อเท็จจริง หรือวัดให้รู้ว่ามีความรู้หรือความสามารถแค่ไหน เช่น สอบตาชั่งให้ได้มาตรฐาน สอบราคาสินค้า สอบปากคำผู้ต้องหา สอบพิมพ์ดีด.
สอบ 1,ว.,มีลักษณะเรียวลงด้านใดด้านหนึ่งหรือทั้ง ๒ ด้าน (ใช้แก่รูปทรงของภาชนะหรือสิ่งที่มีลักษณะกลวง) เช่น พ้อมก้นสอบปากสอบ เสื้อแขนสอบ กางเกงขาสอบ.
สอบข้อเขียน 0,ก.,สอบความรู้โดยให้ผู้สอบเขียนคำตอบลงในกระดาษ.
สอบเขตที่ดิน 0,ก.,ตรวจสอบที่ดินโดยพนักงานที่ดินและบุคคลที่เกี่ยวข้องเพื่อให้ทราบเนื้อที่และแนวเขตที่แน่นอน.
สอบแข่งขัน 0,ก.,สอบเพื่อพิจารณาคัดเลือกบุคคลที่สมควรได้รับทุนหรือบรรจุในตำแหน่งใดตำแหน่งหนึ่งเป็นต้น.
สอบความถนัด 0,ก.,"ทดสอบดูว่ามีความถนัดหรือความสามารถในทางใดบ้าง, ทดสอบดูว่ามีความถนัดในสาขาวิชาที่ต้องการเข้าศึกษาหรือในงานที่จะต้องทำหรือไม่."
สอบซ่อม 0,ก.,สอบเพื่อให้ผ่านวิชาที่เคยสอบตก.
สอบซ้อม 0,ก.,ทดสอบความรู้ก่อนสอบไล่ (ใช้ในโรงเรียน).
สอบถาม 0,ก.,ถามเพื่อขอทราบข้อมูลที่ต้องการ เช่น สอบถามเวลาเดินรถ.
สอบทาน 0,ก.,ตรวจสอบหนังสือ ข้อความ หรือตัวเลข ให้ตรงกับต้นฉบับหรือถ้อยคำที่บอกเป็นต้น.
สอบเทียบ 0,ก.,สอบเพื่อเทียบว่ามีความรู้เข้าเกณฑ์มาตรฐานที่ทางราชการกำหนดหรือไม่.
สอบเทียบความรู้ 0,ก.,สอบเพื่อเทียบว่ามีความรู้เข้าเกณฑ์มาตรฐานที่ทางราชการกำหนดหรือไม่.
สอบใบขับขี่ 0,ก.,สอบเพื่อแสดงว่ามีความรู้ในกฎจราจรและสามารถขับขี่ยานยนต์ได้.
สอบประวัติส่วนบุคคล 0,ก.,ขอให้เจ้าพนักงานตำรวจท้องที่ที่บุคคลซึ่งจะบรรจุเข้ารับราชการเป็นต้นอาศัยอยู่ สอบประวัติย่อ ภูมิลำเนาครั้งสุดท้าย และลายพิมพ์นิ้วมือเป็นต้นของบุคคลนั้น.
สอบปากคำ 0,ก.,"ซักถามเพื่อให้บุคคลให้การโดยพนักงานสอบสวนหรือพนักงานอัยการ เช่น สอบปากคำพยาน สอบปากคำผู้ต้องหา, กฎหมายใช้ว่า ถามปากคำ."
สอบปากเปล่า 0,ก.,สอบโดยวิธีซักถามให้ตอบด้วยวาจา.
สอบพยาน 0,ก.,ซักถามพยานเพื่อหาข้อเท็จจริง.
สอบราคา 0,ก.,"สอบดูราคาสิ่งของตามร้านค้าต่าง ๆ ว่าแตกต่างกันอย่างไร, ตรวจสอบราคาที่ขายว่าถูกต้องตามที่ทางราชการกำหนดไว้หรือไม่, สอบถามราคาในการพิมพ์หรือการซื้อเป็นต้นจากแหล่งต่าง ๆ เพื่อหาราคาต่ำสุด."
สอบไล่ 0,ก.,สอบความรู้ที่เล่าเรียนมาว่าได้ตามมาตรฐานของหลักสูตรแต่ละขั้นหรือทั้งหมด.
สอบสวน 0,ก.,รวบรวมพยานหลักฐานและดำเนินการอย่างอื่นซึ่งพนักงานสอบสวนได้ทำไปเกี่ยวกับความผิดที่กล่าวหา เพื่อที่จะทราบข้อเท็จจริงหรือพิสูจน์ความผิด และเพื่อจะเอาตัวผู้กระทำผิดมาฟ้องลงโทษ.
สอบสวนทวนพยาน 0,ก.,สอบพยาน.
สอบสัมภาษณ์ 0,ก.,สอบท่วงทีวาจาและไหวพริบพิจารณาดูชั้นเชิงและความสามารถของผู้เข้าสอบ ว่าจะเป็นผู้เหมาะสมตามที่ต้องการหรือไม่.
สอบอารมณ์ 0,ก.,สอบถามประสบการณ์ทางจิตของผู้ที่เจริญวิปัสสนากรรมฐานว่าก้าวหน้าไปถึงขั้นใดแล้ว.
สอปูน 0,ก.,นำปูนสอมาเชื่อมอิฐหรือหินให้ติดกัน.
สอพลอ 0,ก.,กล่าวร้ายป้ายสีผู้อื่นเพื่อให้ผู้บังคับบัญชาหรือผู้มีฐานะสูงกว่าเกลียดชังผู้นั้นเพื่อประโยชน์ของตน.
ส้อม 0,น.,เหล็ก ๒ ง่าม ปลายแหลม ใช้แทงปลาเป็นต้น
ส้อม 1,น.,"เครื่องใช้จิ้มอาหารกิน, คู่กับ ช้อน"
ส้อม 2,น.,"ไม้ไผ่ที่จักให้เป็นซี่ ๆ ทำปลายซี่ให้แหลมสำหรับเสียบอ้อยที่ควั่นเป็นข้อ ๆ, เรียกอ้อยควั่นที่เสียบซี่ไม้ไผ่ปลายแหลมดังกล่าว ว่า อ้อยส้อม."
ส้อม 3,ก.,ปาด เหลา หรือเจียน เช่น ส้อมงวงมะพร้าว.
ส้อมเสียง 0,น.,อุปกรณ์ทำด้วยโลหะเป็นรูปอักษร U มีก้านสำหรับจับยึด เมื่อเคาะจะเกิดเสียงที่มีความถี่คงที่ เป็นเวลานาน ใช้เป็นความถี่อ้างอิง เช่นใช้เทียบเสียงเครื่องดนตรี.
สอย 0,ก.,เอาไม้มีขอหรือมีง่ามหรือไม้จำปาเกี่ยว ดึงดัน หรือบิดเอาดอกไม้ลูกไม้เป็นต้นลงมา
สอย 1,ก.,แทงด้วยเข็มหรือสิ่งที่แหลมอย่างเข็มเย็บผ้าให้เป็นตะเข็บ.
สอย 2,ก.,"ใช้, ใช้เข้าคู่กันเป็น ใช้สอย."
สอยดอกฟ้า 0,ก.,หมายปองที่จะได้หญิงผู้สูงศักดิ์กว่าตนมาเป็นคู่ครอง.
สอยดาว 0,ว.,เรียกอาการที่เดินหงายหน้า ว่า เดินสอยดาว
สอยดาว 1,ว.,เรียกหมัดที่ชกตวัดขึ้นสู่ปลายคางของคู่ต่อสู้ ว่า หมัดสอยดาว.
สอยผม 0,ก.,เอาไม้แหลมเล็ก ๆ เป็นต้นแทงผมให้เรียบเรียงเส้น.
สอยไร 0,ก.,เอาไม้แหลมเล็ก ๆ เป็นต้นแทงผมให้เห็นรอยไร.
ส่อเสียด 0,ก.,อาการที่พูดยุยงให้ผู้อื่นแตกแยกกัน.
สะ 0,ว.,สวย.
สะ 1,ก.,ใส่หรือสุมเพื่อกันไว้ เช่น เอาหนามสะ.
สะกด 0,ก.,"กลั้นไว้, ข่มไว้, เช่น เมื่อเกิดความไม่พอใจ ก็รู้จักสะกดอารมณ์ไว้บ้าง"
สะกด 1,ก.,"เขียนหรือบอกตัวอักษรที่ประกอบกันเป็นคำ, เรียกพยัญชนะที่บังคับตัวอักษรข้างหน้าให้เป็นมาตราต่าง ๆ เช่น แม่กน น สะกด แม่กด ด สะกด."
สะกด 2,น.,เรียกลูกประคำที่เป็นลูกคั่น ว่า ลูกสะกด.
สะกดจิต 0,ก.,ใช้อำนาจจิตเป็นสื่อสะกดให้หลับแล้วบังคับให้กระทำตามความต้องการของตน.
สะกดทัพ 0,ก.,ใช้อำนาจเวทมนตร์บังคับให้ทหารในกองทัพของฝ่ายตรงข้ามหลับ.
สะกดผี 0,ก.,ใช้เวทมนตร์สะกดไม่ให้ผีอาละวาดหรือให้อยู่ในอำนาจเป็นต้น.
สะกดรอย 0,ก.,ตามไปติด ๆ โดยไม่ให้อีกฝ่ายหนึ่งรู้ตัว.
สะกดอกสะกดใจ 0,ก.,ข่มอารมณ์มิให้หวั่นไหวต่อเหตุการณ์ที่ผ่านไปแล้วหรือที่กำลังประสบ.
สะกดอารมณ์ 0,ก.,ข่มอารมณ์มิให้หวั่นไหวต่อเหตุการณ์ที่ผ่านไปแล้วหรือที่กำลังประสบ.
สะกอ 0,ว.,"เพิ่งจะรุ่นหนุ่มรุ่นสาว, ใช้แก่คนหรือสัตว์ (ปรัดเล) เช่น สาวสะกอ (ปาเลกัว), ใช้ว่า ตะกอ ก็มี"
สะกอ 1,ว.,รวมอยู่เป็นพวก ๆ.
สะกาง 0,น.,เครื่องดักจระเข้อย่างหนึ่ง ใช้เบ็ดตัวเดียวหรือหลายตัวผูกรวมกัน เบ็ดนี้เกี่ยวเหยื่อไว้ ใช้เชือกซึ่งปลายข้างหนึ่งผูกเบ็ดแล้วโยงไว้กับทุ่นซึ่งเป็นปล้องไม้ไผ่ขนาดใหญ่ ปลายเชือกอีกข้างหนึ่งผูกกับหลักที่อยู่บนบก
สะกาง 1,น.,เครื่องล่อใจ เช่น เอาสินสะกางสอดจ้าง แข็งดั่งเหล็กเงินง้าง อ่อนได้ดังใจ (ลอ)
สะกาง 2,น.,ตะกาง ก็เรียก.
สะการะ 0,น.,ดอกไม้.
สะการะตาหรา 0,น.,ดอกกรรณิการ์.
สะกิด 0,ก.,เอาปลายเล็บหรือสิ่งที่คล้ายคลึงกันเขี่ยหรือแคะแต่เบา ๆ เพื่อให้รู้ตัวหรือเพื่อให้หลุดหรือให้แตกออกเป็นต้น เช่น เอามือสะกิดสีข้าง ใช้เข็มสะกิดฝีให้หนองออก
สะกิด 1,ก.,โดยปริยายหมายความว่า เตือนให้นึกถึง.
สะกิดใจ 0,ก.,ฉุกคิดถึงเหตุการณ์หรือถ้อยคำที่เคยได้เห็นหรือได้ยินมา เช่น คำพูดของเขาสะกิดใจฉัน เมื่อได้ยินเขาพูดเรื่องเงิน ก็รู้สึกสะกิดใจว่าเขาจะมาทวงหนี้.
สะกิดสะเกา 0,ก.,"สะกิดบ่อย ๆ, โดยปริยายหมายถึงพูดหรือทำให้กระทบใจบ่อย ๆ เช่น เรื่องนี้จบไปแล้วจะสะกิดสะเกาขึ้นมาทำไม."
สะเก็ด 0,น.,ชิ้นย่อยของไม้หรือหินเป็นต้นที่ตัดหรือแยกออกจากส่วนใหญ่ เช่น สะเก็ดไม้
สะเก็ด 1,น.,เลือดและนํ้าเหลืองซึ่งแห้งติดกรังอยู่ที่ปากแผล เช่น สะเก็ดแผล
สะเก็ด 2,น.,"โดยปริยายหมายความว่า เศษเล็กเศษน้อยซึ่งมีค่าตํ่ากว่ามาตรฐาน, เลว, เช่น คนสะเก็ดอย่างนั้น ใครจะคบด้วย."
สะเก็ดตีนเมรุ 0,ก.,"เลวมาก, ไม่มีค่า, เช่น เขาเป็นพวกสะเก็ดตีนเมรุ จะอบรมสั่งสอนอย่างไรก็ไม่ได้ดี."
สะแก 0,น.,"ชื่อไม้ต้นชนิด Combretum quadrangulareKurz ในวงศ์ Combretaceae นิยมใช้ทำฟืน เมล็ดใช้ทำยาได้, สะแกนา ก็เรียก."
สะแก 1,น.,ชื่อการพนันชนิดหนึ่งคล้ายสกา.
สะแกนา 0,น.,ชื่อการพนันชนิดหนึ่งคล้ายสกา.
สะแกวัลย์ 0,น.,ชื่อไม้เถาเนื้อแข็งชนิด Combretum punctatum Blume ในวงศ์ Combretaceae.
สะแกแสง 0,น.,ชื่อไม้ต้นชนิด Cananga latifolia (Hook. F. et Thomson) Finet et Gagnep. ในวงศ์ Annonaceae ใช้ทำยาได้.
สะคร้อ 0,น.,"ชื่อไม้ต้นขนาดใหญ่ชนิด Schleichera oleosa (Lour.) Oken ในวงศ์ Sapindaceae ผลรสเปรี้ยวอมหวาน, สะคร้อ ก็เรียก."
สะคราญ 0,น.,หญิงงาม เช่น โฉมสะคราญ.
สะคราญ 1,ว.,"งาม, สวย, เช่น สะคราญตา สะคราญใจ."
สะค้าน 0,น.,"ชื่อไม้เถาหลายชนิดในสกุล Piper วงศ์ Piperaceae ใช้ทำยาได้, ตะค้าน ก็เรียก."
สะเงาะสะแงะ 0,ว.,เปะปะอย่างคนเมา เช่น เดินสะเงาะสะแงะ พูดจาสะเงาะสะแงะ.
สะใจ 0,ว.,"หนำใจ, สาแก่ใจ, สมใจอยาก, เช่น อยากกินหูฉลามมานานแล้ว วันนี้ต้องกินให้สะใจเสียที เขาโมโหน้องมาก เลยตีเสียสะใจ."
สะดม 0,ก.,"ปล้นโดยใช้วิธีรมยาให้เจ้าของทรัพย์หลับสนิทไม่รู้สึกตัว, ใช้เข้าคู่กับคำ ปล้น เป็น ปล้นสะดม."
สะดวก 0,ว.,"คล่อง, ไม่ติดขัด, เช่น ทางสะดวก การเดินทางสมัยนี้สะดวกกว่าสมัยก่อน, มักใช้เข้าคู่กับคำ สบาย เป็น สะดวกสบาย."
สะดัก 0,ก.,"คอย, กั้นไว้."
สะดิ้ง 0,ว.,"ดัดจริตดีดดิ้น เช่น ทำเป็นสะดิ้งไปได้ อย่าสะดิ้งให้มากนัก, สะดุ้งสะดิ้ง ก็ว่า."
สะดึง 0,น.,"กรอบไม้สำหรับขึงผ้าที่จะเย็บเป็นจีวร, กรอบไม้หรือไม้แบบสำหรับขึงผ้าในเวลาปักดิ้นหรือไหมเป็นต้น, ขอบไม้สำหรับขึงเปล มี ๔ ด้าน."
สะดือ 0,น.,ส่วนของร่างกายอยู่ตรงกลางพื้นท้องเป็นรูหวำเข้าไป.
สะดือจุ่น 0,น.,สะดือที่มีลักษณะโปนออกมา.
สะดือทะเล 0,น.,บริเวณทะเลตอนที่มีน้ำไหลวนเป็นเกลียวลึกลงไปซึ่งถือกันว่าเป็นศูนย์กลางของทะเล.
สะดือทะเล 1,น.,ดูใน สะดือ.
สะดือทะเล 2,น.,ชื่อเรียกดอกไม้ทะเลขณะหดตัวและเก็บหนวดทั้งหมดไว้ภายในตัว. (ดู ดอกไม้ทะเล).
สะดืออ่าง 0,น.,รูเหนือท่อน้ำทิ้งที่อ่างล้างหน้าหรืออ่างอาบน้ำเป็นต้น สำหรับให้น้ำไหลลงสู่ท่อน้ำทิ้ง.
สะดุ้ง 0,ก.,ไหวตัวขึ้นทันทีด้วยความตกใจ เพราะไม่ทันรู้ตัวหรือไม่ได้นึกคาดหมายไว้เป็นต้น เช่น เมื่อได้ยินเสียงระเบิดก็สะดุ้งสุดตัว.
สะดุ้ง 1,น.,"เครื่องมือจับสัตว์นํ้าชนิดหนึ่ง รูปร่างคล้ายยอยก, อีสานเรียก กะดุ้ง."
สะดุ้งมาร 0,น.,เรียกพระพุทธรูปปางมารวิชัย คือ ปางชนะมาร ว่า พระสะดุ้งมาร.
สะดุ้งสะดิ้ง 0,ว.,"ดัดจริตดีดดิ้น, สะดิ้ง ก็ว่า."
สะดุ้งสะเทือน 0,ก.,"หวั่นไหว, เดือดร้อน, กังวลใจ, มักใช้ในความปฏิเสธ เช่น ใครจะนินทาว่าร้ายอย่างไรก็ไม่สะดุ้งสะเทือน มหาเศรษฐีเสียเงินล้านสองล้านไม่สะดุ้งสะเทือนหรอก."
สะดุด 0,ก.,อาการที่เดินหรือวิ่ง ปลายเท้าไปกระทบสิ่งที่ขวางหน้า ทำให้ก้าวผิดจังหวะ เซ ถลา หรือหกล้ม เป็นต้น เช่น เขาสะดุดก้อนหินล้มลง เด็กวิ่งไปสะดุดตอไม้.
สะดุด 1,ว.,"ไม่ราบเรียบ (ใช้แก่ภาษาหนังสือทั้งร้อยแก้วและร้อยกรอง) เช่น เรียงความสำนวนนี้อ่านสะดุด ๆ, ตะกุกตะกัก เช่น เด็กคนนี้ยังอ่านหนังสือสะดุดมาก, ไม่สม่ำเสมอ เช่น เครื่องจักรเดินสะดุด ๆ."
สะดุด ๆ 0,ว.,"ไม่ราบเรียบ (ใช้แก่ภาษาหนังสือทั้งร้อยแก้วและร้อยกรอง) เช่น เรียงความสำนวนนี้อ่านสะดุด ๆ, ตะกุกตะกัก เช่น เด็กคนนี้ยังอ่านหนังสือสะดุดมาก, ไม่สม่ำเสมอ เช่น เครื่องจักรเดินสะดุด ๆ."
สะดุดขาตัวเอง 0,ก.,ทำผิดหลักเกณฑ์ที่ตนกำหนดไว้เอง.
สะดุดใจ 0,ก.,"ฉุกคิดขึ้นมาได้, ฉุกใจได้คิดเมื่อมีบางสิ่งบางอย่างมากระทบใจทำให้รู้สึกสงสัยตงิด ๆ."
สะดุดตา 0,ก.,"กระทบตาชวนให้มอง เช่น ผู้หญิงคนนี้สวยสะดุดตาจริง ๆ วันนี้เขาใส่เสื้อสีสะดุดตา, ชวนให้สนใจ เช่น เขามีบุคลิกลักษณะเด่นกว่าคนอื่น ๆ เห็นแล้วรู้สึกสะดุดตาทีเดียว, ที่เห็นเด่นชัด เช่น ร้านอาหารร้านนี้ทาสีแดง สะดุดตาแต่ไกล."
สะดุดหู 0,ก.,กระทบหูชวนให้อยากฟัง หรือรู้สึกเคลือบแคลงใจเป็นต้น เช่น ได้ยินเสียงเพลงเขมรไทรโยค รู้สึกสะดุดหูทำให้นึกถึงความหลัง ได้ยินเสียงคนพาลพูดแขวะ รู้สึกสะดุดหูทันที.
สะเด็ด 0,ก.,ทำให้น้ำหยุดหยดหรือหยุดไหลโดยวิธีรินหรือสงเป็นต้น เช่น เช็ดน้ำข้าวให้สะเด็ดน้ำ สงถั่วงอกให้สะเด็ดน้ำ.
สะเด็ด 1,ว.,อย่างยิ่ง เช่น กับข้าววันนี้อร่อยสะเด็ด.
สะเด็ด 2,น.,"ชื่อปลานํ้าจืดชนิด Anabas testudineus (Bloch) ในวงศ์ Anabantidae ลำตัวป้อม แนวสันหลังโค้งพอ ๆ กับแนวสันท้อง แบนข้าง ท้องกลม คอดหางกว้าง ตาอยู่ค่อนไปทางปลายหัว ปากกว้างเชิดขึ้นเล็กน้อย ฟันเล็กแต่แข็งแรง ขอบกระดูกแผ่นปิดเหงือกหยักเป็นหนามแข็ง ใช้แถกเพื่อช่วยยึดยันให้เคลื่อนไปบนบกได้ดี ขอบครีบต่าง ๆ กลม ลำตัวและครีบมีสีดำคลํ้า ส่วนปลาขนาดเล็กมีสีจางกว่าและมีลายบั้งพาดลำตัวเป็นระยะ ๆ อาศัยอยู่ในแหล่งนํ้าแทบทุกประเภท พบขึ้นมาบนบกในฤดูฝนเสมอ ซึ่งเป็นธรรมชาติการย้ายถิ่นที่อยู่อาศัยแบบหนึ่ง และยังแสดงให้เห็นความสามารถในการหายใจในที่ดอนได้อีกด้วย ขนาดยาวได้ถึง ๒๕ เซนติเมตร, หมอไทย หรือ สะเด็ด ก็เรียก, อีสานเรียก เข็ง."
สะเด็ดน้ำ 0,ก.,ทำให้น้ำหยุดหยดหรือหยุดไหลโดยวิธีรินหรือสงเป็นต้น เช่น เช็ดน้ำข้าวให้สะเด็ดน้ำ สงถั่วงอกให้สะเด็ดน้ำ.
สะเด็ดยาด 0,ว.,อย่างที่สุด เช่น ผู้หญิงคนนั้นสวยสะเด็ดยาด.
สะเดา 0,น.,ชื่อไม้ต้นชนิด Azadirachta indica A. Juss. var. siamensis Valeton ในวงศ์ Meliaceae ใบมีรสขม ใบอ่อนและช่อดอกกินได้และใช้ทำยาได้.
สะเดาดิน 0,น.,"ชื่อไม้ล้มลุกชนิด Hydrolea zeylanica (L.) Vahl ในวงศ์ Hydrophyllaceae ขึ้นในนา ใบยาวคล้ายหญ้า, ปอผี ก็เรียก."
สะเดาดิน 1,น.,ชื่อไม้ล้มลุกชนิด Lobelia alsinoides Lam. ในวงศ์ Campanulaceae ต้นเล็กกว่าชนิดแรก ใบค่อนข้างป้อม.
สะเดาดิน 2,น.,"ชื่อไม้ล้มลุกชนิด Glinus oppositifolius (L.) A. DC. ในวงศ์ Molluginaceae ใช้ทำยาได้, ผักขวง ผักขี้ขวง หรือ สะเดาดิน ก็เรียก."
สะเดาอินเดีย 0,น.,"ชื่อไม้ต้นชนิด Azadirachta indica A. Juss. var.indica ในวงศ์ Meliaceae ใบมีรสขม ใบอ่อนและช่อดอกกินได้และใช้ทำยาได้, ชาวบ้านเข้าใจว่าเป็นชนิดเดียวกับต้นควินินหรือซิงโคนา (Cinchona spp.) ที่ใช้เปลือกสกัดเป็นยาควินิน."
สะเดาะ 0,ก.,ทำให้หลุดออกมาด้วยคาถาอาคม เช่น สะเดาะโซ่ตรวน สะเดาะกุญแจ
สะเดาะ 1,ก.,ทำให้หมดสิ้นไปหรือเบาบางลง เช่น ทำบุญสะเดาะเคราะห์ ปล่อยนกปล่อยปลาสะเดาะเคราะห์.
สะตอ 0,น.,ชื่อไม้ต้นชนิด Parkia speciosaHassk. ในวงศ์ Leguminosae ฝักแบน เมล็ดกินได้ มีมากทางภาคใต้.
สะตอเบา 0,น.,"ชื่อไม้พุ่มหรือไม้ต้นไม่มีหนามชนิด Leucaena leucocephala (Lam.) de Wit ในวงศ์ Leguminosae ช่อดอกกลม สีนวล ฝักแบน ใบอ่อนและฝักอ่อนใช้เป็นอาหาร, กระถินไทย กระถินบ้าน กระถินยักษ์ หรือ สะตอเบา ก็เรียก, ปักษ์ใต้เรียก ตอเบา."
สะตาหมัน 0,น.,สวน.
สะตึ 0,ว.,"ไม่มีอะไรดี, ไม่ได้เรื่อง, ไม่มีค่า, เช่น หนังเรื่องนี้สะตึดูแล้วเสียดายเงิน ของสะตึ ๆ อย่างนี้ไม่ซื้อหรอก."
สะตึ ๆ 0,ว.,"ไม่มีอะไรดี, ไม่ได้เรื่อง, ไม่มีค่า, เช่น หนังเรื่องนี้สะตึดูแล้วเสียดายเงิน ของสะตึ ๆ อย่างนี้ไม่ซื้อหรอก."
สะตือ 0,น.,ชื่อไม้ต้นชนิด Crudia chrysantha (Pierre) K. Schum. ในวงศ์ Leguminosae ฝักแบนกลม ใช้ทำยาได้.
สะตือ 1,น.,ชื่อปลานํ้าจืดชนิด Chitala Lopsis (Bleeker) ในวงศ์ Notopteridae รูปร่างคล้ายปลากราย แต่ไม่มีจุดดำเด่น มีจุดสีนํ้าตาลกระจายอยู่ทั่วตัว กินสัตว์น้ำขนาดเล็กในเวลากลางคืน พบทั่วไปแต่เป็นปลาหายาก ขนาดยาวได้ถึง ๑.๕ เมตร.
สะตุ 0,ก.,แปรรูปลักษณะของบางอย่าง เช่นเกลือ สารส้ม จุนสี ให้เป็นผงบริสุทธิ์โดยวิธีทำให้ร้อนจัดด้วยไฟ เพื่อให้สิ่งที่ไม่ต้องการสลายกลายเป็นควันไป.
สะเต๊ะ 0,น.,ชื่ออาหารชนิดหนึ่ง ใช้เนื้อหมูหรือเนื้อวัวเป็นต้นที่ปรุงรสแล้วเสียบไม้ย่างไฟ กินกับนํ้าจิ้มและอาจาด.
สะโตก 0,น.,ขันโตก.
สะทกสะท้าน 0,ก.,"รู้สึกเกรงกลัว, รู้สึกเกรงกลัวจนตัวสั่น, เช่น เขาข่มขู่ฉันเสียจนสะทกสะท้านพูดไม่ถูก เธอตอบคำถามผู้บังคับบัญชาอย่างไม่สะทกสะท้าน."
สะทน 0,ก.,"สะท้อน, หวั่นไหว."
สะท้อน 0,ก.,"วกกลับ, ย้อนกลับ, เช่น แสงสะท้อน เสียงสะท้อน, โดยปริยายหมายความว่า แสดงให้เห็นภาพหรือลักษณะอย่างใดอย่างหนึ่ง เช่น นวนิยายสะท้อนภาพสังคม ละครสะท้อนชีวิตจริง."
สะท้อน 1,น.,"ชื่อไม้ต้นขนาดใหญ่ชนิด Sandoricumkoetjape (Burm. f.) Merr. ในวงศ์ Meliaceae ผลค่อนข้างกลม เปลือกนุ่ม สีเหลือง เนื้อกินได้, สะท้อน ก็เรียก, พายัพเรียก มะต้อง หรือ มะตื๋น."
สะท้อนใจ 0,ก.,อาการที่หายใจแรงขึ้น ๆ ลง ๆ เพราะอารมณ์สะเทือนใจเป็นต้น.
สะท้าน 0,ก.,"รู้สึกเย็นเยือกเข้าหัวใจ ทำให้ครั่นคร้าม หรือหวั่นกลัวจนตัวสั่น เช่น เห็นไฟไหม้แล้วสะท้าน, หนาวสั่น เช่น หนาวสะท้านเหมือนจะเป็นไข้ หนาวสะท้านเพราะเดินกรำฝนมาหลายชั่วโมง, มักใช้เข้าคู่กับคำ สะทก เป็น สะทกสะท้าน"
สะท้าน 1,ก.,"ดังลั่น, ดังก้อง, สั่นสะเทือน, เช่น เสียงปืนใหญ่ดังสะท้านก้องไปทั้งกรุง."
สะทึก 0,ก.,ใจเต้นตึก ๆ.
สะทึน 0,ว.,"ใจผิดปรกติ, ใจเป็นทุกข์, เช่น พระทองผทมตื่นขึ้น สะทึ่นเที้ยรสระอื้น (ลอ)."
สะทึ่น 0,ว.,"ใจผิดปรกติ, ใจเป็นทุกข์, เช่น พระทองผทมตื่นขึ้น สะทึ่นเที้ยรสระอื้น (ลอ)."
สะเทิ้น 0,ก.,แสดงกิริยาวาจาอย่างขัด ๆ เขิน ๆ เพราะรู้สึกขวยอาย (มักใช้แก่หญิงสาว) เช่น หญิงสาวพอมีผู้ชายชมว่าสวยก็รู้สึกสะเทิ้น หญิงสาวพอมีชายหนุ่มมาจ้องมองก็สะเทิ้นอาย.
สะเทิน 0,ว.,"ครึ่ง ๆ กลาง ๆ, กํ้ากึ่ง, เช่น สาวสะเทิน คือ เพิ่งจะขึ้นสาว หรืออยู่ในระหว่างสาวกับเด็กกํ้ากึ่งกัน."
สะเทิน 1,ก.,ทำให้เป็นกลาง เช่น สามารถสะเทินด่างได้.
สะเทิน 2,ก.,"ไหว, โคลง, เช่น ช้างตัวนี้เดินไม่สะเทิน."
สะเทินน้ำสะเทินบก 0,ว.,"ที่อยู่ได้หรือปฏิบัติการได้ทั้งในนํ้าและบนบก เช่น การรบสะเทินนํ้าสะเทินบก เรือสะเทินนํ้าสะเทินบก เครื่องบินสะเทินนํ้าสะเทินบก, เรียกสัตว์จำพวกที่อยู่ได้ทั้งในนํ้าและบนบก เช่น กบ คางคก อึ่งอ่าง ว่า สัตว์สะเทินนํ้าสะเทินบก."
สะเทิ้นอาย 0,ก.,แสดงกิริยาวาจาอย่างขัด ๆ เขิน ๆ เพราะรู้สึกขวยอาย (มักใช้แก่หญิงสาว) เช่น หญิงสาวพอมีผู้ชายชมว่าสวยก็รู้สึกสะเทิ้น หญิงสาวพอมีชายหนุ่มมาจ้องมองก็สะเทิ้นอาย.
สะเทือน 0,ก.,"มีอาการสั่นไหวเพราะถูกกระทบ เช่น นั่งรถที่แล่นไปตามทางขรุขระก็รู้สึกสะเทือน เสียงระเบิดทำให้บ้านสะเทือน, โดยปริยายหมายความว่า เป็นทุกข์กังวล เช่น เขาว่าลูกก็สะเทือนไปถึงแม่ ใครจะว่าอย่างไร ๆ ก็ไม่สะเทือน, กระเทือน ก็ว่า."
สะเทื้อน 0,ก.,"มีอาการสั่นไหวเพราะถูกกระทบ เช่น นั่งรถที่แล่นไปตามทางขรุขระก็รู้สึกสะเทือน เสียงระเบิดทำให้บ้านสะเทือน, โดยปริยายหมายความว่า เป็นทุกข์กังวล เช่น เขาว่าลูกก็สะเทือนไปถึงแม่ ใครจะว่าอย่างไร ๆ ก็ไม่สะเทือน, กระเทือน ก็ว่า."
สะเทือนใจ 0,ก.,"ไม่สบายใจเพราะมีสิ่งใดสิ่งหนึ่งมากระทบ เช่น เห็นภาพแม่กอดศพลูกร้องไห้แล้วรู้สึกสะเทือนใจ, กระเทือนใจ ก็ว่า."
สะเทือนอารมณ์ 0,ก.,มีจิตใจหวั่นไหวอย่างแรงเพราะมีสิ่งใดสิ่งหนึ่งมากระทบทำให้รู้สึกเศร้าหมอง เช่น นวนิยายสะเทือนอารมณ์ อ่านเรื่องเศร้าแล้วสะเทือนอารมณ์.
สะบะ 0,น.,ตะกร้อ.
สะบัก 0,น.,กระดูกส่วนที่เป็นฐานรองรับต้นแขน อยู่ถัดบ่าลงไปข้างหลัง ปลายด้านนอกเป็นที่หัวกระดูกต้นแขนเกาะยึด.
สะบักจม 0,ก.,อาการที่ปวดเมื่อยบริเวณสะบักเพราะเลือดเดินไม่สะดวก.
สะบักสะบอม 0,ก.,บอบชํ้าเต็มที เช่น ถูกชกเสียสะบักสะบอม.
สะบัด 0,ก.,เคลื่อนไหวหรือทำให้เคลื่อนไหวไปมาอย่างเร็วและแรง เช่น หมาสะบัดขนเพื่อให้นํ้าที่ติดอยู่หลุดกระเซ็นไป แมวคาบหนูสะบัดไปมา ธงสะบัด
สะบัด 1,ก.,"โดยปริยายหมายความว่า อย่างมาก, อย่างยิ่ง, เช่น สวยสะบัด โกงสะบัด."
สะบัด 2,ก.,"ฉ้อโกง, กระบัด ตระบัด หรือ ประบัด ก็ใช้."
สะบัด ๆ 0,ว.,อาการที่พูดห้วน ๆ ไม่มีหางเสียง แสดงความไม่พอใจ เช่น แม่ค้าไม่พอใจที่ลูกค้าต่อราคามากไป จึงพูดสะบัด ๆ.
สะบัดก้น 0,ก.,อาการที่ลุกผละไปทันทีด้วยความไม่พอใจเป็นต้น เช่น กินแล้วก็สะบัดก้นไป พูดยังไม่ทันรู้เรื่องก็โกรธสะบัดก้นไปแล้ว.
สะบัดช่อ 0,ว.,อย่างที่สุด เช่น สวยสะบัดช่อ.
สะบัดมือ 0,ก.,ลุกไปทันทีเป็นเชิงเอาเปรียบหรือรู้มาก เช่น งานยังไม่ทันเสร็จก็สะบัดมือไปแล้ว กินอิ่มแล้วก็สะบัดมือไป.
สะบัดย่าง 0,ว.,"อาการที่ม้าวิ่งหรือเดินสะบัดขาอย่างสง่างาม เช่น ว่าพลางทางขับม้าสีหมอก ให้ออกสะบัดย่างวางใหญ่ (ขุนช้างขุนแผน), ฝ่ายสมิงพระรามขึ้นม้าควบไปแต่เวลาเช้าจนสามโมงบ่ายฝึกหัดม้านั้นให้รู้จักทำนองรบรับได้คล่องแคล่วสันทัดแล้ว ก็ชักม้าสะบัดย่างน้องเป็นเพลงทวนกลับมา (ราชาธิราช)."
สะบัดร้อนสะบัดหนาว 0,ก.,"ครั่นเนื้อครั่นตัว, มีอาการคล้ายจะเป็นไข้เพราะเดี๋ยวร้อนเดี๋ยวหนาว, โดยปริยายหมายความว่า มีความเร่าร้อนใจกลัวว่าจะถูกลงโทษหรือถูกตำหนิเป็นต้น เช่น ผู้ที่ทำความผิดไว้ พอเห็นผู้บังคับบัญชามาก็รู้สึกสะบัดร้อนสะบัดหนาว, ร้อน ๆ หนาว ๆ หรือ หนาว ๆ ร้อน ๆ ก็ว่า."
สะบัดลุกสะบัดนั่ง 0,ก.,"ผุดลุกผุดนั่ง, มีอาการคล้ายกระวนกระวายใจเพราะเดี๋ยวลุกเดี๋ยวนั่ง."
สะบัดสะบิ้ง 0,ก.,แสดงอาการกะบึงกะบอนแสนงอน เช่น เวลางอนก็ทำกิริยาสะบัดสะบิ้ง.
สะบัดสะบิ้ง 1,น.,ชื่อกลบทแบบหนึ่ง.
สะบัดหน้า 0,ก.,ไม่พอใจโดยผินหรือเบือนหน้าไปทันที เช่น สะบัดหน้าหนี.
สะบั้น 0,ว.,"อาการที่แยกหรือขาดจากกันอย่างเด็ดขาด เช่น สัมพันธภาพขาดสะบั้น ความรักขาดสะบั้น, โดยปริยายหมายความว่า อย่างยิ่ง, อย่างมาก, เช่น กินสะบั้น."
สะบันงา 0,น.,"ชื่อไม้ต้นชนิด Cananga odorata (Lam.) Hook. f. et Thomson ในวงศ์ Annonaceae ดอกหอม กลีบบาง มี ๖ กลีบ ดอกใช้กลั่นนํ้ามันหอมได้, กระดังงาใหญ่ สะบันงา หรือ สะบันงาต้น ก็เรียก. (เทียบ ม. canaga, kénanga), พรรณไม้ชนิดนี้มีพันธุ์หนึ่งเป็นไม้พุ่ม ดอกมักมีกลีบมากกว่า ๖ กลีบ หอมอ่อน เรียกว่า กระดังงาสงขลา [ Cananga odorata (Lam.) Hook. f. et Thomson var. fruticosa (Craib) J. Sinclair]."
สะบันงาจีน 0,น.,"ชื่อไม้เถาเนื้อแข็งชนิด Artabotrys hexapetalus (L. f.) Bhandari ในวงศ์ Annonaceae ดอกหอมจัดตอนเย็น กลีบหนา มี ๖ กลีบ ก้านดอกเป็นขอ, สะบันงาจีน ก็เรียก."
สะบันงาต้น 0,น.,"ชื่อไม้ต้นชนิด Cananga odorata (Lam.) Hook. f. et Thomson ในวงศ์ Annonaceae ดอกหอม กลีบบาง มี ๖ กลีบ ดอกใช้กลั่นนํ้ามันหอมได้, กระดังงาใหญ่ สะบันงา หรือ สะบันงาต้น ก็เรียก. (เทียบ ม. canaga, kénanga), พรรณไม้ชนิดนี้มีพันธุ์หนึ่งเป็นไม้พุ่ม ดอกมักมีกลีบมากกว่า ๖ กลีบ หอมอ่อน เรียกว่า กระดังงาสงขลา [ Cananga odorata (Lam.) Hook. f. et Thomson var. fruticosa (Craib) J. Sinclair]."
สะบั้นหั่นแหลก 0,ว.,อย่างที่สุด เช่น โกงสะบั้นหั่นแหลก บู๊สะบั้นหั่นแหลก.
สะบ้า 0,น.,"ชื่อไม้เถาชนิด Entada rheediiSpreng. ในวงศ์ Leguminosae ฝักมีเมล็ดกลมแบนแข็ง เรียกว่า ลูกสะบ้า ใช้ขัดสมุดไทยและทำยาได้, สะบ้ามอญ ก็เรียก"
สะบ้า 1,น.,ชื่อการเล่นชนิดหนึ่ง ใช้ลูกสะบ้าหรือของกลม ๆ อย่างงบนํ้าอ้อยล้อหรือทอยเป็นต้น.
สะบ้ามอญ 0,น.,"ชื่อไม้เถาชนิด Entada rheediiSpreng. ในวงศ์ Leguminosae ฝักมีเมล็ดกลมแบนแข็ง เรียกว่า ลูกสะบ้า ใช้ขัดสมุดไทยและทำยาได้, สะบ้ามอญ ก็เรียก"
สะบ้าหัวเข่า 0,น.,"กระดูกมีลักษณะกลม ๆ แบน ๆ คล้ายลูกสะบ้า มีเอ็นยึดระหว่างกล้ามเนื้อต้นขาด้านหน้ากับกระดูกหน้าแข้ง ประกอบเป็นส่วนนูนสุดของกระดูกหัวเข่า, ลูกสะบ้า ก็ว่า."
สะบู 0,น.,ดอกไม้ เช่น ถนัดดั่งสะบูบังใบ แม่เร้น (กำสรวล).
สะแบง 0,น.,"ชื่อไม้ต้นขนาดใหญ่ชนิด Dipterocarpus intricatus Dyer ในวงศ์ Dipterocarpaceae ขึ้นในป่าเต็งรัง ต้นมียางเหนียว เจาะเอานํ้ามันยางได้, ยางกราด เหียงกราด ตะแบง หรือ สะแบง ก็เรียก."
สะแบง 1,ก.,"สะพาย, ตระแบง ก็ว่า."
สะเปะสะปะ 0,ว.,"ไม่ตรงเป้า เช่น ชกต่อยสะเปะสะปะ, ไม่ตรงทาง เช่น คนเมาเดินสะเปะสะปะ, ไม่เป็นระเบียบ เช่น นอนแขนขาก่ายกันสะเปะสะปะ, อาการที่พูดเลอะเทอะเรื่อยเจื้อยไม่มีประเด็น เช่น พูดสะเปะสะปะ."
สะพรัก 0,ว.,พร้อม.
สะพรั่ง 0,ว.,อาการที่สิ่งอย่างเดียวกันจำนวนมากปรากฏพร้อม ๆ กัน เช่น ดอกไม้ในสวนบานสะพรั่ง มะม่วงออกช่อสะพรั่ง เขามีลูกสาว ๓ คน กำลังเป็นสาวสะพรั่ง.
สะพรึงกลัว 0,ว.,น่าพรั่นพรึง ใช้ว่า น่าสะพรึงกลัว เช่น เห็นร่างดำทะมึน น่าสะพรึงกลัว.
สะพรึบ 0,ว.,พร้อมพรั่งอยู่มากมายอย่างเต็มที่ เช่น พากันมาพร้อมสะพรึบ มากันสะพรึ่บพร้อม.
สะพรึ่บ 0,ว.,พร้อมพรั่งอยู่มากมายอย่างเต็มที่ เช่น พากันมาพร้อมสะพรึบ มากันสะพรึ่บพร้อม.
สะพรึบพร้อม 0,ว.,พร้อมพรั่งอยู่มากมายอย่างเต็มที่ เช่น พากันมาพร้อมสะพรึบ มากันสะพรึ่บพร้อม.
สะพรึ่บพร้อม 0,ว.,พร้อมพรั่งอยู่มากมายอย่างเต็มที่ เช่น พากันมาพร้อมสะพรึบ มากันสะพรึ่บพร้อม.
สะพัก 0,น.,ผ้าห่มเฉียงพาดทับบ่าซ้าย ราชาศัพท์ใช้ว่า ผ้าทรงสะพัก.
สะพัก 1,ก.,"ห่มผ้า, ห่มคลุม, เช่น สะพักพระถันปทุเมศ (ม. ร่ายยาว ทานกัณฑ์)."
สะพัง 0,น.,"แอ่ง, บ่อ, หนอง, ตะพัง ตระพัง หรือ กระพัง ก็เรียก."
สะพัด 0,ว.,"อาการที่เคลื่อนไหวเรื่อยไปอย่างรวดเร็วดุจกระแสนํ้าไหล เช่น ข่าวแพร่สะพัด เงินหมุนเวียนสะพัด, ตะพัด ก็ว่า."
สะพัด 1,ก.,"ผูก, คาด, ล้อม, เช่น ครั้นราตรีดึกสงัด เขาก็สะพัดสามรอบ (ลอ), กระพัด ก็ว่า."
สะพั้น 0,น.,"ชื่อโรคชนิดหนึ่ง มักเกิดแก่เด็กอ่อนหรือเด็กเล็ก ๆ มีอาการชัก มือเท้ากำ ตามตำราแพทย์แผนโบราณว่า มักเกิดเพราะผิดอากาศเป็นต้น, ตะพั้น ก็ว่า."
สะพาน 0,น.,"สิ่งที่สร้างหรือทำขึ้นสำหรับข้ามแม่นํ้าลำคลอง เป็นต้น, สิ่งที่สร้างหรือทำยื่นลงในนํ้าสำหรับขึ้นลง, ตะพาน ก็ว่า, ไม้ที่ทอดระหว่างหัวเสาสำหรับรับคอสองของอาคารที่เป็นตึกโบราณ, โดยปริยายหมายความว่า สื่อเชื่อมโยง เช่น ตีสนิทกับน้องชายเพื่อเป็นสะพานไปรู้จักกับพี่สาว."
สะพานแขวน 0,น.,สะพานที่สร้างแขวนไว้กับโซ่หรือสายลวด ไม่ใช้เสารับนํ้าหนักสะพาน แต่อาจมีเสาคํ้าสายลวดให้สูงตํ่าตามต้องการ.
สะพานชัก 0,น.,สะพานที่สร้างให้ยกเก็บได้เมื่อไม่ต้องการใช้.
สะพานช้าง 0,น.,"สะพานที่ทำแข็งแรงสำหรับให้ช้างข้ามในสมัยโบราณ, ตะพานช้าง ก็ว่า."
สะพานเชือก 0,น.,สะพานชั่วคราวที่ทำด้วยเชือกสำหรับข้ามแม่นํ้าลำคลอง.
สะพานเดินเรือ 0,น.,"พื้นที่ยกสูงขึ้นจากดาดฟ้าเรือ สำหรับนายเรือหรือนายยามเรือเดิน หรือสำหรับต้นหน กัปตันเรือ หรือผู้บังคับการเรือควบคุมและสั่งการเกี่ยวกับการนำเรือในน่านนํ้าให้ปลอดภัย, (โบ) สะพานเดินเรือใช้เป็นหอบังคับการด้วย."
สะพานทุ่น 0,น.,สะพานชั่วคราวที่ใช้ทุ่นรองไม้กระดานเป็นต้นสำหรับข้ามแม่นํ้าลำคลอง.
สะพานเบี่ยง 0,น.,สะพานที่สร้างขึ้นใช้ชั่วคราวโดยเบี่ยงจากสะพานที่กำลังสร้างหรือซ่อมอยู่.
สะพานปลา 0,น.,สะพานที่สร้างทอดยาวออกไปในนํ้า ใช้เป็นท่าเทียบเรือประมงเพื่อขนปลาเป็นต้นขึ้นจากเรือ.
สะพานโป๊ะ 0,น.,สะพานที่ทอดจากฝั่งไปที่โป๊ะเรือ ทำด้วยไม้กระดานเป็นต้น มีไม้ตอกประกับทางด้านขวางสำหรับเดิน.
สะพานไฟ 0,น.,"อุปกรณ์ไฟฟ้าคล้ายสวิตช์ สำหรับตัดกระแสไฟฟ้าจากวงจร, (ปาก) สวิตช์ขนาดใหญ่."
สะพานเรือก 0,น.,สะพานชั่วคราวที่ทำด้วยไม้ไผ่ผ่าซีกถักด้วยหวายหรือเชือก.
สะพานลอย 0,น.,"สะพานสูงแคบ ๆ ที่สร้างคร่อมขวางถนน ใช้เป็นทางให้คนเดินข้ามถนน รถสามารถแล่นผ่านใต้สะพานได้, สะพานสูง กว้าง และยาวมาก มักสร้างคร่อมทางรถไฟหรือสี่แยกที่ถนนสายสำคัญ ๆ ตัดกัน เพื่อให้รถยนต์แล่นผ่านไปมาได้โดยไม่ต้องรอให้รถไฟผ่านหรือรอสัญญาณไฟ."
สะพานเสี้ยว 0,น.,สะพานที่สร้างให้ปลายโค้งเลี้ยวไปทางขวาหรือซ้าย.
สะพานหก 0,น.,สะพานที่สร้างให้ส่วนหนึ่งยกขึ้นได้เพื่อเปิดทางให้เรือแล่นผ่าน.
สะพานหนู 0,น.,"ไม้กระดานเล็กตรึงทับบนไม้เชิงกลอน, ตะพานหนู ก็ว่า."
สะพานหัน 0,น.,สะพานที่สร้างให้บางส่วนหันเบนออกไปทางซ้ายหรือขวา เพื่อเปิดทางให้เรือแล่นผ่าน.
สะพาย 0,น.,"แขวนบ่า, ห้อยเฉียงบ่า, เช่น สะพายย่าม สะพายกระเป๋า, ตะพาย ก็ว่า."
สะพายเฉียง 0,ก.,ห่มเฉียงบ่า.
สะพายแล่ง 0,ว.,"ลักษณะที่ถูกฟันขาดเฉียงบ่า เรียกว่า ขาดสะพายแล่ง, ตะพายแล่ง ก็ว่า."
สะเพร่า 0,ว.,"อาการที่ทำอย่างหวัด ๆ ลวก ๆ, ขาดความรอบคอบ, ไม่ถี่ถ้วน, ไม่เรียบร้อย, เช่น เขียนหนังสือสะเพร่าตก ๆ หล่น ๆ ล้างแก้วสะเพร่า ไม่สะอาด."
สะโพก 0,น.,"ส่วนของร่างกายเบื้องหลังถัดบั้นเอวลงไป มีเนื้อเป็นกระพุ้งทั้ง ๒ ข้าง, กล้ามเนื้อส่วนบนที่นูนขึ้นของโคนขาสัตว์สองเท้าหรือโคนขาหลังของสัตว์สี่เท้า, ตะโพก ก็ว่า."
สะเภา 0,น.,"เรือสำเภา, ตะเภา ก็เรียก."
สะเภา 1,น.,"ชื่อหนึ่งของดาวฤกษ์ปุนัพสุ มี ๓ ดวง, ดาวหัวสำเภา ดาวสำเภาทอง ดาวยามเกา ดาวตาเรือชัย หรือ ดาวปุนัพพสู ก็เรียก."
สะใภ้ 0,น.,"หญิงที่มาแต่งงานกับญาติผู้ชาย, เมียของญาติ, เช่น ถ้าเป็นเมียของลูกชาย เรียก ลูกสะใภ้ ถ้าเป็นเมียของลุง เรียก ป้าสะใภ้, (ปาก) ตะใภ้."
สะโมง 0,น.,"ชื่อเฟินอิงอาศัยชนิด Drynaria quercifolia (L.) J. Sm. ในวงศ์ Polypodiaceae ขึ้นเกาะตามต้นไม้ใหญ่ในป่าที่ชุ่มชื้น เหง้ามีขนเป็นปุยสีนํ้าตาลแก่คล้ายกระแต ใบมี ๒ ชนิด คือ ใบสร้างอับสปอร์ ยาวประมาณ ๑ เมตร เว้าเป็นแฉกลึกเกือบถึงเส้นกลางใบ และมีอับสปอร์เป็นจุด ๆ สีนํ้าตาลเข้มใต้ใบ ใบไม่สร้างอับสปอร์ ขนาดประมาณฝ่ามือ ขอบจักหยาบ ๆ สีนํ้าตาล แข็งติดอยู่กับเหง้าจนผุ ไม่หล่นเหมือนใบสร้างอับสปอร์ ทำหน้าที่กักปุ๋ย, กระปรอกว่าว ใบหูช้าง สไบนาง สะโมง หรือ หัวว่าว ก็เรียก."
สะระตะ 0,ก.,"เก็งหรือคาดหมายเอาโดยยึดเค้าเดิมเป็นหลัก เช่น ข้าพระพุทธเจ้าคิดสะระตะอยู่ว่าจะแก้ไขอย่างไรดี (หนังสือเจ้าพระยาพระเสด็จฯ กราบบังคมทูล ร. ๕), สรตะ ก็ว่า."
สะระแหน่ 0,น.,ชื่อไม้ล้มลุกชนิด Mentha cordifolia Opiz ex Fresen. ในวงศ์ Labiatae ใบมีกลิ่นฉุน กินได้.
สะละปะตุ่น 0,น.,ไหมชนิดหนึ่ง.
สะลาง 0,น.,"ชื่อไม้ต้นชนิด Diospyros undulata Wall. ex G. Don var. cratericalyx (Craib) Bakh. ในวงศ์ Ebenaceae ขึ้นในป่าดิบ มีมากทางภาคใต้ สูงได้ถึง ๒๐ เมตร ไม่ผลัดใบ, จะเพลิง ชะเพลิง คำดีควาย ดูกค่าง ตะโกดำ พลับเขา ไหม้ หม้าย หรือ สะลาง ก็เรียก."
สะลาบ 0,น.,ผิวของพิมพ์หล่อพระที่แตกออกเป็นกาบเล็ก ๆ เมื่อความร้อนลดลงกะทันหัน.
สะลึมสะลือ 0,ว.,ครึ่งหลับครึ่งตื่นหรืองัวเงียเพราะเมาหรือง่วง เช่น พอเมาได้ที่ก็นั่งสะลึมสะลือ เมื่อคืนนอนดึก ตื่นขึ้นมาเลยสะลึมสะลือ.
สะวี้ดสะว้าด 0,ว.,"รวดเร็ว, ฉวัดเฉวียน, เช่น ขับรถสะวี้ดสะว้าด"
สะวี้ดสะว้าด 1,ว.,"ฉูดฉาด, นำสมัยแบบโลดโผน, เช่น เด็ก ๆ ไม่ควรแต่งตัวสะวี้ดสะว้าด."
สะสม 0,ก.,"สั่งสม, รวบรวมให้เพิ่มมากขึ้นเรื่อย ๆ, เช่น เขาสะสมนาฬิกาเป็นงานอดิเรก."
สะสวย 0,ว.,สวย.
สะสวย 1,ว.,"ค่อนข้างสวย, อยู่ในเกณฑ์สวย, (มักใช้แก่ผู้หญิง), เช่น เด็ก ๆ แต่งตัวสะสวย เธอเป็นคนหน้าตาสะสวย."
สะสาง 0,ก.,ทำเรื่องที่มีปัญหาหรือสิ่งที่สะสมหมักหมมอยู่ให้เสร็จสิ้นไป เช่น สะสางงานที่คั่งค้าง สะสางคดี.
สะเหล่อ 0,ว.,"ทั้งเซ่อและเล่อ, ทั้งเซ่อซ่าและเล่อล่า."
สะอาง 0,ว.,งามสะอาดหมดจด เช่น สาวสะอาง สวยสะอาง สะอางองค์.
สะอาด 0,ว.,"ไม่สกปรก เช่น เสื้อผ้าสะอาด บ้านเรือนสะอาด น้ำสะอาด, หมดจด, ผ่องใส, เช่น จิตใจสะอาด, ไม่มีตำหนิ, บริสุทธิ์, ไม่ทุจริต, เช่น เขาเป็นคนใจซื่อมือสะอาด."
สะอาดสะอ้าน 0,ว.,สะอาดหมดจด เช่น เด็กคนนี้หน้าตาสะอาดสะอ้าน.
สะอ้าน 0,ว.,"หมดจด, สะอาด, มักใช้เข้าคู่กับคำ สะอาด เป็น สะอาดสะอ้าน."
สะอิ้ง 0,ว.,อาการที่เดินเอวอ่อนไปอ่อนมา เช่น เดินสะอิ้ง.
สะอิ้ง 1,น.,"สายรัดเอว เป็นเครื่องประดับสำหรับผู้หญิง, สะเอ้ง ก็ว่า."
สะอิดสะเอียน 0,ก.,ชวนให้คลื่นไส้อย่างรุนแรง ทั้งโดยตรงและโดยปริยายต่อสิ่งที่เร้าเร่งให้เกิดอารมณ์เช่นนั้น เช่น เห็นหมาเน่าแล้วสะอิดสะเอียน เห็นคนฉ้อราษฎร์บังหลวงแล้วสะอิดสะเอียนไม่อยากเข้าใกล้.
สะอึก 0,ก.,อาการที่หายใจชะงักเนื่องจากกะบังลมหดตัว และช่องสายเสียงก็ปิดตามมาทันทีทันใดในเวลาเดียวกัน
สะอึก 1,ก.,โดยปริยายหมายความว่า ชะงักงัน เช่น พอถูกถามปัญหาแทงใจดำเข้าก็สะอึกทันที.
สะอึกเข้าใส่ 0,ก.,"กรากเข้าใส่, พรวดเข้าใส่, เช่น เมื่อมีคนจะทำร้ายนาย ลูกน้องก็สะอึกเข้าใส่ทันที พอถูกฝ่ายหนึ่งชกก็สะอึกเข้าใส่."
สะอึกสะอื้น 0,ก.,ร้องไห้ร่ำไรมีเสียงสะอื้นเป็นห้วง ๆ เช่น เด็กถูกตี หลังจากหยุดร้องไห้แล้วก็ยังสะอึกสะอื้นอยู่.
สะอึกสะอื้น 1,ว.,อาการที่ร้องไห้รํ่าไรมีเสียงสะอื้นเป็นห้วง ๆ เช่น แม่ตีทีเดียว ร้องไห้สะอึกสะอื้นไปตั้งชั่วโมง.
สะอื้น 0,ก.,"ถอนใจสะท้อนเป็นระยะ ๆ เพราะร้องไห้มากเนื่องจากเสียใจระทมใจเป็นต้น, ถอนใจสะท้อนเป็นระยะ ๆ."
สะเอ้ง 0,น.,"สายรัดเอว เป็นเครื่องประดับสำหรับผู้หญิง, สะอิ้ง ก็ว่า."
สะเอ้ง 1,น.,"ชื่อไม้ต้นชนิด Pternandra caerulescens Jack ในวงศ์ Melastomataceae ใบมีเส้นตามยาว ๓ เส้น ดอกสีม่วงแกมน้ำเงิน, พลองแก้มอ้น ก็เรียก."
สะเอ้ง 2,น.,ชื่อไม้เถาชนิด Strychnos thorelii Pierre ex Dop ในวงศ์ Strychnaceae ใบมีเส้นตามยาว ๓ เส้น มีมือพัน ๒ แฉก.
สะเอว 0,น.,"ส่วนกลางของร่างกายระหว่างชายโครงกับกระดูกตะโพกทั้ง ๒ ข้าง, กะเอว บั้นเอว หรือ เอว ก็ว่า."
สะเออะ 0,ก.,"เสนอหน้าเข้าไปในสถานที่ที่ไม่สมควรเช่นในที่รโหฐานเมื่อไม่มีหน้าที่เกี่ยวข้อง, เจ๋อ, เช่น สะเออะไปนั่งเก้าอี้ประธาน, เสนอหน้าพูดเป็นต้นโดยไม่มีหน้าที่เกี่ยวข้อง เช่น นายยังไม่ทันถาม ก็สะเออะรายงาน."
สะเออะ 1,น.,เรียกนํ้าที่ได้จากเนื้อสัตว์สดเช่นกุ้ง เนื้อที่คั้นกับนํ้ามะนาว ตั้งไฟให้สุก ใช้ปรุงรส ว่า นํ้าสะเออะ.
สะโอดสะอง 0,ว.,งามอย่างมีรูปร่างระหง เช่น นางแบบคนนี้รูปร่างสะโอดสะอง.
สะไอ 0,น.,"กลิ่นเหม็นแสดงว่าจวนจะบูด เช่น แกงมีสะไอจวนจะบูดแล้ว, กระไอ ก็ว่า."
สะไอ 1,ว.,"มีกลิ่นเหม็นแสดงว่าจวนจะบูด เช่น ข้าวเหม็นสะไอ, กระไอ ก็ว่า."
สัก 0,น.,ชื่อไม้ต้นชนิด Tectona grandis L.f. ในวงศ์ Labiatae เนื้อไม้แข็งและคงทน เหมาะแก่การสร้างบ้านและทำเครื่องเรือน ใบและเนื้อไม้ใช้ทำยาได้.
สัก 1,ก.,"ทำให้ตึง, ทำให้แน่น, เช่น สักว่าว สักที่นอน."
สัก 2,ก.,"เอาของแหลมแทงลงด้วยวิธีการหรือเพื่อประโยชน์ต่าง ๆ กัน เช่น สักปลาไหล สักหาของในนํ้า สักรอยชํ้าเพื่อรีดเอาเลือดที่คั่งออก, ใช้เหล็กแหลมจุ้มหมึกหรือนํ้ามันแทงที่ผิวหนังให้เป็นอักขระเครื่องหมาย หรือลวดลาย, ถ้าใช้หมึก เรียกว่า สักหมึก, ถ้าใช้นํ้ามัน เรียกว่า สักนํ้ามัน, (โบ) ทำเครื่องหมายโดยใช้เหล็กแหลมจุ้มหมึกจิ้มที่ผิวหนังเพื่อแสดงเป็นหลักฐานบนร่างกายส่วนใดส่วนหนึ่ง เช่น สักข้อมือ แสดงว่าได้ขึ้นทะเบียนเป็นชายฉกรรจ์หรือเป็นเลกมีสังกัดกรมกองแล้ว สักหน้า แสดงว่าเป็นผู้ที่ต้องโทษปาราชิกเป็นต้น."
สัก 3,ว.,"อย่างน้อย, เพียง, ราว, เช่น ขอเวลาสัก ๒ วัน."
สักกระหม่อม 0,ก.,ใช้เหล็กแหลมจุ้มหมึกหรือน้ำมันแทงลงกลางศีรษะให้เป็นอักขระหรือเครื่องหมาย.
สักกะ 0,น.,พระอินทร์.
สักกะ 1,น.,"ชื่อวงศ์กษัตริย์วงศ์หนึ่งในเมืองกบิลพัสดุ์, ศากยะ ก็ว่า. (ป.; ส. ศากฺย). (ดู ศากย-, ศากยะ)."
สักกัจจะ 0,ว.,ด้วยความเคารพ.
สักกาย- 0,น.,กายของตน.
สักกายทิฐิ 0,น.,ความยึดถือว่ากายหรือตัวเป็นของตน.
สักการ- 0,ก.,"บูชาด้วยสิ่งหรือเครื่องอันพึงบูชา เช่น ดอกไม้ ธูป เทียน, บางทีก็ใช้เข้าคู่กับคำ บูชา เป็น สักการบูชา."
สักการะ 0,ก.,"บูชาด้วยสิ่งหรือเครื่องอันพึงบูชา เช่น ดอกไม้ ธูป เทียน, บางทีก็ใช้เข้าคู่กับคำ บูชา เป็น สักการบูชา."
สักขรา 0,น.,"นํ้าตาล, นํ้าตาลกรวด."
สักขี 0,น.,"พยานผู้รู้เห็นเหตุการณ์ด้วยตาตนเอง, มักใช้เข้าคู่กับคำ พยาน เป็น สักขีพยาน."
สักขี 1,น.,"ชื่อไม้เถาเนื้อแข็งชนิด Dalbergia candenatensis (Dennst.) Prain ในวงศ์ Leguminosae แก่นแดง มีเสี้ยนดำ ใช้ทำยาได้, กรักขี หรือ ขรี ก็เรียก."
สักขี้ไก่ 0,น.,ต้นกะเปียด. (ดู กะเปียด).
สักขีพยาน 0,น.,พยานผู้รู้เห็นเหตุการณ์ด้วยตาตนเอง.
สักเข้าหมู่ 0,น.,"การสักบอกสังกัด, การสักเลกหรือคนที่ต้องขึ้นทะเบียนเป็นไพร่หลวงหรือไพร่สม ให้รู้ว่าอยู่ในหมู่ใดกรมใด เพื่อใช้ในราชการและไม่ให้ไพร่อยู่อย่างไร้สังกัด เช่น ไพร่หลวงทั้งปวงซึ่งมีสักหมายหมู่กรมนั้นแล้ว (สามดวง), หมายประกาศเรื่องปลอมสักหมายหมู่ (ประชุมประกาศรัชกาลที่ ๔), สักเข้าหมู่ ก็ว่า."
สักฏะ 0,น.,ภาษาสันสกฤต.
สักตะ 0,น.,ภาษาสันสกฤต.
สักแต่ว่า 0,ว.,เพียงแต่ว่า...เท่านั้น เช่น สักแต่ว่ากวาดบ้าน ยังมีขี้ผงอยู่เลย สักว่าทำพอให้พ้นตัว.
สักที่นอน 0,ก.,เย็บกรึงที่นอนเป็นระยะ ๆ เพื่อให้นุ่นเป็นต้นอยู่คงที่ไม่เลื่อนไปเลื่อนมา.
สักยะ 0,น.,"ชื่อวงศ์กษัตริย์วงศ์หนึ่งในเมืองกบิลพัสดุ์, ศากยะ ก็ว่า. (ป.; ส. ศากฺย). (ดู ศากย-, ศากยะ)."
สักวา 0,น.,"ชื่อคำประพันธ์ชนิดหนึ่ง บทหนึ่งมี ๔ คำกลอน ขึ้นต้นด้วยคำ “สักวา” และลงท้ายด้วยคำ “เอย”, ชื่อลำนำเพลงอย่างหนึ่ง ร้องเป็นทำนองโต้ตอบกัน."
สักว่า 0,ว.,เพียงแต่ว่า...เท่านั้น เช่น สักแต่ว่ากวาดบ้าน ยังมีขี้ผงอยู่เลย สักว่าทำพอให้พ้นตัว.
สักว่าว 0,ก.,เอาลูกปลาปิดทับเชือกที่ผูกโครงว่าวจุฬาตรงที่ไขว้กันเป็นตาตารางเพื่อยึดกระดาษและเชือกให้แน่น.
สักหมายหมู่ 0,น.,"การสักบอกสังกัด, การสักเลกหรือคนที่ต้องขึ้นทะเบียนเป็นไพร่หลวงหรือไพร่สม ให้รู้ว่าอยู่ในหมู่ใดกรมใด เพื่อใช้ในราชการและไม่ให้ไพร่อยู่อย่างไร้สังกัด เช่น ไพร่หลวงทั้งปวงซึ่งมีสักหมายหมู่กรมนั้นแล้ว (สามดวง), หมายประกาศเรื่องปลอมสักหมายหมู่ (ประชุมประกาศรัชกาลที่ ๔), สักเข้าหมู่ ก็ว่า."
สักหลาด 0,น.,ผ้าทำด้วยขนสัตว์.
สัขยะ 0,น.,"มิตรภาพ, ความสนิทสนมกัน, ความรักใคร่กัน."
สัค 0,น.,สวรรค์.
สัคคะ 0,น.,สวรรค์.
สัง 0,น.,ต้นมะสัง. (ดู มะสัง).
สั่ง 0,ก.,บอกไว้เพื่อให้ทำหรือให้ปฏิบัติเป็นต้น เช่น ครูสั่งให้นักเรียนทำการบ้าน แม่สั่งให้ถูบ้าน
สั่ง 1,ก.,บอกไว้อาลัยในการที่จะจากไป เช่น ฝนสั่งฟ้า ทศกัณฐ์สั่งเมือง อิเหนาสั่งถ้ำ สิ้นเสียงก็สิ้นสั่ง ตายไม่ทันสั่ง.
สั่ง 2,ก.,ทำให้ลมดันนํ้ามูกออกจากจมูกโดยแรง ในคำว่า สั่งน้ำมูก.
สังกมทรัพย์ 0,น.,"สังหาริมทรัพย์ซึ่งโดยปรกติอาจใช้ของอื่นอันเป็นประเภทและชนิดเดียวกันมีปริมาณเท่ากันแทนได้, ตรงข้ามกับ อสังกมทรัพย์."
สังกร 0,น.,"ความปะปน, ความคาบเกี่ยว."
สังกรณี 0,น.,ชื่อไม้พุ่มชนิด Barleria strigosaWilld. ในวงศ์ Acanthaceae ดอกสีม่วงอมฟ้า รากใช้ทำยาได้.
สังกรประโยค 0,น.,ประโยคใหญ่ที่มีประโยคเล็กตั้งแต่ ๒ ประโยคขึ้นไปมารวมกัน โดยมีประโยคหลักที่มีใจความสำคัญเพียงประโยคเดียว ส่วนประโยคเล็กทำหน้าที่แต่งหรือประกอบประโยคหลัก.
สังกะตัง 0,ว.,ลักษณะที่ติดแน่นเป็นปมเหนียวที่ผมหรือขนสัตว์สางไม่ออก เช่น ผมเป็นสังกะตัง.
สังกะวัง 0,น.,ชื่อปลานํ้าจืดชนิด Pangasius polyuranodon Bleeker ในวงศ์ Schilbeidae ลักษณะรูปร่างคล้ายปลาสวายแต่เพรียวกว่า ครีบหลังและครีบอกมีปลายยื่นยาว หนวดยาวถึงหรือเลยครีบอก ลำตัวด้านหลังสีเทาแกมเขียวหรือน้ำเงินเข้ม ขนาดยาวได้ถึง ๑ เมตร.
สังกะวาด 0,น.,"ชื่อปลาน้ำจืดหลายชนิด โดยเฉพาะชนิด Laides hexanema (Bleeker) และ Helicophagus waandersiiBleeker อีกทั้งเป็นชื่อที่ยังใช้เรียกปลาสวาย หรือ ยอน ที่มีขนาดเล็กหรือยังมีขนาดเล็กบางชนิดในสกุล Pangasiusซึ่งอยู่ในวงศ์ Schilbeidae เดียวกันและมีรูปร่างคล้ายกัน คือ มีลำตัวยาวเรียว แบนข้าง และมีมีหนวด ๒-๔ คู่ มีพฤติกรรมในการกินสิ่งเน่าเปื่อย ในฤดูร้อนช่วงสืบพันธุ์จะรวมฝูงกันในแม่น้ำ จับคู่รัดกัน จนปลาเกิดมีรอยช้ำสีแดงหรือชมพูเป็นทางยาวอยู่ทั้ง ๒ ข้างลำตัว, สังคะวาด สังกะแวง หรือ ยอน ก็เรียก."
สังกะแวง 0,น.,"ชื่อปลาน้ำจืดหลายชนิด โดยเฉพาะชนิด Laides hexanema (Bleeker) และ Helicophagus waandersiiBleeker อีกทั้งเป็นชื่อที่ยังใช้เรียกปลาสวาย หรือ ยอน ที่มีขนาดเล็กหรือยังมีขนาดเล็กบางชนิดในสกุล Pangasiusซึ่งอยู่ในวงศ์ Schilbeidae เดียวกันและมีรูปร่างคล้ายกัน คือ มีลำตัวยาวเรียว แบนข้าง และมีมีหนวด ๒-๔ คู่ มีพฤติกรรมในการกินสิ่งเน่าเปื่อย ในฤดูร้อนช่วงสืบพันธุ์จะรวมฝูงกันในแม่น้ำ จับคู่รัดกัน จนปลาเกิดมีรอยช้ำสีแดงหรือชมพูเป็นทางยาวอยู่ทั้ง ๒ ข้างลำตัว, สังคะวาด สังกะแวง หรือ ยอน ก็เรียก."
สังกะสี 0,น.,ธาตุลำดับที่ ๓๐ สัญลักษณ์ Zn เป็นโลหะ ลักษณะเป็นของแข็งสีขาวแกมนํ้าเงิน หลอมละลายที่ ๔๑๙ °ซ. ใช้ประโยชน์ได้มาก เช่น นำไปผสมกับโลหะอื่นให้เป็นโลหะเจือ ใช้ฉาบผิวเหล็กเพื่อกันสนิม. (อ. zinc)
สังกะสี 1,น.,เหล็กชุบสังกะสีบาง ๆ เป็นแผ่นเรียบหรือเป็นลอนอย่างลูกฟูก ใช้มุงหลังคาเป็นต้น เช่น หลังคาสังกะสี รั้วสังกะสี.
สังกัด 0,ก.,"ขึ้นอยู่, รวมอยู่, เช่น กรมศิลปากรสังกัดกระทรวงวัฒนธรรม."
สังกัด 1,น.,"ส่วนราชการที่มีหน่วยงานย่อย ๆ ขึ้นอยู่ เช่น กรมการศาสนาอยู่ในสังกัดกระทรวงวัฒนธรรม, โดยปริยายหมายถึงที่อยู่เป็นหลักแหล่ง เช่น เขาเป็นคนไม่มีสังกัด คือ เป็นคนที่ไม่มีที่อยู่เป็นหลักแหล่ง หมายถึง คนที่เร่ร่อนพเนจร."
สังกัปปะ 0,น.,ความดำริ.
สังกา 0,น.,สงกา.
สังการ 0,น.,"หยากเยื่อ, ขยะกุมฝอย."
สังกาศ 0,ว.,"คล้าย, เหมือน, เปรียบ."
สังกิเลส 0,น.,เครื่องทำให้ใจเศร้าหมอง.
สังเกต 0,ก.,"กำหนดไว้, หมายไว้, เช่น ทำเครื่องหมายไว้เป็นที่สังเกต"
สังเกต 1,ก.,"ตั้งใจดู, จับตาดู, เช่น ไม่ได้สังเกตว่าวันนี้เขาแต่งตัวสีอะไร สังเกตกิริยาท่าทางเขาไว้ว่าเป็นคนดีหรือคนร้าย."
สังเกตการณ์ 0,ก.,เฝ้าดูหรือศึกษาเหตุการณ์หรือเรื่องราวพอรู้เรื่อง.
สังเกตการณ์ 1,น.,เรียกผู้เข้าร่วมประชุมที่ไม่มีสิทธิ์ลงคะแนนเสียง ว่า ผู้สังเกตการณ์.
สังข์ 0,น.,"ชื่อหอยทะเลกาบเดี่ยวหลายชนิด เช่น สังข์รดน้ำหรือสังข์อินเดีย (Turbinella pyrumLamarck) ในวงศ์ Turbinellidae เปลือกสีขาว รูปทรงงดงาม ใช้สำหรับหลั่งน้ำพระพุทธมนต์หรือน้ำเทพมนตร์, สังข์แตร [Chalonia tritonis (Linn.)] ในวงศ์ Cymatiidae เปลือกมีสีและลวดลายสวยงาม ใช้เป่าในงานพิธีของชาวเกาะแถบมหาสมุทรแปซิฟิกตอนใต้, ลักษณนามว่า ขอน เช่น สังข์ ๒ ขอน."
สังข- 0,น.,"ชื่อหอยทะเลกาบเดี่ยวหลายชนิด เช่น สังข์รดน้ำหรือสังข์อินเดีย (Turbinella pyrumLamarck) ในวงศ์ Turbinellidae เปลือกสีขาว รูปทรงงดงาม ใช้สำหรับหลั่งน้ำพระพุทธมนต์หรือน้ำเทพมนตร์, สังข์แตร [Chalonia tritonis (Linn.)] ในวงศ์ Cymatiidae เปลือกมีสีและลวดลายสวยงาม ใช้เป่าในงานพิธีของชาวเกาะแถบมหาสมุทรแปซิฟิกตอนใต้, ลักษณนามว่า ขอน เช่น สังข์ ๒ ขอน."
สังขกร 0,น.,ผู้มีสังข์อยู่ในมือคือ พระนารายณ์.
สังขต- 0,ว.,ที่ปรุงแต่งขึ้น (ใช้ในทางศาสนา).
สังขตธรรม 0,น.,สิ่งที่มีปัจจัยปรุงแต่งขึ้น.
สังขตะ 0,ว.,ที่ปรุงแต่งขึ้น (ใช้ในทางศาสนา).
สังขยา 0,น.,"การนับ, การคำนวณ."
สังขยา 1,น.,"ชื่อขนมชนิดหนึ่ง โดยมากทำด้วยไข่ขาว นํ้าตาล และกะทิ, ถ้าทำเป็นหน้าข้าวเหนียวไม่ใส่กะทิ"
สังขยา 2,น.,ขนมชนิดหนึ่ง ทำด้วยไข่ น้ำตาลทราย กะทิหรือนมข้น บางทีมีน้ำใบเตยเล็กน้อย กวนในกระทะ กินกับขนมปัง.
สังขลิก 0,น.,"เครื่องจองจำ, โซ่ตรวน."
สังขลิกา 0,น.,"เครื่องจองจำ, โซ่ตรวน."
สังขาร 0,น.,"ร่างกาย, ตัวตน, สิ่งที่ประกอบและปรุงแต่งขึ้นเป็นร่างกายและจิตใจรวมกัน, เช่น สังขารร่วงโรย สังขารไม่เที่ยง"
สังขาร 1,น.,ความคิดเป็นขันธ์ ๑ ในขันธ์ ๕ คือ รูป เวทนา สัญญา สังขาร วิญญาณ. (ป.; ส. สํสฺการ).
สังขาร 2,ก.,"ตาย เช่น ถึงซึ่งสังขาร, ในบทกลอนใช้ว่า สังขาร์ ก็มี."
สังขาร- 0,น.,"ร่างกาย, ตัวตน, สิ่งที่ประกอบและปรุงแต่งขึ้นเป็นร่างกายและจิตใจรวมกัน, เช่น สังขารร่วงโรย สังขารไม่เที่ยง"
สังขาร- 1,น.,ความคิดเป็นขันธ์ ๑ ในขันธ์ ๕ คือ รูป เวทนา สัญญา สังขาร วิญญาณ. (ป.; ส. สํสฺการ).
สังขาร- 2,ก.,"ตาย เช่น ถึงซึ่งสังขาร, ในบทกลอนใช้ว่า สังขาร์ ก็มี."
สังขารธรรม 0,น.,สิ่งที่มีปัจจัยปรุงแต่ง.
สังขารโลก 0,น.,ชุมนุมแห่งสังขารทั้งปวง.
สังขารา 0,น.,ชื่อทำนองเพลงไทย ใช้ขับร้องในการเล่นหุ่นกระบอก.
สังเขป 0,น.,"ใจความย่อ, เค้าความย่อ, เช่น เขียนมาพอเป็นสังเขป."
สังโขภ 0,น.,ความปั่นป่วน เช่น ธาตุสังโขภ ว่า ความปั่นป่วนแห่งธาตุ.
สังค์ 0,น.,"ความข้องอยู่, การติดอยู่."
สังค- 0,น.,"ความข้องอยู่, การติดอยู่."
สังคญาติ 0,น.,"บรรดาญาติ, ผู้ที่เกี่ยวข้องเป็นญาติกัน, เช่น คนทั้งหมู่บ้านล้วนเป็นสังคญาติกันทั้งนั้น."
สังคม 0,น.,คนจำนวนหนึ่งที่มีความสัมพันธ์ต่อเนื่องกันตามระเบียบ กฎเกณฑ์ โดยมีวัตถุประสงค์สำคัญร่วมกัน เช่น สังคมชนบท
สังคม 1,น.,วงการหรือสมาคมของคนกลุ่มใดกลุ่มหนึ่ง เช่น สังคมชาวบ้าน.
สังคม 2,ว.,ที่เกี่ยวกับการพบปะสังสรรค์หรือชุมนุมชน เช่น วงสังคม งานสังคม.
สังคม- 0,น.,คนจำนวนหนึ่งที่มีความสัมพันธ์ต่อเนื่องกันตามระเบียบ กฎเกณฑ์ โดยมีวัตถุประสงค์สำคัญร่วมกัน เช่น สังคมชนบท
สังคม- 1,น.,วงการหรือสมาคมของคนกลุ่มใดกลุ่มหนึ่ง เช่น สังคมชาวบ้าน.
สังคม- 2,ว.,ที่เกี่ยวกับการพบปะสังสรรค์หรือชุมนุมชน เช่น วงสังคม งานสังคม.
สังคมนิยม 0,น.,ทฤษฎีเศรษฐกิจและการเมือง ที่มีหลักการให้รัฐหรือส่วนรวมเป็นเจ้าของปัจจัยในการผลิต ตลอดจนการจำแนกแจกจ่าย และวางระเบียบการบริโภคผลผลิต.
สังคมวิทยา 0,น.,วิชาว่าด้วยเรื่องสังคม.
สังคมศาสตร์ 0,น.,ศาสตร์ว่าด้วยความรู้เกี่ยวกับสังคม มีหมวดใหญ่ ๆ เช่น ประวัติศาสตร์ (เกี่ยวกับสังคม) มานุษยวิทยา สังคมวิทยา เศรษฐศาสตร์ รัฐศาสตร์ จิตวิทยาสังคม.
สังคมศึกษา 0,น.,หมวดวิชาที่ประกอบด้วยวิชาภูมิศาสตร์ ประวัติศาสตร์ หน้าที่พลเมือง และศีลธรรม.
สังคมสงเคราะห์ 0,น.,การดำเนินงานเพื่อช่วยเหลือบุคคลให้สามารถช่วยตนเองได้.
สังคห- 0,น.,การรวบรวม
สังคห- 1,น.,การย่อ
สังคห- 2,น.,"ความเกื้อกูล, ความเอื้อเฟื้อ"
สังคห- 3,น.,การสงเคราะห์.
สังคหวัตถุ 0,น.,ธรรมที่เป็นเครื่องยึดเหนี่ยวใจบุคคลและประสานหมู่ชนไว้ในความสามัคคี ได้แก่ ทาน ปิยวาจา อัตถจริยา สมานัตตตา.
สังคหะ 0,น.,การรวบรวม
สังคหะ 1,น.,การย่อ
สังคหะ 2,น.,"ความเกื้อกูล, ความเอื้อเฟื้อ"
สังคหะ 3,น.,การสงเคราะห์.
สังคะวาด 0,น.,"ชื่อปลาน้ำจืดหลายชนิด โดยเฉพาะชนิด Laides hexanema (Bleeker) และ Helicophagus waandersiiBleeker อีกทั้งเป็นชื่อที่ยังใช้เรียกปลาสวาย หรือ ยอน ที่มีขนาดเล็กหรือยังมีขนาดเล็กบางชนิดในสกุล Pangasiusซึ่งอยู่ในวงศ์ Schilbeidae เดียวกันและมีรูปร่างคล้ายกัน คือ มีลำตัวยาวเรียว แบนข้าง และมีมีหนวด ๒-๔ คู่ มีพฤติกรรมในการกินสิ่งเน่าเปื่อย ในฤดูร้อนช่วงสืบพันธุ์จะรวมฝูงกันในแม่น้ำ จับคู่รัดกัน จนปลาเกิดมีรอยช้ำสีแดงหรือชมพูเป็นทางยาวอยู่ทั้ง ๒ ข้างลำตัว, สังคะวาด สังกะแวง หรือ ยอน ก็เรียก."
สังคัง 0,น.,โรคผิวหนังชนิดหนึ่ง ส่วนใหญ่เกิดจากเชื้อรา (Epidermophyton floccosum) บางรายเกิดจากเชื้อราในสกุล Trichophyton เกิดที่ถุงอัณฑะ ลักษณะเป็นผื่นแดง มีสะเก็ด มีอาการคันมาก.
สังคาตา 0,น.,พ่อ.
สังคายนา 0,น.,"การซักซ้อม, การสวดพร้อมกันและเป็นแบบเดียวกัน, การประชุมชำระพระไตรปิฎกให้เป็นแบบเดียวกัน."
สังคายนา 1,ก.,สะสาง เช่น เรื่องนี้ต้องสังคายนากันเสียที.
สังคายนาย 0,น.,"การซักซ้อม, การสวดพร้อมกันและเป็นแบบเดียวกัน, การประชุมชำระพระไตรปิฎกให้เป็นแบบเดียวกัน."
สังคายนาย 1,ก.,สะสาง เช่น เรื่องนี้ต้องสังคายนากันเสียที.
สังคีต 0,น.,การร้องรำทำเพลง เช่น สังคีตศิลป์.
สังคีติ 0,น.,"สังคายนา, การสวดพร้อมกันและเป็นแบบเดียวกัน, การประชุมชำระพระไตรปิฎกให้เป็นแบบเดียวกัน."
สังเค็ด 0,น.,ทานวัตถุมีตู้พระธรรมโต๊ะหมู่เป็นต้น ที่เจ้าภาพจัดถวายแก่สงฆ์หรือภิกษุผู้เทศน์หรือชักบังสุกุลในเวลาปลงศพ เรียกว่า เครื่องสังเค็ด.
สังเคราะห์ 0,ก.,"ทำให้ธาตุมีปฏิกิริยาเคมีกันเป็นสารประกอบ, ทำให้สารประกอบมีปฏิกิริยาเคมีกันเป็นสารประกอบอื่น."
สังเคราะห์ 1,ว.,ที่สร้างขึ้นโดยกรรมวิธีทางเคมี เช่น ใยสังเคราะห์.
สังฆ- 0,น.,"สงฆ์, มักใช้เป็นส่วนหน้าสมาส."
สังฆกรรม 0,น.,กิจที่พระสงฆ์ตั้งแต่ ๔ รูปขึ้นไปรวมกันทำภายในสีมา เช่น การทำอุโบสถ การสวดพระปาติโมกข์.
สังฆการี 0,น.,เจ้าพนักงานผู้มีหน้าที่เกี่ยวกับสงฆ์ในงานหลวง.
สังฆเถระ 0,น.,"ภิกษุผู้เป็นใหญ่ในพระสงฆ์หมู่หนึ่ง ๆ, ภิกษุผู้เป็นประธานในที่ประชุมสงฆ์."
สังฆทาน 0,น.,"ทานที่ทายกถวายแก่สงฆ์หรือภิกษุโดยไม่เจาะจงรูปใดรูปหนึ่ง, คู่กับ บุคลิกทาน."
สังฆนายก 0,น.,ตำแหน่งหัวหน้าคณะสังฆมนตรีตามพระราช-บัญญัติคณะสงฆ์ พุทธศักราช ๒๔๘๔.
สังฆปาโมกข์ 0,น.,หัวหน้าสงฆ์.
สังฆภัต 0,น.,ข้าวที่ทายกถวายแก่สงฆ์ มักเรียกว่า ข้าวสงฆ์ โดยปรกติทายกนำอาหารไปถวายแก่สงฆ์ที่วัด และพระทำอปโลกนกรรมแบ่งกัน.
สังฆเภท 0,น.,"การที่ภิกษุทำให้สงฆ์แตกหมู่แตกคณะออกไป, นับเป็นอนันตริยกรรมอย่าง ๑ ในอนันตริยกรรม ๕."
สังฆมณฑล 0,น.,วงการคณะสงฆ์.
สังฆมนตรี 0,น.,ตำแหน่งพระเถระผู้รับผิดชอบในองค์การปกครองของคณะสงฆ์ตามพระราชบัญญัติคณะสงฆ์ พุทธศักราช ๒๔๘๔ เช่น สังฆมนตรีว่าการองค์การปกครอง.
สังฆราช 0,น.,ตำแหน่งพระมหาเถระผู้เป็นใหญ่สูงสุดในสังฆมณฑล.
สังฆสภา 0,น.,สภาของคณะสงฆ์ตั้งขึ้นตามพระราชบัญญัติคณะสงฆ์ พุทธศักราช ๒๔๘๔.
สังฆาฏิ 0,น.,ผ้าคลุมกันหนาวที่ภิกษุใช้ทาบบนจีวร ตามปรกติใช้พับพาดบ่าซ้ายในพิธีสงฆ์.
สังฆาณัติ 0,น.,กฎข้อบังคับของคณะสงฆ์ ซึ่งสมเด็จพระสังฆราชทรงบัญญัติขึ้นโดยคำแนะนำของสังฆสภาตามพระราชบัญญัติคณะสงฆ์ พุทธศักราช ๒๔๘๔.
สังฆาทิเสส 0,น.,ชื่ออาบัติหนักหมวดหนึ่งรองจากปาราชิก.
สังฆาธิการ 0,น.,พระภิกษุผู้ดำรงตำแหน่งปกครองคณะสงฆ์นับตั้งแต่ตำแหน่งเจ้าคณะภาคลงมาจนถึงตำแหน่งผู้ช่วยเจ้าอาวาส เรียกว่า พระสังฆาธิการ.
สังฆานุสติ 0,น.,การระลึกถึงคุณพระสงฆ์ เป็นกรรมฐานอย่างหนึ่ง.
สังฆาวาส 0,น.,บริเวณที่อยู่อาศัยของพระสงฆ์ ประกอบด้วยกุฏิ หอฉัน ศาลาการเปรียญ เป็นต้น.
สังดัก 0,ก.,"คอย, กั้นไว้."
สังปะติแหงะ 0,น.,ฤษี.
สังปะลิเหงะ 0,น.,ฤษี.
สังยุตนิกาย 0,น.,ชื่อคัมภีร์นิกายที่ ๓ แห่งพระสุตตันตปิฎก แปลว่า หมวดประมวล คือ ประมวลเรื่องประเภทเดียวกันไว้ด้วยกันทั้งหมด.
สังโยค 0,น.,"การประกอบกัน, การอยู่ร่วมกัน, การผูกรัด"
สังโยค 1,น.,ตัวพยัญชนะ ๒ ตัวที่เรียงกัน ตัวหน้าเป็นตัวสะกด ตัวหลังเป็นตัวตาม พยัญชนะที่เป็นตัวสะกด เรียกว่า พยัญชนะสังโยค เช่น มนุสฺส สตฺต พุทฺธ รฏฺ.
สังโยชน์ 0,น.,"เครื่องพัวพัน, เครื่องผูกรัด, หมายเอากิเลสที่ผูกคนไว้กับวัฏสงสาร มี ๑๐ อย่าง มีสักกายทิฐิเป็นต้น พระอริยบุคคลเมื่อละสังโยชน์เป็นลำดับจนหมดก็เป็นพระอรหันต์."
สั่งลา 0,ก.,บอกไว้อาลัยในการที่จะจากไป เช่น เขาสั่งลาลูกเมียก่อนเดินทางไปต่างประเทศ เขาตายโดยไม่ได้สั่งลา.
สังวร 0,น.,"ความระวัง, ความเหนี่ยวรั้ง, ความป้องกัน."
สังวร 1,ก.,"สำรวม, เหนี่ยวรั้ง, เช่น สังวรศีล สังวรธรรม, ถ้าใช้เป็นส่วนท้ายของสมาส หมายความว่า ความสำรวม, ความระวัง, เช่น อินทรียสังวร จักษุสังวร ญาณสังวร ศีลสังวร, (ปาก) ให้ระวังจงดี (ผู้ใหญ่สั่งสอนเตือนสติผู้น้อย) เช่น เรื่องนี้พึงสังวรไว้ อย่าให้ผิดอีกเป็นครั้งที่ ๒."
สังวัจฉระ 0,น.,ปี.
สังวัธยาย 0,ก.,"ท่องบ่น, อ่านดัง ๆ เพื่อให้จำได้, สวดท่องให้จำได้."
สังวาล 0,น.,สร้อยเครื่องประดับชนิดหนึ่งใช้คล้องเฉวียงบ่า.
สังวาลพราหมณ์ 0,น.,สายธุรำของพราหมณ์.
สังวาส 0,น.,"การอยู่ด้วยกัน, การอยู่ร่วมกัน"
สังวาส 1,น.,การร่วมประเวณี.
สังวาส 2,ก.,"ร่วมประเวณี, มักใช้ว่า ร่วมสังวาส หรือ เสพสังวาส."
สังเวคะ 0,น.,ความสลด.
สังเวช 0,ก.,รู้สึกเศร้าสลดหดหู่ต่อผู้ที่ได้รับทุกขเวทนา หรือต้องตายไป หรือต่อผู้ที่ตนเคารพนับถือซึ่งประพฤติตนไม่เหมาะสมเป็นต้น เช่น เห็นผู้คนประสบอุบัติเหตุเครื่องบินตกแล้วสังเวช พอรู้ข่าวว่าญาติผู้ใหญ่ของตนพัวพันคดีฉ้อราษฎร์บังหลวงก็สังเวช.
สังเวช- 0,ก.,รู้สึกเศร้าสลดหดหู่ต่อผู้ที่ได้รับทุกขเวทนา หรือต้องตายไป หรือต่อผู้ที่ตนเคารพนับถือซึ่งประพฤติตนไม่เหมาะสมเป็นต้น เช่น เห็นผู้คนประสบอุบัติเหตุเครื่องบินตกแล้วสังเวช พอรู้ข่าวว่าญาติผู้ใหญ่ของตนพัวพันคดีฉ้อราษฎร์บังหลวงก็สังเวช.
สังเวชนียสถาน 0,น.,สถานที่ทางพระพุทธศาสนาอันเป็นที่ตั้งแห่งความสลดสังเวช มี ๔ แห่ง คือ ๑. สถานที่ที่พระพุทธเจ้าประสูติ ได้แก่ สวนลุมพินี ปัจจุบันได้แก่ รุมมินเด ในประเทศเนปาล ๒. สถานที่ที่พระพุทธเจ้าตรัสรู้ คือ ที่ควงพระศรีมหาโพธิ ปัจจุบันได้แก่ พุทธคยา ประเทศอินเดีย ๓. สถานที่ที่พระพุทธเจ้าทรงแสดงปฐมเทศนา คือ ป่าอิสิปตนมฤคทายวัน แขวงเมืองพาราณสี ปัจจุบันได้แก่ สารนาถ ประเทศอินเดีย ๔. สถานที่ที่พระพุทธเจ้าเสด็จดับขันธปรินิพพาน คือ ป่าสาลวัน เมืองกุสินารา ปัจจุบันได้แก่ เมืองกาเซีย ประเทศอินเดีย.
สังเวย 0,ก.,"บวงสรวง, เซ่นสรวง, เช่น สังเวยเทวดา."
สังเวียน 0,น.,คอกหรือวงล้อมสำหรับชนไก่เป็นต้น
สังเวียน 1,น.,ที่ต่อสู้ เช่น สังเวียนมวย.
สังเวียน 2,น.,ชื่อลายชนิดหนึ่ง.
สังสกฤต 0,น.,สันสกฤต.
สังสการ 0,น.,"พิธีกรรมเกี่ยวกับการปลงศพ, ส่งสการ ก็ว่า."
สังสดมภ์ 0,น.,"ความแข็งทื่อ, การต้านทาน"
สังสดมภ์ 1,น.,เครื่องคํ้าจุน.
สังสนทนา 0,ก.,"พูดกันฐานกันเอง, พูดจาหารือกัน, มักใช้ สั่งสนทนา."
สั่งสนทนา 0,ก.,"พูดกันฐานกันเอง, พูดจาหารือกัน, มักใช้ สั่งสนทนา."
สั่งสม 0,ก.,"สะสม, รวบรวมให้เพิ่มมากขึ้นเรื่อย ๆ, เช่น พระโพธิสัตว์สั่งสมบารมี."
สังสรรค์ 0,ก.,พบปะวิสาสะกันเป็นครั้งคราวด้วยความสนิทสนม เช่น จัดงานสังสรรค์กันในหมู่พนักงาน เพื่อน ๆ ได้พบปะสังสรรค์กันในงานชุมนุมศิษย์เก่า.
สังสรรค์ 1,ว.,ที่พบปะวิสาสะกันเป็นครั้งคราวด้วยความสนิทสนม เช่น งานสังสรรค์.
สั่งสอน 0,ก.,"ชี้แจงให้เข้าใจและบอกให้ทำ เช่น แม่สั่งสอนลูกให้เป็นคนดี, สอนสั่ง ก็ว่า."
สังสารวัฏ 0,น.,"การเวียนว่ายตายเกิด, สงสารวัฏ หรือ วัฏสงสาร ก็ว่า."
สังสิทธิ 0,น.,"ความสำเร็จ, ความเรียบร้อย, ความดีเลิศ"
สังสิทธิ 1,น.,ผลสุดท้าย.
สังสุทธ์ 0,น.,"ความบริสุทธิ์, ความสะอาด"
สังสุทธ์ 1,น.,"การชำระ, การล้าง."
สังสุทธิ 0,น.,"ความบริสุทธิ์, ความสะอาด"
สังสุทธิ 1,น.,"การชำระ, การล้าง."
สั่งเสีย 0,ก.,"เตือน, กำชับ, บอกให้เข้าใจ, เช่น พอแม่จะออกจากบ้าน ก็สั่งเสียลูกให้ปิดประตูหน้าต่างให้เรียบร้อย"
สั่งเสีย 1,ก.,"บอกไว้อาลัยในการที่จะจากไป, บอกเป็นการอำลา, เช่น เขาตายโดยไม่ได้สั่งเสียลูกเมีย."
สังหร 0,ก.,รู้สึกคล้ายมีอะไรมาดลใจ ทำให้รู้ว่าจะมีเหตุเกิดขึ้น (มักใช้แก่เหตุร้าย) เช่น สังหรณ์ว่าจะเกิดเรื่องร้ายขึ้นที่บ้าน.
สังหรณ์ 0,ก.,รู้สึกคล้ายมีอะไรมาดลใจ ทำให้รู้ว่าจะมีเหตุเกิดขึ้น (มักใช้แก่เหตุร้าย) เช่น สังหรณ์ว่าจะเกิดเรื่องร้ายขึ้นที่บ้าน.
สังหรรษ 0,น.,"ความเต็มตื้นด้วยความยินดี, ความปีติยินดี"
สังหรรษ 1,น.,ความเสียวซ่าน.
สังหาร 0,ก.,"ฆ่า, ผลาญชีวิต."
สังหาริมทรัพย์ 0,น.,"ทรัพย์ที่นำไปได้ เช่น แหวน สร้อย โต๊ะ เก้าอี้, คู่กับ อสังหาริมทรัพย์"
สังหาริมทรัพย์ 1,น.,ทรัพย์สินอื่นนอกจากอสังหาริมทรัพย์ รวมถึงสิทธิอันเกี่ยวกับทรัพย์สินนั้นด้วย.
สังหาริมะ 0,น.,"ทรัพย์ที่นำไปได้ เช่น แหวน สร้อย โต๊ะ เก้าอี้, คู่กับ อสังหาริมทรัพย์"
สังหาริมะ 1,น.,ทรัพย์สินอื่นนอกจากอสังหาริมทรัพย์ รวมถึงสิทธิอันเกี่ยวกับทรัพย์สินนั้นด้วย.
สังหิต 0,ก.,"รวมไว้, ผูกหรือติดเข้าด้วยกัน."
สัจ 0,น.,"ความจริง, ความจริงใจ, เช่น ทำงานร่วมกันต้องมีสัจจะต่อกัน."
สัจ- 0,น.,"ความจริง, ความจริงใจ, เช่น ทำงานร่วมกันต้องมีสัจจะต่อกัน."
สัจกิริยา 0,น.,การตั้งความสัตย์.
สัจจะ 0,น.,"ความจริง, ความจริงใจ, เช่น ทำงานร่วมกันต้องมีสัจจะต่อกัน."
สัจญาณ 0,น.,"ความรู้เรื่องแห่งความจริง, ในพระพุทธศาสนาประสงค์เอาปรีชาหยั่งรู้อริยสัจ."
สัจธรรม 0,น.,ความจริงแท้ เช่น บรรลุสัจธรรม เข้าถึงสัจธรรม.
สัจนิยม 0,น.,คตินิยมในการสร้างสรรค์วรรณกรรมหรือศิลปะซึ่งแสดงให้เห็นชีวิตและโลกอย่างสมจริง
สัจนิยม 1,น.,ทฤษฎีที่ถือว่าโลกและวัตถุเป็นสิ่งมีอยู่จริงเช่นเดียวกับจิต และมีอยู่อย่างอิสระจากจิต.
สัจพจน์ 0,น.,ข้อความที่ยอมรับในวิชาคณิตศาสตร์และวิทยาศาสตร์ว่าจริงโดยไม่ต้องพิสูจน์.
สัชฌ- 0,น.,เงิน.
สัชฌกร 0,น.,ช่างเงิน.
สัชฌการ 0,น.,ช่างเงิน.
สัชฌะ 0,น.,เงิน.
สัชฌายะ 0,ก.,สังวัธยาย.
สัชฌุ 0,น.,เงิน.
สัชฌุกร 0,น.,ช่างเงิน.
สัชฌุการ 0,น.,ช่างเงิน.
สัญจร 0,ก.,ผ่านไปมา เช่น ทางสัญจร.
สัญจร 1,น.,"ช่องทาง, ถนน"
สัญจร 2,น.,การผ่านไปมา.
สัญจรโรค 0,น.,กามโรค.
สัญจรโรค 1,ว.,เรียกหญิงโสเภณี ว่า หญิงสัญจรโรค.
สัญจาระ 0,น.,"การเดินไป, การเที่ยวไป."
สัญเจตนา 0,น.,"ความตั้งใจ, ความจงใจ."
สัญชาต- 0,ว.,เกิดเอง เช่น สัญชาตสระ ว่า สระที่เกิดเอง.
สัญชาตญาณ 0,น.,"ความรู้ที่มีมาแต่กำเนิดของคนและสัตว์ ทำให้มีความรู้สึกและกระทำได้เองโดยไม่ต้องมีใครสั่งสอน เช่น สัญชาตญาณในการป้องกันตัว สัญชาตญาณในการรวมหมู่, สัญชาตเวค ก็ว่า."
สัญชาติ 0,น.,"ความเกิด, การเป็นขึ้น, ความอยู่ในบังคับ คืออยู่ในความปกครองของประเทศชาติเดียวกัน เช่น ฝรั่งถือสัญชาติไทย, โดยปริยายหมายความว่า สันดาน เช่น สัญชาติพาล สัญชาติคางคก ยางหัวไม่ตกก็ไม่รู้สึก. (ป. สญฺชาติ ว่า ความเกิด, การเป็นขึ้น)"
สัญชาติ 1,น.,สถานะตามกฎหมายของบุคคลที่แสดงว่าเป็นพลเมืองหรือคนในบังคับของประเทศใดประเทศหนึ่ง.
สัญฌา 0,น.,เวลาเย็น.
สัญญา 0,น.,ข้อตกลงระหว่างบุคคล ๒ ฝ่ายหรือหลายฝ่าย เพื่อให้เกิดนิติกรรมขึ้น
สัญญา 1,น.,"ข้อตกลงกัน, คำมั่น, เช่น เขาให้สัญญาว่าจะมาหาพรุ่งนี้"
สัญญา 2,น.,ความจำ เป็นขันธ์ ๑ ในขันธ์ ๕ คือ รูป เวทนา สัญญา สังขาร วิญญาณ.
สัญญา 3,ก.,"ให้คำมั่น, รับปาก, ทำความตกลงกัน, เช่น แม่สัญญากับลูกว่าถ้าสอบได้ที่ ๑ จะให้รางวัล."
สัญญาณ 0,น.,เครื่องหมายหรือเครื่องแสดงไว้ให้เห็นหรือให้ได้ยินเป็นต้นแม้อยู่ในระยะไกล เพื่อให้รู้ล่วงหน้าจะได้ระวังอันตรายหรือกระทำตามที่บอกหรือแนะไว้ เช่น สัญญาณไฟจราจร สัญญาณธง ตีระฆังเป็นสัญญาณให้พระลงโบสถ์.
สัญญาณจราจร 0,น.,สัญญาณใด ๆ ไม่ว่าจะแสดงด้วยธง ไฟ ไฟฟ้า มือ แขน เสียงนกหวีด หรือด้วยวิธีอื่นใดสำหรับให้ผู้ขับขี่ คนเดินเท้า หรือคนที่จูง ขี่ หรือไล่ต้อนสัตว์ ปฏิบัติตามสัญญาณนั้น.
สัญญาต่างตอบแทน 0,น.,สัญญาที่คู่สัญญาทั้งสองฝ่ายต่างต้องปฏิบัติการชำระหนี้ตอบแทนกัน เช่น สัญญาซื้อขาย.
สัญญาทางปกครอง 0,น.,สัญญาที่คู่สัญญาอย่างน้อยฝ่ายใดฝ่ายหนึ่งเป็นหน่วยงานทางปกครอง หรือเป็นบุคคลซึ่งกระทำการแทนรัฐและมีลักษณะเป็นสัญญาสัมปทาน สัญญาที่ให้จัดทำบริการสาธารณะ หรือจัดให้มีสิ่งสาธารณูปโภค หรือแสวงประโยชน์จากทรัพยากรธรรมชาติ.
สัญญาบัตร 0,น.,"ใบตั้งยศ บรรดาศักดิ์ หรือสมณศักดิ์ซึ่งพระเจ้าแผ่นดินทรงตั้ง เช่น นายทหารสัญญาบัตร พระราชาคณะสัญญาบัตร พระครูสัญญาบัตร, ถ้าเป็นใบที่เจ้ากระทรวงตั้ง เรียกว่า ใบประทวน."
สัญญาวิปลาส 0,ว.,"มีสติฟั่นเฟือนคล้ายคนบ้า, สติวิปลาส ก็ว่า."
สัญญาสำเร็จรูป 0,น.,สัญญาที่ทำเป็นลายลักษณ์อักษรโดยมีการกำหนดข้อสัญญาที่เป็นสาระสำคัญไว้ล่วงหน้า ไม่ว่าจะทำในรูปแบบใด ซึ่งคู่สัญญาฝ่ายหนึ่งฝ่ายใดนำมาใช้ในการประกอบกิจการของตน.
สัญญี 0,ว.,"มีความหมายรู้ได้, มีความรู้สึก, มีความระลึก, มีความจำได้."
สัญโญชน์ 0,น.,สังโยชน์.
สัญนิยม 0,น.,การปฏิบัติหรือธรรมเนียมทั่วไปที่ใช้กันอยู่ในกลุ่มสังคมในขณะนั้น เช่น การไหว้เป็นสัญนิยมอย่างหนึ่งของคนไทย การใช้ตะเกียบคีบอาหารเป็นสัญนิยมในการกินอาหารของคนจีน.
สัญประกาศ 0,น.,"เครื่องหมายวรรคตอนรูปดังนี้ - ใช้ขีดไว้ใต้คำหรือข้อความที่สำคัญ เพื่อเน้นให้ผู้อ่านสังเกตเป็นพิเศษ, ขีดเส้นใต้ ก็เรียก."
สัญโยค 0,น.,สังโยค.
สัญลักษณ์ 0,น.,สิ่งที่กำหนดนิยมกันขึ้นเพื่อให้ใช้หมายความแทนอีกสิ่งหนึ่ง เช่น ตัวหนังสือเป็นสัญลักษณ์แทนเสียงพูด H เป็นสัญลักษณ์แทนธาตุไฮโดรเจน + − x ÷ เป็นสัญลักษณ์เครื่องหมายทางคณิตศาสตร์.
สัฐิ 0,ว.,หกสิบ.
สัณฐาน 0,น.,"รูปทรง, ลักษณะ, เช่น ป้อมปราการมีสัณฐานแปดเหลี่ยม โลกมีสัณฐานกลมอย่างผลส้ม."
สัณฐิติ 0,น.,ความตั้งมั่น.
สัณฑ์ 0,น.,สณฑ์.
สัณห์ 0,ว.,เกลี้ยงเกลา
สัณห์ 1,ว.,"อ่อน, นุ่ม"
สัณห์ 2,ว.,"นุ่มนวล, สุภาพ"
สัณห์ 3,ว.,"งาม, ละมุนละม่อม, ละเอียด."
สัด 0,น.,ภาชนะรูปทรงกระบอก ทำด้วยไม้หรือสานด้วยไม้ไผ่ ใช้ตวงข้าว
สัด 1,น.,เครื่องตวงบางชนิดในสมัยโบราณ ใช้ตวงดินปืนบรรจุปากกระบอกปืน
สัด 2,น.,ชื่อมาตราตวงโบราณ ๒๕ ทะนาน เป็น ๑ สัด มีอัตราเท่ากับ ๑ ถัง หรือ ๒๐ ลิตร.
สัด 3,ก.,ร่วมเพศเพื่อสืบพันธุ์ (ใช้แก่สัตว์).
สัดจอง 0,น.,"ทุ่น, แพ, เรือลำเล็กสำหรับพ่วงไปท้ายเรือใหญ่ ใช้ติดต่อระหว่างเรือใหญ่กับฝั่ง, จัดจอง ก็ว่า."
สัดส่วน 0,น.,ส่วนผสมของสิ่งต่าง ๆ ตามอัตราที่กำหนด เช่น ในการผสมปูนโบกฝาผนังจะใช้ซีเมนต์ ทราย และปูนขาว ตามสัดส่วน ๓ : ๒ : ๑
สัดส่วน 1,น.,"การเท่ากันของ ๒ อัตราส่วน หมายความว่า อัตราส่วนของปริมาณที่ ๑ ต่อปริมาณที่ ๒ เท่ากับอัตราส่วนของปริมาณที่ ๓ ต่อปริมาณที่ ๔ เช่น ๑ กิโลกรัม, ๒ กิโลกรัม"
สัดส่วน 2,น.,"๑๐๐ บาท, ๒๐๐ บาท ได้ชื่อว่าเป็นสัดส่วนกันก็เพราะ+C1492 ∴ ๑ กิโลกรัม : ๒ กิโลกรัม = ๑๐๐ บาท : ๒๐๐ บาท."
สัต 0,ว.,"ดี, งาม"
สัต 1,ว.,น่านับถือ.
สัต- 0,ว.,"ดี, งาม"
สัต- 1,ว.,น่านับถือ.
สัต 2,ว.,เจ็ด.
สัต- 2,ว.,เจ็ด.
สัตการ 0,น.,"การยกย่อง, การนับถือ"
สัตการ 1,น.,การรับรอง.
สัตตบงกช 0,น.,ชื่อบัวหลวงพันธุ์หนึ่ง. (ดู บัว).
สัตตบรรณ 0,น.,ชื่อบัวสายพันธุ์หนึ่ง. (ดู บัว).
สัตตบุษย์ 0,น.,ชื่อบัวหลวงพันธุ์หนึ่ง. (ดู บัว).
สัตตบุษย์ 1,น.,เทียนสัตตบุษย์. (ดู เทียนสัตตบุษย์ ที่ เทียน ๓).
สัตตะ 0,ว.,เจ็ด.
สัตตะ 1,ก.,"ข้องอยู่, ติดอยู่, พัวพัน."
สัตตะ 2,น.,สัตว์.
สัตตาห- 0,น.,เจ็ดวัน.
สัตตาหกรณียะ 0,น.,กิจที่พึงทำเป็นเหตุให้ภิกษุออกจากวัดไปพักแรมในที่อื่นในระหว่างพรรษาได้ไม่เกิน ๗ วัน เช่นเพื่อไปพยาบาลภิกษุสามเณรหรือบิดามารดาที่ป่วยไข้หรือเพื่อบำรุงศรัทธาของทายก.
สัตตาหกาลิก 0,น.,ของที่พระสงฆ์เก็บไว้ฉันได้ชั่วคราวเพียง ๗ วัน ได้แก่ เภสัชทั้ง ๕ คือ เนยใส เนยข้น นํ้ามัน นํ้าผึ้ง นํ้าอ้อย.
สัตตุ 0,น.,ข้าวตู.
สัตตู 0,น.,ข้าวตู.
สัตถ- 0,น.,"คัมภีร์, ตำรา."
สัตถ- 1,น.,เกวียน.
สัตถ- 2,น.,"อาวุธ, มีด, หอก."
สัตถันดร 0,น.,ระยะเวลาที่คนเสื่อมจากศีลธรรมอย่างที่สุด มีการรบราฆ่าฟันกัน ไม่รู้จักญาติพี่น้อง เกิดขึ้นเมื่อมนุษย์มีโทสะหนา เช่น ห้าขวบมีฆราวาส ใจร้ายกาจโกลี กัลปนั้นมีนามกร ชื่อสัตถันดรพึงมี (มาลัยคำหลวง). (ป. สตฺถ ว่า อาวุธ + อนฺตร). (ดู อันตรกัป ประกอบ).
สัตถันดรกัป 0,น.,ระยะเวลาที่คนเสื่อมจากศีลธรรมอย่างที่สุด มีการรบราฆ่าฟันกัน ไม่รู้จักญาติพี่น้อง เกิดขึ้นเมื่อมนุษย์มีโทสะหนา เช่น ห้าขวบมีฆราวาส ใจร้ายกาจโกลี กัลปนั้นมีนามกร ชื่อสัตถันดรพึงมี (มาลัยคำหลวง). (ป. สตฺถ ว่า อาวุธ + อนฺตร). (ดู อันตรกัป ประกอบ).
สัตถา 0,น.,"ครู, ผู้สอน."
สัตถิ 0,น.,ขา.
สัตถุ 0,น.,"ครู, ผู้สอน, มักใช้เป็นส่วนหน้าสมาส."
สัตถุศาสนา 0,น.,คำสั่งสอนของพระศาสดา คือพระพุทธศาสนา.
สัตบถ 0,น.,"ทางที่ถูก, คติที่ชอบ."
สัตบรรณ 0,น.,"ชื่อไม้ต้นหลายชนิดหลายสกุล ในวงศ์ Apocynaceae เช่น ชนิด Alstonia scholaris (L.) R. Br., สัตบรรณ หรือ พญาสัตบรรณ ก็เรียก, ชนิด Cerbera odollam Gaertn. ตีนเป็ดน้ำ, ตีนเป็ดทะเล ก็เรียก."
สัตบริภัณฑ์ 0,น.,ภูเขาที่ล้อมเป็นวงกลมรอบเขาพระสุเมรุเป็นชั้น ๆ รวม ๗ ชั้น สูงลดหลั่นกันลงมาตามลำดับชื่อภูเขาชั้นในที่สุดจากเขาพระสุเมรุออกมา คือ ยุคนธร อิสินธร กรวิก สุทัสนะ เนมินธร วินตกะ อัสกัณ ระหว่างภูเขาแต่ละชั้นมีทะเลสีทันดรคั่น.
สัตบุรุษ 0,น.,"คนที่เป็นสัมมาทิฐิ, คนดีน่านับถือ มีคุณธรรม ประพฤติอยู่ในศีลในธรรม."
สัตภัณฑ์ 0,น.,ภูเขาที่ล้อมเป็นวงกลมรอบเขาพระสุเมรุเป็นชั้น ๆ รวม ๗ ชั้น สูงลดหลั่นกันลงมาตามลำดับชื่อภูเขาชั้นในที่สุดจากเขาพระสุเมรุออกมา คือ ยุคนธร อิสินธร กรวิก สุทัสนะ เนมินธร วินตกะ อัสกัณ ระหว่างภูเขาแต่ละชั้นมีทะเลสีทันดรคั่น.
สัตภัณฑ์ 1,น.,ชื่อเชิงเทียน ทำเป็นแผงรูปสามเหลี่ยมหน้าจั่วติดไม้กลึงเป็นเชิงเทียน ๗ เชิง กรอบมักทำเป็นรูปพญานาคเลื้อยลงมาคล้ายกรอบหน้าบัน.
สัตม- 0,ว.,ที่ ๗.
สัตมวาร 0,น.,"วันที่ครบ ๗, วันทำบุญครบ ๗ วันของผู้ตาย."
สัตมหาสถาน 0,น.,สถานที่ ๗ แห่งที่พระพุทธเจ้าเสวยวิมุติสุขภายหลังตรัสรู้.
สัตย์ 0,น.,"ความจริง เช่น รักษาสัตย์, คำมั่นสัญญา, เช่น เสียชีพอย่าเสียสัตย์ ลูกเสือให้สัตย์ปฏิญาณ."
สัตย์ 1,ว.,"จริง เช่น วาจาสัตย์, มักใช้เข้าคู่กับคำอื่น เช่น สัตย์ซื่อ ซื่อสัตย์ สัตย์จริง."
สัตย- 0,น.,"ความจริง เช่น รักษาสัตย์, คำมั่นสัญญา, เช่น เสียชีพอย่าเสียสัตย์ ลูกเสือให้สัตย์ปฏิญาณ."
สัตย- 1,ว.,"จริง เช่น วาจาสัตย์, มักใช้เข้าคู่กับคำอื่น เช่น สัตย์ซื่อ ซื่อสัตย์ สัตย์จริง."
สัตยพรต 0,น.,การถือคำมั่นสัญญา.
สัตยวาที 0,น.,ผู้พูดแต่ความจริง เช่น อันว่าพระมหาบุรุษรัตน ผู้อยู่ในสัตยวาที (ม. คำหลวง กุมาร).
สัตยาเคราะห์ 0,น.,การยึดความจริงเป็นหลักการต่อสู้เพื่อความเป็นธรรมในสังคม โดยใช้วิธีดื้อแพ่งไม่ปฏิบัติตามกฎหมายหรือคำสั่งที่ไม่ยุติธรรม แต่ไม่ใช้วิธีรุนแรง.
สัตยาธิษฐาน 0,น.,การตั้งความจริงใจเป็นหลักอ้าง เช่น ขอตั้งสัตยาธิษฐานอ้างอำนาจคุณพระศรีรัตนตรัยและสิ่งศักดิ์สิทธิ์ทั้งหลายในสากลโลก.
สัตยาบัน 0,น.,การยืนยันรับรองความตกลงระหว่างประเทศที่ได้กระทำขึ้นไว้
สัตยาบัน 1,น.,การรับรองนิติกรรมที่เป็นโมฆียะอันเป็นผลให้นิติกรรมนั้นสมบูรณ์มาแต่เริ่มแรก
สัตยาบัน 2,น.,การอ้างความสัตย์.
สัตโลหะ 0,น.,"โลหะ ๗ ชนิด คือ เหล็ก ๑ ปรอท ๑ ทองแดง ๑ เงิน ๑ และทองคำ ๑, เพียงนี้เรียกว่า เบญจโลหะ, ถ้าเติมอีก ๒ ชนิด คือ เจ้า ๑ (เป็นคำตัดมาจาก “เจ้าน้ำเงิน” ว่า เป็นแร่ชนิดหนึ่ง สีเขียวเป็นสีน้ำเงิน) และสังกะสี ๑ เรียกว่า สัตโลหะ, ถ้าเติมอีก ๒ ชนิด คือ ชิน ๑ และบริสุทธิ์ ๑ (คือทองแดงบริสุทธิ์) เรียกว่า นวโลหะ."
สัตว์ 0,น.,"สิ่งมีชีวิตซึ่งแตกต่างไปจากพรรณไม้ ส่วนมากมีความรู้สึกและเคลื่อนไหวย้ายที่ไปได้เอง, ความหมายที่ใช้กันเป็นสามัญหมายถึง สัตว์ที่ไม่ใช่คน, เดรัจฉาน."
สัตว- 0,น.,"สิ่งมีชีวิตซึ่งแตกต่างไปจากพรรณไม้ ส่วนมากมีความรู้สึกและเคลื่อนไหวย้ายที่ไปได้เอง, ความหมายที่ใช้กันเป็นสามัญหมายถึง สัตว์ที่ไม่ใช่คน, เดรัจฉาน."
สัตวชาติ 0,น.,"สัตว์, หมู่สัตว์."
สัตวบาล 0,น.,การเลี้ยงและดูแลสัตว์
สัตวบาล 1,น.,ผู้เลี้ยงและดูแลสัตว์.
สัตว์พาหนะ 0,น.,ช้าง ม้า โค กระบือ ล่อ ลา ซึ่งได้ทำหรือต้องทำตั๋วรูปพรรณตามกฎหมายว่าด้วยสัตว์พาหนะ.
สัตวแพทย์ 0,น.,หมอรักษาสัตว์.
สัตวโลก 0,น.,หมู่สัตว์.
สัตววิทยา 0,น.,วิทยาศาสตร์ชีวภาพสาขาหนึ่ง ว่าด้วยเรื่องของสัตว์.
สัตว์หิมพานต์ 0,น.,"สัตว์ในวรรณคดีที่เชื่อกันว่าอยู่ในป่าหิมพานต์ เช่น คชสีห์ กินนร นรสิงห์, รูปหุ่นที่ผูกเป็นรูปสัตว์ในวรรณคดี ใช้บรรทุกผ้าไตรแห่เข้าขบวนพระบรมศพในสมัยโบราณ."
สัตวา 0,น.,ชื่อนกชนิดหนึ่งในจำพวกนกแก้ว ตัวโต สีเขียวเกือบเป็นสีคราม.
สัตวาร 0,น.,"สัปดาห์หนึ่ง, ๗ วัน."
สัตสดก 0,น.,หมวดละ ๗๐๐ เช่น แล้วประจงจัดสัตสดกมหาทานเป็นต้นว่าคชสารเจ็ดร้อย (ม. ร่ายยาว ทานกัณฑ์).
สัทธรรม 0,น.,"คำสอนของพระพุทธเจ้า เรียกว่า พระสัทธรรม, ธรรมของสัตบุรุษหรือคนดี."
สัทธา 0,น.,"ความเชื่อ, ความเลื่อมใส."
สัทธาจริต 0,น.,"ความประพฤติที่มีพื้นนิสัยหนักไปในทางมีจิตซาบซึ้ง ชื่นบาน น้อมใจเลื่อมใสโดยง่าย, เป็นจริต ๑ ในจริต ๖. (ป.). (ดู จริต)."
สัทธาธิกะ 0,น.,ผู้ยิ่งด้วยศรัทธา.
สัทธิงวิหาริก 0,น.,"คำเรียกผู้ได้รับการอุปสมบทแล้ว, ถ้าอุปสมบทต่อพระอุปัชฌาย์องค์ใดก็เป็นสัทธิงวิหาริกของพระอุปัชฌาย์องค์นั้น."
สัทธินทรีย์ 0,น.,"ความมีใจเชื่อ, ความเลื่อมใส."
สัทธิวิหาริก 0,น.,"คำเรียกผู้ได้รับการอุปสมบทแล้ว, ถ้าอุปสมบทต่อพระอุปัชฌาย์องค์ใดก็เป็นสัทธิงวิหาริกของพระอุปัชฌาย์องค์นั้น."
สัทวิทยา 0,น.,วิชาว่าด้วยการศึกษาระบบเสียงของแต่ละภาษาโดยพิจารณาหน้าที่ของเสียงและการประกอบเสียงในภาษานั้น.
สัทศาสตร์ 0,น.,วิชาว่าด้วยการศึกษาธรรมชาติของการออกเสียงและการเปล่งเสียงพูด.
สัทอักษร 0,น.,อักษรและเครื่องหมายที่กำหนดใช้แทนเสียงประเภทต่าง ๆ เช่น สัญลักษณ์แทนเสียงสระ พยัญชนะ วรรณยุกต์ และเครื่องหมายพิเศษแทนการออกเสียงอื่น ๆ.
สั่น 0,ก.,"ไหวถี่ ๆ เช่น กลัวจนตัวสั่น หนาวจนคางสั่น, ทำให้ไหวถี่ ๆ เช่น สั่นกระดิ่ง สั่นหัว."
สั้น 0,ว.,"ลักษณะส่วนหนึ่งของสิ่งใด ๆ มีกำหนดระยะยืดหรือยืนเป็นเส้นตรงจากจุดหนึ่งถึงอีกจุดหนึ่งน้อยกว่าอีกสิ่งหนึ่งเมื่อมีการเปรียบเทียบกัน เช่น เสื้อแขนสั้น กระโปรงสั้น ถนนสายนี้สั้นกว่าถนนสายอื่น ๆ, มีระยะเวลานานน้อยกว่าอีกช่วงเวลาหนึ่ง เมื่อมีการเปรียบเทียบกัน เช่น หน้าหนาวกลางวันสั้นกว่ากลางคืน."
สัน 0,น.,สิ่งที่มีลักษณะนูนสูงขึ้นเป็นแนวยาว เช่น สันหลังคา สันหน้าแข้ง ดั้งจมูกเป็นสัน
สัน 1,น.,ส่วนหนาของมีดหรือขวานซึ่งอยู่ตรงข้ามกับคม.
สัน 2,น.,ปีวอก.
สันเขา 0,น.,ส่วนสูงของภูเขาที่ยาวเป็นทิวพืดไป.
สั่นงั่ก 0,ก.,สั่นสะท้าน.
สันดอน 0,น.,"ดินหรือกรวดทรายเป็นต้นซึ่งนํ้าพัดเอามารวมกัน ปรากฏนูนยาวอยู่ใต้นํ้า ทำให้สูงเป็นสันขึ้น, หลังเต่า ก็เรียก."
สันดาน 0,น.,"อุปนิสัยที่มีมาแต่กำเนิด เช่น มีสันดานดี มีสันดานเลว, (ปาก) มักใช้ไปในทางไม่สู้จะดี เช่น สันดานของเขาเป็นเช่นนั้น อย่าไปถือเลย."
สันดาน 1,น.,ชื่อโรคลมอย่างหนึ่งมีอาการให้จุกเสียดเรื้อรังอยู่เสมอ เรียกว่า ลมสันดาน.
สันดาป 0,น.,"ความเร่าร้อน, ความแผดเผา"
สันดาป 1,น.,การเผาไหม้
สันดาป 2,น.,ชื่อนรกขุมหนึ่ง.
สันเดก 0,น.,"สันติกะ, สำนัก."
สันโดษ 0,น.,ความยินดีหรือพอใจเท่าที่ตนมีอยู่หรือเป็นอยู่ เช่น เขาถือสันโดษ.
สันโดษ 1,ก.,มักน้อย เช่น เขาเป็นคนสันโดษ.
สันต์ 0,ว.,"เงียบ, สงบ, สงัด."
สันตติ 0,น.,ความสืบต่อ เช่น สืบสันตติวงศ์.
สันตะปาปา 0,น.,"ผู้เป็นประมุขคริสต์ศาสนา นิกายโรมันคาทอลิก, โป๊ป ก็เรียก."
สันตะวา 0,น.,ชื่อไม้นํ้าชนิด Ottelia alismoides (L.) Pers. ในวงศ์ Hydrocharitaceae ใบบาง สีเขียวอมนํ้าตาล กินได้.
สันติ 0,น.,ความสงบ เช่น อยู่ร่วมกันโดยสันติ.
สันติกะ 0,น.,"สำนัก, ที่ใกล้."
สันติบาล 0,น.,ผู้รักษาความสงบ.
สันติภาพ 0,น.,ความสงบ เช่น โลกต้องการสันติภาพ จงร่วมมือกันรักษาสันติภาพของโลก.
สันติวิธี 0,น.,วิธีที่จะก่อให้เกิดความสงบ เช่น เจรจาสงบศึกโดยสันติวิธี.
สันติสุข 0,น.,ความสุขที่เกิดจากความสงบ เช่น รัฐบาลบริหารประเทศเพื่อสันติสุขของประชาชน.
สันตุฏฐี 0,น.,สันโดษ.
สันถระ 0,น.,"ที่นอน, เสื่อ."
สันถว- 0,น.,"การนิยมชมชอบกัน, การสรรเสริญซึ่งกันและกัน"
สันถว- 1,น.,"ความคุ้นเคย, ความสนิทสนมกัน."
สันถวไมตรี 0,น.,ความเป็นมิตรสนิทสนมกัน เช่น ต้อนรับด้วยสันถวไมตรี ทูตสันถวไมตรี.
สันถวะ 0,น.,"การนิยมชมชอบกัน, การสรรเสริญซึ่งกันและกัน"
สันถวะ 1,น.,"ความคุ้นเคย, ความสนิทสนมกัน."
สันถัต 0,น.,ผ้าที่พระภิกษุรองนั่ง.
สันถาร 0,น.,การปูลาด
สันถาร 1,น.,"ที่ปูลาด, พื้น."
สันทนะ 0,น.,"รถ, รถศึก."
สันทะ 0,ว.,หนาทึบ.
สันทัด 0,ก.,"ถนัด, จัดเจน, เช่น เรื่องนี้เขาไม่สันทัด เขาสันทัดในด้านคำนวณ."
สันทัด 1,ว.,"ปานกลาง, ไม่ใหญ่ไม่เล็ก, ไม่สูงไม่ตํ่า, (ใช้แก่รูปร่าง), เช่น รูปร่างสันทัด."
สันทัดกรณี 0,ว.,ที่รู้เรื่องนั้น ๆ ดี เช่น เขาเป็นผู้สันทัดกรณีในด้านการต่างประเทศ.
สันทัสนะ 0,น.,"การแสดง, การชี้แจง."
สันทาน 0,น.,"สายป่าน, เชือก, เครื่องผูกพัน."
สันทิฐิก- 0,ว.,"ควรเห็นเอง, เป็นคุณของพระธรรมอย่างหนึ่ง."
สันทิส 0,ก.,สนทิศ.
สันเทส 0,น.,สนเทศ.
สันเทหะ 0,น.,สนเท่ห์.
สั่นเทา 0,ก.,สั่นรัว ๆ อย่างคนเป็นไข้.
สั่นเทิ้ม 0,ก.,สั่นไปทั้งตัว.
สันธาน 0,น.,"การเกี่ยวข้อง, การเป็นเพื่อน"
สันธาน 1,น.,เครื่องพัวพัน
สันธาน 2,น.,คำพวกที่เชื่อมประโยคให้เกี่ยวเนื่องกัน เช่น เขาชอบสีเหลือง แต่ฉันชอบสีแดง น้ำท่วมเพราะฝนตกหนัก.
สันนิธิ 0,น.,"การสะสม, การรวบรวม"
สันนิธิ 1,น.,"ที่ใกล้, ที่ต่อหน้า."
สันนิบาต 0,น.,"การประชุม, ที่ประชุม, เช่น สังฆสันนิบาต สันนิบาตชาติ, งานชุมนุม เช่น รัฐบาลจัดงานสโมสรสันนิบาตที่ทำเนียบรัฐบาล."
สันนิบาต 1,น.,เรียกไข้ชนิดหนึ่งมีอาการสั่นเทิ้ม ชักกระตุก และเพ้อ ว่า ไข้สันนิบาต เช่น ไข้สันนิบาตลูกนก ไข้สันนิบาตหน้าเพลิง.
สันนิบาตเทศบาล 0,น.,องค์กรของเทศบาลทั่วประเทศรวมทั้งเทศบาลเมืองพัทยาและกรุงเทพมหานคร ซึ่งรวมตัวกันโดยมีจุดมุ่งหมายช่วยเหลือ สนับสนุน และติดต่อประสานงานเทศบาลทั่วประเทศ โดยไม่มีจุดประสงค์ทางการเมือง เรียกว่า สันนิบาตเทศบาลแห่งประเทศไทย.
สันนิวาส 0,น.,"ที่อยู่, ที่พัก"
สันนิวาส 1,น.,"การอยู่ด้วยกัน, การอยู่ร่วมกัน."
สันนิเวส 0,น.,"การตระเตรียม, การตั้งลง."
สันนิษฐาน 0,ก.,ลงความเห็นเป็นการคาดคะเนไว้ก่อน.
สันปันน้ำ 0,น.,"แนวสันเขาหรือสันเนินซึ่งเป็นแนวเขตแบ่งระหว่างลุ่มน้ำ, สันเขาหรือบริเวณที่สูงซึ่งแบ่งนํ้าให้ไหลไปลงแม่นํ้าลำธารที่อยู่แต่ละด้านของสันเขาหรือบริเวณที่สูงนั้น มักปรากฏเป็นแนวตอนบนสุดของทิวเขาซึ่งแบ่งเขตระหว่างลุ่มนํ้าที่มีทิศทางการไหลตรงข้ามกัน."
สันพร้านางแอ 0,ก.,"ชื่อไม้ต้นขนาดใหญ่ชนิด Carallia brachiata (Lour.) Merr. ในวงศ์ Rhizophoraceae เนื้อไม้ใช้ทำเครื่องเรือน, คอแห้ง เขียงพระนางอี่ เขียงพร้า สันพร้านางแอ หรือ สีฟันนางแอ ก็เรียก."
สันพร้ามอญ 0,น.,"ชื่อไม้พุ่ม ๒ ชนิดในสกุล Justicia วงศ์ Acanthaceae ได้แก่ชนิด J. gendarussa Burm. f. ใบยาวรี ออกตรงข้ามกัน ลำต้น กิ่ง ก้านใบ และเส้นกลางใบสีม่วงดำ ใช้ทำยาได้, กระดูกดำ เฉียงพร้ามอญ หรือ สันพร้ามอญ ก็เรียก และชนิด J. grossa C. B. Clarke ดอกสีขาวอมเขียว ฝักยาว เปลือกแข็งและมีขน ผลแก่แตกตามยาว."
สันพร้าหอม 0,น.,ชื่อไม้พุ่มชนิด Eupatorium stoechadosmum Hance ในวงศ์ Compositae ใช้ทำยาได้.
สันมือ 0,น.,ส่วนข้างฝ่ามือด้านนิ้วก้อย เช่น สับด้วยสันมือ.
สันรวง 0,น.,สรวง.
สันลึก 0,น.,ใบตาล.
สันสกฤต 0,น.,"ชื่อภาษาในตระกูลอินเดีย-ยุโรป ซึ่งมีใช้ในวรรณคดีอินเดียโบราณ เช่น คัมภีร์ฤคเวท ยชุรเวท สามเวท ต่อมาใช้ในวรรณคดีของพราหมณ์โดยทั่วไป และในคัมภีร์พระพุทธศาสนาฝ่ายมหายาน, ใช้ว่า สังสกฤต ก็มี."
สันสกฤต 1,ว.,"ที่ทำให้ดีพร้อมแล้ว, ที่ทำให้ประณีตแล้ว, ที่ขัดเกลาแล้ว."
สันหลัง 0,น.,ส่วนของร่างกายด้านหลัง ซึ่งมีกระดูกเป็นแนวนูนลงมาตลอดหลัง
สันหลัง 1,น.,โดยปริยายหมายความว่า ส่วนที่ตั้งมั่นของสิ่งใด ๆ.
สันหลังยาว 0,ว.,"เรียกคนเกียจคร้านเอาแต่นอน ว่า ขี้เกียจสันหลังยาว หรือใช้สั้น ๆ ว่า สันหลังยาว ก็มี, ขี้เกียจหลังยาว ก็ว่า."
สับ 0,ก.,"เอาของมีคมเช่นมีดหรือขวานฟันลงไปโดยแรงหรือซอยถี่ ๆ เช่น สับกระดูกหมู สับมะละกอ, กิริยาที่เอาสิ่งมีปลายงอนหรือปลายแหลมเจาะลงไป เช่น เอาขอสับช้าง, เอาสิ่งที่เป็นขอเกี่ยวเข้าไว้ เช่น สับขอหน้าต่าง, โดยปริยายหมายถึงอาการที่มีลักษณะคล้ายคลึงเช่นนั้น เช่น สับด้วยสันมือ ถูกโขกถูกสับ"
สับ 1,ก.,ทำเชือกให้เข้าเกลียวตั้งแต่ ๓ เกลียวขึ้นไปให้เขม็งแน่น เรียกว่า สับเชือก
สับ 2,ก.,เปลี่ยนแทนที่กัน เช่น วางของสับที่ ใส่รองเท้าสับข้าง เต้นรำสับคู่ สับตัวจำเลย.
สับ 3,ว.,สรรพ.
สับ 4,ว.,"ถ้วน, พอดี, เช่น ห้าสองหนเป็นสิบสับ (มูลบทบรรพกิจ)."
สับเกลียว 0,ก.,เอาเชือก ๒ เส้นฟั่นควบเป็นเส้นเดียวกัน แล้วเอาเชือกเส้นที่ ๓ ซึ่งเขม็งแล้วควบเข้าไประหว่างเชือก ๒ เส้นนั้น โดยคลายเกลียวที่ปลายเชือก ๒ เส้นแรกเล็กน้อย เพื่อให้เชือกเส้นที่ ๓ สอดควบเข้าด้วยกันได้จนตลอด.
สับโขก 0,ก.,"ด่าว่าข่มขี่, โขกสับ ก็ว่า."
สับเงา 0,ว.,"สัปหงก, อาการที่หน้าหงุบลงเพราะง่วงนอน."
สับเชือก 0,ก.,เอาเชือก ๒ เส้นฟั่นควบเป็นเส้นเดียวกัน แล้วเอาเชือกเส้นที่ ๓ ซึ่งเขม็งแล้วควบเข้าไประหว่างเชือก ๒ เส้นนั้น โดยคลายเกลียวที่ปลายเชือก ๒ เส้นแรกเล็กน้อย เพื่อให้เชือกเส้นที่ ๓ สอดควบเข้าด้วยกันได้จนตลอด.
สับนก 0,ว.,เรียกแกงเผ็ดชนิดหนึ่ง ใช้ปลาตัวเล็ก ๆ สับละเอียดทั้งเนื้อและก้างว่า แกงสับนก.
สับปลับ 0,ว.,"กลับกลอกเชื่อไม่ได้ (มักใช้แก่กริยาพูด) เช่น พูดสับปลับ เขาเป็นคนสับปลับ, บางทีก็ใช้เข้าคู่กับคำ สับปลี้ เป็น สับปลี้สับปลับ หรือ สับปลับสับปลี้."
สับปลี้ 0,ก.,พูดกลับกลอกเชื่อไม่ได้ มักใช้ประกอบกับคำ สับปลับ เป็น สับปลี้สับปลับ หรือ สับปลับสับปลี้.
สับปะขาว 0,ก.,"ชื่อแมลงในอันดับ Ephemeroptera ลำตัวอ่อนนิ่มบอบบางสีขาว หนวดสั้นมากมองเกือบไม่เห็น ปีกบางใสรูปสามเหลี่ยม มีเส้นปีกมากมาย เมื่อเกาะปีกจะตั้งตรง ที่ปลายท้องมีหางยาวคล้ายเส้นด้าย ๒-๓ เส้น เมื่อถูกรบกวนจะปล่อยของเหลวเหนียวสีขาวขุ่น เช่น ชนิด Ephemeraspp . ในวงศ์ Ephemeridae, ชีผ้าขาว ชีผะขาว หรือ สับปะขาว ก็เรียก."
สับปะรด 0,น.,ชื่อไม้ล้มลุกชนิด Ananas comosus (L.) Merr. ในวงศ์ Bromeliaceae ไม่มีลำต้นปรากฏบนพื้นดิน ใบเป็นกาบยาวให้ใยใช้ทำสิ่งทอ ขอบใบมีหนาม ผลมีตาโดยรอบ กินได้ รสเปรี้ยว ๆ หวาน ๆ
สับปะรด 1,น.,เรียกใยของพรรณไม้บางชนิดที่มีลักษณะอย่างใยสับปะรด ใช้ทำหมวกเป็นต้น ว่า ไหมสับปะรด.
สับปะรดเทศ 0,น.,"ชื่อไม้ล้มลุกชนิด Agave sisalana Perrine ในวงศ์ Agavaceae ใบใหญ่หนาและแข็ง ปลายเป็นหนามแหลม ใบให้ใยใช้ทำสิ่งทอได้, สับปะรดเทศ ก็เรียก."
สับเปลี่ยน 0,ก.,เปลี่ยนแทนที่กัน เช่น สับเปลี่ยนตำแหน่ง.
สับไพ่ 0,ก.,สลับไพ่ทั้งสำรับเพื่อให้กระจายทั่วกัน.
สับสน 0,ก.,ปะปนกันยุ่งไม่เป็นระเบียบ เช่น ข่าวสับสนทำให้ได้ข้อมูลไม่ถูกต้อง ผู้คนมากมายเดินไปมาสับสน.
สับหลีก 0,ก.,"เปลี่ยนทางหลีกของรถไฟ, โดยปริยายหมายความว่า เปลี่ยนหรือกำหนดนัดไม่ให้ผู้มาหาตนพบกับอีกคนหนึ่ง (มักใช้ในทางชู้สาว)."
สับหว่าง 0,ว.,เยื้องระหว่างแถว จะเป็น ๒ แถวหรือหลายแถวก็ได้ เช่น นั่งสับหว่าง ยืนสับหว่าง.
สัปคับ 0,น.,"ที่สำหรับนั่งผูกติดบนหลังช้าง, แหย่งช้าง."
สัปคับช้าง 0,น.,"ชื่อหนึ่งของดาวฤกษ์บุรพอาษาฒ มี ๓ ดวง, ดาวราชสีห์ตัวผู้ ดาวปุรพษาฒ หรือ ดาวบุพพาสาฬหะ ก็เรียก."
สัปด- 0,ว.,เจ็ด.
สัปดน 0,ว.,"หยาบโลน เช่น พูดสัปดนสองแง่สองง่าม, อุตรินอกแบบนอกแผน เช่น เด็กคนนี้ชอบเล่นสัปดน เอาประทัดผูกหางหมาแล้วจุด, (ปาก) ใช้ว่า สัปโดกสัปดน."
สัปดปกรณ์ 0,น.,พระอภิธรรม ๗ คัมภีร์.
สัปดประกรณ์ 0,น.,พระอภิธรรม ๗ คัมภีร์.
สัปดสดก 0,น.,หมวดละ ๑๐๐ ๗ หมวด.
สัปดาห์ 0,น.,"รอบ ๗ วัน เริ่มตั้งแต่วันอาทิตย์ถึงวันเสาร์, ระยะ ๗ วัน เช่น สัปดาห์แห่งการส่งเสริมพระพุทธศาสนา สัปดาห์แห่งการเขียนจดหมาย."
สัปดาหะ 0,น.,"รอบ ๗ วัน เริ่มตั้งแต่วันอาทิตย์ถึงวันเสาร์, ระยะ ๗ วัน เช่น สัปดาห์แห่งการส่งเสริมพระพุทธศาสนา สัปดาห์แห่งการเขียนจดหมาย."
สัปต- 0,ว.,เจ็ด.
สัปตเคราะห์ 0,น.,ชื่อเทวดาประจำวันทั้ง ๗ ได้แก่ พระอาทิตย์ พระจันทร์ พระอังคาร พระพุทธ พระพฤหัสบดี พระศุกร์ พระเสาร์.
สัปตศก 0,น.,เรียกปีจุลศักราชที่ลงท้ายด้วยเลข ๗ เช่น ปีฉลูสัปตศก จุลศักราช ๑๓๔๗.
สัปทน 0,น.,ร่มทำด้วยผ้ามีระบายรอบ คันยาว เป็นเครื่องแสดงยศขุนนางโบราณชั้นสูงกว่าพระยา
สัปทน 1,น.,ร่มขนาดใหญ่ทำด้วยผ้าหรือแพรสีต่าง ๆ มีระบายรอบ มีด้ามยาว ใช้กั้นนาค ผ้าไตร หรือพระพุทธรูป เป็นต้น.
สัปปะ 0,น.,งู.
สัปปิ 0,น.,เนยใส.
สัปปุริส- 0,น.,"คนที่เป็นสัมมาทิฐิ, คฤหัสถ์ผู้มีศรัทธาในพระศาสนา, คนที่มีความเห็นชอบตามทำนองคลองธรรม."
สัปปุรุษ 0,น.,"คนที่เป็นสัมมาทิฐิ, คฤหัสถ์ผู้มีศรัทธาในพระศาสนา, คนที่มีความเห็นชอบตามทำนองคลองธรรม."
สัประยุทธ์ 0,ก.,รบพุ่งชิงชัยกัน.
สัปหงก 0,ว.,อาการที่หน้าหงุบลงเพราะง่วงนอน.
สัปเหร่อ 0,น.,ผู้ที่ทำหน้าที่เกี่ยวกับการศพตั้งแต่ทำพิธีมัดตราสัง จนกระทั่งนำศพไปฝังหรือเผา.
สัพ 0,ว.,"สรรพ, ทุกสิ่ง, ทั้งปวง, ทั้งหมด."
สัพพะ 0,ว.,"สรรพ, ทุกสิ่ง, ทั้งปวง, ทั้งหมด."
สัพพัญญู 0,น.,"ผู้รู้ทุกสิ่งทุกอย่าง, ผู้รู้ทั่ว"
สัพพัญญู 1,น.,พระนามพระพุทธเจ้า.
สัพเพเหระ 0,ว.,"ไม่เป็นชิ้นเป็นอัน, ไม่ใช่สิ่งสำคัญ, เช่น ของสัพเพเหระ เรื่องสัพเพเหระไม่มีประโยชน์."
สัพยอก 0,ก.,หยอกเย้า เช่น ผู้ใหญ่สัพยอกเด็กว่าเป็นแม่สายบัวแต่งตัวเก้อ.
สัพยอก 1,ว.,"ที่พูดหยอกเย้า เช่น อย่าโกรธเลย เขาพูดจาสัพยอกเท่านั้น, มักใช้เข้าคู่กันเป็น สัพยอกหยอกเย้า เช่น พูดจาสัพยอกหยอกเย้า."
สัมบูรณ์ 0,ว.,สมบูรณ์ยิ่ง เช่น ความชื้นสัมบูรณ์.
สัมปชัญญะ 0,น.,"ความรู้ตัวอยู่เสมอ, ความไม่เผลอตัว, มักใช้เข้าคู่กับคำ สติ เป็น สติสัมปชัญญะ."
สัมปทา 0,น.,ความถึงพร้อมด้วยคุณความดี เช่น อุฏฐานสัมปทา = ความถึงพร้อมด้วยความเพียร.
สัมปทาน 0,น.,การอนุญาตที่รัฐให้แก่เอกชนเพื่อจัดทำบริการสาธารณะหรือจัดทำประโยชน์หรือแสวงหาประโยชน์จากทรัพยากรธรรมชาติ ภายในระยะเวลาและตามเงื่อนไขที่รัฐกำหนด เช่น สัมปทานการเดินรถประจำทาง สัมปทานทำไม้ในป่าสัมปทาน.
สัมปยุต 0,ก.,ประกอบด้วย.
สัมปโยค 0,น.,การประกอบกัน.
สัมประสิทธิ์ 0,น.,จำนวนจริงที่มีค่าคงตัวซึ่งคูณอยู่กับตัวแปร.
สัมประหาร 0,น.,"การสู้รบกัน, การต่อสู้กัน."
สัมปรายภพ 0,น.,ภพหน้า.
สัมปรายิกภพ 0,น.,ภพหน้า.
สัมปัตติ 0,น.,สมบัติ.
สัมผัปลาป 0,น.,คำพูดเพ้อเจ้อ.
สัมผัปลาปะ 0,น.,คำพูดเพ้อเจ้อ.
สัมผัส 0,ก.,"ถูกต้อง, แตะต้อง, กระทบกัน, เช่น มีใครมาสัมผัสไหล่ พยายามให้เท้าสัมผัสหญ้าเสียบ้าง จะได้มีสุขภาพดี สัมผัสมือกัน"
สัมผัส 1,ก.,คล้องจองกัน เช่น คำในกลอนบทนี้สัมผัสกันดี.
สัมผัส 2,น.,"การถูกต้องที่ให้เกิดความรู้สึก เช่น ประสาทสัมผัส, การแตะต้อง, การกระทบกัน, เช่น พอออกไปข้างนอกก็สัมผัสอากาศเย็นเฉียบ"
สัมผัส 3,น.,ความคล้องจองของถ้อยคำ เช่น ในนํ้ามีปลาในนามีข้าว
สัมผัส 4,น.,ข้อบังคับที่ใช้ในฉันทลักษณ์เพื่อให้เสียงรับกัน.
สัมผัสนอก 0,น.,"สัมผัสนอกวรรคหรือระหว่างวรรคตามข้อบังคับแห่งฉันทลักษณ์ซึ่งเป็นสัมผัสสระและไม่ซ้ำเป็นคำเดียวกัน เช่น (อภัย),(ตะเลงพ่าย).C1869"
สัมผัสใน 0,น.,"สัมผัสที่อยู่ภายในวรรคเพื่อเพิ่มเสียงไพเราะ มีได้ทั้งสัมผัสสระและสัมผัสอักษร เช่น ถึงโคกฆ้องหนองสะพานบ้านกะเหรี่ยง เห็นโรงเรียงไร่ฝ้ายทั้งซ้ายขวา (ขุนช้างขุนแผน), ในโคลงหมายรวมถึงสัมผัสสระและสัมผัสอักษรที่อยู่ระหว่างวรรคในบาทเดียวกันด้วย คือ คำสุดท้ายของวรรคแรกสัมผัสกับคำแรกของวรรคหลัง เช่น อ้าศรีเสาวภาคย์เพี้ยง เพ็ญแข (ตะเลงพ่าย)."
สัมผัสสระ 0,น.,"สัมผัสที่มีเสียงสระหรือเสียงสระกับตัวสะกดในมาตราเดียวกัน เช่น อันความคิดวิทยาเหมือนอาวุธ (เพลงยาวถวายโอวาท), คนใจจืดชืดชื้อเหมือนชื่อบาง ควรตีห่างเหินกันจนวันตาย (นิ. วัดสิงห์)"
สัมผัสอักษร 0,น.,"สัมผัสพยัญชนะที่มีเสียงพยัญชนะต้นเสียงเดียวกัน เช่น จำใจจำจากเจ้า จำจร (ตะเลงพ่าย), คูนแคขิงข่าขึ้น เคียงคาง (หลักภาษาไทยของกำชัย ทองหล่อ)."
สัมพล 0,น.,"อาหาร, เสบียง."
สัมพหุลา 0,ว.,"รวมปะปนกันหลาย ๆ อย่าง เช่น งานสัมพหุลาเต็มไปหมด ทำไม่ไหวหรอก, สรรพหุลา ก็ว่า."
สัมพัจฉร- 0,น.,ปี.
สัมพัจฉรฉินท์ 0,น.,"พิธีสิ้นปี, ตรุษ."
สัมพัตสร 0,น.,สมพัตสร.
สัมพัทธ์ 0,ว.,ที่เปรียบเทียบกัน เช่น ความเร็วสัมพัทธ์ ความชื้นสัมพัทธ์.
สัมพันธ์ 0,ก.,"ผูกพัน, เกี่ยวข้อง, เช่น เขากับฉันสัมพันธ์กันฉันญาติ ข้อความข้างหลังไม่สัมพันธ์กับข้อความข้างหน้า."
สัมพันธ์ 1,น.,การแยกความออกเป็นประโยค ๆ หรือส่วนต่าง ๆ ของประโยค แล้วบอกการเกี่ยวข้องของประโยคและคำต่าง ๆ ในประโยคนั้น ๆ.
สัมพันธ- 0,ก.,"ผูกพัน, เกี่ยวข้อง, เช่น เขากับฉันสัมพันธ์กันฉันญาติ ข้อความข้างหลังไม่สัมพันธ์กับข้อความข้างหน้า."
สัมพันธ- 1,น.,การแยกความออกเป็นประโยค ๆ หรือส่วนต่าง ๆ ของประโยค แล้วบอกการเกี่ยวข้องของประโยคและคำต่าง ๆ ในประโยคนั้น ๆ.
สัมพันธน์ 0,ก.,"ผูกพัน, เกี่ยวข้อง, เช่น เขากับฉันสัมพันธ์กันฉันญาติ ข้อความข้างหลังไม่สัมพันธ์กับข้อความข้างหน้า."
สัมพันธน์ 1,น.,การแยกความออกเป็นประโยค ๆ หรือส่วนต่าง ๆ ของประโยค แล้วบอกการเกี่ยวข้องของประโยคและคำต่าง ๆ ในประโยคนั้น ๆ.
สัมพันธภาพ 0,น.,"ความผูกพัน, ความเกี่ยวข้อง, เช่น สัมพันธภาพระหว่างสหรัฐอเมริกากับสหภาพโซเวียตดีขึ้นตามลำดับ."
สัมพันธมิตร 0,น.,เรียกกลุ่มประเทศอันประกอบด้วยสหรัฐอเมริกา สหภาพโซเวียต อังกฤษ ฝรั่งเศส และจีน ที่รวมเป็นแกนร่วมรบกับกลุ่มประเทศฝ่ายอักษะในสงครามโลกครั้งที่ ๒ ว่า ฝ่ายสัมพันธมิตร.
สัมพันธไมตรี 0,น.,ความเกี่ยวข้องผูกพันกันฉันมิตร เช่น ประเทศไทยมีสัมพันธไมตรีกับประเทศเพื่อนบ้าน.
สัมพาธะ 0,น.,"ความคับแคบ, การเบียดเสียด, การยัดเยียด, การอัดแอ."
สัมพาหน์ 0,น.,การนวดฟั้น.
สัมพาหะ 0,น.,การนวดฟั้น.
สัมพุทธ- 0,น.,"ผู้รู้พร้อม, ผู้ตื่นแล้ว, ผู้สว่างแล้ว"
สัมพุทธ- 1,น.,พระนามพระพุทธเจ้า.
สัมพุทธะ 0,น.,"ผู้รู้พร้อม, ผู้ตื่นแล้ว, ผู้สว่างแล้ว"
สัมพุทธะ 1,น.,พระนามพระพุทธเจ้า.
สัมโพธิ 0,น.,สมโพธิ.
สัมภวะ 0,น.,สมภพ.
สัมภเวสี 0,น.,"ผู้แสวงหาที่เกิด ในคติของศาสนาพราหมณ์หมายถึงคนที่ตายแล้ววิญญาณกำลังแสวงหาที่เกิด แต่ยังไม่ได้เกิดในกำเนิดใดกำเนิดหนึ่ง, ผู้ต้องเกิด, สัตว์โลก."
สัมภัต 0,น.,"ผู้ร่วมคบหากัน, เพื่อนร่วมกินร่วมนอน."
สัมภัตตะ 0,น.,"ผู้ร่วมคบหากัน, เพื่อนร่วมกินร่วมนอน."
สัมภาระ 0,น.,สิ่งของต่าง ๆ เช่น เครื่องมือเครื่องใช้และเสบียงซึ่งสะสมรวบรวมหรือจัดเตรียมไว้เพื่อภาระต่าง ๆ เช่น เตรียมสัมภาระสำหรับไปต่างจังหวัด
สัมภาระ 1,น.,"การเกื้อหนุน, การเลี้ยงดู."
สัมภาษณ์ 0,ก.,สนทนาหรือสอบถามเพื่อนำเรื่องราวไปเผยแพร่ทางหนังสือพิมพ์หรือวิทยุกระจายเสียงเป็นต้น เช่น เจ้าหน้าที่กรมประชาสัมพันธ์สัมภาษณ์นายกราชบัณฑิตยสถานเกี่ยวกับความเป็นมาของราชบัณฑิตยสถาน.
สัมภาษณ์ 1,น.,การพบปะสนทนากันในลักษณะที่ฝ่ายหนึ่งต้องการทราบเรื่องจากอีกฝ่ายหนึ่งเพื่อนำไปเผยแพร่ เรียกว่า ผู้สัมภาษณ์ และอีกฝ่ายหนึ่งที่ต้องการจะแถลงข่าวแก่อีกฝ่ายหนึ่ง เรียกว่า ผู้ให้สัมภาษณ์
สัมภาษณ์ 2,น.,การสอบท่วงทีวาจาและไหวพริบ พิจารณาดูชั้นเชิงและความสามารถของผู้เข้าสอบ ว่าจะเป็นผู้เหมาะสมตามที่ต้องการหรือไม่ เรียกว่า สอบสัมภาษณ์.
สัมเภทะ 0,น.,"การปะปน, การรวมกัน"
สัมเภทะ 1,น.,"การแยก, การแตกออก, การแบ่ง."
สัมโภคกาย 0,น.,พระกายของพระพุทธเจ้าอันเป็นทิพยภาวะ มีรัศมีรุ่งเรืองแผ่ซ่านทั่วไป และจะปรากฏแก่พระโพธิสัตว์ มหาสัตว์ แม้จนบัดนี้.
สัมมนา 0,น.,การประชุมแบบหนึ่ง ซึ่งมีวัตถุประสงค์เพื่อแลกเปลี่ยนความรู้ ความคิดเห็น และหาข้อสรุปหรือข้อเสนอแนะในเรื่องใดเรื่องหนึ่ง ผลสรุปที่ได้ถือว่าเป็นเพียงข้อเสนอแนะ ผู้เกี่ยวข้องจะนำไปปฏิบัติตามหรือไม่ก็ได้ เช่น สัมมนาการศึกษาประชาบาล.
สัมมัปธาน 0,น.,ความเพียรที่ตั้งไว้ชอบ.
สัมมา 0,ว.,"ชอบ, ดี, (มักใช้เป็นส่วนหน้าของสมาส) เช่น สัมมาทิฐิ สัมมาชีพ."
สัมมากัมมันตะ 0,น.,“การงานชอบ” คือ ประพฤติกายสุจริต.(ป.).
สัมมาคารวะ 0,น.,ความเคารพนบนอบ เช่น พูดกับผู้ใหญ่ต้องมีสัมมาคารวะ.
สัมมาจริยา 0,น.,การประพฤติชอบ.
สัมมาชีพ 0,น.,"อาชีพที่สุจริต, อาชีพที่ชอบธรรม, เช่น การทำไร่ทำนานับว่าเป็นสัมมาชีพอย่างหนึ่ง."
สัมมาทิฐิ 0,น.,ความเห็นชอบตามทำนองคลองธรรม เช่น เห็นว่าทำดีได้ดี ทำชั่วได้ชั่ว.
สัมมาวาจา 0,น.,“การเจรจาชอบ” คือ ประพฤติวจีสุจริต.
สัมมาวายามะ 0,น.,ความพยายามชอบ.
สัมมาสติ 0,น.,ความระลึกชอบ.
สัมมาสมาธิ 0,น.,"สมาธิชอบ, ความตั้งใจชอบ."
สัมมาสังกัปปะ 0,น.,ความดำริในทางที่ชอบ.
สัมมาอาชีวะ 0,น.,การเลี้ยงชีวิตในทางที่ชอบ.
สัมโมท 0,ก.,"ยินดี, ร่าเริง, พอใจ, สมโมท ก็ว่า."
สัมโมทนียกถา 0,น.,ถ้อยคำที่แสดงความชื่นชมยินดี เป็นที่ชุ่มชื่นใจแก่ผู้ฟังหรือผู้อ่าน.
สัมฤทธิ์ 0,น.,ความสำเร็จ ในคำว่า สัมฤทธิผล
สัมฤทธิ์ 1,น.,"โลหะเจือชนิดหนึ่ง ส่วนใหญ่ประกอบด้วยทองแดงกับดีบุก, ทองสัมฤทธิ์ หรือ ทองบรอนซ์ ก็เรียก, โบราณเขียนว่า สำริด."
สัมฤทธิ- 0,น.,ความสำเร็จ ในคำว่า สัมฤทธิผล
สัมฤทธิ- 1,น.,"โลหะเจือชนิดหนึ่ง ส่วนใหญ่ประกอบด้วยทองแดงกับดีบุก, ทองสัมฤทธิ์ หรือ ทองบรอนซ์ ก็เรียก, โบราณเขียนว่า สำริด."
สัมฤทธิศก 0,น.,"เรียกปีจุลศักราชที่ลงท้ายด้วยเลข ๐ เช่น ปีมะโรงสัมฤทธิศก จุลศักราช ๑๓๕๐, ปีสำเร็จ (ครบรอบ คือ ปีที่ ๑๐ ของรอบ ๑๐ ปีของจุลศักราช) ซึ่งตั้งต้นด้วยเอกศก โทศก เป็นลำดับไปจน นพศก แล้วสัมฤทธิศก เป็นครบรอบแล้วตั้งต้นใหม่."
สัยน์ 0,น.,สยนะ.
สัลลาป- 0,น.,การพูดจากัน.
สัลเลข- 0,น.,การขัดเกลากิเลส.
สัสดี 0,น.,"ผู้รวบรวมบัญชีคน, เจ้าหน้าที่บัญชีทหาร"
สัสดี 1,น.,การรวมบัญชีคน.
สัสต- 0,ว.,"เที่ยง, แน่นอน, คงที่, ถาวร."
สัสตทิฐิ 0,น.,ลัทธิที่ถือว่าโลกและวิญญาณเป็นของเที่ยงไม่เสื่อมสูญ.
สัสสะ 0,น.,ข้าวกล้า.
สัสสุ 0,น.,"แม่ยาย, แม่ผัว."
สัสสู 0,น.,"แม่ยาย, แม่ผัว."
สัสุรี 0,น.,"แม่ยาย, แม่ผัว."
ส่า 0,น.,สิ่งที่เป็นเชื้อทำให้ปรากฏเป็นฟอง รา หรือเม็ดผื่นเป็นต้นแก่สิ่งอื่นบางลักษณะ.
สา 0,น.,หมา.
สา 1,น.,ต้นกระสา. (ดู กระสา ๓).
สา 2,น.,ชื่อกระดาษที่ทำจากเปลือกต้นกระสา ใช้ทำร่มเป็นต้น เรียกว่า กระดาษสา.
สา 3,น.,ชื่องูหลายชนิดในหลายวงศ์ เช่น สาเหลือง หมายถึง งูลายสอบ้าน [Xenochrophis piscator (Schneider)] สาขาว หมายถึง งูทับสมิงคลา [Bungarus candidus (Linn.)] สาคอแดง หมายถึง งูลายสาบคอแดง [Rhabdophis subminiatus (Schlegel)].
สา 4,สัน.,"แม้ว่า, หาก, เช่น สาอวรอรวนิดา โดยพี่มานี (หริภุญชัย)."
สาก 0,น.,"เครื่องมือสำหรับตำอย่างหนึ่ง, คู่กับ ครก."
สาก 1,?,ดู นํ้าดอกไม้ ๓.
สาก 2,ว.,"อาการที่ระคายเพราะมีลักษณะไม่ละเอียดอ่อนหรือไม่นุ่มนวล เช่น ใบข่อยจับแล้วสากมือ ผู้หญิงคนนี้มือสากเพราะทำงานหนักตั้งแต่เด็ก, ขรุขระเพราะมีพื้นไม่ราบเรียบ เช่น กระดานแผ่นนี้ผิวสากเพราะยังไม่ได้ไสกบ."
สากกะเบือ 0,น.,"สากไม้สำหรับตำข้าวเบือหรือนํ้าพริกเป็นต้น, ใช้คู่กับ ครกกะเบือ."
สากรรจ์ 0,*ว.,คำเลือนมาจาก ฉกรรจ์.
สากล 0,ว.,"ทั่วไป, ทั้งหมด, ทั้งสิ้น, เช่น สากลโลก สากลจักรวาล"
สากล 1,ว.,"เป็นที่นิยมทั่วไป เช่น เครื่องแต่งกายชุดสากล, สามัญหมายถึงแบบซึ่งเดิมเรียกว่า ฝรั่ง เช่น มวยฝรั่ง เรียก มวยสากล, ใช้แทนคำ “ระหว่างประเทศ” ก็มี เช่น สภากาชาดสากล น่านน้ำสากล."
สากษิน 0,น.,สักขี.
สากษี 0,น.,สักขี.
สากหยาก 0,ว.,"ขรุขระ, น่าสะอิดสะเอียนอย่างหนังคางคก."
สากะ 0,น.,ผัก.
สากัจฉา 0,น.,"การพูดจา, การปรึกษา."
สากัลย์ 0,น.,ความรวมกันของสิ่งทั้งหมด.
สากิย- 0,น.,"ชื่อวงศ์กษัตริย์วงศ์หนึ่งในเมืองกบิลพัสดุ์ เรียกว่า ศากยวงศ์ หรือ สากิยวงศ์, เรียกกษัตริย์ในวงศ์นี้ ว่า ศากยะ หรือ สากิยะ, ถ้าเพศหญิง ใช้ว่า สากิยา หรือ สากิยานี."
สากิยบุตร 0,น.,สาวกของพระพุทธเจ้า.
สากิยมุนี 0,น.,"ศากยมุนี, พระนามของพระศากยพุทธเจ้า."
สากิยะ 0,น.,"ชื่อวงศ์กษัตริย์วงศ์หนึ่งในเมืองกบิลพัสดุ์ เรียกว่า ศากยวงศ์ หรือ สากิยวงศ์, เรียกกษัตริย์ในวงศ์นี้ ว่า ศากยะ หรือ สากิยะ, ถ้าเพศหญิง ใช้ว่า สากิยา หรือ สากิยานี."
สาเก 0,น.,ชื่อเรียกขนุนสำปะลอพันธุ์ที่ผลไม่มีเมล็ด. (ดู ขนุนสำปะลอ ที่ ขนุน ๑).
สาแก่ใจ 0,ว.,"หนำใจ, สะใจ, (มักใช้ในความประชดหรือแดกดัน) เช่น บอกแล้วว่าอย่าไปยุ่งกับเขา โดนเขาด่ามา สาแก่ใจไหมล่ะ วันนี้เงินเดือนออก ต้องจ่ายให้สาแก่ใจ."
ส่าขนุน 0,น.,ดอกขนุนที่เกิดขึ้นก่อนแล้วร่วงไป ซึ่งเป็นเครื่องหมายว่าขนุนนั้นจะมีลูก.
สาขา 0,น.,"กิ่งไม้, กิ่งก้าน, เช่น ต้นจามจุรีมีสาขามาก"
สาขา 1,น.,"แขนง, ส่วนย่อย, ส่วนรอง, เช่น วิทยาศาสตร์กายภาพเป็นสาขาหนึ่งของวิชาวิทยาศาสตร์ ธนาคารออมสินสาขาหน้าพระลาน."
ส่าไข้ 0,น.,"เม็ดผื่นขึ้นตามตัวก่อนจะเป็นไข้, เรียกไข้ที่มีเม็ดผื่นเช่นนั้น ว่า ไข้ส่า."
สาคร 0,น.,"แม่นํ้า, ทะเล."
สาคร 1,น.,ชื่อขันขนาดใหญ่ทำด้วยโลหะผสม ได้แก่ สัมฤทธิ์ ทองเหลือง ตัวขันเป็นทรงลูกมะนาวตัด ก้นขันมีเชิง ข้างขันทำเป็นรูปหน้าสิงโตปากคาบห่วงซึ่งใช้เป็นหูหิ้วข้างละหู ใช้บรรจุน้ำสำหรับทำน้ำมนต์ หรือสำหรับผู้มีบรรดาศักดิ์ใช้อาบ เรียกว่า ขันสาคร.
สาคเรศ 0,น.,"แม่นํ้า, ทะเล."
สาคเรศ 1,น.,"แม่นํ้า, ทะเล."
สาคู 0,น.,ชื่อปาล์ม ชนิด Metroxylon sagu Rottb. ในวงศ์ Palmae ใบใช้มุงหลังคา ไส้ในลำต้นแก่ใช้ทำแป้ง เรียกว่า แป้งสาคู. (เทียบ ม. sagu).
สาคู 1,น.,ชื่อไม้ล้มลุกชนิด Maranta arundinacea L. ในวงศ์ Marantaceae ต้นขนาดต้นพุทธรักษา เหง้าใช้ทำแป้งและต้มกิน.
สาคูน้ำเชื่อม 0,น.,ชื่อขนมชนิดหนึ่งทำด้วยสาคูเม็ดใหญ่ใส่น้ำเชื่อม.
สาคูเปียก 0,น.,ชื่อขนมชนิดหนึ่ง ต้มสาคูเม็ดเล็กจนบานใส แล้วใส่น้ำตาล จะใส่เนื้อมะพร้าวอ่อนหรือแห้วเป็นต้นก็ได้ เมื่อจะกินจึงหยอดหน้าด้วยกะทิ.
สาคูลาน 0,น.,"แป้งสาคูที่เอาเยื่อในลำต้นแก่ของสาคูชนิดคล้ายต้นลานมาทำเป็นแป้งเม็ดโต ๆ ทำอาหารได้ทั้งคาวและหวาน เช่น ซุปสาคู สาคูน้ำเชื่อม, สาคูเม็ดใหญ่ ก็ว่า."
สาคูวิลาด 0,น.,สาคูที่มาจากต่างประเทศ หมายถึงแป้งสาคูเม็ดเล็ก ๆ.
สาคูไส้หมู 0,น.,ชื่ออาหารว่างชนิดหนึ่ง ทำด้วยสาคูเม็ดเล็กนวดน้ำร้อนให้ดิบ ๆ สุก ๆ ปั้นเป็นก้อน มีเนื้อหมูเป็นต้นสับผัดกับเครื่องปรุงทำเป็นไส้ แล้วนึ่ง.
ส้าง 0,น.,"สิ่งปลูกสร้างชั่วคราวขนาดย่อม ยกพื้น และดาดหลังคา สำหรับพระสงฆ์นั่งสวดพระอภิธรรมในงานออกพระเมรุ ตั้งอยู่ ๔ มุมพระเมรุ, คดซ่าง คดสร้าง ซ่าง สร้าง สำซ่าง หรือ สำสร้าง ก็เรียก."
สาง 0,น.,"ผี, บางทีใช้เข้าคู่กันเป็น ผีสาง"
สาง 1,น.,"กลิ่นเหม็นของซากศพ ซากสัตว์ เช่น เหม็นสาบเหม็นสาง, โดยปริยายหมายความว่า มีกลิ่นเหม็นคล้ายคลึงเช่นนั้น."
สาง 2,น.,สัตว์ในนิยาย เข้าใจกันว่ามีรูปร่างอย่างเสือ.
สาง 3,น.,ช้าง เช่น เสือสางสรรโสงสรรพและไกร สรร้องสำเทินสาร (สมุทรโฆษ).
สาง 4,น.,ปรากฏการณ์บนท้องฟ้าในเวลาเช้ามืด เริ่มแต่มีความมืดน้อยลง ๆ ตามลำดับ จนกว่าจะสว่างแจ้งเป็นที่สุด เรียกว่า ท้องฟ้าสาง.
สาง 5,ก.,"ทำให้แจ้งให้กระจ่าง เช่น สางคดี, ทำให้หายยุ่ง เช่น สางผม."
สาง 6,น.,"หวี, ราชาศัพท์ใช้ว่า พระสาง."
สางคลื่น 0,น.,"คลื่นที่ยอดไม่แตก, คลื่นใต้นํ้า."
สางห่า 0,น.,"ชื่อสัตว์เลื้อยคลานชนิด Takydromus sexlineatus (Daudin) ในวงศ์ Lacertidae ลักษณะทั่วไปคล้ายกิ้งก่า ตัวเล็กลำตัวสีน้ำตาลอ่อน ไม่มีลาย ความยาวตั้งแต่หัวจดปลายหางประมาณ ๕๐ เซนติเมตร หางยาวมากประมาณ ๕ เท่าของความยาวลำตัว กินแมลง พบทุกภาคของประเทศไทย ที่เรียกสางห่าเพราะเข้าใจผิดว่ามีพิษร้ายแรงแต่ความจริงเป็นสัตว์ไม่มีพิษ, จิ้งเหลนหางยาว หรือ งูคา ก็เรียก."
สาชล 0,น.,"สายชล, สายน้ำ, เช่น โอ้เรือพ้นวนมาในสาชล ใจยังวนหวังสวาทไม่คลาดคลา (นิ. ภูเขาทอง)."
สาฎก 0,น.,ผ้า.
สาฏิก- 0,น.,"เสื้อ, เสื้อคลุม"
สาฏิก- 1,น.,ผ้า.
สาณ- 0,น.,"ผ้าหยาบ, ผ้าป่าน."
สาณี 0,น.,"ม่าน, ฉาก, มู่ลี่"
สาณี 1,น.,ผ้าป่าน.
สาด 0,น.,"เสื่อ, มักใช้ประกอบหลังคำ เสื่อ เป็น เสื่อสาด."
สาด 1,ก.,"ซัดไป เช่น สาดน้ำ สาดโคลน สาดทราย, วักน้ำหรือตักน้ำซัดออกไปโดยแรง เช่น สาดน้ำรดแปลงผัก, ซัดหรือกระเซ็นเข้ามา เช่น ฝนสาด, ซัดหรือยิงอาวุธหรือกระสุนปืนทีละมาก ๆ เช่น สาดอาวุธเข้าหากัน สาดกระสุนเข้าใส่กัน"
สาด 2,ก.,"ส่องแสงเข้ามา เช่น ดวงจันทร์สาดแสง ห้องนี้แดดสาดทั้งวัน, กระจาย เช่น ถูกตีหัวเลือดสาด."
สาดโคลน 0,ก.,ใส่ร้ายป้ายสี.
สาดน้ำรดกัน 0,ก.,"กล่าวให้ร้ายซึ่งกันและกัน, ก่อให้เกิดความเสียหายแก่กันและกัน."
สาดเสียเทเสีย 0,ก.,ใช้สิ่งของสิ้นเปลืองไปเปล่า ๆ.
สาดเสียเทเสีย 1,ว.,อย่างเจ็บแสบทำให้เสียหายอย่างรุนแรง เช่น ด่าว่าอย่างสาดเสียเทเสีย.
สาต 0,ว.,"สำราญ, ยินดี, เป็นที่พอใจ."
สาตรา 0,น.,ของมีคม.
สาไถย 0,น.,"การแสร้งทำให้เขาหลงผิดเข้าใจผิด, มักใช้เข้าคู่กับคำ มารยา เป็น มารยาสาไถย."
สาทร 0,ก.,"เอื้อเฟื้อ, เอาใจใส่."
สาทิส 0,ว.,"เหมือนกัน, คล้ายกัน, เช่นกัน."
สาทิส- 0,ว.,"เหมือนกัน, คล้ายกัน, เช่นกัน."
สาทิสลักษณ์ 0,น.,"ภาพเขียนเหมือนบุคคลจริง, พระบรมสาทิสลักษณ์ พระบรมฉายาสาทิสลักษณ์ พระสาทิสลักษณ์ หรือ พระฉายาสาทิสลักษณ์ ก็ใช้."
สาทุ 0,ว.,"หวาน, อร่อย"
สาทุ 1,ว.,น่าปรารถนา.
สาโท 0,น.,น้ำเมาที่ได้จากการหมัก เช่น น้ำขาว อุ กะแช่.
สาธก 0,ก.,ยกตัวอย่างมาอ้างให้เห็น.
สาธกโวหาร 0,น.,สำนวนเขียนที่มีการยกตัวอย่างมาอ้างให้เห็น.
สาธย- 0,ว.,ควรทำให้สำเร็จ.
สาธย- 1,น.,สิ่งหรือเรื่องที่อนุมาน.
สาธยะ 0,ว.,ควรทำให้สำเร็จ.
สาธยะ 1,น.,สิ่งหรือเรื่องที่อนุมาน.
สาธยาย 0,น.,"การท่อง, การสวด, การทบทวน, เช่น สาธยายมนต์, (ปาก) การชี้แจงแสดงเรื่อง เช่น สาธยายอยู่นั่นแหละ ไม่รู้จักจบเสียที."
สาธร 0,ว.,"ดีแล้ว, ชอบแล้ว (แผลงมาจาก สาธุ)."
สาธารณ์ 0,ว.,"ตํ่า, เลว"
สาธารณ์ 1,ว.,"ชั่วช้า, เช่น ดังกากาจชาติช้าสาธารณ์ จะประมาณหมายหงส์พงศ์พระยา (อิเหนา), บางทีใช้เข้าคู่กับคำ ชั่วช้า เป็น ชั่วช้าสาธารณ์"
สาธารณ์ 2,ว.,ทั่ว ๆ ไป เช่น ของสาธารณ์.
สาธารณ- 0,ว.,"เพื่อประชาชนทั่วไป เช่น สวนสาธารณะ โทรศัพท์สาธารณะ บ่อน้ำสาธารณะ, ทั่วไป เช่น ถนนนี้ไม่ใช่ถนนสาธารณะ อย่าแต่งตัวประเจิดประเจ้อในที่สาธารณะ."
สาธารณชน 0,น.,ประชาชนทั่วไป.
สาธารณประโยชน์ 0,น.,ประโยชน์ทั่วไปแก่ประชาชน เช่น บริจาคเงินสร้างโรงพยาบาลเพื่อเป็นสาธารณประโยชน์.
สาธารณภัย 0,น.,ภัยที่เกิดแก่คนหมู่มากอย่างไฟไหม้ น้ำท่วม เช่น หน่วยบรรเทาสาธารณภัย.
สาธารณรัฐ 0,น.,ประเทศหรือการปกครองที่มีประธานาธิบดีเป็นประมุข เช่น สาธารณรัฐประชาชนจีน สาธารณรัฐประชาธิปไตยประชาชนเกาหลี.
สาธารณสถาน 0,น.,สถานที่ใด ๆ ซึ่งประชาชนมีความชอบธรรมที่จะเข้าไปได้.
สาธารณสมบัติ 0,น.,ทรัพย์สินของรัฐมีไว้เพื่อประโยชน์ร่วมกันของประชาชน เช่น ถนนสาธารณะ แม่นํ้า ลำคลอง.
สาธารณสมบัติของแผ่นดิน 0,น.,ทรัพย์สินทุกชนิดของแผ่นดินซึ่งใช้เพื่อสาธารณประโยชน์ หรือสงวนไว้เพื่อประโยชน์ร่วมกัน เช่น ที่ดินรกร้างว่างเปล่า และที่ดินซึ่งมีผู้เวนคืนหรือทอดทิ้งหรือกลับมาเป็นของแผ่นดินโดยประการอื่นตามกฎหมายที่ดิน ทรัพย์สินสำหรับพลเมืองใช้ร่วมกัน และทรัพย์สินใช้เพื่อประโยชน์ของแผ่นดินโดยเฉพาะ.
สาธารณสุข 0,น.,ชื่อกระทรวงที่มีอำนาจหน้าที่เกี่ยวกับการแพทย์ การสาธารณสุข การควบคุมอาหารและยา รวมทั้งสิ่งที่อาจเป็นพิษหรือเป็นภัยแก่สุขภาพ และควบคุมกิจการกาชาด
สาธารณสุข 1,น.,กิจการเกี่ยวกับการป้องกัน การบำบัดโรค การรักษา และส่งเสริมสุขภาพของประชาชน.
สาธารณะ 0,ว.,"เพื่อประชาชนทั่วไป เช่น สวนสาธารณะ โทรศัพท์สาธารณะ บ่อน้ำสาธารณะ, ทั่วไป เช่น ถนนนี้ไม่ใช่ถนนสาธารณะ อย่าแต่งตัวประเจิดประเจ้อในที่สาธารณะ."
สาธารณูปการ 0,น.,กิจการเกี่ยวกับการสงเคราะห์บุคคลที่ไม่สามารถช่วยตัวเองได้ เช่น คนชรา คนพิการ เด็กกำพร้า. (อ. public assistance)
สาธารณูปการ 1,น.,การก่อสร้างและบูรณปฏิสังขรณ์ทางศาสนา เช่น งานด้านสาธารณูปการ.
สาธารณูปโภค 0,น.,บริการสาธารณะที่จัดทำเพื่ออำนวยประโยชน์แก่ประชาชนในสิ่งอุปโภคที่จำเป็นต่อการดำเนินชีวิต เช่น การไฟฟ้า การประปา การเดินรถประจำทาง โทรศัพท์.
สาธิต 0,ก.,แสดงเป็นตัวอย่าง เช่น สาธิตการสอน สาธิตการทำขนม.
สาธิต 1,ว.,ที่แสดงเป็นตัวอย่าง เช่น แปลงสาธิต โรงเรียนสาธิต.
สาธุ 0,ว.,"ดีแล้ว, ชอบแล้ว, (เป็นคำที่พระสงฆ์เปล่งวาจาเพื่อยืนยันหรือรับรองพิธีทางศาสนาที่กระทำไป)."
สาธุ 1,ก.,"เปล่งวาจาแสดงความเห็นว่าชอบแล้วหรืออนุโมทนาด้วย, มักใช้เข้าคู่กับคำ โมทนา เป็น โมทนาสาธุ"
สาธุ 2,ก.,ไหว้ (เป็นคำบอกให้เด็กแสดงความเคารพตามธรรมเนียม กร่อนเสียง เป็น ธุ ก็มี).
สาธุการ 0,น.,การเปล่งวาจาว่าชอบแล้วเมื่อเวลาเห็นควรหรือยกย่องสรรเสริญ เช่น แซ่ซ้องสาธุการ กล่าวสาธุการขึ้นพร้อม ๆ กัน
สาธุการ 1,น.,ชื่อเพลงไทยประเภทเพลงหน้าพาทย์ที่สำคัญยิ่ง ใช้บรรเลงในพิธีกรรมเพื่อบูชาหรืออัญเชิญพระรัตนตรัย เทพยดา สิ่งศักดิ์สิทธิ์ และใช้เพื่อแสดงกิริยานบไหว้ เป็นเพลงอันดับแรกที่ใช้สอนเมื่อเริ่มต้นเรียนวิชาปี่พาทย์ และเป็นเพลงอันดับแรกของชุดโหมโรงเช้าโหมโรงเย็น.
สาธุชน 0,น.,"คนดี, คนที่มีคุณงามความดี, (ใช้ในการยกย่อง)."
สาธุสะ 0,*ว.,คำเปล่งขึ้นก่อนกล่าวคำอื่น เพื่อขอความสวัสดิมงคลอย่างเดียวกับคำ ศุภมัสดุ.
สาน 0,ก.,อาการที่ใช้เส้นตอกทำด้วยไม้ไผ่ หวาย กก ใบลาน เป็นต้น ขัดกันให้เป็นผืนเช่นเสื่อ หรือทำขึ้นเป็นวัตถุมีรูปร่างต่าง ๆ เช่นกระบุง กระจาด.
ส่าน 0,น.,ผ้าขนสัตว์โบราณ.
สานตวะ 0,น.,"การปลอบโยน, การเกลี้ยกล่อม"
สานตวะ 1,น.,คำอ่อนโยนและไพเราะ.
สานะ 0,น.,หมา.
สานุ 0,น.,"ยอดเขา, เนินเขา, ไหล่เขา."
สานุศิษย์ 0,น.,ศิษย์น้อยใหญ่.
สานู 0,น.,"ยอดเขา, เนินเขา, ไหล่เขา."
สาบ 0,น.,"กลิ่นเหม็นชนิดหนึ่ง เช่นกลิ่นเสื้อผ้าที่ใช้แล้วแต่ยังไม่ได้ซัก, กลิ่นตัวที่มีประจำอยู่กับสัตว์บางชนิด เช่น สาบเสือ สาบแพะ, กลิ่นอื่น ๆ ที่มีลักษณะคล้ายคลึงเช่นนั้น."
สาบ 1,น.,ชื่อแมลงหลายชนิดหลายสกุล ในวงศ์ Blattidae ลักษณะคล้ายแมลงแกลบแต่ส่วนใหญ่ตัวโตกว่า ลำตัวยาวประมาณ ๒ เซนติเมตรหรือมากกว่า รูปร่างเป็นรูปไข่ค่อนข้างแบนลง หัวซ่อนอยู่ใต้ส่วนอก หนวดยาวคล้ายเส้นด้าย ขายาวมีหนาม ตัวเต็มวัยมีทั้งพวกมีปีกและไม่มีปีก มีกลิ่นเฉพาะตัว กินอาหารได้หลากหลาย พบได้ทั่วไป ที่พบบ่อยตามบ้านเรือนทั่วโลกในปัจจุบัน เช่น ชนิด Periplaneta Americana (Linn.) และชนิด Blatta orientalisLinn.
สาบ 2,น.,"เรียกผ้าทาบที่อกเสื้อสำหรับติดดุมและเจาะรังดุม ว่า สาบเสื้อ, ปัจจุบันอนุโลมเรียกผ้าทาบที่คอ แขน กระเป๋า เป็นต้น เพื่อให้หนาขึ้น ว่า สาบคอ สาบแขน สาบกระเป๋า."
สาบ 3,น.,เรียกห้วงนํ้าใหญ่คล้ายบึง แต่โตกว่า ว่า ทะเลสาบ.
สาบขนุน 0,น.,"ชื่อปลาทะเลขนาดเล็กถึงขนาดกลางชนิด Lactarius lactarius (Bloch & Schneider) ในวงศ์ Lactariidae ลำตัวกว้าง แบนข้าง หัวโต ปากกว้างและเชิดขึ้น เกล็ดหลุดง่าย มีครีบหลัง ๒ ตอน ตอนที่ ๒ ยาวและมีลักษณะคล้ายครีบก้นซึ่งอยู่ตรงข้ามและยาวกว่าเล็กน้อย ลำตัวสีเงินตลอด ที่ขอบด้านบนของแผ่นปิดเหงือกมีจุดสีดำเด่น ครีบต่าง ๆ สีเหลืองอ่อน พบตลอดชายฝั่ง ขนาดยาวได้ถึง ๔๐ เซนติเมตร, ขนุน ญวน ซับขนุน หรือ สาบขนุน ก็เรียก."
สาบแร้ง 0,น.,"ชื่อไม้ล้มลุกชนิด Centipeda minima (L.) A. Braun et Asch. ในวงศ์ Compositae ขึ้นตามพื้นที่ลุ่มตํ่า แฉะ ต้นเตี้ยติดดินคล้ายต้นผักเบี้ย ใบเล็กเว้าข้างทั้ง ๒ ด้าน ปลายใบแหลมคล้ายสามง่าม ใบมีกลิ่นเหม็น ใช้ทำยาได้ แต่เป็นพิษต่อปศุสัตว์, กระต่ายจันทร์ สาบแร้ง หญ้ากระจาม หญ้าจาม หรือ เหมือดโลด ก็เรียก."
สาบแร้งสาบกา 0,น.,ชื่อไม้ล้มลุก ๒ ชนิดในวงศ์ Compositae ใบมีขน กลิ่นฉุน คือ ชนิด Ageratum conyzoides L. ดอกสีฟ้าอ่อน และชนิด Blumea aurita (L. f.) DC. ดอกสีขาว ต้นสูงกว่าชนิดแรก.
สาบสูญ 0,ก.,สูญหายไปอย่างไม่ทิ้งร่องรอย.
สาบสูญ 1,น.,เรียกบุคคลซึ่งได้ไปจากภูมิลำเนาหรือถิ่นที่อยู่ และไม่มีใครรู้แน่ว่าบุคคลนั้นยังมีชีวิตอยู่หรือไม่ตลอดระยะเวลา ๕ ปี และศาลมีคำสั่งให้เป็นคนสาบสูญ ว่า คนสาบสูญ ระยะเวลา ๕ ปี ดังกล่าว ลดลงเหลือ ๒ ปี นับแต่วันที่การรบหรือสงครามสิ้นสุดลง ถ้าบุคคลนั้นอยู่ในการรบหรือสงคราม และหายไปในการรบหรือสงครามดังกล่าว หรือนับแต่วันที่ยานพาหนะที่บุคคลนั้นเดินทางไป ได้อับปาง ถูกทำลายหรือสูญหาย หรือนับแต่วันที่เหตุอันตรายแก่ชีวิต นอกจากที่ระบุไว้ใน ๒ กรณีดังกล่าวข้างต้นได้ผ่านพ้นไป ถ้าบุคคลนั้นตกอยู่ในอันตรายเช่นว่านั้น.
สาบเสือ 0,น.,"ชื่อไม้ล้มลุกชนิด Chromolaena odorata (L.) R.M. King et H. Rob. ในวงศ์ Compositae เป็นวัชพืชขึ้นทั่วไป ใบมีกลิ่นเหม็นใช้ทำยาได้, เสือหมอบ ก็เรียก."
สาบาน 0,ก.,"กล่าวคำปฏิญาณโดยอ้างสิ่งศักดิ์สิทธิ์เป็นพยาน, ประเพณีเดิมจะต้องดื่มนํ้าพระพุทธมนต์ นํ้าเทพมนตร์ หรือ สุราผสมเลือดที่ผู้ร่วมกล่าวคำปฏิญาณกรีดให้หยดลงไปด้วย เช่น สาบานเป็นพี่น้องกัน เพื่อนร่วมสาบาน.(ป. สปน; ส. ศปน)."
สาบานธง 0,ก.,กล่าวปฏิญาณตนต่อหน้าธงชัยเฉลิมพล (ใช้แก่ทหาร).
สาป 0,น.,คำแช่งให้เป็นไปต่าง ๆ ของผู้มีฤทธิ์อำนาจ เช่นเทวดา ฤๅษี แม่มด.
สาปแช่ง 0,ก.,กล่าวมุ่งร้ายให้ผู้อื่นเป็นอันตรายอย่างร้ายแรง เช่น สาปแช่งไม่ให้ผุดให้เกิด.
สาปไตย 0,น.,"ทรัพย์, สมบัติ."
สาปส่ง 0,ก.,ตัดขาดไม่เกี่ยวข้องด้วย เช่น คนคนนี้ฉันขอสาปส่งไม่คบอีก.
สาปสรร 0,น.,คำแช่งให้เป็นไปต่าง ๆ ของผู้มีฤทธิ์อำนาจ เช่นเทวดา ฤๅษี แม่มด.
สาม 0,น.,จำนวนสองบวกหนึ่ง
สาม 1,น.,ชื่อเดือนจันทรคติ เรียกว่า เดือน ๓ ตกในราวเดือนกุมภาพันธ์.
สาม- 0,น.,บทสรรเสริญ
สาม- 1,น.,การสรรเสริญ.
สามกษัตริย์ 0,น.,รูปพรรณที่ในชิ้นเดียวกันมีทั้งทอง นาก และเงินสลับกัน โบราณถือว่าเป็นมงคลแก่ผู้สวม เช่น สายสร้อยสามกษัตริย์ กำไลสามกษัตริย์.
สามเกลอ 0,น.,เครื่องมือสำหรับตอกกระทุ้งเสาเข็ม ลักษณะเป็นไม้ท่อนกลม มีที่จับสำหรับยก ๓ ที่
สามเกลอ 1,น.,ชื่อขนมชนิดหนึ่ง ทำด้วยมะพร้าว ข้าวเม่า น้ำตาล กวนเข้าด้วยกันแล้วปั้นเป็นก้อน ร้อยด้วยตอกให้ติดกัน ๓ ก้อน ชุบแป้งแล้วนำไปทอด.
สามแก้ว 0,น.,"ชื่อปลาทะเลหรือนํ้ากร่อยชนิด Plotosus lineatus (Thunberg) และ P. canius (Hamilton) ในวงศ์ Plotosidae มีเงี่ยงที่ครีบอกและครีบหลังตอนแรก ส่วนครีบหลังตอนที่ ๒ ต่อเนื่องกับครีบก้นและครีบหางยาว, สามแก้ว ปิ่นแก้ว หรือ เป็ดแก้ว ก็เรียก."
สามขา 0,น.,เครื่องวางภาชนะต้มนํ้าเป็นต้น ทำด้วยโลหะ มี ๓ เส้า
สามขา 1,น.,ชื่อตะเกียงที่มีพวยใส่ไส้จุดไฟ ๓ พวย
สามขา 2,น.,เต้าเสียบไฟฟ้าชนิดที่มีขาเสียบ ๓ ขา.
สามขุม 0,น.,เรียกท่าเดินเข้าหาคู่ต่อสู้หรือถอยจากคู่ต่อสู้ของนักมวยนักกระบี่กระบองเป็นต้น โดยเดินก้าวย่างเป็นสลับฟันปลา มีตำแหน่งวางเท้าเป็น ๓ เส้า ว่า ย่างสามขุม.
สามเขี้ยว 0,น.,"ชื่อปลานํ้าจืดขนาดเล็กชนิด Akysis macronemus (Bleeker) ในวงศ์ Akysidae รูปร่างคล้ายปลาแขยง ยาวไม่เกิน ๔ เซนติเมตร ไม่มีเกล็ด มีหนวด, สามเขี้ยว ก็เรียก."
สามคาน 0,น.,เรียกพระยานมาศขนาดใหญ่มีคานสำหรับแบก ๓ คาน ว่า พระยานมาศสามลำคาน.
สามง่าม 0,น.,"ไม้หรือเหล็กที่แยกออกเป็น ๓ แฉกเรียงอยู่ในแนวเดียวกัน, เรียกอาวุธที่มีปลายแหลมเป็น ๓ แฉกเรียงอยู่ในแนวเดียวกัน ด้ามยาว ว่า สามง่าม, เรียกสิ่งอื่น ๆ ที่มีลักษณะเช่นนั้น."
สามชั้น 0,น.,เรียกเนื้อหมูส่วนท้องที่ชำแหละให้ติดทั้งหนัง มัน และเนื้อ ว่า หมูสามชั้น
สามชั้น 1,น.,"จังหวะของดนตรีไทยที่มีระดับช้า คือช้ากว่าสองชั้นเท่าตัว หรือช้ากว่าชั้นเดียว ๔ เท่า เรียกเต็มว่า อัตราสามชั้น, ชื่ออัตราจังหวะหน้าทับและทำนองเพลงประเภทหนึ่ง มีความยาวเป็น ๒ เท่า ของอัตราสองชั้น."
สามชาย 0,น.,เรียกธงสามเหลี่ยมมุมฉาก ปลายธงมี ๓ แฉก เป็น ๓ ชายลดหลั่นกัน มักใช้นำริ้วกระบวน ถ้าใช้เข้ากระบวนแห่ในพระราชพิธี ผืนธงทำด้วยผ้าสักหลาดสอดสีปักดิ้นหักทองขวางเป็นลวดลาย ว่า ธงสามชาย.
สามชุก 0,น.,"ภาชนะสานรูปอย่างฟักผ่าตามยาว ใช้วางในเกวียน สำหรับใส่ข้าวเปลือกเป็นต้น, กระชุก ก็เรียก."
สามแซ่ 0,น.,ชื่อของหวานประเภทน้ำเชื่อม ประกอบด้วยของ ๓ อย่าง คือ วุ้น ลูกพลับแห้ง และชิ้นฟักแช่อิ่ม.
สามเณร 0,น.,"ผู้ดำรงเพศอย่างภิกษุ แต่สมาทานศีล ๑๐, เรียกสั้น ๆ ว่า เณร."
สามเณรี 0,น.,หญิงที่บวชเป็นสามเณร.
สามตา 0,น.,ชื่อวิธีจับยามของหมอดู ใช้นับหลักทั้ง ๓ เวียนไป มักใช้ทายเกี่ยวกับของหาย เรียกว่า ยามสามตา
สามตา 1,น.,เต้ารับไฟฟ้าที่มีรู ๓ คู่ สำหรับนำเต้าเสียบมาเสียบเพื่อนำกระแสไฟฟ้าออกไปใช้ได้ ๓ วงจร.
สามนต์ 0,ว.,"รอบ ๆ, ใกล้เคียง."
สามนต- 0,ว.,"รอบ ๆ, ใกล้เคียง."
สามนตราช 0,น.,"พระราชาแห่งแคว้นที่ใกล้เคียง, เจ้าประเทศราช."
สามบาน 0,น.,การแสดงกระบี่กระบองแบบหนึ่ง ใช้อาวุธหลายชนิดเข้าต่อสู้กันโดยไม่จับคู่กับอาวุธชนิดใดชนิดหนึ่ง เช่น กระบองคู่กับดาบสองมือ ง้าวคู่กับดาบดั้ง.
สามใบเถา 0,น.,"เรียกตลับหรือโถแป้งเป็นต้น ๓ ใบที่มีขนาดใหญ่ กลาง เล็ก รวมเป็นชุดหนึ่ง เช่น ตลับหมากสามใบเถา โถแป้งสามใบเถา, (ปาก) เรียกพี่น้องผู้หญิง ๓ คนเรียงกัน ว่า สามใบเถา."
สามเพลงตกม้าตาย 0,ก.,"แพ้เร็ว เช่น นักมวยหน้าใหม่อย่างนี้เดี๋ยวก็สามเพลงตกม้าตายหรอก, เพลงเดียวตกม้าตาย ก็ว่า."
สามแพร่ง 0,น.,"ทางที่แยกเป็น ๓ สาย เกิดจากทางสายหนึ่งมาบรรจบเป็นมุมฉากกับทางอีกสายหนึ่ง เรียกว่า ทางสามแพร่ง, โบราณถือว่าเป็นทางผีผ่าน ไม่เป็นมงคล เช่น ไปทำพิธีเซ่นวักเสียกบาลที่ทางสามแพร่ง."
สามเมา 0,ว.,เรียกคนติดเหล้า กัญชา และยาฝิ่น ว่า คนสามเมา.
สามไม้กลาง 0,น.,"ชื่อเพลงไทย อัตรา ๒ ชั้น หน้าทับปรบไก่, สามไม้กลาง ก็เรียก."
สามไม้นอก 0,น.,"ชื่อเพลงไทย อัตรา ๒ ชั้น หน้าทับปรบไก่, สามไม้นอก หรือ ขึ้นพลับพลานอก ก็เรียก."
สามไม้ใน 0,น.,"ชื่อเพลงไทย อัตรา ๒ ชั้น หน้าทับปรบไก่, สามไม้ใน ก็เรียก."
สามยทรัพย์ 0,น.,"อสังหาริมทรัพย์ที่ได้ประโยชน์จากภาระจำยอม, คู่กับ ภารยทรัพย์."
สามรส 0,น.,เรียกอาหารที่มีรสเปรี้ยว เค็ม หวาน เช่น ปลาเก๋าสามรส.
สามรส 1,น.,"ชื่อปลาทะเลในสกุล Fistularia วงศ์ Fistulariidae หัวและลำตัวแบนลงแต่แคบและยาวมาก ตาโต ปากเป็นท่อยาวคล้ายแตร มีช่องปากขนาดเล็กอยู่ปลายสุด ลำตัวไม่มีเกล็ดยกเว้นเฉพาะที่แนวสันหลัง ครีบหลังและครีบก้นอยู่ค่อนไปทางหาง ครีบหางเป็นแฉกมีเส้นยาวคล้ายแส้ยื่นออกจากกึ่งกลางครีบ ลำตัวทั่วไปรวมทั้งหัวและครีบสีนํ้าตาลแดง ขนาดยาวได้ถึง ๑ เมตร เช่น ชนิด F. villosa Klunzinger, สามรส ก็เรียก."
สามล 0,ว.,"สีคลํ้า, สีดำ."
สามล้อ 0,น.,"ยานพาหนะถีบขนาดเล็กชนิดหนึ่งมีล้อ ๓ ล้อ เรียกเต็มคำว่า จักรยานสามล้อ, ถ้าติดเครื่องยนต์ เรียกว่า สามล้อเครื่อง หรือ จักรยานสามล้อเครื่อง."
สามลำคาน 0,น.,เรียกพระยานมาศขนาดใหญ่มีคานสำหรับแบก ๓ คาน ว่า พระยานมาศสามลำคาน.
สามโลก 0,น.,โลกทั้ง ๓ คือ มนุษยโลก เทวโลก และพรหมโลก.
สามวันดีสี่วันไข้ 0,ว.,เจ็บออด ๆ แอด ๆ อยู่เสมอ.
สามเวท 0,น.,"ชื่อคัมภีร์ที่ ๓ ของพระเวท ประพันธ์เป็นฉันท์ ส่วนใหญ่คัดมาจากฤคเวท สำหรับขับในพิธีบูชาด้วยน้ำโสม. (ส.). (ดู เวท, เวท ประกอบ)."
สามเศียร 0,น.,ไพ่ตองที่เข้าเศียรแล้ว ๓ ชุด.
สามสบ 0,น.,บริเวณที่แม่น้ำ ๓ สายมาบรรจบกัน.
สามสลึงเฟื้อง 0,ว.,"บ้า ๆ บอ ๆ, มีสติไม่สมบูรณ์, มีจิตใจใกล้ไปทางบ้า ๆ บอ ๆ, สองสลึงเฟื้อง ไม่เต็มเต็ง หรือ ไม่เต็มบาท ก็ว่า."
สามสาย 0,น.,ชื่อซอชนิดหนึ่ง มีกะโหลกทำด้วยกะลามะพร้าว ใช้หนังปิดด้านหนึ่ง มีสาย ๓ สาย คันชักอยู่ต่างหาก.
สามสิบ 0,น.,"ชื่อไม้เถาชนิด Asparagus racemosus Willd. ในวงศ์ Asparagaceae เถามีหนาม ใบลดรูปเป็นเกล็ด กิ่งเรียวรูปเข็ม รากอวบใช้ทำยาและแช่อิ่มได้, สามสิบ ก็เรียก, พายัพเรียก จ๋วงเครือ หรือ จั่นดิน."
สามสิบกลีบ 0,น.,"ชื่อเรียกกระเพาะอาหารกระเพาะที่ ๓ ของสัตว์เคี้ยวเอื้องเช่นวัวควาย เยื่อภายในมีแผ่นเนื้อเยื่อขนาดสั้นและยาวคล้ายกลีบอัดแน่นกันอยู่, สามสิบกลีบ ก็เรียก."
สามสี 0,น.,เรียกแมวที่มีสีดำ เหลืองและขาว ในตัวเดียวกัน ว่า แมวสามสี
สามสี 1,น.,พลอยชนิดหนึ่ง เมื่อโดนแสงอาทิตย์จะมีสีเขียวมรกต เมื่อโดนแสงอื่น ๆ ที่ไม่ใช่แสงอาทิตย์เช่นแสงจากหลอดไฟ จะมีสีแดงแล้วเปลี่ยนเป็นสีม่วง เรียกว่า พลอยสามสี หรือ เจ้าสามสี.
สามสี 2,น.,"ชื่อปูน้ำจืดชนิด Thaiphusa sirikit (Naiyanetr) ในวงศ์ Potamidae กระดองสีม่วงอมน้ำเงิน ขอบกระดองและขาก้ามสีขาว ขาสีแดง อาศัยอยู่ตามลำห้วย พบที่อำเภอไทรโยค จังหวัดกาญจนบุรี, ปูสามสี หรือ ปูไตรรงค์ ก็เรียก."
สามเส้า 0,ก.,"อาการที่นกเขาขันคูเป็น ๓ จังหวะ, สามกุก ก็ว่า. (พจน. ๒๔๙๓)"
สามเส้า 1,ก.,ชื่อเพลงไทยอัตรา ๒ ชั้น หน้าทับปรบไก่.
สามหมุด 0,น.,ชื่อมีดสำหรับปอกหรือฝานชนิดที่ตรึงกั่นติดกับด้ามด้วยหมุด ๓ ตัว เรียกว่า มีดสามหมุด.
สามหยิบ 0,น.,เรียกหมวกลูกเสือที่มีรอยบุ๋ม ๓ รอยตรงด้านบนหมวก ว่า หมวกสามหยิบ.
สามหาบ 0,น.,"เรียกอาหารคาว ๑ หาบ หวาน ๑ หาบ และเครื่องหุงต้ม ๑ หาบที่เจ้าภาพหาบเดินรอบเมรุแล้วถวายพระสงฆ์ในเวลาเก็บอัฐิ ว่า สามหาบ, เรียกการเดินในพิธีเช่นนั้นว่า เดินสามหาบ."
สามหาว 0,ว.,"หยาบคาย, โอหังก้าวร้าวผู้หลักผู้ใหญ่, (ใช้แก่วาจา) เช่น เด็กพูดจาสามหาวกับผู้ใหญ่."
สามหาว 1,น.,เรียกผักตบไทย [Monochoria hastata (L.) Solms] ว่า ผักสามหาว เช่น นางสงกรานต์ทัดดอกสามหาว.
สามเหลี่ยม 0,น.,รูปเหลี่ยมที่มีด้านโดยรอบเป็นเส้นตรง ๓ เส้น ปลายเส้นจดกัน.
สามเหลี่ยม 1,น.,ดูใน สาม ๑.
สามเหลี่ยม 2,น.,"ชื่องูพิษขนาดกลางชนิด Bungarus fasciatus (Linn.) ในวงศ์ Elapidae ยาวประมาณ ๑.๓ เมตร มีลายเป็นปล้องสีดำสลับเหลือง หลังเป็นสันแหลมทำให้ลำตัวมีลักษณะคล้ายรูปสามเหลี่ยม ปลายหางทู่ พบตามที่ลุ่มใกล้แหล่งน้ำทุกภาคของประเทศไทย ออกหากินในเวลากลางคืน กินกบ เขียด และงูขนาดเล็ก มีพิษรุนแรงมาก, ก้านปล้อง ตามธาร หรือ ทับธาร ก็เรียก."
สามเหลี่ยมด้านเท่า 0,น.,รูปสามเหลี่ยมที่มีด้านทั้ง ๓ ยาวเท่ากัน.
สามเหลี่ยมมุมฉาก 0,น.,รูปสามเหลี่ยมที่มีมุมหนึ่งเป็นมุมฉาก.
สามเหลี่ยมมุมป้าน 0,น.,รูปสามเหลี่ยมที่มีมุมหนึ่งเป็นมุมป้าน.
สามเหลี่ยมมุมแหลม 0,น.,รูปสามเหลี่ยมที่มีมุมทั้ง ๓ เป็นมุมแหลม.
สามเหลี่ยมหน้าจั่ว 0,น.,รูปสามเหลี่ยมที่มีด้านคู่หนึ่งยาวเท่ากัน.
สามแหยม 0,น.,เรียกปอยผมที่แบ่งออกเป็น ๓ ส่วนเพื่อเตรียมโกนจุก (ใช้แก่พระองค์เจ้าลงมาถึงสามัญชน).
สามะ 0,น.,"สีดำ, สีนิล."
สามัคคี 0,น.,"ความพร้อมเพรียงกัน, ความปรองดองกัน."
สามัคคี 1,ว.,"ที่พร้อมเพรียงกันทำ, ที่ร่วมมือร่วมใจกันทำ, เช่น กฐินสามัคคี ผ้าป่าสามัคคี."
สามัญ- 0,น.,ความเป็นสมณะ เช่น สามัญผล.
สามัญ 0,ว.,"ปรกติ, ธรรมดา, เช่น ชนชั้นสามัญ คนสามัญ."
สามัญชน 0,น.,คนธรรมดาที่มิใช่เจ้า.
สามัญสำนึก 0,น.,ความสำนึกหรือความเฉลียวใจที่คนปรกติธรรมดาทั่วไปควรจะต้องรู้โดยไม่จำเป็นต้องได้รับคำแนะนำสั่งสอน เช่น ทำอะไรให้มีสามัญสำนึกเสียบ้างว่าอะไรควรอะไรไม่ควร.
สามัตถิยะ 0,น.,"ความสามารถ, อำนาจ, ความแข็งแรง."
สามานย์ 0,ว.,"เลวทรามตํ่าช้า เช่น ลูกสามานย์ทำร้ายพ่อแม่, มักใช้เข้าคู่กับคำ ชั่วช้า เป็น ชั่วช้าสามานย์."
สามานย- 0,ว.,"ปรกติ, ธรรมดา, เช่น สามานยนาม."
สามานยนาม 0,น.,คำนามที่เป็นชื่อทั่วไปของคน สัตว์ และสิ่งของ เช่น เด็ก นก หนังสือ ลม ใจ.
สามารถ 0,*ว.,เป็นคำช่วยกริยาบอกว่ามีคุณสมบัติที่จะทำได้ เช่น เขาสามารถเดินได้ชั่วโมงละ ๕ กิโลเมตร เพื่อนฉันสามารถขี่จักรยานไต่ลวดได้.
สามารถ 1,ว.,มีคุณสมบัติที่จะทำได้ โดยเฉพาะทางความรู้หรือความชำนาญเป็นต้น เช่น ลูกเขาเป็นคนสามารถเรียนอะไรก็เรียนได้.
สามิกะ 0,น.,เจ้าของ
สามิกะ 1,น.,ผัว.
สามิต 0,น.,ความเป็นเจ้าของ.
สามินี 0,น.,หญิงผู้เป็นเจ้าของ.
สามิภักดิ์ 0,น.,"ความจงรักภักดีต่อเจ้านาย, การยอมตนหรือมอบตนอยู่ใต้อำนาจ."
สามิภักดิ์ 1,ก.,"จงรักภักดีเจ้านาย, ยอมตนหรือมอบตนอยู่ใต้อำนาจ, สวามิภักดิ์."
สามี 0,น.,"ผัว, ชายที่เป็นคู่ครองของหญิง, คู่กับ ภรรยา หรือ ภริยา"
สามี 1,น.,"นาย, เจ้าของ."
สามีจิกรรม 0,น.,การแสดงความเคารพตามธรรมเนียมของพระเณรในระหว่างผู้ใหญ่กับผู้น้อย เช่น ระหว่างพระอุปัชฌาย์กับสัทธิวิหาริก ระหว่างอาจารย์กับอันเตวาสิก หรือระหว่างผู้แก่พรรษากับผู้อ่อนพรรษากว่า.
ส้าย 0,ก.,"กำจัด, สู้."
สาย 0,น.,เวลาระหว่างเช้ากับเที่ยงประมาณ ๙.๐๐ น. ถึง ๑๐.๐๐ น. เช่น พอสายก็ออกเดินทาง.
สาย 1,ว.,"ช้ากว่าเวลาที่กำหนด, ล่าช้า, เช่น มาทำงานสาย, โดยปริยายหมายความว่า พ้นเวลาที่จะแก้ไข, สุดที่จะแก้ไขได้ เช่น เรื่องนี้ทำอะไรไม่ได้ สายเกินไปเสียแล้ว."
ส่าย 0,ก.,"แกว่งไปมา เช่น ส่ายผ้าอ้อมในน้ำ, ย้ายไปมา เช่น ส่ายหัว ส่ายสะโพก ว่าวส่าย."
ส่าย 1,น.,กระโปรงยาวที่ผู้หญิงนุ่ง.
สาย 2,น.,"สิ่งที่มีลักษณะเป็นเส้นเป็นแนวยาว เช่น สายสร้อย สายไฟฟ้า สายรุ้ง สายนาฬิกา สายเข็มขัด, ทาง, เส้นทาง, เช่น รถไฟสายเหนือ รถไฟสายใต้, โดยปริยายหมายถึงสิ่งที่มีลักษณะคล้ายคลึงเช่นนั้น เช่น สายการบิน สายการเดินเรือ สายงาน"
สาย 3,น.,ญาติที่สืบมาจากต้นวงศ์หรือต้นสกุลเดียวกัน แล้วแยกเป็นสกุลย่อยออกไป
สาย 4,น.,ผู้เข้าไปสืบความลับหรือความเคลื่อนไหวเป็นต้นของอีกฝ่ายหนึ่ง เช่น ระวังคนใช้เป็นสายให้โจร
สาย 5,น.,ลักษณนามเรียกสิ่งที่เป็นแนวหรือเส้นยาว ว่า สาย เช่น สายสะพาย ๒ สาย ทาง ๓ สาย.
ส่าย 2,ว.,เสียงอย่างเสียงที่เกิดจากผ้าแพรเนื้อหนาแข็งเสียดสีกัน เช่น ได้ยินเสียงแพรส่าย.
สายกระได 0,น.,เชือกถักที่ผูกเหนือจอมแห ใช้สาวดึงแหกลับ.
สายง่อง 0,น.,สายโยงใต้คางม้าไม่ให้เงย.
สายใจ 0,น.,"กระแสแห่งความรักและความผูกพัน, เรียกผู้ที่เป็นที่รักดังดวงใจ."
สายชนวน 0,น.,กระดาษห่อดินปืนม้วนเป็นเส้น ใช้จุดให้ไฟลุกแล่นเข้าไปติดดินระเบิด.
สายชู 0,น.,"ของเหลวซึ่งมีกรดแอซีติกละลายอยู่ไม่เกินร้อยละ ๖ มีรสเปรี้ยว ใช้ปรุงอาหาร เรียกว่า นํ้าส้มสายชู, นํ้าส้ม ก็เรียก."
สายดำ 0,น.,แถบผ้าสีดำที่แสดงว่าผู้ที่ได้รับมีความสามารถระดับสูงสุดในการเล่นยูโด ใช้คาดเอว.
สายดิ่ง 0,น.,"เชือกที่ปลายด้านหนึ่งผูกติดกับลูกดิ่งสำหรับใช้วัดความลึกของน้ำ ตรวจสอบเสาหรือกำแพงเป็นต้นว่าตั้งตรงหรือไม่, เชือกที่ผูกตะกั่วหรือเหล็กเป็นต้นเป็นคู่สกัดหัวท้ายดอกจำปาของว่าวจุฬา."
สายดิน 0,น.,สายตัวนำไฟฟ้าที่ต่อกับจุดใด ๆ ในวงจรไฟฟ้าให้เชื่อมกับพื้นโลก โดยประสงค์ให้จุดนั้น ๆ มีศักย์ไฟฟ้าเท่ากับศักย์ไฟฟ้าของโลก.
สายตรวจ 0,น.,เรียกผู้ตรวจผู้ดูแลความสงบเรียบร้อยหรือความถูกระเบียบเป็นย่าน ๆ ไป เช่น สายตรวจสรรพสามิต ตำรวจสายตรวจ.
สายตะพาย 0,น.,เชือกที่ร้อยจมูกวัวควาย.
สายตัว 0,น.,เนื้อตัว เช่น ทำงานสายตัวแทบขาด.
สายตัวแทบขาด 0,ว.,เหน็ดเหนื่อยเพราะทำงานหนักแทบไม่ได้พักผ่อน เช่น เพราะสามีตาย ภรรยาจึงต้องทำงานสายตัวแทบขาดเพื่อเลี้ยงลูก ๕ คน.
สายตา 0,น.,"ระยะที่ตาจะมองเห็นได้ เช่น สุดสายตา อยู่ในสายตา, โดยปริยายหมายความว่า ความเอาใจใส่ดูแลอย่างใกล้ชิด เช่น ความประพฤติของนักเรียนอยู่ในสายตาของครูอาจารย์, ความสอดส่องจับตาดูอยู่เสมอ เช่น พวกนักเลงอยู่ในสายตาของตำรวจ, ความสนใจ เช่น คนจนไม่อยู่ในสายตาของพวกเศรษฐี."
ส่ายตา 0,ก.,กวาดตามองทั่ว ๆ เช่น เขาส่ายตามองหาคนรู้จัก.
สายตาไกล 0,ว.,"สามารถคิดและคาดการณ์เหตุการณ์ที่จะเกิดขึ้นในภายหน้าได้ค่อนข้างจะถูกต้อง เช่น ผู้ใหญ่มักจะเป็นผู้มีสายตาไกล, สายตากว้างไกล ก็ว่า."
สายตาพิการ 0,น.,"ความพิการในการเห็น, สายตาที่บกพร่องมองเห็นไม่เหมือนคนปรกติ เช่นตาบอดสี, การเห็นไม่ดีจนเป็นอุปสรรคต่อการงานซึ่งต้องใช้การมองเห็นเป็นหลัก."
สายตายาว 0,น.,ความสามารถของนัยน์ตาที่มองเห็นชัดเฉพาะสิ่งที่อยู่ไกลเท่านั้น ส่วนสิ่งที่อยู่ใกล้มองเห็นพร่าไม่ชัดเจน ช่วยได้โดยสวมแว่นที่เป็นเลนส์นูน.
สายตาสั้น 0,น.,ความสามารถของนัยน์ตาที่มองเห็นชัดเฉพาะสิ่งที่อยู่ใกล้เท่านั้น ส่วนสิ่งที่อยู่ไกลมองเห็นพร่าไม่ชัดเจน ช่วยได้โดยสวมแว่นที่เป็นเลนส์เว้า.
สายตาเอียง 0,น.,ความบกพร่องของนัยน์ตาที่มองเห็นสิ่งต่าง ๆ ในแนวระดับหรือในแนวดิ่งไม่ได้ชัดสม่ำเสมอกัน ช่วยได้โดยสวมแว่นที่เป็นเลนส์รูปกาบกล้วย.
สายติ่ง 0,น.,"ชื่อไม้นํ้าชนิด Nymphoides parvifolium (Griseb.) Kuntze ในวงศ์ Menyanthaceae กินได้, บัวสายติ่ง หรือ บัวสายทิ้ง ก็เรียก."
สายทิ้ง 0,น.,สายที่ห้อยโยงกับนาฬิกาพกหรือกำไลเป็นต้น.
สายธุรำ 0,น.,"สายเครื่องหมายวรรณะพราหมณ์ กษัตริย์ และแพศย์ สวมจากไหล่ซ้ายเฉียงลงไปทางขวา, ยัชโญปวีต หรือ สายมงคล ก็เรียก."
สายธุหร่ำ 0,น.,"สายเครื่องหมายวรรณะพราหมณ์ กษัตริย์ และแพศย์ สวมจากไหล่ซ้ายเฉียงลงไปทางขวา, ยัชโญปวีต หรือ สายมงคล ก็เรียก."
สายน้ำ 0,น.,กระแสนํ้าที่ไหลเห็นเป็นสายยาวไป เช่น เรือล่องลอยไปตามสายน้ำ.
สายน้ำผึ้ง 0,น.,ชื่อไม้เถาชนิด Lonicera japonica Thunb. ในวงศ์ Caprifoliaceae ดอกสีนวลแล้วเปลี่ยนเป็นสีเหลือง กลิ่นหอม ใช้ทำยาได้.
สายบังเหียน 0,น.,สายที่ผูกปลายบังเหียนทั้ง ๒ ข้างสำหรับโยงไปให้ผู้ขี่ม้าถือเพื่อบังคับม้า.
สายบัว 0,น.,ก้านดอกบัวสายที่เป็นเส้นยาว ๆ มีลักษณะอ่อน ไม่มีหนาม ใช้กินเป็นผัก.
สายเปลือย 0,น.,"เส้นโลหะตัวนำไฟฟ้า ใช้เพื่อให้กระแสไฟฟ้าผ่าน ไม่มีฉนวนหุ้ม, ถ้ามีฉนวนหุ้มเรียก สายไฟฟ้า."
สายพาน 0,น.,"เส้นด้ายที่คล้องโยงในเครื่องไนหูก, สายหนังหรือสายยางเป็นต้นสำหรับคล้องโยงเครื่องยนต์ต่าง ๆ เพื่อพาให้หมุนไปด้วยกัน เช่น สายพานจักรเย็บผ้า สายพานพัดลมเป่าหม้อน้ำรถยนต์."
สายฟ้า 0,น.,แสงที่เป็นสายแวบวาบเมื่อเวลาฟ้าแลบฟ้าผ่า
สายฟ้า 1,น.,ใยแมงมุมที่ลอยอยู่ในอากาศ.
สายไฟฟ้า 0,น.,"เส้นโลหะตัวนำไฟฟ้า ใช้เพื่อให้กระแสไฟฟ้าผ่านอาจมีฉนวนหุ้มหรือไม่มีก็ได้, ถ้าไม่มีฉนวนหุ้มเรียก สายเปลือย."
สายมงคล 0,น.,"สายเครื่องหมายวรรณะพราหมณ์ กษัตริย์ และแพศย์ สวมจากไหล่ซ้ายเฉียงลงไปทางขวา, สายธุรำ สายธุหร่ำ หรือ ยัชโญปวีต ก็เรียก."
สายม่าน 0,น.,ชื่องูขนาดกลางหลายชนิด ในวงศ์ Colubridae ยาวประมาณ ๑.๕ เมตร ส่วนมากลำตัวสีนํ้าตาล เกล็ดสันหลังมักวาวคล้ายสีทองเหลือง ว่องไวปราดเปรียว ออกหากินเวลากลางวันตามป่าหญ้าและบนต้นไม้ กินกบ เขียด กิ้งก่า พบทุกภาคของประเทศไทย ไม่มีพิษ เช่น สายม่านลิ้นแดง [Dendrelaphis pictus (Gmelin)] สายม่านหลังทอง [D. formosus (Boie)].
สายยงยศ 0,น.,สายที่ข้าราชการทหารหรือตำรวจใช้เพื่อแสดงสถานะ มี ๓ ชนิด ได้แก่ สายยงยศราชองครักษ์ สายยงยศเสนาธิการ และสายยงยศนายทหารคนสนิท.
สายยาง 0,น.,ยางหรือวัสดุอื่นที่ทำเป็นเส้นยาว กลวง ใช้เป็นอุปกรณ์ฉีดน้ำรดน้ำต้นไม้เป็นต้น.
สายยู 0,น.,"เหล็กยาวประมาณ ๑ คืบ ๒ ท่อนเกี่ยวกันเป็นสายด้านหนึ่งใช้ติดกับบานประตูขนาดใหญ่ เพื่อล่ามบานประตูให้ติดกับห่วงเหล็กที่ธรณีประตู สำหรับลั่นกุญแจ เช่น สายยูโบสถ์วิหาร, อุปกรณ์สำหรับติดโต๊ะตู้เป็นต้นสำหรับลั่นกุญแจ มี ๒ ชิ้น ชิ้นหนึ่งมีลักษณะเป็นช่องหรือห่วงเพื่อพับลงมาคล้องบนอีกชิ้นหนึ่ง ซึ่งมีลักษณะคล้ายรูปเกือกม้าควํ่า."
สายยู 1,น.,ดูใน สาย ๒.
สายยู 2,น.,"ชื่อปลาน้ำจืดชนิด Platytropius siamensis (Sauvage) ในวงศ์ Schilbeidae ลำตัวเรียวยาว ไม่มีเกล็ด มีหนวดลักษณะแบนบิดและยาวมาก ๔ คู่ อยู่ที่จมูก ขากรรไกรบน ขากรรไกรล่างและคาง, เกด ก็เรียก."
สายโยก 0,น.,สายถลกบาตรสำหรับคล้องที่ไหล่.
สายใย 0,น.,"โลหะเส้นเล็ก ๆ ขดเป็นวงในเครื่องนาฬิกาชนิดที่ไม่มีลูกตุ้ม ทำให้เกิดแรงเหวี่ยง บังคับให้นาฬิกาเดินเที่ยงตรง, โดยปริยายหมายถึงความผูกพัน เช่น สายใยแห่งความรักระหว่างแม่กับลูก."
สายรก 0,น.,ส่วนที่ต่อระหว่างผนังมดลูกกับสายสะดือเด็ก.
สายระเดียง 0,น.,หวายหรือสายลวดเป็นต้นที่ขึงสำหรับตากผ้า (ใช้แก่ภิกษุสามเณร).
สายระยาง 0,น.,สายเชือกหรือลวดที่รั้งเสากระโดงเรือเป็นต้น.
สายระโยง 0,น.,สายเชือกหรือลวดที่รั้งเสากระโดงเรือเป็นต้น.
สายรัดคาง 0,น.,สายหนังหรือเชือกที่โยงจากขอบหมวกหรือชฎาเป็นต้น สำหรับรัดคางกันหลุด.
สายรัดทึบ 0,น.,สายรัดท้องม้าเพื่อยึดอานให้แน่น.
สายรุ้ง 0,น.,กระดาษม้วนสีต่าง ๆ ทำเป็นแถบเล็กยาว ใช้ตกแต่งสถานที่หรือใช้ขว้างให้คลี่ออกแสดงความรื่นเริง.
สายรุ้ง 1,น.,ชื่องูน้ำขนาดกลางหลายชนิด ในวงศ์ Colubridae ยาว ๕๐-๑๑๕ เซนติเมตร เช่น สายรุ้งธรรมดา [Enhydris enhydris (Schneider)] ด้านข้างลำตัวมีเส้นสีชมพูอมเทาสลับม่วงตามความยาวลำตัวสะท้อนแสงคล้ายสายรุ้ง ลำตัวกลมป้อม แยกจากส่วนหางซึ่งเรียวเล็กกว่าลำตัวเห็นได้ชัด มักหากินตามแหล่งน้ำ กินปลาและสัตว์สะเทินน้ำสะเทินบก มีพิษอ่อน ชนิดอื่น เช่น สายรุ้งลาย [E. jagorii (Peters)] สายรุ้งดำ [E. smithii (Boulenger)].
สายล่อฟ้า 0,น.,แท่งโลหะปลายแหลมใช้ติดบนหลังคาอาคารสูง ๆ โดยโยงต่อกับพื้นดินด้วยลวดโลหะ เพื่อทำหน้าที่เป็นตัวนำไฟฟ้าให้อิเล็กตรอนจำนวนมากเคลื่อนที่ได้ระหว่างเมฆกับพื้นโลก เป็นการป้องกันอันตรายจากฟ้าผ่า.
สายลับ 0,น.,"ผู้เข้าไปสืบความลับ เช่น ภาพยนตร์เกี่ยวกับการจารกรรมของสายลับ, สาย ก็ว่า."
สายเลือด 0,น.,"ญาติพี่น้องที่มีบรรพบุรุษร่วมกัน, ลูก, เช่น เด็กคนนี้เป็นสายเลือดของเขาแท้ ๆ เขายังไม่เอาใจใส่เลย"
สายเลือด 1,น.,"โดยปริยายหมายถึงนิสัย, สันดาน, เช่น เขาชอบเล่นการพนันอยู่ในสายเลือด."
สายโลหิต 0,น.,ญาติพี่น้องที่มีบรรพบุรุษร่วมกัน.
สายวัด 0,น.,เครื่องวัดระยะชนิดหนึ่งเป็นแถบเล็กยาว มีหน่วยวัดระยะ ใช้วัดสิ่งต่าง ๆ เช่น สายวัดตัวของช่างเย็บเสื้อ สายวัดของช่างไม้.
ส่ายศึก 0,ก.,กวาดล้างให้หมดสิ้นข้าศึกศัตรู เช่น ส่ายเศิกเหลี้ยนล่งหล้า ราญราบหน้าเภริน (นิ. นรินทร์).
ส่ายเศิก 0,ก.,กวาดล้างให้หมดสิ้นข้าศึกศัตรู เช่น ส่ายเศิกเหลี้ยนล่งหล้า ราญราบหน้าเภริน (นิ. นรินทร์).
สายส่ง 0,น.,ผู้ดำเนินกิจการเป็นตัวแทนในการส่งหนังสือหรือสินค้าอื่นให้แก่ผู้รับ.
สายสนกลใน 0,น.,เลศนัยสลับซับซ้อน (มักใช้ในทางไม่บริสุทธิ์) เช่น เรื่องนี้มีสายสนกลในมาก ต้องใช้นักสืบมืออาชีพสืบดู.
สายสมร 0,น.,"หญิงที่รัก, นาง."
สายสร้อย 0,น.,"เครื่องประดับที่ทำเป็นเส้น เช่น สายสร้อยคอ สายสร้อยข้อมือ, สร้อย ก็ว่า."
สายสวน 0,น.,สายยางหรือท่อโลหะที่ใช้สวนปัสสาวะ.
สายสวาท 0,น.,ผู้เป็นที่รัก.
สายสะดือ 0,น.,ส่วนที่ต่อระหว่างรกกับสะดือเด็ก.
สายสะพาย 0,น.,แพรแถบสีเดียวหรือหลายสี เป็นส่วนหนึ่งของเครื่องราชอิสริยาภรณ์ชั้นสูง ใช้สะพายบ่า.
สายสัมพันธ์ 0,น.,"ความผูกพันกันมาช้านาน, ความเกี่ยวข้องเป็นมิตรไมตรีกันมานาน, เช่น ไทยกับจีนมีสายสัมพันธ์อันดีมาหลายร้อยปีแล้ว."
สายสำอาง 0,น.,เชือกหรือลวดหนังตีเป็นเกลียวหุ้มผ้าแดง ผูกติดกับรัดประคนทั้ง ๒ ข้าง ปรกติทอดขนานลำตัวช้างไปผูกติดกับกระวินคล้องกับระวิงหรือซองหาง เมื่อตั้งสัปคับหรือกูบ ใช้สายสำอางนี้สอดผูกเพื่อช่วยรั้งมิให้เลื่อนไปทางหัวช้าง ขณะเดินลงที่ลาด.
สายสิญจน์ 0,น.,ด้ายดิบสีขาวที่นำมาจับทบเป็น ๓ เส้น หรือ ๙ เส้น ใช้ในพิธีทางศาสนา เช่นสำหรับพระถือในเวลาสวดมนต์ หรือพราหมณ์ใช้ในพระราชพิธีบางอย่าง.
สายสืบ 0,น.,"ผู้เข้าไปสืบความลับหรือความเคลื่อนไหวเป็นต้นของอีกฝ่ายหนึ่ง, สาย ก็ว่า."
สายสูตร 0,น.,เชือกหนังที่ผูกช้างให้เดินตามกัน
สายสูตร 1,น.,เส้นด้ายที่เจ้านายหรือสมเด็จพระสังฆราชจับโยงไปเพื่อกระทำกิจกรรมทางศาสนา เช่น ยกช่อฟ้าหรือเททองหล่อพระพุทธรูปเป็นต้น.
สายสูบ 0,น.,"สายส่งน้ำทำด้วยวัสดุทนไฟ ปลายสายทั้ง ๒ ข้างมีข้อต่อสำหรับต่อกับถังน้ำบนรถหรือต่อกับหัวประตูน้ำดับเพลิง อีกข้างหนึ่งสวมเข้ากับหัวฉีดน้ำ, ถ้าใช้ในการชลประทาน หรือส่งน้ำให้ประชาชนใช้ เรียกว่า สายสูบส่งน้ำ, ถ้าใช้ในการดับเพลิง เรียกว่า สายสูบส่งน้ำดับเพลิง"
สายสูบ 1,น.,สายที่ทำด้วยสารสังเคราะห์ ปลายสายทั้ง ๒ ข้างมีข้อต่อสำหรับต่อกับถังบนรถ อีกข้างหนึ่งจุ่มลงในของเหลวหรือสิ่งปฏิกูลแล้วสูบขึ้นมา.
ส่ายหน้า 0,ก.,อาการที่ทำหน้าหันไปมาช้า ๆ แสดงถึงความหมดหวัง หมดศรัทธา หมดปัญญาเป็นต้น เช่น หมอเห็นผลการตรวจคนไข้แล้วส่ายหน้า.
สายหยก 0,น.,เชือกผูกรั้งตรวนเพื่อให้นักโทษเดินสะดวกขึ้น เช่น มือถือสายหยกยกสะเทิน พลั้งเท้าก้าวเกินก็ล้มลง (ขุนช้างขุนแผน).
สายหยุด 0,น.,ชื่อไม้เถาเนื้อแข็งชนิด Desmos chinensisLour. ในวงศ์ Annonaceae ดอกสีเหลือง กลิ่นหอม พอสายก็หมดกลิ่น.
สายเหา 0,น.,สายเชือกหรือหนังที่รั้งอานหรือเบาะม้า แล้วมาโยงกับโคนหางม้า.
สายไหม 0,น.,"ชื่อขนมชนิดหนึ่ง ทำด้วยน้ำตาลซึ่งใช้เครื่องปั่นจนเป็นเส้นฝอย ๆ คล้ายเส้นไหม ห่อด้วยแผ่นโรตีหรือแผ่นเปาะเปี๊ยะ, ถ้าห่อด้วยแผ่นโรตี เรียกว่า โรตีสายไหม."
สายอากาศ 0,น.,สายลวดที่ขึงไว้เพื่อส่งหรือรับคลื่นแม่เหล็กไฟฟ้า.
สายเอก 0,น.,สายสมอเรือสำเภา ทำด้วยเชือกเหนียวกว่าเชือกอื่น สำหรับลงสมอเมื่อพายุแรง
สายเอก 1,น.,"เรียกสายเครื่องดนตรีที่เป็นเสียงสูง ว่า สายเอก, ส่วนสายที่มีเสียงรองลงมาเรียกว่า สายทุ้ม."
สายัณห์ 0,น.,เวลาเย็น.
สายา 0,น.,"ผู้หญิง, นางผู้มีโฉมงาม, เช่น สายาอยู่ในถนน ถามข่าว รยมฤๅ (กำสรวล)."
สายาห์ 0,น.,เวลาเย็น.
สาร 0,น.,"แก่น, เนื้อแท้, มักใช้เข้าคู่กับคำ แก่น เป็น แก่นสาร"
สาร 1,น.,"ข้อความ, ถ้อยคำ, เรื่องราว, เช่น กล่าวสาร สื่อสาร, หนังสือ เช่น นิตยสาร วารสาร, จดหมาย เช่น เขียนสาร สารของนายกรัฐมนตรีถึงเยาวชน."
สาร- 0,น.,"แก่น, เนื้อแท้, มักใช้เข้าคู่กับคำ แก่น เป็น แก่นสาร"
สาร- 1,น.,"ข้อความ, ถ้อยคำ, เรื่องราว, เช่น กล่าวสาร สื่อสาร, หนังสือ เช่น นิตยสาร วารสาร, จดหมาย เช่น เขียนสาร สารของนายกรัฐมนตรีถึงเยาวชน."
สาร 2,น.,สิ่งที่มีองค์ประกอบเป็นอย่างเดียวกัน มีสมบัติเฉพาะของตนเอง และไม่สามารถใช้วิธีกลใด ๆ มาแบ่งแยกให้เป็นส่วนอื่นที่มีองค์ประกอบและสมบัติแตกต่างออกไปได้
สาร 3,น.,เรียกธาตุจำพวกหนึ่งและธาตุที่เข้าแทรกในต้นไม้ว่า สาร.
สาร- 2,*ว.,"คำประกอบหน้าคำ แปลว่า ทั้งหมด, ทั้งสิ้น, ทุก, เช่น สารทิศ ว่า ทุกทิศ, สารทุกข์ ว่า ทุกข์ทั้งหมด, สารเลว ว่า เลวทั้งสิ้น."
สาร 4,น.,ช้างใหญ่ ใช้ว่า ช้างสาร.
สาร 5,น.,ข้าวที่สีหรือตำเอาเปลือกออกแล้ว เรียกว่า ข้าวสาร.
สารกรม 0,น.,"เอกสารสัญญาซึ่งทำขึ้นตามที่กฎหมายกำหนด เช่น เอกสารที่ทาสลูกหนี้ยินยอมให้กรมการอำเภอทำให้ไว้แก่เจ้าหนี้นายเงิน สัญญาขายฝากที่ไร่ที่สวน, คำนี้เรียกเต็มว่า สารกรมธรรม์ หรือย่อว่า สารกรม, บางทีเรียกเพียงคำเดียวว่า กรม ก็มี เช่น กู้หนี้ถือสีนกันเข้าชื่อในกรมหลายคน (สามดวง)."
สารกรมธรรม์ 0,น.,"เอกสารสัญญาซึ่งทำขึ้นตามที่กฎหมายกำหนด เช่น เอกสารที่ทาสลูกหนี้ยินยอมให้กรมการอำเภอทำให้ไว้แก่เจ้าหนี้นายเงิน สัญญาขายฝากที่ไร่ที่สวน, คำนี้เรียกเต็มว่า สารกรมธรรม์ หรือย่อว่า สารกรม, บางทีเรียกเพียงคำเดียวว่า กรม ก็มี เช่น กู้หนี้ถือสีนกันเข้าชื่อในกรมหลายคน (สามดวง)."
สารคดี 0,น.,เรื่องที่เรียบเรียงขึ้นจากความจริง ไม่ใช่จากจินตนาการ เช่น สารคดีท่องเที่ยว สารคดีชีวประวัติ.
สารตรา 0,น.,หนังสือราชการที่เชิญพระบรมราชโองการซึ่งประทับตราใหญ่
สารตรา 1,น.,หนังสือราชการที่เสนาบดีเจ้ากระทรวงลงชื่อและประทับตรากระทรวงส่งไปยังหัวเมือง ซึ่งในสมัยต่อมาเรียกว่า ท้องตรา.
สารถี 0,น.,"คนขับรถ, คนบังคับม้า, โดยปริยายหมายความว่า ผู้บังคับหรือฝึกหัด ในความว่า พระพุทธเจ้าทรงเป็นสารถีฝึกบุรุษที่ควรฝึก."
สารถีชักรถ 0,น.,ชื่อเพลงไทย อัตรา ๒ ชั้น
สารถีชักรถ 1,น.,ชื่อเพลงไทยประเภทเพลงเถา เรียกว่า เพลงสารถีเถา
สารถีชักรถ 2,น.,ชื่อท่ารำแบบหนึ่ง โดยมือข้างหนึ่งตั้งวง แขนตึง ระดับไหล่ มืออีกข้างหนึ่งตั้งวงระดับชายพก เอียงศีรษะข้างเดียวกับมือที่แขนตึง
สารถีชักรถ 3,น.,ชื่อเพลงยาวกลบทแบบหนึ่ง ตัวอย่างว่า สงสารกายหมายมิตร์คิดสงสาร ประมาณจิตร์ผิดเพราะเชื่อเหลือประมาณ เสียดายการที่คิดเปล่าเศร้าเสียดาย (จารึกวัดโพธิ์).
สารท 0,น.,เทศกาลทำบุญในวันสิ้นเดือน ๑๐ โดยนำพืชพรรณธัญญาหารแรกเก็บเกี่ยวมาปรุงเป็นข้าวทิพย์และข้าวมธุปายาสถวายพระสงฆ์.
สารท 1,น.,"ฤดูใบไม้ร่วง, ในประเทศเขตอบอุ่นทางซีกโลกเหนือ ซึ่งแบ่งฤดูกาลออกเป็น ๔ ฤดู คือ ฤดูหนาว (เหมันตฤดู) ฤดูใบไม้ผลิ (วสันตฤดู) ฤดูร้อน (คิมหันตฤดู) และฤดูใบไม้ร่วง (สารทฤดู) นั้น ฤดูใบไม้ร่วงเริ่มต้นในเดือนกันยายนถึงเดือนพฤศจิกายน."
สารทฤดู 0,น.,"ฤดูใบไม้ร่วง, ในประเทศเขตอบอุ่นทางซีกโลกเหนือ ซึ่งแบ่งฤดูกาลออกเป็น ๔ ฤดู คือ ฤดูหนาว (เหมันตฤดู) ฤดูใบไม้ผลิ (วสันตฤดู) ฤดูร้อน (คิมหันตฤดู) และฤดูใบไม้ร่วง (สารทฤดู) นั้น ฤดูใบไม้ร่วงเริ่มต้นในเดือนกันยายนถึงเดือนพฤศจิกายน."
สารทา 0,น.,ชื่อหนึ่งของพระสุรัสวดี.
สารทุกข์สุกดิบ 0,น.,ข่าวคราวความเป็นไปหรือความเป็นอยู่ เช่น ไม่พบกันมานาน เพื่อน ๆ ต่างก็ถามสารทุกข์สุกดิบซึ่งกันและกัน.
สารธรรม 0,น.,"ธรรมเป็นหลักฐาน, ธรรมที่มั่นคง."
สารนิเทศ 0,น.,การชี้แจงแนะนำเกี่ยวกับข่าวสารหรือข้อมูลต่าง ๆ.
สารบบ 0,น.,"คำบอกเรื่อง, บัญชีเรื่อง, เช่น เรื่องนี้ไม่ได้อยู่ในสารบบ."
สารบบความ 0,น.,บัญชีคดีความต่าง ๆ ของศาล.
สารบรรณ 0,น.,"หนังสือที่เป็นหลักฐาน, เรียกงานที่เกี่ยวกับการบริหารงานเอกสาร เริ่มตั้งแต่การจัดทำ การรับ การส่ง การเก็บรักษา การยืม จนถึงการทำลายเอกสาร ว่า งานสารบรรณ."
สารบัญ 0,น.,"บัญชีเรื่อง, รายชื่อเรื่อง."
สารบับ 0,น.,"คำบอกเรื่อง, บัญชีเรื่อง, เช่น เรื่องนี้ไม่ได้อยู่ในสารบบ."
ส้ารบับ 0,น.,ผ้าเยียรบับ.
สารบาญ 0,น.,"บัญชีเรื่อง, รายชื่อเรื่อง."
สารบาญชี 0,น.,"ทะเบียนรายชื่อไพร่บ้านพลเมือง เรียกอีกอย่างหนึ่งว่า ทะเบียนหางว่าว, ทะเบียนสัตว์ ได้แก่ ช้าง ม้า โค กระบือ, ทะเบียนไร่นา, ทะเบียนบ้านเรือน."
สารประกอบ 0,น.,สารที่เกิดจากธาตุตั้งแต่ ๒ ชนิดขึ้นไปมารวมตัวกันโดยอาศัยปฏิกิริยาเคมี และมีอัตราส่วนผสมคงที่เสมอ.
สารประโยชน์ 0,น.,"ประโยชน์ที่เป็นแก่นสาร เช่น สารประโยชน์ของกฎหมายฉบับนี้ เกี่ยวกับสิทธิพื้นฐานของประชาชน, สารัตถประโยชน์ ก็ว่า."
สารพัด 0,ว.,"ทั้งปวง, ทั้งหมด, ทุก, ทุกอย่าง, เช่น ร้านชำมีของขายสารพัด, เขียนเป็น สารพัตร ก็มี."
สารพัน 0,ว.,"สารพัด เช่น สารพันปัญหา, มักใช้เข้าคู่กัน เป็น สารพัดสารพัน ก็มี."
สารพางค์ 0,น.,"ทั้งตัว, ทั่วตัว, มักใช้เข้าคู่กับคำ กาย เป็น สารพางค์กาย เช่น เจ็บปวดทั่วสารพางค์กาย, สรรพางค์ ก็ว่า. (ดู สรรพ, สรรพ-)."
สารพี 0,น.,"ทัพพี, ทรพี ก็เรียก."
สารภาพ 0,ก.,รับว่ากระทำผิด เช่น จำเลยสารภาพว่าขโมยของไปจริง
สารภาพ 1,ก.,บอกความในใจ เช่น สารภาพรัก.
สารภี 0,น.,ชื่อไม้ต้น ๒ ชนิดในสกุล Mammea วงศ์ Guttiferae ดอกสีขาว กลิ่นหอม ใช้ทำยาได้ คือ ชนิด M. harmandiiKosterm. ดอกใหญ่ และชนิด M. siamensis (Miq.) T. Anderson ดอกเล็ก.
สารภีทะเล 0,น.,"ชื่อไม้ต้นชนิด Calophyllum inophyllum L. ในวงศ์ Guttiferae ใบและผลคล้ายสารภี แต่ใบขึ้นสันมากและผลกลมกว่า เปลือกเมล็ดแข็ง ใช้ทำลูกฉลากหรือกระบวยของเล่น, กระทึง กากะทิง หรือ สารภีทะเล ก็เรียก."
สารภีป่า 0,น.,"ชื่อไม้ต้นขนาดกลางชนิด Garcinia speciosa Wall. ในวงศ์ Guttiferae เปลือกมียางสีเหลือง ผลคล้ายมังคุดขนาดย่อม, ขวาด สารภีป่า มะดะขี้นก หรือ มะป่อง ก็เรียก."
สารไมย 0,น.,หมา.
สารละลาย 0,น.,ของผสมเนื้อเดียวล้วน ซึ่งประกอบด้วยสารต่างชนิดกันตั้งแต่ ๒ สารขึ้นไป แผ่กระจายผสมรวมกันอยู่อย่างสมํ่าเสมอโดยไม่มีปฏิกิริยาเคมีต่อกัน เช่น ของแข็งละลายในของเหลว ของเหลวละลายในของเหลว ของแข็งละลายในของแข็ง แก๊สละลายในแก๊ส.
สารวัตร 0,น.,ผู้ตรวจงานทั่วไป เช่น สารวัตรจราจร สารวัตรปราบปราม.
สารวัตรทหาร 0,น.,ทหารที่ได้รับคำสั่งจากผู้มีอำนาจสั่งใช้ให้ปฏิบัติหน้าที่ เช่น สอดส่อง ตรวจตรา ตักเตือน จับกุมทหาร ข้าราชการพลเรือนและคนงานสังกัดกระทรวงกลาโหมที่กระทำความผิดหรือไม่อยู่ในระเบียบวินัยซึ่งอยู่ภายนอกที่ตั้งหน่วยทหาร.
สารวัตรนักเรียน 0,น.,เจ้าหน้าที่ตรวจตราดูแลและควบคุมความประพฤติของนักเรียน.
สารสนเทศ 0,น.,ข่าวสาร
สารสนเทศ 1,น.,การแสดงหรือชี้แจงข่าวสารข้อมูลต่าง ๆ.
สารส้ม 0,น.,เกลือเคมีประเภทหนึ่ง ทั่วไปรู้จักกันเฉพาะชนิดที่ใช้ประโยชน์ทำให้นํ้าใสสะอาด ชนิดนี้มีสูตร K_2SO_4·Al_2(SO_4)_3·24H_2O ลักษณะเป็นก้อนแข็ง สีขาว มีรสเปรี้ยวฝาด.
สารหนู 0,น.,ธาตุลำดับที่ ๓๓ สัญลักษณ์ As ลักษณะเป็นของแข็ง มี ๓ อัญรูป คือ สารหนูสีเทา สารหนูสีดำ และสารหนูสีเหลือง เป็นธาตุที่มีพิษอย่างร้ายแรง.
สารหนูขาว 0,น.,"สารประกอบชนิดหนึ่ง ซึ่งมีธาตุสารหนูและออกซิเจนเป็นองค์ประกอบ มีสูตร As_2O_3 ลักษณะเป็นผงสีขาว มีพิษอย่างร้ายแรง ใช้ประโยชน์ในอุตสาหกรรมทำสีบางประเภท และยาฆ่าแมลง, ชาวบ้าน เรียกว่า สารหนู."
สาระ 0,น.,"ส่วนสำคัญ, ข้อใหญ่ใจความ, เช่น เขียนมายืดยาวแต่มีสาระน้อย ทำดีย่อมได้ดีเป็นสาระสำคัญของเรื่องนี้"
สาระ 1,น.,ประโยชน์ เช่น เรื่องไม่เป็นสาระ ไร้สาระ.
สาระโกก 0,ว.,"โกงเกะกะเกเร, เป็นพาล."
สาระแน 0,ว.,"ชอบเข้าไปยุ่งในเรื่องของคนอื่น, ชอบเข้าไปยุ่งในเรื่องที่มิใช่หน้าที่ของตน, เช่น เขากำลังทำงานกันอยู่ดี ๆ ก็สาระแนเข้าไปทำงานเขาเสีย"
สาระแน 1,ว.,"ยุแหย่ให้เขาผิดใจกัน, ยุยงให้เขาแตกกัน, เช่น พูดอะไรให้ฟัง ก็สาระแนไปบอกเขาหมด."
สาระพา 0,ว.,"เสียงร้องพร้อม ๆ กันเพื่อบอกจังหวะให้ออกแรงพร้อมกันเมื่อเวลาลากหรือยกของหนักเป็นต้น, เฮโลสาระพา ก็ว่า."
สาระพาเฮโล 0,ว.,"เสียงร้องพร้อม ๆ กันเพื่อบอกจังหวะให้ออกแรงพร้อมกันเมื่อเวลาลากหรือยกของหนักเป็นต้น, เฮโลสาระพา ก็ว่า."
สาระยำ 0,ก.,ชั่วมาก เช่น ผู้เฒ่าเหล่าเมธา ว่าใบ้บ้าสาระยำ (พระไชยสุริยา).
สาระวอน 0,ก.,พูดออดอ้อน เช่น สาระวอนอยู่นั่นแล้ว ไม่รู้จักเลิก.
สาระวารี 0,น.,ดอกการะเกด.
สาระสะมา 0,น.,ดอกชมพู่.
สารัตถ- 0,น.,"เนื้อหาหลัก, ใจความสำคัญ, ความคิดสำคัญของเรื่อง."
สารัตถประโยชน์ 0,น.,"ประโยชน์ที่เป็นแก่นสาร, สารประโยชน์ ก็ว่า."
สารัตถศึกษา 0,น.,การศึกษาวิชาที่เป็นพื้นฐาน เช่น วิชาภาษาไทย ภาษาอังกฤษ ประวัติศาสตร์.
สารัตถะ 0,น.,"เนื้อหาหลัก, ใจความสำคัญ, ความคิดสำคัญของเรื่อง."
สารัทธ์ 0,ว.,"ปั่นป่วน, ฉุนเฉียว, รุนแรง."
สารัมภ์ 0,ก.,เริ่ม.
สาราณีย- 0,ว.,เป็นที่ตั้งแห่งความระลึก.
สาราณียกร 0,น.,ตำแหน่งเจ้าหน้าที่ของสมาคมหรือสถาบันการศึกษาเป็นต้น ทำหน้าที่อย่างบรรณาธิการ.
สาราณียธรรม 0,น.,ธรรมอันเป็นไปเพื่อความระลึกถึงกันและกัน.
สาราณียะ 0,ว.,เป็นที่ตั้งแห่งความระลึก.
สารานุกรม 0,น.,หนังสือที่รวบรวมความรู้ทุกแขนงหรือเฉพาะแขนงใดแขนงหนึ่ง มักเรียงตามลำดับอักษร.
สารีริกธาตุ 0,น.,"พระอัฐิธาตุของพระพุทธเจ้า, ใช้ว่า พระบรมสารีริกธาตุ."
สารูป 0,ว.,"เหมาะ, สมควร, เช่น สมณสารูป ว่า สมควรแก่สมณะ."
สาโรช 0,น.,บัว.
สาละ 0,น.,ชื่อไม้ต้นชนิด Shorea robusta C.F. Gaertn. ในวงศ์ Dipterocarpaceae.
สาละลังกา 0,น.,"ชื่อไม้ต้นชนิด Couroupita guianensis Aubl. ในวงศ์ Lecythidaceae ดอกออกเป็นช่อยาวตามลำต้น ผลกลมใหญ่, สาละลังกา ก็เรียก."
สาละวน 0,ก.,วุ่นอยู่กับการงาน เช่น มัวสาละวนอยู่กับการเย็บเสื้อจนลืมทำกับข้าว.
สาลิ 0,น.,ข้าว
สาลิ 1,น.,ข้าวสาลี.
สาลิกา 0,น.,ชื่อนกขนาดเล็ก วงศ์ย่อย Corvinae ในวงศ์ Corvidae ปากสีแดง มีแถบสีดำคาดตา ตัวสีเขียว ขนปลายปีกสีน้ำตาล ทำรังแบบง่าย ๆ ด้วยกิ่งไม้บนต้นไม้ กินผลไม้และสัตว์ขนาดเล็ก ในประเทศไทยมี ๒ ชนิด คือ สาลิกาเขียว [Cissa chinensis (Boddaert)] และสาลิกาเขียวหางสั้น (C. hypoleuca Salvadori & Giglioli) พบทางตะวันออก.
สาลิกา 1,น.,"ชื่อนกขนาดเล็กชนิด Acridotheres tristis (Linn.) ในวงศ์ Sturnidae หัวสีดำ วงรอบเบ้าตาและปากสีเหลือง ลำตัวสีน้ำตาลเข้ม มีแต้มขาวที่ปีก ปลายหางสีขาว ทำรังแบบง่าย ๆ ด้วยกิ่งไม้ตามโพรงไม้ ง่ามไม้ หรือซอกอาคาร กินแมลงและผลไม้ พบทั่วทุกภาคของประเทศไทย, เอี้ยง หรือ เอี้ยงสาลิกา ก็เรียก. (ป.; ส. ศาริกา)."
สาลิกา 2,น.,ชื่อตะกรุดดอกเล็ก ๆ ชนิดหนึ่ง ใช้ในทางเมตตามหานิยม.
สาลิกาแก้ว 0,น.,ชื่อเพลงไทย อัตรา ๒ ชั้น หน้าทับสองไม้
สาลิกาแก้ว 1,น.,ชื่อเพลงไทยประเภทเพลงเถา.
สาลิกาเขมร 0,น.,ชื่อเพลงไทย อัตรา ๒ ชั้น หน้าทับปรบไก่
สาลิกาเขมร 1,น.,ชื่อเพลงไทยประเภทเพลงเถา.
สาลิกาชมเดือน 0,น.,ชื่อเพลงไทย อัตรา ๓ ชั้น หน้าทับปรบไก่
สาลิกาชมเดือน 1,น.,ชื่อเพลงไทยประเภทเพลงเถา.
สาลินี 0,น.,ชื่อฉันท์อย่างหนึ่ง บาทหนึ่งมี ๑๑ คํา วรรคหน้ามี ๕ คํา เป็นครุล้วน วรรคหลังมี ๖ คํา คําที่ ๑ และคําที่ ๔ เป็นลหุ นอกนั้นเป็นครุ เช่น (สามัคคีเภท). (ป.).
สาลี 0,น.,ข้าว
สาลี 1,น.,ข้าวสาลี.
สาลี่ 0,น.,ชื่อไม้ต้นชนิด Pyrus pyrifolia (Burm. f.) Nakaiในวงศ์ Rosaceae ผลเนื้อกรอบ รสหวานอมเปรี้ยวเล็กน้อย กลิ่นหอม.
สาลี 2,น.,ข้าวสาลี. (ดู ข้าวสาลี ที่ ข้าว).
สาลี่ 1,น.,ชื่อขนมชนิดหนึ่ง ทำด้วยแป้งสาลีตีกับไข่และน้ำตาลจนฟู แล้วนึ่งจนสุก.
สาลี่ 2,น.,เครื่องบรรทุกของหนักมี ๒ ล้อ ใช้ลากหรือผลักไป.
สาลี่ 3,น.,คันเหล็กติดอยู่บนหลังคารถราง ปลายมีลูกรอกยันอยู่กับสายไฟฟ้า เพื่อเป็นทางให้กระแสไฟฟ้าเข้าเครื่องรถ.
สาลี่กรอบ 0,น.,ชื่อขนมชนิดหนึ่ง ทำด้วยแป้งสาลีนวดกับไข่ มะพร้าวผสมน้ำตาล และกะทิ ผิงหรืออบจนหน้าเกรียม.
สาลู 0,น.,"ผ้าขาวเนื้อบางละเอียด, ในปัจจุบันอนุโลม เรียกผ้าขาวบางเนื้อนุ่ม มักใช้ทำเป็นผ้าอ้อม ว่า ผ้าสาลู ด้วย."
ส่าเลือด 0,น.,เม็ดผื่นที่ขึ้นตามตัวเนื่องจากความผิดปรกติของเลือดประจำเดือน.
สาโลหิต 0,น.,"สายโลหิต, มักใช้เข้าคู่กับคำ ญาติ เป็น ญาติสาโลหิต."
สาว 0,น.,หญิงที่มีอายุพ้นวัยเด็ก นับตามความนิยมตั้งแต่ ๑๕-๓๐ ปีขึ้นไป เช่น ย่างเข้าสู่วัยสาว โตเป็นสาวแล้วยังซุกซนเหมือนเด็ก ๆ.
สาว 1,ว.,"เรียกคนและสัตว์ที่มีท้องครั้งแรก ว่า ท้องสาว, เรียกต้นไม้ที่เริ่มผลิดอกออกผลครั้งแรก เช่น หมากสาว มะพร้าวสาว, เรียกหญิงที่ยังไม่แก่ตามวัย เช่น แม้จะอายุมากแล้ว แต่ก็ยังดูสาวอยู่, เรียกหญิงที่ยังไม่แต่งงาน เช่น จะพูดอะไรให้เกรงใจเขาบ้าง เขายังเป็นสาวอยู่."
สาว 2,ก.,เอามือทั้ง ๒ ข้างสลับกัน ชักหรือดึงสิ่งที่เป็นเส้นยาว ๆ เข้าหาตัว เช่น สาวไหม สาวเชือก
สาว 3,ก.,โดยปริยายหมายถึงอาการที่คล้ายคลึงเช่นนั้น เช่น เรื่องนี้พอสาวเข้ามาก็พบว่ามีผู้มีอิทธิพลอยู่เบื้องหลัง.
สาว- 0,ว.,"สีดำแดง, สีนํ้าตาลแก่."
สาวก 0,น.,ศิษย์ของศาสดา.
สาวกระทืบหอ 0,น.,ชื่อมะม่วงพันธุ์หนึ่งของชนิด Mangifera indicaL.
สาวกอ 0,ก.,กิริยาที่ใช้มือรวบคอรวงข้าวหนักในนาดำหรือข้าวฟางลอยในนาเมืองขึ้นมาทั้งกอและรูดน้ำมาให้เป็นกำแล้วใช้เคียวเกี่ยวรวงข้าวนั้น.
สาวก้าว 0,ก.,"ก้าวยาวอย่างเร็ว, เดินเร็ว."
สาวแก่ 0,น.,หญิงที่มีอายุเลยวัยสาว แต่ยังไม่ได้แต่งงาน.
สาวขนมจีน 0,ก.,รวบเส้นขนมจีนที่ลอยอยู่ในน้ำเย็นเข้าหาตัว แล้วพันกับนิ้วจับให้เป็นหัว.
สาวความ 0,ก.,ติดตามสืบเรื่องราวให้ได้ความชัดเจน.
สาวใช้ 0,น.,หญิงลูกจ้างช่วยแม่บ้านทำงาน.
สาวทึนทึก 0,น.,"สาวใหญ่ที่ยังไม่ได้แต่งงาน, สาวเทื้อ ก็ว่า."
สาวทึมทึก 0,น.,"สาวใหญ่ที่ยังไม่ได้แต่งงาน, สาวเทื้อ ก็ว่า."
สาวเท้า 0,ก.,"ก้าวยาว ๆ เร่งฝีเท้าให้เร็ว, บางทีใช้เข้าคู่กับ ก้าวเดิน เป็น สาวเท้าก้าวเดิน."
สาวเทื้อ 0,น.,"สาวแก่, สาวทึนทึก, สาวทึมทึก."
สาวน้อย 0,น.,หญิงที่อยู่ในวัยรุ่น.
สาวน้อยร้อยชั่ง 0,น.,หญิงที่มีค่าตัวสูง มีคุณสมบัติและรูปสมบัติเป็นที่ยกย่อง.
สาวน้อยเล่นน้ำ 0,น.,ชื่อเพลงไทย อัตรา ๓ ชั้น หน้าทับปรบไก่
สาวน้อยเล่นน้ำ 1,น.,ชื่อเพลงไทย ประเภทหน้าทับปรบไก่.
สาวนะ 0,น.,"ดาวฤกษ์ที่ ๒๒ มี ๓ ดวง เห็นเป็นรูปหามผีหรือโลง, ดาวหลักชัย หรือ ดาวพระฤๅษี ก็เรียก."
สาวนะ 1,น.,เดือน ๙.
สาวพรหมจารี 0,น.,"สาวที่ยังไม่มีสามี, หญิงที่ยังไม่มีระดู, เช่น ตามที่ถือกันว่า ผู้ซึ่งสำหรับกวนข้าวทิพย์นั้นต้องเป็นสาวพรหมจารี คือที่ยังไม่มีสามีนั้นประการหนึ่ง อีกนัยหนึ่งคือหญิงซึ่งยังไม่มีระดูกล่าวว่าเป็นพรหมจารีแท้… (สิบสองเดือน)"
สาวพรหมจารี 1,น.,"สาวบริสุทธิ์, หญิงที่ยังบริสุทธิ์, หญิงที่ยังไม่เคยร่วมประเวณี."
สาวรุ่น 0,น.,หญิงที่เพิ่งแตกเนื้อสาว.
สาวศรี 0,น.,สาววัยรุ่น.
สาวศรีสาวใช้ 0,น.,สาวใช้.
สาวสะ 0,น.,"หญิงสาววัยรุ่นแต่งตัวใส่เกี้ยว นุ่งผ้าลายพื้นเขียว ห่มผ้าแพรพื้นแดง เดินประนมมือตามกระบวนแห่เต็มยศขนาบพระราชยานในพระราชพิธีโสกันต์, นางแต่งตัวสะ หรือ นางสะ ก็เรียก, โดยปริยายหมายถึงสาวรุ่น."
สาวสะเทิน 0,น.,หญิงที่อยู่ในวัยระหว่างสาวกับเด็กก้ำกึ่งกัน.
สาวแส้ 0,น.,หญิงสาว.
สาวไส้ 0,ก.,"นำความลับที่ไม่ควรเปิดเผยไปให้คนอื่นรู้, มักใช้ในทางไม่ดี."
สาวไส้ให้กากิน 0,ก.,นำความลับของฝ่ายตนไปเปิดเผยให้คนอื่นรู้เป็นการประจานตนหรือพรรคพวกของตน.
สาวใหญ่ 0,น.,หญิงที่อยู่ในวัยกลางคน.
สาวิกา 0,น.,ศิษย์ผู้หญิงของศาสดา.
สาวิตร 0,ว.,เกี่ยวเนื่องกับพระอาทิตย์.
สาวิตรี 0,น.,คำสดุดีพระอาทิตย์บทหนึ่งในฤคเวท.
สาส์น 0,น.,"คำสั่ง, คำสั่งสอน, เช่น สาสนธรรม"
สาส์น 1,น.,"จดหมายของประมุขของประเทศหรือประมุขสงฆ์ที่ใช้ในการเจริญสัมพันธไมตรีระหว่างประเทศ, ถ้าเป็นจดหมายของพระมหากษัตริย์ เรียกว่า พระราชสาส์น, ถ้าเป็นจดหมายของประธานาธิบดี เรียกว่า อักษรสาส์น, เขียนเป็น อักษรสาสน หรือ อักษรสาสน์ ก็ได้, ถ้าเป็นจดหมายของสมเด็จพระสังฆราช เรียกว่า สมณสาสน์, ถ้าเป็นจดหมายของสมเด็จพระสังฆราชเจ้า เรียกว่า พระสมณสาสน์."
สาสน์ 0,น.,"คำสั่ง, คำสั่งสอน, เช่น สาสนธรรม"
สาสน์ 1,น.,"จดหมายของประมุขของประเทศหรือประมุขสงฆ์ที่ใช้ในการเจริญสัมพันธไมตรีระหว่างประเทศ, ถ้าเป็นจดหมายของพระมหากษัตริย์ เรียกว่า พระราชสาส์น, ถ้าเป็นจดหมายของประธานาธิบดี เรียกว่า อักษรสาส์น, เขียนเป็น อักษรสาสน หรือ อักษรสาสน์ ก็ได้, ถ้าเป็นจดหมายของสมเด็จพระสังฆราช เรียกว่า สมณสาสน์, ถ้าเป็นจดหมายของสมเด็จพระสังฆราชเจ้า เรียกว่า พระสมณสาสน์."
สาสน 0,น.,"คำสั่ง, คำสั่งสอน, เช่น สาสนธรรม"
สาสน 1,น.,"จดหมายของประมุขของประเทศหรือประมุขสงฆ์ที่ใช้ในการเจริญสัมพันธไมตรีระหว่างประเทศ, ถ้าเป็นจดหมายของพระมหากษัตริย์ เรียกว่า พระราชสาส์น, ถ้าเป็นจดหมายของประธานาธิบดี เรียกว่า อักษรสาส์น, เขียนเป็น อักษรสาสน หรือ อักษรสาสน์ ก็ได้, ถ้าเป็นจดหมายของสมเด็จพระสังฆราช เรียกว่า สมณสาสน์, ถ้าเป็นจดหมายของสมเด็จพระสังฆราชเจ้า เรียกว่า พระสมณสาสน์."
สาสน- 0,น.,"คำสั่ง, คำสั่งสอน, เช่น สาสนธรรม"
สาสน- 1,น.,"จดหมายของประมุขของประเทศหรือประมุขสงฆ์ที่ใช้ในการเจริญสัมพันธไมตรีระหว่างประเทศ, ถ้าเป็นจดหมายของพระมหากษัตริย์ เรียกว่า พระราชสาส์น, ถ้าเป็นจดหมายของประธานาธิบดี เรียกว่า อักษรสาส์น, เขียนเป็น อักษรสาสน หรือ อักษรสาสน์ ก็ได้, ถ้าเป็นจดหมายของสมเด็จพระสังฆราช เรียกว่า สมณสาสน์, ถ้าเป็นจดหมายของสมเด็จพระสังฆราชเจ้า เรียกว่า พระสมณสาสน์."
สาสนธรรม 0,น.,คำสั่งสอนทางศาสนา.
สาสนา 0,น.,"ศาสนา, คำสั่งสอนของศาสดา."
สาสม 0,ว.,"เหมาะ, สมควร, เช่น ต้องลงโทษให้สาสมแก่ความผิด."
สาหร่าย 0,น.,ชื่อสิ่งมีชีวิตที่ไม่มีลำต้น ใบ และรากที่แท้จริง แต่มีคลอโรพลาสต์ บ้างเป็นเซลล์เดียว บ้างเป็นกลุ่มเซลล์ เป็นสาย หรือเป็นต้น ขึ้นทั่วไปในนํ้าหรือที่ชื้นแฉะ เช่น สาหร่ายไส้ไก่ [Enteromorpha intestinalis (L.) Link] ในวงศ์ Ulvaceae
สาหร่าย 1,น.,ชื่อพืชดอกบางชนิดที่ขึ้นอยู่ในนํ้า เช่น สาหร่ายพุงชะโดหรือสาหร่ายหางม้า(Ceratophyllum demersumL.) ในวงศ์ Ceratophyllaceae สาหร่ายหางกระรอก [Hydrilla verticillata (L. f.) Royle] ในวงศ์ Hydrocharitaceae.
สาหร่าย 2,น.,ชื่อลายประเภทเครื่องห้อยแบบหนึ่งนิยมประดับริมเสามุขเด็จพระมหาปราสาทหรือพระอุโบสถเป็นต้น.
สาหรี 0,ว.,"งาม, น่ารัก, ดี."
ส่าหรี 0,น.,เครื่องแต่งกายสตรีอินเดียแบบหนึ่ง เป็นผ้าชิ้นยาวประมาณ ๕-๖ เมตร ใช้เป็นทั้งผ้านุ่งและผ้าห่ม ส่วนที่นุ่ง ยาวกรอมส้น พันรอบตัวและจีบข้างหน้าเหน็บไว้ที่เอว ส่วนผ้าห่มใช้ชายผ้าที่เหลือพาดอกและสะพายบ่า โดยมากเป็นบ่าซ้ายห้อยชายไปข้างหลัง ชายที่ห้อยดึงมาคลุมหัวก็ได้.
สาหัตถ- 0,ว.,ที่ทำด้วยมือของตนเอง.
สาหัตถิก- 0,ว.,ที่ทำด้วยมือของตนเอง.
สาหัส 0,ว.,"ร้ายแรง เช่น บาดเจ็บสาหัส, รุนแรงเกินควร เช่น ถูกลงโทษอย่างสาหัส."
สาหัสสากรรจ์ 0,ว.,"แสนสาหัส, ร้ายแรงมาก, คอขาดบาดตาย, เช่น ได้รับทุกข์ทรมานอย่างสาหัสสากรรจ์, โดยปริยายหมายความว่า ลำบากยิ่ง เช่น ทางนี้ทุรกันดารสาหัสสากรรจ์ บุกป่าฝ่าดงอย่างสาหัสสากรรจ์."
ส่าเห็ด 0,น.,ราที่ขึ้นตามพื้นดินก่อนที่เห็ดจะขึ้น.
สาเหตุ 0,น.,ต้นเหตุ เช่น ความประมาทเป็นสาเหตุทำให้เกิดอุบัติเหตุ บุหรี่เป็นสาเหตุหนึ่งที่ทำให้เป็นโรคมะเร็ง.
ส่าเหล้า 0,น.,ส่าที่เติมลงไปเพื่อให้เกิดปฏิกิริยาเคมี ทำให้มีเอทิลแอลกอฮอล์เกิดขึ้น.
ส่าเหล้า 1,น.,ดูใน ส่า.
ส่าเหล้า 2,น.,ชื่อไม้เถาเนื้อแข็งชนิด Desmos cochinchinensisLour. ในวงศ์ Annonaceae ใบด้านล่างเป็นคราบขาว ดอกสีเหลือง กลิ่นหอม.
สาแหรก 0,น.,เครื่องใส่ของสำหรับหิ้วหรือหาบเป็นต้น ปรกติทำด้วยหวาย มี ๔ สาย ตอนบนทำเป็นหูสำหรับหิ้วหรือสอดไม้คาน ตอนล่างขัดกันเป็นสี่เหลี่ยมสำหรับวางกระจาดเป็นต้น.
สาแหรก 1,น.,ชื่อชมพู่ชนิด Syzygium malaccense (L.) Merr. et L. M. Perry ในวงศ์ Myrtaceae ผลใหญ่ สีชมพู เนื้อหนา มีลายสีแดงเข้มเป็นเส้น ๆ ตามยาวถ้าเป็นสีแดงเข้มล้วน เรียก ม่าเหมี่ยว.
สาแหรก 2,น.,ร่องที่อยู่บนข้าวเปลือก ถ้าร่องนั้นลึกก็จะปรากฏบนเมล็ดข้าวด้วย.
สาฬุระ 0,น.,หมา. (ป.)
สาฬุระ 1,น.,"กบ, เขียด."
สำ 0,ก.,"ซับซ้อนกัน, ปะปนกัน, ไม่เป็นลำดับ, ไม่เป็นระเบียบ."
ส่ำ 0,น.,"หมู่, เหล่า, พวก, ชนิด, เช่น สํ่าสัตว์."
สำคัญ 0,ว.,"เป็นพิเศษกว่าธรรมดา เช่น เรื่องสำคัญ, มีคุณค่า เช่น ของสำคัญ, มีชื่อเสียง เช่น คนสำคัญ"
สำคัญ 1,ว.,ควรกำหนดจดจำ เช่น หัวข้อสำคัญ.
สำคัญ 2,ก.,"เข้าใจ เช่น สำคัญตนผิด สำคัญว่าเชือกเป็นงู, คะเน, คาดว่า, เช่น ลงทุนไปแล้วก็สำคัญว่าจะได้กำไรมาก."
สำคัญ 3,น.,"เครื่องหมาย, เครื่องจดจำ, เช่น ถือหลักเขตเป็นสำคัญ ให้ไว้เป็นสำคัญ ประทับตราบัวแก้วไว้เป็นสำคัญ."
สำซ่าง 0,น.,"สิ่งปลูกสร้างชั่วคราวขนาดย่อม ยกพื้น และดาดหลังคา สำหรับพระสงฆ์นั่งสวดพระอภิธรรมในงานออกพระเมรุ ตั้งอยู่ ๔ มุมพระเมรุ, คดซ่าง คดสร้าง ซ่าง สร้าง ส้าง หรือ สำสร้าง ก็เรียก."
สำแดง 0,ก.,"แสดง, ทำให้เห็นปรากฏ, เช่น สำแดงฤทธิ์ สำแดงเดช ปีศาจสำแดงตน."
สำแดง 1,น.,"ของแสลงที่ทำให้โรคกำเริบ, สำแลง ก็ว่า, ใช้ในคำว่า ผิดสำแดง หรือ ผิดสำแลง."
สำแดง 2,*ว.,"คำกล่าวประกอบชื่อผู้อื่นซึ่งปรากฏอยู่เฉพาะหน้า, เป็นสำนวนแปลบาลีเก่า ใช้ในที่ซึ่งพระพุทธเจ้าตรัสกับพระสาวก เช่น สำแดงอานนท์."
สำทับ 0,ก.,"ยํ้า, กำชับ, เช่น เขาสั่งให้ทำงานแล้วสำทับว่าต้องเสร็จใน ๓ วัน, ซ้ำเติม เช่น ลูกถูกแม่ตีแล้วพ่อยังสำทับว่าถ้าทำอีกก็จะถูกตีอีก, ขู่ เช่น ผู้ร้ายสำทับว่า อย่าไปบอกตำรวจมิฉะนั้นจะฆ่าปิดปาก."
สำนวด 0,ก.,สวด.
สำนวน 0,น.,"ถ้อยคำที่เรียบเรียง, โวหาร, บางทีก็ใช้ว่า สำนวนโวหาร เช่น สารคดีเรื่องนี้สำนวนโวหารดี ความเรียงเรื่องนี้สำนวนโวหารลุ่ม ๆ ดอน ๆ"
สำนวน 1,น.,คดี เช่น ปิดสำนวน
สำนวน 2,น.,"ถ้อยคำหรือข้อความที่กล่าวสืบต่อกันมาช้านานแล้ว มีความหมายไม่ตรงตามตัวหรือมีความหมายอื่นแฝงอยู่ เช่น สอนจระเข้ให้ว่ายนํ้า รำไม่ดีโทษปี่โทษกลอง, ถ้อยคำที่แสดงออกมาเป็นข้อความพิเศษ เฉพาะภาษาหนึ่ง ๆ เช่น สำนวนฝรั่ง สำนวนบาลี, ชั้นเชิงหรือท่วงทำนองในการแต่งหนังสือหรือพูด เช่น สำนวนเจ้าพระยาพระคลัง (หน) สำนวนยาขอบ สำนวนไม้ เมืองเดิม"
สำนวน 3,น.,ลักษณนามใช้เรียกข้อความหรือบทประพันธ์รายหนึ่ง ๆ เช่น อิเหนามีหลายสำนวน บทความ ๒ สำนวน.
สำนวนความ 0,น.,บรรดาคำคู่ความและเอกสารหรือแผ่นกระดาษไม่ว่าอย่างใด ๆ ที่คู่ความหรือศาลหรือเจ้าพนักงานศาลได้ทำขึ้น ซึ่งประกอบเป็นสำนวนของคดี.
สำนอง 0,ก.,"รับผิดชอบ, ต้องรับใช้แทน."
สำนัก 0,น.,"ที่อยู่อาศัย เช่น อยู่สำนักวัดมหาธาตุ, ที่ทำการ เช่น สำนักนายกรัฐมนตรี"
สำนัก 1,น.,แหล่งศึกษาอบรม เช่น สำนักวิปัสสนาวัดปากน้ำ สำนักทิศาปาโมกข์.
สำนัก 2,ก.,อยู่ เช่น เวลานี้สำนักที่ไหน.
สำนักงาน 0,น.,สถานที่ทำการของรัฐวิสาหกิจ หรือบริษัทห้างร้านเป็นต้น เช่น สำนักงานสลากกินแบ่ง สำนักงานใหญ่ธนาคารออมสิน สำนักงานทนายความ.
สำนักงานวางทรัพย์ 0,น.,สถานที่ซึ่งกฎหมายกำหนดให้เอาเงินหรือทรัพย์ไปวางไว้เพื่อชำระหนี้ให้แก่เจ้าหนี้.
สำนักพิมพ์ 0,น.,สถานที่ดำเนินธุรกิจจัดพิมพ์และจำหน่ายตำราหรือหนังสือ สารคดี นวนิยาย เป็นต้น.
สำนักสงฆ์ 0,น.,วัดที่ยังไม่ได้รับพระราชทานที่วิสุงคามสีมา.
สำนาน 0,น.,"เสียง, เสียงพูด."
สำนึก 0,ก.,รู้สึกซาบซึ้ง เช่น สำนึกในพระมหากรุณาธิคุณ สำนึกถึงบุญคุณของพ่อแม่ ครูบาอาจารย์.
สำนึกผิด 0,ก.,"รู้สึกตระหนักในความผิดที่ได้ทำไป เช่น ผู้ร้ายสำนึกผิดจึงได้สารภาพ, บางทีก็ใช้ว่า สำนึก เช่น ทำผิดถูกลงโทษแล้วยังไม่สำนึกอีก."
สำนึง 0,ก.,อยู่.
สำเนา 0,น.,ข้อความหรือภาพเป็นต้นที่ผลิตซํ้าจากต้นแบบหรือต้นฉบับ
สำเนา 1,น.,ลักษณนามเรียกจำนวนแผ่นหรือชุดที่ผลิตซํ้าจากต้นแบบหรือต้นฉบับ.
สำเนา 2,ก.,คัดหรือถ่ายข้อความหรือภาพเป็นต้นจากต้นแบบหรือต้นฉบับ เช่น ก่อนส่งใบเสร็จรับเงินไปให้ลูกค้า ควรสำเนาไว้ก่อน.
สำเนียง 0,น.,"เสียง, นํ้าเสียง, หางเสียง, วิธีออกเสียง, เช่น สำเนียงส่อภาษา สำเนียงไม่ชัด พูดภาษาไทยแต่สำเนียงเป็นฝรั่ง."
สำบอก 0,น.,เปลือก.
สำบัดสำนวน 0,ก.,"พูดจาหลีกเลี่ยงไม่ให้เข้าใจตรง ๆ, ใช้คารมพลิกแพลง, เล่นลิ้น, เช่น อย่าสำบัดสำนวนให้มากนัก."
สำบัดสำนวน 1,น.,"สำนวน, คารมพลิกแพลง, เช่น เขาพูดมีสำบัดสำนวนมาก บทความของเขาเต็มไปด้วยสำบัดสำนวน."
สำปะลอ 0,น.,ขนุนสำปะลอ. (ดู ขนุนสำปะลอ ที่ ขนุน ๑).
สำปะหลัง 0,น.,"ชื่อมันชนิด Manihot esculenta Crantz ในวงศ์ Euphorbiaceae หัวดิบเป็นพิษ, สำโรง ก็เรียก."
สำปั้น 0,น.,ชื่อเรือต่อเสริมกราบชนิดหนึ่ง เดิมทำด้วยไม้กระดาน ๓ แผ่น ท้ายสูงกว่าหัวเรือ ใช้แจวหรือพาย.
สำปั้น 1,น.,ชื่อมะม่วงพันธุ์หนึ่งของชนิด Mangifera indica L.
สำปันนี 0,น.,ชื่อเรือขุดชนิดหนึ่ง รูปร่างอย่างเรือมาด แต่เพรียวกว่า หัวและท้ายแบนโตเรี่ยนํ้า.
สำปันนี 1,น.,ชื่อขนมชนิดหนึ่งทำด้วยแป้งมัน ตั้งไฟกวนกับกะทิและน้ำตาลทรายให้เข้ากันพอปั้นได้ ตักใส่พิมพ์อัดให้เป็นรูป แล้วเคาะออก อบด้วยควันเทียนอบ.
สำเภา 0,น.,ชื่อเรือเดินทะเลชนิดหนึ่งแบบจีน แล่นด้วยใบ.
สำเภา 1,น.,"ชื่อไม้ต้นขนาดกลางชนิด Chaetocarpus castanocarpus (Roxb.) Thwaites ในวงศ์ Euphorbiaceae ขึ้นตามป่าดิบทั่วไป ผลมีหนามละเอียดโดยรอบ, ขี้หนอน ก็เรียก."
สำเภาทอง 0,น.,"ชื่อหนึ่งของดาวฤกษ์ปุนัพสุ มี ๓ ดวง, ดาวสะเภา ดาวยามเกา ดาวตาเรือชัย ดาวหัวสำเภา หรือ ดาวปุนัพพสู ก็เรียก."
สำมะงา 0,น.,ชื่อไม้พุ่มชนิด Clerodendrum inerme (L.) Gaertn. ในวงศ์ Labiatae ดอกสีขาวอมม่วงอ่อนมีกลิ่นหอม ขึ้นตามป่าชายเลน ใช้ทำยาได้.
สำมะโน 0,น.,การสำรวจโดยการแจงนับจากทุกหน่วยที่เกี่ยวกับข้อมูลนั้น ๆ.
สำมะโนครัว 0,น.,การเก็บรวบรวมข้อมูลเกี่ยวกับจำนวนราษฎรในแต่ละครัวเรือน.
สำมะโนประชากร 0,น.,การเก็บรวบรวมข้อมูลเกี่ยวกับจำนวนและลักษณะต่าง ๆ ของราษฎรทุกคนในทุกครัวเรือน ในระยะเวลาใดเวลาหนึ่งเพื่อใช้ประโยชน์ในทางสถิติ.
สำมะลอ 0,น.,สำปะลอ.
สำมะเลเทเมา 0,ก.,"คบหากันอย่างเลอะเทอะ เช่น พอตกเย็นก็พากันไปสำมะเลเทเมา, ประพฤติเหลวไหลเช่นกินเหล้าเมายาเป็นต้น เช่น เขาชอบสำมะเลเทเมา กลางวันเล่นม้ากลางคืนกินเหล้า."
สำมะหาอะไร 0,ว.,"นับประสาอะไร, จะพูดไปทำไมมี, จะกล่าวไปทำไม, เช่น งานเล็ก ๆ เช่นนี้ยังทำไม่สำเร็จ สำมะหาอะไรจะไปทำงานใหญ่, สำหาอะไร ก็ว่า."
สำรด 0,น.,"ผ้าคาดเอวปักด้วยดิ้น เงินแล่ง ทองแล่ง เป็นลวดลายต่าง ๆ โบราณใช้เป็นเครื่องประกอบอย่างหนึ่งที่แสดงศักดิ์, สมรด หรือ ผ้าแฝง ก็เรียก."
สำรวจ 0,ก.,"ตรวจสอบ เช่น สำรวจสำมะโนครัว สำรวจพฤติกรรม, ตรวจหา เช่น สำรวจแหล่งแร่."
สำรวม 0,ก.,"ระมัดระวัง เช่น สำรวมกิริยามารยาท สำรวมตา สำรวมปาก, เหนี่ยวรั้ง, ครอง, เช่น สำรวมสติ."
สำรวม 1,ว.,"รวม, ประสม, ปนกัน, เช่น อาหารสำรวม."
สำรวมใจ 0,ก.,"ทำใจให้แน่วแน่, ทำใจให้สงบ, เช่น เวลานั่งสมาธิต้องสำรวมใจ."
สำรวมอินทรีย์ 0,ก.,ระมัดระวังตา หู จมูก ลิ้น กาย และใจ.
สำรวย 0,ว.,"ทำกิริยากรีดกรายหยิบหย่ง, เอาแต่แต่งตัว, เช่น ท่าทางสำรวยอย่างนี้ คงจะทำงานหนักไม่ไหว."
สำรวล 0,ก.,"หัวเราะ, รื่นเริง."
สำรอก 0,ก.,ขย้อนเอาสิ่งที่กลืนลงไปในกระเพาะแล้วออกมาทางปาก เช่น สำรอกอาหาร
สำรอก 1,ก.,ทำให้สิ่งที่ติดอยู่กับผิวหลุดออกมา เช่น สำรอกทอง สำรอกสี.
สำรอง 0,น.,ชื่อไม้ต้นขนาดใหญ่ชนิด Scaphium scaphigerum (Wall. ex G. Don) Guib. et Planch. ในวงศ์ Sterculiaceae ผลแช่นํ้าแล้วพองเป็นวุ้น ใช้กินกับ นํ้าตาลและใช้ทำยาได้ เรียก พุงทะลาย.
สำรอง 1,ว.,ที่เตรียมเผื่อไว้ เช่น อาหารสำรอง ตัวสำรอง.
สำรับ 0,น.,"ของหรือคนที่รวมกันเข้าได้ไม่ผิดหมู่ผิดพวกเป็นชุดเป็นวงเป็นต้น เช่น ไพ่ ๒ สำรับ พระพิธีธรรม ๑ สำรับ มี ๔ รูป นักสวดคฤหัสถ์ ๑ สำรับ มี ๔ คน, ภาชนะเช่นถาดเป็นต้นใส่ถ้วยชามพร้อมบรรจุอาหารคาวหรือหวานเป็นชุด เช่น สำรับคาว สำรับหวาน."
สำราก 0,ก.,พูดกระโชกโฮกฮาก เช่น อย่ามาสำรากกับฉันนะ.
สำราญ 0,ก.,สุขสบาย เช่น วันอาทิตย์จะนอนให้สำราญเลย.
สำราญ 1,ว.,ที่ทำให้มีความสุขสบาย เช่น เรือสำราญ.
สำราญกาย 0,ก.,สบายกาย.
สำราญใจ 0,ก.,สบายใจ.
สำริด 0,น.,สัมฤทธิ์.
สำเร็จ 0,ก.,เสร็จ เช่น สำเร็จการศึกษา
สำเร็จ 1,ก.,"ถึง, บรรลุ, เช่น สำเร็จโสดา."
สำเร็จ 2,ว.,"ที่เสร็จเรียบร้อยแล้ว เช่น เครื่องแกงสำเร็จ, ได้ผลสมประสงค์ เช่น วางแผนการขายสินค้าได้สำเร็จ."
สำเร็จโทษ 0,ก.,ลงโทษเจ้านายให้สิ้นชีวิต.
สำเร็จรูป 0,ว.,ที่ทำไว้เสร็จเรียบร้อยแล้ว เช่น เสื้อผ้าสำเร็จรูป อาหารสำเร็จรูป กาแฟสำเร็จรูป.
สำเรา 0,ก.,"ทุเลา, อาการไข้ที่สร่างจากตัวร้อน, ยังมีอาการตัวร้อนน้อย ๆ."
สำเริง 0,ก.,"รื่นเริง, ร่าเริง, เช่น นวนิยายให้ความสำเริงอารมณ์, มักใช้เข้าคู่กับคำ สำราญ เป็น สำเริงสำราญ หรือ สำราญสำเริง."
สำโรง 0,น.,ชื่อไม้ต้นชนิด Sterculia foetida L. ในวงศ์ Sterculiaceae ดอกมีกลิ่นเหม็น เมล็ดให้นํ้ามัน เรียกว่า นํ้ามันลูกไม้. (ข.).
สำโรง 1,น.,"ชื่อมันชนิด Manihot esculenta Crantz ในวงศ์ Euphorbiaceae หัวดิบเป็นพิษ, สำโรง ก็เรียก."
สำลัก 0,ก.,อาการที่เกิดเมื่ออาหารหรือนํ้าเข้าไปในหลอดลม
สำลัก 1,ก.,แช่จมอยู่ในนํ้านาน ๆ เช่น ผักบุ้งสำลักนํ้า ต้นข้าวสำลักนํ้า.
สำลัก 2,น.,เรียกป้านสีขาว เนื้อไม่แน่นละเอียด นํ้าซึมออกมาได้ ว่า ป้านสำลัก.
สำลาน 0,ว.,สีเหลืองปนแดง.
สำลี 0,น.,"ชื่อไม้ต้นขนาดเล็กชนิด Gossypium barbadense L. var. acuminatum (Roxb. ex G. Don) Triana et Planch. ในวงศ์ Malvaceae เมล็ดมีปุยขาวใช้ทอผ้าได้, ฝ้ายสำลี ก็เรียก"
สำลี 1,น.,ชื่อเรียกปุยของเมล็ดฝ้ายหรือเมล็ดสำลี.
สำลี 2,น.,อ้อยสำลี. [ดู ตะเภา ๕ (๑)].
สำลี 3,น.,ชื่อเรียกปุยฝ้ายที่นำมาฟอกให้ขาวปราศจากไขมันและสิ่งแปลกปลอมอื่น ๆ เพื่อใช้ในทางการแพทย์เป็นต้น
สำลี 4,น.,เรียกผ้าชนิดหนึ่ง มีขน เนื้อนุ่ม มักใช้ห่มหรือตัดเสื้อกันหนาว ว่า ผ้าสำลี.
สำลี 5,น.,"ชื่อปลาทะเลในสกุล SeriolinaและSeriolaวงศ์ Carangidae โดยเฉพาะชนิด Seriolina nigrofasciata (Rüppell) ซึ่งมีลำตัวค่อนข้างกลมยาว หัวทู่ ครีบหลังตอนหน้าเล็ก ก้านครีบสั้น เกล็ดเล็กมาก เกล็ดตามแนวเส้นข้างตัวไม่เป็นหนามแต่ยกเป็นสันนูนเล็ก ๆ เฉพาะบริเวณคอดหาง และไม่มีกระดูกหนามแข็งโผล่อยู่หน้าครีบก้น หัวและลำตัวตลอดจนครีบต่าง ๆ มีสีเทาเข้มจนถึงดำ ท้องสีขาวหรือเทา ปลาขนาดเล็กมีแถบหรือแต้มสีที่เข้มกว่า ๕-๗ แนว พาดทแยงลงด้านหน้าจากแนวสันหลังและจางลงเมื่อปลามีขนาดโตขึ้น ก้านครีบและกระดูกของปลาชนิดนี้ค่อนข้างอ่อน ขนาดยาวได้ถึง ๗๐ เซนติเมตร, ช่อลำดวน ก็เรียก."
สำแลง 0,น.,"ของแสลงที่ทำให้โรคกำเริบ, สำแดง ก็ว่า, ใช้ในคำว่า ผิดสำแลง หรือ ผิดสำแดง."
สำสร้าง 0,น.,"สิ่งปลูกสร้างชั่วคราวขนาดย่อม ยกพื้น และดาดหลังคา สำหรับพระสงฆ์นั่งสวดพระอภิธรรมในงานออกพระเมรุ ตั้งอยู่ ๔ มุมพระเมรุ, คดซ่าง คดสร้าง ซ่าง สร้าง ส้าง หรือ สำสร้าง ก็เรียก."
สำส่อน 0,ก.,ปะปนโดยไม่เลือกเช่นในการคบค้าสมาคมหรือในการซ่องเสพเป็นต้น เช่น สำส่อนทางเพศ จะเป็นเอดส์ไม่รู้ตัว อย่าสำส่อนในการกินอาหาร.
สำส่อน 1,ว.,ที่ปะปนในลักษณะเช่นนั้น เช่น เที่ยวสำส่อน กินสำส่อน.
สำสา 0,น.,ต้นก้ามปู. (ดู ก้ามปู).
สำเส็ด 0,น.,ต้นไม้ขนาดเล็ก ลูกเหมือนลูกชมพู่.
ส่ำเสีย 0,ก.,เสียหายอย่างป่นปี้.
สำหรวด 0,น.,ฝาเรือนเครื่องสับแบบหนึ่ง มีโครงไม้คร่าวยืนเป็นหลักซึ่งวางห่างกัน ๑ ฝ่ามือ ระหว่างไม้คร่าวแต่ละช่อง ขัดไม้แผ่นเล็ก ๆ ที่เรียกว่า ไม้เซ็น หรือ ลูกเซ็น วางตามขวาง ด้านหลังไม้เซ็นกรุใบจากอ่อนเป็นต้นแล้วขัดด้วยเข็มไม้ไผ่อีกชั้นหนึ่ง เรียกว่า ฝาสำหรวด.
สำหรับ 0,ว.,"คู่กับ, ควรกับ, เช่น ช้อนกับส้อมเป็นของสำหรับกัน หมากพลูกับเชี่ยนเป็นของสำหรับกัน."
สำหรับ 1,บ.,เพื่อ เช่น ของสำหรับถวายพระ วันนี้ฉันทำกับข้าวเป็นพิเศษสำหรับเธอ.
สำหาอะไร 0,ว.,"นับประสาอะไร, จะพูดไปทำไมมี, จะกล่าวไปทำไม, เช่น เรียนชั้นมัธยมยังสอบตก สำหาอะไรจะไปเรียนมหาวิทยาลัย, สำมะหาอะไร ก็ว่า."
สำเหนียก 0,ก.,"ฟัง, คอยเอาใจใส่, กำหนดจดจำ, เช่น ผู้ใหญ่สอนอะไรก็ให้สำเหนียกไว้ให้ดี."
สำเหร่ 0,น.,"ชื่อไม้ต้นชนิด Melastoma malabathricumL. ในวงศ์ Melastomataceae ดอกสีชมพู, โคลงเคลง ก็เรียก."
สำออย 0,ก.,"พูดพรํ่ารำพันให้เอ็นดูสงสาร, ร้องออดอ้อนจะเอาสิ่งใดสิ่งหนึ่ง, เช่น เจ็บนิดเดียว สำออยอยู่นั่นแหละ ลูกสำออยพ่อแม่ขอซื้อตุ๊กตา."
สำอาง 0,น.,"เครื่องแป้งเครื่องหอม เรียกว่า เครื่องสำอาง, ปัจจุบันหมายถึง สิ่งเสริมแต่งหรือบำรุงใบหน้า ผิวพรรณ ผม เป็นต้นให้ดูงาม เช่น แป้ง ลิปสติก ดินสอเขียน คิ้ว, ราชาศัพท์ใช้ว่า เครื่องพระสำอาง."
สำอาง 1,ว.,"ที่ทำให้งามสะอาดหมดจด, งามสะอาดหมดจด, งามกรีดกรายหยิบหย่ง เช่น เขาเป็นหนุ่มสำอางท่าทางกรีดกราย."
สิ 0,*ว.,"คำประกอบท้ายประโยคเพื่อเสริมข้อความให้เด่น ให้ชัด เป็นต้น, โดยมากใช้กับกริยาเป็นเชิงบังคับ เชิงชวน หรือรับคำ เป็นต้น เช่น ไปสิ มาสิ, ซิ ซิ่ หรือ ซี ก็ว่า."
สิกข์ 0,น.,ชื่อศาสนาหนึ่งในอินเดีย มีปฐมศาสดาชื่อ คุรุนานัก
สิกข์ 1,น.,ชื่อชาวอินเดียพวกหนึ่งที่นับถือศาสนาสิกข์ ส่วนมากอยู่ในแคว้นปัญจาบ ประเทศอินเดีย
สิกข์ 2,น.,ซิก หรือ ซิกข์ ก็ว่า.
สิกขมานา 0,น.,สามเณรีที่มีอายุครบ ๑๘ ปี ก่อนอุปสมบทเป็นภิกษุณีจะต้องรักษาสิกขาบท ๖ ประการ เป็นเวลา ๒ ปี.
สิกขา 0,น.,"ข้อที่จะต้องศึกษา, ข้อที่จะต้องปฏิบัติ ได้แก่ ศีล เรียกว่า ศีลสิกขา สมาธิ เรียกว่า จิตสิกขา และปัญญา เรียกว่า ปัญญาสิกขา รวมเรียกว่า ไตรสิกขา"
สิกขา 1,น.,"การศึกษา, การเล่าเรียน, เช่น ปริยัติสิกขา ปฏิบัติสิกขา."
สิกขากาม- 0,ว.,"ผู้ใคร่ต่อการศึกษา, ผู้นับถือข้อบัญญัติโดยเคร่งครัด, สิกขกาม ก็ว่า เช่น สิกขกามบุคคล หมายถึง บุคคลที่ใคร่ต่อการศึกษา."
สิกขาบท 0,น.,"ข้อศีล, ข้อวินัย, บทบัญญัติในพระวินัยที่พึงศึกษาปฏิบัติ."
สิข 0,น.,ชื่อศาสนาหนึ่งในอินเดีย มีปฐมศาสดาชื่อ คุรุนานัก
สิข 1,น.,ชื่อชาวอินเดียพวกหนึ่งที่นับถือศาสนาสิกข์ ส่วนมากอยู่ในแคว้นปัญจาบ ประเทศอินเดีย
สิข 2,น.,ซิก หรือ ซิกข์ ก็ว่า.
สิขร 0,น.,"จอม, ยอด, หงอน"
สิขร 1,น.,ยอดเขา.
สิขรี 0,น.,ภูเขา.
สิขเรศ 0,น.,ภูเขา.
สิขา 0,น.,เปลวไฟ
สิขา 1,น.,"ยอด, ปลาย."
สิขานล 0,น.,เปลวไฟ.
สิขี 0,น.,เปลวไฟ
สิขี 1,น.,นกยูง
สิขี 2,น.,พระนามของพระพุทธเจ้าองค์หนึ่ง.
สิคาล 0,น.,"หมาจิ้งจอก, หมาป่า, สิงคาล ก็ว่า."
สิ่ง 0,น.,ของต่าง ๆ โดยไม่จำกัดว่ามีชีวิตหรือไม่มีชีวิต เช่น คน สัตว์ และพืช เป็นสิ่งมีชีวิต ก้อนหินเป็นสิ่งไม่มีชีวิต ทองคำเป็นสิ่งมีค่า
สิ่ง 1,น.,"ภาวะ, ความมีความเป็น, เช่น สิ่งที่มีคุณค่าในสังคมอย่างหนึ่งคือ ความยุติธรรม, อย่าง, อัน, เช่น ในกระเป๋ามีของกี่สิ่ง."
สิง 0,ก.,"อยู่, เข้าแทรกอยู่ เช่น ผีสิง, สึง ก็ว่า, (ปาก) อยู่, มาอาศัยอยู่, เช่น เพื่อน ๆ ของลูกมาสิงอยู่ที่บ้านหลายคน, สิงสู่ ก็ว่า."
สิง 1,ก.,"ชื่องูขนาดกลางชนิด Ptyas korros (Schlegel) ในวงศ์ Colubridae ตาโต ลำตัวสีน้ำตาลปลอด มีลายเล็กน้อยเห็นไม่ชัด นิสัยว่องไวปราดเปรียว ออกหากินตามพื้นดินในเวลากลางวัน ไม่มีพิษ, สิงตาโต หรือ ตาลาน ก็เรียก."
สิง 2,น.,"ชื่อแมลงพวกมวนหลายชนิดในสกุล Leptocorisa วงศ์ Alydidae ลำตัวแคบ สีน้ำตาล ยาวประมาณ ๑.๕ เซนติเมตร ดูดกินน้ำเลี้ยงเมล็ดอ่อนของข้าวทำให้เมล็ดลีบ ที่พบบ่อยได้แก่ ชนิด L. oratorius (Fabricius) และชนิด L. acuta (Thunberg), กระฉง หรือ ฉง ก็เรียก."
สิ่งก่อสร้าง 0,น.,อาคารบ้านเรือนเป็นต้นที่สร้างโดยใช้อิฐและปูนเป็นส่วนใหญ่.
สิงขร 0,น.,สิขร.
สิ่งของ 0,น.,"วัตถุต่าง ๆ เช่น ก่อนลงจากรถควรตรวจสิ่งของให้ครบถ้วน, ของ หรือ ข้าวของ ก็ว่า."
สิงค์ 0,น.,เขาสัตว์ต่าง ๆ
สิงค์ 1,น.,"เขา, ยอดเขา, ที่ที่สูงสุด."
สิงคลิ้ง 0,ว.,งามอย่างสง่า เช่น บพิตรพ่องามสิงคลิ้ง (ลอ).
สิงคลี 0,ว.,"วุ่นวาย, พัลวัน."
สิงคาร 0,น.,"ศฤงคาร, สิ่งให้เกิดความรัก, บริวารหญิงผู้บำเรอความรัก."
สิงคาล 0,น.,"หมาป่า, หมาจิ้งจอก, สิคาล ก็ว่า."
สิงคี 0,น.,"สัตว์มีเขา, วัว, ควาย"
สิงคี 1,น.,ชื่อปลาชนิดหนึ่ง
สิงคี 2,น.,ทองคำ
สิงคี 3,น.,ชื่อผักชนิดหนึ่ง.
สิงตาโต 0,น.,"ชื่องูขนาดกลางชนิด Ptyas korros (Schlegel) ในวงศ์ Colubridae ตาโต ลำตัวสีน้ำตาลปลอด มีลายเล็กน้อยเห็นไม่ชัด นิสัยว่องไวปราดเปรียว ออกหากินตามพื้นดินในเวลากลางวัน ไม่มีพิษ, สิงตาโต หรือ ตาลาน ก็เรียก."
สิ่งตีพิมพ์ 0,น.,ไปรษณียภัณฑ์ประเภทข้อความ รูป หรือรอยประดิษฐ์บนกระดาษ กระดาษแข็ง หรือวัสดุที่ใช้กันทั่วไปในกิจการพิมพ์ ซึ่งทำขึ้นเป็นหลายสำเนาเหมือนกันทุกประการ ด้วยกระบวนการทางเครื่องกลไก หรือการถ่ายภาพอันเกี่ยวข้องกับการใช้แม่พิมพ์ต้นแบบ กระดาษไข เนกาทีฟ หรือสิ่งอื่น ๆ ที่ใช้กันโดยทั่วไปในกิจการพิมพ์.
สิงโต 0,น.,ชื่อสัตว์ในจินตนาการของจีน ถือว่ามีกำลังมากและมีหน้าตาดุร้าย.
สิงโต 1,น.,ชื่อสัตว์เลี้ยงลูกด้วยนมชนิด Panthera leo (Linn.) ในวงศ์ Felidae รูปร่างคล้ายแมวแต่มีขนาดไล่เลี่ยกับเสือโคร่ง ตัวสีนํ้าตาล ไม่มีลาย ขนปลายหางเป็นพู่ ตัวผู้เมื่อโตเต็มที่จะมีขนสร้อยคอยาว ตัวเมียไม่มี อาศัยอยู่เป็นฝูงตามทุ่งโล่ง ตัวเมียมักทำหน้าที่ล่าเหยื่อ มีถิ่นกำเนิดในทวีปแอฟริกาและประเทศอินเดีย สิงโตเอเชียมีขนาดเล็กกว่าสิงโตแอฟริกาเล็กน้อย.
สิงโต 2,น.,ชื่อปลาทะเลในสกุล Pteroisและ Dendrochirusวงศ์ Scorpaenidae โดยเฉพาะชนิด P. volitans (Linn.) ส่วนหัวมีหนามแข็งและติ่งหรือริ้วเนื้อ ว่ายน้ำเชื่องช้ามากขณะที่ครีบต่าง ๆ โดยเฉพาะครีบอกและครีบหลังซึ่งมีขนาดใหญ่และยาวจะแผ่กว้าง ลำตัวโดยเฉพาะครีบต่าง ๆ มีสีฉูดฉาดเป็นริ้วลายหรือจุด ส่วนใหญ่เป็นสีแดงส้มสะดุดตา ก้านครีบแข็งมีพิษรุนแรง หากินสัตว์อื่นในเวลากลางคืน จัดเป็นปลาเด่นชนิดหนึ่งของปลาทะเลประเภทสวยงาม ขนาดยาวได้ถึง ๓๐ เซนติเมตร.
สิงโตทะเล 0,น.,"ชื่อสัตว์เลี้ยงลูกด้วยนม ในวงศ์ Otariidae มีใบหู มีหนวดเป็นเส้นหนาอยู่เหนือริมฝีปากบน ส่วนที่อยู่ตรงกลางสั้น สองข้างค่อนข้างยาว มีเขี้ยวยาวโค้งเล็กน้อยปลายแหลม ลำคอยาว ขาไม่มีขนปกคลุม นิ้วไม่มีเล็บ ขาคู่หน้ายาวแบนคล้ายใบพายและโบกไปมาช่วยในการยันตัวและว่ายน้ำ ขาคู่หลังสั้นตีนแบนช่วยในการเคลื่อนตัว กินปลาและสัตว์น้ำอื่น ๆ ในเขตหนาว อาศัยอยู่ตามริมฝั่งทะเล มีหลายชนิด เช่น ชนิด Zalophus californianus (Lesson), Otaria byronia (Peters)."
สิ่งที่บ่งชี้ทางภูมิศาสตร์ 0,น.,ชื่อสัญลักษณ์ หรือสิ่งอื่นใดที่ใช้เรียกหรือใช้แทนแหล่งภูมิศาสตร์ และที่สามารถบ่งบอกว่าสินค้าที่เกิดจากแหล่งภูมิศาสตร์นั้นเป็นสินค้าที่มีคุณภาพ ชื่อเสียง หรือคุณลักษณะเฉพาะของแหล่งภูมิศาสตร์ดังกล่าว.
สิ่งเทียมอาวุธปืน 0,น.,สิ่งซึ่งมีรูปและลักษณะอันน่าจะทำให้หลงเชื่อว่าเป็นอาวุธปืน.
สิ่งปฏิกูล 0,น.,สิ่งสกปรกน่ารังเกียจ เช่น ขยะเป็นสิ่งปฏิกูล.
สิ่งปลูกสร้าง 0,น.,อาคารบ้านเรือนที่ทำโดยวิธีฝังเสาลงในดิน.
สิ่งพิมพ์ 0,น.,สมุด แผ่นกระดาษ หรือวัตถุใด ๆ ที่พิมพ์ขึ้น รวมตลอดทั้งบทเพลง แผนที่ แผนผัง แผนภาพ ภาพวาด ภาพระบายสี ใบประกาศ แผ่นเสียง หรือสิ่งอื่นใดอันมีลักษณะเช่นเดียวกัน.
สิ่งละอันพันละน้อย 0,น.,"อย่างนี้บ้างอย่างนั้นบ้าง, อย่างละเล็กอย่างละน้อย, เช่น ของขายมีสิ่งละอันพันละน้อย."
สิ่งละอันพันละน้อย 1,ว.,"มีอย่างนี้บ้างอย่างนั้นบ้าง, มีอย่างละเล็กอย่างละน้อย, เช่น แม่ค้าเก็บของสิ่งละอันพันละน้อยมาขาย."
สิ่งแวดล้อม 0,น.,สิ่งต่าง ๆ ทั้งทางธรรมชาติและทางสังคมที่อยู่รอบ ๆ มนุษย์มีทั้งที่ดีและไม่ดี เช่น โรงเรียนสร้างสวนดอกไม้ให้เป็นสิ่งแวดล้อมที่ดีแก่นักเรียน ชุมชนที่มีการทะเลาะวิวาทกันหรือเล่นการพนันเป็นสิ่งแวดล้อมที่ไม่ดีแก่เด็ก.
สิ่งศักดิ์สิทธิ์ 0,น.,สิ่งหรือภาวะที่เชื่อว่ามีอำนาจเหนือธรรมชาติ สามารถบันดาลให้เป็นไปหรือให้สำเร็จได้ดังปรารถนา เช่น ขอให้สิ่งศักดิ์สิทธิ์บันดาลให้เขาหายจากโรคร้าย.
สิงสถิต 0,ก.,"อยู่, มาอาศัยอยู่, (มักใช้แก่เทวดา), เช่น ต้นไม้ต้นนี้มีรุกขเทวดาสิงสถิต."
สิงสาราสัตว์ 0,น.,สัตว์ต่าง ๆ มักหมายถึงสัตว์ป่า เช่น ในป่าใหญ่มีสิงสาราสัตว์นานาชนิด.
สิงสู่ 0,ก.,"อยู่, มาอาศัยอยู่, เช่น โรงเรียนปิดเทอมแล้วไม่ยอมกลับบ้าน มัวสิงสู่อยู่ที่หอพัก, สิง ก็ว่า."
สิงห์ 0,น.,"สัตว์ในนิยาย ถือว่ามีความดุร้ายและมีกำลังมาก, ราชสีห์ ก็เรียก"
สิงห์ 1,น.,ชื่อกลุ่มดาวรูปสิงห์ เรียกว่า ราศีสิงห์ เป็นราศีที่ ๔ ในจักรราศี.
สิงห- 0,น.,"สัตว์ในนิยาย ถือว่ามีความดุร้ายและมีกำลังมาก, ราชสีห์ ก็เรียก"
สิงห- 1,น.,ชื่อกลุ่มดาวรูปสิงห์ เรียกว่า ราศีสิงห์ เป็นราศีที่ ๔ ในจักรราศี.
สิงหนาท 0,น.,"พระราชดำรัสอันเป็นที่น่าเกรงขามของคนทั้งปวง เหมือนเสียงของราชสีห์เป็นที่น่าเกรงขามของสัตว์ทั้งปวง, เสียงตวาดของนักรบเพื่อให้เป็นที่เกรงขามของข้าศึก, สีหนาท ก็ว่า."
สิงหรา 0,น.,"สิงห์, สิงห์ตัวเมีย."
สิงหราช 0,น.,"พญาราชสีห์, สีหราช ก็ว่า."
สิงหล 0,น.,"ชื่อเรียกประเทศศรีลังกาในสมัยโบราณ, สิงหลทวีป ก็เรียก, เรียกชาวพื้นเมืองดั้งเดิมของศรีลังกาว่า ชาวสิงหล, เรียกภาษาของชาวสิงหล ว่า ภาษาสิงหล."
สิงหลก- 0,น.,ชาวสิงหล.
สิงหลก- 1,ว.,เกี่ยวกับเกาะสิงหล.
สิงหาคม 0,น.,ชื่อเดือนที่ ๘ ของปีสุริยคติ ซึ่งเริ่มด้วยเดือนมกราคม มี ๓๑ วัน
สิงหาคม 1,น.,ชื่อเดือนที่ ๕ ตามสุริยคติ ซึ่งเริ่มด้วยเดือนเมษายน.
สิงหาสน์ 0,น.,ราชอาสน์หรือที่ประทับ ทำเป็นแท่นเท้าสิงห์.
สิญจ- 0,ก.,รดนํ้า
สิญจ- 1,ก.,"รดนํ้ามนต์, สรงมุรธาภิเษก."
สิญจน์ 0,ก.,รดนํ้า
สิญจน์ 1,ก.,"รดนํ้ามนต์, สรงมุรธาภิเษก."
สิต- 0,ว.,ขาว.
สิตะ 0,ว.,"ยิ้ม, ยิ้มแย้ม."
สิตางศุ์ 0,น.,พระจันทร์.
สิถิล 0,ว.,"เบา, (ไว) เรียกพยัญชนะในภาษาบาลีและสันสกฤตที่มีเสียงเบา ว่า พยัญชนะสิถิล ได้แก่ พยัญชนะตัวที่ ๑ และ ๓ ของวรรค."
สิทธ์ 0,น.,"ผู้สำเร็จ, ฤษีผู้สำเร็จ, เช่นที่พูดว่า นักสิทธ์."
สิทธ- 0,น.,"ผู้สำเร็จ, ฤษีผู้สำเร็จ, เช่นที่พูดว่า นักสิทธ์."
สิทธัตถะ 0,น.,ผู้ที่สำเร็จความมุ่งหมายแล้ว
สิทธัตถะ 1,น.,พระนามพระพุทธเจ้า.
สิทธา 0,น.,ฤษี.
สิทธา 1,น.,"ผู้สำเร็จ, ฤษีผู้สำเร็จ, เช่นที่พูดว่า นักสิทธ์."
สิทธาจารย์ 0,น.,"อาจารย์ผู้สำเร็จ, ฤษี."
สิทธาจารย์ 1,น.,"ผู้สำเร็จ, ฤษีผู้สำเร็จ, เช่นที่พูดว่า นักสิทธ์."
สิทธานต์ 0,น.,ลัทธิหรือความเห็นที่ตกลงกันแล้ว
สิทธานต์ 1,น.,หลัก.
สิทธานต์ 2,น.,"ผู้สำเร็จ, ฤษีผู้สำเร็จ, เช่นที่พูดว่า นักสิทธ์."
สิทธารถ 0,น.,ผู้ที่สำเร็จความมุ่งหมายแล้ว
สิทธารถ 1,น.,พระนามพระพุทธเจ้า.
สิทธิ์ 0,น.,"อำนาจอันชอบธรรม เช่น บุคคลมีสิทธิและหน้าที่ตามรัฐธรรมนูญ เขามีสิทธิ์ในที่ดินแปลงนี้. (ป., ส.)"
สิทธิ์ 1,น.,อำนาจที่กฎหมายรับรองให้กระทำการใด ๆ โดยสุจริตได้อย่างอิสระ แต่ต้องไม่กระทบกระเทือนถึงสิทธิของคนอื่น.
สิทธิ 0,น.,"อำนาจอันชอบธรรม เช่น บุคคลมีสิทธิและหน้าที่ตามรัฐธรรมนูญ เขามีสิทธิ์ในที่ดินแปลงนี้. (ป., ส.)"
สิทธิ 1,น.,อำนาจที่กฎหมายรับรองให้กระทำการใด ๆ โดยสุจริตได้อย่างอิสระ แต่ต้องไม่กระทบกระเทือนถึงสิทธิของคนอื่น.
สิทธิกร 0,ว.,"ให้ผล, ให้ความสำเร็จ."
สิทธิการิยะ 0,*ว.,คำขึ้นต้นในตำราโบราณ เช่น ตำรายา ตำราหมอดู หรือคาถาเมตตามหานิยม เป็นการอธิษฐานขอให้การกระทำนั้น ๆ ประสบความสำเร็จ.
สิทธิเก็บกิน 0,น.,สิทธิ์เหนืออสังหาริมทรัพย์ อันเป็นเหตุให้ผู้ทรงสิทธินั้นมีสิทธิ์ครอบครองใช้ และถือเอาซึ่งประโยชน์แห่งอสังหา-ริมทรัพย์นั้น.
สิทธิ์ขาด 0,ว.,เด็ดขาด เช่น ในสมัยโบราณแม่ทัพมีอำนาจสิทธิ์ขาดในการบัญชาการรบ.
สิทธิครอบครอง 0,น.,สิทธิเหนือทรัพย์สิน ซึ่งผู้ทรงสิทธิมีสิทธิยึดถือทรัพย์สินนั้นเพื่อตน อันเป็นผลให้มีสิทธิต่าง ๆ เหนือทรัพย์สินนั้น เช่น สิทธิในการใช้สอย สิทธิที่จะมิให้บุคคลใดมารบกวนการครอบครอง.
สิทธิชัย 0,น.,ผู้มีความรู้ขลังในเวทมนตร์
สิทธิชัย 1,น.,ใช้เรียกหัวหน้าพราหมณ์พฤฒิบาศ.
สิทธิโชค 0,น.,ฤกษ์ยามที่จะนำความสำเร็จมาให้.
สิทธิบัตร 0,น.,หนังสือสำคัญที่ออกให้เพื่อคุ้มครองการประดิษฐ์หรือการออกแบบผลิตภัณฑ์.
สิทธิมนุษยชน 0,น.,สิทธิพื้นฐานที่มนุษย์พึงมี.
สิทธิยึดหน่วง 0,น.,สิทธิที่ผู้ครอบครองทรัพย์สินของผู้อื่น และมีหนี้อันเป็นคุณประโยชน์แก่ตนเกี่ยวด้วยทรัพย์สินซึ่งครองนั้น ในอันที่จะยึดทรัพย์สินนั้นไว้จนกว่าจะได้รับชำระหนี้.
สิทธิเรียกร้อง 0,น.,สิทธิที่จะเรียกให้ชำระหนี้หรือเรียกทรัพย์สิน.
สิทธิสภาพนอกอาณาเขต 0,น.,สิทธิพิเศษที่จะใช้กฎหมายของประเทศหนึ่งบังคับแก่บุคคลที่เป็นพลเมืองของตนที่ไปอยู่ในดินแดนของอีกประเทศหนึ่ง.
สิทธิเหนือพื้นดิน 0,น.,ทรัพย์สิทธิอย่างหนึ่งที่เจ้าของที่ดินก่อให้เกิดเป็นคุณแก่บุคคลอื่นโดยให้บุคคลนั้นมีสิทธิเป็นเจ้าของโรงเรือน สิ่งปลูกสร้าง หรือสิ่งเพาะปลูก บนดินหรือใต้ดินนั้น โดยไม่ตกเป็นเจ้าของที่ดิน.
สิทธิอาศัย 0,น.,ทรัพยสิทธิอย่างหนึ่งที่เจ้าของโรงเรือนให้บุคคลอื่น เรียกว่า ผู้อาศัย อยู่ในโรงเรือนของตนได้โดยไม่ต้องเสียค่าเช่า.
สิธยะ 0,น.,"ชื่อหนึ่งของดาวฤกษ์บุษยะ มี ๕ ดวง, ดาวปุยฝ้าย ดาวพวงดอกไม้ ดาวดอกบัว ดาวโลง ดาวปู ดาวสมอสำเภา ดาวบุษย์ ดาวปุษยะ หรือ ดาวปุสสะ ก็เรียก."
สิ้น 0,ก.,"หมด, จบ, เช่น กินอาหารมื้อนี้สิ้นเงินไป ๕๐๐ บาท สิ้นปีนี้เขาจะย้ายไปอยู่เชียงใหม่"
สิ้น 1,ก.,ตาย เช่น พ่อแม่เขาสิ้นไปหมดแล้ว.
สิน 0,น.,"เงิน, ทรัพย์, เช่น ทรัพย์ในดิน สินในน้ำ, มักใช้เข้าคู่กับคำ ทรัพย์ เป็น ทรัพย์สิน หรือ สินทรัพย์."
สิน 1,ก.,"ตัด, ฟันให้ขาด, เช่น สินมือสินเท้า, ใช้ของมีคมตัดและแต่งให้เรียบร้อย เช่น สินหัวไม้."
สิ้นกรรม 0,ก.,"สิ้นสุดในการที่ต้องรับทุกข์อีกต่อไป เช่น เมื่อเขามีชีวิตอยู่ มีภาระมากหรือเจ็บป่วยทรมาน ตายไปก็ถือว่าสิ้นเวรสิ้นกรรม, หมดกรรม หมดกรรมหมดเวร หมดเวร หรือ หมดเวรหมดกรรม ก็ว่า"
สิ้นกรรม 1,ก.,ตาย.
สิ้นกรรมสิ้นเวร 0,ก.,"สิ้นสุดในการที่ต้องรับทุกข์อีกต่อไป เช่น เมื่อเขามีชีวิตอยู่ มีภาระมากหรือเจ็บป่วยทรมาน ตายไปก็ถือว่าสิ้นเวรสิ้นกรรม, หมดกรรม หมดกรรมหมดเวร หมดเวร หรือ หมดเวรหมดกรรม ก็ว่า"
สิ้นกรรมสิ้นเวร 1,ก.,ตาย.
สิ้นเขี้ยวสิ้นเล็บ 0,ก.,"หมดอำนาจวาสนา, สิ้นฤทธิ์, หมดเขี้ยวหมดงา หรือ หมดเขี้ยวหมดเล็บ ก็ว่า."
สินค้า 0,น.,สิ่งของที่ซื้อขายกัน เช่น ร้านนี้มีสินค้านานาชนิด.
สินค้าเข้า 0,น.,สินค้าที่นำเข้ามาจากต่างประเทศ เช่น น้ำมันเชื้อเพลิง เครื่องจักร เป็นสินค้าเข้าที่สำคัญ.
สินค้าออก 0,น.,สินค้าที่ส่งออกต่างประเทศ เช่น ข้าว เสื้อผ้าสำเร็จรูป อัญมณี เป็นสินค้าออกที่สำคัญ.
สิ้นคิด 0,ก.,"หมดปัญญาจะแก้ปัญหา, หมดหนทางคิดอ่าน, เช่น บางคนพอสิ้นคิดเข้าจริง ๆ ก็ฆ่าตัวตาย."
สิ้นคิด 1,ว.,"ที่หมดปัญญาจะแก้ปัญหา, ที่หมดหนทางคิดอ่าน, เช่น เขาทำตัวเหมือนคนสิ้นคิด เที่ยวลักขโมยเขากิน."
สินจ้าง 0,น.,เงินค่าบำเหน็จตอบแทน
สินจ้าง 1,น.,ค่าตอบแทนที่นายจ้างหรือผู้ว่าจ้างจ่ายให้แก่ลูกจ้างหรือผู้รับจ้าง.
สิ้นใจ 0,ก.,"ขาดใจ, ตาย, เช่น เขาพึ่งสิ้นใจเมื่อเที่ยงนี้เอง, สิ้นลม หมดลม หรือ หมดอายุ ก็ว่า."
สิ้นชาติ 0,ก.,เสียเอกราช เช่น ถ้าโกงกินกันมาก ๆ วันหนึ่งจะต้องสิ้นชาติอย่างแน่นอน
สิ้นชาติ 1,ก.,"โดยปริยายหมายความว่า ตัดความสัมพันธ์, ตัดไมตรี, เช่น สิ้นชาติขาดกันจนวันตาย."
สิ้นชีพ 0,ก.,ตาย เช่น เขาสิ้นชีพในสงคราม.
สิ้นชีพตักษัย 0,ก.,"ตาย (ใช้เฉพาะหม่อมเจ้า), โบราณใช้ว่า ถึงแก่ชีพิตักษัย ก็มี."
สิ้นชีพตักษัย 1,ก.,"ตาย (ใช้เฉพาะหม่อมเจ้า), โบราณใช้ว่า ถึงแก่ชีพิตักษัย ก็มี."
สิ้นชีวิต 0,ก.,ตาย เช่น บิดามารดาเขาสิ้นชีวิตไปนานแล้ว.
สิ้นชื่อ 0,ก.,หมดชื่อเสียง เช่น เขาชกแพ้หลายครั้งติด ๆ กัน เลยสิ้นชื่อ
สิ้นชื่อ 1,ก.,ตาย เช่น เขาถูกแทงทะลุหัวใจ เลยสิ้นชื่อ.
สิ้นเชิง 0,ก.,"สิ้นท่า, หมดท่า, หมดชั้นเชิง, เช่น อันธพาลเมื่อเจอนักสู้เข้าก็สิ้นเชิงนักเลง, โดยปริยายมักใช้กับคำ โดย หรือ อย่าง เป็น โดยสิ้นเชิง อย่างสิ้นเชิง หมายความว่า ทั้งหมด, ทั้งสิ้น, ทุกประการ, เช่น ข่าวลือนี้ไม่มีมูลความจริงโดยสิ้นเชิง โครงการนี้ล้มเหลวอย่างสิ้นเชิง."
สินเชื่อ 0,น.,เงินที่ให้เป็นหนี้ไว้ด้วยความเชื่อ.
สินใช้ 0,น.,เงินที่ต้องรับผิดชอบจ่ายตามมูลค่าของหุ้น.
สิ้นซาก 0,ก.,ไม่มีร่องรอยเหลืออยู่ เช่น รื้อตลาดเก่าออกไปจนสิ้นซาก.
สินเดิม 0,น.,ทรัพย์สินที่ฝ่ายชายหรือฝ่ายหญิงมีอยู่แล้วก่อนสมรส หรือทรัพย์สินที่ฝ่ายใดฝ่ายหนึ่งได้มาระหว่างเป็นสามีภรรยาโดยทางพินัยกรรม หรือมีผู้ยกให้โดยเสน่หา เมื่อพินัยกรรมหรือหนังสือยกให้นั้นแสดงไว้ว่าให้เป็นสินเดิม.
สิ้นตำรา 0,ว.,"จนปัญญา, หมดทาง, หมดฝีมือ, เช่น หมอช่วยคนไข้จนสิ้นตำรา คนไข้ก็ไม่ฟื้น, หมดตำรา ก็ว่า."
สิ้นแต้ม 0,ก.,"หมดตาเดิน, ไม่มีตาเดิน, (มักใช้แก่การเล่นสกา), โดยปริยายหมายความว่า หมดหนทางคิดอ่าน เช่น พอมีปัญหาประดังกันเข้ามามาก ๆ เขาก็สิ้นแต้ม ไม่รู้จะหันหน้าไปพึ่งใคร."
สินไถ่ 0,น.,จำนวนเงินที่ชำระเพื่อไถ่ทรัพย์สินคืนจากการขายฝาก
สินไถ่ 1,น.,เรียกทาสที่เอาเงินไปซื้อมา ว่า ทาสสินไถ่.
สินทรัพย์ 0,น.,บรรดาทรัพย์สินซึ่งบุคคลเป็นเจ้าของ.
สิ้นท่า 0,ก.,"หมดกระบวนท่าในการต่อสู้, ไม่มีทางต่อสู้, เช่น เขาเป็นคนเก่งแต่ปาก พอประสบปัญหาเข้าจริง ๆ ก็สิ้นท่า."
สินทูระ 0,น.,"ชาด, เสน, ตะกั่วแดง."
สินเทา 0,น.,พื้นที่ว่างซึ่งกันไว้เป็นพื้นหลังของรูปภาพเพื่อแบ่งภาพเป็นตอน ๆ โดยเขียนล้อมด้วยเส้นแผลงหรือด้วยเส้นฮ่อเป็นต้น มักเขียนในงานจิตรกรรมฝาผนัง.
สินธพ 0,น.,"ม้าพันธุ์ดี, เดิมหมายถึงม้าพันธุ์ดีที่เกิดในลุ่มแม่น้ำสินธุ."
สินธุ์ 0,น.,"ลำน้ำ, แม่น้ำ, สายน้ำ, น้ำ, ทะเล, มหาสมุทร, เช่น เหาะข้ามสินธุ์ไปยังขุนยุคุนธร (สมบัติอัมรินทร์), สุวรรณหงส์เหินเห็จฟ้า ชมสินธุ์ (พยุหยาตรา), ใช้ว่า สินธุ หรือ สินธู ก็มี."
สินธุ 0,น.,"ลำนํ้า, แม่นํ้า, สายนํ้า, นํ้า, ทะเล, มหาสมุทร, ใช้ว่า สินธุ์ หรือ สินธู ก็มี"
สินธุ 1,น.,ชื่อแม่นํ้าสำคัญสายหนึ่งในชมพูทวีป ปัจจุบันอยู่ในประเทศอินเดียและปากีสถาน.
สินธุระ 0,น.,ช้าง.
สินธู 0,น.,"ลำน้ำ, แม่น้ำ, สายน้ำ, น้ำ, ทะเล, มหาสมุทร, เช่น มังกรเกี่ยวเลี้ยวล่องท้องสินธู เป็นคู่คู่เคียงมาในวารี (อภัย), สินสมุทรสุดรักพระธิดา เอาใส่บ่าแบกวายสายสินธู (อภัย), ใช้ว่า สินธุ หรือ สินธุ์ ก็มี."
สินเธาว์ 0,น.,เกลือที่ได้จากดินเค็มที่ห่างไกลจากฝั่งทะเล เรียกว่า เกลือสินเธาว์.
สินน้ำใจ 0,น.,เงินหรือทรัพย์ที่ให้เป็นรางวัล.
สิ้นเนื้อประดาตัว 0,ว.,ไม่มีทรัพย์สมบัติเหลือติดตัว เช่น เขากลายเป็นคนสิ้นเนื้อประดาตัวเพราะหมกมุ่นในการพนัน กิจการค้าของเขาล้มเหลวจนสิ้นเนื้อประดาตัว.
สินบน 0,น.,ทรัพย์หรือสิ่งของที่จะให้เป็นเครื่องบูชาคุณหรือตอบแทนผู้ที่จะช่วยให้สำเร็จตามประสงค์
สินบน 1,น.,ทรัพย์สินหรือประโยชน์อื่นใดที่ให้แก่บุคคลเพื่อจูงใจให้ผู้นั้นกระทำการหรือไม่กระทำการอย่างใดในตำแหน่ง ไม่ว่าการนั้นชอบหรือมิชอบด้วยหน้าที่
สินบน 2,น.,เงินที่จ่ายให้แก่ผู้นำจับ.
สินบริคณห์ 0,น.,สินเดิมและสินสมรส.
สิ้นบุญ 0,ก.,"หมดบุญ, ตาย, เช่น เขาเป็นลูกกำพร้า พ่อแม่สิ้นบุญไปหลายปีแล้ว."
สิ้นประตู 0,ว.,ไม่มีทาง.
สิ้นแผ่นดิน 0,ก.,ไม่มีแผ่นดินอยู่ เช่น บ้านเมืองที่เสียเอกราช คนในชาติก็สิ้นแผ่นดิน
สิ้นแผ่นดิน 1,ก.,สิ้นรัชสมัย เช่น สิ้นแผ่นดินพระบาทสมเด็จพระจุลจอมเกล้าเจ้าอยู่หัว.
สิ้นฝีมือ 0,ว.,เต็มความสามารถที่มีอยู่
สิ้นฝีมือ 1,ว.,หมดความสามารถ
สิ้นฝีมือ 2,ว.,หมดฝีมือ ก็ว่า
สิ้นฝีมือ 3,ว.,ไม่มีใครเทียบความสามารถได้ เช่น ม่านนี้ฝีมือวันทองทำ จำได้ไม่ผิดนัยน์ตาพี่ เส้นไหมแม้นเขียนแนบเนียนดี สิ้นฝีมือแล้วแต่นางเดียว (ขุนช้างขุนแผน).
สิ้นพระชนม์ 0,ก.,ตาย (ใช้แก่เจ้าฟ้า พระองค์เจ้า สมเด็จพระสังฆราชเจ้า และสมเด็จพระสังฆราช).
สินระบาด 0,น.,ทรัพย์ของผู้ตายที่กระจัดกระจายอยู่.
สินแร่ 0,น.,แร่จากเหมืองที่ยังไม่ได้ถลุง.
สิ้นไร้ไม้ตอก 0,ว.,"ยากไร้, ขัดสนถึงที่สุด, เช่น เขาเป็นคนสิ้นไร้ไม้ตอก บ้านไม่มีจะอยู่ เสื้อผ้าแทบไม่มีจะใส่."
สิ้นฤทธิ์ 0,ก.,"หมดฤทธิ์ เช่น เสือโคร่งพอถูกยิงด้วยลูกดอกยาสลบก็สิ้นฤทธิ์, หมดพยศ เช่น เด็กทำฤทธิ์ไม่ยอมกินข้าว พอหิวก็สิ้นฤทธิ์ จึงยอมกินแต่โดยดี."
สิ้นลม 0,ก.,"ขาดใจ, ตาย, เช่น เขาสิ้นลมไปด้วยอาการสงบ, สิ้นใจ หมดลม หรือ หมดอายุ ก็ว่า."
สิ้นลมปราณ 0,ก.,ตาย เช่น เขาสิ้นลมปราณไปตั้งแต่เมื่อคืนนี้.
สิ้นลาย 0,ก.,"หมดชั้นเชิง, ไม่มีชั้นเชิงเหลืออยู่, เช่น เสือปล้นธนาคารถูกตำรวจจับ เลยสิ้นลาย."
สิ้นเวร 0,ก.,"สิ้นสุดในการที่ต้องรับทุกข์อีกต่อไป เช่น เมื่อเขามีชีวิตอยู่ มีภาระมากหรือเจ็บป่วยทรมาน ตายไปก็ถือว่าสิ้นเวรสิ้นกรรม, หมดกรรม หมดกรรมหมดเวร หมดเวร หรือ หมดเวรหมดกรรม ก็ว่า"
สิ้นเวร 1,ก.,ตาย.
สิ้นเวรสิ้นกรรม 0,ก.,"สิ้นสุดในการที่ต้องรับทุกข์อีกต่อไป เช่น เมื่อเขามีชีวิตอยู่ มีภาระมากหรือเจ็บป่วยทรมาน ตายไปก็ถือว่าสิ้นเวรสิ้นกรรม, หมดกรรม หมดกรรมหมดเวร หมดเวร หรือ หมดเวรหมดกรรม ก็ว่า"
สิ้นเวรสิ้นกรรม 1,ก.,ตาย.
สิ้นสติ 0,ก.,"สลบ, หมดความรู้สึก, เช่น เขาตกใจแทบสิ้นสติ เขาถูกต่อยจนสิ้นสติ."
สิ้นสติ 1,ว.,อาการที่ขาดความรู้สึกตัว เช่น เที่ยวดึก ๆ ทุกคืน พอกลับถึงบ้านก็นอนหลับเหมือนสิ้นสติ.
สินสมรส 0,น.,ทรัพย์สินที่คู่สมรสได้มาระหว่างสมรส หรือที่ฝ่ายใดฝ่ายหนึ่งได้มาระหว่างสมรสโดยพินัยกรรม หรือโดยการให้เป็นหนังสือ เมื่อพินัยกรรมหรือหนังสือยกให้ระบุว่าเป็นสินสมรส รวมทั้งทรัพย์สินที่เป็นดอกผลของสินส่วนตัว.
สินส่วนตัว 0,น.,ทรัพย์สินที่ฝ่ายใดฝ่ายหนึ่งมีอยู่ก่อนสมรส หรือที่เป็นเครื่องใช้สอยส่วนตัว เครื่องแต่งกาย หรือเครื่องประดับกายตามควรแก่ฐานะ หรือเครื่องมือเครื่องใช้ที่จำเป็นในการประกอบอาชีพหรือวิชาชีพของคู่สมรสฝ่ายใดฝ่ายหนึ่ง หรือที่ฝ่ายใดฝ่ายหนึ่งได้มาระหว่างสมรสโดยการรับมรดก หรือโดยการให้โดยเสน่หา หรือทรัพย์สินที่เป็นของหมั้น.
สินสอด 0,น.,เงินที่ฝ่ายชายให้แก่บิดามารดาหญิงที่จะแต่งงานเป็นค่านํ้านม ข้าวป้อน
สินสอด 1,น.,ทรัพย์สินซึ่งฝ่ายชายให้แก่บิดามารดา ผู้รับบุตรบุญธรรมหรือผู้ปกครองฝ่ายหญิง แล้วแต่กรณี เพื่อตอบแทนการที่หญิงยอมสมรส
สินสอด 2,น.,สินบน.
สิ้นสังขาร 0,ก.,ตาย เช่น ร้องประกาศแก่พหลพลยักษ์ อันรามลักษมณ์สุดสิ้นสังขาร (รามเกียรติ์).
สิ้นสุด 0,ก.,"ถึงที่สุด, จบ, เช่น การแข่งขันบาสเกตบอลสิ้นสุดลงเมื่อเวลา ๑๘.๐๐ น. การเจรจายุติสงครามสิ้นสุดลงแล้ว, สุดสิ้น ก็ว่า."
สิ้นไส้สิ้นพุง 0,ว.,อาการที่เปิดเผยโดยมิได้ปิดบังอำพราง เช่น ผู้ร้ายสารภาพจนสิ้นไส้สิ้นพุง
สิ้นไส้สิ้นพุง 1,ว.,หมดความรู้
สิ้นไส้สิ้นพุง 2,ว.,"ที่ออกมาจนหมดท้อง เช่น เขาเมารถ อาเจียนเสียสิ้นไส้สิ้นพุง, หมดไส้หมดพุง ก็ว่า."
สิ้นหวัง 0,ก.,"ไม่มีความหวังเหลืออยู่เลย, หมดหวัง ก็ว่า."
สินหัวบัวนาง 0,น.,สินสอดที่ตกเป็นของหญิงในกรณีที่หญิงได้เสียตัวแก่ชายและชายนั้นได้ตายไปโดยยังมิได้แต่งการมงคล ตามข้อความที่ว่า ถ้าหญิงได้เสียตัวแก่ชาย ๆ ตายสีนสอดนั้นให้ตกอยู่แก่หญิงจงสิ้น เพราะว่าสีนนั้นเปนสีนหัวบัวนาง (สามดวง).
สินไหม 0,น.,ค่าเสียหายที่ฝ่ายแพ้คดีต้องจ่ายให้แก่ผู้ชนะคดี.
สินไหมทดแทน 0,น.,สิ่งที่ให้หรือการกระทำที่ทำ เพื่อชดใช้หรือทดแทนความเสียหายที่เกิดขึ้นแก่ทรัพย์สินหรือแก่บุคคลอันเนื่องมาจากการละเมิดหรือการผิดสัญญา รวมทั้งการคืนทรัพย์สินให้แก่ผู้เสียหายด้วย.
สิ้นอายุขัย 0,ก.,ตาย (มักใช้แก่ผู้สูงอายุ).
สินาด 0,น.,"หน้าไม้, ปืน."
สินิทธ์ 0,ว.,"สนิท, เกลี้ยงเกลา, อ่อนโยน, รักใคร่."
สินี 0,น.,นางผู้มีผิวเนื้อขาวงาม.
สิเนรุ 0,น.,ชื่อหนึ่งของเขาพระสุเมรุ.
สิเนหก 0,น.,เพื่อน.
สิเนหนียะ 0,ว.,น่ารัก.
สิเนหะ 0,น.,"ความรัก, ความมีเยื่อใย, เช่น เขาให้สร้อยเส้นนี้แก่ฉันด้วยความสิเน่หา."
สิเนหา 0,น.,"ความรัก, ความมีเยื่อใย, เช่น เขาให้สร้อยเส้นนี้แก่ฉันด้วยความสิเน่หา."
สิเน่หา 0,น.,"ความรัก, ความมีเยื่อใย, เช่น เขาให้สร้อยเส้นนี้แก่ฉันด้วยความสิเน่หา."
สิบ 0,น.,จำนวนเก้าบวกหนึ่ง
สิบ 1,น.,เรียกเดือนที่ ๑๐ ทางจันทรคติ ว่า เดือน ๑๐ ตกในราวเดือนกันยายน.
สิบ 2,น.,ยศทหารบกหรือตำรวจชั้นประทวน ต่ำกว่าจ่า เช่น สิบตรี สิบตำรวจโท.
สิบเบี้ยใกล้มือ 0,น.,ของเล็กน้อยที่จะได้แน่ ๆ ควรเอาไว้ก่อน.
สิบปากว่าไม่เท่าตาเห็น 0,น.,การได้ยินได้ฟังจากผู้อื่นหลาย ๆ คน ก็ไม่เท่ากับพบเห็นด้วยตนเอง.
สิบแปดมงกุฎ 0,น.,เหล่าเสนาวานรของกองทัพพระรามในเรื่องรามเกียรติ์ มี ๑๘ ตน
สิบแปดมงกุฎ 1,น.,โดยปริยายหมายถึงพวกมิจฉาชีพที่ทำมาหากินโดยใช้เล่ห์เหลี่ยมกลอุบายหลอกลวงผู้อื่น.
สิบพ่อค้าไม่เท่าพระยาเลี้ยง 0,น.,พ่อค้าหลายคนเลี้ยงก็สู้ขุนนางผู้ใหญ่คนเดียวเลี้ยงไม่ได้.
สิบสองพระกำนัล 0,น.,นางพระกำนัลที่มีหน้าที่รับใช้พระมหากษัตริย์ มี ๑๒ ตำแหน่ง ได้แก่ กำนัลรับพระหัตถ์ กำนัลพระขันหมาก กำนัลน้ำเสวย กำนัลพัชนี กำนัลพระสำอาง กำนัลพระมาลา กำนัลพระบังคน กำนัลพระไสยาสน์ กำนัลทิพยรส กำนัลพระโภชน์ กำนัลพระโอษฐ์ และกำนัลทาพระองค์.
สิบห้าหยก ๆ สิบหกหย่อน ๆ 0,น.,หญิงที่อยู่ในวัยแรกรุ่น.
สิปปะ 0,น.,ศิลปะ.
สิพนะ 0,น.,การเย็บ.
สิมพลี 0,น.,ไม้งิ้ว.
สิร- 0,น.,"หัว, ยอด, ที่สุด."
สิระ 0,น.,"หัว, ยอด, ที่สุด."
สิริ 0,ก.,"ผสม เช่น สามีภรรยาสิริอายุเข้าด้วยกัน ๑๕๐ ปี, รวม เช่น สิริอายุได้ ๗๒ ปี."
สิริ 1,น.,"ศรี, มิ่งขวัญ, มงคล, เช่น สิริราชสมบัติ, มักใช้เข้าคู่กับคำ มงคล เป็น สิริมงคล"
สิริ 2,น.,"สวย, งาม, เช่น ทรงมีพระสิริโฉม."
สิรินธรวัลลี 0,น.,ชื่อไม้เถาเนื้อแข็งชนิด Bauhinia sirindhorniae K. Larsen et S.S. Larsen ในวงศ์ Leguminosae ใบมัน ดอกเล็ก สีเหลืองอมส้มถึงแดง มีขนสีน้ำตาลแดง ฝักแบนรูปขอบขนาน มีขนสีน้ำตาลแดงคลุมแน่น ตั้งชื่อวิทยาศาสตร์เพื่อเทิดพระเกียรติสมเด็จพระเทพรัตนราชสุดาฯ สยามบรมราชกุมารี.
สิรี 0,น.,"ศรี, มิ่งขวัญ, มงคล, เช่น สิริราชสมบัติ, มักใช้เข้าคู่กับคำ มงคล เป็น สิริมงคล"
สิรี 1,น.,"สวย, งาม, เช่น ทรงมีพระสิริโฉม."
สิโรดม 0,น.,"หัว, เบื้องสูงสุดของหัว."
สิโรดม 1,น.,"หัว, ยอด, ที่สุด."
สิโรตม์ 0,น.,"หัว, เบื้องสูงสุดของหัว."
สิโรตม์ 1,น.,"หัว, ยอด, ที่สุด."
สิลา 0,น.,"หิน, หินก้อน."
สิโลก 0,น.,"โศลก, บทสรรเสริญยกย่อง"
สิโลก 1,น.,"ชื่อเสียง, เกียรติยศ."
สิ่ว 0,น.,ชื่อเครื่องมือของช่างไม้ช่างทองเป็นต้น มีทั้งชนิดมีคมและไม่มีคม สำหรับใช้ตอก เจาะ สลัก เซาะ ดุน แร เป็นต้น.
สิว 0,น.,ตุ่มเม็ดเล็ก ๆ ที่มีหนองเป็นไตสีขาว ๆ อยู่ข้างใน มักขึ้นตามหน้า.
สิว- 0,น.,"ความดี, สิริมงคล"
สิว- 1,น.,"พระศิวะ, พระอิศวร."
สิ่วน่อง 0,น.,สิ่วชนิดหนึ่งตัวหนาเป็นสี่เหลี่ยม มีคม.
สิวเสี้ยน 0,น.,สิวเม็ดเล็ก ๆ หัวสิวมักขาว เมื่อบีบหัวสิวจะเคลื่อนออกมาลักษณะเหมือนเสี้ยน มีมากบริเวณจมูก.
สิวหัวช้าง 0,น.,สิวที่เป็นตุ่มใหญ่ มีสีแดง เพราะอักเสบค่อนข้างรุนแรงจากเชื้อแบคทีเรีย อาจมีหนองและปวด มักขึ้นบริเวณแก้มและจมูก.
สิวะ 0,น.,"ความดี, สิริมงคล"
สิวะ 1,น.,"พระศิวะ, พระอิศวร."
สิวาลัย 0,น.,"ศิวาลัย, ที่ประทับของพระศิวะ"
สิวาลัย 1,น.,ที่อยู่อันเกษมสุข.
สิวาลัย 2,น.,"พระศิวะ, พระอิศวร."
สิวิกา 0,น.,"วอ, เสลี่ยง, คานหาม."
สี่ 0,น.,จำนวนสามบวกหนึ่ง
สี่ 1,น.,เรียกเดือนที่ ๔ ทางจันทรคติว่า เดือน ๔ ตกในราวเดือนมีนาคม.
สี้ 0,น.,"ยาย้อมฟัน ทำจากกะลามะพร้าวเผาไฟแล้วบดให้ละเอียด ใช้สีเพื่อให้ฟันดำเป็นมัน, ชี่ ก็เรียก."
สี 0,น.,ชื่อเครื่องสำหรับหมุนบดข้าวเปลือกเพื่อทำให้เปลือกแตกเป็นข้าวกล้อง.
สี 1,ก.,"ครู่, รู่"
สี 2,ก.,"ครูด, ถู เช่น ช้างเอาตัวสีกับต้นไม้ ลมพัดแรงทำให้ลำไม้ไผ่สีกัน, ชัก เช่น สีซอ"
สี 3,ก.,ทำให้เปลือกออกด้วยเครื่องอย่างสีข้าว.
สี 4,น.,ลักษณะของแสงสว่าง ปรากฏแก่ตาให้เห็นเป็น ขาว ดำ แดง เขียว เป็นต้น
สี 5,น.,สิ่งที่ทำให้ตาเห็นเป็น ขาว ดำ แดง เขียว เป็นต้น เช่น สีทาบ้าน สีย้อมผ้า สีวาดภาพ.
สี 6,น.,ปีมะโรง.
สีกรุด 0,น.,"ชื่อปลาทะเลทุกชนิดในสกุล Pomadasysวงศ์ Haemulidae หรือ Pomadasyidae โดยเฉพาะชนิด P. maculatus (Bloch) ลำตัวป้อม แบนข้าง เกล็ดเป็นแบบเกล็ดหนาม บริเวณใต้คางมีรู ๒ รู ลำตัวสีเงิน ใกล้แนวสันหลังมีสีน้ำตาลอ่อนและมีแต้มสีน้ำตาลเข้มกระจายอยู่ตอนบนของลำตัว ปลาในสกุลนี้ทั้งขณะอยู่ในน้ำและเมื่อขึ้นพ้นน้ำจะทำเสียงได้จากการขบฟันที่บริเวณคอรวมทั้งการหดและขยายตัวของถุงลมและกล้ามเนื้อ โดยถุงลมยังทำให้เสียงก้องขึ้นอีกด้วย ขนาดยาวได้ถึง ๕๐ เซนติเมตร, มโหรี กระต่ายขูด กะทิขูด หรือ หัวขวาน ก็เรียก."
สีกา 0,น.,"คำที่บรรพชิตเรียกคฤหัสถ์ผู้หญิง, คู่กับ ประสก."
สีกุน 0,น.,"ชื่อหนึ่งของปลาทะเลหลายชนิดหลายสกุล ที่มีขนาดเล็กหรือขนาดกลาง ในวงศ์ Carangidae ในกลุ่มปลาหางแข็ง หางกิ่ว หรือม่ง ที่มีแถบสีเหลืองพาดจากตาถึงคอดหาง หรือมีสีเหลือบเหลืองบนข้างตัว มักมีจุดสีดำที่มุมแผ่นปิดเหงือก อาศัยอยู่เป็นฝูงใหญ่หรือเล็กใกล้ฝั่ง ส่วนใหญ่เป็นชนิดในสกุล Selaroides ซึ่งมีชนิดเดียว คือ S. leptolepis (Cuvier) และชนิดในสกุล Alepis, Selarส่วนสกุล Atuleมีชนิดเดียวคือ A. mate (Cuvier) ปลาเหล่านี้มีขนาดยาว ๑๔-๒๗ เซนติเมตร."
สีขน 0,น.,ชื่อหนึ่งของปลาทะเลหลายชนิดหลายสกุล ในวงศ์ Carangidae อยู่ในกลุ่มปลาหางแข็ง สีกุน หรือม่ง ลักษณะสำคัญคือ ลำตัวเพรียว แบนข้างเล็กน้อย หน้าครีบก้นมีหนามแข็ง ๒ อันพับได้ คอดหางแคบมาก เกล็ดบนเส้นข้างตัวที่คอดหางใหญ่เป็นเหลี่ยมแข็ง อยู่รวมกันเป็นฝูง เช่น ชนิด Atule mate (Cuvier) ซึ่งมีขนาดยาวได้ถึง ๒๕ เซนติเมตร ส่วนชนิดที่ใหญ่และยาวกว่าชนิดแรกมากคือ Caranx sexfasciatus Quoy & Gaimard ขนาดยาวได้ถึง ๗๘ เซนติเมตร สำหรับชนิดหลังนี้ สีขน ก็เรียก.
สีข้าง 0,น.,ข้างทั้ง ๒ ของร่างกาย ถัดรักแร้ลงมาถึงสะเอว.
สีฆ- 0,ว.,"เร็ว, ไว."
สีจัก 0,น.,"ขวัญที่แสกหน้า ถือว่าเป็นลักษณะไม่ดีของผู้หญิง ๑ ใน ๓ อย่าง คือ สีจัก ยักหล่ม ถ่มร้าย, ฝีจัก ก็ว่า."
สีจาง 0,น.,สีที่เจือสีขาวเพื่อลดประกายสดใสให้อ่อนลง อย่างสีแดงเจือสีขาว เป็นสีชมพู.
สีชมพูดง 0,น.,"ชื่อนกขนาดเล็ก ในวงศ์ Estrildidae ปากสั้นหนารูปกรวยปลายแหลม หัวกลม ลำตัวอ้วนป้อม มีหลายสี ปลายหางแหลม ใช้หญ้าทำรังเป็นรูปกลมอยู่บนพุ่มไม้เตี้ย ๆ หรือกอหญ้า ปากรังอยู่ทางด้านข้าง กินเมล็ดพืช มีหลายชนิด ที่พบมาก คือ กระติ๊ดขี้หมู [ Lonchura punctulata (Linn.)] ชนิดอื่น ๆ เช่น กระติ๊ดเขียวหรือไผ่ [ Erythrura prasina (Sparrman)] กระติ๊ดแดงหรือสีชมพูดง [ Amandava amandava (Linn.)] กระติ๊ดท้องขาว[ Lonchura leucogastra (Blyth)], กะทิ ก็เรียก."
สีชมพูสวน 0,น.,ชื่อนกขนาดเล็กมากชนิด Dicaeumcruentatum (Linn.) ในวงศ์ Dicaeidae ปากสั้น หางสั้น ตัวผู้มีสีขาวที่ด้านล่างลำตัว มีแถบสีแดงเด่นตั้งแต่กระหม่อมไปยังท้ายทอยถึงกลางหลังและโคนขนหาง ตัวเมียสีน้ำตาลอมเทา มีแถบสีแดงที่ตะโพกและโคนขนหาง ทำรังเป็นรูปถ้วยด้วยดอกหญ้าและใยแมงมุมบนกิ่งไม้ กินน้ำต้อยและแมลง.
สีชอล์ก 0,น.,สีสำหรับวาดเขียนชนิดหนึ่ง ทำขึ้นจากผงสีผสมกับยางสนหรือกาวบางชนิด อัดเป็นแท่งกลม ขนาดสั้น ๆ.
สีซอให้ควายฟัง 0,ก.,สั่งสอนแนะนำคนโง่มักไม่ได้ผล เสียเวลาเปล่า.
สีด 0,ก.,สูดเข้าไป เช่น สีดน้ำมูก.
สีดอ 0,น.,ชื่อเรียกช้างตัวผู้ที่ไม่มีงาหรืองาสั้น.
สีดา 0,น.,ชื่อตัวเอกในเรื่องรามเกียรติ์ เป็นมเหสีของพระราม.
สีต- 0,ว.,"เย็น, หนาว."
สีต้น 0,น.,"ชีต้น, พระสงฆ์."
สีตล- 0,ว.,"เย็น, หนาว."
สีตลรัศมี 0,ว.,มีรัศมีเย็น หมายถึง พระจันทร์ คู่กับ อุษณรัศมี มีรัศมีร้อน หมายถึง พระอาทิตย์.
สีตลหฤทัย 0,ว.,มีใจเยือกเย็น.
สีตโลทก 0,น.,นํ้าเย็น.
สีตโลทก 1,น.,"เย็น, หนาว."
สีโตทก 0,น.,นํ้าเย็น.
สีโตทก 1,น.,"เย็น, หนาว."
สีถ่าน 0,น.,ถ่านสำหรับวาดเขียน ทำขึ้นจากไม้เนื้ออ่อนชิ้นเล็ก ๆ ที่เผาหรืออบด้วยความร้อนจนเป็นสีดำสนิท มีทั้งชนิดเป็นแท่งและเป็นผง.
สีทันดร 0,น.,ชื่อทะเล ๗ แห่ง อยู่ระหว่างภูเขาพระสุเมรุกับภูเขายุคนธร ๑ ระหว่างภูเขายุคนธรกับภูเขาอิสินธร ๑ ระหว่างภูเขาอิสินธรกับภูเขากรวิก ๑ ระหว่างภูเขากรวิกกับภูเขาสุทัสนะ ๑ ระหว่างภูเขาสุทัสนะกับภูเขาเนมินธร ๑ ระหว่างภูเขาเนมินธรกับภูเขาวินตกะ ๑ ระหว่างภูเขาวินตกะกับภูเขาอัสกัณ ๑. (ดู บริภัณฑ์ ๑).
สีเทียน 0,น.,สีสำหรับวาดเขียนชนิดหนึ่ง ทำขึ้นจากผงสีผสมกับขี้ผึ้ง อัดเป็นแท่งกลมขนาดสั้น ๆ.
สีน้ำ 0,น.,สีสำหรับระบายชนิดหนึ่ง ใช้น้ำเจือให้ละลายก่อนจะใช้ระบาย.
สีน้ำมัน 0,น.,สีสำหรับระบายรูปหรือใช้ทาผนังชนิดหนึ่ง ทำขึ้นมาจากผงสีผสมกับน้ำมันลินสีดเป็นต้น มีลักษณะข้นและเหนียวไม่ละลายน้ำ.
สี่บท 0,น.,ชื่อเพลงไทยอัตรา ๒ ชั้น หน้าทับปรบไก่ เดิมชื่อเพลงอังคารสี่บท
สี่บท 1,น.,ชื่อเพลงไทยประเภทเพลงเถา.
สีโปสเตอร์ 0,น.,สีสำหรับระบายชนิดหนึ่ง ทำขึ้นจากผงสีชนิดที่เรียกว่า สีฝุ่น ผสมกับกาวหนังสัตว์ ยางไม้ หรือ ไข่แดง เนื้อสีค่อนข้างข้น.
สีผึ้ง 0,น.,"ขี้ผึ้งที่ปรุงแล้วใช้สำหรับสีปาก, บางทีเรียกว่า สีผึ้งสีปาก."
สีฝัด 0,น.,ชื่อเครื่องฝัดข้าวโดยใช้หมุนกงพัดให้เกิดลมพัดแกลบและรำออกจากเมล็ดข้าว.
สีฝุ่น 0,น.,สีสำหรับระบายชนิดหนึ่ง ทำขึ้นจากผงสีซึ่งมีลักษณะละเอียด เนื้อสีค่อนข้างข้น.
สีฟันคนทา 0,น.,"ชื่อไม้พุ่มชนิด Harrisonia perforata (Blanco) Merr. ในวงศ์ Simaroubaceae มักขึ้นเป็นหมู่ในป่าโปร่ง สูงได้ถึง ๘ เมตร มีหนามทั่วต้น ใบคล้ายมะขวิดแต่เขื่องกว่า ดอกสีขาว ผลกลมแป้นขนาดราวหัวแม่มือ ทุกส่วนมีรสขม ใช้ทำยาได้ กิ่งใช้ทำไม้สีฟัน, สีฟันคนทา หรือ กะลันทา ก็เรียก, พายัพเรียก จี้ หรือ หนามจี้."
สีฟันนางแอ 0,น.,"ชื่อไม้ต้นขนาดใหญ่ชนิด Carallia brachiata (Lour.) Merr. ในวงศ์ Rhizophoraceae เนื้อไม้ใช้ทำเครื่องเรือน, คอแห้ง เขียงพระนางอี่ เขียงพร้า สันพร้านางแอ หรือ สีฟันนางแอ ก็เรียก."
สีไฟ 0,ก.,เอาไม้ไผ่แห้ง ๒ อันถูกันให้เกิดเป็นไฟ.
สีไฟ 1,น.,เรียกไม้ที่สีให้เกิดไฟ ว่า ไม้สีไฟ.
สีไฟ 2,น.,เรียกโรงงานที่สีข้าวด้วยเครื่องจักรว่า โรงสีไฟ.
สีมันต์ 0,น.,"เขต, แดน."
สีมา 0,น.,"เขต, แดน"
สีมา 1,น.,"เครื่องหมายบอกเขตโบสถ์ มักทำด้วยแผ่นหินหรือหลักหินเป็นต้น เรียกว่า ใบพัทธสีมา, ใบสีมา หรือ ใบเสมา ก็ว่า."
สีมือ 0,น.,ชื่อเครื่องสำหรับใช้มือหมุนบดข้าวเปลือกเพื่อทำให้เปลือกแตกเป็นข้าวกล้อง มีลักษณะคล้ายโม่.
สีลม 0,น.,ชื่อเครื่องสีข้าวซึ่งใช้กำลังลมหมุนใบพัดให้หมุนเครื่องจักร.
สีลมัย 0,ว.,"สำเร็จด้วยศีล, แล้วไปด้วยศีล, เป็นธรรมข้อ ๑ ในบุญกิริยาวัตถุ."
สีละมัน 0,น.,"ชื่อไม้ต้นชนิด Litchi chinensis Sonn. ในวงศ์ Sapindaceae ผลกลม สีแดง รสเปรี้ยว ๆ หวาน ๆ มีหลายพันธุ์ เช่น กะเทยนางหมั่น โอเฮียะ กิมเจ็ง, สีละมัน ก็เรียก. (จ. ลีจี)."
สีวิกา 0,น.,"วอ, เสลี่ยง, คานหาม."
สีวิกา 1,น.,"สิวิกา, วอ, เสลี่ยง, คานหาม."
สีสด 0,น.,สีแท้หรือสีที่เปล่งประกายสดใสอย่างสีแดง เหลือง ส้ม เขียว.
สีสวรรค์ 0,น.,สีสำหรับย้อมผ้าหรือกระดาษ ลักษณะเป็นผงละเอียด ละลายนํ้าได้ มีสมบัติติดทน และสีสดใส.
สีสอ 0,น.,"ชื่อไม้พุ่มชนิด Vitex trifolia L. ในวงศ์ Labiatae มักขึ้นในที่โล่งริมนํ้า สูงได้ถึง ๖ เมตร ใบเป็นใบประกอบ มีใบย่อย ๓ ใบ ท้องใบสีนวล เมื่อขยี้มีกลิ่นฉุน ดอกสีครามอ่อน ใช้ทำยาได้, คนทิสอ โคนดินสอ หรือ สีสอ ก็เรียก, พายัพเรียก สีเสื้อน้อย หรือ ผีเสื้อน้อย."
สีสะ 0,น.,ตะกั่ว.
สีสะ 1,น.,ศีรษะ.
สีสัน 0,น.,"สีต่าง ๆ เช่น เสื้อผ้าร้านนี้มีสีสันสดใสดี, เดิมใช้เข้าคู่กับ วรรณะ เป็น สีสันวรรณะ, โดยปริยายหมายความว่า มีชีวิตชีวา มีจุดเด่น หรือมีลักษณะเด่น เช่น เขาจัดงานเลี้ยงได้อย่างมีสีสัน นวนิยายเรื่องนี้เขียนได้อย่างมีสีสัน."
สีสา 0,ว.,ประสีประสา (มักใช้ในประโยคปฏิเสธ) เช่น เด็กคนนี้พูดจาไม่รู้สีสา อย่าถือสาเลย.
สีสุก 0,น.,ชื่อไผ่ ๒ ชนิดในสกุล Bambusa วงศ์ Gramineae แขนงมีหนาม คือ ชนิด B. blumeanaSchult. f. ลำต้นใหญ่ตรง และชนิด B. flexuosaMunro ลำต้นเล็กไม่ค่อยตรง.
สีเสียด 0,น.,"ชื่อไม้ต้นชนิด Acacia catechu (L.F.) Willd. ในวงศ์ Leguminosae กิ่งมีหนาม เนื้อไม้ให้สารที่เรียกว่า สีเสียด ใช้ผสมปูนกินกับหมาก ย้อมผ้า และฟอกหนัง, สีเสียดแก่น หรือ สีเสียดเหนือ ก็เรียก."
สีเสียด 1,น.,"ชื่อไม้ต้นชนิด Pentace burmanica Kurz ในวงศ์ Tiliaceae เปลือกรสขมฝาดใช้กินกับหมาก, สีเสียดเปลือก ก็เรียก."
สีเสียด 2,น.,สารที่สกัดได้จากเนื้อไม้ของต้นสีเสียด [Acacia catechu (L.F.) Willd.] หรือจากใบและกิ่งของต้นกะเมีย ชนิดหลัง สีเสียดเทศ ก็เรียก.
สีเสียด 3,น.,ชื่อปลาทะเลชนิด Scomberoides lysan (Forsskål) ในวงศ์ Carangidae ลำตัวแบนข้างตัวเรียวเล็กกว่าปลาสละและปลาเฉลียบ แต่พอ ๆ กับปลาขานกยางซึ่งทั้งหมดอยุ่ในสกุลเดียวกัน ลำตัวด้านบนสีเงินเทา ด้านข้างสีเงิน ขนาดยาวได้ถึง ๕๘ เซนติเมตร.
สีเสียด 4,น.,"ชื่อแมลงพวกมวนชนิด Sphaerodema rusticum (Fabricius) และ S. molestum (Dufour) ในวงศ์ Belostomatidae ลักษณะคล้ายแมลงดานาแต่ตัวเล็กกว่ามาก ลำตัวยาวประมาณ ๑.๕ เซนติเมตร ตัวอ่อนอยู่ในน้ำ กินแมลงหรือสัตว์น้ำขนาดเล็ก ตัวเต็มวัยมักบินเข้าหาแสงไฟ เพศเมียวางไข่บนหลังเพศผู้เป็นกลุ่มยึดติดกันด้วยสารเหนียว นำมาคั่วกับเกลือกินได้, แมลงดาสวน สีเสียด แมลงสีเสียด มวนหลังไข่ หรือ มวนก้าน ก็เรียก"
สีเสียดแก่น 0,น.,"ชื่อไม้ต้นชนิด Acacia catechu (L.F.) Willd. ในวงศ์ Leguminosae กิ่งมีหนาม เนื้อไม้ให้สารที่เรียกว่า สีเสียด ใช้ผสมปูนกินกับหมาก ย้อมผ้า และฟอกหนัง, สีเสียดแก่น หรือ สีเสียดเหนือ ก็เรียก."
สีเสียดเทศ 0,น.,สารที่สกัดได้จากเนื้อไม้ของต้นสีเสียด [Acacia catechu (L.F.) Willd.] หรือจากใบและกิ่งของต้นกะเมีย ชนิดหลัง สีเสียดเทศ ก็เรียก.
สีเสียดเปลือก 0,น.,"ชื่อไม้ต้นชนิด Pentace burmanica Kurz ในวงศ์ Tiliaceae เปลือกรสขมฝาดใช้กินกับหมาก, สีเสียดเปลือก ก็เรียก."
สีเสียดเหนือ 0,น.,"ชื่อไม้ต้นชนิด Acacia catechu (L.F.) Willd. ในวงศ์ Leguminosae กิ่งมีหนาม เนื้อไม้ให้สารที่เรียกว่า สีเสียด ใช้ผสมปูนกินกับหมาก ย้อมผ้า และฟอกหนัง, สีเสียดแก่น หรือ สีเสียดเหนือ ก็เรียก."
สีเสื้อน้อย 0,น.,ต้นคนทีสอ. (ดู คนทีสอ ที่ คนที ๒).
สีห์ 0,น.,"ราชสีห์ เช่น ราชสีห์อาจจะตั้งใจหมายความว่า สีหะ ตัวที่เป็นนายฝูง (สาส์นสมเด็จ). (ดู สิงห-, สิงห์)."
สีห- 0,น.,"ราชสีห์ เช่น ราชสีห์อาจจะตั้งใจหมายความว่า สีหะ ตัวที่เป็นนายฝูง (สาส์นสมเด็จ). (ดู สิงห-, สิงห์)."
สีหน้า 0,น.,อารมณ์ที่ปรากฏทางหน้า เช่น วันนี้สีหน้าเขาไม่ดีเลย คงจะโกรธใครมา พอถูกดุก็ทำสีหน้าไม่พอใจ.
สีหนาท 0,น.,สิงหนาท.
สีหบัญชร 0,น.,หน้าต่างที่พระมหากษัตริย์เสด็จออกให้เข้าเฝ้า เช่น สีหบัญชรที่พระที่นั่งอนันตสมาคม พระราชวังดุสิต สีหบัญชรที่พระที่นั่งสุทไธศวรรย์ปราสาท ในพระบรมมหาราชวัง.
สีหม่น 0,น.,สีที่เจือสีดำเพื่อลดประกายสดใสให้คล้ำลง อย่างสีแดงเจือสีดำ เป็นสีแดงเลือดหมู.
สีหราช 0,น.,"พญาราชสีห์, สิงหราช ก็ว่า."
สีหไสยา 0,น.,ท่านอนอย่างราชสีห์ คือ นอนตะแคงขวา แขนซ้ายพาดไปตามลำตัว เท้าซ้ายซ้อนบนเท้าขวา มือขวารองรับศีรษะด้านข้าง.
สีหไสยาสน์ 0,น.,ท่านอนอย่างราชสีห์ คือ นอนตะแคงขวา แขนซ้ายพาดไปตามลำตัว เท้าซ้ายซ้อนบนเท้าขวา มือขวารองรับศีรษะด้านข้าง.
สีหะ 0,น.,"ราชสีห์ เช่น ราชสีห์อาจจะตั้งใจหมายความว่า สีหะ ตัวที่เป็นนายฝูง (สาส์นสมเด็จ). (ดู สิงห-, สิงห์)."
สี่เหลี่ยม 0,น.,รูปเหลี่ยมที่มีด้านโดยรอบเป็นเส้นตรง ๔ เส้น ปลายเส้นจดกัน.
สี่เหลี่ยมขนมเปียกปูน 0,น.,"รูปสี่เหลี่ยมด้านขนานที่มีด้านทั้ง ๔ ยาวเท่ากัน แต่ไม่มีมุมภายในเป็นมุมฉาก, สี่เหลี่ยมข้าวหลามตัด ก็เรียก."
สี่เหลี่ยมข้าวหลามตัด 0,น.,สี่เหลี่ยมขนมเปียกปูน.
สี่เหลี่ยมคางหมู 0,น.,รูปสี่เหลี่ยมด้านขนานที่มีด้านขนานกันเพียงคู่เดียว.
สี่เหลี่ยมจัตุรัส 0,น.,รูปสี่เหลี่ยมด้านเท่าที่มีมุมภายในเป็นมุมฉาก.
สี่เหลี่ยมด้านขนาน 0,น.,รูปสี่เหลี่ยมที่มีด้านคู่ตรงข้ามขนานกัน.
สี่เหลี่ยมด้านไม่เท่า 0,น.,รูปสี่เหลี่ยมที่ไม่มีด้านเท่ากันเลย.
สี่เหลี่ยมผืนผ้า 0,น.,รูปสี่เหลี่ยมด้านขนานที่มีด้านขนานคู่หนึ่งยาวกว่าอีกคู่หนึ่ง และมีมุมภายในเป็นมุมฉาก.
สึก 0,ก.,"กร่อนไป, ร่อยหรอไป, เช่น รองเท้าสึก บันไดสึก."
สึก 1,ก.,"ลาสิกขา, ลาสึก ก็ว่า."
สึก 2,น.,"การรู้ตัว, การระลึกได้, การจำได้, มักใช้ควบกับคำ รู้ เป็น รู้สึก และแผลงว่า สำนึก ก็มี."
สึกหรอ 0,ก.,"กร่อนไป เช่น เครื่องจักรสึกหรอ, โดยปริยายหมายถึงอาการที่คล้ายคลึงเช่นนั้น เช่น การด่าว่าไม่ทำให้สึกหรออะไร."
สึง 0,ก.,"สิง, อยู่, ประจำ, แทรก. (ดู สิง ๑)."
สืบ 0,ก.,ต่อเนื่องเป็นลำดับ เช่น สืบราชสมบัติ สืบตระกูล.
สืบ 1,ก.,"เสาะหา, แสวงหา, เช่น สืบความลับ สืบข้อเท็จจริง สืบข่าว."
สืบค้น 0,ก.,ค้นหาเรื่องใดเรื่องหนึ่งหรือสิ่งใดสิ่งหนึ่งอย่างต่อเนื่องจนกว่าจะได้ผล เช่น สืบค้นหาสมบัติตามลายแทง.
สืบเชื้อสาย 0,ก.,"สืบสกุล, สืบสาย ก็ว่า."
สืบทอด 0,ก.,รับช่วงปฏิบัติต่อ เช่น เขาสืบทอดความรู้มาจากบรรพบุรุษ.
สืบเท้า 0,ก.,เหยียดขาเลื่อนเท้าไปข้างหน้าโดยไม่งอเข่า เช่น สืบเท้าก้าวเดินไป ตำรวจสืบเท้าเข้าไปประชิดตัวผู้ร้าย.
สืบไป 0,ว.,"ต่อไป, ต่อเนื่องไป, เช่น ขอให้ดำเนินงานสืบไป ขอให้อยู่เป็นสุขสืบไปชั่วกาลนาน."
สืบพยาน 0,ก.,กระบวนการแสวงหาความจริงในศาล โดยวิธีแสดงพยานหลักฐานต่อศาลหรือนำพยานมาให้ถ้อยคำต่อศาล.
สืบพันธุ์ 0,ก.,ทำให้เกิดลูกหลานสืบเนื่องต่อไป.
สืบพันธุ์แบบไม่อาศัยเพศ 0,ก.,สืบพันธุ์โดยไม่ต้องมีการรวมตัวของเซลล์สืบพันธุ์ เช่น การแบ่งตัวของแบคทีเรีย.
สืบพันธุ์แบบอาศัยเพศ 0,ก.,สืบพันธุ์โดยการผสมของเซลล์สืบพันธุ์ เช่น การผสมของเชื้ออสุจิกับไข่ของเพศหญิง.
สืบราชบัลลังก์ 0,ก.,"เป็นพระมหากษัตริย์ต่อเนื่องแทน, สืบราชสมบัติ ก็ว่า."
สืบราชวงศ์ 0,ก.,สืบวงศ์พระมหากษัตริย์.
สืบราชสกุล 0,ก.,สืบตระกูลฝ่ายพระราชา.
สืบราชสมบัติ 0,ก.,"เป็นพระมหากษัตริย์ต่อเนื่องแทน, สืบราชบัลลังก์ ก็ว่า."
สืบราชสันตติวงศ์ 0,ก.,"ครองราชสมบัติสืบต่อจากพระมหากษัตริย์พระองค์ก่อนซึ่งอยู่ในราชวงศ์เดียวกัน เช่น กฎมณเฑียรบาลว่าด้วยการสืบราชสันตติวงศ์ พ.ศ. ๒๔๖๗, สืบสันตติวงศ์ ก็ว่า."
สืบศาสนา 0,ก.,ต่ออายุพระศาสนาให้ยั่งยืนสืบไป.
สืบสกุล 0,ก.,"สืบวงศ์ตระกูล, สืบเชื้อสาย."
สืบสวน 0,ก.,แสวงหาข้อเท็จจริงและหลักฐานซึ่งพนักงานฝ่ายปกครองหรือตำรวจได้ปฏิบัติไปตามอำนาจและหน้าที่ เพื่อรักษาความสงบเรียบร้อยของประชาชน และเพื่อที่จะทราบรายละเอียดแห่งความผิด.
สืบสันดาน 0,ก.,สืบเชื้อสายมาโดยตรง.
สืบสันตติวงศ์ 0,ก.,"ครองราชสมบัติสืบต่อจากพระมหากษัตริย์พระองค์ก่อนซึ่งอยู่ในราชวงศ์เดียวกัน, สืบราชสันตติวงศ์ ก็ว่า."
สืบสาย 0,ก.,"สืบสกุล, สืบเชื้อสาย ก็ว่า."
สืบสาว 0,ก.,สืบให้ได้เรื่องถึงที่สุด เช่น เรื่องนี้จะต้องสืบสาวหาตัวคนผิดให้ได้.
สืบสาวราวเรื่อง 0,ก.,ค้นคว้าให้ได้เรื่อง เช่น ไฟไหม้ครั้งนี้สืบสาวราวเรื่องได้ว่าเกิดจากไฟฟ้าลัดวงจร.
สืบเสาะ 0,ก.,"ค้นหา, แสวงหา, เช่น ตำรวจสืบเสาะหาแหล่งผลิตเฮโรอีน."
สืบเสาะและพินิจ 0,น.,การค้นหาและรวบรวมข้อเท็จจริงเกี่ยวกับบุคคลและนำมาวิเคราะห์วินิจฉัยตามหลักวิชาการทางสังคมสงเคราะห์ แพทย์ จิตวิทยา กฎหมาย และหลักวิชาการอื่นที่เกี่ยวข้องกับบุคคลและครอบครัวของบุคคลนั้น.
สืบหูก 0,ก.,ต่อหูก คือ เอาด้ายยาวที่จะทอเป็นผืนผ้ามาต่อกับด้ายซัง.
สื่อ 0,ก.,"ติดต่อให้ถึงกัน เช่น สื่อความหมาย, ชักนำให้รู้จักกัน."
สื่อ 1,น.,"ผู้หรือสิ่งที่ติดต่อให้ถึงกันหรือชักนำให้รู้จักกัน เช่น เขาใช้จดหมายเป็นสื่อติดต่อกัน กุหลาบแดงเป็นสื่อของความรัก, เรียกผู้ที่ทำหน้าที่ชักนำเพื่อให้ชายหญิงได้แต่งงานกัน ว่า พ่อสื่อ หรือ แม่สื่อ"
สื่อ 2,น.,วัสดุต่าง ๆ ที่นำมาสร้างสรรค์งานศิลปกรรม ให้มีความหมายตามแนวคิด ซึ่งศิลปินประสงค์แสดงออกเช่นนั้น เช่น สื่อผสม.
สื่อการศึกษา 0,น.,วิธีการ เครื่องมือ และอุปกรณ์ต่าง ๆ ที่ใช้เป็นสื่อในการศึกษา.
สื่อผสม 0,น.,วัสดุที่ใช้สำหรับการสร้างสรรค์งานทัศนศิลป์ร่วมกันตั้งแต่ ๒ ชนิดขึ้นไป เช่น สีน้ำที่มีคุณลักษณะบางสดใสกับสีโปสเตอร์ที่มีคุณสมบัติหนาทึบ ดินสอกับหมึก.
สื่อมวลชน 0,น.,"สื่อกลางที่นำข่าวสาร สาร และเนื้อหาสาระทุกประเภทไปสู่มวลชน เช่นหนังสือพิมพ์ วิทยุ โทรทัศน์ และภาพยนตร์, (ปาก) นักข่าว นักหนังสือพิมพ์ เป็นต้น."
สื่อสาร 0,ก.,นำถ้อยคำ ข้อความ หรือหนังสือ เป็นต้น ของฝ่ายหนึ่งส่งให้อีกฝ่ายหนึ่งโดยมีสื่อนำไป.
สื่อสารมวลชน 0,น.,กระบวนการติดต่อสื่อสารสู่มวลชนโดยส่งสารผ่านสื่อมวลชน.
สุ 0,ก.,"ซักสบงจีวรวิธีหนึ่งโดยใช้นํ้าร้อนหรือมะกรูดมะนาวเป็นต้น, มักใช้ว่า ซักสุ."
สุ 1,ว.,เสีย แต่ยังไม่เน่า (มักใช้แก่แตงโม) เช่น แตงโมใบนี้สุแล้ว แตงโมสุ ๆ.
สุ 2,*ว.,คำอุปสรรคในภาษาบาลีและสันสกฤต แปลว่า ดี งาม ง่าย สำหรับเติมข้างหน้าคำ เช่น สุคนธ์.
สุ ๆ 0,ว.,เสีย แต่ยังไม่เน่า (มักใช้แก่แตงโม) เช่น แตงโมใบนี้สุแล้ว แตงโมสุ ๆ.
สุก 0,ก.,"พ้นจากห่าม เช่น ผลไม้สุก, เปลี่ยนสภาพจากดิบด้วยกรรมวิธีต่าง ๆ อย่างต้ม ผัด ย่าง เป็นต้น เช่น ต้มไก่สุกแล้ว ย่างเนื้อให้สุก, ถึงระยะที่ได้ที่หรือแก่จัดแล้ว เช่น ข้าวในนาสุกเกี่ยวได้แล้ว ฝีสุกจนแตก ต้อสุกผ่าได้แล้ว, โดยปริยายหมายถึงอาการที่คล้ายคลึงเช่นนั้น เช่น ร้อนจนเนื้อตัวจะสุกแล้ว ถูกเขาต้มจนสุก, เรียกชายที่บวชเป็นพระภิกษุและสึกแล้ว ว่า คนสุก"
สุก 1,ก.,ปลั่งเป็นมันแวววาว เช่น ทองเนื้อสุกดี.
สุก 2,น.,"นกแก้ว, นกแขกเต้า."
สุก- 0,ว.,"ขาว, สว่าง, สะอาด, ดี, เช่น สุกธรรม."
สุก 3,ก.,เดินจบพ้นกระดานไปแล้ว (ใช้แก่การเล่นดวด).
สุก ๆ ดิบ ๆ 0,ว.,ยังไม่สุกทั่วกัน เช่น หุงข้าวสุก ๆ ดิบ ๆ.
สุกก่อนห่าม 0,ว.,ที่ทำสิ่งที่ยังไม่สมควรแก่วัยหรือยังไม่ถึงเวลา (มักหมายถึงการลักลอบได้เสียกันก่อนแต่งงาน) เช่น ใครเขาจะเอาเยี่ยงอย่างอีซนซุก อีสุกก่อนห่าม มันมาอยู่สักกี่วันกี่เดือน นี่มันจะมาตั้งเตือนต่อก่อความให้ขุ่นไปทั้งบ้าน (ม. ร่ายยาว ชูชก).
สุกข์ 0,ก.,"แห้ง, แล้ง."
สุกงอม 0,ก.,"แก่จัดจนเกือบเน่าหรือเละ เช่น มะม่วงสุกงอมคาต้น, โดยปริยายหมายความว่า เต็มที่ เช่น ความรักของเขาสุกงอม แก่แล้วก็เหมือนผลไม้ที่สุกงอม."
สุกดิบ 0,ว.,เรียกวันเตรียมงาน ซึ่งเป็นวันก่อนถึงกำหนดวันงานพิธี ๑ วัน ว่า วันสุกดิบ.
สุกแดด 0,ว.,ที่ถูกแดดเผาให้สุกก่อนเวลาที่ควรจะสุก (ใช้แก่ผลไม้) เช่น มะม่วงสุกแดด.
สุกปลั่ง 0,ว.,สุกใสเป็นมันแวววาว เช่น ทองสุกปลั่ง ขัดถาดทองเหลืองเสียสุกปลั่ง.
สุกร 0,น.,หมู (มักใช้เป็นทางการ) เช่น เนื้อสุกร สุกรชำแหละ.
สุกรม 0,น.,ชื่อต้นไม้ขนาดใหญ่ ใบรี ผลเมื่อสุกสีแดง ใช้ทำยา.
สุกใส 0,ว.,"แวววาว, แจ่มใส, เช่น ดวงตามีประกายสุกใส คืนนี้ท้องฟ้ามีดาวสุกใส."
สุกเอาเผากิน 0,ว.,"อาการที่ทำลวก ๆ, อาการที่ทำพอเสร็จไปคราวหนึ่ง ๆ เช่น เขาทำงานสุกเอาเผากิน พอให้พ้นตัวไป."
สุกำศพ 0,ก.,"การที่เจ้าพนักงานภูษามาลาหรือเจ้าพนักงานสนมพลเรือนเอาผ้าขาวห่อศพและใช้ด้ายดิบมัดตราสัง แล้วบรรจุศพลงโกศหรือหีบศพซึ่งมีกระดาษฟางปูรองรับ เช่น เจ้าหน้าที่จะสุกำศพ, ทำสุกำศพ ก็ว่า."
สุกียากี้ 0,น.,"ชื่ออาหารแบบญี่ปุ่นชนิดหนึ่ง ประกอบด้วยเนื้อสัตว์ เต้าหู้ และผักบางชนิด, ไทยนำมาดัดแปลงโดยใช้เนื้อสัตว์ ผักต่าง ๆ วุ้นเส้น และไข่ เป็นต้น ลวกในน้ำซุป กินกับน้ำจิ้ม, บางทีเรียกสั้น ๆ ว่า สุกี้."
สุข 0,น.,"ความสบายกายสบายใจ เช่น ขอให้อยู่ดีมีสุข เกิดมาก็มีสุขบ้างทุกข์บ้าง, มักใช้เข้าคู่กับคำ เป็น เช่น ขอให้อยู่เย็นเป็นสุข ขอให้เป็นสุข ๆ นะ."
สุข 1,ว.,สบายกายสบายใจ เช่น เดี๋ยวนี้เขาอยู่สุขสบายดี.
สุข- 0,น.,"ความสบายกายสบายใจ เช่น ขอให้อยู่ดีมีสุข เกิดมาก็มีสุขบ้างทุกข์บ้าง, มักใช้เข้าคู่กับคำ เป็น เช่น ขอให้อยู่เย็นเป็นสุข ขอให้เป็นสุข ๆ นะ."
สุข- 1,ว.,สบายกายสบายใจ เช่น เดี๋ยวนี้เขาอยู่สุขสบายดี.
สุขนาฏกรรม 0,น.,"วรรณกรรมโดยเฉพาะประเภทละครที่ลงท้ายด้วยความสุขหรือสมหวัง เช่นเรื่องอิเหนา ศกุนตลา ชิงนาง ปริศนา, โดยปริยายหมายถึงเรื่องราวหรือเหตุการณ์ทั่ว ๆ ไปที่ลงท้ายด้วยความสุขหรือสมหวัง เช่น ชีวิตเธอเป็นเหมือนนวนิยายสุขนาฏกรรม แม้จะตกระกำลำบากในวัยเด็ก แต่แล้วก็ได้พบกับความสุขสมหวังในบั้นปลายชีวิต."
สุขภัณฑ์ 0,น.,เครื่องอุปกรณ์ที่ใช้สำหรับห้องนํ้า เช่นอ่างล้างหน้า อ่างอาบน้ำ โถส้วม.
สุขภาพ 0,น.,ภาวะที่ปราศจากโรคภัยไข้เจ็บ เช่น อาหารเพื่อสุขภาพ การสูบบุหรี่เป็นอันตรายต่อสุขภาพ.
สุขลักษณะ 0,น.,ลักษณะที่ถูกต้องตามหลักปฏิบัติเพื่อความปราศจากโรคภัยไข้เจ็บ เช่น สร้างบ้านเรือนให้ถูกสุขลักษณะ มีอากาศถ่ายเทได้สะดวก ส้วมที่ถูกสุขลักษณะย่อมไม่แพร่กระจายเชื้อโรค.
สุขวิทยา 0,น.,วิชาวิทยาศาสตร์แขนงหนึ่งที่เกี่ยวข้องกับสุขศึกษา.
สุขศาลา 0,น.,"สถานบริการสาธารณสุขที่ไม่มีแพทย์ประจำ ให้บริการสาธารณสุขทุกสาขา และส่งเสริมป้องกันด้านอนามัยแก่ประชาชนในระดับตำบลและหมู่บ้าน, ปัจจุบันเรียกว่า สถานีอนามัย."
สุขศึกษา 0,น.,การศึกษาที่ว่าด้วยกระบวนการที่เกี่ยวกับสุขภาพ.
สุขา 0,น.,"ห้องนํ้าห้องส้วม, เป็นคำที่มักใช้เรียกตามสถานที่บางแห่ง เช่นโรงภาพยนตร์ สถานีรถไฟ, ห้องสุขา ก็เรียก."
สุขาภิบาล 0,น.,องค์การบริหารส่วนท้องถิ่นรูปแบบหนึ่งที่จัดตั้งขึ้นสำหรับท้องถิ่นที่ยังไม่พร้อมที่จะจัดตั้งเป็นเทศบาล โดยมีนายอำเภอเป็นประธาน.
สุขารมณ์ 0,น.,อารมณ์ที่มีสุข เช่น เขาเดินผิวปากอย่างสุขารมณ์
สุขารมณ์ 1,น.,เรียกลัทธิที่ถือว่าความสุขทางผัสสะหรือโลกียสุขในชีวิตปัจจุบันเป็นสิ่งสูงสุดหรือเป็นความดีสูงสุดของชีวิต ว่า คติสุขารมณ์.
สุขาวดี 0,น.,แดนอันมีความสุขตามความเชื่อของลัทธิมหายาน.
สุขิน 0,น.,ผู้มีความสุข.
สุขิน 1,ว.,สบาย.
สุขี 0,น.,ผู้มีความสุข.
สุขี 1,ว.,สบาย.
สุขี ๆ 0,ว.,"มีความสุข, มีความสบาย, เช่น ขอให้สุขี ๆ ถือไม้เท้ายอดทอง กระบองยอดเพชร."
สุขุม 0,ว.,"ประณีต, ลึกซึ้ง, รอบคอบ, ไม่วู่วาม, เช่น เขาจะไม่ด่วนตัดสินใจ ก่อนที่จะพิจารณาอย่างสุขุมทั้งทางได้และทางเสีย เขามีปัญญาสุขุม, บางครั้งใช้เข้าคู่กับคำอื่น เช่น สุขุมคัมภีรภาพ สุขุมรอบคอบ สุขุมลึกซึ้ง."
สุขุมาล 0,ว.,"ละเอียดอ่อน, อ่อนโยน, นุ่มนวล"
สุขุมาล 1,ว.,"ผู้ดี, ตระกูลสูง."
สุขุมาลชาติ 0,ว.,"มีตระกูลผู้ดี, มีตระกูลสูง, โดยปริยายหมายความว่า มีลักษณะอย่างผู้ดี เช่น เขาเป็นคนสุขุมาลชาติ กิริยามารยาทเรียบร้อย."
สุโข 0,ว.,เป็นสุข เช่น นอนหลับอย่างสุโข.
สุคต 0,น.,ผู้ไปดีแล้ว
สุคต 1,น.,พระนามพระพุทธเจ้า.
สุคติ 0,น.,"ภูมิที่ถือว่าไปเกิดแล้วมีความสุขความสบาย, สวรรค์, เช่น ขอให้วิญญาณไปสู่สุคติ."
สุคนธ์ 0,น.,กลิ่นหอม
สุคนธ์ 1,น.,"เครื่องหอม เช่น น้ำอบ น้ำปรุง น้ำร่ำ น้ำหอม, ราชาศัพท์ใช้ว่า เครื่องพระสุคนธ์."
สุคนธ- 0,น.,กลิ่นหอม
สุคนธ- 1,น.,"เครื่องหอม เช่น น้ำอบ น้ำปรุง น้ำร่ำ น้ำหอม, ราชาศัพท์ใช้ว่า เครื่องพระสุคนธ์."
สุคนธชาติ 0,น.,"ความหอม, กลิ่นหอม"
สุคนธชาติ 1,น.,กลิ่นหอมที่มีอยู่ในส่วนต่าง ๆ ของต้นไม้ ได้แก่ ราก แก่น กระพี้ เปลือก สะเก็ด น้ำในต้น ใบ ดอก และผล.
สุคนธรส 0,น.,"กลิ่นหอม, ของหอม, เครื่องหอม."
สุคันธ์ 0,น.,กลิ่นหอม
สุคันธ์ 1,น.,"เครื่องหอม เช่น น้ำอบ น้ำปรุง น้ำร่ำ น้ำหอม, ราชาศัพท์ใช้ว่า เครื่องพระสุคนธ์."
สุคันธรส 0,น.,"กลิ่นหอม, ของหอม, เครื่องหอม."
สุงก- 0,น.,ส่วย.
สุงก- 1,ว.,เนื่องด้วยการเก็บอากรจากสินค้าขาเข้าและขาออก.
สุงกะ 0,น.,ส่วย.
สุงกะ 1,ว.,เนื่องด้วยการเก็บอากรจากสินค้าขาเข้าและขาออก.
สุงกากร 0,น.,"ศุลกากร, ค่าอากรที่เรียกเก็บจากสินค้าขาเข้าและขาออก."
สุงสิง 0,ก.,"เล่นหัวกันอย่างสนิทสนม, ติดต่ออย่างใกล้ชิดเป็นกันเอง, เช่น เด็ก ๒ บ้านนี้ชอบมาสุงสิงกัน เขาเป็นคนหัวสูงไม่ชอบสุงสิงกับใคร."
สุงสุมาร 0,น.,จระเข้.
สุงสุมารี 0,น.,จระเข้.
สุจริต 0,น.,ความประพฤติชอบ.
สุจริตใจ 0,ว.,"บริสุทธิ์ใจ, จริงใจ, เช่น เขาช่วยเหลือเด็กคนนั้นด้วยความสุจริตใจ ไม่ได้หวังสิ่งตอบแทน."
สุจหนี่ 0,น.,เครื่องปูลาดชนิดหนึ่ง ลักษณะเป็นรูปสี่เหลี่ยมผืนผ้า ทำด้วยผ้าเยียรบับไหมทอง สำหรับทอดถวายพระมหากษัตริย์หรือพระบรมวงศ์ที่ทรงพระเศวตฉัตร ๗ ชั้น เป็นที่ประทับหรือทรงยืน เรียกว่า พระสุจหนี่.
สุจะ 0,น.,ริ้น.
สุจิ 0,ว.,"สะอาด, หมดจด, ผ่องใส."
สุจิต 0,ว.,สั่งสมด้วยดี.
สุจิตร 0,ว.,"หลายสี, หลายชั้นหลายเชิง"
สุจิตร 1,ว.,"เด่น, ยิ่งใหญ่."
สุชน 0,น.,"คนดี, คนประพฤติดี."
สุชัมบดี 0,น.,ชื่อพระอินทร์.
สุชา 0,น.,"ผู้มีกำเนิดดี, ลูกผู้มีสกุลดี."
สุชาดา 0,น.,"ผู้มีกำเนิดดี, ลูกผู้มีสกุลดี."
สุญ 0,ว.,ว่างเปล่า.
สุญ- 0,ว.,ว่างเปล่า.
สุญญ- 0,ว.,ว่างเปล่า.
สุญญากาศ 0,น.,ที่ที่ไม่มีอากาศ เช่น อยู่ในสุญญากาศ.
สุญญากาศ 1,ว.,ที่ไม่มีอากาศ เช่น ขวดสุญญากาศ หลอดสุญญากาศ.
สุญตา 0,น.,ความว่างเปล่า.
สุญนิยม 0,น.,ลัทธิที่ถือว่าคนและสัตว์เกิดหนเดียว ตายแล้วสูญ บุญบาป พระเป็นเจ้า นรก สวรรค์ ไม่มี
สุญนิยม 1,น.,ลัทธิที่ถือว่าไม่มีอะไรตั้งอยู่อย่างเที่ยงแท้ถาวร
สุญนิยม 2,น.,ลัทธิที่ถือว่าคุณค่าทางศีลธรรมจรรยาไม่มี
สุญนิยม 3,น.,ลัทธิที่ถือว่าความเจริญก้าวหน้าจะเกิดขึ้นได้ก็โดยวิธีทำลายองค์การทางสังคมที่มีอยู่เดิมให้หมดไป.
สุณ 0,น.,หมา.
สุณหา 0,น.,ลูกสะใภ้.
สุณิสา 0,น.,"ลูกสะใภ้, ราชาศัพท์ใช้ว่า พระสุณิสา."
สุด 0,ก.,"สิ้น เช่น สุดกระแสความ สุดความ, หมด เช่น รักสุดหัวใจ, จบ เช่น สุดสายรถประจำทาง."
สุด 1,ว.,"ปลายหรือท้าย เช่น สุดแดน สุดแผ่นดิน ในที่สุด, ปลายทางใดทางหนึ่ง เช่น เหนือสุด ขวาสุด บนสุด"
สุด 2,ว.,"อย่างมาก, อย่างยิ่งยวด, เช่น สุดรัก สุดเสียดาย สุดอาลัย, เต็มที่เต็มกำลัง, เช่น สู้จนสุดชีวิต งานนี้เขาทุ่มจนสุดตัว"
สุด 3,ว.,เกินกว่าจะทำได้ เช่น สุดกลั้น สุดไขว่คว้า สุดทน.
สุดกั่น 0,ว.,"อาการที่ใช้มีดหรือของมีคมแทงเข้าไปจนจมถึงด้าม, มิดด้าม ก็ว่า."
สุดกำลัง 0,ว.,"เต็มที่, เต็มกำลังทั้งหมดที่มีอยู่, เช่น ออกแรงยกของจนสุดกำลัง ช่วยจนสุดกำลัง."
สุดกู่ 0,ว.,"ไกลมากจนไม่ได้ยินเสียงกู่ เช่น เขาไปปลูกบ้านเสียจนสุดกู่, อยู่ท้าย ๆ เช่น สอบได้ที่สุดกู่ จอดรถไว้สุดกู่."
สุดขอบฟ้า 0,ว.,"ไกลมากที่สุด เช่น ต่อให้หนีไปอยู่สุดขอบฟ้า ก็จะตามให้พบ, สุดหล้าฟ้าเขียว ก็ว่า."
สุดขีด 0,ว.,"เต็มที่, มากที่สุด, เช่น กลัวสุดขีด โมโหสุดขีด."
สุดคน 0,ว.,ยอดคน.
สุดความสามารถ 0,ว.,"เต็มที่, เต็มความสามารถที่มีอยู่, เช่น หมอช่วยจนสุดความสามารถแล้ว คนไข้ก็ยังไม่ดีขึ้น."
สุดคิด 0,ว.,"หมดปัญญาที่จะคิดอ่านต่อไป, ใช้ปัญญาจนหมดแล้วก็ยังคิดไม่ออก."
สุดจิต 0,ว.,"ยอดรัก, อย่างยอด."
สุดใจ 0,ว.,"ยอดรัก, อย่างยอด."
สุดด้าม 0,ว.,"อาการที่ใช้มีดหรือของมีคมแทงเข้าไปจนจมถึงด้าม, มิดด้าม ก็ว่า."
สุดด้าม 1,ว.,ที่สุดทางใดทางหนึ่ง.
สุดแต่ 0,ว.,"แล้วแต่ เช่น สุดแต่จะพิจารณา สุดแต่จะโปรด, สุดแล้วแต่ ก็ว่า."
สุดโต่ง 0,ว.,"ไกลมาก, ปลายไกลสุด, เช่น บ้านของเขาอยู่สุดโต่ง ไปมาลำบาก แถวลูกเสือยาวเหยียดลูกผมยืนอยู่เสียสุดโต่ง เลยมองไม่เห็น"
สุดโต่ง 1,ว.,"มากเกินขอบเขตที่ควรเป็น, ตึงหรือหย่อนเกินไป, เช่น การปฏิบัติสุดโต่ง."
สุดท้อง 0,ว.,ที่เกิดทีหลังเพื่อน เช่น ลูกคนสุดท้อง น้องสุดท้อง.
สุดท้าย 0,ว.,"ทีหลังเพื่อน, หลังสุด, เช่น เขาเป็นแขกคนสุดท้ายที่มาในงาน เด็กคนนั้นทำการบ้านเสร็จเป็นคนสุดท้าย, เหลือเพียงหนึ่งเดียว เช่น สมบัติชิ้นสุดท้ายที่เหลืออยู่คือบ้าน โอกาสสุดท้ายแล้วที่จะแก้ตัวได้."
สุดท้ายปลายโต่ง 0,ว.,"หลังสุด, ท้ายสุด, (มักใช้ในเชิงตำหนิหรือเย้ยหยัน), เช่น ทำไมมาเสียสุดท้ายปลายโต่ง ไหนเคยคุยว่าเก่ง ทำไมถึงสอบได้ที่สุดท้ายปลายโต่ง."
สุดที่รัก 0,น.,ผู้เป็นยอดรักหรือเป็นที่รักยิ่ง เช่น เธอเป็นสุดที่รักของผม.
สุดที่รัก 1,ว.,"ยอดรัก, ที่รักยิ่ง, เช่น ลูกสุดที่รัก."
สุดปัญญา 0,ว.,ใช้ปัญญาเท่าที่มีอยู่ทั้งหมด เช่น เลขข้อนี้คิดจนเกือบสุดปัญญาจึงทำได้ ฉันช่วยเขาจนสุดปัญญาแล้วก็ยังไม่สำเร็จ.
สุดฝีมือ 0,ว.,"เต็มที่, เต็มกำลังความสามารถที่มีอยู่, เช่น อาหารมื้อนี้เขาทำสุดฝีมือ."
สุดแรงเกิด 0,ว.,"สุดกำลัง, เต็มแรงที่มีอยู่, เช่น เขาตกใจ วิ่งหนีสุดแรงเกิด."
สุดลิ่ม 0,ว.,"อาการที่ใช้มีดหรือของมีคมแทงเข้าไปจนจมถึงด้าม, มิดด้าม ก็ว่า."
สุดลิ่ม 1,ว.,"ถึงที่สุด, เต็มกำลัง."
สุดลูกหูลูกตา 0,ว.,กว้างไกลมาก เช่น เขามีที่ดินมากมายสุดลูกหูลูกตา ทะเลเวิ้งว้างสุดลูกหูลูกตา.
สุดแล้วแต่ 0,ว.,"แล้วแต่ เช่น สุดแล้วแต่จะพิจารณา, สุดแต่ ก็ว่า."
สุดวิสัย 0,ว.,"พ้นกำลังความสามารถ, พ้นความสามารถที่ใครจะอาจป้องกันได้, เช่น ภัยธรรมชาติเป็นเหตุสุดวิสัย."
สุดสงวน 0,น.,ชื่อเพลงไทย อัตรา ๒ ชั้น และอัตรา ๓ ชั้น หน้าทับปรบไก่
สุดสงวน 1,น.,ชื่อเพลงไทยประเภทเพลงเถา.
สุดสงวน 2,น.,ชื่อเพลงไทยทำนองหนึ่ง.
สุดสวาทขาดใจ 0,ว.,"ยอดรัก, อย่างยอด."
สุดสายตา 0,ว.,"สุดระยะที่ตาจะมองเห็น เช่น มองจนสุดสายตา ก็ไม่เห็นต้นไม้สักต้น, สุดวิสัยที่จะมองเห็น เช่น ลูกอยู่สุดสายตาที่พ่อแม่จะตามไปดูแล."
สุดสายป่าน 0,ว.,สุดกำลังความสามารถที่จะควบคุมดูแลหรือดึงกลับได้ เช่น ตามใจลูกเสียจนสุดสายป่านจะไม่เสียเด็กได้อย่างไร.
สุดสิ้น 0,ก.,"ถึงที่สุด เช่น เธอกับฉันสุดสิ้นกันนับแต่วันนี้, จบ เช่น การสัมมนาได้สุดสิ้นลงแล้ว, สิ้นสุด ก็ว่า."
สุดเสียง 0,ว.,อาการที่ตะโกนหรือเปล่งเสียงเต็มที่ เช่น ฉันตะโกนเรียกจนสุดเสียงแล้วเขาก็ยังไม่ได้ยิน เขาร้องให้คนช่วยจนสุดเสียง แต่ไม่มีใครมาช่วย.
สุดเสียงสังข์ 0,ว.,ที่ผายออกมาก (ใช้แก่ตะโพกหญิง) ในความว่า ตะโพกสุดเสียงสังข์.
สุดหนทาง 0,ว.,"สุดทางที่จะไป เช่น สุดหนทางบกแล้ว ต่อไปก็เป็นทางน้ำ, โดยปริยายหมายความว่า ไม่มีทางอื่นให้เลือก เช่น เมื่อสุดหนทางเข้าจริง ๆ ก็เลยต้องยอมแพ้เขา."
สุดหล้าฟ้าเขียว 0,ว.,"ไกลมากที่สุด เช่น เขาหนีไปอยู่สุดหล้าฟ้าเขียว ยากที่ใครจะตามไปถึง, สุดขอบฟ้า ก็ว่า."
สุดเหวี่ยง 0,ว.,เต็มที่ เช่น สนุกจนสุดเหวี่ยง.
สุดเอื้อม 0,ว.,"เกินระยะที่มือจะเอื้อมถึง เช่น มะม่วงลูกนั้นอยู่สูงสุดเอื้อม สอยไม่ถึง, โดยปริยายหมายความว่า เกินฐานะและความสามารถเป็นต้นที่จะเอามาเป็นของตนได้ เช่น เธอเกิดในตระกูลสูงศักดิ์ สุดเอื้อมที่จะได้เธอมาเป็นคู่ครอง."
สุดา 0,น.,"ลูกสาว. (ป., ส. สุตา)"
สุดา 1,น.,หญิงสาว.
สุต 0,น.,ลูกชาย (มักใช้เป็นส่วนท้ายของสมาส).
สุต- 0,ก.,"ได้ยิน, ได้ฟังแล้ว."
สุตกวี 0,น.,กวีผู้มีความสามารถในการแต่งร้อยกรองตามที่ได้ฟังมา.
สุตตนิบาต 0,น.,คัมภีร์ที่รวบรวมพระสูตรเบ็ดเตล็ดต่าง ๆ ไว้ด้วยกัน.
สุตตะ 0,น.,ชื่อคัมภีร์ในพระพุทธศาสนา เป็น ๑ ใน ๙ ส่วนของคัมภีร์นวังคสัตถุศาสน์. (ป.). (ดู นวังคสัตถุศาสน์).
สุตตันตปิฎก 0,น.,ชื่อปิฎก ๑ ในพระไตรปิฎก.
สุตตันตะ 0,น.,ชื่อปิฎก ๑ ในพระไตรปิฎก.
สุตะ 0,ก.,ไหลไป.
สุติ 0,น.,การไหลไป.
สุติ 1,น.,การได้ยินได้ฟัง
สุติ 2,น.,ขนบธรรมเนียม
สุติ 3,น.,เสียง.
สุทธ์ 0,ว.,"หมดจด, สะอาด"
สุทธ์ 1,ว.,"ล้วน, แท้."
สุทธ- 0,ว.,"หมดจด, สะอาด"
สุทธ- 1,ว.,"ล้วน, แท้."
สุทธาวาส 0,น.,ชื่อพรหมโลกซึ่งเป็นที่ที่พระอนาคามีไปเกิด.
สุทธิ 0,ว.,"แท้ ๆ, ล้วน ๆ, เช่น กาแฟขวดนี้น้ำหนักสุทธิ ๑๐๐ กรัม."
สุทรรศน์ 0,ว.,"สวย, งดงาม, น่าดู."
สุทัศน์ 0,ว.,"สวย, งดงาม, น่าดู."
สุทัสนะ 0,น.,ชื่อภูเขาชั้นที่ ๔ ในหมู่เขาสัตบริภัณฑ์ที่ล้อมเป็นวงกลมรอบเขาพระสุเมรุ. (ป. สุทสฺสน
สุทัสนะ 1,ส.,"สุทรฺศน). (ดู สัตบริภัณฑ์, สัตภัณฑ์)."
สุธา 0,น.,"นํ้าอมฤต, อาหารทิพย์."
สุธา 1,น.,ปูนขาว
สุธา 2,น.,เครื่องโบกและทา.
สุธาการ 0,น.,ช่างอิฐช่างปูน.
สุธาโภชน์ 0,น.,ของกินอันเป็นทิพย์.
สุธารส 0,น.,"นํ้ากิน, ใช้ว่า พระสุธารส."
สุธารสชา 0,น.,"นํ้าชา, ใช้ว่า พระสุธารสชา."
สุธาสินี 0,น.,“ผู้กินอาหารทิพย์” คือ เทวดา.
สุธาสี 0,น.,“ผู้กินอาหารทิพย์” คือ เทวดา.
สุธี 0,น.,"คนมีปัญญา, นักปราชญ์."
สุนทร 0,ว.,"งาม, ดี, ไพเราะ, เช่น วรรณคดีเป็นสิ่งสุนทร, มักใช้เข้าสมาสกับคำอื่น เช่น สุนทรพจน์ สุนทรโวหาร."
สุนทร- 0,ว.,"งาม, ดี, ไพเราะ, เช่น วรรณคดีเป็นสิ่งสุนทร, มักใช้เข้าสมาสกับคำอื่น เช่น สุนทรพจน์ สุนทรโวหาร."
สุนทรพจน์ 0,น.,คำพูดที่ประธานหรือบุคคลสำคัญเป็นต้นกล่าวในพิธีการหรือในโอกาสสำคัญต่าง ๆ เช่น นายกรัฐมนตรีกล่าวสุนทรพจน์ในที่ประชุมสมัชชาใหญ่สหประชาชาติ.
สุนทรี 0,น.,"หญิงงาม, นางงาม, หญิงทั่วไป."
สุนทรีย- 0,ว.,เกี่ยวกับความนิยม ความงาม.
สุนทรียภาพ 0,น.,"ความงามในธรรมชาติหรืองานศิลปะที่แต่ละบุคคลสามารถเข้าใจและรู้สึกได้, ความเข้าใจและรู้สึกของแต่ละบุคคลที่มีต่อความงามในธรรมชาติหรืองานศิลปะ."
สุนทรียศาสตร์ 0,น.,ปรัชญาสาขาหนึ่งว่าด้วยความงาม และสิ่งที่งามในธรรมชาติหรืองานศิลปะ.
สุนทรียะ 0,ว.,เกี่ยวกับความนิยม ความงาม.
สุนัข 0,น.,หมา (มักใช้เป็นทางการ) เช่น สุนัขตำรวจ.
สุนันท์ 0,ว.,"เป็นที่ยินดี, น่าสบาย."
สุโนก 0,น.,นก.
สุบดี 0,น.,"ผัวที่ดี, เจ้านายที่ดี."
สุบรรณ 0,น.,ครุฑ.
สุบิน 0,น.,"ความฝัน, ราชาศัพท์ใช้ว่า พระสุบิน."
สุปรีดิ์ 0,น.,ความยินดียิ่ง.
สุปรีย์ 0,ว.,เป็นที่รักยิ่ง.
สุปาณี 0,ว.,"ฝีมือเก่ง, คล่องแคล่ว."
สุพพัต 0,น.,ผู้ประพฤติดี.
สุพรรณ 0,น.,ทองคำ.
สุพรรณ- 0,น.,ทองคำ.
สุพรรณถัน 0,น.,กำมะถัน.
สุพรรณบัฏ 0,น.,แผ่นทองคำรูปสี่เหลี่ยมผืนผ้าที่จารึกพระนามพระมหากษัตริย์ พระบรมวงศ์ตั้งแต่ชั้นพระองค์เจ้าขึ้นไป เจ้าประเทศราช และสมเด็จพระสังฆราช เรียกว่า พระสุพรรณบัฏ
สุพรรณบัฏ 1,น.,แผ่นทองคำรูปสี่เหลี่ยมผืนผ้าที่จารึกราชทินนามของสมเด็จพระราชาคณะ ขุนนางชั้นสมเด็จเจ้าพระยา และขุนนางชั้นเจ้าพระยาบางคน ที่ทรงพระกรุณาโปรดเกล้าฯ เป็นพิเศษ
สุพรรณบัฏ 2,น.,แผ่นทองคำที่จารึกพระราชสาส์น.
สุพรรณภาชน์ 0,น.,"ภาชนะสำหรับใส่พระกระยาหาร ทำด้วยทองคำทั้งชุด, ใช้ว่า พระสุพรรณภาชน์"
สุพรรณภาชน์ 1,น.,โต๊ะเท้าช้าง.
สุพรรณราช 0,น.,"กระโถนใหญ่, ใช้ว่า พระสุพรรณราช."
สุพรรณศรี 0,น.,"กระโถนเล็ก, ใช้ว่า พระสุพรรณศรี."
สุพรรณิการ์ 0,น.,"ชื่อไม้ต้นขนาดเล็ก ๒ ชนิดในสกุล Cochlospermum วงศ์ Cochlospermaceae (Bixaceae) คือ ชนิด C. regium (Schrank) Pilg. ผลมีขน ก้านชูอับเรณูสีเหลืองครึ่งหนึ่งสีแดงครึ่งหนึ่ง และชนิด C. religiosum (L.)Alston ผลเกลี้ยงไม่มีขน ก้านชูอับเรณูสีเหลืองตลอด, ฝ้ายคำ ก็เรียก."
สุภ- 0,น.,"ความงาม, ความดีงาม, ความเจริญ."
สุภร 0,ว.,เลี้ยงง่าย.
สุภัค 0,ว.,"งาม, มีโชค."
สุภา 0,น.,ตุลาการ.
สุภาพ 0,ว.,"เรียบร้อย เช่น เขาแต่งกายสุภาพตามกาลเทศะและความนิยม, อ่อนโยน, ละมุนละม่อม, เช่น เขาพูดด้วยน้ำเสียงสุภาพ ไม่กระโชกโฮกฮาก."
สุภาพชน 0,น.,"ผู้ที่แต่งกายเรียบร้อย, ผู้ที่มีกิริยามารยาทอ่อนโยน พูดจาเรียบร้อย รู้กาลเทศะ, เช่น สุภาพชนย่อมไม่ส่งเสียงดังในห้องสมุด."
สุภาพบุรุษ 0,น.,ชายที่มีกิริยาวาจาเรียบร้อย รู้กาลเทศะ และมีคุณธรรม เช่น เขาช่วยเหลือเธอตามหน้าที่สุภาพบุรุษ.
สุภาพสตรี 0,น.,หญิงที่มีกิริยาวาจาเรียบร้อย รู้กาลเทศะ และมีคุณธรรม เช่น ท่าทางเธอเรียบร้อยสมเป็นสุภาพสตรี.
สุภาษิต 0,น.,ถ้อยคำหรือข้อความที่กล่าวสืบต่อกันมาช้านานแล้ว มีความหมายเป็นคติสอนใจ เช่น รักยาวให้บั่น รักสั้นให้ต่อ นํ้าเชี่ยวอย่าขวางเรือ.
สุม 0,ก.,"วางทับซ้อน ๆ กันลงไปจนสูงเป็นกองอย่างไม่มีระเบียบ เช่น สุมหญ้า สุมฟาง สุมหนังสือไว้เต็มโต๊ะ, โดยปริยายหมายถึงอาการที่คล้ายคลึงเช่นนั้น เช่น ความทุกข์สุมอก."
สุม 1,น.,ต้นไม้ใหญ่ที่ขึ้นเป็นกลุ่มใหญ่ เช่น สุมม่วง คือ ป่าม่วง (จารึกสุโขทัย).
สุ่ม 0,น.,เครื่องมือจับปลาชนิดหนึ่ง มักสานด้วยไม้ไผ่เป็นตา ๆ ลักษณะคล้ายทรงกระบอก ด้านบนสอบเข้า มีช่องให้มือล้วงลงไปได้ เรียกว่า สุ่มปลา
สุ่ม 1,น.,"เครื่องสานตาห่าง ๆ มีลักษณะครึ่งทรงกลมหรือโอควํ่า ข้างบนมีช่องกลม ๆ ใช้สำหรับครอบขังไก่เป็นต้น เรียกว่า สุ่มไก่, โดยปริยายเรียกกระโปรงที่มีลักษณะรูปร่างคล้ายสุ่มไก่ ว่า กระโปรงทรงสุ่มไก่."
สุ่ม 2,ก.,"อาการที่เอาสุ่มครอบเพื่อจับปลาเป็นต้น, โดยปริยายเรียกอาการที่เดาโดยนึกเอาเองอย่างสุ่มปลา ว่า เดาสุ่ม"
สุ่ม 3,ก.,พูนสูงขึ้นจนล้น เช่น ข้าวสุ่มจาน.
สุ่ม 4,ว.,"อาการที่ทำไปโดยไม่แน่ใจว่าจะถูกหรือไม่, ไม่เฉพาะเจาะจง, เช่น ทำสุ่มไปไม่รู้ว่าถูกหรือผิด ลองถามสุ่ม ๆ ไปเผื่อจะมีใครไปด้วย."
สุ่ม ๆ 0,ว.,"อาการที่ทำไปโดยไม่แน่ใจว่าจะถูกหรือไม่, ไม่เฉพาะเจาะจง, เช่น ทำสุ่มไปไม่รู้ว่าถูกหรือผิด ลองถามสุ่ม ๆ ไปเผื่อจะมีใครไปด้วย."
สุมกระหม่อม 0,ก.,"เอายาสมุนไพรพอกโปะไว้บนกระหม่อมเด็กเล็ก ๆ เพื่อแก้หวัดเป็นต้น, สุมหัว ก็ว่า."
สุมขอน 0,ก.,"สุมไฟที่ขอน, เรียกไฟที่ยังไหม้ขอนกรุ่นอยู่ ว่า ไฟสุมขอน."
สุมควัน 0,ก.,"สุมไฟให้เป็นควันเพื่อไล่ยุง, สุมไฟไล่ยุง หรือ สุมยุง ก็ว่า."
สุ่มตัวอย่าง 0,ก.,หาตัวอย่างเพื่อแทนกลุ่มโดยไม่เฉพาะเจาะจง เช่น สุ่มตัวอย่างสินค้าเพื่อตรวจคุณภาพ.
สุมทุม 0,น.,"ที่ซึ่งมีต้นไม้หรือเถาวัลย์ปกคลุมให้ร่มครึ้ม, มักใช้เข้าคู่กับคำ พุ่มไม้ เป็น สุมทุมพุ่มไม้."
สุมน 0,ว.,"ใจดี, พอใจ."
สุมนะ 0,น.,"ดอกไม้, ดอกมะลิ."
สุมนัส 0,ว.,ใจดี
สุมนัส 1,ว.,"ดีใจ, พอใจ."
สุมนา 0,น.,"ดอกไม้, ดอกมะลิ."
สุมพล 0,ก.,"ประชุมพล, รวมพล, ชุมนุมพล."
สุมไฟ 0,ก.,เอาฟืนหรือแกลบเป็นต้นทับลงบนกองไฟเพื่อให้ไฟติดกรุ่นอยู่เสมอ.
สุมไฟไล่ยุง 0,ก.,"สุมไฟให้เป็นควันเพื่อไล่ยุง, สุมควัน ก็ว่า."
สุมยุง 0,ก.,"สุมไฟให้เป็นควันเพื่อไล่ยุง, สุมควัน ก็ว่า."
สุ่มสี่สุ่มห้า 0,ว.,"ซุ่มซ่าม, ไม่ระมัดระวังให้ดี, ไม่ดูให้ดี, เช่น เดินสุ่มสี่สุ่มห้าเลยตกบันได กินอาหารสุ่มสี่สุ่มห้าเลยท้องเสีย."
สุ้มเสียง 0,น.,"กระแสเสียง, (โบ) เขียนเป็น ซุ่มเสียง ก็มี เช่น จึงตั้งนะโม ซุ่มเสียงใหญ่โต (ประถม ก กา)."
สุมหัว 0,ก.,"เอายาสมุนไพรพอกโปะไว้บนกระหม่อมเด็กเล็ก ๆ เพื่อแก้หวัดเป็นต้น, สุมกระหม่อม ก็ว่า"
สุมหัว 1,ก.,มั่วสุม (มักใช้ในทางไม่ดี) เช่น สุมหัวนินทาเจ้านาย.
สุมะ 0,น.,พระจันทร์.
สุมาลี 0,น.,"ดอกไม้, พวงดอกไม้."
สุเมธ 0,น.,"คนมีปัญญาดี, นักปราชญ์."
สุเมรุ 0,น.,"เขาสิเนรุ, ชื่อภูเขาซึ่งถือว่าเป็นที่ตั้งแห่งเมืองสวรรค์ชั้นดาวดึงส์."
สุร- 0,น.,"ผู้กล้าหาญ, นักรบ"
สุร- 1,น.,พระอาทิตย์.
สุร- 2,ว.,"กล้าหาญ, เข้มแข็ง."
สุร- 3,น.,เทวดา.
สุร- 4,ว.,ทิพย์.
สุรคต 0,ก.,ตาย (ใช้แก่พระเจ้าแผ่นดินบางประเทศ).
สุรงค์ 0,ว.,"มีสีดี, มีสีงาม, งามฉูดฉาด, งามเรืองรอง, ใช้เพี้ยนไปเป็น สุหร่ง ก็มี."
สุรเชษฐ์ 0,น.,พระพรหม.
สุรทิน 0,น.,วันทางสุริยคติ.
สุรบดี 0,น.,พระอินทร์.
สุรบถ 0,น.,"ฟ้า, สวรรค์."
สุรภาพ 0,น.,อำนาจแห่งเทวดา.
สุรภี 0,น.,ต้นสารภี.
สุรภี 1,น.,เครื่องหอม.
สุรโลก 0,น.,สวรรค์.
สุรสีหนาท 0,น.,"พระดำรัสอันเป็นที่น่าเกรงขามของคนทั้งปวงเหมือนเสียงของราชสีห์เป็นที่น่าเกรงขามของสัตว์ทั้งปวง, เสียงตวาดของนักรบเพื่อให้เป็นที่เกรงขามของข้าศึก."
สุรเสียง 0,น.,เสียงก้องกังวาน หมายความว่า เสียงของผู้มีอำนาจ.
สุรังค์ 0,ว.,"มีสีดี, มีสีงาม, งามฉูดฉาด, งามเรืองรอง, ใช้เพี้ยนไปเป็น สุหร่ง ก็มี."
สุรัติ 0,น.,ความปลาบปลื้มหรือความยินดียิ่ง.
สุรัสวดี 0,น.,สรัสวดี
สุรัสวดี 1,น.,"ชื่อกรมมีหน้าที่จัดทำสารบาญชีไพร่บ้านพลเมือง และจัดสรรไพร่ทั้งฝ่ายทหารและพลเรือนไปทำราชการตามกรมกองต่าง ๆ, เรียกเต็มว่า กรมพระสุรัสวดี."
สุรา 0,น.,"เหล้า, น้ำเมาที่ได้จากการกลั่น, (มักใช้เป็นทางการ), เช่น ร้านนี้ขายแต่สุราต่างประเทศ."
สุรางค์จำเนียง 0,น.,ชื่อเพลงไทย อัตรา ๓ ชั้น หน้าทับปรบไก่
สุรางค์จำเนียง 1,น.,ชื่อเพลงไทยประเภทเพลงเถา.
สุรางคนา 0,น.,นางสวรรค์.
สุรางคนา 1,น.,"ชื่อกาพย์และฉันท์ มี ๒๘ คำ คือ มี ๗ วรรค วรรคละ ๔ คำ เช่น ตัวอย่างกาพย์ (กฤษณา),ตัวอย่างฉันท์ (หลักภาษาไทย), ถ้าเป็นกาพย์ขับไม้มี ๓๖ คำ เช่น (กาพย์ขับไม้ กล่อมพระเศวตรัตนกรีฯ)"
สุรางคนา 2,น.,"ชื่อกาพย์และฉันท์ มี ๒๘ คำ คือ มี ๗ วรรค วรรคละ ๔ คำ เช่น ตัวอย่างกาพย์ (กฤษณา),ตัวอย่างฉันท์ (หลักภาษาไทย), ถ้าเป็นกาพย์ขับไม้มี ๓๖ คำ เช่น (กาพย์ขับไม้ กล่อมพระเศวตรัตนกรีฯ).C2691"
สุรางคนางค์ 0,น.,"ชื่อกาพย์และฉันท์ มี ๒๘ คำ คือ มี ๗ วรรค วรรคละ ๔ คำ เช่น ตัวอย่างกาพย์ (กฤษณา),ตัวอย่างฉันท์ (หลักภาษาไทย), ถ้าเป็นกาพย์ขับไม้มี ๓๖ คำ เช่น (กาพย์ขับไม้ กล่อมพระเศวตรัตนกรีฯ)"
สุรางคนางค์ 1,น.,"ชื่อกาพย์และฉันท์ มี ๒๘ คำ คือ มี ๗ วรรค วรรคละ ๔ คำ เช่น ตัวอย่างกาพย์ (กฤษณา),ตัวอย่างฉันท์ (หลักภาษาไทย), ถ้าเป็นกาพย์ขับไม้มี ๓๖ คำ เช่น (กาพย์ขับไม้ กล่อมพระเศวตรัตนกรีฯ).C2691"
สุราบาน 0,น.,การดื่มเหล้า
สุราบาน 1,น.,นํ้าเหล้า.
สุรารักษ์ 0,น.,เทวดาผู้คุ้มครอง.
สุราลัย 0,น.,"ที่อยู่ของเทวดา, สวรรค์."
สุรินทร์ 0,น.,พระอินทร์.
สุรินทราหู 0,น.,ชื่อเพลงไทยประเภทเพลงเรื่อง อัตรา ๓ ชั้น หน้าทับปรบไก่
สุรินทราหู 1,น.,ชื่อเพลงไทยประเภทเพลงเถา.
สุริย- 0,น.,"พระอาทิตย์, ดวงตะวัน. (ป. สุริย; ส. สูรฺย)"
สุริย- 1,ส.,ชื่อยาม ๑ ใน ๘ ยามในเวลากลางวัน. (ดู ยาม).
สุริยกันต์ 0,น.,"ชื่อแก้วชนิดหนึ่งถือกันว่าเมื่อถูกแสงพระอาทิตย์ทำให้เกิดไฟ, สูรยกานต์ ก็ว่า."
สุริยกานต์ 0,น.,"ชื่อแก้วชนิดหนึ่งถือกันว่าเมื่อถูกแสงพระอาทิตย์ทำให้เกิดไฟ, สูรยกานต์ ก็ว่า."
สุริยการ 0,น.,แสงพระอาทิตย์.
สุริยกาล 0,น.,เวลากลางวัน.
สุริยคติ 0,น.,วิธีนับวันและเดือนแบบสากล โดยถือกำหนดตำแหน่งดวงอาทิตย์เป็นหลัก เช่น วันที่ ๑ ถึงวันที่ ๓๑ เป็นการนับวันทางสุริยคติ เดือนมกราคมถึงเดือนธันวาคม เป็นการนับเดือนทางสุริยคติ.
สุริยคราส 0,น.,"“การกลืนดวงอาทิตย์” ตามความเข้าใจของคนโบราณที่เชื่อว่าพระราหูอมดวงอาทิตย์, สุริยุปราคา ก็เรียก."
สุริยเคราะห์ 0,น.,สุริยคราส.
สุริยง 0,น.,พระอาทิตย์.
สุริยน 0,น.,พระอาทิตย์.
สุริยภิม 0,น.,เรียกทองที่พระมหากษัตริย์พระราชทานแก่โหรผู้ทำนายสุริยุปราคาได้ถูกต้อง ว่า ทองสุริยภิม เช่น เมื่อสุริยุปราคาได้ทองสุริยภิมคนแลบาทด้วยกัน (สามดวง).
สุริยมณฑล 0,น.,"ดวงหรือวงตะวัน, สูรยพิมพ์ หรือ สูรยมณฑล ก็ว่า."
สุริยวงศ์ 0,น.,"วงศ์แห่งกษัตริย์เนื่องมาจากพระอาทิตย์, คู่กับ จันทรวงศ์."
สุริยะ 0,น.,"พระอาทิตย์, ดวงตะวัน. (ป. สุริย; ส. สูรฺย)"
สุริยะ 1,ส.,ชื่อยาม ๑ ใน ๘ ยามในเวลากลางวัน. (ดู ยาม).
สุริยัน 0,น.,พระอาทิตย์.
สุริยา 0,น.,พระอาทิตย์.
สุริยุปราคา 0,น.,"ปรากฏการณ์ที่เกิดขึ้นเมื่อดวงอาทิตย์ ดวงจันทร์ และโลกโคจรมาอยู่ในแนวเดียวกัน ดวงจันทร์จึงบังแสงอาทิตย์ที่ส่องมายังโลก เป็นเหตุให้เห็นดวงอาทิตย์มืดเป็นบางส่วนหรือทั้งหมด, (ปาก) สุริยคราส หรือ สูรยคราส."
สุริเยนทร์ 0,น.,พระอาทิตย์.
สุริเยศ 0,น.,พระอาทิตย์.
สุริโย 0,น.,พระอาทิตย์.
สุรีย์ 0,น.,"พระอาทิตย์, ดวงตะวัน."
สุรุ่ยสุร่าย 0,ว.,ชอบจับจ่ายใช้สอยสิ้นเปลืองโดยไม่จำเป็น เช่น เขามีนิสัยสุรุ่ยสุร่าย เงินเดือนจึงไม่พอใช้.
สุเรนทร์ 0,น.,พระอินทร์.
สุลต่าน 0,น.,ประมุขของบางประเทศหรือเจ้าครองนครบางรัฐที่นับถือศาสนาอิสลาม.
สุว- 0,*ว.,"คำอุปสรรคในภาษาบาลีและสันสกฤตแปลว่า ดี, งาม, ง่าย, สำหรับเติมหน้าคำ เช่น สุวคนธ์."
สุวภาพ 0,ว.,สุภาพ.
สุวรรณ 0,น.,ทอง.
สุวรรณ- 0,น.,ทอง.
สุวรรณกระถอบ 0,น.,แผ่นทองคำฉลุลายเป็นกิ่งต้นเครือวัลย์กระหนก สำหรับเสียบห้อยที่ชายพกลงมาในระหว่างช่องหน้าขาทั้ง ๒.
สุวรรณกัญจน์ถอบ 0,น.,แผ่นทองคำฉลุลายเป็นกิ่งต้นเครือวัลย์กระหนก สำหรับเสียบห้อยที่ชายพกลงมาในระหว่างช่องหน้าขาทั้ง ๒.
สุวรรณภูมิ 0,น.,ดินแดนแหลมทองซึ่งเชื่อกันว่ามีอาณาบริเวณครอบคลุมพม่า ไทย ลาว เขมร เวียดนาม มาเลเซีย และสิงคโปร์.
สุวะ 0,น.,นกแขกเต้า.
สุวาน 0,น.,หมา.
สุวินัย 0,ว.,"สอนง่าย, ว่าง่าย, ดัดง่าย."
สุวิมล 0,ว.,กระจ่างหรือบริสุทธิ์แท้.
สุษิระ 0,น.,เครื่องดนตรีที่ใช้เป่า มีขลุ่ย ปี่ เป็นต้น.
สุสาน 0,น.,สถานที่สำหรับฝังหรือเผาศพ.
สุหนัต 0,น.,พิธีขริบหนังหุ้มปลายอวัยวะเพศชายตามข้อกำหนดในศาสนาอิสลาม.
สุหร่ง 0,ว.,"มีสีดี, มีสีงาม, งามฉูดฉาด, งามเรืองรอง, เพี้ยนมาจาก สุรงค์."
สุหร่าย 0,น.,เครื่องโปรยนํ้า รูปทรงคล้ายภาชนะกรวดน้ำ คอสูง ปากมีจุกปิดและเจาะรูอย่างฝักบัว สำหรับสลัดน้ำให้เป็นฝอย.
สุหฤท 0,น.,"เพื่อน, ผู้มีใจดี, ใช้ว่า โสหัท หรือ เสาหฤท ก็มี."
สุหัท 0,น.,"เพื่อน, ผู้มีใจดี, ใช้ว่า โสหัท หรือ เสาหฤท ก็มี."
สุเหร่า 0,น.,"สถานที่ซึ่งชาวมุสลิมใช้เป็นที่ประกอบศาสนกิจ, มัสยิด ก็เรียก."
สู่ 0,ก.,มาอยู่ร่วมชายคาเดียวกัน เช่น ข้าคนท่านหนีมาสู่หาตนมาฃอนอนก็ดี (สามดวง)
สู่ 1,ก.,ไปยังทิศทางนั้น เช่น หันหน้าสู่ทิศเหนือ
สู่ 2,ก.,"ไปเยี่ยม, ไปหา, เช่น ไปมาหาสู่กัน"
สู่ 3,ก.,แบ่งให้ เช่น มีอะไรก็เอามาสู่กันกิน.
สู่ 4,บ.,ยัง เช่น คืนสู่เหย้า ขอจงไปสู่สุคติ.
สู้ 0,ก.,เอาชนะกันด้วยกำลังกาย อาวุธ หรือสติปัญญาความสามารถเป็นต้น เช่น ชกสู้เขาไม่ได้จึงยอมแพ้ ทหารสู้กันในสนามรบ เล่นหมากรุกสู้กัน
สู้ 1,ก.,มีสติปัญญาความสามารถเป็นต้นทัดเทียมกันหรือเหนือกว่า เช่น มีสติปัญญาสู้เขาได้
สู้ 2,ก.,ยอมทน เช่น พูดไปก็ไม่ดี สู้นิ่งไม่ได้.
สู 0,ว.,อาย เช่น มาเดียวเปลี่ยวอกอ้า อายสู (ตะเลงพ่าย).
สู 1,ส.,"ท่าน, เป็นสรรพนามบุรุษที่ ๒."
สูกษมะ 0,ว.,"สุขุม, ละเอียด."
สู่ขวัญ 0,ก.,เรียกขวัญ เช่น ทำพิธีสู่ขวัญ.
สู่ขอ 0,ก.,เจรจาขอหญิงจากพ่อแม่หรือผู้ปกครองเพื่อการแต่งงาน เช่น เขาขอให้พ่อแม่ไปสู่ขอลูกสาวกำนัน.
สู้คดี 0,ก.,"เป็นความ, มีคดีพิพาทหรือฟ้องร้องกันในโรงศาล."
สู้คน 0,ก.,"มีใจกล้าไม่ยอมแพ้ใคร เช่น เขาเป็นคนสู้คน, บางทีก็ใช้เรียกคนที่ขี้ขลาดไม่ยอมสู้ใครว่า เป็นคนไม่สู้คน."
สู้ครู 0,ก.,มีความรู้พอ ๆ กับครูหรือเหนือกว่า เช่น ความรู้ของเขาสู้ครูได้
สู้ครู 1,ก.,เรียกคนที่ดวงชะตามีพฤหัสอยู่ในราศีสิงห์มีอาทิตย์เป็นเจ้าเรือนว่า พฤหัสสู้ครู ซึ่งหมายความว่า มีใจกล้า มีใจเข้มแข็งพอที่จะสู้กับผู้รู้หรือผู้ชำนาญชั้นครูได้.
สู้ความ 0,ก.,"เป็นความ, มีคดีพิพาทหรือฟ้องร้องกันในโรงศาล."
สูง 0,ว.,มีระยะที่วัดตรงขึ้นไปตามแนวตั้งฉากกับพื้น เช่น ต้นไม้สูง ภูเขาสูง
สูง 1,ว.,เหนือระดับปรกติ เช่น อุณหภูมิสูง ไข้สูง ความสามารถสูง
สูง 2,ว.,"แหลม เช่น เสียงสูง, ระดับเหนือเสียงกลาง เช่น อักษรสูง"
สูง 3,ว.,ตรงข้ามกับ ต่ำ เช่น จิตใจสูง.
สูงค่า 0,ว.,"มีค่ามาก เช่น แจกันลายครามใบนี้สูงค่ามากเพราะเป็นสมบัติตกทอดมาหลายชั่วอายุคนแล้ว, มีค่าสูง, มีราคาสูง, เช่น แหวนเพชรวงนี้สูงค่ามาก."
สูงชั่วนกเขาเหิน 0,ว.,สูงระดับที่นกเขาบิน.
สูงเท่านกเขาเหิน 0,ว.,สูงระดับที่นกเขาบิน.
สูงเทียมเมฆ 0,ว.,สูงมาก.
สูงศักดิ์ 0,ว.,มียศศักดิ์หรือตระกูลสูง เช่น เจ้านายเป็นบุคคลที่สูงศักดิ์ เขาสืบเชื้อสายมาจากขุนนางผู้สูงศักดิ์.
สูงส่ง 0,ว.,ที่ยกย่องกันว่าดีเด่น เช่น วรรณคดีเรื่องนี้ยกย่องกันว่ามีค่าทางวรรณศิลป์สูงส่ง.
สูงสุด 0,ว.,มากที่สุด เช่น ตัวเลขสูงสุด เขาได้คะแนนคณิตศาสตร์สูงสุดในชั้น.
สูงสุดสอย 0,ว.,"สูงเกินกว่าที่จะสอยหรือเอื้อมได้, โดยปริยายใช้หมายถึงหญิงสูงศักดิ์ที่ยากเกินกว่าที่คนธรรมดาสามัญจะเอามาเป็นภรรยาได้."
สูงสุดเอื้อม 0,ว.,"สูงเกินกว่าที่จะสอยหรือเอื้อมได้, โดยปริยายใช้หมายถึงหญิงสูงศักดิ์ที่ยากเกินกว่าที่คนธรรมดาสามัญจะเอามาเป็นภรรยาได้."
สูงเสียดฟ้า 0,ว.,สูงมากจนเสมือนว่าจดฟ้า.
สูงอายุ 0,ว.,มีอายุมาก.
สูจกะ 0,น.,ผู้ชี้แจง
สูจกะ 1,น.,ผู้นำจับ
สูจกะ 2,น.,ผู้ส่อเสียด.
สู้จนตัวตาย 0,ก.,"สู้อย่างเอาชีวิตเป็นเดิมพัน, สู้ถวายหัว ก็ว่า."
สูจนะ 0,น.,การชี้แจง
สูจนะ 1,น.,การนำจับ
สูจนะ 2,น.,การส่อเสียด.
สูจิ 0,น.,เข็ม
สูจิ 1,น.,เครื่องชี้
สูจิ 2,น.,รายการ
สูจิ 3,น.,สารบัญ.
สูจิบัตร 0,น.,ใบแจ้งกำหนดการต่าง ๆ ในการประชุม การแสดงมหรสพเป็นต้น เช่น สูจิบัตรการแสดงวิพิธทัศนา.
สูเจ้า 0,ส.,"ท่าน, เป็นสรรพนามบุรุษที่ ๒."
สูญ 0,ก.,"ทำให้หายสิ้นไป เช่น คนโบราณใช้ปูนแดงสูญฝี, หายไป เช่น ทรัพย์สมบัติสูญไปในกองเพลิง."
สูญ 1,ว.,ที่หมดไป ในคำว่า หนี้สูญ.
สูญขี้ผึ้ง 0,น.,กรรมวิธีหนึ่งในการหล่อโลหะ ใช้ขี้ผึ้งพอกหุ้มแกนทรายให้เป็นหุ่น แล้วทาไล้ด้วยดินเหนียวผสมขี้วัวและน้ำ จึงเข้าดินเป็นพิมพ์ นำไปเผาไฟสำรอกขี้ผึ้งให้ละลายออกจากพิมพ์ จากนี้เทโลหะหลอมเหลวเข้าแทนที่ขี้ผึ้ง.
สูญเปล่า 0,ว.,หมดสิ้นไปโดยไร้ประโยชน์ เช่น ลงทุนครั้งนี้สูญเปล่าจริง ๆ นอกจากไม่ได้กำไรแล้วยังขาดทุนอีกด้วย.
สูญสิ้น 0,ก.,หมดไปโดยไม่มีอะไรเหลือ เช่น เขาสูญสิ้นทุกสิ่งทุกอย่างเพราะเป็นทาสการพนัน.
สูญเสีย 0,ก.,สูญไปทั้งหมดหรือเพียงบางส่วน เช่น สูญเสียชีวิต สูญเสียทรัพย์สมบัติ สูญเสียอวัยวะ.
สูญหาย 0,ก.,หายไป เช่น พี่น้องสูญหายไปในสงคราม.
สูด 0,ก.,หายใจเข้าไปโดยแรง เช่น สูดลมหายใจ สูดอากาศ
สูด 1,ก.,เดินหมากรุกข้ามตาตรงไปโดยไม่เป็นไปตามกำหนดที่วางไว้ (ใช้เฉพาะเม็ดและขุน)
สูด 2,ก.,ส่งให้สูง.
สูด 3,น.,"ชื่อปลานํ้าจืด ๒ ชนิด ในวงศ์ Cyprinidae รูปร่างคล้ายปลาตะเพียน แต่ลำตัวเพรียวกว่า ชนิดแรกคือ กระสูบขาว [ Hampala macrolepidota (van Hasselt)] มักมีลายดำพาดขวางที่บริเวณลำตัวใต้ครีบหลัง พื้นหางสีแดง ขอบบนและล่างสีดำ ยาวได้ถึง ๗๐ เซนติเมตร อีกชนิดหนึ่งคือ กระสูบจุด ( H. disparSmith) ลำตัวมีจุดดำอยู่ตอนกลาง ปลายครีบหางมนกว่าและไม่มีแถบสีดำ ขนาดยาวได้ถึง ๒๐ เซนติเมตร, สูด หรือ สูบ ก็เรียก."
สู้แดดสู้ฝน 0,ก.,ทนแดดทนฝน.
สูต 0,น.,"ผู้ขับรถหรือนายม้าต้น, สารถี."
สูตร 0,น.,กฎสำหรับจดจำ เช่น สูตรคูณ สูตรคณิตศาสตร์
สูตร 1,น.,ส่วนประกอบที่กำหนดขึ้นในการปรุงยา อาหาร เครื่องดื่ม เป็นต้น.
สูตร 2,น.,ชื่อหลักธรรมในพระสุตตันตปิฎก เรียกว่า พระสูตร เช่น มงคลสูตร กาลามสูตร
สูตร 3,น.,ข้อความทางปรัชญาที่เรียบเรียงร้อยกรอง หรือย่อขึ้นไว้สำหรับท่องจำ เช่น โยคสูตร นยายสูตร สูตรสนธิ.
สูตร 4,น.,"มุ้ง, ม่าน, ราชาศัพท์ใช้ว่า พระสูตร หรือ พระวิสูตร."
สูตรเคมี 0,น.,หมู่สัญลักษณ์ของธาตุซึ่งเขียนขึ้นแทนสารใดสารหนึ่งเพื่อแสดงให้ทราบว่า ๑ โมเลกุลของสารนั้น ๆ ประกอบด้วยธาตุใดบ้าง และมีอย่างละกี่อะตอม เช่น H_2O เป็นสูตรเคมีที่เขียนขึ้นแทนนํ้า เพื่อแสดงว่านํ้า ๑ โมเลกุล ประกอบด้วยธาตุไฮโดรเจน ๒ อะตอม และธาตุออกซิเจน ๑ อะตอม.
สู้ตา 0,ก.,กล้าสบตา เช่น ว่าแล้วยังสู้สายตาอีก.
สู้ตาย 0,ก.,"สู้อย่างเอาชีวิตเป็นเดิมพัน, สู้ถวายหัว ก็ว่า."
สูติ 0,น.,"การเกิด, กำเนิด, การคลอดบุตร."
สูติ- 0,น.,"การเกิด, กำเนิด, การคลอดบุตร."
สูติกรรม 0,น.,การทำคลอด.
สูตินรีเวช 0,น.,วิชาเกี่ยวกับการตั้งครรภ์ การคลอด และโรคเฉพาะสตรี.
สูติบัตร 0,น.,เอกสารที่แสดงถึงสัญชาติ วัน เดือน ปี เวลา สถานที่เกิด และชื่อบิดามารดาของบุคคล โดยนายทะเบียนเป็นผู้ออกให้.
สูติแพทย์ 0,น.,แพทย์ทำคลอดและรักษาโรคที่เกี่ยวกับการตั้งครรภ์.
สูติศาสตร์ 0,น.,วิชาว่าด้วยการปฏิบัติรักษาเรื่องการตั้งครรภ์ การทำคลอด และภาวะหลังคลอด.
สู้ถวายหัว 0,ก.,"สู้อย่างเอาชีวิตเป็นเดิมพัน, สู้ตาย หรือ สู้จนตัวตาย ก็ว่า."
สูท 0,น.,คนครัว.
สูท- 0,น.,คนครัว.
สูทกรรม 0,น.,การทำกับข้าวของกิน.
สูทศาสตร์ 0,น.,วิชาทำกับข้าว.
สูนะ 0,ก.,"เกิด, เป็นขึ้น"
สูนะ 1,ก.,"บาน, ผลิ, (ใช้แก่ดอกไม้)."
สูนุ 0,น.,"ลูก, ลูกเล็ก ๆ, เด็ก."
สูบ 0,น.,"เครื่องสำหรับดูดของเหลวเช่นนํ้าให้เคลื่อนจากระดับเดิมไปสู่ระดับใหม่, เครื่องสำหรับดูดหรืออัดลม."
สูบ 1,ก.,"ดูดเข้าไป เช่น สูบบุหรี่ สูบกัญชา, ดูดออกมา เช่น สูบส้วม สูบน้ำออกจากนา."
สูบ 2,น.,"ชื่อปลานํ้าจืด ๒ ชนิด ในวงศ์ Cyprinidae รูปร่างคล้ายปลาตะเพียน แต่ลำตัวเพรียวกว่า ชนิดแรกคือ กระสูบขาว [ Hampala macrolepidota (van Hasselt)] มักมีลายดำพาดขวางที่บริเวณลำตัวใต้ครีบหลัง พื้นหางสีแดง ขอบบนและล่างสีดำ ยาวได้ถึง ๗๐ เซนติเมตร อีกชนิดหนึ่งคือ กระสูบจุด ( H. disparSmith) ลำตัวมีจุดดำอยู่ตอนกลาง ปลายครีบหางมนกว่าและไม่มีแถบสีดำ ขนาดยาวได้ถึง ๒๐ เซนติเมตร, สูด หรือ สูบ ก็เรียก."
สูบเลือด 0,ก.,เรียกเอาเงินหรือทรัพย์สินของผู้อื่นด้วยอาการขูดรีดหรือเอารัดเอาเปรียบอย่างยิ่ง.
สูบเลือดสูบเนื้อ 0,ก.,เรียกเอาเงินหรือทรัพย์สินของผู้อื่นด้วยอาการขูดรีดหรือเอารัดเอาเปรียบอย่างยิ่ง.
สูป- 0,น.,"ของกินที่เป็นนํ้า, แกง, ของต้มที่เป็นนํ้า, มักใช้เข้าคู่กับคำ พยัญชนะ เป็น สูปพยัญชนะ หมายความว่า กับข้าว."
สูปการ 0,น.,คนครัว.
สูปะ 0,น.,"ของกินที่เป็นนํ้า, แกง, ของต้มที่เป็นนํ้า, มักใช้เข้าคู่กับคำ พยัญชนะ เป็น สูปพยัญชนะ หมายความว่า กับข้าว."
สู้ปาก 0,ก.,"เถียงกัน เช่น สู้ปากเขาไม่ได้, สู้สีปาก ก็ว่า."
สู้ฝีปาก 0,ก.,"เถียงกัน เช่น สู้ปากเขาไม่ได้, สู้สีปาก ก็ว่า."
สู้ยิบตา 0,ก.,"สู้จนถึงที่สุด, สู้ไม่ถอย, เช่น เขาสู้ยิบตาแม้ว่าจะสะบักสะบอมเพียงใดก็ไม่ยอมแพ้."
สูร 0,น.,"ผู้กล้าหาญ, นักรบ"
สูร 1,น.,"พระอาทิตย์. (ป., ส.)."
สูร 2,ว.,"กล้าหาญ, เข้มแข็ง."
สู้รบตบมือ 0,ก.,"ต่อสู้, ทะเลาะวิวาท, เช่น เราจะเอากำลังที่ไหนไปสู้รบตบมือกับคนมีอำนาจอย่างเขา เขาไม่ยอมสู้รบตบมือด้วย."
สูรย์ 0,น.,สุริยุปราคา ในคำว่า เกิดสูรย์.
สูรย- 0,น.,"พระอาทิตย์, ตะวัน, มักใช้เป็นส่วนหน้าของสมาส."
สูรยกานต์ 0,น.,"ชื่อแก้วชนิดหนึ่งถือกันว่าเมื่อถูกแสงพระอาทิตย์ทำให้เกิดไฟ, สุริยกันต์ หรือ สุริยกานต์ ก็ว่า."
สูรยคราส 0,น.,"“การกลืนดวงอาทิตย์” ตามความเข้าใจของคนโบราณที่เชื่อว่าพระราหูอมดวงอาทิตย์, สุริยุปราคา ก็เรียก."
สูรยพิมพ์ 0,น.,"ดวงหรือวงตะวัน, สุริยมณฑล หรือ สูรยมณฑล ก็ว่า."
สูรยมณฑล 0,น.,"ดวงหรือวงตะวัน, สุริยมณฑล หรือ สูรยพิมพ์ ก็ว่า."
สูรยวาร 0,น.,"วันอาทิตย์, อาทิจจวาร หรือ อาทิตยวาร ก็ว่า."
สู้ราคา 0,ก.,มีกำลังที่จะซื้อได้ เช่น ไม่ว่าของชิ้นนี้จะแพงสักเท่าใด ฉันก็จะสู้ราคา.
สูริ 0,น.,"คนมีปัญญา. (ป., ส.)"
สูริ 1,น.,ผู้กล้าหาญ.
สู่รู้ 0,ก.,อวดรู้ เช่น ถ้าไม่รู้จริง อย่าสู่รู้.
สู่สม 0,ก.,"อยู่ร่วมกันเสมือนผัวเมีย, อยู่ร่วมกันอย่างผัวเมีย, เขียนเป็น สู่สํ ก็มี เช่น ดินฤขัดเจ้าหล้า สู่สํสองสํ (กำสรวล)."
สู้สายตา 0,ก.,กล้าสบตา เช่น ว่าแล้วยังสู้สายตาอีก.
สูสี 0,ก.,"เกี่ยวพัน, ข้องแวะ, เช่น อย่าไปสูสีกับคนพาล"
สูสี 1,ก.,"ไล่เลี่ย, พอ ๆ กัน, เช่น ฝีมือของ ๒ คนนี้สูสีกัน สอบได้คะแนนสูสีกัน."
สู่สุขคติ 0,ก.,ตาย.
สู้หน้า 0,ก.,"รอหน้า, เผชิญหน้า, เช่น เขาทำผิด เลยไม่กล้าสู้หน้าฉัน."
สู่หา 0,ก.,ไปมาหากัน.
สู้เหมือนหมาจนตรอก 0,ก.,ฮึดสู้เพราะไม่มีทางหนี เช่น พอจนมุมเข้า เขาก็สู้เหมือนหมาจนตรอก.
เส 0,ก.,"เฉ, ไถล, เช่น เสไปพูดเรื่องอื่น, เชือนแช เช่น เสความ."
เสก 0,ก.,"ร่ายมนตร์เพื่อทำให้ขลังหรือศักดิ์สิทธิ์ เช่น เสกน้ำล้างหน้า เสกแป้งผัดหน้า, ร่ายมนตร์เพื่อทำให้สิ่งหนึ่งกลายเป็นอีกสิ่งหนึ่ง เช่น เสกหญ้าให้เป็นหุ่นพยนต์ เสกใบมะขามให้เป็นตัวต่อตัวแตน, ร่ายมนตร์เพื่อให้เกิดพลังส่งสิ่งใดสิ่งหนึ่งไปทำร้ายศัตรู เช่น เสกหนังเข้าท้อง."
เสกข- 0,น.,"ผู้ยังต้องศึกษาอยู่, พระอริยบุคคลผู้ยังไม่บรรลุพระอรหัตผล."
เสกขบุคคล 0,น.,ผู้ที่ยังต้องศึกษาอยู่ หมายถึง พระอริยะที่ยังไม่บรรลุพระอรหัตผล.
เสกขะ 0,น.,"ผู้ยังต้องศึกษาอยู่, พระอริยบุคคลผู้ยังไม่บรรลุพระอรหัตผล."
เสกคาถา 0,ก.,ร่ายมนตร์.
เสกเป่า 0,ก.,ร่ายมนตร์หรือคาถาแล้วเป่าลงไป.
เสกสมรส 0,ก.,แต่งงาน (ใช้แก่เจ้านายชั้นพระองค์เจ้า หม่อมเจ้าที่พระบาทสมเด็จพระเจ้าอยู่หัวทรงตกแต่งให้).
เสกสรร 0,ก.,เลือกทำหรือพูดเอาเอง เช่น เขามีเงินมีทอง จะเสกสรรอะไรก็ทำได้.
เสกสรรปั้นแต่ง 0,ก.,แต่งเรื่องขึ้นมาโดยจะมีความจริงหรือไม่ก็ได้เพื่อให้เข้าใจผิด เช่น คนคนนี้ช่างเสกสรรปั้นเรื่องมาเล่าให้ผู้ใหญ่ผิดใจกันอยู่เสมอ.
เสกสรรปั้นเรื่อง 0,ก.,แต่งเรื่องขึ้นมาโดยจะมีความจริงหรือไม่ก็ได้เพื่อให้เข้าใจผิด เช่น คนคนนี้ช่างเสกสรรปั้นเรื่องมาเล่าให้ผู้ใหญ่ผิดใจกันอยู่เสมอ.
เสข- 0,น.,เสกขะ.
เสขบุคคล 0,น.,ผู้ที่ยังต้องศึกษาอยู่ หมายถึง พระอริยะที่ยังไม่บรรลุพระอรหัตผล.
เสขะ 0,น.,เสกขะ.
เสความ 0,ก.,ทำเนื้อความให้เชือนแชหรือไถลไปเป็นเรื่องอื่น.
เส้ง 0,น.,"ชื่อไม้ล้มลุก ๒ ชนิดในวงศ์ Sterculiaceae คือ ชนิด Pentapetes phoenicea L. ใบเรียวยาว ดอกสีแดงคลํ้า, บานเที่ยง ก็เรียก และชนิด Melochia corchorifolia L. ดอกสีชมพูอ่อน, เส้งเล็ก ก็เรียก."
เส้ง 1,น.,ปอกระเจา. [ดู กระเจา (๑)]
เส้ง 2,น.,ชื่อไม้พุ่มขนาดเล็กชนิด Triumfetta bartramia L. ในวงศ์ Tiliaceae ดอกสีเหลือง ผลกลมเล็ก มีขนแข็งคล้ายหนาม.
เส็ง 0,ว.,พาลเกะกะ.
เส็งเคร็ง 0,ว.,"เลว, ไม่ดี, ไม่มีค่า, ไม่มีราคา, เช่น ของเส็งเคร็งไม่มีใครต้องการ ป่านี้ไม้ดี ๆ ถูกตัดไปหมดแล้ว เหลือแต่ไม้เส็งเคร็ง."
เส้งเล็ก 0,น.,"ชื่อไม้ล้มลุก ๒ ชนิดในวงศ์ Sterculiaceae คือ ชนิด Pentapetes phoenicea L. ใบเรียวยาว ดอกสีแดงคลํ้า, บานเที่ยง ก็เรียก และชนิด Melochia corchorifolia L. ดอกสีชมพูอ่อน, เส้งเล็ก ก็เรียก."
เสงี่ยม 0,ก.,สำรวมกิริยาวาจาด้วยเจียมตัว.
เสงี่ยม 1,ว.,สุภาพเรียบร้อย.
เสงี่ยมเจียมตัว 0,ก.,สำรวมกิริยาวาจาด้วยเจียมตัว.
เสงี่ยมเจียมตัว 1,ว.,สุภาพเรียบร้อย.
เสงี่ยมหงิม 0,ก.,สำรวมกิริยาไม่ค่อยพูดจา.
เสฉวน 0,น.,"ชื่อปูทะเล มีหลายสกุลหลายวงศ์ ต่างจากปูทั่วไปที่มีท้องอ่อนนิ่ม ส่วนใหญ่อาศัยอยู่ในเปลือกหอยกาบเดี่ยว พบตามชายฝั่งหรือน้ำลึก เช่น ในสกุล Clibanariusวงศ์ Paguridae อยู่ตามโขดหินชายทะเล, ในสกุล Coenobitaวงศ์ Coenobitidae อยู่บนบกริมทะเล, ในสกุล Parapagurusวงศ์ Parapaguridae อยู่ในน้ำลึกระหว่าง ๘๐-๒๐๐ เมตร."
เสฏฐี 0,น.,"เศรษฐี, คนมั่งมี."
เสณี 0,น.,"แถว, สาย"
เสณี 1,น.,"พวก, หมวด."
เสด 0,น.,ปีจอ.
เสด็จ 0,น.,คำเรียกเจ้านายชั้นพระองค์เจ้าที่เป็นพระราชโอรสพระราชธิดา.
เสด็จ 1,ก.,ไป เช่น เสด็จประพาส.
เสด็จในกรม 0,น.,พระราชโอรสของพระมหากษัตริย์ ชั้นพระองค์เจ้าที่ทรงกรม.
เสด็จพระราชดำเนิน 0,ก.,เดินทาง (ใช้แก่พระมหากษัตริย์ สมเด็จพระบรมราชินีนาถ สมเด็จพระบรมราชินี สมเด็จพระบรมราชชนนี สมเด็จพระบรมโอรสาธิราช สยามมกุฎราชกุมาร และสมเด็จพระเทพรัตนราชสุดาฯ สยามบรมราชกุมารี) เช่น เสด็จพระราชดำเนินโดยทางสถลมารค เสด็จพระราชดำเนินโดยรถยนต์พระที่นั่ง.
เสด็จสวรรคต 0,ก.,"ไปสู่สวรรค์, ตาย, (ใช้แก่พระมหากษัตริย์ สมเด็จพระบรมราชินีนาถ สมเด็จพระบรมราชินี หรือผู้ที่ทรงพระกรุณาโปรดเกล้าโปรดกระหม่อมเป็นการเฉพาะ เช่น สมเด็จพระบรมโอรสาธิราช เจ้าฟ้ามหาวชิรุณหิศ สยามมกุฎราชกุมาร สมเด็จพระเจ้าบรมวงศ์เธอ กรมพระยาสุดารัตนราชประยูร)."
เสด็จสวรรคต 1,ก.,"ไปสู่สวรรค์, ตาย, (ใช้แก่พระมหากษัตริย์ สมเด็จพระบรมราชินีนาถ สมเด็จพระบรม-ราชินี หรือผู้ที่ทรงพระกรุณาโปรดเกล้าโปรดกระหม่อมเป็นการเฉพาะ เช่น สมเด็จพระบรมโอรสาธิราช เจ้าฟ้ามหาวชิรุณหิศ สยามมกุฎราชกุมาร สมเด็จพระเจ้าบรม-วงศ์เธอ กรมพระยาสุดารัตนราชประยูร)."
เสต- 0,ว.,"เศวต, สีขาว."
เสตุ 0,น.,"สะพาน, ทำนบ."
เสถียร 0,ว.,"มั่นคง, แข็งแรง, คงตัว."
เสถียร- 0,ว.,"มั่นคง, แข็งแรง, คงตัว."
เสถียรภาพ 0,น.,"ความมั่นคง, ความคงตัว, ความไม่เปลี่ยนแปลง, เช่น เสถียรภาพทางการเมือง เศรษฐกิจไม่ดีรัฐบาลก็ไม่มีเสถียรภาพ."
เสทะ 0,น.,"เหงื่อ, เหงื่อไคล."
เสโท 0,น.,"เหงื่อ, เหงื่อไคล."
เส้น 0,น.,สิ่งที่มีลักษณะเป็นสาย แถว แนว ที่ไม่จำกัดความยาว เช่น เส้นผม เส้นขน เส้นโลหิต
เส้น 1,น.,เส้นเลือด เส้นเอ็น และเส้นประสาท
เส้น 2,น.,รอยที่ปรากฏเป็นทางบนพื้นเป็นแนว เช่น เส้นขอบฟ้า
เส้น 3,น.,ชื่อมาตราวัด ๒๐ วา เป็น ๑ เส้น
เส้น 4,น.,สิ่งซึ่งมีแต่ความยาว ไม่มีความกว้างและความหนา.
เสน 0,น.,"สารประกอบประเภทออกไซด์ของตะกั่ว มีสูตร Pb_3O_4 ลักษณะเป็นผงละเอียด สีแดงเข้ม ใช้ประโยชน์ในอุตสาหกรรมทำสีทาและทำแก้ว, ตะกั่วแดง ก็เรียก. (อ. red lead, minium). (ดู ตะกั่วแดง ที่ ตะกั่ว)."
เสน 1,น.,ชื่อลิงชนิด Macaca arctoides (Geoffroy) ในวงศ์ Cercopithecidae ตัวค่อนข้างโต ขนสีนํ้าตาลอมแดง หน้าแดง ก้นแดง หางสั้นมาก ลูกที่เกิดใหม่ขนลำตัวมีสีเหลือง.
เสน- 0,น.,"เสนา, กองทหาร, หมู่ทหาร."
เส้นกระแส 0,น.,เส้นวัดที่ดินทำด้วยหวายหรือเหล็กเป็นต้น.
เส้นแกงร้อน 0,น.,"แป้งถั่วเขียวทำเป็นเส้นเล็ก ๆ ยาวอย่างเส้นลวด เมื่อแช่นํ้าทำให้อ่อนคล้ายวุ้น ใช้ทำเป็นอาหาร เช่น แกงร้อน, วุ้นเส้น ก็เรียก."
เส้นขนาน 0,น.,เส้นตรงคู่ใด ๆ ซึ่งอยู่ห่างกันเป็นระยะเท่ากันโดยตลอด
เส้นขนาน 1,น.,"เส้นหรือวงกลมเล็กบนผิวโลกที่ขนานกับเส้นศูนย์สูตร ซึ่งจุดทุกจุดบนเส้นนี้มีค่าละติจูดเท่ากัน, เรียกเต็มว่า เส้นขนานละติจูด."
เส้นแข็ง 0,น.,อาการที่กล้ามเนื้อตึงจนแข็งทำให้เลือดลมเดินไม่สะดวก
เส้นแข็ง 1,น.,ผู้มีอำนาจสนับสนุนอยู่เบื้องหลัง.
เสนง 0,น.,"เขาสัตว์, เขนง, แสนง ก็ใช้."
เสน่ง 0,น.,"เขาสัตว์, เขนง, แสนง ก็ใช้."
เส้นจม 0,น.,อาการที่เส้นเลือดถูกกล้ามเนื้อที่ตึงแข็งกดให้อยู่ลึกลงไปกว่าปรกติ.
เส้นชัย 0,น.,เส้นที่กำหนดไว้ว่าผู้เข้าแข่งขันที่ไปถึงก่อนเป็นผู้ชนะ.
เส้นด้าย 0,น.,"ชื่อพยาธิชนิด Enterobius vermicularis (Linn.) ในวงศ์ Oxyuridae ลำตัวเรียวยาว สีขาวหม่น ตัวผู้ยาว ๒-๕ มิลลิเมตร ตัวเมียยาว ๘-๑๓ มิลลิเมตร หางแหลม ตัวเต็มวัยอาศัยอยู่ในลำไส้ใหญ่ของมนุษย์และลิงชิมแปนซี พบมากในเด็ก, เข็มหมุด ก็เรียก."
เส้นตรง 0,น.,เส้นที่สั้นที่สุดระหว่างจุด ๒ จุด.
เส้นตั้งฉาก 0,น.,เส้นตรงที่ทำมุม ๙๐° กับอีกเส้นตรงหนึ่ง.
เส้นตาย 0,น.,"วันเวลาที่กำหนดเป็นขั้นเด็ดขาด, ใช้ว่า ขีดเส้นตาย หรือ กำหนดเส้นตาย เช่น กำหนดเส้นตายให้รื้อถอนสิ่งปลูกสร้างไปให้หมดภายใน ๓๐ วัน."
เส้นตึง 0,น.,อาการที่กล้ามเนื้อตึงเกิดจากเลือดลมเดินไม่สะดวกหรือออกกำลังกายไม่ถูกวิธีเป็นต้น.
เส้นตื้น 0,ว.,ที่ทำให้รู้สึกขันหรือหัวเราะได้ง่าย เช่น เขาเป็นคนเส้นตื้น ได้ยินเรื่องขำขันนิดหน่อยก็หัวเราะ.
เส้นทแยง 0,น.,เส้นตรงที่ลากในแนวเอียงจากจุดหนึ่งถึงอีกจุดหนึ่ง.
เส้นทแยงมุม 0,น.,เส้นตรงที่ลากจากมุมหนึ่งไปยังมุมตรงข้าม.
เส้นทาง 0,น.,"ทาง, แนวทาง, เช่น ไปสำรวจเส้นทางก่อนเดินทาง."
เส้นบรรทัด 0,น.,เส้นที่ตีหรือพิมพ์ไว้บนกระดาษเป็นต้นเพื่อเขียนหรือพิมพ์ตัวอักษรบนเส้น ใต้เส้น หรือระหว่างเส้น.
เส้นบังคับ 0,น.,"เส้นตรงที่ตรึงอยู่กับที่ซึ่งคู่กับจุดโฟกัส ใช้กำหนดบังคับเซตของจุดชุดหนึ่งให้เรียงกันเป็นเส้นโค้งในระบบภาคตัดกรวย, เดิมใช้ว่า ไดเรกตริกซ์."
เส้นผมบังภูเขา 0,น.,เรื่องง่าย ๆ แต่คิดไม่ออก เหมือนมีอะไรมาบังอยู่.
เส้นผมผ่าแปด 0,ว.,เฉียดกันนิดเดียว เช่น เขายิงพลาดเป้าไปเพียงเส้นผมผ่าแปด
เส้นผมผ่าแปด 1,ว.,"เล็กมาก, ละเอียดมาก, เช่น เรื่องนี้ไม่ต้องอธิบายถี่ถ้วนอย่างเส้นผมผ่าแปด, เส้นยาแดงผ่าแปด ก็ว่า."
เส้นผ่านศูนย์กลาง 0,น.,คอร์ดของวงกลมหรือของวงรี ซึ่งลากผ่านจุดศูนย์กลาง.
เส้นผ่าศูนย์กลาง 0,น.,คอร์ดของวงกลมหรือของวงรี ซึ่งลากผ่านจุดศูนย์กลาง.
เส้นแผลง 0,น.,เส้นที่เยื้องไปเยื้องมามีลักษณะเหมือนฟันปลา ใช้เขียนแบ่งภาพเป็นตอน ๆ ในงานจิตรกรรมฝาผนัง.
เส้นยาแดงผ่าแปด 0,ว.,เฉียดกันนิดเดียว เช่น เขายิงพลาดเป้าไปเพียงเส้นยาแดงผ่าแปด
เส้นยาแดงผ่าแปด 1,ว.,"เล็กมาก, ละเอียดมาก, เช่น เรื่องนี้ไม่ต้องอธิบายถี่ถ้วนอย่างเส้นยาแดงผ่าแปด, เส้นผมผ่าแปด ก็ว่า."
เส้นยึด 0,น.,อาการที่เส้นตึงหรือแข็งยึดทำให้เคลื่อนไหวไม่สะดวก.
เส้นใย 0,น.,วัสดุที่เป็นเส้น ใช้ประโยชน์นำไปทำสิ่งทอเช่นเสื้อผ้า พรม แบ่งเป็น ๒ ประเภท คือ เส้นใยธรรมชาติ ประเภทนี้มีอยู่ในธรรมชาติ เช่น เส้นใยที่ได้จากขนสัตว์ ฝ้าย นุ่น ป่าน ปอ ไหม แร่ซิลิเกต และเส้นใยสังเคราะห์ ประเภทนี้ไม่มีในธรรมชาติ เป็นเส้นใยที่สร้างขึ้นโดยวิธีทางเคมี เช่น ไนลอน ไหมเทียม เส้นใยแก้ว.
เส้นใยแก้ว 0,น.,เส้นใยสังเคราะห์ทําจากแก้วให้เป็นเส้นเล็ก ๆ มีขนาดเส้นผ่าศูนย์กลางน้อยกว่า เซนติเมตร นําไปทอให้เป็นแผ่นแล้วชุบฉาบด้วยเรซินซึ่งเป็นสารประเภทพลาสติก ผลที่ได้เป็นแผ่นวัสดุที่เหนียวแข็งแรง ใช้ประโยชน์ทําเป็นแผ่นฉนวนความร้อน กันเสียง เสื้อเกราะกันกระสุน สร้างเรือขนาดเล็ก สร้างส่วนตัวถังรถยนต์ เป็นต้น.
เส้นรอบวง 0,น.,เส้นโค้งที่เป็นแนวขอบทั้งหมดของรูปวงกลมหรือของวงรี.
เส้นรัศมี 0,น.,เส้นตรงที่เชื่อมจุดศูนย์กลางของวงกลมกับจุดใด ๆ บนเส้นรอบวง.
เส้นรุ้ง 0,น.,ละติจูด.
เส้นแร 0,น.,เส้นที่แกะบนไม้หรือบนผิวโลหะ.
เส้นลายมือ 0,น.,"รอยเส้นที่ฝ่ามือและนิ้ว, ลายมือ ก็ว่า, ราชาศัพท์ใช้ว่า เส้นลายพระหัตถ์."
เส้นลึก 0,ว.,ที่ทําให้รู้สึกขันหรือหัวเราะได้ยาก เช่น เขาเป็นคนเส้นลึก แม้จะได้ยินเรื่องขำขันอย่างไรก็ไม่หัวเราะ
เส้นลึก 1,ว.,อาการที่เก็บความรู้สึกได้ดีจนยากที่จะสังเกตได้ว่าพอใจหรือไม่พอใจสิ่งใด เช่น เขาจับเส้นเจ้านายไม่ถูก เพราะเป็นคนเส้นลึกมาก.
เส้นลึก 2,น.,เส้นที่อยู่ในตำแหน่งลึกของร่างกาย เช่นอยู่ชิดหรือใกล้ซอกกระดูกหรือในท้อง ทำให้กดหรือจับยาก.
เส้นเลือด 0,น.,"หลอดเลือด. (อ. blood vessel), โดยปริยายหมายถึง เส้นทางนําความสมบูรณ์ไปหล่อเลี้ยงแหล่งต่าง ๆ เช่น แม่นํ้าเจ้าพระยาเป็นเส้นเลือดใหญ่หล่อเลี้ยงภาคกลางของประเทศไทย."
เส้นวันที่ 0,น.,เส้นสมมุติซึ่งนานาชาติได้ตกลงกันโดยกําหนดให้ใช้เป็นเขตการเปลี่ยนวันที่เมื่อเดินทางข้ามเส้นนี้ไป.
เส้นแวง 0,น.,ลองจิจูด.
เส้นศูนย์สูตร 0,น.,เส้นวงกลมสมมุติที่ลากรอบโลก และแบ่งโลกออกเป็นส่วนซีกโลกเหนือกับ ส่วนซีกโลกใต้.
เส้นสมมาตร 0,น.,เส้นตรงซึ่งแบ่ง รูปใด ๆ ออกเป็น ๒ ส่วนที่มีรูปร่างและขนาดเท่ากันทุกประการ.
เส้นสัมผัส 0,น.,เส้นตรงที่ตัด เส้นโค้งเส้นหนึ่ง ณ ตำแหน่งที่จุดตัดทั้ง ๒ ใกล้ชิดกันมากจนถือได้ว่าเป็นจุดเดียวกัน.
เส้นสาย 0,น.,ระบบเส้นของร่างกาย โดยปริยายหมายความว่า พวกพ้องหรือผู้ช่วยเหลือที่สามารถอำนวยประโยชน์ให้ได้.
เส้นเสียง 0,น.,แผ่นเอ็นบาง ๆ ที่อยู่ในกล่องเสียง เป็นส่วนสำคัญในการเปล่งเสียง.
เสนห- 0,น.,ความรัก.
เสน่ห์ 0,น.,ลักษณะที่ชวนให้รัก เช่น เธอเป็นคนมีเสน่ห์
เสน่ห์ 1,น.,วิธีการทางไสยศาสตร์ที่ทำให้คนอื่นรัก เช่น เขาถูกเสน่ห์.
เสน่ห์จันทร์ขาว 0,น.,"ชื่อไม้ล้มลุกชนิด Homalomena lindenii (Rodigas) Ridl. ในวงศ์ Araceae, ว่านเสน่ห์จันทร์ขาว ก็เรียก."
เสน่ห์จันทร์แดง 0,น.,"ชื่อไม้ล้มลุกชนิด Homalomena rubescens (Roxb). Kunth ในวงศ์ Araceae เหง้ามีกลิ่นหอมใช้ทำยาได้, ว่านเสน่ห์จันทร์แดง ก็เรียก."
เสน่ห์ปลายจวัก 0,น.,เสน่ห์ที่เกิดจากฝีมือปรุงอาหารให้โอชารส.
เส้นหมี่ 0,น.,แป้งข้าวเจ้าที่โรยเป็น เส้นลงในนํ้าเดือดพอสุกแล้วนํามาตากแห้ง.
เสนหา 0,น.,ความรัก.
เสน่หา 0,น.,ความรัก.
เสนอ 0,ก.,"ยื่นเรื่องราว ความเห็น ญัตติ เป็นต้น เพื่อให้ทราบ ให้พิจารณา หรือให้สั่งการ เช่น เสนอรายงานการเดินทางให้ผู้บังคับบัญชาทราบ เสนอโครงการให้พิจารณา เสนอบันทึกความเห็นเพื่อพิจารณาสั่งการ ลูก ๆ เสนอให้ไปพักผ่อนชายทะเล, แสดงให้เห็น เช่น เสนอตัวอย่างสินค้า เสนอละครเรื่องใหม่."
เสนอตัว 0,ก.,แสดงความจำนงมอบตัวให้พิจารณาเพื่อแต่งตั้งหรือรับไว้ทำงานเป็นต้น เช่น เขาเสนอตัวรับใช้ประชาชน เขาเสนอตัวเป็นนายกสมาคม.
เสนอหน้า 0,ก.,"แสดงตัวให้ผู้มีอำนาจเหนือเห็นอยู่เสมอทั้ง ๆ ที่ตนเองมิได้มีหน้าที่เกี่ยวข้อง เพื่อผลประโยชน์ตอบแทน, พยายามแสดงตัวให้ปรากฏต่อสาธารณชนอยู่เสมอ เช่น เวลาเขาถ่ายรูปกันจะต้องเสนอหน้าเข้าไปร่วมถ่ายรูปด้วย."
เส้นเอ็น 0,น.,เอ็น.
เส้นฮ่อ 0,น.,"ลายเส้นที่เขียนเป็นไพรคิ้ว ไพรปาก บนหน้าโขน ประกอบด้วยเส้นสีแดง ดินแดง และสีทอง, ลายฮ่อ ก็เรียก."
เสนะ 0,น.,เหยี่ยว.
เสน่า 0,น.,มีดสั้นสำหรับเหน็บประจำตัว.
เสนา 0,น.,ข้าราชการฝ่ายทหาร.
เสนา 1,น.,"วัดนา, ตรวจสอบที่นา, แสนา ก็ว่า."
เสนากุฎ 0,น.,เสื้อทหารสมัยโบราณ พิมพ์เป็นลายสี รูปสิงห์ขบที่หน้าอกและต้นแขน สำหรับแต่งเข้ากระบวนแห่ของหลวง.
เสนางค์ 0,น.,ส่วนแห่งกองทัพโบราณมี ๔ ส่วน คือ พลช้าง พลม้า พลรถ และพลเดินเท้า.
เสนางคนิกร 0,น.,ส่วนแห่งกองทัพโบราณมี ๔ ส่วน คือ พลช้าง พลม้า พลรถ และพลเดินเท้า.
เสนาธิการ 0,น.,ตำแหน่งนายทหารผู้ทำหน้าที่หาและให้ข่าวสารประมาณการ ให้ข้อเสนอแนะ ทำแผนและคำสั่ง กำกับดูแลทางฝ่ายอำนวยการ และติดต่อประสานงานระหว่างผู้บังคับบัญชากับหน่วยทหาร แต่ไม่มีหน้าที่สั่งการบังคับบัญชาหน่วยทหาร.
เสนาธิปัต 0,น.,"ฉัตรผ้าขาวองค์ ๑ ใน ๓ องค์ ซึ่งเป็นชุดที่เรียกว่า พระกรรภิรมย์ ประกอบด้วยพระเสนาธิปัต พระฉัตรชัย พระเกาวพ่ายหรือพระเกาวพ่าห์, โบราณใช้ว่า พระเสมาธิปัติ."
เสนานี 0,น.,ผู้นำทัพ.
เสนาบดี 0,น.,แม่ทัพ
เสนาบดี 1,น.,ข้าราชการชั้นผู้ใหญ่
เสนาบดี 2,น.,เจ้ากระทรวงซึ่งเทียบเท่ารัฐมนตรีว่าการในปัจจุบัน.
เสนาพยุห์ 0,น.,กระบวนทัพ.
เสนาพยูห์ 0,น.,กระบวนทัพ.
เสนาสนะ 0,น.,"ที่นอนและที่นั่ง, ที่อยู่. (ใช้เฉพาะพระภิกษุ สามเณร)."
เสนาะ 0,ว.,"น่าฟัง, เพราะ, เช่น เพลงนี้ไพเราะเสนาะหู"
เสนาะ 1,ว.,"วังเวงใจ, เศร้าใจ, เช่น แถลงปางบำราศห้อง โหยครวญ เสนาะเสน่ห์กำสรวล สั่งแก้ว (นิ. นรินทร์)."
เสนาะ 2,น.,เสื้อชนิดหนึ่ง เช่น บ้างสวมใส่เสนาะเกราะพราย (ขุนช้างขุนแผน).
เสนี 0,น.,เสนา.
เสนีย์ 0,น.,"จอมทัพ, ผู้นำทัพ."
เสนียด 0,น.,"ชื่อไม้พุ่มชนิด Justicia adhatodaL. ในวงศ์ Acanthaceae ใบยาวรีออกตรงข้ามกัน ดอกสีขาวออกเป็นช่อตามยอด มีกาบหุ้ม ใบใช้ทำยาได้, กระเหนียด ก็เรียก."
เสนียด 1,น.,เรียกหวีที่มีซี่ละเอียดทั้ง ๒ ข้าง ว่า หวีเสนียด.
เสนียด 2,ว.,"จัญไร, อัปมงคล, เช่น อย่าทำตัวเป็นเสนียดแผ่นดิน."
เสนียะ 0,น.,"จอมทัพ, ผู้นำทัพ."
เสบย 0,ก.,สบาย เช่น วันนี้ดูหน้าตาไม่เสบย.
เสบียง 0,น.,"อาหารที่จะเอาไปกินระหว่างเดินทางไกล, อาหารที่เก็บไว้สำหรับบริโภค, มักใช้เข้าคู่กับคำ อาหาร เป็น เสบียงอาหาร."
เสบียงกรัง 0,น.,"อาหารที่เก็บไว้กินได้นาน ๆ, อาหารรองรัง, เช่น ในยามสงครามต้องเตรียมเสบียงกรังไว้มาก ๆ."
เสพ 0,ก.,คบ เช่น ซ่องเสพ
เสพ 1,ก.,"กิน, บริโภค, เช่น เสพสุรา"
เสพ 2,ก.,ร่วมประเวณี เช่น เสพเมถุน.
เสเพล 0,ว.,"ชอบประพฤติเหลวไหล, ไม่เอางานเอาการ, เช่น คนเสเพล, มีความประพฤติเหลวแหลก ในคำว่า หญิงเสเพล."
เสภา 0,น.,"ชื่อกลอนชนิดหนึ่ง นิยมแต่งเล่าเรื่องค่อนข้างยาว ใช้ขับ เช่น เสภาขุนช้างขุนแผน, เวลาขับมีกรับเป็นเครื่องประกอบจังหวะ ต่อมาใช้ปี่พาทย์รับ."
เสภาทรงเครื่อง 0,น.,"เสภาที่ใช้ปี่พาทย์บรรเลงรับเวลาร้องส่ง บางทีมีเพลงหน้าพาทย์ประกอบ, เสภาส่งเครื่อง ก็ว่า."
เสภารำ 0,น.,เสภาทรงเครื่องที่มีตัวละครออกมารำประกอบการขับ.
เสภาส่งเครื่อง 0,น.,เสภาทรงเครื่อง.
เสม็ด 0,น.,ชื่อไม้ต้นหลายชนิด ในวงศ์ Myrtaceae เช่น ชนิดMelaleuca cajuputiPowell ใช้เปลือกและเนื้อไม้ผุคลุกกับนํ้ามันยางทำไต้ เรียกว่า ไต้เสม็ด ใบให้น้ำมันเขียว ใช้ทำยาได้.
เสม็ดชุน 0,น.,"ชื่อไม้ต้นชนิด Syzygium gratum (Wight) S.N. Mitra ในวงศ์ Myrtaceae ใบเดี่ยว เรียงตรงข้าม แผ่นใบหนา ใบอ่อนสีชมพูอมแดง กินเป็นผักได้ ดอกสีขาว ออกเป็นช่อ, เสม็ดชุน ก็เรียก."
เสมหะ 0,น.,"เสลด, เมือกที่ออกจากลำคอ ทรวงอก และลำไส้."
เสมอ 0,ว.,"เท่ากัน, พอ ๆ กัน, เหมือนกัน, เช่น กรรมการตัดสินให้เสมอกัน ไม่มีใครแพ้ใครชนะ"
เสมอ 1,ว.,"เพียง, แค่, เช่น ราคาของ ๔๐,๐๐๐ บาท เห็นจะซื้อไม่ไหว เสมอสัก ๓๐,๐๐๐ บาท ก็พอจะสู้ได้."
เสมอ 2,ก.,"เข้าข้าง, คาดว่าจะชนะ, เช่น มวยคู่นี้คุณจะเสมอฝ่ายไหน."
เสมอ 3,น.,ชื่อเพลงไทยประเภทเพลงหน้าพาทย์ ใช้ประกอบการเดินของตัวละครในระยะใกล้ ๆ มีหลายทำนองขึ้นอยู่กับตัวแสดง เช่น เสมอมาร เสมอเถร เสมอผี เสมอตีนนกหรือบาทสกุณี (ใช้กับมนุษย์).
เสมอ ๆ 0,ว.,"เรียบราบ, ไม่ลุ่ม ๆ ดอน ๆ, เช่น ปรับพื้นให้เสมอ ๆ กัน"
เสมอ ๆ 1,ว.,"ตลอดไป, บ่อยและเป็นประจำ, เช่น เขามาหาเสมอ ๆ."
เสมอใจ 0,ว.,"เหมือนใจ, ได้ดังใจ."
เสมอต้นเสมอปลาย 0,ว.,"สมํ่าเสมอ, คงเส้นคงวา, ไม่เปลี่ยนแปลง, มักใช้ในทางดี เช่น แม้เขาจะมีอำนาจวาสนา เขาก็ยังไปเยี่ยมเยียนครูบาอาจารย์เสมอต้นเสมอปลาย."
เสมอตัว 0,ว.,"ไม่ได้ไม่เสีย, ไม่ขาดทุน, เช่น เขาลงทุนครั้งนี้มีแต่เสมอตัว ไม่มีหวังได้กำไร."
เสมอตีนนก 0,น.,"ชื่อเพลงไทยประเภทเพลงหน้าพาทย์, เสมอตีนนก ก็เรียก."
เสมอนอก 0,ว.,เข้าข้างอยู่ภายนอก เช่น ในการแข่งขันชกมวย ผู้ดูเป็นฝ่ายเสมอนอก.
เสมอบ่าเสมอไหล่ 0,ว.,"เทียบเท่ากัน, เท่าเทียมกัน, เช่น เขาพยายามสร้างฐานะจนเสมอบ่าเสมอไหล่กับญาติพี่น้อง, เทียมบ่าเทียมไหล่ หรือ เทียมหน้าเทียมตา ก็ว่า."
เสมอภาค 0,ว.,"มีส่วนเท่ากัน, เท่าเทียมกัน, เช่น ในปัจจุบันบุรุษและสตรีมีสิทธิเสมอภาคกัน."
เสมอสอง 0,ว.,"เทียบเท่า, เทียบคู่, (มักใช้ในความปฏิเสธ) เช่น พระสังข์ครั้งนี้จะถอดเงาะ งามเหมาะไม่มีเสมอสอง (สังข์ทอง)."
เสมอหน้า 0,ว.,"ทั่วถึงและเท่าเทียมกัน, ทัดเทียม, ไม่โอนเอียงเข้าข้างใดข้างหนึ่ง, เช่น รักลูกเสมอหน้ากัน."
เสมอเหมือน 0,ว.,"เทียบเท่า, เทียบเหมือน, (มักใช้ในความปฏิเสธ) เช่น ผู้หญิงคนนี้งามไม่มีใครเสมอเหมือน เด็กคนนั้นซนไม่มีใครเสมอเหมือน."
เสมา 0,น.,"สีมา, เครื่องหมายบอกเขตโบสถ์"
เสมา 1,น.,เรียกสิ่งที่มีลักษณะคล้ายใบสีมาที่เรียงกันอยู่บนกำแพงอย่างกำแพงเมือง ว่า ใบเสมา
เสมา 2,น.,เครื่องประดับหรือเครื่องรางสำหรับห้อยคอ มีรูปร่างอย่างใบเสมา.
เสมา 3,น.,ชื่อไม้พุ่ม ๒ ชนิดในสกุล Opuntia วงศ์ Cactaceae ลำต้นแบนอวบนํ้า มีหนามแข็งเป็นกระจุกทั่วไป คือ ชนิด O. elatiorMill. และชนิด O. humifusa (Raf.) Raf. ชนิดหลัง หนามเสมา ก็เรียก.
เสมา 4,น.,หญ้า.
เสมียน 0,น.,"เจ้าหน้าที่เกี่ยวกับหนังสือ, (โบ) ตำแหน่งเจ้าหน้าที่ระดับล่างที่มีหน้าที่เกี่ยวกับการเขียนหนังสือเป็นต้น."
เสมียนตรา 0,น.,เรียกตำแหน่งเจ้ากรมหนึ่งในกระทรวงกลาโหม ว่า เจ้ากรมเสมียนตรา.
เสมือน 0,ว.,"เหมือนกับ, เหมือนกัน, คล้ายคลึงกัน, เช่น รักกันเสมือนญาติ."
เสย 0,ก.,"ช้อนขึ้น เช่น ช้างเสยงา, เอาหวีหรือนิ้วมือไสผมขึ้นไป ในคำว่า เสยผม, เกย เช่น เสยหัวเรือเข้าตลิ่ง, โดยปริยายหมายถึงอาการอย่างอื่นที่มีลักษณะเช่นนั้น เช่น เอาหมัดเสยคาง."
เสร็จ 0,ก.,"จบ, สิ้น, เช่น พอเสร็จงานเขาก็กลับบ้าน"
เสร็จ 1,ก.,สมใจหมาย เช่น ถ้าเขาเชื่อเรา เขาก็เสร็จเราแน่
เสร็จ 2,ก.,"เสียที, เสียรู้, เช่น ถ้าเราไว้ใจคนขี้โกง เราก็เสร็จเขาแน่"
เสร็จ 3,ก.,"เสียหาย, พัง, เช่น เกิดพายุใหญ่ นาเสร็จไปหลายร้อยไร่"
เสร็จ 4,ก.,ตาย เช่น ใครที่ป่วยเป็นมะเร็งถึงขั้นนี้แล้ว อีกไม่นานก็เสร็จแน่
เสร็จ 5,ก.,เกิดผลร้าย เช่น ขืนเสนอเรื่องนี้ขึ้นไป มีหวังเสร็จแน่.
เสร็จ 6,ว.,แล้ว เช่น พอพูดเสร็จก็เดินออกไป.
เสร็จกัน 0,*ก.,คำที่เปล่งออกมาแสดงความผิดหวัง เช่น เสร็จกัน ยังไม่ทันได้ออกแสดง เสื้อผ้าก็เปื้อนหมดแล้ว เสร็จเลย ลืมเอากระเป๋าสตางค์มา.
เสร็จเลย 0,*ก.,คำที่เปล่งออกมาแสดงความผิดหวัง เช่น เสร็จกัน ยังไม่ทันได้ออกแสดง เสื้อผ้าก็เปื้อนหมดแล้ว เสร็จเลย ลืมเอากระเป๋าสตางค์มา.
เสร็จสรรพ 0,ว.,เสร็จหมดทุกอย่าง เช่น เมื่อปฏิบัติงานเสร็จสรรพ เขาก็ไปพักผ่อน.
เสร็จสิ้น 0,ก.,"สำเร็จแล้ว, หมดแล้ว, เช่น ภารกิจที่ได้รับมอบหมายเสร็จสิ้นแล้ว."
เสริด 0,ก.,"ห่าง, หนี, หลีกหนี, หนีรอด."
เสริด 1,ว.,"พ้น, เร็ว."
เสริม 0,ก.,"เพิ่ม, เติม, ต่อเติม, หนุน, เช่น เสริมคันกั้นน้ำ เสริมกราบเรือให้สูงขึ้น เสริมจมูก."
เสริม 1,ว.,ที่เพิ่มเติม เช่น อาหารเสริม เก้าอี้เสริม พูดเสริม.
เสริมส่ง 0,ก.,เกื้อหนุนให้เจริญขึ้น เช่น ครอบครัวที่ดีย่อมเสริมส่งให้หัวหน้าครอบครัวประสบความสำเร็จ.
เสริมสร้าง 0,ก.,เพิ่มพูนให้ดีหรือมั่นคงยิ่งขึ้น เช่น เสริมสร้างเอกลักษณ์ของชาติ เสริมสร้างสัมพันธไมตรีอันดี.
เสริมสวย 0,ก.,ตกแต่งให้ดูสวยงามขึ้น (มักใช้แก่สตรี).
เสริมสวย 1,น.,เรียกสถานที่รับแต่งผม แต่งหน้า แต่งเล็บ เป็นต้น ว่า ห้องเสริมสวย หรือ ร้านเสริมสวย.
เสรี 0,ว.,"ที่ทำได้โดยอิสระ, มีสิทธิที่จะทำจะพูดได้โดยไม่ละเมิดสิทธิของผู้อื่น."
เสรีไทย 0,น.,ขบวนการของชาวไทยที่ตั้งขึ้นในประเทศไทย สหรัฐอเมริกา และอังกฤษ มีความมุ่งหมายที่จะช่วยให้ประเทศชาติรอดพ้นจากการยึดครองของญี่ปุ่นในสงครามโลกครั้งที่ ๒ (พ.ศ. ๒๔๘๔-๒๔๘๘).
เสรีธรรม 0,น.,หลักเสรีภาพ.
เสรีนิยม 0,น.,ลัทธิเศรษฐกิจสังคมที่ต้องการให้รัฐเข้าไปยุ่งเกี่ยวควบคุมการดำเนินการทางเศรษฐกิจและการดำเนินชีวิตของเอกชนน้อยที่สุด
เสรีนิยม 1,น.,ทัศนคติทางสังคมที่ต้องการให้บุคคลมีสวัสดิการในด้านต่าง ๆ เพิ่มขึ้นและกระจายไปยังคนทุกกลุ่มอย่างทั่วถึง.
เสรีนิยม 2,ว.,"ชอบเสรีภาพ, ที่เป็นไปในทางส่งเสริมเสรีภาพ."
เสรีภาพ 0,น.,"ความสามารถที่จะกระทำการใด ๆ ได้ตามที่ตนปรารถนาโดยไม่มีอุปสรรคขัดขวาง เช่น เสรีภาพในการพูด เสรีภาพในการนับถือศาสนา, ความมีสิทธิที่จะทำจะพูดได้โดยไม่ละเมิดสิทธิของผู้อื่น."
เสล- 0,น.,"ภูเขา, หิน."
เสล- 1,ว.,เต็มไปด้วยหิน.
เสลด 0,น.,"เสมหะ, เมือกที่ออกจากลำคอ ทรวงอก และลำไส้."
เสลดพังพอน 0,น.,ชื่อไม้พุ่มชนิด Barleria lupulinaLindl. ในวงศ์ Acanthaceae มีหนามแหลมสีแดงตามข้อ เส้นกลางใบสีแดง ดอกสีเหลือง ออกเป็นช่อตามปลายกิ่ง.
เสลดหางวัว 0,น.,"เมือกข้นเหนียวที่ตีขึ้นมาจุกที่คอและปิดหลอดลม ทำให้หายใจไม่ออก, เสลดหางงัว ก็เรียก."
เสลบรรพต 0,น.,ภูเขาหิน.
เสลา 0,น.,"ภูเขา, หิน."
เสลา 1,ว.,เต็มไปด้วยหิน.
เสลา 2,น.,"ชื่อไม้ต้นชนิด Lagerstroemia loudoniiTeijsm. et Binn. ในวงศ์ Lythraceae ดอกสีชมพูถึงม่วง ออกเป็นช่อตามกิ่ง, อินทรชิต ก็เรียก."
เสลา 3,ว.,"สวย, งาม, เกลี้ยงเกลา, เปลา, โปร่ง, เฉลา ก็ว่า."
เสลี่ยง 0,น.,"ที่นั่งมีคานหามคู่หนึ่งสอดรับ เป็นเครื่องแสดงอิสริยยศ, ถ้าหามไป เรียกว่า เสลี่ยงหาม, ถ้าหิ้วไป เรียกว่า เสลี่ยงหิ้ว."
เสลี่ยงกง 0,น.,เสลี่ยงที่มีพนักโค้งเหมือนกงเรือ.
เสลี่ยงกลีบบัว 0,น.,เสลี่ยงชนิดที่เชิงแคร่ที่นั่งแกะไม้เป็นลายกลีบบัวโดยรอบ.
เสลียบ 0,น.,"ชื่อปลาทะเลชนิด Scomberoides tala (Cuvier) ในวงศ์ Carangidae ลำตัวแบนข้างและกว้างใกล้เคียงกับปลาสละ แต่มากกว่าปลาสีเสียดและปลาขานกยางซึ่งอยู่ในสกุลเดียวกัน ปากกว้าง ท้ายขากรรไกรบนยาวเลยแนวขอบหลังของตาเพียงเล็กน้อย เกล็ดเล็กยาวคล้ายเสี้ยนฝังแน่นในหนัง เส้นข้างตัวไม่มีเกล็ดที่เป็นสันแข็ง ครีบหลังตอนแรกมีก้านครีบแข็ง ๖-๗ ก้าน เรียงห่างกัน มีกระดูกเป็นหนาม ๒ อัน อยู่หน้าครีบก้นและพับซ่อนในร่องเนื้อได้ ลำตัวด้านบนสีเงินเทา ด้านข้างสีเงิน มีแต้มรูปไข่ยาวรีเรียงขวางอยู่ในแนวเส้นข้างตัว ๔-๘ แต้ม ขนาดยาวได้ถึง ๖๐ เซนติเมตร, เสลียบ ก็เรียก."
เสลือกสลน 0,ว.,เถลือกถลน.
เสโล 0,น.,"เครื่องกันอาวุธ, โล่."
เสวก 0,น.,ข้าราชการในราชสำนัก.
เสวกามาตย์ 0,น.,เสวกและอำมาตย์.
เสวนะ 0,ก.,"คบ เช่น ควรเสวนากับบัณฑิต ไม่ควรเสวนากับคนพาล, (ปาก) พูดจากัน เช่น หมู่นี้พวกเราไม่ค่อยได้พบปะเสวนากันเลย."
เสวนะ 1,น.,การสนทนาแลกเปลี่ยนความคิดเห็นกัน เช่น กลุ่มวรรณกรรมจัดเสวนาเรื่องสุนทรภู่.
เสวนา 0,ก.,"คบ เช่น ควรเสวนากับบัณฑิต ไม่ควรเสวนากับคนพาล, (ปาก) พูดจากัน เช่น หมู่นี้พวกเราไม่ค่อยได้พบปะเสวนากันเลย."
เสวนา 1,น.,การสนทนาแลกเปลี่ยนความคิดเห็นกัน เช่น กลุ่มวรรณกรรมจัดเสวนาเรื่องสุนทรภู่.
เสวย 0,ก.,กิน เช่น เสวยพระกระยาหาร เสวยพระสุธารส
เสวย 1,ก.,ครอง เช่น เสวยราชย์.
เสวย 2,ก.,"ได้รับ, ได้ประสบ, เช่น เสวยทุกขเวทนา, ได้รับประโยชน์ เช่น เสวยสิทธิ์."
เสวยกรรม 0,ก.,ตาย เช่น หนหลังเกรงแหล่งหล้า พระบาทคิดหนหน้า อยู่เกล้าเสวยกรรม (ลอ).
เสวยพระชาติ 0,ก.,เกิด (ใช้แก่พระพุทธเจ้าเมื่อครั้งเกิดเป็นพระโพธิสัตว์).
เสวียน 0,น.,"ของใช้ชนิดหนึ่ง ทำด้วยหญ้า หวาย หรือฟาง เป็นต้น ถักหรือมัดเป็นวงกลม มักมีหู ๒ ข้างสำหรับหิ้ว ใช้รองก้นหม้อที่หุงต้มด้วยเตาฟืนหรือเตาถ่าน, ของใช้ชนิดหนึ่ง ทำด้วยไม้ไผ่สานเป็นแผ่นกลม สำหรับรองหรือรับสิ่งต่าง ๆ มีพ้อมข้าวเป็นต้น."
เสสรวง 0,ก.,"บน, บูชา, เซ่น, สรวงเส ก็ใช้."
เสสรวล 0,ก.,"หัวเราะร่าเริง, หัวเราะอย่างสนุกสนานครึกครื้น, สรวลเส หรือ สรวลเสเฮฮา ก็ว่า."
เสสรวล 1,ก.,สรวลเส.
เสแสร้ง 0,ก.,"แกล้งทำให้เข้าใจเป็นอื่น, แกล้งทำไม่ตรงกับใจ, เช่น เขาเสแสร้งทำดีด้วยทั้ง ๆ ที่ไม่ชอบคนคนนั้น."
เส้า 0,น.,ไม้หลักหรือวัตถุที่ตั้งหรือปักเป็น ๓ มุมสำหรับรองรับ เช่น เอาก้อนอิฐมาวางให้เป็น ๓ เส้า.
เสา 0,น.,"ท่อนไม้สำหรับใช้เป็นหลักหรือเป็นเครื่องรองรับสิ่งอื่นมีเรือนเป็นต้น เช่น เสาเรือน เสาโทรเลข, เรียกสิ่งอื่น ๆ ที่ใช้ในลักษณะเช่นนั้น."
เสา 1,น.,มันเสา. (ดู มันเสา ที่ มัน ๑).
เสากระโดง 0,น.,"เสาสำหรับกางใบเรือ, เสาในเรือเดินทะเลใหญ่ ๆ ที่ไม่ใช้ใบเช่นเรือรบ สำหรับติดไฟ ธงเครื่องหมาย ธงสัญญาณ และธงรหัสต่าง ๆ ติดเรดาร์ ติดเสาอากาศสำหรับรับส่งคลื่นวิทยุ บนยอดเสามีรังกาเป็นที่สำหรับยามยืนเฝ้าตรวจสิ่งต่าง ๆ มีข้าศึก หินโสโครก เรืออื่น ๆ เป็นต้น."
เสาเกียด 0,น.,"ไม้ที่ปักขึ้นเป็นหลักกลางลาน สำหรับผูกควายหรือวัวให้ย่ำนวดข้าวไปรอบ ๆ, เกียด ก็ว่า."
เสาเข็ม 0,น.,"ไม้ที่เสี้ยมให้แหลมหรือวัตถุอื่นที่มีลักษณะเช่นนั้นสำหรับฝังเป็นรากสิ่งก่อสร้างกันทรุด, เข็ม ก็ว่า. (ดู เข็ม ๑)."
เสาเขื่อน 0,น.,ไม้หรือวัสดุอย่างอื่น มีลักษณะเป็นท่อนกลมหรือเป็นเหลี่ยม ปักล้อมเป็นรั้วกั้นเขตในวัดเป็นต้น.
เสาค่าย 0,น.,"ไม้หรือไม้ไผ่ปักรายล้อมหมู่บ้าน เมือง หรือที่ตั้งค่ายทหารในสมัยโบราณ, เสาระเนียด ก็ว่า."
เสาโคม 0,น.,ไม้ ไม้ไผ่ หรือเสาหินเป็นต้น ที่ปักสำหรับติดตั้งโคมหรือชักโคมขึ้นไปแขวนให้แสงสว่าง.
เสาชี้ 0,น.,เสาที่ยื่นออกไปทางหัวเรือ.
เสาดั้ง 0,น.,"เสาเรือนเครื่องสับ ตั้งอยู่บนหลังรอดตรงกึ่งกลางความยาวของตัวรอดขึ้นไปรับอกไก่, ดั้ง ก็ว่า."
เสาโด่ 0,น.,เสาเรือนเครื่องผูก มักใช้ไม้ไผ่ ตั้งอยู่กึ่งกลางบนหลังรอดขึ้นไปรับอกไก่.
เสาตรี 0,น.,เสาเรือนที่ตั้งถัดเสาโทไปทางทิศตะวันตก.
เสาตอม่อ 0,น.,"เสาขนาดสั้น มักใช้ไม้ไผ่ปักขึ้นสำหรับรับรอดในเรือนเครื่องผูก, ส่วนบนของฐานรากที่รองรับโครงสิ่งก่อสร้าง, ตอม่อ ก็ว่า, โดยปริยายหมายถึงมีรูปร่างล่ำเตี้ย เช่น เตี้ยม่อต้อเหมือนเสาตอม่อ"
เสาตอม่อ 1,น.,"เสาชาน เสาแคร่ หรือเสาช่วยค้ำจุนเรือนโดยปักแนบกับเสาเรือน, ตอม่อ หรือ เสาหมอ ก็ว่า."
เสาตะเกียบ 0,น.,"เสาสั้นคู่หนึ่งที่ฝังลงดินสำหรับขนาบเสากลางซึ่งอยู่เหนือพื้นดินอย่างเสาดอกไม้พุ่ม เสาหงส์ เสาโคม เสาธง ให้ตั้งตรง มีสลัก ๒ อัน เมื่อถอดสลักอันหนึ่งออกแล้วโน้มเสากลางลงมาได้, ตะเกียบ ก็ว่า."
เสาตะลุง 0,น.,"ไม้ท่อนกลม หัวเสากลึงเป็นรูปหัวเม็ดทรงมัณฑ์ ปักเป็นหลักคู่หนึ่ง สำหรับล่ามช้างหรือผูกช้างเครื่องยืนแท่น, ตะลุง ก็ว่า."
เสาโตงเตง 0,น.,"เสาไม้ขนาดใหญ่ ๒ เสาที่แขวนห้อยอยู่กลางประตูเพนียดให้ช้างเข้าออก, ประตูเข้ามีเสาโตงเตง ๒ ชั้น ส่วนประตูออกมีเสาโตงเตงชั้นเดียว, โตงเตง ก็ว่า."
เสาไต้ 0,น.,เสาที่ปักขึ้นไว้สำหรับปักไต้จุดให้แสงสว่างในสมัยโบราณ.
เสาทุบเปลือก 0,น.,เสาไม้เนื้ออ่อนลำขนาดย่อม ซึ่งทุบแล้วลอกเอาเปลือกออก แต่ไม่ได้ถากแต่ง ใช้ทำเสาเข็ม เสารั้ว เป็นต้น.
เสาโท 0,น.,เสาเรือนที่ตั้งอยู่ทางทิศใต้ของเสาเอก.
เสาธง 0,น.,เสาที่ใช้ชักธงขึ้นสู่ยอดเสา.
เสานางจรัล 0,น.,"เสาที่ปักรายเป็นแถว ไว้ระยะแต่ละต้นห่างกันพอสมควร สำหรับแสดงแนวถนนหรือกั้นเขต, เสานางเรียง ก็ว่า."
เสานางแนบ 0,น.,"เสาหินคู่หนึ่ง สลักลวดลายตั้งแนบกรอบเช็ดหน้า สำหรับประดับตกแต่ง ๒ ข้างประตูปราสาทหินให้ดูงดงาม และมีส่วนช่วยค้ำจุนทับหลังด้วย, เสาบังอวด ก็ว่า."
เสานางเรียง 0,น.,"เสาที่ปักรายเป็นแถว ไว้ระยะแต่ละต้นห่างกันพอสมควร สำหรับแสดงแนวถนนหรือกั้นเขต, เสานางจรัล ก็ว่า."
เสาในประธาน 0,น.,"เสาภายในอุโบสถ วิหาร ที่ตั้งเป็นคู่ ๆ แบ่งพื้นที่ระหว่างเสาเป็นห้อง ๆ ตั้งขึ้นไปรับโครงสร้างหลังคา มีทั้งเสากลม เสาเหลี่ยม เป็นต้น, เสาประธาน หรือ เสาร่วมใน ก็เรียก."
เสาบังอวด 0,น.,"เสาหินคู่หนึ่ง สลักลวดลายตั้งแนบกรอบเช็ดหน้า สำหรับประดับตกแต่ง ๒ ข้างประตูปราสาทหินให้ดูงดงาม และมีส่วนช่วยค้ำจุนทับหลังด้วย, เสานางแนบ ก็ว่า."
เสาประโคน 0,น.,"เสาใหญ่ที่ปักหมายเขตแดนระหว่างประเทศหรือเมืองเป็นต้น, ประโคน ก็ว่า."
เสาประธาน 0,น.,"เสาภายในอุโบสถ วิหาร ที่ตั้งเป็นคู่ ๆ แบ่งพื้นที่ระหว่างเสาเป็นห้อง ๆ ตั้งขึ้นไปรับโครงสร้างหลังคา มีทั้งเสากลม เสาเหลี่ยม เป็นต้น, เสาในประธาน หรือ เสาร่วมใน ก็เรียก."
เสาปอง 0,น.,"เสาเตี้ย ๆ สำหรับผูกเท้าหลังช้าง เช่น ผูกช้างยืนโรง ผูกช้างในการเล่นผัดช้าง, ปอง ก็ว่า."
เสาพล 0,น.,เสาเรือนทั้งหมดที่มิใช่เสาเอก เสาโท และเสาตรี.
เสาแพนก 0,น.,ฝาผนังส่วนนอกที่ก่อให้นูนหนาขึ้นดูคล้ายเสาเพื่อช่วยเสริมฝาผนังให้มั่นคงสำหรับรับขื่อ.
เสาร์ 0,น.,ชื่อวันที่ ๗ ของสัปดาห์. (ส.; ป. โสร)
เสาร์ 1,น.,"ชื่อดาวเคราะห์ดวงที่ ๖ ในระบบสุริยะ มองเห็นด้วยตาเปล่า อยู่ห่างดวงอาทิตย์ประมาณ ๑,๔๒๗ ล้านกิโลเมตร มีเส้นผ่าศูนย์กลางในแนวเส้นศูนย์สูตร ๑๒๐,๐๐๐ กิโลเมตร มีวงแหวนล้อมรอบที่เห็นได้ในกล้องโทรทรรศน์."
เสารภย์ 0,น.,กลิ่นหอม.
เสาร่วมใน 0,น.,"เสาภายในอุโบสถ วิหาร ที่ตั้งเป็นคู่ ๆ แบ่งพื้นที่ระหว่างเสาเป็นห้อง ๆ ตั้งขึ้นไปรับโครงสร้างหลังคา มีทั้งเสากลม เสาเหลี่ยม เป็นต้น, เสาในประธาน หรือ เสาประธาน ก็เรียก."
เสาระเนียด 0,น.,เสาค่าย.
เสาราย 0,น.,เสาที่ทำตั้งขึ้นเป็นแถวเพื่อรับชายคาอุโบสถ วิหาร ระเบียง เป็นต้น.
เสารี 0,น.,ชื่อวันที่ ๗ ของสัปดาห์
เสารี 1,น.,ชื่อดาวพระเสาร์
เสารี 2,น.,ชื่อยามหนึ่งใน ๘ ยามในเวลากลางวัน. (ดู ยาม).
เสาว- 0,ว.,"ดี, งาม."
เสาวคนธ์ 0,น.,"ของหอม, เครื่องหอม, กลิ่นหอม."
เสาวคนธ์ 1,ว.,"ดี, งาม."
เสาวคนธ์ 2,น.,"ชื่อไม้เถาชนิด Tetracera loureiroi (Finet et Gagnep.) Pierre ex Craib ในวงศ์ Dilleniaceae ดอกสีขาว ออกเป็นช่อ กลิ่นหอม, เสาวคนธ์ ก็เรียก."
เสาวคันธ์ 0,น.,"ของหอม, เครื่องหอม, กลิ่นหอม."
เสาวณิต 0,ก.,"ฟังแล้ว, รับสั่ง."
เสาวธาร 0,น.,นํ้าหอม.
เสาวนะ 0,น.,"การฟัง, การได้ฟัง."
เสาวนา 0,น.,"การฟัง, การได้ฟัง."
เสาวนาการ 0,น.,"การฟัง, การได้ฟัง."
เสาวนีย์ 0,น.,"คำสั่งของพระราชินี, ใช้ว่า พระราชเสาวนีย์"
เสาวนีย์ 1,น.,คำสั่งของท้าวพระยา.
เสาวภา 0,ว.,งาม.
เสาวภาคย์ 0,น.,"ความสุขเกษม, ความเจริญ, โชคลาภ, ความสำเร็จ."
เสาวภาพ 0,ว.,"สุภาพ, เรียบร้อย, อ่อนโยน, ประพฤติดี, ละมุนละม่อม."
เสาวรภย์ 0,น.,"เสารภย์, กลิ่นหอม."
เสาวรส 0,ว.,"มีรสอร่อย, มีรสดี."
เสาวรส 1,น.,ชื่อไม้เถาชนิด Passiflora laurifolia L. ในวงศ์ Passifloraceae ดอกสีม่วง กลิ่นหอม
เสาวรส 2,น.,น้ำคั้นจากผลของชนิด P. edulis Sims เรียกว่า น้ำเสาวรส.
เสาวลักษณ์ 0,น.,"ลักษณะดี, ลักษณะงาม."
เสาวลักษณ์ 1,ว.,"มีลักษณะดี, มีลักษณะงาม."
เสาหงส์ 0,น.,เสาที่ทำรูปหงส์ติดไว้ที่ยอด มักปักอยู่ตามหน้าวัดของชาวรามัญ.
เสาหมอ 0,น.,เสาขนาดสั้นสำหรับช่วยรองรับรอดทางด้านสกัดหัวท้ายเรือนเครื่องผูก
เสาหมอ 1,น.,เสานำสำหรับปักเสาใหญ่ลงในนํ้า
เสาหมอ 2,น.,"เสาชาน เสาแคร่ หรือเสาช่วยค้ำจุนเรือนโดยปักแนบกับเสาเรือน, ตอม่อ หรือ เสาตอม่อ ก็ว่า"
เสาหมอ 3,น.,เสาที่มั่นคงสำหรับผูกช้าง.
เสาหฤท 0,น.,"เพื่อน, ผู้มีใจดี, สุหฤท สุหัท หรือ โสหัท ก็ว่า."
เสาหลัก 0,น.,บุคคลที่สังคมยอมรับนับถือว่าเป็นหลักของบ้านเมืองในด้านสติปัญญาหรือด้านวิทยาการต่าง ๆ เป็นต้น.
เสาหลักเมือง 0,น.,เสาที่สร้างขึ้นเป็นสัญลักษณ์ของเมือง มักทำด้วยไม้ชัยพฤกษ์.
เสาหาน 0,น.,เสาเล็กตั้งอยู่เหนือบัลลังก์ รายเป็นวงล้อมก้านฉัตรรองรับขอบบัวฝาละมีในเจดีย์ทรงลังกา
เสาหาน 1,น.,เสาคู่ที่ตั้งอยู่หน้าสุดของมุขเด็จสำหรับรับหน้าบัน.
เสาเอก 0,น.,เสาเรือนต้นแรกที่ยกขึ้นตามฤกษ์ในการปลูกเรือน มักนิยมตั้งไว้ทางทิศตะวันออก.
เสาะ 0,ก.,"ค้น, สืบ, แสวง, เช่น เสาะหา."
เสาะ 1,ว.,ไม่เข้มแข็ง ในคำว่า ใจเสาะ.
เสาะ 2,ก.,"ทรุดลง, ห่อเหี่ยวลง, ใช้ว่า เสราะ ก็มี เช่น ก็เสาะและเสราะใจจง (สมุทรโฆษ)."
เสาะด้าย 0,ก.,สาวด้ายหรือไหมที่จะเอามาทอผ้า.
เสาะท้อง 0,ว.,ที่ทำให้ท้องเสีย เช่น กินของเปรี้ยวจัดหรือเผ็ดจัดทำให้เสาะท้อง.
เสาะป่าน 0,ก.,สาวเชือกป่านว่าวจากที่หนึ่งไปอีกที่หนึ่งเพื่อให้หายยุ่ง.
เสาะแสวง 0,ก.,ใช้ความพยายามมากเพื่อค้นหา เช่น ของชิ้นนี้เป็นของหายาก เขาอุตส่าห์ไปเสาะแสวงมาให้.
เสาะแสะ 0,ว.,"อาการที่ป่วยอยู่บ่อย ๆ, กระเสาะกระแสะ ก็ว่า."
เสาะไหม 0,ก.,สาวด้ายหรือไหมที่จะเอามาทอผ้า.
เสิร์จ 0,น.,ชื่อผ้าเนื้อลายสองชนิดหนึ่ง มักทำด้วยขนแกะ.
เสิร์ฟ 0,ก.,ยกอาหารหรือเครื่องดื่มมาบริการ เช่น บริกรเสิร์ฟอาหารให้ลูกค้า
เสิร์ฟ 1,ก.,เริ่มส่งลูกให้ฝ่ายตรงข้ามรับ เช่น ฝ่ายไทยเป็นฝ่ายได้เสิร์ฟก่อน.
เสีย 0,ก.,"เสื่อมลงไป, ทำให้เลวลงไป, เช่น เสียเกียรติ เสียศักดิ์ศรี เสียชื่อ"
เสีย 1,ก.,"สูญไป, หมดไป, สิ้นไป, เช่น เสียแขน เสียชีวิต เสียทรัพย์"
เสีย 2,ก.,ชำรุด เช่น ถนนเสีย ทางเสีย
เสีย 3,ก.,ใช้ไม่ได้ เช่น เครื่องไฟฟ้าเสียหมดทุกอย่าง รถเสียกลางทาง
เสีย 4,ก.,"ยับเยิน, ย่อยยับ, เช่น ปีนี้ฝนแล้งจัดเรือกสวนไร่นาเสียหมด, เสียหาย ก็ว่า"
เสีย 5,ก.,"บูด เช่น แกงหม้อนี้เสียหมดทั้งหม้อ, เน่า เช่น ผลไม้เข่งนี้เสียแล้ว"
เสีย 6,ก.,ไม่ดี เช่น ราขึ้น ขนมปังจึงเสียหมดทั้งแถว เธอดัดผมบ่อยเกินไป ทำให้ผมเสีย
เสีย 7,ก.,"จ่ายเงิน, ชำระเงิน, เช่น เสียภาษี เสียค่าโทรศัพท์"
เสีย 8,ก.,หมดทรัพย์สินไปเพราะการพนัน เช่น เสียไพ่ เสียม้า
เสีย 9,ก.,ตาย เช่น เขาเสียไปหลายปีแล้ว
เสีย 10,ก.,"ทิ้ง เช่น ที่ขวากหนามอย่าเสียเกือก (สุภาษิตพระร่วง), เสียไฟเป่าหิ่งห้อย (ลอ)."
เสีย 11,ว.,ที่ไม่ดี เช่น นิสัยเสีย น้ำเสีย
เสีย 12,ว.,พิการ เช่น ตาเสีย ขาเสีย
เสีย 13,ว.,บูด เช่น อย่ากินแกงเสีย จะปวดท้อง.
เสีย 14,*ว.,คำประกอบท้ายกริยาหรือวิเศษณ์ เพื่อให้เน้นความหมายหรือให้เสร็จไป เช่น กินเสีย มัวไปช้าเสีย.
เสียกบาล 0,น.,"กรรมวิธีเซ่นผีโดยเอาเครื่องเซ่นพร้อมตุ๊กตาดินปั้นเป็นต้นใส่กระบะกาบกล้วยไปทิ้งที่ทางสามแพร่งหรือลอยน้ำ เพื่อมิให้ผีร้ายมานำตัวเด็กที่เจ็บป่วยไป, เรียกตุ๊กตาที่ใช้ในการนี้ ว่า ตุ๊กตาเสียกบาล."
เสียกระบวน 0,ก.,"ไม่เป็นกระบวน เช่น กองทัพถูกตีร่นจนเสียกระบวน, ไม่เป็นไปตามลำดับรูปแบบที่กำหนด เช่น จัดรถบุปผชาติให้เป็นไปตามลำดับ อย่าให้เสียกระบวน."
เสียกล 0,ก.,พลาดไปเพราะรู้ไม่ทันเล่ห์กลของเขา เช่น บัดนี้สุครีพฤทธิรณ เสียกลกุมภัณฑ์ยักษา (รามเกียรติ์).
เสียการ 0,ก.,ทำให้สิ่งที่มุ่งหมายไว้ไม่เป็นผล เช่น ขอให้กำชับผู้ใต้บังคับบัญชาให้ทำงานอย่างรอบคอบ อย่าให้เสียการได้.
เสียการเสียงาน 0,ก.,"ทำให้งานที่มุ่งหวังไว้บกพร่องหรือเสียหาย เช่น อยากจะไปเที่ยวก็ไม่ว่า แต่อย่าให้เสียการเสียงาน, เสียงานเสียการ ก็ว่า."
เสียกำซ้ำกอบ 0,ก.,เสียน้อยแล้วยังจะต้องเสียมากอีก เช่น พระองค์ช่างเชื่อฟังคำคนชั่วโฉด ชาวเมืองมันกล่าวโทษพลอยโกรธตอบ เสียกำแล้วจะซ้ำกอบกระมังหนา (ม. ร่ายยาว ทานกัณฑ์).
เสียกำได้กอบ 0,ก.,เสียน้อยไปก่อนแล้วจะได้มากในภายหลัง เช่น เสียหนึ่งนิ่งไว้นานไปคงได้สอง เสมือนหนึ่งของท่านหายมีที่ไว้ ข้าพเจ้าคงจะหามาให้ไม่ให้เดือดร้อน ยอมเสียกำไปก่อนนั่นแหละ จึงจะได้กอบ (ม. ร่ายยาว ชูชก).
เสียกำลังใจ 0,ก.,"ทำให้กำลังใจตกหรือลดลง, รู้สึกท้อใจ, เช่น นักมวยชกแพ้เพราะเสียกำลังใจ."
เสียกำแล้วซ้ำกอบ 0,ก.,เสียน้อยแล้วยังจะต้องเสียมากอีก เช่น พระองค์ช่างเชื่อฟังคำคนชั่วโฉด ชาวเมืองมันกล่าวโทษพลอยโกรธตอบ เสียกำแล้วจะซ้ำกอบกระมังหนา (ม. ร่ายยาว ทานกัณฑ์).
เสียกำแล้วได้กอบ 0,ก.,เสียน้อยไปก่อนแล้วจะได้มากในภายหลัง เช่น เสียหนึ่งนิ่งไว้นานไปคงได้สอง เสมือนหนึ่งของท่านหายมีที่ไว้ ข้าพเจ้าคงจะหามาให้ไม่ให้เดือดร้อน ยอมเสียกำไปก่อนนั่นแหละ จึงจะได้กอบ (ม. ร่ายยาว ชูชก).
เสียกิริยา 0,ก.,"แสดงกิริยาที่สังคมถือว่าไม่สมควร, เสียมารยาท ก็ว่า."
เสียขวง 0,ก.,"เสียผี, ให้ผีกินเปล่าเสียก่อนเพื่อให้หมดเคราะห์."
เสียขวัญ 0,ก.,หมดกำลังใจเพราะสิ้นหวังและหวาดกลัว เช่น ทหารตกอยู่ในที่ล้อม ขาดเสบียง ทำให้เสียขวัญ.
เสียคน 0,ก.,กลายเป็นคนเสื่อมเสียเพราะประพฤติไม่ดีเป็นต้น เช่น เขาติดการพนันจนเสียคน.
เสียคำพูด 0,ก.,"ไม่ทำตามที่พูดไว้, ไม่รักษาคำพูด."
เสียง 0,น.,สิ่งที่รับรู้ได้ด้วยหู เช่น เสียงฟ้าร้อง เสียงเพลง เสียงพูด
เสียง 1,น.,"ความเห็น เช่น เรื่องนี้ฉันไม่ออกเสียง, ความนิยม เช่น คนนี้เสียงดี มีหวังได้รับเลือกตั้งเป็นสมาชิกสภาผู้แทนราษฎร, คะแนนเสียง เช่น ลงมติกันแล้วเขาชนะเพราะได้เสียงข้างมาก."
เสี่ยง 0,น.,ส่วนย่อยที่แตกออกจากส่วนใหญ่ เช่น เขาทำแจกันตกแตกเป็นหลายเสี่ยง.
เสี่ยง 1,ก.,"ลองเผชิญดู, ลองทำดูในสิ่งที่อาจให้ผลได้ ๒ ทาง คือ ดีหรือไม่ดี แต่หวังว่าจะได้ผลทางดี เช่น งานนี้ไม่แน่ใจว่าจะสำเร็จหรือไม่ ต้องเสี่ยงทำดู."
เสี่ยง 2,ก.,มีโอกาสจะได้รับทุกข์หรืออันตรายเป็นต้น เช่น พูดอย่างนี้เสี่ยงคุกเสี่ยงตะราง.
เสี่ยง 3,ก.,"ตั้งจิตอธิษฐานใช้สิ่งใดสิ่งหนึ่งเป็นเครื่องเสี่ยงเพื่อทราบความเป็นไปในอนาคตของตนหรือผู้อื่น, ถ้าใช้เทียนเสี่ยง เรียกว่า เสี่ยงเทียน, ถ้าใช้ดอกบัวเสี่ยง เรียกว่า เสี่ยงดอกบัว, โดยปริยายหมายถึงอาการที่คล้ายคลึงเช่นนั้น เช่น เสี่ยงบุญ เสี่ยงบารมี เสี่ยงโชค เสี่ยงวาสนา."
เสียงกระเส่า 0,น.,เสียงสั่นเครือและเบา.
เสียงกร้าว 0,ว.,อาการที่พูดด้วยเสียงแข็งกระด้าง เช่น เขาพูดเสียงกร้าว ไม่ยำเกรงใคร.
เสียงก้อง 0,น.,เสียงดังมากอย่างเสียงในที่จำกัด เช่นในโบสถ์
เสียงก้อง 1,น.,เสียงดังไปได้ไกล.
เสียงกังวาน 0,น.,เสียงแผ่กระจายอยู่ได้นาน
เสียงกังวาน 1,น.,กระแสเสียงแจ่มใส.
เสียงเกรี้ยว 0,ว.,"อาการที่เปล่งเสียงอย่างโกรธจัด เช่น เขาคงกำลังโกรธอยู่ เราพูดด้วยดี ๆ กลับตวาดเสียงเกรี้ยว, เสียงเขียว ก็ว่า."
เสียงแก้ว 0,น.,ลักษณะของเสียงที่กังวานและใสดุจแก้ว โดยเฉพาะในการตีระนาดเอก มโหรีจะต้องจับไม้ตีให้หัวแม่มือเน้นที่ปลายก้านไม้ตีให้แน่นและตีทั้งแขนหรือทั้งตัว เสียงจึงจะแข็งเป็นกังวานออกมาเป็นเสียงแก้ว.
เสียงเขียว 0,ว.,"อาการที่เปล่งเสียงอย่างโกรธจัด เช่น เขาเข้าไปผิดจังหวะ หัวหน้ากำลังโกรธอยู่ เลยถูกตวาดเสียงเขียว, เสียงเกรี้ยว ก็ว่า."
เสียงแข็ง 0,ว.,อาการที่กล่าวออกมาอย่างยืนยันหนักแน่น เช่น เขาเถียงเสียงแข็งว่าเขาทำถูกต้องแล้ว
เสียงแข็ง 1,ว.,อาการที่พูดด้วยน้ำเสียงไม่สุภาพ เช่น อย่าพูดเสียงแข็งกับพ่อแม่.
เสียงแข็ง 2,น.,คะแนนเสียงดี เช่น ในพื้นที่นี้เขามีเสียงแข็งมาก คงได้รับเลือกตั้งแน่.
เสียงเงียบ 0,น.,กลุ่มชนที่ยังไม่ออกเสียงแสดงความคิดเห็นของตนให้ปรากฏชัดว่าจะสนับสนุนฝ่ายใด.
เสี่ยงชีวิต 0,ก.,ยอมทำสิ่งที่อาจเป็นอันตรายต่อชีวิต เช่น ทหารเสี่ยงชีวิตเข้ากู้กับระเบิด.
เสียงดี 0,น.,เสียงเพราะ
เสียงดี 1,น.,โดยปริยายหมายถึงคะแนนเสียงหนาแน่น เช่น เขาเป็นนักการเมืองที่มีคนนิยมมาก ลงสมัครรับเลือกตั้งแต่ละครั้งมีเสียงดีเสมอ.
เสียงตก 0,น.,ความสามารถในการร้องเพลงต่ำกว่าระดับเดิม เพราะร้องมากไปหรืออายุมากขึ้นเป็นต้น เช่น นักร้องคนนี้เคยเสียงดี แต่เวลานี้เสียงตกไปมาก เพราะอายุมากขึ้น
เสียงตก 1,น.,โดยปริยายหมายถึงคะแนนเสียงต่ำลง เช่น ในพื้นที่นี้เขามีเสียงตกไปมาก สงสัยว่าในการเลือกตั้งครั้งนี้คงจะไม่ได้รับเลือก.
เสียงตามสาย 0,น.,เสียงที่ส่งออกไปโดยใช้สายเป็นสื่อ.
เสียงแตก 0,น.,เสียงพูดในตอนแตกเนื้อหนุ่ม เช่น เด็กคนนี้พูดเสียงแตก แสดงว่าเริ่มจะเป็นหนุ่มแล้ว
เสียงแตก 1,น.,โดยปริยายหมายถึงคะแนนเสียงแตกแยก เช่น เรื่องนี้ยังลงมติไม่ได้ เพราะในที่ประชุมยังมีเสียงแตกกัน.
เสียงแตกพร่า 0,น.,น้ำเสียงที่ไม่ชัดเจนแจ่มใส แหบเครือ ไม่สม่ำเสมอ คล้ายมี ๒ เสียงปนกัน เช่น เปิดวิทยุไม่ตรงคลื่น ทำให้เสียงแตกพร่า ฟังไม่รู้เรื่อง.
เสียงทอง 0,ว.,มีเสียงเพราะเป็นพิเศษทำให้มีคนนิยมมาก เช่น เขาเป็นนักร้องเสียงทอง.
เสี่ยงทาย 0,ก.,หาคำทำนายโชคชะตาของตนจากสลากหรือใบเซียมซีโดยการสั่นติ้วหรือโยนไม้เสี่ยงทายเป็นต้น.
เสียงเท่าฟ้าหน้าเท่ากลอง 0,น.,"เสียงอึกทึกครึกโครมแสดงว่ามีความสนุกสนานร่าเริงเต็มที่, เสียงดังมาก."
เสียงนกเสียงกา 0,น.,ความเห็นของคนที่ไม่มีอำนาจ เช่น เป็นผู้หลักผู้ใหญ่ น่าจะฟังเสียงนกเสียงกาบ้าง.
เสี่ยงบุญเสี่ยงกรรม 0,ก.,ลองทำดูโดยเชื่อว่าสุดแต่บุญหรือบาปจะบันดาลให้เป็นไป เช่น ลองเสี่ยงบุญเสี่ยงกรรมขอเด็กกำพร้ามาเลี้ยงดู ถ้าเขามีบุญก็จะได้ดิบได้ดีต่อไป.
เสียงปร่า 0,น.,"เสียงพูดที่แสดงอารมณ์ไม่พอใจ ตรงข้ามกับความรู้สึกที่แท้จริง, เสียงตอบรับที่แสดงอารมณ์ไม่พอใจ."
เสียงแปร่ง 0,น.,เสียงพูดที่ผิดเพี้ยนไปจากเสียงที่พูดกันเป็นปรกติในถิ่นนั้น ๆ.
เสียงแปร่งหู 0,น.,เสียงพูดที่ผิดเพี้ยนไปจากปรกติ เนื่องจากมีอารมณ์ไม่พอใจแฝงอยู่.
เสียงพยัญชนะ 0,น.,"เสียงพูดที่เปล่งออกมาโดยใช้อวัยวะส่วนต่าง ๆ ในปากและคอ เช่น เสียง ป โดยทั่วไปจะออกเสียงพยัญชนะร่วมกับเสียงสระ, พยัญชนะ ก็เรียก."
เสียงพร่า 0,น.,น้ำเสียงที่ไม่ชัดเจนแจ่มใส แหบเครือ ไม่สม่ำเสมอ คล้ายมี ๒ เสียงปนกัน เช่น เปิดวิทยุไม่ตรงคลื่น ทำให้เสียงแตกพร่า ฟังไม่รู้เรื่อง.
เสียงเพี้ยน 0,น.,"เสียงดนตรีหรือเสียงร้องเพลงที่คลาดเคลื่อนไปจากระดับเล็กน้อย, เสียงพูดที่มีสำเนียงคลาดเคลื่อนเล็กน้อย."
เสี่ยงภัย 0,ก.,ทำลงไปโดยไม่เกรงอันตราย เช่น ตำรวจดับเพลิงเสี่ยงภัยเข้าไปช่วยคนที่ติดอยู่ในบ้านที่ไฟกำลังไหม้.
เสียงเล็กเสียงน้อย 0,น.,น้ำเสียงที่แสร้งดัดให้เล็กหรือเบากว่าปรกติในลักษณะออดอ้อนเป็นต้น.
เสียงเลื่อน 0,น.,เสียงร้องเพลงที่ผิดระดับไปทีละน้อย ๆ.
เสียงเลื้อน 0,น.,เสียงอ่านหรือสวดทำนองเสนาะ เช่น เสียงเลื้อนเสียงขับ (จารึกพ่อขุนรามคำแหง).
เสียงสระ 0,น.,"เสียงพูดที่เปล่งออกมาโดยอาศัยการเคลื่อนไหวของลิ้นและริมฝีปากเป็นสำคัญ แต่ไม่มีการสกัดกั้นจากอวัยวะส่วนใดส่วนหนึ่งในปาก เช่น เสียง อะ อา โดยทั่วไปจะออกเสียงสระร่วมกับเสียงพยัญชนะ หรือออกเสียงเฉพาะเสียงสระอย่างเดียวก็ได้, สระ ก็เรียก."
เสียงสวรรค์ 0,น.,เสียงของประชาชนในระบอบประชาธิปไตยที่รัฐบาลควรรับฟัง ในความว่า เสียงประชาชนคือเสียงสวรรค์.
เสียงสะท้อน 0,น.,"เสียงที่ย้อนกลับมามีลักษณะคล้ายเสียงเดิม เนื่องจากคลื่นเสียงไปกระทบสิ่งขวางกั้นแล้วย้อนกลับ อย่างเสียงในถ้ำในหุบเขาเป็นต้น, โดยปริยายหมายถึงความคิดเห็นของกลุ่มชนที่มีปฏิกิริยาต่อการกระทำบางอย่างของอีกฝ่ายหนึ่ง."
เสียงหลง 0,น.,เสียงที่แผดดังผิดปรกติ เช่น เธอตกใจร้องจนเสียงหลง
เสียงหลง 1,น.,เสียงที่เปล่งออกมาผิดระดับทำให้เพลงที่ร้องมีเสียงเพี้ยน.
เสียงหวาน 0,น.,น้ำเสียงไพเราะนุ่มนวลน่าฟัง.
เสียงห้าว 0,น.,เสียงใหญ่ เช่น ผู้ชายมักมีเสียงห้าวกว่าผู้หญิง.
เสียงเหน่อ 0,น.,เสียงพูดที่เพี้ยนไปจากสำเนียงมาตรฐาน.
เสียงแหบ 0,น.,เสียงที่แห้งไม่แจ่มใส
เสียงแหบ 1,น.,ชื่อของกลุ่มเสียงที่บีบให้สูงเป็นพิเศษของเครื่องดนตรีประเภทเครื่องเป่า
เสียงแหบ 2,น.,ความผิดปรกติของเส้นเสียงของคนร้องทำให้เสียงที่ร้องออกมามีลักษณะแหบ.
เสียงอ่อน 0,น.,คำพูดที่เพลาความแข็งลง.
เสียงอ่อนเสียงหวาน 0,น.,"น้ำเสียงที่ไพเราะน่าฟัง, น้ำเสียงที่แสร้งดัดให้เบา ช้าลง และไพเราะน่าฟัง เพื่อประจบเป็นต้น."
เสียงาน 0,ก.,ทำให้สิ่งหรือเรื่องที่กำหนดไว้ไม่สำเร็จหรือบกพร่อง เช่น เพื่อน ๆ รับปากว่าจะมาช่วยแล้วไม่มา ทำให้เสียงานหมด.
เสียงานเสียการ 0,ก.,"ทำให้งานที่มุ่งหวังไว้บกพร่องหรือเสียหาย เช่น เขามัวแต่ไปเที่ยวกับเพื่อน ๆ จนเสียงานเสียการ, เสียการเสียงาน ก็ว่า."
เสียจริต 0,ว.,"เป็นบ้า, มีสติวิปลาส, วิกลจริต."
เสียใจ 0,ก.,ไม่สบายใจเพราะมีเรื่องไม่สมประสงค์หรือผิดประสงค์ เช่น เด็กเสียใจเมื่อรู้ว่าทำผิด
เสียใจ 1,ก.,คลุ้มคลั่ง เช่น กลัวศัตรูฝ่ายหน้า หลังพระเสียใจข้า ดุจดับแก้วสองดวง (ลอ).
เสียโฉม 0,ก.,"มีตำหนิตามร่างกายโดยเฉพาะที่ใบหน้า ทำให้ความงามลดลง เช่น เธอประสบอุบัติเหตุ ถูกกระจกบาดหน้า เลยเสียโฉม, โดยปริยายใช้แก่สิ่งของที่มีตำหนิ เช่น แจกันใบนี้ปากบิ่นไปหน่อย เลยเสียโฉม."
เสียชาติเกิด 0,ก.,เกิดมาแล้วควรจะทำให้ได้ แต่กลับไม่ได้ทำหรือทำไม่สำเร็จ หรือทำความดีไม่ได้ ก็ไม่น่าจะเกิดมาเป็นคน เช่น เกิดเป็นไทย ใจเป็นทาส เสียชาติเกิด เกิดมาเป็นคนทั้งที ต้องทำความดีให้ได้ จะได้ไม่เสียชาติเกิด.
เสียชีพ 0,ก.,ตาย เช่น เขาประสบอุบัติเหตุเสียชีวิตเมื่อวานนี้.
เสียชีวิต 0,ก.,ตาย เช่น เขาประสบอุบัติเหตุเสียชีวิตเมื่อวานนี้.
เสียชื่อ 0,ก.,ทำให้ชื่อเสียงไม่ดี เช่น เขาติดยาเสพติดและเป็นนักการพนัน เลยทำให้เสียชื่อ.
เสียเช่น 0,ว.,มีกำเนิดไม่ดี เช่น บ้างก็ดุเดือดด่าขู่เขี้ยวเข็ญ ว่าอีชาติชั่วอีเสียเช่นชาติมันไม่ดี (ม. ร่ายยาว ชูชก).
เสียเชิง 0,ก.,"เสียท่า, พลาดท่า, เช่น ผู้ใหญ่ยังอาจเสียเชิงเด็กได้."
เสียเชิงชาย 0,ก.,เสียชั้นเชิงที่ผู้ชายพึงมีให้ผู้หญิงดูแคลน เช่น ถูกผู้หญิงหลอกจนขายหน้าอย่างนี้ เสียเชิงชายหมด.
เสียซิ 0,*ว.,คำประกอบท้ายกริยา แสดงคำสั่งหรือแนะนำเป็นต้น เช่น กินเสียซิ ไปเสียซี.
เสียซี 0,*ว.,คำประกอบท้ายกริยา แสดงคำสั่งหรือแนะนำเป็นต้น เช่น กินเสียซิ ไปเสียซี.
เสียด 0,ก.,เบียดกัน เช่น เจดีย์ระดะแซง เสียดยอด (นิ. นรินทร์)
เสียด 1,ก.,"เสียบ, แทรก, แซง, เช่น สูงเสียดฟ้า"
เสียด 2,ก.,อาการที่รู้สึกอึดอัดหรือแทงยอกในท้องหรืออกเนื่องจากมีลมอยู่ ในคำว่า เสียดท้อง เสียดอก.
เสียดแทง 0,ว.,อาการที่กล่าวให้เจ็บใจด้วยความริษยาเป็นต้น เช่น วาจาเสียดแทงย่อมทำลายมิตร.
เสียดแทรก 0,ก.,เบียดเข้าไปในระหว่างกลุ่มคนหรือของจำนวนมากที่อยู่ชิด ๆ กัน.
เสียดใบ 0,ก.,แล่นก้าวให้ใบเฉียงลม.
เสียดสี 0,ก.,ถูกัน เช่น กิ่งไม้เสียดสีกันจนเกิดไฟไหม้ป่า.
เสียดสี 1,ว.,อาการที่ว่ากระทบกระเทียบเหน็บแนมด้วยความอิจฉาเป็นต้น เช่น เธอไม่ชอบเขา จึงพูดเสียดสีเขาเสมอ ๆ.
เสียดาย 0,ก.,"รู้สึกอยากได้สิ่งที่เสียไปพลาดไปเป็นต้น ให้กลับคืนมา เช่น เธอเสียดายแหวนเพชรที่หายไป, รู้สึกว่าพลาดโอกาสที่ควรจะมีจะได้ เช่น เสียดายที่เขาไม่เชิญฉันไปงานนี้ด้วย, รู้สึกไม่อยากให้เสียไปโดยไม่ได้ประโยชน์ เช่น เปิดน้ำเปิดไฟทิ้งไว้ น่าเสียดาย"
เสียดาย 1,ก.,อาลัยถึงสิ่งที่จากไป เช่น เขาเสียดายที่คนดี ๆ ตายในอุบัติเหตุครั้งนี้หลายคน.
เสียเด็ก 0,ก.,กลายเป็นเด็กนิสัยไม่ดี ทำตามใจตัว เป็นต้น เช่น อย่าตามใจลูกมากนัก จะเสียเด็ก.
เสียได้ 0,*ว.,คำประกอบท้ายกริยา แสดงความผิดหวังเป็นต้น เช่น ตั้งใจมาหาเพื่อนทั้งที กลับไม่อยู่เสียได้.
เสียตัว 0,ก.,"ถูกชายร่วมประเวณี (ใช้แก่ผู้หญิง), เสียเนื้อเสียตัว ก็ว่า"
เสียตัว 1,ก.,ตาย.
เสียตา 0,ก.,สูญเสียนัยน์ตาไป
เสียตา 1,ก.,"โดยปริยายใช้ในความดูถูกดูหมิ่น เช่น ของอย่างนี้ ฉันไม่อยากดูให้เสียตาหรอก, เสียสายตา ก็ว่า."
เสียตีน 0,ก.,"สูญเสียตีนไป, โดยปริยายใช้ในความดูถูกดูหมิ่น เช่น บ้านของเขา ฉันไม่ไปเหยียบให้เสียตีนหรอก."
เสียแต่ 0,สัน.,"เสียตรงที่, บกพร่องตรงที่, มีตำหนิตรงที่, เช่น หน้าตาก็สวยดี เสียแต่พูดไม่เพราะ."
เสียแต้ม 0,ก.,เสียคะแนน เช่น นักกีฬาทำผิดกติกาเลยเสียแต้ม
เสียแต้ม 1,ก.,"ขายหน้า เช่น วันนี้เสียแต้ม นัดไปเลี้ยงเพื่อนแล้วลืมเอากระเป๋าสตางค์ไป, เสียความนิยม เช่น ถ้านักการเมืองพูดไม่ถูกใจประชาชน ก็จะเสียแต้ม."
เสียเถอะ 0,ว.,คำประกอบท้ายกริยา แสดงการเกลี้ยกล่อมหรือขอร้อง เช่น ไปเสียเถิด.
เสียเถอะ 1,ว.,คำประกอบท้ายกริยา แสดงการเกลี้ยกล่อมหรือขอร้องเป็นต้น เช่น ไปเสียเถิด.
เสียเถิด 0,ว.,คำประกอบท้ายกริยา แสดงการเกลี้ยกล่อมหรือขอร้อง เช่น ไปเสียเถิด.
เสียเถิด 1,ว.,คำประกอบท้ายกริยา แสดงการเกลี้ยกล่อมหรือขอร้องเป็นต้น เช่น ไปเสียเถิด.
เสียทองเท่าหัวไม่ยอมเสียผัวให้ใคร 0,ก.,ไม่ยอมยกสามีให้หญิงอื่นแม้จะแลกกับทรัพย์สินเงินทองจำนวนมากก็ตาม.
เสียท่า 0,ก.,พลาดท่า เช่น ตั้งใจจะไปต่อว่าเขา แต่เสียท่าถูกเขาว่ากลับมา.
เสียที่ 0,สัน.,"เสียตรงที่, บกพร่องตรงที่, มีตำหนิตรงที่, เช่น หน้าตาก็สวยดี เสียแต่พูดไม่เพราะ."
เสียที 0,ก.,พลาดท่วงที เช่น คนซื่อเกินไปมักเสียทีคนปลิ้นปล้อน.
เสียที 1,ว.,"เสียแรง, เสียโอกาส, เสียเที่ยว, เช่น เสียทีที่มาหาแล้วก็ไม่พบ."
เสียที 2,*ว.,"คำประกอบท้ายกริยา แสดงความตั้งใจมั่นหมาย เช่น วันนี้มีเวลาว่าง จะได้จัดโต๊ะหนังสือเสียที, คำประกอบท้ายกริยา แสดงความโล่งใจ เช่น เขามานั่งคุยอยู่นานกลับไปเสียที เราจะได้ทำอย่างอื่นบ้าง."
เสียเที่ยว 0,ก.,เดินทางไปหรือมาแล้วไม่ได้ผลตามที่คาดหวังไว้ เช่น เดินทางไปหาเพื่อนแล้วไม่พบ เสียเที่ยวเปล่า.
เสียธรรมเนียม 0,ก.,ผิดไปจากแบบแผนที่เคยปฏิบัติกันมา เช่น เมื่อเวลาไปไหว้พระควรมีดอกไม้ธูปเทียนไปด้วย อย่าให้เสียธรรมเนียม.
เสี้ยน 0,น.,"เนื้อไม้ที่แตกเป็นเส้นเล็ก ๆ ปลายแหลมอย่างหนาม, เรียกสิ่งอื่นที่มีลักษณะเช่นนั้น เช่น หน่อไม้แก่มีเนื้อเป็นเสี้ยน"
เสี้ยน 1,น.,"ข้าศึก เช่น สระทุกข์ราษฎร์รอนเสี้ยน (นิ. นรินทร์), เหือดเสี้ยนศึกสยาม สิ้นนาฯ (ตะเลงพ่าย)."
เสี้ยน 2,น.,ชื่อไม้ต้นชนิด Diplospora singularis Korth. ในวงศ์ Rubiaceae ดอกสีขาว ออกเป็นช่อสั้นตามง่ามใบ ผลกลม.
เสี้ยนดิน 0,น.,"ชื่อมดชนิด Dorylus orientalis Westwood ในวงศ์ Formicidae ลำตัวยาวประมาณ ๑ เซนติเมตร สีน้ำตาลแดง อาศัยอยู่ในดิน มักพบเป็นศัตรูของฝักถั่วลิสงในดินขณะยังไม่ได้เก็บเกี่ยว, แมลงแดง ก็เรียก."
เสี้ยนแผ่นดิน 0,น.,"ข้าศึก, ผู้ที่คิดคดทรยศต่อแผ่นดิน."
เสี้ยนศึก 0,น.,ข้าศึกศัตรูที่ก่อการร้าย.
เสี้ยนหนาม 0,น.,ข้าศึกศัตรูที่ก่อความเดือดร้อนให้.
เสี้ยนหนามแผ่นดิน 0,น.,"ข้าศึก, ผู้ที่คิดคดทรยศต่อแผ่นดิน."
เสียน้อยเสียยาก เสียมากเสียง่าย 0,ก.,เสียเพียงเล็กน้อยไม่ยอมเสีย ทำให้ต้องเสียมากกว่าเดิม เช่น ตอนที่เบรกรถยนต์เริ่มไม่ดี ก็ไม่รีบไปซ่อม พอเบรกแตกไปชนต้นไม้เข้า เลยต้องเสียค่าซ่อมมาก เข้าทำนองเสียน้อยเสียยาก เสียมากเสียง่าย.
เสียน้ำใจ 0,ก.,รู้สึกน้อยใจเนื่องจากอีกฝ่ายหนึ่งไม่เห็นคุณค่าหรือความตั้งใจดีของตนเป็นต้น เช่น เขาอุตส่าห์เอาของมาให้แต่ไม่รับ ทำให้เขาเสียน้ำใจ.
เสียน้ำตา 0,ก.,ร้องไห้ เช่น ละครเรื่องนี้เศร้าจริง ๆ ทำให้ฉันต้องเสียน้ำตา คนเลว ๆ อย่างนี้ตายไปก็ไม่น่าจะเสียน้ำตาให้.
เสียนิสัย 0,ก.,มีนิสัยไม่ดี เช่น พ่อแม่มีลูกคนเดียว จึงตามใจจนลูกเสียนิสัย เอาแต่ใจตัวเอง.
เสียเนื้อเสียตัว 0,ก.,"ถูกชายร่วมประเวณี (ใช้แก่ผู้หญิง), เสียตัว ก็ว่า."
เสียบ 0,ก.,"แทงคาไว้ เช่น เอาไม้แหลมเสียบปลา เอามีดเสียบพุง, เอาของดันลงบนปลายสิ่งที่แหลม ๆ เช่น เอากระดาษเสียบบนที่เสียบกระดาษ, เหน็บ เช่น เอาจดหมายเสียบไว้ที่ประตู"
เสียบ 1,ก.,ยืนตัวแข็งทื่อต่อหน้าผู้ใหญ่เป็นการแสดงกิริยาไม่อ่อนน้อม เรียกว่า ยืนเสียบ.
เสียบ 2,น.,"ชื่อหอยทะเลกาบคู่หลายชนิด เช่น ชนิด Donax faba Gmelin ในวงศ์ Donacidae เปลือกรูปสามเหลี่ยมมีสีและลายหลากหลายแตกต่างกัน ฝังตัวอยู่ตามหาดทรายในระดับนํ้าขึ้นนํ้าลง นำมาดองนํ้าปลา, ชนิด Phaxas attenuates (Dunker) ในวงศ์ Cultellidae เปลือกยาว ปลายมนทั้ง ๒ ด้าน ฝังตัวอยู่ตามหาดเลน นำมาประกอบเป็นอาหารสดหรือตากแห้งก็ได้."
เสียบน 0,ก.,"ใช้บน, แก้บนแก่ผีสางเทวดา."
เสียบยอด 0,น.,วิธีขยายพันธุ์ต้นไม้แบบหนึ่ง โดยตัดกิ่งต้นที่จะขยายซึ่งมีตาติดอยู่ ปาดปลายให้เป็นรูปลิ่มแล้วนำไปเสียบที่กิ่งของอีกต้นหนึ่งที่เป็นชนิดเดียวกัน โดยผ่าบากกิ่งไว้ให้เสียบได้ พันด้วยแถบพลาสติกให้แน่น.
เสียบยอด 1,ก.,ขยายพันธุ์ด้วยวิธีการเช่นนั้น.
เสียบหนู 0,น.,ไม้ที่เสียบขัดกับไม้ข้างควายที่ขนาบจากหลบหลังคาเรือน
เสียบหนู 1,น.,ไม้ฝนทองที่เขียนบนพินทุอิ เป็น สระอี.
เสียปาก 0,ก.,พูดออกไปเปล่าประโยชน์ เช่น เด็กดื้ออย่างนี้เตือนไปก็เสียปากเปล่า ๆ
เสียปาก 1,ก.,ไม่คู่ควรที่จะกิน เช่น ของอย่างนี้ฉันไม่กินให้เสียปาก.
เสียเปรียบ 0,ก.,"เป็นรอง, ด้อยกว่า, เช่น คนซื่อมักเสียเปรียบคนโกง."
เสียเปล่า 0,ก.,เสียไปโดยไม่ได้ประโยชน์ เช่น อย่าปล่อยเวลาให้เสียเปล่า.
เสียเปล่า 1,ว.,เสียแรงที่ (เป็นสำนวนใช้ในเชิงตำหนิ) เช่น เป็นลูกผู้หญิงเสียเปล่า ไม่รู้จักการบ้านการเรือน มีสมองเสียเปล่า แต่ไม่รู้จักคิด.
เสียผี 0,ก.,ทำพิธีเซ่นผีเพื่อขอขมาในความผิดเชิงชู้สาวตามประเพณีท้องถิ่น.
เสียผู้ใหญ่ 0,ก.,เสียคุณลักษณะของผู้ใหญ่ ทำให้ไม่เป็นที่เคารพเชื่อถือของผู้อื่น เช่น เธอมาขอให้ฉันไปตกลงหมั้นกับฝ่ายโน้นเรียบร้อยแล้ว มาเปลี่ยนใจเสียเช่นนี้ ฉันก็เสียผู้ใหญ่.
เสียแผน 0,ก.,ผิดไปจากแผนการที่วางไว้ เช่น วางแผนจะไปเที่ยว แต่ฝนตกหนักจนไปไม่ได้ เลยเสียแผนหมด.
เสียพรหมจรรย์ 0,ก.,ขาดจากความเป็นนักบวชเพราะล่วงละเมิดการประพฤติพรหมจรรย์.
เสียพรหมจารี 0,ก.,"ผ่านการร่วมประเวณีครั้งแรก (ใช้แก่ผู้หญิง), เสียสาว ก็ว่า."
เสียเพศ 0,ก.,"เปลี่ยนภาวะจากคฤหัสถ์เป็นนักบวช เช่น ซัดยังเมืองมัทรบุรี เสียเพศเทพี เป็นดาบสศรีโสภา (สมุทรโฆษ), เปลี่ยนภาวะจากนักบวชเป็นคฤหัสถ์ เช่น เสียฤษีพรตเพศ ห้องหิมเวศนาจลจรหล่ำน้นน ราชเวสมธารยิ ทรงเพศเป็นพญามหากระษัตราธิราช (ม. คำหลวง นครกัณฑ์)."
เสียภูมิ 0,ก.,"ถูกลบฐานะ, เสียฐานะท่าที, เช่น เป็นถึงนักมวยชั้นครู มาแพ้นักมวยหัดใหม่ เสียภูมิหมด ปัญหาง่าย ๆ ที่นักเรียนถาม ครูตอบไม่ได้ เสียภูมิหมด."
เสี่ยม 0,ว.,เสงี่ยม.
เสี้ยม 0,ก.,ทำให้แหลม เช่น เสี้ยมไม้
เสี้ยม 1,ก.,โดยปริยายหมายความว่า ยุแหย่ให้เขาแตกกันหรือทะเลาะกัน.
เสี้ยม 2,ว.,มีลักษณะค่อนข้างแหลม ในคำว่า หน้าเสี้ยม คางเสี้ยม.
เสียม 0,น.,ชื่อเครื่องมือสำหรับขุด แซะ และพรวนดินชนิดหนึ่ง ทำด้วยเหล็ก มีด้ามยาว.
เสียม 1,น.,"เมืองไทย, ไทย."
เสี้ยมเขาควายให้ชนกัน 0,ก.,ยุยงให้โกรธ เกลียด หรือวิวาทกัน.
เสี้ยมสอน 0,ก.,สอนโดยยุยงให้ใช้เล่ห์กล เช่น เขาถูกเสี้ยมสอนให้กระด้างกระเดื่องต่อฝ่ายปกครอง เขาเสี้ยมสอนลูกให้เป็นโจร.
เสี่ยมสาร 0,ว.,เสงี่ยมงาม.
เสียมารยาท 0,ก.,"แสดงกิริยาที่สังคมถือว่าไม่สมควร, เสียกิริยา ก็ว่า."
เสียมือ 0,ก.,"สูญเสียมือไป, โดยปริยายใช้ในความดูถูกดูหมิ่น เช่น คนอย่างนี้ ฉันไม่ไหว้ให้เสียมือหรอก."
เสียมือเสียตีน 0,ก.,"สูญเสียมือและตีนไป, สูญเสียมือและเท้าไป, โดยปริยายหมายถึงเสียบุคคลที่รับใช้ใกล้ชิดหรือไว้วางใจไป เช่น เด็กคนนี้รับใช้ใกล้ชิดจนรู้ใจท่านสมภารมานาน ตายไปก็เท่ากับท่านเสียมือเสียตีนไป."
เสียมือเสียเท้า 0,ก.,"สูญเสียมือและตีนไป, สูญเสียมือและเท้าไป, โดยปริยายหมายถึงเสียบุคคลที่รับใช้ใกล้ชิดหรือไว้วางใจไป เช่น เด็กคนนี้รับใช้ใกล้ชิดจนรู้ใจท่านสมภารมานาน ตายไปก็เท่ากับท่านเสียมือเสียตีนไป."
เสียยุบเสียยับ 0,ก.,เสียแล้วเสียอีก (มักใช้แก่เงินทอง) เช่น ไปเที่ยวงานคราวนี้เสียยุบเสียยับ.
เสียรอย 0,ก.,ทำรอยให้หลงเข้าใจผิด เช่น แล้วเสียรอยถอยหลังลงสู่สระศรี (ม. ร่ายยาว กุมาร).
เสียรังวัด 0,ก.,"พลอยได้รับผิดด้วยในเหตุที่เกิดขึ้น, พลอยเสียหายไปด้วย, เช่น เด็กในบ้านไปขโมยมะม่วงของเพื่อนบ้าน เขามาต่อว่า เจ้าของบ้านก็พลอยเสียรังวัดไปด้วย."
เสียราศี 0,ก.,"เสียสง่า, เสียเกียรติยศ, เสียศักดิ์ศรี, เสียสิริมงคล, เช่น คบคนชั่วทำให้เสียราศี."
เสียรู้ 0,ก.,แพ้เพราะโง่กว่าเขาหรือไม่ทันชั้นเชิงเขา.
เสียรูป 0,ก.,ผิดรูปผิดร่างไป เช่น กระเป๋าใบนี้ใส่ของอัดแน่นจนเกินไป ทำให้เสียรูปหมด.
เสียรูปคดี 0,ก.,เป็นผลให้คดีเปลี่ยนไปในทางที่เสียเปรียบ.
เสียรูปทรง 0,ก.,"ผิดไปจากรูปทรงเดิม, ผิดไปจากรูปทรงที่ถือว่างาม, เช่น เขาป่วยหนักมา ๓ เดือน ผอมมากจนเสียรูปเสียทรงหมด ตอนสาว ๆ ก็รูปร่างดี พอมีอายุมากขึ้น อ้วนเผละจนเสียรูปทรงหมด."
เสียรูปเสียทรง 0,ก.,"ผิดไปจากรูปทรงเดิม, ผิดไปจากรูปทรงที่ถือว่างาม, เช่น เขาป่วยหนักมา ๓ เดือน ผอมมากจนเสียรูปเสียทรงหมด ตอนสาว ๆ ก็รูปร่างดี พอมีอายุมากขึ้น อ้วนเผละจนเสียรูปทรงหมด."
เสียแรง 0,ก.,เสียเรี่ยวแรง เช่น งานนี้ทำไปก็เสียแรงเปล่า ๆ ได้ผลประโยชน์ไม่คุ้ม.
เสียแรง 1,ว.,ที่น้อยใจหรือผิดหวังที่ลงแรงไปแล้วแต่ไม่ได้ผลสมประสงค์ เช่น เสียแรงไว้วางใจให้รู้ความลับของบริษัท กลับเอาไปเปิดเผยให้ฝ่ายตรงข้ามรู้ได้.
เสียฤกษ์ 0,ก.,ทำไม่ได้ในระหว่างเวลามงคลที่กำหนดไว้ (ใช้ในทางโหราศาสตร์) เช่น เจ้าสาวเป็นลมหมดสติในระหว่างพิธีรดน้ำสังข์ เลยทำให้เสียฤกษ์
เสียฤกษ์ 1,ก.,ไม่ทันเวลาที่นัดหมาย เช่น นัดกันจะไปธุระแต่เขามาไม่ทัน เสียฤกษ์หมด.
เสียเลือดเนื้อ 0,ก.,บาดเจ็บล้มตาย เช่น ในการสู้รบกัน ย่อมเสียเลือดเสียเนื้อเป็นธรรมดา.
เสียเลือดเสียเนื้อ 0,ก.,บาดเจ็บล้มตาย เช่น ในการสู้รบกัน ย่อมเสียเลือดเสียเนื้อเป็นธรรมดา.
เสียแล้ว 0,*ว.,คำประกอบท้ายกริยา แสดงความเป็นอดีต เช่น ยังไม่ทันได้พูดคุยกันเลย เขาก็กลับไปเสียแล้ว.
เสียว 0,ก.,"รู้สึกแปลบเพราะเจ็บ เช่น รู้สึกเสียวที่ข้อเท้าเพราะเท้าแพลง, เกิดอาการที่ทำให้ขนลุกหรือกลัว เช่น เดินเข้าไปในป่าช้าเวลาค่ำ ๆ ได้ยินเสียงแกรกกรากก็รู้สึกเสียว พอเห็นเข็มฉีดยาก็เสียวเสียแล้ว, รู้สึกวาบในหัวใจด้วยความกำหนัด"
เสียว 1,ก.,โดยปริยายหมายความว่า รู้สึกเกรง เช่น เขาไม่ได้ส่งการบ้านเสียวอยู่ตลอดเวลาว่าครูจะเรียกไปลงโทษ.
เสี้ยว 0,น.,"ส่วน ๑ ใน ๔ เช่น เขาผ่าแตงโมออกเป็น ๔ เสี้ยว, ส่วนย่อย เช่น เขาผ่าฟักทองเป็นเสี้ยวเล็ก ๆ."
เสี้ยว 1,ว.,"เฉ, ไม่ตรง, เช่น เธอตัดผ้าเสี้ยว."
เสี่ยว 0,น.,"เพื่อน, เกลอ."
เสี่ยว 1,ก.,"เฉี่ยว, ขวิด."
เสียวซ่าน 0,ก.,รู้สึกวาบวับเข้าไปในหัวใจด้วยความกำหนัดยินดี.
เสียวฟัน 0,ก.,รู้สึกแปลบที่ฟันเพราะเคลือบฟันสึกหรือฟันเป็นรูเป็นต้น.
เสียวสยอง 0,ก.,รู้สึกหวาดกลัวจนขนลุกขนชัน เช่น เกิดอุบัติเหตุรถชนกัน คนตายเป็นจำนวนมาก เห็นแล้วเสียวสยอง.
เสียวสันหลัง 0,ว.,"รู้สึกหวาดกลัว เช่น เดินในป่าช้ายามดึก รู้สึกเสียวสันหลัง, หนาวสันหลัง ก็ว่า."
เสียวไส้ 0,ก.,รู้สึกหวาดเมื่อได้เห็นหรือได้ยินเกี่ยวกับสิ่งที่น่ากลัวว่าอาจทำให้เกิดอันตรายได้ เช่น เด็กเอาปืนมาเล่นกัน เห็นแล้วเสียวไส้.
เสียวไส้ 1,ว.,อาการที่รู้สึกหวาดเมื่อได้เห็นหรือได้ยินเกี่ยวกับสิ่งที่น่ากลัวว่าอาจทำให้เกิดอันตรายได้ เช่น เขาขับรถเร็วมากจนน่าเสียวไส้.
เสี้ยวใหญ่ 0,น.,"ชื่อไม้ต้นชนิด Bauhinia malabaricaRoxb. ในวงศ์ Leguminosae ใบมีรสเปรี้ยว กินได้และใช้ทำยาได้, เสี้ยวใหญ่ ก็เรียก."
เสียเวลา 0,ก.,"ใช้เวลาหมดไป เช่น วันหนึ่ง ๆ เขาเสียเวลาคอยรถประจำทางเป็นชั่วโมง, โดยปริยายหมายความว่า หมดเวลาไปโดยไม่ได้ประโยชน์คุ้ม เช่น หนังสือเล่มนี้เสียเวลาอ่าน."
เสียศูนย์ 0,ก.,ผิดจากแนวที่ถูกต้อง เช่น ปืนเสียศูนย์ ยิงได้ไม่แม่นยำ.
เสียเศวตฉัตร 0,ก.,"เสียความเป็นเจ้าเป็นใหญ่, เสียราช-สมบัติ, เสียบ้านเสียเมือง, เสียเอกราช, ใช้พูดย่อว่า เสียฉัตร ก็มี."
เสียสติ 0,ว.,"มีสติฟั่นเฟือน, คุ้มดีคุ้มร้าย."
เสียสมอง 0,ก.,"สิ้นเปลืองความคิด เช่น เรื่องนี้คิดไปก็เสียสมองเปล่า ๆ ปัญหาข้อนี้ยากมาก เสียสมองอยู่นานกว่าจะคิดออก, เสียหัว ก็ว่า."
เสียสละ 0,ก.,"ให้โดยยินยอม, ให้ด้วยความเต็มใจ, เช่น ทหารเสียสละชีวิตเพื่อปกป้องเอกราชของชาติ พ่อแม่เสียสละทุกสิ่งทุกอย่างได้เพื่อลูก."
เสียสัตย์ 0,ก.,ละทิ้งคำมั่นสัญญา เช่น ยอมเสียชีวิตดีกว่าเสียสัตย์.
เสียสันดาน 0,ก.,เสียอุปนิสัยที่มีมาแต่กำเนิด (ใช้เป็นคำตำหนิ) เช่น เด็กคนนี้เสียสันดาน ชอบลักขโมยของคนอื่น.
เสียสายตา 0,ก.,ทำให้สายตาเสื่อมลงหรือเลวลง เช่น อย่าอ่านหนังสือในที่ที่มีแสงสว่างน้อย จะทำให้เสียสายตา
เสียสายตา 1,ก.,"โดยปริยายใช้ในความดูถูกดูหมิ่น เช่น ของอย่างนี้ ฉันไม่ดูให้เสียสายตาหรอก, เสียตา ก็ว่า."
เสียสาว 0,ก.,"ผ่านการร่วมประเวณีครั้งแรก (ใช้แก่ผู้หญิง), เสียพรหมจารี ก็ว่า."
เสียเส้น 0,ก.,"เสียจังหวะ เช่น เขากำลังเล่าเรื่องตื่นเต้น เธอก็พูดขัดคอขึ้นมา ทำให้เสียเส้นหมด, พลาดโอกาสที่หวังไว้หรือที่ตั้งใจไว้ เช่น เตรียมจัดงานใหญ่โตเพื่อต้อนรับผู้ใหญ่ แต่ปรากฏว่าท่านไม่มา ทำให้เสียเส้นหมด."
เสียหน่อย 0,*ว.,คำประกอบท้ายกริยา แสดงความอ้อนวอนหรือความไม่เต็มใจเป็นต้น เช่น กินเสียหน่อยนะ ไปงานเขาเสียหน่อย ทำเสียหน่อย.
เสียหนัก 0,*ว.,คำประกอบท้ายกริยา หมายความว่า มาก เช่น งานอย่างนี้ ทำมาเสียหนักแล้ว.
เสียหน้า 0,ก.,ขายหน้า เช่น ลูกประพฤติตัวไม่ดี พลอยทำให้พ่อแม่เสียหน้าไปด้วย.
เสียหลัก 0,ก.,ผิดไปจากหลักการ หลักเกณฑ์ หรือความถูกต้องเป็นต้น เช่น เป็นผู้ใหญ่มีคนเขานับถือ ทำสิ่งใดอย่าให้เสียหลัก
เสียหลัก 1,ก.,"ซวดเซ, พลาดท่า, ทรงตัวไม่ได้, เช่น คนเมาเสียหลักเลยพลัดตกลงไปในคลอง."
เสียหลาย 0,ก.,เสียทรัพย์สินเงินทองเป็นต้นไปมาก เช่น งานนี้เสียหลายแล้ว ยังไม่ได้อะไรเป็นชิ้นเป็นอันเลย
เสียหลาย 1,ก.,เสียเปล่า (ใช้ในความปฏิเสธ) เช่น เด็กกำพร้าคนนี้ เลี้ยงไว้จนโตก็พึ่งได้ ไม่เสียหลาย งานวิจัยชิ้นนี้ทำไปก็ได้ประโยชน์ ไม่เสียหลาย.
เสียหัว 0,ก.,สูญเสียหัวไป
เสียหัว 1,ก.,"สิ้นเปลืองความคิด เช่น ปัญหาโลกแตกอย่างนี้ อย่าคิดให้เสียหัวเลย เลขข้อนี้กว่าจะทำได้ก็เสียหัวไปหลายชั่วโมง, เสียสมอง ก็ว่า"
เสียหัว 2,ก.,เสียภาษี.
เสียหาย 0,ก.,เสื่อมเสีย เช่น เขาประพฤติตัวไม่ดี ทำให้วงศ์ตระกูลพลอยเสียหายไปด้วย
เสียหาย 1,ก.,"ยับเยิน, ย่อยยับ, เช่น ปีนี้ฝนตกหนัก น้ำท่วมไร่นาเสียหายหมด, เสีย ก็ว่า."
เสียหู 0,ก.,"สูญเสียหูไป, โดยปริยายใช้ในความดูถูกดูหมิ่น เช่น เรื่องไร้สาระเช่นนี้ ฉันไม่ฟังให้เสียหูหรอก."
เสียหูเสียตา 0,ก.,"สูญเสียหูและตาไป, โดยปริยายหมายความว่า ไม่อยากดูไม่อยากฟัง เช่น ละครไม่มีคุณภาพอย่างนี้ ฉันไม่ดูให้เสียหูเสียตาหรอก."
เสียเหลี่ยม 0,ก.,"เสียชั้นเชิงท่าที เช่น ในการเจรจาอย่าให้เสียเหลี่ยมเขาได้, ถูกลบเหลี่ยม เช่น นักเลงโตเสียเหลี่ยม ถูกนักเลงรุ่นน้องดักตีหัว, เสียเหลี่ยมเสียคม ก็ว่า."
เสียเหลี่ยมเสียคม 0,ก.,เสียเหลี่ยม.
เสียอารมณ์ 0,ก.,หงุดหงิด เช่น รถติดมากเลยทำให้เสียอารมณ์.
เสื่อ 0,น.,"สาด, เครื่องสานชนิดหนึ่งสำหรับปูนั่งและนอน."
เสือ 0,น.,"ชื่อสัตว์เลี้ยงลูกด้วยนม ในวงศ์ Felidae รูปร่างลักษณะคล้ายแมวแต่ตัวโตกว่ามาก เป็นสัตว์กินเนื้อ นิสัยค่อนข้างดุร้าย หากินเวลากลางคืน มีหลายชนิด เช่น เสือโคร่ง [Panthera tigris (Linn.)] เสือดาวหรือเสือดำ [P. pardus (Linn.)], โดยปริยายใช้เรียกคนเก่งคนดุร้าย"
เสือ 1,น.,"ชื่อหนึ่งของดาวฤกษ์จิตรา มี ๑ ดวง, ดาวต่อมนํ้า ดาวตาจระเข้ ดาวไต้ไฟ หรือ ดาวจิตระ ก็เรียก."
เสื้อ 0,น.,เครื่องสวมกายท่อนบนทำด้วยผ้าเป็นต้น เรียกชื่อต่าง ๆ กัน เช่น เสื้อกั๊ก เสื้อเชิ้ต.
เสือ 2,น.,"ชื่อปลาน้ำจืดชนิด Datnioides pulcher (Bleeker) และ D. undecimradiatusRoberts & Kottelat ในวงศ์ Lobotidae ลำตัวกว้าง แบนข้าง แนวสันหลังโค้งมากกว่าแนวสันท้อง หัวแหลม ปากกว้างพอประมาณเชิดขึ้นเล็กน้อย จะงอยปากอยู่ต่ำกว่าระดับตา เกล็ดเล็กเป็นแบบเกล็ดหนาม ส่วนท้ายของครีบหลัง ครีบก้นและครีบหางมีขอบกลม ปลายครีบท้องยื่นยาวเป็นเส้นสั้น ๆ พื้นลำตัวและครีบมีสีเทาจนถึงเหลืองและชมพูหม่น หรือน้ำตาลหม่นหรือคล้ำ ที่สำคัญคือมีแถบใหญ่สีดำหรือน้ำตาลเข้มพาดขวางอยู่บนหัว ลำตัว และคอดหาง รวม ๖ แถบ สำหรับชนิดแรกที่เคยพบในลุ่มน้ำภาคกลางและแม่น้ำโขง มีประวัติทางพฤติกรรมว่ามักหลบอยู่ตามตอไม้จมน้ำ ปัจจุบันปลาในธรรมชาติแทบไม่มีให้พบกันอีก ส่วนอีกชนิดหนึ่งพบเฉพาะในแม่น้ำโขง ทั้ง ๒ ชนิดคล้ายกันมากและมีขนาดยาวได้ถึง ๔๐ เซนติเมตร, ลาด หรือ เสือ ก็เรียก."
เสื้อ 1,น.,เชื้อสาย
เสื้อ 2,น.,"ผีหรืออมนุษย์จำพวกหนึ่ง เรียกเต็มว่า ผีเสื้อ, ถ้าอยู่ในนํ้า เรียกว่า ผีเสื้อนํ้า หรือ เสื้อนํ้า, ถ้าเป็นยักษ์ เรียกว่า ผีเสื้อยักษ์, ถ้าอยู่รักษาเมือง เรียกว่า ผีเสื้อเมือง เสื้อเมือง หรือ พระเสื้อเมือง."
เสือ 3,น.,เสือสุมาตรา.
เสือ 4,น.,ชื่อแมลงพวกด้วงหลายชนิดหลายสกุล ในวงศ์ Cicindelidae ลำตัวยาว ๑.๕-๒ เซนติเมตร ตาโปนโตเห็นได้ชัด ปีกคู่หน้ามีสีและลวดลายแตกต่างกันตามชนิด ลวดลายส่วนใหญ่มักเป็นจุด ขายาว เคลื่อนไหวได้รวดเร็ว เป็นตัวห้ำกินแมลงตัวเล็ก ๆ ที่พบตามพื้นทรายและตามธรรมชาติ เช่น ชนิด Cicindela sexpunctata Fabricius.
เสือก 0,ก.,ทำให้เคลื่อนไปบนพื้นโดยแรง เช่น เสือกจานไปข้างหน้า เสือกหัวเรือเกยตลิ่ง
เสือก 1,ก.,โดยปริยายหมายความว่า เข้าไปจุ้นจ้านในเรื่องของคนอื่นโดยไม่ใช่หน้าที่หรือโดยไม่สมควร (เป็นคำไม่สุภาพ) เช่น ที่ห้ามเข้ายังเสือกเข้ามา.
เสื่อกก 0,น.,เครื่องปูลาดสำหรับรองนั่งหรือนอน ทำด้วยต้นกก ทอหรือสานเป็นผืนรูปสี่เหลี่ยมผืนผ้า.
เสือกกะโหลก 0,ว.,สาระแนเข้าไปทำการโดยไม่มีใครต้องการให้ทำ.
เสือกคลาน 0,ว.,"สัตว์เลือดเย็นจำพวกที่ผิวหนังมีเกล็ดปกคลุม หายใจด้วยปอดอย่างจิ้งจก จิ้งเหลน จระเข้ เต่า งู ส่วนมากวางไข่ หลายชนิดออกลูกเป็นตัว ลูกอ่อนมีลักษณะอย่างพ่อแม่ เรียกว่า สัตว์เลื้อยคลาน, เดิมเรียกว่า สัตว์เสือกคลาน."
เสื่อกระจูด 0,น.,เครื่องปูลาดสำหรับรองนั่งหรือนอน ทำด้วยต้นกระจูด สานเป็นผืนรูปสี่เหลี่ยมผืนผ้า.
เสือกระดาษ 0,น.,ประเทศ องค์การ หรือผู้ที่ทำท่าทีประหนึ่งมีอำนาจมากแต่ความจริงไม่มี.
เสือกระต่าย 0,น.,"ชื่อสัตว์เลี้ยงลูกด้วยนมชนิด Felis chaus Guldenstaedt ในวงศ์ Felidae ขนาดใหญ่กว่าแมวบ้าน สีนํ้าตาลอมเทาหรือนํ้าตาลอมเหลือง หูตั้งชัน มีพู่ขนสีดำที่ปลายหู, เสือกระต่าย หรือ เสือบอง ก็เรียก."
เสื้อกระบอก 0,น.,เสื้อชนิดหนึ่งในสมัยรัชกาลที่ ๔ แขนยาว ช่วงตัวสั้นเสมอบั้นเอว แขนรัด ตัวรัด คอสูง.
เสื้อกล้าม 0,น.,เสื้อชั้นในมักทำด้วยผ้ายืด ไม่มีแขน ไม่มีปก.
เสือกสน 0,ก.,กระเสือกกระสน.
เสือกไส 0,ก.,"ส่งไปที่อื่นเพื่อให้พ้นไป, มักใช้เข้าคู่กับคำ ไล่ส่ง เป็น เสือกไสไล่ส่ง."
เสื้อกั๊ก 0,น.,เสื้อชนิดหนึ่ง ตัวสั้นเสมอเอว ไม่มีแขน ไม่มีปก ผ่าอกตลอด ติดกระดุมหรือไม่ติดก็ได้ มักใช้สวมทับเสื้อเชิ้ต.
เสือกินวัว 0,น.,ชื่อการเล่นชนิดหนึ่ง ประกอบด้วยพื้นที่สี่เหลี่ยมจัตุรัสขีดเป็นตา ๑๖ ตา มีผู้เล่น ๒ ฝ่าย ฝ่ายเสือมี ๔ ตัว ฝ่ายวัวมี ๑๒ ตัว โดยฝ่ายเสือวางเสือ ๔ ตัวไว้ที่มุมทั้ง ๔ แล้วฝ่ายวัวจะวางวัวลงในช่องทีละตัว พยายามไม่ให้เสือกินได้ การเดินต้องเดินทางตรงทีละช่อง เวลาเสือกินวัวต้องข้ามวัวไป ๑ ช่อง ถ้าเสือถูกล้อมจนเดินไม่ได้ ฝ่ายเสือก็แพ้ ถ้าฝ่ายวัวถูกเสือกินหมด ฝ่ายวัวก็แพ้.
เสื้อกุยเฮง 0,น.,เสื้อแบบจีนชนิดหนึ่ง คอกลม มีแขน ผ่าอกตลอด ติดกระดุม มีกระเป๋าล่าง ๒ ข้าง.
เสื้อเกราะ 0,น.,เสื้อที่ใช้สวมใส่สำหรับป้องกันอาวุธหรืออันตราย.
เสือเก่า 0,น.,คนที่เคยมีความเก่งกล้าสามารถหรือมีอำนาจมาก่อน.
เสือข้ามห้วย 0,น.,ชื่อการเล่นโดยใช้วิธีกระโดดข้ามกัน.
เสื้อแขนกระบอก 0,น.,เสื้อที่มีแขนเป็นรูปกระบอกยาวถึงข้อมือ ปลายแขนตรง ไม่มีจีบ.
เสื้อครุย 0,น.,เสื้อชนิดหนึ่ง มีหลายแบบ ใช้สวมหรือคลุม เป็นเครื่องประกอบเกียรติยศหรือแสดงหน้าที่ในพิธีการหรือแสดงวิทยฐานะ.
เสื่อเงิน 0,น.,เครื่องปูลาดสำหรับรองนั่ง ทำด้วยแผ่นเงินตัดเป็นเส้นอย่างตอก สานเป็นผืนตามขนาดพื้นที่ที่ปูลาด.
เสือจนท่า ข้าจนทาง 0,*ก.,จำเป็นต้องยอมเพื่อเอาตัวรอด.
เสือซ่อนเล็บ 0,น.,"ผู้ที่มีความเก่งกล้าสามารถแต่ไม่ยอมแสดงออกมาให้ปรากฏ, ผู้มีเล่ห์กลอยู่ในใจ, ผู้เก็บความรู้สึกไว้ได้ดี"
เสือซ่อนเล็บ 1,น.,ชื่อเรียกอาวุธชนิดหนึ่ง อย่างมีดพก ๒ เล่ม สอดประกบกันสนิทดูเหมือนว่าเป็นไม้แท่งเดียว.
เสือเฒ่าจำศีล 0,น.,ชายสูงอายุที่มีท่าทีสงบเสงี่ยมน่านับถือ แต่เจ้ามารยามีเล่ห์เหลี่ยมมาก.
เสือเฒ่าเจ้าเล่ห์ 0,น.,ชายสูงอายุที่มีท่าทีสงบเสงี่ยมน่านับถือ แต่เจ้ามารยามีเล่ห์เหลี่ยมมาก.
เสือดาว 0,น.,ชื่อเสือชนิด Panthera pardus (Linn.) ในวงศ์ Felidae ขนาดใหญ่รองลงมาจากเสือโคร่ง ขนสีนํ้าตาลแกมเหลือง มีแต้มสีดำคล้ายรอยขยุ้มตีนหมากระจายทั่วตัว ว่องไว ปีนขึ้นต้นไม้ได้ดี บางตัวขนส่วนที่เป็นสีน้ำตาลแกมเหลืองเป็นสีดำ และมีแต้มสีดำอยู่ทั่วตัวเช่นกัน เห็นได้ชัดเมื่อถูกแสง เรียก เสือดำหรือเสือแมลงภู่.
เสือดาว 1,ก.,"ชื่อปลาทะเลหรือนํ้ากร่อยชนิด Scatophagus argus (Linn.) ในวงศ์ Scatophagidae ลำตัวสั้น แบนข้าง หัวทู่ ปากเล็ก หางมน เกล็ดเล็กสากมือ สีพื้นลำตัวมีแตกต่างกันมาก อาจเป็นสีเขียว เทา หรือนํ้าตาล ครึ่งบนของลำตัวสีเข้มกว่าและมีแถบสีเทาเข้มหรือดำพาดขวางหลายแนว และแตกเป็นจุดที่ด้านล่างหรือเป็นแต้มเป็นจุดทั่วตัว ครีบต่าง ๆ มีสีเหลืองอ่อนอมเทา, กระทะ หรือ เสือดาว ก็เรียก."
เสือดำ 0,น.,ชื่อเสือชนิด Panthera pardus (Linn.) ในวงศ์ Felidae ขนาดใหญ่รองลงมาจากเสือโคร่ง ขนสีนํ้าตาลแกมเหลือง มีแต้มสีดำคล้ายรอยขยุ้มตีนหมากระจายทั่วตัว ว่องไว ปีนขึ้นต้นไม้ได้ดี บางตัวขนส่วนที่เป็นสีน้ำตาลแกมเหลืองเป็นสีดำ และมีแต้มสีดำอยู่ทั่วตัวเช่นกัน เห็นได้ชัดเมื่อถูกแสง เรียก เสือดำหรือเสือแมลงภู่.
เสือตกถัง 0,น.,ชื่อเครื่องดักหนูชนิดหนึ่ง มีเหยื่อห้อยไว้เหนือแผ่นกระดก เมื่อหนูไปเหยียบปลายแผ่นกระดกเพื่อจะกินเหยื่อ ปลายแผ่นก็กระดกลงเพราะน้ำหนักตัวของหนู เมื่อหนูตกลง แผ่นกระดกก็กลับคืนที่ ปิดช่องไว้ หนูออกไม่ได้
เสือตกถัง 1,น.,ชื่อการเล่นชนิดหนึ่ง วิธีเล่นต้องขีดเส้นตรง ๒ เส้นตัดกัน แล้วเขียนวงกลมไว้ระหว่างเส้นแห่งใดแห่งหนึ่ง สมมุติให้เป็นถัง ผู้เล่นมี ๒ ฝ่าย สมมุติเป็นเสือฝ่ายละ ๒ ตัว แต่ละฝ่ายจะสลับกันเดิน โดยเดินจากปลายเส้นหนึ่งไปยังปลายอีกเส้นหนึ่ง หรือจากปลายเส้นมายังจุดกลางก็ได้ ถ้าเสือฝ่ายใดเดินแล้วตกถัง ก็เป็นฝ่ายแพ้.
เสือตบก้น 0,น.,ชื่อเครื่องดักหนูชนิดหนึ่ง มีไม้ตบตัวหนูให้ติดอยู่กับปากกระบอกเมื่อไกลั่น.
เสือตอ 0,น.,"ชื่อปลาน้ำจืดชนิด Datnioides pulcher (Bleeker) และ D. undecimradiatusRoberts & Kottelat ในวงศ์ Lobotidae ลำตัวกว้าง แบนข้าง แนวสันหลังโค้งมากกว่าแนวสันท้อง หัวแหลม ปากกว้างพอประมาณเชิดขึ้นเล็กน้อย จะงอยปากอยู่ต่ำกว่าระดับตา เกล็ดเล็กเป็นแบบเกล็ดหนาม ส่วนท้ายของครีบหลัง ครีบก้นและครีบหางมีขอบกลม ปลายครีบท้องยื่นยาวเป็นเส้นสั้น ๆ พื้นลำตัวและครีบมีสีเทาจนถึงเหลืองและชมพูหม่น หรือน้ำตาลหม่นหรือคล้ำ ที่สำคัญคือมีแถบใหญ่สีดำหรือน้ำตาลเข้มพาดขวางอยู่บนหัว ลำตัว และคอดหาง รวม ๖ แถบ สำหรับชนิดแรกที่เคยพบในลุ่มน้ำภาคกลางและแม่น้ำโขง มีประวัติทางพฤติกรรมว่ามักหลบอยู่ตามตอไม้จมน้ำ ปัจจุบันปลาในธรรมชาติแทบไม่มีให้พบกันอีก ส่วนอีกชนิดหนึ่งพบเฉพาะในแม่น้ำโขง ทั้ง ๒ ชนิดคล้ายกันมากและมีขนาดยาวได้ถึง ๔๐ เซนติเมตร, ลาด หรือ เสือ ก็เรียก."
เสือติดจั่น 0,ว.,อาการที่เดินงุ่นง่านวนไปมาเหมือนเสือที่ติดอยู่ในจั่นหับ.
เสือทลายห้าง ช้างทลายโรง 0,น.,คนที่แสดงกิริยาเอะอะตึงตัง.
เสือทะเล 0,น.,"ชื่อปลาฉลามขนาดใหญ่ชนิด Galeocerdo cuvieri (Peron & Le Sueur) ในวงศ์ Carcharinidae มีฟันใหญ่เป็นรูปสามเหลี่ยม ขอบจักเป็นฟันเลื่อย พื้นลำตัวและครีบสีน้ำตาลหม่น มีลายพาดขวางตลอดข้างลำตัวถึงปลายหาง ซึ่งอาจแตกเป็นจุดเห็นกระจายอยู่ทั่วไปหรือจางหมดไปเมื่อโตขึ้น หางยาว ดุร้ายมาก ขนาดยาวได้ถึง ๗ เมตร, ตะเพียนทอง พิมพา หรือ เสือทะเล ก็เรียก."
เสือทำลายห้าง 0,น.,ชื่อท่ารำแบบหนึ่ง โดยมือทั้งสองพนม ชูขึ้นระดับหน้า ลำตัวตั้งตรง เอียงศีรษะข้างใดก็ได้.
เสือนอนกิน 0,น.,คนที่ได้รับผลประโยชน์หรือผลกำไรโดยไม่ต้องลงทุนลงแรง.
เสือนั่งร่ม 0,น.,"ชื่อไม้พุ่มชนิด Leea macrophylla Roxb. ex Hornem. ในวงศ์ Leeaceae ใบใหญ่ ใช้ทำยาได้, พญากาสัก เสือนั่งร่ม หรือ ตาลปัตรฤๅษี ก็เรียก."
เสื้อน้ำ 0,น.,"เทวดาที่รักษาน่านน้ำ, ผีเสื้อน้ำ ก็เรียก."
เสื่อน้ำมัน 0,น.,พรมนํ้ามัน. (ดู พรมนํ้ามัน ที่ พรม ๑).
เสือในร่างสมัน 0,น.,คนร้ายที่แฝงมาในร่างของคนดี.
เสือบอง 0,น.,"ชื่อสัตว์เลี้ยงลูกด้วยนมชนิด Felis chaus Guldenstaedt ในวงศ์ Felidae ขนาดใหญ่กว่าแมวบ้าน สีนํ้าตาลอมเทาหรือนํ้าตาลอมเหลือง หูตั้งชัน มีพู่ขนสีดำที่ปลายหู, เสือกระต่าย หรือ เสือบอง ก็เรียก."
เสือปลา 0,น.,"ชื่อเสือชนิด Felis viverrina Bennett ในวงศ์ Felidae ขนาดใหญ่กว่าแมวป่า พื้นลำตัวสีเทาหรือน้ำตาลอมเขียว มีลายสีดำเป็นจุดกระจายอยู่ทั่วตัว หางยาวมีแถบสีดำเป็นวงใกล้ปลายหาง กินปลาและสัตว์เล็ก, ทางภาคตะวันออกเรียกเสือปลาที่มีขนาดใหญ่ว่า เสือแผ้ว."
เสือป่า 0,น.,ผู้ช่วยพลรบซึ่งมีหน้าที่สอดแนมเพื่อสนับสนุนกองทหาร.
เสือป่าแมวเซา 0,น.,กองทหารโบราณ มีหน้าที่สอดแนมและซุ่มคอยดักตีข้าศึกเพื่อตัดเสบียงอาหาร.
เสือป่าแมวมอง 0,น.,กองทหารโบราณ มีหน้าที่สอดแนมและซุ่มคอยดักตีข้าศึกเพื่อตัดเสบียงอาหาร.
เสื่อผืนหมอนใบ 0,น.,สำนวนที่เนื่องมาจากการที่คนจีนจากเมืองจีนเดินทางโดยเรือสำเภาเข้ามาทำมาหากินในเมืองไทย โดยไม่มีทรัพย์สมบัติหรือข้าวของติดตัวมานอกจากเสื่อกับหมอนเท่านั้นแล้วสามารถตั้งเนื้อตั้งตัวได้
เสื่อผืนหมอนใบ 1,น.,โดยปริยายหมายถึงมีสมบัติติดตัวเพียงเล็กน้อย แต่มีวิริยอุตสาหะแล้วสามารถตั้งเนื้อตั้งตัวได้.
เสือแผ้ว 0,น.,"ชื่อเสือชนิด Felis viverrina Bennett ในวงศ์ Felidae ขนาดใหญ่กว่าแมวป่า พื้นลำตัวสีเทาหรือน้ำตาลอมเขียว มีลายสีดำเป็นจุดกระจายอยู่ทั่วตัว หางยาวมีแถบสีดำเป็นวงใกล้ปลายหาง กินปลาและสัตว์เล็ก, ทางภาคตะวันออกเรียกเสือปลาที่มีขนาดใหญ่ว่า เสือแผ้ว."
เสือพ่นน้ำ 0,น.,"ชื่อปลาน้ำกร่อยทุกชนิดในสกุล Toxotesวงศ์ Toxotidae บางชนิดอยู่ได้ดีในเขตน้ำจืด ทุกชนิดมีพฤติกรรมในการว่ายเสมอผิวน้ำและล่าเหยื่อจำพวกแมลงและแมงเป็นส่วนใหญ่ที่อยู่เหนือผิวน้ำได้ถึง ๓ เมตร ด้วยการพ่นเม็ดน้ำเป็นทางให้ไปโดนเหยื่อตกลงมาเป็นอาหาร ทุกชนิดมีพื้นลำตัวและครีบสีเงินอมเหลืองแกมเขียว ที่สำคัญคือ มีแถบหรือแต้มสีดำพาดขวางอยู่ตั้งแต่หัวถึงคอดหาง ขนาดยาว ๓๐-๕๐ เซนติเมตร, เสือ ก็เรียก."
เสือไฟ 0,น.,ชื่อเสือชนิด Felis temmincki Vigors & Horsfield ในวงศ์ Felidae ขนาดใหญ่กว่าเสือปลา รูปร่างเพรียว ขนสีนํ้าตาลแกมแดงตลอดตัว หรือที่หายากมีสีดำ หางยาวไล่เลี่ยกับลำตัว เวลาเดินจะยกหางขนานกับพื้น อาศัยอยู่ตามป่าโปร่ง กินสัตว์ขนาดเล็ก เช่น กระต่าย กิ้งก่า.
เสื่อม 0,ก.,"น้อยลง, หย่อนลง, เช่น เครื่องจักรเมื่อใช้ไปนาน ๆ คุณภาพก็ค่อย ๆ เสื่อมไป, เสีย เช่น เสื่อมเกียรติ, ค่อย ๆ ลดลง เช่น ความจำเสื่อม, ต่ำกว่าระดับเดิม เช่น เมื่อความเจริญทางวัตถุมีมากขึ้น คุณธรรมของคนก็เสื่อมลง, ถอยความขลัง เช่น มนตร์เสื่อม."
เสื่อมคลาย 0,ว.,"น้อยลง, ลดลง, เช่น มิตรภาพเสื่อมคลายลงเพราะต่างฝ่ายต่างเอาเปรียบกัน."
เสื่อมถอย 0,ว.,"หย่อนลง, ไม่ดีเหมือนเดิม, เช่น เขาป่วยคราวนี้ทำให้สมรรถภาพในการทำงานเสื่อมถอยไปมาก."
เสื่อมทราม 0,ก.,เลวลง (มักใช้แก่ความประพฤติ) เช่น ตั้งแต่เขาไปมั่วสุมกับคนพาล ชีวิตของเขาก็เสื่อมทรามลง.
เสื่อมทราม 1,ว.,ที่เลวลง (มักใช้แก่ความประพฤติ) เช่น เขามีความประพฤติเสื่อมทราม.
เสื่อมโทรม 0,ก.,"เลวลง, มีฐานะตกต่ำกว่าเดิม, เช่น ภาวะเศรษฐกิจกำลังเสื่อมโทรม."
เสื่อมสลาย 0,ก.,ค่อย ๆ แปรสภาพไป เช่น อาณาจักรโรมันอันศักดิ์สิทธิ์ได้เสื่อมสลายไปแล้ว.
เสื่อมสิทธิ์ 0,ก.,"มีสิทธิน้อยลง, ทำให้สิทธิเสียไป."
เสื่อมสูญ 0,ก.,"ค่อย ๆ ลดน้อยลงไปจนหมดสิ้น เช่น มีผู้พยากรณ์ว่า พระพุทธศาสนากำลังเสื่อมสูญไป พอครบ ๕,๐๐๐ ปีก็สูญสิ้น."
เสื่อมเสีย 0,ก.,เสียหาย เช่น เพราะถูกกล่าวหาว่าฉ้อราษฎร์บังหลวง จึงทำให้ชื่อเสียงของเขาเสื่อมเสียไปมาก.
เสื่อมเสีย 1,ว.,ที่เสียหาย เช่น เขามีความประพฤติเสื่อมเสีย ไม่ควรจ้างให้มาทำงานด้วย.
เสื้อเมือง 0,น.,"เทวดาที่รักษาบ้านเมือง, ผีเสื้อเมือง หรือ พระเสื้อเมือง ก็เรียก"
เสื้อเมือง 1,น.,พระเชื้อเมือง.
เสือแมลงภู่ 0,น.,ชื่อเสือชนิด Panthera pardus (Linn.) ในวงศ์ Felidae ขนาดใหญ่รองลงมาจากเสือโคร่ง ขนสีนํ้าตาลแกมเหลือง มีแต้มสีดำคล้ายรอยขยุ้มตีนหมากระจายทั่วตัว ว่องไว ปีนขึ้นต้นไม้ได้ดี บางตัวขนส่วนที่เป็นสีน้ำตาลแกมเหลืองเป็นสีดำ และมีแต้มสีดำอยู่ทั่วตัวเช่นกัน เห็นได้ชัดเมื่อถูกแสง เรียก เสือดำหรือเสือแมลงภู่.
เสือแมลงวัน 0,น.,ชื่อแมงมุมขนาดเล็กหลายชนิดหลายสกุล ในวงศ์ Salticidae อาศัยอยู่ตามบ้านเรือน กระโดดจับแมลงวันกิน ที่พบบ่อยได้แก่ ชนิด Plexippus petersi (Karsch) ขนาด ๖-๙ มิลลิเมตร พื้นลำตัวสีขาวเทา เพศผู้เล็กกว่าเพศเมียและมีแต้มสีดำที่ด้านหลัง ส่วนเพศเมียไม่มีแต้ม.
เสื่อไม้ไผ่ 0,น.,เครื่องปูลาดสำหรับรองนอน ทำด้วยไม้ไผ่ สับเป็นริ้วละเอียดอย่างฟาก คลี่ออกและต่อกันเป็นผืน.
เสือร้องไห้ 0,น.,"เนื้อส่วนคอของวัวหรือควายที่มีพังผืดมาก, อาหารชนิดหนึ่งปรุงด้วยเนื้อส่วนที่เรียกว่า เสือร้องไห้."
เสือรู้ 0,น.,คนที่มีไหวพริบหรือฉลาดรู้จักเอาตัวรอด.
เสื่อลวด 0,น.,เครื่องปูลาดสำหรับรองนั่ง ทำด้วยต้นกก ทอเป็นผืนหน้ากว้างประมาณ ๑ เมตร ความยาวไม่จำกัด นิยมใช้ตามวัด.
เสือลากหาง 0,น.,"คนที่ทำท่าทีเป็นเซื่องซึม เป็นกลอุบายให้ผู้อื่นตายใจแล้วเข้าทำการอย่างใดอย่างหนึ่งโดยไม่ทันให้รู้ตัว, คนที่ทำท่าอย่างเสือลากหาง เพื่อขู่ให้กลัว เช่น ถือไม้เท้าก้าวเดินเป็นท่าทาง ทีเสือลากหางให้นางกลัว (สังข์ทอง)."
เสือลำบาก 0,น.,"เสือที่ถูกทำร้ายบาดเจ็บ มีความดุร้ายมากกว่าปรกติ, โดยปริยายหมายถึงคนที่มีลักษณะคล้ายคลึงเช่นนั้น."
เสื่อลำแพน 0,น.,เครื่องจักสานชนิดหนึ่ง มักสานด้วยตอกไม้ไผ่เส้นใหญ่ ๆ แบน ๆ ซึ่งเรียกว่า ตอกปื้น ที่ทำด้วยหวายหรือเส้นใยเปลือกไม้ก็มี ใช้ปูหรือทำเป็นแผงใช้กั้นหรือกรุเป็นฝาเรือนเป็นต้น.
เสือสมิง 0,น.,"เสือที่เชื่อว่าเดิมเป็นคนที่มีวิชาอาคมแก่กล้าแล้วต่อมาสามารถจำแลงร่างเป็นเสือได้, เสือที่กินคนมาก ๆ เข้า เชื่อกันว่าวิญญาณคนตายเข้าสิง ต่อมาสามารถจำแลงร่างเป็นคนได้."
เสื้อสามารถ 0,น.,เสื้อที่มอบให้เพื่อแสดงว่าผู้รับมีคุณสมบัติดีเด่นในด้านกีฬา.
เสือสิ้นตวัก 0,น.,"คนที่ฮึดสู้อย่างไม่คิดชีวิต, มักพูดเข้าคู่กับ สุนัขจนตรอก ว่า เสือสิ้นตวัก สุนัขจนตรอก."
เสือสิ้นลาย 0,น.,"เสือแก่ที่หมดลายดูคล้ายเสือขาวออกหากินตามปรกติไม่ได้, โดยปริยายหมายถึงคนที่เคยมีความเก่งกล้าสามารถมาก่อน ต่อมาเมื่อร่างกายทุพพลภาพหรืออายุมากขึ้น ความเก่งกล้าสามารถก็เสื่อมลง."
เสือสุมาตรา 0,น.,"ชื่อปลาน้ำจืดขนาดเล็กชนิด Systomus partipentazona (Fowler) ในวงศ์ Cyprinidae มีรูปทรงคล้ายปลาตะเพียน แต่ครีบหลังมีก้านครีบแข็งก้านสุดท้ายมีขอบจักเป็นฟันเลื่อยละเอียด มีหนวดเพียงที่ขากรรไกรบน เกล็ดใหญ่ เส้นข้างตัวไปสุดที่แนวใต้ครีบหลังเท่านั้น พื้นลำตัวทั่วไปสีเหลืองเทา โดยเฉพาะใกล้แนวสันหลัง ที่สำคัญคือมีแถบสีดำเด่นพาดขวางจากสันหลังถึงหรือเกือบถึงสันท้อง ๔ แถบ คือ ที่บนหัว ที่แนวหน้า หลังครีบหลัง และที่คอดหาง ฐานครีบหลังและครีบก้นมีสีดำ ที่จะงอยปาก ขอบปลายครีบหลัง ครีบท้อง และครีบหางมีสีแดง ขนาดยาวไม่เกิน ๕ เซนติเมตร, ปักษ์ใต้เรียก เสือ หรือ ข้างลาย."
เสื้อแสง 0,น.,"เสื้อและกางเกง, เครื่องนุ่งห่ม."
เสือหมอบ 0,น.,"ชื่อไม้ล้มลุกชนิด Chromolaena odorata (L.) R.M. King et H. Rob. ในวงศ์ Compositae เป็นวัชพืชขึ้นทั่วไป ใบมีกลิ่นเหม็นใช้ทำยาได้, เสือหมอบ ก็เรียก."
เสือหิว 0,น.,คนที่อยากได้ผลประโยชน์หรือลาภสักการะโดยไม่เลือกว่าควรหรือไม่ควร.
เสื่ออ่อน 0,น.,เครื่องปูลาดสำหรับรองนั่งหรือนอน ทำด้วยใบเตยหรือใบลำเจียก จักเป็นเส้นอย่างตอก สานเป็นรูปสี่เหลี่ยมผืนผ้า.
แส่ 0,ก.,เข้าไปยุ่งในเรื่องของคนอื่นหรือเรื่องที่มิใช่หน้าที่ของตน (เป็นคำไม่สุภาพ) เช่น แส่ไม่เข้าเรื่อง แส่หาเรื่อง
แส่ 1,ก.,"แหย่ เช่น ผู้ใดเอาหอกดาบแหลนหลาวสาระพะสิ่งใดแส่เรือนแทงเรือนท่าน (สามดวง), เอาหอกทวนทิ่มแส่แหย่เรือนท่าน (สามดวง)."
แส้ 0,น.,ชื่ออุปกรณ์สำหรับปัดยุงหรือแมลง ทำด้วยขนหางม้า หรือทางจากที่ทุบปลายข้างหนึ่งเป็นเส้น เป็นต้น ลักษณะเป็นพู่ยาว มีด้าม
แส้ 1,น.,"ชื่ออุปกรณ์สำหรับตีม้า ทำด้วยหวายหรือหนังสัตว์ถักหรือฟั่นเป็นเกลียว ยาวอย่างไม้เรียว เรียกว่า แส้ม้า, (โบ) ไม้หรือเหล็กกลมยาวสำหรับกระทุ้งดินในลำกล้องดินปืนให้แน่น เรียกว่า แส้ปืน"
แส้ 2,น.,ใช้ประกอบกับคำ สาว เป็น สาวแส้ หมายความว่า หญิงสาว.
แส 0,ก.,"แฉ, ชำระ, สะสาง."
แส 1,น.,"หญิงสาว, มักใช้ประกอบกับคำ สาว ว่า สาวแส."
แส 2,น.,"ชื่อไม้เถาชนิด Jacquemontia pentanthos (Jacq.) G. Don ในวงศ์ Convolvulaceae ดอกเล็ก สีคราม, แสเถา ก็เรียก."
แสก 0,น.,แนวที่อยู่ระหว่างกลาง ในคำว่า แสกผม แสกหน้า.
แสก 1,ก.,"แบ่งผมออกเป็น ๒ ส่วนเท่า ๆ กัน เรียกว่า แสกกลาง, ถ้าไม่เท่ากัน เรียกว่า แสกข้าง."
แสก 2,ว.,"เรียกผมที่หวีแบ่งออกเป็น ๒ ส่วนเท่า ๆ กัน ว่า ผมแสกกลาง, เรียกผมที่หวีแบ่งออกเป็น ๒ ส่วนไม่เท่ากัน ว่า ผมแสกข้าง."
แสก 3,น.,ชื่อนกขนาดกลาง ในวงศ์ Tytonidae ลักษณะคล้ายนกเค้า ใบหน้าเป็นรูปสามเหลี่ยม ตาอยู่ทางด้านหน้าของหัว ขณะที่นกส่วนใหญ่ตาอยู่ทางด้านข้าง กินสัตว์ขนาดเล็กต่าง ๆ โดยเฉพาะหนู ในประเทศไทยมี ๒ ชนิด คือ แสก [Tyto alba (Scopoli)] พบอาศัยหลบพักตามต้นไม้หรือชายคา ทำรังตามชายคา และ แสกแดง (Phodilus badius Horsfield) ชนิดนี้ไม่พบอาศัยตามบ้านเรือน ทำรังตามโพรงไม้ในป่า.
แสก 4,น.,เรียกชนชาติหนึ่งในตระกูลมอญ-เขมร.
แสก ๆ 0,ว.,แจ้ง ๆ เช่น กลางวันแสก ๆ.
แสกหน้า 0,น.,ส่วนหน้าผากกึ่งกลางระหว่างคิ้ว.
แสง 0,น.,"ความสว่าง, สิ่งที่ทำให้ดวงตาแลเห็น"
แสง 1,น.,เพชรพลอย เช่น ตาวจิ้มแสง ว่า ดาบฝังพลอย.
แสง 2,น.,"อาวุธ, ศัสตรา, เครื่องมีคม, ราชาศัพท์ใช้ว่า พระแสง เช่น พระแสงดาบ พระแสงปืน."
แสง 3,น.,"กางเกง, มักใช้เข้าคู่กับคำ เสื้อ เป็น เสื้อแสง หมายความว่า เสื้อและกางเกง."
แสงเงินแสงทอง 0,น.,แสงที่ปรากฏบนขอบฟ้าทางทิศตะวันออก เมื่อเวลาจะรุ่งสว่าง เมื่อแรกเป็นสีขาว เรียกว่า แสงเงิน แล้วแปรเป็นสีแดง เรียกว่า แสงทอง.
แสงจันทร์ 0,น.,ชื่อไม้พุ่มชนิด Pisonia grandisR. Br. ในวงศ์ Nyctaginaceae ใบบาง สีเหลืองอมเขียว.
แสงสว่าง 0,น.,แสงที่มีความสว่าง.
แสงอาทิตย์ 0,น.,"ชื่องูขนาดเล็กถึงขนาดกลางชนิด Xenopeltis unicolor Boie ในวงศ์ Xenopeltidae ยาว ๘๐-๑๒๕ เซนติเมตร หัวแบน ตาเล็ก ลำตัวสีนํ้าตาลม่วงเป็นมันวาวเมื่อถูกแสง ท้องขาว พบอาศัยอยู่ใต้ผิวดินหรือใต้กองหญ้า กองฟางที่มีความชื้น ออกหากินเวลากลางคืน กินสัตว์ขนาดเล็ก เช่น หนู กิ้งก่า งู ไม่มีพิษ, เหลือมดิน ก็เรียก."
แส้จามรี 0,น.,แส้ที่ทำด้วยขนหางจามรี เป็น ๑ ในเครื่องเบญจกกุธภัณฑ์.
แสด 0,ว.,มีสีเหลืองปนแดง เรียกว่า สีแสด.
แสด 1,น.,"ชื่อไม้พุ่มชนิด Bixa orellana L. ในวงศ์ Bixaceae เมล็ดใช้ย้อมผ้า, แสด ก็เรียก."
แสดง 0,ก.,"ชี้แจง, อธิบาย, บอกข้อความให้รู้, เช่น แสดงธรรม แสดงปาฐกถา, ทำให้ปรากฏออกมา เช่น แสดงตัว แสดงหลักฐาน"
แสดง 1,ก.,เล่น เช่น แสดงละคร แสดงภาพยนตร์.
แสดงออก 0,ก.,แสดงความรู้สึก ความคิดเห็น หรือความสามารถเป็นต้นให้ปรากฏ เช่น ภาพวาดนี้ย่อมแสดงออกซึ่งอารมณ์และความสามารถของเขาได้เป็นอย่างดี.
แสตมป์ 0,น.,"ดวงตราไปรษณียากร, ตราไปรษณียากร ก็เรียก"
แสตมป์ 1,น.,ดวงตราที่ใช้ปิดในเอกสารแทนการเสียอากร เช่น แสตมป์ยาสูบ.
แสเถา 0,น.,"ชื่อไม้เถาชนิด Jacquemontia pentanthos (Jacq.) G. Don ในวงศ์ Convolvulaceae ดอกเล็ก สีคราม, แสเถา ก็เรียก."
แสน 0,ว.,สิบหมื่น
แสน 1,ว.,"มากยิ่ง, เหลือเกิน, เช่น แสนลำบาก."
แสน 2,น.,ตำแหน่งนายทหารครั้งโบราณทางภาคพายัพ.
แสนกล 0,ว.,"มีเล่ห์เหลี่ยมกลอุบายมาก, เจ้าเล่ห์แสนกล ก็ว่า."
แสนเข็ญ 0,ว.,มากเหลือเกิน (มักใช้เกี่ยวกับความยากจน) เช่น เขาเป็นคนยากแค้นแสนเข็ญ.
แสนเข็น 0,ว.,ยากแก่การที่จะอบรมสั่งสอนให้ดีได้ เช่น เด็กคนนี้ดื้อแสนเข็น.
แสนง 0,น.,เสนง.
แสนงอน 0,ว.,มีแง่งอนมาก เช่น เธอมีนิสัยแสนงอนมาตั้งแต่เด็ก.
แสนย์ 0,น.,"คนในกองทัพ, ทหาร เช่น จ่าแสนย์ ว่า ผู้ควบคุมทหาร."
แสนย- 0,น.,"คนในกองทัพ, ทหาร เช่น จ่าแสนย์ ว่า ผู้ควบคุมทหาร."
แสนยากร 0,น.,"หมู่ทหาร, กองทัพ."
แสนยานุภาพ 0,น.,อำนาจทางทหาร เช่น ทหารเดินสวนสนามเพื่อแสดงแสนยานุภาพของกองทัพ.
แสนรู้ 0,ว.,ฉลาดช่างรู้ เช่น ช้างแสนรู้ สุนัขแสนรู้.
แสนเสนาะ 0,น.,ชื่อเพลงไทยทำนองหนึ่ง.
แสนา 0,ก.,"วัดนา, ตรวจสอบที่นา, เสนา ก็ว่า."
แสนา 1,น.,"เสนา, วัดนา, ตรวจสอบที่นา, (เทียบ ข. แสฺร ว่า นา)."
แสบ 0,ก.,"อาการที่รู้สึกเจ็บปวดหรือระคายเคือง เช่น แสบตา แสบตัว แสบหน้า, อาการที่รู้สึกเผ็ดร้อน เช่น แสบปาก แสบลิ้น."
แสบก 0,น.,หนังสัตว์ เช่น ให้ฉลักแสบกภาพอันชระ เปนบรรพบุรณะ นเรนทรราชบรรหาร (สมุทรโฆษ).
แสบแก้วหู 0,ก.,อาการที่รู้สึกระคายหูเพราะเสียงดังหรือเสียงแหลมเกินขนาด เช่น เสียงรถจักรยานยนต์ดังแสบแก้วหู เสียงร้องกรี๊ด ๆ ฟังแล้วแสบหู.
แสบตา 0,ก.,"อาการที่รู้สึกเจ็บปวดหรือระคายเคืองตา, โดยปริยายหมายถึงลักษณะของสีบางชนิดที่จัดจ้าบาดลูกนัยน์ตา เช่น เขาใส่เสื้อสีแดงสดแสบตา."
แสบท้อง 0,ก.,"อาการที่หิวจัด เช่น หิวจนแสบท้อง, แสบไส้ หรือ แสบไส้แสบพุง ก็ว่า."
แสบท้องแสบไส้ 0,ก.,"อาการที่หิวจัด เช่น หิวจนแสบท้อง, แสบไส้ หรือ แสบไส้แสบพุง ก็ว่า."
แสบเนื้อแสบตัว 0,ก.,อาการที่รู้สึกระคายเคืองที่ผิวหนัง เช่น เดินตากแดดร้อนจัด แสบเนื้อแสบตัวไปหมด.
แสบร้อน 0,ก.,อาการที่รู้สึกทั้งแสบทั้งร้อน.
แสบไส้ 0,ก.,"อาการที่หิวจัด เช่น หิวจนแสบไส้, แสบท้อง แสบท้องแสบไส้ หรือ แสบไส้แสบพุง ก็ว่า"
แสบไส้ 1,ก.,"มีรสจัด ในคำว่า หวานแสบไส้, โดยปริยายหมายถึงรุนแรงอย่างยิ่ง เช่น ด่าได้แสบไส้จริง ๆ."
แสบไส้แสบพุง 0,ก.,"อาการที่หิวจัด เช่น หิวจนแสบไส้แสบพุง, แสบท้อง แสบท้องแสบไส้ หรือ แสบไส้ ก็ว่า."
แสบหู 0,ก.,อาการที่รู้สึกระคายหูเพราะเสียงดังหรือเสียงแหลมเกินขนาด เช่น เสียงรถจักรยานยนต์ดังแสบแก้วหู เสียงร้องกรี๊ด ๆ ฟังแล้วแสบหู.
แสบหูแสบตา 0,ก.,อาการที่รู้สึกระคายเคืองตาอย่างมาก เช่น ข้างบ้านสุมไฟเผาขยะ ควันเต็มไปหมด ทำให้แสบหูแสบตา.
แสม 0,น.,ชื่อไม้ต้น ๓ ชนิดในสกุล Avicennia วงศ์ Avicenniaceae คือ แสมขาว (A. albaBlume) แสมทะเล [A. marina (Forssk.) Vierh.] และ แสมดำ (A. officinalisL.) มีรากหายใจลักษณะเป็นแท่งตั้งตรง.
แสม 1,น.,ชื่อไม้ต้น ๒ ชนิดในสกุล Ceriops วงศ์ Rhizophoraceae ใช้ทำฟืนและถ่านชนิดดี คือ โปรงขาว [ C. decandra (Griff.) Ding Hou] และโปรงแดง [ C. tagal (Perr.)C.B. Rob.].
แสม 2,น.,ชื่อปูน้ำกร่อยหลายชนิดในสกุล Episesarma วงศ์ Grapsidae ลักษณะกระดองเป็นรูปสี่เหลี่ยม สีคล้ำค่อนไปทางน้ำตาลดำ ระหว่างตามีลักษณะเป็นลอนคล้ายลูกฟูก อาศัยอยู่ตามป่าชายเลน เช่น ชนิด E. mederi (H. Milne Edwards) ชนิดนี้ถ้านำมาดองน้ำเกลือ เรียก ปูเค็ม.
แสม 3,น.,ชื่อลิงชนิด Macaca fascicularis (Raffles) ในวงศ์ Cercopithecidae เป็นลิงชนิดที่มีหางยาวที่สุดในประเทศไทย คือ ยาวเท่ากับหัวตลอดลำตัวรวมกัน ตัวสีนํ้าตาลอมเทา ขนหัวสั้นและมีขวัญ อาศัยอยู่รวมกันเป็นฝูง พบทุกภาคของประเทศไทย กินพืชและสัตว์ เช่น แมลง ปูแสม.
แสม 4,น.,"ชื่อกุ้งทะเลหลายชนิดในสกุล Parapenaeopsis วงศ์ Penaeidae ส่วนใหญ่มีเปลือกค่อนข้างแข็ง ลำตัวมีลักษณะเป็นปล้อง และมีลวดลายสีเด่นชัด เช่น ชนิด P. hungerfordi Alcock, กุ้งปล้อง ก็เรียก."
แสมสาร 0,น.,ชื่อไม้ต้นชนิด Senna garrettiana (Craib) Irwin et Barneby ในวงศ์ Leguminosae แก่นใช้ทำลูกประสักเรือ ใบและแก่นใช้ทำยาได้.
แส้ม้า 0,น.,ผมแผงคอม้า.
แส้ม้า 1,น.,ดูใน แส้.
แส้ม้า 2,น.,ชื่อพยาธิตัวกลม ในวงศ์ Trichuridae ส่วนหัวและลำตัวบางเรียวยาวคล้ายเส้นผม ส่วนท้ายหนา ลักษณะคล้ายแส้ตีม้า ตัวสีขาว ยาวประมาณ ๕ เซนติเมตร อาศัยดูดกินเลือดในลำไส้ใหญ่ของมนุษย์และสัตว์ เช่น ชนิด Trichuris trichiura (Linn.).
แส้ม้าทะลาย 0,น.,"ชื่อไม้พุ่มชนิด Capparis micracantha DC. ในวงศ์ Capparaceae สูง ๒-๔ เมตร มีหนามเล็กสั้น ๆ ขนาบโคนก้านใบข้างละอัน ดอกขาว โคนกลีบดอกสีเหลือง ใกล้โรยกลายเป็นสีม่วงแก่ ออกเป็นตับตามลำกิ่งเหนือง่ามใบตับละ ๒-๗ ดอก ผลกลม ๆ หรือรูปไข่ เมื่อสุกสีแดง ก้านผลยาว, กระโรกใหญ่ หรือ แส้ม้าทะลาย ก็เรียก."
แสยก 0,ก.,แยกเขี้ยวแสดงอาการให้เห็นน่ากลัว.
แสยก 1,น.,"ชื่อไม้พุ่มชนิด Pedilanthus tithymaloides (L.) Poit. ในวงศ์ Euphorbiaceae ใบหนา ดอกสีแดง ใช้ปลูกทำเป็นขอบสนาม, กะแหยก ก็เรียก."
แสยง 0,ก.,"หวาดเกรง เช่น ตับตายหลายเหลือสังขยา ศพสูงเพียงผา แลดูพันฦกนิเห็นแสยง (สมุทรโฆษ), มักใช้ว่า แหยง."
แสยงขน 0,ก.,ขนลุกด้วยความกลัวหรือเกลียดเป็นต้น.
แสยะ 0,ก.,อาการของปากที่แบะออก แสดงให้รู้ว่า เกลียด เกลียดกลัว เยาะเย้ย หรือ ดูแคลน.
แสรก 0,น.,สาแหรก เช่น กรนนเช้าแสรกคานก็พลัดจากอังษา (ม. คำหลวง มัทรี).
แสรก 1,ก.,ร้อง เช่น แสรกเสียงกรุยเกรียว (ดุษฎีสังเวย).
แสร้ง 0,ก.,"แกล้ง, จงใจทำให้ผิดจากความจริง, จงใจทำ, เช่น รังไรโรยด้วยแป้ง เหมือนนกแสร้งทำรังรวง (กาพย์เห่ชมเครื่องคาวหวาน)."
แสร้งว่า 0,น.,ชื่ออาหารชนิดหนึ่ง ทำด้วยกุ้งปรุงเป็นเครื่องจิ้ม.
แสลง 0,ว.,"ไม่ถูกกับโรค เช่น แสลงโรค, ขัด เช่น แสลงหู แสลงตา."
แสลงใจ 0,ก.,อาการที่รู้สึกกระทบกระเทือนใจเหมือนถูกของมีคมบาดหัวใจ เช่น พอเห็นคนรักเก่าเดินไปกับหญิงคนใหม่ ก็รู้สึกแสลงใจ.
แสลงใจ 1,ก.,ดูใน แสลง.
แสลงใจ 2,น.,"ชื่อไม้ต้นชนิด Strychnos nux-vomica L. ในวงศ์ Strychnaceae ผลกลม สุกสีเหลือง เมล็ดกลมแบน มีแอลคาลอยด์หลัก ๒ ชนิด คือ สตริกนิน และ บรูซีน เป็นสารพิษ, ตูมกาแดง ก็เรียก, อีสาน เรียก แสลงเบื่อ, เมล็ดแก่แห้งใช้ทำยาได้ เรียก โกฐกะกลิ้ง."
แสลงเบื่อ 0,น.,ต้นแสลงใจ. (ดู แสลงใจ ๒).
แสวง 0,ก.,"เที่ยวหา, ค้นหา, เสาะหา."
แสอก 0,น.,เวลาพรุ่งนี้.
แสะ 0,น.,ม้า.
โสก 0,น.,โศก.
โสก 1,น.,"โฉลก, ลักษณะซึ่งมีทั้งส่วนดีและส่วนไม่ดี ถ้าดีเรียกว่า ถูกโสก ถ้าไม่ดีเรียกว่า ไม่ถูกโสก มักกำหนดด้วยการดูลักษณะ วัดขนาด นับจำนวน เป็นต้น ของคน สัตว์ สิ่งของ ว่าเป็นมงคลหรือไม่เป็นมงคล."
โสก 2,น.,"ชื่อไม้ต้นหลายชนิดในสกุล Saraca วงศ์ Leguminosae เช่น อโศกนํ้า ( S. indica L.) ดอกสีส้มหรือแสด, โสก ก็เรียก, อโศกเหลือง ( S. thaipingensis Cantley ex Prain) ดอกสีเหลือง, โศก หรือ ศรียะลา ก็เรียก."
โสกโดก 0,ว.,"สัปดน, หยาบโลน."
โสกันต์ 0,ก.,โกนจุก (ใช้แก่พระองค์เจ้าขึ้นไป).
โสกาดานา 0,น.,"คนใช้, ขอเฝ้า."
โสโครก 0,ว.,"สกปรก, เปื้อนเปรอะน่ารังเกียจ, โดยปริยายหมายความว่า เลว เช่น คนโสโครก ของโสโครก เรื่องโสโครก."
โสโครก 1,น.,เรียกแนวพืดหินหรือโขดหินใต้นํ้าใกล้ ๆ ผิวพื้นน้ำทะเล อาจมีบางส่วนโผล่พ้นน้ำหรือปริ่มน้ำก็ได้ เป็นอันตรายแก่การเดินเรือ ว่า หินโสโครก.
โสณ- 0,น.,ทองคำ.
โสณ- 1,ว.,แดง.
โสณฑ์ 0,น.,"นักเลง, นักเลงเหล้า."
โสณะ 0,น.,หมา.
โสณะ 1,น.,ต้นไม้ชนิดหนึ่ง.
โสณิ 0,น.,"ตะโพก, สะโพก, ราชาศัพท์ใช้ว่า พระโสณี."
โสณี 0,น.,"ตะโพก, สะโพก, ราชาศัพท์ใช้ว่า พระโสณี."
โสด 0,น.,"กระทงความส่วนหนึ่ง, ส่วน, แผนก, เช่น อีกโสดหนึ่ง."
โสด 1,ว.,ทีเดียว
โสด 2,ว.,"เดี่ยว, โดด, ไม่มีคู่, ยังไม่มีสามีหรือภรรยา, เช่น ชายโสด หญิงโสด."
โสดก 0,ว.,"เล็กน้อย, น้อยหนึ่ง."
โสดม 0,ก.,"สรรเสริญ, ชมเชย."
โสดา 0,น.,ผู้ฟัง.
โสดา 1,น.,"“ผู้แรกถึงกระแสธรรม (พระนิพพาน)” เป็นชื่อพระอริยบุคคลชั้นต้นใน ๔ ชั้น คือ พระโสดาบัน พระสกทาคามี พระอนาคามี และพระอรหันต์, บางทีก็เรียกสั้น ๆ ว่า พระโสดา."
โสดาบัน 0,น.,"“ผู้แรกถึงกระแสธรรม (พระนิพพาน)” เป็นชื่อพระอริยบุคคลชั้นต้นใน ๔ ชั้น คือ พระโสดาบัน พระสกทาคามี พระอนาคามี และพระอรหันต์, บางทีก็เรียกสั้น ๆ ว่า พระโสดา."
โสดาปัตติผล 0,น.,"ธรรมที่พระโสดาบันได้บรรลุ, บางทีก็กร่อนเป็น โสดา เช่น บรรลุโสดา."
โสดาปัตติมรรค 0,น.,ทางปฏิบัติที่ให้สำเร็จเป็นพระโสดาบัน.
โสต 0,น.,"หู, ช่องหู."
โสต- 0,น.,"หู, ช่องหู."
โสต- 1,น.,"กระแส, สายนํ้า."
โสตถิ 0,น.,"ความสวัสดี, ความเจริญรุ่งเรือง, เช่น เป็นประโยชน์โสตถิผล."
โสตทัศนวัสดุ 0,น.,งานอันประกอบด้วยลำดับของภาพ โดยบันทึกลงในวัสดุไม่ว่าจะมีลักษณะอย่างใดอันสามารถที่จะนำมาเล่นซ้ำได้อีก โดยใช้เครื่องมือที่จำเป็นสำหรับการใช้วัสดุนั้น และหมายความรวมถึงเสียงประกอบงานนั้นด้วย ถ้ามี.
โสตทัศนอุปกรณ์ 0,น.,"อุปกรณ์การสอนสำหรับฟังและดู เช่นวิทยุ โทรทัศน์, ใช้ว่า โสตทัศนูปกรณ์ ก็มี."
โสตินทรีย์ 0,น.,หูซึ่งเป็นใหญ่ในการฟังเสียง.
โสทก 0,น.,นํ้า
โสทก 1,น.,"ลำคลอง, ทางนํ้า."
โสทก 2,ว.,กอบด้วยนํ้า.
โสทร 0,น.,พี่น้องร่วมท้องกัน.
โสธก 0,น.,"ผู้ชำระ, ผู้ทำให้สะอาด."
โสธนะ 0,น.,"การทำความสะอาด, การชำระล้าง."
โสน 0,น.,"ชื่อไม้พุ่มชนิด Sesbania javanica Miq. ในวงศ์ Leguminosae ใบเล็ก ๆ คล้ายใบมะขาม ดอกสีเหลืองกินได้, โสนกินดอก หรือ โสนหิน ก็เรียก."
โสน 1,น.,"ชื่อหนอนผีเสื้อกลางคืนชนิด Zeuzera coffeaeNietner ในวงศ์ Cossidae ยาว ๔-๖ เซนติเมตร สีขาวหรือชมพูอ่อน เจาะเข้าไปกินส่วนในของต้นโสน ชาวชนบทจับมารับประทาน, หนอนโสน ก็เรียก."
โสนกินดอก 0,น.,"ชื่อไม้พุ่มชนิด Sesbania javanica Miq. ในวงศ์ Leguminosae ใบเล็ก ๆ คล้ายใบมะขาม ดอกสีเหลืองกินได้, โสนกินดอก หรือ โสนหิน ก็เรียก."
โสนคางคก 0,น.,ชื่อไม้พุ่มชนิด Aeschynomene asperaL. ในวงศ์ Leguminosae ขึ้นตามที่น้ำขัง เนื้อไม้ใช้ทำหมวกกะโล่.
โสนหางไก่ 0,น.,ชื่อไม้พุ่มชนิด Aeschynomene indica L. ในวงศ์ Leguminosae ขึ้นในน้ำ ยอดและดอกกินได้.
โสนหิน 0,น.,"ชื่อไม้พุ่มชนิด Sesbania javanica Miq. ในวงศ์ Leguminosae ใบเล็ก ๆ คล้ายใบมะขาม ดอกสีเหลืองกินได้, โสนกินดอก หรือ โสนหิน ก็เรียก."
โสภ- 0,ว.,"งาม เช่น สาวโสภา, (ปาก) งาม, ดี, เช่น พูดอย่างนี้ไม่โสภาเลย."
โสภณ 0,ว.,งาม.
โสภา 0,ว.,"งาม เช่น สาวโสภา, (ปาก) งาม, ดี, เช่น พูดอย่างนี้ไม่โสภาเลย."
โสภิณี 0,น.,"หญิงที่หาเลี้ยงชีพด้วยการค้าประเวณี, หญิงโสเภณี นครโสเภณี หญิงนครโสเภณี หญิงงามเมือง หรือ นางกลางเมือง ก็ว่า."
โสภี 0,ว.,"งาม เช่น สาวโสภา, (ปาก) งาม, ดี, เช่น พูดอย่างนี้ไม่โสภาเลย."
โสเภณี 0,น.,"หญิงที่หาเลี้ยงชีพด้วยการค้าประเวณี, หญิงโสเภณี นครโสเภณี หญิงนครโสเภณี หญิงงามเมือง หรือ นางกลางเมือง ก็ว่า."
โสม 0,น.,ชื่อไม้ล้มลุก ๒ ชนิดในสกุล Talinum วงศ์ Portulacaceae ใบเดี่ยวอวบนํ้า คือ ชนิด T. paniculatum (Jacq.) Gaertn. ใบกินได้และใช้ทำยาได้ และชนิด T. fruticosum (L.) Juss ดอกสีชมพู ใบและยอดกินได้.
โสม 1,น.,ชื่อไม้ล้มลุกหลายปี หลายชนิดในสกุล Panax วงศ์ Araliaceae ใบเป็นใบประกอบ รากอวบ มักมีรูปร่างคล้ายคน เรียกว่า โสมคน ใช้เป็นยาบำรุงกำลัง ที่สำคัญ เช่น โสมเกาหลีหรือโสมจีน (P. ginsengC. A. Mey.) ก้านช่อดอกยาวกว่าก้านใบ และโสมอเมริกัน (P. quinquefolium L.) ก้านช่อดอกยาวใกล้เคียงกับก้านใบ.
โสม 2,น.,นํ้าคั้นจากต้นของไม้เถาชนิดหนึ่ง กรองแล้วนำมาผสมกับเนยใส เพื่อใช้เซ่นสรวงพระอินทร์และเทพอื่น ๆ.
โสม 3,น.,พระจันทร์ เช่น เห็นนางนวลศรีมีโฉม ดังโสมส่องหล้าราศี (กนกนคร).
โสม 4,น.,"ทอง, ในวรรณคดีนิยมเขียนเป็น โสรม เช่น ในทาบทองแล้วเนื้อนอกโสรม (กำสรวล)."
โสมนัส 0,น.,"ความสุขใจ, ความปลาบปลื้ม, ความเบิกบาน."
โสมนัส 1,น.,"ชื่อขนมชนิดหนึ่ง ทำด้วยมะพร้าวคั่ว ไข่ขาว และน้ำตาลทราย หยอดเป็นก้อนกลม แล้วผิงให้กรอบ, โบราณเรียก โคมะนัส เพี้ยนมาจาก coconut."
โสมม 0,ว.,"สกปรกเลอะเทอะ, น่าขยะแขยง, เช่น ของโสมม จิตใจโสมม."
โสมย์ 0,ว.,"เป็นที่พอใจ, เป็นที่พึงใจ."
โสมวาร 0,น.,"วันจันทร์, จันทวาร หรือ จันทรวาร ก็ว่า."
โสมส่องแสง 0,น.,ชื่อเพลงไทยประเภทเพลงเถา หน้าทับสองไม้ แต่งขยายขึ้นจากเพลงลาวดวงเดือน หรือ ลาวดำเนินเกวียน.
โสร่ง 0,น.,ผ้านุ่งเป็นถุงมีลวดลายต่าง ๆ อย่างชาวชวามลายูนุ่งเป็นต้น.
โสร่งแขก 0,น.,"ชื่อปลาทะเลชนิด Monodactylus argenteus (Linn.) ในวงศ์ Monodactylidae ลำตัวสั้นมาก รูปไข่แบนข้าง ฐานครีบหลังและครีบก้นยาวทั้งคู่มีปลายครีบตอนหน้ามน พื้นลำตัวและครีบสีเทาเงิน มีแถบสีดำพาดขวางผ่านตา ๑ เส้นและอีกเส้นโค้งผ่านแผ่นปิดเหงือกไปยังขอบหน้าของครีบหลังและครีบก้น ขนาดยาวได้ถึง ๒๕ เซนติเมตร อยู่ในนํ้าจืดได้, โสร่งแขก ก็เรียก."
โสรจ 0,ก.,"อาบ, สรง, ชำระ, ทำให้สะอาด."
โสรจสรง 0,ก.,อาบนํ้า.
โสรวาร 0,น.,"วันเสาร์, ศนิวาร ก็ว่า."
โสโร 0,น.,ชื่อยาม ๑ ใน ๘ ยาม ในเวลากลางคืน. (ดู ยาม).
โสวรรณ 0,ว.,"เป็นทอง, ทำด้วยทอง."
โสหัท 0,น.,"เพื่อน, ผู้มีใจดี, สุหฤท สุหัท หรือ เสาหฤท ก็ว่า."
โสหุ้ย 0,น.,ค่าใช้จ่าย.
โสฬส 0,ว.,สิบหก.
โสฬส 1,น.,ชั้นพรหมโลก ๑๖ ชั้น ถือกันว่าเป็นที่มีสุขอย่างยอดยิ่ง
โสฬส 2,น.,ตำราเล่นการพนันครั้งโบราณสำหรับเล่นหวย เล่นถั่ว
โสฬส 3,น.,"เรียกเงินปลีกสมัยก่อน ๑๖ อัน เป็น ๑ เฟื้อง, เรียกย่อว่า ฬส."
ใส 0,ว.,"แจ่มกระจ่าง เช่น ฟ้าใส, ไม่ขุ่น, ไม่มัว, เช่น น้ำใส กระจกใส."
ใส่ 0,ก.,"สวม เช่น ใส่เสื้อ ใส่กางเกง, เอาไว้ข้างในภาชนะหรือสถานที่เป็นต้น เช่น กรอกน้ำใส่ขวด นำนักโทษไปใส่คุก, บรรทุก เช่น เอาสินค้าใส่รถ."
ใส่ไข่ 0,*ก.,"อาการที่พูดขยายความให้เกินความจริง, ใส่สีสัน หรือ ใส่สีใส่สัน ก็ว่า."
ใส่ความ 0,ก.,"พูดหรือเขียนให้ร้ายป้ายสี, กล่าวหาเรื่องร้ายให้ผู้อื่นได้รับความเสียหาย, เช่น เขามีนิสัยไม่ดี ชอบใส่ความคนอื่น."
ใส่คะแนนไม่ทัน 0,ว.,"เร็วมาก, คล่องมาก, (ใช้แก่กริยาพูด), เช่น เธอพูดเร็วมากจนใส่คะแนนไม่ทัน."
ใส่ไคล้ 0,ก.,หาความใส่ร้ายผู้อื่นด้วยเล่ห์กล.
ใส่จริต 0,ก.,แสร้งทำกิริยาท่าทางหรือวาจาให้ดูน่ารักเพื่อเรียกร้องความสนใจเป็นต้น (มักใช้แก่หญิง).
ใส่ใจ 0,ก.,"ใส่ไว้ในใจ, จดจำ, เช่น จำใส่ใจไว้ให้ดีนะ, เอาใจจดจ่อ เช่น นักเรียนควรใส่ใจในการศึกษาเล่าเรียนให้มาก."
ใส่ตะกร้าล้างน้ำ 0,ก.,"ทำให้หมดราคี, ทำให้หมดมลทิน, (ใช้แก่ผู้หญิงที่มีราคีคาว) เช่น หญิงที่มีราคีแล้ว ถึงจะใส่ตะกร้าล้างน้ำก็ไม่หมดราคีคาว."
ใส่ถ้อยร้อยความ 0,ก.,"ใส่ความ, พูดหาเหตุหาเรื่อง."
ใส่ไฟ 0,ก.,เติมเชื้อเพลิง เช่น คอยเอาฟืนใส่ไฟไว้นะ อย่าให้ไฟดับ
ใส่ไฟ 1,ก.,จุดไฟเผาศพ
ใส่ไฟ 2,ก.,โดยปริยายหมายถึงให้ร้ายผู้อื่นทำให้ได้รับความเสียหาย เช่น เขาใส่ไฟผม อย่าไปเชื่อ.
ใส่ยา 0,ก.,เอายาโรยหรือทาเป็นต้นที่บาดแผล.
ใส่ร้าย 0,ก.,หาความร้ายป้ายผู้อื่นให้ได้รับความเสียหาย เช่น เขาใส่ร้ายฉันว่าขโมยของเพื่อน.
ใส่ร้ายป้ายสี 0,ก.,หาความร้ายป้ายผู้อื่นให้ได้รับความเสียหาย เช่น เขาใส่ร้ายฉันว่าขโมยของเพื่อน.
ใส่สาแหรกแขวนไว้ 0,ก.,เลี้ยงดูอย่างพะเน้าพะนอไม่ต้องให้ทำอะไร.
ใส่สีสัน 0,ว.,"อาการที่พูดขยายความให้เกินความจริง, ใส่ไข่ ก็ว่า."
ใส่สีใส่สัน 0,ว.,"อาการที่พูดขยายความให้เกินความจริง, ใส่ไข่ ก็ว่า."
ใส่ไส้ 0,ก.,"สอดไส้ไว้ข้างใน, เรียกขนมชนิดหนึ่ง มีไส้หน้ากระฉีก ปั้นเป็นก้อนหุ้มด้วยแป้งข้าวเหนียวดำ แล้วหยอดด้วยแป้งข้าวเจ้า กะทิ และเกลือ ซึ่งกวนสุกแล้ว ห่อด้วยใบตองหรือใส่กระทงนึ่งให้สุก ว่า ขนมใส่ไส้, ขนมสอดไส้ ก็ว่า."
ใส่หน้ากาก 0,ก.,"แสดงทีท่าหรือกิริยาอาการที่มิได้เกิดจากนิสัยใจจริง, แสดงกิริยาท่าทีลวงให้เข้าใจผิด, เช่น ต่างคนต่างใส่หน้ากากเข้าหากัน, สวมหน้ากาก ก็ว่า."
ใส่หน้ายักษ์ 0,ก.,"ทำหน้าถมึงทึงแสดงอาการเกรี้ยวกราด ดุดัน, ตีหน้ายักษ์ ก็ว่า."
ใส่หม้อถ่วงน้ำ 0,ก.,ใช้เวทมนตร์คาถาเรียกวิญญาณผีใส่หม้อดิน แล้วเอาผ้าขาวปิดปากหม้อ เอาเชือกผูกคอหม้อ เสกคาถาขังวิญญาณไว้ในนั้น แล้วเอาไปถ่วงน้ำเพื่อไม่ให้วิญญาณออกมาอาละวาดอีก.
ใส่หม้อลอยน้ำ 0,ก.,ขนันศพเด็กทารกแรกเกิดใส่หม้อดิน เอาผ้าขาวปิดปากหม้อพร้อมกับร่ายคาถากำกับ แล้วเอาไปลอยน้ำ.
ไส 0,ก.,"ทำให้เคลื่อนที่ไปบนพื้นราบโดยที่ตนเองเคลื่อนที่ไปด้วย เช่น ไสช้างเข้าต่อสู้, ทำให้เคลื่อนที่ไปบนพื้นราบ เช่น ไสรถเข็นกลับเข้าที่."
ไส้ 0,น.,"ส่วนของทางเดินอาหารซึ่งอยู่ระหว่างกระเพาะอาหารกับทวารหนัก เป็นท่อยาวขดไปขดมาอยู่ในช่องท้อง มีหน้าที่ย่อย ดูดซึมอาหารและนํ้า พักและขับถ่ายกากอาหาร, ลำไส้ ก็เรียก"
ไส้ 1,น.,เรียกของที่อยู่ข้างในซึ่งมีลักษณะเช่นนั้น เช่น ไส้ตะเกียง หรือที่ใส่ข้างใน เช่น ไส้ขนม ไส้ดินสอ
ไส้ 2,น.,โดยปริยายหมายความว่า ความลับ เช่น สาวไส้ให้กากิน รู้ไส้
ไส้ 3,น.,"คนในครอบครัว, คนภายใน, คนใกล้ชิด, เช่น เห็นขี้ดีกว่าไส้ ไส้เป็นหนอน."
ไส 1,น.,เรียกลูกชายคนที่ ๔ ว่า ลูกไส.
ไส้ 4,น.,ปีมะเส็ง.
ไสกบ 0,ก.,"กดกบลงบนไม้แล้วดันกบเพื่อทำให้หน้าไม้เรียบ ให้เป็นราง หรือลอกบัว ลอกลวด เป็นต้น, ไสไม้ ก็เรียก."
ไส้กรอก 0,น.,ชื่ออาหารคาวชนิดหนึ่ง เอาเนื้อสัตว์หรือข้าวสุกผสมเครื่องปรุงยัดในไส้หมูเป็นต้น.
ไส้กิ่ว 0,ว.,"หิวจัด, มักใช้เข้าคู่กับคำ ไส้แขวน เป็น ไส้กิ่วไส้แขวน เช่น หิวจนไส้กิ่วไส้แขวน, ท้องกิ่วท้องแขวน ก็ว่า."
ไส้ไก่ 0,น.,"ชื่อขนมชนิดหนึ่ง มีลักษณะเป็นเส้นอย่างไส้ขดเป็นวง, เรียกของที่มีลักษณะเช่นนั้น เช่น ขดหลอดแก้วในเครื่องควบแน่นสำหรับทำให้ไอร้อนกลั่นตัวเป็นของเหลว ไส้ไก่หัวสูบลมรถจักรยาน."
ไส้แขวน 0,ว.,"หิวจัด, มักใช้เข้าคู่กับคำ ไส้กิ่ว เป็น ไส้กิ่วไส้แขวน เช่น หิวจนไส้กิ่วไส้แขวน, ท้องกิ่วท้องแขวน ก็ว่า."
ไส้เดือน 0,น.,"ชื่อสัตว์ไม่มีกระดูกสันหลังกลุ่มที่มีลำตัวกลมเป็นปล้องหลายชนิด หลายสกุล หลายวงศ์ ขนาดแตกต่างกันมีตั้งแต่ ๒๐ เซนติเมตร ถึง ๑ เมตร มีสองเพศในตัวเดียวกัน สืบพันธุ์โดยการจับคู่ ชนิดที่รู้จักกันดี คือ ชนิด Pheretima peguana (Rosa) ในวงศ์ Megascolecidae มักพบชุกชุมตามดินร่วนซุย ตามใต้กองขยะมูลฝอย อยู่ในรูขนาดเท่าลำตัว กินดินที่มีอินทรียวัตถุและถ่ายมูลไว้ที่ปากรู มักใช้เป็นเหยื่อตกปลา, ไส้เดือนดิน หรือ รากดิน ก็เรียก."
ไส้เดือน 1,น.,"ชื่อพยาธิหลายชนิด ในวงศ์ Ascaridae เป็นพยาธิตัวกลมขนาดใหญ่ ลำตัวสีขาวหม่น หัวแหลมท้ายแหลม อาศัยอยู่ในทางเดินอาหารของมนุษย์และสัตว์ ถ้ามีมากจะทำให้เกิดลำไส้อักเสบหรือลำไส้อุดตัน เช่น ชนิด Ascaris lumbricoides Linn. พบในลำไส้ของคน, ชนิด A. suum Goeze พบในลำไส้หมู."
ไส้เดือนฉกจวัก 0,น.,"ชื่อเพลงไทย อัตราชั้นเดียว เรียกว่า ไส้เดือนฉกจวัก, เมื่อแต่งขยายขึ้นเป็นอัตรา ๒ ชั้น เรียกว่า นาคราช ๒ ชั้นหรือนาคราชแผ่พังพาน เมื่อแต่งขยายขึ้นเป็นอัตรา ๓ ชั้น เรียกว่า นาคราชแผลงฤทธิ์หรือไส้พระจันทร์ เมื่อนำมาทำเป็นเพลงเถา เรียกว่า ไส้พระจันทร์ เถา หรือนาคราชแผลงฤทธิ์ เถา."
ไส้เดือนดิน 0,น.,"ชื่อสัตว์ไม่มีกระดูกสันหลังกลุ่มที่มีลำตัวกลมเป็นปล้องหลายชนิด หลายสกุล หลายวงศ์ ขนาดแตกต่างกันมีตั้งแต่ ๒๐ เซนติเมตร ถึง ๑ เมตร มีสองเพศในตัวเดียวกัน สืบพันธุ์โดยการจับคู่ ชนิดที่รู้จักกันดี คือ ชนิด Pheretima peguana (Rosa) ในวงศ์ Megascolecidae มักพบชุกชุมตามดินร่วนซุย ตามใต้กองขยะมูลฝอย อยู่ในรูขนาดเท่าลำตัว กินดินที่มีอินทรียวัตถุและถ่ายมูลไว้ที่ปากรู มักใช้เป็นเหยื่อตกปลา, ไส้เดือนดิน หรือ รากดิน ก็เรียก."
ไส้เดือนฝอย 0,น.,ชื่อสัตว์ไม่มีกระดูกสันหลังกลุ่มที่มีลำตัวกลมไม่เป็นปล้องหลายชนิด หลายสกุล หลายวงศ์ ขนาดแตกต่างกัน ชนิดที่รู้จักกันดี คือ ไส้เดือนฝอยรากปม [Meloidogyne javanica (Treub)] ในวงศ์ Meloidogynidae ขนาดประมาณ ๒ มิลลิเมตร ลำตัวเป็นริ้ว เป็นปรสิตตามรากผัก ถั่ว และต้นไม้.
ไส้ตัน 0,น.,ไส้ติ่ง
ไส้ตัน 1,น.,มดลูกหมู.
ไส้ตัน 2,น.,ชื่อปลาทะเลขนาดเล็กทุกชนิดโดยเฉพาะในสกุล Encrasicholinaรวมทั้งในสกุล Stolephorusวงศ์ Engraulidae หรือ Engraulididae รูปร่างกลมยาว แบนข้างเล็กน้อยหรือปานกลาง ปากกว้างมาก และอยู่ต่ำกว่าจะงอยปาก เกล็ดเป็นแบบเรียบและบาง ครีบอกอยู่ใกล้แนวสันท้อง ระหว่างครีบอก และครีบท้องมีหนามแหลมเล็กมาก ๒-๗ อัน มีสีเด่นเพียงแถบสีเงินพาดตลอดข้างลำตัว อยู่รวมกันเป็นฝูงใกล้ผิวน้ำเพื่อหากินแพลงก์ตอนบริเวณใกล้ฝั่ง ใช้ทำน้ำปลาที่มีคุณภาพดีหรือทำเป็นปลาตากแห้งทั้งตัว โดยเฉลี่ยยาว ๕-๑๐ เซนติเมตร บางชนิดยาวถึง ๑๕ เซนติเมตร มีชื่อเรียกที่รู้จักกันดีอีก คือ กะตัก ชื่ออื่น ๆ ที่แตกต่างกันตามขนาดหรือตามท้องถิ่นจากปลาขนาดเล็กถึงโตตามลำดับ คือ สายไหม เส้นขนมจีน ข้าวสาร หัวไม้ขีด หัวอ่อน และ ชินชัง นอกจากนี้ก็ยังมีชื่อ กล้วย มะลิ และ เก๋ย.
ไส้ตัน 3,น.,"ชื่อไม้เถาหรือไม้พุ่มรอเลื้อยชนิด Aganosma marginata G. Don ในวงศ์ Apocynaceae ดอกสีขาว กลิ่นหอม, โมกเครือ ก็เรียก."
ไส้ติ่ง 0,น.,"ไส้ที่เป็นติ่งย้อยจากลำไส้ใหญ่ของคน, ไส้ตัน ก็ว่า."
ไสน้ำแข็ง 0,ก.,"ดันก้อนน้ำแข็งไปบนเครื่องไสที่เป็นม้าไม้ ๒ ขาเตี้ย ๆ ตรงกลางมีใบกบฝังจากข้างล่าง ให้คมอยู่ข้างบน เพื่อย่อยน้ำแข็งให้เป็นฝอย, เรียกน้ำแข็งที่มีลักษณะเช่นนั้นว่า น้ำแข็งไส."
ไส้เป็นน้ำเหลือง 0,ว.,"อดอยากยากแค้น, ไม่มีอะไรกิน."
ไส้เป็นหนอน 0,น.,"ญาติมิตร สามีภรรยา บุตรธิดา เพื่อนร่วมงาน หรือคนในบ้าน คิดคดทรยศ, เกลือเป็นหนอน ก็ว่า."
ไสไม้ 0,ก.,"กดกบลงบนไม้แล้วดันกบเพื่อทำให้หน้าไม้เรียบ ให้เป็นราง หรือลอกบัว ลอกลวด เป็นต้น, ไสกบ ก็เรียก."
ไสย 0,น.,ลัทธิอันเนื่องด้วยเวทมนตร์คาถาซึ่งเชื่อว่าได้มาจากพราหมณ์ เช่น ถูกคุณถูกไสย.
ไสย- 0,น.,ลัทธิอันเนื่องด้วยเวทมนตร์คาถาซึ่งเชื่อว่าได้มาจากพราหมณ์ เช่น ถูกคุณถูกไสย.
ไสยเวท 0,น.,"ตำราทางไสย, วิชาทางไสย."
ไสยศาสตร์ 0,น.,"ตำราทางไสย, วิชาทางไสย."
ไสยา 0,น.,"การนอน, ที่นอน."
ไสยาสน์ 0,ก.,"นอน, เรียกพระพุทธรูปในท่านอน ว่า พระไสยาสน์ หรือ พระพุทธไสยาสน์, เรียกพระพุทธรูปปางนอน ว่า พระปางไสยาสน์."
ไสยาสน์ 1,น.,ชื่อพระพุทธรูปปางหนึ่ง อยู่ในพระอิริยาบถนอนตะแคงข้างขวา หลับพระเนตร พระเศียรหนุนพระเขนย พระหัตถ์ซ้ายทอดทาบไปตามพระกายเบื้องซ้าย พระหัตถ์ขวาหงายวางอยู่ที่พื้นข้างพระเขนย พระบาททั้ง ๒ ตั้งซ้อนกัน. [ป. เสยฺย (นอน) + อาสน (นั่ง)].
ไสร้ 0,ว.,"ไซร้, คำสำหรับเน้นความหมายของคำหน้า มีความหมายไปในทางว่า อย่างนั้น, เช่นนั้น, ทีเดียว."
ไส้ละมาน 0,น.,หนังหรือหวายที่ถักไว้รอบ ๆ ขอบหนังทั้ง ๒ หน้าของกลอง สำหรับให้หนังเรียดร้อยกลับไปกลับมาในระหว่างหนังทั้ง ๒ หน้าจนรอบตัวกลองเพื่อเร่งเสียง.
ไส้เลื่อน 0,น.,ชื่อโรคที่ลำไส้ลงมาตุงที่ถุงอัณฑะ.
ไสว 0,ว.,อาการที่ชูสะพรั่งอยู่ไหว ๆ เช่น ธงโบกสะบัดอยู่ไสว
ไสว 1,ว.,ทั่วไป ในคำว่า สว่างไสว.
ไส้ศึก 0,น.,ผู้ที่นำความลับในหมู่ที่ตัวร่วมด้วยไปบอกฝ่ายที่เป็นปฏิปักษ์.
ไสหัว 0,ก.,ขับไล่อย่างไม่เกรงใจ เช่น ไสหัวออกไปจากบ้าน.
ไส้แห้ง 0,ว.,"ยากจน, อดอยาก."
ไส้อั่ว 0,น.,ชื่ออาหารชนิดหนึ่ง ใช้หมูสับคลุกกับเครื่องปรุงแล้วยัดในไส้หมู อาจย่างหรือทอดให้สุกเกรียมก็ได้.
