คำ,POS,ความหมาย
ท 0,?,พยัญชนะตัวที่ ๒๓ เรียกว่า ทอ ทหาร เป็นอักษรตํ่า ใช้เป็นพยัญชนะต้น และเป็นตัวสะกดในมาตรากดหรือแม่กด เช่น ประมาท บท.
ท 1,?,"ใช้ประสมกับตัว ร อ่านเป็นเสียง ซอ ในคำบางคำ เช่น ทราบ แทรก ทรง และในคำบางคำที่มาจากภาษาบาลีและสันสกฤต เช่น ทรัพย์ อินทรีย์ มัทรี, ที่อ่านเป็นเสียง ทร (ไม่ใช่ ซ) ก็มี เช่น ภัทรบิฐ อินทรา นิทรา อิเล็กทรอนิกส์."
ท 2,*ว.,"ใช้เป็นคำนำหน้านาม แปลว่า คน, ผู้, เช่น ทมูลทนาย ทแกล้วทหาญ, ท่าน เช่น ทชี."
ทก 0,ว.,ทุก เช่น ทกพวก ทกพาย.
ทก 1,น.,นํ้า.
ทกล้า 0,น.,ผู้กล้า.
ทแกล้ว 0,น.,ผู้กล้า.
ท่ง 0,น.,ทุ่ง.
ทงัน 0,ว.,"ตระหง่าน, กว้างใหญ่, สูงใหญ่."
ทชี 0,น.,นักบวช เช่น พระบาททงงสองฉลองขึ้นเหนือเกล้า ทชีเถ้ากาฬเทพิลน้นน (ม. คำหลวง ทศพร).
ทด 0,ก.,"กันไว้, กั้นไว้, ทำให้นํ้าท่วมท้นขึ้นมาด้วยทำนบเป็นต้น เช่น ทดนํ้า"
ทด 1,ก.,เพิ่ม
ทด 2,ก.,แทน เช่น ทดข้าวทดปลา.
ทดแทน 0,ก.,"ตอบแทน เช่น เราต้องทดแทนคุณแผ่นดิน, ชดใช้หรือชดเชยสิ่งที่เสียไป เช่น ทำของเขาเสียหายไป ก็ต้องหาของใหม่มาทดแทน."
ทดโทร่ห์ 0,ก.,"การคิดประทุษร้าย, ใช้เข้าคู่กับคำ กบฏ เป็น กบฏทดโทร่ห์, ทดโท่ ก็ว่า."
ทดรอง 0,ก.,ออกเงินรองจ่ายไปก่อน.
ทดลอง 0,ก.,"ลองทำ, ลองให้ทำ, ทดสอบข้อสมมุติฐานเป็นต้น."
ทดเลข 0,ก.,ยกจำนวนเลขครบสิบไปบวกกับผลของหลักหน้า.
ทดสอบ 0,ก.,ตรวจสอบเพื่อความถูกต้องแน่นอน เช่น ทดสอบเครื่องยนต์
ทดสอบ 1,ก.,สอบเพื่อวัดความรู้ความสามารถเป็นต้น เช่น ทดสอบความรู้ของนักเรียนด้วยการให้ลองปฏิบัติ.
ทท 0,น.,"การให้, ผู้ให้, มักใช้ประกอบท้ายศัพท์ เช่น กามทท = การให้สิ่งที่น่าปรารถนา, ผู้ให้สิ่งที่น่าปรารถนา."
ทธิ 0,น.,นมส้ม คือนมที่แปรสภาพเป็นนมเปรี้ยว อยู่ในจำพวกเบญจโครส.
ทน 0,ก.,"อดกลั้นได้, ทานอยู่ได้, เช่น ทนด่า ทนทุกข์ ทนหนาว, ไม่แตกหักหรือบุบสลายง่าย เช่น ของดีใช้ทน ไม้สักทนกว่าไม้ยาง."
ทน 1,ว.,"แข็งแรง, มั่นคง, เช่น ฟันทน, อึด เช่น วิ่งทน ดำนํ้าทน."
ท้น 0,ก.,"เอ่อสูงขึ้นจนเปี่ยมพร้อมจะไหลล้นหรือไหลทวนกลับขึ้นไป เช่น นํ้าท้นฝั่ง, อาการที่เนื้อล้นออกมาจนเห็นเป็นรอยนอกเสื้อ เช่น สวมเสื้อคับจนเนื้อท้น."
ทนดี 0,น.,"ชื่อไม้พุ่มชนิด Baliospermum solanifolium (Burm.) Suresh ในวงศ์ Euphorbiaceae รากใช้ทำยาได้ แต่มีสารพิษอยู่ด้วย เมล็ดมีพิษ, ทนดี ก็เรียก."
ทนดี 1,น.,ช้าง.
ทนต์ 0,น.,"ฟัน, ราชาศัพท์ว่า พระทนต์, งาช้าง."
ทนต- 0,น.,"ฟัน, ราชาศัพท์ว่า พระทนต์, งาช้าง."
ทนตกาษฐ์ 0,น.,ไม้สีฟัน คือท่อนไม้เล็ก ๆ สำหรับถูฟันให้สะอาด ทำจากกิ่งไม้ต่าง ๆ เช่น ไม้คนทา ไม้ข่อย.
ทนทาน 0,ว.,"มั่นคง, ไม่เสียหายง่าย."
ทนโท่ 0,ว.,"ปรากฏชัดแก่ตา, จะแจ้ง, เช่น เห็นอยู่ทนโท่, โทนโท่ ก็ว่า."
ทนม 0,น.,"การข่มใจ, การทรมาน, การฝึกสอนตน."
ทนาย 0,น.,"ผู้รับใช้, ผู้แทนนาย, (ใช้แก่ผู้มีอำนาจ)"
ทนาย 1,น.,คำเรียกทนายความอย่างสั้น ๆ.
ทนายความ 0,น.,"ผู้ซึ่งกฎหมายให้มีอำนาจหน้าที่ว่าต่างแก้ต่างแทนคู่ความในคดี, เรียกสั้น ๆ ว่า ทนาย"
ทนายความ 1,น.,หมอความ
ทนายความ 2,น.,ผู้พากย์หนังใหญ่.
ทนายเรือน 0,น.,พนักงานฝ่ายในมีหน้าที่ติดต่อกับส่วนราชการต่าง ๆ ในพระราชวัง.
ทนายเลือก 0,น.,องครักษ์สำหรับพระเจ้าแผ่นดิน มักคัดเลือกจากนักมวยหรือผู้มีวิชาต่อสู้ เช่น ทนายเลือกปืนหอกเหิร เดินต่อ มานา (พยุหยาตรา)
ทนายเลือก 1,น.,ชื่อกรมกรมหนึ่งมีหน้าที่กำกับมวย.
ทนายหน้าหอ 0,น.,"หัวหน้าคนรับใช้ที่ใช้ออกหน้าออกตา, ผู้รับหน้าแทนนาย."
ทบ 0,ก.,"พับเข้ามา เช่น ทบผ้า ทบเชือก, เพิ่มเข้า เช่น เอาเชือกมาทบเข้าอีกเส้นหนึ่ง, ลักษณนามเรียกสิ่งที่พับเข้ามาหรือเพิ่มเข้ามา เช่น ผ้า ๒ ทบ."
ทบ 1,ก.,กระทบ เช่น ของ้าวทบประทะกัน (ตะเลงพ่าย).
ทบทวน 0,ก.,ย้อนกลับทำซํ้าอีกเพื่อให้แม่นยำ เช่น ทบทวนตำรา
ทบทวน 1,ก.,พิจารณาอีกครั้งหนึ่ง เช่น ทบทวนนโยบาย.
ทบท่าว 0,ก.,"ทรุดลง, ล้มลง, เช่น เอนพระองค์ลงทบ ท่าวดิ้น (ตะเลงพ่าย)."
ทบวง 0,น.,ส่วนราชการในราชการบริหารส่วนกลางที่มีฐานะเป็นนิติบุคคลที่สูงกว่ากรม โดยมีทบวง ๒ ประเภท คือ ทบวงที่มีฐานะเทียบเท่ากับกระทรวง และทบวงที่มีฐานะต่ำกว่ากระทรวงซึ่งต้องอยู่ในสังกัดสำนักนายกรัฐมนตรีหรือกระทรวง.
ทบวงการ 0,น.,องค์การทางราชการ.
ทบวงการเมือง 0,น.,ส่วนราชการและองค์การบริหารส่วนท้องถิ่นที่มีสภาพเป็นนิติบุคคล และมีอำนาจหน้าที่ในทางปกครอง เช่น กระทรวง ทบวง กรม เทศบาล.
ทมก 0,น.,คนกินเดน
ทมก 1,น.,"ผู้ทรมาน, ผู้ฝึกตน."
ทมนะ 0,น.,"การทรมาน, การข่ม, การฝึกสอนตน, การปราบ."
ทมบ 0,น.,"ผีผู้หญิงที่ตายในป่าและสิงอยู่ในบริเวณที่ตาย มีรูปเห็นเป็นเงา ๆ แต่ไม่ทำอันตรายใคร, ฉมบ หรือ ชมบ ก็ว่า."
ทมอ 0,ว.,"สีมอ, สีนกกระเรียน."
ทมะ 0,น.,"การข่มใจ, การทรมาน, การฝึกตน."
ทมิฬ 0,น.,"ชนพื้นเมืองอินเดียเผ่าหนึ่ง ปัจจุบันมีอยู่มากทางอินเดียแถบใต้และเกาะลังกาแถบเหนือ, ชื่อภาษาของชนเผ่านั้น."
ทมิฬ 1,ว.,"ดุร้าย, ร้ายกาจ, เช่น ใจทมิฬ ยุคทมิฬ, บางทีก็ใช้เข้าคู่กับคำ หินชาติ เป็น ใจทมิฬหินชาติ."
ทเมิน 0,น.,"ทหาร, พรานป่า."
ทโมน 0,ว.,ใหญ่และมีกำลังมาก (มักใช้แก่สัตว์ตัวผู้ที่เป็นจ่าฝูง) เช่น ลิงทโมน.
ทยอย 0,ว.,"เคลื่อนตามกันไปไม่ขาดระยะ เช่น คลื่นทยอยซัดฝั่ง, ไปหรือมาทีละน้อย เช่น ทยอยกันมาเที่ยวงาน ทยอยกันกลับบ้าน."
ทยอย 1,น.,คำนำหน้าชื่อเพลงไทย ส่วนมากมีลักษณะเป็นเพลงลูกล้อลูกขัด เช่น ทยอยนอก ทยอยใน ทยอยเดี่ยว
ทยอย 2,น.,ชื่อหน้าทับเพลงไทยประเภทหน้าทับสองไม้.
ทยา 0,น.,"ความเอ็นดู, ความกรุณา, มักใช้เป็นส่วนหน้าสมาส เช่น ทยาทิคุณ."
ทยา 1,ว.,"ดี, สำคัญ, ต้องการ, เช่น ของทยาของเจ้าตะเภาทอง (ไกรทอง), กูจะให้ขนมเข่งของทยา กินอร่อยหนักหนาประสาจน (สังข์ทอง)."
ทยาลุ 0,ว.,"มีความเอ็นดู, มีความสงสาร."
ทยาลุก 0,ว.,"มีความเอ็นดู, มีความสงสาร."
ทแยง 0,ว.,เฉียง.
ทแยงมุม 0,ว.,เฉียงจากมุมหนึ่งไปยังมุมตรงข้าม.
ทร- 0,*ว.,"คำอุปสรรค แปลว่า ชั่ว เช่น ทรชน ทรลักษณ์, ยาก, ลำบาก, เช่น ทรกรรม, น้อย, ไม่มี, เช่น ทรพล."
ทรกรรม 0,น.,การทำให้ลำบาก.
ทรง 0,น.,"รูปร่าง เช่น รักษาทรง เสียทรง ทรงกระบอก ทรงกระสอบ ทรงกลม, แบบ เช่น ทรงปั้นหยา ทรงผม."
ทรง 1,ก.,ตั้งอยู่ได้ เช่น ทรงตัว
ทรง 2,ก.,จำ เช่น ทรงพระไตรปิฎก
ทรง 3,ก.,รองรับ เช่น ธรรมย่อมทรงผู้ประพฤติธรรมไม่ให้ตกไปในที่ชั่ว
ทรง 4,ก.,มี เช่น ทรงคุณวุฒิ
ทรง 5,ก.,คงอยู่ เช่น ไข้ยังทรงอยู่ นํ้าทรง
ทรง 6,ก.,ในราชาศัพท์มีความหมายว่า ขี่ หรือ ถือ เป็นต้น ตามเนื้อความของคำที่ตามหลัง เช่น ทรงม้า ว่า ขี่ม้า ทรงช้าง ว่า ขี่ช้าง ทรงศร ว่า ถือศร ทรงศีล ว่า รับศีล ถือศีล ทรงบาตร ว่า ตักบาตร ทรงราชย์ ว่า ครองราชสมบัติ
ทรง 7,ก.,ถ้าประกอบหน้านามบางคำ เช่น ชัย ภพ ศรี ศักดิ์ ธรรม เป็น พระทรงชัย พระทรงภพ พระทรงศรี พระทรงศักดิ์ พระทรงธรรม หมายถึง กษัตริย์
ทรง 8,ก.,ถ้าประกอบหน้านามที่เป็นพาหนะหรืออาวุธเป็นต้นของพระเป็นเจ้า หมายถึง พระเป็นเจ้านั้น ๆ เช่น พระทรงโค หมายถึง พระอิศวร พระทรงครุฑ พระทรงศร พระทรงสังข์ หมายถึง พระนารายณ์ พระทรงหงส์ หมายถึง พระพรหม
ทรง 9,ก.,ใช้นำหน้าคำกริยาสามัญให้เป็นราชาศัพท์ เช่น ทรงทราบ ทรงยินดี ทรงขอบใจ ทรงยืน
ทรง 10,ก.,"ใช้นำหน้าคำนามราชาศัพท์ให้เป็นกริยาราชาศัพท์ เช่น ทรงพระสรวล ทรงพระเมตตา ทรงพระประชวร, ในลักษณะนี้จะหมายความว่า มี ก็ได้ เช่น ทรงพระปรีชาสามารถ ทรงพระคุณ ทรงพระนาม, เมื่อกริยาเป็นราชาศัพท์อยู่แล้วไม่ใช้คำว่า ทรง นำหน้าซ้อนลงไปอีก เช่น ไม่ใช้ว่า ทรงตรัส ทรงประทับ ทรงพระราชทาน ให้ใช้ว่า ตรัส ประทับ พระราชทาน."
ทรง 11,ว.,เรียกช้าง ม้า ที่ขึ้นระวางแล้ว ว่า ช้างทรง ม้าทรง.
ทรงกรม 0,ว.,เรียกเจ้านายต่างกรม. (ดู กรม ๓ ประกอบ).
ทรงกระเทียม 0,น.,"ชื่อไม้ล้มลุกชนิด Eleocharis dulcis (Burm.f.) Hensch. var. dulcis ในวงศ์ Cyperaceae ลำต้นกลม มีกาบบาง ๆ หุ้มที่โคน ดอกเป็นกระจุก มีหัวกินได้, แห้งทรงกระเทียม ก็เรียก."
ทรงกลด 0,ว.,มีแสงสีรุ้งเป็นวงกลมล้อมรอบดวงอาทิตย์หรือดวงจันทร์.
ทรงข้าวบิณฑ์ 0,น.,"เครื่องบูชาทำด้วยข้าวบิณฑ์ ตั้งบนภาชนะเช่นพาน, เรียกรูปทรงที่มีลักษณะเช่นนั้น ว่า ทรงข้าวบิณฑ์ หรือ พุ่มข้าวบิณฑ์"
ทรงเครื่อง 0,ก.,"แต่งตัวมีเครื่องประดับ เช่น พระพุทธรูปทรงเครื่อง, มีเครื่องปรุงพิเศษกว่าปรกติ เช่น กระท้อนทรงเครื่อง, ประดิดประดอยให้งดงามเป็นพิเศษ เช่น ตัวหนังสือทรงเครื่อง"
ทรงเครื่อง 1,ก.,ตัดผม (ใช้แก่เจ้านาย).
ทรงเครื่องใหญ่ 0,ก.,ตัดผม (ใช้แก่พระมหากษัตริย์).
ทรงเจ้า 0,ก.,"ทำพิธีเชิญเจ้าเข้าสิงคนทรงเพื่อถามเหตุร้ายเหตุดี, บางทีใช้ว่า ทรงเจ้าเข้าผี."
ทรงเจ้า 1,น.,เรียกคนสำหรับทรงเจ้า ว่า คนทรงเจ้า.
ทรงตัก 0,น.,ช้อนหรือกระบวยขนาดเล็กสำหรับตักนํ้าอบ.
ทรงบาดาล 0,น.,ชื่อไม้พุ่มชนิด Senna surattensis (Burm.f.) Irwin et Barneby ในวงศ์ Leguminosae ดอกสีเหลือง ออกเป็นช่อสั้น ๆ ตามง่ามใบใกล้ยอด ใบอ่อนกินได้ เปลือกและใบใช้ทำยา.
ทรงประพาส 0,น.,"ชื่อฉลองพระองค์ของพระมหากษัตริย์ คอกลม ไม่มีแขน รัดรูป เอวสั้น มีจีบที่ชายเอวทั้ง ๒ ข้าง ใช้สวมทับฉลองพระองค์พระกรน้อย, ชื่อเสื้อยศผู้ว่าราชการเมืองครั้งก่อน"
ทรงประพาส 1,น.,ชื่อหมวกเครื่องยศรูปเป็นกลีบ ๆ มีชายปกข้างและหลัง.
ทรงพระเครื่องใหญ่ 0,ก.,ตัดผม (ใช้แก่พระมหากษัตริย์).
ทรงมัณฑ์ 0,ว.,มีรูปทรงกลมหรือเหลี่ยมซ้อนกันเป็นชั้น ๆ เรียวขึ้นไปอย่างหัวเม็ดเสาเกย.
ทรงลังกา 0,ว.,เรียกเจดีย์รูปทรงกรวยกลม มีฐานล่างเป็นฐานเขียงหรือฐานบัวเชิงบาตร กับมีฐานบัวลูกแก้ว องค์ครรภธาตุมีรูปทรงคล้ายระฆังควํ่า ตอนบนเป็นที่ตั้งของรัตนบัลลังก์ มียอดประดับด้วยปล้องไฉนและปลี.
ทรงหม้อตาล 0,น.,เรียกหมวกที่มีรูปทรงคล้ายหม้อตาลอย่างหมวกที่พลทหารเรือและจ่าทหารเรือเป็นต้นสวม ว่า หมวกทรงหม้อตาล.
ทรชน 0,น.,"คนชั่วร้าย, ทุรชน ก็ว่า."
ทรชาติ 0,น.,ผู้ที่มีกำเนิดไม่ดี.
ทรทึง 0,ก.,"คอยท่า, ห่วงใย"
ทรทึง 1,ก.,บ่นถึง
ทรทึง 2,ก.,ทรรทึง ก็ใช้.
ทรธึก 0,ว.,ใช้เรียกวันในตำราหมอดู ว่า วันทรธึก หมายความว่า วันที่ห้ามทำการมงคลต่าง ๆ.
ทรนาว 0,ว.,"ระนาว, มากมาย, เช่น พบโพหนึ่งในไพรสณฑ์ สาขานฤมล แลลำทรนาวสาวสาร (สมุทรโฆษ), งั่วนาวทรนาวเนก กรูดฉุรเฉกจรุงธาร (ม. คำหลวง จุลพน)."
ทรพล 0,ว.,"มีกำลังน้อย, อ่อนแอ, ท้อแท้"
ทรพล 1,ว.,เลวทราม.
ทรพิษ 0,น.,"ชื่อโรคระบาดชนิดหนึ่ง เกิดจากเชื้อไวรัส มีอาการไข้สูงแล้วมีผื่นขึ้นดาษตามใบหน้าและลำตัว ต่อมาผื่นจะกลายเป็นตุ่ม ตุ่มใส ตุ่มหนอง และตกสะเก็ด ตามลำดับ เมื่อหายแล้วมีแผลเป็นเป็นรอยบุ๋ม เรียกว่า ไข้ทรพิษ, ฝีดาษ ก็ว่า."
ทรพี 0,น.,"เครื่องตักข้าวและแกงมีรูปร่างคล้ายช้อน แต่ใหญ่กว่า ทำด้วยทองเหลืองเป็นต้น, ทัพพี หรือ สารพี ก็เรียก."
ทรพี 1,น.,ลูกอกตัญญูที่ทำร้ายพ่อแม่ของตน ในคำว่า ลูกทรพี.
ทรภิกษ์ 0,น.,"การขาดแคลนอาหาร, ข้าวยากหมากแพง."
ทรมาทรกรรม 0,ก.,"ทนทุกข์ทรมานไม่รู้จักจบจักสิ้น, ทำให้ทนทุกข์ทรมานอย่างยืดเยื้อ."
ทรมาน 0,ก.,"ทำให้ลำบาก, ทำทารุณ เช่น ทรมานตัว ทรมานสัตว์"
ทรมาน 1,ก.,ทำให้ละพยศหรือลดทิฐิมานะลงด้วยการแผ่เมตตาเป็นต้น เช่น พระพุทธเจ้าทรงทรมานช้างนาฬาคิรี.
ทรมุก 0,น.,กรักขี เช่น ทรมุกพรรณดวงจาวก็มี (ม. คำหลวง มหาพน).
ทรยศ 0,ก.,"คิดร้ายต่อผู้มีอุปการะ, กบฏ."
ทรยุค 0,น.,ยุคชั่ว.
ทรรทึง 0,ก.,"คอยท่า, ห่วงใย"
ทรรทึง 1,ก.,บ่นถึง
ทรรทึง 2,ก.,ทรทึง ก็ใช้.
ทรรป 0,น.,"ความโง่, ความเซ่อ"
ทรรป 1,น.,"ความโอ้อวด, ความจองหอง, ความเย่อหยิ่ง, เช่น แลมาให้แก่บาคค่อมขวลทรรป (ม. คำหลวง ชูชก)."
ทรรปณ์ 0,น.,"แว่นส่องหน้า, กระจกเงา, ทัปนะ ก็ใช้."
ทรรปณะ 0,น.,"แว่นส่องหน้า, กระจกเงา, ทัปนะ ก็ใช้."
ทรรศนะ 0,น.,"ความเห็น, การเห็น, เครื่องรู้เห็น, สิ่งที่เห็น, การแสดง, ทัศนะ ก็ใช้."
ทรรศนาการ 0,น.,อาการดู.
ทรรศนีย์ 0,ว.,"น่าดู, งาม, ทัศนีย์ ก็ใช้."
ทรราช 0,น.,"ผู้ปกครองบ้านเมืองที่ใช้อำนาจตามอำเภอใจ ทำความเดือดร้อนทารุณให้แก่ผู้อยู่ใต้การปกครองของตน. (อ. tyrant), เรียกลัทธิเช่นนั้น ว่า ทรราชย์ หรือ ระบบทรราชย์."
ทรลักษณ์ 0,ว.,มีลักษณะที่ถือว่าไม่ดี.
ทรเล่ห์ 0,ก.,เฉียดหลังนํ้า เช่น ทุงทองทรเล่ห์สระทรหวล (ม. คำหลวง มหาพน).
ทรวง 0,น.,"อก, ใจ, มักใช้เข้าคู่กับคำ อก เป็น ทรวงอก."
ทรวด 0,ก.,นูนขึ้น เช่น อันว่าสวภาพท้องบมิทรวดเสมออก (ม. คำหลวง ทศพร).
ทรวดทรง 0,น.,"รูปร่าง, สัณฐาน, (โบ) ซวดทรง."
ทรวาร 0,น.,ประตู เช่น ตื่นนอนใครแลมาเทงทรวาร (ม. คำหลวง กุมาร).
ทรสองทรสุม 0,ก.,"ซ่องสุม, ประชุมกัน, เช่น ดูทรสองทรสุมผกา (ม. คำหลวง มหาพน)."
ทรสาย 0,น.,พุ่มไม้.
ทรสาย 1,ว.,"สยาย, รุงรัง, เช่น ทรสายกิ่งชื้อชัฏ (ม. คำหลวง จุลพน), ใช้เข้าคู่กับคำ ทรสุม เป็น ทรสายทรสุม ก็มี เช่น กิ่งทรสายทรสุมผกา (ม. คำหลวง มหาพน)."
ทรสุม 0,ว.,"ซึ่งสุมกัน, เป็นกลุ่ม, เป็นพุ่ม, เป็นช่อ, เช่น ไม้ทรสุมสมกิ่งวันนี้ (ม. คำหลวง กุมาร), ใช้เข้าคู่กับคำ ทรสาย เป็น ทรสุมทรสาย ก็มี เช่น ใบทรสุมทรสายศาล (ม. คำหลวง จุลพน)."
ทรหด 0,ว.,"อดทน, บึกบึน, ไม่ย่อท้อ, เช่น สู้กันอย่างทรหด."
ทรหน 0,น.,"ทางลำบาก, ทางกันดาร."
ทรหวล 0,ว.,"พัดหอบเอาไป, วนไปมา เช่น สํญาชื่อเกตุมดี นทีธารทรหวล (ม. คำหลวง วนประเวศน์)."
ทรหึง 0,ว.,นาน
ทรหึง 1,ว.,เสียงเอ็ดอึง.
ทรหึงทรหวล 0,ว.,เสียงดังปั่นป่วน เช่น พอวายวรวาคยอ้าง โอษฐ์พระ ดานมหาวาตะตื่นฟ้า ทรหึงทรหวลพะ พานพัด หาวแฮ หอบธุมางจางจ้า จรัดด้าวแดนสมร (ตะเลงพ่าย).
ทรหู 0,ก.,"ดิ้นรนอยากรู้, ร้องดัง, เช่น ในเมื่อกูไห้ทรหูรํ่าร้อง สยงมี่ก้องกลางดง (ม. คำหลวง ชูชก)."
ทรเหล 0,น.,ความลำบากในการเดินทางไป เช่น เขาก็บอกความทุกข์ทรเหล แก่ตูผู้บันเดนบันเดอรเทา (ม. คำหลวง วนปเวสน์).
ทรอ 0,น.,"ซอ เช่น เสียงสารสังคีตขับทรอท่อ (ม. คำหลวง ทานกัณฑ์), แจรงทรอทรในสารสยงยิ่ง จเข้ดิ่งสารสวรรค์ (ม. คำหลวง มหาราช)."
ทรอมโบน 0,น.,"ชื่อแตรประเภทหนึ่ง มีท่อลมสวมซ้อนกันและบังคับเสียงโดยวิธีชักท่อลมเลื่อนเข้าออก, ลักษณนามว่า ตัว."
ทรอึง 0,ก.,"ถือตัว, หยิ่ง."
ทรอุ้ม 0,ว.,"ชรอุ่ม, มืด, มืดมัว."
ทรฮู 0,ก.,"ดิ้นรนอยากรู้, ร้องดัง, เช่น ในเมื่อกูไห้ทรหูรํ่าร้อง สยงมี่ก้องกลางดง (ม. คำหลวง ชูชก)."
ทระนง 0,ก.,ทะนง.
ทระนาว 0,ว.,"ระนาว, มากมาย, เช่น พบโพหนึ่งในไพรสณฑ์ สาขานฤมล แลลำทรนาวสาวสาร (สมุทรโฆษ), งั่วนาวทรนาวเนก กรูดฉุรเฉกจรุงธาร (ม. คำหลวง จุลพน)."
ทรัพย์ 0,น.,"เงินตรา เช่น ไม่มีทรัพย์ติดตัว, สมบัติพัสถาน เช่น เขาเป็นคนมีทรัพย์"
ทรัพย์ 1,น.,วัตถุมีรูปร่าง
ทรัพย์ 2,น.,โดยปริยายหมายถึงสิ่งที่ถือว่ามีค่า อาจไม่มีรูปร่างก็ได้ เช่น มีปัญญาเป็นทรัพย์ อริยทรัพย์.
ทรัพย- 0,น.,"เงินตรา เช่น ไม่มีทรัพย์ติดตัว, สมบัติพัสถาน เช่น เขาเป็นคนมีทรัพย์"
ทรัพย- 1,น.,วัตถุมีรูปร่าง
ทรัพย- 2,น.,โดยปริยายหมายถึงสิ่งที่ถือว่ามีค่า อาจไม่มีรูปร่างก็ได้ เช่น มีปัญญาเป็นทรัพย์ อริยทรัพย์.
ทรัพย์นอกพาณิชย์ 0,น.,ทรัพย์ที่ไม่สามารถถือเอาได้ และทรัพย์ที่โอนแก่กันมิได้โดยชอบด้วยกฎหมาย.
ทรัพย์ในดิน สินในน้ำ 0,น.,สิ่งที่มีอยู่หรือเกิดตามธรรมชาติ อันอาจนำมาใช้ให้เป็นประโยชน์ได้.
ทรัพย์มรดก 0,น.,"สิ่งที่ตกทอดมาจากบรรพบุรุษหรือที่สืบทอดมาแต่บรรพกาล, ทรัพย์สินทุกชนิดตลอดทั้งสิทธิ หน้าที่ และความรับผิดต่าง ๆ ของผู้ตาย เว้นแต่ตามกฎหมายหรือโดยสภาพแล้ว เป็นการเฉพาะตัวของผู้ตาย เรียกรวม ๆ ว่า กองมรดก."
ทรัพย์สมบัติ 0,น.,ทรัพย์สินที่อยู่ในครอบครองอันอาจใช้สอยแจกจ่ายได้.
ทรัพย์ส่วนกลาง 0,น.,ส่วนของอาคารชุดที่มิใช่ห้องชุด รวมทั้งที่ดินที่ตั้งอาคารชุดและที่ดินหรือทรัพย์สินอื่นที่มีไว้เพื่อใช้หรือเพื่อประโยชน์ร่วมกันสำหรับเจ้าของร่วม.
ทรัพย์ส่วนบุคคล 0,น.,ห้องชุด และหมายความรวมถึงสิ่งปลูกสร้าง หรือที่ดินที่จัดไว้ให้เป็นของเจ้าของห้องชุดแต่ละราย.
ทรัพยสิทธิ 0,น.,สิทธิเหนือทรัพย์สินที่จะก่อตั้งขึ้นได้แต่ด้วยอาศัยอำนาจตามบทบัญญัติแห่งกฎหมาย เช่น กรรมสิทธิ์ สิทธิอาศัย ภาระจำยอม.
ทรัพย์สิน 0,น.,วัตถุที่มีรูปร่าง รวมทั้งวัตถุที่ไม่มีรูปร่างซึ่งอาจมีราคาและอาจถือเอาได้ เช่น บ้าน ที่ดิน เป็นวัตถุมีรูปร่าง ลิขสิทธิ์ สิทธิบัตร กระแสไฟฟ้าที่ส่งตามสาย เป็นวัตถุไม่มีรูปร่าง.
ทรัพย์สินของแผ่นดิน 0,น.,ทรัพย์สินทุกชนิดของรัฐ.
ทรัพย์สินส่วนพระมหากษัตริย์ 0,น.,ทรัพย์สินในพระมหากษัตริย์ นอกจากทรัพย์สินส่วนพระองค์และทรัพย์สินส่วนสาธารณสมบัติของแผ่นดิน.
ทรัพย์สินส่วนพระองค์ 0,น.,ทรัพย์สินที่เป็นของพระมหากษัตริย์อยู่แล้วก่อนเสด็จขึ้นครองราชสมบัติ หรือทรัพย์สินที่รัฐทูลเกล้าฯ ถวาย หรือทรัพย์สินที่ทรงได้มาไม่ว่าในทางใดและเวลาใด นอกจากที่ทรงได้มาในฐานะที่ทรงเป็นพระมหากษัตริย์ ทั้งนี้ รวมทั้งดอกผลที่เกิดจากบรรดาทรัพย์สินเช่นว่านั้นด้วย.
ทรัพย์สินส่วนสาธารณสมบัติของแผ่นดิน 0,น.,ทรัพย์สินในพระมหากษัตริย์ซึ่งใช้เพื่อประโยชน์ของแผ่นดินโดยเฉพาะ เป็นต้นว่า พระราชวัง.
ทรัพยากร 0,น.,สิ่งทั้งปวงอันเป็นทรัพย์หรือมีค่า.
ทรัพยากรธรณี 0,น.,ทรัพย์อันอยู่ใต้แผ่นดิน เช่น แร่ธาตุ นํ้ามัน.
ทรัพยากรธรรมชาติ 0,น.,ทรัพย์อันเกิดขึ้นเองหรือมีอยู่ตามธรรมชาติ.
ทรัพยากรบุคคล 0,น.,บุคคลผู้มีคุณค่าที่เป็นทรัพย์ขององค์กร สังคม หรือประเทศ.
ทรัมเป็ต 0,น.,"ชื่อแตรประเภทหนึ่ง มีเสียงแหลม, ลักษณนามว่า ตัว."
ทรานซิสเตอร์ 0,น.,"อุปกรณ์ขนาดเล็กมาก ประกอบด้วยผลึกของสารกึ่งตัวนำ มีขั้วไฟฟ้า ๓ ขั้วสำหรับต่อเข้ากับวงจรไฟฟ้าภายนอก ใช้สำหรับควบคุมและขยายกระแสไฟฟ้า คือกระแสไฟฟ้าที่เคลื่อนที่ระหว่างขั้วไฟฟ้าคู่หนึ่งควบคุมกระแสไฟฟ้าที่ถูกขยายซึ่งเคลื่อนที่ระหว่างขั้วไฟฟ้าอีกคู่หนึ่ง โดยขั้วไฟฟ้า ๒ คู่นี้มีขั้วหนึ่งเป็นขั้วร่วมกัน, ลักษณนามว่า ตัว, (ปาก) เครื่องรับวิทยุกระเป๋าหิ้วขนาดเล็ก ที่ใช้วงจรทรานซิสเตอร์."
ทราบ 0,ก.,รู้ (ใช้ในความสุภาพ) เช่น ทราบข่าว ได้รับทราบแล้ว เรียนมาเพื่อทราบ.
ทราบเกล้าทราบกระหม่อม 0,ก.,"รู้ (ใช้กราบทูลเจ้านายตั้งแต่ชั้นพระองค์เจ้าขึ้นไป), เขียนย่อว่า ทราบเกล้าฯ."
ทราบฝ่าพระบาท 0,ก.,รู้ (ใช้กราบทูลพระอนุวงศ์ชั้นพระวรวงศ์เธอที่ทรงกรมขึ้นไปจนถึงสมเด็จเจ้าฟ้า).
ทราบฝ่าละอองธุลีพระบาท 0,ก.,รู้ (ใช้กราบบังคมทูลพระบาทสมเด็จพระเจ้าอยู่หัวและสมเด็จพระบรมราชินีนาถ).
ทราบฝ่าละอองพระบาท 0,ก.,รู้ (ใช้กราบบังคมทูลสมเด็จพระบรมราชินี สมเด็จพระบรมราชชนนี สมเด็จพระยุพราช สมเด็จพระบรมโอรสาธิราช และสมเด็จพระบรมราชกุมารี).
ทราม 0,ว.,"เลว เช่น ใจทราม จิตทราม, เสื่อม เช่น ปัญญาทราม"
ทราม 1,ว.,ไหลอาบเป็นแห่ง ๆ เช่น เลือดไหลทรามลงตามขา.
ทรามชม 0,น.,"หญิงงามน่ารัก, นางงามผู้เป็นที่รัก."
ทรามเชย 0,น.,"หญิงงามน่ารัก, นางงามผู้เป็นที่รัก."
ทรามวัย 0,น.,หญิงสาววัยรุ่น.
ทรามสงวน 0,น.,"หญิงงามน่ารัก, นางงามผู้เป็นที่รัก."
ทรามสวาท 0,น.,"หญิงงามน่ารัก, นางงามผู้เป็นที่รัก."
ทราย 0,น.,"วัตถุที่เป็นเศษหินขนาดเล็ก มีลักษณะซุยร่วนไม่เกาะกัน มีหลายชนิด เช่น ทรายขี้เป็ด ทรายหยาบ ทรายละเอียด, ใช้เรียกสิ่งอื่นที่มีลักษณะอย่างทราย เช่น เนื้อแตงโมเป็นทราย นํ้าตาลทราย."
ทราย 1,น.,ชื่อหอยกาบคู่หลายชนิด มีรูปเปลือกแตกต่างกันไป ที่เป็นหอยน้ำจืด เช่น ชนิด Corbicula javanica (Mousson) ในวงศ์ Corbiculidae ที่เป็นหอยทะเล เช่น ชนิด Asaphis violascens (Forsskal) ในวงศ์ Psammobiidae.
ทราย 2,น.,"ชื่อปลาน้ำจืดทุกชนิดในสกุล Acantopsisวงศ์ cobitidae หัวยาวปลายแหลม ลำตัวยาวเรียว ลำตัวสีน้ำตาลอ่อนหรือเทา ข้างตัวมักมีจุดสีดำเรียงในแนวยาวหรือประอยู่ด้านหลัง บ้างมีแถบสีดำคล้ำตามแนวยาว พบอาศัยอยู่เป็นฝูงตามลำน้ำใหญ่ที่มีน้ำไหลหรือพื้นท้องน้ำเป็นกรวดทรายซึ่งปลามุดซ่อนตัว, ซ่อนทราย กล้วย ทราย หรือ หมู ก็เรียก."
ทรายแก้ว 0,น.,แร่ควอตซ์ที่มีขนาดเล็กเท่าเม็ดทราย มีลักษณะเป็นสีขาวใส ใช้ในอุตสาหกรรมทำแก้ว.
ทรายขาว 0,น.,"ชื่อปลาทะเลในสกุล Scolopsis วงศ์ Nemipteridae ปากเล็ก ไม่มีฟันเขี้ยว มีหนามแหลมอยู่บริเวณใต้ตา ปลายชี้ไปทางด้านหลัง ลำตัวสั้น รูปไข่ แบนข้าง ขนาดยาวได้ถึง ๒๕ เซนติเมตร เช่น ชนิด S. cancellatusCuvier, S. dubiosus M. Weber."
ทรายแป้ง 0,น.,ทรายที่มีขนาดละเอียดยิบ.
ทริทร 0,ว.,"ยากจน, เข็ญใจ."
ทรุด 0,ก.,"จมลงหรือลดลงกว่าระดับเดิมเพราะสิ่งรองรับมีกำลังต้านทานไม่พอ เช่น กำแพงทรุด สะพานทรุด, ยุบลง เช่น ดั้งจมูกทรุด, มีฐานะตกตํ่ากว่าเดิม เช่น ฐานะทางเศรษฐกิจกำลังทรุดหนัก, เรียกอาการไข้ที่หนักลงไปกว่าเดิม ว่า ไข้ทรุด."
ทรุดโทรม 0,ว.,เสื่อมไปเพราะร่วงโรย ครํ่าคร่า หรือตรากตรำเกินไป.
ทรุดนั่ง 0,ก.,ลดตัวลงนั่ง.
ทรุม 0,น.,ต้นไม้ เช่น ท้าวธก็จะยลสระสโรช อันชื่อโบษขรณี อันมีทรุมทํทุมแลไหล้ (ม. คำหลวง วนประเวศน์).
ทรู่ 0,ก.,"ลากไป, คร่าไป, เช่น จึ่งจะทรู่ไปหยาบ ด้วยอานุภาพกำลังมัน (ม. คำหลวง กุมาร)."
ทฤฆ- 0,ว.,"ยาว, ยืนยาว, เช่น ทฤฆชนม์ ทฤฆชาติ ทฤฆายุ."
ทฤษฎี 0,น.,หลักการทางวิชาการที่ได้ข้อสรุปมาจากการค้นคว้าทดลองเป็นต้น เพื่อเสริมเหตุผลและรากฐานให้แก่ปรากฏการณ์หรือข้อมูลในภาคปฏิบัติ เช่น ทฤษฎีแรงโน้มถ่วงของโลก ทฤษฎีแสง. (ส.; ป. ทิฏฺ).
ทฤษฎีบท 0,น.,ข้อความที่พิสูจน์แล้วว่าเป็นจริง และใช้ในการอ้างอิงเพื่อพิสูจน์ข้อความอื่นได้ เช่น ทฤษฎีบททางเรขาคณิต.
ทฤษฎีใหม่ 0,น.,หลักวิชาการจัดการเกษตรที่พระบาทสมเด็จพระเจ้าอยู่หัวทรงคิดค้นขึ้นเพื่อเป็นทางเลือกให้เกษตรกรพึ่งพาตนเองได้อย่างเข้มแข็ง มี ๓ ขั้นตอน ได้แก่ ขั้นต้น คือ ครอบครัวเกษตรกรรายย่อยบริหารจัดการพื้นที่ทำกินให้เกิดประโยชน์สูงสุด โดยแบ่งพื้นที่ออกเป็น ๔ ส่วน คือ พื้นที่ขุดสระ พื้นที่ปลูกข้าว พื้นที่ปลูกพืชไร่พืชสวน และพื้นที่อยู่อาศัย เพื่อให้เกิดการผลิตที่พออยู่พอกิน ขั้นกลาง คือ รวมเป็นกลุ่มหรือสหกรณ์ ร่วมเพิ่มผลผลิตและจำหน่ายอย่างมีพลังต่อรอง และขั้นก้าวหน้า คือ สร้างเครือข่ายนอกชุมชนเพื่อหาแหล่งทุนมาร่วมลงทุนและพัฒนา ทุกขั้นตอนเน้นความมัธยัสถ์ตามแนวเศรษฐกิจพอเพียง.
ทล 0,น.,"ใบไม้, กลีบดอกไม้."
ทลบม 0,ก.,"ประพรม, ลูบไล้, ฉาบทา, เช่น เหตุนางมีองค์อันอุดดม ดุจทลบมด้วยรัตตจันทน์น้นน (ม. คำหลวง ทศพร)."
ทลอึง 0,ก.,"ตั้งมั่น, มั่นคง."
ทลาย 0,ก.,"อาการที่สิ่งซึ่งเป็นกลุ่มก้อนแตกหักหรือพังกระจัดกระจาย เช่น กองทรายทลาย, พังหรือทำให้พัง เช่น กำแพงทลาย ทลายกำแพง, มักใช้เข้าคู่กับคำ พัง เป็น พังทลาย, โดยปริยายหมายความว่า ล้มเหลว ไม่ได้ดังหวัง เช่น ความฝันพังทลาย วิมานทลาย."
ทลิท 0,ว.,"ยากจน, เข็ญใจ, เช่น พราหมณพฤฒาเฒ่าทลิทยากยิ่งยาจก (ม. ร่ายยาว ชูชก)."
ทลิททก 0,น.,"คนยากจน, คนเข็ญใจ, เช่น ส่วนออเฒ่าพฤฒาทลิททก (ม. ร่ายยาว ชูชก)."
ทวง 0,ก.,"เรียกเอาสิ่งที่เป็นของตนหรือที่ติดค้างกลับคืน เช่น ทวงหนี้ ทวงเงิน ทวงค่าเช่า, เรียกร้องเอาสิ่งที่จะพึงมีพึงได้ เช่น ทวงสิทธิ ทวงบุญทวงคุณ."
ท้วง 0,ก.,พูดเป็นทำนองไม่เห็นด้วย
ท้วง 1,ก.,"พยุง, ประคอง, พา, เคลื่อนไหว, เช่น ท้วงตนหนีไปได้."
ท้วงติง 0,ก.,แย้งและให้ข้อคิด.
ทวงถาม 0,ก.,ถามปัญหาหรือเรื่องที่ติดค้างอยู่.
ท่วงท่า 0,น.,กิริยาท่าทาง.
ท่วงทำนอง 0,น.,ลีลาที่เป็นไปตามจังหวะหรือทำนอง.
ท่วงที 0,น.,"ท่าทาง, หน่วยก้าน, ชั้นเชิง."
ทวด 0,น.,"พ่อหรือแม่ของ ปู่ ย่า ตา ยาย, ชวด ก็ว่า."
ทวดน้อย 0,น.,เรียกคนชั้นน้องของทวด ว่า ทวดน้อย.
ทวดึงส์ 0,ว.,สามสิบสอง.
ท้วน 0,ว.,"อ้วนแข็งแรง, ใช้พูดเข้าคู่กับคำ อ้วน เป็น อ้วนท้วน."
ทวน 0,น.,อาวุธชนิดหนึ่งคล้ายหอก แต่ใบแบนเรียวเล็กและเบากว่า มีพู่ที่คอใบทวน ด้ามยาว
ทวน 1,น.,ไม้ ๒ อันที่ตั้งขึ้นข้างหัวและท้ายเรือต่อ สำหรับติดกระดานต่อขึ้นไป
ทวน 2,น.,เครื่องมือช่างทองทำด้วยไม้ ปลายข้างหนึ่งติดชันสำหรับยึดรูปพรรณ อีกข้างหนึ่งสำหรับยึดกับฐานที่ทำไว้โดยเฉพาะ เพื่อนั่งสลักได้สะดวก
ทวน 3,น.,เครื่องมือช่างเจียระไนทำด้วยไม้ ปลายข้างหนึ่งติดครั่งสำหรับยึดอัญมณี อีกข้างหนึ่งเป็นด้ามสำหรับถือเพื่อนำไปเจียบนแท่นเจียให้เป็นเหลี่ยมหรือรูปตามต้องการ
ทวน 4,น.,ชื่อเรียกคันซอ มีลักษณะเป็นท่อนกลมและยาว
ทวน 5,น.,ชื่อเรียกส่วนเสริมต่อของปี่มีลักษณะเป็นท่อนกลม
ทวน 6,น.,เครื่องดินเผาสำหรับรองตะคันอบนํ้าหอม.
ทวน 7,ก.,"ฝ่ากระแสนํ้าหรือกระแสลม ในคำว่า ทวนนํ้า ทวนลม, เอาใบพายรานํ้าไว้เพื่อชะลอให้เรือหยุด"
ทวน 8,ก.,"กลับมาตั้งต้นใหม่, กลับซํ้าใหม่, เช่น อ่านทวน ทวนเพลง"
ทวน 9,ก.,ย้อนทาง เช่น ทวนเข็มนาฬิกา ทวนแสง
ทวน 10,ก.,โดยปริยายหมายถึงอาการที่คล้ายคลึงเช่นนั้น เช่น ทวนกระแสจิต ทวนกระแสโลก
ทวน 11,ก.,เฆี่ยนตีด้วยลวดหนัง.
ทวนสบถ 0,ก.,ไม่ทำตามคำสบถ.
ทวนสาบาน 0,ก.,ไม่ทำตามคำสาบาน.
ท่วม 0,ก.,"ไหลหลาก บ่า หรือเอ่อท้นจนลบพื้นที่หรือสิ่งใดสิ่งหนึ่ง เช่น นํ้าท่วมทุ่ง นํ้าท่วมฝั่ง, ซาบซึมไปทั่ว เช่น เหงื่อท่วมตัว, โดยปริยายหมายถึงลักษณะที่คล้ายคลึงเช่นนั้น เช่น หนี้ท่วมตัว ความรู้ท่วมหัว."
ท้วม 0,ว.,มีรูปร่างอ้วนน้อย ๆ เช่น ผู้หญิงคนนี้ท้วม
ท้วม 1,ว.,"พอสมควร, พอประมาณ, เช่น พอท้วม ๆ."
ท้วม ๆ 0,ว.,มีรูปร่างอ้วนน้อย ๆ เช่น ผู้หญิงคนนี้ท้วม
ท้วม ๆ 1,ว.,"พอสมควร, พอประมาณ, เช่น พอท้วม ๆ."
ท่วมท้น 0,ว.,มากมายเหลือล้น เช่น ได้คะแนนเสียงท่วมท้น.
ท่วย 0,น.,"หมู่, เหล่า."
ท้วย 0,ว.,"อ่อนช้อย, งอน."
ทวย 0,น.,"หมู่, เหล่า, เช่น ทวยราษฎร์."
ทวย 1,น.,"ไม้ค้ำยันที่รับเต้า บางทีทำเป็นรูปนาค, คันทวย ก็เรียก"
ทวย 2,น.,วัตถุอย่างหนึ่งเป็นคันสำหรับรองส่งเครื่องราชูปโภค เช่นขันใส่เงินทรงโปรยหรือพระสุพรรณศรีถวายพระมหากษัตริย์จากเบื้องตํ่าสู่ที่ประทับ เรียกว่า พระทวย.
ทวย 3,ว.,"ระทวย, อ่อน, งอน, เช่น อันว่าไม้มีผลค่าค้อม ก็น้อมนวยทวยทอดมาเอง (ม. คำหลวง วนประเวศน์)."
ทวยโถง 0,ก.,"จัดกระบวนกลางแปลง, ถ้วยโถง หรือ ท่วยโถง ก็ใช้."
ท่วยโถง 0,ก.,"จัดกระบวนกลางแปลง, ถ้วยโถง หรือ ทวยโถง ก็ใช้."
ทวอย 0,น.,ชื่อเพลงไทยทำนองโศก อัตรา ๒ ชั้น หน้าทับสองไม้
ทวอย 1,น.,ชื่อเพลงไทยประเภทเพลงเถา.
ทวัตดึงส์ 0,ว.,สามสิบสอง.
ทวัตดึงสาการ 0,น.,อาการของร่างกาย ๓๒ อย่าง มี ผม ขน เล็บ ฟัน หนัง เนื้อ เอ็น กระดูก เป็นต้น.
ทวัย 0,น.,"หมวด ๒, ทั้ง ๒ เช่น แม้อันว่าทวัยราชาคือองค์บิดุราธิราชมาดุรงค์ วิสญฺ หุตฺวา ทรงกรรแสงสาหศรทดรทาย (ม. คำหลวง ฉกษัตริย์)."
ทวา 0,ว.,สอง.
ทว่า 0,สัน.,"แต่ถ้าว่า, แต่ว่า."
ทวาตรึงประดับ 0,น.,ชื่อโคลงกลบทแบบหนึ่ง กำหนดให้คำแรกกับคำสุดท้ายของแต่ละบาทใช้คำซ้ำกัน เช่น (จินดามณี)
ทวาทศม- 0,ว.,ที่ ๑๒ เช่น ทวาทศมสุรทิน = วันที่ ๑๒.
ทวาทศมณฑล 0,น.,กลมโดยรอบครบ ๑๒ ราศี
ทวาทศมณฑล 1,น.,ชื่อมาตราวัดจักรราศีเท่ากับ ๒ อัฒจักร เป็น ๑ จักรราศี คือ ทวาทศมณฑลหนึ่ง.
ทวาทศะ 0,ว.,สิบสอง.
ทวาทศี 0,ว.,ที่ ๑๒ เช่น ทวาทศีดิถี = วัน ๑๒ คํ่า.
ทวาบร 0,น.,ด้านของลูกสกาที่มี ๒ แต้ม.
ทวาบรยุค 0,น.,ชื่อยุคที่ ๓ ของจตุรยุคตามคติของพราหมณ์ ในยุคนี้ธรรมะและอายุของมนุษย์ลดลงเหลือเพียง ๒ ใน ๔ ส่วนเมื่อเทียบกับในสมัยกฤดายุค. (ดู จตุรยุค).
ทวาย 0,น.,"ชื่อเมืองทางภาคใต้ของประเทศพม่า, เรียกชาวเมืองนั้น ว่า ชาวทวาย."
ทวาย 1,น.,ชื่อเพลงไทยสำเนียงมอญ มี ๒ แบบ คือ ทวายเต็ม และที่ตัดลงจากทวายเต็ม เรียกว่า ทวายตัด.
ทวาย 2,น.,ชื่อยำชนิดหนึ่ง มีผักลวก เช่น ผักบุ้ง หัวปลี ถั่วงอก ราดด้วยหัวกะทิ นํ้าพริกรสเปรี้ยว เค็ม หวาน และโรยงาคั่ว เรียกว่า ยำทวาย.
ทวาร 0,น.,ประตู เช่น นายทวาร
ทวาร 1,น.,"ช่อง ในคำ เช่น ทวารหนัก ทวารเบา ใช้เป็นคำสุภาพ หมายถึง รูขี้ รูเยี่ยว, ทาง เช่น กายทวาร."
ทวาร- 0,น.,ประตู เช่น นายทวาร
ทวาร- 1,น.,"ช่อง ในคำ เช่น ทวารหนัก ทวารเบา ใช้เป็นคำสุภาพ หมายถึง รูขี้ รูเยี่ยว, ทาง เช่น กายทวาร."
ทวารทั้งเก้า 0,น.,ช่องตามร่างกายทั้ง ๙ ช่อง ได้แก่ ตา ๒ หู ๒ จมูก ๒ ปาก ๑ ทวารหนัก ๑ ทวารเบา ๑.
ทวารบถ 0,น.,ทางเข้าออก เช่น อันกำแพงเชิงเทินป้อมปราการที่ล้อมกรุง รวมทั้งทวารบถทางเข้านครเล่า (กามนิต).
ทวารบาล 0,น.,"ผู้เฝ้าประตู, นายประตู."
ทวารประดับ 0,น.,"ชื่อโคลงกลบท กำหนดให้ ๒ คำแรกกับ ๒ คำสุดท้ายของแต่ละบาทใช้คำซ้ำกัน โดยให้ ๒ คำสุดท้ายกลับคำกัน เช่น (จินดามณี),C519 สกัดแคร่ ก็เรียก."
ทวิ 0,ว.,สอง เช่น ทวิราช.
ทวิช 0,น.,นก
ทวิช 1,น.,พราหมณ์.
ทวิช- 0,น.,นก
ทวิช- 1,น.,พราหมณ์.
ทวิชงค์ 0,น.,พราหมณ์.
ทวิชชาติ 0,น.,"ผู้เกิด ๒ ครั้ง, นก, หมู่นก"
ทวิชชาติ 1,น.,พราหมณ์.
ทวิชากร 0,น.,ฝูงนก.
ทวิชาติ 0,น.,"นก, หมู่นก"
ทวิชาติ 1,น.,พราหมณ์.
ทวิตียะ 0,ว.,ที่ ๒.
ทวิตียา 0,ว.,ที่ ๒.
ทวิบถ 0,น.,"สถานที่ที่ทางทั้ง ๒ ตัดผ่านกัน, สี่แยก."
ทวิบท 0,น.,สัตว์สองเท้า.
ทวิบาท 0,น.,สัตว์สองเท้า.
ทวิป 0,น.,ช้าง.
ทวิภาค 0,น.,๒ ส่วน.
ทวิภาคี 0,ว.,๒ ฝ่าย.
ทวิภาคี 1,น.,เรียกสัญญาระหว่างประเทศที่มีคู่สัญญา ๒ ฝ่าย ว่า สัญญาทวิภาคี.
ทวิระ 0,ว.,สอง.
ทวี 0,ก.,"เพิ่มขึ้น, มากขึ้น, เช่น งานทวีขึ้น."
ทวีคูณ 0,ว.,๒ เท่า.
ทวีธาภิเษก 0,น.,"พระราชพิธีสมโภชเมื่อรัชกาลที่ ๕ ทรงครองราชสมบัติยืนนานมาเป็น ๒ เท่าของรัชกาลที่ ๔, เรียกเหรียญที่จัดทำขึ้นเป็นที่ระลึกในพระราชพิธีนี้ ว่า เหรียญทวีธาภิเษก."
ทวีป 0,น.,เปลือกโลกส่วนที่เป็นพื้นดินซึ่งมีขนาดใหญ่โตกว้างขวาง มี ๗ ทวีป คือ เอเชีย ยุโรป ออสเตรเลีย แอฟริกา อเมริกาเหนือ อเมริกาใต้ และแอนตาร์กติกา บางทวีปกำหนดนํ้าล้อมรอบเป็นขอบเขต เช่น ทวีปออสเตรเลีย ทวีปแอนตาร์กติกา บางทวีปกำหนดภูเขา ทะเล แหล่งอารยธรรมเป็นต้น เป็นแนวแบ่งเขต เช่น ทวีปเอเชีย ทวีปยุโรป
ทวีป 1,น.,เกาะ เช่น ลังกาทวีป สิงหฬทวีป
ทวีป 2,น.,ในคัมภีร์ไตรภูมิกล่าวว่าแผ่นดินมี ๔ ทวีป คือ ๑. ชมพูทวีป ๒. อมรโคยานทวีปหรืออปรโคยานทวีป ๓. อุตรกุรุทวีปหรืออุตรกุรูทวีป ๔. บุพวิเทหทวีป.
ทวีปี 0,น.,"เสือ, เสือดาว."
ทศ- 0,น.,เรียกเหรียญทองสมัยรัชกาลที่ ๔ ชนิดหนึ่ง มีค่าเท่ากับ ๑ ใน ๑๐ ของชั่ง = ๘ บาท ว่า ทองทศ.
ทศ- 1,ว.,"สิบ, มักใช้เป็นส่วนหน้าสมาส."
ทศ 0,น.,เรียกเหรียญทองสมัยรัชกาลที่ ๔ ชนิดหนึ่ง มีค่าเท่ากับ ๑ ใน ๑๐ ของชั่ง = ๘ บาท ว่า ทองทศ.
ทศ 1,ว.,"สิบ, มักใช้เป็นส่วนหน้าสมาส."
ทศ 2,น.,"ชายผ้า, ชายครุย."
ทศกัณฐ์ 0,น.,“ผู้มีสิบคอ” คือ ท้าวราพณ์ในเรื่องรามเกียรติ์.
ทศชาติ 0,น.,"๑๐ ชาติ, ชื่อคัมภีร์ชาดกว่าด้วยเรื่องพระพุทธเจ้าครั้งยังเป็นพระโพธิสัตว์อยู่ ๑๐ ชาติ."
ทศทิศ 0,น.,ทิศทั้ง ๑๐ คือ ทิศทั้ง ๘ คือ อุดร อีสาน บูรพา อาคเนย์ ทักษิณ หรดี ประจิม พายัพ รวมกับทิศเบื้องบน และทิศเบื้องล่าง.
ทศนิยม 0,น.,จำนวนจริงในรูปเลขฐานสิบ โดยกำหนดจุดจุดหนึ่งให้ตัวเลขที่อยู่ข้างหน้าจุดแสดงจำนวนเต็ม ตัวเลขที่อยู่ข้างหลังจุดแสดงจำนวนที่เป็นส่วนของสิบ ร้อย พัน ไปเรื่อย ๆ เช่น ๘๕๖.๑๒๘ ล้านบาท หมายความว่า แปดร้อยห้าสิบหกล้านหนึ่งแสนสองหมื่นแปดพันบาท.
ทศเบญจกูล 0,น.,เครื่องเผ็ดร้อน ๑๐ อย่างตามตำราแพทย์แผนโบราณ.
ทศพร 0,น.,"พร ๑๐ ประการ, ชื่อกัณฑ์ที่ ๑ ของมหาชาติ ว่าด้วยพร ๑๐ ประการ."
ทศพล 0,น.,ผู้มีกำลัง ๑๐ เป็นพระนามของพระพุทธเจ้า.
ทศพิธราชธรรม 0,น.,จริยาวัตรที่พระเจ้าแผ่นดินทรงประพฤติเป็นหลักธรรมประจำพระองค์ หรือคุณธรรมของผู้ปกครองบ้านเมือง มี ๑๐ ประการ ได้แก่ ๑. ทาน-การให้ ๒. ศีล-การรักษากายวาจาให้เรียบร้อย ๓. บริจาค-ความเสียสละ ๔. อาชชวะ-ความซื่อตรง ๕. มัททวะ-ความอ่อนโยน ๖. ตบะ-การข่มกิเลส ๗. อักโกธะ-ความไม่โกรธ ๘. อวิหิงสา-ความไม่เบียดเบียน ๙. ขันติ-ความอดทน ๑๐. อวิโรธนะ-ความไม่คลาดจากธรรม.
ทศม- 0,ว.,ที่ ๑๐ เช่น ทศมสุรทิน = วันที่ ๑๐.
ทศมาส 0,น.,๑๐ เดือน เช่น เมื่อพระนางเธอทรงพระครรภ์ถ้วนทศมาส ปรารถนาจะประพาสชมพระนคร (ม. ร่ายยาว หิมพานต์).
ทศมี 0,ว.,ที่ ๑๐ เช่น ทศมีดิถี = วัน ๑๐ คํ่า.
ทศวรรษ 0,น.,รอบ ๑๐ ปี.
ทศา 0,น.,"ชายผ้า, ชายครุย."
ทศางค์ 0,น.,"มาตราวัดนํ้าฝนเท่ากับ ๑๐ สตางค์ เป็น ๑ ทศางค์, และ ๑๐ ทศางค์ เป็น ๑ นิ้ว."
ทสา 0,น.,"ชายผ้า, ชายครุย."
ทหระ 0,น.,เด็ก.
ทหระ 1,ว.,หนุ่ม.
ทหาร 0,น.,"ผู้มีหน้าที่สู้รบป้องกันประเทศ, นักรบ."
ทหารกองเกิน 0,น.,ผู้ซึ่งมีอายุตั้งแต่สิบแปดปีบริบูรณ์และยังไม่ถึงสามสิบปีบริบูรณ์ ซึ่งได้ลงบัญชีทหารกองเกินเมื่อมีอายุย่างเข้าสิบแปดปี หรือผู้ซึ่งได้ลงบัญชีทหารกองเกินภายหลังอายุย่างเข้าสิบแปดปีแต่ไม่เกินสี่สิบหกปี.
ทหารกองประจำการ 0,น.,"ผู้ซึ่งขึ้นทะเบียนกองประจำการและได้เข้ารับราชการในกองประจำการจนกว่าจะได้ปลด, (ปาก) ทหารเกณฑ์."
ทหารเกณฑ์ 0,น.,ทหารกองประจำการ.
ทหารผ่านศึก 0,น.,ทหารหรือบุคคลซึ่งมีตำแหน่งหน้าที่ในราชการทหาร หรือบุคคลซึ่งทำหน้าที่ทหารตามที่กระทรวงกลาโหมกำหนด และได้กระทำหน้าที่นั้นในการสงครามหรือในการรบไม่ว่าภายในหรือภายนอกราชอาณาจักรหรือในการปราบปรามการจลาจล
ทหารผ่านศึก 1,น.,ทหารหรือบุคคลซึ่งทำการป้องกันหรือปราบปรามการกระทำอันเป็นภัยต่อความมั่นคงหรือความปลอดภัยแห่งราชอาณาจักร ตามที่กระทรวงกลาโหมหรือสำนักนายกรัฐมนตรีกำหนด.
ทหารเลว 0,น.,พลทหาร.
ทอ 0,ก.,พุ่งเส้นด้ายหรือเส้นไหมเป็นต้นให้ขัดกับเส้นยืนในเครื่องทอ เช่น ทอผ้า ทอไหม ทอกระสอบ ทอเสื่อ.
ท่อ 0,น.,สิ่งสำหรับให้สิ่งอื่นมีนํ้าเป็นต้นผ่านไปได้ มักมีลักษณะกลม รูปคล้ายปล่อง เช่น ท่อนํ้า ท่อลม.
ท้อ 0,ก.,ไม่มีกำลังใจจะสู้.
ทอ 1,ก.,"ขวิด, กระทบ, ชน, เช่น วัวควายทอคนตาย."
ท่อ 1,ก.,ตี เช่น ขุนสามชนเจ้าเมืองฉอดมาท่อเมืองตาก (จารึกพ่อขุนรามคำแหง).
ท้อ 1,น.,"ชื่อไม้ต้นชนิด Prunus persica (L.) Batsch ในวงศ์ Rosaceae ผลกินได้, พายัพเรียก หมากม่วน."
ท่อ 2,ก.,"โต้ตอบ เช่น นกท่อเสียงกัน, ประสาน เช่น เคยดัดฤดีตาตื่นตรับ สยงสารสงงคีตขับทรอท่อ (ม. คำหลวง ทานกัณฑ์)."
ท้อ 2,ก.,"กล่าว, โต้, เถียง."
ทอก 0,น.,โบราณเรียกนกยางชนิดหนึ่ง ว่า ยางทอก
ทอก 1,น.,เรียกหมูขนาดใหญ่เขี้ยวตัน ว่า หมูทอก.
ท่อคงคา 0,น.,ส่วนของท่อเหล้าในโรงต้มกลั่น.
ท้อง 0,น.,ส่วนของร่างกายด้านหน้า ตั้งแต่ลิ้นปี่จนถึงบริเวณต้นขา มีสะดืออยู่ตรงกลาง มีกระเพาะและไส้อยู่ภายใน
ท้อง 1,น.,ครรภ์ เช่น น้องร่วมท้อง
ท้อง 2,น.,พื้นที่หรือบริเวณที่กว้างใหญ่ เช่น ท้องนํ้า ท้องฟ้า ท้องทุ่ง ท้องไร่ ท้องนา ท้องถนน
ท้อง 3,น.,ส่วนที่มีลักษณะโค้ง เช่น ท้องแขน ท้องน่อง ท้องเรือ ท้องร่อง.
ท้อง 4,ก.,"มีลูกอยู่ในท้อง, ตั้งครรภ์."
ทอง 0,น.,"ธาตุแท้ชนิดหนึ่งเนื้อแน่นมาก สีเหลืองสุกปลั่ง เป็นโลหะมีค่า, เรียกเต็มว่า ทองคำ, โบราณกำหนดคุณภาพของเนื้อ ตั้งแต่เนื้อสี่ถึงเนื้อเก้า โดยตั้งพิกัดราคาตามเนื้อทอง เช่น ทองเนื้อหก คือ ทองหนัก ๑ บาท ราคา ๖ บาท ทองเนื้อเก้า คือ ทองหนัก ๑ บาท ราคา ๙ บาท. (ประกาศ ร. ๔), ทองเนื้อเก้านี้เป็นทองแท้เป็นทองบริสุทธิ์ เรียกว่า ทองธรรมชาติ ทองเนื้อแท้ ทองนพคุณ หรือบางทีเรียกว่า ทองชมพูนุท เช่น ดังทองชมพูนุทเนื้อเก้า (สังข์ทอง ตอนตีคลี), เรียกสิ่งที่ทำด้วยทองเหลือง ว่า ทอง ก็มี เช่น กระทะทอง หม้อทอง, โดยปริยายหมายถึงสีเหลือง ๆ อย่างสีทอง เช่น เนื้อทอง ผมทอง แสงทอง, ใช้ประกอบสิ่งต่าง ๆ บางอย่างโดยอนุโลมตามลักษณะสี เป็นชื่อเรียกเฉพาะ เช่น ขนมทอง คือขนมชนิดหนึ่ง รูปวงกลม มีนํ้าตาลหยอดข้างบน, ปลาทอง คือปลาชนิดหนึ่ง ตัวสีเหลืองหรือแดงส้ม."
ท่อง 0,ก.,"ยกเท้าก้าวสูง ๆ ไปในที่น้ำท่วมตื้น ๆ ในคำว่า ท่องน้ำ, เที่ยวไป เช่น ท่องยุโรป ท่องราตรี."
ทอง 1,น.,"ชื่อพรรณไม้ ๒ ชนิดในสกุล Butea วงศ์ Leguminosae ชนิด B. monosperma (Lam.) Taub. เป็นไม้ต้น ดอกสีแสด, ทองธรรมชาติ ก็เรียก, พายัพเรียก ทองกวาว, อีสานเรียก จาน, ชนิด B. superba Roxb. เป็นไม้เถา, ทองเครือ หรือ ตานจอมทอง ก็เรียก."
ท่อง 1,ก.,ว่าซ้ำ ๆ ให้จำได้ เช่น ท่องหนังสือ ท่องมนตร์.
ทอง 2,น.,คำนำหน้าชื่อเพลงไทย เช่น ทองย่อน ทองย้อย ทองสระ ทองสม.
ทองกร 0,น.,กำไลมือ.
ทองกวาว 0,น.,ต้นทอง. (ดู ทอง ๒).
ท้องกาง 0,ว.,เรียกท้องที่ขยายออกมากกว่าปรกติเพราะกินเกินขนาด.
ท้องกิ่ว 0,ว.,"หิวจัด, มักใช้เข้าคู่กับคำ ท้องแขวน เป็น ท้องกิ่วท้องแขวน เช่น หิวจนท้องกิ่วท้องแขวน, ไส้กิ่ว ก็ว่า."
ท้องแก่ 0,ว.,มีครรภ์จวนจะครบกำหนดคลอด.
ทองขาว 0,น.,"โลหะสีขาวแกมเทา บุเป็นแผ่นรีดเป็นลวดได้ อาจหมายถึงโลหะนิกเกิล หรือโลหะแพลทินัม ก็ได้ เช่น แลสิ่งของอันมิควรแก่สมณเปนต้น แลทองเหลือง ทองขาว ทองสำฤทธิ แก่ภิกษุสามเณร (สามดวง), แลรูปประพรรณทองขาวทองเหลืองทองแดงตกั่วสำฤท (สามดวง)"
ทองขาว 1,น.,ชื่อเรียกทางการค้าของโลหะเจือทองคำกับโลหะอื่นที่มีสีขาว เช่น เงิน นิกเกิล สังกะสี แพลเลเดียม โดยทั่วไปประกอบด้วย ทองคำร้อยละ ๗๕ เงินร้อยละ ๕ แพลเลเดียมร้อยละ ๒๐ (อ. white gold)
ทองขาว 2,น.,ชื่อเรียกทางการค้าของโลหะนิกเกิล. (ดู นิกเกิล)
ทองขาว 3,น.,ส่วนประกอบส่วนหนึ่งของจานจ่ายไฟในเครื่องยนต์ของรถยนต์ ทำหน้าที่เป็นทางเดินของกระแสไฟฟ้าแรงตํ่า และทำให้กระแสไฟฟ้าแรงตํ่าขาดวงจรเพื่อให้เกิดกระแสไฟฟ้าแรงสูงที่คอยล์ (coil) เป็นผลให้มีประกายไฟฟ้าขึ้นที่ปลายเขี้ยวของหัวเทียนในจังหวะที่ถูกต้อง.
ท้องขาว 0,น.,"เรียกผ้าที่มีส่วนกลางขาว ว่า ผ้าท้องขาว เช่น ผ้าท้องขาวเชิงชายเขียน (พงศ. เลขา), ถ้ามีส่วนกลางเขียว เรียกว่า ผ้าท้องเขียว เช่น ผ้าท้องเขียวชายกรวย (พงศ. เลขา)."
ท้องขาว 1,น.,ชื่อหนูขนาดกลางชนิด Rattus rattus (Linn.) ในวงศ์ Muridae ตัวสีนํ้าตาลอ่อนถึงนํ้าตาลแดง พื้นท้องสีขาว มีเส้นสีนํ้าตาลหรือดำพาดขวางหน้าอก จมูกแหลม ใบหูใหญ่ หางสีดำยาวไล่เลี่ยกับความยาวของส่วนหัวและลำตัว กินเมล็ดพืชและเศษอาหาร มีชุกชุมทั่วทุกภาคของประเทศไทย.
ท้องขึ้น 0,ว.,อาการที่ท้องอืดเพราะลมในกระเพาะอาหารเฟ้อขึ้น
ท้องขึ้น 1,ว.,เรียกปลาจวนจะเน่าว่า ปลาท้องขึ้น
ท้องขึ้น 2,ว.,"เรียกผลไม้บางอย่างที่ช้ำจวนจะเสีย เช่น กล้วยท้องขึ้น คือ กล้วยที่ช้ำจวนจะเสีย, ท้องขึ้นท้องพอง ก็ว่า."
ท้องขึ้นท้องพอง 0,ว.,"เรียกผลไม้บางอย่างที่ชํ้าจวนจะเสีย เช่น กล้วยท้องขึ้นท้องพอง คือกล้วยที่ชํ้าจวนจะเสีย, ท้องขึ้น ก็ว่า."
ท้องแข็ง 0,ว.,"อาการที่หน้าท้องตึงเพราะหัวเราะเต็มที่, ท้องคัดท้องแข็ง ก็ว่า."
ท้องแขน 0,น.,ส่วนของแขนด้านใน.
ท้องแขวน 0,ว.,"หิวจัด, มักใช้เข้าคู่กับคำ ท้องกิ่ว เป็น ท้องกิ่วท้องแขวน เช่น หิวจนท้องกิ่วท้องแขวน, ไส้แขวน ก็ว่า."
ท้องคัดท้องแข็ง 0,ว.,"อาการที่หน้าท้องตึงเพราะหัวเราะเต็มที่, ท้องแข็ง ก็ว่า."
ทองคำ 0,น.,ธาตุลำดับที่ ๗๙ สัญลักษณ์ Au เป็นโลหะ ลักษณะเป็นของแข็งสีเหลือง หลอมละลายที่ ๑๐๖๓ °ซ. เนื้ออ่อนมาก บุให้เป็นแผ่นจนมีความหนาน้อยกว่า ๐.๐๐๐๑ มิลลิเมตรได้ ใช้ทำรูปพรรณต่าง ๆ และทำเงินตรา ปัจจุบันกำหนดความบริสุทธิ์ของทองคำด้วยหน่วยกะรัต โดยกำหนดว่า ทองคำ ๒๔ กะรัตเป็นทองคำบริสุทธิ์ที่สุด.
ทองคำขาว 0,น.,ชื่อเรียกทางการค้าของโลหะแพลทินัม. (ดู แพลทินัม).
ทองคำเปลว 0,น.,ทองคำที่มีเนื้อทองร้อยละ ๙๙.๙๒ และตีแผ่ให้เป็นแผ่นบางที่สุดได้ ๐.๐๑ มิลลิเมตร ตัดใส่แผ่นกระดาษ ใช้สำหรับปิดบนสิ่งที่ลงรักเช่นพระพุทธรูป.
ท้องคุ้ง 0,น.,ส่วนกลางของคุ้งนํ้า.
ทองเค 0,น.,"เรียกทองคำที่มีเกณฑ์สำหรับวัดความบริสุทธิ์เป็นกะรัต ว่า ทองเค, ทอง ๒๔ กะรัต ถือเป็นทองแท้ ถ้ามีกะรัตตํ่าลงมา ก็มีโลหะอื่นเจือมากขึ้นตามส่วน เช่น ทองคำ ๑๔ กะรัต หมายถึงมีเนื้อทอง ๑๔ ส่วน มีโลหะอื่นปน ๑๐ ส่วน, ทองนอก ก็เรียก."
ทองเครือ 0,น.,"ชื่อพรรณไม้ ๒ ชนิดในสกุล Butea วงศ์ Leguminosae ชนิด B. monosperma (Lam.) Taub. เป็นไม้ต้น ดอกสีแสด, ทองธรรมชาติ ก็เรียก, พายัพเรียก ทองกวาว, อีสานเรียก จาน, ชนิด B. superba Roxb. เป็นไม้เถา, ทองเครือ หรือ ตานจอมทอง ก็เรียก."
ทองจังโก 0,น.,"ทองเหลืองที่ตีแผ่เป็นแผ่นบาง ลงรักแล้วปิดทองคำเปลว นิยมใช้หุ้มองค์พระเจดีย์ ป้องกันการผุกร่อน, ทองสักโก ก็ว่า."
ท่องจำ 0,ก.,"ท่องบ่นจนจำได้, ท่องบ่นจนขึ้นใจ."
ท้องฉนวน 0,น.,ทางเดินสำหรับเจ้านายและข้าราชบริพารสตรี ซึ่งกั้นด้วยกำแพงหรือแผง ๒ ข้าง.
ทองชมพูนุท 0,น.,"ทองคำเนื้อเก้า เป็นทองบริสุทธิ์ มีสีเหลืองเข้มออกแดง, ทองเนื้อเก้า ทองธรรมชาติ ทองเนื้อแท้ หรือ ทองนพคุณ ก็เรียก."
ทองชุบ 0,น.,"โลหะชุบทอง, ทองวิทยาศาสตร์ ก็เรียก."
ทองดอกบวบ 0,น.,ทองเนื้อหก มีสีเหลืองอ่อนคล้ายดอกบวบ.
ทองดำ 0,น.,ทองชนิดหนึ่ง โบราณเข้าใจกันว่ามีสีเนื้อดำ นับถือเป็นของวิเศษ.
ทองดำ 1,น.,ดูใน ทอง ๑.
ทองดำ 2,น.,ชื่อมะม่วงพันธุ์หนึ่งของชนิด Mangifera indica L. ผลสีเขียวค่อนข้างดำ.
ทองดำ 3,น.,ชื่อจิ้งหรีดชนิด Gryllus bimaculatus (De Geer) ในวงศ์ Gryllidae ลำตัวยาวประมาณ ๒.๕ เซนติเมตร โดยทั่วไปสีดำตลอดทั้งตัว โคนปีกคู่หน้ามีแต้มสีเหลืองหรือน้ำตาลอ่อน ๒ แต้ม.
ท้องเดิน 0,ว.,อาการที่ถ่ายอุจจาระเหลวมากบ่อย ๆ.
ทองแดง 0,น.,ธาตุลำดับที่ ๒๙ สัญลักษณ์ Cu เป็นโลหะ ลักษณะเป็นของแข็งสีแดง หลอมละลายที่ ๑๐๘๓ °ซ. เนื้ออ่อนบุให้เป็นแผ่นบางและรีดเป็นเส้นลวดได้ง่าย เป็นตัวนำความร้อนและไฟฟ้าได้ดี.
ทองแดง 1,น.,ดูใน ทอง ๑.
ทองแดง 2,น.,ชื่อจิ้งหรีดชนิด Teleogryllus mitratus (Burmeister) ในวงศ์ Gryllidae ตัวยาวประมาณ ๓ เซนติเมตร โดยทั่วไปสีนํ้าตาลทั้งตัว โดยเฉพาะด้านล่างของหัว อก ท้อง และขา ส่วนทางด้านหลังสีนํ้าตาลอมแดง.
ทองแดง 3,น.,สำเนียงของคนภาคใต้ที่พูดภาษากลางเพี้ยนไปจากสำเนียงมาตรฐาน.
ทองแดง 4,น.,คนหรือสัตว์เพศผู้ที่มีอัณฑะเพียงลูกเดียว.
ทองต้นแขน 0,น.,"เครื่องประดับชนิดหนึ่ง สวมรัดต้นแขน, พาหุรัด ก็ว่า."
ทองตรา 0,น.,ทองคำที่ทำรูปลักษณะอย่างเงินพดด้วง มีขนาดต่าง ๆ สำหรับพระราชทานแก่บุคคลเพื่อเป็นที่ระลึกในวาระสำคัญ.
ท้องตรา 0,น.,"หนังสือราชการที่ประทับตราของเจ้ากระทรวง มีไปยังเจ้าเมืองตามหัวเมือง, เดิมเรียกว่า สารตรา."
ท้องตลาด 0,น.,"ตลาดทั่ว ๆ ไป, ที่ชุมนุมเพื่อซื้อขายของต่าง ๆ."
ทองตะกู 0,น.,ทองตะโก.
ทองตะโก 0,น.,"สีทองที่เกิดจากการใช้รงผสมนํ้ามันยางอาบลงบนแผ่นตะกั่ว ถ้าทาลงบนโลหะจะจับแน่นและกันสนิมได้, ทองตะกู หรือ ทองตากู ก็เรียก."
ทองตากู 0,น.,ทองตะโก.
ท้องถิ่น 0,น.,ท้องที่ใดท้องที่หนึ่งโดยเฉพาะ เช่น เวลาท้องถิ่น ประเพณีท้องถิ่น.
ทองทราย 0,น.,ทองที่เป็นเม็ด ๆ อย่างทรายปนอยู่กับทราย.
ทองทราย 1,ว.,มีพื้นทาทองให้เป็นจุด ๆ อย่างเม็ดทราย.
ทองทศ 0,น.,ค่ากำหนดแลกเปลี่ยนของเหรียญทองกระษาปณ์ในสมัยรัชกาลที่ ๔ เท่ากับ ๑ ใน ๑๐ ของชั่ง = ๘ บาท.
ท้องที่ 0,น.,พื้นที่หรือถิ่นที่แห่งใดแห่งหนึ่ง เช่น ท้องที่จังหวัด ท้องที่อำเภอ ท้องที่ที่เกิดเหตุ ท้องที่ที่มีภูมิลำเนา.
ทองทึบ 0,ว.,มีพื้นปิดทองทึบทั้งหมด.
ทองทึบ 1,น.,เรียกหีบศพของหลวงชั้นอนุวงศ์ ว่า หีบทองทึบ.
ท่องเที่ยว 0,ก.,เที่ยวไป.
ทองธรรมชาติ 0,น.,"ทองคำเนื้อเก้า เป็นทองบริสุทธิ์, ทองเนื้อเก้า ทองเนื้อแท้ ทองนพคุณ หรือ ทองชมพูนุท ก็เรียก."
ทองธรรมชาติ 1,น.,"ธาตุแท้ชนิดหนึ่งเนื้อแน่นมาก สีเหลืองสุกปลั่ง เป็นโลหะมีค่า, เรียกเต็มว่า ทองคำ, โบราณกำหนดคุณภาพของเนื้อ ตั้งแต่เนื้อสี่ถึงเนื้อเก้า โดยตั้งพิกัดราคาตามเนื้อทอง เช่น ทองเนื้อหก คือ ทองหนัก ๑ บาท ราคา ๖ บาท ทองเนื้อเก้า คือ ทองหนัก ๑ บาท ราคา ๙ บาท. (ประกาศ ร. ๔), ทองเนื้อเก้านี้เป็นทองแท้เป็นทองบริสุทธิ์ เรียกว่า ทองธรรมชาติ ทองเนื้อแท้ ทองนพคุณ หรือบางทีเรียกว่า ทองชมพูนุท เช่น ดังทองชมพูนุทเนื้อเก้า (สังข์ทอง ตอนตีคลี), เรียกสิ่งที่ทำด้วยทองเหลือง ว่า ทอง ก็มี เช่น กระทะทอง หม้อทอง, โดยปริยายหมายถึงสีเหลือง ๆ อย่างสีทอง เช่น เนื้อทอง ผมทอง แสงทอง, ใช้ประกอบสิ่งต่าง ๆ บางอย่างโดยอนุโลมตามลักษณะสี เป็นชื่อเรียกเฉพาะ เช่น ขนมทอง คือขนมชนิดหนึ่ง รูปวงกลม มีนํ้าตาลหยอดข้างบน, ปลาทอง คือปลาชนิดหนึ่ง ตัวสีเหลืองหรือแดงส้ม."
ทองธรรมชาติ 2,น.,"ชื่อพรรณไม้ ๒ ชนิดในสกุล Butea วงศ์ Leguminosae ชนิด B. monosperma (Lam.) Taub. เป็นไม้ต้น ดอกสีแสด, ทองธรรมชาติ ก็เรียก, พายัพเรียก ทองกวาว, อีสานเรียก จาน, ชนิด B. superba Roxb. เป็นไม้เถา, ทองเครือ หรือ ตานจอมทอง ก็เรียก."
ทองนพคุณ 0,น.,"ทองคำเนื้อเก้า เป็นทองบริสุทธิ์ โบราณกำหนดราคาตามคุณภาพของเนื้อทอง หนัก ๑ บาท เป็นเงิน ๙ บาท เรียกว่า ทองเนื้อเก้า หรือ ทองนพคุณเก้าน้ำ, เรียกสั้น ๆ ว่า ทองนพคุณ, ทองธรรมชาติ ทองเนื้อแท้ หรือ ทองชมพูนุท ก็เรียก."
ทองนพคุณเก้าน้ำ 0,น.,ทองนพคุณ.
ทองนอก 0,น.,ทองเค.
ท้องน่อง 0,น.,ส่วนของขาเบื้องหลัง ด้านตรงกันข้ามกับหน้าแข้ง มีลักษณะโค้งนูน.
ท้องน้อย 0,น.,ส่วนของท้องระหว่างสะดือกับหัวหน่าว.
ทองเนื้อกษัตริย์ 0,น.,ทองคำเนื้อแท้ไม่มีอื่นปน.
ทองเนื้อเก้า 0,น.,"ทองคำบริสุทธิ์ โบราณกำหนดคุณภาพของเนื้อตั้งแต่เนื้อสี่ถึงเนื้อเก้า โดยตั้งพิกัดราคาตามเนื้อทอง คือ ทองหนัก ๑ บาท ราคา ๙ บาท, ทองธรรมชาติ ทองเนื้อแท้ ทองนพคุณ หรือ ทองชมพูนุท ก็เรียก."
ทองเนื้อแท้ 0,น.,"ทองคำเนื้อเก้า เป็นทองบริสุทธิ์, ทองเนื้อเก้า ทองธรรมชาติ ทองนพคุณ หรือ ทองชมพูนุท ก็เรียก."
ทองบรอนซ์ 0,น.,"โลหะเจือชนิดหนึ่ง ส่วนใหญ่ประกอบด้วยทองแดงกับดีบุก, ทองสัมฤทธิ์ หรือ สัมฤทธิ์ ก็เรียก."
ท้องแบน 0,น.,ชื่อเรือชนิดหนึ่งที่ท้องเรือมีลักษณะแบน กินนํ้าตื้น สำหรับลำเลียงทหารหรืออาวุธยุทโธปกรณ์ขึ้นบก.
ทองใบ 0,น.,ทองคำที่มีเนื้อทองร้อยละ ๙๙.๙ และตีแผ่ให้เป็นแผ่นบางที่สุดได้ ๐.๐๓ มิลลิเมตร.
ทองประทากล้อง 0,น.,ทองคำที่ตีแผ่เป็นแผ่น สำหรับบุพระพุทธรูปเป็นต้น.
ทองประทาศี 0,น.,ทองคำเปลว.
ทองปราย 0,น.,ปืนคาบศิลาอย่างโบราณ ลำกล้องทำด้วยทองเหลือง ปากบาน ยิงด้วยกระสุนลูกปราย เช่น ล้วนถือทองปรายทุกคน (รามเกียรติ์ ร. ๑).
ทองปลายแขน 0,น.,เครื่องประดับชนิดหนึ่ง สวมรัดข้อมือ.
ทองปลายแขน 1,น.,ดูใน ทอง ๑.
ทองปลายแขน 2,น.,ชื่อมะม่วงพันธุ์หนึ่งของชนิด Mangifera indica L. ผลยาว ปลายงอ.
ท้องปลิง 0,น.,ชื่อตะไบชนิดหนึ่ง มีรูปเหมือนท้องของปลิง คือข้างหนึ่งโค้ง อีกข้างหนึ่งแบน.
ท้องปลิง 1,ว.,เรียกสิ่งอื่น ๆ ที่มีรูปเหมือนท้องของปลิง เช่น กำไลท้องปลิง.
ท้องปลุ 0,น.,ขนมทองพลุ.
ทองแป 0,น.,เหรียญทองมีลักษณะกลมแบนที่ออกมาใช้เป็นเงินตราในสมัยรัชกาลที่ ๔ ทำด้วยทองคำ มี ๓ ขนาด ราคาแตกต่างกัน คือ ทองทศ ทองทิศ ทองพัดดึงส์.
ท้องผุท้องพัง 0,ว.,เรียกท้องปลาทูเป็นต้นที่ไม่ค่อยสด มีลักษณะแตกโหว่.
ท้องผูก 0,ว.,อาการที่อุจจาระแข็งถ่ายออกลำบาก.
ทองเผือก 0,น.,"ชื่อไม้ต้นหลายชนิดในสกุล Erythrina วงศ์ Leguminosae เช่น ทองหลางนํ้าหรือทองโหลง ( E. fusca Lour.) ทองหลางป่า [ E. subumbrans (Hassk.) Merr.] ทองหลางลายหรือทองเผือก ( E. variegata L.), ดอกออกเป็นช่อสีแดง."
ทองแผ่นเดียวกัน 0,ว.,เกี่ยวดองกันโดยการแต่งงาน.
ทองพระกร 0,น.,กำไลมือ.
ทองพระขุน 0,น.,ขุนเพ็ด.
ท้องพระคลัง 0,น.,สถานที่เก็บพระราชทรัพย์หรือสิ่งของอันมีค่าอื่น ๆ ของพระมหากษัตริย์.
ทองพระบาท 0,น.,กำไลเท้า.
ท้องพระโรง 0,น.,"ห้องโถงขนาดใหญ่ในพระที่นั่ง สำหรับพระมหากษัตริย์เสด็จออกว่าราชการ ออกมหาสมาคม รับแขกเมือง, ห้องโถงซึ่งต่อออกมาจากตำหนักเจ้านายที่เป็นพระราชโอรสที่ทรงกรม และทรงเป็นผู้ปฏิบัติพระกรณียกิจอันสำคัญยิ่ง ใช้สำหรับเสด็จออกให้เฝ้าหรือว่าราชการ."
ทองพลุ 0,น.,"ขนมแป้งทอดชนิดหนึ่ง ทอดเป็นก้อนกลมพอง จิ้มน้ำเชื่อมหรือน้ำผึ้ง หรือผ่าแล้วใส่ไส้, โบราณเรียก ท้องปลุ."
ท้องพลุ 0,น.,"ชื่อปลานํ้าจืดชนิด Machrochirichthys machrochirus Valenciennes ในวงศ์ Cyprinidae รูปร่างคล้ายปลาดาบลาว เว้นแต่มีเส้นข้างตัว อกเชิดขึ้นและต่อเนื่องกับคางซึ่งเงยขึ้นไปอีก ฟันเล็ก ด้านหลังลำตัวสีเขียวอมเหลือง ด้านข้างและท้องสีขาวเงิน พบตามแม่นํ้าและแหล่งนํ้าขนาดใหญ่ทั่วไป ขนาดยาวได้ถึง ๗๐ เซนติเมตร, ดาบ หรือ ฝักพร้า ก็เรียก, ชื่อนี้ยังใช้เรียกปลาแปบบางชนิด. (ดู แปบ ๒)."
ท้องพอง 0,ว.,"ท้องอืด, ใช้เข้าคู่กับคำ ท้องขึ้น เป็น ท้องขึ้นท้องพอง."
ทองพัดดึงส์ 0,น.,ค่ากำหนดแลกเปลี่ยนของเหรียญทองกระษาปณ์ในสมัยรัชกาลที่ ๔ เท่ากับ ๑ ใน ๓๒ ของชั่ง = ๒.๕๐ บาท.
ทองพันชั่ง 0,น.,ชื่อไม้พุ่มชนิด Rhinacanthus nasutus (L.) Kurz ในวงศ์ Acanthaceae ดอกสีขาว ใบและรากใช้ทำยาได้.
ทองพันดุล 0,น.,ชื่อไม้พุ่มชนิด Decaschistia parviflora Kurz ในวงศ์ Malvaceae ดอกสีชมพูอมส้ม.
ทองพิศ 0,น.,ค่ากำหนดแลกเปลี่ยนของเหรียญทองกระษาปณ์ในสมัยรัชกาลที่ ๔ เท่ากับ ๑ ใน ๒๐ ของชั่ง = ๔ บาท.
ท้องเฟ้อ 0,ว.,อาการที่มีแก๊สในกระเพาะอาหารและลำไส้เพราะอาหารไม่ย่อย เมื่อเรอจะมีแก๊สและกลิ่นเหม็น.
ทองภู 0,น.,ต้นไม้ชนิดหนึ่ง ใช้ทำยา.
ทองม้วน 0,น.,"ชื่อขนมชนิดหนึ่ง ทำด้วยแป้งประสมกับกะทิและไข่ เทราดลงในพิมพ์ซึ่งมักมีลักษณะกลมให้เป็นแผ่นบาง ๆ ผิงไฟให้สุกแล้วม้วนเป็นหลอด, ถ้าพับเป็นชิ้น เรียก ทองพับ, มีทั้งอย่างรสเค็มและรสหวาน."
ท้องมาน 0,น.,ชื่อโรคจำพวกหนึ่งที่มีสารน้ำอยู่ในท้องมาก ทำให้ท้องโตอย่างหญิงมีครรภ์ มักมีสาเหตุมาจากโรคตับ.
ท้องมือ 0,น.,ส่วนข้างของฝ่ามือด้านนิ้วก้อย ตั้งแต่โคนนิ้วก้อยถึงข้อมือ.
ท้องไม้ 0,น.,ส่วนกลางของฐานที่เป็นหน้าราบระหว่างบัวคว่ำกับบัวหงาย.
ทองไม่รู้ร้อน 0,ว.,"เฉยเมย, ไม่สะดุ้งสะเทือน."
ทองย้อย 0,น.,ชื่อทุเรียนพันธุ์หนึ่ง.
ท้องยุ้งพุงกระสอบ 0,น.,คนกินจุผิดปรกติ.
ท้องยุ้งพุงกระสอบ 1,ว.,ที่กินจุผิดปรกติ.
ท้องร่วง 0,ว.,อาการที่ท้องเดินอย่างแรง.
ท้องร่อง 0,น.,ทางน้ำที่เป็นทางยาวระหว่างสันดินของร่องสวนร่องผัก เพื่อขังน้ำไว้รดต้นพืช.
ทองระอา 0,น.,"ไม้เหลาอย่างรูปของลับชายขนาดต่าง ๆ ใช้เป็นของแก้บนตามศาลเจ้าแม่, ขุนเพ็ด ปลัดขิก หรือ ดอกไม้เจ้า ก็เรียก."
ทองรูปพรรณ 0,น.,ทองคำที่ทำสำเร็จเป็นเครื่องประดับและของใช้ต่าง ๆ.
ท้องเรื่อง 0,น.,เนื้อเรื่องที่ดำเนินไปตั้งแต่ต้นจนจบ.
ท้องลาน 0,น.,หน้าใบลาน.
ท้องลาน 1,ว.,มีรูปแบน ๆ เหมือนหน้าใบลาน อย่างรูปคันกระสุนด้านในที่เหลาแบน ๆ.
ทองลิน 0,น.,"ชื่อปลาน้ำจืดบางชนิดในสกุล Osteochilus และ Dangila วงศ์ Cyprinidae ที่มีจุดสีเข้มบนเกล็ด ทำให้เห็นเป็นแถวของจุดเรียงตามยาวอยู่ข้างตัวหลายแถว เหนือครีบอกหรือที่คอดหางมีแต้มหรือจุดสีดำใหญ่ โดยเฉพาะที่พบทั่วไปคือ ชนิด O. hasselti (Valenciennes) ที่ส่วนหลังมีสีเขียวหรือฟ้าเทา ด้านข้างสีนวลและท้องเป็นสีขาวเงิน และมีกลุ่มจุดสีแดงกระจายอยู่เหนือครีบอก ครีบต่าง ๆ ยกเว้นครีบอกมีสีแดงหรืออมแดง ในบางท้องที่ปลาชนิดนี้จะมีสีดังกล่าวจางมาก ขนาดยาวได้ถึง ๓๐ เซนติเมตร, ขี้ขม นกเขา ทองลิน หรือ ตูโบ ก็เรียก."
ท้องเล็น 0,ว.,เรียกข้าวสารที่หุงยังไม่สุกดี ยังมีแกนเมล็ดข้าวเหลืออยู่บ้าง ว่า ข้าวท้องเล็น.
ท้องเลว 0,ว.,"โซ, อดอยาก, เช่น ชะรอยผีท้องเลวในเหวถํ้า (ไกรทอง)."
ทองแล่ง 0,น.,ทองคำที่เอามาแผ่เป็นแผ่นบาง ๆ แล้วแล่งหรือตัดออกเป็นเส้นบาง ๆ ใช้สำหรับปักหรือทอผ้ายกทอง.
ทองวิทยาศาสตร์ 0,น.,"โลหะชุบทอง, ทองชุบ ก็เรียก."
ทองสักโก 0,น.,"ทองเหลืองที่ตีแผ่เป็นแผ่นบาง ลงรักแล้วปิดทองคำเปลว นิยมใช้หุ้มองค์พระเจดีย์ ป้องกันการผุกร่อน, ทองสักโก ก็ว่า."
ทองสัมฤทธิ์ 0,น.,"โลหะเจือชนิดหนึ่ง ส่วนใหญ่ประกอบด้วยทองแดงกับดีบุก, สัมฤทธิ์ หรือ ทองบรอนซ์ ก็เรียก."
ท้องสาว 0,น.,ท้องลูกคนแรก.
ท้องสำนวน 0,น.,เนื้อหาของเรื่อง.
ท่องสื่อ 0,น.,ตำแหน่งล่ามจีนครั้งโบราณ เช่น ขุนพจนาพิจิตร ท่องสื่อใหญ่ (พงศ. ร. ๓).
ท้องเสีย 0,ว.,อาการที่ถ่ายอุจจาระบ่อยกว่าปรกติหรือถ่ายกะปริบกะปรอย.
ทองหมั้น 0,น.,ทองคำที่ฝ่ายชายมอบให้ไว้แก่ฝ่ายหญิง แสดงความมั่นหมายว่าจะแต่งงานด้วย.
ท้องหมา 0,น.,"หน้าท้องแฟบ, เรียกครรภ์ของหญิงที่มีลักษณะเล็ก."
ท้องหมู 0,น.,"หน้าท้องมีไขมันมากอย่างท้องคนอ้วน, เรียกครรภ์ของหญิงที่มีลักษณะใหญ่ผิดปรกติ."
ทองหยอง 0,น.,ทองรูปพรรณ.
ทองหยอด 0,น.,"ชื่อขนมชนิดหนึ่ง ทำด้วยไข่แดงประสมแป้งเล็กน้อย หยอดเป็นลูกกลม ๆ อย่างหยดนํ้าในนํ้าเชื่อมเดือด ๆ, ลักษณนามว่า ลูก."
ทองหยิบ 0,น.,"ชื่อขนมชนิดหนึ่ง ทำด้วยไข่แดงตีให้ขึ้นเล็กน้อย หยอดเป็นแผ่นเล็ก ๆ ในนํ้าเชื่อมร้อน ๆ ตั้งไฟให้สุก แล้วช้อนออกมาหยิบเป็นกลีบ ๆ ๕ หรือ ๗ หยิบ ใส่ถ้วยตะไลทิ้งไว้ให้คงรูป, ลักษณนามว่า ดอก."
ทองหลาง 0,น.,"ชื่อไม้ต้นหลายชนิดในสกุล Erythrina วงศ์ Leguminosae เช่น ทองหลางนํ้าหรือทองโหลง ( E. fusca Lour.) ทองหลางป่า [ E. subumbrans (Hassk.) Merr.] ทองหลางลายหรือทองเผือก ( E. variegata L.), ดอกออกเป็นช่อสีแดง."
ทองเหลือง 0,น.,โลหะเจือชนิดหนึ่ง ประกอบด้วยทองแดงและสังกะสี ลักษณะเป็นโลหะสีเหลือง.
ท้องแห้ง 0,ก.,"ฝืดเคือง, อด."
ทองโหลง 0,น.,"ชื่อไม้ต้นหลายชนิดในสกุล Erythrina วงศ์ Leguminosae เช่น ทองหลางนํ้าหรือทองโหลง ( E. fusca Lour.) ทองหลางป่า [ E. subumbrans (Hassk.) Merr.] ทองหลางลายหรือทองเผือก ( E. variegata L.), ดอกออกเป็นช่อสีแดง."
ทองอังกฤษ 0,น.,เรียกโลหะชนิดหนึ่งเป็นแผ่นบาง ๆ สีคล้ายทองคำหรือสีอื่น ๆ ก็มี ใช้สลักหรือปรุเป็นลายประดับเครื่องศพเป็นต้น.
ท้องอัสดงคต 0,น.,"ลวดบัวประกอบฐานผนังโบสถ์ หัวท้ายงอนขึ้น อ่อนลงตรงกลาง, ตกท้องช้าง หรือ ตกท้องสะเภา ก็เรียก."
ท้องอืด 0,ว.,อาการที่รู้สึกอึดอัด เพราะมีแก๊สเกิดขึ้นจากการหมักหมมของอาหารในกระเพาะอาหารและลำไส้ เนื่องจากอาหารไม่ย่อยตามปรกติ.
ทองอุไร 0,น.,"ชื่อไม้พุ่มชนิด Tecoma stans (L.) Kunth ในวงศ์ Bignoniaceae ขอบใบหยัก ดอกสีเหลืองสด รูปแตร, พวงอุไร ก็เรียก."
ทองเอก 0,น.,ชื่อขนมชนิดหนึ่ง เคี่ยวน้ำกะทิกับน้ำตาลจนเหนียว ทิ้งไว้ให้เย็นแล้วใส่ไข่แดง แป้งสาลี ตั้งไฟกวนจนแป้งร่อน อัดใส่พิมพ์เป็นรูปต่าง ๆ แต่งหน้าด้วยทองคำเปลวแผ่นเล็ก ๆ.
ท้อใจ 0,ก.,ไม่มีกำลังใจจะสู้.
ทอด 0,ก.,ทำให้สุกด้วยนํ้ามันที่เดือด เช่น ทอดปลา ทอดเนื้อ.
ทอด 1,ว.,เรียกสิ่งที่ทำให้สุกเช่นนั้น เช่น ปลาทอด เนื้อทอด.
ทอด 2,ก.,"ทิ้ง เช่น มันทำชู้แล้วมันทอดหญิงนั้นเสีย (สามดวง), ปล่อย, วาง, เช่น ทอดธุระ ทอดทุ่น ทอดพระราชอาสน์"
ทอด 3,ก.,"ปล่อยลง, ทิ้งลง, เช่น ทอดหมากเก็บ ทอดลูกเต๋า"
ทอด 4,ก.,เหยียดยาวออกไป เช่น ทอดแขน ทอดขา
ทอด 5,ก.,พาดจากจุดหนึ่งไปยังอีกจุดหนึ่ง เช่น ทอดไม้หมากทำเป็นสะพานข้ามคู
ทอด 6,ก.,ลักษณนามเรียกระยะจากจุดหนึ่งถึงอีกจุดหนึ่งหรือจากเวลาหนึ่งถึงอีกเวลาหนึ่ง เช่น ขึ้นรถ ๒ ทอด นอนทอดเดียวตลอดคืน.
ทอดกฐิน 0,ก.,ทำพิธีถวายผ้ากฐินแก่พระสงฆ์.
ทอดโกลน 0,น.,เอาไม้ท่อนกลม ๆ วางเป็นระยะเพื่อลากของที่หนักมาบนนั้น.
ทอดข้าว 0,ก.,"จัดหาข้าวปลาอาหารมาเลี้ยงดู, ทอดสำรับ หรือ ทอดสำรับกับข้าว ก็เรียก."
ทอดตัว 0,ก.,เอนตัวลงนอน.
ทอดตา 0,ก.,"แลไป, มองดูในระยะไกล."
ทอดทฤษฎี 0,ก.,"มองไปรอบ ๆ, ตั้งใจดู, เช่น เวลาท่านทอดทฤษฎี (เสือโค)."
ทอดทิ้ง 0,ก.,"ละเลย, ทิ้งขว้าง, ไม่เอาเป็นธุระ, ไม่เอาใจใส่, ไม่นำพา."
ทอดที่ 0,ก.,จัดที่นั่งที่นอน เช่น ทอดที่พระราชอาสน์.
ทอดน่อง 0,ว.,อาการที่เดินช้า ๆ ตามสบาย.
ทอดน้ำ 0,ก.,วางนํ้าให้สัตว์เช่นช้างม้าเป็นต้นกิน.
ทอดผ้า 0,ก.,วางผ้าไตร สบง หรือจีวรไว้บนด้ายสายสิญจน์หรือภูษาโยง เพื่อให้พระภิกษุชักบังสุกุล.
ทอดผ้าป่า 0,ก.,"เอาผ้าถวายพระภิกษุโดยวางไว้บนกิ่งไม้เพื่อให้พระภิกษุชักเอาเอง, โดยปริยายหมายถึงอาการที่วางไว้อย่างนั้น เช่น ทอดผ้าป่าเรียงวางไว้กลางสนาม (อภัย)."
ทอดพระที่ 0,ก.,จัดที่บรรทม (ใช้แก่เจ้านาย).
ทอดพระเนตร 0,ก.,ดู.
ทอดมัน 0,น.,ของกินชนิดหนึ่ง เอาปลาหรือกุ้งผสมกับนํ้าพริกแกง โขลกให้เข้ากันจนเหนียวแล้วทอดในนํ้ามัน.
ทอดยอด 0,ก.,เลื้อยไป (ใช้แก่ยอดไม้เลื้อย).
ทอดยอด 1,น.,คำสุภาพของผักบุ้ง เรียกว่า ผักทอดยอด.
ทอดรวง 0,ก.,ออกรวง (ใช้แก่ต้นข้าว).
ทอดสกา 0,ก.,เทลูกเต๋าลงในเติ่ง.
ทอดสนิท 0,ก.,"ผูกไมตรี, สร้างความสัมพันธ์, เช่น ซื้อของมาฝากบ่อย ๆ เพื่อทอดสนิทให้เขารัก."
ทอดสมอ 0,ก.,ทิ้งสมอลงไปในนํ้าเพื่อให้เรือจอดอยู่กับที่.
ทอดสะพาน 0,ก.,แสดงกิริยาท่าทางเป็นทำนองอยากติดต่อด้วย
ทอดสะพาน 1,ก.,ใช้ผู้อื่นเป็นสื่อเข้าไปติดต่อทำความสนิทสนมกับผู้ที่ตนต้องการคุ้นเคย.
ทอดสายตา 0,ก.,มองด้วยอาการสำรวม
ทอดสายตา 1,ก.,ใช้สายตาเป็นสื่อ.
ทอดสำรับ 0,ก.,"จัดหาข้าวปลาอาหารมาเลี้ยงดู, ทอดข้าว ก็เรียก."
ทอดสำรับกับข้าว 0,ก.,"จัดหาข้าวปลาอาหารมาเลี้ยงดู, ทอดข้าว ก็เรียก."
ทอดเสียง 0,ก.,เอื้อนเสียงให้ยาวกว่าปรกติ.
ทอดหญ้า 0,ก.,วางหญ้าให้สัตว์เช่นช้างม้าเป็นต้นกิน.
ทอดหุ่ย 0,ว.,"อาการที่ไม่เอาธุระปล่อยให้เป็นไปตามเรื่องตามราว, อาการที่ปล่อยอารมณ์ตามสบาย, มักใช้ประกอบคำ นอน ว่า นอนทอดหุ่ย."
ทอดแห 0,ก.,เหวี่ยงแหให้แผ่กว้างออกไปเพื่อจับปลาเป็นต้น.
ทอดอาลัย 0,ก.,ปล่อยไปตามบุญตามกรรมทั้ง ๆ ที่ยังมีใจผูกพันหรือมีความเสียดายอยู่.
ท่อถ้อย 0,น.,คำโต้.
ท่อถ้อย 1,ก.,"กล่าวโต้, กล่าวประชัน, ใช้ว่า ถ้อถ้อย หรือ ท้อถ้อย ก็มี."
ท้อถอย 0,ก.,มีความพยายามลดน้อยถอยลง.
ท้อถ้อย 0,น.,คำโต้.
ท้อถ้อย 1,ก.,"กล่าวโต้, กล่าวประชัน, ใช้ว่า ถ้อถ้อย หรือ ท่อถ้อย ก็มี."
ท้อแท้ 0,ก.,อ่อนเปลี้ยเพลียใจ.
ทอน 0,ก.,"ตัดหรือฟันให้เป็นท่อน ๆ เช่น ทอนฟืน, ทำให้ลดลงหรือให้สั้นลง เช่น ทอนกำลัง ทอนอายุ, รอน ก็ว่า"
ทอน 1,ก.,หักจำนวนเงินตามราคาแล้วคืนส่วนที่เหลือไป เช่น ทอนเงิน ทอนสตางค์.
ท่อน 0,น.,"ส่วนที่ตัดหรือทอนออกเป็นตอน ๆ เช่น ท่อนหัว ท่อนกลาง ท่อนหาง, ส่วนหนึ่งของเพลงซึ่งมีความสมบูรณ์ในตัวเอง จะเป็นทำนองหรือบทร้องก็ได้ จะเป็นท่อนสั้นหรือท่อนยาวก็ได้ เพลงหนึ่งอาจมีท่อนเดียวหรือหลายท่อนก็ได้"
ท่อน 1,น.,ลักษณนามเรียกสิ่งที่ตัดแบ่งหรือทอนออกเป็นท่อน ๆ เช่น ฟืนท่อนหนึ่ง ฟืน ๒ ท่อน เพลง ๓ ท่อน.
ทอนซิล 0,น.,ปุ่มเนื้อเยื่อนํ้าเหลือง อยู่ในบริเวณลำคอข้างละปุ่ม มีหน้าที่ช่วยป้องกันการแผ่กระจายของแบคทีเรียที่เข้าสู่ร่างกายผ่านทางลำคอ.
ทอฟฟี่ 0,น.,ของหวานแบบฝรั่ง ใช้อม ทำด้วยนํ้าตาลกวนกับนมหรือเนยเป็นต้น มักปั้นเป็นก้อนห่อกระดาษแก้วบิดหัวท้าย.
ท่อม ๆ 0,ว.,อาการที่เดินก้ม ๆ เงย ๆ ไปเรื่อย ๆ มักไม่มีจุดหมาย.
ทอย 0,ก.,"โยนให้เรียดหรือเรี่ยดินไปให้ถูกเป้าหรือไปยังตำแหน่งที่ต้องการ เช่น ทอยเบี้ยในการเล่นทอยกอง ทอยเบี้ยเล่นต้องเต, ปาให้ถูกเป้า เช่น ทอยลูกข่าง."
ทอย 1,ก.,กิริยาที่ตอกลูกประสักหรือตะปูเป็นต้นให้หลุดออกมาจากที่เดิม.
ทอย 2,น.,"เรียกไม้แหลมสำหรับตอกต้นไม้เป็นระยะ ๆ เพื่อเหยียบขึ้นไป ว่า ลูกทอย, เรียกกิริยาที่ตอกลูกทอยอย่างนั้น ว่า ตอกทอย."
ทอย ๆ 0,ว.,ทยอยติด ๆ กันไปไม่ขาดระยะ เช่น เดินทอย ๆ กันเข้าไป.
ทอยกอง 0,น.,ชื่อการเล่นพนันอย่างหนึ่ง ใช้สตางค์หรือสิ่งอื่นตั้งซ้อน ๆ กันแล้วทอยให้ล้ม.
ทอร์นาโด 0,น.,"ชื่อพายุประจำถิ่นชนิดหนึ่ง มีความรุนแรงมาก มีขนาดเส้นผ่าศูนย์กลาง ๒-๓ กิโลเมตร บริเวณศูนย์กลางพายุมีความกดอากาศต่ำมาก จึงทำให้อากาศรอบนอกที่พัดเข้าหาศูนย์กลางพายุมีความเร็วสูงมาก เมื่อเริ่มเกิดเมฆจะม้วนตัวเป็นรูปกรวยหรืองวงยื่นออกมาจากฐานเมฆ ส่วนมากเกิดในบริเวณตอนกลางของสหรัฐอเมริกาและทางตะวันตกของออสเตรเลีย, ลมงวง หรือ ลมงวงช้าง ก็เรียก."
ทอเรียม 0,น.,ธาตุลำดับที่ ๙๐ สัญลักษณ์ Th เป็นโลหะ ลักษณะเป็นของแข็ง สีเทาเข้ม หลอมละลายที่ ๑๗๕๐ ° ซ. เป็นธาตุกัมมันตรังสี ใช้ประโยชน์นำไปผสมกับโลหะอื่นให้เป็นโลหะเจือ.
ท่อลม 0,น.,ทางเดินอากาศหายใจส่วนล่างที่อยู่ระหว่างกล่องเสียงกับหลอดลม.
ทอแสง 0,ก.,ฉายแสงอ่อน ๆ ขึ้นมา เช่น ตะวันทอแสง.
ทอหูก 0,ก.,ทอผ้าด้วยหูก.
ท่อไอเสีย 0,น.,ท่อที่ต่อจากห้องเผาไหม้ของเครื่องยนต์ เพื่อระบายแก๊สและช่วยลดเสียงระเบิดที่เกิดจากการเผาไหม้.
ทะ 0,*ว.,คำใช้นำหน้าคำที่ขึ้นต้นด้วยตัว ท ในบทกลอน มีความแปลอย่างเดียวกับคำเดิมนั้น เช่น ทะท่าว ทะทึก.
ทะ 1,ก.,ปะทะ เช่น ของ้าวทบประทะกัน (ตะเลงพ่าย).
ทะงัน 0,ว.,"ตระหง่าน, กว้างใหญ่, สูงใหญ่."
ทะทัด 0,ก.,สะบัด.
ทะทา 0,น.,นกกระทา.
ทะทาย 0,ก.,"จับ, ถือ."
ทะท่าว 0,ก.,"ล้ม, ทบ, ซํ้า, ยอบ, เติม."
ทะท่าว 1,ก.,"ล้ม, ทบ, ยอบลง, เช่น ก็กรลับกรลอกแทง ทีเดียวก็ท่าวล้มในกลางแปลง (อนิรุทธ์), ซ้ำ เช่น ก้มเกล้าท่าวทวน ทำนูญบำบวงสรวลเสร (อนิรุทธ์)"
ทะท่าว 2,ก.,เดิน
ทะท่าว 3,ก.,ทอดทิ้ง.
ทะท้าว 0,ว.,อาการที่ตัวสั่นเทา ๆ.
ทะทึก 0,ว.,อาการที่ใจเต้นตึก ๆ.
ทะเทียด 0,น.,กลองของแขกแบบหนึ่ง มี ๒ หน้า หน้าหนึ่งใช้มือซ้ายตี อีกหน้าหนึ่งใช้ไม้มีรูปงอตี.
ทะนง 0,ก.,"ถือตัว, หยิ่งในเกียรติของตัว, ใช้ว่า ทระนง ก็มี."
ทะนงตัว 0,ก.,ถือดีในตัวของตัว.
ทะนงศักดิ์ 0,ก.,ถือดีในอำนาจของตัว.
ทะนน 0,น.,"เรียกหม้อดินขนาดใหญ่ชนิดหนึ่ง ตัวหม้อกลมป้อม ปากแคบ มีขีดเป็นรอยโดยรอบ สำหรับใส่นํ้า นํ้าตาลโตนดเป็นต้น ว่า หม้อทะนน, (ปาก) คะนน."
ทะนะ 0,ว.,"คำละมาจากคำว่า เทอญนะ เทอญนา เถิดนะ หรือ เถิดนา, มักใช้ในความชักชวน เช่น ไปทะนะ."
ทะนา 0,ว.,"คำละมาจากคำว่า เทอญนะ เทอญนา เถิดนะ หรือ เถิดนา, มักใช้ในความชักชวน เช่น ไปทะนะ."
ทะนาน 0,น.,เครื่องตวงอย่างหนึ่งทำด้วยกะโหลกมะพร้าว ด้านที่มีตา โดยตัดด้านตรงข้ามออก หรือทำด้วยทองเหลืองเป็นต้น โบราณใช้ตวงสิ่งของต่าง ๆ เช่น งา ข้าวเปลือก น้ำมัน
ทะนาน 1,น.,"ชื่อหน่วยในมาตราตวงโบราณ ๒๐ ทะนาน เป็น ๑ ถัง, ชื่อหน่วยในมาตราตวงของไทยโบราณเท่ากับ ๘ ฟายมือ."
ทะนานหลวง 0,น.,"ชื่อหน่วยในมาตราตวง มีอัตราเท่ากับ ๑ ลิตร, อักษรย่อว่า ท."
ทะนุ 0,ก.,อุดหนุน (มักใช้ควบกับคำอื่น).
ทะนุก 0,ก.,อุดหนุน (มักใช้ควบกับคำอื่น).
ทะนุกถนอม 0,ก.,"คอยระวังรักษา, คอยประคับประคอง."
ทะนุถนอม 0,ก.,"คอยระวังรักษา, คอยประคับประคอง."
ทะนุบำรุง 0,ก.,เอาใจใส่ดูแลเลี้ยงดู เช่น ทะนุบำรุงบิดามารดา ทะนุบำรุงบุตรธิดา
ทะนุบำรุง 1,ก.,"ซ่อมแซมรักษา, อุดหนุนให้เจริญขึ้น, เช่น ทะนุบำรุงวัด"
ทะนุบำรุง 2,ก.,ธำรงรักษาไว้ เช่น ทะนุบำรุงศาสนา ทะนุบำรุงบ้านเมือง
ทะนุบำรุง 3,ก.,ทำนุบำรุง ก็ว่า.
ทะบู 0,น.,"ป้อม, หอรบ."
ทะเบียน 0,น.,บัญชีจดลักษณะจำนวนคน จำนวนสัตว์ หรือจำนวนสิ่งของ ตลอดจนการงานต่าง ๆ ที่รัฐบันทึกไว้เป็นหลักฐานเกี่ยวกับประชาชนพลเมือง.
ทะเบียนบ้าน 0,น.,ทะเบียนประจำบ้านแต่ละบ้านซึ่งแสดงเลขประจำบ้านและรายการของคนทั้งหมดผู้อยู่ในบ้าน.
ทะเบียนสำมะโนครัว 0,น.,การเก็บรวบรวมข้อมูลเกี่ยวกับจำนวนราษฎรในแต่ละครัวเรือน.
ทะมัดทะแมง 0,ว.,"คล่องแคล่ว, กระฉับกระเฉง, ไม่เก้งก้าง, เช่น ทำงานทะมัดทะแมง ท่าทางทะมัดทะแมง"
ทะมัดทะแมง 1,ว.,"รัดกุม เช่น แต่งตัวทะมัดทะแมง, ถะมัดถะแมง ก็ว่า."
ทะมึน 0,ว.,มีลักษณะดำมืดสูงใหญ่น่าเกรงขาม
ทะมึน 1,ว.,กระมึน ตระมึน หรือ ตระมื่น.
ทะมื่น 0,ว.,มีลักษณะดำมืดสูงใหญ่น่าเกรงขาม
ทะมื่น 1,ว.,กระมึน ตระมึน หรือ ตระมื่น.
ทะแม่ง 0,ว.,มีกลิ่นหรือรสผิดปรกติ เช่น น้ำหอมขวดนี้กลิ่นทะแม่ง แกงถ้วยนี้รสทะแม่ง ๆ
ทะแม่ง 1,ว.,มีลักษณะลับลมคมในหรือมีอะไรเคลือบแฝงอยู่ทำให้น่าสงสัย.
ทะแม่ง ๆ 0,ว.,มีกลิ่นหรือรสผิดปรกติ เช่น น้ำหอมขวดนี้กลิ่นทะแม่ง แกงถ้วยนี้รสทะแม่ง ๆ
ทะแม่ง ๆ 1,ว.,มีลักษณะลับลมคมในหรือมีอะไรเคลือบแฝงอยู่ทำให้น่าสงสัย.
ทะยาทะแย 0,ก.,"เอาใจใส่, สนใจ, แยแส, เช่น แก้สาดเสียสิ้นกินแต่ของ อันใบตองหาทะยาทะแยไม่ (ขุนช้างขุนแผน), เมื่อนั้นรจนาไม่ทะยาทะแยแส คิดว่าเงาะลูบหลังทำรังแก ไม่เหลียวแลร้องอึงคะนึงไป (สังข์ทอง)."
ทะยาทะแยแส 0,ก.,"เอาใจใส่, สนใจ, แยแส, เช่น แก้สาดเสียสิ้นกินแต่ของ อันใบตองหาทะยาทะแยไม่ (ขุนช้างขุนแผน), เมื่อนั้นรจนาไม่ทะยาทะแยแส คิดว่าเงาะลูบหลังทำรังแก ไม่เหลียวแลร้องอึงคะนึงไป (สังข์ทอง)."
ทะยาน 0,ก.,"พุ่งขึ้นไป เช่น เครื่องบินทะยานขึ้นสู่ฟ้า, โผนเข้าใส่ เช่น ทะยานเข้าสู้."
ทะยานใจ 0,ก.,"ย่ามใจ, เหิมใจ."
ทะยานอยาก 0,ก.,อยากได้หรืออยากมีอยากเป็นยิ่ง ๆ ขึ้น.
ทะเยอทะยาน 0,ก.,อยากมีฐานะหรือภาวะสูงกว่าดีกว่าที่เป็นอยู่.
ทะแย 0,น.,ชื่อเพลงไทย อัตรา ๒ ชั้น สมัยอยุธยา หน้าทับปรบไก่ มี ๒ ท่อน ที่เป็นอัตรา ๓ ชั้น นิยมทำเป็นเพลงเดี่ยว
ทะแย 1,น.,ชื่อเพลงไทยประเภทเพลงเถา
ทะแย 2,น.,ชื่อเพลงไทยประเภทเพลงตับ เช่น มโหรีตับทะแย.
ทะแยกลองโยน 0,น.,"ชื่อเพลงไทยประเภทเพลงหน้าพาทย์ ใช้ทำนองเพลงทะแย อัตรา ๒ ชั้น มาบรรเลง และตีกลองสองหน้า หน้าทับกลองโยน เลียนวิธีการตีกลองชนะในกระบวนแห่ในการเสด็จพระราชดำเนินโดยกระบวนพยุหยาตราสถลมารค ปี่ชวามักเป่าเพลงทะแยกลองโยนเข้ากับกลองชนะในกระบวนเสด็จ, ในการเทศน์มหาชาติใช้บรรเลงเป็นเพลงประจำกัณฑ์นครกัณฑ์, เรียกสั้น ๆ ว่า กลองโยน."
ทะร่อท่อแร่ 0,ก.,เข้าไปทั้ง ๆ ที่ไม่มีหน้าที่.
ทะร่อทะแร่ 0,ก.,เข้าไปทั้ง ๆ ที่ไม่มีหน้าที่.
ทะลวง 0,ก.,"ทำให้เป็นช่องทะลุ เช่น ทะลวงปล้องไม้ไผ่, ทำให้เป็นทางหรือเป็นช่องทะลุเข้าไป เช่น ทะลวงฟัน บุกทะลวง."
ทะลอก 0,น.,"ชื่อไม้ต้นขนาดใหญ่ชนิด Parinari anamense Hance ในวงศ์ Chrysobalanaceae ไม้ใช้ทำเครื่องบนและเครื่องล่างของเรือน เมล็ดให้นํ้ามันใช้ทากันนํ้าซึมและผสมยางรักทำเครื่องเขิน, มะพอก ก็เรียก."
ทะลัก 0,ก.,"อาการที่สิ่งที่แออัดกันอยู่หรือถูกกีดกั้นผลุดหรือหลุดออกมาโดยแรง เมื่อสิ่งกีดกั้นแตกหรือพังทลายลง เช่น ถูกแทงไส้ทะลัก น้ำทะลักออกจากเขื่อน, โดยปริยายหมายถึงอาการที่คล้ายคลึงเช่นนั้น เช่น สินค้าที่กักตุนทะลักออกมา."
ทะลักทะแลง 0,ก.,"ลักลั่นกัน, ไม่เป็นระเบียบ."
ทะลาย 0,น.,"ช่อผลของหมากหรือมะพร้าวที่ออกเป็นกลุ่มรวมกัน เช่น ทะลายหมาก ทะลายมะพร้าว, อัน ก็เรียก, ลักษณนามเรียกสิ่งที่มีลักษณะเช่นนั้น เช่น หมากทะลายหนึ่ง มะพร้าว ๒ ทะลาย."
ทะลิ่น 0,ก.,"ทะเล้น, หน้าเป็น."
ทะลิ่นชระลั่ง 0,ก.,"ประมาท, โบราณเขียนเป็น ทลีนชรล่งง เช่น อมฺมตาต อปฺปมตฺตา ภเวยฺยาถาติ โอวทิตฺวา ดูกรสองเจ้าจงสองเจ้าอย่าได้ทลีนชรล่งงค่อยน่งงเฝ้าพระบาท อย่าได้คลาศพระองค์พระพ่อเลอย (ม. คำหลวง กุมาร)."
ทะลึ่ง 0,ก.,"ถีบตัวพรวดขึ้นมา เช่น ทะลึ่งขึ้นจากนํ้า, (ปาก) เติบโตขึ้นอย่างรวดเร็วผิดหูผิดตา เช่น ต้นไม้ได้ฝนดีทะลึ่งขึ้นจนพ้นรั้ว เด็ก ๆ เติบโตไว หลานสาวของฉันปีนี้ทะลึ่งขึ้นจนผิดตา"
ทะลึ่ง 1,ก.,แสดงกิริยาหรือวาจาไม่สมควร ไม่รู้จักที่ตํ่าสูง เช่น อย่าทะลึ่งกับผู้ใหญ่
ทะลึ่ง 2,ก.,ให้ทำอย่างหนึ่งแต่กลับไปทำอีกอย่างหนึ่ง เช่น ใช้ให้ไปซื้อของทะลึ่งไปว่ายน้ำเสียนี่.
ทะลึ่งตึงตัง 0,ก.,มีกิริยามารยาทไม่เรียบร้อย ส่งเสียงเอะอะ.
ทะลุ 0,ก.,เกิดเป็นรูหรือทำให้เป็นรูถึงอีกข้างหนึ่ง.
ทะลุ 1,ว.,ที่เป็นรู เช่น หม้อทะลุ.
ทะลุกลางปล้อง 0,ก.,พูดสอดขึ้นมาในเวลาที่เขากำลังพูดกันอยู่.
ทะลุดทะลาด 0,ว.,"ถลำถลาก, พลั้ง ๆ พลาด ๆ, ไม่ระมัดระวัง."
ทะลุปรุโปร่ง 0,ว.,อาการที่เห็นหรือเข้าใจอย่างแจ่มแจ้งโดยตลอด.
ทะเล 0,น.,ห้วงนํ้าเค็มที่เวิ้งว้างกว้างใหญ่ แต่เล็กกว่ามหาสมุทร.
ทะเล 1,ว.,ที่อยู่หรือเกิดในทะเล เช่น สาหร่ายทะเล ปลิงทะเล แมงดาทะเล.
ทะเลทราย 0,น.,อาณาบริเวณที่กว้างใหญ่เต็มไปด้วยทราย มีอากาศหนาวจัดในเวลากลางคืนและร้อนจัดในเวลากลางวัน ยากแก่การดำรงชีวิต มีพืชขึ้นอยู่น้อยมาก.
ทะเล้น 0,ก.,"โปนออก เช่น ตาทะเล้น, ล้นออก เช่น เนื้อผ้าตรงตะเข็บทะเล้นออก"
ทะเล้น 1,ก.,อาการที่ทำหน้าเป็นหรือหลอกล้อโดยไม่เหมาะแก่บุคคลหรือไม่ถูกกาลเทศะ เช่น อย่ามาทะเล้นกับแม่นะ.
ทะเลใน 0,น.,"ทะเลภายใน, ทะเลหน้าใน ก็เรียก."
ทะเลบ้า 0,น.,ชื่อเพลงไทย อัตรา ๒ ชั้น หน้าทับสองไม้
ทะเลบ้า 1,น.,ชื่อเพลงไทยประเภทเพลงเถา.
ทะเลภายใน 0,น.,"ทะเลประเภทที่อยู่เข้ามาภายในพื้นแผ่นดิน และเกือบไม่มีทางติดต่อกับทะเลหรือมหาสมุทรภายนอก, ทะเลใน หรือ ทะเลหน้าใน ก็เรียก."
ทะเลสาบ 0,น.,ห้วงนํ้าใหญ่ที่มีแผ่นดินล้อมรอบ มี ๒ ชนิด คือ ทะเลสาบนํ้าจืด และทะเลสาบนํ้าเค็ม.
ทะเลหน้าใน 0,น.,"ทะเลภายใน, ทะเลใน ก็เรียก."
ทะเลหลวง 0,น.,"ทะเลใหญ่, มหาสมุทร, ทะเลหรือมหาสมุทรที่อยู่นอกน่านนํ้าอาณาเขตของประเทศที่เป็นเจ้าของ."
ทะเลไหล่ทวีป 0,น.,บริเวณทะเลตื้นที่อยู่เหนือไหล่ทวีป.
ทะเล่อทะล่า 0,ว.,อาการที่ทำสิ่งใดสิ่งหนึ่งอย่างพรวดพราดโดยไม่ถูกกาลเทศะหรืออย่างไม่ระมัดระวัง เช่น เดินทะเล่อทะล่าเข้าไปในที่ประชุม วิ่งทะเล่อทะล่าออกไปที่ถนนเลยถูกรถชน.
ทะเลอาณาเขต 0,น.,ส่วนของทะเลซึ่งแต่ละประเทศกำหนดว่าอยู่ภายใต้อำนาจอธิปไตยของประเทศนั้น ๆ โดยกำหนดเป็นระยะทางวัดจากชายฝั่งทะเลตามแต่จะตกลงกัน.
ทะเลาะ 0,ก.,"ทุ่มเถียงกันด้วยความโกรธ, โต้เถียงกัน, เป็นปากเป็นเสียงกัน."
ทะเลาะเบาะแว้ง 0,ก.,ทะเลาะกันด้วยเรื่องเล็ก ๆ น้อย ๆ หยุม ๆ หยิม ๆ.
ทะเลิ่กทะลั่ก 0,ว.,อาการที่ทำหน้าตาตื่น เหลียวหน้าเหลียวหลัง เช่น เขาวิ่งทะเลิ่กทะลั่กเข้ามา.
ทะวาย 0,ว.,ที่ออกผลไม่ตรงตามฤดูกาล (ใช้แก่ผลไม้) เช่น มะม่วงทะวาย.
ทะเวน 0,ก.,"ตระเวน, ตะเวน หรือ กระเวน ก็ว่า."
ทัก 0,ก.,"กล่าวเป็นเชิงเตือน, พูดโอภาปราศรัยด้วยอัธยาศัยไมตรีเมื่อพบหน้ากัน, กล่าวหรือออกเสียงให้ระวังหรือสังเกตว่าจะเป็นภัยตามลัทธิที่ถือกัน เช่น จิ้งจกทัก."
ทัก 1,น.,ตะกร้าเก็บเกลือ ทำด้วยไม้ไผ่สาน ตาห่างคล้ายชะลอม ทรงสูงคล้ายชะลอม.
ทักข์ 0,ว.,"สามารถ, เหมาะ, ขยัน, หมั่น, คล่องแคล่ว, แข็งแรง."
ทักข์ 1,ก.,"ดู, แล, เห็น, เช่น เล็งทักข์อาทรเธอ เท่าฟ้า, เล็งทักข์ทุรเวทแล้ว เล็งดอย ดงนา (ลำนํ้าน้อย)."
ทักขิณ 0,ว.,"ทักษิณ, ใต้"
ทักขิณ 1,ว.,ข้างขวา.
ทักขิณา 0,น.,"ทักษิณา, ของทำบุญ"
ทักขิณา 1,น.,"ขวา, ทิศใต้."
ทักขิณาบถ 0,น.,"เมืองแถบใต้, ประเทศฝ่ายทิศใต้."
ทักขิณาวัฏ 0,น.,การเวียนขวาเพื่อความเป็นสิริมงคลอย่างเดินเวียนเทียน.
ทักขิณาวัฏ 1,ว.,"เวียนไปทางขวา คือเวียนเลี้ยวทางขวาอย่างเข็มนาฬิกา, ทักษิณาวรรต ก็ว่า, ตรงข้ามกับ อุตราวัฏ หรือ อุตราวรรต."
ทักขิโณทก 0,น.,"นํ้าที่หลั่งในเวลาทำบุญทำทานเพื่ออุทิศส่วนกุศลให้แก่ผู้ตาย, นํ้าที่หลั่งลงเป็นการแสดงว่ามอบให้เป็นสิทธิ์ขาด, นํ้าที่หลั่งลงให้แทนสิ่งของซึ่งใหญ่โตหรือไม่มีรูปที่จะหยิบยกให้ได้ อย่างวัด ศาลา บุญกุศล เป็นต้น."
ทักขิไณยบุคคล 0,น.,บุคคลผู้ควรรับทักษิณา ได้แก่ภิกษุ สามเณร และสมณพราหมณ์.
ทักท้วง 0,ก.,กล่าวหรือแสดงออกเป็นทำนองว่ายังไม่เห็นด้วย.
ทักทาย 0,ก.,ไต่ถามถึงความเป็นอยู่หรือทุกข์สุขอย่างเป็นกันเอง.
ทักทิน 0,น.,วันชั่วร้าย (ใช้ในตำราหมอดู).
ทักนิมิต 0,ก.,ถามตอบในพิธีกรรมฝังลูกนิมิตผูกพัทธสีมา เพื่อให้รู้ว่าทิศใดมีสิ่งใดเป็นนิมิต.
ทักษ- 0,ว.,"สามารถ, เหมาะ, ขยัน, หมั่น, คล่องแคล่ว, แข็งแรง."
ทักษะ 0,น.,ความชำนาญ.
ทักษา 0,น.,เรียกดาวพระเคราะห์เฉพาะ ๘ ดวง คือ อาทิตย์ (ประจำทิศอีสาน ใช้เลข ๑ แทน) จันทร์ (ประจำทิศบูรพา ใช้เลข ๒ แทน) อังคาร (ประจำทิศอาคเนย์ ใช้เลข ๓ แทน) พุธ (ประจำทิศทักษิณ ใช้เลข ๔ แทน) เสาร์ (ประจำทิศหรดี ใช้เลข ๗ แทน) พฤหัสบดี (ประจำทิศประจิม ใช้เลข ๕ แทน) ราหู (ประจำทิศพายัพ ใช้เลข ๘ แทน) และศุกร์ (ประจำทิศอุดร ใช้เลข ๖ แทน) เขียนเป็นแผนภูมิดังนี้+C559
ทักษิณ 0,น.,ทิศใต้ ใช้ว่า ทิศทักษิณ.
ทักษิณ 1,ว.,ใต้
ทักษิณ 2,ว.,ข้างขวา เช่น ฝ่ายทักษิณ.
ทักษิณนิกาย 0,น.,"เถรวาท, หินยาน."
ทักษิณา 0,น.,ของทำบุญ
ทักษิณา 1,น.,"ขวา, ทิศใต้."
ทักษิณาจาร 0,น.,"ชื่อลัทธิตันตระแบบหนึ่งนับเนื่องในนิกายหนึ่งของศาสนาพราหมณ์ยุคหลัง เป็นแบบขวาหรือฝ่ายขวา มีพิธีกรรมเปิดเผย ไม่มีลามกอนาจาร, คู่กับ วามาจาร, ชื่อลัทธิพุทธตันตระแบบหนึ่ง ซึ่งมีหลักปฏิบัติทำนองเดียวกับลัทธิตันตระของพราหมณ์ โดยถือพระไวโรจนพุทธะแทนพรหมัน."
ทักษิณาทาน 0,น.,การให้ของทำบุญแก่ทักขิไณยบุคคล.
ทักษิณานุปทาน 0,น.,การที่พระมหากษัตริย์ทรงบำเพ็ญพระราชกุศลทรงพระราชอุทิศถวายเจ้านายที่มีศักดิ์สูงซึ่งเสด็จล่วงลับไปแล้ว.
ทักษิณานุประทาน 0,น.,การที่พระมหากษัตริย์ทรงบำเพ็ญพระราชกุศลทรงพระราชอุทิศถวายเจ้านายที่มีศักดิ์สูงซึ่งเสด็จล่วงลับไปแล้ว.
ทักษิณายัน 0,น.,ทางใต้
ทักษิณายัน 1,น.,"จุดสุดทางใต้ เมื่อดวงอาทิตย์ปรากฏในราววันที่ ๒๒ ธันวาคม เป็นจุดในหน้าหนาว มีกลางคืนยาวที่สุด เรียกว่า ทักษิณายัน (winter solstice), คู่กับ อุตตรายัน, เหมายัน ก็เรียก."
ทักษิณาวรรต 0,น.,การเวียนขวาเพื่อความเป็นสิริมงคลอย่างเดินเวียนเทียน.
ทักษิณาวรรต 1,ว.,"เวียนไปทางขวา คือเวียนเลี้ยวทางขวาอย่างเข็มนาฬิกา, ทักขิณาวัฏ ก็ว่า, ตรงข้ามกับ อุตราวรรต หรือ อุตราวัฏ."
ทักษิโณทก 0,น.,"นํ้าที่หลั่งการบำเพ็ญพระราชกุศล, นํ้าที่หลั่งลงเป็นการแสดงว่ามอบให้เป็นสิทธิ์ขาด, นํ้ากรวด คือ น้ำที่ใช้แทนสิ่งของที่ให้ซึ่งใหญ่โตหรือสิ่งไม่มีรูปที่จะหยิบยกให้ได้ อย่างวัด ศาลา บุญกุศล เป็นต้น เช่น พระเวสสันดรหลั่งทักษิโณทกยกสองกุมารให้ชูชก, ชื่อของพระเต้าที่พระมหากษัตริย์ทรงหลั่งน้ำเพื่ออุทิศพระราชกุศล เรียกว่า พระเต้าทักษิโณทก."
ทัคธ์ 0,ว.,"ไหม้, เกรียม, แห้ง."
ทั่ง 0,น.,แท่งเหล็กสำหรับช่างใช้รองรับในการตีโลหะบางชนิด เช่นเหล็ก ทอง ให้เป็นรูปต่าง ๆ.
ทั้ง 0,ว.,"ทั่ว เช่น ทั้งโลก ทั้งห้อง ทั้งตัว, รวมหมด เช่น ปลาทั้งตัว, พร้อมด้วย เช่น ต้มทั้งกระดูก นอนทั้งรองเท้า, ตลอด เช่น ทั้งคืน ทั้งวัน ทั้งเดือน ทั้งปี, ครบตามที่กำหนด เช่น โกฐทั้ง ๕ ได้แก่ โกฐหัวบัว โกฐสอ โกฐเขมา โกฐเชียง และโกฐจุฬาลัมพา ชุมเห็ดทั้ง ๕ ได้แก่ ต้น ราก เปลือก ใบ และดอก ของต้นชุมเห็ด"
ทั้ง 1,ว.,ทั้งที่ เช่น ทำทั้งรู้ ๆ กินทั้งจืด ๆ ล้มทั้งยืน
ทั้ง 2,ว.,มิหนำซํ้า เช่น ของนี้คุณภาพตํ่า ทั้งราคาก็แพง ยานี้จะทำให้ท้องผูกทั้งจะทำให้ใจสั่นอีกด้วย.
ทัง 0,น.,ชื่อน้ำมันที่ได้จากเมล็ดของต้นมะเยา [ Vernicia fordii (Hemsl.) Airy Shaw] ในวงศ์ Euphorbiaceae.
ทัง 1,สัน.,ทั้ง เช่น ทังหลาย.
ทั้ง ๆ ที่ 0,ว.,ในขณะที่ เช่น เขาออกจากบ้านไปทั้งที่ฝนกำลังตก เขาลาออกทั้ง ๆ ที่หน้าที่การงานกำลังเจริญก้าวหน้า.
ทั้ง...ทั้ง 0,ว.,ด้วย เช่น ทั้งกินทั้งเล่น คือ กินด้วยเล่นด้วย ให้ทั้งข้าวทั้งเงิน คือ ให้ข้าวด้วยเงินด้วย.
ทั้ง...ทั้ง 1,สัน.,และ เช่น ทั้งภูเก็ตทั้งเชียงใหม่ล้วนน่าเที่ยว.
ทั้ง...และ 0,สัน.,รวมทั้ง ๒ อย่าง เช่น ทั้งผักและผลไม้ล้วนน่ากิน.
ทั้งกลม 0,ว.,"ทั้งปวง, ทั้งหมด, ทั้งสิ้น, เช่น พี่กูตายจึงได้เมืองแก่กูทั้งกลม (จารึกพ่อขุนรามคำแหง)"
ทั้งกลม 1,ว.,เรียกหญิงที่ตายพร้อมกับลูกที่อยู่ในท้องด้วย ว่า ตายทั้งกลม คือ ตายทั้งหมด.
ทั้งขึ้นทั้งล่อง 0,ว.,หมดทุกทางไม่ว่าจะเป็นในทางใด เช่น งานนี้ถึงคนจะมาน้อยหรือมามากผู้จัดก็ได้ทั้งขึ้นทั้งล่อง ไม่ว่าจะแก้ตัวอย่างไรเขาก็โดนดุทั้งขึ้นทั้งล่อง.
ทั้งคน 0,ว.,ใช้ประกอบท้ายคำหรือความ เพื่อเน้นให้เห็นความสำคัญของคำหรือความข้างหน้า เช่น แม่ทั้งคน.
ทั้งดุ้น 0,ว.,ทั้งหมดโดยมิได้แก้ไขเปลี่ยนแปลงหรือตัดแบ่งเลย เช่น ลอกมาทั้งดุ้น.
ทั้งที 0,ว.,ไหน ๆ ก็ได้โอกาสแล้ว เช่น มาทั้งที.
ทั้งที่ 0,ว.,ในขณะที่ เช่น เขาออกจากบ้านไปทั้งที่ฝนกำลังตก เขาลาออกทั้ง ๆ ที่หน้าที่การงานกำลังเจริญก้าวหน้า.
ทั้งนั้น 0,ว.,ทั้งหมดโดยไม่ยกเว้น เช่น พระสงฆ์ทั้งนั้นถวายพระพร ผู้เข้าประกวดล้วนแต่สาว ๆ สวย ๆ ทั้งนั้น.
ทั้งนี้ 0,สัน.,ตามที่กล่าวมานี้ เช่น ทั้งนี้เป็นไปตามที่ได้แจ้งไว้.
ทั้งนี้ทั้งนั้น 0,ว.,จะเป็นเช่นนี้หรือจะเป็นเช่นนั้นก็ตาม เช่น ทั้งนี้ทั้งนั้นไม่มีใครรู้ความจริง เสนอโครงการไปหลายโครงการ ทั้งนี้ทั้งนั้นแล้วแต่ว่าจะได้งบประมาณหรือไม่.
ทั้งเนื้อทั้งตัว 0,ว.,ทั้งหมดเท่าที่มีติดตัวอยู่.
ทั้งปวง 0,ว.,หมดด้วยกัน.
ทั้งผอง 0,ว.,หมดด้วยกัน.
ทั้งเพ 0,ว.,หมดด้วยกัน.
ทั้งมวล 0,ว.,หมดด้วยกัน.
ทังวล 0,ก.,"กังวล, ห่วงใย, เช่น เป็นทังวี้ทังวลวุ่นวาย (คาวี)."
ทังวี้ทังวล 0,ก.,"กังวล, ห่วงใย, เช่น เป็นทังวี้ทังวลวุ่นวาย (คาวี)."
ทังสเตน 0,น.,"ธาตุลำดับที่ ๗๔ สัญลักษณ์ W เป็นโลหะ ลักษณะเป็นของแข็ง สีเทา หลอมละลายที่ ๓๔๑๐ °ซ. ใช้ประโยชน์เป็นไส้หลอดไฟฟ้า ผสมกับโลหะอื่นให้เป็นโลหะเจือ, วุลแฟรม ก็เรียก."
ทั้งสิ้น 0,ว.,หมดด้วยกัน.
ทั้งหมด 0,ว.,หมดด้วยกัน.
ทั้งหลาย 0,ว.,"หมดด้วยกัน เช่น คนทั้งหลายเกิดมาแล้วต้องตาย, มีจำนวนมาก เช่น คนทั้งหลายเขาพูดกันว่า."
ทั้งอย่างนั้น 0,ว.,ทั้ง ๆ ที่เป็นอยู่ในลักษณะอาการเช่นนั้น เช่น เพิ่งตื่นนอนมาก็รีบออกไปทั้งอย่างนั้น.
ทัณฑ์ 0,น.,โทษที่เนื่องด้วยความผิด
ทัณฑ์ 1,น.,โทษทางวินัยที่ใช้แก่ทหารที่กระทำความผิดมี ๕ สถาน ได้แก่ ภาคทัณฑ์ ทัณฑกรรม กัก ขัง และจำขัง.
ทัณฑ- 0,น.,โทษที่เนื่องด้วยความผิด
ทัณฑ- 1,น.,โทษทางวินัยที่ใช้แก่ทหารที่กระทำความผิดมี ๕ สถาน ได้แก่ ภาคทัณฑ์ ทัณฑกรรม กัก ขัง และจำขัง.
ทัณฑกรรม 0,น.,"การลงโทษ, โทษที่ลงแก่สามเณรที่ประพฤติผิด"
ทัณฑกรรม 1,น.,โทษทางวินัยสถานหนึ่งตามกฎหมายว่าด้วยวินัยทหารและกฎหมายว่าด้วยวินัยตำรวจ คือ ให้ทำงานโยธา งานสุขา งานสาธารณประโยชน์ หรือให้อยู่เวรยาม นอกจากหน้าที่ประจำซึ่งตนจะต้องปฏิบัติอยู่แล้ว.
ทัณฑฆาต 0,น.,ชื่อเครื่องหมายสำหรับฆ่าอักษรที่ไม่ต้องการออกเสียง มีรูปดังนี้ .
ทัณฑนิคม 0,น.,สถานที่ควบคุมและฝึกอบรมนักโทษเด็ดขาดในขั้นต่อจากเรือนจำ.
ทัณฑ์บน 0,น.,"ถ้อยคำหรือหนังสือสัญญาว่าจะไม่ประพฤติละเมิดตามเงื่อนไขที่ได้ให้ไว้, (โบ) ทานบน"
ทัณฑ์บน 1,น.,คำรับรองว่าจะไม่กระทำการที่ห้ามหรือกระทำความผิดอีกภายในเวลาที่กำหนด.
ทัณฑวิทยา 0,น.,วิชาที่ศึกษาเกี่ยวกับวิธีลงโทษผู้กระทำผิดทางอาญา.
ทัณฑสถาน 0,น.,เรือนจำพิเศษประเภทหนึ่ง ซึ่งใช้เป็นที่ควบคุมกักขังผู้ต้องขังเฉพาะแต่ละประเภทให้เหมาะสมกับประเภทผู้ต้องขังนั้น ๆ เช่น ทัณฑสถานวัยหนุ่ม เป็นสถานที่ควบคุมกักขังและฝึกอาชีพแก่ผู้ต้องขังที่อยู่ในวัยหนุ่ม.
ทัณฑะ 0,น.,มาตราโบราณสำหรับวัดความยาว ๑ ทัณฑะ เท่ากับ ๒ ศอก.
ทัณฑิกา 0,น.,ชื่อกาพย์ชนิดหนึ่ง บทหนึ่งมี ๔ บาท บาทที่ ๑ กับบาทที่ ๓ มีบาทละ ๓ วรรค วรรคละ ๔ คำ บาทที่ ๒ กับบาทที่ ๔ มีบาทละ ๔ วรรค วรรคละ ๔ คำ กำหนดสัมผัสกันคล้ายกาพย์สุรางคนางค์ เช่น (ชุมนุมตำรากลอน).
ทัณฑิมา 0,น.,ชื่อนกในพวกสัตว์หิมพานต์ มีศีรษะเป็นรูปนกอินทรีมีหงอนเผล้ไปข้างหน้า กายเป็นอย่างมนุษย์ ขาเป็นอย่างไก่ ถือไม้เท้ายาว.
ทัณฑีบท 0,น.,โคลงสี่สุภาพแบบหนึ่ง แต่ละบาทมีสัมผัสสระคู่ชิด เช่น (จินดามณี).
ทัด 0,ก.,เอาสิ่งของหรือดอกไม้เหน็บหูตรงบริเวณที่เรียกว่า ทัดดอกไม้.
ทัด 1,น.,เรียกทรงผมผู้หญิงที่มีผมยื่นยาวทั้ง ๒ ข้างจอนผมสำหรับทัดหู ว่า ผมทัด.
ทัด 2,ว.,"เท่าเทียม, เสมอ, เช่น ฝีมือทั้งสองฝ่ายนั้นดีทัดกัน (พงศ. เลขา)."
ทัด 3,น.,ชื่อกลองชนิดหนึ่งที่ขึ้นหนังตรึงแน่นทั้ง ๒ หน้า เรียกว่า กลองทัด.
ทัด 4,ก.,"ต้านไว้, ทานไว้."
ทัดดอกไม้ 0,น.,ส่วนอวัยวะบริเวณเหนือใบหู.
ทัดทา 0,น.,กระดานมีด้ามสำหรับโกยข้าวเปลือก.
ทัดทาน 0,ก.,กล่าวหรือแสดงออกเป็นทำนองห้ามหรือท้วงเพื่อให้งดไว้.
ทัดเทียม 0,ว.,"เท่าเทียม, เสมอ, เช่น ฝีมือทั้งสองฝ่ายนั้นดีทัดกัน (พงศ. เลขา)."
ทัน 0,น.,ต้นพุทรา. (ดู พุทรา).
ทัน 1,ว.,"เป็นไปตามเวลาที่กำหนด, เป็นไปพอดีกับเวลาที่กำหนด, เช่น ทันกาล ทันเวลา"
ทัน 2,ว.,ตามไปถึง เช่น เรียนทัน วิ่งทัน
ทัน 3,ว.,"เท่า, เทียมถึง, เช่น รู้ทันคน"
ทัน 4,ว.,เสมอด้วย เช่น อันว่าผู้จะทำนายฝนนแลจะทันพระศรีสรรเพชญ์ เสด็จภูมีบาลในสงสารภพนี้ก็บมี โสดแล (ม. คำหลวง กุมาร).
ทันกิน 0,ก.,คิดหรือทำการใด ๆ ทันท่วงที (โดยปรกติใช้ในประโยคปฏิเสธ) เช่น ทำการงานช้าไม่ทันกิน มัวงุ่มง่ามอยู่อย่างนี้ไม่ทันกิน.
ทันควัน 0,ว.,"ทันทีทันใด, ฉับพลัน เช่น เขาโต้ตอบทันควัน."
ทันใจ 0,ว.,เร็วทันเท่ากับใจนึกหรือต้องการ.
ทันใด 0,ว.,"ทันที, เดี๋ยวนั้น."
ทันใดนั้น 0,ว.,ในขณะนั้นเอง.
ทันต- 0,น.,"ฟัน, งาช้าง เช่น เอกทันต์."
ทันต์ 0,น.,"ฟัน, งาช้าง เช่น เอกทันต์."
ทันต์ 1,ก.,"ทรมานแล้ว, ข่มแล้ว, ฝึกหัดแล้ว."
ทันตกรรม 0,น.,การรักษาโรคทางฟัน เหงือก ขากรรไกร และโรคภายในช่องปาก.
ทันตชะ 0,น.,อักษรในภาษาบาลีและสันสกฤตที่มีเสียงเกิดที่ฟัน ได้แก่ พยัญชนะวรรค ต คือ ต ถ ท ธ น และอักษร ล ส รวมทั้ง ฦ ฦๅ ในภาษาสันสกฤต.
ทันตแพทย์ 0,น.,แพทย์ผู้มีหน้าที่ตรวจรักษาโรคทางฟัน เหงือก ขากรรไกร และโรคภายในช่องปาก.
ทันตา 0,ว.,"ทันที่ตาเห็นในปัจจุบัน, ในชาตินี้, ในเวลานั้น."
ทันตาเห็น 0,ว.,"ทันที่ตาเห็นในปัจจุบัน, ในชาตินี้, ในเวลานั้น."
ทันติน 0,น.,สัตว์ที่มีงา คือ ช้าง.
ทันตี 0,น.,สัตว์ที่มีงา คือ ช้าง.
ทันท่วงที 0,ว.,ทันต่อเหตุการณ์พอดิบพอดี.
ทันที 0,ว.,ในขณะนั้นเอง.
ทันทีทันใด 0,ว.,ในขณะนั้นเอง.
ทันธ์ 0,ว.,"ช้า ๆ, เงื่อง, เกียจคร้าน"
ทันธ์ 1,ว.,หนัก
ทันธ์ 2,ว.,เขลา เช่น ทันธปัญญา คือ ปัญญาเขลา.
ทันธ- 0,ว.,"ช้า ๆ, เงื่อง, เกียจคร้าน"
ทันธ- 1,ว.,หนัก
ทันธ- 2,ว.,เขลา เช่น ทันธปัญญา คือ ปัญญาเขลา.
ทันน้ำ 0,ว.,ให้ทันเวลานํ้าขึ้น.
ทันน้ำทันฝน 0,ว.,"ให้ทันหน้าน้ำหน้าฝน, ให้ทันฤดูกาล."
ทันสมัย 0,ว.,ตามสมัยที่นิยมกัน.
ทับ 0,น.,กระท่อมหรือเพิงพักที่ทำอยู่ชั่วคราว.
ทับ 1,ก.,"วางข้างบน, ซ้อนข้างบน, อาการที่ของหนัก ๆ โค่นหรือล้มลงพาดบนสิ่งใดสิ่งหนึ่งโดยแรง เช่น ต้นไม้ล้มทับบ้าน, อาการที่สิ่งที่มีล้อเคลื่อนไปด้วยกำลังเร็วแล้วปะทะกับสิ่งใดสิ่งหนึ่งแล้วกดหรือบดลงไปโดยแรง เช่น รถทับคน"
ทับ 2,ก.,ร่วมเพศเพื่อสืบพันธุ์ (ใช้แก่สัตว์บางชนิด เช่น ม้า วัว ควาย)
ทับ 3,ก.,เรียกเครื่องหมายรูปดังนี้ / ที่ขีดหลังคำหรือจำนวนเลข ว่า ทับ.
ทับ 4,น.,ชื่อแมลงพวกด้วงในวงศ์ Buprestidae มีตั้งแต่ขนาดเล็กถึงขนาดใหญ่ ลำตัวยาวโค้งนูนแข็ง หัวเล็กซ่อนอยู่ใต้อกปล้องแรกซึ่งโค้งมนเรียวไปทางหัวเชื่อมกับอกปล้องกลางซึ่งกว้างกว่าส่วนอื่น ๆ ท้องมนเรียวไปทางปลายหาง ปีกแข็งหุ้มส่วนท้องจนหมด มีสีเหลือบหลายสี ที่พบบ่อยมีสีเขียวเป็นมันเลื่อม ตัวเต็มวัยกินใบพืช ตัวหนอนเจาะลำต้น เช่น แมลงทับขาเขียว (Sternocera aequisignata Saunders) แมลงทับขาแดง ( S. ruficornisSaunders).
ทับ 5,น.,"โทน, ชาวพื้นเมืองปักษ์ใต้ยังคงเรียกโทนชาตรีว่า ทับ เช่นที่ใช้ประโคมในการแสดงหนังตะลุง มโนราห์ และโต๊ะครึม."
ทับเกษตร 0,น.,"ที่อยู่ริมเขตบ้าน, เขตที่, พระระเบียง."
ทับเกษตร 1,น.,ส่วนบนของฐานที่รองรับพระพุทธรูปปางประทับนั่ง.
ทับถม 0,ก.,เพิ่มซับซ้อนกันเข้ามามากมาย
ทับถม 1,ก.,โดยปริยายหมายความว่ากล่าวซํ้าเติมให้เขาเสียหายหนักขึ้น.
ทับทรวง 0,น.,เครื่องประดับหน้าอกแบบหนึ่ง รูปคล้ายสี่เหลี่ยมขนมเปียกปูน ทำด้วยโลหะเป็นต้น ฝังเพชรพลอย ติดอยู่ตรงที่ไขว้สังวาลทับหน้าอก.
ทับทางขาว 0,น.,"ชื่องูพิษขนาดกลางชนิด Bungarus candidus (Linn.) ในวงศ์ Elapidae หัวสีดำ ลำตัวสีขาวเปรอะมีลายสีดำคล้ายอานม้าพาดบนหลัง, ทับทางขาว ก็เรียก."
ทับทิม 0,น.,พลอยสีแดงชนิดหนึ่ง
ทับทิม 1,น.,เรียกสิ่งที่เป็นเกล็ดสีม่วงแก่ เมื่อละลายนํ้าจะออกเป็นสีทับทิม ว่า ด่างทับทิม
ทับทิม 2,น.,เรียกหินที่มีสีคล้ายทับทิมใช้รองแกนในนาฬิกาข้อมือเป็นต้น ว่า ทับทิม
ทับทิม 3,น.,"เรียกขนมชนิดหนึ่งทำด้วยแป้งมันใส่สีแดงเหมือนเม็ดทับทิมต้มกินกับนํ้าเชื่อมหรือนํ้าหวาน ว่า ทับทิมลอยแก้ว, ถ้าทำด้วยแห้วหรือมันแกวหั่นเป็นชิ้นเล็ก ๆ คลุกแป้ง แล้วทำด้วยกรรมวิธีเดียวกัน เรียกว่า ทับทิมกรอบ."
ทับทิม 4,ว.,สีแดงชนิดหนึ่งคล้ายทับทิม เรียกว่า สีทับทิม.
ทับทิม 5,น.,ชื่อไม้พุ่มชนิด Punica granatumL. ในวงศ์ Punicaceae เนื้อที่หุ้มเมล็ดสีแดงใสคล้ายพลอยทับทิม กินได้ เปลือกของต้น ของผล และของราก ใช้ทำยาได้.
ทับทิม 6,น.,ชื่อปลานํ้าจืดชนิด Oreochromis niloticus (Linn.) ในวงศ์ Cichlidae ลักษณะคล้ายปลาหมอเทศ แต่มีลำตัวสีเขียวหรือฟ้าปนน้ำตาล มีจุดดำด่างทั่วตัว ปลาขนาดเล็กจะมีลายเข้มพาดขวางลำตัว ครีบหลัง ครีบก้น และครีบหางมีลายหรือแนวจุดสีคลํ้าหรือขาวพาดขวางหรือทแยงอยู่โดยตลอด ขนาดยาวได้ถึง ๔๖ เซนติเมตร ทำรังเป็นแอ่งดินและปกป้องดูแลลูกอ่อนไว้ในโพรงปาก สมเด็จพระจักรพรรดิอากิฮิโต ครั้งดำรงพระราชอิสริยยศ มกุฎราชกุมารแห่งญี่ปุ่น น้อมเกล้าฯ ถวายแด่พระบาทสมเด็จพระเจ้าอยู่หัว พระราชทานชื่อว่า ปลานิล.
ทับที่ 0,ว.,เรียกอาการที่นอนตรงที่ของคนตายซึ่งเกี่ยวดองเป็นญาติผู้ใหญ่และเคยนอนประจำตรงนั้น เพราะเชื่อว่าเป็นสิริมงคล ว่า นอนทับที่.
ทับธาร 0,น.,"ชื่องูพิษขนาดกลางชนิด Bungarus fasciatus (Linn.) ในวงศ์ Elapidae ยาวประมาณ ๑.๓ เมตร มีลายเป็นปล้องสีดำสลับเหลือง หลังเป็นสันแหลมทำให้ลำตัวมีลักษณะคล้ายรูปสามเหลี่ยม ปลายหางทู่ พบตามที่ลุ่มใกล้แหล่งน้ำทุกภาคของประเทศไทย ออกหากินในเวลากลางคืน กินกบ เขียด และงูขนาดเล็ก มีพิษรุนแรงมาก, ก้านปล้อง ตามธาร หรือ ทับธาร ก็เรียก."
ทับแพ 0,น.,เพิงพักชั่วคราวบนแพไม้ไผ่หรือแพซุง.
ทับลัคน์ 0,ก.,ลักษณะที่ดาวพระเคราะห์มีตำแหน่งอยู่ในเรือนเดียวกันกับลัคนาหรือจรมาร่วมลัคนา.
ทับเล็ก 0,น.,"ชื่อแมลงพวกด้วงชนิด Hypomeces squamosus (Fabricius) ในวงศ์ Curculionidae ลำตัวด้านบนโค้งนูน ยาวประมาณ ๑.๕ เซนติเมตร หัวยื่นออกไปเป็นงวงสั้น ๆ ตัวและปีกสีเขียวเหลือบทอง, ค่อมทอง หรือ ทับเล็ก ก็เรียก."
ทับศัพท์ 0,ว.,ที่เขียนคำของภาษาหนึ่งด้วยตัวอักษรของอีกภาษาหนึ่งโดยวิธีถ่ายเสียงและถอดอักษร เช่น คำว่า computer เขียนทับศัพท์เป็น คอมพิวเตอร์.
ทับสมิงคลา 0,น.,"ชื่องูพิษขนาดกลางชนิด Bungarus candidus (Linn.) ในวงศ์ Elapidae หัวสีดำ ลำตัวสีขาวเปรอะมีลายสีดำคล้ายอานม้าพาดบนหลัง, ทับทางขาว ก็เรียก."
ทับสิทธิ์ 0,ก.,"ไม่ใช้สิทธิ์ที่ตนมีอยู่เมื่อถึงคราวที่ควรจะใช้, นอนหลับทับสิทธิ์ ก็ว่า."
ทับหลัง 0,น.,ท่อนหินรูปสี่เหลี่ยมผืนผ้าที่สลักเป็นลวดลายต่าง ๆ วางพาดอยู่เหนือกรอบประตูทางเข้าปราสาทหิน
ทับหลัง 1,น.,เรียกตัวไม้ที่อยู่ตอนบนหลังกรอบเช็ดหน้าของประตูหรือหน้าต่าง ใช้สอดเดือยบานประตูหรือบานหน้าต่าง เรียกว่า ทับหลังหน้าต่าง หรือ ทับหลังประตู.
ทับหลัง 2,ก.,อยู่ข้างล่าง (ใช้แก่การพนันเช่นไพ่ตอง).
ทับหลังลัคน์ 0,ก.,เรียกลักษณะที่พระเคราะห์ที่อยู่ในเรือนวินาศหรือเป็น ๑๒ กับลัคนา ว่า พระเคราะห์ทับหลังลัคน์.
ทัปนะ 0,น.,"แว่นส่องหน้า, กระจกเงา, ทรรปณ์ หรือ ทรรปณะ ก็ใช้."
ทัพ 0,น.,กองทหาร.
ทัพ- 0,น.,"สมบัติ, เงิน, เครื่องใช้ต่าง ๆ, มักใช้ประกอบส่วนหน้าสมาส."
ทัพพะ 0,น.,"สมบัติ, เงิน, เครื่องใช้ต่าง ๆ, มักใช้ประกอบส่วนหน้าสมาส."
ทัพพี 0,น.,"เครื่องตักข้าวและแกงมีรูปร่างคล้ายช้อน แต่ใหญ่กว่า ทำด้วยทองเหลืองเป็นต้น, ทรพี หรือ สารพี ก็เรียก."
ทัพสัมภาระ 0,น.,สิ่งหรือเครื่องอันเป็นส่วนประกอบที่จะคุมกันเข้าเป็นเรือน เรือ รถ หรือเกวียน เป็นต้น.
ทั่ว 0,ว.,"ทั้งหมด, ทั้งสิ้น, ตลอด, เช่น ทั่วตัว ทั่วหน้า, ทุกหนทุกแห่ง เช่น ทั่วโลก."
ทั่ว ๆ ไป 0,ว.,"ธรรมดา ๆ เช่น โดยเหตุผลทั่ว ๆ ไป, ไม่จำกัด เช่น ประมวลกฎหมายแพ่งและพาณิชย์เป็นกฎหมายทั่วไป ใช้กับทุกคน, ส่วนใหญ่, ส่วนมาก, เช่น คนทั่ว ๆ ไป."
ทั่วถึง 0,ว.,"ถึงทุกคน, ครบทั่วทุกคน."
ทั่วทุกสารทิศ 0,ว.,ทั่วทุกหนทุกแห่ง.
ทั่วทุกหัวระแหง 0,ว.,ทั่วทุกหนทุกแห่ง.
ทั่วไป 0,ว.,"ธรรมดา ๆ เช่น โดยเหตุผลทั่ว ๆ ไป, ไม่จำกัด เช่น ประมวลกฎหมายแพ่งและพาณิชย์เป็นกฎหมายทั่วไป ใช้กับทุกคน, ส่วนใหญ่, ส่วนมาก, เช่น คนทั่ว ๆ ไป."
ทัศ 0,ว.,สิบ เช่น ทัศนัข.
ทัศ 1,ว.,"ครบ, ถ้วน, เช่น บารมี ๓๐ ทัศ."
ทัศน์ 0,น.,"ความเห็น, การเห็น, เครื่องรู้เห็น, สิ่งที่เห็น, การแสดง, ทรรศนะ ก็ใช้."
ทัศน- 0,น.,"ความเห็น, การเห็น, เครื่องรู้เห็น, สิ่งที่เห็น, การแสดง, ทรรศนะ ก็ใช้."
ทัศนคติ 0,น.,แนวความคิดเห็น.
ทัศนวิสัย 0,น.,ระยะทางไกลที่สุดซึ่งสามารถมองเห็นวัตถุด้วยตาเปล่าและบอกได้ว่าวัตถุนั้นเป็นอะไร.
ทัศนศาสตร์ 0,น.,วิชาฟิสิกส์แขนงหนึ่งว่าด้วยเรื่องราวของแสง.
ทัศนศิลป์ 0,น.,ศิลปกรรมประเภทหนึ่งซึ่งแสดงออกด้วยลักษณะที่เป็นรูปภาพหรือรูปทรง รับรู้ได้ด้วยการเห็นและสัมผัสได้ด้วยการจับต้อง เช่น ภาพจิตรกรรม ภาพพิมพ์ งานประติมากรรม งานสถาปัตยกรรม.
ทัศนศึกษา 0,ก.,ท่องเที่ยวเพื่อแสวงหาความรู้.
ทัศนศึกษา 1,น.,"การเรียนรู้ด้วยการดูการเห็น, การศึกษานอกสถานที่."
ทัศนะ 0,น.,"ความเห็น, การเห็น, เครื่องรู้เห็น, สิ่งที่เห็น, การแสดง, ทรรศนะ ก็ใช้."
ทัศนา 0,น.,"ความเห็น, การเห็น, เครื่องรู้เห็น, สิ่งที่เห็น, การแสดง, ทรรศนะ ก็ใช้."
ทัศนาการ 0,น.,อาการดู.
ทัศนาจร 0,ก.,ท่องเที่ยว.
ทัศนาจร 1,น.,"การท่องเที่ยว, การไปเที่ยวชมภูมิประเทศหรือโบราณสถานเป็นต้น."
ทัศนีย์ 0,ว.,"น่าดู, งาม, ทรรศนีย์ ก็ใช้."
ทัศนีย- 0,ว.,"น่าดู, งาม, ทรรศนีย์ ก็ใช้."
ทัศนียภาพ 0,น.,"ภาพที่น่าดู, มักใช้หมายถึงภูมิประเทศที่สวยงาม."
ทัศนูปกรณ์ 0,น.,อุปกรณ์ช่วยการเห็น เช่น กล้องโทรทรรศน์ กล้องจุลทรรศน์.
ทัศไนย 0,ว.,"น่าดู, งาม."
ทัสนานุตริยะ 0,น.,การเห็นอันประเสริฐยิ่ง เช่น การเห็นพระพุทธเจ้าเป็นทัสนานุตริยะ.
ทัฬหะ 0,ว.,"มั่นคง, แข็งแรง, แน่นหนา, จัด."
ทัฬหิ 0,ว.,"มั่นคง, แข็งแรง, แน่นหนา, จัด."
ทัฬหี 0,ว.,"มั่นคง, แข็งแรง, แน่นหนา, จัด."
ทัฬหีกรรม 0,น.,การกระทำให้มั่นคงขึ้น ได้แก่การที่ทำซํ้าลงไปเพื่อให้มั่นคงในกรณีที่การกระทำครั้งแรกไม่สมบูรณ์ มักใช้ในพิธีสงฆ์ เช่น พระภิกษุที่บวชในฝ่ายมหานิกาย เมื่อไปอยู่ในวัดที่เป็นธรรมยุติกนิกายบางวัดก็ต้องให้ทำทัฬหีกรรม.
ทา 0,ก.,เอาของเปียก ของเหลว หรือของละเอียด ลูบ ไล้ หรือป้าย เช่น ทาสี ทาแป้ง ทายา ทาปาก.
ท้า 0,ก.,"ชวนแข่งขัน, ชวนต่อสู้, เช่น ท้าว่ายน้ำแข่ง ท้ารบ."
ท่า 0,น.,"ฝั่งนํ้าสำหรับขึ้นลงหรือจอดเรือ, ท่านํ้า ก็เรียก"
ท่า 1,น.,โดยปริยายหมายถึงที่จอดยานพาหนะบางชนิด เช่น ท่าเกวียน ท่ารถขนส่ง ท่าอากาศยาน
ท่า 2,น.,"เรียกนํ้าในแม่นํ้าลำคลอง ว่า นํ้าท่า, คู่กับ นํ้าฝน."
ท่า 3,น.,ลักษณะท่วงทีของร่างกายในอิริยาบถหนึ่ง ๆ เช่น ท่ายืน ท่านั่ง ท่านอน
ท่า 4,น.,การแสดงกิริยายกมือยกเท้าเป็นต้นตามที่กำหนดเป็นแบบไว้ มีชื่อเรียกต่าง ๆ เช่น ท่ามวยมีท่าจระเข้ฟาดหาง ท่ารำมีท่าพรหมสี่หน้า
ท่า 5,น.,"ชั้นเชิง, ท่วงที, เช่น พลาดท่า ได้ท่า เสียท่า."
ท่า 6,ก.,"รอคอย เช่น เหตุไฉนรีบมาไม่ท่ากัน (อิเหนา), มักใช้เข้าคู่กับ คอย หรือ รอ เป็น คอยท่า รอท่า."
ทาก 0,น.,"ชื่อสัตว์ไม่มีกระดูกสันหลังพวกปลิง ในชั้น Hirudinea ลำตัวกลมยาวเป็นปล้อง ยืดหดได้มาก อาศัยบนบก ตามป่า ต่อมน้ำลายสร้างสารฮิรูดิน (hirudin) เมื่อดูดกินเลือดสัตว์เลือดอุ่นทำให้เลือดไม่แข็งตัว เช่น ชนิด Haemadipsa interrupta Moore ในวงศ์ Haemadipsidae, ปลิงบก ก็เรียก."
ทาก 1,น.,"ชื่อหอยกาบเดี่ยวหลายพวก ในชั้น Gastropoda พวกที่อาศัยบนบกและมีเปลือกหุ้มตัว เรียก หอยทาก เช่น ชนิด Achatina fulica (Bowdich) ในวงศ์ Achatinidae, พวกที่อาศัยบนบกและไม่มีเปลือกหุ้ม เรียก ทากดิน เช่น ชนิด Limax flavus Linn. ในวงศ์ Limacidae ส่วนพวกที่อาศัยในทะเล เรียก ทากทะเล เช่น ชนิด Glossodoris atromarginata (Cuvier)."
ท่าข้าม 0,น.,ที่สำหรับขึ้นลงเรือหรือแพข้ามฟาก.
ท้าง 0,ว.,"ทั้ง, ทั่ว, ตลอด, เช่น อันว่าแผ่นดินกว้างท้างทุกแดน อนนหนาได้หยิบแสนสี่หมื่นโยชนประมาณ (ม. คำหลวง กุมาร)."
ทาง 0,น.,"ที่สำหรับเดินไปมา, แนวหรือพื้นที่สำหรับใช้สัญจร, เช่น ทางบก ทางนํ้า ทางอากาศ ทางเดินรถ ทางเท้า ทางข้าม ทางร่วม ทางแยก ทางลาด ทางโค้ง"
ทาง 1,น.,ช่อง เช่น ทางประตู ทางหน้าต่าง
ทาง 2,น.,โอกาส เช่น ไม่มีทางจะสำเร็จ
ทาง 3,น.,แนว เช่น เดินทางใน
ทาง 4,น.,"วิธี, กลยุทธ์, เช่น แก้ทาง รู้ทาง แพ้ทาง"
ทาง 5,น.,วิธีการ เช่น ส่งเงินทางธนาณัติ
ทาง 6,น.,"แถว, แถบ, ถิ่น, เช่น เป็นคนทางไหน"
ทาง 7,น.,"ฝ่าย, ข้าง, ส่วน, (ในลักษณะที่แยกแนวกัน) เช่น ทางโจทก์ ทางจำเลย"
ทาง 8,น.,"วิธีดำเนินทำนองโดยเฉพาะของเครื่องดนตรีแต่ละอย่าง เช่น ทางระนาดเอก ทางจะเข้, วิธีดำเนินทำนองของเพลงที่ประดิษฐ์ขึ้นโดยเฉพาะ เช่น ทางครู ก. ทางครู ข. ทางเดี่ยว ทางหมู่."
ทาง 9,น.,"เรียกก้านช่อใบของต้นไม้บางชนิด เช่น มะพร้าว ตาล, ลักษณนามเรียก ใบมะพร้าว ใบตาล ใบกล้วย เป็นต้น ว่า ทาง เช่น ใบมะพร้าว ๒ ทาง ใบกล้วยทางหนึ่ง."
ทางการ 0,น.,"ระเบียบปฏิบัติที่วางไว้เป็นแนวทาง, ฝ่ายที่เป็นกิจการ."
ทางการ 1,ว.,ที่เป็นงานเป็นการ.
ทางเก็บ 0,น.,วิธีบรรเลงดนตรีแบบหนึ่ง โดยดำเนินทำนองเป็นพยางค์เสียงช่วงสั้นต่อเนื่องกันไป ส่วนใหญ่นิยมใช้กับเครื่องดนตรีประเภทเครื่องตี เช่น ระนาดเอก ขิม.
ทางข้าม 0,น.,ทางม้าลาย.
ทางช้างเผือก 0,น.,แสงกลุ่มดาวซึ่งแผ่เห็นสว่างเป็นพืดในท้องฟ้า.
ทางด่วน 0,น.,ทางหรือถนนซึ่งสร้างขึ้นเพื่อให้เดินทางได้รวดเร็วและปลอดภัย มีการควบคุมและกำหนดจุดให้ยานพาหนะเข้าออกเฉพาะที่ และไม่มีทางอื่นตัดผ่านในระดับเดียวกัน.
ทางเท้า 0,น.,"ทางข้างถนนที่มักยกสูงขึ้นสำหรับให้คนเดิน, บาทวิถี ก็ว่า."
ทางโท 0,น.,ทางที่รถต้องยอมให้รถทางเอกผ่านไปได้ก่อน.
ทางใน 0,น.,"การหยั่งรู้ด้วยพลังจิต, โดยปริยายหมายถึงการนึกเดาเอาเอง."
ทางผ่าน 0,น.,บุคคลหรือสิ่งใดสิ่งหนึ่งที่ใช้เป็นเครื่องมือดุจสะพานเพื่อให้ได้สิ่งที่ต้องการ.
ทางพิเศษ 0,น.,ทางหรือถนนซึ่งจัดสร้างขึ้นไม่ว่าในระดับพื้นดิน ใต้พื้นดิน เหนือพ้นพื้นดิน หรือพื้นนํ้า เพื่ออำนวยความสะดวกในการจราจรเป็นพิเศษ.
ทางมะพร้าว 0,น.,"ชื่องูขนาดกลางชนิด Elaphe radiata (Schlegel) ในวงศ์ Colubridae หัวสีน้ำตาลอมแดงด้านข้างมีลายสีดำจากตามาถึงปาก จากหัวถึงครึ่งลำตัวมีลายตามยาวหรือเป็นดวงสีดำสลับขาว เป็นรัศมีคล้ายแสงอาทิตย์ ส่วนที่เหลือถึงหางสีแดงอมน้ำตาล น้ำตาลอมแดง หรือน้ำตาลอมเหลือง ไม่มีพิษ, ก้านมะพร้าว ก็เรียก."
ทางม้าลาย 0,น.,พื้นที่ที่ทำไว้สำหรับให้คนเดินเท้าข้ามถนน โดยทาสีขาวดำเป็นแถบสลับกัน.
ทางร่วมทางแยก 0,น.,พื้นที่ที่ทางเดินรถตั้งแต่สองสายตัดผ่านกัน รวมบรรจบกัน หรือติดกัน.
ทางสาธารณะ 0,น.,ทางบกหรือทางนํ้าสำหรับประชาชนใช้ในการจราจร และหมายความรวมถึงทางรถไฟและทางรถรางที่มีรถเดินสำหรับประชาชนโดยสารด้วย.
ทางสามแพร่ง 0,น.,"ทางที่แยกเป็น ๓ สาย เกิดจากทางสายหนึ่งมาบรรจบเป็นมุมฉากกับทางอีกสายหนึ่ง, โบราณถือว่าเป็นทางผีผ่าน ไม่เป็นมงคล เช่น ไปทำพิธีเซ่นวักเสียกบาลที่ทางสามแพร่ง."
ทางสายกลาง 0,น.,มรรคมีองค์ ๘ อันเป็นทางสายเดียวที่จะนำไปสู่ความดับทุกข์ ประกอบด้วย ๑. สัมมาทิฐิ ความเห็นชอบ ๒. สัมมาสังกัปปะ ความดำริชอบ ๓. สัมมาวาจา การเจรจาชอบ ๔. สัมมากัมมันตะ การกระทำชอบ ๕. สัมมาอาชีวะ การเลี้ยงชีวิตชอบ ๖. สัมมาวายามะ ความพยายามชอบ ๗. สัมมาสติ ความระลึกชอบ ๘. สัมมาสมาธิ ความตั้งใจมั่นชอบ รวมเรียกว่า มัชฌิมาปฏิปทา แปลว่า ทางสายกลาง
ทางสายกลาง 1,น.,"การปฏิบัติที่ไม่ตึงนักไม่หย่อนนัก, การปฏิบัติที่ไม่ตึงไปทางใดทางหนึ่ง."
ทางออก 0,น.,"ทางรอด, วิธีแก้ปัญหา."
ทางเอก 0,น.,ทางที่รถแล่นผ่านไปได้ก่อนรถทางโท.
ทาฐ- 0,น.,เขี้ยว เช่น พระทาฐธาตุ คือ พระเขี้ยวแก้ว.
ทาฐะ 0,น.,เขี้ยว เช่น พระทาฐธาตุ คือ พระเขี้ยวแก้ว.
ทาฐิกะ 0,น.,เครา.
ทาฒะ 0,น.,เขี้ยว เช่น พระทาฐธาตุ คือ พระเขี้ยวแก้ว.
ทาฒิกะ 0,น.,เครา.
ท่าดีทีเหลว 0,ว.,มีท่าทางดี แต่ทำอะไรไม่ได้เรื่อง.
ท่าเดียว 0,ว.,"อย่างเดียว, ประการเดียว, ถ่ายเดียว, เช่น วัน ๆ จะเอาแต่กินท่าเดียว."
ท่าทาง 0,ว.,"กิริยาอาการที่ปรากฏให้เห็น เช่น ท่าทางดี ท่าทางไม่ดี, บางทีใช้ว่า ท่า ก็มี."
ท้าทาย 0,ก.,ชวนวิวาท เช่น เพราะเขาว่าท้าทายว่าจะทำอันตรายแก่ท่านไท้บรมนาถราชบิดา (ม. ร่ายยาว วนปเวสน์)
ท้าทาย 1,ก.,ชวนให้ทดลองความรู้ความสามารถ เช่น ท้าทายปัญญา ท้าทายความสามารถ.
ท่าที 0,น.,"ความเป็นไปของสถานการณ์หรือบุคคลเป็นต้น, ทีท่า ก็ว่า."
ทาน- 0,น.,"การให้, มักใช้ประกอบท้ายคำอื่น เช่น ธรรมทาน วิทยาทาน"
ทาน- 1,น.,"สิ่งที่ให้ มักหมายถึงเงินหรือสิ่งของที่คนให้แก่คนยากจน, เป็นธรรมข้อ ๑ ในสังคหวัตถุและทศพิธราชธรรม. (ดู สังคหวัตถุและทศพิธราชธรรม)."
ท่าน 0,ส.,"คำใช้แทนผู้ที่เราพูดด้วย เป็นคำกลาง ๆ หรือแสดงความเคารพ เป็นสรรพนามบุรุษที่ ๒, ใช้แทนผู้ที่เราพูดถึงด้วยความเคารพ เช่น ท่านไม่อยู่ คุณพ่อท่านหลับแล้ว หรือโดยไม่เจาะจง เช่น อย่าลักทรัพย์ท่าน เป็นสรรพนามบุรุษที่ ๓."
ท่าน 1,น.,คำที่ใช้ประกอบหน้าชื่อบรรดาศักดิ์หรือตำแหน่งแสดงความยกย่อง เช่น ท่านขุน ท่านอาจารย์ ท่านเจ้าอาวาส.
ทาน 0,น.,"การให้, มักใช้ประกอบท้ายคำอื่น เช่น ธรรมทาน วิทยาทาน"
ทาน 1,น.,"สิ่งที่ให้ มักหมายถึงเงินหรือสิ่งของที่คนให้แก่คนยากจน, เป็นธรรมข้อ ๑ ในสังคหวัตถุและทศพิธราชธรรม. (ดู สังคหวัตถุและทศพิธราชธรรม)."
ทาน 2,ก.,"ยันหรือรับไว้ เช่น ทานน้ำหนักไม่ไหว, มักใช้เข้าคู่กับคำ ต้าน เป็น ต้านทาน."
ทาน 3,ก.,"สอบหนังสือให้ถูกต้องหรือให้ตรงกับต้นฉบับ, ตรวจทาน ก็ว่า."
ทานกัณฑ์ 0,น.,ชื่อกัณฑ์ที่ ๓ ในมหาชาติ.
ท่านชาย 0,น.,คำเรียกหม่อมเจ้าชาย.
ทานต์ 0,ว.,"ที่ฝึกแล้ว, เชื่อง, ใจเย็น, ใจดี."
ทานตะวัน 0,น.,ชื่อไม้ล้มลุกชนิด Helianthus annuus L. ในวงศ์ Compositae ช่อดอกกลมใหญ่สีเหลือง ดอกเรียงซ้อนกันเป็นระเบียบ เมล็ดให้นํ้ามัน กินได้.
ทานบดี 0,น.,เจ้าของทาน.
ทานบน 0,น.,"ทัณฑ์บน, ถ้อยคำหรือหนังสือสัญญาว่าจะไม่ประพฤติละเมิดตามเงื่อนไขที่ได้ให้ไว้, เช่น ให้เอาตัวมาสบถษาบานเฉพาะพระพุทธพระธรรมพระสงฆเจ้าจงหนักหนา แล้วให้เรียกเอาทานบนไว้ครั้งหนึ่งก่อน ถ้าผู้นั้นมิละพะยศยังทำอยู่อิกไซ้ ก็ให้จับเอาตัวมาส่งให้ผู้รักษาเมืองผู้รั้งกรมการ (สามดวง)."
ทานบารมี 0,น.,คุณความดีที่ควรบำเพ็ญ คือ ทาน.
ท่านผู้หญิง 0,น.,"คำนำหน้าชื่อสตรีที่สมรสแล้วและได้รับพระราชทานเครื่องราชอิสริยาภรณ์จุลจอมเกล้าฝ่ายในชั้นทุติยจุลจอมเกล้าวิเศษขึ้นไป, ถ้ายังไม่ได้สมรสเรียกว่า คุณ, (โบ) คำนำหน้าชื่อสตรีที่เป็นภรรยาเอกของเจ้าพระยาและเป็นผู้ที่ได้รับพระราชทานเครื่องยศท่านผู้หญิง."
ทานพ 0,น.,อสูรจำพวกหนึ่งในนิยาย.
ทานมัย 0,ว.,"สำเร็จด้วยทาน, แล้วไปด้วยทาน, เป็นธรรมข้อ ๑ ในบุญกิริยาวัตถุ."
ท่านหญิง 0,น.,คำเรียกหม่อมเจ้าหญิง.
ท่านั้นท่านี้ 0,ว.,"อย่างนั้นอย่างนี้, โยกโย้, เช่น พูดท่านั้นท่านี้."
ทานาธิบดี 0,น.,"เจ้าของทาน, ผู้เป็นใหญ่ในการให้, เช่น ขอกุศลผลบุญจงบังเกิดแก่ทานาธิบดีในการทอดกฐินครั้งนี้."
ทาบ 0,ก.,"วางวัตถุสิ่งหนึ่งแนบกับอีกสิ่งหนึ่ง เช่น เอาผ้าทาบตัว เอามือทาบอก, (ปาก) เปรียบ, เทียบ, เช่น เรามีความรู้น้อยจะไปทาบท่านผู้รู้ได้อย่างไร"
ทาบ 1,ก.,"ตบ, ตี, เช่น นกทาบปีก, ถาบ ก็ใช้."
ทาบกิ่ง 0,น.,วิธีขยายพันธุ์ต้นไม้แบบหนึ่ง โดยใช้ต้นตอที่เพาะไว้ตัดให้สูงจากโคนต้นเล็กน้อยในลักษณะแฉลบ แล้วนำไปทาบที่กิ่งของอีกต้นหนึ่งซึ่งปาดให้แฉลบเช่นเดียวกับต้นตอที่จะทาบ ใช้แถบพลาสติกพันบริเวณที่ทาบให้แน่น.
ทาบกิ่ง 1,ก.,ขยายพันธุ์ด้วยวิธีการเช่นนั้น.
ทาบทาม 0,ว.,"หยั่งใจเขาดู, ลองหยั่งเสียงดู."
ทาบทาม 1,ก.,ติดต่อสอบถามเพื่อฟังความเห็นก่อนที่จะตกลงกัน.
ทาม 0,น.,"อุปกรณ์ที่มีลักษณะเป็นแผ่นคล้ายเข็มขัด ปลาย ๒ ข้างเป็นห่วงคาดอยู่ที่ต้นคอของวัวหรือควาย ปลายนั้นมีเชือกขึ้นไปผูกปลายตะโกกหรือแอกทั้ง ๒ ข้าง, เชือกหนังทำเป็นบ่วงสำหรับคล้องคอช้างที่จับใหม่ แล้วโยงมาผูกกับคอช้างต่อ, สายเชือกหรือหนังที่รั้งพวงมาลัยสวมคอม้าไปผูกกับรถ."
ทาม 1,ก.,ดาม
ทาม 2,ก.,"ลองดู, เลียบเคียง."
ทาม 3,น.,บึงหรือที่ราบลุ่ม มีนํ้าท่วมเป็นครั้งคราว.
ท่ามกลาง 0,น.,ที่ซึ่งอยู่ระหว่างกลางสิ่งแวดล้อม เช่น อยู่ในท่ามกลางประชาชน.
ท่ามกลาง 1,ว.,ระหว่างกลางสิ่งแวดล้อม เช่น อยู่ท่ามกลางอันตราย.
ท้าย 0,น.,"ส่วนที่อยู่สุดด้านหนึ่ง, ตรงข้ามกับ ด้านหัว เช่น ท้ายเรือ, ตรงข้ามกับ ด้านหน้า เช่น ท้ายวัง, ตรงข้ามกับ ต้น เช่น ท้ายฤดู."
ทาย 0,ก.,"บอกเหตุการณ์หรือความเป็นไปที่จะเกิดในเบื้องหน้า, ทำนาย ก็ว่า"
ทาย 1,ก.,"ถาม เช่น ทายปัญหา, ลองหาคำตอบ เช่น ทายสิว่ามีอะไรอยู่ในมือ."
ทาย 2,ก.,ยก เช่น ทายกรอำรุงรักษ์ รมเจด งามเอย (นิ. หริภุญชัย)
ทาย 3,ก.,ถือ เช่น ทายธนู ว่า ถือธนู.
ทาย- 0,ก.,ให้ ในคำว่า ทายสมบัติ คือ สมบัติที่ให้มาแล้ว ได้แก่ พรสวรรค์.
ทายก 0,น.,"ผู้ถวายจตุปัจจัยแก่ภิกษุสามเณร, ถ้าเป็นเพศหญิงเรียกว่า ทายิกา."
ท้ายเขื่อน 0,น.,ท้ายนํ้า.
ท้ายครัว 0,ว.,ทางภรรยา เช่น เข้าท้ายครัว หมายความว่า เข้าทางภรรยา.
ท้ายโต่ง 0,น.,ท้ายที่สูงโด่งขึ้นไป (ใช้แก่เรือ).
ท้ายทอย 0,น.,"ส่วนสุดของกะโหลกศีรษะด้านหลัง, กำด้น."
ท้ายน้ำ 0,น.,"บริเวณที่ระบายนํ้าออกทางด้านล่างของตัวเขื่อน, ท้ายเขื่อน ก็เรียก."
ท้ายฝน 0,น.,ปลายฤดูฝน.
ท้ายสังข์ 0,น.,ท้ายสุดของปืนใหญ่แบบไทย มีลักษณะงอนคล้ายก้นของหอยสังข์.
ทายัช 0,น.,ทรัพย์มรดก.
ทายาด 0,ว.,ยิ่งยวด เช่น ทนทายาด.
ทายาท 0,น.,"ผู้สืบสันดาน, ผู้สืบสกุล, โดยปริยายหมายถึงผู้รับหรือผู้อยู่ในฐานะที่จะรับตำแหน่งหน้าที่ต่อจากบุคคลอื่น เช่น ทายาททางการเมือง"
ทายาท 1,น.,บุคคลรวมทั้งทารกในครรภ์มารดาซึ่งมีสิทธิได้รับมรดกของผู้ตาย ถ้าสิทธินั้นเกิดขึ้นตามกฎหมาย เรียกว่า ทายาทโดยธรรม ถ้าสิทธินั้นเกิดขึ้นตามพินัยกรรม เรียกว่า ผู้รับพินัยกรรม.
ทายาทโดยธรรม 0,น.,ทายาทที่มีสิทธิตามกฎหมายในมรดกของผู้ตาย ได้แก่ คู่สมรสที่ยังมีชีวิตอยู่ ผู้สืบสันดาน บิดามารดา พี่น้องร่วมบิดามารดาเดียวกัน พี่น้องร่วมบิดาหรือร่วมมารดาเดียวกัน ปู่ ย่า ตา ยาย ลุง ป้า น้า อา ตามลำดับและส่วนแบ่งที่กฎหมายกำหนดไว้.
ทายิกา 0,น.,"ผู้ถวายจตุปัจจัยแก่ภิกษุสามเณร, ถ้าเป็นเพศหญิงเรียกว่า ทายิกา."
ทาร- 0,น.,เมีย เช่น สทารสันโดษ คือ การยินดีเฉพาะเมียของตน.
ทารก 0,น.,"เด็กที่ยังอยู่ในครรภ์, เด็กแบเบาะ, เด็กเล็ก ๆ, เด็กที่ยังไม่เดียงสา."
ท่ารถ 0,น.,ที่จอดรถโดยสารต้นทางและปลายทาง.
ทารพี 0,น.,"ทัพพี, ทรพี, เช่น จัดแจงข้าวปลาทารพี (ขุนช้างขุนแผน)."
ทาริกา 0,น.,เด็กหญิง.
ทารุ 0,น.,"ท่อนไม้, ฟืน, ชิ้นไม้."
ทารุณ 0,ว.,"ดุร้าย, โหดร้าย, ร้ายกาจ."
ทารุณ- 0,ว.,"ดุร้าย, โหดร้าย, ร้ายกาจ."
ทารุณกรรม 0,น.,การกระทำอย่างโหดร้าย.
ท่าเรือ 0,น.,"ที่จอดเรือ, สถานที่สำหรับให้บริการแก่เรือในการจอด เทียบบรรทุก หรือขนถ่ายของ."
ท่าว 0,ก.,"ล้ม, ทบ, ยอบลง, เช่น ก็กรลับกรลอกแทง ทีเดียวก็ท่าวล้มในกลางแปลง (อนิรุทธ์), ซ้ำ เช่น ก้มเกล้าท่าวทวน ทำนูญบำบวงสรวลเสร (อนิรุทธ์)"
ท่าว 1,ก.,เดิน
ท่าว 2,ก.,ทอดทิ้ง.
ท้าว 0,น.,"ผู้เป็นใหญ่, พระเจ้าแผ่นดิน, (โดยมากใช้ในบทกลอน), เช่น ท้าวยศวิมล"
ท้าว 1,น.,"ตำแหน่งหญิงอาวุโส ซึ่งเป็นเจ้าจอม เจ้าจอมมารดาในรัชกาลก่อนหรือหญิงราชนิกุล ซึ่งพระเจ้าแผ่นดินโปรดเกล้าฯ ตั้งไว้ในตำแหน่งสำหรับดูแลราชกิจฝ่ายในพระราชวัง เช่น ท้าวทรงกันดาล ท้าวสมศักดิ์, (ปาก) คุณท้าว นางท้าว"
ท้าว 2,น.,คำประกอบชื่อผู้ชายที่เป็นเชื้อสายเจ้าหรือขุนนาง.
ท่าว 3,ว.,"เท่า,ราวกับ, เช่น กูเปนใหญ่บังคับ ให้เขาจับทำโพย โดยพลการเขาหลาย ผิดเชิงนายกับบ่าว ท่าวจักทอดธุระ กะว่าฝันเป็นแน่ (นิทราชาคริต)."
ท้าว 3,ว.,อาการสั่นรัว ๆ เช่น ความกลัวตัวสั่นอยู่ท้าวท้าว (สังข์ทอง).
ท่าวกำลัง 0,ก.,เดินพล.
ท่าวทบระนับ 0,ก.,ล้มหกคะเมนทับกัน.
ท้าวนาง 0,น.,หญิงซึ่งรับบรรดาศักดิ์และมีหน้าที่รับราชการฝ่ายในในพระบรมมหาราชวัง
ท้าวนาง 1,น.,นางพญา.
ท้าวพญา 0,น.,กษัตริย์.
ท้าวพระยา 0,น.,กษัตริย์.
ทาษ 0,น.,ทาส.
ทาส 0,น.,"ผู้ที่ขายตัวลงเป็นคนรับใช้หรือที่นายเงินไถ่ค่าตัวมา เรียกว่า ทาสนํ้าเงิน, ผู้ที่เป็นลูกของทาสนํ้าเงิน เรียกว่า ทาสเรือนเบี้ย หรือ ทาสในเรือนเบี้ย, ทาสที่เอาเงินไปซื้อมา เรียกว่า ทาสสินไถ่, ผู้ที่เป็นคนเชลย เรียกว่า ทาสเชลย, ถ้าใช้คู่กันว่า ทาสทาสี ก็หมายความว่า ทาส เป็นบ่าวผู้ชาย และ ทาสี เป็นบ่าวผู้หญิง"
ทาส 1,น.,"ผู้ที่ยอมตนให้ตกอยู่ในอำนาจสิ่งใดสิ่งหนึ่ง เช่น เป็นทาสการพนัน เป็นทาสยาเสพติด เป็นทาสความรัก เป็นทาสเงิน, ผู้ที่อุทิศตนแก่สิ่งที่เลื่อมใสศรัทธา เช่น เป็นทาสความรู้."
ทาส- 0,น.,"ผู้ที่ขายตัวลงเป็นคนรับใช้หรือที่นายเงินไถ่ค่าตัวมา เรียกว่า ทาสนํ้าเงิน, ผู้ที่เป็นลูกของทาสนํ้าเงิน เรียกว่า ทาสเรือนเบี้ย หรือ ทาสในเรือนเบี้ย, ทาสที่เอาเงินไปซื้อมา เรียกว่า ทาสสินไถ่, ผู้ที่เป็นคนเชลย เรียกว่า ทาสเชลย, ถ้าใช้คู่กันว่า ทาสทาสี ก็หมายความว่า ทาส เป็นบ่าวผู้ชาย และ ทาสี เป็นบ่าวผู้หญิง"
ทาส- 1,น.,"ผู้ที่ยอมตนให้ตกอยู่ในอำนาจสิ่งใดสิ่งหนึ่ง เช่น เป็นทาสการพนัน เป็นทาสยาเสพติด เป็นทาสความรัก เป็นทาสเงิน, ผู้ที่อุทิศตนแก่สิ่งที่เลื่อมใสศรัทธา เช่น เป็นทาสความรู้."
ทาสทาน 0,น.,ทานอย่างเลว คือ อาการที่โยนให้หรือให้โดยไม่เต็มใจ.
ทาสน้ำเงิน 0,น.,ทาสที่ขายตัวแก่นายเงิน หรือที่นายเงินไถ่ค่าตัวมา.
ทาสปัญญา 0,น.,"“ปัญญาอย่างทาส”, ความคิดตํ่า."
ทาสปัญญา 1,ว.,"โง่เขลาเบาปัญญา, มีสติปัญญาน้อย, เช่น คนทาสปัญญา."
ทาสี 0,น.,"ทาสผู้หญิง, บ่าวผู้หญิง."
ท่าอากาศยาน 0,น.,"ที่สำหรับเครื่องบินขึ้นลง ประกอบด้วยลานจอดเครื่องบิน ลู่เครื่องบินขึ้นลง โรงเก็บอุปกรณ์การบิน หอบังคับการบิน ที่ทำการของเจ้าหน้าที่ และที่พักผู้โดยสารเข้าออกเป็นต้น, (ปาก) สนามบิน."
ทำ 0,ก.,"กระทำ, ประกอบขึ้น, ผลิตขึ้น, สร้างขึ้น, ก่อขึ้น, เช่น ทำเก้าอี้ ทำโต๊ะ ทำรองเท้า ทำรัง"
ทำ 1,ก.,ประกอบการงาน เช่น ทำนา ทำสวน ทำโป๊ะ
ทำ 2,ก.,"ดำเนินการ, ปฏิบัติงาน, เช่น ทำหน้าที่ประธาน ทำตามคำสั่ง ทำตามกฎหมาย"
ทำ 3,ก.,แต่งให้งาม เช่น ทำผม ทำนัยน์ตา ทำจมูก
ทำ 4,ก.,"คิดและปฏิบัติไปตามกฎเกณฑ์ที่กำหนดไว้ เช่น ทำเลข ทำการฝีมือ, ประกอบพิธีกรรมเกี่ยวกับการนั้น ๆ เช่น ทำวัตร ทำศพ"
ทำ 5,ก.,แสดง เช่น ทำเบ่ง
ทำ 6,ก.,ศึกษาในระดับปริญญา เช่น ทำปริญญา ทำดอกเตอร์.
ทำกรรม 0,ก.,ทำสิ่งที่เป็นทุกข์เป็นโทษ.
ทำกรรมทำเวร 0,ก.,ทำสิ่งที่เป็นทุกข์เป็นโทษ.
ทำการบ้าน 0,ก.,ทำงานหรือทำแบบฝึกหัดตามที่ครูอาจารย์สั่งให้ทำนอกเวลาเรียน.
ทำขวัญ 0,ก.,ทำพิธีเชิญขวัญหรือเรียกขวัญมาอยู่กับตัว เช่น ทำขวัญนาค ทำขวัญเรือน
ทำขวัญ 1,ก.,"ให้เงินหรือสิ่งของเพื่อปลอบใจ หรือเพื่อชดใช้ค่าเสียหายให้แก่ผู้อื่น, เสียเงินค่าปรับให้แก่ผู้ถูกทำร้ายหรือถูกหมิ่นประมาท."
ทำครัว 0,ก.,หุงหาอาหาร.
ทำคลอด 0,ก.,ช่วยให้ทารกคลอดจากครรภ์มารดา.
ทำความ 0,ก.,"ก่อเหตุขึ้น, ก่อเรื่องขึ้น."
ทำคุณ 0,ก.,"ประกอบพิธีเพื่อทำร้ายฝ่ายตรงข้ามโดยใช้เวทมนตร์คาถาเสกสิ่งใดสิ่งหนึ่งให้เข้าไปอยู่ในตัวของอีกฝ่ายหนึ่งเป็นต้น, ทำคุณทำไสย ก็ว่า."
ทำคุณแก่ใคร เหมือนไฟตกน้ำ 0,ก.,ทำความดีต่อผู้อื่น แต่ผู้นั้นไม่ตอบสนองในทางที่ดี.
ทำคุณทำไสย 0,ก.,"ประกอบพิธีเพื่อทำร้ายฝ่ายตรงข้ามโดยใช้เวทมนตร์คาถาเสกสิ่งใดสิ่งหนึ่งให้เข้าไปอยู่ในตัวของอีกฝ่ายหนึ่งเป็นต้น, ทำคุณไสย หรือ ทำคุณ ก็ว่า."
ทำคุณบูชาโทษ 0,ก.,"ทำความดีต่อผู้อื่น แต่กลับเป็นโทษแก่ผู้ทำ, ทำดีแต่กลับเป็นร้าย, มักใช้พูดเข้าคู่กับ โปรดสัตว์ได้บาป."
ทำคุณไม่ขึ้น 0,ก.,ทำความดีต่อผู้อื่น แต่ผู้นั้นไม่เห็นความดี.
ทำคุณไสย 0,ก.,"ประกอบพิธีเพื่อทำร้ายฝ่ายตรงข้ามโดยใช้เวทมนตร์คาถาเสกสิ่งใดสิ่งหนึ่งให้เข้าไปอยู่ในตัวของอีกฝ่ายหนึ่งเป็นต้น, ทำคุณทำไสย ก็ว่า."
ทำงน 0,ก.,"ห่วงใย, ยุ่งใจ."
ทำงน 1,น.,ภาระ.
ทำเจ็บ 0,ก.,"ทำให้เดือดร้อนเสียหาย, ทำเสียเจ็บ หรือ ทำเอาเจ็บ ก็ว่า."
ทำใจ 0,ก.,ควบคุมใจ.
ทำได้ลงคอ 0,ก.,"ทำอย่างไม่เกรงใจ, ทำโดยไม่ยั้งคิด, ทำโดยไม่เมตตาปรานี."
ทำตัว 0,ก.,"วางตัว, ประพฤติ, เช่น ทำตัวดี ทำตัวไม่ดี."
ทำตา 0,ก.,แสดงความรู้สึกด้วยสายตา เช่น ทำตาเล็กตาน้อย ทำตาขุ่นตาเขียว.
ทำท่า 0,ก.,แสดงกิริยาหรืออาการอย่างใดอย่างหนึ่ง.
ทำที 0,ก.,แสดงกิริยาหรืออาการให้ผู้อื่นสำคัญผิด.
ทำเทียม 0,ก.,เลียนแบบ จำลอง หรือทำเอาอย่างด้วยวิธีการใด ๆ ให้เหมือนหรือคล้ายของจริง ทั้งนี้ไม่ว่าจะมีขนาด รูปลักษณะ และวัสดุอย่างเดิมหรือไม่.
ทำแท้ง 0,ก.,"รีดลูก, มีเจตนาทำให้ทารกออกจากครรภ์มารดาก่อนกำหนดและตาย."
ทำโทษ 0,ก.,ลงโทษ.
ทำนบ 0,น.,"สิ่งก่อสร้างที่ปิดกั้นลำน้ำไม่ให้น้ำไหลผ่าน, ที่กั้นน้ำเพื่อการชลประทาน."
ทำนวย 0,น.,"หมู่, เหล่า, (แผลงมาจาก ทวย)."
ทำนวย 1,น.,ไม้ค้ำยันที่รับเต้า บางทีทำเป็นรูปนาค.
ทำนวย 2,ก.,น้อมลงมา เช่น ธก็ปลิดเอาลูกไม้จากศาขยอันทำนวย (ม. คำหลวง วนประเวศน์).
ทำนวย 3,ว.,"ระทวย, อ่อน, งอน, เช่น แท้ทวยทำนวยน้อม ทำนองนาคแนมฝา (สมุทรโฆษ)."
ทำนอง 0,น.,"ทาง, แบบ, แบบอย่าง, เช่น ทำนองคลองธรรม ทำนองเดียวกัน"
ทำนอง 1,น.,กลุ่มเสียงสูงต่ำที่จัดให้ดำเนินไปอย่างเป็นระเบียบ มีจังหวะสั้นยาว เช่น ทำนองสวด ทำนองเพลง ทำนองเทศน์.
ทำนองเก็บ 0,น.,"วิธีบรรเลงเครื่องดนตรีดำเนินทำนองทั่วไปที่เพิ่มเติมเสียงสอดแทรกให้มีพยางค์ถี่ขึ้นมากกว่าทำนองเนื้อเพลงธรรมดา, ทำนองเก็บ หรือ ลูกเก็บ ก็เรียก."
ทำนองเสนาะ 0,น.,วิธีการอ่านออกเสียงอย่างไพเราะตามลีลาของบทร้อยกรองประเภทโคลง ฉันท์ กาพย์ กลอน.
ทำนาบนหลังคน 0,ก.,หาผลประโยชน์ใส่ตนโดยขูดรีดผู้อื่น.
ทำนาย 0,ก.,"บอกเหตุการณ์หรือความเป็นไปที่จะเกิดในเบื้องหน้า, ทาย ก็ว่า."
ทำนาออมกล้า ทำปลาออมเกลือ 0,ก.,ทำการสิ่งใดถ้ากลัวหมดเปลืองย่อมไม่ได้ผลสมบูรณ์.
ทำนุ 0,ก.,"บำรุง, อุดหนุน."
ทำนุบำรุง 0,ก.,เอาใจใส่ดูแลเลี้ยงดู เช่น ทำนุบำรุงบิดามารดา ทำนุบำรุงบุตรธิดา
ทำนุบำรุง 1,ก.,"ซ่อมแซมรักษา, อุดหนุนให้เจริญขึ้น, เช่น ทำนุบำรุงวัด"
ทำนุบำรุง 2,ก.,ธำรงรักษาไว้ เช่น ทำนุบำรุงศาสนา ทำนุบำรุงบ้านเมือง
ทำนุบำรุง 3,ก.,ทะนุบำรุง ก็ว่า.
ทำนูล 0,ก.,"บอก, กล่าว, เช่น อันว่าพราหมณ์ทั้งหลาย ก็ทำนายโดยทำนูล (ม. คำหลวง มหาราช)"
ทำนูล 1,ก.,ยกขึ้นเทินหัว. (แผลงมาจาก ทูล).
ทำเนียบ 0,น.,"ที่พักทางราชการของผู้มีตำแหน่งสูง เช่น ทำเนียบผู้สำเร็จราชการ, ที่ทำการของคณะรัฐบาล เรียกว่า ทำเนียบรัฐบาล."
ทำเนียบ 1,ก.,"เทียบ, เปรียบ."
ทำเนียบ 2,น.,การลำดับตำแหน่งหน้าที่ซึ่งวางเป็นระเบียบแบบแผนขึ้นไว้ เช่น ทำเนียบสมณศักดิ์ ทำเนียบข้าราชการ.
ทำเนียบนาม 0,น.,"นามต่าง ๆ ที่พระมหากษัตริย์โปรดให้ขนานเป็นทำเนียบไว้ เช่น นามพระราชวัง นามพระที่นั่ง นามประตู นามป้อม ตลอดจนถึงนามที่ทางราชการเรียก, การลำดับนามช้างม้าสำคัญของหลวง เช่น ทำเนียบนามช้างสำคัญ ทำเนียบนามม้าสำคัญ."
ทำเนียม 0,ว.,"เทียม, แนบ, ชิด, เช่น ใครโทจะเท่าเทียม ทำเนียมพักตรเล้าโลม เล้าลูบตระโบมโสม รูปกฤตย์ฤดีดาย (อนิรุทธ์)."
ทำเนียม 1,น.,ธรรมเนียม.
ทำบท 0,ก.,ทำท่าตามบทบาทที่แสดง.
ทำบาป 0,ก.,"ประกอบกรรมชั่ว มีการฆ่าสัตว์ตัดชีวิตเป็นต้น, ทำบาปทำกรรม ก็ว่า."
ทำบุญ 0,ก.,"ประกอบกรรมดี มีการเลี้ยงพระ ตักบาตร ถวายจตุปัจจัยแก่พระสงฆ์ เป็นต้น, ทำบุญทำกุศล ก็ว่า."
ทำบุญเอาหน้า 0,ก.,"ทำบุญเพื่ออวดผู้อื่น ไม่ใช่ทำด้วยใจบริสุทธิ์, มักพูดเข้าคู่กับ ภาวนากันตาย."
ทำปลา 0,ก.,ทำปลาให้สะอาดด้วยการขอดเกล็ด ผ่าท้องเอาไส้พุงออกเป็นต้นให้เหมาะแก่การปรุงอาหาร.
ทำปากทำคอ 0,ก.,จีบปากจีบคอเวลาพูด.
ทำเป็น 0,ก.,"แสร้งแสดง เช่น ทำเป็นหลับ, ใช้ว่า ทำเป็นว่า ก็มี"
ทำเป็น 1,ก.,วางท่า เช่น ทำเป็นคุณนาย ทำเป็นสาว.
ทำไปทำมา 0,ก.,"ในที่สุด, ผลสุดท้าย, เช่น ทำไปทำมากลับได้กำไร ทำไปทำมาจวนติดตะราง."
ทำพิษ 0,ก.,ให้ผลร้าย.
ทำไพ่ 0,ก.,ละเลงไพ่ให้คละกันแล้วรวบเข้าเป็นกองใหม่หลังจากกินแต่ละตาแล้ว.
ทำฟัน 0,ก.,ทำให้ฟันอยู่ในสภาพปรกติหรือใช้การได้ด้วยการอุด ถอน หรือใส่ฟันใหม่ เป็นต้น.
ทำไฟ 0,ก.,เดินสายไฟ
ทำไฟ 1,ก.,ทำให้เกิดกระแสไฟ เช่น เครื่องทำไฟ.
ทำมัง 0,น.,"ชื่อไม้ต้นหลายชนิดในสกุล Litsea วงศ์ Lauraceae เช่น ชนิด L. ellipticaBlume ใบและเนื้อไม้มีกลิ่นคล้ายแมงดา, ชะมัง ก็เรียก."
ทำไม 0,ว.,"เพราะเหตุไร, เพราะอะไร, เพื่ออะไร."
ทำไม 1,ก.,ทำอะไร เช่น ฉันจะทำอย่างนี้ ใครจะทำไม.
ทำไม้ 0,ก.,ตัด ฟัน กาน โค่น ลิด เลื่อย ผ่า ถาก ทอน ขุด ชักลากไม้ในป่า หรือนำไม้ออกจากป่าด้วยประการใด ๆ และหมายความรวมถึงการกระทำดังกล่าวกับไม้สักหรือไม้ยางที่ขึ้นอยู่ในที่ดินที่มิใช่ป่า หรือการนำไม้สักหรือไม้ยางออกจากที่ดินที่ไม้นั้น ๆ ขึ้นอยู่ด้วย.
ทำไม้ทำมือ 0,ก.,แสดงกิริยาโดยใช้มือเพื่อเป็นเครื่องหมายอย่างใดอย่างหนึ่ง.
ทำร้าย 0,ก.,ทำให้บาดเจ็บหรือเสียหาย.
ทำร้ายร่างกาย 0,น.,เป็นฐานความผิดอาญา ที่ผู้กระทำทำร้ายผู้อื่นจนเป็นเหตุให้เกิดอันตรายแก่กายหรือจิตใจของผู้อื่นนั้น.
ทำฤทธิ์ 0,ก.,"ทำพยศหรืออาละวาดเพื่อให้ได้รับการเอาอกเอาใจ (มักใช้แก่เด็ก), ทำฤทธิ์ทำเดช ก็ว่า."
ทำลาย 0,ก.,"อาการที่ทำให้สิ่งซึ่งเป็นกลุ่มก้อนแตกหักหรือพังกระจัดกระจาย, ทำให้พัง เช่น ทำลายกำแพง, ทำให้ฉิบหาย เช่น ทำลายวงศ์ตระกูล, ทำให้หมดสิ้นไป เช่น ทำลายชื่อเสียง ทำลายหลักฐาน."
ทำลายขวัญ 0,ก.,ทำให้เสียขวัญ.
ทำลายสถิติ 0,ก.,สร้างสถิติขึ้นมาใหม่ให้ดีกว่าเหนือกว่าสถิติเดิม.
ทำลิง 0,ก.,"ทำอาการซุกซนอย่างลิงอย่างค่าง, ทำลิงทำค่าง ก็ว่า."
ทำเล 0,น.,"ถิ่นที่, ตำบล, ภูมิที่ตั้ง, (มักใช้แก่แหล่งทำมาหากิน) เช่น ทำเลการค้า."
ทำวน 0,ก.,"ห่วงใย, วุ่นวายใจ."
ทำวัตร 0,ก.,"กระทำกิจที่พึงกระทำตามหน้าที่หรือธรรมเนียมเช่นไหว้พระสวดมนต์เช้าคํ่าของพุทธบริษัท, ทำวัตรพระ ก็ว่า"
ทำวัตร 1,ก.,ทำสามีจิกรรมตามธรรมเนียมของพระภิกษุ เช่น ก่อนเข้าพรรษาพระภิกษุต้องไปทำวัตรพระอุปัชฌาย์ที่อยู่ต่างจังหวัด.
ทำวัตรค่ำ 0,ก.,ไหว้พระสวดมนต์ในตอนเย็นหรือคํ่า.
ทำวัตรเช้า 0,ก.,ไหว้พระสวดมนต์ในตอนเช้า.
ทำวัตรเย็น 0,ก.,ไหว้พระสวดมนต์ในตอนเย็นหรือคํ่า.
ทำเวร 0,ก.,ผลัดเปลี่ยนเวรกันทำงาน โดยเฉพาะทำความสะอาดห้องเรียนของนักเรียน
ทำเวร 1,ก.,"ก่อเวร, ผูกเวร, ทำเวรทำกรรม ก็ว่า."
ทำเวลา 0,ก.,"ทำให้ได้ตามเวลาที่กำหนด, เร่งให้เร็วขึ้น."
ทำสาว 0,ก.,ตบแต่งช่องคลอดให้เหมือนสภาพเดิม.
ทำเสน่ห์ 0,ก.,ทำให้เพศตรงข้ามหลงรักด้วยวิธีการทางไสยศาสตร์.
ทำเสียเจ็บ 0,ก.,"ทำให้เดือดร้อนเสียหาย, ทำเจ็บ หรือ ทำเอาเจ็บ ก็ว่า."
ทำหน้าทำตา 0,ก.,แสดงกิริยาอาการทางหน้าตา เช่น ทำหน้าทำตาล้อหลอก.
ทำหมัน 0,ก.,ทำการคุมกำเนิดโดยกรรมวิธีที่จะไม่ให้ชายหรือหญิงสามารถมีลูกอีกต่อไป.
ทำหูทวนลม 0,ก.,ได้ยินแต่ทำเป็นไม่ได้ยิน.
ทำเหตุ 0,ก.,ก่อเหตุ.
ทำให้ 0,ก.,เป็นเหตุให้ เช่น ทำให้เขาได้เรียนจบ ทำให้เขาต้องออกจากงาน.
ทำให้แท้งลูก 0,น.,เป็นฐานความผิดอาญา ที่ผู้กระทำทำให้ลูกในท้องของหญิงไม่สามารถมีชีวิตอยู่ได้ และให้การตั้งครรภ์สิ้นสุดลง.
ทำให้เสียทรัพย์ 0,น.,เป็นฐานความผิดอาญา ที่ผู้กระทำทำให้เสียหาย ทำลาย ทำให้เสื่อมค่าหรือทำให้ไร้ประโยชน์ ซึ่งทรัพย์ของผู้อื่นหรือผู้อื่นเป็นเจ้าของรวมอยู่ด้วย.
ทำเอา 0,ก.,เป็นเหตุให้ (ใช้ในทางไม่ดี) เช่น ทำเอาเขายํ่าแย่ไป.
ทำเอาเจ็บ 0,ก.,"ทำให้เดือดร้อนเสียหาย, ทำเจ็บ หรือ ทำเสียเจ็บ ก็ว่า."
ทิคัมพร 0,น.,"ชื่อนิกายในศาสนาเชน นักบวชนิกายนี้ประพฤติตนเป็นคนเปลือยกาย, คู่กับ นิกายเศวตัมพรหรือเศวตามพร. [ป., ส. ทิคฺ (ทิศ, ฟ้า) + อมฺพร (เครื่องนุ่งห่ม) = ผู้มีฟ้าเป็นเครื่องนุ่งห่ม หมายความว่า ไม่นุ่งผ้า]."
ทิฆัมพร 0,น.,"ท้องฟ้า. [ป. ทีฆ + อมฺพร (อากาศ, กลางหาว)]."
ทิ้ง 0,ก.,"ทำให้สิ่งใดสิ่งหนึ่งที่ถืออยู่หลุดจากมือด้วยอาการต่าง ๆ, ถ้าด้วยอาการขว้าง เรียกว่า ขว้างทิ้ง, ถ้าด้วยอาการโยน เรียกว่า โยนทิ้ง, ถ้าด้วยอาการเท เรียกว่า เททิ้ง เป็นต้น"
ทิ้ง 1,ก.,"สละ เช่น ทิ้งทาน, ละไป เช่น ทิ้งบ้าน ทิ้งเรือน, โยนหรือเทเสียโดยไม่ต้องการ เช่น ทิ้งขยะ, ปล่อยลง เช่น ทิ้งระเบิด, ปล่อยไว้ เช่น ทิ้งไว้ให้เย็น, เหลือไว้ เช่น ทิ้งเงินไว้ให้ใช้, เว้น เช่น ทิ้งระยะ ทิ้งช่วง"
ทิ้ง 2,ก.,เรียกแพรหรือผ้าเนื้อหนัก ๆ ลื่น ๆ ที่มีลักษณะถ่วงหรือทิ้งตัวลง ว่า ผ้าเนื้อทิ้ง หรือ ผ้าทิ้งตัว
ทิ้ง 3,ก.,โดยปริยายหมายความว่า ปล่อยด้วยกิริยาอาการคล้ายคลึงเช่นนั้น เช่น ทิ้งลูกทิ้งเมีย ทิ้งบ้าน ทิ้งการเล่าเรียน ทิ้งเพื่อน ทิ้งกันเสียไกล พูดทิ้งไว้ที.
ทิ้ง ๆ ขว้าง ๆ 0,ก.,เอาใจใส่ดูแลบ้างไม่เอาใจใส่ดูแลบ้าง.
ทิ้งกระจาด 0,น.,ประเพณีทางศาสนาอย่างหนึ่งของจีน โดยนำอาหาร ข้าวสาร และเงินใส่กระจาดเล็ก ๆ ทิ้งให้คนยากจนแย่งกันแบบโปรยทาน ต่อมาใช้ทิ้งติ้วหรือสลากสำหรับนำไปขึ้นของแทน.
ทิ้งขว้าง 0,ก.,"ไม่เอาใจใส่ดูแล, พรากหนีไป."
ทิ้งจดหมาย 0,ก.,ส่งจดหมายทางไปรษณีย์.
ทิงเจอร์ 0,น.,สารละลายที่ใช้เอทิลแอลกอฮอล์เป็นตัวทำละลาย เช่น ทิงเจอร์ไอโอดีน คือ สารละลายที่เกิดจากการละลายผลึกไอโอดีนในเอทิลแอลกอฮอล์.
ทิ้งถ่วง 0,น.,"ชื่อแมลงพวกด้วงหลายชนิดหลายสกุล ในวงศ์ Lampyridae ลำตัวเป็นรูปทรงกระบอก ด้านปลายของส่วนท้องมีปล้องทำแสง ๒ ปล้องในเพศผู้ และ ๑ ปล้องในเพศเมีย โดยแสงเกิดจากสารลูซิเฟอรินทำปฏิกิริยากับออกซิเจน ความถี่และช่วงของแสงนั้นแตกต่างกันแล้วแต่ชนิด บางชนิดตัวเมียไม่มีปีก ที่พบมากตามแหล่งน้ำจืด เช่น ชนิด Luciola aquatilis Thaneharoen ที่พบตามป่าชายเลน เช่น ชนิด Pteroptyx malaccae (Gorham), ทิ้งถ่วง แมลงแสง หรือ แมลงไฟ ก็เรียก."
ทิ้งถ่อน 0,น.,ชื่อไม้ต้นขนาดใหญ่ชนิด Albizia procera (Roxb.) Benth. ในวงศ์ Leguminosae ใบมน ๆ เล็ก ๆ ดอกสีเหลือง เปลือกใช้ทำยาได้.
ทิ้งทวน 0,ก.,"ทำอย่างไว้ฝีมือ, ทำจนสุดความสามารถ, ไม่ทำอีกต่อไป"
ทิ้งทวน 1,ก.,ปล่อยฝีมือฝีปากเป็นครั้งสุดท้ายก่อนจะเลิกไป
ทิ้งทวน 2,ก.,ฉวยโอกาสทำเป็นครั้งสุดท้ายก่อนจะหมดอำนาจ.
ทิ้งทาน 0,ก.,"ให้ทานโดยวิธีหว่านหรือโปรยสตางค์หรือเหรียญ, โปรยทาน ก็ว่า."
ทิ้งท้าย 0,ก.,ปล่อยทีเด็ดตอนลงท้าย.
ทิ้งทูด 0,น.,"ชื่อนกชนิดหนึ่งในจำพวกนกทึดทือ, เท้งทูด ก็ว่า."
ทิ้งไพ่ 0,ก.,ปล่อยไพ่ตัวที่ไม่ต้องการให้แก่มือล่าง.
ทิ้งฟ้อง 0,ก.,การที่โจทก์เพิกเฉยไม่ร้องขอต่อพนักงานเจ้าหน้าที่เพื่อให้ส่งหมายเรียกให้แก้คดีแก่จำเลย และไม่แจ้งให้ศาลทราบเหตุแห่งการเพิกเฉยเช่นว่านั้นภายในกำหนดเจ็ดวัน นับแต่วันยื่นคำฟ้อง หรือการที่โจทก์เพิกเฉยไม่ดำเนินคดีภายในเวลาที่ศาลเห็นสมควรกำหนดไว้เพื่อการนั้นโดยได้ส่งคำสั่งให้แก่โจทก์โดยชอบแล้ว.
ทิ้งย่อ 0,ก.,กระโดดลงมาแล้วย่อหัวเข่าพร้อมกับเหยียดแขนทั้ง ๒ ไปข้างหน้า.
ทิ้งลูกมะพร้าว 0,น.,"ท่ากระโดดนํ้าอย่างหนึ่ง เวลากระโดดงอเข่าทั้ง ๒ ขึ้นมา แล้วเอามือทั้ง ๒ รวบเข่า ทิ้งก้นลงไป, มัดหมู ก็ว่า."
ทิช- 0,น.,ผู้เกิด ๒ ครั้ง คือ นก และพราหมณ์.
ทิชชู 0,น.,กระดาษเนื้อบาง นุ่ม ใช้เช็ดหน้า เช็ดมือ เช็ดปาก เป็นต้น.
ทิชะ 0,น.,ผู้เกิด ๒ ครั้ง คือ นก และพราหมณ์.
ทิชากร 0,น.,"นก, หมู่นก"
ทิชากร 1,น.,พราหมณ์.
ทิชาชาติ 0,น.,"นก, หมู่นก"
ทิชาชาติ 1,น.,พราหมณ์.
ทิฏฐะ 0,ว.,"อันบุคคลเห็นแล้ว, ทันตาเห็น."
ทิฏฐานุคติ 0,น.,แนวทางตามที่เห็นที่ยึดถือเป็นแบบอย่างได้.
ทิฏฐุชุกรรม 0,น.,การทำความเห็นให้ตรง คือ เห็นถูกทาง เช่น เห็นว่า ทำดีได้ดี ทำชั่วได้ชั่ว (เป็นข้อหนึ่งในบุญกิริยาวัตถุ ๑๐ คือ ทานมัย สีลมัย ภาวนามัย อปจายนมัย เวยยาวัจจมัย ปัตติทานมัย ปัตตานุโมทนามัย ธัมมัสสวนมัย ธัมมเทสนามัย ทิฏฐุชุกรรม).
ทิฐ- 0,ว.,"อันบุคคลเห็นแล้ว, ทันตาเห็น."
ทิฐธรรม 0,น.,"“ธรรมทันตาเห็น”, ความเป็นไปที่เห็นในชาตินี้."
ทิฐิ 0,น.,ความเห็น เช่น สัมมาทิฐิ ความเห็นชอบ มิจฉาทิฐิ ความเห็นผิด
ทิฐิ 1,น.,ความอวดดื้อถือดี เช่น เขามีทิฐิมาก.
ทิด 0,น.,คำนำหน้าชื่อผู้ที่สึกจากพระ เช่น ทิดบุญ ทิดเกิด.
ทิต 0,ว.,"รุ่งเรือง, สว่าง."
ทิน- 0,น.,วัน เช่น ปฏิทิน อนุทิน.
ทิน 0,ก.,ให้แล้ว เช่น ราชทินนาม.
ทิน 1,น.,วัน เช่น ปฏิทิน อนุทิน.
ทินกร 0,น.,พระอาทิตย์.
ทินศูนย์ 0,น.,วันร้าย (ใช้ในตำราหมอดู).
ทินาท 0,น.,เวลาตั้งแต่ยํ่ารุ่งถึงเที่ยงวัน.
ทิพ 0,น.,"สวรรค์, ชั้นฟ้า, เทวโลก"
ทิพ 1,น.,"วัน. (ป., ส. ทิว)."
ทิพ 2,ว.,เป็นของเทวดา เช่น ทิพสมบัติ.
ทิพ- 0,น.,"สวรรค์, ชั้นฟ้า, เทวโลก"
ทิพ- 1,น.,"วัน. (ป., ส. ทิว)."
ทิพ- 2,ว.,เป็นของเทวดา เช่น ทิพสมบัติ.
ทิพจักขุ 0,น.,"ตาทิพย์ คือ จะดูอะไรเห็นได้ทั้งหมด, เป็นอภิญญาอย่าง ๑ ในอภิญญา ๖."
ทิพญาณ 0,น.,"กลพยานประเภทหนึ่ง เป็นพยานที่เชื่อถือได้ เช่น ภิกษุผู้ทรงธรรม พราหมณาจารย์ผู้ทรงศีลพรต นักปราชญ์ราชบัณฑิตผู้ทรงธรรม ขุนนางผู้มีบรรดาศักดิ์, ในสามดวงเขียนเป็น ทิพญาณ หรือ ทิพพญาณ, ทิพยพยาน ก็ว่า."
ทิพพญาณ 0,น.,"กลพยานประเภทหนึ่ง เป็นพยานที่เชื่อถือได้ เช่น ภิกษุผู้ทรงธรรม พราหมณาจารย์ผู้ทรงศีลพรต นักปราชญ์ราชบัณฑิตผู้ทรงธรรม ขุนนางผู้มีบรรดาศักดิ์, ในสามดวงเขียนเป็น ทิพญาณ หรือ ทิพพญาณ, ทิพยพยาน ก็ว่า."
ทิพพยาน 0,น.,"กลพยานประเภทหนึ่ง เป็นพยานที่เชื่อถือได้ เช่น ภิกษุผู้ทรงธรรม พราหมณาจารย์ผู้ทรงศีลพรต นักปราชญ์ราชบัณฑิตผู้ทรงธรรม ขุนนางผู้มีบรรดาศักดิ์, ในสามดวงเขียนเป็น ทิพญาณ หรือ ทิพพญาณ, ทิพยพยาน ก็ว่า."
ทิพย์ 0,ว.,"เป็นของเทวดา เช่น อาหารทิพย์, ดีวิเศษอย่างเทวดา เช่น ตาทิพย์ หูทิพย์, ดีวิเศษเหนือปรกติธรรมดา เช่น เนื้อทิพย์, ใช้ว่า ทิพ ก็มี."
ทิพย- 0,ว.,"เป็นของเทวดา เช่น อาหารทิพย์, ดีวิเศษอย่างเทวดา เช่น ตาทิพย์ หูทิพย์, ดีวิเศษเหนือปรกติธรรมดา เช่น เนื้อทิพย์, ใช้ว่า ทิพ ก็มี."
ทิพยจักษุ 0,น.,"ตาทิพย์ คือ จะดูอะไรเห็นได้ทั้งหมด, เป็นอภิญญาอย่าง ๑ ในอภิญญา ๖."
ทิพยจักษุญาณ 0,น.,"ความรู้ในจุติและเกิดของสัตว์ทั้งหลาย, จุตูปปาตญาณ ก็เรียก."
ทิพยญาณ 0,น.,ความรู้เป็นทิพย์.
ทิพยเนตร 0,น.,ตาทิพย์ คือ จะดูอะไรเห็นได้ทั้งหมด.
ทิพยพยาน 0,น.,"กลพยานประเภทหนึ่ง เป็นพยานที่เชื่อถือได้ เช่น ภิกษุผู้ทรงธรรม พราหมณาจารย์ผู้ทรงศีลพรต นักปราชญ์ราชบัณฑิตผู้ทรงธรรม ขุนนางผู้มีบรรดาศักดิ์, ทิพพยาน ก็ว่า."
ทิพยมานุษ 0,น.,ครึ่งเทพครึ่งมนุษย์.
ทิพยรส 0,น.,"รสทิพย์, รสเลิศ."
ทิพยโศรตร 0,น.,"หูทิพย์ คือ จะฟังอะไรได้ยินทั้งหมด, เป็นอภิญญาอย่าง ๑ ในอภิญญา ๖."
ทิพโสต 0,น.,"หูทิพย์ คือ จะฟังอะไรได้ยินทั้งหมด, เป็นอภิญญาอย่าง ๑ ในอภิญญา ๖."
ทิพา 0,น.,วัน เช่น ทุกทิพาราตรี.
ทิพากร 0,น.,"“ผู้กระทำซึ่งกลางวัน”, พระอาทิตย์."
ทิม 0,น.,ศาลาแถวหรือห้องแถวสำหรับเป็นที่พักหรือไว้ของในพระราชวัง เช่น ทิมตำรวจ ทิมแถว.
ทิ่ม 0,ก.,"เอาสิ่งที่มีลักษณะยาว ๆ หรือแหลม ๆ กระแทกโดยแรง เช่น เอามีดทิ่มพุง เอานิ้วทิ่มตา, เรียกอาการที่หัวหรือหน้าพุ่งไปข้างหน้า ว่า หัวทิ่ม หน้าทิ่ม."
ทิมดาบ 0,น.,ที่พักเจ้าพนักงานรักษาการณ์หรือที่คุมขังคนเป็นโทษในพระราชวัง.
ทิ่มตำ 0,ว.,อาการที่พูดทับถม ปรักปรำ ซํ้าเติมให้เจ็บใจ เรียกว่า พูดทิ่มตำ.
ทิมทอง 0,น.,ชื่อดาวฤกษ์สตภิสัช.
ทิ่มแทง 0,ก.,"ทิ่มให้ทะลุเข้าไป, อาการที่แทงซํ้าหลาย ๆ ครั้ง."
ทิ่มแทง 1,ว.,อาการที่พูดเสียดสีให้เจ็บใจ เรียกว่า พูดทิ่มแทง.
ทิมสงฆ์ 0,น.,ที่พักชั่วคราวสำหรับพระภิกษุสงฆ์ในพระราชวัง.
ทิว 0,น.,แถวหรือแนวแห่งสิ่งที่ติดเนื่องกันไปยาวยืด เช่น ทิวเขา ทิวไม้.
ทิว 1,น.,"ชื่อธงที่มีรูปลักษณะคล้ายกระบอก, เทียว ก็ว่า."
ทิว- 0,น.,วัน
ทิว- 1,น.,"สวรรค์, ชั้นฟ้า, เทวโลก, เช่น ทิวงคต คือ ไปสู่เทวโลก หมายถึง ตาย."
ทิวงคต 0,ก.,"ไปสู่สวรรค์, ตาย, (ใช้แก่สมเด็จพระยุพราช หรือเจ้าฟ้าซึ่งทรงพระกรุณาโปรดเกล้าโปรดกระหม่อมเฉลิมพระยศเป็นพิเศษ)."
ทิวทัศน์ 0,น.,"ลักษณะภูมิประเทศที่ปรากฏเห็นตามธรรมชาติ เช่น ทิวทัศน์ทุ่งนา ทิวทัศน์ป่าเขา ทิวทัศน์ทางทะเล, เรียกภาพเขียนหรือภาพถ่ายจากทิวทัศน์ ว่า ภาพทิวทัศน์."
ทิวส- 0,น.,วัน.
ทิวสภาค 0,น.,ส่วนของวัน.
ทิวสะ 0,น.,วัน.
ทิวะ 0,น.,วัน
ทิวะ 1,น.,"สวรรค์, ชั้นฟ้า, เทวโลก, เช่น ทิวงคต คือ ไปสู่เทวโลก หมายถึง ตาย."
ทิวา 0,น.,วัน.
ทิวากร 0,น.,"“ผู้กระทำซึ่งกลางวัน”, พระอาทิตย์"
ทิวากร 1,น.,กลางวัน เช่น ราตรีปักษีเข้าแนบนอน ทิวากรเราแนบประจำนาง (กากี).
ทิวากาล 0,น.,เวลากลางวัน.
ทิศ 0,น.,"ด้าน, ข้าง, ทาง, เบื้อง, (หมายเอา เหนือ ใต้ ตะวันออก ตะวันตก เป็นต้น)."
ทิศ 1,น.,ทิศที่เกี่ยวกับความสัมพันธ์ของบุคคล มี ทิศเบื้องหน้าหรือบูรพทิศ ได้แก่ บิดามารดากับบุตร ทิศเบื้องขวาหรือทักษิณทิศ ได้แก่ ครูอาจารย์กับศิษย์ ทิศเบื้องหลังหรือปัจฉิมทิศ ได้แก่ สามีกับภรรยา ทิศเบื้องซ้ายหรืออุตรทิศ ได้แก่ มิตร ทิศเบื้องบนหรือปุริมทิศ ได้แก่ สมณพราหมณ์กับศาสนิกชน และทิศเบื้องล่างหรือเหฏฐิมทิศ ได้แก่ นายกับบ่าวหรือผู้บังคับบัญชากับผู้ใต้บังคับบัญชา.
ทิศทาง 0,น.,"แนว, ทางที่มุ่งไป."
ทิศา 0,น.,"ด้าน, ข้าง, ทาง, เบื้อง, (หมายเอา เหนือ ใต้ ตะวันออก ตะวันตก เป็นต้น)."
ทิศาดร 0,น.,ทิศ.
ทิศานุทิศ 0,น.,ทิศน้อยทิศใหญ่.
ทิศาปาโมกข์ 0,น.,"“ผู้เป็นใหญ่เป็นประธานในทิศ”, อาจารย์ผู้มีความรู้และชื่อเสียงโด่งดัง."
ที่ 0,น.,"แหล่ง, ถิ่น, เช่น ที่ประกอบอาชีพ ที่ทำมาหากิน, สถานที่ เช่น ที่ประชุม ที่พัก, ตำแหน่งแห่งที่ เช่น เอาของวางไว้ให้ถูกที่"
ที่ 1,น.,ที่ดิน เช่น ซื้อที่ ขายที่ เช่าที่
ที่ 2,น.,เครื่องใช้ เช่น ที่นอน ที่เขี่ยบุหรี่
ที่ 3,น.,ตำแหน่งหน้าที่ เช่น ที่สมุหพระกลาโหม พระราชาคณะชั้นสามัญที่พระกวีวรญาณ
ที่ 4,น.,ลักษณนามบอกสถานที่หรือสิ่งของเป็นชุด ๆ เป็นต้น เช่น ที่นั่ง ๓ ที่ อาหาร ๓ ที่.
ที่ 5,ส.,คำใช้แทนคำนามหรือข้อความที่อยู่ข้างหน้า เช่น คนที่ขยัน เด็กที่ฉลาด.
ที่ 6,ว.,คำนำหน้าคำบอกลำดับ เช่น ที่ ๑ ที่ ๒.
ที่ 7,บ.,ณ เช่น อยู่ที่บ้าน.
ที 0,น.,"ครั้ง, คราว, หน, เช่น ทีละน้อย ทีละคน"
ที 1,น.,ใช้เป็นลักษณนามบอกจำนวนครั้ง เช่น เฆี่ยน ๓ ที นาฬิกาตี ๕ ที.
ที 2,น.,"ท่าทาง, ชั้นเชิง, โอกาส, เช่น ท่าดีแต่ทีเหลว ได้ที เสียที."
ที่กัลปนา 0,น.,ที่ดินซึ่งมีผู้อุทิศแต่ผลประโยชน์ให้วัดหรือพระศาสนา โดยกรรมสิทธิ์ในที่ดินยังคงเป็นของผู้อุทิศ.
ทีใครทีมัน 0,น.,โอกาสของใครก็เป็นของคนนั้น.
ทีฆ- 0,ว.,"ยาว, นาน, ยั่งยืน."
ทีฆชาติ 0,น.,งู.
ทีฆนิกาย 0,น.,ชื่อคัมภีร์นิกายแรกแห่งพระสุตตันตปิฎก แปลว่า หมวดยาว รวบรวมพระสูตรขนาดยาวไว้ในหมวดนี้.
ทีฆสระ 0,น.,"สระที่มีเสียงยาว ในภาษาบาลีได้แก่ อา อี อู เอ โอ, ในภาษาสันสกฤตได้แก่ อา อี อู ฤๅ ฦๅ เอ ไอ โอ เอา, ในภาษาไทยได้แก่ อา อี อือ อู เอ แอ โอ ออ เออ เอีย เอือ อัว."
ทีฆายุ 0,ว.,อายุยืน.
ทีฆายุกา 0,ว.,มีอายุยืน (ใช้แก่หญิง).
ทีฆายุโก 0,ว.,มีอายุยืน (ใช้แก่ชาย).
ที่จริง 0,ว.,"จริง, แท้, แน่นอน."
ที่จริง 1,สัน.,"คำขึ้นต้นประโยคหรือข้อความแสดงถึงความที่ถูกที่ควร, อันที่จริง หรือ ตามที่จริง ก็ว่า."
ที่ดิน 0,น.,ผืนแผ่นดินหรือพื้นดิน
ที่ดิน 1,น.,พื้นที่ดินทั่วไป และหมายความรวมถึง ภูเขา ห้วย หนอง คลอง บึง บาง ลำนํ้า ทะเลสาบ เกาะ และที่ชายทะเลด้วย.
ที่ดินของรัฐ 0,น.,ที่ดินซึ่งมิได้ตกเป็นกรรมสิทธิ์ของบุคคลหนึ่งบุคคลใด.
ที่ดินมือเปล่า 0,น.,ที่ดินซึ่งผู้ครอบครองยังไม่มีหนังสือสำคัญสำหรับที่ดิน.
ที่ดินส.ป.ก. 0,น.,คำเรียกที่ดินที่คณะกรรมการปฏิรูปที่ดินเพื่อเกษตรกรรมอนุญาตให้เกษตรกรเข้าทำประโยชน์ในที่ดินของรัฐในเขตปฏิรูปที่ดิน โดยไม่ให้กรรมสิทธิ์ แต่ให้ตกทอดทางมรดกแก่ทายาทโดยธรรมได้.
ทีเด็ด 0,น.,ชั้นเชิงที่สามารถเอาชนะอีกฝ่ายหนึ่งได้อย่างเด็ดขาด.
ทีเดียว 0,ว.,"ฉับพลัน, ทันที, เช่น พูดออกมาทีเดียวนะ"
ทีเดียว 1,ว.,แท้จริง เช่น เก่งทีเดียว.
ที่ตาบอด 0,น.,พื้นที่หรือที่ดินที่ไม่มีทางเข้าออก.
ทีท่า 0,น.,"ความเป็นไปของสถานการณ์หรือบุคคลเป็นต้น, ท่าที ก็ว่า."
ที่ทาง 0,น.,"พื้นที่, ที่ดิน."
ที่ทำการ 0,น.,สถานที่ทำงาน.
ที่เท่าแมวดิ้นตาย 0,น.,ที่ดินหรือเนื้อที่เล็กน้อย.
ที่แท้ 0,สัน.,ที่จริง.
ที่ธรณีสงฆ์ 0,น.,ที่ซึ่งเป็นสมบัติของวัด.
ที่นอน 0,น.,"ฟูก, เบาะ, เครื่องปูลาดสำหรับนอน, ราชาศัพท์ว่า พระที่."
ทีนี้ 0,น.,ต่อนี้ไป เช่น ทีนี้จะไม่ทำอีก.
ที่บังคับ 0,น.,ที่ที่คับแคบและกำหนดไว้เฉพาะ เช่น เขาถูกลงโทษให้อยู่แต่ในที่บังคับ.
ทีป 0,น.,แสงไฟ.
ทีป 1,น.,เกาะ.
ที่ปรก 0,น.,บริเวณสำหรับพระภิกษุอยู่ปริวาสกรรม.
ที่ประชุมใหญ่ของศาลฎีกา 0,น.,การประชุมของผู้พิพากษาศาลฎีกาและผู้พิพากษาอาวุโสในศาลฎีกาทุกคนเพื่อปฏิบัติหน้าที่ตามที่มีกฎหมายกำหนด เช่น การวินิจฉัยปัญหาในคดีตามที่ประธานศาลฎีกาเห็นสมควร หรือการเลือกองค์คณะผู้พิพากษาศาลฎีกาแผนกคดีอาญาของผู้ดำรงตำแหน่งทางการเมือง.
ที่ปรึกษา 0,น.,ผู้มีหน้าที่ให้ความเห็นและคำแนะนำ.
ทีปะ 0,น.,แสงไฟ.
ทีปะ 1,น.,เกาะ.
ที่พึ่ง 0,น.,"ผู้คุ้มครองช่วยเหลือ เช่น พ่อแม่เป็นที่พึ่งของลูก, สิ่งที่อาศัยยึดเป็นหลัก เช่น ได้ตำราเป็นที่พึ่ง, เครื่องยึดเหนี่ยวทางใจ เช่น ยึดพระรัตนตรัยเป็นที่พึ่ง."
ทีม 0,น.,"ชุด, หมู่, คณะ."
ที่มั่น 0,น.,ที่ตั้งสำหรับต่อสู้.
ที่มา 0,น.,"ต้นเค้า, ต้นกำเนิด."
ทีรฆ- 0,ว.,"ยาว, นาน, ยั่งยืน."
ที่รโหฐาน 0,น.,ที่ต่าง ๆ ซึ่งมิใช่ที่สาธารณสถานดังบัญญัติไว้ในประมวลกฎหมายอาญา.
ที่รัก 0,น.,"คนรัก, คำแบบแสดงถึงความสุภาพ ความเคารพ ความนับถือเวลาพูดในที่ชุมนุมชนเป็นต้น เช่น พี่น้องที่รักทั้งหลาย หรือในจดหมายที่มีไปถึงผู้ที่คุ้นเคยกัน เช่น แดงที่รัก."
ที่ราชพัสดุ 0,น.,อสังหาริมทรัพย์อันเป็นทรัพย์สินของแผ่นดินทุกชนิด แต่ไม่รวมถึงอสังหาริมทรัพย์ของรัฐวิสาหกิจและขององค์กรปกครองส่วนท้องถิ่น และสาธารณสมบัติของแผ่นดินบางชนิด.
ที่ราบ 0,น.,ภูมิประเทศที่เป็นที่ราบซึ่งอาจจะราบเรียบหรือมีลักษณะเป็นลูกคลื่น โดยปรกติความสูงตํ่าของพื้นที่ในบริเวณนั้นจะแตกต่างกันไม่เกิน ๑๕๐ เมตร.
ที่ราบสูง 0,น.,ที่ราบซึ่งสูงกว่าระดับผิวโลกโดยรอบตั้งแต่ ๓๐๐ เมตรขึ้นไป.
ทีเล่นทีจริง 0,ก.,"แสร้งทำเล่น ๆ หรือล้อหลอกเป็นการลองเชิง แต่เมื่อเห็นเขาเผลอตัวหรือไม่ว่าก็เอาจริง, เล่นก็ได้ จริงก็ได้."
ที่วัด 0,น.,ที่ซึ่งตั้งวัดตลอดจนเขตของวัด.
ที่ว่าการ 0,น.,สถานที่ปฏิบัติราชการระดับอำเภอ เรียกว่า ที่ว่าการอำเภอ.
ที่สุด 0,น.,ปลายสุด เช่น ที่สุดของชีวิตคือความตาย.
ที่สุด 1,ว.,สุดท้าย เช่น ในที่สุด
ที่สุด 2,ว.,ลักษณะที่ยิ่งหรือหย่อนกว่าสิ่งอื่น ๆ ทั้งหมดในพวกเดียวกัน เช่น ดีที่สุด ช้าที่สุด.
ทีหน้าทีหลัง 0,น.,"ภายหลัง, หลังจากนั้น."
ที่หมาย 0,น.,"ที่ที่มุ่งไปให้ถึง, จุดที่ตั้งใจจะให้บรรลุถึง."
ทีหลัง 0,น.,"ภายหลัง, หลังจากนั้น."
ที่ไหน 0,น.,"แห่งใด, แห่งใดแห่งหนึ่ง, แห่งใดก็ตาม, เช่น ไปที่ไหนก็ได้"
ที่ไหน 1,น.,"คำใช้ในข้อความคาดคะเนว่าคงจะไม่เป็นเช่นนั้น เช่นนี้ มีความหมายว่า ไฉน, ฉันใด, อย่างไร, เช่น แล้วว่าอนิจจาความรัก พึ่งประจักษ์ดั่งสายน้ำไหล ตั้งแต่จะเชี่ยวเป็นเกลียวไป ที่ไหนเลยจะไหลคืนมา (อิเหนา)."
ที่ไหนได้ 0,ว.,"อะไรได้, หาใช่เช่นนั้นไม่, คำใช้แสดงความประหลาดใจ ไม่พอใจ ปฏิเสธ หรือแย้ง เป็นต้น เช่น ก พูดว่า หนังสือเล่มนี้ราคาถึง ๑๐ บาทไหม ข ตอบว่า ที่ไหนได้ ตั้ง ๕๐ บาท."
ทีเอ็นที 0,น.,สารประกอบอินทรีย์ ชื่อเต็มคือ ไทรไนโทรโทลูอีน (trinitrotoluene) มีสูตร C_7H_5(NO_2)_3 ลักษณะเป็นของแข็ง มีรูปผลึกสีเหลืองอ่อน หลอมละลายที่ ๘๒˚ซ. เป็นวัตถุระเบิดชนิดร้ายแรง.
ทึก 0,น.,นํ้า เช่น ปางคราสฉมจันทนคันธา เรียบเทียบทึกสรา สำรวลสำราญริมถนน (อนิรุทธ์).
ทึกทัก 0,ก.,"ตู่เอาเป็นของตัว, ถือเอาเป็นจริงเป็นจัง, เหมาเอาว่าเป็นอย่างนั้นอย่างนี้."
ทึ่ง 0,ก.,อยากรู้อยากเห็นเกินกว่าที่ควรจะเป็น (พระราชหัตถเลขา ร. ๕ ถึงสมเด็จพระบรมราชินีนาถ)
ทึ่ง 1,ก.,"รู้สึกว่าน่าสนใจ, น่าอัศจรรย์ใจ, (ใช้ในทางที่ดี)."
ทึ้ง 0,ก.,"พยายามดึงของเหนียวหรือสิ่งที่ติดอยู่แน่นโดยแรง เช่น ทึ้งผม, แย่งกัน เช่น แร้งทึ้งศพ ทึ้งสมบัติของชาติ."
ทึดทือ 0,น.,ชื่อนกขนาดกลางถึงขนาดใหญ่ ในวงศ์ Strigidae ตาสีเหลือง ตัวสีนํ้าตาลมีลายกระสีขาว ลำตัวด้านบนและปีกสีเข้มกว่าด้านล่าง ขนคิ้วยาวเห็นได้ชัด ขาไม่มีขน หากินในเวลากลางคืน กินปลาเป็นส่วนใหญ่ อาจกินหนูและสัตว์ขนาดเล็กอื่น ๆ บ้าง ในประเทศไทยมี ๒ ชนิด คือ ทึดทือพันธุ์เหนือ [ Ketupa zeylonensis (Gmelin)] และทึดทือมลายู [ K. ketupa (Horsfield)].
ทึนทึก 0,ว.,"จวนแก่, เรียกมะพร้าวที่จวนแก่ ว่า มะพร้าวทึนทึก, เรียกสาวใหญ่ที่ยังไม่ได้แต่งงาน ว่า สาวทึนทึก, ทึมทึก ก็ว่า."
ทึบ 0,ว.,"มีลมอากาศหรือแสงสว่างเข้าออกไม่ได้หรือไม่เพียงพอ เช่น ห้องทึบ ผนังทึบ ตู้ทึบ ป่าทึบ, ไม่โปร่งแสง เช่น เป็นแท่งทึบ"
ทึบ 1,ว.,"ไม่โปร่ง, หนาแน่น, เช่น ลายทึบ"
ทึบ 2,ว.,โดยปริยายหมายความว่า โง่มาก เช่น ปัญญาทึบ สมองทึบ.
ทึ่ม 0,ว.,"ทื่อ, ไม่เฉียบแหลม, โง่."
ทึม 0,น.,โรงสำหรับตั้งศพของราษฎรเพื่อประกอบพิธีเผา เรียกว่า โรงทึม.
ทึม 1,ว.,"ครึ้ม, มัวซัว, เช่น ท้องฟ้าทึม สีทึม ๆ."
ทึม ๆ 0,ว.,"ครึ้ม, มัวซัว, เช่น ท้องฟ้าทึม สีทึม ๆ."
ทึมทึก 0,ว.,"จวนแก่, เรียกมะพร้าวที่จวนแก่ ว่า มะพร้าวทึมทึก, เรียกสาวใหญ่ที่ยังไม่ได้แต่งงาน ว่า สาวทึมทึก, ทึนทึก ก็ว่า."
ทื่อ 0,ว.,ไม่คม (ใช้แก่ของแบน ๆ ที่มีคมแต่ไม่คม) เช่น มีดทื่อ
ทื่อ 1,ว.,ไม่เฉียบแหลม เช่น ปัญญาทื่อ
ทื่อ 2,ว.,ไม่มีลับลมคมใน เช่น พูดทื่อ ๆ
ทื่อ 3,ว.,"นิ่งเฉยอยู่ไม่กระดุกกระดิกเหมือนสิ่งไม่มีชีวิต เช่น แข็งทื่อ, ซื่อ ก็ว่า."
ทื่อ 4,ก.,รี่เข้าใส่โดยไม่ระมัดระวัง เช่น ทื่อเข้าใส่.
ทุ 0,ว.,"คำอุปสรรคในภาษาบาลีและสันสกฤต แปลว่า ชั่ว, ยาก, ลำบาก, เลว, ทราม, เช่น ทุจริต ว่า ความประพฤติชั่ว, ทุกร ว่า ทำได้โดยยาก, ทุปปัญญา ว่า ปัญญาทราม เป็นต้น. (ดู ทุร ประกอบ)."
ทุ 1,ว.,"สอง, มักใช้นำหน้าศัพท์อื่น เช่น ทุวิธ ว่า ๒ อย่าง."
ทุ 2,น.,"ชื่อไม้พุ่มชนิด Rhodomyrtus tomentosa (Aiton) Hassk. ในวงศ์ Myrtaceae ขึ้นชุมตามป่าโปร่งทางปักษ์ใต้ ใบหนา สีเขียวแก่ ออกเป็นคู่ ๆ ตามกิ่ง บางทีออกเป็น ๓ ใบจากข้อเดียวกัน ด้านล่างของใบมีขนทึบสั้น ๆ ดอกสีชมพู สัณฐานคล้ายกุหลาบลาขนาดเล็ก ๆ ออกตามง่ามใบ ดอกเดี่ยวหรือเป็นช่อ ๒-๓ ดอกก็มี ผลกลม เมื่อสุกสีม่วงดำ กินได้ มีรสหอมหวาน, ทุ พรวด พรวดใหญ่ หรือ พรวดกินลูก ก็เรียก."
ทุก 0,ว.,"แต่ละหน่วย ๆ ของจำนวนทั้งหมด, ทั้งหมดโดยหมายแยกเป็นหน่วย ๆ, เช่น คนที่เกิดมาแล้วมีปัญญาด้วยกันทุกคน แต่ทุกคนมีปัญญาไม่เท่ากัน ทุก ๆ คนจะต้องช่วยเหลือกัน."
ทุก 1,ว.,"ชื่อปลานํ้าจืดในวงศ์ Siluridae ไม่มีเกล็ด รูปร่างคล้ายปลาคางเบือนซึ่งอยู่ในวงศ์เดียวกัน แต่มีขนาดใหญ่กว่า คือ ยาวได้ถึง ๒ เมตร หัวแหลม ปากกว้าง ฟันแหลมคม ครีบหลังตั้งเด่น ตัวยาวเรียวไปทางหาง แบนข้าง ในประเทศไทยมี ๒ ชนิด คือ ค้าวขาว [ Wallago attu (Bloch)] และ ค้าวดำ คูน ทุก อีชุก อีทุก หรือ อีทุบ ( W. micropogon Vailant) ซึ่งมีหนวดยาวกว่าชนิดแรก ลำตัวและครีบสีดำคล้ำ, ทั้ง ๒ ชนิด เค้า ก็เรียก."
ทุก- 0,น.,หมวด ๒.
ทุก ๆ 0,ว.,"แต่ละหน่วย ๆ ของจำนวนทั้งหมด, ทั้งหมดโดยหมายแยกเป็นหน่วย ๆ, เช่น คนที่เกิดมาแล้วมีปัญญาด้วยกันทุกคน แต่ทุกคนมีปัญญาไม่เท่ากัน ทุก ๆ คนจะต้องช่วยเหลือกัน."
ทุกกฏ 0,น.,ชื่ออาบัติจำพวกหนึ่งในอาบัติทั้ง ๗ จัดไว้ในพวกลหุกาบัติคืออาบัติเบาที่เปรียบด้วยลหุโทษ.
ทุกข์ 0,น.,"ความยากลำบาก, ความไม่สบายกายไม่สบายใจ, ความทนได้ยาก, ความทนอยู่ในสภาพเดิมไม่ได้."
ทุกข- 0,น.,"ความยากลำบาก, ความไม่สบายกายไม่สบายใจ, ความทนได้ยาก, ความทนอยู่ในสภาพเดิมไม่ได้."
ทุกขนิโรธ 0,น.,"ความดับทุกข์, เป็นชื่อของอริยสัจข้อที่ ๓."
ทุกขนิโรธคามินีปฏิปทา 0,น.,"ทางแห่งความดับทุกข์, มรรค ก็เรียก."
ทุกขลาภ 0,น.,"การที่ต้องรับทุกข์เสียก่อนจึงมีลาภ, ลาภที่ได้มาด้วยความทุกข์ยาก, ลาภที่ได้มาแล้วมีทุกข์ติดตามมาด้วย."
ทุกขเวทนา 0,น.,"ความรู้สึกไม่สบายกายไม่สบายใจ, ความรู้สึกเจ็บปวดทรมาน."
ทุกขสมุทัย 0,น.,"เหตุให้เกิดทุกข์, เป็นชื่อของอริยสัจข้อที่ ๒."
ทุกข์สุข 0,น.,ความเป็นอยู่หรือความเป็นไปของชีวิตในขณะนั้น.
ทุกขักษัย 0,น.,"การหมดทุกข์, พระนิพพาน."
ทุกขารมณ์ 0,น.,"ความรู้สึกเจ็บปวด, ความรู้สึกไม่สบายกายไม่สบายใจ."
ทุกที 0,ว.,อาการที่ค่อย ๆ เพิ่มขึ้นหรือลดลงทุกขณะ เช่น ห่างออกไปทุกที ใกล้เข้ามาทุกที.
ทุกนิบาต 0,น.,ชื่อคัมภีร์ในพระพุทธศาสนาที่กำหนดด้วยธรรมหรือคาถาที่แบ่งหมวดอย่างละ ๒.
ทุกพาย 0,ว.,ทุกแห่ง เช่น กระทำพุทธประติมาทุกแห่งทุกพาย (จารึกวัดศรีชุม).
ทุกเมื่อ 0,ว.,"ทุกขณะ, ทุกเวลา, ตลอดเวลา, เสมอ, เมื่อใดก็ได้."
ทุกเมื่อเชื่อวัน 0,ว.,ตลอดเวลาไม่ว่างเว้น เช่น ทุกเมื่อเชื่อวันฤๅอิ่มเลย (ม. คำหลวง นครกัณฑ์).
ทุกร- 0,ว.,ที่ทำได้ยาก.
ทุกรกิริยา 0,น.,การกระทำกิจที่ทำได้โดยยาก ได้แก่ การทำความเพียรเพื่อบรรลุธรรมวิเศษ
ทุกรกิริยา 1,น.,ชื่อพระพุทธรูปปางหนึ่ง นั่งขัดสมาธิ พระหัตถ์ทั้ง ๒ วางซ้อนที่พระเพลา พระวรกายผ่ายผอมจนเห็นพระผาสุกะ (ซี่โครง).
ทุกวันนี้ 0,ว.,"ขณะนี้, ในปัจจุบันนี้."
ทุกวี่ทุกวัน 0,ว.,ทุกวัน เช่น พูดกรอกหูอยู่ทุกวี่ทุกวัน.
ทุกษดร 0,ว.,ทุกข์ยิ่งกว่า.
ทุกสิ่งทุกอย่าง 0,ว.,ทั้งหมด.
ทุกหน 0,ว.,ทุกครั้ง.
ทุกหนทุกแห่ง 0,ว.,"ทุกที่ทุกทาง, ทุกตำบล."
ทุกหย่อมหญ้า 0,ว.,ทุกหนทุกแห่ง.
ทุกหัวระแหง 0,ว.,ทุกแห่งหน.
ทุกแห่ง 0,ว.,"ทุกที่ทุกทาง, ทุกตำบล."
ทุกะ 0,น.,หมวด ๒.
ทุกัง 0,น.,"ชื่อปลากดทะเลชนิด Arius leiotetocephalus Bleeker ในวงศ์ Ariidae ไม่มีเกล็ด มีหนวด ส่วนหน้าของครีบหลังและครีบอกมีก้านครีบเป็นเงี่ยง จัดอยู่ในพวกปลากดขนาดใหญ่ แต่แตกต่างจากปลาชนิดอื่นในสกุลเดียวกัน โดยมีกระดูกบริเวณท้ายทอยเป็นแผ่นกลมรีใหญ่กว่าชนิดอื่น ๆ อาศัยอยู่ตามชายฝั่งทะเลหรือนํ้ากร่อยโดยเฉพาะบริเวณปากแม่นํ้า, ทุกัง ก็เรียก."
ทุกูลพัสตร์ 0,น.,"ผ้าอย่างดี, ผ้าเนื้อละเอียด."
ทุคตะ 0,ว.,"ยากจน, เข็ญใจ."
ทุคติ 0,น.,"ภูมิที่ถือว่าไปเกิดแล้วมีความทุกข์ความลำบาก, นรก."
ทุ่ง 0,น.,ที่ราบโล่งใช้เพาะปลูก เช่น ทุ่งไร่ทุ่งนา หรือใช้ประกอบพิธีต่าง ๆ เช่น ทุ่งพระเมรุ.
ทุ้ง 0,ว.,"ตุง, ตุ่ยออกมา"
ทุ้ง 1,น.,ฝักบัวที่ย้อยลงมา เช่น เปิดนํ้าลงตามทุ้งสหัสธารา (สิบสองเดือน).
ทุ้ง 2,ก.,กระทุ้ง เช่น ชอบแต่ทุบถองทุ้งให้กุ้งกิน (มณีพิชัย).
ทุงงะ 0,น.,ชื่อปลานํ้าจืดขนาดกลางชนิด Neolissochilus dukai (Day) ในวงศ์ Cyprinidae ลำตัวยาวเรียว แบนข้าง ปากเล็กอยู่ตํ่า บริเวณหัวตอนหน้าหรือก่อนถึงตามีตุ่มเนื้อขนาดเล็กกระจายอยู่ เกล็ดใหญ่ มีจุดสีดำที่โคนครีบหางเห็นได้ชัดในปลาขนาดเล็ก พบอาศัยอยู่ตามเขตต้นนํ้าลำธารบริเวณภูเขาทั่วประเทศ ที่ดอยหัวมด ในเขตของภาคเหนือ เรียก แป้งแช่.
ทุงเทง 0,น.,"ชื่อไม้ล้มลุก ๒ ชนิดในสกุล Physalis วงศ์ Solanaceae คือ ชนิด P. angulata L., ต้อมต๊อก ก็เรียก, และชนิด P. minima L. ใช้ทำยาได้, ทุงเทง หรือ หญ้าต้อมต๊อก ก็เรียก."
ทุจจิณณะ 0,ว.,"ประพฤติชั่วแล้ว, ทำชั่วแล้ว, อบรมไม่ดี."
ทุจริต 0,น.,"ความประพฤติชั่ว, ถ้าเป็นความประพฤติชั่วทางกาย เรียกว่า กายทุจริต, ถ้าเป็นความประพฤติชั่วทางวาจา เรียกว่า วจีทุจริต, ถ้าเป็นความประพฤติชั่วทางใจ เรียกว่า มโนทุจริต."
ทุจริต 1,ก.,"โกง เช่น ทุจริตในการสอบ, คดโกง, ฉ้อโกง, เช่น ทุจริตต่อหน้าที่."
ทุจริต 2,ว.,ไม่ซื่อตรง เช่น คนทุจริต.
ทุจริตต่อหน้าที่ 0,ก.,ปฏิบัติหรือละเว้นการปฏิบัติอย่างใดในตำแหน่งหรือหน้าที่ หรือปฏิบัติหรือละเว้นการปฏิบัติอย่างใดในพฤติการณ์ที่อาจทำให้ผู้อื่นเชื่อว่ามีตำแหน่งหรือหน้าที่ทั้งที่ตนมิได้มีตำแหน่งหรือหน้าที่นั้น หรือใช้อำนาจในตำแหน่งหรือหน้าที่ ทั้งนี้ เพื่อแสวงหาประโยชน์ที่มิควรได้โดยชอบสำหรับตนเองหรือผู้อื่น.
ทุด 0,อ.,คำที่เปล่งออกมาแสดงความไม่พอใจ ติเตียน หรือดูถูก.
ทุตวิลัมพิตมาลา 0,น.,ชื่อฉันท์วรรณพฤติ กำหนดด้วย ๔ คณะ คือ น ภ ภ ร (ตามแบบว่า ทุตวิลมฺพิตมาห นภา ภรา) ตัวอย่างว่า ชินกถาคณนา วนิดาประมาณ พฤศติเพธพิสดาร อดิเรกภิปราย.
ทุติย- 0,ว.,"ที่ ๒, มักใช้นำหน้าศัพท์อื่น เช่น ทุติยดิถี = วัน ๒ คํ่า, ทุติยมาส = เดือนที่ ๒, ทุติยวาร = ครั้งที่ ๒, ทุติยสุรทิน = วันที่ ๒."
ทุติยาสาฬหะ 0,น.,"เดือน ๘ ที่ ๒, เดือน ๘ หลัง."
ทุทรรศนนิยม 0,น.,ทฤษฎีที่ถือว่า โลก ชีวิตและมนุษย์ เป็นสิ่งเลวร้ายที่สุด
ทุทรรศนนิยม 1,น.,การมองโลกในแง่ร้าย.
ทุน 0,น.,ของเดิมหรือเงินเดิมที่มีไว้ ลงไว้ กำหนดไว้ จัดตั้งไว้ เพื่อประโยชน์ให้งอกงาม เช่น มีความรู้เป็นทุน มีเงินเป็นทุน
ทุน 1,น.,เงินหรือทรัพย์สินอื่น ๆ ที่ตั้งไว้สำหรับดำเนินกิจการเพื่อหาผลประโยชน์.
ทุ่น 0,น.,"สิ่งที่ลอยนํ้าสำหรับให้สิ่งอื่นเกาะหรือเพื่อพยุงสิ่งอื่นให้ลอยนํ้า เช่น ทุ่นแพ ทุ่นทอดสะพาน หรือสำหรับเป็นที่ผูกจอดเรือ เช่น ทุ่นสมอ หรือสำหรับเป็นเครื่องหมายในการเดินเรือ เช่น ทุ่นนำร่อง, โดยปริยายหมายถึงสิ่งที่ให้สิ่งอื่นเกาะ เช่น พยัญชนะ อ เป็นทุ่นให้สระเกาะ อย่าง อา อี อู."
ทุ่น 1,ก.,ผ่อนหรือช่วยให้สิ้นเปลืองน้อยลง เช่น ทุ่นแรง ทุ่นเวลา ทุ่นสตางค์.
ทุนจดทะเบียน 0,น.,จำนวนเงินทุนของบริษัทที่ได้จดทะเบียนไว้ตามกฎหมาย และได้กำหนดไว้ในหนังสือบริคณห์สนธิของบริษัท โดยแบ่งออกเป็นหุ้นพร้อมทั้งระบุมูลค่าหุ้นที่ตราไว้ และจำนวนสูงสุดของหุ้นที่จะออกจำหน่ายได้.
ทุนทรัพย์ 0,น.,"ทรัพย์ที่เป็นทุน, จำนวนทรัพย์ที่ตั้งเป็นทุน"
ทุนทรัพย์ 1,น.,จำนวนเงินหรือราคาทรัพย์ที่เรียกร้องกันในคดี
ทุนทรัพย์ 2,น.,ทุนที่ผู้เป็นหุ้นส่วนได้ลงไว้ในห้างหุ้นส่วนสามัญ.
ทุนนอน 0,น.,เงินทุนประจำที่ได้ดอกผลเสมอ.
ทุนนิมิต 0,น.,ลางร้าย
ทุนนิมิต 1,น.,เครื่องหมายอันชั่วร้าย.
ทุนนิยม 0,น.,ระบบเศรษฐกิจที่ยอมให้บุคคลมีกรรมสิทธิ์ในที่ดินและทรัพยากรที่เป็นทุน มีเสรีภาพในการผลิตและการค้า.
ทุ่นเบ็ด 0,น.,ทุ่นสำหรับผูกสายเบ็ดตกปลา เพื่อเป็นสัญญาณให้รู้ว่าปลากินเบ็ด.
ทุนรอน 0,น.,ทรัพย์ที่มีไว้ใช้สอยหาผลประโยชน์.
ทุ่นระเบิด 0,น.,"เครื่องกีดขวางที่มีอำนาจระเบิด ผูกโซ่ถ่วงให้ลอยประจำอยู่ใต้นํ้าเพื่อทำลายหรือต่อต้านการบุกรุกของฝ่ายศัตรูทางทะเล, ถ้าใช้ฝังพรางไว้บนบก เรียกว่า ทุ่นระเบิดบก, เรียกอาณาบริเวณที่วางทุ่นระเบิดไว้เพื่อป้องกันปิดล้อม หรือจำกัดการเคลื่อนไหวของฝ่ายศัตรูทั้งทางทะเลและทางบก ว่า สนามทุ่นระเบิด, เรียกลักษณะการทำลายทุ่นระเบิดที่ศัตรูวางไว้ในทะเล ว่า กวาดทุ่นระเบิด."
ทุนเรือนหุ้น 0,น.,ทุนจดทะเบียนของบริษัทซึ่งแบ่งออกเป็นหุ้น มีมูลค่าหุ้นละเท่า ๆ กัน.
ทุนสำรอง 0,น.,เงินที่จัดสรรไว้จากเงินกำไรของบริษัทตามที่กำหนดไว้ในกฎหมายและข้อบังคับของบริษัท ทุกคราวที่จ่ายเงินปันผลจนกว่าทุนสำรองนั้นจะมีจำนวนถึงเกณฑ์ที่กำหนดไว้ในข้อบังคับของบริษัท ซึ่งต้องไม่น้อยกว่าหนึ่งในสิบของจำนวนทุนของบริษัท.
ทุนสำรองเงินตรา 0,น.,กองทุนสินทรัพย์ที่ธนาคารแห่งประเทศไทยรักษาไว้ เพื่อดำรงไว้ซึ่งเสถียรภาพของเงินตรา.
ทุนหมุนเวียน 0,น.,ทุนที่ตั้งขึ้นเพื่อกิจการซึ่งอนุญาตให้นำรายรับสมทบทุนไว้ใช้จ่ายได้โดยการตั้งทุนหมุนเวียนจะทำได้ก็แต่โดยกฎหมาย.
ทุ่นอวน 0,น.,ทุ่นสำหรับผูกอวนไม่ให้จม.
ทุนิยม 0,น.,ทฤษฎีที่ถือว่า โลก ชีวิตและมนุษย์ เป็นสิ่งเลวร้ายที่สุด
ทุนิยม 1,น.,การมองโลกในแง่ร้าย.
ทุบ 0,ก.,"ใช้ของแข็งเช่นค้อนหรือสิ่งที่มีลักษณะกลม ๆ เป็นต้นตีลงไปบนสิ่งใดสิ่งหนึ่งเพื่อให้แตก เช่น ทุบมะพร้าว ทุบอิฐ ทุบหิน หรือเพื่อให้นุ่มให้แหลก เช่น ทุบเนื้อวัว ทุบเนื้อหมู หรือเพื่อให้ตาย เช่น ทุบหัวปลา, โดยปริยายหมายถึงอาการที่คล้ายคลึงเช่นนั้น เช่น เอากำปั้นทุบหลัง เอามือทุบโต๊ะ."
ทุบตี 0,ก.,ทำร้ายร่างกายด้วยการทุบ ตี เตะ ต่อย เป็นต้น.
ทุบทู 0,น.,เครื่องบังตัวป้องกันอาวุธอย่างหนึ่ง ใช้ไม้ไผ่สานขัดกันเป็นผืนย่อม ๆ คล้ายฝาขัดแตะ ยกย้ายได้.
ทุบหม้อข้าว 0,ก.,"ตัดอาชีพ, ทำลายหนทางทำมาหากิน."
ทุปปัญญา 0,น.,"ปัญญาทราม, ปัญญาทึบ."
ทุพพรรณ 0,ว.,"มีสีไม่งาม, มีผิวไม่งาม."
ทุพพล 0,ว.,"มีกำลังน้อย, อ่อนแอ, ท้อแท้, ทุรพล ก็ว่า."
ทุพพลภาพ 0,ว.,หย่อนกำลังความสามารถที่จะประกอบการงานตามปรกติได้.
ทุพภาษิต 0,น.,ชื่ออาบัติจำพวกหนึ่งในอาบัติทั้ง ๗ จัดไว้ในพวกลหุกาบัติคืออาบัติเบาที่เปรียบด้วยลหุโทษ.
ทุพภิกขภัย 0,น.,ภัยอันเกิดจากข้าวยากหมากแพงหรือการขาดแคลนอาหารในบ้านเมือง.
ทุพภิกขันดร 0,น.,ระยะเวลาที่กำหนดไว้ว่าเป็นตอนที่ขาดแคลนอาหาร เกิดขึ้นเมื่อมนุษย์มีโลภะหนา. (ป.). (ดู อันตรกัป ประกอบ).
ทุพภิกขันดรกัป 0,น.,ระยะเวลาที่กำหนดไว้ว่าเป็นตอนที่ขาดแคลนอาหาร เกิดขึ้นเมื่อมนุษย์มีโลภะหนา. (ป.). (ดู อันตรกัป ประกอบ).
ทุพภิกษา 0,น.,"การอัตคัดเสบียง, ทุรภิกษ์ ก็ว่า."
ทุม 0,น.,ต้นไม้.
ทุม- 0,น.,ต้นไม้.
ทุ่ม 0,ก.,"เอาของหนัก ๆ ทิ้งลงไป เช่น เอาก้อนหินทุ่มลงไปในนํ้า, ทิ้งทับลง, ทิ้งถมลง, โดยปริยายหมายถึงอาการที่คล้ายคลึงเช่นนั้น เช่น ทุ่มเงิน"
ทุ่ม 1,ก.,ตี เช่น กระทุ่มดั่งทุ่มกร ตีอก เรียมฤๅ (ตะเลงพ่าย).
ทุ่ม 2,น.,"วิธีนับเวลาตามประเพณีสำหรับ ๖ ชั่วโมงแรกของกลางคืน ตั้งแต่ ๑๙ นาฬิกา ถึง ๒๔ นาฬิกา เรียกว่า ๑ ทุ่ม ถึง ๖ ทุ่ม, แต่ ๖ ทุ่ม นิยมเรียกว่า สองยาม, (โบ) วิธีนับเวลาตามประเพณีสำหรับกลางคืน ตั้งแต่ ๑๙ นาฬิกา ถึง ๖ นาฬิกาของอีกวันหนึ่ง."
ทุ้ม 0,ว.,"ไม่แหลม, ตํ่าแต่มีความนุ่มนวลไม่แกร่งกร้าว, (ใช้แก่เสียง)."
ทุ่มตลาด 0,ก.,นำสินค้าจำนวนมากออกขายในราคาที่ตํ่ากว่าราคาปรกติ
ทุ่มตลาด 1,ก.,การส่งสินค้าเข้ามาในประเทศไทยเพื่อประโยชน์ในทางพาณิชย์ โดยมีราคาส่งออกที่ตํ่ากว่ามูลค่าปรกติของสินค้าชนิดเดียวกัน.
ทุ่มเถียง 0,ก.,เถียงกันรุนแรงอย่างทะเลาะ.
ทุ่มเท 0,ก.,ให้อย่างเต็มที่หรือเต็มกำลังความสามารถ เช่น ทุ่มเทเงินทอง ทุ่มเทกำลังความคิด.
ทุมโน 0,ก.,เสียใจ เช่น จะทุมโนโทมนัสน้อยใจไปไยนะน้องหญิง (ม. ร่ายยาว ชูชก).
ทุมราชา 0,น.,"พญาไม้, ชื่อต้นไม้ชนิดหนึ่งใช้ทำยาได้ ใช้ว่า ไม้โพ ก็มี."
ทุย 0,ว.,กลมรีอย่างผลมะตูม เช่น หัวทุย
ทุย 1,ว.,เรียกผลมะพร้าวที่เจริญเติบโตตามปรกติจนเปลือกแห้ง รูปรี ๆ กะลาลีบ นํ้าหนักเบาเพราะไม่มีเนื้อและนํ้า ว่า มะพร้าวทุย นิยมตัดครึ่งท่อนเพื่อทำกราดวงถูบ้านเป็นต้น
ทุย 2,ว.,คำเรียกควายที่มีเขาสั้นหรือหงิก ว่า ควายทุย.
ทุ้ย 0,ก.,"พูดเดาส่ง, พูดส่ง ๆ."
ทุร- 0,ว.,"คำประกอบหน้าคำศัพท์ หมายความว่า ชั่ว, ยาก, ลำบาก, น้อย, ไม่มี, เช่น ทุรค ว่า ที่ไปถึงยาก, ทางลำบาก."
ทุรกันดาร 0,ว.,"ที่ไปมาลำบากมาก, ที่ห่างไกลความเจริญ."
ทุรคม 0,ก.,"ไปลำบาก, ไปถึงยาก."
ทุรชน 0,น.,"ทรชน, คนชั่วร้าย."
ทุรชาติ 0,น.,ชาติชั่ว.
ทุรน 0,ก.,"เดือดร้อน, ดิ้นรน, เช่น ราชาธิราชอาณา ทั่วสีมามณฑล จะทุรนเดือดแด แปรบเห็นที่พึ่ง (นิทราชาคริต)."
ทุรนทุราย 0,ก.,"กระวนกระวาย, กระสับกระส่าย, ดิ้นรนจะให้พ้นจากทรมาน."
ทุรพล 0,ว.,"มีกำลังน้อย, อ่อนแอ, ท้อแท้, ทุพพล ก็ว่า."
ทุรภิกษ์ 0,น.,"การอัตคัดเสบียง, ทุพภิกษา ก็ว่า."
ทุรลักษณ์ 0,ว.,"ทรลักษณ์, มีลักษณะที่ถือว่าไม่ดี."
ทุรัถยา 0,น.,ทางไกล.
ทุรัศ 0,ว.,ไกล เช่น อนนอาคฤดาโดยสวัสดี แต่ทุรัศทุราไลยลิ่วลี่ ถับถึงที่สถานศาลสถิตน้นน (ม. คำหลวง ฉกษัตริย์).
ทุราคม 0,น.,"การถึงลำบาก, การอยู่ทางไกล, เช่น ต้องทนทุราคมทุเรศ ดลเขตรคิรีไกล (ดุษฎีสังเวย)."
ทุราจาร 0,น.,ความประพฤติชั่วช้าเลวทรามในที่ซึ่งไม่ควร.
ทุราธวา 0,น.,"ทางลำบาก, ทางไกลและทุรกันดาร. [ส. ทุรธฺวา, ทุรฺ- (ยาก, ลำบาก) + อธฺวนฺ (ทางไกล)]."
ทุเรศ 0,ว.,"ลักษณะที่ขัดหูขัดตา น่ารังเกียจ หรือน่าสมเพช เป็นต้น, (ปาก) คำที่เปล่งออกมาแสดงการไม่ยอมรับหรือแสดงความรังเกียจ."
ทุเรศ 1,ว.,ไกล เช่น ต้องทนทุราคมทุเรศ ดลเขตรคิรีไกล (ดุษฎีสังเวย).
ทุเรียน 0,น.,ชื่อไม้ต้นชนิด Durio zibethinusMurr. ในวงศ์ Bombacaceae ผลเป็นพู ๆ มีหนามแข็งเต็มทั่วลูก เนื้อมีรสหวานมัน มีหลายพันธุ์ เช่น กบ ก้านยาว กำปั่น ทองย้อย หมอนทอง.
ทุเรียนแขก 0,น.,"ชื่อไม้ต้นขนาดเล็กชนิด Annona muricata L. ในวงศ์ Annonaceae ผลมีหนามขรุขระ รสหวานอมเปรี้ยว กินได้, ทุเรียนแขก ก็เรียก."
ทุเรียนเทศ 0,น.,"ชื่อไม้ต้นขนาดเล็กชนิด Annona muricata L. ในวงศ์ Annonaceae ผลมีหนามขรุขระ รสหวานอมเปรี้ยว กินได้, ทุเรียนแขก ก็เรียก."
ทุลักทุเล 0,ว.,อาการที่เป็นไปอย่างขลุกขลัก ยุ่งยาก วุ่นวาย ไม่เป็นระเบียบ.
ทุเลา 0,ก.,ค่อยยังชั่ว เช่น ไข้ทุเลา
ทุเลา 1,ก.,ผ่อนผัน เช่น ขอทุเลาไปอีกสัก ๒-๓ วัน.
ทุวิธะ 0,ว.,๒ อย่าง.
ทุศีล 0,ว.,ล่วงละเมิดศีลหรือวินัย (มักใช้แก่นักบวชนักพรต).
ทุษฐ- 0,ก.,ประทุษร้าย.
ทุษฐจิต 0,น.,จิตที่คิดประทุษร้าย.
ทุส- 0,น.,ผ้า เช่น กฐินทุสทาน ว่า ถวายผ้ากฐิน.
ทุสสะ 0,น.,ผ้า เช่น กฐินทุสทาน ว่า ถวายผ้ากฐิน.
ทุสสีล 0,ว.,ทุศีล.
ทู่ 0,ว.,ไม่แหลม (ใช้แก่ของที่มีลักษณะยาวแหลม แต่ขาดความแหลมไปเพราะความสึกกร่อนด้วยการใช้เป็นต้น) เช่น ดินสอทู่ เข็มทู่.
ทู้ 0,ก.,ยอมอยู่ในอำนาจ.
ทู 0,ว.,สอง เช่น ลูกเสือสนองคำโคทู ว่าถ้าแม่กู กระทำวิบัติเบียดเบียน (เสือโค).
ทู 1,น.,ชื่อปลาทะเลชนิด Rastrelliger brachysoma (Bleeker) ในวงศ์ Scombridae หัวท้ายเรียว ลำตัวแบนข้าง เกล็ดเล็กบาง ด้านหลังสีน้ำเงินอมเขียว ปากกว้างเอียงขึ้นเล็กน้อย มีครีบหลัง ๒ ตอน ตอนที่ ๒ อยู่ตรงข้ามกับครีบก้น โดยต่างก็มีครีบย่อย ๕ อัน เรียงต่ออยู่ข้างท้าย ชิดโคนครีบหลังตอนแรกมีจุดสีดำ ๓-๖ จุด เรียงอยู่ ๑ แถว ข้างท้องสีขาวเงิน คอดหางแคบ อาศัยรวมกันเป็นฝูงใหญ่ใกล้ผิวนํ้า.
ทูกัง 0,น.,"ชื่อปลากดทะเลชนิด Arius leiotetocephalus Bleeker ในวงศ์ Ariidae ไม่มีเกล็ด มีหนวด ส่วนหน้าของครีบหลังและครีบอกมีก้านครีบเป็นเงี่ยง จัดอยู่ในพวกปลากดขนาดใหญ่ แต่แตกต่างจากปลาชนิดอื่นในสกุลเดียวกัน โดยมีกระดูกบริเวณท้ายทอยเป็นแผ่นกลมรีใหญ่กว่าชนิดอื่น ๆ อาศัยอยู่ตามชายฝั่งทะเลหรือนํ้ากร่อยโดยเฉพาะบริเวณปากแม่นํ้า, ทุกัง ก็เรียก."
ทู่ซี้ 0,ก.,"ทนไปจนกว่าจะตาย, ทนไปเพราะความจำเป็นหรือเพื่อให้สมประสงค์."
ทูต 0,น.,"ผู้นำข้อความไปแจ้งทั้ง ๒ ฝ่าย, ผู้รับใช้ไปเจรจาแทน, ผู้สื่อสาร, ผู้ที่ได้รับมอบหมายให้เป็นผู้แทนไปยังต่างประเทศ เพื่อเจรจาหรือเจริญสัมพันธไมตรีเป็นทางราชการ."
ทูตานุทูต 0,น.,"ทูตใหญ่น้อย, คณะทูต."
ทูน 0,ก.,"เทิน, เอาของไว้บนศีรษะ, เช่น เอาของทูนหัว."
ทูน 1,ก.,ชิดซ้าย (บอกวัวควายเวลาไถนา พร้อมดึงเชือก).
ทูนหัว 0,น.,คำพูดแสดงความรักใคร่หรือยกย่อง เช่น พ่อทูนหัว แม่ทูนหัว.
ทูบ 0,น.,ไม้แม่แคร่เกวียน โคนทั้งคู่พาดอยู่บนเพลา ปลายยื่นออกไปติดกับแอก.
ทูม 0,ก.,"บวม, อูม, ในคำว่า คางทูม หมายถึงโรคที่ทำให้คางบวม."
ทูมทาม 0,ว.,เทิบทาบ.
ทูโม่ง 0,น.,"ชื่อปลาทะเลชนิด Rastrelliger kanagurta (Cuvier) ในวงศ์ Scombridae รูปร่างและลักษณะทั่วไปคล้ายปลาทู แต่ขนาดใหญ่และลำตัวเพรียวกว่าเล็กน้อย ปากกว้าง ลำตัวสีน้ำเงินปนเทาและมีแถวจุดบริเวณ ๒ ข้างของครีบหลังเข้มกว่าปลาทู มีลายเส้นสีทึบพาดตามยาวข้างลำตัว ๒-๓ เส้น มีชุกชุมโดยอยู่รวมกันเป็นฝูงในบริเวณห่างฝั่งมากกว่าปลาทู, ทูโม่ง หรือ ทูลัง ก็เรียก."
ทูร- 0,ว.,"คำประกอบหน้าคำศัพท์ หมายความว่า ไกล เช่น ทูรบถ ทูรมรรคา ว่า ทางยาว, ทางไกล."
ทูล 0,ก.,"บอก, กล่าว, (ใช้แก่เจ้านาย)."
ทูลกระหม่อม 0,น.,คำที่พระราช-โอรสพระราชธิดาทรงเรียกพระราชบิดาที่เป็นพระมหากษัตริย์
ทูลกระหม่อม 1,น.,"คำเรียกพระราชโอรสพระราชธิดาซึ่งเป็นเจ้าฟ้าชั้นเอก ประสูติแต่พระอัครมเหสี, ใช้ว่า ทูลหม่อม ก็มี, หากเจ้านายทรงเรียกพระประยูรญาติที่เป็นเจ้าฟ้าชั้นเอก จะระบุคำแสดงความเป็นเครือญาติท้ายคำว่า ทูลกระหม่อม เช่น ทูลกระหม่อมปู่ ทูลกระหม่อมพ่อ ทูลกระหม่อมลุง ทูลกระหม่อมป้า ทูลกระหม่อมอา."
ทูลกระหม่อม 2,น.,ชื่อปูน้ำจืดชนิด Thaipotamon chulabhorn Naiyanetr ในวงศ์ Potamidae กระดองสีม่วงเข้มคล้ายสีเปลือกมังคุด ขาและขาก้ามสีเหลืองอมส้ม ปลายก้ามและขาสีขาว ขุดรูอยู่ พบในป่าดูนลำพัน อำเภอนาเชือก จังหวัดมหาสารคาม.
ทูลเกล้าทูลกระหม่อมถวาย 0,ก.,"ถวาย (ใช้แก่สิ่งของเล็กหรือของที่ยกได้ที่ถวายแด่พระบาทสมเด็จพระเจ้าอยู่หัว สมเด็จพระบรมราชินีนาถ สมเด็จพระบรมราชินี สมเด็จพระบรมโอรสาธิราช สยามมกุฎราชกุมาร และสมเด็จพระเทพรัตนราชสุดาฯ สยามบรมราชกุมารี), เขียนว่า ทูลเกล้าฯ ถวาย ก็ได้ แต่ต้องอ่านว่า ทูลเกล้าทูลกระหม่อมถวาย."
ทูลัง 0,น.,"ชื่อปลาทะเลชนิด Rastrelliger kanagurta (Cuvier) ในวงศ์ Scombridae รูปร่างและลักษณะทั่วไปคล้ายปลาทู แต่ขนาดใหญ่และลำตัวเพรียวกว่าเล็กน้อย ปากกว้าง ลำตัวสีน้ำเงินปนเทาและมีแถวจุดบริเวณ ๒ ข้างของครีบหลังเข้มกว่าปลาทู มีลายเส้นสีทึบพาดตามยาวข้างลำตัว ๒-๓ เส้น มีชุกชุมโดยอยู่รวมกันเป็นฝูงในบริเวณห่างฝั่งมากกว่าปลาทู, ทูโม่ง หรือ ทูลัง ก็เรียก."
ทูเลียม 0,น.,ธาตุลำดับที่ ๖๙ สัญลักษณ์ Tm เป็นโลหะ ลักษณะเป็นของแข็ง หลอมละลายที่ ๑๕๔๕ °ซ.
ทูษก 0,น.,ผู้ประทุษร้าย.
เท 0,ก.,"ตะแคงหรือเอียงภาชนะเพื่อให้สิ่งที่อยู่ในนั้นไหลลงไปหรือออกไป เช่น เทนํ้า เทขยะ, โดยปริยายหมายถึงกิริยาอาการคล้ายคลึงเช่นนั้น เช่น ฝนตกลงมามาก ๆ อย่างเทนํ้า ก็เรียกว่า ฝนเทลงมา, อาการที่คนจำนวนมาก ๆ เคลื่อนไปรวมกันตามแนวเท เช่น คนเทไปทางกราบซ้ายเมื่อเรือเอียงซ้าย."
เท 1,ว.,เอียงหรือตะแคงไปข้างหนึ่ง เช่น เรือเท พื้นเท.
เท 2,น.,ชื่อมาตราตวงเหล้าตามวิธีประเพณี ๑ เท เท่ากับ ๒๐ ทะนาน.
เท่ 0,ว.,เอียงน้อย ๆ (มักใช้แก่การสวมหมวก)
เท่ 1,ว.,โก้เก๋ เช่น แต่งตัวเท่.
เทกระจาด 0,ก.,อาการที่รถบรรทุกหรือรถโดยสารคว่ำทำให้ผู้โดยสารตายหรือได้รับบาดเจ็บหรือข้าวของต้องเสียหายไปทั้งคัน.
เทกระเป๋า 0,ก.,จ่ายเงินจนหมดกระเป๋าหรือเท่าที่ติดตัวไป.
เทคนิค 0,น.,ศิลปะหรือกลวิธีเฉพาะวิชานั้น ๆ.
เทคนีเชียม 0,น.,ธาตุลำดับที่ ๔๓ สัญลักษณ์ Tc เป็นธาตุกัมมันตรังสีที่นักวิทยาศาสตร์สร้างขึ้น ไม่มีปรากฏในธรรมชาติ.
เทคโนโลยี 0,น.,วิทยาการที่นำเอาความรู้ทางวิทยาศาสตร์มาใช้ให้เกิดประโยชน์ในทางปฏิบัติ อุตสาหกรรม เป็นต้น.
เทครัว 0,ก.,"อพยพครอบครัว, กวาดต้อนผู้คนพลเมืองจากถิ่นฐานเดิมไปไว้ที่อื่น, เช่น ในปีเดียวนั้นให้เทครัวเมืองเหนือทั้งปวงลงมายังกรุงพระนครศรีอยุทธยา (พงศ. ประเสริฐ)"
เทครัว 1,ก.,โดยปริยายเรียกชายที่ได้หญิงเป็นภรรยาทั้งแม่ทั้งลูกหรือทั้งพี่ทั้งน้อง ว่า พระยาเทครัว.
เทคอนกรีต 0,ก.,เอาปูนซีเมนต์ ทราย และกรวดหรือหินผสมกับนํ้า แล้วเทให้จับตัวแข็งเป็นพื้นหรือทำถนนเป็นต้น.
เทง 0,ก.,"ทุบ, เคาะ, เช่น อันว่าพระมหาสัตว์ก็ถามเพื่อว่าดึกดื่น ตื่นนอนใครแลมาเทงทรวารพระกุฎีกูดังนี้ (ม. คำหลวง กุมาร), ตระบัดก็ให้เท้ง กระทุ่มเภรียครืนเครง กึกก้องบันลือเลวง (อนิรุทธ์)."
เท้ง 0,ก.,"ทุบ, เคาะ, เช่น อันว่าพระมหาสัตว์ก็ถามเพื่อว่าดึกดื่น ตื่นนอนใครแลมาเทงทรวารพระกุฎีกูดังนี้ (ม. คำหลวง กุมาร), ตระบัดก็ให้เท้ง กระทุ่มเภรียครืนเครง กึกก้องบันลือเลวง (อนิรุทธ์)."
เท้ง 1,ก.,ทิ้ง เช่น ผีจักเท้งที่โพล้ ที่เพล้ใครเผา (ตะเลงพ่าย).
เท้ง 2,น.,"ชื่อเรือชนิดหนึ่ง รูปร่างคล้ายเรือกำปั่น ตอนหัวหนาและงุ้มเป็นปากนก ท้ายเรือปาดลงเป็นรูปแตงโม มีเสาหัวและเสากลางสำหรับชักใบ กลางลำมีเก๋ง ท้ายเรือมีบาหลีรูปกลม และมีแคร่รอบบาหลีท้าย หัวเรือไม่เจาะรูสมอ, ชื่อเรือต่อชนิดหนึ่ง หัวท้ายทู่อย่างเรือที่ใช้หนุนเรือนแพ."
เท้งเต้ง 0,ว.,"อาการที่ลอยไปตามเรื่องตามราว, อาการที่ลอยไปไม่มีจุดหมาย, เช่น เรือลอยเท้งเต้ง, อย่างเลื่อนลอย, อย่างไม่รู้จุดหมาย, เช่น เขานัดแล้วไม่มาตามนัด ปล่อยให้ฉันรอเท้งเต้งอยู่คนเดียว"
เท้งเต้ง 1,ว.,เปลือยหน้าอก (ใช้แก่ผู้หญิง) เช่น วันนี้อากาศร้อนมาก คุณยายเลยถอดเสื้อปล่อยนมเท้งเต้ง.
เท้งทูด 0,น.,นกทิ้งทูด เช่น เท้งทูดทูดเท้งข่าว องค์อ่อนท้าวให้กรมเกรียม (สรรพสิทธิ์).
เท็จ 0,ว.,"ปด, โกหก, ไม่จริง."
เท็จจริง 0,ว.,จริงเท่าที่ปรากฏหรือเท่าที่ทราบ.
เท็จเทียม 0,ว.,"ไม่ใช่ของจริง, ไม่ใช่ของแท้."
เทนนิส 0,น.,"ชื่อกีฬาชนิดหนึ่ง ผู้เล่นใช้ไม้แร็กเกตตีลูกยางกลมหุ้มสักหลาดข้ามตาข่ายโต้กันไปมา, เรียกลูกยางกลมหุ้มสักหลาดที่ใช้เล่นเทนนิส ว่า ลูกเทนนิส."
เทน้ำเทท่า 0,ว.,"คล่อง, รวดเร็ว, ใช้เปรียบการขายของหมดอย่างรวดเร็ว ว่า ขายดีอย่างกับเทนํ้าเทท่า."
เทปูน 0,ก.,เอาปูนซีเมนต์ ทราย และปูนขาวผสมกับนํ้าแล้วเทให้เป็นพื้น เสา เป็นต้น.
เทพ- 0,น.,เทวดา.
เทพ 0,น.,เทวดา.
เทพ 1,น.,คำนำหน้าชื่อเพลงไทย เช่น เทพทอง เทพชาตรี เทพบรรทม เทพนิมิต เทพรัญจวน.
เทพ 2,น.,สมณศักดิ์พระราชาคณะสูงกว่าชั้นราช ตํ่ากว่าชั้นธรรม เรียกว่า ชั้นเทพ เช่น พระเทพโมลี.
เทพกุสุม 0,น.,กานพลู.
เทพจร 0,น.,ชื่อเทวดาองค์หนึ่ง
เทพจร 1,น.,ชีพจร.
เทพจรลงเท้า 0,ก.,"อยู่ไม่เป็นที่, ท่องเที่ยวเดินทางไปเรื่อย ๆ, ปัจจุบันใช้ว่า ชีพจรลงเท้า."
เทพเจ้า 0,น.,เทวดาผู้เป็นใหญ่.
เทพชุมนุม 0,น.,ชื่อกลบทชนิดหนึ่ง. (จารึกวัดโพธิ์)
เทพชุมนุม 1,น.,ชื่อภาพเขียนรูปเทวดานั่งประนมมือเรียงกันเป็นแถวลำดับกันขึ้นไป ๓ ชั้นถึง ๕ ชั้น เป็นต้น ตามฝาผนังด้านข้างในพระอุโบสถหรือหอพระ.
เทพดา 0,น.,เทวดา.
เทพดำรู 0,น.,ไม้สวรรค์ (มี ๕ คือ มนทาร ปาริชาตก สันตาน กัลปพฤกษ์ หริจันทน์).
เทพทัณฑ์ 0,น.,ไม้มีปลายพันผ้าสำหรับชุบนํ้ามันจุดไฟในพระราชพิธีกัตติเกยา.
เทพทารู 0,น.,"ชื่อไม้ต้นขนาดใหญ่ชนิด Cinnamomum porrectum (Roxb.) Kosterm. ในวงศ์ Lauraceae ใบ เปลือก และราก มีกลิ่นหอมคล้ายการบูร ใช้ปรุงอาหารและทำยาได้, จวง หรือ จวงหอม ก็เรียก."
เทพทาโร 0,น.,"ชื่อไม้ต้นขนาดใหญ่ชนิด Cinnamomum porrectum (Roxb.) Kosterm. ในวงศ์ Lauraceae ใบ เปลือก และราก มีกลิ่นหอมคล้ายการบูร ใช้ปรุงอาหารและทำยาได้, จวง หรือ จวงหอม ก็เรียก."
เทพธิดา 0,น.,"นางฟ้า, เทวดาผู้หญิง."
เทพนม 0,น.,"ชื่อภาพเทวดาครึ่งตัวประนมมือ, เทพประนม ก็ว่า"
เทพนม 1,น.,"ชื่อท่าไหว้ครูมวยหรือกระบี่กระบองท่าหนึ่ง, ชื่อท่ารำแบบหนึ่ง มือทั้งสองพนมไว้ที่ระหว่างอก."
เทพนารี 0,น.,"นางกษัตริย์, เจ้าหญิง."
เทพนิยม 0,น.,ลัทธิที่เชื่อว่ามีพระเจ้าจำนวนมากประจำอยู่ในสรรพสิ่ง แต่พระเจ้านั้นไม่มีอำนาจครอบครองโลก.
เทพนิยาย 0,น.,เรื่องราวหรือตำนานเกี่ยวกับเทวดา.
เทพนิยายวิทยา 0,น.,วิชาว่าด้วยเทพนิยาย.
เทพนิรมิต 0,น.,"“เทวดาสร้าง”, ธรรมชาติ."
เทพบดี 0,น.,"เจ้าแห่งเทวดา, พระอินทร์."
เทพบริษัท 0,น.,พวกเทวดา.
เทพบุตร 0,น.,เทวดาผู้ชาย.
เทพประติมา 0,น.,รูปเทวดา.
เทพประนม 0,น.,"ชื่อภาพเทวดาครึ่งตัวประนมมือ, เทพนม ก็ว่า."
เทพพยากรณ์ 0,น.,คำทำนายเหตุการณ์ล่วงหน้าที่มนุษย์ได้รับจากพระเจ้าหรือเทพเจ้าองค์ใดองค์หนึ่ง มักมีนักบวชหรือคนทรงเป็นสื่อกลาง.
เทพย- 0,น.,เทวดา.
เทพยเจ้า 0,น.,เทวดา.
เทพยดา 0,น.,เทวดา.
เทพยุดา 0,น.,เทวดา.
เทพสังหรณ์ 0,น.,เทวดามาดลใจ.
เทพา 0,น.,ชื่อปลานํ้าจืดขนาดใหญ่ชนิด Pangasius sanitwongsei H.M. Smith ในวงศ์ Pangasiidae ไม่มีเกล็ด ลำตัวแบนข้างเล็กน้อย รูปร่างคล้ายปลาสวาย เว้นแต่มีปลายก้านครีบอันแรกของครีบหลัง ครีบอก และครีบท้องยื่นยาวเป็นเส้น ทั้งยังมีจุดสีขาวเด่นอยู่บนลำตัวเหนือครีบอก พบอาศัยอยู่ในเขตแม่นํ้าเจ้าพระยาและแม่นํ้าโขง เมื่อโตเต็มที่มีขนาดยาวกว่า ๓ เมตร.
เทพาดิเทพ 0,น.,เทวดาผู้ยิ่งกว่าเทวดาอื่น.
เทพาธิบดี 0,น.,"เจ้าแห่งเทวดา, พระอิศวร."
เทพารักษ์ 0,น.,เทวดาผู้ดูแลรักษาที่แห่งใดแห่งหนึ่ง.
เทพิน 0,น.,นางกษัตริย์.
เทพินทร์ 0,น.,จอมแห่งเทวดา.
เทพี 0,น.,"เทวี, เรียกหญิงที่ทำหน้าที่โปรยพืชพรรณธัญญาหารในพิธีแรกนา ว่า นางเทพี, หญิงที่ชนะประกวดความงาม เช่น เทพีสงกรานต์."
เทพี 1,น.,ชื่อไม้เถาชนิด Caesalpinia cristaL. ในวงศ์ Leguminosae ลำต้นมีหนาม ดอกสีเหลืองออกเป็นช่อสั้น ๆ.
เทพีปักษี 0,น.,ชื่อโรคซึ่งเกิดแก่เด็ก ตำราแพทย์แผนโบราณว่าทำให้มีอาการท้องขึ้น มือเท้าเย็น ศีรษะร้อน.
เทเพนทร์ 0,น.,จอมแห่งเทวดา.
เทโพ 0,น.,ชื่อปลานํ้าจืดขนาดใหญ่ชนิด Pangasius larnaudii Bocourt ในวงศ์ Pangasiidae ไม่มีเกล็ด ลำตัวแบนข้างเล็กน้อย รูปร่างคล้ายปลาสวาย แต่มีจุดสีดำเด่นอยู่บนลำตัวเหนือครีบอก และพื้นลำตัวสีเรียบไม่มีลายพาดตามยาว พบชุกชุมตามแม่นํ้าในเขตภาคกลางและลุ่มแม่นํ้าโขง ขนาดยาวได้ถึง ๑.๓ เมตร.
เทริด 0,น.,เครื่องประดับศีรษะ รูปมงกุฎอย่างเตี้ย มีกรอบหน้า.
เทลลูเรียม 0,น.,ธาตุลำดับที่ ๕๒ สัญลักษณ์ Te ลักษณะเป็นของแข็ง สีขาวคล้ายเงิน มีสมบัติทางเคมีคล้ายธาตุกำมะถัน หลอมละลายที่ ๔๔๙.๕ °ซ. มีหลายอัญรูป ใช้ประโยชน์ผสมกับโลหะอื่นให้เป็นโลหะเจือ และใช้ในอุตสาหกรรมทำแก้วสี.
เทว- 0,น.,"เทวดา, มักใช้ประกอบหน้าศัพท์อื่น."
เทว- 1,ว.,"สอง, มักใช้ประกอบหน้าศัพท์อื่น."
เทวดา 0,น.,ชาวสวรรค์มีกายทิพย์ ตาทิพย์ หูทิพย์ และกินอาหารทิพย์ เป็นโอปปาติกะ.
เทวดาเดินหน 0,น.,"ชื่อเทวดาที่อยู่ระหว่างสวรรค์กับพื้นดิน, รูปเทวดาในท่าก้าวเดิน."
เทวดายืนแท่น 0,น.,รูปเทวดาที่วาดหรือปั้นในท่ายืนอยู่บนแท่น.
เทวตรีคันธา 0,น.,พิกัดตัวยาประเภทหนึ่งในตำรายาไทย จำกัดจำนวนตัวยาอันมีกลิ่นหอม ๒ ชนิด ชนิดละ ๓ อย่าง คือ ดอกบุนนาค แก่นบุนนาค รากบุนนาค กับ ดอกมะซาง แก่นมะซาง รากมะซาง.
เทวทัณฑ์ 0,น.,"การลงโทษของเทวดา, เทวดาลงโทษ, เช่น คนถูกฟ้าผ่าตายถือว่าเป็นเทวทัณฑ์."
เทวทูต 0,น.,ทูตของเทพ คือสิ่งที่เป็นสัญญาณเตือนให้ระลึกถึงคติธรรมดาของชีวิต เพื่อให้เกิดความสังเวชและรีบเร่งทำความดีด้วยความไม่ประมาท เช่น เจ้าชายสิทธัตถะเสด็จประพาสอุทยานพบเทวทูต ๓ คือ คนแก่ คนเจ็บ คนตาย ทำให้เกิดความสังเวช ต่อมาได้พบเทวทูตที่ ๔ คือสมณะ ทำให้คิดออกบวช.
เทวธรรม 0,น.,"ธรรมสำหรับเทวดา, ธรรมสำหรับทำบุคคลให้เป็นดั่งเทวดา มี หิริ โอตตัปปะ เป็นต้น."
เทวธิดา 0,น.,เทวดาผู้หญิง.
เทวนาครี 0,น.,อักษรที่ใช้สำหรับเขียนภาษาสันสกฤต.
เทวนิยม 0,น.,ลัทธิที่เชื่อว่ามีพระเป็นเจ้าผู้ทรงอำนาจยิ่งใหญ่ ทรงมีอำนาจครอบครองโลกและสามารถดลบันดาลความเป็นไปในโลก.
เทวภาวะ 0,น.,"ความเป็นคู่, ความเป็น ๒, สภาพที่เป็น ๒ คือ ความลังเลสงสัย, เขียนเป็น เทวภาพ ก็มี เช่น ทวีพิชทวีธารทรง สุรยเสพย ไส้แฮ เทวภาพเทวหกพ้น แว่นไว (ยวนพ่าย)."
เทวรูป 0,น.,รูปเทพเจ้าหรือเทวดาที่เคารพนับถือ.
เทวโลก 0,น.,ภูมิเป็นที่สถิตของเทวดา.
เทววาจิกสรณคมน์ 0,น.,การเปล่งวาจาถึงรัตนะ ๒ คือ พระพุทธเจ้าและพระธรรมว่าเป็นที่พึ่งที่ระลึก เพราะเวลานั้นยังไม่มีพระสงฆ์ เป็นสรณคมน์ที่ตปุสสะและภัลลิกะกล่าวหลังจากที่ได้ถวายข้าวสัตตุก้อนสัตตุผงแด่พระพุทธเจ้าในสัปดาห์ที่ ๔ หลังจากตรัสรู้.
เทววิทยา 0,น.,วิชาว่าด้วยพระเป็นเจ้าและความสัมพันธ์ระหว่างพระเป็นเจ้ากับโลก.
เทวศ 0,น.,เทวษ.
เทวษ 0,น.,"การครํ่าครวญ, ความลำบาก."
เทวสถาน 0,น.,"สถานที่ซึ่งถือว่าเป็นที่ประทับหรือสิงสถิตของเทพเจ้าหรือเทวดา, ที่ประดิษฐานเทวรูป."
เทวสุคนธ์ 0,น.,กลิ่นหอม ๒ อย่าง คือ กลิ่นที่เกิดจากรากบุนนาคและรากมะซาง.
เทวอ 0,ก.,"ทำ, กระทำ."
เทวัญ 0,น.,เทวดา.
เทวาคาร 0,น.,"ศาลพระภูมิ, ศาลเจ้า."
เทวารัณย์ 0,น.,สวนสวรรค์.
เทวาลัย 0,น.,ที่ซึ่งสมมุติว่าเป็นที่อยู่ของเทวดา.
เทวาวาส 0,น.,ที่ซึ่งสมมุติว่าเป็นที่อยู่ของเทวดา.
เทวินทร์ 0,น.,หัวหน้าเทวดา.
เทวี 0,น.,"เทวดาผู้หญิง, นางพญา, นางกษัตริย์."
เทเวนทร์ 0,น.,หัวหน้าเทวดา.
เทเวศ 0,น.,"เทวดาผู้เป็นใหญ่, หัวหน้าเทวดา"
เทเวศ 1,น.,"พระมหากษัตริย์, เจ้านาย."
เทเวศร์ 0,น.,"เทวดาผู้เป็นใหญ่, หัวหน้าเทวดา"
เทเวศร์ 1,น.,"พระมหากษัตริย์, เจ้านาย."
เทเวศวร์ 0,น.,"เทวดาผู้เป็นใหญ่, หัวหน้าเทวดา"
เทเวศวร์ 1,น.,"พระมหากษัตริย์, เจ้านาย."
เทศ 0,ว.,ต่างประเทศ เช่น เครื่องเทศ ม้าเทศ.
เทศ 1,น.,"ถิ่นที่, ท้องถิ่น, มักใช้เป็นส่วนหน้าสมาส."
เทศ- 0,ว.,ต่างประเทศ เช่น เครื่องเทศ ม้าเทศ.
เทศ- 1,น.,"ถิ่นที่, ท้องถิ่น, มักใช้เป็นส่วนหน้าสมาส."
เทศก 0,น.,"ผู้ชี้แจง, ผู้แสดง, ผู้แสดงธรรม."
เทศกาล 0,น.,คราวสมัยที่กำหนดไว้เป็นประเพณีเพื่อทำบุญและการรื่นเริงในท้องถิ่น เช่น ตรุษ สงกรานต์ เข้าพรรษา สารท
เทศกาล 1,น.,คราว เช่น ชาวนาไม่ได้ทำนาสิ้นสองเทศกาลมาแล้ว (พงศ. เลขา).
เทศน์ 0,น.,การแสดงธรรมสั่งสอนในทางศาสนา.
เทศน์ 1,ก.,"แสดงธรรม เช่น พระเทศน์, (ปาก) โดยปริยายหมายความว่า ดุด่าว่ากล่าวอย่างยืดยาว เช่น วันนี้ถูกแม่เทศน์เสียหลายกัณฑ์."
เทศน์แจง 0,น.,เทศน์สังคายนา ซึ่งต้องอธิบายรายละเอียดเกี่ยวกับประวัติความเป็นมาของการทำสังคายนาพระพุทธศาสนา โดยเฉพาะในการสังคายนาครั้งแรก.
เทศนา 0,น.,การแสดงธรรมสั่งสอนในทางศาสนา.
เทศนา 1,ก.,"แสดงธรรม เช่น พระเทศน์, (ปาก) โดยปริยายหมายความว่า ดุด่าว่ากล่าวอย่างยืดยาว เช่น วันนี้ถูกแม่เทศน์เสียหลายกัณฑ์."
เทศนาโวหาร 0,น.,สำนวนเขียนที่เป็นไปในลักษณะการเทศนาของพระ.
เทศบัญญัติ 0,น.,กฎที่เทศบาลตราขึ้น เพื่อใช้บังคับภายในเขตเทศบาลนั้น.
เทศบาล 0,น.,องค์กรปกครองส่วนท้องถิ่นรูปแบบหนึ่ง ประกอบด้วยนายกเทศมนตรีและสภาเทศบาล.
เทศะ 0,ว.,ต่างประเทศ เช่น เครื่องเทศ ม้าเทศ.
เทศะ 1,น.,"ถิ่นที่, ท้องถิ่น, มักใช้เป็นส่วนหน้าสมาส."
เทศาจาร 0,น.,ธรรมเนียมของบ้านเมือง.
เทศาภิบาล 0,น.,ตำแหน่งข้าหลวงผู้รักษาราชการ ผู้ว่าราชการเมือง หรือกรมการเมืองในหัวเมืองนั้น ๆ
เทศาภิบาล 1,น.,การปกครองหัวเมืองที่จัดเป็นมณฑล โดยโปรดเกล้าฯ แต่งตั้งข้าราชการชั้นผู้ใหญ่ทำหน้าที่ปกครองในแต่ละมณฑล เรียกว่า ข้าหลวงเทศาภิบาลสำเร็จราชการมณฑล เว้นแต่มณฑลชายแดนบางมณฑล เรียกว่า ข้าหลวงต่างพระองค์สำเร็จราชการมณฑล ภายหลังเรียกว่า สมุหเทศาภิบาลมณฑล หรือสมุหเทศาภิบาล.
เทห์ 0,น.,ตัว.
เทห- 0,น.,ตัว.
เท่ห์ 0,น.,ตัว.
เทห์ฟากฟ้า 0,น.,"เทหวัตถุในท้องฟ้าหรือในอวกาศ เช่น ดาวฤกษ์ ดาวเคราะห์ อุกกาบาต, บางทีใช้ เทห์ฟ้า."
เทหวัตถุ 0,น.,ก้อนหรือชิ้นหรือส่วนหนึ่งของสสาร อาจเป็นของแข็ง ของเหลว หรือแก๊ส ก็ได้.
เท่อ 0,ว.,"ทื่อ, ไม่ฉลาด, มักใช้พูดว่า ขี้เท่อ"
เท่อ 1,ว.,ไม่ส่าย (ใช้แก่ว่าว).
เท้อ 0,ว.,อาการที่นํ้าขึ้นมากเต็มที่แล้วไม่ลดลงชั่วระยะหนึ่ง เรียกว่า นํ้าเท้อ
เท้อ 1,ว.,ไม่อยากอาหารเพราะยังอิ่มอยู่เป็นต้น.
เทอก 0,ก.,"ถือเอา, พาไป, เช่น อินทรท่านเทอกโฉมเอา สู่ฟ้า (กำสรวล)."
เทอญ 0,ว.,"เถิด (ใช้เป็นคำลงท้ายข้อความที่แสดงความมุ่งหมายให้เป็นดังนั้นดังนี้, มักใช้ในการให้ศีลให้พร)."
เทอม 0,น.,"ระยะเวลาที่กำหนดไว้เป็นตอน ๆ, ภาคเรียน, เรียกค่าเล่าเรียนที่เก็บในภาคเรียนหนึ่ง ๆ ว่า ค่าเทอม."
เทอร์เบียม 0,น.,ธาตุลำดับที่ ๖๕ สัญลักษณ์ Tb เป็นโลหะ ลักษณะเป็นของแข็ง หลอมละลายที่ ๑๓๕๖ °ซ.
เทอร์โมมิเตอร์ 0,น.,"เครื่องมือที่ใช้วัดอุณหภูมิ ทำด้วยหลอดแก้วบรรจุปรอทหรือแอลกอฮอล์หรือแก๊สเป็นต้น แล้วแต่ความมุ่งหมาย ความสะดวกที่จะนำไปใช้ และความละเอียดถูกต้องในการวัด, เทอร์มอมิเตอร์ ก็เรียก."
เทอะทะ 0,ว.,ไม่ได้รูปได้ทรง (มักใช้แก่ลักษณะที่อ้วนหรือหนา) เช่น อ้วนเทอะทะ หนาเทอะทะ.
เท้า 0,น.,"ตีน (ใช้ในความสุภาพ), เรียกขาโต๊ะหรือขาตู้."
เท้า 1,ก.,ยัน เช่น ยืนเอามือเท้าโต๊ะ เอามือเท้าเอว
เท้า 2,ก.,อ้างถึง เช่น เท้าความ.
เทา 0,ก.,"ไป เช่น ยกย่างพลพลันเทา เท่าแล้ว (ยวนพ่าย), ใช้ว่า เต้า ก็มี."
เท่า 0,ว.,เสมอกัน เช่น สูงเท่ากัน
เท่า 1,ว.,ถึง เช่น ตราบเท่า
เท่า 2,ว.,ทัน เช่น รู้เท่า
เท่า 3,ว.,"แค่, เพียง, เช่น สูงเท่าใด เก่งเท่าไหน ตัวเท่านี้."
เท่า 4,น.,จำนวนที่เพิ่มขึ้นตามส่วนของจำนวนเดิม เช่น ๓ เท่า คือจำนวนที่เพิ่มขึ้นเป็น ๓ ส่วนของจำนวนเดิม.
เทา 1,น.,"ชื่อสาหร่ายสีเขียวนํ้าจืดชนิดหนึ่งในสกุล Spirogyra วงศ์ Zygnemataceae เป็นเส้นละเอียดสีเขียว มีเมือกลื่น บางชนิดกินได้, ผักไก ก็เรียก."
เท่า 5,น.,เถ้า.
เทา 2,ว.,สีหม่น ๆ อย่างสีขี้เถ้า เรียกว่า สีเทา.
เทา 3,ก.,"ยอบตัวลง, หมอบลง, คุกเข่า, (ใช้แก่ช้าง)."
เทา 4,ว.,มีอาการสั่นรัว ๆ อย่างคนเป็นไข้ เรียกว่า สั่นเทา.
เท่ากับ 0,น.,ชื่อเครื่องหมายรูปดังนี้ = หมายความว่า มีค่าเสมอกัน.
เท่ากับ 1,สัน.,คือ.
เท้าแขน 0,น.,ตัวไม้สำหรับคํ้ายันของหนักเช่นกันสาดให้มีกำลังทรงตัวอยู่ได้
เท้าแขน 1,น.,ส่วนของเก้าอี้สำหรับวางแขน.
เท้าแขน 2,ว.,เรียกอาการที่นั่งพับเพียบเอาแขนเท้าพื้น ว่า นั่งเท้าแขน.
เท้าคู้ 0,น.,เรียกขาโต๊ะหรือขาตู้ที่ตอนปลายคู้หรืองอเข้า.
เท้าช้าง 0,น.,ชื่อโรคชนิดหนึ่ง ทำให้อวัยวะส่วนใดส่วนหนึ่งมีหนังหนา หยาบ คล้ายหนังช้าง และมีขนาดโตขึ้น มักเป็นที่เท้าหรือขา สาเหตุเนื่องจากพยาธิตัวกลมฟิลาเรีย (filaria) ซึ่งมีหลายชนิด ทำให้ท่อทางเดินนํ้าเหลืองของอวัยวะนั้น ๆ อุดตัน.
เท้าแชร์ 0,น.,ผู้เป็นหัวหน้าวงแชร์ มีหน้าที่จัดการและรับผิดชอบเรื่องเงิน ตามปรกติจะเป็นผู้ได้เงินเป็นคนแรกโดยไม่เสียดอกเบี้ย.
เท่าใด 0,ว.,"กี่มากน้อย, เท่าไร ก็ใช้."
เท่าตัว 0,ว.,"มีขนาดเท่าตัวจริง เช่น หล่อรูปเท่าตัว, มีจำนวนหรือขนาดเพิ่มขึ้นเท่าจำนวนหรือขนาดเดิม เช่น แป้งฟูขึ้นอีกเท่าตัว ราคาสินค้าขึ้นอีกเท่าตัว."
เท่าทัน 0,ว.,"เทียมถึง, เข้าใจถึง."
เท่าทุน 0,ว.,"เสมอตัว, ไม่ได้ไม่เสีย, ไม่ได้กำไรไม่ขาดทุน."
เท่าเทียม 0,ว.,"เสมอหน้า, ทัดเทียม."
เท่านั้น 0,ว.,"แค่นั้น, เพียงนั้น, ขนาดนั้น, เป็นคำเน้นความแสดงจำนวนจำกัดจำเพาะ."
เท้ายายม่อม 0,น.,ชื่อไม้ล้มลุกชนิด Tacca leontopetaloides (L.) Kuntze ในวงศ์ Taccaceae หัวหรือเหง้ามีสัณฐานกลมแบน ใช้ทำแป้งเป็นอาหารได้ เรียกว่า แป้งเท้ายายม่อม.
เท้ายายม่อม 1,น.,"ชื่อไม้พุ่มชนิด Clerodendrum indicum (L.) Kuntze ในวงศ์ Labiatae ดอกสีขาว ใบใช้สูบแทนกัญชา ต้นและรากใช้ทำยาได้, เท้ายายม่อม หรือ พญารากเดียว ก็เรียก."
เท่าไร 0,ว.,"กี่มากน้อย, เท่าใด ก็ใช้."
เท้าสาน 0,น.,"ชื่อปาล์มชนิด Rhapis excelsa (Thunb.) Henry ex Rehder ในวงศ์ Palmae ใบรูปพัด ปลูกเป็นไม้ประดับ, เท้าสาน ก็เรียก."
เท้าสิงห์ 0,น.,เรียกขาโต๊ะหรือขาตู้ที่แกะเป็นรูปตีนสิงห์
เท้าสิงห์ 1,น.,ชื่อลายสลักทำเป็นรูปตีนสิงห์.
เทาะห์ 0,ก.,เผา เช่น ธานยเทาะห์ ชื่อพระราชพิธีเผาฟางและซังข้าวเพื่อกันอุบาทว์จัญไร ทำในเดือน ๓ (นางนพมาศ).
เทิก 0,ก.,"ถือเอา, พาไป, เช่น อินทรท่านเทอกโฉมเอา สู่ฟ้า (กำสรวล)."
เทิ่ง 0,ว.,ที่ปรากฏชัดหรือเห็นได้อย่างชัดแจ้ง เช่น เดินเทิ่ง ๆ แบกของมาเทิ่ง ๆ.
เทิ่งบอง 0,น.,"เสียงเถิดเทิง, เสียงกลองยาว."
เทิ้งบอง 0,น.,"เสียงเถิดเทิง, เสียงกลองยาว."
เทิด 0,ก.,เชิดชู.
เทิดทูน 0,ก.,"ยกย่อง, เชิดชูไว้เป็นที่เคารพ."
เทิน 0,น.,เนินดินที่พูนขึ้นไปตามยาว เช่น เชิงเทิน.
เทิน 1,ก.,ทูน เช่น เอาของเทินหัว.
เทิบ 0,ว.,"ไม่รัดกุม, หย่อนยาน, เช่น สวมเสื้อผ้าเทิบทาบ."
เทิบ ๆ 0,ว.,"ไม่รัดกุม, หย่อนยาน, เช่น สวมเสื้อผ้าเทิบทาบ."
เทิบทาบ 0,ว.,"ไม่รัดกุม, หย่อนยาน, เช่น สวมเสื้อผ้าเทิบทาบ."
เทิ้ม 0,ว.,มีอาการสั่นไปทั้งตัว.
เทียง 0,น.,กำแพง เช่น เทียงผา ว่า กำแพงหิน.
เที่ยง 0,ว.,"ตรง เช่น นาฬิกาเดินเที่ยง, แน่นอน เช่น สังขารไม่เที่ยง คือ ไม่แน่นอน"
เที่ยง 1,ว.,ที่สะท้อนตรงกับความเป็นจริง ในคำว่า กระจกเที่ยง
เที่ยง 2,ว.,"แน่, แม่นยำ, ในคำว่า มือเที่ยง"
เที่ยง 3,ว.,"เรียกเวลากึ่งกลางของกลางวันที่พระอาทิตย์อยู่ตรงศีรษะ ว่า เที่ยง หรือ เที่ยงวัน ตรงกับ ๑๒ นาฬิกา, เรียกเวลากึ่งกลางของกลางคืน ว่า เที่ยงคืน ตรงกับ ๒๔ นาฬิกา."
เที่ยง ๆ 0,ว.,ราว ๆ เที่ยง.
เที่ยงตรง 0,น.,เวลา ๑๒.๐๐ น.
เที่ยงตรง 1,ว.,"ตั้งตรงไม่เอนเอียง, ยุติธรรม."
เที่ยงแท้ 0,ว.,แน่นอน.
เที่ยงธรรม 0,ว.,ตั้งตรงด้วยความเป็นธรรม.
เทียด 0,น.,"พ่อหรือแม่ของทวด, เชียด ก็ว่า."
เที้ยน 0,ก.,"เปรียบ, คล้ายคลึง, เหมือน, เช่น ไม่เคลือบแคลงมิดเมี้ยน คำราชอาจเทียบเที้ยน ที่ถ้อยตูแถลงนี้แล (สามกรุง)."
เทียน 0,น.,"เครื่องตามไฟที่ฟั่นหรือหล่อด้วยขี้ผึ้งหรือไขเป็นต้น มีไส้อยู่ตรงใจกลาง, ลักษณนามว่า เล่ม."
เทียน 1,น.,"ชื่อไม้ล้มลุกชนิด Impatiens balsamina L. ในวงศ์ Balsaminaceae ลำต้นอวบน้ำ ดอกมีสีต่าง ๆ กัน เช่น ขาว ชมพู ม่วง, เทียนดอก ก็เรียก."
เทียน 2,น.,ชื่อเครื่องยาสมุนไพรจำพวกหนึ่ง ได้จากผลและเมล็ดแห้งของไม้ล้มลุก มีหลายชนิด คือ เทียนทั้ง ๕ ได้แก่ เทียนขาว เทียนข้าวเปลือก เทียนดำ เทียนแดง เทียนตาตั๊กแตน เทียนทั้ง ๗ เพิ่ม เทียนเยาวพาณี เทียนสัตตบุษย์ เทียนทั้ง ๙ เพิ่ม เทียนตากบ เทียนเกล็ดหอย และยังมีเทียนพิเศษอีกหลายชนิด เช่น เทียนลวด เทียนขม เทียนแกลบ.
เทียน 3,น.,"ชื่อเต่าบกขนาดกลางชนิด Indotestudo elongata (Blyth) ในวงศ์ Testudinidae หัวสีเหลือง กระดองหลังสีเหลืองมีลายเปรอะสีน้ำตาล กระดองท้องสีเหลืองไม่มีลาย กินพืช เช่น หญ้าเพ็ก, เพ็ก ขี้ผึ้ง เทียน หรือ แขนง ก็เรียก."
เทียนกลเม็ด 0,น.,เทียนชนิดหนึ่ง ซึ่งตามประเพณีเดิมจุดตั้งแต่วันเกิดมาและเลี้ยงไฟต่อกันไว้จนถึงวันตาย เมื่อถึงวันเผาก็ใช้ไฟนั้นเผา.
เทียนกิ่ง 0,น.,"ชื่อไม้พุ่มหรือไม้ต้นขนาดย่อมชนิด Lawsonia inermis L. ในวงศ์ Lythraceae ดอกสีขาวหรือแดง ผลกลม สุกสีนํ้าตาล ใบใช้ย้อมผม ผ้าไหม และผ้าขนสัตว์ ได้สีแดงนํ้าตาล, อีสานเรียก กาว."
เทียนเกล็ดหอย 0,น.,ชื่อเรียกเมล็ดแก่แห้งของไม้ล้มลุกชนิด Plantago ovata Forssk. ในวงศ์ Plantaginaceae.
เทียนแกลบ 0,น.,ชื่อเรียกผลแก่แห้งของไม้ล้มลุกชนิด Foeniculum vulgare Mill. ในวงศ์ Umbelliferae.
เทียนขม 0,น.,ชื่อเรียกผลแก่แห้งของไม้ล้มลุกชนิด Foeniculum piperitum C. Presl ในวงศ์ Umbelliferae.
เทียนขาว 0,น.,"ชื่อเรียกผลแก่แห้งของไม้ล้มลุกชนิด Cuminum cyminum L. ในวงศ์ Umbelliferae ใช้เป็นเครื่องเทศได้, ยี่หร่า ก็เรียก."
เทียนข้าวเปลือก 0,น.,"ชื่อเรียกผลแก่แห้งของไม้ล้มลุกชนิด Foeniculum vulgare Mill. var. dulce Batt. et Trab. ในวงศ์ Umbelliferae ใช้เป็นเครื่องเทศได้, ยี่หร่าหวาน ก็เรียก."
เทียนชนวน 0,น.,เทียนที่จุดไว้เพื่อใช้จุดต่อธูปเทียนอื่น.
เทียนดอก 0,น.,"ชื่อไม้ล้มลุกชนิด Impatiens balsamina L. ในวงศ์ Balsaminaceae ลำต้นอวบน้ำ ดอกมีสีต่าง ๆ กัน เช่น ขาว ชมพู ม่วง, เทียนดอก ก็เรียก."
เทียนดำ 0,น.,ชื่อเรียกเมล็ดแก่แห้งของไม้ล้มลุกชนิด Nigella sativa L. ในวงศ์ Ranunculaceae.
เทียนแดง 0,น.,ชื่อเรียกเมล็ดแก่แห้งของไม้ล้มลุกชนิด Lepidium sativum L. ในวงศ์ Cruciferae.
เทียนตากบ 0,น.,ชื่อเรียกผลแก่แห้งของไม้ล้มลุกชนิด Carum carvi L. ในวงศ์ Umbelliferae ใช้เป็นเครื่องเทศได้.
เทียนตาตั๊กแตน 0,น.,ชื่อเรียกผลแก่แห้งของผักชีลาว ( Anethum graveolens L.) ในวงศ์ Umbelliferae ใช้เป็นเครื่องเทศได้.
เทียนบ้าน 0,น.,"ชื่อไม้ล้มลุกชนิด Impatiens balsamina L. ในวงศ์ Balsaminaceae ลำต้นอวบน้ำ ดอกมีสีต่าง ๆ กัน เช่น ขาว ชมพู ม่วง, เทียนดอก ก็เรียก."
เทียนพรรษา 0,น.,เทียนขนาดใหญ่และยาวเป็นพิเศษกว่าเทียนชนิดอื่น สำหรับจุดในโบสถ์บูชาพระตั้งแต่วันเข้าพรรษาจนถึงวันออกพรรษา.
เทียนเยาวพาณี 0,น.,ชื่อเรียกผลแก่แห้งของไม้ล้มลุกชนิด Petroselinum crispum (Mill.) A.W. Hill ในวงศ์ Umbelliferae ใช้เป็นเครื่องเทศได้.
เทียนรุ่ง 0,น.,เทียนที่จุดในพระอุโบสถในวันวิสาขบูชาเป็นต้น มีขนาดใหญ่พอจุดอยู่ได้ตลอดคืน.
เทียนลวด 0,น.,ชื่อเรียกผลแก่แห้งของไม้ล้มลุกชนิด Centratherum anthelminticum (Willd.) Kuntze ในวงศ์ Compositae.
เทียนสัตตบุษย์ 0,น.,ชื่อเรียกผลแก่แห้งของไม้ล้มลุกชนิด Pimpinella anisum L. ในวงศ์ Umbelliferae ใช้เป็นเครื่องเทศ.
เทียนอบ 0,น.,เทียนที่มีส่วนผสมของสิ่งที่มีกลิ่นหอม จุดใช้ควันอบขนมเป็นต้น.
เทียบ 0,ก.,"เอามาให้ใกล้ ชิด หรือติดกัน เช่น จอดเรือเทียบท่า เอาเรือเล็กเข้าเทียบเรือใหญ่ รถไฟเข้าเทียบชานชาลา, เปรียบ เช่น เอาผ้า ๒ ชิ้นมาเทียบสีกัน"
เทียบ 1,ก.,"จัด, แต่ง, เช่น เทียบสำรับ"
เทียบ 2,ก.,ชิมอาหารหรือยาโดยเจ้าพนักงานก่อนที่จะถวายพระมหากษัตริย์เพื่อป้องกันสิ่งที่เป็นพิษ ในคำว่า เทียบเครื่อง เทียบพระโอสถ.
เทียบ 3,น.,ชุดยาจีน เช่น ยาเทียบหนึ่ง ยา ๒ เทียบ.
เทียบเคียง 0,ก.,เปรียบเทียบ.
เทียบเชิญ 0,น.,บัตรเชิญ.
เทียบเท่า 0,ว.,"เสมอกัน, เท่ากัน."
เทียม 0,ก.,เอาสัตว์พาหนะผูกเข้ากับยานพาหนะหรือคราดไถเป็นต้น เช่น วัวเทียมเกวียน ม้าเทียมรถ ควายเทียมแอก.
เทียม 1,ว.,ทำเอาอย่างให้เหมือนหรือคล้ายของจริงของแท้ เช่น ทำเทียม ของเทียม ฝนเทียม ดาวเทียม
เทียม 2,ว.,"เสมอกัน, เท่ากัน, เช่น สูงเทียมเมฆ."
เทียม 3,น.,ต้นกระเทียม. (ดู กระเทียม).
เทียมบ่าเทียมไหล่ 0,ว.,"เทียบเท่ากัน, เท่าเทียมกัน, เช่น เขาพยายามสร้างฐานะจนเทียมบ่าเทียมไหล่ญาติพี่น้อง, เทียมหน้าเทียมตา หรือ เสมอบ่าเสมอไหล่ ก็ว่า."
เทียมหน้าเทียมตา 0,ว.,"เทียบเท่ากัน, เท่าเทียมกัน, เช่น เขาพยายามสร้างฐานะจนเทียมหน้าเทียมตาญาติพี่น้อง, เทียมบ่าเทียมไหล่ หรือ เสมอบ่าเสมอไหล่ ก็ว่า."
เทียร 0,ก.,"ย่อม, ล้วนแล้วไปด้วย, เช่น นี่รอยเบื้องบุญสองรา เทียรทอดรอดมา มาลุมาหล่งโดยใจ (อนิรุทธ์), เขาอันชื่อไกรลาสนั้นเทียรย่อมเงินแล (ไตรภูมิ)."
เที้ยร 0,ก.,"ย่อม, ล้วนแล้วไปด้วย, เช่น นี่รอยเบื้องบุญสองรา เทียรทอดรอดมา มาลุมาหล่งโดยใจ (อนิรุทธ์), เขาอันชื่อไกรลาสนั้นเทียรย่อมเงินแล (ไตรภูมิ)."
เทียรฆ- 0,ว.,"ยาว, ไกล, นาน, ยืน."
เทียรฆชาติ 0,น.,งู.
เทียรฆราตร 0,น.,"ราตรียาว, กาลนาน."
เทียรฆราตร 1,ว.,"มีราตรียาว, มีกาลนาน."
เทียรย่อม 0,ก.,"ย่อม, ล้วนแล้วไปด้วย, เช่น นี่รอยเบื้องบุญสองรา เทียรทอดรอดมา มาลุมาหล่งโดยใจ (อนิรุทธ์), เขาอันชื่อไกรลาสนั้นเทียรย่อมเงินแล (ไตรภูมิ)."
เทียว 0,ก.,"เวียนไปเวียนมา, ไปหรือมาบ่อย ๆ, เช่น เทียวไปทวงหนี้ เทียวรับเทียวส่ง."
เที่ยว 0,น.,"เรียกการไปยังที่ซึ่งกำหนดไว้ครั้งหนึ่ง ๆ หรือไปกลับรอบหนึ่ง ๆ ว่า เที่ยว เช่น เที่ยวขึ้น เที่ยวล่อง เที่ยวไป เที่ยวกลับ, ลักษณนามบอกอาการเช่นนั้น เช่น ไป ๒ เที่ยว มา ๓ เที่ยว."
เทียว 1,ว.,"คำที่ใช้ประกอบกริยาหรือวิเศษณ์ เพื่อบังคับหรือเน้นความให้มีความหมายหนักแน่นยิ่งขึ้น มีความหมายอย่างเดียวกับ ทีเดียว, เชียว, เช่น มาให้ได้เทียวนะ อย่าบอกใครเทียวนะ หมู่นี้เงียบไปเทียวไม่เห็นมาหาบ้างเลย."
เที่ยว 1,ก.,"ไปไหน ๆ เพื่อความเพลิดเพลินตามสบาย เช่น ไปเที่ยวงานกาชาด, กิริยาที่ไปที่โน่นที่นี่เรื่อยไป เช่น ฉันเที่ยวตามหาเธอทั้งวัน, กิริยาที่ไปหรือทำในหลายที่ทั่ว ๆ ไป ใช้ประกอบกับกริยาอื่น ผู้พูดพูดในทำนองไม่เห็นด้วยว่าควรทำ เช่น เรื่องนี้เป็นความลับ อย่าเที่ยวพูดไปนะ."
เทียว 2,น.,"ชื่อธงที่มีรูปลักษณะคล้ายกระบอก, ทิว ก็ว่า."
เที่ยวเตร่ 0,ก.,เที่ยวไปในที่ต่าง ๆ เช่น วัน ๆ ไม่ทำงานทำการได้แต่เที่ยวเตร่.
เทือ 0,ว.,"ครั้ง, หน, เตื้อ ก็ว่า."
เทื่อ 0,ว.,"ครั้ง, หน, เตื้อ ก็ว่า."
เทื้อ 0,ว.,"ครั้ง, หน, เตื้อ ก็ว่า."
เทื้อ 1,ว.,"สาวแก่, ทึนทึก"
เทื้อ 2,ว.,ไม่ว่องไว เช่น น้อยภักษ์ก็ผอมซูบ สรีรรูปบันดาลมากภักษ์ก็พีพาน จะหนักเนื้อแลเทื้อองค์ (กฤษณา).
เทือก 0,น.,"ที่ดินที่ไถและคราดแล้วทำให้เป็นโคลนเป็นตมเพื่อตกกล้า เช่น ทำเทือกตกกล้า, ขี้เทือก ก็ว่า, โดยปริยายหมายถึงที่ซึ่งเปรอะเลอะเทอะเพราะยํ่ากันไปมา เช่น ยํ่าเป็นเทือก"
เทือก 1,น.,วัสดุที่มีความเหนียว ใช้สำหรับติดสิ่งของต่าง ๆ เช่น เทือกรัก เทือกปูน.
เทือกเขา 0,น.,แนวเขาที่ต่อเนื่องกันไปเป็นพืด.
เทือกเถาเหล่ากอ 0,น.,เชื้อสายวงศ์ตระกูลที่สืบเนื่องต่อกันมา.
เทือน 0,น.,ที่ไกล.
แท่ 0,น.,เนื้อแมงกะพรุนหมักเกลือ ทำเป็นแผ่น ใช้เป็นอาหาร.
แท้ 0,ว.,"ล้วน ๆ, ไม่มีอะไรเจือปน, เช่น เทียนขี้ผึ้งแท้, ไม่ปลอม, ไม่เทียม, เช่น นาฬิกาเรือนนี้ของแท้ กระเป๋าหนังแท้."
แท้ ๆ 0,ว.,"จริง ๆ, ยิ่งนัก, จริงทีเดียว, เช่น สวยแท้ ๆ ลูกของตัวแท้ ๆ."
แท็กซี่ 0,น.,รถยนต์รับจ้างสาธารณะ โดยสารได้ไม่เกิน ๗ คน.
แท็กซี่ 1,ก.,แล่นช้า ๆ ไปตามทางวิ่ง ก่อนนำเครื่องบินขึ้นหรือเมื่อเครื่องบินลงแล้วจะเข้าที่จอด.
แท็กซี่มิเตอร์ 0,น.,แท็กซี่ที่ติดตั้งมิเตอร์คำนวณค่าโดยสารเป็นระยะทางกับเวลาตามอัตราที่ทางการกำหนด.
แทง 0,ก.,"เอาของแหลมทิ่มหรือปักเข้าไป, โดยปริยายหมายถึงกิริยาอาการที่คล้ายคลึงเช่นนั้น เช่น กระแสนํ้าแทงตลิ่ง นักมวยแทงศอกคู่ต่อสู้"
แทง 1,ก.,"ลงบันทึก, ลงหมายเหตุ, เช่น แทงคำสั่ง แทงหนังสือ"
แทง 2,ก.,เล่นการพนันบางชนิด เช่น แทงหวย แทงลอตเตอรี่ แทงโป.
แท่ง 0,น.,"ลักษณะของสิ่งที่ตันและกลมยาวหรือแบนหนา เช่น แท่งทอง แท่งเหล็ก แท่งหิน, ลักษณนามเรียกของเช่นนั้น เช่น ชอล์กแท่งหนึ่ง ดินสอ ๒ แท่ง"
แท่ง 1,น.,เรียกชายหนุ่มที่ยังไม่มีภรรยา ว่า หนุ่มทั้งแท่ง.
แท้ง 0,ก.,สิ้นสุดการตั้งครรภ์ก่อนกำหนดคลอด โดยที่ลูกในท้องไม่สามารถมีชีวิตอยู่ได้.
แท็งก์ 0,น.,ภาชนะขนาดใหญ่ ใช้บรรจุน้ำ น้ำมัน เป็นต้น เช่น แท็งก์น้ำ แท็งก์พลาสติก แท็งก์สเตนเลส.
แทงใจ 0,ก.,เก็งใจ.
แทงใจ 1,ว.,"ตรงใจ, ตรงกับความคิด."
แทงใจดำ 0,ก.,พูดตรงกับความในใจของผู้ฟัง.
แทงตะไบ 0,ก.,เอาตะไบถูให้เรียบหรือให้คมเป็นต้น.
แทงทวย 0,น.,"ชื่อไม้ต้นชนิด Mallotus philippensis (Lam.) Müll. Arg. ในวงศ์ Euphorbiaceae ผลมีขน สีแดง ใช้ทำยาได้, คำแสด ก็เรียก."
แทงบิลเลียด 0,ก.,กิริยาที่ใช้ไม้คิวกระแทกลูกบิลเลียดให้กลิ้งไป.
แทงวิสัย 0,น.,ชื่อเพลงไทย
แทงวิสัย 1,น.,ชื่อการละเล่นของหลวงอย่างหนึ่งใน ๕ ชนิด ได้แก่ ระเบ็ง โมงครุ่ม กุลาตีไม้ กระอั้วแทงควาย และแทงวิสัย ผู้เล่นแทงวิสัยแต่งตัวเป็นเซี่ยวกาง แล้วรำทวนสู้กัน.
แทงหยวก 0,ก.,สลักกาบกล้วยให้เป็นลวดลายประดับเชิงตะกอนในการเผาศพเป็นต้น.
แท้จริง 0,ว.,จริงแน่นอน.
แทตย์ 0,น.,"ยักษ์, อสูร."
แท้ที่จริง 0,ว.,คำขึ้นต้นประโยคหรือข้อความแสดงถึงความที่ถูกที่ควร มีความหมายอย่างเดียวกับ ที่จริง อันที่จริง ตามที่จริง.
แทน 0,ก.,สนอง เช่น แทนคุณ.
แทน 1,ว.,"ต่าง เช่น เอาเกลือแทนนํ้าปลา, อาการที่บุคคลหนึ่งทำหน้าที่ในฐานะของอีกบุคคลหนึ่ง เช่น รักษาการแทน ทำแทน ไปแทน."
แท่น 0,น.,"ที่นั่งที่นอน มีลักษณะเหมือนมีฐานที่ทึบทั้ง ๔ ด้าน ไม่มีขารองรับ, ยกพื้น เช่น แท่นรับความเคารพ, ที่รองซึ่งมีลักษณะคล้ายคลึงเช่นนั้น เช่น แท่นที่บูชา, (ราชา) เรียกที่ประทับหรือที่บรรทมของพระมหากษัตริย์ว่า พระแท่น เช่น พระแท่นราชบัลลังก์ พระแท่นราชบรรจถรณ์."
แทนเจนต์ 0,น.,อัตราส่วนระหว่างด้านตรงข้ามมุมหารด้วยด้านประชิดมุม.
แทนทาลัม 0,น.,ธาตุลำดับที่ ๗๓ สัญลักษณ์ Ta เป็นโลหะสีขาวแกมเทา ลักษณะเป็นของแข็ง หลอมละลายที่ ๒๙๙๖ °ซ. ใช้ประโยชน์เป็นไส้หลอดไฟฟ้า ผสมกับโลหะอื่นให้เป็นโลหะเจือ.
แทนที่จะ 0,สัน.,ใช้ในความที่ขัดแย้งกัน เช่น แทนที่จะเขียนอย่างนั้น เขากลับเขียนอย่างนี้.
แท่นพิมพ์ 0,น.,เครื่องพิมพ์หนังสือหรือเอกสาร มีลักษณะเป็นแท่น มีหลายชนิด เช่น แท่นกริ๊ก แท่นนอน.
แท่นมณฑล 0,น.,แท่นยกพื้นสี่เหลี่ยมผืนผ้าดาดเพดานด้วยผ้าขาวติดระบายรอบ ใช้ตั้งปูชนียวัตถุและเครื่องใช้เป็นต้นในการเข้าพิธีเฉลิมฉลองตามลัทธิประเพณี.
แท่นลา 0,น.,แท่นสี่เหลี่ยมที่ทำขึ้นเพื่อเคลื่อนย้ายไปตั้งในพิธีต่าง ๆ ได้ตามประสงค์ มีขนาดกว้างยาวพอตั้งพระเก้าอี้และโต๊ะเครื่องราชูปโภคเป็นต้น สูงประมาณ ๖-๘ นิ้ว.
แท่นหมึก 0,น.,ที่ฝนหมึกแท่งของจีน สำหรับใช้พู่กันจุ้มเขียนหนังสือ.
แทบ 0,ว.,"เกือบ, จวนเจียน, เช่น แทบตาย, ใกล้ชิด เช่น แทบเท้า."
แทรก 0,ก.,เข้าไปอยู่ในระหว่างสิ่งอื่นในลักษณะที่เบียดเสียดหรือสอดเป็นต้น เช่น แทรกตัว
แทรก 1,ก.,"เจือเพียงนิดหน่อย เช่น แทรกยาดำ แทรกพิมเสน, เกิดขึ้นในระหว่าง เช่น มีโรคปอดบวมแทรก"
แทรก 2,ก.,เติมเข้าไปในระหว่าง เช่น แทรกเนื้อความ
แทรก 3,ก.,โดยปริยายหมายถึงกิริยาอาการที่คล้ายคลึงเช่นนั้น เช่น พูดแทรก.
แทรก 4,น.,เรียกม้าหลวงหรือช้างหลวงพวกหนึ่ง ที่จัดให้เดินคั่นระหว่างกระบวนแห่หรือกองทัพแต่ละกระบวน ว่า ม้าแทรก ช้างแทรก.
แทรก 5,น.,"ชื่อเพลงไทยทำนองหนึ่ง, เดิมเขียนเป็น แซก."
แทรกซอน 0,ก.,แทรกไปทั่ว.
แทรกซ้อน 0,ก.,เกิดขึ้นในระหว่าง เช่น มีโรคแทรกซ้อน มีปัญหาแทรกซ้อน.
แทรกซึม 0,ก.,อาการที่ค่อย ๆ แทรกเข้าไปโดยไม่ให้รู้ตัว.
แทรกแซง 0,ก.,แทรกเข้าไปเกี่ยวข้องในกิจการของผู้อื่น.
แทรกเตอร์ 0,น.,รถทุ่นแรงที่ใช้ในงานเกษตรกรรมหรืองานก่อสร้าง มีทั้งแบบตีนตะขาบและแบบล้อ ใช้ลากหรือขับเคลื่อนอุปกรณ์อย่างอื่นที่ติดเข้ากับตัวรถตามลักษณะงานที่ใช้.
แทรกแผ่นดิน 0,ก.,หลีกหนีไปให้พ้น ไม่อยากให้ใครพบหน้าเพราะอับอาย.
แทรกโพน 0,ก.,จับช้างกลางแปลง.
แทลเลียม 0,น.,ธาตุลำดับที่ ๘๑ สัญลักษณ์ Tl เป็นโลหะ ลักษณะเป็นของแข็ง สีขาว หลอมละลายที่ ๓๐๓ °ซ. ใช้ประโยชน์นำไปผสมกับโลหะอื่นให้เป็นโลหะเจือ.
แทะ 0,ก.,"เอาฟันหน้ากัดให้หลุดออกมาทีละน้อย ๆ, เล็มกินทีละน้อย ๆ, โดยปริยายหมายถึงอาการที่คล้ายคลึงเช่นนั้น เช่น เขาไม่ทำมาหากินคอยแต่แทะเงินเพื่อน ๆ."
แทะโลม 0,ก.,"พูดเกี้ยว, พูดเลียบเคียงเกี้ยวพาราสี, แพละโลม หรือ แพะโลม ก็ใช้."
โท 0,ว.,"สอง, ชั้นที่ ๒ (ใช้เกี่ยวกับลำดับชั้นหรือขั้นของยศ ตำแหน่ง ความสำคัญ หรือ วิทยฐานะ ตํ่ากว่าเอก สูงกว่าตรี) เช่น ร้อยโท ข้าราชการชั้นโท ปริญญาโท"
โท 1,ว.,เรียกเครื่องหมายวรรณยุกต์รูปดังนี้  ว่า ไม้โท.
โท่ 0,ว.,เป็นช่องกว้างใหญ่เห็นได้จะแจ้ง.
โทกเทก 0,ว.,อาการที่เดินโยกเยกไม่ตั้งตัวตรง.
โทง ๆ 0,ว.,อาการที่เดินหรือวิ่งไปในที่โล่ง (มักใช้แก่ผู้เปลือยกาย) เช่น เด็กแก้ผ้าวิ่งโทง ๆ.
โทงเทง 0,น.,"ชื่อไม้ล้มลุก ๒ ชนิดในสกุล Physalis วงศ์ Solanaceae คือ ชนิด P. angulata L., ต้อมต๊อก ก็เรียก, และชนิด P. minima L. ใช้ทำยาได้, ทุงเทง หรือ หญ้าต้อมต๊อก ก็เรียก."
โทงเทง 1,ว.,อาการที่เคลื่อนไปมีลักษณะโย่งเย่งส่ายไปมา เช่น เดินโทงเทง.
โทณะ 0,น.,"ทะนาน, กะละออม, เครื่องตวงอย่างหนึ่ง = ๔ อาฬหก."
โทโทษ 0,น.,คำที่ใช้ไม้โทแทนไม้เอก ในตำแหน่งของบทร้อยกรองที่บังคับให้ใช้ไม้โท โดยคงเสียงวรรณยุกต์เดิม เช่น หง้าย แทน ง่าย ผลั้ง แทน พลั่ง.
โทธก 0,น.,ชื่อฉันท์วรรณพฤติ บทหนึ่งมี ๔ บาท แต่ละบาทมี ๑๑ พยางค์ กำหนดด้วย ภะคณะ ภะคณะ ภะคณะ และครุ ๒ พยางค์ ตามลำดับเหมือนกันทุกบาท (ตามแบบว่า โทธกมิจฺฉติ เจ ภภภาคา) ตัวอย่างว่า มิตรคณาทุรพาละทุพลมี นามก็กระลี หินะชาติ ประกาศภิปราย (ชุมนุมตำรากลอน).
โทน 0,น.,ชื่อกลองชนิดหนึ่ง ด้านหนึ่งป่องขึงหนังเพียงหน้าเดียว ด้านปลายเป็นปากเปิดคล้ายดอกลำโพง โบราณเรียกว่า ทับ ใช้ตีคุมจังหวะคู่กับรำมะนาในวงเครื่องสาย วงมโหรี เป็นต้น
โทน 1,น.,ชื่อเพลงไทยทำนองหนึ่ง.
โทน 2,ว.,"มีจำเพาะหนึ่งเท่านั้น, ใช้แก่สิ่งที่ตามปรกติควรจะมีมากกว่าหนึ่ง แต่มีเพียงหนึ่งเท่านั้น เช่น ลูกโทน กระเทียมโทน."
โทน 3,น.,ชื่อนกยางชนิดหนึ่ง เรียกว่า ยางโทน. (ดู ยางโทน).
โทนชาตรี 0,น.,ชื่อกลองชนิดหนึ่ง ลักษณะคล้ายโทนแต่ขนาดสั้นและอ้วนกว่า มักทำด้วยไม้ เวลาตีสอดไว้ใต้ขาพับ ใช้เป็นคู่ เรียกว่า ตัวผู้ตัวเมีย.
โทนโท่ 0,ว.,"ปรากฏชัดแก่ตา, จะแจ้ง, เช่น เห็นอยู่โทนโท่, ทนโท่ ก็ว่า."
โทมนัส 0,น.,"ความเสียใจ, ความเป็นทุกข์ใจ."
โทร- 0,ว.,คำนำหน้าศัพท์ แปลว่า ไกล.
โทรคมนาคม 0,น.,การส่ง การกระจาย หรือการรับภาพ เครื่องหมาย สัญญาณ ข้อเขียน เสียง หรือการทำให้เข้าใจด้วยวิธีใด ๆ โดยอาศัยระบบสาย วิทยุสื่อสาร หรือระบบแม่เหล็กไฟฟ้าอื่น ๆ.
โทรทรรศน์ 0,น.,"กล้องส่องดูสิ่งที่อยู่ไกลให้เห็นใกล้ เรียกว่า กล้องโทรทรรศน์, กล้องส่องทางไกล ก็เรียก."
โทรทัศน์ 0,น.,"กระบวนการถ่ายทอดเสียงและภาพได้พร้อมกันจากที่หนึ่งไปยังอีกที่หนึ่ง โดยวิธีเปลี่ยนคลื่นเสียงและภาพให้เป็นคลื่นแม่เหล็กไฟฟ้าออกสู่อากาศ, เรียกเครื่องที่มีหน้าที่ดังกล่าว ว่า เครื่องส่งโทรทัศน์ และเรียกเครื่องที่มีหน้าที่เปลี่ยนคลื่นแม่เหล็กไฟฟ้าที่ได้รับจากเครื่องส่งโทรทัศน์ให้กลับเป็นคลื่นเสียงและภาพตามเดิม ว่า เครื่องรับโทรทัศน์."
โทรพิมพ์ 0,น.,ระบบโทรคมนาคมที่ใช้เครื่องรับส่งสัญญาณโทรเลข ประกอบด้วยแป้นพิมพ์และแคร่พิมพ์ ลักษณะคล้ายเครื่องพิมพ์ดีด สามารถรับส่งสัญญาณโทรเลขเพื่อพิมพ์เป็นตัวอักษรบนกระดาษพิมพ์ และส่งตัวอักษรที่พิมพ์เป็นสัญญาณโทรเลขผ่านวงจรโทรเลขที่ต่ออยู่กับเครื่องโทรพิมพ์นั้นได้.
โทรภาพ 0,น.,โทรทัศน์
โทรภาพ 1,น.,โทรสาร.
โทรม 0,ก.,เสื่อมสภาพเดิม เช่น เรือนหลังนี้โทรมมาก ปีนี้เธอดูโทรมลงไปมาก ไฟโทรมแล้ว ผักโทรม
โทรม 1,ก.,ทำให้ยอบลง เช่น โทรมหญ้า.
โทรมศัสตราวุธ 0,ก.,ระดมฟันแทงพุ่งศัสตราวุธเข้าไป.
โทรมหญิง 0,ก.,ร่วมกันตั้งแต่ ๒ คนขึ้นไปข่มขืนกระทำชำเราหญิง โดยผลัดเปลี่ยนหมุนเวียนกันหรือกระทำพร้อมกัน.
โทรเลข 0,น.,ระบบโทรคมนาคมซึ่งใช้อุปกรณ์ทางไฟฟ้าส่งรหัสสัญญาณจากที่หนึ่งไปยังอีกที่หนึ่งโดยอาศัยสายตัวนำที่โยงติดต่อถึงกัน และอาศัยอำนาจแม่เหล็กไฟฟ้าเป็นหลักสำคัญ. (อ. telegraph).
โทรเลข 1,ก.,ส่งข้อความไปยังอีกบุคคลหนึ่งทางโทรเลข.
โทรศัพท์ 0,น.,"ระบบโทรคมนาคมซึ่งใช้อุปกรณ์ทางไฟฟ้าเป็นเครื่องมือสื่อสารให้ติดต่อพูดถึงกันได้ในระยะไกลโดยใช้สายตัวนำโยงติดต่อถึงกัน และอาศัยอำนาจแม่เหล็กไฟฟ้าเป็นหลักสำคัญ. (อ. telephone), คำว่าโทรศัพท์ที่อยู่หน้าหมายเลขโทรศัพท์มักเขียนย่อว่า โทร. ออกเสียงว่า [โท]."
โทรศัพท์ 1,ก.,พูดติดต่อกันทางโทรศัพท์.
โทรสาร 0,น.,"ระบบสื่อสารที่ใช้ส่งและรับรูปภาพหรือข้อความในรูปของคลื่นสัญญาณไฟฟ้าผ่านระบบโทรคมนาคม เครื่องส่งในระบบนี้จะกราดเอกสารที่ต้นทางแล้วแปลงข้อมูลเป็นคลื่นสัญญาณไฟฟ้า ก่อนที่จะส่งผ่านสายไฟฟ้า เส้นใยแก้ว หรือคลื่นวิทยุ ไปยังเครื่องรับที่ปลายทาง ซึ่งจะแปลงคลื่นสัญญาณไฟฟ้ากลับมาเป็นข้อมูลเอกสารเดิม ก่อนที่จะพิมพ์ออกมาในแผ่นกระดาษ, เดิมใช้ โทรภาพ"
โทรสาร 1,น.,รูปภาพหรือข้อความที่ส่งและรับผ่านระบบดังกล่าว.
โทลา 0,น.,"ชิงช้า, เปล."
โทศก 0,น.,เรียกปีจุลศักราชที่ลงท้ายด้วยเลข ๒ เช่น ปีวอกโทศก จุลศักราช ๑๓๔๒.
โทษ 0,น.,"ความไม่ดี, ความชั่ว, เช่น โทษแห่งความเกียจคร้าน, ความผิด เช่น กล่าวโทษ, ผลแห่งความผิดที่ต้องรับ เช่น ถูกลงโทษ, ผลร้าย เช่น ยาเสพติดให้โทษ."
โทษ 1,ก.,อ้างเอาความผิดให้ เช่น อย่าโทษเด็กเลย.
โทษ- 0,น.,"ความไม่ดี, ความชั่ว, เช่น โทษแห่งความเกียจคร้าน, ความผิด เช่น กล่าวโทษ, ผลแห่งความผิดที่ต้องรับ เช่น ถูกลงโทษ, ผลร้าย เช่น ยาเสพติดให้โทษ."
โทษ- 1,ก.,อ้างเอาความผิดให้ เช่น อย่าโทษเด็กเลย.
โทษกรณ์ 0,น.,"โทษ, อาชญา, เช่น รู้สึกซึ่งโทษกรณ์ ตนผิด (นิทราชาคริต)."
โทษตรัย 0,น.,อาการที่ดี ลม และเสมหะ ให้โทษพร้อมกัน.
โทษทางวินัย 0,น.,โทษที่ลงแก่บุคลากรขององค์กรซึ่งปฏิบัติฝ่าฝืนหรือไม่ปฏิบัติตามกฎเกณฑ์ทางวินัยขององค์กรที่กำหนดไว้ เช่น โทษทางวินัยของข้าราชการพลเรือนสามัญตามกฎหมายว่าด้วยระเบียบข้าราชการพลเรือน ได้กำหนดไว้ ๕ สถาน ได้แก่ ภาคทัณฑ์ ตัดเงินเดือน ลดเงินเดือน ปลดออก และไล่ออก.
โทษทางอาญา 0,น.,โทษที่ลงแก่ผู้กระทำความผิดอาญา ซึ่งตามประมวลกฎหมายอาญาได้กำหนดไว้ ๕ สถาน ได้แก่ ประหารชีวิต จำคุก กักขัง ปรับ และริบทรัพย์สิน.
โทษโพย 0,น.,"โทษ, มักใช้แยกกัน เช่น ขอโทษขอโพย ถือโทษถือโพย."
โทษา 0,น.,โทษ.
โทษานุโทษ 0,น.,ความผิดมากและน้อย.
โทส- 0,น.,"ความโกรธ, ความฉุนเฉียว."
โทสจริต 0,น.,"ความประพฤติที่มีพื้นนิสัยหนักไปในทางใจร้อน หงุดหงิด โกรธง่าย, เป็นจริต ๑ ในจริต ๖. (ป.). (ดู จริต)."
โทสะ 0,น.,"ความโกรธ, ความฉุนเฉียว."
โทสาคติ 0,น.,ความลำเอียงเพราะความโกรธ เป็นอคติ ๑ ในอคติ ๔ ได้แก่ ฉันทาคติ โทสาคติ ภยาคติ และโมหาคติ.
โทสาคติ 1,น.,"ความโกรธ, ความฉุนเฉียว."
โทโส 0,น.,"ความโกรธ, ความฉุนเฉียว."
โทหฬะ 0,น.,"ความปรารถนาของหญิงตั้งครรภ์, ความแพ้ท้อง."
โทหฬินี 0,น.,หญิงแพ้ท้อง.
ไท้ 0,น.,ผู้เป็นใหญ่.
ไท 0,น.,ไทย เช่น ปีโถะหนไทกัดเหมา (จารึกสยาม).
ไท 1,น.,ผู้เป็นใหญ่ เช่น ท้าวไท.
ไท 2,น.,ชนเชื้อชาติไท มีหลายสาขาด้วยกัน เช่น ไทใหญ่ ไทดำ ไทขาว
ไท 3,น.,"ความมีอิสระในตัว, ความไม่เป็นทาส, เช่น เราเป็นไทไม่ใช่ทาส."
ไทดำ 0,น.,"โซ่ง, ซ่ง หรือ ซงดำ ก็เรียก. (ดู โซ่ง)."
ไทเทเนียม 0,น.,ธาตุลำดับที่ ๒๒ สัญลักษณ์ Ti เป็นโลหะ ลักษณะเป็นของแข็ง หลอมละลายที่ ๑๖๖๘ °ซ. ใช้ประโยชน์นำไปผสมกับโลหะอื่นให้เป็นโลหะเจือ.
ไทเทรต 0,ก.,หยดสารละลายหนึ่งจากหลอดแก้วที่มีขีดบอกปริมาตรซึ่งเรียกว่าบิวเรตต์ลงในสารละลายอื่นซึ่งทราบปริมาตรแล้ว เพื่อให้ทำปฏิกิริยาเคมีกันจนกระทั่งปฏิกิริยาสิ้นสุด.
ไทย 0,น.,ชื่อประเทศที่อยู่ในเอเชียตะวันออกเฉียงใต้ มีพรมแดนติดต่อกับลาว เขมร มาเลเซีย และพม่า
ไทย 1,น.,คน เช่น ไทยบ้านนอก ว่า คนบ้านนอก ไทยใจแทตย์ ว่า คนใจยักษ์ (ม. คำหลวง ทานกัณฑ์).
ไทย 2,ว.,ที่เกี่ยวกับประเทศไทย เช่น ผัดไทย อาหารไทย.
ไทย- 0,ว.,"ควรให้, ใช้ประกอบเป็นคำนำหน้าสมาส."
ไทยทาน 0,น.,ของสำหรับทำทาน.
ไทยธรรม 0,น.,"ของทำบุญต่าง ๆ, ของถวายพระ."
ไทยน้อย 0,น.,ชนชาติไทสาขาหนึ่ง ซึ่งมาเป็นไทยแห่งประเทศไทย.
ไทยนับสาม 0,น.,ชื่อวิธีเขียนหนังสือลับอย่างโบราณ เมื่อจะอ่านต้องนับอ่านตัวที่ ๓ หรือที่ ๕ ฯลฯ ตามชื่อ.
ไทยนับห้า 0,น.,ชื่อวิธีเขียนหนังสือลับอย่างโบราณ เมื่อจะอ่านต้องนับอ่านตัวที่ ๓ หรือที่ ๕ ฯลฯ ตามชื่อ.
ไทยหลง 0,น.,วิธีเขียนหนังสือลับของโบราณอย่างหนึ่ง.
ไทร 0,น.,ชื่อไม้ต้นในสกุล Ficusวงศ์ Moraceae มีหลายชนิด เช่น ไทรย้อยหรือไทรย้อยใบแหลม ( F. benjaminaL.) ไทรย้อยใบทู่หรือไฮฮี ( F. microcarpa L.f.).
ไทรทอง 0,น.,"ชื่อไม้ต้นขนาดกลางถึงขนาดใหญ่ชนิด Ficus altissima Blume ในวงศ์ Moraceae เปลือกเรียบสีเทา ใบกว้างหนารูปไข่ ปลายมน ไม่มีขน ผลกลม เมื่อสุกสีส้มออกแดง, ลุง ฮ่างหลวง หรือ ไทรทอง ก็เรียก."
ไทรนก 0,น.,"ชื่อไม้พุ่มชนิด Ficus chartacea Wall. ex King var. torulosa Wall. ex King ในวงศ์ Moraceae ใบออกสลับกัน ผลออกที่โคนต้นใกล้รากลักษณะคล้ายผลมะเดื่อ, ไทรนก ก็เรียก."
ไทรเลียบ 0,น.,"ชื่อไม้ต้นขนาดใหญ่ในสกุล Ficus วงศ์ Moraceae ลักษณะคล้ายต้นไทร มี ๒ ชนิด คือ ชนิด F. concinna (Miq.) Miq. เปลือกสีเทาค่อนข้างเรียบ ใบเล็ก ช่อดอกรูปคล้ายผล ออกเป็นคู่ตามง่ามใบ ผลสีชมพู มีกระสีจาง ๆ, ไฮฮี ก็เรียก และชนิด F. superba (Miq.) Miq. เปลือกสีเทาเรียบ ใบใหญ่ ช่อดอกคล้ายชนิดแรก ผลสีชมพู, ไทรเลียบ ก็เรียก."
ไทวะ 0,น.,"ฟ้า, สวรรค์"
ไทวะ 1,น.,"วาสนา, เคราะห์."
ไทหลวง 0,น.,ไทใหญ่.
ไทใหญ่ 0,น.,"ชื่อเรียกชนชาติไทสาขาหนึ่งอยู่ในรัฐฉานของประเทศพม่า, เรียกกันว่า เงี้ยว, ไทหลวง ก็ว่า."
