คำ,POS,ความหมาย
พ 0,?,พยัญชนะตัวที่ ๓๐ เรียกว่า พอ พาน เป็นอักษรตํ่า ใช้เป็นพยัญชนะต้น และเป็นตัวสะกดในมาตรากบหรือแม่กบ เช่น ภพ ภาพ สรรพ ผลลัพธ์.
พก 0,น.,ริมผ้านุ่งที่ดึงรวบขึ้นมาไขว้ไว้ที่บริเวณสะดือ มีลักษณะคล้ายถุงเล็ก ๆ เรียกว่า ชายพก ใส่เงินหรือหมากเป็นต้น
พก 1,น.,แผ่นดิน.
พก 2,ก.,"เอาเก็บหรือซ่อนไว้ในพกหรือในสิ่งอื่นที่มีลักษณะคล้ายคลึงเช่นนั้น เช่น พกมีด พกปืน พกนาฬิกา, เรียกสิ่งที่นำติดตัวไปในลักษณะเช่นนั้น เช่น มีดพก ปืนพก นาฬิกาพก"
พก 3,ก.,"พัง, ทำลาย, เช่น ดุจพสุธาพังดังพสุธาพก (ม. ร่ายยาว มหาราช)"
พก 4,ก.,"ผก, หก, ตก"
พก 5,ก.,วก เช่น ภายหลังมาจึงพราหมณ์ชูชก พกมาทวงทอง (ม. คำหลวง ชูชก).
พก- 0,น.,นกยาง.
พกจร 0,น.,ประพฤติอย่างนกยาง คือ คนหน้าซื่อใจคดหรือหน้าเนื้อใจเสือ.
พกนุ่น 0,ว.,"ใจเบา, ใช้เข้าคู่กับคำ พกหิน ในสำนวนว่า พกหินดีกว่าพกนุ่น."
พกพ่าย 0,ว.,"แตก, ทำลาย."
พกลม 0,ว.,"มีแต่ลม คือ เหลวไหล, พูดจาไม่จริง, ใช้เข้าคู่กับคำ โกหก เป็น โกหกพกลม."
พกหิน 0,ว.,"ใจหนักแน่น, ใช้เข้าคู่กับคำ พกนุ่น ในสำนวนว่า พกหินดีกว่าพกนุ่น."
พกา 0,น.,นกยาง.
พกา 1,น.,นกยาง.
พกุระ 0,น.,เขาสัตว์สำหรับเป่า.
พกุล 0,น.,ต้นพิกุล.
พง 0,น.,ดงหญ้าหรือดงไม้ที่เป็นหมู่ ๆ หรือที่รก ๆ เช่น ป่าดงพงพี รกเป็นพง.
พง 1,น.,"ชื่อไม้ล้มลุกชนิด Saccharum arundinaceum Retz. ในวงศ์ Gramineae มักขึ้นตามชายนํ้า ชายป่า และชายเขาที่ชุ่มชื้น, พง ก็เรียก."
พงพี 0,น.,ป่าดง.
พงศ์ 0,น.,"เชื้อสาย, เทือกเถา, เหล่ากอ, สกุล."
พงศ- 0,น.,"เชื้อสาย, เทือกเถา, เหล่ากอ, สกุล."
พงศกร 0,น.,"ผู้ตั้งวงศ์, บรรพบุรุษ."
พงศธร 0,น.,"ผู้ดำรงวงศ์สกุล, ผู้สืบสกุล."
พงศ์พันธุ์ 0,น.,พวกพ้องที่เนื่องมาแต่วงศ์.
พงศา 0,น.,ผู้มีชาติสกุล.
พงศา 1,น.,"เชื้อสาย, เทือกเถา, เหล่ากอ, สกุล."
พงศาวดาร 0,น.,เรื่องราวของเหตุการณ์เกี่ยวกับประเทศชาติหรือพระมหากษัตริย์ผู้เป็นประมุขของประเทศชาตินั้น เช่น พงศาวดารกรุงศรีอยุธยา พงศาวดารกรุงรัตนโกสินทร์.
พงศาวดาร 1,น.,"เชื้อสาย, เทือกเถา, เหล่ากอ, สกุล."
พงศาวลี 0,น.,แผนลำดับเครือญาติ.
พงศาวลี 1,น.,"เชื้อสาย, เทือกเถา, เหล่ากอ, สกุล."
พจน- 0,น.,"คำพูด, ถ้อยคำ."
พจน์ 0,น.,"คำพูด, ถ้อยคำ."
พจน์ 1,น.,สัญลักษณ์ที่แทนจำนวนจริงหรือจำนวนเชิงซ้อน ซึ่งจะเป็นจำนวนเดียวหรือหลายจำนวนคูณหรือหารกันก็ได้.
พจนา 0,น.,"การเปล่งวาจา, การพูด"
พจนา 1,น.,คำพูด.
พจนา 2,น.,"คำพูด, ถ้อยคำ."
พจนานุกรม 0,น.,หนังสือว่าด้วยถ้อยคำในภาษาใดภาษาหนึ่ง เรียงตามลำดับตัวอักษร โดยทั่ว ๆ ไปจะบอกความหมายและที่มาของคำเป็นต้นด้วย.
พจนานุกรม 1,น.,"คำพูด, ถ้อยคำ."
พจนารถ 0,น.,เนื้อความของคำพูด.
พจนารถ 1,น.,"คำพูด, ถ้อยคำ."
พจนีย์ 0,ว.,ควรว่ากล่าว.
พจนีย์ 1,น.,คำติเตียน.
พจมาน 0,น.,คำพูด.
พจี 0,น.,"คำพูด, ถ้อยคำ."
พชระ 0,น.,เพชร.
พญา 0,น.,เจ้าแผ่นดิน เช่น พญาลิไทย
พญา 1,น.,"ผู้เป็นใหญ่, ผู้เป็นหัวหน้า, (มักใช้นำหน้านามอื่น) เช่น พญานาค พญาหงส์."
พญากาสัก 0,น.,"ชื่อไม้พุ่มชนิด Leea macrophylla Roxb. ex Hornem. ในวงศ์ Leeaceae ใบใหญ่ ใช้ทำยาได้, พญากาสัก เสือนั่งร่ม หรือ ตาลปัตรฤๅษี ก็เรียก."
พญาขามป้อม 0,น.,"ชื่อไม้ต้นพวกเมล็ดเปลือยชนิด Cephalotaxus griffithii Hook.f. ในวงศ์ Cephalotaxaceae, มะขามป้อมดง ก็เรียก."
พญาขามป้อม 1,น.,ชื่อไม้ต้นพวกเมล็ดเปลือยชนิด Dacryarpus imbricatus (Blume) de Laub. ในวงศ์ Podocarpaceae.
พญาฉัททันต์ 0,น.,ชื่อกล้วยไม้อิงอาศัยชนิด Vandopsis gigantea (Lindl.) Pfitzer ในวงศ์ Orchidaceae ดอกสีเหลืองประนํ้าตาล.
พญาช้างเผือก 0,น.,"ชื่อพรรณไม้ ๒ ชนิดย่อยของชนิด Hiptage bengalensis (L.) Kurz ในวงศ์ Malpighiaceae ขึ้นตามป่าเบญจพรรณทั่วไป ใบเดี่ยว ค่อนข้างกลมมน ขอบหยักตื้น ๆ ออกตรงข้ามกัน ดอกสีขาวอมชมพู ชนิดย่อยแรก H. bengalensis (L.) Kurz subsp. bengalensisเป็นไม้เถาเนื้อแข็ง, โนรา ก็เรียก, และชนิดย่อยที่ ๒ H. bengalensis (L.) Kurz subsp. candicans (Hook. f.) Sirirugsa เป็นไม้พุ่มหรือไม้ต้นขนาดเล็ก, พญาช้างเผือก ก็เรียก."
พญาณ 0,น.,พยาน.
พญาดาบหัก 0,น.,"ชื่อไม้พุ่มชนิด Brucea javanica (L.)Merr. ในวงศ์ Simaroubaceae เมล็ดใช้ทำยาได้, กาจับหลัก หรือ พญาดาบหัก ก็เรียก, ปักษ์ใต้เรียก กะดัด."
พญาเดิน 0,น.,ชื่อเพลงไทยประเภทเพลงหน้าพาทย์ ใช้บรรเลงประกอบการเดินของตัวละครผู้สูงศักดิ์.
พญาไทย 0,น.,ชื่อพระราชาคณะผู้ใหญ่.
พญาปากกว้าง 0,น.,ชื่อนกขนาดเล็กหลายชนิด ในวงศ์ Eurylaimidae ปากใหญ่รูปสามเหลี่ยม อ้าปากได้กว้าง สีของปากฉูดฉาด สะท้อนแสง หัวโต ลำตัวอ้วนป้อม อาศัยอยู่ในป่าทึบ ทำรังด้วยใบไม้และใยแมงมุมเป็นรูปกระเปาะแขวนตามกิ่งไม้ใกล้แหล่งน้ำ กินแมลง สัตว์ขนาดเล็ก และผลไม้ เช่น พญาปากกว้างสีดำ [ Corydon sumatranus (Raffles)] พญาปากกว้างท้องแดง [ Cymbirhynchus macrorhynchos (Gmelin)] พญาปากกว้างหางยาว [ Psarisomus dalhousiae (Jameson)].
พญาแปร 0,น.,ชื่อเพลงไทยสำเนียงมอญ อัตรา ๒ ชั้น.
พญาพยาต 0,น.,"พญาปราชญ์, จอมปราชญ์."
พญาไฟ 0,น.,ชื่อนกขนาดเล็กหลายชนิด ในวงศ์ Campephagidae มีเสียงร้องไพเราะและสีสันสวยงาม ตัวผู้สีแดง ตัวเมียสีเหลือง ทำรังด้วยใบไม้และใยแมงมุมเป็นรูปถ้วยขนาดเล็กตามกิ่งไม้ อยู่รวมกันเป็นฝูงตามยอดไม้ กินแมลง เช่น พญาไฟสีกุหลาบ [ Pericrocotus roseus (Vieilld)] พญาไฟใหญ่ [ P. flammeus (Forster)] พญาไฟสีเทา [ P. divaricatus (Raffles)].
พญามะขามป้อม 0,น.,"ชื่อไม้ต้นพวกเมล็ดเปลือยชนิด Cephalotaxus griffithii Hook.f. ในวงศ์ Cephalotaxaceae, มะขามป้อมดง ก็เรียก."
พญามะขามป้อม 1,น.,ชื่อไม้ต้นพวกเมล็ดเปลือยชนิด Dacryarpus imbricatus (Blume) de Laub. ในวงศ์ Podocarpaceae.
พญามือเหล็ก 0,น.,"ชื่อไม้พุ่มหรือไม้ต้น ๒ ชนิดในสกุล Strychnos วงศ์ Strychnaceae คือ ชนิด S. ignatii Berg และชนิด S. lucida R.Br. เมล็ดมีพิษ ใช้ทำยาได้, พญามูลเหล็ก ก็เรียก."
พญามุตติ 0,น.,ชื่อไม้ล้มลุกชนิด Grangea maderaspatana (L.) Poir. ในวงศ์ Compositae ใช้ทำยาได้.
พญามูมิน 0,น.,ชื่อไม้ล้มลุกชนิด Crotalaria calycinaSchrank ในวงศ์ Leguminosae.
พญามูลเหล็ก 0,น.,"ชื่อไม้พุ่มหรือไม้ต้น ๒ ชนิดในสกุล Strychnos วงศ์ Strychnaceae คือ ชนิด S. ignatii Berg และชนิด S. lucida R.Br. เมล็ดมีพิษ ใช้ทำยาได้, พญามูลเหล็ก ก็เรียก."
พญาไม้ 0,น.,ชื่อไม้ต้นพวกเมล็ดเปลือย ชนิด Nageia wallichiana (C. Presl) Kuntze ในวงศ์ Podocarpaceae.
พญายา 0,น.,"ชื่อไม้ต้นขนาดเล็กชนิด Naringi crenulata (Roxb.) Nicolson ในวงศ์ Rutaceae ขึ้นในป่าเบญจพรรณ ต้นและกิ่งมีหนามเปลือกขรุขระสีเทา ดอกเล็กสีขาวเป็นช่อสั้น ยาวประมาณ ๒ เซนติเมตร กลิ่นหอมอ่อน ท่อนไม้ฝนกับนํ้าใช้เป็นเครื่องประทิ่นผิว รากใช้ทำยา, กะแจะ ขะแจะ ตุมตัง หรือ พญายา ก็เรียก."
พญารากดำ 0,น.,"ชื่อไม้ต้นชนิด Diospyros variegataKurz ในวงศ์ Ebenaceae ใช้ทำยาได้, ดำดง หรือ ฝีหมอบ ก็เรียก."
พญารากเดียว 0,น.,"ชื่อไม้พุ่มชนิด Clerodendrum indicum (L.) Kuntze ในวงศ์ Labiatae ดอกสีขาว ใบใช้สูบแทนกัญชา ต้นและรากใช้ทำยาได้, เท้ายายม่อม หรือ พญารากเดียว ก็เรียก."
พญาไร้ใบ 0,น.,ชื่อไม้ต้นชนิด Euphorbia tirucalliL. ในวงศ์ Euphorbiaceae ใบเล็กมาก และมักทิ้งใบ ยางมีพิษ ใช้ทำยาได้.
พญาไร้ใบ 1,น.,ชื่อกล้วยไม้หลายชนิดในสกุล Chiloschista วงศ์ Orchidaceae.
พญาไร้ใบ 2,น.,"ชื่อไม้เถาไร้ใบ ๒ ชนิดในสกุล Sar-costemma วงศ์ Asclepiadaceae คือ ชนิด S. acidum Voigt, พญาไร้ใบ ก็เรียก และชนิด S. brunonianum Wight et Arn. ทั้ง ๒ ชนิดใช้ทำยาได้, เถาวัลย์ด้วน หรือ เถาวัลย์ยอดด้วน ก็เรียก."
พญาลอ 0,น.,"ชื่อนกขนาดใหญ่ชนิด Lophura diardi (Bonaparte) ในวงศ์ Phasianidae ตัวผู้สีเทา ตะโพกสีแดงสด ขนหางยาวสีดำเหลือบเขียว ตัวเมียสีนํ้าตาล มีลายขวางสีดำ ทำรังเป็นแอ่งตามพุ่มไม้หรือโพรงไม้ติดดิน คุ้ยเขี่ยหากินตามพื้นดิน พบตามป่าทางภาคเหนือ ภาคตะวันออกเฉียงเหนือ และภาคตะวันออก เป็นไก่ฟ้าที่รู้จักกันดีในประเทศไทย มีชื่อสามัญว่า Siamese Fireback หรือ Siamese Fireback Pheasant, ไก่ฟ้าพญาลอ ก็เรียก."
พญาโศก 0,น.,"ชื่อเพลงไทยทำนองโศก, อัตรา ๒ ชั้น หน้าทับปรบไก่"
พญาโศก 1,น.,ชื่อเพลงไทยประเภทเพลงเถา.
พญาสัตบรรณ 0,น.,"ชื่อไม้ต้นหลายชนิดหลายสกุล ในวงศ์ Apocynaceae เช่น ชนิด Alstonia scholaris (L.) R. Br., สัตบรรณ หรือ พญาสัตบรรณ ก็เรียก, ชนิด Cerbera odollam Gaertn. ตีนเป็ดน้ำ, ตีนเป็ดทะเล ก็เรียก."
พณิช 0,น.,"ผู้ค้าขาย, พ่อค้า."
พณิชย์ 0,น.,การค้าขาย.
พด 0,ว.,"คด, งอ, ขด."
พดกริช 0,น.,คดกริช.
พดด้วง 0,น.,เรียกเงินที่ทำเป็นก้อนลักษณะคล้ายตัวด้วงงอ มีตราจักรและตราประจำรัชกาล มีขนาด น้ำหนัก และราคาต่างกัน ใช้เป็นเงินตราในการแลกเปลี่ยน ว่า เงินพดด้วง.
พธู 0,น.,เจ้าสาว
พธู 1,น.,เมีย
พธู 2,น.,ผู้หญิง.
พน 0,น.,"ป่า, พง, ดง."
พน- 0,น.,"ป่า, พง, ดง."
พ่น 0,ก.,"ห่อปากเป่าให้สิ่งใดสิ่งหนึ่งในปากออกมาเป็นฝอยเป็นต้น, อาการที่มีลักษณะคล้ายคลึงเช่นนั้น เช่น พ่นไฟ พ่นสี, (ปาก) พูดมาก เช่น รีบ ๆ เข้าเถอะ อย่ามัวพ่นอยู่เลย."
พ้น 0,ก.,อาการที่ผ่านหรือหลุดเป็นต้นออกไปอยู่นอกเขตหรือเลยที่กำหนดไว้ เช่น พ้นอันตราย พ้นทุกข์ พ้นบ้าน ข้ามพ้น บินพ้น ผ่านพ้น หลุดพ้น.
พนขัณฑ์ 0,น.,"ทิวไม้, แนวป่า, ราวป่า, ราวไพร."
พนโคจร 0,น.,"ชาวป่า, พรานป่า."
พนจร 0,น.,"คนเที่ยวป่า, พรานป่า."
พนจร 1,ก.,เที่ยวไปในป่า.
พนจรก 0,น.,"คนเที่ยวป่า, พรานป่า."
พนจรก 1,ก.,เที่ยวไปในป่า.
พนชีวี 0,น.,ชาวป่า.
พนธารา 0,น.,แถวต้นไม้ (เช่นตาม ๒ ข้างถนนหลวง).
พนม 0,น.,ภูเขา. (ข.)
พนม 1,น.,ลักษณะของสิ่งที่เป็นพุ่มยอดแหลมอย่างดอกบัวตูม.
พนม 2,ก.,ทำให้มีรูปอย่างดอกบัวตูม เช่น พนมมือ.
พนมเพลิง 0,น.,กองเพลิงเผาศพ.
พนมมือ 0,ก.,"กระพุ่มมือ, ประนมมือ ก็ว่า."
พนมศก 0,น.,เลขปีรัชกาลที่เขียนบนหลังศก.
พนมศพ 0,น.,การทำศพหรือการแต่งศพที่เป็นงานใหญ่.
พนมสวรรค์ 0,น.,"ชื่อไม้พุ่มชนิด Clerodendrum paniculatum L. ในวงศ์ Labiatae ขึ้นตามที่ชุ่มชื้น ที่โคนใบมีต่อมนูนหลายต่อม ดอกสีแดงอมส้ม ออกเป็นช่อตามยอด ผลเล็ก มี ๔ พู ใช้ทำยาได้, พนมสวรรค์ ก็เรียก."
พนวาสี 0,น.,"ผู้อยู่ป่า, ฤษี."
พนวาสี 1,ว.,ซึ่งอยู่ในป่า.
พ้นวิสัย 0,ว.,"เกินความสามารถ, ที่ไม่อาจเป็นไปได้หรือไม่สามารถจะกระทำได้."
พนสณฑ์ 0,น.,พนขัณฑ์.
พนอง 0,น.,ป่า.
พนอง 1,น.,ชื่อไม้ต้นขนาดใหญ่ชนิด Shorea hypochra Hance ในวงศ์ Dipterocarpaceae ยางใช้เป็นชันยาเรือและอื่น ๆ.
พนอม 0,น.,"พนม, จอมเขาหรือที่มีพุ่มไม้, ใช้ พระนอม หรือ พระน้อม ก็มี."
พนัก 0,น.,เครื่องสำหรับพักสำหรับพิง เช่น พนักเก้าอี้.
พนักงาน 0,น.,หน้าที่ เช่น เรื่องนี้เป็นพนักงานของฉัน
พนักงาน 1,น.,ผู้มีหน้าที่ปฏิบัติงาน เช่น พนักงานรัฐวิสาหกิจ.
พนักงานเจ้าหน้าที่ 0,น.,บุคคลผู้ได้รับแต่งตั้งให้มีหน้าที่ปฏิบัติการและบังคับการให้เป็นไปตามที่กฎหมายกำหนด.
พนักงานฝ่ายปกครองหรือตำรวจ 0,น.,เจ้าพนักงานซึ่งกฎหมายให้มีอำนาจและหน้าที่รักษาความสงบเรียบร้อยของประชาชน ซึ่งรวมถึงพัศดี เจ้าพนักงานกรมสรรพสามิต กรมศุลกากร กรมเจ้าท่า พนักงานตรวจคนเข้าเมือง และเจ้าพนักงานอื่น ๆ ในเมื่อทำการอันเกี่ยวกับการจับกุมปราบปรามผู้กระทำผิดกฎหมาย ซึ่งตนมีหน้าที่ต้องจับกุมหรือปราบปราม.
พนักงานฝ่ายปกครองหรือตำรวจชั้นผู้ใหญ่ 0,น.,ข้าราชการฝ่ายปกครองซึ่งดำรงตำแหน่งระดับสูงในกระทรวงมหาดไทย ตั้งแต่นายอำเภอหรือปลัดอำเภอซึ่งเป็นหัวหน้ากิ่งอำเภอขึ้นไปถึงปลัดกระทรวงมหาดไทย และข้าราชการตำรวจที่ดำรงตำแหน่งหัวหน้ากิ่งสถานีตำรวจที่มียศตั้งแต่ชั้นร้อยตำรวจตรีขึ้นไปจนถึงผู้บัญชาการตำรวจแห่งชาติ.
พนักงานสอบสวน 0,น.,เจ้าพนักงานซึ่งกฎหมายให้มีอำนาจและหน้าที่ทำการสอบสวน.
พนัง 0,น.,ทำนบกั้นนํ้าอย่างใหญ่
พนัง 1,น.,เครื่องกั้นเครื่องกำบัง เช่น พนังม้า คือแผ่นหนังสำหรับปิดข้างม้าทั้ง ๒ ข้าง พนังที่นอน คือแผ่นผ้าที่เย็บปิดกั้นรอบข้างที่นอนหรือกั้นภายในที่นอนให้เป็นช่อง ๆ เพื่อยัดนุ่นเป็นลูก ๆ พนังหมอน คือแผ่นผ้าที่เย็บปิดกั้นรอบหมอน.
พนัน 0,ก.,เล่นเอาเงินหรือสิ่งอื่นโดยอาศัยความฉลาด ความชำนาญ เล่ห์เหลี่ยม ไหวพริบ และฝีมือ รวมทั้งโชคด้วย.
พนัน 1,น.,การเล่นเช่นนั้น เรียกว่า การพนัน.
พนันขันต่อ 0,น.,การพนันซึ่งได้เสียกันโดยวิธีต่อรอง.
พนันดร 0,น.,"ระหว่างป่า, กลางป่า, ภายในป่า."
พนันดร 1,น.,"ป่า, พง, ดง."
พนัส 0,น.,"ป่า, พง, ดง."
พนัส- 0,น.,"ป่า, พง, ดง."
พนัสดม 0,น.,"ป่ามืด, ป่าทึบ."
พนัสบดี 0,น.,เจ้าป่า.
พนา 0,น.,"ป่า, พง, ดง."
พนาด 0,น.,"เบาะสำหรับปูหลังช้างเพื่อออกป่า เช่น พรายพัสตร์พนาดพร้อม ภูษา (ยวนพ่าย), ใช้ว่า พระนาด ก็มี."
พนาดร 0,น.,"ป่าสูง, ใช้ว่า วนาดร หรือ วนาดอน ก็มี."
พนาดร 1,น.,"ป่า, พง, ดง."
พนาดอน 0,น.,"ป่าสูง, ใช้ว่า วนาดร หรือ วนาดอน ก็มี."
พนาดอน 1,น.,"ป่า, พง, ดง."
พนาธวา 0,น.,ทางป่า.
พนาธวา 1,น.,"ป่า, พง, ดง."
พนานดร 0,น.,"ระหว่างป่า, กลางป่า, ภายในป่า."
พนานดร 1,น.,"ป่า, พง, ดง."
พนาย 0,น.,คำขุนนางผู้ใหญ่เรียกผู้ดีซึ่งอยู่ในบังคับตน.
พนาราม 0,น.,ป่าอันรื่นรมย์.
พนาราม 1,น.,"ป่า, พง, ดง."
พนาลัย 0,น.,ป่า.
พนาลัย 1,น.,"ป่า, พง, ดง."
พนาลี 0,น.,ทางป่า
พนาลี 1,น.,แนวไม้.
พนาลี 2,น.,"ป่า, พง, ดง."
พนาวา 0,น.,ป่า.
พนาวา 1,น.,"ป่า, พง, ดง."
พนาวาส 0,น.,ที่อยู่ในป่า.
พนาวาส 1,น.,"ป่า, พง, ดง."
พนาเวศ 0,น.,ป่า.
พนาเวศ 1,น.,"ป่า, พง, ดง."
พนาศรม 0,น.,ที่อยู่ในป่า.
พนาศรม 1,น.,"ป่า, พง, ดง."
พนาศรัย 0,น.,คนอยู่ป่า.
พนาศรัย 1,น.,"ป่า, พง, ดง."
พนาสณฑ์ 0,น.,"ราวป่า, แนวป่า, ทิวไม้, ป่าสูง, ป่าดง, วนาสณฑ์ หรือ วนาสัณฑ์ ก็ว่า."
พนาสณฑ์ 1,น.,"ป่า, พง, ดง."
พนาสัณฑ์ 0,น.,"ราวป่า, แนวป่า, ทิวไม้, ป่าสูง, ป่าดง, วนาสณฑ์ หรือ วนาสัณฑ์ ก็ว่า."
พนาสัณฑ์ 1,น.,"ป่า, พง, ดง."
พนิด 0,น.,"วนิดา, หญิง, หญิงสาว."
พนิดา 0,น.,"วนิดา, หญิง, หญิงสาว."
พนิต 0,ว.,"เป็นที่รัก, ที่ชอบพอ."
พนียก 0,น.,"วนิพก, คนขอทานโดยร้องเพลงขอ."
พเนก 0,น.,หมอนสำหรับช้างหนุนนอน.
พเนจร 0,น.,"คนเที่ยวป่า, พรานป่า"
พเนจร 1,น.,โดยปริยายหมายความว่า เที่ยวไปเรื่อย ๆ เช่น ชายพเนจร.
พเนจร 2,น.,"ป่า, พง, ดง."
พบ 0,ก.,"เห็น (ใช้แก่อาการเห็นซึ่งต่อเนื่องกับกิริยาอื่น เช่น ขุดพบ ค้นพบ ไปพบ หาพบ), ปะ, ประสบ, เจอะ, เจอ, เช่น พบเพื่อน พบอุปสรรค."
พบปะ 0,ก.,พบด้วยความสนิทสนมคุ้นเคย.
พบพาน 0,ก.,"ปะกัน, เจอกัน, มักใช้ในความปฏิเสธ เช่น ไม่ประสบพบพาน."
พบไม้งามเมื่อขวานบิ่น 0,ก.,"พบหญิงสาวที่ต้องใจเมื่อแก่, ใช้ว่า พบไม้งามเมื่อยามขวานบิ่น ก็มี."
พบู 0,น.,"กาย, ตัว."
พบู 1,น.,หน้า
พบู 2,น.,ดอกไม้ เช่น พบูบานประสานสี.
พบู 3,ว.,งาม
พบู 4,ว.,"ขาว, ด่อน."
พม่า 0,น.,ชื่อประเทศและชนชาติหนึ่งอยู่ทางทิศตะวันตกและตะวันตกเฉียงเหนือของประเทศไทย.
พม่า 1,น.,คำนำหน้าชื่อเพลงไทยสำเนียงพม่า เช่น พม่ากล่อม พม่าเห่ พม่ากำชับ พม่าห้าท่อน.
พยชน์ 0,น.,พัด.
พยชะ 0,ก.,"ขับ, ขี่"
พยชะ 1,ก.,พัด.
พยติเรก 0,ว.,แปลกออกไป
พยติเรก 1,ว.,ในไวยากรณ์ใช้เป็นชื่อประโยคใหญ่ที่แสดงเนื้อความแย้งกัน
พยติเรก 2,ว.,ชื่อนิบาตในภาษาบาลีพวกหนึ่ง.
พยนต์ 0,น.,สิ่งที่ผู้ทรงวิทยาคมปลุกเสกให้มีชีวิตขึ้น เช่น หุ่นพยนต์.
พยศ 0,ก.,แสดงอาการดื้อหรือถือตัวไม่ยอมทำตาม.
พยัก 0,ก.,อาการที่ก้มหน้าลงเล็กน้อยแล้วเงยหน้าขึ้นโดยเร็วเป็นการแสดงความรับรู้ เรียกว่า พยักหน้า.
พยักพเยิด 0,ก.,"แสดงกิริยาหน้าตาพลอยรับรู้เห็นกับเขาด้วย, ไม่แสดงอาการให้ชัดเจนเป็นแต่พยักหน้า หรือทำบุ้ยใบ้ไม้มือเพื่อให้รู้."
พยักยิ้ม 0,ก.,แสดงกิริยาพยักพเยิดพร้อมทั้งยิ้มอยู่ในหน้าเป็นเชิงเย้ยหยัน.
พยัคฆ์ 0,น.,เสือโคร่ง.
พยัคฆ- 0,น.,เสือโคร่ง.
พยัคฆา 0,น.,เสือโคร่ง.
พยัคฆา 1,น.,เสือโคร่ง.
พยัคฆิน 0,น.,เสือโคร่ง.
พยัคฆิน 1,น.,เสือโคร่ง.
พยัคฆินทร์ 0,น.,พญาเสือโคร่ง.
พยัคฆินทร์ 1,น.,เสือโคร่ง.
พยัคฆี 0,น.,เสือโคร่ง.
พยัคฆี 1,น.,เสือโคร่ง.
พยัคเฆนทร์ 0,น.,พญาเสือโคร่ง.
พยัคเฆนทร์ 1,น.,เสือโคร่ง.
พยัชน์ 0,น.,พัด.
พยัญชนะ 0,น.,"เสียงพูดที่เปล่งออกมาโดยใช้อวัยวะส่วนต่าง ๆ ในปากและคอ เช่น เสียง ป โดยทั่วไปจะออกเสียงพยัญชนะร่วมกับเสียงสระ, เสียงพยัญชนะ ก็เรียก"
พยัญชนะ 1,น.,"ตัวอักษรที่ใช้แทนเสียงพยัญชนะ เช่น ก ข, รูปพยัญชนะ ก็เรียก, ตัวหนังสือ เช่น แปลโดยพยัญชนะ"
พยัญชนะ 2,น.,"กับข้าวที่ไม่ใช่แกง, คู่กับ สูปะ ซึ่งหมายถึง แกง. (ป. พฺยญฺชน, วฺยญฺชน; ส. วฺยญฺชน)"
พยัญชนะ 3,ส.,ลักษณะของร่างกาย.
พยัต 0,น.,"ผู้เรียน, ผู้รู้."
พยัต 1,ว.,"ฉลาด, เฉียบแหลม."
พยับ 0,ว.,"ครึ้ม, มืดมัว, (ใช้แก่อากาศ) เช่น พยับฟ้า พยับฝน พยับเมฆ."
พยับแดด 0,น.,"เงาแดด, แสงแดดกล้าที่ปรากฏในระยะไกลเป็นระยิบระยับลวงตา ทำให้เห็นเป็นนํ้าเป็นต้น."
พยับฝน 0,น.,ครึ้มฝน.
พยับเมฆ 0,น.,เมฆฝนตั้งเค้า.
พยับเมฆ 1,น.,"ชื่อไม้พุ่มชนิด Orthosiphon aristatus (Blume) Miq. ในวงศ์ Labiatae ดอกเล็กสีขาวอมม่วงอ่อน ออกเป็นช่อยาว เกสรเพศผู้ยาว ใบใช้ทำยาได้, หญ้าหนวดแมว ก็เรียก."
พยับหมอก 0,น.,หมอกมืดครึ้ม.
พยับหมอก 1,น.,"ชื่อไม้พุ่มขนาดเล็กชนิด Plumbago auriculataLam. ในวงศ์ Plumbaginaceae ดอกเป็นช่อสีฟ้าอ่อน, เจตมูลเพลิงฝรั่ง ก็เรียก."
พยากรณ์ 0,ก.,ทำนายหรือคาดการณ์โดยอาศัยหลักวิชา.
พยากรณ์ 1,น.,ชื่อคัมภีร์โหราศาสตร์ว่าด้วยการทำนาย.
พยาฆร์ 0,น.,พยัคฆ์.
พยางค์ 0,น.,ส่วนของคำที่เปล่งออกมาครั้งหนึ่ง ๆ เช่น กะ มี ๑ พยางค์ กระเป๋า มี ๒ พยางค์ พยากรณ์ มี ๓ พยางค์.
พยาธิ 0,น.,ความเจ็บไข้ เช่น โรคาพยาธิ ชาติชราพยาธิ.
พยาธิ 1,น.,ชื่อสัตว์ไม่มีกระดูกสันหลังซึ่งอย่างน้อยในระยะหนึ่งของชีวิตจะอาศัยดูดกินเลือดอยู่ในมนุษย์และสัตว์ มีรูปร่างและขนาดต่าง ๆ กัน ชนิดตัวแบน เช่น พยาธิใบไม้ พยาธิตัวตืด ชนิดตัวกลมหรือหนอนพยาธิ เช่น พยาธิไส้เดือน พยาธิแส้ม้า พยาธิเส้นด้าย พยาธิเข็มหมุด.
พยาน 0,น.,"หลักฐานเครื่องพิสูจน์ข้อเท็จจริง, ผู้ที่รู้เห็นเหตุการณ์หรือข้อเท็จจริงที่ใช้เป็นหลักฐานเครื่องพิสูจน์ได้."
พยานบอกเล่า 0,น.,พยานบุคคลซึ่งให้การในเรื่องที่ตนมิได้เห็น ได้ยิน หรือรู้มาด้วยตนเอง แต่ได้ยินหรือได้ฟังจากผู้อื่น รวมตลอดถึงข้อความที่บันทึกไว้ในเอกสารหรือวัตถุก็ถือเป็นพยานบอกเล่า.
พยานบุคคล 0,น.,บุคคลซึ่งรู้ข้อเท็จจริงอันเกี่ยวกับคดีไม่ว่าจะรู้โดยวิธีใด ซึ่งอาจเป็นประจักษ์พยาน หรือพยานบอกเล่า ก็ได้.
พยานวัตถุ 0,น.,วัตถุที่อ้างเป็นพยานหลักฐาน.
พยานแวดล้อมกรณี 0,น.,พยานหลักฐานทางอ้อมที่อนุมานมาจากพฤติการณ์ต่าง ๆ เพื่อพิสูจน์ข้อเท็จจริงอันเป็นประเด็นโดยตรง.
พยานหลักฐาน 0,น.,ในทางแพ่งหมายถึง สิ่งที่จะนำมาใช้ในการวินิจฉัยข้อเท็จจริง ในทางอาญาหมายถึง สิ่งที่จะพิสูจน์ได้ว่าจำเลยหรือผู้ต้องหามีความผิดหรือบริสุทธิ์.
พยานเอกสาร 0,น.,เอกสารที่อ้างเป็นพยานหลักฐาน.
พยาบาท 0,น.,"การผูกใจเจ็บคิดจะแก้แค้น, การคิดปองร้าย, ในคำว่า ผูกพยาบาท."
พยาบาท 1,ก.,"ผูกใจเจ็บและอยากแก้แค้น, ปองร้าย, เช่น อย่าไปพยาบาทเขาเลย."
พยาบาล 0,ก.,"ดูแลคนไข้, ปรนนิบัติคนไข้"
พยาบาล 1,ก.,เอื้อเฟื้อเลี้ยงดู.
พยาบาล 2,น.,ผู้ดูแลคนไข้.
พยาม 0,น.,วา คือ ระยะวาหนึ่ง.
พยามะ 0,น.,วา คือ ระยะวาหนึ่ง.
พยายาม 0,ก.,ทำโดยมานะบากบั่น.
พยาล 0,น.,สัตว์ที่กินเนื้อสัตว์.
พยาล- 0,น.,สัตว์ที่กินเนื้อสัตว์.
พยาลมฤค 0,น.,สัตว์ร้าย.
พยุ 0,น.,ลมแรง.
พยุง 0,ก.,"ประคองให้ทรงตัวอยู่, ประคองให้อยู่ในสภาพปรกติ, เช่น พยุงตัวลุกขึ้น พยุงตัวไม่ให้จมน้ำ, ระวังไม่ให้ล้มไม่ให้ซวนเซเป็นต้น เช่น พยุงลุก พยุงนั่ง พยุงคนไข้ พยุงฐานะ, (ปาก) พยุพยุง ก็ว่า."
พยุงปีก 0,ก.,ประคองแขนพยุงไปด้วยมือข้างหนึ่ง แล้วใช้มืออีกข้างหนึ่งโอบรอบหลังไปสอดใต้รักแร้ของผู้ถูกพยุง.
พยุพยุง 0,ก.,พยุง.
พยุห- 0,น.,"กระบวน, หมู่, กองทัพ, พยู่ห์ ก็ว่า"
พยุห- 1,น.,ชื่อวิธีนับในปักษคณนา.
พยุหบาตร 0,น.,กระบวนทัพ.
พยุหบาตรา 0,น.,กระบวนทัพ.
พยุหยาตรา 0,น.,"กระบวนทัพ, การเดินทัพ, เช่น ยกพยุหยาตรา."
พยุหยาตรา 1,ก.,ไปเป็นกระบวนทัพใหญ่.
พยุหโยธา 0,น.,"หมู่พลรบ, กระบวนพลรบ."
พยุหร 0,น.,เกณฑ์เลขผลหารของวิธีฉวาง.
พยุหเสนา 0,น.,หมู่เสนา.
พยุหแสนยา 0,น.,หมู่เสนา.
พยุหแสนยากร 0,น.,หมู่เสนา.
พยุหะ 0,น.,"กระบวน, หมู่, กองทัพ, พยู่ห์ ก็ว่า"
พยุหะ 1,น.,ชื่อวิธีนับในปักษคณนา.
พยู่ห์ 0,น.,"พยุหะ, กระบวน, หมู่, กองทัพ."
พเยีย 0,น.,พวงดอกไม้.
พร 0,น.,"คำแสดงความปรารถนาให้ประสบสิ่งที่เป็นสิริมงคล เช่น ให้พร ถวายพระพร, สิ่งที่ขอเลือกเอาตามประสงค์ เช่น ขอพร."
พรต 0,น.,"กิจวัตร, การปฏิบัติ"
พรต 1,น.,"มรรยาท, เขตแห่งความประพฤติ, ธรรมเนียม, ประเพณี, การสมาทานหรือประพฤติตามลัทธิศาสนา, การจำศีล (เช่น การเว้นบริโภค เว้นเมถุนธรรม)"
พรต 2,น.,การสมาทานบริโภคอาหารอย่างเดียวเป็นนิตย์ (เช่น มธุพรต คือ การสมาทานกินแต่นํ้าผึ้ง)
พรต 3,น.,"ข้อกำหนดการปฏิบัติทางศาสนาเพื่อข่มกายใจ มีศีลวินัยเป็นต้น เช่น บำเพ็ญพรต ทรงพรต ถือพรต, เรียกผู้บำเพ็ญพรต ว่า นักพรต."
พรม 0,น.,"เครื่องลาดทำด้วยขนสัตว์, โดยปริยายใช้เรียกสิ่งอื่นบางชนิดที่ใช้ปูลาดว่า พรม เช่น พรมนํ้ามัน พรมกาบมะพร้าว"
พรม 1,น.,เรียกด้ายที่ทำด้วยขนสัตว์หรือสิ่งอื่นที่มีลักษณะคล้ายคลึงเช่นนั้น ว่า ไหมพรม
พรม 2,น.,ตุ้มสำหรับหยั่งนํ้าตื้นลึกเมื่อเรือเดินใกล้ฝั่ง
พรม 3,น.,ไม้สำหรับยึดกันครากมีกรอบถือเป็นต้น.
พรม 4,ก.,เอาสิ่งที่มีลักษณะเป็นน้ำประโปรยให้กระจายเป็นเม็ดเล็ก ๆ เช่น เอาน้ำพรมผ้า พรมน้ำมนต์.
พรม 5,น.,"ชื่อไม้พุ่มชนิด Carissa spinarum L. ในวงศ์ Apocynaceae ต้นมีหนามแข็ง, พรม ก็เรียก."
พรม 6,น.,"ชื่อปลาน้ำจืดขนาดเล็กถึงขนาดกลางชนิด Thynnichthys thynnoides (Bleeker) ในวงศ์ Cyprinidae ปากเล็กอยู่ปลายสุดของหัว ไม่มีหนวด ลำตัวเพรียว แบนข้างเล็กน้อย เกล็ดเล็กมาก พื้นลำตัวสีเงินเป็นประกาย พบทั่วไป แต่มีชุกชุมในเขตภาคกลางของประเทศไทย ยาวได้ถึง ๒๕ เซนติเมตร, นางเกล็ด พรม หรือ ลิง ก็เรียก."
พรมคด 0,น.,ชื่อไม้ต้นชนิด Heliciopsis terminalis (Kurz) Sleumer ในวงศ์ Proteaceae ช่อดอกสีขาว กลิ่นหอม.
พรมคด 1,น.,"ชื่อไม้ต้นขนาดใหญ่ชนิด Bhesa robusta (Roxb.) Ding Hou ในวงศ์ Celastraceae ลำต้นแดงคลํ้า ใบยาวปลายแหลม เลื่อมเป็นมัน, ประดงแดง กระบกคาย ชมัน ละโมก หรือ พรมคด ก็เรียก."
พรมคดตีนเต่า 0,น.,ชื่อไม้เถาชนิดหนึ่งในวงศ์ Malvaceae ทอดเลื้อยไปตามพื้นดิน ใบเป็น ๓ แฉก ดอกสีเหลือง.
พรมแดน 0,น.,"ขีดขั้นเขตแดน, แดนต่อแดน."
พรมทาง 0,น.,พรมเล็ก ๆ ยาว ๆ ที่ใช้ปูเป็นลาดพระบาทหรือทางเดิน.
พรมน้ำมัน 0,น.,"เครื่องลาดชนิดหนึ่ง ทำด้วยผงไม้ก๊อกผสมนํ้ามันลินสีด สี และสารเคมีที่ทำให้นํ้ามันลินสีดแห้งแข็งตัวเร็ว แล้วอัดให้เป็นแผ่น ใช้แผ่นสักหลาดเนื้อหยาบชุบแอสฟัลต์อัดทับด้านหนึ่งแล้วจึงอบให้ร้อนจนแข็งตัวแห้งสนิททั้งแผ่น จึงนำมาตกแต่งอีกด้านหนึ่งให้มีผิวเรียบเป็นมัน, เสื่อนํ้ามัน ก็เรียก."
พรมนิ้ว 0,ก.,วิธีปฏิบัติให้เกิดเสียงพลิ้วและสั่นระรัวของเครื่องดนตรี โดยใช้ปลายนิ้วแตะเร็ว ๆ.
พรมมิ 0,น.,ชื่อไม้ล้มลุกชนิด Bacopa monnieria (L.) Wettst. ในวงศ์ Scrophulariaceae ชอบขึ้นตามที่ชื้นแฉะ ดอกสีขาวหรือม่วงอ่อน ใช้ทำยาได้.
พรรค์ 0,น.,"หมู่คนที่เข้ารวมกันเป็นพวกเป็นฝ่าย เช่น พรรคการเมือง, พวก เช่น คนพรรค์นั้น."
พรรค 0,น.,"หมู่คนที่เข้ารวมกันเป็นพวกเป็นฝ่าย เช่น พรรคการเมือง, พวก เช่น คนพรรค์นั้น."
พรรค- 0,น.,"หมู่คนที่เข้ารวมกันเป็นพวกเป็นฝ่าย เช่น พรรคการเมือง, พวก เช่น คนพรรค์นั้น."
พรรคกลิน 0,น.,เหล่าของทหารเรือที่ทำหน้าที่ดูแลรักษาซ่อมบำรุงเครื่องยนต์กลไกประเภทต่าง ๆ ที่มีใช้ในกองทัพเรือ.
พรรคการเมือง 0,น.,กลุ่มบุคคลที่มีอุดมการณ์ทางการเมืองอย่างเดียวกัน ร่วมกันจัดตั้งและจดทะเบียนเป็นพรรคการเมืองตามกฎหมาย.
พรรคนาวิกโยธิน 0,น.,เหล่าของทหารเรือที่ทำหน้าที่รบบนบกยกพลขึ้นบกเพื่อยึดหัวหาดหรือยึดพื้นที่.
พรรคนาวิน 0,น.,เหล่าของทหารเรือที่ทำหน้าที่ทางเรือ และสนับสนุนการยุทธ์ทางเรือ.
พรรคพวก 0,น.,พวกเดียวกัน.
พรรคานต์ 0,น.,ตัวอักษรที่สุดวรรค คือ ง ญ ณ น ม.
พรรณ 0,น.,สีของผิว
พรรณ 1,น.,ชนิด เช่น พรรณพืช พรรณไม้ พรรณสัตว์.
พรรณนา 0,ก.,กล่าวเป็นเรื่องเป็นราวอย่างละเอียดให้ผู้ฟังนึกเห็นเป็นภาพ.
พรรณนาโวหาร 0,น.,สำนวนเขียนที่กล่าวเป็นเรื่องราวอย่างละเอียดเพื่อให้ผู้อ่านนึกเห็นเป็นภาพ.
พรรณราย 0,น.,"สีพราย ๆ, สีเลื่อมระยับ, งามผุดผ่อง."
พรรดึก 0,น.,อุจจาระที่เป็นก้อนแข็งกลม.
พรรลาย 0,ก.,"มากมาย, เกลื่อนกลาด"
พรรลาย 1,ก.,เซ็งแซ่ เช่น ร้องก้องเสียงพรรลาย (ตะเลงพ่าย).
พรรษ 0,น.,ฝน
พรรษ 1,น.,ปี.
พรรษ- 0,น.,ฝน
พรรษ- 1,น.,ปี.
พรรษประเวศ 0,น.,"การเข้าสู่ปีใหม่, เถลิงศก."
พรรษฤดู 0,น.,หน้าฝน.
พรรษวุฒิ 0,น.,การเจริญแห่งปี
พรรษวุฒิ 1,น.,วันเกิด.
พรรษา 0,น.,ช่วงระยะเวลา ๓ เดือนในฤดูฝน เช่น เข้าพรรษา จำพรรษา
พรรษา 1,น.,"ปี เช่น บวช ๓ พรรษา, (ราชา) ปี เช่น มีพระชนมายุ ๒๕ พรรษา."
พรรษา 2,น.,ปี.
พรรษากาล 0,น.,ฤดูฝน.
พรรษากาล 1,น.,ฝน
พรรษาคม 0,น.,การเริ่มฤดูฝน.
พรรษาคม 1,น.,ฝน
พรรษายุต 0,น.,หมื่นปี.
พรรษายุต 1,น.,ปี.
พรรโษทก 0,น.,นํ้าฝน.
พรรโษทก 1,น.,ฝน
พรรโษบล 0,น.,ลูกเห็บ.
พรรโษบล 1,น.,ฝน
พรรเหา 0,ว.,"มาก, ยิ่ง, พันเหา ก็ใช้ เช่น คือ เทพเพียงพันเหา (สมุทรโฆษ)."
พรรเอิญ 0,ว.,"เผอิญ, ใช้ว่า เพอิญ ก็มี."
พรวงเพรียง 0,ก.,พูดยกยอ.
พรวด 0,ก.,กิริยาที่เป็นไปอย่างรวดเร็วโดยทันที เช่น ตำรวจพรวดเข้ามา.
พรวด 1,ว.,อาการที่เป็นไปอย่างรวดเร็วโดยทันที เช่น เทน้ำพรวดเดียวหมดขวด ตกใจลุกพรวดออกมา
พรวด 2,ว.,เสียงดังเช่นนั้น เช่น เป่าพรวด.
พรวด 3,น.,"ชื่อผึ้งโพรง ( Apis cerana Fabricius) ในวงศ์ Apidae เป็นผึ้งขนาดกลาง ผึ้งงานลำตัวยาวประมาณ ๑ เซนติเมตร อาศัยอยู่เป็นฝูง ทำรังซ้อนกันหลายชั้นเรียงขนานกันอยู่ในโพรงไม้ กระบอกไม้ ซอกหิน หรือซอกหลังคาบ้านที่ปิดมิดชิด ขนาดเส้นผ่าศูนย์กลางของรัง ประมาณ ๓๐ เซนติเมตร นำมาเลี้ยงได้เช่นเดียวกับผึ้งพันธุ์, พายัพและอีสานเรียก ผึ้งโก๋น, ผึ้งรวง ก็เรียก."
พรวด 4,น.,"ชื่อไม้พุ่มชนิด Rhodomyrtus tomentosa (Aiton) Hassk. ในวงศ์ Myrtaceae ขึ้นชุมตามป่าโปร่งทางปักษ์ใต้ ใบหนา สีเขียวแก่ ออกเป็นคู่ ๆ ตามกิ่ง บางทีออกเป็น ๓ ใบจากข้อเดียวกัน ด้านล่างของใบมีขนทึบสั้น ๆ ดอกสีชมพู สัณฐานคล้ายกุหลาบลาขนาดเล็ก ๆ ออกตามง่ามใบ ดอกเดี่ยวหรือเป็นช่อ ๒-๓ ดอกก็มี ผลกลม เมื่อสุกสีม่วงดำ กินได้ มีรสหอมหวาน, ทุ พรวด พรวดใหญ่ หรือ พรวดกินลูก ก็เรียก."
พรวดกินลูก 0,น.,"ชื่อไม้พุ่มชนิด Rhodomyrtus tomentosa (Aiton) Hassk. ในวงศ์ Myrtaceae ขึ้นชุมตามป่าโปร่งทางปักษ์ใต้ ใบหนา สีเขียวแก่ ออกเป็นคู่ ๆ ตามกิ่ง บางทีออกเป็น ๓ ใบจากข้อเดียวกัน ด้านล่างของใบมีขนทึบสั้น ๆ ดอกสีชมพู สัณฐานคล้ายกุหลาบลาขนาดเล็ก ๆ ออกตามง่ามใบ ดอกเดี่ยวหรือเป็นช่อ ๒-๓ ดอกก็มี ผลกลม เมื่อสุกสีม่วงดำ กินได้ มีรสหอมหวาน, ทุ พรวด พรวดใหญ่ หรือ พรวดกินลูก ก็เรียก."
พรวดพราด 0,ก.,"ลุก เดิน หรือวิ่ง เป็นต้น อย่างรวดเร็วโดยไม่ยับยั้ง เช่น พอตำรวจพรวดเข้ามา พวกขาไพ่ก็พรวดพราดออกไป, กิริยาที่ทำโดยไม่ระมัดระวังหรือไม่เรียบร้อย เช่น ทำอะไรพรวดพราด ข้าวของตกหล่นเสียหาย."
พรวดพราด 1,ว.,อาการที่ลุก เดิน หรือวิ่ง เป็นต้น อย่างรวดเร็วโดยไม่ยับยั้ง เช่น อยู่ ๆ ก็วิ่งพรวดพราดออกไป.
พรวดใหญ่ 0,น.,"ชื่อไม้พุ่มชนิด Rhodomyrtus tomentosa (Aiton) Hassk. ในวงศ์ Myrtaceae ขึ้นชุมตามป่าโปร่งทางปักษ์ใต้ ใบหนา สีเขียวแก่ ออกเป็นคู่ ๆ ตามกิ่ง บางทีออกเป็น ๓ ใบจากข้อเดียวกัน ด้านล่างของใบมีขนทึบสั้น ๆ ดอกสีชมพู สัณฐานคล้ายกุหลาบลาขนาดเล็ก ๆ ออกตามง่ามใบ ดอกเดี่ยวหรือเป็นช่อ ๒-๓ ดอกก็มี ผลกลม เมื่อสุกสีม่วงดำ กินได้ มีรสหอมหวาน, ทุ พรวด พรวดใหญ่ หรือ พรวดกินลูก ก็เรียก."
พรวน 0,น.,"โลหะทำเป็นรูปกลมกลวง มีลูกกลิ้งเล็ก ๆ อยู่ข้างในเพื่อให้เกิดเสียง ใช้ผูกข้อเท้าเด็กหรือคอสัตว์ เป็นต้น เรียกว่า ลูกพรวน, กระพรวน หรือ ลูกกระพรวน ก็ว่า, (ถิ่น-พายัพ, อีสาน) หมากหิ่ง หรือ มะหิ่ง."
พรวน 1,น.,"กระจุก, กลุ่ม, พวง, เช่น วิ่งตามเป็นพรวน."
พรวน 2,น.,ชื่อเรียกปลานวลจันทร์น้ำจืดในภาษาเขมร.
พรวน 3,น.,ต้นเงาะ. (ดู เงาะ ๒).
พรวน 4,น.,ชื่อมะม่วงพันธุ์หนึ่งของชนิด Mangifera indica L.
พรวน 5,ก.,"คุ้ยดินให้เป็นกลุ่มล้อมต้นไม้, ใช้จอบหรือเสียมเป็นต้นทำดินให้โปร่งหรือร่วน, เรียกว่า พรวนดิน."
พรสวรรค์ 0,น.,ความสามารถพิเศษหรือคุณสมบัติเด่นของบุคคลที่มีมาแต่กำเนิด.
พรหม 0,น.,"ชื่อพระเป็นเจ้าผู้สร้างโลกตามศาสนาพราหมณ์, เทพในพรหมโลก จำพวกมีรูป เรียก รูปพรหม มี ๑๖ ชั้น จำพวกไม่มีรูป เรียก อรูปพรหม มี ๔ ชั้น ตามคติพระพุทธศาสนา, ในบทกลอนใช้ว่า พรหมัน พรหมา พรหมาน หรือ พรหมาร ก็มี"
พรหม 1,น.,ผู้มีพรหมวิหารทั้ง ๔ (เช่น บิดามารดามีพรหมวิหารทั้ง ๔ ต่อบุตร ได้ชื่อว่า เป็นพรหมของบุตร).
พรหม- 0,น.,"ชื่อพระเป็นเจ้าผู้สร้างโลกตามศาสนาพราหมณ์, เทพในพรหมโลก จำพวกมีรูป เรียก รูปพรหม มี ๑๖ ชั้น จำพวกไม่มีรูป เรียก อรูปพรหม มี ๔ ชั้น ตามคติพระพุทธศาสนา, ในบทกลอนใช้ว่า พรหมัน พรหมา พรหมาน หรือ พรหมาร ก็มี"
พรหม- 1,น.,ผู้มีพรหมวิหารทั้ง ๔ (เช่น บิดามารดามีพรหมวิหารทั้ง ๔ ต่อบุตร ได้ชื่อว่า เป็นพรหมของบุตร).
พรหมกาย 0,น.,"พระกาย (คือ รูปกาย นามกาย) ประเสริฐ, พระนามของพระพุทธเจ้า."
พรหมโคละ 0,น.,จักรวาล.
พรหมจรรย์ 0,น.,"การศึกษาปรมัตถ์, การศึกษาพระเวท"
พรหมจรรย์ 1,น.,"การถือพรตบางอย่าง เช่นเว้นเมถุนเป็นต้น, การบวชซึ่งเว้นเมถุนเป็นต้น."
พรหมจักร 0,น.,จักรวาล
พรหมจักร 1,น.,คำสอนของพระพุทธเจ้า.
พรหมจาริณี 0,น.,หญิงที่ยังบริสุทธิ์.
พรหมจารี 0,น.,"ผู้ศึกษาปรมัตถ์, นักเรียนพระเวท"
พรหมจารี 1,น.,"ผู้ถือพรตบางอย่าง เช่นเว้นเมถุนเป็นต้น, ในพระพุทธศาสนาหมายเอาผู้ตั้งอยู่ในธรรม มีเว้นจากเมถุนเป็นต้น เช่นภิกษุ"
พรหมจารี 2,น.,หญิงที่ยังบริสุทธิ์.
พรหมชาติ 0,น.,ชื่อตำราหมอดู.
พรหมทัณฑ์ 0,น.,ตามศาสนาพราหมณ์หมายความว่า “ไม้พระพรหม” ชื่อศัสตรากายสิทธิ์ชนิดหนึ่ง
พรหมทัณฑ์ 1,น.,การสาปแห่งพราหมณ์
พรหมทัณฑ์ 2,น.,โทษอย่างสูง คือห้ามไม่ให้ใคร ๆ พูดด้วยในหมู่สงฆ์ด้วยกัน.
พรหมไทย 0,น.,ที่ดินซึ่งพระเจ้าแผ่นดินพระราชทานแก่พราหมณ์และยกเว้นภาษีอากร
พรหมไทย 1,น.,ของที่บิดามารดาให้.
พรหมธาดา 0,น.,พระพรหมผู้สร้าง.
พรหมนิมิต 0,น.,ชื่อท่ารำแบบหนึ่ง โดยมือทั้งสองพนมมือระหว่างอก ลำตัวตั้งตรง หน้าตรง.
พรหมบถ 0,น.,"ทางไปสู่พระพรหม, ทางไปสู่ความดีสูงสุด."
พรหมบท 0,น.,ที่อยู่ของพระพรหม
พรหมบท 1,น.,ตำแหน่งพราหมณ์.
พรหมบริษัท 0,น.,"ชุมนุมพระพรหม, ชุมนุมพราหมณ์."
พรหมบุตร 0,น.,"พราหมณ์, ลูกพราหมณ์."
พรหมปุโรหิต 0,น.,พราหมณ์ชั้นสูง
พรหมปุโรหิต 1,น.,ชื่อพรหมหมู่หนึ่งอยู่ในสวรรค์อันสูงกว่าชั้นพรหมปาริสัช
พรหมปุโรหิต 2,น.,ชื่อคัมภีร์แพทย์ว่าด้วยต้นเหตุที่มนุษย์เกิด.
พรหมพักตร์ 0,น.,ยอดเครื่องสูงหรือยอดสิ่งก่อสร้างที่เป็นหน้าพรหม ๔ ด้าน.
พรหมพันธุ์ 0,น.,“วงศ์พรหม” คือพราหมณ์โดยตระกูล คือ พราหมณ์เลว.
พรหมภูติ 0,น.,"เวลาสนธยา, เวลาขมุกขมัว, โพล้เพล้."
พรหมยาน 0,น.,ยานที่นำไปสู่ความเป็นพรหม คือการบริจาคอันยิ่งใหญ่ เช่นบุตรทารทาน.
พรหมเรขา 0,น.,อำนาจที่กำหนดความเป็นไปของชีวิต (ถือกันว่า พระพรหมเขียนไว้ที่หน้าผากของเด็กซึ่งเกิดได้ ๖ วัน).
พรหมฤษี 0,น.,ฤษีที่เป็นพราหมณ์โดยกำเนิด.
พรหมลิขิต 0,น.,อำนาจที่กำหนดความเป็นไปของชีวิต (ถือกันว่า พระพรหมเขียนไว้ที่หน้าผากของเด็กซึ่งเกิดได้ ๖ วัน).
พรหมโลก 0,น.,โลกของพระพรหม
พรหมโลก 1,น.,ภูมิเป็นที่สถิตของพระพรหม.
พรหมวิหาร 0,น.,ธรรมของพรหมหรือของท่านผู้เป็นใหญ่ มี ๔ คือ เมตตา กรุณา มุทิตา อุเบกขา.
พรหมศร 0,น.,ชื่อกาบกระหนกชนิดหนึ่ง ที่ประกอบกับโคนเสา เช่น เสาบุษบก มีลักษณะคล้ายอินทรธนูละคร เรียกว่า กาบพรหมศร.
พรหมสี่หน้า 0,น.,ชื่อกระบวนมวยท่าหนึ่ง
พรหมสี่หน้า 1,น.,ชื่อท่ารำท่าหนึ่งในแม่ท่า มือทั้งสองยกหงายขึ้นระดับแง่ศรีษะ แขนตั้งฉากกับศอก.
พรหมสูตร 0,น.,"ด้ายที่สวมสะพายแล่ง เป็นเครื่องหมายของพราหมณ์, สายธุรำของพราหมณ์."
พรหมโองการ 0,น.,ชื่อไม้ทำรูปเหมือนใบมะตูมติดที่โรงพิธี.
พรหมัญตา 0,น.,ความเป็นผู้เกื้อกูลแก่พราหมณ์.
พรหมัญตา 1,น.,"ชื่อพระเป็นเจ้าผู้สร้างโลกตามศาสนาพราหมณ์, เทพในพรหมโลก จำพวกมีรูป เรียก รูปพรหม มี ๑๖ ชั้น จำพวกไม่มีรูป เรียก อรูปพรหม มี ๔ ชั้น ตามคติพระพุทธศาสนา, ในบทกลอนใช้ว่า พรหมัน พรหมา พรหมาน หรือ พรหมาร ก็มี"
พรหมา 0,น.,พรหม.
พรหมา 1,น.,"ชื่อพระเป็นเจ้าผู้สร้างโลกตามศาสนาพราหมณ์, เทพในพรหมโลก จำพวกมีรูป เรียก รูปพรหม มี ๑๖ ชั้น จำพวกไม่มีรูป เรียก อรูปพรหม มี ๔ ชั้น ตามคติพระพุทธศาสนา, ในบทกลอนใช้ว่า พรหมัน พรหมา พรหมาน หรือ พรหมาร ก็มี"
พรหมาณฑ์ 0,น.,"จักรวาล, โลก."
พรหมาณฑ์ 1,น.,"ชื่อพระเป็นเจ้าผู้สร้างโลกตามศาสนาพราหมณ์, เทพในพรหมโลก จำพวกมีรูป เรียก รูปพรหม มี ๑๖ ชั้น จำพวกไม่มีรูป เรียก อรูปพรหม มี ๔ ชั้น ตามคติพระพุทธศาสนา, ในบทกลอนใช้ว่า พรหมัน พรหมา พรหมาน หรือ พรหมาร ก็มี"
พรหมาสตร์ 0,น.,ชื่อศรเล่มหนึ่งของพระราม.
พรหมาสตร์ 1,น.,"ชื่อพระเป็นเจ้าผู้สร้างโลกตามศาสนาพราหมณ์, เทพในพรหมโลก จำพวกมีรูป เรียก รูปพรหม มี ๑๖ ชั้น จำพวกไม่มีรูป เรียก อรูปพรหม มี ๔ ชั้น ตามคติพระพุทธศาสนา, ในบทกลอนใช้ว่า พรหมัน พรหมา พรหมาน หรือ พรหมาร ก็มี"
พรหมินทร์ 0,น.,พรหมผู้เป็นใหญ่.
พรหมินทร์ 1,น.,"ชื่อพระเป็นเจ้าผู้สร้างโลกตามศาสนาพราหมณ์, เทพในพรหมโลก จำพวกมีรูป เรียก รูปพรหม มี ๑๖ ชั้น จำพวกไม่มีรูป เรียก อรูปพรหม มี ๔ ชั้น ตามคติพระพุทธศาสนา, ในบทกลอนใช้ว่า พรหมัน พรหมา พรหมาน หรือ พรหมาร ก็มี"
พรหเมนทร์ 0,น.,พระพรหมผู้เป็นใหญ่.
พรหเมนทร์ 1,น.,"ชื่อพระเป็นเจ้าผู้สร้างโลกตามศาสนาพราหมณ์, เทพในพรหมโลก จำพวกมีรูป เรียก รูปพรหม มี ๑๖ ชั้น จำพวกไม่มีรูป เรียก อรูปพรหม มี ๔ ชั้น ตามคติพระพุทธศาสนา, ในบทกลอนใช้ว่า พรหมัน พรหมา พรหมาน หรือ พรหมาร ก็มี"
พรหเมศวร 0,น.,พระพรหมผู้เป็นใหญ่.
พรหเมศวร 1,น.,"ชื่อพระเป็นเจ้าผู้สร้างโลกตามศาสนาพราหมณ์, เทพในพรหมโลก จำพวกมีรูป เรียก รูปพรหม มี ๑๖ ชั้น จำพวกไม่มีรูป เรียก อรูปพรหม มี ๔ ชั้น ตามคติพระพุทธศาสนา, ในบทกลอนใช้ว่า พรหมัน พรหมา พรหมาน หรือ พรหมาร ก็มี"
พรอก 0,ก.,"บอก, พูด, เช่น บัดบอกพรอกพราง."
พร่อง 0,ว.,ไม่เต็มตามอัตราเพราะลดหรือขาดไป เช่น ตักแกงพร่อง ทำงานไม่พร่อง กินไม่รู้จักพร่อง.
พร่อง 1,ก.,ยุบไปหรือลดไปจากเดิม เช่น น้ำในโอ่งพร่องไป ข้าวสารในกระสอบพร่องไป.
พร้อง 0,ก.,"พูด, กล่าว, ร้อง."
พร้องเพรียก 0,ก.,ร้องเรียก.
พรอด 0,ว.,เสียงดังอย่างเสียงของเหลวปนกับลมไหลออกจากช่องเล็ก ๆ หรือขึ้นมาจากเลนตม.
พรอด 1,น.,"เรียกดินเลนที่ฟูดโป่งขึ้นมา เช่น พรอดปลาไหล คือดินที่โป่งขึ้นมาซึ่งเป็นที่มีปลาไหล, ฟอด ก็ว่า."
พรอด ๆ 0,ว.,เสียงดังอย่างเสียงของเหลวปนกับลมไหลออกจากช่องเล็ก ๆ หรือขึ้นมาจากเลนตม.
พรอด ๆ 1,น.,"เรียกดินเลนที่ฟูดโป่งขึ้นมา เช่น พรอดปลาไหล คือดินที่โป่งขึ้นมาซึ่งเป็นที่มีปลาไหล, ฟอด ก็ว่า."
พร้อม 0,ว.,"คำแสดงกิริยาร่วมกัน เช่น ร้องเพลงพร้อมกัน ปรบมือพร้อมกัน หรือในเวลาเดียวกัน เช่น ไปพร้อมกัน ถึงพร้อมกัน, โดยปริยายหมายความว่า ครบครัน เช่น งามพร้อม ดีพร้อม เตรียมพร้อม, เสร็จ เช่น พร้อมแล้ว."
พร้อม 1,ก.,เตรียมครบถ้วน เช่น พร้อมแล้ว.
พร้อมใจ 0,ก.,"ร่วมใจ, มีน้ำใจเป็นอันหนึ่งอันเดียวกัน, เช่น เขาพร้อมใจกันทำงาน."
พร้อมญาติ 0,ว.,มีญาติพี่น้องมากันมากมาย.
พร่อมพร้อ 0,ว.,"ซอมซ่อ, ไม่งดงาม."
พร้อมพรัก 0,ว.,พรักพร้อม.
พร้อมพรั่ง 0,ว.,"รวมอยู่มากหลาย เช่น มากันพร้อมพรั่ง, พรั่งพร้อม ก็ว่า."
พร้อมเพรียง 0,ว.,"ครบถ้วน, ร่วมใจกัน, เป็นอันหนึ่งอันเดียวกัน, เช่น ช่วยกันทำงานอย่างพร้อมเพรียง."
พร้อมมูล 0,ว.,"บริบูรณ์, มีครบทุกอย่าง, เช่น มีหลักฐานพร้อมมูล."
พร้อมสรรพ 0,ว.,"พร้อมทุกอย่าง, มีครบทุกอย่าง, เช่น เตรียมให้พร้อมสรรพ."
พร้อมหน้า 0,ว.,รวมอยู่เป็นจำนวนมากอย่างพร้อมเพรียงกัน (ใช้แก่คนที่มีความเกี่ยวข้องกัน) เช่น มากันพร้อมหน้า มากันพร้อมหน้าพร้อมตา.
พร้อมหน้าพร้อมตา 0,ว.,รวมอยู่เป็นจำนวนมากอย่างพร้อมเพรียงกัน (ใช้แก่คนที่มีความเกี่ยวข้องกัน) เช่น มากันพร้อมหน้า มากันพร้อมหน้าพร้อมตา.
พร่อย 0,ว.,"ครํ่าคร่า, แก่ครํ่า."
พร้อย 0,ว.,"ประไปทั่ว, ลายกระเป็นจุดประปราย, วาว, พราย, เช่น ลายพร้อย ด่างพร้อย."
พระ 0,น.,"คำใช้แทนชื่อเรียกภิกษุสงฆ์ เช่น วัดนี้มีพระกี่รูป พระลงโบสถ์, พระพุทธรูป เช่น ชักพระ ไหว้พระในโบสถ์, พระพุทธเจ้า หรือเนื่องด้วยพระพุทธเจ้า เช่น เมืองพระ คำพระ พระมาตรัส, ชื่อวันประชุมถือศีลฟังธรรมในพระพุทธศาสนา เดือนหนึ่งมี ๔ วัน คือ วันขึ้น ๘ ค่ำ ขึ้น ๑๕ ค่ำ แรม ๘ ค่ำ และแรม ๑๕ ค่ำ ถ้าเป็นเดือนขาดก็แรม ๑๔ ค่ำ เรียกว่า วันพระ"
พระ 1,น.,"พระเจ้า, พระเยซู, (ตามที่คริสต์ศาสนิกชนในเมืองไทยใช้อนุโลมเรียก) เช่น พระลงโทษ แม่พระ"
พระ 2,น.,นักบวช เช่น พระไทย พระแขก พระฝรั่ง พระจีน พระญวน
พระ 3,น.,ใช้ประกอบหน้าคำอื่นแสดงความยกย่อง ๑. เทพเจ้าหรือเทวดาผู้เป็นใหญ่ เช่น พระอิศวร พระนารายณ์ พระพิรุณ ๒. พระเจ้าแผ่นดินหรือของที่เกี่ยวข้องกับพระเจ้าแผ่นดินและเจ้านายชั้นสูง เช่น พระมหากษัตริย์ พระราชวงศ์ ๓. สมณศักดิ์ชั้นราชาคณะ เช่น พระราชเวที พระเทพเมธี ๔. ภิกษุ เช่น พระสมศักดิ์ ๕. สิ่งศักดิ์สิทธิ์ เช่น พระภูมิ
พระ 4,น.,อิสริยยศเจ้านาย เช่น พระรามคำแหง พระนเรศวร พระเทียรราชา
พระ 5,น.,"บรรดาศักดิ์ข้าราชการสูงกว่าหลวง ต่ำกว่าพระยา เช่น พระสารประเสริฐ พระธรรมนิเทศทวยหาญ, ใช้ประกอบหน้านามพระสนม เช่น พระอินทราณี พระสุจริตสุดา ในพระบาทสมเด็จพระมงกุฎเกล้าเจ้าอยู่หัว"
พระ 6,น.,โดยปริยายหมายถึงผู้ที่มีเมตตากรุณาทรงคุณงามความดีเหมือนพระ เช่น ใจพระ พ่อแม่เป็นพระของลูก.
พระ 7,ส.,"คำใช้แทนผู้เป็นใหญ่ เป็นสรรพนามบุรุษที่ ๒ เช่น เมียเห็นว่าเงาะนี้มีความรู้ พระอย่าได้ลบหลู่ว่าชั่วช้า (สังข์ทอง), หรือเป็นสรรพนามบุรุษที่ ๓ เช่น พระเสด็จโดยแดนชล (กาพย์เห่เรือ)."
พระกรน้อย 0,น.,"ชื่อเสื้อชั้นในที่แขนต่อแถบรัด, คู่กับฉลองพระองค์ทรงประพาส, ฉลองพระกรน้อย ก็ว่า."
พระครู 0,น.,ฐานันดรประเภทหนึ่งแห่งพระภิกษุ ตํ่ากว่าพระราชาคณะ เช่น พระครูสรวุฒิพิศาล พระครูสรภาณพิสุทธิ
พระครู 1,น.,บรรดาศักดิ์พราหมณ์ เช่น พระครูวามเทพมุนี.
พระคะแนน 0,น.,พระเครื่องขนาดเล็ก ใช้เป็นสิ่งกำหนดนับจำนวนพระเครื่องที่สร้างขึ้น เช่น เมื่อสร้างพระเครื่องครบ ๑๐๐ องค์ ก็มีพระคะแนน ๑ องค์.
พระคุณ 0,น.,บุญคุณ เช่น รำลึกถึงพระคุณครูอาจารย์.
พระคุณเจ้า 0,ส.,"คำเรียกพระภิกษุที่นับถือ, เป็นสรรพนามบุรุษที่ ๒."
พระเคราะห์ 0,น.,ดาวพระเคราะห์.
พระเครื่อง 0,น.,พระพุทธรูปองค์เล็ก ๆ ที่นับถือว่าเป็นเครื่องคุ้มครองป้องกันอันตราย (ย่อมาจากคำ พระเครื่องราง)
พระเครื่อง 1,น.,เครื่องเสวย.
พระจันทร์ครึ่งซีก 0,น.,ชื่อไม้ล้มลุกชนิด Lobelia chinensis Lour. ในวงศ์ Campanulaceae ดอกสีขาวอมชมพูหรือม่วง ใช้ทำยาได้.
พระจันทร์ครึ่งซีก 1,น.,ชื่อเพลงไทย อัตรา ๒ ชั้น หน้าทับสองไม้ มี ๒ ท่อน
พระจันทร์ครึ่งซีก 2,น.,ชื่อเพลงไทยประเภทเพลงเถา.
พระเจ้า 0,น.,"พระพุทธเจ้า เช่น พระเจ้าห้าพระองค์, พระพุทธรูป เช่น ทุกแห่งห้องพระเจ้า นั่งเนือง (กำสรวล), เทพผู้เป็นใหญ่"
พระเจ้า 1,น.,คำนำหน้าพระมหากษัตริย์และเจ้านาย เช่น พระเจ้ากรุงธนบุรี พระเจ้าลูกเธอ
พระเจ้า 2,น.,"หัว, เส้นผม, ใช้แก่พระมหากษัตริย์."
พระเจ้าลอยถาด 0,น.,ชื่อเพลงไทย อัตรา ๒ ชั้น
พระเจ้าลอยถาด 1,น.,ชื่อเพลงไทยประเภทเพลงหน้าพาทย์.
พระเจ้าห้าพระองค์ 0,น.,เรียกคาถานโมพุทธายะ ว่า คาถาพระเจ้าห้าพระองค์.
พระเจ้าห้าพระองค์ 1,น.,ชื่อไม้ต้นขนาดใหญ่ชนิด Dracontomelon dao (Blanco) Merr. et Rolfe ในวงศ์ Anacardiaceae ดอกเล็ก สีขาว.
พระเจ้าอยู่หัว 0,น.,คำเรียกพระมหากษัตริย์.
พระชายา 0,น.,ภรรยาที่เป็นเจ้าฟ้าหรือพระองค์เจ้าของพระบรมวงศ์และพระอนุวงศ์.
พระเชื้อเมือง 0,น.,"พระเสื้อเมือง, เทวดาที่รักษาบ้านเมือง."
พระญาติ 0,น.,ญาติของพระมหากษัตริย์.
พระเดชพระคุณ 0,น.,"คำใช้นำหน้าสมณศักดิ์ของพระราชาคณะ เช่น เรียน พระเดชพระคุณท่านเจ้าคุณพระพิมลธรรม, ถ้าใช้นำหน้าสมณศักดิ์ของสมเด็จพระราชาคณะ ใช้ว่า พระเดชพระคุณท่านเจ้าประคุณ หรือพระเดชพระคุณท่านเจ้าพระคุณ เช่น กราบเรียน พระเดชพระคุณท่านเจ้าประคุณสมเด็จพระพุฒาจารย์."
พระเดชพระคุณ 1,ส.,"คำเรียกผู้มียศบรรดาศักดิ์หรือพระภิกษุสงฆ์ที่มีสมณศักดิ์สูง, เป็นสรรพนามบุรุษที่ ๒."
พระทอง 0,น.,ชื่อเพลงไทย อัตรา ๒ ชั้น หน้าทับปรบไก่ ปรากฏเป็นเพลงแรกในเพลงชุดระบำสี่บท.
พระทอง 1,ส.,คำแทนชื่อเจ้านาย.
พระทองสักวา 0,น.,ทำนองขับร้องเพลงสักวา อัตรา ๓ ชั้น เป็นเพลงแรกในการเล่นสักวา.
พระทองหวน 0,น.,ชื่อเพลงไทย อัตรา ๓ ชั้น หน้าทับปรบไก่ เป็นเพลงขับร้องสำหรับการเล่นสักวา.
พระทัย 0,น.,ใจ.
พระที่นั่ง 0,น.,"อาคารที่ประทับของพระมหากษัตริย์ซึ่งตามปรกติอยู่ในพระราชวัง เช่น พระที่นั่งบรมพิมาน พระที่นั่งอัมพรสถาน, อาคารที่เสด็จออกมหาสมาคม เช่น พระที่นั่งจักรีมหาปราสาท พระที่นั่งอมรินทรวินิจฉัย พระที่นั่งอนันตสมาคม พระที่นั่งวโรภาษพิมาน, ที่ประทับซ้อนบนพระแท่นราชบัลลังก์ภายใต้นพปฎลเศวตฉัตร เช่น พระที่นั่งพุดตานกาญจนสิงหาสน์, ยานที่ประทับในการเสด็จพระราชดำเนินโดยขบวนแห่ทางบก เช่น พระที่นั่งพุดตานทอง พระที่นั่งราเชนทรยาน"
พระที่นั่ง 1,น.,"ก้น, ที่นั่งทับ."
พระที่นั่ง 2,ว.,คำขยายคำนามเกี่ยวกับยานหรือพาหนะที่พระมหากษัตริย์และพระราชินีทรงหรือประทับ เช่น รถพระที่นั่ง ม้าพระที่นั่ง เครื่องบินพระที่นั่ง.
พระธรรมนูญศาลยุติธรรม 0,น.,กฎหมายที่จัดระเบียบองค์กรศาลยุติธรรม และกำหนดอำนาจศาล ตลอดจนเขตอำนาจของศาลยุติธรรมต่าง ๆ.
พระธรรมศาสตร์ 0,น.,"คัมภีร์กฎหมายเก่าของอินเดีย, คัมภีร์อันเป็นต้นกำเนิดแห่งกฎหมาย, พระธรรมศาสตร์ ก็เรียก."
พระนม 0,น.,"แม่นม, นางนม."
พระนอม 0,น.,"จอมเขาหรือที่มีพุ่มไม้, พนอม ก็ว่า."
พระน้อม 0,น.,"จอมเขาหรือที่มีพุ่มไม้, พนอม ก็ว่า."
พระนาง 0,น.,พระมเหสีเทวีของพระมหากษัตริย์.
พระนางเจ้า 0,น.,ตำแหน่งพระมเหสี.
พระนางเธอ 0,น.,ตำแหน่งพระมเหสี.
พระนาด 0,น.,"เบาะสำหรับปูบนหลังช้างเพื่อออกป่า, พนาด ก็ว่า."
พระนาย 0,น.,คำเรียกหัวหมื่นมหาดเล็ก เช่น เจ้าหมื่นไวยวรนาถ เรียกว่า พระนายไวยวรนาถ.
พระบฏ 0,น.,ผืนผ้าที่มีรูปพระพุทธเจ้าเป็นต้นและแขวนไว้เพื่อบูชา.
พระบท 0,น.,ตำราหมอดูโบราณสำหรับใช้เสี่ยงทายโดยวิธีเอาไม้แทง.
พระบรมวงศ์ 0,น.,สมเด็จพระบรมราชินี ลงมาจนถึงพระองค์เจ้าที่เป็นพระราชโอรสพระราชธิดาของพระมหากษัตริย์.
พระบรมวงศานุวงศ์ 0,น.,พระบรมวงศ์และพระอนุวงศ์.
พระบาลี 0,น.,"คัมภีร์พระไตรปิฎก, พุทธพจน์, เรียกว่า พระบาลี."
พระประธาน 0,น.,พระพุทธรูปองค์ใหญ่ที่ประดิษฐานอยู่ในพระอุโบสถหรือวิหารเป็นต้น.
พระประยูรญาติ 0,น.,ญาติของพระมหากษัตริย์.
พระประยูรวงศ์ 0,น.,วงศ์ญาติของพระมหากษัตริย์.
พระเป็นเจ้า 0,น.,"เทวดาผู้เป็นใหญ่ เช่น พระอิศวร, พระผู้สร้างโลก."
พระผู้เป็นเจ้า 0,น.,เทวดาผู้เป็นใหญ่ เช่น พระอิศวร
พระผู้เป็นเจ้า 1,น.,พระภิกษุที่นับถือ.
พระแผง 0,น.,"พระพิมพ์ที่หล่อติดกันเป็นแผง, พระพิมพ์ที่บรรจุอยู่ในแผงไม้ขนาดใหญ่."
พระพันปี 0,น.,คำเรียกพระราชชนนีของพระมหากษัตริย์ ว่า สมเด็จพระพันปี
พระพันปี 1,น.,พระเจ้าแผ่นดิน.
พระพันวศา 0,น.,คำเรียกพระอัครมเหสีในพระมหากษัตริย์ ว่า สมเด็จพระพันวัสสา สมเด็จพระพันวศา หรือสมเด็จพระพันวษา
พระพันวศา 1,น.,พระเจ้าแผ่นดิน.
พระพันวษา 0,น.,คำเรียกพระอัครมเหสีในพระมหากษัตริย์ ว่า สมเด็จพระพันวัสสา สมเด็จพระพันวศา หรือสมเด็จพระพันวษา
พระพันวษา 1,น.,พระเจ้าแผ่นดิน.
พระพันวัสสา 0,น.,คำเรียกพระอัครมเหสีในพระมหากษัตริย์ ว่า สมเด็จพระพันวัสสา สมเด็จพระพันวศา หรือสมเด็จพระพันวษา
พระพันวัสสา 1,น.,พระเจ้าแผ่นดิน.
พระพิธีธรรม 0,น.,พระสงฆ์จำนวน ๔ รูปที่กำหนดให้สวดอาฏานาฏิสูตรในงานพระราชพิธีตรุษ หรือสวดพระอภิธรรมในการศพของหลวง.
พระพิมพ์ 0,น.,พระเครื่องที่สร้างขึ้นตามแบบแม่พิมพ์.
พระพุทธเจ้า 0,น.,"คำเรียกพระบรมศาสดาแห่งพระพุทธศาสนา, ใช้เป็นคำนำหน้าชื่อพระเจ้าแผ่นดิน เช่น พระพุทธเจ้าเสือ."
พระพุทธเจ้าข้า 0,น.,คำขานรับพระมหากษัตริย์.
พระพุทธเจ้าข้าขอรับ 0,น.,คำขานรับพระมหากษัตริย์.
พระพุทธเจ้าข้าขอรับใส่เกล้าใส่กระหม่อม 0,น.,คำขานรับพระมหากษัตริย์.
พระพุทธเจ้าหลวง 0,น.,"คำเรียกพระมหากษัตริย์ที่เสด็จสวรรคตแล้ว, คำเต็มว่า สมเด็จพระพุทธเจ้าหลวง."
พระพุทธเจ้าอยู่หัว 0,น.,คำเรียกพระมหากษัตริย์.
พระพุทธองค์ 0,ส.,"คำเรียกพระพุทธเจ้า, เป็นสรรพนามบุรุษที่ ๓."
พระภูมิ 0,น.,"เทพารักษ์ประจำพื้นที่และสถานที่, พระภูมิเจ้าที่ ก็เรียก."
พระมาลัยมาโปรด 0,น.,ผู้ที่มาช่วยเหลือในยามที่กำลังตกทุกข์ได้ยากได้ทันท่วงที.
พระยา 0,น.,บรรดาศักดิ์ข้าราชการผู้ใหญ่สูงกว่าพระ ตํ่ากว่าเจ้าพระยา เช่น พระยาอนุมานราชธน.
พระยาโต๊ะทอง 0,น.,"ข้าราชการที่ได้รับพระราชทานบรรดาศักดิ์เป็นพระยา และได้รับพระราชทานโต๊ะทอง (พานก้นตื้น) เป็นเครื่องสำหรับยศ, ผู้ที่ได้รับพระราชทานเครื่องราชอิสริยาภรณ์ตระกูลจุลจอมเกล้า ชั้นตติยจุลจอมเกล้าวิเศษ มีบรรดาศักดิ์เสมอตำแหน่งที่ได้รับโต๊ะทอง."
พระยาเทครัว 0,น.,ชายที่ได้หญิงเป็นภรรยาทั้งแม่ทั้งลูกหรือทั้งพี่ทั้งน้อง.
พระยาพานทอง 0,น.,"ข้าราชการที่ได้รับพระราชทานบรรดาศักดิ์เป็นพระยา และได้รับพระราชทานพานทองเป็นเครื่องสำหรับยศ, ผู้ที่ได้รับพระราชทานเครื่องราชอิสริยาภรณ์ตระกูลจุลจอมเกล้า ชั้นทุติยจุลจอมเกล้าขึ้นไป มีบรรดาศักดิ์เสมอตำแหน่งที่ได้รับพานทอง."
พระยาวัน 0,น.,วันขึ้นจุลศักราชใหม่หรือวันเถลิงศก ตรงกับวันที่ ๑๕ เมษายน.
พระรถโยนสาร 0,น.,ชื่อท่ารำแบบหนึ่ง โดยมือข้างหนึ่งหงายหักข้อมือ งอข้อศอก อีกข้างหนึ่งตั้งวงระดับชายพก.
พระรอง 0,น.,ตัวรองฝ่ายชายในการแสดงละครหรือภาพยนตร์เป็นต้น.
พระราชกระแส 0,น.,"คำพูด, คำสั่ง ใช้ในราชสำนัก."
พระราชกระแสรับสั่ง 0,น.,"คำพูด, คำสั่ง ใช้ในราชสำนัก."
พระราชกฤษฎีกา 0,น.,กฎหมายรูปแบบหนึ่งที่ตราขึ้นในสมัยสมบูรณาญาสิทธิราชย์
พระราชกฤษฎีกา 1,น.,บทบัญญัติที่พระมหากษัตริย์ทรงตราขึ้นโดยอาศัยอำนาจตามรัฐธรรมนูญ พระราชบัญญัติ หรือพระราชกำหนด เพื่อใช้ในการบริหารราชการแผ่นดิน.
พระราชกำหนด 0,น.,รูปแบบของกฎหมายที่พระมหากษัตริย์ทรงตราขึ้นให้มีผลใช้บังคับไปพลางก่อนตามคำแนะนำของฝ่ายบริหาร เนื่องจากเป็นกรณีฉุกเฉินที่มีความจำเป็นเร่งด่วนเพื่อประโยชน์ในอันที่จะรักษาความปลอดภัยของประเทศ ความปลอดภัยสาธารณะ ความมั่นคงในทางเศรษฐกิจของประเทศ หรือป้องปัดภัยพิบัติสาธารณะ ตามเงื่อนไขที่กำหนดให้รัฐธรรมนูญ พระราชกำหนดเมื่อได้รับความเห็นชอบจากรัฐสภาแล้วมีผลใช้บังคับเป็นพระราชบัญญัติ.
พระราชบัญญัติ 0,น.,รูปแบบของกฎหมายที่พระมหากษัตริย์ทรงตราขึ้นโดยคำแนะนำและยินยอมของฝ่ายนิติบัญญัติ.
พระราชบัญญัติประกอบรัฐธรรมนูญ 0,น.,รูปแบบของกฎหมายที่พระมหากษัตริย์ทรงตราขึ้นตามคำแนะนำและยินยอมของฝ่ายนิติบัญญัติในเรื่องที่รัฐธรรมนูญกำหนดไว้เป็นการเฉพาะ เช่น เรื่องเกี่ยวกับการเลือกตั้ง พรรคการเมือง ศาลรัฐธรรมนูญ และรัฐธรรมนูญกำหนดหลักเกณฑ์ในการเสนอ การพิจารณาและการตรวจสอบความชอบด้วยรัฐธรรมนูญไว้เป็นพิเศษแตกต่างจากพระราชบัญญัติ.
พระราชพิธี 0,น.,พิธีที่พระมหากษัตริย์ทรงพระกรุณาโปรดเกล้าฯ กำหนดไว้ตามราชประเพณี เช่น พระราชพิธีฉัตรมงคล พระราชพิธีสงกรานต์ พระราชพิธีสมโภชเดือนและขึ้นพระอู่ พระราชพิธีฉลองสิริราชสมบัติครบ ๖๐ ปี.
พระราชวงศ์ 0,น.,วงศ์ตระกูลของกษัตริย์
พระราชวงศ์ 1,น.,เจ้านายในวงศ์ตระกูลของกษัตริย์.
พระราชาคณะ 0,น.,พระภิกษุที่ได้รับแต่งตั้งและสถาปนาให้มีสมณศักดิ์ตั้งแต่ชั้นสามัญจนถึงชั้นสมเด็จพระราชาคณะ.
พระราม 0,น.,ชื่อท่ารำแบบหนึ่ง โดยมือทั้งสองทำมือล่อแก้ว ระดับวงกลาง ปฏิบัติได้ทั้งหักข้อมือหงายลงและตั้งข้อมือขึ้น.
พระรามโก่งศร 0,น.,ชื่อท่ารำแบบหนึ่ง โดยมือขวาจีบคว่ำ แขนตึง ระดับไหล่ มือซ้ายจีบหงายข้างเอวด้านขวา เอียงศีรษะข้างขวา.
พระรามา 0,น.,ชื่อท่ารำแบบหนึ่ง โดยมือทั้งสองทำมือล่อแก้ว ระดับวงกลาง ปฏิบัติได้ทั้งหักข้อมือหงายลงและตั้งข้อมือขึ้น.
พระรูป 0,น.,เจ้านายที่เสด็จบวชเป็นชี.
พระรูปชี 0,น.,เจ้านายที่เสด็จบวชเป็นชี.
พระโรง 0,น.,ท้องพระโรง.
พระฤๅษี 0,น.,"ชื่อหนึ่งของดาวฤกษ์ศรวณะ มี ๓ ดวง, ดาวหลักชัย ดาวศระวณะ หรือ ดาวสาวนะ ก็เรียก."
พระลบ 0,น.,พลบ.
พระลักษมณ์แผลงฤทธิ์ 0,น.,ชื่อท่ารำแบบหนึ่ง โดยมือข้างหนึ่งหงาย งอข้อศอก หักข้อมือระดับแง่ศรีษะ มืออีกข้างตั้งวงล่างระดับชายพก เอียงศีรษะข้างเดียวกับมือที่หงาย.
พระลือ 0,ว.,สว่าง.
พระแวว 0,ว.,"แพรว, แวววาว, มีแสงวับ ๆ."
พระศุกร์เข้าพระเสาร์แทรก 0,น.,ความทุกข์ยากลำบากที่เกิดซ้อน ๆ เข้ามาในขณะเดียวกัน.
พระสนม 0,น.,เจ้าจอมมารดาหรือเจ้าจอมอยู่งานซึ่งทรงยกย่องให้สูงขึ้น โดยได้รับพระราชทานหีบหมากทองคำลงยาราชาวดีเป็นเครื่องยศ.
พระสนมโท 0,น.,เจ้าจอมมารดาที่ได้รับพระราชทานหีบหมากทองคำลงยาราชาวดี พานทอง เครื่องทองคำอย่างน้อย เป็นเครื่องยศ.
พระสนมเอก 0,น.,เจ้าจอมมารดา เจ้าจอม หรือเจ้าจอมอยู่งานที่ได้รับพระราชทานหีบหมากทองคำลงยาราชาวดี พานทอง และเครื่องทองคำอย่างใหญ่ เป็นเครื่องยศ ในสมัยกรุงศรีอยุธยามี ๔ ตำแหน่ง คือ ท้าวอินสุเรนทร์ ท้าวศรีสุดาจันทร์ ท้าวอินทรเทวี และท้าวศรีจุฬาลักษณ์.
พระเสื้อเมือง 0,น.,"เทวดาที่รักษาบ้านเมือง, ผีเสื้อเมือง หรือ เสื้อเมือง ก็เรียก, (โบ) พระเชื้อเมือง."
พระแสงชนัก 0,น.,"เครื่องแทงสัตว์ชนิดหนึ่ง ทำด้วยเหล็กปลายเป็นเงี่ยงข้างเดียว มีด้ามยาว มีเชือกพันด้ามไว้ใช้ชักกลับ ใช้แทงจระเข้เป็นต้น, ราชาศัพท์ว่า พระแสงชนัก หรือ ชนักต้น"
พระหา 0,ว.,"ใหญ่, กว้าง."
พระหาม 0,น.,เวลาเช้ามืด.
พระหารณย์ 0,น.,ป่าใหญ่.
พระหารัณย์ 0,น.,ป่าใหญ่.
พระหิด 0,น.,ชื่อนกชนิดหนึ่ง.
พระองค์ 0,น.,ตัว เช่น รู้สึกพระองค์ แต่งพระองค์
พระองค์ 1,น.,ลักษณนามใช้แก่พระพุทธเจ้า เทพผู้เป็นใหญ่ พระมหากษัตริย์ พระราชวงศ์ตั้งแต่ชั้นพระองค์เจ้าขึ้นไป สมเด็จพระสังฆราชเจ้า และสมเด็จพระสังฆราช เช่น พระมหากษัตริย์ ๒ พระองค์.
พระองค์ 2,ส.,"คำใช้แทนผู้เป็นใหญ่ เป็นสรรพนามบุรุษที่ ๒ เช่น ขอพระองค์จงจำไว้สำเหนียก ดั่งนี้เรียกว่าสวัสดิรักษา (สวัสดิรักษา), หรือเป็นสรรพนามบุรุษที่ ๓ เช่น จะจากจริงทิ้งน้องหรือลองจิต โอ้คิดคิดถึงพระองค์น่าสงสาร (อภัย), (ราชา) สรรพนามบุรุษที่ ๓ ใช้แก่พระมหากษัตริย์ พระราชวงศ์ตั้งแต่ชั้นพระองค์เจ้าขึ้นไป สมเด็จพระสังฆราชเจ้า และสมเด็จพระสังฆราช เช่น พระบาทสมเด็จพระพุทธ-ยอดฟ้าจุฬาโลกมหาราช พระองค์เป็นปฐมกษัตริย์แห่งพระราชวงศ์จักรี."
พระองค์เจ้า 0,น.,"สกุลยศสำหรับพระราชโอรสหรือพระราชธิดาของพระมหากษัตริย์ซึ่งประสูติแต่เจ้าจอมมารดา, สกุลยศสำหรับพระโอรสหรือพระธิดาในสมเด็จเจ้าฟ้าที่พระมารดาเป็นพระองค์เจ้า, สกุลยศสำหรับพระโอรสหรือพระธิดาในพระองค์เจ้าที่ประสูติแต่พระมารดาซึ่งเป็นพระองค์เจ้า, อิสริยยศสำหรับหม่อมเจ้าหรือสามัญชนที่ได้รับสถาปนา."
พระอนุจร 0,น.,"พระลูกวัด, พระอนุจร ก็เรียก, พระผู้มิได้เป็นประธานหรือคู่สวดในสังฆกรรม เช่น พระอันดับนาค (พระอันดับในพิธีบวชนาค) พระอันดับแจง (พระอันดับในพิธีสวดแจง), โดยปริยายหมายถึงผู้น้อยที่เข้าร่วมพิธีโดยมิได้มีบทบาทสำคัญอะไร."
พระอนุวงศ์ 0,น.,พระองค์เจ้าที่มิได้เป็นพระราชโอรสพระราชธิดาของพระมหากษัตริย์และหม่อมเจ้า.
พระอภิบาล 0,น.,ผู้ที่ทรงพระกรุณาโปรดเกล้าโปรดกระหม่อมแต่งตั้งให้มีหน้าที่ดูแลพระบรมวงศ์ชั้นสมเด็จเจ้าฟ้าและพระองค์เจ้าลูกหลวง.
พระอันดับ 0,น.,"พระลูกวัด, พระอนุจร ก็เรียก, พระผู้มิได้เป็นประธานหรือคู่สวดในสังฆกรรม เช่น พระอันดับนาค (พระอันดับในพิธีบวชนาค) พระอันดับแจง (พระอันดับในพิธีสวดแจง), โดยปริยายหมายถึงผู้น้อยที่เข้าร่วมพิธีโดยมิได้มีบทบาทสำคัญอะไร."
พระอิฐพระปูน 0,ว.,"นิ่งเฉย, วางเฉย ไม่เดือดร้อน, ไม่รู้สึกยินดียินร้าย."
พระเอก 0,น.,ตัวเอกฝ่ายชายในการแสดงละครหรือภาพยนตร์เป็นต้น.
พระไอยการ 0,น.,ชื่อหมวดของกฎหมาย เช่น พระไอยการลักษณะกู้หนี้.
พระฮาม 0,น.,เวลาเช้ามืด.
พรักพร้อม 0,ว.,"รวมอยู่พร้อมหน้ากัน ใช้ในลักษณะเช่นญาติพี่น้องมากันพรักพร้อม, รวมอยู่พร้อมทุกอย่าง เช่น เตรียมข้าวของไว้ให้พรักพร้อม, พร้อมพรัก ก็ว่า."
พรั่ง 0,ว.,"คับคั่ง, รวมกันอยู่มาก."
พรั่งพร้อม 0,ว.,"รวมอยู่มากหลาย เช่น มากันพรั่งพร้อม, พร้อมพรั่ง ก็ว่า."
พรั่งพรู 0,ว.,เข้าหรือออกพร้อม ๆ กันอย่างเนืองแน่น เช่น คนพรั่งพรูกันเข้ามา คำพูดพรั่งพรูออกจากปาก.
พรัด 0,ก.,พรากออกจากกัน.
พรั่น 0,ก.,รู้สึกหวั่นกลัว เช่น พรั่นใจ.
พรั่นกว้า 0,ว.,"หวาดหวั่น, ว้าวุ่น, วุ่นวายใจ, เช่น อกกระอุเปลืองปลิว พรั่นกว้า (ทวาทศมาส)."
พรั่นพรึง 0,ก.,"นึกหวาดหวั่น, นึกพรั่นใจ."
พรับ 0,ก.,"พริบ, ขยิบ, (ใช้แก่ตา)."
พร่า 0,ก.,"ทำให้เสียหาย, ทำลาย, ทำให้ย่อยยับ, เช่น พร่าชื่อเสียง พร่าทรัพย์สมบัติ พร่าประโยชน์."
พร่า 1,ว.,กระจัดกระจายจนเห็นหรือได้ยินไม่ถนัดชัดเจน เช่น ตาพร่า รูปพร่า เสียงพร่า.
พร้า 0,น.,"มีดขนาดใหญ่, ถ้าเป็นรูปเพรียวยาวสำหรับถือกรีดกราย เรียกว่า พร้ากราย หรือ มีดกราย ทางถิ่นปักษ์ใต้เรียกว่า พร้าโอ หรือ มีดโอ, ถ้าปลายเป็นขอมีด้ามยาวสำหรับใช้เกี่ยวตัด เรียกว่า พร้าขอ หรือ มีดขอ, ถ้าปลายงุ้ม สันหนา และด้ามสั้น เรียกว่า พร้าโต้, มีดโต้ หรือ อีโต้ ก็เรียก, ถ้าเป็นรูปเพรียวยาวด้ามงอ ๆ สำหรับหวดหญ้า เรียกว่า พร้าหวด หรือ มีดหวด, ถ้าปลายแบนโตมีคม สำหรับขุดดินได้ เรียกว่า พร้าเสียม, ถ้าปลายตัดมีรูปโค้งนิด ๆ เรียกว่า พร้าถาง."
พราก 0,ก.,"ทำให้จากไป, พาไปเสียจาก, ทำให้แยกออกจากกัน, (มักใช้เกี่ยวกับความสัมพันธ์อย่างใกล้ชิดของคนหรือของสัตว์บางชนิด) เช่น พรากลูกออกจากอกแม่ พรากลูกนกลูกกา"
พราก 1,ก.,แยกออกไป เช่น สองคนนี้ไม่เคยพรากจากกัน.
พราก 2,ว.,อาการที่น้ำตาไหลออกมาก ๆ เช่น น้ำตาไหลพราก.
พราก ๆ 0,ว.,อาการที่น้ำตาไหลออกมาก ๆ เช่น น้ำตาไหลพราก.
พรากเด็ก 0,น.,เป็นฐานความผิดอาญา ที่ผู้กระทำพาเอาเด็กอายุไม่เกิน ๑๕ ปีไปเสียจากบิดามารดา ผู้ปกครอง หรือผู้ดูแล โดยปราศจากเหตุอันสมควร.
พรากผู้เยาว์ 0,น.,เป็นฐานความผิดอาญา ที่ผู้กระทำพาเอาผู้เยาว์ที่มีอายุเกิน ๑๕ ปี แต่ยังไม่เกิน ๑๘ ปีไปเสียจากบิดามารดา ผู้ปกครอง หรือผู้ดูแล โดยผู้เยาว์นั้นไม่เต็มใจไปด้วย.
พรากลูกนกฉกลูกกา 0,ก.,ทำให้ลูกพลัดพรากจากพ่อแม่.
พรากลูกนกลูกกา 0,ก.,ทำให้ลูกพลัดพรากจากพ่อแม่.
พราง 0,ก.,"ทำให้เข้าใจเป็นอื่น, ทำให้เลือน, เช่น พรางตัว พรางไฟ."
พร่าง 0,ว.,แวววาวพร่าไปหมด.
พรางพรอก 0,ก.,"พูดลวง, แสร้งพูด."
พร่างพราว 0,ว.,มีแสงประกายแวววาวระยิบระยับ เช่น แสงพร่างพราว.
พร้างัดปากไม่ออก 0,ว.,"นิ่ง, ไม่ค่อยพูด, พร้าคัดปากไม่ออก ก็ว่า."
พราด 0,ว.,เสียงดังเช่นนั้น
พราด 1,ว.,อาการที่ดิ้นบิดตัวไปมา เช่น เด็กดิ้นพราด ปลาช่อนถูกทุบหัวดิ้นพราด ๆ.
พราด ๆ 0,ว.,เสียงดังเช่นนั้น
พราด ๆ 1,ว.,อาการที่ดิ้นบิดตัวไปมา เช่น เด็กดิ้นพราด ปลาช่อนถูกทุบหัวดิ้นพราด ๆ.
พราน 0,น.,"ผู้หากินในทางล่าสัตว์เป็นต้น, ผู้ชำนาญป่า, เช่น พรานนก พรานป่า."
พราย 0,น.,ผีจำพวกหนึ่ง (มักกล่าวกันว่าเป็นผีผู้หญิงที่ตายทั้งกลม)
พราย 1,น.,ต่อมนํ้าเล็ก ๆ ที่ผุดกระจายขึ้นจากนํ้า.
พราย 2,ว.,"แวววาว, พราว, พร้อย."
พรายกระซิบ 0,น.,ผีพรายที่มากระซิบบอกให้ผู้ที่เลี้ยงตนรู้เหตุการณ์ต่าง ๆ ได้แม้เกิดในที่ห่างไกล.
พรายตานี 0,น.,ผีผู้หญิงที่สิงอยู่ในต้นกล้วยตานีที่กำลังตั้งท้อง.
พรายทะเล 0,น.,แสงสว่างที่เป็นแสงเรือง ๆ อยู่ที่เสากระโดงเรือ.
พรายน้ำ 0,น.,แสงเรืองในที่มืด ปรากฏที่ตัวเลขหน้าปัดนาฬิกาหรือที่สวิตช์ไฟฟ้าบางชนิด เกิดขึ้นได้เพราะสิ่งเหล่านั้นฉาบหรือผสมด้วยสารเคมีที่มีสมบัติเปล่งแสงเรืองออกมาได้หลังจากที่ถูกแสงสว่างอยู่ชั่วระยะเวลาหนึ่ง สารเคมีประเภทนี้ เช่น แคลเซียมซัลไฟด์ (CaS) แบเรียมซัลไฟด์ (BaS) ที่มีโลหะบางชนิดเจือปน.
พรายแพรว 0,ว.,"เลื่อม, แวววาว, วับ ๆ วาบ ๆ, พราย ๆ, พราว, เช่น แสงเพชรมีประกายพรายแพรว, แพรวพราย แพรวพราว หรือ พราวแพรว ก็ว่า."
พรายย้ำ 0,น.,รอยดำ ๆ คล้ายถูกอะไรกัดเป็นรอยชํ้า ปรากฏตามร่างกายเป็นแห่ง ๆ แต่ไม่มีอาการเจ็บปวดอย่างไร โบราณถือว่าถูกผีพรายกัดยํ้าเอา แต่ไม่ถึงกับเข้าเป็นแผล.
พราว 0,ว.,"พราย, แวววาว, เช่น แต่งเครื่องเพชรพราว"
พราว 1,ว.,โดยปริยายหมายความว่า มากมาย เช่น มีเล่ห์เหลี่ยมพราวไปหมด.
พราวตา 0,ว.,อาการที่ทำให้เห็นพร่าไปหมด.
พราวแพรว 0,ว.,"เลื่อม, แวววาว, วับ ๆ วาบ ๆ, พราย ๆ, พราว, เช่น แสงเพชรมีประกายพราวแพรว, แพรวพราว แพรวพราย หรือ พรายแพรว ก็ว่า."
พราหมณ- 0,น.,"คนในวรรณะที่ ๑ แห่งสังคมฮินดู ซึ่งมี ๔ วรรณะ ได้แก่ พราหมณ์ กษัตริย์ แพศย์ และศูทร, ผู้ที่ถือเพศไว้ผม นุ่งขาวห่มขาว เช่น พราหมณ์ปุโรหิต พราหมณ์พฤฒิบาศ."
พราหมณ์ 0,น.,"คนในวรรณะที่ ๑ แห่งสังคมฮินดู ซึ่งมี ๔ วรรณะ ได้แก่ พราหมณ์ กษัตริย์ แพศย์ และศูทร, ผู้ที่ถือเพศไว้ผม นุ่งขาวห่มขาว เช่น พราหมณ์ปุโรหิต พราหมณ์พฤฒิบาศ."
พราหมณ์ 1,น.,คำนำหน้าชื่อเพลงไทย เช่น พราหมณ์เข้าโบสถ์ พราหมณ์เก็บหัวแหวน พราหมณ์ดีดน้ำเต้า พราหมณ์เข้า พราหมณ์ออก.
พราหมณ์ 2,น.,ชื่อปลาชนิดหนึ่ง เรียกว่า ปลาพราหมณ์.
พราหมณ์ขายเมีย 0,น.,ชื่อมะม่วงพันธุ์หนึ่งของชนิด Mangifera indica L.
พราหมณะ 0,น.,ชื่อคัมภีร์ศาสนาประเภทหนึ่งในยุคพระเวทของอินเดียโบราณ มีหลายคัมภีร์ด้วยกัน ส่วนใหญ่แต่งร้อยแก้ว ว่าด้วยการประกอบพิธีกรรม มีเรื่องราวของเทพต่าง ๆ ประกอบ.
พราหมณัศบดี 0,น.,ชื่อหนึ่งของพระเพลิง.
พราหมณัศบดี 1,น.,"คนในวรรณะที่ ๑ แห่งสังคมฮินดู ซึ่งมี ๔ วรรณะ ได้แก่ พราหมณ์ กษัตริย์ แพศย์ และศูทร, ผู้ที่ถือเพศไว้ผม นุ่งขาวห่มขาว เช่น พราหมณ์ปุโรหิต พราหมณ์พฤฒิบาศ."
พราหมณี 0,น.,นางพราหมณ์.
พราหมี 0,น.,ชื่อหนึ่งของพระสรัสวดี
พราหมี 1,น.,"ชื่อหนึ่งของดาวฤกษ์โรหิณี มี ๗ ดวง, ดาวคางหมู หรือ ดาวปลาตะเพียน ก็เรียก."
พรำ 0,ก.,ตกน้อย ๆ เรื่อยไป (ใช้แก่ฝน) ในคำว่า ฝนพรำ.
พรำ 1,ว.,อาการที่ฝนตกน้อย ๆ เรื่อยไป ใช้ว่า ฝนตกพรำ ฝนตกพรำ ๆ.
พร่ำ 0,ว.,"รํ่าไป, ซํ้า ๆ ซาก ๆ, บ่อย ๆ, เช่น พร่ำบ่น พร่ำเพ้อรำพัน พร่ำสาธยายมนตร์."
พร้ำ 0,ว.,พร้อม.
พรำ ๆ 0,ก.,ตกน้อย ๆ เรื่อยไป (ใช้แก่ฝน) ในคำว่า ฝนพรำ.
พรำ ๆ 1,ว.,อาการที่ฝนตกน้อย ๆ เรื่อยไป ใช้ว่า ฝนตกพรำ ฝนตกพรำ ๆ.
พร่ำพลอด 0,ก.,พูดออดอ้อนออเซาะ.
พร่ำเพรื่อ 0,ว.,"เกินขอบเขต, บ่อย ๆ ไม่เป็นกิจจะลักษณะ, เช่น พูดพร่ำเพรื่อ, เพรื่อ ก็ว่า."
พร่ำเพ้อ 0,ก.,รำพัน.
พริก 0,น.,"ชื่อไม้ล้มลุกในสกุล Capsicum วงศ์ Solanaceae ผลมีรสเผ็ด มีหลายชนิด เช่น พริกขี้หนู ( C. frutescensL.), พริกหยวก พริกชี้ฟ้า ( C. annuum L.)."
พริก 1,น.,ชื่อนกขนาดเล็กชนิด Metopidius indicus (Latham) ในวงศ์ Jacanidae ปากสีเหลือง หางตาสีขาว ตัวสีนํ้าตาลเป็นมันวาว นิ้วตีนยาวมากสำหรับพาดเดินบนพืชนํ้า บินไม่ค่อยเก่ง ทำรังบนพืชน้ำ กินพืชนํ้า แมลง และสัตว์น้ำขนาดเล็ก.
พริก 2,น.,ชื่องูพิษขนาดเล็กถึงขนาดกลาง ในสกุล Maticora วงศ์ Elapidae ลำตัวเรียวยาว ตากลมเล็กสีดำ มีเส้นสีขาวพาดตามความยาวลำตัว มักพบซ่อนตัวอยู่ใต้ก้อนหินหรือขอนไม้ กินงู กิ้งก่า กบ เขียด ในประเทศไทยพบ ๒ ชนิด คือ พริกท้องแดง [ M. bivirgata (Boie)] ตัวสีน้ำเงินเข้ม หัว ท้อง และหางสีแดงสด ยาวประมาณ ๑.๔ เมตร และพริกสีนํ้าตาล [ M. intestinalis (Laurenti)] ตัวสีน้ำตาล หัวสีน้ำตาลส้ม ท้องมีลายเป็นปล้องสีดำสลับขาว ใต้หางมีสีแดงเรื่อ ๆ ยาวประมาณ ๕๐ เซนติเมตร ทั้ง ๒ ชนิดพบทางภาคใต้ของประเทศไทย.
พริกกระต่าย 0,น.,"ชื่อไม้ล้มลุกชนิด Adenosma indiana (Lour.) Merr. ในวงศ์ Scrophulariaceae ขึ้นตามป่าเต็งรัง ต้นสูงประมาณ ๓๐ เซนติเมตร ใบเดี่ยวออกตรงข้ามกัน ขอบใบจักถี่ ใบมีกลิ่นคล้ายกลิ่นใบกะเพรา โหระพา แต่อ่อนกว่า ดอกเล็กสีม่วง ออกเป็นช่อเรียวยาวตามง่ามใบและที่ปลายยอด, กระต่ายจาม ข้าวคำ หรือ พริกกระต่าย ก็เรียก."
พริกกะเกลือ 0,น.,"กับข้าวชนิดหนึ่งเอามะพร้าวตำจนมีนํ้ามันออกมา ใส่เกลือกับนํ้าตาล มีรสหวานเค็ม, เครื่องจิ้มผลไม้เปรี้ยวเป็นต้น ทำด้วยพริก เกลือ และน้ำตาล."
พริกแกว 0,น.,"ชื่อพริกชนิด Capsicum frutescens L. ในวงศ์ Solanaceae เม็ดเล็ก, พริกแกว ก็เรียก."
พริกขิง 0,น.,"ชื่อผัดชนิดหนึ่ง ใช้เครื่องปรุงคล้ายแกงเผ็ด แต่ไม่ใส่เครื่องเทศ ผัดกับนํ้ามัน, เครื่องปรุงแกงเผ็ด เรียกว่า เครื่องพริกขิง."
พริกดอง 0,น.,"พริกหั่นหรือตำละเอียดแช่ในนํ้าส้มใช้เป็นเครื่องปรุงรสอาหาร, พริกนํ้าส้ม ก็เรียก."
พริกเทศ 0,น.,พริกแห้งเม็ดยาวมาจากต่างประเทศ.
พริกไทย 0,น.,"ชื่อไม้เลื้อยชนิด Piper nigrum L. ในวงศ์ Piperaceae ผลมีรสเผ็ดร้อน ใช้ปรุงอาหาร และทำยา, ถ้ามีเปลือกหุ้มอยู่เรียกว่า พริกไทยดำ, ถ้าเอาเปลือกออก เรียกว่า พริกไทยล่อน หรือ พริกไทยขาว."
พริกน้ำส้ม 0,น.,พริกดอง.
พริกหอม 0,น.,"ชื่อไม้ต้นขนาดกลางถึงขนาดใหญ่ชนิด Zanthoxylum limonella (Dennst.) Alston ในวงศ์ Rutaceae ต้นและกิ่งก้านเป็นหนาม ใบเป็นใบประกอบ มีใบย่อย ๕-๘ คู่ ผลเล็ก มีกลิ่นฉุนจัด ใช้ผลแห้งเป็นเครื่องเทศหรือตำผสมเป็นเครื่องแกง, กำจัด พริกหอม มะข่วง ลูกระมาศ หมากข่วง หรือ หมากมาศ ก็เรียก."
พริกเหลือง 0,น.,"ชื่อพริกพันธุ์หนึ่งของชนิด Capsicum annuum L. ผลคล้ายเดือยไก่ แก่แล้วสีเหลือง, พริกเหลือง ก็เรียก."
พริ้ง 0,ว.,"งามงอน, สะสวยมาก, ชอบแต่งตัวให้งดงามและทันสมัยอยู่เสมอ, เช่น สวยพริ้ง แต่งตัวงามพริ้ง."
พริ้งพราย 0,ว.,งามลออ.
พริ้งเพรา 0,ว.,"สวยงาม, เพราพริ้ง หรือ เพราเพริศ ก็ว่า."
พริ้งเพริศ 0,ว.,"งามเฉิดฉาย, เพริศพริ้ง ก็ว่า."
พริบ 0,ก.,กะพริบ ในคำว่า พริบตา.
พริบ 1,ว.,"ฉับพลัน, ทันทีทันใด, ในความว่า ชั่วพริบตาเดียว ในพริบตาเดียว."
พริบตาเดียว 0,ว.,"เร็วมาก, ทันที."
พริบไหว 0,น.,"ความรู้เท่าในกิจการ, ความรู้ทันท่วงที, โดยมากมักใช้ว่า ไหวพริบ."
พริ้ม 0,ว.,"งามอย่างยิ้มแย้ม, มีหน้าตาอิ่มเอิบและดูยิ้มละไมอยู่ในหน้า, เช่น พระพุทธรูปมีพระพักตร์พริ้ม นอนหลับตาพริ้ม."
พริ้มพราย 0,ว.,ยิ้มแย้มดูงาม.
พริ้มเพรา 0,ว.,งามแฉล้ม.
พรึง 0,น.,ไม้กระดานหน้าใหญ่ตั้งอยู่บนหัวรอด รัดรอบเสาทั้ง ๔ ด้าน.
พรึ่ด 0,ว.,"ครืด, ดาษไป, เช่น แดงพรึ่ด, พรืด ก็ว่า."
พรึน 0,ว.,เป็นผื่น.
พรึบ 0,ว.,กิริยาที่ทำพร้อม ๆ กันในทันทีทันใด เช่น ทหารเดินแถวตบเท้าพรึบ ดอกไม้บานพร้อมกันพรึ่บ.
พรึ่บ 0,ว.,กิริยาที่ทำพร้อม ๆ กันในทันทีทันใด เช่น ทหารเดินแถวตบเท้าพรึบ ดอกไม้บานพร้อมกันพรึ่บ.
พรืด 0,ว.,"ครืด, ดาษไป, เช่น ดอกไม้เต็มพรืด, พรึ่ด ก็ว่า."
พรืด 1,ว.,เสียงดังเช่นนั้น เช่น เบรกรถดังพรืด.
พรุ 0,น.,"ที่ลุ่มสนุ่น, บริเวณที่ลุ่มชื้นแฉะ มีสนุ่น คือ ซากผุพังของพืชพรรณทับถมอยู่มาก."
พรุก 0,น.,"วันพรุ่งนี้, รุ่งขึ้น."
พรุ่ง 0,น.,วันถัดจากวันนี้ไปวันหนึ่ง.
พรุ่งนี้ 0,น.,วันถัดจากวันนี้ไปวันหนึ่ง.
พรุน 0,ว.,ลักษณะที่เป็นรูเว้าหวำชอนไชไปทั่วแทบไม่มีชิ้นดี เช่น ผ้าถูกแมลงกัดกินพรุนไปหมด.
พรู 0,ว.,เคลื่อนมาพร้อม ๆ กันเป็นจำนวนมาก เช่น พอเลิกเรียนนักเรียนก็พรูกันออกมานอกห้อง.
พรู 1,ว.,"อาการที่เคลื่อนมาพร้อม ๆ กันเป็นจำนวนมาก เช่น วิ่งพรูกันเข้ามา, อาการที่ร่วงลงมาพร้อมกันมาก ๆ เช่น ดอกประดู่ร่วงพรู น้ำตาร่วงพรู."
พรูด 0,ว.,เสียงดังเช่นนั้น.
พรูดพราด 0,ว.,เสียงดังเช่นนั้น.
พฤกษ- 0,น.,ต้นไม้.
พฤกษ์ 0,น.,ต้นไม้.
พฤกษ์ 1,น.,"ชื่อไม้ต้นชนิด Albizia lebbeck (L.) Benth. ในวงศ์ Leguminosae ดอก (เกสร) อ่อนมีสีเขียวและขาว เมื่อดอก (เกสร) แก่เปลี่ยนเป็นสีเหลือง ใกล้โรยเปลี่ยนเป็นสีเหลืองอมแสด ฝักแบนยาวกว้าง ฝักอ่อนสีเขียว เมื่อแก่สีนํ้าตาลอ่อน ไม่มีรส, พฤกษ์ ซึก หรือ ซิก ก็เรียก, มักเรียกต้นก้ามปูหรือต้นจามจุรีแดง [ Samanea saman (Jacq.) Merr.] ซึ่งเป็นไม้ต่างชนิดกันว่า ต้นจามจุรี."
พฤกษชาติ 0,น.,"ต้นไม้, จำพวกต้นไม้."
พฤกษทล 0,น.,ใบไม้.
พฤกษเทวดา 0,น.,เทวดาที่สิงอยู่ที่ต้นไม้.
พฤกษราช 0,น.,ต้นปาริชาต.
พฤกษศาสตร์ 0,น.,วิชาว่าด้วยต้นไม้.
พฤกษา 0,น.,ต้นไม้.
พฤฒ 0,ว.,"เจริญ, แข็งแรง, ใหญ่"
พฤฒ 1,ว.,"แก่, เฒ่า, พฤทธ์ ก็ว่า."
พฤฒา 0,ว.,"เจริญ, แข็งแรง, ใหญ่"
พฤฒา 1,ว.,"แก่, เฒ่า, พฤทธ์ ก็ว่า."
พฤฒาจารย์ 0,น.,"อาจารย์ผู้เฒ่า, พราหมณ์ผู้เฒ่า."
พฤฒิ 0,น.,"ความเจริญ, ความมั่งคั่ง, ความสมบูรณ์, ความอวบ, พฤทธิ์ ก็ว่า."
พฤฒิ- 0,น.,"ความเจริญ, ความมั่งคั่ง, ความสมบูรณ์, ความอวบ, พฤทธิ์ ก็ว่า."
พฤฒิบาศ 0,น.,ชื่อพราหมณ์พวกหนึ่ง มีหน้าที่ทำพิธีเกี่ยวกับช้างและปัดเสนียดจัญไร.
พฤต 0,น.,คำฉันท์.
พฤต 1,ก.,"หมุน, เวียน"
พฤต 2,ก.,เกิดขึ้น.
พฤต 3,ว.,กลม.
พฤติ 0,น.,"ความประพฤติ, กิจการ, ความเป็นไป"
พฤติ 1,น.,"ลักษณะความเป็นอยู่, อาชีวะ"
พฤติ 2,น.,คำฉันท์.
พฤติ- 0,น.,"ความประพฤติ, กิจการ, ความเป็นไป"
พฤติ- 1,น.,"ลักษณะความเป็นอยู่, อาชีวะ"
พฤติ- 2,น.,คำฉันท์.
พฤติกรรม 0,น.,การกระทำหรืออาการที่แสดงออกทางกล้ามเนื้อ ความคิด และความรู้สึก เพื่อตอบสนองสิ่งเร้า.
พฤติการณ์ 0,น.,"เหตุการณ์ที่เป็นมาหรือที่จะเป็นไป, ความเป็นไปในเวลากระทำการ เช่น พฤติการณ์ของเขาแสดงว่ามีเมตตากรุณา พฤติการณ์ของเขาแสดงถึงความทารุณโหดร้าย."
พฤตินัย 0,น.,"ความหมายตามข้อเท็จจริง (ล. de facto), ต่างกับ นิตินัย คือ ความหมายตามกฎหมาย (ล. de jure)."
พฤทธ์ 0,น.,ผู้ใหญ่.
พฤทธ์ 1,ว.,"เจริญ, แข็งแรง, ใหญ่"
พฤทธ์ 2,ว.,"แก่, เฒ่า, (ตรงข้ามกับ ยุว)"
พฤทธ์ 3,ว.,"ฉลาด, ชำนาญ"
พฤทธ์ 4,ว.,"เจนจบ, พฤฒ ก็ใช้."
พฤทธิ์ 0,น.,"ความเจริญ, ความมั่งคั่ง, ความสมบูรณ์, ความอวบ, พฤฒิ ก็ใช้"
พฤทธิ์ 1,น.,ในไวยากรณ์หมายถึงเสียงยาวที่สุดของสระต่าง ๆ คือ ในบาลีและสันสกฤตได้แก่ อา เป็นพฤทธิ์ของ อะ เป็นต้น.
พฤทธิ์ 2,ก.,กระทำสระให้ยาวเช่นนั้น.
พฤนต์ 0,น.,"ก้าน, ขั้ว."
พฤนท์ 0,น.,"กอง, หมู่, จำนวนมาก. (ส. วฤนฺท)"
พฤนท์ 1,น.,สังขยาจำนวนสูงเท่ากับโกฏิยกกำลัง ๗ หรือ ๑ มีศูนย์ ๔๙ ตัว.
พฤภูษณะ 0,น.,วิภูษณะ.
พฤภูษิต 0,ก.,วิภูษิต.
พฤศจิก 0,น.,แมงป่อง
พฤศจิก 1,น.,"ชื่อกลุ่มดาวรูปแมงป่อง เรียกว่า ราศีพฤศจิก เป็นราศีที่ ๗ ในจักรราศี, ราศีพิจิก ก็ว่า."
พฤศจิกายน 0,น.,ชื่อเดือนที่ ๑๑ ตามสุริยคติ ซึ่งเริ่มด้วยเดือนมกราคม มี ๓๐ วัน
พฤศจิกายน 1,น.,ชื่อเดือนที่ ๘ ตามสุริยคติ ซึ่งเริ่มด้วยเดือนเมษายน.
พฤษภ 0,น.,วัว
พฤษภ 1,น.,ชื่อกลุ่มดาวรูปวัวเรียกว่า ราศีพฤษภ เป็นราศีที่ ๑ ในจักรราศี.
พฤษภาคม 0,น.,ชื่อเดือนที่ ๕ ตามสุริยคติ ซึ่งเริ่มด้วยเดือนมกราคม มี ๓๑ วัน
พฤษภาคม 1,น.,ชื่อเดือนที่ ๒ ตามสุริยคติ ซึ่งเริ่มด้วยเดือนเมษายน.
พฤหัสบดี 0,น.,เทพที่เป็นครูของเทวดาทั้งหลาย
พฤหัสบดี 1,น.,"ชื่อดาวเคราะห์ดวงที่ ๕ และเป็นดวงที่ใหญ่ที่สุดในระบบสุริยะ อยู่ห่างดวงอาทิตย์ประมาณ ๗๗๘ ล้านกิโลเมตร มีเส้นผ่าศูนย์กลางในแนวที่ผ่านเส้นศูนย์สูตร ๑๔๒,๘๐๐ กิโลเมตร"
พฤหัสบดี 2,น.,ชื่อวันที่ ๕ ของสัปดาห์.
พฤหัสบดีจักร 0,น.,"ระยะเวลา ๖๐ ปี คือ เวลาที่ดาวพฤหัสบดีเดินรอบดวงอาทิตย์ ๕ รอบ, มหาจักร ก็ว่า."
พฤหัสปติวาร 0,น.,"วันพฤหัสบดี, คุรุวาร หรือ ชีววาร ก็ว่า."
พล 0,น.,"กำลัง, มักใช้ประกอบคำอื่น เช่น พระทศพล อันเป็นพระนามพระพุทธเจ้า หมายความว่า ทรงมีพระญาณอันเป็นกำลัง ๑๐ ประการ มี ฐานาฐานญาณ คือ ปรีชาหยั่งรู้ฐานะและสิ่งที่มิใช่ฐานะเป็นต้น"
พล 1,น.,ทหาร เช่น กองพล ตรวจพล ยกพลขึ้นบก
พล 2,น.,"สามัญ, ธรรมดา ๆ, พื้น ๆ, เช่น ของพล ๆ"
พล 3,น.,ยศทหารและตำรวจสัญญาบัตร รองจากจอมพล (เดิมใช้ว่า นายพล).
พล- 0,น.,"กำลัง, มักใช้ประกอบคำอื่น เช่น พระทศพล อันเป็นพระนามพระพุทธเจ้า หมายความว่า ทรงมีพระญาณอันเป็นกำลัง ๑๐ ประการ มี ฐานาฐานญาณ คือ ปรีชาหยั่งรู้ฐานะและสิ่งที่มิใช่ฐานะเป็นต้น"
พล- 1,น.,ทหาร เช่น กองพล ตรวจพล ยกพลขึ้นบก
พล- 2,น.,"สามัญ, ธรรมดา ๆ, พื้น ๆ, เช่น ของพล ๆ"
พล- 3,น.,ยศทหารและตำรวจสัญญาบัตร รองจากจอมพล (เดิมใช้ว่า นายพล).
พลกาย 0,น.,กองทัพ.
พลการ 0,น.,"การกระทำโดยใช้กำลังหรืออำนาจเป็นต้น อย่างไม่ยอมฟังเสียงใคร, อำเภอใจ, เช่น ทำโดยพลการ."
พลขันธ์ 0,น.,กองทัพ.
พลขับ 0,น.,ทหารที่ทำหน้าที่ขับยานพาหนะ.
พลความ 0,น.,"ข้อความที่ไม่ใช่ส่วนสำคัญของเรื่อง, ตรงข้ามกับ ใจความ."
พลตระเวน 0,น.,พลตำรวจพระนครบาลผู้ตรวจตราเหตุการณ์.
พลเทพ 0,น.,ชื่อตำแหน่งจตุสดมภ์ตำแหน่งหนึ่ง คือ เสนาบดีฝ่ายเกษตร.
พลบ 0,น.,"เวลายํ่าคํ่า, เวลาโพล้เพล้, เวลาเข้าไต้เข้าไฟ, เช่น ตะวันชิงพลบ, พลบค่ำ ก็ว่า, ในบทกลอนแผลงเป็น พระลบ ก็มี."
พลบค่ำ 0,น.,"เวลาย่ำค่ำ, เวลาโพล้เพล้, เวลาเข้าไต้เข้าไฟ, พลบ ก็ว่า."
พลเมือง 0,น.,"ประชาชน, ราษฎร, ชาวประเทศ."
พลรบ 0,น.,ทหารที่ทำหน้าที่ฝ่ายรบ.
พลร่ม 0,น.,หน่วยทหารหรือตำรวจที่ได้รับการฝึกให้กระโดดร่มชูชีพจากเครื่องบินหรือเฮลิคอปเตอร์.
พลเรือน 0,น.,ผู้ซึ่งไม่ใช่ทหาร.
พลเรือน 1,ว.,ที่ไม่ใช่ทหาร เช่น ข้าราชการพลเรือน.
พลโลก 0,น.,"ชาวโลก, พลเมืองของโลก."
พลว- 0,ว.,"มีกำลัง, แข็งแรง, มักใช้เป็นส่วนหน้าสมาส เช่น พลวเหตุ คือ เหตุแข็งแรง เหตุที่มีกำลังกล้า."
พลวก 0,ก.,"อาการที่ข้าวทะลักออกมาจากหม้อพร้อมกับน้ำข้าวในเวลาเช็ดหม้อข้าว เรียกว่า ข้าวพลวกจากหม้อ, อาการที่ดินยุบลงเพราะไม่แน่น เช่น ดินพลวกลง."
พลวง 0,น.,ธาตุลำดับที่ ๕๑ สัญลักษณ์ Sb เป็นโลหะ ลักษณะเป็นของแข็งสีขาวคล้ายโลหะเงิน เปราะ หลอมละลายที่ ๖๓๐.๕ °ซ. มีสมบัติพิเศษ คือ ขยายตัวเมื่อแข็งตัว ใช้ประโยชน์นำไปผสมกับโลหะอื่นให้เป็นโลหะเจือ.
พลวง 1,น.,"ชื่อไม้ต้นชนิด Dipterocarpus tuberculatus Roxb. ในวงศ์ Dipterocarpaceae ใบใหญ่ ใช้ห่อยาสูบและมุงหลังคา, คลุ้ง ตองตึง หรือ ตึง ก็เรียก."
พลวง 2,น.,"ชื่อปลานํ้าจืดชนิด Neolissochilus stracheyi ในวงศ์ Cyprinidae ปากเล็ก ลำตัวยาว เกล็ดใหญ่ รูปร่างคล้ายทรงกระบอก ลำตัวสีเงิน ด้านหลังสีเขียวเข้ม อาศัยอยู่ในแหล่งนํ้าสะอาดใกล้ต้นนํ้า เป็นปลาขนาดใหญ่ ยาวได้ถึง ๑ เมตร, พลวง หรือ โพ ก็เรียก."
พลวัต 0,ว.,"ซึ่งเกี่ยวข้องกับแรง, ซึ่งเกี่ยวข้องกับผลของแรงเช่นการเคลื่อนที่."
พลศาสตร์ 0,น.,วิชากลศาสตร์แขนงหนึ่ง ซึ่งว่าด้วยการเคลื่อนที่ของเทหวัตถุที่เป็นของแข็ง แบ่งเป็นสาขาย่อย ๆ คือ จลนพลศาสตร์ และ จลนศาสตร์.
พลศึกษา 0,น.,การศึกษาที่จะนำไปสู่ความเจริญงอกงามและพัฒนาการทางร่างกาย.
พลสิงห์ 0,น.,พนักบันไดอิฐ.
พลอ 0,ก.,ฝานเอาเปลือกแข็งออก.
พล้อ 0,น.,ต้นกะพ้อ.
พล้อ 1,ก.,พ้อ.
พลอง 0,น.,ชื่อไม้ต้นขนาดเล็กหลายชนิด ในสกุล Memecylon วงศ์ Melastomataceae เนื้อละเอียดและแข็ง เช่น พลอง ( M. garcinioides Blume) พลองขี้นก ( M. floribundum Blume) พลองเหมือด ( M. eduleRoxb .).
พลอง 1,น.,เรียกไม้ใช้เป็นอาวุธยาวประมาณ ๔ ศอก ว่า ไม้พลอง.
พลองแก้มอ้น 0,น.,"ชื่อไม้ต้นชนิด Pternandra caerulescens Jack ในวงศ์ Melastomataceae ใบมีเส้นตามยาว ๓ เส้น ดอกสีม่วงแกมน้ำเงิน, พลองแก้มอ้น ก็เรียก."
พลอด 0,ก.,พูดเรื่อยอย่างอ่อนหวานน่าฟัง.
พลอดรัก 0,ก.,พูดจาอ่อนหวานต่อกันในเรื่องรัก ๆ ใคร่ ๆ.
พลอน 0,ก.,"ปอกให้มีเปลือกติดอยู่บ้าง เช่น พลอนมะพร้าว, เรียกมะพร้าวที่ปอกแล้วเช่นนั้น ว่า มะพร้าวพลอน, ปล้อน."
พลอน 1,ว.,"ชอนไป, พรุน, ย่อยยับ."
พลอมแพลม 0,ว.,"วาบแวบ, ผลุบโผล่, ประปราย, ไม่สมํ่าเสมอ, เช่น หญ้าขึ้นพลอมแพลม."
พล่อย 0,ว.,อาการที่พูดง่าย ๆ โดยไม่ตริตรอง.
พลอย 0,น.,"หินที่มีเนื้อใสสีต่าง ๆ ใช้ทำเป็นเครื่องประดับมีหัวแหวนเป็นต้น, เรียกสิ่งที่ทำเทียมพลอย ว่า พลอยหุง."
พลอย 1,ว.,"ร่วมด้วย, ประสมด้วย, ตามไปด้วย, ในลักษณะเช่นเห็นเขาเดินขบวนกันแล้วเดินตามเขาไป เห็นคนอื่นเขาทำกันแล้วก็ร่วมกับเขาด้วย."
พลอยฟ้าพลอยฝน 0,ว.,ไม่ได้เกี่ยวข้องแต่ก็ร่วมรับเคราะห์ไปกับเขาด้วย.
พลอยสามสี 0,น.,"พลอยชนิดหนึ่ง เมื่อโดนแสงอาทิตย์จะมีสีเขียวมรกต เมื่อโดนแสงอื่น ๆ ที่ไม่ใช่แสงอาทิตย์เช่นแสงจากหลอดไฟ จะมีสีแดงแล้วเปลี่ยนเป็นสีม่วง, เจ้าสามสี ก็เรียก."
พละ 0,น.,"กำลัง, มักใช้เข้าคู่กันเป็น พละกำลัง."
พละพลา 0,น.,พลับพลา.
พลั่ก 0,ว.,อาการที่ไหลทะลักออกมาด้วยกำลังดัน เช่น เลือดออกพลั่ก
พลั่ก 1,ว.,เสียงดังเช่นนั้น.
พลัง 0,ว.,"กำลัง, มักใช้พูดเข้าคู่กันว่า กำลังพลัง."
พลั่ง 0,ว.,อาการที่หลั่งไหลออกมาไม่ขาดสายด้วยกำลังดัน เช่น น้ำเดือดพลั่ง ๆ น้ำไหลพลั่ง ๆ.
พลั้ง 0,ก.,"พลาดโดยไม่ตั้งใจหรือไม่ทันคิด, มักใช้เข้าคู่กับคำ พลาด เป็น พลั้งพลาด หรือ พลาดพลั้ง."
พลั่ง ๆ 0,ว.,อาการที่หลั่งไหลออกมาไม่ขาดสายด้วยกำลังดัน เช่น น้ำเดือดพลั่ง ๆ น้ำไหลพลั่ง ๆ.
พลังงาน 0,น.,ความสามารถซึ่งมีอยู่ในตัวของสิ่งที่อาจให้แรงงานได้.
พลังงานจลน์ 0,น.,พลังงานที่มีในเทหวัตถุ เนื่องจากการเคลื่อนที่ของเทหวัตถุนั้น.
พลังงานศักย์ 0,น.,พลังงานที่มีในเทหวัตถุ เนื่องจากตำแหน่งที่อยู่ของเทหวัตถุนั้น.
พลังเงียบ 0,น.,เสียงส่วนใหญ่ที่ไม่แสดงออก.
พลังจิต 0,น.,"ความเข้มแข็งของจิตใจ, อำนาจจิต."
พลั้งปาก 0,ก.,พูดไปโดยไม่ทันคิด.
พลั้งปากเสียศีล พลั้งตีนตกต้นไม้ 0,ก.,พูดหรือทำอะไรโดยไม่ระมัดระวังย่อมเกิดความเสียหาย.
พลั้งเผลอ 0,ว.,ผิดพลาดเพราะหลงลืมไปชั่วขณะ.
พลั้งพลาด 0,ก.,"ผิดพลาดไปโดยไม่ตั้งใจหรือไม่ทันคิด, พลาดพลั้ง ก็ว่า."
พลัด 0,ก.,พลาด หลุด หรือหล่นไปจากที่ใดที่หนึ่งโดยไม่ได้ตั้งใจ เช่น ของพลัดจากมือ เด็กพลัดจากต้นไม้
พลัด 1,ก.,"แยกจากไปโดยไม่ตั้งใจ เช่น มาด้วยกัน แต่คนแน่นมาก เลยพลัดกันไป, แยกจากไป โดยไม่รู้ว่าไปอยู่ที่ใด เช่น พลัดพ่อ พลัดแม่ พลัดลูก พลัดเมีย, จากที่ที่เคยอยู่ เช่น พลัดถิ่นฐานบ้านเมือง พลัดบ้าน พลัดเมือง."
พลัดถิ่น 0,ว.,อยู่ไกลจากถิ่นที่อยู่ของตน เช่น เรียกรัฐบาลที่ตั้งศูนย์บัญชาการอยู่นอกประเทศของตน ว่า รัฐบาลพลัดถิ่น.
พลัดที่นาคาที่อยู่ 0,ก.,"พลัดพรากจากถิ่นฐานเดิม, ระหกระเหิน."
พลัดพราก 0,ก.,แยกออกจากบุคคลหรือสถานที่ที่เคยผูกพัน.
พลัน 0,ว.,ทันที เช่น โดยพลัน เร็วพลัน.
พลับ 0,น.,"ชื่อไม้ต้นชนิด Diospyros malabarica (Desr.) Kostel. var. siamensis (Hochr.) Phengklai ในวงศ์ Ebenaceae คล้ายตะโก ผลกินได้, มะพลับ ก็เรียก."
พลับเขา 0,น.,"ชื่อไม้ต้นชนิด Diospyros undulata Wall. ex G. Don var. cratericalyx (Craib) Bakh. ในวงศ์ Ebenaceae ขึ้นในป่าดิบ มีมากทางภาคใต้ สูงได้ถึง ๒๐ เมตร ไม่ผลัดใบ, จะเพลิง ชะเพลิง คำดีควาย ดูกค่าง ตะโกดำ พลับเขา ไหม้ หม้าย หรือ สะลาง ก็เรียก."
พลับพลา 0,น.,ที่ประทับชั่วครั้งคราวสำหรับรับรองพระเจ้าแผ่นดินและพระบรมราชวงศ์ชั้นสูง.
พลับพลา 1,น.,"ชื่อไม้ต้นชนิด Microcos tomentosaSm. ในวงศ์ Tiliaceae ผลออกเป็นพวงที่ปลายกิ่ง สุกสีดำ กินได้, พลับพลา ก็เรียก."
พลับพลึง 0,น.,ชื่อไม้ล้มลุกชนิด Crinum asiaticum L. ในวงศ์ Amaryllidaceae ใบยาวใหญ่เป็นกาบ หัวมีพิษ ดอกสีขาว กลิ่นหอม.
พลับพลึงธาร 0,น.,ชื่อไม้ล้มลุกชนิด Crinum thaianum J. Schulze วงศ์ Amaryllidaceae ใบเรียวแคบ ดอกสีขาว ขึ้นในลำธาร.
พลั่ว 0,น.,เครื่องมือสำหรับแทงดิน สาดดิน สาดข้าว รูปแบน ๆ มีด้ามสำหรับถือ.
พล่า 0,น.,เครื่องกับข้าวชนิดหนึ่ง คล้ายยำ มักใช้เนื้อดิบ ทำให้สุกด้วยของเปรี้ยวเช่นมะนาว.
พลากร 0,น.,กองทหารเป็นจำนวนมาก.
พลากร 1,น.,อากรที่เรียกเก็บจากจำนวนต้นของไม้ผลยืนต้น ๗ ชนิด คือ ขนุน สะท้อน (กระท้อน) เงาะ ส้มต่าง ๆ มะไฟ ฝรั่ง สาเก และไม้ล้มลุกคือสับปะรด (ลัทธิธรรมเนียม).
พลาง 0,ว.,"ในระยะเวลาเดียวกัน (มักใช้กับกริยาที่ควบคู่กัน) เช่น เขาเดินพลางกินพลาง กองทัพสู้พลางถอยพลาง, ชั่วระหว่างเวลา (ที่ยังไม่พร้อมหรือยังไม่ถึงกำหนดเป็นต้น) เช่น กินไปพลางก่อน ทำไปพลางก่อน อยู่ไปพลางก่อน."
พลาญ 0,น.,ลาน.
พลาด 0,ก.,ไม่ตรงที่หมาย ในลักษณะเช่น เพลี่ยงไป เลี่ยงไป หรือไถลไป เช่น ยิงพลาด เหยียบบันไดพลาด
พลาด 1,ก.,ผิดพลาด เพราะไม่รู้เท่าหรือเชื่อตัวเองเกินไปเป็นต้น เช่น ตอบพลาด.
พลาดท่า 0,ก.,"เสียที, เสียรู้."
พลาดพลั้ง 0,ก.,"ผิดพลาดไปโดยไม่ตั้งใจหรือไม่ทันคิด, พลั้งพลาด ก็ว่า."
พลาดิศัย 0,ว.,มีกำลังยิ่ง.
พลาดิศัย 1,ว.,"กำลัง, มักใช้ประกอบคำอื่น เช่น พระทศพล อันเป็นพระนามพระพุทธเจ้า หมายความว่า ทรงมีพระญาณอันเป็นกำลัง ๑๐ ประการ มี ฐานาฐานญาณ คือ ปรีชาหยั่งรู้ฐานะและสิ่งที่มิใช่ฐานะเป็นต้น"
พลาธิการ 0,น.,หน่วยงานของทหารและตำรวจ มีหน้าที่ควบคุมการจัดที่พัก จัดเครื่องใช้ จัดอาหาร ฯลฯ
พลาธิการ 1,น.,หัวหน้ากรมในกองทัพบกซึ่งมีหน้าที่เกี่ยวกับการนี้.
พลาธิการ 2,น.,ยศทหารและตำรวจสัญญาบัตร รองจากจอมพล (เดิมใช้ว่า นายพล).
พล่าน 0,ว.,อาการเป็นไปในลักษณะป่วน วุ่น สับสน ลนลาน ซ่าน หรืออย่างอื่นที่คล้ายกัน เช่น เดือดพล่าน วิ่งพล่าน เดินพล่าน.
พลานามัย 0,น.,ภาวะของร่างกายที่แข็งแรง และไม่เป็นโรค
พลานามัย 1,น.,วิชาว่าด้วยการรักษาสุขภาพของร่างกายและจิตใจ.
พลานามัย 2,น.,"กำลัง, มักใช้ประกอบคำอื่น เช่น พระทศพล อันเป็นพระนามพระพุทธเจ้า หมายความว่า ทรงมีพระญาณอันเป็นกำลัง ๑๐ ประการ มี ฐานาฐานญาณ คือ ปรีชาหยั่งรู้ฐานะและสิ่งที่มิใช่ฐานะเป็นต้น"
พลานึก 0,น.,"ทหาร, นักรบที่ต้องใช้กำลังกาย."
พลานึก 1,น.,ทหาร เช่น กองพล ตรวจพล ยกพลขึ้นบก
พลาม 0,ว.,อาการที่กินอาหารเช่นกล้วยและเคี้ยวปากกว้าง ๆ
พลาม 1,ว.,แวบวาบ.
พล่าม 0,ว.,"เพ้อเจ้อ, อาการที่พูดมากจนเสียประโยชน์, อาการที่พูดซ้ำ ๆ ซาก ๆ ไม่รู้จักจบจนน่ารำคาญ."
พลาย 0,ว.,เรียกช้างตัวผู้ ว่า ช้างพลาย.
พลายม้า 0,น.,"เรือพายม้า, ใช้ว่า ไพม้า ก็มี."
พลาสติก 0,น.,สารประกอบอินทรีย์ที่สังเคราะห์ขึ้นใช้แทนวัสดุธรรมชาติ บางชนิดเมื่อเย็นก็แข็งตัว เมื่อถูกความร้อนก็อ่อนตัว บางชนิดแข็งตัวถาวร มีหลายชนิด เช่น ไนลอน ยางเทียม ใช้ทำสิ่งต่าง ๆ เช่น เสื้อผ้า ฟิล์ม ภาชนะ ส่วนประกอบเรือหรือรถยนต์.
พลาสมา 0,น.,ส่วนประกอบของเลือดที่แยกเอาเม็ดเลือดออกแล้ว
พลาสมา 1,น.,ภาวะหนึ่งของสสาร ณ ภาวะนี้สสารอยู่ในสภาพแก๊สที่ร้อนจัดอย่างยิ่งยวด และแตกตัวเป็นอนุภาคบวกกับอิเล็กตรอนซึ่งมีจำนวนเท่ากันโดยประมาณ สสารในภาวะนี้เป็นตัวนำไฟฟ้าที่ดียิ่ง.
พลาหก 0,น.,"เมฆ, ฝน."
พลำ 0,ก.,พลาดถลำ.
พล้ำ 0,ก.,พลาดถลำ.
พลำภัง 0,น.,"ชื่อกรมการปกครองในกระทรวงมหาดไทย, เขียนเป็น พลัมภัง หรือ พลำภังค์ ก็มี."
พลิ 0,น.,พลี. (ดู พลี ๑).
พลิก 0,ก.,กลับด้านหนึ่งเป็นอีกด้านหนึ่ง เช่น เรือพลิกท้อง ปลาพลิกท้อง นอนพลิกข้าง พลิกหน้าหนังสือ พลิกถ้อยคำ.
พลิกกระเป๋า 0,ก.,เสียจนหมดตัวเพราะผิดจากที่คาดหมายไว้ (ใช้แก่การพนัน).
พลิกตัว 0,ก.,เปลี่ยนท่านอนจากท่าหนึ่งเป็นอีกท่าหนึ่งเช่นจากนอนหงายเป็นนอนตะแคง.
พลิกแผ่นดิน 0,ก.,เปลี่ยนแปลงครั้งใหญ่ในระบบหรือวิธีการปกครองแผ่นดิน.
พลิกแผ่นดิน 1,ว.,อาการที่ตามหาเท่าไร ๆ ก็ไม่พบ เช่น หาจนพลิกแผ่นดิน.
พลิกแพลง 0,ว.,"ยักเยื้องถ่ายเทเป็นอย่างอื่น ๆ, ที่เปลี่ยนแปลงให้ผิดไปจากแบบปรกติธรรมดา, เช่น พูดพลิกแพลง ทำพลิกแพลง เล่นพลิกแพลง เตะตะกร้อท่าพลิกแพลง."
พลิกแพลง 1,ก.,"กลับกลาย, เปลี่ยนแปลง, เช่น วิธีการพลิกแพลง"
พลิกแพลง 2,ก.,"ดัดแปลง, ยักย้ายถ่ายเท, เช่น ช่างพลิกแพลง."
พลิกศพ 0,ก.,ชันสูตรศพ.
พลิกหน้ามือเป็นหลังมือ 0,ก.,"เปลี่ยนแปลงหรือทำให้ผิดไปจากเดิมอย่างตรงกันข้าม, กลับหน้ามือเป็นหลังมือ ก็ว่า."
พลิพัท 0,น.,โคผู้.
พลิ้ว 0,ก.,"บิด, เบี้ยว, เช่น คมมีดพลิ้ว"
พลิ้ว 1,ก.,สะบัดเป็นคลื่นไปตามลม เช่น ธงพลิ้ว.
พลี 0,น.,"การบวงสรวง, เครื่องบวงสรวง, ส่วย, การบูชา, (ตามแบบมี ๕ คือ ญาติพลี สงเคราะห์ญาติ, อติถิพลี ต้อนรับแขก, เปตพลี ทำบุญอุทิศให้ผู้ตาย, ราชพลี ถวายเป็นหลวง มีเสียภาษีอากรเป็นต้น, เทวตาพลี ทำบุญอุทิศให้เทวดา, และแบ่งเป็น ๒ อย่าง คือ ธรรมพลี อุทิศกุศลให้ และ อามิสพลี ให้สิ่งของ)."
พลี 1,ก.,"เสียสละ เช่น พลีชีพเพื่อชาติ, บวงสรวงเชิญเอามา (ใช้แก่ยาสมุนไพร) เช่น ไปพลียาที่ต้นเทียน คือ ไปบวงสรวงเก็บต้นเทียนหรือส่วนใดส่วนหนึ่งของต้นเทียนมาทำยารักษาโรค."
พลี 2,ว.,มีกำลัง.
พลีกรรม 0,น.,"การบูชา, พิธีบูชา."
พลีมุข 0,น.,ลิง.
พลุ 0,น.,"ดอกไม้เพลิงชนิดหนึ่ง บรรจุดินปืนในกระบอกไม้ไผ่ เมื่อจุดมีเสียงระเบิดดังคล้ายเสียงปืน, โดยอนุโลมเรียกดอกไม้เพลิงอย่างอื่นที่จุดมีเสียงระเบิดดังเช่นนั้น ว่า พลุ."
พลุ 1,ว.,"ฟุ, ฟ่าม, ไม่แน่น."
พลุ่ก 0,ว.,พลุ่งขึ้นมา.
พลุก 0,น.,งาช้าง.
พลุก 1,ว.,พลุ่ง.
พลุกพล่าน 0,ก.,"เกะกะ, ขวักไขว่, เกลื่อนกล่น."
พลุกพล่าน 1,ว.,อาการที่เคลื่อนไหวขวักไขว่ไม่เป็นระเบียบ เช่น เดินพลุกพล่าน วิ่งพลุกพล่าน แล่นพลุกพล่าน.
พลุ่ง 0,ก.,"อาการที่ไอน้ำหรือควันดันตัวพุ่งออกมาโดยแรง เช่น น้ำเดือดไอน้ำพลุ่งขึ้นมา ไฟไหม้ควันพลุ่งขึ้นมา, โดยปริยายหมายถึง อาการที่คล้ายคลึงเช่นนั้น เช่น โทสะพลุ่งขึ้นมา อารมณ์เดือดพลุ่ง."
พลุ่งพล่าน 0,ก.,บันดาลโทสะจนนั่งไม่ติด.
พลุ้น 0,ว.,อ่อน (ใช้แก่มะพร้าวที่กะลายังไม่แข็ง).
พลุ่มพล่าม 0,ว.,"ยุ่มย่าม, ซุ่มซ่าม, ตะกรุมตะกราม."
พลุ่ย 0,ว.,"ง่าย, ลุ่ย, หลวมเข้าไป."
พลุ้ย 0,ว.,"ยุ้ย, ยื่นออกมาอย่างท้องคนอ้วน, เช่น ท้องพลุ้ย พุงพลุ้ย."
พลู 0,น.,"ชื่อไม้เถาชนิด Piper betleL. ในวงศ์ Piperaceae ใบมีรสเผ็ดร้อนใช้กินกับหมากและทำยาได้, ชื่อเรียกพืชหลายชนิดที่ใบลักษณะคล้ายพลู."
พลูแก 0,น.,ชื่อไม้เถาในสกุล Piper วงศ์ Piperaceae คล้ายพลู แต่ก้านใบยาวกว่า ใช้ทำยาได้.
พลูแก 1,น.,"ชื่อไม้ล้มลุกชนิด Houttuynia cordata Thunb. ในวงศ์ Saururaceae ใบใช้เป็นอาหาร, พลูแก หรือ พลูคาว ก็เรียก."
พลูคาว 0,น.,"ชื่อไม้ล้มลุกชนิด Houttuynia cordata Thunb. ในวงศ์ Saururaceae ใบใช้เป็นอาหาร, พลูแก หรือ พลูคาว ก็เรียก."
พลูต้น 0,น.,ต้นข่าต้น. (ดู ข่าต้น).
พลูโต 0,น.,"ชื่อดาวเคราะห์แคระในระบบสุริยะ มองไม่เห็นด้วยตาเปล่า อยู่ห่างดวงอาทิตย์ประมาณ ๕,๙๐๐ ล้านกิโลเมตร มีเส้นผ่าศูนย์กลางอยู่ระหว่าง ๒,๕๘๐ ถึง ๓,๕๓๐ กิโลเมตร ทางโคจรเป็นวงรีมาก ทำให้ส่วนหนึ่งของทางโคจรอยู่ภายในวงจรของดาวเนปจูน, ดาวยม ก็เรียก."
พลูโทเนียม 0,น.,ธาตุลำดับที่ ๙๔ สัญลักษณ์ Pu เป็นธาตุกัมมันตรังสีที่นักวิทยาศาสตร์สร้างขึ้น ไม่มีปรากฏในธรรมชาติ.
พวก 0,น.,คน สัตว์ หรือสิ่งต่าง ๆ ที่รวมกันเข้าเป็นกลุ่มเป็นหมู่ตามอาชีพหรือชนิดเป็นต้น เช่น พวกนักเรียน พวกพ่อค้า พวกกรรมกร พวกนก พวกกา พวกเครื่องมือ พวกเครื่องเขียน.
พวกพ้อง 0,น.,"หมู่ญาติ, เพื่อนฝูง."
พวง 0,น.,กลุ่มของสิ่งที่มีลักษณะอย่างเดียวกันที่อยู่ร่วมขั้วเดียวกันหรือผูกมัดไว้รวมกัน เช่น พวงองุ่น พวงดอกไม้ พวงลูกโป่ง
พวง 1,น.,คำต้นของไม้เลื้อยพวกหนึ่งที่มีดอกเป็นพวง มีหลายชนิด เช่น พวงแก้วกุดั่น พวงชมพู พวงนาค.
พ่วง 0,ก.,"ต่อท้าย, ตามติด, เติมเข้ามา, เช่น ขอพ่วงไปด้วยคน."
พ่วง 1,น.,เรือนหลังเล็ก ๆ ที่ต่อไปทางด้านหลังของเรือนแพ สำหรับเป็นที่ทำครัวและเก็บของ.
พวง 2,ว.,ลักษณะที่ยื่นพองออกมา เช่น แก้มเป็นพวง.
พ่วง 2,ว.,"โต, อ้วน."
พวง 3,น.,"ชื่อปลานํ้าจืดขนาดเล็กถึงขนาดกลางชนิด Leptobarbus hoeveni (Bleeker) ในวงศ์ Cyprinidae ลำตัวค่อนข้างยาวหนาเกือบเป็นรูปทรงกระบอก หัวกว้าง มีหนวด ๒ คู่ ท้องกลมมน ด้านหลังและข้างตัวสีเขียวอ่อน ด้านท้องสีขาวแต้มเหลือง ครีบท้อง ครีบก้น และครีบหลังสีแดงอ่อน ในปลาขนาดเล็กมีแถบสีดำคลํ้าพาดตลอดข้างตัว พบอาศัยตามแม่นํ้าลำคลองและบึงใหญ่ทั่วไป ขนาดยาวได้ถึง ๕๐ เซนติเมตร ในธรรมชาติกินผลไม้รวมทั้งผลกระเบา เมื่อมีผู้นำไปบริโภคทำให้เกิดอาการมึนเมา, อ้ายบ้า หรือ พวง ก็เรียก."
พวงโกเมน 0,น.,ชื่อไม้เถาเนื้อแข็งชนิด Mucuna warburgiiK. Schum. et Lauterb. ในวงศ์ Leguminosae ดอกสีแสด ออกเป็นช่อห้อยยาว.
พ่วงข้าง 0,ก.,ติดไว้ข้าง ๆ เช่น รถพ่วงข้างรถจักรยานยนต์.
พวงคราม 0,น.,ชื่อไม้เถาชนิด Petrea volubilis L. ในวงศ์ Verbenaceae ใบแข็งและคาย ดอกสีม่วงคราม.
พวงจะริตา 0,น.,"ชื่อไม้เถา ๒ ชนิดในสกุล Gouania วงศ์ Rhamnaceae คือ ชนิด G. javanica Miq. ใบมีขนสีน้ำตาลแดง ดอกสีเขียวอ่อน และชนิด G. leptostachya DC. ใบเกลี้ยง ดอกสีขาวอมเขียว, พวงจะริตา ก็เรียก."
พวงชมพู 0,น.,ชื่อไม้เถาขนาดเล็กชนิด Antigonon leptopusHook. et Arn. ในวงศ์ Polygonaceae ดอกสีชมพูรูปหัวใจเล็ก ๆ ออกเป็นช่อยาว ออกดอกตลอดปี.
พวงดอกไม้ 0,น.,"ชื่อหนึ่งของดาวฤกษ์บุษยะ มี ๕ ดวง, ดาวปุยฝ้าย ดาวดอกบัว ดาวโลง ดาวปู ดาวสิธยะ ดาวสมอสำเภา ดาวบุษย์ ดาวปุษยะ หรือ ดาวปุสสะ ก็เรียก."
พ่วงพี 0,ว.,อ้วนลํ่า.
พวงมโหตร 0,น.,"พวงอุบะซึ่งห้อยประดับอยู่ที่คันดาลฉัตร ทำด้วยผ้าตาดทอง, ลูกมโหตร ก็ว่า."
พวงมาลัย 0,น.,"ดอกไม้ประดิษฐ์แบบไทยลักษณะหนึ่ง โดยการนำดอกไม้ กลีบดอกไม้ และใบไม้ มาร้อยด้วยเข็มแล้วรูดออกมาใส่ด้ายผูกเป็นพวง มีลักษณะต่าง ๆ กัน, มาลัย ก็เรียก"
พวงมาลัย 1,น.,เครื่องสำหรับบังคับเรือไฟหรือเรือยนต์ รถยนต์ ให้ไปตามทางที่ต้องการ
พวงมาลัย 2,น.,เครื่องสำหรับช่วยพยุงคนตกนํ้า มีรูปคล้ายพวงมาลัย
พวงมาลัย 3,น.,ชื่อการเล่นของชาวบ้านชนิดหนึ่ง เรียกว่า เพลงพวงมาลัย.
พวงมาลา 0,น.,ดอกไม้ที่จัดแต่งขึ้นตามโครงรูปต่าง ๆ เช่น วงกลม วงรี มักมีใบไม้เป็นส่วนประกอบด้วย สำหรับวางที่อนุสาวรีย์ พระบรมรูป หรือศพ เป็นต้น เพื่อเป็นเกียรติหรือแสดงความเคารพ.
พวงแสด 0,น.,ชื่อไม้เถาขนาดเล็กชนิด Pyrostegia venusta (Ker Gawl.) Miers ในวงศ์ Bignoniaceae ดอกสีแสดรูปกระบอก ออกเป็นช่อยาว.
พวงหยก 0,น.,ชื่อไม้เถาขนาดกลางชนิด Strongylodon macrobotrys A. Gray ในวงศ์ Leguminosae ดอกสีหยกหรือสีนํ้าทะเล ออกเป็นช่อห้อยยาว.
พวงหรีด 0,น.,"ดอกไม้ที่จัดแต่งขึ้นตามโครงรูปต่าง ๆ เช่น วงกลม วงรี สำหรับใช้เคารพศพ, หรีด ก็เรียก."
พวงอุไร 0,น.,"ชื่อไม้พุ่มชนิด Tecoma stans (L.) Kunth ในวงศ์ Bignoniaceae ขอบใบหยัก ดอกสีเหลืองสด รูปแตร, พวงอุไร ก็เรียก."
พวน 0,น.,เชือกเกลียวขนาดใหญ่สำหรับใช้โยงเรือ เป็นต้น
พวน 1,น.,แนว.
พวน 2,น.,รวงข้าวที่นวดแล้วหรืออ้อยที่หีบครั้งที่ ๒.
พวน 3,น.,ชาวไทยพวกหนึ่ง เดิมมีถิ่นฐานอยู่ในประเทศลาว ส่วนหนึ่งได้อพยพมาตั้งถิ่นฐานอยู่ทางภาคกลางของประเทศไทย.
พวย 0,น.,ส่วนของกาหรือป้านที่ยื่นออกมา สำหรับรินนํ้า.
พวย 1,ก.,"สูง, พุ่ง, ไปโดยเร็ว."
พวยน้ำ 0,น.,"นํ้าที่พุ่งเป็นลำขึ้นไปในอากาศเนื่องจากลมงวง, นาคเล่นนํ้า ก็ว่า."
พวยพุ่ง 0,ว.,"ช่วงโชติ, พุ่งเป็นลำออกไปโดยเร็ว เช่น แสงพวยพุ่ง รัศมีพวยพุ่ง."
พสก 0,น.,"ชาวเมือง, พลเมือง."
พสก- 0,น.,"ชาวเมือง, พลเมือง."
พสกนิกร 0,น.,คนที่อยู่ในประเทศ ไม่ว่าจะเป็นพลเมืองของประเทศนั้นหรือคนต่างด้าวที่มาอาศัยอยู่ก็ตาม.
พสนะ 0,น.,"เสื้อผ้า, เครื่องนุ่งห่ม."
พสุ 0,น.,ชื่อเรียกเทวดาจำพวกหนึ่ง
พสุ 1,น.,"ทรัพย์, สมบัติ, ความมั่งมี."
พสุ 2,ว.,"ดี, เลิศ, ประเสริฐ"
พสุ 3,ว.,"ใจดี, กรุณา."
พสุธา 0,น.,“ผู้ทรงไว้ซึ่งทรัพย์” คือ แผ่นดิน.
พสุธา 1,น.,"ทรัพย์, สมบัติ, ความมั่งมี."
พสุธากันแสง 0,น.,"ชื่อเพลงไทย อัตรา ๒ ชั้น หน้าทับสองไม้, ธรณีร้องไห้ หรือ ธรณีกันแสง ก็เรียก."
พสุธาดล 0,น.,พื้นแผ่นดิน.
พสุธาดล 1,น.,"ทรัพย์, สมบัติ, ความมั่งมี."
พสุนธรา 0,น.,แผ่นดิน.
พสุนธรา 1,น.,"ทรัพย์, สมบัติ, ความมั่งมี."
พสุมดี 0,น.,แผ่นดิน.
พสุมดี 1,น.,"ทรัพย์, สมบัติ, ความมั่งมี."
พสุสงกรานต์ 0,น.,พระอาทิตย์โคจรมาถึงจุดใกล้สุดกับโลกในราววันที่ ๔ มกราคม เรียกว่า พสุสงกรานต์เหนือ (perihelion) กับโคจรไปถึงจุดไกลสุดจากโลกในราววันที่ ๓ กรกฎาคม เรียกว่า พสุสงกรานต์ใต้.
พหล 0,ว.,"มาก, ใหญ่, หนา, ทึบ."
พหล 1,น.,กองทัพใหญ่.
พหุ 0,ว.,"มาก, เขียนเป็น พหู ก็มี."
พหุคูณ 0,ว.,"หลายเท่า, หลายทบ."
พหุพจน์ 0,น.,คำที่กล่าวถึงสิ่งมากกว่าหนึ่ง.
พหุภาคี 0,ว.,หลายฝ่าย.
พหุภาคี 1,น.,เรียกสนธิสัญญาที่มีคู่สัญญาหลายฝ่ายว่า สนธิสัญญาพหุภาคี.
พหุล 0,ว.,"หนา, มาก."
พหู 0,ว.,พหุ.
พหูพจน์ 0,น.,คำที่กล่าวถึงสิ่งมากกว่าหนึ่ง.
พหูสูต 0,น.,ผู้มีความรู้เพราะได้สดับตรับฟังหรือศึกษาเล่าเรียนมามาก.
พอ 0,ว.,"เท่าที่ต้องการ, ควรแก่ความต้องการ, เต็มเท่าที่จำเป็น, เต็มตามต้องการ, เช่น ในการเดินทางจะต้องเตรียมเงินไปเท่าไรจึงจะพอ"
พอ 1,ว.,"เหมาะ, เพียงทำได้, ควร"
พอ 2,ว.,"ถูก, ชอบ, เช่น พอใจ พอตา พอหู"
พอ 3,ว.,อาจ ... ได้ เช่น ตาพอดู หูพอฟัง
พอ 4,ว.,"เมื่อ, ครั้นเมื่อ, เพิ่ง."
พ่อ 0,น.,ชายผู้ให้กำเนิดแก่ลูก
พ่อ 1,น.,คำที่ลูกเรียกชายผู้ให้กำเนิดหรือเลี้ยงดูตน
พ่อ 2,น.,คำที่ผู้ใหญ่เรียกผู้ชายที่มีอายุน้อยกว่าด้วยความสนิทสนมหรือรักใคร่เป็นต้นว่า พ่อนั่น พ่อนี่
พ่อ 3,น.,คำใช้นำหน้านามเพศชาย แปลว่า ผู้เป็นหัวหน้า เช่น พ่อเมือง
พ่อ 4,น.,ผู้ชายที่กระทำกิจการหรืองานอย่างใดอย่างหนึ่ง เช่น ค้าขาย เรียกว่า พ่อค้า ทำครัว เรียกว่า พ่อครัว
พ่อ 5,น.,เรียกสัตว์ตัวผู้ที่มีลูก เช่น พ่อม้า พ่อวัว.
พ้อ 0,ก.,"พูดต่อว่าด้วยความน้อยใจ, ตัดพ้อ หรือ ตัดพ้อต่อว่า ก็ใช้."
พ้อ 1,น.,"ชื่อปาล์มขนาดย่อมในสกุล Licuala วงศ์ Palmae มีหลายชนิด เช่น ชนิด L. spinosa Thunb. มักขึ้นเป็นกออยู่ริมทะเล หรือในที่ซึ่งนํ้าเค็มขึ้นถึง ลำต้นสูงถึง ๔ เมตร ใบกลม เส้นผ่านศูนย์กลาง ๖๐-๑๑๐ เซนติเมตร เว้าเป็นแฉกลึก ก้านใบยาว ขอบก้านมีหนาม, ชนิด L. peltata Roxb. ขึ้นตามป่าดอนในที่ชุ่มชื้นและที่แฉะ ลักษณะคล้ายชนิดแรก แต่ก้านใบลํ้าอยู่ใต้โคนใบ ทั้ง ๒ ชนิดใบใช้ห่อทำไต้ ห่อของ เย็บเป็นร่ม มุงหลังคาชั่วคราว ใบอ่อนใช้มวนบุหรี่, กะชิง ก็เรียก, ปักษ์ใต้เรียก ชิง หรือ ชิ่ง, ปาล์มพวกนี้เรียก พ้อ ก็มี เช่น ใบพ้อพันห่อหุ้ม กฤษณา (โลกนิติ)."
พอ ๆ กัน 0,ว.,"เสมอกัน, ทัดเทียมกัน, เทียบเท่ากัน, เช่น เก่งพอกัน ฝีมือพอกัน ร้ายพอ ๆ กัน."
พอก 0,ก.,"หุ้ม เช่น พอกไข่, พูน, โปะให้หนา เช่น พอกแป้ง."
พอก 1,ว.,โป่งออกมา เช่น คอพอก.
พอก 2,ก.,โพกผ้า.
พอก 3,น.,ผ้าโพกคล้ายหมวก.
พอก 4,น.,ชื่อหอยทะเลกาบคู่ ในวงศ์ Veneridae รูปเปลือกค่อนข้างกลม สีนวล ผิวเปลือกมีสันลักษณะเป็นเส้นทั้งในแนวตั้งและแนวนอน เช่น ชนิด Periglypta puerpera (Linn).
พอกพูน 0,ก.,เพิ่มขึ้นโดยลำดับ เช่น ทรัพย์สินพอกพูน พอกพูนความรู้.
พอกัน 0,ว.,"เสมอกัน, ทัดเทียมกัน, เทียบเท่ากัน, เช่น เก่งพอกัน ฝีมือพอกัน ร้ายพอ ๆ กัน."
พอกันที 0,ก.,"บอกเลิกกัน, ยุติกัน, ไม่เกี่ยวข้องกันอีกต่อไป."
พอการ 0,ว.,"สมควรแก่งาน, บางทีใช้หมายความว่า มาก."
พอก้าวขาก็ลาโรง 0,ก.,"ชักช้าทำให้เสียการ, พอยกขาก็ลาโรง ก็ว่า."
พ่อเกลอ 0,น.,เพื่อนร่วมนํ้าสบถของพ่อ.
พ่อขุน 0,น.,กษัตริย์ผู้เป็นใหญ่ในสมัยสุโขทัย.
พ่อครัว 0,น.,หัวหน้าครอบครัว.
พอควร 0,ว.,พอสมควร.
พ่อค้าตีเมีย 0,น.,"ชื่อไม้ล้มลุกไร้ดอกชนิด Selaginella argentea (Wall. ex Hook. et Grev.) Spring ในวงศ์ Selaginellaceae ใช้ทำยาได้ ใบอ่อนใช้เป็นผัก, พ่อค้าตีเมีย ก็เรียก."
พ่อคุณ 0,น.,คำพูดเอาใจชายหรือแสดงความเอ็นดูรักใคร่เด็กชาย.
พอง 0,ก.,"อาการที่โป่งหรือฟูขึ้นมาเพราะมีอากาศหรือน้ำเป็นต้นอยู่ภายใน เช่น ลูกโป่งพองลม ถูกน้ำร้อนลวกหนังพอง เหยียบไฟเท้าพอง, ทำให้โป่ง ฟู หรือตั้งขึ้น เช่น อึ่งอ่างพองตัว เป่าลูกโป่งให้พอง เป่าปี่จนแก้มพอง ลิงพองขน แมวทำขนพอง"
พอง 1,ก.,ขยายตัวให้โตขึ้น เช่น เห็ดหูหนูเมื่อแช่น้ำย่อมพองตัว ข้าวตังเมื่อเอาไปทอดก็จะพอง.
พ้อง 0,ว.,"ต้องกัน, ตรงกัน, ซํ้ากัน, เช่น พ้องรูป พ้องเสียง พ้องความ เห็นพ้องด้วย ชื่อพ้องกัน."
พ้องพาน 0,ก.,"ประสบ, แตะต้อง, เช่น ขออย่าให้มีภัยอันตรายมาพ้องพาน."
พ่อเจ้า 0,ส.,"คำเรียกพ่อเมืองหรือเจ้าผู้ครองนคร, เป็นสรรพนามบุรุษที่ ๒."
พ่อเจ้าประคุณ 0,ส.,คำเรียกแสดงความรักใคร่หรือประชดประชัน แล้วแต่น้ำเสียง (ใช้แก่ผู้ชาย) เช่น โถ ! พ่อเจ้าประคุณของย่า เจ็บไหม ทำไมไม่นอนที่โรงละครเลยล่ะพ่อเจ้าประคุณ.
พ่อแจ้แม่อู 0,ว.,"พันทาง, ต่างพันธุ์กัน."
พอใจ 0,ก.,"สมใจ, ชอบใจ."
พอใจ 1,ว.,เหมาะ.
พอใช้ 0,ว.,ใช้ได้ เช่น คะแนนพอใช้
พอใช้ 1,ว.,"ปานกลาง, พอสมควร, เช่น มีฐานะดี พอใช้ รวยพอใช้ เก่งพอใช้"
พอใช้ 2,ว.,"เพียงพอแก่การจับจ่ายใช้สอย เช่น มีเงินพอใช้ทั้งเดือน, พอใช้พอสอย ก็ว่า."
พอใช้ได้ 0,ว.,นับว่าใช้ได้.
พอใช้พอสอย 0,ว.,"เพียงพอแก่การจับจ่ายใช้สอย เช่น มีเงินพอใช้พอสอยไปเดือนหนึ่ง ๆ, พอใช้ ก็ว่า."
พอดิบพอดี 0,ว.,"กำลังดี, พอเหมาะพอเจาะ, เช่น มีเงินไปเท่ากับราคาของพอดิบพอดี กางเกงตัวนี้ใส่ได้พอดิบพอดี, พอดี ก็ว่า."
พอดี 0,ว.,"กำลังดี, พอเหมาะพอเจาะ, เช่น เสื้อใส่ได้พอดี, พอดิบพอดี ก็ว่า"
พอดี 1,ว.,พอเหมาะกับเวลา เช่น พอสิ้นเดือนเงินก็หมดพอดี เขามาถึงที่ทำงาน ๘.๓๐ น. พอดี.
พอดีกัน 0,ว.,เสมอกัน (มักใช้ในทางไม่ดี) เช่น มันก็พอดีกันนั่นแหละ.
พอดีพอร้าย 0,ว.,"ปานกลาง, ไม่ดีนัก, ไม่เลวนัก"
พอดีพอร้าย 1,ว.,บางที (แสดงความไม่แน่นอน) เช่น พอดีพอร้ายไม่ได้ไป.
พอดู 0,ว.,"เอาการ, ค่อนข้างมากทีเดียว, เช่น เก่งพอดู."
พอดูได้ 0,ว.,"ไม่ถึงกับน่าเกลียด, พอใช้ได้."
พอได้ 0,ว.,พอใช้ได้บ้าง.
พอตัว 0,ว.,พอเหมาะสมแก่ตน เช่น มีความสามารถพอตัว.
พ่อตา 0,น.,พ่อของเมีย.
พอทำเนา 0,ว.,"พอสมควร, พอสถานประมาณ, เช่น เจ็บไข้ก็พอทำเนา ยังแถมถูกออกจากงานเสียอีก."
พอทำพอกิน 0,ว.,พอกินไปวันหนึ่ง ๆ.
พอที 0,*ว.,คำห้ามเพื่อขอยับยั้ง.
พอที่ 0,ว.,"เหมาะ, ควร, มักใช้ในความปฏิเสธว่า ไม่พอที่ เช่น ไม่พอที่จะเข้าไปยุ่งกับเขาเลย."
พอที่จะ 0,ว.,ควรที่จะ เช่น พอที่จะได้ เลยไม่ได้.
พอน 0,น.,"โคนต้นไม้ที่แผ่ขยายออกเป็นปีก เป็นพู หรือเป็นปม เพื่อพยุงลำต้น เช่น พอนตะเคียน พอนมะค่า, พูพอน ก็เรียก."
พอน 1,ว.,"สีเหลืองนวล, เรียกชันที่ผสมน้ำมันยาง มีลักษณะเหลว ที่มีสีอย่างนั้น สำหรับใช้พอนเรือเป็นต้น ว่า ชันพอน หรือ ลาพอน."
พอน 2,ก.,ยาด้วยชันเป็นต้นให้เรียบ เช่น พอนครุ พอนกะโล่.
พอนเรือ 0,ก.,เอานํ้ามันยางชโลมเรือหลังจากตอกหมันแล้ว.
พ่อบ้าน 0,น.,"ชายที่เป็นหัวหน้าครอบครัว, ชายผู้จัดการงานในบ้านเป็นต้น, ชายผู้จัดการงานธุรการในสถานที่เช่นโรงพยาบาลเป็นต้น, คู่กับ แม่บ้าน."
พอประมาณ 0,ว.,เพียงปานกลาง เช่น มีฐานะดีพอประมาณ.
พอไปได้ 0,ว.,พอจะใช้ได้บ้าง เช่น ความรู้ของเขาพอไปได้.
พอไปวัดไปวาได้ 0,ว.,มีหน้าตาสวยพออวดได้ (ใช้แก่ผู้หญิง).
พ่อพวงมาลัย 0,น.,ชายที่ปล่อยชีวิตตามสบาย ไม่ยอมตั้งตัวหรือทำการงานเป็นหลักฐาน.
พ่อพันธุ์ 0,น.,สัตว์ตัวผู้ที่ใช้ผสมพันธุ์.
พอเพียง 0,ก.,ได้เท่าที่กะไว้ เช่น ได้เท่านี้ก็พอเพียงแล้ว.
พอฟัด 0,ก.,"พอสู้กันได้ เช่น เขามีฝีมือพอฟัดพอเหวี่ยงกัน, พอวัดพอเหวี่ยง ก็ว่า."
พอฟัดพอเหวี่ยง 0,ก.,"พอสู้กันได้ เช่น เขามีฝีมือพอฟัดพอเหวี่ยงกัน, พอวัดพอเหวี่ยง ก็ว่า."
พ้อม 0,น.,ภาชนะสานชนิดหนึ่ง รูปร่างคล้ายกระชุ แต่ใหญ่กว่า.
พ่อม่าย 0,น.,ชายที่มีเมียแล้ว แต่เมียตายหรือหย่าร้างกันไป.
พอมีพอกิน 0,ว.,มีฐานะปานกลาง เช่น เขาเป็นคนมีฐานะพอมีพอกิน.
พอมีอันจะกิน 0,ว.,"ค่อนข้างรวย, มีฐานะค่อนข้างดี, เช่น เขาเป็นคนพอมีอันจะกิน."
พ่อเมือง 0,น.,ผู้ที่ชาวเมืองยกขึ้นเป็นเจ้าเมือง.
พอยกขาก็ลาโรง 0,ก.,"ชักช้าทำให้เสียการ, พอก้าวขาก็ลาโรง ก็ว่า."
พอแย้มปากก็เห็นไรฟัน 0,*ก.,"รู้ทันกัน, พออ้าปากก็เห็นลิ้นไก่ ก็ว่า."
พ่อร้าง 0,น.,ชายผู้เลิกกับเมีย.
พ่อเรือน 0,น.,พลเรือน.
พอแรง 0,ว.,"เต็มแรง, มาก, เช่น ถูกด่าเสียพอแรง ว่าเสียพอแรง."
พ่อลิ้นทอง 0,น.,คนที่พูดดี พูดเก่ง หรือพูดคล่องน่าฟัง.
พ่อเล้า 0,น.,ผู้ชายผู้เป็นหัวหน้าเลี้ยงหญิงสาวไว้บำเรอชาย.
พ่อเลี้ยง 0,น.,ผัวของแม่ แต่ไม่ใช่พ่อตัว
พ่อเลี้ยง 1,น.,"ชายผู้มีฐานะดีและได้รับความนับถือในสังคม, ผัวของแม่เลี้ยง."
พอเลี้ยงปากเลี้ยงท้อง 0,ก.,"พอมีกินมีใช้, พอเลี้ยงตัวได้."
พอโลเนียม 0,น.,ธาตุลำดับที่ ๘๔ สัญลักษณ์ Po เป็นธาตุกัมมันตรังสี ลักษณะเป็นของแข็ง หลอมละลายที่ ๒๕๔ ^ºซ.
พอวัดพอเหวี่ยง 0,ก.,"พอสู้กันได้, พอฟัด หรือ พอฟัดพอเหวี่ยง ก็ว่า."
พอสถานประมาณ 0,ว.,"เพียงระดับปานกลาง เช่น เขามีความรู้พอสถานประมาณ, พอสัณฐานประมาณ ก็ว่า."
พอสมควร 0,ว.,"พอประมาณ เช่น เรียนเก่งพอสมควร ทำดีพอสมควร, พอควร ก็ว่า."
พอสัณฐานประมาณ 0,ว.,"เพียงระดับปานกลาง, พอสถานประมาณ ก็ว่า."
พ่อสื่อ 0,น.,"ชายที่ทำหน้าที่ชักนำชายหญิงให้พบรู้จักรักใคร่และแต่งงานกัน, ชายผู้ช่วยเหลือให้คู่รักได้ติดต่อหรือพบปะกัน."
พ่อหลวง 0,น.,ผู้ใหญ่บ้าน
พ่อหลวง 1,น.,"สมภาร, เจ้าอาวาส."
พอหอมปากหอมคอ 0,ว.,"พอสมควร, พอดี ๆ, นิด ๆ หน่อย ๆ, เช่น กินพอหอมปากหอมคอ พูดพอหอมปากหอมคอ."
พอเหมาะ 0,ก.,"เหมาะเจาะ เช่น เขามาพอเหมาะกับเวลา รองเท้านี้ใส่ได้พอเหมาะ, พอเหมาะพอเจาะ ก็ว่า."
พออ้าปากก็เห็นลิ้นไก่ 0,*ก.,"รู้ทันกัน, พอแย้มปากก็เห็นไรฟัน ก็ว่า."
พออาศัย 0,ว.,"พออยู่ได้, พอไปได้."
พ่ะ 0,ว.,"จ้ะ, ขอรับ."
พะ 0,น.,"เพิงที่ต่อปะเข้าไปกับด้านสกัดของเรือน, พะเพิง เพิง หรือ เพิงพะ ก็เรียก."
พะ 1,ก.,"พักพิงหรือแอบอิงอาศัย เช่น ลูกมาพะพ่อแม่อยู่, พะพิง ก็ว่า"
พะ 2,ก.,"ปะทะกัน, ชนกัน, เช่น คน ๒ คนเดินมาพะกัน"
พะ 3,ก.,ปะทะติดอยู่ เช่น สวะมาพะหน้าบ้าน.
พะ 4,*ว.,ใช้นำหน้าคำที่ตั้งต้นด้วยตัว พ มีความแปลอย่างเดียวกับคำเดิมนั้น เช่น พะพรั่ง พะพรั่น พะพราย.
พะงา 0,น.,นางงาม.
พะงา 1,ว.,"สวย, งาม."
พะงาบ 0,ว.,"อาการที่อ้าปากแล้วหุบปาก, อาการที่หายใจทางปาก (เป็นอาการของคนและสัตว์ที่เหนื่อยหอบหรือใกล้จะตาย), งาบ ๆ ปะงาบ หรือ ปะงาบ ๆ ก็ว่า."
พะงาบ ๆ 0,ว.,"อาการที่อ้าปากแล้วหุบปาก, อาการที่หายใจทางปาก (เป็นอาการของคนและสัตว์ที่เหนื่อยหอบหรือใกล้จะตาย), งาบ ๆ ปะงาบ หรือ ปะงาบ ๆ ก็ว่า."
พะจง 0,น.,"ชื่อสัตว์เลี้ยงลูกด้วยนมชนิด Cynocephalus variegatus (Audebert) ในวงศ์ Cynocephalidae รูปร่างคล้ายกระรอก แต่มีหนังเป็นพังผืด ๒ ข้างของลำตัวตั้งแต่คอไปถึงปลายนิ้วตีนและปลายหางสำหรับใช้กางออกคล้ายปีก ถลาร่อนจากที่สูงมายังที่ตํ่าได้ค่อนข้างไกล ขนนุ่มสีนํ้าตาลคลํ้าหรือนํ้าตาลจางเป็นหย่อม ๆ ทั่วไป เล็บโค้งแหลมใช้ปีนป่ายต้นไม้ หากินในเวลากลางคืน กลางวันมักหลบอยู่ตามโพรงไม้หรือเกาะห้อยอยู่ตามพุ่มทึบ, พุงจง หรือ พะจง ก็เรียก."
พะทำมะรง 0,น.,ผู้ควบคุมนักโทษ.
พะนอ 0,ก.,เอาอกเอาใจเกินสมควร.
พะเน้าพะนอ 0,ก.,พรํ่าเอาอกเอาใจเกินสมควร.
พะเน้าพะนึง 0,ก.,ทำอิด ๆ เอื้อน ๆ
พะเน้าพะนึง 1,ก.,เซ้าซี้.
พะเนิน 0,น.,ค้อนขนาดใหญ่สำหรับตีเหล็กหรือทุบหิน เป็นต้น
พะเนิน 1,น.,ของกองสุมกันขึ้นไปจนสูง.
พะเนิน 2,ว.,"มากมายก่ายกอง, พะเนินเทินทึก ก็ว่า."
พะเนินเทินทึก 0,ว.,"มากมายก่ายกอง, พะเนิน ก็ว่า."
พะเนียง 0,น.,ดอกไม้ไฟชนิดหนึ่ง ทำด้วยกระบอกไม้ไผ่บรรจุดินดำ ใช้ตั้งจุดไฟให้ลุกเป็นช่องาม เรียกว่า ไฟพะเนียง.
พะเนียง 1,น.,"ชื่อไม้ต้นชนิด Archidendron jiringa (Jack) I.C. Nielsen ในวงศ์ Leguminosae ฝักบิดเป็นวง เมล็ดค่อนข้างแบน กินได้, พะเนียง ก็เรียก, จันทบุรีเรียก ชะเนียง."
พะเนียง 2,น.,ชื่อหม้อนํ้าชนิดหนึ่ง รูปอย่างหม้อคะนน.
พะแนง 0,น.,แกงคั่วไก่หรือเนื้อเป็นต้น นํ้าแกงข้น.
พะพาน 0,ก.,"พ้องพาน เช่น อย่าให้ความชั่วมาพะพาน, พบปะ เช่น ไม่ได้พบปะพะพานมานาน, เกี่ยวพัน เช่น กิ่งไม้ยื่นมาระพะพาน."
พะพิง 0,ก.,"พักพิงหรือแอบอิงอาศัย, พะ ก็ว่า."
พะเพิง 0,น.,"เพิงที่ต่อปะเข้าไปกับด้านสกัดของเรือน, พะ เพิง หรือ เพิงพะ ก็เรียก."
พะยอม 0,น.,ชื่อไม้ต้นขนาดใหญ่ชนิด Shorea roxburghii G. Don ในวงศ์ Dipterocarpaceae ดอกสีขาว กลิ่นหอม เนื้อไม้ใช้ในการก่อสร้าง.
พ่ะย่ะค่ะ 0,ว.,คำรับหรือคำลงท้ายที่ผู้ชายใช้เพ็ดทูลพระราชวงศ์ที่ดำรงพระยศเจ้าฟ้า สันนิษฐานว่ามาจากคำว่า พระพุทธเจ้าข้า.
พะยุพยุง 0,ก.,"ช่วยกันพยุง เช่น ช่วยพะยุพยุงคนเจ็บ, พะยุพยุงจูงจับหิ้วปากคนละข้าง (ม. ร่ายยาว ชูชก)."
พะยูง 0,น.,ชื่อไม้ต้นชนิด Dalbergia cochinchinensisPierre ในวงศ์ Leguminosae เนื้อไม้สีแดงคลํ้า ใช้ทำเครื่องเรือน.
พะยูน 0,น.,"ชื่อสัตว์เลี้ยงลูกด้วยนมชนิด Dugong dugon (Müller) ในวงศ์ Dugongidae ลำตัวอ้วนกลม เรียวยาวไปทางหาง มีขนเฉพาะที่บริเวณใกล้ปาก รยางค์คู่หน้าเป็นแผ่นคล้ายใบพายไม่เห็นเป็นนิ้ว รยางค์คู่หลังไม่โผล่ให้เห็น หางเป็นแฉกแผ่กว้างแบนลง ตัวอาจยาวได้ถึง ๓ เมตร สีเทาดำแกมฟ้า อาศัยอยู่ในทะเลชายฝั่ง กินพืชนํ้าพวกหญ้าทะเล เป็นสัตว์ป่าสงวนชนิดหนึ่ง, เงือก วัวทะเล หมูนํ้า หรือ ดูกอง ก็เรียก."
พะเยิบ 0,ว.,"อาการที่ปลิวขึ้นปลิวลงช้า ๆ เช่น ผ้าถูกลมพัดปลิวพะเยิบ ๆ, อาการที่ของแบนบางกระพือขึ้นกระพือลงช้า ๆ เช่น นกกระพือปีกบินพะเยิบ ๆ, เผยิบ หรือ เผยิบ ๆ ก็ว่า."
พะเยิบ ๆ 0,ว.,"อาการที่ปลิวขึ้นปลิวลงช้า ๆ เช่น ผ้าถูกลมพัดปลิวพะเยิบ ๆ, อาการที่ของแบนบางกระพือขึ้นกระพือลงช้า ๆ เช่น นกกระพือปีกบินพะเยิบ ๆ, เผยิบ หรือ เผยิบ ๆ ก็ว่า."
พะเยิบพะยาบ 0,ว.,อาการที่โบกหรือกระพือขึ้นลงช้า ๆ (ใช้แก่สิ่งที่เป็นผืนแผ่นบาง ๆ หรือที่อ่อนไหวได้ในตัว) เช่น หลังคาเต็นท์ถูกลมพัดพะเยิบพะยาบ.
พะรุงพะรัง 0,ว.,"ปะปนกันจนรุงรัง เช่น หอบข้าวของพะรุงพะรัง, นุงนัง เช่น มีหนี้สินพะรุงพะรัง."
พะเลย 0,น.,"วิธีปลูกข้าวในนาที่เป็นตม โดยนำข้าวปลูกที่แช่นํ้าไว้หว่านแทนข้าวที่เสียไป, เรียกนาที่ทำด้วยวิธีนั้น ว่า นาพะเลย."
พะโล้ 0,น.,"ชื่ออาหารแบบจีนชนิดหนึ่ง ใช้ลูกโป๊ยกั้ก อบเชย และเครื่องเทศอื่น ๆ ตำเคล้าคลุกกับเป็ดหรือห่านเป็นต้นให้เข้ากันดี และเคี่ยวจนน้ำแห้ง, ถ้าทำอย่างไทยใช้น้ำตาลปีบเคี่ยวกับซีอิ๊วและน้ำปลา มีรสหวานเค็ม และมักไม่ใส่เครื่องเทศ เช่น ไข่พะโล้ หมูพะโล้."
พะไล 0,น.,"เรือนหรือเพิงโถง ต่อจากเรือนเดิมหรืออยู่ในบริเวณของเรือนเดิม ใช้เป็นที่นั่งเล่นหรือประโยชน์อื่น ๆ ซึ่งไม่ใช่ห้องนอน, พาไล ก็ว่า."
พะวง 0,ก.,"กังวล, ห่วงใย."
พะวักพะวน 0,ก.,ห่วงเรื่องต่าง ๆ จนวุ่นวายใจ.
พะวา 0,น.,"ชื่อไม้ต้นขนาดกลางชนิด Garcinia speciosa Wall. ในวงศ์ Guttiferae เปลือกมียางสีเหลือง ผลคล้ายมังคุดขนาดย่อม, ขวาด สารภีป่า มะดะขี้นก หรือ มะป่อง ก็เรียก."
พะว้าพะวัง 0,ก.,"ห่วงหน้าห่วงหลัง, ห่วงหน้าพะวงหลัง."
พะอง 0,น.,"ไม้ไผ่ป่าตัดแขนงให้ยาวพอที่เท้าจะเหยียบขึ้นลงได้ สำหรับผูกพาดขึ้นต้นไม้ต่างบันได ถ้าต้นไม้สูงมากก็อาจใช้ไม้ไผ่หลายลำผูกต่อ ๆ กันขึ้นไป, โดยปริยายเรียกสิ่งอื่นที่มีลักษณะคล้ายคลึงเช่นนั้น."
พะอากพะอำ 0,ก.,"อึดอัด, คับแคบใจ."
พะอืดพะอม 0,ว.,อาการที่รู้สึกคลื่นไส้
พะอืดพะอม 1,ว.,"โดยปริยายหมายความว่า ไม่รู้จะตัดสินใจอย่างไรดี, ไม่กล้าที่จะตัดสินใจเด็ดขาดลงไป, กลืนไม่เข้าคายไม่ออก ก็ว่า."
พัก 0,ก.,"หยุดชั่วคราว เช่น พักร้อน พักเครื่อง, อยู่ชั่วคราว, อาศัยชั่วคราว, เช่น บ้านพัก"
พัก 1,ก.,รอรั้ง มักใช้ในความปฏิเสธ เช่น ไม่พักต้องว่า.
พัก 2,น.,"คราว เช่น เมื่อพักที่น้ำท่วม การจราจรติดขัดมาก, ช่วงระยะเวลา เช่น เดินไปพักหนึ่ง หยุดเป็นพัก ๆ."
พักตร์ 0,น.,"หน้า, ใช้ว่า พระพักตร์."
พักตร- 0,น.,"หน้า, ใช้ว่า พระพักตร์."
พักตรา 0,น.,หน้า.
พักตรา 1,น.,"หน้า, ใช้ว่า พระพักตร์."
พักตรากฤติ 0,น.,โฉมหน้า เช่น พักตรากฤติอันบริสุท- ธิพบูและโสภา (สมุทรโฆษ).
พักตรากฤติ 1,น.,"หน้า, ใช้ว่า พระพักตร์."
พักตา 0,น.,"ผู้พูด, ผู้กล่าว."
พักผ่อน 0,ก.,หยุดทำงานชั่วคราวให้คลายเหนื่อย.
พักผ่อนหย่อนใจ 0,ก.,พักผ่อนไปหาความสนุกสนานเพลิดเพลิน.
พักพิง 0,ก.,อาศัยอยู่ชั่วคราว.
พักแพว 0,น.,ผักแพว. [ดู แพว (๑)].
พักฟื้น 0,ก.,พักผ่อนเพื่อให้ร่างกายแข็งแรงเป็นปรกติ เมื่อหายเจ็บป่วย.
พักร 0,ก.,"ย้อน, ถอยหลัง, เช่น ดาวนพเคราะห์เดินย้อนราศีเรียกว่า พักร (รามเกียรติ์ ร. ๒)."
พักร้อน 0,ก.,หยุดพักผ่อน.
พักแรม 0,ก.,พักค้างคืน (มักไปกันเป็นหมู่คณะ) เช่น ลูกเสือไปพักแรม.
พักสมอง 0,ก.,หยุดทำงานที่ทำจำเจหรือหมกมุ่นอยู่ไปทำอย่างอื่นชั่วคราวเพื่อผ่อนคลายสมอง.
พักสายตา 0,ก.,หยุดใช้สายตาอย่างคร่ำเคร่งชั่วคราว.
พักใหญ่ 0,น.,ชั่วระยะเวลานานพอสมควร.
พัง 0,ก.,"ทลาย เช่น บ้านพัง ตึกพัง, ทำให้ทลาย เช่น พังบ้าน พังประตู."
พัง 1,น.,ช้างตัวเมีย เรียกว่า ช้างพัง.
พังกา 0,น.,"ชื่อไม้ต้นในสกุล Rhizophora วงศ์ Rhizophoraceae ขึ้นตามป่าเลนชายทะเล นิยมใช้ทำฟืนและเผาถ่านกันมาก เมล็ดงอกตั้งแต่อยู่บนต้น ลักษณะเรียวยาวคล้ายฝัก มี ๒ ชนิด คือ โกงกางใบใหญ่หรือกงกอน ( R. mucronata Poir.) และโกงกางใบเล็ก ( R. apiculata Blume) ชนิดนี้นิยมใช้ทำฟืนและเผาถ่านกันมาก, พังกา ก็เรียก."
พังกา 1,น.,ชื่องูพิษขนาดเล็กชนิด Trimeresurus purpureomaculatus (Gray) ในวงศ์ Viperidae ยาวประมาณ ๑ เมตร ตัวสีเขียวอมเหลือง มีรอยแต้มสีม่วงเข้มตลอดทั้งตัว อาศัยตามป่าโกงกาง มักพบอยู่ตามต้นไม้เตี้ย ๆ กินกบ เขียด กิ่งก่า พบทางภาคใต้ของประเทศไทย มีพิษรุนแรง.
พังกำ 0,น.,เครื่องจักสานชนิดหนึ่ง ทำด้วยไม้ไผ่จักเป็นเส้น สานควบกับเส้นปอเป็นรูปสี่เหลี่ยม มีกรอบทั้ง ๔ ด้าน ใช้ทำเป็นฝากั้นล้อมหรือเป็นแผงหน้าบ้านหรือหน้าต่าง สำหรับค้ำยันให้ปิดเปิดได้.
พังคา 0,น.,"ชื่อช้างศึกพวกหนึ่ง มีหน้าที่ทำลายค่ายข้าศึก, บางทีก็เรียกว่า ช้างล้อมวัง."
พังงา 0,น.,"พะงา, นางงาม."
พังงา 1,น.,เครื่องบังคับหางเสือเรือ.
พังผืด 0,น.,"เยื่อเหนียวที่ยึดกล้ามเนื้อให้ติดกัน, พั้งผืด ก็ว่า."
พังพวย 0,น.,"ชื่อไม้นํ้าชนิด Ludwigia adscendens (L.) H. Hara ในวงศ์ Onagraceae ทอดเลื้อยไปตามผิวนํ้า กินได้, พังพวย ก็เรียก."
พังพอน 0,น.,ชื่อสัตว์เลี้ยงลูกด้วยนม ในสกุล Herpestes วงศ์ Viverridae ขนลำตัวหนาสีนํ้าตาลหรือเทา หัวแหลม หางยาวเป็นพวง เคลื่อนไหวเร็วมาก กินสัตว์ ในประเทศไทยมี ๒ ชนิด คือ พังพอนธรรมดา [ H. javanicus (Geoffroy)] ตัวเล็ก สีนํ้าตาล และพังพอนกินปูหรือพังพอนยักษ์ [ H. urva (Hodgson)] ตัวใหญ่สีเทา มีแต้มขาวที่ด้านข้างลำคอ.
พังพาน 0,น.,"คองูเห่าหรืองูจงอางที่แผ่แบนออกทำท่าจะฉก, แม่เบี้ย ก็เรียก, โดยปริยายหมายถึง คอพญานาคหรืองูใหญ่ที่แผ่ออกอย่างที่ปรกอยู่เหนือพระพุทธรูปปางนาคปรก."
พังพาบ 0,ก.,อาการที่นอนคว่ำ หน้าเชิด.
พังเพย 0,น.,ถ้อยคำหรือข้อความที่กล่าวสืบต่อกันมาช้านานแล้ว โดยกล่าวเป็นกลาง ๆ เพื่อให้ตีความเข้ากับเรื่อง เช่น กระต่ายตื่นตูม.
พัช 0,น.,"วัช, คอก."
พัชนี 0,น.,พัด.
พัชระ 0,น.,เพชร.
พัญจก 0,น.,ผู้ล่อลวง.
พัญจน์ 0,น.,การล่อลวง.
พัฒกี 0,น.,"วัฒกี, ช่างไม้."
พัฒน- 0,น.,ความเจริญ.
พัฒนะ 0,น.,ความเจริญ.
พัฒนา 0,ก.,ทำให้เจริญ.
พัฒนา 1,ก.,ความเจริญ.
พัฒนากร 0,น.,"ผู้ทำความเจริญ, ผู้ทำการพัฒนา."
พัฒนากร 1,น.,ความเจริญ.
พัฒนาการ 0,น.,"การทำความเจริญ, การเปลี่ยนแปลงในทางเจริญขึ้น, การคลี่คลายไปในทางดี."
พัฒนาการ 1,น.,ความเจริญ.
พัด 0,น.,เครื่องโบกหรือกระพือลม.
พัด 1,ก.,"ปัดไป, โบก, กระพือ, เช่น เอาพัดมาพัดไฟ พายุพัดฝุ่นตลบ"
พัด 2,ก.,หมุนอย่างใบพัดพัดลมหรือใบพัดเครื่องบิน.
พัดงาสาน 0,น.,"พัดยศที่พื้นพัดสานด้วยงาช้าง เป็นเครื่องหมายฝ่ายอรัญวาสี, ในสมัยโบราณ สมเด็จพระสังฆราชและสมเด็จพระราชาคณะเจ้าคณะใหญ่ที่ลงท้ายสร้อยราชทินนามว่า “คามวาสี อรัญวาสี” มีพัดยศ ๒ เล่ม พัดแฉกพื้นกำมะหยี่ปักด้วยทองและเงิน เป็นเครื่องหมายฝ่ายคามวาสี พัดงาสาน เป็นเครื่องหมายฝ่ายอรัญวาสี."
พัดแฉกทรงพุ่มข้าวบิณฑ์ 0,น.,"พัดยศของสมเด็จพระสังฆราช สมเด็จพระราชาคณะ และพระราชาคณะ มีลักษณะอย่างทรงพุ่มข้าวบิณฑ์ ปลายแหลม และมีแฉกโดยรอบ พื้นตาดโหมดหรือกำมะหยี่ ปักลวดลายด้วยดิ้นเลื่อมหรือดิ้นด้าน มีสีและลวดลายต่าง ๆ ตามชั้นแห่งสมณศักดิ์ ด้ามงาเกลี้ยง, ถ้าเป็นพัดยศสมเด็จพระสังฆราช ยอดทำด้วยงาสลักเป็นฉัตร ๓ ชั้น."
พัดชัก 0,น.,เครื่องโบกลมรูปสี่เหลี่ยมผืนผ้า ติดระบายติดห่วงแขวนกับเพดานมีเชือกชัก.
พัดชา 0,น.,ชื่อเพลงไทย อัตรา ๒ ชั้น หน้าทับปรบไก่ มี ๒ ท่อน ปรากฏอยู่ในเพลงเรื่องทำขวัญและในตับนางนาค.
พัดดึงส์ 0,น.,เรียกเหรียญทองครั้งรัชกาลที่ ๔ ชนิดหนึ่ง มีค่าเท่ากับ ๑ ใน ๓๒ ของชั่ง = ๒.๕๐ บาท.
พัดดึงส์ 1,ว.,สามสิบสอง.
พัดโบก 0,น.,ชื่อเครื่องสูงชนิดหนึ่งสำหรับโบกลมถวายพระมหากษัตริย์ซึ่งประทับ ณ ที่สูง.
พัดพุดตาน 0,น.,พัดยศของพระครูสัญญาบัตรหรือพระครูฐานานุกรมบางชั้น มีลักษณะกลม แต่มีแฉกโดยรอบ พื้นทำด้วยกำมะหยี่ สักหลาด แพร หรือเยียรบับ ปักทองแล่ง ดิ้นมัน ดิ้นเลื่อม หรือดิ้นธรรมดา มีสีและลวดลายต่าง ๆ ตามชั้นแห่งสมณศักดิ์.
พัดแพว 0,น.,ผักแพว. [ดู แพว (๑)].
พัดยศ 0,น.,พัดพิเศษที่พระมหากษัตริย์โปรดเกล้าฯ ให้สร้างขึ้นเพื่อพระราชทานแก่ภิกษุสามเณรที่สอบเปรียญธรรมได้ตั้งแต่ ๓ ประโยคขึ้นไป หรือแก่พระภิกษุที่มีความรู้ ความสามารถในการศึกษา การบริหาร หรือการเผยแผ่พระศาสนา เป็นต้น เป็นเครื่องหมายแสดงลำดับชั้นแห่งสมณศักดิ์ มีรูปและชื่อต่าง ๆ กัน คือ พัดหน้านาง พัดพุดตาน พัดแฉกทรงพุ่มข้าวบิณฑ์.
พัดลม 0,น.,เครื่องพัดให้เย็นด้วยแรงไฟฟ้าเป็นต้น
พัดลม 1,น.,เครื่องฉุดระหัดด้วยกำลังลม.
พัดหน้านาง 0,น.,"พัดยศเปรียญหรือพระครูฐานานุกรมบางชั้นที่ต่ำกว่าพระครูวินัยธรและพระครูธรรมธร มีลักษณะกลมอย่างหน้านาง ด้านบนกลมมนโตกว่าด้านล่าง พื้นทำด้วยสักหลาด กำมะหยี่ อัตลัดสีต่าง ๆ ปักลวดลายต่างกันตามชั้นแห่งสมณศักดิ์, ถ้าเป็นพัดเปรียญ ๙ ประโยค พื้นทำด้วยตาดทอง."
พัดหลวง 0,น.,ลมตะโก้. (ดู ตะโก้ ๒).
พัตติงสะ 0,ว.,สามสิบสอง.
พัตร 0,น.,"พัสตร์, ผ้า."
พัทธ์ 0,ก.,"ผูก, ติด, เนื่อง."
พัทธ- 0,ก.,"ผูก, ติด, เนื่อง."
พัทธยา 0,น.,จำนวนที่หักหรือริบเอาไว้เป็นภาคหลวง.
พัทธยา 1,น.,เรียกลมที่พัดจากทิศตะวันตกเฉียงใต้ไปทางทิศตะวันออกเฉียงเหนือในต้นฤดูฝน ว่า ลมพัทธยา.
พัทธยากร 0,น.,ค่าภาคหลวง.
พัทธสีมา 0,น.,เขตที่สงฆ์กำหนดผูกขึ้นเพื่อใช้ทำสังฆกรรม มีขนาดพอจุภิกษุที่นั่งห่างกันคืบหนึ่ง ๆ ได้ไม่น้อยกว่า ๒๑ รูป.
พัทระ 0,น.,ต้นพุทรา.
พัน 0,ว.,เรียกจำนวน ๑๐ ร้อย.
พัน 1,น.,"ตำแหน่งหัวหน้าทหารสมัยโบราณสูงกว่าหัวปาก, บรรดาศักดิ์ชั้นประทวนตํ่ากว่าหมื่น, ชื่อตำแหน่งหัวหน้านายเวรในกระทรวงมหาดไทยและกลาโหม, ยศทหารชั้นสัญญาบัตรรองจากนายพล."
พัน 2,ก.,"วนรอบด้วยสิ่งที่เป็นเส้นสายหรือสิ่งที่มีลักษณะเช่นนั้น เช่น พันคอ พันแผล เถาวัลย์พันกิ่งไม้, ม้วน เช่น พันไหมพรม, รัดโดยรอบ เช่น พันแข้ง, เกี่ยวกันไปมา, เกี่ยวกันยุ่งเหยิง, เช่น ด้ายพันกัน."
พันแข้งพันขา 0,ก.,เคล้าแข้งเคล้าขา เช่น ลูกแมวพันแข้งพันขา.
พันงู 0,น.,"ชื่อไม้ล้มลุก ๒ ชนิดในวงศ์ Amaranthaceae ดอกมีใบประดับย่อยแข็งคล้ายหนาม ใช้ทำยาได้ คือ หญ้าพันงูขาว (Achyranthes asperaL.) ลำต้นตั้ง ใบสีเขียว, พันงู ก็เรียก และหญ้าพันงูแดง [Cyathula prostrata (L.) Blume] กิ่งทอดราบไปตามพื้นดิน ใบสีแดง ๆ."
พันจ่า 0,น.,ยศทหารเรือหรือทหารอากาศชั้นประทวนสูงกว่าจ่า เช่น พันจ่าตรี พันจ่าอากาศเอก.
พันจำ 0,น.,ชื่อไม้ต้นชนิด Vatica odorata (Griff.) Symington ในวงศ์ Dipterocarpaceae ดอกสีเหลืองนวล กลิ่นหอม.
พันไฉน 0,น.,"ชื่อไม้พุ่มชนิด Enkleia siamensis (Kurz) Nevling ในวงศ์ Thymelaeaceae ใช้ทำยาได้, ปอเต่าไห้ หรือ พันไฉน ก็เรียก."
พันซาด 0,น.,ต้นซาก. (ดู ซาก ๒).
พันตัน 0,น.,ต้นมังตาน. (ดู มังตาน).
พันตา 0,น.,พระอินทร์.
พันตู 0,ก.,ต่อสู้ในตอนประชิดติดพันกัน เช่น โรมรันพันตู รบกันพันตู.
พันทาง 0,น.,"เรียกไก่ที่พ่อเป็นอู แม่เป็นแจ้ ว่า ไก่พันทาง, ภายหลังเรียกเลยไปถึงสัตว์ที่พ่อแม่ต่างพันธุ์กัน (ยกเว้นปลากัด) จนถึงสิ่งต่างชนิดบางอย่างที่แกมกันหรือไม่เข้าชุดกัน เช่น สุนัขพันทาง เครื่องลายครามพันทาง."
พันธ์ 0,ก.,"ผูก, มัด, ตรึง. (ป., ส.)."
พันธ์ 1,น.,"ข้อผูกมัด, ข้อผูกพัน."
พันธ- 0,ก.,"ผูก, มัด, ตรึง. (ป., ส.)."
พันธ- 1,น.,"ข้อผูกมัด, ข้อผูกพัน."
พันธกรณี 0,น.,เหตุแวดล้อมที่เป็นข้อผูกมัด.
พันธน- 0,น.,"การผูก, การมัด, การจำขัง"
พันธน- 1,น.,"เครื่องผูก, เครื่องมัด, เครื่องจำ."
พันธนะ 0,น.,"การผูก, การมัด, การจำขัง"
พันธนะ 1,น.,"เครื่องผูก, เครื่องมัด, เครื่องจำ."
พันธนาการ 0,ก.,จองจำ เช่น ถูกพันธนาการ.
พันธนาการ 1,ว.,ที่ใช้จองจำ เช่น เครื่องพันธนาการ.
พันธนาการ 2,น.,การจองจำ.
พันธนาการ 3,น.,"การผูก, การมัด, การจำขัง"
พันธนาคาร 0,น.,เรือนจำ.
พันธนาคาร 1,น.,"การผูก, การมัด, การจำขัง"
พันธนำ 0,น.,ผ้าพันศพผู้มีฐานันดรศักดิ์.
พันธบัตร 0,น.,เอกสารหลักทรัพย์ชนิดหนึ่งที่ออกโดยรัฐบาลหรือนิติบุคคล แสดงการเป็นหนี้ระยะยาวที่กู้จากบุคคลทั่วไป.
พันธมิตร 0,น.,ความสัมพันธ์ระหว่างรัฐที่จะช่วยเหลือกันตามสนธิสัญญาที่ทำไว้ เพื่อร่วมรบหรือเพื่อการป้องกันร่วมกัน.
พันธะ 0,ก.,"ผูก, มัด, ตรึง. (ป., ส.)."
พันธะ 1,น.,"ข้อผูกมัด, ข้อผูกพัน."
พันธุ์ 0,น.,"พวกพ้อง, เชื้อสาย, วงศ์วาน"
พันธุ์ 1,น.,"เทือกเถา, เหล่ากอ"
พันธุ์ 2,น.,เชื้อ เช่น ข้าวเก็บไว้ทำพันธุ์ พันธุ์ข้าว.
พันธุ- 0,น.,"พวกพ้อง, เชื้อสาย, วงศ์วาน"
พันธุ- 1,น.,"เทือกเถา, เหล่ากอ"
พันธุ- 2,น.,เชื้อ เช่น ข้าวเก็บไว้ทำพันธุ์ พันธุ์ข้าว.
พันธุกรรม 0,น.,"ลักษณะ นิสัย ตลอดจนโรคหรือความวิกลวิการบางอย่างที่ลูกหลานสืบมาจากบรรพบุรุษ ปู่ย่าตายาย หรือพ่อแม่, กรรมพันธุ์ ก็ว่า."
พันเนตร 0,น.,พระอินทร์.
พันปี 0,น.,คำเรียกพระราชชนนีว่า สมเด็จพระพันปี
พันปี 1,น.,พระเจ้าแผ่นดิน.
พันพัว 0,ว.,"เกี่ยวเนื่องกัน, ผูกพันกัน, เกี่ยวโยงพาดพิงถึงกัน, เช่น พันพัวกับคดีทุจริต, พัวพัน ก็ว่า."
พันลอก 0,ก.,ผลิ.
พันลอก 1,น.,ดอกไม้.
พันลาย 0,ว.,"ต่าง ๆ, มาก, หลาย."
พันลำ 0,น.,ชื่อลายที่พันสิ่งกลม ๆ ยาว ๆ.
พันลึก 0,ว.,"พิลึก, พึงกลัว, แปลก, ลึกซึ้ง, ใช้เข้าคู่กับคำ พันลือ เป็น พันลึกพันลือ ก็มี."
พันเลิศ 0,ว.,เลิศยิ่ง.
พันแสง 0,น.,“ผู้มีแสงพันหนึ่ง” คือ พระอาทิตย์.
พันเอิญ 0,ว.,เผอิญ.
พับ 0,น.,เรียกลักษณะผ้าหรือกระดาษที่พับไว้ เช่น ซื้อผ้าในพับ.
พับ 1,ก.,"ทบ เช่น พับผ้า พับกระดาษ, หักทบ เช่น พับมีด, คู้เข้า เช่น นั่งพับขา"
พับ 2,ก.,สิ้นกำลังทรงตัว เช่น คอพับ
พับ 3,ก.,ตัดบัญชีเป็นสูญ เช่น เป็นพับไป.
พับ 4,ว.,ที่ทบหรือหักทบเข้าด้วยกัน เช่น ผ้าพับ มีดพับ.
พับเขียง 0,ก.,ห่มผ้าเฉียงบ่า.
พับฐาน 0,ก.,"เลิกล้ม, ทำลายลงหมด"
พับฐาน 1,ก.,แพ้อย่างราบคาบ.
พับผ้า 0,น.,เรียกทางหลวงที่วกไปวกมา ว่า ทางพับผ้า.
พับเพียบ 0,ว.,อาการที่นั่งพับขาให้ปลายเท้าไปทางเดียวกัน.
พับแพนงเชิง 0,ว.,อาการที่นั่งขัดสมาธิ.
พัลลภ 0,น.,"คนสนิท, คนโปรด."
พัลวัน 0,ว.,"อุตลุด, เกี่ยวพันหรือพัวพันกันจนยุ่งเหยิงสับสนแยกไม่ออก, เช่น ตบตีกันเป็นพัลวัน."
พัว 0,ว.,"เป็นพวง, ติดกัน."
พัวพัน 0,ว.,"เกี่ยวเนื่องกัน, ผูกพันกัน, เกี่ยวโยงพาดพิงถึงกัน, เช่น พัวพันกับคดีทุจริต, พันพัว ก็ว่า."
พัวะ 0,ว.,เสียงดังเช่นนั้น.
พัศดี 0,น.,"ผู้บังคับการเรือนจำ, ผู้ปกครองนักโทษ."
พัสดุ 0,น.,"สิ่งของต่าง ๆ, เครื่องใช้ไม้สอย, ที่ดิน, บ้านเรือน."
พัสดุไปรษณีย์ 0,น.,หีบห่อบรรจุสิ่งของที่ส่งทางไปรษณีย์ มีขนาดใหญ่และมีนํ้าหนักมากกว่าไปรษณียภัณฑ์อื่น ๆ หุ้มห่อแน่นหนามั่นคง เหมาะแก่สภาพของสิ่งของและระยะทางที่จะส่งไป.
พัสดุภัณฑ์ 0,น.,สิ่งของที่บรรจุหีบห่อสำหรับส่งจากแห่งหนึ่งไปยังอีกแห่งหนึ่ง.
พัสเดา 0,น.,ชื่อหวายชนิดหนึ่งใหญ่กว่าหวายตะค้า.
พัสตร์ 0,น.,"ผ้า, เขียนเป็น พัตร ก็มี."
พัสถาน 0,น.,"หลักฐาน, มักใช้เข้าคู่กับคำ สมบัติ เป็น สมบัติพัสถาน."
พา 0,ก.,นำไปหรือนำมา.
พาก 0,น.,ชื่อโรคระบาดชนิดหนึ่งที่เกิดแก่สัตว์มีวัวควายเป็นต้น.
พากเพียร 0,ก.,"บากบั่น, พยายาม, มุ่งทำไม่ท้อถอย."
พากย์ 0,ก.,"พูดแทนผู้แสดงหรือตามบทบาทของผู้แสดงโขน หนัง หรือภาพยนตร์ เป็นต้น เช่น พากย์โขน พากย์หนังตะลุง พากย์หนังใหญ่ พากย์ภาพยนตร์, บรรยายถ่ายทอดในการแข่งขันกีฬาหรือการแสดงบางอย่าง เช่น พากย์มวย พากย์ฟุตบอล, กล่าวเรื่องราวเป็นทำนองเมื่อเวลาแสดงโขนเล่นหนัง."
พากย์ 1,น.,"คำพูด, ภาษา"
พากย์ 2,น.,"คำกล่าวเรื่องราวเป็นทำนองเมื่อเวลาแสดงโขนหรือหนังใหญ่เป็นต้น, บทพากย์ ก็ว่า."
พากย์หนัง 0,ก.,"พูดตามบทพากย์ภาพยนตร์, พากย์ ก็ว่า."
พ่าง 0,น.,"พื้น, มักใช้เข้าคู่กันเป็น พ่างพื้น เช่น พ่างพื้นพสุธา."
พ่าง 1,ว.,"เพียง, เช่น, เหมือน, แทบ, พาง ก็ว่า."
พาง 0,ว.,"เพียง, เช่น, เหมือน, แทบ, พ่าง ก็ว่า."
พาง 1,น.,แผ่นโลหะสำหรับตีบอกเสียง.
พาชี 0,น.,ม้า.
พาซื่อ 0,ก.,"เข้าใจตรง ๆ ตามที่เขาพูด, พลอยหลงเชื่อหรือหลงผิดตามไปด้วย."
พาณ 0,น.,"ลูกธนู, ลูกปืน."
พาณ- 0,น.,"ลูกธนู, ลูกปืน."
พาณโยชน์ 0,น.,แล่งธนู.
พาณวาร 0,น.,เกราะ.
พาณาสน์ 0,น.,คันธนู.
พาณิช 0,น.,พ่อค้า.
พาณิชย์ 0,น.,การค้าขาย
พาณิชย์ 1,น.,ชื่อกระทรวงที่มีอำนาจหน้าที่เกี่ยวกับการพาณิชย์ และกิจการทางเศรษฐกิจที่เกี่ยวเนื่องกับการพาณิชย์รวมตลอดทั้งการซื้อขายและแลกเปลี่ยนสินค้า การควบคุมและส่งเสริมเกี่ยวกับกิจการค้าและการประกันภัย.
พาณิชย- 0,น.,การค้าขาย
พาณิชย- 1,น.,ชื่อกระทรวงที่มีอำนาจหน้าที่เกี่ยวกับการพาณิชย์ และกิจการทางเศรษฐกิจที่เกี่ยวเนื่องกับการพาณิชย์รวมตลอดทั้งการซื้อขายและแลกเปลี่ยนสินค้า การควบคุมและส่งเสริมเกี่ยวกับกิจการค้าและการประกันภัย.
พาณิชยกรรม 0,น.,การค้า.
พาณิชยการ 0,น.,การค้า.
พาณิชยศาสตร์ 0,น.,วิชาว่าด้วยการค้า.
พาณิชยศิลป์ 0,น.,ศิลปกรรมประเภทหนึ่งซึ่งสร้างสรรค์ขึ้นเพื่อวัตถุประสงค์ในด้านธุรกิจการค้าโดยเฉพาะ เช่น ศิลปะในการเขียนภาพโฆษณา ศิลปะในการออกแบบเครื่องแต่งกาย.
พาณินี 0,น.,"นางละคร, นางระบำ"
พาณินี 1,น.,หญิงเมาสุรา.
พาณี 0,น.,"เสียง, ถ้อยคำ, ภาษา"
พาณี 1,น.,เจ้าแม่แห่งวาจา คือ พระสรัสวดี.
พาด 0,ก.,"ก่าย เช่น ขาพาดหมอนข้าง, ทอด เช่น พาดบันได พาดสะพาน, พิง เช่น เอาบันไดพาดไว้ที่กำแพง, วางทาบลง, วางทาบห้อยลง, เช่น ผ้าขาวม้าพาดบ่า พาดผ้าไว้ที่ราว พาดผ้าสังฆาฏิ."
พาดควาย 0,ว.,เรียกลักษณะการห่มผ้าของพระอย่างหนึ่ง คือเอาจีวรจีบเข้าแล้วพาดบ่า แล้วคาดรัดประคดอก ว่า ห่มพาดควาย.
พาดไฉน 0,น.,"ชื่อไม้พุ่มชนิด Enkleia siamensis (Kurz) Nevling ในวงศ์ Thymelaeaceae ใช้ทำยาได้, ปอเต่าไห้ หรือ พันไฉน ก็เรียก."
พาดพิง 0,ก.,เกี่ยวโยงไปถึง เช่น ให้การพาดพิงถึงผู้อื่น.
พาดหัวข่าว 0,ก.,"เก็บความสำคัญของข่าว นำมาตีพิมพ์เป็นหัวเรื่องโดยใช้ตัวอักษรขนาดใหญ่ผิดปรกติเพื่อให้เกิดความสนใจ, เรียกข่าวเช่นนั้น ว่า ข่าวพาดหัว."
พาต 0,น.,ลม.
พาท 0,น.,"คำพูด, ถ้อยคำ."
พาทย์ 0,น.,เครื่องประโคม.
พาธ 0,น.,"ความเบียดเบียน, ความทุกข์."
พาธา 0,น.,"ความเบียดเบียน, ความทุกข์."
พ่าน 0,ว.,"พล่าน, พลุกพล่าน, ไม่เป็นระเบียบ."
พาน 0,น.,ภาชนะมีเชิงประเภทหนึ่ง มีหลายชนิด บางชนิดมีรูปทรงคล้ายจาน บางชนิดมีรูปทรงคล้ายขัน เชิงมีรูปร่างต่าง ๆ กัน ใช้สำหรับใส่สิ่งของมีดอกไม้ธูปเทียนเป็นต้น.
พาน 1,น.,"ตอน, บั้น, (ใช้แก่สิ่งของบางชนิด) เช่น พานท้ายปืน พานท้ายเรือ."
พาน 2,น.,"ฐานของนมหรือเต้านมเกิดเป็นไตแข็งขึ้นเริ่มอาการแห่งความเป็นหนุ่มสาว, เรียกอาการของนมหรือเต้านมที่มีลักษณะเช่นนั้น ว่า นมขึ้นพาน หรือ นมแตกพาน."
พาน 3,ว.,"ทำท่าว่า เช่น พานจะเป็นลม พานจะตาย พานจะโกรธ, พี่ก็พานแก่ชราหูตามัว (สังข์ทอง)."
พาน 4,ก.,พบปะ มักใช้เข้าคู่กับคำ พบ เป็น พบพาน หรือ พานพบ เช่น ไม่ได้พบพานเสียนาน
พาน 5,ก.,"ขวาง, กีดขวาง, ขึงขวาง, เช่น เอาเชือกมาพานไว้ เมื่อคนมาปะทะก็จะล้มลง, กั้นไว้ เช่น พานคนข้างหลังไว้, ระให้หมดไป เช่น เอาไม้กวาดพานหยากไย่."
พานกลีบบัว 0,น.,พานที่ริมปากทำเป็นรูปกลีบบัวโดยรอบ.
พานปากกระจับ 0,น.,พานขนาดเล็ก ปากเป็นรูปวงรี ทำเป็นรูปกลีบบัวคลี่ออกคล้ายฝักกระจับ.
พานพระขันหมาก 0,น.,"พานใส่หมากพลูเครื่องเสวย เป็นเครื่องราชูปโภค ใช้เฉพาะพระมหากษัตริย์ ลักษณะเป็นพานซ้อนกัน ๒ ชั้น รูปทรงคล้ายพานแว่นฟ้า ทำด้วยทองคำ จำหลักลวดลายลงยาสี จะเรียกว่า พานพระศรี พานพระขันหมาก หรือพานพระขันหมากเสวย ซึ่งสุดแต่จะทรงพระกรุณาโปรดเกล้าโปรดกระหม่อมให้เรียก, ในพานประกอบด้วย ตลับพู่ใส่ขี้ผึ้ง ๑ มังสี ๒ สำหรับใส่หมากเจียน ๑ หมากทั้งลูก ๑ ซองพลู ๒ สำหรับใส่พลูจีบ ๑ ตลับใส่กระวาน ๑ ตลับใส่ยาฝอย ๑ และพระแสงกรรบิด ๑."
พานพระขันหมากเสวย 0,น.,"พานใส่หมากพลูเครื่องเสวย เป็นเครื่องราชูปโภค ใช้เฉพาะพระมหากษัตริย์ ลักษณะเป็นพานซ้อนกัน ๒ ชั้น รูปทรงคล้ายพานแว่นฟ้า ทำด้วยทองคำ จำหลักลวดลายลงยาสี จะเรียกว่า พานพระศรี พานพระขันหมาก หรือพานพระขันหมากเสวย ซึ่งสุดแต่จะทรงพระกรุณาโปรดเกล้าโปรดกระหม่อมให้เรียก, ในพานประกอบด้วย ตลับพู่ใส่ขี้ผึ้ง ๑ มังสี ๒ สำหรับใส่หมากเจียน ๑ หมากทั้งลูก ๑ ซองพลู ๒ สำหรับใส่พลูจีบ ๑ ตลับใส่กระวาน ๑ ตลับใส่ยาฝอย ๑ และพระแสงกรรบิด ๑."
พานพระศรี 0,น.,"พานใส่หมากพลูเครื่องเสวยของพระมหากษัตริย์, พานใส่หมากพลูเครื่องเสวยซึ่งเป็นเครื่องราชูปโภค ใช้เฉพาะพระมหากษัตริย์ หรือเป็นเครื่องประกอบพระอิสริยยศเจ้านายฝ่ายหน้าฝ่ายในชั้นสมเด็จเจ้าฟ้า จนถึงพระอนุวงศ์ชั้นพระองค์เจ้า มีลักษณะแตกต่างกันไปตามชั้นยศ สำหรับเจ้านายนั้นจะเรียกว่า พานหมากเสวย ก็มี ซึ่งสุดแต่จะทรงพระกรุณาโปรดเกล้าโปรดกระหม่อมให้เรียก."
พานมังสี 0,น.,พานรูปรีใช้รองสังข์รดน้ำเป็นต้น.
พานร 0,น.,ลิง.
พานรินทร์ 0,น.,"พญาลิง, ลิง."
พานเรศ 0,น.,"พญาลิง, ลิง."
พานแว่นฟ้า 0,น.,พานที่ซ้อนกัน ๒ ชั้น ชนิดหนึ่งประดับมุกหรือกระจกเป็นต้น ใบบนเป็นพานทรงสูงซ้อนกันอยู่บนตะลุ่ม อีกชนิดหนึ่งทำด้วยโลหะจำหลักลายกะไหล่ทอง ใบบนเป็นพานเล็กซ้อนอยู่บนพานใหญ่.
พานหมากเสวย 0,น.,"พานใส่หมากพลูเครื่องเสวยของเจ้านาย, พานใส่หมากพลูเครื่องเสวยซึ่งเป็นเครื่องประกอบพระอิสริยยศของเจ้านายฝ่ายหน้าฝ่ายในชั้นสมเด็จเจ้าฟ้า จนถึงพระอนุวงศ์ชั้นพระองค์เจ้า มีลักษณะแตกต่างกันไปตามชั้นยศ จะเรียกว่า พานพระศรี ก็มี ซึ่งสุดแต่จะทรงพระกรุณาโปรดเกล้าโปรดกระหม่อมให้เรียก."
พาม 0,ว.,"ซ้าย, ข้างซ้าย, เช่น ดยรดาษหน้าหลังหลาม ทงงทักษิณพามพิพิธ (ม. คำหลวง). (ป., ส. วาม)."
พาย 0,น.,"เครื่องมือสำหรับพุ้ยนํ้าให้เรือเคลื่อนไป ทำด้วยไม้ มีด้ามกลมยาวประมาณ ๒ ศอกสำหรับจับ ส่วนที่ใช้พุ้ยน้ำมีลักษณะแบน เรียกว่า ใบพาย, ถ้าลอกลวดเป็นคิ้วตลอดกลางใบพาย เรียกว่า พายคิ้ว, ถ้าด้ามสั้น ใบป้อม เพื่อให้จับได้ถนัด เรียกว่า พายทุย, เรียกไม้แบน ๆ ที่มีรูปคล้ายพาย เช่น พายกวนขนม."
พาย 1,ก.,ใช้ใบพายวักหรือดันน้ำไปทางท้ายเรือเพื่อให้เรือเคลื่อนไป.
พ่าย 0,ก.,"หนีไป, แพ้."
พายม้า 0,น.,"ชื่อเรือขุดชนิดหนึ่ง หัวเรือและท้ายเรือเรียวงอนขึ้นพองาม มีไม้หูกระต่ายติดขวางอยู่ทั้งหัวและท้ายเรือ ตรงกลางลำป่องออก ใช้งานในแถบภาคกลาง, ใช้ว่า ไพม้า หรือ พลายม้า ก็มี."
พายเรือคนละที 0,ก.,ทำงานไม่ประสานกัน.
พายเรือทวนน้ำ 0,ก.,ทำด้วยความยากลำบาก.
พายเรือในหนอง 0,ก.,คิด ทำ หรือพูดวกวนกลับไปกลับมา.
พายเรือในอ่าง 0,ก.,คิด ทำ หรือพูดวกวนกลับไปกลับมา.
พายัพ 0,ว.,ตะวันตกเฉียงเหนือ.
พายุ 0,น.,ลมแรง.
พายุโซนร้อน 0,น.,พายุหมุนที่มีกำลังปานกลาง ก่อตัวขึ้นในบริเวณทะเลหรือมหาสมุทรในโซนร้อนใกล้เส้นศูนย์สูตร มีความเร็วลมรอบบริเวณศูนย์กลางตั้งแต่ ๓๔ นอต หรือ ๖๓ กิโลเมตรต่อชั่วโมง แต่ไม่ถึง ๖๔ นอต หรือ ๑๑๘ กิโลเมตรต่อชั่วโมง.
พายุไซโคลน 0,น.,พายุหมุนที่มีกำลังแรงจัด ทำให้มีฝนตกหนักมาก เกิดขึ้นในมหาสมุทรอินเดีย ทะเลอาหรับ และอ่าวเบงกอล มีความเร็วลมใกล้บริเวณศูนย์กลางตั้งแต่ ๖๕ นอต หรือ ๑๒๐ กิโลเมตรต่อชั่วโมงขึ้นไป.
พายุดีเปรสชัน 0,น.,พายุหมุนที่มีกำลังอ่อน ทำให้ฝนตกปานกลางถึงตกหนัก เกิดขึ้นในละติจูดกลางหรือละติจูดสูง มีความเร็วลมสูงสุดใกล้บริเวณศูนย์กลางไม่เกิน ๓๓ นอต หรือ ๖๑ กิโลเมตรต่อชั่วโมง.
พายุไต้ฝุ่น 0,น.,พายุหมุนที่มีกำลังแรงจัด ทำให้มีฝนตกหนักมาก เกิดขึ้นในบริเวณภาคตะวันตกของมหาสมุทรแปซิฟิกและในทะเลจีน มีความเร็วลมใกล้บริเวณศูนย์กลางตั้งแต่ ๖๕ นอต หรือ ๑๒๐ กิโลเมตรต่อชั่วโมงขึ้นไป.
พายุทอร์นาโด 0,น.,"พายุประจำถิ่นขนาดเล็ก แต่มีความรุนแรงมาก มีขนาดเส้นผ่าศูนย์กลาง ๒-๓ กิโลเมตร บริเวณศูนย์กลางพายุมีความกดอากาศต่ำมาก จึงทำให้อากาศรอบนอกที่พัดเข้าหาศูนย์กลางพายุมีความเร็วสูงมาก เมื่อเริ่มเกิดเมฆจะม้วนตัวเป็นรูปกรวยหรืองวงยื่นออกมาจากฐานเมฆ ส่วนมากเกิดในบริเวณตอนกลางของสหรัฐอเมริกาและทางตะวันตกของออสเตรเลีย, ลมงวง หรือ ลมงวงช้าง ก็เรียก."
พายุนอกโซนร้อน 0,น.,พายุโซนร้อนที่เคลื่อนที่ไปในละติจูดสูง ๆ ในบริเวณนอกโซนร้อนหรือที่เกิดขึ้นนอกโซนร้อน.
พายุบุแคม 0,น.,"พายุที่กระหน่ำตีเข้ามาอย่างเร็วและแรง, โดยปริยายใช้เปรียบกับการกระทำที่เร็วและแรง เช่น เขาเป็นคนใจร้อน ขับรถอย่างกับพายุบุแคม"
พายุบุแคม 1,น.,ใช้เปรียบการกินทุกอย่างหมดในเวลารวดเร็ว ในความว่า กินอย่างกับพายุบุแคม.
พายุฝุ่น 0,น.,พายุที่เกิดเนื่องจากแผ่นดินร้อนจัด กระแสอากาศยกตัวขึ้นสู่เบื้องบน มวลอากาศที่อยู่ข้างเคียงจึงเคลื่อนตัวเข้ามาแทนที่ มักเกิดในบริเวณที่เป็นทะเลทรายในฤดูร้อน.
พายุฟ้าคะนอง 0,น.,พายุที่มีทั้งฟ้าแลบ ฟ้าร้อง ลมกระโชกแรง และมีฝนตกหนัก บางครั้งมีลูกเห็บตกลงมาด้วย.
พายุหมุน 0,น.,ลมแรงที่พัดเวียนเข้าหาบริเวณศูนย์กลางที่มีความกดอากาศต่ำกว่าบริเวณที่อยู่โดยรอบมาก.
พายุเฮอริเคน 0,น.,พายุที่มีความเร็วลมเช่นเดียวกับพายุไต้ฝุ่น แต่เกิดในมหาสมุทรแอตแลนติก ทะเลแคริบเบียน อ่าวเม็กซิโก และภาคตะวันออกของมหาสมุทรแปซิฟิกเหนือ.
พาร์เซก 0,น.,"หน่วยที่ใช้วัดระยะทางในจักรวาล ๑ พาร์เซก มีค่าเท่ากับระยะทาง ๒๐๖,๒๖๕ เท่าของ ๑ หน่วยดาราศาสตร์ หรือประมาณ ๓.๒๖ ปีแสง หรือประมาณ ๓.๐๘๔ x ๑๐^๑๖ เมตร."
พารณ 0,น.,ช้าง.
พารณะ 0,น.,ช้าง.
พารา 0,น.,"เมือง, เขียนเป็น ภารา ก็มี."
พาราฟิน 0,น.,"สารประกอบอินทรีย์ประเภทหนึ่งซึ่งมีสูตร C_nH_2n+2ในเมื่อ n = 1, 2, 3, … ในปัจจุบันเรียกสารประกอบประเภทนี้ ว่า อัลเคน (alkane). (อ. paraffin)"
พาราฟิน 1,น.,"ชื่อนํ้ามันประเภทหนึ่ง ซึ่งมีจุดเดือดอยู่ระหว่าง ๒๐๐ °-๓๐๐ °ซ. เป็นสารผสมของสารประกอบอินทรีย์ซึ่งมีสูตร C_nH_2n+2 ในเมื่อ n = 12-16 ได้มาจากการนำนํ้ามันปิโตรเลียมมากลั่น ใช้ประโยชน์เป็นเชื้อเพลิงได้, นํ้ามันก๊าด ก็เรียก. (อ. paraffin oil)"
พาราฟิน 2,น.,ชื่อของแข็งประเภทหนึ่ง ลักษณะสีขาวโปร่งแสง หลอมละลายระหว่าง ๕๐ °-๖๐ °ซ. เป็นสารผสมของสารประกอบอินทรีย์ซึ่งมีสูตร C_nH_2n+2 ในเมื่อ n = 20-30 ใช้ประโยชน์ทำเทียนไข กระดาษไข ยาขัด เป็นต้น.
พาล 0,น.,ขน.
พาล 1,ว.,"อ่อน, เด็ก, รุ่น. (ป., ส.)"
พาล 2,ว.,"ชั่วร้าย, เกเร, เกะกะ, เช่น คนพาล."
พาล 3,ก.,"หาเรื่องทำให้วุ่นวาย, หาเรื่องทำให้เดือดร้อน, เช่น พาลหาเรื่อง พาลหาเหตุ."
พาล 4,น.,"คนชั่วร้าย, คนเกเร, เช่น คบคนพาลพาลพาไปหาผิด."
พาลกระแชง 0,ก.,พาลหาเรื่องทำให้วุ่นวาย.
พาลรีพาลขวาง 0,ว.,ชอบหาเรื่องทะเลาะวิวาท.
พาลา 0,ว.,"อ่อน, เด็ก, รุ่น. (ป., ส.)"
พาลา 1,ว.,"ชั่วร้าย, เกเร, เกะกะ, เช่น คนพาล."
พาลา 2,ก.,"หาเรื่องทำให้วุ่นวาย, หาเรื่องทำให้เดือดร้อน, เช่น พาลหาเรื่อง พาลหาเหตุ."
พาลา 3,น.,"คนชั่วร้าย, คนเกเร, เช่น คบคนพาลพาลพาไปหาผิด."
พาลี 0,น.,เรียกรอยเป็นชั้น ๆ ที่โคนเขาวัวและควาย.
พาลีหลายหน้า 0,ว.,"กลับกลอก, ไม่ซื่อสัตย์."
พาลุก 0,น.,ทราย.
พาโล 0,ก.,"แสร้งพูดใส่ความไม่จริงให้คนอื่น, กล่าวหาความ, บางทีก็ใช้มีสร้อยว่า พาโลโสเก หรือ พาโลโฉเก."
พาไล 0,น.,พะไล.
พาส 0,ก.,นุ่งห่ม
พาส 1,ก.,อยู่.
พาสน์ 0,น.,"การนุ่งห่ม, เครื่องนุ่งห่ม"
พาสน์ 1,น.,การอยู่
พาสน์ 2,น.,"การอบ, การทำให้หอม."
พาสนา 0,น.,วาสนา.
พาสุกรี 0,น.,พญานาค.
พ่าห์ 0,น.,"ผู้แบก, ผู้ถือ, ผู้ทรงไว้"
พ่าห์ 1,น.,ม้า.
พาหนะ 0,น.,"เครื่องนำไป, เครื่องขับขี่, สัตว์สำหรับขี่บรรทุกหรือลากเข็นมีช้าง ม้า โค กระบือเป็นต้น เรียกว่า สัตว์พาหนะ, ยานต่าง ๆ มีรถและเรือเป็นต้น เรียกว่า ยานพาหนะ."
พาหะ 0,น.,"ผู้แบก, ผู้ถือ, ผู้ทรงไว้"
พาหะ 1,น.,ม้า.
พาหะ 2,น.,แขน.
พาหะ 3,น.,ตัวนำ เช่น ยุงก้นปล่องเป็นพาหะไข้มาลาเรีย.
พาหา 0,น.,แขน.
พาหิรกะ 0,ว.,ภายนอก.
พาหิระ 0,ว.,ภายนอก.
พาหุ 0,น.,แขน.
พาหุยุทธ์ 0,น.,"การต่อสู้ด้วยแขน, การชกมวย, การปลํ้า."
พาหุรัด 0,น.,"เครื่องประดับชนิดหนึ่ง สวมรัดต้นแขน, ทองต้นแขน ก็เรียก."
พาหุสัจจะ 0,น.,"ความเป็นผู้ได้ยินได้ฟังมาก, ความเป็นผู้ได้ศึกษาเล่าเรียนมาก."
พาเหียร 0,ว.,ภายนอก.
พาฬ 0,น.,"สัตว์ร้าย, ช้างร้าย, สิงโต, งู, เสือ."
พาฬ- 0,น.,"สัตว์ร้าย, ช้างร้าย, สิงโต, งู, เสือ."
พาฬมฤค 0,น.,"สัตว์ร้าย, สัตว์ที่กินสัตว์อื่นเป็นอาหาร."
พาฬหะ 0,ว.,"หนัก, ยิ่ง."
พำ 0,ก.,"ปำ, ควํ่าลง, คะมำลง, ปักลง."
พำ ๆ 0,ว.,"เสียงอย่างเสียงคนพูดหรือบ่นค่อย ๆ, พึมพำ."
พำนัก 0,ก.,"พัก, อาศัยอยู่, พะพิง."
พำพวก 0,น.,พวก.
พำพึม 0,ว.,"เสียงอย่างเสียงคนพูดหรือบ่นค่อย ๆ, พึมพำ."
พำลา 0,น.,เรียกช้างซึ่งมีลักษณะอันชั่วร้ายชนิดหนึ่ง ตำราไม่ให้เอามาใช้เป็นพาหนะ.
พิกล 0,ว.,"ผิดปรกติ, แปลกไป, เช่น รูปร่างพิกล ทำท่าพิกล พูดพิกล."
พิกเลนทรีย์ 0,น.,ร่างกายแปลกประหลาด.
พิกเลนทรีย์ 1,ว.,"ผิดปรกติ, แปลกไป, เช่น รูปร่างพิกล ทำท่าพิกล พูดพิกล."
พิกสิต 0,ก.,"วิกสิต, บาน, แย้ม, คลี่."
พิกัด 0,น.,กำหนด (ของต้องพิกัด หมายความว่า ของเข้ากำหนดที่จะต้องเสียภาษีอากร).
พิกัด 1,น.,จำนวนจริง ๒ จำนวนซึ่งเป็นคู่ลำดับ ที่แทนจุดจุดหนึ่งบนระนาบ จำนวนแรกของคู่ลำดับเรียกว่า พิกัด x เป็นระยะตั้งฉากที่จุดนั้นห่างจากแกนดิ่ง ส่วนจำนวนที่ ๒ ของคู่ลำดับเรียกว่า พิกัด y เป็นระยะตั้งฉากที่จุดนั้นห่างจากแกนนอน.
พิกัดยา 0,น.,การกำหนดจำนวนตัวยาไทยเข้าเป็นกลุ่มเป็นพวก เช่นพวกมีตัวยา ๓ อย่าง มี กรีฏุก ตรีกาลพิษ เป็นต้น พวกมีตัวยา ๔ อย่าง มี จตุกาลธาตุ จตุทิพยคันธา เป็นต้น.
พิกัดอัตราศุลกากร 0,น.,กำหนดอัตราเพื่อคำนวณเงินอากรที่เรียกเก็บจากของที่ส่งหรือพาออกไปนอกราชอาณาจักร เรียกว่า อากรขาออก หรือของที่นำหรือพาเข้ามาในราชอาณาจักร เรียกว่า อากรขาเข้า.
พิกัติ 0,น.,"การทำให้เป็นหลายอย่าง, การกระทำให้แปลกออกไป, การประดิษฐ์ทำ."
พิกัน 0,น.,ชื่อต้นไม้ ดอกหอมเหมือนพิกุล แต่ดอกใหญ่.
พิการ 0,ว.,"เสียอวัยวะมีแขนขาเป็นต้น, เสียไปจากสภาพเดิม, เช่น แขนพิการ ตาพิการ, บางทีใช้เข้าคู่กับคำ พิกล เป็น พิกลพิการ."
พิกุล 0,น.,"ชื่อไม้ต้นชนิด Mimusops elengi L. ในวงศ์ Sapotaceae กลีบดอกจักแหลม กลิ่นหอมและหอมอยู่จนแห้ง ใช้ทำยาได้, พายัพเรียก แก้ว, ปักษ์ใต้เรียก กุล."
พิกุลป่า 0,น.,"ชื่อไม้ต้นขนาดใหญ่ชนิด Homalium grandiflorum Benth. ในวงศ์ Flacourtiaceae มักขึ้นริมนํ้าและที่ชุ่มชื้น ดอกคล้ายดอกพิกุล, ไก๊ ชุมแสงแดง หรือ พิกุลป่า ก็เรียก."
พิเคราะห์ 0,ก.,"ใคร่ครวญ, ไตร่ตรอง, พิจารณาอย่างถี่ถ้วนรอบคอบ."
พิฆน์ 0,น.,อุปสรรค
พิฆน์ 1,น.,"เครื่องกีดขวาง, แก่ง."
พิฆเนศ 0,น.,"ชื่อเทพองค์หนึ่ง มีเศียรเป็นช้าง ถือว่าเป็นเทพแห่งศิลปะ ถ้าบูชาแล้วป้องกันความขัดข้องที่จะเกิดมีขึ้นได้, คเณศ วิฆเนศ หรือ วิฆเนศวร ก็เรียก."
พิฆเนศวร 0,น.,"ชื่อเทพองค์หนึ่ง มีเศียรเป็นช้าง ถือว่าเป็นเทพแห่งศิลปะ ถ้าบูชาแล้วป้องกันความขัดข้องที่จะเกิดมีขึ้นได้, คเณศ วิฆเนศ หรือ วิฆเนศวร ก็เรียก."
พิฆาต 0,ก.,"ฆ่า เช่น พิฆาตข้าศึก, ทำลายล้าง เช่น เรือพิฆาตตอร์ปิโด."
พิง 0,ก.,อิง เช่น ยืนพิงเสา.
พิจยะ 0,น.,"การตรวจตรา, การไต่สวน."
พิจล 0,ก.,หวั่นไหว.
พิจัย 0,น.,"การตรวจตรา, การไต่สวน."
พิจาร 0,ก.,"ตรวจตรา, ตริตรอง, สอบสวน."
พิจารณ์ 0,ก.,"ตรวจตรา, ตริตรอง, สอบสวน."
พิจารณา 0,ก.,"ตรวจตรา, ตริตรอง, สอบสวน."
พิจิก 0,น.,"ชื่อกลุ่มดาวรูปแมงป่อง เรียกว่า ราศีพิจิก เป็นราศีที่ ๗ ในจักรราศี, ราศีพฤศจิก ก็ว่า."
พิจิต 0,ก.,"เลือกคัด, ตรวจ."
พิจิตร 0,ว.,"ต่าง ๆ, หลายหลาก"
พิจิตร 1,ว.,"งาม, น่าดู."
พิชญ์ 0,น.,"นักปราชญ์, คนมีความรู้สูง."
พิชย- 0,น.,ความชนะ.
พิชัย 0,น.,ความชนะ.
พิชัยสงคราม 0,น.,"ตำราว่าด้วยกลยุทธ์, ตำราว่าด้วยวิธีการเอาชนะในสงคราม."
พิชาน 0,น.,"ความรู้สึกตัว, การรับรู้อารมณ์หรือสิ่งเร้า."
พิชิต 0,น.,"แว่นแคว้นที่ปราบปรามแล้ว, แว่นแคว้น."
พิชิต 1,ก.,"ชนะ, ปราบให้แพ้."
พิชิต- 0,น.,"แว่นแคว้นที่ปราบปรามแล้ว, แว่นแคว้น."
พิชิต- 1,ก.,"ชนะ, ปราบให้แพ้."
พิชิตมาร 0,น.,พระผู้ชนะมาร คือ พระพุทธเจ้า.
พิเชฐ 0,ว.,"เจริญที่สุด, ประเสริฐที่สุด."
พิเชียร 0,น.,เพชร.
พิฑูรย์ 0,น.,ไพฑูรย์.
พิณ 0,น.,ชื่อเครื่องดนตรีชนิดหนึ่ง บรรเลงด้วยการดีดสาย.
พิณพาทย์ 0,น.,ชื่อเรียกวงดนตรีไทยโบราณ ประกอบด้วยเครื่องดีด คือ พิณ ผสมกับเครื่องตี ได้แก่ ระนาดและฆ้องวงชนิดต่าง ๆ เป็นหลัก และเครื่องกำกับจังหวะ เช่น ฉิ่ง ฉาบ กรับ โหม่ง ตะโพน กลองทัด กลองแขก และกลองสองหน้า ต่อมาเปลี่ยนพิณ เป็น ปี่ จึงเปลี่ยนชื่อเป็น ปี่พาทย์.
พิณพาทย์เครื่องคู่ 0,น.,ปี่พาทย์เครื่องคู่.
พิณพาทย์เครื่องห้า 0,น.,ปี่พาทย์เครื่องห้า.
พิณพาทย์เครื่องใหญ่ 0,น.,ปี่พาทย์เครื่องใหญ่.
พิดทูล 0,ก.,เพ็ดทูล.
พิดรก 0,ก.,วิตก.
พิดาน 0,น.,เพดาน เช่น ด้วยพิดานดาวทอง (ม. คำหลวง วนปเวสน์).
พิโดร 0,ก.,ฟุ้งไป (ใช้แก่กลิ่น).
พิตร 0,น.,"ทรัพย์, ของเครื่องปลื้มใจ."
พิถย- 0,น.,วิถี.
พิถยันดร 0,น.,ระหว่างวิถี.
พิถี 0,น.,"ถนน, หนทาง."
พิถีพิถัน 0,ว.,ละเอียดลออมาก เช่น เขาเป็นคนพิถีพิถันในการเลือกเสื้อผ้า.
พิทย์ 0,น.,ความรู้.
พิทย- 0,น.,ความรู้.
พิทยา 0,น.,ความรู้.
พิทยาคม 0,น.,"การเล่าเรียนวิชา, เวทมนตร์."
พิทยาคาร 0,น.,โรงเรียน.
พิทยาธร 0,น.,อมนุษย์พวกหนึ่ง มีฐานะตํ่ากว่าเทวดา เชื่อว่ามีวิชากายสิทธิ์สามารถเหาะเหินเดินอากาศได้ อยู่ในภูเขาหิมาลัย มีหน้าที่ปฏิบัติพระศิวะ.
พิทยาพล 0,น.,กำลังกายสิทธิ์.
พิทยาลัย 0,น.,โรงเรียนชั้นมัธยมศึกษา.
พิทักษ์ 0,ก.,ดูแลคุ้มครอง เช่น พิทักษ์สันติราษฎร์.
พิทักษ์ 1,ว.,สันทัด.
พิทักษ์ทรัพย์ 0,น.,คำสั่งศาลในคดีล้มละลายเพื่อให้เจ้าพนักงานพิทักษ์ทรัพย์เข้าควบคุมและจัดการทรัพย์สินของลูกหนี้ก่อนศาลสั่งให้เป็นบุคคลล้มละลาย.
พิทักษ์สันติ 0,น.,ชื่อเพลงไทย.
พิทูร 0,ว.,"วิทูร, ฉลาด, รอบรู้, ชำนาญ. (ดู วิทูร ๑)."
พิเทศ 0,น.,ต่างประเทศ.
พิธาน 0,น.,"วิธาน, การจัดแจง, การทำ."
พิธี 0,น.,งานที่จัดขึ้นตามลัทธิหรือความเชื่อถือตามขนบธรรมเนียมประเพณีเพื่อความขลังหรือความเป็นสิริมงคลเป็นต้น เช่น พิธีพระราชทานปริญญาบัตร พิธีมงคลสมรส พิธีประสาทปริญญา
พิธี 1,น.,"แบบอย่าง, ธรรมเนียม, เช่น ทำให้ถูกพิธี"
พิธี 2,น.,การกำหนด เช่น ก็อยู่จนสิ้นชนมายุพิธีในเทพพู้น (ม. คำหลวง ทศพร).
พิธีกร 0,น.,"ผู้ดำเนินการในพิธี เช่น พิธีกรในงานมงคลสมรส, ผู้ดำเนินรายการ เช่น พิธีกรในการสัมมนา."
พิธีกรรม 0,น.,"การบูชา, แบบอย่างหรือแบบแผนต่าง ๆ ที่ปฏิบัติในทางศาสนา."
พิธีการ 0,น.,การที่เกี่ยวกับพิธีและแบบหนังสือทางทูต เช่น กรมพิธีการทูต.
พิธีจุ่ม 0,น.,"พิธีจุ่มหัวหรือตัวลงในนํ้า หรือใช้นํ้าเสกพรมศีรษะเพื่อรับเข้าเป็นคริสต์ศาสนิกชน, ศีลล้างบาป ก็เรียก, เดิมเรียกว่า ศีลจุ่ม."
พิธีแตก 0,ว.,"เสียเรื่อง, ล้มเหลว."
พิธีมณฑล 0,น.,บริเวณที่กำหนดขึ้นเพื่อประกอบพิธี เช่นกำหนดขอบเขตขึ้นด้วยการกั้นแผงราชวัติ ฉัตร หรือธง.
พิธีรีตอง 0,น.,งานพิธีตามแบบตามธรรมเนียม.
พิธีสาร 0,น.,ความตกลงระหว่างประเทศอย่างหนึ่ง ได้แก่ ตราสารอันบรรจุไว้ซึ่งความตกลงที่มีความสำคัญรองลงมาจากสนธิสัญญาและอนุสัญญา โดยมากเป็นพิธีสารต่อท้ายหรือแก้ไขเพิ่มเติมสนธิสัญญาหรืออนุสัญญา.
พิธุ 0,น.,พระจันทร์.
พิธุร 0,ว.,"ลำบาก, พรากกัน."
พินทุ 0,น.,"หยาดเช่นหยาดนํ้า, จุด, จุดที่ใส่ไว้ใต้ตัวอักษร, จุดกลมแต้มที่หน้าผากระหว่างคิ้วของผู้หญิงตามลัทธิพราหมณ์, รูปวงเล็ก ๆ."
พินทุ 1,น.,ชื่อสังขยาจำนวนสูงเท่ากับโกฏิกำลัง ๗ หรือเลขหนึ่งมีศูนย์ตามหลัง ๔๙ ตัว.
พินทุกัป 0,น.,การทำพินทุ คือ เขียนรูปวงที่มุมจีวรตามวินัยบัญญัติ เพื่อแสดงความเป็นเจ้าของ.
พินทุกัปปะ 0,น.,การทำพินทุ คือ เขียนรูปวงที่มุมจีวรตามวินัยบัญญัติ เพื่อแสดงความเป็นเจ้าของ.
พินทุสร 0,น.,เสียงเพราะ.
พินทุ์อิ 0,น.,รูปสระดังนี้ .
พินทุอิ 0,น.,รูปสระดังนี้ .
พินพง 0,ว.,มากมาย.
พิ่นพั่ง 0,ว.,มากมาย.
พินอบพิเทา 0,ก.,แสดงอาการเคารพนบนอบมาก.
พินัย 0,น.,เงินค่าปรับที่จ่ายให้ทางราชการ.
พินัยกรรม 0,น.,คำสั่งของบุคคลที่กำหนดการเผื่อตายในเรื่องทรัพย์สินของตน หรือในการต่าง ๆ อันจะให้เกิดเป็นผลบังคับได้ตามกฎหมายเมื่อตนตายแล้ว.
พินัยหลวง 0,น.,เงินค่าปรับเป็นของหลวง เช่น ปรับเป็นพินัยหลวง.
พินาศ 0,น.,"ความเสียหายสิ้นเชิง, ความเสียหายย่อยยับ."
พินาศ 1,ก.,"เสียหายสิ้นเชิง, เสียหายย่อยยับ."
พินิจ 0,ก.,"พิจารณา, ตรวจตรา, เช่น เพ่งพินิจ."
พินิต 0,ก.,"แนะนำ, สั่งสอน, ปกครอง."
พินิศ 0,ก.,"ดู, แลดู, เพ่งดู."
พินิศจัย 0,ก.,"ตัดสิน, ชี้ขาด."
พิเนต 0,ก.,"พินิต, แนะนำ, สั่งสอน, ปกครอง."
พิบัติ 0,น.,"ความฉิบหาย, ความหายนะ, ความเป็นอัปมงคล."
พิบัติ 1,ก.,ฉิบหาย.
พิบาก 0,น.,ผล (ผลแห่งกรรม).
พิบาก 1,ว.,ยากเย็น.
พิบุล 0,ว.,"กว้างขวาง, มาก."
พิบูล 0,ว.,"กว้างขวาง, มาก."
พิปริต 0,ก.,วิปริต.
พิปลาส 0,ก.,วิปลาส.
พิปัสสนา 0,น.,วิปัสสนา.
พิพรรธ 0,ก.,พิพัฒ.
พิพรรธน์ 0,น.,พิพัฒน์.
พิพักพิพ่วน 0,ก.,"กังวล, อักอ่วน, รวนเร, นึกกลับไปกลับมา."
พิพักพิพ่วน 1,ว.,"อาการที่รู้สึกปั่นป่วนในท้อง, อาการที่รู้สึกกระอักกระอ่วนลังเลใจ."
พิพัฒ 0,ก.,เจริญแล้ว.
พิพัฒน์ 0,น.,ความเจริญ.
พิพากษ์ 0,ก.,ตัดสิน.
พิพากษา 0,ก.,"ตัดสินคดีโดยศาล, เรียกตุลาการผู้ทำหน้าที่ตัดสินดังกล่าว ว่า ผู้พิพากษา, เรียกคำตัดสินนั้น ว่า คำพิพากษา."
พิพาท 0,ก.,โต้แย้งสิทธิ์ เช่น พิพาทเรื่องที่ดิน พิพาทเรื่องมรดก.
พิพิธ 0,ว.,ต่าง ๆ กัน.
พิพิธ- 0,ว.,ต่าง ๆ กัน.
พิพิธภัณฑ์ 0,น.,สถานที่เก็บรวบรวมและแสดงสิ่งต่าง ๆ ที่มีความสำคัญด้านวัฒนธรรมหรือด้านวิทยาศาสตร์ โดยมีความมุ่งหมายเพื่อให้เป็นประโยชน์ต่อการศึกษา และก่อให้เกิดความเพลิดเพลินใจ.
พิพิธภัณฑสถาน 0,น.,สถานที่เก็บรวบรวมและแสดงสิ่งต่าง ๆ ที่มีความสำคัญด้านวัฒนธรรมหรือด้านวิทยาศาสตร์ โดยมีความมุ่งหมายเพื่อให้เป็นประโยชน์ต่อการศึกษา และก่อให้เกิดความเพลิดเพลินใจ.
พิภพ 0,น.,"โลก เช่น ในพื้นพิภพ นอกพิภพ, ที่อยู่ของนาคในชั้นบาดาล เรียกว่า นาคพิภพ"
พิภพ 1,น.,ทรัพย์สมบัติ เช่น ผ่านพิภพ คือ ครองสมบัติ. (ดู วิภว-).
พิภัช 0,ก.,"แจก, แบ่ง."
พิภาค 0,น.,"การแจก, การแบ่ง."
พิภูษณะ 0,น.,"วิภูษณะ, เครื่องประดับ, เครื่องแต่ง."
พิเภก 0,น.,ชื่อสมอชนิดหนึ่ง. (ดู สมอ ๒).
พิม 0,น.,"ชื่อหอยทะเลกาบคู่ชนิด Pholas orientalis Gmelin ในวงศ์ Pholadidae เปลือกบางเปราะค่อนข้างยาว สีขาวคล้ำ ผิวขรุขระสามารถใช้เปลือกเจาะพื้นที่เป็นดินโคลนให้เป็นรูเพื่อผังตัวอยู่ได้, พิม พิมการัง หรือ พิมพการัง ก็เรียก."
พิมการัง 0,น.,"ชื่อหอยทะเลกาบคู่ชนิด Pholas orientalis Gmelin ในวงศ์ Pholadidae เปลือกบางเปราะค่อนข้างยาว สีขาวคล้ำ ผิวขรุขระสามารถใช้เปลือกเจาะพื้นที่เป็นดินโคลนให้เป็นรูเพื่อผังตัวอยู่ได้, พิม พิมการัง หรือ พิมพการัง ก็เรียก."
พิมปะการัง 0,น.,"ชื่อหอยทะเลกาบคู่ชนิด Pholas orientalis Gmelin ในวงศ์ Pholadidae เปลือกบางเปราะค่อนข้างยาว สีขาวคล้ำ ผิวขรุขระสามารถใช้เปลือกเจาะพื้นที่เป็นดินโคลนให้เป็นรูเพื่อผังตัวอยู่ได้, พิม พิมการัง หรือ พิมพการัง ก็เรียก."
พิมพ์ 0,น.,"รูป, รูปร่าง, แบบ, เช่น หยอดวุ้นลงในพิมพ์ หน้าตาเป็นพิมพ์เดียวกัน."
พิมพ์ 1,ก.,"ถ่ายแบบ, ใช้เครื่องจักรกดตัวหนังสือหรือภาพเป็นต้นให้ติดบนวัตถุ เช่นแผ่นกระดาษ ผ้า, เช่น พิมพ์ผ้า พิมพ์ขนมเป็นรูปต่าง ๆ."
พิมพ- 0,น.,"รูป, รูปร่าง, แบบ, เช่น หยอดวุ้นลงในพิมพ์ หน้าตาเป็นพิมพ์เดียวกัน."
พิมพ- 1,ก.,"ถ่ายแบบ, ใช้เครื่องจักรกดตัวหนังสือหรือภาพเป็นต้นให้ติดบนวัตถุ เช่นแผ่นกระดาษ ผ้า, เช่น พิมพ์ผ้า พิมพ์ขนมเป็นรูปต่าง ๆ."
พิมพการัง 0,น.,"ชื่อหอยทะเลกาบคู่ชนิด Pholas orientalis Gmelin ในวงศ์ Pholadidae เปลือกบางเปราะค่อนข้างยาว สีขาวคล้ำ ผิวขรุขระสามารถใช้เปลือกเจาะพื้นที่เป็นดินโคลนให้เป็นรูเพื่อผังตัวอยู่ได้, พิม พิมการัง หรือ พิมพการัง ก็เรียก."
พิมพ์เขียว 0,ก.,พิมพ์สำเนาโดยการฉายแสงผ่านต้นฉบับที่เป็นกระดาษบาง ๆ ลงบนกระดาษที่เคลือบสารเคมีซึ่งไวต่อแสง ให้ปรากฏเป็นลวดลายสีขาวบนพื้นสีนํ้าเงินหรือลวดลายสีนํ้าเงินบนพื้นขาว.
พิมพ์เขียว 1,น.,สำเนาที่ทำขึ้นโดยวิธีการเช่นนี้.
พิมพ์ใจ 0,ก.,"ประทับใจ, ติดตรึงใจ."
พิมพ์ดีด 0,น.,เครื่องพิมพ์ชนิดหนึ่ง ใช้ปลายนิ้วเคาะแป้นอักษรให้ตัวอักษรไปกดผ้าหมึกให้กระทบกระดาษปรากฏเป็นตัวอักษร.
พิมพ์ดีด 1,ก.,พิมพ์ด้วยเครื่องพิมพ์ดีด.
พิมพ์ทอง 0,น.,"ชื่อหนึ่งของดาวฤกษ์ศตภิษัช มี ๔ ดวง, ดาวยักษ์ หรือ ดาวสตภิสชะ ก็เรียก."
พิมพ์ลายนิ้วมือ 0,ก.,"กดปลายนิ้วมือที่ทาหมึกให้เป็นรอยติดอยู่เป็นหลักฐาน โดยปรกติใช้เฉพาะนิ้วหัวแม่มือ, (ปาก) แตะโป้ง หรือ แปะโป้ง."
พิมพ์ลายมือ 0,ก.,กดปลายนิ้วมือหรือฝ่ามือที่ทาหมึกให้เป็นลายลักษณ์ติดอยู่เป็นหลักฐาน.
พิมพ์สอดสี 0,ก.,พิมพ์ให้เป็นสีตั้งแต่ ๒ สีขึ้นไป.
พิมพ์สัมผัส 0,ก.,ใช้ปลายนิ้วมือทั้ง ๑๐ เคาะแป้นอักษรโดยไม่ต้องมองแป้น.
พิมพ์หนังสือ 0,ก.,ใช้เครื่องพิมพ์กดตัวหนังสือหรือภาพเป็นต้นให้ติดบนกระดาษหรือผ้าเป็นต้น.
พิมพา 0,น.,"ชื่อปลาฉลามขนาดใหญ่ชนิด Galeocerdo cuvieri (Peron & Le Sueur) ในวงศ์ Carcharinidae มีฟันใหญ่เป็นรูปสามเหลี่ยม ขอบจักเป็นฟันเลื่อย พื้นลำตัวและครีบสีน้ำตาลหม่น มีลายพาดขวางตลอดข้างลำตัวถึงปลายหาง ซึ่งอาจแตกเป็นจุดเห็นกระจายอยู่ทั่วไปหรือจางหมดไปเมื่อโตขึ้น หางยาว ดุร้ายมาก ขนาดยาวได้ถึง ๗ เมตร, ตะเพียนทอง พิมพา หรือ เสือทะเล ก็เรียก."
พิมพาภรณ์ 0,น.,เครื่องประดับร่างกาย ในคำว่า ถนิมพิมพาภรณ์.
พิมโพหนะ 0,น.,หมอน.
พิมล 0,ว.,"ปราศจากมลทิน, ปราศจากความมัวหมอง"
พิมล 1,ว.,ผ่องใส.
พิมเสน 0,น.,"ชื่อสารชนิดหนึ่ง ลักษณะเป็นเกล็ดสีขาวขุ่น มีทั้งที่ได้จากธรรมชาติและได้จากการสังเคราะห์ ใช้ทำยา ที่ได้จากธรรมชาติ เช่น จากไม้ต้นชนิด Dryobalanops aromatica C.E. Gaertn. ในวงศ์ Dipterocarpaceae, จากไม้พุ่มชนิด Blumea balsamifera (L.) DC. ในวงศ์ Compositae, ที่ได้จากการสังเคราะห์เรียก พิมเสนหุง."
พิมเสน 1,น.,ชื่อไม้ต้นขนาดใหญ่ชนิด Dryobalanops aromatica C.E. Gaertn. ในวงศ์ Dipterocarpaceae มีเกล็ดพิมเสนอยู่ในเนื้อไม้.
พิมเสน 2,น.,ชื่อไม้ล้มลุกชนิด Pogostemon cablin (Blanco) Benth. ในวงศ์ Labiatae ใบออกตรงข้ามกัน ขอบใบจัก ขยี้แล้วมีกลิ่นหอม ใช้กลั่นให้นํ้ามันหอมระเหยซึ่งใช้แต่งกลิ่นและดับกลิ่นตัว.
พิมเสน 3,น.,"ชื่อมะม่วงหลายพันธุ์ของชนิด Mangifera indicaL. พันธุ์หนึ่งเมื่อดิบมีรสเปรี้ยว สุกแล้วหวาน, พันธุ์ที่แก่แล้วมีรสมัน เรียก พิมเสนมัน."
พิมาน 0,น.,ที่อยู่หรือที่ประทับของเทวดา.
พิมุข 0,ว.,"ฝ่ายหลัง, ข้างหลัง."
พิโมกข์ 0,น.,"ความพ้น, ความเปลื้องออก, ชื่อพระนิพพาน."
พิโมกข์ 1,ก.,"เปลื้อง, พ้น."
พิโมกษ์ 0,น.,พิโมกข์.
พิโยกพิเกน 0,ก.,โยกโย้ไม่เสร็จสิ้นไปง่าย ๆ.
พิโยค 0,ก.,"พลัดพราก, จากไป."
พิรอด 0,น.,ชื่อแหวนชนิดหนึ่ง ถักด้วยผ้ายันต์หรือด้ายดิบเป็นต้น ใช้เป็นเครื่องราง.
พิระ 0,น.,"ผู้เพียร, ผู้กล้า, นักรบ."
พิรากล 0,ว.,"เจ้ามารยา, เจ้าเล่ห์เจ้ากล."
พิราบ 0,น.,"ชื่อนกขนาดกลาง ในวงศ์ Columbidae รูปร่างคล้ายนกเขาแต่ขนาดใหญ่กว่า ส่วนใหญ่ตัวสีเทาอมฟ้า อาศัยอยู่เป็นฝูง ทำรังแบบง่าย ๆ ตามซอกอาคารด้วยกิ่งไม้ขนาดเล็ก หากินบนพื้นดิน กินเมล็ดพืช ในประเทศไทยที่เรียกพิราบ มี ๓ ชนิด ที่พบทั่วไป คือ ชนิด Columba livia Gmelin ชนิดนี้ที่พบตามป่า เรียกพิราบป่า, อีก ๒ ชนิด คือ พิราบป่าอกลาย ( C. hodgsonii Vigors) และพิราบเขาสูง ( C. pulchricollis Blyth)."
พิราม 0,น.,"การหยุดพัก, การหยุดเสียง, ที่สุด."
พิราม 1,ว.,งาม.
พิราลัย 0,ก.,"ตาย (เดิมใช้แก่เจ้าประเทศราช สมเด็จเจ้าพระยา ภายหลังใช้แก่ผู้ที่ทรงพระกรุณาโปรดเกล้าโปรดกระหม่อมเป็นการเฉพาะราย), ใช้ว่า ถึงแก่พิราลัย."
พิริย- 0,น.,"ความหมั่น, ความกล้า"
พิริย- 1,น.,"คนกล้า, คนแข็งแรง, นักรบ."
พิริยพฤนท์ 0,น.,"หมู่นักรบ, พลนักรบ."
พิริยโยธา 0,น.,พลรบผู้กล้าหาญ.
พิริยะ 0,น.,"ความหมั่น, ความกล้า"
พิริยะ 1,น.,"คนกล้า, คนแข็งแรง, นักรบ."
พิรี้พิไร 0,ว.,"มัวทำโน่นนิดนี่หน่อย, อ้อยอิ่ง, ตะบิดตะบอย, เช่น ทำพิรี้พิไร มัวพิรี้พิไร."
พิรุณ 0,น.,ฝน
พิรุณ 1,น.,ชื่อเทวดาแห่งนํ้า เทวดาแห่งฝน เรียกว่า พระพิรุณ.
พิรุธ 0,ก.,"ผิดปรกติ, มีอาการน่าสงสัย, เช่น แสดงอาการพิรุธ ทำพิรุธ."
พิรุฬห์ 0,ว.,"งอกงาม, เจริญ."
พิเรนทร์ 0,ว.,อุตรินอกลู่นอกทาง เช่น เล่นพิเรนทร์ คนพิเรนทร์.
พิเราะ 0,ว.,"ไพเราะ, เพราะ, เสนาะ."
พิโรธ 0,ก.,"โกรธ, เคือง, ใช้ว่า ทรงพระพิโรธ."
พิไร 0,ว.,"รำพัน, รํ่าว่า, รํ่าร้อง."
พิลังกาสา 0,น.,"ชื่อไม้พุ่มหลายชนิดในสกุล Ardisia วงศ์ Myrsinaceae ผลกลมเล็ก ๆ ใช้ทำยาได้ เช่น ชนิด A. colorata Roxb., A. Collinsae Fletcher, A. polycephalaWall. ex A.DC."
พิลาป 0,ก.,"รํ่าไรรำพัน, ครํ่าครวญ, ร้องไห้, บ่นเพ้อ."
พิลาลส 0,ก.,"อยาก, กระหาย, เร่าร้อน"
พิลาลส 1,ก.,"เศร้าโศก, เสียใจ"
พิลาลส 2,ก.,เขียนว่า พิลาลด หรือ พิลาลศ ก็มี.
พิลาส 0,ก.,"กรีดกราย, เยื้องกราย"
พิลาส 1,ก.,คะนอง
พิลาส 2,ก.,ฟ้อนรำ.
พิลาส 3,ว.,"งามอย่างมีเสน่ห์, งามอย่างสดใส"
พิลาส 4,ว.,สนุก.
พิลิปดา 0,น.,มาตราวัดมุม ได้แก่ ๑ ใน ๖๐ ของลิปดา.
พิลึก 0,ว.,"ผิดปรกติ เช่น ทำพิลึก ท่าทางพิลึก, แปลกประหลาด เช่น รูปร่างพิลึก."
พิลึกกึกกือ 0,ว.,"แปลกมาก, ประหลาดมาก, น่าขัน, ชอบกล."
พิลึกพิลั่น 0,ว.,พิลึกมาก.
พิโลน 0,ว.,สุกใส.
พิโลล 0,ก.,"ไม่คงที่, เคลื่อนไปมา, ยักย้าย."
พิไล 0,ว.,งาม.
พิศ 0,ก.,"เพ่งดู, แลดูโดยถี่ถ้วน."
พิศ 1,ว.,ยี่สิบ.
พิศ 2,น.,เรียกเหรียญทองครั้งรัชกาลที่ ๔ ชนิดหนึ่ง มีค่าเท่ากับ ๑ ใน ๒๐ ของชั่ง = ๔ บาท ว่า ทองพิศ.
พิศดู 0,ก.,"พิจารณาดูให้รอบคอบ, พิจารณาดูให้ถี่ถ้วน."
พิศวง 0,ก.,"แปลกใจ, หลากใจ, เช่น ทำให้พิศวง"
พิศวง 1,ก.,"สงสัย, สนเท่ห์, เช่น น่าพิศวง."
พิศวาส 0,ว.,"รักใคร่, สิเนหา, เช่น ไม่น่าพิศวาส."
พิศาล 0,ว.,"กว้างใหญ่, ไพศาล ก็ใช้."
พิศุทธ์ 0,ว.,"สะอาด, ใส, ขาว, หมดจด, บริสุทธิ์, หมดมลทิน, ไม่มีความเสียหาย, ไม่มีตำหนิ."
พิศุทธิ์ 0,น.,"ความผ่องใส, ความงาม, ความดี, ความสะอาด, ความบริสุทธิ์, ความถูกต้อง"
พิศุทธิ์ 1,น.,การล้าง.
พิเศษ 0,ว.,"นอกเหนือหรือแตกต่างไปจากปรกติธรรมดา (มักใช้ในทางดี) เช่น ในกรณีพิเศษ เขาเป็นคนมีความจำเลิศเป็นพิเศษ, ไม่ใช่ปรกติธรรมดาหรือประจำ เช่น อาจารย์พิเศษ, ที่แยกเป็นส่วนหนึ่งต่างหาก เช่น คนไข้พิเศษ นักศึกษาพิเศษ"
พิเศษ 1,ว.,ลำดับชั้นหรือขั้นของยศเป็นต้นที่สูงกว่าเอก เช่น ข้าราชการชั้นพิเศษ พระครูสัญญาบัตรชั้นพิเศษ.
พิษ 0,น.,สิ่งที่ร้ายเป็นอันตรายแก่ร่างกายหรือให้ความเดือดร้อนแก่จิตใจ
พิษ 1,น.,"สิ่งที่ร้ายเป็นอันตราย เมื่อเข้าสู่ร่างกายจะทำให้ตาย เจ็บปวด หรือพิการได้ บางอย่างเกิดจากแร่ เช่นสารหนู, บางอย่างเกิดจากต้นไม้ เช่นต้นแสลงใจ, บางอย่างเกิดจากสัตว์ เช่นงู."
พิษ- 0,น.,สิ่งที่ร้ายเป็นอันตรายแก่ร่างกายหรือให้ความเดือดร้อนแก่จิตใจ
พิษ- 1,น.,"สิ่งที่ร้ายเป็นอันตราย เมื่อเข้าสู่ร่างกายจะทำให้ตาย เจ็บปวด หรือพิการได้ บางอย่างเกิดจากแร่ เช่นสารหนู, บางอย่างเกิดจากต้นไม้ เช่นต้นแสลงใจ, บางอย่างเกิดจากสัตว์ เช่นงู."
พิษฐาน 0,ก.,"มุ่งหมาย, ขอร้องต่อสิ่งที่ตนถือว่าศักดิ์สิทธิ์เพื่อช่วยบันดาลให้ประสบผลสำเร็จในสิ่งที่ตนมุ่งหมาย."
พิษนาศน์ 0,น.,ชื่อเครื่องยาไทยชนิดหนึ่ง.
พิษนาศน์ 1,น.,ชื่อไม้ล้มลุกชนิด Artemisia indica Willd. var. heyneana Pamp. ในวงศ์ Compositae ใบเล็กหยักเว้าเป็นแฉก ช่อดอกสีนวล ใช้ทำยาได้.
พิษสง 0,น.,"พิษ, พยศ."
พิษสมโยค 0,น.,ชาดก้อน.
พิษสุนัขบ้า 0,น.,"โรคติดเชื้อไวรัสของระบบประสาท ติดต่อจากนํ้าลายของสุนัขหรือแมวที่เป็นโรคนี้ ผู้ป่วยมีอาการเนื่องจากสมองอักเสบ มีไข้ เอะอะ ซึม กลืนอาหารลำบากโดยเฉพาะนํ้า ถึงตายเกือบทุกรายในระยะเวลาประมาณ ๑ สัปดาห์, โรคกลัวนํ้า ก็เรียก."
พิษสุราเรื้อรัง 0,น.,ชื่อโรคชนิดหนึ่ง ซึ่งสมองและประสาทเสื่อมเนื่องจากดื่มสุรามากเป็นเวลานาน มีอาการมือสั่น เดินเซ สติปัญญาเสื่อม บางครั้งชักแบบลมบ้าหมู.
พิสดาร 0,ว.,"กว้างขวาง, ละเอียดลออ (ใช้แก่เนื้อความ) เช่น ประวัติศาสตร์ฉบับพิสดาร มีความพิสดารดังนี้"
พิสดาร 1,ว.,แปลกพิลึก เช่น เล่นพิสดาร.
พิสมร 0,น.,เครื่องรางชนิดหนึ่ง รูปสามเหลี่ยมหรือสี่เหลี่ยม ร้อยสาย สำหรับป้องกันอันตราย.
พิสมัย 0,น.,"ความรัก, ความปลื้มใจ, ความชื่นชม."
พิสมัย 1,ก.,รักใคร่หลงใหล เช่น ฉันไม่เห็นจะพิสมัยเธอเลย.
พิสมัย 2,ว.,ควรชม.
พิสมัย 3,น.,ชื่อท่ารำแบบหนึ่ง โดยมือทั้งสองแบคว่ำ ประสานไขว้แขนระดับอก.
พิสมัยเรียงหมอน 0,น.,ชื่อท่ารำแบบหนึ่ง โดยมือข้างหนึ่งตั้งวงสูง อีกข้างหนึ่งตั้งวงกลางข้างลำตัวแขนตึง ระดับไหล่.
พิสัง 0,ว.,อะไร.
พิสัช 0,ก.,"แก้, ตอบคำถาม"
พิสัช 1,ก.,"สละ, ส่งไป, ทิ้ง."
พิสัญญี 0,ว.,"วิสัญญี, หมดความรู้สึก, สิ้นสติ, สลบ."
พิสัย 0,น.,"วิสัย, ลักษณะที่เป็นอยู่, ความสามารถ"
พิสัย 1,น.,"ขอบ, เขต, แดน, ตำบล, ถิ่น, แว่นแคว้น, ที่, มณฑล, ประเทศ."
พิสิฐ 0,ว.,"ประเสริฐ, วิเศษ."
พิสุทธิ์ 0,ว.,"บริสุทธิ์, สะอาด, สุกใส."
พิสูจน์ 0,ก.,"บ่ง, ชี้แจงให้รู้เหตุผล, เช่น เอาพยานหลักฐานไปพิสูจน์ความจริงในศาล, ทดลองให้เห็นจริง, ทดลองหาความจริง, เช่น มีวิธีพิสูจน์ว่าเป็นผงชูรสแท้หรือไม่."
พิสูจน์อักษร 0,ก.,ตรวจและแก้ไขที่ผิดในการพิมพ์หนังสือ.
พิหค 0,น.,นก.
พิหเคนทร์ 0,น.,พญานก.
พิหาร 0,น.,"ที่อยู่ของพระสงฆ์, วัด"
พิหาร 1,น.,"วิหาร, ที่ซึ่งประดิษฐานพระพุทธรูป, คู่กับอุโบสถ."
พิฬาร 0,น.,แมว.
พี 0,ว.,"อ้วน, มักใช้เข้าคู่กับคำ อ้วน เป็น อ้วนพี."
พี 1,น.,มัน.
พี่ 0,น.,"ผู้ร่วมบิดาหรือมารดาเดียวกันและเกิดก่อน, ผู้ที่มีศักดิ์เสมอพี่"
พี่ 1,น.,คำนำหน้าชื่อคนที่มีอายุคราวพี่หรือมีศักดิ์เสมอพี่ เช่น พี่แดง พี่ส้ม.
พี้ 0,ว.,นี้.
พีชคณิต 0,น.,คณิตศาสตร์แขนงหนึ่งที่ใช้สัญลักษณ์มาศึกษาการจำแนกประเภท คุณสมบัติ และโครงสร้างของระบบจำนวนหรือระบบคณิตศาสตร์อื่น ๆ ที่เน้นในเรื่องโครงสร้างเป็นสำคัญ รวมถึงการศึกษาความสัมพันธ์ระหว่างระบบเหล่านั้นด้วย.
พี่น้อง 0,น.,ผู้เกิดร่วมบิดามารดาเดียวกัน หรือร่วมบิดาเดียวกัน หรือร่วมมารดาเดียวกัน
พี่น้อง 1,น.,คนในเชื้อสายวงศ์วาน.
พี่เบิ้ม 0,น.,"ผู้มีอำนาจมาก, ผู้เป็นหัวหน้าใหญ่."
พี้โพ้ 0,น.,โพล้เพล้
พี้โพ้ 1,น.,ที่เปล่าเปลี่ยวทุรกันดาร
พี้โพ้ 2,น.,เพล้โพล้ ก็ว่า.
พีร- 0,น.,"ผู้เพียร, ผู้กล้า, นักรบ."
พีระมิด 0,น.,"สิ่งก่อสร้างที่มีฐานเป็นรูปสี่เหลี่ยมจัตุรัส ด้านข้างทั้ง ๔ เป็นรูปสามเหลี่ยม มีปลายสุดไปบรรจบกันที่ยอด, ในอียิปต์เดิมใช้เป็นที่ฝังพระศพ ต่อมาบางทีก็ใช้เป็นเทวสถาน, ส่วนพีระมิดที่เม็กซิโกใช้เป็นเทวสถานอย่างเดียว, เรียกสิ่งหรือรูปที่มีลักษณะคล้ายคลึงเช่นนั้นว่า รูปพีระมิด"
พีระมิด 1,น.,รูปทรงตันชนิดหนึ่ง มีฐานเป็นรูปหลายเหลี่ยม และด้านข้างเป็นรูปสามเหลี่ยมที่มีจุดยอดร่วมกัน.
พี่เลี้ยง 0,น.,ผู้มีหน้าที่เลี้ยงดูเด็ก
พี่เลี้ยง 1,น.,ผู้ทำหน้าที่ดูแล ให้คำปรึกษา หรือช่วยเหลือเป็นต้น เช่น พี่เลี้ยงนักมวย พี่เลี้ยงผู้เข้าประกวด.
พึง 0,ว.,"คำช่วยกริยาอื่น หมายความยอมตาม แปลว่า ควร เช่น พึงไป ว่า ควรไป, หมายความจำเป็น แปลว่า ต้อง เช่น กิจที่สงฆ์จะพึงทำ ว่า กิจที่สงฆ์จะต้องทำ."
พึ่ง 0,ก.,"อาศัย เช่น พึ่งบารมีคนอื่น, พักพิง เช่น ไปพึ่งเขาอยู่, ขอความช่วยเหลือ เช่น หนีร้อนมาพึ่งเย็น."
พึ่ง 1,ว.,"คำช่วยกริยาหมายถึงเวลาที่ล่วงไปหยก ๆ ในขณะที่พูดนั้น เช่น เขาพึ่งไป, เพิ่ง ก็ว่า"
พึ่ง 2,ว.,"ใช้ประกอบหลังคำ อย่า เป็น อย่าพึ่ง หมายความว่า ห้ามไม่ให้กระทำในขณะนั้น เช่น อย่าพึ่งไป อย่าพึ่งกิน, เพิ่ง เพิก หรือ เพ่อ ก็ว่า."
พึ่งจมูกคนอื่นหายใจ 0,ก.,"อาศัยผู้อื่นมักไม่สะดวก, ยืมจมูกคนอื่นหายใจ หรือ เอาจมูกผู้อื่นมาหายใจ ก็ว่า."
พึงใจ 0,ว.,"พอใจ, ชอบใจ."
พึงตา 0,ว.,"พอตา, เหมาะตา."
พึงพอใจ 0,ว.,"รัก, ชอบใจ."
พึ่งพา 0,ก.,"อาศัยกัน, ช่วยเหลือกัน."
พึ่งพิง 0,ก.,พักพิงอาศัย.
พึ่งลำแข้งตัวเอง 0,ก.,"ช่วยตนเอง, อาศัยลำแข้งตัวเอง ก็ว่า."
พึ่บ 0,ว.,ทันทีทันใด เช่น ไฟลุกพึ่บ ลุกกันพึ่บพั่บ
พึ่บ 1,ว.,เสียงดังเช่นนั้นอย่างเสียงนกกระพือปีกเป็นต้น.
พึ่บพั่บ 0,ว.,ทันทีทันใด เช่น ไฟลุกพึ่บ ลุกกันพึ่บพั่บ
พึ่บพั่บ 1,ว.,เสียงดังเช่นนั้นอย่างเสียงนกกระพือปีกเป็นต้น.
พึม 0,ว.,เสียงบ่นเบา ๆ เช่น นักเรียนบ่นกันพึมเลย.
พึม ๆ 0,ว.,"เสียงอย่างเสียงคนพูดหรือบ่นค่อย ๆ, พึมพำ."
พึมพำ 0,ก.,พูดค่อย ๆ จับความไม่ได้ เช่น เขาพึมพำอยู่คนเดียว.
พืช 0,น.,"สิ่งมีชีวิตที่โดยทั่วไปสร้างอาหารเองโดยการสังเคราะห์แสง, เมล็ดพันธุ์ไม้, สิ่งที่จะเป็นพันธุ์ต่อไป, พืชพันธุ์ ก็ใช้. (ป. พีช"
พืช 1,ส.,วีช)
พืช 2,ส.,"พรรณไม้ที่งอกอยู่ตามที่ต่าง ๆ, พืชพรรณ ก็ใช้."
พืชคาม 0,น.,พันธุ์ไม้.
พืชชั้นต่ำ 0,น.,พืชที่มีโครงสร้างไม่ซับซ้อน อาจมีหนึ่งเซลล์หรือหลายเซลล์ มักจะหมายถึงสาหร่ายไบรโอไฟต์.
พืชชั้นสูง 0,น.,พืชที่มีโครงสร้างซับซ้อน มักจะหมายถึงพืชดอก.
พืชพรรณ 0,น.,พรรณไม้ที่งอกอยู่ตามที่ต่าง ๆ.
พืชพันธุ์ 0,น.,"เมล็ดพันธุ์ไม้, สิ่งที่จะเป็นพันธุ์ต่อไป"
พืชพันธุ์ 1,น.,กำพืด เช่น ด้วยพืชพันธุ์มันไม่น่าจะอาลัย (ขุนช้างขุนแผน).
พืชมงคล 0,น.,ชื่อพระราชพิธีเพื่อเป็นสวัสดิมงคลแก่เกษตรกรและความเจริญงอกงามของพืชพรรณธัญญาหาร เรียกว่า พระราชพิธีพืชมงคล เป็นพิธีสงฆ์ที่ทำก่อนพระราชพิธีจรดพระนังคัลแรกนาขวัญซึ่งเป็นพิธีพราหมณ์ เริ่มมีในสมัยพระบาทสมเด็จพระจอมเกล้าเจ้าอยู่หัว.
พืด 0,น.,"แผ่นหรือแนวแห่งสิ่งที่ติดเนื่องกันไปยาวยืด เช่น พืดเขา, โดยปริยายหมายถึงอาการของสิ่งที่มีลักษณะคล้ายคลึงเช่นนั้น เช่น รถติดกันเป็นพืด"
พืด 1,น.,เรียกเหล็กเหนียวชนิดหนึ่งที่เป็นแผ่นยาวอย่างเหล็กทำปลอกถังว่า แถบเหล็กพืด.
พื้น 0,น.,ส่วนราบด้านหน้า ด้านนอก หรือด้านบนของสิ่งที่เป็นผืนเป็นแผ่น เช่น พื้นเรือน พื้นดิน พื้นรองเท้า
พื้น 1,น.,ฐาน เช่น พื้นถนนทรุด
พื้น 2,น.,"แถบ, แถว, ถิ่น, เช่น คนพื้นนี้"
พื้น 3,น.,"ทั่วไป, โดยมาก, เช่น ถิ่นนี้ทำสวนครัวกันเป็นพื้น"
พื้น 4,น.,เรียกผ้านุ่งที่มีสีและลักษณะยืนตัวไม่มีดอกดวงลวดลาย ว่า ผ้าพื้น.
พื้น ๆ 0,ว.,"เรียบ ๆ เช่น งามอย่างพื้น ๆ คือ งามอย่างเรียบ ๆ ไม่ฉูดฉาด ดีอย่างพื้น ๆ คือ ดีอย่างเรียบ ๆ ไม่โลดโผน, ธรรมดา ๆ เช่น กับข้าวพื้น ๆ."
พื้นความรู้ 0,น.,ระดับความรู้.
พื้นฐาน 0,น.,"รากฐาน เช่น เขามีพื้นฐานวิชาภาษาอังกฤษดี, หลักความรู้เบื้องต้น เช่น วิชาพื้นฐาน."
พื้นดี 0,น.,อารมณ์ดี
พื้นดี 1,น.,พื้นความรู้ดี.
พื้นดี 2,ว.,ที่ได้รับการศึกษาอบรมมาดี.
พื้นเดิม 0,น.,รกรากเดิม เช่น พื้นเดิมเป็นคนมั่งมี.
พื้นท้อง 0,น.,เนื้อตรงส่วนท้อง (โดยมากหมายถึงส่วนท้องของปลา).
พื้นที่ 0,น.,"ขนาดของผิวพื้น เช่น หาพื้นที่, อาณาบริเวณ เช่น ตรวจพื้นที่, ลักษณะของพื้นดิน เช่น พื้นที่เป็นที่ราบลุ่ม."
พื้นที่หน้าตัด 0,น.,พื้นที่ตรงรอยตัดของแท่งวัตถุ.
พื้นบ้าน 0,ว.,"เฉพาะถิ่น เช่น ของพื้นบ้าน, มักใช้เข้าคู่กับคำ พื้นเมือง เป็น พื้นบ้านพื้นเมือง."
พื้นเพ 0,น.,"หลักแหล่ง เช่น พื้นเพเป็นคนนครปฐม, อาชีพของวงศ์ตระกูล เช่น พื้นเพเป็นพ่อค้า."
พื้นเมือง 0,ว.,"เฉพาะเมือง, เฉพาะท้องที่, เช่น ของพื้นเมือง คนพื้นเมือง นิทานพื้นเมือง."
พื้นเสีย 0,ก.,โกรธ.
พุ 0,ว.,"อาการที่น้ำหรือแก๊สเป็นต้นผุดขึ้นมา เช่น น้ำร้อนพุขึ้นมา แก๊สธรรมชาติพุขึ้นมา, อาการที่น้ำเหลืองเป็นต้นผุดขึ้นมา เช่น ฝีฝักบัวพุ."
พุ 1,น.,นํ้าที่พุขึ้นมา เรียกว่า นํ้าพุ. (ดู นํ้าพุ ที่ นํ้า).
พุก 0,น.,ชื่อหนูในสกุล Bandicota วงศ์ Muridae มีฟันแทะขนาดใหญ่เห็นได้ชัด ตัวสีนํ้าตาล ดำ หรือเทา ขนตามลำตัวหยาบแข็งจะพองขึ้นโดยเฉพาะเวลาขู่ หางกลมยาวและหนา กินพืช มี ๒ ชนิด คือ หนูพุกเล็ก ( B. savilei Thomas) ตัวเล็กสีเทา และหนูพุกใหญ่ [ B. indica (Bechstein)] ตัวใหญ่สีดำ นิสัยดุ.
พุก 1,น.,ไม้ที่ตอกประกับไว้สำหรับรับสิ่งที่หนัก ๆ เช่น รอดเรือนเป็นต้น.
พุก 2,น.,เครื่องกระเบื้องที่ตรึงกับฝาเป็นต้นสำหรับยึดสายไฟฟ้า.
พุกาม 0,น.,"พม่า, ใช้ พูกาม ก็มี."
พุง 0,น.,"ท้อง เช่น นอนตีพุง พุงปลิ้น, เรียกเครื่องในท้องของปลาบางชนิดรวมกัน มีกระเพาะและไส้เป็นต้น ว่า พุง เช่น พุงปลาช่อน."
พุ่ง 0,ก.,"ทำให้เคลื่อนตรงไปโดยแรงและเร็ว เช่น พุ่งตัว พุ่งหอก พุ่งกระสวย, มุ่งตรงไป เช่น พุ่งความสนใจ, อาการที่น้ำหรือไฟพวยพุ่งออกไป เช่น น้ำพุ่ง แสงไฟฉายพุ่งเป็นลำออกไป."
พุงแก 0,น.,ชื่อไม้พุ่มชนิด Capparis siamensis Kurz ในวงศ์ Capparaceae ผลคล้ายกุ่มบก กินได้และใช้ทำยาได้.
พุงจง 0,น.,"ชื่อสัตว์เลี้ยงลูกด้วยนมชนิด Cynocephalus variegatus (Audebert) ในวงศ์ Cynocephalidae รูปร่างคล้ายกระรอก แต่มีหนังเป็นพังผืด ๒ ข้างของลำตัวตั้งแต่คอไปถึงปลายนิ้วตีนและปลายหางสำหรับใช้กางออกคล้ายปีก ถลาร่อนจากที่สูงมายังที่ตํ่าได้ค่อนข้างไกล ขนนุ่มสีนํ้าตาลคลํ้าหรือนํ้าตาลจางเป็นหย่อม ๆ ทั่วไป เล็บโค้งแหลมใช้ปีนป่ายต้นไม้ หากินในเวลากลางคืน กลางวันมักหลบอยู่ตามโพรงไม้หรือเกาะห้อยอยู่ตามพุ่มทึบ, พุงจง หรือ พะจง ก็เรียก."
พุงดอ 0,น.,"ชื่อไม้พุ่มรอเลื้อยชนิด Azima sarmentosa (Blume) Benth. ในวงศ์ Salvadoraceae มีหนามตามข้อ รากและลำต้นใช้ทำยาได้, หนามพุงดอ หนามรอบตัว หรือ หนามเหม็น ก็เรียก, พายัพเรียก ปิดเต๊าะ."
พุงทะลาย 0,น.,ชื่อเรียกผลของต้นสำรอง.
พุงปลา 0,น.,โกฐพุงปลา. (ดู โกฐพุงปลา ที่ โกฐ).
พุงปลา 1,น.,"ชื่อไม้อิงอาศัย ๒ ชนิด ๒ สกุลในวงศ์ Asclepiadaceae เกาะเลื้อยบนต้นไม้ มีนํ้ายางขาว ชนิด Dischidia major (Vahl) Merr. ใบเป็นรูปถุง กลวงใน ออกเป็นกระจุก รากใช้ทำยาได้, พุงปลา หรือ พุงปลาช่อน ก็เรียก, พายัพเรียก กล้วยไม้, อีกชนิดหนึ่งคือ Streptocaulon kleinii Wight et Arn.ใบไม่เป็นถุง เป็นไม้เลื้อย, ขี้เดือน ก็เรียก."
พุงปลาช่อน 0,น.,"ชื่อไม้อิงอาศัย ๒ ชนิด ๒ สกุลในวงศ์ Asclepiadaceae เกาะเลื้อยบนต้นไม้ มีนํ้ายางขาว ชนิด Dischidia major (Vahl) Merr. ใบเป็นรูปถุง กลวงใน ออกเป็นกระจุก รากใช้ทำยาได้, พุงปลา หรือ พุงปลาช่อน ก็เรียก, พายัพเรียก กล้วยไม้, อีกชนิดหนึ่งคือ Streptocaulon kleinii Wight et Arn.ใบไม่เป็นถุง เป็นไม้เลื้อย, ขี้เดือน ก็เรียก."
พุงพวง 0,ว.,พุงพลุ้ย.
พุงพ่วง 0,ว.,พุงพลุ้ย.
พุงโร 0,น.,พุงโตด้วยเป็นโรค.
พุ่งหลาว 0,ก.,พุ่งตัวลงน้ำพร้อมกับเหยียดแขนทั้ง ๒ แนบข้างศีรษะ.
พุ่งหอกเข้ารก 0,ก.,ทำพอให้เสร็จไปโดยไม่มีเป้าหมายหรือโดยไม่คำนึงว่าใครจะเดือดร้อน.
พุ่งแหลน 0,น.,กรีฑาประเภทลานอย่างหนึ่ง เล่นโดยการจับแหลนพุ่งไปข้างหน้าให้ไปได้ไกลที่สุดเท่าที่จะทำได้.
พุฒ 0,น.,ผู้ใหญ่.
พุฒ 1,ว.,"เจริญ, แข็งแรง, ใหญ่"
พุฒ 2,ว.,"แก่, เฒ่า."
พุฒิ 0,น.,"ความเจริญ, ความมั่งคั่ง, ความสมบูรณ์."
พุด 0,น.,"ชื่อไม้พุ่มหรือไม้ต้นหลายชนิดหลายสกุล ในวงศ์ Rubiaceae เช่น สกุล Gardenia พุดหรือข่อยด่าน ( G. collinsiae Craib) ดอกสีขาว กลิ่นหอม เนื้อไม้ละเอียด สีนวล ใช้แกะสลัก, พุดจีนหรือพุดซ้อน [ G. augusta (L.) Merr.]ดอกสีขาว กลิ่นหอม พันธุ์กลีบดอกซ้อน ไม่ติดผล พันธุ์กลีบดอกไม่ซ้อน ผลใช้แต่งสีให้สีเหลือง."
พุด 1,น.,ชื่อไม้พุ่มหลายชนิดหลายสกุล ในวงศ์ Apocynaceae เช่น สกุล Tabernaemontana พุดจีบ หรือพุดสวน [ T. divaricata (L.) R. Br. ex Roem. et Schult.] ดอกสีขาว ใช้ดอกตูมร้อยพวงมาลัย.
พุดตาน 0,น.,ชื่อไม้พุ่มชนิด Hibiscus mutabilis L. ในวงศ์ Malvaceae ใบมีขน ขอบใบหยักเว้า ดอกสีขาวแล้วเปลี่ยนเป็นสีชมพู.
พุทธ 0,น.,"ผู้ตรัสรู้, ผู้ตื่นแล้ว, ผู้เบิกบานแล้ว, ใช้เฉพาะเป็นพระนามของพระบรมศาสดาแห่งพระพุทธศาสนา เรียกเป็นสามัญว่า พระพุทธเจ้า."
พุทธ- 0,น.,"ผู้ตรัสรู้, ผู้ตื่นแล้ว, ผู้เบิกบานแล้ว, ใช้เฉพาะเป็นพระนามของพระบรมศาสดาแห่งพระพุทธศาสนา เรียกเป็นสามัญว่า พระพุทธเจ้า."
พุทธกาล 0,น.,"สมัยเมื่อพระพุทธเจ้ายังมีพระชนม์อยู่, พุทธสมัย ก็ใช้, (ปาก) ช่วงระยะเวลาที่เชื่อกันว่าหลังจากพระพุทธเจ้าปรินิพพานแล้ว พระพุทธศาสนาจะดำรงอยู่ ๕,๐๐๐ ปี."
พุทธคุณ 0,น.,คุณของพระพุทธเจ้าอย่างย่อที่สุด มี ๓ ประการ คือ พระบริสุทธิคุณ พระปัญญาคุณ พระกรุณาคุณ.
พุทธจักร 0,น.,"อำนาจปกครองคณะสงฆ์ทางพระพุทธศาสนา, คู่กับ อาณาจักร ซึ่งหมายความว่า อำนาจปกครองทางบ้านเมือง."
พุทธเจดีย์ 0,น.,เจดีย์ที่เกี่ยวข้องกับพระพุทธเจ้า มี ๔ ชนิด คือ ธาตุเจดีย์ บริโภคเจดีย์ ธรรมเจดีย์ และอุเทสิกเจดีย์.
พุทธชาด 0,น.,"ชื่อไม้เถาชนิด Jasminum auriculatum Vahl ในวงศ์ Oleaceae ดอกสีขาวกลิ่นหอม, บุหงาประหงัน ก็เรียก."
พุทธฎีกา 0,น.,ถ้อยคำของพระพุทธเจ้า
พุทธฎีกา 1,น.,ถ้อยคำของสมเด็จพระสังฆราช.
พุทธตันตระ 0,น.,นิกายหนึ่งในพระพุทธศาสนาฝ่ายมหายาน ซึ่งเกิดขึ้นจากการนำหลักพิธีกรรมของฮินดูตันตระมาผสมกับหลักปรัชญาปารมิตาของนิกายมาธยมิกะหรือศูนยวาท.
พุทธปฏิมา 0,น.,"รูปเปรียบหรือรูปแทนองค์พระพุทธเจ้า คือ พระพุทธรูป, มักใช้ย่อเป็น ปฏิมา หรือ ปฏิมากร."
พุทธปฏิมากร 0,น.,"รูปเปรียบหรือรูปแทนองค์พระพุทธเจ้า คือ พระพุทธรูป, มักใช้ย่อเป็น ปฏิมา หรือ ปฏิมากร."
พุทธมามกะ 0,น.,"ผู้ประกาศตนว่าพระพุทธเจ้าเป็นพระบรมศาสดาของตน, ผู้ประกาศตนว่าเป็นผู้นับถือพระพุทธศาสนา."
พุทธรักษา 0,น.,ชื่อไม้ล้มลุกมีเหง้าหลายชนิดในสกุล Canna วงศ์ Cannaceae ขึ้นเป็นกอ ดอกสีต่าง ๆ.
พุทธศักราช 0,น.,ปีนับตั้งแต่พระพุทธเจ้าเสด็จปรินิพพานมา.
พุทธศาสนิกชน 0,น.,ผู้ที่นับถือพระพุทธศาสนา.
พุทธสมัย 0,น.,สมัยเมื่อพระพุทธเจ้ายังมีพระชนม์อยู่.
พุทธองค์ 0,ส.,หมายถึงองค์พระพุทธเจ้า ใช้ว่า พระพุทธ-องค์.
พุทธะ 0,น.,"ผู้ตรัสรู้, ผู้ตื่นแล้ว, ผู้เบิกบานแล้ว, ใช้เฉพาะเป็นพระนามของพระบรมศาสดาแห่งพระพุทธศาสนา เรียกเป็นสามัญว่า พระพุทธเจ้า."
พุทธังกูร 0,น.,หน่อพระพุทธเจ้า คือผู้ที่จะได้เป็นพระพุทธเจ้าในภายภาคหน้า.
พุทธังกูร 1,น.,"ผู้ตรัสรู้, ผู้ตื่นแล้ว, ผู้เบิกบานแล้ว, ใช้เฉพาะเป็นพระนามของพระบรมศาสดาแห่งพระพุทธศาสนา เรียกเป็นสามัญว่า พระพุทธเจ้า."
พุทธันดร 0,น.,ช่วงเวลาที่โลกว่างพระพุทธศาสนา คือ ช่วงเวลาที่ศาสนาของพระพุทธเจ้าพระองค์หนึ่งสูญสิ้นแล้ว และพระพุทธเจ้าพระองค์ใหม่ยังไม่อุบัติ.
พุทธันดร 1,น.,"ผู้ตรัสรู้, ผู้ตื่นแล้ว, ผู้เบิกบานแล้ว, ใช้เฉพาะเป็นพระนามของพระบรมศาสดาแห่งพระพุทธศาสนา เรียกเป็นสามัญว่า พระพุทธเจ้า."
พุทธางกูร 0,น.,หน่อพระพุทธเจ้า คือผู้ที่จะได้เป็นพระพุทธเจ้าในภายภาคหน้า.
พุทธางกูร 1,น.,"ผู้ตรัสรู้, ผู้ตื่นแล้ว, ผู้เบิกบานแล้ว, ใช้เฉพาะเป็นพระนามของพระบรมศาสดาแห่งพระพุทธศาสนา เรียกเป็นสามัญว่า พระพุทธเจ้า."
พุทธาภิเษก 0,น.,ชื่อพิธีในการปลุกเสกพระพุทธรูปหรือวัตถุมงคล โดยมีพระเถระผู้เชี่ยวชาญในการทำสมาธิจำนวนหนึ่ง ซึ่งเรียกว่า คณะปรก นั่งภาวนาส่งกระแสจิตเพ่งคุณพระรัตนตรัยเข้าไปสู่องค์พระหรือวัตถุมงคลนั้น ๆ.
พุทธาภิเษก 1,น.,"ผู้ตรัสรู้, ผู้ตื่นแล้ว, ผู้เบิกบานแล้ว, ใช้เฉพาะเป็นพระนามของพระบรมศาสดาแห่งพระพุทธศาสนา เรียกเป็นสามัญว่า พระพุทธเจ้า."
พุทธาวาส 0,น.,"ส่วนหนึ่งของวัดประกอบด้วย โบสถ์ วิหาร เจดีย์ ซึ่งใช้เป็นที่ประกอบสังฆกรรม โดยมีกำแพงกันไว้ต่างหากจากส่วนที่พระภิกษุสามเณรอยู่อาศัย ซึ่งเรียกว่า สังฆาวาส, วัดที่สร้างขึ้นเป็นที่ประกอบสังฆกรรมโดยเฉพาะ โดยไม่มีสังฆาวาส เช่น วัดพระศรีรัตน-ศาสดาราม (วัดพระแก้ว)."
พุทธาวาส 1,น.,"ผู้ตรัสรู้, ผู้ตื่นแล้ว, ผู้เบิกบานแล้ว, ใช้เฉพาะเป็นพระนามของพระบรมศาสดาแห่งพระพุทธศาสนา เรียกเป็นสามัญว่า พระพุทธเจ้า."
พุทธิ 0,น.,"ปัญญา, ความฉลาด."
พุทธิศึกษา 0,น.,การศึกษาที่เน้นในเรื่องการสอนให้เกิดความรู้ความคิดอย่างมีเหตุผล.
พุทธุปบาทกาล 0,น.,ช่วงเวลาที่มีพระพุทธเจ้าเกิดขึ้นในโลก.
พุทธุปบาทกาล 1,น.,"ผู้ตรัสรู้, ผู้ตื่นแล้ว, ผู้เบิกบานแล้ว, ใช้เฉพาะเป็นพระนามของพระบรมศาสดาแห่งพระพุทธศาสนา เรียกเป็นสามัญว่า พระพุทธเจ้า."
พุทโธ่ 0,อ.,คำที่เปล่งออกมาด้วยความสงสารหรือรำคาญใจเป็นต้น.
พุทรา 0,น.,"ชื่อไม้ต้นชนิด Ziziphus mauritiana Lam. ในวงศ์ Rhamnaceae กิ่งมีหนาม ผลมีทั้งกลมและรี, พายัพและอีสานเรียก ทัน หรือ หมากทัน."
พุธ 0,น.,"ชื่อดาวเคราะห์ที่อยู่ใกล้ดวงอาทิตย์ที่สุดในระบบสุริยะ มองเห็นด้วยตาเปล่า อยู่ห่างดวงอาทิตย์ประมาณ ๕๘ ล้านกิโลเมตร มีเส้นผ่าศูนย์กลาง ๔,๘๗๕ กิโลเมตร เป็นดาวเคราะห์ที่ไม่มีบรรยากาศและมีพื้นผิวคล้ายดวงจันทร์ของโลก"
พุธ 1,น.,ชื่อวันที่ ๔ ของสัปดาห์.
พุธะ 0,น.,ชื่อยาม ๑ ใน ๘ ยามในเวลากลางวัน. (ดู ยาม).
พุโธ 0,น.,ชื่อยาม ๑ ใน ๘ ยามในเวลากลางคืน. (ดู ยาม).
พุพอง 0,น.,โรคผิวหนังชนิดหนึ่ง เป็นเม็ดผุดขึ้นพองใสตามตัว แล้วแตกออกมีนํ้าเหลืองหรือนํ้าเลือดนํ้าหนอง.
พุ่ม 0,น.,"ลักษณะกิ่งก้านของต้นไม้ที่รวมกัน มีทรงเกือบกลมยอดนูนคล้ายกระพุ่มมือ หรือสิ่งอื่นที่มีลักษณะคล้ายคลึงเช่นนั้น เช่น ต้นมะขามแตกกิ่งก้านเป็นพุ่ม พุ่มต้นเข็ม, ชื่อดอกไม้ไฟอย่างหนึ่ง ใช้ดอกไม้เทียนเสียบซี่ไม้เป็นชั้น ๆ กลางพองเป็นรูปพุ่ม."
พุ่มกัณฑ์เทศน์ 0,น.,ดอกไม้ที่จัดเป็นพุ่มบนพาน ตะลุ่ม หรือ โตก มีเทียนขี้ผึ้งซึ่งติดเงินเหรียญโดยรอบตั้งอยู่ตรงกลาง ปัจจุบันมักใช้ก้านธูปคีบธนบัตรปักไว้ที่ต้นเทียน.
พุ่มข้าวบิณฑ์ 0,น.,"เครื่องบูชาทำด้วยข้าวบิณฑ์ ตั้งบนภาชนะเช่นพาน, เรียกรูปทรงที่มีลักษณะเช่นนั้น ว่า ทรงข้าวบิณฑ์ หรือ พุ่มข้าวบิณฑ์"
พุ่มดอกไม้ 0,น.,ดอกไม้ที่จัดบนพานให้มีลักษณะเป็นพุ่มยอดแหลม สำหรับบูชาพระเป็นต้น นิยมใช้ดอกไม้สด เช่น ดอกบานไม่รู้โรย ดอกผกากรอง.
พุ่มทรงข้าวบิณฑ์ 0,น.,"เครื่องบูชาทำด้วยข้าวบิณฑ์ ตั้งบนภาชนะเช่นพาน, เรียกรูปทรงที่มีลักษณะเช่นนั้น ว่า ทรงข้าวบิณฑ์ หรือ พุ่มข้าวบิณฑ์"
พุ่มทรงข้าวบิณฑ์ 1,น.,เรียกลายไทยแบบหนึ่งผูกเขียนในรูปทรงเช่นนั้น ว่า ลายทรงข้าวบิณฑ์ หรือ ลายพุ่มข้าวบิณฑ์.
พุ่มเทียน 0,น.,พุ่มดอกไม้ถวายพระ ใช้เทียนไขหรือเทียนขี้ผึ้งหล่อเป็นดอกไม้ชนิดต่าง ๆ มีดอกมะลิเป็นต้น ติดแป้งเปียกตามลวดลายที่โครงกระดาษรูปพุ่มแทนดอกไม้สด.
พุ่มพวง 0,น.,หญิงสาว.
พุ่มม่าย 0,ว.,ยังเป็นม่ายอยู่.
พุ่มไม้ 0,น.,กลุ่มต้นไม้เล็ก ๆ ที่ขึ้นเป็นซุ้มเป็นเซิง.
พุมเรียง 0,น.,"ชื่อไม้ต้นชนิด Lepisanthes fruticosa (Roxb.) Leenh. ในวงศ์ Sapindaceae ใบยาว ผลสุกสีม่วงดำ กินได้ รสหวานปนฝาด, พุมเรียง ก็เรียก."
พุ้ย 0,ก.,"พายโดยแรงให้เรือไปโดยเร็ว, โดยปริยายหมายถึงอาการที่เอาตะเกียบเขี่ยข้าวเข้าปาก."
พู่ 0,น.,"กลุ่มหรือกระจุกที่ประกอบด้วยขนสัตว์ ไหม ด้าย หรือสิ่งอื่น ๆ ที่คล้ายกัน โดยมากใช้ห้อย เช่น พู่เรือสุพรรณหงส์ พู่ม่าน, ที่ใช้ชูก็มีบ้าง เช่น พู่หมวกเครื่องยศทหารบางเหล่า."
พู 0,น.,เรียกสิ่งที่มีลักษณะนูนออกมา เช่น พูทุเรียน.
พู 1,น.,ถั่วพู. (ดู ถั่วพู ที่ ถั่ว ๑).
พู่กลิ่น 0,น.,เครื่องแขวนขนาดเล็กทำด้วยดอกไม้สด มีลักษณะคล้ายพู่ ส่งกลิ่นหอมตามชนิดของดอกไม้ที่นำมาเย็บและร้อย นิยมนำไปผูกหรือแขวนที่ร่องประตู หน้าต่าง เป็นต้น หรือเป็นเครื่องประกอบของพวงดอกไม้เครื่องแขวนขนาดใหญ่.
พู่กัน 0,น.,เครื่องเขียนหนังสือหรือระบายสี ตอนปลายเป็นพู่ทำด้วยขนสัตว์.
พูกาม 0,น.,"พม่า, ปรกติใช้ พุกาม."
พูด 0,ก.,"เปล่งเสียงออกเป็นถ้อยคำ, พูดจา ก็ว่า."
พูดคล่องเหมือนล่องน้ำ 0,ก.,"พูดไม่ติดขัด เช่น สารพัดพูดคล่องเหมือนล่องนํ้า (ไกรทอง), พูดคล่องเป็นล่องนํ้า ก็ว่า."
พูดจนลิงหลับ 0,ก.,พูดจนผู้ฟังเคลิบเคลิ้มไปตาม.
พูดจริงทำจริง 0,ก.,"ทำได้อย่างที่พูดไว้, รักษาคำพูด."
พูดจา 0,ก.,พูด.
พูดดีเป็นศรีแก่ปาก 0,น.,พูดดีเป็นที่นิยมชมชอบ.
พูดเป็นต่อยหอย 0,ก.,พูดฉอด ๆ ไม่หยุดปาก.
พูดเป็นนัย 0,ก.,พูดอ้อม ๆ โดยไม่บอกเรื่องราวตรง ๆ.
พูดเป็นน้ำไหลไฟดับ 0,ก.,พูดคล่องเหลือเกิน.
พูดเป็นไฟ 0,ก.,พูดคล่องเหลือเกิน.
พูดไปสองไพเบี้ยนิ่งเสียตำลึงทอง 0,ก.,พูดไปไม่มีประโยชน์ นิ่งเสียดีกว่า.
พูดสด 0,ก.,พูดโดยมิได้เตรียมมาก่อน.
พูดอย่างมะนาวไม่มีน้ำ 0,ก.,พูดห้วน ๆ.
พูน 0,ก.,เพิ่มให้สูงขึ้นให้มากขึ้น เช่น พูนดิน.
พูน 1,ว.,เต็มจนนูน เช่น ตักข้าวจนพูนจาน.
พู้น 0,ว.,"นู้น, โน้น."
พูพอน 0,น.,"โคนต้นไม้ที่แผ่ขยายออกเป็นปีก เป็นพู หรือเป็นปม เพื่อพยุงลำต้น เช่น พอนตะเคียน พอนมะค่า, พูพอน ก็เรียก."
พู่ระหง 0,น.,"ชื่อไม้พุ่มชนิด Hibiscus schizopetalus (Dyer) Hook.f. ในวงศ์ Malvaceae ดอกสีแดงห้อยลง กลางดอกมีเกสรเป็นพู่ยาว, หางหงส์ ก็เรียก."
เพ 0,ก.,พังทลาย.
เพ็ก 0,น.,"ชื่อไผ่ ๒ ชนิดในวงศ์ Gramineae คือ ชนิด Vietnamosasa pusilla (Chevalier et A. Camus) Nguyen ต้นเล็ก ขึ้นเป็นกอเดี่ยวหนาแน่นในป่าเบญจพรรณ, ไผ่เผ็ด หรือ หญ้าเพ็ก ก็เรียก, และชนิด Bambusa multiplex (Lour). Raeusch. ต้นเล็ก เนื้อปล้องเกือบตัน ขึ้นเป็นกอ ใช้ปลูกประดับได้."
เพ็ก 1,น.,"ชื่อเต่าบกขนาดกลางชนิด Indotestudo elongata (Blyth) ในวงศ์ Testudinidae หัวสีเหลือง กระดองหลังสีเหลืองมีลายเปรอะสีน้ำตาล กระดองท้องสีเหลืองไม่มีลาย กินพืช เช่น หญ้าเพ็ก, เพ็ก ขี้ผึ้ง เทียน หรือ แขนง ก็เรียก."
เพกา 0,น.,ชื่อไม้ต้นชนิด Oroxylum indicum (L.) Benth. ex Kurz ในวงศ์ Bignoniaceae ฝักแบนยาวใหญ่มาก ฝักอ่อนทำให้สุกแล้วกินได้ เมล็ดใช้ทำยาได้.
เพคะ 0,ว.,"คำรับที่ผู้หญิงใช้เมื่อพระมหากษัตริย์จนถึงพระบรม-วงศ์ชั้นพระองค์เจ้ามีพระราชดำรัสหรือมีพระดำรัสด้วยเป็นการภายใน, คำรับที่ผู้หญิงใช้เมื่อพระอนุวงศ์ชั้นพระองค์เจ้าจนถึงหม่อมเจ้ามีพระดำรัสหรือมีรับสั่งด้วย."
เพ่ง 0,ก.,"จ้องดู, เล็งดู, (ใช้แก่ตา) เช่น เพ่งสายตา เพ่งหนังสือ"
เพ่ง 1,ก.,เจาะจง.
เพ็ง 0,ว.,เต็ม เช่น วันเพ็ง.
เพ่งกสิณ 0,ก.,มุ่งเฉพาะอารมณ์ภายใน (ทางใจ).
เพ่งพิศ 0,ก.,ดูด้วยความพินิจพิเคราะห์.
เพ็งแพว 0,น.,ผักแพว. [ดู แพว (๑)].
เพ่งเล็ง 0,ก.,"มุ่งจะเอา, มุ่งจะติโทษ, มุ่งถึง."
เพ็จ 0,ว.,"เล็ก, ย่อม, น้อย."
เพ็จ 1,ก.,"เผล็ด, ผลิ, เช่น พิเภทเพ็จผกากาญจน (ม. คำหลวง จุลพน)."
เพ็จไม้ 0,น.,ไม้ไผ่ลำเล็กกว่าลำอื่น ๆ เนื้อเหนียวแข็ง.
เพชฉลูกรรม 0,น.,พระวิศวกรรม.
เพชฌฆาต 0,น.,เจ้าหน้าที่ประหารชีวิตนักโทษที่ต้องคำพิพากษาถึงที่สุดให้ประหารชีวิต.
เพชร 0,น.,ชื่อแก้วที่แข็งที่สุดและมีนํ้าแวววาวมากกว่าพลอยอื่น ๆ ใช้ทำเครื่องประดับหรือใช้ประโยชน์ในทางอุตสาหกรรม
เพชร 1,น.,โดยปริยายหมายความว่า แข็งที่สุด เช่น เหล็กเพชร ใจเพชร.
เพชร- 0,น.,ชื่อแก้วที่แข็งที่สุดและมีนํ้าแวววาวมากกว่าพลอยอื่น ๆ ใช้ทำเครื่องประดับหรือใช้ประโยชน์ในทางอุตสาหกรรม
เพชร- 1,น.,โดยปริยายหมายความว่า แข็งที่สุด เช่น เหล็กเพชร ใจเพชร.
เพชรกลับ 0,น.,ชื่อว่านชนิดหนึ่ง.
เพชรซีก 0,น.,เพชรที่เจียระไนแล้วไม่แพรวพราวงามเท่าเพชรลูก มักได้จากส่วนที่ตัดออกในการตัดแต่งเจียระไนเพชรลูก.
เพชรดา 0,น.,"ความแข็ง, ความอยู่ยงคงกระพัน."
เพชรตัดเพชร 0,น.,คนเก่งต่อเก่งมาสู้กัน.
เพชรตาแมว 0,น.,ไพฑูรย์.
เพชรน้ำค้าง 0,น.,แก้วสีขาว.
เพชรน้ำหนึ่ง 0,ว.,ดีเป็นพิเศษยอดเยี่ยม.
เพชรน้ำเอก 0,ว.,ดีเป็นพิเศษยอดเยี่ยม.
เพชรนิลจินดา 0,น.,เครื่องเพชรพลอย.
เพชรปาณี 0,น.,พระอินทร์.
เพชรร่วง 0,น.,เพชรเม็ดเล็ก ๆ ที่เจียระไนแล้ว แต่ยังไม่ได้ทำเป็นเครื่องประดับหรือเครื่องใช้.
เพชรร้าว 0,ว.,"ที่ไม่บริสุทธิ์, ที่มีตำหนิ."
เพชรฤกษ์ 0,น.,ยามแข็งแรง.
เพชรลูก 0,น.,เพชรที่เจียระไนให้มีเหลี่ยมมุมลักษณะต่าง ๆ เช่น เหลี่ยมเกสร เหลี่ยมกุหลาบ.
เพชรสังฆาต 0,น.,ชื่อไม้เถาชนิด Cissus quadrangularis L. ในวงศ์ Vitaceae เถาสี่เหลี่ยม ดอกเล็ก สีแดง ใช้ทำยาได้.
เพชรหลีก 0,น.,ชื่อว่านชนิดหนึ่ง.
เพชรหึง 0,น.,ลมพายุใหญ่.
เพชรหึง 1,น.,"ชื่อกล้วยไม้ชนิด Grammatophyllum speciosumBlume ในวงศ์ Orchidaceae ขึ้นเป็นกอบนคบไม้ ดอกใหญ่ สีเหลืองประม่วงแดงเข้ม, ว่านเพชรหึง ก็เรียก."
เพชรายุธ 0,น.,"อาวุธเพชรของพระอินทร์, ชื่อหนึ่งของพระอินทร์."
เพชรายุธ 1,น.,ชื่อแก้วที่แข็งที่สุดและมีนํ้าแวววาวมากกว่าพลอยอื่น ๆ ใช้ทำเครื่องประดับหรือใช้ประโยชน์ในทางอุตสาหกรรม
เพ็ญ 0,ว.,เต็ม.
เพฑูริย์ 0,น.,"ไพฑูรย์, ชื่อพลอยชนิดหนึ่งสีเหลืองแกมเขียวหรือนํ้าตาลเทา มีนํ้าเป็นสายรุ้งกลอกไปมา, เพชรตาแมว หรือ แก้วสีไม้ไผ่ ก็ว่า."
เพณี 0,น.,"เวณิ, ผมซึ่งเกล้าไว้, สายที่ถัก เช่น อันว่าสร้อยสังวาลเพณี (ม. คำหลวง ทศพร)."
เพ็ดทูล 0,ก.,"พูดกับเจ้านาย, พิดทูล ก็ว่า."
เพดาน 0,น.,"ส่วนที่สูงที่สุดของห้องเป็นต้น ไม่ว่าจะมีฝ้าหรือไม่ก็ตาม, ถ้าไม่มีฝ้า หมายถึงส่วนสูงสุดถึงหลังคา, ถ้ามีฝ้า หมายถึงฝ้า"
เพดาน 1,น.,โดยปริยายหมายความว่า ระดับสูงสุด เช่น เพดานค่าเล่าเรียน.
เพดาน 2,น.,"ชื่อหนึ่งของดาวฤกษ์อุตรผลคุนี มี ๒ ดวง, ดาววัวตัวเมีย หรือ ดาวอุตตรผลคุนี ก็เรียก."
เพดานบิน 0,น.,ระดับสูงสุดที่เครื่องบินสามารถบินได้.
เพดานปาก 0,น.,ส่วนบนของอุ้งปาก.
เพตร 0,น.,"หวาย, หวายที่ทำเป็นไม้ถือ."
เพท 0,น.,เวท.
เพทนา 0,น.,"เวทนา, ความรู้สึก. (ดู เวทนา)."
เพทาย 0,น.,พลอยชนิดหนึ่ง สีแดงสลัว ๆ.
เพทุบาย 0,ก.,"ทำเล่ห์กล, ทำอุบาย."
เพโท 0,ก.,นั่งอย่างภาคภูมิ.
เพโทบาย 0,ก.,"ทำเล่ห์กล, ทำอุบาย."
เพ่นพ่าน 0,ก.,ไปมาอย่างเปะปะ.
เพนียด 0,น.,กรงต่อนกเขา
เพนียด 1,น.,วงล้อมทำเป็นคอกสำหรับคล้องช้าง.
เพไนย 0,น.,"เวไนย, ผู้พึงดัดได้สอนได้."
เพ้ย 0,ว.,คำขับไล่ที่เปล่งเสียงแรง ๆ ให้สัตว์เช่นไก่หนีไป
เพ้ย 1,ว.,คำรับในเวลาพากย์โขน คนรับร้องเพ้ย.
เพ้ย 2,ก.,ตะเพิด เช่น ถูกเพ้ย.
เพรง 0,ว.,"ก่อน, เก่า, เช่น แต่เพรงกาล."
เพรซีโอดิเมียม 0,น.,ธาตุลำดับที่ ๕๙ สัญลักษณ์ Pr เป็นโลหะ ลักษณะเป็นของแข็งสีเหลืองอ่อน ๆ หลอมละลายที่ ๙๓๕ °ซ.
เพรา 0,น.,เวลาเย็น เช่น เกลออย่ากินเข้าเพราเลย เกลออดเข้าเพราให้เถิงรุ่ง (ไตรภูมิ)
เพรา 1,น.,มื้อ.
เพรา 2,ว.,"งาม, น่าดู."
เพรางาย 0,น.,เวลาเช้า
เพรางาย 1,น.,มื้อเช้า.
เพราพริ้ง 0,ว.,"สวยงาม, พริ้งเพรา ก็ว่า."
เพราเพริศ 0,ว.,"สวยงาม, พริ้งเพรา ก็ว่า."
เพราะ 0,ว.,"น่าฟัง, เสนาะ, ไพเราะ, เช่น เสียงเพราะ พูดเพราะ."
เพราะ 1,สัน.,"ด้วย, เหตุ, เพื่อ."
เพราะฉะนั้น 0,สัน.,คำสำหรับนำหน้าความที่บอกผลหรือข้อสรุป.
เพราะว่า 0,สัน.,คำสำหรับนำหน้าความที่อธิบายเหตุหรือสาเหตุ.
เพริด 0,ก.,"กระเจิดกระเจิง, เตลิดไป, เช่น วัวเพริด ใจเพริด."
เพริศ 0,ว.,"งาม, ดียิ่ง."
เพริศพราย 0,ว.,งามระยับ.
เพริศพริ้ง 0,ว.,"งามเฉิดฉาย, พริ้งเพริศ ก็ว่า."
เพริศแพร้ว 0,ว.,งามระยับ.
เพรียก 0,ว.,อาการที่ร้องมาก ๆ อย่างนกร้อง.
เพรียกพร้อง 0,ก.,ร้องเซ็งแซ่ (ใช้แก่นกเป็นต้น).
เพรียง 0,น.,"ส่วนร่างกายที่นูนอยู่หลังหู, มักใช้ว่า เพรียงหู"
เพรียง 1,น.,เรียกผิวหนังที่ขรุขระอย่างหน้าออกฝี ว่า มีลักษณะเป็นเพรียง.
เพรียง 2,ว.,"พร้อม, มักใช้คู่กันว่า พร้อมเพรียง."
เพรียง 3,น.,"ชื่อสัตว์ทะเลไม่มีกระดูกสันหลังในชั้น Cirripedie ส่วนใหญ่มีเปลือกหุ้มตัวซึ่งเป็นแผ่นหินปูน มีหลายพวก เช่น เพรียงหินหรือเพรียงสนับหรือสนับทึบ วงศ์ Balanidae, เพรียงก้านหรือเพรียงคอห่าน วงศ์ Lepadidae."
เพรียง 4,น.,"ชื่อหอยทะเลกาบคู่หลายชนิด ในวงศ์ Teredinidae ลำตัวกลมยาวอ่อนนุ่มคล้ายหนอน เปลือกเล็กมากคลุมอยู่เฉพาะหัว เจาะกินเนื้อไม้ ที่แช่อยู่ในน้ำ เช่น ชนิด Lyrodus pedicellatus (Quatrefages), หนอนเพรียง หรือ เพรียงเรือ ก็เรียก."
เพรียงก้าน 0,น.,"ชื่อสัตว์ทะเลไม่มีกระดูกสันหลัง ในวงศ์ Lepadidae เปลือกหุ้มเป็นแผ่นหินปูน ๕ แผ่นประกบกันมีลักษณะคล้ายดอกบัว ส่วนท้ายมีก้านยื่นออกมานอกเปลือกใช้เกาะติดกับวัตถุ, เพรียงคอห่าน ก็เรียก."
เพรียงคอห่าน 0,น.,"ชื่อสัตว์ทะเลไม่มีกระดูกสันหลัง ในวงศ์ Lepadidae เปลือกหุ้มเป็นแผ่นหินปูน ๕ แผ่นประกบกันมีลักษณะคล้ายดอกบัว ส่วนท้ายมีก้านยื่นออกมานอกเปลือกใช้เกาะติดกับวัตถุ, เพรียงคอห่าน ก็เรียก."
เพรียงเมือง 0,ก.,แทรกแซงบ่อนจิตใจชาวเมือง.
เพรียงเรือ 0,น.,"ชื่อหอยทะเลกาบคู่หลายชนิด ในวงศ์ Teredinidae ลำตัวกลมยาวอ่อนนุ่มคล้ายหนอน เปลือกเล็กมากคลุมอยู่เฉพาะหัว เจาะกินเนื้อไม้ ที่แช่อยู่ในน้ำ เช่น ชนิด Lyrodus pedicellatus (Quatrefages), หนอนเพรียง หรือ เพรียงเรือ ก็เรียก."
เพรียงหิน 0,น.,"ชื่อสัตว์ทะเลไม่มีกระดูกสันหลัง ในวงศ์ Balanidae เปลือกหุ้มตัวเป็นแผ่นหินปูน ๖ แผ่น ประกบกันมีลักษณะคล้ายภูเขาไฟ ส่วนฐานเชื่อมติดกับวัตถุ ปากเปิดด้านบน เช่น ชนิด Balanus variegates Darnin, สนับ หรือ สนับทึบ ก็เรียก."
เพรียบ 0,ก.,เพียบ.
เพรี้ยม 0,ว.,"แฉล้ม, แช่มช้อย."
เพรี้ยมพราย 0,ว.,งามแฉล้ม.
เพรียว 0,ว.,"เปรียว, ฉลวย, เรียว, เช่น รูปร่างเพรียว เรือเพรียว."
เพรียวลม 0,ว.,มีรูปร่างสูงโปร่ง สะโอดสะอง
เพรียวลม 1,ว.,มีรูปร่างเรียวบาง เคลื่อนไหวได้ว่องไว.
เพรื่อ 0,ว.,"เรี่ยราด เช่น น้ำหกเพรื่อ, เกินขอบเขต, บ่อย ๆ ไม่เป็นกิจจะลักษณะ, เช่น พูดเพรื่อ, พร่ำเพรื่อ ก็ว่า."
เพรือง 0,น.,กระดึง.
เพล 0,น.,เวลาพระฉันกลางวัน คือ เวลาระหว่าง ๑๑ นาฬิกาถึงเที่ยง เรียกว่า เวลาเพล.
เพลง 0,น.,"สำเนียงขับร้อง, ทำนองดนตรี, บทประพันธ์ดนตรี, กระบวนวิธีรำดาบรำทวนเป็นต้น, ชื่อการร้องแก้กัน มีชื่อต่าง ๆ เช่น เพลงปรบไก่ เพลงฉ่อย"
เพลง 1,น.,"โดยปริยายหมายถึง แบบอย่าง เช่น ต่างกันไปคนละเพลง (พระราชหัตถเลขา ร. ๕ ถึงสมเด็จพระมหาสมณเจ้า กรมพระยาวชิรญาณวโรรส), ชั้นเชิง เช่น ร้อยภาษามาสู่เคยรู้เพลง (อภัย)."
เพลงเชิด 0,น.,ชื่อเพลงไทยประเภทเพลงหน้าพาทย์ ใช้บรรเลงประกอบกิริยา เช่นการเดินทางระยะไกล ๆ รีบเร่ง สู้รบกัน มีลักษณะ ทำนอง อัตราจังหวะและชื่อเรียกต่าง ๆ ดังนี้ เชิดกลอง เชิดฉิ่ง เชิดฉาน เชิดนอก
เพลงเดี่ยว 0,น.,เพลงที่ประพันธ์ขึ้นเป็นทางพิเศษสำหรับบรรเลงเฉพาะเครื่องดนตรี ใช้บรรเลงในโอกาสพิเศษเพื่อเป็นการแสดงภูมิปัญญาของผู้คิดทางดนตรีให้เหมาะสมกับชนิดของเครื่องดนตรี และแสดงไหวพริบปฏิภาณฝีมือ และความแม่นยำของผู้บรรเลงด้วย เพลงที่นิยมนำมาทำ เช่น ลาวแพน นกขมิ้น พญาโศก.
เพลงตระเชิญ 0,น.,ชื่อเพลงไทยประเภทเพลงหน้าพาทย์ ใช้อัญเชิญเทพเจ้าและสิ่งศักดิ์สิทธิ์.
เพลงท้ายเครื่อง 0,น.,"เพลงที่ใช้บรรเลงต่อท้ายการบรรเลงเพลง ๓ ชั้นหรือเพลงเถา, เพลงท้ายเครื่อง ก็เรียก."
เพลงยาว 0,น.,หนังสือหรือจดหมายถึงคู่รัก แต่งเป็นกลอนแสดงข้อความรักหรือตัดพ้อเป็นต้น.
เพลงสาธุการ 0,น.,ชื่อเพลงไทยประเภทเพลงหน้าพาทย์ที่สำคัญยิ่ง ใช้บรรเลงในพิธีกรรมเพื่อบูชาหรืออัญเชิญพระรัตนตรัย เทพยดา สิ่งศักดิ์สิทธิ์ และใช้เพื่อแสดงกิริยานบไหว้ เป็นเพลงอันดับแรกที่ใช้สอนเมื่อเริ่มต้นเรียนวิชาปี่พาทย์ และเป็นเพลงอันดับแรกของชุดโหมโรงเช้าโหมโรงเย็น.
เพลงเสภา 0,น.,เพลงที่มีการบรรเลงแบบรับร้อง.
เพลงเสมอ 0,น.,ชื่อเพลงไทยประเภทเพลงหน้าพาทย์ ใช้ประกอบการเดินของตัวละครในระยะใกล้ ๆ มีหลายทำนองขึ้นอยู่กับตัวแสดง เช่น เสมอมาร เสมอเถร เสมอผี เสมอตีนนกหรือบาทสกุณี (ใช้กับมนุษย์).
เพลงหน้าพาทย์ 0,น.,เพลงประเภทที่ใช้บรรเลงในการแสดงกิริยาอาการเคลื่อนไหวของตัวโขนละคร หรือสำหรับอัญเชิญเทพเจ้า ฤๅษี หรือบูรพาจารย์ ให้มาร่วมชุมนุมในพิธีไหว้ครูหรือพิธีมงคลต่าง ๆ เช่น เชิด ใช้ในการเดินทางไกล เสมอ ใช้ในการเดินระยะใกล้ เสมอมาร สำหรับยักษ์เดิน เสมอเถร สำหรับฤๅษีเดิน สาธุการใช้ในการแสดงการคารวะสิ่งศักดิ์สิทธิ์และเริ่มพิธีต่าง ๆ ตระเชิญ ใช้อัญเชิญเทพเจ้าและสิ่งศักดิ์สิทธิ์.
เพลงหางเครื่อง 0,น.,"เพลงที่ใช้บรรเลงต่อท้ายการบรรเลงเพลง ๓ ชั้นหรือเพลงเถา, เพลงท้ายเครื่อง ก็เรียก."
เพลงออกภาษา 0,น.,"เพลงที่บรรเลงขับร้องทำนองออกสำเนียงภาษาต่างชาติ เช่น ออกภาษาแขก จีน ญวน ซึ่งนิยมใช้บรรเลงต่อท้ายเพลง ๓ ชั้นหรือเพลงเถา, ถ้าบรรเลงครบ ๑๒ ภาษา เรียกว่า ออกสิบสองภาษา."
เพลงออกสิบสองภาษา 0,น.,"เพลงที่บรรเลงขับร้องทำนองออกสำเนียงภาษาต่างชาติ เช่น ออกภาษาแขก จีน ญวน ซึ่งนิยมใช้บรรเลงต่อท้ายเพลง ๓ ชั้นหรือเพลงเถา, ถ้าบรรเลงครบ ๑๒ ภาษา เรียกว่า ออกสิบสองภาษา."
เพล็ด 0,ก.,เผล็ด.
เพล้โพล้ 0,น.,โพล้เพล้
เพล้โพล้ 1,น.,ที่เปล่าเปลี่ยวทุรกันดาร
เพล้โพล้ 2,น.,พี้โพ้ ก็ว่า.
เพลา 0,น.,"กาล, คราว."
เพลา 1,น.,"แกนสำหรับสอดในดุมรถหรือดุมเกวียน, โดยปริยายหมายถึง แกนสำหรับให้ล้อหรือใบจักรหมุน"
เพลา 2,น.,ไม้สำหรับขึงใบเรือ.
เพลา 3,น.,ชื่อกระดาษสาชนิดบาง โบราณใช้ร่างหนังสือด้วยดินสอดำหรือใช้ประโยชน์อย่างอื่นเช่นใช้ปิดหุ่นหัวโขนและหุ่นอื่น ๆ เรียกว่า กระดาษเพลา.
เพลา 4,ว.,"เบาลง, เบาพอประมาณ, เช่น เพลาไม้เพลามือ เพลา ๆ หน่อย."
เพลา 5,น.,"ตัก, ช่วงขาตั้งแต่เข่าถึงโคนขา, ราชาศัพท์ว่า พระเพลา."
เพลา ๆ 0,ว.,"เบาลง, เบาพอประมาณ, เช่น เพลาไม้เพลามือ เพลา ๆ หน่อย."
เพลาะ 0,น.,เรียกคูที่ขุดบังข้าศึกเมื่อเวลารบ ว่า สนามเพลาะ.
เพลาะ 1,ก.,"เอาริมต่อให้ติดกัน, ติดต่อกัน, เช่น เพลาะผ้า คือเอาผ้า ๒ ผืนเย็บข้างติดกันให้กว้างออก, เรียกผ้าที่เย็บข้างติดกันเช่นนั้น ว่า ผ้าเพลาะ."
เพลาะ 2,น.,วัวป่าชนิดหนึ่งเขาบิด ๆ.
เพลิง 0,น.,ไฟ เช่น เพลิงไหม้บ้าน ดับเพลิง.
เพลิงกัลป์ 0,น.,ไฟกัลป์.
เพลิงฟ้า 0,น.,ไฟที่ใช้แว่นส่องจุดด้วยแสงแดด.
เพลิดเพลิน 0,ก.,"สนุกสนานไม่รู้จักเบื่อ, สนุกสนานจนลืมกังวล."
เพลิน 0,ก.,อาการที่ปล่อยอารมณ์อยู่กับสิ่งใดสิ่งหนึ่งที่ชอบใจจนลืมนึกถึงสิ่งอื่น เช่น ทำงานเพลิน ฟังดนตรีเพลิน กินเล่นเพลิน ๆ.
เพลิน ๆ 0,ก.,อาการที่ปล่อยอารมณ์อยู่กับสิ่งใดสิ่งหนึ่งที่ชอบใจจนลืมนึกถึงสิ่งอื่น เช่น ทำงานเพลิน ฟังดนตรีเพลิน กินเล่นเพลิน ๆ.
เพลินใจ 0,ก.,เบิกบานใจ.
เพลินตา 0,ก.,"ดูเพลิน, ดูไม่รู้จักเบื่อ."
เพลีย 0,ก.,"อ่อนแรง, ถอยกำลัง, มีอาการเมื่อยล้า เช่น เดินจนเพลีย ทำงานมาก ๆ รู้สึกเพลีย."
เพลี้ย 0,น.,"ชื่อแมลงขนาดเล็กหลายชนิดหลายวงศ์ หลายอันดับ มีปากชนิดเจาะดูด หรือชนิดเขี่ยดูด ทำลายพืชต่าง ๆ ส่วนใหญ่ไม่มีปีก พวกที่อยู่ในวงศ์ Cicadellidae มีรูปร่างคล้ายจักจั่น เรียก เพลี้ยจักจั่น เช่น ชนิด Nephotetix virescens (Distant) ทำลายข้าว, พวกที่อยู่ในวงศ์ Aphididae มีลำตัวบอบบางและอ่อนนิ่ม เรียก เพลี้ยอ่อน เช่น ชนิด Rhopalosiphum maidis (Fitch) ทำลายข้าวโพด, พวกที่อยู่ในวงศ์ Thripidae ทำลายพืชทำให้มีลักษณะเหมือนไฟไหม้ เรียก เพลี้ยไฟ, เช่น ชนิด Thrips palmiKarny ทำลายฝ้ายและดอกกล้วยไม้, พวกที่อยู่ในวงศ์ Pseudococcidae ที่สามารถผลิตสารสีขาวคล้ายแป้งออกมาหุ้มลำตัว เรียก เพลี้ยแป้ง เช่น ชนิด Planococcus minor (Maskell) ทำลายผลทุเรียน และพวกที่อยู่ในวงศ์ Diaspididae ที่ผลิตสารสีนํ้าตาลออกมาหุ้มลำตัวคล้ายฝาหอย เรียก เพลี้ยหอย เช่น ชนิด Aonidiella aurantii (Maskell) ทำลายผลส้ม."
เพลี้ย 1,น.,"ชื่อเครื่องดนตรีประเภทเครื่องดีด ทำด้วยไม้ไผ่คล้ายจ้องหน่อง แต่จ้องหน่องใช้กระตุก ส่วนเพลี้ยใช้ดีด, เพี้ย ก็ว่า."
เพลี่ยง 0,ก.,"เลี่ยง, หลีก, พลาด."
เพลี่ยงพล้ำ 0,ก.,"พลั้งพลาด, ผิดพลาด, เสียที."
เพลียใจ 0,ก.,"ท้อแท้, หมดกำลังใจ."
เพศ 0,น.,รูปที่แสดงให้รู้ว่าหญิงหรือชาย
เพศ 1,น.,"ประเภทคำในบาลีและสันสกฤตเป็นต้น, ตรงกับ ลิงค์ หรือ ลึงค์"
เพศ 2,น.,เครื่องแต่งกาย
เพศ 3,น.,การประพฤติปฏิบัติตน เช่น สมณเพศ.
เพศยันดร 0,น.,"นามพระบรมโพธิสัตว์ชาติที่ ๑๐ ในทศชาติ, พระเวสสันดร."
เพส 0,ว.,ยี่สิบ เช่น เบญจเพส ว่า ยี่สิบห้า.
เพสลาด 0,ว.,ไม่อ่อนไม่แก่ (มักใช้แก่ใบไม้บางชนิดที่ใช้เป็นอาหาร เช่น ใบชะพลู ใบทองหลาง).
เพ่อ 0,ว.,"ใช้ประกอบหลังคำ อย่า เป็น อย่าเพ่อ หมายความว่า ห้ามไม่ให้กระทำในขณะนั้น เช่น อย่าเพ่อกิน, พึ่ง เพิก หรือ เพิ่ง ก็ว่า."
เพ้อ 0,ก.,"พูดโดยไม่มีสติ, พูดโดยไม่รู้ตัว, เช่น คนไข้เพ้อ."
เพ้อเจ้อ 0,ว.,"พล่าม, อาการที่พูดมากในเรื่องที่เหลวไหลไร้สาระ, อาการที่พูดพล่ามจนเสียประโยชน์, อาการที่พูดไม่รู้จักจบ."
เพ้อเจ้อกฐินบก 0,ว.,"ชักช้า, เรื่องมาก, ยืดเยื้อ, เยิ่นเย้อกฐินบก ก็ว่า."
เพ้อฝัน 0,ก.,คิดฝันอย่างลม ๆ แล้ง ๆ.
เพอิญ 0,ว.,"เผอิญ, ใช้ว่า พรรเอิญ ก็มี."
เพะ 0,ก.,"โปะเข้าไป, ทุ่มเทเข้าไป."
เพะ 1,ว.,"เผง, ไม่ผิดพลาด, เช่น ตรงเพะ ถูกเพะ."
เพา 0,ว.,งาม.
เพาพะงา 0,ว.,งาม.
เพาพาล 0,น.,หนุ่มสาวผู้งาม.
เพาพาล 1,ว.,งามและกำลังรุ่น.
เพาะ 0,ก.,"ทำให้งอก, ทำให้เกิด, เช่น เพาะถั่วงอก, โดยปริยายหมายถึง อาการที่คล้ายคลึงเช่นนั้น เช่น เพาะนิสัย."
เพาะกาย 0,ก.,บริหารร่างกายเพื่อให้กล้ามเนื้อแข็งแรงโดยวิธียกน้ำหนักเป็นต้น.
เพาะชำ 0,น.,"การเลี้ยงดูต้นไม้ตั้งแต่เป็นเมล็ดจนโตถึงระยะพอที่จะนำไปปลูกที่อื่นได้, การเลี้ยงดูต้นไม้ตั้งแต่ตัดกิ่งไปปักในดินที่ชุ่มน้ำจนกระทั่งรากงอกและแตกใบแล้วนำไปปลูกที่อื่นได้."
เพาะปลูก 0,น.,กรรมวิธีในการปลูกและเลี้ยงดูต้นไม้ตั้งแต่เพาะเมล็ด หรือนำต้นที่โตแล้ว หรือส่วนใดส่วนหนึ่งของต้น เช่น หัว กิ่ง ใบ ไปปลูกแล้วบำรุงให้เจริญเติบโต.
เพิก 0,ว.,"ใช้ประกอบหลังคำ อย่า เป็น อย่าเพิก หมายความว่า ห้ามไม่ให้กระทำในขณะนั้น เช่น อย่าเพิกไป, เพ่อ เพิ่ง หรือ พึ่ง ก็ว่า."
เพิก 1,ก.,"ถอน, ถลกออก, เบิก."
เพิกเฉย 0,ก.,"ไม่เอาใจใส่, ละเลย, ไม่นำพา, เช่น เพิกเฉยต่อหน้าที่."
เพิกถอน 0,ก.,ยกเลิก
เพิกถอน 1,ก.,ทำให้ใช้ไม่ได้ ซึ่งมีผลให้ใช้ไม่ได้มาแต่ต้น.
เพิง 0,น.,"สิ่งปลูกสร้างมีทั้งชนิดชั่วคราวขนาดเล็ก และชนิดถาวร ประกอบด้วยหลังคาปีกเดียว, ถ้าเอียงลาด เรียกว่า เพิงหมาแหงน, ถ้ามีแขนนางคํ้าตอนหน้า เรียกว่า เพิงแขนนาง, ถ้าปลายข้างหนึ่งพิงอยู่กับสิ่งก่อสร้างหลัก เรียกว่า เพิงพะ หรือ พะเพิง, ส่วนเพิงพะที่ใช้เป็นที่พักทหาร เรียกว่า เพิงพล."
เพิ่ง 0,ว.,พึ่ง. (ดู พึ่ง ๒).
เพิดเพ้ย 0,ก.,เย้ยหยัน
เพิดเพ้ย 1,ก.,ร้องเฮ้ย (ใช้เป็นคำขับไล่ให้หนีไป).
เพิ่ม 0,ก.,ทำให้มากขึ้น.
เพิ่มเติม 0,ก.,เสริมหรือเติมของที่มีอยู่แต่ยังไม่สมบูรณ์ให้มีมากหรือสมบูรณ์ยิ่งขึ้น เช่น ศึกษาเพิ่มเติม แก้ไขเพิ่มเติม.
เพิ่มพูน 0,ก.,"เติมให้มากยิ่งขึ้น, เสริมให้มากยิ่งขึ้น, เช่น เพิ่มพูนศรัทธา เพิ่มพูนบารมี."
เพี้ย 0,น.,ตำแหน่งขุนนางไทยแคว้นล้านนาและล้านช้าง คือ พญา.
เพี้ย 1,น.,"ชื่อเครื่องดนตรีประเภทเครื่องดีด ทำด้วยไม้ไผ่คล้ายจ้องหน่อง แต่จ้องหน่องใช้กระตุก ส่วนเพี้ยใช้ดีด, เพลี้ย ก็ว่า."
เพี้ย 2,น.,"ชื่อปลานํ้าจืดชนิด Morulius chrysophekadion (Bleeker) ในวงศ์ Cyprinidae ปากงุ้มตํ่า ตาเล็ก ตลอดทั้งหัว ตัว และครีบมีสีม่วงเข้มถึงดำทึบ ครีบหลังเป็นแผนใหญ่ เฉพาะเกล็ดมีจุดสีเหลืองประปราย ขนาดยาวได้ถึง ๖๐ เซนติเมตร, เพี้ย ก็เรียก."
เพี้ยกวาน 0,น.,ตำแหน่งข้าราชการหัวเมืองสมัยโบราณทางล้านนาและล้านช้าง.
เพี้ยกว้าน 0,น.,ตำแหน่งข้าราชการหัวเมืองสมัยโบราณทางล้านนาและล้านช้าง.
เพียง 0,ว.,"เท่า เช่น เพียงใด เพียงนี้ เพียงนั้น, แค่, เสมอ, เช่น ศาลเพียงตา สูงเพียงหู, เหมือน เช่น งามเพียงจันทร์ รักเพียงดวงตาดวงใจ, พอ, ในคำโคลงใช้ เพี้ยง ก็มี."
เพี้ยง 0,ว.,"เท่า, เสมอ, เหมือน. (ใช้ในโคลงแทน เพียง)."
เพี้ยง 1,อ.,คำที่เปล่งออกมาเมื่ออธิษฐานให้เป็นอย่างใดอย่างหนึ่ง.
เพียงดัง 0,ว.,"ดุจดัง, ราวกับ."
เพียงตา 0,ว.,"ระดับตา, เรียกศาลเทพารักษ์ที่ทำขึ้นชั่วคราว มีระดับเสมอนัยน์ตาเพื่อความเคารพและสวัสดิมงคล ว่า ศาลเพียงตา."
เพียงนั้น 0,ว.,เท่านั้น.
เพียงนี้ 0,ว.,เท่านี้.
เพียงพอ 0,ก.,"ได้เท่าที่ต้องการ, ได้เท่าที่กะไว้."
เพียงพอ 1,ว.,"เท่าที่กะไว้, เท่าที่ต้องการ."
เพียงไหล่ 0,น.,ชื่อท่ารำแบบหนึ่ง โดยมือทั้งสองหงาย หักข้อมือ งอข้อศอก ระดับข้างลำตัว ลำตัวตั้งตรง หน้าตรง.
เพียงออ 0,น.,ชื่อขลุ่ยชนิดหนึ่งมีเสียงทุ้ม
เพียงออ 1,น.,ระดับเสียงของดนตรีไทยหรือทางเพลง เรียกว่า ทางเพียงออ.
เพียชน์ 0,น.,"วิชนี, พัด."
เพียน 0,ว.,เพี้ยน.
เพี้ยน 0,ว.,"ผิดแปลกไปเล็กน้อย เช่น หน้าเพี้ยน, คลาดเคลื่อน เช่น พูดเพี้ยน เสียงเพี้ยน, ผิดเพี้ยน ก็ว่า, โบราณใช้ เพียน ก็มี"
เพี้ยน 1,ว.,ไม่ค่อยปรกติ (มักใช้แก่คน) เช่น เขามีท่าทางเพี้ยน ๆ.
เพี้ยนผัด 0,ก.,"ขอเลื่อนเวลาอยู่เรื่อย ๆ, ผัดเพี้ยน ก็ว่า."
เพียบ 0,ก.,"เกือบจม, เต็มแปล้, เช่น เรือบรรทุกสินค้าจนเพียบ รถบรรทุกของจนเพียบ, หนัก เช่น คนไข้อาการเพียบ."
เพียบแประ 0,ว.,เพียบจวนจะจม เช่น เรือบรรทุกข้าวจนเพียบแประ.
เพียบพร้อม 0,ว.,"เต็มเปี่ยม, ครบทุกอย่าง."
เพียร 0,น.,"ความบากบั่น, ความกล้าแข็ง."
เพียร 1,ก.,"พยายามจนกว่าจะสำเร็จ, บากบั่น."
เพื่อ 0,บ.,"เหตุด้วย, เพราะด้วย, เพราะ, เพราะว่า, ด้วย, เช่น ทำงานเพื่อจะได้เงิน, ด้วยว่า, เกี่ยวกับ, เนื่องด้วย, สำหรับ, เช่น สละชีวิตเพื่อประเทศชาติ ทำงานเพื่อลูก."
เพื่อน 0,น.,"ผู้ชอบพอรักใคร่กัน, ผู้สนิทสนมคุ้นเคยกัน, เช่น เขามีเพื่อนมาก, ผู้ร่วมสถาบันหรือร่วมอาชีพเป็นต้น เช่น เพื่อนร่วมโรงเรียน เพื่อนร่วมรุ่น เพื่อนข้าราชการ เพื่อนกรรมกร, ผู้ร่วมธุระ เช่น อยู่เป็นเพื่อนกันก่อน ไปเป็นเพื่อนกันหน่อย, ผู้อยู่ในสภาพเดียวกัน เช่น เพื่อนมนุษย์ เพื่อนร่วมโลก."
เพื่อน 1,ส.,คำใช้แทนคำว่า เขา หรือ ท่าน ในอาการที่เป็นกันเอง.
เพื่อน ๆ 0,น.,เพื่อนทั่ว ๆ ไป เช่น พวกเพื่อน ๆ.
เพื่อนเกลอ 0,น.,"เพื่อนสนิท, เพื่อนร่วมน้ำสาบาน."
เพื่อนคู่ทุกข์คู่ยาก 0,น.,"ผู้ที่ใช้ชีวิตร่วมกันไม่ทอดทิ้งกันทั้งในยามสุขยามทุกข์, ผู้ที่ร่วมทุกข์ร่วมสุขกันมาเป็นเวลานานปี, (มักใช้แก่คู่ผัวตัวเมีย), เพื่อนร่วมสุขร่วมทุกข์ ก็ว่า."
เพื่อนคู่หู 0,น.,เพื่อนที่ถูกคอถูกใจกัน.
เพื่อนเจ้าบ่าว 0,น.,ชายผู้ทำหน้าที่เป็นเพื่อนของเจ้าบ่าวในพิธีแต่งงาน.
เพื่อนเจ้าสาว 0,น.,หญิงผู้ทำหน้าที่เป็นเพื่อนของเจ้าสาวในพิธีแต่งงาน.
เพื่อนต่างเพศ 0,น.,เพื่อนที่ไม่ใช่เพศเดียวกัน.
เพื่อนตาย 0,น.,เพื่อนร่วมสุขร่วมทุกข์หรือยอมตายแทนกันได้.
เพื่อนบ้าน 0,น.,ผู้มีบ้านเรือนอยู่ใกล้เคียงกัน.
เพื่อนฝูง 0,น.,เพื่อนที่รู้จักมักคุ้นกัน.
เพื่อนยาก 0,น.,"เพื่อนในยามทุกข์ยาก, เพื่อนร่วมทุกข์ยาก."
เพื่อนร่วมสุขร่วมทุกข์ 0,น.,"ผู้ที่ใช้ชีวิตร่วมกันไม่ทอดทิ้งกันทั้งในยามสุขยามทุกข์, ผู้ที่ร่วมทุกข์ร่วมสุขกันมาเป็นเวลานานปี, (มักใช้แก่คู่ผัวตัวเมีย), เพื่อนคู่ทุกข์คู่ยาก ก็ว่า."
เพื่อนเล่น 0,น.,เพื่อนที่เล่นหัวกันมาตอนเป็นเด็ก.
แพ 0,น.,"ไม้ไผ่หรือซุงเป็นต้นที่ผูกมัดเรียงติดกันมาก ๆ สำหรับใช้เป็นพาหนะทางนํ้า หรือล่องมาขาย เช่น แพไม้ไผ่ แพซุง แพหยวกกล้วย, โดยปริยายหมายถึงสิ่งที่ติดเนื่องกันเป็นตับอย่างแพ เช่น ธูปแพเทียนแพ สวะลอยเป็นแพ"
แพ 1,น.,เรือนที่ตั้งอยู่บนแพในนํ้า มีลักษณะต่างกับเรือนไทยทั่วไปตรงที่มีเสาแต่ไม่ลงดิน ไม่มีระเบียงและชาน หันด้านข้างออกแม่น้ำ หรือเรือนลักษณะเช่นนั้นที่ยกเอามาปลูกบนบกเรียกว่า เรือนแพ
แพ 2,น.,ลักษณนามเรียกของที่มีลักษณะคล้ายคลึงเช่นนั้น เช่น ธูป ๓ แพ ข้าวเม่าทอด ๒ แพ.
แพ้ 0,ก.,"สู้ไม่ได้, ทนไม่ได้, ตรงกันข้ามกับ ชนะ, ผู้ที่มีเลือดเนื้อไม่ถูกกับสิ่งของหรือสัตว์บางอย่างก็เรียกว่า แพ้ เช่น แพ้ยา แพ้ตะขาบ."
แพ้ 1,ก.,ชนะ เช่น อนนเรืองใสงามหนักหนา แพ้พระอาทิตย์ (จารึกสยาม).
แพขนานยนต์ 0,น.,เรือบรรทุกคนโดยสาร รถยนต์ หรือสิ่งของข้ามฟาก มีลักษณะคล้ายแพขนาดใหญ่.
แพ่ง 0,น.,"แรง, กำลัง"
แพ่ง 1,น.,"ทาง, แพร่ง."
แพ่ง 2,ก.,สร้าง
แพ่ง 3,ก.,"เพ่ง, ตรวจดู, พิจารณา."
แพ่ง 4,ว.,"งาม, น่าดูมาก."
แพง 0,ว.,"มีราคาสูง, ตรงข้ามกับ ถูก."
แพง 1,ก.,"สงวน, หวง, เป็นที่รัก."
แพง 2,ว.,เป็นที่รัก.
แพงพวย 0,น.,"ชื่อไม้นํ้าชนิด Ludwigia adscendens (L.) H. Hara ในวงศ์ Onagraceae ทอดเลื้อยไปตามผิวนํ้า กินได้, พังพวย ก็เรียก."
แพงพวยฝรั่ง 0,น.,ชื่อไม้พุ่มชนิด Catharanthus roseus (L.) G. Don ในวงศ์ Apocynaceae ดอกมีหลายสี เช่น แดง ม่วง ชมพู หรือขาว ใช้ทำยาได้.
แพ็งแพว 0,น.,ผักแพว. [ดู แพว (๑)].
แพแตก 0,ว.,ลักษณะที่ครอบครัวเป็นต้นแตกกระจัดกระจายแยกย้ายกันไปเพราะหัวหน้าครอบครัวหรือผู้เป็นหลักเป็นประธานประสบความวิบัติหรือเสียชีวิต.
แพทย์ 0,น.,หมอรักษาโรค.
แพทย- 0,น.,หมอรักษาโรค.
แพทยศาสตร์ 0,น.,ตำราหมอ
แพทยศาสตร์ 1,น.,วิชาการป้องกันและบำบัดโรค.
แพทยา 0,น.,แพทย์.
แพ้ท้อง 0,ว.,อาการของผู้หญิงที่เปลี่ยนแปลงไปเมื่อแรกตั้งครรภ์ มีอาการคลื่นเหียนอาเจียนเป็นต้น.
แพ่น 0,ก.,เอาสิ่งที่มีลักษณะยาว จะกลมหรือแบนก็ได้ ตีลงด้วยกำลังแรง เช่น เอาไม้ตะพดแพ่นหัว
แพ่น 1,ก.,พรวดพราด อุกอาจ เอื้อมอาจ หรือล่วงล้ำเข้าไปในที่ที่ไม่ควร เช่น แพ่นเข้าไปถึงหลังบ้าน.
แพ่น 2,ว.,อาการที่อุกอาจ เอื้อมอาจ หรือล่วงลํ้าเข้าไปในที่ที่ไม่ควร (ใช้ในลักษณะติเตียน).
แพน 0,ก.,"แผ่ออก, กระจายออกไป, เช่น นกยูงแพนหาง นกพิราบแพนหาง."
แพน 1,น.,"หางนกบางชนิดที่แผ่ออกไปเป็นแผ่น เช่น แพนหางนกยูง แพนหางนกพิราบ, สิ่งอื่นที่มีลักษณะเป็นแผ่นคล้ายคลึงเช่นนั้น เช่น แพนสำหรับคัดท้ายแพซุง."
แพน 2,น.,เครื่องดนตรีชนิดหนึ่งของท้องถิ่น ใช้เป่า.
แพนก 0,น.,หน้า
แพนก 1,น.,แผนก.
แพนงเชิง 0,น.,การนั่งขัดสมาธิ.
แพ้เป็นพระ ชนะเป็นมาร 0,น.,การยอมสงบดีกว่าจะเอาชนะต่อเรื่องให้ลุกลามไป.
แพ้เปรียบ 0,ว.,"ไม่เสมอกัน, เสียเปรียบ."
แพ้ผม 0,ว.,ลักษณะที่ผมหงอกเร็วกว่าธรรมดา.
แพ้ผัว 0,ว.,มีผัวกี่คน ๆ ก็ตายจากไปก่อนหมด.
แพ้ฟัน 0,ว.,ฟันหักเร็วกว่าธรรมดา.
แพ้ภัยตัว 0,ก.,"เป็นภัยแก่ตัวเอง, เดือดร้อนตัวเอง, ให้มีอันเป็นไปเพราะดูถูกดูหมิ่นผู้ใหญ่เป็นต้น."
แพ้เมีย 0,ว.,มีเมียกี่คน ๆ ก็ตายจากไปก่อนหมด.
แพร 0,น.,ผ้าที่มีเนื้อลื่น เรียบเป็นมัน เนื้อหนาหรือบางก็ได้ เดิมทอด้วยใยไหม ปัจจุบันอาจทอด้วยใยประดิษฐ์ที่มีลักษณะคล้ายไหม.
แพร่ 0,ก.,"กระจายออกไป, แผ่ออกไป, เช่น แพร่ข่าว แพร่เชื้อโรค."
แพรก 0,น.,หญ้าแพรก.
แพรก 1,น.,ทางแยกของลำนํ้า.
แพรก 2,ก.,"แตก, แยก."
แพร่ข่าว 0,ก.,กระจายข่าวออกไป.
แพร่ง 0,น.,ทางแยกทางบก.
แพร่ง 1,ก.,"แตกออก, แยกออก."
แพร่งพราย 0,ก.,"แยก, กระจายไป, แผ่ไป"
แพร่งพราย 1,ก.,เปิดเผยความลับ (มักใช้ในความปฏิเสธ) เช่น เรื่องนี้รู้แล้วอย่าแพร่งพรายไป.
แพรแถบ 0,น.,แพรที่เป็นแถบสีต่าง ๆ เป็นเครื่องหมายอิสริยาภรณ์ ใช้ประดับที่หน้าอก.
แพรว 0,ว.,"แวววาว, มีแสงวับ ๆ วาบ ๆ, ใช้ แพร้ว ก็ได้."
แพร้ว 0,ว.,"แพรว, แวววาว, มีแสงวับ ๆ วาบ ๆ."
แพร้ว 1,น.,"ชื่อมะพร้าวพันธุ์หนึ่ง ทะลายไม่แยกแขนง ผลมีจุกตอนปลาย, มะแพร้ว ก็เรียก."
แพรวพราย 0,ว.,"เลื่อม, แวววาว, วับ ๆ วาบ ๆ, พราย ๆ, พราว, เช่น แสงเพชรมีประกายแพรวพราย, พรายแพรว หรือ พราวแพรว ก็ว่า."
แพรวพราว 0,ว.,"เลื่อม, แวววาว, วับ ๆ วาบ ๆ, พราย ๆ, พราว, เช่น แสงเพชรมีประกายแพรวพราย, พรายแพรว หรือ พราวแพรว ก็ว่า."
แพร่สะพัด 0,ก.,กระจายไปทั่ว เช่น ข่าวแพร่สะพัดไปโดยเร็ว.
แพร่หลาย 0,ก.,"กระจายออกไปให้มาก, ทั่วถึง, เช่น รู้กันแพร่หลาย ใช้กันแพร่หลาย."
แพ้รู้ 0,ก.,"แพ้ความคิด, เสียที, เสียรู้."
แพ้แรง 0,ว.,"เสียกำลัง, หมดแรง เช่น ทำงานหนักจนแพ้แรง"
แพ้แรง 1,ว.,สู้แรงไม่ได้ เช่น นักมวยฝ่ายน้ำเงินสู้ฝ่ายแดงไม่ได้เพราะแพ้แรง.
แพลง 0,ก.,"บิดไป, พลิกตะแคง."
แพลทินัม 0,น.,"ธาตุลำดับที่ ๗๘ สัญลักษณ์ Pt เป็นโลหะ ลักษณะเป็นของแข็งสีเงินเป็นเงางาม หลอมละลายที่ ๑๗๖๙ °ซ. ใช้ประโยชน์นำไปผสมกับโลหะอื่นให้เป็นโลหะเจือ ใช้เป็นอุปกรณ์ไฟฟ้าอุปกรณ์ในเครื่องมือวิทยาศาสตร์ และใช้เป็นเครื่องประดับที่มีค่าสูง, ทางการค้าเรียกว่า ทองคำขาว."
แพล็บ 0,น.,"ชั่วเวลานิดเดียว เช่น โผล่มาแพล็บเดียวหายไปแล้ว ทำแพล็บเดียวเสร็จ, แผล็บ ก็ว่า, ลักษณนามใช้เรียกชั่วเวลานิดเดียว เช่น ขอตัวไปทำธุระแพล็บเดียว แล้วจะรีบกลับมาทำงานต่อ."
แพล็บ ๆ 0,ว.,"ชั่วเวลานิดเดียว เช่น เขามาแพล็บ ๆ ก็ไป, แผล็บ ๆ ก็ว่า."
แพลม 0,ก.,แลบออกมาพอแลเห็น เช่น ทุเรียนเนื้อบางเห็นเม็ดแพลมออกมา.
แพลเลเดียม 0,น.,ธาตุลำดับที่ ๔๖ สัญลักษณ์ Pd เป็นโลหะ ลักษณะเป็นของแข็งสีเงินคล้ายแพลทินัม หลอมละลายที่ ๑๕๕๒ °ซ. ใช้ประโยชน์นำไปผสมกับโลหะอื่นให้เป็นโลหะเจือ.
แพละ 0,ว.,แผละ.
แพละโลม 0,ก.,"พูดเกี้ยว, พูดเลียบเคียงทางชู้สาว, แพะโลม หรือ แทะโลม ก็ว่า."
แพลูกบวบ 0,น.,แพที่เอาไม้ไผ่หลาย ๆ ลำมามัดรวมกันเป็นแพกลม ๆ.
แพว 0,น.,"ชื่อไม้ล้มลุกขนาดเล็กชนิด Polygonum odoratum Lour. ในวงศ์ Polygonaceae ต้นและใบมีกลิ่นหอมฉุน ใบอ่อนและกิ่งกินได้ ใช้ทำยาได้ เรียกว่า ผักแพว, เรียกเพี้ยนเป็น พักแพว พัดแพว เพ็งแพว หรือ แพ็งแพว ก็มี, พายัพเรียก ผักไผ่."
แพว 1,น.,"ชื่อไม้ล้มลุกชนิด Heliotropium indicumL. ในวงศ์ Boraginaceae ดอกสีม่วงอ่อนออกเป็นช่อลักษณะคล้ายงวงช้าง, แพว ก็เรียก."
แพ้ว 0,ก.,แขวนหรือปักสิ่งของเช่นรูปหุ่นหลอกไว้ เพื่อป้องกันนกการบกวน เรียกว่า แพ้วนก แพ้วกา
แพ้ว 1,ก.,โดยปริยายหมายความว่า อยู่ตรากตรำ ตากแดดตากฝน เป็นต้น เช่น ไปยืนแพ้วคอยดูขบวนแห่.
แพศย์ 0,น.,คนในวรรณะที่ ๓ แห่งสังคมฮินดู ซึ่งมี ๔ วรรณะ ได้แก่ พราหมณ์ กษัตริย์ แพศย์ และศูทร.
แพศยา 0,น.,"หญิงหาเงินในทางประเวณี, หญิงถ่อย, หญิงสำส่อน."
แพะ 0,น.,ชื่อสัตว์เลี้ยงลูกด้วยนม ในสกุล Capraวงศ์ Bovidae เป็นสัตว์เคี้ยวเอื้องกีบคู่ขนาดกลาง ขนลำตัวหยาบสีดำ ขาว หรือนํ้าตาล มีเขา ๑ คู่ ตัวผู้มีเครา หางสั้น มีความอดทน แข็งแรง และทนทานต่อโรคได้ดีกว่าสัตว์กีบคู่อื่น ๆ สามารถปีนป่ายที่สูงโดยเฉพาะโขดหินหรือภูเขาได้ดี ที่นิยมนำมาเลี้ยง เช่น ชนิด Capra aegagrus hircus Linn.
แพะ 1,น.,"ชื่อหนึ่งของดาวฤกษ์เชษฐา มี ๑๔ ดวง, ดาวงาช้าง ดาวช้างใหญ่ ดาวคอนาค หรือ ดาวเชษฐะ ก็เรียก."
แพะ 2,น.,ป่าแพะ. (ดู ป่าแพะ ที่ ป่า).
แพะรับบาป 0,น.,คนที่รับเคราะห์กรรมแทนผู้อื่นที่ทำกรรมนั้น.
แพะโลม 0,ก.,"พูดเกี้ยว, พูดเลียบเคียงทางชู้สาว, แพละโลม หรือ แทะโลม ก็ว่า."
โพ 0,น.,"ชื่อไม้ต้นชนิด Ficus religiosaL. ในวงศ์ Moraceae เป็นต้นไม้ซึ่งเป็นที่ตรัสรู้ของพระพุทธเจ้า ใบรูปหัวใจ ปลายยาวคล้ายหาง ผลกินได้ ใบอ่อนและผลใช้ทำยาได้, โพศรีมหาโพธิ ก็เรียก."
โพ 1,น.,"ชื่อปลานํ้าจืดชนิด Neolissochilus stracheyi ในวงศ์ Cyprinidae ปากเล็ก ลำตัวยาว เกล็ดใหญ่ รูปร่างคล้ายทรงกระบอก ลำตัวสีเงิน ด้านหลังสีเขียวเข้ม อาศัยอยู่ในแหล่งนํ้าสะอาดใกล้ต้นนํ้า เป็นปลาขนาดใหญ่ ยาวได้ถึง ๑ เมตร, พลวง หรือ โพ ก็เรียก."
โพก 0,ก.,เอาผ้าหรือสิ่งของพันหรือคลุมหัว.
โพก 1,ว.,เรียกผ้าที่ใช้พันหรือคลุมหัว ว่า ผ้าโพกหัว.
โพกพาย 0,น.,"ชื่อไม้เถาชนิด Pachygone dasycarpa Kurz ในวงศ์ Menispermaceae ดอกสีเหลืองอ่อน ผลสีเหลือง, ย่านางช้าง หรือ หนามพรม ก็เรียก."
โพขี้นก 0,น.,"ชื่อไม้ต้นชนิด Ficus rumphii Blume ในวงศ์ Moraceae ลักษณะคล้ายโพ แต่ปลายใบที่ยื่นแหลมสั้นกว่า ใช้ทำยาได้, โพปราสาท ก็เรียก."
โพง 0,ก.,"ตัก, วิด, เช่น โพงน้ำ."
โพง 1,น.,"ภาชนะสำหรับตักนํ้าในบ่อลึก ๆ, ถ้ามีคันถ่วงเพื่อให้เบาแรงเวลาตักขึ้น คันนั้น เรียกว่า คันโพง"
โพง 2,น.,ผีชนิดหนึ่งกล่าวกันว่าชอบกินของสดคาว
โพง 3,น.,เรียกแมวตัวผู้ขนาดใหญ่.
โพง 4,น.,โชงโลง.
โพง 5,น.,ปลานวลจันทร์น้ำจืด. (ดู นวลจันทร์ ๑).
โพงพาง 0,น.,เครื่องมือดักปลาชนิดหนึ่ง เป็นถุงตาข่ายรูปยาวรี ใช้ผูกกับเสาใหญ่ ๒ ต้นที่ปักขวางลำนํ้า สำหรับจับปลากุ้งทุกขนาด.
โพชฌงค์ 0,น.,องค์แห่งธรรมเป็นเครื่องตรัสรู้ มี ๗ ประการ
โพชฌงค์ 1,น.,ชื่อพระปริตรที่พระสงฆ์สวดให้คนเจ็บหนักฟัง เรียกว่า สวดโพชฌงค์.
โพซิตรอน 0,น.,"อนุภาคมูลฐานชนิดหนึ่ง มีมวลเท่ากับอิเล็กตรอน มีประจุไฟฟ้าเท่ากับประจุไฟฟ้าของอิเล็กตรอน แต่เป็นประจุไฟฟ้าบวก เมื่อโพซิตรอนและอิเล็กตรอนอย่างละ ๑ อนุภาคมากระทบกัน ทั้งคู่จะทำลายล้างกันสูญหายไปด้วยกันทั้งสิ้น และให้พลังงานมากมายเกิดขึ้นในรูปของรังสีแกมมา, แอนติอิเล็กตรอน ก็เรียก."
โพด 0,ว.,มากเกิน เช่น ไกลโพด.
โพด 1,น.,ข้าวโพด. (ดู ข้าวโพด ที่ ข้าว).
โพทะเล 0,น.,ชื่อไม้ต้นชนิด Thespesia populnea (L.) Sol. ex Corrêa ในวงศ์ Malvaceae ขึ้นริมนํ้า ใบคล้ายใบโพปราสาท ดอกสีเหลือง โคนกลีบดอกด้านในสีม่วงคล้ำ รากใช้ทำยาได้.
โพแทสเซียม 0,น.,ธาตุลำดับที่ ๑๙ สัญลักษณ์ K เป็นโลหะ ลักษณะเป็นของแข็งสีขาวคล้ายโลหะเงิน เนื้ออ่อนหลอมละลายที่ ๖๓.๗ °ซ.
โพธ 0,น.,"ความรู้, ความเข้าใจ, ความฉลาด. (ป., ส.)."
โพธ 1,ก.,"แย้ม, บาน, แรกรุ่น เช่น นงโพธ."
โพธิ์ 0,น.,ความตรัสรู้
โพธิ์ 1,น.,"ชื่อต้นไม้เป็นที่ตรัสรู้ของพระพุทธเจ้า, ปัจจุบันหมายถึงต้นโพ ( Ficus religiosaL.)."
โพธิ- 0,น.,ความตรัสรู้
โพธิ- 1,น.,"ชื่อต้นไม้เป็นที่ตรัสรู้ของพระพุทธเจ้า, ปัจจุบันหมายถึงต้นโพ ( Ficus religiosaL.)."
โพธิญาณ 0,น.,พระปัญญาที่ทำให้ตรัสรู้เป็นพระพุทธเจ้า.
โพธิบัลลังก์ 0,น.,"อาสนะที่พระพุทธเจ้าประทับใต้ต้นพระศรีมหาโพธิ ณ พุทธคยา ประเทศอินเดีย ในวันตรัสรู้, รัตนบัลลังก์ หรือ วัชรอาสน์ ก็ว่า."
โพธิปักขิยธรรม 0,น.,"ธรรมเป็นไปในฝักฝ่ายแห่งความตรัสรู้, ธรรมเกื้อกูลแก่ความตรัสรู้มี ๓๗ ประการ."
โพธิสมภาร 0,น.,บุญบารมีของพระมหากษัตริย์.
โพธิสัตว์ 0,น.,ท่านผู้ที่จะได้ตรัสรู้เป็นพระพุทธเจ้า.
โพ้น 0,ว.,โน้น เช่น ไกลโพ้น.
โพน 0,น.,วิธีคล้องช้างเถื่อน คือ เอาช้างต่อไปเที่ยวต้อนคล้องเอา.
โพน 1,น.,"จอมปลวก, เนินดิน."
โพน 2,ก.,แกว่ง.
โพนทะนา 0,ก.,"กล่าวโทษ, ติเตียน, พูดกล่าวโทษท่านต่อหน้าผู้อื่น."
โพ้นทะเล 0,ว.,"ห่างไกลจากประเทศบ้านเกิดเมืองนอนโดยมีทะเลกั้น, เรียกชาวจีน ที่อยู่นอกประเทศออกไปโดยมีทะเลกั้น ว่า จีนโพ้นทะเล."
โพนเพน 0,ก.,"โงนเงน, โอนเอน."
โพบาย 0,น.,"ชื่อไม้ต้นขนาดใหญ่ชนิด Balakata baccatum (Roxb.) Esser ในวงศ์ Euphorbiaceae เป็นไม้เนื้ออ่อน มียางทำให้ระคายเคืองต่อผิวหนัง ผลใช้เบื่อปลา, พายัพเรียก กระดาด."
โพปราสาท 0,น.,"ชื่อไม้ต้นชนิด Ficus rumphii Blume ในวงศ์ Moraceae ลักษณะคล้ายโพ แต่ปลายใบที่ยื่นแหลมสั้นกว่า ใช้ทำยาได้, โพปราสาท ก็เรียก."
โพผัน 0,น.,"ชื่อไม้พุ่มชนิด Euphorbia pulcherrima (R. Grah.) Willd. ex Klotzsch ในวงศ์ Euphorbiaceae ออกดอกในฤดูหนาว มีใบประดับสีแดง, สองฤดู หรือ โพผัน ก็เรียก."
โพย 0,น.,"บัญชี, ทะเบียน."
โพย 1,น.,"อันตราย, โพยภัย ก็ว่า."
โพย 2,ก.,"โบย, ตี."
โพยก๊วน 0,น.,เอกสารที่เกี่ยวกับการส่งเงินทางจดหมายไปเมืองจีน.
โพยภัย 0,น.,"อันตราย, โพย ก็ว่า."
โพยม 0,น.,"ท้องฟ้า, อากาศ, โพยมัน หรือ โพยมาน ก็ใช้."
โพยมยาน 0,น.,ยานที่แล่นไปในฟ้า.
โพยมัน 0,น.,"โพยม, ท้องฟ้า, อากาศ."
โพยมาน 0,น.,"โพยม, ท้องฟ้า, อากาศ."
โพรก 0,ว.,"ไม่แน่น, มีเนื้อไม่แน่น, เช่น ปูโพรก."
โพรง 0,น.,ช่องที่กลวงเข้าไป เช่น โพรงไม้ โพรงจมูก.
โพรงแสม 0,น.,ชื่อขนมชนิดหนึ่งทำด้วยแป้งข้าวเจ้า รูปอย่างกระบอก.
โพรโทแอกทิเนียม 0,น.,"ธาตุลำดับที่ ๙๑ สัญลักษณ์ Pa เป็นโลหะ ลักษณะเป็นของแข็ง สีเทาอ่อน หลอมละลายที่ ๑๒๓๐ °ซ. เป็นธาตุกัมมันตรังสี, โพรแทกทิเนียม ก็เรียก."
โพรมีเทียม 0,น.,ธาตุลำดับที่ ๖๑ สัญลักษณ์ Pm เป็นธาตุกัมมันตรังสีที่นักวิทยาศาสตร์สร้างขึ้นไม่มีปรากฏในธรรมชาติ ลักษณะเป็นของแข็ง หลอมละลายที่ ๑๐๒๗ °ซ.
โพระดก 0,น.,ชื่อนกขนาดเล็กหลายชนิดในวงศ์ Megalaimidae หรือ Capitonidae ปากหนาสั้นแข็งแรง ปลายแหลมใหญ่ มีขนแข็งตรงโคนปาก หน้าสีแดง เหลือง หรือนํ้าตาลแล้วแต่ชนิด ตัวอ้วนป้อมสีเขียว ทำรังตามโพรงไม้ กินผลไม้และแมลง เช่น โพระดกธรรมดา [ Megalaima lineate (Vieillot)] โพระดกหูเขียว [ M. faiostricta (Temiminck)] โพระดกคอสีฟ้า [ M. asiatica (Latham)].
โพล่ 0,น.,ภาชนะชนิดหนึ่ง สำหรับใส่เสบียงกรังและของใช้ต่าง ๆ เช่น ข้าวสาร เสื้อผ้า ประกอบด้วยกระชุ ๒ ใบ สานเป็นตาชะลอม กรุด้วยกาบไผ่ กระชุนั้นผูกติดกับคันซึ่งทำเป็นขา ๒ ขา ส่วนบนไขว้กัน มีหูสำหรับสอดไม้คานเพื่อหาบไป ด้านบนมีกัญญาซึ่งสานด้วยไม้ไผ่เป็นตาชะลอมแล้วกรุด้วยใบไม้ผูกติดกับคันสำหรับกันแดดกันฝน.
โพลง 0,ว.,"สว่างแจ้ง, ลุกสว่าง, เช่น ไฟลุกโพลง สว่างโพลง"
โพลง 1,ว.,"ใช้ประกอบกับคำ ขาว เป็น ขาวโพลง หมายความว่า ขาวมาก, ขาวทั่วทั้งหมด, (ใช้แก่ผม) เช่น ผมหงอกขาวโพลงไปทั้งหัว, โพลน ก็ว่า"
โพลง 2,ว.,ลักษณะที่เบิกกว้าง เช่น ตาลุกโพลง ลืมตาโพลง.
โพล่ง 0,ว.,ใช้ประกอบกับคำ พูด เป็น พูดโพล่ง หมายความว่า พูดอย่างไม่ยับยั้ง
โพล่ง 1,ว.,เสียงดังอย่างเสียงกระโดดลงไปในนํ้า.
โพล้ง 0,น.,ชื่อเบี้ยชนิดหนึ่ง ตัวใหญ่ ใช้ขัดผ้า.
โพลน 0,ว.,"ใช้ประกอบกับคำ ขาว เป็น ขาวโพลน หมายความว่า ขาวมาก, ขาวทั่วทั้งหมด, (ใช้แก่ผม) เช่น ผมหงอกขาวโพลนไปทั้งหัว, โพลง ก็ว่า."
โพล้เพล้ 0,น.,"เวลาพลบคํ่า, เวลาจวนคํ่า, เวลาเข้าไต้เข้าไฟ, พี้โพ้ หรือ เพล้โพล้ ก็ว่า."
โพละ 0,ว.,เสียงอย่างเสียงทุบหม้อดินแตกเป็นต้น.
โพศรีมหาโพธิ 0,ว.,"ชื่อไม้ต้นชนิด Ficus religiosaL. ในวงศ์ Moraceae เป็นต้นไม้ซึ่งเป็นที่ตรัสรู้ของพระพุทธเจ้า ใบรูปหัวใจ ปลายยาวคล้ายหาง ผลกินได้ ใบอ่อนและผลใช้ทำยาได้, โพศรีมหาโพธิ ก็เรียก."
โพสพ 0,น.,"ชื่อเทพธิดาประจำข้าว, เจ้าแม่แห่งข้าว, ใช้ว่า ไพสพ ก็มี."
ไพ 0,น.,มาตราเงินตามวิธีประเพณี ๒ อัฐ เท่ากับ ๑ ไพ.
ไพ่ 0,น.,เครื่องเล่นการพนันอย่างหนึ่ง ทำด้วยกระดาษค่อนข้างแข็งหรือพลาสติกเป็นต้น เป็นแผ่นสี่เหลี่ยมผืนผ้าบาง ๆ มีลวดลายและเครื่องหมายแสดงแต้มต่าง ๆ.
ไพจิตร 0,ว.,งาม
ไพจิตร 1,ว.,"แตกต่าง, หลายหลาก."
ไพชน 0,น.,"ที่เงียบ, ที่สงัด, ที่ปราศจากคน."
ไพชยนต์ 0,น.,ชื่อรถและวิมานของพระอินทร์
ไพชยนต์ 1,น.,ปราสาททั่วไปของหลวง
ไพชยนต์ 2,น.,ธงของพระอินทร์.
ไพฑูรย์ 0,น.,"ชื่อรัตนะอย่างหนึ่ง ในจำพวกนพรัตน์ มีสีเหลืองแกมเขียวหรือนํ้าตาลเทา มีนํ้าเป็นสายรุ้งกลอกไปมา, เพชรตาแมว หรือ แก้วสีไม้ไผ่ ก็ว่า."
ไพโดร 0,ก.,"พิโดร, กลิ่นฟุ้งไป."
ไพ่ตอง 0,น.,"ชื่อไพ่ไทยชนิดหนึ่ง รูปสี่เหลี่ยมผืนผ้า ชุดหนึ่งมี ๑๒๐ ใบ ประกอบด้วย ๑๐ พวก พวกละ ๑๒ ตัว, ไพ่ผ่องไทย ก็เรียก."
ไพ่ตาย 0,น.,"ไพ่ในมือที่รอเข้าตองเข้าเศียรอยู่แต่ไม่มีใครทิ้งให้หรือเขาทิ้งให้คนอื่นซึ่งตนไม่มีสิทธิ์เก็บมาใช้ได้ เช่น ไพ่ตายคามือ, โดยปริยายหมายถึง เรื่องสำคัญที่สามารถให้คุณให้โทษได้ซึ่งอีกฝ่ายหนึ่งกำเป็นความลับไว้ เช่น เขากำไพ่ตายของคนนั้นไว้ จะบีบก็ตายจะคลายก็รอด."
ไพที 0,น.,"ที่รอง, แท่น, ขอบชายคา คือ ที่สุดชายคาชั้นบนต่อกับชายคาชั้นล่าง"
ไพที 1,น.,ฐานบัวควํ่าบัวหงายที่พระเจดีย์.
ไพบูลย์ 0,น.,"ความเต็มเปี่ยม, ความเต็มที่."
ไพบูลย์ 1,ว.,"เต็มเปี่ยม, เต็มที่."
ไพ่ป๊อก 0,น.,ชื่อไพ่ชนิดหนึ่ง รูปสี่เหลี่ยมผืนผ้า ชุดหนึ่งมี ๕๒ ใบ ใช้เล่นการพนันได้หลายอย่าง เช่น บริดจ์ โป๊กเกอร์ หรือใช้ทำนายโชคชะตาได้ด้วย
ไพ่ป๊อก 1,น.,การพนันชนิดหนึ่ง เจ้ามือแจกไพ่ให้คนละ ๒ ใบ แล้วเรียกไพ่ได้อีก รวมแล้วไม่เกิน ๕ ใบ และจะจ่ายเงินให้คนที่ได้แต้มสูงกว่า และกินเงินคนที่ได้แต้มตํ่ากว่าตามกติกา.
ไพ่ผ่องไทย 0,น.,ไพ่ตอง.
ไพพรรณ 0,น.,สีต่าง ๆ.
ไพพรรณ 1,ว.,"ต่างเพศ, ต่างสี."
ไพเพิด 0,ก.,"ตะเพิด, ทำเสียงขับไล่."
ไพ่ไฟ 0,น.,บัตรลงคะแนนเสียงเลือกตั้งที่ลงด้วยวิธีการทุจริต
ไพ่ไฟ 1,น.,อาวุธสงครามชนิดหนึ่ง ลักษณะเป็นแผ่นบรรจุสารเคมีซึ่งติดไฟง่าย.
ไพมอก 0,ก.,"ครํ่าครวญ, บ่นด้วยความเศร้า."
ไพม้า 0,น.,"เรือพายม้า, ใช้ว่า พลายม้า ก็มี."
ไพร 0,น.,ป่า
ไพร 1,น.,"ขอบ, ริม, เรียกตอกเส้นกลม ๆ ที่อยู่ใต้ขอบกระบุงกระจาดเป็นต้น ว่า ตอกไพร."
ไพร่ 0,น.,"พลเมือง, ประชาชน, ราษฎรสามัญ."
ไพรคิ้ว 0,น.,ลายเขียนเป็นเส้นคิ้วที่หัวโขน.
ไพรจิตร 0,ว.,ไพจิตร.
ไพรชน 0,น.,ไพชน.
ไพรชยนต์ 0,น.,ไพชยนต์.
ไพรฑูรย์ 0,น.,ไพฑูรย์.
ไพรที 0,น.,ไพที.
ไพรบูลย์ 0,น.,ไพบูลย์.
ไพรปาก 0,น.,ลายเขียนเป็นเส้นที่ท้ายมุมปากที่หัวโขน.
ไพร่พล 0,น.,"กำลังคน, กำลังทหาร, หมู่คนในราชการ, เช่น ยกไพร่พลเข้าโจมตี."
ไพร่ฟ้า 0,น.,"ราษฎร, ประชาชน, พลเมืองของพระเจ้าอยู่หัว."
ไพรระหง 0,น.,ป่าสูง.
ไพรเราะ 0,ว.,ไพเราะ.
ไพรวัน 0,น.,ป่าไม้.
ไพรสณฑ์ 0,น.,แนวป่า.
ไพร่สม 0,น.,"ชายฉกรรจ์ซึ่งเป็นราษฎรสามัญผ่านการสักแล้ว พระเจ้าอยู่หัวได้พระราชทานให้ไปรับราชการเป็นกำลังแก่มูลนาย, ไพร่สมกำลัง ก็ว่า."
ไพร่สมกำลัง 0,น.,"ชายฉกรรจ์ซึ่งเป็นราษฎรสามัญผ่านการสักแล้ว พระเจ้าอยู่หัวได้พระราชทานให้ไปรับราชการเป็นกำลังแก่มูลนาย, ไพร่สมกำลัง ก็ว่า."
ไพร่ส่วย 0,น.,"ไพร่หลวงที่ไม่ต้องการเข้าเดือน แต่ต้องหาสิ่งของใช้ในราชการส่งมาแทน, ไพร่หลวงส่วย ก็ว่า."
ไพรสัณฑ์ 0,น.,แนวป่า.
ไพรสาณฑ์ 0,น.,แนวป่า.
ไพรสามกอ 0,ว.,"ชื่อไม้ต้นขนาดกลางชนิด Acronychia pedunculata (L.) Miq. ในวงศ์ Rutaceae ผลเล็ก สีเขียวอ่อนหรือสีนวล กินได้, กระเบื้องถ้วย เปล้าขลิบทอง ไพรสามกอ หรือ มะงัน ก็เรียก."
ไพร่หลวง 0,น.,ชายฉกรรจ์อายุ ๑๘ ปีขึ้นไปซึ่งเป็นราษฎรสามัญผ่านการสักขึ้นทะเบียนสังกัดกรมกองต่าง ๆ เพื่อรับราชการหรือเข้าเดือน. (ดู เลกสมสัก ประกอบ).
ไพร่หลวงส่วย 0,น.,"ไพร่หลวงที่ไม่ต้องการเข้าเดือน แต่ต้องหาสิ่งของใช้ในราชการส่งมาแทน, ไพร่หลวงส่วย ก็ว่า."
ไพรัช 0,ว.,"นอกประเทศ, ต่างประเทศ, เช่น ไพรัชพากย์."
ไพรัช- 0,ว.,"นอกประเทศ, ต่างประเทศ, เช่น ไพรัชพากย์."
ไพรำ 0,ว.,ที่แหลกเป็นเม็ดเล็ก ๆ เช่น ทองไพรำ.
ไพรำ 1,น.,มณีอันมีค่า.
ไพริน 0,น.,ผู้มีเวร
ไพริน 1,น.,ข้าศึก.
ไพรินทร์ 0,น.,กษัตริย์ผู้เป็นข้าศึก.
ไพรินทร์ 1,น.,ข้าศึก.
ไพรี 0,น.,ผู้มีเวร
ไพรี 1,น.,ข้าศึก.
ไพรู 0,ว.,"งาม, รุ่งเรือง."
ไพเราะ 0,ว.,"เพราะ, เสนาะ, น่าฟัง."
ไพโรจน์ 0,ว.,"รุ่งเรือง, สุกใส."
ไพล 0,น.,ชื่อไม้ล้มลุกชนิด Zingiber montanum (Koenig) Link ex Dictr. ในวงศ์ Zingiberaceae ต้นและใบคล้ายขิง เหง้าสีเหลืองอมเขียวใช้ทำยาได้.
ไพล 1,ว.,สีเหลืองอมเขียวอย่างสีเหง้าไพล เรียกว่า สีไพล.
ไพล่ 0,ก.,"ไขว้ เช่น เอามือไพล่หลัง, เอี้ยว, หลบไป, หลีกไป"
ไพล่ 1,ก.,แทนที่จะเป็นอย่างนี้กลับเป็นอีกอย่างหนึ่ง เช่น เคยทำอย่างนี้ ไพล่ไปทำอย่างนั้น.
ไพล่หลัง 0,ก.,"เอาแขน ๒ ข้างไขว้ไปข้างหลัง เช่น ถูกจับมัดมือไพล่หลัง, เอามือ ๒ ข้างจับกันไขว้ไว้ข้างหลัง เช่น ตำรวจยืนถ่างขาเอามือไพล่หลังในเวลายืนรับเสด็จ."
ไพศาข- 0,น.,เดือน ๖
ไพศาข- 1,น.,ชื่อดาวฤกษ์ที่ ๑๖ ของดาวฤกษ์ ๒๗.
ไพศาขบุรณมี 0,น.,วันเพ็ญเดือน ๖.
ไพศาขมาส 0,น.,เดือนอันมีพระจันทร์เพ็ญเสวยฤกษ์วิศาขะ คือ เดือน ๖ ตกในราวเดือนพฤษภาคม.
ไพศาขะ 0,น.,เดือน ๖
ไพศาขะ 1,น.,ชื่อดาวฤกษ์ที่ ๑๖ ของดาวฤกษ์ ๒๗.
ไพศาล 0,ว.,กว้างใหญ่.
ไพเศษ 0,ว.,พิเศษ.
ไพสพ 0,น.,"ชื่อเทพธิดาประจำข้าว, เจ้าแม่แห่งข้าว, โพสพ ก็ใช้"
ไพสพ 1,น.,วัวที่ใช้ในพิธีแรกนา.
ไพสิฐ 0,ว.,"ประเสริฐ, วิเศษ."
ไพหาร 0,น.,วิหาร.
