คำ,POS,ความหมาย
ห 0,?,พยัญชนะตัวที่ ๔๑ เรียกว่า หอ หีบ เป็นอักษรสูง ใช้เป็นพยัญชนะต้น ใช้นำอักษรตํ่าเดี่ยวให้ผันอย่างอักษรสูงและตัว ห ไม่ออกเสียง เช่น หงอย หนา.
หก 0,ก.,"อาการที่ส่วนเบื้องสูงของร่างกาย ของภาชนะ หรือของสิ่งใดสิ่งหนึ่งเอียงลง เทลง ในทันใดจากที่เดิม เช่น หกต่ำหกสูง น้ำหก ข้าวหก, โดยปริยายเรียกอาการเช่นนั้น เช่น กระดานหก."
หก 1,น.,ชื่อนกปากขอขนาดเล็ก ในวงศ์ Psittacidae ปากหนา หัวโต ตัวสีเขียว หางสั้น อยู่รวมกันเป็นฝูง ทำรังตามโพรงไม้ มักเกาะห้อยหัวลง กินผลไม้และเมล็ดพืช ในประเทศไทยมี ๓ ชนิด คือ หกใหญ่ [Psittinus cyanurus (Forster)] หกเล็กปากแดง [Loriculus vernalis (Sparrman)] และหกเล็กปากดำ [L. galgulus (Linn.)].
หก 2,น.,จำนวนห้าบวกหนึ่ง
หก 3,น.,ชื่อเดือนจันทรคติ เรียกว่า เดือน ๖ ตกในราวเดือนพฤษภาคม.
หกคว่ำ 0,ก.,อาการที่ภาชนะเอียงคว่ำลง
หกคว่ำ 1,ก.,"ล้มคว่ำ, บางทีก็ใช้เข้าคู่กับคำ คะมำหงาย เป็น หกคว่ำคะมำหงาย ซึ่งมีความหมายคล้ายกับ ล้มคว่ำคะมำหงาย."
หกคะเมน 0,ก.,"ล้มหัวทิ่ม เช่น หกคะเมนลงไปข้างท้องร่อง, เอาหัวหรือมือทั้ง ๒ ข้างปักลงที่พื้น ยกเท้าชี้ขึ้นข้างบน แล้วม้วนตัวไปข้างหลัง, บางทีใช้เข้าคู่กับคำ ตีลังกา เป็น หกคะเมนตีลังกา."
หกบท 0,น.,ชื่อเพลงไทย อัตรา ๒ ชั้น หน้าทับปรบไก่
หกบท 1,น.,ชื่อเพลงไทยประเภทเพลงเถา.
หกล้ม 0,ก.,"ล้มลง, ทรุดตัวลงเพราะเสียการทรงตัว."
หกโล่ 0,ก.,หกกลิ้ง.
หกหัน 0,ก.,"หันกลับ, หมุนกลับ."
หกเหียน 0,น.,เรียกไม้ดัดแบบหนึ่งที่มีหุ่นหักลงดิน แล้ววกกลับขึ้นมา ว่า ไม้หกเหียน.
หง 0,ว.,มีสีแดงเจือสีขาวทำให้สีแดงนั้นอ่อนลง เช่น หงเสน คือ สีแดงเสนผสมสีขาว หงชาด คือ สีแดงชาดผสมสีขาว หงดิน คือ สีแดงเลือดหมูผสมสีขาว.
หงก ๆ 0,ว.,"อาการที่หัวหงุบลงแล้วเผยอขึ้นเร็ว ๆ, อาการที่เดินโดยทำหัวเช่นนั้น เรียกว่า เดินหงก ๆ."
หงส- 0,น.,นกในนิยายถือว่าเป็นนกในตระกูลสูง มีเสียงไพเราะ เป็นพาหนะของพระพรหม
หงส- 1,น.,ในวรรณคดีหมายถึงบุคคลที่มีชาติตระกูลสูงและเปรียบการเดินที่งดงามอ่อนช้อยและเป็นสง่าเทียบด้วยการเดินของหงส์.
หงส์ 0,น.,นกในนิยายถือว่าเป็นนกในตระกูลสูง มีเสียงไพเราะ เป็นพาหนะของพระพรหม
หงส์ 1,น.,ในวรรณคดีหมายถึงบุคคลที่มีชาติตระกูลสูงและเปรียบการเดินที่งดงามอ่อนช้อยและเป็นสง่าเทียบด้วยการเดินของหงส์.
หงส์ 2,น.,ชื่อนกจำพวกเป็ดขนาดใหญ่หลายชนิด วงศ์ย่อย Cygninae ในวงศ์ Anatidae คอยาว เป็นนกที่นำเข้ามาในประเทศไทย มีถิ่นกำเนิดในทวีปยุโรป อเมริกา และตอนเหนือของทวีปเอเชีย เช่น หงส์ขาว [Cygnus olor (Gmelin)] หงส์ดำ [C. atratus (Latham)] หงส์คอดำ [C. melanocorypha (Molina)].
หงสคติ 0,น.,ท่าเดินอย่างหงส์ คือ มีลักษณะงดงามอ่อนช้อยและเป็นสง่า.
หงส์ทอง 0,น.,ชื่อเพลงไทย อัตราชั้นเดียว และอัตรา ๓ ชั้น ถ้าเป็นอัตรา ๒ ชั้น เรียกว่า เพลงเวสสุกรรม
หงส์ทอง 1,น.,ชื่อเพลงไทยประเภทเพลงเถา หน้าทับปรบไก่.
หงสบาท 0,ว.,"มีสีคล้ายเท้าหงส์ คือ สีแดงปนเหลือง, สีแดงเรื่อ หรือ สีแสด ก็ว่า."
หงสโปดก 0,น.,"ลูกหงส์, เขียนเป็น หงษโปฎก ก็มี เช่น ดุจหงษโปฎก กระเหว่าเหล่านก พลัดแม่สูญหาย (ม. คำหลวง มัทรี)."
หงสรถ 0,น.,พระผู้มีหงส์เป็นพาหนะ คือ พระพรหม.
หงส์ร่อนมังกรรำ 0,น.,ชื่อพิธีกรรมทางไสยศาสตร์อย่างหนึ่งที่หญิงทำเพื่อให้ผัวหลงรักตัวคนเดียว.
หงสราช 0,น.,พญาหงส์.
หงสลีลา 0,น.,ท่าเดินอย่างหงส์.
หงส์ลีลา 0,น.,ท่าเดินอย่างหงส์.
หงส์ลีลา 1,น.,ชื่อท่ารำท่าหนึ่งอยู่ในลำดับว่า นาคาม้วนหาง กวางเดินดง หงส์ลีลา.
หงส์แล่น 0,น.,เครื่องประดับสันหลังคาหรือส่วนฐานของอาคาร ทำด้วยปูน ไม้ หรือหิน เป็นรูปหงส์เรียงกันเป็นแถว.
หงส์หยก 0,น.,ชื่อนกปากขอขนาดเล็กชนิด Melopsittacus undulatus (Shaw) ในวงศ์ Psittacidae ตัวมีหลายสี เช่น เขียว เหลือง ฟ้า ขาว กินเมล็ดพืช เป็นนกที่นำเข้ามาในประเทศไทย มีถิ่นกำเนิดในประเทศออสเตรเลีย.
หงอ 0,ว.,"อาการที่กลัวจนตัวงอ, อาการที่กลัวลานหรือครั่นคร้ามไม่กล้าสู้, ในคำว่า กลัวหงอ, ใช้ว่า หงอก๋อ ก็มี."
หงอก 0,ว.,ขาว (ใช้แก่ผมหรือหนวดเคราเป็นต้นที่เปลี่ยนจากสีเดิมเป็นสีขาว).
หง่อง ๆ 0,ว.,"อาการที่เดินขย่มตัวหัวสั่นหัวคลอนไปตามลำพัง, โดยปริยายหมายถึงเดินอยู่ตามลำพัง"
หง่อง ๆ 1,ว.,เสียงดังเช่นเสียงฆ้องกระแต.
หงองแหงง 0,ก.,"ระหองระแหง, ไม่ลงรอยกัน."
หงอด 0,ว.,"เงื่อง, ช้า"
หงอด 1,ว.,ไม่ใคร่จะหาย (ใช้แก่การเจ็บไข้ได้ป่วย)
หงอด 2,ว.,อาการบ่นด้วยความไม่พอใจ.
หงอด ๆ 0,ว.,"เงื่อง, ช้า"
หงอด ๆ 1,ว.,ไม่ใคร่จะหาย (ใช้แก่การเจ็บไข้ได้ป่วย)
หงอด ๆ 2,ว.,อาการบ่นด้วยความไม่พอใจ.
หงอน 0,น.,"ขนหรือเนื้อที่งอกขึ้นบนหัวไก่และนกบางชนิด, โดยปริยายใช้เรียกของที่มีลักษณะเช่นนั้น เช่น ค้อนหงอน ขวานหงอน."
หงอนไก่ 0,น.,"ชื่อไม้ล้มลุกชนิด Celosia argentea L. ในวงศ์ Amaranthaceae ช่อดอกสีแดงลักษณะคล้ายหงอนของไก่, หงอนไก่ไทย ก็เรียก."
หงอนไก่ 1,น.,"ชื่อไม้ต้นหลายชนิดในสกุล Heritieraวงศ์ Sterculiaceae เช่น ชนิด H. littoralis Dryand. ผลเป็นสัน, หงอนไก่ทะเล ก็เรียก."
หงอนไก่ 2,น.,ชื่อไม้พุ่มรอเลื้อยชนิด Cnestis palala (Lour.) Merr. ในวงศ์ Connaraceae ช่อดอกสีแดง ลักษณะคล้ายหงอนของไก่.
หงอนไก่ทะเล 0,น.,ชื่อไม้พุ่มรอเลื้อยชนิด Cnestis palala (Lour.) Merr. ในวงศ์ Connaraceae ช่อดอกสีแดง ลักษณะคล้ายหงอนของไก่.
หงอนไก่ไทย 0,น.,"ชื่อไม้ต้นหลายชนิดในสกุล Heritieraวงศ์ Sterculiaceae เช่น ชนิด H. littoralis Dryand. ผลเป็นสัน, หงอนไก่ทะเล ก็เรียก."
หงอนชบา 0,?,ดู กะรางหัวขวาน.
หง่อม 0,ว.,แก่มาก ในคำว่า แก่หง่อม.
หงอย 0,ว.,"ซึมเซา, ไม่ชุ่มชื่น, ไม่กระปรี้กระเปร่า, ไม่ร่าเริง."
หง่อย 0,ว.,"เชื่องช้า, ไม่ฉับไว, เงื่อง."
หงอยก๋อย 0,ว.,"ซบเซา, จับเจ่า, เซื่องซึม, ง่วงเหงา."
หงอยเหงา 0,ว.,"เปลี่ยวใจไม่กระปรี้กระเปร่า, เหงาหงอย ก็ว่า."
หงัก 0,ว.,"มาก เช่น แก่หงัก, งั่ก ก็ว่า."
หงัก ๆ 0,ว.,"อาการที่สั่นสะท้าน, อาการที่เดินสั่น ๆ มา, งัก ๆ หรือ งั่ก ๆ ก็ว่า."
หงับ ๆ 0,ว.,"อาการที่ปากอ้าและหุบลงโดยไม่มีเสียง เช่น ทำปากหงับ ๆ, อาการที่เคี้ยวของ เช่น เคี้ยวขนมหงับ ๆ."
หง่าง 0,ว.,"เสียงอย่างเสียงระฆังดัง, มักใช้ว่า หง่างเหง่ง หรือ เหง่งหง่าง."
หงาย 0,ก.,"พลิกเอาด้านหน้าขึ้น เช่น หงายหน้า หงายมือ หงายไพ่, ตรงข้ามกับ ควํ่า."
หงาย 1,ว.,อาการที่พลิกเอาด้านหน้าขึ้น เช่น หน้าหงาย
หงาย 2,ว.,เรียกคืนที่มีดวงจันทร์ส่องแสงสว่าง ว่า คืนเดือนหงาย.
หงายท้อง 0,ก.,ผิดไปจากที่คาดหวังไว้อย่างมาก เช่น มั่นใจว่าจะต้องสอบได้แน่ แต่พอไปดูประกาศผลการสอบ ไม่พบชื่อตัวเอง ก็หงายท้องกลับมา.
หงายบาตร 0,น.,สังฆกรรมที่คณะสงฆ์ประกาศยกโทษให้แก่คฤหัสถ์ที่เคยถูกประกาศคว่ำบาตรมาแล้ว ด้วยการยอมรับบิณฑบาตเหมือนเดิม.
หงายหลัง 0,ก.,ผิดไปจากที่คาดหวังไว้อย่างมาก เช่น มั่นใจว่าจะต้องสอบได้แน่ แต่พอไปดูประกาศผลการสอบ ไม่พบชื่อตัวเอง ก็หงายท้องกลับมา.
หง่าว 0,ว.,"เสียงอย่างเสียงแมวตัวผู้ร้องหาแมวตัวเมีย, โดยปริยายหมายความว่า โดดเดี่ยว, เหงาอยู่ตามลำพัง, เช่น ปล่อยให้นั่งหง่าวอยู่คนเดียว."
หง่าว 1,น.,เรียกว่าวชนิดหนึ่งที่มีเสียงดังเช่นนั้น ว่า ว่าวหง่าว.
หงำ 0,ว.,มากจนเลอะเทอะ เช่น เมาหงำ แก่หงำ.
หงำเหงอะ 0,ว.,หลงจนจำอะไรไม่ได้ (ใช้แก่คนที่แก่มาก).
หงำเหงือก 0,ว.,หลงจนจำอะไรไม่ได้ (ใช้แก่คนที่แก่มาก).
หงิก 0,ว.,"งอที่ปลาย เช่น มือหงิก คือ มือเหยียดนิ้วไม่ออก, ใบไม้หงิก คือ ใบไม้ปลายงอ"
หงิก 1,ว.,"โดยปริยายหมายความว่า อาการที่เหนื่อยหน่ายเนื่องจากถูกดุ ถูกใช้ หรือทำงานหนักมากเป็นต้น เช่น ถูกแม่ดุเสียหงิกไปเลย, อาการที่ถูกว่าย้อนกลับมาจนเสียหน้า."
หงิก ๆ งอ ๆ 0,ว.,คดงอไปมา เช่น ใบพริกถูกมดคันไฟขึ้นเลยหงิกงอ ใบโกรต๋นบางชนิดหงิก ๆ งอ ๆ ตามธรรมชาติ.
หงิกงอ 0,ว.,คดงอไปมา เช่น ใบพริกถูกมดคันไฟขึ้นเลยหงิกงอ ใบโกรต๋นบางชนิดหงิก ๆ งอ ๆ ตามธรรมชาติ.
หงิง ๆ 0,ว.,อาการที่เปล่งเสียงคราง ร้อง ร้องไห้ หรือร้องเพลงเบา ๆ เช่น คนไข้ครางหงิง ๆ เธอร้องไห้หงิง ๆ เขาครวญเพลงหงิง ๆ.
หงิม 0,ว.,อาการที่แสดงท่าทางเฉย ๆ ไม่ค่อยพูด.
หงิม ๆ 0,ว.,อาการที่แสดงท่าทางเฉย ๆ ไม่ค่อยพูด.
หงิม ๆ หยิบชิ้นปลามัน 0,น.,ลักษณะของบุคคลที่มีท่าทางหงิม ๆ แต่ความจริงเป็นคนฉลาด มีวิธีเลือกเอาดี ๆ ไปได้.
หงึก ๆ 0,ว.,"อาการที่พยักหน้าเป็นการรับรู้, งึก ๆ ก็ว่า."
หงึกหงัก 0,ว.,ติด ๆ ขัด ๆ เช่น วันนี้สมองตื้อ จะเขียนอะไรก็ติดหงึกหงักไปหมด.
หงุง ๆ หงิง ๆ 0,ว.,มีเสียงพูดกันเบา ๆ เช่น เด็ก ๆ คุยกันหงุงหงิง หนุ่มสาวคุยกันหงุง ๆ หงิง ๆ.
หงุงหงิง 0,ว.,มีเสียงพูดกันเบา ๆ เช่น เด็ก ๆ คุยกันหงุงหงิง หนุ่มสาวคุยกันหงุง ๆ หงิง ๆ.
หงุดหงิด 0,ว.,"มีอารมณ์เสียอยู่เสมอ ๆ เช่น เขาเป็นคนหงุดหงิดง่าย, มีอารมณ์เสียเพราะไม่ได้ดังใจหรือไม่เป็นไปตามกำหนดเป็นต้น."
หงุบ 0,ว.,อาการที่ฟุบหัวลงเมื่อเวลาง่วงนอน เช่น เขานั่งโงกหงุบ.
หงุบ ๆ 0,ว.,อาการที่ฟุบหัวลงเมื่อเวลาง่วงนอน เช่น เขานั่งโงกหงุบ.
หงุบหงับ 0,ว.,"สัปหงก, อาการที่นั่งโงกหัวหงุบลงแล้วเงยขึ้น"
หงุบหงับ 1,ว.,อาการที่เคี้ยวอาหารด้วยฟันปลอมที่สบกันไม่สนิท มักมีเสียงดังเช่นนั้น.
หงุ่ย 0,ว.,"อาการที่ทำสิ่งใดก็ทำเรื่อยไปแต่สิ่งนั้น, เพลินในการทำการงาน, ขลุกขลุ่ย."
หญ้า 0,น.,ชื่อเรียกไม้ล้มลุกหลายชนิดหลายสกุลในวงศ์ Gramineae เช่น หญ้าคา [Imperata cylindrical (L.) P.Beauv.] หญ้าตีนกา [Eleusine indica (L.) Gaertn.] หญ้าแพรก [Cynodon dactylon (L.) Pers.]
หญ้า 1,น.,ใช้อนุโลมเรียกพรรณไม้ขนาดเล็กบางชนิดที่มิได้อยู่ในวงศ์ Gramineae เช่น หญ้าเกล็ดหอย หญ้างวงช้าง.
หญ้า 2,น.,ปลาขี้ยอก. (ดู ขี้ยอก).
หญ้ากระจาม 0,น.,"ชื่อไม้ล้มลุกชนิด Centipeda minima (L.) A. Braun et Asch. ในวงศ์ Compositae ขึ้นตามพื้นที่ลุ่มตํ่า แฉะ ต้นเตี้ยติดดินคล้ายต้นผักเบี้ย ใบเล็กเว้าข้างทั้ง ๒ ด้าน ปลายใบแหลมคล้ายสามง่าม ใบมีกลิ่นเหม็น ใช้ทำยาได้ แต่เป็นพิษต่อปศุสัตว์, กระต่ายจันทร์ สาบแร้ง หญ้ากระจาม หญ้าจาม หรือ เหมือดโลด ก็เรียก."
หญ้าเกล็ดหอย 0,น.,ชื่อไม้ล้มลุกชนิด Hydrocotyle sibthorpioidesLam. ในวงศ์ Umbelliferae ใบกลม ๆ คล้ายเกล็ดหอย.
หญ้าขัด 0,น.,"ชื่อไม้พุ่มหลายชนิดในสกุล Sida วงศ์ Malvaceae ดอกสีเหลือง เช่น ชนิด S. rhombifolia L. ใช้ทำยาได้, ขัดมอน คัดมอน หรือ ยุงปัดแม่ม่าย ก็เรียก."
หญ้าขัดใบยาว 0,น.,"ชื่อไม้พุ่มชนิด Sida acuta Burm.f. ในวงศ์ Malvaceae, ยุงกวาด หรือ ยุงปัด ก็เรียก."
หญ้าขัดหลวง 0,น.,"ชื่อไม้พุ่มชนิด Sida subcordataSpan. ในวงศ์ Malvaceae, ขัดมอนหลวง หรือ ขัดมอนตัวผู้ ก็เรียก."
หญ้างวงช้าง 0,น.,"ชื่อไม้ล้มลุกชนิด Heliotropium indicumL. ในวงศ์ Boraginaceae ดอกสีม่วงอ่อนออกเป็นช่อลักษณะคล้ายงวงช้าง, แพว ก็เรียก."
หญ้างวงช้างหลวง 0,น.,ชื่อไม้พุ่มรอเลื้อยชนิด Tournefortia intonsa Kerr ในวงศ์ Boraginaceae เป็นไม้มีพิษ หญ้างวงช้างหลวง ก็เรียก.
หญ้าจาม 0,น.,"ชื่อไม้ล้มลุกชนิด Centipeda minima (L.) A. Braun et Asch. ในวงศ์ Compositae ขึ้นตามพื้นที่ลุ่มตํ่า แฉะ ต้นเตี้ยติดดินคล้ายต้นผักเบี้ย ใบเล็กเว้าข้างทั้ง ๒ ด้าน ปลายใบแหลมคล้ายสามง่าม ใบมีกลิ่นเหม็น ใช้ทำยาได้ แต่เป็นพิษต่อปศุสัตว์, กระต่ายจันทร์ สาบแร้ง หญ้ากระจาม หญ้าจาม หรือ เหมือดโลด ก็เรียก."
หญ้าดอกขาว 0,น.,"ชื่อพรรณไม้หลายชนิด หลายสกุล หลายวงศ์ เช่น Murraya koenigii (L.) Spreng. ในวงศ์ Rutaceae ไม้พุ่ม ใบมีขนนุ่ม, หอมแขก ก็เรียก, ชนิด Vernonia cinerea (L.) Less ในวงศ์ Compositae ไม้ล้มลุก, หญ้าดอกขาว ก็เรียก, ชนิด Plantago major L. ในวงศ์ Plantaginaceae ไม้ล้มลุก, หญ้าเอ็นยืด ก็เรียก, ทั้งสามชนิดใช้ทำยาได้."
หญ้าต้อมต๊อก 0,น.,"ชื่อไม้ล้มลุก ๒ ชนิดในสกุล Physalis วงศ์ Solanaceae คือ ชนิด P. angulata L., ต้อมต๊อก ก็เรียก, และชนิด P. minima L. ใช้ทำยาได้, ทุงเทง หรือ หญ้าต้อมต๊อก ก็เรียก."
หญ้าใต้ใบ 0,น.,"ชื่อไม้ล้มลุก ๒ ชนิดในสกุล Phyllanthus วงศ์ Euphorbiaceae คือ ชนิด P. amarusSchumach. et Thonn. ทั้งต้นรสขม ใบมีนวล ผลเกลี้ยง, ลูกใต้ใบ ก็เรียก. และชนิด P. urinaria L. ใบอ่อนสีแดง ๆ ผลขรุขระ ทั้ง ๒ ชนิด ใช้ทำยาได้."
หญ้าถอดปล้อง 0,น.,ชื่อพืชไร้ดอกชนิด Equisetum debile Roxb. ex Vaucher ในวงศ์ Equisetaceae ลำต้นเป็นปล้อง ๆ ใบเป็นเกล็ดเล็กเรียงรอบข้อ มักขึ้นตามริมน้ำหรือที่ชื้นแฉะ ใช้ทำยาได้.
หญ้าน้ำดับไฟ 0,น.,ชื่อไม้ล้มลุกชนิด Lindenbergia philippensis (Cham.) Benth. ในวงศ์ Scrophulariaceae ต้นและใบมีขน ใบออกตรงข้ามกัน ดอกสีเหลือง ออกเป็นช่อยาว ชอบขึ้นในที่ที่เป็นหินปูน.
หญ้าบัว 0,น.,"ชื่อไม้ล้มลุกชนิด Xyris indica L. ในวงศ์ Xyridaceae ขึ้นตามทุ่งนาและที่ลุ่ม ดอกสีเหลือง ใช้ทำยาได้, กระถินนา ก็เรียก."
หญ้าปันยอด 0,น.,"ชื่อไม้ล้มลุกชนิด Mimosa pudica L. ในวงศ์ Leguminosae ใบคล้ายใบกระเฉด เมื่อถูกกระเทือนก็หุบราบไป, หญ้าปันยอด ก็เรียก."
หญ้าปากคอก 0,ว.,"สะดวก, ง่าย, ไม่มีอะไรยุ่งยาก, เช่น นี่เป็นเรื่องหญ้าปากคอก."
หญ้าปากคอก 1,น.,"ชื่อหญ้าชนิด Eleusine indica (L.) Gaertn. ในวงศ์ Gramineae ลำต้นแบน ช่อดอกเป็นก้านเดี่ยว ปลายก้านแตกเป็นแขนงสั้น ๆ คล้ายตีนกา ใช้ทำยาได้, หญ้าปากคอก ก็เรียก."
หญ้าปีนตอ 0,น.,"ชื่อไม้ล้มลุกชนิดหนึ่งในสกุล Commelina วงศ์ Commelinaceae ใช้ทำยาได้, หญ้าปีนตอ ก็เรียก."
หญ้าฝรั่น 0,น.,ชื่อเรียกยอดเกสรเพศเมียแห้งของไม้ล้มลุกมีหัวชนิด Crocus sativusL. ในวงศ์ Iridaceae ใช้ทำยา เครื่องหอม และแต่งสีอาหารได้.
หญ้าพริกพราน 0,น.,"ชื่อหญ้าชนิด Apluda mutica L. ในวงศ์ Gramineae ขอบใบคม, หญ้าพริกพราน ก็เรียก."
หญ้าพันงู 0,น.,"ชื่อไม้ล้มลุก ๒ ชนิดในวงศ์ Amaranthaceae ดอกมีใบประดับย่อยแข็งคล้ายหนาม ใช้ทำยาได้ คือ หญ้าพันงูขาว (Achyranthes asperaL.) ลำต้นตั้ง ใบสีเขียว, พันงู ก็เรียก และหญ้าพันงูแดง [Cyathula prostrata (L.) Blume] กิ่งทอดราบไปตามพื้นดิน ใบสีแดง ๆ."
หญ้าเพ็ก 0,น.,"ชื่อเต่าบกขนาดกลางชนิด Indotestudo elongata (Blyth) ในวงศ์ Testudinidae หัวสีเหลือง กระดองหลังสีเหลืองมีลายเปรอะสีน้ำตาล กระดองท้องสีเหลืองไม่มีลาย กินพืช เช่น หญ้าเพ็ก, เพ็ก ขี้ผึ้ง เทียน หรือ แขนง ก็เรียก."
หญ้าแพรก 0,น.,ชื่อหญ้าชนิด Cynodon dactylon (L.) Pers. ในวงศ์ Gramineae ใช้ในพิธีไหว้ครูและใช้ทำยาได้
หญ้าแพรก 1,น.,สามัญชน ในความว่า ช้างสารชนกัน หญ้าแพรกก็แหลกลาญ.
หญ้ายองไฟ 0,น.,เขม่าไฟที่ติดหยากไย่ เป็นเส้นห้อยอยู่ตามหลังคาครัวไฟ.
หญ้ายาง 0,น.,"ชื่อไม้ล้มลุกชนิด Euphorbia heterophylla L. ในวงศ์ Euphorbiaceae ใช้ทำยาได้, หญ้ายาง ก็เรียก."
หญ้ายายเภา 0,น.,"ชื่อเฟินเถาหลายชนิดในสกุล Lygodium วงศ์ Schizaeaceae เปลือกเถาใช้สานเป็นกระเป๋าและเครื่องใช้อื่น ๆ เช่น ลิเภาหางไก่ (L. circinatum (Burm.f.) Sw.), ลิเภาใหญ่ (L. salicifolium C. Presl), ย่านลิเภา หญ้าลิเภา หรือ หญ้ายายเภา ก็เรียก."
หญ้ารกช้าง 0,น.,"ชื่อไม้เถาชนิด Passiflora foetida L. ในวงศ์ Passifloraceae มีมือเกาะ ใบป้อมมี ๓ หยัก ดอกสีขาว ผลกลม เมื่อสุกสีเหลืองกินได้ มีใบประดับเป็นฝอยหุ้ม ยอดนำมาต้มใช้เป็นผัก, กระโปรงทอง เงาะป่า ถลกบาตร เถาเงาะ เถาสิงโต หรือ หญ้ารกช้าง ก็เรียก."
หญ้าร้องไห้ 0,น.,"ชื่อพืชใกล้เคียงเฟินขนาดเล็กชนิด Selaginella helferiWarb . ในวงศ์ Selaginellaceae ใบเป็นเกล็ดเล็ก ๆ มีกลุ่มอับสปอร์เป็นแท่งที่ปลายกิ่ง, หญ้าร้องไห้ ก็เรียก."
หญ้ารากขาว 0,น.,ชื่อไม้ล้มลุกชนิด Knoxia brachycarpaR. Br. ex Hook. f. ในวงศ์ Rubiaceae ดอกเล็ก สีชมพู ใช้ทำยาได้.
หญ้าลอยลม 0,น.,"ชื่อหญ้าชนิด Spinifex littoreus Merr. ในวงศ์ Gramineae ขึ้นตามชายทะเล ช่อดอกกลม เมื่อแห้งกลิ้งไปตามลม, หญ้าลอยลม ก็เรียก."
หญ้าละมาน 0,น.,"ชื่อไม้ล้มลุกชนิด Oryza minuta J. Presl et C. Presl ในวงศ์ Gramineae เป็นข้าวป่าชนิดหนึ่ง มักขึ้นแซมต้นข้าว, หญ้าละมาน ก็เรียก."
หญ้าลิเภา 0,น.,"ชื่อเฟินเถาหลายชนิดในสกุล Lygodium วงศ์ Schizaeaceae เปลือกเถาใช้สานเป็นกระเป๋าและเครื่องใช้อื่น ๆ เช่น ลิเภาหางไก่ (L. circinatum (Burm.f.) Sw.), ลิเภาใหญ่ (L. salicifolium C. Presl), ย่านลิเภา หญ้าลิเภา หรือ หญ้ายายเภา ก็เรียก."
หญ้าหนวดแมว 0,น.,"ชื่อไม้พุ่มชนิด Orthosiphon aristatus (Blume) Miq. ในวงศ์ Labiatae ดอกเล็กสีขาวอมม่วงอ่อน ออกเป็นช่อยาว เกสรเพศผู้ยาว ใบใช้ทำยาได้, หญ้าหนวดแมว ก็เรียก."
หญ้าแห้วหมู 0,น.,"ชื่อไม้ล้มลุกมีหัวชนิด Cyperus rotundus L. ในวงศ์ Cyperaceae หัวมีกลิ่นฉุน ใช้ทำยาได้, หญ้าแห้วหมู ก็เรียก."
หญ้าเอ็นยืด 0,น.,"ชื่อพรรณไม้หลายชนิด หลายสกุล หลายวงศ์ เช่น Murraya koenigii (L.) Spreng. ในวงศ์ Rutaceae ไม้พุ่ม ใบมีขนนุ่ม, หอมแขก ก็เรียก, ชนิด Vernonia cinerea (L.) Less ในวงศ์ Compositae ไม้ล้มลุก, หญ้าดอกขาว ก็เรียก, ชนิด Plantago major L. ในวงศ์ Plantaginaceae ไม้ล้มลุก, หญ้าเอ็นยืด ก็เรียก, ทั้งสามชนิดใช้ทำยาได้."
หญิง 0,น.,"มนุษย์เพศเมียซึ่งโดยกำเนิดมีโยนีเป็นอวัยวะสืบพันธุ์, ผู้หญิง ก็ว่า."
หญิงงามเมือง 0,น.,"หญิงที่หาเลี้ยงชีพด้วยการค้าประเวณี, โสเภณี หญิงโสเภณี นครโสเภณี หญิงนครโสเภณี หรือ นางกลางเมือง ก็ว่า."
หญิงนครโสภิณี 0,น.,"หญิงที่หาเลี้ยงชีพด้วยการค้าประเวณี, โสเภณี หญิงโสเภณี นครโสเภณี หญิงงามเมือง หรือ นางกลางเมือง ก็ว่า, (แบบ) หญิงนครโสภิณี."
หญิงนครโสเภณี 0,น.,"หญิงที่หาเลี้ยงชีพด้วยการค้าประเวณี, โสเภณี หญิงโสเภณี นครโสเภณี หญิงงามเมือง หรือ นางกลางเมือง ก็ว่า, (แบบ) หญิงนครโสภิณี."
หญิงสามผัว 0,น.,"ผู้หญิงที่มีสามีถึง ๓ คน, ใช้พูดตำหนิเหยียดหยามว่าเป็นหญิงไม่ดี."
หญิงโสด 0,น.,"หญิงที่ยังไม่ได้แต่งงาน, สาวโสด ก็ว่า."
หญิงโสเภณี 0,น.,"หญิงที่หาเลี้ยงชีพด้วยการค้าประเวณี, โสเภณี นครโสเภณี หญิงนครโสเภณี หญิงงามเมือง หรือ นางกลางเมือง ก็ว่า."
หญิบ 0,ว.,"ญิบ, สอง, เช่น ถ้วนหญิบหมื่นเป็นบริพาร (ม. คำหลวง ทศพร)."
หด 0,ก.,"สั้นเข้า, ย่นเข้า, เช่น เสื้อหด, น้อยลง เช่น ทุนหายกำไรหด"
หด 1,ก.,"ชักกลับ เช่น หดมือ หดเท้า, โดยปริยายหมายถึงอาการคล้ายคลึงเช่นนั้น เช่น กลัวจนหัวหด."
หดหัว 0,ก.,"ชักหัวกลับ, โดยปริยายหมายความว่า กลัวหรือหลบไม่ยอมโผล่หน้าออกไป เช่น มัวหดหัวอยู่แต่ในบ้าน."
หดหาย 0,ก.,"น้อยลง, หมดไป, เช่น ยิ่งค้าขายนานวันเข้า ทุนรอนก็ยิ่งหดหายไป."
หดหู่ 0,ก.,"ห่อเหี่ยวไม่ชื่นบาน, สลดใจ, เช่น เห็นสภาพบ้านเมืองทรุดโทรมแล้วใจคอหดหู่."
หดหู่ 1,ว.,อาการที่รู้สึกห่อเหี่ยวไม่ชื่นบาน เช่น วันนี้เขาพบแต่เรื่องเศร้า ๆ จึงรู้สึกหดหู่.
หตะ 0,ก.,"ตี, ฆ่า, ทำลาย."
หทัย 0,น.,"หัวใจ, ใจ, ราชาศัพท์ใช้ว่า พระหทัย หมายถึง หัวใจ (อวัยวะ)."
หน 0,น.,"ทาง, ทิศ, เช่น หนเหนือ หนใต้"
หน 1,น.,"ครั้ง, คราว, เช่น กี่หน"
หน 2,น.,"ที่, สถานที่, เช่น ถึงยามค่ำน้ำค้างลงพร่างพร้อย น้องจะลอยลมบนไปหนใด (นิ. อิเหนา), มักใช้เข้าคู่กับคำ แห่ง เป็น แห่งหน เช่น ไม่รู้ว่าเวลานี้เขาอยู่แห่งหนตำบลใด."
หนทาง 0,น.,"ทาง, ช่องทาง, เช่น เวลานี้เขาหมดหนทางทำมาหากินแล้ว."
หนนะ 0,น.,"การฆ่า, การตี, การกำจัด."
หนวก 0,ว.,อาการที่หูขาดสมรรถภาพในการได้ยินเสียง.
หนวกหู 0,ก.,"รู้สึกรำคาญหูเพราะเสียงเซ็งแซ่อื้ออึง เช่น เด็ก ๆ เล่นกันเกรียว หนวกหูเหลือเกิน, โดยปริยายหมายความว่า รำคาญ เช่น เธอพูดมากฉันหนวกหูเต็มทีแล้ว."
หนวกหู 1,ว.,เซ็งแซ่อื้ออึงรำคาญหู เช่น เด็ก ๆ จุดประทัดเล่นกัน เสียงหนวกหูจริง.
หน่วง 0,ก.,"ดึงไว้แต่น้อย ๆ, เหนี่ยวไว้, ทำให้ช้า, เช่น หน่วงเรื่องไว้ หน่วงเวลาไว้ หน่วงตัวไว้."
หน่วง 1,ว.,อาการที่รู้สึกปวดถ่วงที่บริเวณท้องในเวลามีประจำเดือนหรือเป็นบิดเป็นต้น.
หน่วงเหนี่ยว 0,ก.,"รั้งตัวไว้, ดึงถ่วงไว้, กักไว้, เช่น เขาถูกฟ้องฐานะที่หน่วงเหนี่ยวกักขังผู้อื่น."
หนวด 0,น.,"ขนที่ขึ้นเหนือริมฝีปากบนของคน, สิ่งที่มีลักษณะเป็นเส้นยาว ๆ ขึ้นตามบริเวณปากของสัตว์บางชนิด เช่น หนวดกุ้ง หนวดปลาหมึก หนวดแมว."
หนวดนาคราช 0,น.,ชื่อต้นไม้ชนิดหนึ่ง.
หนวดพราหมณ์ 0,น.,ชื่อต้นไม้ชนิดหนึ่งคล้ายต้นจามจุรี แต่ไม่มีกลิ่นหอม.
หนวดพราหมณ์ 1,น.,"ชื่อกล้วยไม้ชนิด Seidenfadenia mitrata (Rchb. f.) Garay ในวงศ์ Orchidaceae ดอกสีม่วงแดง กลิ่นหอม, เอื้องหนวดพราหมณ์ ก็เรียก."
หนวดพราหมณ์ 2,น.,ชื่อปลานํ้าจืดหรือน้ำกร่อยในสกุล Polynemus วงศ์ Polynemidae ลำตัวยาว แบนข้าง หัวแหลม ปากอยู่ตํ่ามาก ตาเล็ก เกล็ดเล็กเป็นแบบเกล็ดหนาม ครีบหลังมี ๒ ตอน ครีบหางใหญ่เป็นแฉกเรียวแหลมตอนปลาย ที่สำคัญก้านครีบส่วนล่างของครีบอกแยกกันและยื่นเป็นเส้นคล้ายหนวดหลายเส้นยาวเลยครีบหาง ลำตัวด้านหลังสีเทาหรือเขียวหม่น ส่วนท้องและครีบสีเหลืองหรือส้มคลํ้า.
หนวดพราหมณ์ 3,น.,เชือกหลาย ๆ เส้นที่ผูกโยงปลายเสาหรือที่โยงเอาของขึ้นไปในที่สูง.
หนวดพราหมณ์ 4,น.,ปลายสายของซอสามสายที่พาดผ่านหย่องลงมาสอดเข้าที่รูหน้าของทวนล่างไปออกทางด้านหลัง แล้วขมวดเข้าด้วยกัน ทิ้งชายซึ่งเรียกว่าหนวดพราหมณ์ไว้.
หนวดแมว 0,น.,หญ้าหนวดแมว. (ดู พยับเมฆ ๒).
หน่วย 0,น.,ตัวเลขหลังสุดของเลขจำนวนเต็มที่เรียงกันเรียกว่า เลขหลักหน่วย เช่น ๑๔๓ เลข ๓ เป็นเลขหลักหน่วย
หน่วย 1,น.,จำนวนหรือหมู่ที่นับเป็นหนึ่ง เช่น หน่วยอนุสภากาชาด
หน่วย 2,น.,ลูกตา ในคำว่า นํ้าตาคลอหน่วย นํ้าตาล่อหน่วย
หน่วย 3,น.,"ลูก, ผล, เช่น มะม่วง ๓ หน่วย."
หน่วย 4,ว.,หนึ่ง (ใช้แก่การพนันถั่วและโป).
หน่วยก้าน 0,น.,"ท่วงที, ท่าที, แวว, เช่น เด็กคนนี้หน่วยก้านดี อนาคตคงไปได้ไกล."
หน่วยกิต 0,น.,"ตัวเลขแสดงสิทธิที่นิสิตนักศึกษาและนักเรียนจะพึงได้รับเมื่อได้ศึกษาตรงตามกำหนดเวลาและสอบผ่านวิชานั้น ๆ, เครดิต ก็เรียก."
หน่วยคำ 0,น.,หน่วยที่เล็กที่สุดในภาษาซึ่งมีความหมาย อาจมีลักษณะเป็นส่วนหนึ่งของคำหรือเป็นคำก็ได้ แบ่งเป็น ๒ ประเภท ได้แก่ หน่วยคำอิสระ คือ หน่วยคำที่ปรากฏตามลำพังได้ เช่น นก บันได เรียน และหน่วยคำไม่อิสระ คือ หน่วยคำที่ปรากฏตามลำพังไม่ได้ ต้องปรากฏร่วมกับหน่วยคำอื่นเสมอ เช่น นัก ชาว.
หน่วยดาราศาสตร์ 0,น.,หน่วยที่ใช้วัดระยะทางในระบบสุริยะ ๑ หน่วยดาราศาสตร์ มีค่าเท่ากับ ระยะทางเฉลี่ยระหว่างจุดศูนย์กลางของโลกกับจุดศูนย์กลางของดวงอาทิตย์ คือ ประมาณ ๑๔๙.๖ x ๑๐๙ เมตร หรือประมาณ ๙๒.๙ ล้านไมล์.
หน่วยรับตรวจ 0,น.,หน่วยงานที่ผู้ว่าการตรวจเงินแผ่นดินมีอำนาจและหน้าที่เข้าตรวจสอบ.
หนอ 0,อ.,คำออกเสียงแสดงความรำพึง เช่น ชีวิตนี้ไม่เที่ยงหนอ น่าอนาถจริงหนอ.
หน่อ 0,น.,"พืชที่งอกจากกอหรือเหง้าของต้นใหญ่, โดยปริยายเรียกสิ่งที่เกิดเช่นนั้น"
หน่อ 1,น.,"ลูก, ลูกชาย, เชื้อสาย"
หน่อ 2,น.,แผลเรื้อรังที่เกิดจากคุดทะราด เป็นตามฝ่าเท้า.
หนอก 0,น.,"ก้อนเนื้อที่ต้นคอของสัตว์บางชนิดเช่นวัว, ก้อนเนื้อที่นูนขึ้นมาที่ต้นคอของคนบางคน เช่น เธออ้วนจนคอเป็นหนอก, เนื้อใต้ท้องน้อย เช่น นุ่งผ้าขัดหนอก."
หนอก 1,น.,ต้นบัวบก. [ดู บัวบก (๑)].
หนอกช้าง 0,น.,"ชื่อไม้ล้มลุกชนิด Oenanthe javanica (Blume) DC. ในวงศ์ Umbelliferae ชอบขึ้นในที่ชื้นแฉะ ใบแบนรีขอบจัก ใช้เป็นผัก ดอกเป็นกระจุกสีขาว ผลกลมค่อนข้างยาว, อัน หรือ อันอ้อ ก็เรียก, พายัพและอีสานเรียก หนอกช้าง."
หนอง 0,น.,แอ่งนํ้า.
หนอง 1,น.,"นํ้าเลือดเสียกลายเป็นสีขาวข้นที่คั่งอยู่ในแผลและฝี, น้ำหนอง ก็ว่า."
หนองแซง 0,น.,ชื่อมะม่วงพันธุ์หนึ่งของชนิด Mangifera indicaL. รสมัน มีถิ่นกำเนิดจากอำเภอหนองแซง จังหวัดสระบุรี.
หนองใน 0,น.,ชื่อกามโรคชนิดหนึ่ง เกิดหนองมีเชื้อในช่องปัสสาวะ.
หน็องแหน็ง 0,ว.,กะหน็องกะแหน็ง.
หนอน 0,น.,ชื่อตัวอ่อนของแมลงหลายชนิดเมื่อฟักออกจากไข่ มีลักษณะอ่อนนุ่ม ลำตัวเป็นปล้อง มีรูปร่างหลายแบบ ส่วนใหญ่เป็นรูปทรงกระบอก มีขาหรือไม่มีขา เคลื่อนที่โดยการเดินหรือคืบคลาน.
หนอน 1,น.,ชื่อสัตว์ไม่มีกระดูกสันหลังที่มีลำตัวยาวอ่อนนุ่ม ไม่มีรยางค์.
หนอนกระทู้ 0,น.,"ชื่อหนอนผีเสื้อกลางคืนหลายชนิดหลายสกุล ในวงศ์ Noctuidae ลำตัวรูปทรงกระบอก ยาว ๓-๔ เซนติเมตร ผิวเป็นมัน มีขนตามลำตัวน้อย ส่วนใหญ่สีน้ำตาลคลํ้า ทางด้านท้องสีอ่อนกว่า มักมีแถบหรือเส้นสีต่าง ๆ เช่น สีส้มอมนํ้าตาล เหลืองอมขาว พาดตามยาวที่สันหลังและข้างลำตัว มีขาจริง ๓ คู่ ขาเทียม ๕ คู่ กินพืช โดยมักกัดต้นพืชให้ขาดออกจากกัน ทำให้เหลือแต่ตอโผล่เหนือพื้นดิน มองคล้ายกระทู้หรือซอไม้ไผ่ที่ปักเป็นหลัก ชนิดที่รู้จักกันทั่วไป เช่น หนอนกระทู้ควายพระอินทร์หรือหนอนกระทู้คอรวง [ Mythimna separate (Walker)] ทำลายต้นข้าว, หนอนกระทู้ผัก [ Spodoptera litura (fabricius)] ที่กัดกินพืชผัก."
หนอนกระสือ 0,น.,"ชื่อตัวอ่อนหิ่งห้อยและตัวเต็มวัยหิ่งห้อยเพศเมียที่ไม่มีปีกหลายชนิดหลายสกุล ในวงศ์ Lampyridae เช่น สกุล Lamprigera, Pyrocoelia, Diaphanesยาวได้ถึง ๑๐ เซนติเมตร อยู่ตามพื้นดิน สามารถทำแสงจากอวัยวะทำแสงที่อยู่ปลายท้องได้ เรียกว่า หนอนกระสือ. (ดู หิ่งห้อย ประกอบ)."
หนอนกอ 0,น.,"ชื่อหนอนผีเสื้อกลางคืนหลายชนิด หลายสกุล หลายวงศ์ อันดับ Lepidoptera ซึ่งเจาะกินเข้าไปในลำต้นพืช วงศ์ Gramineae เช่น ข้าว อ้อย ข้าวโพด ทำให้ตายหรือเจริญเติบโตไม่สมบูรณ์ เช่น หนอนกอสีครีม [Scirpophaga incertulas (Walker)] เจาะลำต้นข้าว ทำให้ข้าวไม่ออกรวงหรือเมล็ดลีบ เรียกว่า ข้าวหัวหงอก, หนอนกออ้อย (Chilo infuscatellus Snellen) เจาะลำต้นอ้อย ทั้ง ๒ ชนิดอยู่ในวงศ์ Pyralidae, หนอนกอสีชมพู [Sesamia inferens (Walker)] วงศ์ Noctuidae เจาะลำต้นข้าวโพด."
หนอนด้น 0,น.,"ชื่อพยาธิตัวกลมชนิด Gnathostoma spinigerum Owen ในวงศ์ Gnathostomatidae ลำตัวสีแดง ยาว ๑๐-๕๐ มิลลิเมตร ตัวเต็มวัยพบในกระเพาะของสุนัข แมว และเสือ ตัวอ่อนพบในปลา ไก่ กบ หรือสัตว์เลื้อยคลาน ติดต่อถึงคนได้ เมื่อกินเนื้อสัตว์เหล่านี้ที่ยังดิบซึ่งมีตัวอ่อนของพยาธิชนิดนี้อยู่ ตัวอ่อนเมื่ออยู่ในคนสามารถเคลื่อนตัวไปตามเนื้อเยื่อส่วนต่าง ๆ ได้ อาจเป็นตุ่มนูนขึ้นมาตามผิวหนัง ทำให้บวมและปวด, หนอนด้น ก็เรียก."
หนอนตายหยาก 0,น.,"ชื่อพรรณไม้ ๒ ชนิดในสกุล Stemona วงศ์ Stemonaceae คือ ชนิด S. collinsiae Craib เป็นไม้เถาล้มลุก, กะเพียดช้าง หรือ ปงช้าง ก็เรียก"
หนอนตายหยาก 1,น.,"และชนิด S. tuberosa Lour. เป็นไม้ล้มลุก ต้นตั้งตรง ขึ้นเป็นกอเตี้ย, กะเพียด หรือ กะเพียดหนู ก็เรียก, ทั้ง ๒ ชนิดนี้มีรากอวบคล้ายรากกระชาย ใช้เป็นยาฆ่าแมลงและทำยาพอกแผลกำจัดหนอน. (๒) ชื่อไม้เถาล้มลุกชนิด Clitoria hanceana Hemsl. ในวงศ์ Leguminosae รากคล้าย ๒ ชนิดแรก ดอกสีขาว."
หนอนบ่อนไส้ 0,น.,ฝ่ายตรงข้ามที่เข้ามาทำทีเป็นพวกเพื่อบ่อนทำลาย.
หนอนปลอกข้าว 0,น.,"ชื่อหนอนผีเสื้อชนิด Parapoynx stagnalis (Zeller) ในวงศ์ Pyralidae ตัวหนอนมีผิวใสสีเขียวอ่อน หัวสีนํ้าตาล ข้างตัวมีเหงือกลักษณะเป็นพู่จำนวน ๖ คู่ สำหรับหายใจในนํ้าที่ขังอยู่ในปลอกหุ้มตัวซึ่งสร้างขึ้นจากใบข้าว ปลอกยาว ๒๕-๓๕ มิลลิเมตร ลอยไปตามน้ำได้ จัดเป็นศัตรูของข้าว, หนอนปลอกข้าว ก็เรียก."
หนอนพยาธิ 0,น.,พยาธิตัวกลม.
หนอนเพรียง 0,น.,"ชื่อหอยทะเลกาบคู่หลายชนิด ในวงศ์ Teredinidae ลำตัวกลมยาวอ่อนนุ่มคล้ายหนอน เปลือกเล็กมากคลุมอยู่เฉพาะหัว เจาะกินเนื้อไม้ ที่แช่อยู่ในน้ำ เช่น ชนิด Lyrodus pedicellatus (Quatrefages), หนอนเพรียง หรือ เพรียงเรือ ก็เรียก."
หนอนม้วนใบข้าว 0,*น.,"ชื่อหนอนผีเสื้อหลายชนิดในสกุล Cnaphalocrocisและ Marasmia วงศ์ Pyralidae ตัวหนอนใสสีเขียวอ่อน หัวสีน้ำตาล ม้วนใบข้าวตามยาวเป็นที่อยู่แล้วกัดกินผิวใบอยู่ภายใน ทุกชนิดเป็นศัตรูข้าว ชนิดที่พบมากที่สุด ได้แก่ ชนิด C. medinalis (Guenée) ตัวหนอนยาวประมาณ ๑๒ มิลลิเมตร, หนอนห่อใบข้าว ก็เรียก."
หนอนโสน 0,น.,"ชื่อหนอนผีเสื้อกลางคืนชนิด Zeuzera coffeaeNietner ในวงศ์ Cossidae ยาว ๔-๖ เซนติเมตร สีขาวหรือชมพูอ่อน เจาะเข้าไปกินส่วนในของต้นโสน ชาวชนบทจับมารับประทาน, หนอนโสน ก็เรียก."
หนอนหนังสือ 0,น.,คนที่ชอบหมกมุ่นอยู่กับการอ่านหนังสือ.
หนอนห่อใบข้าว 0,*น.,"ชื่อหนอนผีเสื้อหลายชนิดในสกุล Cnaphalocrocisและ Marasmia วงศ์ Pyralidae ตัวหนอนใสสีเขียวอ่อน หัวสีน้ำตาล ม้วนใบข้าวตามยาวเป็นที่อยู่แล้วกัดกินผิวใบอยู่ภายใน ทุกชนิดเป็นศัตรูข้าว ชนิดที่พบมากที่สุด ได้แก่ ชนิด C. medinalis (Guenée) ตัวหนอนยาวประมาณ ๑๒ มิลลิเมตร, หนอนห่อใบข้าว ก็เรียก."
หน่อเนื้อเชื้อไข 0,น.,"ลูกหลานเหลนเป็นต้นที่สืบสายโลหิต, ผู้สืบสายโลหิต เช่น เขาเป็นหน่อเนื้อเชื้อไขของฉันเอง."
หน่อไม้ 0,น.,หน่อของต้นไผ่.
หน่อไม้น้ำ 0,น.,ชื่อหญ้าชนิด Zizania latifolia (Griseb.)Turcz. ex Stapf ในวงศ์ Gramineae ใบแบนยาว หน่ออ่อนที่เชื้อราลงจะพองออก กินได้.
หน่อไม้ฝรั่ง 0,น.,ชื่อไม้ล้มลุกชนิด Asparagus officinalis L. ในวงศ์ Asparagaceae หน่ออ่อนกินได้.
หน่อย 0,ว.,"นิดหนึ่ง, น้อยหนึ่ง, ไม่มาก, เช่น ขอหน่อย เดินอีกหน่อยก็ถึง"
หน่อย 1,ว.,"ประเดี๋ยว, ไม่ช้า, ไม่นาน, เช่น รอหน่อย กินเหล้ามาก ๆ อีกหน่อยก็ตาย."
หน็อยแน่ 0,ว.,คำที่เปล่งออกมาเมื่อไม่พอใจหรือผิดหวัง เช่น หน็อยแน่ ! ทำผิดแล้วยังจะอวดดีอีก.
หนัก 0,ว.,"มีน้ำหนักมาก, ตรงข้ามกับ เบา"
หนัก 1,ว.,"แรง เช่น ฝนตกหนัก, รุนแรง เช่น รบหนัก ไข้หนัก, มาก เช่น บุญหนักศักดิ์ใหญ่"
หนัก 2,ว.,ที่ให้ผลช้ากว่าปรกติ เช่น ทุเรียนหนัก ข้าวหนัก.
หนักกบาล 0,ว.,"เป็นภาระของ, เป็นเรื่องของ, เช่น ถึงจะแก่คาบ้าน ก็ไม่หนักกบาลหัวใคร (เพลงพื้นบ้าน), หนักกะลาหัว หนักหัว หรือ หนักหัวกบาล ก็ว่า."
หนักกบาลหัว 0,ว.,"เป็นภาระของ, เป็นเรื่องของ, เช่น ถึงจะแก่คาบ้าน ก็ไม่หนักกบาลหัวใคร (เพลงพื้นบ้าน), หนักกะลาหัว หนักหัว หรือ หนักหัวกบาล ก็ว่า."
หนักกะลาหัว 0,ว.,"เป็นภาระของ, เป็นเรื่องของ, เช่น ฉันจะทำอย่างนี้ แล้วมันหนักกะลาหัวใคร, หนักกบาล หนักกบาลหัว หนักหัว หรือ หนักหัวกบาล ก็ว่า."
หนักข้อ 0,ก.,กำเริบ เช่น เด็กคนนี้ชักจะหนักข้อขึ้นทุกวัน พ่อแม่ว่ากล่าวอย่างไรก็ไม่ฟัง.
หนักข้อ 1,ว.,รุนแรง เช่น เดี๋ยวนี้โจรผู้ร้ายมักกระทำการหนักข้อ.
หนักใจ 0,ก.,"วิตก เช่น เขาหนักใจในการสอบครั้งนี้, หนักอก ก็ว่า."
หนักใจ 1,ว.,"ลำบากใจ เช่น เขารู้สึกหนักใจที่ต้องไปค้ำประกันลูกของเพื่อน, บางทีใช้เข้าคู่กับคำ หนักอก เป็น หนักอกหนักใจ."
หนักท้อง 0,ว.,"พอให้อิ่ม, พอประทังหิว, เช่น กินพอให้หนักท้อง."
หนักนิดเบาหน่อย 0,ว.,เกินพอดีไปบ้างหรือน้อยกว่าพอดีไปบ้าง เช่น เป็นสามีภรรยากัน หนักนิดเบาหน่อยก็ควรอภัยให้กัน.
หนักแน่น 0,ว.,"มั่นคง, ไม่ท้อถอย, เช่น เขามีใจหนักแน่นไม่ย่อท้อต่ออุปสรรคใด ๆ ทั้งสิ้น"
หนักแน่น 1,ว.,ไม่โกรธง่าย เช่น เขาเป็นคนใจคอหนักแน่น ไม่โกรธใครง่าย ๆ
หนักแน่น 2,ว.,ไม่หูเบา เช่น ต้องทำใจให้หนักแน่น อย่าเชื่อใครง่าย ๆ.
หนักปาก 0,ว.,ไม่ทันได้พูด เช่น คุยกันอยู่ตั้งนาน หนักปากไปหน่อย เลยไม่ได้ถามว่าชื่ออะไร.
หนักแผ่นดิน 0,ว.,"ไม่รู้คุณของแผ่นดินที่อาศัย, ทรยศต่อบ้านเมืองของตน, เสนียดสังคม."
หนักมือ 0,ว.,"มากไป เช่น แกงหม้อนี้ใส่เกลือหนักมือไปหน่อย, แรงไป เช่น เด็กเล่นตุ๊กตาหนักมือไปหน่อย แขนตุ๊กตาเลยหลุด"
หนักมือ 1,ว.,กำเริบ เช่น โจรผู้ร้ายหนักมือขึ้นทุกวัน.
หนักไม่เอา เบาไม่สู้ 0,ว.,ไม่มีความอดทนที่จะทำการงาน.
หนักสมอง 0,ว.,"ที่ต้องใช้ความคิดมาก เช่น ปัญหาเศรษฐกิจเป็นปัญหาหนักสมอง, หนักหัว ก็ว่า."
หนักหน่วง 0,ว.,"จริงจัง, มาก, ยิ่ง, เช่น เขาพยายามอย่างหนักหน่วงเพื่อส่งเสียให้ลูกเรียน."
หนักหนา 0,ว.,"มากยิ่ง, ยิ่งนัก, ร้ายแรง, เช่น ความผิดครั้งนี้หนักหนาทีเดียว อาจจะต้องถูกไล่ออกจากงาน, นักหนา ก็ใช้."
หนักหน้า 0,ก.,มีภาระต้องรับผิดชอบทั้งหมด เช่น เรื่องนี้หัวหน้าคณะหนักหน้าอยู่คนเดียว.
หนักหนาสากรรจ์ 0,ว.,"มากยิ่ง, ยิ่งนัก, ร้ายแรง, เช่น ความผิดครั้งนี้หนักหนาทีเดียว อาจจะต้องถูกไล่ออกจากงาน, นักหนา ก็ใช้."
หนักหัว 0,ว.,"ที่ต้องใช้ความคิดมาก เช่น ปัญหาเศรษฐกิจเป็นปัญหาหนักหัว, หนักสมอง ก็ว่า"
หนักหัว 1,ว.,"เป็นภาระของ, เป็นเรื่องของ, เช่น ถึงจะสุกคาขั้ว ก็ไม่หนักหัวใคร (เพลงพื้นบ้าน), หนักกบาล หนักกบาลหัว หนักกะลาหัว หรือ หนักหัวกบาล ก็ว่า."
หนักหัวกบาล 0,ว.,"เป็นภาระของ, เป็นเรื่องของ, เช่น ฉันจะไปที่ไหน ก็ไม่เห็นจะหนักหัวกบาลใคร, หนักกบาล หนักกบาลหัว หนักกะลาหัว หรือ หนักหัว ก็ว่า."
หนักอก 0,ก.,"วิตก เช่น อย่าประพฤติตัวเหลวไหลทำให้พ่อแม่หนักอก, หนักใจ ก็ว่า."
หนักอก 1,ว.,"ลำบากใจ เพราะต้องแบกภาระไว้มาก เช่น ปัญหาเศรษฐกิจตกต่ำเป็นปัญหาหนักอกของรัฐบาล, บางทีใช้เข้าคู่กับคำ หนักใจ เป็น หนักอกหนักใจ."
หนัง 0,น.,"ส่วนของร่างกายที่หุ้มเนื้ออยู่, หนังสัตว์ที่เอามาทำเป็นของใช้หรือเป็นอาหาร"
หนัง 1,น.,"การมหรสพอย่างหนึ่งเอาหนังสัตว์มาสลักเป็นภาพ เช่น หนังตะลุง, หนังใหญ่, (ปาก) ภาพยนตร์ เช่น โรงหนัง ถ่ายหนัง ฉายหนัง เล่นหนัง."
หนัง 2,น.,เรียกขนุนพันธุ์ที่มียวงสีเหลือง เนื้อนุ่มแต่ไม่เหลว ว่า ขนุนหนัง. (ดู ขนุน ๑).
หนังกลับ 0,น.,"หนังที่ผิวไม่เรียบ มีลักษณะฟูน้อย ๆ คล้ายเนื้อผ้ากำมะหยี่ เช่น เข็มขัดหนังกลับ รองเท้าหนังกลับ, โดยปริยายเรียกสุนัขขี้เรื้อน ว่า สุนัขหนังกลับ."
หนังกลางแปลง 0,น.,ภาพยนตร์ที่ตั้งจอฉายกลางแจ้ง ไม่เก็บเงินคนดู.
หนังกลางวัน 0,น.,การมหรสพอย่างหนึ่ง ใช้หนังสลักเป็นรูปภาพคล้ายหนังใหญ่ แต่ระบายสีต่าง ๆ เชิดหน้าจอ แสดงในเวลากลางวัน ใช้ปี่พาทย์และเกราะบรรเลงประกอบ ผู้เชิดกับผู้พากย์เป็นคนละคน.
หนังกลางวัน 1,น.,ชื่อมะม่วงพันธุ์หนึ่งของชนิด Mangifera indica L. ผลยาว ๆ.
หนังกำพร้า 0,น.,"หนังที่เป็นผิวชั้นนอกสุดของคนและสัตว์, ผิวหนัง ก็เรียก."
หนังไก่ 0,น.,ชื่อแพรหรือกระดาษพิมพ์ที่มีเนื้อย่นคล้ายหนังไก่.
หนังขายยา 0,น.,ภาพยนตร์เรื่องต่าง ๆ ที่ผู้ขายยานำไปเร่ฉายตามที่ต่าง ๆ เพื่อชักจูงให้คนมาดูและซื้อยา.
หนังง่า 0,น.,ตัวหนังใหญ่ที่สลักเป็นรูปยักษ์หรือลิงในท่าเหาะ.
หนังเงียบ 0,น.,ภาพยนตร์ที่ไม่มีเสียงในฟิล์ม.
หนังตะลุง 0,น.,การมหรสพอย่างหนึ่ง ใช้หนังสลักเป็นรูปภาพขนาดเล็ก คีบด้วยไม้ตับอันเดียว เชิดภายในโรงให้แสงไฟส่องผ่านตัวหนังสร้างเงาให้ปรากฏบนจอผ้าขาวหน้าโรง ใช้ปี่ กลอง และฆ้องคู่บรรเลงประกอบ ผู้เชิดเป็นผู้พากย์.
หนังเร่ 0,น.,"ภาพยนตร์ที่ตั้งจอฉายตามที่ต่าง ๆ โดยไม่ประจำที่ มักเก็บเงินคนดู, บุคคลหรือกลุ่มบุคคลที่ทำธุรกิจนำภาพยนตร์ไปฉายตามที่ต่าง ๆ."
หนังเรียด 0,น.,หนังที่ทำเป็นเส้นแบน ๆ เล็ก ๆ สำหรับใช้โยงเร่งเสียง โดยสอดเข้าไปกับไส้ละมานที่ถักไว้รอบ ๆ ขอบหนังทั้ง ๒ หน้าของตะโพน เปิงมาง กลองสองหน้า เป็นต้น มักร้อยถี่จนมองแทบไม่เห็นตัวหุ่นกลอง ถ้าเร่งหนังเรียดให้ตึงขึ้นเท่าใด หน้ากลองก็ยิ่งตึงขึ้นเท่านั้น.
หนังโลม 0,น.,"ตัวหนังใหญ่ที่แสดงบทเข้าพระเข้านาง เช่น หนุมานเกี้ยวนางเบญกาย, โลม ก็ว่า."
หนังสด 0,น.,"การมหรสพอย่างหนึ่ง ลักษณะคล้ายโขนแต่เดินเรื่องเร็วกว่า ผู้แสดงสวมหัวโขนไม่ปิดคลุมใบหน้า ร้องและเจรจาเอง ใช้ปี่พาทย์บรรเลงประกอบ, โขนสด ก็เรียก."
หนังสติ๊ก 0,น.,เครื่องยิงชนิดหนึ่ง ทำด้วยแถบยางผูกติดกับสิ่งที่เป็นง่าม ซึ่งมักเป็นไม้ ยิงด้วยลูกกระสุนที่ตามปรกติเป็นลูกดินปั้นกลม ๆ.
หนังสือ 0,น.,"เครื่องหมายใช้ขีดเขียนแทนเสียงหรือคำพูด เช่น อ่านหนังสือ เขียนหนังสือ, ลายลักษณ์อักษร เช่น ขอให้เขียนเป็นหนังสือไว้ด้วย, จดหมายที่มีไปมา เช่น หนังสือราชการ, เอกสาร, บทประพันธ์"
หนังสือ 1,น.,ข้อความที่พิมพ์หรือเขียนเป็นต้นแล้วรวมเป็นเล่ม.
หนังสือกรรมสิทธิ์ห้องชุด 0,น.,หนังสือสำคัญแสดงกรรมสิทธิ์ในทรัพย์ส่วนบุคคลและกรรมสิทธิ์ร่วมในทรัพย์ส่วนกลาง.
หนังสือชี้ชวน 0,น.,เอกสารใด ๆ ที่ออกโดยมีวัตถุประสงค์เพื่อโฆษณาชี้ชวนให้บุคคลอื่นจองซื้อหรือซื้อหุ้น หุ้นกู้ หรือหลักทรัพย์อื่นที่มีผู้ออกหรือเสนอขาย.
หนังสือเดินทาง 0,น.,หนังสือสำคัญประจำตัวซึ่งทางราชการของประเทศหนึ่ง ออกให้แก่พลเมืองของประเทศนั้น เพื่อเป็นหลักฐานในการเดินทางไปต่างประเทศ.
หนังสือพิมพ์ 0,น.,สิ่งพิมพ์ข่าวและความเห็นเป็นต้นเสนอประชาชน ตามปรกติออกเป็นรายวัน.
หนังสือรับรองการทำประโยชน์ 0,น.,"หนังสือแสดงการรับรองของพนักงานเจ้าหน้าที่ตามประมวลกฎหมายที่ดิน ว่าผู้ครอบครองที่ดินได้ทำประโยชน์ในที่ดินนั้นแล้ว, น.ส. ๓ ก็เรียก."
หนังสือราชการ 0,น.,เอกสารที่เป็นหลักฐานในราชการ ได้แก่ หนังสือที่มีไปมาระหว่างส่วนราชการ หนังสือที่ส่วนราชการมีไปถึงหน่วยงานอื่นซึ่งไม่ใช่ส่วนราชการ หนังสือที่หน่วยงานอื่นซึ่งไม่ใช่ส่วนราชการหรือที่บุคคลภายนอกมีมาถึงส่วนราชการ เอกสารที่ทางราชการจัดทำขึ้นเพื่อเป็นหลักฐาน และเอกสารที่ทางราชการจัดทำขึ้นตามกฎหมาย ระเบียบ หรือข้อบังคับ.
หนังสือเวียน 0,น.,"หนังสือราชการที่มีข้อความเหมือนกัน ส่งไปถึงหน่วยงานต่าง ๆ ที่เกี่ยวข้อง โดยมีรหัสตัวพยัญชนะ ว หน้าเลขทะเบียนหนังสือส่ง, ภาษาปากใช้ว่า จดหมายเวียน"
หนังสือเวียน 1,น.,หนังสือที่ผู้บังคับบัญชาเวียนแจ้งให้ผู้ใต้บังคับบัญชารับทราบหรือถือปฏิบัติ.
หนังสือสุทธิ 0,น.,หนังสือที่พระอุปัชฌาย์ออกให้พระภิกษุหรือสามเณรเพื่อรับรองสถานภาพความเป็นภิกษุหรือสามเณร.
หนังหน้าไฟ 0,น.,ผู้ได้รับความเดือดร้อนก่อนผู้อื่น เช่น ลูกทำความผิดมา พ่อแม่ก็ต้องเป็นหนังหน้าไฟ.
หนังหน้าไฟ 1,น.,ชื่อท่ารำแบบหนึ่ง โดยมือข้างหนึ่งตั้งวงสูง มืออีกข้างหนึ่งตั้งวงระดับหน้า เฉียงมาไว้ที่ใต้แขนที่ตั้งวงสูง เอียงศีรษะข้างเดียวกับมือต่ำ.
หนังหุ้มกระดูก 0,น.,เรียกลักษณะของคนหรือสัตว์ที่ผอมมากจนมองเห็นแนวโครงกระดูก ว่า ผอมจนหนังหุ้มกระดูก.
หนังเหนียว 0,ว.,"อยู่ยงคงกระพัน เช่น ลือกันว่าโจรคนนี้หนังเหนียว ยิงไม่ออกฟันไม่เข้า, โดยปริยายหมายความว่า มีประสบการณ์มากรู้เท่าทันไปทุกสิ่งทุกอย่าง."
หนังใหญ่ 0,น.,การมหรสพอย่างหนึ่ง ใช้หนังสลักเป็นรูปภาพขนาดใหญ่กว่าหนังตะลุงมาก คีบด้วยไม้ตับ ๒ อันสำหรับจับเชิด เชิดได้ทั้งหลังจอและหน้าจอ ใช้ปี่พาทย์และเกราะบรรเลงประกอบ ผู้เชิดกับผู้พากย์เป็นคนละคนกัน.
หนั่น 0,ว.,"แน่น, แน่นหนา, เช่น เนื้อหนั่น."
หนั่น 1,ก.,หนุน.
หนับ 0,ว.,"มาก เช่น เหนียวหนับ, มีเสียงดังอย่างดึงของเหนียวจนขาดหรือปล่อย เช่น ดึงหนังสติ๊กดังหนับ."
หน้า 0,น.,ส่วนของศีรษะตั้งแต่หน้าผากลงมาจดคาง
หน้า 1,น.,"ซีกของกายที่ตรงข้ามกับหลัง, ด้านของสิ่งใดสิ่งหนึ่งที่อยู่ตรงข้ามกับสายตาของเราหรือด้านที่เผชิญหน้ากับสายตาของเรา เช่น เขาวิ่งอยู่หน้าฉัน จึงเห็นแต่หลังเขาไว ๆ"
หน้า 2,น.,ส่วนบนของบางสิ่ง เช่น หน้าขนม ข้าวเหนียวหน้าสังขยา หน้าปกหนังสือ
หน้า 3,น.,เครื่องปรุงที่แต่งหรือโรยบนอาหารบางอย่าง เช่น กระเทียมเจียวโรยหน้าข้าวต้ม
หน้า 4,น.,"ด้านหนึ่ง ๆ ของวัตถุแบน ๆ อย่างกระดาษ เช่น หน้ากระดาษ หน้าซอง, ด้านของเครื่องตีที่ขึงด้วยหนัง เช่น หน้ากลอง, ด้านหนึ่ง ๆ ของลูกเต๋าและนํ้าเต้าซึ่งมี ๖ ด้าน"
หน้า 5,น.,ส่วนกว้างของแผ่นกระดาน เสาเหลี่ยม หรือผืนผ้า เป็นต้น
หน้า 6,น.,"ชายผ้าบางชนิดที่มีลวดลาย, ด้านของผ้าที่มีลวดลายชัดกว่า"
หน้า 7,น.,"คราว เช่น เมื่อข้าวสุกแล้วก็ถึงหน้าเก็บเกี่ยว, ฤดู เช่น หน้าฝน หน้าทุเรียน"
หน้า 8,น.,โดยปริยายหมายถึงคน เช่น เขาสู้ทุกคนไม่ว่าหน้าไหน
หน้า 9,น.,เกียรติและศักดิ์ศรี เช่น เห็นแก่หน้า ไม่ไว้หน้า
หน้า 10,น.,ลักษณนามบอกจำนวนด้านของแผ่นกระดาษ เช่น หนังสือเล่มนี้มี ๒๐๐ หน้า.
หน้า 11,ว.,ถัดไป เช่น อาทิตย์หน้า ฉบับหน้า
หน้า 12,ว.,"ตรงข้ามกับ หลัง (ใช้แก่เวลาที่ยังมาไม่ถึง) เช่น วันหน้า เดือนหน้า ปีหน้า, อยู่ตรงข้ามกับข้างหลัง เรียกว่า ข้างหน้า."
หนา 0,น.,ส่วนสูงมากจากผิวพื้น.
หนา 1,ว.,มีส่วนสูงมากจากผิวพื้น
หนา 2,ว.,"แน่นทึบ, มาก, ตรงข้ามกับ บาง."
หนา 3,*ว.,คำประกอบท้ายคำอื่นที่มีความหมายไปในเชิงบังคับหรืออ้อนวอน เช่น อยู่เถิดหนา.
หน้ากระฉีก 0,น.,ของหวานทำด้วยมะพร้าวทึนทึกขูด กวนกับนํ้าตาลปึกให้เข้ากันจนเหนียว อบด้วยควันเทียนอบให้หอม ใช้เป็นไส้หรือหน้าขนม เช่น ขนมใส่ไส้มีไส้เป็นหน้ากระฉีก ข้าวเหนียวหน้ากระฉีก.
หน้ากระดาน 0,ว.,มีลักษณะเรียงแถวไหล่ต่อไหล่หันหน้าไปทางเดียวกัน เช่น ลูกเสือเดินแถวหน้ากระดาน.
หน้ากระดาน 1,น.,พื้นที่ราบด้านตั้งที่อยู่บนบัวหงายหรือใต้บัวคว่ำ.
หน้ากระดูก 0,น.,รูปหน้าที่มีกระดูกสันแก้มสูง.
หน้ากร้าน 0,น.,ผิวหน้าที่หยาบคล้ำ เช่น ตากแดดตากลมจนหน้ากร้าน.
หน้ากล้อ 0,น.,หน้ากลม เช่น เขาเป็นคนผมหยิก หน้ากล้อ คอสั้น ฟันขาว.
หน้ากาก 0,น.,เครื่องบังใบหน้าทั้งหมดหรือบางส่วน.
หนากาสรี 0,น.,ดอกชบา.
หน้ากาฬ 0,น.,เกียรติมุข.
หน้าเก้อ 0,ว.,มีสีหน้าเจื่อนเพราะรู้สึกผิดคาดหรือทำอะไรผิดพลาดไป เช่น เด็กตีหน้าเก้อเมื่อถูกจับได้ว่าทำความผิด.
หน้าเก่า 0,ว.,"ที่เคยเห็นหรือรู้จักกันมาเป็นเวลานานจนคุ้นตา เช่น ดาราหน้าเก่า ลูกค้าหน้าเก่า, หน้าเดิม ก็ว่า."
หน้าแก่ 0,ว.,"ที่มองดูอายุมากกว่าอายุจริง เช่น เด็กคนนี้หน้าแก่, เรียกหมากที่หน้าเต็มใกล้จะสุก ว่า หมากหน้าแก่."
หน้าขบ 0,น.,"ชื่อลายไทยแบบหนึ่งอยู่ในรูปทรงสี่เหลี่ยมขนมเปียกปูนทำเป็นหน้าอสูรที่ชื่อราหู เช่นตรงกลางพัดยศพระราชาคณะชั้นสามัญหรือที่โล่, หน้าขบ ก็เรียก."
หน้าขมึงทึง 0,น.,"หน้าตาที่บูดบึ้งไม่ยิ้มแย้ม, หน้าตาน่ากลัว."
หน้าขา 0,น.,ส่วนหน้าของขานับตั้งแต่โคนขาถึงหัวเข่า.
หน้าข้าวตัง 0,น.,"หน้าซึ่งมีรอยแผลเป็นปรุ ๆ มักเกิดจากฝีดาษ, หน้ามอด ก็ว่า."
หน้าขึงตาขึง 0,น.,หน้าซึ่งแสดงว่าโกรธหรือไม่พอใจอย่างมาก.
หน้าขึ้นนวล 0,น.,หน้าของคนใกล้จะตาย มักจะดูนวลกว่าปรกติ ซึ่งคนโบราณเชื่อกันว่าคนบางคนที่ทำบุญกุศลไว้มากเมื่อใกล้จะตายหน้ามักจะขึ้นนวล.
หน้าเข้ม 0,ว.,"มีสีหน้าเครียดหรือขุ่นเคือง, หน้าตึง ก็ว่า."
หน้าเข้มคม 0,น.,ใบหน้าหล่อมีเสน่ห์ คิ้วดกดำ ตาคม (ใช้แก่ผู้ชายผิวคล้ำหรือดำแดง).
หน้าเขียง 0,น.,แม่ครัวประจำเขียง.
หน้าเขียว 0,ว.,มีสีหน้าแสดงอาการโกรธจัด เช่น เขาโกรธจนหน้าเขียว
หน้าเขียว 1,ว.,"หน้าซึ่งแสดงอาการเจ็บปวดมากเพราะถูกบีบเป็นต้น, โดยปริยายหมายความว่า ถูกบีบหรือบังคับหนัก."
หน้าแข้ง 0,น.,"ส่วนหน้าของขา ใต้เข่าลงไปถึงข้อเท้า, แข้ง ก็ว่า."
หน้าคมขำ 0,น.,ใบหน้าสวยซึ้งชวนพิศ คิ้วดกดำ ตาคม (ใช้แก่ผู้หญิงผิวคล้ำหรือดำแดง).
หน้าคว่ำ 0,ว.,ทำหน้าแสดงอาการไม่พอใจหรือโกรธจนไม่เงยหน้าขึ้นมองดู.
หน่าง 0,น.,"อวน, ข่าย"
หน่าง 1,น.,"รั้ว, คู."
หน้างอ 0,ว.,มีสีหน้าแสดงอาการโกรธ ไม่พอใจ หรือไม่ได้อย่างใจ เป็นต้น.
หน้างอก 0,น.,หน้าผากกว้างยื่นงํ้าออกไปกว่าปรกติ.
หน้างัว 0,น.,"กระเบื้องปูพื้นรูปสี่เหลี่ยม ทำด้วยดินเผา เรียกว่า กระเบื้องหน้าวัว, กระเบื้องสำหรับมุงหลังคารูปสี่เหลี่ยมขนมเปียกปูน ทำด้วยปูนซีเมนต์ ทราย และน้ำ เรียกว่า กระเบื้องหน้าวัว."
หน้าง้ำ 0,ว.,มีสีหน้าแสดงอาการโกรธ ไม่พอใจ หรือไม่ได้อย่างใจ เป็นต้น.
หน้าเง้า 0,ว.,มีสีหน้าแสดงอาการโกรธ ไม่พอใจ หรือไม่ได้อย่างใจ เป็นต้น.
หน้าเง้าหน้างอ 0,ว.,มีสีหน้าแสดงอาการโกรธ ไม่พอใจ หรือไม่ได้อย่างใจ เป็นต้น.
หน้าแง 0,น.,ส่วนของหน้าตรงหว่างคิ้ว เช่น นักมวยถูกชกหน้าแง.
หน้าจ๋อย 0,ว.,"มีสีหน้าสลด, มีสีหน้าซีดเซียว, เช่น นักเรียนหน้าจ๋อยเพราะถูกครูตำหนิ."
หน้าจั่ว 0,น.,"เครื่องบนแห่งเรือนที่ปิดด้านสกัดหลังคา สำหรับกันลมและแดดฝน มีรูปเป็นสามเหลี่ยม, จั่ว ก็ว่า"
หน้าจั่ว 1,น.,เรียกรูปสามเหลี่ยมที่มีด้านคู่หนึ่งยาวเท่ากัน ว่า สามเหลี่ยมหน้าจั่ว.
หน้าจืด 0,ว.,มีสีหน้าซีดหรือไม่เข้มคม.
หน้าเจี๋ยมเจี้ยม 0,ว.,วางหน้าไม่สนิท มีอาการเก้อเขิน.
หน้าเจื่อน 0,ว.,วางหน้าไม่สนิทเพราะกระดากอายเนื่องจากถูกจับผิดได้เป็นต้น.
หน้าฉาก 0,ว.,"ที่แสดงให้ปรากฏเปิดเผย เช่น ฐานะหน้าฉากของเขาเป็นนักธุรกิจที่มีชื่อเสียง แต่ความจริงค้าขายยาเสพติด, ตรงข้ามกับ หลังฉาก."
หน้าฉาก 1,น.,"ความเป็นไปหรือพฤติกรรมที่เปิดเผย, ตรงข้ามกับ หลังฉาก."
หน้าเฉย 0,ว.,มีสีหน้าแสดงความไม่รู้สึกยินดียินร้าย หรือไม่สนใจใยดีต่อสิ่งหรือเหตุการณ์ใด ๆ.
หน้าเฉยตาเฉย 0,ว.,อาการที่วางหน้าเป็นปรกติ ทำเป็นไม่รู้ไม่ชี้ทั้ง ๆ ที่ตนกระทำความผิด หรือบางครั้งกระทำความผิดโดยไม่เจตนา เช่น เขาหยิบฉวยของผู้อื่นไปอย่างหน้าเฉยตาเฉย.
หน้าโฉนด 0,น.,หนังสือสำคัญของทางราชการแสดงกรรมสิทธิ์ที่ดิน.
หน้าชา 0,ว.,อาการที่รู้สึกอับอายขายหน้าระคนโกรธ แต่ก็ตอบโต้ไม่ได้ เช่น เธอรู้สึกหน้าชาที่ถูกประจาน.
หน้าชื่นตาบาน 0,ว.,มีสีหน้าเบิกบานแจ่มใส.
หน้าชื่นอกตรม 0,ว.,"ที่ทำเป็นร่าเริงแต่ในใจมีทุกข์, หน้าชื่นอกกรม ก็ว่า."
หน้าเชิด 0,น.,หน้าที่เงยขึ้น.
หน้าเชิด 1,ว.,อาการที่คอตั้งเงยหน้าแสดงความเย่อหยิ่งหรือภาคภูมิใจเป็นต้น เช่น เขานั่งรถยนต์คันใหญ่ทำหน้าเชิด.
หน้าซีก 0,น.,หน้าด้านข้าง (เห็นตาและหูข้างเดียว).
หน้าซีด 0,ว.,มีสีหน้าไม่สดใสหรือไม่มีสีเลือดเพราะอดนอน ตกใจ หรือถูกจับได้ว่าทำผิดเป็นต้น.
หน้าซื่อใจคด 0,ว.,มีสีหน้าดูซื่อ ๆ แต่มีนิสัยคดโกง.
หน้าเซ่อ 0,ว.,อาการที่วางหน้าไม่รู้ไม่ชี้หรือทำเป็นไม่รู้เรื่อง เช่น ตีหน้าเซ่อ.
หน้าเซียว 0,ว.,มีสีหน้าแสดงความอิดโรยไม่สดใสเพราะอดนอนมากเป็นต้น.
หนาด 0,น.,"ชื่อไม้พุ่มชนิด Blumea balsamifera (L.) DC. ในวงศ์ Compositae ใบใหญ่มีขน กลิ่นฉุน ใช้ทำยาได้ เชื่อกันว่าผีกลัว, หนาดใหญ่ ก็เรียก."
หนาดใหญ่ 0,น.,"ชื่อไม้พุ่มชนิด Blumea balsamifera (L.) DC. ในวงศ์ Compositae ใบใหญ่มีขน กลิ่นฉุน ใช้ทำยาได้ เชื่อกันว่าผีกลัว, หนาดใหญ่ ก็เรียก."
หน้าด้าน 0,ว.,"มีสีหน้าไม่สลดทั้งที่ควรจะอายแต่ก็ไม่อาย, โดยปริยายหมายความว่า ไม่มีความรู้สึกอายในสิ่งที่ควรอาย."
หน้าดำ 0,น.,ใบหน้าหมองคล้ำไม่มีราศีเพราะความทุกข์หรือต้องทำงานกลางแจ้งเป็นต้น.
หน้าดำคร่ำเครียด 0,น.,ใบหน้าหมองคล้ำเพราะต้องคร่ำเครียดหมกมุ่นอยู่กับงานหรือต้องใช้ความคิดอย่างหนัก.
หน้าดำคล้ำเครียด 0,น.,ใบหน้าหมองคล้ำเพราะต้องคร่ำเครียดหมกมุ่นอยู่กับงานหรือต้องใช้ความคิดอย่างหนัก.
หน้าดำหน้าแดง 0,ว.,อาการที่ใช้วาจาโต้เถียงกันเพราะมุ่งที่จะเอาชนะอีกฝ่ายหนึ่ง เช่น แม่ค้าเถียงกันหน้าดำหน้าแดง.
หน้าเดิม 0,ว.,"ที่เคยเห็นหรือรู้จักกันมาเป็นเวลานานจนคุ้นตา เช่น งานนี้มีแต่คนหน้าเดิม, หน้าเก่า ก็ว่า."
หน้าแดง 0,น.,หน้าเต็มไปด้วยเลือดฝาดเพราะความกระดากอายหรือโกรธเป็นต้น.
หน้าตัก 0,น.,คำที่ใช้เรียกขนาดความกว้างของพระพุทธ-รูปแบบนั่งขัดสมาธิโดยวัดจากสุดเข่าข้างหนึ่งถึงอีกข้างหนึ่ง ใช้วัดด้วยมาตราไทย เช่น พระพุทธรูปองค์นี้หน้าตัก ๑๐ นิ้ว พระประธานในโบสถ์หน้าตัก ๑ วา ๒ ศอก ๕ นิ้ว
หน้าตัก 1,น.,โดยปริยายหมายถึงเงินหรือเบี้ยพนันที่วางอยู่ตรงหน้าของผู้เล่นการพนัน เช่น สู้แค่หมดหน้าตัก.
หน้าตั้ง 0,น.,เครื่องจิ้มชนิดหนึ่ง ทำด้วยหมูสับ กุ้งสับ ต้มกับกะทิ ผสมเครื่องมีหัวหอม ถั่วลิสง เป็นต้น ปรุงรสด้วยเกลือ น้ำตาล น้ำมะขามเปียกเล็กน้อย สำหรับกินกับข้าวตังทอดกรอบ.
หน้าตั้ง 1,ว.,"อาการที่แสดงหน้าตาตื่น (ใช้แก่กริยาวิ่ง), หน้าเริด ก็ว่า."
หน้าตัวเมีย 0,น.,"ลักษณะหน้าตาท่าทางคล้ายผู้หญิง, โดยปริยายหมายความว่า ใจเสาะ, ขี้ขลาด, ไม่กล้าสู้, (มักพูดเป็นเชิงเหยียดหยามผู้ชาย)."
หนาตา 0,ว.,"ที่เห็นว่ามีมาก, มาก (ใช้แก่การเห็น), เช่น วันนี้มีคนมาชมมหรสพหนาตากว่าวันก่อน, บางทีก็ใช้ว่า หนาหูหนาตา โดยมี หนาหู เป็นคำสร้อย เช่น ละครเรื่องนี้มีคนไปดูหนาหูหนาตากว่าปรกติ."
หน้าตา 0,น.,เค้าหน้า เช่น เด็กคนนี้หน้าตาเหมือนแม่
หน้าตา 1,น.,เกียรติยศชื่อเสียง เช่น นักกีฬาไปแข่งขันชนะเลิศในต่างประเทศก็เป็นหน้าตาให้กับประเทศของตน.
หน้าตาขึงขัง 0,ว.,สีหน้าที่แสดงว่าเอาจริงเอาจัง ดูน่ากลัว.
หน้าต่าง 0,น.,ช่องฝาบ้านหรือเรือนเป็นต้นที่เปิดปิดได้ สำหรับรับแสงสว่างหรือให้อากาศถ่ายเทได้ แต่มิใช่ทางสำหรับเข้าออก.
หน้าตาเฉย 0,ว.,อาการที่วางหน้าเป็นปรกติ ทำเป็นไม่รู้ไม่ชี้ทั้ง ๆ ที่ตนกระทำความผิด หรือบางครั้งกระทำความผิดโดยไม่เจตนา เช่น เขาหยิบฉวยของผู้อื่นไปอย่างหน้าเฉยตาเฉย.
หน้าตาตื่น 0,ว.,มีสีหน้าตื่นเต้นตกใจเป็นต้น เช่น เขาวิ่งหนีไฟหน้าตาตื่นมา.
หน้าตาย 0,น.,หน้าเฉยเหมือนไม่มีความรู้สึก เช่น เธอเป็นคนหน้าตาย.
หน้าตาย 1,ว.,ตีสีหน้าทำเป็นไม่รู้ไม่ชี้ เช่น ตลกหน้าตาย.
หน้าตึง 0,ว.,"มีสีหน้าเครียดหรือขุ่นเคือง, หน้าเข้ม ก็ว่า"
หน้าตึง 1,ว.,มีสีหน้าแดงหรือเข้มขึ้นเพราะเริ่มเมา.
หน้าตื่น 0,ว.,มีสีหน้าตื่นเต้นตกใจเป็นต้น เช่น เขาวิ่งหนีไฟหน้าตาตื่นมา.
หน้าตูม 0,ว.,มีสีหน้าแสดงอาการไม่พอใจ เช่น เธอโกรธใครมาหน้าตูมเชียว.
หน้าเตา 0,น.,แม่ครัวประจำเตา.
หน้าถมึงทึง 0,น.,"หน้าตาที่บูดบึ้งไม่ยิ้มแย้ม, หน้าตาน่ากลัว."
หน้าถอดสี 0,ว.,"มีสีหน้าแสดงความผิดหวังหรือตกใจเป็นต้น, หน้าเผือด หรือ หน้าเผือดสี ก็ว่า."
หน้าถัง 0,น.,หน้าร้านหรือโรงที่เปิดปิดด้วยกระดานเป็นแผ่น ๆ สอดเรียงเลื่อนไปตามรางที่ทำไว้.
หน้าทน 0,ว.,"มีสีหน้าไม่สลดทั้งที่ควรจะอายแต่ก็ไม่อาย, โดยปริยายหมายความว่า ไม่มีความรู้สึกอายในสิ่งที่ควรอาย."
หน้าท้อง 0,น.,ส่วนหน้าของท้อง ตั้งแต่ลิ้นปี่จนถึงบริเวณต้นขา เช่น ฉีดเซรุ่มป้องกันพิษสุนัขบ้าที่หน้าท้องหลังจากถูกสุนัขกัด
หน้าท้อง 1,น.,โดยปริยายหมายถึงท้องที่ยื่นเพราะมีไขมันมาก เช่น ผู้หญิงคนนี้สวยดี เสียแต่มีหน้าท้อง.
หน้าทะเล้น 0,ว.,อาการที่ทำหน้าเป็นหรือหลอกล้ออย่างไม่เหมาะแก่บุคคลหรือไม่ถูกกาลเทศะ เช่น ว่าแล้วยังทำหน้าทะเล้น.
หน้าทับ 0,น.,เสียงตีเครื่องดนตรีที่ขึงด้วยหนัง จำพวกเลียนเสียงมาจากทับ (โทน) เช่น ตะโพน กลองแขก ใช้บอกสัดส่วนและประโยคของเพลง.
หน้าทับเฉพาะประเภท 0,น.,ชื่อหน้าทับที่กำหนดว่าจะต้องบรรเลงเฉพาะประเภทเพลงนั้น ๆ เช่น หน้าทับเพลงตระ หน้าทับสมิงทอง.
หน้าทับเฉพาะเพลง 0,น.,ชื่อหน้าทับที่ต้องบรรเลงเฉพาะกับเพลงนั้น ๆ เท่านั้น เช่น หน้าทับเพลงสาธุการ หน้าทับเพลงม้าย่อง.
หน้าทับพิเศษ 0,น.,ชื่อหน้าทับที่จัดไว้แตกต่างจากจังหวะทั่วไป อาจยาวกว่าหรือไม่ลงจังหวะอย่างหน้าทับธรรมดา เช่น หน้าทับสดายง หน้าทับลงสรง.
หน้าทับภาษา 0,น.,ชื่อหน้าทับที่ใช้กับเพลงภาษาต่าง ๆ เช่น หน้าทับเขมร หน้าทับแขก หน้าทับจีน.
หน้าทับสามัญ 0,น.,ชื่อหน้าทับที่ใช้กับเพลงต่าง ๆ ได้แก่ หน้าทับสองไม้และหน้าทับปรบไก่.
หน้าที่ 0,น.,กิจที่จะต้องทำด้วยความรับผิดชอบ.
หน้าที่นั่ง 0,ว.,"เบื้องหน้า, ต่อหน้า."
หน้าที่นั่ง 1,น.,ที่เฉพาะพระพักตร์พระเจ้าอยู่หัวหรือพระราชินี เช่น แสดงหน้าที่นั่ง.
หน้าที่นำสืบ 0,น.,หน้าที่ของคู่ความฝ่ายใดฝ่ายหนึ่งที่จะต้องพิสูจน์ข้อเท็จจริงที่ตนกล่าวอ้าง.
หนาน 0,น.,เรียกคนที่สึกจากเพศภิกษุ ว่า หนานนั่น หนานนี่.
หน้านวล 0,น.,ชื่อขนมอย่างหนึ่ง ทำด้วยแป้ง ไข่ขาว น้ำตาลทราย ใส่พิมพ์รูปคล้ายเรือแล้วอบ.
หน้านวล 1,น.,ดูใน หน้า.
หน้านวล 2,ว.,"มีสีหน้าผุดผ่องเป็นน้ำเป็นนวล, คนโบราณเชื่อว่า หญิงที่มีครรภ์ถ้ามีหน้านวลอยู่เสมอ แสดงว่า บุตรในครรภ์จะเป็นเพศหญิง."
หน้านวล 3,ว.,ดูใน หน้า.
หน้านวล 4,น.,"ชื่อไม้พุ่ม ๓ ชนิดในสกุล Dendrolobium และ Dicerma วงศ์ Leguminosae คือ ชนิด D. triangulare (Retz.) Schindl. มักขึ้นในที่โล่งตํ่าซึ่งชุ่มแฉะในฤดูฝน ฝักเล็กแบนคอดกิ่วเป็นข้อ ๆ ใช้ทำยาได้, ขมิ้นนาง ขมิ้นลิง ลูกประคำผี หน้านวล เหนียวหมา หรือ อีเหนียว ก็เรียก, ชนิด D. lanceolatum (Dunn) Schindl. ขึ้นตามป่าผลัดใบที่มีต้นไผ่ สูงประมาณ ๑ เมตร ใบรูปไข่กลับ โคนใบสอบ, กระดูกเขียด แกลบหนู แกลบหูหนู แปรงหูหนู หรือ อึ่งใหญ่ ก็เรียก, และชนิด Dicerma biarticulatum (L.) DC. ชอบขึ้นตามไหล่ทางที่ตัดผ่านทุ่งนา สูงประมาณ ๑ เมตร ใบเล็กคล้ายใบมะขาม ดอกสีม่วง."
หน้านวล 5,น.,"ชื่อปลานํ้าจืดชนิด Pristolepis fasciata (Bleeker) ในวงศ์ Pristolepidae พบทั่วไป รูปร่างคล้ายปลาหมอ หรือ ปลาเสือ แต่แบนข้างและกว้างกว่า ข้างตัวมีลายคลํ้าหลายลายพาดขวาง ขนาดยาวได้ถึง ๒๐ เซนติเมตร, ช้างเหยียบ หมอโค้ว กระตรับ ตะกรับ หน้านวล ก๋า หรือ อีก๋า ก็เรียก."
หน้านิ่วคิ้วขมวด 0,ว.,อาการที่ทำหน้าย่นขมวดคิ้วแสดงความโกรธหรือเจ็บปวดเป็นต้น.
หน้าเนื้อใจเสือ 0,ว.,มีหน้าตาแสดงความเมตตา แต่ใจเหี้ยมโหด.
หนาแน่น 0,ว.,"คับคั่ง, แออัด, เช่น กรุงเทพฯ มีประชากรหนาแน่นมาก."
หน้าบอกบุญไม่รับ 0,ว.,มีสีหน้าบึ้งตึง เช่น เขาผิดหวังอะไรมา ทำหน้าบอกบุญไม่รับ.
หน้าบัน 0,น.,จั่ว (ใช้แก่ปราสาท โบสถ์ วิหาร เป็นต้น).
หน้าบาง 0,ว.,มีความรู้สึกไวต่อสิ่งที่น่าละอาย.
หน้าบาน 0,ว.,ทำหน้าแสดงอาการดีใจ เช่น เขาหน้าบานเพราะสอบได้ที่ ๑.
หน้าบึ้ง 0,ว.,มีสีหน้าแสดงอาการโกรธ ไม่พอใจ หรือไม่ได้อย่างใจ เป็นต้น.
หน้าบูด 0,ว.,"มีสีหน้าแสดงอาการเบื่อหน่ายหรือไม่พอใจ เช่น เขาทำหน้าบูดเพราะเจอเรื่องที่ไม่สบอารมณ์, หน้าบูดหน้าเบี้ยว หรือ หน้าเบี้ยวหน้าบูด ก็ว่า."
หน้าเบ้ 0,น.,หน้าที่แสดงอาการผิดหวัง ไม่เห็นด้วย ไม่พอใจ หรือเจ็บปวดเป็นต้น.
หน้าปลาจวด 0,น.,หน้าแหลมอย่างหัวปลาจวด.
หน้าป๋อหลอ 0,ว.,อาการที่นั่งให้เห็นหน้าโดยมิได้มีความสลักสำคัญอะไร.
หน้าปัด 0,น.,แผ่นที่มีตัวเลขหรือสัญลักษณ์แสดงเวลาหรือปริมาณเป็นต้น เช่น หน้าปัดนาฬิกา หน้าปัดวิทยุ หน้าปัดมาตรวัดนํ้า.
หน้าปูเลี่ยน ๆ 0,ว.,"อาการที่วางหน้าไม่สนิท กระดากอาย เพราะถูกจับผิดได้เป็นต้น, หน้าเจื่อน ก็ว่า."
หน้าเป็น 0,ว.,"อาการที่ทำหน้ายิ้มหรือหัวเราะอยู่เรื่อย ๆ เช่น ถูกดุแล้วยังทำหน้าเป็นอยู่อีก, ช่างหัวเราะ เช่น เขาเป็นคนหน้าเป็น."
หน้าเปิด 0,น.,"หน้าอิ่มเอิบผ่องใสชวนดู, หน้าสว่าง ก็ว่า."
หน้าผา 0,น.,ด้านภูเขาที่มีแผ่นหินตั้งชัน.
หน้าผาก 0,น.,ส่วนเบื้องบนของใบหน้าอยู่เหนือคิ้วขึ้นไป.
หน้าผี 0,น.,หน้าตาอัปลักษณ์น่าเกลียดน่ากลัว.
หน้าเผือด 0,น.,หน้าไม่มีสีเลือด.
หน้าเผือด 1,ว.,"มีสีหน้าแสดงความผิดหวังหรือตกใจเป็นต้น, หน้าถอดสี ก็ว่า."
หน้าเผือดสี 0,น.,หน้าไม่มีสีเลือด.
หน้าเผือดสี 1,ว.,"มีสีหน้าแสดงความผิดหวังหรือตกใจเป็นต้น, หน้าถอดสี ก็ว่า."
หน้าพาทย์ 0,น.,เพลงประเภทที่ใช้บรรเลงในการแสดงกิริยาอาการเคลื่อนไหวของตัวโขนละคร หรือสำหรับอัญเชิญเทพเจ้า ฤๅษี หรือบูรพาจารย์ ให้มาร่วมชุมนุมในพิธีไหว้ครูหรือพิธีมงคลต่าง ๆ เช่น เชิด ใช้ในการเดินทางไกล เสมอ ใช้ในการเดินระยะใกล้ เสมอมาร สำหรับยักษ์เดิน เสมอเถร สำหรับฤๅษีเดิน สาธุการใช้ในการแสดงการคารวะสิ่งศักดิ์สิทธิ์และเริ่มพิธีต่าง ๆ ตระเชิญ ใช้อัญเชิญเทพเจ้าและสิ่งศักดิ์สิทธิ์.
หน้าพาทย์แผลง 0,น.,การเรียกชื่อเพลงหน้าพาทย์ให้แตกต่างไปจากชื่อเดิมตามเจตนาของผู้พากย์ โดยคงความหมายชื่อใหม่ให้สัมพันธ์กับชื่อเดิม เช่น สี่ศอก หมายถึง เพลงวา ไม่ได้ไม่เสีย หมายถึง เพลงเสมอ แม่ลูกอ่อนไปตลาด หมายถึง เพลงเร็ว.
หน้าไฟ 0,น.,เวลาที่จุดไฟเผาศพ เช่น พระสวดหน้าไฟ.
หนาม 0,น.,ส่วนแหลม ๆ ที่งอกออกจากต้นหรือกิ่งของไม้บางชนิดเป็นต้น เช่น หนามงิ้ว หนามพุทรา.
หนาม 1,น.,ชื่อหอยทะเลกาบเดี่ยวหลายชนิด ในวงศ์ Muricidae เปลือกมีหนามสั้นหรือยาวโดยรอบ เช่น ชนิด Murex TrapaRöding.
หนามขี้แรด 0,น.,"ชื่อไม้เถาเนื้อแข็งหลายชนิดหลายสกุล เช่น ชนิด Acacia pennata (L.) Willd. ในวงศ์ Leguminosae ต้นมีหนาม เปลือกใช้ย้อมแหอวนและใช้ทำยาได้, ชนิด Caesalpinia cucullata Roxb. ต้นมีหนาม ดอกสีเหลือง."
หนามเขียะ 0,น.,ต้นกระบองเพชร. (ดู กระบองเพชร ๒).
หนามควายนอน 0,น.,"ชื่อไม้เถาเนื้อแข็งชนิด Artabotrys siamensis Miq. ในวงศ์ Annonaceae ดอกหอมอ่อน กลีบดอกคล้ายกระดังงาจีนแต่ขนาดเล็กกว่า, กระดังงัว กระดังงาเถา หรือ หนามควายนอน ก็เรียก."
หนามจี้ 0,น.,ต้นคนทา. (ดู คนทา).
หนามดำ 0,น.,"ชื่อพรรณไม้ ๓ ชนิดในสกุล Capparis วงศ์ Capparaceae คือ ไม้เถาชนิด C. sepiariaL. มีหนามโค้งลง, หนามวัวซัง ก็เรียก, C. pyrifolia Lam. มีหนามเหยียดตรง, หนามหางนกกะลิง ก็เรียก, และไม้พุ่มชนิด C. radula Gagnep. มีหนามโค้ง, หนามดำ ก็เรียก."
หนามแดง 0,น.,ชื่อไม้เถาเนื้อแข็งชนิด Maytenus marcanii (Craib) Ding Hou ในวงศ์ Celastraceae ใช้ทำยาได้.
หนามแดง 1,น.,"ชื่อไม้พุ่มชนิด Carissa carandas L. ในวงศ์ Apocynaceae ดอกสีขาว หลอดดอกสีชมพู กลิ่นหอม ผลสีขาว สุกสีแดงคล้ำ กินได้, มะนาวไม่รู้โห่ ก็เรียก."
หนามเตย 0,น.,ลายหยักบนตัวหนังสือขอม
หนามเตย 1,น.,ส่วนที่เป็นหยัก ๆ บนหลังจระเข้
หนามเตย 2,น.,โลหะที่มีลักษณะเป็นเขี้ยวคล้ายหนามสำหรับเกาะยึดหัวแหวนเป็นต้น.
หนามพรม 0,น.,"ชื่อไม้พุ่มชนิด Carissa spinarum L. ในวงศ์ Apocynaceae ต้นมีหนามแข็ง, พรม ก็เรียก."
หนามพรม 1,น.,"ชื่อไม้เถาชนิด Pachygone dasycarpa Kurz ในวงศ์ Menispermaceae ดอกสีเหลืองอ่อน ผลสีเหลือง, ย่านางช้าง หรือ หนามพรม ก็เรียก."
หนามพุงดอ 0,น.,"ชื่อไม้พุ่มรอเลื้อยชนิด Azima sarmentosa (Blume) Benth. ในวงศ์ Salvadoraceae มีหนามตามข้อ รากและลำต้นใช้ทำยาได้, หนามพุงดอ หนามรอบตัว หรือ หนามเหม็น ก็เรียก, พายัพเรียก ปิดเต๊าะ."
หนามยอกอก 0,น.,คนหรือเหตุการณ์ที่ทำให้รู้สึกเหมือนมีอะไรมาทิ่มแทงอยู่ในอกตลอดเวลา.
หนามยอกเอาหนามบ่ง 0,ก.,ตอบโต้หรือแก้ด้วยวิธีการทำนองเดียวกัน.
หนามรอบตัว 0,น.,"ชื่อไม้พุ่มรอเลื้อยชนิด Azima sarmentosa (Blume) Benth. ในวงศ์ Salvadoraceae มีหนามตามข้อ รากและลำต้นใช้ทำยาได้, หนามพุงดอ หนามรอบตัว หรือ หนามเหม็น ก็เรียก, พายัพเรียก ปิดเต๊าะ."
หนามวัวซัง 0,น.,"ชื่อพรรณไม้ ๓ ชนิดในสกุล Capparis วงศ์ Capparaceae คือ ไม้เถาชนิด C. sepiariaL. มีหนามโค้งลง, หนามวัวซัง ก็เรียก, C. pyrifolia Lam. มีหนามเหยียดตรง, หนามหางนกกะลิง ก็เรียก, และไม้พุ่มชนิด C. radula Gagnep. มีหนามโค้ง, หนามดำ ก็เรียก."
หนามเสมา 0,น.,ชื่อไม้พุ่ม ๒ ชนิดในสกุล Opuntia วงศ์ Cactaceae ลำต้นแบนอวบนํ้า มีหนามแข็งเป็นกระจุกทั่วไป คือ ชนิด O. elatiorMill. และชนิด O. humifusa (Raf.) Raf. ชนิดหลัง หนามเสมา ก็เรียก.
หนามหลัง 0,?,ดู ตามิน.
หนามหางนกกะลิง 0,น.,"ชื่อพรรณไม้ ๓ ชนิดในสกุล Capparis วงศ์ Capparaceae คือ ไม้เถาชนิด C. sepiariaL. มีหนามโค้งลง, หนามวัวซัง ก็เรียก, C. pyrifolia Lam. มีหนามเหยียดตรง, หนามหางนกกะลิง ก็เรียก, และไม้พุ่มชนิด C. radula Gagnep. มีหนามโค้ง, หนามดำ ก็เรียก."
หนามเหม็น 0,น.,"ชื่อไม้พุ่มรอเลื้อยชนิด Azima sarmentosa (Blume) Benth. ในวงศ์ Salvadoraceae มีหนามตามข้อ รากและลำต้นใช้ทำยาได้, หนามพุงดอ หนามรอบตัว หรือ หนามเหม็น ก็เรียก, พายัพเรียก ปิดเต๊าะ."
หนามแหลมไม่มีใครเสี้ยม 0,น.,"คนที่มีปฏิภาณไหวพริบตามธรรมชาติโดยไม่ต้องมีใครสอน, มักใช้เข้าคู่กับ มะนาวกลมเกลี้ยงไม่มีใครกลึง."
หนามใหญ่ 0,น.,กุ้งหนามใหญ่. (ดู กุ้งมังกร ที่ กุ้ง ๑).
หน้ามอด 0,น.,"หน้าซึ่งมีรอยแผลเป็นปรุ ๆ มักเกิดจากฝีดาษ, หน้าข้าวตัง ก็ว่า."
หน้าม่อย 0,ว.,มีสีหน้าสลดแสดงว่าเสียใจ เช่น เธอทำหน้าม่อยเพราะรีดเสื้อตัวสวยไหม้.
หน้าม้า 0,น.,"ผู้ที่ทำเล่ห์เหลี่ยมเป็นเหมือนคนซื้อหรือคนเล่นการพนันเป็นต้น เพื่อเป็นสื่อจูงใจให้คนหลงซื้อหรือหลงเล่นการพนันด้วย, โดยปริยายใช้เรียกคนที่หากินในลักษณะคล้ายคลึงเช่นนั้น."
หน้าม้าน 0,ว.,มีสีหน้าเผือดด้วยความละอายจนไม่กล้าสบตาคน.
หน้ามืด 0,ว.,อาการที่เป็นลมหมดสติ
หน้ามืด 1,ว.,โดยปริยายหมายถึงมัวเมาจนขาดสติ ทำสิ่งที่ไม่ควรทำ.
หน้ามุข 0,น.,ส่วนของอาคารที่ยื่นเด่นออกมาทางหน้า.
หน้าไม้ 0,น.,วิธีคิดเลขเพื่อให้รู้ว่าไม้มีกี่ยก
หน้าไม้ 1,น.,เครื่องยิงชนิดหนึ่ง มีคันและราง ยิงด้วยลูกหน้าไม้.
หน้าไม่รับแขก 0,น.,หน้าตาที่เฉยเมยคล้ายกับว่าไม่ต้องการต้อนรับใคร อาจเป็นปรกติหรือเป็นบางโอกาสก็ได้.
หน้าไม่อาย 0,ว.,ที่ไม่รู้สึกกระดากหรือขวยใจ.
หน่าย 0,ก.,"เบื่อ, จืดจาง, คลายจากความพัวพัน, คลายจากความรัก, มักใช้เข้าคู่กับคำ เบื่อ เป็น เบื่อหน่าย."
หน่ายหนี 0,ก.,จากไปเพราะเบื่อหรือทนไม่ไหวเป็นต้น.
หน่ายแหนง 0,ก.,"ระอาเพราะหมางใจหรือแคลงใจเป็นต้น, แหนงหน่าย ก็ว่า."
หน้ายิ้ม 0,ว.,อาการยิ้มน้อย ๆ อย่างมีเลศนัย.
หน้ายุ่ง 0,ว.,มีสีหน้าว่ามีความยุ่งยากลำบากใจเพราะมีงานมากเสียจนไม่รู้จะทำอะไรก่อนอะไรหลังเป็นต้น.
หน้าระรื่น 0,น.,หน้ายิ้มอยู่เสมอ.
หน้ารับแขก 0,น.,หน้าตายิ้มแย้มแจ่มใสเป็นประจำ.
หน้าร่าหุ์ 0,น.,"ชื่อลายไทยแบบหนึ่งอยู่ในรูปทรงสี่เหลี่ยมขนมเปียกปูนทำเป็นหน้าอสูรที่ชื่อราหู เช่นตรงกลางพัดยศพระราชาคณะชั้นสามัญหรือที่โล่, หน้าขบ ก็เรียก."
หน้าราหู 0,น.,"ชื่อลายไทยแบบหนึ่งอยู่ในรูปทรงสี่เหลี่ยมขนมเปียกปูนทำเป็นหน้าอสูรที่ชื่อราหู เช่นตรงกลางพัดยศพระราชาคณะชั้นสามัญหรือที่โล่, หน้าขบ ก็เรียก."
หน้าเริด 0,ว.,"อาการที่แสดงหน้าตาตื่น (ใช้แก่กริยาวิ่ง) เช่น เห็นแม่มาแต่ไกลก็วิ่งหน้าเริดเข้าไปหา, หน้าตั้ง ก็ว่า."
หน้าเลือด 0,ว.,ชอบแสวงหาประโยชน์โดยวิธีบังคับให้จำยอมเพราะเห็นแก่ตัว เช่น เขาเป็นเจ้าหนี้หน้าเลือด.
หน้าโลหิต 0,ว.,ชอบแสวงหาประโยชน์โดยวิธีบังคับให้จำยอมเพราะเห็นแก่ตัว เช่น เขาเป็นเจ้าหนี้หน้าเลือด.
หนาว 0,ว.,"เย็นจัด, อาการที่รู้สึกเย็นจัด."
หนาว ๆ ร้อน ๆ 0,ก.,"ครั่นเนื้อครั่นตัว, มีอาการคล้ายจะเป็นไข้เพราะเดี๋ยวร้อนเดี๋ยวหนาว, โดยปริยายหมายความว่า มีความเร่าร้อนใจกลัวว่าจะถูกลงโทษหรือถูกตำหนิเป็นต้น, ร้อน ๆ หนาว ๆ หรือ สะบัดร้อนสะบัดหนาว ก็ว่า."
หนาวใจ 0,ว.,"สะท้านใจ, เยือกเย็นใจ, คร้ามเกรงภัย, กลัว."
หนาวดอกงิ้ว 0,น.,ระยะเวลาที่ต้นงิ้วออกดอก ประมาณเดือนยี่ อากาศเย็นกว่าธรรมดา เช่น น้ำค้างพรมลงเฉื่อยเรื่อยเรื่อยริ้ว หนาวดอกงิ้วงิ้วออกดอกไสว (นิ. ประธม).
หนาวสะท้าน 0,ว.,หนาวสั่นเพราะพิษไข้
หนาวสะท้าน 1,ว.,รู้สึกเย็นเยือกเข้าหัวใจทำให้รู้สึกครั่นคร้ามหรือหวาดกลัวจนตัวสั่นเป็นต้น.
หนาวสันหลัง 0,ว.,"รู้สึกหวาดกลัว, เสียวสันหลัง ก็ว่า."
หนาวเหน็บ 0,ว.,หนาวมากจนรู้สึกชาคล้ายเป็นเหน็บ.
หน้าวอก 0,น.,หน้าของคนที่ผัดแป้งจนขาวเกินไป.
หนาวอารมณ์ 0,ว.,รู้สึกเปล่าเปลี่ยวใจ.
หน้าวัว 0,น.,"กระเบื้องปูพื้นรูปสี่เหลี่ยม ทำด้วยดินเผา เรียกว่า กระเบื้องหน้าวัว, กระเบื้องสำหรับมุงหลังคารูปสี่เหลี่ยมขนมเปียกปูน ทำด้วยปูนซีเมนต์ ทราย และน้ำ เรียกว่า กระเบื้องหน้าวัว."
หน้าวัว 1,น.,ชื่อไม้ล้มลุกหลายชนิดในสกุล Anthurium วงศ์ Araceae ช่อดอกมีใบประดับขนาดใหญ่สีต่าง ๆ.
หน้าแว่น 0,น.,"เครื่องโรยขนมจีนเป็นแผ่นกลม ทำด้วยทองเหลืองหรือทองแดงเป็นต้นที่เจาะรูทั่วแผ่น เย็บติดไว้ตรงกลางผ้าสี่เหลี่ยมซึ่งเจาะรูให้พอเหมาะกับแผ่นทองเหลืองหรือทองแดงนั้น, แว่น ก็เรียก, เรียกขนมปังกรอบที่มีรูปเช่นนั้น ว่า ขนมปังหน้าแว่น"
หน้าแว่น 1,น.,ผิวดินที่กะเทาะเป็นแผ่นบาง ๆ.
หน้าสลด 0,น.,หน้าแสดงความเศร้าเสียใจ.
หน้าสว่าง 0,น.,"หน้าอิ่มเอิบผ่องใสชวนดู, หน้าเปิด ก็ว่า."
หน้าสิ่วหน้าขวาน 0,ว.,อยู่ในระยะอันตรายเพราะอีกฝ่ายหนึ่งกำลังโกรธหรือมีเหตุการณ์วิกฤตเป็นต้น.
หน้าเสีย 0,ว.,มีสีหน้าแสดงอาการพิรุธหรือตกใจ เสียใจเป็นต้น เช่น เขาหน้าเสียเพราะถูกจับได้ว่าทำความผิด.
หน้าเสี้ยว 0,น.,หน้าด้านข้าง (เห็นตา ๒ ข้างและหูข้างเดียว).
หน้าหงาย 0,ว.,อาการที่หน้าเงยแหงนขึ้น เช่น เขาถูกชกหน้าหงาย
หน้าหงาย 1,ว.,โดยปริยายหมายถึงอาการที่ถูกว่าย้อนกลับมาจนเสียหน้า เช่น ตั้งใจจะไปขอยืมเงินเขา เขาบอกว่าหนี้เก่าก็ไม่ได้ชำระยังจะมาขอยืมอีก เลยต้องหน้าหงายกลับมา
หน้าหงาย 2,ว.,ที่ผิดไปจากที่คาดหวังไว้มาก เช่น เขาคุยว่าสอบเข้ามหาวิทยาลัยได้แน่ ๆ แต่พอประกาศผลแล้วไม่ได้ ก็หน้าหงายกลับมา.
หน้าหงิก 0,ว.,มีสีหน้าแสดงอาการโกรธ ไม่พอใจ หรือไม่ได้อย่างใจ เป็นต้น.
หน้าหงิกหน้างอ 0,ว.,มีสีหน้าแสดงอาการโกรธ ไม่พอใจ หรือไม่ได้อย่างใจ เป็นต้น.
หน้าหนา 0,ว.,"มีสีหน้าไม่สลดทั้งที่ควรจะอายแต่ก็ไม่อาย, โดยปริยายหมายความว่า ไม่มีความรู้สึกอายในสิ่งที่ควรอาย."
หน้าหัก 0,น.,หน้าซึ่งมีสันจมูกคล้ายหักเข้าไป.
หนาหู 0,ว.,"ได้ยินพูดกันมาก, บ่อย (ใช้แก่การได้ยิน), เช่น มีข่าวหนาหูว่าจะตัดถนนสายใหม่, บางทีก็ใช้ว่า หนาหูหนาตา โดยมี หนาตา เป็นคำสร้อย เช่น ได้ยินข่าวหนาหูหนาตาว่ารัฐบาลจะเลิกเก็บภาษีบางอย่าง."
หนาหูหนาตา 0,ว.,"ที่เห็นว่ามีมาก, มาก (ใช้แก่การเห็น), เช่น วันนี้มีคนมาชมมหรสพหนาตากว่าวันก่อน, บางทีก็ใช้ว่า หนาหูหนาตา โดยมี หนาหู เป็นคำสร้อย เช่น ละครเรื่องนี้มีคนไปดูหนาหูหนาตากว่าปรกติ."
หน้าเหี่ยว 0,น.,"หน้าที่ไม่เต่งตึง, โดยปริยายหมายความว่า ไม่สมปรารถนา เช่น ขอสตางค์แม่ไม่ได้ก็หน้าเหี่ยวกลับมา."
หน้าแหก 0,ว.,อาการที่ต้องได้รับความอับอายขายหน้าอย่างยิ่งเพราะผิดหวังอย่างมากหรือเพราะถูกโต้ถูกย้อนกลับมาอย่างเถียงไม่ขึ้นเป็นต้น.
หน้าแหง 0,น.,หน้าแสดงความเก้อหรือจนปัญญา.
หน้าแห้ง 0,ว.,มีสีหน้าไม่แจ่มใสเพราะความทุกข์เช่นผิดหวัง.
หน้าใหญ่ใจโต 0,ว.,มีใจกว้างใช้จ่ายฟุ่มเฟือยเกินตัวเพื่ออวดมั่งมี เช่น เขาชอบทำหน้าใหญ่ใจโตทั้ง ๆ ที่มีเงินน้อย.
หน้าใหม่ 0,ว.,ที่เพิ่งเคยเห็นหรือรู้จักกัน เช่น นักร้องหน้าใหม่.
หน้าไหว้หลังหลอก 0,ว.,"ต่อหน้าทำเป็นดี แต่พอลับหลังก็นินทาหรือหาทางทำร้าย, ต่อหน้ามะพลับ ลับหลังตะโก ก็ว่า."
หน้าอก 0,น.,"ส่วนภายนอกของอก, นมของผู้หญิง, อก ก็ว่า."
หน้าอ่อน 0,ว.,"ที่มองดูอายุน้อยกว่าอายุจริง เช่น ผู้หญิงคนนี้อายุมากแล้วแต่ยังดูหน้าอ่อน, เรียกหมากที่หน้ายังไม่เต็ม ว่า หมากหน้าอ่อน."
หน้าอัด 0,น.,"หน้าตรง, หน้าเต็ม, หน้าตรงแบน, (ใช้แก่รูปวาด รูปถ่าย หรือเหรียญ)."
หน้าอินทร์หน้าพรหม 0,น.,"ผู้มีอำนาจ, ผู้ยิ่งใหญ่, เช่น เขาไม่กลัวหน้าอินทร์หน้าพรหมใด ๆ ทั้งนั้น."
หนำ 0,ว.,มากพอกับความต้องการ เช่น อิ่มหนำสำราญ.
หนำใจ 0,ว.,"สาแก่ใจ, สมใจอยาก, เช่น กินให้หนำใจ เที่ยวเสียหนำใจ."
หนำเลี้ยบ 0,น.,ชื่อผลของไม้ต้นชนิด Canarium pimela K. D. Koenig ในวงศ์ Burseraceae ผลสุกสีม่วงดำ นำมาดองเค็มใช้เป็นอาหาร.
หนี 0,ก.,"ไปเสียให้พ้น, หลีกไปให้พ้น, เช่น หนีภัย หนีทุกข์"
หนี 1,ก.,หลีกเลี่ยง เช่น หนีภาษี หนีโรงเรียน.
หนี้ 0,น.,"เงินที่ผู้หนึ่งติดค้างอยู่จะต้องใช้ให้แก่อีกผู้หนึ่ง, หนี้สิน ก็ว่า"
หนี้ 1,น.,นิติสัมพันธ์ระหว่างบุคคลตั้งแต่ ๒ ฝ่ายขึ้นไป ซึ่งฝ่ายหนึ่งเรียกว่า เจ้าหนี้ มีสิทธิที่จะบังคับบุคคลอีกฝ่ายหนึ่งซึ่งเรียกว่า ลูกหนี้ ให้กระทำการหรืองดเว้นกระทำการอย่างใดอย่างหนึ่ง. (อ. obligation)
หนี้ 2,น.,โดยปริยายหมายถึงการที่จะต้องตอบแทนบุญคุณเขา.
หนี้เกลื่อนกลืนกัน 0,น.,หนี้ซึ่งระงับไปเพราะเหตุที่สิทธิและความรับผิดในหนี้นั้นตกอยู่แก่บุคคลคนเดียวกัน.
หนีบ 0,ก.,คีบหรือบีบให้แรงให้แน่นด้วยของที่เป็นง่ามเช่นง่ามนิ้วมือหรือตะไกรเป็นต้น.
หนี้ประธาน 0,น.,หนี้หลักหรือหนี้ที่เกิดขึ้นโดยตรงจากมูลหนี้อันใดอันหนึ่ง.
หนีร้อนมาพึ่งเย็น 0,ก.,หนีจากที่ที่มีความเดือดร้อนมาอาศัยอยู่ในที่ที่มีความสงบสุข.
หนี้สิน 0,น.,"เงินที่ผู้หนึ่งติดค้างอยู่จะต้องใช้ให้แก่อีกผู้หนึ่ง, หนี้ ก็ว่า."
หนี้สูญ 0,น.,หนี้ที่เจ้าหนี้ไม่มีทางที่จะได้รับชำระหนี้จากลูกหนี้ได้.
หนีเสือ 0,น.,ชื่อเพลงไทย อัตราชั้นเดียว หน้าทับปรบไก่ ใช้บรรเลงและขับร้อง
หนีเสือ 1,น.,ชื่อเพลงไทยประเภทเพลงเถา.
หนีเสือปะจระเข้ 0,ก.,หนีภัยอันตรายอย่างหนึ่งแล้วต้องพบภัยอันตรายอีกอย่างหนึ่ง.
หนีหน้า 0,ก.,หลบไม่ยอมให้พบหน้า.
หนี้อุปกรณ์ 0,น.,หนี้ที่เกิดขึ้นจากหนี้ประธานหรือเพื่อประโยชน์แห่งหนี้ประธาน.
หนึก 0,ว.,หนึบ.
หนึ่ง 0,น.,ตัวเลขตัวแรกของจำนวนนับ
หนึ่ง 1,น.,"จำนวนเดียว, คนเดียว, สิ่งเดียว, เช่น หนึ่งในดวงใจ."
หนึ่ง 2,ว.,เดี่ยว
หนึ่ง 3,ว.,"เป็นเอก, เป็นเลิศ, เช่น เพื่อน ๆ ยกให้เขาเป็นหนึ่งในรุ่น."
หนึ่งไม่มีสอง 0,ว.,เป็นเลิศอยู่คนเดียว.
หนึบ 0,ว.,ลักษณะของสิ่งของที่เหนียวและมีเนื้อแน่นด้วย เรียกว่า เหนียวหนึบ.
หนืด 0,ว.,"อาการของสิ่งของที่เหนียวจนดึงไม่ใคร่จะออก เรียกว่า เหนียวหนืด, โดยปริยายหมายถึงตระหนี่มาก."
หนืด 1,น.,เรียกหินที่อยู่ในสภาพหนืดใต้เปลือกโลก ว่า หินหนืด.
หนุ 0,น.,คาง.
หนุน 0,ก.,"รองให้สูงขึ้น เช่น เสื้อหนุนไหล่, ดันให้สูงขึ้น เช่น น้ำทะเลหนุน"
หนุน 1,ก.,"ส่งเสริม เช่น หนุนให้สอบชิงทุนรัฐบาล, เพิ่มเติม เช่น หนุนทัพ"
หนุน 2,ก.,เอาสิ่งใดสิ่งหนึ่งรองหัว เช่น หนุนหมอน หนุนตัก หนุนขอนไม้.
หนุน 3,ว.,ที่เพิ่มเติม เช่น ทัพหนุน.
หนุนเนื่อง 0,ก.,เพิ่มเติมเข้ามาไม่ขาดสาย เช่น กองทัพข้าศึกหนุนเนื่องเข้ามา.
หนุนหลัง 0,ก.,ดันให้หลังแอ่น
หนุนหลัง 1,ก.,สนับสนุนอยู่ข้างหลัง.
หนุบ 0,ว.,"ลักษณะอาการตอด, อาการที่เจ็บในกายรู้สึกเต้นกระเทือนแต่น้อย ๆ"
หนุบ 1,ว.,อาการที่ติดแน่นอยู่แล้วดึงออกมามีเสียงดังเช่นนั้น.
หนุบ ๆ 0,ว.,"ลักษณะอาการตอด, อาการที่เจ็บในกายรู้สึกเต้นกระเทือนแต่น้อย ๆ"
หนุบ ๆ 1,ว.,อาการที่ติดแน่นอยู่แล้วดึงออกมามีเสียงดังเช่นนั้น.
หนุบ ๆ หนับ ๆ 0,ว.,"อาการที่ยื้อแย่งกันซื้อของเป็นต้น, อาการที่ปลาแย่งกันตอดเหยื่อ."
หนุบหนับ 0,ว.,"อาการที่ยื้อแย่งกันซื้อของเป็นต้น, อาการที่ปลาแย่งกันตอดเหยื่อ."
หนุบหนับ ๆ 0,ว.,"อาการที่ยื้อแย่งกันซื้อของเป็นต้น, อาการที่ปลาแย่งกันตอดเหยื่อ."
หนุ่ม 0,น.,ชายที่มีอายุพ้นวัยเด็ก นับตามความนิยมตั้งแต่ ๑๕-๓๐ ปี.
หนุ่ม 1,ว.,เรียกชายที่ยังดูไม่แก่ตามวัย เช่น ดูยังหนุ่มอยู่.
หนุ่มทั้งแท่ง 0,น.,หนุ่มบริสุทธิ์.
หนุ่มทั้งแท่งมากินแตงเถาตาย 0,น.,หนุ่มบริสุทธิ์ได้แม่ม่ายอายุมากเป็นภรรยา.
หนุ่มน้อย 0,น.,ชายที่อยู่ในวัยรุ่น.
หนุ่มแน่น 0,ว.,หนุ่มเต็มที่.
หนุ่มเหน้า 0,ว.,"กำลังสาว, กำลังหนุ่ม."
หนุ่มใหญ่ 0,น.,ชายที่อยู่ในวัยกลางคน.
หนุมานผลาญยักษ์ 0,น.,ชื่อท่ารำแบบหนึ่ง โดยมือข้างหนึ่งตั้งวงสูงระดับแง่ศีรษะ มืออีกข้างหนึ่งตั้งวงล่างระดับชายพก เอียงศีรษะข้างเดียวกับมือที่ตั้งวงล่าง.
หนุ่ย 0,ว.,"ทุย, โน."
หนู 0,น.,ชื่อสัตว์เลี้ยงลูกด้วยนมหลายสกุล ในวงศ์ Muridae หัวอาจยาว หรือกลมและสั้น มีฟันแทะ ตีนคู่หน้าและคู่หลังมีข้างละ ๕ นิ้ว ไม่ซ่อนเล็บ หางยาวหรือสั้น มีอยู่ทั่วไปตามบ้านเรือนและในถิ่นธรรมชาติ มีหลายชนิด เช่น หนูพุกใหญ่ [Bandicota indica (Bechstein)] หนูท้องขาว [Rattus rattus (Linn.)] บางชนิดเป็นพาหะนำโรค เช่น กาฬโรค โรคฉี่หนู.
หนู 1,ว.,เล็ก (ใช้เฉพาะพรรณไม้บางอย่างที่มีพันธุ์เล็กหรือของบางอย่างชนิดเล็ก) เช่น กุหลาบหนู แตงหนู หม้อหนู.
หนู 2,*ส.,"สรรพนามบุรุษที่ ๑ ผู้น้อยใช้พูดกับผู้ใหญ่, สรรพนามบุรุษที่ ๒ ผู้ใหญ่ใช้เรียกผู้น้อย, คำสำหรับเรียกเด็ก มีความหมายไปในทางเอ็นดู เช่น หนูแดง หนูน้อย."
หนูตกถังข้าวสาร 0,น.,"ผู้ชายที่มีฐานะไม่ค่อยดีได้แต่งงานกับผู้หญิงที่รุ่มรวย, ตกถังข้าวสาร ก็ว่า."
หนูตะเภา 0,น.,ชื่อหนูชนิด Cavia porcellus (Linn.) ในวงศ์ Caviidae ลำตัวอ้วนป้อม ขนปุย หางสั้น มีหลายสี เช่น ขาว นํ้าตาล ดำ มีถิ่นกำเนิดในประเทศเปรู มักใช้ในการทดลองทางการแพทย์.
หนูตะเภา 1,น.,คำเปรียบคนที่ถูกใช้ในการทดลองทางวิทยาศาสตร์เป็นต้น.
หนูติดจั่น 0,ว.,"จนปัญญา, หาทางออกไม่ได้."
หนูผี 0,น.,ชื่อสัตว์เลี้ยงลูกด้วยนมในวงศ์ Soricidae รูปร่างคล้ายหนูในวงศ์ Muridae แต่ตัวเล็กมาก ขาสั้น มีนิ้วตีนข้างละ ๕ นิ้ว หางยาว ขนนุ่มสั้น ใบหูเล็ก จมูกยื่นยาวออกมาเห็นได้ชัด ตาหรี่เล็ก มุดหาแมลงกินตามกองไม้และใบไม้ที่กองทับถมกันนาน ๆ มีหลายชนิด เช่น หนูผีนา [Crocidura fuliginosa (Blyth)] หนูผีบ้าน [C. murina (Linn.)] หนูผีจิ๋ว [C. etrusca (Savi)].
ห่ม 0,ก.,ขย่ม เช่น เด็กห่มกิ่งพุทรา ห่มเสาเข็ม.
ห่ม 1,ก.,ใช้ผ้าเป็นต้นคลุมหรือพันสิ่งใดสิ่งหนึ่งทั้งหมดหรือเพียงบางส่วน เช่น ห่มผ้า ห่มสไบ เอาผ้าไปห่มต้นโพ.
หมก 0,ก.,"ซุกไว้ใต้ เช่น หมกดิน หมกโคลน หมกทราย, หลบหน้า เช่น ไปหมกหัวอยู่ที่ไหน, ทิ้งสุม ๆ ไว้ เช่น เสื้อผ้าใช้แล้วอย่าหมกไว้"
หมก 1,ก.,เรียกวิธีทำอาหารบางอย่างให้สุกด้วยการหมกไฟ เช่น หมกปลา หมกหัวมันเทศ.
หมก 2,น.,ปลากระบอก. (ดู กระบอก ๒).
หมกมุ่น 0,ก.,ฝังใจมุ่งไปทางเดียว เช่น เขาหมกมุ่นอยู่กับงาน.
หมกไหม้ 0,ว.,"ร้อนระอุ เช่น ตกนรกหมกไหม้, มีความทุกข์มาก เช่น หัวอกหมกไหม้."
ห่มครุย 0,ก.,สวมเสื้อครุยโดยสวมเฉพาะแขนซ้าย เอาแขนเสื้อข้างขวาซึ่งห้อยอยู่ข้างหลังสอดรักแร้ขวาขึ้นมาแล้วตวัดพาดบนไหล่ซ้าย.
ห่มคลุม 0,น.,เรียกวิธีห่มผ้าของพระภิกษุสามเณรอย่างหนึ่งโดยปิดไหล่ทั้ง ๒ ข้าง.
หมด 0,ก.,"สิ้น เช่น หมดลม หมดกิเลส หมดปัญญา, ไม่มี เช่น เงินหมด ฝนหมด, จบ เช่น หมดรายการ."
หมด 1,ว.,ไม่มีอะไรเหลือ เช่น กินหมด ใช้หมด.
หมดกรรม 0,ก.,"สิ้นสุดในการที่ต้องรับทุกข์อีกต่อไป, สิ้นกรรม สิ้นกรรมสิ้นเวร สิ้นเวร หรือ สิ้นเวรสิ้นกรรม ก็ว่า"
หมดกรรม 1,ก.,ตาย.
หมดกรรมหมดเวร 0,ก.,"สิ้นสุดในการที่ต้องรับทุกข์อีกต่อไป, สิ้นกรรม สิ้นกรรมสิ้นเวร สิ้นเวร หรือ สิ้นเวรสิ้นกรรม ก็ว่า"
หมดกรรมหมดเวร 1,ก.,ตาย.
หมดกระเป๋า 0,ว.,"หมดเงิน, ไม่มีเงินเหลือ, เช่น เขาเสียการพนันจนหมดกระเป๋า, หมดตูด ก็ว่า."
หมดกัน 0,*ก.,คำออกเสียงแสดงความเสียดายหรือผิดหวังเป็นต้น.
หมดกันที 0,ก.,สิ้นสุดกันที.
หมดเกลี้ยง 0,ว.,ไม่มีเหลือ เช่น เด็กกินขนมจนหมดเกลี้ยง.
หมดเขต 0,ก.,หมดระยะเวลาที่กำหนดไว้ เช่น สิ้นเดือนนี้หมดเขตส่งภาพเข้าประกวด.
หมดเขี้ยวหมดงา 0,ก.,"หมดอำนาจวาสนา, สิ้นฤทธิ์, สิ้นเขี้ยวสิ้นเล็บ ก็ว่า."
หมดเขี้ยวหมดเล็บ 0,ก.,"หมดอำนาจวาสนา, สิ้นฤทธิ์, สิ้นเขี้ยวสิ้นเล็บ ก็ว่า."
หมดเคราะห์ 0,ก.,สิ้นเคราะห์กรรมที่เลวร้าย.
หมดจด 0,ว.,"สะอาด, ผ่องใส, เช่น เขาแต่งกายด้วยเสื้อผ้าสะอาดหมดจด"
หมดจด 1,ว.,"ไม่มีตำหนิ, ไม่ด่างพร้อย, เช่น เขามีความประพฤติหมดจด."
หมดตัว 0,ว.,สิ้นเนื้อประดาตัว เช่น เขาถูกโกงจนหมดเนื้อหมดตัว.
หมดตำรา 0,ว.,"จนปัญญา, หมดทาง, หมดฝีมือ, สิ้นตำรา ก็ว่า."
หมดตูด 0,ว.,"หมดเงิน, ไม่มีเงินเหลือ, หมดกระเป๋า หรือ หมดพก ก็ว่า."
หมดท่า 0,ว.,"หมดหนทาง, จนปัญญา, เช่น เขาหมดท่าไม่รู้ว่าจะโต้ตอบอย่างไร"
หมดท่า 1,ว.,"อาการที่ทำให้รู้สึกน่าสังเวช เช่น เขาแต่งตัวภูมิฐานแล้วเดินหกล้ม หมดท่าเลย, หมดรูป ก็ว่า."
หมดเนื้อ หมดตัว 0,ว.,สิ้นเนื้อประดาตัว เช่น เขาถูกโกงจนหมดเนื้อหมดตัว.
หมดบุญ 0,ก.,"สิ้นอำนาจวาสนา, หมดอำนาจ หรือ หมดวาสนาบารมี ก็ว่า"
หมดบุญ 1,ก.,ตาย.
หมดประตู 0,ก.,"ไม่มีทาง, หมดหนทาง, หมดทางสู้."
หมดเปลือก 0,ว.,"แจ่มแจ้ง, ไม่มีอะไรเคลือบแฝง, เช่น เขาอธิบายจนหมดเปลือก เขาพรรณนาเรื่องราวอย่างละเอียดจนหมดเปลือก."
หมดฝีมือ 0,ว.,"เต็มความสามารถที่มีอยู่ เช่น งานครั้งนี้เขาทำอย่างหมดฝีมือเลย แม้แพทย์จะพยายามรักษาคนไข้จนหมดฝีมือแล้ว แต่ก็ช่วยชีวิตไว้ไม่ได้, หมดความสามารถ, สิ้นฝีมือ ก็ว่า."
หมดพก 0,ว.,"หมดเงิน, ไม่มีเงินเหลือ, เช่น เขาเสียการพนันจนหมดกระเป๋า, หมดตูด ก็ว่า."
หมดพุง 0,ว.,หมดความรู้ เช่น ครูสอนศิษย์จนหมดพุง
หมดพุง 1,ว.,"อาการที่เปิดเผยโดยมิได้ปิดบังอำพราง เช่น สารภาพจนหมดไส้หมดพุง, สิ้นไส้สิ้นพุง ก็ว่า."
หมดราคี 0,ว.,"ไม่มีมลทิน, ไม่มัวหมอง."
หมดราคีคาว 0,ว.,ไม่มีความมัวหมองทางชู้สาว (มักใช้แก่ผู้หญิง).
หมดราศี 0,ว.,มีหน้าตาหมองคล้ำ เช่น พอหมดอำนาจก็หมดราศี.
หมดรูป 0,ว.,"อาการที่ทำให้รู้สึกน่าสังเวช, หมดท่า ก็ว่า."
หมดแรงข้าวต้ม 0,ก.,ไม่มีแรงที่จะทำงานต่อไป.
หมดลม 0,ก.,"ขาดใจ, ตาย, สิ้นใจ สิ้นลม หรือ หมดอายุ ก็ว่า."
หมดวาสนาบารมี 0,ก.,หมดอำนาจ.
หมดวาสนาบารมี 1,ก.,"สิ้นอำนาจวาสนา, หมดบุญ ก็ว่า."
หมดเวร 0,ก.,"สิ้นสุดในการที่ต้องรับทุกข์อีกต่อไป, สิ้นกรรม สิ้นกรรมสิ้นเวร สิ้นเวร หรือ สิ้นเวรสิ้นกรรม ก็ว่า"
หมดเวร 1,ก.,ตาย.
หมดเวรหมดกรรม 0,ก.,"สิ้นสุดในการที่ต้องรับทุกข์อีกต่อไป, สิ้นกรรม สิ้นกรรมสิ้นเวร สิ้นเวร หรือ สิ้นเวรสิ้นกรรม ก็ว่า"
หมดเวรหมดกรรม 1,ก.,ตาย.
หมดสติ 0,ก.,"สิ้นสติ, ไม่มีความรู้สึก, สลบ."
หมดไส้หมดพุง 0,ว.,หมดความรู้ เช่น ครูสอนศิษย์จนหมดพุง
หมดไส้หมดพุง 1,ว.,"อาการที่เปิดเผยโดยมิได้ปิดบังอำพราง เช่น สารภาพจนหมดไส้หมดพุง, สิ้นไส้สิ้นพุง ก็ว่า."
หมดหวัง 0,ก.,"ไม่มีความหวังเหลืออยู่เลย, สิ้นหวัง ก็ว่า."
ห่มดอง 0,น.,เรียกวิธีห่มผ้าของพระภิกษุสามเณรอย่างหนึ่งโดยห่มเฉวียงบ่าและมีผ้ารัดอก.
หมดอายุ 0,ก.,"ขาดใจ, ตาย, สิ้นใจ สิ้นลม หรือ หมดลม ก็ว่า."
หมดอาลัย 0,ก.,ไม่มีใจผูกพัน
หมดอาลัย 1,ก.,ไม่มีความหวังเช่น หมดอาลัยในชีวิต.
หมดอาลัยตายอยาก 0,ก.,ทอดอาลัยเพราะไม่มีความหวังใด ๆ เหลืออยู่.
หมดอาลัยไยดี 0,ก.,ไม่มีเยื่อใยหลงเหลืออยู่เลย.
หมดอำนาจ 0,ก.,"สิ้นอำนาจวาสนา, หมดบุญ ก็ว่า."
หม่น 0,ว.,มีลักษณะมัว ๆ หรือคล้ำ ๆ (ใช้แก่สี) เช่น สีฟ้าหม่น สีเขียวหม่น.
หม่นหมอง 0,ว.,"ไม่ผ่องใส, ไม่สบายใจ, ไม่เบิกบาน, เช่น หน้าตาหม่นหมอง จิตใจหม่นหมอง, หมองหม่น ก็ว่า."
หม่นไหม้ 0,ว.,มีทุกข์ร้อนตรมตรอมใจ.
หมวก 0,น.,เครื่องสวมศีรษะมีรูปต่าง ๆ เพื่อเป็นเครื่องประดับหรือกันแดดกันฝนเป็นต้น.
หมวกกลีบลำดวน 0,น.,หมวกแบบโบราณอย่างหนึ่ง มีรูปทรงคล้ายโอคว่ำ ทำด้วยผ้า ริมหมวกประดับด้วยผ้าตัดเย็บเป็นกลีบคล้ายกลีบดอกลำดวนโดยรอบ บนยอดหมวกติดลูกกลมคล้ายลูกแก้วหุ้มผ้า พื้นหมวกมีทั้งสีแดงและสีเขียว สำหรับพนักงานกรมกลองชนะสวมสำหรับงานราชพิธี.
หมวกกะโล่ 0,น.,หมวกกันแดดชนิดหนึ่ง ทรงคลุ่ม มีปีกแข็งโดยรอบ โครงทำด้วยไม้ฉำฉาหรือไม้ก๊อกเป็นต้นแล้วหุ้มผ้า หรือทำด้วยใบลาน.
หมวกกะหลาป๋า 0,น.,หมวกชนิดหนึ่งสานด้วยไม้ไผ่อย่างละเอียด รูปทรงสูง ผู้หญิงนิยมใช้ในเวลาแข่งเรือ มีดอกไม้จีนเสียบ เป็นของเก่าสมัยต้นรัชกาลที่ ๕ ขึ้นไป.
หมวกกันน็อก 0,น.,หมวกนิรภัย.
หมวกแก๊ป 0,น.,หมวกทหารตำรวจหรือข้าราชการพลเรือนเป็นต้นที่มีกะบังหน้า.
หมวกแจว 0,น.,ที่จับตรงปลายด้ามแจว.
หมวกทรงหม้อตาล 0,น.,หมวกที่มีรูปทรงคล้ายหม้อตาลอย่างหมวกที่พลทหารเรือและจ่าทหารเรือเป็นต้นสวม.
หมวกนิรภัย 0,น.,"หมวกสำหรับสวมป้องกันหรือลดอันตรายเมื่อศีรษะได้รับความกระทบกระเทือนเป็นต้น, (ปาก) หมวกกันน็อก."
หมวกหนีบ 0,น.,เครื่องสวมศีรษะแบบหนึ่ง ทำด้วยผ้าหรือสักหลาด รูปทรงคล้ายซองจดหมายอย่างยาว.
หมวกหู 0,น.,ขอบหูตอนบน.
หมวกหูกระต่าย 0,น.,เครื่องสวมศีรษะแบบหนึ่ง ทำด้วยผ้าหรือสักหลาดสีต่าง ๆ รูปทรงกระบอกสั้น ๆ มีแผ่นรูปสี่เหลี่ยมผืนผ้าติดขอบหมวกสำหรับปกใบหูทั้ง ๒ ข้าง.
หมวกเห็ด 0,น.,ส่วนบนของดอกเห็ดที่เจริญเติบโตขึ้นไปในอากาศ เมื่อเจริญเต็มที่จะกางออกคล้ายร่ม.
หมวกเหล็ก 0,น.,หมวกสำหรับทหารหรือตำรวจสวมเพื่อป้องกันอันตรายจากอาวุธเป็นต้น.
หมวด 0,น.,กลุ่มที่ประกอบด้วยหลายหมู่ เช่น หมวดหนังสือ วิทยาศาสตร์ ประกอบด้วยหมู่หนังสือเคมี หมู่หนังสือฟิสิกส์ เป็นต้น
หมวด 1,น.,"กำลังพลของทหาร ตำรวจ เป็นต้น มีจำนวนไม่เกิน ๔ หมู่ มีหัวหน้าเรียกว่า ผู้บังคับหมวด หรือทั่ว ๆ ไปเรียกว่า ผู้หมวด, ถ้าเป็นทหารบกหรือตำรวจจะต้องมียศเป็นร้อยตรี ร้อยโท หรือร้อยตำรวจตรี ร้อยตำรวจโท, ถ้าเป็นทหารเรือหรือทหารอากาศจะต้องมียศเป็นเรือตรี เรือโท"
หมวด 2,น.,เรียกสิ่งที่ขมวดไว้เป็นจุกเดียวกัน.
หมวย 0,น.,เด็กผู้หญิงชาวจีน.
ห่มสไบเฉียง 0,น.,เรียกวิธีห่มผ้าสไบให้เฉวียงบ่าข้างใดข้างหนึ่ง.
ห่มเสื้อครุย 0,ก.,สวมเสื้อครุยโดยสวมเฉพาะแขนซ้าย เอาแขนเสื้อข้างขวาซึ่งห้อยอยู่ข้างหลังสอดรักแร้ขวาขึ้นมาแล้วตวัดพาดบนไหล่ซ้าย.
หม่อ 0,น.,เรียกลูกควายตัวเล็ก ๆ ตามเสียงที่มันร้อง ว่า ลูกหม่อ.
หม้อ 0,น.,"ภาชนะประเภทหนึ่ง มีรูปทรงต่าง ๆ สำหรับใส่ของหรือใช้งานบางอย่าง, เรียกตามสิ่งที่ใช้ทำก็มี เช่น หม้อดิน หม้อทองเหลือง หม้ออะลูมิเนียม, เรียกตามสิ่งที่บรรจุก็มี เช่น หม้อข้าว หม้อน้ำมนตร์, เรียกตามวัตถุประสงค์ที่ใช้สอยก็มี เช่น หม้อตุ๋น หม้อนึ่ง."
หมอ 0,น.,"ผู้รู้, ผู้ชำนาญ, เช่น หมองู หมอนวด"
หมอ 1,น.,ผู้ตรวจรักษาโรค เช่น หมอฟัน หมอเด็ก.
หมอ 2,*ส.,"ใช้เป็นสรรพนามบุรุษที่ ๒ เรียกเด็กด้วยความเอ็นดูว่า หมอนั่น หมอนี่, ใช้เป็นสรรพนามบุรุษที่ ๓ เรียกผู้ใหญ่ด้วยความหมั่นไส้เป็นต้น, (ใช้แก่ผู้ชาย), เช่น อย่าไปฟังหมอนะ, บางทีก็ใช้ว่า อ้ายหมอนั่น อ้ายหมอนี่ หรือ เจ้าหมอนั่น เจ้าหมอนี่."
หมอ 3,น.,"ชื่อปลานํ้าจืดชนิด Anabas testudineus (Bloch) ในวงศ์ Anabantidae ลำตัวป้อม แนวสันหลังโค้งพอ ๆ กับแนวสันท้อง แบนข้าง ท้องกลม คอดหางกว้าง ตาอยู่ค่อนไปทางปลายหัว ปากกว้างเชิดขึ้นเล็กน้อย ฟันเล็กแต่แข็งแรง ขอบกระดูกแผ่นปิดเหงือกหยักเป็นหนามแข็ง ใช้แถกเพื่อช่วยยึดยันให้เคลื่อนไปบนบกได้ดี ขอบครีบต่าง ๆ กลม ลำตัวและครีบมีสีดำคลํ้า ส่วนปลาขนาดเล็กมีสีจางกว่าและมีลายบั้งพาดลำตัวเป็นระยะ ๆ อาศัยอยู่ในแหล่งนํ้าแทบทุกประเภท พบขึ้นมาบนบกในฤดูฝนเสมอ ซึ่งเป็นธรรมชาติการย้ายถิ่นที่อยู่อาศัยแบบหนึ่ง และยังแสดงให้เห็นความสามารถในการหายใจในที่ดอนได้อีกด้วย ขนาดยาวได้ถึง ๒๕ เซนติเมตร, หมอไทย หรือ สะเด็ด ก็เรียก, อีสานเรียก เข็ง."
หมอก 0,น.,ละอองน้ำขนาดเล็กมากที่มองเห็นได้ด้วยตาเปล่า เกิดจากการกลั่นตัวของไอนํ้า ลอยอยู่ในอากาศ.
หมอก 1,ว.,"สีเทาแก่อย่างสีเมฆ, เป็นฝ้ามัว เช่น ตาหมอก."
หม้อกระดี่ 0,น.,หม้อแกงขนาดใหญ่ปากกว้าง ทำด้วยดิน มีขีดเป็นรอยโดยรอบ.
หม้อเกลือ 0,น.,หม้อตาลใส่เกลือเม็ด ใช้สำหรับตั้งไฟให้ร้อน นำมาห่อหรือพันด้วยใบพลับพลึง ใช้นาบท้องและตามตัวหญิงแรกคลอดบุตร เพื่อคลายความเมื่อยตึงตัวเป็นต้น.
หม้อแกง 0,น.,ชื่อขนมหวานชนิดหนึ่ง ทำด้วยกะทิ ไข่ น้ำตาล ใส่ถาดผิงไฟ สุกแล้วมักโรยหอมเจียว เรียกว่า ขนมหม้อแกง.
หม้อแกงค่าง 0,น.,"ชื่อไม้เถาชนิด Nepenthes ampullaria Jack ในวงศ์ Nepenthaceae ชอบขึ้นในป่าพรุทางภาคใต้ ปลายใบเปลี่ยนเป็นรูปกระเปาะป้อมมีฝาปิด ใช้ดักแมลง, หม้อแกงค่าง ก็เรียก."
หม้อแกงลิง 0,น.,"ชื่อไม้เถาชนิด Nepenthes ampullaria Jack ในวงศ์ Nepenthaceae ชอบขึ้นในป่าพรุทางภาคใต้ ปลายใบเปลี่ยนเป็นรูปกระเปาะป้อมมีฝาปิด ใช้ดักแมลง, หม้อแกงค่าง ก็เรียก."
หมอขวัญ 0,น.,"ผู้รู้พิธีทำขวัญ, หมอทำขวัญ ก็เรียก"
หมอขวัญ 1,น.,"ผู้มีความรู้ทางคชศาสตร์และเป็นหัวหน้าในการจับช้าง, หมอเฒ่า ก็เรียก."
หม้อขาง 0,น.,กระทะที่ทำด้วยเหล็กขาง.
หม้อข้าวหม้อแกงลิง 0,น.,ชื่อไม้เถาชนิด Nepenthes gracilis Korth. ในวงศ์ Nepenthaceae ปลายใบเปลี่ยนเป็นรูปทรงกระบอกยาวมีฝาปิดใช้ดักแมลง.
หมอความ 0,น.,"ผู้ที่ได้รับอนุญาตให้ว่าต่างแก้ต่างคู่ความในเรื่องอรรถคดี, ทนาย หรือ ทนายความ ก็เรียก."
หม้อคะนน 0,น.,หม้อทะนน.
หมอแคน 0,น.,"ผู้มีความชำนาญในการเป่าแคน, อีสานเรียก ช่างแคน."
หมอโค้ว 0,น.,"ชื่อปลานํ้าจืดชนิด Pristolepis fasciata (Bleeker) ในวงศ์ Pristolepidae พบทั่วไป รูปร่างคล้ายปลาหมอ หรือ ปลาเสือ แต่แบนข้างและกว้างกว่า ข้างตัวมีลายคลํ้าหลายลายพาดขวาง ขนาดยาวได้ถึง ๒๐ เซนติเมตร, ช้างเหยียบ หมอโค้ว กระตรับ ตะกรับ หน้านวล ก๋า หรือ อีก๋า ก็เรียก."
หมอง 0,ว.,"ขุ่น, มัว, เช่น เครื่องแก้วหมอง เครื่องเงินหมอง, ไม่ผ่องใส, ไม่แจ่มใส, เช่น หน้าหมอง."
หม่อง 0,น.,คำนำหน้าชื่อผู้ชายพม่า (พม่า หม่อง ว่า น้อง)
หม่อง 1,น.,เรียกยาขี้ผึ้งชนิดหนึ่งใช้ทา นวด เป็นต้น ว่า ยาหม่อง.
หมองใจ 0,ก.,"ขุ่นใจ, มีใจไม่ผ่องใส"
หมองใจ 1,ก.,ขัดเคืองกัน.
หมองมัว 0,ว.,"ไม่แจ่มใส, ไม่เบิกบาน."
หมองหม่น 0,ว.,"ไม่ผ่องใส, ไม่สบายใจ, ไม่เบิกบาน, หม่นหมอง ก็ว่า."
หมองหมาง 0,ว.,ไม่ผ่องใสเพราะมีความขุ่นเคืองใจ.
หมองู 0,น.,ผู้มีความชำนาญในการจับงูเห่ามาเลี้ยงเพื่อนำไปแสดง.
หมองูตายเพราะงู 0,น.,"ผู้ที่ชำนาญในการเอางูเห่ามาเลี้ยงเป็นอาชีพก็อาจถูกงูเห่ากัดตายเพราะความประมาทได้, โดยปริยายหมายถึงผู้ที่มีความรู้อาจตายหรือพลาดท่าเสียทีเพราะความรู้ของตนก็ได้."
หมอช้างเหยียบ 0,น.,"ชื่อปลานํ้าจืดชนิด Pristolepis fasciata (Bleeker) ในวงศ์ Pristolepidae พบทั่วไป รูปร่างคล้ายปลาหมอ หรือ ปลาเสือ แต่แบนข้างและกว้างกว่า ข้างตัวมีลายคลํ้าหลายลายพาดขวาง ขนาดยาวได้ถึง ๒๐ เซนติเมตร, ช้างเหยียบ หมอโค้ว กระตรับ ตะกรับ หน้านวล ก๋า หรือ อีก๋า ก็เรียก."
หมอเฒ่า 0,น.,"ผู้มีความรู้ทางคชศาสตร์และเป็นหัวหน้าในการจับช้าง, หมอขวัญ ก็เรียก."
หมอดู 0,น.,ผู้ทำนายโชคชะตาราศี.
หมอตาล 0,น.,"ชื่อปลานํ้าจืดชนิด Helostoma temminckiiCuvier ในวงศ์ Helosotomatidae ลำตัวแบนข้างและกว้างมากกว่าปลาหมอ ปากยืดหดได้ และมีนิสัยเอาปากชนกับตัวอื่น จึงเรียกกันว่า ปลาจูบ พื้นลำตัว หัว และครีบสีนํ้าตาลอ่อนหรือขาวนวล พบในเขตที่ลุ่มน้ำนิ่ง ขนาดยาวได้ถึง ๓๐ เซนติเมตร, ใบตาล อีตาล อีโก๊ะ หรือ วี ก็เรียก."
หม้อตาล 0,น.,"ภาชนะดินเผามีรูปร่างคล้ายหม้อทรงเตี้ยสำหรับใส่นํ้าตาลโตนด, เรียกหมวกที่มีรูปทรงคล้ายหม้อตาลอย่างหมวกที่พลทหารเรือและจ่าทหารเรือเป็นต้นสวม ว่า หมวกทรงหม้อตาล."
หม้อตาล 1,น.,ชื่อขนมหวานชนิดหนึ่ง ทำด้วยแป้งสาลีเป็นรูปทรงหม้อตาลขนาดเล็กแล้วหยอดน้ำตาล มีสีต่าง ๆ.
หมอตำแย 0,น.,หญิงที่มีอาชีพทำคลอดตามแผนโบราณ.
หม้อทะนน 0,น.,"หม้อดินขนาดใหญ่ชนิดหนึ่ง ตัวหม้อกลมป้อม ปากแคบ มีขีดเป็นรอยโดยรอบ สำหรับใส่นํ้า นํ้าตาลโตนด เป็นต้น, (ปาก) หม้อคะนน."
หมอทำขวัญ 0,น.,"ผู้รู้พิธีทำขวัญ, หมอขวัญ ก็เรียก."
หมอเทศ 0,น.,ชื่อปลาน้ำจืดชนิด Oreochromis mossambicus (Peters) ในวงศ์ Cichlidae ลักษณะคล้ายปลานิล คือ ลำตัวป้อม แบนข้าง แนวสันหลังโค้งมากกว่าแนวสันท้อง ลำตัวและครีบมีสีเทาปนดำแต่จางลงจนเป็นสีน้ำตาลที่ด้านข้างและอมเหลืองที่ท้อง ตัวผู้มีสีเข้มกว่าและโตกว่าตัวเมียและมีพฤติกรรมในการทำรังเป็นหลุมคล้ายท้องกระทะที่พื้นท้องน้ำ ตัวเมียทำหน้าที่ฟักไข่ที่ผสมแล้วและดูแลตัวอ่อนโดยการอมไข่ไว้ในช่องปาก มีประวัติของถิ่นกำเนิดอยู่ในทะเลสาบทวีปแอฟริกา นำเข้ามาเลี้ยงเป็นอาหารจนแพร่หลาย อยู่ในน้ำกร่อยได้ ขนาดยาวได้ถึง ๓๖ เซนติเมตร.
หมอไทย 0,น.,"ชื่อปลานํ้าจืดชนิด Anabas testudineus (Bloch) ในวงศ์ Anabantidae ลำตัวป้อม แนวสันหลังโค้งพอ ๆ กับแนวสันท้อง แบนข้าง ท้องกลม คอดหางกว้าง ตาอยู่ค่อนไปทางปลายหัว ปากกว้างเชิดขึ้นเล็กน้อย ฟันเล็กแต่แข็งแรง ขอบกระดูกแผ่นปิดเหงือกหยักเป็นหนามแข็ง ใช้แถกเพื่อช่วยยึดยันให้เคลื่อนไปบนบกได้ดี ขอบครีบต่าง ๆ กลม ลำตัวและครีบมีสีดำคลํ้า ส่วนปลาขนาดเล็กมีสีจางกว่าและมีลายบั้งพาดลำตัวเป็นระยะ ๆ อาศัยอยู่ในแหล่งนํ้าแทบทุกประเภท พบขึ้นมาบนบกในฤดูฝนเสมอ ซึ่งเป็นธรรมชาติการย้ายถิ่นที่อยู่อาศัยแบบหนึ่ง และยังแสดงให้เห็นความสามารถในการหายใจในที่ดอนได้อีกด้วย ขนาดยาวได้ถึง ๒๕ เซนติเมตร, หมอไทย หรือ สะเด็ด ก็เรียก, อีสานเรียก เข็ง."
หมอน 0,น.,"เครื่องสำหรับหนุนศีรษะหรือหนุนสิ่งต่าง ๆ เป็นต้น, เรียกตามรูปทรงก็มี เช่น หมอนขวาน หมอนตะพาบ หมอนหน้าอิฐ, เรียกตามวัตถุประสงค์ที่ใช้สอยก็มี เช่น หมอนหนุนศีรษะ หมอนหนุนเท้า หมอนหนุนรางรถไฟ, เรียกตามวัตถุที่ใช้ทำก็มี เช่น หมอนไม้ หมอนอิฐ"
หมอน 1,น.,เครื่องสำหรับอัดดินปืนในลำกล้องให้แน่น.
หม่อน 0,น.,ชื่อไม้ต้นชนิด Morus alba L. ในวงศ์ Moraceae ใช้ใบสำหรับเลี้ยงตัวไหม ผลสุกกินได้.
หมอนขวาน 0,น.,หมอนที่ทำหน้าตัดเป็นรูปสามเหลี่ยมคล้ายขวาน ใช้อิง.
หมอนข้าง 0,น.,หมอนที่มีลักษณะกลมยาวเกินกึ่งกาย นิยมวางข้าง ๆ ยาวไปตามที่นอน.
หมอนตะพาบ 0,น.,ชื่อหนูชนิด Cavia porcellus (Linn.) ในวงศ์ Caviidae ลำตัวอ้วนป้อม ขนปุย หางสั้น มีหลายสี เช่น ขาว นํ้าตาล ดำ มีถิ่นกำเนิดในประเทศเปรู มักใช้ในการทดลองทางการแพทย์.
หมอนทอง 0,น.,ชื่อมะม่วงพันธุ์หนึ่งของชนิด Mangifera indica L.
หมอนทอง 1,น.,ชื่อทุเรียนพันธุ์หนึ่ง.
หมอนวด 0,น.,ผู้มีความชำนาญในการนวดเพื่อให้คลายจากความเจ็บปวดหรือเมื่อยขบ.
หมอน้อย 0,น.,อุปกรณ์ที่ใช้ในการนวดเช่นนมไม้
หมอน้อย 1,น.,เรียกตัวปลิงที่ใช้กอกเลือด ว่า หมอน้อย.
หมอน้อย 2,น.,ดูใน หมอ ๑.
หมอน้อย 3,น.,"ชื่อพรรณไม้หลายชนิด หลายสกุล หลายวงศ์ เช่น Murraya koenigii (L.) Spreng. ในวงศ์ Rutaceae ไม้พุ่ม ใบมีขนนุ่ม, หอมแขก ก็เรียก, ชนิด Vernonia cinerea (L.) Less ในวงศ์ Compositae ไม้ล้มลุก, หญ้าดอกขาว ก็เรียก, ชนิด Plantago major L. ในวงศ์ Plantaginaceae ไม้ล้มลุก, หญ้าเอ็นยืด ก็เรียก, ทั้งสามชนิดใช้ทำยาได้."
หม้อน้ำ 0,น.,หม้อโลหะขนาดใหญ่ ใช้ต้มนํ้าทำให้เกิดไอนํ้าเดือดที่มีแรงดันสูงเพื่อหมุนเครื่องจักรเป็นต้น
หม้อน้ำ 1,น.,อุปกรณ์ของเครื่องยนต์บางชนิด สำหรับบรรจุนํ้าเพื่อระบายความร้อนของเครื่องยนต์.
หมอน้ำมัน 0,น.,ผู้ชำนาญในการขี่ช้างตกมัน.
หมอบ 0,ก.,"กิริยาที่คู้เข่าลงและยอบตัวให้ท่อนแขนส่วนล่างราบอยู่กับพื้น, ยอบตัวลงในอาการคล้ายคลึงเช่นนั้น"
หมอบ 1,ก.,"สิ้นเรี่ยวสิ้นแรง, ลุกไม่ขึ้น, เช่น ถูกตีเสียหมอบ เป็นไข้เสียหมอบ."
หมอบกระแต 0,ก.,หมอบนิ่งไม่มีทางสู้.
หมอบกราบ 0,ก.,หมอบแล้วน้อมศีรษะลงจดมือที่ประนมอยู่กับพื้น.
หมอบราบคาบแก้ว 0,ก.,"ยอมตามโดยไม่ขัดขืน, ยอมแพ้โดยดี."
หม้อแปลง 0,น.,อุปกรณ์ไฟฟ้าสำหรับแปลงแรงเคลื่อนไฟฟ้าให้สูงขึ้นหรือตํ่าลง ชนิดแรกเรียกว่า หม้อแปลงขึ้น ชนิดหลังเรียกว่า หม้อแปลงลง.
หม้อแปลงไฟ 0,น.,อุปกรณ์ไฟฟ้าสำหรับแปลงแรงเคลื่อนไฟฟ้าให้สูงขึ้นหรือตํ่าลง ชนิดแรกเรียกว่า หม้อแปลงขึ้น ชนิดหลังเรียกว่า หม้อแปลงลง.
หมอผี 0,น.,ผู้ที่เชื่อกันว่ามีอำนาจเลี้ยง ควบคุม ใช้งานและปราบผีเป็นต้นได้.
หมอพัดโตนด 0,น.,หมอรักษาโรคช้างในทางยา.
หม้อไฟ 0,น.,"ภาชนะชนิดหนึ่ง ทำด้วยโลหะ รูปทรงคล้ายชาม ก้นหม้อมีเชิง ตรงกลางมีกระบอกสูงขึ้นมาจากใต้ก้นหม้อสำหรับใส่ถ่านติดไฟ ปากหม้อมีฝาปิด ใช้สำหรับใส่เกาเหลา แกงจืด เป็นต้น, หม้อหยวนโล้ ก็เรียก."
หม่อม 0,น.,คำนำหน้านามสตรีสามัญที่เป็นภรรยาของกรมพระราชวังบวรสถานมงคล เจ้าฟ้า พระองค์เจ้า หรือหม่อมเจ้า
หม่อม 1,น.,"ภรรยาที่เป็นสามัญชนของกรมพระราชวังบวรสถานมงคล เจ้าฟ้า พระองค์เจ้า หรือหม่อมเจ้า, หม่อมห้าม ก็เรียก"
หม่อม 2,น.,"เจ้าฟ้า พระองค์เจ้า หรือหม่อมเจ้า ที่ต้องโทษถูกถอดจากฐานันดรศักดิ์, คำนำหน้านามสตรีสามัญที่ไม่มีบรรดาศักดิ์ซึ่งเป็นภรรยาของบุคคลในตระกูลบุนนาคที่ได้รับยกย่องเป็นพิเศษ เช่น หม่อมปาน หม่อมรอด, คำนำหน้านามบุคคลที่เป็นบุตรขุนนางผู้ใหญ่ เช่น หม่อมบุนนาค สมัยกรุงธนบุรี."
หม่อมเจ้า 0,น.,"สกุลยศของพระโอรสหรือพระธิดาในสมเด็จเจ้าฟ้า ซึ่งประสูติแต่มารดาที่เป็นหม่อมเจ้าหรือสามัญชน, สกุลยศของพระโอรสหรือธิดาในพระองค์เจ้า."
หม่อมฉัน 0,ส.,"คำใช้แทนตัวผู้พูดสำหรับเจ้านายที่มีศักดิ์เสมอกันหรือสำหรับผู้หญิงใช้พูดกับเจ้านาย, คำที่พระมหากษัตริย์ใช้แทนพระองค์เมื่อมีพระราชดำรัสกับพระบรมวงศานุวงศ์และพระราชวงศ์ต่างประเทศ, โบราณใช้ว่า กระหม่อมฉัน."
หม่อมราชนิกุล 0,น.,"อิสริยยศที่พระราชทานแก่หม่อมราชวงศ์ชายที่รับราชการมีความชอบ อยู่ระหว่างหม่อมเจ้ากับหม่อมราชวงศ์ เช่น หม่อมราโชทัย (หม่อมราชวงศ์กระต่าย อิศรางกูร) หม่อมทวีวงศ์ถวัลยศักดิ์ (หม่อมราชวงศ์เฉลิมลาภ ทวีวงศ์) ถ้าเทียบกับบรรดาศักดิ์ฝ่ายขุนนาง อยู่ระหว่างพระยากับพระ ในสมัยกรุงศรีอยุธยาใช้ว่า เจ้าราชนิกุล ซึ่งรวมทั้งหม่อมเจ้า หม่อมราชวงศ์ ที่สืบสายราชสกุลห่างไกลมาหลายชั้น ตลอดจนพระองค์เจ้าหรือหม่อมเจ้าที่ห่างออกไป เจ้าราชนิกุลนี้ครั้งต้นพระบรมราชจักรีวงศ์ มีคำเรียกว่าคุณว่าหม่อม ต่อมารัชกาลที่ ๔ โปรดให้เปลี่ยนใช้คำว่า หม่อม แทนคำว่า เจ้า, หม่อมราชินิกูล ก็เรียก."
หม่อมราชนิกูล 0,น.,"อิสริยยศที่พระราชทานแก่หม่อมราชวงศ์ชายที่รับราชการมีความชอบ อยู่ระหว่างหม่อมเจ้ากับหม่อมราชวงศ์ เช่น หม่อมราโชทัย (หม่อมราชวงศ์กระต่าย อิศรางกูร) หม่อมทวีวงศ์ถวัลยศักดิ์ (หม่อมราชวงศ์เฉลิมลาภ ทวีวงศ์) ถ้าเทียบกับบรรดาศักดิ์ฝ่ายขุนนาง อยู่ระหว่างพระยากับพระ ในสมัยกรุงศรีอยุธยาใช้ว่า เจ้าราชนิกุล ซึ่งรวมทั้งหม่อมเจ้า หม่อมราชวงศ์ ที่สืบสายราชสกุลห่างไกลมาหลายชั้น ตลอดจนพระองค์เจ้าหรือหม่อมเจ้าที่ห่างออกไป เจ้าราชนิกุลนี้ครั้งต้นพระบรมราชจักรีวงศ์ มีคำเรียกว่าคุณว่าหม่อม ต่อมารัชกาลที่ ๔ โปรดให้เปลี่ยนใช้คำว่า หม่อม แทนคำว่า เจ้า, หม่อมราชินิกูล ก็เรียก."
หม่อมราชวงศ์ 0,น.,สกุลยศของบุตรหรือธิดาของหม่อมเจ้า.
หม่อมราชินิกูล 0,น.,"อิสริยยศที่พระราชทานแก่หม่อมราชวงศ์ชายที่รับราชการมีความชอบ อยู่ระหว่างหม่อมเจ้ากับหม่อมราชวงศ์ เช่น หม่อมราโชทัย (หม่อมราชวงศ์กระต่าย อิศรางกูร) หม่อมทวีวงศ์ถวัลยศักดิ์ (หม่อมราชวงศ์เฉลิมลาภ ทวีวงศ์) ถ้าเทียบกับบรรดาศักดิ์ฝ่ายขุนนาง อยู่ระหว่างพระยากับพระ ในสมัยกรุงศรีอยุธยาใช้ว่า เจ้าราชนิกุล ซึ่งรวมทั้งหม่อมเจ้า หม่อมราชวงศ์ ที่สืบสายราชสกุลห่างไกลมาหลายชั้น ตลอดจนพระองค์เจ้าหรือหม่อมเจ้าที่ห่างออกไป เจ้าราชนิกุลนี้ครั้งต้นพระบรมราชจักรีวงศ์ มีคำเรียกว่าคุณว่าหม่อม ต่อมารัชกาลที่ ๔ โปรดให้เปลี่ยนใช้คำว่า หม่อม แทนคำว่า เจ้า, หม่อมราชินิกูล ก็เรียก."
หม่อมหลวง 0,น.,สกุลยศของบุตรหรือธิดาของหม่อมราชวงศ์.
หม่อมห้าม 0,น.,"สตรีผู้ที่เนื่องในพระราชวงศ์หรือสตรีสามัญที่เป็นภรรยาของเจ้านาย, เดิมเรียกว่า ห้าม ต่อมาเรียกว่า นางห้าม หม่อมห้าม และ หม่อม ตามลำดับ."
หมอย 0,น.,ขนที่ของลับ
หมอย 1,น.,เรียกสิ่งที่มีลักษณะเป็นเส้นเป็นฝอยที่ปลายฝักข้าวโพด ว่า หมอยข้าวโพด.
หมอย 2,น.,เรียกหนวด ว่า หมอยปาก เครา ว่า หมอยคาง ขนรักแร้ ว่า หมอยแร้.
หมอยา 0,น.,ผู้มีความรู้ในการใช้ยารักษาโรค.
หมอลำ 0,น.,ผู้ชำนาญในการขับร้องแบบอีสาน.
หมอเสน่ห์ 0,น.,ผู้ที่เชื่อกันว่ารู้วิชาอาคมทำให้คนรักกันหรือชังกัน.
หม้อหนู 0,น.,หม้อดินขนาดเล็กสำหรับต้มน้ำกระสายยาเป็นต้น.
หม้อหยวนโล้ 0,น.,"ภาชนะชนิดหนึ่ง ทำด้วยโลหะ รูปทรงคล้ายชาม ก้นหม้อมีเชิง ตรงกลางมีกระบอกสูงขึ้นมาจากใต้ก้นหม้อสำหรับใส่ถ่านติดไฟ ปากหม้อมีฝาปิด ใช้สำหรับใส่เกาเหลา แกงจืด เป็นต้น, หม้อหยวนโล้ ก็เรียก."
หม้อห้อม 0,น.,"เรียกเสื้อคอกลม แขนสั้นผ่าอกตลอด มักย้อมสีนํ้าเงินเข้มหรือดำ ว่า เสื้อหม้อห้อม, เขียนเป็น ม่อห้อม หรือ ม่อฮ่อม ก็มี."
หม้อใหม่ 0,น.,เรียกสีของหม้อดินเผาที่ยังไม่ได้นำมาใช้ ว่า สีหม้อใหม่.
หม้ออวย 0,น.,หม้อดินหรือหม้อเคลือบที่มีด้ามหรือหูสำหรับจับหรือหิ้ว.
หมัก 0,ก.,"แช่ไว้, เก็บทิ้งไว้"
หมัก 1,ก.,ปล่อยให้พักฟื้นเพื่อให้หายบอบชํ้า (ใช้แก่ปลากัด) เช่น เอาปลากัดไปหมักไว้.
หมักหมม 0,ก.,ทิ้งไว้ให้คั่งค้างอยู่มาก ๆ เช่น เขาชอบหมักหมมงานไว้เสมอ.
หมักหมม 1,ว.,ที่ทิ้งไว้ให้คั่งค้างอยู่มาก ๆ เช่น เสื้อผ้าใช้แล้วก็ทิ้งหมักหมมไว้ ไม่รู้จักเก็บไปซักเสียที.
หมัด 0,น.,ชื่อแมลงอันดับ Siphonaptera ตัวยาวประมาณ ๕ มิลลิเมตร ไม่มีปีก ลำตัวแบนข้าง มีขนเรียงเป็นแถวข้างลำตัวบริเวณปล้องแต่ละปล้อง หัวและอกเล็กกว่าท้อง ขายาว กระโดดได้ดี ปากเป็นชนิดเจาะดูด กินเลือดคนและสัตว์ เช่น หมัดคน (Pulex irritans Linn.) หมัดหมา [Ctenocephalides canis (Curtis)] หมัดหนู [Xenopsylla cheopsis (Rothschild)] ในวงศ์ Pulicidae.
หมัด 1,น.,"กำปั้น, มือที่กำแน่นสำหรับชกหรือทุบเป็นต้น."
หมั่น 0,ก.,"ขยัน, ทำหรือประพฤติบ่อย ๆ อย่างเป็นปรกติสมํ่าเสมอ, เช่น หมั่นทำการบ้าน หมั่นมาหา."
หมั้น 0,ก.,มอบสิ่งของให้ฝ่ายหญิงเพื่อแสดงความมั่นหมายว่าจะแต่งงานด้วย
หมั้น 1,ก.,"เรียกของที่มอบให้นั้น ว่า ของหมั้น, ถ้าเป็นทอง เรียกว่า ทองหมั้น, ถ้าเป็นแหวน เรียกว่า แหวนหมั้น, ผู้ที่หมั้นกันแล้ว เรียกว่า คู่หมั้น"
หมั้น 2,ก.,สัญญาว่าจะสมรสกับหญิง โดยส่งมอบหรือโอนทรัพย์สินอันเป็นของหมั้นให้แก่หญิงเพื่อเป็นหลักฐาน เมื่อหมั้นแล้วของหมั้นตกเป็นสิทธิแก่หญิง.
หมัน 0,น.,ด้ายดิบเป็นต้นที่ใช้คลุกกับชัน นํ้ามันยาง สำหรับยัดแนวเรือ.
หมัน 1,น.,ชื่อไม้ต้นชนิด Cordia cochinchinensis Gagnep. ในวงศ์ Boraginaceae เปลือกใช้ทำปอได้.
หมัน 2,ว.,ไม่สามารถมีบุตรได้
หมัน 3,ว.,ไม่ก่อให้เกิดประโยชน์ เช่น งานนี้ทำไปก็เป็นหมัน.
หมั่นไส้ 0,ก.,"ชังนํ้าหน้า, รู้สึกขวางหูขวางตา"
หมั่นไส้ 1,ก.,"ชวนให้รู้สึกเอ็นดู, (มักใช้แก่เด็ก), เช่น เด็กคนนี้อ้วนแก้มยุ้ย น่าหมั่นไส้, มันไส้ ก็ว่า."
หมับ 0,ว.,"คำสำหรับประกอบกิริยาที่เอาอะไร ๆ ไปอย่างฉับไวไม่รีรอ เช่น คว้าหมับ ฉวยหมับ หยิบหมับ, มับ ก็ว่า."
หมับ ๆ 0,ว.,"อาการของปากที่หุบเข้าแล้วอ้าออกอย่างเร็ว, มับ ๆ ก็ว่า."
หม่า 0,ก.,กิน เช่น ในห้องมีของกินมาก เข้าไปหม่าเสียซิ
หม่า 1,ก.,ปล่อยไว้ไม่เป็นระเบียบ เช่น เสื้อผ้าข้าวของไม่เก็บ หม่าไว้เต็มห้อง
หม่า 2,ก.,"หมัก, แช่ให้อ่อนตัว, เช่น หม่าข้าว หม่าแป้ง หม่าปูน."
หม้า 0,ว.,"งาม, งามมาก."
หม้า 1,ก.,เล่นรื่นเริง.
หมา 0,น.,ชื่อสัตว์เลี้ยงลูกด้วยนมหลายชนิดหลายสกุล ในวงศ์ Canidae มีรูปร่างและสีสันแตกต่างกัน ลำตัวมีขนปกคลุม หัวอาจยาวและแหลม หรือกลมและสั้น มีเขี้ยว ๒ คู่ ตีนหน้ามี ๕ นิ้ว ตีนหลังมี ๔ นิ้ว ซ่อนเล็บไม่ได้ อวัยวะเพศของตัวผู้มีกระดูกอยู่ภายใน ๑ ชิ้น หางค่อนข้างยาว ที่ยังคงเป็นสัตว์ป่า เช่น หมาใน [Cuon alpinus (Pallas)] ที่เลี้ยงเป็นสัตว์บ้าน คือ ชนิด Canis familiaris (Linn.) บางพันธุ์สามารถนำมาฝึกหัดให้ช่วยงานของมนุษย์ได้ เช่นสุนัขสงครามหรือสุนัขตำรวจ.
หมา 1,น.,"ภาชนะสำหรับตักน้ำขึ้นจากบ่อ ทำด้วยกาบปูเลเป็นต้น, ตีหมา ก็เรียก."
หมาก 0,น.,"ชื่อเรียกปาล์มหลายชนิดหลายสกุลในวงศ์ Palmae โดยเฉพาะชนิด Areca catechuL. ผลมีรสฝาด ใช้เคี้ยวกินกับปูน พลู ซึ่งรวมเรียกว่า กินหมาก และใช้ฟอกหนัง, ผลที่ยังไม่แก่เรียก หมากดิบ, ผลที่แก่จัดเรียก หมากสง, เนื้อหมากที่ฝานบาง ๆ ตากแห้ง ลักษณะคล้ายอีแปะ เรียก หมากอีแปะ, ผลแก่จัดที่เก็บไว้ทั้งเปลือกเพื่อไว้กินนาน ๆ เรียก หมากยับ."
หมาก 1,น.,ผลไม้ เช่น หมากขาม แต่เสียงมักกร่อนเป็น มะ เช่น มะขาม.
หมาก 2,น.,เรียกสิ่งของที่เป็นหน่วยเป็นลูก ว่า หมาก เช่น หมากเก็บ หมากรุก
หมาก 3,น.,ลักษณนามเรียกของที่เป็นเม็ดเป็นลูก ว่า หมาก เช่น แสงสิบหมาก ว่า พลอยสิบเม็ด.
หมากกรอก 0,น.,"ผลหมากสงทั้งเปลือกที่ตากแดดให้แห้งสนิทจนเมื่อเขย่าเนื้อหมากที่อยู่ข้างในจะกลิ้งไปมาได้ จึงผ่าเอาเนื้อข้างในออกมาเก็บไว้กิน, หมากเม็ด ก็เรียก."
หมากกระเตอะ 0,น.,ผลหมากที่มีหน้าจวนแก่.
หมากกั๊ก 0,น.,ผลหมากสงทั้งเปลือกที่ผ่าตามยาวออกเป็น ๔ ซีก แล้วนำไปตากแดดให้แห้งจนเปลือกล่อนหลุดออก เพื่อเก็บเนื้อไว้กินได้นาน ๆ.
หมากเก็บ 0,น.,การเล่นของเด็กใช้เม็ดกรวดหรือลูกไม้โยนแล้วเก็บ มีวิธีการเล่นและกติกาต่าง ๆ.
หมากข่วง 0,น.,"ชื่อไม้ต้นขนาดกลางถึงขนาดใหญ่ชนิด Zanthoxylum limonella (Dennst.) Alston ในวงศ์ Rutaceae ต้นและกิ่งก้านเป็นหนาม ใบเป็นใบประกอบ มีใบย่อย ๕-๘ คู่ ผลเล็ก มีกลิ่นฉุนจัด ใช้ผลแห้งเป็นเครื่องเทศหรือตำผสมเป็นเครื่องแกง, กำจัด พริกหอม มะข่วง ลูกระมาศ หมากข่วง หรือ หมากมาศ ก็เรียก."
หมากเขียว 0,น.,ชื่อปาล์มชนิด Ptychosperma macarthurii (H. Wendl. ex H. J. Veitch) H. Wendl. ex Hook. f. ในวงศ์ Palmae ก้านและใบเขียว.
หมากแข้ง 0,น.,"ต้นมะเขือพวง, ต้นมะแว้ง. (ดู มะเขือพวง ที่ มะเขือ และ มะแว้ง)."
หมากไข่หำ 0,น.,"ลูกอัณฑะ, หำ หรือ ไข่หำ ก็เรียก."
หมากคัน 0,น.,"ชื่อปาล์ม ๒ ชนิดในสกุล Caryota วงศ์ Palmae คือ ชนิด C. mitisLour. ขึ้นเป็นกอ, เต่าร้างแดง ก็เรียก และชนิด C. bacsonensis Magalon ต้นคล้ายหมาก ผลเป็นทะลาย, เต่ารั้ง หรือ หมากคัน ก็เรียก"
หมากจุก 0,น.,เนื้อหมากดิบสดที่นำมาเจียนอย่างหมากเจียน แล้วจึงซอยตามยาวออกเป็นชิ้นบาง ๆ ตากแดดให้แห้ง.
หมากเจียน 0,น.,ผลหมากดิบสดที่ผ่าตามยาวออกเป็นซีก ๆ นำมาเจียน ใช้กินกับพลูที่บ้ายปูน หรือตากให้แห้งเพื่อเก็บไว้กินได้นาน ๆ.
หมากซอย 0,น.,เนื้อหมากดิบสดที่ผ่าออกเป็น ๔ ซีก รูปคล้ายกลีบส้ม นำมาซอยขวางเป็นชิ้นรูปสามเหลี่ยมบาง ๆ ตากแดดให้แห้ง.
หมากดิบ 0,น.,หมากที่ยังไม่แก่.
หมากแดง 0,น.,ชื่อปาล์มชนิด Cyrtostachys renda Blume ในวงศ์ Palmae กาบและก้านแดง.
หมากทัน 0,น.,ต้นพุทรา. (ดู พุทรา).
หมากป่น 0,น.,เศษเนื้อหมากที่เหลือจากการทำหมากซอย หมากหน้าแว่น เป็นชิ้นเล็กชิ้นน้อยรวมกันเข้า ตากแดดให้แห้ง.
หมากแปะ 0,น.,"เนื้อหมากดิบสดทั้งลูกที่นำมาหั่นให้เป็นแผ่นกลมบาง ๆ ตากแดดจนแห้งแข็ง, หมากอีแปะ หรือ หมากหน้าแว่น ก็เรียก."
หมากผาง 0,น.,"ชื่อปลาทะเลและนํ้ากร่อยชนิด Hilsa kelee (Cuvier) ในวงศ์ Clupeidae ลำตัวป้อม แบนข้าง ปากเชิดขึ้น ไม่มีฟัน ท้องเป็นสันแหลม เกล็ดในแนวสันท้องเป็นเหลี่ยมคม เรียงต่อกันคล้ายฟันเลื่อย ซี่เหงือกมีจำนวนมากเรียงชิดกันและงอโค้งออกเสมอกันโดยตลอด ลำตัวสีเงิน หลังสีนํ้าเงินคลํ้า แนวกลางและข้างตัวมีจุดสีดำ ๓-๘ จุดเรียงกัน ๑ แถว จุดแรกที่ใกล้มุมแผ่นปิดเหงือกเด่นชัดที่สุด ขนาดยาวได้ถึง ๒๕ เซนติเมตร, ขมงโกรย ลินโกรย หรือ หมากผาง ก็เรียก."
หมากผู้หมากเมีย 0,น.,"ชื่อไม้พุ่มชนิด Cordyline fruticosa (L.) A. Chev. ในวงศ์ Agavaceae ใช้ทำยาได้, มะผู้มะเมีย ก็เรียก, พันธุ์ใบแคบเรียก หมากผู้, พันธุ์ใบกว้างเรียก หมากเมีย."
หมากฝรั่ง 0,น.,ของเคี้ยวเล่นอย่างหนึ่ง ทำจากสารคล้ายยางไม้ มักหุ้มด้วยสารหวาน แล้วปรุงให้มีกลิ่นและรสต่าง ๆ เมื่อเคี้ยวจะยืดหยุ่นคล้ายยาง.
หมากม่วน 0,น.,ต้นท้อ. (ดู ท้อ ๒).
หมากมาศ 0,น.,"ชื่อไม้ต้นขนาดกลางถึงขนาดใหญ่ชนิด Zanthoxylum limonella (Dennst.) Alston ในวงศ์ Rutaceae ต้นและกิ่งก้านเป็นหนาม ใบเป็นใบประกอบ มีใบย่อย ๕-๘ คู่ ผลเล็ก มีกลิ่นฉุนจัด ใช้ผลแห้งเป็นเครื่องเทศหรือตำผสมเป็นเครื่องแกง, กำจัด พริกหอม มะข่วง ลูกระมาศ หมากข่วง หรือ หมากมาศ ก็เรียก."
หมากเม็ด 0,น.,"ผลหมากสงทั้งเปลือกที่ตากแดดให้แห้งสนิทจนเมื่อเขย่าเนื้อหมากที่อยู่ข้างในจะกลิ้งไปมาได้ จึงผ่าเอาเนื้อข้างในออกมาเก็บไว้กิน, หมากกรอก ก็เรียก."
หมากเม่า 0,น.,ชื่อไม้ต้นชนิด Antidesma velutinosum Blume ในวงศ์ Euphorbiaceae.
หมากเม่าควาย 0,น.,ชื่อไม้ต้นชนิด Antidesma velutinosum Blume ในวงศ์ Euphorbiaceae.
หมากยับ 0,น.,หมากที่เก็บไว้ทั้งเปลือกเพื่อไว้กินได้นาน ๆ.
หมากแยก 0,น.,การเล่นชนิดหนึ่ง ใช้ตัวหมากเดินบนกระดานสี่เหลี่ยมจัตุรัสแบ่งเป็น ๖๔ ตาเท่า ๆ กันอย่างกระดานหมากรุก.
หมากรุก 0,น.,การเล่นชนิดหนึ่ง ใช้ตัวหมากซึ่งมีรูปและชื่อต่างกันได้แก่ ขุน เรือ ม้า โคน เม็ด และเบี้ย เดินบนกระดานสี่เหลี่ยมจัตุรัสแบ่งเป็น ๖๔ ตาเท่า ๆ กันเรียกว่า กระดานหมากรุก.
หมากลางถนน 0,น.,"หมาที่ไม่มีเจ้าของ, โดยปริยายใช้เป็นสำนวนเปรียบเทียบคนที่ไม่มีสังกัด ไม่มีญาติพี่น้อง ยากจนอนาถา ไม่มีใครเหลียวแล เช่น เขาตายอย่างหมากลางถนน."
หมากลิง 0,น.,"ชื่อปาล์มชนิด Areca triandra Roxb. ex Buch-Ham. ในวงศ์ Palmae, หมากหอม ก็เรียก."
หมากสง 0,น.,หมากที่แก่จัด.
หมากสมัด 0,น.,ผลหมาก พลูจีบ และยาเส้น จัดเป็นชุดสำหรับขาย.
หมากสุก 0,น.,ผลหมากแก่จัด เปลือกสีส้มอมแดง เมื่อผ่าจะเห็นเนื้อในแข็งมาก.
หมากสุก 1,ว.,เรียกสีส้มอมแดงอย่างสีเปลือกหมากสุก ว่า สีหมากสุก.
หมากหน้ากระเตอะ 0,น.,ผลหมากที่มีหน้าจวนแก่.
หมากหน้าแก่ 0,น.,ผลหมากอย่างดี เมื่อผ่าสดจะเห็นว่ามีเนื้อมาก สีออกส้มหรือน้ำตาลแดง มีวุ้นน้อย หน้าหมากมียางเยิ้มเป็นมัน มีลายเส้นในเนื้อมาก รสฝาด.
หมากหน้าฝาด 0,น.,ผลหมากอย่างดี เมื่อผ่าสดจะเห็นว่ามีเนื้อมาก สีออกส้มหรือน้ำตาลแดง มีวุ้นน้อย หน้าหมากมียางเยิ้มเป็นมัน มีลายเส้นในเนื้อมาก รสฝาด.
หมากหนาม 0,น.,"ชื่อไม้เถาเนื้อแข็งชนิด Zizyphus oenoplia (L.) Mill. ในวงศ์ Rhamnaceae ต้นมีหนามโค้ง ผลเล็ก กินได้, หมากหนาม ก็เรียก."
หมากหน้าแว่น 0,น.,"เนื้อหมากดิบสดทั้งลูกที่นำมาหั่นให้เป็นแผ่นกลมบาง ๆ ตากแดดจนแห้งแข็ง, หมากแปะ หรือ หมากอีแปะ ก็เรียก."
หมากหน้าหวาน 0,น.,ผลหมากอ่อน เมื่อผ่าสดจะเห็นว่าเนื้อมีสีเหลืองซีดหรือเกือบขาว มีวุ้นสีขุ่น ๆ อยู่ตรงกลางมาก มีลายเส้นในเนื้อน้อย รสไม่ฝาด.
หมากหน้าอ่อน 0,น.,ผลหมากอ่อน เมื่อผ่าสดจะเห็นว่าเนื้อมีสีเหลืองซีดหรือเกือบขาว มีวุ้นสีขุ่น ๆ อยู่ตรงกลางมาก มีลายเส้นในเนื้อน้อย รสไม่ฝาด.
หมากหลุม 0,น.,ผลหมากที่เกิดจากการนำหมากสุกทั้งเปลือกบรรจุลงในหลุมที่ลึกประมาณ ๑ ศอก ราดน้ำพอชุ่มแล้วปิดคลุมปากหลุมให้มิดชิด ทิ้งไว้จนเปลือกเน่า เพื่อเก็บไว้กินแรมปี.
หมากหอม 0,น.,หมากแห้งที่ป่นเป็นผง ผสมกับเครื่องเทศบางอย่างที่มีกลิ่นหอม ใช้กินควบกับหมากและพลูที่บ้ายปูน หรืออมดับกลิ่นปาก.
หมากหอม 1,น.,"ชื่อปาล์มชนิด Areca triandra Roxb. ex Buch-Ham. ในวงศ์ Palmae, หมากหอม ก็เรียก."
หมากหอมควาย 0,น.,ชื่อต้นไม้ชนิดหนึ่งใช้ทำยา.
หมากหิ่ง 0,น.,ลูกกระพรวน.
หมากเหลือง 0,น.,ชื่อปาล์มชนิด Dypsis lutescens (H. Wendl.) Beentje et J. Dransf. ในวงศ์ Palmae กาบเหลือง ปลูกเป็นไม้ประดับ.
หมากแห้ง 0,น.,หมากที่ตากแห้งเพื่อเก็บไว้กินนาน ๆ.
หมากไห 0,น.,ผลหมากที่เกิดจากการนำหมากสุกมาลอกผิวนอกออก บรรจุลงในไหให้เต็ม เติมน้ำสะอาดพอท่วม ปิดฝาให้แน่น ทิ้งไว้จนเปลือกเน่า เพื่อเก็บไว้กินแรมปี.
หมากอีแปะ 0,น.,"เนื้อหมากดิบสดทั้งลูกที่นำมาหั่นให้เป็นแผ่นกลมบาง ๆ ตากแดดจนแห้งแข็ง, หมากแปะ หรือ หมากหน้าแว่น ก็เรียก."
หมากฮอส 0,น.,การเล่นชนิดหนึ่ง ใช้ตัวหมากเดินบนกระดานสี่เหลี่ยมจัตุรัสแบ่งเป็น ๖๔ ตาเท่า ๆ กันเหมือนกระดานหมากรุก แต่ระบายสี ๒ สีสลับกันทุกตา เดินหมากตามตาทแยง.
หมากัดไม่เห่า 0,น.,คนที่ต่อสู้หรือตอบโต้โดยไม่เตือนล่วงหน้า.
หมากัดอย่ากัดตอบ 0,ก.,อย่าลดตัวลงไปต่อสู้หรือต่อปากต่อคำกับคนพาลหรือคนที่มีศักดิ์ต่ำกว่า.
หมาขี้ไม่มีใครยกหาง 0,น.,"คนที่ชอบยกตัวเอง, คนโอ้อวด."
หมาขี้เรื้อน 0,น.,คนที่น่ารังเกียจ ไม่ควรคบหาสมาคมด้วย (ใช้กล่าวถึงผู้อื่นด้วยความดูถูกเหยียดหยาม).
หมาง 0,ก.,"กระดาก เช่น หมางกัน คือ กระดากกัน หมางหน้า คือ กระดากหน้า, อาการที่ห่างเหินกันเพราะขุ่นเคืองใจหรือผิดใจกันเป็นต้น เช่น คนคู่นี้แต่ก่อนก็ดูสนิทสนมกันดี แต่เดี๋ยวนี้ดูเขาหมางกันไป, หมาง ๆ ก็ว่า, มักใช้เข้าคู่กับคำอื่น เช่น บาดหมาง หมองหมาง หมางใจ."
หมางใจ 0,ก.,"ผิดใจ, ขุ่นเคืองใจ."
หมางเมิน 0,ก.,ห่างเหินเพราะขุ่นเคืองใจจนไม่อยากเห็นหน้า.
หมาจนตรอก 0,น.,คนที่ฮึดสู้อย่างสุดชีวิตเพราะไม่มีทางเลือก ในสำนวนว่า สู้เหมือนหมาจนตรอก.
หมาจิ้งจอก 0,น.,ชื่อหมาชนิด Canis aureus Linn. ในวงศ์ Canidae ขนตามลำตัวสีเทาอมนํ้าตาล มีขนลักษณะคล้ายอานม้าบริเวณไหล่ ปากแหลม หูตั้งแหลมตรง หางเป็นพวง เขี้ยวและฟันคมมาก กลางวันมักนอนอยู่ในโพรงดิน ออกหากินในเวลากลางคืน กินเนื้อสัตว์.
หมาด 0,ว.,"แห้งไม่สนิท, เกือบแห้ง, เช่น ผ้านี้ยังหมาดอยู่."
หมาด ๆ 0,ว.,ที่เพิ่งได้หรือเสร็จเป็นต้นมาใหม่ ๆ เช่น เขาเพิ่งได้เลื่อนตำแหน่งมาหมาด ๆ.
หมาถูกน้ำร้อน 0,น.,คนที่มีความเดือดร้อน กระวนกระวาย วิ่งพล่านไปหาที่พึ่งต่าง ๆ เปรียบเสมือนหมาที่ถูกน้ำร้อนลวก ร้องเสียงดังวิ่งพล่านไปด้วยความเจ็บปวดทุรนทุราย.
หมาใน 0,น.,ชื่อหมาชนิด Cuon alpinus (Pallas) ในวงศ์ Canidae ขนสีน้ำตาลแดงหรือน้ำตาลเทา หางสีคลํ้ายาวเป็นพวง อาศัยอยู่ตามป่าทึบ ออกหากินเป็นฝูงเวลาเช้ามืดและพลบคํ่า ล่าสัตว์อื่นกินเป็นอาหาร เช่น เก้ง กวาง กระจง รวมทั้ง สัตว์เล็กอื่น ๆ.
หมาในรางหญ้า 0,น.,"คนที่หวงแหนสิ่งที่ตนเองกินหรือใช้ไม่ได้ แต่ไม่ยอมให้คนอื่นกินหรือใช้, หมาหวงราง ก็ว่า."
หมาบ้าพาลกระแชง 0,น.,คนที่อาละวาดพาลหาเรื่องทำให้วุ่นวายทั่วไปหมด.
หมาป่า 0,น.,"ชื่อหมาในวงศ์ Canidae มีถิ่นกำเนิดเกือบทั่วทุกภูมิภาคของโลก ขนลำตัวมีสีต่าง ๆ เช่น นํ้าตาลเทา เทาปนแดง ฟันและเขี้ยวคมมาก นิสัยดุร้าย อาศัยอยู่ทั้งป่าโปร่งหรือป่าทึบ ส่วนใหญ่หากินเป็นฝูง กินเนื้อสัตว์ มีหลายชนิด เช่น ชนิด Canis vulpes (Linn.) มีถิ่นกำเนิดในทวีปยุโรป อเมริกาเหนือ และเอเชียกลาง, ชนิด Chrysocyon brachyurus (Illiger) มีถิ่นกำเนิดในทวีปอเมริกาใต้, ชนิด Canis lupus (Linn.) มีถิ่นกำเนิดในทวีปยุโรป, ชนิด Fennecus zerda (Zimmermann) มีถิ่นกำเนิดในทวีปแอฟริกา, หมาจิ้งจอก (Canis aureusLinn.) และหมาใน [Cuon alpinus (Pallas)] มีถิ่นกำเนิดในทวีปเอเชีย."
หมามุ่ย 0,น.,"ชื่อไม้เถาหลายชนิดในสกุล Mucuna วงศ์ Leguminosae ฝักมีขนสีเหลืองอมน้ำตาลอ่อน คันมาก เช่น ชนิด M. gigantea (Willd.) DC. ฝักแบนใหญ่, หมามุ่ยช้าง ก็เรียก, ชนิด M. pruriens (L.) DC. ฝักกลม ขนาดเล็กกว่าชนิดแรก."
หมามุ้ย 0,น.,"ชื่อไม้เถาหลายชนิดในสกุล Mucuna วงศ์ Leguminosae ฝักมีขนสีเหลืองอมน้ำตาลอ่อน คันมาก เช่น ชนิด M. gigantea (Willd.) DC. ฝักแบนใหญ่, หมามุ่ยช้าง ก็เรียก, ชนิด M. pruriens (L.) DC. ฝักกลม ขนาดเล็กกว่าชนิดแรก."
หมามุ่ยช้าง 0,น.,"ชื่อไม้เถาหลายชนิดในสกุล Mucuna วงศ์ Leguminosae ฝักมีขนสีเหลืองอมน้ำตาลอ่อน คันมาก เช่น ชนิด M. gigantea (Willd.) DC. ฝักแบนใหญ่, หมามุ่ยช้าง ก็เรียก, ชนิด M. pruriens (L.) DC. ฝักกลม ขนาดเล็กกว่าชนิดแรก."
หมาไม้ 0,น.,ชื่อสัตว์เลี้ยงลูกด้วยนมชนิด Martes flavigula (Boddaert) ในวงศ์ Mustelidae หัวคล้ายหมา ใบหูกลม ขอบหูขาว ลำตัวยาวสีนํ้าตาลอ่อน ขนที่คาง ลำคอ และหน้าอกสีเหลือง ขนด้านบนของหัวสีดำ เล็บแหลมคม หางยาว ว่องไวมาก กลิ่นแรง อาศัยอยู่บนต้นไม้เป็นส่วนใหญ่ กินผลไม้และเนื้อสัตว์.
หมาย 0,น.,"หนังสือราชการที่ใช้เกณฑ์ เกาะกุม หรือ เรียกตัว เป็นต้น เช่น หมายเกณฑ์ หมายจับ หมายศาล, (กฎ) หนังสือสั่งการของศาลหรือเจ้าพนักงานสั่งให้กระทำการหรือห้ามกระทำการอย่างใดอย่างหนึ่ง เช่น หมายเกณฑ์ หมายจับ หมายค้น หมายเรียก."
หมาย 1,ก.,"มุ่ง เช่น เป้าที่หมายไว้, คาด, กะ, เช่น หมายว่าจะได้ผล หมายว่าจะพบ, ขีดไว้เป็นเครื่องกำหนด เช่น หมายหัวกระดาษ ใช้ปูนหมายหัวไว้."
หม้าย 0,ว.,ม่าย.
หม้าย 1,ว.,"ชื่อไม้ต้นชนิด Diospyros undulata Wall. ex G. Don var. cratericalyx (Craib) Bakh. ในวงศ์ Ebenaceae ขึ้นในป่าดิบ มีมากทางภาคใต้ สูงได้ถึง ๒๐ เมตร ไม่ผลัดใบ, จะเพลิง ชะเพลิง คำดีควาย ดูกค่าง ตะโกดำ พลับเขา ไหม้ หม้าย หรือ สะลาง ก็เรียก."
หมายกำหนดการ 0,น.,เอกสารแจ้งกำหนดขั้นตอนของงานพระราชพิธีซึ่งต้องอ้างพระบรมราชโองการ คือขึ้นต้นด้วยข้อความว่า “นายกรัฐมนตรีหรือเลขาธิการพระราชวัง รับพระบรมราชโองการเหนือเกล้าฯ สั่งว่า” เสมอไป.
หมายเกณฑ์ 0,น.,หนังสือสั่งเกณฑ์ซึ่งเจ้าพนักงานปกครองท้องที่ออกไปถึงผู้ถูกเกณฑ์แรงงาน หรือเจ้าของหรือผู้ครอบครองทรัพย์สินที่ถูกเกณฑ์.
หมายขัง 0,น.,หนังสือสั่งการที่ศาลสั่งให้ขังผู้ต้องหาหรือจำเลยไว้ระหว่างสอบสวน ไต่สวนมูลฟ้อง หรือระหว่างพิจารณาคดีในศาล.
หมายค้น 0,น.,หนังสือสั่งการที่ศาลสั่งให้เจ้าหน้าที่ตรวจค้น เพื่อยึดสิ่งของหรือจับกุมบุคคลซึ่งมีหมายให้จับ หรือเพื่อช่วยบุคคลซึ่งถูกหน่วงเหนี่ยวหรือกักขังโดยมิชอบด้วยกฎหมาย.
หมายความ 0,ก.,มุ่งจะกล่าวถึง.
หมายความว่า 0,ก.,"ตีความว่า, แปลความว่า."
หมายจับ 0,น.,หนังสือสั่งการที่ศาลสั่งให้เจ้าหน้าที่จับกุมผู้ต้องหาหรือจำเลย.
หมายจำคุก 0,น.,หนังสือสั่งการที่ศาลสั่งให้จำคุกผู้ต้องคำพิพากษาให้จำคุกหรือประหารชีวิตหรือที่จะต้องจำคุกแทนค่าปรับ.
หมายใจ 0,ก.,"ปองไว้, มุ่งหวังไว้, คาดไว้."
หมายตัว 0,ก.,กำหนดตัวไว้.
หมายตา 0,ก.,"มองไว้ด้วยความมั่นหมาย, มั่นหมายใจไว้."
หมายน้ำบ่อหน้า 0,ก.,มุ่งหวังจะได้สิ่งที่ยังมาไม่ถึง.
หมายบังคับคดี 0,น.,หนังสือสั่งการที่ศาลสั่งให้มีการบังคับคดี.
หมายปล่อย 0,น.,หนังสือสั่งการที่ศาลสั่งให้ปล่อยตัวบุคคลที่ต้องขังหรือจำคุกตามหมายศาล.
หมายมั่น 0,ก.,"มุ่งหมายอย่างแน่วแน่, มั่นหมาย ก็ว่า."
หมายมั่นปั้นมือ 0,ก.,มุ่งมั่นจะเอาหรือจะเป็นให้ได้.
หมายยา 0,น.,ฉลากยา.
หมายรับสั่ง 0,น.,หมายที่พระบาทสมเด็จพระเจ้าอยู่หัวทรงสั่งเจ้าหน้าที่ปฏิบัติการพระราชพิธีเป็นการภายใน ตอนล่างสุดของหมายเขียนว่า “ทั้งนี้ให้จัดการตามหน้าที่และกำหนดวันตามรับสั่งอย่าให้ขาดเหลือ ถ้าสงสัยให้ถามผู้รับรับสั่งโดยหน้าที่ราชการ”.
หมายเรียก 0,น.,หนังสือสั่งการของเจ้าพนักงานหรือศาลเรียกให้บุคคลมาพบหรือกระทำการอย่างหนึ่งอย่างใด.
หมายเลข 0,น.,"เลขลำดับ เช่น หมายเลขโทรศัพท์, ลำดับที่ เช่น ผู้ประกวดหมายเลข ๑."
หมายหน้า 0,ก.,"ประมาทหน้า, ดูถูก, เช่น หมายหน้าไว้ว่าจะต้องสอบตกแน่ ๆ"
หมายหน้า 1,ก.,ตราหน้า เช่น เขาถูกหมายหน้าว่าเป็นคนไม่ดี.
หมายหัว 0,ก.,"จดจำไว้ด้วยความประสงค์ร้าย เช่น เขาถูกพวกนักเลงหมายหัวไว้ว่าจะต้องหาทางกำจัดให้ได้, คาดหมายไว้ว่าจะเป็นไปในทางไม่ดี เช่น เด็กคนนี้ถูกหมายหัวไว้ว่าจะต้องสอบตกแน่ ๆ."
หมายเหตุ 0,น.,คำอธิบาย ข้อความ หรือข้อมูลเพิ่มเติม.
หมายอาญา 0,น.,หนังสือสั่งการที่ศาลสั่งให้เจ้าหน้าที่ทำการจับ ขัง จำคุก หรือปล่อยผู้ต้องหา จำเลย หรือนักโทษ หรือให้ทำการค้น.
หมาร่า 0,น.,ชื่อแมลงพวกต่อหลายชนิดหลายสกุล ในวงศ์ Sphecidae และ Eumenidae ลักษณะแตกต่างจากต่อ ในวงศ์ Vespidae คือปล้องต้น ๆ ของส่วนท้องมีส่วนคอดยาวกว่า ใช้ดินเหนียวทำรังขนาดเท่ากำปั้นหรือเล็กกว่าติดตามกิ่งไม้หรือตามที่อยู่อาศัยของคน ในรังส่วนใหญ่มีหนอนหรือแมลงลำตัวอ่อนนุ่มที่ถูกต่อยจนเป็นอัมพาตเพื่อเก็บไว้เป็นอาหารของตัวอ่อน เช่น ชนิด Sceliphron javanum (Lepeletier) ในวงศ์ Sphecidae และชนิด Eumenes esuriens Fabricius ในวงศ์ Eumenidae.
หมาลอบกัด 0,น.,คนที่ลอบทำร้ายหรือกลั่นแกล้งผู้อื่นลับหลัง.
หมาไล่เนื้อ 0,น.,คนที่รับใช้ผู้อื่นเมื่อเวลายังทำประโยชน์ให้ได้ ผู้เป็นนายก็เมตตาเลี้ยงดู แต่เมื่อทำประโยชน์ไม่ได้แล้ว ผู้เป็นนายก็ทอดทิ้งไม่ไยดีหรือหาเรื่องลงโทษขับไล่ไสส่งเป็นต้น เปรียบเสมือนหมาไล่เนื้อ เมื่อแก่สิ้นเขี้ยวสิ้นเล็บ ใช้ไล่ล่าสัตว์ไม่ได้ เจ้าของก็ไม่เมตตาเลี้ยงดูอีกต่อไป.
หมาสองราง 0,น.,คนที่ทำตัวเข้าด้วยทั้ง ๒ ฝ่าย.
หมาหมู่ 0,น.,กลุ่มคนที่กลุ้มรุมทำร้ายคนคนเดียว.
หมาหยอกไก่ 0,น.,เรียกอาการที่ชายหยอกล้อหญิงในทำนองชู้สาวเป็นทีเล่นทีจริง.
หมาหริ่ง 0,น.,ชื่อสัตว์เลี้ยงลูกด้วยนมชนิด Melogale personata Geoffroy ในวงศ์ Mustelidae ขนาดไล่เลี่ยกับพังพอนแต่หางสั้นกว่า ขนลำตัวหยาบแข็ง สีน้ำตาลอมเทาถึงดำ หน้าสั้นค่อนข้างแหลม หัวสีดำมีแถบขาวระหว่างตา กลางหัวมีแถบขาวพาดไปจนถึงกลางหลัง ส่วนคิ้วใต้ตา คอ และหูด้านในสีขาว ขาสั้น ฝ่าตีนกว้าง เล็บยาว โค้งปลายแหลมเหมาะสำหรับขุดดินและป่นต้นไม้ ออกหากินในเวลากลางคืน กินสัตว์ขนาดเล็ก.
หมาหวงก้าง 0,น.,"คนที่หวงของที่ตนไม่มีสิทธิ์, คนที่กันท่าคนอื่นในสิ่งที่ตนได้ใช้ประโยชน์แล้วหรือใช้ประโยชน์ไม่ได้."
หมาหวงราง 0,น.,"คนที่หวงแหนสิ่งที่ตนเองกินหรือใช้ไม่ได้ แต่ไม่ยอมให้คนอื่นกินหรือใช้, หมาในรางหญ้า ก็ว่า."
หมาหัวเน่า 0,น.,"คนซึ่งเป็นที่รังเกียจของคนอื่นจนไม่สามารถเข้ากับใครได้, คนที่ไม่มีใครรักหรือคบหา."
หมาหางด้วน 0,น.,คนที่ทำอะไรผิดพลาดจนได้รับความอับอายแล้วชวนให้ผู้อื่นทำตามโดยยกย่องการกระทำนั้นว่าดี ควรเอาอย่าง.
หมาเห็นข้าวเปลือก 0,น.,คนที่อยากได้สิ่งที่เป็นประโยชน์หรืออำนวยความสุขสำราญให้แก่ตน แต่สุดความสามารถที่จะเอามาใช้หรืออำนวยประโยชน์ให้แก่ตนได้.
หมาเห่าใบตองแห้ง 0,น.,คนที่ชอบพูดเอะอะแสดงว่าเก่ง แต่ไม่กล้าจริง.
หมาเห่าไม่กัด 0,น.,คนที่ดีแต่ส่งเสียงเอะอะอวดเก่ง แต่ไม่ยอมต่อสู้หรือตอบโต้.
หม่ำ 0,ก.,กิน (มักใช้แก่เด็กทารก).
หม้ำ 0,น.,"ชื่ออาหารชนิดหนึ่ง ใช้ตับวัวหรือควายสับให้ละเอียด คลุกข้าวสุก เกลือ และเครื่องปรุง ขยำให้เข้ากันแล้วยัดในไส้หมู, นํ้าตับ ก็เรียก."
หม้ำตับ 0,น.,"ชื่ออาหารชนิดหนึ่ง ใช้ตับวัวหรือควายสับให้ละเอียด คลุกข้าวสุก เกลือ และเครื่องปรุง ขยำให้เข้ากันแล้วยัดในไส้หมู, นํ้าตับ ก็เรียก."
หมิ่น 0,ก.,"แสดงกิริยาท่าทาง พูด หรือเขียน เป็นเชิงดูถูกว่ามีฐานะต่ำต้อยหรือไม่ดีจริงไม่เก่งจริงเป็นต้น, ดูหมิ่น หรือ ดูหมิ่นถิ่นแคลน ก็ว่า."
หมิ่น 1,ว.,ในที่เกือบตก เกือบพลาดตก.
หมิ่นประมาท 0,ก.,แสดงกิริยาวาจาดูถูกเหยียดหยามผู้อื่น.
หมิ่นประมาท 1,น.,เป็นฐานความผิดอาญา ที่ผู้กระทำใส่ความผู้อื่นต่อบุคคลที่สามโดยประการที่น่าจะทำให้ผู้อื่นนั้นเสียชื่อเสียง ถูกดูหมิ่น หรือถูกเกลียดชัง.
หมิ่นพระบรมเดชานุภาพ 0,ก.,กระทำการอันเป็นการหมิ่นประมาทหรือดูหมิ่นองค์พระมหากษัตริย์.
หมิ่นเหม่ 0,ว.,"อาการที่เข้าไปหรืออยู่ในสถานที่หรือสถานการณ์ใกล้อันตรายหรือเสียหายเป็นต้น, ล่อแหลม."
หมี 0,น.,ชื่อสัตว์เลี้ยงลูกด้วยนมในวงศ์ Ursidae ตาและใบหูกลมเล็ก ริมฝีปากยื่นแยกห่างออกจากเหงือก สามารถยืนและเดินด้วยขาหลังได้ ประสาทการดมกลิ่นดีกว่าประสาทตาและหู กินพืชและสัตว์ ในประเทศไทยมี ๒ ชนิด คือ หมีควาย [Selenarctos thibetanus (G. Cuvier)] ตัวใหญ่ ขนยาวดำ ที่อกมีขนสีขาวรูปง่าม และหมีหมาหรือหมีคน [Helarctos malayanus (Raffles)] ตัวเล็กกว่าหมีควาย ขนสั้นดำ ที่อกมีขนสีขาวรูปคล้ายเกือกม้า.
หมี่ 0,น.,"เรียกแป้งข้าวเจ้าที่โรยเป็นเส้นลงในนํ้าเดือดพอสุกแล้วนำมาตากแห้ง ว่า เส้นหมี่, ชื่ออาหารประเภทหนึ่งที่ทำด้วยเส้นหมี่ เช่น หมี่กรอบ หมี่กะทิ."
หมี่ 1,น.,"ชื่อผ้าชนิดหนึ่ง ทอโดยเอาเชือกมัดด้ายหรือไหมเป็นเปลาะ ๆ ตามลาย แล้วย้อมสี เมื่อทอแล้วจะได้ลวดลายต่าง ๆ ตามที่มัดไว้, ผ้ามัดหมี่ ก็เรียก."
หมีเหม็น 0,น.,ชื่อไม้ต้นชนิด Litsea glutinosa (Lour.)C.B. Rob. ในวงศ์ Lauraceae ใบรูปรี มีขนนุ่ม ดอกสีเหลืองอ่อน.
หมึก 0,น.,"นํ้าที่ใช้ในการขีดเขียนหรือการสักลวดลายตามตัว ปรกติมีสีดำจัด จึงใช้เปรียบกับของดำว่า ดำเป็นหมึก, น้ำหมึก ก็ว่า. (จ.)"
หมึก 1,น.,โดยปริยายหมายถึงสิ่งอื่น ๆ ที่ใช้ขีดเขียนหรือพิมพ์หนังสือเป็นต้น เช่น หมึกแดง หมึกแห้ง หมึกพิมพ์ หมึกพิมพ์ลายมือ.
หมึก 2,น.,"ชื่อสัตว์ทะเลที่ไม่ใช่ปลา ไม่มีกระดูกสันหลัง ชั้น Cephalopoda ไฟลัม Mollurea มีอวัยวะที่เรียกกันว่า หนวดหรือแขน อยู่รอบปาก ใช้พยุงตัวและจับเหยื่อ มีถุงบรรจุน้ำสีดำคล้ายหมึกสำหรับปล่อยลงน้ำเพื่อพรางตัว มีหลายชนิด เช่น หมึกกระดองลายเสือ (Sepia pharaonisEhrenberg) ในวงศ์ Sepiidae หมึกกล้วย [Photololigo duvaucelii (d’ Orbigny)] ในวงศ์ Loliginidae, ปลาหมึก ก็เรียก."
หมึกจีน 0,น.,แท่งหมึกสีดำ ก่อนใช้ต้องฝนกับน้ำ แล้วใช้พู่กันป้ายเขียน.
หมืน 0,ก.,เป็นผื่นขึ้นมาก ๆ ตามผิวเนื้อ.
หมื่น 0,ว.,จำนวนนับเท่ากับ ๑๐ พัน.
หมื่น 1,น.,ชื่อบรรดาศักดิ์ในราชการ เหนือพันขึ้นไป.
หมื่น 2,ว.,"ทะลึ่ง, ทะเล้น."
หมุด 0,น.,เครื่องสำหรับตรึงหรืออุดรู
หมุด 1,น.,เรียกเข็มที่หัวเป็นปุ่ม ใช้กลัดกระดาษหรือผ้าเป็นต้น ว่า เข็มหมุด
หมุด 2,น.,ผ้ากอซที่ใช้สอดเข้าไปในโพรงฝีเป็นต้นเพื่อซับของเหลวภายใน.
หมุน 0,ก.,"หันเวียนไปในแนวโค้ง เช่น โลกหมุน, ทำให้หันเวียนไปในแนวโค้ง เช่น หมุนเข็มนาฬิกา, (ปาก) นำสิ่งของไปจำนำหรือขายเพื่อเอาเงินมาใช้."
หมุนเงิน 0,ก.,ทำให้เงินเปลี่ยนมือโดยวิธีให้กู้หรือลงทุนเป็นต้นเพื่อมุ่งผลประโยชน์.
หมุนเวียน 0,ก.,"เวียนไป, เปลี่ยนมือไป."
หมุบ 0,ว.,อาการที่หยิบ กัด หรือเคี้ยวโดยเร็ว เช่น พอได้โอกาสก็คว้าหมุบ ปลาฮุบเหยื่อหมุบ ๆ.
หมุบ ๆ 0,ว.,อาการที่หยิบ กัด หรือเคี้ยวโดยเร็ว เช่น พอได้โอกาสก็คว้าหมุบ ปลาฮุบเหยื่อหมุบ ๆ.
หมุบหมับ 0,ว.,"อาการที่หยิบฉวยหรือกินโดยเร็ว เช่น แย่งกันกินหมุบหมับ, บางทีก็ใช้แยกกัน เช่น คว้าคนละหมุบคนละหมับ."
หมุบหมิบ 0,ว.,"อาการที่ริมฝีปากเผยอขึ้นและหุบลงโดยเร็ว, อาการของปากที่พูดอย่างไม่ออกเสียง เช่น ทำปากหมุบหมิบ สวดมนต์หมุบหมิบ, ขมุบขมิบ ก็ว่า."
หมุ่ย 0,ว.,"เสียงอย่างเสียงฆ้อง, มุย ก็ว่า."
หมุยขาว 0,น.,"ชื่อไม้ต้นผลัดใบขนาดเล็กชนิด Ceriscoides turgida (Roxb). Tirveng ในวงศ์ Rubiaceae ขึ้นในป่าเต็งรังและป่าเบญจพรรณ ต้นมีหนามห่าง ๆ เปลือกเรียบ ดอกเมื่อแรกบานสีขาว แล้วเปลี่ยนเป็นสีเหลืองอ่อน ผลคล้ายละมุดฝรั่ง แต่สุกแล้วแข็ง, กระดานพน มะกอกพราน หมุยขาว หรือ หัวโล้น ก็เรียก."
หมู 0,น.,ชื่อสัตว์เลี้ยงลูกด้วยนมหลายชนิด ในวงศ์ Suidae เป็นสัตว์กีบคู่ ตัวอ้วน จมูกและปากยื่นยาว ปลายจมูกบานใช้สำหรับดุนดินหาอาหาร อาการเช่นนี้เรียกว่า ดุด ขนลำตัวแข็งอาจยาวหรือสั้น มีเขี้ยว ๒ คู่ กินทั้งพืชและสัตว์ มีทั้งที่เป็นสัตว์เลี้ยงและที่เป็นสัตว์ป่า หาอาหารโดยใช้จมูกดุด
หมู 1,น.,บุคคลที่อาจหลอกหรือเอาชนะได้ง่าย เช่น นักมวยต่างประเทศคนนี้อย่าไปคิดว่าหมูนะ.
หมู่ 0,น.,"กลุ่มชนิดเดียวกัน เช่น หมู่ดาว หมู่เมฆ, พวกชนิดเดียวกัน เช่น หมู่มนุษย์ หมู่โจร"
หมู่ 1,น.,"กำลังพลของทหาร ตำรวจ เป็นต้น มีจำนวนไม่เกิน ๑๐ คน มีหัวหน้าเรียกว่า ผู้บังคับหมู่ หรือทั่ว ๆ ไปเรียกว่า ผู้หมู่, ถ้าเป็นทหารบกหรือตำรวจจะต้องมียศเป็นนายสิบ, ถ้าเป็นทหารเรือหรือทหารอากาศจะต้องมียศเป็นจ่า."
หมู 2,ว.,"ง่าย, สะดวก, เช่น วิชาคำนวณสำหรับเขาแล้วหมูมาก เขาเลือกทำแต่งานหมู ๆ."
หมู่ 2,น.,ระยะเวลา เช่น หมู่นี้สุขภาพไม่ค่อยดี หมู่นั้นไม่ว่าง.
หมู 3,น.,"ชื่อปลานํ้าจืดทุกชนิดในสกุล Botia วงศ์ Cobitidae ลำตัวยาวป้อม แบนข้าง คอดหางกว้างมาก มีหนวด ๓ คู่ หนังหนาคลุมเกล็ดมิด บริเวณใต้ตามีเงี่ยงเป็นง่ามกระดูกกางและพับซ่อนตามยาวในร่องเนื้อได้ มีหลายชนิด เช่น ชนิด B. beauforti Smith, B. helodesSauvage, B. modesta Bleeker พบทั่วไปและชุกชุมในฤดูฝน."
หมู 4,น.,"ชื่อปลาน้ำจืดทุกชนิดในสกุล Acantopsisวงศ์ cobitidae หัวยาวปลายแหลม ลำตัวยาวเรียว ลำตัวสีน้ำตาลอ่อนหรือเทา ข้างตัวมักมีจุดสีดำเรียงในแนวยาวหรือประอยู่ด้านหลัง บ้างมีแถบสีดำคล้ำตามแนวยาว พบอาศัยอยู่เป็นฝูงตามลำน้ำใหญ่ที่มีน้ำไหลหรือพื้นท้องน้ำเป็นกรวดทรายซึ่งปลามุดซ่อนตัว, ซ่อนทราย กล้วย ทราย หรือ หมู ก็เรียก."
หมู่ 3,น.,"ชื่องูลายสาบขนาดเล็กชนิด Rhabdophis subminiatus Schlegel ในวงศ์ Colubridae ตัวยาวประมาณ ๕๐ เซนติเมตร สีเขียวหรือเทา คอสีแดง ออกหากินเวลากลางวัน มีพิษอ่อน, หมู่ ก็เรียก."
หมู 5,น.,ใบพลูสดหั่นผสมขี้ฝิ่นแล้วนำมาสูบ.
หมู 6,น.,เรียกเรือขุดชนิดเล็ก ลักษณะคล้ายเรือพายม้า แต่หัวจะเรียวเล็กกว่าเรือพายม้ามาก ว่า เรือหมู.
หมู 7,น.,ชื่อขวานชนิดหนึ่ง ด้ามสั้น สันหนา ใช้ตัด ถาก และฟัน.
หมู ๆ 0,ว.,"ง่าย, สะดวก, เช่น วิชาคำนวณสำหรับเขาแล้วหมูมาก เขาเลือกทำแต่งานหมู ๆ."
หมูกรอบ 0,น.,หมูสามชั้นที่ต้มคลุกเกลือ แล้วทอดให้หนังกรอบ.
หมูเขาจะหามเอาคานเข้าไปสอด 0,น.,คนที่เข้าไปขัดขวางขณะที่ผู้อื่นทำสิ่งใดสิ่งหนึ่งกำลังจะสำเร็จ.
หมูเขี้ยวตัน 0,น.,บุคคลที่คิดว่าจะหลอกหรือเอาชนะได้ง่าย ๆ แต่กลับปรากฏว่าตรงกันข้าม เช่น นักมวยที่สั่งมาชกโดยคิดว่าจะเป็นหมู กลับกลายเป็นหมูเขี้ยวตันไป.
หมูแดง 0,น.,เนื้อหมูคลุกนํ้าซีอิ๊วหรือเต้าหู้ยี้เป็นต้นแล้วย่างให้สุกระอุ.
หมูตั้ง 0,น.,ชื่ออาหารชนิดหนึ่ง ทำด้วยหัวหมู หูหมู หนังหมู แล่เป็นชิ้นเล็ก ๆ ผสมเครื่องปรุงแล้วเคี่ยวให้เข้ากัน อัดเป็นแท่งแข็ง เวลากินหั่นเป็นชิ้น ๆ จิ้มนํ้าจิ้มหรือยำเป็นต้น.
หมูเทโพ 0,น.,ชื่อแกงคั่วส้มชนิดหนึ่ง ใช้หมูแทนปลาแกงกับผักบุ้งเป็นต้น.
หมูน้ำ 0,น.,"ชื่อสัตว์เลี้ยงลูกด้วยนมชนิด Dugong dugon (Müller) ในวงศ์ Dugongidae ลำตัวอ้วนกลม เรียวยาวไปทางหาง มีขนเฉพาะที่บริเวณใกล้ปาก รยางค์คู่หน้าเป็นแผ่นคล้ายใบพายไม่เห็นเป็นนิ้ว รยางค์คู่หลังไม่โผล่ให้เห็น หางเป็นแฉกแผ่กว้างแบนลง ตัวอาจยาวได้ถึง ๓ เมตร สีเทาดำแกมฟ้า อาศัยอยู่ในทะเลชายฝั่ง กินพืชนํ้าพวกหญ้าทะเล เป็นสัตว์ป่าสงวนชนิดหนึ่ง, เงือก วัวทะเล หมูนํ้า หรือ ดูกอง ก็เรียก."
หมูแนม 0,น.,"ชื่ออาหารว่าง มีหลายแบบ เช่น หมูแนมสด (แบบปลาแนม) หมูแนมแข็ง หมูแนมญวน, หมูแนมสดทำด้วยเนื้อหมูไม่ติดมันบดหรือโขลกรวมกับข่าและแป้งแดงจีน ทำให้สุกด้วยการผัดในน้ำสะเออะให้เนื้อหมูกระจายแล้วผสมด้วยมันหมูแข็งและหนังหมูต้มสุกหั่นชิ้นเล็ก ๆ ยาว ๆ ข้าวคั่วป่นเป็นต้น ปรุงรสเปรี้ยว เค็มและหวาน รับประทานกับผักสด เช่น ใบทองหลาง ใบผักกาดหอม, หมูแนมแข็งต้องห่อหมูที่โขลกหรือบดและผสมเครื่องปรุงแล้วด้วยใบทองหลางที่ซ้อนบนใบตอง มัดแน่น เก็บไว้ ๓ วัน จึงปิ้งทั้งห่อ แกะออกรับประทานกับผักและน้ำจิ้ม หรือรับประทานแบบเมี่ยงเครื่องสด, หมูแนมญวนใช้เนื้อหมูล้วนสับ ใส่เกลือรวนให้สุก ใส่ยอดสะระแหน่และแตงกวาหั่น แล้วห่อด้วยข้าวเกรียบแก้ว ตัดเป็นคำ ๆ รับประทานกับน้ำจิ้มและผักต่าง ๆ."
หมูในเล้า 0,น.,สิ่งที่อยู่ในเงื้อมมือ.
หมูในอวย 0,น.,สิ่งที่อยู่ในกำมือ.
หมู่บ้าน 0,น.,ท้องที่ที่รวมบ้านหลายบ้านให้อยู่ในความปกครองอันเดียวกัน และมีประกาศจัดตั้งเป็นหมู่บ้าน มีผู้ใหญ่บ้านเป็นหัวหน้าปกครอง.
หมูป่า 0,น.,ชื่อหมูซึ่งเป็นต้นกำเนิดของหมูบ้าน รูปร่างลักษณะคล้ายหมูบ้าน แต่ปากและจมูกยื่นยาวกว่า ปลายจมูกบานใช้สำหรับดุดหาอาหาร ลำตัวเพรียวกว่ามีขนดกหยาบสีดำ ๆ ขนแผงคอยาว ตัวผู้มีเขี้ยวใหญ่ยื่นยาวพ้นปาก กินพืช ลูกเกิดใหม่ขนสีน้ำตาลอ่อน มีลายขาวเป็นทางตามยาว เรียก ลายแงไทย ในประเทศไทยเป็นชนิด Sus scrofa Linn. พบในป่าทุกภาค.
หมูไปไก่มา 0,*น.,ลักษณะของการถ้อยทีถ้อยอาศัยกันด้วยการให้สิ่งของแลกเปลี่ยนหรือตอบแทนซึ่งกันและกันเป็นต้น.
หมูแผ่น 0,น.,ของกินทำด้วยเนื้อหมูแล่เป็นแผ่นบาง ๆ ปรุงรส ผึ่งแดดให้แห้ง แล้วปิ้งให้สุก.
หมูยอ 0,น.,ของกินทำด้วยเนื้อหมูผสมเครื่องปรุงบดแล้วอัดเป็นแท่ง และนึ่งให้สุก.
หมูสนาม 0,น.,บุคคลหรือคณะบุคคลที่ด้อยฝีมือหรือมีเล่ห์เหลี่ยมไหวพริบไม่ทันผู้อื่น.
หมูสามชั้น 0,น.,เนื้อหมูส่วนท้องที่ชำแหละให้ติดทั้งหนัง มัน และเนื้อ.
หมูสี 0,น.,ชื่อมะพร้าวพันธุ์หนึ่งของชนิด Cocos nuciferaL. มี ๒ พันธุ์ย่อย คือ หมูสีหม้อ ต้นขนาดกลาง และหมูสีเล็ก ต้นขนาดเล็ก.
หมูสี 1,น.,เรียกตาไม้เสาเรือนที่สูงจากพื้นดินประมาณศอกหนึ่ง ถือว่าเป็นเสามีลักษณะไม่ดี
หมูสี 2,น.,เรียกจอมปลวกขนาดย่อมที่ขึ้นใต้ถุนบ้าน ว่า ปลวกหมูสี.
หมูหย็อง 0,น.,ของกินทำด้วยหมูเนื้อแดงปรุงรส ต้มเคี่ยวให้เปื่อยจนงวด นำไปผัดจนแห้ง ขยี้ให้เป็นฝอย.
หมูหริ่ง 0,น.,ชื่อสัตว์เลี้ยงลูกด้วยนมชนิด Arctonyx collaris F. Cuvier ในวงศ์ Mustelidae ขนาดไล่เลี่ยกับสุนัขบ้าน รูปร่างอ้วน สั้น หลังโค้ง ขนลำตัวหยาบแข็งสีเหลืองอมเทาหรือดำ มีแถบสีดำพาดผ่านระหว่างหูมายังด้านข้างของจมูก มีแถบขาวพาดกลางหัวมาถึงปลายบนของปาก ตาเล็กสีดำ มีแถบขาวใต้ตา จมูกใหญ่คล้ายหมู คอสีขาว ใบหูเล็ก ครึ่งบนของหูสีขาวครึ่งล่างสีดำ ขาใหญ่สีดำ เล็บยาวโค้งปลายแหลมใช้ขุดดินรวมทั้งใช้จมูกดุดเพื่อหาอาหาร หางสั้น กินสัตว์เล็ก ๆ พืช และผลไม้.
หมูหรึ่ง 0,น.,ชื่อสัตว์เลี้ยงลูกด้วยนมชนิด Arctonyx collaris F. Cuvier ในวงศ์ Mustelidae ขนาดไล่เลี่ยกับสุนัขบ้าน รูปร่างอ้วน สั้น หลังโค้ง ขนลำตัวหยาบแข็งสีเหลืองอมเทาหรือดำ มีแถบสีดำพาดผ่านระหว่างหูมายังด้านข้างของจมูก มีแถบขาวพาดกลางหัวมาถึงปลายบนของปาก ตาเล็กสีดำ มีแถบขาวใต้ตา จมูกใหญ่คล้ายหมู คอสีขาว ใบหูเล็ก ครึ่งบนของหูสีขาวครึ่งล่างสีดำ ขาใหญ่สีดำ เล็บยาวโค้งปลายแหลมใช้ขุดดินรวมทั้งใช้จมูกดุดเพื่อหาอาหาร หางสั้น กินสัตว์เล็ก ๆ พืช และผลไม้.
หมูหัน 0,น.,ลูกหมูผ่าเอาเครื่องในออก เสียบเหล็กหมุนย่างจนหนังสุกกรอบ.
หมูแฮม 0,น.,"ขาหลังของหมูแช่น้ำเกลือแล้วรมควัน, แฮม ก็ว่า."
หย- 0,น.,ม้า.
หยก 0,น.,หินแก้วมีลักษณะแข็งเป็นสีต่าง ๆ ใช้ทำเครื่องประดับและเครื่องใช้เป็นต้น ถือว่าเป็นของมีราคา.
หยก 1,ก.,ยกขึ้นลงค่อย ๆ ในคำว่า หยกเบ็ด.
หยก ๆ 0,ว.,"เพิ่งทำมาเร็ว ๆ นี้, สด ๆ ร้อน ๆ, เช่น บอกอยู่หยก ๆ ไม่น่าลืมเลย มาถึงหยก ๆ โดนใช้งานเสียแล้ว."
หย่ง 0,ก.,"ทำให้สูงขึ้น เช่น หย่งตัว, ทำสิ่งที่รวมตัวกันให้โปร่งหรือขยายตัวให้หลวมขึ้น เช่น หย่งฟาง หย่งผม หย่งเส้นบะหมี่, กระหย่ง กระโหย่ง หรือ โหย่ง ก็ว่า."
หย่ง 1,ว.,"อาการที่เดินหรือวิ่งไม่เต็มเท้า คือ จดแต่ปลายเท้า เพื่อทำให้ตนสูงขึ้นหรือเพื่อไม่ให้เกิดเสียงดัง เช่น เดินหย่ง ๆ วิ่งหย่ง ๆ, เรียกรอยเท้าที่ไม่เต็ม เห็นแต่ปลายเท้าและส้นเท้า ว่า รอยเท้าหย่ง หรือ รอยเท้าหย่ง ๆ, อาการที่นั่งเอาปลายเท้าตั้งลงที่พื้น ส้นเท้าทั้ง ๒ รับก้น เรียกว่า นั่งหย่ง หรือ นั่งหย่ง ๆ, กระหย่ง กระโหย่ง โหย่ง หรือ โหย่ง ๆ ก็ว่า."
หย่ง ๆ 0,ว.,"อาการที่เดินหรือวิ่งไม่เต็มเท้า คือ จดแต่ปลายเท้า เพื่อทำให้ตนสูงขึ้นหรือเพื่อไม่ให้เกิดเสียงดัง เช่น เดินหย่ง ๆ วิ่งหย่ง ๆ, เรียกรอยเท้าที่ไม่เต็ม เห็นแต่ปลายเท้าและส้นเท้า ว่า รอยเท้าหย่ง หรือ รอยเท้าหย่ง ๆ, อาการที่นั่งเอาปลายเท้าตั้งลงที่พื้น ส้นเท้าทั้ง ๒ รับก้น เรียกว่า นั่งหย่ง หรือ นั่งหย่ง ๆ, กระหย่ง กระโหย่ง โหย่ง หรือ โหย่ง ๆ ก็ว่า."
หยด 0,ก.,ไหลหรือทำให้ไหลหลุดออกมาเป็นหยาด ๆ เช่น น้ำหยด.
หยด 1,น.,"หยาดของเหลวที่ไหลหลุดออกมา เช่น หยดน้ำ หยดหมึก, ลักษณนามใช้เรียกสิ่งที่ไหลหลุดออกมาเช่นนั้น เช่น นํ้าหยดหนึ่ง นํ้าหมึก ๒ หยด."
หยดย้อย 0,ว.,"ไพเราะจับใจ เช่น สำนวนหยดย้อย, ชดช้อยอ่อนหวาน เช่น งามหยดย้อย."
หยวก 0,น.,"ลำต้นกล้วย เช่น หั่นหยวกต้มกับรำให้หมูกิน, บางทีก็เรียกว่า หยวกกล้วย เช่น แพหยวกกล้วย, ส่วนในหรือแกนอ่อนของลำต้นเทียมของกล้วย มีสีขาว กินได้ เช่น ต้มหยวก แกงหยวก, กาบกล้วย ในคำว่า แทงหยวก"
หยวก 1,น.,ไม่แข็งแน่น เช่น มีดเล่มนี้คมมาก ตัดกิ่งไม้ได้ง่ายเหมือนฟันหยวก
หยวก 2,น.,ใช้เปรียบผิวที่ขาวมากว่า ขาวเหมือนหยวก.
หยวก 3,น.,ชื่อพริกพันธุ์หนึ่งของชนิด Capsicum annuum L. ในวงศ์ Solanaceae ผลใหญ่ป้อม เมื่ออ่อนสีเหลืองอมเขียว.
หยวบ 0,ว.,"ยวบ, ยวบ ๆ."
หยวบ ๆ 0,ว.,"ยวบ, ยวบ ๆ."
หยอก 0,ก.,เล่นหรือล้อไม่จริงจัง.
หยอก 1,ว.,ใช้ในประโยคปฏิเสธ หมายความว่า มาก เช่น เก่งไม่หยอก คือ เก่งมาก
หยอกเย้า 0,ก.,"สัพยอก, กระเซ้าเย้าแหย่, เย้าหยอก ก็ว่า."
หย็อกหย็อย 0,ว.,มีลักษณะเป็นเส้นหยิก ๆ งอ ๆ อย่างผมเด็กเล็ก ๆ.
หยอกเอิน 0,ก.,หยอกในทำนองชู้สาว.
หย่อง 0,น.,สิ่งสำหรับใส่หมากพลู มีรูปเหมือนถาดขอบสูง มีตีน โดยมากทำด้วยทองเหลือง
หย่อง 1,น.,เครื่องรองรับไม้แม่กำพองประจำช่องหน้าต่าง
หย่อง 2,น.,"ส่วนประกอบของเครื่องดนตรีประเภทเครื่องสาย เช่น ซอสามสาย ซอด้วง ขิม ไวโอลิน ใช้รองรับสายพาดผ่าน เพื่อรับแรงสั่นสะเทือนจากสายลงสู่กล่องเครื่องดนตรีให้เสียงกังวานขึ้น, ส่วนประกอบของจะเข้ ใช้หนุนสายเพื่อมิให้แตะนมจะเข้ เรียกว่า ซุ้ม."
หย่อง 3,ว.,อาการที่นั่งชันเข่าทั้ง ๒ ข้างโดยก้นไม่ถึงพื้น เรียกว่า นั่งหย่อง หรือ นั่งยอง ๆ.
หย็อง 0,ก.,"กลัว, ไม่สู้, หวาดกลัว, เช่น พอเห็นคู่ต่อสู้ก็หย็องเสียแล้ว."
หย็อง 1,ว.,มีอาการหวาดกลัว เช่น พอถูกขู่เข้าหน่อยก็ทำท่าหย็อง.
หย็อง 2,ก.,"ทำให้เป็นฝอยฟู ๆ เช่น เอาเนื้อหมูไปหย็อง, เรียกเนื้อหมูหรือเนื้อไก่ที่ทำให้เป็นฝอยฟู ๆ ว่า หมูหย็อง ไก่หย็อง."
หย่อง ๆ 0,ว.,เหย่า ๆ (ใช้แก่กิริยาวิ่ง).
หย็องกรอด 0,ว.,ซูบผอมมีท่าทางคล้ายคนอิดโรย.
หย็องแหย็ง 0,ว.,ทำท่าเล่น ๆ ไม่เอาจริงเอาจัง เช่น นักมวยคู่นี้มัวแต่เต้นหย็องแหย็ง ๆ ไม่ชกกันเสียที
หย็องแหย็ง 1,ว.,"ไม่มีท่าทาง, ไม่เป็นระเบียบ, เช่น เต้นหย็องแหย็ง กระโดดหย็องแหย็ง ๆ."
หย็องแหย็ง ๆ 0,ว.,ทำท่าเล่น ๆ ไม่เอาจริงเอาจัง เช่น นักมวยคู่นี้มัวแต่เต้นหย็องแหย็ง ๆ ไม่ชกกันเสียที
หย็องแหย็ง ๆ 1,ว.,"ไม่มีท่าทาง, ไม่เป็นระเบียบ, เช่น เต้นหย็องแหย็ง กระโดดหย็องแหย็ง ๆ."
หยอด 0,ก.,ใส่ลงหรือเทลงคราวละน้อย ๆ
หยอด 1,ก.,แถมคำชมหรือคำพูดคมคาย.
หยอดหลุม 0,น.,การเล่นชนิดหนึ่ง โดยวิธีโยนสิ่งของเช่นสตางค์เป็นต้นลงหลุม.
หยอน 0,ก.,หวาดเสียว.
หย่อน 0,ก.,"ไม่ตึง, ผ่อนไม่ให้ตึง, ค่อย ๆ ผ่อนลงมาจากที่สูง"
หย่อน 1,ก.,"ถอย เช่น หย่อนกำลัง, คลาย เช่น หย่อนอารมณ์, ทุเลา เช่น ลดหย่อน"
หย่อน 2,ก.,"เบาลง, น้อย, ไม่เต็ม, เช่น กิโลหย่อนไป ๒ ขีด บาทหย่อนสลึง หย่อนสมรรถภาพ."
หย่อนใจ 0,ก.,"คลายอารมณ์, พักผ่อน."
หย่อนอารมณ์ 0,ก.,"คลายอารมณ์, พักผ่อน."
หย่อม 0,น.,"หมู่เล็ก ๆ, กองเล็ก ๆ, เช่น หญ้าขึ้นเป็นหย่อม ๆ."
หย่อม ๆ 0,น.,"หมู่เล็ก ๆ, กองเล็ก ๆ, เช่น หญ้าขึ้นเป็นหย่อม ๆ."
หย็อมแหย็ม 0,ว.,"มีเล็กน้อย, มีห่าง ๆ ไม่เป็นพวกเป็นหมู่, เช่น มีหนวดหย็อมแหย็ม, กะหร็อมกะแหร็ม หรือ หร็อมแหร็ม ก็ว่า."
หย่อย 0,ว.,"เรื่อย ๆ, บ่อย ๆ, เช่น มากันหย่อย ๆ ไม่ขาดสาย, น้อย ๆ เช่น ให้เงินทีละหย่อย."
หย็อย 0,ว.,"อาการที่เต้นหรือกระโดดเร็ว ๆ เรียก เต้นหย็อย ๆ, อาการที่เคลื่อนไหวน้อย ๆ อย่างเร็ว เช่น วิ่งหย็อย ๆ โบกมือหย็อย ๆ ลมพัดผมปลิวหย็อย ๆ."
หย่อย ๆ 0,ว.,"เรื่อย ๆ, บ่อย ๆ, เช่น มากันหย่อย ๆ ไม่ขาดสาย, น้อย ๆ เช่น ให้เงินทีละหย่อย."
หย็อย ๆ 0,ว.,"อาการที่เต้นหรือกระโดดเร็ว ๆ เรียก เต้นหย็อย ๆ, อาการที่เคลื่อนไหวน้อย ๆ อย่างเร็ว เช่น วิ่งหย็อย ๆ โบกมือหย็อย ๆ ลมพัดผมปลิวหย็อย ๆ."
หยัก 0,ก.,"เฉือนหรือควั่นให้เป็นรอยคอด, ทำให้เป็นรอยเป็นแง่, เช่น หยักไม้."
หยัก 1,น.,"รอยควั่น, รอยคอด, เช่น ควั่นหัวเสาให้เป็นหยัก บากไม้ให้เป็นหยัก."
หยัก 2,ว.,คด ๆ งอ ๆ เช่น เขียนเส้นหยัก ๆ.
หยัก ๆ 0,ก.,"เฉือนหรือควั่นให้เป็นรอยคอด, ทำให้เป็นรอยเป็นแง่, เช่น หยักไม้."
หยัก ๆ 1,น.,"รอยควั่น, รอยคอด, เช่น ควั่นหัวเสาให้เป็นหยัก บากไม้ให้เป็นหยัก."
หยัก ๆ 2,ว.,คด ๆ งอ ๆ เช่น เขียนเส้นหยัก ๆ.
หยักไย่ 0,น.,หยากไย่.
หยักรั้ง 0,ว.,อาการนุ่งผ้าถุงหรือผ้าโสร่งรั้งผ้าทางด้านข้างมาเหน็บเอวทั้ง ๒ ข้างให้ชายผ้าร่นสูงขึ้น.
หยักศก 0,ว.,ที่หยิกน้อย ๆ (ใช้แก่ผม).
หยักเหยา 0,ก.,"จู้จี้, รบกวน."
หยัง 0,ว.,"อะไร, ทำไม."
หยั่ง 0,ก.,"วัดดูเพื่อให้รู้ตื้นลึก เช่น เอาถ่อหยั่งน้ำ, คาดคะเนดู เช่น หยั่งใจ."
หยั่งทราบ 0,ก.,"เล็งรู้ความจริง, ค้นหาเพื่อให้รู้ความจริง."
หยั่งรู้ 0,ก.,"เล็งรู้ความจริง, ค้นหาเพื่อให้รู้ความจริง."
หยั่งเสียง 0,ก.,"ลองพูดหรือทำอย่างใดอย่างหนึ่งเพื่อฟังความคิดเห็นจากผู้อื่นหรือคนจำนวนมาก, ซาวเสียง ก็ว่า."
หยังหยัง 0,ว.,งาม.
หยัด 0,ก.,ยืดเหยียดออก เช่น หยัดกาย
หยัด 1,ก.,"หยดลง, ตกลง, (ใช้แก่นํ้า)."
หยัน 0,ก.,"เยาะ, เย้ย."
หยับ 0,ว.,อาการที่เคี้ยวเนิบ ๆ เช่น คนแก่เคี้ยวหมากหยับ ๆ
หยับ 1,ว.,อาการขึ้นลงเนิบ ๆ เช่น พายอ่อนหยับจับงามงอน (เห่เรือ)
หยับ 2,ว.,อาการที่หัวเรือโต้คลื่นเหยิบ ๆ.
หยับ ๆ 0,ว.,อาการที่เคี้ยวเนิบ ๆ เช่น คนแก่เคี้ยวหมากหยับ ๆ
หยับ ๆ 1,ว.,อาการขึ้นลงเนิบ ๆ เช่น พายอ่อนหยับจับงามงอน (เห่เรือ)
หยับ ๆ 2,ว.,อาการที่หัวเรือโต้คลื่นเหยิบ ๆ.
หยั่วเมือง 0,ว.,"คำเรียกพระสนมเอกครั้งโบราณ ว่า แม่หยั่วเมือง, อยั่วเมือง หรือ ยั่วเมือง ก็ว่า."
หย่า 0,ก.,เลิกเป็นผัวเมียกัน
หย่า 1,ก.,เลิก เช่น หย่านม หย่าศึก.
หยากเยื่อ 0,น.,"เศษสิ่งของที่ทิ้งแล้ว, มูลฝอย."
หยากไย่ 0,น.,"ใยแมงมุมที่ติดค้างอยู่ในที่ต่าง ๆ, หยักไย่ ก็ว่า."
หย่ากัน 0,ก.,ไม่กินกัน (ใช้แก่คู่ขาการพนันบางชนิด) เช่น ในการเล่นไพ่ ๒ คนนั้นเขาหย่ากัน.
หยาด 0,ก.,หยดลง.
หยาด 1,น.,เม็ดฝนหรือนํ้าค้างเป็นต้นที่ไหลยืดหยดลง เช่น หยาดฝน หยาดน้ำค้าง หยาดเหงื่อ.
หยาดน้ำค้าง 0,น.,"ชื่อเครื่องหมายรูปดังนี้ , นิคหิต หรือ นฤคหิต ก็เรียก. (ดู นิคหิต)"
หยาดน้ำค้าง 1,น.,"ส่วนที่มีลักษณะกลม ๆ คล้ายเม็ดน้ำค้างอยู่ตรงปลายยอดเจดีย์ ยอดปราสาท เป็นต้น, เม็ดน้ำค้าง ก็เรียก."
หยาดน้ำฟ้า 0,น.,นํ้าที่ตกจากบรรยากาศ (ฟ้า) ลงสู่พื้นดินในภาวะที่เป็นนํ้าหรือนํ้าแข็ง เช่น ฝน หิมะ ลูกเห็บ.
หย่านม 0,ก.,"เลิกกินนมแม่ (ใช้แก่เด็กและลูกสัตว์), อดนม ก็ว่า."
หยาบ 0,ว.,ไม่ละเอียด เช่น ทรายหยาบ แป้งหยาบ
หยาบ 1,ว.,"ไม่สุภาพ เช่น กิริยาหยาบ พูดหยาบ, ไม่เรียบร้อย เช่น เก็บข้าวของสุมไว้หยาบ ๆ, สาก ๆ เช่น ฝ่ามือฝ่าเท้าหยาบ."
หยาบ ๆ 0,ว.,ไม่ละเอียด เช่น ทรายหยาบ แป้งหยาบ
หยาบ ๆ 1,ว.,"ไม่สุภาพ เช่น กิริยาหยาบ พูดหยาบ, ไม่เรียบร้อย เช่น เก็บข้าวของสุมไว้หยาบ ๆ, สาก ๆ เช่น ฝ่ามือฝ่าเท้าหยาบ."
หยาบคาย 0,ว.,ไม่สุภาพ เช่น พูดจาหยาบคาย กิริยาหยาบคาย.
หยาบช้า 0,ว.,"ตํ่าช้า, เลวทราม, เช่น จิตใจหยาบช้า."
หยาบโลน 0,ว.,ที่ไม่สุภาพและลามก เช่น พูดจาหยาบโลน แสดงกิริยาหยาบโลน.
หยาบหยาม 0,ก.,กล่าวคำหรือแสดงกิริยาไม่สุภาพและเป็นการดูถูก.
หยาม 0,ก.,"ดูหมิ่น, ดูถูก."
หยามน้ำหน้า 0,ก.,"ดูหมิ่นเกียรติ, ดูหมิ่นศักดิ์ศรี."
หยาว 0,ก.,"ยั่วให้รำคาญ, ยั่วให้โกรธ."
หย้าว 0,น.,เหย้า.
หยำเป 0,ว.,มีความประพฤติเละเทะหมกมุ่นในอบายมุข เช่น เขาเป็นคนหยำเป
หยำเป 1,ว.,อาการที่เมามายจนครองสติไม่อยู่ ในคำว่า เมาหยำเป.
หยำเหยอะ 0,ว.,"อาการที่เคี้ยวซ้ำ ๆ น่ารังเกียจ, อาการที่พูดซ้ำซากน่าเบื่อ."
หยำแหยะ 0,ว.,"อาการที่เคี้ยวซ้ำ ๆ น่ารังเกียจ, อาการที่พูดซ้ำซากน่าเบื่อ."
หยิก 0,ก.,"ใช้เล็บ ๒ เล็บตามปรกติเป็นเล็บนิ้วหัวแม่มือกับเล็บนิ้วชี้จิกลงไปที่เนื้อแล้วบิด, ใช้นิ้วหัวแม่มือกับนิ้วชี้หนีบเนื้อแล้วบิด."
หยิก 1,ว.,"งอ, หงิก, ยู่ยี่, (ใช้แก่ผม ขน หรือใบไม้)."
หยิกแกมหยอก 0,ก.,เหน็บแนมทีเล่นทีจริง.
หยิกเล็บ 0,ก.,ใช้เล็บหัวแม่มือกดลงบนดินเหนียวหรือขี้ผึ้งเป็นต้นเพื่อทำเครื่องหมายไว้.
หยิกเล็บเจ็บเนื้อ 0,*สำ.,เมื่อกระทำความเดือดร้อนให้แก่คนใกล้ชิดก็จะมีผลกระทบถึงตัวผู้กระทำหรือคนในพวกเดียวกันด้วย เช่น ฟ้องร้องพี่น้องกันเองเป็นการหยิกเล็บเจ็บเนื้อ.
หยิกหย็อง 0,ก.,หยิกเป็นฝอย เช่น ผมหยิกหย็อง.
หยิ่ง 0,ว.,"จองหอง, อวดดี, ลำพอง, ถือตัว."
หยิบ 0,ก.,เอานิ้วมือจับขึ้น.
หยิบ 1,น.,"ประมาณของเท่า ๒ นิ้วมือหรือ ๓ นิ้วมือหยิบขึ้นครั้งหนึ่ง, หยิบมือ ก็เรียก."
หยิบผิด 0,ก.,"สรรหาเอาผิดจนได้, จับผิด."
หยิบมือ 0,น.,"ประมาณของเท่า ๒ นิ้วมือหรือ ๓ นิ้วมือหยิบขึ้นครั้งหนึ่ง, หยิบ ก็เรียก."
หยิบมือเดียว 0,น.,จำนวนน้อยมาก เช่น มีทหารแค่หยิบมือเดียวจะไปรบกับใครเขาได้.
หยิบยก 0,ก.,"ยกขึ้นอ้าง เช่น หยิบยกเรื่องอดีตขึ้นมาพูด, (กลอน) ยกหยิบ."
หยิบยืม 0,ก.,ยืมสิ่งของบางอย่างที่พอหยิบได้.
หยิบหย่ง 0,ว.,"กรีดกราย, ทำอะไรไม่จริงจัง, ไม่เอาการเอางาน, เช่น ท่าทางหยิบโหย่งอย่างนี้ จะไปทำมาหากินอะไรได้."
หยิบโหย่ง 0,ว.,"กรีดกราย, ทำอะไรไม่จริงจัง, ไม่เอาการเอางาน, เช่น ท่าทางหยิบโหย่งอย่างนี้ จะไปทำมาหากินอะไรได้."
หยิม ๆ 0,ว.,อาการที่ฝนตกพรำประปราย.
หยี่ 0,น.,ผ้าพื้นขาวปักด้วยด้ายเป็นดอกดวงต่าง ๆ.
หยี 0,ก.,หรี่ (ใช้แก่ตา) ในคำว่า หยีตา.
หยี 1,ว.,"หรี่, ที่แคบเรียวเล็ก, ในคำว่า ตาหยี."
หยี 2,น.,"ชื่อไม้ต้น ๓ ชนิดในสกุล Dialium วงศ์ Leguminosae ผลมีเมล็ดเดียว เมื่อแก่เปลือกกรอบสีดำ เนื้อหุ้มเมล็ดสีนํ้าตาล รสเปรี้ยวอมหวาน คือ ชนิด D. indicum L. ลูกหยีที่เป็นของกินเล่นส่วนใหญ่เป็นผลของต้นนี้, กาหยีเขา ก็เรียก, หยีท้องบึ้ง (D. platysepalumBaker), และชนิด D. cochinchinense Pierre ชนิดหลังนี้ เขลง ก็เรียก, อีสานเรียก นางดำ."
หยุ 0,ว.,"น่วม, อาการที่อ่อนจนกดบู้ลงได้."
หยุกหยิก 0,ก.,ขยุกขยิก.
หยุด 0,ก.,"ชะงัก เช่น งูเลื้อยตัดหน้าเขาจึงหยุด, อยู่นิ่ง, อยู่กับที่, เช่น รถหยุด"
หยุด 1,ก.,"พัก เช่น หยุดงานตอนเที่ยง, ไม่กระทำต่อ เช่น หยุดกิจการ, เลิก เช่น เขาพูดไม่หยุด."
หยุดหย่อน 0,ว.,เว้นระยะ มักใช้ในประโยคปฏิเสธ เช่น ทำงานไม่หยุดหย่อน คือ ทำงานไม่เว้นระยะ.
หยุ่น 0,ว.,ยุบลงไปแล้วคืนตัวได้.
หยุบ ๆ 0,ว.,อาการที่ขึ้น ๆ ลง ๆ เช่น นกเด้าลมทำหางหยุบ ๆ.
หยุมหยิม 0,ว.,จุกจิก เช่น เขาเป็นคนหยุมหยิม.
หยุมหยิม 1,ก.,"จู้จี้, ชอบถือเอาเรื่องเล็ก ๆ น้อย ๆ ว่าเป็นเรื่องสำคัญ, เช่น อย่าไปหยุมหยิมกับเขามากนัก."
หยูกยา 0,น.,ยารักษาโรค.
หโยดม 0,น.,ม้าอย่างดี.
หรคุณ 0,น.,จำนวนวันตั้งแต่แรกตั้งศักราชมา
หรคุณ 1,น.,เรียกชาดสีแดงเสน ว่า ชาดหรคุณ.
หรณะ 0,น.,การนำไป.
หรดาล 0,น.,แร่ชนิดหนึ่ง ประกอบด้วยธาตุสารหนูและกำมะถัน มีปรากฏในธรรมชาติ ๒ ชนิด คือ หรดาลแดงกับหรดาลกลีบทอง มักจะปรากฏอยู่ปนกัน ในปัจจุบันสามารถสังเคราะห์ขึ้นได้ทั้ง ๒ ชนิด.
หรดาลกลีบทอง 0,น.,หรดาลที่มีลักษณะเป็นผลึกแท่งเข็มสั้น เป็นเม็ด เป็นแผ่นอัดแน่น หรือเป็นผง อ่อนนุ่ม มีค่าความถ่วงจำเพาะ ๓.๔๙ สีเหลือง เป็นมัน มีสูตรเคมี As_2S_3 ใช้ประโยชน์เป็นสารให้สีเหลือง ใช้เขียนลายรดนํ้า สมุดดำ เป็นต้น.
หรดาลแดง 0,น.,"หรดาลที่มีลักษณะเป็นผลึกแท่งเข็มสั้น เป็นเม็ด หรือเป็นก้อนอัดแน่น อ่อนนุ่ม มีค่าความถ่วงจำเพาะ ๓.๕ สีแดงหรือแดงส้ม เป็นมัน มีสูตรเคมี AsS, As_2S_2, As_4S_4 ใช้ประโยชน์ในอุตสาหกรรมหนังสัตว์ ใช้เป็นตัวทำให้ขนร่วง ใช้ในงานอุตสาหกรรมทำกระสุนปืนส่องวิถี ใช้ในงานความร้อนสูง เช่น ดอกไม้ไฟ พลุสี ใช้เป็นสารฆ่าสัตว์แทะ เช่น หนู และใช้เป็นสีทา."
หรดี 0,น.,ทิศตะวันตกเฉียงใต้.
หรบ ๆ 0,ว.,หรับ ๆ.
หรรษ- 0,น.,"ความรื่นเริง, ความยินดี."
หรรษา 0,น.,"ความรื่นเริง, ความยินดี."
หรอ 0,ก.,"สึกเข้าไป, กร่อนเข้าไป, ในคำว่า สึกหรอ ร่อยหรอ."
หรอก 0,ว.,คำประกอบใช้ในความแย้งหรือปฏิเสธ เช่น ไม่เป็นไรหรอก.
หร็อมแหร็ม 0,ว.,"มีเล็กน้อย, มีห่าง ๆ ไม่เป็นพวกเป็นหมู่, เช่น ต้นไม้ขึ้นหร็อมแหร็ม, กะหร็อมกะแหร็ม หรือ หย็อมแหย็ม ก็ว่า."
หรอย ๆ 0,ว.,"ต้อย ๆ, หย็อย ๆ, (ใช้แก่กิริยาที่เด็กวิ่ง)."
หระ 0,น.,ชื่อพระอิศวร.
หรับ ๆ 0,ว.,"เร่า ๆ, สั่นรัว, (ใช้แก่กิริยาดิ้นเป็นต้น), หรบ ๆ ก็ว่า."
หรัสว- 0,ว.,สั้น
หรัสว- 1,ว.,"เล็ก, น้อย"
หรัสว- 2,ว.,"ตํ่า, เตี้ย."
หรัสวมูรดี 0,ว.,"มีร่างเล็ก, เตี้ย."
หรัสวางค์ 0,น.,คนเตี้ย.
หรัสวางค์ 1,ว.,มีร่างเตี้ย.
หรา 0,ว.,"ก๋า, ร่า, เช่น เต้นหรา."
หริ 0,น.,ชื่อพระนารายณ์.
หริ 1,ว.,"สีขมิ้น, สีเหลืองอมแดง, สีเขียว."
หริคันธ์ 0,น.,จันทน์แดง.
หริ่ง 0,น.,"ชื่อหนูขนาดเล็กถึงขนาดปานกลางหลายชนิด ในวงศ์ Muridae เช่น หนูหริ่งบ้าน (Mus musculus Linn.) มีขนลำตัวสีน้ำตาลเข้ม หัวค่อนข้างแบน หน้าสั้น ฟันเล็ก ขาสีดำ ปลายนิ้วสีขาว ฝ่าตีนสีเข้ม หางยาวสีดำ เคลื่อนไหวได้รวดเร็วและกระโดดเก่ง ในประเทศไทยมีผู้พบบางตัวมีแถบสีเหลืองพาดตามขวางบริเวณกลางลำตัวใกล้โคนขาหลัง แยกเป็นชนิดย่อย M. m. castaneusWaterhouse, หนูหริ่งไม้หางพู่ [Chiropodomys gliroides (Blyth)] มีขนลำตัวค่อนข้างยาว ด้านหลังสีน้ำตาลคล้ำ ท้องสีขาว หางยาว มีแผงขนสีขาวและดำตั้งแต่กลางหางไปถึงปลาย ปลายหางเป็นพู่สีขาว อาศัยอยู่ตามป่า."
หริ่ง ๆ 0,ว.,เสียงร้องของเรไร.
หริจันทน์ 0,น.,จันทน์แดง.
หริณะ 0,น.,"กวาง, เนื้อชนิดหนึ่ง, กระต่าย."
หริณะ 1,ว.,"สีขมิ้น, สีเหลืองอมแดง, สีเขียว."
หริต 0,น.,ของเขียว
หริต 1,น.,"ผัก, หญ้า."
หริต 2,ว.,เขียว
หริต 3,ว.,"สีนํ้าตาล, สีเหลือง, สีเหลืองอ่อน."
หริตกี 0,น.,ต้นสมอไทย.
หริรักษ์ 0,น.,พระนารายณ์.
หริวงศ์ 0,น.,วงศ์หรือเชื้อพระนารายณ์คือพระรามเป็นต้น.
หรี่ 0,ก.,ลดให้น้อยลงหรือเบาลง เช่น หรี่ไฟ หรี่วิทยุ.
หรี่ 1,ว.,แคบ ในคำว่า ตาหรี่.
หรีด 0,น.,"ดอกไม้ที่จัดแต่งขึ้นตามโครงรูปต่าง ๆ เช่น วงกลม วงรี มักมีใบไม้เป็นส่วนประกอบด้วย สำหรับใช้เคารพศพ, พวงหรีด ก็เรียก."
หรีตกี 0,น.,ต้นสมอไทย.
หรี่ตา 0,ก.,ทำตาให้หยีลงเพื่อให้แสงสว่างเข้าตาน้อยหรือเพื่อเป็นอาณัติสัญญาณบางอย่าง.
หรือ 0,สัน.,คำบอกความให้เลือกเอาอย่างใดอย่างหนึ่ง เช่น จะเอาเงินหรือทอง
หรือ 1,สัน.,คำประกอบกับประโยคคำถาม เช่น ไปหรือ.
หรุบ ๆ 0,ว.,อาการของสิ่งที่ร่วงลงมาพรู เรียกว่า ร่วงหรุบ ๆ.
หรุบรู่ 0,ว.,"มีแสงมัวจนมองอะไรไม่เห็นถนัดชัดเจน เช่น แสงเดือนหรุบรู่, รุบรู่ หรือ รุบหรู่ ก็ว่า."
หรุบหรู่ 0,ว.,"มีแสงมัวจนมองอะไรไม่เห็นถนัดชัดเจน เช่น แสงเดือนหรุบรู่, รุบรู่ หรือ รุบหรู่ ก็ว่า."
หรุ่ม 0,น.,ชื่ออาหารอย่างหนึ่ง ไส้ทำด้วยหมูหั่นเป็นชิ้นเล็ก ๆ ผัดกับถั่วลิสง หัวหอม และเครื่องปรุง ห่อด้วยไข่โรยฝอยขนาดพอดีคำ.
หรุ่ม 1,น.,ชื่อเพลงไทยอัตรา ๒ ชั้น หน้าทับปรบไก่
หรุ่ม 2,น.,ชื่อเพลงไทยประเภทเพลงเถา.
หรู 0,ว.,สวยงามด้วยการรู้จักประดับตกแต่งเกินกว่าปรกติธรรมดา เช่น แต่งตัวสวยหรู จัดห้องเสียหรูหรา.
หรูหรา 0,ว.,สวยงามด้วยการรู้จักประดับตกแต่งเกินกว่าปรกติธรรมดา เช่น แต่งตัวสวยหรู จัดห้องเสียหรูหรา.
หฤทย์ 0,ว.,เกี่ยวแก่ใจ
หฤทย์ 1,ว.,ภายใน
หฤทย์ 2,ว.,น่ารัก.
หฤทัย 0,น.,"หัวใจ, ใจ, ราชาศัพท์ใช้ว่า พระราชหฤทัย พระหฤทัย หมายถึง จิตใจ."
หฤทัย- 0,น.,"หัวใจ, ใจ, ราชาศัพท์ใช้ว่า พระราชหฤทัย พระหฤทัย หมายถึง จิตใจ."
หฤทัยกลม 0,น.,คนมีใจอ่อน.
หฤทัยกัปน์ 0,น.,อาการเต้นแห่งใจ.
หฤทัยกัมป์ 0,น.,อาการเต้นแห่งใจ.
หฤทัยปรีย์ 0,ว.,"น่ารัก, ชื่นใจ."
หฤทัยพันธน์ 0,ว.,"ผูกใจ, ชวนใจ, จับใจ."
หฤษฎ์ 0,ว.,"น่าชื่นชม, ยินดี"
หฤษฎ์ 1,ว.,"สนุก, สบาย, ดีใจ."
หฤษฎี 0,น.,"ความยินดี, ความปลาบปลื้ม."
หฤหรรษ์ 0,ว.,"ยินดี, ชื่นชม, ร่าเริง."
หฤโหด 0,ว.,"ชั่วร้าย, เลวทราม, ใจร้าย."
หลง 0,ก.,"สำคัญผิด, เข้าใจผิด, เช่น กาหลงเข้าใจว่าไข่นกดุเหว่าเป็นไข่ของตน"
หลง 1,ก.,"หมกมุ่น, มัวเมา, คลั่งไคล้, เคลิบเคลิ้ม, เช่น หลงในอบายมุข หลงเสน่ห์"
หลง 2,ก.,"พลัด เช่น กาหลงเข้าไปในฝูงหงส์, เข้าไปแล้วหาทางออกไม่ได้ เช่น หลงป่า หลงทาง"
หลง 3,ก.,"เหลืออยู่, ตกค้างอยู่, เช่น มะม่วงหลง ฝนหลงฤดู"
หลง 4,ก.,"มีความจำเลอะเลือน, สติเฟือนไป, เช่น พอแก่ก็ชักจะหลงแล้ว"
หลง 5,ก.,เรียกเสียงที่แผดดังผิดปรกติ หรือเสียงที่ผิดระดับเสียงดนตรี ว่า เสียงหลง.
หลง ๆ ลืม ๆ 0,ว.,"เลอะเลือน, จำได้บ้างไม่ได้บ้าง, ขี้หลงขี้ลืม ก็ว่า."
หลงกล 0,ก.,แพ้รู้ในกลอุบาย.
หลงจู๊ 0,น.,ผู้จัดการ.
หลงตา 0,ว.,"ตกค้างอยู่โดยไม่เห็น, ปล่อยให้ผ่านสายตาไปโดยไม่ทันได้สังเกตเห็น."
หลงผิด 0,ก.,"สำคัญผิด, เข้าใจไม่ถูกต้อง"
หลงผิด 1,ก.,หลงประพฤติไปในทางที่ผิด.
หลงลม 0,ก.,หลงเชื่อถ้อยคำ เช่น อย่าหลงลมปากคนชวนไปหาลาภทางไกล.
หลงลมปาก 0,ก.,หลงเชื่อถ้อยคำ เช่น อย่าหลงลมปากคนชวนไปหาลาภทางไกล.
หลงละเมอ 0,ก.,"สำคัญผิด, หลงเพ้อ, เช่น เขาแต่งงานไปนานแล้ว ยังหลงละเมอว่าเขาเป็นโสดอยู่."
หลงลืม 0,ก.,"มีความจำเลอะเลือน, มีความจำเสื่อมจึงทำให้ลืม, มีสติเฟือนไป."
หลงหูหลงตา 0,ว.,"ตกค้างอยู่โดยไม่เห็น, ปล่อยให้ผ่านสายตาไปโดยไม่ทันได้สังเกตเห็น."
หลงเหลือ 0,ก.,มีเหลืออยู่บ้างทั้ง ๆ ที่เข้าใจหรือรู้สึกว่าหมดแล้ว เช่น ยังมีเศษสตางค์หลงเหลืออยู่ในกระเป๋า.
หลงใหล 0,ก.,คลั่งไคล้ในสิ่งใดสิ่งหนึ่ง เช่น หลงใหลนักร้อง
หลงใหล 1,ก.,"เลอะเลือน, มีสติเฟือน, เช่น คนแก่มักหลงใหล กินแล้วก็ว่าไม่ได้กิน."
หลงใหลได้ปลื้ม 0,ก.,ตื่นเต้นยินดีเมื่อตนเองหรือผู้อื่นได้ดิบได้ดีเป็นต้น เช่น อย่ามัวหลงใหลได้ปลื้มกับรางวัลจนลืมหน้าที่การงานของตน.
หลด 0,น.,ชื่อปลานํ้าจืดทุกชนิดในสกุล Macrognathus วงศ์ Mastacembelidae ลำตัวยาว แบนข้าง หัวแหลมท้ายแหลม จะงอยปากยื่นเป็นติ่งเนื้อคล้ายงวง เกล็ดเป็นแบบเกล็ดเรียบขนาดเล็กมาก.
หลด 1,น.,"ชื่อปลาไหลทะเลในสกุล Muraenesox และ Congresox วงศ์ Muraenesocidae ลำตัวยาวทรงกระบอก ส่วนหางแบนข้าง ไม่มีเกล็ด ปากแหลมอ้าได้กว้าง จะงอยปากบนยาวล้ำขากรรไกรล่าง ฟันคมแข็งแรง ครีบอกใหญ่ พื้นลำตัวและครีบสีน้ำตาลอ่อนปนเหลืองหรือคล้ำ ด้านท้องสีขาว ขอบครีบหลัง ครีบก้นและครีบหางสีดำ ขนาดยาวได้ถึง ๒.๕ เมตร, เงี้ยว หลด ไหล หรือ มังกร ก็เรียก."
หลน 0,ก.,เคี่ยวของบางอย่างเช่นปลาร้าปลาเจ่าให้ละลายและงวดข้น เพื่อปรุงเป็นอาหาร.
หลน 1,น.,อาหารประเภทเครื่องจิ้มชนิดหนึ่ง ประกอบด้วยกะทิ หัวหอม หมูหรือกุ้งสับ เคี่ยวรวมกันแล้วใส่ปลาร้าหรือเต้าเจี้ยวแห้งเป็นต้น อย่างใดอย่างหนึ่ง เรียกชื่อตามนั้น ปรุงรสให้เปรี้ยว เค็ม หวาน เช่น ปลาร้าหลน เต้าเจี้ยวหลน เต้าหู้ยี้หลน ปลากุเลาหลน รับประทานกับผักสด.
หล่น 0,ก.,ถูกทำให้ตกลงมา เช่น หนังสือหล่นจากโต๊ะ
หล่น 1,ก.,โดยปริยายหมายความว่า ลดลงต่ำ เช่น เขาเคยได้อันดับที่ ๑ มาตลอด ปีนี้หล่นลงมาอยู่อันดับที่ ๑๐.
หลบ 0,ก.,"หลีก, เลี่ยงไม่ให้พบ, เลี่ยงไม่ให้ถูก เช่น หลบลูกปืน"
หลบ 1,ก.,แอบ เช่น หลบเข้าหลังตู้
หลบ 2,ก.,กลับเข้าใน เช่น ไข้หลบ
หลบ 3,ก.,ปกคลุมหลุบลงมา (ใช้เฉพาะการมุงหลังคาตรงอกไก่).
หลบฉาก 0,ก.,"หลบอย่างมีชั้นเชิง (ใช้ในกีฬามวย), โดยปริยายหมายความว่า หลีกหนีไม่ให้พบหน้า."
หลบตา 0,ก.,"หลีกไม่จับตา, ไม่กล้าสบตา, ไม่สู้สายตา."
หลบฝาก 0,น.,ประเพณีที่ชายเข้าไปอาศัยรับใช้การงานให้กับหญิง.
หลบมุม 0,ก.,หลีกเลี่ยง.
หลบลี้หนีหน้า 0,ก.,หลีกหนีไปไม่ยอมให้พบหน้า.
หลบหน้า 0,ก.,หลบไปไม่เผชิญหน้า.
หลบหน้าหลบตา 0,ก.,หลบไปไม่เผชิญหน้า.
หลบหนี้ 0,ก.,หลบไม่ยอมพบเจ้าหนี้.
หลบหลังคา 0,ก.,ปิดหลังคาที่ตรงสันหลังคาให้มิดไม่ให้ฝนรั่วได้.
หลบหลังคา 1,น.,เครื่องมุงที่ใช้ปิดสันหลังคาให้มิดไม่ให้ฝนรั่วได้
หลบหลังคา 2,น.,วิธีสอยชายผ้าอย่างหนึ่ง.
หล่ม 0,น.,"ที่มีโคลนลึก, ที่ลุ่มด้วยโคลนลึก."
หล่ม 1,ว.,"มีโคลนลึก, ลุ่มด้วยโคลนลึก."
หลวง 0,ว.,ที่เป็นของพระมหากษัตริย์ เช่น ศาลหลวง วังหลวง
หลวง 1,ว.,"เป็นใหญ่ เช่น ภรรยาหลวง, ใหญ่ เช่น เขาหลวง ผึ้งหลวง"
หลวง 2,ว.,สาธารณะ เช่น ทางหลวง.
หลวง 3,น.,บรรดาศักดิ์ข้าราชการ สูงกว่าขุน ต่ำกว่าพระ เช่น หลวงวิจิตรวาทการ
หลวง 4,น.,"คำเรียกพระภิกษุโดยความเคารพ เช่น หลวงปู่ หลวงพี่ หลวงน้า, คำเรียกพระจีน พระญวน ว่า หลวงจีน หลวงญวน."
หลวง 5,น.,กุ้งหลวง. (ดู ก้ามกราม).
หลวงจีน 0,น.,ชื่อสมณศักดิ์พระสงฆ์จีนตั้งแต่ระดับพระคณานุกรมของเจ้าคณะใหญ่และรองเจ้าคณะใหญ่ จนถึงผู้ช่วยเจ้าคณะใหญ่ เช่น หลวงจีนวินยานุกร หลวงจีนคณาณัติจีนพรต หลวงจีนใบฎีกา.
หลวงพ่อ 0,น.,คำเรียกพระพุทธรูปโดยความเคารพ เช่น หลวงพ่อโสธร หลวงพ่อแก้ว หลวงพ่อวัดไร่ขิง
หลวงพ่อ 1,น.,คำเรียกพระภิกษุที่เป็นพ่อหรืออยู่ในวัยเดียวกับพ่อ.
หลวม 0,ว.,"ไม่แน่น, ไม่สนิท, เช่น นอตตัวนี้หลวม"
หลวม 1,ว.,"ใหญ่เกินพอดี, ยังมีที่ว่างเหลืออยู่, เช่น จัดของใส่กระเป๋าหมดแล้ว กระเป๋ายังหลวมอยู่"
หลวม 2,ว.,"โดยปริยายหมายความว่า ไม่กระชับ, ไม่รัดกุม, เช่น สำนวนหลวมไป เหตุผลยังหลวมอยู่, ไม่รอบคอบ เช่น สัญญาฉบับนี้ทำไว้หลวมเกินไป."
หลวมตัว 0,ก.,เผลอไผลหรือถลำตัวเข้าไปโดยเข้าใจผิดหรือเพราะเท่าไม่ถึงการณ์เป็นต้น เช่น เขาหลวมตัวเล่นการพนันจนหมดตัว.
หลอ 0,ว.,"ใช้ประกอบกับคำ เหลือ เป็น เหลือหลอ หมายความว่า หลงเหลืออยู่ เช่น รถชนกันอย่างนี้ จะมีอะไรเหลือหลอเล่า, ถ้าใช้ในความปฏิเสธหมายความว่า หมดเกลี้ยง เช่น กินเสียจนไม่มีอะไรเหลือหลอ"
หลอ 1,ว.,เรียกฟันที่มีช่องว่างระหว่างฟันซึ่งเกิดจากฟันหลุด กร่อน หรือหักจนถึงโคนฟันเป็นต้น ว่า ฟันหลอ.
หล่อ 0,ก.,เทโลหะเหลวหรือขี้ผึ้งเหลวเป็นต้นลงในแม่พิมพ์ แล้วทิ้งให้แข็งเป็นรูปตามแบบ (มักใช้ในงานประติมากรรมและอุตสาหกรรม) เช่น หล่อพระพุทธรูป หล่อกระทะ หล่อกระบอกปืนใหญ่
หล่อ 1,ก.,ขังน้ำหรือน้ำมันไว้เพื่อรักษาสิ่งใดสิ่งหนึ่งให้คงสภาพ เช่น เอาน้ำหล่อคอนกรีตไว้ เอาน้ำมันจันทน์หล่อรักยม.
หล่อ 2,ว.,งาม เช่น รูปหล่อ.
หลอก 0,ก.,"ทำให้เข้าใจผิดสำคัญผิด เช่น หลอกขายของปลอม, ทำให้ตกใจ เช่น ผีหลอก, ล้อ เช่น แลบลิ้นหลอก"
หลอก 1,ก.,ขัดกัน เช่น สีหลอกกัน.
หลอก 2,ว.,"ไม่จริง เช่น เผาหลอก, เล่น ๆ เช่น ทำหลอก ๆ ชกกันหลอก ๆ."
หลอก ๆ 0,ว.,"ไม่จริง เช่น เผาหลอก, เล่น ๆ เช่น ทำหลอก ๆ ชกกันหลอก ๆ."
หลอกตา 0,ก.,ทำให้เห็นขนาด ระยะทาง เป็นต้น ผิดไปจากความเป็นจริง เช่น ที่แปลงนี้หลอกตา ดูเล็กนิดเดียวแต่มีเนื้อที่หลายไร่.
หลอกตา 1,ว.,ที่ทำให้เห็นขนาดหรือรูปร่างผิดไปจากความเป็นจริง เช่น เสื้อตัวนี้หลอกตา ใส่แล้วดูผอม กระจกหลอกตา.
หลอกลวง 0,ก.,"ใช้อุบายทุจริตลวงให้เข้าใจผิด, (กฎ) แสดงข้อความอันเป็นเท็จหรือปกปิดข้อความจริงซึ่งควรบอกให้แจ้ง เพื่อให้บุคคลอื่นเข้าใจผิด."
หลอกล่อ 0,ก.,"หลอกให้เชื่อโดยมีเครื่องจูงใจ, ล่อหลอก ก็ว่า."
หลอกล้อ 0,ก.,"ทำกิริยาอาการเย้าเล่น, ล้อหลอก ก็ว่า."
หลอกเล่น 0,ก.,"แสดงกิริยาหรือวาจาเพื่อความสนุก, ล้อเล่น ก็ว่า."
หลอกหลอน 0,ก.,"เกิดปรากฏการณ์ที่ทำให้สะดุ้งตกใจกลัว เช่น ถูกผีหลอกหลอน, อาการที่ภาพหรือเสียงอันน่ากลัว น่าหวาดเสียว หรือสะเทือนใจที่ตนเคยประสบมา คอยรบกวนจิตใจอยู่ เช่น ภาพเด็กที่ถูกรถชนตายมาคอยหลอกหลอนจิตใจอยู่ตลอดเวลา."
หลอด 0,น.,"ของกลมยาวขนาดเล็กที่มีรูตลอด เช่น หลอดกาแฟ หลอดแก้ว, โดยปริยายเรียกสิ่งของบางอย่างที่มีลักษณะคล้ายคลึงเช่นนั้น เช่น หลอดตะเกียง หลอดไฟฟ้า หลอดวิทยุ หลอดนีออน หลอดทดลอง, เรียกแกนที่มีช่วงกลางคอดคล้ายลูกล้อสำหรับพันด้ายว่า หลอดด้าย, เรียกด้ายที่พันหลอดเช่นนั้น ว่า ด้ายหลอด, ลักษณนามเรียกสิ่งที่มีลักษณะเช่นนั้น เช่น ยาฉีด ๓ หลอด."
หลอด 1,น.,ชื่อหอยทะเลกาบคู่หลายชนิด ในวงศ์ Solenidae เปลือกประกบกันเป็นรูปทรงกระบอก มีช่องเปิดทั้งด้านหน้าและด้านท้าย มีสีเขียว เขียวอมเหลือง น้ำตาลอมเหลือง ฝังตัวอยู่ใต้พื้นที่เป็นโคลน เช่น ชนิด Solen strictus Gould ดอนหอยหลอด จังหวัดสมุทรสงครามได้ชื่อเพราะมีหอยชนิดนี้ชุกชุม.
หลอดลม 0,น.,ทางเดินอากาศหายใจส่วนล่าง อยู่ระหว่างท่อลมส่วนอกกับถุงลมปอด.
หลอดลมฝอย 0,น.,ทางเดินอากาศหายใจส่วนล่างในปอด ขนาดไม่เกิน ๑ มิลลิเมตร.
หลอดเลือด 0,น.,"ส่วนของร่างกายที่มีลักษณะเป็นหลอดสำหรับนำเลือดไปสู่หรือออกจากส่วนต่าง ๆ ของร่างกาย, เส้นเลือด ก็เรียก."
หล่อดอก 0,ก.,เอายางรถยนต์ที่สึกแล้วไปเสริมดอกยางเพื่อให้มีสภาพดีขึ้น.
หลอดอาหาร 0,น.,ทางเดินอาหารอยู่ระหว่างคอหอยส่วนล่างกับกระเพาะอาหาร.
หลอน 0,ก.,อาการที่ภาพซึ่งน่ากลัวหรือน่าสะเทือนใจคงอยู่ในมโนภาพ เช่น ภาพที่เด็กถูกรถทับตายต่อหน้าต่อตามาหลอนอยู่ตลอดเวลา.
หล่อน 0,ส.,"คำใช้แทนผู้ที่เราพูดด้วย เพศหญิง สำหรับผู้ใหญ่ใช้เรียกผู้น้อย เป็นสรรพนามบุรุษที่ ๒, (โบ) สรรพนามบุรุษที่ ๒ และที่ ๓ ใช้เรียกได้ทั้งบุรุษและสตรี เช่น จงทรงพระกรุณาโปรด ขอประทานโทษเจ้าเวสสันดร หล่อนกระทำละเมิดจิตผิดกระทรวง (ม. ร่ายยาว ทานกัณฑ์)."
หล็อน 0,ว.,"น้อยไป, เล็กไป, เช่น ของนี้หล็อนมือ, ไม่สมส่วน เช่น แจกันใบใหญ่ มีดอกไม้ปักอยู่ ๒-๓ ดอก ดูแล้วหล็อนตา"
หล็อน 1,ว.,รู้สึกว่าไม่เป็นไปตามที่ควรจะมีจะเป็น เช่น เคยสวมนาฬิกาข้อมือทุกวัน แต่วันนี้ลืมสวม เลยรู้สึกหล็อน ๆ มือ.
หล็อน ๆ 0,ว.,"น้อยไป, เล็กไป, เช่น ของนี้หล็อนมือ, ไม่สมส่วน เช่น แจกันใบใหญ่ มีดอกไม้ปักอยู่ ๒-๓ ดอก ดูแล้วหล็อนตา"
หล็อน ๆ 1,ว.,รู้สึกว่าไม่เป็นไปตามที่ควรจะมีจะเป็น เช่น เคยสวมนาฬิกาข้อมือทุกวัน แต่วันนี้ลืมสวม เลยรู้สึกหล็อน ๆ มือ.
หล่อน้ำ 0,ก.,"เอาน้ำใส่ภาชนะเพื่อรองรับสิ่งใดสิ่งหนึ่งกันไม่ให้มดขึ้น เช่น หล่อน้ำขาตู้กับข้าว, เอาสิ่งของบางอย่างใส่ไว้ในภาชนะแล้วเอาภาชนะนั้นวางไว้บนอีกภาชนะหนึ่งซึ่งขังน้ำไว้เพื่อกันไม่ให้มดขึ้น เช่น เอาจานขนมไปวางบนแก้วที่หล่อน้ำไว้"
หล่อน้ำ 1,ก.,เอาน้ำไปขังไว้ในภาชนะเพื่อใช้ในพระราชพิธีมูรธาภิเษกเป็นต้น.
หล่อน้ำมัน 0,ก.,เอาไส้ตะเกียงแช่ในตะเกียงหรือภาชนะที่ขังน้ำมันก๊าดหรือน้ำมันมะพร้าวไว้เพื่อจุดให้ไส้ติดไฟอยู่ตลอดเวลาเป็นต้น.
หลอม 0,ก.,"ทำให้ละลายด้วยความร้อน เช่น เขาหลอมทองคำด้วยไฟพ่นจากเป่าแล่น, โดยปริยายหมายถึงอบรมบ่มนิสัยให้มีจิตใจโน้มน้าวไปทางใดทางหนึ่ง เช่น หลอมความคิด หลอมจิตใจ, หล่อหลอม ก็ว่า."
หลอมตัว 0,ก.,"ละลายรวมกัน, เปลี่ยนภาวะเป็นของเหลวด้วยความร้อน เช่น เขาใช้ไฟจากเป่าแล่นพ่นจนทองคำหลอมตัว."
หลอมละลาย 0,ก.,เปลี่ยนสถานะจากของแข็งเป็นของเหลว.
หลอมละลาย 1,น.,เรียกอุณหภูมิที่ของแข็งเปลี่ยนสถานะเป็นของเหลว ว่า จุดหลอมละลาย จุดหลอมเหลว ขีดหลอมละลาย หรือ ขีดหลอมเหลว.
หลอมเหลว 0,ก.,เปลี่ยนสถานะจากของแข็งเป็นของเหลว.
หลอมเหลว 1,น.,เรียกอุณหภูมิที่ของแข็งเปลี่ยนสถานะเป็นของเหลว ว่า จุดหลอมละลาย จุดหลอมเหลว ขีดหลอมละลาย หรือ ขีดหลอมเหลว.
หล่อลื่น 0,ก.,เอาน้ำมันเป็นต้นใส่หรือทาสิ่งใดสิ่งหนึ่งเพื่อทำให้เคลื่อนไหวคล่อง.
หล่อลื่น 1,ว.,เรียกนํ้ามันที่ทำให้เครื่องจักรเดินคล่อง ว่า นํ้ามันหล่อลื่น.
หล่อเลี้ยง 0,ก.,ยังชีพไว้.
หล่อหลอม 0,ก.,"อบรมบ่มนิสัยให้จิตใจโน้มน้าวไปในทางใดทางหนึ่ง เช่น หล่อหลอมจิตใจให้เป็นคนดี, หลอม ก็ว่า."
หล่อเหลา 0,ว.,งามสมส่วน.
หละ 0,น.,ชื่อโรคที่เป็นแก่เด็กอ่อน เกิดจากสายสะดือเป็นพิษ มีอาการลิ้นกระด้างคางแข็ง.
หละหลวม 0,ว.,"สะเพร่า, ไม่ถ้วนถี่, ไม่รอบคอบ, เช่น ทำงานหละหลวม, ไม่รัดกุม เช่น งานรักษาความปลอดภัยในพิธีนี้หละหลวมมาก."
หลัก 0,น.,"เสาที่ปักไว้, ที่ผูก, ที่มั่น, เช่น เอาเรือไปผูกไว้กับหลัก"
หลัก 1,น.,เครื่องหมาย เช่น หลักเขต
หลัก 2,น.,"เครื่องยึดเหนี่ยว เช่น มีธรรมะเป็นหลักในการดำรงชีวิต, เครื่องจับยึด เช่น หลักแจว"
หลัก 3,น.,สาระที่มั่นคง เช่น พูดจาไม่มีหลัก หลักกฎหมาย หลักเศรษฐศาสตร์.
หลัก 4,น.,ตำแหน่งของตัวเลขซึ่งแสดงจำนวน คือ ถ้าเป็นเลขตัวเดียว เรียกว่า จำนวนหน่วย เลข ๒ ตัวเรียงกัน เรียกว่า จำนวนสิบ เลข ๓ ตัวเรียงกัน เรียกว่า จำนวนร้อย เลข ๔ ตัวเรียงกัน เรียกว่า จำนวนพัน เลข ๕ ตัว เรียงกัน เรียกว่า จำนวนหมื่น เลข ๖ ตัวเรียงกัน เรียกว่า จำนวนแสน เลข ๗ ตัวเรียงกัน เรียกว่า จำนวนล้าน เช่น ๙๘๗ เป็นจำนวนร้อย ๙ เป็นเลขหลักร้อย หมายถึง ๙๐๐ ส่วน ๘ เป็นเลขหลักสิบ หมายถึง ๘๐ และ ๗ เป็นเลขหลักหน่วย หมายถึง ๗.
หลัก 5,ว.,จำนวนแสน.
หลักกรรเชียง 0,น.,หลักกระเชียง.
หลักกระเชียง 0,น.,"หลักไม้เนื้อแข็งที่มักปักไว้ที่ข้างแคมเรือข้างละอันคู่กัน มีหูกระเชียงอยู่ข้างบนสำหรับพาดกระเชียง, หลักกรรเชียง ก็ว่า."
หลักการ 0,น.,สาระสำคัญที่ยึดถือเป็นแนวปฏิบัติ เช่น คณะกรรมการลงมติรับหลักการตามที่มีผู้เสนอ.
หลักเกณฑ์ 0,น.,หลักที่กำหนดไว้เพื่อใช้วินิจฉัยและปฏิบัติตาม.
หลักแจว 0,น.,หลักไม้เนื้อแข็งที่มักปักไว้ริมกราบท้ายเรือสำหรับยึดแจว
หลักแจว 1,น.,ชื่อทรงผมแบบหนึ่ง. (ดู ผมหลักแจว).
หลักชัย 0,น.,"หลักที่กำหนดไว้ว่าผู้เข้าแข่งขันที่ไปถึงก่อนเป็นผู้ชนะ, โดยปริยายหมายถึงบุคคลที่เป็นหลักยึดเหนี่ยวเพื่อชัยชนะ เช่น พระมหากษัตริย์ทรงเป็นหลักชัยของชาติ"
หลักชัย 1,น.,จุดที่หมายแห่งความสำเร็จ เช่น เมื่อศึกษาจบปริญญาตรีก็เท่ากับบรรลุหลักชัยไปขั้นหนึ่งแล้ว.
หลักชัย 2,น.,ดูใน หลัก ๑.
หลักชัย 3,น.,"ชื่อหนึ่งของดาวฤกษ์ศรวณะ มี ๓ ดวง, ดาวพระฤๅษี ดาวศระวณะ หรือ ดาวสาวนะ ก็เรียก."
หลักฐาน 0,น.,"พื้นเพมั่นคง เช่น พ่อแม่เขาเป็นคนมีหลักฐาน, ความมั่นคงอันเป็นพื้นที่ตั้ง เช่น เขามีอาชีพการงานเป็นหลักฐาน"
หลักฐาน 1,น.,เครื่องแสดงประกอบเพื่อยืนยัน เช่น เขาถูกกล่าวหาโดยไม่มีหลักฐาน.
หลักฐานเป็นหนังสือ 0,น.,เอกสารที่ลงลายมือชื่อของฝ่ายที่ต้องรับผิด และมีข้อความแสดงว่าได้มีการทำนิติกรรมไว้.
หลักตอ 0,น.,อุปสรรคขัดขวาง.
หลักทรัพย์ 0,น.,ตราสารหรือหลักฐานแสดงสิทธิในทรัพย์สิน เช่น ตั๋วเงินคลัง พันธบัตร ตั๋วเงิน หุ้น หุ้นกู้ หน่วยลงทุน ใบสำคัญแสดงสิทธิที่จะซื้อหุ้น หุ้นกู้ หรือซื้อหน่วยลงทุน.
หลักบ้านหลักเมือง 0,น.,ผู้เป็นใหญ่ในการปกครองบ้านเมือง.
หลักประกัน 0,น.,หลักทรัพย์เพื่อความมั่นคง
หลักประกัน 1,น.,สิ่งที่ยึดถือเพื่อความมั่นคง เช่น ถ้าไม่ใช่คนมั่งมี ก็ควรมีวิชาไว้เป็นหลักประกัน.
หลักพยาน 0,น.,เครื่องประกอบการพิสูจน์ ได้แก่ พยานบุคคล พยานวัตถุ และพยานเอกสาร.
หลักเมือง 0,น.,เสาที่ยกตั้งขึ้นเพื่อแสดงว่าจะสร้างเมืองที่ตรงนั้นอย่างแน่นอน.
หลักลอย 0,ว.,"ไม่มีหลักแหล่ง, ไม่อยู่เป็นที่, เชื่อถือไม่ได้, เช่น เขาเป็นคนหลักลอย."
หลักวิชา 0,น.,ความรู้ที่เป็นหลักของแต่ละวิชา.
หลักสูตร 0,น.,ประมวลวิชาและกิจกรรมต่าง ๆ ที่กำหนดไว้ในการศึกษาเพื่อวัตถุประสงค์อย่างใดอย่างหนึ่ง.
หลักแหล่ง 0,น.,ที่ซึ่งอยู่ประจำ เช่น ทำงานเป็นหลักแหล่ง ตั้งบ้านเรือนเป็นหลักแหล่ง.
หลักแหลม 0,ว.,"คมคาย เช่น วาจาหลักแหลม, เฉียบแหลม เช่น ความคิดหลักแหลม, แหลมหลัก ก็ว่า."
หลั่ง 0,ก.,"ไหลลงหรือทำให้ไหลลงอย่างต่อเนื่อง เช่น หลั่งน้ำตา, รินลงมา เช่น หลั่งทักษิโณทก หลั่งน้ำสังข์."
หลัง 0,น.,ซีกของกายที่ตรงข้ามกับหน้าอก
หลัง 1,น.,ด้านที่อยู่ตรงข้ามกับด้านหน้าของสิ่งใดสิ่งหนึ่ง
หลัง 2,น.,ส่วนเบื้องบน เช่น หลังมือ หลังเท้า.
หลัง 3,ว.,"อยู่ตรงข้ามกับ ข้างหน้า, ตรงข้ามกับ ก่อน (ใช้แก่เวลาที่ผ่านพ้นไปแล้ว), ในลำดับถัดไป เช่น คนหลัง"
หลัง 4,ว.,ลักษณนามเรียกเรือนหรือสิ่งที่มีลักษณะอย่างเรือนว่า หลัง เช่น เรือนหลังหนึ่ง ศาลา ๒ หลัง.
หลัง 5,ก.,หลง มักใช้เข้าคู่กับคำ บ้า เป็น บ้าหลัง.
หลังกับ 0,น.,"ชื่อปาล์มชนิด Arenga westerhoutiiGriff. ในวงศ์ Palmae ขึ้นตามป่าดิบชื้นทางภาคใต้ ใบด้านล่างเป็นคราบสีเทา ไม่ใคร่หักหรือพับ จั่นเป็นพวงห้อย ออกผลเป็นทะลายใหญ่, รังกับ รังไก่ หรือ หลังกับ ก็เรียก."
หลังเขา 0,ว.,อยู่ห่างไกลเมืองหลวงทำให้ไม่รู้ข่าวคราวหรือเรื่องราว.
หลังเขียว 0,ก.,"ชื่อปลาทะเลหลายชนิดในสกุล Sardinella และ Herklotsichthys วงศ์ Clupeidae ลำตัวยาว แบนข้างมาก สันท้องบางคล้ายคมมีด เกล็ดบางหลุดง่าย เกล็ดในแนวสันท้องเป็นเหลี่ยมคมเรียงต่อกันคล้ายฟันเลื่อย ปากเล็กเชิดขึ้นเล็กน้อย ฟันเล็กมาก ซี่เหงือกมีจำนวนมาก ไม่มีก้านครีบแข็งหรือเงี่ยง ลำตัวสีเงิน เฉพาะด้านหลังสีนํ้าเงินเข้ม บนลำตัวที่ใกล้มุมแผ่นปิดเหงือกมักมีแต้มสีดำคลํ้า ๑ จุด ครีบหลังและครีบหางสีดำคลํ้าอมเหลือง ขนาดยาวได้ถึง ๑๘ เซนติเมตร, อกรา หรือ อกแล ก็เรียก, ส่วน กุแลกลม หรือ กุแลกล้วย หมายถึงชนิดในสกุล Dussumieria ซึ่งอยู่ในวงศ์เดียวกัน ลักษณะทั่วไปคล้ายกัน เว้นแต่มีลำตัวแบนข้างเล็กน้อย หัวแหลม ท้องกลม ไม่มีเกล็ดที่เรียงกันเป็นฟันเลื่อย ซี่เหงือกมีจำนวนน้อยและสั้น ขนาดยาวได้ถึง ๒๒ เซนติเมตร, อกรากล้วย หรือ อกแลกล้วย ก็เรียก, ทั้งหมดเป็นปลาผิวนํ้า อยู่กันเป็นฝูง ปลาขนาดเล็กอาจเข้ามาอยู่ใกล้ฝั่งหรือในนํ้ากร่อย, หลังเขียว ก็เรียก."
หลังคา 0,น.,ส่วนเบื้องบนของเรือนเป็นต้น สำหรับบังแดดและฝน.
หลังคาเรือน 0,น.,เรือนหรืออาคารที่ถือเอาทะเบียนบ้านเป็นหลักในการนับ เช่น หมู่บ้านนี้มี ๓๐ หลังคาเรือน.
หลังจาก 0,สัน.,ภายหลัง.
หลังฉัตร 0,น.,"ส่วนที่เป็นพื้นราบรอบปุ่มฆ้อง, ชานฉัตร ก็ว่า."
หลังฉาก 0,ว.,"ที่ไม่แสดงให้ปรากฏเปิดเผย เช่น เขาทำเป็นเศรษฐีใช้จ่ายฟุ่มเฟือย แต่ฐานะหลังฉากเต็มไปด้วยหนี้สิน, ตรงข้ามกับ หน้าฉาก."
หลังฉาก 1,น.,"ความเป็นไปหรือพฤติกรรมที่ไม่เปิดเผย, ตรงข้ามกับ หน้าฉาก."
หลังเต่า 0,ว.,มีลักษณะนูนโค้งขึ้น เช่น ถนนเป็นหลังเต่า ทับทิมเม็ดนี้เจียระไนแบบหลังเต่า.
หลังเต่า 1,น.,สันดอน.
หลังบ้าน 0,น.,ภรรยาของผู้มีอำนาจในวงราชการบ้านเมือง.
หลังยาว 0,ว.,"เรียกคนเกียจคร้านเอาแต่นอน ว่า ขี้เกียจหลังยาว, ขี้เกียจสันหลังยาว ก็ว่า."
หลั่งเลือด 0,ก.,เสียสละเลือดเนื้อเพื่อปกป้องแผ่นดินเป็นต้น.
หลังสู้ฟ้าหน้าสู้ดิน 0,ว.,ที่ต้องตรากตรำทำงานหนัก มักหมายถึง ชาวไร่ชาวนา ซึ่งในเวลาทำไร่ทำนาหลังต้องสู้กับแดด และหน้าต้องก้มลงดิน.
หลั่งไหล 0,ก.,ไหลไม่ขาดสาย เช่น สายน้ำหลั่งไหล
หลั่งไหล 1,ก.,ไหลมาเทมา เช่น เงินทองหลั่งไหล
หลั่งไหล 2,ก.,โดยปริยายหมายถึงมาอย่างต่อเนื่องไม่ขาดสาย เช่น ผู้คนหลั่งไหลกันมามืดฟ้ามัวดิน.
หลัด ๆ 0,ว.,"เมื่อไว ๆ, เมื่อเร็ว ๆ นี้."
หลั่น 0,ว.,"สูงตํ่าหรือก่อนหลังกันเป็นลำดับ, มักใช้เข้าคู่กับคำ ลด เป็น ลดหลั่น."
หลั่น 1,ก.,อาการที่ควั่นปลายเสาให้เหลือเป็นเดือยสำหรับรับขื่อ เรียกว่า หลั่นหัวเทียน.
หลับ 0,ก.,อาการพักผ่อนของร่างกายที่มีการรับรู้สภาพแวดล้อมน้อยลง.
หลับตา 0,ก.,"ปิดกลีบตา, โดยปริยายหมายถึงอาการที่ทำสิ่งใดสิ่งหนึ่งได้อย่างง่าย ๆ เพราะมีความเคยชินหรือมีความชำนาญมาก เช่น เรื่องอย่างนี้หลับตาทำก็ได้"
หลับตา 1,ก.,"อาการที่ทำสิ่งใดสิ่งหนึ่งอย่างลวก ๆ ไม่เรียบร้อย เช่น ทำรายงานอย่างกับหลับตาทำ, เดา เช่น หลับตาพูด."
หลับนก 0,ก.,นั่งหลับ.
หลับใน 0,ก.,หลับในใจ.
หลับใน 1,ว.,อาการที่คล้าย ๆ กับหลับ แต่ตายังลืมอยู่.
หลับหูหลับตา 0,ก.,อาการที่ทำสิ่งใดสิ่งหนึ่งอย่างลวก ๆ โดยไม่พินิจพิเคราะห์ให้รอบคอบเสียก่อน เช่น รายงานนี้ดูคล้ายกับหลับหูหลับตาทำ
หลับหูหลับตา 1,ก.,อาการที่ไม่รับรู้เหตุการณ์ใด ๆ เลย เช่น เรื่องนี้เขารู้กันทั่วบ้านทั่วเมืองแล้ว คุณมัวไปหลับหูหลับตาอยู่เสียที่ไหน
หลับหูหลับตา 2,ก.,อาการที่ต้องแข็งใจหรือฝืนใจทำ เช่น แม้ว่าอาหารจะไม่อร่อยก็ต้องหลับหูหลับตากลืนเข้าไป.
หลัว 0,น.,ภาชนะสานรูปคล้ายทรงกระบอก ก้นสอบปากผาย มีหูที่ขอบปาก ๒ ข้าง.
หลัว 1,ว.,"มัว, ไม่แจ่ม, ไม่กระจ่าง, เช่น ตอนเช้าใกล้สว่าง อากาศยังหลัว ๆ อยู่ มองอะไรไม่ค่อยชัด, ใช้ว่า สลัว ก็มี."
หลัว 2,น.,"ฟืน, ฟืนไม้ไผ่."
หลัว ๆ 0,ว.,"มัว, ไม่แจ่ม, ไม่กระจ่าง, เช่น ตอนเช้าใกล้สว่าง อากาศยังหลัว ๆ อยู่ มองอะไรไม่ค่อยชัด, ใช้ว่า สลัว ก็มี."
หลา 0,น.,มาตราวัด คือ ๓ ฟุต เป็น ๑ หลา เท่ากับ ๐.๙๑ เมตร.
หล่า 0,น.,ชื่อแมลงพวกมวนชนิด Scotinophara coarctata Fabricius ในวงศ์ Pentatomidae ลำตัวยาว ๗-๘ มิลลิเมตร รูปร่างคล้ายโล่ สีน้ำตาล เป็นแมลงศัตรูของข้าวโดยดูดกินน้ำเลี้ยงบริเวณโคนต้นข้าว ถ้าระบาดมากทำให้ต้นข้าวแห้งตายได้.
หล้า 0,น.,"โลก, แผ่นดิน."
หลาก 0,ว.,"ต่าง ๆ เช่น หลากสี, แปลก, ประหลาด, เช่น หลากใจ."
หลาก 1,ก.,ไหลมากผิดปรกติโดยกะทันหัน เช่น นํ้าหลาก.
หลากใจ 0,ว.,"แปลกใจ, ประหลาดใจ."
หลากหลาย 0,ว.,"หลายอย่างต่าง ๆ กัน, หลายหลาก ก็ว่า."
หลาทะ 0,ก.,"ชอบใจ, พอใจ."
หลาน 0,น.,ลูกของลูก
หลาน 1,น.,ลูกของพี่หรือของน้อง.
หลานหลวง 0,น.,พระราชนัดดาของพระมหากษัตริย์.
หลาบ 0,ก.,"เข็ด, ขยาดกลัว, มักใช้เข้าคู่กับคำ เข็ด เป็น เข็ดหลาบ."
หลาบ 1,น.,แผ่นโลหะที่ทำเป็นแผ่นคล้ายใบลาน ใช้ในการจารึก เช่น หลาบเงิน คือ หิรัญบัฏ หลาบคำ คือ สุพรรณบัฏ.
หลาบจำ 0,ก.,เข็ดจนไม่กล้าทำอีกต่อไป.
หลาม 0,น.,ชื่องูขนาดใหญ่ชนิด Python molurus (Linn.) ในวงศ์ Pythonidae ตัวอ้วน หางสั้น โตเต็มวัยยาวประมาณ ๔.๕ เมตร ลายสีนํ้าตาล ที่กลางหัวมีเส้นสั้น ๆ สีอ่อน ซึ่งมักเรียกว่า ศรขาว ออกหากินในเวลากลางคืน ไม่มีพิษ.
หลาม 1,ก.,"เอาของใส่กระบอกไม้ไผ่แล้วเผาไฟให้สุก เช่น หลามข้าว, เรียกข้าวเหนียวที่บรรจุในกระบอกไม้ไผ่แล้วเผาให้สุก ว่า ข้าวหลาม"
หลาม 2,ก.,"ล้นแผ่เลยออกมา เช่น คนไปฟังปาฐกถาล้นหลามออกมานอกห้อง, โดยปริยายหมายความว่า ใหญ่เกินพอดี เช่น พุงหลาม."
หลามยา 0,ก.,เอาสมุนไพรมีใบไม้สดเป็นต้น ใส่กระบอกไม้ไผ่แล้วเผาไฟให้สุก.
หลาย 0,ว.,"มาก, บางทีใช้คู่กับคำ มาก เป็น มากหลาย."
หลาย 1,น.,"ชื่อไม้ต้นชนิด Microcos tomentosaSm. ในวงศ์ Tiliaceae ผลออกเป็นพวงที่ปลายกิ่ง สุกสีดำ กินได้, พลับพลา ก็เรียก."
หลายเติบ 0,ว.,มากโข.
หลายปีดีดัก 0,ว.,นานมาแล้ว เช่น เขาทำงานมาหลายปีดีดักไม่เห็นก้าวหน้า
หลายปีดีดัก 1,ว.,อีกนานมาก เช่น เก็บค่าเช่าถูก ๆ หลายปีดีดักกว่าจะคุ้มทุน.
หลายหลาก 0,ว.,"หลายอย่างต่าง ๆ กัน, หลากหลาย ก็ว่า."
หลายแหล่ 0,ว.,มากมาย.
หลาว 0,น.,"ไม้ที่เสี้ยมแหลม เป็นอาวุธสำหรับแทง, โดยปริยายเรียกสิ่งอื่นที่มีลักษณะคล้ายคลึงเช่นนั้น เช่น หลาวทองเหลือง."
หลาวชะโอน 0,น.,"ชื่อปาล์มชนิด Oncosperma tigillarium (Jack)Ridl. ในวงศ์ Palmae ขึ้นเป็นกอ ลำต้นมีหนามตามปล้อง, หลาวชะโอน ก็เรียก."
หลาวเหล็ก 0,น.,เรียกทิศที่โหรถือว่าไม่ดี.
หลาหละ 0,น.,ยาพิษ.
หลาหละ 1,ว.,"ร้ายแรง, กล้าแข็งมาก, เข้มแข็ง."
หลิกะ 0,น.,"คนไถนา, ชาวนา."
หลิ่ง 0,น.,ตลิ่ง.
หลิท 0,น.,ขมิ้น.
หลิน 0,น.,ชื่อแพรจีน มีหลายชนิด.
หลิม 0,ว.,แหลมเล็กผิดส่วน ในคำว่า คางหลิม หัวหลิม หัวหลิมท้ายหลิม.
หลิม 1,น.,ปลาช่อน. (ดู ช่อน).
หลิว 0,น.,ชื่อไม้ต้นชนิด Salix babylonicaL. ในวงศ์ Salicaceae ดอกออกเป็นช่อ กิ่งและใบห้อยลง นิยมปลูกเป็นไม้ประดับ.
หลิ่ว 0,ว.,"เดี่ยว, หนึ่ง, เช่น นกเขาหลิ่ว คือ นกเขาขันเสียงเดียว."
หลิ่วตา 0,ก.,"หรี่ตาลงข้างหนึ่ง เพื่อเล็งดูด้วยตาอีกข้างหนึ่ง, โดยปริยายหมายถึงให้สัญญาณด้วยอาการเช่นนั้นเพื่อให้ลงมือทำการหรือไม่ทำการอย่างใดอย่างหนึ่งหรือเพื่อแสดงอาการล้อเลียนหยอกล้อ."
หลี 0,น.,ชื่อมาตราจีน คือ ๑๐ หลี เป็น ๑ หุน.
หลีก 0,ก.,"หลบสิ่งที่กีดขวาง, เลี่ยง, ขยับไปให้พ้นที่เดิม, ให้ทาง."
หลีโก 0,น.,"ชื่อปลานํ้าจืดขนาดกลางชนิด Cyprinus carpio Linn. ในวงศ์ Cyprinidae ลำตัวยาวรี แบนข้าง คล้ายปลาตะเพียน แต่ครีบหลังใหญ่และยาวกว่า ปากเล็ก ไม่มีฟัน มีหนวด ๒ คู่ เกล็ดใหญ่ขอบเรียบ บางสายพันธุ์อาจเป็นเพียงหย่อมเกล็ดหรือเกล็ดเล็กละเอียด มีสีแตกต่างกันตามสายพันธุ์ เช่น สีเขียวอมเทา เงิน ทอง ส้ม เหลือง ดำคลํ้า หรือเป็นแต้มเป็นด่างดวงของสีเหล่านี้ วางไข่ติดไว้กับพรรณไม้นํ้า ขนาดยาวได้ถึง ๘๐ เซนติเมตร, หลีโก หรือ หลีฮื้อ ก็เรียก."
หลีบ 0,น.,ชื่อขลุ่ยชนิดหนึ่งมีเสียงสูง เรียกว่า ขลุ่ยหลีบ.
หลีฮื้อ 0,น.,"ชื่อปลานํ้าจืดขนาดกลางชนิด Cyprinus carpio Linn. ในวงศ์ Cyprinidae ลำตัวยาวรี แบนข้าง คล้ายปลาตะเพียน แต่ครีบหลังใหญ่และยาวกว่า ปากเล็ก ไม่มีฟัน มีหนวด ๒ คู่ เกล็ดใหญ่ขอบเรียบ บางสายพันธุ์อาจเป็นเพียงหย่อมเกล็ดหรือเกล็ดเล็กละเอียด มีสีแตกต่างกันตามสายพันธุ์ เช่น สีเขียวอมเทา เงิน ทอง ส้ม เหลือง ดำคลํ้า หรือเป็นแต้มเป็นด่างดวงของสีเหล่านี้ วางไข่ติดไว้กับพรรณไม้นํ้า ขนาดยาวได้ถึง ๘๐ เซนติเมตร, หลีโก หรือ หลีฮื้อ ก็เรียก."
หลืบ 0,น.,"ช่องที่เป็นชั้น ๆ เข้าไป เช่น หลืบถ้ำ, สิ่งที่เหลื่อมกันเป็นชั้น ๆ เช่น หลืบหลังคา."
หลุกหลิก 0,ว.,"อาการที่ลุกลน, อยู่ไม่สุข, ไม่เรียบร้อย, ไม่สุภาพ, เช่น เขาเป็นคนมีกิริยาหลุกหลิก."
หลุด 0,ก.,"ออกจากที่ที่ติดอยู่ เช่น พลอยหลุดจากหัวแหวน, พ้นจากความควบคุมอยู่ เช่น หลุดจากที่คุมขัง"
หลุด 1,ก.,ลืมบท ไม่สามารถเล่นต่อไปได้ (ใช้ในการร้องเพลงและเล่นละคร) เช่น เขาลืมท่องบท เลยหลุดบท
หลุด 2,ก.,"คุมสติไม่อยู่ เช่น เมื่อวานฉันเกือบหลุดตอนที่ทะเลาะกับเขา, นอตหลุด ก็ว่า"
หลุด 3,ก.,ขาดกรรมสิทธิ์ เช่น เอาทรัพย์จำนำหลุดเป็นสิทธิ.
หลุดปาก 0,ก.,พลั้งปาก.
หลุดพ้น 0,ก.,เป็นอิสระจากสิ่งผูกมัดติดข้องอยู่เป็นต้น เช่น หลุดพ้นจากกิเลส หลุดพ้นจากคดี.
หลุดมือ 0,ก.,"หลุดไปจากมือ เช่น ปลาหลุดมือไป, โดยปริยายหมายความว่า สูญเสียสิ่งที่มีอยู่แล้ว เช่น พอมีการเปลี่ยนรัฐบาล ตำแหน่งของเขาก็หลุดมือไป, คาดว่าจะได้แต่ไม่ได้ เช่น ตำรวจคาดว่าจะจับผู้ร้ายได้ แต่ไปถึงผิดเวลาไปหน่อยเดียว ผู้ร้ายจึงหลุดมือไปได้."
หลุดลอย 0,ก.,"พ้นจากที่ยึดไว้แล้วล่องลอยไป เช่น เรือที่ผูกไว้ไม่แน่น พอถูกคลื่นซัดก็หลุดลอยไป ว่าวขาดหลุดลอยไป, โดยปริยายหมายความว่า สูญสิ้นสิ่งที่ควรจะได้หรือสิ่งที่หวังไว้ เช่น ลาภที่ควรได้หลุดลอยไป โอกาสหลุดลอยไป."
หลุดลุ่ย 0,ก.,คลายตัวหลุดเลื่อนไปจากสภาพเดิม เช่น มวยผมหลุดลุ่ย เสื้อผ้าหลุดลุ่ย.
หลุดลุ่ย 1,ว.,ไม่มีทางสู้ เช่น แพ้หลุดลุ่ย คะแนนทิ้งห่างกันหลุดลุ่ย.
หลุน ๆ 0,ว.,เร็ว ๆ เช่น ก้อนหินตกจากยอดเขากลิ้งหลุน ๆ ลงมา เด็กวิ่งหลุน ๆ หัวซุกหัวซุน.
หลุบ 0,ก.,"ลู่ลงมา, ปกลงมา, เช่น ผมหลุบหน้า หนังตาหลุบ."
หลุบลู่ 0,ว.,"ซุบซู่, ซอมซ่อ"
หลุบลู่ 1,ว.,ที่ปกลงมาอย่างไม่เรียบร้อย เช่น เสื้อผ้าหลุบลู่เพราะเปียกฝนโชก.
หลุม 0,น.,"ที่ซึ่งมีลักษณะเป็นบ่อ มักมีขนาดเล็กและตื้น, ที่ซึ่งขุดลงไปในพื้นดิน มีลักษณะตามต้องการเพื่อวัตถุประสงค์อย่างใดอย่างหนึ่ง เช่น หลุมเสา หลุมเผาถ่าน."
หลุมโจน 0,น.,หลุมสำหรับลวงให้ปลากระโดดลงไป.
หลุมพราง 0,น.,หลุมที่ทำลวงไว้
หลุมพราง 1,น.,โดยปริยายหมายความว่า เล่ห์กล หรือ อุบาย.
หลุมพอ 0,น.,"ชื่อไม้ต้นขนาดใหญ่ชนิด Intsia palembanicaMiq. ในวงศ์ Leguminosae ขึ้นตามป่าดิบทางภาคใต้ เนื้อไม้ใช้ในการก่อสร้าง, กะลำพอ หรือ ตะลุมพอ ก็เรียก."
หลุมพี 0,น.,ต้นกะลุมพี. (ดู กะลุมพี).
หลุมเสือก 0,น.,หลุมที่ตรงปากใช้โคลนหรือดินเหนียวทำให้ลื่นเพื่อให้ปลาเสือกตัวลงไป.
หลุมหลบภัย 0,น.,หลุมที่ใช้สำหรับกำบังภัยทางอากาศ.
หลุมอากาศ 0,น.,บริเวณอากาศบางเป็นเหตุให้เครื่องบินเสียระดับโดยกะทันหัน.
หลู่ 0,ก.,"ลบคุณ, ดูถูก, ไม่นับถือ, เช่น หลู่คุณ หลู่เกียรติ."
หลู่หลี่ 0,ว.,โลเล
หลู่หลี่ 1,ว.,ไม่ใคร่กลัวใคร.
หวง 0,ก.,"ไม่อยากให้, สงวนไว้, กันไว้."
ห่วง 0,น.,"เครื่องคล้อง เช่น ห่วงประตู, ของที่เป็นวง."
ห่วง 1,ก.,"ผูกพัน, กังวลถึง, มีใจพะวงอยู่."
ห้วง 0,น.,"ช่วง, ระยะ, ตอน."
หวงก้าง 0,ก.,"หวงของที่ตนไม่มีสิทธิ์, กันท่าคนอื่นในสิ่งที่ตนได้ใช้ประโยชน์แล้วหรือใช้ประโยชน์ไม่ได้."
ห่วงคล้องคอ 0,น.,ความรับผิดชอบที่ผูกพันอยู่.
หวงตัว 0,ก.,"รักนวลสงวนตัว เช่น เป็นลูกผู้หญิงต้องรู้จักหวงตัว, ไม่ยอมให้ถูกเนื้อต้องตัว เช่น เด็กคนนี้หวงตัว ไม่ยอมให้คนแปลกหน้าอุ้ม."
ห้วงน้ำ 0,น.,ทะเลหรือแม่นํ้าตอนที่กว้างใหญ่.
ห่วงใย 0,ก.,"มีใจพะวงอยู่, มีทุกข์กังวลอยู่."
ห่วงหน้าพะวงหลัง 0,ก.,พะว้าพะวัง.
ห่วงหน้าห่วงหลัง 0,ก.,พะว้าพะวัง.
หวงห้าม 0,ก.,กันไว้โดยเฉพาะ เช่น ผลไม้ในสวนนี้เจ้าของไม่หวงห้าม จะเก็บไปกินก็ได้.
หวงห้าม 1,ว.,ที่กันไว้โดยเฉพาะ เช่น เขตหวงห้าม เข้าได้เฉพาะผู้มีหน้าที่เกี่ยวข้อง.
หวงแหน 0,ก.,หวงมาก เช่น หนังสือเล่มนี้หายาก เจ้าของหวงแหนเหลือเกิน.
หวด 0,น.,ภาชนะอย่างหนึ่งสำหรับนึ่งของ ทำด้วยดินเผา ไม้ไผ่สาน เป็นต้น.
หวด 1,ก.,"ฟาด, ตีแรง ๆ, โบย."
หวน 0,ก.,เวียนกลับ เช่น ลมหวน.
ห้วน 0,ว.,"สั้น ๆ, ไม่มีหางเสียง, เช่น พูดห้วน ๆ, มีลักษณะที่จบลงอย่างรวบรัด เช่น บทความเรื่องนี้จบลงอย่างห้วน ๆ."
ห้วน ๆ 0,ว.,"สั้น ๆ, ไม่มีหางเสียง, เช่น พูดห้วน ๆ, มีลักษณะที่จบลงอย่างรวบรัด เช่น บทความเรื่องนี้จบลงอย่างห้วน ๆ."
หวนคำนึง 0,น.,ชื่อเพลงไทยประเภทเพลงเถา หน้าทับปรบไก่.
หวย 0,น.,หวย ก ข
หวย 1,น.,สลากกินแบ่ง.
ห้วย 0,น.,แอ่งน้ำลึกกว้างมีทางน้ำไหลจากภูเขามาขังอยู่ตลอดปี หรือแห้งบ้างเป็นบางคราว.
หวย ก ข 0,น.,"การพนันอย่างหนึ่ง ที่ออกเป็นตัวหนังสือ คือ ใช้พยัญชนะในภาษาไทยตั้งแต่ ก ถึง ฮ เป็นหลัก โดยตัดออกเป็นบางตัว เหลือเพียง ๓๖ ตัว ตัวที่ออกเสียงเหมือนกันจะตั้งชื่อให้ต่างกัน เช่น ข ง่วยโป๊ ฃ เจี่ยมกวย ค หะตั๋ง ฅ เม่งจู ฆ ยิดซัว ทั้งนี้เพราะได้นำวิธีเล่นหวยของจีนมาปรับปรุงใช้, หวย ก็เรียก."
หวยใต้ดิน 0,น.,"การพนันเสี่ยงโชคอย่างหนึ่งที่ผิดกฎหมาย เจ้ามือรับแทงตัวเลขซึ่งใช้ตัวเลขท้ายของรางวัลที่หนึ่งหรือรางวัลเลขท้ายสองตัว สามตัว ของสลากกินแบ่งรัฐบาลเป็นตัวเลขถูกรางวัล ถ้าผู้เล่นแทงถูก เจ้ามือจ่ายเงินให้ตามอัตราที่กำหนดไว้ เช่น เขาถูกสลากกินรวบกินจนหมดตัว, ภาษาปากว่า กินรวบ หวยใต้ดิน หรือหวยเถื่อน, สลากชนิดที่จำหน่ายแก่ผู้ถือเพื่อรับสิ่งของเป็นรางวัลในการเสี่ยงโชคโดยผู้จำหน่ายรวบเงินค่าสลากไว้ทั้งหมด."
หวยเถื่อน 0,น.,"การพนันเสี่ยงโชคอย่างหนึ่งที่ผิดกฎหมาย เจ้ามือรับแทงตัวเลขซึ่งใช้ตัวเลขท้ายของรางวัลที่หนึ่งหรือรางวัลเลขท้ายสองตัว สามตัว ของสลากกินแบ่งรัฐบาลเป็นตัวเลขถูกรางวัล ถ้าผู้เล่นแทงถูก เจ้ามือจ่ายเงินให้ตามอัตราที่กำหนดไว้ เช่น เขาถูกสลากกินรวบกินจนหมดตัว, ภาษาปากว่า กินรวบ หวยใต้ดิน หรือหวยเถื่อน, สลากชนิดที่จำหน่ายแก่ผู้ถือเพื่อรับสิ่งของเป็นรางวัลในการเสี่ยงโชคโดยผู้จำหน่ายรวบเงินค่าสลากไว้ทั้งหมด."
หวยเบอร์ 0,น.,สลากกินแบ่ง.
หวอ 0,ว.,เปิดเป็นช่องเป็นโพรง เช่น นั่งอ้าปากหวอ
หวอ 1,ว.,ให้สัญญาณเสียงดังเช่นนั้น.
หวอด 0,น.,ฟองนํ้าที่ปลาบางชนิดมีปลากัด ปลาช่อนเป็นต้น พ่นไว้สำหรับเก็บไข่.
หวอด 1,ว.,อาการที่หาวทำเสียงดังเช่นนั้น ในคำว่า หาวหวอด.
หว็อย ๆ 0,ว.,อาการที่ชายผ้าหรือใบไม้เป็นต้นถูกลมพัดปลิวสะบัดหรือปลิวพลิกไปมา.
หวะ 0,ว.,เป็นแผลลึก เช่น ถูกฟันหลังหวะ.
หวัง 0,ก.,"คาดว่าจะได้, ปองไว้, หมายไว้."
หวังใจ 0,ก.,คาดว่า (มักใช้ในทางที่ดี) เช่น ข้าพเจ้าหวังใจว่าท่านคงจะประสบความสำเร็จ.
หวังใจว่า 0,ก.,คาดว่า (มักใช้ในทางที่ดี) เช่น ข้าพเจ้าหวังใจว่าท่านคงจะประสบความสำเร็จ.
หวังดี 0,ก.,มีความปรารถนาที่ดี.
หวัด 0,น.,อาการที่เยื่อของอวัยวะที่เป็นเครื่องหายใจอักเสบ มักทำให้เสียงแห้งและนํ้ามูกไหล.
หวัด 1,ว.,"ไม่บรรจง เช่น เขียนหวัด, คร่าว ๆ เช่น ร่างภาพอย่างหวัด ๆ, สะเพร่า, ไม่ตั้งใจทำให้เรียบร้อย, เช่น ทำงานหวัด ๆ."
หวัด ๆ 0,ว.,"ไม่บรรจง เช่น เขียนหวัด, คร่าว ๆ เช่น ร่างภาพอย่างหวัด ๆ, สะเพร่า, ไม่ตั้งใจทำให้เรียบร้อย, เช่น ทำงานหวัด ๆ."
หวั่น 0,ก.,"พรั่น, มีอาการกริ่งเกรงไป."
หวั่นกลัว 0,ก.,"หวั่นวิตกไปเอง, นึกกลัวไปเอง."
หวั่นเกรง 0,ก.,"หวั่นวิตกไปเอง, นึกกลัวไปเอง."
หวั่นใจ 0,ก.,"มีความรู้สึกพรั่นใจไปเอง, มีอาการกริ่งเกรงไป."
หวันยิหวา 0,น.,"ชีวิต, ดวงวิญญาณ."
หวั่นวิตก 0,ก.,มีความรู้สึกกังวลใจ.
หวั่นหวาด 0,ก.,"พรั่นกลัว, สะดุ้งกลัว, หวาดหวั่น ก็ว่า."
หวั่นไหว 0,ก.,"สั่นสะเทือน, โอนเอน, เช่น จิตใจหวั่นไหวไปตามอารมณ์, ครั่นคร้าม เช่น ไม่หวั่นไหวต่อภยันตรายใด ๆ."
หวั่นไหว 1,ว.,อาการที่สั่นสะเทือนมาก (ใช้แก่เสียง) เช่น เสียงดังสนั่นหวั่นไหว.
หวัว 0,ก.,"เปล่งเสียงแสดงความขบขัน ดีใจ ชอบใจ เป็นต้น, หัวเราะ หรือ หัวร่อ ก็ว่า, ใช้ว่า หวัว หวัวเราะ หรือ หวัวร่อ ก็มี."
หวัวร่อ 0,ก.,"เปล่งเสียงแสดงความขบขัน ดีใจ ชอบใจ เป็นต้น, หัวเราะ หรือ หัวร่อ ก็ว่า, ใช้ว่า หวัว หวัวเราะ หรือ หวัวร่อ ก็มี."
หวัวเราะ 0,ก.,"เปล่งเสียงแสดงความขบขัน ดีใจ ชอบใจ เป็นต้น, หัวเราะ หรือ หัวร่อ ก็ว่า, ใช้ว่า หวัว หวัวเราะ หรือ หวัวร่อ ก็มี."
หวา 0,ว.,คำประกอบท้ายเพื่อเน้นความ เช่น ไปไหนหวา.
หว่า 0,ว.,คำประกอบท้ายเพื่อเน้นความ เช่น ไปไหนหวา.
หว้า 0,น.,ชื่อไม้ต้นขนาดใหญ่ชนิด Syzygium Cumini (L.) Skeels. ในวงศ์ Myrtaceae ผลสุกสีม่วงดำ กินได้.
หว่า 1,ว.,คำประกอบท้ายแสดงความแคลงใจเป็นต้น เช่น หายไปไหนหว่า.
หว้า 1,น.,ชื่อนกขนาดใหญ่ชนิด Argusianus argus (Linn.) ในวงศ์ Phasianidae หนังบริเวณใบหน้าและคอสีฟ้าตัวสีน้ำตาลตัวผู้หางยาว ขนที่ปีกมีแวว ในฤดูผสมพันธุ์ตัวผู้จะรำแพนปีกเกี้ยวตัวเมียโดยสร้างอาณาเขตเดินเป็นวงกลม กว้าง ๒-๓ เมตร เรียกว่า ลานนกหว้า ทำรังแบบง่าย ๆ ตามพื้นดิน กินเมล็ดพืช ผลไม้ และแมลง.
หว่า 2,ว.,"เปล่า, ว้าเหว่."
หวาก 0,ว.,"เสียงร้องดัง ๆ อย่างเสียงเด็กร้องไห้, ว้าก ก็ว่า."
หว่าง 0,น.,ช่องว่างจากจุดหนึ่งถึงอีกจุดหนึ่ง เช่น หว่างคิ้ว หว่างเขา.
หวาด 0,ก.,"สะดุ้งกลัว, กริ่งเกรง, เสียว, หวั่น."
หวาดกลัว 0,ก.,"มีความรู้สึกกริ่งเกรง, รู้สึกสะดุ้งกลัว."
หวาดเกรง 0,ก.,"มีความรู้สึกกริ่งเกรง, รู้สึกสะดุ้งกลัว."
หวาดผวา 0,ก.,หวาดสะดุ้งเพราะตกใจกลัว.
หวาดระแวง 0,ก.,หวั่นเกรงสงสัยไปเอง.
หวาดวิตก 0,ก.,มีความกังวลใจด้วยความหวาดกลัว.
หวาดเสียว 0,ก.,"รู้สึกวาบในหัวใจด้วยความกลัว, หวาดกลัวจนขนลุกขนชัน."
หวาดเสียว 1,ว.,ที่น่าหวาดกลัวจนขนลุกขนชัน เช่น เรื่องหวาดเสียว.
หวาดหวั่น 0,ก.,"พรั่นกลัว, สะดุ้งกลัว, หวั่นหวาด ก็ว่า."
หวาดไหว 0,ว.,"หมดสิ้น เช่น งานตั้งมากมายใครจะทำหวาดไหว, มักใช้ในความปฏิเสธว่า ไม่หวาดไม่ไหว หรือ ไม่หวาดไหว หมายความว่า ไม่รู้จักหมด เช่น กินไม่หวาดไม่ไหว."
หว่าน 0,ก.,"โปรย เช่น หว่านทาน, สาดให้กระจาย, เช่น หว่านข้าวเปลือก, โดยปริยายหมายความว่า แจกจ่ายไปทั่ว ๆ เช่น หว่านเงิน."
หวาน 0,ว.,มีรสอย่างรสนํ้าตาล
หวาน 1,ว.,"เพราะ เช่น หวานหู เสียงหวาน, ชุ่มชื่น, ที่รัก เช่น หวานใจ"
หวาน 2,ว.,น่ารักชวนมอง เช่น หน้าหวาน
หวาน 3,ว.,อ่อนสดใส ในคำว่า สีหวาน
หวาน 4,ว.,"ที่ทำได้ง่าย, ที่ทำได้สะดวก, เช่น เลขข้อนี้หวานมาก."
หวาน 5,ก.,ชำรุดไม่กินเกลียวกัน ในคำว่า เกลียวหวาน.
หวาน 6,น.,ผักหวาน.
หวานคอแร้ง 0,ว.,"ที่ทำได้ง่ายมาก, ที่ทำได้สะดวกมาก, คล่องมาก."
หวานนอกขมใน 0,ก.,พูด ทำ หรือแสดงให้เห็นว่าดีแต่ภายนอก แต่ในใจกลับตรงข้าม.
หวานเป็นลม ขมเป็นยา 0,น.,คำชมมักไร้สาระทำให้ลืมตัวขาดสติ แต่คำติมักเป็นประโยชน์ทำให้ได้คิด.
หว่านพืชหวังผล 0,ก.,ให้ผลประโยชน์แก่ผู้อื่นเพื่อหวังผลตอบแทน.
หวานเย็น 0,น.,ของกินเป็นก้อนสี่เหลี่ยม ทำด้วยน้ำหวานหรือน้ำกะทิเป็นต้น แล้วทำให้แข็งด้วยความเย็น.
หวานเย็น 1,ว.,ที่แล่นไปช้า ๆ อย่างไม่รีบร้อน (มักใช้แก่รถไฟ รถประจำทาง) เช่น รถไฟขบวนหวานเย็น.
หว่านล้อม 0,ว.,ตะล่อมเข้ามาตามที่ต้องการ (มักใช้แก่กริยาพูด) เช่น พูดหว่านล้อม เจรจาหว่านล้อม.
หวานลิ้นกินตาย 0,ก.,หลงเชื่อคำพูดเพราะ ๆ หรือคำสรรเสริญเยินยอ จะได้รับความลำบากในภายหลัง.
หวานอมขมกลืน 0,ก.,ตกอยู่ในฐานะที่จำต้องยอมรับ ไม่ว่าจะดีหรือร้าย พอใจหรือไม่พอใจก็ตาม.
หวาม 0,ว.,อาการที่รู้สึกเสียวในใจ.
หวาย 0,น.,"ชื่อเรียกปาล์มหลายชนิดหลายสกุล ในวงศ์ Palmae ขึ้นเป็นกอ ลำต้นยาวทอดเลื้อย ผิวเกลี้ยงเหนียว กาบและก้านใบมีหนาม เช่น หวายตะค้าทอง (Calamus caesiusBlume), หวายขม (C. viminalis Willd.) หัวใช้ทำยาได้, หวายนํ้า (Daemonorops angustifolia (Griff.) Mart.)."
หวาย 1,น.,ชื่อกล้วยไม้หลายชนิดในสกุล Dendrobium วงศ์ Orchidaceae เช่น หวายตะมอย.
หวายดิน 0,น.,"ชื่อไม้เถาชนิด Anamirta cocculus (L.) Wightet Arn. ในวงศ์ Menispermaceae ใช้ทำยาได้, หวายดิน ก็เรียก."
หวายตะมอย 0,น.,ชื่อกล้วยไม้ชนิด Dendrobium crumenatum Sw. ในวงศ์ Orchidaceae ดอกสีขาว หอม ใช้ทำยาได้.
หวายตะมอย 1,น.,"ชื่อไม้เถาชนิด Pothos scandens L. ในวงศ์ Araceae เกาะติดกับต้นไม้ใหญ่, หวายตะมอย ก็เรียก."
หวำ 0,ว.,"บุ๋มลงไป เช่น ผอมจนแก้มหวำ เนื้อตะโพกหวำ, ลึกไม่มาก, เป็นแอ่ง เช่น พื้นดินหวำ."
หวิด 0,ว.,"เฉียด, จวนเจียน, เกือบ, เช่น หวิดถูกลอตเตอรี่, หวุดหวิด ก็ว่า."
หวิว 0,ว.,"มีความรู้สึกที่ดูเหมือนใจจะขาดไป เช่น รู้สึกใจหวิวคล้ายจะเป็นลม, มีความรู้สึกหวาดอย่างใจหาย เช่น ขึ้นไปในที่สูง ๆ ใจมักจะหวิว ๆ"
หวิว 1,ว.,มีเสียงดังเช่นนั้น เช่น ลมพัดหวิว ๆ.
หวิว ๆ 0,ว.,"มีความรู้สึกที่ดูเหมือนใจจะขาดไป เช่น รู้สึกใจหวิวคล้ายจะเป็นลม, มีความรู้สึกหวาดอย่างใจหาย เช่น ขึ้นไปในที่สูง ๆ ใจมักจะหวิว ๆ"
หวิว ๆ 1,ว.,มีเสียงดังเช่นนั้น เช่น ลมพัดหวิว ๆ.
หวี 0,น.,ของใช้ชนิดหนึ่ง มีลักษณะเป็นซี่ ๆ เรียงต่อกันเป็นปื้น ใช้สางผมหรือเส้นด้ายเป็นต้น
หวี 1,น.,กลุ่มผลกล้วยที่มีขั้วติดเรียงกันอยู่
หวี 2,น.,โดยปริยายเรียกสิ่งอื่นที่มีลักษณะคล้ายคลึงเช่นนั้น.
หวี 3,ก.,"แต่งผมด้วยหวี, สางผม."
หวี่ 0,น.,ชื่อแมลงขนาดเล็กหลายชนิดหลายสกุล ในวงศ์ Drosophilidae ยาว ๓-๔ มิลลิเมตร ส่วนใหญ่มีสีนํ้าตาลอมแดง ตาสีแดง มีปีกใส ๑ คู่ ตอมผลไม้หรือผักเน่าเปื่อย ที่พบมากที่สุดเป็นชนิด Drosophila melanogaster Meigen นิยมใช้เป็นสัตว์ทดลองในการศึกษาทางพันธุศาสตร์ของสัตว์.
หวี่ 1,ว.,มีเสียงอย่างเสียงแมลงหวี่กระพือปีก.
หวีด 0,น.,เครื่องสำหรับใช้เป่าให้มีเสียงดังเช่นนั้น เรียกว่า นกหวีด.
หวีด 1,ว.,มีเสียงร้องดังเช่นนั้น โดยมากเป็นเสียงผู้หญิง.
หวือ 0,ว.,มีเสียงดังเช่นนั้นอย่างเสียงสะเก็ดไม้กระเด็นอย่างแรง.
หวุดหวิด 0,ว.,"เฉียด, จวนเจียน, เกือบ, หวิด ก็ว่า."
หวุม 0,ว.,"บุ๋ม, บํ๋า, โบ๋."
หวูด 0,น.,เครื่องเปิดไอนํ้าให้มีเสียงดังเช่นนั้น.
หวูด 1,ว.,มีเสียงดังเช่นนั้นอย่างเสียงเปิดหวูด.
หสน- 0,น.,"การหัวเราะ, ความรื่นเริง."
หอ 0,น.,เรือนหรืออาคารซึ่งใช้เฉพาะกิจการอย่างใดอย่างหนึ่ง เช่น หอพระ หอนั่ง หอสมุด
หอ 1,น.,เรือนซึ่งปลูกสำหรับให้คู่บ่าวสาวที่แต่งงานกันแล้วอยู่ เรียกว่า เรือนหอ.
ห่อ 0,ก.,พันหรือหุ้มสิ่งของด้วยใบไม้หรือกระดาษเป็นต้น
ห่อ 1,ก.,ลักษณนามเรียกของที่หุ้มด้วยใบไม้หรือกระดาษเป็นต้น เช่น ขนมห่อหนึ่ง ข้าว ๒ ห่อ.
ห้อ 0,ก.,"วิ่งเต็มเหยียด, วิ่งเต็มที่, (ใช้แก่ม้า)"
ห้อ 1,ก.,รีบไป เช่น ห้อไปรับลูกที่โรงเรียน.
หอก 0,น.,อาวุธสำหรับแทงชนิดหนึ่ง ทำด้วยโลหะ มีด้ามยาว.
หอกข้างแคร่ 0,น.,"คนใกล้ชิดที่อาจคิดร้ายขึ้นมาเมื่อไรก็ได้ มักใช้แก่ลูกเลี้ยงที่ติดมากับพ่อหรือแม่, ศัตรูที่อยู่ข้างตัว."
หอกซัด 0,น.,หอกด้ามสั้น สำหรับใช้พุ่งหรือซัดไป.
หอการค้า 0,น.,สถาบันที่บุคคลหลายคนจัดตั้งขึ้นเพื่อส่งเสริมการค้า อุตสาหกรรม เกษตรกรรม การเงินหรือเศรษฐกิจ อันมิใช่เป็นการหาผลกำไรหรือรายได้แบ่งปันกัน.
หอคอย 0,น.,อาคารสูงที่สร้างขึ้นสำหรับคอยระวังเหตุและสังเกตการณ์.
หอคำ 0,น.,เรือนของเจ้าผู้ครองแคว้นฝ่ายเหนือ.
ห้อง 0,น.,ส่วนของเรือนหรือตึกเป็นต้นที่มีฝากั้นเป็นตอน ๆ
ห้อง 1,น.,ตอน เช่น พระพุทธคุณเก้าห้อง
ห้อง 2,น.,ชั้น เช่น ห้องฟ้า.
หอง 0,น.,ชื่อแกงอย่างจีนชนิดหนึ่ง ใช้เนื้อหมูเป็นต้นต้มกับดอกไม้จีนหรือหน่อไม้แห้งและถั่วลิสง.
หอง 1,ก.,"ส่งให้สูงขึ้น, แต่งให้สูงขึ้น."
ห้องเครื่อง 0,น.,"ครัว, เรียกเต็มว่าห้องพระเครื่องต้น, ห้องสำหรับเก็บเครื่องราชูปโภค, เรียกเต็มว่า ห้องเครื่องราชูปโภค"
ห้องเครื่อง 1,น.,ห้องเครื่องยนต์เรือเป็นต้น.
ห้องชุด 0,น.,ส่วนของอาคารชุดที่แยกการถือกรรมสิทธิ์ออกได้เป็นส่วนเฉพาะของแต่ละบุคคล.
ห้องแถว 0,น.,"อาคารไม้ที่สร้างเป็นห้อง ๆ เรียงติดกันเป็นแถว, ถ้าก่อด้วยอิฐฉาบปูนหรือคอนกรีตเป็นห้อง ๆ เรียงติดกันไปเรียกว่า ตึกแถว."
ห้องโถง 0,น.,ห้องขนาดใหญ่ที่ปล่อยไว้โล่ง ๆ.
ห้องน้ำ 0,น.,"ห้องอาบนํ้า, ส้วม."
ห้องสมุด 0,น.,ห้องหรืออาคารที่มีระบบจัดเก็บรวบรวมรักษาหนังสือประเภทต่าง ๆ ซึ่งอาจรวมทั้งต้นฉบับ ลายมือเขียน ไมโครฟิล์ม เป็นต้น เพื่อใช้เป็นที่ค้นคว้าหาความรู้.
หอจดหมายเหตุ 0,น.,สถานที่เก็บและให้บริการเอกสารจดหมายเหตุ.
หอฉัน 0,น.,อาคารที่สร้างขึ้นในวัด เป็นที่สำหรับพระภิกษุสามเณรนั่งฉันอาหารและทำวัตรสวดมนต์เป็นต้น.
ห่อตัว 0,ก.,งอตัว
ห่อตัว 1,ก.,ก้มนิดหน่อยพร้อมทั้งโค้งไหล่เข้าหากัน.
หอไตร 0,น.,หอสำหรับเก็บพระไตรปิฎก.
หอน 0,ก.,"ร้องเสียงยาวโหยหวน (ใช้แก่หมา), (ปาก) เสียงวี้ดหรือกรี๊ดจากเครื่องยนต์หรือเครื่องขยายเสียงเป็นต้น."
ห่อน 0,ว.,"เคย เช่น ไป่ห่อนเหลือคิดข้า คิดผิด แม่นา (ลอ), ในคำประพันธ์บางคราวใช้แทน ไม่ เช่น สาลิกามาตามคู่ ชมกันอยู่สู่สมสมร แต่พี่นี้อาวรณ์ ห่อนเห็นเจ้าเศร้าใจครวญ (เห่ชมนก)."
หอบ 0,ก.,เอาแขนทั้ง ๒ ข้างรวบสิ่งของไป
หอบ 1,ก.,ขนสมบัติย้ายไป เช่น หอบข้าวหอบของ หอบลูกหอบเต้า
หอบ 2,ก.,พัดพาไป เช่น ลมหอบเมฆฝนไปหมด.
หอบ 3,น.,ปริมาณของฟืนหรือผักหญ้าเป็นต้นที่พอ ๒ แขนรวบได้ เรียกว่า หอบหนึ่ง.
หอบ 4,ก.,หายใจถี่ด้วยความเหนื่อยหรืออ่อนเพลีย.
หอบหิ้ว 0,ก.,ทั้งหอบทั้งหิ้ว
หอบหิ้ว 1,ก.,ร่วมทุกข์ร่วมสุขไม่ทอดทิ้งกัน เช่น คนคู่นี้ถึงจะยากจนอย่างไรเขาก็หอบหิ้วกันไป.
หอบหืด 0,ก.,อาการหายใจไม่สะดวก มีเสียงหวีดหวือ เนื่องจากหลอดลมหดเกร็ง มักเกิดในผู้ป่วยโรคหืด.
หอบังคับการ 0,น.,ที่ซึ่งผู้บังคับการเรือและนายทหารเรือร่วมกันปฏิบัติงานควบคุมและสั่งการให้เจ้าหน้าที่ประจำเรือแผนกต่าง ๆ ปฏิบัติภารกิจตามที่ได้รับมอบหมาย.
หอประชุม 0,น.,ห้องประชุมขนาดใหญ่.
ห่อปาก 0,ก.,ทำริมฝีปากให้รวบเข้าหากันเป็นช่องกลม.
หอพัก 0,น.,ที่พักอาศัยสำหรับนักเรียนนักศึกษาเป็นต้น.
หอม 0,น.,"ชื่อไม้ล้มลุกมีหัวหลายชนิดในสกุล Allium วงศ์ Alliaceae กลิ่นฉุน ใช้ปรุงอาหาร เช่น หอมใหญ่ หอมหัวใหญ่ หรือ หอมฝรั่ง (A. cepa L.), หอม หอมหัว หรือ หอมแกง (A. ascalonicum L.) ชนิดหลังนี้มักเรียก หอมแดง."
หอม 1,น.,ชื่อกล้วยหลายพันธุ์ [Musa (AAA Group)] ซึ่งกลายมาจากกล้วยป่า (Musa acuminata Colla) กลิ่นหอม ไม่มีเมล็ด เช่น กล้วยหอมทอง กล้วยหอมเขียว.
ห้อม 0,ก.,แวดล้อม ในคำว่า แห่ห้อม
ห้อม 1,ก.,ระวังรักษา เช่น คนผู้ดังนี้ คือว่าพระราชภักดีจักช่อยห้อมบ้านห้อมเมือง (จารึกหลักที่ ๓๘ ประชุมพงศ. ภาค ๓).
หอม 2,ก.,จูบ
หอม 3,ก.,ได้รับกลิ่นดี.
หอม 4,ว.,"มีกลิ่นดี, ตรงข้ามกับ เหม็น."
ห้อม 2,น.,ต้นคราม. [ดู คราม ๓ (๒)].
หอม 5,ก.,"เก็บ, รวบรวม, ในความว่า เก็บหอมรอมริบ."
หอมกราย 0,น.,ต้นขี้อ้าย. [ดู ขี้อ้าย (๑)].
หอมขาว 0,น.,ต้นกระเทียม. (ดู กระเทียม).
หอมแขก 0,น.,"ชื่อพรรณไม้หลายชนิด หลายสกุล หลายวงศ์ เช่น Murraya koenigii (L.) Spreng. ในวงศ์ Rutaceae ไม้พุ่ม ใบมีขนนุ่ม, หอมแขก ก็เรียก, ชนิด Vernonia cinerea (L.) Less ในวงศ์ Compositae ไม้ล้มลุก, หญ้าดอกขาว ก็เรียก, ชนิด Plantago major L. ในวงศ์ Plantaginaceae ไม้ล้มลุก, หญ้าเอ็นยืด ก็เรียก, ทั้งสามชนิดใช้ทำยาได้."
หอมจันทร์ 0,น.,ชื่อกล้วยพันธุ์หนึ่ง [Musa (AA Group)] ซึ่งกลายมาจากกล้วยป่า (Musa acuminata Colla) ผลเล็กเรียวขนาดกล้วยนํ้าไทย กลิ่นหอม.
หอมแดง 0,น.,"ชื่อไม้ล้มลุกมีหัวชนิด Eleutherine bulbosa (Mill.) Urb. ในวงศ์ Iridaceae ใบแบนคล้ายใบหมากแรกเกิด ดอกสีขาวนวล หัวสีแดงเข้ม รสขมเผ็ดซ่า ใช้ทำยาได้, ว่านหอมแดง ก็เรียก."
หอมเตียม 0,น.,ต้นกระเทียม. (ดู กระเทียม).
หอมป้อม 0,น.,"ชื่อไม้ล้มลุกชนิด Coriandrum sativum L. ในวงศ์ Umbelliferae ทั้งต้นมีกลิ่น ใช้เป็นผัก เรียกว่า ผักชี ดอกเล็กสีขาว ผลกลมมีกลิ่นฉุน เมื่อแก่ใช้เป็นเครื่องเทศ, ชีลา หรือ หอมป้อม ก็เรียก."
หอมแป้น 0,น.,ต้นกุยช่าย. (ดู กุยช่าย).
ห้อมเมือง 0,น.,ต้นคราม. [ดู คราม ๓ (๒)].
หอมยับ 0,ก.,รวบเก็บไว้ เช่น ข้าแต่พระองค์ผู้เปนเครื่องประดับซึ่งให้หอมยับทรัพย์หนใด (ม. คำหลวง หิมพานต์).
ห้อมล้อม 0,ก.,"โอบล้อม, แวดล้อม, เช่น ฝูงชนห้อมล้อมดาราภาพยนตร์ชื่อดัง."
หอมหวน 0,ก.,หอมตลบ.
หอมหื่น 0,ก.,หอมยวนใจ เช่น หอมหื่นรื่นรสเพี้ยง กลิ่นเนื้อนวลนางฯ (เห่ชมไม้).
หอย 0,น.,ชื่อสัตว์ไม่มีกระดูกสันหลัง ไฟลัม Mollusca มีเปลือกหุ้มตัว ส่วนใหญ่แบ่งออกได้เป็น ๒ จำพวก ตามลักษณะเปลือก คือ จำพวกกาบเดี่ยว เช่น หอยขม (Filopaludina doliaris Gould) และจำพวกกาบคู่ เช่น หอยนางรม [Saccostrea forskali (Gmelin)] ที่มีเป็นส่วนน้อยเป็นพวกที่มีเปลือกแตกต่างออกไป เช่น หอยงาช้าง ชนิด Dentalium longitrorsum Reeve หอยงวงช้าง ชนิด Nautilus pompilius (Linn.).
ห้อย 0,ก.,"แขวนติดอยู่ เช่น ห้อยอุบะ, ปล่อยหรือหย่อนให้แขวนติดอยู่ เช่น นั่งห้อยเท้า."
หอยโข่ง 0,น.,ฝาเรือนเครื่องผูกแบบหนึ่ง มีโครงไม้ไผ่ยืนเป็นหลักซึ่งวางห่างกัน ๑ ฝ่ามือ ด้านในของโครงยืนจะมีไม้ไผ่ผ่าซีกหรือแผ่นไม้เล็ก ๆ ที่เรียกว่า ไม้เซ็น หรือ ลูกเซ็น วางตามขวาง ด้านหลังไม้เซ็นกรุใบจากอ่อนเป็นต้นขัดด้วยเข็มไม้ไผ่อีกชั้นหนึ่ง เรียกว่า ฝาหอยโข่ง.
หอยงวงช้าง 0,น.,"ชื่อสัตว์ทะเลไม่มีกระดูกสันหลัง ชั้น Cephalopoda เปลือกม้วนเป็นวงในระนาบเดียวกัน พื้นสีนวลมีลายสีน้ำตาลอมแดง ด้านในเป็นมุก เช่น ชนิด Nautilus pompilius (Linn.) ในวงศ์ Nautilidae, หอยงวงช้างมุก ก็เรียก."
หอยงวงช้างกระดาษ 0,น.,ชื่อสัตว์ทะเลไม่มีกระดูกสันหลังชั้น Cephalopoda เปลือกบางเบาเปราะ ม้วนเป็นวงในระนาบเดียวกัน วงแรก ๆ ของเปลือกมีสีน้ำตาลเข้มและค่อย ๆ จางลงจนเป็นสีขาวหม่น เช่น ชนิด Argonauta argo Linn. ในวงศ์ Argonautidac.
หอยงวงช้างมุก 0,น.,"ชื่อสัตว์ทะเลไม่มีกระดูกสันหลัง ชั้น Cephalopoda เปลือกม้วนเป็นวงในระนาบเดียวกัน พื้นสีนวลมีลายสีน้ำตาลอมแดง ด้านในเป็นมุก เช่น ชนิด Nautilus pompilius (Linn.) ในวงศ์ Nautilidae, หอยงวงช้างมุก ก็เรียก."
ห้อยท้าย 0,ก.,ต่อท้าย.
หอยปากเป็ด 0,น.,ชื่อสัตว์ทะเลไม่มีกระดูกสันหลังที่ไม่ใช่หอย ในวงศ์ Lingulidae ไฟลัม Brachiopoda เปลือกสีเขียว แบน บาง มีก้านยาวยื่นฝังไปในโคลนยืดหดได้ อาศัยอยู่ตามหาดเลน เช่น ชนิด Lingula unguis (Solander).
หอยแปดเกล็ด 0,น.,"ชื่อสัตว์ทะเลจำพวกหอย หลายชนิด ชั้น Polyplacophora ลำตัวเป็นรูปไข่ผ่าซีก เปลือกคลุมตัวด้านหลังมี ๘ ชิ้น วางเหลื่อมซ้อนกันเหมือนกระเบื้องมุงหลังคา เกาะอยู่ตามโขดหินชายทะเล เช่น ชนิด Chitonsp., Acanthopleura spinosa (Brugiere), หอยแปดเกล็ด ก็เรียก."
หอยเม่น 0,น.,"ชื่อสัตว์ทะเลไม่มีกระดูกสันหลังที่ไม่ใช่หอยชั้น Echinoidea ไฟลัม Echinodermata รูปทรงกลมคล้ายผลส้ม มีหนามแข็งสั้นหรือยาวทั่วตัว อาศัยตามแนวปะการัง มีหลายชนิดหลายสกุล เช่น ชนิด Diadema setosum (Leska),เม่นทะเล ก็เรียก."
ห้อยโหน 0,ก.,อาการที่เกาะราวหรือห่วงเป็นต้น แล้วโยนตัวไปมา.
ห้อเลือด 0,ว.,ช้ำมีเลือดคั่งอยู่ใต้ผิวหนัง.
หอสมุด 0,น.,ห้องหรืออาคารที่มีระบบจัดเก็บรวบรวมรักษาหนังสือประเภทต่าง ๆ ซึ่งอาจรวมทั้งต้นฉบับ ลายมือเขียน ไมโครฟิล์ม เป็นต้น เพื่อใช้เป็นที่ค้นคว้าหาความรู้.
ห่อหมก 0,น.,ชื่อกับข้าวชนิดหนึ่ง ใช้นํ้าพริกกับเนื้อปลาเป็นต้นกวนกับนํ้ากะทิมีผักรองแล้วห่อนึ่ง.
ห่อเหี่ยว 0,ว.,"มีความรู้สึกหดหู่, สลดใจ, เช่น หมู่นี้อ่านหนังสือพิมพ์มีแต่ข่าวร้าย ๆ ทำให้รู้สึกห่อเหี่ยว."
ห่อแห่ 0,ว.,มีอาการท้อแท้อ่อนเปลี้ย.
ห้อแห้ 0,ว.,มีอาการท้อแท้อ่อนเปลี้ย.
ห่อไหล่ 0,ก.,ทำไหล่ทั้ง ๒ ให้คู้เข้าเพราะหนาวหรือเกรงกลัวเป็นต้น.
หะ 0,ว.,เสียงเปล่งเพื่อให้ลงมือพร้อมกัน.
หะยี 0,น.,"เรียกชายที่ได้ไปทำพิธีฮัจญ์แล้ว, หัจญี หรือ หะยี ก็เรียก."
หะแรก 0,ว.,"ครั้งแรก, คราวแรก, เริ่มลงมือ."
หะหาย 0,ว.,เสียงเยาะ เช่น หะหายกระต่ายเต้น ชมแข (ตำนานเรื่องศรีปราชญ์).
หะห้าย 0,ว.,เสียงเยาะ เช่น หะหายกระต่ายเต้น ชมแข (ตำนานเรื่องศรีปราชญ์).
หะแห้น 0,ว.,เสียงร้องของสัตว์ดังเช่นนั้น.
หัก 0,ก.,"พับงอ, พับงอหรือทำให้พับให้งอเพื่อให้ขาดหรือหลุดออกจากกัน"
หัก 1,ก.,เอาออกจากจำนวนที่มีอยู่ เช่น หักจำนวนเงิน
หัก 2,ก.,ถูกตีอย่างแรงจนงงม่อยไป (ใช้แก่ไก่)
หัก 3,ก.,เลี้ยวอย่างกะทันหัน เช่น หักหัวเรือ หักพวงมาลัย
หัก 4,ก.,เรียกแต้มลูกเต๋า ๓ ลูก ที่ขึ้นแต้ม ๑ ๒ ๓ ตามลำดับ ถือว่าเป็นแต้มเลวที่สุด.
หักกลบลบหนี้ 0,น.,การนำเอาหนี้ที่บุคคล ๒ คนต่างเป็นลูกหนี้และเจ้าหนี้ในมูลหนี้อันมีวัตถุเป็นอย่างเดียวกัน มาหักลบกันเท่าจำนวนหนี้ที่ตรงกัน เพื่อให้ลูกหนี้หลุดพ้นจากหนี้นั้น.
หักคอ 0,ก.,ถือวิสาสะบังคับเอา.
หักใจ 0,ก.,"ตัดใจไม่คิดในเหตุที่เกิดขึ้น, มักใช้กับเหตุการณ์ที่ทำให้เสียใจหรือสูญเสียเป็นต้น."
หักด้ามพร้าด้วยเข่า 0,ก.,"หักโหมเอาด้วยกำลัง, ใช้อำนาจบังคับเอา."
หักทองขวาง 0,น.,วิธีปักไหมทอง หักเส้นไปตามขวางลาย ใช้ปักเครื่องสูง.
หักบัญชี 0,ก.,"เอาออกจากจำนวนที่มีอยู่ในบัญชี, หักกลบลบหนี้ทางบัญชี."
หักมุก 0,น.,ชื่อกล้วยพันธุ์หนึ่ง [Musa (ABB Group)] ซึ่งเป็นลูกผสมของกล้วย ๒ ชนิดคือกล้วยป่า (Musa acuminate Colla) กับกล้วยตานี (Musa balbisiana Colla) ผลเป็นเหลี่ยม นิยมทำให้สุกด้วยความร้อนก่อนกิน.
หักราคา 0,ก.,ตัดราคาให้ตํ่าลง เช่น พ่อค้าหักราคาข้าวเพราะมีความชื้นสูงและคุณภาพต่ำ.
หักร้างถางพง 0,ก.,ฟันป่าพงลงให้เตียน.
หักแรง 0,ก.,โหมทำงานจนเกินกำลัง เช่น อย่าหักแรงทำงานจนเกินไป จะทำให้ล้มป่วย.
หักล้าง 0,ก.,ลบล้าง.
หักลำ 0,ว.,ทำให้เสียท่าหรือเสียเหลี่ยม.
หักหน้า 0,ก.,ทำหรือพูดโดยเจตนาให้อีกฝ่ายหนึ่งได้อาย.
หักหลัง 0,ก.,ร่วมใจกันมาก่อนแล้วกลับทำร้ายให้ในภายหลัง.
หักหาญ 0,ก.,"หักเอาด้วยความกล้า, หักเอาด้วยอำนาจ."
หักห้าม 0,ก.,ยับยั้งใจ.
หักเห 0,ก.,"เปลี่ยนทางไป, เปลี่ยนแนวไป"
หักเห 1,ก.,ลักษณะการที่แสงเปลี่ยนแนวทางเคลื่อนที่เมื่อผ่านตัวกลางต่างชนิดกัน.
หักเหลี่ยม 0,ก.,ทำให้ผู้อื่นเสียเชิง.
หักโหม 0,ก.,"ระดมเข้าไปด้วยกำลังให้แตกหัก, โหมหัก ก็ว่า"
หักโหม 1,ก.,"เอากำลังแรงเข้ามาหักเอา, ทำงานโดยไม่บันยะบันยัง."
หักอก 0,ก.,ทำให้คนรักพลาดหวัง.
หักอกหักใจ 0,ก.,หักใจ.
หังส- 0,น.,หงส์.
หัจญ์ 0,น.,"เรียกชายที่ได้ไปทำพิธีฮัจญ์แล้ว, หัจญี หรือ หะยี ก็เรียก."
หัจญี 0,ว.,"เรียกชายที่ได้ไปทำพิธีฮัจญ์แล้ว, หัจญี หรือ หะยี ก็เรียก."
หัช 0,ว.,น่ารัก
หัช 1,ว.,"น่ายินดี, พึงใจ."
หัฏฐะ 0,ว.,"ร่าเริง, ยินดี, สบายใจ."
หัฏฐะ 1,น.,"ดาวฤกษ์ที่ ๑๓ มี ๕ ดวง เห็นเป็นรูปฝ่ามือหรือเหนียงสัตว์, ดาวศอกคู้ หรือ ดาวศีรษะช้าง ก็เรียก."
หัด 0,น.,โรคติดต่อที่เกิดจากเชื้อไวรัส มีอาการไข้สูงและปวดศีรษะ ออกผื่นแดงตามตัว.
หัด 1,ก.,"ฝึก, ฝึกฝน, ทำให้ชำนาญ."
หัดเยอรมัน 0,น.,"โรคติดต่อที่เกิดจากเชื้อไวรัส มีอาการไข้ ต่อมนํ้าเหลืองที่คอโต ออกผื่นแดงทั่วตัวคล้ายโรคหัด แต่อาการไม่รุนแรงเท่า มีผลรุนแรงต่อทารกในครรภ์ระยะ ๓ เดือนแรก, เหือด ก็เรียก."
หัต 0,ก.,ทำลาย.
หัตถ์ 0,น.,มือ
หัตถ์ 1,น.,ศอกหนึ่ง
หัตถ์ 2,น.,งวงช้าง.
หัตถ- 0,น.,มือ
หัตถ- 1,น.,ศอกหนึ่ง
หัตถ- 2,น.,งวงช้าง.
หัตถกรรม 0,น.,งานช่างที่ทำด้วยมือ โดยถือประโยชน์ใช้สอยเป็นหลัก.
หัตถการ 0,น.,"การทำด้วยฝีมือ, การช่าง."
หัตถกิจ 0,น.,"การทำด้วยฝีมือ, การช่าง."
หัตถบาส 0,น.,ระยะระหว่างพระสงฆ์ที่นั่งทำสังฆกรรมหรือระหว่างพระภิกษุ สามเณร กับคฤหัสถ์ผู้ถวายของ ห่างกันไม่เกินศอกหนึ่ง.
หัตถพันธ์ 0,น.,สร้อยมือ.
หัตถศาสตร์ 0,น.,วิชาเกี่ยวกับการทำนายจากเส้นลายมือ.
หัตถศิลป์ 0,น.,ศิลปะในการผลิตสิ่งต่าง ๆ ด้วยมือ โดยถือความงามเป็นหลัก.
หัตถศึกษา 0,น.,การศึกษาที่เน้นในเรื่องการประดิษฐ์สิ่งต่าง ๆ ด้วยมือ.
หัตถาจารย์ 0,น.,"ผู้ฝึกช้าง, หมอช้าง, ควาญช้าง."
หัตถานึก 0,น.,"กองทัพช้าง, เหล่าทหารช้าง, เป็นส่วนหนึ่งแห่งกระบวนทัพโบราณ ซึ่งเรียกว่า จตุรงคพล จตุรงคโยธา จตุรงคเสนา หรือ จตุรงคินีเสนา มี ๔ เหล่า ได้แก่ ๑. หัตถานึก (กองทัพช้าง, เหล่าทหารช้าง) ๒. อัศวานึก (กองทัพม้า, เหล่าทหารม้า) ๓. รถานึก (กองทัพเหล่ารถ) ๔. ปัตตานึก (กองทัพเหล่าราบ, กองทัพทหารเดินเท้า)."
หัตถาภรณ์ 0,น.,สร้อยมือ.
หัตถาโรหะ 0,น.,"ควาญช้าง, ทหารช้าง."
หัตถาลังการ 0,น.,สร้อยมือ.
หัตถินี 0,น.,ช้างพัง.
หัตถี 0,น.,ช้าง.
หั่น 0,ก.,"เอาของวางลงบนที่รองรับแล้วตัดให้เป็นชิ้นเล็ก ๆ, (ปาก) ตัด เช่น หั่นงบประมาณ."
หั้น 0,ว.,นั้น.
หัน 0,ก.,"เปลี่ยนจากทิศทางหนึ่งไปอีกทิศทางหนึ่ง เช่น หันซ้าย หันขวา หันโต๊ะไปทางหน้าต่าง, อยู่ในทิศทางใดทิศทางหนึ่ง เช่น หันหลังให้ประตู, ผัน ก็ว่า"
หัน 1,ก.,หมุน เช่น หมูหัน
หัน 2,ก.,เปลี่ยนจากฝ่ายเดิม เช่น หันไปเข้าข้างศัตรู หันไปพึ่งญาติทางฝ่ายสามี.
หัน 3,ก.,เห็น.
หันกลับ 0,ก.,เปลี่ยนไปสู่สภาพเดิม เช่น เขาทั้งสองหันกลับไปคืนดีกัน.
หันข้าง 0,ก.,ผินด้านข้างให้เพราะงอนหรือไม่พอใจเป็นต้น.
หันตรา 0,น.,ชื่อขนมชนิดหนึ่ง ทำคล้ายขนมเม็ดขนุน แต่มีไข่ทำเป็นฝอยหุ้มนอก.
หันตา 0,น.,ผู้ฆ่า.
หันรีหันขวาง 0,ก.,อาการที่หันเหไปมา เก้ ๆ กัง ๆ ตัดสินใจไม่ถูกว่าจะทำอย่างใด.
หันหน้า 0,ก.,ทำให้หน้าอยู่ในทิศทางใดทิศทางหนึ่ง เช่น เขานั่งหันหน้าออกทางประตู
หันหน้า 1,ก.,หันไปหา เช่น ไม่รู้จะหันหน้าไปหาใคร หันหน้าเข้าวัด.
หันหน้าเข้าวัด 0,ก.,มุ่งหน้าเข้าวัดเพื่อถือศีลฟังเทศน์เป็นต้น.
หันหน้าเข้าหากัน 0,ก.,"ปรองดองกัน, สมัครสมานกัน, เช่น ทุกฝ่ายจะต้องหันหน้าเข้าหากัน."
หันหลัง 0,ก.,ทำให้หลังอยู่ในทิศทางใดทิศทางหนึ่ง เช่น ตั้งตู้หันหลังติดกำแพง
หันหลัง 1,ก.,เลิก เช่น หันหลังให้อบายมุข.
หันหลังชนกัน 0,ก.,ร่วมมือร่วมใจกัน.
หันหลังให้กัน 0,ก.,"โกรธกัน, เลิกคบค้ากัน."
หันเห 0,ก.,เบนจากเดิม.
หันเหียน 0,ก.,"เปลี่ยนท่าทาง, พลิกแพลง, เช่น รำร่ายหันเหียนเวียนละวัน หมายมั่นเข่นฆ่าราวี (อิเหนา), เหียนหัน ก็ว่า."
หั่นแหลก 0,ก.,ตัดลงอย่างมาก เช่น บทความนี้ถูกหั่นแหลก.
หั่นแหลก 1,ว.,เต็มที่ เช่น สู้กันหั่นแหลก.
หันอากาศ 0,น.,"เรียกเครื่องหมายรูปสระดังนี้  ว่า ไม้หันอากาศ ใช้แทนเสียงสระอะในกรณีที่มีตัวสะกด เช่น ก ะ ด = กัด, หางกังหัน หรือ ไม้ผัด ก็เรียก."
หับ 0,ก.,"ปิด, งับ, เช่น เข้าห้องแล้วหับประตูเสีย."
หับเผย 0,ก.,ปิดงับและเปิดคํ้าขึ้นได้.
หับเผย 1,น.,โรงเรือนที่มีลักษณะด้านหน้าปิดงับหรือเปิดค้ำขึ้นได้.
หัมมียะ 0,น.,เรือนแบบหนึ่ง.
หัย 0,น.,ม้า.
หัว 0,น.,ส่วนบนสุดของร่างกายของคนหรือสัตว์
หัว 1,น.,"ส่วนของพืชพันธุ์บางอย่างตอนที่อยู่ใต้ดิน เช่น หัวหอม หัวผักกาด, ส่วนที่อยู่ใต้ดินของพืชบางชนิด เป็นที่เกิดต้นอ่อน"
หัว 2,น.,ส่วนเริ่มต้นที่เป็นวงของตัวหนังสือ
หัว 3,น.,ส่วนแห่งสิ่งของบางอย่างที่อยู่ข้างหน้า หรือข้างต้น หรือแรกเริ่ม เรียกว่า หัวของสิ่งนั้น ๆ เช่น หัวเรือ หัวถนน หัวที
หัว 4,น.,ช่วงแรกเริ่มของเวลา เช่น หัวปี หัววัน หัวคํ่า หัวดึก
หัว 5,น.,"ส่วนแห่งสิ่งของที่เป็นยอด เช่น หัวฝี, ส่วนแห่งสิ่งของที่ยื่นเด่นออกไป เช่น หัวแหลม หัวสะพาน"
หัว 6,น.,ในการเล่นปั่นแปะหรือโยนหัวโยนก้อย เรียกสมมุติด้านหนึ่งของเงินปลีกว่า ด้านหัว คู่กับ ด้านก้อย
หัว 7,น.,"ส่วนที่ตรงข้ามกับหางหรือท้าย เช่น หัวแถวหางแถว หัวเรือ, ส่วนที่ตรงข้ามกับ ก้น ในความว่า หัวหวานก้นเปรี้ยว"
หัว 8,น.,ส่วนที่เป็นแก่นสาร เช่น หัวยา หัวเหล้า.
หัว 9,น.,"สติปัญญา, ความสามารถพิเศษ, ความคิดริเริ่ม, เช่น เด็กคนนี้มีหัวทางดนตรี"
หัว 10,น.,ผู้ที่มีความคิดหนักไปทางใดทางหนึ่ง เช่น หัวกฎหมาย
หัว 11,น.,"ปัญญา, ความคิด, เช่น หัวดี หัวไว."
หัว 12,ก.,"เปล่งเสียงแสดงความขบขัน ดีใจ ชอบใจ เป็นต้น, หัวเราะ หรือ หัวร่อ ก็ว่า, ใช้ว่า หวัว หวัวเราะ หรือ หวัวร่อ ก็มี."
หัวกระเด็น 0,น.,"สิ่งของที่โตและเด่นกว่าเพื่อนในหมู่หนึ่งหรือกองหนึ่ง, โดยมากมักใช้แก่ผลไม้บางชนิด เช่น ผลมะม่วง ผลมะปราง, โดยปริยายหมายถึงผู้ที่มีความสามารถดีเด่นเป็นพิเศษ เช่น นักเรียนห้องนี้ล้วนแต่หัวกระเด็นทั้งนั้น."
หัวกระไดไม่แห้ง 0,ว.,มีแขกมาเยี่ยมเยือนอยู่เสมอ (มักใช้หมายถึงบ้านที่มีลูกสาวสวย หรือบ้านผู้มีอำนาจวาสนา).
หัวกระสุน 0,น.,ส่วนของกระสุนปืนซึ่งอัดอยู่ที่ปลายปลอกกระสุน.
หัวก๊อก 0,น.,"เครื่องเปิดปิดนํ้าจากท่อหรือภาชนะ, หัวก๊อก ก็เรียก."
หัวกะทิ 0,น.,กะทิที่คั้นครั้งแรก.
หัวกะทิ 1,ว.,ที่เก่งหรือดีเด่นเป็นพิเศษ เช่น นักกีฬาที่เข้าแข่งขันในวันนี้เป็นพวกหัวกะทิทั้งนั้น.
หัวกะโหลก 0,ก.,"ชื่องูนํ้าขนาดกลางชนิด Homalopsis buccata (Linn.) ในวงศ์ Colubridae ลำตัวยาวประมาณ ๑.๓ เมตร หัวใหญ่ ด้านบนมีแถบสีน้ำตาลเหลืองพาดขวาง ปากกว้าง เกล็ดมีสัน ตัวสีน้ำตาลแดง มักพบอาศัยอยู่ตามริมคลอง บึง และหนองน้ำ หากินเวลากลางคืน กินปลาและสัตว์สะเทินน้ำสะเทินบกเป็นอาหาร มีพิษอ่อนมาก, หัวกะโหลก เหลือมอ้อ เหลือมน้ำ หรือ เห่าน้ำ ก็เรียก."
หัวก่ายท้ายเกย 0,ว.,มากมายเต็มไปหมดอย่างไร้ระเบียบ เช่น เรือจอดหัวก่ายท้ายเกย เด็ก ๆ นอนกันหัวก่ายท้ายเกยเต็มห้องไปหมด.
หัวกุญแจ 0,น.,เครื่องสับหลีกทางรถไฟ.
หัวเก่า 0,ว.,"นิยมของเก่า, นิยมตามแบบเก่า, (ปาก) ครึ, ไม่ทันสมัย."
หัวแก้วหัวแหวน 0,ว.,"ที่รักใคร่เอ็นดูมาก, ที่โปรดปรานมาก, เช่น ลูกศิษย์หัวแก้วหัวแหวน."
หัวขโมย 0,น.,ผู้มีสันดานเป็นขโมย.
หัวขวาน 0,น.,ชื่อนกขนาดเล็กถึงขนาดกลางหลายชนิด ในวงศ์ Picidae ปากใหญ่ปลายแหลมคม ใช้ปากเจาะต้นไม้เพื่อหาแมลงและตัวหนอน ขณะเดียวกันก็เป็นการแสดงอาณาเขต มักพบไต่อยู่ตามต้นไม้และกิ่งไม้ใหญ่ ลิ้นยาว ขนหางแข็งช่วยพยุงตัวขณะไต่ต้นไม้ในแนวตั้ง เจาะต้นไม้เสียงดังมาก สีสวย ทำรังในโพรงไม้ เช่น หัวขวานด่างแคระ [Dendrocopos canicapillus (Blyth)] หัวขวานใหญ่สีดำ [Dryocopus javensis (Horsfield)] หัวขวานเขียวตะโพกแดง [Picus erythropygius (Elliot)] หัวขวานใหญ่สีเทา [Mulleripicus pulverulentus (Temminck)].
หัวขวาน 1,น.,"ชื่อปลาทะเลทุกชนิดในสกุล Pomadasysวงศ์ Haemulidae หรือ Pomadasyidae โดยเฉพาะชนิด P. maculatus (Bloch) ลำตัวป้อม แบนข้าง เกล็ดเป็นแบบเกล็ดหนาม บริเวณใต้คางมีรู ๒ รู ลำตัวสีเงิน ใกล้แนวสันหลังมีสีน้ำตาลอ่อนและมีแต้มสีน้ำตาลเข้มกระจายอยู่ตอนบนของลำตัว ปลาในสกุลนี้ทั้งขณะอยู่ในน้ำและเมื่อขึ้นพ้นน้ำจะทำเสียงได้จากการขบฟันที่บริเวณคอรวมทั้งการหดและขยายตัวของถุงลมและกล้ามเนื้อ โดยถุงลมยังทำให้เสียงก้องขึ้นอีกด้วย ขนาดยาวได้ถึง ๕๐ เซนติเมตร, มโหรี กระต่ายขูด กะทิขูด หรือ หัวขวาน ก็เรียก."
หัวข้อ 0,น.,"ต้นเรื่อง, ส่วนสำคัญของเรื่องที่แยกออกเป็นส่วน ๆ และกำหนดไว้ตอนต้นเรื่อง, ใจความสำคัญ."
หัวขั้ว 0,น.,"ด้านหัวของผลไม้ส่วนที่ติดอยู่กับขั้วหรือก้าน, ด้านล่างของดอกไม้ส่วนที่ติดอยู่กับขั้วหรือก้าน"
หัวขั้ว 1,น.,เรียกปลอกโลหะที่สวมขั้วแบตเตอรี่เพื่อให้กระแสไฟฟ้าเคลื่อนที่ผ่าน ว่า หัวขั้วแบตเตอรี่
หัวขั้ว 2,น.,ต้นขั้ว.
หัวขาด 0,น.,ชื่อฝีชนิดหนึ่ง เมื่อแรกขึ้นเป็นตุ่มเล็ก ๆ แล้วจึงเป็นฝี.
หัวขี้แต้ 0,น.,ดินที่แห้งแข็งเป็นตะปุ่มตะปํ่าอยู่ตามทุ่งนามักอูดขึ้นมาจากรอยกีบเท้าวัวเท้าควาย.
หัวขี้เลื่อย 0,น.,"ปัญญาทึบ, สมองขี้เลื่อย ก็ว่า."
หัวขี้หมา 0,น.,ก้อนขี้หมา. (ดู ก้อนขี้หมา ที่ ก้อน).
หัวเข่า 0,น.,"อวัยวะตรงที่ปลายกระดูกต้นขากับหัวกระดูกแข้งต่อกัน, เข่า ก็ว่า."
หัวเข้า 0,น.,"หัวของตัวหนังสือที่ม้วนเข้าอยู่ภายในเส้นกรอบของตัวอักษร เช่น ตัว ถ ตัว ผ, ตรงข้ามกับ หัวออก. (ดู หัวออก)."
หัวแข็ง 0,ว.,แข็งแรงทนทานไม่ใคร่เจ็บไข้ (มักใช้แก่เด็ก) เช่น เด็กคนนี้หัวแข็ง ตากฝนเป็นชั่วโมงก็ไม่เป็นอะไรเลย
หัวแข็ง 1,ว.,"กระด้าง, ว่ายาก, เช่น เขาเป็นคนหัวแข็ง ผู้ใหญ่พูดเท่าไรก็ไม่ยอมเชื่อฟัง, ตรงข้ามกับ หัวอ่อน."
หัวแข็ง 2,ก.,ไม่ยอมอ่อนตาม เช่น เขาหัวแข็งจริง ๆ ชี้แจงเท่าไรก็ไม่ยอมเปลี่ยนความคิด.
หัวแข็ง 3,น.,ชื่อกุ้งชนิด Exopalaemon styliferus (H. Milne-Edwards) ในวงศ์ Palaemonidae ลำตัวใส หัวมีผิวเกลี้ยงเรียบ ปลายกรีงอนขึ้นมีสีแดง ปลายหางสีแดง อาศัยอยู่ในน้ำตื้น ส่วนใหญ่พบในทะเลหรือน้ำกร่อย บางครั้งพบในน้ำจืด.
หัวแข็ง 4,น.,"ชื่อปลาทะเลขนาดเล็กทุกชนิดในสกุล Allanetta และ Stenatherina วงศ์ Atherinidae ลำตัวค่อนข้างกลมยาว หัวโต เกล็ดใหญ่และแข็ง ข้างลำตัวมีสีเด่นเป็นเพียงแถบสีเงินเหลือบนํ้าเงินพาดตลอดตามยาว อยู่รวมกันเป็นฝูงใหญ่ใกล้ผิวนํ้าชายฝั่ง ขนาดยาวได้ถึง ๑๒ เซนติเมตร, หัวแข็ง หรือ หัวตะกั่ว ก็เรียก."
หัวโขน 0,น.,"รูปหัวยักษ์ ลิง ที่ใช้สวมเวลาเล่นโขนหรือละคร, โดยปริยายหมายถึงตำแหน่งหน้าที่หรือยศถาบรรดาศักดิ์ที่ดำรงอยู่ มักใช้ในสำนวน เช่น สวมหัวโขน ถอดหัวโขน."
หัวโขน 1,น.,เรียกขนมชนิดหนึ่งทำด้วยข้าวโพดคั่วคลุกนํ้าตาลที่เคี่ยวจนเหนียว ว่า ข้าวโพดหัวโขน.
หัวโขน 2,น.,กุ้งมังกร. (ดู กุ้งมังกร ที่ กุ้ง ๑).
หัวคลองท้ายคลอง 0,ว.,ทั่วทั้งคลอง.
หัวคว่ำ 0,น.,ชื่อฝีชนิดหนึ่งที่มีหัวอยู่ข้างใน.
หัวคะแนน 0,น.,ผู้รับหาคะแนนเสียงให้แก่ผู้สมัครรับเลือกตั้ง.
หัวคันนา 0,น.,"ดินที่พูนขึ้นเป็นคันตามท้องนาสำหรับขังน้ำไว้, คันนา หรือ ลูกคัน ก็เรียก."
หัวค่ำ 0,น.,"เวลาแรกมืด, เวลายังไม่ดึก."
หัวคิด 0,น.,"การใช้สมองคิด, สติปัญญา."
หัวคุ้ง 0,น.,ส่วนเริ่มต้นของโค้งแม่น้ำ.
หัวใคร่ 0,น.,"สิ่งที่รักมาก, มักใช้คู่กับคำ หัวรัก เป็น หัวรักหัวใคร่."
หัวงอน 0,น.,"ชื่อปลาขนาดเล็กชนิด Aplocheilus panchax (Hamilton) ในวงศ์ Aplocheilidae พบทั้งในนํ้าจืดและนํ้ากร่อย ลำตัวกลมยาว หัวโตกว้าง มองด้านข้างเห็นปลายแหลม สันหัวแบน ปากซึ่งอยู่ปลายสุดเชิดขึ้น ตาโตและอยู่ชิดแนวสันหัว เกล็ดใหญ่ ครีบต่าง ๆ มีขอบกลม ครีบหลังมีขนาดเล็กอยู่ใกล้ครีบหาง พื้นลำตัวสีเทาอมเหลือง ครีบต่าง ๆ สีออกเหลือง โคนครีบหลังสีดำ ที่สำคัญคือมีจุดสีตะกั่วขนาดใหญ่โดดเด่นอยู่บนสันหัวระหว่างนัยน์ตา ขนาดยาวได้ถึง ๘ เซนติเมตร, หัวเงิน หรือ หัวงอน ก็เรียก., ดู ข้างเงิน."
หัวงาน 0,น.,เวลาตั้งต้นทำงาน
หัวงาน 1,น.,เนื้อที่นาตรงเริ่มไถหรือคราด
หัวงาน 2,น.,สถานที่เริ่มต้นทำงาน
หัวงาน 3,น.,หัวหน้างาน.
หัวเงิน 0,น.,"ชื่อปลาขนาดเล็กชนิด Aplocheilus panchax (Hamilton) ในวงศ์ Aplocheilidae พบทั้งในนํ้าจืดและนํ้ากร่อย ลำตัวกลมยาว หัวโตกว้าง มองด้านข้างเห็นปลายแหลม สันหัวแบน ปากซึ่งอยู่ปลายสุดเชิดขึ้น ตาโตและอยู่ชิดแนวสันหัว เกล็ดใหญ่ ครีบต่าง ๆ มีขอบกลม ครีบหลังมีขนาดเล็กอยู่ใกล้ครีบหาง พื้นลำตัวสีเทาอมเหลือง ครีบต่าง ๆ สีออกเหลือง โคนครีบหลังสีดำ ที่สำคัญคือมีจุดสีตะกั่วขนาดใหญ่โดดเด่นอยู่บนสันหัวระหว่างนัยน์ตา ขนาดยาวได้ถึง ๘ เซนติเมตร, หัวเงิน หรือ หัวงอน ก็เรียก., ดู ข้างเงิน."
หัวเงื่อน 0,น.,"ปมที่ทำไว้สำหรับกระตุกหรือชักออกเมื่อเวลาแก้, โดยปริยายหมายถึงข้อความตรงที่จะต้องไขความให้กระจ่าง."
หัวแง่ 0,น.,"ส่วนที่เป็นเหลี่ยมเป็นสันเป็นมุมหรือส่วนที่ยื่นออกมา, แง่ ก็ว่า."
หัวจิตหัวใจ 0,น.,"หัวใจ, จิตใจ, (มักใช้ในทางตำหนิ) เช่น หัวจิตหัวใจเขาทำด้วยอะไรจึงเหี้ยมเกรียมนัก, อารมณ์ เช่น เขากำลังเศร้าโศกไม่มีหัวจิตหัวใจจะทำอะไร."
หัวจุก 0,น.,"ผมเด็ก ๆ ที่ขมวดเอาไว้ตรงขม่อม, จุก หรือ ผมจุก ก็เรียก."
หัวแจว 0,น.,ปลายสุดของด้ามแจวตรงที่สวมหมวกแจว.
หัวโจก 0,น.,หัวหน้าผู้ประพฤติเกกมะเหรก.
หัวโจก 1,ว.,เป็นโจกกว่าเพื่อน.
หัวใจ 0,น.,อวัยวะภายในสำหรับฉีดเลือดให้หมุนเวียนเลี้ยงร่างกาย
หัวใจ 1,น.,"ใจ, สิ่งที่มีหน้าที่รู้ รู้สึก นึก และคิด, เช่น เขาทำอย่างนี้เหมือนเป็นคนไม่มีหัวใจ"
หัวใจ 2,น.,ส่วนสำคัญแห่งสิ่งต่าง ๆ
หัวใจ 3,น.,อักษรย่อของหลักธรรมหรือข้อความต่าง ๆ ที่ผูกไว้เพื่อกำหนดจำได้ง่าย นิยมว่าเป็นของขลัง เช่น หัวใจอริยสัจ ว่า “ทุ. ส. นิ. ม.” หัวใจนักปราชญ์ ว่า “สุ. จิ. ปุ. ลิ.” หัวใจเศรษฐี ว่า “อุ. อา. ก. ส.”.
หัวชนกำแพง 0,ว.,มีลักษณะที่สู้ไม่ยอมถอย.
หัวชนฝา 0,ว.,มีลักษณะที่สู้ไม่ยอมถอย.
หัวซุกหัวซุน 0,ว.,อาการที่หลบหนีอย่างรีบร้อนโดยไม่หยุดยั้ง เช่น ผู้ร้ายหนีตำรวจหัวซุกหัวซุน.
หัวซุน 0,ว.,"อาการที่ซวนไปข้างหน้า เช่น เดินหัวซุน, โดยปริยายหมายถึงอาการที่คล้ายคลึงเช่นนั้น เช่นพูดว่า ใช้เสียหัวซุน คือ ใช้เสียจนโงหัวไม่ขึ้นหรือใช้เสียจนไม่มีเวลาว่าง."
หัวด้วน 0,น.,เรียกลมพายุที่เกิดขึ้นอย่างปัจจุบันทันด่วนแล้วหายไป ว่า ลมหัวด้วน.
หัวด้วน 1,น.,ดูใน หัว ๑.
หัวด้วน 2,น.,เถาหัวด้วน.
หัวดาวหัวเดือน 0,น.,เม็ดตุ่มที่ผุดขึ้นตามตัว มีพิษมาก โดยมากขึ้นที่ฝ่ามือฝ่าเท้าและนิ้วมือนิ้วเท้า.
หัวดี 0,ว.,เฉลียวฉลาดรอบคอบ เช่น เด็กคนนี้หัวดี ปีนี้ต้องสอบเข้ามหาวิทยาลัยได้แน่.
หัวดื้อ 0,ว.,"ว่ายากสอนยาก เช่น เด็กคนนี้หัวดื้อจริง, ไม่ยอมเชื่อฟังหรือทำตามใครง่าย ๆ เช่น ผู้ใหญ่บางคนก็หัวดื้อ."
หัวเด็ดตีนขาด 0,*สำ.,คำพูดแสดงการยืนยันอย่างเด็ดเดี่ยว แม้จะตายก็ไม่ยอมเปลี่ยนใจ เช่น หัวเด็ดตีนขาดก็ไม่ยอมย้าย หัวเด็ดตีนขาดก็จะอยู่ที่นี่.
หัวเดียวกระเทียมลีบ 0,น.,"ตัวคนเดียว โดดเดี่ยว ไม่มีพวกพ้อง, มักใช้เข้าคู่กับ กลีบเดียวกระเทียมโทน."
หัวต่อ 0,น.,"ที่ซึ่ง ๒ ส่วนมาติดกัน, ระยะตรงที่เวลา ข้อความ หรือเหตุการณ์ติดเนื่องกัน."
หัวตะกั่ว 0,น.,"ชื่อปลาขนาดเล็กชนิด Aplocheilus panchax (Hamilton) ในวงศ์ Aplocheilidae พบทั้งในนํ้าจืดและนํ้ากร่อย ลำตัวกลมยาว หัวโตกว้าง มองด้านข้างเห็นปลายแหลม สันหัวแบน ปากซึ่งอยู่ปลายสุดเชิดขึ้น ตาโตและอยู่ชิดแนวสันหัว เกล็ดใหญ่ ครีบต่าง ๆ มีขอบกลม ครีบหลังมีขนาดเล็กอยู่ใกล้ครีบหาง พื้นลำตัวสีเทาอมเหลือง ครีบต่าง ๆ สีออกเหลือง โคนครีบหลังสีดำ ที่สำคัญคือมีจุดสีตะกั่วขนาดใหญ่โดดเด่นอยู่บนสันหัวระหว่างนัยน์ตา ขนาดยาวได้ถึง ๘ เซนติเมตร, หัวเงิน หรือ หัวงอน ก็เรียก., ดู ข้างเงิน."
หัวตะกั่ว 1,น.,"ชื่อจิ้งหรีดชนิด Brachytrypes portentosus (Lichtenstein) เป็นจิ้งหรีดที่มีขนาดใหญ่ที่สุด ยาวประมาณ ๔.๕ เซนติเมตร สีน้ำตาลตลอดทั้งตัว, อ้ายโกร่ง หรือ หัวตะกั่ว ก็เรียก, พายัพเรียก จี้กุ่ง หรือ ขี้กุ่ง, อีสานเรียก จิโป่ม จี่นายโม้ จี่ป่ม หรือ จี่โป่ง."
หัวตะคาก 0,น.,"แง่กระดูกเชิงกรานที่อยู่ใต้บั้นเอว, ตะคาก ก็เรียก."
หัวตะโหงก 0,น.,สิ่งที่นูนโหนกขึ้นมาจากพื้นราบ เช่น หัวตะโหงกตอไม้.
หัวเต่า 0,น.,"ชื่อหนึ่งของดาวฤกษ์มฤคศิระ มี ๓ ดวง, ดาวหัวเนื้อ ดาวศีรษะเนื้อ ดาวศีรษะโค ดาวมฤคเศียร ดาวมฤคศิรัส ดาวมิคสิระ หรือ ดาวอาครหายณี ก็เรียก."
หัวเตาไฟ 0,น.,มุมทั้ง ๔ ของแม่เตาไฟ.
หัวโต 0,*น.,ชื่อนกขนาดเล็กถึงขนาดกลางหลายชนิด วงศ์ย่อย charadriinae ในวงศ์ Charadriidae และวงศ์ย่อย Dromadinae ในวงศ์ Glareolidae หัวใหญ่ แต่ละชนิดมีสีแตกต่างกัน ทำรังเป็นแอ่งตามพื้นทราย วงศ์ย่อยแรก ปากสั้น คอสั้น ปีกกว้าง ปลายปีกมน ขาสั้น ไม่มีนิ้วหลัง หากินตามชายน้ำ กินสัตว์น้ำและแมลง เช่น หัวโตหลังจุดสีทอง [Pluvialis fulva (Gmelin)] หัวโตเล็กขาเหลือง (Charadrius dubius Scopoli) หัวโตทรายเล็ก (C. mongolus Pallas) วงศ์ย่อยหลัง คือ หัวโตกินปู (Dromas ordeola Paykull) ปากยาว แบนข้าง ขายาว มีนิ้วหลังโคนนิ้วมีพังผืด หากินตามชายน้ำและบริเวณน้ำตื้น กินสัตว์น้ำโดยเฉพาะปู.
หัวถอก 0,น.,ปลายลึงค์ที่หนังหุ้มร่นเข้าไป.
หัวเถิก 0,ว.,มีผมที่หัวตอนหน้าผากร่นสูงขึ้นไป.
หัวแถว 0,น.,"คนที่อยู่ต้นของแถว, โดยปริยายหมายถึงหัวหน้าหรือผู้นำ."
หัวที 0,น.,"เวลาแรก, เวลาที่เริ่มทำ, เวลาลงมือ."
หัวทึบ 0,ว.,โง่มาก เช่น เด็กคนนี้หัวทึบ สอนอย่างไร ๆ ก็ไม่เข้าใจ.
หัวเท่ากำปั้น 0,น.,อายุยังน้อย เช่น เลี้ยงมาตั้งแต่หัวเท่ากำปั้น.
หัวเทียน 0,น.,เดือยหัวเสาสำหรับรับขื่อ
หัวเทียน 1,น.,กลอุปกรณ์ของเครื่องยนต์ซึ่งทำหน้าที่ให้ประกายไฟฟ้าในการจุดระเบิด เพื่อให้เกิดการเผาไหม้ไอเชื้อเพลิง ผสมอากาศภายในกระบอกสูบ.
หัวเทียม 0,น.,หัวกระเทียม. (ดู กระเทียม).
หัวนกกระจอก 0,น.,กลอุปกรณ์ชนิดหนึ่งสวมอยู่ตรงกลางจานจ่ายไฟ ทำหน้าที่หมุนจ่ายกระแสไฟแรงสูงให้เข้าสู่หัวเทียนเพื่อให้เกิดประกายไฟฟ้าที่เขี้ยวหัวเทียน.
หัวนม 0,น.,อวัยวะส่วนที่อยู่ตอนยอดของนมมนุษย์หรือสัตว์
หัวนม 1,น.,ของที่ทำด้วยยางเป็นต้น มีรูปคล้ายหัวนม สำหรับสวมขวดบรรจุนํ้านมหรือนํ้าเป็นต้นเพื่อให้เด็กดูด
หัวนม 2,น.,นํ้านมที่มีครีมมากจนข้น.
หัวนอก 0,ว.,"ที่นิยมแบบฝรั่ง, ที่มีความคิดอ่านแบบฝรั่ง, ที่นิยมของที่ผลิตจากต่างประเทศ."
หัวนอน 0,น.,"ด้านทางหัวของผู้นอน, ตรงข้ามกับปลายตีน"
หัวนอน 1,น.,ทิศใต้เรียกว่า ทิศหัวนอน.
หัวนอนปลายตีน 0,น.,"หลักแหล่ง, เทือกเถาเหล่ากอ, เช่น คนคนนี้ไว้ใจยากเพราะไม่รู้หัวนอนปลายตีนของเขา."
หัวน้ำ 0,น.,นํ้าหวานที่อยู่ในตอนบนของรวงผึ้ง.
หัวน้ำขึ้น 0,น.,นํ้าที่เริ่มไหลขึ้น.
หัวน้ำลง 0,น.,นํ้าที่เริ่มไหลลง.
หัวเนื้อ 0,น.,"ชื่อหนึ่งของดาวฤกษ์มฤคศิระ มี ๓ ดวง, ดาวหัวเต่า ดาวศีรษะเนื้อ ดาวศีรษะโค ดาวมฤคเศียร ดาวมฤคศิรัส ดาวมิคสิระ หรือ ดาวอาครหายณี ก็เรียก."
หัวเนื้อทราย 0,น.,"ชื่อหนึ่งของดาวฤกษ์บุรพภัทรบท มี ๒ ดวง, ดาวโปฐ-บท ดาวแรดตัวผู้ หรือ ดาวปุพพภัททะ ก็เรียก."
หัวใน 0,ว.,"ที่มีความคิดแบบไทย, ที่นิยมของที่ผลิตภายในประเทศ."
หัวบัว 0,น.,หัวนมหญิง.
หัวบัว 1,น.,กำไลที่ปลายทั้ง ๒ ข้างเป็นรูปดอกบัวตูม.
หัวบัว 2,น.,โกฐหัวบัว. (ดู โกฐหัวบัว ที่ โกฐ).
หัวบ้านท้ายบ้าน 0,ว.,ทั่วทั้งหมู่บ้าน.
หัวเบี้ย 0,น.,ผู้ที่เก็บและจ่ายเงินในวงถั่วโปเป็นต้น
หัวเบี้ย 1,น.,จำนวนเงินขนอนตลาดที่เรียกเก็บเอาไว้ในทีแรก.
หัวโบราณ 0,ว.,"นิยมตามแบบเก่าแก่, (ปาก) ครึมาก, ล้าสมัย."
หัวปลวก 0,น.,"จอมปลวก, รังปลวกที่เป็นดินสูงขึ้น."
หัวปลี 0,น.,ช่อดอกของกล้วยที่ยังมีกาบหุ้มอยู่.
หัวปักหัวปำ 0,ว.,"อาการที่หัวถลำไปข้างหน้าเพราะเมาเหล้าเมารถเป็นต้น เช่น คนเมาเดินหัวปักหัวปำ, โดยปริยายหมายความว่า โงหัวไม่ขึ้น เช่น ถูกใช้ทำงานจนหัวปักหัวปำ หลงผู้หญิงจนหัวปักหัวปำ."
หัวปั่น 0,ก.,"ทำงานจนยุ่งงงไป, ประสบกับเหตุยุ่งเหยิงหลาย ๆ เหตุเป็นต้นจนงง."
หัวปั่น 1,ว.,มึนงงเพราะประสบกับปัญหาต่าง ๆ ที่ทับถมเข้ามาจนแก้ไม่ตก.
หัวป่า 0,น.,"คนทำอาหาร ในคำว่า แม่ครัวหัวป่า พ่อครัวหัวป่า, โบราณเขียนเป็น หัวป่าก์."
หัวปาก 0,น.,นายร้อย.
หัวปี 0,ว.,"ทีแรก, เกิดก่อนเพื่อน, เช่น ลูกคนหัวปี."
หัวปีท้ายปี 0,น.,ต้นปีและท้ายปี เช่น เธอคลอดลูกหัวปีท้ายปี.
หัวพัน 0,น.,ตำแหน่งข้าราชการรองจากหมื่น เป็นหัวหน้าข้าราชการชั้นหัวปากในกรมแต่ละกรม.
หัวพุงหัวมัน 0,น.,"ส่วนที่มีพุงและมันซึ่งถือว่าเป็นส่วนที่ดีในตัวปลา, โดยปริยายหมายความว่า ส่วนที่ดีที่สุดเยี่ยมที่สุดในสิ่งใดสิ่งหนึ่ง."
หัวฟัดหัวเหวี่ยง 0,ว.,อาการที่โกรธจัด เช่น เขาโกรธจัด เดินหัวฟัดหัวเหวี่ยงออกไป.
หัวฟืนหัวไฟ 0,น.,หัวคํ่า เช่น มาแต่หัวฟืนหัวไฟ.
หัวฟืนหัวไฟ 1,ว.,หัวปี ในคำว่า ลูกหัวฟืนหัวไฟ.
หัวมังกุท้ายมังกร 0,ว.,"ไม่เข้ากัน, ไม่กลมกลืนกัน, มีหลายแบบหลายอย่างปนกัน."
หัวมัน 0,น.,"ชื่อปลานํ้าจืดชนิด Catlocarpio siamensis Boulenger ในวงศ์ Cyprinidae หัวโตมากโดยเฉพาะปลาขนาดเล็ก เกล็ดใหญ่ ลำตัวด้านหลังสีเทาดำ หางและครีบสีแดงคลํ้าหรือส้ม พบในแม่นํ้าใหญ่หลายสายของประเทศไทย เคยพบขนาดยาวได้ถึง ๓ เมตร จัดเป็นปลานํ้าจืดในกลุ่มปลาตะเพียนที่ใหญ่ที่สุดในโลก, กระมัน หรือ หัวมัน ก็เรียก."
หัวมัน 1,น.,"ชื่อกุ้งขนาดเล็กหลายชนิดในวงศ์ Penaeidae เช่น ชนิด Metapenaeus ensis (De Haan) ลำตัวสีเหลืองอ่อน ผิวเปลือกเป็นมัน พบในบริเวณนํ้ากร่อยและชายฝั่งทะเล, ชันกาด ตะเข็บ หรือ หัวมัน ก็เรียก."
หัวมุม 0,น.,จุดรวมทั้งบริเวณใกล้จุดที่เส้น ๒ เส้น แนว ๒ แนว หรือระนาบ ๒ ระนาบมาบรรจบกัน.
หัวเม็ด 0,น.,ปลายเสาที่มักกลึงเป็นรูปกลมและมียอดคล้ายตัวเม็ดของหมากรุก ที่ปลายเป็นรูปเหลี่ยมก็มี.
หัวเมือง 0,น.,เมืองอื่นนอกจากเมืองหลวง
หัวเมือง 1,น.,ต่างจังหวัด
หัวเมือง 2,น.,เมืองใหญ่ที่มีเมืองน้อยมาขึ้น.
หัวแม่ตีน 0,น.,นิ้วต้นของเท้า.
หัวแม่เท้า 0,น.,นิ้วต้นของเท้า.
หัวแม่มือ 0,น.,"นิ้วต้นของมือ, (ปาก) นิ้วโป้, นิ้วโป้ง."
หัวแมลงวัน 0,น.,คำเปรียบขนาดของลูกมะม่วงที่แรกออกจากดอก ประมาณเท่าหัวแมลงวัน.
หัวไม้ 0,น.,"นักเลงที่ชอบตีรันฟันแทง, มักเรียกว่า นักเลงหัวไม้."
หัวไม่วางหางไม่เว้น 0,ว.,รวบหมดทั้งหัวทั้งหาง
หัวไม่วางหางไม่เว้น 1,ว.,อาการที่ทำงานอยู่ตลอดเวลาโดยไม่มีเวลาหยุดพัก เช่น เขาทำงานหัวไม่วางหางไม่เว้น เขาถูกใช้งานจนหัวไม่วางหางไม่เว้น.
หัวรถจักร 0,น.,"รถหัวขบวนรถไฟ มีเครื่องยนต์ใช้ลากจูงรถไฟทั้งขบวน, รถจักร ก็เรียก."
หัวรอ 0,น.,หลักปักกันกระแสน้ำ. (ดู รอ).
หัวร่อ 0,ก.,"เปล่งเสียงแสดงความขบขัน ดีใจ ชอบใจ เป็นต้น, หัวเราะ ก็ว่า, (โบ) เขียนเป็น หวัวร่อ ก็มี."
หัวร้อยรู 0,น.,"ชื่อไม้พุ่มอิงอาศัยชนิด Hydnophytum formicarum Jack ในวงศ์ Rubiaceae ชอบเกาะไม้ต้นในป่าดิบชื้นใกล้ฝั่งทะเล ลำต้นทรงกลมอวบนํ้า มีรูพรุนภายในเป็นที่อาศัยของมด ส่วนที่เป็นรูพรุนใช้ทำยาได้, หัวร้อยรู ก็เรียก."
หัวระแหง 0,น.,พื้นดินที่แตกระแหง
หัวระแหง 1,น.,โดยปริยายหมายความว่า แห่งหน ในความว่า ทั่วทุกหัวระแหง.
หัวรักหัวใคร่ 0,ว.,ที่รักมาก เช่น ศิษย์หัวรักหัวใคร่.
หัวรั้น 0,ว.,ดื้อดัน.
หัวราน้ำ 0,ว.,มากเกินปรกติจนขาดสติ ในความว่า เมาหัวราน้ำ เที่ยวหัวราน้ำ.
หัวรุนแรง 0,น.,เรียกคนที่มีความคิดเห็นอย่างใดอย่างหนึ่งอย่างเอาจริงเอาจัง ว่า คนหัวรุนแรง.
หัวรุนแรง 1,ว.,ที่นิยมการเปลี่ยนแปลงความคิดเห็น การปฏิบัติ หรือนโยบายเป็นต้น อย่างหักหาญโดยไม่ยอมประนีประนอมใด ๆ.
หัวเราะ 0,ก.,"เปล่งเสียงแสดงความขบขัน ดีใจ ชอบใจ เป็นต้น, ใช้เข้าคู่กับคำ หัวไห้ เป็น หัวเราะหัวไห้ ก็มี, หัวร่อ ก็ว่า, (โบ) เขียนเป็น หวัวเราะ ก็มี."
หัวเราะหัวไห้ 0,ก.,หัวเราะ.
หัวเรี่ยวหัวแรง 0,น.,ผู้เป็นกำลังสำคัญในการทำกิจการต่าง ๆ.
หัวเรื่อง 0,น.,ถ้อยคำหรือวลีที่แสดงสาระสำคัญของเรื่องซึ่งเขียนไว้ที่ต้นเรื่อง.
หัวเรือใหญ่ 0,น.,"ผู้ออกรับแทนผู้อื่นเสียเอง, ผู้จัดการทุกอย่างให้ผู้อื่นด้วยตนเอง, ผู้ที่ชอบเจ้ากี้เจ้าการทำเรื่องต่าง ๆ เสียเอง."
หัวแรง 0,น.,ผู้เป็นกำลังสำคัญในการทำกิจการต่าง ๆ.
หัวแร้ง 0,น.,"เหล็กที่ปลายมีลักษณะคล้ายหัวของนกแร้ง ใช้เผาไฟให้ร้อนจัดแล้วจี้ตะกั่วบัดกรีเพื่อเชื่อมโลหะให้ติดกัน, เครื่องมือไฟฟ้าชนิดหนึ่ง เมื่อทำให้ปลายร้อนจัดด้วยกระแสไฟฟ้า ใช้จี้ตะกั่วบัดกรีเพื่อเชื่อมโลหะให้ติดกัน เรียกว่า หัวแร้งไฟฟ้า."
หัวลม 0,น.,"ต้นลม, ลมต้นฤดูหนาว"
หัวลม 1,น.,เรียกไข้ที่มักเกิดเพราะถูกอากาศเย็นต้นฤดูหนาว ว่า ไข้หัวลม.
หัวล้าน 0,ว.,มีหัวไร้ผมบางแห่งหรือทั้งหมด.
หัวล้าน 1,น.,"ชื่อไม้เถาชนิด Merremia mammosa (Lour.) Hallier f. ในวงศ์ Convolvulaceae เมล็ดมีขนตามข้าง ๆ คล้ายหัวล้าน เรียก ลูกหัวล้าน, หัวล้านชนกัน ก็เรียก."
หัวล้านชนกัน 0,น.,"ชื่อไม้เถาชนิด Merremia mammosa (Lour.) Hallier f. ในวงศ์ Convolvulaceae เมล็ดมีขนตามข้าง ๆ คล้ายหัวล้าน เรียก ลูกหัวล้าน, หัวล้านชนกัน ก็เรียก."
หัวล้านได้หวี 0,น.,ผู้ที่ได้สิ่งซึ่งไม่เป็นประโยชน์แก่ตน มักพูดเข้าคู่กับ ตาบอดได้แว่น เป็น หัวล้านได้หวี ตาบอดได้แว่น.
หัวล้านนอกครู 0,น.,ผู้ที่ปฏิบัติผิดแผกไปจากคำสั่งสอนของครูบาอาจารย์หรือแบบแผนที่นิยมกันมา.
หัวลิง 0,น.,ชื่อไม้เถาชนิด Sarcolobus globosusWall. ในวงศ์ Asclepiadaceae ผลขนาดผลส้มจีน มีสันตรงกลางคล้ายหัวลิง.
หัวเลี้ยว 0,น.,"ทางตอนที่โค้งหรือคดไปจากแนวตรง, เลี้ยว ก็ว่า."
หัวเลี้ยวหัวต่อ 0,น.,ภาวะหรือเหตุการณ์ที่อยู่ในระยะต่อกันถือว่าเป็นตอนสำคัญที่จะเปลี่ยนแปลงสภาพหรือความคิดเป็นต้น เช่น วัยรุ่นเป็นช่วงหัวเลี้ยวหัวต่อของชีวิตที่จะเติบโตเป็นผู้ใหญ่.
หัวแล่น 0,ว.,มีความคิดเร็วปลอดโปร่ง เช่น วันนี้รู้สึกหัวแล่นดี ทำงานไปได้เยอะ.
หัวโล้น 0,น.,หัวที่โกนผมหมด.
หัวโล้น 1,น.,"ชื่อไม้ต้นผลัดใบขนาดเล็กชนิด Ceriscoides turgida (Roxb). Tirveng ในวงศ์ Rubiaceae ขึ้นในป่าเต็งรังและป่าเบญจพรรณ ต้นมีหนามห่าง ๆ เปลือกเรียบ ดอกเมื่อแรกบานสีขาว แล้วเปลี่ยนเป็นสีเหลืองอ่อน ผลคล้ายละมุดฝรั่ง แต่สุกแล้วแข็ง, กระดานพน มะกอกพราน หมุยขาว หรือ หัวโล้น ก็เรียก."
หัวว่าว 0,น.,"ชื่อเฟินอิงอาศัยชนิด Drynaria quercifolia (L.) J. Sm. ในวงศ์ Polypodiaceae ขึ้นเกาะตามต้นไม้ใหญ่ในป่าที่ชุ่มชื้น เหง้ามีขนเป็นปุยสีนํ้าตาลแก่คล้ายกระแต ใบมี ๒ ชนิด คือ ใบสร้างอับสปอร์ ยาวประมาณ ๑ เมตร เว้าเป็นแฉกลึกเกือบถึงเส้นกลางใบ และมีอับสปอร์เป็นจุด ๆ สีนํ้าตาลเข้มใต้ใบ ใบไม่สร้างอับสปอร์ ขนาดประมาณฝ่ามือ ขอบจักหยาบ ๆ สีนํ้าตาล แข็งติดอยู่กับเหง้าจนผุ ไม่หล่นเหมือนใบสร้างอับสปอร์ ทำหน้าที่กักปุ๋ย, กระปรอกว่าว ใบหูช้าง สไบนาง สะโมง หรือ หัวว่าว ก็เรียก."
หัวไว 0,ว.,มีปฏิภาณไหวพริบดี.
หัวสมอง 0,น.,"ปัญญาความคิด เช่น เด็กคนนี้มีหัวสมองดี, สมอง หรือ มันสมอง ก็ว่า."
หัวสมัยใหม่ 0,ว.,"นิยมของใหม่, นิยมตามแบบใหม่, ตรงข้ามกับ หัวเก่า"
หัวสมัยใหม่ 1,ว.,"ทันสมัย ตรงข้ามกับ หัวโบราณ, หัวใหม่ ก็ว่า."
หัวสำเภา 0,น.,"ชื่อหนึ่งของดาวฤกษ์ปุนัพสุ มี ๓ ดวง, ดาวสำเภาทอง ดาวสะเภา ดาวยามเกา ดาวตาเรือชัย หรือ ดาวปุนัพพสู ก็เรียก."
หัวสูง 0,ว.,มีรสนิยมสูงจนเกินตัว
หัวสูง 1,ว.,เย่อหยิ่ง.
หัวเสีย 0,ว.,"หงุดหงิด, มีอารมณ์โกรธค้างอยู่."
หัวใส 0,ว.,มีความคิดว่องไวในการหาประโยชน์ เช่น พ่อค้าหัวใส.
หัวไส้ 0,น.,กระเพาะปัสสาวะ
หัวไส้ 1,น.,ดาก
หัวไส้ 2,น.,หัวริดสีดวงทวาร.
หัวหกก้นขวิด 0,ว.,"อาการที่ซนเล่นไปตามความพอใจไม่ต้องเกรงใจใคร เช่น เด็กพวกนี้ไปหัวหกก้นขวิดที่ไหนมา, อาการที่เที่ยวไปตามความพอใจไม่อยู่ติดบ้าน เช่น พาเที่ยวหัวหกก้นขวิด."
หัวหงอก 0,น.,"หัวที่มีผมเปลี่ยนจากสีเดิมเป็นสีขาว, โดยปริยายหมายถึงคนแก่, เมื่อใช้เข้าคู่กับคำ หัวดำ เป็น หัวหงอกหัวดำ หมายถึง ทั้งผู้ใหญ่และผู้น้อย."
หัวหด 0,ก.,"กลัวมาก, ขยาด, เช่น ได้ยินแค่ชื่อก็หัวหดแล้ว."
หัวหด 1,ว.,ใช้ประกอบกับคำ กลัว ในความว่า กลัวจนหัวหด หมายความว่า กลัวมาก.
หัวหน้า 0,น.,ผู้เป็นใหญ่ในหมู่หนึ่ง ๆ.
หัวหน่าว 0,น.,ส่วนของร่างกายอยู่ระหว่างท้องน้อยกับอวัยวะสืบพันธุ์.
หัวหมอ 0,น.,บุคคลที่ชอบตั้งตัวเป็นเสมือนผู้รอบรู้หรือนักกฎหมาย อ้างเหตุอ้างผลเพื่อโต้แย้งในเรื่องต่าง ๆ.
หัวหมื่น 0,น.,"ตำแหน่งข้าราชการในกรมมหาดเล็ก มี ๔ ตำแหน่ง เดิมเรียกว่า หมื่น เจ้าหมื่น และจมื่น เช่น หมื่นสรรเพธภักดี เจ้าหมื่นไวยวรนารถ ต่อมาในรัชกาลที่ ๔ ตำแหน่งหัวหมื่นทั้งสี่อยู่ภายใต้การดูแลของจางวางกรมมหาดเล็ก, เจ้าพนักงานระดับหนึ่งในกรมมหาดไทยและกรมพระกลาโหม รองจากขุนสูงกว่าหัวพัน เช่น หัวหมื่นทลวงฟัน หัวหมื่นเครื่องต้น (สามดวง)."
หัวหมุน 0,ก.,"งง, สับสน, หัวหมุนเป็นลูกข่าง ก็ว่า."
หัวหมู 0,น.,ส่วนของไถตอนที่ปลายสอดติดผาล.
หัวหลักหัวตอ 0,น.,"บุคคลที่นึกว่าตนเป็นคนสำคัญแต่คนอื่นมองข้ามไป เวลาทำงานสำคัญก็ไม่ปรึกษา (มักใช้ในลักษณะแสดงความน้อยอกน้อยใจ), ผู้หลักผู้ใหญ่ที่ถูกผู้น้อยมองข้ามไป เวลาทำงานสำคัญก็ไม่ปรึกษาหารือก่อน (มักใช้ในลักษณะแสดงความน้อยอกน้อยใจ) เช่น เขาเห็นเราเป็นหัวหลักหัวตอไปได้ จะทำอะไรก็ไม่ปรึกษาหารือ."
หัวหอก 0,น.,บุคคลหรือกลุ่มบุคคลที่ทำหน้าที่นำผู้อื่นไปก่อนในการต่อสู้หรือการพัฒนาสังคมเป็นต้น เช่น ส่งทหารพรานเป็นหัวหอกไปค้นหาผู้ก่อการร้าย.
หัวหาด 0,น.,"ชายฝั่งทะเลที่อยู่ในความครอบครองของข้าศึก ซึ่งถ้ายึดได้แล้วจะทำให้สะดวกในการยกพลขึ้นบก เรียกว่า ยึดหัวหาด, โดยปริยายหมายถึง จุดสำคัญหรือบุคคลสำคัญเป็นต้นซึ่งถ้ายึดไว้ได้ก็จะสามารถทำให้แผนการขั้นต่อไปประสบความสำเร็จ."
หัวหายตะพายขาด 0,ว.,อาการที่ชอบเที่ยวเตลิดไปไม่อยู่ติดบ้าน บางทีก็ไม่กลับบ้านเลย คล้ายวัวควายที่เชือกตะพายขาดเที่ยวเตลิดไป.
หัวเห็ด 0,น.,เรียกตะปูชนิดหนึ่งที่หัวบานเหมือนดอกเห็ดสำหรับตอกสังกะสีเป็นต้น ว่า ตะปูหัวเห็ด.
หัวเห็ด 1,ว.,ทรหดอดทน เช่น นักข่าวหัวเห็ด นักสืบหัวเห็ด
หัวเห็ด 2,ว.,"ดื้อรั้นไม่ยอมเปลี่ยนความคิดง่าย ๆ, หัวเห็ดย้ำ ก็ว่า เช่น มหาชนโดยมากเขาทำกันอย่างไร เราก็ต้องทำอย่างนั้น ที่จะไปหัวเห็ดย้ำให้ผิดกาลเทศะอย่างจีน ๆ ข้าพเจ้าไม่เห็นด้วย (ลักวิทยา)."
หัวเหม่ 0,น.,หัวที่โผล่ให้เห็นเด่นชัด ท่ามกลางผู้ที่นั่งอยู่โดยรอบ.
หัวเหม่ง 0,น.,หัวล้านใสเป็นมัน.
หัวแหลม 0,น.,ปลายแห่งแผ่นดินที่ยื่นออกไปในนํ้า.
หัวแหลม 1,ว.,ฉลาดหลักแหลม.
หัวแหวน 0,น.,ผักคราดหัวแหวน. (ดู คราด ๒).
หัวใหม่ 0,ว.,"นิยมของใหม่, นิยมตามแบบใหม่, ตรงข้ามกับ หัวเก่า"
หัวใหม่ 1,ว.,"ทันสมัย, ตรงข้ามกับ หัวโบราณ, หัวสมัยใหม่ ก็ว่า."
หัวไหล่ 0,น.,จะงอยบ่า.
หัวอก 0,น.,ส่วนเบื้องบนของอกในระดับหัวใจ
หัวอก 1,น.,สภาพที่น่าเห็นใจ เช่น หัวอกแม่ค้า หัวอกคนจน.
หัวอกหัวใจ 0,น.,สภาพจิตใจที่น่าสงสารหรือน่าเห็นใจเป็นต้น เช่น นั่งก็ไม่เป็นสุข นอนก็ไม่เป็นสุข หัวอกหัวใจมันร้อนรุ่มไปหมด.
หัวออก 0,น.,"หัวของตัวหนังสือที่ม้วนออกนอกเส้นกรอบของตัวอักษร เช่น ตัว พ ตัว ภ, ตรงข้ามกับ หัวเข้า."
หัวอ่อน 0,ว.,"ว่าง่าย, สอนง่าย, เช่น เขาเป็นคนหัวอ่อน บอกอะไรก็เชื่อ, ตรงข้ามกับ หัวแข็ง."
หัวอ่อน 1,ก.,"ยอมอ่อนตามง่าย เช่น เด็กคนนี้หัวอ่อนมาก พอชี้แจงให้เข้าใจก็เปลี่ยนความคิดทันที, ตรงข้ามกับ หัวแข็ง."
หัส 0,น.,การหัวเราะ
หัส 1,น.,"การรื่นเริง, ใช้เป็นส่วนหน้าของคำสมาส เช่น หัสดนตรี หัสนาฏกรรม หัสนิยาย."
หัส- 0,น.,การหัวเราะ
หัส- 1,น.,"การรื่นเริง, ใช้เป็นส่วนหน้าของคำสมาส เช่น หัสดนตรี หัสนาฏกรรม หัสนิยาย."
หัสดนตรี 0,น.,วงดนตรีสากลซึ่งบรรเลงในงานรื่นเริง.
หัสดิน 0,น.,ช้าง.
หัสดี 0,น.,ช้าง.
หัสดีลิงค์ 0,น.,นกในวรรณคดีมีจะงอยปากยาวคล้ายงวงช้าง.
หัสต์ 0,น.,"หัตถ์, มือ."
หัสตะ 0,น.,"ดาวฤกษ์ที่ ๑๓ มี ๕ ดวง เห็นเป็นรูปฝ่ามือหรือเหนียงสัตว์, ดาวศอกคู้ หรือ ดาวศีรษะช้าง ก็เรียก."
หัสนาฏกรรม 0,น.,ละครหรือเรื่องราวที่ตลกขบขัน.
หัสนิยาย 0,น.,"เรื่องชวนหัว, เรื่องราวที่เต็มไปด้วยความตลกขบขัน."
ห้า 0,น.,จำนวนสี่บวกหนึ่ง
ห้า 1,น.,ชื่อเดือนจันทรคติ เรียกว่า เดือน ๕ ตกในราวเดือนเมษายน.
หา 0,ก.,"มุ่งพบ, พบ, เช่น ไปหาหมอ เพื่อนมาหา"
หา 1,ก.,"เยี่ยม, เยี่ยมเยียน, เช่น เพิ่งทราบว่าครูกำลังป่วย ต้องไปหาท่านเสียหน่อย"
หา 2,ก.,"ฟ้อง, กล่าวโทษ, เช่น เขาหาว่า…"
หา 3,ก.,พึ่ง เช่น ไม่รู้จะหันหน้าไปหาใคร
หา 4,ก.,บางทีก็ใช้ควบกับคำอื่น มีความหมายว่า ขวนขวายเพื่อให้ได้มาโดยวิธีต่าง ๆ เช่น ค้นหา สืบหา เที่ยวหา ตามหา เสาะหา แสวงหา.
หา 5,บ.,ที่ เช่น เขาอยู่หาไหน ๆ ก็ไม่รู้ จะไปตามตัวเขาได้อย่างไร
หา 6,บ.,สู่ เช่น เด็กว่ายน้ำเข้าหาฝั่ง.
ห่า 0,น.,ชื่อผีจำพวกหนึ่ง ถือกันว่าทำให้เกิดโรคระบาดอย่างร้ายแรง เป็นเหตุให้คนตายจำนวนมาก เช่น โรคลงราก (อหิวาตกโรค) กาฬโรค จึงเรียกโรคนี้ว่า โรคห่า.
หา 7,ว.,เสียงซักหรือเตือนให้ตอบ เช่น ว่ากระไรหา.
ห่า 1,น.,หน่วยวัดปริมาณน้ำฝนโดยกำหนดว่า ถ้าตกลงมาเต็มบาตรขนาดกลางที่ตั้งรองไว้กลางแจ้ง เรียกว่า น้ำฝนห่าหนึ่ง
ห่า 2,น.,"โดยปริยายใช้กับสิ่งที่มาหรือตกลงมาเป็นจำนวนมาก เช่น ฝนตกลงมาห่าใหญ่, บางทีก็ใช้ว่า ห่าฝน เช่น ฝูงเครื่องบินทิ้งระเบิดถล่มข้าศึกเป็นห่าฝน."
หา…ไม่ 0,ว.,ใช้ในความปฏิเสธ นิยมใช้คร่อมกับคำนามหรือคำกริยา เช่น หาใช่คนไม่ = ไม่ใช่คน หาพบไม่ = ไม่พบ.
หาก 0,ก.,"โบราณใช้เป็นกริยาช่วยหมายความว่า พึง, ควร, เช่น “อันไตรโลกย์หากบูชา” = อันไตรโลกย์พึงบูชา."
หาก 1,ว.,"จาก, แยกออกไปอีกส่วนหนึ่ง, เช่น ออกหาก ต่างหาก."
หาก 2,สัน.,"ถ้า, แม้, เช่น หากเธอมาฉันก็จะรอ"
หาก 3,สัน.,"เผอิญ เช่น หากอักนิฏฐ์พรหมฉ้วย พี่ไว้จึงคง (ตำนานเรื่องศรีปราชญ์), หากเดชพระจอมจุมพลป้องบไภยันต์ (บุณโณวาท)."
หากว่า 0,สัน.,"ถ้าว่า, แม้ว่า, เช่น ฉันจะไปชายทะเลหากว่ามีเวลาว่าง."
หากิน 0,ก.,"ทำงานเลี้ยงชีวิต, หาเลี้ยงชีพ, เช่น เขาหากินด้วยการประกอบอาชีพสุจริต, มักใช้เข้าคู่กับคำ ทำมา เป็น ทำมาหากิน, หาอาหาร เช่น ให้แต่ที่พัก หากินเอาเอง."
หากิน 1,ว.,ที่หาเลี้ยงชีพด้วยการค้าประเวณี ในคำว่า หญิงหากิน.
ห่ากิน 0,ก.,ตายเพราะโรคระบาดอย่างร้ายแรง เช่น โรคลงราก (อหิวาตกโรค) กาฬโรค.
หากินด้วยลำแข้ง 0,ก.,หาเลี้ยงชีพด้วยความมานะพยายามของตัวเอง.
หากินตัวเป็นเกลียว 0,ก.,ขยันทำมาหากินจนไม่มีเวลาได้พักผ่อน.
หากินตามชายเฟือย 0,ก.,หาเลี้ยงชีพอย่างไม่เป็นล่ำเป็นสันได้ไหนเอานั่นไปเรื่อย ๆ.
หาความ 0,ก.,"กล่าวโทษ, ใส่ความ"
หาความ 1,ก.,หาเรื่องไม่จริงมาว่า.
หาค่าบ่มิได้ 0,ว.,มีค่ามากจนประมาณไม่ได้.
หาค่ามิได้ 0,ว.,มีค่ามากจนประมาณไม่ได้.
หาง 0,น.,"ส่วนที่ยื่นออกจากส่วนท้ายแห่งลำตัวสัตว์, ขนสัตว์จำพวกนก เช่น กา ไก่ ที่ยื่นยาวออกทางก้น"
หาง 1,น.,ส่วนท้ายหรือปลาย เช่น หางเชือก หางแถว
หาง 2,น.,คำสุภาพเรียก ปลาช่อน ว่า ปลาหาง
หาง 3,น.,ลักษณนามเรียกปลาช่อนตากแห้ง เช่น ปลาช่อนหางหนึ่ง ปลาช่อน ๒ หาง
หาง 4,น.,เรียกดาวจรที่ส่วนท้ายมีแสงลักษณะเป็นทางยาวดุจหาง ว่า ดาวหาง
หาง 5,น.,ของที่คัดหรือกลั่นเอาส่วนที่เป็นหัวออกแล้ว เช่น หางเหล้า หางกะทิ หางนํ้านม
หาง 6,น.,ส่วนของตัวหนังสือไทยที่ลากยาวขึ้นทางเบื้องบนหรือทางเบื้องล่าง.
ห่าง 0,ว.,"ไกล เช่น ห่างหูห่างตา บ้านอยู่ห่างถนนมาก, บางทีใช้เข้าคู่กันเป็น ห่างไกล"
ห่าง 1,ว.,จากกันไปไม่ได้ติดต่อกัน เช่น เราห่างกันไปนาน
ห่าง 2,ว.,ไม่ถี่ (ใช้แก่เวลา) เช่น มีลูกห่าง.
ห้าง 0,น.,กระท่อมที่ทำไว้เฝ้านาเฝ้าสวน หรือที่พักเล็ก ๆ ชั่วคราว
ห้าง 1,น.,ที่ซึ่งทำไว้บนต้นไม้ในป่า สำหรับคอยเฝ้าดูเหตุการณ์หรือดักยิงสัตว์เป็นต้น.
ห้าง 2,น.,"สถานที่จำหน่ายสินค้า, สถานที่ประกอบธุรกิจ."
ห่าง ๆ 0,ก.,ค่อนข้างไกลกัน เช่น บ้านในหมู่บ้านนี้ตั้งอยู่ห่าง ๆ กัน
ห่าง ๆ 1,ก.,ไม่ใกล้ชิดกัน เช่น ญาติห่าง ๆ.
หางกระเบน 0,น.,"ชายผ้าที่เป็นส่วนกว้างของผ้านุ่งที่ประกบกันแล้วม้วนเฉียง สอดไปใต้หว่างขา ดึงขึ้นแล้วเอาชายไปเหน็บที่ขอบผ้านุ่งด้านหลังระดับบั้นเอว, ชายกระเบน ก็เรียก."
หางกระรอก 0,น.,ชื่อผ้าชนิดหนึ่งที่ทอด้วยด้ายหรือไหมต่างสี ฟั่นเป็นเกลียวเสียก่อน เมื่อทอแล้วมีลายแลดูดังลายหางกระรอก เรียกว่า ผ้าหางกระรอก.
หางกระหมวด 0,ว.,ที่มีหางกระหมวดปลาย ได้แก่หาง ฬ ฮ.
หางกราย 0,น.,ชื่อต้นไม้ชนิดหนึ่งใช้ทำยา. (พจน. ๒๔๙๓)
หางกวัก 0,น.,หางที่มีปลายงอลง (ใช้แก่แมว) ถือว่าเป็นมงคล.
หางกะลวย 0,น.,ขนหางไก่ตัวผู้ที่ยื่นยาวกว่าเพื่อน.
หางกะลวยไก่ 0,น.,ต้นไม้ชนิดหนึ่งมีดอกเหมือนหางกะลวยไก่.
หางกังหัน 0,น.,"เครื่องหมายรูปสระดังนี้  ใช้แทนเสียงสระอะในกรณีที่มีตัวสะกด เช่น ก ะ ด = กัด, ไม้หันอากาศ หรือ ไม้ผัด ก็เรียก."
หางกิ่ว 0,น.,ชื่อหนึ่งของปลาทะเลหลายชนิดหลายสกุล ในวงศ์ Carangidae อยู่ในกลุ่มปลาหางแข็ง สีกุน หรือม่ง ลักษณะสำคัญคือ ลำตัวเพรียว แบนข้างเล็กน้อย หน้าครีบก้นมีหนามแข็ง ๒ อันพับได้ คอดหางแคบมาก เกล็ดบนเส้นข้างตัวที่คอดหางใหญ่เป็นเหลี่ยมแข็ง อยู่รวมกันเป็นฝูง เช่น ชนิด Atule mate (Cuvier) ซึ่งมีขนาดยาวได้ถึง ๒๕ เซนติเมตร ส่วนชนิดที่ใหญ่และยาวกว่าชนิดแรกมากคือ Caranx sexfasciatus Quoy & Gaimard ขนาดยาวได้ถึง ๗๘ เซนติเมตร สำหรับชนิดหลังนี้ สีขน ก็เรียก.
หางกิ่ว 1,น.,"ชื่อปลาน้ำจืดชนิด Boesemania microlepis (Bleeker) ในวงศ์ Sciaenidae ลำตัวกว้างมากในแนวอกและท้อง แล้วเรียวเล็กลงมากที่คอดหาง ก้านครีบแข็งก้านที่ ๒ ของครีบก้นใหญ่มาก ครีบหางมีปลายแหลม ครีบท้องมีปลายเป็นเส้นสั้น ๆ เกล็ดในแนวเส้นข้างตัวเด่นชัดเจนและเรียงต่อเลยไปจนสุดปลายของครีบหาง ลำตัวและหัวมีสีเงินหรือเทาอ่อน ด้านหลังมีลายสีเทาเอียงอยู่ตามแถวของเกล็ด พบทุกลุ่มนํ้า ขนาดยาวได้ถึง ๙๐ เซนติเมตร, เขตลุ่มแม่นํ้าโขงเรียก กวาง เขตลุ่มแม่นํ้าบางปะกงเรียก หางกิ่ว."
หางแกละ 0,น.,ผมที่เอาไว้เป็นแหยมที่แง่ศีรษะ.
หางไก่ 0,น.,ชื่อปลาทะเลบ้างอยู่ในน้ำจืดทุกชนิดในสกุล Coilia วงศ์ Engraulidae หรือ Engraulididae ลำตัวแบนข้าง ตั้งแต่ปลายปากถึงครีบหลังกว้างเป็นรูปสามเหลี่ยมและเรียวเล็กยาวไปทางหาง เกล็ดเป็นแบบเกล็ดเรียบหลุดง่าย ลำตัวจึงแลดูใส ก้านครีบอกบางก้านยื่นยาวมากคล้ายหนวด สำหรับชนิด C. dussumieri Valenciennes ซึ่งอาจพบอาศัยอยู่ในน้ำจืดมีจุดเรืองแสงสีเงินอมเหลืองบนเกล็ด ๓-๔ แถวที่ตอนล่างของลำตัว ทั่วไปยาวไม่เกิน ๒๖ เซนติเมตร.
หางขมวด 0,ว.,ที่มีหางกระหมวดปลาย ได้แก่หาง ฬ ฮ.
หางขอด 0,น.,หางที่มีปลายขมวดงอหงิก (ใช้แก่หมาและแมว).
หางข้าว 0,น.,ข้าวเปลือกที่ยังมีข้าวลีบปนอยู่มาก
หางข้าว 1,น.,จำนวนข้าวที่หลวงเรียกเก็บเป็นภาษี.
หางแข็ง 0,น.,"ชื่อปลาทะเลชนิด Megalaspis cordyla (Linn.) ในวงศ์ Carangidae ลำตัวเพรียว แบนข้างเล็กน้อย เรียวลู่ไปทางคอดหางซึ่งแคบมากและเป็นเหลี่ยมแข็งคล้ายแข้งไก่ หน้าครีบก้นมีกระดูกเป็นหนามแข็ง ๒ อัน พับซ่อนในร่องเนื้อได้ ตาโตมีหนังตาไขมัน ปากกว้าง ครีบอกยาวใหญ่เป็นรูปเคียว ครีบหางเป็นแฉกกว้าง ท้ายครีบหลังและครีบก้นมีครีบฝอย ๗-๑๐ ครีบ เรียงห่างกัน เกล็ดเล็กแต่เฉพาะที่อยู่ในแนวเส้นข้างตัวจนถึงข้างหางขยายใหญ่มาก ด้านบนของหัวและลำตัวมีสีเขียวอมเทา ด้านท้องมีสีขาวเงิน ขอบแผ่นปิดเหงือกมีจุดสีดำใหญ่ ว่ายน้ำเร็ว อยู่เป็นฝูงใกล้ผิวน้ำ ขนาดยาวได้ถึง ๘๐ เซนติเมตร, ขาไก่ อีลอง อีโลง หรือ หางแข็ง ก็เรียก."
หางเครื่อง 0,น.,เพลงที่ออกต่อท้ายจากเพลง ๓ ชั้น หรือ เพลงเถา
หางเครื่อง 1,น.,กลุ่มบุคคลที่ออกมาเต้นประกอบจังหวะในการร้องเพลงประเภทลูกทุ่ง.
หางงอ 0,น.,หางที่ปลายงอขึ้น (ใช้แก่หมาและแมว).
หางจระเข้ 0,น.,ชื่อไม้ล้มลุกชนิด Aloe vera (L.) Burm. f. ในวงศ์ Asphodelaceae ใบเป็นทางยาวอวบนํ้า ขอบใบจัก ปลายใบแหลมคล้ายหางจระเข้ มียางและเมือกจากวุ้นใช้ทำยาได้.
หางจิ้งเหลน 0,น.,ผมของเด็กที่เอาไว้ที่ท้ายทอยเล็กกว่าผมเปีย.
หางช้าง 0,น.,"ชื่อไม้ล้มลุกชนิด Iris domestica (L.) Goldblatt et Mabb. ในวงศ์ Iridaceae ใบเป็นแผ่นคล้ายพัดด้ามจิ้วหรือขนปลายหางช้าง, ว่านหางช้าง ก็เรียก, อีสานและพายัพเรียก ว่านมีดยับ."
หางช้าง 1,น.,ข้าวฟ่างหางช้าง. (ดู ข้าวฟ่าง ที่ ข้าว).
หางเต่า 0,น.,"ปอยผมในร่องเล็กที่ท้ายทอย มีรูปแหลม, หีเต่า ก็เรียก."
หางแถว 0,น.,"คนที่อยู่ท้ายแถว, โดยปริยายหมายถึงผู้น้อย, ผู้ที่มีความสำคัญน้อย, ปลายแถว ก็ว่า."
หางนกกะลิง 0,น.,"ชื่อพรรณไม้ ๓ ชนิดในสกุล Capparis วงศ์ Capparaceae คือ ไม้เถาชนิด C. sepiariaL. มีหนามโค้งลง, หนามวัวซัง ก็เรียก, C. pyrifolia Lam. มีหนามเหยียดตรง, หนามหางนกกะลิง ก็เรียก, และไม้พุ่มชนิด C. radula Gagnep. มีหนามโค้ง, หนามดำ ก็เรียก."
หางนกยูง 0,น.,"ชื่อไม้พุ่มชนิด Caesalpinia pulcherrima (L.) Sw. ในวงศ์ Leguminosae ลำต้นและกิ่งมีหนาม ดอกสีแดง เหลือง หรือชมพู, หางนกยูงไทย ก็เรียก."
หางนกยูง 1,น.,"ชื่อปลาน้ำจืดขนาดเล็กที่ออกลูกเป็นตัว ชนิด Poecilia reticulata Peters ในวงศ์ Poeciliidae มีถิ่นกำเนิดอยู่ในเขตร้อนตอนเหนือของทวีปอเมริกาใต้ นำเข้ามาเลี้ยงและขยายพันธุ์เป็นปลาสวยงาม ลำตัวยาว แบนข้าง คอดหางใหญ่ ปากเล็กเชิดขึ้น ตาโต ตัวผู้มีขนาดโตได้ยาวเพียง ๓ เซนติเมตร ส่วนตัวเมียยาวได้ถึง ๖ เซนติเมตร, กินยุง ก็เรียก."
หางนกยูงไทย 0,น.,"ชื่อไม้พุ่มชนิด Caesalpinia pulcherrima (L.) Sw. ในวงศ์ Leguminosae ลำต้นและกิ่งมีหนาม ดอกสีแดง เหลือง หรือชมพู, หางนกยูงไทย ก็เรียก."
หางนกยูงฝรั่ง 0,น.,ชื่อไม้ต้นขนาดใหญ่ชนิด Delonix regia (Bojer ex Hook.) Raf. ในวงศ์ Leguminosae ลำต้นและกิ่งไม่มีหนาม ดอกสีแดงหรือแสด ออกดอกปีละครั้ง ขณะออกดอกผลัดใบ.
หางนม 0,น.,น้ำนมที่เอาครีมส่วนใหญ่ออกแล้ว.
หางนาค 0,น.,ชื่อนกขนาดเล็กชนิด Megalurus palustris Horsfield วงศ์ย่อย Megalurinac ในวงศ์ Sylviidae ตัวสีนํ้าตาล มีลายตลอดทั่วตัว หางยาว ขณะบินหางกระดกขึ้นลง ร้องเสียงไพเราะ อาศัยอยู่ตามทุ่งหญ้า หนองนํ้า ทุ่งนา ทำรังแบบง่าย ๆ ตามพุ่มหญ้า กินแมลง.
หางปลา 0,น.,ชื่อพัดชนิดหนึ่งที่ปิดด้วยกระดาษเป็นต้นลงบนโครงพัดรูปคล้ายหางปลาช่อนที่แผ่ออก เรียกว่า พัดหางปลา
หางปลา 1,น.,ชื่อพลั่วชนิดหนึ่ง ปลายบากเข้าเป็นรูปคล้ายหางปลาทู ใช้ขุดดิน เรียกว่า พลั่วหางปลา
หางปลา 2,น.,เครื่องหมายสัญญาณให้รถไฟแล่นเข้าออกได้
หางปลา 3,น.,โลหะลักษณะแบนสำหรับเหนี่ยวเพลาล้อหลังรถจักรยาน เพื่อให้โซ่ตึง
หางปลา 4,น.,ชื่อชายปั้นลมแบบหนึ่ง ปลายตอนล่างผายออกคล้ายหางปลาที่ตัดตรง
หางปลา 5,น.,ตัวไม้สำหรับช่วยยึดตัวไม้ส่วนโครงหลังคาเรือนบางตัวให้มั่นคง.
หางปลาช่อน 0,น.,"ชื่อพรรณไม้หลายชนิด หลายสกุล หลายวงศ์ เช่น ไม้ล้มลุกชนิด Emilia sonchifolia (L.) DC. ไม้ล้มลุกชนิด Aster cordifolius L. ในวงศ์ Compositae ใบแคบ โคนใบรูปหัวใจ ช่อดอกสีชมพู หรือสีฟ้า, ไม้พุ่มชนิด Acalypha wilkesiana Müll. Arg. ในวงศ์ Euphorbiaceae ใบมีหลายสี ค่อนข้างกลม ขอบหยักและเป็นคลื่น ในวงศ์ Compositae ใบมีขน ขอบใบจัก กินได้ แต่ไม่ควรกินเป็นประจำ, หางปลาช่อน ก็เรียก."
หางเปีย 0,น.,"ผมที่ไว้ยาวบริเวณท้ายทอย, ผมที่ถักห้อยยาวลงมา, เปีย หรือ ผมเปีย ก็เรียก."
หางแพน 0,น.,"ชื่อปลานํ้าจืดชนิด Chitata ornata (Gray) วงศ์ Notopteridae หัวและลำตัวแบนข้างมาก สันหัวแอ่นลง ท้องเป็นสันคม ครีบท้องเล็กมาก ครีบก้นยาวต่อเนื่องกับครีบหางซึ่งเล็กและมีขอบมน บริเวณเหนือครีบก้นมีจุดสีดำ ๕-๑๐ จุดเรียงเป็นแถวตามยาว ขนาดยาวได้ถึง ๑ เมตร, ตองกราย หรือ หางแพน ก็เรียก."
หางแมงป่อง 0,น.,ชื่อเรือขุดชนิดหนึ่งคล้ายเรือชะล่า แต่มีขนาดใหญ่และยาวกว่า ท้ายต่อไม้ยกงอนสูงขึ้นคล้ายหางแมงป่อง มักใช้ถ่อ.
หางยาม 0,น.,หางคันไถตอนที่มือถือ.
หางยาว 0,น.,เรียกเรือยนต์ชนิดหนึ่ง มีลักษณะเพรียวยาว ขับเคลื่อนด้วยเครื่องยนต์ที่ติดท้ายเรือ มีท่อโลหะยาวปลายติดใบจักรใช้แทนหางเสือไปในตัว โยกไปทางซ้ายทางขวาเพื่อเปลี่ยนทิศทางและยกขึ้นลงได้ ว่า เรือหางยาว.
หางรอก 0,น.,"ชื่อต้นไม้ชนิด Miliusa velutina (Dunal) Hook. f. et Thomson ในวงศ์ Annonaceae ใบป้อม ขนนุ่ม ดอกสีเขียวอ่อน ผลเป็นพวง ทุกส่วนใช้ทำยา, หางรอก ก็เรียก."
หางเลข 0,น.,เครื่องหมายย่อแทนตัวเลขสำหรับทำเลขอย่างเก่า
หางเลข 1,น.,"เลขท้ายสลากกินแบ่งที่ได้รางวัล, โดยปริยายหมายถึงพลอยถูกผู้ใหญ่ดุหรือตำหนิไปด้วย เช่น หัวหน้าถูกผู้ใหญ่ดุ ลูกน้องก็เลยพลอยถูกหางเลขไปด้วย."
หางว่าว 0,น.,"กระดาษแผ่นยาวอย่างหางของว่าวปักเป้าสำหรับจดบัญชีบอกรายชื่อเลกครั้งโบราณ, บัญชีรายชื่อคนหรือรายการสิ่งของเป็นต้นที่ยาวยืด."
ห้างสรรพสินค้า 0,น.,ร้านค้าปลีกขนาดใหญ่ ซึ่งสินค้าที่ขายส่วนใหญ่จะเป็นเครื่องอุปโภคบริโภคระดับกลางจนถึงระดับสูงหลากหลายประเภท เช่น เสื้อผ้า เครื่องสำอาง เครื่องใช้ในบ้าน.
หางสิงห์ 0,น.,สนหางสิงห์. (ดู สนหางสิงห์ ที่ สน ๑).
หางเสียง 0,น.,กระแสเสียงที่ลงท้ายซึ่งแสดงนิสัย ความรู้สึก หรืออารมณ์ของผู้พูดเป็นต้น เช่นโกรธ อ่อนโยน.
หางเสือ 0,น.,"เครื่องถือท้ายเรือ, จะกูด จังกูด หรือ ตะกูด ก็เรียก."
หางหงส์ 0,น.,ชายผ้านุ่งที่จีบโจงแล้วไปเหน็บไว้ข้างหลัง ปล่อยให้จีบคลี่ห้อยจากเอวเบื้องหลังลงมาถึงหว่างขาอย่างตัวพระแต่งในละครรำ
หางหงส์ 1,น.,เรียกเครื่องประดับที่ทำเป็นรูปคล้ายหางหงส์ติดตั้งอยู่ปลายรวยระกา หรือปลายตะเข้สันหลังคาของโบสถ์และพระที่นั่งเป็นต้นตามแบบสถาปัตยกรรมไทย.
หางหงส์ 2,น.,"ชื่อไม้พุ่มชนิด Hibiscus schizopetalus (Dyer) Hook.f. ในวงศ์ Malvaceae ดอกสีแดงห้อยลง กลางดอกมีเกสรเป็นพู่ยาว, หางหงส์ ก็เรียก."
หางหนู 0,น.,หางเปียขนาดเล็กและสั้นที่บริเวณท้ายทอยโดยโกนผมที่เหลือออกทั้งหมด
หางหนู 1,น.,เรียกตะไบเล็ก ๆ ที่มีลักษณะกลมเรียว ว่า ตะไบหางหนู
หางหนู 2,น.,ส่วนของแขนงช่อดอกของหมากและมะพร้าวที่ดอกเพศผู้ร่วงหมดแล้ว.
ห่างหาย 0,ก.,แยกจากกันไป ไม่ได้ไปมาหาสู่กันนาน เช่น ตั้งแต่เรียนจบก็ห่างหายกันไป ไม่ได้ข่าวคราว.
ห้างหุ้นส่วน 0,น.,กิจการที่บุคคลตั้งแต่สองคนขึ้นไปเข้ากระทำกิจการร่วมกัน ด้วยประสงค์จะแบ่งปันกำไรอันจะพึงได้แก่กิจการที่ทำ.
ห้างหุ้นส่วนจำกัด 0,น.,ห้างหุ้นส่วนประเภทหนึ่ง ซึ่งมีผู้เป็นหุ้นส่วน ๒ จำพวก คือ (๑) ผู้เป็นหุ้นส่วนซึ่งจำกัดความรับผิดเพียงไม่เกินจำนวนเงินที่ตนรับจะลงหุ้นในห้างหุ้นส่วนนั้น และ (๒) ผู้เป็นหุ้นส่วนซึ่งต้องรับผิดในบรรดาหนี้ของห้างหุ้นส่วนโดยไม่มีจำกัดจำนวน.
ห้างหุ้นส่วนสามัญ 0,น.,ห้างหุ้นส่วนประเภทหนึ่ง ซึ่งผู้เป็นหุ้นส่วนหมดทุกคนต้องรับผิดร่วมกันเพื่อหนี้ทั้งปวงของหุ้นส่วนโดยไม่มีจำกัด.
ห่างหูห่างตา 0,ก.,"อยู่ในที่ที่ดูแลไม่ถึง, อยู่ห่างไกลการติดต่อ, ไกลหูไกลตา ก็ว่า."
ห่างเห 0,ว.,"จากไป, พรากไป, เช่น นิราศร้างห่างเหเสนหา ปางอิเหนาเศร้าสุดถึงบุษบา (นิ. อิเหนา)."
หางเหลือง 0,น.,"ชื่อปลาทะเลบางชนิดในสกุล Caesio และ Pterocaesio วงศ์ Caesionidae ที่มีสีเหลืองไม่มากก็น้อยบนลำตัวหรือครีบโดยเฉพาะครีบหาง และมีจุดสีดำที่มุมบนของฐานครีบอก โดยเฉพาะชนิด C. cuning (Bloch) ขนาดยาวได้ถึง ๔๗ เซนติเมตร อีกชนิดหนึ่งคือ C. xanthosota Bleeker ที่มีความยาวถึง ๓๗ เซนติเมตร ทั้ง ๒ ชนิดนี้รูปร่างคล้ายปลากะพง คือ ลำตัวป้อม แบนข้าง ส่วนในสกุล Pterocaesio ลำตัวค่อนข้างกลมยาว ทั้งหมดมีแนวสันหลังโค้งพอ ๆ กับ แนวสันท้อง เป็นปลาฝูง มักพบอาศัยอยู่ตามแนวปะการัง, เหลืองปล้องหม้อ หรือ เหลือง ก็เรียก."
ห่างเหิน 0,ก.,"ไม่สนิทสนมดังเก่า, ไม่ค่อยได้ไปมาหาสู่หรือติดต่อกันเหมือนเดิม, จืดจาง, เช่น ทำตัวห่างเหิน, เหินห่าง ก็ว่า."
หางไหล 0,น.,"ส่วนของพืชบางชนิด ซึ่งเลื้อยชอนไปแตกเป็นหน่อขึ้น เช่น บอน บัว, หางไหล ก็เรียก."
หางไหล 1,น.,ชื่อไม้เถาชนิด Endosamara racemosa (Roxb.) R. Geesink ในวงศ์ Leguminosae ใช้ทำยาได้.
หางไหลแดง 0,น.,"ชื่อไม้เถาชนิด Derris elliptica (Wall.) Benth. ในวงศ์ Leguminosae รากใช้เบื่อปลาและทำยาฆ่าแมลง, ไหลนํ้า หรือ โล่ติ๊น ก็เรียก."
หางไหลเผือก 0,น.,ชื่อต้นไม้ชนิดหนึ่งใช้ทำยา.
หาเงิน 0,น.,เรียกหญิงที่หาเลี้ยงชีพด้วยการค้าประเวณี ว่า หญิงหาเงิน.
หาเงิน 1,ก.,ไปขายตัวเป็นทาส.
หาเช้ากินค่ำ 0,ก.,หาเลี้ยงชีพด้วยความลำบากยากแค้นพอประทังชีวิตไปวันหนึ่ง ๆ.
หาญ 0,ว.,"กล้า, เก่ง, เช่น ทหารหาญ"
หาญ 1,ว.,"บังอาจ เช่น หาญสู้, บางทีก็ใช้เข้าคู่กับคำอื่น เช่น กล้าหาญ หักหาญ เหี้ยมหาญ ฮึกหาญ."
หาด 0,น.,"เนินที่ลาดลงไปในนํ้าหรือบริเวณที่ตื้นเขินเป็นเนินอยู่กลางนํ้า ส่วนมากเป็นเนินทราย, ที่เป็นเนินกรวดหรือเนินหิน เรียกว่า หาดกรวด หาดหิน ก็มี."
หาดก 0,น.,ทองคำ.
หาตกะ 0,น.,ทองคำ.
หาตัวจับยาก 0,ว.,"เก่งมาก, หาคนเทียบเท่าได้ยาก, เช่น เขาเป็นคนเรียนเก่งหาตัวจับยาก เขาเล่นการพนันเก่งหาตัวจับยาก."
ห้าแต้ม 0,ว.,พลั้งพลาดน่าขายหน้า.
หาทำยายาก 0,ก.,หาได้ยากเพราะไม่ค่อยมีทำนองเดียวกับสมุนไพรบางอย่างในที่บางแห่งหาได้ยากมาก.
ห่าน 0,น.,ชื่อนกจำพวกเป็ดขนาดใหญ่หลายชนิด วงศ์ย่อย Anatinae ในวงศ์ Anatidae คอยาวกว่าคอเป็ดแต่สั้นกว่าคอหงส์ ทำรังบนพื้นดิน กินพืชและสัตว์น้ำขนาดเล็ก เช่น ห่านหัวลาย [Anser indicus (Latham)] เฉพาะห่านที่เลี้ยงตามบ้านที่ต้นตระกูลมาจากห่านเทาปากสีชมพู (A. anser Linn.).
หานะ 0,น.,"ความเสื่อม, ความทรุดโทรม."
หาบ 0,ก.,เอาของห้อยปลายคาน ๒ ข้างแล้วแบกกลางคานพาไป.
หาบ 1,น.,"ชื่อมาตราชั่งตามวิธีประเพณีแบบไทย ๕๐ ชั่ง เป็น ๑ หาบ = ๖๐ กิโลกรัม, หาบหลวง ก็เรียก, ถ้าตามวิธีประเพณีแบบจีน ๑๐๐ ชั่ง เป็น ๑ หาบ."
หาบมิได้ 0,ว.,"ไม่มีเลย เช่น คนดีอย่างนี้หาบมิได้, บางทีใช้คร่อมกับคำอื่น เช่น เพชรเม็ดนี้หาตำหนิบ่มิได้."
หาบ่มิได้ 0,ว.,"ไม่มีเลย เช่น คนดีอย่างนี้หาบมิได้, บางทีใช้คร่อมกับคำอื่น เช่น เพชรเม็ดนี้หาตำหนิบ่มิได้."
หาบเร่ 0,น.,ผู้ที่หาบของไปเร่ขาย.
หาบหลวง 0,น.,"ชื่อมาตราชั่งตามวิธีประเพณีแบบไทย ๕๐ ชั่ง เป็น ๑ หาบ, หาบ ก็เรียก."
ห่าม 0,ว.,จวนสุก (ใช้แก่ผลไม้)
ห่าม 1,ว.,มีนิสัยมุทะลุ ห้าวหาญบ้าบิ่น ผิดปรกติวิสัย.
ห้าม 0,ก.,"ให้เว้นกระทำ, ไม่ให้ทำตามที่กำหนดไว้."
ห้าม 1,น.,"เรียกภรรยาของเจ้านายที่ไม่ใช่สะใภ้หลวง ว่า นางห้าม, เรียกหญิงสามัญที่เป็นเมียของเจ้านาย ว่า หม่อมห้าม."
หาม 0,ก.,"เอาสิ่งใดสิ่งหนึ่งห้อยกลางไม้หรือวางบนเปลเป็นต้น แล้วช่วยกันหิ้วหรือยกไป, ช่วยกันยกหัวและท้ายพาไป."
หาม 1,ว.,"รุ่ง, สว่าง, ฮาม ก็ว่า."
ห้ามเข้าเขตกำหนด 0,น.,วิธีการเพื่อความปลอดภัยอย่างหนึ่งที่ศาลใช้ห้ามผู้ถูกลงโทษและพ้นโทษแล้วเข้าในเขตที่กำหนดได้ไม่เกิน ๕ ปี.
ห้ามญาติ 0,น.,ชื่อพระพุทธรูปปางหนึ่ง อยู่ในพระอิริยาบถยืน พระหัตถ์ซ้ายห้อยลงข้างพระกายตามปรกติ พระหัตถ์ขวาแบตั้งขึ้นเสมอพระอุระยื่นออกไปข้างหน้า เป็นกิริยาห้าม.
ห้ามทัพ 0,ก.,"ยับยั้งศึก, โดยปริยายหมายความว่า ยับยั้งการทะเลาะวิวาทกัน."
ห้ามปราม 0,ก.,สั่งไม่ให้ทำ.
ห้ามพระแก่นจันทน์ 0,น.,ชื่อพระพุทธรูปปางหนึ่ง อยู่ในพระอิริยาบถยืน พระหัตถ์ขวาห้อยลงข้างพระกาย พระหัตถ์ซ้ายแบตั้งขึ้นเสมอพระอุระ เป็นกิริยาห้าม.
ห้ามไม่ให้ 0,ก.,เป็นการย้ำไม่ให้ทำอย่างใดอย่างหนึ่ง เช่น ห้ามไม่ให้เขียน ห้ามไม่ให้พูด.
หามรอก 0,น.,"ชื่อต้นไม้ชนิด Miliusa velutina (Dunal) Hook. f. et Thomson ในวงศ์ Annonaceae ใบป้อม ขนนุ่ม ดอกสีเขียวอ่อน ผลเป็นพวง ทุกส่วนใช้ทำยา, หางรอก ก็เรียก."
หามรุ่งหามค่ำ 0,ว.,ตลอดวันตลอดคืน เช่น เที่ยวหามรุ่งหามค่ำ.
ห้ามล้อ 0,ก.,ยั้ง.
ห้ามล้อ 1,น.,กลอุปกรณ์ชนิดหนึ่งใช้สำหรับลดความเร็วแห่งการหมุนของล้อรถ.
ห้ามเลือด 0,ก.,ทำให้เลือดหยุดไหลด้วยวิธีการต่าง ๆ.
หามแล่น 0,น.,ชื่อปืนใหญ่ชนิดหนึ่งใช้คนหามไป.
ห้ามสมุทร 0,น.,ชื่อพระพุทธ-รูปปางหนึ่ง อยู่ในพระอิริยาบถยืน พระหัตถ์ทั้ง ๒ ข้างยกเสมอพระอุระ ตั้งฝ่าพระหัตถ์ยื่นออกไปข้างหน้า เป็นกิริยาห้าม ที่สร้างเป็นแบบพระทรงเครื่องก็มี.
หาไม่ 0,ก.,"ใช้ในความปฏิเสธหมายความว่า ไม่, ไม่มี, เช่น เขาจะสำนึกผิดก็หาไม่ เขาจะมีความเกรงใจสักนิดก็หาไม่"
หาไม่ 1,ก.,สิ้นสุด เช่น จนกว่าชีวิตจะหาไม่.
หาไม่ 2,ว.,ใช้ในความปฏิเสธ นิยมใช้คร่อมกับคำนามหรือคำกริยา เช่น หาใช่คนไม่ = ไม่ใช่คน หาพบไม่ = ไม่พบ.
หาไม่ 3,สัน.,"มิฉะนั้น, ไม่เช่นนั้น, เช่น เธอต้องออกไปจากบ้านของฉันเดี๋ยวนี้ หาไม่ฉันจะแจ้งตำรวจว่าเธอบุกรุก."
หาย 0,ก.,"สูญ, หาไม่พบ, ไม่ปรากฏ, หมด, สิ้น, พ้นจากการเจ็บป่วย."
ห่าย 0,น.,ข่าย.
หายกัน 0,ก.,ไม่มีใครได้เปรียบเสียเปรียบกัน.
หายขาด 0,ก.,หายสนิท.
หายเข้ากลีบเมฆ 0,ก.,หายลับไปไม่ได้พบอีก เช่น ตั้งแต่เขายืมเงินไปแล้วก็หายเข้ากลีบเมฆไปเลย.
หายใจ 0,ก.,"กิริยาที่ทำให้อากาศเข้าสู่และออกจากปอด, ยังมีชีวิตอยู่ เช่น คนเจ็บยังมีชีวิตอยู่"
หายใจ 1,ก.,โดยปริยายหมายความว่า หมกมุ่นไปในทางใดทางหนึ่ง เช่น หายใจเป็นเงิน.
หายใจไม่ทั่วท้อง 0,ก.,ไม่สบายใจเพราะเป็นกังวล เช่น เขาหายใจไม่ทั่วท้องขณะต้องเสี่ยงขับรถไปบนสะพานชำรุด.
หายตัว 0,ก.,"ทำให้ไม่เห็นตัว เช่น บางคนเชื่อว่ามีเวทมนตร์ทำให้หายตัวได้, มักใช้คู่กับ ล่องหน เป็น ล่องหนหายตัว หมายความว่า ไม่ปรากฏตัวให้เห็น"
หายตัว 1,ก.,"โดยปริยายหมายความว่า หายไป, หลบไป, เช่น เผลอแผล็บเดียวเขาก็หายตัวไปแล้ว, หายหน้า หรือ หายหัว ก็ว่า."
หายนะ 0,น.,"ความเสื่อม, ความเสียหาย, ความฉิบหาย."
หายนะ 1,น.,ปี.
หายวันหายคืน 0,ก.,ฟื้นจากการเจ็บไข้อย่างรวดเร็ว.
หายวับ 0,ก.,"หายไปอย่างฉับไว, หายไปอย่างรวดเร็ว."
หายวับไปกับตา 0,ก.,หายไปอย่างฉับไวต่อหน้าต่อตา.
หายหกตกหล่น 0,ก.,หายไปบางส่วนหรือทั้งหมด เช่น เอาสตางค์ใส่กระเป๋ามาแล้ว แต่ไม่รู้ว่าหายหกตกหล่นเสียที่ไหน.
หายหน้า 0,ก.,"ไม่ได้พบหน้ากัน เช่น ไม่ได้พบกันเสียนาน หายหน้าไปไหนมา, บางทีใช้เข้าคู่กับคำ หายตา เป็น หายหน้าหายตา"
หายหน้า 1,ก.,"หายไป, หลบไป, เช่น ตั้งแต่ยืมเงินไปแล้ว เขาก็หายหน้าไปเลย."
หายห่วง 0,ก.,"ไม่ต้องเป็นห่วงอีกแล้ว, ไม่ต้องกังวลถึงอีกแล้ว, เช่น คนนี้มีความสามารถเชื่อถือได้ เมื่อมอบงานให้แล้ว หายห่วงได้เลย"
หายห่วง 1,ก.,"นานมากเช่น ใช้ให้ไปซื้อของตั้งแต่เช้า ไปเสียหายห่วงเลย, มาก เช่น เขาวิ่งทิ้งคู่แข่งหายห่วงเลย."
หายหัว 0,ก.,"หายไปนาน เช่น ใช้ให้ไปซื้อของใกล้ ๆ แค่นี้ หายหัวไปไหนมา, หายไป, หลบไป, เช่น พอจะใช้ให้ทำงานก็หายหัวไปเลย, (เป็นคำไม่สุภาพ)."
หาร 0,ก.,แบ่งส่วนเท่า ๆ กัน (ใช้แก่วิธีเลข).
หาร 1,น.,เรียกเครื่องหมายรูปดังนี้ ÷ ว่า เครื่องหมายหาร.
หาร 2,น.,สิ่งที่เอาไปได้
หาร 3,น.,"การนำไป, การถือเอา, มักใช้เป็นส่วนท้ายสมาส เช่น บริหาร อวหาร."
หารร่วมมาก 0,น.,"จำนวนเต็มบวกที่มีค่ามากที่สุดซึ่งนำไปหารจำนวนเต็มบวกอื่น ๆ ตั้งแต่ ๒ จำนวนขึ้นไปได้ลงตัวพอดี เช่น ๗ เป็นตัวหารร่วมมากของ ๑๔ และ ๓๕, ใช้อักษรย่อว่า ห.ร.ม."
หาริ 0,ว.,"งดงาม, น่าดู, น่ารัก."
หาริน 0,ว.,"ถือเอา, นำไป, มักใช้เป็นส่วนท้ายสมาส เช่น อทินหารี ว่า ผู้ถือเอาของที่เขาไม่ได้ให้."
หารี 0,ว.,"ถือเอา, นำไป, มักใช้เป็นส่วนท้ายสมาส เช่น อทินหารี ว่า ผู้ถือเอาของที่เขาไม่ได้ให้."
หารือ 0,ก.,ปรึกษา.
หารือ 1,ก.,"ขอความเห็น, ปรึกษา."
หาเรื่อง 0,ก.,"ทำให้เกิดเหตุ เช่น อยู่ดี ๆ ก็ไปหาเรื่อง, เอาความไม่ดีมาให้ เช่น เด็กคนนี้หาเรื่องให้ปวดหัวอยู่เรื่อย"
หาเรื่อง 1,ก.,หาสาเหตุเพื่อทำสิ่งใดสิ่งหนึ่ง เช่น หาเรื่องกินเหล้ากัน
หาเรื่อง 2,ก.,ชวนวิวาท เช่น พวกเรานั่งอยู่ดี ๆ มาหาเรื่องกันได้.
ห่าลง 0,ก.,เกิดโรคระบาดอย่างร้ายแรงเป็นเหตุให้คนตายจำนวนมาก เช่น โรคลงราก (อหิวาตกโรค) กาฬโรค.
ห่าลง 1,น.,คนที่มากันเป็นจำนวนมาก เช่น งานนี้คนมากันอย่างกับห่าลง.
หาลิท 0,ว.,มีสีเหลือง.
หาเลือดกับปู 0,ก.,"เคี่ยวเข็ญหรือบีบบังคับเอากับผู้ที่ไม่มีจะให้, รีดเลือดกับปู หรือ เอาเลือดกับปู ก็ว่า."
หาว 0,น.,"ที่แจ้ง, ท้องฟ้า, เช่น กลางหาว."
หาว 1,ก.,กิริยาที่สูดลมเข้าแล้วระบายลมออกทางปากเมื่อเวลาง่วงนอนเป็นต้น.
ห้าว 0,ว.,แก่จัด ในคำว่า มะพร้าวห้าว
ห้าว 1,ว.,กล้าทางมุทะลุ เช่น คนห้าวมักไม่กลัวตาย
ห้าว 2,ว.,มีเสียงใหญ่.
หาวนอน 0,ก.,"หาวเพราะง่วงนอน, บางทีใช้เข้าคู่กับคำ ง่วงเหงา เป็น ง่วงเหงาหาวนอน ก็มี."
ห้าวหาญ 0,ก.,กล้าอย่างยอมเสี่ยงอันตราย เช่น ทหารไทยออกรบอย่างห้าวหาญ.
หาเศษหาเลย 0,ก.,"หาประโยชน์เล็ก ๆ น้อย ๆ, เบียดบังเอาส่วนที่เหลือเล็ก ๆ น้อย ๆ ไว้, เช่น แม่ครัวมักหาเศษหาเลยจากเงินที่นายมอบให้ไปจ่ายตลาด, บางทีก็ใช้ในทางชู้สาว เช่น ทั้ง ๆ ที่แต่งงานแล้ว เขาก็ยังไปหาเศษหาเลยนอกบ้านอีก."
หาสก 0,น.,"ผู้ให้ความสนุก, คนตลก, คนมีอารมณ์ขัน."
หาสกะ 0,น.,"ผู้ให้ความสนุก, คนตลก, คนมีอารมณ์ขัน."
หาสยะ 0,น.,"ความสนุก, ความขบขัน."
หาสยะ 1,ว.,"พึงหัวเราะ, น่าหัวเราะ, ขบขัน"
หาสยะ 2,ว.,"แยบคาย, ตลกคะนอง."
หาสะ 0,น.,"การหัวเราะ, ความสนุกรื่นเริง."
หาสู่ 0,ก.,"เยี่ยมเยียน, มักใช้ควบกับคำ ไปมา เป็น ไปมาหาสู่."
หาเสียง 0,ก.,แสวงหาการสนับสนุน.
หาห่วงมาคล้องคอ 0,ก.,รนหาภาระผูกพันมาใส่ตน.
หาเหตุ 0,ก.,"คอยยกข้อผิด, จับผิด, เช่น เขาชอบหาเหตุฉันอยู่ตลอดเวลา"
หาเหตุ 1,ก.,"หาสาเหตุ, หาที่มา, เช่น ไฟไหม้ครั้งนี้หาเหตุไม่ได้"
หาเหตุ 2,ก.,หาข้ออ้าง เช่น เขาหาเหตุลาหยุดงาน.
หาเหาใส่หัว 0,ก.,รนหาเรื่องเดือดร้อนรำคาญมาใส่ตน.
หำ 0,น.,"ลูกอัณฑะ, ไข่หำ หรือ หมากไข่หำ ก็เรียก."
ห้ำ 0,ก.,เข้าทำร้ายกัน
ห้ำ 1,ก.,ตัดให้สั้นอย่างไม่เป็นระเบียบ
ห้ำ 2,ก.,เข้าตะครุบขบกัด (ใช้แก่สัตว์).
ห้ำหัก 0,ก.,เข้าทำร้ายศัตรูให้แตกหักยับเยิน.
ห้ำหั่น 0,ก.,เข้าฟาดฟันให้แหลกไป.
หิ้ง 0,น.,ที่วางของซึ่งแขวนหรือติดไว้ข้างฝา เช่น หิ้งพระหิ้งหนังสือ.
หิงคุ 0,น.,มหาหิงคุ์.
หิงสา 0,น.,"ความเบียดเบียน, การทำร้าย, การคิดให้เขาทนทุกข์, หึงสา ก็ว่า, บางทีก็ใช้เข้าคู่กับคำ พยาบาท เป็น หิงสาพยาบาท หรือ หึงสาพยาบาท."
หิ่งห้อย 0,น.,"ชื่อแมลงพวกด้วงหลายชนิดหลายสกุล ในวงศ์ Lampyridae ลำตัวเป็นรูปทรงกระบอก ด้านปลายของส่วนท้องมีปล้องทำแสง ๒ ปล้องในเพศผู้ และ ๑ ปล้องในเพศเมีย โดยแสงเกิดจากสารลูซิเฟอรินทำปฏิกิริยากับออกซิเจน ความถี่และช่วงของแสงนั้นแตกต่างกันแล้วแต่ชนิด บางชนิดตัวเมียไม่มีปีก ที่พบมากตามแหล่งน้ำจืด เช่น ชนิด Luciola aquatilis Thaneharoen ที่พบตามป่าชายเลน เช่น ชนิด Pteroptyx malaccae (Gorham), ทิ้งถ่วง แมลงแสง หรือ แมลงไฟ ก็เรียก."
หิ่งหาย 0,น.,"ชื่อไม้พุ่มหลายชนิดในสกุล Crotalaria วงศ์ Leguminosae ส่วนใหญ่ดอกสีเหลือง มีบางชนิดดอกสีม่วง ฝักกลมพอง, กิ่งหาย หรือ ติ่งหาย ก็เรียก."
หิด 0,น.,ชื่อโรคติดต่อที่เกิดจากเชื้อ Sarcoptes scabiei ลักษณะเป็นเม็ดสีขาว ใสเป็นเงาในเนื้อ ขึ้นตามผิวหนัง มีอาการปวดและคัน เรียกว่า หิดด้าน เมื่อเม็ดแตกมีนํ้าเหลืองไหลเยิ้ม เรียกว่า หิดเปื่อย.
หิต 0,น.,"ความเกื้อกูล, ประโยชน์."
หิต- 0,น.,"ความเกื้อกูล, ประโยชน์."
หิตกร 0,น.,ผู้ทำการเกื้อหนุน.
หิตประโยชน์ 0,น.,ประโยชน์เกื้อกูล.
หิตพจน์ 0,น.,คำที่เป็นประโยชน์เกื้อกูล.
หิตวจนะ 0,น.,คำที่เป็นประโยชน์เกื้อกูล.
หิตานุหิตประโยชน์ 0,น.,ประโยชน์เกื้อกูลน้อยใหญ่.
หิน- 0,ว.,"เลว, ทราม, ตํ่าช้า, ใช้ว่า หืน ก็มี."
หิน 0,น.,ของแข็งที่ประกอบด้วยแร่ชนิดเดียวหรือหลายชนิดรวมตัวกันอยู่ตามธรรมชาติ.
หิน 1,ว.,"ยากมาก เช่น ข้อสอบหิน, เข้มงวดมาก เช่น ครูคนนี้หิน, เหี้ยมมาก, แข็งมาก, เช่น เขาเป็นคนใจหิน."
หิน 2,ก.,"เปลี่ยนจากทิศทางเดิมไปเล็กน้อย, ผิน ก็ว่า."
หิน 3,ว.,"เลว, ทราม, ตํ่าช้า, ใช้ว่า หืน ก็มี."
หินงอก 0,น.,คราบหินปูนที่ทับถมงอกจากพื้นถํ้าขึ้นไปหาเพดานถํ้า.
หินชนวน 0,น.,ชื่อหินชนิดหนึ่งเป็นแผ่นบาง ๆ ซ้อนติดกัน เนื้อแน่นและละเอียด มีสีต่าง ๆ กัน ตั้งแต่สีเทาไปจนถึงสีเทาแก่ และสีดำ สีนํ้าเงิน ที่มีสีแดง สีเขียว สีม่วง ก็มี.
หินชั้น 0,น.,"หินที่เกิดจากการทับถมของตะกอนที่เกิดจากหินอัคนีหรือหินแปรที่ผุพังแตกสลายหรือการตกตะกอนทางเคมีรวมทั้งตะกอนที่เกิดจากการสะสมของซากดึกดำบรรพ์ มีลักษณะของการเรียงตัวเป็นชั้น ๆ, หินตะกอน ก็เรียก."
หินชาติ 0,ว.,"มีกำเนิดตํ่า, เมื่อใช้เข้าคู่กับคำ ทมิฬ เป็น ทมิฬหินชาติ หมายความว่า โหดเหี้ยม เช่น ใจทมิฬหินชาติ."
หินดาน 0,น.,หินแข็งหรือหินผุที่รองรับดิน ทราย กรวด มีแร่เช่นดีบุก ทองคำ รวมอยู่ด้วย.
หินดินดาน 0,น.,หินชั้นซึ่งประกอบด้วยอะลูมิเนียมซิลิเกตกับแมกนีเซียมซิลิเกต มีเนื้อละเอียดมาก บี้กับนํ้าแล้วเหนียวติดมือ.
หินดินสอพอง 0,น.,ชอล์ก. (ดู ชอล์ก ๑).
หินตะกอน 0,น.,"หินที่เกิดจากการทับถมของตะกอนที่เกิดจากหินอัคนีหรือหินแปรที่ผุพังแตกสลายหรือการตกตะกอนทางเคมีรวมทั้งตะกอนที่เกิดจากการสะสมของซากดึกดำบรรพ์ มีลักษณะการเรียงตัวเป็นชั้น ๆ, หินชั้น ก็เรียก."
หินตับเป็ด 0,น.,หินชนิดหนึ่ง สีดำ เนื้อแข็ง.
หินติดไฟ 0,น.,"หินดินดานชนิดหนึ่ง สีน้ำตาลอ่อน มีสารอินทรีย์ที่เรียกว่า เคโรเจน (kerogen) ซึ่งเป็นสารน้ำมันอุ้มอยู่ในเนื้อหิน นำมากลั่นเอาน้ำมันเชื้อเพลิงออกได้, หินน้ำมัน ก็เรียก."
หินทราย 0,น.,หินชั้นชนิดหนึ่ง ประกอบด้วยเศษหินที่มีลักษณะกลมหรือเหลี่ยมขนาดเม็ดทราย อาจมีวัตถุประสาน เช่น ซิลิกา เหล็กออกไซด์ หรือแคลเซียมคาร์บอเนต ประสานเม็ดเศษหินต่าง ๆ ให้เกาะกันแน่นแข็ง มีสีต่าง ๆ เช่น แดง เหลือง น้ำตาล เทา ขาว.
หินน้ำมัน 0,น.,"หินดินดานชนิดหนึ่ง สีนํ้าตาลอ่อน มีสารอินทรีย์ที่เรียกว่า เคโรเจน (kerogen) ซึ่งเป็นสารนํ้ามันอุ้มอยู่ในเนื้อหิน นำมากลั่นเอานํ้ามันเชื้อเพลิงออกได้, หินติดไฟ ก็เรียก."
หินปากนก 0,น.,"หินเหล็กไฟที่ใช้ติดกับปลายเครื่องสับของปืนโบราณบางชนิดเพื่อสับแก๊ปปืนให้เกิดประกายไฟ, ศิลาปากนก ก็เรียก."
หินปูน 0,น.,หินที่มีเนื้อสารเป็นแคลเซียมคาร์บอเนตเกือบทั้งสิ้น สารประกอบหินดังกล่าวเกิดจากการตกตะกอนเนื่องจากปฏิกิริยาเคมีก็มี และที่เกิดจากการตกจมรวมตัวเป็นพืดใหญ่ของสัตว์ประเภทมีเปลือกหุ้มตัวเป็นแคลเซียมคาร์บอเนตก็มี.
หินแปร 0,น.,หินที่แปรสภาพจากหินเดิม โดยการกระทำของความร้อน ความดัน และปฏิกิริยาเคมี.
หินฝนทอง 0,น.,ชื่อขนมอย่างหนึ่ง.
หินฟองเต้าหู้ 0,น.,ยิปซัมหรือเกลือจืด.
หินย้อย 0,น.,คราบหินปูนที่ทับถมย้อยลงมาจากเพดานถํ้า.
หินยาน 0,น.,"ชื่อนิกายพระพุทธศาสนาฝ่ายใต้ที่ถือกันในลังกา พม่า และ ไทยเป็นต้น, หีนยาน หรือ เถรวาท ก็ว่า."
หินแลง 0,น.,"หินชนิดหนึ่ง เมื่ออยู่ใต้ดินมีลักษณะอ่อน เมื่อขุดขึ้นมาแล้วถูกอากาศภายนอกนานพอสมควรก็จะแข็ง มีสีแดงอย่างอิฐเผา และปรุเป็นรูเหมือนไม้ที่เพรียงกิน, ศิลาแลง ก็เรียก."
หินสบู่ 0,น.,หินแปรชนิดหนึ่ง ซึ่งเนื้อสารประกอบด้วยแร่ทัลก์เป็นส่วนใหญ่ มีเนื้ออ่อน เอาเล็บขูดเป็นรอยได้ง่าย และลื่นมือคล้ายสบู่.
หินโสโครก 0,น.,แนวพืดหินหรือโขดหินใต้น้ำใกล้ ๆ ผิวพื้นน้ำทะเล อาจมีบางส่วนโผล่พ้นน้ำหรือปริ่มน้ำก็ได้ เป็นอันตรายแก่การเดินเรือ.
หินหนืด 0,น.,หินที่อยู่ในสภาพของหนืด อยู่ลึกลงไปภายใต้เปลือกโลก เมื่อเปลือกโลกเกิดรอยร้าวจะอูดตัวแทรกซอนขึ้นมาสู่ผิวโลก และจะแข็งตัวเป็นหินอัคนีพวกต่าง ๆ.
หินเหล็กไฟ 0,น.,หินสำหรับใช้เหล็กตีให้เกิดประกายไฟเพื่อให้ติดชุดซึ่งทำด้วยด้ายหรือนุ่นเป็นต้น.
หินอ่อน 0,น.,หินปูนชนิดที่ขัดแล้วผิวจะเป็นมัน.
หินอัคนี 0,น.,หินที่เกิดจากการแข็งตัวของหินหนืด.
หิม- 0,น.,ละอองนํ้าในอากาศที่แปรสภาพเป็นของแข็งเพราะอุณหภูมิตํ่า ลักษณะฟูเป็นปุย ลอยลงมาจากท้องฟ้า
หิม- 1,น.,"ความหนาว, ความเยือกเย็น"
หิม- 2,น.,ฤดูหนาว.
หิมพาน 0,น.,หิมวัต.
หิมพานต์ 0,น.,ชื่อป่าหนาวแถบเหนือของอินเดีย
หิมพานต์ 1,น.,ชื่อกัณฑ์ที่ ๒ แห่งเวสสันดรชาดก.
หิมวัต 0,ว.,"มีหิมะ, หนาว, ปกคลุมด้วยหิมะ."
หิมวัต 1,น.,ชื่อหนึ่งของเทือกเขาหิมาลัย
หิมวัต 2,น.,ชื่อป่าหนาวแถบเหนือของอินเดีย
หิมวัต 3,น.,ศัพท์นี้แผลงใช้ได้หลายอย่างคือ ๑. หิมวาท (แผลงจาก ส. หิมวตฺ) ๒. หิมวาน ๓. หิมพาน (รูปประถมแห่ง ส. หิมวตฺ) ๔. หิมวันต์ (ป. หิมวนฺต) ๕. หิมพานต์ (แผลงจาก ป. หิมวนฺต) ๖. หิมวา (รูปประถมแห่ง ป. หิมวนฺต).
หิมวันต์ 0,น.,หิมวัต.
หิมวา 0,น.,หิมวัต.
หิมวาต 0,น.,หิมวัต.
หิมวาน 0,น.,หิมวัต.
หิมวาส 0,น.,ที่อยู่อันหนาว คือ ป่าหิมพานต์
หิมวาส 1,น.,ใช้ว่า ป่าทั่วไป ก็มี.
หิมเวศ 0,น.,ที่อยู่อันหนาว คือ ป่าหิมพานต์
หิมเวศ 1,น.,ใช้ว่า ป่าทั่วไป ก็มี.
หิมะ 0,น.,ละอองนํ้าในอากาศที่แปรสภาพเป็นของแข็งเพราะอุณหภูมิตํ่า ลักษณะฟูเป็นปุย ลอยลงมาจากท้องฟ้า
หิมะ 1,น.,"ความหนาว, ความเยือกเย็น"
หิมะ 2,น.,ฤดูหนาว.
หิมาลัย 0,น.,ชื่อเทือกเขาอยู่ทางทิศเหนือของอินเดีย ยอดเขามีหิมะปกคลุมตลอดปี.
หิรัญ 0,น.,"เงิน, บางแห่งว่า ทอง ก็มี แต่โดยทั่วไปหมายถึง เงิน."
หิรัญ- 0,น.,"เงิน, บางแห่งว่า ทอง ก็มี แต่โดยทั่วไปหมายถึง เงิน."
หิรัญญิการ์ 0,น.,"ชื่อไม้เถา ๒ ชนิดในสกุล Beaumontia วงศ์ Apocynaceae คือ ชนิด B. murtoniiCraib, กำลังช้างสาร ก็เรียก, และชนิด B. grandifloraWall. ดอกใหญ่ สีขาว กลิ่นหอมอ่อน ๆ ยางและเมล็ดเป็นพิษ."
หิรัญบัฏ 0,น.,แผ่นเงินที่จารึกราชทินนามสำหรับพระราชทานแก่พระราชาคณะชั้นรองสมเด็จพระราชาคณะและขุนนางผู้ใหญ่ชั้นเจ้าพระยา.
หิรัณย์ 0,น.,"ทองคำ, เงิน."
หิรัณย- 0,น.,"ทองคำ, เงิน."
หิรัณยการ 0,น.,ช่างทอง.
หิรัณยเกศ 0,ว.,มีผมสีทอง.
หิรัณยรัศมี 0,ว.,มีสีผ่องดั่งเงินอย่างสีช้างเผือก.
หิริ 0,น.,"ความละอายใจ, ความละอายบาป."
หิริโอตตัปปะ 0,น.,"ความละอายบาปและความเกรงกลัวบาป, ความละอายใจ."
หิว 0,ก.,"อยากกิน, อยากดื่ม, โดยปริยายหมายถึงอาการคล้ายคลึงเช่นนั้น เช่น หิวเงิน."
หิ้ว 0,ก.,จับหรือถือให้ห้อยถ่วงลงมา.
หิ้วท้อง 0,ก.,ทนรอจนกว่าจะได้กิน.
หิ้วปีก 0,ก.,หิ้วโดยใช้แขนสอดเข้าใต้รักแร้ของผู้ถูกหิ้วแล้วพาไป.
หี 0,น.,อวัยวะสืบพันธุ์ของหญิงหรือสัตว์เพศเมียบางชนิด.
หีด 0,ว.,"นิด, เล็ก, น้อย."
หีตา 0,น.,รูเล็กที่หัวตา.
หีเต่า 0,น.,"ปอยผมในร่องเล็กที่ท้ายทอย มีรูปแหลม, หางเต่า ก็เรียก."
หีน- 0,ว.,"เลว, ทราม, ตํ่าช้า."
หีนยาน 0,น.,"ชื่อนิกายพระพุทธศาสนาฝ่ายใต้ที่ถือกันในลังกา พม่า และไทยเป็นต้น, หินยาน หรือ เถรวาท ก็ว่า."
หีบ 0,น.,ภาชนะใส่สิ่งของ รูปทรงสี่เหลี่ยมเป็นต้น มีฝา.
หีบ 1,ก.,บีบเค้นให้ส่วนที่ต้องการออกมา เช่น หีบอ้อย หีบฝ้าย.
หีบชัก 0,น.,หีบไม้รูปทรงสี่เหลี่ยม ภายในมีที่ตั้งโถอุจจาระ ด้านหลังเปิดได้เพื่อชักโถออกทำความสะอาด ตอนบนเป็นที่นั่ง มีร่องเจาะตรงกับปากโถตอนล่าง.
หีบเชิงชาย 0,น.,หีบเกียรติยศประกอบศพที่พระราชทานพระครูสัญญาบัตร ภิกษุสามเณรเปรียญธรรม ๙ ประโยค ข้าราชการชั้นสัญญาบัตรขั้นต้น ผู้ได้รับเครื่องราชอิสริยาภรณ์เบญจมาภรณ์ช้างเผือก เบญจมาภรณ์มงกุฎไทย เบญจมดิเรกคุณาภรณ์เป็นต้น เชิงชายทั้ง ๔ ด้านแกะสลักเป็นลายปิดทองประดับกระจก.
หีบฝ้าย 0,ก.,บีบเมล็ดออกจากปุยฝ้าย.
หีบฝ้าย 1,น.,"เรียกเครื่องมือบีบเมล็ดออกจากปุยฝ้าย ว่า เครื่องหีบฝ้าย, อีสานเรียกว่า อิ้ว."
หีบพระธรรม 0,น.,หีบสำหรับเก็บพระอภิธรรมเจ็ดคัมภีร์ มักตั้งด้านหน้าพระสวดพระอภิธรรม.
หีบพระมาลัย 0,น.,หีบใส่คัมภีร์พระมาลัยซึ่งมีขนาดใหญ่กว่าคัมภีร์ใบลาน.
หีบเพลง 0,น.,เครื่องอัดลมทำด้วยไม้หุ้มกระดาษมีรู มีลิ้นใช้นิ้วปิดเปิดให้เป็นเสียงเพลง.
หีบเพลงชัก 0,น.,เครื่องดนตรีประเภทเครื่องลม ประกอบด้วยหีบ ๒ หีบ ส่วนใหญ่เป็นหีบสี่เหลี่ยม เชื่อมต่อกันด้วยท่อลมพับ ๒ ด้าน ด้านขวามือมีปุ่มกดหรือมีแผงแป้นนิ้ว ด้านซ้ายมือมีปุ่มกดบรรเลงเสียงตํ่าและเสียงประสาน.
หีบเพลงปาก 0,น.,เครื่องดนตรีประเภทเครื่องลม ใช้ปากเป่า ลักษณะแบนยาวประกอบด้วยลิ้นเสียง ๒ แถว แถวหนึ่งดังเมื่อเป่าลมออก อีกแถวหนึ่งดังเมื่อดูดลมเข้า.
หีบสไบ 0,ก.,อัดผ้าสไบให้เป็นรอยจีบ.
หีบเสียง 0,น.,เครื่องทำให้จานเสียงหมุนแล้วมีเสียงออกมา.
หีบห่อ 0,น.,สิ่งของที่บรรจุกล่องหรือมีสิ่งอื่นห่อหุ้มไว้.
หึ 0,ว.,เสียงดังเช่นนั้น.
หึ ๆ 0,ว.,เสียงดังเช่นนั้น.
หึง 0,ก.,"หวงแหนทางชู้สาว, มักใช้เข้าคู่กับคำ หวง เป็น หึงหวง หรือ หวงหึง."
หึ่ง 0,ว.,อาการที่กลิ่นกระจายไป (มักใช้ในทางไม่ดี) เช่น เหม็นหึ่ง ได้กลิ่นหึ่งมาแต่ไกล.
หึง 1,ว.,นาน เช่น บ่มิหึง คือ ไม่นาน.
หึ่ง 1,ว.,เสียงดังเช่นนั้นอย่างเสียงฆ้อง เสียงผึ้งหรือแมลงภู่เป็นต้นบิน เช่น เสียงฆ้องดังหึ่ง เสียงผึ้งบินหึ่ง ๆ.
หึ่ง ๆ 0,ว.,เสียงดังเช่นนั้นอย่างเสียงฆ้อง เสียงผึ้งหรือแมลงภู่เป็นต้นบิน เช่น เสียงฆ้องดังหึ่ง เสียงผึ้งบินหึ่ง ๆ.
หึงส- 0,น.,"ความเบียดเบียน, การทำร้าย, การคิดให้เขาทนทุกข์, หิงสา ก็ว่า, บางทีก็ใช้เข้าคู่กับคำ พยาบาท เป็น หึงสาพยาบาท หรือ หิงสาพยาบาท."
หึงสา 0,น.,"ความเบียดเบียน, การทำร้าย, การคิดให้เขาทนทุกข์, หิงสา ก็ว่า, บางทีก็ใช้เข้าคู่กับคำ พยาบาท เป็น หึงสาพยาบาท หรือ หิงสาพยาบาท."
หืด 0,น.,"ชื่อโรคหลอดลมอักเสบเรื้อรังชนิดหนึ่ง เกิดจากหลอดลมตอบสนองต่อสิ่งเร้าอย่างเฉียบพลันและรุนแรงกว่าที่เกิดขึ้นในคนทั่วไป ทำให้หลอดลมตีบแคบลงจนเกิดอาการหายใจไม่สะดวก, หืดหลอดลม ก็เรียก."
หืดขึ้นคอ 0,ก.,เหนื่อยยากมาก.
หื่น 0,ก.,มีความอยากอย่างแรงกล้า (มักใช้ในทางกามารมณ์).
หืน 0,ว.,มีกลิ่นเหม็นอย่างกลิ่นนํ้ามันมะพร้าวเป็นต้นที่ทิ้งไว้นาน ๆ.
หืน 1,ว.,"หิน, เลว, ทราม, ตํ่าช้า, เช่น โหดหืน."
หื่นหรรษ์ 0,ก.,"เหิมใจ, ยินดี, ร่าเริง, ชื่นชม."
หือ 0,อ.,"คำที่เปล่งออกมาเมื่อรู้สึกสงสัยเพื่อถามหรือเมื่อยังไม่ได้ยินหรือไม่เข้าใจ, (เป็นคำสำหรับผู้ใหญ่กว่าหรือเสมอกันใช้)."
หื้อ 0,อ.,คำที่เปล่งออกมาแสดงความรับรู้.
หือ 1,ก.,"เถียง, คัดค้าน, เช่น อย่ามาหือนะ เขาไม่กล้าหือ."
หื้อ 1,ก.,"ให้, แต่งตั้ง."
หือไม่ขึ้น 0,ก.,"เถียงไม่ได้, คัดค้านไม่ได้, ไม่กล้าเถียง, ไม่กล้าคัดค้าน."
หือรือโหด 0,ก.,"หฤโหด, ชั่วร้าย, เลวทราม, เช่น แม้อันว่าเฒ่าหือรือโหดหีนชาติทาสเมถุน (ม. ร่ายยาว ชูชก)."
หุง 0,ก.,"ทำให้สิ่งใดสิ่งหนึ่งสุกด้วยวิธีต้มหรือเคี่ยวเป็นต้น เช่น หุงข้าว หุงยา, ใช้ความร้อนสูงทำให้สีของผิวสิ่งของบางชนิดเปลี่ยนไป เช่น หุงพลอย."
หุงข้าว 0,ก.,"เอาข้าวสารและน้ำใส่หม้อตั้งบนเตาไฟให้ร้อนจนเดือดแล้วปลงลงเช็ดน้ำ จากนั้นยกขึ้นดงบนเตาไฟจนสุก เรียกว่า หุงเช็ดน้ำ ถ้าเคี่ยวจนน้ำแห้งไปเองโดยไม่ต้องเช็ดน้ำ เรียกว่า หุงไม่ต้องเช็ดน้ำ, โดยปริยายหมายถึงลักษณะที่คล้ายคลึงเช่นนั้น เช่น หุงข้าวด้วยหม้อไฟฟ้า."
หุงข้าวประชดหมา 0,ก.,"ทำประชดหรือแดกดัน ซึ่งรังแต่จะเสียประโยชน์, มักพูดเข้าคู่กับ ปิ้งปลาประชดแมว ว่า หุงข้าวประชดหมา ปิ้งปลาประชดแมว."
หุงขี้ผึ้ง 0,ก.,เอาขี้ผึ้งแท้ผสมกับหัวกะทิหรือน้ำมันมะพร้าวเป็นต้นแล้วเคี่ยวกับใบเตยหรือดอกไม้บางชนิด เช่น ดอกมะลิ ดอกกระดังงา สำหรับใช้สีปากเพื่อกันน้ำหมากเลอะริมฝีปากหรือเพื่อป้องกันริมฝีปากแตก.
หุต- 0,น.,"การบูชา, การบูชาไฟ."
หุตโกวิท 0,น.,ผู้ฉลาดในการบูชา.
หุตาจารย์ 0,น.,ผู้รู้ในการบูชา.
หุน 0,น.,ชื่อมาตราวัดหรือชั่งของจีน ในมาตราวัด ๑ หุน หมายถึงเส้นผ่าศูนย์กลาง ๑.๕ ใน ๑๖ ของนิ้ว ในมาตราชั่ง ๕ หุน เท่ากับ ๑ เฟื้อง.
หุ่น 0,น.,"รูป, รูปแบบ, รูปตุ๊กตา, รูปแบบที่จำลองจากของจริงต่าง ๆ"
หุ่น 1,น.,"รูปปั้นหรือแกะสลักที่ทำโกลนไว้เพื่อเป็นแบบชั่วคราว, (ปาก) รูปทรงของร่างกายเป็นต้น เช่น คนนี้หุ่นดี"
หุ่น 2,น.,"ชื่อการเล่นมหรสพที่ใช้รูปหุ่นแสดงเป็นเรื่องราว เช่น หุ่นกระบอก หุ่นจีน, โดยปริยายหมายถึงบุคคลที่กลายเป็นเครื่องมือของผู้อื่นโดยได้รับแต่งตั้งให้อยู่ในตำแหน่งบังคับบัญชา แต่ไม่มีอำนาจอะไรอย่างแท้จริง เช่น เป็นหุ่นให้เขาเชิด รัฐบาลหุ่น."
หุ้น 0,น.,"ส่วนที่ลงทุนเท่ากันในการค้าขายเป็นต้น. (เทียบภาษาจีนแต้จิ๋ว หุ่ง ว่า หุ้น, ส่วน)"
หุ้น 1,น.,หน่วยลงทุนแต่ละหน่วยที่มีมูลค่าเท่า ๆ กัน ซึ่งรวมกันเป็นทุนเรือนหุ้นของบริษัทจำกัดหรือบริษัทมหาชนจำกัด.
หุ่นกระบอก 0,น.,หุ่นชนิดหนึ่ง มีแต่ส่วนหัวและมือ ๒ ข้างลำตัวทำด้วยไม้กระบอก มีผ้าเย็บเป็นถุงคลุม เวลาเชิดใช้มือสอดเข้าไปจับไม้กระบอกนั้นเชิด.
หุ้นกู้ 0,น.,ตราสารแห่งหนี้ที่แบ่งเป็นหน่วยแต่ละหน่วยมีมูลค่าเท่ากันและกำหนดประโยชน์ตอบแทนไว้เป็นการล่วงหน้าในอัตราเท่ากันทุกหน่วย โดยบริษัทออกให้แก่ผู้ให้กู้ยืมเงินหรือผู้ซื้อ เพื่อแสดงสิทธิที่จะได้รับเงินหรือผลประโยชน์อื่นของผู้ถือตราสารดังกล่าว แต่ไม่รวมถึงตั๋วเงิน.
หุ่นขี้ผึ้ง 0,น.,หุ่นที่ทำด้วยขี้ผึ้งเป็นต้น มักทำเป็นรูปคนที่มีชื่อเสียง สวมใส่เสื้อผ้า มองดูคล้ายคนจริง ๆ.
หุ่นจีน 0,น.,หุ่นชนิดหนึ่ง ทำเป็นตัวละครในวรรณกรรมจีน มีทั้งชนิดครึ่งท่อนและเต็มตัว ใช้คนเชิดคนเดียว.
หุ่นนิ่ง 0,น.,เรียกภาพวาดหรือภาพถ่ายของสิ่งที่ไม่เคลื่อนไหว ว่า ภาพหุ่นนิ่ง.
หุ้นบุริมสิทธิ 0,น.,หุ้นที่กำหนดให้ผู้ถือหุ้นมีสิทธิพิเศษเหนือผู้ถือหุ้นสามัญ เช่น มีสิทธิได้รับส่วนแบ่งผลกำไรก่อนผู้ถือหุ้นสามัญ.
หุ่นพยนต์ 0,น.,รูปที่ผู้ทรงวิทยาคมเอาวัตถุมาผูกขึ้นแล้วเสกเป่าให้เป็นเหมือนรูปที่มีชีวิต.
หุ่นยนต์ 0,น.,"หุ่นที่ทำเป็นรูปคนมีเครื่องกลไกภายใน สามารถทำงานหลายอย่างแทนมนุษย์ได้, โดยปริยายหมายถึงผู้ที่ทำงานตามที่ถูกสั่งโดยไม่ต้องใช้สมองและไม่มีชีวิตจิตใจดุจเป็นเครื่องจักรกล."
หุ้นลม 0,น.,หุ้นที่ไม่ได้ลงทุนเอง.
หุ่นไล่กา 0,น.,หุ่นที่มักทำเป็นรูปคนสวมเสื้อผ้าสำหรับลวงนกกาให้กลัว ทำให้ไม่กล้าลงมากินพืชผลในไร่นา.
หุ้นส่วน 0,น.,ทุนที่เข้ากันเพื่อทำการต่าง ๆ เช่น ค้าขายเป็นต้น
หุ้นส่วน 1,น.,ผู้เป็นหุ้นส่วน.
หุ้นสามัญ 0,น.,หุ้นธรรมดาของบริษัทจำกัด ซึ่งแบ่งทุนออกเป็นหุ้นมีมูลค่าหุ้นละเท่า ๆ กันและผู้ถือหุ้นมีความรับผิดเพียงไม่เกินจำนวนหุ้นที่ตนส่งใช้ไม่ครบมูลค่าของหุ้นที่ตนถือ.
หุนหัน 0,ก.,ทำโดยรวดเร็วไม่ยั้งคิดเพราะโกรธหรือผิดหวังเป็นต้น เช่น พอเจอหน้ากันยังไม่ทันฟังความก็หุนหันออกไป.
หุนหันพลันแล่น 0,ก.,ด่วนทำสิ่งใดสิ่งหนึ่งลงไปโดยไม่ยั้งคิดด้วยความโกรธ ความโลภ เป็นต้น.
หุ่นใหญ่ 0,น.,หุ่นชนิดทำจำลองย่อส่วนตัวละครขนาดสูงประมาณ ๒ ศอก ตัวหนึ่งใช้คนเชิด ๓ คน ใช้แสดงละครเล็ก.
หุบ 0,ก.,อาการรวมเข้าของสิ่งที่ขยายออก เช่น หุบร่ม ใบไม้หุบ
หุบ 1,ก.,อาการที่แสงอาทิตย์ถูกเมฆบดบัง เรียกว่า แดดหุบ.
หุบเขา 0,น.,แอ่งภูมิประเทศ ที่เป็นเส้นเป็นแนวยาว ๒ ข้างแอ่งขนาบด้วยพื้นแผ่นดินสูงหรือภูเขาหรือเทือกเขา.
หุบปาก 0,ก.,"ปิดปาก, หยุดพูด, ไม่พูด."
หุบผา 0,น.,แอ่งภูมิประเทศ ที่เป็นเส้นเป็นแนวยาว ๒ ข้างแอ่งขนาบด้วยพื้นแผ่นดินสูงหรือภูเขาหรือเทือกเขา.
หุบผาชัน 0,น.,หุบผาลึกเกิดเพราะน้ำกัดเซาะอย่างรวดเร็วจนเกิดเป็นร่องลึกลงไป เหลือหน้าผาสองด้านสูงชัน.
หุบห้วย 0,น.,หุบเขาที่มีแอ่งน้ำขังอยู่.
หุบเหว 0,น.,หุบเขาที่มีเหวลึก.
หุ้ม 0,ก.,"เอาสิ่งที่เป็นแผ่นโอบคลุมอีกสิ่งหนึ่ง, อาการที่สิ่งซึ่งมีลักษณะเป็นแผ่น กาบหรือเปลือกเป็นต้น โอบคลุมของอีกสิ่งหนึ่ง เช่น หนังหุ้มกระดูก กาบกล้วยหุ้มหยวกเปลือกหุ้มกระพี้ รองเท้าหุ้มส้น."
หุ้มกลอง 0,น.,"ด้านหัวหรือด้านท้ายของโบสถ์ วิหาร, ถ้าเป็นด้านหัวหรือด้านท้ายของเรือนฝากระดาน เรียกว่า ด้านสกัด."
หุ้มแผลง 0,น.,กรรมวิธีในการหุ้มพระพุทธรูปด้วยแผ่นเงินหรือแผ่นทองบาง ๆ โดยให้ตะเข็บของแต่ละแผ่นซึ่งมีลักษณะคล้ายฟันประสานกัน แล้วใช้เครื่องมือกวดรอยประสานให้เรียบเสมอกัน.
หุ้มแพร 0,น.,ตำแหน่งยศมหาดเล็กรองจ่าลงมา.
หุ้ยหุย 0,ว.,เฉียด ๆ ไป.
หุ้ยหุย 1,น.,พวกจีนฮ่อที่นับถือศาสนาอิสลาม.
หุยฮา 0,ว.,เสียงหัวเราะเยาะเย้ย (มักใช้ในการละเล่น).
หุรัม 0,ว.,"ในเบื้องหน้า, ภพหน้า."
หุหนิงหงัน 0,น.,ดอกบานไม่รู้โรย.
หู 0,น.,ส่วนหนึ่งของร่างกายคนและสัตว์ ทำหน้าที่สำหรับฟังเสียง
หู 1,น.,ส่วนแห่งสิ่งของที่ทำไว้หิ้ว แขวน ร้อย หรือรูดเข้าออก เช่น หูกระทะ หูมุ้ง หูกางเกง หูถุง
หู 2,น.,สิ่งที่ทำเป็นห่วงหรือเป็นวง ๆ เช่น หูแจว
หู 3,น.,เรียกส่วนหูฟังและกระบอกพูดของเครื่องรับโทรศัพท์ ว่า หูโทรศัพท์.
หู่ 0,ก.,"ยู่เข้า, หดเข้า, ห่อเข้า."
หูก 0,น.,เครื่องทอแบบพื้นเมือง.
หูกรรเชียง 0,น.,หูกระเชียง.
หูกระเชียง 0,น.,"ที่สำหรับให้กระเชียงพาด รูปคล้ายเกือกม้า อยู่บนหลังกระเชียง, หูกรรเชียง ก็ว่า."
หูกระต่าย 0,น.,"เงื่อนที่ผูกมีรูปคล้ายหูกระต่าย, เรียกผ้าผูกคอชนิดหนึ่ง ผูกเป็นรูปโบ ว่า ผ้าผูกคอหูกระต่าย"
หูกระต่าย 1,น.,เรียกเครื่องสวมศีรษะแบบหนึ่ง ทำด้วยผ้าหรือสักหลาดสีต่าง ๆ รูปทรงกระบอกสั้น ๆ มีแผ่นรูปสี่เหลี่ยมผืนผ้าติดขอบหมวกสําหรับปกใบหูทั้ง ๒ ข้าง ว่า หมวกหูกระต่าย+C1766
หูกระต่าย 2,น.,ไม้ขวางเรืออันที่สุดของหัวเรือหรือท้ายเรือของเรือพายม้า.(ดู กระทงเหิน ประกอบ).
หูกวาง 0,น.,ชื่อไม้ต้นชนิด Terminalia catappa L. ในวงศ์ Combretaceae ใบใหญ่ แตกกิ่งเป็นชั้น ๆ.
หูกว้างตากว้าง 0,ว.,"รอบรู้ทันเหตุการณ์, มองเห็นการณ์ไกล, หูยาวตายาว ก็ว่า."
หูกะพง 0,น.,ชื่อเงื่อนแบบหนึ่ง ลักษณะคล้ายรูปเลข 8 อาระบิก ใช้ผูกตัวไม้บางตัวในเรือนเครื่องผูกให้ติดกันเป็นต้น.
หูเข้าพรรษา 0,ว.,ไม่รับรู้รับฟังสิ่งใด ๆ ทั้งสิ้นมักใช้เป็นสำนวนเปรียบเทียบ เช่น ทำเป็นหูเข้าพรรษาไปได้.
หูแจว 0,น.,วงด้ายดิบหรือเชือกที่ชุบนํ้าบิดให้เป็นเลข 8 อาระบิก สําหรับคล้องแจวให้ยึดกับหลักแจว.
หูฉลาม 0,น.,ชื่ออาหารคาวแบบจีน ปรุงด้วยครีบหรือกระโดงปลาฉลาม เนื้อปู เป็นต้น.
หูฉี่ 0,ว.,มากเหลือเกิน เช่น แพงหูฉี่ เผ็ดหูฉี่.
หูชอง 0,น.,เชือกใบลานสำหรับมัดลานหนังสือ.
หูชัน 0,ก.,อาการที่แสดงว่าตั้งใจฟัง (มักใช้แก่สัตว์บางชนิด).
หูช้าง 0,น.,"แผ่นกระดานที่ทำเป็นรูปฉากหรือพัดด้ามจิ้วสำหรับติดกับมุมสิ่งของ, ชื่อฉากซึ่งเป็นเครื่องมือวัดมุมของช่างไม้"
หูช้าง 1,น.,แผ่นกระจกหรือพลาสติกที่รถยนต์เป็นรูปคล้ายหูช้าง สำหรับเปิดรับลมหรือระบายลม
หูช้าง 2,น.,ชื่อขนมชนิดหนึ่งปรุงด้วยแป้งกับนํ้าตาลทำเป็นแผ่น ๆ.
หูช้าง 3,น.,ดูใน หู.
หูช้าง 4,น.,ชื่อปลาทะเลทุกชนิดในสกุล Platax วงศ์ Ephippidae ลำตัวกว้างจนเกือบกลม แบนข้างมาก รูปร่างคล้ายรูปไพ่โพดำ มีแถบสีดำพาดขวางลำตัว หลายชนิดมีขนาดโตแตกต่างกันตั้งแต่ ๓๕-๖๕ เซนติเมตร.
หูด 0,น.,โรคผิวหนังชนิดหนึ่งขึ้นเป็นไตแข็ง.
หูด 1,น.,"ชื่อแมลงขนาดเล็กหลายชนิดหลายสกุล ในวงศ์ Apidae โดยทั่วไปมีขนาดลำตัวยาวไม่เกิน ๑๐ มิลลิเมตร อยู่รวมกันเป็นฝูงและแบ่งวรรณะเหมือนผึ้ง แต่ไม่มีเหล็กในอย่างผึ้งทั่วไป จึงไม่สามารถต่อยได้ ทำรังตามโพรงไม้หรือตามรอยแตกฝาผนังของบ้านเรือน รังทำจากสารเหนียวผสมขี้ดินและยางไม้ ที่พบมากในประเทศไทยอยู่ในสกุล Trigona ชนิดที่พบบ่อย เช่น ชนิด T. terminata Smith, T. apicalis Smith มีชื่ออื่น ๆ อีกตามท้องถิ่น เช่น หูด ขี้ตังนี หรือ กินชัน, อีสานเรียก ขี้สูด, ปักษ์ใต้เรียก ขี้ชัน."
หูดับ 0,ว.,อาการของหูที่อื้อไปพักหนึ่งเนื่องจากได้ยินเสียงดังมาก.
หูดับตับไหม้ 0,ว.,ลักษณะเสียงที่ดังมากจนกลบเสียงอื่น.
หูตัน 0,ว.,"อาการที่หูฟังไม่ได้ยินเพราะมีขี้หูเต็มช่องหู, โดยปริยายหมายความว่าไม่ได้ยิน เช่น เรียกเท่าไรก็ไม่ได้ยิน หูตันหรืออย่างไร."
หูตาสว่าง 0,ว.,"รู้เหตุการณ์ดีขึ้น, รู้ความจริงมากขึ้น."
หูติ 0,น.,การเรียก.
หูตึง 0,ว.,ฟังอะไรไม่ใคร่ได้ยิน.
หูตูบ 0,น.,ใบหูตกห้อยลงมา (ใช้แก่หมา)
หูตูบ 1,น.,โดยปริยายหมายถึงทำงานอย่างหนักหรือถูกใช้งานอย่างหนัก เช่น ถูกใช้จนหูตูบ วิ่งจนหูตูบ.
หูแตก 0,น.,"แก้วหูแตก, เยื่อในหูสำหรับรับเสียงฉีกขาด, โดยปริยายหมายความว่า มีเสียงดังมาก แต่ก็ไม่ได้ยินราวกับแก้วหูฉีกขาด เช่น หูแตกหรืออย่างไร ตะโกนเรียกเท่าไร ๆ จึงไม่ได้ยิน."
หูทิพย์ 0,น.,หูที่จะฟังอะไรได้ยินทั้งหมด.
หูเบา 0,ว.,เชื่อโดยไม่ไตร่ตรอง.
หูปลาช่อน 0,น.,"ชื่อพรรณไม้หลายชนิด หลายสกุล หลายวงศ์ เช่น ไม้ล้มลุกชนิด Emilia sonchifolia (L.) DC. ไม้ล้มลุกชนิด Aster cordifolius L. ในวงศ์ Compositae ใบแคบ โคนใบรูปหัวใจ ช่อดอกสีชมพู หรือสีฟ้า, ไม้พุ่มชนิด Acalypha wilkesiana Müll. Arg. ในวงศ์ Euphorbiaceae ใบมีหลายสี ค่อนข้างกลม ขอบหยักและเป็นคลื่น ในวงศ์ Compositae ใบมีขน ขอบใบจัก กินได้ แต่ไม่ควรกินเป็นประจำ, หางปลาช่อน ก็เรียก."
หูป่าตาเถื่อน 0,ว.,"รู้ไม่ทันเหตุการณ์เพราะอยู่ห่างไกลหรือไม่สนใจเป็นต้น, โดยปริยายหมายความว่า ไม่รู้ขนบธรรมเนียมว่าควรปฏิบัติอย่างไรเพราะไม่ได้รับการอบรม เช่นคนสามัญเดินบนลาดพระบาท."
หูผีจมูกมด 0,ว.,รู้เรื่องอะไรได้เร็วทันท่วงที.
หูผึ่ง 0,ว.,เอาใจใส่อยากฟังอยากรู้.
หูฝาด 0,ก.,ได้ยินเสียงเพี้ยนไป.
หูเฝื่อน 0,ก.,ได้ยินเสียงเพี้ยนไป.
หูยาน 0,น.,ชื่อพระเครื่องแบบหนึ่ง มีติ่งหูยาวมากผิดปรกติ.
หูยาวตายาว 0,ว.,"รอบรู้ทันเหตุการณ์, มองเห็นการณ์ไกล, หูกว้างตากว้าง ก็ว่า."
หูรูด 0,น.,รูที่ร้อยเชือกสำหรับชักปากถุงเป็นต้นให้ติดกัน
หูรูด 1,น.,"ปากช่องทวารหนักที่กล้ามเนื้อรัดตัวเข้ามาคล้ายปากถุงที่รูด, โดยปริยายเรียกผู้ที่พูดพล่าม พูดพล่อย หรือพูดโดยไม่ยั้งคิดเสียก่อนว่าอะไรควรพูดหรือไม่ควรพูด ว่า ปากไม่มีหูรูด."
หูลี่ 0,ว.,อาการที่หูของหมาลู่เอนไปข้างหลังแสดงอาการประจบหรือกลัวเป็นต้น.
หูแว่ว 0,ก.,ได้ยินเสียงแผ่ว ๆ ไม่ชัดเจน
หูแว่ว 1,ก.,ได้ยินไปเอง.
หูไว 0,ว.,"ตื่นง่าย เช่น เขาเป็นคนหูไว พอได้ยินเสียงแว่ว ๆ ก็ตื่นทันที, มีประสาทหูไว เช่น เขาเป็นคนหูไว ใครพูดเสียงเบา ๆ ยังได้ยิน"
หูไว 1,ว.,รู้ข่าวคราวเร็ว เช่น เขาเป็นคนหูไว รู้เรื่องอะไร ๆ ก่อนคนอื่นเสมอ.
หูไวตาไว 0,ว.,รู้ทันเหตุการณ์ได้รวดเร็ว.
หูเสือ 0,น.,"ชื่อไม้ล้มลุกชนิดPlectranthus amboinicus (Lour.) Spreng. ในวงศ์ Labiatae ใบกลม แข็ง กรอบ มีขน กลิ่นฉุน กินได้, เนียมหูเสือ ก็เรียก."
หูเสือ 1,น.,ชื่อกล้วยไม้ดินชนิด Anoectochilus regalis Blume ในวงศ์ Orchidaceae ใบลาย ดอกสีขาว.
หูหนวก 0,น.,"หูที่ขาดสมรรถภาพในการได้ยินเสียง, โดยปริยายหมายความว่า ฟังอะไรไม่ได้ยิน."
หูหนวกตาบอด 0,ว.,ไม่รับรู้รับเห็นสิ่งใด ๆ ทั้งสิ้น.
หูหนัก 0,ว.,ไม่เชื่อคำป้อยอหรือยุแหย่เป็นต้นของใครง่าย ๆ.
หูหนาตาโต 0,น.,ชื่อโรคเรื้อน.
หูหนาตาเล่อ 0,น.,ชื่อโรคเรื้อน.
หูหนู 0,น.,"ชื่อเห็ดหลายชนิดในสกุล Auricularia วงศ์ Auriculariaceae ขึ้นบนขอนไม้ ดอกเห็ดเป็นแผ่นวุ้น สีนํ้าตาลอ่อนถึงนํ้าตาลดำ กินได้ เช่น ชนิด A. polytricha (Mont.) Sacc. สีนํ้าตาลอมม่วง นิยมเพาะเลี้ยงกันมาก, ชนิด A. delicata (Fr.) Henn. สีนํ้าตาลอ่อนอมเหลือง เนื้อบางนิ่มยืดหยุ่น, ชนิด A. fuscosuccinea (Mont.) Henn. สีนํ้าตาลดำ เนื้อกรอบกรุบ."
หูหนู 1,น.,จอกหูหนู.
หูหาเรื่อง 0,น.,หูที่รับฟังแล้วตีความไปอีกอย่างหนึ่งซึ่งมีลักษณะไปในทางที่ไม่ดี.
หู่หี่ 0,ว.,ย่นยู่ยี่.
หูไห 0,น.,ชื่อพระเครื่องแบบหนึ่งด้านหลังมีหูสำหรับร้อยเชือกผูกคอช้างศึกม้าศึก.
หูอื้อ 0,ว.,อาการที่รู้สึกเหมือนมีลมอยู่ในหูทำให้ไม่ค่อยได้ยินเสียง.
เห 0,ก.,เปลี่ยนทิศทางจากเดิมไปเล็กน้อย เช่น เหหัวเรือ รถยนต์วิ่งเหออกนอกทาง
เห 1,ก.,เปลี่ยนความคิดไป เช่น เขาเหไปเข้าข้างศัตรู.
เห่ 0,น.,"ทำนองที่ขับร้องในบางพระราชพิธี, ถ้าใช้เมื่อเวลาพายเรือพระที่นั่งในกระบวนพยุหยาตราทางชลมารค เรียกว่า เห่เรือ, ถ้าใช้ในพระราชพิธีขึ้นพระอู่พระเจ้าลูกเธอ เรียกว่า เห่กล่อม"
เห่ 1,น.,คำสั่งที่เขียนไว้ในวงเล็บท้ายบทเพลงเพื่อให้นักดนตรี นักร้อง และนักแสดงปฏิบัติตาม.
เห่ 2,ก.,กล่อม เช่น เห่ลูก.
เห่ 3,ว.,เสียงอย่างกล่อมลูก.
เหง 0,ก.,"ข่ม, มักใช้เข้าคู่กับคำ ข่ม เป็น ข่มเหง."
เหง่ง 0,ว.,"มีเสียงอย่างเสียงระฆังดัง, มักใช้ว่า หง่างเหง่ง หรือ เหง่งหง่าง."
เหง้า 0,น.,ลำต้นที่อยู่ใต้ดินของพืชบางชนิด เช่น ขิง กระวาน ที่จมอยู่ใต้ดิน
เหง้า 1,น.,"ต้นเดิม, ต้นวงศ์."
เหงา 0,ว.,"เปลี่ยวใจ, เปล่าเปลี่ยว, ไม่คึกคัก."
เหงา 1,น.,ชื่อลายกระหนกตัวแรก.
เหงาปั้นลม 0,น.,ตัวไม้ชายปั้นลมที่หักกลับโค้งเข้ามาคล้ายลายกระหนกตัวแรก.
เหงาหงอย 0,ว.,"เปลี่ยวใจไม่กระปรี้กระเปร่า, หงอยเหงา ก็ว่า."
เหงื่อ 0,น.,ของเหลวที่ร่างกายขับออกทางผิวหนัง
เหงื่อ 1,น.,"หยดนํ้าที่กลั่นตัวจากไอนํ้าจับอยู่ที่ฝาภาชนะซึ่งปิดหรือที่ผิววัสดุซึ่งคลุมอยู่เป็นต้น, (ปาก) เหื่อ."
เหงือก 0,น.,เนื้อที่หุ้มโคนฟัน
เหงือก 1,น.,อวัยวะของสัตว์ที่ใช้หายใจในนํ้า.
เหงือกปลาหมอ 0,น.,"โรคที่เกิดตามฝ่าเท้าทำให้หนังฝ่าเท้าแตกเป็นกลีบ ๆ., ดูใน เหงือก."
เหงือกปลาหมอ 1,น.,"ชื่อไม้ล้มลุก ๒ ชนิดในสกุล Acanthus วงศ์ Acanthaceae ชนิด A. ebracteatus Vahl ขึ้นตามริมนํ้าบริเวณนํ้ากร่อย ดอกสีขาว ขอบใบเป็นหนาม และชนิด A. ilicifoliusL. ดอกสีม่วงอ่อน บางทีขอบใบเรียบ, จะเกร็ง หรือ อีเกร็ง ก็เรียก."
เหงื่อกาฬ 0,น.,เหงื่อของคนใกล้จะตาย
เหงื่อกาฬ 1,น.,โดยปริยายหมายถึงเหงื่อแตกด้วยความตกใจกลัวเป็นต้น.
เหงื่อตกกีบ 0,ก.,เหนื่อยมาก.
เห็จ 0,ก.,"เหาะ, ไปในอากาศ, เช่น รณบุตรเห็จเข้าโจมฟัน รณาภิมุขผัน หฤทัยเสาะสุดแรง (สมุทรโฆษ)."
เห็จ 1,ว.,"เร็ว, เลือนมาจาก ระเห็จ."
เห็ด 0,น.,ส่วนของเชื้อราหมวดหนึ่งที่ออกเป็นดอก แบ่งเป็น ๒ พวก พวกหนึ่งไม่มีพิษ กินได้ เช่น เห็ดโคน เห็ดฟาง อีกพวกหนึ่งมีพิษ บางชนิดกินแล้วถึงตาย เช่น เห็ดระโงกหิน.
เห็ดโคน 0,น.,"ชื่อปลาทะเลในสกุล Sillagoวงศ์ Sillaginidae หัวหลิมแหลม ลำตัวยาว แบนข้างเล็กน้อย ครีบหลังมี ๒ ตอน ครีบหางเป็นแฉกตื้นหรือเว้าเพียงเล็กน้อยแล้วแต่ชนิด ลำตัวสีนํ้าตาลอ่อน หลังมีสีเข้มกว่าหรือสีเทา บางชนิดมีแต้มสีน้ำตาลเข้มกว่าเรียงเป็นแถวอยู่ข้างลำตัวหรือพาดอยู่บนสันหลัง บ้างมีจุดบนครีบหลัง อยู่เป็นฝูง ไซ้ทรายหากุ้ง ปู หอย หรือหนอนขนาดเล็กอยู่ตามเขตน้ำตื้นบริเวณชายฝั่ง ขนาดยาวได้ถึง ๓๕ เซนติเมตร, เห็ดโคน หรือ บุรุด ก็เรียก."
เห็ดตับเต่าขาว 0,น.,เห็ดจั่น. [ดู จั่น ๕ (๒)].
เห็ดตีนแรด 0,น.,เห็ดจั่น. [ดู จั่น ๕ (๒)].
เห็ดถอบ 0,น.,เห็ดเผาะ. (ดู เผาะ ๒).
เห็ดหลุบ 0,น.,"ชื่อสัตว์ทะเลไม่มีกระดูกสันหลังหลายชนิด ในอันดับ Actininaria ลำตัวอ่อนนุ่ม รูปทรงกระบอก ยืดหดได้ ด้านหนึ่งเป็นฐานสำหรับยึด ด้านตรงข้ามเป็นช่องปาก มีหนวดมาก เมื่อยืดตัวออกคล้ายดอกไม้บาน เมื่อหดตัว เรียก สะดือทะเล, ดากทะเล หรือ เห็ดหลุบ ก็เรียก."
เห็ดหอยนางรม 0,น.,"ชื่อเห็ดชนิด Pleurotus ostreatus (Fr.) Quél. ในวงศ์ Polyporaceae ขึ้นเป็นกลุ่มบนขอนไม้ โคนก้านดอกติดกัน มีหลายพันธุ์ ดอกเห็ดสีขาวหรือขาวอมเทา เนื้อนุ่ม กินได้, ชื่อที่ถูกต้องคือ เห็ดหอยนางรม."
เหติ 0,น.,"อาวุธ, เครื่องรบ."
เหตุ 0,น.,"สิ่งหรือเรื่องที่ทำให้เกิดผล, เค้ามูล, เรื่อง"
เหตุ 1,น.,เหตุผล.
เหตุ 2,สัน.,"ด้วย, เพราะ."
เหตุการณ์ 0,น.,เรื่องที่เกิดขึ้น.
เหตุในลักษณะคดี 0,น.,ข้อเท็จจริงอันเป็นเหตุที่เกี่ยวกับการกระทำความผิด ซึ่งมิใช่เหตุส่วนตัวเฉพาะผู้กระทำความผิดคนใดคนหนึ่ง แต่เป็นเหตุที่เป็นคุณหรือเป็นโทษแก่ผู้กระทำความผิดนั้นด้วยกันทุกคน เช่น ข้อเท็จจริงที่ว่าลักษณะบาดแผลที่ถูกทำร้ายเป็นอันตรายแก่กายถึงสาหัสหรือไม่สาหัส.
เหตุบรรเทาโทษ 0,น.,เหตุต่าง ๆ ที่กฎหมายกำหนดให้ศาลมีอำนาจลดโทษให้แก่ผู้กระทำความผิด เช่น ความโฉดเขลาเบาปัญญา การตกอยู่ในความทุกข์อย่างสาหัส มีคุณความดีมาแต่ก่อน ให้ความรู้แก่ศาลอันเป็นประโยชน์แก่การพิจารณา.
เหตุผล 0,น.,"เหตุ, เหตุและผล."
เหตุส่วนตัว 0,น.,ข้อเท็จจริงอันเกี่ยวกับผู้กระทำความผิดคนใดคนหนึ่งอันควรยกเว้นโทษ ลดโทษ หรือเพิ่มโทษแก่ผู้กระทำความผิดเฉพาะคนนั้น เช่น เหตุที่ผู้กระทำความผิดเป็นผู้เยาว์.
เหตุสุดวิสัย 0,น.,ภาวะที่พ้นความสามารถที่ใครจะป้องกันได้
เหตุสุดวิสัย 1,น.,เหตุใด ๆ อันจะเกิดขึ้นก็ดี จะให้ผลพิบัติก็ดี เป็นเหตุที่ไม่อาจป้องกันได้แม้ทั้งบุคคลผู้ต้องประสบหรือใกล้จะต้องประสบเหตุนั้น จะได้จัดการระมัดระวังตามสมควรอันพึงคาดหมายได้จากบุคคลในฐานะและภาวะเช่นนั้น.
เห็น 0,ก.,"อาการของตาที่ประสบรูป, ปรากฏแก่ตา, ปรากฏแก่ใจ, คิดรู้."
เห็นกงจักรเป็นดอกบัว 0,ก.,"เห็นสิ่งที่ไม่ถูกต้องว่าเป็นสิ่งที่ถูกต้อง, เห็นผิดเป็นชอบ ก็ว่า."
เห็นการณ์ไกล 0,น.,"คาดคะเนเหตุการณ์ล่วงหน้าได้ถูกต้องหรือใกล้เคียง โดยอาศัยเหตุผลหรือประสบการณ์เป็นต้น, มองการณ์ไกล ก็ว่า."
เห็นแก่ 0,ก.,มุ่งเฉพาะเพื่อ เช่น เห็นแก่ตัว เห็นแก่พวก เห็นแก่ได้.
เห็นแก่หน้า 0,ก.,"ลำเอียงในบุคคล, มุ่งเฉพาะคน."
เห็นขี้ดีกว่าไส้ 0,ก.,เห็นคนอื่นดีกว่าญาติพี่น้อง.
เห็นเขาขึ้นคานหาม เอามือประสานก้น 0,ก.,"ทำเลียนแบบคนใหญ่คนโตหรือคนมั่งมีทั้ง ๆ ที่ตนไม่มีกำลังทรัพย์หรือความสามารถพอ, มีความหมายอย่างเดียวกับ เห็นช้างขี้ ขี้ตามช้าง."
เห็นเขาขึ้นคานหาม เอามือประสานรัดก้น 0,ก.,"ทำเลียนแบบคนใหญ่คนโตหรือคนมั่งมีทั้ง ๆ ที่ตนไม่มีกำลังทรัพย์หรือความสามารถพอ, มีความหมายอย่างเดียวกับ เห็นช้างขี้ ขี้ตามช้าง."
เหน่ง 0,ว.,มีลักษณะใสเป็นมัน (มักใช้แก่ศีรษะโล้นหรือล้าน) เช่น หัวล้านเหน่ง โกนหัวจนใสเหน่ง.
เหน่ง 1,ว.,มีเสียงดังเช่นนั้นอย่างเสียงระนาดเป็นต้น.
เหนงนายพราน 0,ว.,"ชื่อไม้เถาล้มลุกชนิด Nepenthes mirabilis (Lour.) Druce ในวงศ์ Nepenthaceae ชอบขึ้นตามพงหญ้าบนดินทรายที่ชุ่มแฉะ ปลายใบเปลี่ยนเป็นรูปคล้ายกระบอก มีฝาปิด ใช้ดักจับแมลง, กระดึงพระราม แล่งพระราม เหนงนายพราน หรือ ลึงค์นายพราน ก็เรียก."
เห็นจะ 0,ก.,"คงจะ เช่น เห็นจะจริง, ถ้าใช้ในความปฏิเสธ เป็น ไม่เห็นจะ."
เห็นใจ 0,ก.,"เห็นน้ำใจว่าเป็นอย่างไร เช่นดีหรือชั่ว, ร่วมรู้สึกในความทุกข์ยากของผู้อื่น เช่น รู้สึกเห็นใจคนจนที่ต้องอดมื้อกินมื้อ"
เห็นใจ 1,ก.,มาทันพบก่อนตาย เช่น เขามาทันเห็นใจก่อนพ่อจะสิ้นลม.
เห็นช้างขี้ ขี้ตามช้าง 0,ก.,"ทำเลียนแบบคนใหญ่คนโตหรือคนมั่งมีทั้ง ๆ ที่ตนไม่มีกำลังทรัพย์หรือความสามารถพอ, มีความหมายอย่างเดียวกับ เห็นเขาขึ้นคานหาม เอามือประสานก้น หรือเห็นเขาขึ้นคานหาม เอามือประสานรัดก้น."
เห็นช้างเท่าหมู 0,ก.,เห็นฝ่ายตรงข้ามซึ่งแม้จะตัวใหญ่กว่าหรือมีอำนาจมากกว่าไม่น่าเกรงขามในเวลาที่โกรธมากจนลืมตัว.
เห็นชายผ้าเหลือง 0,*ก.,มีโอกาสได้จัดการบวชลูกหลานเป็นต้นในพระพุทธศาสนา ถือว่าได้บุญมาก.
เหน็ดเหนื่อย 0,ก.,"อ่อนเพลียเพราะทำงานเป็นต้น, เหนื่อยเหน็ด ก็ว่า."
เห็นดำเห็นแดง 0,ว.,ถึงที่สุดจนรู้ความจริงว่าดีหรือชั่ว ผิดหรือถูก เป็นต้น.
เห็นดี 0,ก.,เห็นประจักษ์ในอำนาจ (มักใช้ในการขู่เด็กหรือผู้น้อย) เช่น เดี๋ยวก็ได้เห็นดีหรอก.
เห็นดีกัน 0,ก.,เห็นว่าใครจะมีฝีมือหรือความสามารถเป็นต้นมากกว่ากัน (มักใช้ในทางท้าทาย) เช่น สักวันหนึ่งจะต้องเห็นดีกัน.
เห็นดีเห็นงาม 0,ก.,คิดหรือรู้สึกคล้อยตาม.
เหน็บ 0,น.,"ชื่อมีดขนาดกลาง ใบมีดรูปร่างปลายแหลม กลางป่อง โคนแคบ สันค่อนข้างหนา ด้ามทำเป็นกั่นสอดติดกับด้ามไม้หรือทำเป็นบ้องติดอยู่ในตัวก็มี ปรกติสอดใบมีดไว้ในฝักซึ่งทำด้วยไม้หรือหวายสาน นิยมเหน็บเอวด้านหลังหรือด้านหน้าในเวลาออกนอกบ้าน ใช้ประโยชน์ได้หลายอย่าง เรียกว่า มีดเหน็บ, มีดอีเหน็บ หรือ อีเหน็บ ก็เรียก."
เหน็บ 1,ก.,"เสียบ, สอดไว้ในที่บังคับ"
เหน็บ 2,ก.,กิริยาที่เอาสิ่งใดสิ่งหนึ่งมีสบู่เป็นต้นสอดเข้าไปในช่องทวารหนักเพื่อให้อุจจาระออก.
เหน็บ 3,ก.,พูดเสียดสีแคะไค้ เช่น เขาชอบมาเหน็บให้เจ็บใจ.
เหน็บ 4,ว.,อาการที่พูดเสียดสีแคะไค้ ในคำว่า พูดเหน็บ.
เหน็บ 5,น.,อาการชาและเจ็บแปลบปลาบตามแขนขาเป็นต้น เกิดจากหลอดเลือดและเส้นประสาทหรืออย่างใดอย่างหนึ่งบริเวณนั้นถูกกดทับระยะหนึ่ง.
เหน็บชา 0,น.,ชื่อโรคชนิดหนึ่ง เกิดจากขาดวิตามินบี ๑ ทำให้มีอาการชาปลายมือปลายเท้าเป็นต้น.
เหน็บแนม 0,ว.,อาการที่พูดเสียดสีแคะไค้กระทบกระเทียบเปรียบเปรย.
เห็นผิดเป็นชอบ 0,ก.,"เห็นสิ่งที่ไม่ถูกต้องว่าเป็นสิ่งที่ถูกต้อง, เห็นกงจักรเป็นดอกบัว ก็ว่า."
เห็นหน้าเห็นหลัง 0,ก.,เห็นผลงานที่ได้ลงทุนลงแรงไป.
เหน่อ 0,ว.,มีเสียงพูดที่เพี้ยนไปจากสำเนียงมาตรฐาน.
เห็นอ้ม 0,น.,ชะมด.(ดู ชะมด ๑).
เหนอะ 0,ว.,"มีลักษณะเหนียวติดมือ เช่น ข้าวติดมือเหนียวเหนอะหนะ, โดยปริยายหมายถึงอาการที่มีลักษณะคล้ายคลึงเช่นนั้น เช่น เหงื่อไหลจนรู้สึกว่าตัวเหนียวเหนอะหนะไปหมด."
เหนอะหนะ 0,ว.,"มีลักษณะเหนียวติดมือ เช่น ข้าวติดมือเหนียวเหนอะหนะ, โดยปริยายหมายถึงอาการที่มีลักษณะคล้ายคลึงเช่นนั้น เช่น เหงื่อไหลจนรู้สึกว่าตัวเหนียวเหนอะหนะไปหมด."
เหน้า 0,ว.,"รุ่น, หนุ่ม, สาว, ใช้เข้าคู่กับคำ หนุ่ม เป็น หนุ่มเหน้า หมายถึง กำลังสาว, กำลังหนุ่ม."
เหนาะ ๆ 0,ว.,อาการที่ได้สิ่งใดสิ่งหนึ่งมาอย่างสะดวกหรือคล่อง เช่น ได้กำไรมาเหนาะ ๆ.
เหนียง 0,น.,"เนื้อหรือหนังที่ห้อยอยู่บริเวณคอของสัตว์บางชนิด เช่น ไก่ นก วัว, โดยปริยายหมายถึงเนื้อที่ห้อยอยู่ตรงลำคอใต้คางของคนแก่ ในความว่า แก่จนเหนียงยาน"
เหนียง 1,น.,สายป่านที่ผูกยาวห้อยเป็นบ่วงจากสายซุงว่าวปักเป้า.
เหนี่ยง 0,น.,"ชื่อด้วงปีกแข็งชนิด Hydrophilus bilineatus Macleay ในวงศ์ Hydrophilidae ลำตัวรูปไข่ แบนเล็กน้อย ตัวยาวประมาณ ๓.๕ เซนติเมตร สีดำตลอดตัว มีหนามแหลมที่ด้านล่างของอกยื่นยาวไปถึงส่วนท้อง อาศัยหากินและเติบโตอยู่ตามแหล่งน้ำจืด, โดยปริยายใช้เรียกผู้ที่มีผิวดำคล้ำโดยธรรมชาติหรือเพราะถูกแดดถูกลมมาก ว่า ตัวดำเป็นเหนี่ยง."
เหนียงนกกระทุง 0,น.,ชื่อมะม่วงพันธุ์หนึ่งของชนิด Mangifera indicaL.
เหนียงนกกระทุง 1,น.,"ชื่อไม้เถาชนิด Aristolochia elegans Mast. ในวงศ์ Aristolochiaceae ดอกลาย โคนดอกเป็นกระพุ้งเหมือนเหนียงนกกระทุง, นกกระทุง ก็เรียก."
เหนี่ยน 0,น.,ชื่อกับข้าวชนิดหนึ่ง ใช้มะเขือพวงเป็นต้นเผาแล้วคลุกด้วยนํ้าพริกปลาร้า.
เหนียม 0,ก.,"อาย, กระดาก."
เหนียว 0,ว.,"ดึงขาดยาก, ทนทานไม่หักไม่ขาดง่าย, แกะออกยาก, ไม่ยุ่ย, ไม่เปื่อย, เช่น กิ่งมะขามเหนียวมาก ด้ายหลอดเหนียวมาก มือเหนียวตีนเหนียว"
เหนียว 1,ว.,"มีลักษณะคล้ายยางใช้ติดสิ่งอื่นได้ เช่น เอาแป้งมันผสมน้ำตั้งไฟแล้วกวนจนเหนียว, อาการที่ทำให้รู้สึกเหนอะหนะ เช่น เหงื่อออกจนเนื้อตัวเหนียวไปหมด"
เหนียว 2,ว.,"คงกระพัน, ทนทานต่อศาสตราวุธ, ฟัน แทง หรือยิงไม่เข้า, เช่น เขาเป็นคนหนังเหนียว"
เหนียว 3,ว.,"ตระหนี่ เช่น เขาเป็นคนเหนียวมาก, มักใช้ว่า ขี้เหนียว."
เหนียว 4,น.,ชื่อดินที่มีลักษณะเหนียวใช้ปั้นได้ เรียกว่า ดินเหนียว
เหนียว 5,น.,ชื่อข้าวที่มีลักษณะเหนียวมาก ใช้นึ่งเป็นอาหาร เรียกว่า ข้าวเหนียว
เหนียว 6,น.,ชื่อขนมชนิดหนึ่ง ทำด้วยแป้งข้าวเหนียว คลุกมะพร้าวขูด โรยน้ำตาลเคี่ยวและข้าวตากคั่ว เรียกว่า ขนมเหนียว.
เหนี่ยว 0,ก.,"รั้งไว้, ดึงไว้, ยึดไว้, เช่น เหนี่ยวไว้ไม่ให้ไป เหนี่ยวแขน."
เหนี่ยวนำแม่เหล็กไฟฟ้า 0,น.,"ปรากฏการณ์ซึ่งมีกระแสไฟฟ้าเกิดขึ้นเนื่องจากอำนาจแม่เหล็ก, เรียกกระแสไฟฟ้าที่เกิดขึ้นเนื่องจากอำนาจแม่เหล็ก ว่า กระแสไฟฟ้าเหนี่ยวนำ, เรียกเครื่องมือสำเร็จที่ใช้สำหรับเปลี่ยนศักย์ไฟฟ้าให้มีค่าสูงขึ้นมาก ๆ โดยอาศัยอำนาจแม่เหล็ก ว่า ขดลวดเหนี่ยวนำ."
เหนียวแน่น 0,ว.,มีความระมัดระวังมากในการใช้จ่าย เช่น เขาเป็นคนเหนียวแน่น
เหนียวแน่น 1,ว.,แน่นแฟ้น เช่น มิตรภาพระหว่างประเทศทั้งสองนี้เหนียวแน่นมาก.
เหนี่ยวรั้ง 0,ก.,"ดึงไว้, ประวิงไว้, ชะลอไว้."
เหนียวหนี้ 0,ว.,ไม่ยอมใช้หนี้ง่าย ๆ.
เหนียวหนืด 0,ว.,"ข้นเหนียวมาก, โดยปริยายใช้หมายถึงคนตระหนี่ถี่เหนียวมาก."
เหนียวหมา 0,ก.,"ชื่อไม้พุ่ม ๓ ชนิดในสกุล Dendrolobium และ Dicerma วงศ์ Leguminosae คือ ชนิด D. triangulare (Retz.) Schindl. มักขึ้นในที่โล่งตํ่าซึ่งชุ่มแฉะในฤดูฝน ฝักเล็กแบนคอดกิ่วเป็นข้อ ๆ ใช้ทำยาได้, ขมิ้นนาง ขมิ้นลิง ลูกประคำผี หน้านวล เหนียวหมา หรือ อีเหนียว ก็เรียก, ชนิด D. lanceolatum (Dunn) Schindl. ขึ้นตามป่าผลัดใบที่มีต้นไผ่ สูงประมาณ ๑ เมตร ใบรูปไข่กลับ โคนใบสอบ, กระดูกเขียด แกลบหนู แกลบหูหนู แปรงหูหนู หรือ อึ่งใหญ่ ก็เรียก, และชนิด Dicerma biarticulatum (L.) DC. ชอบขึ้นตามไหล่ทางที่ตัดผ่านทุ่งนา สูงประมาณ ๑ เมตร ใบเล็กคล้ายใบมะขาม ดอกสีม่วง."
เหนือ 0,ว.,"ที่อยู่ในที่หรือฐานะสูงกว่าสิ่งอื่นเมื่อมีการเปรียบเทียบกัน เช่น เขามีอำนาจเหนือฉัน, ที่มีความรู้ความสามารถเป็นต้นสูง เช่น เขามีฝีมือเหนือชั้นกว่าคู่ต่อสู้, ข้างบน เช่น สวะลอยอยู่เหนือนํ้า, ตรงข้ามกับ ใต้."
เหนือ 1,น.,"ชื่อทิศตรงข้ามกับทิศใต้, ทิศที่อยู่ทางซ้ายมือเมื่อหันหน้าไปทางทิศตะวันออก เรียกว่า ทิศเหนือ, ทิศอุดร ก็ว่า. บ. พ้นขึ้นไป, เลยขึ้นไป, เช่น เมฆลอยอยู่เหนือภูเขา."
เหนื่อย 0,ก.,"รู้สึกอ่อนแรงลง, อิดโรย."
เหนื่อยหน่าย 0,ก.,รู้สึกอิดหนาระอาใจ.
เหนื่อยเหน็ด 0,ก.,เหน็ดเหนื่อย.
เหนื่อยอ่อน 0,ก.,รู้สึกเหน็ดเหนื่อยอ่อนเพลีย.
เห็บ 0,น.,ชื่อแมงสัตว์ขาปล้องหลายชนิด หลายสกุล หลายวงศ์ อันดับ Aearina มีขา ๘ ขา ลักษณะทั่วไปคล้ายไร แต่ส่วนใหญ่มักโตกว่า และปากมีลักษณะเป็นแท่ง มีหนามโค้งเล็ก ๆ กระจายอยู่รอบปลายปาก แผ่นแข็งของรูหายใจอยู่บริเวณด้านข้างของลำตัวเรียงกันเลยโคนขาคู่ที่ ๔ มีทั้งชนิดที่มีผนังลำตัวแข็งและผนังลำตัวอ่อน เป็นตัวเบียนดูดกินเลือดสัตว์ และเป็นพาหะนำโรค เช่น เห็บวัว (Boophilus caudatus Neumann) เห็บสุนัข [Rhipicephalus sanguineus (Latreille.)] ทั้ง ๒ ชนิดอยู่ในวงศ์ Ixodidae.
เห็บ 1,น.,เม็ดนํ้าแข็งที่เกิดจากการกลั่นตัวของไอน้ำในอากาศแล้วตกลงมา เรียกว่า ลูกเห็บ.
เห็บน้ำ 0,น.,"ชื่อสัตว์น้ำขาปล้องหลายชนิด ในวงศ์ Argulidae เมื่อโตขึ้นเกาะติดตามหัว ลำตัว เหงือก และครีบของปลา ขนาดยาว ๔-๑๑ มิลลิเมตร ลำตัวกลมใส แบน โค้งคว่ำ มีแผ่นแข็งคลุมส่วนหัวและอกซึ่งเชื่อมติดกัน ส่วนอกมีขา ๔ คู่ ใช้ว่ายน้ำ ส่วนท้องแบนเล็กและสั้น ปลายแยกเป็น ๒ แฉก ด้านล่างบริเวณหัวมีอวัยวะเป็นรูปถ้วย ๑ คู่ ใช้เกาะกับปลา ปากเป็นชนิดแทงดูด กินเลือดและของเหลวจากปลา ที่พบบ่อยในน้ำจืด เช่น ชนิด Argulus indicus Weber, A. siamensis Wilson ที่พบในทะเล เช่น ชนิด A. alosae Gould, เห็บน้ำ ก็เรียก."
เห็บปลา 0,น.,"ชื่อสัตว์น้ำขาปล้องหลายชนิด ในวงศ์ Argulidae เมื่อโตขึ้นเกาะติดตามหัว ลำตัว เหงือก และครีบของปลา ขนาดยาว ๔-๑๑ มิลลิเมตร ลำตัวกลมใส แบน โค้งคว่ำ มีแผ่นแข็งคลุมส่วนหัวและอกซึ่งเชื่อมติดกัน ส่วนอกมีขา ๔ คู่ ใช้ว่ายน้ำ ส่วนท้องแบนเล็กและสั้น ปลายแยกเป็น ๒ แฉก ด้านล่างบริเวณหัวมีอวัยวะเป็นรูปถ้วย ๑ คู่ ใช้เกาะกับปลา ปากเป็นชนิดแทงดูด กินเลือดและของเหลวจากปลา ที่พบบ่อยในน้ำจืด เช่น ชนิด Argulus indicus Weber, A. siamensis Wilson ที่พบในทะเล เช่น ชนิด A. alosae Gould, เห็บน้ำ ก็เรียก."
เหม 0,น.,ทองคำ (ป.)
เหม 1,น.,เรียกฝาหีบหรือภาชนะบางอย่างซึ่งมียอดแหลมปิดทอง
เหม 2,น.,เรียกส่วนยอดปราสาทที่อยู่ระหว่างบัลลังก์กับบัวกลุ่ม.
เหม- 0,น.,ทองคำ (ป.)
เหม- 1,น.,เรียกฝาหีบหรือภาชนะบางอย่างซึ่งมียอดแหลมปิดทอง
เหม- 2,น.,เรียกส่วนยอดปราสาทที่อยู่ระหว่างบัลลังก์กับบัวกลุ่ม.
เหม่ 0,อ.,"คำที่เปล่งออกมาแสดงความโกรธเพื่อขู่หรือตวาด, อุเหม่ ก็ว่า."
เหม่ 1,ว.,เสียงดังเช่นนั้น แสดงความโกรธ.
เหม่ ๆ 0,อ.,"คำที่เปล่งออกมาแสดงความโกรธเพื่อขู่หรือตวาด, อุเหม่ ก็ว่า."
เหม่ ๆ 1,ว.,เสียงดังเช่นนั้น แสดงความโกรธ.
เหม็ง 0,น.,วิธีแทงโปวิธีหนึ่ง ถ้าลูกค้าแทงเหม็งประตูใด โปออกประตูนั้น เจ้ามือใช้ ๑ ต่อ ถ้าออกข้างเคียงซ้ายหรือขวา เป็นเจ๊า ถ้าออกประตูตรงข้าม เจ้ามือกิน เช่น เหม็ง ๒ ถ้าออก ๒ เป็นถูก ออกหน่วย ออก ๓ เป็นเจ๊า ออกครบ เจ้ามือกิน.
เหม่ง 0,ว.,"ใส, เป็นมัน."
เหม่ง 1,ว.,มีเสียงดังเช่นนั้น.
เหม็น 0,ก.,ได้รับกลิ่นไม่ดี.
เหม็น 1,ว.,"มีกลิ่นไม่ดี, ตรงข้ามกับ หอม."
เหม็น 2,น.,ส้มเขียวหวานที่ยังอ่อนอยู่ ใช้ปรุงอาหารได้ เรียกว่า ส้มเหม็น.
เหม็นเขียว 0,ว.,มีกลิ่นเหม็นอย่างกลิ่นใบไม้สดบางชนิด.
เหม็นเบื่อ 0,ก.,เบื่อหน่ายเพราะจำเจ.
เหม็นเปรี้ยว 0,ว.,มีกลิ่นเหม็นคล้ายอาหารบูด.
เหมวดี 0,น.,ขัณฑสกร มีลักษณะคล้ายนํ้าตาลกรวด รสหวาน ใช้ทำยาไทย.
เหมหัตถี 0,น.,"ชื่อช้างตระกูล ๑ ใน ๑๐ ตระกูล กายสีเหลืองดั่งทอง, ช้าง ๑๐ ตระกูล คือ ๑. กาฬาวกหัตถี ๒. คังไคยหัตถี ๓. ปัณฑรหัตถี ๔. ตามพหัตถี ๕. ปิงคลหัตถี ๖. คันธหัตถี ๗. มงคลหัตถี ๘. เหมหัตถี ๙. อุโบสถหัตถี ๑๐. ฉัททันตหัตถี."
เหม่อ 0,ก.,"ไม่ตั้งใจระวัง, ไม่ตั้งใจดู, เผลอใจลอย."
เหมันต์ 0,น.,"ฤดูหนาว ในคำว่า ฤดูเหมันต์, เหมันตฤดู ก็ว่า."
เหมันต- 0,น.,"ฤดูหนาว ในคำว่า ฤดูเหมันต์, เหมันตฤดู ก็ว่า."
เหมันตฤดู 0,น.,ฤดูหนาว.
เหมา 0,ก.,คิดเป็นจำนวนรวม เช่น รับเหมา เหมาผลไม้ทั้งเข่ง
เหมา 1,ก.,หาความ เช่น อย่าเหมาว่าฉันผิดคนเดียว.
เหมา 2,น.,เม้า คือ ปีเถาะ.
เหมายัน 0,น.,"จุดสุดทางใต้ เมื่อดวงอาทิตย์ปรากฏในราววันที่ ๒๒ ธันวาคม เป็นจุดในหน้าหนาว มีกลางคืนยาวที่สุด เรียกว่า เหมายัน (winter solstice), คู่กับ ครีษมายัน, ทักษิณายัน ก็เรียก."
เหมาะ 0,ว.,"ดี เช่น ได้โอกาสเหมาะ, พอดี เช่น กำลังเหมาะ, สมควร เช่น โอกาสนี้ไม่เหมาะจะเข้าพบผู้ใหญ่, คู่ควร เช่น ๒ คนนี้เหมาะกัน."
เหมาะเจาะ 0,ว.,"พอดี, พอดิบพอดี."
เหมาะมือ 0,ว.,"พอดีมือ, กระชับมือ."
เหมาะสม 0,ว.,พอเหมาะพอสมกัน เช่น เจ้าบ่าวเจ้าสาวคู่นี้เหมาะสมกัน
เหมาะสม 1,ว.,"สมควร, ควรแก่กรณี, เช่น เขาถูกลงโทษเหมาะสมกับความผิดแล้ว."
เหมาะเหม็ง 0,ว.,พอดิบพอดี.
เหมียว 0,น.,คำใช้เรียกแทนคำว่า แมว ตามเสียงร้องของมัน ในคำว่า อ้ายเหมียว อีเหมียว.
เหมียว 1,ว.,"มีเสียงอย่างเสียงแมวร้อง, เสียงร้องเรียกแมว."
เหมียว ๆ 0,ว.,"มีเสียงอย่างเสียงแมวร้อง, เสียงร้องเรียกแมว."
เหมือง 0,น.,บ่อ เช่น เหมืองถ่านหิน เหมืองแร่
เหมือง 1,น.,"ลำราง, ร่องนํ้าสำหรับชักนํ้าเข้าไปหล่อเลี้ยงพืชที่เพาะปลูก, เช่น ชักน้ำจากเหมืองเข้านา."
เหมืองฝาย 0,น.,คลองส่งนํ้าที่มีทำนบกั้น.
เหมือด 0,น.,เครื่องกินกับขนมจีนนํ้าพริก มีหัวปลีซอยเป็นต้น.
เหมือด 1,ว.,"ใช้ประกอบกับคำ สลบ เป็น สลบเหมือด หมายความว่า สลบไสล, แน่นิ่งไม่ติงกาย."
เหมือด 2,น.,"ชื่อไม้ต้นหลายชนิดในสกุล Symplocos วงศ์ Symplocaceae ใบแห้งสีเหลือง ดอกสีขาวออกเป็นช่อ กลิ่นหอม เช่น เหมือดหลวง [S. cochinchinensis (Lour.)S. Moore subsp. laurina (Retz.) Noot.], เหมือดหอมหรือโลท (S. racemosa Roxb.)."
เหมือดคน 0,น.,ชื่อไม้ต้นขนาดกลางหลายชนิดในสกุล Helicia วงศ์ Proteaceae บางชนิดใช้ทำยาได้ เช่น ชนิด H. robusta (Roxb.) R. Br. ex Wall.
เหมือดโลด 0,น.,"ชื่อไม้ต้นขนาดเล็กชนิด Aporosa villosa (Wall. ex Lindl.) Baill. ในวงศ์ Euphorbiaceae พบในป่าโปร่งทั่วไป, กรม กลม หรือ โลด ก็เรียก."
เหมือดโลด 1,น.,"ชื่อไม้ล้มลุกชนิด Centipeda minima (L.) A. Braun et Asch. ในวงศ์ Compositae ขึ้นตามพื้นที่ลุ่มตํ่า แฉะ ต้นเตี้ยติดดินคล้ายต้นผักเบี้ย ใบเล็กเว้าข้างทั้ง ๒ ด้าน ปลายใบแหลมคล้ายสามง่าม ใบมีกลิ่นเหม็น ใช้ทำยาได้ แต่เป็นพิษต่อปศุสัตว์, กระต่ายจันทร์ สาบแร้ง หญ้ากระจาม หญ้าจาม หรือ เหมือดโลด ก็เรียก."
เหมือดหอม 0,น.,"ชื่อไม้ต้นชนิด Symplocos racemosa Roxb. ในวงศ์ Symplocaceae ใช้ทำยาได้, เหมือดหอม ก็เรียก."
เหมือน 0,ว.,"ดั่ง, เช่น, ดั่งเช่น, อย่าง, เช่น เขาทำได้เหมือนใจฉันเลย."
เหมือนกัน 0,ว.,"อย่างเดียวกัน, ไม่แปลกกัน, เช่น พี่น้องคู่นี้มีนิสัยเหมือนกัน."
เหมือนกับ 0,สัน.,ดังเช่น เช่น เขาพูดเหมือนกับเห็นมาด้วยตนเอง.
เหมือนว่า 0,สัน.,"ดุจว่า, ประหนึ่งว่า, เหมือนกับว่า, เช่น เขาพูดกับฉันเหมือนว่าฉันเป็นเพื่อนเขา เขารักฉันเหมือนหนึ่งว่าเป็นลูกในไส้."
เหมือนหนึ่งว่า 0,สัน.,"ดุจว่า, ประหนึ่งว่า, เหมือนกับว่า, เช่น เขาพูดกับฉันเหมือนว่าฉันเป็นเพื่อนเขา เขารักฉันเหมือนหนึ่งว่าเป็นลูกในไส้."
เหมื่อย 0,ว.,"เนือง ๆ, บ่อย ๆ, เรื่อย ๆ."
เหมื่อย ๆ 0,ว.,"เนือง ๆ, บ่อย ๆ, เรื่อย ๆ."
เหย 0,ว.,เบ้ (ใช้แก่หน้า).
เหยเก 0,ว.,เบ้เบี้ยวไป (ใช้แก่หน้า).
เหยง 0,ว.,"อาการที่ทำซ้ำ ๆ อย่างเร็ว เช่น ขุดดินเหยง ด่าเหยง ๆ, (ปาก) ใช้ว่า เหย็ง หรือ เหย็ง ๆ ก็มี."
เหยง ๆ 0,ว.,"อาการที่ทำซ้ำ ๆ อย่างเร็ว เช่น ขุดดินเหยง ด่าเหยง ๆ, (ปาก) ใช้ว่า เหย็ง หรือ เหย็ง ๆ ก็มี."
เหย่อย 0,น.,การเล่นเพลงพื้นบ้านอย่างหนึ่งของไทย ผู้เล่นร้องกลอนสดและรำประกอบ ภายหลังมีกลองยาวประกอบด้วย มักเล่นในบางเทศกาลเช่นฤดูเกี่ยวข้าว.
เหยา 0,ก.,ยั่วให้โกรธ.
เหย่า 0,ว.,อาการที่วิ่งอย่างช้า ๆ หรือเดินอย่างเร็ว.
เหย้า 0,น.,"เรือน, บ้านเรือน, ครอบครัว, มักใช้เข้าคู่กับคำ เรือน เป็น เหย้าเรือน, เขียนเป็น หย้าว ก็มี."
เหย่า ๆ 0,ว.,อาการที่วิ่งอย่างช้า ๆ หรือเดินอย่างเร็ว.
เหยาะ 0,ก.,หยอดหรือหยดลงแต่น้อยตามต้องการ.
เหยาะ ๆ 0,ว.,อาการที่วิ่งช้า ๆ.
เหยาะแหยะ 0,ว.,"ย่อหย่อน, ทำเป็นเล่น, ไม่เอาจริงเอาจัง, เช่น ทำงานเหยาะแหยะ."
เหยิง 0,ว.,"ยุ่ง, รุงรัง, มักใช้เข้าคู่กับคำ ยุ่ง เป็น ยุ่งเหยิง."
เหยิบ ๆ 0,ว.,เยิบ ๆ.
เหยียด 0,ก.,ทำสิ่งที่งออยู่ให้ตรง เช่น เหยียดเส้นลวด
เหยียด 1,ก.,ยาวตรงออกไปเต็มขนาด เช่น เหยียดแขน เหยียดขา
เหยียด 2,ก.,ในวิธีเลขโบราณว่า ลบออก เช่น เหยียดนพเป็นเอก คือ เอา ๙ ลบ ๑๐ เหลือ ๑
เหยียด 3,ก.,ดูถูก เช่น เหยียดผิว.
เหยียด 4,ว.,ยาวตรงออกไปเต็มขนาด ในคำว่า ยาวเหยียด.
เหยียดผิว 0,ก.,ดูถูกคนชาติอื่นที่มีสีผิวต่างกับเชื้อชาติตน (มักใช้แก่พวกผิวขาวเหยียดพวกผิวดำ).
เหยียดหยาม 0,ก.,ดูหมิ่น.
เหยียบ 0,ก.,วางเท้ากดลงไปบนสิ่งใดสิ่งหนึ่ง
เหยียบ 1,ก.,โดยปริยายหมายความว่า ปกปิด เช่น พูดแล้วเหยียบเสีย.
เหยียบ 2,ว.,เกือบ เช่น เหยียบร้อย.
เหยียบขี้ไก่ไม่ฝ่อ 0,ว.,"หยิบหย่ง, ทำอะไรไม่จริงจัง, ไม่เอาการเอางาน."
เหยียบจมูก 0,ก.,บังอาจลบเหลี่ยม.
เหยียบถ้ำเสือ 0,ก.,เข้าไปในแดนผู้มีอิทธิพลโดยไม่แสดงความยำเกรง.
เหยียบถิ่นเสือ 0,ก.,เข้าไปในแดนผู้มีอิทธิพลโดยไม่แสดงความยำเกรง.
เหยียบย่าง 0,ก.,"เข้าไปสู่, เดินเข้าไป, ย่างเข้าสู่, ย่างเหยียบ ก็ว่า."
เหยียบย่ำ 0,ก.,"ละเมิดให้เสียหาย, ย่ำยีด้วยความดูถูก เช่น อย่าเหยียบย่ำคนจน."
เหยียบย่ำ 1,น.,เอกสารซึ่งพนักงานเจ้าหน้าที่อนุญาตให้จับจองที่ดินว่างเปล่า มีเงื่อนไขให้ทำประโยชน์ในที่ดินนั้น เรียกว่า ใบเหยียบยํ่า.
เหยียบเรือสองแคม 0,ก.,ทำทีเข้าด้วยทั้ง ๒ ฝ่าย.
เหยี่ยว 0,น.,ชื่อนกหลายชนิด ในวงศ์ Accipitridae และ Falconidae ปากเป็นปากขอและคม ปีกแข็งแรง ขาและนิ้วแข็งแรงมาก เล็บยาวแหลม บินร่อนได้นาน ๆ วงศ์แรกเป็นนกขนาดใหญ่ ปลายปีกมน ทำรังแบบง่าย ๆ ด้วยกิ่งไม้ขนาดเล็ก บนกิ่งก้านของต้นไม้สูง ส่วนใหญ่ล่าสัตว์ บางชนิดกินซากสัตว์ เช่น เหยี่ยวขาวหรือเหยี่ยวปักหลัก [Elanus caeruleus (Desfontaines)] เหยี่ยวแดง [HaliasturIndus (Boddaert)] เหยี่ยวดำ [Milvus migrans (Boddaert)] เหยี่ยวกิ้งก่าสีดำ [Aviceda leuphotes (Dumont)] วงศ์หลังเป็นนกขนาดเล็ก ปลายปีกแหลม บางชนิดทำรังตามโพรงไม้ บางชนิดทำรังแบบง่าย ๆ ด้วยกิ่งไม้ขนาดเล็ก บนกิ่งไม้ค่อนข้างสูง ล่าแมลงและสัตว์ขนาดเล็ก เช่น เหยี่ยวเล็กตะโพกขาว (Polihierax Insignis Walden) เหยี่ยวแมลงปอขาแดง [Microhierax caerulescens (Linn.)] เหยี่ยวตีนแดง (Falco amurensis Radde).
เหยี่ยวขาว 0,น.,"ชื่อเหยี่ยวขนาดเล็กชนิด Elanus caeruleus (Desfontaines) ในวงศ์ Accipitridae อกสีขาว หลังสีเทา ช่วงไหล่สีดำ อาศัยอยู่ตามท้องทุ่ง กินสัตว์เล็ก ๆ รวมทั้งนกขนาดเล็ก, เหยี่ยวขาว ก็เรียก, นกทั้ง ๒ ชนิดมักบินอยู่กับที่ขณะจ้องหาเหยื่อในน้ำหรือบนพื้นดิน จึงเรียกว่า ปักหลัก."
เหยี่ยวข่าว 0,น.,"นักข่าว, คนที่หาข่าวได้รวดเร็วเป็นพิเศษ."
เหยื่อ 0,น.,อาหารที่ใช้ล่อสัตว์
เหยื่อ 1,น.,เครื่องล่อ
เหยื่อ 2,น.,ตัวรับเคราะห์ เช่น เหยื่อกระสุน.
เหยือก 0,น.,ภาชนะใส่น้ำเป็นต้น มีขนาดใหญ่และสูงกว่าถ้วย มีหูอยู่ข้าง ๆ ข้างเดียว.
เหรอ 0,สัน.,คำที่มีเสียงเพี้ยนมาจากคำว่า หรือ.
เหรอะ 0,สัน.,คำที่มีเสียงเพี้ยนมาจากคำว่า หรือ.
เหรัญญิก 0,น.,ตำแหน่งกรรมการเจ้าหน้าที่ของสมาคมเป็นต้น ทำหน้าที่เกี่ยวกับการเงิน.
เหรา 0,น.,"ชื่อสัตว์ทะเลในวงศ์ Xiphosuridae รูปร่างคล้ายจานควํ่า หางยาวเป็นแท่ง ในน่านนํ้าไทยพบ ๒ ชนิด คือ แมงดาจานหรือแมงดาทะเลหางเหลี่ยม [Tachypleus gigas (Müller)] บนสันหางเป็นหนามคล้ายฟันเลื่อย หน้าตัดของหางมีรูปคล้ายสามเหลี่ยม และ แมงดาทะเลหางกลม แมงดาถ้วย เหรา หรือ แมงดาไฟ [Carcinoscorpius rotundicauda (Latreille)] ขนาดเล็กกว่าแมงดาจาน สันหางเรียบ หน้าตัดของหางค่อนข้างกลม ในบางฤดูกาล ไข่และอวัยวะภายในอาจเป็นพิษได้, แมงดาทะเล ก็เรียก"
เหรา 1,น.,สัตว์ในนิยายมีรูปครึ่งนาคครึ่งมังกร.
เหราเล่นน้ำ 0,น.,ชื่อเพลงไทย อัตรา ๒ ชั้น หน้าทับปรบไก่
เหราเล่นน้ำ 1,น.,"ชื่อเพลงไทยประเภทเพลงเถา, ชื่อท่ารำแบบหนึ่ง โดยมือข้างหนึ่งจีบหงาย งอข้อศอก หักข้อมือเข้าหาแง่ศีรษะ มืออีกข้างจีบหงาย เฉียงไปข้างรักแร้ของมือที่จีบเข้าหาแง่ศีรษะ เอียงศีรษะข้างเดียวกับมือสูง."
เหราะ ๆ 0,ว.,เหยาะ ๆ.
เหรียญ 0,น.,โลหะที่มีลักษณะกลมแบนหรือรูปเหลี่ยมเป็นต้น มีภาพนูนหรือตัวอักษรอยู่บนพื้น เช่น เหรียญกระษาปณ์ เหรียญความดีความชอบ เหรียญที่ระลึก.
เห่เรือ 0,น.,ทำนองที่ขับร้องเมื่อเวลาพายเรือพระที่นั่งในกระบวนพยุหยาตราทางชลมารค.
เหล่ 0,ว.,เขมาก (ใช้แก่ตา).
เหล็ก 0,น.,ธาตุลำดับที่ ๒๖ สัญลักษณ์ Fe เป็นโลหะลักษณะเป็นของแข็งสีขาวเป็นเงาคล้ายเงิน หลอมละลายที่ ๑๕๓๖ ºซ. ใช้ประโยชน์ได้มากมาย เช่น ทำเหล็กหล่อ เหล็กพืด เหล็กกล้า. (อ. iron).
เหล็ก 1,ว.,แข็งแกร่ง เช่น บุรุษเหล็ก.
เหล็กกล้า 0,น.,เหล็กที่มีธาตุคาร์บอนเจืออยู่ประมาณร้อยละ ๐.๑๕-๑.๕ สมบัติของเหล็กกล้าแตกต่างกันไปตามจำนวนร้อยละของธาตุคาร์บอนและของโลหะอื่นที่เจือปนอยู่ ทั้งยังขึ้นอยู่กับอุณหภูมิที่ใช้ในการเตรียมเหล็กกล้านั้น ๆ ด้วย.
เหล็กกล้าไม่เป็นสนิม 0,น.,เหล็กกล้าที่เจือโลหะโครเมียมหรือโลหะโครเมียมกับโลหะนิกเกิล บางชนิดมีซิลิคอนเจือปนด้วย.
เหล็กจาร 0,น.,เหล็กแหลมสำหรับเขียนลงบนใบลานหรือศิลาเป็นต้น.
เหล็กใน 0,น.,เดือยแหลมที่มีในก้นหรือปลายหางสัตว์บางชนิด มีผึ้ง แมงป่อง เป็นต้น.
เหล็กพืด 0,น.,"เหล็กที่มีธาตุคาร์บอนเจือปนอยู่ประมาณร้อยละ ๐.๑๒-๐.๒๕ และมีสิ่งเจือปนอื่น ๆ รวมกันทั้งสิ้นน้อยกว่าร้อยละ ๐.๕ หลอมละลายที่ ๑๔๐๐ º-๑๕๐๐ ºซ., เหล็กเหนียว ก็เรียก, เรียกเหล็กเหนียวชนิดหนึ่งที่เป็นแผ่นยาวอย่างเหล็กทำปลอกถัง ว่า แถบเหล็กพืด."
เหล็กวิลาด 0,น.,"เหล็กเคลือบดีบุก, (โบ) ใช้ว่า เหล็กวิลาศ ก็มี."
เหล็กส่ง 0,น.,เหล็กแท่งเล็ก ๆ สั้น ๆ ปลายข้างหนึ่งแหลมมนคล้ายก้นแมลงสาบ ใช้กดลงที่หัวตะปูแล้วตอกปลายอีกข้างหนึ่งให้หัวตะปูจมลงในเนื้อไม้.
เหล็กเส้น 0,น.,เหล็กที่ทำเป็นเส้น มักมีลักษณะกลม.
เหล็กหมาด 0,น.,เหล็กปลายแหลม มีด้าม สำหรับไชวัตถุให้เป็นรู.
เหล็กหล่อ 0,น.,เหล็กที่ได้มาจากเตาถลุง มีธาตุคาร์บอนเจือปนอยู่ประมาณร้อยละ ๒.๒-๔.๕ นอกจากนี้ยังมีธาตุแมงกานีส ฟอสฟอรัส ซิลิคอน และกำมะถันปนอยู่ด้วย หลอมละลายที่ประมาณ ๑๒๐๐ ºซ.
เหล็กเหนียว 0,น.,"เหล็กที่มีธาตุคาร์บอนเจือปนอยู่ประมาณร้อยละ ๐.๑๒-๐.๒๕ และมีสิ่งเจือปนอื่น ๆ รวมกันทั้งสิ้นน้อยกว่าร้อยละ ๐.๕ หลอมละลายที่ ๑๔๐๐ º-๑๕๐๐ ºซ., เหล็กเหนียว ก็เรียก, เรียกเหล็กเหนียวชนิดหนึ่งที่เป็นแผ่นยาวอย่างเหล็กทำปลอกถัง ว่า แถบเหล็กพืด."
เหล็กไหล 0,น.,โลหะชนิดหนึ่ง เชื่อกันว่าเอาไฟเทียนลนก็ไหลย้อยออกได้.
เหลน 0,น.,ลูกของหลานที่เป็นลูกของลูกเป็นต้น.
เหลว 0,ว.,"เป็นนํ้า, ไม่แข็ง"
เหลว 1,ว.,ไม่ได้เรื่อง.
เหลวแหลก 0,ว.,"ป่นปี้, ไม่เป็นชิ้นเป็นอัน"
เหลวแหลก 1,ว.,เละเทะ
เหลวแหลก 2,ว.,เป็นที่น่ารังเกียจ เช่น มีความประพฤติเหลวแหลก ชีวิตเหลวแหลก.
เหลวไหล 0,ว.,"ไม่เป็นสาระ เช่น พูดแต่เรื่องเหลวไหล, เลอะเทอะ เช่น เป็นคนเหลวไหล, เชื่อถือไม่ได้ เช่น พูดจาเหลวไหล."
เหลอ 0,ว.,ทำหน้าเซ่อ ๆ ทำนองว่าไม่รู้เรื่อง เช่น ทำหน้าเหลอ.
เหลอหลา 0,ว.,มีหน้าตาเซ่ออย่างคนงงไม่รู้เรื่อง.
เหล่า 0,น.,"พวก, ก๊ก, เช่น เหล่ามนุษย์ เหล่าสัตว์ เหล่าอันธพาล, กำลังพลของทหารซึ่งประกอบกับคำอื่นมีลักษณะเฉพาะของงาน เช่น เหล่าทหารปืนใหญ่ เหล่าทหารราบ"
เหล่า 1,น.,"ที่ซึ่งเคยเพาะปลูกแล้วทิ้งให้ร้าง, (ถิ่น-พายัพ) ป่าละเมาะ."
เหล่า 2,ว.,ใช้ประกอบกับคำนามแสดงว่ามีจำนวนมาก เช่น คนเหล่านี้ ของเหล่านั้น.
เหล้า 0,น.,นํ้าเมาที่กลั่นหรือหมักแล้ว.
เหลา 0,น.,ความหมิ่น
เหลา 1,น.,ความสนุก
เหลา 2,น.,"การเล่น, การกีฬา"
เหลา 3,น.,การหยอกเอิน
เหลา 4,น.,ความสะดวกสบาย.
เหลา 5,ก.,ทำให้เกลี้ยงเกลาหรือให้แหลมด้วยเครื่องมือมีมีดเป็นต้น เช่น เหลาตอก เหลาดินสอ.
เหลา 6,น.,ภัตตาคาร.
เหล่ากอ 0,น.,"เชื้อสาย เผ่าพันธุ์, ต้นตระกูล, บางทีใช้ควบกับคำอื่น เช่น เทือกเถาเหล่ากอ พงศ์เผ่าเหล่ากอ โคตรเหง้าเหล่ากอ."
เหล้าขาว 0,น.,"เหล้าที่กลั่นจากโรงงานสุราโดยทั่วไปมักมีความเข้มข้นของเอทิลแอลกอฮอล์ประมาณ ๒๘ ดีกรี หรือ ๔๐ ดีกรี, เหล้าขาว ก็เรียก."
เหลาชะโอน 0,น.,"ชื่อปาล์มชนิด Oncosperma tigillarium (Jack)Ridl. ในวงศ์ Palmae ขึ้นเป็นกอ ลำต้นมีหนามตามปล้อง, หลาวชะโอน ก็เรียก."
เหล้ายาปลาปิ้ง 0,น.,สุราและกับแกล้ม.
เหล้าโรง 0,น.,"เหล้าที่กลั่นจากโรงงานสุราโดยทั่วไปมักมีความเข้มข้นของเอทิลแอลกอฮอล์ประมาณ ๒๘ ดีกรี หรือ ๔๐ ดีกรี, เหล้าขาว ก็เรียก."
เหลาหลก 0,น.,ชื่อหมากชนิดหนึ่งเปลือกอ่อน.
เหล้าแห้ง 0,น.,ยาเสพติดชนิดหนึ่งประเภทกดประสาทสมอง เป็นยานอนหลับจำพวกบาร์บิทูเรต ซึ่งผลิตออกมาในรูปของโซเดียมเซโคบาร์บิทาล และเรียกกันสั้น ๆ ว่า เซโคนัล ทางแพทย์ใช้เป็นยานอนหลับประเภทออกฤทธิ์ระยะสั้น.
เหลาะแหละ 0,ว.,"เหลวไหล, ไม่จริงจัง, มีนิสัยไม่แน่นอน."
เหลิง 0,ก.,ลืมตัว เช่น พ่อแม่ตามใจเสียจนเหลิง มีคนชมมาก ๆ เลยชักเหลิง.
เหลิงเจิ้ง 0,ว.,"พล่าม, เพ้อเจ้อ, อาการที่พูดมากไม่มีสาระ."
เหลิงลม 0,ว.,อาการที่ว่าวติดลมส่ายไปมาบังคับไม่อยู่ ในคำว่า ว่าวเหลิงลม.
เหลิงอำนาจ 0,ว.,มีอำนาจแล้วลืมตัว.
เหลียน 0,น.,"ชื่อมีดขนาดใหญ่ ใบมีดแบน ปลายกว้างโคนแคบ สันหนาและโค้งดุ้งขึ้น โคนมีดทำเป็นบ้องหรือกั่นสอดติดกับด้ามไม้ยาว ใช้ถางป่า ตัดอ้อย หรือรานกิ่งไม้เป็นต้น เรียกว่า มีดเหลียน, มีดอีเหลียน หรือ อีเหลียน ก็เรียก."
เหลี่ยม 0,น.,ด้านที่เป็นสัน
เหลี่ยม 1,น.,เส้นประกอบมุมของรูปที่มีด้านตั้งแต่ ๓ ด้านขึ้นไป
เหลี่ยม 2,น.,"ส่วนสัดของขาที่ใช้ในการรำ, คู่กับ วง คือ ส่วนสัดของมือที่ใช้ในการรำ."
เหลี่ยม 3,ว.,เป็นสัน เช่น บวบเหลี่ยม เหลี่ยมเพชร เหลี่ยมเขา.
เหลี่ยม 4,น.,ชั้นเชิง.
เหลี่ยม 5,น.,"ชื่อปลานํ้าจืดชนิด Puntioplites proctozysron (Bleeker) ในวงศ์ Cyprinidae รูปร่างคล้ายปลาตะเพียน มีกระดูกครีบก้นใหญ่แข็งและเป็นหยัก ครีบหลังมีขนาดใหญ่ พื้นลำตัวเป็นสีขาว ขนาดยาวได้ถึง ๒๕ เซนติเมตร, เหลี่ยม ก็เรียก."
เหลี่ยมคู 0,น.,ชั้นเชิงอย่างคมคาย.
เหลี่ยมจัด 0,ว.,มีชั้นเชิงมาก.
เหลี่ยมลูกบาศก์ 0,น.,ชื่อมาตราวัดปริมาตร กำหนดเป็นรูปเหลี่ยมลูกบาศก์ มีด้านสูง กว้าง ยาวเท่ากัน เช่น ๑ เมตรเหลี่ยมลูกบาศก์ คือ มีด้านสูง กว้าง และยาวด้านละ ๑ เมตร.
เหลียว 0,ก.,ผินไปทางขวาหรือทางซ้ายอย่างเอี้ยวคอ.
เหลียวแล 0,ก.,เอาใจใส่ดูแล เช่น พ่อแม่แก่แล้วต้องเหลียวแลท่านให้มาก เด็กคนนี้ไม่มีใครเหลียวแลเลย.
เหลียวหลัง 0,น.,เรียกสร้อยที่มีลักษณะบิดเป็นเกลียวว่า สร้อยเหลียวหลัง.
เหลียวหลัง 1,ก.,เหลียวดูด้วยความสนใจหรือด้วยความอาลัยอาวรณ์เป็นต้น.
เหลือ 0,ก.,"เกิน, เกินต้องการ, มาก, มากเกิน"
เหลือ 1,ก.,"ยังอยู่, ค้างอยู่, ยังไม่หมด."
เหลือก 0,ก.,ทำให้ลูกตาดำอยู่ข้างบน ในคำว่า เหลือกตา.
เหลือก 1,ว.,"กลอกขึ้น, เบิกกว้าง, (ใช้แก่ตา), ลูกตาดำอยู่ข้างบน ในคำว่า ตาเหลือก."
เหลือกำลัง 0,ว.,"พ้นความสามารถ เช่น เหลือกำลังลาก, เต็มที เช่น ซนเหลือกำลัง."
เหลือเกิน 0,ว.,"ยิ่งนัก, เกินควร, เต็มที."
เหลือขอ 0,ว.,"ดื้อมาก, เอาไว้ไม่อยู่."
เหลือเข็ญ 0,ว.,ลำบากที่สุด เช่น ยากจนเหลือเข็ญ.
เหลือเข็น 0,ว.,"เข็นไม่ไหว, กวดไม่ขึ้น."
เหลือง 0,ว.,สีอย่างสีรงทองหรือขมิ้น.
เหลือง 1,น.,โรคติดต่อร้ายแรงชนิดหนึ่ง เกิดจากเชื้อไวรัส มียุงเป็นพาหะ ผู้ป่วยมักมีอาการเวียนศีรษะ คลื่นเหียน อาเจียน ปวดศีรษะ และปวดหลัง ไข้ขึ้นสูงอย่างรวดเร็ว ชีพจรเต้นช้าลง ผิวและตาเหลือง อาจมีอันตรายถึงแก่ชีวิตภายใน ๖-๗ วัน.
เหลือง 2,น.,พริกเหลือง. (ดู เดือยไก่).
เหลือง 3,น.,กุ้งเหลือง. (ดู กุ้งเหลือง ที่ กุ้ง ๑).
เหลือง 4,น.,"ชื่อปลาทะเลบางชนิดในสกุล Caesio และ Pterocaesio วงศ์ Caesionidae ที่มีสีเหลืองไม่มากก็น้อยบนลำตัวหรือครีบโดยเฉพาะครีบหาง และมีจุดสีดำที่มุมบนของฐานครีบอก โดยเฉพาะชนิด C. cuning (Bloch) ขนาดยาวได้ถึง ๔๗ เซนติเมตร อีกชนิดหนึ่งคือ C. xanthosota Bleeker ที่มีความยาวถึง ๓๗ เซนติเมตร ทั้ง ๒ ชนิดนี้รูปร่างคล้ายปลากะพง คือ ลำตัวป้อม แบนข้าง ส่วนในสกุล Pterocaesio ลำตัวค่อนข้างกลมยาว ทั้งหมดมีแนวสันหลังโค้งพอ ๆ กับ แนวสันท้อง เป็นปลาฝูง มักพบอาศัยอยู่ตามแนวปะการัง, เหลืองปล้องหม้อ หรือ เหลือง ก็เรียก."
เหลืองปล้องหม้อ 0,น.,"ชื่อปลาทะเลบางชนิดในสกุล Caesio และ Pterocaesio วงศ์ Caesionidae ที่มีสีเหลืองไม่มากก็น้อยบนลำตัวหรือครีบโดยเฉพาะครีบหาง และมีจุดสีดำที่มุมบนของฐานครีบอก โดยเฉพาะชนิด C. cuning (Bloch) ขนาดยาวได้ถึง ๔๗ เซนติเมตร อีกชนิดหนึ่งคือ C. xanthosota Bleeker ที่มีความยาวถึง ๓๗ เซนติเมตร ทั้ง ๒ ชนิดนี้รูปร่างคล้ายปลากะพง คือ ลำตัวป้อม แบนข้าง ส่วนในสกุล Pterocaesio ลำตัวค่อนข้างกลมยาว ทั้งหมดมีแนวสันหลังโค้งพอ ๆ กับ แนวสันท้อง เป็นปลาฝูง มักพบอาศัยอยู่ตามแนวปะการัง, เหลืองปล้องหม้อ หรือ เหลือง ก็เรียก."
เหลืองหางฟ้า 0,น.,กุ้งเหลืองหางฟ้า. (ดู กุ้งเหลือง ที่ กุ้ง ๑).
เหลือใจ 0,ว.,"สุดกำลัง, มาก, เช่น ลำบากเหลือใจ."
เหลือเชื่อ 0,ว.,"เกินจริง, ไม่น่าเชื่อ."
เหลือใช้ 0,ว.,"ใช้ไม่หมด, เกินที่จะใช้."
เหลือเดน 0,ว.,"ที่ไม่มีใครต้องการแล้ว, เหลือจากที่ใคร ๆ เลือกกันหมดแล้ว."
เหลือเดนเลือก 0,ว.,"ที่ไม่มีใครต้องการแล้ว, เหลือจากที่ใคร ๆ เลือกกันหมดแล้ว."
เหลือทน 0,ว.,"สุดที่จะทนได้, ยิ่งนัก, เช่น ขี้เกียจเหลือทน ร้ายเหลือทน."
เหลือบ 0,น.,ชื่อแมลงหลายชนิดหลายสกุล ในวงศ์ Tabanidae รูปร่างคล้ายแมลงวันแต่ตัวโตกว่า มีปีกคู่เดียวซึ่งมักใส แต่บางชนิดเป็นลายสีต่าง ๆ เช่น นํ้าตาล นํ้าเงิน รวมทั้งสีเลื่อมพราย จึงเรียกว่า ตัวเหลือบ หนวดปล้องปลายมีลักษณะเรียวโค้งงอคล้ายเคียว ปากมีอวัยวะเป็นแผ่นคมคล้ายใบมีด และมีอวัยวะเป็นท่อใช้ดูดของเหลวกิน เพศเมียดูดกินเลือดคนและสัตว์ เพศผู้ดูดกินน้ำหวานจากเกสรดอกไม้ บางชนิดเป็นพาหะนำโรคโดยเฉพาะในสัตว์ใหญ่ ส่วนใหญ่อยู่ในสกุล Tabanus และ Chrysops.
เหลือบ 1,ว.,สีเลื่อมพรายเวลากระทบแสงเป็นหลายสีคล้ายสีตัวเหลือบ.
เหลือบ 2,ก.,ใช้ประกอบกับคำอื่นหมายความว่า ชำเลือง เช่น เหลือบตา เหลือบแล เหลือบดู เหลือบเห็น.
เหลือบ่ากว่าแรง 0,ว.,"เกินความสามารถที่จะทำได้, เกินกำลัง."
เหลือเฟือ 0,ว.,"มากเกินต้องการ, มากเกินพอดี."
เหลือม 0,น.,ชื่องูขนาดใหญ่ชนิด Python reticulates (Schneider) ในวงศ์ Pythonidae ตัวโตเรียวยาว ลายสีนํ้าตาลเหลือง ยาวได้ถึง ๑๐ เมตร ที่กลางหัวมีเส้นสีดำซึ่งมักเรียกว่า ศรดำ ออกหากินในเวลากลางคืน ไม่มีพิษ เป็นงูที่มีขนาดใหญ่ที่สุดในโลก.
เหลื่อม 0,ว.,"เลยไป, ลํ้าไป, ลํ้ากัน, ไม่เสมอกัน."
เหลือมดิน 0,น.,"ชื่องูขนาดเล็กถึงขนาดกลางชนิด Xenopeltis unicolor Boie ในวงศ์ Xenopeltidae ยาว ๘๐-๑๒๕ เซนติเมตร หัวแบน ตาเล็ก ลำตัวสีนํ้าตาลม่วงเป็นมันวาวเมื่อถูกแสง ท้องขาว พบอาศัยอยู่ใต้ผิวดินหรือใต้กองหญ้า กองฟางที่มีความชื้น ออกหากินเวลากลางคืน กินสัตว์ขนาดเล็ก เช่น หนู กิ้งก่า งู ไม่มีพิษ, เหลือมดิน ก็เรียก."
เหลือมน้ำ 0,ว.,"ชื่องูนํ้าขนาดกลางชนิด Homalopsis buccata (Linn.) ในวงศ์ Colubridae ลำตัวยาวประมาณ ๑.๓ เมตร หัวใหญ่ ด้านบนมีแถบสีน้ำตาลเหลืองพาดขวาง ปากกว้าง เกล็ดมีสัน ตัวสีน้ำตาลแดง มักพบอาศัยอยู่ตามริมคลอง บึง และหนองน้ำ หากินเวลากลางคืน กินปลาและสัตว์สะเทินน้ำสะเทินบกเป็นอาหาร มีพิษอ่อนมาก, หัวกะโหลก เหลือมอ้อ เหลือมน้ำ หรือ เห่าน้ำ ก็เรียก."
เหลื่อมล้ำต่ำสูง 0,ว.,ไม่เท่าเทียมกัน เช่น มีฐานะทางสังคมเหลื่อมล้ำต่ำสูงกว่ากัน.
เหลือมอ้อ 0,ว.,"ชื่องูนํ้าขนาดกลางชนิด Homalopsis buccata (Linn.) ในวงศ์ Colubridae ลำตัวยาวประมาณ ๑.๓ เมตร หัวใหญ่ ด้านบนมีแถบสีน้ำตาลเหลืองพาดขวาง ปากกว้าง เกล็ดมีสัน ตัวสีน้ำตาลแดง มักพบอาศัยอยู่ตามริมคลอง บึง และหนองน้ำ หากินเวลากลางคืน กินปลาและสัตว์สะเทินน้ำสะเทินบกเป็นอาหาร มีพิษอ่อนมาก, หัวกะโหลก เหลือมอ้อ เหลือมน้ำ หรือ เห่าน้ำ ก็เรียก."
เหลือมือ 0,ว.,"มากเกินที่จะทำได้หมด, มากเกินที่จะควบคุมดูแลได้ทั่วถึง."
เหลือรับ 0,ว.,มากเกินที่จะรับได้.
เหลือร้าย 0,ว.,ร้ายมาก.
เหลือล้น 0,ว.,"มากมาย, มากเกินไป."
เหลือวิสัย 0,ว.,"พ้นขอบเขตที่จะพึงทำ, พ้นความสามารถ."
เหลือสติกำลัง 0,ว.,"พ้นความสามารถ เช่น เหลือกำลังลาก, เต็มที เช่น ซนเหลือกำลัง."
เหลือแสน 0,ว.,"มากยิ่ง เช่น ร้ายเหลือแสน, มั่งมีเหลือแสน."
เหลือหลอ 0,ว.,"หลงเหลืออยู่ เช่น รถชนกันอย่างนี้ จะมีอะไรเหลือหลอเล่า, ถ้าใช้ในความปฏิเสธหมายความว่า หมดเกลี้ยง เช่น กินเสียจนไม่มีอะไรเหลือหลอ."
เหลือหลาย 0,ว.,"มากมาย, มากเกินไป."
เหลือแหล่ 0,ว.,"มากมาย, มากเกินไป."
เหลืออด 0,ว.,"สุดที่จะกลั้นได้, สุดที่จะอดทนได้, สุดที่จะระงับอารมณ์ได้."
เหลืออดเหลือทน 0,ว.,"สุดที่จะกลั้นได้, สุดที่จะอดทนได้, สุดที่จะระงับอารมณ์ได้."
เหว 0,น.,"ช่องลึกลงไปในภูเขา, ช่องลึกหว่างเขา."
เหว่ 0,ว.,"เปล่า, เปลี่ยว, เช่น เหว่ใจ."
เหวง 0,ว.,"มาก, เป็นคำใช้ประกอบคำ เบา เป็น เบาเหวง หมายความว่า เบามาก."
เหวทะเล 0,น.,"ส่วนที่ลึกมากของผืนท้องทะเลและมหาสมุทร มีขอบสูงชันและมีบริเวณจำกัด โดยทั่วไปกำหนดความลึกตั้งแต่ ๕,๔๐๐ เมตรลงไป."
เหวย 0,ว.,คำที่ใช้ประกอบข้อความที่มีความหมายในเชิงถามหรือชักชวนเป็นต้น เช่น ใครเล่าเหวยจะไปกับพวกเราบ้าง มาละเหวยมาละวา.
เหวย ๆ 0,อ.,คำร้องเรียกแสดงว่ามีอำนาจหรือแสดงความดูหมิ่นเหยียดหยามเป็นต้น เช่น เหวย ๆ เจ้าเด็กน้อย.
เหวย ๆ 1,ว.,เสียงร้องเรียกที่ได้ยินแต่ที่ไกล เช่น ได้ยินเสียงใครมาร้องเรียกอยู่เหวย ๆ.
เหวอะ 0,ว.,กว้างใหญ่และลึก (ใช้แก่แผล).
เหวอะหวะ 0,ว.,กว้างใหญ่และลึก (ใช้แก่แผล).
เหวี่ยง 0,ก.,ซัดเบี่ยงไป.
เหวี่ยงแห 0,ว.,ทำคลุม ๆ เช่น พูดเหวี่ยงแห.
เห่อ 0,ว.,เป็นผื่นเป็นเม็ดผุดขึ้นมากเป็นพืดไปตามผิวหนัง เช่น มีผื่นเห่อขึ้นเต็มตัว.
เห่อ 1,ก.,"แสดงอาการตื่นเต้นยินดีมากจนออกนอกหน้า เช่น เห่อรถ เห่อเสื้อผ้าใหม่, ลำพองใจ เช่น เห่อยศ เห่ออำนาจ."
เห่อเหิม 0,ว.,"มีใจกำเริบทะเยอทะยาน, เหิมเห่อ ก็ว่า."
เหอะ 0,ว.,เถอะ.
เหอะ 1,ว.,เปรอะ เช่น ราขึ้นเหอะ
เหอะ 2,ว.,ขรุขระ เช่น หน้าเป็นสิวเหอะ.
เหอะน่า 0,*ว.,"เถอะน่า, คำประกอบท้ายกริยาแสดงความหมายเป็นเชิงชักชวนหรือวิงวอนเป็นต้น, เฮอะน่า ก็ว่า."
เหะ 0,ว.,เละ ใช้แก่กริยาเมา ในคำว่า เมาเหะ.
เหะหะ 0,ว.,มีเสียงอึกทึกอย่างคนเมาเหล้า.
เหา 0,น.,ชื่อแมลงขนาดเล็กหลายชนิด หลายสกุล หลายวงศ์ ในอันดับ Anoplura ส่วนใหญ่ตัวยาวไม่เกิน ๕ มิลลิเมตร ตัวแบน หัวแคบกว่าอกและยื่นไปข้างหน้าเห็นได้ชัด ตาเล็กมาก บางชนิดตาไม่เจริญ อกไม่แยกเป็นปล้องให้เห็นปลายขามีเล็บและหนามใช้ช่วยในการยึดขนหรือผม ปากเป็นชนิดเจาะดูด ดูดกินเลือดคนและสัตว์ อาศัยอยู่ตามบริเวณที่มีขนหรือผม ที่อยู่บนศีรษะของคนเป็น ชนิด Pediculus humanus capitis De Geer ในวงศ์ Pediculidae.
เห่า 0,ก.,อาการส่งเสียงสั้น ๆ ของหมา.
เหา 1,น.,"ชื่อปลาทะเลทุกชนิดในวงศ์ Echeneidae เช่น สกุล Echeneis และ Remora มีลักษณะเฉพาะเด่นกว่าปลาอื่น ๆ ทั้งหมด คือ ที่ด้านบนของส่วนหัวมีแผ่นเกาะติดรูปวงรีลักษณะเป็นซี่เรียงตัวในแนวขวางคล้ายบานเกล็ด ใช้เป็นส่วนยึดเกาะแน่นกับปลาหรือสัตว์อื่นที่มีขนาดใหญ่กว่าหรือวัตถุลอยนํ้า ปากเชิดขึ้นอยู่ปลายสุดของหัว ที่พบเสมอได้แก่ ชนิด E. naucrates (Linn.) ขนาดยาวได้ถึง ๖๐ เซนติเมตร, เหา เหาทะเล หรือ เหาฉลาม ก็เรียก."
เห่า 1,น.,"ชื่องูพิษรุนแรงขนาดกลาง ในสกุล Naja วงศ์ Elapidae ขนาดยาวประมาณ ๑.๓-๒ เมตร พบหลายสีต่างกันไปในแต่ละตัว เช่น ดำ นํ้าตาล เขียวอมเทา เหลืองหม่น บางตัวมีลายสีขาวและบางตัวไม่มีลาย สามารถยกตัวท่อนหัวตั้งขึ้นและแผ่บริเวณคอกว้างออกได้ เรียกว่า แผ่แม่เบี้ย ขณะแผ่แม่เบี้ยจะเห็นลายดอกจันบริเวณกลางหัวด้านหลัง ทำเสียงขู่พ่นลมออกทางจมูกดังฟู่ ๆ อาศัยอยู่ตามที่ลุ่ม กินหนู กบ เขียด ลูกไก่ ในประเทศที่พบแล้ว มี ๓ ชนิด คือ เห่าไทย (N. kaouthiaLesson) ส่วนตัวที่มีสีคลํ้า เรียก เห่าหม้อ, เห่าด่างพ่นพิษ (N. siamensis Laurenti) และเห่าทองพ่นพิษ (N. sumatrana Müller) ซึ่งสามารถพ่นฉีดพิษออกจากเขี้ยวพิษได้."
เหาจะกินหัว 0,*ก.,ทำตัวอาจเอื้อมหรือเอาอย่างเจ้านายหรือผู้สูงศักดิ์ ถือว่าเป็นอัปมงคล เช่น ทำตัวเทียมเจ้าระวังเหาจะขึ้นหัวนะ.
เหาจะขึ้นหัว 0,*ก.,ทำตัวอาจเอื้อมหรือเอาอย่างเจ้านายหรือผู้สูงศักดิ์ ถือว่าเป็นอัปมงคล เช่น ทำตัวเทียมเจ้าระวังเหาจะขึ้นหัวนะ.
เหาฉลาม 0,น.,"ชื่อปลาทะเลทุกชนิดในวงศ์ Echeneidae เช่น สกุล Echeneis และ Remora มีลักษณะเฉพาะเด่นกว่าปลาอื่น ๆ ทั้งหมด คือ ที่ด้านบนของส่วนหัวมีแผ่นเกาะติดรูปวงรีลักษณะเป็นซี่เรียงตัวในแนวขวางคล้ายบานเกล็ด ใช้เป็นส่วนยึดเกาะแน่นกับปลาหรือสัตว์อื่นที่มีขนาดใหญ่กว่าหรือวัตถุลอยนํ้า ปากเชิดขึ้นอยู่ปลายสุดของหัว ที่พบเสมอได้แก่ ชนิด E. naucrates (Linn.) ขนาดยาวได้ถึง ๖๐ เซนติเมตร, เหา เหาทะเล หรือ เหาฉลาม ก็เรียก."
เหาทะเล 0,น.,"ชื่อปลาทะเลทุกชนิดในวงศ์ Echeneidae เช่น สกุล Echeneis และ Remora มีลักษณะเฉพาะเด่นกว่าปลาอื่น ๆ ทั้งหมด คือ ที่ด้านบนของส่วนหัวมีแผ่นเกาะติดรูปวงรีลักษณะเป็นซี่เรียงตัวในแนวขวางคล้ายบานเกล็ด ใช้เป็นส่วนยึดเกาะแน่นกับปลาหรือสัตว์อื่นที่มีขนาดใหญ่กว่าหรือวัตถุลอยนํ้า ปากเชิดขึ้นอยู่ปลายสุดของหัว ที่พบเสมอได้แก่ ชนิด E. naucrates (Linn.) ขนาดยาวได้ถึง ๖๐ เซนติเมตร, เหา เหาทะเล หรือ เหาฉลาม ก็เรียก."
เหาน้ำ 0,น.,"ชื่อสัตว์ขาปล้องหลายชนิด หลายสกุล หลายวงศ์ ในอันดับ Isopoda ที่เป็นปรสิตของสัตว์น้ำ ส่วนใหญ่ลำตัวยาวรีค่อนข้างแบน ที่สำคัญคือ มีหนวด ๒ คู่ และมีตาแบบไม่มีก้านตา ส่วนอกมี ๗ ปล้อง แต่ละปล้องมีรยางค์คล้ายขา ๑ คู่ ส่วนท้องมี ๖ ปล้อง มีรยางค์ว่ายน้ำ ๕ คู่ ลำตัวมีขนาดแตกต่างกันตั้งแต่ ๕-๒๕ มิลลิเมตร และมีสีแตกต่างกัน เช่น นวล น้ำตาล ดำ ปากเป็นชนิดแทงดูด พบเกาะสัตว์น้ำหลายชนิด เช่น ปลา กุ้ง ปู ที่พบในน้ำจืด เช่น ในสกุล Alitropus วงศ์ Aegidae, ในน้ำเค็ม เช่น ในสกุล Livonecaวงศ์ Cymothoidae."
เห่าน้ำ 0,น.,"ชื่องูนํ้าขนาดกลางชนิด Homalopsis buccata (Linn.) ในวงศ์ Colubridae ลำตัวยาวประมาณ ๑.๓ เมตร หัวใหญ่ ด้านบนมีแถบสีน้ำตาลเหลืองพาดขวาง ปากกว้าง เกล็ดมีสัน ตัวสีน้ำตาลแดง มักพบอาศัยอยู่ตามริมคลอง บึง และหนองน้ำ หากินเวลากลางคืน กินปลาและสัตว์สะเทินน้ำสะเทินบกเป็นอาหาร มีพิษอ่อนมาก, หัวกะโหลก เหลือมอ้อ เหลือมน้ำ หรือ เห่าน้ำ ก็เรียก."
เหาไม้ 0,น.,"ชื่อแมลงหลายชนิดหลายสกุล ในอันดับ Psocoptera ขนาดเล็กมาก ตัวยาว ๑-๒ มิลลิเมตร ลำตัวอ่อนมาก มักมีสีขาว อาจพบได้ทั้งชนิดมีปีกและไม่มีปีก ชนิดมีปีก ปีกมี ๒ คู่ เป็นแผ่นบางใส ขณะหุบปีกคลุมตัวเป็นรูปคล้ายหลังคา อาศัยอยู่ตามกองกระดาษ หนังสือ เศษขยะเก่า ๆ ในบ้าน ที่เก็บของในพิพิธภัณฑ์ต่าง ๆ ตามเปลือกไม้หรือบริเวณตามตะไคร่นํ้านอกบ้าน ที่อยู่ตามหนังสือเรียก เหาหนังสือ เช่น ชนิด Psocatropos microps (Enderlein) ในวงศ์ Psyllipsocidae, เลือดไม้ หรือ เหาไม้ ก็เรียก."
เหาะ 0,ก.,เคลื่อนที่ไปในอากาศด้วยฤทธิ์.
เหิน 0,ก.,"บินอยู่ในระยะสูง เช่น หงส์เหิน นกเขาเหิน, ร่อนอยู่ในระยะสูง เช่น นกนางแอ่นเหินลม."
เหินห่าง 0,ก.,"ไม่สนิทสนมดังเก่า, ไม่ค่อยได้ไปมาหาสู่หรือติดต่อกันเหมือนเดิม, จืดจาง, เช่น ทำตัวเหินห่าง, ห่างเหิน ก็ว่า."
เหินหาว 0,ก.,บินหรือเหาะไปในอากาศในระยะสูง.
เหินเห่อ 0,ก.,ค้างเติ่ง.
เหิม 0,ว.,"กำเริบ, ลำพองใจ, มักใช้เข้าคู่กับคำอื่น เช่น เหิมเกริม เหิมหาญ เหิมห้าว เหิมฮึก."
เหิมเกริม 0,ก.,กำเริบเสิบสาน.
เหิมหาญ 0,ว.,ลำพองใจด้วยความกล้าหาญ.
เหิมห้าว 0,ว.,"ลำพองใจด้วยความมุทะลุดุดัน, ลำพองใจด้วยความแข็งกร้าว."
เหิมเห่อ 0,ว.,"มีใจกำเริบทะเยอทะยาน, เห่อเหิม ก็ว่า."
เหิมฮึก 0,ว.,"ลำพองใจด้วยความคะนอง, ฮึกเหิม ก็ว่า."
เหี้ย 0,น.,"ชื่อสัตว์เลื้อยคลานขนาดใหญ่ชนิด Varanus salvator (Laurenti) ในวงศ์ Varanidae เป็นสัตว์สกุลเดียวกับตะกวด โตเต็มวัยยาวได้ถึง ๒.๕ เมตร ตัวอ้วนใหญ่สีน้ำตาลเข้ม มีลายดอกสีเหลืองพาดขวาง หางยาว อาศัยและหากินบริเวณใกล้นํ้า, ตัวเงินตัวทอง หรือ แลน ก็เรียก."
เหียง 0,น.,ชื่อไม้ต้นขนาดใหญ่ชนิด Dipterocarpus obtusifoliusTeijsm. ex Miq. ในวงศ์ Dipterocarpaceae เนื้อไม้ใช้ในการก่อสร้าง.
เหียงกราด 0,น.,"ชื่อไม้ต้นขนาดใหญ่ชนิด Dipterocarpus intricatus Dyer ในวงศ์ Dipterocarpaceae ขึ้นในป่าเต็งรัง ต้นมียางเหนียว เจาะเอานํ้ามันยางได้, ยางกราด เหียงกราด ตะแบง หรือ สะแบง ก็เรียก."
เหี้ยน 0,ก.,"กร่อนไปเกือบหมดหรือหมด, ตัดหมด."
เหียน 0,ก.,หัน เช่น เหียนใบเรือ.
เหียน 1,ก.,"มีอาการพะอืดพะอมคล้ายจะคลื่นไส้ เช่น รู้สึกเหียน ๆ, มักใช้เข้าคู่กับคำ คลื่น เป็น คลื่นเหียน."
เหียน ๆ 0,ก.,"มีอาการพะอืดพะอมคล้ายจะคลื่นไส้ เช่น รู้สึกเหียน ๆ, มักใช้เข้าคู่กับคำ คลื่น เป็น คลื่นเหียน."
เหียนราก 0,ก.,มีอาการจะอาเจียน.
เหียนหัน 0,ก.,"เปลี่ยนท่าทาง, พลิกแพลง, หันเหียน ก็ว่า."
เหี้ยม 0,ว.,"แข็งกระด้างปราศจากเมตตากรุณา, ไม่ปรานี"
เหี้ยม 1,ว.,ดุร้ายหมดความกลัว.
เหี้ยม 2,น.,เหตุ เช่น เหี้ยมนั้นจึงหากให้ ฉัตรหัก เหนแฮ (ตะเลงพ่าย).
เหี้ยมเกรียม 0,ว.,"ใจดำ, ปราศจากใจกรุณา"
เหี้ยมเกรียม 1,ว.,ดุร้าย เช่น หน้าตาเหี้ยมเกรียม.
เหี้ยมหาญ 0,ว.,"เข้มแข็งกล้าหาญเด็ดขาด, ห้าวหาญปราศจากความปรานี."
เหี้ยมโหด 0,ว.,"ดุร้ายทารุณ, โหดเหี้ยม ก็ว่า."
เหี่ยว 0,ว.,"ไม่สดชื่นเพราะขาดน้ำ เช่น ดอกไม้เหี่ยว, ค่อยแห้งไป เช่น ส้มโอเหี่ยว, ไม่เต่งตึง เช่น หนังเหี่ยว"
เหี่ยว 1,ว.,สลด เช่น ใจเหี่ยว.
เหี่ยวแห้ง 0,ว.,เหี่ยวแล้วค่อย ๆ แห้งไป เช่น ใบไม้เหี่ยวแห้ง.
เหี่ยวแห้ง 1,ก.,"ขาดความสดชื่นเพราะหดหู่ใจ เช่น จิตใจเหี่ยวแห้ง, แห้งเหี่ยว ก็ว่า."
เหื่อ 0,น.,เหงื่อ.
เหือด 0,น.,"โรคติดต่อที่เกิดจากเชื้อไวรัส มีอาการไข้ ต่อมนํ้าเหลืองที่คอโต ออกผื่นแดงทั่วตัวคล้ายโรคหัด แต่อาการไม่รุนแรงเท่า มีผลรุนแรงต่อทารกในครรภ์ระยะ ๓ เดือนแรก, หัดเยอรมัน ก็เรียก."
เหือด 1,ก.,"ซาลง เช่น ไข้เหือดแล้ว, ค่อยแห้งหายไปในคำว่า เหือดหาย เหือดแห้ง แห้งเหือด."
เหือดหาย 0,ก.,"แห้งหายไป, หมดไป."
เหือดแห้ง 0,ก.,"ค่อยแห้งหายไป, แห้งเหือด ก็ว่า."
แห่ 0,น.,ขบวนที่ไปพร้อมกันด้วยวัตถุประสงค์อย่างใดอย่างหนึ่ง อาจมีการตกแต่งหรือมีดนตรีประกอบเป็นต้น เช่น แห่นาค แห่ขันหมาก แห่ศพ.
แห่ 1,ก.,ไปกันเป็นพวกเป็นหมู่มาก ๆ.
แห้ 0,ว.,"เสียงอย่างเสียงหมาคำราม, เขียนเป็น แฮ่ ก็มี."
แห 0,น.,ชื่อเครื่องจับปลาชนิดหนึ่ง ถักเป็นตาข่าย ใช้ทอดแผ่ลงในนํ้าแล้วค่อย ๆ ดึงขึ้นมา.
แห 1,ว.,"เปรียว, ไม่เชื่อง."
แห 2,ว.,ใช้เข้าคู่กับคำ ห่าง เป็น ห่างแห หรือแหห่าง เช่น กระแหแหห่างชาย ดั่งสายสวาทคลาดจากสม (เห่เรือ).
แห 3,น.,กุ้งแห. (ดู กะต่อม).
แหก 0,ก.,"แยกออก, ถ่างออก, ทำให้อ้าออก, เช่น แหกขา, ใช้กำลังฟันฝ่าออกไป เช่น แหกคุก กองทหารตีแหกวงล้อมข้าศึกออกไป."
แหกขี้ตา 0,ก.,รีบร้อน เช่น แหกขี้ตามาแต่เช้า.
แหกคอก 0,ก.,ประพฤติตัวผิดเหล่าผิดกอหรือผิดขนบธรรมเนียมประเพณีที่เคยประพฤติปฏิบัติกันมา (มักใช้ในเชิงตำหนิ).
แหกตา 0,ก.,"ใช้มือถ่างเปลือกตาออก, โดยปริยายหมายความว่า ลืมตา (ใช้ในเชิงประชด) เช่น แหกตาดูเสียบ้างซิ, หลอก เช่น ถูกแม่ค้าแหกตา."
แหกปาก 0,ก.,ตะเบ็งเสียง.
แหง่ 0,น.,"เรียกลูกควายตัวเล็ก ๆ ตามเสียงที่มันร้องว่า ลูกแหง่, ลูกกะแอ หรือ ลูกหม่อ ก็เรียก"
แหง่ 1,น.,"เรียกเด็กตัวเล็ก ๆ ว่า ลูกแหง่, (ปาก) เรียกเหรียญกระษาปณ์อันเล็ก ๆ ว่า ลูกแหง่, โดยปริยายเรียกคนที่โตแล้วแต่ยังติดพ่อติดแม่เป็นต้นหรือยังทำอ้อนเหมือนเด็กเล็ก ๆ ว่า ลูกแหง่."
แห่ง 0,น.,"ที่, มักใช้ซ้อนกับคำอื่น ในคำว่า แห่งหนตำบลใด ตำแหน่งแห่งที่, ลักษณนาม เช่น มีที่ดินอยู่หลายแห่ง."
แห่ง 1,บ.,ของ เช่น หอสมุดแห่งชาติ.
แห้ง 0,ว.,"ไม่มีนํ้า, หมดนํ้า, เช่น คลองแห้ง โอ่งแห้ง, ไม่เปียก เช่น ผ้าแห้ง, ที่ไม่ใส่น้ำ เช่น ก๋วยเตี๋ยวแห้ง บะหมี่แห้ง, ไม่สด เช่น ใบไม้แห้ง"
แห้ง 1,ว.,ที่อาจเก็บไว้บริโภคได้นาน เช่น ของแห้ง หอมแห้ง พริกแห้ง
แห้ง 2,ว.,ไม่แจ่มใส เช่น หน้าแห้ง ยิ้มแห้ง
แห้ง 3,ว.,ขาดความชุ่มชื้น เช่น ผิวแห้ง ปากแห้ง จมูกแห้ง
แห้ง 4,ว.,"โดยปริยายหมายความว่า ฝืดเคือง, อดอยาก, ในคำว่า ไส้แห้ง กระเป๋าแห้ง."
แหง 0,ว.,อาการของหน้าที่แสดงความเก้อหรือจนปัญญา ในคำว่า หน้าแหง
แหง 1,ว.,ค้างอยู่ เช่น ยิงฟันแหง คอยแหง.
แหง 2,ว.,"แน่, แน่นอน, เช่น ชนะแหง ตายแหง ๆ."
แหง ๆ 0,ว.,"แน่, แน่นอน, เช่น ชนะแหง ตายแหง ๆ."
แหงแก๋ 0,ว.,"แน่, แน่นอน, สิ้นสงสัย, เช่น ตายแหงแก๋ แพ้แหงแก๋."
แหงน 0,ก.,"หงายหน้าขึ้น, เงยขึ้น."
แหงนคอตั้งบ่า 0,ก.,เงยเต็มที่.
แหงนเต่อ 0,ว.,ค้างอยู่
แหงนเต่อ 1,ว.,"โดยปริยายหมายความว่า เก้อ, ไม่สมปรารถนา."
แหงนเถ่อ 0,ว.,ค้างอยู่
แหงนเถ่อ 1,ว.,"โดยปริยายหมายความว่า เก้อ, ไม่สมปรารถนา."
แห้งผาก 0,ว.,"แห้งอย่างไม่มีความชื้นปนอยู่, แห้งสนิท."
แห้งแล้ง 0,ว.,"ปราศจากความสดชื่น, ปราศจากความชุ่มชื้น."
แห้งเหี่ยว 0,ก.,"ขาดความสดชื่นเพราะหดหู่ใจ เช่น จิตใจแห้งเหี่ยว, เหี่ยวแห้ง ก็ว่า."
แห้งเหือด 0,ก.,"ค่อยแห้งหายไป, เหือดแห้ง ก็ว่า."
แห้น 0,ก.,"แทะ, กัดด้วยฟันหน้า."
แหน 0,ก.,ใช้เข้าคู่กับคำอื่น ในคำว่า หวงแหน แห่แหน เฝ้าแหน.
แหน 1,ก.,ปิด เช่น ตูจะให้สูงทั้งหลายฆ่า ว่าผู้ดูชาดูแคลน แหนความเราจงมิด ปิดความเราจงทั่ว (ลอ).
แหน 2,น.,ชื่อไม้ต้นหลายชนิดในสกุล Terminalia วงศ์ Combretaceae เช่น แหนนา (T. glaucifoliaCraib).
แหน 3,น.,"ชื่อไม้นํ้าหลายชนิดในวงศ์ Lemnaceae ใบกลมเล็ก ๆ ลอยอยู่ตามนํ้านิ่ง เช่น แหนเล็ก (Lemna aequinoctialisWelw.) แหนใหญ่ [Spirodela polyrrhiza (L.) Schleid.], แหนแดง ก็เรียก."
แหนง 0,ก.,"หมาง, ระแวง, เช่น แหนงกัน คือ หมางใจกัน แหนงความ คือ ระแวงความ."
แหนง 1,น.,พิธีทางไสยศาสตร์อย่างหนึ่งที่ทำให้ผู้หญิงไม่ได้แต่งงานตลอดไป.
แหนงใจ 0,ก.,"หมางใจ, ระแวงแคลงใจ."
แหนงหน่าย 0,ก.,"ระอาเพราะหมางใจหรือแคลงใจเป็นต้น, หน่ายแหนง ก็ว่า."
แหนแดง 0,น.,ชื่อเฟินน้ำ ๒ ชนิดในสกุล Azolla วงศ์ Azollaceae คือ ชนิด A. caroliniana Willd. และชนิด A. pinnata R. Br.
แหนแดง 1,น.,"ชื่อไม้นํ้าหลายชนิดในวงศ์ Lemnaceae ใบกลมเล็ก ๆ ลอยอยู่ตามนํ้านิ่ง เช่น แหนเล็ก (Lemna aequinoctialisWelw.) แหนใหญ่ [Spirodela polyrrhiza (L.) Schleid.], แหนแดง ก็เรียก."
แหนบ 0,น.,เครื่องสำหรับถอนหนวดถอนคิ้วเป็นต้น รูปคล้ายคีมเล็ก ๆ
แหนบ 1,น.,แผ่นเหล็กขนาดยาวต่าง ๆ กันซ้อนกัน หรือชิ้นเหล็กที่ขดเวียนเป็นวง สำหรับรับความสะเทือนหรือบังคับความเร็วเป็นต้น เช่น แหนบรถยนต์
แหนบ 2,น.,เครื่องระลึกที่ใช้เสียบปากกระเป๋าบนของเสื้อนอก
แหนบ 3,น.,ซองบรรจุกระสุนปืนเป็นตับ
แหนบ 4,น.,ลักษณนามเรียกของบางอย่างเช่นซองธูปหรือใบตองที่พับ เช่น ธูปแหนบหนึ่ง ใบตอง ๒ แหนบ.
แหนบ 5,ก.,"กิริยาที่เอาของ ๒ สิ่งหนีบอย่างแหนบ, เอานิ้วมือบีบทำนองหยิกแต่ไม่ใช้เล็บ"
แหนบ 6,ก.,กิริยาที่สัตว์บางชนิดกัดไม่ถนัดหรือกัดหยอก ๆ เช่น หมาแหนบ แมวแหนบ
แหนบ 7,ก.,โดยปริยายหมายความว่า เม้มเอาไว้
แหนบ 8,ก.,"เหน็บแนม, กระแหนะกระแหน, (ใช้แก่กริยาพูด)."
แหนม 0,น.,อาหารอย่างหนึ่ง ทำด้วยหมู หมักให้เปรี้ยว.
แหน็ว 0,ว.,"ตรง, ไม่คดเคี้ยว, เช่น ยืนตัวตรงแหน็ว ถนนสายนี้ตรงแหน็วไปถึงบ้านฉัน."
แหบ 0,ว.,"ลักษณะของเสียงที่แห้งไม่แจ่มใส, เรียกชื่อของกลุ่มเสียงที่บีบให้สูงเป็นพิเศษของเครื่องดนตรีประเภทเครื่องเป่า โดยเฉพาะปี่ใน ว่า เสียงแหบ."
แหม่ 0,ว.,เสียงขู่เด็กเล็ก ๆ ให้กลัว.
แหม 0,น.,ปลอกรัดสิ่งของบางอย่าง เช่นลำกล้องปืนยาวแบบโบราณให้ติดกับราง ด้ามมีด ด้ามสิ่ว ไม้กวาดทางมะพร้าว.
แหม 1,ว.,เสียงที่เปล่งออกมาให้รู้สึกว่าเป็นการแปลกเป็นต้น.
แหม่ม 0,น.,คำเรียกหญิงฝรั่ง.
แหมะ 0,ก.,นั่งหรือวางของทิ้งไว้ชั่วคราว เช่น เดินมาจนเหนื่อยเลยแหมะอยู่ที่โคนต้นไม้ก่อน เอาของแหมะไว้ตรงนี้อีกแล้ว.
แหมะ 1,ว.,อาการที่นั่งหรือวางของทิ้งไว้ชั่วคราว เช่น นั่งแหมะ วางของแหมะ.
แหมะ 2,ว.,เสียงดังอย่างเสียงน้ำหยด.
แหมะ ๆ 0,ว.,เสียงดังอย่างเสียงน้ำหยด.
แหย 0,ว.,อาการที่ไม่สู้ใครหรือเก้ออาย.
แหย่ 0,ก.,เอานิ้วมือหรือปลายไม้เป็นต้นแยงเข้าไป
แหย่ 1,ก.,"เย้า, ทำให้เกิดความรำคาญหรือไม่สงบอยู่ได้"
แหย่ 2,ก.,ลองดูชั้นเชิง.
แหยง 0,ก.,"ขยาด, ย่อท้อ, ไม่คิดสู้, เช่น พอเห็นหน้าก็แหยงเสียแล้ว."
แหยง 1,ว.,"อาการที่รู้สึกขยาด ย่อท้อหรือไม่คิดสู้, แหยง ๆ ก็ว่า, เช่น รู้สึกแหยง ๆ."
แหย่ง 0,น.,"สัปคับ, ที่สำหรับนั่งผูกติดบนหลังช้าง, แหย่งช้าง ก็เรียก."
แหยม 0,น.,"ปอยผมที่เอาไว้เป็นกระจุก, ส่วนของจุกที่แยกออกเป็นปอย ๆ ก่อนประกอบพิธีโกนจุก, เรียกหนวดที่เอาไว้แต่ ๒ ข้างริมฝีปาก ว่า หนวดแหยม."
แหย็ม 0,ก.,เข้าไปยุ่งด้วยโดยไม่มีหน้าที่เกี่ยวข้อง เช่น เรื่องของผู้ใหญ่ เด็กอย่างเราอย่าไปแหย็ม.
แหยะ 0,ว.,ไม่น่ากินไม่น่าแตะต้องเพราะแฉะ
แหยะ 1,ว.,อาการที่เคี้ยวข้าวเคี้ยวหมากเป็นต้นอย่างเนิบ ๆ.
แหยะ ๆ 0,ว.,ไม่น่ากินไม่น่าแตะต้องเพราะแฉะ
แหยะ ๆ 1,ว.,อาการที่เคี้ยวข้าวเคี้ยวหมากเป็นต้นอย่างเนิบ ๆ.
แหล่ 0,ว.,มาก เช่น เหลือแหล่ หลายแหล่.
แหล่ 1,น.,ตอนหนึ่งหรือบทหนึ่งในเทศน์มหาชาติซึ่งลงท้ายด้วยคำว่า แล เช่น นั้นแล นั่นแล.
แหล่ 2,ก.,เทศน์มหาชาติเป็นทำนองตามแบบในแต่ละกัณฑ์.
แหลก 0,ว.,"เป็นชิ้นเล็กชิ้นน้อย เช่น ข้าวแหลก, ละเอียดเป็นผง เช่น บดยาให้แหลก, ป่นปี้ เช่น ตีกันแหลก."
แหลกลาญ 0,ว.,"ย่อยยับ, แตกทลาย, พังทลาย."
แหลกเหลว 0,ว.,"ป่นปี้, ไม่มีชิ้นดี, ไม่เป็นชิ้นเป็นอัน."
แหล่ง 0,น.,"ถิ่น, ที่อยู่, บริเวณ, ศูนย์รวม, บ่อเกิด, แห่ง, ที่."
แหล่งเสื่อมโทรม 0,น.,บริเวณที่คนอาศัยอยู่อย่างแออัด ประกอบด้วยบ้านเรือนที่ทรุดโทรมไม่ถูกสุขลักษณะ.
แหล่งหล้า 0,น.,พื้นแผ่นดิน.
แหลน 0,น.,เครื่องมือใช้แทงปลาเป็นต้น ทำด้วยเหล็กกลมยาว ปลายแหลม มีด้ามยาว
แหลน 1,น.,ชื่อเครื่องกีฬาชนิดหนึ่ง มีลักษณะกลมยาว ปลายแหลม ใช้พุ่งในการแข่งขันกรีฑาประเภทลาน.
แหล่นอก 0,น.,แหล่เรื่องที่อยู่นอกคัมภีร์เทศน์มหาชาติ.
แหล่ใน 0,น.,แหล่ตามคัมภีร์เทศน์มหาชาติ.
แหลม 0,ว.,มีปลายเสี้ยมคม เช่น มีดปลายแหลม
แหลม 1,ว.,"ไว, ฉลาด, เช่น ปัญญาแหลม"
แหลม 2,ว.,ชำนาญจนรู้ได้ทันทีว่าอะไรจริงอะไรไม่จริงเป็นต้น เช่น ตาแหลม
แหลม 3,ว.,มีระดับสูง เช่น เสียงแหลม
แหลม 4,ว.,จัด เช่น รสหวานแหลม.
แหลม 5,น.,แผ่นดินหรือภูเขาที่ยื่นลํ้าออกไปในทะเลหรือมหาสมุทร.
แหลม 6,ก.,ล่วงลํ้า เช่น เขาแหลมเข้ามาในที่ดินของเรา.
แหลมหลัก 0,ว.,"คมคาย เช่น วาจาแหลมหลัก, เฉียบแหลม เช่น ความคิดแหลมหลัก, หลักแหลม ก็ว่า."
แหละ 0,ว.,คำประกอบเพื่อเน้นความ เช่น คนนี้แหละ.
แหว 0,ว.,ลักษณะของเสียงดังที่แสดงอาการดุ.
แหว 1,ก.,แผดเสียงดุ.
แห้ว 0,น.,"ชื่อไม้ล้มลุกมีหัวหลายชนิดหลายสกุลในวงศ์ Cyperaceae ขึ้นตามที่ชื้นแฉะ หัวกินได้ เช่น แห้วจีน [Eleocharis dulcis (Burm. f.) Hensch. var. tuberosa (Roxb.) T. Koyama], แห้วกระดานหรือกกสามเหลี่ยม [Actinoscirpus grossus (L. f.) Goetgh. et D. A. Simpson], แห้วไทย (Cyperus esculentusL.)."
แห้ว 1,น.,"ชื่องูขนาดกลางชนิด Ahaetulla prasina (Boie) ในวงศ์ Colubridae ยาวประมาณ ๑.๓ เมตร หัวและลำตัวเรียวยาว มีหลายสี ส่วนมากสีเขียวปลายหางสีนํ้าตาลแดง มักพบอาศัยบนต้นไม้ หากินเวลากลางวัน ส่วนใหญ่กินกิ้งก่า พบทั่วประเทศไทย มีพิษอ่อนมาก, บางครั้งเรียกชื่อตามสี เช่น ตัวสีส้มเรียก งูง่วงกลางดง ตัวสีเทาเรียก งูกล่อมนางนอน, เขียวหัวจิ้งจก เชือกกล้วย รากกล้วย หรือ แห้ว ก็เรียก."
แหวก 0,ก.,"แยกให้เป็นช่อง, แยกสิ่งที่ปิดบังหรือกีดขวางให้เป็นช่องทาง เช่น แหวกม่าน แหวกหญ้า แหวกผม"
แหวก 1,ก.,ฝ่าสิ่งที่กีดขวางเข้ามาหรือออกไป เช่น แหวกวงล้อมข้าศึก.
แหวกแนว 0,ก.,ทำไม่ซํ้าแบบใคร เช่น เขาชอบแหวกแนว.
แหวกแนว 1,ว.,ที่ชอบทำในสิ่งที่ไม่ซ้ำแบบใคร เช่น เขาเป็นคนแหวกแนว.
แหวกประเพณี 0,ก.,ทำผิดประเพณีที่เคยกระทำกันมา.
แหวกว่าย 0,ก.,"เคลื่อนไปโดยอาศัยกำลังแขน ขาหรือครีบ หาง แหวกไปในน้ำหรือในอากาศ, โดยปริยายหมายถึงเวียนว่ายตายเกิด ในความว่า แหวกว่ายตายเกิดในวัฏสงสาร."
แหว่ง 0,ว.,ไม่เต็มตามที่ควรมี เช่น ปากแหว่ง ตัดผมแหว่ง กินขนมแหว่งไปหน่อย.
แหวด 0,น.,ชื่อเรือแจวชนิดหนึ่ง มีเก๋งรูปยาว ๆ ท้ายโตและสูง เรียก เรือแหวด.
แห้วทรงกระเทียม 0,น.,"ชื่อไม้ล้มลุกชนิด Eleocharis dulcis (Burm.f.) Hensch. var. dulcis ในวงศ์ Cyperaceae ลำต้นกลม มีกาบบาง ๆ หุ้มที่โคน ดอกเป็นกระจุก มีหัวกินได้, แห้งทรงกระเทียม ก็เรียก."
แหวน 0,น.,"เครื่องประดับสำหรับสวมนิ้วทำด้วยเงินหรือทองเป็นต้น, เรียกสิ่งอื่นที่มีลักษณะเป็นวง ว่า วงแหวน เช่น ถนนวงแหวน พื้นที่วงแหวน."
แหวนหัว 0,น.,แหวนที่ฝังพลอยเม็ดใหญ่เม็ดเดียวนูนขึ้น.
แห้วหมู 0,น.,"ชื่อไม้ล้มลุกมีหัวชนิด Cyperus rotundus L. ในวงศ์ Cyperaceae หัวมีกลิ่นฉุน ใช้ทำยาได้, หญ้าแห้วหมู ก็เรียก."
แหวะ 0,ก.,เอาสิ่งที่มีคมกรีดให้เป็นช่องตามที่ต้องการ เช่น แหวะท้องปลา
แหวะ 1,ก.,อาการที่เด็กเล็ก ๆ สำรอกอาหารหรือยาออกมา.
แหวะ 2,น.,อาหารหรือยาที่ล้นกระเพาะเด็กเล็ก ๆ ออกมาทางปาก.
แห่ห้อม 0,ก.,แวดล้อมไป.
แห่แหน 0,ก.,ห้อมล้อมระวังกันไปเป็นขบวน เช่น ประชาชนแห่แหนพระพุทธสิหิงค์ไปตามถนน
แห่แหน 1,ก.,ยกพวกกันมามาก ๆ เพื่อวัตถุประสงค์อย่างใดอย่างหนึ่ง เช่น เพื่อนฝูงแห่แหนกันมาเต็มบ้าน.
แหะ 0,ว.,เสียงคนหัวเราะมีเสียงเช่นนั้น.
แหะ 1,ก.,ทำเสียงดังเช่นนั้น เช่น เขาไม่พูดอะไรได้แต่แหะ ๆ.
แหะ ๆ 0,ว.,เสียงคนหัวเราะมีเสียงเช่นนั้น.
แหะ ๆ 1,ก.,ทำเสียงดังเช่นนั้น เช่น เขาไม่พูดอะไรได้แต่แหะ ๆ.
โห่ 0,อ.,เสียงที่เปล่งออกมาดังเช่นนั้น เป็นเสียงนำเพื่อแสดงความพร้อมเพรียงในการรื่นเริงหรือการมงคลเป็นต้น.
โห่ 1,ก.,ทำเสียงเช่นนั้น
โห่ 2,ก.,โดยปริยายหมายความว่า เย้ยให้ โดยทำเสียงเช่นนั้น.
โหก 0,น.,"ช่อง, ระวาง."
โหก 1,ก.,โงกหลับ.
โหง 0,น.,ผี
โหง 1,น.,เรียกการตายผิดธรรมดาโดยอาการร้าย เช่นถูกฆ่าตาย ฆ่าตัวตาย ตกนํ้าตาย ว่า ตายโหง.
โหง 2,ก.,"กระดกขึ้น, ยกขึ้น, เช่น เกวียนโหง."
โหงพราย 0,น.,ผีที่เขาปลุกเสกไว้ใช้.
โหด 0,ว.,"ไร้, ไม่มี, เช่น นกไร้ไม้โหด, ยากไร้ เช่น เพราะเห็นกูโหดหืน แลดูแคลนกูกลใด ด่งงนี้ (ม. คำหลวง มัทรี)."
โหด 1,ว.,"ชั่ว, ร้าย, เช่น ใจโหด"
โหด 2,ว.,ยากมาก เช่น ข้อสอบวิชานี้โหด
โหด 3,ว.,เข้มงวดมาก เช่น ครูคนนี้โหด.
โหดร้าย 0,ว.,ร้ายกาจ.
โหดเหี้ยม 0,ว.,"ดุร้ายทารุณ, เหี้ยมโหด ก็ว่า."
โหน 0,ก.,"เหนี่ยวห้อย, เอามือเหนี่ยวให้ตัวลอยขึ้นไป"
โหน 1,ก.,ประจบประแจง เช่น เขามีนิสัยชอบโหนผู้บังคับบัญชา.
โหนก 0,ว.,นูนยื่นออกมา เช่น หน้าผากโหนก.
โหนกแก้ม 0,น.,ส่วนของแก้มตรงที่มีกระดูกนูนออกมา.
โหน่ง 0,ว.,มีเสียงอย่างเสียงตีฆ้องวง.
โหม- 0,น.,การเซ่นแก่เทพดาของพวกพราหมณ์โดยใช้เนยเผาในไฟ
โหม- 1,น.,"การบูชายัญ, การเซ่นสรวงทั้งปวง."
โหม่ 0,ก.,โผล่ เช่น อย่าโหม่ขึ้นมานะ.
โหม่ 1,ว.,โด่ เช่น นั่งหัวโหม่.
โหม 0,น.,การเซ่นแก่เทพดาของพวกพราหมณ์โดยใช้เนยเผาในไฟ
โหม 1,น.,"การบูชายัญ, การเซ่นสรวงทั้งปวง."
โหม 2,ก.,ระดม เช่น โหมกำลัง โหมไฟ.
โหม 3,น.,ผักโหม. [ดู ขม ๒ (๑)].
โหมกรรม 0,น.,พิธีเซ่นสรวง.
โหมกูณฑ์ 0,น.,พิธีพราหมณ์เกี่ยวแก่การบูชาไฟ.
โหม่ง 0,ก.,"เอาหัวรับหรือกระแทกลูกตะกร้อหรือฟุตบอลเป็นต้น, โดยปริยายหมายถึงอาการที่สิ่งหนึ่งตกลงมากระแทกพื้นอย่างแรง เช่น หัวโหม่งพื้นเครื่องบินโหม่งโลก."
โหม่ง 1,น.,ฆ้องคู่.
โหม่ง 2,ว.,เสียงอย่างเสียงฆ้อง.
โหมด 0,น.,เรียกผ้าชนิดหนึ่งซึ่งเดิมทำด้วยกระดาษทองตัดเป็นเส้นเหมือนเส้นทอง แล้วทอกับไหม ต่อมาใช้กระดาษเงินกระดาษทองพันเส้นไหมทอกับไหมสี ว่า ผ้าโหมด.
โหมดเทศ 0,น.,ผ้าโหมดที่ทำมาจากอินเดีย.
โหมโรง 0,น.,การประโคมดนตรีก่อนมหรสพลงโรง
โหมโรง 1,น.,เพลงเริ่มต้นของการบรรเลงหรือการแสดง เพื่อบอกให้ทราบว่าพิธีหรืองานนั้นได้เริ่มขึ้นแล้ว แบ่งเป็นหลายชนิดตามลักษณะของงานมหรสพที่แสดง และการบรรเลง เช่น โหมโรงเย็น โหมโรงเช้า โหมโรงเทศน์ โหมโรงละคร โหมโรงเสภา.
โหมหัก 0,ก.,"ระดมเข้าไปด้วยกำลังให้แตกหัก, หักโหม ก็ว่า."
โหมฮึก 0,ก.,"ระดมเข้าไปด้วยความคะนอง, ฮึกโหม ก็ว่า."
โหย 0,ก.,"อ่อนกำลัง, อ่อนใจ"
โหย 1,ก.,"ครวญถึง, รํ่าร้อง"
โหย 2,ก.,มักใช้ประกอบคำอื่น ๆ เช่น โหยหา โหยหิว โหยหวน โหยไห้.
โหยกเหยก 0,ว.,"ไม่อยู่กับร่องกับรอย, ไม่แน่นอน, (ใช้แก่การพูด), เช่น พูดจาโหยกเหยก"
โหยกเหยก 1,ว.,"โยเย, ขี้อ้อน, ร้องไห้งอแง, (ใช้แก่เด็ก) เช่น เด็กคนนี้โยเยโหยกเหยกจริง."
โหยง 0,ว.,อาการที่กระโดดโดยฉับไวด้วยดีใจหรือตกใจ เช่น กระโดดโหยง สะดุ้งโหยง.
โหย่ง 0,ก.,"ทำให้สูงขึ้น เช่น โหย่งตัว, ทำสิ่งที่รวมตัวกันให้โปร่งหรือขยายตัวให้หลวมขึ้น เช่น โหย่งฟาง โหย่งผม โหย่งเส้นบะหมี่, กระหย่ง กระโหย่ง หรือ หย่ง ก็ว่า."
โหย่ง 1,ว.,"อาการที่เดินหรือวิ่งไม่เต็มเท้า คือ จดแต่ปลายเท้า เพื่อทำให้ตนสูงขึ้น หรือเพื่อไม่ให้เกิดเสียงดัง เช่น เดินโหย่ง ๆ วิ่งโหย่ง ๆ, เรียกรอยเท้าที่ไม่เต็ม เห็นแต่ปลายเท้าและส้นเท้า ว่า รอยเท้าโหย่ง หรือ รอยเท้าโหย่ง ๆ, อาการที่นั่งเอาปลายเท้าตั้งลงที่พื้น ส้นเท้าทั้ง ๒ รับก้น เรียกว่า นั่งโหย่ง หรือ นั่งโหย่ง ๆ, กระหย่ง กระโหย่ง หย่ง หรือ หย่ง ๆ ก็ว่า."
โหย่ง ๆ 0,ว.,"อาการที่เดินหรือวิ่งไม่เต็มเท้า คือ จดแต่ปลายเท้า เพื่อทำให้ตนสูงขึ้น หรือเพื่อไม่ให้เกิดเสียงดัง เช่น เดินโหย่ง ๆ วิ่งโหย่ง ๆ, เรียกรอยเท้าที่ไม่เต็ม เห็นแต่ปลายเท้าและส้นเท้า ว่า รอยเท้าโหย่ง หรือ รอยเท้าโหย่ง ๆ, อาการที่นั่งเอาปลายเท้าตั้งลงที่พื้น ส้นเท้าทั้ง ๒ รับก้น เรียกว่า นั่งโหย่ง หรือ นั่งโหย่ง ๆ, กระหย่ง กระโหย่ง หย่ง หรือ หย่ง ๆ ก็ว่า."
โหยหวน 0,ว.,ลักษณะของเสียงที่คร่ำครวญด้วยความเสียใจหรือเจ็บปวดเป็นต้น ทำให้รู้สึกวังเวงใจ.
โหยหา 0,ก.,คร่ำครวญถึงบุคคลผู้เป็นที่รักซึ่งพลัดพรากจากไปเป็นต้น.
โหยหิว 0,ก.,รู้สึกอ่อนเพลียเพราะมีความหิวมาก.
โหยไห้ 0,ก.,ร้องไห้ครํ่าครวญถึง.
โหร 0,น.,ผู้พยากรณ์โดยอาศัยการโคจรของดวงดาวเป็นหลัก
โหร 1,น.,ผู้ให้ฤกษ์และพยากรณ์โชคชะตาราศี.
โหรง 0,ว.,"มีน้อย, บางตา, เช่น โหรงตา คนดูโหรงเหรง, โกร๋งเกร๋ง หรือ โกร๋นเกร๋น ก็ว่า."
โหรงเหรง 0,ว.,"มีน้อย, บางตา, เช่น โหรงตา คนดูโหรงเหรง, โกร๋งเกร๋ง หรือ โกร๋นเกร๋น ก็ว่า."
โหรดาจารย์ 0,น.,พราหมณ์พวกหนึ่งมีหน้าที่สวดสดุดีและอาราธนาเทพต่าง ๆ ให้มาร่วมในพิธีบูชาบวงสรวง.
โหระพา 0,น.,ชื่อไม้ล้มลุกชนิด Ocimum basilicum L. ในวงศ์ Labiatae ใบมีกลิ่นฉุน กินได้.
โหรา 0,น.,โหร.
โหรา 1,น.,ผู้พยากรณ์โดยอาศัยการโคจรของดวงดาวเป็นหลัก
โหรา 2,น.,"ชื่อไม้ล้มลุกหลายชนิดหลายสกุลในวงศ์ Araceae เช่น ชนิด Aglaonema brevispathum (Engl.) Engl.,Pycnospatha arietina Gagnep. ชนิดหลังนี้ อุตพิดผี ก็เรียก."
โหรากระบือ 0,น.,"ชื่อเรียกเฟินชนิด Diplazium dilatatum Blume ในวงศ์ Athyriaceae และชนิด Microlepia platyphylla (D. Don) J. Sm. ในวงศ์ Dennstaedtiaceae, โหราเขากระบือ ก็เรียก."
โหราเขากระบือ 0,น.,"ชื่อเรียกเฟินชนิด Diplazium dilatatum Blume ในวงศ์ Athyriaceae และชนิด Microlepia platyphylla (D. Don) J. Sm. ในวงศ์ Dennstaedtiaceae, โหราเขากระบือ ก็เรียก."
โหราเขาเนื้อ 0,น.,"ชื่อเรียกเฟินชนิด Diplazium dilatatum Blume ในวงศ์ Athyriaceae และชนิด Microlepia platyphylla (D. Don) J. Sm. ในวงศ์ Dennstaedtiaceae, โหราเขากระบือ ก็เรียก."
โหราจารย์ 0,น.,ผู้ชำนาญในวิชาโหราศาสตร์.
โหราเดือยไก่ 0,น.,"ชื่อเรียกรากแห้งของพืชหลายชนิดในสกุล Aconitum วงศ์ Ranunculaceae เช่น ชนิด A. fischeri Rchb.,A. carmichaeli Debcaux, A. chasmanthum Stapf มีพิษร้ายแรง ใช้ทำยาได้."
โหราตีนหมา 0,น.,"ชื่อพืชเบียนชนิด Balanophora abbreviata Blume ในวงศ์ Balanophoraceae ใช้ทำยาได้, โหราบอน ก็เรียก."
โหราเท้าสุนัข 0,น.,"ชื่อพืชเบียนชนิด Balanophora abbreviata Blume ในวงศ์ Balanophoraceae ใช้ทำยาได้, โหราบอน ก็เรียก."
โหราบอน 0,น.,ชื่อเรียกหัวแห้งของไม้ล้มลุกชนิด Typhonium giganteum Engl. ในวงศ์ Araceae มีพิษมาก ใช้ทำยาได้.
โหราบอน 1,น.,"ชื่อพืชเบียนชนิด Balanophora abbreviata Blume ในวงศ์ Balanophoraceae ใช้ทำยาได้, โหราบอน ก็เรียก."
โหราผักกูด 0,น.,"ชื่อเฟินชนิด Microlepia speluncae (L.) T. Moore ในวงศ์ Dennstaedtiaceae ต้นเป็นกอ ใช้ทำยาได้, โหราผักกูด ก็เรียก."
โหราศาสตร์ 0,น.,วิชาว่าด้วยการพยากรณ์โดยอาศัยการโคจรของดวงดาวเป็นหลัก.
โหล่ 0,ว.,อยู่ในลำดับสุดท้าย.
โหล 0,น.,ลักษณนามบอกจำนวนนับหน่วยละ ๑๒ เช่น ดินสอโหลหนึ่ง ปากกา ๒ โหล.
โหล 1,ว.,โดยปริยายหมายความว่า ที่ถือกันว่ามีคุณภาพตํ่า เช่น เสื้อโหล.
โหล 2,น.,"ขวดปากกว้างมีฝา, ขวดโหล ก็เรียก."
โหล 3,ว.,ดูลึกลงไป ในคำว่า ตาโหล.
โหลงโจ้ง 0,ว.,ลักษณะที่มีแต่นํ้าเป็นส่วนใหญ่ แทบไม่มีเนื้อเลย เช่น แกงมีแต่นํ้าโหลงโจ้ง.
โหลเหล 0,ว.,ดูซูบซีดอิดโรย เช่น หน้าตาโหลเหล.
โหว 0,ว.,เว้าลึกเข้าไป.
โหว่ 0,ว.,"เป็นช่องกลวงเข้าไป, ทะลุเข้าไป."
โหว้ 0,ว.,"โว่, เป็นช่องเป็นรูที่แลเห็นลึกหรือทะลุ."
โหวกเหวก 0,ว.,มีเสียงดังเอะอะโวยวาย เช่น เรียกกันโหวกเหวก ตะโกนโหวกเหวก.
โหวง 0,ว.,มาก เป็นคำใช้ประกอบคำ เบา เป็น เบาโหวง หมายความว่า เบามาก.
โหวงเหวง 0,ว.,"มาก, เป็นคำใช้ประกอบคำ เบา เป็น เบาโหวงเหวง หมายความว่า เบามาก"
โหวงเหวง 1,ว.,"มีความรู้สึกเหมือนจะว่าง ๆ ในจิตใจ เช่น เมื่ออยู่ในที่เงียบสงัดรู้สึกโหวงเหวง, มีความรู้สึกคล้าย ๆ ว่าขาดอะไรบางสิ่งบางอย่างไป เช่น พอเข้าไปในบ้าน บรรยากาศเงียบผิดปรกติ รู้สึกโหวงเหวง."
โหวด 0,น.,เครื่องเปิดไอนํ้าให้มีเสียงดังเช่นนั้น.
โหวด 1,ว.,เสียงดังเช่นนั้นอย่างเสียงเปิดโหวด.
โหวด 2,น.,เครื่องดนตรีประเภทเป่าชนิดหนึ่งของภาคอีสาน.
โหวต 0,ก.,ออกเสียงลงคะแนน.
ให้ 0,ก.,"มอบ เช่น ให้ช่อดอกไม้เป็นรางวัล, สละ เช่น ให้ชีวิตเป็นทาน, อนุญาต เช่น ฉันให้เขาไปเที่ยว"
ให้ 1,ก.,เป็นคำช่วยกริยา บอกความบังคับหรืออวยชัยให้พรเป็นต้น เช่น แม่บอกให้ลูกไปนอน ขอให้เจริญรุ่งเรือง ขอให้เดินทางโดยสวัสดิภาพ แต่งตัวให้สวย ๆ นะ.
ให้ 2,น.,ชื่อสัญญาซึ่งบุคคลคนหนึ่ง เรียกว่า ผู้ให้ โอนทรัพย์สินของตนให้โดยเสน่หาแก่บุคคลอีกคนหนึ่ง เรียกว่า ผู้รับ และผู้รับยอมรับเอาทรัพย์สินนั้น.
ให้การ 0,ก.,ให้ถ้อยคำเกี่ยวกับเรื่องที่เป็นมา เช่น จำเลยให้การต่อศาล.
ให้จงได้ 0,ว.,คำประกอบท้ายกิริยา แสดงความหมายบอกการกำชับกำชาหรือความตั้งใจแน่นอน เช่น งานคืนสู่เหย้าปีนี้อย่าขาด มาให้จงได้ เขาจะไปให้ได้ ห้ามเท่าไรก็ไม่ฟัง.
ใหญ่ 0,ว.,"โต เช่น พี่คนใหญ่, คนโต เช่น เขยใหญ่, มีขนาดโตกว่าหรือสำคัญกว่าเป็นต้นเมื่อเปรียบเทียบกัน เช่น ข่าวใหญ่ สงครามใหญ่, มีขนาดไม่เล็ก เช่น บ้านหลังใหญ่"
ใหญ่ 1,ว.,"รุนแรงมาก, อุตลุด, เช่น ทะเลาะกันใหญ่ ชกกันใหญ่."
ใหญ่น้อย 0,ว.,"บรรดา, ทั้งหลาย, เช่น สัตว์ใหญ่น้อยวิ่งหนีไฟป่า."
ใหญ่หลวง 0,ว.,"รุนแรง, หนัก, เช่น บุญคุณของท่านใหญ่หลวงนัก."
ให้โดยเสน่หา 0,ก.,โอนทรัพย์สินให้แก่บุคคลอีกคนหนึ่งโดยไม่มีค่าตอบแทน.
ให้ได้ 0,ว.,คำประกอบท้ายกิริยา แสดงความหมายบอกการกำชับกำชาหรือความตั้งใจแน่นอน เช่น งานคืนสู่เหย้าปีนี้อย่าขาด มาให้จงได้ เขาจะไปให้ได้ ห้ามเท่าไรก็ไม่ฟัง.
ให้ท่า 0,ก.,พูดหรือแสดงกิริยาให้รู้ว่ายินดีติดต่อด้วยหรือไม่รังเกียจ (ใช้แก่ผู้หญิง).
ให้ท้าย 0,ก.,เข้าข้างหรือส่งเสริมทำให้ได้ใจ.
ให้น้ำ 0,ก.,ให้นักมวยหรือคู่ต่อสู้เป็นต้นหยุดพักเหนื่อยชั่วระยะเวลาสั้น ๆ เพื่อให้ดื่มน้ำ เช็ดหน้า หรือเช็ดตัวเป็นต้น ก่อนจะลงมือสู้ในยกต่อไป.
ใหม่ 0,ว.,"เพิ่งมี เช่น มาใหม่ รุ่นใหม่, มีอีกนอกจากที่เคยมีอยู่แล้ว เช่น มีเมียใหม่, ซํ้า เช่น พูดใหม่ ทำใหม่ อ่านใหม่, อีกครั้งหนึ่ง เช่น ตื่นมาแล้ว กลับไปนอนใหม่, ยังไม่ได้ใช้ เช่น ของใหม่, ไม่เคยประสบมาก่อน เช่น ความรู้ใหม่ เพลงใหม่, เริ่มแรก เช่น ข้าวใหม่ นักเรียนใหม่"
ใหม่ 1,ว.,ไม่ใช่เก่า เช่น บ้านสร้างใหม่.
ใหม่ถอดด้าม 0,ว.,"ใหม่ยังไม่มีใครใช้, ใหม่จริง ๆ."
ใหม่เอี่ยม 0,ว.,"ใหม่ยังไม่มีใครใช้, ใหม่จริง ๆ."
ให้ร้าย 0,ก.,"หาความร้ายป้ายผู้อื่นให้ได้รับความเสียหาย, ป้ายสี ใส่ร้าย หรือ ใส่ร้ายป้ายสี ก็ว่า."
ให้ร้ายป้ายสี 0,ก.,"หาความร้ายป้ายผู้อื่นให้ได้รับความเสียหาย, ป้ายสี ใส่ร้าย หรือ ใส่ร้ายป้ายสี ก็ว่า."
ให้แรง 0,ก.,ทำให้มีกำลังเพิ่มขึ้นเป็นต้น มักใช้กับสิ่งนอกเหนือธรรมชาติตามความเชื่อ เช่น ผีให้แรง เทวดาให้แรง.
ให้ศีล 0,ก.,อาการที่พระภิกษุบอกศีลให้ผู้ศรัทธาสมาทานรับ เช่น ทุกคนควรสำรวมกิริยาเวลาพระให้ศีล.
ให้ศีลให้พร 0,ก.,กล่าวแสดงความปรารถนาดีให้เกิดสวัสดิมงคล ความเจริญรุ่งเรืองแก่ผู้รับ เช่น ผู้ใหญ่ให้ศีลให้พรแก่ลูกหลาน.
ให้สัตยาบัน 0,ก.,ให้การรับรองสิ่งที่ได้กระทำไปแล้ว.
ให้สี 0,ก.,กำหนดว่าจะใช้สีใด อย่างไร ในงานจิตรกรรม งานออกแบบตกแต่งต่าง ๆ เป็นต้น.
ให้เสียง 0,ก.,กระทำเสียงใด ๆ ให้ผู้อื่นรู้ตัวล่วงหน้าก่อนที่จะปรากฏกาย เช่น ฉันตกใจ เธอเข้ามาไม่ให้เสียงเลย.
ให้หน้า 0,ก.,แสดงท่าทีให้ผู้ที่รู้กันทำตามความประสงค์ด้วยการพยักหน้า ขยิบตา บุ้ยปาก เป็นต้น เช่น ชูชกกล่าวหาพระเวสสันดรว่า ให้หน้าให้สองกุมารหนีไปเสียทั้งที่ยกให้ตนแล้ว.
ให้หลัง 0,ก.,คล้อยหลังไป เช่น พอครูให้หลัง เด็ก ๆ ก็ซนกันใหญ่.
ให้หา 0,ก.,"เรียก, บอกให้ไปหา."
ให้หูให้ตา 0,ก.,แสดงท่าทีให้ทราบด้วยสีหน้าและสายตาว่าพอใจใคร่สืบความสัมพันธ์ต่อไป (ใช้แก่ผู้หญิง) เช่น กุลสตรีไม่ควรให้หูให้ตาใคร ๆ.
ให้อภัย 0,ก.,"ยกโทษให้, ไม่ถือโทษ."
ไห 0,น.,ภาชนะเคลือบดินเผา มีปากเล็ก ก้นเล็ก กลางป่อง สำหรับใส่กระเทียมดองหรือเกลือเป็นต้น.
ไห่ 0,น.,ผักไห่. (ดู มะระ).
ไห้ 0,ก.,"อาการที่นํ้าตาไหลเพราะประสบอารมณ์อันแรงกล้า เช่น ไห้รํ่ารักลูกไท้ ไห้บ่รู้กี่ไห้ ลูกแก้วกับตน แม่เอย (ลอ), มักใช้เข้าคู่กับคำ ร้อง เป็น ร้องไห้."
ไหซอง 0,น.,ชื่อไหชนิดหนึ่ง รูปสูง ๆ ปากเล็กแคบ สำหรับใส่หัวผักกาดเค็มเป็นต้น.
ไหน 0,ว.,"ใช้ประกอบคำอื่นแสดงความสงสัยหรือคำถาม เช่น คนไหน อันไหน ที่ไหน, ถ้ามีคำ ก็ได้ ต่อท้าย แสดงถึงความไม่เจาะจง เช่น คนไหนก็ได้ ที่ไหนก็ได้."
ไหน 1,ว.,"เป็นคำถามเชิงตัดพ้อต่อว่า ทวงถาม หรือสงสัย เป็นต้น เช่น ไหนพระผ่านฟ้าสัญญาน้อง จะปกป้องครองความพิสมัย (อิเหนา), ไหนล่ะรางวัล ไหนว่าไม่ลืม ไหนว่าจะพาไปเที่ยว."
ไหน 2,น.,ชื่อผลไม้คล้ายพุทรา. (จ.).
ไหน 3,น.,ชื่อผลไม้ในสกุล Prunus.
ไหน ๆ 0,ว.,สำนวนแสดงถึงความปลงใจในสิ่งที่ผ่านพ้นไปแล้วหรือเป็นการตัดพ้อต่อว่าเป็นต้น เช่น มัวแต่งุ่มง่ามอยู่นั่นแหละ เพื่อน ๆ เขาก้าวหน้าไปไหน ๆ แล้ว ไหน ๆ ก็ร่วมหอลงโรงกันแล้ว.
ไหนจะ 0,ว.,สำนวนแสดงถึงความตัดพ้อต่อว่าด้วยความท้อใจเป็นต้น เช่น ไหนจะต้องเหนื่อยยากลำบากกาย ไหนจะอายทั่วทั้งโลกา (เพลงฝรั่งรำเท้า พระราชนิพนธ์ ร. ๖).
ไหนล่ะ 0,ว.,"เป็นคำถามเชิงตัดพ้อต่อว่า ทวงถาม หรือสงสัย เป็นต้น เช่น ไหนพระผ่านฟ้าสัญญาน้อง จะปกป้องครองความพิสมัย (อิเหนา), ไหนล่ะรางวัล ไหนว่าไม่ลืม ไหนว่าจะพาไปเที่ยว."
ไหนว่า 0,ว.,"เป็นคำถามเชิงตัดพ้อต่อว่า ทวงถาม หรือสงสัย เป็นต้น เช่น ไหนพระผ่านฟ้าสัญญาน้อง จะปกป้องครองความพิสมัย (อิเหนา), ไหนล่ะรางวัล ไหนว่าไม่ลืม ไหนว่าจะพาไปเที่ยว."
ไหนว่าจะ 0,ว.,"เป็นคำถามเชิงตัดพ้อต่อว่า ทวงถาม หรือสงสัย เป็นต้น เช่น ไหนพระผ่านฟ้าสัญญาน้อง จะปกป้องครองความพิสมัย (อิเหนา), ไหนล่ะรางวัล ไหนว่าไม่ลืม ไหนว่าจะพาไปเที่ยว."
ไหปลาร้า 0,น.,"ชื่อไหชนิดหนึ่ง มีขอบรอบปากสำหรับหล่อนํ้าและมีฝาปิด ใช้หมักปลาร้า, หลุมข้างคอถัดกระดูกไหปลาร้าขึ้นไป, เรียกกระดูกทั้งคู่ที่อยู่ต้นคอข้างหน้า ว่า กระดูกไหปลาร้า."
ไหม 0,น.,"ชื่อผีเสื้อชนิด Bombyx mori ในวงศ์ Bombycidae ตัวอ้วนป้อมมีขนสีขาวและสีครีมคลุมเต็ม ปีกมีลายเส้นสีนํ้าตาลอ่อนพาดตามขวางหลายเส้น ตัวหนอนสีขาวหรือสีครีม มีรยางค์เล็ก ๆ สั้น ๆ คล้ายเขาที่ปลายหาง กินใบหม่อนได้อย่างเดียว เมื่อโตเต็มที่จะถักใยหุ้มดักแด้ ซึ่งใยนี้สามารถสาวเป็นเส้นไหมนำมาทอเป็นเสื้อผ้าได้, ใยของสัตว์ชนิดนี้ก็เรียกว่า ไหม"
ไหม 1,น.,เรียกเครื่องนุ่งห่มที่ทอด้วยไหม ว่า ผ้าไหม.
ไหม้ 0,ก.,"ติดเชื้อไฟ, ลุก, เผา, (ใช้แก่ไฟหรือความร้อน)."
ไหม้ 1,ว.,ถูกความร้อนจนเกรียมหรือจนเป็นถ่าน เช่น ข้าวไหม้
ไหม้ 2,ว.,"เกรียม, ดำคลํ้า, (ใช้แก่ผิว)."
ไหม 2,ว.,เป็นคำถาม มาจาก หรือไม่ เช่น กินไหม.
ไหม้ 3,ว.,"ชื่อไม้ต้นชนิด Diospyros undulata Wall. ex G. Don var. cratericalyx (Craib) Bakh. ในวงศ์ Ebenaceae ขึ้นในป่าดิบ มีมากทางภาคใต้ สูงได้ถึง ๒๐ เมตร ไม่ผลัดใบ, จะเพลิง ชะเพลิง คำดีควาย ดูกค่าง ตะโกดำ พลับเขา ไหม้ หม้าย หรือ สะลาง ก็เรียก."
ไหม 3,ก.,ปรับเอา เช่น ให้ไหมทวีคูณ (สามดวง).
ไหม 4,น.,การลงโทษปรับหรือให้จ่ายค่าเสียหายแก่ผู้เสียหาย.
ไหมทอง 0,น.,เส้นไหมที่ควบด้วยทองแล่งหรือกระดาษทอง.
ไหมพรม 0,น.,ด้ายที่ทำด้วยขนสัตว์หรือสิ่งอื่นที่คล้ายคลึงเช่นนั้น.
ไหมสับปะรด 0,น.,"เส้นด้ายที่ได้จากใยของพรรณไม้บางชนิดที่มีลักษณะอย่างใยสับปะรด, เรียกหมวกที่สานด้วยไหมอย่างนี้ ว่า หมวกไหมสับปะรด."
ไหมหน้า 0,ก.,"หมายหน้า, ตราหน้า, เช่น ไหมหน้าว่าเบียนเมือง ข้าคิดเปลื้องทานทำแห่งหอคำข้าดอก (ม. ร่ายยาว)."
ไหรณย์ 0,น.,เงิน.
ไหรณย์ 1,ว.,"เป็นทอง, ทำด้วยทอง"
ไหรณย์ 2,ว.,"เป็นเงิน, ทำด้วยเงิน."
ไหล่ 0,น.,ส่วนของบ่าตอนที่ติดกับต้นแขน.
ไหล 0,น.,"ชื่อปลารูปร่างกลมยาวและเคลื่อนที่คล้ายงู มีหลายวงศ์ในหลายอันดับ ส่วนใหญ่ไม่มีเกล็ด มีเมือกมาก เช่น ไหลนาหรือไหลบึง [Monopterus albus (Zuiew)] ในวงศ์ Monopteridae ส่วนชนิดที่มักพบในน้ำกร่อย ได้แก่ชนิด Ophisternon bengalensis (M’ clelland) ในวงศ์ Synbranchidae นอกจากนี้ก็เป็นปลาไหลทะเลทุกชนิดทุกสกุล ในวงศ์ Muraenidae, Muraenesocidae, Ophichthyidae, อีสานเรียก เอียน หรือ เอี่ยน สำหรับปลาไหลนา."
ไหล 1,น.,"ชื่อปลาไหลทะเลในสกุล Muraenesox และ Congresox วงศ์ Muraenesocidae ลำตัวยาวทรงกระบอก ส่วนหางแบนข้าง ไม่มีเกล็ด ปากแหลมอ้าได้กว้าง จะงอยปากบนยาวล้ำขากรรไกรล่าง ฟันคมแข็งแรง ครีบอกใหญ่ พื้นลำตัวและครีบสีน้ำตาลอ่อนปนเหลืองหรือคล้ำ ด้านท้องสีขาว ขอบครีบหลัง ครีบก้นและครีบหางสีดำ ขนาดยาวได้ถึง ๒.๕ เมตร, เงี้ยว หลด ไหล หรือ มังกร ก็เรียก."
ไหล 2,น.,"ส่วนของพืชบางชนิด ซึ่งเลื้อยชอนไปแตกเป็นหน่อขึ้น เช่น บอน บัว, หางไหล ก็เรียก."
ไหล 3,น.,โลหะชนิดหนึ่ง เชื่อกันว่าเอาไฟเทียนลนก็ไหลย้อยออกได้ เรียกว่า เหล็กไหล.
ไหล 4,ก.,"เคลื่อนที่ไปอย่างของเหลวเช่นนํ้า, เลื่อนไป."
ไหล่เขา 0,น.,ส่วนของเขาที่ถัดยอดเขาลงมา.
ไหล่ถนน 0,น.,ส่วนของถนนที่ติดอยู่กับทางจราจรทั้ง ๒ ข้าง.
ไหล่ทวีป 0,น.,บริเวณใต้นํ้าทะเลรอบ ๆ ทวีป ซึ่งมีความลาดเอียงน้อย ๆ แผ่ยื่นออกไปจากฝั่งทะเล นับจากแนวนํ้าลงตํ่าสุดลงไป.
ไหล่ทาง 0,น.,ส่วนของถนนที่ติดอยู่กับทางจราจรทั้ง ๒ ข้าง.
ไหลน้ำ 0,น.,"ชื่อไม้เถาชนิด Derris elliptica (Wall.) Benth. ในวงศ์ Leguminosae รากใช้เบื่อปลาและทำยาฆ่าแมลง, ไหลนํ้า หรือ โล่ติ๊น ก็เรียก."
ไหล่รวบ 0,น.,ไหล่ห่อ.
ไหล่ลู่ 0,น.,ไหล่ที่ลาดเอียงลงกว่าปรกติ.
ไหล่ห่อ 0,น.,ไหล่ที่คู้เข้าเพราะหนาวหรือเกรงกลัวเป็นต้น.
ไหว 0,ก.,"สั่น, สะเทือน, กระดิก, เช่น ใบไม้ไหว."
ไหว 1,ว.,สามารถทำได้ เช่น เดินไหว สู้ไหว กินไหว.
ไหว้ 0,ก.,"ทำความเคารพโดยยกมือขึ้นประนม, ถ้าเป็นผู้น้อยไหว้ผู้ใหญ่หรือผู้ทรงศีลต้องก้มศีรษะลงแต่พองาม."
ไหว ๆ 0,ว.,"อาการที่เคลื่อนไหวหรือพลิ้วไปมา เช่น ปลาแหวกว่ายกอบัวอยู่ไหว ๆ ลมพัดธงสะบัดอยู่ไหว ๆ, อาการที่เคลื่อนไหวอย่างเห็นไม่ชัด เช่น เห็นคนร้ายวิ่งหนีเข้าไปในพงหญ้าอยู่ไหว ๆ."
ไหว้ครู 0,ก.,ทำพิธีแสดงความเคารพสักการบูชาครูบาอาจารย์ด้วยความสำนึกในพระคุณของท่าน.
ไหว้เจ้า 0,ก.,ทำพิธีเซ่นเจ้าตามธรรมเนียมจีน.
ไหวตัว 0,ก.,"ขยับตัว, รู้ตัวพร้อมที่จะรับเหตุการณ์."
ไหวติง 0,ก.,"กระดุกกระดิก, มักใช้ในความปฏิเสธว่า ไม่ไหวติง."
ไหวทัน 0,ก.,รู้ทัน.
ไหว้ผี 0,ก.,ทำพิธีเซ่นผี.
ไหวพริบ 0,น.,"ปัญญาไวรู้เท่าทัน, เชาวน์ไว."
ไหว้วาน 0,ก.,ขอร้องให้ช่วยเหลือ.
ไหหลำ 0,น.,"ชื่อเกาะอยู่ในทะเลจีนนอกฝั่งมณฑลกวางตุ้ง, ชนชาติจีนสาขาหนึ่งอยู่ที่เกาะชื่อนี้."
