คำ,POS,ความหมาย
ค 0,?,พยัญชนะตัวที่ ๔ เรียกว่า คอ ควาย เป็นอักษรตํ่า ใช้เป็นพยัญชนะต้น และเป็นตัวสะกดในมาตรากกหรือแม่กก เช่น โรค มรรค มารค เทคนิค.
คคน- 0,น.,ฟ้า.
คคนะ 0,น.,ฟ้า.
คคนัมพร 0,น.,ฟ้า.
คคนางค์ 0,น.,ฟ้า.
คคนานต์ 0,น.,ฟ้า.
คง 0,ก.,ยังมียังเป็นอยู่อย่างเดิม เช่น คงความเป็นไท
คง 1,ก.,เป็นคำบอกลักษณะคาดคะเน เช่น คงจะเป็นเช่นนั้น คงมาแล้ว.
คงกระพัน 0,ก.,ทนทานต่อศัสตราวุธ.
คงกระพันชาตรี 0,ก.,ทนทานต่อศัสตราวุธ.
คงแก่เรียน 0,ว.,ที่ได้ศึกษาเล่าเรียนมามาก.
คงขาด 0,ว.,ยังขาด.
คงคลัง 0,ว.,เรียกเงินที่มีอยู่ในคลังในเวลาใดเวลาหนึ่ง ว่า เงินคงคลัง.
คงคา 0,น.,"นํ้า, แม่นํ้า, ใช้เป็นสามัญว่า แม่พระคงคา หมายถึง เจ้าแม่ประจำนํ้า, ชื่อแม่นํ้าสำคัญสายหนึ่งในประเทศอินเดีย. (ป., ส. คงฺคา ว่า ผู้ไปเร็ว, ผู้ไหลเชี่ยว)"
คงคา 1,น.,เรียกส่วนของท่อเหล้าในโรงต้มกลั่น ว่า ท่อคงคา.
คงคา 2,น.,ชื่อหวายชนิดหนึ่ง ต้นเหมือนต้นสามสิบ รากเหมือนรากละหุ่ง ใบเหมือนใบละหุ่ง หัวเป็นแง่ง ยางขาวเหมือนนม.
คงคาเดือด 0,น.,"ชื่อไม้ต้นขนาดกลางชนิด Arfeuillea arborescens Pierre ในวงศ์ Sapindaceae ขึ้นตามป่าเบญจพรรณแล้ง สูง ๘-๑๐ เมตร มีพุ่มใหญ่ ใบเป็นใบประกอบ มีใบย่อย ๓-๔ คู่ ดอกเล็ก สีม่วงดำ หอมมาก ผลมีปีกบาง ๆ ๓ ปีก เปลือกใช้ทำยาได้, ราชบุรีเรียก ตะไล, พายัพเรียก ช้างเผือก."
คงคาลัย 0,น.,"แม่นํ้า, นํ้า, น่านนํ้า."
คงไคยหัตถี 0,น.,คังไคยหัตถี.
คงตัว 0,ว.,ไม่ผันแปร.
คงทน 0,ว.,"ยั่งยืน, ถาวร, ทนทาน."
คงที่ 0,ว.,ไม่เปลี่ยนแปลง.
คงเส้นคงวา 0,ว.,เสมอต้นเสมอปลาย.
คงเหลือ 0,ว.,ยังเหลือ.
คช- 0,น.,"ช้าง, ช้างพลาย."
คชกรรม 0,น.,"กิจการในทางปฏิบัติอันเกี่ยวกับช้าง เช่น การขี่ การฟันขอ, ประเภทตำราว่าด้วยทางปฏิบัติอันเกี่ยวกับช้าง."
คชนาม 0,น.,"นามราหู, อักษรชื่อที่ขึ้นต้นด้วย ย ร ล ว."
คชราช 0,น.,คุดทะราด.
คชลักษณ์ 0,น.,"รูปพรรณสัณฐานของช้างต่าง ๆ ซึ่งดีและชั่ว, ประเภทตำราแสดงรูปพรรณสัณฐานของช้างต่าง ๆ ซึ่งดีและชั่ว ถ้าได้ไว้จะให้คุณหรือโทษแก่เจ้าของ."
คชศาสตร์ 0,น.,วิชาว่าด้วยช้าง มี ๒ ประเภท คือ คชลักษณ์ และ คชกรรม.
คชส่าน 0,น.,ชื่อแตงโมพันธุ์หนึ่ง สีเหลือง เนื้อหวาน.
คชสาร 0,น.,ช้าง.
คชสีห์ 0,น.,สัตว์ในนิยายมีรูปเหมือนราชสีห์ แต่มีงวงเหมือนช้าง.
คชาชาติ 0,น.,"ช้าง, หมู่ช้าง."
คชาชีพ 0,น.,"คนเลี้ยงช้าง, หมอช้าง, ควาญช้าง."
คชาธาร 0,น.,"ช้างทรง, ช้างพระที่นั่ง."
คชาภรณ์ 0,น.,เครื่องประดับช้าง.
คชินทร์ 0,น.,พญาช้าง.
คเชนทร์ 0,น.,พญาช้าง.
คณ- 0,น.,"หมู่, พวก, (ซึ่งแยกมาจากส่วนใหญ่)"
คณ- 1,น.,กลุ่มคนผู้ร่วมกันเพื่อการอย่างใดอย่างหนึ่ง เช่น คณะกรรมการ คณะสงฆ์ คณะนักท่องเที่ยว
คณ- 2,น.,หน่วยงานในมหาวิทยาลัยหรือสถาบันที่เทียบเท่าซึ่งรวมภาควิชาต่าง ๆ ที่จัดการเรียนการสอนวิชาในสายเดียวกัน เช่น คณะนิติศาสตร์ คณะอักษรศาสตร์
คณ- 3,น.,จำนวนคำที่กำหนดไว้ในการแต่งร้อยกรองแต่ละประเภท โดยแบ่งเป็นบท บาท และวรรค เช่น คณะของกลอนแปด ๑ บท มี ๒ บาท แต่ละบาทมี ๒ วรรค แต่ละวรรคมี ๖ ถึง ๙ คำ.
คณนะ 0,ก.,"นับ เช่น สุดที่จะคณนา, คณานับ ก็ว่า."
คณนา 0,ก.,"นับ เช่น สุดที่จะคณนา, คณานับ ก็ว่า."
คณบดี 0,น.,หัวหน้าคณะในมหาวิทยาลัยหรือในสถาบันที่เทียบเท่า.
คณะ 0,น.,"หมู่, พวก, (ซึ่งแยกมาจากส่วนใหญ่)"
คณะ 1,น.,กลุ่มคนผู้ร่วมกันเพื่อการอย่างใดอย่างหนึ่ง เช่น คณะกรรมการ คณะสงฆ์ คณะนักท่องเที่ยว
คณะ 2,น.,หน่วยงานในมหาวิทยาลัยหรือสถาบันที่เทียบเท่าซึ่งรวมภาควิชาต่าง ๆ ที่จัดการเรียนการสอนวิชาในสายเดียวกัน เช่น คณะนิติศาสตร์ คณะอักษรศาสตร์
คณะ 3,น.,จำนวนคำที่กำหนดไว้ในการแต่งร้อยกรองแต่ละประเภท โดยแบ่งเป็นบท บาท และวรรค เช่น คณะของกลอนแปด ๑ บท มี ๒ บาท แต่ละบาทมี ๒ วรรค แต่ละวรรคมี ๖ ถึง ๙ คำ.
คณะกรมการจังหวัด 0,น.,คณะบุคคลซึ่งทำหน้าที่เป็นที่ปรึกษาของผู้ว่าราชการจังหวัดในการบริหารราชการแผ่นดินในจังหวัดนั้น และให้ความเห็นชอบในการจัดทำแผนพัฒนาจังหวัด กับปฏิบัติหน้าที่อื่นตามที่กฎหมายหรือมติของคณะรัฐมนตรีกำหนด.
คณะกรรมการอำเภอ 0,น.,คณะบุคคลที่มีอำนาจหน้าที่และรับผิดชอบร่วมกันในการปกครองอำเภอ ปัจจุบันได้ถูกยุบเลิกไปแล้ว โดยโอนอำนาจและหน้าที่ไปเป็นของนายอำเภอ.
คณะกรรมาธิการ 0,น.,คณะบุคคลที่สภาผู้แทนราษฎร วุฒิสภา หรือที่ประชุมร่วมกันของรัฐสภา แต่งตั้งเพื่อกระทำกิจการ พิจารณาสอบสวน หรือศึกษาเรื่องใด ๆ อันอยู่ในอำนาจหน้าที่ของสภา แล้วรายงานต่อสภา.
คณะกรรมาธิการร่วมกัน 0,น.,คณะกรรมาธิการของรัฐสภาที่สภาผู้แทนราษฎร และวุฒิสภาเลือกและแต่งตั้งจากผู้เป็นหรือมิได้เป็นสมาชิกแห่งสภานั้น ๆ เพื่อพิจารณาหรือดำเนินการเรื่องใดที่รัฐสภามอบหมาย.
คณะกรรมาธิการวิสามัญ 0,น.,คณะกรรมาธิการที่สภาผู้แทนราษฎร วุฒิสภา หรือที่ประชุมร่วมกันของรัฐสภา แต่งตั้งจากผู้เป็นหรือมิได้เป็นสมาชิกแห่งสภานั้น ๆ เพื่อปฏิบัติหน้าที่เฉพาะเรื่องที่สภามอบหมาย และเมื่อปฏิบัติหน้าที่เสร็จแล้ว คณะกรรมาธิการนั้นย่อมพ้นจากตำแหน่ง.
คณะกรรมาธิการสามัญ 0,น.,คณะกรรมาธิการที่สภาผู้แทนราษฎร หรือวุฒิสภา เลือกและแต่งตั้งจากสมาชิกแห่งสภานั้น ๆ เพื่อปฏิบัติหน้าที่เป็นประจำ.
คณะรัฐมนตรี 0,น.,คณะบุคคลซึ่งพระมหากษัตริย์ทรงแต่งตั้ง ประกอบด้วยนายกรัฐมนตรีคนหนึ่ง และรัฐมนตรีอื่นอีกไม่เกินจำนวนที่กำหนดไว้ในรัฐธรรมนูญ เพื่อทำหน้าที่บริหารราชการแผ่นดิน.
คณะองคมนตรี 0,น.,คณะบุคคลซึ่งพระมหากษัตริย์ทรงเลือกและแต่งตั้งตามพระราชอัธยาศัยจากผู้ทรงคุณวุฒิ ประกอบด้วยประธานองคมนตรีคนหนึ่ง และองคมนตรีอื่นอีกไม่เกินจำนวนที่รัฐธรรมนูญกำหนด มีหน้าที่ถวายความเห็นต่อพระมหากษัตริย์ในพระราช-กรณียกิจทั้งปวงที่พระมหากษัตริย์ทรงปรึกษา และมีหน้าที่อื่นตามที่บัญญัติไว้ในรัฐธรรมนูญ.
คณาจารย์ 0,น.,คณะอาจารย์.
คณาธิการ 0,น.,"ผู้มีอำนาจในคณะ, ผู้ปกครองคณะ, เรียกภิกษุผู้ทำหน้าที่ในด้านการปกครองคณะสงฆ์ตั้งแต่ผู้ช่วยเจ้าอาวาสขึ้นไป ว่า พระคณาธิการ."
คณาธิปไตย 0,น.,ระบอบการปกครองแบบหนึ่ง ซึ่งปกครองโดยคณะบุคคลจำนวนน้อยของสังคม มักได้แก่ กลุ่มผู้อาวุโส กลุ่มทหาร หรือ กลุ่มปฏิวัติ.
คณานับ 0,ก.,"นับ เช่น สุดคณานับ, คณนะ หรือ คณนา ก็ว่า."
คณานุกรม 0,น.,ฐานานุกรมของเจ้าคณะใหญ่และรองเจ้าคณะใหญ่ฝ่ายพระสงฆ์จีนและพระสงฆ์ญวน.
คณิกา 0,น.,หญิงงามเมือง.
คณิต 0,น.,"การนับ, การคำนวณ, วิชาคำนวณ, มักใช้เป็นคำหลังของวิชาบางประเภท เช่น พีชคณิต เรขาคณิต."
คณิต- 0,น.,"การนับ, การคำนวณ, วิชาคำนวณ, มักใช้เป็นคำหลังของวิชาบางประเภท เช่น พีชคณิต เรขาคณิต."
คณิตศาสตร์ 0,น.,วิชาว่าด้วยการคำนวณ.
คเณศ 0,น.,"ชื่อเทพองค์หนึ่ง มีเศียรเป็นช้าง ถือว่าเป็นเทพแห่งศิลปะ เชื่อกันว่าถ้าบูชาแล้วป้องกันความขัดข้องที่จะเกิดมีขึ้นได้, วิฆเนศ พิฆเนศ วิฆเนศวร หรือ พิฆเนศวร ก็เรียก."
คด 0,น.,วัตถุแข็งคล้ายหินที่มีในสัตว์หรือต้นไม้ นับถือกันว่าเป็นเครื่องราง.
คด 1,น.,สิ่งปลูกสร้างซึ่งมีสัณฐานหักมุมเป็นข้อศอก เช่น วิหารคด.
คด 2,ว.,ลักษณะที่ไม่ตรงตลอด
คด 3,ว.,ไม่ซื่อ.
คด 4,ก.,ตักข้าวสุกออกจากหม้อ.
คดกริช 0,น.,"ชื่อลายชนิดหนึ่งเป็นเส้นยาวคดไปมาอย่างรูปกริช, พดกริช ก็เรียก."
คดโกง 0,ก.,"ประพฤติทุจริต, ไม่ซื่อตรง."
คดเคี้ยว 0,ว.,"คดไปคดมา, ลดเลี้ยว, วกไปวกมา."
คดงอ 0,ก.,คดจนงอ.
คดซ่าง 0,น.,"สิ่งปลูกสร้างชั่วคราวขนาดย่อม ยกพื้น และดาดหลังคา สำหรับพระสงฆ์นั่งสวดพระอภิธรรมในงานออกพระเมรุ ตั้งอยู่ ๔ มุมพระเมรุ, คดสร้าง ซ่าง สร้าง ส้าง สำซ่าง หรือ สำสร้าง ก็เรียก."
คดในข้องอในกระดูก 0,ว.,มีสันดานคดโกง.
คดสร้าง 0,น.,"สิ่งปลูกสร้างชั่วคราวขนาดย่อม ยกพื้น และดาดหลังคา สำหรับพระสงฆ์นั่งสวดพระอภิธรรมในงานออกพระเมรุ ตั้งอยู่ ๔ มุมพระเมรุ, คดสร้าง ซ่าง สร้าง ส้าง สำซ่าง หรือ สำสร้าง ก็เรียก."
คดี 0,น.,"เรื่อง, มักใช้ประกอบคำศัพท์ เช่น โบราณคดี คดีโลก คดีธรรม วรรณคดี สารคดี"
คดี 1,น.,เรื่องหรือความที่ฟ้องร้องหรือกล่าวหากันในทางกฎหมาย ซึ่งต้องดำเนินการตามกระบวนวิธีพิจารณาความตามที่กฎหมายกำหนด เช่น คดีแพ่ง คดีอาญา คดีปกครอง.
คดีดำ 0,น.,คดีหมายเลขดำ ซึ่งหมายถึง คดีที่ฟ้องร้องต่อศาลและศาลได้ลงทะเบียนคดีในสารบบความของศาล โดยเริ่มตั้งแต่เลข ๑ ทับเลขปี พ.ศ. เรียงเป็นลำดับไปจนสิ้นปี เมื่อศาลมีคำพิพากษาหรือคำสั่งวินิจฉัยชี้ขาดคดีหรือมีคำสั่งจำหน่ายคดีออกจากสารบบความหรือมีคำสั่งจำหน่ายคดีชั่วคราว ศาลจะให้หมายเลขคดีใหม่เรียกว่าคดีหมายเลขแดง ควบคู่ไปกับคดีหมายเลขดำที่ให้ไว้เดิม เช่น คดีหมายเลขดำที่ ๑/๒๕๕๐ คดีหมายเลขแดงที่ ๑/๒๕๕๑ หรือกล่าวโดยสรุป คดีดำ หมายถึง คดีที่ศาลยังมิได้ตัดสินหรือจำหน่ายคดี ส่วนคดีแดง คือ คดีที่ศาลได้ตัดสินหรือจำหน่ายคดีแล้ว.
คดีแดง 0,น.,คดีหมายเลขแดง ซึ่งหมายถึง คดีที่ศาลได้มีคำพิพากษาหรือคำวินิจฉัยชี้ขาดคดี หรือมีคำสั่งจำหน่ายคดีออกจากสารบบความ หรือมีคำสั่งจำหน่ายคดีชั่วคราวแล้ว โดยเริ่มตั้งแต่เลข ๑ ทับเลขปี พ.ศ. เป็นลำดับไปจนสิ้นปี เรียกย่อ ๆ ว่า “คดีแดง” เช่น คดีหมายเลขแดงที่ ๑/๒๕๕๐ หรือคดีแดงที่ ๑/๒๕๕๐. (ดู คดีดำ ประกอบ).
คดีปกครอง 0,น.,คดีที่เป็นข้อพิพาทระหว่างหน่วยงานทางปกครอง หรือเจ้าหน้าที่ของรัฐกับเอกชนหรือระหว่างหน่วยงานทางปกครองหรือเจ้าหน้าที่ของรัฐด้วยกัน ซึ่งเป็นข้อพิพาทอันเนื่องมาจากกระทำหรือการละเว้นการกระทำในทางปกครองของหน่วยงานทางปกครองหรือเจ้าหน้าที่ของรัฐ.
คดีแพ่ง 0,น.,คดีที่ฟ้องร้องเกี่ยวกับสิทธิในทางแพ่ง.
คดีมโนสาเร่ 0,น.,คดีที่มีคำขอให้ปลดเปลื้องทุกข์อันอาจคำนวณเป็นราคาเงินได้ไม่เกินสามแสนบาท หรือไม่เกินจำนวนที่กำหนดในพระราชกฤษฎีกา และคดีฟ้องขับไล่บุคคลใด ๆ ออกจากอสังหาริมทรัพย์อันมีค่าเช่าหรืออาจให้เช่าได้ในขณะยื่นคำฟ้องไม่เกินเดือนละสามหมื่นบาทหรือไม่เกินจำนวนที่กำหนดในพระราชกฤษฎีกา.
คดีอนาถา 0,น.,คดีแพ่งที่โจทก์หรือจำเลยได้รับอนุญาตจากศาลให้ฟ้องหรือต่อสู้คดีได้ โดยไม่ต้องเสียค่าฤชาธรรมเนียมทั้งหมดหรือบางส่วน.
คดีอาญา 0,น.,คดีที่เกี่ยวกับการกระทำที่กฎหมายบัญญัติว่า เป็นความผิดและมีโทษทางอาญา.
คดีอุทลุม 0,น.,คดีที่บุคคลฟ้องบุพการีของตนเป็นคดีแพ่งหรือคดีอาญา ซึ่งต้องห้ามตามประมวลกฎหมายแพ่งและพาณิชย์ว่า ผู้ใดจะฟ้องบุพการีของตนเป็นคดีแพ่งหรือคดีอาญาไม่ได้.
คติ 0,น.,การไป
คติ 1,น.,ความเป็นไป.
คติ 2,น.,"แบบอย่าง, วิธี, แนวทาง."
คติชาวบ้าน 0,น.,"เรื่องราวของชาวบ้านที่เป็นของเก่าเล่าต่อปากและประพฤติสืบ ๆ กันมาหลายชั่วอายุคนในรูปคติความเชื่อ ประเพณี นิทาน เพลง ภาษิต ปริศนาคำทาย ศิลปะ สถาปัตยกรรม การละเล่นของเด็ก เป็นต้น, วิชาที่ว่าด้วยเรื่องเหล่านั้น."
คติธรรม 0,น.,ธรรมที่เป็นแบบอย่าง.
คตินิยม 0,น.,แบบอย่างความคิดเห็น ความเชื่อ หรือวิธีการคิดรวมกันที่เป็นลักษณะของกลุ่มชน เช่น คตินิยมของกลุ่มวิชาชีพ คตินิยมทางศาสนา คตินิยมทางการเมือง.
คติพจน์ 0,น.,ถ้อยคำที่เป็นแบบอย่าง.
คติสุขารมณ์ 0,น.,ลัทธิที่ถือว่าความสุขทางผัสสะหรือโลกียสุขในชีวิตปัจจุบัน เป็นสิ่งสูงสุดหรือเป็นความดีสูงสุดของชีวิต.
คทา 0,น.,ตะบอง.
ค้น 0,ก.,พยายามหาให้พบโดยวิธีสืบ เสาะ แสวง เป็นต้น.
คน 0,น.,มนุษย์.
คน 1,ก.,กิริยาที่เอามือหรือสิ่งอื่นกวนเพื่อทำสิ่งที่นอนก้นหรือที่เกาะกันอยู่เป็นกลุ่มเป็นก้อนให้กระจายขยายตัว หรือกวนสิ่งต่าง ๆ ให้เข้ากัน.
คนกลาง 0,น.,"ผู้ถือเป็นกลางไม่เข้าข้างฝ่ายโน้นฝ่ายนี้ในเหตุการณ์ที่เกิดขึ้น, ผู้ทำหน้าที่ไกล่เกลี่ย, ผู้ทำการค้าระหว่างผู้ผลิตกับผู้บริโภค."
คนเก่าคนแก่ 0,น.,ข้าเก่าเต่าเลี้ยง
คนเก่าคนแก่ 1,น.,คนที่มีพื้นเพอยู่ที่ใดที่หนึ่งเป็นเวลานาน.
คนไข้ 0,น.,"ผู้ป่วย, ผู้บาดเจ็บ."
คนไข้นอก 0,น.,"คนไข้ที่มารับการตรวจรักษาที่โรงพยาบาล แต่ไม่ได้นอนพักรักษาตัวในโรงพยาบาล, ผู้ป่วยนอก ก็ว่า."
คนไข้ใน 0,น.,"คนไข้ที่พักรักษาตัวอยู่ในโรงพยาบาล, ผู้ป่วยใน ก็ว่า."
ค้นคว้า 0,ก.,"หาข้อมูลอย่างถี่ถ้วนตามหลักวิชา, เสาะหาเอามา."
คนงาน 0,น.,ผู้ใช้แรงในการทำงานเพื่อรับค่าตอบแทน.
คนจร 0,น.,"คนแปลกหน้า, คนที่ไม่มีที่อยู่เป็นหลักแหล่ง."
คนจริง 0,น.,"ผู้ที่ทำอะไรทำจริงโดยไม่ท้อถอย, คนที่พูดจริงทำจริง."
คนใช้ 0,น.,"คนที่มีหน้าที่คอยรับใช้, ลูกจ้างที่รับใช้ทำงานบ้าน."
คนดัง 0,น.,ผู้ที่มีชื่อเสียงเป็นที่รู้จักของคนทั่วไป.
คนดิบ 0,น.,ชายที่ยังไม่ได้บวชเป็นพระภิกษุ.
คนดี 0,น.,"คนที่มีคุณความดี, คนที่มีคุณธรรม."
คนดีผีคุ้ม 0,น.,"คนทำดีเทวดาย่อมคุ้มครอง, มักใช้เข้าคู่กับ คนร้ายตายขุม ว่า คนดีผีคุ้ม คนร้ายตายขุม."
คนเดียวหัวหาย สองคนเพื่อนตาย 0,น.,คนเดียวทำอะไรก็อาจเป็นอันตรายได้ ถ้ามีเพื่อนร่วมคิดร่วมปรึกษาก็จะดีขึ้น.
คนต้องขัง 0,น.,บุคคลที่ถูกขังไว้ตามหมายขัง.
ค้นตัว 0,ก.,ตรวจค้นตามร่างกาย เพื่อหาของกลาง ของต้องห้าม หรือของที่ผิดกฎหมาย เป็นต้น เช่น ตำรวจค้นตัวผู้ต้องสงสัย.
คนตายขายคนเป็น 0,*น.,คนตายมีหนี้สินให้ลูกหลานต้องชดใช้แทน
คนตายขายคนเป็น 1,*ก.,จัดงานศพอย่างฟุ่มเฟือยเกินฐานะจนเกิดหนี้สิน เช่น ดูงานศพนี้สิ คนตายขายคนเป็นแท้ ๆ.
คนทรง 0,น.,คนทรงเจ้าและผี.
คนทา 0,น.,"ชื่อไม้พุ่มชนิด Harrisonia perforata (Blanco) Merr. ในวงศ์ Simaroubaceae มักขึ้นเป็นหมู่ในป่าโปร่ง สูงได้ถึง ๘ เมตร มีหนามทั่วต้น ใบคล้ายมะขวิดแต่เขื่องกว่า ดอกสีขาว ผลกลมแป้นขนาดราวหัวแม่มือ ทุกส่วนมีรสขม ใช้ทำยาได้ กิ่งใช้ทำไม้สีฟัน, สีฟันคนทา หรือ กะลันทา ก็เรียก, พายัพเรียก จี้ หรือ หนามจี้."
คนทิสอ 0,น.,"ชื่อไม้พุ่มชนิด Vitex trifolia L. ในวงศ์ Labiatae มักขึ้นในที่โล่งริมนํ้า สูงได้ถึง ๖ เมตร ใบเป็นใบประกอบ มีใบย่อย ๓ ใบ ท้องใบสีนวล เมื่อขยี้มีกลิ่นฉุน ดอกสีครามอ่อน ใช้ทำยาได้, คนทิสอ โคนดินสอ หรือ สีสอ ก็เรียก, พายัพเรียก สีเสื้อน้อย หรือ ผีเสื้อน้อย."
คนทิสอทะเล 0,น.,"ชื่อไม้พุ่มชนิด Vitex rotundifolia L.f. ในวงศ์ Labiatae ขึ้นตามชายทะเล ลำต้นเลื้อย ใบและดอกเหมือนคนทีสอ ใช้แก้พิษแมงกะพรุน, คนทิสอทะเล ก็เรียก."
คนที 0,น.,"กุณฑี, หม้อนํ้า, หม้อนํ้ามีหู, เต้านํ้า."
คนที 1,น.,"ชื่อไม้พุ่มชนิด Vitex rotundifolia L.f. ในวงศ์ Labiatae ขึ้นตามชายทะเล ลำต้นเลื้อย ใบและดอกเหมือนคนทีสอ ใช้แก้พิษแมงกะพรุน, คนทิสอทะเล ก็เรียก."
คนทีเขมา 0,น.,"ชื่อไม้พุ่มชนิด Vitex negundo L. ในวงศ์ Labiatae คล้ายต้นคนทีสอ แต่ใบเป็นใบประกอบ มีใบย่อย ๓-๕ ใบ และมีขนาดใหญ่กว่า ดอกสีขาว ปลูกไว้ตามบ้าน ใช้ทำยาได้, ปัตตานีเรียก กุโนกามอ."
คนทีสอ 0,น.,"ชื่อไม้พุ่มชนิด Vitex trifolia L. ในวงศ์ Labiatae มักขึ้นในที่โล่งริมนํ้า สูงได้ถึง ๖ เมตร ใบเป็นใบประกอบ มีใบย่อย ๓ ใบ ท้องใบสีนวล เมื่อขยี้มีกลิ่นฉุน ดอกสีครามอ่อน ใช้ทำยาได้, คนทิสอ โคนดินสอ หรือ สีสอ ก็เรียก, พายัพเรียก สีเสื้อน้อย หรือ ผีเสื้อน้อย."
คนโท 0,น.,"กุณโฑ, หม้อนํ้ารูปต่าง ๆ คอยาว."
คนธ์ 0,น.,กลิ่น.
คนธรรพ์ 0,น.,ชาวสวรรค์พวกหนึ่ง เป็นบริวารท้าวธตรฐ มีความชำนาญในวิชาดนตรีและขับร้อง.
คนธรรพ- 0,น.,ชาวสวรรค์พวกหนึ่ง เป็นบริวารท้าวธตรฐ มีความชำนาญในวิชาดนตรีและขับร้อง.
คนธรรพวิวาห์ 0,น.,การได้เสียเป็นผัวเมียกันเองโดยไม่แต่งงาน.
คนธรรพศาสตร์ 0,น.,วิชาดนตรีและขับร้อง.
คนนอก 0,น.,"บุคคลผู้ไม่มีส่วนร่วมหรือไม่มีส่วนเกี่ยวข้อง, บุคคลซึ่งไม่ใช่สมาชิก."
คนใน 0,น.,"บุคคลที่เป็นพวกเดียวกัน, บุคคลในบ้าน, บุคคลในวงการ."
คนในอยากออก คนนอกอยากเข้า 0,*น.,คนที่แต่งงานแล้วอยากจะกลับไปเป็นโสด แต่คนที่ยังไม่ได้แต่งงานก็อยากมีชีวิตคู่
คนในอยากออก คนนอกอยากเข้า 1,*ก.,ไม่พอใจภาวะที่เป็นอยู่ ขณะที่คนอื่นต้องการจะมาอยู่ในภาวะนั้น.
คนโปรด 0,น.,ผู้เป็นที่รักใคร่เอ็นดูมากเป็นพิเศษ เช่น เขาเป็นลูกศิษย์คนโปรด.
ค้นพบ 0,ก.,ศึกษาค้นคว้าหรือค้นหาจนได้ความจริงหรือสิ่งที่ยังไม่เคยมีการพบมาก่อน.
คนพรรค์นั้น 0,น.,คนพวกนั้น (มักใช้ในทางดูหมิ่นดูแคลน).
คนพิการ 0,น.,คนที่มีความผิดปรกติหรือบกพร่องทางร่างกาย ทางสติปัญญาหรือทางจิตใจ.
คนเมือง 0,น.,คำเรียกคนพื้นเมืองถิ่นพายัพ.
คนรัก 0,น.,คนที่เป็นที่รักในเชิงชู้สาว.
คนรักเท่าผืนหนัง คนชังเท่าผืนเสื่อ 0,น.,คนรักมีน้อย คนชังมีมาก.
คนร้าย 0,น.,คนที่ไม่มีคุณธรรม
คนร้าย 1,น.,"คนทำผิดอาญา, อาชญากร."
คนร้ายตายขุม 0,น.,"คนทำชั่วย่อมตกนรก, มักใช้เข้าคู่กับ คนดีผีคุ้ม ว่า คนดีผีคุ้ม คนร้ายตายขุม."
คนไร้ความสามารถ 0,น.,บุคคลวิกลจริตซึ่งศาลสั่งให้เป็นคนไร้ความสามารถ.
คนละ 0,ว.,"คนหนึ่ง ๆ, แต่ละคน, เช่น เก็บเงินคนละ ๕ บาท"
คนละ 1,ว.,ต่างหากจากกัน ไม่ใช่อย่างเดียวกัน เช่น ผ้าคนละชนิด หนังสือคนละเล่ม.
คนละไม้คนละมือ 0,*สำ.,ต่างคนต่างช่วยกันทำ.
คนละเรื่องเดียวกัน 0,น.,เรื่องเดียวกันแต่มองต่างกัน.
คนสวน 0,น.,"ลูกจ้างที่มีหน้าที่ดูแลรักษาต้นไม้, ลูกจ้างทำสวน."
คนสาบสูญ 0,น.,บุคคลซึ่งศาลมีคำสั่งให้เป็นคนสาบสูญ ซึ่งถือว่าบุคคลนั้นถึงแก่ความตาย.
คนสุก 0,น.,ชายที่บวชเป็นพระภิกษุและสึกแล้ว.
คนเสมือนไร้ความสามารถ 0,น.,บุคคลที่ไม่สามารถจัดการงานโดยตนเองได้ หรือจัดกิจการไปในทางที่อาจจะเสื่อมเสียแก่ทรัพย์สินของตนเองหรือครอบครัว เพราะกายพิการ จิตฟั่นเฟือนไม่สมประกอบ ประพฤติสุรุ่ยสุร่ายเสเพลเป็นอาจิณ หรือติดสุรายาเมา หรือมีเหตุอื่นใดทำนองเดียวกันนั้น และศาลได้สั่งให้เป็นคนเสมือนไร้ความสามารถ.
คนโสด 0,น.,"ชายหรือหญิงที่ยังไม่ได้แต่งงาน, มักใช้หมายถึง ชายโสด."
ค้นหา 0,ก.,หาอย่างละเอียดถี่ถ้วน เพื่อให้ได้สิ่งที่ต้องการ เช่น ตำรวจค้นหาหลักฐานเกี่ยวกับคดีฆาตกรรม.
ค้นหูก 0,ก.,จัดเส้นไหมหรือด้ายสำหรับทอผ้าให้มีจำนวนเหมาะกันกับช่องฟันฟืม.
คนใหญ่คนโต 0,น.,ผู้ที่มียศหรือมีอำนาจ เช่น งานนี้เขาเชิญแต่คนใหญ่คนโต.
คนโอบ 0,น.,ขนาดของของกลมเช่นเสา ต้นไม้ ที่วัดโดยรอบโดยวิธีใช้แขนทั้ง ๒ ข้างโอบ เช่น เสาขนาด ๒ คนโอบ ต้นไม้ขนาด ๔ คนโอบ.
คเนจร 0,ก.,เที่ยวไปในท้องฟ้า.
คเนจร 1,น.,เรียกตัวหนังใหญ่หรือภาพเขียนจิตรกรรมแบบไทยประเพณีเป็นรูปมนุษย์ รูปยักษ์ ที่อยู่ในท่าเดิน.
คบ 0,น.,"ง่ามต้นไม้ที่กิ่งใหญ่กับลำต้นแยกกัน, คาคบ หรือ ค่าคบ ก็ว่า."
คบ 1,น.,"ของใช้สำหรับจุดไฟให้สว่าง ทำด้วยของแห้งเช่นใบไม้และขี้กบเป็นต้น เอามามัดเป็นดุ้นยาว, มัดเชื้อเพลิง ก็ว่า."
คบ 2,ก.,เข้าเป็นพวกกัน.
คบคนจรนอนหมอนหมิ่น 0,ก.,คบคนหลักลอยอาจเกิดโทษได้ เช่นเดียวกับนอนหนุนหมอนหมิ่นอาจทำให้ตกหมอนได้.
คบคนให้ดูหน้าซื้อผ้าให้ดูเนื้อ 0,ก.,จะพิจารณาคนหรือสิ่งใดสิ่งหนึ่งให้พิจารณาอย่างละเอียดรอบคอบ.
คบค้า 0,ก.,"ไปมาหาสู่เข้าเป็นพวกเดียวกัน, คบหา ก็ว่า."
คบค้าสมาคม 0,ก.,"ไปมาหาสู่เข้าเป็นพวกเดียวกัน, คบหา ก็ว่า."
คบคิด 0,ก.,ร่วมคิดกันทำการอย่างใดอย่างหนึ่งโดยไม่เปิดเผย.
คบชู้ 0,ก.,คบหากับผู้ชายในเชิงชู้สาว
คบชู้ 1,ก.,มีชู้.
คบชู้สู่ชาย 0,ก.,คบหากับผู้ชายในเชิงชู้สาว
คบชู้สู่ชาย 1,ก.,มีชู้.
คบเด็กสร้างบ้าน 0,ก.,"ทำงานใหญ่ร่วมกับเด็กมักไม่เป็นผล, มักใช้เข้าคู่กับ คบหัวล้านสร้างเมือง เป็น คบเด็กสร้างบ้าน คบหัวล้านสร้างเมือง."
คบเพลิง 0,น.,"ของใช้สำหรับจุดไฟให้สว่าง ทำด้วยของแห้งเช่นใบไม้และขี้กบเป็นต้น เอามามัดเป็นดุ้นยาว, มัดเชื้อเพลิง ก็ว่า."
คบไฟ 0,น.,"ของใช้สำหรับจุดไฟให้สว่าง ทำด้วยของแห้งเช่นใบไม้และขี้กบเป็นต้น เอามามัดเป็นดุ้นยาว, มัดเชื้อเพลิง ก็ว่า."
คบหัวล้านสร้างเมือง 0,ก.,"ทำงานใหญ่ร่วมกับคนหัวล้านมักไม่เป็นผล เพราะคนหัวล้านมักใจน้อย โกรธง่าย, ใช้เข้าคู่กับ คบเด็กสร้างบ้าน เป็น คบเด็กสร้างบ้าน คบหัวล้านสร้างเมือง."
คบหา 0,ก.,"ไปมาหาสู่เข้าเป็นพวกเดียวกัน, คบค้า หรือ คบค้าสมาคม ก็ว่า."
คม 0,ก.,"ไหว้, ราชาศัพท์ว่า ทรงคม ในความหมายว่า ทรงไหว้."
คม 1,น.,ส่วนบางมากจนสามารถบาดได้ เช่น คมมีด คมดาบ คมหญ้า.
คม 2,ว.,"ไม่ทื่อ เช่น มีดคม, บาดได้ เช่น ป่านคม"
คม 3,ว.,เฉียบแหลม เช่น ปัญญาคม
คม 4,ว.,"ชัดเจน เช่น ภาพคม เส้นคม, โดยปริยายใช้สำหรับตาและปากซึ่งมีลักษณะอย่างของที่คมอาจบาดหรือแทงใจได้."
คมกริบ 0,ว.,คมมาก
คมกริบ 1,ว.,"ฉลาดทันคน, เฉียบแหลม, ไหวทัน."
คมขำ 0,ก.,สวยอย่างซึ้งใจชวนพิศ มักหมายถึงหญิงผิว ๒ สี.
คมคาย 0,ว.,"ฉลาด, ไหวพริบดี, ทันคน, เช่น วาจาคมคาย พูดจาคมคาย สำนวนภาษาคมคาย, มีแววฉลาด เช่น หน้าตาคมคาย."
คมน์ 0,น.,"การไป, การถึง, มักใช้ประสมกับคำอื่น เช่น สรณคมน์ คมนาการ."
คมน- 0,น.,"การไป, การถึง, มักใช้ประสมกับคำอื่น เช่น สรณคมน์ คมนาการ."
คมนาการ 0,น.,"การไป, การถึง."
คมนาคม 0,น.,"การติดต่อไปมาถึงกัน, การสื่อสาร"
คมนาคม 1,น.,ชื่อกระทรวงที่มีอำนาจหน้าที่เกี่ยวกับการคมนาคม การขนส่ง การพาณิชยนาวี การสื่อสาร และการอุตุนิยมวิทยา.
คมในฝัก 0,ว.,มีความรู้ความสามารถแต่เมื่อยังไม่ถึงเวลาก็ไม่แสดงออกมาให้ปรากฏ.
คมในฝัก 1,น.,ชื่อเพลงยาวกลบทและกลอักษร.
คมบาง 0,น.,"ชื่อหญ้าชนิด Apluda mutica L. ในวงศ์ Gramineae ขอบใบคม, หญ้าพริกพราน ก็เรียก."
คมบาง 1,น.,ชื่อไม้ล้มลุกหลายชนิดในสกุล Carexและ Scleria วงศ์ Cyperaceae เช่น ชนิด C. baccans Nees ผลสุกสีน้ำตาล และชนิด S. purpurascens Steud. ผลสุกสีขาว.
คมสัน 0,ว.,มีหน้าตาท่าทางเข้าทีน่าดู.
คมิกภัต 0,น.,อาหารที่เตรียมถวายภิกษุก่อนที่ท่านจะออกเดินทาง.
ครก 0,น.,"เครื่องใช้ที่มีลักษณะอย่างหลุมสำหรับตำหรือโขลกด้วยสาก, เครื่องใช้ที่ทำด้วยไม้ทั้งท่อนขนาดใหญ่ ยาวประมาณ ๗๐ เซนติเมตร ขุดเนื้อในออกให้เป็นหลุมลึก สำหรับตำหรือซ้อมข้าวเป็นต้นด้วยสากหรือตะลุมพุก เรียกว่า ครกซ้อมมือ, ถ้าใช้ตำด้วยกระเดื่อง เรียกว่า ครกกระเดื่อง"
ครก 1,น.,เรียกขนมที่ทำด้วยแป้งกับกะทิหยอดในภาชนะกระเบื้องหรือโลหะที่ทำเป็นหลุม ๆ ตั้งบนไฟ ว่า ขนมครก
ครก 2,น.,"ชื่อปืนใหญ่ขนาดสั้นใช้สำหรับยิงโดยมีวิถีกระสุนโค้งมาก, เครื่องยิงลูกระเบิด มีลำกล้องขนาดใหญ่และสั้น ผิวลำกล้องเป็นเกลียวหรือเรียบก็ได้ บรรจุลูกระเบิดทางปากกระบอก ใช้สำหรับยิงลูกระเบิดโดยมีวิถีกระสุนโค้งมาก."
ครกกะเบือ 0,น.,"ครกดินสำหรับตำข้าวเบือหรือนํ้าพริกเป็นต้น, ใช้คู่กับ สากกะเบือ."
คร่ง 0,น.,เสือโคร่ง.
ครบ 0,ว.,"ถ้วน, เต็มจำนวนที่กำหนดไว้."
ครบครัน 0,ว.,"พร้อมเพรียง, ไม่ขาดเหลือ, บริบูรณ์."
ครบเครื่อง 0,ว.,สมบูรณ์ทุกประการ เช่น เขาต่อยมวยครบเครื่อง ใช้อวัยวะทุกส่วนเป็นอาวุธได้.
ครบถ้วน 0,ว.,"ถ้วน, เต็มจำนวนที่กำหนดไว้."
ครบบวช 0,ว.,ที่มีอายุตั้งแต่ ๒๐ ปีบริบูรณ์ขึ้นไป ถือว่าอุปสมบทเป็นภิกษุได้.
ครบมือ 0,ว.,มีอยู่ครบในครอบครอง (ใช้แก่อาวุธและคนตั้งแต่ ๒ คนขึ้นไป มักใช้ในทางไม่ดี) เช่น มีอาวุธครบมือ
ครบมือ 1,ว.,มีเครื่องมือเครื่องใช้อย่างพร้อมเพรียง เช่น ช่างไม้มีอุปกรณ์ครบมือ.
ครบสามสิบสอง 0,ว.,มีอวัยวะครบบริบูรณ์ ตามคติทางพระพุทธศาสนา.
ครรชิต 0,ก.,"คำรน, บันลือเสียง, เอิกเกริก, กึกก้อง, กระหึม, เช่น ครรชิตฤทธิ์ราวี (ลอ)."
ครรภ์ 0,น.,"ห้อง, ท้อง เช่น หญิงมีครรภ์ (ใช้เฉพาะผู้หญิงที่มีลูกอยู่ในท้อง)."
ครรภ 0,น.,"ห้อง, ท้อง เช่น หญิงมีครรภ์ (ใช้เฉพาะผู้หญิงที่มีลูกอยู่ในท้อง)."
ครรภ- 0,น.,"ห้อง, ท้อง เช่น หญิงมีครรภ์ (ใช้เฉพาะผู้หญิงที่มีลูกอยู่ในท้อง)."
ครรภ์ไข่ปลาอุก 0,น.,ครรภ์ผิดปรกติที่เซลล์เยื่อหุ้มตัวอ่อนกลายเป็นเนื้องอกในมดลูก มีลักษณะเป็นเม็ดติดกันเป็นพวงคล้ายไข่ปลาอุก.
ครรภธาตุ 0,น.,"ส่วนสำคัญของพระสถูปหรือพระปรางค์ที่บรรจุพระบรมสารีริกธาตุหรือพระธาตุไว้ภายใน, ธาตุครรภ หรือ เรือนธาตุ ก็ว่า."
ครรภธาตุมณฑล 0,น.,ภาวะอันแท้จริงของพระพุทธเจ้าซึ่งอยู่ในสรรพสัตว์ แต่ยังไม่ได้สำแดงให้ปรากฏ.
ครรภมณฑล 0,น.,ห้องประดิษฐานพระพุทธรูปหรือรูปพระโพธิสัตว์.
ครรภมล 0,น.,"รก. (ประกาศ ร. ๔), ราชาศัพท์ว่า พระครรภมล."
ครรโภทร 0,น.,ท้องมีลูก.
ครรลอง 0,น.,"ทาง, แนวทาง, แบบฉบับ."
ครรโลง 0,น.,"โคลง, คำประพันธ์ชนิดหนึ่ง."
ครรไล 0,ก.,"ไคล, ไป."
ครรไลหงส์ 0,น.,“พระผู้มีหงส์เป็นพาหนะ” หมายถึง พระพรหม เพราะพระพรหมทรงมีหงส์เป็นพาหนะ.
ครรหิต 0,ว.,"ถูกจับไว้, ถูกยึดไว้, ซึ่งถือไว้, เช่น ก็บ่มิครรหิตให้แล้ (ม. คำหลวง กุมาร)."
ครวญ 0,ก.,ร้องรำพัน.
ครวญคราง 0,ก.,ครางเรื่อย ๆ ไป.
ครวญหา 0,น.,ชื่อเพลงไทย อัตรา ๒ ชั้น หน้าทับเฉพาะ (เทียบเท่าหน้าทับสองไม้)
ครวญหา 1,น.,ชื่อเพลงไทยประเภทเพลงเถา.
ครวัก 0,ก.,กวัดแกว่ง.
ครวี 0,ก.,กวัดแกว่ง.
ครหา 0,ก.,"ติเตียน, ติโทษ."
ครอก 0,น.,"ลูกสัตว์หลายตัวที่เกิดพร้อมกันคราวเดียว เช่น ลูกครอกปลาช่อน, ลักษณนามเรียกการตกลูกของสัตว์คราวหนึ่ง ๆ เช่น ปีนี้แมวออกลูก ๒ ครอก"
ครอก 1,น.,บุตรที่เกิดจากมารดาที่ขายตัวเป็นทาสที่ขายขาดค่า รวมทั้งทาสเชลย ทาสมรดก และทาสช่วยมาเมื่อทุกข์ยาก เรียกว่า ลูกครอก.
ครอก 2,น.,"เจ้าโดยกำเนิดหรือที่สถาปนาขึ้น, เรียกพระราชโอรสและพระราชธิดาชั้นเจ้าฟ้า ว่า เจ้าครอกฟ้า, เรียกพระองค์เจ้า ว่า เจ้าครอก, และเรียกหม่อมเจ้า ว่า ครอก."
ครอก 3,ว.,เสียงดังเช่นนั้นอย่างเสียงกรนของคนที่หลับ.
ครอง 0,ก.,ปกครองรักษาโดยความเป็นใหญ่ เช่น ครองเมือง
ครอง 1,ก.,"ดำรงไว้, รักษาไว้, เช่น ครองสิกขา ครองชีพ ครองตัว"
ครอง 2,ก.,นุ่งห่ม (ใช้แก่นักบวช) เช่น ครองจีวร ครองผ้า
ครอง 3,ก.,ถือสิทธิเป็นเจ้าของ เช่น เอาไปครองเสียหลายวัน.
ครองแครง 0,น.,"ชื่อขนมทำด้วยแป้งกดบนพิมพ์ที่เป็นรอยริ้ว ๆ คล้ายฝาหอยแครง ต้มกับกะทิ, ถ้าทอดกรอบเคล้านํ้าตาลเคี่ยว เรียกว่า ครองแครงกรอบ."
ครองราชสมบัติ 0,ก.,ดำรงอยู่ในราชสมบัติ.
คร่อเงาะ 0,น.,"ชื่อไม้ต้นขนาดกลางชนิด Terminalia cambodiana Gagnep. ในวงศ์ Combretaceae ใบรีหรือรูปไข่ ดอกเล็ก สีขาวนวล ออกเป็นช่อเล็ก ๆ ผลมี ๕ ครีบ, คร่อเงาะ ก็เรียก."
คร่อเทียน 0,น.,"ชื่อไม้ต้นขนาดกลางชนิด Anogeissus rivularis (Gagnep.) O. Lecompte ในวงศ์ Combretaceae ใบเล็กลักษณะคล้ายใบทับทิม กิ่งมักเรียวและย้อย ช่อดอกและผลเป็นกระจุกกลม, คร่อเทียน ก็เรียก."
ครอบ 0,ก.,เอาของที่มีลักษณะคลุ่ม ๆ คล้ายขันควํ่าเป็นต้นปิดงำไว้ เช่น เอาฝาชีครอบ เอากะลาครอบ.
ครอบ 1,น.,แก้วรูปลูกฟักตัดสำหรับครอบพระพุทธรูปหรือเครื่องบูชาเป็นต้น
ครอบ 2,น.,ภาชนะชนิดหนึ่ง ทำด้วยโลหะ รูปทรงคล้ายลูกฟักหรือคล้ายน้ำเต้า มีเชิง ฝาครอบเป็นรูปทรงหัวเม็ดทรงมัณฑ์เป็นต้น สำหรับใส่น้ำมนต์.
ครอบ 3,ก.,"ประสิทธิ์ประสาทวิชาให้, ถ่ายทอดความรู้ให้"
ครอบ 4,ก.,ทำพิธีรับรองความรู้ เช่น ครูครอบศิษย์ (อย่างครูครอบศิษย์ด้วยหัวโขน).
ครอบครอง 0,ก.,"ยึดถือไว้, มีสิทธิปกครอง"
ครอบครอง 1,ก.,ยึดถือทรัพย์สินไว้โดยเจตนาจะยึดถือเพื่อตน อันทำให้บุคคลได้มาซึ่งสิทธิครอบครอง ทั้งนี้จะยึดถือไว้เองหรือบุคคลอื่นยึดถือไว้ให้ก็ได้.
ครอบครองปรปักษ์ 0,ก.,ครอบครองทรัพย์สินของผู้อื่นไว้โดยความสงบและโดยเปิดเผยด้วยเจตนาเป็นเจ้าของ ถ้าเป็นอสังหาริมทรัพย์ได้ครอบครองติดต่อกันเป็นเวลา ๑๐ ปี ถ้าเป็นสังหาริมทรัพย์ได้ครอบครองติดต่อกันเป็นเวลา ๕ ปี บุคคลนั้นได้กรรมสิทธิ์ในทรัพย์สินนั้น.
ครอบครัว 0,น.,สถาบันพื้นฐานของสังคมที่ประกอบด้วยสามีภรรยาและหมายความรวมถึงลูกด้วย.
ครอบครู 0,น.,พิธีตั้งครูโขนเพื่อให้ผู้นั้นสามารถเป็นผู้ครอบศิษย์ต่อไป.
ครอบคลุม 0,ก.,รวมไปถึง.
ครอบงำ 0,ก.,มีอำนาจเหนือ บังคับให้เป็นไปตาม เช่น กิเลสครอบงำ.
ครอบจักรวาล 0,ว.,ครอบคลุมทุกสิ่งทุกอย่าง เช่น ถามแบบครอบจักรวาลอย่างนี้ตอบยาก.
ครอบจักรวาล 1,ว.,ดูใน ครอบ ๑.
ครอบจักรวาล 2,น.,ชื่อยาเขียว.
ครอบจักรวาล 3,น.,ชื่อกลบทชนิดหนึ่ง เช่น (จารึกวัดโพธิ์).C1496
ครอบจักรวาล 4,น.,ชื่อเพลงไทย อัตรา ๒ ชั้น หน้าทับปรบไก่
ครอบจักรวาล 5,น.,ชื่อเพลงไทยประเภทเพลงโหมโรง
ครอบจักรวาล 6,น.,ชื่อเพลงไทยประเภทเพลงเถา.
ครอบจักรวาล 7,น.,"ชื่อไม้พุ่มในวงศ์ Malvaceae ใบมน ดอกสีเหลือง ผลใช้ทำยาได้ มี ๒ ชนิด คือ ชนิด Abutilon hirtum (Lam.) Sweet ผลมักมี ๒๐-๒๕ ซีก, ครอบตลับ หรือ ยักเพรีย ก็เรียก, และชนิด Fioria vitifolia (L.) Mattei ผลมี ๕ ปีก."
ครอบตลับ 0,น.,"ชื่อไม้พุ่มในวงศ์ Malvaceae ใบมน ดอกสีเหลือง ผลใช้ทำยาได้ มี ๒ ชนิด คือ ชนิด Abutilon hirtum (Lam.) Sweet ผลมักมี ๒๐-๒๕ ซีก, ครอบตลับ หรือ ยักเพรีย ก็เรียก, และชนิด Fioria vitifolia (L.) Mattei ผลมี ๕ ปีก."
คร่อม 0,ก.,"ยืนหรือนั่งแยกขาให้ของอยู่ใต้หว่างขา, ยงโย่ให้ของอยู่ใต้ตัว เช่น เอาตัวคร่อมไว้ นอนคร่อม, เอาสิ่งของเช่นโต๊ะเก้าอี้ตั้งในอาการเช่นนั้น เช่น วางโต๊ะคร่อมกองหนังสือ, โดยปริยายหมายถึงลักษณะที่คล้ายคลึงเช่นนั้น เช่น ปลูกเรือนคร่อมตอ สร้างสะพานคร่อมคลอง นั่งคร่อม ๒ ตำแหน่ง."
คระ 0,*ว.,คำกร่อนของคำหน้าซึ่งซ้ำกับคำหลังในคำที่มี คร- เป็นพยัญชนะต้นในบทกลอน มีคำแปลอย่างเดียวกับคำเดิมนั้น และมีความหมายในทางย้ำคำหรือเป็นพหูพจน์ เช่น คระคราง (หมายความว่า ครางคราง) คระครึ้ม (หมายความว่า ครึ้มครึ้ม) คระโครม (หมายความว่า โครมโครม).
คระ 1,*ว.,ใช้แทน กระ ที่เป็นพยางค์หน้า เช่น คระหน คระหาย คระโหย.
คระเมิม 0,ว.,"ดุ, น่ากลัว, เช่น ครึ้มคระเมิมภัยรา (ม. คำหลวง มหาพน)."
คระแลง 0,ก.,"เอียง, ลอยไป."
คระไล 0,ก.,ไป.
คระวี 0,ก.,"แกว่ง, กระวี ก็ว่า."
คระแวง 0,ก.,"เคว้ง, แคว้ง, หมุนไป."
คระหน 0,ก.,"กระหน, ดิ้นรน, เดือดร้อน, กระวนกระวาย."
คระหวน 0,ก.,หวนนึก.
คระหาย 0,ก.,"กระหาย, อยาก."
คระหิว 0,ก.,"อยาก, หิว."
คระโหย 0,ก.,"กระโหย, ระโหย, โหย, ละเหี่ยใจ."
ครั้ง 0,น.,"คราว, หน, ที."
ครั่ง 0,น.,ชื่อเพลี้ยหอยชนิด Kerria lacca (Kerr) ในวงศ์ Kerriidae เพศเมียไม่มีปีก ขณะเป็นตัวอ่อนระยะแรกมีขาและหนวด เคลื่อนไหวได้ เมื่อลอกคราบเวลาต่อมาจะไม่มีขา เกาะอยู่กับที่ดูดกินนํ้าเลี้ยงจากต้นไม้ เช่น จามจุรี และผลิตสารซึ่งเรียกว่า ขี้ครั่ง นำไปใช้ทำประโยชน์ในอุตสาหกรรมต่าง ๆ หลายอย่าง เช่น เชลแล็ก สีย้อมผ้า.
ครั่ง 1,น.,เอื้องครั่ง. (ดู เอื้องครั่ง ที่ เอื้อง ๑).
ครัดเคร่ง 0,ก.,"แน่น, ตึง, เช่น แก้มทั้งสองข้างดังปรางทอง เต้านมทั้งสองก็ครัดเคร่ง (ขุนช้างขุนแผน), เคร่งครัด ก็ว่า."
ครัดเคร่ง 1,ว.,"เข้มงวด, กวดขัน"
ครัดเคร่ง 2,ว.,ถูกต้องครบถ้วน.
ครัน 0,ว.,"ใช้ประกอบคำอื่นมีความหมายไปในทำนองว่า นัก, แท้, ยิ่ง, จริง, เช่น ครบครัน เสนาะครัน ดีครัน."
ครั้น 0,สัน.,เมื่อ.
ครั่น 0,ก.,รู้สึกประหวั่นพรั่นพรึง.
ครั่น 1,ก.,รู้สึกตึงเนื้อตึงตัว.
ครั่นคร้าม 0,ก.,"เกรงขาม, รู้สึกพรั่นพรึง, สะทกสะท้านด้วยความกลัว."
ครั่นครื้น 0,ก.,สะเทือน.
ครั่นตัว 0,ก.,"รู้สึกหนาว ๆ ร้อน ๆ เป็นอาการแสดงว่าจะเป็นไข้, รู้สึกสะบัดร้อนสะบัดหนาว, รู้สึกตึงเนื้อตึงตัว."
ครั่นเนื้อครั่นตัว 0,ก.,"รู้สึกหนาว ๆ ร้อน ๆ เป็นอาการแสดงว่าจะเป็นไข้, รู้สึกสะบัดร้อนสะบัดหนาว, รู้สึกตึงเนื้อตึงตัว."
ครับ 0,ว.,คำรับหรือคำลงท้ายอย่างสุภาพที่ผู้ชายใช้.
ครัว 0,น.,"โรง เรือน หรือห้องสำหรับทำกับข้าวของกิน, เรียกผู้ที่กินอยู่ร่วมครอบครัวเดียวกัน ว่า ครัว หรือ ครัวเรือน."
ครัว 1,น.,"ของ, สิ่งของ, เครื่องใช้, เช่น พ่อค้าแม่ค้าขายครัว"
ครัว 2,น.,"ทรัพย์มรดก เช่น ลูกหล้าครัวรอม คือ ลูกคนสุดท้องจะได้รับทรัพย์มรดกมากกว่าผู้อื่น, ขายครัวมายาตัว คือ ขายทรัพย์มรดกเพื่อมารักษาตัว."
ครัวเชลย 0,น.,ผู้ที่ถูกกวาดต้อนมาเป็นเชลยทั้งครอบครัวในยามสงคราม.
ครัวทาน 0,น.,ของถวายพระ.
ครัวไฟ 0,น.,ครัว.
ครัวเรือน 0,น.,ครอบครัวที่อยู่ในบ้านเรือนเดียวกัน.
ครา 0,น.,"ครั้ง, คราว, หน."
คร่า 0,ก.,"ฉุดลากไปอย่างไม่ปรานี เช่น ถ้าเจรจาถึง ๒ ครั้งไซ้ให้คร่ามือออกไปจากพระโรงแลให้ห้ามเฝ้าพระบาทสมเด็จพระเจ้าอยู่หัว (สามดวง), ท่านให้มาว่ากล่าวร้องฟ้องณะโรงสานตามกระบินเมืองอย่าให้ตีด่าฉุดคร่าเอาโดยกำลังเองศักอันเลย (สามดวง)"
คร่า 1,ก.,โดยปริยายหมายความว่า พรากเอาไป ในคำว่า คร่าชีวิต เช่น โรคไข้หวัดนกคร่าชีวิตคนไปเป็นจำนวนมาก.
คราก 0,ก.,ยืดขยายออกแล้วไม่คืนตัว เช่น กระเพาะคราก ท้องคราก
คราก 1,ก.,สึกกร่อน เช่น รูกลอนคราก รูรอดคราก
คราก 2,ก.,กระดูกตะโพกเคลื่อนที่แยกออก เรียกว่า ตะโพกคราก.
คราง 0,ก.,"ร้องเบา ๆ เรื่อย ๆ ด้วยความเจ็บปวดหรือเสียใจ, มักใช้เข้าคู่กับคำ ครวญ เป็น ครวญคราง"
คราง 1,ก.,ร้องเสียงลากยาว ๆ อย่างเสียงฟ้าร้อง เช่น อัมพรอุทรคราง เรียมคร่ำ ครวญแม่ (นิ. นรินทร์).
คราง 2,น.,"ชื่อหอยทะเลกาบคู่บางชนิดในสกุล Scapharcaวงศ์ Arcidae ลักษณะคล้ายหอยแครงแต่ขนาดใหญ่กว่า ด้านนอกเปลือกมักมีเส้นคล้ายขน เช่น ชนิด S. inequivalvis (Bruguière), แครงขน ก็เรียก."
คราญ 0,ว.,"งาม, สวย, น่ารัก, ใช้ประสมกับคำอื่น เช่น นงคราญ สะคราญ."
คราด 0,น.,"เครื่องมือทำไร่ทำนาใช้วัวหรือควายลาก ลักษณะเป็นคาน มีซี่ห่าง ๆ กัน มีคันชักสำหรับลากขี้หญ้าและทำให้ดินที่ไถแล้วซุย, เครื่องมือสำหรับชักหรือลากขี้หญ้าหรือหยากเยื่อเป็นต้น ทำเป็นซี่ ๆ มีด้ามสำหรับจับชักหรือลากไป."
คราด 1,ก.,ชักหรือลากขี้หญ้าเป็นต้นด้วยคราดนั้น.
คราด 2,น.,"ชื่อไม้ล้มลุกหลายชนิดในวงศ์ Compositae ขึ้นตามที่รกร้างว่างเปล่าในที่ชื้นแฉะ เรียกกันว่า ผักคราด หรือ ผักคราดหัวแหวน เช่น ชนิด Acmella oleracea (L.) R. K. Jansen ดอกสีเหลืองทรงกรวยแหลม ขนาดเท่าปลายนิ้วก้อย, พายัพเรียก ผักเผ็ด."
คร้าน 0,ว.,"มีความรู้สึกไม่อยากจะทำหรือคิดหรือไม่อยากแสดงอาการใด ๆ, ตามปรกติเมื่อใช้พูดมักมีคำ ขี้ ประกอบหน้า เช่น ขี้คร้าน และมักใช้เข้าคู่กับคำ เกียจ เป็น เกียจคร้าน ขี้เกียจขี้คร้าน หมายความว่า ไม่อยากทำงาน."
คราบ 0,น.,"หนังหรือเปลือกนอกของสัตว์บางชนิดที่ลอกออกได้ เช่น คราบงู คราบกุ้ง, โดยปริยายหมายถึงลักษณาการที่คล้ายคลึงเช่นนั้น เช่น คนบาปในคราบของนักบุญ"
คราบ 1,น.,รอยเปื้อนติดกรังอยู่ เช่น คราบนํ้า คราบนํ้ามัน.
คราบหมู 0,น.,เรียกมะขามฝักที่จวนจะแก่ ว่า มะขามคราบหมู.
คร้าม 0,ก.,"ขยาด, ไม่กล้าสู้, กลัวเกรง, มักใช้เข้าคู่กับคำ ครั่น เป็น ครั่นคร้าม หมายความว่า เกรงขาม, รู้สึกพรั่นพรึง, สะทกสะท้านด้วยความกลัว."
คราม 0,น.,"บ้าน, มักใช้ประกอบกับคำอื่น เช่น ราชคราม."
คราม 1,น.,ผงสีนํ้าเงินที่ได้จากต้นคราม.
คราม 2,ว.,สีนํ้าเงิน.
คราม 3,น.,ชื่อไม้พุ่มชนิด Indigofera tinctoria L. ในวงศ์ Leguminosae ปลูกเพื่อใช้ใบและต้นทำสีนํ้าเงิน ใช้ย้อมผ้า.
คราม 4,น.,"ชื่อไม้ล้มลุกชนิด Strobilanthes cusia (Nees) Kuntze ในวงศ์ Acanthaceae ใบใช้ทำสีนํ้าเงิน ใช้ย้อมผ้า, พายัพเรียก ห้อม หรือ ห้อมเมือง, เขียนเป็น ฮ่อม หรือ ฮ่อมเมือง ก็มี."
คร้ามเกรง 0,ก.,เกรงกลัว.
ครามครัน 0,ว.,"มาก, หลาย, นัก."
คร่าว 0,น.,โครงสร้างซึ่งทำขึ้นด้วยวัสดุอย่างใดอย่างหนึ่งเช่นไม้ โลหะ เพื่อใช้ในการยึดแผ่นวัสดุที่ทำเป็นฝา รั้ว หรือฝ้าเพดาน ส่วนใหญ่จะยึดกับโครงสร้างที่สำคัญมีเสาคาน เป็นต้น คร่าวตีได้ทั้งในแนวตั้ง แนวนอน หรือเป็นตาราง.
คราว 0,น.,"ครั้ง, หน, เช่น คราวหน้า คราวหลัง, รุ่น เช่น เด็ก ๒ คนนี้อายุคราวเดียวกัน, ใช้เป็นลักษณนาม เช่น สินค้าชนิดนี้ส่งเข้ามา ๓ คราว."
คราว 1,ว.,เรียกแมวตัวผู้ที่แก่ รูปร่างใหญ่ หน้าตาดุน่ากลัว และมีหนวดยาว ว่า แมวคราว.
คร่าว ๆ 0,ว.,"เลา ๆ พอเห็นเป็นเค้า, ยังไม่เรียบร้อย."
คราส 0,ก.,กิน เช่น จันทรคราส สุริยคราส (โบราณ เขียนเป็น จันทรคาธ สุริยคาธ โดยถือว่ามาจากบาลีว่า จนฺทคฺคาห สุริยคฺคาห)
คราส 1,ก.,"จับ, ถือ, เช่น สิบนิ้วคราสคนธกำจร เทียนธูปบวร (สมุทรโฆษ)."
ครำ 0,น.,"เรียกน้ำเสียที่ขังอยู่ในพื้นดินที่เป็นแอ่งเช่นใต้ถุนครัว ในท่อระบายน้ำเสีย ว่า นํ้าครำ, ไขเสนียด ก็เรียก."
คร่ำ 0,ว.,เรียกของเหลวในถุงเยื่อหุ้มลูกในมดลูกของสัตว์เลี้ยงลูกด้วยนม ทำหน้าที่ลดผลการกระทบกระแทก และช่วยหล่อลื่นในตอนคลอดเป็นต้น ว่า นํ้าครํ่า เรียกถุงเยื่อหุ้มที่บรรจุน้ำคร่ำ ว่า ถุงน้ำคร่ำ.
คร่ำ 1,ว.,เก่ามาก เช่น โบสถ์หลังนี้เก่าคร่ำ.
คร่ำ 2,ก.,ร้องไห้.
คร่ำ 3,ก.,"เอาเส้นเงินหรือเส้นทองกดและตอกให้ติดบนผิวเหล็ก ทำเป็นลวดลาย, ถ้าเป็นลวดลายเงิน เรียก คร่ำเงิน, ถ้าเป็นลวดลายทอง เรียก คร่ำทอง."
คร่ำครวญ 0,ว.,ร้องรํ่ารำพัน.
คร่ำคร่า 0,ว.,เก่าแก่จนชำรุดทรุดโทรม เช่น กระท่อมเก่าคร่ำคร่า.
คร่ำครึ 0,ว.,"เก่าเกินไป, ไม่ทันสมัย."
คร่ำเคร่ง 0,ว.,หมกมุ่นในการทำงานเป็นต้นอย่างหามรุ่งหามคํ่า.
คร่ำเครอะ 0,ว.,"สกปรก, เปรอะเปื้อน."
คร่ำหวอด 0,ว.,"มีประสบการณ์สูง, มีความชำนาญสูงมาก, เช่น เขาคร่ำหวอดอยู่ในวงการเมือง."
คริปทอน 0,น.,"ธาตุลำดับที่ ๓๖ สัญลักษณ์ Kr เป็นแก๊สเฉื่อย มีปรากฏเพียง ๑ ใน ๖๗๐,๐๐๐ ส่วนในบรรยากาศ."
คริสต์ 0,น.,ชื่อหนึ่งของพระเยซู ผู้ตั้งศาสนาคริสต์.
คริสตกาล 0,น.,สมัยเมื่อพระเยซูยังมีพระชนม์อยู่.
คริสตจักร 0,น.,ประชาคมที่เชื่อและรับพระเยซูเป็นพระผู้ไถ่บาป แบ่งเป็น ๓ นิกายใหญ่ ได้แก่ โรมันคาทอลิก โปรเตสแตนต์ และออร์ทอดอกซ์.
คริสต์มาส 0,น.,วันสมภพของพระเยซู.
คริสต์มาส 1,น.,ดูใน คริสต์.
คริสต์มาส 2,น.,"ชื่อไม้พุ่มชนิด Euphorbia pulcherrima (R. Grah.) Willd. ex Klotzsch ในวงศ์ Euphorbiaceae ออกดอกในฤดูหนาว มีใบประดับสีแดง, สองฤดู หรือ โพผัน ก็เรียก."
คริสต์ศตวรรษ 0,น.,รอบ ๑๐๐ ปี นับตั้งแต่วันสมภพของพระเยซู.
คริสต์ศักราช 0,น.,ปีนับตั้งแต่วันสมภพของพระเยซู เริ่มตั้งภายหลังพุทธศักราช ๕๔๓ ปี (พุทธศักราชลบด้วย ๕๔๓ เท่ากับคริสต์ศักราช).
คริสต์ศาสนิกชน 0,น.,ผู้ที่นับถือคริสต์ศาสนา.
คริสตัง 0,น.,ผู้นับถือคริสต์ศาสนานิกายโรมันคาทอลิก.
คริสเตียน 0,น.,ผู้นับถือคริสต์ศาสนานิกายโปรเตสแตนต์.
ครี้ 0,น.,"ชื่อไม้พุ่มรอเลื้อยชนิด Dalbergia parviflora Roxb. ในวงศ์ Leguminosae มีทางปักษ์ใต้ เนื้อไม้สีแดงคลํ้าคล้ายไม้ชิงชัน, ครี้ หรือ สรี้ ก็เรียก."
ครีครอ 0,ว.,รีรอ เช่น จักเลี้ยงชีพเคร่าครีครอ อยู่เท่าเพียงพอ ชีพิตก็ยากยังฉงน (สมุทรโฆษ).
ครีบ 0,น.,อวัยวะที่เป็นแผ่นติดกันเป็นพืดอยู่ใต้ท้องและสันหลังของปลาเป็นต้น
ครีบ 1,น.,เรียกของบางอย่างที่มีลักษณะเช่นนั้น เช่น ครีบตาล คือ ครีบ ๒ ข้างของทางตาล มีลักษณะคล้ายฟันเลื่อย.
ครีบสิงห์ 0,น.,ชื่อลายชนิดหนึ่ง.
ครีบหลังสิงห์ 0,น.,ชื่อลายชนิดหนึ่ง.
ครีม 0,น.,หัวนํ้านมส่วนที่ลอยขึ้นมา
ครีม 1,น.,อาหารที่ผสมด้วยครีมหรือมีลักษณะคล้ายครีม เช่น ครีมหน้าขนมเค้ก
ครีม 2,น.,สิ่งที่มีนํ้ามันผสมอยู่และมีลักษณะเหนียวข้นคล้ายครีม จะมีครีมผสมอยู่ด้วยหรือไม่ก็ตาม เช่น ครีมทาหน้า ครีมใส่ผม.
ครีม 3,ว.,สีอย่างสีขาวออกเหลือง.
ครีษมายัน 0,น.,"จุดสุดทางเหนือ เมื่อดวงอาทิตย์ปรากฏในราววันที่ ๒๒ มิถุนายน เป็นจุดในหน้าร้อน มีกลางวันยาวที่สุด เรียกว่า ครีษมายัน (summer solstice), คู่กับ เหมายัน, อุตตรายัน ก็เรียก."
ครึ 0,ว.,เก่าไม่ทันสมัย.
ครึกครื้น 0,ว.,"สนุกสนาน, ร่าเริง, เช่น ใจครึกครื้น"
ครึกครื้น 1,ว.,เอิกเกริก เช่น งานครึกครื้น ขบวนแห่ครึกครื้น.
ครึกโครม 0,ว.,"อึกทึก, อื้ออึง, ชวนให้ตื่นเต้น, เป็นที่เล่าลือกันแพร่หลาย."
ครึ่ง 0,ว.,"กึ่ง, ๑ ส่วนใน ๒ ส่วน."
ครึ่ง ๆ กลาง ๆ 0,ว.,"ไม่ตลอด, ไม่เต็มที่."
ครึ่งชาติ 0,น.,"ลูกที่เกิดจากพ่อแม่ที่เป็นคนต่างชาติกัน, ลูกครึ่ง ก็ว่า."
ครึ่งซีก 0,ว.,"ครึ่งหนึ่ง เช่น มะพร้าวครึ่งซีก, (ปาก) ครึ่งดวง, เรียกดวงจันทร์ในวัน ๘ ค่ำ ว่า พระจันทร์ครึ่งซีก."
ครึ่งต่อครึ่ง 0,ว.,อย่างหรือฝ่ายละครึ่งเท่า ๆ กัน.
ครึ่ด 0,ว.,"ดาษไป, เกลื่อนไป, เช่น คนมากันครึ่ด สีแดงครึ่ด, ครืด ก็ว่า."
ครึน 0,น.,"ชื่อเครื่องดักนกและไก่ทำเป็นบ่วง, ครืน ก็เรียก."
ครึม 0,น.,"ป่าทึบ, ป่ารก."
ครึ้ม 0,ว.,มืดมัว เช่น อากาศครึ้ม
ครึ้ม 1,ว.,ร่มและเย็น เช่น ป่าครึ้ม
ครึ้ม 2,ว.,ดกและงาม (ใช้แก่หนวด)
ครึ้ม 3,ว.,ทำให้เพลิดเพลิน เช่น เสียงมโหรีครึ้ม.
ครึ้ม 4,ก.,"กริ่ม, กระหยิ่ม, ร่าเริงในใจ, เช่น ครึ้มใจ."
ครึมครุ 0,น.,"ป่าทึบ, ป่ารก."
ครืด 0,ว.,"ดาษไป, เกลื่อนไป, เช่น คนมากันครืด สีแดงครืด, ครึ่ด ก็ว่า."
ครืด 1,ว.,เสียงดังเช่นนั้นอย่างเสียงลากสิ่งของครูดไป หรือเสียงกรน.
ครืดคราด 0,ว.,เสียงดังเช่นนั้นอย่างเสียงหายใจไม่สะดวก.
ครืดคราด 1,ว.,ดูใน ครืด ๒.
ครืดคราด 2,น.,"ชื่อปลาทะเลหลายชนิดในสกุล Terapon และ Pelates วงศ์ Teraponidae มีเส้นดำข้างลำตัวข้างละ ๔-๖ เส้น แล้วแต่ชนิด อาศัยอยู่ตามชายฝั่งทะเลและบริเวณน้ำกร่อย ขนาดยาวได้ถึง ๓๓ เซนติเมตร เช่น ชนิด T. jarbua (Forsskål), P. quadrilineatus (Bleeker), ออดแอด หรือ ครืดคราด ก็เรียก."
ครื้น 0,ว.,"เอิกเกริก, กึกก้อง, สนั่น, มากด้วยกัน."
ครืน 0,น.,"ชื่อเครื่องดักนกและไก่ทำเป็นบ่วง, ครืน ก็เรียก."
ครืน 1,ว.,เสียงดังลั่นเช่นฟ้าร้อง.
ครืน 2,ว.,"เอิกเกริก, กึกก้อง, สนั่น, มากด้วยกัน."
ครืนครั่น 0,ว.,"เอิกเกริก, กึกก้อง, สนั่น, มากด้วยกัน."
ครื้นครั่น 0,ว.,"เอิกเกริก, กึกก้อง, สนั่น, มากด้วยกัน."
ครื้นครึก 0,ว.,"ครึกครื้น, รื่นเริง, สนุกสนาน, เอิกเกริก."
ครื้นเครง 0,ว.,"เสียงดังครึกครื้น, เครงครื้น ก็ว่า, สนุกสนาน เช่น หัวเราะกันอย่างครื้นเครง, มีอารมณ์สนุกสนาน เช่น เขาเป็นคนครื้นเครง."
ครือ 0,ก.,คือ.
ครือ 1,ว.,"ไม่คับไม่หลวม เช่น เสื้อครือตัว, พอ ๆ กัน เช่น เด็ก ๒ คนนี้ขยันครือ ๆ กัน."
ครือ ๆ 0,ว.,"ไม่คับไม่หลวม เช่น เสื้อครือตัว, พอ ๆ กัน เช่น เด็ก ๒ คนนี้ขยันครือ ๆ กัน."
ครุ 0,น.,ภาชนะสานชนิดหนึ่ง รูปกลม ๆ เหมือนกะลาตัด ยาชัน มีหูหิ้ว ใช้ตักน้ำ.
ครุ 1,ว.,"หนัก, ใช้ในตำราฉันทลักษณ์ หมายถึง พยางค์ที่มีเสียงหนัก ได้แก่ พยางค์ที่ประกอบด้วยสระเสียงยาวและสระเกินทั้ง ๔ คือ สระอำ ใอ ไอ เอา เช่น ตา ดำ (สระอำถือเป็น ครุ ก็ได้ ลหุ ก็ได้) และพยางค์ที่มีตัวสะกดทั้งสิ้น เช่น หัด เรียน ใช้เครื่องหมาย ั แทน, คู่กับ ลหุ ซึ่งใช้เครื่องหมาย ุ แทน."
ครุ 2,น.,ครู.
ครุก- 0,ว.,หนัก เช่น ครุกาบัติ ว่า อาบัติหนัก.
ครุกรรม 0,น.,"กรรมหนัก มีทั้งฝ่ายกุศลและอกุศล, การได้บรรลุฌานสมาบัติเป็นครุกรรมฝ่ายกุศล การกระทำอนันตริยกรรมเป็นครุกรรมฝ่ายอกุศล."
ครุกาบัติ 0,น.,อาบัติหนัก ได้แก่ อาบัติปาราชิก เมื่อภิกษุต้องอาบัติปาราชิก ถือว่าขาดจากความเป็นภิกษุทันที แม้กลับมาบวชใหม่ก็ไม่เป็นภิกษุ.
ครุคระ 0,ว.,"ขรุขระ, ไม่เรียบเป็นตะปุ่มตะป่ำ, เช่น ทั้งคางเคราก็ครุคระขึ้นรำไรอกย่นขนเขียวขดแข็ง (ม. ร่ายยาว ชูชก)."
ครุฑ 0,น.,"พญานกในเทพนิยาย เป็นพาหนะของพระนารายณ์, ใช้เป็นตราแผ่นดินและเครื่องหมายทางราชการ."
ครุฑกระทง 0,น.,"ชื่อไม้พุ่มชนิด Polyscias scutellaria (Burm.f.) Fosberg ในวงศ์ Araliaceae แผ่นใบแบน ขอบใบห่อขึ้นเล็กน้อย ใบด้านบนเป็นลายด่างสีขาวนวล เขียว และเขียวอ่อนปนกัน, ครุฑกระทง ก็เรียก."
ครุฑพาห 0,น.,ดูเครื่องหมายครุฑพ่าห์.
ครุฑพ่าห์ 0,น.,ดูเครื่องหมายครุฑพ่าห์.
ครุฑพ่าห์ 1,น.,ชื่อธงมีลักษณะเป็นธงสามชาย ๓ ผืน ผืนธงทำด้วยผ้าปักไหมทองเป็นลวดลายเครือกระหนก สอดร่วมอยู่ในคันธงเดียวกันซึ่งเป็นเหล็กและทำเป็นกิ่งแยกจากคันกลางทางด้านซ้ายและด้านขวา ปลายคันธงทำเป็นรูปใบหอก ที่โคนคันธงตรงส่วนสวมต่อกับคันธงท่อนล่างติดรูปพระนารายณ์ทรงครุฑ เข้าคู่กับธงกระบี่ธุช โดยธงพระครุฑพ่าห์อยู่ทางด้านขวา และธงกระบี่ธุชอยู่ทางด้านซ้าย.
ครุ่น 0,ว.,"บ่อย ๆ เช่น เจ็บปวดครุ่นไปไข้ชราถอยกำลังวังชาลงทุกปี (สังข์ทอง), ซ้ำ ๆ, รํ่าไป, เช่น ครุ่นแค้น."
ครุ่นคิด 0,ก.,คิดซ้ำ ๆ ซาก ๆ.
ครุ่นคิด 1,ก.,ดูใน ครุ่น.
ครุ่นคิด 2,น.,ชื่อเพลงไทย อัตรา ๒ ชั้น หน้าทับเฉพาะ (เทียบเท่าหน้าทับสองไม้).
ครุภัณฑ์ 0,น.,ของที่ใช้ทนทาน เช่น ตู้ โต๊ะ เก้าอี้.
ครุมเครือ 0,ว.,คลุมเครือ.
ครุย 0,น.,"ชายผ้าที่ทำให้รุ่ยเป็นเส้น ๆ, ชายครุย ก็ว่า"
ครุย 1,น.,ชื่อเสื้อจำพวกหนึ่ง ใช้สวมหรือคลุม มีหลายชนิด ใช้เป็นเครื่องประกอบเกียรติยศหรือแสดงหน้าที่ในพิธีการหรือแสดงวิทยฐานะ.
ครุวนา 0,น.,"อุปมา, เปรียบ."
ครุวาร 0,น.,วันพฤหัสบดี ถือว่าเป็นวันครู.
ครุศาสตร์ 0,น.,วิชาว่าด้วยการสร้างพื้นฐานและความรู้ของการเป็นครู ประกอบด้วยวิชาการศึกษาเป็นต้น.
ครู 0,น.,"ผู้สั่งสอนศิษย์, ผู้ถ่ายทอดความรู้ให้แก่ศิษย์."
ครู่ 0,น.,เวลาชั่วขณะหนึ่ง เช่น เวลาชั่วครู่.
ครู 1,น.,ชื่อยาม ๑ ใน ๘ ยามในเวลากลางวัน. (ดู ยาม).
ครู่ 1,ก.,ลาก ถู หรือรู่ไปบนของแข็ง.
ครูด 0,ก.,ขูดหรือครู่ไป.
ครูบา 0,น.,"ครูผู้สอนกุลบุตร หมายถึง สมภาร, คำใช้เรียกพระเถระผู้เป็นที่เคารพนับถือ ซึ่งมักจะมีอายุ ๕๐ ปีขึ้นไป."
คฤโฆษ 0,ก.,"กึกก้อง, ดังลั่น, เช่น คฤโฆษกลองฆ้องเคล้า คลี่ดูริย (ยวนพ่าย)."
คฤธระ 0,น.,"แร้ง, ในบทประพันธ์ใช้ว่า คฤธร ก็มี เช่น เกิดเป็นภักษแก่กังกโกรญจคฤธรกา บินมาวว่อนร่อนก็ร้อง (สมุทรโฆษ)."
คฤนถ์ 0,น.,ตัวอักษรแบบหนึ่งของอินเดียภาคใต้ที่ใช้เขียนตำรา.
คฤห 0,น.,"เรือน, ช่องคูหา, ที่นั่งบนเรือหรือรถมีลักษณะอย่างเรือน เช่น เรือคฤห รถคฤห."
คฤห- 0,น.,"เรือน, ช่องคูหา, ที่นั่งบนเรือหรือรถมีลักษณะอย่างเรือน เช่น เรือคฤห รถคฤห."
คฤหบดี 0,น.,"ชายที่เป็นเจ้าบ้าน, ผู้มีอันจะกินซึ่งเป็นเจ้าบ้าน, คหบดี ก็ว่า."
คฤหปัตนี 0,น.,"หญิงที่เป็นเจ้าบ้าน, ภรรยาของคฤหบดี, คหปตานี ก็ว่า."
คฤหัสถ์ 0,น.,"ผู้ครองเรือน, ผู้ไม่ใช่นักบวช, ฆราวาส, ภาษาปากใช้ว่า กระหัด."
คฤหา 0,น.,เรือน เช่น มักเที่ยวสู่คฤหา แห่งท่าน นะพ่อ (โลกนิติ).
คฤหาสน์ 0,น.,"เรือน, โดยมากหมายถึงเรือนขนาดใหญ่และสง่าผ่าเผย."
คล 0,น.,คอ เช่น เหลือกตาเมียงเอียงคล (ม. คำหลวง กุมาร).
คลวง 0,น.,"เรือน, ที่นั่ง, ตำหนัก."
คลวง 1,น.,"โรงถลุงดีบุก, (ปาก) กลวง."
คลอ 0,ก.,เคียงคู่กันไปอย่างคู่รักหรืออย่างสนิทสนม
คลอ 1,ก.,"ปริ่ม, ใกล้จะไหล, ในคำว่า น้ำตาคลอ หรือ น้ำตาคลอหน่วย"
คลอ 2,ก.,บรรเลงดนตรีไปพร้อมกับการขับร้อง โดยพยายามดำเนินทำนองให้ใกล้เคียงกับทำนองร้องมากที่สุด.
คลอก 0,ก.,อาการที่ไฟล้อมเผาหนีออกไม่ได้ เช่น ถูกไฟคลอกตาย.
คลอเคลีย 0,ก.,"เคล้าคู่กัน, เคียงเคล้ากันไป, เคลียคลอ ก็ว่า."
คลอแคล 0,ก.,"ไม่ห่างออก, เคียงกัน, เช่น ปีกเจ้ายังอ่อนคลอแคล ตัวแม่จะสอนบิน (กล่อมเด็ก), ใช้ว่า คล้อแคล้ ก็มี."
คล้อแคล้ 0,ก.,"ไม่ห่างออก, เคียงกัน, เช่น คลิ้งโคลงคล้อแคล้ในรัง (สมุทรโฆษ), คลอแคล ก็ว่า."
คลอง 0,น.,ทางนํ้าหรือลำนํ้าที่เกิดขึ้นเองหรือขุดเชื่อมกับแม่นํ้าหรือทะเล
คลอง 1,น.,"ทาง, แนว, เช่น คลองธรรม."
คล่อง 0,ว.,"สะดวก เช่น หายใจได้คล่องขึ้น, ว่องไว เช่น เด็กคนนี้ใช้คล่อง, ไม่ฝืด เช่น คล่องคอ, ไม่ติดขัด เช่น พูดคล่อง."
คล้อง 0,ก.,"เอาของที่มีลักษณะเป็นเส้น เป็นวง หรือเป็นบ่วง คาด เกี่ยว หรือสวมสิ่งใดสิ่งหนึ่งเข้า เช่น ผ้าคล้องคอ คล้องพวงมาลัย คล้องช้าง, เอาของที่เป็นวงหรือโค้งเกี่ยวหรือเกี่ยวกัน เช่น ลูกโซ่คล้องกัน คล้องแขน, รับกัน เช่น ชื่อคล้องกัน."
คล่องแคล่ว 0,ว.,"ว่องไว, สามารถทำได้รวดเร็ว, แคล่วคล่อง ก็ว่า."
คล้องจอง 0,ก.,"สัมผัสกัน, มีเสียงสระเดียวกันหรือถ้ามีตัวสะกดก็ต้องอยู่ในมาตราเดียวกัน เช่น มี-ปี จันทร์-ฉัน การ-บาน"
คล้องจอง 1,ก.,ไม่ขัดกัน เช่น พยานให้การคล้องจองกัน.
คล่องตัว 0,ว.,"เคลื่อนไหวไปได้สะดวก, เป็นไปได้โดยสะดวกไม่ติดขัด."
คล่องปาก 0,ว.,"เจนปาก, ขึ้นปาก ก็ว่า."
คล่องมือ 0,ว.,"ถนัดมือ, เหมาะกับมือ, เช่น มีดเล่มนี้ใช้คล่องมือ"
คล่องมือ 1,ว.,"สะดวก, ไม่ขาดแคลน, เช่น เขามีเงินใช้คล่องมืออยู่เสมอ."
คลองเลื่อย 0,น.,"ร่องไม้ที่เลื่อยเลื่อยเข้าไป, แนวฟันของเลื่อย."
คลองส่งน้ำ 0,น.,ลำนํ้าที่ขุดขึ้นเพื่อใช้ในการชลประทาน.
คลอด 0,ก.,"ออกลูก, ออกจากครรภ์, ราชาศัพท์ว่า ประสูติ เช่น ประสูติพระราชโอรส ประสูติพระราชธิดา"
คลอด 1,ก.,ออก เช่น กฎหมายใหม่ยังไม่คลอด.
คลอน 0,ว.,เคลื่อนไปมาได้ในที่บังคับ เช่น ฟันคลอน.
คลอนแคลน 0,ว.,"ง่อนแง่น, ไม่มั่นคง, เช่น ฐานะคลอนแคลน."
คล้อย 0,ว.,เพิ่งพ้นจากที่กำหนดไป เช่น เขาเพิ่งเดินคล้อยไปเมื่อสักครู่นี้.
คล้อย 1,ก.,"บ่าย, ชาย, เรียกอาการที่ดวงตะวันเลยเที่ยงไปแล้ว ว่า ตะวันคล้อย, เรียกอาการที่ดวงจันทร์เลยเที่ยงคืนไปแล้ว ว่า เดือนคล้อย"
คล้อย 2,ก.,"หย่อนลง, ลดต่ำ, เรียกนมที่หย่อนลงเล็กน้อย ว่า นมคล้อย."
คล้อยคล้อย 0,ก.,"ไกลออกไปทุกที, เคลื่อนออกไปไกล."
คล้อยตาม 0,ก.,"สอดคล้องไปในทางเดียวกัน, มีความเห็นอย่างเดียวกัน, เช่น ฉันเห็นคล้อยตามเขา."
คล้อยหลัง 0,ว.,ผ่านพ้นไปยังพอเห็นหลังไว ๆ เช่น เขาเพิ่งเดินคล้อยหลังไปไม่นาน.
คลอรีน 0,น.,ธาตุลำดับที่ ๑๗ สัญลักษณ์ Cl เป็นอโลหะ ลักษณะเป็นแก๊สสีเขียวแกมเหลือง มีกลิ่นฉุนชวนสำลัก เป็นแก๊สพิษ ใช้ประโยชน์ในการฆ่าเชื้อโรคในนํ้าในอุตสาหกรรมผลิตกรดเกลือในการผลิตผงฟอกจาง ยาฆ่าแมลงหลายชนิด เช่น ดีดีที มีคลอรีนเป็นองค์ประกอบสำคัญ.
คลอโรฟอร์ม 0,น.,ของเหลวไม่มีสี ระเหยง่าย มีกลิ่นหอมหวาน มีสูตร CHCl_3 ใช้เป็นยาสลบและตัวทำละลาย.
คลอโรฟิลล์ 0,น.,สารสีเขียว มีปรากฏในพืช ซึ่งสามารถดูดกลืนพลังงานแสงอาทิตย์มาใช้ในกระบวนการสังเคราะห์ด้วยแสง โดยใช้นํ้าและแก๊สคาร์บอนไดออกไซด์ในอากาศมาผลิตคาร์โบไฮเดรตได้.
คลอหน่วย 0,ว.,"เรียกน้ำตาที่ปริ่มอยู่ที่ขอบตาเมื่อร้องไห้ ว่า น้ำตาคลอหน่วย, น้ำตาล่อหน่วย หรือ น้ำตาขังหน่วย ก็ว่า."
คละ 0,ว.,ลักษณะที่ปนกัน ทั้งขนาดเล็กและใหญ่ ทั้งดีและไม่ดี เช่น ผลไม้ผลเล็กผลใหญ่ปนกัน เรียกว่า คละกัน.
คละคล่ำ 0,ว.,"ปนกันไป, ดื่นไป."
คละคลุ้ง 0,ก.,"คลุ้ง, เหม็นคล้ายกลิ่นของเค็มปนกับของเน่า, เช่น ใบก็เหม็นคาวปลา คละคลุ้ง (โลกนิติ)."
คละปน 0,ก.,ปนกันทั้งขนาดเล็กและใหญ่ ทั้งดีและเลว เป็นต้น.
คลัก 0,ว.,"ยัดเยียด, ออกันอยู่, รวมกันอยู่มาก ๆ, เช่น หนอนคลัก คนคลั่ก, มาก ๆ เช่น น้ำยาหม้อนี้ข้นคลั่ก."
คลั่ก 0,ว.,"ยัดเยียด, ออกันอยู่, รวมกันอยู่มาก ๆ, เช่น หนอนคลัก คนคลั่ก, มาก ๆ เช่น น้ำยาหม้อนี้ข้นคลั่ก."
คลัก 1,น.,ตาที่จะสุก (ใช้แก่การเล่นดวด)
คลัก 2,น.,"ที่ที่ไก่หรือนกเขี่ยเป็นหลุม แล้วนอนในหลุมนั้น, ที่ที่ปลามารวมกันอยู่ในบ่อหรือหนองที่น้ำงวด."
คลั่ก 1,ว.,เสียงดังเช่นนั้น เช่น หม้อข้าวเดือดคลั่ก ๆ.
คลัก 3,ก.,ทำให้สกปรก เช่น ตัวเปื้อนอย่ามาคลักที่นอน.
คลั่ก ๆ 0,ว.,เสียงดังเช่นนั้น เช่น หม้อข้าวเดือดคลั่ก ๆ.
คลัง 0,น.,"ที่เก็บรักษาและรับจ่ายเงิน เช่น แผนกคลัง, สถานที่เก็บรักษาสิ่งของเป็นจำนวนมาก ๆ เช่น คลังพัสดุ."
คลั่ง 0,ก.,"แสดงอาการผิดปรกติอย่างคนบ้า, เสียสติ"
คลั่ง 1,ก.,"โดยปริยายหมายความว่า หลงใหลในบุคคลหรือสิ่งใดสิ่งหนึ่ง เช่น คลั่งดารา, หมกมุ่นอยู่กับงานหรือสิ่งใดสิ่งหนึ่ง เช่น คลั่งอำนาจ คลั่งเล่นกล้วยไม้, คลั่งไคล้ ก็ว่า."
คลัง 1,น.,"ไม้กระบอกที่ร้อยโซ่หรือเชือกสำหรับล่ามนักโทษ สัตว์ หรือเรือ, (โบ) กลัง."
คลัง 2,ก.,ผูกคอสัตว์ให้เข้าคู่กัน เพื่อไม่ให้พรากกัน หรือฝึกหัดตัวที่ไม่ชำนาญงาน เช่น เอาวัวไปผูกเข้าคู่กัน ว่า เอาวัวไปคลัง.
คลั่ง 2,ก.,คั่ง เช่น ชลเนตรคลั่งคลอนัยนา (อิเหนา).
คลัง 3,น.,"กรมใหญ่กรมหนึ่งในจตุสดมภ์ มีเสนาบดีเป็นผู้บังคับบัญชา มีอำนาจหน้าที่เกี่ยวกับการคลัง การต่างประเทศ และการค้ากับต่างประเทศ รวมทั้งบังคับบัญชาศาลในสังกัดซึ่งมีอำนาจพิจารณาคดีความเกี่ยวข้องด้วยพระราชทรัพย์หลวง และคดีความต่างประเทศ, พระคลัง หรือ พระคลังกรมท่า ก็เรียก, เสนาบดีตำแหน่งตามทำเนียบเดิม คือ เจ้าพระยาพระคลัง เจ้าพระยาโกษาธิบดีฯ หรือเจ้าพระยาศรีธรรมาธิราชฯ, ตราประจำตำแหน่ง คือ ตราบัวแก้ว."
คลั่งไคล้ 0,ก.,"หลงใหลในบุคคลหรือสิ่งใดสิ่งหนึ่ง, หมกมุ่นอยู่กับงานหรือสิ่งใดสิ่งหนึ่ง, คลั่ง ก็ว่า."
คลังเลือด 0,น.,"สถานที่เก็บรักษาเลือดไว้เพื่อบริการแก่ผู้ป่วย, ธนาคารเลือด ก็ว่า."
คลังสินค้า 0,น.,สถานที่เก็บรักษาสินค้า.
คลังสินค้าทัณฑ์บน 0,น.,สถานที่ซึ่งอธิบดีกรมศุลกากรอนุมัติและกำหนดให้เป็นสถานที่ตรวจและเก็บของซึ่งมีผู้นำเข้ามาในราชอาณาจักร โดยยังไม่ต้องชำระอากรขาเข้า.
คลังเสบียง 0,น.,ที่เก็บสะสมอาหาร.
คลังแสง 0,น.,คลังอาวุธของทางราชการ เช่น คลังแสงสรรพาวุธของกองทัพบก.
คลัตช์ 0,น.,อุปกรณ์ที่ทำหน้าที่ส่งพลังงานซึ่งถ่ายทอดมาจากเครื่องยนต์ไปยังเกียร์ หรือตัดพลังงานนั้นตามต้องการ.
คลับคล้าย 0,ก.,"จำได้แต่ไม่แน่ใจ, จำได้อย่างเลือนราง, ไม่แน่ใจว่าใช่, เช่น คลับคล้ายว่าเป็นคนคนเดียวกัน ฉันคลับคล้ายคลับคลาว่าจะเคยพบเขามาก่อน."
คลับคล้ายคลับคลา 0,ก.,"จำได้แต่ไม่แน่ใจ, จำได้อย่างเลือนราง, ไม่แน่ใจว่าใช่, เช่น คลับคล้ายว่าเป็นคนคนเดียวกัน ฉันคลับคล้ายคลับคลาว่าจะเคยพบเขามาก่อน."
คลา 0,ก.,"เดิน, เคลื่อน, เช่น พาชีขี่คล่องคล้อย ควรคลา (โลกนิติ)"
คลา 1,ก.,คลาด เช่น อายแก่ราชาคลา ยศแท้ (โลกนิติ).
คล้า 0,น.,ชื่อไม้ล้มลุกชนิด Schumannianthus dichotomus (Roxb.) Gagnep. ในวงศ์ Marantaceae ต้นสูง ๑-๒ เมตร แตกแขนงตามลำต้น ใบกว้าง.
คลาคล่ำ 0,ก.,ไปหรือมาเป็นจำนวนมาก เช่น ฝูงชนคลาคล่ำเต็มท้องถนน.
คลาไคล 0,ก.,"เดินไป, เคลื่อนไป, ไคลคลา ก็ว่า."
คลางแคลง 0,ก.,"แคลงใจ, ไม่แน่ใจหรือวางใจลงไปได้เพราะออกจะสงสัย, แคลงคลาง ก็ว่า, บางทีก็พูดสั้น ๆ ว่า แคลง."
คลาด 0,ก.,"เคลื่อนจากที่หมาย, เคลื่อนจากกำหนดเวลา"
คลาด 1,ก.,ไม่พบ ในคำว่า คลาดกัน.
คลาดเคลื่อน 0,ก.,"ผิดจากความเป็นจริง, ไม่ตรงตามความเป็นจริง, เคลื่อนคลาด ก็ว่า."
คลาดแคล้ว 0,ก.,"รอดไป, พ้นไป, แคล้วคลาด ก็ว่า."
คลาน 0,ก.,เคลื่อนไปด้วยมือและเข่าอย่างเด็ก
คลาน 1,ก.,กริยาที่ใช้มือทั้ง ๒ และเข่าทั้ง ๒ ทาบพื้นแล้วเคลื่อนไป เรียกว่า คลานสี่ตีน หรือ คลานสี่เท้า
คลาน 2,ก.,"กิริยาที่เคลื่อนไปด้วยเข่า เรียกว่า คลานเข่า, เคลื่อนไปด้วยเข่าและศอก เรียกว่า คลานศอก"
คลาน 3,ก.,"กิริยาที่เดินไปอย่างช้า ๆ ของสัตว์บางชนิด เช่น เต่า จระเข้, เคลื่อนไปอย่างช้า ๆ เช่น รถยนต์ค่อย ๆ คลานไป."
คลาย 0,ก.,"ทำให้หลวม, ขยายให้หลวม, เช่น คลายนอต คลายเกลียวเชือก"
คลาย 1,ก.,"ลดลง, ทุเลา, บรรเทาลง, เช่น คลายทุกข์ คลายรัก พิษไข้คลาย คลายกังวล."
คล้าย 0,ว.,เกือบเหมือน.
คล้าย ๆ 0,ว.,เกือบเหมือน.
คลายคล้าย 0,ก.,"เคลื่อนเรื่อย ๆ ไป, คล้อย, เช่น หมอมิกลัวกลายจระคล่าย เข้าป่าไปคลายคล้ายด่วนดั้นโดยทาง (ลอ), คลี่ไคลพลคล้ายคล้าย แลนา (ลอ)"
คลายคล้าย 1,ก.,ย้าย.
คล้ายคล้าย 0,ก.,"เคลื่อนเรื่อย ๆ ไป, คล้อย, เช่น หมอมิกลัวกลายจระคล่าย เข้าป่าไปคลายคล้ายด่วนดั้นโดยทาง (ลอ), คลี่ไคลพลคล้ายคล้าย แลนา (ลอ)"
คล้ายคล้าย 1,ก.,ย้าย.
คล้ายคลึง 0,ว.,เกือบเหมือน.
คลายเคล่ง 0,ก.,"ขยายตรงออกไป, เดินตรงไป, เช่น ครองคลายเคล่งอาศรมบทนั้น (ม. คำหลวง ทานกัณฑ์)."
คล่าว 0,ก.,"ไหล, หลั่งไหล, เช่น บางบ่รับคำคล้อง คล่าวน้ำตาคลอ (นิ. นรินทร์)."
คลาศ 0,ก.,"คลาด, เคลื่อนจากที่หมาย, เช่น เร่งผ้ายเร่งคลาศคลา แลนา (ลอ)."
คลำ 0,ก.,กิริยาที่ใช้อวัยวะเช่นมือ แตะ ลูบ หรือควานอย่างช้า ๆ เพื่อให้รู้ว่าเป็นอะไรอยู่ที่ไหน เช่น คลำหาทางออก คลำหาสวิตช์ไฟ
คลำ 1,ก.,โดยปริยายหมายความว่า ค้นหา เช่น คลำหาเงื่อนงำไม่พบ.
คล่ำ 0,น.,หมู่.
คล่ำ 1,ว.,"สับสน, เกลื่อนกล่น, มาก, มักใช้คู่กับคำ คลา เป็น คลาคล่ำ."
คล้ำ 0,ว.,"ค่อนข้างดำ, ไม่ผ่องใส, หม่นหมอง, เช่น ผิวคลํ้า หน้าคลํ้า."
คลำป้อย 0,ก.,อาการที่คลำและลูบแล้ว ๆ เล่า ๆ ตรงที่เจ็บ.
คลิง 0,ก.,คลึง เช่น นกปลิงคลิงคน- ธบุษปรัตนบังอร (สมุทรโฆษ).
คลิ้งโคลง 0,น.,นกกิ้งโครง เช่น คลิ้งโคลงคล้อแคล้ในรัง นกเจ่าเหงาฟัง แลสารกระสาสรวลตาง (สมุทรโฆษ). (ดู กิ้งโครง ๑).
คลิด 0,ก.,"ขัด, แคลง, เคลื่อน, เคล็ด, เช่น มาอย่าคลิดอย่าคลาด (ม. คำหลวง มหาราช)."
คลินิก 0,น.,สถานรักษาพยาบาล โดยมากเป็นของเอกชน มักไม่รับผู้ป่วยให้พักรักษาตัวประจำ
คลินิก 1,น.,แผนกของโรงพยาบาลที่รักษาโรคเฉพาะทาง.
คลี 0,น.,"ลูกกลม เช่น เล่นคลี โยนคลี, การเล่นแข่งขันอย่างหนึ่ง ผู้เล่นขี่ม้าตีลูกกลมด้วยไม้ เช่น ให้พระยาสามนต์คนดี มาตีคลีพนันในสนาม (สังข์ทอง)"
คลี 1,น.,การเล่นแข่งขันอย่างหนึ่งแต่ละฝ่ายใช้ไม้ตีลูกกลมซึ่งทำด้วยไม้ขนาดลูกมะนาวหรือโตกว่าเล็กน้อย ฝ่ายที่ตีลูกไปสู่ที่หมายทางฝ่ายของตนได้ก่อนเป็นฝ่ายชนะ
คลี 2,น.,การเล่นลูกกลมด้วยลีลาเยื้องกรายเพื่อบูชาเทพเจ้า เช่น นางเริ่มเดาะคลีบูชาพระศรีเทวี (กามนิต).
คลี่ 0,ก.,"คลายสิ่งที่ม้วนหรือพับอยู่ เช่น คลี่ผ้า คลี่มวยผม, ทำให้แผ่ออก เช่น คลี่พัด คลี่ไพ่, ขยายออก เช่น ดอกไม้คลี่กลีบ."
คลี่คลาย 0,ก.,บรรเทาลงโดยลำดับ เช่น เหตุการณ์รุนแรงคลี่คลายลง
คลี่คลาย 1,ก.,ทำให้กระจ่างโดยลำดับ เช่น ตำรวจคลี่คลายเงื่อนงำในคดีฆาตกรรม.
คลี่ทัพ 0,ก.,"เคลื่อนพล, เคลื่อนกำลังไป, เช่น ยังยโสธรคล้อย คลี่พล (ยวนพ่าย)."
คลี่พล 0,ก.,"เคลื่อนพล, เคลื่อนกำลังไป, เช่น ยังยโสธรคล้อย คลี่พล (ยวนพ่าย)."
คลึง 0,ก.,"ใช้ฝ่ามือกดสิ่งใดสิ่งหนึ่งเบา ๆ แล้วเคลื่อนมือหมุนไปมา เพื่อให้กลมหรือให้เรียบเป็นต้น, อาการที่ทำเช่นนั้นด้วยสิ่งอื่น เช่น คลึงด้วยลูกประคบ."
คลึงเคล้น 0,ก.,ลูบคลำและบีบเน้นไปมา.
คลึงเคล้า 0,ก.,"ลูบคลำ, ทั้งคลึงทั้งเคล้า, ลูบคลำกอดรัด, เกลือกกลั้วอย่างกิริยาที่แมลงภู่คลึงเคล้าดอกไม้."
คลื่น 0,น.,"นํ้าในทะเลหรือแม่นํ้าลำคลองเป็นต้น ซึ่งบางส่วนมีอาการเคลื่อนไหวนูนสูงกว่าระดับโดยปรกติแล้วลดลงและแลเห็นเคลื่อนไปเป็นระยะยาวหรือสั้นบนผิวนํ้า, โดยปริยายใช้แก่สิ่งอื่นที่มีลักษณะคล้ายคลึงเช่นนั้น เช่น คลื่นเสียง คลื่นมนุษย์ ผมดัดเป็นคลื่น ถนนเป็นคลื่น."
คลื่นกระทบฝั่ง 0,น.,ชื่อเพลงไทยประเภทเพลงโหมโรง อัตรา ๓ ชั้น พระราชนิพนธ์ในพระบาทสมเด็จพระปกเกล้าเจ้าอยู่หัว
คลื่นกระทบฝั่ง 1,น.,ชื่อเพลงไทย อัตรา ๒ ชั้น หน้าทับสองไม้.
คลื่นกระทบฝั่ง 2,น.,เรื่องราวที่ครึกโครมขึ้นมาแล้วกลับเงียบหายไป.
คลื่นความถี่ 0,น.,คลื่นวิทยุหรือคลื่นแฮรตเซียนซึ่งเป็นคลื่นแม่เหล็กไฟฟ้าที่มีความถี่ต่ำกว่าสามล้านเมกะเฮิรตซ์ลงมาที่ถูกแพร่กระจายในที่ว่างโดยปราศจากสื่อนำที่ประดิษฐ์ขึ้น.
คลื่นใต้น้ำ 0,น.,คลื่นในมหาสมุทรที่มีช่วงคลื่นยาวสมํ่าเสมอและยอดเรียบเคลื่อนตัวมาจากแหล่งกำเนิดที่อยู่ไกลมาก ชาวเรือถือเป็นสัญญาณบอกเหตุว่าจะเกิดพายุ.
คลื่นใต้น้ำ 1,น.,เหตุการณ์ที่กรุ่นอยู่ภายใน แต่ภายนอกดูเสมือนสงบเรียบร้อย.
คลื่นปานกลาง 0,น.,"คลื่นแม่เหล็กไฟฟ้าที่มีความถี่ปานกลาง ตั้งแต่ ๓๐๐ กิโลเฮิรตซ์ ถึง ๓ เมกะเฮิรตซ์ (หรือ ๓,๐๐๐ กิโลเฮิรตซ์)."
คลื่นแม่เหล็กไฟฟ้า 0,น.,คลื่นที่เกิดจากการเปลี่ยนแปลงความเข้มของสนามแม่เหล็กและไฟฟ้าที่เกิดขึ้นพร้อม ๆ กัน ได้แก่ คลื่นวิทยุ อินฟราเรด แสงที่มองเห็นได้ อัลตราไวโอเลต เอกซเรย์ รังสีแกมมา และ รังสีคอสมิก.
คลื่นยาว 0,น.,คลื่นแม่เหล็กไฟฟ้าที่มีความถี่ตํ่า ตั้งแต่ ๓๐ กิโลเฮิรตซ์ ถึง ๓๐๐ กิโลเฮิรตซ์.
คลื่นลูกใหม่ 0,น.,คนรุ่นใหม่ที่มีการศึกษาและมีความคิดก้าวหน้าที่เข้ามามีบทบาทในการดำเนินงานด้านต่าง ๆ แทนคนรุ่นเก่า.
คลื่นวิทยุ 0,น.,คลื่นแม่เหล็กไฟฟ้าที่ส่งผ่านบรรยากาศด้วยความถี่วิทยุ.
คลื่นสั้น 0,น.,คลื่นแม่เหล็กไฟฟ้าที่มีความถี่สูง ตั้งแต่ ๓ เมกะเฮิรตซ์ ถึง ๓๐ เมกะเฮิรตซ์ ซึ่งใช้ในการติดต่อสื่อสารระยะไกล.
คลื่นไส้ 0,ก.,"ปั่นป่วนในกระเพาะอาหารหรือลำไส้ชวนให้อาเจียน, โดยปริยายหมายความว่า น่ารังเกียจ, น่าสะอิดสะเอียน."
คลื่นเหียน 0,ก.,มีอาการคลื่นไส้จะอาเจียน.
คลื่นแฮรตเซียน 0,น.,คลื่นแม่เหล็กไฟฟ้าที่มีความถี่ระหว่างสิบกิโลไซเกิล ต่อวินาที และสามล้านเมกะไซเกิลต่อวินาที.
คลุก 0,ก.,"เคล้าให้เข้ากัน, ขยำให้ระคนเข้ากัน"
คลุก 1,ก.,"ประชิดติดพันเข้าไป เช่น เข้าคลุกวงใน, เกลือก เช่น คลุกเกลือ คลุกน้ำตาล."
คลุกคลี 0,ก.,"เข้าปะปนระคนกัน, เข้าใกล้ชิดกัน."
คลุกคลีตีโมง 0,ก.,มั่วสุมหรืออยู่ร่วมคลุกคลีพัวพันกันอย่างใกล้ชิดตลอดเวลา.
คลุกฝุ่น 0,ก.,"หกล้มกลิ้งลงกับพื้นดิน เช่น เขาเดินสะดุดขาตัวเองลงไปนอนคลุกฝุ่น, ถูกเตะหรือต่อยจนล้มกลิ้งลงกับพื้น เช่น นักมวยฝ่ายแดงถูกต่อยลงไปคลุกฝุ่น."
คลุกวงใน 0,ก.,เข้าไปชิดตัวคู่ต่อสู้ เพื่อใช้หมัด เข่า ศอก ได้เต็มที่ (ใช้แก่กีฬามวย).
คลุ้ง 0,ว.,กระจาย เช่น ฝุ่นคลุ้ง ควันคลุ้ง
คลุ้ง 1,ว.,มีกลิ่นตลบ (มักใช้แก่กลิ่นเหม็น).
คลุ้ง 2,ว.,"ชื่อไม้ต้นชนิด Dipterocarpus tuberculatus Roxb. ในวงศ์ Dipterocarpaceae ใบใหญ่ ใช้ห่อยาสูบและมุงหลังคา, คลุ้ง ตองตึง หรือ ตึง ก็เรียก."
คลุบ 0,น.,ลูกขลุบ เช่น ม้าคลุบคลีกระบี่ม้า วิ่งม้าพนันเร็ว (ยอพระเกียรติกรุงธน).
คลุม 0,ก.,ปกหรือปิดสิ่งใดสิ่งหนึ่งเพื่อป้องกันไม่ให้เสียหายหรือทำให้มองไม่เห็นเป็นต้น เช่น เอาผ้าใบคลุมรถยนต์ไว้ ไม้เลื้อยคลุมหลังคา
คลุม 1,ก.,ครอบไปถึง เช่น คำนี้คลุมไม่ถึง.
คลุ่ม 0,น.,ลักษณะของปากภาชนะที่งุ้มหรือโค้งเข้าอย่างปากตะลุ่ม.
คลุ้ม 0,ว.,"มืดมัว, ไม่แจ่มใส."
คลุ้ม 1,น.,ชื่อไม้ล้มลุกชนิด Donax grandis (Miq.) Ridl. ในวงศ์ Marantaceae ต้นสูงถึง ๓ เมตร สีเขียวเข้ม แตกแขนงตอนปลาย ผิวแข็ง ใช้สานเสื่อได้ ใบคล้ายคล้าแต่ขนาดใหญ่กว่า.
คลุม ๆ 0,ว.,พูดไม่บ่งชัดให้จะแจ้ง เช่น พูดคลุม ๆ.
คลุ้มคลั่ง 0,ก.,กลัดกลุ้มในใจจนแสดงอาการอย่างคนบ้า.
คลุมเครือ 0,ว.,"ลักษณะที่กํ้ากึ่งเอาแน่นอนทางใดทางหนึ่งไม่ได้ เช่น อากาศที่จะมืดก็ไม่มืด จะสว่างก็ไม่สว่าง เรียกว่า อากาศคลุมเครือ, อาการไข้ที่จะหายก็ไม่หาย จะหนักก็ไม่หนัก เรียกว่า ไข้คลุมเครือ, พูดไม่บ่งชัดไปทางใดให้จะแจ้ง เรียกว่า พูดคลุมเครือ."
คลุมถุงชน 0,น.,ลักษณะการแต่งงานที่ผู้ใหญ่จัดการให้ โดยที่เจ้าตัวไม่รู้จักคุ้นเคยหรือรักกันมาก่อน.
คลุมบรรทม 0,น.,ผ้าห่มนอน.
คลุมปัก 0,น.,กรวยทำด้วยผ้าปักหักทองขวางสำหรับครอบปากพานที่เชิดเครื่องราชูปโภคเป็นต้น.
คลุมโปง 0,ก.,กิริยาที่เอาวัตถุเช่นผ้าคลุมมิดทั้งหัวทั้งตัวหรือเกือบทั้งตัว.
คลุมพระบรรทม 0,น.,ผ้าห่มนอน.
ควง 0,ก.,"แกว่งหรือทำให้หมุนไปโดยรอบ เช่น ควงกระบอง ควงดาบ ควงจาน, เดินเข้าคู่คลอเคลียกันไป เรียกว่า เดินควงกัน"
ควง 1,ก.,รวมหรือโยงเข้าในกลุ่มเดียวกัน เช่น เครื่องหมายปีกกาใช้ควงคำหรือข้อความซึ่งอยู่คนละบรรทัดเข้าด้วยกัน
ควง 2,ก.,โดยปริยายหมายถึงคบหาสนิทสนมในเชิงคู่รัก เช่น คู่นี้ควงกันมาหลายปีแล้ว
ควง 3,ก.,เข้าคู่ไปด้วยกัน เช่น ควงกันไปเที่ยว.
ควง 4,น.,"เรียกตะปูที่มีเกลียว ว่า ตะปูควง, เรียกเครื่องมือที่ใช้ไขตะปูควง ว่า ไขควง"
ควง 5,น.,เครื่องมือสำหรับอัดใบลานเป็นต้นให้แน่น
ควง 6,น.,บริเวณ เช่น ในควงไม้ศรีมหาโพธิ์.
ควงแขน 0,ก.,เอาแขนคล้องกัน.
ควงสว่าน 0,ก.,อาการที่หมุนเหมือนเกลียวสว่าน เช่น เครื่องบินควงสว่าน.
ควณ 0,ก.,คำนวณ เช่น ขับควณทวนเทียบด้วยตำรา พิเคราะห์พระชันษาชะตาเมือง (อิเหนา).
ควน 0,น.,"เนิน, เขาดิน."
ควบ 0,ก.,เอารวมเข้าเป็นอันเดียวกันหรือเข้าคู่กัน เช่น ควบเชือก ควบด้าย สอบควบ กินยาควบกัน.
ควบ 1,ก.,อาการที่วิ่งเต็มที่จนดูเหมือนเท้าหรือล้อไม่ติดดิน.
ควบคุม 0,ก.,กวดขันให้เป็นไปตามระเบียบกฎเกณฑ์ที่ตั้งไว้ เช่น ควบคุมเวลา ควบคุมเสียง ควบคุมราคาสินค้า
ควบคุม 1,ก.,การคุมหรือกักขังผู้ถูกจับโดยพนักงานฝ่ายปกครองหรือตำรวจในระหว่างสืบสวนและสอบสวน.
ควบคู่ 0,ก.,"เข้าคู่กัน, ทำพร้อมกัน, เช่น เขาเรียนหนังสือควบคู่กับทำงาน."
ควบแน่น 0,น.,กระบวนการเปลี่ยนแปลงทางเคมีในลักษณะซึ่งโมเลกุลของสารตั้งแต่ ๒ โมเลกุลขึ้นไปเข้ารวมตัวกันเป็นโมเลกุลใหญ่ขึ้นของสารใหม่ โดยวิธีขจัดโมเลกุลของนํ้าหรือโมเลกุลของสารอื่นออกไป
ควบแน่น 1,น.,กระบวนการเปลี่ยนแปลงทางกายภาพของไอเป็นของเหลวโดยวิธีลดอุณหภูมิลง.
ควบม้า 0,ก.,อาการที่คนขี่หลังม้ากระตุ้นให้ม้าวิ่งไปอย่างเร็ว.
ควย 0,น.,อวัยวะสืบพันธุ์ของชายหรือสัตว์เพศผู้บางชนิด.
ควร 0,ว.,เหมาะ เช่น กินแต่พอควร
ควร 1,ว.,"ชอบ, ถูกต้อง, เช่น เห็นควรแล้ว"
ควร 2,ว.,เป็นคำช่วยกริยาในความคล้อยตาม เช่น ควรทำ ควรกิน.
ควะ 0,น.,"ชื่อเต่าบกชนิด Manouria impressa (Günther) ในวงศ์ Testudinidae ขาไม่ปรากฏนิ้วให้เห็น ขาหลังมีลักษณะคล้ายขาช้าง ระหว่างโคนขาหลังกับโคนหางทั้งสองข้างมีเดือยแหลมข้างละ ๑ เดือย ลักษณะคล้ายหนามยื่นออกมาจากผิวหนัง กระดองสีเหลืองส้มปนน้ำตาล มีแผ่นเกล็ดบางส่วนโปร่งใส ตัวเต็มวัยมีความยาวกระดองหลัง ๒๕-๓๐ เซนติเมตร จัดเป็นเต่าบกที่สวยงามชนิดหนึ่ง กินเห็ดป่านานาชนิด อาศัยอยู่ตามเขาสูงที่เป็นป่าดิบเขา พบทางภาคเหนือ ตอนเหนือของภาคตะวันตก และตอนเหนือของภาคตะวันออกเฉียงเหนือ, ควะ ก็เรียก."
ควัก 0,ก.,"ดึงหรือล้วงสิ่งใดสิ่งหนึ่งออกมา, เอามือล้วงลงไปในที่ใดที่หนึ่ง แล้วเอาสิ่งที่อยู่ในนั้นออกมา, ใช้เครื่องมือปลายโค้งหรืองอทำอาการเช่นนั้น เช่น ควักหู, ใช้เข็มควักถักด้ายให้เป็นลวดลายต่าง ๆ เรียกว่า ควักลูกไม้, เอาเครื่องมือรูปพายขนาดเล็กตักสิ่งใดสิ่งหนึ่งขึ้นมา เช่น ควักปูน ควักกะปิ, (ปาก) ดึงเอาตัวออกมา เช่น ควักเอาตัวมาจากที่นอน."
ควั่ก 0,ว.,"วุ่น, ชุลมุน, เช่น วิ่งหากันให้ควั่ก."
ควักกระเป๋า 0,ก.,จ่ายเงินหรือออกเงิน เช่น ควักกระเป๋าเลี้ยงเพื่อน.
ควักกะปิ 0,ก.,อาการที่รำเอามือวักไปวักมาอย่างคนรำไม่เป็น.
ควักค้อน 0,ก.,"ค้อนจนหน้าควํ่า เช่น ขืนจะมาควักค้อนค่อนว่า เงาะของข้าเคยใส่ทำไมสิ (สังข์ทอง), ค้อนควัก ก็ว่า."
ควักเนื้อ 0,ก.,"ขาดทุน เช่น ขายของงวดนี้นอกจากไม่มีกำไรแล้ว ยังต้องควักเนื้ออีกด้วย, เอาเงินของตัวเองจ่ายแทนไป เช่น เพื่อนฝากซื้อของแต่ให้เงินมาไม่พอ เลยต้องควักเนื้อ."
ควักลงหลุม 0,น.,การเล่นชนิดหนึ่งของเด็ก ดีดเบี้ยลงหลุม.
ควั่งคว้าง 0,ว.,"แกว่งไปมา, กวัดแกว่ง, ไหลวน, โบราณเขียนเป็น คว่งงคว้งง ก็มี เช่น สระเหนาะน้ำคว่งงคว้งง ควิวแด (กำสรวล)."
ควัน 0,น.,"สิ่งที่เห็นเป็นสีดำหรือขาวคล้ายหมอกลอยออกมาจากของที่กำลังไหม้ไฟ หรือจากการเผาไหม้, สิ่งที่มีลักษณะคล้ายคลึงเช่นนั้น"
ควัน 1,น.,แก๊สที่มีอนุภาคละเอียดของของแข็งแขวนลอยอยู่.
ควั่น 0,น.,ที่ต่อขั้วผลไม้หรือดอกที่เป็นรอยรอบเช่นที่ก้านผลขนุนหรือทุเรียนเป็นต้น.
ควั่น 1,ก.,ทำให้เป็นรอยด้วยคมมีดโดยรอบ.
ควั่น 2,ว.,เรียกอ้อยที่ควั่นให้ขาดออกเป็นข้อ ๆ ว่า อ้อยควั่น.
ควั่นจุก 0,ก.,กันผมให้เป็นฐานกลมเพื่อให้ผมงอกยาวสำหรับไว้จุก.
ควันหลง 0,น.,"ควันเหลือค้างอยู่, โดยปริยายหมายถึงเรื่องราวที่เกิดขึ้นแล้วและกลับปรากฏกระเส็นกระสายขึ้นอีก."
คว้า 0,ก.,"ยื่นมือไปจับหรือฉวยมาโดยเร็ว, ลักษณะที่คล้ายคลึงเช่นนั้น เช่น ศัพท์นี้ไปคว้ามาจากไหน"
คว้า 1,ก.,กิริยาชักว่าวกระตุกให้หัวว่าวปักลงแล้วช้อนขึ้นไปทางใดทางหนึ่งตามความต้องการ เช่น ว่าวจุฬากับว่าวปักเป้าคว้ากัน.
ควาก 0,ว.,กว้างออกไปโตออกไปเพราะแรงดัน (ใช้เฉพาะรูและช่อง).
ควาก 1,ว.,เสียงดังเช่นนั้นอย่างเสียงฉีกผ้า.
คว้าไขว่ 0,ก.,"เอื้อมมือฉวยเอาอย่างสับสน, พยายามจับหรือถือเอา, ไขว่คว้า ก็ว่า."
คว้าง 0,ว.,อาการที่หมุนหรือลอยไปตามกระแสลมและนํ้าเป็นต้นอย่างไม่มีจุดหมายหรือไม่มีที่ยึดเหนี่ยว เช่น ลอยคว้าง หมุนคว้าง
คว้าง 1,ว.,ลักษณะที่ละลายเหลวอย่างนํ้า เช่น ทองละลายคว้างอยู่ในเบ้า.
คว้าง ๆ 0,ว.,อาการที่ลอยหรือหมุนไปอย่างรวดเร็ว.
คว้างเคว้ง 0,ว.,"อาการที่หมุนหรือลอยไปตามกระแสลมกระแสนํ้าเป็นต้น อย่างไม่มีจุดหมายหรือไม่มีที่ยึดเหนี่ยว, โดยปริยายหมายถึงลักษณะที่คล้ายคลึงเช่นนั้น เช่น เขาเดินคว้างเคว้งไม่รู้จะไปไหนดี, เคว้งคว้าง ก็ว่า."
ควาญ 0,น.,"ผู้เลี้ยงและขี่ขับช้าง, คนบังคับช้าง, ใช้กับสัตว์อื่นก็มี เช่น ควาญแรด (สมุทรโฆษ), ควาญแกะ ควาญม้า (ปรัดเล)."
ควาน 0,ก.,กิริยาที่เอามือหรือสิ่งอื่นค้นหาสิ่งของในนํ้าหรือในที่มืดเป็นต้น.
คว้าน 0,ก.,"เอาสิ่งที่มีคมแหวะให้กว้าง, แขวะให้เป็นช่องเพื่อเอาส่วนข้างในออก เช่น คว้านผลมะปราง คว้านไส้, ทำให้กว้าง เช่น คว้านคอเสื้อ."
คว้านท้อง 0,ก.,ฆ่าตัวตายแบบญี่ปุ่น โดยใช้มีดแทงที่ท้องแล้วคว้าน.
คว้าน้ำเหลว 0,ก.,ไม่ได้ผลตามต้องการ.
ความ 0,น.,เรื่อง เช่น เนื้อความ เกิดความ
ความ 1,น.,อาการ เช่น ความทุกข์ ความสุข
ความ 2,น.,คดีที่ฟ้องร้องกันในโรงศาล
ความ 3,น.,คำนำหน้ากริยาหรือวิเศษณ์เพื่อแสดงสภาพ เช่น ความตาย ความดี ความชั่ว.
ความคลาด 0,น.,ลักษณะที่แสงหักเหออกจากผิวเลนส์ และลักษณะที่แสงสะท้อนออกจากผิวโค้งของกระจกแล้วไม่ตัดร่วม ณ จุดเดียวกัน หรือลักษณะที่แสงขาวผ่านเลนส์แล้วเกิดการกระจายออกเป็นสีต่าง ๆ
ความคลาด 1,น.,ความแตกต่างระหว่างตำแหน่งของดาวฤกษ์ หรือเทห์ฟากฟ้าที่สังเกตเห็นกับตำแหน่งจริงของมันในขณะนั้น.
ความคิด 0,น.,สิ่งที่นึกรู้ขึ้นในใจ
ความคิด 1,น.,ความรู้ที่เกิดขึ้นภายในใจ ก่อให้เกิดการแสวงหาความรู้ต่อไป เช่น เครื่องบินเกิดขึ้นได้เพราะความคิดของมนุษย์
ความคิด 2,น.,สติปัญญาที่จะทำสิ่งใดสิ่งหนึ่งอย่างถูกต้องและสมควร เช่น คนทำลายของสาธารณะเป็นพวกไม่มีความคิด.
ความเค้น 0,น.,แรงที่กระทำต่อ ๑ หน่วยพื้นที่ของเทหวัตถุ เมื่อเทหวัตถุใดถูกความเค้นมากระทำจะเกิดความเครียดขึ้นแก่เทหวัตถุนั้น.
ความเครียด 0,น.,อัตราส่วนระหว่างขนาดที่เปลี่ยนไปเนื่องจากความเค้นกับขนาดเดิมของเทหวัตถุ. (อ. strain)
ความเครียด 1,น.,"ลักษณะอาการที่สมองไม่ได้ผ่อนคลายเพราะคร่ำเคร่งอยู่กับงานจนเกินไป, ลักษณะอาการที่จิตใจมีอารมณ์บางอย่างมากดดันความรู้สึกอย่างรุนแรง."
ความเฉื่อย 0,น.,สมบัติของเทหวัตถุที่จะคงสภาพนิ่งอยู่อย่างเดิมตลอดไปหรือคงสภาพเคลื่อนที่อย่างสมํ่าเสมอในแนวเส้นตรงตลอดไป.
ความชอบ 0,น.,คุณงามความดีที่ควรได้รับบำเหน็จรางวัล.
ความชื้น 0,น.,ปริมาณไอนํ้าที่มีอยู่ในอากาศ.
ความชื้นสัมบูรณ์ 0,น.,มวลของไอนํ้าที่มีอยู่จริงในอากาศ ๑ หน่วยปริมาตร.
ความชื้นสัมพัทธ์ 0,น.,อัตราส่วนระหว่างมวลของไอนํ้าที่มีอยู่จริงในอากาศเทียบกับมวลของไอนํ้าอิ่มตัวเมื่อมีปริมาตรและอุณหภูมิเท่ากัน มักกำหนดค่าเป็นร้อยละ.
ความถ่วง 0,น.,"แรงดึงดูดของโลกต่อเทหวัตถุ, แรงดึงดูดระหว่างกันของเทหวัตถุ."
ความถ่วงจำเพาะ 0,น.,อัตราส่วนของนํ้าหนักของเทหวัตถุกับนํ้าหนักของสารมาตรฐานที่มีปริมาตรเท่ากับเทหวัตถุนั้น โดยทั่วไปใช้นํ้าบริสุทธิ์ที่อุณหภูมิ ๔ ํซ. เป็นสารมาตรฐาน.
ความถี่ 0,น.,"จำนวนไซเกิล, การแกว่งกวัด, การสั่นสะเทือนหรือคลื่นใน ๑ วินาที เช่น ไฟฟ้ากระแสสลับมีความถี่ ๕๐ ไซเกิลต่อวินาที, ปัจจุบันใช้ เฮิรตซ์ แทน ไซเกิล"
ความถี่ 1,น.,จำนวนคะแนนในกลุ่มของข้อมูลที่มีสมบัติเหมือนกัน.
ความถี่วิทยุ 0,น.,"ความถี่ของคลื่นแม่เหล็กไฟฟ้าที่ใช้ในการส่งวิทยุและโทรทัศน์ ขนาดตํ่าสุดตั้งแต่ ๑๐ ถึง ๓๐ กิโลเฮิรตซ์ ขนาดสูงสุดตั้งแต่ ๓๐,๐๐๐ ถึง ๓๐๐,๐๐๐ เมกะเฮิรตซ์."
ความโน้มถ่วง 0,น.,กิริยาที่แรงดึงดูดของโลกกระทำต่อเทหวัตถุ.
ความเป็นความตาย 0,น.,เรื่องสำคัญมาก เช่น เรื่องภาวะวิกฤตทางเศรษฐกิจเป็นความเป็นความตายของชาติ.
ความผิดซึ่งหน้า 0,น.,ความผิดซึ่งเห็นกำลังกระทำ หรือพบในอาการใดซึ่งแทบจะไม่มีความสงสัยเลยว่าเขาได้กระทำผิดมาแล้วสด ๆ.
ความผิดต่อส่วนตัว 0,น.,ความผิดที่มีผลต่อผู้เสียหายเป็นการเฉพาะตัวโดยตรง และมีกฎหมายกำหนดให้เป็นความผิดต่อส่วนตัว ในปัจจุบันประมวลกฎหมายอาญาเรียกว่า ความผิดอันยอมความได้.
ความผิดลหุโทษ 0,น.,ความผิดซึ่งต้องระวางโทษจำคุกไม่เกินหนึ่งเดือน หรือปรับไม่เกินหนึ่งพันบาท หรือทั้งจำทั้งปรับ.
ความผิดอันยอมความได้ 0,น.,ความผิดที่มีผลต่อผู้เสียหายเป็นการเฉพาะตัวโดยตรง และมีกฎหมายกำหนดให้เป็นความผิดอันยอมความได้ ในการดำเนินคดีอาญาในความผิดอันยอมความได้ ผู้เสียหายต้องฟ้องหรือร้องทุกข์ภายในสามเดือนนับแต่วันที่รู้เรื่องความผิดและรู้ตัวผู้กระทำความผิดและเมื่อฟ้องแล้วจะถอนฟ้อง หรือยอมความในเวลาใดก่อนคดีถึงที่สุดก็ได้.
ความผิดอาญาแผ่นดิน 0,น.,ความผิดอาญาที่ยอมความกันไม่ได้ และพนักงานสอบสวนมีอำนาจสอบสวนดำเนินคดีได้แม้ผู้เสียหายไม่ร้องทุกข์.
ความมุ่งหมาย 0,น.,"ความตั้งใจ, เจตนา, เช่น ถนนสายนี้สร้างขึ้นด้วยความมุ่งหมายเพื่อย่นระยะทาง."
ความยาวคลื่น 0,น.,ความยาวระหว่างจุดใดจุดหนึ่งบนคลื่นลูกหนึ่งไปยังจุดในตำแหน่งเดียวกันบนคลื่นลูกถัดไป.
ความรู้ 0,น.,"สิ่งที่สั่งสมมาจากการศึกษาเล่าเรียน การค้นคว้า หรือประสบการณ์ รวมทั้งความสามารถเชิงปฏิบัติและทักษะ เช่น ความรู้เรื่องประวัติศาสตร์, สิ่งที่ได้รับมาจากการได้ยิน ได้ฟัง การคิด หรือการปฏิบัติ เช่น ความรู้เรื่องสุขภาพ ความรู้เรื่องนิทานพื้นบ้าน"
ความรู้ 1,น.,ความเข้าใจหรือสารสนเทศที่ได้รับมาจากประสบการณ์ เช่น ผู้ชายคนนี้เก่ง แต่ไม่มีความรู้เรื่องผู้หญิง.
ความรู้ท่วมหัวเอาตัวไม่รอด 0,ว.,มีความรู้มากแต่ไม่รู้จักใช้ความรู้ให้เป็นประโยชน์.
ความรู้สึกเขื่อง 0,น.,ความรู้สึกว่าตนเองมีความสามารถเหนือกว่าหรือดีเด่นกว่าผู้อื่น ความรู้สึกนี้ไม่จำเป็นจะต้องอยู่ในจิตใต้สำนึก แต่ถ้าเกิดขึ้นเสมอ ๆ และมิได้แก้ไขหรือได้รับการสนับสนุน เช่นในการอบรมเลี้ยงดูเด็ก ก็อาจเก็บสะสมไว้เกิดเป็นนิสัยของบุคคลนั้นได้
ความรู้สึกเขื่อง 1,น.,ความเชื่อหรือความมั่นใจว่าตนเองมีฐานะหรือความสามารถเหนือกว่าผู้อื่น.
ความรู้สึกช้า 0,น.,ลักษณะอาการที่รับอารมณ์ต่าง ๆ ได้ช้า เช่น เขาเป็นคนมีความรู้สึกช้า ต้องใช้เวลานานกว่าจะเข้าใจ.
ความรู้สึกด้อย 0,น.,ความรู้สึกว่าตนเองมีความสามารถไม่เท่าเทียมบุคคลทั่วไป ความรู้สึกนี้ไม่จำเป็นจะต้องอยู่ในจิตใต้สำนึกและผู้นั้นไม่จำเป็นต้องมีปมด้อย อาจเกิดขึ้นในสิ่งแวดล้อมหรือในบางขณะเท่านั้น แต่ถ้าเกิดขึ้นเสมอ ๆ และมิได้แก้ไข ก็อาจเก็บกดไว้จนเกิดเป็นปมด้อยได้
ความรู้สึกด้อย 1,น.,ความไม่เชื่อมั่นว่าตนเองมีฐานะหรือความสามารถเท่าเทียมผู้อื่น.
ความรู้สึกเด่น 0,น.,ความรู้สึกว่าตนเองมีความสามารถเหนือกว่าหรือดีเด่นกว่าผู้อื่น ความรู้สึกนี้ไม่จำเป็นจะต้องอยู่ในจิตใต้สำนึก แต่ถ้าเกิดขึ้นเสมอ ๆ และมิได้แก้ไขหรือได้รับการสนับสนุน เช่นในการอบรมเลี้ยงดูเด็ก ก็อาจเก็บสะสมไว้เกิดเป็นนิสัยของบุคคลนั้นได้
ความรู้สึกเด่น 1,น.,ความเชื่อหรือความมั่นใจว่าตนเองมีฐานะหรือความสามารถเหนือกว่าผู้อื่น.
ความรู้สึกไว 0,น.,ลักษณะอาการที่รับอารมณ์ต่าง ๆ ได้รวดเร็ว เช่น ผู้ที่ศึกษาวรรณคดีควรจะมีความรู้สึกไวจึงจะรับรสวรรณคดีได้.
ความเร่ง 0,น.,อัตราการเปลี่ยนความเร็วที่เพิ่มขึ้นเรื่อย ๆ ต่อ ๑ หน่วยเวลา.
ความเร็ว 0,น.,อัตราการเคลื่อนที่ของวัตถุต่อ ๑ หน่วยเวลา โดยระบุบ่งทิศทางของการเคลื่อนที่ด้วย.
ความเรียง 0,น.,"ข้อความที่เรียบเรียงเป็นร้อยแก้ว, วรรณกรรมประเภทร้อยแก้วอธิบายความ ซึ่งให้ความรู้หรือแสดงทัศนะอย่างแจ่มแจ้งเกี่ยวกับเรื่องที่นำมาอธิบาย."
ความวัวไม่ทันหาย ความควายเข้ามาแทรก 0,น.,เรื่องเดือดร้อนเก่ายังไม่ทันหมด ก็มีเรื่องเดือดร้อนใหม่เข้ามาอีก.
ความหน่วง 0,น.,อัตราการเปลี่ยนความเร็วที่ลดลงเรื่อย ๆ ต่อ ๑ หน่วยเวลา.
ความหลัง 0,น.,เรื่องราวในอดีต.
ความเห็น 0,น.,ข้อวินิจฉัยหรือความเชื่อที่แสดงออกตามที่เห็น รู้ หรือ คิด เช่น ฉันมีความเห็นว่านักมวยไทยจะเป็นฝ่ายชนะ ผมมีความเห็นว่าเขาเป็นคนน่าเชื่อถือ.
ควาย 0,น.,ชื่อสัตว์เลี้ยงลูกด้วยนมชนิด Bubalus bubalis Linn. ในวงศ์ Bovidae เป็นสัตว์เคี้ยวเอื้องขนาดใหญ่กีบคู่ ลำตัวสีดำหรือเทา เขาโค้งยาว ไม่ผลัดเขา ที่ใต้คางและหน้าอกมีขนขาวเป็นรูปง่าม ครึ่งล่างของขาทั้งสี่มีขนสีขาวหรือขาวอมเทา
ควาย 1,น.,โดยปริยายมักหมายความว่า คนโง่ คนเซ่อ หรือคนตัวใหญ่ แต่ไม่ฉลาด.
ควายเขาเกก 0,น.,ควายที่มีเขาเฉออกไม่เข้ารูปกัน
ควายเขาเกก 1,น.,"โดยปริยายหมายถึงคนที่เป็นอันธพาลเกะกะเกเร, วัวเขาเกก ก็ว่า."
ควายทุย 0,น.,ควายที่มีเขาสั้นหรือหงิก.
ควายโทน 0,น.,ควายป่าที่แตกฝูงออกมาอยู่ตามลำพัง.
ควายธนู 0,น.,ของขลังชนิดหนึ่ง ทำเป็นรูปตัวควายหรือเขาควาย ใช้เวทมนตร์ทางไสยศาสตร์เสกเป่าไปทำร้ายผู้อื่นหรือกันไม่ให้ผู้อื่นมาทำร้าย.
ควายปละ 0,น.,ควายที่เจ้าของปล่อยให้เที่ยวไปตามลำพัง.
ควายพระอินทร์ 0,น.,ชื่อหนอนกระทู้ชนิดหนึ่ง. (ดู กระทู้ ๓).
ควายเหล็ก 0,น.,รถไถ.
คว่าว 0,น.,"ชื่อไม้ต้นชนิด Haldina cordifolia (Roxb.) Ridsdale ในวงศ์ Rubiaceae ขึ้นในป่าเบญจพรรณทั่วไป ลำต้นสูงใหญ่ ใบมนรูปหัวใจ ปลายแหลม ดอกสีเหลือง คล้ายดอกกระทุ่ม แต่เล็กกว่า เนื้อไม้สีเหลือง ละเอียด ใช้ทำฝาบ้าน เครื่องเรือน เครื่องกลึง และเครื่องแกะสลัก, กว้าว ขวาว หรือ คว่าว ก็เรียก."
คว่ำ 0,ก.,พลิกเอาด้านบนลงล่าง เช่น รถคว่ำ เรือคว่ำ
คว่ำ 1,ก.,"กิริยาที่เอาด้านหน้าลง เช่น นอนคว่ำ, กิริยาที่เอาด้านบนลงล่าง เช่น คว่ำชาม, ตรงข้ามกับ หงาย"
คว่ำ 2,ก.,เรียกใบหน้าที่แสดงอาการไม่พอใจหรือโกรธจนไม่เงยหน้าขึ้นมองดู ว่า หน้าคว่ำ
คว่ำ 3,ก.,โดยปริยายหมายความว่า ทำให้อีกฝ่ายหนึ่งพ่ายแพ้ เช่น คว่ำคู่ต่อสู้.
คว่ำกระดาน 0,ก.,"อาการที่ฝ่ายซึ่งเห็นว่าตนกำลังจะแพ้ในการเล่นหมากรุก จึงพาลล้มกระดานเลิกเล่นกันโดยแกล้งปัดตัวหมากรุกบนกระดานให้กระจัดกระจายหรือเทตัวหมากรุกบนกระดานเป็นต้น, โดยปริยายหมายถึงการที่ฝ่ายมีอำนาจล้มเลิกการประชุมหรือกิจการใด ๆ เสียกลางคัน เช่น ประธานเห็นว่าจะคุมเสียงในการประชุมไม่อยู่ เลยสั่งปิดประชุมเป็นการคว่ำกระดานเสีย, ล้มกระดาน ก็ว่า."
คว่ำข้าวเม่า 0,ก.,ล้มหน้าคว่ำลงอย่างไม่เป็นท่า.
คว่ำตายหงายเป็น 0,ก.,"ชื่อไม้ล้มลุกชนิด Kalanchoe pinnata (Lam.) Pers. ในวงศ์ Crassulaceae, คว่ำตายหงายเป็น โคนตายปลายเป็น หรือ ส้มเช้า ก็เรียก, ปักษ์ใต้เรียก กะเร."
คว่ำบาตร 0,ก.,"ไม่ยอมคบค้าสมาคมด้วย, เดิมหมายถึงสังฆกรรมที่พระสงฆ์ประกาศลงโทษคฤหัสถ์ผู้ประทุษร้ายต่อศาสนาด้วยการไม่คบ ไม่รับบิณฑบาต เป็นต้น."
คว่ำหลัง 0,ก.,จับควํ่าเพื่อเฆี่ยน.
ควินิน 0,น.,ชื่อสารประกอบประเภทแอลคาลอยด์ ใช้เป็นยารักษาโรคไข้จับสั่น สกัดได้จากเปลือกต้นซิงโคนา.
ควิว ๆ 0,ว.,อาการที่ใจหวิว ๆ เช่น ควิวควิวอกควากคว้าง ลมลอยแลแม่ (นิ. นรินทร์).
ควิวควัง 0,ก.,"หมุนคว้างจนใจหวิว ๆ, อาการที่จิตใจรู้สึกหวาดหวิว"
ควิวควัง 1,ก.,"ใช้โดยปริยายว่า เวิ้งว้าง, กว้างใหญ่, น่ากลัว, เช่น สาครควิวคว่าง, โบราณเขียนเป็น ควิวคว่งง ก็มี เช่น สมุทรพิศารลิว ควิวคว่งง แลนา (กำสรวล)."
ควิวควั่ง 0,ก.,"หมุนคว้างจนใจหวิว ๆ, อาการที่จิตใจรู้สึกหวาดหวิว"
ควิวควั่ง 1,ก.,"ใช้โดยปริยายว่า เวิ้งว้าง, กว้างใหญ่, น่ากลัว, เช่น สาครควิวคว่าง, โบราณเขียนเป็น ควิวคว่งง ก็มี เช่น สมุทรพิศารลิว ควิวคว่งง แลนา (กำสรวล)."
ควิวคว่าง 0,ก.,"หมุนคว้างจนใจหวิว ๆ, อาการที่จิตใจรู้สึกหวาดหวิว"
ควิวคว่าง 1,ก.,"ใช้โดยปริยายว่า เวิ้งว้าง, กว้างใหญ่, น่ากลัว, เช่น สาครควิวคว่าง, โบราณเขียนเป็น ควิวคว่งง ก็มี เช่น สมุทรพิศารลิว ควิวคว่งง แลนา (กำสรวล)."
ควิวคว้าง 0,ก.,"หมุนคว้างจนใจหวิว ๆ, อาการที่จิตใจรู้สึกหวาดหวิว"
ควิวคว้าง 1,ก.,"ใช้โดยปริยายว่า เวิ้งว้าง, กว้างใหญ่, น่ากลัว, เช่น สาครควิวคว่าง, โบราณเขียนเป็น ควิวคว่งง ก็มี เช่น สมุทรพิศารลิว ควิวคว่งง แลนา (กำสรวล)."
ควีนสิริกิติ์ 0,น.,ชื่อกล้วยไม้พันธุ์ Cattleya‘Queen Sirikit’ ในวงศ์ Orchidaceae เป็นลูกผสม ดอกใหญ่ สีขาว ปากเหลือง สวยงามมากและมีกลิ่นหอม.
ควีนสิริกิติ์ 1,น.,ชื่อกุหลาบพันธุ์ Rosa ‘Queen Sirikit’ ในวงศ์ Rosaceae เป็นลูกผสม กำเนิดในฝรั่งเศส ดอกสีเหลืองสด ปลายและขอบกลีบสีแดงเรื่อ กลิ่นหอม.
ควีนสิริกิติ์ 2,น.,ชื่อไม้พุ่มพันธุ์ Mussaenda ‘Queen Sirikit’ ในวงศ์ Rubiaceae เป็นลูกผสม กำเนิดในฟิลิปปินส์ กลีบเลี้ยงใหญ่สีชมพูอ่อนขอบสีชมพูเข้ม หลอดกลีบดอกสีแดง กลีบดอกสีเหลือง.
คห- 0,น.,"เรือน, ใช้เป็นคำหน้าสมาส เช่น คหกรรม."
คหกรรมศาสตร์ 0,น.,วิชาที่เกี่ยวข้องกับความรู้ทางวิทยาศาสตร์ สังคมศาสตร์ มนุษยศาสตร์ และศิลปะ โดยมุ่งพัฒนาครอบครัวด้วยการจัดการทรัพยากรบุคคล วัสดุและสิ่งแวดล้อม เพื่อพัฒนาอาชีพและเสริมสร้างคุณภาพชีวิต ความมั่นคงของสถาบันครอบครัวและสังคม.
คหบดี 0,น.,"ชายที่เป็นเจ้าบ้าน, ผู้มีอันจะกินซึ่งเป็นเจ้าบ้าน, คฤหบดี ก็ว่า."
คหปตานี 0,น.,"หญิงที่เป็นเจ้าบ้าน, ภรรยาของคหบดี, คฤหปัตนี ก็ว่า."
คหัฐ 0,น.,คฤหัสถ์.
คอ 0,น.,"ส่วนของร่างกายที่ต่อศีรษะกับตัว, ราชาศัพท์ว่า พระศอ"
คอ 1,น.,ส่วนของภาชนะที่คอดอยู่ระหว่างตัวกับปาก เช่น คอหม้อ
คอ 2,น.,เรียกส่วนลำต้นของพรรณไม้วงศ์ปาล์มที่อยู่ระหว่างใบล่างสุดกับยอด เช่น คอมะพร้าว คอตาล
คอ 3,น.,โดยปริยายหมายความว่า ความมีใจชอบเสพสิ่งใดสิ่งหนึ่งเป็นอาจิณ เช่น คอเหล้า คอเบียร์ คอหนัง คอละคร.
ค่อ 0,น.,ปลาช่อน. (ดู ช่อน).
ค้อ 0,น.,ชื่อปาล์มชนิด Livistona speciosa Kurz ในวงศ์ Palmae ลำต้นตรง ใบออกเป็นกระจุกทรงกลม แต่ละใบแผ่เป็นรูปวงกลมคล้ายพัด ขอบก้านหยักเป็นสันคม ผลกลม ผิวเรียบ ออกเป็นพวงตามง่ามโคนก้านใบ.
คอก 0,น.,"ที่ล้อมขังสัตว์บางชนิด เช่น วัว ควาย ม้า หมู, โดยปริยายหมายถึงสิ่งที่คล้ายคลึงเช่นนั้น เช่น คอกพยาน"
คอก 1,น.,"คุก, เรือนจำ."
คอก 2,ว.,ลักษณะของแขนที่พิการเหยียดตรงไม่ได้ เรียกว่า แขนคอก.
ค็อกคัส 0,น.,แบคทีเรียที่มีรูปร่างกลม.
คอกช้าง 0,น.,สถานที่ที่ทำขึ้นสำหรับจับช้างป่า มีลักษณะเป็นรูปสี่เหลี่ยมคล้ายคอก มีซองและมีปีก ๒ ข้าง.
ค็อกเทล 0,น.,เครื่องดื่มชนิดหนึ่ง ใช้เหล้าชนิดต่าง ๆ ผสมกัน ใส่นํ้าแข็ง แล้วเขย่า และอาจใส่นํ้าผลไม้หรือชิ้นผลไม้ เพื่อเพิ่มสีหรือรสให้แปลก ๆ ออกไป นิยมดื่มก่อนอาหาร
ค็อกเทล 1,น.,อาหารเรียกน้ำย่อยที่กินก่อนอาหารจานหลัก
ค็อกเทล 2,น.,เรียกงานเลี้ยงแบบหนึ่งที่ไม่นั่งโต๊ะกินอาหาร เสิร์ฟเฉพาะเครื่องดื่มและอาหารว่าง ว่า งานเลี้ยงค็อกเทล.
คอกระเช้า 0,น.,"เรียกเสื้อคอกลมคว้านกว้างลึกทั้งข้างหน้าและข้างหลัง มีจีบรูดตรงคอ ตัวหลวม ว่า เสื้อคอกระเช้า, ใช้เป็นเสื้อชั้นในแบบเก่าของผู้หญิง."
คอกลม 0,น.,ลักษณะคอเสื้อที่ตัดกลม ไม่มีปก.
คอกะลาสี 0,น.,ปกเสื้อแบบกะลาสี ด้านหน้ารูปแหลมแบะออก ด้านหลังเป็นแผ่นรูปสี่เหลี่ยม.
คอขวด 0,น.,ส่วนของถนน สะพาน หรือลำน้ำตอนที่แคบเข้า.
คอขาดบาดตาย 0,ว.,ร้ายแรงถึงอาจต้องสูญเสียชีวิตได้.
คอแข็ง 0,ว.,อาการที่นิ่งอั้นเพราะเถียงไม่ขึ้นเป็นต้น
คอแข็ง 1,ว.,"ทนต่อรสอันเข้มหรือรุนแรงของเหล้าได้, ตรงข้ามกับ คออ่อน."
คอคอด 0,น.,แผ่นดินที่กิ่วคอดและมีน้ำล้อมรอบอยู่ทั้ง ๒ ด้าน ตรงที่กิ่วคอดจะเชื่อมต่อระหว่างแผ่นดินใหญ่ ๒ แห่ง หรือเชื่อมต่อระหว่างแผ่นดินใหญ่กับแหลมให้ติดต่อถึงกันได้ เช่น คอคอดกระ.
คอเคซอยด์ 0,น.,ชนชาติผิวขาว มีลักษณะผิวส่วนมากขาวจนถึงสีนํ้าตาล จมูกโด่ง.
ค่องอ้อย 0,น.,ชื่อการพนันด้วยการทายความสั้นยาวของท่อนอ้อย โดยเอามีดสับคาไว้ที่ประมาณส่วนกลางลำอ้อย แล้วตั้งพิงไว้ให้ผู้เล่นทายว่าส่วนของท่อนอ้อยด้านบนกับด้านล่างของมีดยาวเท่ากันหรือสั้นยาวกว่ากันเท่าใด ผู้ใดทายได้ถูกต้องหรือใกล้เคียงที่สุดเป็นผู้ชนะ.
คอเชิ้ต 0,น.,ปกเสื้อแบบติดคอ ปลายปกแหลม มีสาบเชื่อมระหว่างปกกับตัวเสื้อเพื่อเสริมให้ปกตั้งขึ้น.
คอซอง 0,น.,ผ้าผูกคอแบบหนึ่ง ผูกใต้คอปกเสื้อกะลาสี
คอซอง 1,น.,ซอกที่อยู่หัวเรือหรือท้ายเรือ.
คอด 0,ว.,"ลักษณะของส่วนที่เล็กหรือแคบเข้าแล้วผายออกไป, กิ่ว."
ค็อด 0,น.,ชื่อปลาทะเลขนาดกลางถึงขนาดใหญ่ มีถิ่นกำเนิดแถบเขตหนาวของซีกโลกด้านเหนือ มีหลายชนิดหลายสกุล ในวงศ์ Gadidae ลำตัวยาวได้ถึง ๑๗๕ เซนติเมตร แบนข้างเล็กน้อย และเรียวไปทางข้างหาง เป็นปลาล่าเหยื่อ อยู่เป็นฝูงโดยเฉพาะขณะเดินทางเพื่อสืบพันธุ์ คนไทยรู้จักชื่อปลาค็อดมานาน คือ น้ำมันตับปลาปลาค็อด.
คอเดียวกัน 0,ว.,มีรสนิยมเดียวกัน เช่น คนนี้คอเดียวกัน ไปไหนไปด้วยกันเสมอ.
คอแดง 0,น.,"ชื่องูลายสาบขนาดเล็กชนิด Rhabdophis subminiatus Schlegel ในวงศ์ Colubridae ตัวยาวประมาณ ๕๐ เซนติเมตร สีเขียวหรือเทา คอสีแดง ออกหากินเวลากลางวัน มีพิษอ่อน, หมู่ ก็เรียก."
คอตก 0,ว.,อาการที่หัวงุดลงมาแสดงอาการผิดหวังเป็นต้น.
คอต่อ 0,น.,"ส่วนคอที่ต่อกับท้ายทอย, ต้นคอที่ต่อจากท้ายทอย."
คอตั้ง 0,น.,คอเสื้อที่มีขอบตั้งแนบไปกับลำคอ.
คอตั้งบ่า 0,ว.,อาการที่แหงนหน้าขึ้นสูง ๆ.
คอตีบ 0,น.,ชื่อโรคติดต่ออันตรายชนิดหนึ่ง เกิดจากเชื้อแบคทีเรียชนิด Corynebacterium diphtheriae อาจทำให้ทางเดินอากาศหายใจอุดตัน เป็นเหตุให้หายใจไม่สะดวก อาจถึงแก่ชีวิตได้ มักเกิดแก่เด็กเล็ก.
คอเต็บ 0,น.,ผู้แสดงธรรมประจำมัสยิด.
คอเต่า 0,น.,เรียกเสื้อที่มีส่วนคอเป็นทรงกระบอกยาวเป็นพิเศษ เมื่อใส่ต้องทับทบลงมา ว่า เสื้อคอเต่า.
คอถ่วง 0,น.,คอเสื้อที่ใช้ผ้าเฉลียงตัด ทำให้มีลักษณะจีบถ่วงเป็นชั้น ๆ.
คอทองแดง 0,ว.,ที่ดื่มเหล้าเก่ง ไม่เมาง่าย ๆ.
คอทั่งสันหลังเหล็ก 0,ว.,"แข็งแกร่ง, ทรหดอดทน."
คอน 0,น.,"ไม้ที่ทำไว้ให้นกหรือไก่จับ, กิ่งไม้ที่ผึ้งเกาะทำรัง."
คอน 1,ว.,หนักข้างหนึ่งเบาข้างหนึ่ง.
คอน 2,ก.,เอาสิ่งของห้อยที่ปลายไม้คานหรือปลายไม้เพียงข้างเดียวแล้วแบกบ่าพาไป
คอน 3,ก.,เหยียดแขนข้างหนึ่งแล้วเอามือจับปลายของที่หนักยกขึ้น.
ค่อน 0,ก.,"ติ, ว่าให้สะเทือนใจ."
ค้อน 0,น.,"ชื่อเครื่องมือที่มีหัวและด้าม สำหรับเคาะ ตอก ตี ทุบ, ลักษณนามว่า เต้า หรือ อัน"
ค้อน 1,น.,เครื่องมือชนิดหนึ่งใช้ในการจับปลา.
ค่อน 1,ว.,"มากกว่าครึ่ง, เกือบเต็ม, เช่น ข้าวค่อนหม้อ นั่งคอยมาค่อนวัน."
ค้อน 2,ก.,แสดงความไม่พอใจด้วยการตวัดสายตา.
ค่อน 2,ก.,"ตัด, ทอน, เช่น บั่นเรือขาดเปนท่อน ค่อนพวนขาดเปนทุ่น (ตะเลงพ่าย)"
ค่อน 3,ก.,"ตี, ทุบ, ข้อน ก็ใช้."
คอนกรีต 0,น.,วัสดุก่อสร้าง ประกอบด้วยซีเมนต์ ทราย หิน และนํ้า ผสมเคล้าเข้าด้วยกัน เมื่อแห้งแข็งตัวแล้วจะเป็นวัสดุที่แข็งมาก.
คอนกรีตเสริมเหล็ก 0,น.,คอนกรีตที่ใช้เหล็กเส้นหรือตะแกรงเหล็กเสริมภายในเพื่อเพิ่มความแข็งแรง.
คอนกรีตอัดแรง 0,น.,คอนกรีตเสริมเหล็กที่ใช้กรรมวิธีดึงเหล็กเส้นให้ยืดตัวเต็มที่ก่อนแล้วจึงหล่อคอนกรีตหุ้ม เพื่อให้รับนํ้าหนักได้ดียิ่งขึ้น.
ค้อนกลอง 0,น.,ชื่อไม้เถาเนื้อแข็งชนิด Capparis grandis L.f. ในวงศ์ Capparaceae ลำต้นมีหนาม ผลกลมใหญ่ ผิวค่อนข้างขรุขระ สุกสีแดง.
ค่อนขอด 0,ก.,"ค่อนว่า, พูดแคะไค้ในเรื่องที่ไม่ดี, พูดให้เขาอายหรือเจ็บใจ, ยกความชั่วขึ้นมาว่าให้เจ็บใจ, ขอดค่อน ก็ว่า."
ค่อนข้าง 0,ว.,หนักหรือกระเดียดไปทางใดทางหนึ่ง เช่น ค่อนข้างดี.
ค้อนควัก 0,ก.,"ค้อนจนหน้าควํ่า, ควักค้อน ก็ว่า."
ค่อนแคะ 0,ก.,ค้นหาเอาสิ่งที่ไม่ดีขึ้นมากล่าวติเตียน.
คอนเดนเซอร์ 0,น.,เครื่องอุปกรณ์ไฟฟ้าใช้สำหรับเก็บประจุไฟฟ้าไว้ได้เป็นปริมาณมากกว่าแผ่นตัวนำธรรมดาที่มีขนาดเท่ากัน.
คอนโดมิเนียม 0,น.,อาคารชุด.
ค้อนติง 0,ก.,ทักท้วงแสดงความไม่เห็นด้วย.
ค้อนตีหมา 0,น.,"ชื่อไม้เถาเนื้อแข็งชนิด Ancistrocladus tectorius Merr. ในวงศ์ Ancistrocladaceae, คันทรง ก็เรียก."
ค้อนทอง 0,น.,ชื่อนกร้องเสียงดังกุ๊ก ๆ.
คอนเรือ 0,ก.,พายที่ท้ายเรือคนเดียว.
คอนแวนต์ 0,น.,"สำนักชีในคริสต์ศาสนา, เรียกโรงเรียนซึ่งชีในสำนักนั้น ๆ ตั้งขึ้นและเป็นผู้ดำเนินการสอน ว่า โรงเรียนคอนแวนต์."
คอนเสิร์ต 0,น.,การแสดงดนตรีต่อหน้าผู้ชม โดยกำหนดรายการแสดงที่แน่นอน มักมีผู้แสดงหลายคน ทั้งนี้ไม่รวมถึงการแสดงดนตรีประกอบพิธีทางศาสนาหรือการแสดงบนเวที เช่นอุปรากร ระบำปลายเท้า.
ค้อนหอย 0,น.,"ชื่อนกขนาดใหญ่หลายชนิดหลายสกุล ในวงศ์ Threskiornithidae ปากยาวโค้ง ปลายแหลม หากินในนํ้าตื้นตามแหล่งน้ำจืด กินปลา ปู และสัตว์นํ้าเล็ก ๆ ในประเทศไทยมี ๔ ชนิด คือ ช้อนหอยขาวหรือกุลาขาว [ Threskiornis melanocephalus (Latham)] ช้อนหอยดำ [ Pseudibis davisoni (Hume)] ช้อนหอยใหญ่ [ P. gigantea (Oustalet)] และช้อนหอยดำเหลือบ [ Plegadis falcinellus (Linn.)], กุลา หรือ ค้อนหอย ก็เรียก."
คอนาค 0,น.,"ชื่อหนึ่งของดาวฤกษ์เชษฐา มี ๑๔ ดวง, ดาวงาช้าง ดาวช้างใหญ่ ดาวแพะ หรือ ดาวเชฏฐะ ก็เรียก."
คอบ 0,ก.,"ครอบ, รักษา, ครอบงำ, ครอบครอง, เช่น พระเม้านอระเนิ้งคอบ เรียมทุกข์ เทือนี้ (หริภุญชัย)."
คอบ 1,ก.,"คืน, กลับ, เช่น สุทธนูประภาฟอง พัดจาก จยรแฮ ยงงคอบคืนหว้ายได้ สู่สํสองสํ (กำสรวล)."
คอบัว 0,น.,ปกเสื้อแบบติดคอ ปลายปกมน.
คอแบะ 0,น.,ปกเสื้อชนิดที่มีสาบตอนบนแบะออก ส่วนที่แบะออกและส่วนที่เป็นปกจะเป็นแบบใดก็ได้.
คอปาด 0,น.,เรียกเสื้อที่มีคอตัดปาดตรงจากไหล่ซ้ายถึงไหล่ขวา ว่า เสื้อคอปาด.
คอเป็ด 0,น.,ชื่อขนมชนิดหนึ่ง.
คอเป็นเอ็น 0,ว.,"ขึ้นเสียงเถียงโต้อย่างไม่ยอมลดละ, เถียงเก่ง, เช่น หวงแหนหึงผัวตัวเป็นเกลียว จนเสียงขุ่นเสียงเขียวคอเป็นเอ็น (คาวี)."
คอพอก 0,น.,"ชื่อโรคต่อมไทรอยด์โต ส่วนใหญ่เกิดจากการขาดธาตุไอโอดีน, คอหอยพอก ก็ว่า."
คอพับ 0,น.,เรียกเสื้อชั้นนอกที่คอพับลงมา ว่า เสื้อคอพับ.
คอพับ 1,ว.,อาการที่คอตกพับลงเพราะสิ้นกำลังทรงตัวเป็นต้น.
คอไฟ 0,น.,ส่วนของโคมหรือตะเกียงตรงที่ต่อกระจุ๊บกับหม้อนํ้ามัน.
คอม 0,น.,"ไม้รูปโค้งปลายทั้ง ๒ ข้างงอขึ้นเล็กน้อย ใช้พาดคอวัวหรือคอควายสำหรับลากเลื่อนเป็นต้น, โกก ตะโกก หรือ ตะโหงก ก็เรียก."
ค้อม 0,ก.,"น้อมลง, ก้มหลัง, โน้มลง เช่น ไม้ค้อมมีลูกน้อม นวยงาม (โลกนิติ)."
ค่อม 0,ว.,"เตี้ยผิดธรรมดาและหลังงอ เช่น คนค่อม, เรียกหลังที่งอมาก ว่า หลังค่อม"
ค่อม 1,ว.,ที่มีพันธุ์เตี้ยกว่าธรรมดา (ใช้แก่สัตว์หรือต้นไม้) เช่น ช้างค่อม กล้วยหอมค่อม.
ค่อม 2,น.,"ชื่อแมลงพวกด้วงชนิด Hypomeces squamosus (Fabricius) ในวงศ์ Curculionidae ลำตัวด้านบนโค้งนูน ยาวประมาณ ๑.๕ เซนติเมตร หัวยื่นออกไปเป็นงวงสั้น ๆ ตัวและปีกสีเขียวเหลือบทอง, ค่อมทอง หรือ ทับเล็ก ก็เรียก."
ค่อมทอง 0,น.,"ชื่อแมลงพวกด้วงชนิด Hypomeces squamosus (Fabricius) ในวงศ์ Curculionidae ลำตัวด้านบนโค้งนูน ยาวประมาณ ๑.๕ เซนติเมตร หัวยื่นออกไปเป็นงวงสั้น ๆ ตัวและปีกสีเขียวเหลือบทอง, ค่อมทอง หรือ ทับเล็ก ก็เรียก."
คอมพิวเตอร์ 0,น.,เครื่องอิเล็กทรอนิกส์แบบอัตโนมัติ ทำหน้าที่เสมือนสมองกล ใช้สำหรับแก้ปัญหาต่าง ๆ ทั้งที่ง่ายและซับซ้อน โดยวิธีทางคณิตศาสตร์.
คอมมานโด 0,น.,"ทหารหรือตำรวจในกลุ่มที่ได้คัดเลือกเป็นพิเศษ เพื่อฝึกการต่อสู้ประชิดตัว การโจมตีโฉบฉวย จู่โจม และยุทธวิธีข่มขวัญอื่น ๆ, หน่วยรบเฉพาะกิจ."
คอมมิวนิสต์ 0,น.,"ระบบเศรษฐกิจการเมืองและสังคมแบบหนึ่งของลัทธิสังคมนิยมที่มีอุดมการณ์ให้รวมทรัพย์สินทั้งปวงเป็นสมบัติส่วนกลางของชุมชน ไม่ให้มีกรรมสิทธิ์ส่วนบุคคล และให้จัดสรรรายได้แก่บุคคลอย่างเสมอภาคกัน ทั้งนี้เพื่อแก้ปัญหาความทุกข์ยากของคนในสังคมอันเป็นผลจากความไม่เสมอภาคในทรัพย์สิน, ผู้ที่นิยมระบบคอมมิวนิสต์."
คอมมิวนิสต์ 1,ว.,เกี่ยวกับระบบคอมมิวนิสต์.
คอม้า 0,น.,"ชื่อหนึ่งของดาวฤกษ์อัศวินี มี ๗ ดวง, ดาวคู่ม้า ดาวม้า ดาวอัศวยุช หรือ ดาวอัสสนี ก็เรียก"
คอม้า 1,น.,"เรียกมีดพกปลายแหลมชนิดหนึ่งที่มีด้ามงอเฉียงลง ว่า มีดคอม้า, ประแดะ ก็เรียก."
ค้อย 0,ก.,คล้อย.
ค้อย 1,ว.,เบา
ค้อย 2,ว.,"เนือง, บ่อย."
คอย 0,ก.,"มุ่งรออยู่, รอ"
คอย 1,ก.,"เฝ้า, เฝ้าดู, เช่น คอยจับผิด."
ค่อย 0,ว.,"ใช้ประกอบหลังนามหรือกริยา หมายความว่า ไม่ดัง, เบา, เช่น เสียงค่อย พูดค่อยเดินค่อย ๆ อย่าลงส้น"
ค่อย 1,ว.,"ไม่แรง, เบามือ, เช่น นวดค่อย ๆ จับค่อย ๆ."
คอย 2,น.,หอสูงสำหรับดูเหตุการณ์ เรียกว่า หอคอย.
ค่อย 2,ว.,"ใช้นำหน้ากริยาหมายความว่า ไม่รีบร้อน, อย่างระมัดระวัง, ช้า ๆ, เช่น ค่อยคิด ค่อยทำ ค่อย ๆ เดิน."
ค่อย 3,ว.,"คำนำหน้าความข้างท้ายให้ติดต่อกับความข้างหน้า แสดงกิริยาที่กระทำภายหลัง เช่น กินข้าวแล้วค่อยไป, ถ้าใช้ในความปฏิเสธว่า ไม่ค่อย หมายความว่า น้อย, บ้าง, (ตามส่วนของสิ่งที่พูดถึง) เช่น ไม่ค่อยมี ไม่ค่อยพูด, ไม่ใคร่ ก็ว่า."
ค่อย ๆ 0,ว.,"ใช้ประกอบหลังนามหรือกริยา หมายความว่า ไม่ดัง, เบา, เช่น เสียงค่อย พูดค่อยเดินค่อย ๆ อย่าลงส้น"
ค่อย ๆ 1,ว.,"ไม่แรง, เบามือ, เช่น นวดค่อย ๆ จับค่อย ๆ."
ค่อย ๆ 2,ว.,"ใช้นำหน้ากริยาหมายความว่า ไม่รีบร้อน, อย่างระมัดระวัง, ช้า ๆ, เช่น ค่อยคิด ค่อยทำ ค่อย ๆ เดิน."
ค้อยค้อย 0,ว.,"เนือง ๆ, บ่อย ๆ, เช่น เจ้าแม่แต่จงกรมค้อยค้อย ด้วยบราทุกราพร้อยพราย (ม. คำหลวง ทานกัณฑ์)."
ค่อยดีขึ้น 0,ว.,เริ่มดีขึ้นเล็กน้อย.
คอยท่า 0,ก.,รอคอย.
คอยที 0,ก.,รอโอกาส.
ค่อยเป็นค่อยไป 0,ว.,ดำเนินไปช้า ๆ.
ค่อยยังชั่ว 0,ว.,"ดีขึ้น, ทุเลาขึ้น."
คอยล์ 0,น.,อุปกรณ์ไฟฟ้าชนิดหนึ่งซึ่งใช้ประกอบกับเครื่องยนต์ของรถยนต์ ทำหน้าที่แปลงไฟฟ้าแรงตํ่าจากแบตเตอรี่ให้เป็นไฟฟ้าแรงสูง เพื่อก่อให้เกิดประกายไฟฟ้าที่เขี้ยวหัวเทียน.
คอยเหตุ 0,ก.,ระวังเหตุการณ์.
คอร์ด 0,น.,เส้นตรงที่เชื่อมจุด ๒ จุด บนเส้นโค้งใด ๆ.
คอร์ด 1,น.,กลุ่มเสียงที่ประกอบด้วยเสียง ๓ เสียงขึ้นไป.
คอร์รัปชัน 0,ก.,"โกง, เบียดบัง, ทุจริต, ฉ้อราษฎร์บังหลวง, รับสินบน. (อ. corruption)"
คอรวง 0,น.,ก้านช่อดอกหรือก้านรวงของข้าว.
คอระฆัง 0,น.,ส่วนพระเจดีย์ตรงคอด ต่อองค์พระเจดีย์ (ที่เรียกระฆัง) กับบัลลังก์.
คอรูปตัววี 0,น.,"คอเสื้อที่ตัดแหลมตรงกลางคล้ายรูปตัว V, คอวี หรือ คอแหลม ก็เรียก."
คอแร้ง 0,น.,ปากกาชนิดปากแหลม.
คอลัมน์ 0,น.,ข้อเขียนในหนังสือพิมพ์หรือนิตยสาร ซึ่งมักเป็นเรื่องแนวเดียวกัน เช่น คอลัมน์สุขภาพ หรือมีผู้เขียนประจำ เช่น คอลัมน์มังกรห้าเล็บ.
คอลัมนิสต์ 0,น.,คนที่เขียนคอลัมน์ประจำในหนังสือพิมพ์หรือนิตยสาร.
คอแลน 0,น.,ชื่อไม้ต้นขนาดกลางชนิด Nephelium hypoleucum Kurz ในวงศ์ Sapindaceae ผลมีสีและรสคล้ายลิ้นจี่ แต่เล็กกว่า.
คอวี 0,น.,"คอเสื้อที่ตัดแหลมตรงกลางคล้ายรูปตัว V, คอรูปตัววี หรือ คอแหลม ก็เรียก."
คอสติกโซดา 0,น.,โซดาแผดเผา.
คอสอง 0,น.,"ผู้ร้องถัดจากคนที่ ๑ ในวงเพลงที่ร้องแก้กันเป็นต้น, ผู้ว่าคล้อยตามอย่างลูกคู่."
คอสอง 1,น.,ส่วนของเรือนที่ต่อตั้งแต่หัวเสาสุดขึ้นไปอีกชั้นหนึ่งถึงจันทัน.
คอสะพาน 0,น.,ส่วนของถนนที่ต่อกับเชิงสะพาน.
คอสูง 0,ว.,ชอบกินหรือใช้ของดีราคาแพง.
คอเสื้อ 0,น.,"ส่วนของเสื้อที่ชิดคอหรือที่คว้านให้เป็นวงเพื่อสวมหัวได้, ส่วนประกอบของคอเสื้อ มีแบบต่าง ๆ เช่น คอตั้ง คอแบะ."
คอหนัง 0,น.,นาวิกโยธินอเมริกัน.
คอหยัก ๆ สักแต่ว่าคน 0,น.,คนที่ประพฤติตัวไม่สมศักดิ์ศรีของความเป็นคน.
คอหอย 0,น.,อวัยวะภายในลำคอ เป็นทางร่วมของระบบทางเดินอาหารและระบบทางเดินอากาศหายใจ เริ่มตั้งแต่หลังโพรงจมูก หลังช่องปากลงไปจนถึงหลังกล่องเสียง.
คอหอยกับลูกกระเดือก 0,ว.,เข้ากันได้ดี แยกกันไม่ออก.
คอหอยตีบ 0,ว.,อาการที่รู้สึกตื้นตันใจพูดไม่ออก.
คอหอยพอก 0,น.,คอพอก.
คอห่าน 0,น.,ส่วนของโถส้วมตรงที่มีลักษณะคล้ายคอห่านสำหรับกักนํ้าเพื่อกันกลิ่นเป็นต้น.
คอแห้ง 0,ว.,อาการที่คอไม่ชุ่มจนผากด้วยอยากดื่มน้ำเพราะต้องออกเสียงมากหรือเพราะกระหายน้ำเนื่องจากเดินหรือวิ่งมาเป็นระยะเวลาอันยาวนาน.
คอแห้ง 1,ว.,"ชื่อไม้ต้นขนาดใหญ่ชนิด Carallia brachiata (Lour.) Merr. ในวงศ์ Rhizophoraceae เนื้อไม้ใช้ทำเครื่องเรือน, คอแห้ง เขียงพระนางอี่ เขียงพร้า สันพร้านางแอ หรือ สีฟันนางแอ ก็เรียก."
คอแหลม 0,น.,"คอเสื้อที่ตัดแหลมตรงกลางคล้ายรูปตัว V, คอวี หรือ คอรูปตัววี ก็เรียก."
คออ่อน 0,ว.,"ทนต่อรสอันเข้มหรือรุนแรงของเหล้าไม่ได้, ตรงข้ามกับ คอแข็ง."
คออ่อน 1,ว.,ดูใน คอ.
คออ่อน 2,น.,ชื่องูทะเลมีพิษชนิด Enhydrina schistosa Daudin ในวงศ์ Hydrophiidae ตัวยาวประมาณ ๖๐ เซนติเมตร หัวโต ลำตัวสีเทาอมเขียว มีลายจาง ๆ หางแบนใหญ่พบอาศัยในทะเลโคลน มีนิสัยเอาหัวซุกลำตัวหรือวัสดุอื่น จึงเรียกว่า งูคออ่อน.
คออ่อนคอพับ 0,ว.,อาการที่คอเอียงไปมาเพราะเมา ง่วง หรือเหนื่อย เป็นต้น.
คอฮาวาย 0,น.,ปกเสื้อชนิดปลายแหลม สาบแบะออกตอนบนให้รับกับปก.
ค่ะ 0,ว.,"คำรับที่ผู้หญิงใช้อย่างเดียวกับ จ้ะ, คำลงท้ายที่ผู้หญิงใช้ในการบอกให้ทราบอย่างสุภาพ เช่น ไปค่ะ ไม่ไปค่ะ."
คะ 0,*ว.,คำกร่อนของคำหน้าซึ่งซ้ำกับคำหลังในคำที่มี ค เป็นพยัญชนะต้นในบทกลอน เช่น ครื้นครื้น กร่อนเป็น คะครื้น โครมโครม กร่อนเป็น คะโครม มีคำแปลอย่างเดียวกับคำเดิมนั้น และมีความหมายในทางย้ำเน้นคำ.
คะ 1,ว.,"คำลงท้ายที่ผู้หญิงใช้ต่อจากคำถามหรือคำแสดงความสงสัยเพื่อแสดงความสุภาพ เช่น อะไรคะ กระมังคะ, คำลงท้ายที่ผู้หญิงใช้ต่อจากคำ ซิ นะ เพื่อแสดงความสุภาพ เช่น เชิญซิคะ ไปนะคะ."
คะไขว่ 0,ว.,"ขวักไขว่, สับสน, โบราณเขียนเป็น คไขว่ ก็มี เช่น ขว้างหอกซรัดคไขว่ ไล่คคลุกบุกบัน (ตะเลงพ่าย)."
คะค้อย 0,ก.,"เดินไม่ขาดตอน, โบราณเขียนเป็น คค้อย ก็มี เช่น คค้อยไปซุ่มซ่อน ดูศึกผ่อนพลเดอร (ตะเลงพ่าย)."
คะคาน 0,ก.,"ค้านกัน, ยังตกลงกันไม่ได้, เช่น จะเอาชนะคะคานอะไรกัน."
คะคึง 0,ว.,ดังสนั่น.
คะนน 0,น.,"เรียกหม้อดินขนาดใหญ่ชนิดหนึ่ง ตัวหม้อกลมป้อม ปากแคบ มีขีดเป็นรอยโดยรอบ สำหรับใส่น้ำ น้ำตาลโตนด เป็นต้น ว่า หม้อคะนน, ทะนน ก็ว่า."
คะนอง 0,ก.,"แสดงอาการร่าเริง, คึก, ลำพอง"
คะนอง 1,ก.,พูดหรือทำเกินขอบเขต เช่น คะนองปาก คะนองมือ
คะนอง 2,ก.,เรียกอาการของฟ้าที่มีเสียงลั่นเปรี้ยง ๆ ว่า ฟ้าคะนอง.
คะน้า 0,น.,"ชื่อไม้ล้มลุกชนิด Brassica alboglabra L. H. Bailey ในวงศ์ Cruciferae ใช้เป็นผัก, คาน้า ก็เรียก."
คะนึง 0,ก.,"คิดทบทวน, นึกตรอง, คำนึง ก็ว่า."
คะเน 0,ก.,"กะ, คำนวณเอาอย่างหยาบ ๆ, เช่น คะเนให้พอดี."
คะเนงร้าย 0,*ว.,ใช้เข้าคู่กับคำ ข่มเหง เป็น ข่มเหงคะเนงร้าย.
คะแนน 0,น.,"เครื่องหมายในการนับ, หน่วยที่ใช้กำหนดค่าในการสอบหรือแข่งขันเป็นต้น."
คะแนนนิยม 0,น.,ความนิยมที่แสดงออกว่ามีมากน้อยเพียงใด.
คะแนนเสียง 0,น.,คะแนนที่ลงในการออกเสียง.
คะใน 0,บ.,"ข้างใน, ในกลอนเขียนเป็น คใน เช่น ปางพระไปนอน คในพนานต์ พระเอาภูบาล ไปสมกัลยา (สมุทรโฆษ)."
คะมำ 0,ก.,"ล้มควํ่า, อาการที่หัวพุ่งไปเพราะสะดุด."
คะมึก 0,ว.,"แข็งแรง, ลํ่าสัน."
คะยั้นคะยอ 0,ก.,ชักชวนให้ตกลงใจด้วยการรบเร้า.
คะเยอ 0,ว.,อาการที่คันทำให้ต้องเการํ่าไป เรียกว่า เกาคะเยอ คันคะเยอ.
คัก 0,ว.,เสียงดังอย่างเสียงฝนตกหนัก
คัก 1,ว.,เสียงหัวเราะ.
คั่ก 0,ว.,เสียงดังอย่างเสียงฝนตกหนัก
คั่ก 1,ว.,เสียงหัวเราะ.
คั่ก ๆ 0,ว.,เสียงดังอย่างเสียงฝนตกหนัก
คั่ก ๆ 1,ว.,เสียงหัวเราะ.
คัคน- 0,น.,ฟ้า.
คัคนะ 0,น.,ฟ้า.
คัคนัมพร 0,น.,ฟ้า.
คัคนางค์ 0,น.,ฟ้า.
คัคนานต์ 0,น.,ฟ้า.
คัง 0,น.,"ชื่อปลานํ้าจืด ไม่มีเกล็ด ในสกุล Bagarius วงศ์ Sisoridae หัวแบนแผ่ หนวดแบน ตาเล็ก ลำตัวยาวเรียวลู่จนแคบมากที่คอดหาง ครีบหางเป็นแฉกยาว ผิวหนังเป็นตุ่มแข็ง มีแต้มขนาดใหญ่สีนํ้าตาลเข้มอยู่บนหลังเป็นระยะ ๆ ครีบต่าง ๆ สีนํ้าตาล พบอาศัยตามพื้นท้องแม่นํ้าสายใหญ่ ๆ มี ๓ ชนิด ในประเทศไทยที่พบทั่วไปได้แก่ ชนิด B. bagarius (Hamilton-Buchanan) ซึ่งยาวได้ถึง ๒๕ เซนติเมตร และ B. yarrelli Sykes ยาวได้ถึง ๒ เมตร, คัง หรือ ตุ๊กแก ก็เรียก."
คั่ง 0,ก.,"ออกัน, ประดังกัน."
คั่งค้าง 0,ก.,"ติดค้างทับถมอยู่, ตกค้างทับถมอยู่, เช่น งานคั่งค้าง."
คั่งแค้น 0,ก.,โกรธอัดอั้นอยู่ในใจ.
คังไคยหัตถี 0,น.,"ชื่อช้างตระกูล ๑ ใน ๑๐ ตระกูล กายสีเหมือนสีนํ้าไหล, คงไคยหัตถี ก็ว่า, ช้าง ๑๐ ตระกูล คือ ๑. กาฬาวกหัตถี ๒. คังไคยหัตถี ๓. ปัณฑรหัตถี ๔. ตามพหัตถี ๕. ปิงคลหัตถี ๖. คันธหัตถี ๗. มงคลหัตถี ๘. เหมหัตถี ๙. อุโบสถหัตถี ๑๐. ฉัททันตหัตถี."
คัจฉะ 0,น.,ไม้กอ เช่น คัจฉลดาชาติ (ม. ร. ๔).
คัณฑมาลา 0,น.,ชื่อฝีชนิดหนึ่งที่ขึ้นเป็นแถวตามคอ.
คัณฑสูตร 0,น.,ชื่อฝีชนิดหนึ่ง มักเป็นที่บริเวณขอบทวารหนัก.
คัด 0,ก.,"เลือก, แยกสิ่งที่รวมกันอยู่, เช่น คัดออก คัดเอาไว้"
คัด 1,ก.,"งัดให้เผยอหรือเคลื่อนที่ เช่น คัดไม้ซุง, ใช้พายหรือแจวงัดนํ้าออกจากตัว ตรงข้ามกับ วาดเรือ"
คัด 2,ก.,ลอกข้อความหรือลวดลายออกมาจากต้นฉบับ เช่น เอาหนังสือนี้ไปคัด.
คัด 3,ว.,แน่นหรือตึง เช่น จมูกคัด นมคัด.
คัด 4,ก.,เขียนด้วยตัวบรรจง เช่น เขียนเร็ว ๆ อย่ามัวแต่คัด.
คัดคลองเลื่อย 0,ก.,ดัดฟันเลื่อยให้เบนออกจากแนว โดยดัดฟันหนึ่งเว้นฟันหนึ่งจนตลอดทั้งตัวเลื่อยแล้วจึงดัดฟันที่เว้นไว้ให้เบนออกทางด้านตรงข้ามกับฟันที่ได้ดัดไว้แล้ว.
คัดค้าน 0,ก.,แสดงอาการไม่เห็นด้วย.
คัดเค้า 0,น.,"ชื่อไม้เถาเนื้อแข็งชนิด Oxyceros horridusLour. ในวงศ์ Rubiaceae มีหนามโค้งแหลม ดอกสีขาว ๆ เหลือง ๆ กลิ่นหอม, คัดเค้าเครือ ก็เรียก."
คัดเค้าเครือ 0,น.,"ชื่อไม้เถาเนื้อแข็งชนิด Oxyceros horridusLour. ในวงศ์ Rubiaceae มีหนามโค้งแหลม ดอกสีขาว ๆ เหลือง ๆ กลิ่นหอม, คัดเค้าเครือ ก็เรียก."
คัดง้าง 0,ก.,"ขัดแย้ง, ไม่ลงรอยกัน."
คัดฉาก 0,ก.,ถือท้ายเรือ.
คัดช้อน 0,น.,เครื่องจับปลาชนิดหนึ่ง ใหญ่กว่าสวิง ถักเป็นร่างแห ขอบเป็นรูปสามเหลี่ยม มีด้ามจับ.
คัดชุน 0,น.,เครื่องมือคัดคลองเลื่อย.
คัดท้าย 0,ก.,"คอยคุมให้ไปตรงตามที่ต้องการ, โดยปริยายหมายความว่า อยู่ตำแหน่งสุดท้ายหรือเกือบสุดท้าย."
คัดไทย 0,น.,วิชาคัดภาษาไทยตามที่ครูสั่ง.
คัดมอน 0,น.,"ชื่อไม้พุ่มหลายชนิดในสกุล Sida วงศ์ Malvaceae ดอกสีเหลือง เช่น ชนิด S. rhombifolia L. ใช้ทำยาได้, ขัดมอน คัดมอน หรือ ยุงปัดแม่ม่าย ก็เรียก."
คัดเม็ง 0,น.,"ชื่อไม้ล้มลุกขนาดเล็กชนิด Eclipta prostrata L. ในวงศ์ Compositae ขึ้นอยู่ทั่วไป ลำต้นสีม่วงคลํ้า ใบเขียวมีขนคาย ดอกสีขาว ใช้ทำยาได้, กะเม็งตัวเมีย หรือ คัดเม็ง ก็เรียก."
คัดลายมือ 0,ก.,ลอกข้อความออกมาเขียนด้วยตัวบรรจง.
คัดเลือก 0,ก.,"เลือกเอาที่ต้องการไว้, คัดเอาที่ไม่ต้องการออก."
คัดเลือด 0,ก.,ทำให้เลือดหยุด.
คัดสำเนา 0,ก.,ลอกข้อความเป็นต้นจากต้นแบบหรือต้นฉบับ.
คัดเส้น 0,ก.,เขียนให้ชัดเจนบนเส้นที่ร่างไว้.
คัทลียา 0,น.,ชื่อกล้วยไม้หลายชนิดในสกุล Cattleya วงศ์ Orchidaceae ดอกงดงามมาก จนได้ชื่อว่าเป็น “ราชินีแห่งกล้วยไม้”.
คั่น 0,ก.,แทรกหรือกั้นอยู่ในระหว่าง.
คั้น 0,ก.,บีบขยำโดยแรงเพื่อให้ของเหลวที่มีอยู่ออกมา เช่น คั้นกะทิ คั้นส้ม.
คัน 0,น.,"แนวดินหรือแนวทรายเป็นต้นที่พูนสูงขึ้นเป็นแนวยาว เช่น คันทราย, แนวดินที่พูนขึ้นมาสำหรับกั้นนํ้า เช่น คันนา คันดิน"
คัน 1,น.,สิ่งที่มีลักษณะยาวทำด้วยไม้เป็นต้น สำหรับถือหรือปัก เช่น คันเบ็ด คันไถ คันธง
คัน 2,น.,ลักษณนามเรียกรถหรือของที่มีด้ามถือบางอย่าง เช่น รถ ๓ คัน ช้อน ๔ คัน เบ็ด ๕ คัน.
คัน 3,ก.,"อาการที่รู้สึกให้อยากเกา, อาการที่มือหรือปากอยู่ไม่สุข คือ อยากทำหรือพูดในสิ่งที่ไม่ควร เรียกว่า มือคัน ปากคัน, อาการที่ให้รู้สึกอยากด่าอยากตีเป็นต้น เรียกว่า คันปาก คันมือ คันเท้า."
คัน 4,น.,"ชื่อไม้ต้นขนาดกลางชนิด Amesiodendron chinense (Merr.) Hu ในวงศ์ Sapindaceae ขึ้นตามชายนํ้า สูงประมาณ ๑๐ เมตร, ขัน ก็เรียก."
คันขา 0,ก.,คานขา.
คันจาม 0,น.,ไม้ลำยาวสำหรับติดเชือกบาศ ใช้ถือในเวลาคล้องช้างเรียกว่า ไม้คันจาม.
คันฉ่อง 0,น.,เครื่องใช้ทำด้วยโลหะ ขัดจนเป็นเงา มีด้าม ใช้สำหรับส่องหน้า
คันฉ่อง 1,น.,ปัจจุบันเรียกกระจกเงามีกรอบ ๒ ชั้น สำหรับเอนเข้าออกได้ ตั้งบนโต๊ะเครื่องแป้ง.
คันฉัตร 0,น.,"ชื่อหนึ่งของดาวฤกษ์วิศาขา มี ๕ ดวง, ดาวศีรษะกระบือ หรือ ดาววิสาขะ ก็เรียก."
คันฉาย 0,น.,"เครื่องส่องหน้า, กระจกเงา."
คันฉาย 1,น.,"ไม้สำหรับสงฟางในเวลานวดข้าว, กระดองหาย ขอฉาย ดอง ดองฉาย หรือ ดองหาย ก็เรียก."
คันชัก 0,น.,"ส่วนประกอบของคันไถสำหรับเทียมวัวหรือควาย, ที่สำหรับโยงเชือกชัก"
คันชัก 1,น.,ไม้สีซอ.
คันชั่ง 0,น.,เครื่องชั่งที่มีคันบอกจำนวนนํ้าหนักที่ชั่ง.
คันชีพ 0,น.,"เข็มขัดของทหารมหาดเล็กรักษาพระองค์มีกระเป๋าใส่ลูกปืน, ถุงเยียรบับห้อยจากผ้าปกหลัง ๒ ข้างของช้าง สำหรับใส่อาหาร ของกิน และอาวุธเป็นต้น, ถุงหนังห้อย ๒ ข้างคอม้า สำหรับใส่ข้าวของกินเป็นต้น, ใช้ว่า กันชีพ ก็มี."
คันชีพ 1,น.,จงกลเทียนหลายกิ่ง สำหรับพราหมณ์ถือแกว่งในมือขวา มือซ้ายแกว่งบัณเฑาะว์.
คันดาลฉัตร 0,น.,คันฉัตรที่มีรูปเป็นมุมฉาก ๒ ทบอย่างลูกดาล เพื่อปักให้ฉัตรอยู่ตรงเศียรพระพุทธรูปเป็นต้น.
คันโดง 0,น.,"กระโดง, ใช้หมายถึง เสากระโดง เช่น กุมกรวรนุชพงาภาองค์ยุพา มาขึ้นคันโดงคอยดู (สุธน)."
คันถ- 0,น.,คัมภีร์.
คันถธุระ 0,น.,"การเรียนคัมภีร์ปริยัติ, คู่กับ วิปัสสนาธุระ การเรียนวิปัสสนา."
คันถรจนาจารย์ 0,น.,อาจารย์ผู้แต่งคัมภีร์.
คันไถ 0,น.,ส่วนประกอบของไถสำหรับเทียมวัวหรือควาย. (ดู ไถ ๑).
คันทรง 0,น.,ชื่อไม้พุ่มชนิด Colubrina asiatica (L.) Brongn. ในวงศ์ Rhamnaceae ดอกสีเหลือง ยอดอ่อนกินได้ ใช้ทำยาได้.
คันทรง 1,น.,"ชื่อไม้เถาเนื้อแข็งชนิด Ancistrocladus tectorius Merr. ในวงศ์ Ancistrocladaceae, คันทรง ก็เรียก."
คันทวย 0,น.,"ไม้ค้ำยันที่รับเต้า บางทีทำเป็นรูปนาค, ทวย ก็เรียก."
คันธ์ 0,น.,กลิ่น.
คันธ- 0,น.,"กลิ่น, กลิ่นหอม, เมื่อใช้เป็นส่วนหน้าสมาส แปลว่า หอม."
คันธกุฎี 0,น.,ชื่อกุฎีที่ประทับของพระพุทธเจ้า เรียกว่า พระคันธกุฎี.
คันธมาทน์ 0,ว.,ที่มีกลิ่นหอมทำให้สัตว์มัวเมา.
คันธมาทน์ 1,น.,ชื่อภูเขา เรียกว่า ภูเขาคันธมาทน์ คือ ภูเขาผาหอม.
คันธรรพเวท 0,น.,วิชาการดนตรี เป็นสาขาหนึ่งของสามเวท.
คันธหัตถี 0,น.,"ชื่อช้างตระกูล ๑ ใน ๑๐ ตระกูล กายสีไม้กฤษณา มีกลิ่นตัวหอม, ช้าง ๑๐ ตระกูล คือ ๑. กาฬาวกหัตถี ๒. คังไคยหัตถี ๓. ปัณฑรหัตถี ๔. ตามพหัตถี ๕. ปิงคลหัตถี ๖. คันธหัตถี ๗. มงคลหัตถี ๘. เหมหัตถี ๙. อุโบสถหัตถี ๑๐. ฉัททันตหัตถี."
คันธะ 0,น.,"กลิ่น, กลิ่นหอม, เมื่อใช้เป็นส่วนหน้าสมาส แปลว่า หอม."
คันธารราษฎร์ 0,น.,ชื่อแคว้นโบราณ อยู่ทางตะวันตกเฉียงเหนือของอินเดีย
คันธารราษฎร์ 1,น.,ชื่อพระพุทธรูปปางหนึ่ง สำหรับตั้งในพิธีขอฝนและแรกนาเป็นต้น.
คันนา 0,น.,"ดินที่พูนขึ้นเป็นคันตามท้องนาสำหรับขังน้ำไว้, ลูกคัน หรือ หัวคันนา ก็เรียก."
คันบวย 0,น.,ตัวไม้ยึดช่อฟ้าต่อกับสันอกไก่.
คันโพง 0,น.,เครื่องสำหรับตักนํ้าหรือโพงนํ้า มีคันยาว ที่ปลายมีเชือกผูกโพงเพื่อช่วยผ่อนแรง
คันโพง 1,น.,คันไม้ยาวใช้ผูกโพงสำหรับตักน้ำหรือโพงน้ำ.
คันไฟ 0,น.,ชื่อมดชนิด Solenopsis geminata (Fabricius) ในวงศ์ Formicidae ลำตัวยาวประมาณ ๕ มิลลิเมตร สีน้ำตาลแดง หัวค่อนข้างโต ทำรังอยู่ตามพื้นดิน โดยเฉพาะดินร่วนหรือดินทราย รังอาจอยู่ลึกลงไปใต้ดินถึง ๐.๕ เมตร มีอวัยวะสำหรับต่อยปล่อยกรดทำให้คัน ปวดแสบปวดร้อน และเป็นตุ่มแดงใหญ่.
คันเร่ง 0,น.,ส่วนของเครื่องยนต์ที่ใช้ควบคุมความเร็วของเครื่องยนต์.
คันหามเสือ 0,น.,ชื่อไม้ต้นขนาดเล็ก ๒ ชนิดในวงศ์ Araliaceae คือ ชนิด Trevesia valida Craib ขึ้นตามหินใกล้ลำธารในป่า ลำต้นมีหนามห่าง ๆ และชนิด Aralia montana Blume ลำต้นและใบมีหนาม ใบเป็นใบประกอบ ยาวประมาณ ๑ เมตร.
คับ 0,ว.,"มีขนาดไม่พอดีกัน ทำให้แน่น ตึง หรือ ฝืด สวมหรือใส่ได้โดยยาก เช่น เสื้อคับ หมวกคับ แหวนคับ, ตรงข้ามกับ หลวม."
คับ 1,ก.,มีลักษณะหรือปริมาณเกินพอดี เช่น จระเข้คับคลอง ลิ้นคับปาก ฝูงคนคับถนน เสียงคับบ้าน ข้าวคับหม้อ.
คับขัน 0,ว.,"จำเป็นเฉพาะหน้าที่จะต้องทำหรือต้องสู้ซึ่งหลีกเลี่ยงไม่ได้, เข้าที่ลำบากหรือจำเป็น, ขับขัน ก็ว่า."
คับค้อน 0,*ว.,ใช้เข้าคู่กับคำ สำรับ เป็น สำรับคับค้อน.
คับคั่ง 0,ก.,"อัดแอ, ยัดเยียด, เบียดเสียดกัน."
คับคา 0,น.,"ชื่อนกชนิดหนึ่ง เช่น คับคาคาบคาร่อน กระแวนว่อนบินบน (ตะเลงพ่าย), ปัจจุบันเรียก จาบคาหัวเขียว. (ดู จาบคา)."
คับแค 0,น.,ชื่อนกขนาดเล็กชนิด Nettapus coromandelianus (Gmelin) ในวงศ์ Anatidae เป็นนกเป็ดนํ้าที่เล็กที่สุดในประเทศไทย ปากสั้น รูปร่างอ้วนป้อม ตัวผู้ปีกสีเขียวเข้มเป็นมัน หน้า คอ และท้องสีขาว ที่คอมีวงสีเขียวเข้มหรือดำ ตัวเมียปีกสีนํ้าตาล ท้องสีขาวมีกระสีนํ้าตาล ทำรังในโพรงไม้.
คับแค้น 0,ว.,"ลำบาก, ยากไร้, ฝืดเคือง, ลำบากเพราะถูกบีบคั้นทางใจหรือความเป็นอยู่."
คับแคบ 0,ว.,"ไม่กว้างขวางพอ เช่น บ้านคับแคบ, ไม่เอื้อเฟื้อเผื่อแผ่ เช่น ใจคอคับแคบ."
คับแคบแอบใจ 0,ว.,อึดอัดใจเต็มทน.
คับใจ 0,ก.,"อึดอัดใจ, รู้สึกอัดอั้นตันใจ, รู้สึกคับแค้นอยู่ในอกในใจ."
คับที่อยู่ได้คับใจอยู่ยาก 0,น.,ที่อยู่แม้จะคับแคบก็อยู่ได้ถ้าสบายใจ แต่ถ้าอึดอัดใจ ที่อยู่จะกว้างขวางใหญ่โตอย่างไรก็อยู่ไม่ได้.
คับอกคับใจ 0,ก.,"อึดอัดใจ, รู้สึกอัดอั้นตันใจ, รู้สึกคับแค้นอยู่ในอกในใจ."
คัพภ์ 0,น.,"ครรภ์, ท้อง"
คัพภ์ 1,น.,ห้อง.
คัพภ- 0,น.,"ครรภ์, ท้อง"
คัพภ- 1,น.,ห้อง.
คัพภสาลี 0,น.,ข้าวที่กำลังท้องยังไม่แตกเป็นรวง (มักเอามาคั้นเป็นข้าวยาคู).
คัพโภทร 0,น.,"ครรโภทร, ท้องมีลูก."
คัมภีร์ 0,น.,หนังสือตำราที่สำคัญทางศาสนาหรือโหราศาสตร์เป็นต้น
คัมภีร์ 1,น.,ลักษณนามเรียกหนังสือตำราเหล่านี้ เช่น คัมภีร์หนึ่ง คัมภีร์โหราศาสตร์ ๒ คัมภีร์.
คัมภีร์ 2,ว.,ลึกซึ้ง.
คัมภีร- 0,น.,หนังสือตำราที่สำคัญทางศาสนาหรือโหราศาสตร์เป็นต้น
คัมภีร- 1,น.,ลักษณนามเรียกหนังสือตำราเหล่านี้ เช่น คัมภีร์หนึ่ง คัมภีร์โหราศาสตร์ ๒ คัมภีร์.
คัมภีร- 2,ว.,ลึกซึ้ง.
คัมภีรภาพ 0,น.,ความลึกซึ้ง.
คัล 0,ก.,เฝ้า เช่น พระโรงคัล ว่า ที่เฝ้า.
คัว 0,ก.,"ทำให้สะอาด, ชำระล้าง, เช่น คัวปลา ว่า ขอดเกล็ดปลาแล้วผ่าท้องล้างให้สะอาด."
คั่ว 0,ก.,"เอาสิ่งของใส่กระเบื้องหรือกระทะตั้งไฟให้ร้อนแล้วคนไปจนสุกหรือเกรียม เช่น คั่วถั่ว คั่วงา, เรียกของที่คั่วแล้ว เช่น ข้าวคั่ว ถั่วคั่ว"
คั่ว 1,ก.,เรียกแกงกะทิชนิดหนึ่งคล้ายแกงเผ็ด แต่มีรสออกเปรี้ยว ว่า แกงคั่ว เช่น แกงคั่วผักบุ้ง แกงคั่วมะระ.
คั่ว 2,ก.,"คอยกิน (ใช้ในการเล่นไพ่ผ่องไทยหรือไพ่ผ่องจีนเป็นต้น), โดยปริยายหมายถึงลักษณะที่คล้ายคลึงเช่นนั้น เช่น สองคนนี้คั่วกันมาหลายปี ก็ยังไม่ได้แต่งงานกัน เขาคั่วตำแหน่งอธิบดีอยู่."
คัสซี 0,น.,แชสซี.
ค่า 0,น.,มูลค่าหรือราคาของสิ่งใด ๆ ทั้งที่เป็นรูปธรรมและนามธรรม ที่มีประโยชน์ในทางใช้สอย แลกเปลี่ยน หรือทางจิตใจเป็นต้น บางอย่างก็ประเมินเป็นเงินได้ บางอย่างก็ประเมินเป็นเงินไม่ได้ เช่น ทองคำเป็นของมีค่า เวลามีค่ามาก
ค่า 1,น.,จำนวนเงินที่เป็นราคาสิ่งของหรือบริการเป็นต้น เช่น ค่าจ้าง ค่าเช่า ค่าโดยสาร ค่าอาหาร
ค่า 2,น.,จำนวนหรือตัวเลขที่ระบุปริมาณหรือขนาดของตัวแปร
ค่า 3,น.,เรียกสิ่งใดสิ่งหนึ่งที่มีคุณค่ามากจนไม่อาจประเมินเป็นเงินได้ว่า เป็นสิ่งที่หาค่ามิได้.
คา 0,น.,เครื่องจำคอนักโทษ ทำด้วยไม้.
ค้า 0,ก.,ซื้อขายสินค้าหรือบริการ.
คา 1,ก.,"ค้างอยู่, ติดอยู่, เช่น ข้าวคาปาก คาถ้วยคาชาม."
คา 2,ว.,ยังไม่พ้นไปจากที่นั้น ๆ เช่น ยืนคาประตู สุกคาต้น ตายคาที่.
ค้า 1,ก.,"ออกแสดง เช่น บค้าอาตม์ออกรงค์ (ตะเลงพ่าย), มีมือถือดาบกล้าอวดค้าค้าคำราม (ม. คำหลวง กุมาร)."
คา 3,น.,ชื่อหญ้าชนิด Imperata cylindrica (L.) P. Beauv. ในวงศ์ Gramineae ใบคาย แข็ง เอามากรองเป็นตับมุงหลังคา เหง้าใช้ทำยาได้.
คากรอง 0,น.,เครื่องปกปิดร่างกายที่ทำด้วยหญ้า เช่น ควรหรือมานุ่งคากรอง ควรแต่เครื่องทองไพศาล (ศกุนตลา).
ค้าขาย 0,ก.,ทำมาหากินในทางซื้อขาย.
ค่าขึ้นศาล 0,น.,ค่าธรรมเนียมศาลในการยื่นคำฟ้อง.
คาคบ 0,น.,"ง่ามต้นไม้ที่กิ่งใหญ่กับลำต้นแยกกัน, คบ หรือ ค่าคบ ก็เรียก."
ค่าคบ 0,น.,"ง่ามต้นไม้ที่กิ่งใหญ่กับลำต้นแยกกัน, คบ หรือ คาคบ ก็เรียก."
ค่าครองชีพ 0,น.,ค่าใช้จ่ายในการดำรงชีพ.
ค้าความ 0,ก.,ชอบหาเรื่องขึ้นโรงศาล.
ค้าค้า 0,ก.,"ออกแสดง เช่น บค้าอาตม์ออกรงค์ (ตะเลงพ่าย), มีมือถือดาบกล้าอวดค้าค้าคำราม (ม. คำหลวง กุมาร)."
ค่าง 0,น.,ชื่อสัตว์เลี้ยงลูกด้วยนม ในวงศ์ Cercopithecidae ลักษณะคล้ายลิง ขนสีเทาหรือดำ ลำตัว แขน ขา และหางยาวกว่าลิงทั่ว ๆ ไป กินใบไม้และบางครั้งผลไม้ ในประเทศไทยมี ๔ ชนิด คือ ค่างดำ [ Presbytis melalophos (Raffles)] ค่างแว่นถิ่นใต้ [ P. obscura (Reid)] ค่างหงอกหรือค่างเทา [ P. cristata (Raffles)] และค่างแว่นถิ่นเหนือ ( P. phayrei Blyth).
คาง 0,น.,"ส่วนหน้าสุดของขากรรไกร อยู่ใต้ปาก, ราชาศัพท์ว่า พระหนุ."
ค้าง 0,ก.,"ตกลงมาหรือขึ้นไปติดอยู่กับสิ่งใดสิ่งหนึ่ง, ติดอยู่กลางทาง, ติดอยู่, เช่น เรือค้างแห้ง ค้างหนี้, ยังไม่แล้วเสร็จตามที่กำหนด เช่น ทำงานค้าง"
ค้าง 1,ก.,เหลือกหรืออ้าแล้วเอาลงหรือหุบไม่ได้ เช่น ตาค้าง อ้าปากค้าง ขากรรไกรค้าง
ค้าง 2,ก.,"แรมคืน, ค้างคืน ก็ว่า."
ค้าง 3,น.,ไม้หลักสำหรับให้ไม้เถาขึ้นเกาะ เช่น ค้างพลู ค้างถั่ว.
คาง 1,น.,"ชื่อไม้ต้นชนิด Albizia lebbeckoides (DC.) Benth. ในวงศ์ Leguminosae ใบคล้ายใบกระถิน เนื้อไม้สีนํ้าตาลแก่ แข็ง, พายัพเรียก กาง."
ค้าง 4,น.,ชื่อหนึ่งของถั่วฝักยาว ซึ่งมีไม้ค้างปักเป็นหลักให้เถาเกาะ เรียกว่า ถั่วค้าง. (ดู ถั่วฝักยาว ที่ ถั่ว ๑).
คางคก 0,น.,ชื่อสัตว์สะเทินนํ้าสะเทินบกในสกุล Bufo วงศ์ Bufonidae รูปร่างคล้ายกบ ผิวหนังเป็นตุ่มขรุขระ ภายในตุ่มมียางเหนียวซึ่งมีพิษต่อเนื้อเยื่ออ่อน เรียกว่า ยางขาว เคลื่อนที่โดยการย่างเดินและกระโดดหย่ง ๆ ในประเทศไทยมีหลายชนิด เช่น คางคกบ้าน ( B. melanostictus Schneider) คางคกป่า ( B. macrotisBoulenger) .
คางคก 1,น.,"ชื่อปลาไม่มีเกล็ดชนิด Batrachoides grunniers (Bloch) และ Batrachomoeus trispinosus (Günther) ในวงศ์ Batrachoididae ปากกว้าง หัวทู่แบนลง ลำตัวกลมยาว มีสีนํ้าตาลเป็นด่างดวงทั่วไป ขนาดยาวได้ถึง ๓๐ เซนติเมตร ครีบท้องอยู่เยื้องไปข้างหน้าครีบอก หางกลม เฉพาะชนิดแรกมีรูที่มุมบนด้านในของครีบอก อาศัยอยู่ตามพื้นท้องทะเล, กบ บู่ทะเล ผีหลอก หรือ อุบ ก็เรียก."
คางคก 2,น.,ชื่อว่านชนิดหนึ่ง ต้นและหัวเหมือนอุตพิด คันจัด ใช้เพื่อให้อยู่ยงคงกระพันชั่วเบา.
คางคกขึ้นวอ 0,น.,คนที่มีฐานะตํ่าต้อย พอได้ดิบได้ดีก็มักแสดงกิริยาอวดดีลืมตัว.
คางคกไฟ 0,น.,"ชื่อสัตว์สะเทินนํ้าสะเทินบกชนิด Bufo parvus Boulenger ในวงศ์ Bufonidae ขนาดลำตัวเล็กที่สุดในกลุ่มคางคกที่พบในประเทศไทย บนหัวมีเส้นนูนเป็นสันโค้งตามความยาวของหัวคล้ายวงเล็บ ๒ เส้น ในช่วงฤดูผสมพันธุ์เพศผู้จะเปลี่ยนสีผิวหนังเป็นสีแดง จึงมีผู้เรียกว่า คางคกไฟ, คางคกหัวจีบ ก็เรียก."
คางคกหัวจีบ 0,น.,"ชื่อสัตว์สะเทินนํ้าสะเทินบกชนิด Bufo parvus Boulenger ในวงศ์ Bufonidae ขนาดลำตัวเล็กที่สุดในกลุ่มคางคกที่พบในประเทศไทย บนหัวมีเส้นนูนเป็นสันโค้งตามความยาวของหัวคล้ายวงเล็บ ๒ เส้น ในช่วงฤดูผสมพันธุ์เพศผู้จะเปลี่ยนสีผิวหนังเป็นสีแดง จึงมีผู้เรียกว่า คางคกไฟ, คางคกหัวจีบ ก็เรียก."
ค้างคา 0,ก.,"ยังไม่สิ้นไป, ยังไม่หมดไป, เช่น ค้างคาใจ ยังมีของค้างคาอยู่."
ค้างคาว 0,น.,"ชื่อสัตว์เลี้ยงลูกด้วยนมหลายชนิดและหลายวงศ์ ลำตัวมีขนปุย ปีกเป็นแผ่นหนังขนาดใหญ่ เวลาเกาะจะห้อยหัวลง หากินในเวลากลางคืน เช่น ค้างคาวแม่ไก่ป่าฝนหรือค้างคาวแม่ไก่ใหญ่ [ Pteropus vampyrus (Linn.)] ในวงศ์ Pteropodidae, ค้างคาวลูกหนูบ้าน [ Pipistrellus javanicus (Gray)] ในวงศ์ Vespertilionidae."
ค้างคาว 1,น.,"ชื่อไม้ต้นขนาดกลางชนิด Aglaia edulis (Roxb.) Wall. ในวงศ์ Meliaceae ผลคล้ายมะไฟ แต่เปลือกแข็งและหนา, มะก่อง ก็เรียก."
ค้างคาว 2,น.,ชื่อไม้เถาชนิด Passiflora lunata Willd. ในวงศ์ Passifloraceae ใบคล้ายปีกค้างคาว ด้านล่างของใบมีจุด ๓-๔ จุด ดอกกินได้.
ค้างคาว 3,น.,ของว่างชนิดหนึ่ง ทำด้วยแป้งสาลีผสมแป้งถั่วทอง นวดกับหัวกะทิและเกลือ แผ่เป็นแผ่นห่อไส้ทำด้วยกุ้งสับผัดกับรากผักชีตำ พริกไทย เกลือ แล้วทอดนํ้ามัน เรียกว่า ขนมค้างคาว.
ค้างคาว 4,น.,"ตัวไม้โครงหลังคา เป็นเครื่องยึดเหนี่ยวระหว่างเต้ากับจันทันระเบียง, แขวน หรือ โตงเตง ก็เรียก."
ค้างคืน 0,ก.,"ไปพักที่อื่นข้ามคืน, แรมคืน, ค้าง ก็ว่า."
ค้างคืน 1,ว.,ข้ามคืน เช่น กับข้าวค้างคืน หมักของไว้ค้างคืน.
ค้างเดือนค้างปี 0,ว.,ล่วงเวลานานเป็นเดือนเป็นปี.
ค้างเติ่ง 0,ก.,"ค้างอยู่, ไม่สำเร็จลุล่วง."
คางทูม 0,น.,โรคติดต่อที่เกิดจากเชื้อไวรัสทำให้ต่อมนํ้าลายบริเวณใต้หูอักเสบแล้วบวม.
คางโทน 0,น.,ชื่อต้นไม้ใช้ทำยา.
คางเบือน 0,น.,"ชื่อปลานํ้าจืดไม่มีเกล็ดชนิด Belodontichthys truncatus (Bleeker) ในวงศ์ Siluridae รูปร่างคล้ายปลาค้าว เว้นแต่มีขนาดเล็กกว่า คือ ยาวประมาณ ๗๐ เซนติเมตร ปากเชิดขึ้นถึงแนวสันหลัง ครีบหลังเล็กมาก ครีบอกใหญ่และยาว ส่วนบนลำตัวหนาลู่แคบลงไปในแนวสันท้อง หลังกว้าง ด้านหลังสีเทาอมเขียว ข้างท้องสีเงิน พบตามแหล่งนํ้าใหญ่ทั่วไป, เบี้ยว อ้ายเบี้ยว หรือ ขบ ก็เรียก."
ค้างปี 0,ว.,ล่วงเวลานานเป็นปี เช่น เหล้าค้างปี ปลาร้าค้างปี.
คางหมู 0,น.,ชื่อรูปสี่เหลี่ยมที่มีด้านขนานกันคู่หนึ่ง อีกคู่หนึ่งสอบเข้ามา
คางหมู 1,น.,"ชื่อหนึ่งของดาวฤกษ์โรหิณี มี ๗ ดวง, ดาวพราหมี หรือ ดาวปลาตะเพียน ก็เรียก."
คางเหลือง 0,ว.,"ป่วยหรือบาดเจ็บมากจนแทบเสียชีวิต, มักใช้ว่า ไม่ตายก็คางเหลือง."
ค่าจ้าง 0,น.,เงินทุกประเภทและผลประโยชน์อย่างอื่นที่นายจ้างจ่ายหรือให้แก่ลูกจ้างเป็นค่าตอบแทนการทำงาน.
ค่าเช่า 0,น.,ค่าตอบแทนที่ผู้เช่าจ่ายให้แก่ผู้ให้เช่า เพื่อเป็นการตอบแทนที่ได้ใช้หรือได้รับประโยชน์ในทรัพย์สินที่เช่า.
คาด 0,ก.,"พันโดยรอบแล้วทำอย่างใดอย่างหนึ่งเช่นผูกหรือกลัดเป็นต้นเพื่อไม่ให้หลุด เช่น เอาผ้าคาดพุง คาดเตี่ยวใบตอง คาดเข็มขัด, พาดเป็นทางยาวไป เช่น พื้นขาวคาดแดง."
คาด 1,ก.,"นึกไว้, หมายไว้, มักใช้เข้าคู่กับคำ คะเน หรือ หมาย เป็น คาดคะเน คาดหมาย."
คาดการณ์ 0,ก.,นึกคะเนเหตุการณ์ล่วงหน้า.
คาดคั้น 0,ก.,แสดงกิริยาวาจาเป็นเชิงบังคับให้เป็นไปตามความประสงค์.
คาดค่า 0,ก.,ตีราคา.
คาดเชือก 0,ก.,"เอาด้ายดิบพันมือเตรียมชกมวย, เตรียมต่อสู้, คาดหมัด ก็เรียก."
คาดเชือก 1,น.,เรียกการชกมวยแบบหนึ่งที่เอาด้ายดิบพันหมัดมาจนถึงข้อศอกว่า มวยคาดเชือก.
คาดโทษ 0,ก.,หมายไว้ว่าถ้ากระทำผิดอีกจะลงโทษเท่าใด.
คาดไม่ถึง 0,ก.,ไม่คิดว่าจะเป็นไปได้เช่นนั้น.
คาดหน้า 0,ก.,หมายหน้าเป็นเชิงดูหมิ่น.
คาดหมัด 0,ก.,"เอาด้ายดิบพันมือเตรียมชกมวย, เตรียมต่อสู้, คาดเชือก ก็เรียก."
ค่าตัว 0,น.,"ราคาที่กำหนดขึ้นเพื่อซื้อขายทาสในสมัยโบราณ, ต่อมาหมายถึงราคาที่กำหนดขึ้นตามความสำคัญหรือความสามารถของบุคคล."
คาถา 0,น.,"คำประพันธ์ประเภทร้อยกรองในภาษาบาลี, อัตราของฉันท์ คือ ๔ บาท เรียกว่า คาถาหนึ่ง"
คาถา 1,น.,ชื่อคัมภีร์ในพระพุทธศาสนา เป็น ๑ ใน ๙ ส่วนของคัมภีร์นวังคสัตถุศาสน์. (ป.). (ดู นวังคสัตถุศาสน์ ประกอบ).
คาถา 2,น.,คำเสกที่ถือว่าศักดิ์สิทธิ์.
คาถาพัน 0,น.,"บทประพันธ์เรื่องมหาเวสสันดรชาดกที่แต่งเป็นคาถาภาษาบาลีล้วน ๆ พันบท, เรียกการเทศน์มหาเวสสันดรชาดกที่เป็นคาถาล้วน ๆ อย่างนี้ ว่า เทศน์คาถาพัน."
คาถาอาคม 0,น.,คำเสกที่ถือว่าศักดิ์สิทธิ์.
ค่าไถ่ 0,น.,ทรัพย์สินหรือประโยชน์ที่เรียกเอา หรือให้เพื่อแลกเปลี่ยนเสรีภาพของผู้ถูกเอาตัวไป ผู้ถูกหน่วงเหนี่ยว หรือผู้ถูกกักขัง.
ค่าทดแทน 0,น.,เงินหรือสิ่งอื่นที่กฎหมายกำหนดให้ต้องชำระ หรือชดใช้เพื่อทดแทนความเสียหายจากการผิดสัญญา การละเมิดสิทธิหรือการล่วงล้ำสิทธิของบุคคล หรือการอื่น เช่นในกรณีลูกจ้างได้รับอันตรายจากการทำงาน.
คาทอลิก 0,น.,"ชื่อนิกายหนึ่งของคริสต์ศาสนา มีพระสันตะปาปาเป็นประมุข เชื่อถือในตรีเอกภาพ คือถือว่า พระบิดา พระบุตร และพระจิต เป็นพระเป็นเจ้าองค์เดียวกัน พระเยซูมี ๒ สภาวะ คือ สภาวะพระเป็นเจ้า กับ สภาวะมนุษย์ ยกย่องแม่พระและนักบุญ มีนักบวชเรียกว่า บาทหลวง, เรียกเต็มว่า โรมันคาทอลิก."
ค่าที่ 0,สัน.,เพราะเหตุว่า เช่น เขาได้รับรางวัลค่าที่เป็นคนซื่อสัตย์.
คาธ 0,ก.,"จับ, กิน, เช่น จันทรคาธ สุริยคาธ."
ค่าธรรมเนียม 0,น.,เงินหรือประโยชน์อย่างอื่นที่เรียกเก็บตามกฎหมาย เนื่องจากการให้บริการของหน่วยงานของรัฐ เช่น ค่าธรรมเนียมศาล ค่าธรรมเนียมการส่งออกตามพระราชบัญญัติกองทุนสงเคราะห์เกษตรกร ค่าธรรมเนียมการจดทะเบียนสิทธิและนิติกรรมตามประมวลกฎหมายที่ดิน.
ค่าธรรมเนียมศาล 0,น.,ค่าธรรมเนียมที่ต้องชำระให้แก่ศาลในการดำเนินคดี.
คาน 0,น.,"เครื่องเรือนที่ยึดเสาและรองตง ทำด้วยไม้เป็นต้น, ไม้ทำอย่างรอดสำหรับรองรับของหนัก เช่น คานเรือ"
คาน 1,น.,ไม้สำหรับหาบหรือหามสิ่งของต่าง ๆ เรียกว่า ไม้คาน.
คาน 2,ก.,"รองรับหรือเอาสิ่งใดสิ่งหนึ่งรองรับของหนักขึ้นไว้, ถ่วงนํ้าหนักกัน เช่น อำนาจของฝ่ายนิติบัญญัติกับอำนาจของฝ่ายบริหารคานกัน, โดยปริยายหมายความว่า ค้านกัน ยังตกลงกันไม่ได้."
ค้าน 0,ก.,"แย้งกัน เช่น ข้อความตอนหน้ากับตอนหลังค้านกัน, กล่าวแย้งไม่เห็นด้วย"
ค้าน 1,ก.,"หัก, พัง, ทำลาย, เช่น เครื่องบนกระบาลผุค้าน (คำฤษฎี), สยงสรเทือนพ้ยงค้าน ค่นเมรุ (ยวนพ่าย)."
ค้าน 2,ว.,"ที่ไม่เห็นด้วย, ที่ตรงกันข้าม, เช่น ฝ่ายค้าน."
คานขา 0,ก.,"แทนชั่วคราว เป็นการแก้ขัดในการเล่นไพ่เป็นต้น, ขัดขา หรือ คันขา ก็ว่า."
คานคอดิน 0,น.,คานที่วางบนเสาตอม่อ มักจะอยู่เสมอระดับดิน.
คานธรรพเวท 0,น.,วิชาการดนตรี เป็นสาขาหนึ่งของสามเวท.
คานหาม 0,น.,"ที่นั่งที่มีคานสำหรับหาม, ถ้าใช้สำหรับเจ้านาย เรียกว่า แคร่คานหาม, เรียกสั้น ๆ ว่า แคร่ ก็มี, ถ้าใช้สำหรับพระมหากษัตริย์ เรียกว่า พระราชยานคานหาม."
คาน้า 0,น.,"ชื่อไม้ล้มลุกชนิด Brassica alboglabra L. H. Bailey ในวงศ์ Cruciferae ใช้เป็นผัก, คาน้า ก็เรียก."
ค่าน้ำ 0,น.,อากรจับสัตว์นํ้าซึ่งกำหนดตามแหล่งที่จับสัตว์น้ำซึ่งมีผู้ผูกอากรไว้ หรือเก็บจากเครื่องมือที่ใช้ เช่น โป๊ะ อวน ยอ แห เบ็ดราว.
ค่าน้ำนม 0,น.,"เงินที่ฝ่ายชายต้องจ่ายให้แก่บิดามารดาฝ่ายหญิงในการสู่ขอเพื่อตอบแทนเป็นค่าที่ได้เลี้ยงดูมา, (โบ) นิยมใช้เข้าคู่กับคำ ข้าวป้อน เป็น ค่าน้ำนมข้าวป้อน เช่น ให้คิดเอาค่าน้ำนมเข้าป้อนค่าเลี้ยงรักษาแก่มันแลชายซึ่งภาเอาหญิงไปเลี้ยงนั้นให้มันช่วยหญิงเสียกึ่งหนึ่ง (สามดวง)"
ค่าน้ำนม 1,น.,ปัจจุบันหมายถึงพระคุณของพ่อแม่ที่ได้เลี้ยงดูมา เช่น บวชตอบแทนค่าน้ำนม.
ค่าน้ำร้อนน้ำชา 0,น.,เงินสินบนที่จ่ายให้เจ้าหน้าที่เพื่อให้ได้รับความสะดวกรวดเร็วในการติดต่องานหรือขอรับบริการ.
ค่านิยม 0,น.,สิ่งที่บุคคลหรือสังคมยึดถือเป็นเครื่องช่วยตัดสินใจ และกำหนดการกระทำของตนเอง.
คาบ 0,น.,"ครั้ง, หน, ระยะเวลาเวียนรอบ, ช่วงเวลา."
คาบ 1,ก.,กลั้นใจบริกรรมเวทมนตร์ครั้งหนึ่ง ๆ.
คาบ 2,ก.,"เอาปากหรือสิ่งที่มีลักษณะอย่างปากงับหนีบไว้, โดยปริยายหมายถึงอาการที่คล้ายคลึงเช่นนั้น เช่น คาบข่าวไปบอก."
คาบ 3,น.,พื้นหน้าเรียบ เช่น ราบคาบ.
คาบเกี่ยว 0,ก.,ติดต่อเกี่ยวเนื่องกัน เช่น ที่ดินคาบเกี่ยวกัน.
คาบชุด 0,น.,ชื่อปืนเล็กยาวอย่างโบราณ ใช้ชุดจุดดินหูเวลายิง.
คาบลูกคาบดอก 0,ว.,อยู่ในระยะคับขันกำลังจะได้หรือเสียก้ำกึ่งกัน สำนวนนี้เปรียบกับต้นไม้ที่ออกดอกและกำลังจะเป็นลูกคาบเกี่ยวกัน จึงว่า คาบลูกคาบดอก.
คาบศิลา 0,น.,ชื่อปืนเล็กยาวอย่างโบราณ มีนกเป็นเหล็กคาบหินเหล็กไฟหรือหินปากนกสับลงกับเหล็กให้เป็นประกายติดดินหู.
คาบสมุทร 0,น.,ส่วนของแผ่นดินที่มีน้ำล้อมเกือบรอบ ตามปรกติมักต่อเนื่องกับผืนแผ่นดินใหญ่เป็นคอคอด หรือยื่นยาวออกไปในทะเล.
คาบเส้น 0,ก.,อยู่ตรงเกณฑ์ที่กำหนดพอดี เช่น สอบไล่ได้คะแนนคาบเส้น.
ค้าประเวณี 0,ก.,ยอมรับการกระทำชำเราหรือยอมรับการกระทำอื่นใด หรือกระทำการอื่นใด เพื่อสำเร็จความใคร่ในทางกามารมณ์ของผู้อื่น อันเป็นการสำส่อนเพื่อสินจ้างหรือประโยชน์อื่นใด ทั้งนี้ ไม่ว่าผู้ยอมรับการกระทำและผู้กระทำจะเป็นบุคคลเพศเดียวกันหรือคนละเพศ.
ค่าปรับ 0,น.,โทษทางอาญาสถานหนึ่ง ซึ่งผู้กระทำความผิดต้องชำระเงินตามจำนวนที่ศาลกำหนด หรือตามที่ผู้มีอำนาจเปรียบเทียบได้เปรียบเทียบ.
ค่าป่วยการ 0,น.,ค่าชดเชยการงานหรือเวลาที่เสียไป เช่น ค่าป่วยการพยาน.
ค่าปากเรือ 0,น.,"ค่าธรรมเนียมที่เก็บจากเรือบรรทุกสินค้าขาเข้าโดยวัดขนาดกว้างตอนกลางเรือเป็นกำหนด, ภาษีปากเรือ หรือ จังกอบเรือ ก็เรียก."
ค่าเผา 0,น.,ค่าธรรมเนียมดูเงินโดยใช้วิธีเผาเงินตราเพื่อพิสูจน์.
คาพยุต 0,น.,"คาวุต, มาตราโบราณ สำหรับวัดความยาว ( = ๔,๐๐๐ ทัณฑะ หรือ ๒ โกรศ หรือ ๑ ใน ๔ ของโยชน์ = ๑๐๐ เส้น)."
ค่าภาคหลวง 0,น.,ค่าสิทธิซึ่งกฎหมายกำหนดให้ผู้ได้รับอนุญาตให้ทำการหาประโยชน์จากทรัพยากรของชาติต้องชำระให้แก่รัฐ เช่น ค่าภาคหลวงแร่ ค่าภาคหลวงไม้หวงห้าม.
คาม 0,น.,"บ้าน, หมู่บ้าน."
คาม- 0,น.,"บ้าน, หมู่บ้าน."
คามณี 0,น.,"ผู้ใหญ่บ้าน, นายบ้าน, หัวหน้า."
คามณีย์ 0,น.,"ผู้ฝึกหัดม้าหรือช้าง, หมอช้าง, นายสารถี, เช่น พลคชคณผาดผ้าย คามณีย์ทาย จำทวยทวน (สมุทรโฆษ)."
คามภีร์ 0,ว.,ลึกซึ้ง.
คามโภชก 0,น.,"นายบ้าน, นายตำบล, ผู้ใหญ่บ้าน, กำนัน."
คามวาสี 0,น.,"ผู้อยู่ในหมู่บ้าน, ใช้สำหรับเรียกคณะสงฆ์ฝ่ายคันถธุระ, คู่กับ อรัญวาสี คณะสงฆ์ฝ่ายวิปัสสนาธุระ."
คามี 0,*น.,"ใช้ประกอบท้ายคำอื่น แปลว่า ผู้ไป, ผู้ถึง, เช่น นิพพานคามี ว่า ผู้ถึงนิพพาน, วัฏคามี ว่า ผู้ไปในวัฏฏะ."
ค่าย 0,น.,ที่ตั้งกองทหาร มีรั้วล้อมรอบ
ค่าย 1,น.,"ที่ตั้งกองทหาร, ที่พักกองทัพ"
ค่าย 2,น.,ที่พักแรมชั่วคราวของคนเป็นจำนวนมาก เช่น ค่ายลูกเสือ ค่ายผู้อพยพ
ค่าย 3,น.,ฝ่ายที่มีความคิดเห็นแนวเดียวกัน เช่น ค่ายโลกเสรี.
คาย 0,ก.,ปล่อยของที่ไม่ต้องการจะกลืนหรือกลืนไม่ได้ออกจากปาก เช่น คายชานอ้อย
คาย 1,ก.,ปล่อยออกมา เช่น คายความร้อน
คาย 2,ก.,"โดยปริยายใช้หมายถึงอาการของสิ่งที่ติดแน่นเลื่อนออกจากที่เดิม เช่น เรือคายหมัน ลูกประสักคายตัว, เปิดเผย, แสดงออก, เช่น คายความลับ."
คาย 3,น.,ส่วนที่มีลักษณะเป็นผงหรือขนละเอียดแหลมคมของบางสิ่งบางอย่าง เวลากระทบผิวหนังทำให้รู้สึกระคายคัน เช่น คายข้าว คายอ้อย คายไผ่.
คาย 4,ว.,อาการที่รู้สึกว่าผงหรือขนเช่นนั้นกระทบตัวทำให้รู้สึกระคายคัน.
คายก 0,น.,"ผู้ร้องเพลง, ผู้ขับร้อง."
คายก- 0,น.,"ผู้ร้องเพลง, ผู้ขับร้อง."
คายกคณะ 0,น.,"หมู่คนผู้ขับร้อง, พวกขับร้อง, ลูกคู่."
ค่ายกักกัน 0,น.,สถานที่คุมขังเชลยศึกหรือนักโทษทางการเมือง.
ค่ายเยาวชน 0,น.,สถานที่ซึ่งจัดขึ้นหรือใช้ฝึกอบรมเยาวชนให้รู้จักการดำรงชีวิตเป็นหมู่คณะ โดยให้ร่วมกิจกรรมต่าง ๆ ให้รู้จักช่วยตัวเอง ช่วยหมู่คณะ รู้จักระเบียบวินัย.
ค่ายอาสาพัฒนา 0,น.,ค่ายเยาวชนที่จัดตั้งขึ้นโดยมีความมุ่งหมายเพื่อส่งเสริมหรือฝึกฝนให้เยาวชนได้ร่วมมือร่วมใจกันบำเพ็ญประโยชน์ต่าง ๆ ให้แก่ชุมชน.
คายัน 0,ก.,"ร้องเพลง, ขับร้อง, เช่น สยงสังคีตคายัน (ม. คำหลวง มหาราช)."
คาร์บอน 0,น.,ธาตุลำดับที่ ๖ สัญลักษณ์ C เป็นอโลหะ ลักษณะเป็นของแข็ง มีหลายอัญรูป เช่น เพชร แกรไฟต์ คาร์บอนเป็นธาตุองค์ประกอบที่สำคัญที่สุดธาตุหนึ่งของสิ่งที่มีชีวิต.
คาร์บอนไดออกไซด์ 0,น.,ชื่อแก๊สชนิดหนึ่ง ไม่มีสี สูตรเคมี CO_2 มีปรากฏในบรรยากาศ เกิดจากการเผาไหม้โดยสมบูรณ์ของธาตุคาร์บอนหรือสารอินทรีย์ เป็นแก๊สหนักกว่าอากาศและไม่ช่วยการเผาไหม้ จึงใช้ประโยชน์ในการดับเพลิง ใช้ในอุตสาหกรรมเครื่องดื่มอัดลม เช่น นํ้าโซดา นํ้าหวาน ใช้ทำนํ้าแข็งแห้ง ซึ่งเป็นตัวทำความเย็น.
คาร์บอนมอนอกไซด์ 0,น.,ชื่อแก๊สชนิดหนึ่ง ไม่มีสี สูตรเคมี CO เป็นแก๊สพิษร้ายแรง จุดไฟติดในอากาศให้เปลวสีนํ้าเงินอ่อน เกิดจากการเผาไหม้โดยไม่สมบูรณ์ของธาตุคาร์บอน มีปรากฏในแก๊สจากท่อไอเสียของเครื่องยนต์ ใช้ประโยชน์เป็นแก๊สเชื้อเพลิง ใช้เตรียมเมทิลแอลกอฮอล์ในอุตสาหกรรม.
คาร์บอเนต 0,น.,เกลือปรกติของกรดคาร์บอนิก เช่น แคลเซียมคาร์บอเนต (CaCO_3) ซึ่งเป็นองค์ประกอบสำคัญของหินปูน หินอ่อน กระดูก เป็นต้น.
คาร์บอลิก 0,น.,สารฟีนอล (phenol) มีสูตรเคมี C_6H_5OH ลักษณะเป็นผลึกสีขาว มีกลิ่น ละลายนํ้าได้บ้าง มีฤทธิ์กัด เป็นพิษ ใช้ประโยชน์เป็นยาล้างเชื้อโรค ใช้ในอุตสาหกรรมผลิตพลาสติก และสีย้อมผ้า มักเรียกคลาดเคลื่อนว่า กรดคาร์บอลิก.
คาร์บูเรเตอร์ 0,น.,อุปกรณ์ประกอบในเครื่องยนต์ชนิดใช้นํ้ามันเผาไหม้ภายใน ใช้ประโยชน์เพื่อผสมอากาศเข้ากับไอนํ้ามันก่อนที่จะถูกเผาไหม้.
คาร์โบรันดัม 0,น.,สารสีดำแข็งมาก ชื่อเคมีว่า ซิลิคอนคาร์ไบด์ มีสูตร SiC ใช้ประโยชน์ทำหินสำหรับขัด ใช้ผสมกับคอนกรีตเพื่อทำขั้นบันไดตึก ใช้ทำวัสดุทนไฟ.
คาร์โบไฮเดรต 0,น.,ชื่อกลุ่มสารประกอบอินทรีย์ ซึ่งประกอบด้วยธาตุคาร์บอน ไฮโดรเจน และออกซิเจน ส่วนใหญ่มีสูตรเคมี C_x(H_2O)_y แบ่งออกเป็น ๒ ประเภทใหญ่ คือ นํ้าตาลและพอลิแซ็กคาไรด์ เป็นสารอาหารที่สำคัญมากประเภทหนึ่ง.
คารพ 0,น.,"ความเคารพ, ความนับถือ."
คารม 0,น.,"ถ้อยคำที่คมคาย, ฝีปาก."
คารวะ 0,น.,"ความเคารพ, ความนับถือ."
คารวะ 1,ก.,แสดงความเคารพ.
คาราคาก่า 0,ว.,"ยังไม่เสร็จ, ยังไม่แล้ว, ค้างอยู่, ติดอยู่."
คาราคาซัง 0,ว.,"ยังไม่เสร็จ, ยังไม่แล้ว, ค้างอยู่, ติดอยู่."
คาราเต้ 0,น.,ศิลปะการต่อสู้ป้องกันตัวด้วยมือเปล่า โดยการใช้อวัยวะต่าง ๆ เช่น มือ เท้า ศอก ศีรษะ ที่ฝึกจนแข็งแกร่งแล้ว มีแพร่หลายในญี่ปุ่นและเกาหลี.
ค่ารายปี 0,น.,จำนวนเงินซึ่งทรัพย์สินนั้นสมควรให้เช่าได้ในปีหนึ่ง ๆ.
คาราวาน 0,น.,หมู่คนหรือยานพาหนะเป็นต้นซึ่งเดินทางไกลร่วมกันเป็นขบวนยาว.
ค่าฤชาธรรมเนียม 0,น.,ค่าธรรมเนียมที่กฎหมายบังคับให้ต้องเสียและค่าใช้จ่ายต่าง ๆ ในการดำเนินคดี รวมถึงค่าป่วยการพยาน ค่าทนายความ และค่าธรรมเนียมศาลอื่น ๆ.
ค่าล่วงเวลา 0,น.,เงินที่นายจ้างจ่ายให้แก่ลูกจ้างเป็นการตอบแทนการทำงานล่วงเวลาในวันทำงาน.
คาว 0,น.,กลิ่นเหม็นอย่างหนึ่งอย่างกลิ่นปลาสดเนื้อสด
คาว 1,น.,โดยปริยายหมายถึงความเสื่อมเสีย ความมัวหมอง มลทิน เช่น ราคีคาว คนนั้นยังมีคาว
คาว 2,น.,"เรียกกับข้าว ว่า ของคาว, คู่กับ ขนม ว่า ของหวาน."
ค่าว 0,น.,กลอนหรือกวีนิพนธ์แบบหนึ่ง มักใช้แต่งรำพันความรักหรือแต่งเป็นเรื่อง เช่น ค่าวเรื่องจำปาสี่ต้น หมายถึง คำกลอนเรื่องจำปาสี่ต้น.
ค้าว 0,น.,"ชื่อปลานํ้าจืดในวงศ์ Siluridae ไม่มีเกล็ด รูปร่างคล้ายปลาคางเบือนซึ่งอยู่ในวงศ์เดียวกัน แต่มีขนาดใหญ่กว่า คือ ยาวได้ถึง ๒ เมตร หัวแหลม ปากกว้าง ฟันแหลมคม ครีบหลังตั้งเด่น ตัวยาวเรียวไปทางหาง แบนข้าง ในประเทศไทยมี ๒ ชนิด คือ ค้าวขาว [ Wallago attu (Bloch)] และ ค้าวดำ คูน ทุก อีชุก อีทุก หรือ อีทุบ ( W. micropogon Vailant) ซึ่งมีหนวดยาวกว่าชนิดแรก ลำตัวและครีบสีดำคล้ำ, ทั้ง ๒ ชนิด เค้า ก็เรียก."
คาวตอง 0,น.,"ชื่อไม้ล้มลุกชนิด Houttuynia cordata Thunb. ในวงศ์ Saururaceae ใบใช้เป็นอาหาร, พลูแก หรือ พลูคาว ก็เรียก."
คาวปลา 0,ว.,เรียกน้ำที่ขับถ่ายจากช่องคลอดภายหลังคลอดลูกแล้วประมาณ ๓-๔ วัน ปรกติมีกลิ่นคาวเล็กน้อย ว่า นํ้าคาวปลา.
คาวี 0,น.,"วัว, วัวตัวเมีย, เช่น คชสารโคคาวี (กฎ. ราชบุรี)."
คาวุต 0,น.,"มาตราโบราณ สำหรับวัดความยาว (= ๔,๐๐๐ ทัณฑะ หรือ ๒ โกรศ หรือ ๑ ใน ๔ ของโยชน์ = ๑๐๐ เส้น), คาพยุต ก็ว่า."
คาส 0,ก.,"กิน, กัด, เช่น ริ้นร่านห่านยุง ยงงคาสคุงใจ (ม. คำหลวง สักบรรพ)."
ค่าสัมบูรณ์ 0,น.,ค่าของจำนวนจริงที่ไม่คำนึงถึงเครื่องหมาย เช่น ค่าสัมบูรณ์ของ −๓ หรือ +๓ คือ ๓.
ค่าสินไหมทดแทน 0,น.,สิ่งที่ให้หรือการกระทำที่ทำ เพื่อชดใช้หรือทดแทนความเสียหายที่เกิดขึ้นแก่ทรัพย์สินหรือแก่บุคคลอันเนื่องมาจากการละเมิดหรือการผิดสัญญา รวมทั้งการคืนทรัพย์สินให้แก่ผู้เสียหายด้วย.
ค่าเสมอภาค 0,น.,มูลค่าหรือราคาของหุ้น หรือหลักทรัพย์อื่นตามที่ตราไว้
ค่าเสมอภาค 1,น.,มูลค่าแลกเปลี่ยนของหน่วยเงินตราสกุลหนึ่ง ที่เทียบเท่ากับมูลค่าแลกเปลี่ยนของหน่วยเงินตราอีกสกุลหนึ่ง.
ค่าเสียหาย 0,น.,มูลค่าแห่งความเสียหายที่ผู้เสียหายพึงได้รับการชดใช้.
ค่าหด 0,น.,ชื่อไม้ต้นขนาดกลางถึงขนาดใหญ่ชนิด Engelhardtia spicata Blume ในวงศ์ Juglandaceae เนื้อไม้ใช้ทำหีบชาหรือก้านไม้ขีดไฟ.
คาหนังคาเขา 0,ว.,"จับได้ในขณะที่กำลังกระทำผิดหรือพร้อมกับของกลาง, ใช้เพี้ยนว่า คาหลังคาเขา ก็มี."
ค่าหน้าดิน 0,น.,เงินกินเปล่าที่เจ้าของที่ดินเรียกจากผู้เช่าเป็นต้น เพื่อเป็นค่าตอบแทนการใช้ที่ดิน.
ค่าหัว 0,น.,ราคาที่กำหนดไว้เป็นค่าเอาชีวิต.
ค่ำ 0,น.,"เรียกวันตามจันทรคติ เช่น ขึ้นคํ่าหนึ่ง ขึ้น ๒ คํ่า, เวลามืดตอนต้นของกลางคืน."
ค่ำ 1,ว.,ที่อยู่ในช่วงเวลาตั้งแต่เย็นจนถึงเวลามืดตอนต้นของกลางคืน เช่น รอบค่ำ.
ค่ำ 2,ก.,สิ้นแสงเมื่อดวงอาทิตย์ตกดินแล้ว เช่น จวนจะค่ำแล้ว.
ค้ำ 0,ก.,เอาไม้ง่ามเป็นต้นยันไว้เพื่อไม่ให้ทรุด ไม่ให้ล้ม หรือไม่ให้เข้ามา.
คำ 0,น.,ทองคำ เช่น หอคำ เชียงคำ.
คำ 1,น.,"เสียงพูด, เสียงที่เปล่งออกมาครั้งหนึ่ง ๆ, เสียงพูดหรือลายลักษณ์อักษรที่เขียนหรือพิมพ์ขึ้นเพื่อแสดงความคิด โดยปรกติถือว่าเป็นหน่วยที่เล็กที่สุดซึ่งมีความหมายในตัว, ใช้ประกอบหน้าคำอื่นมีความหมายเช่นนั้น เช่น คำนาม คำกริยา คำบุรพบท"
คำ 2,น.,"พยางค์ซึ่งเป็นส่วนย่อยของวรรคหรือบาทในฉันท์ แต่ละพยางค์ถือว่าเป็นคำหนึ่ง, ๒ วรรคของคำกลอน"
คำ 3,น.,"ลักษณนามของเสียงพูด เช่น พูดคำหนึ่ง, ลักษณนามบอกจำพวกของเคี้ยวของกิน เช่น ข้าวคำหนึ่ง, ลักษณนามเรียก ๒ วรรคของคำกลอน ว่า คำหนึ่ง."
คำกร่อน 0,น.,"คำที่ลดเสียงสระและเสียงสะกด (ถ้ามี) ให้เป็นเสียง อะ โดยยังคงเสียงพยัญชนะต้นเสียงเดี่ยวหรือเสียงพยัญชนะต้นที่เป็นอักษรควบอักษรกล้ำไว้ มักจะเกิดในคำสองพยางค์ที่พยางค์แรกออกเสียงเบา เช่น หมากม่วง เป็น มะม่วง ต้นเคียน เป็น ตะเคียน อันหนึ่ง เป็น อนึ่ง แจ้นแจ้น เป็น จะแจ้น ขวักไขว่ เป็น ขวะไขว่ โครมโครม เป็น คระโครม, และมีปรากฏในคำพยางค์เดียวด้วย เช่น เสีย เป็น ซะ แล้ว เป็น ละ, แต่บางกรณีก็ลดเสียงสระและเสียงสะกด (ถ้ามี) ให้เป็นเสียง เออะ หรือ อึ เช่น เถิด เป็น เถอะ หรือ เป็น รึ."
คำกล่าวโทษ 0,น.,การที่บุคคลอื่นซึ่งไม่ใช่ผู้เสียหายได้กล่าวหาต่อเจ้าหน้าที่ว่ามีบุคคลรู้ตัวหรือไม่ก็ดี ได้กระทำความผิดอย่างหนึ่งขึ้น.
คำขวัญ 0,น.,ถ้อยคำที่แต่งขึ้นเพื่อเตือนใจหรือเพื่อให้เป็นสิริมงคล.
คำขาด 0,น.,"คำบอกกล่าวอย่างเด็ดขาดครั้งที่สุดให้ปฏิบัติการอย่างใดอย่างหนึ่งโดยไม่มีการผ่อนผัน เช่น ยื่นคำขาดให้ผู้เช่าออกไปจากบ้านเช่าภายใน ๓ วัน, ข้อเสนอเด็ดขาด, ข้อเสนอที่ยื่นให้อีกฝ่ายหนึ่งปฏิบัติตามโดยเด็ดขาด เช่น เขายื่นคำขาดให้เธอปฏิบัติตาม."
คำขึ้นต้น 0,น.,คำใช้เขียนขึ้นต้นจดหมายถึงผู้รับตามฐานะของผู้รับแต่ละคน เช่น นมัสการ ใช้เป็นคำขึ้นต้นจดหมายถึงพระภิกษุ เรียน ใช้เป็นคำขึ้นต้นจดหมายถึงบุคคลธรรมดา
คำขึ้นต้น 1,น.,คำใช้ขึ้นต้นสำหรับร้อยกรองบางประเภท เช่น บัดนั้น เมื่อนั้น ครานั้น สักวา.
คำคม 0,น.,ถ้อยคำที่หลักแหลมชวนให้คิด.
ค้ำคอ 0,ก.,ทำให้อยู่ในฐานะจำใจต้องทำหรืองดเว้น.
ค่ำคืน 0,น.,กลางคืน.
คำคู่ความ 0,น.,บรรดาคำฟ้อง คำให้การหรือคำร้องทั้งหลายที่ยื่นต่อศาล เพื่อตั้งประเด็นระหว่างคู่ความ.
ค้ำเงิน 0,ก.,"คํ้าประกันเงินกู้, พระไอยการลักษณะกู้หนี้เรียกบุคคลซึ่งคํ้าประกันเงินกู้ว่า ผู้คํ้าเงิน."
ค้ำจุน 0,ก.,อุดหนุนให้ดำรงอยู่ได้.
ค้ำชู 0,ก.,"บำรุงให้เจริญขึ้น, พยุงให้สูงขึ้น."
คำดีควาย 0,ก.,"ชื่อไม้ต้นชนิด Diospyros undulata Wall. ex G. Don var. cratericalyx (Craib) Bakh. ในวงศ์ Ebenaceae ขึ้นในป่าดิบ มีมากทางภาคใต้ สูงได้ถึง ๒๐ เมตร ไม่ผลัดใบ, จะเพลิง ชะเพลิง คำดีควาย ดูกค่าง ตะโกดำ พลับเขา ไหม้ หม้าย หรือ สะลาง ก็เรียก."
คำตั้ง 0,น.,คำที่ยกขึ้นตั้งเพื่อนิยามความหมายในการทำพจนานุกรม
คำตั้ง 1,น.,คำที่เป็นหลักให้คำอื่นที่เติมเข้ามาต่อ จะเติมข้างหน้า ตรงกลาง หรือ ข้างหลังก็ได้ ในภาษาคำติดต่อ.
คำตาย 0,น.,คำสระสั้นที่ไม่มีตัวสะกดพวกหนึ่ง และคำในมาตรากก กด กบ.
คำเติม 0,น.,คำที่เติมข้างหน้า ตรงกลาง หรือ ข้างหลัง ของคำตั้งในภาษาคำติดต่อ.
คำใต้ 0,น.,"ชื่อไม้ต้นขนาดเล็กชนิด Acacia farnesiana (L.) Willd. ในวงศ์ Leguminosae ดอกสีเหลือง เป็นพุ่ม ต้นมีหนาม, กระถินเทศ หรือ กระถินหอม ก็เรียก."
คำถามนำ 0,น.,คำถามพยานโดยแนะคำตอบไว้ในคำถามนั้นด้วย.
คำแถลง 0,น.,คำชี้แจงต่อศาลด้วยวาจาหรือเป็นหนังสือ เพื่อประโยชน์อย่างใดอย่างหนึ่ง.
คำทาย 0,น.,"ปัญหาที่ตั้งขึ้นมาเพื่อให้ทายว่าได้แก่อะไร มีคำว่า อะไรเอ่ย อยู่ข้างหน้าเสมอ เช่น อะไรเอ่ย ต้นเท่าครก ใบปกดิน, มักใช้เข้าคู่กับคำ ปริศนา เป็น ปริศนาคำทาย."
คำเทียบ 0,น.,แบบสอนอ่านที่แจกตามรูปตามมาตรา ก กา กง กน ฯลฯ เช่น ก กา กิ กี ฯลฯ เป็นคำเทียบของแม่ ก กา กง กัง กาง กิง ฯลฯ เป็นคำเทียบของแม่กง.
คำโท 0,น.,คำที่มีเครื่องหมายวรรณยุกต์โทกำกับอยู่ไม่ว่าคำนั้นจะเป็นเสียงวรรณยุกต์ใด เป็นคำบังคับในการแต่งโคลง เช่น ข้า คว้า แล้ว.
คำนวณ 0,ก.,"กะประมาณ, คิดหาผลลัพธ์โดยวิธีเลข."
คำนวร 0,ว.,"ควร, ถูกต้อง, เหมาะ, พอดี ๆ, ชอบ, เช่น คิดคิ้วคำนวรนวย คือธนูอันก่งยง (สมุทรโฆษ)."
คำนับ 0,ก.,"ทำความเคารพ, ทำความเคารพโดยก้มศีรษะให้."
คำนับ 1,น.,"คำที่ต้องนับถือ, หลักฐาน, เช่น ธก็ให้โกษาธิบดีลำดับคำนับนี้ไว้ (ม. คำหลวง นครกัณฑ์)."
คำนับ 2,ก.,มิดชิด เช่น บมิให้เห็นรูเห็นช่อง ที่ล่องลับคำนับนิแล้ว (ม. คำหลวง ชูชก).
คำนัล 0,ก.,เฝ้าเจ้านาย.
คำนำ 0,น.,คำอธิบายหรือชี้แจงเหตุที่เขียนหรือพิมพ์หนังสือเรื่องนั้นขึ้น.
คำนำหน้าชื่อ 0,น.,"คำที่ใช้นำหน้าชื่อบุคคลเพื่อแสดงสถานภาพ ตำแหน่งทางวิชาการ ยศ บรรดาศักดิ์ หรือฐานันดรศักดิ์, คำนำหน้านาม ก็เรียก."
คำนำหน้านาม 0,น.,"คำที่ใช้นำหน้าชื่อบุคคลเพื่อแสดงสถานภาพ ตำแหน่งทางวิชาการ ยศ บรรดาศักดิ์ หรือฐานันดรศักดิ์, คำนำหน้าชื่อ ก็เรียก."
คำนิยม 0,น.,ข้อความที่ผู้มีชื่อเสียงเขียนชื่นชมหนังสือเล่มนั้น อยู่ก่อนส่วนที่เป็นเนื้อเรื่อง.
คำนึง 0,ก.,"คิดทบทวน, นึกตรอง, คะนึง ก็ว่า."
คำนูณ 0,ก.,"คูณ, ทบ, ทำให้มากขึ้นตามส่วน."
คำบอกกล่าว 0,น.,ข้อความที่บุคคลฝ่ายหนึ่งแจ้งเป็นหนังสือ หรือแจ้งด้วยวาจา ไปยังบุคคลอีกฝ่ายหนึ่ง แสดงเจตนาที่จะใช้สิทธิ สงวนสิทธิ หรือกระทำการอย่างใดอย่างหนึ่ง เช่น คำบอกกล่าวสนองในการทำสัญญา คำบอกกล่าวเลิกสัญญา คำบอกกล่าวว่าจะบังคับจำนอง.
คำบังคับ 0,น.,คำสั่งของศาลซึ่งออกเพื่อสั่งให้คู่ความหรือบุคคลซึ่งเป็นฝ่ายแพ้คดีปฏิบัติตามคำพิพากษาหรือคำสั่ง.
คำโบล 0,ก.,"กำโบล, ลูบ, ลูบคลำ, ลูบไล้."
ค้ำประกัน 0,น.,ชื่อสัญญาซึ่งบุคคลภายนอกคนหนึ่ง เรียกว่า ผู้คํ้าประกัน ผูกพันตนต่อเจ้าหนี้คนหนึ่ง เพื่อชำระหนี้ในเมื่อลูกหนี้ไม่ชำระหนี้นั้น.
คำประสม 0,น.,คำที่เกิดจากการนำคำมูลที่เกิดอิสระได้ตั้งแต่ ๒ คำขึ้นไปมาประสมกันแล้วกลายเป็นคำใหม่ที่มีความหมายใหม่ขึ้นมาอีกคำหนึ่ง เช่น ลูกเสือ ลูกน้ำ แขกยาม เครื่องใน ไฟฟ้า.
คำประสาน 0,น.,"คำที่เกิดจากการนำคำตั้งแต่ ๒ คำขึ้นไปมาประกอบกัน อาจเป็นคำที่เกิดอิสระไม่ได้ ๒ คำมาประกอบกัน เช่น ชดช้อย ครื้นเครง หรือเป็นคำที่เกิดอิสระไม่ได้คำหนึ่งประกอบกับคำที่เกิดอิสระได้อีกคำหนึ่ง เช่น ชาวไร่ อ่อนช้อย, คำผสาน ก็เรียก."
คำปรารภ 0,น.,คำกล่าวแสดงความดำริที่จัดพิมพ์หนังสือนั้น.
คำเป็น 0,น.,คำสระยาวที่ไม่มีตัวสะกด และคำในมาตรากง กน กม เกย เกอว.
คำผวน 0,น.,คำที่พูดทวนกลับได้ เช่น ตกที่อิฐ ผวนเป็น ติดที่อก.
คำผสาน 0,น.,"คำที่เกิดจากการนำคำตั้งแต่ ๒ คำขึ้นไปมาประกอบกัน อาจเป็นคำที่เกิดอิสระไม่ได้ ๒ คำมาประกอบกัน เช่น ชดช้อย ครื้นเครง หรือเป็นคำที่เกิดอิสระไม่ได้คำหนึ่งประกอบกับคำที่เกิดอิสระได้อีกคำหนึ่ง เช่น ชาวไร่ อ่อนช้อย, คำผสาน ก็เรียก."
คำเผดียงสงฆ์ 0,น.,"ญัตติ, คำสวดประกาศเป็นภาษาบาลี เสนอให้ที่ประชุมสงฆ์ทราบเพื่อทำกิจของสงฆ์ร่วมกัน."
คำฝอย 0,น.,ชื่อไม้ล้มลุกชนิด Carthamus tinctorius L. ในวงศ์ Compositae ดอกใช้ทำยาได้.
คำพ้องความ 0,น.,"คำที่เขียนต่างกันแต่มีความหมายเหมือนกันหรือใกล้เคียงกันมาก เช่น โคกับวัว ควายกับกระบือ มนุษย์กับคน, ไวพจน์ ก็ว่า."
คำพ้องรูป 0,น.,คำที่เขียนเหมือนกันแต่มีความหมายต่างกัน เช่น ขัน (น้ำ) กับ (ไก่) ขัน คู (ร่องน้ำ) กับ (นกเขา) คู.
คำพ้องเสียง 0,น.,"คำที่ออกเสียงเหมือนกันแต่เขียนต่างกันและมีความหมายต่างกัน เช่น ใส-ไส-ไสย กาน-กาล-การ-การณ์, (โบ) ในหนังสือแบบเรียนภาษาไทยของพระยาศรีสุนทรโวหาร (น้อย อาจารยางกูร) เรียกคำพ้องเสียงว่า ไวพจน์."
คำพิพากษา 0,น.,คำวินิจฉัยชี้ขาดของศาลในประเด็นแห่งคดีที่ฟ้องต่อศาล.
คำเพลิง 0,น.,ปืน.
คำฟ้อง 0,น.,กระบวนพิจารณาใด ๆ ที่โจทก์ได้เสนอข้อหาต่อศาลไม่ว่าจะเสนอด้วยวาจาหรือทำเป็นหนังสือ.
คำฟ้องแย้ง 0,น.,"คำฟ้องที่จำเลยฟ้องโจทก์มาในคำให้การในเรื่องที่เกี่ยวกับคำฟ้องเดิมของโจทก์, ฟ้องแย้ง ก็ว่า เช่น ยกฟ้องแย้ง."
ค้ำฟ้า 0,ว.,นานจนไม่มีกำหนด.
คำมั่น 0,น.,การแสดงเจตนาที่บุคคลหนึ่งให้ไว้กับอีกบุคคลหนึ่งเป็นการเฉพาะเจาะจงหรือให้ไว้กับบุคคลอื่นเป็นการทั่วไปว่าจะกระทำการอย่างใดอย่างหนึ่ง เช่น คำมั่นจะซื้อหรือขาย คำมั่นว่าจะให้รางวัล.
คำมั่นว่าจะให้รางวัล 0,น.,คำมั่นที่บุคคลออกโฆษณาว่าจะให้รางวัลแก่ผู้ซึ่งกระทำการอันใดสำเร็จดังที่บ่งไว้ในคำมั่น.
คำมูล 0,น.,คำคำเดียวที่ไม่ได้ประสมกับคำอื่น เช่น ยาม แขก นาฬิกา.
คำเมือง 0,น.,ภาษาถิ่นของคนในถิ่นพายัพของประเทศไทย.
คำรน 0,ก.,"คำราม, กระหึม."
คำรบ 0,น.,ครั้งที่ เช่น เป็นคำรบ ๓.
คำร้อง 0,น.,คำขอที่ยื่นต่อทางราชการ เพื่อให้ทำการอย่างใดอย่างหนึ่งให้แก่ผู้ร้อง.
คำร้อง 1,น.,"คำประพันธ์สำหรับขับร้อง, เนื้อร้อง หรือ บทร้อง ก็ว่า."
คำร้องทุกข์ 0,น.,การที่ผู้เสียหายได้กล่าวหาต่อเจ้าหน้าที่ ว่ามีผู้กระทำความผิดขึ้น จะรู้ตัวผู้กระทำความผิดหรือไม่ก็ตามซึ่งกระทำให้เกิดความเสียหายแก่ผู้เสียหาย และการกล่าวหาเช่นนั้นได้กล่าวโดยมีเจตนาจะให้ผู้กระทำความผิดได้รับโทษ.
คำราม 0,ก.,ทำเสียงขู่ เช่น เสือคำราม.
คำลงท้าย 0,น.,ข้อความที่เขียนไว้ท้ายจดหมายก่อนลงชื่อ เช่น ขอแสดงความนับถือ รักและคิดถึง.
คำสกรรถ 0,น.,เรียกคำที่เพิ่มเข้าข้างหลังคำเดิม เมื่อเพิ่มแล้ว มีความหมายคงเดิม หรือหมายถึงพวกหรือหมู่ ว่า คำสกรรถ เช่น อากร (ในคำเช่น นรากร ประชากร) อาการ (ในคำเช่น คมนาการ ทัศนาการ) ชาติ (ในคำเช่น มนุษยชาติ ติณชาติ) ประเทศ (ในคำเช่น อุรประเทศ หทัยประเทศ).
คำสนอง 0,น.,การแสดงเจตนาของบุคคลฝ่ายหนึ่งตกลงรับคำเสนอของบุคคลอีกฝ่ายหนึ่ง อันเป็นผลให้เกิดมีความผูกพันเป็นสัญญาขึ้นตามกฎหมาย. (ดู คำเสนอ ประกอบ).
คำสร้อย 0,น.,คำหรือวลีที่ใช้ลงท้ายวรรค ท้ายบาท หรือท้ายบทร้อยกรอง เพื่อความไพเราะของเสียงและความหมาย หรือเพื่อแสดงว่าจบตอน เช่น นาเฮย ฤๅ บารนี แก่แม่นา โสตถิ์เทอญ.
คำสั่งทางปกครอง 0,น.,การใช้อำนาจตามกฎหมายของเจ้าหน้าที่ที่มีผลเป็นการสร้างนิติสัมพันธ์ขึ้นระหว่างบุคคลในอันที่จะก่อ เปลี่ยนแปลง โอน สงวน ระงับ หรือมีผลกระทบต่อสถานภาพของสิทธิหรือหน้าที่ของบุคคล ไม่ว่าจะเป็นการถาวรหรือชั่วคราว เช่น การสั่งการ การอนุญาต การอนุมัติ การวินิจฉัยอุทธรณ์ การรับรอง และการรับจดทะเบียน แต่ไม่หมายความรวมถึงการออกกฎ.
คำสุภาพ 0,น.,คำที่ไม่ผันด้วยวรรณยุกต์ทั้ง ๔.
คำเสนอ 0,น.,การแสดงเจตนาว่าจะกระทำการหรืองดเว้นกระทำการอย่างใดอย่างหนึ่ง ที่บุคคลฝ่ายหนึ่งแจ้งต่อบุคคลอีกฝ่ายหนึ่ง. (ดู คำสนอง ประกอบ).
คำแสด 0,น.,"ชื่อไม้พุ่มชนิด Bixa orellana L. ในวงศ์ Bixaceae เมล็ดใช้ย้อมผ้า, แสด ก็เรียก."
คำแสด 1,น.,"ชื่อไม้ต้นชนิด Mallotus philippensis (Lam.) Müll. Arg. ในวงศ์ Euphorbiaceae ผลมีขน สีแดง ใช้ทำยาได้, คำแสด ก็เรียก."
คำหลวง 0,น.,"คำประพันธ์ซึ่งเป็นพระราชนิพนธ์ มีโคลงฉันท์กาพย์ร่าย คือ มหาชาติคำหลวงและพระนลคำหลวง, คำประพันธ์ที่แต่งมีลักษณะอย่างมหาชาติคำหลวง คือ นันโทปนันท-สูตรคำหลวง และพระมาลัยคำหลวง."
ค้ำหัว 0,ก.,ยืนชิดข้างหลังผู้ใหญ่ที่นั่งอยู่หรือด้านหัวผู้ใหญ่ที่นอนอยู่ ถือว่าแสดงอาการไม่เคารพ เรียกว่า ยืนคํ้าหัว.
คำแหง 0,ว.,"กำแหง, แข็งแรง, กล้าแข็ง, เข้มแข็ง."
คำให้การ 0,น.,ถ้อยคำหรือข้อความที่ผู้ถูกกล่าวหาหรือถูกฟ้อง รับ ภาคเสธ ปฏิเสธ หรือแก้ข้อหาในคดีที่ถูกกล่าวหาหรือถูกฟ้องในคดีอาญา หรือที่คู่ความฝ่ายหนึ่งยกเป็นข้อต่อสู้ในคดีแพ่งหรือในคดีปกครอง.
คำโอง 0,ก.,โอ่โถง
คำโอง 1,ก.,อวดอ้าง.
คำโอง 2,น.,เนื้อตัวผู้.
คิก ๆ 0,ว.,เสียงหัวเราะเบา ๆ.
คิง 0,น.,ร่างกาย เช่น รทวยรแถ้ง คิงคมกล้องแกล้ง (สุธนู).
คิด 0,ก.,ทำให้ปรากฏเป็นรูปหรือประกอบให้เป็นรูปหรือเป็นเรื่องขึ้นในใจ
คิด 1,ก.,"ใคร่ครวญ, ไตร่ตรอง, เช่น เรื่องนี้ยากยังคิดไม่ออก"
คิด 2,ก.,คาดคะเน เช่น คิดว่าเย็นนี้ฝนอาจจะตก
คิด 3,ก.,คำนวณ เช่น คิดเลขในใจ
คิด 4,ก.,"มุ่ง, จงใจ, ตั้งใจ, เช่น อย่าคิดร้ายเขาเลย"
คิด 5,ก.,นึก เช่น คิดละอาย.
คิดการใหญ่ 0,ก.,คิดจะทำการใหญ่เกินตัว.
คิดคด 0,ก.,คิดทรยศ.
คิดค้น 0,ก.,ตริตรองเพื่อหาความจริง.
คิดตก 0,ก.,พิจารณาจนเห็นจริงแล้วปล่อยไปตามสภาพ
คิดตก 1,ก.,คิดสำเร็จ.
คิดถึง 0,ก.,"นึกถึง, นึกถึงด้วยใจผูกพัน."
คิดบัญชี 0,ก.,แก้แค้น.
คิดมาก 0,ก.,"คิดเกินกว่าเหตุ, รู้สึกสะเทือนใจง่าย."
คิดลึก 0,ก.,คิดไกลเกินกว่าธรรมดา.
คิดเล็กคิดน้อย 0,ก.,คิดละเอียดถี่ถ้วนเกินไป ไม่ยอมเสียเปรียบใคร.
คิดไว 0,ก.,คิดแก้ปัญหาต่าง ๆ ได้รวดเร็ว.
คิดสมบัติบ้า 0,ก.,คิดมั่งมีอย่างเลื่อนลอย.
คิดสั้น 0,ก.,คิดทำลายตนเองเพราะหาทางออกไม่ได้.
คิดหน้าคิดหลัง 0,ก.,คิดอย่างรอบคอบ.
คิดเห็น 0,ก.,เข้าใจ.
คิดอ่าน 0,ก.,ตริตรองหาทางแก้ไข.
คิมหะ 0,น.,ฤดูร้อน.
คิมหันต์ 0,น.,ฤดูร้อน.
คิมหานะ 0,น.,ฤดูร้อน.
คิริ 0,น.,ภูเขา.
คิรี 0,น.,ภูเขา.
คิลาน- 0,น.,คนเจ็บ.
คิลานปัจจัย 0,น.,"ปัจจัยสำหรับคนไข้, วัตถุเป็นเครื่องอาศัยของผู้เจ็บไข้, ยารักษาโรค."
คิลานเภสัช 0,น.,ยารักษาโรค.
คิลานะ 0,น.,คนเจ็บ.
คิ้ว 0,น.,ส่วนโค้งขอบกระบอกตาข้างบนซึ่งมีขนขึ้นที่โค้งนั้น
คิ้ว 1,น.,"ไม้ที่ช่างลอกเป็นลวดสำหรับประกอบขอบหรือริมประตูหน้าต่างเป็นต้น, เรียกสิ่งอื่นที่มีลักษณะคล้ายคลึงเช่นนั้น เช่น คิ้วรถยนต์"
คิ้ว 2,น.,เรียกพายที่ทำเป็นลวดในใบพาย ว่า พายคิ้ว.
คิว 0,น.,"ลูกบาศก์ เช่น นํ้า ๕ คิว, เรียกเต็มว่า คิวบิก เช่น คิวบิกเมตร คิวบิกฟุต."
คิว 1,น.,แถวตามลำดับก่อนหลัง เช่น เข้าคิว คิวรถ.
คิ้วนาง 0,น.,"ชื่อไม้เถาชนิด Bauhinia winitii Craib ในวงศ์ Leguminosae ฝักแบนกว้างและโค้ง ดอกสีขาว รากใช้กินกับหมากต่างสีเสียด, อรพิม ก็เรียก."
คี่ 0,ว.,"จำนวนที่หารด้วย ๒ ไม่ลงตัว, เดี่ยว, ตรงข้ามกับ คู่."
คีต 0,น.,"เพลงขับ, การขับร้อง, เช่น แลคีตสำเนียงบรรสาน (สมุทรโฆษ)."
คีต- 0,น.,"เพลงขับ, การขับร้อง, เช่น แลคีตสำเนียงบรรสาน (สมุทรโฆษ)."
คีตกะ 0,น.,"เพลงขับ, การขับร้อง, เช่น แลคีตสำเนียงบรรสาน (สมุทรโฆษ)."
คีตะ 0,น.,"เพลงขับ, การขับร้อง, เช่น แลคีตสำเนียงบรรสาน (สมุทรโฆษ)."
คีบ 0,ก.,เอาปลายสิ่งที่เป็นง่ามเช่นคีมหรือปลายไม้ ๒ อันจับสิ่งอื่นให้อยู่.
คีม 0,น.,เครื่องมือชนิดหนึ่งมี ๒ ขาคล้ายกรรไกรสำหรับคีบของต่างมือ ทำด้วยเหล็กเป็นต้น.
คีย์บอร์ด 0,น.,แผงแป้นนิ้วของเปียโน พิมพ์ดีด คอมพิวเตอร์
คีย์บอร์ด 1,น.,เครื่องดนตรีที่มีแผงแป้นนิ้ว โดยเฉพาะที่ใช้ไฟฟ้า เช่น เปียโนไฟฟ้า ออร์แกนไฟฟ้า.
คีรี 0,น.,ภูเขา.
คีรีบูน 0,น.,ชื่อนกขนาดเล็กหลายชนิดหลายสกุล ในวงศ์ Fringillidae เป็นนกที่นำเข้ามาจากต่างประเทศ ปากสั้นหนาแข็งแรง ลำตัวอ้วนป้อม คล้ายนกจาบปีกอ่อน ขนลำตัวมีหลายสี ขาค่อนข้างยาวบอบบาง กินเมล็ดพืช ถิ่นกำเนิดส่วนใหญ่อยู่ในเขตอบอุ่น เช่น ทวีปยุโรป ตอนเหนือของทวีปเอเชีย นิยมเลี้ยงในกรง ร้องเสียงไพเราะ เช่น ชนิดสีเหลือง [ Serinus pusillus (Pallas)].
คึก 0,ว.,"คะนอง, ลำพอง, ร่าเริง, ฮึก ก็ว่า."
คึ่ก 0,ว.,เสียงดังเช่นนั้น เช่น เสียงลมพัดคึ่ก ๆ.
คึ่ก ๆ 0,ว.,เสียงดังเช่นนั้น เช่น เสียงลมพัดคึ่ก ๆ.
คึกคัก 0,ว.,"แข็งแรง, กระปรี้กระเปร่า, มีชีวิตชีวา, เช่น ดูท่าทางคึกคัก"
คึกคัก 1,ว.,ลักษณะที่มีผู้คนพลุกพล่านเข้า ๆ ออก ๆ มากกว่าปรกติ เช่น บ้านนี้มีผู้คนคึกคัก.
คึกคาม 0,ก.,คึกคะนอง.
คืน 0,น.,"ระยะเวลาตั้งแต่ยํ่าคํ่าถึงยํ่ารุ่ง, เวลากลางคืน."
คืน 1,ก.,กลับเข้าสู่ภาวะหรือฐานะเดิม.
คืน 2,ว.,กลับดังเดิม เช่น ได้คืน กลับคืน ส่งคืน.
คืนคำ 0,ก.,พูดว่าจะให้แล้วไม่ให้.
คืนชีพ 0,ก.,ตายแล้วกลับฟื้นขึ้นมาอีก.
คืนดี 0,ก.,โกรธกันแล้วกลับดีกัน.
คืนตัว 0,ก.,"ลักษณะที่สารละลายของสิ่งใดสิ่งหนึ่งที่ทำให้เป็นของแข็งแล้วกลับเป็นของเหลวอีก เช่น นํ้าตาลคืนตัว, ลักษณะที่ของแข็งที่ทำให้เป็นของเหลวแล้วกลับเป็นของแข็งอีก เช่น โลหะคืนตัว."
คืนยังรุ่ง 0,ว.,ตลอดคืน.
คืนให้ 0,ก.,กลับให้แก่เจ้าของเดิม.
คืบ 0,น.,"ช่วงระยะจากปลายนิ้วหัวแม่มือถึงปลายนิ้วก้อยเมื่อกางมือออกเต็มที่ เท่ากับ ๙ นิ้ว (มาตราชั่ง ตวง วัด), ช่วงระยะจากปลายนิ้วหัวแม่มือถึงปลายนิ้วกลางเมื่อกางมือออกเต็มที่ เท่ากับ ๙-๑๐ นิ้ว (ปรัดเล, แมคฟาแลนด์)"
คืบ 1,น.,"มาตราวัดตามวิธีประเพณี ๑ คืบ เท่ากับ ๑๒ นิ้ว, อักษรย่อว่า ค."
คืบ 2,ก.,ทอดตัวบนพื้น เขยิบตัวหรือเสือกตัวไปข้างหน้าอย่างหนอน
คืบ 3,ก.,เคลื่อนอย่างช้า ๆ เช่น งานยังไม่คืบไปไหนเลย.
คืบ 4,น.,ว่านชนิดหนึ่ง ใบเหมือนผักอีแปะ ก้านเขียวเล็ก มีเมล็ดที่ปลายใบ เมื่อเมล็ดแก่และหางตกถึงดินแล้ว เมล็ดงอกเป็นต้นขึ้นมา ในตำรากบิลว่านกล่าวว่าใช้เมล็ดห่อผ้าไว้ ตีฟันไม่เข้า.
คืบก็ทะเล ศอกก็ทะเล 0,*สำ.,ออกทะเลอย่าประมาททะเล เพราะอาจเกิดอันตรายได้ทุกเมื่อ.
คืบหน้า 0,ก.,ก้าวหน้า เช่น ข่าวคืบหน้า ทำงานไม่คืบหน้า.
คือ 0,สัน.,"เท่ากับ, ได้แก่."
คือ 1,ก.,"เป็น เช่น โลกคือดาวดวงหนึ่ง, เท่ากับ, เหมือนกับ, เช่น อ้อยลำแลใหญ่ครัน คือหมาก (สมุทรโฆษ)."
คุ 0,ว.,ไหม้ระอุอยู่ข้างในอย่างไฟที่ไหม้ขอนไม้ระอุอยู่ข้างใน.
คุ 1,ก.,ดุ เช่น ถูกคุ.
คุก 0,น.,"ที่ขังนักโทษ, เรือนจำ."
คุกกี้ 0,น.,ชื่อขนมชนิดหนึ่ง ทำด้วยแป้งสาลี ไข่ เนย น้ำตาล เป็นต้น ทำเป็นชิ้นเล็ก ๆ แล้วอบให้กรอบ.
คุกเข่า 0,ก.,ย่อเข่าลงให้ติดพื้น.
คุกคลาน 0,ก.,คลานด้วยกิริยาที่ยอบตัวลงให้เตี้ยโดยใช้เข่าเดิน.
คุกคาม 0,ก.,"แสดงอำนาจด้วยกิริยาหรือวาจาให้หวาดกลัว, ทำให้หวาดกลัว เช่น ภัยคุกคาม, ในบทกลอนใช้ว่า คุก ก็มี เช่น ไป่ขู่ไป่คุก ไป่รุกรุมตี (สมุทรโฆษ)."
คุกพาทย์ 0,น.,ชื่อเพลงไทยประเภทเพลงหน้าพาทย์ชั้นสูง ใช้บรรเลงเพื่อแสดงการแผลงฤทธิ์ ในการเทศน์มหาชาติใช้เป็นเพลงประจำกัณฑ์จุลพน.
คุคะ 0,น.,ชื่อไม้เถา ใช้ทำยาได้.
คุง 0,ว.,"ยาว, อ้อม, นาน, ตลอดไป, คุ้ง ก็ว่า."
คุง 1,สัน.,"ตราบเท่า, คุ้ง คุ้ม หรือ คุ้มเท้า ก็ว่า."
คุ้ง 0,น.,ส่วนเว้าโค้งเข้าไปของฝั่งนํ้าด้านที่ตรงกันข้ามกับหัวแหลม.
คุ้ง 1,ว.,"ยาว, อ้อม, นาน, ตลอดไป, คุง ก็ว่า."
คุ้ง 2,สัน.,"ตราบเท่า, คุง คุ้ม หรือ คุ้มเท้า ก็ว่า."
คุณ- 0,น.,"ความดีที่มีประจำอยู่ในสิ่งนั้น ๆ เช่น คุณของแผ่นดิน, ความดีที่มีต่อสิ่งต่าง ๆ เช่น ไม่รู้คุณข้าวแดงแกงร้อน"
คุณ- 1,น.,"ความเกื้อกูล เช่น รู้คุณ. (ป., ส.)"
คุณ- 2,น.,คำที่ใช้เรียกนำหน้าบุคคลเพื่อแสดงความยกย่อง เช่น คุณพ่อ คุณแม่ คุณสมร
คุณ- 3,น.,"คำนำหน้าชื่อสตรีที่ยังไม่ได้สมรสและได้รับพระราชทานเครื่องราชอิสริยาภรณ์ตั้งแต่ชั้นจตุตถจุลจอมเกล้าถึงชั้นทุติยจุลจอมเกล้า, คำนำหน้าชื่อสตรีที่ยังไม่ได้สมรสและได้รับพระราชทานเครื่องราชอิสริยาภรณ์จุลจอมเกล้าฝ่ายในชั้นทุติยจุลจอมเกล้าวิเศษขึ้นไป"
คุณ- 4,น.,คำแต่งชื่อ.
คุณ- 5,ส.,"คำใช้แทนผู้ที่เราพูดด้วย เป็นคำสุภาพ, เป็นสรรพนามบุรุษที่ ๒, (ปาก) คำใช้แทนผู้ที่เราพูดถึงด้วยความสุภาพ, เป็นสรรพนามบุรุษที่ ๓, เช่น คุณอยู่ไหม ช่วยไปเรียนว่ามีคนมาหา."
คุณ 0,น.,"ความดีที่มีประจำอยู่ในสิ่งนั้น ๆ เช่น คุณของแผ่นดิน, ความดีที่มีต่อสิ่งต่าง ๆ เช่น ไม่รู้คุณข้าวแดงแกงร้อน"
คุณ 1,น.,"ความเกื้อกูล เช่น รู้คุณ. (ป., ส.)"
คุณ 2,น.,คำที่ใช้เรียกนำหน้าบุคคลเพื่อแสดงความยกย่อง เช่น คุณพ่อ คุณแม่ คุณสมร
คุณ 3,น.,"คำนำหน้าชื่อสตรีที่ยังไม่ได้สมรสและได้รับพระราชทานเครื่องราชอิสริยาภรณ์ตั้งแต่ชั้นจตุตถจุลจอมเกล้าถึงชั้นทุติยจุลจอมเกล้า, คำนำหน้าชื่อสตรีที่ยังไม่ได้สมรสและได้รับพระราชทานเครื่องราชอิสริยาภรณ์จุลจอมเกล้าฝ่ายในชั้นทุติยจุลจอมเกล้าวิเศษขึ้นไป"
คุณ 4,น.,คำแต่งชื่อ.
คุณ 5,ส.,"คำใช้แทนผู้ที่เราพูดด้วย เป็นคำสุภาพ, เป็นสรรพนามบุรุษที่ ๒, (ปาก) คำใช้แทนผู้ที่เราพูดถึงด้วยความสุภาพ, เป็นสรรพนามบุรุษที่ ๓, เช่น คุณอยู่ไหม ช่วยไปเรียนว่ามีคนมาหา."
คุณ 6,น.,"อาถรรพณ์ คือ พิธีทำร้ายต่ออมิตร โดยเสกสิ่งใดสิ่งหนึ่งเข้าในตัวหรือฝังรูปฝังรอย เรียกกันว่า กระทำคุณ, ผู้ถูกกระทำ เรียกว่า ถูกคุณ, คุณไสย ก็ว่า."
คุณค่า 0,น.,สิ่งที่มีประโยชน์หรือมีมูลค่าสูง.
คุณชาย 0,น.,คำที่ใช้เรียกหม่อมราชวงศ์ที่เป็นชาย.
คุณธรรม 0,น.,สภาพคุณงามความดี.
คุณนาม 0,น.,ชื่อที่ตั้งขึ้นโดยถือเอาความดีเป็นหลัก เช่น พระปิยมหาราช
คุณนาม 1,น.,คำคุณที่มาใช้เป็นนาม เช่น ความดีความชอบ.
คุณนาย 0,น.,"คำยกย่อง ใช้เรียกภรรยาข้าราชการชั้นสัญญาบัตรที่ยังมิได้เป็นคุณหญิง, ในปัจจุบันใช้เรียกยกย่องสตรีทั่ว ๆ ไปที่ผู้เรียกนับถือ."
คุณบท 0,น.,"กลบทโบราณชนิดหนึ่ง ตัวอย่างว่า “เดชกุศลผล ตนข้าแปล แก้คัมภีร์ ที่ชาดก, ยกจากอรรถ จัดปัญญาส ชาติโพธิสัตว์ คัดประจง”."
คุณประโยชน์ 0,น.,ลักษณะที่เป็นประโยชน์ เช่น สมุนไพรมีคุณประโยชน์ในการทำยารักษาโรคได้.
คุณพิเศษ 0,น.,ความดีแปลกกว่าสามัญ.
คุณภาพ 0,น.,ลักษณะที่ดีเด่นของบุคคลหรือสิ่งของ.
คุณลักษณะ 0,น.,เครื่องหมายหรือสิ่งที่ชี้ให้เห็นความดีหรือลักษณะประจำ.
คุณลุงคุณป้า 0,น.,ชื่อเพลงไทย อัตรา ๒ ชั้น หน้าทับสองไม้ เมื่อทำเป็นเพลงเถา ชื่อว่า อะแซหวุ่นกี้ เถา.
คุณวิเศษ 0,น.,ความดีแปลกกว่าสามัญ.
คุณวุฒิ 0,น.,"ความรู้ความสามารถของบุคคล, ระดับการศึกษา, เช่น เขามีคุณวุฒิเหมาะจะเป็นครู."
คุณศัพท์ 0,น.,คำคุณ หรือ วิเศษณ์.
คุณสมบัติ 0,น.,"คุณงามความดี, คุณลักษณะประจำตัวของบุคคล เช่น คุณสมบัติของผู้มีสิทธิเลือกตั้ง, ลักษณะประจำของสิ่งนั้น ๆ เช่น สมุนไพรส่วนใหญ่มีคุณสมบัติเป็นยารักษาโรค."
คุณไสย 0,น.,"อาถรรพณ์ คือ พิธีทำร้ายต่ออมิตร โดยเสกสิ่งใดสิ่งหนึ่งเข้าในตัวหรือฝังรูปฝังรอย เรียกกันว่า กระทำคุณไสย, ผู้ถูกกระทำ เรียกว่า ถูกคุณไสย, คุณ ก็ว่า"
คุณหญิง 0,น.,"คำนำหน้าชื่อสตรีที่สมรสแล้วและได้รับพระราชทานเครื่องราชอิสริยาภรณ์ตั้งแต่ชั้นจตุตถจุลจอมเกล้าถึงชั้นทุติยจุลจอมเกล้าฝ่ายใน, ถ้ายังไม่ได้สมรส เรียกว่า คุณ, (โบ) คำนำหน้าชื่อสตรีที่เป็นภรรยาเอกของพระยา"
คุณหญิง 1,น.,คำที่ใช้เรียกหม่อมราชวงศ์ที่เป็นหญิง.
คุณากร 0,น.,"บ่อเกิดแห่งความดี, ที่รวมแห่งความดี."
คุณูปการ 0,น.,การอุดหนุนทำความดี.
คุโณปการ 0,น.,การอุดหนุนทำความดี.
คุด 0,ก.,"งอกงออยู่ภายในไม่โผล่ออกมาตามปรกติ เช่น หนวดคุด รากคุด, ขดงอ เช่น คุดขาเข้ามา."
คุดคู้ 0,ว.,ขดตัวงอแขนงอเข่า เช่น นอนคุดคู้.
คุดทะราด 0,น.,ชื่อโรคติดต่อชนิดหนึ่ง เป็นแผลเรื้อรัง บางรายแผลนั้นบานเหวอะหวะออก มีกลิ่นเหม็น เป็นแม่แผลให้เกิดแผลอื่นจำพวกเดียวกันพุออกไปอีก.
คุดทะราดเหยียบกรวด 0,น.,ชื่อเพลงไทย อัตรา ๒ ชั้น หน้าทับสองไม้
คุดทะราดเหยียบกรวด 1,น.,ในการเทศน์มหาชาติใช้เป็นเพลงประจำกัณฑ์ชูชก.
คุต 0,ก.,"รักษา, คุ้มครอง, ปกครอง, มักใช้ประกอบท้ายศัพท์อื่น เช่น ธรรมคุต."
คุตติ 0,น.,"การรักษา, การคุ้มครอง, การปกครอง."
คุ่น 0,น.,"ชื่อแมลงในสกุล Simuliumวงศ์ Simuliidae ขนาดเล็ก มีความยาว ๒-๔ มิลลิเมตร ส่วนใหญ่ตัวป้อมสีดำ มีปีกใสค่อนข้างกว้าง ๑ คู่ มักพบบินเป็นกลุ่มเวลาพลบค่ำหรือเช้ามืดบริเวณลำธารน้ำไหล ดูดกินเลือดคนและสัตว์ ทำให้ผิวหนังบวมแดง ถ้าเป็นมากจะอักเสบจนเป็นหนอง เช่น ชนิด S. nigrogilrum Summers พบทางภาคเหนือ, บึ่ง ปึ่ง หรือ ริ้นดำ ก็เรียก."
คุ้น 0,ก.,"รู้จักชอบพอกันมานาน เช่น เป็นคนคุ้นกัน, เคยผ่านหูหรือผ่านตาบ่อย ๆ เช่น คุ้นหน้า คุ้นตา คุ้นหู."
คุ้นเคย 0,ก.,"รู้จักชอบพอสนิทสนมเป็นกันเอง เช่น พวกเขาทำงานด้วยกันมานาน เลยคุ้นเคยกัน, เคยเห็นเคยทำบ่อย ๆ จนชิน เช่น เขาเดินในที่มืดได้เพราะคุ้นเคยกับสถานที่แห่งนี้."
คุป 0,ก.,"รักษา, คุ้มครอง, ปกครอง."
คุปต์ 0,ก.,"รักษา, คุ้มครอง, ปกครอง."
คุปติ 0,น.,"การรักษา, การคุ้มครอง, การปกครอง."
คุม 0,ก.,"คอยกำกับดูแล เช่น คุมงาน คุมพล คุมพวก, ป้องกันรักษา เช่น คุมของ คุมบ่อน."
คุ่ม 0,น.,ชื่อนกขนาดเล็กหลายชนิดใน ๒ วงศ์ ลำตัวอ้วนป้อมปีกเล็กสั้นแข็งแรง ขาสั้นไม่มีขนคลุม หางสั้น หากินตามพื้นดิน บินได้ในระยะทางสั้น ๆ ได้แก่ วงศ์ Turnicidae ตีนมี ๓ นิ้ว จับเกาะกิ่งไม้ไม่ได้ มี ๓ ชนิด คือ คุ่มอืดเล็ก[ Turnix sylvatica (Desfontaines)] คุ่มอืดใหญ่ ( T. tanki Blyth) และคุ่มอกลายหรือคุ่มอืดอกลาย [ T. suscitator (Gmelin)] และวงศ์ Phasianidae ตีนมี ๔ นิ้ว จับเกาะกิ่งไม้ได้ มี ๓ ชนิด คือ คุ่มสี [ Coturnix chinensis (Linn.)] คุ่มอกดำ [ C. coromandelica (Gmelin)] และคุ่มญี่ปุ่น ( C. japonicaTemminck & Schlegel) .
คุ้ม 0,ก.,"กัน, ป้องกัน, เช่น คุ้มฝน"
คุ้ม 1,ก.,"พอ, สม, พอสมควรกัน, เช่น คุ้มค่า คุ้มเหนื่อย"
คุ้ม 2,ก.,พอเท่ากัน เช่น คุ้มทุน.
คุ้ม 3,ว.,มากพอสมควรกัน เช่น กินเสียคุ้ม.
คุม 1,ก.,รวมสิ่งที่กระจายอยู่ให้เข้าชุดเข้าพวกเป็นระเบียบเดียวกัน เช่น คุมยา คุมเรือน.
คุ่ม 1,ว.,"ค่อมน้อย ๆ เช่น หลังคุ่ม, โค้งเข้า, โค้งลง."
คุ้ม 4,น.,บ้านเจ้านายฝ่ายเหนือ.
คุ้ม 5,สัน.,"ตราบเท่า เช่น แต่น้อยคุ้มใหญ่, คุง หรือ คุ้ง ก็ว่า."
คุ้มกัน 0,ก.,"คอยป้องกันให้ปลอดภัย, คุ้มครองให้พ้นจากบางสิ่งบางอย่าง เช่น คุ้มกันโรค คุ้มกันไม่ให้ถูกฟ้องร้อง."
คุมกำเนิด 0,ก.,"ควบคุมการเกิด, ป้องกันการตั้งครรภ์."
คุ้มเกรง 0,ก.,ปกป้องไว้ให้คนอื่นเกรงกลัว.
คุมขัง 0,ก.,คุมตัว ควบคุม ขัง กักขัง หรือจำคุก.
คุ้มครอง 0,ก.,"ป้องกันรักษา, ระวังรักษา, ปกป้องรักษา."
คุมแค้น 0,ก.,"ผูกใจเจ็บและคิดอยากแก้แค้น, เก็บเอาความแค้นเข้าไว้."
คุมเชิง 0,ก.,คอยระวังท่วงทีของอีกฝ่ายหนึ่ง.
คุ้มดีคุ้มร้าย 0,ว.,"มีสติไม่ปรกติ, บางคราวดีบางคราวร้าย, ดีบ้างร้ายบ้าง."
คุมตัว 0,ก.,ควบคุมไว้หรือจับกุมไว้ เช่น ตำรวจคุมตัวผู้ร้าย.
คุ้มเท้า 0,สัน.,"ตราบเท่า เช่น แต่น้อยคุ้มใหญ่, คุง หรือ คุ้ง ก็ว่า."
คุ้มโทษ 0,ก.,ได้รับความคุ้มครองยกเว้นที่จะไม่ต้องถูกลงโทษ เช่น อหนึ่งผู้ตามโจรได้รบพุ่งฟันแทงมีบาดเจบท่านว่าคุ้มโทษ (สามดวง).
คุมธาตุ 0,ก.,ทำให้ธาตุทั้ง ๔ คือ ดิน นํ้า ไฟ ลม ในร่างกายเป็นปรกติสมํ่าเสมอกัน.
คุมนุม 0,ก.,"ผูกใจเจ็บ, อาฆาตแค้น, เช่น อนึ่งวิวาทด่าตีกันแล้วต่างคนต่างมาเรือน ยังผูกใจโกรธคุมนุมโทษไว้วัน (สามดวง), ยังผูกใจโกรธคุมนุมโทษไว้วันหนึ่ง (กฎ. ราชบุรี)."
คุมฝอย 0,น.,"มูลฝอย, กุมฝอย ก็ว่า."
คุมเหง 0,ก.,"ข่มเหง, รังแก, ใช้กำลังหรืออำนาจทำให้เดือดร้อน, กุมเหง ก็ว่า."
คุ้ย 0,ก.,ใช้มือ เท้า หรือสิ่งอื่นตะกุยขึ้นมา.
คุย 0,ก.,พูดจาสนทนากัน
คุย 1,ก.,ปรึกษาหารือ เช่น เรื่องนี้ขอคุยกันก่อนที่จะตัดสินใจ
คุย 2,ก.,พูดเป็นเชิงโอ้อวด เช่น เรื่องแค่นี้ทำเป็นคุย.
คุย 3,น.,ชื่อไม้เถาหลายชนิดในสกุล Willughbeiaวงศ์ Apocynaceae เช่น W. edulisRoxb. ใช้ย้อมผ้าให้มีสีแดงและใช้ทำยาได้ ผลกินได้.
คุ้ยเขี่ย 0,ก.,"ค้นเอาเรื่องเก่าขึ้นมาเปิดเผย เช่น เรื่องนี้อย่าไปคุ้ยเขี่ยขึ้นมาเลย, ขุด หรือ ขุดคุ้ย ก็ว่า."
คุยเขื่อง 0,ก.,พูดจาแสดงความใหญ่โต.
คุยช้าง 0,น.,"ชื่อไม้เถาชนิด Willughbeia edulis Roxb. ในวงศ์ Apocynaceae มีนํ้ายางขาว, คุยช้าง ก็เรียก."
คุยโต 0,ก.,พูดจาแสดงความใหญ่โต.
คุยห- 0,ว.,"ลับ, ซ่อนเร้น."
คุยหฐาน 0,น.,อวัยวะเพศชายหรือนิมิตชาย ใช้ว่า พระคุยหฐาน หรือ พระคุยหประเทศ.
คุยหประเทศ 0,น.,อวัยวะเพศชายหรือนิมิตชาย ใช้ว่า พระคุยหฐาน หรือ พระคุยหประเทศ.
คุยหรหัสย์ 0,น.,ความลับที่ควรปิดบัง.
คุรุ 0,น.,"ผู้สั่งสอน, ครู."
คุรุกรรม 0,น.,กิจหรือหน้าที่แห่งครู.
คุรุวาร 0,น.,"วันครู คือ วันพฤหัสบดี, ชีววาร หรือ พฤหัสปติวาร ก็ว่า."
คุรุศึกษา 0,น.,การเล่าเรียนวิชาครู.
คุลา 0,น.,"ชนชาติต้องสู้และไทใหญ่, กุลา หรือ กุหล่า ก็ว่า."
คุลาซ่อนลูก 0,น.,ชื่อกลอักษรชนิดหนึ่ง.
คุลิก่า 0,น.,เม็ดกรวดที่อยู่ในกระเพาะสัตว์บดเอื้อง เมื่อนานเข้าก็มีเมือกเกาะเป็นเม็ดกลม ถือกันว่าเป็นยาถอนพิษ.
คุลีการ 0,ก.,"คลุกเคล้าเข้าด้วยกันแล้วปั้นก้อน, คลุกเคล้าให้เข้ากัน."
คุหา 0,น.,"ถํ้า, คูหา."
คู่ 0,น.,"จำนวนที่หารด้วย ๒ ลงตัว, ตรงข้ามกับ คี่"
คู่ 1,น.,ของ ๒ สิ่งที่สำหรับกันหรือใช้กำกับกันอย่างช้อนส้อม
คู่ 2,น.,ลักษณนามหมายถึงของที่มีลักษณะเป็น ๒ เช่น ตะเกียบคู่หนึ่ง
คู่ 3,น.,ผัวหรือเมีย เช่น เลือกคู่ มีคู่ หาคู่.
คู่ 4,ว.,ลักษณะของสิ่ง ๒ สิ่งที่ต่างกันแต่มีภาวะคล้ายคลึงกัน เช่น ดวงอาทิตย์คู่กับดวงจันทร์ หรือมีความสัมพันธ์กัน เช่น หญิงคู่กับชาย
คู่ 5,ว.,"โดยปริยายหมายความว่า เท่า, เสมอ, เช่น คู่ฟ้า คู่ดิน."
คู้ 0,ก.,"ตรงกันข้ามกับ เหยียด, งอเข้า เช่น คู้เข่า."
คู 0,น.,"ร่องนํ้าที่ขุดขึ้นเพื่อชักน้ำหรือเก็บนํ้าไว้ใช้เป็นต้น เช่น คูสวน, ร่องน้ำที่ขุดขึ้นเพื่อเป็นเครื่องกีดขวางป้องกันที่นอกกำแพงเมือง เช่น คูเมือง."
คู 1,ก.,"กิริยาที่นกบางชนิดเช่นนกเขาหรือนกพิราบขันหรือร้อง, โดยปริยายหมายความว่า พูดแทะโลมกัน เช่น ข้อยคูดนูแนบนิทรา (สรรพสิทธิ์)."
คู่กรณี 0,น.,ผู้ที่เกิดพิพาทกัน.
คู่กัด 0,น.,คู่วิวาท.
คู่ขา 0,น.,"คู่เล่นการพนันที่หย่ากันคือไม่เอาเงินกัน, คู่แสดงหรือคู่เล่นที่เข้ากันได้ดี."
คู่แข่ง 0,น.,"ผู้ที่เข้าแข่งขันกัน, ผู้ที่ชิงดีชิงเด่นกัน."
คู่ครอง 0,น.,หญิงและชายที่อยู่ร่วมกันฉันผัวเมีย
คู่ครอง 1,น.,ผัวหรือเมีย.
คู่ควร 0,ว.,"เหมาะกัน, สมกัน, เสมอกัน, มีค่าเท่ากัน."
คู่ความ 0,น.,บุคคลผู้ยื่นคำฟ้องหรือถูกฟ้องต่อศาล.
คู่คิด 0,น.,ผู้ร่วมคิดหรือร่วมปรึกษาหารือที่สนิทสนมและรู้ใจกันดี.
คู่คี่ 0,ว.,ไล่เลี่ยกัน เช่น เขามีคะแนนคู่คี่กัน.
คู่คี่ 1,น.,ชื่อการพนันชนิดหนึ่งที่ถือจำนวนคู่หรือจำนวนคี่เป็นหลัก.
คู่เคียง 0,น.,ผู้ที่เข้ากระบวนแห่ของหลวงซึ่งเดินเคียงราชยานไปคนละข้าง.
คู่เคียงเรียงหมอน 0,น.,"ผัวเมียที่อยู่ร่วมทุกข์ร่วมสุขกัน, ชายหญิงที่อยู่กินร่วมกันฉันผัวเมีย, คู่เรียงเคียงหมอน ก็ว่า."
คู่โค 0,น.,นาที่ต้องเสียค่านาตามหน้าโฉนดทุก ๆ ปี ผิดกับนาฟางลอย ซึ่งต้องเสียค่านาแต่เฉพาะในปีที่ปลูกข้าว. [“ที่เรียกว่า นาคู่โค เพราะวิธีเก็บหางข้าวนาชนิดนี้นับจำนวนโค (กระบือ) ที่ใช้ทำนาในที่นั้น ๆ ด้วยถือเป็นยุติว่า โคคู่หนึ่งคงจะทำนาในที่เช่นนั้นได้ผลประมาณปีละเท่านั้น เอาเกณฑ์จำนวนโคขึ้นตั้งเป็นอัตราหางข้าวที่จะต้องเสีย เพราะฉะนั้น นาคู่โค ถึงจะทำหรือมิทำจึงต้องเสียหางข้าว” พงศ. ร. ๒].
คู่ใจ 0,น.,คนสนิทที่รู้ใจและไว้วางใจได้.
คู่ฉบับ 0,น.,หนังสือหรือเอกสารที่ทำขึ้นตั้งแต่ ๒ ฉบับขึ้นไป มีข้อความตรงกัน โดยถือว่าทุกฉบับเป็นต้นฉบับ.
คู่ชัก 0,น.,เรือรูปสัตว์คู่หนึ่งซึ่งทำหน้าที่ชักลากเรือพระที่นั่งเมื่อแล่นทวนน้ำ หรือเมื่อไม่ประสงค์ให้เรือพระที่นั่งไหวขณะที่ทรงพระบรรทม เรียกว่า เรือคู่.
คู่ชีพ 0,ว.,ประจำตัว ไปไหนไปด้วยกัน เช่น ม้าคู่ชีพ ดาบคู่ชีพ.
คู่ชีวิต 0,น.,"ผู้ร่วมเป็นร่วมตาย, ผู้ร่วมทุกข์ร่วมสุข, สามีหรือภรรยา."
คู่ซี้ 0,น.,เพื่อนสนิท.
คูณ 0,ก.,"เพิ่มจำนวนเท่าตัวตามหน่วยที่ต้องการ, เท่า เช่น ทวีคูณ คือ ๒ เท่า ตรีคูณ คือ ๓ เท่า."
คูณ 1,น.,เรียกเครื่องหมายดังนี้ x ว่า เครื่องหมายคูณ.
คูณร่วมน้อย 0,น.,"จำนวนเต็มบวกที่มีค่าน้อยที่สุดซึ่งนำจำนวนเต็มบวกอื่น ๆ ตั้งแต่ ๒ จำนวนขึ้นไปมาหาร แล้วจะได้ผลลัพธ์ลงตัวพอดี เช่น ๗๐ เป็นตัวคูณร่วมน้อยของ ๑๔ และ ๓๕, ใช้อักษรย่อว่า ค.ร.น."
คู่ตุนาหงัน 0,น.,คู่หมั้น.
คูถ 0,น.,ขี้.
คู่ทุกข์คู่ยาก 0,น.,"ผู้ที่ใช้ชีวิตร่วมกันไม่ทอดทิ้งกันทั้งในยามสุขและยามทุกข์, ผู้ที่ร่วมทุกข์ร่วมสุขกันมาเป็นเวลานานปี, (มักใช้แก่คู่ผัวตัวเมีย)."
คูน 0,น.,"ชื่อไม้ล้มลุกชนิด Colocasia gigantea Hook. f. ในวงศ์ Araceae คล้ายบอน ก้านใบและแผ่นใบสีเขียวอ่อน มีนวล ก้านใบทำให้สุกกินได้, ปักษ์ใต้เรียก อ้อดิบ."
คูน 1,น.,"ชื่อไม้ต้นชนิด Cassia fistula L. ในวงศ์ Leguminosae ดอกสีเหลือง ฝักสีดำ เกลี้ยง ใช้ทำยาได้, คูน หรือ ลมแล้ง ก็เรียก."
คูน 2,น.,"ชื่อปลานํ้าจืดในวงศ์ Siluridae ไม่มีเกล็ด รูปร่างคล้ายปลาคางเบือนซึ่งอยู่ในวงศ์เดียวกัน แต่มีขนาดใหญ่กว่า คือ ยาวได้ถึง ๒ เมตร หัวแหลม ปากกว้าง ฟันแหลมคม ครีบหลังตั้งเด่น ตัวยาวเรียวไปทางหาง แบนข้าง ในประเทศไทยมี ๒ ชนิด คือ ค้าวขาว [ Wallago attu (Bloch)] และ ค้าวดำ คูน ทุก อีชุก อีทุก หรือ อีทุบ ( W. micropogon Vailant) ซึ่งมีหนวดยาวกว่าชนิดแรก ลำตัวและครีบสีดำคล้ำ, ทั้ง ๒ ชนิด เค้า ก็เรียก."
คู้บัลลังก์ 0,ก.,ขัดสมาธิ.
คู่บ้านคู่เมือง 0,ว.,ที่เป็นของประจำบ้านเมืองหรือที่มีมาพร้อมกับบ้านเมือง ถือว่าเป็นของที่มีค่ามาก เช่น พระพุทธรูปคู่บ้านคู่เมือง.
คู่บารมี 0,น.,"ผู้ที่เคยร่วมสร้างบุญบารมีกันมาก่อนและมาสนับสนุนเกื้อกูลกันในปัจจุบัน, สิ่งประดับบารมี."
คู่บ่าวสาว 0,น.,เจ้าบ่าวเจ้าสาว.
คู่บุญ 0,น.,ผู้ที่เคยสร้างบุญกุศลร่วมกันมาในชาติก่อน.
คู่บุญบารมี 0,น.,ผู้ที่เคยร่วมสร้างบุญกุศลกันมาในชาติก่อนและมาสนับสนุนเกื้อกูลกันในปัจจุบัน เช่น พระนางมัทรีเป็นคู่บุญบารมีของพระเวสสันดร.
คู่ปรปักษ์ 0,น.,ผู้ที่เป็นศัตรูกัน.
คู่ปรับ 0,น.,"คู่ต่อสู้ที่เคยขับเคี่ยวกันมา, คู่ต่อสู้ที่พอวัดเหวี่ยงกัน."
คูปอง 0,น.,บัตรหรือตั๋วชนิดหนึ่งที่ใช้แลกของ ซื้อของ หรือใช้บริการขึ้นดอกเบี้ย หรือปันส่วนเครื่องอุปโภคบริโภคในเมื่อมีการควบคุม.
คู่ผสม 0,น.,คำเรียกผู้เล่นกีฬาบางประเภทเช่นแบดมินตัน เทนนิส ที่ใช้ผู้ชายกับผู้หญิงเข้าคู่กัน.
คู่ผัวตัวเมีย 0,น.,ผัวเมียที่อยู่กันแบบผัวเดียวเมียเดียว.
คู่พระคู่นาง 0,น.,ผู้แสดงเป็นตัวพระเอกและนางเอกในละคร ลิเก เป็นต้น.
คู่พิพาท 0,น.,บุคคลตั้งแต่ ๒ ฝ่ายขึ้นไปซึ่งมีข้อโต้แย้งกัน.
คู่ฟ้าคู่ดิน 0,ว.,"ยั่งยืนอยู่ชั่วฟ้าดินสลาย, ชั่วนิรันดร."
คู่ม้า 0,น.,"ชื่อหนึ่งของดาวฤกษ์อัศวินี มี ๗ ดวง, ดาวคอม้า ดาวม้า ดาวอัศวยุช หรือ ดาวอัสสนี ก็เรียก."
คู่มิตร 0,น.,"ผู้ที่มีชะตาถูกกัน เป็นมิตรกัน, ผู้ที่รักใคร่กัน ไม่เป็นภัยแก่กัน ตรงข้ามกับ คู่ศัตรู."
คู่มือ 0,ว.,"ใช้ประโยชน์ได้เหมาะใจ, สำหรับประจำตัว, เช่น อาวุธคู่มือ."
คู่มือ 1,น.,สมุดหรือหนังสือที่ให้ความรู้เกี่ยวกับเรื่องใดเรื่องหนึ่งที่ต้องการรู้เพื่อใช้ประกอบตำรา เพื่ออำนวยความสะดวกเกี่ยวกับการศึกษาหรือการปฏิบัติเรื่องใดเรื่องหนึ่ง หรือเพื่อแนะนำวิธีใช้อุปกรณ์อย่างใดอย่างหนึ่ง.
คู่รัก 0,น.,"หญิงชายที่ผูกสมัครรักใคร่กัน, คนรัก."
คู่รักคู่แค้น 0,น.,ผู้ที่เป็นคู่ต่อสู้ขับเคี่ยวกันมาโดยต่างผลัดกันแพ้ผลัดกันชนะ.
คูเรียงคูราย 0,น.,ทำนองคูขัน (ใช้แก่นกเขา).
คู่เรียงเคียงหมอน 0,น.,"ผัวเมียที่อยู่ร่วมทุกข์ร่วมสุขกัน, ชายหญิงที่อยู่กินร่วมกันฉันผัวเมีย, คู่เคียงเรียงหมอน ก็ว่า."
คูเรียม 0,น.,ธาตุลำดับที่ ๙๖ สัญลักษณ์ Cm เป็นธาตุกัมมันตรังสีที่นักวิทยาศาสตร์สร้างขึ้น ไม่มีปรากฏในธรรมชาติ.
คู่ลำดับ 0,น.,"สิ่ง ๒ สิ่งที่จัดเข้าวงเล็บให้อยู่คู่กัน ซึ่งคำนึงถึงการเรียงลำดับก่อนหลังเป็นหลักสำคัญ โดยถือว่า (a, b) ต่างกับ (b, a)."
คู่เวรคู่กรรม 0,น.,สามีภรรยาที่ต้องทนอยู่ร่วมกันด้วยความทุกข์ความเดือดร้อนโดยเชื่อกันว่าเป็นเพราะเวรกรรมที่เขาได้เคยกระทำร่วมกันมาแต่ชาติก่อน.
คู่ศัตรู 0,น.,"ผู้ที่มีชะตาไม่ถูกกัน เป็นศัตรูกัน, ผู้ที่เป็นภัยแก่กัน, ตรงข้ามกับ คู่มิตร."
คู่สมรส 0,น.,ชายและหญิงที่สมรสกัน.
คู่สร้าง 0,น.,"ชายหญิงที่ถือกันว่าเคยอยู่ร่วมกันมาแต่ปางก่อน, ชายหญิงที่สมเป็นคู่ครองกัน, เนื้อคู่ ก็ว่า."
คู่สร้างคู่สม 0,น.,"ชายหญิงที่ถือกันว่าเคยอยู่ร่วมกันมาแต่ปางก่อน, ชายหญิงที่สมเป็นคู่ครองกัน, เนื้อคู่ ก็ว่า."
คู่สวด 0,น.,พระ ๒ รูปที่ทำหน้าที่สวดญัตติในการอุปสมบทหรือการกรานกฐินเป็นต้น.
คู่สัญญา 0,น.,บุคคล ๒ ฝ่ายหรือหลายฝ่ายซึ่งเข้าทำสัญญา.
คู่สาย 0,น.,คู่สายโทรศัพท์.
คู่สายโทรศัพท์ 0,น.,"สายที่ใช้ประกอบการสื่อสารทางโทรศัพท์ ๒ เส้น ต่อจากห้องเครื่องชุมสายโทรศัพท์ไปยังบ้านผู้ใช้โทรศัพท์, คู่สาย ก็ว่า."
คู่หมั้น 0,น.,ชายหญิงที่ได้หมั้นกันแล้ว
คู่หมั้น 1,น.,ชายและหญิงซึ่งได้หมั้นกัน.
คูหา 0,น.,ถํ้า
คูหา 1,น.,"สิ่งก่อสร้างเป็นห้อง ๆ อย่างตึกแถว แต่ละห้องเรียกว่า คูหา, ลักษณนามเรียกสิ่งก่อสร้างเช่นนั้น เช่น ตึกแถวนี้มี ๑๐ คูหา"
คูหา 2,น.,โดยอนุโลมใช้เรียกช่องที่กั้นไว้เป็นสัดส่วนสำหรับใช้ประโยชน์อย่างใดอย่างหนึ่ง เช่น คูหาลงคะแนนในที่เลือกตั้งสำหรับใช้ในการกาบัตรออกเสียงลงคะแนนเลือกตั้ง.
คู่หู 0,ว.,"ที่พูดถูกใจกัน, ที่ถูกคอกัน."
คู่หู 1,น.,เพื่อนที่ถูกคอถูกใจกัน.
คู่แห่ 0,น.,คนแห่เดินในริ้วกระบวน ๒ ข้าง.
คู่อริ 0,น.,ผู้ที่เป็นหรือเคยเป็นศัตรูกัน.
คู่อาฆาต 0,น.,ผู้ที่มีเรื่องบาดหมางกันรุนแรงและผูกพยาบาทต่อกัน.
คู่อาศัย 0,น.,คู่ผัวเมียที่ไม่ใช่คู่สร้างกัน จะอยู่ด้วยกันชั่วคราวแล้วเลิกร้างกันไป.
คู่เอก 0,น.,คู่ที่เด่นที่สุดในการแข่งขัน เช่น มวยคู่เอก ฟุตบอลคู่เอก.
เค้ก 0,น.,ขนมฝรั่งชนิดหนึ่ง ทำด้วยแป้งสาลีผสมไข่ เนย นํ้าตาล เป็นต้น แล้วผิงหรืออบให้สุก.
เค้เก้ 0,ว.,ไม่เป็นท่า (ใช้แก่อาการหกล้มหรือนอนเป็นต้น) เช่น หกล้มเค้เก้ นอนเค้เก้.
เค้ง 0,ก.,"เป็นคำบอกเด็กให้นอน เช่น เค้งเสีย, เคล้ง ก็ว่า."
เคจฉะ 0,ก.,"ไป, ถึง, เช่น ผู้ข้าคุงควรเคจฉเล็ดลอดลุเขาคด (ม. คำหลวง ทานกัณฑ์)."
เคณฑะ 0,น.,"ลูกข่าง, ใช้ในคำว่า พระราชพิธีเคณฑะ คือ พระราชพิธีทิ้งข่าง."
เคด 0,น.,"ชื่อไม้ต้นชนิด Catunaregum tomentosa (Blume ex DC.) Tirveng. ในวงศ์ Rubiaceae ลำต้นมีหนามยาว ใบรูปไข่กลับหรือค่อนข้างกลม ตามยอดอ่อนด้านล่างของใบและดอกมีขนนุ่ม ผลมีเนื้อหลายเมล็ด เช่น ปรูปรางเคดดวงดาษก็มี (ม. คำหลวง มหาพน), มะเค็ด ก็เรียก."
เค็ด 0,น.,"ชื่อไม้ต้นชนิด Catunaregum tomentosa (Blume ex DC.) Tirveng. ในวงศ์ Rubiaceae ลำต้นมีหนามยาว ใบรูปไข่กลับหรือค่อนข้างกลม ตามยอดอ่อนด้านล่างของใบและดอกมีขนนุ่ม ผลมีเนื้อหลายเมล็ด เช่น ปรูปรางเคดดวงดาษก็มี (ม. คำหลวง มหาพน), มะเค็ด ก็เรียก."
เค้น 0,ก.,"บีบเน้นลงไปโดยแรง เช่น เค้นผลไม้ให้น่วม เค้นฝีให้หนองออก เค้นคอให้ยอมหรือให้ตาย, โดยปริยายหมายถึงบีบบังคับหรือฝืนทำสิ่งใดสิ่งหนึ่ง เช่น เค้นเอาความลับออกมา เค้นหัวเราะ."
เคน 0,น.,เครื่องเป่า เช่น ปยวปี่แก้วเคนผสาร (ม. คำหลวง มหาราช).
เคน 1,ก.,ประเคน เช่น สิ่งสินเวนเคน (ม. คำหลวง มหาราช).
เคน 2,ก.,"เคล็ด, ยอก, เช่น หลังเคน."
เคเบิล 0,น.,เส้นลวดโลหะขนาดใหญ่ แข็งและเหนียว ใช้ผูกยึดของขนาดใหญ่ เช่นเรือ สะพานแขวน
เคเบิล 1,น.,ตัวนำไฟฟ้าหลายเส้นที่นำมาประกอบกันเป็นสายใหญ่ ภายนอกอาจหุ้มด้วยฉนวนก็ได้ เช่น สายเคเบิลโทรศัพท์ สายเคเบิลไฟฟ้าแรงสูง.
เค็ม 0,ว.,มีรสอย่างรสเกลือ
เค็ม 1,ว.,โดยปริยายหมายความว่า พยายามให้ได้ประโยชน์มากกว่า.
เคมี 0,น.,วิทยาศาสตร์กายภาพแขนงหนึ่ง ซึ่งกล่าวถึงเรื่องราวและสมบัติของสารต่าง ๆ ว่าประกอบกันขึ้นเป็นสารนั้น ๆ ได้อย่างไร และเมื่อสารนั้น ๆ แปรเปลี่ยนไปเป็นสารอื่นได้ปฏิกิริยาที่ก่อให้เกิดการเปลี่ยนแปลงนั้น ๆ เป็นอย่างไร ทั้งกล่าวถึงการที่จะสังเคราะห์สารนั้น ๆ ขึ้นได้อย่างไรด้วย แบ่งออกเป็นสาขาต่าง ๆ อีกหลายสาขา เช่น เคมีอินทรีย์ เคมีอนินทรีย์ ชีวเคมี เคมีกายภาพ เคมีวิเคราะห์.
เคมีภัณฑ์ 0,น.,สารบริสุทธิ์ที่เตรียมได้โดยกรรมวิธีเคมีหรือที่ใช้ในกรรมวิธีเคมี.
เคมีอนินทรีย์ 0,น.,วิชาเคมีแขนงที่ว่าด้วยการศึกษาเกี่ยวกับธาตุทั้งสิ้นและสารประกอบของธาตุเหล่านั้น ยกเว้นธาตุคาร์บอนซึ่งศึกษาแต่เพียงตัวธาตุคาร์บอน สารประกอบออกไซด์ สารประกอบซัลไฟด์ และโลหะคาร์บอเนตเท่านั้น.
เคมีอินทรีย์ 0,น.,วิชาเคมีแขนงที่ว่าด้วยการศึกษาเกี่ยวกับสารประกอบทั้งสิ้นของธาตุคาร์บอน ยกเว้นเรื่องสารประกอบออกไซด์ สารประกอบซัลไฟด์ และโลหะคาร์บอเนต.
เคย 0,น.,ชื่อกุ้งขนาดเล็กหลายชนิดหลายสกุล ใน ๒ วงศ์ ได้แก่ วงศ์ Mysidae เช่น เคยตาดำ [ Mesopodopsis orientalis (Tattersall)] อันดับ Mysidacea และวงศ์ Sergestidae เช่น เคยตาแดง (Acetes erythraeus Nobill) อันดับ Decapoda ขนาดยาวไม่เกิน ๓.๔ เซนติเมตร มีหนวด ๒ แฉก ลำตัวแบนข้าง เปลือกบาง ใส เนื้อยุ่ย เหมาะสำหรับใช้หมักเกลือทำกะปิและน้ำเคย.
เคย 1,*ว.,"ใช้เป็นคำประกอบหน้ากริยาแสดงว่ากริยานั้น ๆ ได้เป็นมาแล้ว เช่น เคยทำ = ได้ทำมาแล้ว เคยเห็น = ได้เห็นมาแล้ว, บางทีใช้พูดละกริยาที่ประกอบเสีย เหลือแต่ว่า เคย ก็มี เช่น เคยไปหรือไม่เคย ไม่เคยเลย."
เคย 2,ก.,"ชิน, คุ้น, เช่น เคยสนาม เคยเวที."
เคยตัว 0,ก.,ติดเป็นนิสัยประจำตัว.
เคยปาก 0,ก.,"พูดอย่างนั้นเสมอ ๆ, พูดจนเป็นนิสัย."
เคยมือ 0,ก.,"ทำอย่างนั้นเสมอ ๆ, ทำจนเป็นนิสัย."
เคยยะ 0,น.,ชื่อคัมภีร์ในพระพุทธศาสนา เป็น ๑ ใน ๙ ส่วนของคัมภีร์นวังคสัตถุศาสน์. (ป.). (ดู นวังคสัตถุศาสน์ ประกอบ).
เครง 0,ว.,"อึกทึก, กึกก้อง, เช่น หนึ่งกล้วยออกเครือเครงครา กลางลำมายา (อภิไธยโพธิบาทว์)."
เคร่ง 0,ก.,ถือปฏิบัติตามระเบียบข้อบังคับ เช่น พระเคร่งวินัย.
เคร่งขรึม 0,ว.,"ไม่เบิกบาน, ไม่เล่นหัว, เอาจริงเอาจัง."
เคร่งครัด 0,ก.,"เข้มงวด, กวดขัน, เช่น อย่าเคร่งครัดนักเลย"
เคร่งครัด 1,ก.,"แน่น, ตึง, เช่น สองเต้าตูมเต่งเคร่งครัด ดอกไม้ทัดทั้งห่อผ้าห่มหวง (ขุนช้างขุนแผน), ครัดเคร่ง ก็ว่า."
เคร่งครัด 2,ว.,"เข้มงวด, กวดขัน, เช่น รักษาระเบียบวินัยอย่างเคร่งครัด"
เคร่งครัด 3,ว.,ถูกต้องครบถ้วน เช่น ปฏิบัติตามคำสั่งอย่างเคร่งครัด ข้อยกเว้นต้องตีความอย่างเคร่งครัด
เคร่งครัด 4,ว.,ใช้ว่า ครัดเคร่ง ก็มี.
เครงครา 0,ว.,"อึกทึก, กึกก้อง, เช่น หนึ่งกล้วยออกเครือเครงครา กลางลำมายา (อภิไธยโพธิบาทว์)."
เครงครำ 0,ก.,ร้องไห้.
เครงคร่ำ 0,ก.,ร้องไห้.
เครงครื้น 0,ว.,"เสียงดังครึกครื้น, ครื้นเครง ก็ว่า."
เคร่งเครียด 0,ก.,"เคร่งมากไม่หย่อนคลาย, อาการที่สมองไม่ได้พักผ่อนเพราะคร่ำเคร่งอยู่กับงานจนเกินไป."
เครงเครียว 0,ว.,"ครื้นเครง, เกรียวกราว, เช่น หฤทัยเครงเครียว (จารึกวัดโพธิ์)."
เครดิต 0,น.,"ชื่อเสียงหรือความเชื่อถือในตัวบุคคลหรือในสิ่งใดสิ่งหนึ่ง, ความเชื่อถือในฐานะทางการเงินของบุคคลหรือสถาบัน"
เครดิต 1,น.,"รายการเจ้าหนี้ตามบัญชี, เงินที่เข้าบัญชีเป็นรายรับ"
เครดิต 2,น.,"ตัวเลขแสดงสิทธิที่นิสิตนักศึกษาและนักเรียนจะพึงได้รับเมื่อได้ศึกษาตรงตามกำหนดเวลาและสอบผ่านวิชานั้น ๆ, หน่วยกิต ก็เรียก."
เครดิตบูโร 0,น.,บริษัทที่ได้รับใบอนุญาตให้ประกอบกิจการเกี่ยวกับการควบคุมหรือการประมวลผลข้อเท็จจริงเกี่ยวกับลูกค้าที่ขอสินเชื่อ เพื่อให้ข้อมูลแก่สมาชิกหรือผู้ใช้บริการ.
เครดิตฟองซิเอร์ 0,น.,กิจการให้กู้ยืมเงินโดยวิธีรับจำนองอสังหาริมทรัพย์เป็นทางค้าปรกติ หรือประกอบธุรกิจการรับซื้ออสังหาริมทรัพย์ตามสัญญาขายฝากเป็นทางค้าปรกติ.
เครน 0,ว.,ครืน เช่น กลัวว่าจะครํ่าเครนครืนโครมลง (ม. ร่ายยาว ชูชก).
เครา 0,น.,"ขนที่ขึ้นตามแก้มหรือขากรรไกร, ราชาศัพท์ว่า พระทาฐิกะ."
เคร่า 0,ก.,"รอ, คอย, เช่น จงนุชรีบเรียบข้อนเคร่าถ้าจีนคอย (นิ. นรินทร์)."
เคราแพะ 0,น.,"เคราใต้คางที่ไว้ยาวเรียวแหลมคล้ายขนใต้คางของแพะ, เรียกคางที่ไว้เคราเช่นนั้น ว่า คางแพะ."
เคราหณี 0,น.,ครรภ์ เช่น สํสุทธเคราหณี ว่า มีครรภ์เป็นที่ปฏิสนธิอันหมดจดดี.
เคราะห์ 0,น.,"เรียกดาวเฉพาะ ๙ ดวง เรียงตามลำดับมหาทักษา คือ อาทิตย์ จันทร์ อังคาร พุธ เสาร์ พฤหัสบดี ราหู ศุกร์ เกตุ ซึ่งถือกันว่ามีเทวดาประจำแต่ละดวง ว่า ดาวพระเคราะห์, เรียกดาวพระเคราะห์ทั้ง ๙ ดวงอย่างรวม ๆ ว่า ดาวนพเคราะห์ ถือว่าเป็นดาวที่ยึดโชคของคน"
เคราะห์ 1,น.,"สิ่งที่นำผลมาให้โดยไม่ได้คาดหมาย เช่น เคราะห์ดี เคราะห์ร้าย, มักนิยมใช้ในทางไม่ดี เช่น มีเคราะห์ ฟาดเคราะห์."
เคราะห์ 2,น.,เรียกดาวที่ไม่มีแสงสว่างในตัวเอง ต้องได้รับแสงสว่างจากดวงอาทิตย์ และเป็นบริวารโคจรรอบดวงอาทิตย์ ว่า ดาวเคราะห์ มี ๘ ดวง เรียงลำดับจากใกล้ดวงอาทิตย์ออกไป คือ พุธ (Mercury) ศุกร์ (Venus) โลก (Earth) อังคาร (Mars) พฤหัสบดี (Jupiter) เสาร์ (Saturn) มฤตยู (Uranus) สมุทร (Neptune).
เคราะห์ซ้ำกรรมซัด 0,ก.,มีเคราะห์กรรม.
เคราะห์หามยามร้าย 0,น.,เคราะห์ร้าย.
เครียด 0,ว.,"จัด เช่น ตึงเครียด, อาการที่สมองไม่ได้ผ่อนคลายเพราะครํ่าเคร่งอยู่กับงานจนเกินไป เช่น หน้าเครียด อารมณ์เครียด."
เครียว 0,ก.,"รีบไป, รีบมา, โบราณเขียนเป็น ครยว ก็มี เช่น บควรคิดอยู่ย้งง ควรครยว (ยวนพ่าย), เคียว หรือ เขียว ก็ใช้."
เครือ 0,น.,"เถาไม้, เรียกพรรณไม้ที่เป็นเถา ว่า เครือ เช่น มะกลํ่าเครือ มะแว้งเครือ ขมิ้นเครือ"
เครือ 1,น.,"เชื้อสาย, วงศ์วาน, เช่น เครือญาติ"
เครือ 2,น.,เรียกงวงที่มีหวีกล้วยติดอยู่ ว่า เครือกล้วย
เครือ 3,น.,เรียกงาช้างที่ยาวมาก แต่วงรอบเล็ก ว่า งาเครือ.
เครือ 4,ว.,ลักษณะของเสียงที่สั่นพร่าไม่แจ่มใส เรียกว่า เสียงเครือ.
เครือข่าย 0,น.,"ระบบ เส้นทาง หรือการปฏิบัติงานที่ติดต่อประสานกันเป็นโยงใย เช่น เครือข่ายโทรคมนาคม เครือข่ายวิทยุชุมชน, กลุ่มบุคคลหรือองค์กรที่มีความเห็นใกล้เคียงกัน มีการติดต่อสนับสนุนซึ่งกันและกัน เช่น เครือข่ายนักวิจัย."
เครือเขา 0,น.,เถาวัลย์.
เครือเขาน้ำ 0,น.,ชื่อไม้เถาชนิด Tetrastigma leucostaphyllum (Dennst.) Mabb. ในวงศ์ Vitaceae ขึ้นในป่าดิบ ลำต้นตอนบนแบนเป็นร่อง ตอนล่างค่อนข้างกลม อุ้มนํ้า นํ้าในลำต้นกินได้.
เครือเขามวก 0,น.,"ชื่อไม้เถาชนิด Parameria laevigata (Juss.) Moldenke ในวงศ์ Apocynaceae มียางเหนียวคล้ายกาว ใช้ทำยาได้, กระทั่งติด กุมาริกา เครือเขามวก ตังติด หรือ เถามวก ก็เรียก."
เครือเขามวกขาว 0,น.,"ชื่อไม้เถาชนิด Parameria laevigata (Juss.) Moldenke ในวงศ์ Apocynaceae มียางเหนียวคล้ายกาว ใช้ทำยาได้, กระทั่งติด กุมาริกา เครือเขามวก ตังติด หรือ เถามวก ก็เรียก."
เครื่อง 0,น.,"สิ่ง, สิ่งของ, สิ่งสำหรับประกอบกันหรือเป็นพวกเดียวกัน เช่น เครื่องนอน เครื่องปูลาดอาสนะ, สิ่งของสำหรับใช้การต่าง ๆ เช่น เครื่องรถ เครื่องเรือน เครื่องไฟฟ้า, ของที่เข้าสำรับกับสิ่งใดสิ่งหนึ่ง เช่น เครื่องแป้ง หมายถึงของที่เข้าสำรับกับแป้งเครื่องสำอาง, ของใช้ของกินสำหรับเจ้านาย เช่น เครื่องทรง เครื่องเสวย."
เครื่องกล 0,น.,เครื่องมือที่ประกอบด้วยส่วนที่อยู่กับที่และส่วนที่เคลื่อนที่ได้ สามารถปรับเปลี่ยนและส่งถ่ายพลังงานกลไปยังจุดอื่นในรูปที่เป็นประโยชน์มากขึ้น เช่น รอก คาน ลิ่ม.
เครื่องกัณฑ์ 0,น.,"สิ่งของหรือไทยธรรมสำหรับถวายพระภิกษุสามเณรผู้แสดงพระธรรมเทศนา, กัณฑ์เทศน์ ก็ว่า."
เครื่องกำมะลอ 0,น.,ของลงรักแบบญี่ปุ่นและจีน เช่นหีบโอ กระบะ.
เครื่องกิน 0,น.,เครื่องสำหรับใส่ของกินเช่นเชี่ยนหมาก
เครื่องกิน 1,น.,ของขบเคี้ยว.
เครื่องแกง 0,น.,สิ่งที่ใช้ในการปรุงแกง มีพริก กะปิ หอม กระเทียม เป็นต้น.
เครื่องเขิน 0,น.,เครื่องสานที่ทำจากผิวไม้ไผ่ซึ่งนำมาเรียดแล้วทำเป็นโครง ฉาบด้วยรักสมุกหรือรักชาดเพื่อกันน้ำรั่วซึม ไทยได้รับวิธีการทำมาจากไทเขินซึ่งอยู่ในยูนนานตอนใต้ จึงเรียกว่า เครื่องเขิน.
เครื่องครัว 0,น.,เครื่องใช้ในการหุงหาอาหาร.
เครื่องควบแน่น 0,น.,เครื่องมือที่ใช้สำหรับทำให้ไอแปรสภาพเป็นของเหลวโดยวิธีลดอุณหภูมิลง
เครื่องควบแน่น 1,น.,"เครื่องอุปกรณ์ไฟฟ้าใช้สำหรับเก็บประจุไฟฟ้าไว้ได้เป็นปริมาณมากกว่าแผ่นตัวนำธรรมดาที่มีขนาดเท่ากัน, มักเรียกทับศัพท์ว่า คอนเดนเซอร์."
เครื่องคาด 0,น.,เครื่องรางบางชนิด เช่น ตะกรุด ลูกสะกด ปลัดขิก ใช้ร้อยเชือกสำหรับคาดเอว.
เครื่องคู่ 0,น.,ลักษณะการผสมของวงดนตรีไทย โดยมีเครื่องดนตรีประเภทเดียวกัน ๒ ชิ้น บรรเลงร่วมอยู่ในวงเดียวกัน เช่น วงปี่พาทย์เครื่องคู่ที่มีปี่ในกับปี่นอกผสมคู่กัน.
เครื่องเครา 0,น.,"เครื่อง, สิ่ง, สิ่งของ."
เครื่องเคียง 0,น.,"ของเคียง, ของกินที่เอามาตั้งเทียบข้างเพื่อกินประกอบกับอาหารบางชนิด."
เครื่องเงิน 0,น.,สิ่งของเครื่องใช้หรือเครื่องประดับที่ทำด้วยเงิน.
เครื่องจักร 0,น.,กลอุปกรณ์ต่าง ๆ ที่ประกอบกันขึ้นเป็นเครื่อง เพื่อใช้ประโยชน์ในการผลิตสิ่งใดสิ่งหนึ่ง.
เครื่องช่วงล่าง 0,น.,"อุปกรณ์ประกอบที่อยู่ใต้พื้นรถยนต์ เช่น สลัก ลูกหมาก คันส่ง แหนบ ล้อ คานปีกนก, เครื่องล่าง ก็ว่า."
เครื่องใช้ 0,น.,สิ่งของสำหรับใช้การต่าง ๆ.
เครื่องใช้ไม้สอย 0,น.,สิ่งของสำหรับใช้การต่าง ๆ.
เครื่องเซ่น 0,น.,ของกินของไหว้ผี.
เครื่องดนตรี 0,น.,เครื่องบรรเลงซึ่งมีเสียงดัง ทำให้รู้สึกเพลิดเพลิน หรือเกิดอารมณ์รัก โศก และรื่นเริงได้ตามทำนองเพลง.
เครื่องดื่ม 0,น.,น้ำหรือของเหลวชนิดต่าง ๆ ที่บริโภคโดยวิธีดื่มเพื่อดับกระหายหรือบำรุงกำลังเป็นต้น เช่น น้ำอัดลม น้ำผลไม้คั้น กาแฟ เบียร์.
เครื่องต้น 0,น.,"เครื่องทรงสำหรับพระมหากษัตริย์ในพระราชพิธี เช่น พระราชพิธีบรม-ราชาภิเษก, เรียกเต็มว่า ฉลองพระองค์เครื่องต้น, เครื่องทรงสำหรับพระพุทธรูป ซึ่งมีลักษณะอย่างเครื่องทรงพระเจ้าจักรพรรดิ เช่น พระพุทธนิมิตวิชิตมารโมลีศรีสรรเพชญบรมไตรโลกนาถ วัดหน้าพระเมรุราชิการาม"
เครื่องต้น 1,น.,ของใช้ของเสวยสำหรับพระมหากษัตริย์.
เครื่องตั้ง 0,น.,เครื่องตั้งโต๊ะบูชา มีแจกัน เชิงเทียน กระถางธูป และพานดอกไม้ เป็นต้น.
เครื่องทอง 0,น.,สิ่งของเครื่องใช้หรือเครื่องประดับที่ทำด้วยทองคำ.
เครื่องทองทิศ 0,น.,เครื่องบูชาชนิดหนึ่งสำหรับพระเจ้าแผ่นดินทรงใช้บูชาพระรัตนตรัยในพระราชพิธีใหญ่ มีเตียงทองตั้งซ้อนกัน ๒ เตียง เชิงเทียนแถวหนึ่ง ๕ เชิง เชิงธูปแถวหนึ่ง ๕ เชิง พานข้าวตอกแถวหนึ่ง ๕ พาน พานดอกไม้แถวหนึ่ง ๕ พาน เรียกเต็มว่า เครื่องนมัสการทองทิศ.
เครื่องทองน้อย 0,น.,เครื่องบูชาชนิดหนึ่งสำหรับพระเจ้าแผ่นดินทรงใช้บูชาเฉพาะวัตถุ เช่นพระบรมอัฐิ มีเชิงเทียน ๑ เชิง เชิงธูป ๑ เชิง กรวยปักดอกไม้ ๓ กรวย ตั้งในพานทองลงยาราชาวดี เรียกเต็มว่า เครื่องนมัสการทองน้อย.
เครื่องทองลงหิน 0,น.,ภาชนะหรือเครื่องใช้ ทำด้วยโลหะทองแดงผสมกับดีบุก เนื้อเปราะ ขัดผิวให้ขึ้นเงาด้วยผงหิน.
เครื่องทุ่นแรง 0,น.,เครื่องมือที่ใช้เพื่อถนอมพลังงานในการทำงาน.
เครื่องเทศ 0,น.,ของหอมฉุนและเผ็ดร้อนที่ได้มาจากพืช โดยมากมาจากต่างประเทศสำหรับใช้ทำยาไทยและปรุงอาหาร เช่น ลูกผักชี ยี่หร่า.
เครื่องใน 0,น.,อวัยวะภายในของสัตว์บางชนิด เช่น ตับ ไต ไส้ ของวัวและควาย
เครื่องใน 1,น.,ตลับสำหรับใส่เครื่องกินหมากที่อยู่ภายในหีบหมากเครื่องยศของฝ่ายใน.
เครื่องบน 0,น.,ตัวไม้ที่เป็นส่วนของหลังคา เช่น ขื่อ จันทัน แป กลอน.
เครื่องบันทึกเสียง 0,น.,เครื่องที่ใช้เปลี่ยนพลังงานเสียงให้เป็นรูปอื่นซึ่งบันทึกเก็บไว้ได้ เช่น บันทึกลงบนแถบแม่เหล็กหรือลงบนร่องจานเสียง.
เครื่องบิน 0,น.,อากาศยานชนิดหนึ่งซึ่งหนักกว่าอากาศ ลอยตัวอยู่ได้ด้วยการให้พลังงานกลแก่อากาศโดยรอบก่อให้เกิดแรงพยุงขึ้นโต้ตอบกับความโน้มถ่วงของโลกและใช้เครื่องยนต์ขับเคลื่อน.
เครื่องบูชา 0,น.,สิ่งที่ใช้บูชาของไทย ใช้ของ ๔ อย่างเป็นสำคัญ คือ ข้าวตอก ดอกไม้ ธูป เทียน.
เครื่องแบบ 0,น.,เครื่องแต่งกายที่กำหนดให้แต่งเหมือน ๆ กันเฉพาะหมู่หนึ่งคณะหนึ่ง.
เครื่องประดับ 0,น.,เครื่องตกแต่งกายมี สร้อย แหวน นาฬิกา เป็นต้น.
เครื่องปรุง 0,น.,สิ่งที่ใช้ในการปรุงอาหารเป็นต้น เช่น เนื้อสัตว์ ผัก เครื่องแกง กะทิ ผลไม้.
เครื่องปรุงรส 0,น.,สิ่งที่ใช้ปรุงแต่งรสอาหาร เช่น น้ำตาล น้ำปลา เกลือ.
เครื่องปั้นดินเผา 0,น.,เรียกภาชนะที่ปั้นด้วยดินแล้วนำไปเผาไฟ ว่า เครื่องปั้นดินเผา.
เครื่องผูก 0,น.,"เรียกเรือนที่มีลักษณะคุมเข้าด้วยกันด้วยวิธีผูกด้วยหวายเป็นต้น ว่า เรือนเครื่องผูก, คู่กับ เรือนเครื่องสับ."
เครื่องเพชรพลอย 0,น.,รัตนชาติที่เจียระไนและนำมาทำเป็นเครื่องประดับแล้ว.
เครื่องมั่น 0,น.,สัปคับช้างชนิดที่มีศัสตราวุธทั้ง ๒ ข้าง.
เครื่องมือ 0,น.,"สิ่งของสำหรับใช้ในการประดิษฐ์ สร้าง หรือทำ, โดยปริยายหมายถึงคนหรือสิ่งที่ใช้ทำประโยชน์อย่างเครื่องมือ เช่น อย่าตกเป็นเครื่องมือของโจรผู้ร้าย, ส่วนเครื่องมือที่มีคม ราชาศัพท์ว่า พระแสง เช่น พระแสงสิ่ว พระแสงกบ พระแสงเลื่อย."
เครื่องยนต์ 0,น.,เครื่องจักรที่ให้กำเนิดพลังงานหรือทำให้วัตถุเคลื่อนที่.
เครื่องยนต์ไอพ่น 0,น.,กังหันไอพ่น. (ดู กังหันไอพ่น ที่ กังหัน).
เครื่องร่อน 0,น.,อากาศยานชนิดหนึ่งซึ่งหนักกว่าอากาศ คล้ายเครื่องบิน แต่ไม่ใช้เครื่องยนต์ เคลื่อนที่ไปในอากาศโดยอาศัยกระแสลมและความโน้มถ่วงของโลก.
เครื่องราง 0,น.,ของที่นับถือว่าป้องกันอันตราย ยิงไม่ออก ฟันไม่เข้า เช่น ตะกรุด ผ้ายันต์ เหล็กไหล.
เครื่องราชอิสริยาภรณ์ 0,น.,"สิ่งซึ่งเป็นเครื่องหมายแสดงเกียรติยศและบำเหน็จความชอบ เป็นของพระมหากษัตริย์ทรงสร้างหรือโปรดให้สร้างขึ้นสำหรับพระราชทานเป็นบำเหน็จความชอบในราชการหรือส่วนพระองค์, เรียกเป็นสามัญว่า ตรา, ปัจจุบันหมายความรวมถึงเครื่องราชอิสริยาภรณ์สำหรับพระราชทานแก่ผู้กระทำความดีความชอบอันเป็นประโยชน์แก่ประเทศ ศาสนา และประชาชน และเหรียญที่ระลึกที่พระราชทานเป็นบำเหน็จความชอบในโอกาสต่าง ๆ และที่ทรงพระกรุณาโปรดเกล้าฯ ให้บุคคลประดับได้อย่างเครื่องราชอิสริยาภรณ์ตามที่ทางราชการกำหนด."
เครื่องร่ำ 0,น.,สิ่งที่ใช้อบให้มีกลิ่นหอม เช่น กำยาน.
เครื่องเรือน 0,น.,เครื่องปรุงเรือนหรือเครื่องไม้ที่จะคุมกันเข้าเป็นเรือน เช่น ขื่อ เสา
เครื่องเรือน 1,น.,เครื่องตกแต่งภายในเรือน เช่น ตู้ โต๊ะ เก้าอี้.
เครื่องลงหิน 0,น.,ภาชนะหรือเครื่องใช้ ทำด้วยโลหะทองแดงผสมกับดีบุก เนื้อเปราะ ขัดผิวให้ขึ้นเงาด้วยผงหิน.
เครื่องล่าง 0,น.,"อุปกรณ์ประกอบที่อยู่ใต้พื้นรถยนต์ เช่น สลัก ลูกหมาก คันส่ง แหนบ ล้อ คานปีกนก, เครื่องช่วงล่าง ก็ว่า."
เครื่องเล่น 0,น.,แหล่เทศน์มหาชาตินอกเรื่องเดิม มักมีทำนองตลกขบขันหรือเป็นเชิงสั่งสอนเป็นต้น โดยเฉพาะในกัณฑ์ชูชก มหาพน และมหาราช.
เครื่องว่าง 0,น.,"ของว่าง, ของกินนอกเวลากินอาหารตามปรกติ มักกินในเวลาบ่าย."
เครื่องสด 0,น.,"ของสด เช่น หยวก ใบตอง ดอกไม้ และผลไม้บางชนิด ที่ประดิษฐ์ขึ้นสำหรับตกแต่งเชิงตะกอนที่เผาศพเป็นต้น, ถ้ามุ่งเอาหยวกเป็นหลักก็เรียกว่า เครื่องหยวก."
เครื่องสะดุ้ง 0,น.,นาคสะดุ้ง.
เครื่องสังเค็ด 0,น.,ทานวัตถุมีตู้พระธรรม โต๊ะหมู่ เป็นต้น ที่เจ้าภาพจัดถวายแก่สงฆ์หรือภิกษุผู้เทศน์หรือชักบังสุกุลในเวลาปลงศพ.
เครื่องสับ 0,น.,"เรียกเรือนที่มีลักษณะคุมเข้าด้วยกันด้วยวิธีเข้าปากไม้ว่า เรือนเครื่องสับ, คู่กับ เรือนเครื่องผูก, เรือนฝากระดาน ก็เรียก."
เครื่องสาย 0,น.,เครื่องดนตรีชนิดที่มีสาย เช่น จะเข้ ซอ พิณ ไวโอลิน
เครื่องสาย 1,น.,ชื่อเรียกวงดนตรีซึ่งใช้เครื่องดนตรีที่มีสายเป็นหลัก.
เครื่องสำอาง 0,น.,"สิ่งเสริมแต่งหรือบำรุงใบหน้า ผิวพรรณ ผม ฯลฯ ให้ดูงาม เช่น แป้ง ลิปสติก ดินสอเขียนคิ้ว, ราชาศัพท์ว่า เครื่องพระสำอาง"
เครื่องสำอาง 1,น.,วัตถุที่มุ่งหมายสำหรับใช้ทา ถู นวด โรย พ่น หยอด ใส่ อบ หรือกระทำด้วยวิธีอื่นใดต่อส่วนหนึ่งส่วนใดของร่างกาย เพื่อความสะอาด ความสวยงาม หรือส่งเสริมให้เกิดความสวยงาม และรวมตลอดทั้งเครื่องประทินผิวต่าง ๆ ด้วย.
เครื่องสุกำศพ 0,น.,เครื่องมัดศพประกอบด้วยผ้าขาว ด้ายดิบ กระดาษฟาง เป็นต้น ใช้แก่ศพที่ได้รับพระราชทานเกียรติยศประกอบศพตามระเบียบสำนักพระราชวัง.
เครื่องสูง 0,น.,เครื่องแสดงพระอิสริยยศ เช่น ฉัตร พัดโบก จามร.
เครื่องหมาย 0,น.,สิ่งที่ทำขึ้นแสดงความหมายเพื่อจดจำหรือกำหนดรู้ เช่น เครื่องหมายดอกจัน.
เครื่องหมายการค้า 0,น.,เครื่องหมายที่ใช้หรือจะใช้เป็นที่หมายหรือเกี่ยวข้องกับสินค้าเพื่อแสดงว่าสินค้าที่ใช้เครื่องหมายของเจ้าของเครื่องหมายการค้านั้นแตกต่างกับสินค้าที่ใช้เครื่องหมายการค้าของบุคคลอื่น.
เครื่องหมายครุฑพ่าห์ 0,น.,เครื่องหมายที่เป็นรูปครุฑ พระครุฑพาห หรือพระครุฑพ่าห์ ในอิริยาบถต่าง ๆ.
เครื่องหมายคำถาม 0,น.,ปรัศนี.
เครื่องหมายวรรคตอน 0,น.,"เครื่องหมายต่าง ๆ ที่ใช้ประกอบในการเขียนข้อความ เช่น จุลภาค (,) มหัพภาค (.) ปรัศนี (?)."
เครื่องหยวก 0,น.,"ของสด เช่น หยวก ใบตอง ดอกไม้ และผลไม้บางชนิด ที่ประดิษฐ์ขึ้นสำหรับตกแต่งเชิงตะกอนที่เผาศพเป็นต้น, ถ้ามุ่งเอาหยวกเป็นหลักก็เรียกว่า เครื่องหยวก."
เครื่องหลัง 0,น.,สัมภาระที่ทหารหรือนักเดินทางเป็นต้นนำติดตัวไป โดยผูกรัดไว้ข้างหลัง.
เครื่องหอม 0,น.,"สิ่งต่าง ๆ ที่มีกลิ่นหอม เช่น แป้งร่ำ น้ำอบไทย, สิ่งที่ทำให้มีกลิ่นหอม เช่น ชะมดเช็ด กำยาน พิมเสน."
เครื่องห้า 0,น.,"เครื่องบูชาชนิดหนึ่งสำหรับพระเจ้าแผ่นดินทรงใช้บูชาพระธรรมเวลาทรงสดับเทศนา มีเชิงเทียน ๒ เชิง กระถางธูป ๑ ใบ กรวยปักดอกไม้ ๕ กรวย ตั้งในพานทองลงยาราชาวดี, เรียกเต็มว่า เครื่องนมัสการทองน้อยเครื่องห้า."
เครื่องห้า 1,น.,ปี่พาทย์ที่ใช้เครื่องดนตรี ๕ อย่าง คือ ปี่ใน ระนาดเอก ฆ้องวงใหญ่ ตะโพน กลองทัด และฉิ่ง.
เครื่องเหล็ก 0,น.,สิ่งของเครื่องมือที่ทำด้วยเหล็ก.
เครื่องใหญ่ 0,น.,ปี่พาทย์เครื่องคู่ที่เพิ่มระนาดเอกเหล็กและระนาดทุ้มเหล็ก.
เครื่องอังทราย 0,น.,อุปกรณ์ชนิดหนึ่ง ประกอบด้วยถาดบรรจุทราย ใช้สำหรับส่งถ่ายความร้อนให้แก่สิ่งใดสิ่งหนึ่ง โดยวิธีตั้งสิ่งนั้นบนถาดทราย แล้วเผาก้นถาดให้ร้อนจัด.
เครื่องอังน้ำ 0,น.,อุปกรณ์ชนิดหนึ่ง ประกอบด้วยหม้อต้มนํ้าทำด้วยโลหะ มีฝาเป็นแผ่นวงแหวนขนาดต่างกันหลาย ๆ วงวางซ้อนเหลื่อมกัน ใช้สำหรับส่งถ่ายความร้อนให้แก่สิ่งใดสิ่งหนึ่งโดยวิธีตั้งสิ่งนั้นบนช่องว่างของแผ่นฝา แล้วต้มนํ้าให้ร้อนเพื่อให้ไอนํ้าร้อนส่งถ่ายความร้อนให้สิ่งนั้น.
เครือจักรภพ 0,น.,กลุ่มประเทศหรือรัฐที่มีการปกครองตนเอง แต่ยอมรับนับถือประมุขร่วมกัน เช่น ประเทศในเครือจักรภพอังกฤษ รัฐต่าง ๆ ในเครือรัฐออสเตรเลีย.
เครือดิน 0,น.,ไม้เถาตามที่กล่าวไว้ในไตรภูมิวินิจฉัยว่ามีสัณฐานประดุจดังผักบุ้งและแพงพวย.
เครือเถา 0,น.,ชื่อลายไทยชนิดหนึ่ง ประดิษฐ์เป็นเถาไม้เลื้อยสอดสลับ มีดอกใบและก้าน หรือใช้ตัวกระหนกแทน.
เครือเทพรัตน์ 0,น.,ชื่อไม้เถาเนื้อแข็ง ชนิด Thepparatia thailandica Phuph. ในวงศ์ Malvaceae ใบเป็นใบเดี่ยว มี ๓-๕ แฉก ดอกสีม่วง ขอบเหลือง รูประฆัง ออกเป็นพวง ห้อยลง ผลมี ๕ ช่อง เป็นไม้ถิ่นเดียวของไทย ตั้งชื่อวิทยาศาสตร์เพื่อเทิดพระเกียรติสมเด็จพระเทพ-รัตนราชสุดาฯ สยามบรมราชกุมารี.
เครือพัดสาม 0,น.,"ชื่อไม้เถา ๒ ชนิดในวงศ์ Vitaceae ชนิด Cayratia trifolia (L.) Domin ใบเป็นใบประกอบ มีใบย่อย ๓ ใบ ขอบใบหยัก มีมือเกาะออกตรงข้ามใบ, เครือพัดสาม ก็เรียก, พันธุ์ใบแดงเรียก เถาคันแดง, อีกชนิดหนึ่งคือ Cissus repens Lam. ใบเดี่ยว."
เครือแย่ง 0,น.,ชื่อลายชนิดหนึ่ง.
เครือรัฐ 0,น.,กลุ่มประเทศหรือรัฐที่มีการปกครองตนเอง แต่ยอมรับนับถือประมุขร่วมกัน เช่น ประเทศในเครือจักรภพอังกฤษ รัฐต่าง ๆ ในเครือรัฐออสเตรเลีย.
เครือวัลย์พันไม้ 0,น.,ชื่อท่ารำแบบหนึ่ง โดยมือทั้งสองอยู่ระดับอก มือข้างหนึ่งแบ มืออีกข้างหนึ่งตั้งวงอยู่เหนือมือที่แบ.
เคล้ง 0,ก.,เค้ง.
เคล็ด 0,น.,วิธีการที่ฉลาด พลิกแพลง ใช้ในการอย่างใดอย่างหนึ่ง
เคล็ด 1,น.,การกระทำอย่างใดอย่างหนึ่งที่เชื่อกันว่าเป็นวิธีปัดเป่าหรือกันภัยหรือเหตุร้ายที่จะมีมา เช่น ต้นไม้บางชนิดไม่มีลูก เชื่อกันว่าถ้าเอามีดไปสับต้นเป็นเคล็ดแล้วจะมีลูก
เคล็ด 2,น.,"อุบาย, เล่ห์, กลเม็ด, เช่น รู้เคล็ด มีเคล็ด เคล็ดลับ."
เคล็ด 3,ก.,อาการที่กล้ามเนื้อแพลง เช่น ขาเคล็ด คอเคล็ด.
เคล้น 0,ก.,บีบเน้นไปมา.
เคล้า 0,ก.,ใช้มือเป็นต้นคนเบา ๆ ให้ทั่ว เช่น เคล้าเครื่องปรุงให้เข้ากันในการทำอาหาร
เคล้า 1,ก.,"คลอเคลีย เช่น เคล้าแข้งเคล้าขา, เกลือก เช่น แมลงภู่เคล้าเกสรดอกไม้"
เคล้า 2,ก.,บรรเลงดนตรีไปพร้อม ๆ กับการขับร้อง ซึ่งเป็นเพลงเดียวกัน แต่ต่างก็ดำเนินทำนองไปตามทางของตน.
เคล่าคล่อง 0,ก.,แคล่วคล่อง เช่น หลบหลีกเคล่าคล่องทำนองยุทธ (รามเกียรติ์ ร. ๒).
เคล้าคลึง 0,ก.,"ลูบคลำ, ทั้งเคล้าทั้งคลึง, ลูบคลำกอดรัด."
เคล้าเคลีย 0,ก.,"เคล้าคู่กัน, เคียงเคล้ากัน, คลอเคลีย, เคลียเคล้า ก็ว่า."
เคลิบเคลิ้ม 0,ก.,"ลืมตัวไปชั่วขณะหนึ่ง, เผลอสติไปชั่วขณะหนึ่ง."
เคลิ้ม 0,ว.,"เผลอตัว, หลงไป, จวนหลับ, หลับยังไม่สนิท."
เคลีย 0,ว.,"เคียงเคล้า, เคียงเคล้ากัน."
เคลียคลอ 0,ก.,"เคล้าคู่กัน, เคียงเคล้ากัน, คลอเคลีย ก็ว่า."
เคลี้ยคลิง 0,ก.,"เกลี้ยกล่อม, ปลอบโยน, เช่น เพื่อเคลี้ยคลิงวิงวอน (ม. คำหลวง ทานกัณฑ์)."
เคลียเคล้า 0,ก.,เคล้าเคลีย.
เคลื่อน 0,ก.,"ออกจากที่หรือทำให้ออกจากที่ เช่น เคลื่อนขบวน รถไฟค่อย ๆ เคลื่อนไป, เลื่อนหรือทำให้เลื่อนไปจากที่ เช่น หมอนรองกระดูกเคลื่อน เคลื่อนตู้ไป."
เคลื่อนคลาด 0,ก.,"ผิดจากความเป็นจริง, ไม่ตรงตามความเป็นจริง, คลาดเคลื่อน ก็ว่า."
เคลื่อนที่ 0,ว.,"ไม่อยู่กับที่, ไม่ประจำที่, เช่น ห้องสมุดเคลื่อนที่."
เคลื่อนไหว 0,ก.,"ขยับ, ไหวตัว, เช่น นอนนิ่ง ๆ อย่าเพิ่งเคลื่อนไหว, ไม่อยู่นิ่ง, ไม่คงที่, เช่น ราคาหุ้นตัวนี้ไม่เคลื่อนไหว บัญชีเงินฝากไม่เคลื่อนไหว"
เคลื่อนไหว 1,ก.,แสดงกิริยาหรือปฏิกิริยาอย่างใดอย่างหนึ่ง เช่น นักศึกษาเคลื่อนไหวต่อต้านสินค้าต่างประเทศ.
เคลือบ 0,ก.,"ไล้ ทา หรือพอกผิวเดิมด้วยของเหลวบางชนิด แล้วทิ้งไว้ให้เย็นจนแข็งตัว เช่น เคลือบนํ้าตาล เคลือบยาพิษ, ทาผิวนอกด้วยนํ้ายาเคมีแล้วใช้ความร้อนอบให้นํ้ายาเกาะแน่น, เรียกสิ่งที่เคลือบโดยกรรมวิธีเช่นนั้น ว่า เครื่องเคลือบ"
เคลือบ 1,ก.,โดยปริยายหมายถึงลักษณะที่คล้ายคลึงเช่นนั้น เช่น ปากเคลือบนํ้าตาล.
เคลือบคลุม 0,ว.,"ไม่แจ่ม, ไม่กระจ่าง, ไม่ชัด, เช่น ข้อความเคลือบคลุม."
เคลือบแคลง 0,ว.,"สงสัย, แคลงใจ, ระแวง."
เคลือบแฝง 0,ว.,ไม่กระจ่างทำให้เป็นที่สงสัย.
เคลือบฟัน 0,น.,ผิวนอกของฟันที่หุ้มเนื้อฟันอยู่.
เคว้ง 0,ว.,"คว้าง, มักใช้พูดเข้าคู่กันว่า เคว้งคว้าง หรือ คว้างเคว้ง ก็มี."
เคว้งคว้าง 0,ว.,"อาการที่หมุนหรือลอยไปตามกระแสลมกระแสนํ้าเป็นต้น อย่างไม่มีจุดหมายหรือไม่มีที่ยึดเหนี่ยว, โดยปริยายหมายถึงลักษณะที่คล้ายคลึงเช่นนั้น เช่น เขาเดินเคว้งคว้างไม่รู้จะไปไหนดี, คว้างเคว้ง ก็ว่า."
เคห- 0,น.,"เรือน, ที่อยู่."
เคหศาสตร์ 0,น.,คหกรรมศาสตร์.
เคหเศรษฐศาสตร์ 0,น.,คหกรรมศาสตร์.
เคหสถาน 0,น.,บ้านเรือน
เคหสถาน 1,น.,ที่ซึ่งใช้เป็นที่อยู่อาศัย เช่น เรือน โรง เรือ หรือแพ ซึ่งคนอยู่อาศัย และหมายความรวมถึงบริเวณของที่อยู่อาศัยนั้นด้วย จะมีรั้วล้อมหรือไม่ก็ตาม.
เคหะ 0,น.,"เรือน, ที่อยู่."
เคหา 0,น.,"เรือน, ที่อยู่."
เคอย 0,น.,ชื่อกุ้งขนาดเล็กหลายชนิดหลายสกุล ใน ๒ วงศ์ ได้แก่ วงศ์ Mysidae เช่น เคยตาดำ [ Mesopodopsis orientalis (Tattersall)] อันดับ Mysidacea และวงศ์ Sergestidae เช่น เคยตาแดง (Acetes erythraeus Nobill) อันดับ Decapoda ขนาดยาวไม่เกิน ๓.๔ เซนติเมตร มีหนวด ๒ แฉก ลำตัวแบนข้าง เปลือกบาง ใส เนื้อยุ่ย เหมาะสำหรับใช้หมักเกลือทำกะปิและน้ำเคย.
เคอะ 0,ว.,มีท่าทีไม่แนบเนียน.
เคา 0,น.,"โค เช่น ดั่งว่าพฤติโคเคาเฒ่าชราจร (ม. ร่ายยาว ชูชก), มีหนวดเพียงหลังเคา (ม. คำหลวง กุมาร)."
เค้า 0,น.,สิ่งที่เป็นเครื่องกำหนดหมายบอกให้รู้ เช่น ฝนตั้งเค้า
เค้า 1,น.,สิ่งที่ส่อแสดงให้รู้ได้ว่ามีลักษณะเหมือนสิ่งอื่น เช่น นาย ก มีเค้าหน้าเหมือนนาย ข
เค้า 2,น.,ต้นเงื่อน เช่น ต้นเค้า
เค้า 3,น.,รูปหรือรูปความโดยย่อ เช่น เขียนพอให้เห็นเป็นเค้า
เค้า 4,น.,ร่องรอย เช่น พอได้เค้า
เค้า 5,น.,เหง้า เช่น โคตรเค้าเหล่ากอ
เค้า 6,น.,ข้า. (อนันตวิภาค)
เค้า 7,น.,"ตัวเงินหรือวัตถุที่ใช้แทนตัวเงิน เช่นเมล็ดมะขามเป็นต้นที่เป็นทุนซึ่งตั้งไว้สำหรับเล่นในบ่อนการพนันบางชนิด, เรียกผู้ถือต้นทุนในการพนัน ว่า ถุงเค้า."
เค้า 8,น.,"ชื่อนกขนาดเล็กถึงขนาดใหญ่หลายชนิดหลายสกุล ในวงศ์ Strigidae และวงศ์ Tytonidae หัวโต ตาโตอยู่ทางด้านหน้าของหัว มองเห็นได้ดีในเวลากลางคืน ขนรอบหัวและหน้าพองฟู รูปหน้าคล้ายรูปหัวใจ ขนตามลำตัวนุ่มหนาและเบามีลายเป็นจุด ๆ หรือลายคล้ายเกล็ดปลา หากินในเวลากลางคืน กลางวันหลบพักผ่อนตามต้นไม้ เช่น แสก [ Tyto alba (Scopoli)] เค้ากู่หรือฮูก ( Otus lempiji Pennant) เค้าใหญ่พันธุ์สุมาตรา [ Bubo sumatranas (Raffles)] เค้าป่าสีน้ำตาล ( Strix leptogrammica Temminck) เค้าโมงหรือเค้าแมว [ Glaucidium cuculoides (Vigors)] เค้าเหยี่ยว [ Ninox scutulata (Raffles)], ฮูก ก็เรียก."
เค้า 9,น.,"ชื่อปลานํ้าจืดในวงศ์ Siluridae ไม่มีเกล็ด รูปร่างคล้ายปลาคางเบือนซึ่งอยู่ในวงศ์เดียวกัน แต่มีขนาดใหญ่กว่า คือ ยาวได้ถึง ๒ เมตร หัวแหลม ปากกว้าง ฟันแหลมคม ครีบหลังตั้งเด่น ตัวยาวเรียวไปทางหาง แบนข้าง ในประเทศไทยมี ๒ ชนิด คือ ค้าวขาว [ Wallago attu (Bloch)] และ ค้าวดำ คูน ทุก อีชุก อีทุก หรือ อีทุบ ( W. micropogon Vailant) ซึ่งมีหนวดยาวกว่าชนิดแรก ลำตัวและครีบสีดำคล้ำ, ทั้ง ๒ ชนิด เค้า ก็เรียก."
เค้าโครง 0,น.,โครงเรื่องย่อ ๆ.
เค้าเงื่อน 0,น.,ร่องรอยที่นำให้สืบสาวเรื่องราวต่อไปได้.
เคาน์เตอร์ 0,น.,"โต๊ะสำหรับรับจ่ายเงินหรือแสดงสินค้าตามร้านค้าหรือสำนักงาน มักมีลักษณะยาวและสูงกว่าโต๊ะธรรมดา, เครื่องเรือนที่มีลักษณะเช่นนั้น."
เค้ามูล 0,น.,เหตุเดิม.
เคารพ 0,ก.,แสดงอาการนับถือ เช่น เคารพผู้ใหญ่ เคารพธงชาติ
เคารพ 1,ก.,"ไม่ล่วงเกิน, ไม่ล่วงละเมิด, เช่น เคารพสิทธิของผู้อื่น."
เค้าสนามหลวง 0,น.,"สำนักผู้ปกครองบ้านเมือง, ที่ว่าราชการเมือง, คณะผู้ว่าการบ้านเมืองซึ่งประกอบด้วยเจ้าผู้ครองเมืองหรือผู้ครองเมืองข้าหลวงประจำนครหรือเมืองซึ่งต่อมาเรียกว่า ปลัดมณฑลประจำจังหวัด และข้าหลวงผู้ช่วย มีหน้าที่บังคับบัญชารับผิดชอบในกิจการทั่วไปของเมือง, เค้าสนาม ก็ว่า."
เคาะ 0,ก.,"ใช้อวัยวะมีมือเป็นต้นกระทบเบา ๆ เช่น เคาะจังหวะ เคาะบุหรี่, ใช้มือหรือวัตถุงอ ๆ ตีหรือทุบให้เกิดเสียงเป็นต้น เช่น เคาะประตู เคาะระฆัง เคาะตัวถังรถ"
เคาะ 1,ก.,พูดเย้าแหย่.
เคาะ 2,ว.,เลียบเคียง เช่น พูดเคาะ.
เคาะแคะ 0,ก.,"พูดพาดพิงเชิงชู้สาว, พูดเชิงเกี้ยวพาราสี, เกาะแกะ ก็ว่า."
เคี้ย 0,ก.,อยู่ เช่น อันเดียรดาษด้วยเตี้ยเค้าค่อม เคี้ยคอยทวารทุกแห่งแล (ม. คำหลวง ทศพร).
เคียง 0,ว.,"ชิดกันโดยเรียงข้าง เช่น เดินเคียง นั่งเคียง, ใกล้กัน เช่น บ้านใกล้เรือนเคียง."
เคียงบ่าเคียงไหล่ 0,ว.,มีฐานะเสมอกัน ทัดเทียมกัน หรืออยู่ในระดับเดียวกัน
เคียงบ่าเคียงไหล่ 1,ว.,ร่วมสุขร่วมทุกข์ หรือร่วมเป็นร่วมตายด้วยกัน เช่น รบเคียงบ่าเคียงไหล่.
เคียด 0,ก.,"เคือง, โกรธ."
เคียดแค้น 0,ก.,"โกรธแค้น, เคืองแค้น."
เคียน 0,ก.,"พัน, คาด, เช่น ผ้าขาวม้าเคียนพุง."
เคียม 0,ก.,"ไหว้, คำนับ, เช่น เคียมคัล, เคี่ยม ก็ว่า"
เคียม 1,ก.,"เรียบร้อย, ตรง, เช่น เคียมค่อยมาดลสำนัก จอมจักรนักไทธรรม (ม. คำหลวง สักบรรพ)."
เคี่ยม 0,น.,ชื่อไม้ต้นขนาดใหญ่ชนิด Cotylelobium lanceolatumCraib ในวงศ์ Dipterocarpaceae มีมากในป่าดิบทางภาคใต้ ต้นสูงตรง เป็นไม้ที่ทนทาน.
เคี่ยม 1,น.,ชื่อเครื่องมือของช่างทำหวี ทำด้วยเหล็กมีคมเป็นขั้น ๆ ใช้แต่งซี่หวี.
เคี่ยมคะนอง 0,น.,ชื่อไม้ต้นขนาดใหญ่ชนิด Shorea henryana Pierre ในวงศ์ Dipterocarpaceae ลำต้นสูงตรงมาก มีมากตามป่าดิบทางภาคตะวันออกและภาคใต้.
เคียร 0,น.,คำพูด เช่น เอื้อนโองการมีสีหนาท เคียรคำถาม (สุธน).
เคี่ยว 0,ก.,"ต้มให้เดือดนาน ๆ เพื่อให้งวด ข้น หรือเปื่อยเป็นต้น, โดยปริยายหมายความว่า รํ่าไป, ไม่หยุดหย่อน, เช่น อันซึ่งพระรามฤทธิรงค์ มาเคี่ยวฆ่าวงศ์ยักษี (รามเกียรติ์ ร. ๑)."
เคียว 0,น.,เครื่องมือเกี่ยวข้าวและหญ้าเป็นต้น ทำด้วยเหล็ก รูปโค้ง มีคม.
เคี้ยว 0,ก.,บดให้แหลกด้วยฟัน.
เคียว 1,ก.,"รีบไป, รีบมา, เครียว หรือ เขียว ก็ใช้."
เคี้ยว 1,ว.,"คด เช่น นํ้าเคี้ยวยูงว่าเงี้ยว ยูงตาม (โลกนิติ), โดยมากใช้เข้าคู่กับคำ คด เป็น คดเคี้ยว."
เคี่ยวขัน 0,ก.,พยายามต่อสู้หรือแข่งขันด้วยความลำบาก.
เคี่ยวขับ 0,ก.,"เร่งรัด, พยายามให้ถึงที่สุด."
เคี่ยวเข็ญ 0,ก.,"บีบบังคับ, บีบคั้นให้ได้รับความลำบาก เช่น เคี่ยวเข็ญเย็นค่ำกรำไป ตามวิสัยเชิงเช่นผู้เป็นนาย (พระราชนิพนธ์ ร. ๖)"
เคี่ยวเข็ญ 1,ก.,บังคับให้ทำงานให้มากขึ้น เช่น เคี่ยวเข็ญให้ขยันหมั่นเพียรในการเล่าเรียน.
เคี้ยวฟัน 0,ก.,"แสดงอาการโกรธเมื่อยังทำอะไรเขาไม่ได้, มักใช้เข้าคู่กับคำ เข่นเขี้ยว เป็น เข่นเขี้ยวเคี้ยวฟัน."
เคี้ยวเอื้อง 0,ก.,"อาการที่สัตว์บางจำพวกเช่นวัวควายสำรอกอาหารออกมาเคี้ยวอีกให้ละเอียด, โดยปริยายหมายความว่า ทำอะไรช้า ๆ, บดเอื้อง ก็ว่า."
เคื้อ 0,ว.,"งาม, โดยมากเป็น อะเคื้อ."
เคื้อ 1,น.,"เครือ, เชื้อสาย, เช่น เคื้อคู ว่า เชื้อสายของครู (ม. คำหลวง กุมาร)."
เคือง 0,ก.,ไม่พอใจและเริ่มรู้สึกโกรธ
เคือง 1,ก.,"ระคาย เช่น เคืองตา, รำคาญ เช่น เคืองหู เคืองใจ."
เคืองขุ่น 0,ก.,"โกรธกรุ่น ๆ อยู่ในใจ, ขุ่นเคือง ก็ว่า."
แค 0,น.,"ชื่อไม้ต้นชนิด Sesbania grandiflora (L.) Desv. ในวงศ์ Leguminosae ดอกมีทั้งสีขาวและสีแดง ยอดอ่อน ดอก และฝักกินได้ เปลือกใช้ทำยา, แคบ้าน ก็เรียก, พันธุ์ที่ดอกสีแดงเรียก แคแดง."
แค่ 0,ว.,"เพียง, เท่า."
แค้ 0,น.,"ชื่อปลานํ้าจืด ไม่มีเกล็ด ในสกุล Bagarius วงศ์ Sisoridae หัวแบนแผ่ หนวดแบน ตาเล็ก ลำตัวยาวเรียวลู่จนแคบมากที่คอดหาง ครีบหางเป็นแฉกยาว ผิวหนังเป็นตุ่มแข็ง มีแต้มขนาดใหญ่สีนํ้าตาลเข้มอยู่บนหลังเป็นระยะ ๆ ครีบต่าง ๆ สีนํ้าตาล พบอาศัยตามพื้นท้องแม่นํ้าสายใหญ่ ๆ มี ๓ ชนิด ในประเทศไทยที่พบทั่วไปได้แก่ ชนิด B. bagarius (Hamilton-Buchanan) ซึ่งยาวได้ถึง ๒๕ เซนติเมตร และ B. yarrelli Sykes ยาวได้ถึง ๒ เมตร, คัง หรือ ตุ๊กแก ก็เรียก."
แคแกล 0,น.,ชื่อต้นไม้ใช้ทำยา.
แคดเมียม 0,น.,ธาตุลำดับที่ ๔๘ สัญลักษณ์ Cd เป็นโลหะ ลักษณะเป็นของแข็งสีเงิน เนื้ออ่อน หลอมละลายที่ ๓๒๑ °ซ. เป็นตัวดูดกลืนอนุภาคนิวตรอนได้ดี จึงทำเป็นแท่ง เรียกว่า แท่งควบคุมในเครื่องปฏิกรณ์นิวเคลียร์.
แค็ตตาล็อก 0,น.,หนังสือ เอกสาร สิ่งพิมพ์ เป็นต้น ที่มีภาพสินค้าเช่นเสื้อผ้า เครื่องใช้ไฟฟ้า พร้อมรายละเอียดของสินค้าเพื่อเผยแพร่หรือสำหรับให้ลูกค้าเลือกซื้อ.
แคแตร 0,น.,ชื่อไม้ต้นชนิด Dolichandrone serrulata (DC.) Seem. ในวงศ์ Bignoniaceae กลีบดอกรูปแตร สีขาว.
แคโทด 0,น.,แผ่นหรือแท่งตัวนำที่โยงต่อกับขั้วลบของเครื่องกำเนิดไฟฟ้า เช่น แบตเตอรี่ไฟฟ้า.
แคน 0,น.,เครื่องเป่าชนิดหนึ่ง เสียงคล้ายออร์แกน เป็นเครื่องดนตรีที่เก่าแก่ นิยมเล่นในทุกจังหวัดของภาคอีสานตอนเหนือ ทำด้วยไม้ซาง เรียกว่า ไม้กู่แคนหรือไม้เฮี้ย มีขนาดยาวลดหลั่นกัน เรียงติดเป็นตับในเต้าแคนที่ทำด้วยไม้ ลิ้นแคนทำด้วยโลหะเงินหรือทองเหลือง ทำเสียงสูง-ต่ำ ด้วยการเปิดปิดนิ้วที่รูเล็ก ๆ ซึ่งเจาะไว้ข้างกู่แคน กู่แคนติดแน่นกับเต้าแคนด้วยขี้สูดหรือชันโรง มีหลายขนาด ตั้งแต่ ๓ คู่ จนถึง ๙ คู่ ที่นิยมที่สุดคือคู่ ๘ ใช้บรรเลงเพื่อความบันเทิงทั่วไปและประกอบหมอลำหรือวงพิณ วงโปงลาง ในงานมงคล เป็นมหรสพประจำของชาวอีสาน.
แค่น 0,ก.,"ฝืน เช่น แค่นกิน, คะยั้นคะยอ เช่น แค่นให้กิน, ทำไม่เป็นหรือไม่สันทัดแล้วยังอวดดีขืนทำ เช่น แค่นทำ, สะเออะ เช่น ไม่มีเงินยังแค่นแต่งตัวโก้."
แค้น 0,ก.,โกรธเจ็บใจอยู่ไม่หาย เช่น แค้นใจ แค้นเคือง.
แค้นคอ 0,ก.,อาการที่คนหรือสัตว์กินอาหารแล้วติดคอหรือฝืดคอกลืนไม่สะดวก.
แค่นแคะ 0,ก.,"เฟ้นหาความชั่วขึ้นมากล่าว, เซ้าซี้จะให้ได้สมประสงค์."
แค่นไค้ 0,ก.,"เฟ้นหาความชั่วขึ้นมากล่าว, เซ้าซี้จะให้ได้สมประสงค์."
แคบ 0,ว.,"มีส่วนกว้างน้อย, ไม่กว้างขวาง เช่น บ้านแคบ ความรู้แคบ."
แคบ 1,น.,"อานม้า เช่น สรรพแคบหมอนทองห้อยภู่พราย (ยวนพ่าย). (เทียบ ข. แคบ ว่า เบาะ, อานม้า)."
แคบ 2,ก.,ขลิบ เช่น ล้วนอลงกฎด้วยอลงการ เบาะลอออานแคบคำ (ม. คำหลวง ทานกัณฑ์).
แคบหมู 0,น.,หนังหมูหรือหนังหมูติดมันทอดให้พองและกรอบ.
แคปซูล 0,น.,หลอดเล็ก ๆ ทำด้วยสารที่ไม่เป็นพิษ และละลายได้ง่าย ใช้บรรจุยา
แคปซูล 1,น.,ส่วนของยานอวกาศที่มีอุปกรณ์จำเป็นพร้อมมูล สามารถแยกตัวออกจากส่วนอื่นได้
แคปซูล 2,น.,ลักษณะของผลที่เมื่อแก่เปลือกหุ้มผลจะแห้งแล้วแตกแยกออกจากกันเป็นหลายซีกหรือหลายรู เช่น ผลลำโพง ฝิ่น.
แคฝรั่ง 0,น.,ชื่อไม้ต้นขนาดกลางชนิด Gliricidia sepium (Jacq.) Walp. ในวงศ์ Leguminosae แตกกิ่งก้านระเกะระกะ ออกดอกสีขาวหรือสีม่วงอ่อนตามกิ่ง.
แคฝอย 0,น.,ชื่อไม้ต้นหลายชนิดในสกุล Stereospermum วงศ์ Bignoniaceae เช่น ชนิด S. fimbriatum (Wall. ex G. Don) A. DC. กลีบดอกรูปแตร สีขาวอมชมพูแกมม่วงอ่อน ขอบกลีบดอกรุ่ยเป็นริ้วยาว ๆ ไม่เป็นระเบียบ.
แคม 0,น.,"ส่วนริมทั้ง ๒ ข้างเรือ, เรียกของอื่นที่มีลักษณะคล้ายริมเรือ เช่น แคมร่อง."
แคร่ 0,น.,"ที่สำหรับนั่งหรือนอนโดยมากมีรูปสี่เหลี่ยม มักทำด้วยฟากหรือไม้ไผ่ซี่ ๆ ถักติดกันเป็นต้น ไม่มีขา ยกไปได้, บางชนิดทำเสาเป็นเครื่องรองรับก็มี เรียกรวม ๆ ทั้งหมดว่า แคร่, บางชนิดใช้วางบนคานหาม สำหรับหามไป, ใช้แก่เจ้านาย เรียกว่า แคร่คานหาม, เรียกสั้น ๆ ว่า แคร่ ก็มี, บางชนิดใช้วางบนเรือ เรียกว่า แคร่เรือ"
แคร่ 1,น.,โดยปริยายเรียกสิ่งที่มีลักษณะคล้ายคลึงเช่นนั้น เช่น แคร่สำหรับวางเครื่องยนต์.
แคร่ 2,น.,ส่วนบนของเครื่องพิมพ์ดีดที่เลื่อนไปมาได้ ใช้สอดกระดาษสำหรับพิมพ์.
แครก 0,ว.,"คราก, ใช้คู่กับคำ คราก เป็น ครากแครก หรือ แครกคราก ก็ได้ เช่น กบทูย้อยแยกแครกคราก (ม. ร่ายยาว ชูชก)."
แครครั่ง 0,ก.,"คับคั่ง, มาก, เช่น ที่ใดคนแครครั่ง (ม. คำหลวง ชูชก)."
แครง 0,น.,ชื่อหอยทะเลกาบคู่หลายชนิดในวงศ์ Arcidae ด้านนอกเปลือกมีสันและร่องจากขั้วเปลือกถึงขอบเปลือก เลือดหอยแครงเมื่อถูกกับอากาศเป็นสีแดง อาศัยตามชายฝั่งทะเลที่พื้นเป็นโคลน เช่น ชนิด Anadara granosa (Linn.)
แครง 1,น.,"ภาชนะสำหรับวิดนํ้า รูปคล้ายกาบหอยแครง, ถ้าใช้วิดนํ้าในสวน มีด้ามยาว, ถ้าใช้วิดนํ้าเรือ ไม่มีด้าม."
แครง 2,น.,ชื่อขิงในหมวดจตุทิพยคันธา เรียกว่า ขิงแครง. (ดู จตุทิพยคันธา ใน จตุ-).
แครง 3,ว.,"อึกทึก, กึกก้อง, เช่น อย่างแครงครวญ (กล่อมช้างของเก่า), สงครามแครง ฟ้งเฟือด (ม. คำหลวง วนปเวสน์)."
แครง 4,ก.,ตกแต่ง เช่น ธก็ผลัดแผลงแครงเครื่องอันบริสุทธิ์ (ม. คำหลวง วนปเวสน์).
แครง 5,ว.,"งามพรายแพรว, หมดจด, ผ่องใส, เช่น ธก็ทรงพสตรพาสแครง ดุจแสงสังข์ใสสุทธ (ม. คำหลวง นครกัณฑ์), อนนธกทำด้วยไหมประไพแครงเครื่องฟ้า (ม. คำหลวง นครกัณฑ์), พายคํ่าจำรัสแครง ใสส่อง (ทวาทศมาส)."
แครง 6,น.,ผ้า เช่น นางก็ทรงพัสตราภรณ์ พาดแครง (ม. คำหลวง นครกัณฑ์).
แครง 7,น.,เห็ดแครง. [ดู ตีนตุ๊กแก (๕)].
แครงขน 0,น.,"ชื่อหอยทะเลกาบคู่บางชนิดในสกุล Scapharcaวงศ์ Arcidae ลักษณะคล้ายหอยแครงแต่ขนาดใหญ่กว่า ด้านนอกเปลือกมักมีเส้นคล้ายขน เช่น ชนิด S. inequivalvis (Bruguière), แครงขน ก็เรียก."
แครงเครียว 0,ว.,"แรงมาก, โบราณเขียนเป็น แครงครยว ก็มี เช่น ท่านนี้แครงครยว คืนคํ่าขํ่าขยว จักขอสักอัน (ม. คำหลวง มหาพน)."
แคระ 0,ว.,เตี้ยเล็กกว่าปรกติ เช่น คนแคระ ม้าแคระ ต้นไม้แคระ.
แคลคูลัส 0,น.,คณิตศาสตร์ชั้นสูงแขนงหนึ่ง ศึกษาเกี่ยวกับค่าของจำนวนที่เปลี่ยนแปลงอย่างต่อเนื่องตลอดเวลา แบ่งออกเป็น แคลคูลัสเชิงอนุพันธ์ และแคลคูลัสเชิงอินทิกรัล.
แคลง 0,ก.,อาการที่เรือเอียงหรือตะแคง เรียกว่า เรือแคลง
แคลง 1,ก.,"กินแหนง, สงสัย."
แคลงคลาง 0,ก.,"แคลงใจ, ไม่แน่ใจหรือวางใจลงไปได้เพราะออกจะสงสัย, คลางแคลง ก็ว่า, บางทีก็พูดสั้น ๆ ว่า แคลง."
แคลงใจ 0,ก.,"ไม่แน่ใจหรือวางใจลงไปได้เพราะออกจะสงสัย, คลางแคลง ก็ว่า."
แคลเซียม 0,น.,ธาตุลำดับที่ ๒๐ สัญลักษณ์ Ca เป็นโลหะ ลักษณะเป็นของแข็งสีขาว เนื้ออ่อน หลอมละลายที่ ๘๓๘ °ซ. เป็นองค์ประกอบสำคัญของกระดูก ฟัน หินอ่อน หินปูน.
แคลเซียมคาร์ไบด์ 0,น.,ชื่อสารประกอบ มีสูตรเคมี CaC_2 ลักษณะเป็นของแข็งสีเทา เมื่อทำปฏิกิริยากับนํ้าจะได้แก๊สอะเซทิลีนซึ่งจุดไฟติดให้ความสว่าง ใช้เป็นตะเกียงได้.
แคลเซียมไซคลาเมต 0,น.,ชื่อสารประกอบ มีสูตรเคมี (C_6H_11NHSO_3)_2Ca. 2H_2O ลักษณะเป็นผงสีขาว ละลายนํ้าได้ มีรสหวานมากกว่านํ้าตาลทรายมาก ใช้เป็นตัวให้ความหวานในเครื่องดื่ม มีหลักฐานว่าสารนี้ก่อให้เกิดโรคมะเร็งได้.
แคลน 0,ว.,"ขัดสน, อัตคัด, มักใช้ประกอบคำอื่น เช่น ขาดแคลน = ทั้งขาดทั้งแคลน หมายความว่า อัตคัด, ขัดสน ดูแคลน = ดูหมิ่นเพราะเห็นเขาขัดสน ดูหมิ่นถิ่นแคลน = ดูถูกว่ามีฐานะตํ่าต้อย."
แคล้ว 0,ก.,"รอดไป, พ้นไป, มักใช้ในความปฏิเสธ เช่น เป็นเนื้อคู่กันแล้วไม่แคล้วกัน ไม่แคล้วไม้เรียว."
แคล่วคล่อง 0,ว.,"ว่องไว, สามารถทำได้รวดเร็ว, คล่องแคล่ว ก็ว่า."
แคล้วคลาด 0,ก.,"รอดไป, พ้นไป, คลาดแคล้ว ก็ว่า."
แคลอรี 0,น.,หน่วยวัดปริมาณความร้อน ๑ แคลอรี คือ ปริมาณความร้อนที่ทำให้นํ้าบริสุทธิ์ ๑ กรัม ร้อนขึ้น ๑ °ซ.
แคลิฟอร์เนียม 0,น.,ธาตุลำดับที่ ๙๘ สัญลักษณ์ Cf เป็นธาตุกัมมันตรังสีที่นักวิทยาศาสตร์สร้างขึ้น ไม่มีปรากฏในธรรมชาติ.
แคแล 0,น.,ชื่อต้นไม้ใช้ทำยา.
แคว 0,น.,ลำนํ้าที่ไหลมารวมกับลำนํ้าอีกสายหนึ่งซึ่งมีขนาดใหญ่พอ ๆ กัน เช่น แควน้อย แควใหญ่
แคว 1,น.,แม่น้ำหรือลำธารสายเล็กที่ไหลลงสู่แม่น้ำหรือลำธารสายใหญ่ เช่น แควป่าสัก.
แควก 0,ว.,เสียงดังอย่างเสียงผ้าขาด.
แคว้ง 0,ก.,"เคว้ง, คว้าง."
แคว้น 0,น.,ดินแดนอันเป็นถิ่นที่อยู่ของมนุษย์
แคว้น 1,น.,"เดิมหมายถึงประเทศ เช่น แคว้นมคธ แคว้นโกศล ในปัจจุบันหมายถึงเขตปกครองที่เป็นส่วนย่อยของประเทศ ใหญ่กว่าจังหวัด, รัฐ, เช่น แคว้นสิบสองจุไทย."
แคแสด 0,น.,ชื่อไม้ต้นขนาดใหญ่ชนิด Spathodea campanulata P. Beauv. ในวงศ์ Bignoniaceae เรือนยอดเป็นพุ่มหนา ดอกสีแสด ออกดอกในฤดูหนาว.
แคะ 0,น.,"ชาวจีนพวกหนึ่งในมณฑลกวางตุ้งของประเทศจีน เรียกว่า จีนแคะ, เรียกภาษาของชาวจีนพวกนี้ ว่า ภาษาแคะ."
แคะ 1,ก.,ใช้เล็บหรือสิ่งมีปลายแหลมเป็นต้นทำให้สิ่งที่ติดอยู่ข้างในหรือในซอกในรูหลุดออกมา.
แคะไค้ 0,ก.,ซอกแซกหาเรื่องขึ้นมาว่า.
โค 0,น.,วัว (มักใช้เป็นทางการ) เช่น สั่งซื้อแม่โคพันธุ์ใหม่จากต่างประเทศ.
โค 1,น.,พระอาทิตย์ เช่น โคจร = ทางเดินของพระอาทิตย์ โควิถี = ทางสำหรับโคจรของพระอาทิตย์.
โค 2,น.,ชื่อขนมชนิดหนึ่งคล้ายขนมต้มขาว มีไส้อย่างหน้ากระฉีก ราดหัวกะทิขลุกขลิก เรียกว่า ขนมโค.
โคก 0,น.,ที่ดินที่นูนสูงขึ้นคล้ายเนิน แต่เตี้ยกว่า.
โคก 1,ว.,ที่นูนสูงขึ้น.
โคก 2,น.,"ชื่อปลาทะเลทุกชนิดในสกุล Anodontostoma และ Nematalosa วงศ์ Clupeidae หัวเล็ก ปากเล็ก ลำตัวสั้น แบนข้าง ท้องเป็นสันแหลม เกล็ดที่สันท้องเป็นเหลี่ยมคมเรียงต่อกันคล้ายฟันเลื่อย พื้นลำตัวสีเงิน ขนาดยาวได้ถึง ๒๐ เซนติเมตร อยู่รวมกันเป็นฝูงเล็ก ๆ ตามชายฝั่งที่มีพื้นท้องทะเลเป็นโคลน, ตะเพียนนํ้าเค็ม ก็เรียก."
โคกกระสุน 0,น.,ชื่อไม้ล้มลุกชนิด Tribulus terrestris L. ในวงศ์ Zygophyllaceae ผลเป็นหนาม ใช้ทำยาได้.
โคกกระออม 0,น.,"ชื่อไม้เถาชนิด Cardiospermum halicacabum L. ในวงศ์ Sapindaceae ขึ้นทั่วไปตามที่รกร้าง ลำต้นเรียวเป็นร่อง ใบสีเขียวอ่อน มีมือเกาะ ดอกเล็ก สีขาว ผลกลม มีกลีบเลี้ยงรูปสามเหลี่ยมพองลมหุ้มอยู่ รากและใบใช้ทำยาได้, กระออม ก็เรียก."
โคกม้า 0,น.,"นักหมอม้า, ผู้เชี่ยวชาญเรื่องม้า."
โคกม้า 1,น.,ชื่อนกชนิดหนึ่ง เช่น โคกม้าม่ายนางนวล กระสาสรวลกระสันต์ (ลอ).
โคแก่ชอบกินหญ้าอ่อน 0,น.,ชายสูงอายุที่ชอบผู้หญิงรุ่นสาว.
โคคลาน 0,น.,"ชื่อไม้เถาชนิด Anamirta cocculus (L.) Wightet Arn. ในวงศ์ Menispermaceae ใช้ทำยาได้, หวายดิน ก็เรียก."
โคเคน 0,น.,สารอินทรีย์ประเภทแอลคาลอยด์ มีสูตร C_17H_21O_4N ลักษณะเป็นผลึกสีขาว มีปรากฏในใบของต้นโคคา ( Erythroxylum coca Lam.) ใช้เป็นยาชาเฉพาะที่ เป็นยาเสพติด.
โค้ง 0,ก.,"น้อมลง, ทำให้น้อมลง เช่น โค้งคำนับ โค้งตัว."
โค้ง 1,ว.,ลักษณะของเส้นหรือสิ่งที่มีรูปอย่างส่วนหนึ่งของวงกลม เช่น ทางโค้ง.
โค่ง 0,ว.,โตหรืออายุมากกว่าเพื่อน.
โค่ง 1,น.,คำเรียกผู้บรรพชาเป็นสามเณรมาจนอายุครบอุปสมบทเป็นภิกษุแต่ไม่ยอมอุปสมบท ว่า เณรโค่ง.
โค้งสุดท้าย 0,น.,ช่วงสุดท้ายของการแข่งขัน ซึ่งมีความพยายามที่จะเอาชนะกันอย่างเต็มที่.
โคจร 0,น.,"อารมณ์ เช่น มีพุทธานุสติเป็นโคจร. (ป., ส.)."
โคจร 1,ก.,"เดินไปตามวิถี เช่น ดวงอาทิตย์โคจร ดวงจันทร์โคจรรอบโลก, เที่ยว เช่น โคจรมาพบกัน, คำนี้โดยมากใช้แก่ดาวนพเคราะห์, เมื่อว่าเฉพาะทางที่พระอาทิตย์โคจร มีจุดสุดอยู่ ๖ แห่งที่อยู่ตรงข้ามกันเป็นคู่ ๆ คือ ครีษมายัน กับ เหมายัน คู่หนึ่ง, วสันตวิษุวัต กับ ศารทวิษุวัต คู่หนึ่ง, พสุสงกรานต์ ๒ แห่ง คู่หนึ่ง."
โคจร- 0,น.,"อารมณ์ เช่น มีพุทธานุสติเป็นโคจร. (ป., ส.)."
โคจร- 1,ก.,"เดินไปตามวิถี เช่น ดวงอาทิตย์โคจร ดวงจันทร์โคจรรอบโลก, เที่ยว เช่น โคจรมาพบกัน, คำนี้โดยมากใช้แก่ดาวนพเคราะห์, เมื่อว่าเฉพาะทางที่พระอาทิตย์โคจร มีจุดสุดอยู่ ๖ แห่งที่อยู่ตรงข้ามกันเป็นคู่ ๆ คือ ครีษมายัน กับ เหมายัน คู่หนึ่ง, วสันตวิษุวัต กับ ศารทวิษุวัต คู่หนึ่ง, พสุสงกรานต์ ๒ แห่ง คู่หนึ่ง."
โคจรคาม 0,น.,หมู่บ้านที่ภิกษุไปบิณฑบาตเสมอ.
โคเซแคนต์ 0,น.,โคเซแคนต์ของมุมใดคือ อัตราส่วน
โคไซน์ 0,น.,โคเซแคนต์ของมุมใดคือ อัตราส่วน+C1497 ในเมื่อถือเอารูปสามเหลี่ยมมุมฉาก(ที่มีมุมนั้น) เป็นหลัก.
โคตร 0,น.,"วงศ์สกุล, เผ่าพันธุ์, ต้นสกุล, เช่น โคตมโคตร"
โคตร 1,น.,คำนี้บางทีก็นำไปใช้ในความหมายไม่สุภาพหรือเป็นคำด่า เช่น ก่นโคตร.
โคตร- 0,น.,"วงศ์สกุล, เผ่าพันธุ์, ต้นสกุล, เช่น โคตมโคตร"
โคตร- 1,น.,คำนี้บางทีก็นำไปใช้ในความหมายไม่สุภาพหรือเป็นคำด่า เช่น ก่นโคตร.
โคตรภู 0,น.,"บุคคลผู้ตั้งอยู่ในญาณซึ่งเป็นลำดับอริยมรรค, พระสงฆ์ที่ไม่เคร่งครัดในศาสนา มีขนบธรรมเนียมห่างจากธรรมวินัย แต่ยังถือตนว่าเป็นภิกษุสงฆ์อยู่ เรียกว่า โคตรภูสงฆ์."
โคตรภูญาณ 0,น.,ปัญญาที่อยู่ในลำดับอริยมรรค.
โคเถลิง 0,น.,ชื่อวัวป่าชนิดหนึ่ง.
โคเถลิง 1,น.,ดูใน โค ๑.
โคเถลิง 2,น.,"ชื่อไม้พุ่มชนิด Anaxagorea luzonensisA. Gray ในวงศ์ Annonaceae ใบเดี่ยว ออกสลับกัน ดอกสีขาวกลิ่นหอม, โคเถลิง ก็เรียก."
โคแทนเจนต์ 0,น.,โคแทนเจนต์ของมุมใดคือ อัตราส่วน
โคธา 0,น.,เหี้ย.
โค่น 0,ก.,"ล้มหรือทำให้ล้มลง เช่น ต้นไม้โค่น โค่นต้นไม้, ทลายลง เช่น ยอดปรางค์โค่น, โดยปริยายหมายความว่า ทำให้หมดไปหรือสิ้นไป เช่น โค่นอำนาจ."
โคน 0,น.,ส่วนข้างต้นของสิ่งที่ยาวกลม เช่น โคนไม้ โคนเสา โคนขา.
โคน 1,น.,ชื่อเห็ดหลายชนิดในสกุล Termitomyces วงศ์ Amanitaceae ขึ้นบริเวณจอมปลวก ดอกเห็ดรูปร่ม ยอดแหลม สีขาวนวลจนถึงนํ้าตาลดำ ด้านล่างมีครีบก้านยาวตั้งตรง โคนเรียวเล็กหยั่งลึกลงไปถึงรังปลวก กินได้ เช่น ชนิด T. fuliginosusHeim.
โคน 2,น.,ชื่อตัวหมากรุกที่ใช้เดินทแยงไปข้างหน้าหรือข้างหลัง หรือเดินตรงไปข้างหน้าคราวละ ๑ ตา.
โคนดินสอ 0,น.,"ชื่อไม้พุ่มชนิด Vitex trifolia L. ในวงศ์ Labiatae มักขึ้นในที่โล่งริมนํ้า สูงได้ถึง ๖ เมตร ใบเป็นใบประกอบ มีใบย่อย ๓ ใบ ท้องใบสีนวล เมื่อขยี้มีกลิ่นฉุน ดอกสีครามอ่อน ใช้ทำยาได้, คนทิสอ โคนดินสอ หรือ สีสอ ก็เรียก, พายัพเรียก สีเสื้อน้อย หรือ ผีเสื้อน้อย."
โคนตายปลายเป็น 0,ก.,"ชื่อไม้ล้มลุกชนิด Kalanchoe pinnata (Lam.) Pers. ในวงศ์ Crassulaceae, คว่ำตายหงายเป็น โคนตายปลายเป็น หรือ ส้มเช้า ก็เรียก, ปักษ์ใต้เรียก กะเร."
โคนม 0,น.,แม่วัวที่เลี้ยงไว้สำหรับรีดนม.
โคนสมอ 0,ก.,"ชื่อไม้ต้นชนิด Vitex pinnata L. ในวงศ์ Labiatae ดอกเล็ก สีฟ้าอมขาว ออกเป็นช่อใหญ่ ผลกลมเล็ก สีดำ เนื้อไม้ทนทานใช้ทำเครื่องมือ, กานน กาสามปีก โคนสมอ หรือ สมอกานน ก็เรียก."
โคนสมอ 1,น.,ชื่อพระพิมพ์สกุลช่างหนึ่ง.
โคบอลต์ 0,น.,ธาตุลำดับที่ ๒๗ สัญลักษณ์ Co เป็นโลหะแข็งสีเงิน หลอมละลายที่ ๑๔๙๕ °ซ. ใช้ประโยชน์นำไปผสมกับโลหะอื่นให้เป็นโลหะเจือเพื่อให้มีสมบัติพิเศษบางประการ เช่น ผสมกับเหล็กทำให้มีความแข็งแกร่งยิ่งขึ้น และเมื่อนำไปทำเป็นแม่เหล็กก็จะได้แม่เหล็กที่มีกำลังมากเป็นพิเศษ ในอุตสาหกรรมเครื่องแก้วและเครื่องดินเผาใช้สารประกอบของโคบอลต์เป็นตัวให้สีนํ้าเงิน.
โคบาล 0,น.,คนเลี้ยงวัว.
โคบุตร 0,น.,ชื่อช้างหมู่ ๑ ในอัฏฐคช ตระกูลวิษณุพงศ์ มีสีผิวเหลือง หางเหมือนหางโค งางอน เวลาร้องมีเสียงเหมือนเสียงโคป่า เช่น ลางคือโคบุตรพรายพรรณ ลางสารสำคัญ คือสีหชงฆาควร (สมุทรโฆษ).
โคปผกะ 0,น.,"ตาตุ่ม, ข้อเท้า, ราชาศัพท์ว่า พระโคปผกะ."
โคเพลาะ 0,น.,วัวโทนเที่ยวไปโดดเดี่ยว.
โคไพร 0,น.,"ชื่อวัวป่าขนาดใหญ่ชนิด Bos sauveli Urbain ในวงศ์ Bovidae เมื่อโตเต็มที่ตัวผู้สีดำ มีเขาขนาดใหญ่ ส่วนปลายบิดชี้ขึ้นข้างบน ใช้เขาขุดดินและแทงต้นไม้ทำให้ปลายแตกเป็นเส้น ๆ ร่นลงไปมองเห็นเป็นพู่ ตัวเมียสีน้ำตาลอมเทาหรือน้ำตาลเข้ม เขาเล็กกว่า ปลายไม่แตกเป็นพู่ มีถิ่นอาศัยอยู่บริเวณอีสานใต้ตามชายแดนไทย-กัมพูชา ลาว เวียดนาม เป็นสัตว์ป่าสงวนของไทยที่ใกล้จะสูญพันธุ์, โคไพร ก็เรียก."
โคม 0,น.,"เครื่องตามไฟหรือเครื่องให้แสงสว่างซึ่งมีเครื่องบังลมหรือเครื่องบังคับแสงไฟ ใช้ตั้ง หิ้ว หรือแขวน เช่น โคมไฟฟ้า, ลักษณนามว่า โคม ดวง ใบ หรือ ลูก, เรียกชามอย่างเก่าขนาดใหญ่ รูปคล้ายโคมจีนหรือลูกฟักตัดครึ่ง ว่า ชามโคม, ลักษณนามว่า ใบ หรือ ลูก."
โคมเขียว 0,น.,โสเภณี เช่น ผู้หญิงโคมเขียว บ้านโคมเขียว.
โคมดอกไม้ 0,น.,โคมที่ประดิษฐ์ขึ้นโดยนำดอกไม้มาร้อยกรองให้มีรูปร่างอย่างโคมสำหรับแขวนในเทศกาลหรืองานพระราชพิธีบางอย่าง.
โคมตาวัว 0,น.,"โคมชนิดหนึ่ง มีที่เปิดปิดไฟ มีแว่นฉายแสงไปได้ไกล, กระสือ ก็ว่า."
โคมลอย 0,น.,ชื่อเครื่องตามไฟชนิดหนึ่งที่จุดไฟแล้วปล่อยให้ลอยไปในอากาศ.
โคมลอย 1,ว.,"ไม่มีมูล, เหลวไหล, เช่น ข่าวโคมลอย."
โคมเวียน 0,น.,โคมชนิดที่มีที่ครอบหมุนได้ บนที่ครอบเขียนรูปภาพลำดับเรื่องในพระพุทธศาสนาเช่นมหาเวสสันดรชาดก เมื่อจุดไฟแล้วที่ครอบจะหมุนไปช้า ๆ ทำให้รูปภาพบนที่ครอบหมุนเวียนตามไปด้วย ใช้เป็นเครื่องตั้งดูเล่นตามงานในเทศกาลต่าง ๆ เช่น งานเทศน์มหาชาติ งานออกเมรุ
โคมเวียน 1,น.,ชื่อเพลงไทยประเภทเพลงหน้าพาทย์.
โคมัย 0,น.,ขี้วัว.
โคม่า 0,น.,ภาวะหมดสติขั้นรุนแรง เกิดจากโรค การบาดเจ็บ ยาพิษ.
โคมูตร 0,น.,เครื่องหมายสุดเรื่องในหนังสือรุ่นเก่า มีรูปดังนี้ ๛
โคมูตร 1,น.,"ชื่อหนึ่งของดาวฤกษ์มฆา มี ๕ ดวง, ดาววานร ดาวงอนไถ ดาวงูผู้ ดาวมฆะ หรือ ดาวมาฆะ ก็เรียก."
โครก 0,ว.,เสียงดังเช่นนั้น.
โครกครอก 0,ว.,เสียงดังเช่นนั้น.
โครกคราก 0,ว.,เสียงท้องดังเช่นนั้น.
โครง 0,น.,ร่างของสิ่งต่าง ๆ ที่คุมกันอยู่เป็นรูป เช่น โครงกระดูก โครงว่าว.
โคร่ง 0,น.,"ชื่อเสือชนิด Panthera tigris (Linn.) ในวงศ์ Felidae เป็นเสือที่ใหญ่ที่สุดในประเทศไทย ตัวสีเหลือง มีลายดำตามขวาง ล่าสัตว์ป่าบนพื้นดิน มักอยู่ลำพังตัวเดียว ยกเว้นฤดูผสมพันธุ์ ชอบเล่นนํ้า, ลายพาดกลอน ก็เรียก."
โคร่ง 1,ว.,"ใหญ่โต, เร่อร่า, ไม่กะทัดรัด."
โครงการ 0,น.,แผนหรือเค้าโครงตามที่กะกำหนดไว้.
โครงการตามพระราชดำริ 0,น.,โครงการที่พระบาทสมเด็จพระเจ้าอยู่หัวพระราชทานแนวทางแก่หน่วยงานที่เกี่ยวข้องรับพระราชดำริไปพิจารณาความเหมาะสมและความเป็นไปได้ในการร่วมกันดำเนินงานเพื่อพัฒนาคุณภาพชีวิตและความเป็นอยู่ของประชาชน หรือบรรเทาปัญหาต่าง ๆ ตามสภาพสังคมและภูมิประเทศ เดิมเรียกว่า โครงการตามพระราชดำริ มีสำนักงานคณะกรรมการพิเศษเพื่อประสานงานโครงการอันเนื่องมาจากพระราชดำริ เรียกย่อว่า กปร. มีอำนาจหน้าที่เกี่ยวกับการประสานงานโครงการ.
โครงการตามพระราชประสงค์ 0,น.,โครงการที่พระบาทสมเด็จพระเจ้าอยู่หัวมีพระราชประสงค์ให้เกิดขึ้น โดยทรงศึกษาทดลองปฏิบัติด้วยพระราชทรัพย์ส่วนพระองค์ เมื่อทรงศึกษาหารือผู้เชี่ยวชาญและทดลองจนได้ผลสรุปที่ดี และทรงมั่นพระราชหฤทัยว่าเป็นประโยชน์แก่ประชาชนอย่างแท้จริง จึงทรงพระกรุณาโปรดเกล้าโปรดกระหม่อมให้รัฐบาลหรือผู้สนใจรับไปดำเนินงานต่อ แบ่งเป็นโครงการทดลองในเขตพระราชฐาน และโครงการทดลองนอกเขตพระราชฐาน.
โครงการในพระบรมราชานุเคราะห์ 0,น.,โครงการที่พระบาทสมเด็จพระเจ้าอยู่หัวพระราชทานข้อเสนอและแนวทางให้หน่วยงานเอกชนรับไปดำเนินงานและติดตามผลอย่างต่อเนื่อง เช่น โครงการพัฒนาหมู่บ้านสหกรณ์เนินดินแดง อำเภอทับสะแก จังหวัดประจวบคีรีขันธ์.
โครงการพระดาบส 0,น.,โครงการที่พระบาทสมเด็จพระเจ้าอยู่หัวมีพระราชดำริให้มีสถานที่สอนความรู้วิชาชีพต่าง ๆ เช่น วิชาช่างไฟฟ้า วิชาช่างเครื่องยนต์ วิชาช่างวิทยุโทรทัศน์ ให้แก่บุคคลทั่วไป โดยไม่จำกัด เพศ วัย และวุฒิการศึกษา โดยครูที่มีความรู้และยินดีอาสาสมัครสอนให้เป็นวิทยาทาน เปรียบเสมือนพระดาบสในสมัยโบราณที่มีกุศลศรัทธาที่จะถ่ายทอดศิลปศาสตร์ให้แก่ลูกศิษย์ โดยไม่หวังผลตอบแทนใด ๆ เริ่มดำเนินการโครงการมาตั้งแต่เดือนสิงหาคม พ.ศ. ๒๕๑๙ ต่อมาได้จดทะเบียนเป็นโรงเรียนผู้ใหญ่พระดาบส และจัดตั้งเป็นมูลนิธิพระดาบสเพื่อส่งเสริมการดำเนินงานของโครงการพระดาบส และกิจการของโรงเรียนผู้ใหญ่พระดาบส.
โครงการพัฒนาส่วนพระองค์ 0,น.,โครงการที่พระบาทสมเด็จพระเจ้าอยู่หัวได้พระราชทานที่ดินและพระราชทรัพย์สำหรับจัดทำแปลงเกษตรผสมผสาน สนับสนุนปรัชญาเศรษฐกิจพอเพียง ตามแนวทางเกษตรทฤษฎีใหม่ เพื่อทดลองค้นคว้าหารูปแบบการประกอบอาชีพของชุมชนให้สอดคล้องกับสภาพแวดล้อม และเป็นสถานที่ฝึกอบรมการเกษตรภาคปฏิบัติให้นักศึกษาและประชาชนที่สนใจนำไปประยุกต์ใช้ เช่น โครงการพัฒนาส่วนพระองค์เขาหินซ้อน อำเภอพนมสารคาม จังหวัดฉะเชิงเทรา โครงการพัฒนาส่วนพระองค์ชุมพร อำเภอปะทิว จังหวัดชุมพร.
โครงการส่วนพระองค์ สวนจิตรลดา 0,น.,โครงการที่พระบาทสมเด็จพระเจ้าอยู่หัวทรงศึกษาทดลองงานทางด้านการเกษตร ภายในบริเวณสวนจิตรลดา พระราชวังดุสิต ข้อมูลที่ได้จากการทดลองนำมาเป็นแบบอย่างสำหรับปฏิบัติตามหรือปรับปรุงแก้ไขในการประกอบอาชีพของราษฎร แบ่งเป็น ๒ ประเภท คือ โครงการไม่ใช่ธุรกิจ เช่น บ่อเพาะเลี้ยงปลานิล ป่าไม้สาธิต นาข้าวทดลอง และโครงการกึ่งธุรกิจ เช่น โรงงานผลิตและแปรรูปนมสดครบวงจร โรงสีข้าว.
โครงการหลวง 0,น.,โครงการที่พระบาทสมเด็จพระเจ้าอยู่หัวได้พระราชทานอาชีพทางเลือกใหม่แก่ชาวไทยภูเขาในภาคเหนือ ซึ่งเดิมปลูกฝิ่นและทำไร่เลื่อนลอย ให้หันมาปลูกไม้ดอก ไม้ผล พืชผักเมืองหนาว และเลี้ยงปศุสัตว์เพื่อบริโภคและจำหน่าย สร้างรายได้ทดแทนการปลูกฝิ่น ทำให้ลดปัญหายาเสพติด ช่วยพิทักษ์รักษาป่าต้นน้ำ และสามารถพึ่งตนเองได้อย่างยั่งยืน.
โครงการอันเนื่องมาจากพระราชดำริ 0,น.,โครงการที่พระบาทสมเด็จพระเจ้าอยู่หัวพระราชทานแนวทางแก่หน่วยงานที่เกี่ยวข้องรับพระราชดำริไปพิจารณาความเหมาะสมและความเป็นไปได้ในการร่วมกันดำเนินงานเพื่อพัฒนาคุณภาพชีวิตและความเป็นอยู่ของประชาชน หรือบรรเทาปัญหาต่าง ๆ ตามสภาพสังคมและภูมิประเทศ เดิมเรียกว่า โครงการตามพระราชดำริ มีสำนักงานคณะกรรมการพิเศษเพื่อประสานงานโครงการอันเนื่องมาจากพระราชดำริ เรียกย่อว่า กปร. มีอำนาจหน้าที่เกี่ยวกับการประสานงานโครงการ.
โคร่งคร่าง 0,ว.,"ใหญ่โต, เร่อร่า, ไม่กะทัดรัด."
โคร่งเคร่ง 0,ว.,"ใหญ่โต, เร่อร่า, ไม่กะทัดรัด."
โครงแคร 0,ว.,"ครื้นเครง, อึกทึก, กึกก้อง, เช่น เสียงฉะฉาวโครงแคร (สมุทรโฆษ)."
โครงจมูก 0,น.,กระดูกจมูก.
โครงเรื่อง 0,น.,เค้าเรื่องที่กำหนดขึ้น.
โครงสร้าง 0,น.,ส่วนประกอบสำคัญ ๆ ซึ่งนำมาคุมเข้าด้วยกันให้เป็นรูปร่างเดียวกัน.
โครม 0,ว.,เสียงดังเช่นนั้นอย่างเสียงคนหรือของหนัก ๆ ล้มหรือตกเป็นต้น.
โครมคราม 0,ว.,เสียงดังเช่นนั้น.
โครเมียม 0,น.,ธาตุลำดับที่ ๒๔ สัญลักษณ์ Cr เป็นโลหะแข็งสีเงิน หลอมละลายที่ ๑๘๗๕ °ซ. ใช้ประโยชน์ในอุตสาหกรรมผลิตเหล็กกล้าไม่เป็นสนิม อุตสาหกรรมผลิตเหล็กกล้าที่มีความแข็งแรงเป็นพิเศษเพื่อใช้ทำเครื่องมือช่าง และในอุตสาหกรรมชุบโลหะด้วยโครเมียม.
โครโมโซม 0,น.,ส่วนหนึ่งของนิวเคลียสของเซลล์ มีลักษณะเป็นท่อนหรือเป็นเส้น ประกอบขึ้นด้วยสารดีเอ็นเอ (DNA = deoxyribonucleic acid) เชื่อมกับโปรตีน ทำหน้าที่สำคัญในการถ่ายทอดลักษณะทางพันธุกรรม ทั้งควบคุมการทำงานของเซลล์และการแบ่งเซลล์.
โครส 0,น.,สิ่งที่ได้จากนมโค (มี ๕ อย่าง คือ นมสด นมส้ม เนยใส เนยข้น เปรียง เรียก ปัญจโครส หรือ เบญจโครส).
โคราช 0,น.,ชื่อเพลงพื้นเมืองอย่างหนึ่งของชาวโคราชที่ว่าแก้กันเป็นทำนองตีฝีปากโต้คารมกันบ้าง เกี้ยวพาราสีกันบ้าง คล้ายเพลงฉ่อย วรรคหนึ่งใช้คำตั้งแต่ ๔ ถึง ๗ คำ ๓ คำกลอนเป็นบทหนึ่ง ความไพเราะอยู่ที่สัมผัสในการเล่นคำเล่นความให้สละสลวย บาทสุดท้ายจะเอื้อนเสียงในเวลาร้อง.
โครำ 0,น.,"ชื่อสัตว์เลี้ยงลูกด้วยนมชนิด Capricornis sumatraensis (Bechstein) ในวงศ์ Bovidae เป็นสัตว์เคี้ยวเอื้อง รูปร่างคล้ายแพะ ขนสีดำ บางตัวมีสีขาวแซม มีต่อมนํ้ามันตรงส่วนหน้าของตาทั้ง ๒ ข้าง มีเขาทั้งตัวผู้และตัวเมีย ขายาวและแข็งแรง อาศัยอยู่ตามภูเขาหรือหน้าผาสูง ๆ เป็นสัตว์ป่าสงวนของไทย, กูรำ โครำ เยือง หรือ เยียงผา ก็เรียก."
โคโรค 0,น.,ปรวดเป็นก้อนอยู่ในหนังโค ใช้เป็นเครื่องยา.
โคล 0,น.,ชนกลุ่มหนึ่งในประเทศอินเดียฝ่ายใต้ เช่น ผู้สืบสัมพันธ์โคตรเค้าโคลตระกูล ทิชาเชื้อชาติธชีชูชก (ม. ร่ายยาว ชูชก).
โคล 1,น.,ลูกกลม เช่น โคลคลี.
โคลง 0,น.,คำประพันธ์ประเภทหนึ่ง มีจำนวนคำในวรรคสัมผัสและบังคับเอกโทตามตำราฉันทลักษณ์.
โคลง 1,ก.,เอียงไปเอียงมาหรือทำให้เอียงไปเอียงมา เช่น เรือโคลง ว่าวโคลง โคลงเรือ โคลงหัว.
โคลงเคลง 0,ก.,โคลงไปโคลงมา.
โคลงเคลง 1,ว.,อาการที่รู้สึกวิงเวียนคล้ายอยู่ในเรือโคลง.
โคลงเคลง 2,ว.,ดูใน โคลง ๒.
โคลงเคลง 3,น.,ชื่อไม้พุ่มหลายชนิดในสกุล Melastoma วงศ์ Melastomataceae ดอกสีชมพูหรือม่วงแดง เช่น ชนิด M. malathricum L.
โคลงโบราณ 0,น.,ชื่อโคลงชนิดหนึ่งคล้ายโคลง ๔ มีบังคับสัมผัส แต่ไม่มีบังคับเอกโท เช่น โคลงมหาวิชชุมาลี โคลงมหาสินธุมาลี ซึ่งมีปรากฏอยู่ในตำรากาพย์สารวิลาสินี.
โคลน 0,น.,ดินเหลว.
โควตา 0,น.,การจำกัดจำนวนโดยวางกฎเกณฑ์ไว้.
โควิถี 0,น.,ชื่อทางสำหรับโคจรของพระอาทิตย์.
โคศัพท์ 0,น.,วิธีฝึกหัดหารเลขโบราณ.
โคออร์ดิเนต 0,น.,การกำหนดตำแหน่งของจุดบนระนาบหรือในปริภูมิโดยอาศัยแกนอ้างอิงเป็นหลัก.
ใคร่ 0,ก.,"อยาก, ต้องการ, ปรารถนา, ใฝ่"
ใคร่ 1,ก.,ใช้เป็นคำช่วยกริยาแสดงการขอร้องอย่างสุภาพ เช่น ใคร่ขออนุญาตดำเนินการ.
ใคร 0,ส.,"คนไหน, ผู้ใด, ใช้เป็นคำถาม เช่น ใครมา เขาไปกับใคร."
ใคร 1,ส.,"ผู้ใดผู้หนึ่ง, คนใดคนหนึ่ง, (ซึ่งมิได้กำหนดแน่นอนลงไป) เช่น ฉันไม่อยากพึ่งใคร ใคร ๆ ก็ช่วยอะไรเขาไม่ได้."
ใคร ๆ 0,ส.,"ผู้ใดผู้หนึ่ง, คนใดคนหนึ่ง, (ซึ่งมิได้กำหนดแน่นอนลงไป) เช่น ฉันไม่อยากพึ่งใคร ใคร ๆ ก็ช่วยอะไรเขาไม่ได้."
ใคร่ครวญ 0,ก.,"ตรึกตรอง, พิจารณา, คิดทบทวน."
ไค 0,น.,เหงื่อไคล.
ไค้ 0,ก.,"ไง้, งัดขึ้น."
ไคร้ 0,น.,ชื่อไม้ต้นขนาดเล็กหลายชนิดในสกุล Glochidion วงศ์ Euphorbiaceae เช่น ชนิด G. daltonii (Müll. Arg.) Kurz ผลอ่อนกินได้ รากใช้ทำยา.
ไคร้เครือ 0,น.,ชื่อไม้เถาใช้ทำยา.
ไคล้ 0,น.,เล่ห์กลหรือเงื่อนงำ เช่น ใส่ไคล้.
ไคล 0,น.,"เหงื่อที่ปนกับฝุ่นละอองติดกรังอยู่กับหนังกำพร้า, (ปาก) ขี้ไคล, ราชาศัพท์ว่า พระเมโท"
ไคล 1,น.,ตะไคร่น้ำ เช่น ปูกินไคล.
ไคล 2,ก.,ไป.
ไคล 3,ก.,ทำให้คลาย ให้อ่อน หรือให้หย่อน โดยใช้นิ้วมือหรือฝ่ามือเป็นต้นคลึงไปมา.
ไคลคลา 0,ก.,"เดินไป, เคลื่อนไป, คลาไคล ก็ว่า."
