คำ,POS,ความหมาย
อ 0,?,"พยัญชนะตัวที่ ๔๓ เรียกว่า ออ อ่าง เป็นอักษรกลาง ใช้เป็นพยัญชนะต้น, ใช้นำตัว ย ให้ผันอย่างอักษรกลาง มี ๔ คำ คือ อย่า อยู่ อย่าง อยาก, ใช้เป็นรูปสระ ออ เช่น รอ ปอ และประสมเป็นสระ อือ เอือ เออ เช่น มือ เถือ เธอ."
อ 1,?,เป็นอักษรใช้นำหน้าคำที่มาจากภาษาบาลีและสันสกฤต บอกความปฏิเสธหรือตรงกันข้าม แปลว่า ไม่ หรือ ไม่ใช่ เช่น อศุภ (ไม่งาม) อธรรม (ไม่ใช่ธรรม)
อ 2,?,ใช้เป็น อน เมื่ออยู่หน้าคำที่ขึ้นต้นด้วยสระ เช่น อเนก (อน + เอก) อนาจาร (อน + อาจาร).
อก 0,น.,ส่วนของร่างกายด้านหน้าอยู่ระหว่างคอกับท้อง
อก 1,น.,ใจ เช่น อกกรม อกเขาอกเรา
อก 2,น.,เรียกไม้ที่เป็นแกนกลางของตัวว่าว ว่า อกว่าว
อก 3,น.,"เรียกเลื่อยที่มีไม้ยันกลาง ว่า เลื่อยอก, เรียกไม้อันกลางที่ยันเลื่อยให้ตึง ว่า อกเลื่อย."
อก 4,น.,"พวก, หมู่."
อก 5,ว.,"หก, (โบ) เรียกลูกหญิงคนที่ ๖ ว่า ลูกอก, คู่กับ ลูกชายคนที่ ๖ ว่า ลูกลก."
อกกรม 0,ว.,"มีความระทมใจ มักใช้เข้าคู่กับคำ หน้าชื่น เป็น หน้าชื่นอกกรม, หน้าชื่นอกตรม ก็ว่า."
อกไก่ 0,น.,เรียกอกคนที่มีลักษณะนูนยื่นออกมาอย่างอกของไก่
อกไก่ 1,น.,ชื่อลวดบัวแบบหนึ่ง มีลักษณะนูนเป็นสันขึ้นอย่างอกของไก่ เรียกว่า บัวอกไก่.
อกไก่ 2,น.,ไม้เครื่องบนที่พาดเบื้องบนเป็นสันหลังคาเหนือใบดั้ง.
อกคราก 0,ว.,"คำที่กล่าวเปล่งออกมาหมายความว่า หนักเหลือเกิน, เดือดร้อนเหลือเกิน."
อกจะแตก 0,อ.,"คำพูดที่เปล่งออกมาเมื่อตกใจเป็นต้น (ใช้แก่ผู้หญิง) เช่น อุ๊ย ! อกจะแตก, อกแตก ก็ว่า."
อกตเวทิตา 0,น.,"ความเป็นผู้ไม่ประกาศอุปการคุณที่ท่านทำแก่ตน, ความเป็นผู้ไม่ตอบแทนอุปการคุณที่ท่านได้ทำแก่ตน, เป็นคำคู่กันกับ อกตัญญุตา. [ป. อ ว่า ไม่ + กต ว่า (อุปการะ) ที่ท่านทำแล้ว + เวที ว่า ผู้ให้รู้, ผู้ประกาศ + ตา ว่า ความเป็น]."
อกตเวที 0,น.,"ผู้ไม่ประกาศอุปการคุณที่ท่านทำแก่ตน, ผู้ไม่ตอบแทนอุปการคุณที่ท่านได้ทำแก่ตน, เป็นคำคู่กันกับ อกตัญญู. [ป. อ ว่า ไม่ + กต ว่า (อุปการะ) ที่ท่านทำแล้ว + เวที ว่า ผู้ให้รู้, ผู้ประกาศ]."
อกตั้ง 0,ว.,"เต็มที่, เต็มแรง, เช่น วิ่งอกตั้ง เดินอกตั้ง"
อกตั้ง 1,ว.,เรียกอาการที่นั่งหรือยืนตัวตรง ว่า นั่งอกตั้ง ยืนอกตั้ง.
อกตัญญุตา 0,น.,ความเป็นผู้ไม่รู้อุปการคุณที่ท่านทำแก่ตน.
อกตัญญู 0,น.,ผู้ไม่รู้อุปการคุณที่ท่านทำแก่ตน.
อกเต่า 0,ว.,เรียกสิ่งที่มีลักษณะแบนแฟบอย่างอกของเต่า.
อกแตก 0,ว.,ลักษณะของเมืองหรือวัดเป็นต้นซึ่งมีลำนํ้าหรือทางผ่ากลาง เรียกว่า เมืองอกแตก วัดอกแตก
อกแตก 1,ว.,อาการของคนที่เก็บความรู้สึกอัดอั้นตันใจไว้จนทนไม่ไหว.
อกแตก 2,อ.,"คำพูดที่เปล่งออกมาเมื่อตกใจเป็นต้น (ใช้แก่ผู้หญิง) เช่น อุ๊ย ! อกแตก, อกจะแตก ก็ว่า."
อกทะเล 0,น.,ชื่อเพลงไทย อัตรา ๒ ชั้น และอัตรา ๓ ชั้น หน้าทับสองไม้
อกทะเล 1,น.,ชื่อเพลงไทยประเภทเพลงเถา.
อกนิษฐ์ 0,น.,รูปพรหมชั้นสูงสุดในพรหม ๑๖ ชั้น. (ส. อกนิษฺ; ป. อกนิฏฺ).
อกนิษฐ์ 1,ว.,"ใหญ่ที่สุด, สูงสุด, มากที่สุด."
อกผายไหล่ผึ่ง 0,ว.,"สง่า, องอาจ, ผึ่งผาย."
อกเมือง 0,น.,ส่วนสำคัญของเมือง.
อกรณีย์ 0,น.,กิจที่ไม่ควรทำ.
อกรรมกริยา 0,น.,กริยาที่ไม่ต้องมีกรรมรับ เช่น ยืน เดิน นั่ง นอน.
อกรวบ 0,น.,อกไม่ผาย.
อกรวบ 1,ว.,อาการของคนที่วิ่งจนเหนื่อยหอบแทบจะหมดเรี่ยวแรง เรียกว่า วิ่งจนอกรวบ.
อกร่อง 0,น.,ชื่อมะม่วงพันธุ์หนึ่งของชนิด Mangifera indica L. ผลเป็นร่องด้านข้าง.
อกรา 0,น.,"ชื่อปลาทะเลหลายชนิดในสกุล Sardinella และ Herklotsichthys วงศ์ Clupeidae ลำตัวยาว แบนข้างมาก สันท้องบางคล้ายคมมีด เกล็ดบางหลุดง่าย เกล็ดในแนวสันท้องเป็นเหลี่ยมคมเรียงต่อกันคล้ายฟันเลื่อย ปากเล็กเชิดขึ้นเล็กน้อย ฟันเล็กมาก ซี่เหงือกมีจำนวนมาก ไม่มีก้านครีบแข็งหรือเงี่ยง ลำตัวสีเงิน เฉพาะด้านหลังสีนํ้าเงินเข้ม บนลำตัวที่ใกล้มุมแผ่นปิดเหงือกมักมีแต้มสีดำคลํ้า ๑ จุด ครีบหลังและครีบหางสีดำคลํ้าอมเหลือง ขนาดยาวได้ถึง ๑๘ เซนติเมตร, อกรา หรือ อกแล ก็เรียก, ส่วน กุแลกลม หรือ กุแลกล้วย หมายถึงชนิดในสกุล Dussumieria ซึ่งอยู่ในวงศ์เดียวกัน ลักษณะทั่วไปคล้ายกัน เว้นแต่มีลำตัวแบนข้างเล็กน้อย หัวแหลม ท้องกลม ไม่มีเกล็ดที่เรียงกันเป็นฟันเลื่อย ซี่เหงือกมีจำนวนน้อยและสั้น ขนาดยาวได้ถึง ๒๒ เซนติเมตร, อกรากล้วย หรือ อกแลกล้วย ก็เรียก, ทั้งหมดเป็นปลาผิวนํ้า อยู่กันเป็นฝูง ปลาขนาดเล็กอาจเข้ามาอยู่ใกล้ฝั่งหรือในนํ้ากร่อย, หลังเขียว ก็เรียก."
อกรากล้วย 0,น.,"ชื่อปลาทะเลหลายชนิดในสกุล Sardinella และ Herklotsichthys วงศ์ Clupeidae ลำตัวยาว แบนข้างมาก สันท้องบางคล้ายคมมีด เกล็ดบางหลุดง่าย เกล็ดในแนวสันท้องเป็นเหลี่ยมคมเรียงต่อกันคล้ายฟันเลื่อย ปากเล็กเชิดขึ้นเล็กน้อย ฟันเล็กมาก ซี่เหงือกมีจำนวนมาก ไม่มีก้านครีบแข็งหรือเงี่ยง ลำตัวสีเงิน เฉพาะด้านหลังสีนํ้าเงินเข้ม บนลำตัวที่ใกล้มุมแผ่นปิดเหงือกมักมีแต้มสีดำคลํ้า ๑ จุด ครีบหลังและครีบหางสีดำคลํ้าอมเหลือง ขนาดยาวได้ถึง ๑๘ เซนติเมตร, อกรา หรือ อกแล ก็เรียก, ส่วน กุแลกลม หรือ กุแลกล้วย หมายถึงชนิดในสกุล Dussumieria ซึ่งอยู่ในวงศ์เดียวกัน ลักษณะทั่วไปคล้ายกัน เว้นแต่มีลำตัวแบนข้างเล็กน้อย หัวแหลม ท้องกลม ไม่มีเกล็ดที่เรียงกันเป็นฟันเลื่อย ซี่เหงือกมีจำนวนน้อยและสั้น ขนาดยาวได้ถึง ๒๒ เซนติเมตร, อกรากล้วย หรือ อกแลกล้วย ก็เรียก, ทั้งหมดเป็นปลาผิวนํ้า อยู่กันเป็นฝูง ปลาขนาดเล็กอาจเข้ามาอยู่ใกล้ฝั่งหรือในนํ้ากร่อย, หลังเขียว ก็เรียก."
อกโรย 0,ว.,อาการของคนที่มีลักษณะผอมจนเห็นกระดูกอก.
อกเลา 0,น.,ไม้ที่เป็นสันทาบอยู่ที่บานประตูหรือหน้าต่างแบบโบราณ เพื่อบังช่องที่บานประตูหรือหน้าต่างทั้ง ๒ บานประกับกัน.
อกแล 0,น.,"ชื่อปลาทะเลหลายชนิดในสกุล Sardinella และ Herklotsichthys วงศ์ Clupeidae ลำตัวยาว แบนข้างมาก สันท้องบางคล้ายคมมีด เกล็ดบางหลุดง่าย เกล็ดในแนวสันท้องเป็นเหลี่ยมคมเรียงต่อกันคล้ายฟันเลื่อย ปากเล็กเชิดขึ้นเล็กน้อย ฟันเล็กมาก ซี่เหงือกมีจำนวนมาก ไม่มีก้านครีบแข็งหรือเงี่ยง ลำตัวสีเงิน เฉพาะด้านหลังสีนํ้าเงินเข้ม บนลำตัวที่ใกล้มุมแผ่นปิดเหงือกมักมีแต้มสีดำคลํ้า ๑ จุด ครีบหลังและครีบหางสีดำคลํ้าอมเหลือง ขนาดยาวได้ถึง ๑๘ เซนติเมตร, อกรา หรือ อกแล ก็เรียก, ส่วน กุแลกลม หรือ กุแลกล้วย หมายถึงชนิดในสกุล Dussumieria ซึ่งอยู่ในวงศ์เดียวกัน ลักษณะทั่วไปคล้ายกัน เว้นแต่มีลำตัวแบนข้างเล็กน้อย หัวแหลม ท้องกลม ไม่มีเกล็ดที่เรียงกันเป็นฟันเลื่อย ซี่เหงือกมีจำนวนน้อยและสั้น ขนาดยาวได้ถึง ๒๒ เซนติเมตร, อกรากล้วย หรือ อกแลกล้วย ก็เรียก, ทั้งหมดเป็นปลาผิวนํ้า อยู่กันเป็นฝูง ปลาขนาดเล็กอาจเข้ามาอยู่ใกล้ฝั่งหรือในนํ้ากร่อย, หลังเขียว ก็เรียก."
อกแลกล้วย 0,น.,"ชื่อปลาทะเลหลายชนิดในสกุล Sardinella และ Herklotsichthys วงศ์ Clupeidae ลำตัวยาว แบนข้างมาก สันท้องบางคล้ายคมมีด เกล็ดบางหลุดง่าย เกล็ดในแนวสันท้องเป็นเหลี่ยมคมเรียงต่อกันคล้ายฟันเลื่อย ปากเล็กเชิดขึ้นเล็กน้อย ฟันเล็กมาก ซี่เหงือกมีจำนวนมาก ไม่มีก้านครีบแข็งหรือเงี่ยง ลำตัวสีเงิน เฉพาะด้านหลังสีนํ้าเงินเข้ม บนลำตัวที่ใกล้มุมแผ่นปิดเหงือกมักมีแต้มสีดำคลํ้า ๑ จุด ครีบหลังและครีบหางสีดำคลํ้าอมเหลือง ขนาดยาวได้ถึง ๑๘ เซนติเมตร, อกรา หรือ อกแล ก็เรียก, ส่วน กุแลกลม หรือ กุแลกล้วย หมายถึงชนิดในสกุล Dussumieria ซึ่งอยู่ในวงศ์เดียวกัน ลักษณะทั่วไปคล้ายกัน เว้นแต่มีลำตัวแบนข้างเล็กน้อย หัวแหลม ท้องกลม ไม่มีเกล็ดที่เรียงกันเป็นฟันเลื่อย ซี่เหงือกมีจำนวนน้อยและสั้น ขนาดยาวได้ถึง ๒๒ เซนติเมตร, อกรากล้วย หรือ อกแลกล้วย ก็เรียก, ทั้งหมดเป็นปลาผิวนํ้า อยู่กันเป็นฝูง ปลาขนาดเล็กอาจเข้ามาอยู่ใกล้ฝั่งหรือในนํ้ากร่อย, หลังเขียว ก็เรียก."
อกสั่นขวัญแขวน 0,ก.,"ตกใจสุดขีด, ตกใจกลัวอย่างยิ่ง."
อกสั่นขวัญหนี 0,ก.,"ตกใจสุดขีด, ตกใจกลัวอย่างยิ่ง."
อกสั่นขวัญหาย 0,ก.,"ตกใจสุดขีด, ตกใจกลัวอย่างยิ่ง."
อกสามศอก 0,ว.,"มีร่างกายกำยำล่ำสัน, แข็งแรง, (ใช้แก่ผู้ชาย)."
อกหัก 0,ว.,พลาดหวัง (มักใช้ในด้านความรัก).
อกไหม้ไส้ขม 0,ก.,เป็นทุกข์อย่างแสนสาหัส.
อกอีปุกแตก 0,อ.,คำพูดที่เปล่งออกมาเมื่อตกใจเป็นต้น (ใช้แก่ผู้หญิง).
อกอีแป้นแตก 0,อ.,คำพูดที่เปล่งออกมาเมื่อตกใจเป็นต้น (ใช้แก่ผู้หญิง).
อกัปปิย- 0,ว.,"ไม่ควร, ไม่เหมาะ."
อกัปปิยวัตถุ 0,น.,สิ่งที่ต้องห้ามไม่ให้บริโภคใช้สอย (ใช้แก่ภิกษุ).
อกัปปิยโวหาร 0,น.,ถ้อยคำที่ไม่ควรใช้พูด.
อกัปปิยะ 0,ว.,"ไม่ควร, ไม่เหมาะ."
อกุศล 0,ว.,"ชั่ว, ไม่ดี, ไม่เป็นมงคล. (ส.; ป. อกุสล)."
อกุศล 1,น.,"สิ่งที่ไม่ดี, บาป."
อกุศล- 0,ว.,"ชั่ว, ไม่ดี, ไม่เป็นมงคล. (ส.; ป. อกุสล)."
อกุศล- 1,น.,"สิ่งที่ไม่ดี, บาป."
อกุศล-กรรม 0,น.,"ความชั่วร้าย, โทษ, บาป."
อกุศลกรรมบถ 0,น.,"ทางแห่งความชั่ว, ทางบาป, มี ๑๐ อย่าง คือ กายทุจริต ๓ วจีทุจริต ๔ และมโนทุจริต ๓."
อกุศล-เจตนา 0,น.,"ความตั้งใจเป็นบาป, ความคิดชั่ว."
อกุศลมูล 0,น.,รากเหง้าแห่งความชั่ว มี ๓ อย่าง คือ โลภะ โทสะ โมหะ.
อคติ 0,น.,ความลำเอียง มี ๔ อย่าง คือ ฉันทาคติ = ความลำเอียงเพราะรัก โทสาคติ = ความลำเอียงเพราะโกรธ ภยาคติ = ความลำเอียงเพราะกลัว โมหาคติ = ความลำเอียงเพราะเขลา.
อคเนสัน 0,น.,ชื่อฝีร้ายชนิดหนึ่ง เกิดขึ้นที่กลางหลัง.
อคาธ 0,น.,เหว.
อคาธ 1,ว.,หยั่งไม่ถึง.
อคาร- 0,น.,อาคาร.
อฆะ 0,น.,"ความชั่ว, บาป, ความทุกข์ร้อน."
อฆะ 1,น.,"อากาศ, ฟ้า."
อโฆษะ 0,ว.,"ไม่ก้อง, เสียงสระหรือพยัญชนะซึ่งขณะที่เปล่งออกมาเส้นเสียงไม่สั่น ในภาษาไทยได้แก่เสียง อ เมื่อเป็นพยัญชนะต้น เสียง บ ด เมื่อเป็นพยัญชนะสะกด และเสียง ก ค จ ช ซ ต ท ป พ ฟ ฮ เสียงสระในภาษาไทยไม่เป็นอโฆษะ, (ไว) เรียกพยัญชนะในภาษาบาลีและสันสกฤตที่มีเสียงไม่ก้อง ว่า พยัญชนะอโฆษะ ได้แก่ พยัญชนะตัวที่ ๑, ๒ ของวรรค และ ศ ษ ส."
อง 0,น.,"คำนำหน้านามของบุคคลซึ่งเป็นเชื้อพระวงศ์ของกษัตริย์ญวน เช่น องเชียงสือ องเชียงชุน, คำนำหน้าสมณศักดิ์พระสงฆ์อนัมนิกายชั้นปลัดขวาปลัดซ้ายและพระคณานุกรม เช่น องสรภาณมธุรส องสุตบทบวร."
องก์ 0,น.,ตอนหนึ่ง ๆ ในบทละคร แต่ละตอนอาจมีเพียงฉากเดียวหรือหลายฉากก็ได้.
องค์ 0,น.,"ส่วนของร่างกาย, อวัยวะ, (ราชา) ตัว (ใช้แก่หม่อมเจ้า) เช่น รู้สึกองค์ แต่งองค์"
องค์ 1,น.,ส่วนย่อยที่เป็นองค์ประกอบ เช่น มรรคมีองค์ ๘
องค์ 2,น.,ในราชาศัพท์ใช้เป็นลักษณนามเรียกอวัยวะ สิ่งของ หรือคำพูด เป็นต้น ของกษัตริย์หรือเจ้านาย เช่น พระทนต์ ๑ องค์ (ฟัน ๑ ซี่) พระสุพรรณภาชน์ ๑ องค์ พระศรี ๑ องค์ (หมาก ๑ คำ) พระที่นั่ง ๑ องค์ พระบรมราโชวาท ๒ องค์
องค์ 3,น.,"ลักษณนามใช้เรียกสิ่งที่เคารพบูชาบางอย่างในทางศาสนา เช่น พระพุทธรูป ๑ องค์ พระเจดีย์ ๒ องค์, (ปาก) ลักษณนามใช้เรียกภิกษุสามเณร เช่น ภิกษุ ๑ องค์."
องค- 0,น.,"ส่วนของร่างกาย, อวัยวะ, (ราชา) ตัว (ใช้แก่หม่อมเจ้า) เช่น รู้สึกองค์ แต่งองค์"
องค- 1,น.,ส่วนย่อยที่เป็นองค์ประกอบ เช่น มรรคมีองค์ ๘
องค- 2,น.,ในราชาศัพท์ใช้เป็นลักษณนามเรียกอวัยวะ สิ่งของ หรือคำพูด เป็นต้น ของกษัตริย์หรือเจ้านาย เช่น พระทนต์ ๑ องค์ (ฟัน ๑ ซี่) พระสุพรรณภาชน์ ๑ องค์ พระศรี ๑ องค์ (หมาก ๑ คำ) พระที่นั่ง ๑ องค์ พระบรมราโชวาท ๒ องค์
องค- 3,น.,"ลักษณนามใช้เรียกสิ่งที่เคารพบูชาบางอย่างในทางศาสนา เช่น พระพุทธรูป ๑ องค์ พระเจดีย์ ๒ องค์, (ปาก) ลักษณนามใช้เรียกภิกษุสามเณร เช่น ภิกษุ ๑ องค์."
องค์กฐิน 0,น.,"ผ้ากฐิน, ผ้าผืนที่ถวายสงฆ์เพื่อกรานกฐิน."
องค์กร 0,น.,"บุคคล คณะบุคคล หรือสถาบันซึ่งเป็นส่วนประกอบของหน่วยงานใหญ่ที่ทำหน้าที่สัมพันธ์กันหรือขึ้นต่อกัน เช่น คณะรัฐมนตรีเป็นองค์กรบริหารของรัฐ สภาผู้แทนราษฎรเป็นองค์กรของรัฐสภา, ในบางกรณี องค์กร หมายความรวมถึงองค์การด้วย."
องค์กรปกครองส่วนท้องถิ่น 0,น.,องค์กรของราชการบริหารส่วนท้องถิ่นที่จัดตั้งขึ้นในรูปแบบต่าง ๆ. (ดู ราชการบริหารส่วนท้องถิ่น ประกอบ)
องค์การ 0,น.,ศูนย์รวมกลุ่มบุคคลหรือกิจการที่ประกอบกันขึ้นเป็นหน่วยงานเดียวกัน เพื่อดำเนินกิจการตามวัตถุประสงค์ที่กำหนดไว้ในกฎหมายหรือในตราสารจัดตั้งซึ่งอาจเป็นหน่วยงานของรัฐ เช่น องค์การของรัฐบาล หน่วยงานเอกชน เช่น บริษัทจำกัด สมาคม หรือหน่วยงานระหว่างประเทศ เช่น องค์การสหประชาชาติ.
องค์การบริหารส่วนจังหวัด 0,น.,องค์กรปกครองส่วนท้องถิ่นรูปแบบหนึ่งที่มีพื้นที่ครอบคลุมทั้งจังหวัด โดยทับซ้อนกับพื้นที่ขององค์กรปกครองส่วนท้องถิ่นรูปแบบอื่น มีอำนาจหน้าที่ในการประสานและร่วมมือในการปฏิบัติหน้าที่ขององค์กรปกครองส่วนท้องถิ่นอื่น รวมตลอดทั้งส่งเสริมและสนับสนุนการให้บริการสาธารณะขององค์กรปกครองส่วนท้องถิ่นอื่นที่อยู่ในเขตพื้นที่ของตน. (ดู ราชการบริหารส่วนท้องถิ่น ประกอบ)
องค์การบริหารส่วนตำบล 0,น.,องค์กรปกครองส่วนท้องถิ่นรูปแบบหนึ่งที่มีพื้นที่ครอบคลุมตำบล มีอำนาจหน้าที่ในการให้บริการสาธารณะพื้นฐาน. (ดู ราชการบริหารส่วนท้องถิ่น ประกอบ)
องค์การมหาชน 0,น.,องค์การที่จัดตั้งขึ้นเพื่อจัดทำบริการสาธารณะตามแผนงานหรือนโยบายด้านใดด้านหนึ่งโดยเฉพาะของรัฐบาล.
องค์การสหประชาชาติ 0,น.,"องค์การระหว่างประเทศที่จัดตั้งขึ้นโดยมีวัตถุประสงค์สำคัญ คือ การป้องกันสงคราม การยืนยันรับรองสิทธิมนุษยชนขั้นพื้นฐาน การเคารพและปฏิบัติตามพันธกรณีที่เกิดจากสนธิสัญญาและกฎหมายระหว่างประเทศ, เรียกชื่อเต็มว่า องค์การสหประชาชาติ (United Nations Organization)."
องค์ความรู้ 0,น.,ความรู้ซึ่งได้มาจากการวิเคราะห์และสังเคราะห์ แล้วนำมาบูรณาการเข้าเป็นความรู้ในระดับที่สูงขึ้น.
องคชาต 0,น.,อวัยวะสืบพันธุ์ของชาย.
องค์ประกอบ 0,น.,"สิ่งต่าง ๆ ที่ใช้ประกอบเป็นสิ่งใหญ่, ส่วนของสิ่งต่าง ๆ ที่เป็นเครื่องประกอบทำให้เกิดเป็นรูปขึ้นใหม่โดยเฉพาะ, ส่วนประกอบ ก็เรียก."
องค์ประชุม 0,น.,จำนวนสมาชิกหรือกรรมการที่มาประชุมตามข้อบังคับการประชุมที่กำหนดไว้ เช่น กรรมการต้องมาประชุมอย่างน้อยครึ่งหนึ่งจึงจะถือว่าเป็นองค์ประชุม.
องคมนตรี 0,น.,ตำแหน่งที่มีหน้าที่ถวายความเห็นต่อพระมหากษัตริย์ในพระราชกรณียกิจทั้งปวงที่พระมหากษัตริย์ทรงปรึกษา และมีหน้าที่อื่นตามที่บัญญัติในรัฐธรรมนูญ.
องคมรรษ 0,น.,โรคขัดในข้อ.
องครักษ์ 0,น.,ผู้ทำหน้าที่ให้ความคุ้มครองป้องกัน เช่น องครักษ์นักการเมือง.
องควิการ 0,น.,ความชำรุดแห่งอวัยวะต่าง ๆ มีตาบอด แขนหัก เป็นต้น.
องค-วิเกษป 0,น.,"ท่าทาง, อาการเคลื่อนไหว."
องควิทยา 0,น.,ความรู้เรื่องลักษณะดีชั่วปรากฏตามร่างกาย.
องคาพยพ 0,น.,"ส่วนน้อยและใหญ่แห่งร่างกาย, อวัยวะน้อยใหญ่."
องคุละ 0,น.,"นิ้วมือ, นิ้วเท้า."
องคุลี 0,น.,นิ้วมือ
องคุลี 1,น.,ชื่อมาตราวัดแต่โบราณ ยาวเท่ากับข้อปลายของนิ้วกลาง.
องศ์ 0,น.,"ส่วน, มักใช้เป็นส่วนท้ายของสมาส เช่น ไตรยางศ์ (ตฺรย + อํศ) ว่า ๓ ส่วน."
องศา 0,น.,หน่วยในการวัดขนาดของมุม โดยกำหนดให้มุมที่รองรับโค้ง ๑ ใน ๓๖๐ ส่วนของเส้นรอบวง มีขนาด ๑ องศา และ ๙๐ องศา เป็น ๑ มุมฉาก
องศา 1,น.,หน่วยในการวัดอุณหภูมิตามชนิดของเครื่องวัด
องศา 2,น.,ส่วนหนึ่งของจักรราศี คือ วงกลมในท้องฟ้า แบ่งจักรราศีออกเป็น ๑๒ ราศี และแบ่ง ๑ ราศีออกเป็น ๓๐ องศา ฉะนั้นวงกลมจึงเท่ากับ ๓๖๐ องศา.
องอาจ 0,ว.,"มีลักษณะสง่าผึ่งผาย, อาจอง ก็ว่า."
องุ่น 0,น.,ชื่อไม้เถาชนิด Vitis vinifera L. ในวงศ์ Vitaceae ผลเป็นพวง กินได้หรือใช้หมักทำเหล้า เรียก เหล้าองุ่น.
อจระ 0,ว.,"เคลื่อนไม่ได้, ไปไม่ได้."
อจล- 0,ว.,"ไม่หวั่นไหว, ไม่คลอนแคลน, เช่น อจลศรัทธา."
อจลา 0,น.,แผ่นดิน.
อจิตติ 0,น.,"ความขาดสติ, ความมัวเมา."
อจินตา 0,น.,การขาดความคิด.
อจินไตย 0,ว.,"ที่พ้นความคิด, ไม่ควรคิด, (สิ่งที่เป็นอจินไตยมีอยู่ ๔ อย่างด้วยกัน คือ พุทธวิสัยของพระพุทธเจ้าทั้งหลาย ๑ ฌานวิสัยของผู้ได้ฌาน ๑ วิบากแห่งกรรม ๑ ความคิดเรื่องโลก ๑)."
อจิร- 0,ว.,ไม่นาน.
อจิระ 0,ว.,ไม่นาน.
อเจลก 0,น.,"คนไม่นุ่งผ้า, คนเปลือย, ชีเปลือย."
อเจละ 0,น.,"คนไม่นุ่งผ้า, คนเปลือย, ชีเปลือย."
อชะ 0,น.,แพะ.
อชา 0,น.,แพะตัวเมีย.
อชา 1,น.,แพะ.
อชิน 0,น.,หนังรองนั่งของนักพรต
อชิน 1,น.,"หนังสัตว์, หนังเสือ."
อชินี 0,น.,เสือเหลือง.
อชิระ 0,น.,"สนามรบ, ที่ว่าง, ลาน."
อชิระ 1,ว.,"คล่อง, ว่องไว, ตัวเบา."
อฏวี 0,น.,"ดง, ป่า, พง."
อณิ 0,น.,"ลิ่ม, สลัก, ลิ่มที่สลักปลายเพลาไม่ให้ลูกล้อหลุด"
อณิ 1,น.,"ขอบ, ที่สุด."
อณุ 0,น.,มาตราวัดโบราณ ๓๖ ปรมาณู เป็น ๑ อณู.
อณุ 1,ว.,"เล็ก, น้อย"
อณุ 2,ว.,ละเอียด.
อณู 0,น.,มาตราวัดโบราณ ๓๖ ปรมาณู เป็น ๑ อณู.
อณู 1,ว.,"เล็ก, น้อย"
อณู 2,ว.,ละเอียด.
อณู 3,น.,ส่วนของสารที่ประกอบด้วยปรมาณู.
อโณทัย 0,น.,พระอาทิตย์เพิ่งขึ้น. (กร่อนมาจาก อรุโณทัย).
อด 0,ก.,"กลั้น เช่น เหลืออด, งดเว้น เช่น อดฝิ่น อดอาหาร"
อด 1,ก.,"ไม่ได้, ไม่สมหวัง, เช่น อดรับรางวัล อดดู"
อด 2,ก.,ไม่มีอะไรกิน เช่น อดอยู่ทั้งวัน.
อด 3,ว.,ทน เช่น ดำนํ้าอด.
อด ๆ อยาก ๆ 0,ก.,"กินอยู่อย่างฝืดเคือง, มีกินบ้างไม่มีกินบ้าง."
อดกลั้น 0,ก.,ระงับอารมณ์.
อดใจ 0,ก.,ยั้งใจ.
อดตาหลับขับตานอน 0,ก.,สู้ทนอดนอน.
อดทน 0,ก.,"บึกบึน, ยอมรับสภาพความยากลำบาก."
อดนม 0,ก.,"เลิกกินนมแม่ (ใช้แก่เด็กและลูกสัตว์), หย่านม ก็ว่า."
อดเปรี้ยวไว้กินหวาน 0,ก.,อดใจไว้ก่อนเพราะหวังสิ่งที่ดีกว่าข้างหน้า.
อดมื้อกินมื้อ 0,ก.,มีกินบ้างไม่มีกินบ้าง.
อดรนทนไม่ได้ 0,ก.,ไม่สามารถจะอดทนต่อไปได้.
อดรนทนไม่ไหว 0,ก.,ไม่สามารถจะอดทนต่อไปได้.
อดสู 0,ก.,"ละอายใจ, อับอายมาก."
อดแห้งอดแล้ง 0,ก.,"ไม่ได้กินของที่อยากกิน, อดอยากปากแห้ง ก็ว่า."
อดอยาก 0,ก.,"ไม่มีจะกิน, ขาดแคลนอาหาร, มีไม่พอกิน."
อดอยากปากแห้ง 0,ก.,"ไม่ได้กินของที่อยากกิน, อดแห้งอดแล้ง ก็ว่า."
อดออม 0,ก.,"ประหยัด, กระเหม็ดกระแหม่, ออมอด ก็ว่า."
อดิ 0,*ว.,"ผ่าน, ล่วง, พ้นเลยไป, เขียนเป็น อดิ ก็มี."
อดิถี 0,น.,"แขก, ผู้มาหา."
อดิเทพ 0,น.,เทวดาผู้ยิ่งกว่าเทวดาอื่น ๆ.
อดิเรก 0,ว.,พิเศษ.
อดิเรก 1,น.,ชื่อพรพิเศษที่พระสงฆ์ชั้นพระราชาคณะถวายพระมหากษัตริย์ สมเด็จพระบรมราชินีนาถ และพระบรมวงศานุวงศ์หรือสามัญชนที่ปฏิบัติพระราชกรณียกิจแทนพระองค์ ในคำว่า ถวายอดิเรก.
อดิเรก- 0,ว.,พิเศษ.
อดิเรก- 1,น.,ชื่อพรพิเศษที่พระสงฆ์ชั้นพระราชาคณะถวายพระมหากษัตริย์ สมเด็จพระบรมราชินีนาถ และพระบรมวงศานุวงศ์หรือสามัญชนที่ปฏิบัติพระราชกรณียกิจแทนพระองค์ ในคำว่า ถวายอดิเรก.
อดิเรกลาภ 0,น.,"อติเรกลาภ, ลาภพิเศษ."
อดิศร 0,น.,ผู้เป็นเจ้าเป็นใหญ่.
อดิศวร 0,น.,ผู้เป็นเจ้าเป็นใหญ่.
อดิศัย 0,ว.,"เลิศ, ประเสริฐ."
อดีต 0,ว.,ล่วงแล้ว.
อดีต 1,น.,เวลาที่ล่วงแล้ว.
อดีต- 0,ว.,ล่วงแล้ว.
อดีต- 1,น.,เวลาที่ล่วงแล้ว.
อดีตกาล 0,น.,เวลาที่ล่วงแล้ว.
อดีต-ชาติ 0,น.,"ชาติก่อน, ภพก่อน."
อดีตภพ 0,น.,"ชาติก่อน, ภพก่อน."
อดีตสมัย 0,น.,เวลาที่ล่วงแล้ว.
อดุล 0,ว.,"ชั่งไม่ได้, ไม่มีอะไรเปรียบ, ไม่มีอะไรเท่า."
อดุลย์ 0,ว.,"ชั่งไม่ได้, ไม่มีอะไรเปรียบ, ไม่มีอะไรเท่า."
อดุลย- 0,ว.,"ชั่งไม่ได้, ไม่มีอะไรเปรียบ, ไม่มีอะไรเท่า."
อติ 0,*ว.,"คำนำหน้าคำที่มาจากบาลีและสันสกฤตให้มีใจความว่า พิเศษ, ยิ่ง, มาก, เลิศล้น"
อติ 1,*ว.,"ผ่าน, ล่วง, พ้นเลยไป, เขียนเป็น อดิ ก็มี."
อติชาต 0,ว.,เลิศกว่าเผ่าพงศ์.
อติชาต- 0,ว.,เลิศกว่าเผ่าพงศ์.
อติชาตบุตร 0,น.,"บุตรที่มีคุณสมบัติสูงกว่าบิดามารดา, อภิชาตบุตร ก็ว่า."
อติเทพ 0,น.,เทวดาผู้ยิ่งกว่าเทวดาอื่น ๆ.
อติมานะ 0,น.,"ความเย่อหยิ่ง, ความจองหอง."
อติราช 0,น.,"เจ้าแผ่นดินผู้ยิ่งใหญ่, มหาราช."
อติเรก 0,ว.,อดิเรก.
อติเรก- 0,ว.,อดิเรก.
อติเรกจีวร 0,น.,จีวรของภิกษุที่เขาถวายเพิ่มเข้ามานอกจากผ้าที่อธิษฐานเป็นไตรจีวร.
อติเรกลาภ 0,น.,"อดิเรกลาภ, ลาภพิเศษ."
อติสาร 0,ว.,อาการของการเจ็บไข้ที่เข้าขีดตาย.
อติสาร 1,น.,โรคลงแดง.
อถรรพเวท 0,น.,"ชื่อคัมภีร์ที่ ๔ ของพระเวท ส่วนใหญ่ประพันธ์ขึ้นภายหลัง แต่มีบางบทที่เก่ามากซึ่งนำมาจากฤคเวทก็มี. (ส.). (ดู เวท, เวท- ประกอบ)."
อทินนาทาน 0,น.,"การถือเอาสิ่งของที่เจ้าของไม่ได้ให้แก่ตน, การลักทรัพย์."
อทินนาทายี 0,น.,"ผู้ถือเอาสิ่งของที่เจ้าของไม่ได้ให้, ขโมย."
อธรรม 0,ว.,"ไม่เป็นธรรม, ไม่เที่ยงธรรม, ไม่ยุติธรรม."
อธรรม 1,น.,"ความไม่มีธรรม, ความชั่วร้าย."
อธิ 0,*ว.,"คำนำหน้าคำที่มาจากบาลีและสันสกฤต แปลว่า ยิ่ง, ใหญ่, เช่น อธิปัญญา = ปัญญายิ่ง."
อธิก- 0,ว.,"ยิ่ง, เกิน, มาก, เพิ่ม, เลิศ, ใช้ว่า อธึก ก็มี."
อธิกมาส 0,น.,เดือนที่เพิ่มขึ้นในปีจันทรคติ คือ ในปีนั้นมี ๑๓ เดือน มีเดือน ๘ สองหน เรียกว่า เดือน ๘ สอง ๘.
อธิกรณ์ 0,น.,"เหตุ, โทษ, คดี, เรื่องราว."
อธิกวาร 0,น.,วันที่เพิ่มขึ้นในปีจันทรคติ คือ ในปีนั้นเดือน ๗ เป็นเดือนเต็ม มี ๓๐ วัน.
อธิกสุรทิน 0,น.,วันที่เพิ่มขึ้นในปีสุริยคติ คือ ในปีนั้นเพิ่มวันเข้าในเดือนกุมภาพันธ์อีก ๑ วัน เป็น ๒๙ วัน.
อธิการ 0,น.,"อำนาจ, การปกครอง, ความบังคับบัญชา"
อธิการ 1,น.,"ตำแหน่ง, หน้าที่, กิจการ, ภาระ"
อธิการ 2,น.,"สิทธิ, ความชอบธรรม"
อธิการ 3,น.,"เรียกพระที่ดำรงตำแหน่งเจ้าอาวาสซึ่งไม่มีสมณศักดิ์อย่างอื่น ว่า พระอธิการ, เรียกพระที่ดำรงตำแหน่งพระอุปัชฌาย์หรือเจ้าคณะตำบล ซึ่งไม่มีสมณศักดิ์อย่างอื่น ว่า เจ้าอธิการ"
อธิการ 4,น.,ตำแหน่งสูงสุดของผู้บริหารในวิทยาลัย.
อธิการบดี 0,น.,ตำแหน่งสูงสุดของผู้บริหารในมหาวิทยาลัย.
อธิคม 0,น.,"การบรรลุ, ความสำเร็จ, การได้."
อธิฏฐาน 0,ก.,"ตั้งใจมุ่งผลอย่างใดอย่างหนึ่ง, ตั้งจิตปรารถนา, ตั้งจิตขอร้องต่อสิ่งที่ตนถือว่าศักดิ์สิทธิ์เพื่อผลอย่างใดอย่างหนึ่ง, อธิษฐาน ก็ว่า."
อธิบดี 0,น.,"ผู้เป็นใหญ่, ผู้ปกครอง, หัวหน้า, เช่น อธิบดีสงฆ์ อธิบดีผู้พิพากษา"
อธิบดี 1,น.,ตำแหน่งหัวหน้ากรมในราชการ.
อธิบดี 2,ว.,"มีความเจริญสวัสดิมงคล ทางโหราศาสตร์นิยมให้ประกอบการมงคลต่าง ๆ ในวัน ยาม ฤกษ์ ราศี และดิถีที่เป็นอธิบดี ทั้งนี้ตลอดปีนั้น ๆ, ตรงข้ามกับ โลกาวินาศ."
อธิบาย 0,ก.,"ไขความ, ขยายความ, ชี้แจง."
อธิป 0,น.,"พระเจ้าแผ่นดิน, นาย, หัวหน้า, ผู้เป็นใหญ่, มักใช้พ่วงท้ายศัพท์ เช่น นราธิป ชนาธิป, แต่เมื่อนำหน้าคำที่ขึ้นต้นด้วยสระ มักใช้ อธิบ เช่น นราธิเบศร์ นราธิเบนทร์."
อธิป- 0,น.,"พระเจ้าแผ่นดิน, นาย, หัวหน้า, ผู้เป็นใหญ่, มักใช้พ่วงท้ายศัพท์ เช่น นราธิป ชนาธิป, แต่เมื่อนำหน้าคำที่ขึ้นต้นด้วยสระ มักใช้ อธิบ เช่น นราธิเบศร์ นราธิเบนทร์."
อธิปไตย 0,น.,อำนาจสูงสุดของรัฐที่จะใช้บังคับบัญชาภายในอาณาเขตของตน. (ป. อธิปเตยฺย ว่า ความเป็นใหญ่ยิ่ง).
อธิมาตร 0,ว.,เหลือคณนา.
อธิมุตติ 0,น.,"อัชฌาสัย, ความพอใจ, ความตั้งใจ."
อธิโมกข์ 0,น.,"ความตัดสินเด็ดขาด, ความเด็ดเดี่ยว"
อธิโมกข์ 1,น.,ความน้อมใจเชื่อ.
อธิราช 0,น.,พระเจ้าแผ่นดินผู้ยิ่งใหญ่.
อธิวาส 0,น.,"ที่อยู่, บ้าน."
อธิวาสนะ 0,น.,"ความอดกลั้น, ความอดทน."
อธิศีล 0,น.,"ศีลอย่างสูง, ศีลอย่างอุกฤษฏ์."
อธิษฐาน 0,ก.,"ตั้งใจมุ่งผลอย่างใดอย่างหนึ่ง, ตั้งจิตปรารถนา, ตั้งจิตขอร้องต่อสิ่งที่ตนถือว่าศักดิ์สิทธิ์เพื่อผลอย่างใดอย่างหนึ่ง, อธิฏฐาน ก็ว่า."
อธึก 0,ว.,"อธิก, ยิ่ง, เกิน, มาก, เพิ่ม, เลิศ."
อน- 0,*ว.,"เป็นคำปฏิเสธ แปลว่า ไม่, ไม่ใช่, ใช้ประกอบหน้าศัพท์บาลีและสันสกฤตที่ขึ้นต้นด้วยสระ เช่น อาทร = เอื้อเฟื้อ, อนาทร = ไม่เอื้อเฟื้อ. (ดู อ ๒ ประกอบ)."
อ้น 0,น.,ชื่อสัตว์เลี้ยงลูกด้วยนมในวงศ์ Rhizomyidae ลำตัวกลมอ้วนป้อมสีนํ้าตาล ตาและหูเล็กมาก ฟันแทะมีขนาดใหญ่เห็นได้ชัด ขาและหางสั้น อาศัยอยู่ใต้ดินหรือโพรงไม้ กินรากไม้ หน่อไผ่ พืช และผลไม้ ในประเทศไทยมี ๓ ชนิด คือ อ้นใหญ่ [ Rhizomys sumatrensis (Raffles)] อ้นกลาง [ R. pruinosus Blyth (Hodgson)] และอ้นเล็ก [ Cannomys badius Blyth (Hodgson)].
อ้น 1,น.,"ชื่อไม้ล้มลุกชนิด Oenanthe javanica (Blume) DC. ในวงศ์ Umbelliferae ชอบขึ้นในที่ชื้นแฉะ ใบแบนรีขอบจัก ใช้เป็นผัก ดอกเป็นกระจุกสีขาว ผลกลมค่อนข้างยาว, อัน หรือ อันอ้อ ก็เรียก, พายัพและอีสานเรียก หนอกช้าง."
อนงค- 0,น.,"นาง, นางงาม."
อนงค์ 0,น.,"นาง, นางงาม."
อนงค์ 1,น.,ผู้ไม่มีตัวตน เป็นชื่อหนึ่งของกามเทพ.(ส. อนงฺค ว่า ไม่มีตัวตน = ชื่อกามเทพ).
อนงคณะ 0,ว.,"ไม่มีกิเลส, ไม่มีสิ่งชั่ว."
อนงคเลข 0,น.,"จดหมายรัก, เพลงยาว."
อนงคเลขา 0,น.,"จดหมายรัก, เพลงยาว."
อนธ- 0,ว.,"มืด, มืดมน"
อนธ- 1,ว.,"โง่, ทึบ"
อนธ- 2,ว.,"มองไม่เห็น, บอด."
อนธการ 0,น.,"ความมืด, ความมัว, ความมืดมน"
อนธการ 1,น.,เวลาคํ่า
อนธการ 2,น.,ความเขลา
อนธการ 3,น.,อันธการ ก็ว่า.
อนนต์ 0,น.,"ชื่อปลา ๑ ใน ๗ ตัว ในหนังสือไตรภูมิกถา, ชื่อปลาใหญ่ในวรรณคดี เชื่อกันว่าหนุนแผ่นดิน เมื่อปลานี้พลิกตัวจะทำให้เกิดแผ่นดินไหว, อานนท์ ก็ว่า."
อนยะ 0,น.,"เคราะห์ร้าย, ทุกข์, ความฉิบหาย."
อนรรฆ 0,ว.,"หาค่ามิได้, เกินที่จะประมาณราคาได้."
อนรรถ 0,ว.,"ไม่เป็นประโยชน์, ไม่มีผล."
อนล 0,น.,ไฟ
อนล 1,น.,พระอัคนี.
อนวัช 0,ว.,"ไม่มีโทษ, ไม่มีที่ติ, ไม่มีตำหนิ, เช่น อนวัชกรรม คือ กรรมที่ไม่มีโทษ."
อนวัช- 0,ว.,"ไม่มีโทษ, ไม่มีที่ติ, ไม่มีตำหนิ, เช่น อนวัชกรรม คือ กรรมที่ไม่มีโทษ."
อ้นอ้อ 0,น.,"ชื่อไม้ล้มลุกชนิด Oenanthe javanica (Blume) DC. ในวงศ์ Umbelliferae ชอบขึ้นในที่ชื้นแฉะ ใบแบนรีขอบจัก ใช้เป็นผัก ดอกเป็นกระจุกสีขาว ผลกลมค่อนข้างยาว, อัน หรือ อันอ้อ ก็เรียก, พายัพและอีสานเรียก หนอกช้าง."
อนัญ 0,ว.,ไม่ใช่อื่น.
อนัญ- 0,ว.,ไม่ใช่อื่น.
อนัญคติ 0,น.,หนทางเดียว
อนัญคติ 1,น.,ความจำเป็น.
อนัญสาธารณ์ 0,ว.,เป็นพิเศษไม่ทั่วไปแก่คนอื่น.
อนัตตา 0,ว.,"ไม่ใช่อัตตา, ไม่ใช่ตัวไม่ใช่ตน."
อนัตถ- 0,ว.,อนรรถ.
อนันต์ 0,ว.,"ไม่มีสิ้นสุด, มากล้น, เช่น อนันตคุณ คุณอนันต์."
อนันต- 0,ว.,"ไม่มีสิ้นสุด, มากล้น, เช่น อนันตคุณ คุณอนันต์."
อนันตร- 0,ว.,"ไม่มีระหว่าง, ติดต่อกันเรื่อยไป."
อนันตริยกรรม 0,น.,กรรมที่ให้ผลไม่เว้นระยะ คือ กรรมที่เป็นบาปหนักที่สุด มี ๕ อย่าง คือ ๑. ฆ่าบิดา ๒. ฆ่ามารดา ๓. ฆ่าพระอรหันต์ ๔. ทำให้พระกายพระพุทธเจ้าห้อเลือด ๕. ทำให้สงฆ์แตกแยกกัน.
อนัม 0,น.,"ญวน, ใช้ว่า อนำ อานำ หรือ อานัม ก็มี."
อนากูล 0,ว.,"ไม่อากูล, ไม่คั่งค้าง, เช่น การงานอนากูลเป็นมงคลอันสูงสุด."
อนาคต 0,ว.,ยังไม่มาถึง.
อนาคต 1,น.,เวลาภายหน้า.
อนาคต- 0,ว.,ยังไม่มาถึง.
อนาคต- 1,น.,เวลาภายหน้า.
อนาคตกาล 0,น.,"กาลภายหน้า, กาลที่ยังมาไม่ถึง."
อนาคามิผล 0,น.,ธรรมที่พระอนาคามีได้บรรลุ. (ป.; ส. อนาคามินฺ + ผล). (ดู ผล).
อนาคามิมรรค 0,น.,ทางปฏิบัติที่ให้สำเร็จเป็นพระอนาคามี. (ส. อนาคามินฺ + มารฺค; ป. อนาคามิมคฺค). (ดู มรรค).
อนาคามี 0,น.,"“ผู้ไม่มาสู่กามภพอีก” เป็นชื่อพระอริยบุคคลชั้นที่ ๓ ใน ๔ ชั้น คือ พระโสดาบัน พระสกทาคามี พระอนาคามี และพระอรหันต์, บางทีเรียกสั้น ๆ ว่า พระอนาคา."
อนาจาร 0,น.,"ความประพฤติชั่ว, ความประพฤติน่าอับอาย"
อนาจาร 1,น.,เป็นฐานความผิดอาญา ที่ผู้กระทำกระทำการอันควรขายหน้าต่อหน้าธารกำนัล โดยเปลือยหรือเปิดเผยร่างกาย หรือกระทำการลามกอย่างอื่น.
อนาจาร 2,ว.,"ลามก, น่าบัดสี, ทำให้เป็นที่อับอาย, เป็นที่น่ารังเกียจแก่ผู้อื่นในด้านความดีงาม."
อนาถ 0,ก.,"สงสาร, สังเวช, สลดใจ."
อนาถา 0,ว.,"ไม่มีที่พึ่ง, กำพร้า, ยากจน, เข็ญใจ."
อนาทร 0,น.,"ความไม่เอื้อเฟื้อ, ความไม่เอาใจใส่, ความไม่พะวง."
อนาทร 1,ก.,"เป็นทุกข์เป็นร้อน, ร้อนอกร้อนใจ, มักใช้ในความปฏิเสธว่า ไม่อนาทร อย่าอนาทร หมายความว่า ไม่เป็นทุกข์เป็นร้อน อย่าร้อนอกร้อนใจ."
อนาธิปไตย 0,ว.,ภาวะที่บ้านเมืองไม่มีรัฐบาล ไม่มีกฎหมายและระเบียบ ทำให้เกิดความวุ่นวายทางการเมือง.
อนามัย 0,น.,"ความไม่มีโรค, สุขภาพ."
อนามัย 1,ว.,"เกี่ยวกับสุขภาพ, ถูกสุขลักษณะ, เช่น ข้าวอนามัย กรมอนามัย, (ปาก) สะอาดปราศจากสารพิษเจือปน เช่น ผักอนามัย."
อนามิกา 0,น.,"นิ้วนาง, ใช้ว่า พระอนามิกา หรือ อนามิกา."
อนารย- 0,ว.,"ไม่ใช่อารยะ, ป่าเถื่อน."
อนารยชน 0,น.,"คนที่ยังไม่เจริญ, คนป่าเถื่อน."
อนารยธรรม 0,น.,"ความตํ่าช้า, ความป่าเถื่อน."
อนารยะ 0,ว.,"ไม่ใช่อารยะ, ป่าเถื่อน."
อนาลัย 0,น.,การไม่มีที่อยู่
อนาลัย 1,น.,"การหมดความอยาก, การหมดความพัวพัน"
อนาลัย 2,น.,ชื่อหนึ่งของพระนิพพาน.
อนำ 0,น.,"ญวน, ใช้ว่า อนัม อานัม หรือ อานำ ก็มี."
อนิจ 0,ว.,"ไม่ยั่งยืน, ไม่เที่ยง, ชั่วคราว, ไม่แน่นอน."
อนิจ- 0,ว.,"ไม่ยั่งยืน, ไม่เที่ยง, ชั่วคราว, ไม่แน่นอน."
อนิจกรรม 0,น.,"ความตาย, ใช้แก่ผู้ตายที่ได้รับพระราชทานเครื่องราชอิสริยาภรณ์ตั้งแต่ชั้นประถมาภรณ์มงกุฎไทยขึ้นไป หรือทุติยจุลจอมเกล้า หรือทุติยจุลจอมเกล้าวิเศษ ว่า ถึงแก่อนิจกรรม."
อนิจจัง 0,ว.,"ไม่เที่ยง, ไม่แน่นอน, เปลี่ยนแปลงอยู่เสมอ."
อนิจจัง 1,อ.,คำที่เปล่งออกมาแสดงความสงสารสังเวชเป็นต้น.
อนิจจา 0,อ.,คำที่เปล่งออกมาแสดงความสงสารสังเวชเป็นต้น.
อนิฏฐารมณ์ 0,น.,"อารมณ์หรือสิ่งที่ไม่น่าปรารถนาไม่น่าพอใจ ได้แก่ ความเสื่อมลาภ ความเสื่อมยศ นินทา ทุกข์, ตรงข้ามกับ อิฏฐารมณ์."
อนิยต 0,ว.,ไม่แน่นอน.
อนิยต 1,น.,ชื่ออาบัติที่ไม่แน่นอนว่าจะเป็นอาบัติปาราชิก สังฆาทิเสส หรือปาจิตตีย์ ซึ่งพระวินัยธรจะต้องวินิจฉัย.
อนิยม 0,ว.,"ไม่มีกำหนด, ไม่ต้องด้วยกฎหรือแบบแผน, ไม่แน่นอน, นอกแบบ."
อนิยม- 0,ว.,"ไม่มีกำหนด, ไม่ต้องด้วยกฎหรือแบบแผน, ไม่แน่นอน, นอกแบบ."
อนิล- 0,น.,ลม.
อนิลบถ 0,น.,"ทางลม, ฟ้า, อากาศ."
อนิละ 0,น.,ลม.
อนิวรรต 0,ว.,"ไม่กลับ, ไม่ท้อถอย."
อนิวรรตน์ 0,ว.,"ไม่กลับ, ไม่ท้อถอย."
อนิษฏ์ 0,ว.,ไม่น่าปรารถนา.
อนีก- 0,น.,"กองทัพในสมัยโบราณ, เมื่อใช้เป็นส่วนท้ายของสมาสใช้ว่า อนีกะ บ้าง อนึก บ้าง เช่น ปัตตานีกะ ปัตตานึก = กองทัพเหล่าราบ กองทัพทหารเดินเท้า, อัศวานีกะ อัศวานึก = กองทัพม้า เหล่าทหารม้า."
อนีกทรรศนะ 0,น.,การตรวจพล.
อนีกทัศนะ 0,น.,การตรวจพล.
อนีกะ 0,น.,"กองทัพในสมัยโบราณ, เมื่อใช้เป็นส่วนท้ายของสมาสใช้ว่า อนีกะ บ้าง อนึก บ้าง เช่น ปัตตานีกะ ปัตตานึก = กองทัพเหล่าราบ กองทัพทหารเดินเท้า, อัศวานีกะ อัศวานึก = กองทัพม้า เหล่าทหารม้า."
อนีกัฐ 0,น.,"ทหารม้า, ทหารรักษาพระองค์."
อนีจะ 0,ว.,"ไม่ตํ่า, ดี, งาม, น่านับถือ."
อนึก 0,น.,"กองทัพในสมัยโบราณ, เมื่อใช้เป็นส่วนท้ายของสมาสใช้ว่า อนีกะ บ้าง อนึก บ้าง เช่น ปัตตานีกะ ปัตตานึก = กองทัพเหล่าราบ กองทัพทหารเดินเท้า, อัศวานีกะ อัศวานึก = กองทัพม้า เหล่าทหารม้า."
อนึก 1,น.,"กองทัพ. (ดู อนีก-, อนีกะ, อนึก)."
อนึ่ง 0,สัน.,"อีกอย่างหนึ่ง, อีกประการหนึ่ง."
อนุ 0,*ว.,"คำประกอบหน้าศัพท์บาลีหรือสันสกฤตมีความหมายว่า น้อย เช่น อนุทิศ = ทิศน้อย, ภายหลัง, รุ่นหลัง, เช่น อนุชน = ชนรุ่นหลัง, ตาม เช่น อนุวัต = เป็นไปตาม, เนือง ๆ เช่น อนุศาสน์ = สอนเนือง ๆ คือ พรํ่าสอน."
อนุกร 0,น.,ผู้ช่วย.
อนุกร 1,ว.,"เอาอย่าง, ทำตาม."
อนุกรม 0,น.,"ลำดับ, ระเบียบ, ชั้น, เช่น โดยอนุกรม, นิยมใช้เป็นส่วนท้ายของสมาส เช่น พจนานุกรม ปทานุกรม นามานุกรม สารานุกรม อักขรานุกรม."
อนุกรรมการ 0,น.,กรรมการสาขาของคณะกรรมการ.
อนุกระเบียด 0,น.,มาตราวัดของไทย มีพิกัดเท่ากับครึ่งกระเบียดหรือ ๑ ใน ๘ ของนิ้ว.
อนุกาชาด 0,น.,อนุสมาชิกของสภากาชาด.
อนุการ 0,น.,"การทำตาม, การเอาอย่าง."
อนุกูล 0,ก.,"เกื้อกูล, สงเคราะห์."
อนุคามิก 0,ว.,"ตามไป, เกี่ยวเนื่อง."
อนุคามี 0,น.,"ผู้ติดตาม, เพื่อน."
อนุคามี 1,ว.,"ติดตาม, เกี่ยวเนื่อง."
อนุเคราะห์ 0,ก.,"เอื้อเฟื้อ, ช่วยเหลือ."
อนุจร 0,น.,"ผู้ประพฤติตาม, ผู้ติดตาม"
อนุจร 1,น.,"เรียกพระภิกษุลูกวัด ว่า พระอนุจร, พระอันดับ ก็เรียก."
อนุช 0,น.,"“ผู้เกิดภายหลัง”, น้องสาว, นิยมใช้ว่า นุช."
อนุชน 0,น.,"คนรุ่นหลัง, คนรุ่นต่อไป."
อนุชา 0,น.,"“ผู้เกิดภายหลัง”, น้องชาย, ราชาศัพท์ใช้ว่า พระอนุชา."
อนุชาต 0,น.,ผู้เกิดตามมาไม่ดีกว่าหรือไม่เลวกว่าตระกูล.
อนุชาต- 0,น.,ผู้เกิดตามมาไม่ดีกว่าหรือไม่เลวกว่าตระกูล.
อนุชาต-บุตร 0,น.,บุตรที่มีคุณสมบัติเสมอด้วยบิดามารดา.
อนุชิต 0,ก.,ชนะเนือง ๆ เช่น อนุชิตชาญชัย.
อนุญาต 0,ก.,"ยินยอม, ยอมให้, ตกลง."
อนุญาโตตุลาการ 0,น.,บุคคลที่คู่กรณีพร้อมใจกันตั้งขึ้นเพื่อให้ชำระตัดสินในข้อพิพาท.
อนุตร- 0,ว.,"ไม่มีสิ่งใดสูงกว่า, ดีเลิศ, ยิ่ง, วิเศษ เช่น อนุตรสัมมาสัมโพธิญาณ."
อนุเถระ 0,น.,พระเถระชั้นผู้น้อย.
อนุทิน 0,น.,สมุดบันทึกประจำวัน.
อนุบท 0,น.,"บทลูกคู่, บทรับของเพลงและกลอน."
อนุบาล 0,ก.,"ตามเลี้ยงดู, ตามระวังรักษา."
อนุบาล 1,ว.,"ที่คอยตามเลี้ยงดู, ที่คอยตามระวังรักษา, เรียกโรงเรียนที่สอนเด็กที่มีอายุระหว่าง ๓ ขวบครึ่ง ถึง ๗ ขวบ ว่า โรงเรียนอนุบาล, เรียกครูที่สอนโรงเรียนอนุบาล ว่า ครูอนุบาล, เรียกนักเรียนโรงเรียนอนุบาล ว่า นักเรียนอนุบาล"
อนุบาล 2,ว.,เรียกผู้ที่ศาลมีคำสั่งแต่งตั้งให้เป็นผู้ปกครองดูแลคนไร้ความสามารถ ว่า ผู้อนุบาล.
อนุประโยค 0,น.,ประโยคเล็กที่ทำหน้าที่แต่งมุขยประโยคให้ได้ความดีขึ้น แบ่งเป็น ๓ ชนิด คือ นามานุประโยค คุณานุประโยค และวิเศษณานุประโยค.
อนุปริญญา 0,น.,ชั้นความรู้ระดับอุดมศึกษารองจากปริญญาตรี ซึ่งประสาทให้แก่ผู้ที่สอบไล่ได้ตามหลักสูตรที่กำหนดไว้.
อนุปสัมบัน 0,น.,"ผู้ที่ไม่ได้เป็นภิกษุ หมายถึง สามเณรและคฤหัสถ์, คู่กับ อุปสมบัน หรือ อุปสัมบัน."
อนุปัสนา 0,น.,การพิจารณา.
อนุพงศ์ 0,น.,"วงศ์ที่เนื่องมา, วงศ์ย่อยที่สืบมาจากวงศ์ใหญ่."
อนุพัทธ์ 0,ว.,"ที่ติดต่อ, ที่เกี่ยวเนื่อง."
อนุพันธ์ 0,ว.,"ที่ติดต่อ, ที่เกี่ยวเนื่อง."
อนุพันธ์ 1,น.,สิ่งที่เกี่ยวเนื่อง เช่น นํ้ามันระกำเป็นอนุพันธ์ของสารฟีนอล.
อนุโพธ 0,น.,การรู้แจ้งตาม.
อนุภรรยา 0,น.,เมียน้อย.
อนุภริยา 0,น.,เมียน้อย.
อนุภาค 0,น.,"ชิ้นหรือส่วนขนาดเล็กมาก, ในทางวิทยาศาสตร์มักใช้เรียกส่วนที่มีขนาดเล็กกว่าอะตอม เช่น อนุภาคแอลฟา อนุภาคบีตา."
อนุภาษ 0,ก.,"พรํ่ากล่าว, พรํ่าสอน."
อนุมัติ 0,ก.,ให้อำนาจกระทำการตามระเบียบที่กำหนดไว้.
อนุมาตรา 0,น.,ข้อย่อยของมาตราในกฎหมายที่มีเลขกำกับอยู่ในวงเล็บ.
อนุมาน 0,ก.,คาดคะเนตามหลักเหตุผล.
อนุมูล 0,น.,หมู่ธาตุซึ่งเมื่อเข้าสู่ปฏิกิริยาเคมีแล้ว ทั้งหมู่จะเข้าทำปฏิกิริยาด้วยกัน โดยไม่แตกแยกออกจากกัน เช่น อนุมูลไฮดรอกซิล (-OH) อนุมูลไนเทรต (-NO_3).
อนุมูลกรด 0,น.,ส่วนหนึ่งของโมเลกุลของกรดที่ปรากฏอยู่หลังจากที่ไฮโดรเจนไอออนแยกตัวออกไปแล้ว เช่น อนุมูลกรดคาร์บอเนต (-CO_3) อนุมูลกรดไฮโดรเจนซัลเฟต (-HSO_4).
อนุโมทนา 0,ก.,"ยินดีตาม, ยินดีด้วย, พลอยยินดี"
อนุโมทนา 1,ก.,เรียกคำให้ศีลให้พรของพระว่า คำอนุโมทนา.
อนุโมทนาบัตร 0,น.,บัตรที่แสดงความพลอยยินดีหรืออนุโมทนาต่อบุญกุศลที่บุคคลนั้น ๆ ได้ทำแล้ว.
อนุโยค 0,ก.,"ซักถาม, ซักไซ้."
อนุโยค 1,ว.,เรียกคำที่ผู้ถูกถามย้อนถามผู้ถาม ว่า คำอนุโยค.
อนุรักษ์ 0,ก.,รักษาให้คงเดิม.
อนุรักษ- 0,ก.,รักษาให้คงเดิม.
อนุรักษนิยม 0,น.,อุดมคติทางการเมือง การเศรษฐกิจ เป็นต้น ที่มีแนวโน้มไปในทางต้านทานการเปลี่ยนแปลง โดยยึดถือสนับสนุนระเบียบที่ตั้งมั่นอยู่แล้ว.
อนุราช 0,น.,"พระราชารอง, พระเจ้าแผ่นดินองค์รอง."
อนุราธ 0,น.,"ดาวฤกษ์ที่ ๑๗ มี ๔ ดวง เห็นเป็นรูปธนู หน้าไม้ หรือหงอนนาค, ดาวประจำฉัตร หรือ ดาวนกยูง ก็เรียก."
อนุราธะ 0,น.,"ดาวฤกษ์ที่ ๑๗ มี ๔ ดวง เห็นเป็นรูปธนู หน้าไม้ หรือหงอนนาค, ดาวประจำฉัตร หรือ ดาวนกยูง ก็เรียก."
อนุราธา 0,น.,"ดาวฤกษ์ที่ ๑๗ มี ๔ ดวง เห็นเป็นรูปธนู หน้าไม้ หรือหงอนนาค, ดาวประจำฉัตร หรือ ดาวนกยูง ก็เรียก."
อนุรูป 0,ว.,"สมควร, เหมาะ, พอเพียง"
อนุรูป 1,ว.,เป็นไปตาม.
อนุโลม 0,ก.,"ใช้แทนกันได้ตามความเหมาะสม, คล้อยตาม"
อนุโลม 1,ก.,นำมาใช้โดยอาศัยหลักการอย่างเดียวกันแต่ให้แก้ไขในรายละเอียดได้ตามควรแก่กรณี.
อนุโลม 2,ว.,"ตามลำดับ เช่น ท่องแบบอนุโลม, คู่กับ ปฏิโลม คือ ย้อนลำดับ."
อนุวงศ์ 0,น.,"พระองค์เจ้าที่มิได้เป็นพระราชโอรสพระราชธิดาของพระมหากษัตริย์และหม่อมเจ้า, ใช้ว่า พระอนุวงศ์."
อนุวัต 0,ก.,"ทำตาม, ประพฤติตาม, ปฏิบัติตาม, เขียนเป็น อนุวรรตน์ อนุวัตน์ อนุวัตร หรือ อนุวัติ ก็มี."
อนุวาต 0,น.,"ผ้าดาม, ผ้าทาบ."
อนุศาสก 0,น.,อาจารย์ผู้ควบคุมดูแลนักเรียนในหอพักของวิทยาลัยหรือมหาวิทยาลัย.
อนุศาสน์ 0,น.,การสอน
อนุศาสน์ 1,น.,คำชี้แจง.
อนุศาสนาจารย์ 0,น.,อาจารย์ผู้อบรมศีลธรรมของหน่วยราชการ.
อนุศิษฏ์ 0,ก.,"สั่งสอน, ชี้แจง."
อนุสติ 0,น.,ความระลึกถึง
อนุสติ 1,น.,ชื่อธรรมหมวดหนึ่ง เรียกว่า อนุสติ ๑๐ มีพุทธานุสติเป็นต้น.
อนุสนธิ 0,น.,"การต่อเนื่อง, การสืบเนื่อง."
อนุสภากาชาด 0,น.,ชื่อสมาคมสำหรับเด็กเพื่ออบรมตนให้เป็นประโยชน์แก่ผู้อื่น ขึ้นต่อสภากาชาด.
อนุสร 0,ก.,"ระลึก, คำนึงถึง."
อนุสรณ์ 0,น.,"เครื่องระลึก, ที่ระลึก."
อนุสรณ์ 1,ก.,"ระลึก, คำนึงถึง."
อนุสัญญา 0,น.,ความตกลงระหว่างประเทศในเรื่องที่สำคัญเฉพาะเรื่อง ที่ทำเป็นตราสารสมบูรณ์แบบเช่นเดียวกับสนธิสัญญา เช่น อนุสัญญากรุงเฮกว่าด้วยสงคราม อนุสัญญาเจนีวาว่าด้วยเชลยศึกและผู้บาดเจ็บ.
อนุสัย 0,น.,"กิเลสที่สงบนิ่งอยู่ในสันดาน, กิเลสอย่างละเอียด มี ๗ อย่าง ได้แก่ ๑. กามราคะ = ความกำหนัดในกาม ๒. ปฏิฆะ = ความขัดใจคือโทสะ ๓. ทิฏฐิ = ความเห็นผิด ๔. วิจิกิจฉา = ความลังเลสงสัย ๕. มานะ = ความถือตัว ๖. ภวราคะ = ความกำหนัดในภพ ๗. อวิชชา = ความไม่รู้แจ้งคือโมหะ."
อนุสาวรีย์ 0,น.,สิ่งที่สร้างไว้เป็นที่ระลึกถึงบุคคลหรือเหตุการณ์สำคัญเป็นต้น เช่น อาคาร หลุมฝังศพ รูปปั้น.
อนุสาสนี 0,น.,คำสั่งสอน.
อนุสาสนีปาฏิหาริย์ 0,น.,"การสอนเป็นอัศจรรย์ หมายถึง คำสั่งสอนอันอาจจูงใจคนให้นิยมเชื่อถือไปตามได้อย่างน่าอัศจรรย์, เป็นปาฏิหาริย์อย่าง ๑ ในปาฏิหาริย์ ๓ ได้แก่ อิทธิปาฏิหาริย์ อาเทสนาปาฏิหาริย์ และอนุสาสนีปาฏิหาริย์."
อเนก 0,ว.,"มาก, หลาย, เช่น อเนกประการ."
อเนก- 0,ว.,"มาก, หลาย, เช่น อเนกประการ."
อเนกคุณ 0,น.,ชื่อต้นไม้ชนิดหนึ่งใช้ทำยาได้.
อเนกคุณ 1,น.,"ชื่อไม้ล้มลุกชนิด Acalypha indica L. ในวงศ์ Euphorbiaceae ลักษณะคล้ายตำแยแต่ไม่มีขน ถูกเข้าไม่คัน ใช้ทำยาได้, อเนกคุณ ก็เรียก."
อเนกประสงค์ 0,ว.,ใช้ประโยชน์ได้หลายอย่าง แล้วแต่ความต้องการ.
อเนกรรถประโยค 0,น.,ประโยคใหญ่ที่มีใจความสำคัญอย่างน้อย ๒ ใจความมารวมกัน และใจความนั้น ๆ จะต้องมีลักษณะเป็นประโยคโดยมีสันธานเป็นบทเชื่อมหรือละสันธานไว้ในฐานที่เข้าใจ.
อเนกวิธ 0,ว.,"หลายอย่าง, ต่าง ๆ."
อเนกอนันต์ 0,ว.,"มากมาย, มากหลาย, (ปาก) ใช้ว่า อเนกอนันตัง."
อเนจอนาถ 0,ก.,สลดใจเป็นอย่างยิ่ง.
อโนชา 0,น.,ต้นอังกาบ.
อโนดาต 0,น.,ชื่อสระ ๑ ในสระทั้ง ๗ ในป่าหิมพานต์ ได้แก่ ๑. สระอโนดาต ๒. สระกัณณมุณฑะ ๓. สระรถการะ ๔. สระฉัททันตะ ๕. สระกุณาละ ๖. สระมัณฑากินี ๗. สระสีหัปปปาตะ.
อบ 0,ก.,ปรุงกลิ่นด้วยควันหรือรมด้วยกลิ่นในที่ที่ควันหรือกลิ่นกระจายออกไปไม่ได้
อบ 1,ก.,ทำให้ร้อนหรือสุกด้วยไอนํ้าหรือไอไฟในที่ที่ความร้อนออกไม่ได้
อบ 2,ก.,อากาศถ่ายเทไม่ได้.
อบเชย 0,น.,"ชื่อไม้ต้นหลายชนิดในสกุล Cinnamomum วงศ์ Lauraceae ใช้ทำยาและปรุงนํ้าหอม เช่น อบเชยญวนหรือฝนแสนห่า [ C. bejolghota (Buch.-Ham.) Sweet], อบเชยจีน ( C. aromaticum Nees), อบเชยเทศ ( C. verum J. Presl)."
อบรม 0,ก.,"แนะนำพรํ่าสอนให้ซึมซาบเข้าไปจนติดเป็นนิสัย, แนะนำชี้แจงให้เข้าใจในเรื่องที่ต้องการ, ขัดเกลานิสัย, บางทีก็ใช้เข้าคู่กับ บ่มนิสัย เป็น อบรมบ่มนิสัย."
อบอวล 0,ก.,"ตลบ, ฟุ้ง, (ใช้แก่กลิ่น)."
อบอวล 1,ว.,"มีกลิ่นตลบ, มีกลิ่นฟุ้ง."
อบอ้าว 0,ว.,ร้อนไม่มีลม.
อบอุ่น 0,ว.,อุ่นสบาย
อบอุ่น 1,ว.,โดยปริยายหมายความว่า ปราศจากความว้าเหว่.
อบาย 0,น.,ที่ที่ปราศจากความเจริญ
อบาย 1,น.,ความฉิบหาย.
อบาย- 0,น.,ที่ที่ปราศจากความเจริญ
อบาย- 1,น.,ความฉิบหาย.
อบายภูมิ 0,น.,ภูมิที่เกิดอันปราศจากความเจริญ มี ๔ คือ นรก เปรตวิสัย อสุรกายภูมิ และกำเนิดดิรัจฉาน.
อบายมุข 0,น.,"ทางแห่งความฉิบหาย, เหตุแห่งความฉิบหาย, มี ๒ หมวด คือ อบายมุข ๔ ได้แก่ ๑. เป็นนักเลงหญิง ๒. เป็นนักเลงสุรา ๓. เป็นนักเลงเล่นการพนัน ๔. คบคนชั่วเป็นมิตร กับ อบายมุข ๖ ได้แก่ ๑. ดื่มนํ้าเมา ๒. เที่ยวกลางคืน ๓. เที่ยวดูการเล่น ๔. เล่นการพนัน ๕. คบคนชั่วเป็นมิตร ๖. เกียจคร้านทำการงาน."
อป- 0,*ว.,"คำประกอบหน้าศัพท์ที่มาจากภาษาบาลีและสันสกฤต มีความหมายว่า ไม่, ปราศจาก, เช่น อปมงคล = ไม่เป็นมงคล, ปราศจากมงคล."
อปการ 0,น.,"ความผิด, โทษ"
อปการ 1,น.,"การทำร้าย, การดูถูก."
อปจายน- 0,น.,"การแสดงความเคารพ, การนับถือ, การนอบน้อม."
อปจายนธรรม 0,น.,"การแสดงความเคารพ, การนับถือ, การนอบน้อม, การถ่อมตน."
อปจายนมัย 0,ว.,"ที่สำเร็จด้วยการประพฤติถ่อมตัวต่อผู้ใหญ่ (ใช้แก่บุญ), เป็นธรรมข้อ ๑ ในบุญกิริยาวัตถุ ๑๐."
อปภาคย์ 0,ว.,"ปราศจากโชค, เคราะห์ร้าย, วาสนาน้อย, นิยมใช้เข้าคู่กับคำ อาภัพ เป็น อาภัพอัปภาคย์."
อปมงคล 0,ว.,"ปราศจากมงคล, ไม่เจริญ, เป็นลางร้าย."
อปมาน 0,น.,"การดูหมิ่น, การดูถูก."
อปยศ 0,ว.,"ไร้ยศ, ปราศจากยศ"
อปยศ 1,ว.,"เสื่อมเสียชื่อเสียง, น่าอับอายขายหน้า."
อปร- 0,ว.,อื่นอีก.
อปรโคยานทวีป 0,น.,ทวีปใหญ่อยู่ทางทิศตะวันตกของเขาพระสุเมรุ เป็นทวีป ๑ ใน ๔ ทวีป ได้แก่ อุตรกุรุทวีปหรืออุตรกุรูทวีป บุพวิเทหทวีป ชมพูทวีป และอมรโคยานทวีปหรืออปรโคยานทวีป.
อปรภาค 0,น.,"ส่วนอื่นอีก, เวลาอื่นอีก, ภายหลัง."
อประมาณ 0,ว.,"กำหนดจำนวนไม่ได้, จำกัดไม่ได้"
อประมาณ 1,ว.,น่าอับอาย เช่น ย่อยยับอัประมาณ.
อประมาท 0,น.,ความไม่มึนเมา
อประมาท 1,น.,"ความไม่เลินเล่อ, ความระวัง, ความเอาใจใส่."
อประไมย 0,ว.,"นับไม่ได้, ไม่จำกัด, มากมาย."
อปรัณชาติ 0,น.,“อาหารอื่น” คือ ถั่ว งา และผักต่าง ๆ (นอกจากข้าว).
อปรา 0,ก.,พ่ายแพ้ เช่น ต่อสู้เคี่ยวขับไม่อปรา หาไม่พ่อตาจะต้องริบ (สังข์ทอง).
อปราชัย 0,น.,"ความไม่แพ้, ความชนะ"
อปราชัย 1,น.,บางทีใช้หมายความว่า แพ้ เช่น คบคนดีเป็นศรีแก่ตัว คบคนชั่วอัปราชัย.
อปราชิต 0,ว.,ไม่พ่ายแพ้.
อปราธ- 0,น.,"ความผิด, โทษ."
อปริมาณ 0,ว.,กำหนดจำนวนไม่ได้.
อปลักษณ์ 0,ว.,"ชั่ว (มักใช้แก่รูปร่าง หน้าตา), มีลักษณะที่ถือว่าไม่เป็นมงคล, เช่น หน้าตาอปลักษณ์, รูปร่างอัปลักษณ์."
อปโลกน์ 0,ก.,ยกกันขึ้นไป เช่น อุปโลกน์ให้เป็นหัวหน้า.
อปโลกน์ 1,ว.,ที่บอกเล่า เช่น คำอปโลกน์.
อปวาท 0,น.,คำติเตียน
อปวาท 1,น.,การว่ากล่าว.
อปหาร 0,น.,"การปล้น, การขโมย"
อปหาร 1,น.,การเอาไป.
อปาจี 0,น.,ทิศใต้.
อปาจีน 0,น.,ทิศใต้.
อปาน- 0,น.,ลมหายใจออก.
อเปหิ 0,ก.,ขับไล่.
อพพะ 0,น.,ชื่อจำนวนนับอย่างสูง เท่ากับโกฏิยกกำลัง ๑๑.
อพยพ 0,ก.,"ย้ายครอบครัวจากถิ่นหนึ่งไปอยู่อีกถิ่นหนึ่ง, ยกพวกย้ายจากถิ่นเดิมไป."
อพยพ 1,น.,"อวัยวะ, ส่วนของร่างกาย."
อภว- 0,น.,"ความไม่มี, ความเสื่อม, ความเสียหาย."
อภัพ 0,ว.,"ไม่สมควร, เป็นไปไม่ได้."
อภัพ- 0,ว.,"ไม่สมควร, เป็นไปไม่ได้."
อภัพบุคคล 0,น.,คนไม่สมควร.
อภัพผล 0,น.,"ผลที่ไม่สมควร, ผลทราม."
อภัย 0,น.,"ความไม่มีภัย, ความไม่ต้องกลัว. (ป., ส.), นิยมใช้ประกอบกับคำอื่น เช่น ขออภัย หมายความว่า ขอให้ยกโทษให้ ขออย่าได้ถือโทษ, ให้อภัย หมายความว่า ยกโทษให้."
อภัย 1,ก.,ยกโทษ เช่น ฉันอภัยให้เธอ.
อภัย- 0,น.,"ความไม่มีภัย, ความไม่ต้องกลัว. (ป., ส.), นิยมใช้ประกอบกับคำอื่น เช่น ขออภัย หมายความว่า ขอให้ยกโทษให้ ขออย่าได้ถือโทษ, ให้อภัย หมายความว่า ยกโทษให้."
อภัย- 1,ก.,ยกโทษ เช่น ฉันอภัยให้เธอ.
อภัยทาน 0,น.,การให้ความไม่มีภัย เช่น ให้อภัยทาน.
อภัยทาน 1,ว.,ที่ให้ความไม่มีภัย เช่น เขตอภัยทาน.
อภัยโทษ 0,น.,การยกโทษ เปลี่ยนโทษหนักเป็นเบา หรือลดโทษให้.
อภิ 0,*ว.,"คำประกอบหน้าศัพท์ที่มาจากภาษาบาลีและสันสกฤต มีความหมายว่า ยิ่ง, วิเศษ, เหนือ, เช่น อภิรมย์ = ยินดียิ่ง, อภิญญาณ = ความรู้วิเศษ, อภิมนุษย์ = มนุษย์ที่เหนือมนุษย์ทั้งหลาย."
อภิฆาต 0,ก.,"เข่นฆ่า, ทำลายล้างให้หมดสิ้น."
อภิฆาต 1,น.,"การเข่นฆ่า, การทำลายล้างให้หมดสิ้น."
อภิจฉา 0,น.,"ความทะเยอทะยาน, ความกระวนกระวาย."
อภิชฌา 0,น.,"ความโลภ, ความอยากได้."
อภิชน 0,น.,ชนผู้สืบมาจากตระกูลสูง.
อภิชน- 0,น.,ชนผู้สืบมาจากตระกูลสูง.
อภิชนาธิปไตย 0,น.,ระบอบการปกครองแบบหนึ่งที่มีอภิชนเป็นใหญ่. (ป. อภิ + ชน + อธิปเตยฺย).
อภิชัย 0,น.,ความชนะ
อภิชัย 1,น.,การปราบปราม.
อภิชาต 0,ว.,"เกิดดี, มีตระกูล."
อภิชาต- 0,ว.,"เกิดดี, มีตระกูล."
อภิชาตบุตร 0,น.,"บุตรที่มีคุณสมบัติสูงกว่าบิดามารดา, อติชาตบุตร ก็ว่า."
อภิชิต 0,ว.,"มีชัย, ชนะแล้ว."
อภิญญา 0,น.,“ความรู้ยิ่ง” ในพระพุทธศาสนามี ๖ อย่าง คือ ๑. อิทธิวิธิ การแสดงฤทธิ์ได้ ๒. ทิพโสต หูทิพย์ ๓. เจโตขปริยญาณ ญาณรู้จักกำหนดใจผู้อื่น ๔. ปุพ-เพนิวาสานุสติญาณ การระลึกชาติได้ ๕. ทิพจักขุ ตาทิพย์ ๖. อาสวักขยญาณ ญาณรู้จักทำอาสวะให้สิ้นไป.
อภิญญาณ 0,น.,“ความรู้ยิ่ง” ในพระพุทธศาสนามี ๖ อย่าง คือ ๑. อิทธิวิธิ การแสดงฤทธิ์ได้ ๒. ทิพโสต หูทิพย์ ๓. เจโตขปริยญาณ ญาณรู้จักกำหนดใจผู้อื่น ๔. ปุพ-เพนิวาสานุสติญาณ การระลึกชาติได้ ๕. ทิพจักขุ ตาทิพย์ ๖. อาสวักขยญาณ ญาณรู้จักทำอาสวะให้สิ้นไป.
อภิณห- 0,ว.,"เสมอ, ทุกวัน."
อภิธรรม 0,น.,ชื่อธรรมะชั้นสูง มี ๗ คัมภีร์ ได้แก่ ๑. สังคณี ๒. วิภังค์ ๓. ธาตุกถา ๔. ปุคคลบัญญัติ ๕. กถาวัตถุ ๖. ยมก ๗. ปัฏฐาน นิยมใช้สวดในงานศพ.
อภิธรรมปิฎก 0,น.,"ชื่อปิฎก ๑ ในพระไตรปิฎก, นิยมเรียกสั้น ๆ ว่า พระอภิธรรม."
อภิธาน 0,น.,หนังสืออธิบายศัพท์เฉพาะเรื่อง เช่น อภิธานประวัติศาสตร์ไทย.
อภิไธย 0,น.,ชื่อ.
อภินันท์ 0,น.,"ความยินดียิ่ง, ความดีใจยิ่ง."
อภินันท- 0,น.,"ความยินดียิ่ง, ความดีใจยิ่ง."
อภินันทนาการ 0,น.,ความยินดียิ่ง เช่น ด้วยอภินันทนาการ หมายถึง ให้ด้วยความยินดียิ่ง.
อภินัย 0,น.,"การแสดงละคร, การแสดงท่าทาง."
อภินิหาร 0,น.,"อำนาจแห่งบารมี, อำนาจบุญที่สร้างสมไว้, อำนาจเหนือปรกติธรรมดา."
อภิเนษกรมณ์ 0,น.,การออกบวชเพื่อคุณอันยิ่งใหญ่.
อภิบาล 0,ก.,"บำรุงรักษา, ปกครอง."
อภิปรัชญา 0,น.,ปรัชญาสาขาหนึ่ง ว่าด้วยความแท้จริง ซึ่งเป็นเนื้อหาสำคัญของปรัชญา.
อภิปราย 0,ก.,พูดชี้แจงแสดงความคิดเห็น.
อภิมหาอำนาจ 0,ว.,เรียกประเทศที่มีอำนาจทางด้านเศรษฐกิจและทางทหารสูงกว่าประเทศมหาอำนาจ ว่า ประเทศอภิมหาอำนาจ.
อภิมานะ 0,น.,"ความเย่อหยิ่ง, ความถือตัว."
อภิมุข 0,น.,หัวหน้า เช่น เสนาภิมุข = หัวหน้าทหาร.
อภิมุข 1,ว.,"หันหน้าตรงไป, ตรงหน้า."
อภิรดี 0,น.,ความรื่นรมย์ยินดียิ่ง (มักใช้ในเรื่องรักใคร่).
อภิรติ 0,น.,ความรื่นรมย์ยินดียิ่ง (มักใช้ในเรื่องรักใคร่).
อภิรมย์ 0,ก.,"รื่นเริงยิ่ง, ดีใจยิ่ง, ยินดียิ่ง"
อภิรมย์ 1,ก.,"พักผ่อน, ใช้ว่า ภิรมย์ ก็มี."
อภิรักษ์ 0,ก.,"รักษา, ระวัง, ป้องกัน."
อภิรัฐมนตรี 0,น.,ที่ปรึกษาชั้นสูงของพระมหากษัตริย์.
อภิราม 0,ว.,"น่ายินดียิ่ง, เป็นที่พอใจยิ่ง, งดงามยิ่ง."
อภิรุต 0,น.,"เสียง, เสียงร้อง."
อภิรุม 0,น.,"ฉัตรเครื่องสูงอย่างหนึ่ง ใช้ในกระบวนแห่ของหลวง หรือปักเป็นเครื่องประดับเกียรติยศ, โบราณเขียนเป็น อภิรม ก็มี."
อภิรูป 0,ว.,รูปงาม.
อภิลักขิต 0,ว.,"หมายไว้, กำหนดไว้."
อภิลักขิต- 0,ว.,"หมายไว้, กำหนดไว้."
อภิลักขิตกาล 0,น.,"เวลาที่กำหนดไว้, วันกำหนด, (มักนิยมใช้แก่วันทำบุญคล้ายวันเกิดหรือวันทำพิธีประจำปี)."
อภิลักขิตสมัย 0,น.,"เวลาที่กำหนดไว้, วันกำหนด, (มักนิยมใช้แก่วันทำบุญคล้ายวันเกิดหรือวันทำพิธีประจำปี)."
อภิเลปน์ 0,น.,การลูบไล้
อภิเลปน์ 1,น.,"เครื่องลูบไล้, ของหอม."
อภิวันท์ 0,ก.,กราบไหว้.
อภิวาท 0,น.,การกราบไหว้.
อภิวาทน์ 0,น.,การกราบไหว้.
อภิเษก 0,ก.,แต่งตั้งโดยการทำพิธีรดนํ้า เช่นพิธีขึ้นเสวยราชย์ของพระมหากษัตริย์.
อภิเษกสมรส 0,ก.,แต่งงาน (ใช้แก่เจ้านายชั้นสมเด็จเจ้าฟ้า).
อภิสมโพธิ 0,น.,ความตรัสรู้เองด้วยพระปัญญาอันยิ่ง หมายเฉพาะการตรัสรู้เป็นพระพุทธเจ้า.
อภิสมัย 0,น.,"ความตรัสรู้, ความบรรลุ, การถึง, ใช้ในคำว่า ธรรมาภิสมัย."
อภิสมาจาร 0,น.,"มารยาทอันดี, ความประพฤติอันดี."
อภิสัมโพธิ 0,น.,ความตรัสรู้เองด้วยพระปัญญาอันยิ่ง หมายเฉพาะการตรัสรู้เป็นพระพุทธเจ้า.
อภิสัมโพธิญาณ 0,น.,ญาณคือความตรัสรู้เองด้วยพระปัญญาอันยิ่ง หมายเฉพาะการตรัสรู้เป็นพระพุทธเจ้า.
อภิสิต 0,ก.,"รดแล้ว, ได้รับการอภิเษกแล้ว."
อภิสิทธิ์ 0,น.,"สิทธินอกเหนือขอบเขต, สิทธิเหนือกฎหรือระเบียบที่วางไว้, สิทธิที่ได้รับนอกเหนือไปจากกฎหรือระเบียบที่วางไว้."
อภูตะ 0,ว.,"ไม่มี, ไม่เกิดขึ้น, ไม่ปรากฏ."
อม 0,ก.,"เอาสิ่งของใส่ปากแล้วหุบปากไว้ไม่กลืนลงไป, โดยปริยายหมายความว่า ไม่แสดงออกมา เช่น อมภูมิ"
อม 1,ก.,"กลมกลืน, ปนกัน, เช่น อมเปรี้ยวอมหวาน เขียวอมเหลือง"
อม 2,ก.,"เม้ม, ขมิบ, ยักเอาไว้."
อ้ม 0,น.,ต้นเนียม. [ดู เนียม ๑ (๒)].
อมความ 0,ก.,"เก็บใจความสำคัญ, ใช้ถ้อยคำน้อยแต่เก็บความสำคัญไว้ได้มาก"
อมความ 1,ก.,"จำไว้ในใจ, จำใจความได้."
อมต- 0,ว.,"ไม่ตาย เช่น อมตธรรม, เป็นที่นิยมยั่งยืน เช่น เพลงอมตะ."
อมต- 1,น.,พระนิพพาน.
อมตบท 0,น.,ทางพระนิพพาน.
อมตะ 0,ว.,"ไม่ตาย เช่น อมตธรรม, เป็นที่นิยมยั่งยืน เช่น เพลงอมตะ."
อมตะ 1,น.,พระนิพพาน.
อมทุกข์ 0,ว.,มีความทุกข์สุมอยู่ เช่น หน้าตาอมทุกข์.
อมนุษย์ 0,น.,ผู้ที่มิใช่มนุษย์ (หมายรวมทั้ง เทวดา พรหม สัตว์นรก เปรต อสุรกาย ภูตผีปิศาจ เป็นต้น) แต่โดยมากหมายถึง ภูตผีปิศาจ.
อมปาก 0,ก.,"หุบปากไว้, ไม่ยอมพูดในสิ่งที่ควรพูด, หุบปากหุบคำ ก็ว่า."
อมพระมาพูด 0,*ก.,ใช้ในการพูดโดยอ้างพระหรือสิ่งศักดิ์สิทธิ์มาประกอบเป็นพยาน มักใช้ในความปฏิเสธ เช่น ต่อให้อมพระมาพูดก็ไม่เชื่อ.
อมพะนำ 0,ว.,"นิ่งอึ้งไม่พูดจา, อำพะนำ ก็ว่า."
อมเพลิง 0,น.,เรียกไม้เสาที่มีเปลือกและกระพี้เป็นชั้น ๆ ว่า เสาอมเพลิง ถือว่าเป็นเสาไม่ดี.
อมภูมิ 0,ก.,ไม่ยอมแสดงความรู้ทั้ง ๆ ที่มีความรู้ บางทีใช้หมายถึงทำท่าทางคล้าย ๆ รู้ แต่ความจริงไม่รู้ เช่น ทำเป็นอมภูมิ.
อมมือ 0,ว.,ไม่เดียงสา (ใช้แก่เด็ก) ในคำว่า เด็กอมมือ.
อมยิ้ม 0,ว.,ยิ้มน้อย ๆ โดยไม่เผยอริมฝีปาก.
อมยิ้ม 1,น.,ชื่อขนมชนิดหนึ่ง ทำด้วยน้ำตาล มีสีต่าง ๆ เป็นรูปกลม ๆ หรือแบน ๆ เสียบไม้.
อมร 0,น.,"ผู้ไม่ตาย, เทวดา."
อมร 1,ว.,"ไม่ตาย, ไม่เสื่อมสูญ, ยั่งยืน."
อมร- 0,น.,"ผู้ไม่ตาย, เทวดา."
อมร- 1,ว.,"ไม่ตาย, ไม่เสื่อมสูญ, ยั่งยืน."
อมรโคยานทวีป 0,น.,ทวีปใหญ่อยู่ทางทิศตะวันตกของเขาพระสุเมรุ เป็นทวีป ๑ ใน ๔ ทวีป ได้แก่ อุตรกุรุทวีปหรืออุตรกุรูทวีป บุพวิเทหทวีป ชมพูทวีป และอมรโคยานทวีปหรืออปรโคยานทวีป.
อมรบดี 0,น.,“จอมเทวดา” คือ พระอินทร์.
อมรรัตน์ 0,น.,เพชร.
อมรราช 0,น.,“ราชาของเทวดา” คือ พระอินทร์.
อมรสตรี 0,น.,"นางสวรรค์, นางฟ้า."
อมรา 0,น.,อมร.
อมราวดี 0,น.,ชื่อเมืองของพระอินทร์.
อมรินทร์ 0,น.,พระอินทร์.
อมเรนทร์ 0,น.,พระอินทร์.
อมเรศ 0,น.,พระอินทร์.
อมเรศวร 0,น.,พระอินทร์.
อมโรค 0,ว.,ขี้โรค.
อมฤต 0,น.,นํ้าทิพย์ เรียกว่า นํ้าอมฤต
อมฤต 1,น.,เครื่องทิพย์.
อมฤต- 0,น.,นํ้าทิพย์ เรียกว่า นํ้าอมฤต
อมฤต- 1,น.,เครื่องทิพย์.
อมฤตบท 0,น.,ทางพระนิพพาน.
อมฤตยู 0,น.,ความไม่ตาย.
อมฤตรส 0,น.,น้ำทิพย์
อมฤตรส 1,น.,พระธรรม (ในพระพุทธศาสนา).
อมเลือดอมฝาด 0,ว.,มีผิวพรรณผุดผ่อง.
อมเลือดอมหนอง 0,ว.,มีเลือดและหนองปนกันอยู่ข้างใน เช่น ฝีอมเลือดอมหนอง.
อมหนอง 0,ก.,"กลัดหนอง, มีหนองคั่งอยู่."
อมัจจะ 0,น.,อำมาตย์.
อมัตร 0,น.,"หม้อนํ้า, ภาชนะสำหรับใส่นํ้าดื่ม."
อมาตย์ 0,น.,"อำมาตย์, ข้าราชการ, ข้าทูลละอองธุลีพระบาท"
อมาตย์ 1,น.,"ลูกขุน, ขุนนาง, ข้าราชการฝ่ายพลเรือน."
อมาวสี 0,น.,"วันดับ, วันที่พระจันทร์และพระอาทิตย์ร่วมราศีและองศาเดียวกัน ตรงกับแรม ๑๕ ค่ำหรือแรม ๑๔ ค่ำในเดือนขาด."
อมาวสุ 0,น.,"วันดับ, วันที่พระจันทร์และพระอาทิตย์ร่วมราศีและองศาเดียวกัน ตรงกับแรม ๑๕ ค่ำหรือแรม ๑๔ ค่ำในเดือนขาด."
อมาวาสี 0,น.,"วันดับ, วันที่พระจันทร์และพระอาทิตย์ร่วมราศีและองศาเดียวกัน ตรงกับแรม ๑๕ ค่ำหรือแรม ๑๔ ค่ำในเดือนขาด."
อมิตร 0,ว.,ไม่ใช่เพื่อน.
อมิตร 1,น.,"ข้าศึก, ศัตรู."
อเมริกัน 0,น.,ชื่อชาวสหรัฐอเมริกา.
อย- 0,น.,เหล็ก.
อยน- 0,น.,"ทาง, ถนน, ที่ไป, ที่เดิน"
อยน- 1,น.,"การไป, การถึง."
อยั่วเมือง 0,ว.,"คำเรียกพระสนมเอกครั้งโบราณ ว่า แม่อยั่วเมือง, หยั่วเมือง หรือ ยั่วเมือง ก็ว่า."
อยัส 0,น.,เหล็ก.
อย่า 0,ว.,คำประกอบกริยาบอกความห้ามหรือไม่ยอมให้ทำการต่าง ๆ.
อยาก 0,ก.,"ปรารถนา, ประสงค์, ต้องการ, ใคร่, เช่น อยากเป็นใหญ่เป็นโต อยากมีเงิน"
อยาก 1,ก.,"หิว, กระหาย, (ใช้แก่อาหาร) เช่น อยากข้าว อยากน้ำ."
อย่าง 0,น.,"วิธี, แบบ, เยี่ยง, เช่น ทำอย่างนี้ เขียนอย่างนั้น, ลักษณนามบอกจำนวน หมายถึง ชนิด, สิ่ง, เช่น ทำกับข้าวไว้ ๒ อย่าง ทำงานหลายอย่าง."
อย่าง 1,ว.,"เหมือน เช่น อย่างใจ อย่างเคย, ใช้ประกอบคำวิเศษณ์ หมายความว่า โดยอาการที่ เช่น อย่างดี อย่างเข้มแข็ง."
อย่างไร 0,ว.,"ใช้ในประโยคคำถาม ถามถึงความเป็นไป ความเป็นอยู่ เช่น คนไข้มีอาการอย่างไร หมู่นี้เป็นอย่างไรบ้าง, ถามถึงวิธีหรือความเห็นเป็นต้น เช่น จะทำอย่างไร มีความเห็นอย่างไร"
อย่างไร 1,ว.,ถ้าใช้ในประโยคที่ไม่เป็นคำถาม หมายความว่า จะโดยวิธีใด ๆ ก็ตาม เช่น ถึงอย่างไรเขาก็ไม่มา.
อย่างไรก็ดี 0,สัน.,"ถึงเช่นนั้น, แม้กระนั้น, แต่."
อย่างไรก็ตาม 0,สัน.,"ถึงเช่นนั้น, แม้กระนั้น, แต่."
อยุทธ์ 0,ว.,"ไม่พ่ายแพ้, ปราบไม่ได้."
อยู่ 0,ก.,"พัก, อาศัย, เช่น เขาอยู่บ้านหลังนี้"
อยู่ 1,ก.,ยังมีชีวิต เช่น เขายังอยู่
อยู่ 2,ก.,"คงที่ เช่น เงินที่ให้มายังอยู่ครบ, ไม่ไปจากที่ เช่น วันนี้เขาอยู่บ้าน"
อยู่ 3,ก.,ใช้ประกอบหลังกริยา แสดงว่ากำลังเป็นอยู่ในขณะนั้น เช่น นอนอยู่ ตั้งอยู่.
อยู่ ๆ 0,ว.,อาการที่พูดหรือแสดงหรือได้รับสิ่งใดสิ่งหนึ่งโดยไม่มีสาเหตุ เช่น อยู่ ๆ เขาก็มาด่าฉัน อยู่ดี ๆ เธอก็เป็นลมฟุบไป อยู่ดี ๆ ก็มีคนนำเงินมาให้.
อยู่กรรม 0,ก.,"อยู่ปฏิบัติปริวาสกรรมให้ครบตามวันที่กำหนด (ใช้แก่ภิกษุผู้ต้องอาบัติสังฆาทิเสส), เข้าปริวาส หรือ เข้าปฏิวาสกรรม ก็ว่า."
อยู่กิน 0,ก.,ดำรงชีวิตฉันผัวเมีย.
อยู่คง 0,ว.,ทนทานต่อศัสตราวุธ.
อยู่งาน 0,ก.,ปรนนิบัติรับใช้พระมหากษัตริย์ เป็นศัพท์ที่ใช้ในราชการแห่งราชสำนัก.
อยู่ดี ๆ 0,ว.,อาการที่พูดหรือแสดงหรือได้รับสิ่งใดสิ่งหนึ่งโดยไม่มีสาเหตุ เช่น อยู่ ๆ เขาก็มาด่าฉัน อยู่ดี ๆ เธอก็เป็นลมฟุบไป อยู่ดี ๆ ก็มีคนนำเงินมาให้.
อยู่ดีกินดี 0,ว.,มีความเป็นอยู่อย่างสุขสบาย.
อยู่ดีไม่ว่าดี 0,ว.,แทนที่จะอยู่เฉย ๆ กลับทำสิ่งที่ก่อให้เกิดความเดือดร้อนแก่ตน เช่น อยู่ดีไม่ว่าดีขอลูกเขามาเลี้ยง.
อยู่ตัว 0,ก.,"ถึงระดับที่คงตัว, คงที่, ไม่เปลี่ยนแปลง."
อยู่ท้อง 0,ว.,อิ่มได้นาน.
อยู่ปริวาส 0,ก.,"อยู่ปฏิบัติปริวาสกรรมให้ครบตามวันที่กำหนด (ใช้แก่ภิกษุผู้ต้องอาบัติสังฆาทิเสส), เข้าปริวาส หรือ เข้าปฏิวาสกรรม ก็ว่า."
อยู่ไปมา 0,ว.,อาการที่ทำต่อเนื่องกันหลายหนหรือเรื่อย ๆ ไป เช่น ยิ้มอยู่ไปมา โบกมืออยู่ไปมา.
อยู่ไฟ 0,ก.,นอนใกล้ไฟโดยเชื่อว่าความร้อนจะทำให้มดลูกเข้าสู่ภาวะปรกติได้เร็วหลังคลอดลูกแล้ว.
อยู่มือ 0,ก.,"เกรงกลัวไม่กล้าฝ่าฝืน, อยู่ในบังคับไม่กล้าฝ่าฝืน."
อยู่ไม่สุข 0,ก.,อยู่นิ่ง ๆ ไม่ได้.
อยู่ยงคงกระพัน 0,ว.,ทนทานต่อศัสตราวุธ.
อยู่ยาม 0,ก.,เฝ้าระวังเหตุการณ์.
อยู่โยง 0,ก.,อยู่ประจำที่แต่ผู้เดียวหรือกลุ่มเดียว.
อยู่เลย 0,ว.,คำใช้ประกอบหลังคำอื่นเพื่อเน้นความให้ชัดเจนยิ่งขึ้น เช่น อายุ ๗๐ แล้ว ยังดูหนุ่มอยู่เลย เธอยังสาวอยู่เลย.
อยู่แล้ว 0,ว.,แย่แล้ว เช่น เอะกูอยู่แล้วนะเสนี เห็นไพรีจะมากมายหลายหมื่น (สังข์ทอง).
อยู่เวร 0,ก.,ผลัดกันอยู่รักษาหน้าที่ตามเวลาที่กำหนดไว้.
อยู่หมัด 0,ก.,"เกรงกลัวฝีปากหรือฝีมือ, ยอมอยู่ในอำนาจ."
อยู่อัตรา 0,ว.,"เป็นปรกติ, เป็นประจำ, เช่น ให้เพิ่มพูนปรนนิบัติอยู่อัตรา (กลอนเพลงยาวสรรเสริญพระเกียรติ ร. ๓), (ปาก) เป็นอัตรา."
อยู่อาสา 0,น.,การที่ผู้ชายไปอยู่บ้านผู้หญิงที่จะแต่งงานด้วย ทำการงานรับใช้ให้แรงงาน เพื่อแสดงตนว่าเป็นคนขยันขันแข็งและประพฤติตนดีสมควรที่จะเข้าไปเป็นเขยของบ้านนั้น เช่น บ่สู่อยู่อาสา หนึ่งน้อย (กาพย์ห่อโคลงพระศรีมโหสถ).
อร- 0,น.,"กำ, ซี่ล้อรถหรือเกวียน."
อร 0,น.,"ผู้หญิง, หญิงงาม, เช่น โอบองค์ผอูนอวล ออกโอษฐ์ อรเอย (นิ. นรินทร์)."
อร 1,ว.,"สวย, งาม, เช่น พระองค์กลมกล้องแกล้ง เอวอ่อนอรอรรแถ้ง ถ้วนแห่งเจ้ากูงาม บารนี (ลอ)."
อร 2,ก.,"ทำให้ดีใจ, ทำให้ปลาบปลื้มใจ, เช่น ใครรู้แห่งพระแพศยันดร บอกจงอรใจกู (ม. คำหลวง ชูชก)."
อรช- 0,ว.,ปราศจากผงหรือมลทิน.
อรชร 0,ว.,"งามอย่างเอวบางร่างน้อย, มักใช้เข้าคู่กับคำ อ้อนแอ้น เป็น อรชรอ้อนแอ้น."
อรชุน 0,น.,ไม้รกฟ้า
อรชุน 1,น.,สีขาว.
อรชุน 2,ว.,ขาว
อรชุน 3,ว.,ใส.
อรณ- 0,ก.,ไม่รบ.
อรดี 0,น.,"ความไม่ยินดี, ความไม่พอใจ, อราดี หรือ อราติ ก็ใช้."
อรติ 0,น.,"ความไม่ยินดี, ความไม่พอใจ, อราดี หรือ อราติ ก็ใช้."
อรทัย 0,น.,"หญิงสาว, สาวรุ่น, สาวงาม."
อรทื้อ 0,ก.,อับแสง เช่น ด่งงฤๅด่งงไซรชรเอมชรอื้ออรทื้อแทบทางเดอร (ม. คำหลวง ชูชก).
อรไท 0,น.,"นางผู้เป็นใหญ่, นางผู้มีสกุล, (ใช้เรียกนางกษัตริย์), ใช้ว่า อ่อนไท้ ก็มี."
อรธาน 0,ว.,ที่ปล่อยปละละไว้โดยไม่หวงแหน เช่น ของอรธาน.
อรนุช 0,น.,หญิงงาม.
อรพินท์ 0,น.,"ดอกบัว, (โบ) เขียนเป็น อรพินธุ ก็มี เช่น อันประดับด้วยอรพินธุเนานึก บุณฑรึกจงกล (ม. คำหลวง วนประเวศน์)."
อรพิม 0,น.,"ชื่อไม้เถาชนิด Bauhinia winitii Craib ในวงศ์ Leguminosae ฝักแบนกว้างและโค้ง ดอกสีขาว รากใช้กินกับหมากต่างสีเสียด, อรพิม ก็เรียก."
อรรค 0,ว.,อัคร.
อรรฆ 0,น.,"ค่า, ราคา."
อรรฆย์ 0,ว.,"มีค่า, มีราคา"
อรรฆย์ 1,ว.,ควรยกย่อง.
อรรจน์ 0,น.,"การยกย่อง, การสรรเสริญ."
อรรณพ 0,น.,"ห้วงนํ้า, ทะเล, มหาสมุทร."
อรรถ 0,น.,"เนื้อความ เช่น แปลโดยอรรถ, คำที่ยังไม่ได้แปลความหมาย เช่น คำอรรถ."
อรรถ- 0,น.,"เนื้อความ เช่น แปลโดยอรรถ, คำที่ยังไม่ได้แปลความหมาย เช่น คำอรรถ."
อรรถกถา 0,น.,"คัมภีร์ที่อธิบายความพระบาลี, คัมภีร์ที่ไขความพระไตรปิฎก."
อรรถกถาจารย์ 0,น.,อาจารย์ผู้แต่งอรรถกถา.
อรรถกร 0,ว.,"ให้ประโยชน์, เป็นประโยชน์."
อรรถกวี 0,น.,กวีผู้มีความสามารถในการแต่งร้อยกรองตามความเป็นจริง.
อรรถคดี 0,น.,เรื่องที่ฟ้องร้องกันในศาล.
อรรถบท 0,น.,"แก่นเรื่อง, เนื้อความ, หัวข้อ, สาระ."
อรรถปฏิสัมภิทา 0,น.,"ปัญญาอันแตกฉานในอรรถ คือ ความเข้าใจที่สามารถคาดหมายผลข้างหน้าอันจะเกิดสืบเนื่องไปจากเหตุ, ความเข้าใจอธิบายอรรถแห่งภาษิตย่อให้พิสดาร, เป็นธรรมข้อ ๑ ในปฏิสัมภิทา ๔ คือ ๑. อรรถปฏิสัมภิทา ๒. ธรรมปฏิสัมภิทา ๓. นิรุตติปฏิสัมภิทา ๔. ปฏิภาณปฏิสัมภิทา."
อรรถประโยชน์ 0,น.,ประโยชน์ที่ต้องการ.
อรรถรส 0,น.,"รสแห่งถ้อยคำ, ถ้อยคำที่ทำให้เกิดความซาบซึ้ง, ถ้อยคำที่ทำให้เกิดอารมณ์สะเทือนใจ."
อรรถาธิบาย 0,ก.,"ขยายความ, อธิบายความ."
อรรถาธิบาย 1,น.,"การขยายความ, การอธิบายความ."
อรรธ 0,น.,"ครึ่งหนึ่ง, ซีก, ส่วนหนึ่ง."
อรรธ- 0,น.,"ครึ่งหนึ่ง, ซีก, ส่วนหนึ่ง."
อรรธกรรณ 0,น.,“ครึ่งเส้นผ่าศูนย์กลาง” คือ รัศมีของวงกลม.
อรรธคราส 0,น.,การมีจันทรคราสและสุริยคราสครึ่งดวง.
อรรธจักร 0,น.,"เรียกดวงชาตาของคนที่พระเคราะห์ไปร่วมกันอยู่ข้างใดข้างหนึ่ง, อัฒจักร ก็ว่า."
อรรธจันทร์ 0,น.,พระจันทร์ครึ่งซีก
อรรธจันทร์ 1,น.,"ที่นั่งเป็นขั้น ๆ สำหรับดูการแสดง มีลักษณะเป็นรูปครึ่งวงกลม, ชั้นที่ตั้งของขายหรือก้าวขึ้นลง ทำเป็นขั้น ๆ, อัฒจันทร์ ก็ว่า."
อรรธนิศา 0,น.,เวลาเที่ยงคืน.
อรรธบท 0,น.,ครึ่งทาง.
อรรธภาค 0,น.,ครึ่งหนึ่ง.
อรรธสระ 0,น.,เสียงกึ่งสระกึ่งพยัญชนะ.
อรสุม 0,น.,ไอนํ้า.
อรสุมพล 0,น.,กำลังไอนํ้า.
อรหะ 0,ว.,"ควร, สมควร."
อรหัง 0,น.,พระพุทธเจ้า
อรหัง 1,น.,พระอรหันต์.
อรหัต 0,น.,ความเป็นพระอรหันต์.
อรหัต- 0,น.,ความเป็นพระอรหันต์.
อรหัตผล 0,น.,ธรรมที่พระอรหันต์ได้บรรลุ. (ป. อรหตฺตผล; ส. อรฺหตฺตฺว + ผล). (ดู ผล).
อรหัตมรรค 0,น.,ทางปฏิบัติที่ให้สำเร็จเป็นพระอรหันต์. (ส. อรฺหตฺตฺว + มารฺค; ป. อรหตฺตมคฺค). (ดู มรรค).
อรหัตวิโมกข์ 0,น.,ความพ้นจากกิเลสเพราะสำเร็จอรหัต.
อรหัน 0,น.,ชื่อสัตว์ในนิยาย มี ๒ เท้า มีปีกคล้ายนก หัวคล้ายหัวคน
อรหัน 1,น.,ผู้วิเศษ.
อรหันต์ 0,น.,ชื่อพระอริยบุคคลชั้นสูงสุดใน ๔ ชั้น คือ พระโสดาบัน พระสกทาคามี พระอนาคามี และพระอรหันต์ เรียกว่า พระอรหันต์. (ศัพท์นี้ใช้ อรหา หรือ อรหัง ก็มี แต่ถ้าใช้เป็นคำวิเศษณ์หรืออยู่หน้าสมาสต้องใช้ อรหันต).
อรหันต- 0,น.,ชื่อพระอริยบุคคลชั้นสูงสุดใน ๔ ชั้น คือ พระโสดาบัน พระสกทาคามี พระอนาคามี และพระอรหันต์ เรียกว่า พระอรหันต์. (ศัพท์นี้ใช้ อรหา หรือ อรหัง ก็มี แต่ถ้าใช้เป็นคำวิเศษณ์หรืออยู่หน้าสมาสต้องใช้ อรหันต).
อรหันตฆาต 0,น.,"การฆ่าพระอรหันต์, นับว่าเป็นบาปหนักที่สุดอย่าง ๑ ในอนันตริยกรรม ๕ อันได้แก่ ๑. ปิตุฆาต คือ ฆ่าบิดา ๒. มาตุฆาต คือ ฆ่ามารดา ๓. อรหันตฆาต คือ ฆ่าพระอรหันต์ ๔. โลหิตุปบาท คือ ทำให้พระกายพระพุทธเจ้าห้อเลือด ๕. สังฆเภท คือ ทำให้สงฆ์แตกแยกกัน."
อร่อย 0,ว.,มีรสดี (ใช้แก่ของกิน)
อร่อย 1,ว.,"ดี, ถึงใจ, ดุเดือด, เช่น มวยคู่นี้ต่อยกันอร่อยมาก."
อรัญ 0,น.,ป่า.
อรัญ- 0,น.,ป่า.
อรัญญิก 0,น.,"ป่า, บริเวณป่า, โบราณเขียนเป็น อรญญิก หรือ อไรญิก ก็มี เช่น ในกลางอรญญิก, เมืองสุโขทัยนี้มีอไรญิก (จารึกสยาม), (โบ) วัดอรัญญิก เช่น ไปสูดญัดกฐินเถิงอไรญิกพู้น (จารึกสยาม)."
อรัญญิก 1,ว.,ที่เกี่ยวกับป่า เช่น อรัญญิกาวาส.
อรัญวาส 0,น.,การอยู่ในป่า.
อรัญวาสี 0,น.,"ผู้อยู่ในป่า, ใช้สำหรับเรียกคณะสงฆ์ฝ่ายวิปัสสนาธุระ คู่กับ คามวาสี คณะสงฆ์ฝ่ายคันถธุระ."
อรัณย์ 0,น.,ป่า.
อราดี 0,น.,"ความไม่ยินดี, ความไม่พอใจ. (ป. อรติ). (ดู อรดี)."
อราติ 0,น.,"ความไม่ยินดี, ความไม่พอใจ. (ป. อรติ). (ดู อรดี)."
อร่าม 0,ว.,"แพรวพราว, สว่างไสว, เช่น ใส่ทองอร่ามไปทั้งตัว เปิดไฟอร่ามไปทั้งห้อง."
อริ 0,น.,"ข้าศึก, ผู้ที่ไม่ถูกกัน."
อริน 0,น.,"ลูกล้อ, จักร."
อรินทร์ 0,น.,ผู้เป็นใหญ่ฝ่ายข้าศึกหรือฝ่ายศัตรู มักหมายถึงพระราชาหรือเจ้าเมืองใหญ่ของฝ่ายตรงกันข้าม.
อริย- 0,น.,ในพระพุทธศาสนา เรียกบุคคลผู้บรรลุธรรมวิเศษ มีโสดาปัตติมรรคเป็นต้น ว่า พระอริยะ หรือ พระอริยบุคคล.
อริย- 1,ว.,"เป็นของพระอริยะ, เป็นชาติอริยะ"
อริย- 2,ว.,"เจริญ, เด่น, ประเสริฐ."
อริยกะ 0,น.,"ชื่อชนชาติหนึ่ง ซึ่งเป็นต้นเค้าของชาวอินเดียบางพวก ชาวอิหร่าน และชาวยุโรปบางพวก, อารยัน ก็ว่า."
อริยทรัพย์ 0,น.,ทรัพย์อันประเสริฐ มี ๗ ประการ คือ ศรัทธา ศีล หิริ โอตตัปปะ พาหุสัจจะ จาคะ ปัญญา.
อริยบุคคล 0,น.,บุคคลผู้บรรลุธรรมวิเศษ มีโสดาปัตติมรรคเป็นต้น.
อริยผล 0,น.,"ชื่อโลกุตรธรรมในพระพุทธศาสนา มี ๔ ชั้น คือ โสดาปัตติผล สกทาคามิผล อนาคามิผล อรหัตผล, คู่กับ อริยมรรค."
อริยมรรค 0,น.,"ทางอันประเสริฐอันเป็นทางแห่งความดับทุกข์ มีองค์ ๘ มี สัมมาทิฐิ (ความเห็นชอบ) เป็นต้น, ทางสายกลาง ก็เรียก, ทางดำเนินของพระอริยะ"
อริยมรรค 1,น.,"ชื่อโลกุตรธรรมในพระพุทธศาสนา มี ๔ ชั้น คือ โสดาปัตติมรรค สกทาคามิมรรค อนาคามิมรรค อรหัตมรรค, คู่กับ อริยผล."
อริยสัจ 0,น.,"ความจริงของพระอริยะ, ความจริงอันประเสริฐ"
อริยสัจ 1,น.,ชื่อธรรมสำคัญหมวดหนึ่งในพระพุทธศาสนา มี ๔ ข้อ คือ ๑. ทุกข์ ๒. ทุกขสมุทัย (เหตุให้เกิดทุกข์) ๓. ทุกขนิโรธ (ความดับทุกข์) และ ๔. ทุกขนิโรธคามินีปฏิปทา หรือ มรรค (ทางแห่งความดับทุกข์).
อริยะ 0,น.,ในพระพุทธศาสนา เรียกบุคคลผู้บรรลุธรรมวิเศษ มีโสดาปัตติมรรคเป็นต้น ว่า พระอริยะ หรือ พระอริยบุคคล.
อริยะ 1,ว.,"เป็นของพระอริยะ, เป็นชาติอริยะ"
อริยะ 2,ว.,"เจริญ, เด่น, ประเสริฐ."
อรุ 0,น.,"แผล, บาดแผล."
อรุณ 0,น.,"เวลาใกล้พระอาทิตย์จะขึ้น มี ๒ ระยะ คือ มีแสงขาวเรื่อ ๆ (แสงเงิน) และแสงแดงเรื่อ ๆ (แสงทอง), เวลายํ่ารุ่ง."
อรุโณทัย 0,น.,"เวลาตั้งขึ้นแห่งอรุณ, เวลาพระอาทิตย์เพิ่งขึ้น, เวลาเช้าตรู่, ใช้ว่า อโณทัย ก็มี."
อรุ่ม 0,ว.,มืดคลุ้ม.
อรูป 0,ว.,"ไม่มีรูป, ไม่ใช่รูป"
อรูป 1,ว.,ที่เป็นนามธรรม.
อรูป- 0,ว.,"ไม่มีรูป, ไม่ใช่รูป"
อรูป- 1,ว.,ที่เป็นนามธรรม.
อรูปฌาน 0,น.,ฌานมีอรูปธรรมเป็นอารมณ์ มี ๔ คือ ๑. อากา-สานัญจายตนะ (กำหนดที่ว่างหาที่สุดมิได้เป็นอารมณ์) ๒. วิญญาณัญจายตนะ (กำหนดวิญญาณหาที่สุดมิได้เป็นอารมณ์) ๓. อากิญจัญญายตนะ (กำหนดภาวะที่ไม่มีอะไร ๆ เป็นอารมณ์) ๔. เนวสัญญานาสัญญายตนะ (ภาวะมีสัญญาก็ไม่ใช่ ไม่มีสัญญาก็ไม่ใช่).
อรูปพรหม 0,น.,"เทพในพรหมโลกตามคติพระพุทธ-ศาสนา เป็นจำพวกไม่มีรูป มี ๔ ชั้น ได้แก่ อากาสา-นัญจายตนพรหม วิญญาณัญจายตนพรหม อากิญ-จัญญายตนพรหม และเนวสัญญานาสัญญายตน-พรหม, คู่กับ รูปพรหม."
อรูปภพ 0,น.,"ภพของผู้ที่ได้อรูปฌาน ๔, อรูปภูมิ ก็ว่า."
อรูปภูมิ 0,น.,อรูปภพ.
อรูปาพจร 0,ว.,"ที่ยังคิดอยู่ในอรูป, ที่ท่องเที่ยวอยู่ในอรูปภพ."
อรูปาพจร 1,น.,พรหมที่ไม่มีรูปเป็นพรหมที่ได้บรรจุอรูปฌาน. (ดู อรูปพรหม ประกอบ).
อรูปาวจร 0,ว.,"ที่ยังคิดอยู่ในอรูป, ที่ท่องเที่ยวอยู่ในอรูปภพ."
อรูปาวจร 1,น.,พรหมที่ไม่มีรูปเป็นพรหมที่ได้บรรจุอรูปฌาน. (ดู อรูปพรหม ประกอบ).
อลงกต 0,ก.,"ตกแต่ง, ประดับประดา."
อลงกรณ์ 0,น.,"การตกแต่ง, การประดับ"
อลงกรณ์ 1,น.,"เครื่องตกแต่ง, เครื่องประดับ."
อลงการ 0,น.,"การตกแต่ง, การประดับ"
อลงการ 1,น.,"เครื่องตกแต่ง, เครื่องประดับ."
อลงการ 2,ว.,งามด้วยเครื่องประดับตกแต่ง.
อลวน 0,ว.,"วุ่น, สับสน."
อลเวง 0,ว.,"เซ็งแซ่, ไม่เป็นระเบียบ."
อลหม่าน 0,ว.,"ชุลมุน, วุ่นวาย, แตกตื่น."
อล่องฉ่อง 0,ว.,ผุดผ่อง เช่น ผัดหน้าขาวอล่องฉ่อง.
อลักเอลื่อ 0,ว.,"อึดอัดใจ, ลำบากใจ, อาหลักอาเหลื่อ อิหลักอิเหลื่อ หรือ อีหลักอีเหลื่อ ก็ว่า."
อลังการ 0,น.,"การตกแต่ง, การประดับ"
อลังการ 1,น.,"เครื่องตกแต่ง, เครื่องประดับ."
อลังการ 2,ว.,งามด้วยเครื่องประดับตกแต่ง.
อลังการศาสตร์ 0,น.,วิชาว่าด้วยวิธีการประพันธ์ที่จะทำให้เกิดอรรถรสและความประทับใจ อำนวยประโยชน์ในการศึกษาวรรณคดีมาก.
อลัชชี 0,ว.,"ไม่อาย, นอกจารีต."
อลัชชี 1,น.,"ผู้ไม่อาย (ใช้แก่นักพรต), ผู้ประพฤตินอกจารีต, เช่น พระรูปนี้เป็นอลัชชี."
อล่างฉ่าง 0,ว.,"ที่เห็นจะแจ้ง, ที่เห็นเต็มที่, ที่เห็นเด่น, ที่เปิดเผย."
อลิงค์ 0,น.,เพศของคำที่ไม่ปรากฏชัดลงไปว่าเป็นเพศชายหรือเพศหญิง เช่น คน ครู นักเรียน ข้าราชการ สุนัข แมว.
อลึงค์ 0,น.,เพศของคำที่ไม่ปรากฏชัดลงไปว่าเป็นเพศชายหรือเพศหญิง เช่น คน ครู นักเรียน ข้าราชการ สุนัข แมว.
อลึ่งฉึ่ง 0,ว.,อาการที่บวมเป่งเห็นได้ชัด เช่น หน้าบวมอลึ่งฉึ่ง
อลึ่งฉึ่ง 1,ว.,"เรียกลักษณะของซากศพที่ขึ้นเต็มที่ว่า ขึ้นอลึ่งฉึ่ง, โดยปริยายเรียกอาการที่คนอ้วนมากนอนหงายหรือนั่งตามสบาย ว่า นอนอลึ่งฉึ่ง นั่งอลึ่งฉึ่ง."
อโลหะ 0,น.,ธาตุซึ่งมีสมบัติไม่เป็นโลหะ เช่น ถ่าน ออกซิเจน กำมะถัน ฟอสฟอรัส พวกอโลหะเมื่ออยู่ในสภาพไอออนจะเป็นไอออนลบ.
อ้วก 0,ก.,"ราก, อาเจียน."
อ้วก 1,ว.,"เสียงราก, เสียงอาเจียน."
อวกาศ 0,น.,บริเวณที่อยู่นอกบรรยากาศของโลก.
อวเคราะห์ 0,น.,"อุปสรรค, เครื่องกีดขวาง"
อวเคราะห์ 1,น.,ความเหนี่ยวรั้ง.
อวจร 0,น.,"แดน, บริเวณ, เขต, วิสัย."
อวชัย 0,น.,"ความเอาไว้ในเงื้อมมือ, การปราบปราม."
อวชาต 0,ว.,"มีกำเนิดเลว, ตํ่าช้า."
อวชาต- 0,ว.,"มีกำเนิดเลว, ตํ่าช้า."
อวชาตบุตร 0,น.,บุตรที่มีคุณสมบัติตํ่ากว่าบิดามารดา.
อวด 0,ก.,"สำแดงให้รู้เห็น เช่น อวดฤทธิ์อวดเดช, แสดงให้ปรากฏ เช่น อวดความสามารถ, นำออกให้ดูให้ชม เช่น เอาของมาอวด, ยกย่องต่อหน้าคน เช่น อวดว่าลูกตัวเก่ง, แสดงให้ผู้อื่นเข้าใจว่าตนมีคุณสมบัติเช่นนั้น ทั้ง ๆ ที่มิได้มี เช่น อวดเก่ง อวดภูมิ."
อวดดี 0,ก.,"ทะนงใจว่าตนดี, ถือดี, แสดงให้เขาเห็นว่าตนดีโดยไม่มีดีจริง ๆ."
อวดตัว 0,ก.,แสดงให้เห็นว่าตัวเองดีกว่าผู้อื่น.
อวดรู้ 0,ก.,แสดงให้ผู้อื่นเข้าใจว่าตนรู้ เช่น เขาชอบอวดรู้ทุกเรื่อง.
อวดอ้าง 0,ก.,"พูดแสดงสรรพคุณหรือคุณวิเศษที่มิได้มีอยู่หรือให้เกินความเป็นจริง, พูดโดยยกหลักฐานซึ่งไม่มีอยู่จริงหรือที่บิดเบือนไปจากความจริงมาประกอบ."
อวตาร 0,ก.,แบ่งภาคมาเกิดในโลก (ใช้แก่พระนารายณ์) เช่น พระนารายณ์อวตารเป็นปลา.
อวน 0,น.,ชื่อเครื่องจับปลา มีหลายชนิด ถักเป็นตาข่ายผืนยาว ใช้ล้อมจับปลา.
อ้วน 0,ว.,"มีเนื้อและมันมาก, โตอวบ."
อ้วนท้วน 0,ว.,อ้วนแข็งแรง.
อ้วนพี 0,ว.,มีเนื้อและมันมากเพราะกินดีอยู่ดี.
อวนรุน 0,น.,อวนที่มีลักษณะคล้ายถุง ปากอวนประกอบกับคันรุน ติดตั้งบริเวณหัวเรือ รุนเคลื่อนที่ไปพร้อมกับเรืออย่างต่อเนื่อง เพื่อให้สัตว์น้ำที่อยู่ด้านหน้าปากอวนเข้ามาติดอยู่ที่ก้นถุงอวน ใช้ทำการประมงในระดับน้ำลึกไม่เกิน ๑๕ เมตร.
อวนลอย 0,น.,"อวนชนิดที่ไม่มีเครื่องถ่วง ใช้ผูกมุมขอบบนของอวนกับเรือ อีกมุมหนึ่งผูกกับทุ่น ปล่อยให้อวนลอยไป, กัดวาง ก็เรียก."
อวนลาก 0,น.,"อวนชนิดที่ใช้ผูกตอนกลางอวนไว้กับเรือ คนหนึ่งอยู่ข้างตลิ่งยึดคันไม้ชายอวนข้างหนึ่งไว้ และอีกคนหนึ่งจับคันไม้ชายอวนอีกข้างหนึ่งเดินลุยนํ้าเป็นรูปครึ่งวงกลมเข้าตลิ่ง, กัดลาก ก็เรียก."
อวบ 0,ว.,"มีเนื้อหนังสมบูรณ์เต่งตึงกว่าปรกติ แต่ไม่ถึงกับอ้วน เช่น แขนอวบ ขาอวบ, โตและเต่งกว่าปรกติ เช่น ผักบุ้งยอดอวบ มะม่วงลูกอวบ."
อวบน้ำ 0,ว.,มีเนื้อชุ่มนํ้า (ใช้แก่พืช) เช่น ต้นกระบองเพชรเป็นพืชที่มีลำต้นอวบนํ้า.
อวบอั๋น 0,ว.,อวบอย่างเนื้อแน่น.
อวมงคล 0,ว.,"ที่มิใช่มงคล, เรียกงานทำบุญเกี่ยวกับการศพ ว่า งานอวมงคล."
อวมอำ 0,ว.,"ที่ปิดบังความจริง (ใช้แก่กริยาพูด), อำอวม ก็ว่า."
อวย 0,ก.,"ให้ เช่น อวยชัย อวยพร, โบราณใช้ว่า โอย ก็มี เช่น โอยทาน."
อวย 1,น.,เรียกหม้อดินหรือหม้อเคลือบที่มีด้ามหรือหูสำหรับจับหรือหิ้ว ว่า หม้ออวย.
อวยวะ 0,น.,"ชิ้น, ส่วน, ส่วนของร่างกาย, ในบทกลอนใช้ว่า อพยพ ก็มี."
อวรรค 0,น.,เศษวรรค.
อวรุทธ์ 0,ว.,ถูกขับไล่.
อวรุทธก 0,ว.,ถูกขับไล่.
อวล 0,ก.,"ฟุ้งด้วยกลิ่นหอม, มักใช้เข้าคู่กับคำ อบ เป็น อบอวล."
อวสาน 0,ก.,"จบ, สิ้นสุด."
อวสาน 1,น.,"การสิ้นสุด, ที่สุด."
อวหาร 0,น.,"การลัก, การขโมย."
อวัยวะ 0,น.,"ชิ้น, ส่วน, ส่วนของร่างกาย, ในบทกลอนใช้ว่า อพยพ ก็มี."
อวัสดา 0,น.,"ฐานะ, ความเป็นอยู่"
อวัสดา 1,น.,"เวลา, สมัย."
อวาจี 0,น.,ทิศใต้.
อวิจี 0,น.,"ชื่อนรกขุม ๑ ในนรก ๘ ขุม ได้แก่ ๑. สัญชีว-นรก ๒. กาฬสุตตนรก ๓. สังฆาฏนรก ๔. โรรุวนรก ๕. มหาโรรุวนรก ๖. ตาปนรก ๗. มหาตาปนรก ๘. อเวจีมหานรก ซึ่งเป็นนรกขุมลึกที่สุดสำหรับลงโทษแก่ผู้ที่มีบาปหนักที่สุด, ใช้เป็น อวิจี หรือ อวีจิ ก็มี."
อวิชชา 0,น.,ความไม่รู้แจ้ง หมายถึง ไม่รู้แจ้งในอริยสัจ ๔
อวิชชา 1,น.,ความเขลา.
อวิญญาณก- 0,ว.,"ไม่มีวิญญาณ, ไม่มีชีวิต, ไม่มีจิตใจ."
อวิญญาณกทรัพย์ 0,น.,สิ่งที่ไม่มีวิญญาณหรือชีวิตซึ่งนับเป็นทรัพย์ เช่น เงิน ทอง ที่ดิน.
อวิญญู 0,ว.,"โง่, ไม่มีความรู้."
อวิรุทธ์ 0,ว.,"ไม่ขัดข้อง, ไม่ผิดพลาด"
อวิรุทธ์ 1,ว.,สะดวก
อวิรุทธ์ 2,ว.,มีอิสระ.
อวิโรธน์ 0,น.,"ความไม่ประพฤติผิดธรรม, ความไม่คลาดจากธรรม, เป็นธรรมข้อ ๑ ในทศพิธราชธรรม. (ดู ทศพิธราชธรรม และ ราชธรรม)."
อวิโรธนะ 0,น.,"ความไม่ประพฤติผิดธรรม, ความไม่คลาดจากธรรม, เป็นธรรมข้อ ๑ ในทศพิธราชธรรม. (ดู ทศพิธราชธรรม และ ราชธรรม)."
อวิหิงสา 0,น.,"ความไม่เบียดเบียน, เป็นธรรมข้อ ๑ ในทศพิธราชธรรม. (ดู ทศพิธราชธรรม และ ราชธรรม)."
อวีจิ 0,น.,"ชื่อนรกขุม ๑ ในนรก ๘ ขุม ได้แก่ ๑. สัญชีว-นรก ๒. กาฬสุตตนรก ๓. สังฆาฏนรก ๔. โรรุวนรก ๕. มหาโรรุวนรก ๖. ตาปนรก ๗. มหาตาปนรก ๘. อเวจีมหานรก ซึ่งเป็นนรกขุมลึกที่สุดสำหรับลงโทษแก่ผู้ที่มีบาปหนักที่สุด, ใช้เป็น อวิจี หรือ อวีจิ ก็มี."
อเวจี 0,น.,"ชื่อนรกขุม ๑ ในนรก ๘ ขุม ได้แก่ ๑. สัญชีว-นรก ๒. กาฬสุตตนรก ๓. สังฆาฏนรก ๔. โรรุวนรก ๕. มหาโรรุวนรก ๖. ตาปนรก ๗. มหาตาปนรก ๘. อเวจีมหานรก ซึ่งเป็นนรกขุมลึกที่สุดสำหรับลงโทษแก่ผู้ที่มีบาปหนักที่สุด, ใช้เป็น อวิจี หรือ อวีจิ ก็มี."
อโศก 0,น.,"ชื่อไม้ต้นหลายชนิดในสกุล Saraca วงศ์ Leguminosae เช่น อโศกนํ้า ( S. indica L.) ดอกสีส้มหรือแสด, โสก ก็เรียก, อโศกเหลือง ( S. thaipingensis Cantley ex Prain) ดอกสีเหลือง, โศก หรือ ศรียะลา ก็เรียก."
อสงไขย 0,ว.,มากจนนับไม่ถ้วน.
อสงไขย 1,น.,ชื่อมาตรานับจำนวนใหญ่ที่สุด คือ โกฏิยกกำลัง ๒๐.
อสนี 0,น.,"สายฟ้า, อาวุธพระอินทร์."
อสนีบาต 0,น.,"ฟ้าผ่า, อสุนีบาต ก็ว่า."
อสภะ 0,น.,เรียกซากศพ ว่า อสุภ และเลือนไปเป็น อสภ และ อาสภ ก็มี.
อสมการ 0,น.,ข้อความที่แสดงการไม่เท่ากันของนิพจน์ ๒ นิพจน์ที่ปรากฏอยู่ทางด้านซ้ายและด้านขวาของเครื่องหมาย < หรือ >.
อสมมาตร 0,ว.,ไม่สมมาตร.
อสรพิษ 0,น.,"สัตว์มีพิษในเขี้ยว มักหมายถึง งูพิษ, โดยปริยายหมายถึงคนที่ลอบทำร้ายหรือให้ร้ายผู้มีคุณหรือผู้อื่นด้วยความอิจฉาริษยาเป็นต้น."
อสังกมทรัพย์ 0,น.,"สังหาริมทรัพย์ซึ่งไม่อาจใช้ของอื่นที่เป็นประเภทและชนิดเดียวกันมีปริมาณเท่ากันแทนได้, ตรงข้ามกับ สังกมทรัพย์."
อสังหาริม- 0,ว.,"ซึ่งนำเอาไปไม่ได้, เคลื่อนที่ไม่ได้."
อสังหาริมทรัพย์ 0,น.,ทรัพย์ที่นำไปไม่ได้ คือ ทรัพย์ที่ติดกับที่ เช่น ที่ดิน
อสังหาริมทรัพย์ 1,น.,"ที่ดินและทรัพย์อันติดอยู่กับที่ดินมีลักษณะเป็นการถาวรหรือประกอบเป็นอันเดียวกับที่ดินนั้น และหมายความรวมถึงทรัพยสิทธิอันเกี่ยวกับที่ดินหรือทรัพย์อันติดอยู่กับที่ดินหรือประกอบเป็นอันเดียวกับที่ดินนั้นด้วย, คู่กับ สังหาริมทรัพย์."
อสังหาริมะ 0,ว.,"ซึ่งนำเอาไปไม่ได้, เคลื่อนที่ไม่ได้."
อสัญ- 0,ว.,"ไม่รู้สึกตัว, สิ้นสติ."
อสัญกรรม 0,น.,"ความตาย, ใช้แก่ผู้ตายที่มีบรรดาศักดิ์เป็นเจ้าพระยา หรือผู้ที่ดำรงตำแหน่งประธานองคมนตรี องคมนตรี นายกรัฐมนตรี ประธานสภา หรือผู้ได้รับพระราชทานเครื่องราชอิสริยาภรณ์ชั้นปฐมจุลจอมเกล้าว่า ถึงแก่อสัญกรรม."
อสัญญี 0,ว.,"ไม่มีสัญญา, หมดความรู้สึก, สลบ."
อสัญญีสัตว์ 0,น.,พรหมพวกหนึ่งมีรูปแต่ไม่มีสัญญา ดังมีกล่าวไว้ในไตรภูมิกถา.
อสัญแดหวา 0,น.,"เทวดาต้นตระกูลของกษัตริย์ ๔ นครในบทละครเรื่องอิเหนา คือ องค์ปะตาระกาหลา, ชื่อวงศ์กษัตริย์ผู้ครอง ๔ นครในบทละครเรื่องอิเหนา ได้แก่ กุเรปัน ดาหา กาหลัง และสิงหัดส่าหรี."
อสัตถพฤกษ์ 0,น.,ชื่อต้นไม้ที่พระโคตมพุทธเจ้าประทับอยู่ใต้ต้นแล้วได้ตรัสรู้ เรียกว่า ต้นพระศรีมหาโพธิ์ หรือเรียกสั้น ๆ ว่า ต้นโพธิ์.
อสัตย์ 0,ว.,"ไม่ซื่อสัตย์, ไม่ซื่อตรง, กลับกลอก, เช่น คนอสัตย์, อาสัตย์ ก็ว่า."
อสัมภิน- 0,ว.,"ไม่แตกต่าง, ไม่เจือปน."
อสัมภินพงศ์ 0,น.,เชื้อสายที่ไม่เจือปน.
อสัมภินวงศ์ 0,น.,เชื้อสายที่ไม่เจือปน.
อสาธร 0,ว.,อสาธุ.
อสาธุ 0,ว.,"ไม่ดี, ไม่งาม, เลว, ชั่วช้า"
อสาธุ 1,ว.,น่าละอาย
อสาธุ 2,ว.,แผลงใช้ว่า อสาธร ก็ได้.
อสิ 0,น.,"ดาบ, มีด, กระบี่."
อสิจรรยาการ 0,น.,"การฝึกหัดเพลงดาบ, การฝึกหัดเพลงศัสตรา."
อสิตะ 0,ว.,"มีสีดำ, มีสีคลํ้า, มีสีแก่."
อสิธารา 0,น.,"คมดาบ, คมศัสตรา."
อสิเลสะ 0,น.,"ดาวฤกษ์ที่ ๙ มี ๕ ดวง เห็นเป็นรูปแขนคู้หรือพ้อม, ดาวเรือน หรือ ดาวนกอยู่ในปล่อง ก็เรียก."
อสีตยานุพยัญชนะ 0,น.,ลักษณะน้อย ๆ ในร่างกายของผู้ที่เป็นพระมหาบุรุษมี ๘๐ อย่าง คือ ผู้ที่จะเป็นพระมหาบุรุษต้องสมบูรณ์ด้วยลักษณะสำคัญ ๓๒ อย่าง ซึ่งเรียกว่า มหาปุริสลักษณะ มีรอยพระบาทเป็นลายรูปจักรและอื่น ๆ ตามแบบเป็นต้น และสมบูรณ์ด้วยอสีตยานุพยัญชนะ.
อสีติ 0,ว.,แปดสิบ.
อสีติมหาสาวก 0,น.,สาวกใหญ่ ๘๐ องค์ของพระพุทธเจ้า.
อสุ 0,น.,"ลมหายใจ, ชีวิต."
อสุจิ 0,ว.,"ไม่สะอาด, ไม่บริสุทธิ์"
อสุจิ 1,ว.,เรียกนํ้ากาม ว่า นํ้าอสุจิ.
อสุนีบาต 0,น.,"ฟ้าผ่า, อสนีบาต ก็ว่า."
อสุภ 0,ว.,"ไม่งาม, ไม่สวย, ไม่ดี."
อสุภ 1,น.,เรียกซากศพ ว่า อสุภ และเลือนไปเป็น อสภ และ อาสภ ก็มี.
อสุภ- 0,ว.,"ไม่งาม, ไม่สวย, ไม่ดี."
อสุภ- 1,น.,เรียกซากศพ ว่า อสุภ และเลือนไปเป็น อสภ และ อาสภ ก็มี.
อสุภกรรมฐาน 0,น.,กรรมฐานที่ยึดเอาซากศพเป็นอารมณ์ เพื่อพิจารณาให้เห็นความไม่งามความไม่เที่ยงแท้ของสังขาร.
อสุภสัญญา 0,น.,การกำหนดรู้ว่าเป็นของไม่สวยงาม.
อสุร- 0,น.,"อมนุษย์พวกหนึ่งเป็นศัตรูต่อเทวดา, แทตย์, ยักษ์, มาร, ผี."
อสุรกาย 0,น.,"สัตว์เกิดในอบายภูมิพวกหนึ่ง เชื่อกันว่าชอบเที่ยวหลอกหลอนคน, คู่กับ เปรต."
อสุรา 0,น.,"อสูร, ยักษ์."
อสุรี 0,น.,"อสูร, ยักษ์."
อสุเรศ 0,น.,"อสูร, ยักษ์."
อสูร 0,น.,"ยักษ์, ในบทกลอนใช้ว่า อสุรา อสุรี หรือ อสุเรศ ก็มี."
อเส 0,น.,ตัวไม้ซึ่งประกอบยึดเสาส่วนบนของเรือน
อเส 1,น.,ไม้ยึดหัวกงเรือ.
อเสกข- 0,น.,ผู้ที่ไม่ต้องศึกษาอีก หมายถึง พระอรหันต์.
อเสกขบุคคล 0,น.,ผู้ที่ไม่ต้องศึกษาอีก หมายถึง พระอรหันต์.
อเสกขะ 0,น.,ผู้ที่ไม่ต้องศึกษาอีก หมายถึง พระอรหันต์.
อเสข- 0,น.,อเสกขะ.
อเสขบุคคล 0,น.,ผู้ที่ไม่ต้องศึกษาอีก หมายถึง พระอรหันต์.
อเสข-บุคคล 0,น.,ผู้ที่ไม่ต้องศึกษาอีก หมายถึง พระอรหันต์.
อเสขะ 0,น.,อเสกขะ.
อห 0,น.,"วัน, วันหนึ่ง, มักใช้เป็นส่วนท้ายของสมาสในคำที่มาจากภาษาบาลีและสันสกฤต เช่น สัปดาห์ มาจาก ส. สปฺต + อห = ๗ วัน."
อหังการ 0,น.,การยึดว่าเป็นตัวเรา
อหังการ 1,น.,"ความเย่อหยิ่งจองหอง, ความทะนงตัว, ความก้าวร้าวด้วยการถือว่าตนเองสำคัญ."
อหังการ 2,ก.,"หยิ่ง, จองหอง, อวดดี."
อหิ 0,น.,งู.
อหิงสา 0,น.,"ความไม่เบียดเบียน, การเว้นจากการทำร้าย."
อหิวาต์ 0,น.,ชื่อโรคระบาดชนิดหนึ่ง มีอาการลงราก.
อหิวาตกโรค 0,น.,ชื่อโรคระบาดชนิดหนึ่ง มีอาการลงราก.
อหึงสา 0,น.,"ความไม่เบียดเบียน, การเว้นจากการทำร้าย."
อเหตุกทิฐิ 0,น.,ความเห็นว่าบาปบุญในโลกไม่มีเหตุไม่มีปัจจัย เป็นความเห็นของเดียรถีย์พวกหนึ่ง.
อโหสิ 0,ก.,"เลิกแล้วต่อกัน, ยกโทษให้."
อโหสิกรรม 0,น.,กรรมที่เลิกให้ผล
อโหสิกรรม 1,น.,"การเลิกแล้วต่อกัน, การไม่เอาโทษแก่กัน."
ออ 0,ก.,"รวมกันเป็นกลุ่ม, คั่งกันอยู่, เช่น คนอออยู่หน้าประตู."
อ้อ 0,น.,ชื่อหญ้าชนิด Arundo donaxL. ในวงศ์ Gramineae ขึ้นเป็นกอในที่ชื้นแฉะ ลำต้นแข็งเป็นปล้อง ข้างในกลวง.
อ๋อ 0,น.,"ชื่อวิธีแทงโปกำและโปปั่นวิธีหนึ่ง มีถูกประตูเดียว กิน ๓ ประตู คือ ถ้าลูกค้าแทงอ๋อประตูเดียว โปออกประตูที่แทงนั้น เจ้ามือต้องจ่าย ๓ ต่อ ถ้าออกประตูอื่น เจ้ามือกิน, เรียกกิริยาที่แทงเช่นนั้น ว่า แทงอ๋อ."
ออ 1,น.,คำนำหน้าชื่อผู้ชายที่ตนพูดด้วยหรือพูดถึง เช่น ออมั่น ออคง.
อ้อ 1,อ.,"คำที่เปล่งออกมาแสดงว่ารู้แล้ว เข้าใจแล้ว หรือนึกได้, อ๋อ ก็ว่า."
อ๋อ 1,อ.,"คำที่เปล่งออกมาแสดงว่ารู้แล้ว เข้าใจแล้ว หรือนึกได้, อ้อ ก็ว่า."
ออก 0,น.,คำนำหน้าบรรดาศักดิ์ เช่น ออกพระ ออกหลวง ออกขุน
ออก 1,น.,เรียกพ่อแม่ผู้ให้กำเนิด ว่า พ่อออก แม่ออก
ออก 2,น.,เรียกเมืองที่สวามิภักดิ์ ว่า เมืองออก.
ออก 3,น.,ชื่อเหยี่ยวขนาดใหญ่ชนิด Haliaeetus leucogaster (Gmelin) ในวงศ์ Accipitridae หัวและด้านล่างของลำตัวสีขาว ปีกสีเทา ทำรังแบบง่าย ๆ ด้วยกิ่งไม้บนชะง่อนหินหรือหน้าผา หากินใกล้แหล่งน้ำ กินปลาและงูทะเล.
ออก 4,ก.,"อาการที่เคลื่อนไปข้างนอกหรือพ้นจากที่ปิดบัง เช่น เลือดออก แดดออก, เคลื่อนจากที่ เช่น รถออก"
ออก 5,ก.,ทำให้ปรากฏ เช่น ออกภาพทางโทรทัศน์ ออกลอตเตอรี่ ลอตเตอรี่ออก
ออก 6,ก.,ทำให้เกิดขึ้น มีขึ้น เช่น ออกกฎหมาย
ออก 7,ก.,พ้นภาวะ เช่น ออกจากงาน
ออก 8,ก.,"แตก, ผลิ, งอก, เช่น ออกกิ่ง ออกใบอ่อน ออกราก"
ออก 9,ก.,จ่าย เช่น ออกเงิน
ออก 10,ก.,แสดง เช่น ออกท่า
ออก 11,ก.,นำ เช่น ออกหน้า
ออก 12,ก.,เปลี่ยนการบรรเลงจากเพลงหนึ่งไปเป็นอีกเพลงหนึ่ง เช่น บรรเลงเพลงลมพัดชายเขาจบ ออกเพลงลมหวน
ออก 13,ก.,เป็นกริยาช่วย หมายความว่า ค่อนข้าง เช่น ใจออกจะโกรธ ออกฉุน.
ออก 14,ว.,ตรงข้ามกับ เข้า เช่น ทางออก
ออก 15,ว.,"ขยาย, แยกเป็นคนละส่วน, เช่น คลี่ออก แบ่งออก"
ออก 16,ว.,"หลุดไปได้, สำเร็จไปได้, เช่น ร้องออก ถอนออก"
ออก 17,ว.,"ได้, ทำได้, เช่น อ่านออก นึกออก คิดออก"
ออก 18,ว.,คำประกอบหลังคำอื่นเพื่อเน้นให้ความเด่นขึ้น เช่น ดำออกอย่างนี้
ออก 19,ว.,ขึ้น เช่น ตะวันออก เมืองออก.
ออกกำลัง 0,ก.,ใช้กำลัง
ออกกำลัง 1,ก.,บริหารร่างกายเพื่อให้แข็งแรง.
ออกของ 0,ก.,ติดต่อขอรับสิ่งของที่ส่งมาจากต่างประเทศจากกรมศุลกากร เช่น ไปออกของที่กรมศุลกากร.
ออกขุนนาง 0,ก.,เสด็จออกว่าราชการแผ่นดิน (ใช้เฉพาะพระมหากษัตริย์).
ออกแขก 0,ก.,ต้อนรับแขก
ออกแขก 1,ก.,"แสดงต่อหน้าแขก, แสดงตัวในสังคม"
ออกแขก 2,ก.,อาการที่ลิเกตัวแขกออกมาบอกเรื่องที่จะแสดง.
ออกแขก 3,น.,การแสดงลิเกตอนที่มีตัวแขกออกมาบอกเรื่องที่จะแสดง.
ออกโขน 0,ก.,"กระโดดโลดเต้นอึกทึกครึกโครมอย่างเล่นโขน, ทำท่าและออกเสียงเอะอะด้วยความโกรธ, มักใช้เข้าคู่กับคำ ออกยักษ์ เป็น ออกยักษ์ออกโขน."
ออกไข้หัว 0,ก.,"อาการที่ไข้หัวผุดขึ้นมา, เป็นไข้หัว."
ออกงาน 0,ก.,ไปปรากฏตัวในงานสังคม
ออกงาน 1,ก.,แสดงแก่ประชาชนหรือสังคมครั้งแรก (ใช้แก่วงมหรสพ โขน ละคร สตรีสาว).
ออกงิ้ว 0,ก.,แสดงอาการโกรธโดยทำท่าทางและส่งเสียงเอะอะตึงตังอย่างเล่นงิ้ว.
ออกจะ 0,ว.,ค่อนข้างจะ เช่น เธอออกจะอ้วน ของออกจะแพง.
ออกชื่อ 0,ก.,"บอกชื่อ, ขานชื่อ, แสดงชื่อ."
ออกซิเจน 0,น.,ธาตุลำดับที่ ๘ สัญลักษณ์ O เป็นแก๊ส มีปนอยู่ในอากาศประมาณร้อยละ ๒๐ โดยปริมาตร ไม่มีสี ไม่มีกลิ่น ไม่มีรส ไม่ติดไฟ แต่ช่วยให้ไฟติด มีประโยชน์อย่างยิ่งต่อการหายใจและการเผาไหม้เป็นต้น ใช้จุดกับแก๊สอะเซทิลีนเพื่อเชื่อมหรือตัดโลหะ ในทางแพทย์ใช้ช่วยการหายใจของคนไข้.
ออกซิเดชัน 0,น.,"ปฏิกิริยาเคมีที่ทำให้สารได้รับธาตุออกซิเจนมารวมตัวด้วย หรือทำให้สารสูญเสียธาตุไฮโดรเจนไป, ปฏิกิริยาเคมีที่ทำให้อะตอมของธาตุสูญเสียอิเล็กตรอนไป."
ออกซุ้ม 0,ก.,บรรเลงทำนองเพลงสำเนียงลาวต่อท้ายเพลงเดี่ยวลาวแพนโดยเฉพาะ.
ออกไซด์ 0,น.,สารประกอบที่มีองค์ประกอบเป็นธาตุออกซิเจนกับธาตุอื่น.
ออกญา 0,น.,บรรดาศักดิ์ชั้นสูงที่พระราชทานในสมัยอยุธยา สูงกว่าออกพระ เข้าใจว่ามาจากเขมร.
ออกดอก 0,ก.,"เกิดเป็นเม็ดตามผิวหนังเนื่องจากกามโรคเรื้อรัง, มักใช้เข้าคู่กับคำ เข้าข้อ เป็น เข้าข้อออกดอก"
ออกดอก 1,ก.,เอาเงินให้กู้เพื่อเก็บดอกเบี้ย.
ออกดอกออกผล 0,ก.,ทำให้เกิดผลประโยชน์หรือกำไรเพิ่มพูนขึ้น.
ออกเดือน 0,น.,กำหนดเวลาที่ไพร่หลวงไพร่สมไม่ต้องมาทำงานให้ทางราชการหลังจากการเข้าเดือนในแต่ละปี เป็นจำนวนเดือน มากหรือน้อยเปลี่ยนแปลงไปตามสมัย เช่น เข้าเดือน ออกเดือน เข้าเดือน ออก ๒ เดือน เข้าเดือน ออก ๓ เดือน. (ดู เข้าเดือน ประกอบ).
ออกตัว 0,ก.,พูดกันตัวหรือแก้ตัวไว้ก่อน
ออกตัว 1,ก.,ปลดเปลื้องสิ่งที่ตกหนักแก่ตัว
ออกตัว 2,ก.,เริ่มเคลื่อนที่ครั้งแรก (ใช้แก่การแข่งขัน)
ออกตัว 3,ก.,เอาไปทำผลประโยชน์ได้ เช่น ซื้อทองดีกว่าเพราะออกตัวได้ง่าย.
ออกท่า 0,ก.,แสดงกิริยาอาการเป็นท่าทางต่าง ๆ.
ออกท่าออกทาง 0,ก.,แสดงกิริยาอาการเป็นท่าทางต่าง ๆ.
ออกทุกข์ 0,ก.,เลิกไว้ทุกข์.
ออกทุน 0,ก.,"ลงทุน, จ่ายเงินทำทุน."
ออกโทรทัศน์ 0,ก.,ปรากฏตัวหรือแพร่ภาพทางโทรทัศน์.
ออกไท้ 0,น.,คำเรียกผู้เป็นใหญ่ หมายถึง กษัตริย์ เช่น คิดปรานีออกไท้ รอยราชละห้อยไห้ ถึงลูกแลนะหัว ลูกเอยฯ (ลอ).
ออกนอกหน้า 0,ว.,"แสดงความรู้สึกให้ปรากฏทางสีหน้า, แสดงอาการให้ปรากฏอย่างชัดแจ้ง."
ออกนาม 0,ก.,"บอกชื่อ, ขานชื่อ, แสดงชื่อ."
ออกบวช 0,ก.,ไปถือเพศเป็นพระหรือนักพรตอื่น ๆ
ออกบวช 1,ก.,ทางศาสนาอิสลาม หมายถึง เลิกถือศีลอด.
ออกเบอร์ 0,น.,วิธีการขายของด้วยการทำสลาก กำหนดตัวเลข มักใช้เลขท้าย ๒ ตัวของลอตเตอรี่รางวัลที่ ๑ เป็นเลขที่ได้รับของ.
ออกปาก 0,ก.,พูดขอความช่วยเหลือ เช่น ออกปากขอแรงชาวบ้านมาช่วยงาน
ออกปาก 1,ก.,พูดเชิงตำหนิ เช่น เขาใช้เงินเปลืองจนแม่ออกปาก.
ออกผื่น 0,ว.,มีผื่นขึ้นตามตัว.
ออกฝี 0,ก.,"เป็นฝีดาษ, (โบ) ออกไข้หัว."
ออกฝีดาษ 0,ก.,"เป็นฝีดาษ, (โบ) ออกไข้หัว."
ออกพรรษา 0,น.,"เรียกวันที่สิ้นสุดการจำพรรษาแห่งพระสงฆ์ คือ วันขึ้น ๑๕ คํ่าเดือน ๑๑ ว่า วันออกพรรษา, วันปวารณา หรือ วันมหาปวารณา ก็เรียก."
ออกเพลงเร็ว 0,ก.,บรรเลงเพลงช้าแล้วเปลี่ยนเป็นเพลงเร็ว.
ออกไฟ 0,ก.,เลิกอยู่ไฟ.
ออกภาษา 0,น.,"เพลงที่บรรเลงขับร้องทำนองออกสำเนียงภาษาต่างชาติ เช่น ออกภาษาแขก จีน ญวน ซึ่งนิยมใช้บรรเลงต่อท้ายเพลง ๓ ชั้นหรือเพลงเถา, ถ้าบรรเลงครบ ๑๒ ภาษา เรียกว่า ออกสิบสองภาษา."
ออกมหาสมาคม 0,ก.,"ออกที่ประชุมใหญ่ในพระราชพิธีสำคัญ, ใช้เฉพาะพระมหากษัตริย์ ว่า เสด็จออกมหาสมาคม."
ออกยักษ์ออกโขน 0,ก.,"กระโดดโลดเต้นอึกทึกครึกโครมอย่างเล่นโขน, ทำท่าและออกเสียงเอะอะด้วยความโกรธ."
ออกรส 0,ว.,"มีรสมีชาติ, โดยปริยายหมายความว่า เป็นที่ชอบอกชอบใจ, สนุกสนาน."
ออกรับ 0,ก.,รับเอาเสียเองเมื่อเขาว่าผู้อื่น.
ออกรางวัล 0,ก.,ออกเลขรางวัลสลากกินแบ่ง
ออกรางวัล 1,ก.,ออกเลขรางวัลโดยจับจากบัตรหรือชื่อของผู้เข้าร่วมงาน.
ออกร้าน 0,ก.,เปิดร้านขายของหรือร้านอาหารเป็นการชั่วคราวในโอกาสใดโอกาสหนึ่ง เช่น ออกร้านในงานกาชาด ออกร้านอาหารในงานวันเกิด.
ออกเรือน 0,ก.,แยกจากเรือนพ่อแม่ไปอยู่เรือนใหม่เนื่องในการมีผัว.
ออกแรง 0,ก.,"ใช้กำลัง, ใช้แรงงาน, ใช้ความพยายาม, โดยปริยายหมายความว่า วิ่งเต้นขอความช่วยเหลือในกิจที่ต้องประสงค์."
ออกโรง 0,ก.,ออกแสดงเป็นครั้งแรกเมื่อได้ฝึกหัดมาแล้ว
ออกโรง 1,ก.,แสดงด้วยตนเองเป็นครั้งคราว ในคำว่า ออกโรงเอง.
ออกฤทธิ์ 0,ก.,สำแดงคุณหรือโทษให้ปรากฏ เช่น ยาออกฤทธิ์ ยาพิษออกฤทธิ์
ออกฤทธิ์ 1,ก.,"อาละวาดด้วยความโกรธเพราะถูกขัดใจเป็นต้น, แผลงฤทธิ์ ก็ว่า."
ออกลาย 0,ก.,เริ่มแสดงความไม่ดีให้ปรากฏหลังจากที่แสร้งทำดีมาแล้ว.
ออกลิงออกค่าง 0,ก.,ทำกิริยาซุกซนอยู่ไม่สุขอย่างลิงอย่างค่าง.
ออกลูก 0,ก.,คลอดลูก.
ออกลูกหมด 0,ก.,การบรรเลงต่อท้ายเพลงด้วยทำนองสั้น ๆ ก่อนลงจบ.
ออกวัง 0,ก.,แยกจากวังหลวงไปอยู่วังส่วนพระองค์ (ใช้แก่พระเจ้าลูกยาเธอ).
ออกวิทยุ 0,ก.,กระจายเสียงทางวิทยุ.
ออกสิบสองภาษา 0,น.,"เพลงที่บรรเลงขับร้องทำนองออกสำเนียงภาษาต่างชาติ เช่น ออกภาษาแขก จีน ญวน ซึ่งนิยมใช้บรรเลงต่อท้ายเพลง ๓ ชั้นหรือเพลงเถา, ถ้าบรรเลงครบ ๑๒ ภาษา เรียกว่า ออกสิบสองภาษา."
ออกเสียง 0,ก.,เปล่งเสียง
ออกเสียง 1,ก.,ลงคะแนนเสียง
ออกเสียง 2,ก.,ลงคะแนนเลือกตั้ง
ออกเสียง 3,ก.,ออกความเห็น.
ออกหน้าออกตา 0,ก.,แสดงให้ปรากฏอย่างเปิดเผย.
ออกหัด 0,ก.,เป็นโรคหัด.
ออกหาก 0,ก.,อาการที่ทำห่างเหินไม่ร่วมมือร่วมใจเหมือนเดิม ในคำว่า ตีตัวออกหาก เอาใจออกหาก.
ออกอากาศ 0,ก.,"กระจายเสียงทางวิทยุ, กระจายเสียงและแพร่ภาพทางโทรทัศน์."
ออง 0,น.,กระดอง.
อ๋อง 0,น.,เจ้านายชั้นสูงของจีน.
อ๋อง 1,ว.,เยี่ยมยอด เช่น มือชั้นอ๋อง.
อ่อง 0,ว.,"ใช้เข้าคู่กับคำ เอี่ยม เป็น เอี่ยมอ่อง หมายความว่า ใหม่, สดใส, ผุดผ่อง, เปล่งปลั่ง, ไม่หมองมัว."
อ่อง 1,น.,กล้วยน้ำว้า. (ดู น้ำว้า).
อ้องแอ้ง 0,ว.,"อ้อนแอ้น, แบบบาง."
ออเจ้า 0,ส.,"คำใช้แทนชื่อผู้ที่เราพูดด้วย เช่น ทชีก็ปรับทุกข์ร้อนทางจะอวดมีว่า ออเจ้าเอ๋ยออเจ้าเราค่อยมั่งมีขึ้นถึงเพียงนี้มีเสียกว่าออเจ้า (ม. คำหลวง ชูชก), เป็นสรรพนามบุรุษที่ ๒."
ออเซาะ 0,ก.,"ฉอเลาะ, ประจบประแจง."
ออด 0,ก.,"พรํ่าอ้อนวอน, พรํ่ารำพัน."
ออด 1,น.,เครื่องบอกสัญญาณที่มีเสียงดังเช่นนั้น.
ออด 2,ว.,ไม่หยุดหย่อน (มักใช้แก่กริยาบ่น)
ออด 3,ว.,เสียงดังเช่นเสียงของแข็ง ๆ เสียดสีกัน.
ออด ๆ 0,ว.,ไม่หยุดหย่อน (มักใช้แก่กริยาบ่น)
ออด ๆ 1,ว.,เสียงดังเช่นเสียงของแข็ง ๆ เสียดสีกัน.
ออด ๆ แอด ๆ 0,ว.,อาการที่บ่นไม่รู้จักจบ
ออด ๆ แอด ๆ 1,ว.,อาการที่ป่วยอยู่บ่อย ๆ ในความว่า เจ็บออดแอด หรือ เจ็บออด ๆ แอด ๆ.
อ๊อด ๆ แอ๊ด ๆ 0,ว.,เสียงดังอย่างเสียงเปิดปิดประตูที่บานพับฝืดเป็นต้น.
ออดอ้อน 0,ก.,"รบเร้า, เซ้าซี้จะเอาให้ได้, อ้อนออด ก็ว่า."
อ๊อดแอ๊ด 0,ว.,เสียงดังอย่างเสียงเปิดปิดประตูที่บานพับฝืดเป็นต้น.
ออดแอด 0,ว.,อาการที่บ่นไม่รู้จักจบ
ออดแอด 1,ว.,อาการที่ป่วยอยู่บ่อย ๆ ในความว่า เจ็บออดแอด หรือ เจ็บออด ๆ แอด ๆ.
ออดแอด 2,ว.,"ดูใน ออด ๒, ออด ๆ ."
ออดแอด 3,น.,"ชื่อปลาทะเลหลายชนิดในสกุล Terapon และ Pelates วงศ์ Teraponidae มีเส้นดำข้างลำตัวข้างละ ๔-๖ เส้น แล้วแต่ชนิด อาศัยอยู่ตามชายฝั่งทะเลและบริเวณน้ำกร่อย ขนาดยาวได้ถึง ๓๓ เซนติเมตร เช่น ชนิด T. jarbua (Forsskål), P. quadrilineatus (Bleeker), ออดแอด หรือ ครืดคราด ก็เรียก."
อ้อดิบ 0,น.,ต้นคูน. [ดู คูน ๑ (๑)].
อ่อน 0,ว.,ไม่กระด้าง เช่น ลิ้นอ่อน
อ่อน 1,ว.,นิ่ม เช่น เนื้ออ่อน
อ่อน 2,ว.,ไม่จัด เช่น แดดอ่อน
อ่อน 3,ว.,"ไม่แข็ง, ยอมง่าย ๆ, รู้สึกสงสาร, เช่น ใจอ่อน"
อ่อน 4,ว.,ไม่แก่ เช่น มะพร้าวอ่อน
อ่อน 5,ว.,"หย่อน เช่น อ่อนเค็ม, น้อย เช่น เหลืองอ่อน, ไม่แรง เช่น ไฟอ่อน, อายุยังน้อย เช่น ไก่อ่อน, ยังเล็กอยู่ เช่น เด็กอ่อน"
อ่อน 6,ว.,"ละมุนละม่อม, ดัดง่าย, เปลี่ยนแปลงง่าย."
อ้อน 0,ก.,"พรํ่าร้องขอ, ร้องสำออย, อาการร้องไห้อย่างเด็กอ่อน."
อ่อนข้อ 0,ก.,ยอมผ่อนปรนให้.
อ่อนความ 0,ก.,ขาดประสบการณ์.
อ่อนจิตอ่อนใจ 0,ก.,"เหนื่อยใจ, ระอาใจ, ท้อใจ."
อ่อนใจ 0,ก.,"เหนื่อยใจ, ระอาใจ, ท้อใจ."
อ่อนช้อย 0,ว.,"มีกิริยาท่าทางงดงามละมุนละไม, มีลักษณะงอนงาม, มีลักษณะงอนขึ้นอย่างลายกระหนก, โดยปริยายหมายถึงลักษณะที่คล้ายคลึงเช่นนั้น."
ออนซ์ 0,น.,หน่วยวัดนํ้าหนัก ๑ ออนซ์ มีค่าเท่ากับ+C933 ปอนด์ หรือ ๒๘.๓๔๑๕ กรัม.
ออนซอน 0,ว.,งาม
ออนซอน 1,ว.,"เพราะพริ้ง, ซาบซึ้งตรึงใจ."
อ่อนซอน 0,ว.,งาม
อ่อนซอน 1,ว.,"เพราะพริ้ง, ซาบซึ้งตรึงใจ."
อ่อนไท้ 0,น.,"นางผู้เป็นใหญ่, นางผู้มีสกุล, (ใช้เรียกนางกษัตริย์) เช่น จอมราชพิศพักตรา อ่อนไท้ (ลอ), ใช้ว่า อรไท ก็มี."
อ่อนน้อม 0,ก.,แสดงกิริยาวาจาอย่างมีคารวะ
อ่อนน้อม 1,ก.,"ยอมแพ้, สวามิภักดิ์."
อ่อนน้อม 2,ว.,มีกิริยาวาจาอย่างมีคารวะ.
อ่อนปวกเปียก 0,ว.,หย่อนกำลังจนทำอะไรไม่ไหว
อ่อนปวกเปียก 1,ว.,ไม่ขึงขัง.
อ่อนเปลี้ย 0,ว.,"เพลียมาก, บางทีก็ใช้เข้าคู่กับคำ เพลียแรง เป็น อ่อนเปลี้ยเพลียแรง."
อ่อนเปียก 0,ว.,หย่อนกำลังจนทำอะไรไม่ไหว
อ่อนเปียก 1,ว.,ไม่ขึงขัง.
อ่อนเพลีย 0,ว.,"มีแรงลดน้อยถอยลง, หย่อนกำลัง."
อ่อนโยน 0,ว.,มีกิริยาวาจานิ่มนวล.
อ้อนวอน 0,ก.,พยายามพูดขอร้อง.
อ่อนหวาน 0,ว.,"ไพเราะ, น่าฟัง, เช่น เขาเป็นคนพูดจาอ่อนหวาน"
อ่อนหวาน 1,ว.,งามละมุนละไม เช่น หน้าตาอ่อนหวาน.
อ่อนหัด 0,ว.,"ที่ฝึกฝนมาน้อย, ไม่ชำนาญ."
อ่อนหู 0,ก.,ยอมเชื่อฟัง เช่น แต่คิดแค้นแม่ยายกับพ่อตา จะทรมาเสียก่อนให้อ่อนหู (สังข์ทอง).
อ่อนไหว 0,ว.,มีอารมณ์เปลี่ยนแปลงง่ายตามเหตุการณ์.
อ่อนอกอ่อนใจ 0,ก.,"เหนื่อยใจ, ระอาใจ, ท้อใจ."
อ้อนออด 0,ก.,"รบเร้า, เซ้าซี้จะเอาให้ได้, ออดอ้อน ก็ว่า."
อ่อนแอ 0,ว.,"มีกำลังน้อย, ไม่แข็งแรง, ไม่เข้มแข็ง."
อ้อนแอ้น 0,ว.,"มีรูปร่างแบบบาง, ชดช้อย."
ออฟฟิศ 0,น.,"สำนักงาน, ที่ทำการ."
ออม 0,ก.,เก็บหอมรอมริบ เช่น ออมทรัพย์ ออมสิน
ออม 1,ก.,"ถนอม, สงวน, เช่น ออมแรง."
อ่อม 0,น.,ชื่อแกงชนิดหนึ่ง คล้ายแกงคั่ว แต่ใส่มะระ มักใช้แกงกับปลาดุก เรียกว่า แกงอ่อมมะระ หรือ แกงอ่อมมะระปลาดุก.
อ้อม 0,ก.,"โอบรอบ, ตีวงโค้ง, เช่น อ้อมวงเวียน, ล้อม, ห่อหุ้ม, ในคำว่า ผ้าอ้อม."
อ้อม 1,ว.,"ตรงข้ามกับ ตรง เช่น ทางตรง-ทางอ้อม โดยตรง-โดยอ้อม, ตรงข้ามกับ ลัด เช่น ลัดเกร็ด-อ้อมเกร็ด."
อ้อม 2,น.,"วงรอบ เช่น อ้อมแขน อ้อมกอด, โดยปริยายหมายถึงความคุ้มครองอุปการะ ในคำว่า อ้อมอก, ขนาดของของกลม เช่นเสา ต้นไม้ ที่วัดโดยรอบโดยวิธีใช้แขนทั้ง ๒ ข้างอ้อม เช่น เสา ๒ อ้อม ต้นไม้ ๔ อ้อม."
อ้อม ๆ แอ้ม ๆ 0,ว.,"ไม่ฉะฉาน, ไม่ชัดเจน, ไม่เต็มปาก, (ใช้แก่กริยาพูด)."
อ้อมกอด 0,น.,วงแขนที่โอบรัดไว้ เช่น สามีโอบภรรยาไว้ในอ้อมกอด.
อ้อมแขน 0,น.,วงแขนที่โอบไว้ เช่น แม่โอบลูกไว้ในอ้อมแขน.
ออมครอม 0,ว.,"รุ่มร่าม, ไม่รัดกุม."
อ้อมค้อม 0,ว.,"วกวน, ลดเลี้ยว, ไม่ตรงไปตรงมา, (ใช้แก่กริยาพูด)."
ออมชอม 0,ก.,"ปรองดองกัน, ประนีประนอมกัน, ตกลงกันด้วยการไกล่เกลี่ย, รอมชอม หรือ ลอมชอม ก็ว่า."
ออมซอม 0,ว.,"ซอมซ่อ, ปอน."
ออมอด 0,ก.,"ประหยัด, กระเหม็ดกระแหม่, อดออม ก็ว่า."
อ้อมแอ้ม 0,ว.,"ไม่ฉะฉาน, ไม่ชัดเจน, ไม่เต็มปาก, (ใช้แก่กริยาพูด)."
อ้อมแอ้ม ๆ 0,ว.,"ไม่ฉะฉาน, ไม่ชัดเจน, ไม่เต็มปาก, (ใช้แก่กริยาพูด)."
อ้อย 0,น.,ชื่อไม้ล้มลุกชนิด Saccharum officinarum L. ในวงศ์ Gramineae ขึ้นเป็นกอ ลำต้นเป็นปล้อง ข้างในตัน มีหลายพันธุ์ เช่น อ้อยขาไก่ อ้อยตะเภา หีบเอานํ้าหวานทำนํ้าตาลทรายหรือใช้ดื่ม หรือเคี้ยวกินแต่นํ้าหวาน.
อ๋อย 0,ว.,คำใช้ขยายกริยา คราง ในคำว่า ครางอ๋อย
อ๋อย 1,ว.,ใช้เน้นแสดงว่ามาก ในคำว่า เหลืองอ๋อย.
อ่อย 0,ก.,"โปรยเหยื่อล่อปลา, มักใช้ว่า อ่อยเหยื่อ"
อ่อย 1,ก.,ให้สิ่งของหรือเงินทองคราวละเล็กละน้อยเป็นเหยื่อล่อ.
อ่อย 2,ว.,ค่อย ๆ เบา ๆ เช่น เสียงอ่อยพูดอ่อย ๆ.
อ่อย ๆ 0,ว.,ค่อย ๆ เบา ๆ เช่น เสียงอ่อยพูดอ่อย ๆ.
อ้อยเข้าปากช้าง 0,น.,สิ่งหรือประโยชน์ที่ตกอยู่ในมือแล้วไม่ยอมคืน.
อ้อยช้าง 0,น.,"ชื่อไม้ต้นชนิด Lannea coromandelica (Houtt.) Merr. ในวงศ์ Anacardiaceae ขึ้นตามป่า ใช้ทำยาได้, กุ๊ก ก็เรียก."
อ้อยช้าง 1,น.,"ชื่อไม้ต้นชนิด Radermachera ignea (Kurz) Steenis ในวงศ์ Bignoniaceae ชอบขึ้นตามที่ค่อนข้างชุ่มชื้นทางภาคเหนือ เปลือกเรียบสีเทา ดอกสีเหลืองทอง, อ้อยช้าง ก็เรียก."
อ้อยแดง 0,น.,ชื่อไม้ล้มลุกชนิด Saccharum sinenseRoxb. ในวงศ์ Gramineae เปลือกลำต้นและใบสีม่วงแดง ใช้ทำยาได้.
อ้อยเลา 0,น.,"ชื่อไม้ล้มลุกชนิด Saccharum spontaneum L. ในวงศ์ Gramineae ดอกสีขาวเงิน เป็นมัน, พง หรือ อ้อยเลา ก็เรียก"
อ้อยส้อย 0,ว.,ทำอาการเศร้าสร้อยอ้อยอิ่งเพื่อให้เขาเห็นใจ.
อ้อยอิ่ง 0,ว.,"รํ่าไร, ทำเชื่องช้าเหมือนไม่เต็มใจ."
ออร์แกน 0,น.,เครื่องดนตรีประเภทคีย์บอร์ด เสียงเกิดจากลมหรือไฟฟ้า มีแป้นดีดและแป้นเหยียบ.
ออสเมียม 0,น.,ธาตุลำดับที่ ๗๖ สัญลักษณ์ Os เป็นโลหะ ลักษณะเป็นของแข็งสีขาว หลอมละลายที่ ๓๐๐๐ °ซ. เนื้อแข็งมาก ใช้ประโยชน์นำไปผสมกับโลหะอื่นให้เป็นโลหะเจือ.
อ้อแอ้ 0,ว.,"อาการออกเสียงของเด็กที่เริ่มหัดพูด, อาการที่พูดไม่ชัดอย่างคนเมา."
อ๊ะ 0,ว.,คำที่เปล่งออกมาแสดงความประหลาดใจเป็นต้น.
อะคร้าว 0,ว.,ยิ่ง
อะคร้าว 1,ว.,"อิ่มใจ, ภูมิใจ, เช่น ทิศตะวันตกไท้ท้าว อะคร้าวครอบครองยศ (ลอ)."
อะเคื้อ 0,ว.,งาม เช่น ถนัดดั่งเรียมเห็นองค์ อะเคื้อ (ลอ).
อะจีน 0,น.,"เมืองอะแจ, อัดแจ ก็เรียก."
อะแจ 0,น.,"ชื่อเมืองในเกาะสุมาตรา, อัดแจ หรือ อะจีน ก็เรียก"
อะแจ 1,น.,เรียกสิ่งที่มาจากเมืองนี้ เช่น ม้าอะแจ นากอะแจ. [ปัจจุบันคือเมืองอะเจะห์ (Ajeh) ในประเทศอินโดนีเซีย].
อะเซทิลีน 0,น.,สารประกอบอินทรีย์ชนิดหนึ่ง มีสูตร C_2H_2 ลักษณะเป็นแก๊ส ไม่มีสี เป็นพิษ จุดไฟติด ใช้ประโยชน์ได้มากมาย เช่นนำไปจุดกับแก๊สออกซิเจนได้เปลวไฟออกซิอะเซทิลีนซึ่งร้อนจัดจนใช้เชื่อมและตัดโลหะได้ ใช้เป็นสารตั้งต้นเพื่อสังเคราะห์สารอื่นได้มากมาย.
อะแซหวุ่นกี้ 0,น.,ชื่อเพลงไทยประเภทเพลงเถา แต่งขยายขึ้นจากเพลงคุณลุงคุณป้า.
อะดรีนาลิน 0,น.,ฮอร์โมนชนิดหนึ่งซึ่งต่อมหมวกไตผลิตขึ้น มีสมบัติกระตุ้นหัวใจ และทำให้หลอดเลือดแดงหดตัว.
อะดัก 0,ว.,"ลำบาก, อึดอัด, เร่าร้อนใจ, ดัก ๆ ก็ว่า."
อะดักอะเดี้ย 0,ว.,"อึดอัดเต็มทน, คับใจเต็มทน."
อะดักอะเดื่อ 0,ว.,"อึดอัดเต็มทน, คับใจเต็มทน."
อะดักอะแด้ 0,ว.,"อึดอัดเต็มทน, คับใจเต็มทน."
อะดุง 0,ว.,"สูงส่ง, ไม่มีที่เปรียบ, เลิศ, เช่น ศรีสิทธิฤทธิชัย ไกรกรุงอะดุงเดชฟุ้งฟ้า (ลอ)."
อะตอม 0,น.,"ส่วนที่เล็กที่สุดของธาตุซึ่งเข้าทำปฏิกิริยาเคมีได้ อะตอมประกอบด้วยอนุภาคมูลฐานที่สำคัญ คือ นิวเคลียสเป็นแกนกลางและมีอิเล็กตรอนเคลื่อนที่อยู่โดยรอบ, เดิมเรียกว่า ปรมาณู."
อะนะ 0,น.,"ลูก, น้อง, (ใช้เป็นคำเรียกแสดงความรู้สึกรักและเอ็นดู) เช่น อันอะหนะบุษบาบังอร (อิเหนา), อานะ ก็ว่า. [ช. anak ว่า ลูก (ใช้ได้ทั้งลูกคนและลูกสัตว์)]."
อะนั้น 0,น.,"อันนั้น, สิ่งนั้น."
อะนี้ 0,น.,"อันนี้, สิ่งนี้."
อะมีบา 0,น.,ชื่อสัตว์เซลล์เดียวพวกหนึ่ง ขนาดเล็กมากมองด้วยตาเปล่าไม่เห็น มีรูปร่างไม่แน่นอน ขยายพันธุ์ได้โดยการแบ่งตัวเอง.
อะมีรุ้ลฮัจย์ 0,น.,บุคคลผู้ทำหน้าที่เป็นหัวหน้าคณะผู้แทนฮัจย์ทางการของประเทศไทยนำชาวไทยผู้นับถือศาสนาอิสลามเดินทางไปประกอบพิธีฮัจย์ ณ เมืองเมกกะ ประเทศซาอุดีอาระเบีย.
อะเมริเซียม 0,น.,ธาตุลำดับที่ ๙๕ สัญลักษณ์ Am เป็นธาตุกัมมันตรังสีที่นักวิทยาศาสตร์สร้างขึ้น ไม่มีปรากฏในธรรมชาติ.
อะร้าอร่าม 0,ก.,"ห่วงหน้าห่วงหลัง, งกเงิ่นด้วยความห่วงใย."
อะร้าอร่าม 1,ว.,ลักษณะการแต่งกายที่มีเครื่องประดับเต็มไปทั้งตัว
อะร้าอร่าม 2,ว.,ใหญ่ผิดปรกติ (มักใช้แก่หน้าอกผู้หญิง).
อะไร 0,ส.,"คำใช้แทนนาม แสดงคำถาม เช่น อะไรอยู่ในตู้, คำใช้แทนนามที่ไม่เฉพาะเจาะจง เช่น อะไรก็เกิดขึ้นได้เสมอ."
อะไร 1,ว.,"ไร, ไหน, เช่น เขาห่มผ้าอะไรก็ได้ทั้งนั้น ท่านไปซื้อของอะไรมา."
อะลุ่มอล่วย 0,ก.,"ปรองดองกัน, ผ่อนหนักผ่อนเบาให้แก่กัน."
อะลุ้มอล่วย 0,ก.,"ปรองดองกัน, ผ่อนหนักผ่อนเบาให้แก่กัน."
อะลูมิเนียม 0,น.,ธาตุลำดับที่ ๑๓ สัญลักษณ์ Al เป็นโลหะ ลักษณะเป็นของแข็งสีขาวคล้ายเงิน หลอมละลายที่ ๖๖๐ °ซ. ใช้ประโยชน์ได้มากมาย เช่น นำไปผสมกับโลหะอื่นเป็นโลหะเจือ ใช้ทำเครื่องครัว.
อะหนะ 0,น.,"ลูก, น้อง, (ใช้เป็นคำเรียกแสดงความรู้สึกรักและเอ็นดู) เช่น อันอะหนะบุษบาบังอร (อิเหนา), อานะ ก็ว่า. [ช. anak ว่า ลูก (ใช้ได้ทั้งลูกคนและลูกสัตว์)]."
อะหม 0,น.,"ชนชาติไทใหญ่สาขาหนึ่ง ที่เข้าไปอยู่ในแคว้นอัสสัม ประเทศอินเดีย เมื่อราวพุทธศตวรรษที่ ๑๘, อาหม ก็ว่า."
อะไหล่ 0,ว.,ที่เตรียมสำรองไว้ใช้เมื่อต้องการ เช่น เครื่องอะไหล่รถยนต์ ยางอะไหล่.
อะอื้อ 0,ว.,"อื้ออึง, อื้อฉาว."
อะเอื้อย 0,ว.,"เจื้อยแจ้ว, เอื่อย ๆ, (ใช้แก่เสียง)."
อัก 0,น.,เครื่องสำหรับคัดด้ายหรือไหม มีรูปคล้ายระวิง สำหรับพันด้ายหรือไหมเป็นตอน ๆ ตามลำดับเส้นใหญ่และเล็ก.
อั้ก 0,ว.,เสียงดังเช่นนั้นอย่างเสียงทุบแผ่นหลังด้วยกำปั้นหรือเสียงดื่มนํ้าอย่างเร็วเป็นต้น.
อั๊ก 0,ว.,เสียงดังเช่นนั้นอย่างเสียงทุบแผ่นหลังด้วยกำปั้นหรือเสียงดื่มนํ้าอย่างเร็วเป็นต้น.
อั้ก ๆ 0,ว.,เสียงดังเช่นนั้นอย่างเสียงทุบแผ่นหลังด้วยกำปั้นหรือเสียงดื่มนํ้าอย่างเร็วเป็นต้น.
อั๊ก ๆ 0,ว.,เสียงดังเช่นนั้นอย่างเสียงทุบแผ่นหลังด้วยกำปั้นหรือเสียงดื่มนํ้าอย่างเร็วเป็นต้น.
อักกะ 0,น.,พระอาทิตย์
อักกะ 1,น.,ต้นรัก.
อักโกธะ 0,น.,"ความไม่โกรธ, เป็นธรรมข้อ ๑ ในทศพิธ-ราชธรรม. (ดู ทศพิธราชธรรม หรือ ราชธรรม)."
อักขร- 0,น.,ตัวหนังสือ.
อักขรวิธี 0,น.,"วิธีเขียนและอ่านหนังสือให้ถูกต้อง, ชื่อตำราไวยากรณ์ตอนที่ว่าด้วยตัวอักษร การอ่าน การเขียน และการใช้ตัวอักษร."
อักขรวิบัติ 0,น.,การเขียน อ่าน หรือออกเสียงไม่ถูกต้องตามอักขรวิธี.
อักขรสมัย 0,น.,วิชาหนังสือว่าด้วยการอ่านการเขียน.
อักขระ 0,น.,ตัวหนังสือ.
อักขรานุกรม 0,น.,หนังสือสำหรับค้นชื่อเรียงลำดับตามตัวอักษร.
อักขรานุกรมภูมิศาสตร์ 0,น.,หนังสือสำหรับค้นชื่อทางภูมิศาสตร์เรียงลำดับตามตัวอักษร.
อักขะ 0,น.,"เพลา, เพลาเกวียนหรือรถ"
อักขะ 1,น.,เกวียน
อักขะ 2,น.,กระดูกไหปลาร้า.
อักขะ 3,น.,"ลูกเต๋า, ลูกบาศก์"
อักขะ 4,น.,การพนันเล่นลูกเต๋าหรือสกา.
อักขะ 5,น.,ดวงตา
อักขะ 6,น.,ความรู้สึก.
อักโข 0,ว.,"มาก, หลาย."
อักโขภิณี 0,น.,จำนวนนับอย่างสูง คือ ๑ มีศูนย์ตาม ๔๒ ตัว
อักโขภิณี 1,น.,กองทัพอินเดียโบราณที่มีกระบวนรบพร้อมมูลตามกำหนด
อักโขภิณี 2,น.,ใช้ว่า อักเษาหิณี ก็มี.
อักโขเภณี 0,น.,จำนวนนับอย่างสูง คือ ๑ มีศูนย์ตาม ๔๒ ตัว
อักโขเภณี 1,น.,กองทัพอินเดียโบราณที่มีกระบวนรบพร้อมมูลตามกำหนด
อักโขเภณี 2,น.,ใช้ว่า อักเษาหิณี ก็มี.
อักษร 0,น.,"ตัวหนังสือ, วิชาหนังสือ เช่น ฉลาดรอบรู้ในอักษรสยาม."
อักษร- 0,น.,"ตัวหนังสือ, วิชาหนังสือ เช่น ฉลาดรอบรู้ในอักษรสยาม."
อักษรกลาง 0,น.,พยัญชนะที่คำเป็นมีพื้นเสียงเป็นเสียงสามัญ ผันได้ครบ ๔ รูป ๕ เสียง มีรูปวรรณยุกต์กับเสียงวรรณยุกต์ตรงกัน เช่น กา ก่า ก้า ก๊า ก๋า คำตายมีพื้นเสียงเป็นเสียงเอก ผันได้ ๔ เสียง มี ๓ รูป คือ พื้นเสียงเป็นเสียงเอก ผันด้วยวรรณยุกต์  เป็นเสียงโท ผันด้วยวรรณยุกต์  เป็นเสียงตรี ผันด้วยวรรณยุกต์  เป็นเสียงจัตวา เช่น จะ จ้ะ จ๊ะ จ๋ะ มี ๙ ตัว คือ ก จ ฎ ฏ ด ต บ ป อ.
อักษรต่ำ 0,น.,พยัญชนะที่คำเป็นมีพื้นเสียงเป็นเสียงสามัญ ผันได้ ๓ เสียง มี ๒ รูป คือ ผันด้วยวรรณยุกต์  เป็นเสียงโท ผันด้วยวรรณยุกต์  เป็นเสียงตรี เช่น คา ค่า ค้า คำตายสระสั้น พื้นเสียงเป็นเสียงตรี ผันด้วยวรรณยุกต์  เป็นเสียงโท ผันด้วยวรรณยุกต์  เป็นเสียงจัตวา เช่น คะ ค่ะ ค๋ะ คำตายสระยาว พื้นเสียงเป็นเสียงโท ผันด้วยวรรณยุกต์ ้ เป็นเสียงตรี ผันด้วยวรรณยุกต์  เป็นเสียงจัตวา เช่น คาก ค้าก ค๋าก มี ๒๔ ตัว คือ ค ฅ ฆ ง ช ซ ฌ ญ ฑ ฒ ณ ท ธ น พ ฟ ภ ม ย ร ล ว ฬ ฮ.
อักษรบฏ 0,น.,"แผ่นผ้าที่เขียนสระ พยัญชนะ ใช้ในการเรียนการสอนในสมัยโบราณ, ที่ใช้แผ่นกระดาษติดผ้าหรือแผ่นกระดาษแทนก็มี."
อักษรลักษณ์ 0,น.,"จดหมาย, ในบทกลอนมักใช้ว่า ลักษณ์."
อักษรเลข 0,น.,วิธีเขียนหนังสือลับโบราณ ใช้ตัวเลขแทนสระ
อักษรเลข 1,น.,"ตำแหน่งในคณะกรมการปกครองท้องที่มีมาแต่โบราณ, ต่อมาใช้เรียกผู้ทำหน้าที่เลขานุการของผู้ว่าราชการจังหวัด."
อักษรศาสตร์ 0,น.,วิชาการหนังสือ เน้นในด้านภาษาและวรรณคดี.
อักษรสมัย 0,น.,วิชาหนังสือว่าด้วยการอ่านการเขียน.
อักษรสาส์น 0,น.,"จดหมายของประธานาธิบดีหรือประมุขของประเทศซึ่งมีชื่อเป็นอย่างอื่นที่ใช้ในการเจริญสัมพันธไมตรีระหว่างประเทศ, เขียนเป็น อักษรสาสน (อ่านว่า อักสอนสาน) ก็ได้."
อักษรสูง 0,น.,พยัญชนะที่คำเป็นมีพื้นเสียงเป็นเสียงจัตวา ผันได้ ๓ เสียง มี ๒ รูป คือ ผันด้วยวรรณยุกต์  เป็นเสียงเอก ผันด้วยวรรณยุกต์  เป็นเสียงโท เช่น ขา ข่า ข้า คำตายพื้นเสียงเป็นเสียงเอก ผันด้วยวรรณยุกต์  เป็นเสียงโท เช่น ขะ ข้ะ มี ๑๑ ตัว คือ ข ฃ ฉ ฐ ถ ผ ฝ ศ ษ ส ห.
อักษะ 0,น.,"เพลา, แกน. (ส.)"
อักษะ 1,น.,เรียกกลุ่มประเทศอันประกอบด้วยเยอรมนี อิตาลี และญี่ปุ่น ที่รวมเป็นแกนร่วมรบกับกลุ่มประเทศฝ่ายสัมพันธมิตรในสงครามโลกครั้งที่ ๒ ว่า ฝ่ายอักษะ.
อักเษาหิณี 0,น.,จำนวนนับอย่างสูง คือ ๑ มีศูนย์ตาม ๔๒ ตัว
อักเษาหิณี 1,น.,กองทัพอินเดียโบราณที่มีกระบวนรบพร้อมมูลตามกำหนด
อักเษาหิณี 2,น.,อักโขภิณี หรือ อักโขเภณี ก็ว่า.
อักเสบ 0,ว.,มีพิษกำเริบเนื่องจากแผลเป็นต้น
อักเสบ 1,ว.,"มีปฏิกิริยาตอบสนองป้องกันเฉพาะที่ชนิดเฉียบพลัน มีอาการปวด บวม แดง ร้อน และอาจมีไข้ เช่น ข้ออักเสบเฉียบพลัน, ชนิดเรื้อรัง การดำเนินโรคเป็นไปช้า ๆ ไม่รุนแรง และมักมีเนื้อพังผืดเกิดขึ้น เช่น ข้ออักเสบเรื้อรัง."
อักเสบ 2,ก.,เกิดปฏิกิริยาตอบสนองป้องกันเฉพาะที่.
อักอ่วน 0,ว.,"ป่วน, พิพักพิพ่วน, ลังเลใจ, ตกลงใจไม่ได้, กระอักกระอ่วน ก็ว่า."
อัคคะ 0,ว.,"เลิศ, ยอด."
อัคคิ 0,น.,ไฟ.
อัคคี 0,น.,ไฟ.
อัคคีภัย 0,น.,"ภัยที่เกิดจากไฟ, ไฟไหม้."
อัคนิ 0,น.,ไฟ
อัคนิ 1,น.,ชื่อเทพแห่งไฟ.
อัคนิคณะ 0,น.,เปลวไฟ.
อัคนิพ่าห์ 0,น.,ควัน.
อัคนิรุทร 0,น.,"ไฟร้ายกาจ, เพลิงกาฬ."
อัคนิวาหะ 0,น.,ควัน.
อัคนิโหตร 0,น.,การบูชาพระอัคนี (โดยมากใช้นํ้านมกับนํ้ามัน).
อัคนี 0,น.,ไฟ
อัคนี 1,น.,ชื่อเทพแห่งไฟ.
อัคร- 0,ว.,"เลิศ, ยอด, มักใช้เป็นส่วนหน้าสมาส, เช่น อัครมเหสี อัครมหาเสนาบดี."
อัครชายา 0,น.,ตำแหน่งมเหสีรอง เรียกว่า พระอัครชายา.
อัครมหาเสนาบดี 0,น.,หัวหน้าเสนาบดี.
อัครมเหสี 0,น.,ตำแหน่งภรรยาเอกของพระมหากษัตริย์ เรียกว่า พระอัครมเหสี.
อัครราชทูต 0,น.,ผู้แทนรัฐบาลไปราชการชั่วคราวหรือประจำอยู่ในสำนักแห่งรัฐบาลอื่น.
อัครสมณทูต 0,น.,ทูตที่สันตะปาปาทรงแต่งตั้งไปประจำสำนักประมุขของอีกรัฐหนึ่งในกรณีที่ไม่มีการแต่งตั้งเอกอัครสมณทูต มีฐานะระดับเดียวกับรัฐทูต.
อัง 0,ก.,"นำไปใกล้ ๆ ไฟเพื่อให้ร้อนหรือบรรเทาความหนาวเป็นต้น, โดยปริยายหมายถึงอาการที่คล้ายคลึงเช่นนั้น เช่น เอามืออังหน้าผากดูว่าร้อนหรือไม่."
อังก์ 0,น.,"องก์, ตอนหนึ่งของเรื่องละคร."
อังกนะ 0,น.,"การทำเครื่องหมาย, การประทับตรา."
อังกฤษ 0,น.,ชื่อประเทศ ชนชาติ และภาษาของชนผิวขาวพวกหนึ่งที่อยู่ในเกาะทางทิศตะวันตกของทวีปยุโรปซึ่งเรียกว่า เกรตบริเตน
อังกฤษ 1,น.,เรียกโลหะชนิดหนึ่งเป็นแผ่นบาง ๆ สีคล้ายทองคำหรือสีอื่น ๆ ก็มี ใช้สลักหรือปรุเป็นลายประดับเครื่องศพเป็นต้น ว่า ทองอังกฤษ.
อังกวด 0,น.,จ้องหน่อง.
อังกะลุง 0,น.,ชื่อเครื่องดนตรีอย่างหนึ่งของชวา ใช้เขย่าให้เกิดเสียง.
อังกา 0,น.,ตัวอักษรที่จารไว้หัวลานสำหรับบอกจำนวนใบลานที่จารแล้ว ๑๒ ตัวเป็น ๑ อังกา และ ๒ อังกา เป็น ๑ ผูก.
อังกาบ 0,น.,ชื่อไม้ล้มลุกชนิด Barleria cristata L. ในวงศ์ Acanthaceae ลำต้นไม่มีหนาม ดอกสีม่วง.
อังกาบฝรั่ง 0,น.,"ชื่อไม้ล้มลุก ๒ ชนิดในวงศ์ Acanthaceae คือ ชนิด Hygrophila erecta (Burm. f.) Hochr. ดอกเล็ก สีม่วงแดง เมล็ดใช้ทำยาพอกฝี, ต้อยติ่งไทย ก็เรียก และชนิด Ruellia tuberosa L. ดอกใหญ่ สีม่วงนํ้าเงิน, อังกาบฝรั่ง ก็เรียก."
อังกาบหนู 0,น.,ชื่อไม้ล้มลุกชนิด Barleria prionitis L. ในวงศ์ Acanthaceae ลำต้นมีหนาม ดอกสีเหลือง.
อังกุระ 0,น.,"หน่อ, หน่อเนื้อเชื้อไข, เชื้อสาย"
อังกุระ 1,น.,มักใช้ อังกูร เป็นส่วนท้ายของสมาส เป็น อางกูร เช่น พุทธางกูร นรางกูร.
อังกุศ 0,น.,ขอเหล็กอย่างขอสับช้าง.
อังกูร 0,น.,"หน่อ, หน่อเนื้อเชื้อไข, เชื้อสาย"
อังกูร 1,น.,มักใช้ อังกูร เป็นส่วนท้ายของสมาส เป็น อางกูร เช่น พุทธางกูร นรางกูร.
อังคณะ 0,น.,"ลาน, ที่ว่าง, สนาม."
อังคณา 0,น.,"นาง, ผู้หญิง."
อังคาร 0,น.,ชื่อวันที่ ๓ ของสัปดาห์
อังคาร 1,น.,"ชื่อดาวเคราะห์ดวงที่ ๔ ในระบบสุริยะ มองเห็นด้วยตาเปล่า อยู่ห่างจากดวงอาทิตย์ประมาณ ๒๒๘ ล้านกิโลเมตร มีเส้นผ่าศูนย์กลาง ๖,๗๘๗ กิโลเมตร มีพื้นผิวขรุขระและมีบรรยากาศเบาบาง ส่วนใหญ่เป็นแก๊สคาร์บอนไดออกไซด์ มีบริวาร ๒ ดวง"
อังคาร 2,น.,เถ้าถ่านของศพที่เผาแล้ว.
อังคารสี่บท 0,น.,ชื่อเพลงไทยอัตรา ๒ ชั้น หน้าทับปรบไก่ เดิมชื่อเพลงอังคารสี่บท
อังคาส 0,ก.,"ถวายอาหารพระ, เลี้ยงพระ."
อังคีรส 0,ว.,"มีรัศมีซ่านออกจากพระกาย, เป็นพระนามของพระพุทธเจ้าพระองค์หนึ่ง."
อังคุฐ 0,น.,นิ้วหัวแม่มือ.
อังคุตรนิกาย 0,น.,ชื่อคัมภีร์นิกายที่ ๔ แห่งพระสุตตันตปิฎก แสดงหลักธรรมโดยแบ่งเป็นหมวด เรียงลำดับตามจำนวนหัวข้อธรรมะตั้งแต่ ๑ หัวข้อถึง ๑๑ หัวข้อ.
อังฆาต 0,ก.,"กระทบ, เบียดเบียน."
อังแพลม 0,น.,ตะเกียงหิ้วขนาดเล็ก มีที่กำบังแสงและลม ๓ ด้าน สำหรับส่องหาของหรือตีกบเป็นต้นในเวลากลางคืน.
อั้งยี่ 0,น.,สมาคมลับของคนจีน
อั้งยี่ 1,น.,เป็นฐานความผิดอาญา ที่ผู้กระทำเข้าเป็นสมาชิกของคณะบุคคลซึ่งปกปิดวิธีดำเนินการและมีความมุ่งหมายเพื่อการอันมิชอบด้วยกฎหมาย.
อั้งโล่ 0,น.,เตาไฟดินเผาชนิดหนึ่งของจีน ยกไปได้.
อังศุ 0,น.,"สาย, ทาง, เส้น, แถว"
อังศุ 1,น.,"แสง, รัศมี."
อังศุก 0,น.,ผ้าอย่างบาง.
อังศุธร 0,น.,พระอาทิตย์.
อังศุมาลี 0,น.,พระอาทิตย์.
อังส- 0,น.,เรียกผ้าที่พระภิกษุสามเณรใช้ห้อยเฉวียงบ่า ว่า ผ้าอังสะ
อังส- 1,น.,"ส่วน, ภาค"
อังส- 2,น.,ส่วนของมุม.
อังสกุฏ 0,น.,จะงอยบ่า.
อังสตรอม 0,น.,หน่วยที่ใช้วัดระยะสั้นมาก ๆ ๑ อังสตรอม มีค่าเท่ากับ ๑๐^-๑๐ เมตร ใช้สัญลักษณ์ว่า Å.
อังสนา 0,น.,ดอกประดู่.
อังสภาระ 0,น.,ของแบก.
อังสะ 0,น.,เรียกผ้าที่พระภิกษุสามเณรใช้ห้อยเฉวียงบ่า ว่า ผ้าอังสะ
อังสะ 1,น.,"ส่วน, ภาค"
อังสะ 2,น.,ส่วนของมุม.
อังสา 0,น.,"บ่า, ไหล่."
อัจกลับ 0,น.,โคมอย่างหนึ่งทำด้วยทองเหลือง บางทีมีระย้าห้อยด้วย ใช้ในสมัยโบราณ.
อัจจันต์ 0,ว.,"ยิ่ง, ยิ่งนัก."
อัจจัย 0,น.,การล่วงไป
อัจจัย 1,น.,"การล่วงเกิน, การดูหมิ่น."
อัจจิ 0,น.,"เปลวไฟ, แสงไฟ."
อัจจิมา 0,น.,ไฟ.
อัจจิมา 1,ว.,"มีแสง, สว่าง, รุ่งเรือง."
อัจจุตะ 0,ว.,"ไม่เคลื่อนที่, มั่นคง, แน่นอน, เสมอไป."
อัจเจกะ 0,ว.,"ผิดปรกติ, บังเอิญเป็น"
อัจเจกะ 1,ว.,รีบร้อน
อัจเจกะ 2,ว.,จำเป็น.
อัจฉรา 0,น.,นางฟ้า.
อัจฉรา 1,น.,นิ้วมือ
อัจฉรา 2,น.,"ลัดนิ้วมือหนึ่ง, เวลาประเดี๋ยวเดียว, ชั่วพริบตา."
อัจฉริย- 0,ว.,"วิเศษน่าอัศจรรย์, มีความรู้ความสามารถเกินกว่าระดับปรกติมาก."
อัจฉริยบุคคล 0,น.,บุคคลผู้มีปัญญาความสามารถเยี่ยมยอดมาแต่กำเนิด.
อัจฉริยภาพ 0,น.,ความเป็นผู้มีปัญญาความสามารถเกินกว่าระดับปรกติมาก.
อัจฉริยลักษณ์ 0,น.,ลักษณะดีเด่นเป็นที่น่าอัศจรรย์ เช่น อัจฉริยลักษณ์ของภาษาไทย อัจฉริยลักษณะของมหาบุรุษ.
อัจฉริยลักษณะ 0,น.,ลักษณะดีเด่นเป็นที่น่าอัศจรรย์ เช่น อัจฉริยลักษณ์ของภาษาไทย อัจฉริยลักษณะของมหาบุรุษ.
อัจฉริยะ 0,ว.,"วิเศษน่าอัศจรรย์, มีความรู้ความสามารถเกินกว่าระดับปรกติมาก."
อัจนา 0,น.,"การเซ่นสรวง, การถวาย, การบูชานับถือ."
อัชฌนาโรหะ 0,น.,ชื่อปลา ๑ ใน ๗ ตัวในหนังสือไตรภูมิกถา.
อัชฌัตติก- 0,ว.,"ภายใน, เฉพาะตัว, ส่วนตัว, เช่น อัชฌัตติกปัญญา."
อัชฌา 0,น.,กิริยาดี
อัชฌา 1,น.,"นิสัยใจคอ, ความรู้จักผ่อนปรน."
อัชฌาจาร 0,น.,"ความประพฤติชั่ว, การล่วงมรรยาท, การละเมิดประเพณี."
อัชฌาศัย 0,น.,อัชฌาสัย.
อัชฌาสัย 0,น.,กิริยาดี
อัชฌาสัย 1,น.,"นิสัยใจคอ, ความรู้จักผ่อนปรน"
อัชฌาสัย 2,น.,"ใช้ว่า อัชฌา ก็มี, (โบ) อัชฌาศัย."
อัญ- 0,ว.,"อื่น, ต่างไป, แปลกไป."
อัญขยม 0,ส.,"ข้า, ข้าพเจ้า."
อัญชนะ 0,น.,"ยาตา, ยาหยอดตา."
อัญชนะศักราช 0,น.,ศักราชที่เริ่มตั้งก่อนพุทธศักราช ๑๔๗ ปี (อัญชนะศักราชลบด้วย ๑๔๗ เท่ากับพุทธศักราช).
อัญชลี 0,น.,"การประนมมือ, การไหว้, บางทีใช้เป็น อัญชุลี หรือ ใช้ละว่า ชุลี ก็มี."
อัญชัน 0,น.,ชื่อไม้เถาชนิด Clitoria ternatea L. ในวงศ์ Leguminosae ดอกสีครามแก่ ขาว และม่วงอ่อน.
อัญชัน 1,ว.,เรียกสีครามแก่อย่างสีดอกอัญชัน ว่า สีอัญชัน.
อัญชุลี 0,น.,อัญชลี.
อัญเชิญ 0,ก.,เชิญด้วยความเคารพนับถือ เช่น อัญเชิญพระพุทธรูปไปประดิษฐานในพระอุโบสถ.
อัญญะ 0,ว.,"อื่น, ต่างไป, แปลกไป."
อัญดิตถีย์ 0,น.,"พวกที่มีความเชื่อถืออย่างอื่น, พวกนอกพระพุทธศาสนา."
อัญเดียรถีย์ 0,น.,"พวกที่มีความเชื่อถืออย่างอื่น, พวกนอกพระพุทธศาสนา."
อัญประกาศ 0,น.,เครื่องหมายวรรคตอนรูปดังนี้ “ ” สำหรับเขียนคร่อมคำหรือข้อความ เพื่อแสดงว่าข้อความนั้นเป็นคำพูด หรือเพื่อเน้นความนั้นให้เด่นชัดขึ้นเป็นต้น.
อัญประกาศเดี่ยว 0,น.,เครื่องหมายวรรคตอนรูปดังนี้ ‘ ’ สำหรับเขียนคร่อมคำหรือข้อความที่ซ้อนอยู่ภายในข้อความที่มีเครื่องหมายอัญประกาศอยู่แล้ว.
อัญมณี 0,น.,"รัตนชาติที่เจียระไนแล้ว, แก้วมณีอื่น ๆ นอกจากเพชรพลอย"
อัญมณี 1,น.,ของมีค่าอื่น ๆ เช่น มันผู้หนึ่งล้อมไว้เป็นไร่เป็นสวนมัน มันได้ปลูกสรรพอัญมณีในที่นั้นไว้ ให้ลดอากรไว้แก่มันปีหนึ่ง (สามดวง).
อัญมัญ- 0,ว.,"ซึ่งกันและกัน, แก่กันและกัน, ของกันและกัน, เช่น เป็นอัญมัญปัจจัย คือ เป็นปัจจัยของกันและกัน."
อัญรูป 0,น.,ธาตุเดียวกันแต่มีสมบัติและรูปแบบต่างกัน เมื่อนำไปทำปฏิกิริยากับธาตุอื่นธาตุเดียวกัน จะให้ผลเป็นสารประกอบอันเดียวกัน เช่น ธาตุคาร์บอน มีอัญรูป คือ เพชร กับ แกรไฟต์ เมื่อนำอัญรูปทั้ง ๒ นี้ ไปเผาด้วยความร้อนสูงกับธาตุออกซิเจน จะได้แก๊สคาร์บอนไดออกไซด์เช่นเดียวกัน.
อัฏ 0,น.,คดีความ.
อัฏฐ- 0,ว.,แปด.
อัฏฐบาน 0,น.,"น้ำที่คั้นจากผลไม้ มี ๘ อย่าง คือ น้ำมะม่วง น้ำชมพู่หรือน้ำหว้า น้ำกล้วยมีเม็ด น้ำกล้วยไม่มีเม็ด น้ำมะซาง น้ำลูกจันทน์หรือน้ำองุ่น น้ำเหง้าอุบล น้ำมะปรางหรือน้ำลิ้นจี่, เขียนว่า อัฐบาน ก็มี."
อัฏฐะ 0,ว.,แปด.
อัฏฐังค์ 0,น.,"องค์ ๘, ๘ ส่วน, ๘ ชั้น."
อัฏฐังคิกมรรค 0,น.,มรรคประกอบด้วยองค์ ๘.
อัฏฐังสะ 0,ว.,มี ๘ เหลี่ยม.
อัฏนา 0,น.,"เรียกชื่อพิธียิงปืนเพื่อขับไล่ภูตผีปีศาจตามประเพณีความเชื่อในระหว่างที่พระสงฆ์สวดอาฏานาฏิยสูตรในวันทำพิธีตรุษ ว่า ยิงปืนอัฏนา, อาฏานา ก็ว่า."
อัฐ 0,น.,เรียกเงินปลีกสมัยก่อน ๘ อัฐ เท่ากับ ๑ เฟื้อง
อัฐ 1,น.,"เงิน, เงินตรา, เช่น คนมีอัฐ"
อัฐ 2,น.,"ราคาถูก ในสำนวนว่า ไม่กี่อัฐ, ไม่กี่อัฐฬส ก็ว่า."
อัฐ- 0,ว.,แปด.
อัฐเคราะห์ 0,น.,"เรียกดาวเฉพาะ ๘ ดวง คือ อาทิตย์ (ประจําทิศอีสาน ใช้เลข ๑ แทน) จันทร์ (ประจําทิศบูรพา ใช้เลข ๒ แทน) อังคาร (ประจําทิศอาคเนย์ ใช้เลข ๓ แทน) พุธ (ประจําทิศทักษิณ ใช้เลข ๔ แทน) เสาร์ (ประจําทิศหรดี ใช้เลข ๗ แทน) พฤหัสบดี (ประจําทิศประจิม ใช้เลข ๕ แทน) ราหู (ประจําทิศพายัพ ใช้เลข ๘ แทน) และศุกร์ (ประจําทิศอุดร ใช้เลข ๖ แทน) เขียนเป็นแผนภูมิดังนี้+C1517 ว่า ทักษา, ถ้าเกิดวันใด ก็ถือวันนั้นเป็นบริวาร แล้วนับเวียนขวาไปตามทิศทั้ง ๘ เช่น เกิดวันอาทิตย์ อาทิตย์เป็นบริวาร จันทร์เป็นอายุ อังคารเป็นเดช พุธเป็นศรี เสาร์เป็นมูละ พฤหัสบดีเป็นอุตสาหะ ราหูเป็นมนตรี และศุกร์เป็นกาลกรรณี."
อัฐทิศ 0,น.,"ชื่อพระแท่นรูป ๘ เหลี่ยม ที่พระมหากษัตริย์ประทับเพื่อรับการถวายราชสมบัติในพระราชพิธีบรมราชาภิเษก, เรียกเต็มว่า พระที่นั่งอัฐทิศ-อุทุมพรราชอาสน์."
อัฐบริขาร 0,น.,"เครื่องใช้สอยของพระภิกษุในพระพุทธศาสนา มี ๘ อย่าง คือ สบง จีวร สังฆาฏิ บาตร มีดโกนหรือมีดตัดเล็บ เข็ม ประคดเอว กระบอกกรองนํ้า (ธมกรก), สมณบริขาร ก็เรียก."
อัฐบาน 0,น.,"นํ้าที่คั้นจากผลไม้ มี ๘ อย่าง คือ นํ้ามะม่วง นํ้าชมพู่หรือนํ้าหว้า นํ้ากล้วยมีเม็ด นํ้ากล้วยไม่มีเม็ด นํ้ามะซาง นํ้าลูกจันทน์หรือน้ำองุ่น นํ้าเหง้าอุบล นํ้ามะปรางหรือน้ำลิ้นจี่, เขียนว่า อัฏฐบาน ก็มี."
อัฐม- 0,ว.,ที่ ๘ เช่น อัฐมภาค อัฐมราชา.
อัฐมะ 0,ว.,ที่ ๘ เช่น อัฐมภาค อัฐมราชา.
อัฐมี 0,น.,"ดิถีที่ ๘, เรียกวันถวายพระเพลิงพระพุทธเจ้าในวันแรม ๘ ค่ำ เดือน ๖ ว่า วันอัฐมี."
อัฐยายซื้อขนมยาย 0,ก.,"เอาทรัพย์จากผู้ปกครองหญิงที่จะขอแต่งงานด้วย มอบให้เป็นสินสอดทองหมั้นแก่ผู้ปกครองหญิงนั้นโดยสมรู้กัน, โดยปริยายหมายถึงการกระทำอย่างอื่นในทำนองเดียวกันนี้ เช่น เอาทรัพย์จากผู้ใดผู้หนึ่งซื้อหรือแลกสิ่งของอื่นของผู้นั้น."
อัฐศก 0,น.,เรียกปีจุลศักราชที่ลงท้ายด้วยเลข ๘ เช่น ปีขาล อัฐศก จุลศักราช ๑๓๔๘.
อัฐฬส 0,น.,"ราคาถูก ในสำนวนว่า ไม่กี่อัฐฬส, ไม่กี่อัฐ ก็ว่า."
อัฐิ 0,น.,กระดูกคนที่เผาแล้ว.
อัฐิมิญชะ 0,น.,เยื่อในกระดูก.
อัฐิสัณฐาน 0,น.,ทรงกระดูก.
อัฒ- 0,ว.,"กึ่ง, ครึ่ง, ซีก."
อัฒจักร 0,น.,"เรียกดวงชาตาของคนที่พระเคราะห์ไปร่วมกันอยู่ข้างใดข้างหนึ่ง, อรรธจักร ก็ว่า."
อัฒจันทร์ 0,น.,"ที่นั่งเป็นขั้น ๆ สำหรับดูการแสดงมีลักษณะเป็นรูปครึ่งวงกลม, ชั้นที่ตั้งของขายหรือก้าวขึ้นลงทำเป็นขั้น ๆ, อรรธจันทร์ ก็ว่า."
อัฒภาค 0,น.,เครื่องหมายวรรคตอนรูปดังนี้
อัฒภาค 1,น.,สำหรับคั่นคำหรือประโยค.
อัฒมณฑล 0,น.,กึ่งวงกลม.
อัฒมาส 0,น.,ครึ่งเดือน.
อัฒรัตติ 0,น.,เที่ยงคืน.
อัณฑ- 0,น.,"ส่วนหนึ่งของอวัยวะลับชาย, กระโปก"
อัณฑ- 1,น.,ไข่.
อัณฑโกส 0,น.,เปลือกไข่.
อัณฑชะ 0,น.,“เกิดแต่ไข่” หมายถึง สัตว์ที่เกิดจากไข่ เช่น ไก่ นก เต่า.
อัณฑะ 0,น.,"ส่วนหนึ่งของอวัยวะลับชาย, กระโปก"
อัณฑะ 1,น.,ไข่.
อัณฑาการ 0,ว.,"รูปไข่, กลมรี."
อัณณพ 0,น.,"อรรณพ, ห้วงนํ้า, ทะเล, มหาสมุทร."
อัด 0,ก.,"ดันลมเข้าไป เช่น อัดลูกโป่ง, ยัดให้แน่น เช่น อัดดินปืน, ประกับให้แน่น เช่น อัดพื้นให้ชิด, ทำให้แน่น เช่น อัดกันอยู่ในรถ, บีบ เช่น อัดใบลาน"
อัด 1,ก.,"กลั้น, กลั้นหายใจ, เช่น อัดลมหายใจ."
อัด 2,ว.,"ตรง, เต็ม, ตรงแบน, (ใช้แก่ลักษณะด้านหน้า) เช่น หน้าอัด สิงห์อัด."
อัดก๊อบปี้ 0,ก.,"บีบอัดให้แน่น เช่น อัดก๊อบปี้ผ้าม่วง, (ปาก) ปะทะอย่างแรง เช่น รถเก๋งถูกรถบรรทุกอัดก๊อบปี้พังยับเยิน."
อัดแจ 0,น.,"เมืองอะแจ, อะจีน ก็เรียก. [ปัจจุบันคือ เมืองอะเจะห์ (Ajeh) ในประเทศอินโดนีเซีย]."
อัดฉีด 0,ก.,อัดจาระบีเข้าที่ข้อต่อรถยนต์
อัดฉีด 1,ก.,ให้เงินหรือรางวัลพิเศษเพื่อให้ทำงานให้โดยเร็วหรือให้ได้ผล.
อัดแบตเตอรี่ 0,ก.,ประจุกระแสไฟฟ้าเข้าในแบตเตอรี่.
อัดแผ่นเสียง 0,ก.,บันทึกเสียงลงในแผ่นเสียง.
อัดรูป 0,ก.,ผลิตภาพจากฟิล์มหรือกระจกถ่ายรูปที่บันทึกภาพไว้แล้ว.
อัดลม 0,ก.,อัดแก๊สเข้าไป.
อัดลม 1,ว.,เรียกเครื่องดื่มประเภทหนึ่งซึ่งมีแก๊สคาร์บอนไดออกไซด์ละลายและอัดไว้ในขวดเป็นต้น ว่า นํ้าอัดลม.
อัดสำเนา 0,ก.,"พิมพ์อัดกระดาษไขที่พิมพ์ เขียน เจาะปรุ หรือทำแบบลวดลายแล้ว ด้วยเครื่องพิมพ์ชนิดหนึ่ง เพื่อให้ได้สำเนาจำนวนมากตามต้องการ, เรียกเครื่องพิมพ์ชนิดนั้น ว่า เครื่องอัดสำเนา."
อัดเสียง 0,ก.,บันทึกเสียงลงในแถบบันทึกเสียงหรือฟิล์มเป็นต้น.
อัดอั้น 0,ก.,เก็บอัดความรู้สึกแน่นอยู่ในใจ เพราะไม่สามารถพูดหรือกระทำตามต้องการได้เนื่องจากอยู่ในภาวะจำทน.
อัดอั้นตันใจ 0,ก.,เก็บอัดความรู้สึกแน่นอยู่ในใจ เพราะไม่สามารถพูดหรือกระทำตามต้องการได้เนื่องจากอยู่ในภาวะจำทน.
อัดแอ 0,ว.,"ยัดเยียด, แน่น, แออัด ก็ว่า."
อัต- 0,น.,"ตน, ตัวเอง."
อัตคัด 0,ว.,"ขัดสน, ฝืดเคือง, ยากจน, เช่น เขาเป็นคนอัตคัด."
อัตคัด 1,ก.,"มีน้อย, ขาดแคลน, เช่น อัตคัดผม อัตคัดน้ำ."
อัตชีวประวัติ 0,น.,ประวัติชีวิตที่เจ้าของเขียนหรือเล่าด้วยตนเอง.
อัตตโนบท 0,น.,"“บทเพื่อตน”, ในตำราไวยากรณ์บาลีและสันสกฤตใช้เป็นเครื่องหมายให้ทราบว่าเป็นกริยากรรมวาจกหรือภาววาจก เช่น สูเทน โอทโน ปจิยเต = ข้าวสุกอันพ่อครัวหุงอยู่, ปจิยเต เป็นกริยาอัตตโนบท, ตรงข้ามกับ ปรัสสบท."
อัตตา 0,น.,ตน.
อัตตาธิปไตย 0,น.,การถือตนเองเป็นใหญ่. (ป. อตฺตาธิปเตยฺย)
อัตตาธิปไตย 1,น.,ระบอบการปกครองที่ผู้นำมีอำนาจเด็ดขาดและไม่จำกัด.
อัตถ์ 0,น.,"เนื้อความ, ประโยชน์, ความต้องการ."
อัตถ- 0,น.,"เนื้อความ, ประโยชน์, ความต้องการ."
อัตถจริยา 0,น.,"การประพฤติประโยชน์, เป็นธรรมข้อ ๑ ในสังคหวัตถุ. (ป.). (ดู สังคหวัตถุ)."
อัตถะ 0,น.,"เนื้อความ, ประโยชน์, ความต้องการ."
อัตนัย 0,ว.,"ที่เปิดโอกาสให้แสดงความรู้หรือความคิดเห็นส่วนตัวได้, เรียกการสอบแบบที่ให้ผู้ตอบแสดงความคิดเห็น ว่า การสอบแบบอัตนัย, คู่กับ ปรนัย, จิตวิสัย ก็ว่า."
อัตโนมัติ 0,น.,"ความเห็นส่วนตัว, ความเห็นโดยลำพังตน, เช่นในคำว่า อัตโนมัตยาธิบาย คือ อธิบายตามความเห็นของตน. (ป. อตฺตโน ว่า ของตน + มติ ว่า ความเห็น)."
อัตโนมัติ 1,ว.,"เป็นไปได้ในตัวเอง, ทำหน้าที่ได้ในตัวเอง, มีกลไกทำหน้าที่ได้เอง, เช่น นาฬิกาอัตโนมัติ."
อัตภาพ 0,น.,"ตน, ลักษณะความเป็นตัวตนหรือบุคคล."
อัตรชะ 0,น.,“เกิดจากตัวเอง” หมายถึง ลูกของตัวเอง.
อัตรา 0,น.,"ระดับที่กำหนดไว้, จำนวนที่จำกัดไว้ตามเกณฑ์, เช่น อัตราภาษี อัตราเร็ว."
อัตรา 1,ว.,"เป็นประจำตามกำหนด, สมํ่าเสมอ, เป็นนิจ, เช่น แล้วให้เทศนาอัตราไป (กลอนเพลงยาวสรรเสริญพระเกียรติ ร. ๓)."
อัตราเร็ว 0,น.,อัตราการเคลื่อนที่ของวัตถุต่อหนึ่งหน่วยเวลาโดยไม่คำนึงถึงทิศทางของการเคลื่อนที่.
อัตราส่วน 0,น.,เกณฑ์เปรียบเทียบปริมาณของของอย่างเดียวกันหรือต่างกัน เพื่อจะได้ทราบว่าปริมาณแรกเป็นเศษส่วนเท่าใดของปริมาณหลัง เช่น อัตราส่วนของนายแพทย์ ๑ คน ต่อประชาชน ๒๕๐ คน อัตราส่วนของนักศึกษา ๑ คน ต่อหนังสือในห้องสมุด ๕ เล่ม
อัตราส่วน 1,น.,การเปรียบเทียบปริมาณที่เป็นของอย่างเดียวกัน เพื่อให้ทราบว่าปริมาณแรกเป็นกี่เท่าของปริมาณหลัง หรือเป็นเศษส่วนเท่าใดของปริมาณหลัง เช่น จำนวนผู้ใช้หนังสือในห้องสมุดกับจำนวนเจ้าหน้าที่ห้องสมุดบางแห่งคิดเป็นอัตราส่วน ๑๐๐ : ๑ ครูกับนักเรียนควรจะมีอัตราส่วนไม่เกิน ๑ : ๔๐.
อัตลัด 0,น.,ชื่อผ้าชนิดหนึ่ง ทอด้วยไหมควบกับเงินแล่งหรือทองแล่ง แต่ไหมมีจำนวนมากกว่า.
อัตวินิบาตกรรม 0,น.,การฆ่าตัวตาย.
อัตหิต- 0,น.,"ประโยชน์ตน, มักใช้เข้าคู่กับคำ ประโยชน์ เป็น อัตหิตประโยชน์ ว่า ประโยชน์เกื้อกูลแก่ตน."
อัตเหตุ 0,ว.,เพราะตนเป็นเหตุ
อัตเหตุ 1,ว.,เห็นแก่ตัว.
อัททา 0,น.,"ชื่อหนึ่งของดาวฤกษ์อารทรา มี ๑ ดวง, ดาวตัวโค ดาวตาสำเภา หรือ ดาวอทระ ก็เรียก."
อัทธ์ 0,น.,"ทาง, ทางไกล, ระยะไกล"
อัทธ์ 1,น.,"กาล, กาลยาวนาน."
อัทธ- 0,น.,"ทาง, ทางไกล, ระยะไกล"
อัทธ- 1,น.,"กาล, กาลยาวนาน."
อัทธคต 0,น.,"ผู้ที่ได้ผ่านทางไกลหรืออยู่มานาน, คนแก่."
อัทธคู 0,น.,"ผู้เดินทาง, นักท่องเที่ยว."
อัทธา 0,น.,"ทาง, ทางไกล, ระยะไกล"
อัทธา 1,น.,"กาล, กาลยาวนาน."
อัทธาน 0,น.,"ทาง, ทางไกล, ระยะไกล"
อัทธาน 1,น.,"กาล, กาลยาวนาน."
อัทธายุ 0,น.,"ชั่วอายุ, ชั่วชีวิต."
อัธยาตมวิทยา 0,น.,"วิชาว่าด้วยจิต, ปัจจุบันใช้ว่า จิตวิทยา."
อัธยาย 0,น.,"บทเรียน, บท"
อัธยาย 1,น.,"การอ่าน, การเล่าเรียน."
อัธยาศัย 0,น.,นิสัยใจคอ เช่น เขาเป็นคนมีอัธยาศัยดี
อัธยาศัย 1,น.,"ความพอใจ, ความประสงค์, เช่น ไปพักผ่อนได้ตามอัธยาศัย."
อัน 0,น.,"สิ่ง, ชิ้น"
อัน 1,น.,ทะลาย เช่น อันหมาก อันมะพร้าว
อัน 2,น.,"คำบอกลักษณะสิ่งของซึ่งโดยปรกติมีลักษณะแบนยาวหรือเป็นชิ้นเป็นแผ่นเป็นต้น, ลักษณนามเรียกสิ่งที่มีลักษณะเช่นนั้น เช่น ไม้อันหนึ่ง ไม้ ๒ อัน"
อัน 3,น.,เวลากำหนดสำหรับชนไก่พักหนึ่ง ๆ.
อัน 4,ส.,คำใช้แทนนามหรือข้อความที่อยู่ข้างหน้า เช่น ความจริงอันปรากฏขึ้นมา.
อัน 5,ว.,"อย่าง เช่น เป็นอันมาก เป็นอันดี, ใช้เป็นคำนำหน้านามที่เป็นประธานหรือใช้ขึ้นต้นข้อความต่าง ๆ เช่น อันอายุความนั้น ถ้าไม่มีกฎหมายบัญญัติไว้เป็นอย่างอื่น ท่านให้มีกำหนดสิบปี. (ประมวลกฎหมายแพ่งและพาณิชย์ มาตรา ๑๖๔ ฉบับเก่า), ใช้ว่า อันว่า ก็มี เช่น อันว่าทรัพย์นั้น โดยนิตินัยได้แก่วัตถุมีรูปร่าง. (ประมวลกฎหมายแพ่งและพาณิชย์ มาตรา ๙๘ ฉบับเก่า)."
อั้น 0,ก.,"ยั้ง เช่น พูดไม่อั้น, กลั้น เช่น อั้นปัสสาวะ อั้นลมหายใจ, อัดไว้ เช่น อั้นไว้ในใจ"
อั้น 1,ก.,กำหนด เช่น จ่ายไม่อั้น
อั้น 2,ก.,กำหนดจำนวนสูงสุด เช่น อั้น ๕ บาท แทงไม่อั้น (ใช้แก่การพนัน)
อั้น 3,ก.,กั้น เช่น อั้นทางน้ำไว้ไม่ให้ไหล.
อั้น 4,ว.,"อาการที่นิ่งอึ้ง พูดไม่ออก, มักใช้เข้าคู่กับคำ นิ่ง เป็น นิ่งอั้น."
อั๋น 0,ว.,"มีเนื้อแน่น, มักใช้เข้าคู่กับคำ อวบ เป็น อวบอั๋น."
อันดก 0,น.,ความตาย.
อันดร 0,น.,"ภายใน, ระหว่าง, มักใช้เข้าสนธิกับคำอื่น เป็นส่วนท้ายของคำสมาส เช่น พุทธ + อันดร = พุทธันดร นิร + อันดร = นิรันดร."
อันดับ 0,น.,"ชั้น เช่น พระสงฆ์นั่งตามอันดับ, ระเบียบ"
อันดับ 1,น.,ลำดับ เช่น สอบได้ในอันดับต้น ๆ.
อันด๊าก 0,น.,ลิ้น.
อันโด๊ก 0,น.,"เต่า, ตะพาบนํ้า."
อันต- 0,น.,"เขต, แดน"
อันต- 1,น.,"ปลายทาง, ที่จบ, อวสาน, ที่สุด"
อันต- 2,น.,"ความตาย, ความเสื่อมสิ้น."
อันต- 3,น.,"ลำไส้ใหญ่, ราชาศัพท์ว่า พระอันตะ."
อันตกะ 0,น.,“ผู้ทำที่สุด” หมายถึง ความตาย คือ พระยม.
อันตกาล 0,น.,เวลาตาย.
อันตกิริยา 0,น.,“การกระทำซึ่งที่สุด” หมายถึง ตาย เช่น เขากระทำซึ่งอันตกิริยา.
อันตคุณ 0,น.,"ลำไส้เล็ก, ราชาศัพท์ว่า พระอันตคุณ."
อันตคู 0,น.,"ผู้ถึงที่สุด, ผู้ชำนะความทุกข์."
อันตชาติ 0,น.,"คนตํ่าช้า, คนไม่มีตระกูล."
อันตร- 0,น.,ช่อง.
อันตร- 1,ว.,"ภายใน, ชั้นใน"
อันตร- 2,ว.,"ใกล้เคียง, เกือบ"
อันตร- 3,ว.,ระหว่าง
อันตร- 4,ว.,"อื่น, ต่างไป."
อันตรกัป 0,น.,"กัปที่อยู่ในระหว่าง, ช่วงเวลาระหว่างอสงไขยกัป, มี ๓ ประเภท คือ ทุพภิกขันดรกัป โรคันดรกัป และสัตถันดรกัป."
อันตรการณ์ 0,น.,"เหตุขัดข้อง, อุปสรรค, ความติดขัด."
อันตรธาน 0,ก.,"สูญหายไป, ลับไป."
อันตรภาค 0,น.,ช่วงคะแนนหรือขอบเขตของคะแนนเป็นต้นในขั้นหนึ่ง ๆ ในตารางแจกแจงความถี่ เช่น อันตรภาคของคะแนนตั้งแต่ ๘๖-๑๐๐ เป็นอันดับ ๑.
อันตรวาสก 0,น.,ผ้าสบง.
อันตรา 0,นิ.,ระหว่าง.
อันตราย 0,น.,เหตุที่อาจทำให้ถึงแก่ความตายหรือพินาศ.
อันตรายิกธรรม 0,น.,“ธรรมที่ทำอันตราย” หมายถึง เหตุขัดขวาง เช่น เหตุขัดขวางการอุปสมบท มีอายุไม่ครบ ๒๐ ปีบริบูรณ์ หรือเป็นโรคเรื้อนเป็นต้น.
อันตลิกขะ 0,น.,"ท้องฟ้า, กลางหาว."
อันตะ 0,น.,"ลำไส้ใหญ่, ราชาศัพท์ว่า พระอันตะ."
อั้นตั้น 0,ว.,อ้วนเตี้ย.
อันติกะ 0,น.,"ที่ใกล้, บริเวณ."
อันติกะ 1,ว.,"ใกล้, แทบ, เกือบ."
อันติม- 0,ว.,"สุดท้าย, สูงสุด, เช่น ความจริงอันติมะ คือ ความจริงสุดท้าย ความจริงสูงสุด."
อันติมสัจ 0,น.,"ความจริงขั้นสุดท้าย, ความจริงขั้นสูงสุด."
อันติมะ 0,ว.,"สุดท้าย, สูงสุด, เช่น ความจริงอันติมะ คือ ความจริงสุดท้าย ความจริงสูงสุด."
อั้นตู้ 0,ว.,"นิ่งอึ้ง, อํ้าอึ้ง, จนปัญญา, คิดไม่ออก."
อันเต 0,*ว.,คำใช้เป็นส่วนหน้าสมาส หมายความว่า ภายใน.
อันเตบุระ 0,น.,"ภายในราชสำนัก, ภายในวัง."
อันเตบุริก 0,น.,ข้าราชการในราชสำนัก.
อันเตบุริกา 0,น.,นางในราชสำนัก.
อันเตปุระ 0,น.,"ภายในราชสำนัก, ภายในวัง."
อันเตปุริก 0,น.,ข้าราชการในราชสำนัก.
อันเตปุริกา 0,น.,นางในราชสำนัก.
อันเตวาสิก 0,น.,"“ชนผู้อยู่ในภายใน” หมายถึง ศิษย์ที่อยู่ในปกครองหรือที่อาศัยอยู่กับอาจารย์ จะเป็นบรรพชิตหรือคฤหัสถ์ก็ได้, คู่กับ อาจารย์."
อันโต 0,*ว.,คำใช้เป็นส่วนหน้าสมาส หมายความว่า ภายใน.
อันโตชน 0,น.,“คนภายใน” หมายถึง คนในตระกูล เช่น บุตร ภรรยา คนใช้.
อันโตนาที 0,น.,ระยะเวลาโคจรของพระอาทิตย์ภายในราศีหนึ่ง ๆ โดยคิดเป็นวันใน ๑ ปี แล้วเทียบส่วนมาเป็นมหานาทีใน ๑ วัน (๑ มหานาที เท่ากับ ๒๔ นาที) เช่น อยู่ในราศีเมษ ๕ มหานาที ราศีพฤษภ ๔ มหานาที ราศีเมถุน ๓ มหานาที.
อันแถ้ง 0,ว.,"งามอ้อนแอ้น, เขียนเป็น อรรแถ้ง ก็มี เช่น พระองค์กลมกล้องแกล้ง เอวอ่อนอรอรรแถ้ง (ลอ)."
อันที่จริง 0,สัน.,"คำขึ้นต้นประโยคหรือข้อความแสดงถึงความที่ถูกที่ควร, ที่จริง หรือ ตามที่จริง ก็ว่า."
อันทุ 0,น.,"โซ่, ตรวน, เครื่องจองจำ."
อันโทล 0,ก.,"เวียนเกิดเวียนตาย, ท่องเที่ยวในสังสารวัฏ, เช่น หากเที่ยวในสงสารภพอันโทลเกิดไปมาแล (จารึกวัดศรีชุม), นางก็อันโทลไปมาในพิทธยาภพนี้ (ม. คำหลวง ทศพร)"
อันโทล 1,ก.,ท่องเที่ยว เช่น อย่าดูถูกอันโทลไพร จะเยียไยแก่อกเจ้า (ม. คำหลวง ทานกัณฑ์ กลบทเก่า).
อันธ- 0,ว.,"มืด, มืดมน"
อันธ- 1,ว.,"โง่, ทึบ"
อันธ- 2,ว.,"มองไม่เห็น, บอด."
อันธ- 3,ว.,"มืด, มืดมน, เช่น อันธกาล"
อันธ- 4,ว.,"โง่, ทึบ, เช่น อันธปัญญา"
อันธ- 5,ว.,"มองไม่เห็น, บอด, เช่น อันธจักษุ."
อันธการ 0,น.,"ความมืด, ความมัว, ความมืดมน"
อันธการ 1,น.,เวลาคํ่า
อันธการ 2,น.,ความเขลา
อันธการ 3,น.,อนธการ ก็ว่า.
อันธพาล 0,น.,คนเกะกะระราน.
อันธิกา 0,น.,"กลางคืน, เวลาคํ่า."
อันนะ 0,น.,"ของกินโดยเฉพาะข้าว, มักใช้เข้าคู่กับ ปานะ เป็น อันนะปานะ แปลว่า ข้าวและนํ้า."
อันนา 0,น.,"ตอนหนึ่ง ๆ ของนาซึ่งมีคันกั้น, กระทงนา ก็เรียก."
อันเป็น 0,น.,"ผลร้ายที่เกิดขึ้น, เหตุร้ายที่เกิดขึ้น, เช่น เขาแช่งคนชั่วให้มีอันเป็นไปต่าง ๆ นานา."
อันเป็นไป 0,น.,"ผลร้ายที่เกิดขึ้น, เหตุร้ายที่เกิดขึ้น, เช่น เขาแช่งคนชั่วให้มีอันเป็นไปต่าง ๆ นานา."
อันโยนย- 0,ว.,“กันและกัน”. (ส. อนฺโยนฺย; ป. อฺมฺ)
อันโยนย- 1,ว.,ในไวยากรณ์ใช้เรียกสรรพนามพวกหนึ่ง ซึ่งแทนชื่อคน สัตว์ หรือสิ่งของที่รวมกัน ได้แก่คำว่า “กัน” เช่น คนตีกัน เรียกว่า อันโยนยสรรพนาม.
อันโยนยะ 0,ว.,“กันและกัน”. (ส. อนฺโยนฺย; ป. อฺมฺ)
อันโยนยะ 1,ว.,ในไวยากรณ์ใช้เรียกสรรพนามพวกหนึ่ง ซึ่งแทนชื่อคน สัตว์ หรือสิ่งของที่รวมกัน ได้แก่คำว่า “กัน” เช่น คนตีกัน เรียกว่า อันโยนยสรรพนาม.
อันวย- 0,น.,"การเป็นไปตาม, การอนุโลมตาม, เช่น อันวยาเนกรรถประโยค."
อันวัย 0,น.,"การเป็นไปตาม, การอนุโลมตาม, เช่น อันวยาเนกรรถประโยค."
อันว่า 0,ว.,"ใช้เป็นคำนำหน้านามที่เป็นประธานหรือใช้ขึ้นต้นข้อความต่าง ๆ เช่น อันว่าทรัพย์นั้น โดยนิตินัยได้แก่วัตถุมีรูปร่าง. (ประมวลกฎหมายแพ่งและพาณิชย์ มาตรา ๙๘ ฉบับเก่า), ใช้ว่า อัน ก็มี เช่น อันอายุความนั้น ถ้าไม่มีกฎหมายบัญญัติไว้เป็นอย่างอื่น ท่านให้มีกำหนดสิบปี. (ประมวลกฎหมายแพ่งและพาณิชย์ มาตรา ๑๖๔ ฉบับเก่า)."
อันเวส 0,น.,"การตามแสวงหา, การค้นหา."
อั้นอ้น 0,ว.,"นิ่งอึ้ง, อํ้าอึ้ง, จนปัญญา, คิดไม่ออก."
อับ 0,น.,ตลับ.
อับ 1,ว.,"ไม่มีลมเข้าออก, ไม่โปร่ง, เช่น อากาศอับ, ไม่เคลื่อนไหว เช่น ลมอับ"
อับ 2,ว.,ไม่มีตาไป (ใช้แก่หมากรุก)
อับ 3,ว.,โง่ เช่น ปัญญาอับ
อับ 4,ว.,"ถึงที่อับจน, ถึงคราวชะตาตก, เช่น ตกอับ"
อับ 5,ว.,มัวหมอง เช่น อับเศร้าหมองศรี
อับ 6,ว.,มืด เช่น อับทิศ คือ มืดทุกทิศ
อับ 7,ว.,อาการที่นกเขาซึ่งเคยขันแล้วกลับไม่ขัน
อับ 8,ว.,ลักษณะของกลิ่นซึ่งเกิดจากสิ่งที่ไม่มีอากาศผ่าน เช่น เหม็นอับ.
อับจน 0,ว.,ไม่มีทางไป
อับจน 1,ว.,สิ้นคิด
อับจน 2,ว.,ยากแค้น.
อับเฉา 0,ว.,"ไม่สดชื่น, ไม่ชื่นบาน."
อับเฉา 1,น.,ของถ่วงเรือกันเรือโคลง มีหินและทรายเป็นต้น.
อับปาง 0,ก.,"ล่ม, จม, แตก, (ใช้แก่เรือเดินทะเล)."
อับสปอร์ 0,น.,โครงสร้างที่มีลักษณะคล้ายถุง ห่อหุ้มสปอร์ เป็นที่เกิดของสปอร์.
อับอาย 0,ว.,"อายไม่กล้าสู้หน้า, ขายหน้า."
อัป- 0,*ว.,"คำประกอบหน้าศัพท์ที่มาจากภาษาบาลีและสันสกฤต มีความหมายว่า ไม่, ไร้, ไปจาก, ปราศจาก, เช่น อัปภาคย์ ว่า ไร้โชค ปราศจากโชค, อัปยศ ว่า ไร้ยศ, ใช้ อป ก็ได้."
อัปกะ 0,ว.,"เล็กน้อย, นิดหน่อย."
อัปการ 0,ว.,"ผิดรูป, พิการ, น่าเกลียด."
อัปฏิฆะ 0,ว.,"ไม่ระคายใจ, ไม่เคืองใจ, ไม่แค้นเคือง."
อัปฏิภาค 0,ว.,"ไม่มีเปรียบ, เทียบไม่ได้."
อัปปะ 0,ว.,"เล็ก, น้อย."
อัปเปหิ 0,ก.,ขับไล่.
อัปเปหิ 1,ก.,"ขับไล่, อเปหิ ก็ว่า."
อัปภาคย์ 0,ว.,"ปราศจากโชค, เคราะห์ร้าย, วาสนาน้อย, นิยมใช้เข้าคู่กับคำ อาภัพ เป็น อาภัพอัปภาคย์."
อัปภาคย์ 1,ว.,"ปราศจากโชค, เคราะห์ร้าย, วาสนาน้อย"
อัปภาคย์ 2,ว.,"ไม่มีดี เช่น จะดูดินฟ้าพนาวัน สารพันอัปภาคย์หลากลาง (อิเหนา), นิยมใช้เข้าคู่กับคำ อาภัพ เป็น อาภัพอัปภาคย์, อปภาคย์ ก็ว่า."
อัปมงคล 0,ว.,"ปราศจากมงคล, ไม่เจริญ, เป็นลางร้าย."
อัปมงคล 1,ว.,"ปราศจากมงคล, ไม่เจริญ, เป็นลางร้าย, อปมงคล ก็ว่า."
อัปยศ 0,ว.,"ไร้ยศ, ปราศจากยศ"
อัปยศ 1,ว.,"เสื่อมเสียชื่อเสียง, น่าอับอายขายหน้า."
อัปยศ 2,ว.,"เสื่อมเสียชื่อเสียง, น่าอับอายขายหน้า"
อัปยศ 3,ว.,อปยศ ก็ว่า.
อัประมาณ 0,ว.,"กำหนดจำนวนไม่ได้, จำกัดไม่ได้"
อัประมาณ 1,ว.,น่าอับอาย เช่น ย่อยยับอัประมาณ.
อัประมาณ 2,ว.,น่าอับอาย เช่น ย่อยยับอัประมาณ
อัประมาณ 3,ว.,อประมาณ ก็ว่า.
อัประมาท 0,น.,ความไม่มึนเมา
อัประมาท 1,น.,"ความไม่เลินเล่อ, ความระวัง, ความเอาใจใส่."
อัประมาท 2,ว.,"ความไม่เลินเล่อ, ความระวัง, ความเอาใจใส่"
อัประมาท 3,ว.,อประมาท ก็ว่า.
อัประไมย 0,ว.,"นับไม่ได้, ไม่จำกัด, มากมาย."
อัประไมย 1,ว.,"นับไม่ได้, ไม่จำกัด, มากมาย, อประไมย ก็ว่า."
อัปราชัย 0,น.,"ความไม่แพ้, ความชนะ"
อัปราชัย 1,น.,บางทีใช้หมายความว่า แพ้ เช่น คบคนดีเป็นศรีแก่ตัว คบคนชั่วอัปราชัย.
อัปราชัย 2,น.,"ความไม่แพ้, ความชนะ, คู่กับ ปราชัย คือ ความแพ้"
อัปราชัย 3,น.,บางทีใช้หมายความว่า แพ้ เช่น คบคนดีเป็นศรีแก่ตัว คบคนชั่วอัปราชัย
อัปราชัย 4,น.,อปราชัย ก็ว่า.
อัปรีย์ 0,ว.,"ระยำ, จัญไร, เลวทราม, ตํ่าช้า, ชั่วช้า, ไม่เป็นมงคล."
อัปลักษณ์ 0,ว.,"ชั่ว (มักใช้แก่รูปร่าง หน้าตา), มีลักษณะที่ถือว่าไม่เป็นมงคล, เช่น หน้าตาอปลักษณ์, รูปร่างอัปลักษณ์."
อัปลักษณ์ 1,ว.,"ชั่ว (มักใช้แก่รูปร่าง หน้าตา), มีลักษณะที่ถือว่าไม่เป็นมงคล, เช่น รูปร่างอัปลักษณ์ หน้าตาอัปลักษณ์, อปลักษณ์ ก็ว่า."
อัปสร 0,น.,นางฟ้า.
อัพพุท 0,น.,ชื่อสังขยาจำนวนหนึ่ง คือ ร้อยแสนพินทุ เป็น ๑ อัพพุท หรือโกฏิยกกำลัง ๘ หรือเลข ๑ มีศูนย์ตามหลัง ๕๖ ตัว.
อัพโพหาริก 0,ว.,"ไม่ควรกล่าวอ้าง, ไม่ควรอ้างเป็นกฎเกณฑ์ คือ ไม่ควรนับว่าผิดวินัยหรือกฎหมาย เช่นผู้กินแกงซึ่งปรุงด้วยเหล้าบางอย่างเพื่อฆ่าคาวหรือชูรส การกินเหล้าในที่นี้เป็น อัพโพหาริก คือ ไม่ควรนับว่ากินเหล้า."
อัพภันดร 0,น.,"ส่วนใน, ภายใน, ท่ามกลาง"
อัพภันดร 1,น.,ชื่อมาตราวัดในบาลี ราว ๗ วา เป็น ๑ อัพภันดร.
อัพภันตร- 0,น.,"ส่วนใน, ภายใน, ท่ามกลาง"
อัพภันตร- 1,น.,ชื่อมาตราวัดในบาลี ราว ๗ วา เป็น ๑ อัพภันดร.
อัพภาน 0,น.,"การชักกลับมา, ในวินัยหมายถึง การรับภิกษุผู้ต้องอาบัติสังฆาทิเสส และได้ถูกทำโทษคือ อยู่ปริวาสแล้วให้กลับคืนเป็นผู้บริสุทธิ์, การสวดประกาศเรื่องนี้ เรียกว่า สวดอัพภาน."
อัพภาส 0,น.,"คำซํ้า, ในไวยากรณ์บาลีและสันสกฤต หมายเอา การซ้อนหรือซํ้าอักษรลงหน้าศัพท์ เช่น ชวาล (เรือง) เป็น ชัชวาล (รุ่งเรือง), ในภาษาไทยก็ใช้ เช่น ครื้น ครึก ยิ้ม แย้ม ใช้ อัพภาส เป็น คะครื้น คะครึก ยะยิ้ม ยะแย้ม."
อัพภูตธรรม 0,น.,ชื่อคัมภีร์ในพระพุทธศาสนา เป็น ๑ ใน ๙ ส่วนของคัมภีร์นวังคสัตถุศาสน์. (ป.). (ดู นวังคสัตถุศาสน์ ประกอบ).
อัพยากฤต 0,น.,กลาง ๆ ระหว่างกุศลกับอกุศล คือไม่จัดเป็นกุศลหรืออกุศล ในความว่า ธรรมที่เป็นอัพยากฤต.
อัม 0,น.,"ไข้เจ็บ, โรค"
อัม 1,น.,ชีวิต
อัม 2,น.,"ภัย, ความกลัว."
อัม- 0,น.,"ไข้เจ็บ, โรค"
อัม- 1,น.,ชีวิต
อัม- 2,น.,"ภัย, ความกลัว."
อัมพ- 0,น.,"ต้นมะม่วง, ใช้ว่า อัมพพฤกษ์ ก็มี."
อัมพร 0,น.,"ฟ้า, ท้องฟ้า, อากาศ"
อัมพร 1,น.,"เครื่องนุ่งห่ม ในคำว่า ทิคัมพร = ผู้นุ่งลมห่มทิศ คือ ชีเปลือย, เศวตัมพร = ผู้นุ่งห่มผ้าขาว คือ ชีผ้าขาวหรือชีปะขาว."
อัมพร 2,น.,ชื่อท่ารำแบบหนึ่ง โดยมือข้างหนึ่งหงาย หักข้อมือ งอข้อศอก ระดับแง่ศีรษะ มืออีกข้างหนึ่งตั้งวง ระดับไหล่ แขนตึง เอียงศีรษะข้างเดียวกับมือที่แขนตึง.
อัมพฤกษ์ 0,น.,ชื่อเส้นซึ่งเป็นศูนย์กลางของร่างกาย อยู่ด้านหน้าท้อง
อัมพฤกษ์ 1,น.,อาการที่อวัยวะบางส่วนเช่นแขนขาอ่อนแรง.
อัมพวัน 0,น.,ป่าหรือสวนมะม่วง.
อัมพวา 0,น.,ป่าหรือสวนมะม่วง.
อัมพา 0,น.,"แม่, หญิงดี, (เป็นชื่อยกย่อง)."
อัมพาต 0,น.,อาการที่อวัยวะบางส่วนเช่นแขนขาตายไปกระดิกไม่ได้.
อัมพิละ 0,ว.,มีรสเปรี้ยว. (ป.
อัมพิละ 1,ส.,อมฺล).
อัมพุ 0,น.,นํ้า.
อัมพุช 0,น.,“เกิดในนํ้า” หมายถึง บัว
อัมพุช 1,น.,ปลา.
อัมพุชินี 0,น.,"สระบัว, หนองบัว."
อัมพุท 0,น.,“ผู้ให้นํ้า” หมายถึง เมฆ.
อัยกะ 0,น.,"ปู่, ตา."
อัยกา 0,น.,"ปู่, ตา."
อัยการ 0,น.,การของเจ้า
อัยการ 1,น.,ตัวบทกฎหมาย เรียกว่า พระอัยการ
อัยการ 2,น.,"องค์กรอื่นตามรัฐธรรมนูญแห่งราชอาณาจักรไทยประกอบด้วยคณะกรรมการอัยการ อัยการสูงสุด และพนักงานอัยการอื่น โดยมีสำนักงานอัยการสูงสุดเป็นหน่วยธุรการ มีอำนาจหน้าที่เกี่ยวกับการดำเนินคดีอาญาทั้งปวง ดำเนินคดีแพ่งหรือคดีปกครอง และให้คำปรึกษาด้านกฎหมาย ตรวจร่างสัญญาและเอกสารทางกฎหมายแก่รัฐบาลและหน่วยงานของรัฐ คุ้มครองสิทธิและเสรีภาพของประชาชน และอำนาจหน้าที่ตามที่กำหนดไว้ในกฎหมาย เรียกว่า องค์กรอัยการ, เดิมเรียกว่า กรมอัยการ, ถ้าหมายถึงเจ้าพนักงานผู้ปฏิบัติหน้าที่ในฐานะทนายแผ่นดิน เรียกว่า พนักงานอัยการ หรือ ข้าราชการอัยการ, โบราณเรียกว่า พนักงานรักษาพระอัยการ ยกกระบัตร หรือ ยกบัตร."
อัยกี 0,น.,"ย่า, ยาย."
อัยยะ 0,น.,"ผู้เป็นเจ้า, ผู้เป็นใหญ่, นาย."
อัยยิกา 0,น.,"ย่า, ยาย."
อัลกุรอาน 0,น.,คัมภีร์โกหร่าน.
อัลตราไวโอเลต 0,น.,"รังสีแม่เหล็กไฟฟ้าซึ่งมีย่านของการแผ่รังสีที่มีช่วงคลื่นประมาณระหว่าง ๔ x ๑๐^-๗เมตร กับ ๕ x ๑๐^-๙ เมตร แสงแดดมีรังสีอัลตราไวโอเลต ซึ่งจะมีปฏิกิริยาต่อสาร ๗-ดีไฮโดรคอเลสเทอรอล (7-dehydrocholesterol) ในผิวหนังมนุษย์ ให้กลายเป็นวิตามินดี, รังสีเหนือม่วง ก็เรียก."
อั่ว 0,น.,ชื่อแกงคั่วชนิดหนึ่ง.
อัศจรรย์ 0,ว.,"แปลก, ประหลาด."
อัศจรรย์ 1,น.,ปรากฏการณ์อันเนื่องแต่บุญญาภินิหารของพระโพธิสัตว์และพระพุทธเจ้า เช่นเมื่อพระพุทธเจ้าประสูติ ตรัสรู้แสดงปฐมเทศนา ปลงอายุสังขาร และปรินิพพาน จะมีความหวั่นไหวปั่นป่วนของโลกธาตุบังเกิดขึ้น.
อัศเจรีย์ 0,น.,เครื่องหมายวรรคตอนรูปดังนี้ ! สำหรับเขียนกำกับไว้หลังคำอุทาน.
อัศว- 0,น.,ม้า.
อัศวโกวิท 0,น.,ผู้มีความชำนาญในเรื่องม้า.
อัศวโกศล 0,ว.,ผู้มีความชำนาญในเรื่องม้า.
อัศวมุข 0,ว.,มีหน้าเป็นหน้าม้า.
อัศวมุขี 0,ว.,มีหน้าเป็นหน้าม้า.
อัศวเมธ 0,น.,ชื่อพระราชพิธีเพื่อประกาศพระบรมเดชานุภาพของพระราชาธิราชในวรรณคดีอินเดีย โดยจะทรงปล่อยม้าอุปการพร้อมทั้งกองทัพให้เข้าไปในประเทศต่าง ๆ ถ้าประเทศใดไม่ยอมอ่อนน้อมกองทัพจะเข้าโจมตี เมื่อครบ ๑ ปีแล้วกองทัพก็ยกกลับพร้อมทั้งพระราชาที่ถูกปราบ พระราชาธิราชก็จะจัดพระราชพิธีโดยฆ่าม้านั้นบูชายัญ เรียกว่า พิธีอัศวเมธ.
อัศวยุช 0,น.,"ชื่อหนึ่งของดาวฤกษ์อัศวินี มี ๗ ดวง, ดาวคอม้า ดาวคู่ม้า ดาวม้า หรือ ดาวอัสสนี ก็เรียก."
อัศวานึก 0,น.,"กองทัพม้า, เหล่าทหารม้า, เป็นส่วนหนึ่งแห่งกระบวนทัพโบราณ ซึ่งเรียกว่า จตุรงคพล จตุรงคโยธา จตุรงคเสนา หรือจตุรงคินีเสนา มี ๔ เหล่า ได้แก่ ๑. หัตถานึก (กองทัพช้าง, เหล่าทหารช้าง) ๒. อัศวานึก (กองทัพม้า, เหล่าทหารม้า) ๓. รถานึก (กองทัพเหล่ารถ) ๔. ปัตตานึก (กองทัพเหล่าราบ, กองทัพทหารเดินเท้า)."
อัศวิน 0,น.,"นักรบขี่ม้า, นักรบที่กล้าหาญ, ผู้ที่ได้รับยกย่องว่าเป็นคนเก่ง"
อัศวิน 1,น.,ชื่อเทวดาคู่หนึ่งซึ่งทรงรถนำหน้ารถพระอาทิตย์มาก่อนเวลารุ่งสาง เป็นบิดาของนกุลและสหเทพในมหากาพย์เรื่องมหาภารตะ.
อัศวินม้าขาว 0,น.,ผู้ที่มาช่วยแก้ไขสถานการณ์ที่คับขันให้กลับดีขึ้น.
อัศวินี 0,น.,"ดาวฤกษ์ที่ ๑ มี ๗ ดวง เห็นเป็นรูปคอม้าหรือหางหนู, ดาวคอม้า ดาวคู่ม้า ดาวม้า หรือ ดาวอัศวยุช ก็เรียก."
อัษฎ- 0,ว.,แปด.
อัษฎกฉันท์ 0,น.,ฉันท์ปัฐยาวัต.
อัษฎมงคล 0,น.,สิ่งที่ถือว่าเป็นมงคล ๘ อย่าง นิยมดังนี้ ๑. กรอบหน้า ๒. คทา ๓. สังข์ ๔. จักร ๕. ธง ๓ ชาย ๖. ขอช้าง ๗. โคเผือก ๘. หม้อนํ้า.
อัษฎมะ 0,ว.,ที่ ๘.
อัษฎางคิกมรรค 0,น.,ทางปฏิบัติเพื่อความดับทุกข์ตามหลักพระพุทธ-ศาสนา ประกอบด้วยองค์ ๘ คือ ๑. สัมมาทิฐิ ความเห็นชอบ ๒. สัมมาสังกัปปะ ความดำริชอบ ๓. สัมมาวาจา การเจรจาชอบ ๔. สัมมากัมมันตะ การงานชอบ ๕. สัมมาอาชีวะ การเลี้ยงชีวิตชอบ ๖. สัมมาวายามะ ความพยายามชอบ ๗. สัมมาสติ ความระลึกชอบ ๘. สัมมาสมาธิ ความตั้งใจชอบ เรียกว่า อริยมรรคมีองค์ ๘ รวมเรียกว่า มัชฌิมาปฏิปทา แปลว่า ทางสายกลาง.
อัษฎายุธ 0,น.,"เครื่องราชูปโภคหมวดพระแสง มี ๘ อย่าง คือ ๑. พระแสงหอกเพชรรัตน์ ๒. พระแสงดาบเชลย ๓. พระแสงตรี ๔. พระแสงจักร ๕. พระแสงดาบและเขน ๖. พระแสงธนู ๗. พระแสงง้าวมีขอแสนพลพ่าย ๘. พระแสงปืนคาบชุดข้ามแม่นํ้าสะโตง, จะอัญเชิญมาถวายในพระราชพิธีบรมราชาภิเษก."
อัษฎาวุธ 0,น.,"เครื่องราชูปโภคหมวดพระแสง มี ๘ อย่าง คือ ๑. พระแสงหอกเพชรรัตน์ ๒. พระแสงดาบเชลย ๓. พระแสงตรี ๔. พระแสงจักร ๕. พระแสงดาบและเขน ๖. พระแสงธนู ๗. พระแสงง้าวมีขอแสนพลพ่าย ๘. พระแสงปืนคาบชุดข้ามแม่นํ้าสะโตง, จะอัญเชิญมาถวายในพระราชพิธีบรมราชาภิเษก."
อัษฏมงคล 0,น.,สิ่งที่ถือว่าเป็นมงคล ๘ อย่าง นิยมดังนี้ ๑. กรอบหน้า ๒. คทา ๓. สังข์ ๔. จักร ๕. ธง ๓ ชาย ๖. ขอช้าง ๗. โคเผือก ๘. หม้อนํ้า.
อัส- 0,น.,ม้า.
อัสกัณ 0,น.,ชื่อภูเขาชั้นที่ ๗ ในหมู่เขาสัตบริภัณฑ์ที่ล้อมเป็นวงกลมรอบเขาพระสุเมรุ. (ป. อสฺสกณฺณ
อัสกัณ 1,ส.,"อศฺวกรฺณ). (ดู สัตบริภัณฑ์, สัตภัณฑ์)."
อัสดง 0,ก.,ตกไป (ใช้แก่พระอาทิตย์) เช่น อาทิตย์อัสดง.
อัสดงคต 0,ว.,ทางทิศตะวันตก เช่น อัสดงคตประเทศ.
อัสดม 0,ก.,ตกไป (ใช้แก่พระอาทิตย์) เช่น อาทิตย์อัสดง.
อัสดร 0,น.,ม้าดี. [ป. อสฺส (ม้า) + ตร (ยิ่งกว่า)].
อัสนี 0,น.,"สายฟ้า, อาวุธพระอินทร์."
อัสมิมานะ 0,น.,"มานะว่าเป็นเรา, การถือเขาถือเรา."
อัสมุขี 0,ว.,มีหน้าเป็นหน้าม้า. (ม. ร่ายยาว มหาพน).
อัสสนี 0,น.,"ดาวฤกษ์ที่ ๑ มี ๗ ดวง เห็นเป็นรูปคอม้าหรือหางหนู, ดาวคอม้า ดาวคู่ม้า ดาวม้า หรือ ดาวอัศวยุช ก็เรียก."
อัสสะ 0,น.,ม้า.
อัสสัตถพฤกษ์ 0,น.,ชื่อต้นไม้ที่พระโคตมพุทธเจ้าประทับอยู่ใต้ต้นแล้วได้ตรัสรู้ เรียกว่า ต้นพระศรีมหาโพธิ์ หรือเรียกสั้น ๆ ว่า ต้นโพธิ์.
อัสสานิก 0,น.,"อัศวานึก, กองทัพม้า, เหล่าทหารม้า."
อัสสานีก 0,น.,"อัศวานึก, กองทัพม้า, เหล่าทหารม้า."
อัสสานึก 0,น.,"อัศวานึก, กองทัพม้า, เหล่าทหารม้า."
อัสสาสะ 0,น.,"ลมหายใจเข้า, คู่กับ ปัสสาสะ คือ ลมหายใจออก"
อัสสาสะ 1,น.,การหายใจคล่อง
อัสสาสะ 2,น.,ความโปร่งใจ.
อัสสุ 0,น.,นํ้าตา.
อัสสุชล 0,น.,นํ้าตา.
อัสสุธารา 0,น.,ท่อนํ้าตา
อัสสุธารา 1,น.,การไหลแห่งนํ้าตา
อัสสุธารา 2,น.,ใช้หมายความว่า นํ้าตา ก็ได้.
อ่า 0,ก.,"ประดับ, ตกแต่ง."
อ๋า 0,น.,วิธีแทงโปวิธีหนึ่ง โดยแทง อา เหม็ง ซั้ว กางปีก ๓ ประตู โปออกประตูใดใน ๓ ประตูนั้น เจ้ามือใช้ ๑ ต่อ ถ้าออกประตูอื่น เจ้ามือกินหมดทั้ง ๓ ประตู.
อา 0,น.,"น้องของพ่อ, (โบ) เขียนเป็น อาว์ ก็มี."
อ้า 0,ก.,"เปิด, แยกออก, แบะออก, เช่น ปากอ้า"
อ้า 1,ก.,"ทำให้เปิด, ทำให้แยกออก, ทำให้แบะออก, เช่น อ้าปาก."
อา 1,ว.,คำออกเสียงท้ายคำพูดในความรำพึงหรือวิตกเป็นต้น เช่น แม่อา พี่อา.
อ้า 2,ว.,คำออกเสียงขึ้นต้นประโยคในคำประพันธ์ ใช้ในความรำพึงหรือพรรณนาวิงวอนอย่างเดียวกับคำ โอ้ หรือ โอ้ว่า.
อา 2,น.,วิธีแทงโปวิธีหนึ่ง โดยแทง อา เหม็ง ซั้ว กางปีก ๓ ประตู โปออกประตูใดใน ๓ ประตูนั้น เจ้ามือใช้ ๑ ต่อ ถ้าออกประตูอื่น เจ้ามือกินหมดทั้ง ๓ ประตู.
อากร 0,น.,"หมู่, กอง, เช่น พลากร (พล + อากร)"
อากร 1,น.,"บ่อเกิด, ที่เกิด, เช่น ทรัพยากร ศิลปากร"
อากร 2,น.,ค่าธรรมเนียมอย่างหนึ่งที่รัฐบาลเรียกเก็บ เช่น อากรรังนก อากรมหรสพ
อากร 3,น.,คำเพิ่มข้างหลังของคำเดิม เมื่อเพิ่มแล้ว หมายถึงพวกหรือหมู่ เช่น ดารากร นรากร ทวิชากร ประชากร หรืออาจมีความหมายคงเดิมก็ได้ เช่น พระปฏิมากร.
อากรแสตมป์ 0,น.,ดวงตราที่ปิดทับ ดุน หรือพิมพ์บนกระดาษ เพื่อใช้เป็นค่าอากรตามประมวลรัษฎากร.
อากังขา 0,น.,"ความจำนง, ความหวัง."
อากัป 0,น.,การแต่งตัวดี.
อากัปกิริยา 0,น.,กิริยาท่าทาง.
อากัมปนะ 0,น.,ความหวั่นไหว.
อากัมปะ 0,น.,ความหวั่นไหว.
อาการ 0,น.,สภาพที่เป็นอยู่หรือที่เป็นไป เช่น อาการซึมเศร้า
อาการ 1,น.,กิริยาท่าทาง เช่น อาการตื่นเต้น
อาการ 2,น.,ความรู้สึก สิ่งที่ปรากฏ หรือภาวะผิดปรกติในร่างกายที่บ่งบอกความมีโรค เช่น อาการเจ็บคอ อาการเจ็บหน้าอก อาการชักกระตุก
อาการ 3,น.,ลักษณะเดียวกัน เช่น โดยอาการนั้น
อาการ 4,น.,ส่วนของร่างกายรวมทั้งอวัยวะภายนอก อวัยวะภายใน และสิ่งที่เกี่ยวเนื่องภายในร่างกายซึ่งทางพระพุทธศาสนานิยมว่ามี ๓๒ อย่าง เรียกว่า อาการ ๓๒ เช่น ผม เล็บ ฟัน หนัง เนื้อ เอ็น กระดูก จนถึงน้ำมูตร (น้ำปัสสาวะ) และเยื่อในสมอง.
อาการ- 0,น.,สภาพที่เป็นอยู่หรือที่เป็นไป เช่น อาการซึมเศร้า
อาการ- 1,น.,กิริยาท่าทาง เช่น อาการตื่นเต้น
อาการ- 2,น.,ความรู้สึก สิ่งที่ปรากฏ หรือภาวะผิดปรกติในร่างกายที่บ่งบอกความมีโรค เช่น อาการเจ็บคอ อาการเจ็บหน้าอก อาการชักกระตุก
อาการ- 3,น.,ลักษณะเดียวกัน เช่น โดยอาการนั้น
อาการ- 4,น.,ส่วนของร่างกายรวมทั้งอวัยวะภายนอก อวัยวะภายใน และสิ่งที่เกี่ยวเนื่องภายในร่างกายซึ่งทางพระพุทธศาสนานิยมว่ามี ๓๒ อย่าง เรียกว่า อาการ ๓๒ เช่น ผม เล็บ ฟัน หนัง เนื้อ เอ็น กระดูก จนถึงน้ำมูตร (น้ำปัสสาวะ) และเยื่อในสมอง.
อาการนาม 0,น.,คำนามที่บอกกิริยาอาการหรือความปรากฏเป็นต่าง ๆ ของคน สัตว์ และสิ่งของ ซึ่งมาจากคำกริยาหรือคำวิเศษณ์ที่มักมีคำ “การ” หรือ “ความ” นำหน้า เช่น การยืน การเดิน การอยู่ ความรัก ความดี ความสวย.
อากาศ 0,น.,แก๊สผสมที่ประกอบด้วยไนโตรเจนและออกซิเจนเป็นส่วนใหญ่ ใช้หายใจหรือช่วยในการเผาไหม้เป็นต้น
อากาศ 1,น.,"ที่ที่ว่างเปล่าซึ่งมีอยู่เป็นเอกเทศจากสสาร, เป็นธาตุอย่าง ๑ ใน ๖ คือ ปฐวีธาตุ (ธาตุดิน) อาโปธาตุ (ธาตุนํ้า) เตโชธาตุ (ธาตุไฟ) วาโยธาตุ (ธาตุลม) อากาศธาตุ (ที่ว่างเปล่า) และวิญญาณธาตุ (ธาตุรู้)"
อากาศ 2,น.,ท้องฟ้า เช่น นกบินไปในอากาศ
อากาศ 3,น.,บางทีใช้หมายถึงสภาพดินฟ้าอากาศโดยทั่ว ๆ ไป เช่น เช้านี้อากาศดีจัง.
อากาศ- 0,น.,แก๊สผสมที่ประกอบด้วยไนโตรเจนและออกซิเจนเป็นส่วนใหญ่ ใช้หายใจหรือช่วยในการเผาไหม้เป็นต้น
อากาศ- 1,น.,"ที่ที่ว่างเปล่าซึ่งมีอยู่เป็นเอกเทศจากสสาร, เป็นธาตุอย่าง ๑ ใน ๖ คือ ปฐวีธาตุ (ธาตุดิน) อาโปธาตุ (ธาตุนํ้า) เตโชธาตุ (ธาตุไฟ) วาโยธาตุ (ธาตุลม) อากาศธาตุ (ที่ว่างเปล่า) และวิญญาณธาตุ (ธาตุรู้)"
อากาศ- 2,น.,ท้องฟ้า เช่น นกบินไปในอากาศ
อากาศ- 3,น.,บางทีใช้หมายถึงสภาพดินฟ้าอากาศโดยทั่ว ๆ ไป เช่น เช้านี้อากาศดีจัง.
อากาศธาตุ 0,น.,"ที่ว่าง, ที่ว่างเปล่า"
อากาศธาตุ 1,น.,"ลม, แก๊ส"
อากาศธาตุ 2,น.,โดยปริยายหมายถึงความว่างเปล่า เช่น ลงทุนทำการค้าไปหลายล้านบาท บัดนี้กลายเป็นอากาศธาตุไปหมดแล้ว.
อากาศยาน 0,น.,"เครื่องนำไปทางอากาศ, ยานที่แล่นไปในอากาศ เช่น เครื่องบิน เฮลิคอปเตอร์."
อากูล 0,ว.,คั่งค้าง เช่น การงานไม่อากูลเป็นมงคลอันสูงสุด.
อาเกียรณ์ 0,ว.,"เกลื่อนกล่น, เกลื่อนกลาด."
อาขยาต 0,ว.,กล่าวแล้ว.
อาขยาต 1,น.,ชื่อคำกริยาประเภทหนึ่งในไวยากรณ์บาลีและสันสกฤต ประกอบด้วย ธาตุ วิภัตติ กาล บท พจน์ บุรุษ วาจก ปัจจัย เพื่อเป็นเครื่องหมายบอกเนื้อความให้ชัดเจน เช่น กโรติ = ย่อมกระทำ ประกอบด้วย กรฺธาตุ ติวิภัตติ ปัจจุบันกาล ปรัสสบท เอกพจน์ ปฐมบุรุษ กัตตุวาจก โอปัจจัย.
อาขยาน 0,น.,บทท่องจำ
อาขยาน 1,น.,"การเล่า, การบอก"
อาขยาน 2,น.,การสวด
อาขยาน 3,น.,"เรื่อง, นิทาน."
อ้าขาผวาปีก 0,ก.,หาเรื่องมาเป็นภาระของตนโดยไม่จำเป็น เช่น เขามีฐานะยากจนอยู่แล้วยังจะอ้าขาผวาปีกไปขอเด็กมาเลี้ยงเป็นลูกบุญธรรมอีก งานก็มากอยู่แล้ว ทำไมจะต้องอ้าขาพวาปีกไปรับงานอื่นมาอีก.
อ้าขาพวาปีก 0,ก.,หาเรื่องมาเป็นภาระของตนโดยไม่จำเป็น เช่น เขามีฐานะยากจนอยู่แล้วยังจะอ้าขาผวาปีกไปขอเด็กมาเลี้ยงเป็นลูกบุญธรรมอีก งานก็มากอยู่แล้ว ทำไมจะต้องอ้าขาพวาปีกไปรับงานอื่นมาอีก.
อาคเนย์ 0,น.,ทิศตะวันออกเฉียงใต้.
อาคม 0,น.,"เวทมนตร์, บางทีใช้คู่กับ คาถา เป็น คาถาอาคม"
อาคม 1,น.,"การมา, การมาถึง, มักใช้เป็นส่วนท้ายของสมาส เช่น มีนาคม คือ มีน + อาคม แปลว่า การมาถึงราศีมีน."
อาครหายณี 0,น.,"ชื่อหนึ่งของดาวฤกษ์มฤคศิระ มี ๓ ดวง, ดาวหัวเต่า ดาวหัวเนื้อ ดาวศีรษะเนื้อ ดาวศีรษะโค ดาวมฤคเศียร ดาวมฤคศิรัส หรือ ดาวมิคสิระ ก็เรียก."
อาคันตุก- 0,น.,แขกผู้มาหา.
อาคันตุกภัต 0,น.,อาหารที่เตรียมถวายภิกษุที่จรมา.
อาคันตุกวัตร 0,น.,มรรยาทที่จะต้องประพฤติต่อแขกผู้มาหา.
อาคันตุกะ 0,น.,แขกผู้มาหา.
อาคาร 0,น.,"เรือน, โรง, สิ่งที่ก่อสร้างขึ้นที่มีลักษณะคล้ายคลึงเช่นนั้น."
อาคารชุด 0,น.,อาคารที่บุคคลสามารถแยกการถือกรรมสิทธิ์ออกได้เป็นส่วน ๆ โดยแต่ละส่วนประกอบด้วยกรรมสิทธิ์ในทรัพย์ส่วนบุคคลและกรรมสิทธิ์ร่วมในทรัพย์ส่วนกลาง.
อาฆาต 0,ก.,"ผูกใจเจ็บและอยากแก้แค้น, พยาบาท."
อาฆาตนะ 0,น.,"การฆ่า, การตี"
อาฆาตนะ 1,น.,สถานที่ฆ่าคน.
อาฆาตมาดร้าย 0,ก.,พยาบาทมุ่งจะทำร้ายให้ได้.
อ้าง 0,ก.,"ระบุ, บ่งถึง, เช่น อ้างพยาน"
อ้าง 1,ก.,"กล่าวถึง, ชี้เป็นหลัก, เช่น อ้างบาลี"
อ้าง 2,ก.,ถือเอา เช่น อ้างสิทธิ.
อ่าง 0,น.,"ภาชนะสำหรับใส่น้ำเป็นต้น มักมีลักษณะกลม ปากผายก้นตื้น, โดยปริยายใช้เรียกสิ่งที่มีลักษณะคล้ายคลึงเช่นนั้น เช่น อ่างอาบนํ้า."
อ่าง 1,ว.,อาการที่พูดไม่ใคร่ออกทันใจ คือกว่าจะพูดได้แต่ละคำต้องยํ้าคำต้นอยู่นานจึงพูดต่อไปได้ เป็นอาการประจำบางคน เรียกว่า เป็นอ่าง หรือ พูดติดอ่าง.
อ่างเก็บน้ำ 0,น.,แอ่งขนาดใหญ่ที่สร้างขึ้นสำหรับเก็บนํ้าเพื่อบริโภคและใช้ในการเกษตรเป็นต้น.
อางขนาง 0,ก.,"อาย, ขวยเขิน."
อ้างว้าง 0,ว.,"เปล่าเปลี่ยว, ว้าเหว่, เปลี่ยวใจ, เช่น รู้สึกอ้างว้าง."
อ้างอิง 0,ก.,"ระบุที่มาเพื่อเป็นหลักฐาน, ยกมากล่าวเป็นหลัก, เช่น ในการให้ความหมายของคำ เขามักอ้างอิงพจนานุกรม ฉบับราชบัณฑิตยสถาน."
อ้างอิง 1,ว.,ที่ระบุที่มาเพื่อเป็นหลักฐาน เช่น พจนานุกรมเป็นหนังสืออ้างอิง เอกสารอ้างอิง.
อาจ 0,ว.,กล้า ในคำว่า อาจหาญ
อาจ 1,ว.,สามารถ เช่น เรื่องยาก ๆ อย่างนี้เขาทำได้ ผมไม่อาจทำได้อย่างเขา
อาจ 2,ว.,เป็นคำช่วยกริยาบอกความคาดคะเน เช่น พรุ่งนี้เขาอาจมาประชุมได้ หรือใช้แสดงว่าสิ่งหนึ่งใช้แทนอีกสิ่งหนึ่งได้ เช่น เมื่อไม่มีกะทิก็อาจใช้นมสดได้.
อาจม 0,น.,ขี้ (ของคน).
อาจมนะ 0,น.,"การล้าง, การชำระ."
อาจริย- 0,น.,อาจารย์.
อาจริยวัตร 0,น.,กิจที่ควรประพฤติต่ออาจารย์.
อาจริยวาท 0,น.,"ลัทธิที่ถือตามคติที่อาจารย์ได้สั่งสอนสืบ ๆ กันมา, มหายาน หรือ อุตรนิกาย ก็ว่า."
อาจหาญ 0,ว.,กล้าหาญ.
อาจอง 0,ว.,"มีลักษณะสง่าผึ่งผาย, องอาจ ก็ว่า."
อาจเอื้อม 0,ก.,"บังอาจ, ล่วงเกินไม่รู้จักที่สูงที่ต่ำ, เอื้อมอาจ ก็ว่า."
อาจาด 0,น.,ของกินแก้เลี่ยนปรุงด้วยแตงกวา หัวหอม เป็นต้น แช่นํ้าส้มหรือนํ้ากระเทียมดอง.
อาจาร 0,น.,"ความประพฤติ, ความประพฤติดี"
อาจาร 1,น.,"จรรยา, มรรยาท"
อาจาร 2,น.,"ธรรมเนียม, แบบแผน, หลัก."
อาจาร- 0,น.,"ความประพฤติ, ความประพฤติดี"
อาจาร- 1,น.,"จรรยา, มรรยาท"
อาจาร- 2,น.,"ธรรมเนียม, แบบแผน, หลัก."
อาจารย์ 0,น.,ผู้สั่งสอนวิชาความรู้
อาจารย์ 1,น.,คำที่ใช้เรียกนำหน้าชื่อบุคคลเพื่อแสดงความยกย่องว่ามีความรู้ในทางใดทางหนึ่ง.
อาจารี 0,น.,"ผู้มีจรรยา, ผู้ทำตามคติแบบแผน."
อาจิณ 0,ว.,"เป็นปรกติ, ติดเป็นนิสัย, เสมอ ๆ, เนือง ๆ."
อาจิณ- 0,ว.,"เป็นปรกติ, ติดเป็นนิสัย, เสมอ ๆ, เนือง ๆ."
อาจิณสมาจาร 0,น.,มรรยาทที่เคยประพฤติมาจนติดเป็นนิสัย.
อาเจียน 0,ก.,"สำรอกออกมาทางปาก, รากออกมา, อ้วกออกมา."
อาชญัปติ์ 0,น.,"ข้อบังคับ, คำสั่ง, กฎ, ใช้ว่า อาญัปติ์ ก็มี เช่น รัตนาญัปติ์."
อาชญัปติ 0,น.,"ข้อบังคับ, คำสั่ง, กฎ, ใช้ว่า อาญัปติ์ ก็มี เช่น รัตนาญัปติ์."
อาชญา 0,น.,อำนาจ
อาชญา 1,น.,โทษ (มักใช้สำหรับพระเจ้าแผ่นดินหรือเจ้านาย) เช่น พระราชอาชญา.
อาชญากร 0,น.,"ผู้ก่ออาชญากรรม, ผู้กระทำความผิดที่เป็นคดีอาญา."
อาชญากรรม 0,น.,การกระทำความผิดทางอาญา.
อาชญากรสงคราม 0,น.,ผู้ก่ออาชญากรรมในการทำสงคราม.
อาชญาบท 0,น.,ข้อกฎหมาย.
อาชญาบัตร 0,น.,ใบอนุญาตซึ่งพนักงานเจ้าหน้าที่ออกให้แก่ผู้รับอนุญาต เพื่อกระทำการบางอย่างภายในเขตที่กำหนด.
อาชญาศึก 0,น.,กฎหมายที่ใช้ในเวลาเกิดสงคราม.
อาชญาสิทธิ์ 0,น.,"อำนาจเด็ดขาด คือ สิทธิที่แม่ทัพได้รับพระราชทานจากพระเจ้าแผ่นดินในเวลาไปสงครามเป็นต้น, อาญาสิทธิ์ ก็ว่า, โดยมีสิ่งสำคัญคือพระแสงดาบเป็นเครื่องหมาย ซึ่งเรียกว่า พระแสงอาชญาสิทธิ์ หรือ พระแสงอาญาสิทธิ์."
อาชวะ 0,น.,"ความซื่อตรง, ความตรงไปตรงมา, ความมีสัตย์, เป็นธรรมข้อ ๑ ในทศพิธราชธรรม. (ดู ทศพิธราชธรรม หรือ ราชธรรม)."
อาชา 0,น.,ม้า.
อาชานะ 0,น.,"กำเนิด, ตระกูล."
อาชานิ 0,น.,"กำเนิด, ตระกูล."
อาชาไนย 0,ว.,"กำเนิดดี, พันธุ์หรือตระกูลดี"
อาชาไนย 1,ว.,"รู้รวดเร็ว, ฝึกหัดมาดีแล้ว, ถ้าเป็นม้าที่ฝึกหัดมาดีแล้ว เรียก ม้าอาชาไนย, ถ้าเป็นคนที่ฝึกหัดมาดีแล้ว เรียกว่า บุรุษอาชาไนย."
อาชีพ 0,น.,"การเลี้ยงชีวิต, การทำมาหากิน"
อาชีพ 1,น.,งานที่ทำเป็นประจำเพื่อเลี้ยงชีพ.
อาชีว- 0,น.,"การเลี้ยงชีวิต, การทำมาหากิน"
อาชีว- 1,น.,งานที่ทำเป็นประจำเพื่อเลี้ยงชีพ.
อาชีวก 0,น.,นักบวชนิกายหนึ่งนอกพระพุทธศาสนาในครั้งพุทธกาล.
อาชีวศึกษา 0,น.,การศึกษาที่มุ่งไปในทางช่างฝีมือ.
อาชีวะ 0,น.,"การเลี้ยงชีวิต, การทำมาหากิน"
อาชีวะ 1,น.,งานที่ทำเป็นประจำเพื่อเลี้ยงชีพ.
อ้าซ่า 0,ว.,"อาการที่นั่งหรือนอนถ่างขาอย่างเปิดเผย ในความว่า นั่งถ่างขาอ้าซ่า นอนถ่างขาอ้าซ่า, โดยปริยายหมายถึงอาการที่คล้ายคลึงเช่นนั้น เช่น เปิดอกอ้าซ่า, ลักษณะที่ประตูหรือหน้าต่างเปิดแบะออกเต็มที่ เช่น เปิดประตูอ้าซ่า."
อาญา 0,น.,อำนาจ
อาญา 1,น.,โทษ (มักใช้สำหรับพระเจ้าแผ่นดินหรือเจ้านาย) เช่น พระราชอาญา.
อาญาสิทธิ์ 0,น.,"อำนาจเด็ดขาด คือ สิทธิที่แม่ทัพได้รับพระราชทานจากพระเจ้าแผ่นดินในเวลาไปสงครามเป็นต้น, อาชญาสิทธิ์ ก็ว่า, โดยมีสิ่งสำคัญคือพระแสงดาบเป็นเครื่องหมาย เรียกว่า พระแสงอาญาสิทธิ์ หรือ พระแสงอาชญาสิทธิ์."
อาฏานา 0,น.,"เรียกชื่อพิธีขับไล่ภูตผีปีศาจตามประเพณีความเชื่อในวันทำพิธีตรุษ โดยพระสงฆ์สวดอาฏานาฏิยสูตรและมีการยิงปืนในระหว่างนั้น ซึ่งเรียกว่า ยิงปืนอาฏานา, อัฏนา ก็ว่า."
อาณัติ 0,น.,"ข้อบังคับ, คำสั่ง, กฎ, เครื่องหมาย"
อาณัติ 1,น.,การมอบหมายให้ดูแลปกครอง เช่น อาณาเขตในอาณัติ ดินแดนในอาณัติ.
อาณัติสัญญาณ 0,น.,เครื่องหมายตามที่กำหนดรู้กันโดยอาศัยรูปหรือเสียงเป็นต้น.
อาณา 0,น.,อำนาจปกครอง เช่น อาณาบริเวณ.
อาณาเกษตร 0,น.,เขตแดนในอำนาจปกครอง.
อาณาเขต 0,น.,เขตแดนในอำนาจปกครอง.
อาณาจักร 0,น.,เขตแดนที่อยู่ในอำนาจปกครองของประเทศหนึ่ง ๆ
อาณาจักร 1,น.,"อำนาจปกครองทางบ้านเมือง, คู่กับ ศาสนจักร ซึ่งหมายความว่า อำนาจปกครองทางศาสนา."
อาณานิคม 0,น.,"เมืองขึ้น, ประเทศที่อยู่ใต้อำนาจอธิปไตยของประเทศอื่น."
อาณาประชาราษฎร์ 0,น.,พลเมืองที่อยู่ในอำนาจปกครอง.
อาณาประโยชน์ 0,น.,ผลประโยชน์ส่วนตัวจากการที่ตนมีอำนาจปกครอง.
อาด 0,ว.,อย่างผึ่งผาย (ใช้แก่กริยาเดิน) เช่น เดินส่ายอาด เดินอาด ๆ.
อาด ๆ 0,ว.,อย่างผึ่งผาย (ใช้แก่กริยาเดิน) เช่น เดินส่ายอาด เดินอาด ๆ.
อาดุระ 0,ว.,"เดือดร้อน, ทนทุกขเวทนาทั้งกายและใจ, ในบทกลอนตัดใช้ว่า ดุร ก็มี."
อาดุลย์ 0,น.,"ความชั่งไม่ได้, ความไม่มีที่เทียบ, ความไม่มีที่เปรียบ."
อาดูร 0,ว.,"เดือดร้อน, ทนทุกขเวทนาทั้งกายและใจ, ในบทกลอนตัดใช้ว่า ดุร ก็มี."
อาดูลย์ 0,น.,"ความชั่งไม่ได้, ความไม่มีที่เทียบ, ความไม่มีที่เปรียบ."
อาเด๊ะ 0,น.,น้อง.
อาตม- 0,น.,"ตน, ตัวตน."
อาตมทาน 0,น.,"การสละตัวเอง, การพลีตัว."
อาตมภาพ 0,ส.,"คำใช้แทนตัวผู้พูด สำหรับพระภิกษุสามเณรพูดกับคฤหัสถ์ ทั้งที่เป็นเจ้านายหรือสามัญชน, เป็นสรรพนามบุรุษที่ ๑."
อาตมัน 0,น.,อัตตาหรือดวงวิญญาณ ซึ่งศาสนาและปรัชญาฮินดูถือว่าเที่ยงแท้ถาวร.
อาตมา 0,ส.,"คำใช้แทนตัวผู้พูด สำหรับพระภิกษุสามเณรพูดกับคฤหัสถ์ ทั้งที่เป็นเจ้านายหรือสามัญชน, เป็นสรรพนามบุรุษที่ ๑."
อาตมา 1,น.,ตัวเอง เช่น ไม่พอเลี้ยงอาตมา.
อาตุระ 0,ว.,"อาดุระ, อาดูร."
อาถรรพ์ 0,น.,"สิ่งสืบเนื่องจากคัมภีร์อถรรพเวท, การทำพิธีตามตำราไสยศาสตร์เพื่อให้เกิดสิริมงคลป้องกันภยันตราย หรือทำอันตรายผู้อื่น เช่น ทำพิธีฝังเสาหินหรือฝังบัตรพลี ซึ่งเรียกว่า ฝังอาถรรพ์"
อาถรรพ์ 1,น.,อำนาจลึกลับที่เชื่อกันว่าอาจบันดาลให้มีอันเป็นไป เช่น ต้องอาถรรพ์ เสานี้มีอาถรรพ์.
อาถรรพณ์ 0,น.,"สิ่งสืบเนื่องจากคัมภีร์อถรรพเวท, การทำพิธีตามตำราไสยศาสตร์เพื่อให้เกิดสิริมงคลป้องกันภยันตราย หรือทำอันตรายผู้อื่น เช่น ทำพิธีฝังเสาหินหรือฝังบัตรพลี ซึ่งเรียกว่า ฝังอาถรรพ์"
อาถรรพณ์ 1,น.,อำนาจลึกลับที่เชื่อกันว่าอาจบันดาลให้มีอันเป็นไป เช่น ต้องอาถรรพ์ เสานี้มีอาถรรพ์.
อาถรรพณะ 0,น.,"สิ่งสืบเนื่องจากคัมภีร์อถรรพเวท, การทำพิธีตามตำราไสยศาสตร์เพื่อให้เกิดสิริมงคลป้องกันภยันตราย หรือทำอันตรายผู้อื่น เช่น ทำพิธีฝังเสาหินหรือฝังบัตรพลี ซึ่งเรียกว่า ฝังอาถรรพ์"
อาถรรพณะ 1,น.,อำนาจลึกลับที่เชื่อกันว่าอาจบันดาลให้มีอันเป็นไป เช่น ต้องอาถรรพ์ เสานี้มีอาถรรพ์.
อาถรรพเวท 0,น.,"ชื่อคัมภีร์ที่ ๔ ของพระเวท ส่วนใหญ่ประพันธ์ขึ้นภายหลัง แต่มีบางบทที่เก่ามากซึ่งนำมาจากฤคเวทก็มี. (ส.). (ดู เวท, เวท- ประกอบ)."
อาทร 0,น.,"ความเอื้อเฟื้อ, ความเอาใจใส่, ความห่วงใย."
อาทาตา 0,น.,"ผู้ถือเอา, ผู้รับ."
อาทาน 0,น.,"การถือเอา, การรับ, การยึดถือ, มักใช้เป็นส่วนท้ายศัพท์ เช่น อุปาทาน สมาทาน."
อาทิ 0,น.,"ต้น ในคำว่า เป็นอาทิ, เป็นเบื้องต้น, ทีแรก, ข้อต้น."
อาทิจจวาร 0,น.,"วันอาทิตย์, สูรยวาร หรือ อาทิตยวาร ก็ว่า."
อาทิตย์ 0,น.,“เชื้ออทิติ” คือ เทวดาพวกหนึ่งซึ่งเป็นลูกนางอทิติผู้เป็นชายาพระกัศยปประชาบดี เทวดาพวกนี้มีจำนวนกล่าวไว้ต่างกัน บ้างว่ามี ๕ องค์ บ้างว่ามี ๗ องค์ บ้างว่ามี ๑๒ องค์ ได้แก่ อินทราทิตย์ (พระอินทร์) วรุณาทิตย์ (พระพิรุณ) ฯลฯ สูรยาทิตย์ (พระอาทิตย์ที่ส่องโลก)
อาทิตย์ 1,น.,ชื่อเทวดาพระเคราะห์ คือ สูรยาทิตย์
อาทิตย์ 2,น.,"ดวงตะวัน (ชื่อเทวดาองค์หนึ่งในนิยาย), ในตำรานพเคราะห์นับเอาเป็นดาวพระเคราะห์ที่ ๑"
อาทิตย์ 3,น.,ชื่อวันที่ ๑ ของสัปดาห์
อาทิตย์ 4,น.,รอบ ๗ วัน เช่น ไม่ว่างตลอดอาทิตย์.
อาทิตย- 0,น.,“เชื้ออทิติ” คือ เทวดาพวกหนึ่งซึ่งเป็นลูกนางอทิติผู้เป็นชายาพระกัศยปประชาบดี เทวดาพวกนี้มีจำนวนกล่าวไว้ต่างกัน บ้างว่ามี ๕ องค์ บ้างว่ามี ๗ องค์ บ้างว่ามี ๑๒ องค์ ได้แก่ อินทราทิตย์ (พระอินทร์) วรุณาทิตย์ (พระพิรุณ) ฯลฯ สูรยาทิตย์ (พระอาทิตย์ที่ส่องโลก)
อาทิตย- 1,น.,ชื่อเทวดาพระเคราะห์ คือ สูรยาทิตย์
อาทิตย- 2,น.,"ดวงตะวัน (ชื่อเทวดาองค์หนึ่งในนิยาย), ในตำรานพเคราะห์นับเอาเป็นดาวพระเคราะห์ที่ ๑"
อาทิตย- 3,น.,ชื่อวันที่ ๑ ของสัปดาห์
อาทิตย- 4,น.,รอบ ๗ วัน เช่น ไม่ว่างตลอดอาทิตย์.
อาทิตยมณฑล 0,น.,"ดวงอาทิตย์, รูปที่แลดูแบนแห่งดวงอาทิตย์."
อาทิตย-วาร 0,น.,"วันอาทิตย์, สูรยวาร หรือ อาทิจจวาร ก็ว่า."
อาทีนพ 0,น.,โทษ (บางทีใช้ควบกันว่า อาทีนพโทษ หรือ อาทีนวโทษ)
อาทีนพ 1,น.,"ผลร้าย, บางทีใช้เป็นส่วนท้ายของคำสมาส เช่น กามาทีนพ = โทษของกาม."
อาทีนวะ 0,น.,โทษ (บางทีใช้ควบกันว่า อาทีนพโทษ หรือ อาทีนวโทษ)
อาทีนวะ 1,น.,"ผลร้าย, บางทีใช้เป็นส่วนท้ายของคำสมาส เช่น กามาทีนพ = โทษของกาม."
อาทึก 0,ว.,"เป็นที่ต้น, ก่อน, แรก, เบื้องต้น."
อาเทศ 0,น.,"การแนะนำ, คำชี้แจง, คำบอกเล่า, คำสั่ง, กฎ."
อาเทศ 1,น.,"การแปลงหรือแผลงพยัญชนะและสระตามข้อบังคับแห่งไวยากรณ์บาลีและสันสกฤต เช่น สมบัติ + อภิบาล อาเทศสระอิ ที่ ติ เป็น ย แล้วสนธิกับ อภิบาล เป็น สมบัตยาภิบาล, ธนุ + อาคม อาเทศสระอุ ที่ นุ เป็น ว แล้วสนธิกับ อาคม เป็น ธันวาคม, อธิ + อาสัย อาเทศอธิ เป็น อัชฌ แล้วสนธิกับ อาสัย เป็น อัชฌาสัย."
อาเทสนาปาฏิหาริย์ 0,น.,"การดักใจเป็นอัศจรรย์ หมายถึง การดักใจทายใจคนได้อย่างน่าอัศจรรย์, เป็นปาฏิหาริย์อย่าง ๑ ในปาฏิหาริย์ ๓ ได้แก่ อิทธิปาฏิหาริย์ อาเทสนาปาฏิหาริย์ และอนุสาสนีปาฏิหาริย์."
อาธรรม์ 0,ว.,"ชั่ว, ไม่เป็นธรรม, ไม่เที่ยงธรรม, ไม่ยุติธรรม."
อาธรรม 0,ว.,"ชั่ว, ไม่เป็นธรรม, ไม่เที่ยงธรรม, ไม่ยุติธรรม."
อาธรรมิก 0,ว.,"ชั่ว, ไม่เป็นธรรม, ไม่เที่ยงธรรม, ไม่ยุติธรรม."
อาธรรมึก 0,ว.,"ชั่ว, ไม่เป็นธรรม, ไม่เที่ยงธรรม, ไม่ยุติธรรม."
อาธาน 0,น.,"การตั้งไว้, การวางไว้, มักใช้เป็นส่วนท้ายของสมาส เช่น จิตกาธาน."
อาธาร 0,น.,"เครื่องคํ้าจุน, ฐานที่รองรับ, เช่น ปัตตาธาร = เชิงบาตร, ตีนบาตร คุณาธาร = ฐานที่รองรับคุณความดี"
อาธาร 1,น.,การอุปถัมภ์
อาธาร 2,น.,"อ่าง, หม้อนํ้า, ที่ขังนํ้า, สระ."
อ่าน 0,ก.,"ว่าตามตัวหนังสือ, ถ้าออกเสียงด้วย เรียกว่า อ่านออกเสียง, ถ้าไม่ต้องออกเสียง เรียกว่า อ่านในใจ"
อ่าน 1,ก.,สังเกตหรือพิจารณาดูเพื่อให้เข้าใจ เช่น อ่านสีหน้า อ่านริมฝีปาก อ่านใจ
อ่าน 2,ก.,ตีความ เช่น อ่านรหัส อ่านลายแทง
อ่าน 3,ก.,"คิด, นับ."
อาน 0,น.,เครื่องรองนั่งบนหลังสัตว์พาหนะหรือยานพาหนะบางชนิด เช่น อานม้า อานรถจักรยาน.
อาน 1,ว.,"บอบชํ้า เช่น ถูกตีเสียอาน, โดยปริยายหมายความว่า อย่างหนัก, อย่างมาก, เช่น ถูกต่อว่าอานเลย."
อาน 2,ก.,"ลับมีดหรืออาวุธให้คม เช่น อานดาบ อานอาวุธ, ใช้มีดหรืออาวุธถูกับหินให้เรียบหรือให้คม เช่น อานมีด อานหอก."
อาน 3,ก.,"กิน, เซ่น, เช่น เครื่องอาน ว่า เครื่องกินหรือเครื่องเซ่น."
อาน 4,ว.,"เป็นหมัน, ไม่มีลูก, (ใช้เฉพาะสัตว์)."
อาน- 0,น.,"ลมหายใจเข้า, นิยมใช้เข้าคู่กับ อปานะ คือ ลมหายใจออก เป็น อานาปานะ = ลมหายใจเข้าและลมหายใจออก ในคำว่า อานาปานัสสติ = สติที่กำหนดลมหายใจเข้าและลมหายใจออก."
อานก 0,ก.,"เอ็นดู, รักใคร่."
อานน 0,น.,"ปาก, หน้า"
อานน 1,น.,"ช่อง, ประตู."
อานนท์ 0,น.,"ความเพลิดเพลิน, ความยินดี, ความปลื้มใจ, มักใช้เป็นส่วนท้ายของคำสมาส เช่น จิตกานนท์."
อานนท์ 1,น.,"ชื่อปลา ๑ ใน ๗ ตัว ในหนังสือไตรภูมิกถา, ชื่อปลาใหญ่ในวรรณคดี เชื่อกันว่าหนุนแผ่นดิน เมื่อปลานี้พลิกตัวจะทำให้เกิดแผ่นดินไหว, อนนต์ ก็ว่า."
อานม้า 0,น.,"ชื่อหอยทะเลกาบคู่ชนิด Placuna ephippium (Philipsson) ในวงศ์ Placunidae เปลือกแบนค่อนข้างกลม โค้งเล็กน้อยคล้ายอานม้า สีนํ้าตาลเข้มหรือม่วงเข้ม, อานม้า ก็เรียก."
อ่านเล่น 0,ก.,อ่านเพื่อความเพลิดเพลิน เช่น เอาหนังสือไปอ่านเล่นสัก ๒ เล่มซิ.
อ่านเล่น 1,ว.,ที่แต่งขึ้นให้อ่านเพื่อความเพลิดเพลิน ในคำว่า หนังสืออ่านเล่น.
อ่านโองการ 0,ก.,ประกาศในพิธีพราหมณ์เพื่อสรรเสริญและอัญเชิญเทพเจ้า.
อานะ 0,น.,"ลูก, น้อง, (ใช้เป็นคำเรียกแสดงความรู้สึกรักและเอ็นดู), อะนะ หรือ อะหนะ ก็ว่า. [ช. anak ว่า ลูก (ใช้ได้ทั้งลูกคนและลูกสัตว์)]."
อานันท์ 0,น.,"ความเพลิดเพลิน, ความยินดี, ความปลื้มใจ, มักใช้เป็นส่วนท้ายของคำสมาส เช่น จิตกานนท์."
อานันทนะ 0,น.,"การรื่นเริง, การทำให้เพลิดเพลิน."
อานัม 0,น.,"ญวน, ใช้ว่า อนำ อนัม หรือ อานำ ก็มี."
อานาปาน- 0,น.,ลมหายใจเข้าออก ในคำว่า อานาปานัสสติ.
อานาปานะ 0,น.,ลมหายใจเข้าออก ในคำว่า อานาปานัสสติ.
อานาปานัสสติ 0,น.,สติที่กำหนดลมหายใจเข้าและลมหายใจออก.
อานำ 0,น.,"ญวน, ใช้ว่า อนำ อนัม หรือ อานัม ก็มี."
อานิก 0,ก.,"เอ็นดู, รักใคร่."
อานิสงส์ 0,น.,"ผลแห่งกุศลกรรม, ผลบุญ"
อานิสงส์ 1,น.,ประโยชน์ เช่น อานิสงส์กฐิน.
อานุภาพ 0,น.,"อำนาจ, ฤทธิ์เดช, ความยิ่งใหญ่."
อานุภาวะ 0,น.,"อำนาจ, ฤทธิ์เดช, ความยิ่งใหญ่."
อาบ 0,ก.,เอานํ้ารดตัวหรือลงในนํ้าทั้งตัว เพื่อแก้ร้อนหรือชำระล้างเหงื่อไคลเป็นต้น เรียกว่า อาบนํ้า
อาบ 1,ก.,"ชโลม, ทา, ทำให้ซึมซาบ, เช่น อาบนํ้ารัก ลูกศรอาบยาพิษ"
อาบ 2,ก.,ไหลโซม เช่น เหงื่ออาบหน้า.
อาบแดด 0,ก.,ให้ผิวกายส่วนใดส่วนหนึ่งหรือทั้งหมดถูกแดด เพื่อสุขภาพหรือความงาม.
อาบน้ำร้อนมาก่อน 0,ก.,เกิดก่อนจึงมีประสบการณ์มากกว่า.
อาบเหงื่อต่างน้ำ 0,ก.,ตรากตรำทำงานด้วยความเหนื่อยยาก.
อาบเอิบ 0,ก.,"อาบทั่วไป, ซึมซาบ"
อาบเอิบ 1,ก.,"ซาบซ่าน, เอิบอาบ ก็ว่า."
อาบัติ 0,น.,โทษที่เกิดจากการล่วงละเมิดสิกขาบทหรือข้อห้ามแห่งภิกษุ มี ๗ อย่าง คือ ปาราชิก สังฆาทิเสส ถุลลัจจัย ปาจิตตีย์ ปาฏิเทสนียะ ทุกกฎ ทุพภาษิต มีโทษ ๓ สถาน คือ ๑. โทษสถานหนัก เรียกว่า ครุโทษ หรือ มหันตโทษ ทำให้ภิกษุผู้ต้องอาบัติขาดจากความเป็นภิกษุ ได้แก่ อาบัติปาราชิก ซึ่งเรียกว่า ครุกาบัติ ๒. โทษสถานกลาง เรียกว่า มัชฌิมโทษ ทำให้ภิกษุผู้ต้องอาบัติต้องอยู่กรรมก่อนจึงจะพ้นโทษ ได้แก่ อาบัติสังฆาทิเสส และ ๓. โทษสถานเบา เรียกว่า ลหุโทษ ทำให้ภิกษุผู้ต้องอาบัติที่ตํ่ากว่าอาบัติสังฆาทิเสสต้องปลงอาบัติ คือ บอกอาบัติของตนแก่ภิกษุด้วยกัน ได้แก่ อาบัติถุลลัจจัย ปาจิตตีย์ ปาฏิเทสนียะ ทุกกฏ และทุพภาษิต ซึ่งเรียกว่า ลหุกาบัติ.
อาบัน 0,ก.,ต้อง เช่น อาบัติอาบัน ว่า ต้องอาบัติ
อาบัน 1,ก.,"ถึง, ลุ, เช่น โสดาบัน ว่า ถึงโสตธรรม คือ กระแสพระนิพพาน."
อาปณ- 0,น.,"ตลาด, ร้านขายของ."
อาปณกะ 0,น.,พ่อค้า.
อาปณะ 0,น.,"ตลาด, ร้านขายของ."
อาปะ 0,น.,"นํ้า, เมื่อใช้เป็นส่วนหน้าของสมาสมักใช้ว่า อาโป เช่น อาโปกสิณ อาโปธาตุ."
อาปาน- 0,น.,"การดื่ม, การเลี้ยง."
อาปานภูมิ 0,น.,"ห้องดื่ม, สถานที่เลี้ยงดูกัน."
อาปานศาลา 0,น.,ห้องเครื่องดื่ม.
อาปานะ 0,น.,"การดื่ม, การเลี้ยง."
อาโป 0,น.,"นํ้า, เมื่อใช้เป็นส่วนหน้าของสมาสมักใช้ว่า อาโป เช่น อาโปกสิณ อาโปธาตุ."
อาโปกสิณ 0,น.,วิธีเจริญสมถกรรมฐานโดยยึดหน่วงเอาธาตุนํ้าเป็นอารมณ์.
อาโปธาตุ 0,น.,ของเหลวที่เอิบอาบซาบซึมไปได้ เป็นธาตุ ๑ ในธาตุทั้ง ๔ คือ ๑. ปฐวีธาตุ = ธาตุดิน ๒. อาโปธาตุ = ธาตุนํ้า ๓. เตโชธาตุ = ธาตุไฟ ๔. วาโยธาตุ = ธาตุลม.
อาพัด 0,ก.,เสกเหล้ากินเพื่อให้คงกระพัน เรียกว่า อาพัดเหล้า.
อาพัทธ์ 0,ก.,"ผูกพัน, ติดพัน, เกี่ยวพัน."
อาพันธ์ 0,น.,"เครื่องผูก, การผูก."
อาพันธนะ 0,น.,"เครื่องผูก, การผูก."
อาพาธ 0,ก.,เจ็บป่วย (ใช้แก่ภิกษุสามเณร).
อาพาธิก 0,ว.,"เป็นไข้, เจ็บป่วย, เป็นโรค."
อาพาธึก 0,ว.,"เป็นไข้, เจ็บป่วย, เป็นโรค."
อาพิล 0,ว.,"ขุ่นมัว, เศร้าหมอง."
อาเพศ 0,น.,เหตุที่เกิดขึ้นอย่างผิดปรกติวิสัย ถือว่าเป็นลางไม่ดี.
อาภรณ์ 0,น.,"เครื่องประดับ, บางทีก็ใช้เป็นส่วนท้ายของคำสมาส เช่น พัสตราภรณ์ = เครื่องประดับคือเสื้อผ้า สิราภรณ์ = เครื่องประดับศีรษะ คชาภรณ์ = เครื่องประดับช้าง พิมพาภรณ์ = เครื่องประดับร่างกาย ในคำว่า ถนิมพิมพาภรณ์ ธรรมาภรณ์ = มีธรรมะเป็นเครื่องประดับ."
อาภัพ 0,ว.,"ปราศจากโชค, เคราะห์ร้าย, วาสนาน้อย, ตกอับ."
อาภัพเหมือนปูน 0,*ว.,ทำดีแต่มักถูกมองข้ามไปหรือไม่มีใครมองเห็น คล้ายในการกินหมาก จะต้องมีหมาก พลู ปูน ๓ อย่างประกอบกัน แต่คนมักพูดว่า กินหมากกินพลู โดยมิได้พูดถึงปูนเลย จะพูดถึงบ้างก็เป็นไปในทางที่ไม่ดีว่า ปูนกัดปาก.
อาภัสระ 0,น.,"ชื่อพรหมโลกชั้น ๑ ในรูปพรหม ๑๖ ชั้น, เรียกพรหมซึ่งอยู่ชั้นนี้ ว่า อาภัสรพรหม."
อาภัสระ 1,ว.,"สว่าง, สุกใส, เปล่งปลั่ง."
อาภา 0,น.,"แสง, รัศมี, ความสว่าง."
อาภากร 0,น.,พระอาทิตย์.
อาภาส 0,น.,"รัศมี, แสงสว่าง."
อ่าม 0,ว.,"ไม่ เช่น เลี้ยงลาอามสาย, หนึ่งจงเลี้ยงม่ามอ่ามสาย (ไตรภูมิ)."
อาม 0,ว.,"ไม่ เช่น เลี้ยงลาอามสาย, หนึ่งจงเลี้ยงม่ามอ่ามสาย (ไตรภูมิ)."
อาม 1,น.,เรียกลูกสาวคนที่ ๓ ว่า ลูกอาม.
อามลกะ 0,น.,มะขามป้อม.
อามัย 0,น.,"ความป่วยไข้, โรค, ความไม่สบาย, ตรงข้ามกับ อนามัย คือ ความสบาย ความไม่มีโรค."
อามิษ 0,น.,"สิ่งของวัตถุเครื่องล่อใจมีเงินเป็นต้น, เช่น อย่าเห็นแก่อามิสสินจ้าง."
อามิส 0,น.,"สิ่งของวัตถุเครื่องล่อใจมีเงินเป็นต้น, เช่น อย่าเห็นแก่อามิสสินจ้าง."
อามิส- 0,น.,"สิ่งของวัตถุเครื่องล่อใจมีเงินเป็นต้น, เช่น อย่าเห็นแก่อามิสสินจ้าง."
อามิสบูชา 0,น.,"การบูชาด้วยสิ่งของ, คู่กับ ปฏิบัติบูชา ซึ่งเป็นการบูชาด้วยการปฏิบัติตามคำสั่งสอน."
อาย 0,ก.,"รู้สึกกระดาก, รู้สึกขายหน้า."
อ้าย 0,น.,"เรียกลูกชายคนที่ ๑ ว่า ลูกอ้าย, คู่กับ ลูกหญิงคนที่ ๑ ว่า ลูกเอื้อย. (สามดวง)"
อ้าย 1,น.,โดยปริยายอนุโลมเรียกพี่ชายคนโต ว่า พี่อ้าย.
อ้าย 2,ว.,"ต้น, หนึ่ง, ในคำว่า เดือนอ้าย."
อาย 1,น.,"กลิ่น, มักใช้เข้าคู่กับคำ กลิ่น เป็น กลิ่นอาย."
อ้าย 3,น.,"คำประกอบคำอื่นบอกให้รู้ว่าเป็นเพศชายหรือสัตว์ตัวผู้ เช่น อ้ายหนุ่ม อ้ายด่าง, คำประกอบหน้าชื่อผู้ชายที่มีฐานะตํ่ากว่า อย่างนายเรียกคนใช้, คำประกอบหน้าชื่อเพื่อนฝูงแสดงว่ามีความสนิทสนมมาก มักใช้กันในหมู่เด็กผู้ชาย, คำใช้ประกอบหน้าชื่อผู้ชายแสดงความดูหมิ่นเหยียดหยาม, คำประกอบคำบางคำที่ผู้ใหญ่ใช้เรียกเด็กผู้ชายหรือผู้ชายที่อายุน้อยกว่ามากด้วยความเอ็นดูหรือสนิทสนมเป็นกันเอง เช่น อ้ายหนู อ้ายน้องชาย, คำประกอบหน้าคำบางคำเพื่อเน้น เช่น อ้ายเราก็ไม่ดี อ้ายจะไปก็ไม่มีที่จะไป อ้ายจะอยู่หรือก็คับใจ, คำประกอบหน้าชื่อสัตว์บางชนิดโดยไม่เน้นเพศ เช่น อ้ายเหลือม อ้ายทุย, คำประกอบหน้าคำบางคำเพื่อเน้นในเชิงบริภาษ เช่น อ้ายทึ่ม อ้ายโง่ อ้ายควาย, คำใช้แทนสิ่งที่กล่าวถึงและเป็นที่เข้าใจกัน เช่น อ้ายนั่น อ้ายนี่, เขียนเป็น ไอ้ ก็มี, (โบ) คำนำหน้าชื่อผู้ชาย มักใช้ในทางไม่ดี เช่น อ้ายดีผู้ร้ายรับเปนสัจให้การซัดพวกเพื่อนถึงอ้ายเชด อ้ายแสน อ้ายคง อ้ายมั้น (สามดวง)."
อ้ายโกร่ง 0,น.,"ชื่อจิ้งหรีดชนิด Brachytrypes portentosus (Lichtenstein) เป็นจิ้งหรีดที่มีขนาดใหญ่ที่สุด ยาวประมาณ ๔.๕ เซนติเมตร สีน้ำตาลตลอดทั้งตัว, อ้ายโกร่ง หรือ หัวตะกั่ว ก็เรียก, พายัพเรียก จี้กุ่ง หรือ ขี้กุ่ง, อีสานเรียก จิโป่ม จี่นายโม้ จี่ป่ม หรือ จี่โป่ง."
อ้ายขิก 0,น.,"ขิก, เขียนเป็น ไอ้ขิก ก็มี."
อ้ายเข้ 0,น.,"ชื่อสัตว์เลื้อยคลานขนาดใหญ่ที่สุดในปัจจุบัน มีหลายชนิดหลายสกุล ในวงศ์ Crocodylidae ปากและหัวยาว ปลายปากนูนสูงขึ้นเป็นช่องเปิดของรูหายใจ เรียกว่า ก้อนขี้หมา ลำตัวกลมยาว หนังเป็นเกล็ดแข็งทั้งตัว หางแบนยาวทางข้างใช้โบกว่ายนํ้า มักหากินในนํ้า อาศัยบริเวณป่าริมน้ำ ในประเทศไทยมี ๓ ชนิด คือ จระเข้บึง จระเข้นํ้าจืด หรือจระเข้สยาม ( Crocodylus siamensisSchneider) จระเข้นํ้าเค็ม อ้ายเคี่ยม หรืออ้ายทองหลาง ( C. porosus Schneider) และจระเข้ปากกระทุงเหวหรือตะโขง [ Tomistoma schlegelii (S. Müller)], ตะเข้ หรือ อ้ายเข้ ก็เรียก, อีสานเรียก แข้, ปักษ์ใต้เรียก เข้"
อ้ายงั่ว 0,น.,"ชื่อนกขนาดใหญ่ชนิด Anhinga melanogaster Pennant ในวงศ์ Anhingidae ปากยาวตรงสีเหลืองปลายแหลมมาก คอยาวโค้งคล้ายเคียว ขนลำตัวสีดำ ปีกและหลังมีลายเป็นริ้วสีขาว ตีนมีพังผืดแบบเป็ด สีดำ ดำน้ำจับปลาโดยใช้ปากแทง, งั่ว สร้อยระย้า หรือ สร้อยอีร้า ก็เรียก."
อ้ายเจี๊ยว 0,น.,"กระเจี๊ยว, เขียนเป็น ไอ้เจี๊ยว ก็มี."
อ้ายชื่น 0,น.,"ชื่อมดชนิด Odontoponera dentieulata (Smith) ในวงศ์ Formicidae ตัวสีเทาดำ ขนาดยาวประมาณ ๑.๒ เซนติเมตร อาศัยอยู่ตามผิวดิน ต่อยได้เจ็บปวด, ชื่น ก็เรียก."
อายตนะ 0,น.,"เครื่องรู้และสิ่งที่รู้ เช่น ตาเป็นเครื่องรู้ รูปเป็นสิ่งที่รู้, ในพระพุทธศาสนาหมายถึง จักษุ โสต ฆาน ชิวหา กาย ใจ เรียกว่า อายตนะภายใน เป็นเครื่องติดต่อกับอายตนะภายนอก คือ รูป เสียง กลิ่น รส โผฏฐัพพะ ธรรมารมณ์."
อายตะ 0,ว.,"ยืด, แผ่ออกไป, กว้างขวาง, ยาว."
อ้ายตื้อ 0,ก.,"กินเลี้ยงในงานมงคล [สี่ถ้วย คือ ขนม ๔ อย่าง อย่างละถ้วย ได้แก่ ไข่กบ (สาคูหรือเมล็ดแมงลัก), นกปล่อย (ลอดช่อง), มะลิลอย (ข้าวตอก), อ้ายตื้อ (ข้าวเหนียว) มีนํ้ากะทิใส่ชามอยู่กลาง]."
อ้ายทอก 0,น.,"ช้างใหญ่ที่มีงาข้างเดียว, ช้างตัวผู้ที่มีนิสัยเกเร, เด็กผู้ชายที่มีนิสัยเกเร."
อายน 0,น.,"การมาถึง, มักใช้เป็นส่วนท้ายสมาส เช่น เมษายน คือ เมษ + อายน แปลว่า การมาถึงราศีเมษ."
อ้ายบ้า 0,น.,"ชื่อปลานํ้าจืดขนาดเล็กถึงขนาดกลางชนิด Leptobarbus hoeveni (Bleeker) ในวงศ์ Cyprinidae ลำตัวค่อนข้างยาวหนาเกือบเป็นรูปทรงกระบอก หัวกว้าง มีหนวด ๒ คู่ ท้องกลมมน ด้านหลังและข้างตัวสีเขียวอ่อน ด้านท้องสีขาวแต้มเหลือง ครีบท้อง ครีบก้น และครีบหลังสีแดงอ่อน ในปลาขนาดเล็กมีแถบสีดำคลํ้าพาดตลอดข้างตัว พบอาศัยตามแม่นํ้าลำคลองและบึงใหญ่ทั่วไป ขนาดยาวได้ถึง ๕๐ เซนติเมตร ในธรรมชาติกินผลไม้รวมทั้งผลกระเบา เมื่อมีผู้นำไปบริโภคทำให้เกิดอาการมึนเมา, อ้ายบ้า หรือ พวง ก็เรียก."
อ้ายเบี้ยว 0,น.,"ชื่อปลานํ้าจืดไม่มีเกล็ดชนิด Belodontichthys truncatus (Bleeker) ในวงศ์ Siluridae รูปร่างคล้ายปลาค้าว เว้นแต่มีขนาดเล็กกว่า คือ ยาวประมาณ ๗๐ เซนติเมตร ปากเชิดขึ้นถึงแนวสันหลัง ครีบหลังเล็กมาก ครีบอกใหญ่และยาว ส่วนบนลำตัวหนาลู่แคบลงไปในแนวสันท้อง หลังกว้าง ด้านหลังสีเทาอมเขียว ข้างท้องสีเงิน พบตามแหล่งนํ้าใหญ่ทั่วไป, เบี้ยว อ้ายเบี้ยว หรือ ขบ ก็เรียก."
อ้ายป๊อก 0,น.,"ชื่อปลานํ้าจืดชนิด Channa micropeltes (Cuvier) ในวงศ์ Channidae รูปร่างคล้ายปลาช่อน ซึ่งอยู่ในสกุลเดียวกันแต่เกล็ดเล็กและมีจำนวนมากกว่า เฉพาะบนเส้นข้างตัวมี ๘๒-๙๕ เกล็ด เมื่อยังเล็กข้างลำตัวมีแถบสีดำเรียงคู่กันจากตาถึงครีบหาง ระหว่างแถบเป็นสีแดง แถบนี้แตกเป็นแต้มหรือจุดในปลาที่โตเต็มที่ ขนาดยาวได้ถึง ๑ เมตร, แมลงภู่ อ้ายป๊อก หรือ โด ก็เรียก, พายัพเรียก ก่อ."
อ้ายมุ่ย 0,?,ดู ชาด.
อ้ายโม่ง 0,น.,ชื่อเรียกดักแด้ยุง ในวงศ์ Culicidae ส่วนหัวและอกขยายใหญ่ มีท่อหายใจ ๒ ท่ออยู่บนส่วนอก ต้องขึ้นมาหายใจที่ผิวน้ำ เคลื่อนไหวได้รวดเร็ว.
อายเหนียม 0,ก.,กระดากอาย.
อ้ายอ้าว 0,น.,"ชื่อปลาน้ำจืดชนิด Raiamas guttatus (Day) ในวงศ์ Cyprinidae ลำตัวยาว เพรียว แบนข้างเล็กน้อย จะงอยปากแหลมยาวล้ำขากรรไกรล่าง ปากกว้าง ตาเล็กอยู่ค่อนไปทางปลายหัว เกล็ดเป็นแบบเกล็ดเรียบ เส้นข้างตัวพาดต่ำ ๆ ใกล้แนวสันท้อง ครีบหลังอยู่ท้ายแนวกึ่งกลางลำตัวและมีก้านครีบ ๙-๑๑ ก้าน ครีบก้นอยู่คล้อยไปข้างท้ายของลำตัวและมีก้านครีบ ๑๓-๑๔ ก้าน ครีบอกอยู่ใกล้แนวสันท้อง ส่วนครีบท้องอยู่ในแนวหน้าครีบหลัง ครีบหางเป็นแฉกลึก บริเวณข้างลำตัวมีจุดสีน้ำเงินดำเรียบเป็นแถวยาวในแนวระดับตา ต่ำลงไปเหนือส่วนท้องจะเป็นจุดประกระจายทั่วไป ครีบต่าง ๆ มีสีอมเหลือง แพนหางตอนล่างมีแถบสีดำพาดตามยาวอยู่ที่ขอบด้านใน พบในเขตต้นน้ำหรือแม่น้ำที่มีพื้นเป็นกรวดทรายน้ำไหลแรงในทุกภาค ขนาดยาวได้ถึง ๒๘ เซนติเมตร, นางอ้าว อ้าว หรือ อ้ายอ้าว ก็เรียก."
อ้ายแอ้ด 0,น.,"ชื่อจิ้งหรีดขนาดเล็กหลายชนิด ในวงศ์ Gryllidae ลำตัวยาวไม่เกิน ๒ เซนติเมตร ส่วนใหญ่ปีกคู่หลังยาวกว่าปีกคู่หน้า ขณะพับปีกปลายปีกจึงยื่นไปด้านท้าย โดยทั่วไปสีดำหรือน้ำตาลตลอดทั้งตัว ชนิดที่พบบ่อย เช่น ชนิด Modicogryllus confiermatus (Walker) ซึ่งมีสีน้ำตาล, จิ้งหรีดผี หรือ แอ้ด ก็เรียก, โดยปริยายเรียกสิ่งที่มีขนาดเล็กหรือน้ำหนักน้อยกว่าปรกติ เช่น รถถังอ้ายแอ้ด มวยรุ่นอ้ายแอ้ด."
อายัด 0,ก.,ห้ามจำหน่ายจ่ายโอนทรัพย์สินหรือสิทธิเรียกร้อง.
อายัต 0,ว.,"ขยัน, ขันแข็ง."
อายัน 0,น.,"นักบวช, ฤษี."
อายัน 1,น.,"การมาถึง, นิยมใช้เป็นส่วนท้ายของคำสมาส เช่น เหมายัน หมายถึง การมาถึงฤดูหนาว ครีษมายัน หมายถึง การมาถึงฤดูร้อน, ทางดาราศาสตร์ หมายถึงจุดหยุด คือจุดสุดทางเหนือและทางใต้ที่ดวงอาทิตย์โคจรไปถึง."
อายาจนะ 0,น.,"การขอร้อง, การวิงวอน, การเชื้อเชิญ."
อายานะ 0,น.,"การมา, การมาถึง."
อายุ 0,น.,"เวลาที่ดำรงชีวิตอยู่, เวลาชั่วชีวิต, ช่วงเวลานับตั้งแต่เกิดหรือมีมาจนถึงเวลาที่กล่าวถึง, ระยะเวลาที่กำหนดไว้ เช่น อายุใบอนุญาต ยานี้หมดอายุแล้ว, ระยะเวลาที่กำหนดรู้ความยั่งยืนของสิ่งนั้น ๆ เช่น อายุของหิน."
อายุกตกะ 0,น.,"นายส่วย, เจ้าพนักงาน, เจ้าหน้าที่."
อายุกษัย 0,น.,"การสิ้นอายุ, ความตาย."
อายุขัย 0,น.,"การสิ้นอายุ, ความตาย"
อายุขัย 1,น.,อัตรากำหนดอายุจนสิ้นอายุ.
อายุความ 0,น.,ระยะเวลาที่กฎหมายกำหนดให้ใช้บังคับสิทธิเรียกร้อง บังคับคดี ฟ้องหรือร้องทุกข์ในคดีอาญา.
อายุความสะดุดหยุดลง 0,น.,การหยุดนับระยะเวลาที่ล่วงไปก่อนแล้วเข้าในอายุความ เมื่อเหตุที่ทำให้อายุความสะดุดหยุดลงสิ้นสุดเวลาใด ก็เริ่มนับอายุความใหม่ตั้งแต่เวลานั้น.
อายุตกะ 0,น.,"นายส่วย, เจ้าพนักงาน, เจ้าหน้าที่."
อายุธ 0,น.,อาวุธ.
อายุร- 0,น.,อายุ. (ดู อายุ).
อายุรกรรม 0,น.,การรักษาโรคทางยา.
อายุรแพทย์ 0,น.,หมอรักษาโรคทางยา.
อายุรเวช 0,น.,หมอรักษาโรคทางยา.
อายุรเวท 0,น.,"วิชาแพทย์, วิชาที่เกี่ยวกับสุขภาพและการรักษา. (ถือกันว่าเป็นวิชาศักดิ์สิทธิ์และเป็นส่วนหนึ่งของอถรรพเวท)."
อายุรศาสตร์ 0,น.,"ตำราหมอ, วิชาการรักษาโรคทางยา."
อายุวัฒนะ 0,น.,เรียกยาที่ถือว่ากินแล้วมีอายุยืนว่า ยาอายุวัฒนะ.
อายุษ 0,น.,อายุ. (ดู อายุ).
อาร์กอน 0,น.,ธาตุลำดับที่ ๑๘ สัญลักษณ์ Ar เป็นแก๊สเฉื่อย มีปรากฏอยู่ในอากาศประมาณร้อยละ ๐.๙๔ โดยปริมาตร ใช้ประโยชน์นำไปบรรจุในหลอดไฟฟ้าและหลอดเรืองแสง.
อารดี 0,น.,"การเว้น, การเลิก, การหยุด, อารัติ ก็ว่า."
อาร์ต 0,น.,กระดาษมัน หนา เนื้อดี เรียกว่า กระดาษอาร์ต.
อารติ 0,น.,"การเว้น, การเลิก, การหยุด, อารัติ ก็ว่า."
อารทรา 0,น.,"ดาวฤกษ์ที่ ๖ มี ๑ ดวง เห็นเป็นรูปฉัตร, ดาวอัททา ดาวตัวโค หรือ ดาวตาสำเภา ก็เรียก."
อาร์ทีเมีย 0,น.,"ชื่อสัตว์น้ำเค็มขาปล้องหลายชนิด ในสกุล Artemiaวงศ์ Artemiidae ขนาดยาว ๒ เซนติเมตรหรือมากกว่า รยางค์อกมี ๑๑ คู่ แต่ละคู่มีเหงือก เพศผู้มีอวัยวะเพศที่ปล้องท้องปล้องที่ ๑ และ ๒ เพศเมียมีรังไข่ ๑ คู่ที่ปล้องอกปล้องท้าย ๆ สืบพันธุ์ได้ทั้งแบบอาศัยเพศและไม่อาศัยเพศ กินตะไคร่น้ำเป็นส่วนใหญ่ อาศัยอยู่ได้ในทุกระดับความเค็ม พบทั่วโลก นำเข้ามาจากต่างประเทศเพื่อเพาะเลี้ยงเป็นอาหารของสัตว์น้ำ เช่น ชนิด A. franciscanaKellogg,ไรสีน้ำตาล หรือ อาร์ทีเมีย ก็เรียก."
อาร์ม 0,น.,"เครื่องหมายมักเป็นรูปโล่ที่ภายในผูกเป็นลวดลาย ใช้เป็นสัญลักษณ์ของวงศ์ตระกูล สถาบันต่าง ๆ เป็นต้น, เรียกเต็มว่า ตราอาร์ม."
อารมณ์ 0,น.,"สิ่งที่ยึดหน่วงจิตโดยผ่านทางตา หู จมูก ลิ้น กาย และใจ เช่น รูปเป็นอารมณ์ของตา เสียงเป็นอารมณ์ของหู, เครื่องยึดถือเป็นจริงเป็นจัง เช่น เรื่องนี้อย่าเอามาเป็นอารมณ์เลย"
อารมณ์ 1,น.,ความรู้สึกทางใจที่เปลี่ยนแปลงไปตามสิ่งเร้า เช่น อารมณ์รัก อารมณ์โกรธ อารมณ์ดี อารมณ์ร้าย
อารมณ์ 2,น.,"อัธยาศัย, ปรกตินิสัย, เช่น อารมณ์ขัน อารมณ์เยือกเย็น อารมณ์ร้อน"
อารมณ์ 3,น.,"ความรู้สึก เช่น อารมณ์ค้าง ใส่อารมณ์, ความรู้สึกซึ่งมักใช้ไปในทางกามารมณ์ เช่น อารมณ์เปลี่ยว เกิดอารมณ์."
อารมณ์ 4,ว.,"มีอัธยาศัย, มีปรกตินิสัย, เช่น เขาเป็นคนอารมณ์เยือกเย็น เขาเป็นคนอารมณ์ร้อน."
อารมณ์ขัน 0,น.,ลักษณะนิสัยที่มักเห็นเรื่องต่าง ๆ เป็นเรื่องชวนขัน.
อารย- 0,ว.,เจริญ.
อารยชน 0,น.,ชนที่มีอารยธรรม.
อารยชาติ 0,น.,ประเทศที่มีอารยธรรม.
อารยธรรม 0,น.,ความสงบสุขของสังคมที่ตั้งอยู่บนรากฐานแห่งศีลธรรมและกฎหมาย
อารยธรรม 1,น.,"ความเจริญเนื่องด้วยองค์การของสังคม เช่น การเมือง กฎหมาย เศรษฐกิจ โดยเฉพาะอย่างยิ่งอุตสาหกรรม, ความเจริญด้วยขนบธรรมเนียมอันดี."
อารยประเทศ 0,น.,ประเทศที่มีอารยธรรม.
อารยะ 0,ว.,เจริญ.
อารยัน 0,น.,"ชื่อชนชาติหนึ่งซึ่งเป็นต้นเค้าของชาวอินเดียบางพวก ชาวอิหร่าน และชาวยุโรปบางพวก, อริยกะ ก็ว่า."
อาระ 0,น.,เหล้า.
อารักขา 0,ก.,"ป้องกัน, คุ้มครอง, ดูแล."
อารักขา 1,น.,"การป้องกัน, ความคุ้มครอง, ความดูแล."
อารักษ์ 0,น.,"การป้องกัน, ความคุ้มครอง, ความดูแล"
อารักษ์ 1,น.,"เทวดาผู้พิทักษ์รักษา, มักใช้ว่า เทพารักษ์ หรือ อารักษเทวดา."
อารัญ 0,ว.,"อยู่ในป่า, มีในป่า."
อารัญญิก 0,ว.,"เกี่ยวกับป่า, เกิดในป่า, มีในป่า."
อารัณย์ 0,ว.,"อยู่ในป่า, มีในป่า."
อารัณยกะ 0,ว.,"เกี่ยวกับป่า, เกิดในป่า, มีในป่า."
อารัณยกะ 1,น.,ชื่อคัมภีร์ศาสนาพราหมณ์คู่กับคัมภีร์พราหมณะ สำหรับผู้ที่สละทางโลกเข้ามาปฏิบัติธรรมในป่า ลักษณะเนื้อหาไม่แตกต่างกับคัมภีร์พราหมณะมากนัก.
อารัติ 0,น.,"การเว้น, การเลิก, การหยุด, อารดี หรือ อารติ ก็ว่า."
อารัมภ์ 0,น.,การปรารภ มักใช้เป็นส่วนหน้าของคำสมาส เช่น อารัมภบท อารัมภกถา
อารัมภ์ 1,น.,"การเริ่มต้น, การตั้งต้น, ในคำว่า วิริยารัมภะ = การเริ่มต้นความเพียร"
อารัมภ์ 2,น.,ความเพียร.
อารัมภ- 0,น.,การปรารภ มักใช้เป็นส่วนหน้าของคำสมาส เช่น อารัมภบท อารัมภกถา
อารัมภ- 1,น.,"การเริ่มต้น, การตั้งต้น, ในคำว่า วิริยารัมภะ = การเริ่มต้นความเพียร"
อารัมภ- 2,น.,ความเพียร.
อารัมภกถา 0,น.,"คำปรารภ, คำเริ่มต้น, คำนำ."
อารัมภบท 0,น.,"คำปรารภ, คำเริ่มต้น, คำนำ."
อารัมภะ 0,น.,การปรารภ มักใช้เป็นส่วนหน้าของคำสมาส เช่น อารัมภบท อารัมภกถา
อารัมภะ 1,น.,"การเริ่มต้น, การตั้งต้น, ในคำว่า วิริยารัมภะ = การเริ่มต้นความเพียร"
อารัมภะ 2,น.,ความเพียร.
อาราธน์ 0,ก.,"เชื้อเชิญ, นิมนต์, อ้อนวอน, (ใช้แก่พระภิกษุสามเณรและสิ่งศักดิ์สิทธิ์)"
อาราธน์ 1,ก.,ขอ.
อาราธนา 0,ก.,"เชื้อเชิญ, นิมนต์, อ้อนวอน, (ใช้แก่พระภิกษุสามเณรและสิ่งศักดิ์สิทธิ์)"
อาราธนา 1,ก.,ขอ.
อาราธนาธรรม 0,ก.,ขอนิมนต์ให้พระภิกษุหรือสามเณรแสดงธรรม โดยกล่าวคำเป็นภาษาบาลีว่า พฺรหฺมา จ โลกาธิปติ สหมฺปติ … เทเสตุ ธมฺมํ อนุกมฺปิมํ ปชํ.
อาราธนาพระปริตร 0,ก.,ขอนิมนต์ให้พระสงฆ์สวดมนต์ โดยกล่าวคำเป็นภาษาบาลีว่า วิปตฺติปฏิพาหาย … ปริตฺตํ พฺรูถ มงฺคลํ.
อาราธนาศีล 0,ก.,ขอให้พระภิกษุหรือสามเณรให้ไตรสรณคมณ์และศีล โดยกล่าวคำเป็นภาษาบาลีว่า มยํ ภนฺเต ติสรเณน สห … สีลานิ ยาจาม.
อาราม 0,น.,วัด
อาราม 1,น.,สวนเป็นที่น่ารื่นรมย์.
อาราม 2,น.,"ความยินดี, ความรื่นรมย์, ความเพลิดเพลิน."
อาราม 3,ว.,"มุ่งหมายอย่างรีบร้อน, พะวงที่จะทำการใด ๆ, ตั้งหน้าตั้งตา, ใช้นำหน้ากริยา เช่น อารามจะไปเลยลืมกระเป๋าสตางค์."
อารามิก 0,น.,"เกี่ยวกับวัด, ชาววัด."
อารี 0,ว.,"เอื้อเฟื้อ, มีแก่ใจ, มีใจเผื่อแผ่."
อารีอารอบ 0,ว.,มีใจเผื่อแผ่ทั่วไป.
อารุม 0,น.,ต้นชมพู่นํ้าดอกไม้.
อาลปน์ 0,น.,"การพูด, การสนทนา, การเรียก, การทักทาย"
อาลปน์ 1,น.,ในไวยากรณ์ หมายถึง คำที่ใช้เรียกหรือทักทายผู้ที่ตนจะพูดด้วย เช่น “นายแดง แกจะไปไหน” คำ “นายแดง” เป็นอาลปนะ.
อาลปนะ 0,น.,"การพูด, การสนทนา, การเรียก, การทักทาย"
อาลปนะ 1,น.,ในไวยากรณ์ หมายถึง คำที่ใช้เรียกหรือทักทายผู้ที่ตนจะพูดด้วย เช่น “นายแดง แกจะไปไหน” คำ “นายแดง” เป็นอาลปนะ.
อาละวาด 0,ก.,"ทำเกะกะระราน, แสดงอาการดุร้าย เอะอะตึงตัง หรือคลุ้มคลั่ง, เช่น เมาสุราอาละวาด ช้างตกมันอาละวาด."
อาลักษณ์ 0,น.,ผู้ทำหน้าที่ทางหนังสือในราชสำนัก.
อาลักษณ์ 1,น.,"การเห็น, การสังเกต."
อาลัย 0,ก.,"ห่วงใย, พัวพัน, ระลึกถึงด้วยความเสียดาย."
อาลัย 1,น.,"ความห่วงใย, ความพัวพัน, ความระลึกถึงด้วยความเสียดาย."
อาลัย 2,น.,"ที่อยู่, ที่พัก, เช่น ชลาลัย = ที่อยู่แห่งนํ้า หมายถึง ทะเล แม่น้ำ เป็นต้น หิมาลัย = ที่อยู่แห่งหิมะ เป็นชื่อของเทือกเขาสูงอยู่ทางทิศเหนือของอินเดีย ยอดเขามีหิมะปกคลุมตลอดปี."
อาลัยอาวรณ์ 0,ก.,ระลึกถึงด้วยใจผูกพันไม่อยากจากกัน.
อาลัยอาวรณ์ 1,น.,ความระลึกถึงด้วยใจผูกพันไม่อยากจากกัน.
อาลัว 0,น.,"ชื่อขนมชนิดหนึ่ง ใช้แป้งสาลีตั้งไฟกวนกับกะทิ และน้ำตาลทรายจนสุกหยอดเป็นก้อนเล็ก ๆ แล้วผึ่งแดดให้ภายนอกแห้ง แต่ภายในยังเยิ้มเหมือนนํ้ามันตานี. [เทียบอา. ฮะลัว (halãwa) ว่า ความหวาน, ชื่อขนมกวน]."
อาลิ 0,น.,"ทำนบ, คันนา"
อาลิ 1,น.,"แถว, แนว, เช่น พนาลี ว่า แนวป่า."
อาลี 0,น.,"ทำนบ, คันนา"
อาลี 1,น.,"แถว, แนว, เช่น พนาลี ว่า แนวป่า."
อาโลก 0,น.,"แสงสว่าง, ความสว่าง"
อาโลก 1,น.,"การดู, การเห็น, สิ่งที่เห็น."
อาโลก- 0,น.,"แสงสว่าง, ความสว่าง"
อาโลก- 1,น.,"การดู, การเห็น, สิ่งที่เห็น."
อาโลกกสิณ 0,น.,การเจริญสมถกรรมฐานโดยตั้งใจเพ่งแสงสว่างเป็นอารมณ์.
อาโลกนะ 0,น.,"การดู, การเห็น"
อาโลกนะ 1,น.,การตรึกตรอง.
อาว 0,น.,"อาผู้ชาย, น้องชายของพ่อ."
อ่าว 0,น.,ส่วนของมหาสมุทร ทะเล หรือทะเลสาบ ที่ลํ้าเข้าไปในฝั่งหรือในแผ่นดิน มีลักษณะเว้าโค้งและเปิดกว้าง ทำให้มีแนวของชายฝั่งทะเลยาว.
อ้าว 0,ว.,"ร้อนระงม, บางทีก็ใช้เข้าคู่กับคำ อบ เป็น อบอ้าว."
อ้าว 1,ว.,อาการที่เรือหรือรถแล่น หรือคนวิ่งโดยเร็ว เรียกว่า แล่นอ้าว วิ่งอ้าว.
อ้าว 2,อ.,คำที่เปล่งออกมาเมื่อรู้สึกว่าไม่ตรงกับที่มุ่งหมายคาดไว้.
อ้าว 3,น.,"ชื่อปลาน้ำจืดชนิด Raiamas guttatus (Day) ในวงศ์ Cyprinidae ลำตัวยาว เพรียว แบนข้างเล็กน้อย จะงอยปากแหลมยาวล้ำขากรรไกรล่าง ปากกว้าง ตาเล็กอยู่ค่อนไปทางปลายหัว เกล็ดเป็นแบบเกล็ดเรียบ เส้นข้างตัวพาดต่ำ ๆ ใกล้แนวสันท้อง ครีบหลังอยู่ท้ายแนวกึ่งกลางลำตัวและมีก้านครีบ ๙-๑๑ ก้าน ครีบก้นอยู่คล้อยไปข้างท้ายของลำตัวและมีก้านครีบ ๑๓-๑๔ ก้าน ครีบอกอยู่ใกล้แนวสันท้อง ส่วนครีบท้องอยู่ในแนวหน้าครีบหลัง ครีบหางเป็นแฉกลึก บริเวณข้างลำตัวมีจุดสีน้ำเงินดำเรียบเป็นแถวยาวในแนวระดับตา ต่ำลงไปเหนือส่วนท้องจะเป็นจุดประกระจายทั่วไป ครีบต่าง ๆ มีสีอมเหลือง แพนหางตอนล่างมีแถบสีดำพาดตามยาวอยู่ที่ขอบด้านใน พบในเขตต้นน้ำหรือแม่น้ำที่มีพื้นเป็นกรวดทรายน้ำไหลแรงในทุกภาค ขนาดยาวได้ถึง ๒๘ เซนติเมตร, นางอ้าว อ้าว หรือ อ้ายอ้าว ก็เรียก."
อาวแดง 0,น.,ต้นกระเจียว. (ดู กระเจียว).
อ้าวฝน 0,ว.,ร้อนระงมก่อนฝนตก.
อาวรณ์ 0,ก.,"ห่วงใย, อาลัย, คิดกังวลถึง, นิยมใช้เข้าคู่กับคำ อาลัย เป็น อาลัยอาวรณ์."
อาวรณ์ 1,น.,"เครื่องกั้น, เครื่องกำบัง."
อาวัชนาการ 0,น.,ความรำพึง
อาวัชนาการ 1,น.,การรำลึก.
อาวัล 0,น.,การรับประกันการใช้เงินตามตั๋วเงิน.
อาวาส 0,น.,วัด เช่น เจ้าอาวาส ที่อยู่ เช่น พุทธาวาส (พุทธ + อาวาส) คือ ที่ประดิษฐานพระพุทธรูป หมายถึง โบสถ์ วิหาร สังฆาวาส (สังฆ + อาวาส) คือ ที่อยู่ของพระสงฆ์
อาวาส 1,น.,ผู้ครอบครอง เช่น ฆราวาส (ฆร + อาวาส) คือ ผู้ครอบครองเรือน หรือผู้อยู่ครองเรือน.
อาวาสิก 0,น.,ผู้ครอบครองอาวาส คือ พระสงฆ์.
อาวาห- 0,น.,"“การพาหญิงมาอยู่บ้านของตน” หมายถึง การแต่งงานแบบหนึ่งที่ฝ่ายชายจะนำหญิงที่ตนแต่งงานด้วยมาอยู่ที่บ้านของตน เรียกว่า อาวาหมงคล, เป็นประเพณีแต่งงานที่นิยมปฏิบัติกันในประเทศอินเดียฝ่ายเหนือ."
อาวาหะ 0,น.,"“การพาหญิงมาอยู่บ้านของตน” หมายถึง การแต่งงานแบบหนึ่งที่ฝ่ายชายจะนำหญิงที่ตนแต่งงานด้วยมาอยู่ที่บ้านของตน เรียกว่า อาวาหมงคล, เป็นประเพณีแต่งงานที่นิยมปฏิบัติกันในประเทศอินเดียฝ่ายเหนือ."
อาวุต 0,ว.,"ต้องห้าม, กั้นหรือขวางไว้."
อาวุธ 0,น.,เครื่องมือที่ใช้ในการทำร้าย ทำลาย ป้องกัน ต่อสู้ หรือฆ่า
อาวุธ 1,น.,โดยปริยายหมายถึงสิ่งที่มีลักษณะคล้ายคลึงเช่นนั้น เช่น ใช้ปัญญาเป็นอาวุธ
อาวุธ 2,น.,สิ่งซึ่งโดยสภาพได้จัดทำขึ้นเพื่อใช้ประทุษร้ายร่างกายของบุคคล และรวมถึงสิ่งซึ่งไม่เป็นอาวุธโดยสภาพแต่ซึ่งได้ใช้หรือเจตนาจะใช้ประทุษร้ายร่างกายถึงอันตรายสาหัสอย่างอาวุธ.
อาวุโส 0,ว.,ที่มีอายุแก่กว่าหรือมีตำแหน่งหน้าที่การงานสูงกว่าเป็นต้น เช่น ข้าราชการอาวุโส ครูอาวุโส ศิลปินอาวุโส.
อาวุโส 1,น.,ความมีอายุมากกว่าหรือมีประสบการณ์ในอาชีพมากกว่าเป็นต้น เช่น เขามีอาวุโสในการทำงาน ผู้มีอาวุโสทางการเมือง.
อาเวค 0,น.,"อารมณ์, ความรู้สึก, ความสะเทือนใจ."
อาเวศ 0,น.,ทาง เช่น พนาเวศ ว่า ทางป่า.
อาศรม 0,น.,ที่อยู่ของนักพรต.
อาศรมบท 0,น.,ที่อยู่ของนักพรต.
อาศเลษา 0,น.,"ดาวฤกษ์ที่ ๙ มี ๕ ดวง เห็นเป็นรูปแขนคู้หรือพ้อม, ดาวเรือน หรือ ดาวนกอยู่ในปล่อง ก็เรียก."
อาศัย 0,ก.,"พักพิง, พักผ่อน"
อาศัย 1,ก.,พึ่ง
อาศัย 2,ก.,อ้างถึง เช่น อาศัยความตามมาตราที่ … (ส.).
อาศัยที่ 0,สัน.,"เนื่องจาก, โดยเหตุที่."
อาศัยลำแข้งตัวเอง 0,ก.,"ช่วยตัวเอง, พึ่งลำแข้งตัวเอง ก็ว่า."
อาศัยว่า 0,สัน.,"เนื่องจาก, โดยเหตุที่."
อาศิร- 0,น.,การอวยพร.
อาศิร- 1,น.,เขี้ยวงู.
อาศิรพจน์ 0,น.,คำอวยพร (เป็นคำที่ผู้น้อยใช้กับผู้ใหญ่).
อาศิรพาท 0,น.,คำอวยพร (เป็นคำที่ผู้น้อยใช้กับผู้ใหญ่).
อาศิรพิษ 0,น.,"“ผู้มีพิษในเขี้ยว” คือ งู, อสรพิษ."
อาศิรวจนะ 0,น.,คำอวยพร (เป็นคำที่ผู้น้อยใช้กับผู้ใหญ่).
อาศิรวาท 0,น.,คำอวยพร (เป็นคำที่ผู้น้อยใช้กับผู้ใหญ่).
อาศิรวิษ 0,น.,"“ผู้มีพิษในเขี้ยว” คือ งู, อสรพิษ."
อาศีรพิษ 0,น.,"“ผู้มีพิษในเขี้ยว” คือ งู, อสรพิษ."
อาศีรวิษ 0,น.,"“ผู้มีพิษในเขี้ยว” คือ งู, อสรพิษ."
อาศุ 0,ว.,"เร็ว, ไว, คล่อง."
อาเศียร- 0,น.,การอวยพร.
อาเศียรพจน์ 0,น.,คำอวยพร (เป็นคำที่ผู้น้อยใช้กับผู้ใหญ่).
อาเศียรพาท 0,น.,คำอวยพร (เป็นคำที่ผู้น้อยใช้กับผู้ใหญ่).
อาเศียรวจนะ 0,น.,คำอวยพร (เป็นคำที่ผู้น้อยใช้กับผู้ใหญ่).
อาเศียรวาท 0,น.,คำอวยพร (เป็นคำที่ผู้น้อยใช้กับผู้ใหญ่).
อาษาฒ 0,น.,เดือนที่ ๘ แห่งเดือนจันทรคติ.
อาสน์ 0,น.,"ที่นั่ง, เครื่องปูรองนั่ง, (ใช้เฉพาะพระภิกษุสามเณร)."
อาสน 0,ก.,ปรารถนา. (ปรัดเล)
อาสน 1,ก.,ขัดสน.
อาสน- 0,น.,"ที่นั่ง, เครื่องปูรองนั่ง, (ใช้เฉพาะพระภิกษุสามเณร)."
อาสนศาลา 0,น.,โรงฉันอาหาร (ใช้แก่พระสงฆ์).
อาสน์สงฆ์ 0,น.,ที่ยกพื้นสำหรับพระสงฆ์นั่ง.
อาสนะ 0,น.,"ที่นั่ง, เครื่องปูรองนั่ง, (ใช้เฉพาะพระภิกษุสามเณร)."
อาสัญ 0,น.,ความตาย.
อาสัญ 1,ก.,ตาย เช่น โทษลูกนี้ผิดเป็นนักหนา ดังแกล้งผลาญมารดาให้อาสัญ (สังข์ทอง).
อาสัตย์ 0,ว.,"ไม่ซื่อสัตย์, ไม่ซื่อตรง, กลับกลอก, เช่น คนอาสัตย์, อสัตย์ ก็ว่า."
อาสันนะ 0,ว.,"ใกล้, เกือบ."
อาสา 0,ก.,เสนอตัวเข้ารับทำ.
อาสา 1,น.,"ความหวัง เช่น นิราสา = ความหวังหมดแล้ว คือ ความหมดหวัง, ความต้องการ, ความอยาก."
อาสาสมัคร 0,ว.,ที่เสนอตัวเข้าทำงานด้วยความสมัครใจ เช่น ทหารอาสาสมัคร.
อาสาสมัคร 1,น.,บุคคลที่เสนอตัวเข้าทำงานด้วยความสมัครใจ เช่น เขาเป็นอาสาสมัคร.
อาสาฬห์ 0,น.,เดือนที่ ๘ แห่งเดือนจันทรคติ.
อาสาฬห- 0,น.,เดือนที่ ๘ แห่งเดือนจันทรคติ.
อาสาฬหบูชา 0,น.,การบูชาในวันเพ็ญเดือน ๘ ซึ่งเป็นวันที่พระพุทธเจ้าทรงแสดงปฐมเทศนา.
อาสิญจ์ 0,ก.,"โปรย, รด, หลั่ง, ประพรม."
อาสิน 0,น.,ผลประโยชน์รายได้อันเกิดจากต้นผลไม้.
อาสูร 0,ก.,สงสาร เช่น อาสูรสองหลานเอย ย่อมเสวยเคยข้าวสาลี (ม. คำหลวง ทานกัณฑ์)
อาสูร 1,ก.,เอ็นดู
อาสูร 2,ก.,กังวล.
อาแสะ 0,น.,กริช.
อาหตะ 0,ว.,"ถูกตี, โดนตี."
อาหนี 0,น.,เหล้าชนิดหนึ่งผสมด้วยเมล็ดผลไม้ซึ่งมีกลิ่นหอมฉุน.
อาหนู 0,น.,ชื่อเพลงไทยอัตรา ๒ ชั้น หน้าทับสองไม้
อาหนู 1,น.,ชื่อเพลงไทยประเภทเพลงเถา.
อาหม 0,น.,"ชนชาติไทใหญ่สาขาหนึ่ง ที่เข้าไปอยู่ในแคว้นอัสสัม ประเทศอินเดีย เมื่อราวพุทธศตวรรษที่ ๑๘, อะหม ก็ว่า."
อาหระ 0,น.,การนำมา
อาหระ 1,น.,การถือเอา.
อาหรัดกัดติกา 0,น.,"ม้าใช้, ม้าเร็ว."
อาหรับ 0,น.,ชื่อชนชาติผิวขาวพวกหนึ่งอยู่ทางทิศตะวันตกเฉียงใต้ของทวีปเอเชีย.
อาหลักอาเหลื่อ 0,ว.,"อึดอัดใจ, ลำบากใจ, อลักเอลื่อ อิหลักอิเหลื่อ หรือ อีหลักอีเหลื่อ ก็ว่า."
อาหาร 0,น.,"ของกิน, เครื่องคํ้าจุนชีวิต, เครื่องหล่อเลี้ยงชีวิต, เช่น อาหารเช้า อาหารปลา อาหารนก"
อาหาร 1,น.,โดยปริยายหมายถึงสิ่งที่มีลักษณะคล้ายคลึงเช่นนั้น เช่น อาหารตา อาหารใจ.
อาหารว่าง 0,น.,"ของกินนอกเวลากินอาหารตามปรกติ มักกินในเวลาบ่าย, ของว่าง ก็ว่า, ราชาศัพท์ใช้ว่า เครื่องว่าง."
อาหุดี 0,น.,การเซ่นสรวง.
อาฬหก 0,น.,ชื่อมาตราตวงในบาลี คือ ๔ นาฬี เป็น ๑ อาฬหก
อาฬหก 1,น.,เสาตะลุง.
อาฬาริก 0,น.,คนครัว.
อ่าองค์ 0,ก.,แต่งตัว เช่น ลูบไล้สุคนธาอ่าองค์ บรรจงทรงเครื่องวันอาทิตย์ (อิเหนา).
อำ 0,ก.,"ปิดบัง, ปกปิด"
อำ 1,ก.,"พูดหลอกเพื่อให้ตกใจหรือขบขันเป็นต้น, พูดดักคอ."
อ่ำ 0,น.,เวลาคํ่า.
อ่ำ 1,ว.,"มืดคลุ้ม, มัว, (กลอน) แผลงเป็น ชอ่ำ หรือ ชรอ่ำ ก็มี."
อำแดง 0,น.,คำนำหน้าชื่อหญิงสามัญ.
อำนด 0,ก.,"กลั้น, งดเว้น, ไม่ได้, ไม่ได้สมหวัง"
อำนด 1,ก.,ไม่มีอะไรจะกิน.
อำนนต์ 0,ว.,"อนันต์, ไม่มีที่สุด, มากล้น."
อำนรรฆ 0,ว.,"หาค่ามิได้, เกินที่จะประเมินราคาได้."
อำนวย 0,ก.,ให้.
อำนาจ 0,น.,สิทธิ เช่น มอบอำนาจ
อำนาจ 1,น.,ความสามารถหรือสิ่งที่สามารถทำหรือบันดาลให้เกิดสิ่งใดสิ่งหนึ่งได้ เช่น อำนาจคุณพระศรีรัตนตรัย อำนาจสิ่งศักดิ์สิทธิ์
อำนาจ 2,น.,"กำลัง, พลัง เช่น อำนาจจิต อำนาจฝ่ายสูง อำนาจฝ่ายต่ำ"
อำนาจ 3,น.,ความรุนแรง เช่น ชอบใช้อำนาจ
อำนาจ 4,น.,การบังคับบัญชา เช่น อยู่ใต้อำนาจ
อำนาจ 5,น.,การบังคับ เช่น ขออำนาจศาล
อำนาจ 6,น.,พลังบังคับให้การเป็นไปหรือไม่เป็นไป หรือให้ต้องปฏิบัติหรือไม่ปฏิบัติการอย่างหนึ่งอย่างใด หรือส่งผลให้เกิดสิ่งหนึ่งสิ่งใด เช่น อำนาจบังคับการให้เป็นไปตามกฎหมาย อำนาจบังคับบัญชา.
อำนาจบาตรใหญ่ 0,น.,อำนาจที่ใช้ในทางข่มขี่ เช่น ถือว่ามีอำนาจบาตรใหญ่รังแกใครได้ก็ตามใจชอบ.
อำนาจมืด 0,น.,อิทธิพลที่ไม่ถูกต้องตามกฎหมายหรือระเบียบเป็นต้น ที่บังคับให้ผู้อื่นต้องยอมทำตาม.
อำนาถ 0,ว.,"น่าสงสาร, น่าสังเวช, น่าสลดใจ."
อำนิฐ 0,ว.,"น่าปรารถนา, เป็นที่พอใจ, ต้องใจ, น่ารัก."
อำนิษฐ์ 0,ว.,"น่าปรารถนา, เป็นที่พอใจ, ต้องใจ, น่ารัก."
อำปลัง 0,ก.,เคลือบคลุม.
อำพน 0,ว.,"มาก, ดาษดื่น, ล้วน, เช่น อำพนไปด้วยแก้วมณี"
อำพน 1,ว.,"น่าดู, งาม, งามสล้าง, เช่น ปราสาทอำพน, (โบ) ใช้ว่า อำพล ก็มี เช่น ปราการ สะพาน ถนน อำพลด้วย (ไม้ไหล) ทั้งหลายคำนับ (จารึกสยาม)."
อำพราง 0,ก.,"ปิดบังโดยลวงให้เข้าใจไปทางอื่น, พูดหรือแสดงอาการไม่ให้รู้ความจริง."
อำพราง 1,ว.,ที่ปิดบังโดยลวงให้เข้าใจไปทางอื่น เช่น ฆาตกรรมอำพราง.
อำพล 0,ว.,อำพน.
อำพะนำ 0,ว.,"นิ่งอึ้งไม่พูดจา, อมพะนำ ก็ว่า."
อำพัน 0,น.,ยางไม้ที่แข็งเป็นก้อน สีเหลืองใสเป็นเงา.
อำพันขี้ปลา 0,น.,วัตถุสีเทาและสีเหลือง มีกลิ่นหอม ลอยอยู่ในทะเลหรือริมฝั่งทะเลของประเทศแถบร้อน เข้าใจว่าเป็นขี้ปลาวาฬชนิดหนึ่ง ใช้เป็นเครื่องยาไทย.
อำพันทอง 0,น.,วัตถุสีเทาและสีเหลือง มีกลิ่นหอม ลอยอยู่ในทะเลหรือริมฝั่งทะเลของประเทศแถบร้อน เข้าใจว่าเป็นขี้ปลาวาฬชนิดหนึ่ง ใช้เป็นเครื่องยาไทย.
อำไพ 0,ว.,งาม
อำไพ 1,ว.,"สว่าง, สุกใส."
อำเภอ 0,น.,หน่วยปกครองที่รวมตำบลหลายตำบลให้อยู่ในความปกครองอันเดียวกันและได้มีพระราช-กฤษฎีกาจัดตั้งเป็นอำเภอ อำเภอเป็นหน่วยราชการบริหารรองจากจังหวัด.
อำเภอใจ 0,น.,ความคิดเห็นโดยเอาแต่ใจตัว.
อำมร 0,น.,เทวดา. (ป. อมร ว่า ผู้ไม่ตาย หมายถึง เทวดา).
อำมฤคโชค 0,น.,โชคดี.
อำมฤต 0,น.,น้ำทิพย์ เรียกว่า น้ำอำมฤต
อำมฤต 1,น.,เครื่องทิพย์. (ส. อมฤต; ป. อมต).
อำมหิต 0,ว.,"ดุร้าย, ร้ายกาจ, ทารุณ, เหี้ยมโหด."
อำมาตย์ 0,น.,"ข้าราชการ, ข้าทูลละอองธุลีพระบาท"
อำมาตย์ 1,น.,"ลูกขุน, ขุนนาง, ข้าราชการฝ่ายพลเรือน. (ส. อมาตฺย; ป. อมจฺจ)."
อำมาตย- 0,น.,"ข้าราชการ, ข้าทูลละอองธุลีพระบาท"
อำมาตย- 1,น.,"ลูกขุน, ขุนนาง, ข้าราชการฝ่ายพลเรือน. (ส. อมาตฺย; ป. อมจฺจ)."
อำยวน 0,น.,ความลับ.
อำยวน 1,ก.,"ปิดบัง, พราง, อำพราง."
อำรุง 0,ก.,"บำรุง, เลี้ยงดู, ทะนุถนอม."
อำลา 0,ก.,ลาจากไป (มักใช้ในกรณีพิเศษ).
อำอวม 0,ว.,"ที่ปิดบังความจริง (ใช้แก่กริยาพูด), อวมอำ ก็ว่า."
อ้ำอึ้ง 0,ก.,"นิ่งอั้นไม่ยอมพูด, พูดไม่ออกด้วยจนใจหรือจนปัญญา, ไม่รู้จะพูดอะไร."
อิก 0,ว.,อีก.
อิง 0,ก.,พิง เช่น อิงหมอน
อิง 1,ก.,"พึ่ง, อาศัย, บางทีใช้เข้าคู่กับคำ อาศัย เป็น อิงอาศัย."
อิงค์ 0,น.,"ท่าทาง, อาการ, มักใช้เป็นส่วนท้ายของคำสมาส เช่น พุทธสิหิงค์ ซึ่งเป็นนามพระพุทธรูป หมายความว่า พระพุทธรูปที่มีท่าทางสง่างามดุจราชสีห์."
อิงอร 0,ก.,เคล้าเคลีย.
อิงแอบ 0,ก.,"แนบชิด, แอบอิง ก็ว่า."
อิจฉา 0,ก.,เห็นเขาได้ดีแล้วไม่พอใจ อยากจะมีหรือเป็นอย่างเขาบ้าง (มีความหมายเบากว่า ริษยา).
อิฉัน 0,ส.,"คำใช้แทนตัวผู้พูด เพศหญิง เป็นคำสุภาพ, อีฉัน ก็ว่า, (แบบ) ผู้ชายใช้ว่า ดิฉัน หรือ ดีฉัน ผู้หญิงใช้ว่า อิฉัน หรือ อีฉัน, เป็นสรรพนามบุรุษที่ ๑."
อิชยา 0,น.,"การบูชา, การเซ่นสรวง."
อิฏฐ- 0,ว.,"น่าปรารถนา, เป็นที่พอใจ, ต้องใจ, น่ารัก."
อิฏฐารมณ์ 0,น.,"อารมณ์หรือสิ่งที่น่าปรารถนาน่าพอใจ ได้แก่ ลาภ ยศ สรรเสริญ สุข, ตรงข้ามกับ อนิฏฐารมณ์."
อิฐ- 0,ว.,"น่าปรารถนา, เป็นที่พอใจ, ต้องใจ, น่ารัก."
อิฐ 0,น.,ดินเผามีลักษณะเป็นทรงสี่เหลี่ยมผืนผ้าใช้ก่อตึกและกำแพงเป็นต้น
อิฐ 1,น.,โดยปริยายใช้เรียกสิ่งที่มีลักษณะคล้ายคลึงเช่นนั้น เช่น อิฐบล็อก.
อิฐ 2,ว.,สีอย่างสีอิฐใหม่ เรียกว่า สีอิฐ.
อิฐผล 0,น.,ผลเป็นที่พอใจ.
อิณะ 0,น.,หนี้ เช่น ราชิณ (ราช + อิณ) ว่า หนี้หลวง.
อิด 0,ก.,"โรยแรง, อ่อนกำลัง, อ่อนแรง."
อิด ๆ ออด ๆ 0,ก.,แสดงอาการไม่เต็มใจ.
อิด ๆ เอื้อน ๆ 0,ก.,"ไม่กล้าที่จะพูด, กล่าวไม่เต็มปาก"
อิด ๆ เอื้อน ๆ 1,ก.,"แสดงอาการไม่สู้เต็มใจ, กระอิดกระเอื้อน ก็ว่า."
อิดโรย 0,ก.,"อ่อนเพลีย, ละเหี่ย."
อิดหนาระอาใจ 0,ก.,"เบื่อหน่าย, เอือมระอา."
อิดออด 0,ก.,แสดงอาการไม่เต็มใจ.
อิดเอื้อน 0,ก.,"ไม่กล้าที่จะพูด, กล่าวไม่เต็มปาก"
อิดเอื้อน 1,ก.,"แสดงอาการไม่สู้เต็มใจ, กระอิดกระเอื้อน ก็ว่า."
อิตถี 0,น.,หญิง.
อิตถีลิงค์ 0,น.,"เพศของคำในภาษาบาลี ที่ไม่จัดเป็นปุงลิงค์และนปุงสกลิงค์ เช่น ธานี (เมือง), สันสกฤตใช้ว่า สตรีลิงค์ หรือสตรีลึงค์."
อิตเทรียม 0,น.,ธาตุลำดับที่ ๓๙ สัญลักษณ์ Y เป็นโลหะ ลักษณะเป็นของแข็งสีเทาเข้ม หลอมละลายที่ ๑๕๐๐ °ซ. ใช้ประโยชน์นำไปผสมกับโลหะอื่นให้เป็นโลหะเจือ ใช้ในเทคโนโลยีนิวเคลียร์.
อิตเทอร์เบียม 0,น.,ธาตุลำดับที่ ๗๐ สัญลักษณ์ Yb เป็นโลหะ ลักษณะเป็นของแข็งเป็นเงาวาว หลอมละลายที่ ๘๒๔ °ซ.
อิติวุตตกะ 0,น.,ชื่อคัมภีร์ในพระพุทธศาสนา เป็น ๑ ใน ๙ ส่วนของคัมภีร์นวังคสัตถุศาสน์. (ป.). (ดู นวังคสัตถุศาสน์ ประกอบ).
อิทธิ 0,น.,"ฤทธิ์, อำนาจศักดิ์สิทธิ์"
อิทธิ 1,น.,"ความเจริญ, ความสำเร็จ, ความงอกงาม."
อิทธิ- 0,น.,"ฤทธิ์, อำนาจศักดิ์สิทธิ์"
อิทธิ- 1,น.,"ความเจริญ, ความสำเร็จ, ความงอกงาม."
อิทธิปาฏิหาริย์ 0,น.,"ฤทธิ์เป็นอัศจรรย์ หมายถึง การแสดงฤทธิ์ที่พ้นวิสัยของสามัญมนุษย์ได้อย่างน่าอัศจรรย์, เป็นปาฏิหาริย์อย่าง ๑ ในปาฏิหาริย์ ๓ ได้แก่ อิทธิปาฏิหาริย์ อาเทสนาปาฏิหาริย์ และอนุสาสนีปาฏิหาริย์."
อิทธิพล 0,น.,"กำลังที่ยังผลให้สำเร็จ, อำนาจซึ่งแฝงอยู่ในบุคคลหรือรัฐ ซึ่งสามารถบันดาลให้เป็นไปตามความประสงค์, อำนาจที่สามารถบันดาลให้ผู้อื่นต้องคล้อยตามหรือทำตาม, อำนาจที่สามารถบันดาลให้เป็นไปได้ต่าง ๆ เช่น อิทธิพลของดวงดาว, อำนาจนอกเหนือหน้าที่ เช่น ใช้อิทธิพลบังคับให้ยอม."
อิทธิฤทธิ์ 0,น.,อำนาจศักดิ์สิทธิ์
อิทธิฤทธิ์ 1,น.,อำนาจ.
อิน 0,น.,ชื่อลูกจันชนิดหนึ่ง ลูกกลมแป้นกลางบุ๋ม ไม่มีเมล็ด เรียกว่า ลูกจันอิน. (ดู จัน).
อินซูลิน 0,น.,ฮอร์โมนประเภทโปรตีนชนิดหนึ่ง ซึ่งหย่อมเซลล์แลงเกอร์ฮานส์ (islets of Langerhans) ในตับอ่อนผลิตขึ้น มีสมบัติควบคุมการเผาผลาญนํ้าตาลในร่างกาย ในทางแพทย์ใช้เป็นสารลดระดับนํ้าตาลในเลือดของผู้ป่วยโรคเบาหวาน.
อินเดีย 0,น.,ชื่อประเทศและชนชาติหนึ่งในเอเชียใต้ อยู่ทางทิศตะวันตกของประเทศพม่า.
อินเดียนแดง 0,น.,ชนชาวพื้นเมืองดั้งเดิมพวกหนึ่งในทวีปอเมริกา.
อินเดียม 0,น.,ธาตุลำดับที่ ๔๙ สัญลักษณ์ In เป็นโลหะ ลักษณะเป็นของแข็ง เนื้ออ่อน สีขาวเงิน หลอมละลายที่ ๑๕๖.๒ °ซ. ใช้ประโยชน์ได้หลายอย่าง เช่นทำอุปกรณ์เครื่องอิเล็กทรอนิกส์ ผสมกับโลหะอื่นให้เป็นโลหะเจือที่ใช้ในงานทันตกรรม ชุบฉาบผิวเหล็กซึ่งเคลือบด้วยเงินแล้ว.
อินท์ 0,น.,"ชื่อเทวราชผู้เป็นใหญ่ในสวรรค์ชั้นดาวดึงส์และชั้นจาตุมหาราช, พระอินทร์"
อินท์ 1,น.,ผู้เป็นใหญ่.
อินทขีล 0,น.,"เสาหรือหลักหน้าประตูเมือง, หลักเมือง, เสาเขื่อน."
อินทนิล 0,น.,ชื่อไม้ต้นชนิด Lagerstroemia speciosa (L.) Pers. ในวงศ์ Lythraceae ดอกสีม่วงแดงหรือชมพู ออกเป็นช่อตั้งตรง เมล็ดและใบใช้ทำยาได้.
อินทนิลน้ำ 0,น.,ชื่อไม้ต้นชนิด Lagerstroemia speciosa (L.) Pers. ในวงศ์ Lythraceae ดอกสีม่วงแดงหรือชมพู ออกเป็นช่อตั้งตรง เมล็ดและใบใช้ทำยาได้.
อินทผลัม 0,น.,"ชื่อปาล์มชนิด Phoenix dactylifera L. ในวงศ์ Palmae ผลกินได้, (ปาก) อินทผาลัม."
อินทร์ 0,น.,ชื่อเทวราชผู้เป็นใหญ่ในสวรรค์ชั้นดาวดึงส์และชั้นจาตุมหาราช
อินทร์ 1,น.,ผู้เป็นใหญ่.
อินทร- 0,น.,ชื่อเทวราชผู้เป็นใหญ่ในสวรรค์ชั้นดาวดึงส์และชั้นจาตุมหาราช
อินทร- 1,น.,ผู้เป็นใหญ่.
อินทรชิต 0,น.,ชื่อไม้พุ่ม ๒ ชนิดในสกุล Opuntia วงศ์ Cactaceae ลำต้นแบนอวบนํ้า มีหนามแข็งเป็นกระจุกทั่วไป คือ ชนิด O. elatiorMill. และชนิด O. humifusa (Raf.) Raf. ชนิดหลัง หนามเสมา ก็เรียก.
อินทรธนู 0,น.,รุ้ง (แถบสีโค้งบนท้องฟ้า)
อินทรธนู 1,น.,เครื่องประดับบ่าอย่างหนึ่งเพื่อแสดงยศเป็นต้น
อินทรธนู 2,น.,ชื่อลายขอบที่เป็นกระหนก.
อินทรวงศ์ 0,น.,ชื่อฉันท์ ๑๒ แบบหนึ่ง หมายความว่า ฉันท์ที่มีสำเนียงไพเราะดุจเสียงปี่ของพระอินทร์ วรรคหน้ามี ๕ คำ วรรคหลังมี ๗ คำ รวม ๒ วรรค เป็น ๑ บาท นับ ๒ บาท เป็น ๑ บท คำที่ ๓ ของวรรคหน้ากับคำที่ ๑ ที่ ๒ ที่ ๔ และที่ ๖ ของวรรคหลังเป็นลหุ นอกนั้นเป็นครุ คำสุดท้ายของวรรคที่ ๒ รับสัมผัสกับคำสุดท้ายของวรรคที่ ๓ เช่น อิลราช).C1518
อินทรวิเชียร 0,น.,ชื่อฉันท์ ๑๑ แบบหนึ่ง หมายความว่า ฉันท์ที่มีลีลาอันรุ่งเรืองงดงามดุจสายฟ้าซึ่งเป็นอาวุธของพระอินทร์ วรรคหน้ามี ๕ คำ วรรคหลังมี ๖ คำ รวม ๒ วรรค เป็น ๑ บาท นับ ๒ บาท เป็น ๑ บท คำที่ ๓ ของวรรคหน้ากับคำที่ ๑ ที่ ๒ และที่ ๔ ของวรรคหลังเป็นลหุ นอกนั้นเป็นครุ คำสุดท้ายของวรรคที่ ๒ รับสัมผัสกับคำสุดท้ายของวรรคที่ ๓ แต่เดิมไม่นิยมสัมผัสระหว่างคำสุดท้ายของวรรคที่ ๑ กับคำที่ ๓ ของวรรคที่ ๒ เช่น (อิลราช). แต่ต่อมานิยมสัมผัสระหว่างคำสุดท้ายของวรรคที่ ๑ กับคำที่ ๓ ของวรรคที่ ๒ อย่างเดียวกับกาพย์ยานี ๑๑ เพราะถือว่าไพเราะ เช่น+C1722
อินทรศักดิ์ 0,น.,"พระอินทราณี, ชายาพระอินทร์."
อินทราณี 0,น.,ชายาพระอินทร์.
อินทราภิเษก 0,น.,เรียกลักษณะพิเศษ ๓ ประการ คือ ๑. พระอินทร์นำเอาเครื่องราชกกุธภัณฑ์มาถวาย เมื่อจะได้ราชสมบัติ ๒. เสี่ยงราชรถมาจดฝ่าพระบาท และ ๓. เหาะเอาฉัตรทิพย์มากางกั้น
อินทราภิเษก 1,น.,การที่พระเจ้าแผ่นดินทำพิธีราชาภิเษกอีกครั้งหนึ่ง เมื่อปราบพระเจ้าแผ่นดินอื่นให้อยู่ในอำนาจได้มาก เพื่อยกพระองค์ขึ้นเป็นใหญ่เหนือพระเจ้าแผ่นดินทั้งหลาย.
อินทรายุธ 0,น.,"สายรุ้ง, สายฟ้า, อาวุธพระอินทร์."
อินทรี 0,น.,ชื่อนกขนาดใหญ่หลายชนิด ในวงศ์ Accipitridae ขามีขนปกคลุม เล็บและกรงเล็บแข็งแรงใช้ในการจับเหยื่อ บินร่อนเป็นวงกลมในระดับสูงเพื่อจ้องหาเหยื่อ ทำรังแบบง่าย ๆ ด้วยกิ่งไม้บนต้นไม้สูง เช่น อินทรีหัวสีนวล [ Haliaeetus leucoryphus (Pallas)]อินทรีดำ [I ctinaetus malayensis (Temminck)] อินทรีหัวไหล่ขาว ( Aquila heliaca Savigny).
อินทรี 1,น.,ชื่อปลาทะเลขนาดใหญ่ทุกชนิดในสกุล Scomberomorus วงศ์ Scombridae ลำตัวแบนข้างเรียวยาว คอดหางเล็กมีสันเนื้อ ๓ แนวอยู่ที่โคนหาง หัวแหลม ปากกว้าง ปลายขากรรไกรบนและล่างยาวเสมอกัน เกล็ดเป็นแบบเกล็ดเรียบมีขนาดเล็กมาก ด้านหลังมีสีเทาดำอมฟ้าหรือน้ำเงิน ด้านท้องมีสีเงิน ข้างลำตัวมีลวดลายเป็นสีดำคล้ำแตกต่างกันชัดเจนระหว่างชนิดและเป็นที่มาของชื่อ คือ อินทรีบั้ง [ S. commerson (Lacepède)] อินทรีจุด [ S. guttatus (Bloch & Schneider)] อินทรีแท่งหรืออินทรีแท่งดินสอ [ S. lineolatus Cuvier].
อินทรีย์ 0,น.,ร่างกายและจิตใจ เช่น สำรวมอินทรีย์
อินทรีย์ 1,น.,สติปัญญา เช่น อินทรีย์แก่กล้า
อินทรีย์ 2,น.,สิ่งมีชีวิต.
อินทรีย- 0,น.,ร่างกายและจิตใจ เช่น สำรวมอินทรีย์
อินทรีย- 1,น.,สติปัญญา เช่น อินทรีย์แก่กล้า
อินทรีย- 2,น.,สิ่งมีชีวิต.
อินทรียโคจร 0,ว.,"อยู่ในเขตความรู้สึก, ซึ่งรู้สึกได้."
อินทรียญาณ 0,น.,ความรู้สึก.
อินทรียสังวร 0,น.,ความสำรวมอินทรีย์ ๖ คือ ตา หู จมูก ลิ้น กาย ใจ ไม่ให้ยินดียินร้ายในเวลาเห็นรูป ฟังเสียง ดมกลิ่น ลิ้มรส ถูกต้องโผฏฐัพพะ รู้ธรรมารมณ์ด้วยใจ.
อินทีวร 0,น.,ดอกบัวสีนํ้าเงิน.
อินทุ 0,น.,พระจันทร์.
อินธน์ 0,น.,การจุดไฟ
อินธน์ 1,น.,"เชื้อไฟ, ไม้สำหรับติดไฟ, มักใช้เป็นส่วนท้ายของสมาส เช่น นิรินธน์ ว่า ไม่มีเชื้อไฟ."
อินฟราเรด 0,น.,"รังสีแม่เหล็กไฟฟ้าซึ่งมีย่านของการแผ่รังสีที่มีช่วงคลื่นประมาณระหว่าง ๗.๘ x ๑๐^-๗ เมตร กับ ๑ มิลลิเมตร, รังสีความร้อน ก็เรียก."
อินัง 0,ก.,"เอาใจใส่, เอาใจช่วย, ดูแล, เหลียวแล, นำพา, (มักใช้ในความปฏิเสธ) เช่น ไม่อินัง ไม่อินังขังขอบ หมายความว่า ไม่เอาใจใส่."
อินังขังขอบ 0,ก.,"เอาใจใส่, เอาใจช่วย, ดูแล, เหลียวแล, นำพา, (มักใช้ในความปฏิเสธ) เช่น ไม่อินัง ไม่อินังขังขอบ หมายความว่า ไม่เอาใจใส่."
อิ่ม 0,ก.,"เต็มแล้ว, พอแล้ว, หายหิว, หายอยาก."
อิ่ม 1,ว.,"เบิกบาน, แช่มชื่น, เช่น หน้าอิ่ม."
อิ่มใจ 0,ก.,"ปลื้มใจ, สบายใจ, ภูมิใจ, ปีติยินดี."
อิ่มตัว 0,ว.,เต็มที่แล้ว.
อิ่มหนำ 0,ว.,"อิ่มเต็มที่ (ใช้แก่กริยากิน), อิ่มหนำสำราญ ก็ว่า."
อิ่มหมีพีมัน 0,ว.,ได้รับการเลี้ยงดูอย่างเต็มที่.
อิ่มอกอิ่มใจ 0,ก.,"ปลื้มใจ, สบายใจ, ภูมิใจ, ปีติยินดี."
อิ่มเอม 0,ว.,"เป็นที่พอใจมาก, มักใช้เข้าคู่กับคำ เปรมใจ หรือ เปรมปรีดิ์ เป็น อิ่มเอมเปรมใจ หรือ อิ่มเอมเปรมปรีดิ์."
อิ่มเอิบ 0,ว.,"แช่มชื่น, สดชื่น, เช่น หน้าตาอิ่มเอิบ"
อิ่มเอิบ 1,ว.,"ปลาบปลื้ม, สบายใจมาก, เช่น จิตใจอิ่มเอิบ."
อิมัลชัน 0,น.,สารผสมที่ประกอบด้วยของเหลวต่างชนิดกันตั้งแต่ ๒ ชนิดขึ้นไป ผสมกันอยู่ในลักษณะซึ่งของเหลวชนิดหนึ่งเป็นอย่างน้อยอยู่ในสภาพเป็นเม็ดเล็ก ๆ ลอยแผ่กระจายทั่วโดยสมํ่าเสมอ.
อิริเดียม 0,น.,ธาตุลำดับที่ ๗๗ สัญลักษณ์ Ir เป็นโลหะ ลักษณะเป็นของแข็งสีขาวคล้ายเงิน เนื้อแข็งมาก เป็นธาตุที่หนักที่สุดเท่าที่รู้จักกัน หลอมละลายที่ ๒๔๕๔ ํซ. เป็นโลหะที่ทนทานต่อการสึกกร่อนที่สุด ใช้ประโยชน์นำไปผสมกับโลหะอื่นให้เป็นโลหะเจือ.
อิริยา 0,น.,"อาการเคลื่อนไหว, กิริยา, ท่าทาง."
อิริยาบถ 0,น.,"อาการที่ร่างกายอยู่ในท่าใดท่าหนึ่ง เช่น วิ่ง กระโดด เดิน ยืน นั่ง นอน, ถ้าตามมหาสติปัฏฐานสูตร กำหนดไว้ ๔ อย่าง คือ เดิน ยืน นั่ง นอน."
อิรุพเพท 0,น.,ฤคเวท.
อิลู 0,ว.,"บัดนี้, เดี๋ยวนี้."
อิเล็กตรอน 0,น.,อนุภาคมูลฐานชนิดหนึ่ง ซึ่งเป็นองค์ประกอบของอะตอมของธาตุทุกชนิด อนุภาคนี้มีประจุไฟฟ้าลบ มีมวล ๙.๑๐๙๑ x ๑๐^-๓๑ กิโลกรัม.
อิเล็กทรอนิกส์ 0,น.,วิทยาศาสตร์กายภาพแขนงหนึ่งที่นำมาประยุกต์ใช้กับการศึกษาวงจรไฟฟ้าที่ใช้สารกึ่งตัวนำและอุปกรณ์อื่น ๆ ซึ่งควบคุมการเคลื่อนที่ของอิเล็กตรอนได้.
อิเล็กโทน 0,น.,เครื่องดนตรีไฟฟ้าประเภทออร์แกนไฟฟ้า ทำเสียงเลียนเครื่องดนตรีหลายชนิดได้ในเวลาเดียวกัน.
อิ้ว 0,น.,เครื่องมือสำหรับหีบฝ้าย เพื่อแยกเมล็ดออกจากปุยฝ้าย.
อิศร 0,น.,"ความเป็นเจ้าเป็นใหญ่, มักใช้เป็นส่วนท้ายของสมาส เช่น นริศร มหิศร, หรือแผลงเป็น เอศร เช่น นฤเบศร."
อิศร 1,ว.,"เป็นใหญ่, เป็นใหญ่ในตัวเอง, เป็นไทแก่ตัวไม่ขึ้นแก่ใคร."
อิศวร 0,น.,ชื่อเรียกพระศิวะซึ่งเป็นพระเจ้าองค์หนึ่งของพราหมณ์
อิศวร 1,น.,"ความเป็นเจ้าเป็นใหญ่, มักใช้เป็นส่วนท้ายของสมาส และแผลงเป็น เอศวร เช่น นเรศวร ราเมศวร, ใช้ย่อเป็น อิศร (อ่านว่า อิสวน) ก็มี เช่น ใยยกพระธำมรงค์ สำหรับองค์อิศรราช (เพชรมงกุฎ)."
อิษฏ์ 0,ว.,"น่าปรารถนา, น่ารัก, เป็นที่พอใจ."
อิษฏ์ 1,น.,"การบูชา, เครื่องสักการบูชา."
อิษฏี 0,น.,"ความกระหาย, ความอยาก, ความต้องการ."
อิษฏี 1,น.,"การบูชา, การเซ่นสรวง."
อิส 0,น.,หมี.
อิสตรี 0,น.,หญิง.
อิสร- 0,ว.,"เป็นใหญ่, เป็นไทแก่ตัว, เช่น อิสรชน, ที่ปกครองตนเอง เช่น รัฐอิสระ, ไม่ขึ้นแก่ใคร, ไม่สังกัดใคร, เช่น อาชีพอิสระ นักเขียนอิสระ."
อิสร- 1,น.,ความเป็นไทแก่ตัว เช่น ไม่มีอิสระ แยกตัวเป็นอิสระ.
อิสรภาพ 0,น.,"ความเป็นใหญ่, ความเป็นไทแก่ตัว"
อิสรภาพ 1,น.,การปกครองตนเอง.
อิสระ 0,ว.,"เป็นใหญ่, เป็นไทแก่ตัว, เช่น อิสรชน, ที่ปกครองตนเอง เช่น รัฐอิสระ, ไม่ขึ้นแก่ใคร, ไม่สังกัดใคร, เช่น อาชีพอิสระ นักเขียนอิสระ."
อิสระ 1,น.,ความเป็นไทแก่ตัว เช่น ไม่มีอิสระ แยกตัวเป็นอิสระ.
อิสริย- 0,น.,"ความเป็นใหญ่, ความเป็นเจ้า, ความยิ่งใหญ่."
อิสริยยศ 0,น.,"ยศที่พระมหากษัตริย์ทรงสถาปนาเจ้านายให้สูงขึ้น เนื่องจากได้ปฏิบัติราชการแผ่นดิน มีความดีความชอบ เช่น สถาปนาพระองค์เจ้าขึ้นเป็นเจ้าฟ้า สถาปนาหม่อมเจ้าขึ้นเป็นพระองค์เจ้า, ยศอันยิ่งใหญ่ที่สามัญชนได้รับสถาปนาขึ้นเป็นเจ้า."
อิสริยะ 0,น.,"ความเป็นใหญ่, ความเป็นเจ้า, ความยิ่งใหญ่."
อิสริยาภรณ์ 0,น.,ตราเครื่องประดับเกียรติยศ เรียกเป็นสามัญว่า เหรียญตรา.
อิสลาม 0,น.,"ศาสนาที่สำคัญศาสนาหนึ่งของโลก มีศาสดาชื่อมุฮัมมัด นับถือพระเจ้าองค์เดียวคืออัลลอฮ์ มีคัมภีร์อัลกุรอานเป็นหลัก ไม่มีนักบวช, เรียกผู้ที่นับถือศาสนาอิสลามว่า มุสลิม."
อิสสา 0,น.,"ความหึงหวง, ความชิงชัง."
อิสัตรี 0,น.,หญิง.
อิสิ 0,น.,"ผู้แสวงคุณความดี, ฤษี, ผู้ถือบวช."
อิสินธร 0,น.,"ชื่อภูเขาชั้นที่ ๒ ในหมู่เขาสัตบริภัณฑ์ที่ล้อมเป็นวงกลมรอบเขาพระสุเมรุ. (ป. อิสินฺธร, อีสธร; ส. อีษาธร). (ดู สัตบริภัณฑ์, สัตภัณฑ์)."
อิสี 0,น.,"ผู้แสวงคุณความดี, ฤษี, ผู้ถือบวช."
อิหม่าม 0,น.,"คำเรียกผู้นำในศาสนาอิสลาม, ผู้นำในการทำละหมาด, ตำแหน่งสำคัญของคณะกรรมการบริหารมัสยิด, โต๊ะอิหม่าม ก็เรียก."
อิหลักอิเหลื่อ 0,ว.,"อึดอัดใจ, ลำบากใจ, อลักเอลื่อ อาหลักอาเหลื่อ หรือ อีหลักอีเหลื่อ ก็ว่า."
อี่ 0,น.,"สอง, เรียกลูกสาวคนที่ ๒ ว่า ลูกอี่, คู่กับ ลูกชายคนที่ ๒ ว่า ลูกญี่."
อี๊ 0,อ.,"คำที่เปล่งออกมาแสดงอาการรังเกียจสิ่งใดสิ่งหนึ่งเป็นต้น เช่น อี๊ ! เสื้อสกปรกอย่างนี้ ยังจะเอามาให้อีก, ยี้ ก็ว่า."
อี 0,น.,"คำประกอบคำอื่นบอกให้รู้ว่าเป็นเพศหญิงหรือสัตว์ตัวเมีย เช่น อีสาว อีเหมียว, คำประกอบหน้าชื่อผู้หญิงที่มีฐานะตํ่ากว่า, คำใช้ประกอบหน้าชื่อผู้หญิงแสดงความดูหมิ่นเหยียดหยาม, คำประกอบคำบางคำที่ผู้ใหญ่ใช้เรียกเด็กผู้หญิงหรือผู้หญิงที่อายุน้อยกว่ามากด้วยความเอ็นดูหรือสนิทสนมเป็นกันเอง เช่น อีหนู, คำประกอบหน้าคำบางคำเพื่อเน้น เช่น อีทีนี้จะเอาอะไรกินกันล่ะ อีตอนนั้นไม่สบายเลยไม่ได้ไป, คำประกอบหน้าคำบางคำเพื่อเน้นในเชิงบริภาษ เช่น อีบ้า อีงั่ง อีควาย, คำใช้แทนสิ่งที่กล่าวถึงและเป็นที่เข้าใจกัน เช่น เอาอีนี่ออกไปซิ, (โบ) คำนำหน้าชื่อผู้หญิงสามัญชนทั่วไป เช่น อีอยู่อีคงทาษภรรยาพระเสนานน (สามดวง), ถ้าใช้ในทางเสียหายโดยเฉพาะทางด้านชู้สาว มักใช้ว่า อี่ เช่น หย่างไอ้ดีบวดอยู่วัดโพเสพเมถุนธรรมด้วยอี่ทองมาก อี่เพียน อี่พิ่ม อี่บุนรอด อี่หนู อี่เขียว (สามดวง)."
อี๋ 0,น.,ชื่อขนมของจีนชนิดหนึ่ง ทำด้วยแป้งข้าวเจ้าปั้นเป็นลูกกลม ๆ ต้มนํ้าตาล.
อี 1,น.,คำประกอบหน้าชื่อการเล่นบางอย่าง เช่น อีตัก อีขีดอีเขียน
อี 2,น.,คำประกอบหน้าชื่อท่าในการเล่นบางอย่าง เช่น อีงุ้ม อีเข่า ในการเล่นสะบ้า อีรวบ อีกาเข้ารัง ในการเล่นหมากเก็บ.
อี๋ 1,ว.,คำใช้ขยายกริยา คราง ในคำว่า ครางอี๋.
อี๋ 2,ก.,กิริยาที่แสดงอาการเอาอกเอาใจหรือประจบประแจงเป็นต้น.
อีก 0,ว.,"ต่อไป, ซํ้า, เพิ่มเติม เช่น ขออีก, อื่นจากนั้น เช่น อีกประการหนึ่ง, อิก ก็ว่า."
อีกช้านางนอน 0,น.,ชื่อท่ารำแบบหนึ่ง โดยมือข้างหนึ่งหงาย หักข้อมือ งอข้อศอก ระดับข้างลำตัว มืออีกข้างหนึ่งตั้งวงล่าง ระดับชายพก เอียงศีรษะข้างเดียวกับมือที่หงาย.
อีก้อ 0,น.,"ชนชาวเขาพวกหนึ่ง ในตระกูลทิเบต-พม่า มีอยู่ทางแถบเหนือของประเทศไทย คล้ายพวกมูเซอ, ก้อ ก็เรียก."
อีก๋อย 0,น.,ชื่อนกขนาดเล็กถึงขนาดใหญ่หลายชนิด ในวงศ์ Scolopacidae ปากยาวโค้งปลายแหลม ตัวสีนํ้าตาลเทาลายดำ ขาค่อนข้างยาว อยู่เป็นฝูงตามชายเลน ชายหาด หรือ ชายน้ำ กินสัตว์น้ำขนาดเล็ก เช่น อีก๋อยจิ๋ว ( Numenius minutus Gould) อีก๋อยใหญ่ [ N. arquata (Linn.)] อีก๋อยเล็ก [ N. phaeopus (Linn.)].
อีกา 0,น.,"ชื่อนกขนาดกลางชนิด Corvus macrorhynchos Wagler วงศ์ย่อย Corvinae ในวงศ์ Corvidae ปากใหญ่หนาแบนข้าง ตาสีดำ ตัวสีดำ ร้องเสียง “กา ๆ ”, อีกา ก็เรียก"
อีก๋า 0,น.,"ชื่อปลานํ้าจืดชนิด Pristolepis fasciata (Bleeker) ในวงศ์ Pristolepidae พบทั่วไป รูปร่างคล้ายปลาหมอ หรือ ปลาเสือ แต่แบนข้างและกว้างกว่า ข้างตัวมีลายคลํ้าหลายลายพาดขวาง ขนาดยาวได้ถึง ๒๐ เซนติเมตร, ช้างเหยียบ หมอโค้ว กระตรับ ตะกรับ หน้านวล ก๋า หรือ อีก๋า ก็เรียก."
อีเก้ง 0,น.,ชื่อกวางในสกุล Muntiacusวงศ์ Cervidae เป็นกวางขนาดเล็ก ขนสีนํ้าตาลอมเหลืองจนถึงนํ้าตาลเข้ม หน้าผากเป็นสันเห็นได้ชัดเจน ตัวผู้มีเขาและเขี้ยว ในประเทศไทยมี ๒ ชนิด คือ อีเก้งหรือฟาน [ M. muntjak (Zimmermann)] และเก้งหม้อ เก้งดำ ฟานดำ หรือกวางจุก [ M. Feae (Tomas & Doria)] ตัวโตกว่าชนิดแรก ขนสีนํ้าตาลแก่เกือบดำ หัวมีขนลักษณะคล้ายจุกสีเหลืองแซมดำ.
อีเกร็ง 0,น.,"ชื่อไม้ล้มลุก ๒ ชนิดในสกุล Acanthus วงศ์ Acanthaceae ชนิด A. ebracteatus Vahl ขึ้นตามริมนํ้าบริเวณนํ้ากร่อย ดอกสีขาว ขอบใบเป็นหนาม และชนิด A. ilicifoliusL. ดอกสีม่วงอ่อน บางทีขอบใบเรียบ, จะเกร็ง หรือ อีเกร็ง ก็เรียก."
อีเก้อีกัง 0,ว.,เก้กัง.
อีแก 0,น.,"ชื่อนกขนาดกลางชนิด Corvus splendens Vieillot วงศ์ย่อย Corvinae ในวงศ์ Corvidae รูปร่างคล้ายกาแต่ตัวและปากเล็กกว่า ขนตามลำตัวสีดำบางตอนมีสีเทาปน คอ อก และหลังสีเทา ปีกสีดำ เล็บแข็งแรงและคม, อีแก ก็เรียก."
อีแก่ 0,น.,ชื่อการเล่นไพ่อย่างหนึ่ง.
อีแก้ 0,น.,เบี้ยอีแก้. (ดู เบี้ยแก้ ที่ เบี้ย ๑).
อีแก่กินน้ำ 0,น.,ชื่อการเล่นไพ่อย่างหนึ่ง.
อีโก้ง 0,น.,ชื่อนกขนาดกลางชนิด Porphyrio porphyrio (Linn.) ในวงศ์ Rallidae ลำตัวสีม่วงเหลือบนํ้าเงิน ขนหางด้านล่างสีขาว ช่วงฤดูผสมพันธุ์มีกะบังหน้าผากสีแดงชัดเจน ทำรังแบบง่าย ๆ บนพืชลอยนํ้า หากินพืชและสัตว์เล็ก ๆ ตามบริเวณนั้น.
อีโก๊ะ 0,น.,"ชื่อปลานํ้าจืดชนิด Helostoma temminckiiCuvier ในวงศ์ Helosotomatidae ลำตัวแบนข้างและกว้างมากกว่าปลาหมอ ปากยืดหดได้ และมีนิสัยเอาปากชนกับตัวอื่น จึงเรียกกันว่า ปลาจูบ พื้นลำตัว หัว และครีบสีนํ้าตาลอ่อนหรือขาวนวล พบในเขตที่ลุ่มน้ำนิ่ง ขนาดยาวได้ถึง ๓๐ เซนติเมตร, ใบตาล อีตาล อีโก๊ะ หรือ วี ก็เรียก."
อีคว่ำอีหงาย 0,น.,เรียกการเล่นชนิดหนึ่งในจำพวกหมากแยก ซึ่งมีการกินหงายเบี้ย.
อีงอด 0,น.,ดาโป้งเป้ง. (ดู ดาโป้งเป้ง).
อีจู้ 0,น.,"เครื่องดักปลาไหลชนิดหนึ่ง สานด้วยไม้ไผ่ รูปคล้ายหม้อคอสูง มีงาแซงอยู่ริมก้น ห้อยเหยื่อไว้ภายใน, กระจู้ หรือ จู้ ก็เรียก."
อีฉัน 0,ส.,"คำใช้แทนตัวผู้พูด เพศหญิง เป็นคำสุภาพ, อิฉัน ก็ว่า, (แบบ) ผู้ชายใช้ว่า ดิฉัน หรือ ดีฉัน ผู้หญิงใช้ว่า อิฉัน หรือ อีฉัน, เป็นสรรพนามบุรุษที่ ๑."
อีฉุยอีแฉก 0,ก.,"กระจัดกระจาย, ไม่รวมอยู่แห่งเดียวกัน."
อีฉุยอีแฉก 1,ว.,"ไม่เป็นชิ้นเป็นอัน, สุรุ่ยสุร่าย, อีลุ่ยฉุยแฉก หรือ อีหลุยฉุยแฉก ก็ว่า."
อีชุก 0,ว.,"ชื่อปลานํ้าจืดในวงศ์ Siluridae ไม่มีเกล็ด รูปร่างคล้ายปลาคางเบือนซึ่งอยู่ในวงศ์เดียวกัน แต่มีขนาดใหญ่กว่า คือ ยาวได้ถึง ๒ เมตร หัวแหลม ปากกว้าง ฟันแหลมคม ครีบหลังตั้งเด่น ตัวยาวเรียวไปทางหาง แบนข้าง ในประเทศไทยมี ๒ ชนิด คือ ค้าวขาว [ Wallago attu (Bloch)] และ ค้าวดำ คูน ทุก อีชุก อีทุก หรือ อีทุบ ( W. micropogon Vailant) ซึ่งมีหนวดยาวกว่าชนิดแรก ลำตัวและครีบสีดำคล้ำ, ทั้ง ๒ ชนิด เค้า ก็เรียก."
อี๊ด 0,ว.,เสียงร้องดังเช่นนั้น.
อีดอก 0,น.,คำที่ใช้ด่าผู้หญิง.
อีดำอีแดง 0,น.,"เครื่องเล่นการพนันอย่างหนึ่ง ใช้ไม้ ๓ อัน ทาสีดำ สีแดง และสีขาว เจ้ามือกำไม้ทั้ง ๓ อันไว้ แล้วใช้ความไวปัดไม้อันหนึ่งลงในกล่อง ให้ลูกค้าแทงสี ถ้าแทงผิดเจ้ามือกิน, ปลาดำปลาแดง หรือ ไม้ดำไม้แดง ก็เรียก."
อีดำอีแดง 1,น.,ชื่อโรคติดต่อชนิดหนึ่ง ขึ้นเป็นผื่นสีดำสีแดงตามตัว.
อีดูด 0,ว.,"ชื่อปลาน้ำจืดชนิด Gyrinocheilus aymonieri (Tirant) และชนิด G. pennocki (Fowler) ในวงศ์ Gyrinocheilidae ลำตัวทรงกระบอก คอดหางใหญ่ ครีบหางเว้าตื้น ปลายหัวมน งุ้ม ตาเล็กอยู่ค่อนไปทางด้านบน ที่สำคัญคือ มีรูน้ำเข้า ๑ รูอยู่เหนือแผ่นปิดเหงือก บริเวณจะงอยปากมีตุ่มเนื้อขนาดเล็ก ไม่มีหนวด พื้นลำตัวมีสีน้ำตาลคล้ำ ข้างตัวมีจุดสีดำเรียงสลับกันตามยาวอยู่ ๒ แถว จุดสีดำยังอาจพบบนครีบ อาศัยตามที่ลุ่มน้ำต้นฤดูน้ำ หรือตามลำธารบนภูเขา กินสาหร่ายและพืชน้ำอื่น ๆ ปรกติใช้ปากดูดเกาะห้อยตัวอยู่กับวัตถุใต้น้ำหรืออยู่ตามพื้นท้องน้ำ ขนาดยาวได้ถึง ๒๘ เซนติเมตร, สร้อยน้ำผึ้ง ปากใต้ ลูกผึ้ง ผึ้ง หรือ อีดูด ก็เรียก."
อีตัว 0,น.,เบี้ยใช้ทอยในการเล่นบางอย่างเช่นต้องเต.
อีตาล 0,น.,"ชื่อปลานํ้าจืดชนิด Helostoma temminckiiCuvier ในวงศ์ Helosotomatidae ลำตัวแบนข้างและกว้างมากกว่าปลาหมอ ปากยืดหดได้ และมีนิสัยเอาปากชนกับตัวอื่น จึงเรียกกันว่า ปลาจูบ พื้นลำตัว หัว และครีบสีนํ้าตาลอ่อนหรือขาวนวล พบในเขตที่ลุ่มน้ำนิ่ง ขนาดยาวได้ถึง ๓๐ เซนติเมตร, ใบตาล อีตาล อีโก๊ะ หรือ วี ก็เรียก."
อีเต้อ 0,น.,เครื่องมือสำหรับขุดของแข็งหรือหินเป็นต้น ทำด้วยเหล็ก ลักษณะคล้ายจอบ ปลายหัวด้านหนึ่งแหลม ส่วนปลายอีกด้านหนึ่งแบน มีรูตรงกลางสำหรับใส่ด้าม.
อีโต้ 0,น.,มีดโต้. (ดู โต้ ๑).
อีถ่าง 0,น.,"ชื่อไม้ต้นขนาดกลางชนิด Mitragyna speciosa (Korth.) Havil. ในวงศ์ Rubiaceae ชอบขึ้นริมนํ้าทั่วไป ใบเดี่ยว ออกตรงข้ามกัน ยอด ใบอ่อน และก้านใบสีแดงเรื่อ ๆ ช่อดอกกลมสีเหลืองออกเดี่ยว ๆ ตามง่ามใบ ใบมีรสขม กินแล้วเมา เป็นยาเสพติด, อีถ่าง ก็เรียก."
อีทุก 0,น.,"ชื่อปลานํ้าจืดในวงศ์ Siluridae ไม่มีเกล็ด รูปร่างคล้ายปลาคางเบือนซึ่งอยู่ในวงศ์เดียวกัน แต่มีขนาดใหญ่กว่า คือ ยาวได้ถึง ๒ เมตร หัวแหลม ปากกว้าง ฟันแหลมคม ครีบหลังตั้งเด่น ตัวยาวเรียวไปทางหาง แบนข้าง ในประเทศไทยมี ๒ ชนิด คือ ค้าวขาว [ Wallago attu (Bloch)] และ ค้าวดำ คูน ทุก อีชุก อีทุก หรือ อีทุบ ( W. micropogon Vailant) ซึ่งมีหนวดยาวกว่าชนิดแรก ลำตัวและครีบสีดำคล้ำ, ทั้ง ๒ ชนิด เค้า ก็เรียก."
อีทุบ 0,น.,"ชื่อปลานํ้าจืดในวงศ์ Siluridae ไม่มีเกล็ด รูปร่างคล้ายปลาคางเบือนซึ่งอยู่ในวงศ์เดียวกัน แต่มีขนาดใหญ่กว่า คือ ยาวได้ถึง ๒ เมตร หัวแหลม ปากกว้าง ฟันแหลมคม ครีบหลังตั้งเด่น ตัวยาวเรียวไปทางหาง แบนข้าง ในประเทศไทยมี ๒ ชนิด คือ ค้าวขาว [ Wallago attu (Bloch)] และ ค้าวดำ คูน ทุก อีชุก อีทุก หรือ อีทุบ ( W. micropogon Vailant) ซึ่งมีหนวดยาวกว่าชนิดแรก ลำตัวและครีบสีดำคล้ำ, ทั้ง ๒ ชนิด เค้า ก็เรียก."
อีเทอร์ 0,น.,สารประกอบอินทรีย์ประเภทหนึ่ง มีสูตรทั่วไปเป็น R-O-R โดยทั่วไปมักหมายถึง ไดเอทิลอีเทอร์ ซึ่งมีสูตร C_2H_5-O-C_2H_5 ลักษณะเป็นของเหลว ใส ไม่มีสี มีจุดเดือด ๓๔.๖ ํซ. ไวไฟมาก ใช้ประโยชน์เป็นยาดมสลบ เป็นตัวทำละลาย และใช้นำไปเตรียมสารเคมีอื่น.
อีนุงตุงนัง 0,ว.,"ยุ่งใหญ่, พันกันยุ่ง."
อีนูน 0,น.,"ชื่อไม้เถามีหัวชนิด Adenia heterophylla (Blume) Koord. และชนิด A. viridiflora Craib ในวงศ์ Passifloraceae ขึ้นปกคลุมต้นไม้ตามป่าทั่วไป ทุกส่วนเป็นพิษ ยอดอ่อนดองหรือทำให้สุกแล้วกินได้, นางนูน หรือ ผักสาบ ก็เรียก."
อีโน 0,น.,เรียกชามขนาดใหญ่อย่างชามโคม ว่า ชามอีโน.
อีโนงโตงเนง 0,ว.,รุงรัง
อีโนงโตงเนง 1,ว.,ไม่รู้จักแล้ว.
อีบึ้ง 0,ว.,"ชื่อแมงมุมขนาดใหญ่หลายชนิด หลายสกุล ในวงศ์ Theraphosidae ลำตัวยาวมากกว่า ๓ เซนติเมตรขึ้นไป สีดำหรือน้ำตาลแก่ ไม่ชักใยดักสัตว์ มีขนดกหนาสีเดียวกัน ขุดรูอยู่ตามพื้นดิน คอยจับสัตว์เล็ก ๆ กิน ชนิดที่พบบ่อยและนิยมนำมารับประทาน เช่น ชนิด Haplopelma albostriatum (Simon) พบมากที่ภาคกลางและภาคตะวันออก ชนิด H. minax (Thorell) พบมากที่ภาคเหนือ ภาคตะวันตก และภาคใต้, ก่ำบึ้ง หรือ อีบึ้ง ก็เรียก."
อีเบ้อ 0,น.,ผีเสื้อกลางวัน. (ดู ผีเสื้อ ๑).
อีเป็ด 0,น.,"ชื่อเรือต่อหรือเรือขุดต่อกระดานเสริมกราบชนิดหนึ่ง หัวท้ายแบน ๆ ก็มี หัวท้ายแหลมก็มี กลางป่อง ดูรูปร่างคล้ายเป็ด, เรือเป็ด ก็เรียก."
อีเป้า 0,น.,"ชื่อว่าวชนิดหนึ่ง มีหางยาว, คู่กับ ว่าวจุฬา, ปักเป้า ก็เรียก."
อีแปะ 0,น.,"เงินปลีกโบราณ, กะแปะ ก็เรียก."
อีแปะ 1,น.,ชื่อเรือต่อชนิดหนึ่ง ท้องแบน เสริมกราบ รูปคล้ายเรือสำปั้น แต่หัวเรือสั้นกว่า.
อีแปะ 2,น.,ผักอีแปะ. [ดู ตับเต่า (๑)].
อีโปง 0,น.,ชื่อเรือขุดชนิดหนึ่ง ยาวประมาณ ๑ วา ทำจากโคนต้นตาลผ่าซีก แล้วขุดเอาเนื้อข้างในออก ปิดท้ายด้วยไม้ ท้ายเรือเล็กกว่าหัวเรือ.
อีโปง 1,น.,เครื่องเล่นการพนันอย่างหนึ่ง ใช้ถ้วยครอบเบี้ยซึ่งเรียกว่า ลูกอีโปง ลักษณะเป็นลูกบาศก์ หน้าทั้ง ๖ ด้านมีภาพนํ้าเต้า ปู ปลา กุ้ง เสือ ไก่ ให้ลูกค้าแทง ถ้าแทงถูกเจ้ามือใช้ ๓ ต่อ.
อีโปงครอบ 0,น.,เครื่องเล่นการพนันอย่างหนึ่ง ใช้ถ้วยครอบเบี้ยซึ่งเรียกว่า ลูกอีโปง ลักษณะเป็นลูกบาศก์ หน้าทั้ง ๖ ด้านมีภาพนํ้าเต้า ปู ปลา กุ้ง เสือ ไก่ ให้ลูกค้าแทง ถ้าแทงถูกเจ้ามือใช้ ๓ ต่อ.
อีเพา 0,น.,"ชื่อนกชนิดหนึ่ง, นกกระถั่ว หรือ โชโหว ก็เรียก."
อีมู 0,น.,ชื่อนกขนาดใหญ่ชนิด Dromaius novaehollandiae (Latham) ในวงศ์ Dromaiidae ลำตัวสีเทาอมดำ สูงประมาณ ๕ ฟุต ปีกเล็กมาก บินไม่ได้ มีนิ้วตีน ๓ นิ้ว เล็บแหลมคมใช้ในการต่อสู้ เป็นนกที่นำเข้ามาในประเทศไทย มีถิ่นกำเนิดอยู่ในทวีปออสเตรเลีย.
อีมู 1,น.,ชื่อมันชนิด Dioscorea pentaphyllaL. ในวงศ์ Dioscoreaceae รากมีหนามแข็ง หัวกลมผิวขรุขระ สีนํ้าตาล กินได้.
อีรม 0,น.,"ชื่อหอยทะเลกาบคู่หลายชนิดในวงศ์ Ostreidae รูปเปลือกค่อนข้างกลม ยาวรี หรือบิดเบี้ยวตามพื้นที่ที่ติดอยู่ ส่วนใหญ่มีสีเทา เปลือกล่างเป็นแอ่งคล้ายรูปถ้วยยึดติดกับวัสดุที่ใช้เป็นอาหาร เช่น ชนิด Saccostrea forskali (Gmelin), อีรม ก็เรียก."
อีรุ้ง 0,น.,"ชื่อเหยี่ยวขนาดใหญ่ชนิด Spilornis cheela (Latham) ในวงศ์ Accipitridae มีลายจุดขาวที่หัว ปีก และท้อง มีหงอนขนบริเวณท้ายทอยซึ่งจะแผ่ออกเห็นได้ชัดเจนขณะโกรธ ตกใจ หรือต่อสู้กัน ตัวสีน้ำตาลเข้ม หางสีน้ำตาลพาดขาว ทำรังแบบง่าย ๆ ด้วยกิ่งไม้บนต้นไม้สูง กินสัตว์ขนาดเล็ก โดยเฉพาะงู, อีรุ้ง ก็เรียก."
อีแร้ง 0,น.,"ชื่อนกขนาดใหญ่หลายชนิด ในวงศ์ Accipitridae หัวเล็ก ลำคอไม่มีขนหรือเป็นขนอุยห่าง ๆ ปีกกว้าง หางสั้น ทำรังแบบง่าย ๆ ด้วยกิ่งไม้บนต้นไม้สูง กินซากสัตว์ ไม่ล่าเหยื่อเหมือนเหยี่ยวและอินทรีทั่วไป เช่น แร้งเทาหลังขาว [Gyps bengalensis (Gmelin)] แร้งดำหิมาลัย [Aegypius monachus (Linn.)] พญาแร้ง [Sarcogyps calvus (Scopoli)], อีแร้ง ก็เรียก."
อีลอง 0,น.,"ชื่อปลาทะเลชนิด Megalaspis cordyla (Linn.) ในวงศ์ Carangidae ลำตัวเพรียว แบนข้างเล็กน้อย เรียวลู่ไปทางคอดหางซึ่งแคบมากและเป็นเหลี่ยมแข็งคล้ายแข้งไก่ หน้าครีบก้นมีกระดูกเป็นหนามแข็ง ๒ อัน พับซ่อนในร่องเนื้อได้ ตาโตมีหนังตาไขมัน ปากกว้าง ครีบอกยาวใหญ่เป็นรูปเคียว ครีบหางเป็นแฉกกว้าง ท้ายครีบหลังและครีบก้นมีครีบฝอย ๗-๑๐ ครีบ เรียงห่างกัน เกล็ดเล็กแต่เฉพาะที่อยู่ในแนวเส้นข้างตัวจนถึงข้างหางขยายใหญ่มาก ด้านบนของหัวและลำตัวมีสีเขียวอมเทา ด้านท้องมีสีขาวเงิน ขอบแผ่นปิดเหงือกมีจุดสีดำใหญ่ ว่ายน้ำเร็ว อยู่เป็นฝูงใกล้ผิวน้ำ ขนาดยาวได้ถึง ๘๐ เซนติเมตร, ขาไก่ อีลอง อีโลง หรือ หางแข็ง ก็เรียก."
อีล่อยป่อยแอ 0,ว.,"ชักช้า, อืดอาด, อีล่อยป้อยแอ ก็ว่า."
อีลุ้ม 0,น.,ชื่อนกขนาดกลางชนิด Gallicrex cinerea (Gmelin) ในวงศ์ Rallidae ขาค่อนข้างยาว นิ้วยาว ในช่วงฤดูผสมพันธุ์ตัวผู้สีน้ำตาลอมดำ กะบังหน้าผากสีแดง ตัวเมียสีนํ้าตาล ไม่มีกะบัง นอกฤดูผสมพันธุ์ตัวผู้และตัวเมียมีสีขนคล้ายกันเป็นสีน้ำตาล อาศัยและหากินตามทุ่งนาและแหล่งน้ำทุกภาค ทำรังตามซุ้มกอหญ้า กินพืชและสัตว์น้ำขนาดเล็ก ๆ.
อีลุ้ม 1,น.,ชื่อว่าวชนิดหนึ่งคล้ายว่าวปักเป้าแต่ไม่มีหาง.
อีลุ่ยฉุยแฉก 0,ก.,"กระจัดกระจาย, ไม่รวมอยู่แห่งเดียวกัน."
อีลุ่ยฉุยแฉก 1,ว.,"ไม่เป็นชิ้นเป็นอัน, สุรุ่ยสุร่าย, อีหลุยฉุยแฉก หรือ อีฉุยอีแฉก ก็ว่า."
อีเลิ้ง 0,น.,"เรียกตุ่มหรือโอ่งใหญ่ ว่า ตุ่มอีเลิ้ง หรือ ตุ่มนางเลิ้ง, โอ่งนครสวรรค์ ก็เรียก"
อีเลิ้ง 1,น.,โดยปริยายหมายความว่า ใหญ่เทอะทะ.
อีแล่ง 0,น.,หม้อขนาดใหญ่คล้ายหม้อแกง สำหรับหมักส่าเหล้า.
อีโลง 0,น.,"ชื่อปลาทะเลชนิด Megalaspis cordyla (Linn.) ในวงศ์ Carangidae ลำตัวเพรียว แบนข้างเล็กน้อย เรียวลู่ไปทางคอดหางซึ่งแคบมากและเป็นเหลี่ยมแข็งคล้ายแข้งไก่ หน้าครีบก้นมีกระดูกเป็นหนามแข็ง ๒ อัน พับซ่อนในร่องเนื้อได้ ตาโตมีหนังตาไขมัน ปากกว้าง ครีบอกยาวใหญ่เป็นรูปเคียว ครีบหางเป็นแฉกกว้าง ท้ายครีบหลังและครีบก้นมีครีบฝอย ๗-๑๐ ครีบ เรียงห่างกัน เกล็ดเล็กแต่เฉพาะที่อยู่ในแนวเส้นข้างตัวจนถึงข้างหางขยายใหญ่มาก ด้านบนของหัวและลำตัวมีสีเขียวอมเทา ด้านท้องมีสีขาวเงิน ขอบแผ่นปิดเหงือกมีจุดสีดำใหญ่ ว่ายน้ำเร็ว อยู่เป็นฝูงใกล้ผิวน้ำ ขนาดยาวได้ถึง ๘๐ เซนติเมตร, ขาไก่ อีลอง อีโลง หรือ หางแข็ง ก็เรียก."
อีศ 0,น.,ผู้เป็นใหญ่.
อีศวร 0,น.,อิศวร.
อีส 0,น.,ผู้เป็นใหญ่.
อีสา 0,น.,งอนไถ.
อีสา 1,ว.,งอนช้อนขึ้น.
อีสาน 0,น.,ทิศตะวันออกเฉียงเหนือ.
อีสาน 1,น.,พระศิวะหรือพระรุทระ.
อีสุกอีใส 0,น.,โรคติดต่อที่เกิดจากเชื้อไวรัส มีอาการไข้สูงและปวดหัว มีเม็ดพองใส ๆ ขึ้นตามตัว.
อีหรอบ 0,น.,ยุโรป หมายความว่า ฝรั่ง เช่น ดินอีหรอบ เข้าอีหรอบ หมายความว่า ทำตามแบบฝรั่ง.
อีหรอบเดียวกัน 0,ว.,"ทำนองเดียวกัน, แบบเดียวกัน, (มักใช้ในทางไม่ดี) เช่น พ่อเป็นขโมย ลูกก็อีหรอบเดียวกัน."
อีหลักอีเหลื่อ 0,ว.,"อึดอัดใจ, ลำบากใจ, อลักเอลื่อ อาหลักอาเหลื่อ หรือ อิหลักอิเหลื่อ ก็ว่า."
อีหลัดถัดทา 0,น.,ส่วนหนึ่งแห่งคำร้องในการเล่นโมงครุ่มซึ่งเป็นมหรสพชนิดหนึ่งของหลวง โดยคนตีฆ้องจะร้องว่า “อีหลัดถัดทา”.
อีหลี 0,ว.,"จริง ๆ, บางทีใช้ว่า ดีหลี."
อีหลุกขลุกขลัก 0,ว.,"ติดขัด, ไม่สะดวก, ไม่คล่อง."
อีหลุกขลุกขลุ่ย 0,ว.,ง่วนอยู่.
อีหลุยฉุยแฉก 0,ก.,"กระจัดกระจาย, ไม่รวมอยู่แห่งเดียวกัน."
อีหลุยฉุยแฉก 1,ว.,"ไม่เป็นชิ้นเป็นอัน, สุรุ่ยสุร่าย, อีลุ่ยฉุยแฉก หรือ อีฉุยอีแฉก ก็ว่า."
อีเห็น 0,น.,"ชื่อสัตว์เลี้ยงลูกด้วยนมในวงศ์ Viverridae ลำตัวเรียวยาว ขาสั้น หางยาว ปากแหลมยาว ออกหากินในเวลากลางคืน มีต่อมกลิ่นที่ก้นทำให้ตัวมีกลิ่นแรง กินสัตว์และผลไม้ มีหลายชนิด เช่น อีเห็นลายจุด [ Paradoxurus hermaphroditus (Pallas)] อีเห็นหน้าขาว [ Paguma larvata (Hamitton-Smith)] อีเห็นหูขาว [ Arctogalidia trivirgata (Gray)], ปักษ์ใต้เรียก มดสัง มุดสัง หรือ มูสัง."
อีเหน็บ 0,น.,มีดเหน็บ.
อีเหนียว 0,น.,"ชื่อไม้พุ่ม ๓ ชนิดในสกุล Dendrolobium และ Dicerma วงศ์ Leguminosae คือ ชนิด D. triangulare (Retz.) Schindl. มักขึ้นในที่โล่งตํ่าซึ่งชุ่มแฉะในฤดูฝน ฝักเล็กแบนคอดกิ่วเป็นข้อ ๆ ใช้ทำยาได้, ขมิ้นนาง ขมิ้นลิง ลูกประคำผี หน้านวล เหนียวหมา หรือ อีเหนียว ก็เรียก, ชนิด D. lanceolatum (Dunn) Schindl. ขึ้นตามป่าผลัดใบที่มีต้นไผ่ สูงประมาณ ๑ เมตร ใบรูปไข่กลับ โคนใบสอบ, กระดูกเขียด แกลบหนู แกลบหูหนู แปรงหูหนู หรือ อึ่งใหญ่ ก็เรียก, และชนิด Dicerma biarticulatum (L.) DC. ชอบขึ้นตามไหล่ทางที่ตัดผ่านทุ่งนา สูงประมาณ ๑ เมตร ใบเล็กคล้ายใบมะขาม ดอกสีม่วง."
อีเหละเขละขละ 0,ว.,"เกะกะ, เกลื่อนกลาด."
อีเหละเขะขะ 0,ว.,"เกะกะ, เกลื่อนกลาด."
อีเหลียน 0,น.,มีดเหลียน.
อีโหน่อีเหน่ 0,น.,เรื่องราวที่เกิดขึ้น ใช้ในทางปฏิเสธในสำนวนว่า ไม่รู้อีโหน่อีเหน่.
อีโหลกโขลกเขลก 0,ว.,"อาการที่ยานพาหนะเป็นต้นเคลื่อนที่ไปอย่างทุลักทุเล เช่น นั่งรถอีโหลกโขลกเขลกมาทั้งวัน, ไม่เป็นโล้เป็นพาย, ไม่เป็นชิ้นเป็นอัน, เช่น ใช้ชีวิตอีโหลกโขลกเขลกไปวันหนึ่ง ๆ."
อี๋อ๋อ 0,ก.,กิริยาที่แสดงอาการเอาอกเอาใจหรือประจบประแจงเป็นต้น.
อีแอ่น 0,น.,"ชื่อนกขนาดเล็กในหลายวงศ์ คือ Apodidae, Hemiprocnidae, Hirundinidae, Corvidae และ Glareolidae ตัวสีนํ้าตาลหรือดำ ปลายปีกแหลม มักอยู่รวมกันเป็นฝูง ใช้เวลาส่วนใหญ่บินโฉบแมลง มีหลายชนิด เช่น อีแอ่นบ้าน ( Hirundo rustica Linn.) ในวงศ์ Hirundinidae อีแอ่นตาล [ Cypsiurus balasiensis (Gray)] ในวงศ์ Apodidae ชนิดที่นำรังมากินได้ เช่น อีแอ่นกินรัง [ Collocalia fuciphaga (Gmelin)] ในวงศ์ Apodidae, นางแอ่น แอ่น หรือ แอ่นลม ก็เรียก."
อึ 0,ก.,ถ่ายอุจจาระ (มักใช้แก่เด็ก).
อึ 1,น.,"ขี้, อุจจาระ."
อึ้ก 0,ว.,เสียงดังเช่นนั้นอย่างเสียงทุบแผ่นหลังด้วยกำปั้นหรือเสียงดื่มน้ำอย่างเร็วเป็นต้น.
อึก 0,ว.,เสียงดังเช่นนั้นอย่างเสียงทุบแผ่นหลังด้วยกำปั้นหรือเสียงดื่มน้ำอย่างเร็วเป็นต้น.
อึก 1,น.,ลักษณนามเรียกอาการกลืนของเหลวหรือเสียงทุบแผ่นหลังด้วยกำปั้นครั้งหนึ่ง ๆ เช่น ดื่มน้ำ ๓ อึก เขาถูกทุบไป ๓ อึก.
อึ้ก ๆ 0,ว.,เสียงดังเช่นนั้นอย่างเสียงทุบแผ่นหลังด้วยกำปั้นหรือเสียงดื่มน้ำอย่างเร็วเป็นต้น.
อึ๊ก ๆ 0,ว.,เสียงอย่างเสียงสะอึก.
อึก ๆ อัก ๆ 0,ว.,"อาการที่พูดไม่ออก ติดกึกกักอยู่ในคอเพราะกลัวหรือประหม่าเป็นต้น, กระอึกกระอัก หรือ อึกอัก ก็ว่า."
อึกทึก 0,ว.,"เอ็ดอึง, อื้ออึง, ครึกโครม."
อึกอัก 0,ว.,"อาการที่พูดไม่ออก ติดกึกกักอยู่ในคอเพราะกลัวหรือประหม่าเป็นต้น, กระอึกกระอัก หรือ อึก ๆ อัก ๆ ก็ว่า"
อึกอัก 1,ว.,เสียงอย่างเสียงทุบกัน
อึกอัก 2,ว.,"ทันทีทันใด, ปุบปับ, ไม่ทันไตร่ตรอง, ไม่บอกกล่าวเล่าแจ้ง, เช่น อึกอักก็ไป อึกอักก็ด่า, เอะอะ ก็ว่า."
อึง 0,ก.,"ดัง, เอ็ด, อึกทึก, แพร่งพราย."
อึ่ง 0,น.,ชื่อสัตว์สะเทินนํ้าสะเทินบกหลายชนิดหลายสกุล ในวงศ์ Microhylidae ขนาดแตกต่างกันแล้วแต่ชนิดอยู่ระหว่าง ๒-๘ เซนติเมตร รูปร่างอ้วนป้อมและมักพองตัวได้ ส่วนใหญ่เป็นสีเทาหรือน้ำตาลเข้ม ผิวหนังเรียบ บริเวณฝ่าตีนมีสันแข็งใช้ขุดดิน อาศัยอยู่ใต้ผิวดินหรือใต้ก้อนหินในเวลากลางวันและในฤดูแล้ง ออกหากินตามพื้นดินเมื่ออากาศชื้นโดยเฉพาะช่วงหลังฝนตก กินแมลงและสัตว์ไม่มีกระดูกสันหลัง เช่น อึ่งอ่างหรืออึ่งอ่างบ้าน ( Kaloula pulchra Gray) อึ่งแว่น อึ่งแดง หรืออึ่งลาย [ Calluella guttulata (Blyth)].
อึ้ง 0,ว.,นิ่งอั้นอยู่.
อึงคะนึง 0,ว.,"เอะอะ, อื้ออึง."
อึงมี่ 0,ว.,ดังอื้ออึงระงมไป.
อึ่งใหญ่ 0,ว.,"ชื่อไม้พุ่ม ๓ ชนิดในสกุล Dendrolobium และ Dicerma วงศ์ Leguminosae คือ ชนิด D. triangulare (Retz.) Schindl. มักขึ้นในที่โล่งตํ่าซึ่งชุ่มแฉะในฤดูฝน ฝักเล็กแบนคอดกิ่วเป็นข้อ ๆ ใช้ทำยาได้, ขมิ้นนาง ขมิ้นลิง ลูกประคำผี หน้านวล เหนียวหมา หรือ อีเหนียว ก็เรียก, ชนิด D. lanceolatum (Dunn) Schindl. ขึ้นตามป่าผลัดใบที่มีต้นไผ่ สูงประมาณ ๑ เมตร ใบรูปไข่กลับ โคนใบสอบ, กระดูกเขียด แกลบหนู แกลบหูหนู แปรงหูหนู หรือ อึ่งใหญ่ ก็เรียก, และชนิด Dicerma biarticulatum (L.) DC. ชอบขึ้นตามไหล่ทางที่ตัดผ่านทุ่งนา สูงประมาณ ๑ เมตร ใบเล็กคล้ายใบมะขาม ดอกสีม่วง."
อึงอล 0,ว.,ดังลั่น เช่น เสียงคลื่นลมอึงอล.
อึ่งอ่าง 0,น.,ชื่อสัตว์สะเทินนํ้าสะเทินบกในสกุล Kaloula วงศ์ Microhylidae สีนํ้าตาลลายขาว โตเต็มวัยยาวประมาณ ๗ เซนติเมตร มักทำตัวพองเมื่อถูกรบกวน ตัวผู้ร้องเสียงดังเมื่อนํ้านองหลังฝนตก ที่พบทั่วไปมี ๒ ชนิด คือ อึ่งอ่างหรืออึ่งอ่างบ้าน ( K. pulchra Gray) และอึ่งอ่างหลังขีดหรืออึ่งอ่างก้นขีด [ K. mediolineata (Smith)].
อึด 0,ก.,"ทน, อดกลั้น, อั้นไว้."
อึดใจ 0,น.,เวลาชั่วกลั้นลมหายใจไว้คราวหนึ่ง.
อึดตะปือ 0,ว.,"มากมาย, ล้นหลาม."
อึ้ดทึ่ด 0,ว.,"อาการที่พองขึ้นเต็มที่ (ใช้แก่ศพคนหรือสัตว์บางชนิดที่ตายแล้ว), โดยปริยายหมายถึงอาการที่นอนหรือนั่งตามสบาย มีลักษณะไปในทางเกียจคร้านเป็นต้น เช่น นอนอึ้ดทึ่ด นั่งอึ้ดทึ่ด."
อึดอัด 0,ว.,"คับอกคับใจ, ไม่คล่อง, ไม่ปลอดโปร่ง."
อึน 0,ว.,แห้งไม่สนิท เช่น ผ้ายังอึน ๆ อยู่.
อืด 0,ว.,"พอง, ขึ้น, เช่น ท้องอืด"
อืด 1,ว.,"เฉื่อยชา, ช้า."
อืดอาด 0,ว.,"เฉื่อยชา, ยืดยาด."
อื่น 0,ว.,"นอกออกไป, ต่างออกไป."
อื้น 0,ก.,"พูด, เรียก, เรียกร้อง, กล่าวถ้อยคำ, เอิ้น หรือ เอื้อน ก็ว่า."
อือ 0,อ.,คำที่เปล่งออกมาเป็นการตอบรับหรือรับรู้.
อื้อ 0,ว.,"อาการที่รู้สึกมีเสียงดังอยู่ในหู, ไม่ได้ยิน"
อื้อ 1,ว.,มาก เช่น รวยอื้อ บ่นกันอื้อ.
อื้อฉาว 0,ว.,"แพร่งพราย, เซ็งแซ่, กระจาย, (ใช้แก่ข่าวที่ไม่ดีไม่งาม)."
อื้อซ่า 0,ว.,มากมาย เช่น รับทรัพย์อื้อซ่า.
อื้ออึง 0,ว.,"สนั่น, ดังลั่น, เอิกเกริก."
อื้อฮือ 0,อ.,คำที่เปล่งออกมาแสดงความแปลกใจเป็นต้น.
อุ 0,น.,นํ้าเมาชนิดหนึ่ง ใช้ปลายข้าวและแกลบประสมกับแป้งเชื้อแล้วหมักไว้.
อุก 0,น.,ชื่อเรียกปลากดหลายชนิดในวงศ์ Ariidae ซึ่งเมื่อถูกจับขึ้นมาพ้นนํ้าจะร้องเสียงอุก ๆ.
อุก 1,ก.,"หักหาญด้วยพลการ, บังอาจ, เช่น ทำอุกสนุกเสน่หาสองราช."
อุกกา 0,น.,คบเพลิง.
อุกกาบาต 0,น.,"ผีพุ่งไต้, อุกลาบาต ก็เรียก."
อุกคลุก 0,ก.,"เข้ารบคลุกคลีประชิดตัว, อุตลุด, เช่น อุกคลุกพลุก เงยงัด คอคช เศิกแฮ (ตะเลงพ่าย)."
อุกฉกรรจ์ 0,ว.,ร้ายแรง เช่น คดีอุกฉกรรจ์.
อุกฤษฏ์ 0,ว.,สูงสุด.
อุกลา 0,น.,คบเพลิง.
อุกลาบาต 0,น.,อุกกาบาต.
อุกอาจ 0,ก.,"กล้าทำความผิดโดยไม่เกรงกลัว, กล้าละเมิดโดยไม่กลัวความผิด, บังอาจล่วงละเมิด."
อุค 0,ว.,"ร้าย, ดุร้าย"
อุค 1,ว.,"ยิ่งใหญ่, มีอำนาจ."
อุคระ 0,ว.,"ร้าย, ดุร้าย"
อุคระ 1,ว.,"ยิ่งใหญ่, มีอำนาจ."
อุคห- 0,น.,การเล่าเรียน.
อุคห- 1,ว.,เจนใจ.
อุคหนิมิต 0,น.,“อารมณ์ที่เจนใจ” คือ เป็นวิธีแห่งผู้เพ่งกสิณชำนาญจนรูปที่ตนเพ่งอยู่นั้นติดตาถึงแม้หลับตาเสีย รูปนั้นก็ปรากฏเป็นเครื่องหมายอยู่ รูปที่ปรากฏนี้ เรียกว่า อุคหนิมิต.
อุคหะ 0,น.,การเล่าเรียน.
อุคหะ 1,ว.,เจนใจ.
อุโฆษ 0,ว.,กึกก้อง.
อุ้ง 0,น.,ส่วนกลางของฝ่ามือหรือฝ่าเท้า เช่น อุ้งมือ อุ้งเท้า.
อุจ 0,ว.,"สูง, ระหง."
อุจจาร- 0,น.,"ขี้, (ปาก) อึ."
อุจจารมรรค 0,น.,ทวารหนัก.
อุจจาระ 0,น.,"ขี้, (ปาก) อึ."
อุจฉุ 0,น.,อ้อย.
อุจเฉท 0,ก.,"ขาดสิ้น, สูญ."
อุจเฉท- 0,ก.,"ขาดสิ้น, สูญ."
อุจเฉททิฐิ 0,น.,ความเห็นว่าตายแล้วสูญ (ไม่มีปฏิสนธิวิญญาณหรือการเกิดใหม่).
อุจาด 0,ว.,"น่าเกลียด, น่าอาย, อย่างที่ไม่ควรทำ."
อุชุ 0,ว.,"ตรง, ซื่อตรง."
อุฏฐาการ 0,ก.,ลุกขึ้น.
อุณห- 0,ว.,"ร้อน, อบอุ่น."
อุณหภูมิ 0,น.,ระดับความสูงต่ำของความร้อน นิยมวัดได้ด้วยเครื่องมือที่เรียกว่า เทอร์โมมิเตอร์.
อุณหะ 0,ว.,"ร้อน, อบอุ่น."
อุณหาการ 0,น.,"อาการร้อน, อาการเร่าร้อน."
อุณหิส 0,น.,"กรอบหน้า, มงกุฎ."
อุณา 0,น.,ขนแกะ
อุณา 1,น.,ขนระหว่างคิ้ว.
อุณานาภี 0,น.,แมงมุม.
อุณาโลม 0,น.,ขนระหว่างคิ้ว
อุณาโลม 1,น.,เครื่องหมายรูปอย่างนี้.
อุด 0,ก.,"จุกช่อง, จุกให้แน่น."
อุดเตา 0,น.,เครื่องใช้สำหรับรีดผ้า ทำด้วยโลหะ ลักษณะทรงกระบอกเตี้ย ๆ สำหรับใส่ถ่านไฟ มีฝาปิด มีที่จับอยู่ด้านข้าง.
อุดม 0,ว.,"สูงสุด, ยิ่ง, เลิศ, มากมาย, บริบูรณ์."
อุดม- 0,ว.,"สูงสุด, ยิ่ง, เลิศ, มากมาย, บริบูรณ์."
อุดมการณ์ 0,น.,หลักการที่วางระเบียบไว้เป็นแนวปฏิบัติเพื่อให้บรรลุเป้าหมายที่กำหนดไว้.
อุดมคติ 0,น.,จินตนาการที่ถือว่าเป็นมาตรฐานแห่งความดี ความงาม และความจริง ทางใดทางหนึ่งที่มนุษย์ถือว่าเป็นเป้าหมายแห่งชีวิตของตน.
อุดมศึกษา 0,น.,การศึกษาในระดับสูงกว่ามัธยมศึกษา.
อุดร 0,น.,ทิศเหนือ ใช้ว่า ทิศอุดร
อุดร 1,น.,ข้างซ้าย.
อุดรพยาน 0,น.,กลพยานประเภทหนึ่ง เป็นพยานที่พอถือเอาเป็นมูลความได้ เช่น นายหัวพันหัวปากภูดาษ พะทำมะรง จ่าเสมียนนักการ พ่อค้าแม่ค้า คนทำไร่ไถนา (สามดวง).
อุดหนุน 0,ก.,"ช่วยเหลือสนับสนุน เช่น บริษัทเอกชนอุดหนุนการจัดงานวันเด็ก, ช่วยเหลือให้อยู่ได้ เช่น ร้านนี้มีลูกค้ามาอุดหนุนเป็นประจำ."
อุดหนุนจุนเจือ 0,ก.,ช่วยพยุงให้อยู่ได้ เช่น เขาเป็นคนใจบุญ คอยอุดหนุนจุนเจือคนตกทุกข์ได้ยากเป็นประจำ.
อุดอู้ 0,ว.,"อับ, ไม่โปร่ง, (ใช้แก่สถานที่)."
อุดากัน 0,ว.,เล็บยาว.
อุตดม 0,ว.,"สูงสุด, ยิ่ง, เลิศ, มากมาย, บริบูรณ์."
อุตดร 0,น.,อุดร.
อุตตมะ 0,ว.,"สูงสุด, ยิ่ง, เลิศ, มากมาย, บริบูรณ์."
อุตตรผลคุนี 0,น.,"ดาวฤกษ์ที่ ๑๒ มี ๒ ดวง เห็นเป็นรูปงูเหลือม แรดตัวเมีย หรือเพดานตอนหลัง, ดาวเพดาน หรือ ดาววัวตัวเมีย ก็เรียก."
อุตตรภัททะ 0,น.,"ดาวฤกษ์ที่ ๒๖ มี ๒ ดวง เห็นเป็นรูปราชสีห์ตัวเมียหรือเพดานตอนหลัง, ดาวแรดตัวเมีย หรือ ดาวไม้เท้า ก็เรียก."
อุตตรภัทรบท 0,น.,"ดาวฤกษ์ที่ ๒๖ มี ๒ ดวง เห็นเป็นรูปราชสีห์ตัวเมียหรือเพดานตอนหลัง, ดาวแรดตัวเมีย หรือ ดาวไม้เท้า ก็เรียก."
อุตตรายัน 0,น.,"จุดสุดทางเหนือ เมื่อดวงอาทิตย์ปรากฏในราววันที่ ๒๒ มิถุนายน เป็นจุดในหน้าร้อน มีกลางวันยาวที่สุด เรียกว่า อุตตรายัน (summer solstice), คู่กับ ทักษิณายัน, ครีษมายัน ก็เรียก."
อุตตราสาฬหะ 0,น.,"ดาวฤกษ์ที่ ๒๑ มี ๕ ดวง เห็นเป็นรูปครุฑหรือช้างพัง, ดาวแตรงอน หรือ ดาวราชสีห์ตัวเมีย ก็เรียก."
อุตตราอาษาฒ 0,น.,"ดาวฤกษ์ที่ ๒๑ มี ๕ ดวง เห็นเป็นรูปครุฑหรือช้างพัง, ดาวแตรงอน หรือ ดาวราชสีห์ตัวเมีย ก็เรียก."
อุตตานภาพ 0,ก.,"นอนหงาย เช่น รวบพระกรกระหวัดทั้งซ้ายขวาให้พระนางอุตตาน-ภาพ (ม. ร่ายยาว กุมาร), เขียนเป็น อุตตานะภาพ ก็มี เช่น ฉวยกระชากชฎาเกษเกล้าให้นางท้าวเธอล้มลงอุตตานะภาพ (ม. กาพย์ กุมารบรรพ)."
อุตบล 0,น.,"อุบล, บัวสาย, เช่น นีโลตบล ว่า บัวขาบ."
อุตพิด 0,น.,ชื่อไม้ล้มลุกมีหัวชนิด Typhonium trilobatum (L.) Schott ในวงศ์ Araceae ดอกบานเวลาเย็น กลิ่นเหม็นเหมือนอุจจาระ.
อุตพิดผี 0,น.,"ชื่อไม้ล้มลุกหลายชนิดหลายสกุลในวงศ์ Araceae เช่น ชนิด Aglaonema brevispathum (Engl.) Engl.,Pycnospatha arietina Gagnep. ชนิดหลังนี้ อุตพิดผี ก็เรียก."
อุตม- 0,ว.,"สูงสุด, ยิ่ง, เลิศ, มากมาย, บริบูรณ์."
อุตมภาพ 0,น.,"ภาวะอันสูงสุด, ความสูงสุด"
อุตมภาพ 1,น.,ฐานะอันดี.
อุตมัตถ์ 0,น.,ผลอันยอดเยี่ยม หมายถึง พระนิพพาน.
อุตมางค์ 0,น.,ส่วนสูงสุดของร่างกาย คือ หัว.
อุตร- 0,น.,อุดร.
อุตรกุรุทวีป 0,น.,ทวีปใหญ่อยู่ทางทิศเหนือของเขาพระสุเมรุ เป็นทวีป ๑ ใน ๔ ทวีป ได้แก่ อุตรกุรุทวีปหรืออุตรกุรูทวีป บุพวิเทหทวีป ชมพูทวีป และอมรโคยานทวีปหรืออปรโคยานทวีป.
อุตรกุรูทวีป 0,น.,ทวีปใหญ่อยู่ทางทิศเหนือของเขาพระสุเมรุ เป็นทวีป ๑ ใน ๔ ทวีป ได้แก่ อุตรกุรุทวีปหรืออุตรกุรูทวีป บุพวิเทหทวีป ชมพูทวีป และอมรโคยานทวีปหรืออปรโคยานทวีป.
อุตรนิกาย 0,น.,ชื่อนิกายหนึ่งในพระพุทธศาสนา คือ นิกายฝ่ายเหนือ ซึ่งเรียกว่า มหายาน.
อุตรผลคุนี 0,น.,"ดาวฤกษ์ที่ ๑๒ มี ๒ ดวง เห็นเป็นรูปงูเหลือม แรดตัวเมีย หรือเพดานตอนหลัง, ดาวเพดาน หรือ ดาววัวตัวเมีย ก็เรียก."
อุตรภัทรบท 0,น.,"ดาวฤกษ์ที่ ๒๖ มี ๒ ดวง เห็นเป็นรูปราชสีห์ตัวเมียหรือเพดานตอนหลัง, ดาวแรดตัวเมีย หรือ ดาวไม้เท้า ก็เรียก."
อุตรา 0,น.,เรียกลมชนิดหนึ่งพัดจากทิศตะวันออกเฉียงเหนือไปทางทิศตะวันตกเฉียงใต้ในต้นฤดูร้อน ว่า ลมอุตรา.
อุตราภิมุข 0,ก.,บ่ายหน้าไปทางทิศเหนือ.
อุตราวรรต 0,น.,การเวียนซ้ายในพิธีอวมงคลอย่างเดินเวียนศพรอบเมรุ.
อุตราวรรต 1,ว.,"เวียนไปทางซ้าย คือเวียนเลี้ยวทางซ้ายอย่างทวนเข็มนาฬิกา, อุตราวัฏ ก็ว่า, ตรงข้ามกับ ทักษิณาวรรต หรือ ทักขิณาวัฏ."
อุตราวัฏ 0,น.,การเวียนซ้ายในพิธีอวมงคลอย่างเดินเวียนศพรอบเมรุ.
อุตราวัฏ 1,ว.,"เวียนไปทางซ้าย คือเวียนเลี้ยวทางซ้ายอย่างทวนเข็มนาฬิกา, อุตราวรรต ก็ว่า, ตรงข้ามกับ ทักขิณาวัฏ หรือ ทักษิณาวรรต."
อุตราษาฒ 0,น.,"ดาวฤกษ์ที่ ๒๑ มี ๕ ดวง เห็นเป็นรูปครุฑหรือช้างพัง, ดาวแตรงอน หรือ ดาวราชสีห์ตัวเมีย ก็เรียก."
อุตราสงค์ 0,น.,จีวรสำหรับห่ม.
อุตริ 0,ว.,"นอกคอก, นอกทาง, นอกรีต."
อุตริพยาน 0,น.,กลพยานประเภทหนึ่ง เช่น ญาติพี่น้อง มิตรสหาย ยาจกวนิพก คนโรคเรื้อน หูหนวก ตาบอด (สามดวง).
อุตริมนุสธรรม 0,น.,คุณอย่างยวดยิ่งของมนุษย์ ได้แก่ธรรมวิเศษมีการสำเร็จฌาน สำเร็จมรรคผลเป็นต้น.
อุตลุด 0,ว.,"ชุลมุนวุ่นวาย, พัลวัน, สับสน."
อุตสาห- 0,น.,"ความบากบั่น, ความพยายาม, ความขยัน, ความอดทน, ใช้ว่า อุษาหะ อุสสาหะ หรือ อุสส่าห์ ก็มี."
อุตสาห- 1,ก.,"บากบั่น, พยายาม, ขยัน, อดทน."
อุตส่าห์ 0,น.,"ความบากบั่น, ความพยายาม, ความขยัน, ความอดทน, ใช้ว่า อุษาหะ อุสสาหะ หรือ อุสส่าห์ ก็มี."
อุตส่าห์ 1,ก.,"บากบั่น, พยายาม, ขยัน, อดทน."
อุตสาหกรรม 0,น.,กิจกรรมที่ใช้ทุนและแรงงานเพื่อผลิตสิ่งของหรือจัดให้มีบริการ เช่น อุตสาหกรรมสิ่งทอ อุตสาหกรรมท่องเที่ยว
อุตสาหกรรม 1,น.,ชื่อกระทรวงที่มีอำนาจหน้าที่เกี่ยวกับการอุตสาหกรรม การมาตรฐานเกี่ยวกับกิจการอุตสาหกรรม และทรัพยากรธรณี.
อุตสาหกรรมศิลป์ 0,น.,วิชาที่มุ่งให้ผู้เรียนเกิดความชำนาญในการประดิษฐ์และเกิดความคุ้นเคยกับการใช้เครื่องมือและเครื่องกล.
อุตสาหะ 0,น.,"ความบากบั่น, ความพยายาม, ความขยัน, ความอดทน, ใช้ว่า อุษาหะ อุสสาหะ หรือ อุสส่าห์ ก็มี."
อุตสาหะ 1,ก.,"บากบั่น, พยายาม, ขยัน, อดทน."
อุตุ 0,น.,ฤดู.
อุตุ 1,ว.,สบาย (ใช้แก่กริยานอน) เช่น นอนหลับอุตุ.
อุตุนิยมวิทยา 0,น.,วิชาว่าด้วยเรื่องราวของบรรยากาศ.
อุท- 0,น.,นํ้า.
อุทก 0,น.,นํ้า.
อุทก- 0,น.,นํ้า.
อุทก-ธาร 0,น.,"สายนํ้า, ท่อนํ้า."
อุทกธารา 0,น.,"สายนํ้า, ท่อนํ้า."
อุทกภัย 0,น.,ภัยอันตรายที่เกิดจากนํ้าท่วม.
อุทกวิทยา 0,น.,วิชาว่าด้วยนํ้าที่มีอยู่ในโลก เช่น ศึกษาถึงสาเหตุการเกิด การหมุนเวียน ตลอดจนคุณลักษณะของนํ้า รวมทั้งการนำนํ้ามาใช้ให้เป็นประโยชน์.
อุทกศาสตร์ 0,น.,วิชาว่าด้วยนํ้าบนพื้นโลกเกี่ยวกับการวัดหรือการสำรวจแผนที่ทะเล โดยมีความมุ่งหมายเฉพาะเพื่อการเดินเรือ.
อุททาม 0,ว.,"คะนอง, ปราศจากความเหนี่ยวรั้ง."
อุทธรณ์ 0,น.,"การยกขึ้น, การรื้อขึ้น, การเคลื่อนที่, การเสนอ, การนำมาให้"
อุทธรณ์ 1,น.,ชื่อศาลสูงถัดจากศาลชั้นต้นซึ่งมีอำนาจพิจารณาพิพากษาบรรดาคดีที่อุทธรณ์คำพิพากษาหรือคำสั่งของศาลชั้นต้น เรียกว่า ศาลอุทธรณ์.
อุทธรณ์ 2,ก.,ยื่นฟ้องหรือยื่นคำร้องต่อศาลสูงคัดค้านคำพิพากษาหรือคำสั่งของศาลชั้นต้น
อุทธรณ์ 3,ก.,ยื่นคำร้องคัดค้านคำสั่งหรือคำวินิจฉัยของพนักงานเจ้าหน้าที่
อุทธรณ์ 4,ก.,"ร้องเรียน, ร้องทุกข์, เช่น ร้องอุทธรณ์."
อุทธัจ 0,น.,ความฟุ้งซ่าน
อุทธัจ 1,น.,"ความประหม่า, ความขวยเขิน"
อุทธัจ 2,น.,อุธัจ ก็ว่า.
อุทบาตร 0,น.,หม้อนํ้า.
อุทบาน 0,น.,"บ่อนํ้า, สระน้ำ."
อุทพินทุ์ 0,น.,หยาดนํ้า.
อุทยาน 0,น.,สวน.
อุทยานแห่งชาติ 0,น.,พื้นที่บริเวณใดบริเวณหนึ่งที่ได้สงวนรักษาไว้ให้คงอยู่ในสภาพธรรมชาติเดิม เพื่อให้เป็นประโยชน์แก่การศึกษาและความรื่นรมย์ของประชาชน โดยมีพระราชกฤษฎีกาประกาศกำหนดให้เป็น อุทยานแห่งชาติ ตามกฎหมายว่าด้วยอุทยานแห่งชาติ.
อุทร 0,น.,ท้อง.
อุทริยะ 0,น.,อาหารที่กินเข้าไปใหม่ ๆ.
อุทลุม 0,ว.,"ผิดประเพณี, ผิดธรรมะ, นอกแบบ, นอกทาง, เช่น คดีอุทลุม คือคดีที่ลูกหลานฟ้องบุพการีของตนต่อศาล, เรียกลูกหลานที่ฟ้องบุพการีของตนต่อศาล ว่า คนอุทลุม เช่น ผู้ใดเปนคนอุทลุมหมีได้รู้คุณบิดามานดาปู่หญ้าตายาย แลมันมาฟ้องร้องให้เรียกบิดามานดาปู่ญ่าตายายมัน ท่านให้มีโทษทวนมันด้วยลวดหนังโดยฉกัน (สามดวง)."
อุทัช 0,ว.,เกิดในนํ้า.
อุทัย 0,น.,"การเกิดขึ้น เช่น สุโขทัย = การเกิดขึ้นแห่งความสุข, การตั้งขึ้น เช่น อรุโณทัย = การตั้งขึ้นแห่งอรุณ."
อุทัย 1,ก.,เริ่มส่องแสง ในคำว่า อาทิตย์อุทัย.
อุทาน 0,น.,เสียงหรือคำที่เปล่งออกมาเวลาตกใจ ดีใจ หรือเสียใจ เป็นต้น
อุทาน 1,น.,ในไวยากรณ์เรียกคำหรือเสียงที่เปล่งออกมาเช่นนั้น ว่า คำอุทาน.
อุทาน 2,น.,ชื่อคัมภีร์ในพระพุทธศาสนา เป็น ๑ ใน ๙ ส่วนของคัมภีร์นวังคสัตถุศาสน์. (ป.). (ดู นวังคสัตถุศาสน์ ประกอบ).
อุทาร 0,ว.,"สูง, เลิศ, ประเสริฐ, ยิ่งใหญ่"
อุทาร 1,ว.,"ซื่อตรง, มีความจริงใจ"
อุทาร 2,ว.,สุภาพ
อุทาร 3,ว.,ถูกต้อง.
อุทาหรณ์ 0,น.,"ตัวอย่างที่ยกขึ้นมาอ้างให้เห็น, สิ่งหรือเรื่องที่ยกขึ้นมาเทียบเคียงเป็นตัวอย่าง."
อุทิศ 0,ก.,"ให้, ยกให้, เช่น อุทิศส่วนบุญให้แก่ผู้ตายตามประเพณี"
อุทิศ 1,ก.,"ทำเพื่อ, สละให้โดยเจาะจง."
อุทุมพร 0,น.,ชื่อมะเดื่อชนิดหนึ่ง. (ดู มะเดื่อ).
อุเทศ 0,น.,"การยกขึ้นแสดง, การยกขึ้นชี้แจง."
อุเทศ 1,ว.,"ที่ยกขึ้นแสดง, ที่ยกขึ้นชี้แจง"
อุเทศ 2,ว.,ที่อ้างอิง เช่น หนังสืออุเทศ.
อุเทสิกเจดีย์ 0,น.,เจดีย์ที่สร้างอุทิศพระพุทธเจ้า ได้แก่ พระพุทธรูป.
อุธัจ 0,น.,ความฟุ้งซ่าน
อุธัจ 1,น.,"ความประหม่า, ความขวยเขิน"
อุธัจ 2,น.,อุทธัจ ก็ว่า.
อุ่น 0,ก.,ทำให้ร้อน เช่น อุ่นแกง.
อุ่น 1,ว.,"ค่อนข้างร้อน เช่น ตัวอุ่น, ไม่ร้อนนักไม่หนาวนัก เช่น อากาศอุ่น, อุ่น ๆ ก็ว่า."
อุ่นกายสบายใจ 0,ว.,มีความรู้สึกสุขสบายทั้งกายและใจ.
อุ่นเครื่อง 0,ก.,เดินเครื่องยนต์ไว้จนถึงระดับที่เครื่องจะทำงานได้ดี
อุ่นเครื่อง 1,ก.,"ออกกำลังกายหรือฝึกซ้อมชั่วขณะก่อนเริ่มการแข่งขัน, ฝึกซ้อมก่อนแข่งขันจริง."
อุ่นใจ 0,ว.,"มีความรู้สึกสบายใจขึ้น, มีความมั่นใจ, ไม่มีกังวล, เช่น มีเงินมากอยู่ในกระเป๋าทำให้อุ่นใจ."
อุ่นหนาฝาคั่ง 0,ว.,"มั่นคง, มีหลักฐานเป็นที่พักพิงมั่นคง, เช่น มีฐานะอุ่นหนาฝาคั่ง"
อุ่นหนาฝาคั่ง 1,ว.,มากมายคับคั่ง เช่น งานนี้มีผู้คนมาอุ่นหนาฝาคั่ง.
อุ่นอกอุ่นใจ 0,ว.,มีความรู้สึกสบายอกสบายใจและมีความมั่นใจขึ้น เช่น อยู่ใกล้ ๆ ผู้ใหญ่รู้สึกอุ่นอกอุ่นใจ.
อุนากัน 0,ว.,เล็บยาว.
อุบ 0,ว.,"ชื่อปลาไม่มีเกล็ดชนิด Batrachoides grunniers (Bloch) และ Batrachomoeus trispinosus (Günther) ในวงศ์ Batrachoididae ปากกว้าง หัวทู่แบนลง ลำตัวกลมยาว มีสีนํ้าตาลเป็นด่างดวงทั่วไป ขนาดยาวได้ถึง ๓๐ เซนติเมตร ครีบท้องอยู่เยื้องไปข้างหน้าครีบอก หางกลม เฉพาะชนิดแรกมีรูที่มุมบนด้านในของครีบอก อาศัยอยู่ตามพื้นท้องทะเล, กบ บู่ทะเล ผีหลอก หรือ อุบ ก็เรียก."
อุบ 1,ก.,นิ่งไว้ไม่เปิดเผย เช่น เรื่องนี้อุบไว้ก่อน
อุบ 2,ก.,"ถือเอา, ริบเอา, เช่น อุบเอามาเป็นของตน, ไม่ยอมให้เปลี่ยนแปลง เช่น ที่รับปากไว้แล้ว อุบละนะ."
อุบ 3,ว.,"อาการที่พูดหรือบ่นเบา ๆ เป็นต้น เช่น ด่าอุบ บ่นอุบ, อุบอิบ อุบอิบ ๆ หรือ อุบ ๆ อิบ ๆ ก็ว่า."
อุบ ๆ อิบ ๆ 0,ว.,"อาการที่พูดหรือบ่นเบา ๆ เป็นต้น เช่น ด่าอุบอิบ พูดอุบอิบ ๆ บ่นอุบ ๆ อิบ ๆ, อุบ ก็ว่า."
อุบไต๋ 0,ก.,"ปกปิดไพ่ตัวสำคัญไว้ไม่ให้คู่แข่งรู้, ปกปิดกลเม็ด ทีเด็ด ความลับ หรือเจตนาไว้, กลบไต๋ ก็ว่า."
อุบล 0,น.,บัวสาย.
อุบอิบ 0,ว.,"อาการที่พูดหรือบ่นเบา ๆ เป็นต้น เช่น ด่าอุบอิบ พูดอุบอิบ ๆ บ่นอุบ ๆ อิบ ๆ, อุบ ก็ว่า."
อุบอิบ ๆ 0,ว.,"อาการที่พูดหรือบ่นเบา ๆ เป็นต้น เช่น ด่าอุบอิบ พูดอุบอิบ ๆ บ่นอุบ ๆ อิบ ๆ, อุบ ก็ว่า."
อุบะ 0,น.,เป็นดอกไม้ที่ร้อยเป็นสายแล้วเข้าพวงอย่างพู่สำหรับห้อยกับมาลัย ห้อยระหว่างเฟื่อง หรือห้อยประดับข้างหูเป็นต้น.
อุบ๊ะ 0,อ.,"คำที่เปล่งออกมาแสดงความไม่พอใจหรือประหลาดใจเป็นต้น, บ๊ะ ก็ว่า."
อุบัติ 0,น.,"การเกิดขึ้น, กำเนิด, การบังเกิด"
อุบัติ 1,น.,"รากเหง้า, เหตุ."
อุบัติ 2,ก.,"เกิด, เกิดขึ้น."
อุบัติ- 0,น.,"การเกิดขึ้น, กำเนิด, การบังเกิด"
อุบัติ- 1,น.,"รากเหง้า, เหตุ."
อุบัติ- 2,ก.,"เกิด, เกิดขึ้น."
อุบัติภัย 0,น.,ภัยที่เกิดจากอุบัติเหตุ.
อุบัติเหตุ 0,น.,"เหตุที่เกิดขึ้นโดยไม่คาดคิด, ความบังเอิญเป็น."
อุบาท 0,น.,"การบังเกิด, กำเนิด, มักใช้เป็นส่วนท้ายสมาส เช่น พุทธุบาท (พุทธ + อุบาท), พุทธุปบาท (พุทธ + อุปบาท)."
อุบาทว์ 0,ว.,"อัปรีย์, จัญไร, ไม่เป็นมงคล."
อุบาย 0,น.,วิธีการอันแยบคาย
อุบาย 1,น.,"เล่ห์กล, เล่ห์เหลี่ยม."
อุบาสก 0,น.,คฤหัสถ์ผู้ชายที่นับถือพระพุทธศาสนาอย่างมั่นคง.
อุบาสิกา 0,น.,คฤหัสถ์ผู้หญิงที่นับถือพระพุทธศาสนาอย่างมั่นคง.
อุเบกขา 0,น.,"ความวางใจเฉยอยู่, ความเที่ยงธรรม, ความวางตัวเป็นกลาง, เป็นข้อ ๑ ในพรหมวิหาร ๔ คือ เมตตา กรุณา มุทิตา อุเบกขา."
อุโบสถ 0,น.,"เรียกสถานที่ที่พระสงฆ์ประชุมกันทำสังฆกรรมเช่นสวดพระปาติโมกข์ อุปสมบท ว่า โรงอุโบสถ หรือ อุโบสถ, เรียกย่อว่า โบสถ์"
อุโบสถ 1,น.,เรียกวันพระ ว่า วันอุโบสถ
อุโบสถ 2,น.,เรียกการแสดงพระปาติโมกข์ของพระสงฆ์ทุก ๆ กึ่งเดือน คือ ในวันขึ้น ๑๕ ค่ำ และวันแรม ๑๕ ค่ำ หรือวันแรม ๑๔ ค่ำ ในเดือนขาด ว่า การทำอุโบสถ
อุโบสถ 3,น.,เรียกการรักษาศีล ๘ ของคฤหัสถ์ ว่า การรักษาอุโบสถ.
อุโบสถ 4,น.,"ชื่อช้างตระกูล ๑ ใน ๑๐ ตระกูล กายสีทองคำ, ช้าง ๑๐ ตระกูล คือ ๑. กาฬาวกหัตถี ๒. คังไคยหัตถี ๓. ปัณฑรหัตถี ๔. ตามพหัตถี ๕. ปิงคลหัตถี ๖. คันธหัตถี ๗. มงคลหัตถี ๘. เหมหัตถี ๙. อุโบสถหัตถี ๑๐. ฉัททันตหัตถี."
อุโบสถกรรม 0,น.,การทำอุโบสถ.
อุโบสถหัตถี 0,น.,"ชื่อช้างตระกูล ๑ ใน ๑๐ ตระกูล กายสีทองคำ, ช้าง ๑๐ ตระกูล คือ ๑. กาฬาวกหัตถี ๒. คังไคยหัตถี ๓. ปัณฑรหัตถี ๔. ตามพหัตถี ๕. ปิงคลหัตถี ๖. คันธหัตถี ๗. มงคลหัตถี ๘. เหมหัตถี ๙. อุโบสถหัตถี ๑๐. ฉัททันตหัตถี."
อุปกรณ์ 0,น.,"เครื่องมือ, เครื่องใช้, เครื่องช่วย, เครื่องประกอบ"
อุปกรณ์ 1,น.,สังหาริมทรัพย์ซึ่งโดยปรกตินิยมเฉพาะถิ่นหรือโดยเจตนาชัดแจ้งของเจ้าของทรัพย์ที่เป็นประธาน เป็นของใช้ประจำอยู่กับทรัพย์ที่เป็นประธานเป็นอาจิณเพื่อประโยชน์แก่การจัดดูแล ใช้สอย หรือรักษาทรัพย์ที่เป็นประธาน และเจ้าของทรัพย์ได้นำมาสู่ทรัพย์ที่เป็นประธานโดยการนำมาติดต่อหรือปรับเข้าไว้ หรือทำโดยประการอื่นใดในฐานะเป็นของใช้ประกอบกับทรัพย์ที่เป็นประธานนั้น เช่น ยางอะไหล่.
อุปกรม 0,น.,"การเข้าใกล้, การตั้งต้น, การพยายาม."
อุปการ- 0,น.,"ความช่วยเหลือเกื้อกูล, ความอุดหนุน, คู่กับ ปฏิการะ = การสนองคุณ, การตอบแทนคุณ."
อุปการ- 1,ก.,"ช่วยเหลือเกื้อกูล, อุดหนุน."
อุปการ 0,น.,เรียกม้าที่ปล่อยในพิธีอัศวเมธ ว่า ม้าอุปการ.
อุปการะ 0,น.,"ความช่วยเหลือเกื้อกูล, ความอุดหนุน, คู่กับ ปฏิการะ = การสนองคุณ, การตอบแทนคุณ."
อุปการะ 1,ก.,"ช่วยเหลือเกื้อกูล, อุดหนุน."
อุปการี 0,น.,"ผู้ช่วยเหลือ, ผู้อุดหนุน, หญิงใช้ว่า อุปการิณี."
อุปกาศ 0,ก.,"แจ้งข่าว เรื่อง หรือข้อความ เช่น เขือไปอุปกาศแล้ว เขือมา (ลอ), ร้องอุปกาศสารแก่กรุงสญชัยปิตุราช (ม. ร่ายยาว หิมพานต์)."
อุปกิณณะ 0,ว.,"ปกคลุมไว้, ปิดบังอยู่."
อุปกิเลส 0,น.,เครื่องทำใจให้เศร้าหมอง มี ๑๖ อย่าง มี อภิชฌาวิสมโลภ เป็นต้น.
อุปจาร 0,น.,"การเข้าใกล้, ที่ใกล้, บริเวณรอบ ๆ เช่น อุปจารวัด."
อุปถัมภ์ 0,น.,"การคํ้าจุน, การคํ้าชู, การสนับสนุน, การเลี้ยงดู."
อุปถัมภ์ 1,ก.,"คํ้าจุน, คํ้าชู, สนับสนุน, เลี้ยงดู."
อุปถัมภก 0,น.,"ผู้คํ้าจุน, ผู้ค้ำชู, ผู้สนับสนุน, ผู้เลี้ยงดู."
อุปทม 0,น.,กามโรค.
อุปทูต 0,น.,ผู้รักษาการในตำแหน่งหรือรักษาการแทนหัวหน้าสถานเอกอัครราชทูตหรือหัวหน้าคณะผู้แทนทางการทูต
อุปทูต 1,น.,ตำแหน่งรองจากราชทูต.
อุปเทศ 0,น.,"การชี้แจง, การสั่งสอน, การแนะนำ"
อุปเทศ 1,น.,"คำสั่งสอน, คำชี้แจง, คำแนะนำ."
อุปเทศ 2,ก.,"สอน, ชี้แจง, แนะนำ."
อุปเท่ห์ 0,น.,"อุบายดำเนินการ, วิธีดำเนินการ."
อุปธิ 0,น.,"กิเลส, ความพัวพัน, เหตุแห่งการเวียนเกิด"
อุปธิ 1,น.,"ขันธ์ ๕, ร่างกาย."
อุปนัย 0,น.,"วิธีการใช้เหตุผลที่ดำเนินจากส่วนย่อยไปหาส่วนรวม เช่น นาย ก. เกิดมาแล้วต้องตาย นาย ข. เกิดมาแล้วต้องตาย นาย ค. เกิดมาแล้วต้องตาย เพราะฉะนั้นมนุษย์ทุกคนเกิดมาแล้วต้องตาย, ตรงข้ามกับ นิรนัย."
อุปนิกขิต 0,ก.,"เก็บไว้, รักษาไว้."
อุปนิกขิต 1,น.,"คนสอดแนม, จารชน."
อุปนิกษิต 0,ก.,"เก็บไว้, รักษาไว้."
อุปนิกษิต 1,น.,"คนสอดแนม, จารชน."
อุปนิษัท 0,น.,ชื่อคัมภีร์ภาษาสันสกฤตกลุ่มหนึ่ง คัมภีร์อุปนิษัทรุ่นแรกเป็นพื้นฐานของศาสนาพราหมณ์ที่สอนว่าทุกสิ่งทุกอย่างออกมาจากอาตมัน.
อุปนิสัย 0,น.,"ความประพฤติที่เคยชินเป็นพื้นมาในสันดาน เช่น ก่อนที่พระพุทธเจ้าจะเสด็จไปเทศน์โปรดผู้ใดจะต้องทรงพิจารณาถึงอุปนิสัยของผู้นั้นก่อน, ความประพฤติที่เคยชินจนเกือบเป็นนิสัย เช่น นักเรียนคนนี้มีอุปนิสัยดี."
อุปบล 0,น.,"อุบล, บัวสาย, ดอกบัว, มักใช้เป็นส่วนท้ายของสมาส เช่น นีลุปบล ว่า บัวขาบ."
อุปบัติ 0,น.,"การเข้าถึง เช่น คติอุปบัติ = การเข้าถึงคติ, การเกิด."
อุปบาท 0,น.,"การบังเกิด, กำเนิด, มักใช้เป็นส่วนท้ายสมาส เช่น พุทธุบาท (พุทธ + อุบาท), พุทธุปบาท (พุทธ + อุปบาท)."
อุปปาติกะ 0,น.,"ผู้เกิดผุดขึ้นโดยไม่ต้องอาศัยพ่อแม่ อาศัยอดีตกรรม ได้แก่เทวดา พรหม สัตว์นรก เปรต อสุรกาย, โอปปาติกะ ก็เรียก."
อุปพัทธ์ 0,ก.,"เนื่อง, เนื่องกัน."
อุปพัทธ์ 1,ว.,ที่เนื่องกัน.
อุปพันธ์ 0,น.,"การติดต่อ, การร่วม"
อุปพันธ์ 1,น.,"เยื่อใย, เครื่องผูกพัน."
อุปโภค 0,ก.,"เอามาใช้ให้เกิดประโยชน์, คู่กับ บริโภค."
อุปโภค 1,ว.,ที่เอามาใช้ให้เกิดประโยชน์ ในคำว่า เครื่องอุปโภค.
อุปมา 0,น.,"สิ่งหรือข้อความที่ยกมาเปรียบ, มักใช้เข้าคู่กับ อุปไมย ในประโยคเช่น เรื่องนี้มีอุปมาฉันใด อุปไมยก็ฉันนั้น."
อุปมา 1,ก.,เปรียบเทียบ.
อุปมาน 0,น.,การเปรียบเทียบสิ่งที่มีลักษณะคล้ายคลึงกัน.
อุปมาโวหาร 0,น.,สำนวนเขียนที่กล่าวถึงเรื่องราวโดยยกสิ่งต่าง ๆ ขึ้นมาเปรียบเทียบประกอบ.
อุปมาอุปไมย 0,น.,การเปรียบเทียบกัน.
อุปไมย 0,น.,"สิ่งหรือข้อความที่พึงเปรียบเทียบกับสิ่งอื่นเพื่อให้เข้าใจแจ่มแจ้ง, คู่กับ อุปมา."
อุปยุวราช 0,น.,ตำแหน่งเจ้าในนครล้านช้างรองพระเจ้าแผ่นดิน แต่อยู่เหนืออุปราช.
อุปโยค 0,น.,"การใช้สอย, การทำให้เกิดประโยชน์."
อุปโยคบุรพบท 0,น.,ในไวยากรณ์หมายถึงคำนำหน้ากรรมการก.
อุปรากร 0,น.,ละครเพลงประเภทหนึ่ง ดำเนินเรื่องด้วยการร้องเพลงผสมผสานการบรรเลงจากวงดุริยางค์.
อุปราคา 0,น.,"การทำให้ดำ, การทำให้มีมลทิน, ในคำว่า จันทรุปราคา สุริยุปราคา."
อุปราช 0,น.,ผู้สำเร็จราชการต่างพระองค์ประจำภาคหนึ่ง ๆ ในอาณาจักร.
อุปริ 0,*ว.,คำประกอบหน้าศัพท์ภาษาบาลีและสันสกฤต แปลว่า เบื้องบน ข้างบน.
อุปริจร 0,ว.,เคลื่อนไปในอากาศ.
อุปริพุทธิ 0,ว.,กอบด้วยปัญญาอันสูง.
อุปริภาค 0,น.,"ส่วนบน, ข้างบน."
อุปริภาพ 0,น.,ฐานะหรือความเป็นอยู่อย่างสูง.
อุปริม- 0,ว.,"อยู่สูงสุด, เบื้องบนที่สุด."
อุปริมปริยาย 0,น.,เนื้อความอันสูงสุด.
อุปริวัสน์ 0,น.,"เครื่องแต่งกายตอนบน, เสื้อ."
อุปริสัจ 0,น.,ธรรมอันสูง.
อุปโลกน์ 0,ก.,ยกกันขึ้นไป เช่น อุปโลกน์ให้เป็นหัวหน้า.
อุปโลกน์ 1,ก.,"ยกกันขึ้นเป็น เช่น อุปโลกน์ให้เป็นหัวหน้า, อปโลกน์ ก็ว่า."
อุปเวท 0,น.,คัมภีร์ “พระเวทรอง” ของอินเดียโบราณ เนื้อหามีลักษณะเป็นวิทยาการ ไม่นับว่าเป็นคัมภีร์ศาสนา ได้แก่ อายุรเวท (วิชาแพทย์ ถือว่าเป็นสาขาของคัมภีร์อถรรพเวทหรืออาถรรพเวท) ธนุรเวท (วิชายิงธนูและการใช้อาวุธอื่น ถือว่าเป็นสาขาของคัมภีร์ยชุรเวท) คันธรรพเวทหรือคานธรรพเวท (วิชาการดนตรี ถือว่าเป็นสาขาของคัมภีร์สามเวท) และสถาปัตยเวท (วิชาการก่อสร้าง ไม่ระบุว่าเป็นสาขาของคัมภีร์พระเวทใด).
อุปสมบท 0,ก.,บวชเป็นภิกษุ.
อุปสมบทกรรม 0,น.,การบวชเป็นภิกษุ.
อุปสมบัน 0,น.,"ผู้อุปสมบทแล้ว, ภิกษุ, คู่กับ อนุปสัมบัน ได้แก่ผู้ที่ไม่ได้อุปสมบท คือ สามเณรและคฤหัสถ์."
อุปสรรค 0,น.,"เครื่องขัดข้อง, ความขัดข้อง, เครื่องขัดขวาง. (ส. อุปสรฺค"
อุปสรรค 1,น.,ป. อุปสคฺค)
อุปสรรค 2,น.,"คำสำหรับใช้เติมข้างหน้าคำนามหรือคำกริยาที่เป็นรูปคำบาลีหรือสันสกฤตให้มีความหมายแผกเพี้ยนไปจากเดิม หรือมีความหมายตรงข้ามกับความหมายเดิมเป็นต้น และถือเป็นคำเดียวกับคำนามหรือคำกริยานั้น เพราะตามปรกติจะไม่ใช้ตามลำพัง เช่น วัฒน์ = เจริญ อภิวัฒน์ = เจริญยิ่ง ปักษ์ = ฝ่าย ปฏิปักษ์ = ฝ่ายตรงข้าม, ข้าศึก, ศัตรู."
อุปสัมบัน 0,น.,"ผู้อุปสมบทแล้ว, ภิกษุ, คู่กับ อนุปสัมบัน ได้แก่ผู้ที่ไม่ได้อุปสมบท คือ สามเณรและคฤหัสถ์."
อุปสัมปทา 0,น.,การบวชเป็นภิกษุ.
อุปสัมปทาเปกข์ 0,น.,“ผู้เพ่งอุปสมบท” คือ นาคที่บรรพชาเป็นสามเณรแล้วและจะขอบวชเป็นภิกษุต่อไป.
อุปสัมปทาเปกษ์ 0,น.,“ผู้เพ่งอุปสมบท” คือ นาคที่บรรพชาเป็นสามเณรแล้วและจะขอบวชเป็นภิกษุต่อไป.
อุปฮาด 0,น.,ตำแหน่งรองจากเจ้าเมืองในภาคอีสานสมัยต้นรัตนโกสินทร์ เช่น พระยาก่ำได้ตั้งให้ท้าวแก้วผู้น้องชายเป็นอุปฮาดอยู่บ้านหนึ่งต่างหาก (ลัทธิธรรมเนียมต่าง ๆ : ว่าด้วยชนชาติภูไทย)
อุปฮาด 1,น.,ตำแหน่งเจ้าชั้นสูงรองจากตำแหน่งเจ้านครในภาคเหนือ เรียกว่า พระยาอุปราช หรือ เจ้าอุปราช แต่ชาวไทยในภาคเหนือออกเสียงเป็น อุปฮาด.
อุปะ 0,*ว.,"คำประกอบหน้าศัพท์ที่มาจากภาษาบาลีและสันสกฤต แปลว่า เข้าไป, ใกล้, รอง, เช่น อุปราช อุปนายก."
อุปัชฌาย์ 0,น.,พระเถระผู้เป็นประธานการบวชกุลบุตรในพระพุทธศาสนา.
อุปัชฌาย- 0,น.,พระเถระผู้เป็นประธานการบวชกุลบุตรในพระพุทธศาสนา.
อุปัชฌายวัตร 0,น.,กิจที่สัทธิงวิหาริกจะต้องปฏิบัติต่ออุปัชฌาย์ของตน.
อุปัชฌายะ 0,น.,พระเถระผู้เป็นประธานการบวชกุลบุตรในพระพุทธศาสนา.
อุปัฏฐาก 0,น.,"ผู้อุปถัมภ์บำรุงพระภิกษุสามเณร, ถ้าเป็นหญิงใช้ อุปัฏฐายิกา."
อุปัฏฐานะ 0,น.,"การบำรุง, การรับใช้."
อุปัทรพ 0,ว.,อุปัทวะ.
อุปัทว- 0,ว.,"อุบาทว์, อัปรีย์, จัญไร, ไม่เป็นมงคล, นิยมใช้คู่กับคำ อันตราย เป็น อุปัทวันตราย."
อุปัทวะ 0,ว.,"อุบาทว์, อัปรีย์, จัญไร, ไม่เป็นมงคล, นิยมใช้คู่กับคำ อันตราย เป็น อุปัทวันตราย."
อุปัทวันตราย 0,น.,สิ่งอุบาทว์และอันตราย.
อุปาณ- 0,ว.,เปรียบเทียบ เช่น อุปาณวาจา ว่า การกล่าวเปรียบเทียบ.
อุปาทาน 0,น.,"การยึดมั่นถือมั่น, การนึกเอาเองแล้วยึดมั่นถือมั่นว่าจะต้องเป็นอย่างนั้น ๆ."
อุปาธยาย 0,น.,อุปัชฌาย์.
อุปาหนา 0,น.,รองเท้า.
อุภัย 0,ว.,"ทั้งสอง, ทั้งคู่."
อุ้ม 0,ก.,"โอบยกขึ้น, ยกขึ้นไว้กับตัว, เช่น อุ้มเด็ก"
อุ้ม 1,ก.,"หอบไป, พาไป, เช่น เมฆอุ้มฝน."
อุ้ม 2,น.,ชื่อวัยของเด็กก่อนวัยจูง เรียกว่า วัยอุ้ม.
อุมงค์ 0,น.,"ทางใต้ดิน, ช่องหรือทางที่ขุดลงไปใต้ดินหรือในภูเขา."
อุ้มชู 0,ก.,"ประคับประคอง, เลี้ยงดูอย่างยกย่อง."
อุ้มท้อง 0,ก.,มีลูกอยู่ในท้อง.
อุ้มน้ำ 0,ก.,มีนํ้าซึมซาบชุ่มอยู่ภายใน.
อุ้มสม 0,ก.,"อุ้มไปให้สมสู่กัน (ในวรรณคดีใช้แก่การที่เทวดาอุ้มพระเอกไปให้สมสู่กับนางเอกที่ตนเห็นว่าคู่ควรกัน), (สำ) เปรียบเทียบคู่ผัวเมียที่เหมาะสมกันว่า ราวกับเทวดาอุ้มสม."
อุโมงค์ 0,น.,"ทางใต้ดิน, ช่องหรือทางที่ขุดลงไปใต้ดินหรือในภูเขา."
อุ่ย 0,อ.,"คำที่เปล่งออกมาเมื่อรู้สึกเจ็บเช่นถูกหยิก, อูย ก็ใช้."
อุ้ย 0,ว.,หนักและแน่น.
อุ๊ย 0,อ.,คำที่เปล่งออกมาแสดงอาการตกใจ มักเป็นเสียงผู้หญิง.
อุย 0,น.,ลักษณะของขนอ่อนหรือขนเพิ่งแรกขึ้น เรียกว่า ขนอุย.
อุย 1,น.,ปลาดุกอุย. (ดู ดุก).
อุย 2,อ.,"คำที่เปล่งออกมาเมื่อรู้สึกเจ็บเช่นถูกหยิก, อูย ก็ใช้."
อุยยาน 0,น.,"อุทยาน, สวนเป็นที่รื่นรมย์."
อุยยาม 0,น.,"ความหมั่น, ความบากบั่น, ความขยันขันแข็ง."
อุ้ยยุ้ย 0,ว.,อ้วนท้องพลุ้ย.
อุยโยค 0,น.,"การจากไป, ความเสื่อมสิ้น"
อุยโยค 1,น.,ความตาย.
อุยหน่า 0,อ.,คำที่เปล่งออกมาเมื่อรู้สึกเจ็บเช่นถูกหยิก.
อุ่ยหน่า 0,อ.,คำที่เปล่งออกมาเมื่อรู้สึกเจ็บเช่นถูกหยิก.
อุ้ยอ้าย 0,ว.,"ไม่คล่องแคล่ว, เคลื่อนตัวยากอย่างคนอ้วน."
อุร- 0,น.,อก.
อุรคะ 0,น.,"“ผู้ที่ไปด้วยอก” คือ งู, นาค."
อุรเคนทร์ 0,น.,พญานาค.
อุรณะ 0,น.,แกะตัวผู้.
อุรพี 0,น.,"“ผู้กว้างใหญ่” คือ แผ่นดิน, โลก."
อุรส 0,น.,“ผู้ที่เกิดแต่อก” คือ ลูก.
อุระ 0,น.,อก.
อุรังอุตัง 0,น.,ชื่อลิงขนาดใหญ่ชนิด Pongo pygmaeus (Linn.) ในวงศ์ Pongidae รูปร่างคล้ายคน ขนลำตัวยาวสีนํ้าตาลแดง แขนยาว ขาสั้นและค่อนข้างเล็ก ใบหูเล็กมาก ตัวผู้มีถุงลมขนาดใหญ่ตรงคอหอยและส่วนแก้มจะขยายออกทางด้านข้าง นิ้วตีนนิ้วแรกไม่มีเล็บ อาศัยอยู่บนต้นไม้ กินผลไม้ ยอดและหน่อของต้นไม้ มี ๒ พันธุ์ย่อย คือ พันธุ์สุมาตรา ( P. p. abeliLesson) และพันธุ์บอร์เนียว [ P. p. pygmaeus (Linn.)] มีถิ่นกำเนิดเฉพาะในเกาะสุมาตราและเกาะบอร์เนียวเท่านั้น.
อุรัจฉทะ 0,น.,"เครื่องกำบังอก, เกราะ"
อุรัจฉทะ 1,น.,เครื่องประดับอก.
อุรัจฉัท 0,น.,"เครื่องกำบังอก, เกราะ"
อุรัจฉัท 1,น.,เครื่องประดับอก.
อุรา 0,น.,อก.
อุรา 1,น.,อก.
อุรา 2,น.,แกะตัวเมีย.
อุรุ 0,ว.,"ใหญ่, ยิ่งใหญ่, เลิศ, ประเสริฐ."
อุรุ 1,น.,ทราย.
อุไร 0,น.,ทองคำ.
อุลกมณี 0,น.,อุกกาบาตที่นำมาเจียระไนทำเป็นเครื่องประดับ เชื่อว่าเป็นเครื่องรางอย่างหนึ่ง.
อุลปนะ 0,น.,"การกล่าวอ้าง, การเรียกร้อง."
อุลโลจ 0,น.,"เครื่องกั้นข้างบน, เพดาน."
อุลโลละ 0,น.,คลื่น
อุลโลละ 1,น.,"ความปั่นป่วน, ความไม่ราบคาบ."
อุลามก 0,ว.,"เลวทรามต่ำช้า, อุจาดลามก."
อุลิด 0,น.,แตงโม.
อุลูกะ 0,น.,นกเค้าแมว.
อุโลก 0,น.,"ชื่อไม้ต้นชนิด Hymenodictyon orixense (Roxb.) Mabb. ในวงศ์ Rubiaceae เนื้อไม้สีขาว ใช้ทำยาได้, ส้มกบ ก็เรียก."
อุวะ 0,อ.,"คำที่เปล่งออกมาแสดงอารมณ์ผิดคาดหรือผิดหวังเป็นต้น, วะ ก็ว่า."
อุแว้ 0,ก.,"ร้อง (ใช้แก่เด็กแดง ๆ) เช่น เด็กคนนี้ พออุแว้ออกมาก็มีเงินเป็นล้านแล้ว, แว้ ก็ว่า."
อุแว้ 1,ว.,"เสียงอย่างเสียงเด็กแดง ๆ ร้อง เช่น เสียงลูกร้องอุแว้, แว้ ก็ว่า."
อุษณ- 0,น.,ความร้อน
อุษณ- 1,น.,ฤดูร้อน
อุษณ- 2,น.,ของร้อน.
อุษณ- 3,ว.,"ร้อน, อบอุ่น."
อุษณกร 0,น.,“ผู้กระทำความร้อน” หมายถึง พระอาทิตย์.
อุษณกาล 0,น.,ฤดูร้อน.
อุษณรัศมี 0,ว.,"มีรัศมีร้อน หมายถึง พระอาทิตย์, คู่กับ สีตลรัศมี มีรัศมีเย็น หมายถึง พระจันทร์."
อุษณรุจี 0,ว.,มีแสงอันร้อน หมายถึง พระอาทิตย์.
อุษณาการ 0,น.,อาการเร่าร้อน.
อุษณีษ์ 0,น.,มงกุฎ
อุษณีษ์ 1,น.,กรอบหน้า.
อุษมะ 0,น.,"ไอ, ไออุ่น."
อุษมัน 0,น.,"ไอ, ไออุ่น."
อุษา 0,น.,"แสงเงินแสงทอง, เช้าตรู่, รุ่งเช้า."
อุษาโยค 0,น.,เวลาใกล้รุ่ง.
อุสภ 0,น.,"วัวผู้ (เป็นเครื่องหมายแสดงความสามารถของบุรุษผู้นักรบ), เขียนเป็น อุสุภ ก็มี."
อุสภ 1,น.,"ชื่อมาตราวัดความยาวของอินเดียโบราณเท่ากับ ๑ เส้น ๕ วา, ๘๐ อุสภ เป็น ๑ คาวุต."
อุสวะ 0,น.,"การฉลอง, การรื่นเริง, การเล่นสนุก, มหรสพ."
อุสส่าห์ 0,น.,อุตสาหะ.
อุสส่าห์ 1,ก.,อุตส่าห์.
อุสสาหะ 0,น.,อุตสาหะ.
อุสสาหะ 1,ก.,อุตส่าห์.
อุสา 0,น.,เนื้อสมัน.
อุสุ 0,น.,"ธนู, หน้าไม้, เครื่องยิง."
อุสุการ 0,น.,ช่างทำธนู.
อุสุภ 0,น.,"วัวผู้, อุสภ ก็ว่า."
อุสุภ- 0,น.,"วัวผู้, อุสภ ก็ว่า."
อุสุภราช 0,น.,พญาวัว.
อุสุม 0,น.,"ไอ, ไออุ่น"
อุสุม 1,น.,ความร้อน
อุสุม 2,น.,"ฤดูร้อน, แผลงใช้เป็น อรสุม ก็มี เช่น อรสุมพล = กำลังไอนํ้า"
อุสุม 3,น.,ในไวยากรณ์เรียกเสียงพยัญชนะที่มีลมเสียดแทรกออกมาระหว่างลิ้นกับฟัน ว่า มีเสียงอุสุม ได้แก่เสียง ศ ษ ส.
อุหรับ 0,น.,ผงกระแจะจันทน์ปนทองสำหรับเจิมในการอภิเษกรดนํ้า เช่น อบอุหรับจับกลิ่นหอมหวน (อิเหนา).
อุหลบ 0,น.,"ระดู, ราชาศัพท์ใช้ว่า พระอุหลบ."
อุเหม่ 0,อ.,"คำที่เปล่งออกมาแสดงความโกรธเพื่อขู่หรือตวาด, เหม่ หรือ เหม่ ๆ ก็ว่า."
อุฬาร 0,ว.,"ใหญ่โต, โอ่โถง, กว้างขวาง"
อุฬาร 1,ว.,"ยิ่งใหญ่, เลิศล้น"
อุฬาร 2,ว.,"ประเสริฐ, ดี"
อุฬาร 3,ว.,แผลงเป็น โอฬาร หรือ เอาฬาร ก็ได้.
อู 0,น.,ชื่อไก่ชนิด Gallus gallus (Linn.) ตัวผู้บริเวณหน้า หงอน และเหนียงสีแดงจัด ขนคอยาว สีน้ำตาลแดง ขนปีกสีดำเหลือบเขียวเป็นมัน ขนตะโพกสีเหลือง ขนหางยาวเป็นมันสีดำเหลือบเขียว อาจมีขนสีเหลืองหรือขาวแซม ลำตัวล่ำ ช่วงไหล่ใหญ่ น่องใหญ่ล่ำ แข้งกลมเรียวมีเกล็ดขนาดใหญ่สีเหลืองอ่อน เทา หรือเหลืองอมแดง มีเดือยข้างละ ๑ อัน ลักษณะยาวปลายโค้งแหลม ตัวเมียรูปร่างเล็กกว่า ขนตามลำตัวส่วนมากมีสีดำ หรือดำประขาว มีหลายพันธุ์ เช่น ประดู่หางดำ เหลืองหางขาว.
อู่ 0,น.,"เปลเด็ก, ราชาศัพท์ใช้ว่า พระอู่"
อู่ 1,น.,ที่เดิม ในคำว่า มดลูกเข้าอู่
อู่ 2,น.,แหล่งที่เกิด เช่น อู่ข้าว อู่นํ้า
อู่ 3,น.,ที่ที่ต่อหรือซ่อมรถหรือเรือ
อู่ 4,น.,ที่ที่ไขนํ้าเข้าออกได้ สำหรับเก็บเรือหรือซุง.
อู้ 0,ว.,มีเสียงอย่างเสียงลมพัด
อู้ 1,ว.,มาก ในคำว่า บ่นอู้.
อู้ 2,น.,ชื่อซอ ๒ สายชนิดหนึ่ง ตัวกะโหลกซอทำด้วยกะลามะพร้าวชนิดกลมรี ใช้หนังแพะหรือหนังลูกวัวขึงขึ้นหน้า คันสีหรือคันชักทำด้วยไม้จริงหรืองา สายทำด้วยขนหางม้า มีเสียงทุ้มในเวลาสี เรียกว่า ซออู้.
อู้ 3,ก.,"ถ่วง, แกล้งทำให้เสร็จช้าลง, เช่น อู้งาน, รอเวลาไว้เพื่อหวังเอาประโยชน์ ในความว่า อู้ไว้กินบ้อ (ในการเล่นบ้อหุ้น)."
อูฐ 0,น.,"ชื่อสัตว์เลี้ยงลูกด้วยนมในวงศ์ Camelidae เป็นสัตว์กีบคู่ขนาดใหญ่ หัว คอ และขาทั้ง ๔ ยาว มีนิ้วตีนข้างละ ๒ นิ้ว กระเพาะมี ๓ ส่วน ไม่มีถุงนํ้าดี ดื่มน้ำทีละมาก ๆ อดน้ำได้นาน ๆ มี ๒ ชนิด คือ ชนิด ๒ หนอก ได้แก่ ชนิด Camelus ferus Przewalski, และชนิดหนอกเดียว ได้แก่ ชนิด C. dromedarius Linn. มีในทวีปแอฟริกา ใช้เป็นพาหนะหรือขนของในทะเลทราย."
อูด 0,น.,เครื่องที่ทำให้ว่าวมีเสียงดังเมื่อถูกลมพัด เช่น อูดที่หัวว่าวจุฬา.
อูด 1,ก.,"นูนขึ้น เช่น นํ้าอูด, นูนเบ่งขึ้นมาในลักษณะอย่างดินอูด."
อู่น้ำ 0,น.,อู่ซ่อมเรือชนิดหนึ่ง เมื่อนำเรือเข้าในอู่แล้ว ปรับระดับนํ้าภายในอู่ให้เรือลอยอยู่ในระดับที่ต้องการเพื่อให้ซ่อมได้โดยสะดวก.
อูม 0,ว.,"โป่งพอง เช่น หน้าอูม, เบ่งนูนขึ้น เช่น บวมอูม."
อูย 0,ว.,"คำที่เปล่งออกมาเมื่อรู้สึกเจ็บหรือถูกหยิก, อุย หรือ อุ่ย ก็ใช้."
อูรุ 0,น.,"โคนขา, ขาอ่อน."
อู่ลอย 0,น.,อู่ซ่อมเรือชนิดหนึ่ง ลักษณะคล้ายแพ เคลื่อนที่ได้ และสามารถปรับระดับให้จมหรือลอยอยู่ในระดับลึกที่ต้องการ เมื่อนำเรือเข้าอู่แล้ว ปรับระดับอู่ให้ลอยตัวยกเรือขึ้นพ้นนํ้าเพื่อซ่อมท้องเรือภายนอก.
อู่แห้ง 0,น.,อู่ซ่อมเรือชนิดหนึ่ง เมื่อนำเรือเข้าอู่แล้ว สูบนํ้าภายในอู่ออกให้หมด ทำให้สามารถซ่อมท้องเรือภายนอกได้.
อู้อี้ 0,ว.,มีเสียงไม่ชัดเจนอย่างเสียงคนจมูกบี้หรือคนบ่น.
อู๋อี๋ 0,ว.,เสียงดังเช่นนั้นอย่างเสียงชักคันซอ.
เอ้ 0,ว.,"สำคัญ, หัวโจก, (มักใช้ในทางตำหนิ) เช่น เขาเป็นตัวเอ้ในการชวนเพื่อนหนีโรงเรียน."
เอ๊ 0,อ.,คำที่เปล่งออกมาแสดงความแปลกใจ สงสัย เป็นต้น.
เอ 0,ว.,หนึ่ง
เอ 1,ว.,"เปลี่ยว, เดี่ยว, เช่น เอองค์."
เอ 2,อ.,คำที่เปล่งออกมาแสดงความแปลกใจ สงสัย เป็นต้น.
เอ้ ๆ แอ่น ๆ 0,ก.,"ทำให้เสียเวลา, ทำชักช้า, ทำจริตกิริยาโอ้เอ้"
เอ้ ๆ แอ่น ๆ 1,ก.,อาการที่ยืนโอนไปโอนมา เอนไปเอนมา หรือ เดินถอยหน้าถอยหลัง.
เอก 0,ว.,หนึ่ง (จำนวน)
เอก 1,ว.,ชั้นที่ ๑ (ใช้เกี่ยวกับลำดับชั้น หรือขั้นของยศ ตำแหน่ง คุณภาพ หรือวิทยฐานะ สูงกว่า โท) เช่น ร้อยเอก ข้าราชการชั้นเอก ปริญญาเอก
เอก 2,ว.,เรียกเครื่องหมายวรรณยุกต์รูปดังนี้  ว่า ไม้เอก
เอก 3,ว.,"ดีเลิศ เช่น กวีเอก, สำคัญ เช่น ตัวเอก"
เอก 4,น.,"เรียกลูกหญิงคนที่ ๗ ว่า ลูกเอก, คู่กับลูกชายคนที่ ๗ ว่า ลูกเจ็ด. (กฎ.)."
เอก- 0,ว.,หนึ่ง (จำนวน)
เอก- 1,ว.,ชั้นที่ ๑ (ใช้เกี่ยวกับลำดับชั้น หรือขั้นของยศ ตำแหน่ง คุณภาพ หรือวิทยฐานะ สูงกว่า โท) เช่น ร้อยเอก ข้าราชการชั้นเอก ปริญญาเอก
เอก- 2,ว.,เรียกเครื่องหมายวรรณยุกต์รูปดังนี้  ว่า ไม้เอก
เอก- 3,ว.,"ดีเลิศ เช่น กวีเอก, สำคัญ เช่น ตัวเอก"
เอก- 4,น.,"เรียกลูกหญิงคนที่ ๗ ว่า ลูกเอก, คู่กับลูกชายคนที่ ๗ ว่า ลูกเจ็ด. (กฎ.)."
เอกเขนก 0,ว.,อาการที่เอนตัวลงเอาศอกข้างหนึ่งเท้าหมอนหรือพื้น.
เอกจิต 0,น.,"ความคิดจำเพาะถึงสิ่งอย่างเดียว, ความคิดอันหนึ่งอันเดียว, ความคิดต้องกัน, ความเห็นพ้องกัน."
เอกฉันท์ 0,ว.,มีความเห็นเป็นอย่างเดียวกันหมด.
เอกชน 0,น.,บุคคลคนหนึ่ง ๆ.
เอกชน 1,ว.,"ส่วนบุคคล, ไม่ใช่ของรัฐ, เช่น โรงพยาบาลเอกชน."
เอกซเรย์ 0,น.,"รังสีแม่เหล็กไฟฟ้าซึ่งมีย่านของการแผ่รังสีที่มีช่วงคลื่นอยู่ระหว่างประมาณ ๕ x ๑๐^-๙ เมตร ถึง ๖ x ๑๐^-๑๒ เมตร ใช้ประโยชน์ในทางแพทย์ ทางวิศวกรรม เป็นต้น, รังสีเรินต์เกน หรือ รังสีเอกซ์ ก็เรียก"
เอกซเรย์ 1,น.,"เรียกการถ่ายภาพอวัยวะภายในโดยใช้เอกซเรย์ว่า การถ่ายภาพเอกซเรย์, เรียกการรักษาโรคมะเร็งและโรคผิวหนังบางประเภท โดยใช้เอกซเรย์ที่มีช่วงคลื่นสั้นกว่าที่ใช้ถ่ายภาพ ว่า การฉายเอกซเรย์ หรือ การฉายแสง."
เอกเทศ 0,น.,"ส่วนหนึ่งต่างหาก, เฉพาะตัว, เฉพาะบุคคล, เช่น เขาแยกตัวไปทำงานเป็นเอกเทศ."
เอกโทษ 0,น.,"คำที่ใช้ไม้เอกแทนไม้โท ในตำแหน่งของบทร้อยกรองที่บังคับให้ใช้ไม้เอก โดยคงเสียงวรรณยุกต์เดิม เช่น เค่า แทน เข้า, ท่า แทน ถ้า."
เอกนัย 0,น.,"นัยอันหนึ่ง, นัยอันเดียวกัน."
เอกบท 0,น.,ชื่อเพลงไทย อัตรา ๒ ชั้น ไม่มีจังหวะหน้าทับ
เอกบท 1,น.,ชื่อเพลงไทยประเภทเพลงเถา หน้าทับปรบไก่.
เอกบุคคล 0,น.,"คนเยี่ยมยอด, คนประเสริฐ."
เอกบุรุษ 0,น.,"คนเยี่ยมยอด, คนประเสริฐ."
เอกพจน์ 0,น.,คำที่กล่าวถึงสิ่งเดียว.
เอกภพ 0,น.,ระบบซึ่งเป็นผลรวมของกาแล็กซีทั้งหมด. (อ. universe)
เอกภพ 1,น.,จำนวนประชากรทั้งหมดที่นำมาพิจารณาหรือหาตัวอย่าง.
เอก-ภริยา 0,น.,เมียหลวง.
เอกภักดิ์ 0,ว.,"จงรักต่อคนคนเดียว, ซื่อตรง."
เอกภาคี 0,น.,ฝ่ายเดียว หมายถึงประเทศที่ปลีกตัวปฏิบัติการทางการเมืองเป็นต้นโดยลำพัง ไม่มีประเทศอื่นร่วมหรือรับรู้ด้วย.
เอกภาพ 0,น.,ความเป็นอันหนึ่งอันเดียวกัน
เอกภาพ 1,น.,ความสอดคล้องกลมกลืนกัน.
เอกม 0,ว.,เอกอย่างกลาง.
เอกมัย 0,ว.,"เป็นอันหนึ่งอันเดียวกัน, เป็นแบบเหมือนกัน."
เอกรรถประโยค 0,น.,ประโยคที่มีเนื้อความเดียว มีบทกริยาสำคัญเพียงบทเดียว.
เอกรส 0,น.,รสอันเอก ได้แก่ วิมุตติรส คือ รสที่เกิดจากการหลุดพ้นจากกิเลส.
เอกระ 0,ก.,"ถือตัวไม่กลัวใคร, ไม่ขึ้นแก่ใคร."
เอกราช 0,ว.,"เป็นอิสระแก่ตน, ไม่ขึ้นแก่ใคร."
เอกรูป 0,น.,รูปแบบอย่างเดียวกัน.
เอกลักษณ์ 0,น.,ลักษณะที่เหมือนกันหรือมีร่วมกัน
เอกลักษณ์ 1,น.,ข้อความที่แสดงความเท่ากันของนิพจน์ ๒ นิพจน์ สำหรับทุกค่าของตัวไม่ทราบค่าที่ปรากฏในนิพจน์นั้น ๆ.
เอกศก 0,น.,เรียกปีจุลศักราชที่ลงท้ายด้วยเลข ๑ เช่น ปีมะแมเอกศก จุลศักราช ๑๓๔๑.
เอกส 0,ว.,เอกอย่างสามัญ.
เอกสาร 0,น.,หนังสือที่เป็นหลักฐาน.
เอกสารราชการ 0,น.,เอกสารซึ่งเจ้าพนักงานได้ทำขึ้นหรือรับรองในหน้าที่ และให้หมายความรวมถึงสำเนาเอกสารนั้น ๆ ที่เจ้าพนักงานได้รับรองในหน้าที่ด้วย.
เอกสารสิทธิ 0,น.,เอกสารที่เป็นหลักฐานแห่งการก่อ เปลี่ยนแปลง โอน สงวนหรือระงับซึ่งสิทธิ.
เอกสิทธิ์ 0,น.,สิทธิพิเศษที่ให้แก่บุคคลโดยเฉพาะ.
เอกอัครราชทูต 0,น.,ทูตอันดับหนึ่งซึ่งประมุขของรัฐแต่งตั้งไปประจำยังสำนักของประมุขของอีกรัฐหนึ่ง เพื่อให้เป็นตัวแทนในการเจรจากิจการต่าง ๆ และดูแลผลประโยชน์คนในชาติของตนในรัฐนั้น ๆ.
เอกอัครสมณทูต 0,น.,สมณทูตอันดับหนึ่งที่สันตะปาปาทรงแต่งตั้งไปประจำสำนักของประมุขของอีกรัฐหนึ่ง เพื่อเป็นตัวแทนทางการทูต รวมทั้งทำหน้าที่ดูแลและประสานงานกับคริสต์ศาสนิกชนนิกายโรมันคาทอลิกในส่วนที่เกี่ยวกับศาสนา มีฐานะระดับเดียวกับเอกอัครราชทูต.
เอกอุ 0,ว.,เอกเป็นเลิศ. (ตัดมาจาก เอกอุดม)
เอกอุ 1,ว.,"มากมาย, หนักหนา, เช่น ทำผิดอย่างเอกอุ."
เอกัคตา 0,น.,“ความมีอารมณ์เป็นอันเดียว” หมายถึง ความมีจิตแน่วแน่อยู่ในอารมณ์อันเดียว.
เอกังสพยากรณ์ 0,น.,"“การพยากรณ์โดยส่วนเดียว” หมายถึง การพยากรณ์เด็ดขาดเพียงสถานเดียวโดยไม่มีข้อแม้ เช่น พราหมณ์โกณฑัญญะพยากรณ์สิทธัตถราชกุมารว่าจะต้องออกบวชและตรัสรู้เป็นศาสดาเอกของโลกอย่างแน่นอน จัดเป็น เอกังสพยากรณ์, การตอบปัญหาที่ผู้ถามถามอย่างชัดเจน สามารถตอบได้อย่างแจ่มแจ้งทันที."
เอกังสวาที 0,น.,“ผู้กล่าวโดยส่วนเดียว” หมายถึง ผู้กล่าวยืนยันเด็ดขาดเพียงสถานเดียวโดยไม่มีข้อแม้.
เอกา 0,ว.,"หนึ่ง, คนเดียว, โดดเดี่ยว"
เอกา 1,ว.,ถือกินข้าวหนเดียวในเวลาระหว่างเช้าถึงเที่ยงเป็นกิจวัตร เรียกว่า ถือเอ้กา.
เอ้กา 0,ว.,"หนึ่ง, คนเดียว, โดดเดี่ยว"
เอ้กา 1,ว.,ถือกินข้าวหนเดียวในเวลาระหว่างเช้าถึงเที่ยงเป็นกิจวัตร เรียกว่า ถือเอ้กา.
เอกาธิปไตย 0,น.,ระบอบการปกครองโดยคนคนเดียว.
เอเคอร์ 0,น.,"หน่วยวัดพื้นที่ ๑ เอเคอร์ เท่ากับ ๔,๘๔๐ ตารางหลา หรือ ประมาณ ๔,๐๐๐ ตารางเมตร หรือ ประมาณ ๒ ไร่ครึ่ง."
เอง 0,ว.,คำเน้นแสดงว่าไม่ใช่ผู้อื่นหรือสิ่งอื่น เช่น ฉันเอง เป็นธรรมดาอยู่เอง
เอง 1,ว.,"ตามลำพัง, เฉพาะตน, เช่น ไปกันเอง"
เอง 2,ว.,"แหละ, นี่แหละ, นั่นแหละ, เช่น แค่นั้นเอง."
เอ๋ง 0,ว.,เสียงอย่างเสียงหมาร้องเมื่อถูกตีเป็นต้น.
เอ็ง 0,ส.,"คำใช้แทนผู้ที่เราพูดด้วย มักใช้พูดกับผู้น้อยหรือใช้พูดกับเพื่อนฝูงที่อยู่ในวัยเดียวกัน, เป็นสรรพนามบุรุษที่ ๒."
เอ็ด 0,ว.,หนึ่ง (ใช้เรียกจำนวนเลขที่มี ๑ อยู่ท้าย เช่น ๑๑ ว่า สิบเอ็ด ๑๐๑ ว่า ร้อยเอ็ดหรือหนึ่งร้อยเอ็ด).
เอ็ด 1,ก.,"ทำเสียงดัง, ดุ, ดุเสียงดัง"
เอ็ด 2,ก.,แพร่งพราย
เอ็ด 3,ก.,มักใช้ในความปฏิเสธว่า อย่าเอ็ดไป.
เอ็ด 4,ว.,"เอะอะ, อึกทึก."
เอ็ดตะโร 0,ก.,"ทำเสียงอึกทึกครึกโครม, ดุด้วยเสียงดังลั่น."
เอ็ดตะโร 1,ว.,อึกทึกครึกโครม.
เอดส์ 0,น.,"กลุ่มอาการและอาการแสดงที่เกิดขึ้นในผู้ป่วยที่มีภูมิคุ้มกันเสื่อมเหตุไวรัส HIV, กลุ่มอาการภูมิคุ้มกันเสื่อม ก็ว่า."
เอ็ดอึง 0,ว.,เอะอะอื้ออึง.
เอตทัคคะ 0,น.,ผู้ยอดเยี่ยมในทางใดทางหนึ่งเป็นพิเศษ.
เอ้เต 0,ว.,นั่งหรือนอนปล่อยตัวตามสบายมีท่าสง่าผ่าเผย.
เอทิลแอลกอฮอล์ 0,น.,แอลกอฮอล์ชนิดหนึ่ง มีสูตร C_2H_5OH ลักษณะเป็นของเหลว ใสไม่มีสี มีจุดเดือด ๗๘.๕ ํซ. จุดไฟติด ดื่มเข้าไปทำให้เกิดอาการมึนเมา เป็นองค์ประกอบสำคัญของสุราเมรัยทุกประเภท ใช้ประโยชน์เป็นตัวทำละลาย เป็นเชื้อเพลิงและใช้สังเคราะห์สารเคมีอื่นได้มากมาย.
เอน 0,ว.,อาการของสิ่งที่มีลักษณะยาวหรือเป็นแผ่นเป็นต้น ตั้งอยู่ แต่ไม่ตรง เช่น เสาเอน ต้นไม้เอน ฝาเอน.
เอ็น 0,น.,"กลุ่มหรือมัดเส้นใยเนื้อเยื่อเกี่ยวพัน ซึ่งเรียงตัวในทิศทางเดียวเห็นได้ชัด และไม่มีกล้ามเนื้อยึดที่ปลาย, ชาวบ้านเรียก เส้นเอ็น."
เอ็นกล้ามเนื้อ 0,น.,เอ็นชนิดที่ปลายใดปลายหนึ่งยึดกับกล้ามเนื้อ.
เอนกาย 0,ก.,นอน.
เอนไซม์ 0,น.,สารอินทรีย์ที่มีโครงสร้างซับซ้อนประเภทโปรตีน มีปรากฏอยู่ในเซลล์ที่มีชีวิตของพืชและสัตว์ ทำหน้าที่เป็นตัวเร่งปฏิกิริยาเคมีของกรรมวิธีต่าง ๆ ทางชีววิทยา เช่น การย่อยอาหาร การหมัก.
เอ็นดู 0,ก.,"มีใจรักใคร่, ปรานี."
เอนตัว 0,ก.,นอน.
เอนหลัง 0,ก.,นอน.
เอ็นอ่อน 0,น.,ชื่อไม้เถาชนิด Cryptolepis buchananii Roem. et Schult. ในวงศ์ Asclepiadaceae ดอกสีนวล เถาใช้ทำยาได้.
เอนเอียง 0,ว.,"โน้มเอียง, ไม่เที่ยงตรง, เอียงเอน ก็ว่า."
เอม 0,ว.,หวาน
เอม 1,ว.,ชื่นใจ.
เอ็มบริโอ 0,น.,ตัวอ่อนของสัตว์หรือต้นอ่อนของพืชที่ยังไม่เจริญเติบโตจนถึงขั้นที่มีอวัยวะครบบริบูรณ์.
เอมอร 0,ว.,"งามอ่อนหวาน, โดยปริยายใช้เรียกหญิงสาวที่งามละมุนละไม."
เอมโอช 0,น.,"รสหวาน, รสอร่อย."
เอ๊ย 0,อ.,คำที่เปล่งออกมาแสดงอาการว่าพูดผิดไปเป็นต้น.
เอ๊ย 1,ว.,"คำลงท้ายชื่อหรือถ้อยคำเพื่อบอกให้รู้หรือร้องเรียกด้วยความเอ็นดู, เอ๋ย ก็ว่า."
เอ๋ย 0,ว.,"คำลงท้ายชื่อหรือถ้อยคำเพื่อบอกให้รู้หรือร้องเรียกด้วยความเอ็นดู, เอ๊ย ก็ว่า"
เอ๋ย 1,ว.,คำที่ใช้ในตอนขึ้นต้นคำกลอนหรือบทดอกสร้อย เช่น กาเอ๋ยกาดำ รถเอ๋ยรถทรง.
เอย 0,*ว.,คำกล่าวประกอบหลังคำจำแนกรายละเอียด เช่น ค่าใช้จ่ายต่าง ๆ มีค่าน้ำเอย ค่าไฟเอย.
เอ่ย 0,*ว.,"คำกล่าวประกอบหลังชื่อ เป็นเชิงปรารภเป็นต้น หรือลงท้ายคำกลอน เช่น แม่เอย แกอย่ามาห้ามข้า ตัวของลูกยาก็ไม่ฟัง (มโนห์รา), เจ้ามัทรีเจ้ามาไยเวลาปานฉะนี้ พระน้องเอ่ย ผิดเวลากาล (ม. ร่ายยาว กุมาร), ทิ้งทุ่งให้มืดมัวทั่วมลฑล และทิ้งตนตัวเปลี่ยวอยู่เดียวเอย (บทดอกสร้อย)."
เอย 1,*ว.,"คำกล่าวประกอบหลังชื่อ เป็นเชิงปรารภเป็นต้น หรือลงท้ายคำกลอน เช่น แม่เอย แกอย่ามาห้ามข้า ตัวของลูกยาก็ไม่ฟัง (มโนห์รา), เจ้ามัทรีเจ้ามาไยเวลาปานฉะนี้ พระน้องเอ่ย ผิดเวลากาล (ม. ร่ายยาว กุมาร), ทิ้งทุ่งให้มืดมัวทั่วมลฑล และทิ้งตนตัวเปลี่ยวอยู่เดียวเอย (บทดอกสร้อย)."
เอ่ย 1,ก.,"เปล่งเสียงพูด, เริ่มพูด."
เอ่ย 2,ว.,คำออกเสียงใช้ในความเพื่อให้ทาย เช่น นกอะไรเอ่ย.
เอร็ดอร่อย 0,ว.,"อร่อยเหลือเกิน, อร่อยจนติดใจ."
เอราวัณ 0,น.,ช้าง ๓๓ เศียรเป็นพาหนะของพระอินทร์.
เอลา 0,น.,"ชื่อไม้ล้มลุกชนิด Elettaria cardamomum (L.) Maton ในวงศ์ Zingiberaceae มาจากประเทศอินเดียตอนใต้ ผลรูปกระสวยหรือรูปไข่ปลายแหลม สีนวล มี ๓ พู กลิ่นหอมฉุน, เอลา ลูกเอ็ล หรือ ลูกเอ็น ก็เรียก."
เอลาฬุก 0,น.,"ฟักทอง, ฟักเหลือง."
เอว 0,น.,"ส่วนกลางของร่างกายระหว่างชายโครงกับกระดูกตะโพกทั้ง ๒ ข้าง, กะเอว บั้นเอว หรือ สะเอว ก็ว่า"
เอว 1,น.,โดยปริยายหมายถึงส่วนกลางของสิ่งอื่น ๆ ตรงที่คอดเข้าไป เช่น เอวว่าวจุฬา เอวพาน.
เอ๊ว 0,อ.,"คำที่เปล่งออกมาเพื่อเยาะให้เก้อ, เฮ้ว ก็ว่า."
เอวบาง 0,น.,เรียกผู้ที่มีรูปร่างอ้อนแอ้นสะโอดสะอง.
เอวบางร่างน้อย 0,น.,เรียกผู้ที่มีรูปร่างอ้อนแอ้นสะโอดสะอง.
เอวเล็กเอวบาง 0,น.,เรียกผู้ที่มีรูปร่างอ้อนแอ้นสะโอดสะอง.
เอวัง 0,ก.,"จบ, หมดสิ้น."
เอฬกะ 0,น.,"แกะ, แพะ."
เอฬา 0,น.,นํ้าลาย.
เออ 0,อ.,"คำที่เปล่งออกมาเพื่อบอกรับหรืออนุญาต, มักเป็นคำที่ผู้ใหญ่ใช้กับผู้น้อย หรือระหว่างเพื่อนที่สนิทสนมกัน, คำที่เปล่งออกมาแสดงว่านึกเรื่องที่จะถามหรือจะพูดขึ้นได้."
เอ่อ 0,ว.,"เริ่มไหลขึ้น, มีระดับสูงขึ้น, (ใช้แก่นํ้าในแม่นํ้าลำคลองเป็นต้น)."
เออ ๆ คะ ๆ 0,ก.,"รับฟังโดยไม่ขัดคอ, รับฟังไปตามเรื่องตามราวโดยไม่แสดงความคิดเห็น, เช่น ฉันก็เออ ๆ คะ ๆ ไปอย่างนั้นแหละ."
เออน่ะ 0,อ.,คำที่เปล่งออกมาเพื่อเน้นแสดงคำรับอย่างรู้สึกรำคาญ.
เออแน่ะ 0,อ.,คำที่เปล่งออกมาแสดงความพิศวงว่า ไม่น่าจะเป็นอย่างนั้น.
เออร์เบียม 0,น.,ธาตุลำดับที่ ๖๘ สัญลักษณ์ Er เป็นโลหะ ลักษณะเป็นของแข็งเป็นเงาวาว เนื้ออ่อน หลอมละลายที่ ๑๔๙๗ ํซ. ใช้ประโยชน์นำไปผสมกับโลหะอื่นให้เป็นโลหะเจือ.
เอ้อระเหย 0,ว.,ปล่อยอารมณ์ตามสบาย.
เอ้อระเหย 1,น.,คำขึ้นต้นเพลงพวงมาลัย.
เอ้อเร้อ 0,ว.,"มากจนล้น (ใช้แก่กริยากิน), เอ้อเร้อเอ้อเต่อ ก็ว่า"
เอ้อเร้อ 1,ว.,มากเกินไปอย่างไม่เป็นระเบียบ.
เอ้อเร้อเอ้อเต่อ 0,ว.,"ปล่อยอารมณ์ตามสบาย, ยืดยาด เช่น มัวแต่เอ้อเร้อเอ้อเต่ออยู่นั่นแหละ จะทำอะไรก็ไม่ทำเสียที"
เอ้อเร้อเอ้อเต่อ 1,ว.,"มากจนล้น (ใช้แก่กริยากิน), เอ้อเร้อ ก็ว่า."
เอออวย 0,ก.,"พลอยเห็นตามไปด้วย, เห็นดีด้วย."
เออออ 0,ก.,"เห็นด้วย, พลอยเห็นตามไปด้วย, เช่น เขาก็เออออห่อหมกด้วย."
เออออห่อหมก 0,ก.,"เห็นด้วย, พลอยเห็นตามไปด้วย, เช่น เขาก็เออออห่อหมกด้วย."
เอ้อเฮอ 0,อ.,คำที่เปล่งออกมาแสดงความพิศวงหรือประหลาดใจเป็นต้น.
เอ้แอ่น 0,ก.,"ทำให้เสียเวลา, ทำชักช้า, ทำจริตกิริยาโอ้เอ้"
เอ้แอ่น 1,ก.,อาการที่ยืนโอนไปโอนมา เอนไปเอนมา หรือ เดินถอยหน้าถอยหลัง.
เอ๊ะ 0,อ.,คำที่เปล่งออกมาแสดงความฉงน ไม่เข้าใจ หรือไม่พอใจ เป็นต้น.
เอะใจ 0,ก.,"เฉลียวใจ, ฉุกคิด, สะดุดใจ."
เอะอะ 0,ก.,"อึกทึก, ทำเสียงดังโวยวาย"
เอะอะ 1,ก.,"ทันทีทันใด, ปุบปับ, ไม่ทันไตร่ตรอง, ไม่บอกกล่าวเล่าแจ้ง, เช่น เอะอะก็ไป เอะอะก็ด่า, อึกอัก ก็ว่า."
เอะอะมะเทิ่ง 0,ก.,"ส่งเสียงดัง, เอ็ดตะโรโดยไม่เกรงใจผู้อื่น."
เอา 0,ก.,ยึด เช่น เอาไว้อยู่
เอา 1,ก.,รับไว้ เช่น เขาให้ก็เอา
เอา 2,ก.,"พา, นำ, เช่น เอาตัวมา"
เอา 3,ก.,ต้องการ เช่น ทำเอาชื่อ ทำงานเอาหน้า
เอา 4,ก.,ถือเป็นสำคัญ เช่น เจรจาเอาถ้อยคำ เอาพี่เอาน้อง
เอา 5,ก.,คำใช้แทนกริยาอื่น ๆ บางคำได้.
เอา 6,ว.,เมื่อใช้ลงท้ายกริยา เป็นการเน้นกริยาแสดงถึงการตั้งหน้าตั้งตาทำต่อเนื่องกัน เช่น กินเอา ๆ.
เอา 7,น.,"เรียกลูกหญิงคนที่ ๙ ว่า ลูกเอา, คู่กับ ลูกชายคนที่ ๙ ว่า ลูกเจา."
เอาการ 0,ว.,ตั้งใจทำการงานด้วยความขยันขันแข็ง.
เอาการ 1,ว.,ยิ่งกว่าธรรมดา เช่น สูงเอาการ.
เอาการเอางาน 0,ว.,ตั้งใจทำการงานด้วยความขยันขันแข็ง.
เอากุ้งฝอยไปตกปลากะพง 0,ก.,ลงทุนน้อยหวังผลกำไรมาก.
เอาข้างเข้าถู 0,ว.,"ไม่ใช้เหตุผล, ดื้อดันจะเอาชนะให้ได้, เอาสีข้างเข้าถู ก็ว่า."
เอาคืน 0,ก.,แก้แค้น เช่น ไปทำร้ายเขาระวังเขาจะเอาคืน.
เอางาน 0,ก.,แสดงความเคารพเจ้านายชั้นสูงโดยแบมือเอาสันมือลงแล้วกระดกมือขึ้นน้อย ๆ ก่อนรับของ (ใช้แก่การรับของจากเจ้านายชั้นสูงทั้งโดยทางตรงและทางอ้อม).
เอาจมูกผู้อื่นมาหายใจ 0,ก.,"อาศัยผู้อื่นมักไม่สะดวก, พึ่งจมูกคนอื่นหายใจ หรือ ยืมจมูกคนอื่นหายใจ ก็ว่า."
เอาจริง 0,ว.,"ตั้งใจทำอย่างจริงจัง, ถือเอาเป็นแน่นอน."
เอาจริง 1,ว.,"เอาแน่, ไม่ล้อเล่น."
เอาจริงเอาจัง 0,ว.,"ตั้งใจทำอย่างจริงจัง, ถือเอาเป็นแน่นอน."
เอาใจ 0,ก.,"คอยปฏิบัติให้ถูกใจ, ตามใจ."
เอาใจเขามาใส่ใจเรา 0,ก.,ให้รู้จักเห็นใจผู้อื่น.
เอาใจช่วย 0,ก.,"อยากให้สมปรารถนา, ช่วยเป็นกำลังใจให้."
เอาใจดูหูใส่ 0,ก.,"ใฝ่ใจ, ตั้งใจ."
เอาใจใส่ 0,ก.,"ใฝ่ใจ, ตั้งใจ."
เอาใจออกหาก 0,ก.,"ห่างเหินไปไม่ร่วมมือร่วมใจเหมือนเดิม, ตีตนจากไป, ปลีกตัวออกไป, ตีตัวออกหาก ก็ว่า."
เอาชนะ 0,ก.,ทำให้อีกฝ่ายหนึ่งแพ้.
เอาชั้นเอาเชิง 0,ก.,รอดูชั้นเชิง.
เอาชัย 0,ว.,"มุ่งให้ได้ชัยชนะฝ่ายตรงข้าม, มุ่งความเจริญ."
เอาชีวิต 0,ก.,"ฆ่า, ทำให้ถึงตาย."
เอาชื่อ 0,ว.,มุ่งให้ได้ชื่อเสียง เช่น ทำงานเอาชื่อ.
เอาเชิง 0,ก.,สงวนท่าทีหรือชั้นเชิงของตนไว้เพื่อให้อีกฝ่ายหนึ่งเกรงขาม.
เอาใช้ 0,ก.,ขอให้ทดแทนสิ่งที่เสียไป.
เอาดีเอาเด่น 0,ก.,พยายามทำตัวให้คนเห็นว่าตนดีเด่นกว่าเพื่อน.
เอาตัวรอด 0,ก.,"รักษาตัวให้พ้นจากความยากลำบาก, หลบหลีกปัญหายุ่งยากไปได้."
เอาตาย 0,ว.,ทำรุนแรงมาก.
เอาแต่ 0,ว.,มุ่งเฉพาะอย่างเดียวเท่านั้น เช่น เอาแต่เรียน เอาแต่งาน เอาแต่กิน เอาแต่เล่น.
เอาแต่ใจ 0,ว.,ถือใจตนเป็นใหญ่.
เอาถ่าน 0,ว.,"ใช้การได้, เอาการเอางาน, รักดี, มักใช้ในความปฏิเสธว่า ไม่เอาถ่าน."
เอาเถอะ 0,น.,คำพูดแสดงความยินยอมหรือแสดงความประนีประนอม.
เอาเถอะ ๆ 0,น.,คำพูดแสดงความยินยอมหรือแสดงความประนีประนอม.
เอาเถิด 0,น.,คำพูดแสดงความยินยอมหรือแสดงความประนีประนอม.
เอาเถิด 1,น.,ชื่อการเล่นของเด็กชนิดหนึ่งไม่จำกัดจำนวนผู้เล่น โดยจะต้องมีคนหนึ่งอยู่โยง ณ หลักที่กำหนดไว้ มีหน้าที่ไล่จับผู้อื่นให้ได้ ถ้าจับใครไม่ได้เลยก็ต้องอยู่โยงต่อ ถ้าจับผู้ใดได้ผู้นั้นต้องอยู่โยงแทน มีบทร้องประกอบว่า “เอาเถิดเจ้าล่อ ข้าวเหนียวสองห่อ ไม่พอกันกิน”.
เอาเถิด ๆ 0,น.,คำพูดแสดงความยินยอมหรือแสดงความประนีประนอม.
เอาเถิดเจ้าล่อ 0,น.,ชื่อการเล่นของเด็กชนิดหนึ่งไม่จำกัดจำนวนผู้เล่น โดยจะต้องมีคนหนึ่งอยู่โยง ณ หลักที่กำหนดไว้ มีหน้าที่ไล่จับผู้อื่นให้ได้ ถ้าจับใครไม่ได้เลยก็ต้องอยู่โยงต่อ ถ้าจับผู้ใดได้ผู้นั้นต้องอยู่โยงแทน มีบทร้องประกอบว่า “เอาเถิดเจ้าล่อ ข้าวเหนียวสองห่อ ไม่พอกันกิน”.
เอาเถิดเจ้าล่อ 1,ก.,อาการที่ตามจับหรือตามหาผู้ที่หลบหรือเลี่ยงกันไปมา เช่น ตำรวจเอาเถิดเจ้าล่อกับผู้ร้าย.
เอาทองไปรู่กระเบื้อง 0,ก.,"โต้ตอบหรือทะเลาะกับคนพาลหรือคนที่มีฐานะตํ่ากว่า เป็นการไม่สมควร, เอาพิมเสนไปแลกกับเกลือ ก็ว่า."
เอาทาร 0,ว.,"สูง, เลิศ, ประเสริฐ, ยิ่งใหญ่"
เอาทาร 1,ว.,"ซื่อตรง, มีความจริงใจ"
เอาทาร 2,ว.,สุภาพ
เอาทาร 3,ว.,ถูกต้อง.
เอาทารย์ 0,น.,"ความมีใจโอบอ้อม, ความเป็นคนใจบุญ, ความเผื่อแผ่."
เอาน้ำเย็นเข้าลูบ 0,ก.,ใช้คำพูดอ่อนหวานหว่านล้อม.
เอาน้ำลูบท้อง 0,ก.,อดทนในยามยากโดยกินน้ำแทนข้าว.
เอาเนื้อหนูไปปะเนื้อช้าง 0,ก.,เอาทรัพย์หรือสิ่งของจากคนที่มีน้อยไปให้แก่ผู้ที่มีมากกว่า.
เอาบุญเอาคุณ 0,ว.,หวังให้เขาตอบแทนบุญคุณ.
เอาปูนหมายหัว 0,ก.,"ผูกอาฆาตไว้, คาดโทษไว้, เชื่อแน่ว่าจะเป็นไปตามที่คาดหมายไว้, ประมาทหน้าว่าไม่มีทางจะเอาดีได้."
เอาเป็นธุระ 0,ว.,"ถือเป็นเรื่องที่ตนควรทำให้, เป็นธุระ ก็ว่า."
เอาเป็นว่า 0,ก.,"ตกลงว่า, สรุปว่า."
เอาเป็นเอาตาย 0,ว.,ตั้งใจทำอย่างจริงจังโดยไม่เห็นแก่เหน็ดเหนื่อยหรือความยากลำบาก เช่น ทำงานอย่างเอาเป็นเอาตาย
เอาเป็นเอาตาย 1,ว.,เอาจริงเอาจังอย่างรุนแรง เช่น เรื่องเล็ก ๆ แค่นี้ เถียงกันเอาเป็นเอาตายไปได้.
เอาเปรียบ 0,ว.,"รู้มาก, พยายามให้ได้ประโยชน์มากกว่า."
เอาผิด 0,ก.,ถือว่าเป็นความผิด.
เอาพิมเสนไปแลกกับเกลือ 0,ก.,"โต้ตอบหรือทะเลาะกับคนพาลหรือคนที่มีฐานะต่ำกว่า เป็นการไม่สมควร, บางทีใช้เข้าคู่กับ เอาเนื้อไปแลกกับหนัง ว่า เอาพิมเสนไปแลกกับเกลือ เอาเนื้อไปแลกกับหนัง, เอาทองไปรู่กระเบื้อง ก็ว่า."
เอามะพร้าวห้าวไปขายสวน 0,ก.,แสดงความรู้หรืออวดรู้กับผู้ที่รู้เรื่องดีกว่า.
เอามือซุกหีบ 0,ก.,หาเรื่องเดือดร้อนหรือความลำบากใส่ตัวโดยใช่ที่.
เอาไม้ซีกไปงัดไม้ซุง 0,ก.,คัดค้านผู้ใหญ่ ผู้มีฐานะสูงกว่า หรือผู้มีอำนาจมากกว่าย่อมไม่สำเร็จ และอาจได้รับผลร้ายแก่ตัวอีกด้วย.
เอาไม้สั้นไปรันขี้ 0,ก.,โต้ตอบหรือทะเลาะกับคนพาลมีแต่ทางเสีย.
เอาไม่อยู่ 0,ก.,"ปกครองไม่ได้, ควบคุมไม่ได้, เช่น เด็กคนนี้ซนมากจนพ่อแม่เอาไม่อยู่, ควบคุมให้อยู่ในอำนาจไม่ได้ เช่น ม้าตัวนี้พยศมากจนเจ้าของเอาไม่อยู่, เหลือความสามารถที่จะเยียวยาได้ เช่น โรคของเขาอาการหนักมากแพทย์คงจะเอาไม่อยู่."
เอาเยี่ยง 0,ก.,ทำตามเฉพาะที่เห็นว่าดีหรือเป็นประโยชน์.
เอารส 0,น.,ลูกของตนเอง. (แผลงมาจาก โอรส).
เอารัดเอาเปรียบ 0,ว.,"รู้มาก, พยายามให้ได้ประโยชน์มากกว่า."
เอาเรื่อง 0,ก.,ถือเป็นเรื่องเป็นราว เช่น เจ้าของเขาจะเอาเรื่อง.
เอาเรื่อง 1,ว.,"ยิ่งกว่าธรรมดา, มาก, เช่น เผ็ดเอาเรื่อง"
เอาเรื่อง 2,ว.,"เอาจริง, เอาจริงเอาจัง เช่น เขาเป็นคนเอาเรื่อง."
เอาแรง 0,ก.,ช่วยผู้อื่นทำงานเพื่อต่อไปเขาจะได้มาช่วยตนทำงานในลักษณะเดียวกันบ้าง เช่น เกี่ยวข้าวเอาแรงกัน.
เอาแรง 1,ก.,พักเหนื่อย.
เอาฤกษ์ 0,ก.,ประเดิม เช่น สอนเอาฤกษ์.
เอาฤกษ์เอาชัย 0,ว.,ที่มุ่งให้เกิดความสุขความเจริญหรือได้ชัยชนะฝ่ายตรงข้าม เช่น โห่เอาฤกษ์เอาชัย.
เอาละ 0,ก.,ตกลง
เอาละ 1,ก.,พอแล้ว
เอาละ 2,ก.,พร้อมแล้ว.
เอาลูกเขามาเลี้ยงเอาเมี่ยงเขามาอม 0,ก.,เอาลูกของคนอื่นมาเลี้ยงเป็นลูก เป็นภาระรับผิดชอบที่หวังผลตอบแทนแน่นอนไม่ได้.
เอาเลย 0,ก.,ยินยอม ท้าทาย หรือยุให้ทำ.
เอาเลือดกับปู 0,ก.,"เคี่ยวเข็ญหรือบีบบังคับเอากับผู้ที่ไม่มีจะให้, รีดเลือดกับปู หรือ หาเลือดกับปู ก็ว่า."
เอาสีข้างเข้าถู 0,ว.,"ไม่ใช้เหตุผล, ดื้อดันจะเอาชนะให้ได้, เอาข้างเข้าถู ก็ว่า."
เอาหน้า 0,ก.,อยากให้คนยกย่องสรรเสริญ เช่น ทำบุญเอาหน้าหรืออยากได้บุญคุณ เช่น เขามาเอาหน้ากับฉันว่าเป็นคนเสนอชื่อฉันให้ได้รับรางวัล
เอาหน้า 1,ก.,เรียกการทำงานเฉพาะงานที่ผู้ใหญ่รู้เห็นเพื่อหวังประโยชน์ ว่า ทำงานเอาหน้า.
เอาหัวเดินต่างตีน 0,ก.,ทำในสิ่งที่ทำได้ยากยิ่งจนไม่น่าเชื่อว่าจะทำได้ทำนองเดียวกับที่จะเอาหัวเดินต่างเท้า.
เอาหัวเป็นประกัน 0,ก.,รับรองด้วยความมั่นอกมั่นใจ.
เอาหูไปนา เอาตาไปไร่ 0,ก.,แสร้งทำเป็นไม่รู้ไม่เห็นไม่สนใจ.
เอาใหญ่ 0,ก.,กำเริบ เช่น เดี๋ยวนี้เขาชักจะเอาใหญ่แล้ว.
เอาใหญ่เอาโต 0,ก.,วางตัวเป็นคนใหญ่คนโตให้ผู้อื่นนอบน้อมหรือแสดงท่าทางว่าเป็นคนมีอำนาจ.
เอาฬาร 0,ว.,"ใหญ่โต, โอ่โถง, กว้างขวาง"
เอาฬาร 1,ว.,"ยิ่งใหญ่, เลิศล้น"
เอาฬาร 2,ว.,"ประเสริฐ, ดี"
เอาฬาร 3,ว.,"แผลงมาจาก อุฬาร, โอฬาร ก็ใช้."
เอาฬาริก 0,ว.,"ใหญ่, โต."
เอาฬารึก 0,ว.,"ใหญ่, โต."
เอาอกเอาใจ 0,ก.,คอยปฏิบัติให้ถูกใจ.
เอาอย่าง 0,ก.,"เลียนแบบ, ทำตาม."
เอาอยู่ 0,ว.,"เอาการ, เอาเรื่อง, เช่น ระยะทางไกลเอาอยู่, ถ้าใช้ในลักษณะปรารภเชิงขอความเห็นหรือแสดงความหนักใจเป็นต้น มักใช้ว่า เอาอยู่นะ เช่น ปัญหานี้ยากเอาอยู่นะ."
เอาอยู่ 1,ก.,"ปกครองได้, ควบคุมได้, เช่น เด็กคนนี้เกเรมาก คิดว่าจะเอาอยู่ไหม."
เอาะลาย 0,น.,ชื่อไม้ล้มลุกชนิด Xanthosoma nigrum (Vell.) Mansf. ในวงศ์ Araceae ลักษณะคล้ายกระดาด [ Alocasia macrorrhizos (L.) G. Don] ใบสีเขียวเข้มหรือม่วง โคนใบเว้าลึกคล้ายหัวลูกศร หัว ใบ และก้านกินได้.
เอิก 0,ว.,"อึง, อื้อฉาว."
เอิกเกริก 0,ว.,อื้ออึง
เอิกเกริก 1,ว.,"ครึกครื้น, สนุกสนาน"
เอิกเกริก 2,ว.,แพร่หลายรู้กันทั่ว.
เอิ้น 0,ก.,"พูด, เรียก, เรียกร้อง, กล่าวถ้อยคำ, อื้น หรือ เอื้อน ก็ว่า."
เอิบ 0,ก.,"ซึมเข้าไป, ซาบเข้าไป."
เอิบอาบ 0,ก.,"อาบไปทั่ว, ซึมซาบ"
เอิบอาบ 1,ก.,ซาบซ่าน
เอิบอาบ 2,ก.,อาบเอิบ ก็ว่า.
เอียง 0,ว.,"อาการของสิ่งที่เอนไปข้างหนึ่ง เช่น คอเอียง, อาการของสิ่งที่เสียระดับ ไม่ว่าจะในแนวนอนหรือแนวยืนก็ตาม เช่น เรือเอียง เรือนเอียง."
เอียง 1,ก.,เปลี่ยนระดับไม่ว่าจะในแนวนอนหรือแนวยืนก็ตาม เช่น เครื่องบินกำลังเอียงปีกเพื่อร่อนลง เขาเอียงคอดู.
เอี้ยง 0,น.,ชื่อนกขนาดกลางหลายชนิด ในวงศ์ Sturnidae รูปร่างอ้วนป้อม หางสั้น มีทั้งที่หากินบนพื้นดินและบนต้นไม้ รวมทั้งบนสัตว์เลี้ยง เช่น ควาย พบอยู่รวมกันเป็นฝูง ทำรังแบบง่าย ๆ ด้วยกิ่งไม้ตามโพรงไม้ ง่ามไม้ หรือซอกอาคาร กินผลไม้และแมลง เช่น เอี้ยงดำปักษ์ใต้ [ Aplonis panayensis (Scopoli)] เอี้ยงด่าง ( Sturnus contra Linn.) เอี้ยงสาริกาหรือสาลิกา [ Acridotheres tristis (Linn.)].
เอี้ยงคำ 0,น.,นกขุนทอง. (ดู ขุนทอง).
เอี้ยงสาลิกา 0,น.,"ชื่อนกขนาดเล็กชนิด Acridotheres tristis (Linn.) ในวงศ์ Sturnidae หัวสีดำ วงรอบเบ้าตาและปากสีเหลือง ลำตัวสีน้ำตาลเข้ม มีแต้มขาวที่ปีก ปลายหางสีขาว ทำรังแบบง่าย ๆ ด้วยกิ่งไม้ตามโพรงไม้ ง่ามไม้ หรือซอกอาคาร กินแมลงและผลไม้ พบทั่วทุกภาคของประเทศไทย, เอี้ยง หรือ เอี้ยงสาลิกา ก็เรียก. (ป.; ส. ศาริกา)."
เอี้ยงหัวสีทอง 0,น.,"ชื่อนกขนาดเล็กชนิด Ampeliceps coronatus Blyth วงศ์ Sturnidae ตัวสีดำเหลือบเป็นมัน ขอบขนปลายปีกสีเหลือง ตัวผู้กระหม่อม ด้านข้างของหัว และคอหอยสีเหลืองจัด ตัวเมียเฉพาะกระหม่อมเป็นสีเหลือง ทำรังตามโพรงไม้ กินผลไม้และแมลง เป็นนกที่สามารถร้องเลียนเสียงคนและสัตว์อื่น ๆ ได้, เอี้ยงหัวสีทอง ก็เรียก."
เอียงอาย 0,ว.,แสดงท่าขวยเขินโดยก้มหน้าน้อย ๆ.
เอียงเอน 0,ว.,"โน้มเอียง, ไม่เที่ยงตรง, เอนเอียง ก็ว่า."
เอี๊ยด 0,ว.,เสียงดังเช่นนั้น.
เอียด 0,ว.,เล็ก.
เอียด 1,ว.,เสียงดังเช่นนั้น.
เอี่ยน 0,น.,ปลาไหลนา. (ดู ไหล ๑).
เอียน 0,ว.,ชวนให้คลื่นไส้ (มักใช้แก่รสหวาน).
เอียน 1,ก.,เบื่อมาก เช่น ฉันเอียนหน้าเขาเต็มทีแล้ว.
เอียน 2,น.,ปลาไหลนา. (ดู ไหล ๑).
เอี่ยม 0,ว.,"ยังไม่ได้ใช้ เช่น ใหม่เอี่ยม, เรี่ยม เช่น แต่งตัวเอี่ยม หน้าตาเอี่ยม."
เอี๊ยม 0,น.,"แผ่นผ้าสำหรับคาดหน้าอกเด็กเล็ก ๆ, เต่า ก็ว่า."
เอี้ยมจุ๊น 0,น.,ชื่อเรือขนาดใหญ่ ต่อด้วยไม้ ท้องเรือเป็นสัน สำหรับขนถ่ายและบรรทุกสินค้า.
เอี้ยมเฟี้ยม 0,ว.,"อาการที่นั่งเก็บมือเก็บเท้าอย่างเรียบร้อย, อาการที่หมอบเฝ้าหรือหมอบคอยรับใช้อย่างเรียบร้อย."
เอี่ยมอ่อง 0,ว.,ใหม่ผุดผ่อง เช่น เสื้อผ้าเอี่ยมอ่อง
เอี่ยมอ่อง 1,ว.,"สะอาดสดใส, ไม่หมองมัว, เช่น หน้าตาเอี่ยมอ่อง."
เอี่ยว 0,ว.,"หนึ่ง, แต้ม ๑ ของลูกเต๋า, เรียกลำดับชุดที่ ๑ ของไพ่ตอง ว่า เอี่ยว เช่น เอี่ยวเกือก เอี่ยวชี เอี่ยวยาว."
เอี่ยว 1,น.,"หุ้น, ส่วนร่วม."
เอี่ยว 2,ก.,มีส่วนร่วม เช่น เรื่องนี้ขอเอี่ยวด้วยคน.
เอี้ยว 0,ก.,"บิดไป, หันไป, เช่น เอี้ยวคอ เอี้ยวตัว, เบี่ยง เช่น ถนนสายนี้ไม่ตรง เอี้ยวไปทางขวาเล็กน้อย."
เอี่ยวลม 0,น.,หุ้นลม.
เอื้อ 0,ก.,"เอาใจใส่, มีนํ้าใจ, เช่น เอื้อแก่กัน, เห็นแก่ เช่น ทำกับข้าวเผ็ดไม่เอื้อเด็ก ๆ."
เอื๊อก 0,ว.,เสียงดังในคออย่างเสียงดื่มน้ำแรง ๆ เช่น กลืนน้ำลายดังเอื๊อก.
เอื้อง 0,น.,ต้นกล้วยไม้. (ดู กล้วยไม้ ๑)
เอื้อง 1,น.,เรียกหญิงสาวทางภาคพายัพ ว่า เอื้องเหนือ.
เอื้อง 2,น.,หญ้าและใบไม้เป็นต้นที่สัตว์บางจำพวกเช่นวัวควายกินเข้าไปในกระเพาะทีหนึ่งแล้วสำรอกออกมาเคี้ยวอีกให้ละเอียด ในคำว่า บดเอื้อง หรือ เคี้ยวเอื้อง.
เอื้อง 3,ว.,เรียกอาการที่สัตว์บางจำพวกเช่นวัวควายสำรอกอาหารออกมาเคี้ยวอีกให้ละเอียด ว่า บดเอื้อง หรือ เคี้ยวเอื้อง
เอื้อง 4,ว.,โดยปริยายหมายความว่า ทำอะไรช้า ๆ.
เอื้องครั่ง 0,น.,ชื่อกล้วยไม้ชนิด Dendrobium parishii Rchb.f. ในวงศ์ Orchidaceae ดอกสีม่วงแดง.
เอื้องนางรุ้ง 0,น.,"ชื่อกล้วยไม้ ๒ ชนิดในวงศ์ Orchidaceae คือ ชนิด Phalaenopsis violacea Teijsm. et Binnend. ดอกเล็ก สีม่วง และชนิด Hygrochilus parishii (Veitch et Rchb.f.) Pfitz. ดอกโต สีเหลืองประม่วงแดงหรือสีม่วงแดง, เอื้องนางรุ้ง ก็เรียก."
เอื้องน้ำครั่ง 0,น.,ชื่อกล้วยไม้ชนิด Dendrobium parishii Rchb.f. ในวงศ์ Orchidaceae ดอกสีม่วงแดง.
เอื้องฟ้ามุ่ย 0,น.,"ชื่อกล้วยไม้ชนิด Vanda coerulea Griff. ในวงศ์ Orchidaceae ดอกสีฟ้าอมม่วง กลิ่นหอมอ่อน, เอื้องฟ้ามุ่ย ก็เรียก."
เอื้องมอนไข่ใบมน 0,น.,"ชื่อกล้วยไม้ชนิด Dendrobium thyrsiflorumRchb.f. ex Andre ในวงศ์ Orchidaceae ดอกขาว ปากเหลือง, เอื้องมอนไข่ใบมน ก็เรียก."
เอื้องศรีเที่ยง 0,น.,"ชื่อกล้วยไม้อิงอาศัยชนิด Epigeneium amplum (Lindl.) Summerh. ในวงศ์ Orchidaceae ดอกใหญ่ ทั้งกลีบนอกและกลีบในสีเหลืองประแดง, เอื้องศรีเที่ยง ก็เรียก."
เอื้องหนวดพราหมณ์ 0,น.,"ชื่อกล้วยไม้ชนิด Seidenfadenia mitrata (Rchb. f.) Garay ในวงศ์ Orchidaceae ดอกสีม่วงแดง กลิ่นหอม, เอื้องหนวดพราหมณ์ ก็เรียก."
เอือด 0,ว.,ชื้น เช่น เกลือเอือด ผ้าเอือด.
เอือด 1,น.,ดินที่มีธาตุเกลือปนอยู่และขึ้นเป็นขุยขาวที่หน้าดิน.
เอือน 0,น.,พยาธิในท้องชนิดหนึ่ง เช่น ลางคาบมีตืดมีเอือนในท้องนั้น (ไตรภูมิ).
เอื้อน 0,ก.,"พูด, เรียก, เรียกร้อง, กล่าวถ้อยคำ, อื้น หรือ เอิ้น ก็ว่า."
เอือน 1,น.,ลักษณะของเนื้อมะพร้าวแก่ที่บาง ขรุขระเหมือนผิวมะกรูด มีรสออกหวานไม่มัน เรียกว่า มะพร้าวเป็นเอือน หรือ มะพร้าวเอือนกิน.
เอื้อน 1,ก.,เปล่งเสียงจากลำคอเป็นทำนองโดยไม่เป็นเนื้อร้องเพื่อให้ครบจังหวะหรือเต็มตามทำนองเพลง
เอื้อน 2,ก.,เอื้อนเสียงดนตรีซึ่งใช้ในการสีซอสามสาย.
เอือนกิน 0,ว.,เรียกลักษณะมะพร้าวเป็นเอือน ว่า มะพร้าวเอือนกิน.
เอื้อนวาจา 0,ก.,"ออกปากพูด, พูดข้อความออกมา, มักใช้ในความหมายเชิงประชดประชัน เช่น กว่าจะเอื้อนโอฐออกมาได้เหมือนกลัวดอกพิกุลจะร่วง."
เอื้อนอรรถ 0,ก.,"ออกปากพูด, พูดข้อความออกมา, มักใช้แก่กิริยาที่ทำทีอิดเอื้อนไม่ใคร่พูดออกมาง่าย ๆ."
เอื้อนเอ่ย 0,ก.,"ออกปากพูด, พูดข้อความออกมา, มักใช้แก่กิริยาที่ทำทีอิดเอื้อนไม่ใคร่พูดออกมาง่าย ๆ."
เอื้อนโอฐ 0,ก.,"ออกปากพูด, พูดข้อความออกมา, มักใช้ในความหมายเชิงประชดประชัน เช่น กว่าจะเอื้อนโอฐออกมาได้เหมือนกลัวดอกพิกุลจะร่วง."
เอื้อนโอฐ 1,ก.,"ออกปากพูด, พูดข้อความออกมา, มักใช้แก่กิริยาที่ทำทีอิดเอื้อนไม่ใคร่พูดออกมาง่าย ๆ."
เอื้อเฟื้อ 0,ก.,"แสดงนํ้าใจดีต่อผู้อื่น เช่น เขามีเพื่อนบ้านดี มีอะไรก็เอื้อเฟื้อกันเสมอ, บางทีใช้เข้าคู่กับคำอื่น เช่น เอื้อเฟื้อเผื่อแผ่ เอื้อเฟื้อเกื้อกูล เอื้อเฟื้อเกื้อหนุน."
เอือม 0,ว.,เบื่อหน่ายในสิ่งที่ซํ้า ๆ ซาก ๆ มากเกินไป.
เอื้อม 0,ก.,ยื่นมือไปเพื่อหยิบของในที่ไกลมือ
เอื้อม 1,ก.,โดยปริยายหมายความว่า ใฝ่สูง.
เอื้อมอาจ 0,ก.,"บังอาจ, ล่วงเกินไม่รู้จักที่สูงที่ตํ่า, อาจเอื้อม ก็ว่า."
เอื่อย 0,ว.,"เรื่อย ๆ, เฉื่อย ๆ, เช่น ลมพัดเอื่อย นํ้าไหลเอื่อย ๆ, ตามสบายไม่รีบร้อน เช่น เดินเอื่อย ๆ."
เอื้อย 0,น.,"หนึ่ง, เรียกลูกสาวคนที่ ๑ ว่า ลูกเอื้อย. (สามดวง)"
เอื้อย 1,น.,"เรียกพี่สาวคนโต ว่า พี่เอื้อย, (ปาก) เรียกผู้ที่หมู่คณะยกย่องให้เป็นหัวหน้า ว่า พี่เอื้อย."
เอื่อย ๆ 0,ว.,"เรื่อย ๆ, เฉื่อย ๆ, เช่น ลมพัดเอื่อย นํ้าไหลเอื่อย ๆ, ตามสบายไม่รีบร้อน เช่น เดินเอื่อย ๆ."
เอื้ออำนวย 0,ว.,"ส่งเสริมให้, เปิดโอกาสให้."
แอ 0,ว.,"เล็ก, อ่อน."
แอ้ 0,ว.,อาการที่แสดงว่าหนักมาก เช่น หนักแอ้ หนักจนหลังแอ้.
แอ๋ 0,ว.,อาการที่เมาเหล้ามากจนพูดลิ้นไก่สั้นหรือทรงตัวไม่อยู่ เรียกว่า เมาแอ๋.
แอก 0,น.,ไม้วางขวางบนคอวัวหรือควายใช้ไถนา คราดนา หรือเทียมเกวียน เป็นต้น
แอก 1,น.,โดยปริยายหมายถึงการถูกกดขี่ ในคำว่า ปลดแอก.
แอกทิเนียม 0,น.,ธาตุลำดับที่ ๘๙ สัญลักษณ์ Ac เป็นโลหะ ลักษณะเป็นของแข็งสีขาวคล้ายเงิน หลอมละลายที่ ๑๐๕๐ ํซ. เป็นธาตุกัมมันตรังสีที่มีปรากฏในธรรมชาติ.
แอกน้อย 0,น.,ไม้ที่ผูกติดกับคันชักไถ.
แอ่ง 0,น.,ที่ซึ่งลาดลึกลงไปพอนํ้าขังได้.
แอ้งแม้ง 0,ว.,อาการที่นอนนิ่งอยู่กับที่เพราะหมดกำลังเป็นต้น ในคำว่า นอนแอ้งแม้ง.
แอด 0,ว.,เสียงดังเช่นนั้นอย่างเสียงเปิดหรือปิดประตูฝืด ๆ.
แอ๊ด 0,ว.,เสียงดังเช่นนั้นอย่างเสียงเปิดหรือปิดประตูฝืด ๆ.
แอ้ด 0,น.,"ชื่อจิ้งหรีดขนาดเล็กหลายชนิด ในวงศ์ Gryllidae ลำตัวยาวไม่เกิน ๒ เซนติเมตร ส่วนใหญ่ปีกคู่หลังยาวกว่าปีกคู่หน้า ขณะพับปีกปลายปีกจึงยื่นไปด้านท้าย โดยทั่วไปสีดำหรือน้ำตาลตลอดทั้งตัว ชนิดที่พบบ่อย เช่น ชนิด Modicogryllus confiermatus (Walker) ซึ่งมีสีน้ำตาล, จิ้งหรีดผี หรือ แอ้ด ก็เรียก, โดยปริยายเรียกสิ่งที่มีขนาดเล็กหรือน้ำหนักน้อยกว่าปรกติ เช่น รถถังอ้ายแอ้ด มวยรุ่นอ้ายแอ้ด."
แอ้ด 1,น.,เรียกของบางอย่างที่มีขนาดเล็กกว่าปรกติ เช่น รถถังอ้ายแอ้ด.
แอ้ด 2,ว.,เรียกอาการที่หนักเต็มกำลัง ว่า หนักเต็มแอ้ด
แอ้ด 3,ว.,เรียกอาการจุกจนพูดไม่ออก ว่า จุกแอ้ด ๆ.
แอด ๆ 0,ว.,เสียงดังเช่นนั้นอย่างเสียงเปิดหรือปิดประตูฝืด ๆ.
แอ้ด ๆ 0,ว.,เรียกอาการที่หนักเต็มกำลัง ว่า หนักเต็มแอ้ด
แอ้ด ๆ 1,ว.,เรียกอาการจุกจนพูดไม่ออก ว่า จุกแอ้ด ๆ.
แอ๊ด ๆ 0,ว.,เสียงดังเช่นนั้นอย่างเสียงเปิดหรือปิดประตูฝืด ๆ.
แอ่น 0,ก.,ทำให้โค้งหรือนูนจากแนวหรือระดับ เช่น แอ่นอก.
แอ่น 1,ว.,ลักษณะของสิ่งที่โค้งหรือนูนจากแนวหรือระดับ เช่น อกแอ่น สะพานแอ่น.
แอ่น 2,น.,"ชื่อนกขนาดเล็กในหลายวงศ์ คือ Apodidae, Hemiprocnidae, Hirundinidae, Corvidae และ Glareolidae ตัวสีนํ้าตาลหรือดำ ปลายปีกแหลม มักอยู่รวมกันเป็นฝูง ใช้เวลาส่วนใหญ่บินโฉบแมลง มีหลายชนิด เช่น อีแอ่นบ้าน ( Hirundo rustica Linn.) ในวงศ์ Hirundinidae อีแอ่นตาล [ Cypsiurus balasiensis (Gray)] ในวงศ์ Apodidae ชนิดที่นำรังมากินได้ เช่น อีแอ่นกินรัง [ Collocalia fuciphaga (Gmelin)] ในวงศ์ Apodidae, นางแอ่น แอ่น หรือ แอ่นลม ก็เรียก."
แอนติเจน 0,น.,สารที่สามารถกระตุ้นให้เกิดแอนติบอดีขึ้นได้.
แอนติบอดี 0,น.,สารที่ร่างกายมนุษย์หรือสัตว์ชั้นสูงอื่น ๆ สร้างขึ้น เมื่อได้รับการกระตุ้นโดยสารที่แปลกปลอมซึ่งเรียกว่า แอนติเจน.
แอนติอิเล็กตรอน 0,น.,โพซิตรอน.
แอ่นลม 0,น.,"ชื่อนกขนาดเล็กในหลายวงศ์ คือ Apodidae, Hemiprocnidae, Hirundinidae, Corvidae และ Glareolidae ตัวสีนํ้าตาลหรือดำ ปลายปีกแหลม มักอยู่รวมกันเป็นฝูง ใช้เวลาส่วนใหญ่บินโฉบแมลง มีหลายชนิด เช่น อีแอ่นบ้าน ( Hirundo rustica Linn.) ในวงศ์ Hirundinidae อีแอ่นตาล [ Cypsiurus balasiensis (Gray)] ในวงศ์ Apodidae ชนิดที่นำรังมากินได้ เช่น อีแอ่นกินรัง [ Collocalia fuciphaga (Gmelin)] ในวงศ์ Apodidae, นางแอ่น แอ่น หรือ แอ่นลม ก็เรียก."
แอโนด 0,น.,แผ่นหรือแท่งตัวนำที่โยงต่อกับขั้วบวกของเครื่องกำเนิดไฟฟ้า เช่น แบตเตอรี่.
แอบ 0,ก.,ทำโดยไม่ให้ผู้อื่นรู้เห็นโดยอาการต่าง ๆ เช่น แอบทำ
แอบ 1,ก.,เข้าไปชิด เช่น รถพยาบาลมาให้รถอื่นแอบเข้าข้างทาง.
แอบ 2,ว.,อาการที่ยืน เดิน หรือวางสิ่งใดสิ่งหนึ่งเป็นต้นไม่ให้เกะกะหรือกีดขวางทาง เช่น เดินแอบข้างทาง วางของแอบ ๆ หน่อย.
แอบ ๆ 0,ก.,ทำโดยไม่ให้ผู้อื่นรู้เห็นโดยอาการต่าง ๆ เช่น แอบทำ
แอบ ๆ 1,ก.,เข้าไปชิด เช่น รถพยาบาลมาให้รถอื่นแอบเข้าข้างทาง.
แอบ ๆ 2,ว.,อาการที่ยืน เดิน หรือวางสิ่งใดสิ่งหนึ่งเป็นต้นไม่ให้เกะกะหรือกีดขวางทาง เช่น เดินแอบข้างทาง วางของแอบ ๆ หน่อย.
แอบแฝง 0,ก.,ซ่อนเร้น.
แอบอ้าง 0,ก.,เอาไปอ้างโดยเจ้าตัวไม่รู้.
แอบอิง 0,ก.,"แนบชิด, อิงแอบ ก็ว่า."
แอม 0,ก.,กระแอม.
แอ้ม 0,ก.,"กิน เช่น แอ้มขนมหรือยัง, ได้สมประสงค์ (มักใช้ในความปฏิเสธ) เช่น ไม่ได้แอ้ม."
แอมแปร์ 0,น.,หน่วยวัดกระแสไฟฟ้า กระแสไฟฟ้า ๑ แอมแปร์ คือ กระแสไฟฟ้าที่มีอัตราการเคลื่อนที่ของอิเล็กตรอนได้วินาทีละประมาณ ๖ x ๑๐^๑๘ อิเล็กตรอน.
แอมมิเตอร์ 0,น.,เครื่องมือที่ใช้สำหรับวัดค่าของกระแสไฟฟ้าเป็นแอมแปร์.
แอมโมเนีย 0,น.,สารประกอบอนินทรีย์ชนิดหนึ่ง มีสูตร NH_3 ลักษณะเป็นแก๊สไม่มีสี กลิ่นฉุน ละลายนํ้าได้ดี ใช้ประโยชน์ได้มากมาย เช่น ในอุตสาหกรรมทำปุ๋ย กรดไนตริก ใยสังเคราะห์ เป็นตัวทำความเย็น.
แอร่ม 0,ว.,"แพรวพราว, ผ่องใส, สดใส, เช่น งามแอร่ม หน้าตาแอร่ม."
แอลกอฮอล์ 0,น.,สารอินทรีย์ชนิดหนึ่ง ลักษณะเป็นของเหลวใส กลิ่นฉุน ระเหยง่าย มีจุดเดือด ๗๘.๕ ํซ. ชื่อเต็มคือ เอทิลแอลกอฮอล์ แต่มักเรียกกันสั้น ๆ ว่า แอลกอฮอล์ โดยปรกติเกิดขึ้นจากการหมักสารประเภทแป้งหรือนํ้าตาลผสมยีสต์ ซึ่งมักเรียกกันว่า แป้งเชื้อหรือเชื้อหมัก เป็นองค์ประกอบสำคัญของสุราและเมรัยทุกชนิด เมื่อดื่มเข้าไปจะออกฤทธิ์ทำให้มีอาการมึนเมา ใช้ประโยชน์เป็นตัวทำละลาย และเป็นเชื้อเพลิง เป็นต้น.
แอลฟา 0,น.,"ชื่ออนุภาคที่พุ่งออกมาจากนิวเคลียสของอะตอมกัมมันตรังสี เป็นนิวเคลียสของธาตุฮีเลียม มักเรียกกระแสอนุภาคแอลฟาว่า รังสีแอลฟา ซึ่งเคลื่อนที่ด้วยความเร็วประมาณ ๒๐,๐๐๐ กิโลเมตรต่อวินาที มีอำนาจในการเจาะทะลุได้น้อย เมื่อกระทบกับฉากเรืองแสงจะทำให้เกิดแสงเรืองขึ้นได้."
แอว 0,น.,ชื่อกลองพื้นบ้าน มีขนาดใหญ่และยาวมาก ทำด้วยท่อนไม้กลมกลวง ด้านใหญ่ขึงด้วยหนังสัตว์ ใช้สำหรับตี อีกด้านหนึ่งสอบ ใช้ตีในงานวัด โดยใช้คนหลายคนแบกหรือใช้รถลาก.
แอ่ว 0,ก.,พูดคุย (ใช้แก่หนุ่มสาว)
แอ่ว 1,ก.,"เที่ยว, ถ้าไปเที่ยวเกี้ยวผู้หญิง เรียกว่า แอ่วสาว."
แอ่ว 2,น.,คำนำหน้าชื่อเพลงไทยพื้นเมือง เช่น แอ่วลาว แอ่วเคล้าซอ
แอ่ว 3,น.,เพลงพื้นเมืองประเภทหนึ่งใช้วิธีร้องเล่าเรื่อง โดยร้องโต้กันระหว่างชายกับหญิง.
แอ้วแซ่ว 0,ว.,"อาการที่นอนนิ่งอยู่กับที่เคลื่อนไหวไปไหนไม่ได้ในลักษณะที่หมดกำลังหรือเจ็บป่วยเป็นต้น ในคำว่า นอนแอ้วแซ่ว, แซ่ว ก็ว่า."
แอสทาทีน 0,น.,ธาตุลำดับที่ ๘๕ สัญลักษณ์ At เป็นอโลหะ ลักษณะเป็นของแข็ง เป็นธาตุกัมมันตรังสีที่มีปรากฏในธรรมชาติ.
แอสไพริน 0,น.,สารประกอบอินทรีย์ชนิดหนึ่ง มีสูตร CH_3COO_∙C_6H_4_∙COOH ชื่อทางเคมี คือ acetylsalicylic acid ลักษณะเป็นของแข็งสีขาว หลอมละลายที่ ๑๓๓ ํซ. ใช้ในทางการแพทย์เป็นยาลดไข้และระงับปวด.
แอสฟัลต์ 0,น.,ยางมะตอย.
แอหนัง 0,น.,นางชี.
แออวย 0,ก.,ละห้อยไห้.
แออัด 0,ว.,"ยัดเยียด, แน่น, อัดแอ ก็ว่า."
โอ๋ 0,อ.,คำที่เปล่งออกมาเป็นเสียงเช่นนั้นเพื่อปลอบเด็ก.
โอ๋ 1,ก.,"ตามใจ, เอาอกเอาใจ."
โอ 0,น.,ส้มโอ. (ดู ส้ม ๑).
โอ 1,น.,ชื่อลูกจันชนิดหนึ่ง. (ดู จัน).
โอ่ 0,น.,ชื่อเรือต่อชนิดหนึ่ง คล้ายเรือสำปั้น แต่มีขนาดเล็กและเพรียวกว่า ล่มง่าย ผู้ชำนาญจึงจะพายได้.
โอ้ 0,อ.,"คำในคำประพันธ์ ใช้ในความรำพึง พรรณนา วิงวอน หรือปลอบ เป็นต้น เช่น โอ้พ่อพลายสายสวาทของน้องเอ๋ย ไม่เคยเลยจะห่างเหเสนหา (ขุนช้างขุนแผน), โอ้ว่า ก็ใช้ เช่น โอ้ว่าน่าเสียดายตัวนัก เพราะเชื่อลิ้นหลงรักจึงชํ้าจิต (อิเหนา)."
โอ้ 1,น.,ชื่อเพลงไทยจำพวกหนึ่ง มีชื่อขึ้นต้นด้วยคำว่า โอ้ เช่น โอ้ปี่ โอ้ร่าย โอ้โลม.
โอ 2,น.,ชื่อปลาทะเลขนาดกลางหลายชนิดในวงศ์ Scombridac อยู่เป็นฝูงห่างฝั่ง รูปร่างเพรียวคล้ายกระสวย บริเวณฐานครีบหูมีกลุ่มเกล็ดเล็ก ๆ ครีบหางเว้าลึก เช่น โอหม้อหรือโอดำ [ Thunnus tonggol (Breeker)] โอลาย [ Euthynnus affinis (Cantor)] .
โอ่ 1,ก.,"อวด, ชอบแต่งตัวอวด."
โอ้ 2,ว.,"เสียงดัง, เปิดเผย, (ใช้แก่กริยาคุย)."
โอ 3,น.,"ภาชนะเครื่องเขินอย่างหนึ่งสำหรับใส่ของ รูปคล้ายขัน มีขนาดต่าง ๆ, ต่อมาได้อนุโลมเรียกขันเคลือบทรงสูง ว่า ขันโอ."
โอ่ 2,ว.,กลิ่นเหม็นอย่างกลิ่นอาหารที่ใกล้จะบูด.
โอ 4,อ.,คำที่เปล่งออกมาแสดงอาการว่านึกอะไรขึ้นมาได้ หรือแสดงว่าสลดใจเป็นต้น.
โอก 0,ก.,ออก.
โอ้ก 0,ก.,อาเจียน.
โอ้ก 1,ว.,เสียงอย่างเสียงอาเจียน.
โอ๊ก 0,ว.,เสียงอย่างเสียงไก่ร้อง
โอ๊ก 1,ว.,อาการที่แสดงว่าเหลืออดเหลือทน เช่น ของแพงจนคนร้องโอ๊ก.
โอ๊ก 2,น.,ชื่อไม้ต้นหลายชนิดในสกุล Quercus วงศ์ Fagaceae เนื้อไม้ใช้ทำเครื่องเรือน.
โอ้กอ้าก 0,ว.,"เสียงอย่างเสียงอาเจียนติดต่อกัน, โดยปริยายหมายถึงอาการของผู้หญิงที่แพ้ท้องหรืออาการของผู้ที่จะเป็นลม."
โอกะ 0,น.,นํ้า
โอกะ 1,น.,ที่อยู่.
โอกาส 0,น.,"ช่อง, ทาง"
โอกาส 1,น.,"เวลาที่เหมาะ, จังหวะ."
โอฆ- 0,น.,ห้วงนํ้า
โอฆ- 1,น.,ในพระพุทธศาสนาหมายถึงกิเลสที่ท่วมทับจิตใจของหมู่สัตว์ มี ๔ อย่าง คือ ๑. กาโมฆะ = โอฆะ คือ กาม ๒. ภโวฆะ = โอฆะ คือ ภพ ๓. ทิฏโฐฆะ = โอฆะ คือ ทิฐิ ๔. อวิชโชฆะ = โอฆะ คือ อวิชชา.
โอฆชล 0,น.,นํ้าในห้วงลึก.
โอฆสงสาร 0,น.,การเวียนเกิดเวียนตายในห้วงของกิเลส.
โอฆะ 0,น.,ห้วงนํ้า
โอฆะ 1,น.,ในพระพุทธศาสนาหมายถึงกิเลสที่ท่วมทับจิตใจของหมู่สัตว์ มี ๔ อย่าง คือ ๑. กาโมฆะ = โอฆะ คือ กาม ๒. ภโวฆะ = โอฆะ คือ ภพ ๓. ทิฏโฐฆะ = โอฆะ คือ ทิฐิ ๔. อวิชโชฆะ = โอฆะ คือ อวิชชา.
โอ่ง 0,น.,"ภาชนะสำหรับขังนํ้า ก้นสอบเล็กน้อย ปากกว้าง มีขนาดต่าง ๆ กัน, บางทีก็เรียกว่า ตุ่ม."
โองการ 0,น.,"คำศักดิ์สิทธิ์ เช่น โองการแช่งน้ำในพระราชพิธีถือพระพิพัฒน์สัตยา (ศรีสัจจปานกาล), ถ้าเป็นคำศักดิ์สิทธิ์มาจากพระดำรัสสั่งของพระมหากษัตริย์ที่รับบรมราชาภิเษกแล้ว เรียกว่า พระราชโองการ หรือ พระบรมราชโองการ. [ป."
โองการ 1,ส.,โอํการ = อักษรโอม ซึ่งมาจากคำว่า “อะ อุ มะ” ในทางศาสนาพราหมณ์ หมายถึง พระมหาเทพทั้ง ๓ คือ พระศิวะ พระวิษณุ และพระพรหม ในทางพระพุทธศาสนา อ = อรหํ (พระพุทธเจ้า) อุ = อุต̣ตมธม̣ม (พระธรรมอันสูงสุด) ม = มหาสง̣ฆ (พระสงฆ์)].
โองโขดง 0,น.,"ทรงผมของหญิงไทยสมัยโบราณ ซึ่งรวบขึ้นไปเกล้าไว้บนขม่อมเป็นห่วงยาว ๆ โดยมากมีเกี้ยวหรือพวงมาลัยสวม, โซงโขดง ก็ว่า."
โอ่งมังกร 0,น.,โอ่งดินเผาเคลือบ มีสีนํ้าตาลปนเหลือง มักมีลายเป็นรูปมังกร.
โอชะ 0,ว.,"มีรสดี, อร่อย."
โอชะ 1,น.,"รสที่ซึมซาบ, เครื่องหรือสิ่งบำรุงเลี้ยงให้เกิดความเจริญงอกงาม."
โอชา 0,ว.,"มีรสดี, อร่อย."
โอชา 1,น.,"รสที่ซึมซาบ, เครื่องหรือสิ่งบำรุงเลี้ยงให้เกิดความเจริญงอกงาม."
โอโซน 0,น.,แก๊สชนิดหนึ่ง สีนํ้าเงิน กลิ่นฉุน เป็นอัญรูปของธาตุออกซิเจน มีสูตร O_3 ใช้ประโยชน์ฆ่าเชื้อโรคในนํ้าเพื่อใช้เป็นนํ้าดื่ม ใช้ฟอกจางสีของสารอินทรีย์บางอย่างเช่นเส้นใยที่ใช้ทอผ้า.
โอฐ 0,น.,"โอษฐ์, ริมฝีปาก"
โอฐ 1,น.,ปาก.
โอด 0,น.,ชื่อเพลงไทยประเภทเพลงหน้าพาทย์ ใช้บรรเลงประกอบกิริยาร้องไห้ สลบ หรือตาย.
โอด 1,ก.,ร้องไห้
โอด 2,ก.,วิธีดำเนินทำนองเพลงไทยอย่างหนึ่งให้มีลีลาแช่มช้า โหยหวน ระคนโศก.
โอดกาเหว่า 0,ก.,ร้องไห้ครํ่าครวญ.
โอดครวญ 0,ก.,"รํ่าไห้, ครํ่าครวญ"
โอดครวญ 1,ก.,รํ่ารำพัน.
โอดโอย 0,ก.,"ร้องเพราะความเจ็บปวด, (ปาก) ร้องเรียนว่าไม่ได้รับความเป็นธรรมเป็นต้น."
โอ๊ต 0,น.,ข้าวโอ๊ต. (ดู ข้าวโอ๊ต ที่ ข้าว).
โอตตัปปะ 0,น.,"ความเกรงกลัวบาป, มักใช้เข้าคู่กับคำ หิริ เป็น หิริโอตตัปปะ."
โอ่โถง 0,ว.,"ภาคภูมิมีสง่า, ภูมิฐาน."
โอ้โถง 0,ว.,"ภาคภูมิมีสง่า, ภูมิฐาน."
โอทน- 0,น.,"ข้าวสุก, ข้าวสวย."
โอทนะ 0,น.,"ข้าวสุก, ข้าวสวย."
โอน 0,ก.,"น้อมลง, โน้ม"
โอน 1,ก.,ยกไปไว้อีกที่หนึ่ง เช่น โอนบัญชี
โอน 2,ก.,ยอมมอบให้
โอน 3,ก.,ย้ายสังกัด
โอน 4,ก.,เปลี่ยนแปลงให้สิทธิของบุคคลหนึ่งตกไปเป็นของอีกบุคคลหนึ่ง.
โอนกรรมสิทธิ์ 0,ก.,โอนสิทธิในการเป็นเจ้าของทรัพย์สินให้แก่บุคคลอื่น.
โอนชาติ 0,ก.,แปลงสัญชาติ.
โอนอ่อน 0,ก.,"ผ่อนตาม, ยอมตาม."
โอนเอน 0,ว.,"เอนไปเอนมา, ไม่มั่นคง, ไม่แน่นอน."
โอบ 0,ก.,"เอาแขนอ้อมไว้ เช่น โอบไหล่, เอาแขนทั้ง ๒ อ้อมไว้ เช่น โอบต้นไม้ โอบกอด, โดยปริยายหมายถึงอาการที่คล้ายคลึงเช่นนั้น เช่น รากไทรโอบรอบเจดีย์เก่า"
โอบ 1,ก.,ตีวงล้อม เช่น เคลื่อนพลเข้าไปโอบกองทัพข้าศึก.
โอบอ้อมอารี 0,ก.,แสดงนํ้าใจเอื้อเฟื้อเผื่อแผ่ต่อผู้อื่น.
โอบอุ้ม 0,ก.,"อุ้มชู, อุดหนุน, ชุบเลี้ยง."
โอบเอื้อ 0,ก.,"เอื้อเฟื้อ, เกื้อหนุน."
โอปปาติกะ 0,น.,"ผู้เกิดผุดขึ้นโดยไม่ต้องอาศัยพ่อแม่ อาศัยอดีตกรรม ได้แก่เทวดา พรหม สัตว์นรก เปรต อสุรกาย, อุปปาติกะ ก็เรียก."
โอภา 0,ก.,ทักทายด้วยวาจาสุภาพ.
โอภาปราศรัย 0,ก.,ทักทายด้วยความสนิทสนมเป็นกันเอง.
โอภาส 0,น.,แสงสว่าง
โอภาส 1,น.,"ความสุกใส, ความเปล่งปลั่ง."
โอภาส 2,ก.,ส่องแสง.
โอม 0,น.,คำที่ประกอบด้วยเสียง ๓ เสียง คือ อ อุ ม [อ่านว่า อะ อุ มะ] รวมกัน ข้างฝ่ายฮินดูหมายถึง พระเจ้าทั้ง ๓ คือ อ = พระศิวะ อุ = พระวิษณุ ม = พระพรหม
โอม 1,น.,"ข้างพระพุทธศาสนาเลียนเอามาใช้หมายถึง พระรัตนตรัย คือ อ = อรหํ (พระพุทธเจ้า) อุ = อุตฺตมธมฺม (พระธรรมอันสูงสุด) ม = มหาสงฺฆ (พระสงฆ์) นับถือเป็นคำศักดิ์สิทธิ์, เป็นคำขึ้นต้นของการกล่าวมนตร์."
โอม 2,ก.,กล่าวคำขึ้นต้นของมนตร์.
โอ๊ย 0,อ.,คำที่เปล่งออกมาแสดงความรู้สึกเจ็บปวด หรือรู้สึกว่ามากยิ่ง แปลก เป็นต้น.
โอย 0,อ.,คำที่เปล่งออกมาแสดงความรู้สึกเจ็บปวด หรือรู้สึกว่ามากยิ่ง แปลก เป็นต้น.
โอย 1,ก.,"อวย, ให้, เช่น คนในเมืองสุโขทัยนี้ มักทาน มักทรงศีล มักโอยทาน (จารึกพ่อขุนรามคำแหง หลักที่ ๑ ด้านที่ ๒)."
โอร- 0,ว.,"ตํ่า, ใต้"
โอร- 1,ว.,รอง
โอร- 2,ว.,หลัง
โอร- 3,ว.,ฝั่งนี้.
โอรส 0,น.,ลูกชาย (ใช้แก่เจ้านาย) ใช้ว่า พระราชโอรส หรือ พระโอรส.
โอละพ่อ 0,ว.,กลับตรงกันข้ามอย่างกลับหน้ามือเป็นหลังมือ.
โอละพ่อ 1,น.,คำขึ้นต้นที่พวกระเบ็งร้องและรำในการมหรสพของหลวงเช่นพระราชพิธีโสกันต์.
โอลิมปิก 0,น.,เรียกการแข่งขันกีฬาระหว่างประเทศซึ่งจัดให้มีขึ้นทุก ๆ ๔ ปีในประเทศต่าง ๆ ตามแต่จะตกลงกันว่า กีฬาโอลิมปิก.
โอ้โลม 0,ก.,"ปลอบโยน, เอาใจ."
โอ้โลมปฏิโลม 0,ก.,"พูดเอาอกเอาใจ, พูดเกลี้ยกล่อม."
โอ้ว่า 0,อ.,"คำในคำประพันธ์ ใช้ในความรำพึง พรรณนา วิงวอน หรือปลอบ เป็นต้น เช่น โอ้พ่อพลายสายสวาทของน้องเอ๋ย ไม่เคยเลยจะห่างเหเสนหา (ขุนช้างขุนแผน), โอ้ว่า ก็ใช้ เช่น โอ้ว่าน่าเสียดายตัวนัก เพราะเชื่อลิ้นหลงรักจึงชํ้าจิต (อิเหนา)."
โอวาท 0,น.,"คำแนะนำ, คำตักเตือน, คำกล่าวสอน."
โอษฐ์ 0,น.,"ริมฝีปาก ในคำว่า โอษฐชะ, ราชาศัพท์ใช้ว่า ริมพระโอษฐ์"
โอษฐ์ 1,น.,"ปาก เช่น เอื้อนโอษฐ์, ราชาศัพท์ใช้ว่า พระโอษฐ์."
โอษฐ- 0,น.,"ริมฝีปาก ในคำว่า โอษฐชะ, ราชาศัพท์ใช้ว่า ริมพระโอษฐ์"
โอษฐ- 1,น.,"ปาก เช่น เอื้อนโอษฐ์, ราชาศัพท์ใช้ว่า พระโอษฐ์."
โอษฐชะ 0,น.,อักษรในภาษาบาลีและสันสกฤตที่มีเสียงเกิดที่ริมฝีปาก ได้แก่พยัญชนะวรรค ป คือ ป ผ พ ภ ม และอักษร ว กับสระอุ อู.
โอษฐภัย 0,น.,ภัยที่เกิดจากคำพูด.
โอสถ 0,น.,"ยาแก้โรค, ยารักษาโรค"
โอสถ 1,น.,เครื่องยา
โอสถ 2,น.,ในราชาศัพท์ใช้ตลอดจนถึงยาสูบและบุหรี่ เช่น พระโอสถเส้น พระโอสถมวน.
โอสถ- 0,น.,"ยาแก้โรค, ยารักษาโรค"
โอสถ- 1,น.,เครื่องยา
โอสถ- 2,น.,ในราชาศัพท์ใช้ตลอดจนถึงยาสูบและบุหรี่ เช่น พระโอสถเส้น พระโอสถมวน.
โอสถกรรม 0,น.,"การแพทย์แผนกใช้ยา, การรักษาไข้ด้วยวิธีใช้ยา."
โอสาน 0,น.,อวสาน.
โอหนอ 0,อ.,คำที่เปล่งออกมาเพื่อแสดงความรำพึงในเวลาดีใจหรือเสียใจ.
โอห์ม 0,น.,หน่วยวัดความต้านทาน ใช้สัญลักษณ์ Ω ความต้านทาน ๑ โอห์ม คือ ความต้านทานระหว่างจุด ๒ จุดบนตัวนำ ซึ่งเมื่อจุดคู่นี้มีความต่างศักย์ไฟฟ้า ๑ โวลต์แล้ว จะทำให้มีกระแสไฟฟ้าไหลผ่านได้ ๑ แอมแปร์.
โอห์มมิเตอร์ 0,น.,เครื่องมือไฟฟ้าที่ใช้สำหรับวัดค่าของความต้านทานเป็นโอห์ม.
โอหัง 0,ก.,แสดงกิริยาวาจาหยิ่งยโส.
โอฬาร 0,ว.,"ใหญ่โต, โอ่โถง, กว้างขวาง"
โอฬาร 1,ว.,"ยิ่งใหญ่, เลิศล้น"
โอฬาร 2,ว.,"ประเสริฐ, ดี, เอาฬาร ก็ใช้. (แผลงมาจาก อุฬาร)."
โอฬาริก 0,ว.,"ใหญ่, โต."
โอฬารึก 0,ว.,"ใหญ่, โต."
โอ่อวด 0,ก.,"อวด, พูดยกตัว, พูดอวดความรู้ความสามารถหรือความมั่งมีเป็นต้น."
โอ่อวด 1,ว.,"ขี้อวด, ชอบพูดยกตัว, ชอบพูดอวดความรู้ความสามารถหรือความมั่งมีเป็นต้น."
โอ้อวด 0,ก.,"อวด, พูดยกตัว, พูดอวดความรู้ความสามารถหรือความมั่งมีเป็นต้น."
โอ้อวด 1,ว.,"ขี้อวด, ชอบพูดยกตัว, ชอบพูดอวดความรู้ความสามารถหรือความมั่งมีเป็นต้น."
โอ่อ่า 0,ว.,"สะสวยอย่างมีสง่า เช่น แต่งตัวโอ่อ่า, ใหญ่โตหรูหรามาก เช่น บ้านช่องโอ่อ่า."
โอ้เอ้ 0,น.,เรียกการสวดกาพย์ลำนำเป็นทำนองอย่างที่นักเรียนสวดตามศาลารายวัดพระศรีรัตนศาสดารามในวันเข้าพรรษา วันกลางพรรษา และวันออกพรรษา ว่า สวดโอ้เอ้วิหารราย.
โอ้เอ้ 1,ว.,ชักช้า.
โอเอซิส 0,น.,บริเวณที่ชุ่มชื้นในทะเลทราย ซึ่งมีนํ้าพอที่สิ่งมีชีวิตจะอาศัยอยู่ได้.
โอ้โฮ 0,อ.,คำที่เปล่งออกมาแสดงความตกใจหรือประหลาดใจเป็นต้น.
ไอ้ 0,น.,"คำประกอบคำอื่นบอกให้รู้ว่าเป็นเพศชายหรือสัตว์ตัวผู้ เช่น ไอ้หนุ่ม ไอ้ด่าง, คำประกอบหน้าชื่อผู้ชายที่มีฐานะตํ่ากว่า อย่างนายเรียกคนใช้, คำประกอบหน้าชื่อเพื่อนฝูงแสดงว่ามีความสนิทสนมมาก มักใช้กันในหมู่เด็กผู้ชาย"
ไอ้ 1,น.,"คำใช้ประกอบหน้าชื่อผู้ชายแสดงความดูหมิ่นเหยียดหยาม, คำประกอบคำบางคำที่ผู้ใหญ่ใช้เรียกเด็กผู้ชายหรือผู้ชายที่อายุน้อยกว่ามากด้วยความเอ็นดูหรือสนิทสนมเป็นกันเอง เช่น ไอ้หนู ไอ้น้องชาย"
ไอ้ 2,น.,"คำประกอบหน้าคำบางคำเพื่อเน้น เช่น ไอ้เราก็ไม่ดี ไอ้จะไปก็ไม่มีที่ไป ไอ้จะอยู่หรือก็คับใจ, คำประกอบหน้าคำบางคำเพื่อเน้นในเชิงบริภาษ เช่น ไอ้ทึ่ม ไอ้โง่ ไอ้ควาย, คำใช้แทนสิ่งที่กล่าวถึงและเป็นที่เข้าใจกัน เช่น ไอ้นั่น ไอ้นี่, เขียนเป็น อ้าย ก็มี."
ไอ 0,น.,สิ่งที่มีลักษณะอย่างควัน ลอยออกมาจากของที่ถูกความร้อนทำให้ระเหย.
ไอ 1,ก.,อาการที่ลมพุ่งขึ้นมาจากปอดโดยแรง เพื่อขับสิ่งที่อาจเป็นอันตรายออกมา ทำให้เกิดเสียงพิเศษจากลำคอ.
ไอกรน 0,น.,โรคติดเชื้อจากแบคทีเรียชนิดหนึ่ง พบในเด็กที่มีไข้ ไอมาก และมักมีเสียงเกิดจากการหายใจที่ลำบากตามหลังอาการไอ.
ไอ้ขิก 0,น.,"ขิก, เขียนเป็น อ้ายขิก ก็มี."
ไอ้เจี๊ยว 0,น.,"กระเจี๊ยว, เขียนเป็น อ้ายเจี๊ยว ก็มี."
ไอโซโทป 0,น.,อะตอมของธาตุเดียวกัน แต่มีจำนวนนิวตรอนที่นิวเคลียสต่างกัน.
ไอแดด 0,น.,ความร้อนจากแสงแดดที่เข้ามาถึงในที่ร่ม.
ไอตัว 0,น.,ความร้อนที่ระเหยจากร่างกาย.
ไอน์สไตเนียม 0,น.,ธาตุลำดับที่ ๙๙ สัญลักษณ์ Es เป็นธาตุกัมมันตรังสีที่นักวิทยาศาสตร์สร้างขึ้น ไม่มีปรากฏในธรรมชาติ.
ไอพ่น 0,น.,"ชื่อเครื่องยนต์ชนิดหนึ่งซึ่งเผาเชื้อเพลิงให้เป็นแก๊สพุ่งออกมาตามท่อด้วยความดันสูงมาก ทำให้เกิดพลังขับเคลื่อนได้, เรียกเครื่องบินที่ใช้กำลังด้วยเครื่องยนต์เช่นนั้น ว่า เครื่องบินไอพ่น."
ไอพิษ 0,น.,แก๊สหรือไอที่มีสมบัติเป็นพิษอย่างร้ายแรง ใช้ในการสู้รบ.
ไอยรา 0,น.,ช้าง.
ไอยเรศ 0,น.,ชื่อเพลงไทยทำนองหนึ่ง.
ไอราพต 0,น.,ช้าง ๓๓ เศียรเป็นพาหนะของพระอินทร์.
ไอราวัณ 0,น.,"เอราวัณ, ช้าง ๓๓ เศียรเป็นพาหนะของพระอินทร์."
ไอราวัต 0,น.,ช้าง ๓๓ เศียรเป็นพาหนะของพระอินทร์.
ไอศกรีม 0,น.,ของกินทำด้วยนํ้าหวาน กะทิ หรือนม เป็นต้น ทำให้ข้นด้วยความเย็น.
ไอศวรรย์ 0,น.,"ความเป็นเจ้าเป็นใหญ่, ความเป็นพระเจ้าแผ่นดิน"
ไอศวรรย์ 1,น.,อำนาจ
ไอศวรรย์ 2,น.,"สมบัติแห่งพระราชาธิบดี, ใช้ว่า ไอศุริย หรือ ไอศูรย์ ก็มี."
ไอศุริย- 0,น.,ไอศวรรย์.
ไอศุริยสมบัติ 0,น.,สมบัติแห่งพระราชาธิบดี.
ไอศูรย์ 0,น.,ไอศวรรย์.
ไอเสีย 0,น.,"ไอที่เกิดจากการเผาไหม้ของนํ้ามันเครื่องยนต์ที่ขับถ่ายออกทางท่อ, เรียกท่อที่ขับถ่ายไอเสียออกว่า ท่อไอเสีย."
ไอออน 0,น.,อะตอมหรือหมู่ของอะตอมที่ไม่เป็นกลาง มี ๒ ชนิด คือ ชนิดที่แสดงอำนาจไฟฟ้าของประจุไฟฟ้าบวก เรียกว่า ไอออนบวกหรือแคตไอออน (cation) ชนิดที่แสดงอำนาจไฟฟ้าของประจุไฟฟ้าลบ เรียกว่า ไอออนลบหรือแอนไอออน (anion).
ไอโอดีน 0,น.,ธาตุลำดับที่ ๕๓ สัญลักษณ์ I เป็นอโลหะ ลักษณะเป็นของแข็งสีเทาดำเป็นเงาวาว หลอมละลายที่ ๑๑๔ ํซ. เมื่อระเหิดเป็นไอให้ไอสีม่วง เป็นธาตุสำคัญมากสำหรับต่อมไทรอยด์ หากขาดธาตุนี้จะทำให้เป็นโรคคอพอก.
