คำ,POS,ความหมาย
จ 0,?,พยัญชนะตัวที่ ๘ เรียกว่า จอ จาน เป็นอักษรกลาง ใช้เป็นพยัญชนะต้น และเป็นตัวสะกดในมาตรากดหรือแม่กด เช่น กิจ วินิจฉัย ตำรวจ.
จก 0,ก.,"ฉก เช่น ระวังงูจะจกเอา, ล้วง เช่น รู้สึกเหมือนกับว่ามีมือใครมาจกกระเป๋า, ควัก เช่น น้องคงแอบมาจกเงินไป ๕๐๐ บาท, ขุด เช่น จกแรง ๆ หน่อย ทำอย่างนี้พรุ่งนี้ก็ไม่ได้สักหลุม, คุ้ย, สับ เช่น เอาจอบจกลงไปตรงนั้นซิ"
จก 1,ก.,เอาตัวมา เช่น คุณต้องไปจกตัวเขามาให้ได้.
จกอบ 0,น.,"ภาษีสินค้าผ่านด่าน, ภาษีปากเรือ, จังกอบ ก็เรียก."
จง 0,*ก.,"เป็นคำช่วยกริยา บอกความบังคับ เช่น จงปฏิบัติตามระเบียบวินัย, หรือบอกความหวัง เช่น จงมีความสุขความเจริญ."
จ่ง 0,ว.,จง.
จ๋ง 0,น.,"เรียกลูกชายคนที่ ๑๐ ว่า ลูกจ๋ง, คู่กับ ลูกหญิงคนที่ ๑๐ ว่า ลูกอัง."
จงกรม 0,ก.,เดินไปมาโดยมีสติกำกับอย่างพระเดินเจริญกรรมฐาน เรียกว่า เดินจงกรม.
จงกรมแก้ว 0,น.,พระพุทธรูปปางหนึ่งยืนย่างพระบาทซ้าย พระหัตถ์ทั้ง ๒ ประสานพระเพลา มีเรือนแก้ว.
จงกล 0,น.,"บัว, บัวสาย, เช่น อันประดับด้วยอรพินธุเนานึก บุณฑรึกจงกล (ม. คำหลวง วนปเวสน์)"
จงกล 1,น.,สิ่งที่ทำให้มีรูปร่างคล้ายดอกบัวชนิดหนึ่ง สำหรับเป็นส่วนประกอบเครื่องใช้ เครื่องประดับตกแต่งต่าง ๆ เช่น จงกลเชิงเทียน จงกลปลายพระทวย จงกลปิ่น จงกลดาวเพดาน
จงกล 2,น.,ก้านของพู่ที่ประดับหัวม้าติดอยู่กับขลุมทั้ง ๒ ข้าง ตั้งขึ้นไป.
จงกลนี 0,น.,"บัว, บัวดอกคล้ายบัวขม มีเกสรซ้อนหลายชั้น แตกก้านต่อดอกแล้วมีดอกต่อกัน ๓ ดอกบ้าง ๔ ดอกบ้าง. (ทมิฬ เจ็ง ว่า แดง กาฬนีร ว่า บัว หมายความว่า บัวแดง)."
จงเกลียดจงชัง 0,ก.,ผูกใจเกลียดชังอย่างยิ่ง.
จงโคร่ง 0,น.,"ชื่อสัตว์สะเทินนํ้าสะเทินบกชนิด Bufo asper Gravenhorst ในวงศ์ Bufonidae เป็นคางคกที่ใหญ่ที่สุดในประเทศไทย ผิวหนังเป็นตุ่มขรุขระทั่วตัว ตุ่มที่หลังมีขนาดใหญ่ ส่วนใหญ่ลำตัวสีน้ำตาลดำและน้ำตาลเหลือง ท้องสีขาวหม่นบางตัวมีจุดสีแดงเล็ก ๆ ยางขาวมีฤทธิ์ทำให้มึนเมา อาศัยในป่าบริเวณริมลำธารหรือน้ำตก, กระทาหอง กระหอง หรือ กง ก็เรียก."
จงใจ 0,ก.,"ตั้งใจ, หมายใจ, เจตนา."
จงดี 0,ว.,"ให้ดี, ให้เรียบร้อย."
จงรัก 0,ก.,ผูกใจรักด้วยความเคารพนับถือหรือรู้คุณอย่างยิ่ง.
จงรักภักดี 0,ก.,ผูกใจรักด้วยความเคารพนับถือหรือรู้คุณอย่างยิ่ง.
จงอร 0,ก.,"จงทำให้ดีใจ, จงทำให้ปลาบปลื้ม, เช่น ใครรู้แห่งพระแพศยันดร บอกจงอรใจกู (ม. คำหลวง ชูชก)."
จงอาง 0,น.,"ชื่องูพิษชนิด Ophiophagus hannah (Cantor) ในวงศ์ Elapidae เป็นงูพิษรุนแรงที่มีขนาดใหญ่ที่สุดในโลก โตเต็มวัยยาวประมาณ ๔.๕ เมตร หัวโต เกล็ดบนหัวใหญ่ สามารถยกหัวและลำตัวท่อนบนตั้งขึ้นได้สูงและแผ่บริเวณคอออกได้ เรียกว่า แผ่แม่เบี้ย แต่ไม่แผ่เป็นแผ่นกว้างเท่างูเห่า ขณะแผ่แม่เบี้ยจะเห็นลายขีดบั้งที่ด้านหลังคอ ตัวสีเขียวอมเทาหรือสีคลํ้า พบทั้งในป่าโปร่งและป่าทึบ, บองหลา ก็เรียก."
จแจ้น 0,ว.,"แตกจากหมู่, กระจัดกระจาย, ในคำว่า หนีญญ่ายพายจแจ้น (จารึกสยาม)."
จญ 0,ก.,"ประจญ, สู้รบ, เช่น คือนาคจญครุทธสรงง วิ่งเว้น (ยวนพ่าย)."
จด 0,ก.,"จ่อให้ถึงกัน, ถึง, จนถึง"
จด 1,ก.,แตะ.
จด 2,ก.,"กำหนด, หมายไว้, เขียนไว้."
จด ๆ จ้อง ๆ 0,ก.,ตั้งท่าจะทำแล้วไม่ลงมือทำเพราะไม่แน่ใจ.
จดจ่อ 0,ก.,มีใจฝักใฝ่ผูกพันอยู่.
จดจ้อง 0,ก.,ตั้งท่าจะทำแล้วไม่ลงมือทำเพราะไม่แน่ใจ.
จดจำ 0,ก.,"กำหนดไว้ในใจ, จำไว้ในใจ."
จดทะเบียน 0,ก.,ลงบันทึกข้อความไว้กับทางราชการเพื่อให้การใดเกิดผล บังคับกันได้ ได้รับการคุ้มครอง หรือเป็นหลักฐานตามที่กฎหมายกำหนด เช่น จดทะเบียนรถยนต์ จดทะเบียนสมรส จดทะเบียนหุ้นส่วนและบริษัท จดทะเบียนเครื่องจักร.
จดไม่ลง 0,ก.,ไม่กล้าซื้อเพราะราคาแพงมาก.
จดหมัด 0,ก.,ตั้งท่ามวย.
จดหมาย 0,น.,หนังสือที่มีไปมาถึงกัน.
จดหมายข่าว 0,น.,แผ่นปลิวหรือจุลสารที่ลงข่าวสาร มักใช้เพื่อการประชาสัมพันธ์หน่วยงาน องค์กร สมาคม หรือชมรม.
จดหมายเวียน 0,น.,หนังสือเวียน
จดหมายเวียน 1,น.,หนังสือที่มีข้อความเหมือนกัน ส่งไปถึงคนจำนวนมาก.
จดหมายเหตุ 0,น.,"หนังสือบอกข่าวคราวที่เป็นไป, รายงานหรือบันทึกเหตุการณ์ต่าง ๆ ที่เกิดขึ้น, เอกสารที่ส่วนราชการ รัฐวิสาหกิจ หรือเอกชน ผลิตขึ้นเพื่อใช้เป็นหลักฐานและเครื่องมือในการปฏิบัติงาน."
จดุร- 0,*ว.,แผลงมาจาก จตุร หมายความว่า สี่.
จดุรงค์ 0,ว.,องค์ ๔.
จดูร- 0,ว.,สี่ เช่น จดูรพรรค ว่า รวม ๔ อย่าง (ม. คำหลวง นครกัณฑ์).
จตุ- 0,ว.,"สี่, ใช้ประกอบหน้าคำที่มาจากภาษาบาลี."
จตุกาลธาตุ 0,น.,พิกัดตัวยาประเภทหนึ่งในตำรายาไทย จำกัดจำนวนตัวยาแก้ธาตุตามเวลาไว้ ๔ อย่าง คือ เหง้าว่านน้ำ รากเจตมูลเพลิง รากแคแตร รากพนมสวรรค์.
จตุตถ- 0,ว.,ที่ ๔ เช่น จตุตถจุลจอมเกล้า จตุตถสุรทิน จตุตถีดิถี.
จตุตถี 0,ว.,ที่ ๔ เช่น จตุตถจุลจอมเกล้า จตุตถสุรทิน จตุตถีดิถี.
จตุทิพยคันธา 0,น.,พิกัดตัวยาประเภทหนึ่งในตำรายาไทย จำกัดจำนวนตัวยาอันมีกลิ่นหอมดังยาทิพย์ไว้ ๔ อย่าง คือ ดอกพิกุล รากชะเอมเทศ รากมะกล่ำเครือ รากขิงแครง.
จตุบท 0,น.,สัตว์สี่เท้า.
จตุบริษัท 0,น.,"บริษัท ๔ เหล่า, ถ้าเป็นพุทธบริษัท คือ ภิกษุ ภิกษุณี อุบาสก อุบาสิกา, ถ้าเป็นราชบริษัทหรือประชุมชนทั่วไป ได้แก่ กษัตริย์ พราหมณ์ คฤหบดี สมณะ."
จตุปัจจัย 0,น.,เครื่องอาศัยเลี้ยงชีวิตของบรรพชิตในพระพุทธศาสนา ๔ อย่าง คือ จีวร (ผ้านุ่งห่ม) บิณฑบาต (อาหาร) เสนาสนะ (ที่อยู่) คิลานเภสัช (ยา).
จตุปาริสุทธิศีล 0,น.,ศีลคือความบริสุทธิ์ หรือ ศีลคือเครื่องให้บริสุทธิ์ ๔ ประการ คือ ๑. สำรวมในพระปาติโมกข์ (ปาติโมกฺขสํวร) ๒. สำรวมตา หู จมูก ลิ้น กาย ใจ (อินฺทฺริยสํวร) ๓. เลี้ยงชีพโดยทางชอบ (อาชีวปาริสุทฺธิ) ๔. บริโภคปัจจัยด้วยการพิจารณา (ปจฺจยสนฺนิสฺสิต).
จตุผลาธิกะ 0,น.,พิกัดตัวยาประเภทหนึ่งในตำรายาไทย จำกัดจำนวนผลไม้อันให้คุณไว้ ๔ อย่าง คือ ลูกสมอไทย ลูกสมอพิเภก ลูกมะขามป้อม ลูกสมอเทศ.
จตุร- 0,ว.,"สี่, ใช้ประกอบหน้าคำที่มาจากภาษาบาลีหรือสันสกฤต."
จตุรคูณ 0,ว.,๔ เท่า.
จตุรงค์ 0,ว.,"องค์ ๔, ๔ เหล่า."
จตุรงค์ 1,น.,หมากรุก เช่น ต่งงกรดานจตุรงคมยง ม่ายม้า (กำสรวล).
จตุรงคนายก 0,น.,ชื่อกลอนกลบทโบราณ มีบังคับพิเศษคือ กลอนแต่ละวรรคแบ่งออกเป็น ๔ จังหวะ จังหวะละ ๒ คำ คำเริ่มต้นของทุกจังหวะใช้คำเดียวกันซ้ำตลอด คำที่ ๒ กับคำที่ ๔ ใช้เสียงพยัญชนะเดียวกัน และคำที่ ๖ กับคำที่ ๘ ใช้เสียงพยัญชนะเดียวกัน ตัวอย่างว่า จักกรีดจักกรายจักย้ายจักย่อง ไม่เมินไม่มองไม่หมองไม่หมาง งามเนื้องามนิ่มงามยิ้มงามย่าง ดูคิ้วดูคางดูปรางดูปรุง (ชุมนุมตำรากลอน).
จตุรงคประดับ 0,น.,ชื่อกลอนกลบทโบราณ มีบังคับพิเศษคือ กลอน ๔ วรรค ในแต่ละบทขึ้นต้นวรรคด้วยคำ ๒ คำซ้ำกัน ตัวอย่างว่า พระหน่อไทยได้สดับแสดงกิจ พระหน่อคิดจิตวาบระหวาบหวาม พระหน่อตรึกนึกคะเนคะนึงความ พระหน่อนามแจ้งกระจัดกระจ่างใจ (ชุมนุมตำรากลอน).
จตุรงคพล 0,น.,กองทัพมีกำลัง ๔ เหล่า คือ เหล่าช้าง เหล่ารถ เหล่าม้า เหล่าราบ
จตุรงคพล 1,น.,หมากรุก.
จตุรงคยมก 0,น.,ชื่อกลอนกลบทโบราณ มีบังคับพิเศษคือ ทุก ๆ ๒ บทให้ใช้ภาษาบาลีแต่งวรรคแรกทั้งวรรค และวรรคที่ ๒ เฉพาะจังหวะแรก ตัวอย่างว่า ภุมมาจายันตุเทวา ภุมมะจาเจ้าที่บดีสูร อารักษ์เรืองฤทธิ์เดชเกษสกูล อันเรืองรูญรังษีระวีวร (ชุมนุมตำรากลอน).
จตุรงคโยธา 0,น.,กองทัพมีกำลัง ๔ เหล่า คือ เหล่าช้าง เหล่ารถ เหล่าม้า เหล่าราบ.
จตุรงคเสนา 0,น.,"กองทัพมีกำลัง ๔ เหล่า คือ เหล่าช้าง เหล่ารถ เหล่าม้า เหล่าราบ, จตุรงคินีเสนา ก็ว่า."
จตุรงคินีเสนา 0,น.,"กองทัพมีกำลัง ๔ เหล่า คือ เหล่าช้าง เหล่ารถ เหล่าม้า เหล่าราบ, จตุรงคเสนา ก็ว่า."
จตุรถ- 0,ว.,ที่ ๔ เช่น จตุรถาภรณ์.
จตุรพักตร์ 0,ว.,“ผู้มี ๔ หน้า” คือ พระพรหม.
จตุรพิธ 0,ว.,มี ๔ อย่าง.
จตุรพิธพร 0,น.,"พร ๔ ประการ คือ อายุ วรรณะ สุขะ พละ, ใช้ในการให้พร ขอให้มีอายุยืน มีผิวพรรณผ่องใส มีความสุขกายสุขใจ และมีกำลังแข็งแรง."
จตุรเพท 0,น.,"ชื่อคัมภีร์พระเวท ๔ คัมภีร์ของศาสนาพราหมณ์ในยุคพระเวท คือ ฤคเวท ยชุรเวท สามเวท และอถรรพเวทหรืออาถรรพเวท. (ดู เวท, เวท-)."
จตุรภุช 0,ว.,“ผู้มี ๔ แขน” คือ พระนารายณ์.
จตุรภูมิ 0,น.,ภูมิ ๔ คือ ๑. กามาวจรภูมิ ภูมิของผู้ท่องเที่ยวในกามภพ ๒. รูปาวจรภูมิ ภูมิของผู้ท่องเที่ยวในรูปภพ ๓. อรูปาวจรภูมิ ภูมิของผู้ท่องเที่ยวในอรูปภพ ๔. โลกุตรภูมิ ภูมิอันพ้นจากโลก.
จตุรมุข 0,น.,“ผู้มี ๔ หน้า” คือ พระพรหม.
จตุรยุค 0,น.,ยุคทั้ง ๔ คือ กฤดายุค ไตรดายุค ทวาบรยุค กลียุค.
จตุรเวท 0,น.,"ชื่อคัมภีร์พระเวท ๔ คัมภีร์ของศาสนาพราหมณ์ในยุคพระเวท คือ ฤคเวท ยชุรเวท สามเวท และอถรรพเวทหรืออาถรรพเวท. (ดู เวท, เวท-)."
จตุราริยสัจ 0,น.,อริยสัจ ๔ ประการ คือ ทุกข์ สมุทัย นิโรธ มรรค.
จตุลังคบาท 0,น.,"พลประจำ ๔ เท้าช้าง, สำหรับช้างทรงของพระมหากษัตริย์หรือพระมหาอุปราชในเวลาสงคราม มีเจ้ากรมพระตำรวจหลวงหรือข้าราชการ เช่น พระมหามนตรี พระมหาเทพ หลวงอินทรเทพ หลวงพิเรนทรเทพ ประจำ ๔ เท้าช้าง เช่น จตุลังคบาทสี่ตน ล้วนขุนพลสามรรถ (ตะเลงพ่าย), จัตุลังคบาท หรือ แวงจตุลังคบาท ก็ว่า."
จตุโลกบาล 0,น.,"ท้าวจาตุมหาราช, หัวหน้าเทวดาในสวรรค์ชั้นจาตุมหาราช มีหน้าที่รักษาโลกในทิศทั้ง ๔ เรียกว่า ท้าวจตุโลกบาล คือ ๑. ท้าวธตรฐ จอมภูตหรือจอมคนธรรพ์ รักษาโลกด้านทิศบูรพาหรือทิศตะวันออก ๒. ท้าววิรุฬหก จอมเทวดาหรือจอมกุมภัณฑ์ รักษาโลกด้านทิศทักษิณหรือทิศใต้ ๓. ท้าววิรูปักษ์ จอมนาค รักษาโลกด้านทิศประจิมหรือทิศตะวันตก ๔. ท้าวกุเวร จอมยักษ์ รักษาโลกด้านทิศอุดรหรือทิศเหนือ, จัตุโลกบาล ก็ว่า."
จตุวาตผล 0,น.,พิกัดตัวยาประเภทหนึ่งในตำรายาไทย จำกัดจำนวนตัวยาแก้ลมไว้ ๔ อย่าง ได้แก่ เหง้าขิงแห้ง กระลำพัก อบเชยเทศ โกศหัวบัว.
จตุสดมภ์ 0,น.,การจัดระเบียบราชการฝ่ายพลเรือนส่วนกลาง ประกอบด้วยกรมใหญ่ ๔ กรม คือ กรมเมือง กรมวัง กรมคลัง กรมนามีจตุสดมภ์เสนาบดีเป็นผู้บังคับบัญชาแต่ละกรม.
จทึง 0,น.,"แม่นํ้า, ใช้ว่า ฉทึง ชทึง ชรทึง สทิง สทึง หรือ สรทึง ก็มี."
จ้น 0,ว.,ถี่ ๆ เช่น กินออกจ้นมิได้หยุดช่างสุดแสน (นิ. ลอนดอน).
จน 0,ว.,"อัตคัดขัดสน, ฝืดเคือง, มีเงินไม่พอยังชีพ."
จน 1,ก.,แพ้ เช่น หมากรุกจน
จน 2,ก.,"หมดทาง เช่น จนใจ คือ ไม่มีทางที่จะทำได้อย่างคิด, จนตรอก คือ ไม่มีทางไป, จนแต้ม คือ ไม่มีทางเดินหรือไม่มีทางสู้, จนมุม คือ ไม่มีทางหนี."
จน 3,สัน.,"ตราบเท่า เช่น จนตาย, จนกระทั่ง หรือ จนถึง ก็ว่า."
จนกระทั่ง 0,สัน.,"ตราบเท่า, ที่สุดถึง."
จนกว่า 0,สัน.,กระทั่งถึงเวลานั้น ๆ เช่น จนกว่าจะตาย.
จนชั้น 0,สัน.,ที่สุดแต่.
จนด้วยเกล้า 0,ก.,หมดปัญญาคิด.
จนได้ 0,ว.,ในที่สุดก็เป็นเช่นนั้น เช่น ห้ามแล้วยังไปทำอีกจนได้.
จนถึง 0,สัน.,"ตราบเท่า, ที่สุดถึง."
จนแล้วจนรอด 0,ว.,เป็นอยู่อย่างนั้นจนถึงบัดนี้.
จบ 0,น.,"การสิ้นสุดคราวหนึ่ง ๆ, ลักษณนามเรียกการสิ้นสุดเช่นนั้น เช่น สวดจบหนึ่ง ตั้งนโม ๓ จบ."
จบ 1,ก.,สิ้นสุดคราวหนึ่ง ๆ เช่น จบชั้นไหน.
จบ 2,ก.,ยกของขึ้นหรือพนมมือเหนือหน้าผากเพื่อตั้งใจอุทิศให้เวลาทำบุญทำทาน
จบ 3,ก.,กิริยาที่ช้างชูงวงขึ้นเหนือหัวทำความเคารพ ในคำว่า ช้างจบ.
จบ 4,ก.,"ต่อกัน, พบกัน, เช่น จับปลายเชือก ๒ เส้นมาจบกัน."
จบเห่ 0,ก.,หมดเสียง
จบเห่ 1,ก.,"สิ้นท่า, หมดท่า"
จบเห่ 2,ก.,ยุติ.
จม 0,ก.,"หายลงไปหรืออยู่ใต้ผิวพื้น เช่น จมนํ้า จมดิน, โดยปริยายหมายความว่า เข้าลึก เช่น จมมีด จมเขี้ยว, หมกตัวหรือฝังตัวอยู่ เช่น จมอยู่ในห้องหนังสือ จมเลือด, ถอนทุนไม่ขึ้น เช่น ทุนจม, ยุบตัวลง เช่น สะบักจม"
จม 1,ก.,เรียกลวดลายที่ไม่เด่น ว่า ลายจม.
จม 2,ว.,มาก เช่น วันนี้มีการบ้านจมเลย.
จ่ม 0,ก.,บ่น.
จมเบ้า 0,ว.,อยู่กับที่เป็นเวลานาน ๆ.
จมปลัก 0,ก.,"ติดอยู่กับที่, ไม่ก้าวหน้า."
จมไม่ลง 0,ก.,เคยทำตัวใหญ่มาแล้วทำให้เล็กลงไม่ได้ (มักใช้แก่คนที่เคยมั่งมีหรือรุ่งเรืองมาก่อน เมื่อยากจนหรือตกอับลงก็ยังทำตัวเหมือนเดิม).
จมร 0,ก.,"ชื่อสัตว์เคี้ยวเอื้องชนิด Bos grunniens Linn. ในวงศ์ Bovidae ขนตามลำตัวละเอียดอ่อนยาวมาก สีนํ้าตาลเข้มจนถึงดำ โดยเฉพาะบริเวณสวาบคือบริเวณระหว่างชายโครงถึงสันกระดูกตะโพกมีขนสีดำห้อยยาวลงมาเกือบถึงพื้น ช่วงเขากว้างมาก หางยาวเป็นพู่ อาศัยอยู่แถบภูเขาสูงในทิเบต, จมร จมรี หรือ จามจุรี ก็เรียก"
จมรี 0,ก.,"ชื่อสัตว์เคี้ยวเอื้องชนิด Bos grunniens Linn. ในวงศ์ Bovidae ขนตามลำตัวละเอียดอ่อนยาวมาก สีนํ้าตาลเข้มจนถึงดำ โดยเฉพาะบริเวณสวาบคือบริเวณระหว่างชายโครงถึงสันกระดูกตะโพกมีขนสีดำห้อยยาวลงมาเกือบถึงพื้น ช่วงเขากว้างมาก หางยาวเป็นพู่ อาศัยอยู่แถบภูเขาสูงในทิเบต, จมร จมรี หรือ จามจุรี ก็เรียก"
จมื่น 0,น.,"ตำแหน่งข้าราชการในกรมมหาดเล็ก มี ๔ ตำแหน่ง เดิมเรียกว่า หมื่น เจ้าหมื่น และจมื่น เช่น หมื่นสรรเพธภักดี เจ้าหมื่นไวยวรนารถ ต่อมาในรัชกาลที่ ๔ ตำแหน่งหัวหมื่นทั้งสี่อยู่ภายใต้การดูแลของจางวางกรมมหาดเล็ก, เจ้าพนักงานระดับหนึ่งในกรมมหาดไทยและกรมพระกลาโหม รองจากขุนสูงกว่าหัวพัน เช่น หัวหมื่นทลวงฟัน หัวหมื่นเครื่องต้น (สามดวง)."
จมูก 0,น.,"อวัยวะส่วนหนึ่งที่ยื่นออกมา อยู่เหนือปาก มีรู ๒ รู สำหรับดมกลิ่นและหายใจเข้าหายใจออก, (ปาก) ตมูก ก็ว่า, ราชาศัพท์ว่า พระนาสิก พระนาสา โดยปริยายเรียกสิ่งที่ยื่นออกมาคล้ายจมูก, เรียกสิ่งที่เจาะเป็นรู ๒ รูเพื่อร้อยเชือกเป็นต้น เช่น จมูกซุง."
จมูกข้าว 0,น.,ส่วนปลายของเมล็ดข้าวที่ติดกับก้านดอก เป็นส่วนที่ต้นอ่อนงอก.
จมูกปลาหลด 0,น.,"ชื่อไม้เถาชนิด Sarcostemma secamone (L.) Bennet ในวงศ์ Asclepiadaceae ทั้งต้นมียางขาว ใบแคบเรียวแหลม ออกเป็นคู่ตรงข้ามกัน มีนวล ดอกสีม่วงแกมชมพู ใช้ทำยาได้ ใบและเถาใช้เป็นอาหาร, จมูกปลาหลด จมูกปลาไหล หรือ ผักไหม ก็เรียก."
จมูกปลาไหล 0,น.,"ชื่อไม้เถาชนิด Sarcostemma secamone (L.) Bennet ในวงศ์ Asclepiadaceae ทั้งต้นมียางขาว ใบแคบเรียวแหลม ออกเป็นคู่ตรงข้ามกัน มีนวล ดอกสีม่วงแกมชมพู ใช้ทำยาได้ ใบและเถาใช้เป็นอาหาร, จมูกปลาหลด จมูกปลาไหล หรือ ผักไหม ก็เรียก."
จมูกมด 0,ว.,"ที่ไหวตัวหรือรู้ตัวทันเหตุการณ์, บางทีใช้เข้าคู่กับคำ หูผี เป็น หูผีจมูกมด."
จมูกวัว 0,น.,ท่อที่ต่อจากสูบไปเป่าเปลวไฟไปท่วมเบ้า.
จมูกหลอด 0,น.,"ตะพาบ. (ดู ตะพาบ ๑, ตะพาบนํ้า)."
จยุติ 0,ก.,จุติ.
จร- 0,ว.,ไม่ใช่ประจำ เช่น วาระจร ขาจร.
จร- 1,ก.,"ไป, เที่ยวไป"
จร- 2,ก.,"ประพฤติ. (ป., ส.), ใช้เป็นบทท้ายสมาสก็มี เช่น ขจร วนจร, ที่ใช้ควบกับคำไทยก็มี เช่น จรลู่ จรลิ่ว."
จร 0,ว.,ไม่ใช่ประจำ เช่น วาระจร ขาจร.
จร 1,ก.,"ไป, เที่ยวไป"
จร 2,ก.,"ประพฤติ. (ป., ส.), ใช้เป็นบทท้ายสมาสก็มี เช่น ขจร วนจร, ที่ใช้ควบกับคำไทยก็มี เช่น จรลู่ จรลิ่ว."
จร 3,น.,"เครื่องประดับหูอยู่ด้านหน้ากรรเจียก เช่น กรรเจียกซ้อนจอนแก้วแพรวพราว (อิเหนา), เขียนเป็น จร ก็มี."
จรก 0,น.,"ผู้เที่ยวไป, ผู้เดินไป."
จรกลู่ 0,ก.,เที่ยวลอยเกลื่อนกลาดอยู่ เช่น จรกลู่ขึ้นกลางโพยมากาศ (ม. คำหลวง ทศพร).
จรแกว่ง 0,ก.,แกว่ง.
จรคั่ง 0,ก.,คั่ง.
จรจรัล 0,ก.,"เที่ยวไป, เดินไป, เช่น แม่รักลูกรักจรจรัล พลายพังก็กระสัน (ดุษฎีสังเวย)."
จรจัด 0,ว.,ร่อนเร่และไม่มีที่อยู่เป็นหลักแหล่ง.
จรณะ 0,น.,"ความประพฤติ, ในพระพุทธศาสนาหมายความว่า ข้อปฏิบัติเป็นเครื่องบรรลุวิชชา."
จรด 0,ก.,"จด, ถึง, จ่อให้ถึง."
จรดพระกรรไกรกรรบิด 0,ก.,ใช้กรรไกรขริบปอยผมเล็กน้อย เป็นการเริ่มในพระราชพิธีโสกันต์และเกศากันต์.
จรดพระกรรไตรกรรบิด 0,ก.,ใช้กรรไกรขริบปอยผมเล็กน้อย เป็นการเริ่มในพระราชพิธีโสกันต์และเกศากันต์.
จรดพระนังคัล 0,ก.,จดผาลคันไถลงดินเพื่อไถนาในพระราชพิธีจรดพระนังคัลแรกนาขวัญ.
จรดพระเมรุ 0,น.,ชื่อท่ารำแบบหนึ่ง โดยมือข้างหนึ่งหงาย งอข้อศอก หักข้อมือ ระดับแง่ศีรษะ มืออีกข้างหนึ่งจีบหงาย แขนตึง ระดับไหล่ เอียงศีรษะข้างเดียวกับมือที่แขนตึง.
จรดล 0,ก.,เที่ยวไปถึง.
จรบน 0,ก.,"เที่ยวไปเบื้องบน, ฟุ้งไป, บินไป, เช่น ด้วยคันธามลกชำระจรบันสระหอมรส (ม. คำหลวง นครกัณฑ์)."
จรบัน 0,ก.,"เที่ยวไปเบื้องบน, ฟุ้งไป, บินไป, เช่น ด้วยคันธามลกชำระจรบันสระหอมรส (ม. คำหลวง นครกัณฑ์)."
จรบาท 0,ก.,"เดินไปด้วยเท้า, ตรงกับคำว่า บทจร."
จรมัน 0,ก.,"ทำให้มั่น, ทำให้แข็งแรง."
จรมูก 0,น.,จมูก.
จรรจา 0,ก.,"พูด, กล่าว, เช่น อันว่าคนจรรจาลิ้นล่าย กล่าวสองฝ่ายให้ดูดี (ม. คำหลวง กุมาร)."
จรรโจษ 0,ก.,"โจษจัน, พูดอึง, พูดกันเซ็งแซ่, เล่าลือกันอื้ออึง, เช่น จรรโจษประชามี พลพิรียชาญชม (สมุทรโฆษ), จันโจษ ก็ว่า."
จรรม 0,น.,หนังสัตว์.
จรรม- 0,น.,หนังสัตว์.
จรรมการ 0,น.,ช่างหนัง.
จรรมขัณฑ์ 0,น.,"ท่อนหนัง, แผ่นหนัง, เช่น ทรงครองอชินจรรมขัณฑ์เป็นเครื่องคลุม (ม. ร่ายยาว จุลพน)."
จรรยา 0,น.,"ความประพฤติ, กิริยาที่ควรประพฤติในหมู่ในคณะ เช่น จรรยาแพทย์, นิยมใช้ในทางดี เช่น มีจรรยา หมายความว่า มีความประพฤติที่ดี."
จรรยาบรรณ 0,น.,ประมวลความประพฤติที่ผู้ประกอบอาชีพการงานแต่ละอย่างกำหนดขึ้น เพื่อรักษาและส่งเสริมเกียรติคุณชื่อเสียงและฐานะของสมาชิก อาจเขียนเป็นลายลักษณ์อักษรหรือไม่ก็ได้.
จรรโลง 0,ก.,"พยุงไว้ไม่ให้เซหรือไม่ให้ล้มลง, ผดุง, ค้ำชู, เช่น จรรโลงประเทศ, บำรุงรักษาและเชิดชูไว้ไม่ให้เสื่อม เช่น จรรโลงศาสนา."
จรลวง 0,ก.,"ล่วงไป, ลับไป."
จรล่วง 0,ก.,"ล่วงไป, ลับไป."
จรลาด 0,น.,"ตลาด, ที่ชุมนุมซื้อขายของต่าง ๆ, เช่น จบจรลาดแลทาง ทั่วด้าว (นิ. นรินทร์), จรหลาดเลขคนหนา ฝ่งงเฝ้า (กำสรวล)."
จรลาย 0,ก.,"ละลายไป, หายไป."
จรล่ำ 0,ก.,"เที่ยวไปนาน, ไปช้า, เช่น ในเมื่อชีชูชกเถ้ามหลกอการ ไปแวนนานจรล่ำแล (ม. คำหลวง ชูชก), เท่าว่าทางไกลจรล่ำ วันนี้ค่ำสองนางเมือ (ลอ), คิดใดคืนมาค่ำ อยู่จรหล่ำต่อกลางคืน (ม. คำหลวง มัทรี)."
จรลิ่ว 0,ก.,"เที่ยวไปไกล, ลอยไป, เช่น เหลียวแลทางจรลิ่ว เหลียวแลทิวเทินป่า (ลอ)."
จรลี 0,ก.,เดินเยื้องกราย.
จรลู่ 0,ก.,เที่ยวไปตามทาง.
จรวจ 0,ก.,"กรวด, หลั่งน้ำ."
จรวด 0,น.,"ชื่อดอกไม้ไฟชนิดหนึ่ง ใช้ไม้อ้อบรรจุดินดำ มีหางยาว เมื่อจุดชนวนแล้วเหวี่ยงให้พุ่งขึ้นสูง, กรวด ก็เรียก. (ข. กำชฺรัวจ ว่า พลุ)."
จรวด 1,ว.,"กรวด, สูงชัน, ใช้ว่า ตรวด ก็มี."
จรวด 2,น.,อาวุธหรือยานอวกาศที่ขับเคลื่อนด้วยความเร็วสูงมาก โดยใช้เชื้อเพลิงในตัวเองเผาไหม้เป็นแก๊สพุ่งออกมาจากส่วนท้าย มีทั้งชนิดที่ใช้เชื้อเพลิงแข็งและชนิดที่ใช้เชื้อเพลิงเหลว.
จรวดจรี 0,น.,ยอดแหลมสูง.
จรวดไจร 0,ก.,"ตรวจดู, พิจารณาดู, เช่น ทังทุ่มทู้ต่างย้าง จรวจไจร (ยวนพ่าย)."
จรวดนำวิถี 0,น.,อาวุธปล่อยนำวิถีซึ่งขับเคลื่อนด้วยจรวด.
จรวัก 0,น.,ตวัก.
จรส 0,ว.,"จรัส, แจ่มแจ้ง, รุ่งเรือง, สว่าง, เช่น เหลืองจรุลจรสรจนา (ม. คำหลวง ทานกัณฑ์)."
จรหลาด 0,น.,"ตลาด, ที่ชุมนุมซื้อขายของต่าง ๆ, เช่น จบจรลาดแลทาง ทั่วด้าว (นิ. นรินทร์), จรหลาดเลขคนหนา ฝ่งงเฝ้า (กำสรวล)."
จรหล่ำ 0,ก.,"เที่ยวไปนาน, ไปช้า, เช่น ในเมื่อชีชูชกเถ้ามหลกอการ ไปแวนนานจรล่ำแล (ม. คำหลวง ชูชก), เท่าว่าทางไกลจรล่ำ วันนี้ค่ำสองนางเมือ (ลอ), คิดใดคืนมาค่ำ อยู่จรหล่ำต่อกลางคืน (ม. คำหลวง มัทรี)."
จรอก 0,น.,"ทาง, ทางแคบ, ทางเล็ก, ตรอก, ซอก, เช่น มาคะคล้ายโดยทาง ถับถึงกลางจรอกปู่ (ลอ), บ้างก็นั่งในท่าน้ำบ้างก็ค้ำกันไปนั่งในจรอก (ม. คำหลวง ชูชก)."
จรอก 1,น.,"จอก, ขันเล็ก ๆ ที่ใช้ตักนํ้าจากขันใหญ่, เช่น จับจรอกคันธรสจุณจันทน์ (สุธนู)."
จระกล้าย 0,ก.,"วางเฉย, อยู่เฉย, ไม่รู้สึกยินดียินร้าย, โบราณเขียนเป็น จรกล้าย ก็มี เช่น เออาศนไอสูรยเสีย จรกล้าย (ยวนพ่าย), แล้วก็น่งงเยียม่งง ช่งงอยู่จรกล้าย ว่าเถ้าร้ายฤๅจะรู้กล (ม. คำหลวง กุมาร)."
จระขาบ 0,น.,"ตะขาบ, ใช้ว่า จะขาบ ก็มี."
จระเข้ 0,น.,"ชื่อสัตว์เลื้อยคลานขนาดใหญ่ที่สุดในปัจจุบัน มีหลายชนิดหลายสกุล ในวงศ์ Crocodylidae ปากและหัวยาว ปลายปากนูนสูงขึ้นเป็นช่องเปิดของรูหายใจ เรียกว่า ก้อนขี้หมา ลำตัวกลมยาว หนังเป็นเกล็ดแข็งทั้งตัว หางแบนยาวทางข้างใช้โบกว่ายนํ้า มักหากินในนํ้า อาศัยบริเวณป่าริมน้ำ ในประเทศไทยมี ๓ ชนิด คือ จระเข้บึง จระเข้นํ้าจืด หรือจระเข้สยาม ( Crocodylus siamensisSchneider) จระเข้นํ้าเค็ม อ้ายเคี่ยม หรืออ้ายทองหลาง ( C. porosus Schneider) และจระเข้ปากกระทุงเหวหรือตะโขง [ Tomistoma schlegelii (S. Müller)], ตะเข้ หรือ อ้ายเข้ ก็เรียก, อีสานเรียก แข้, ปักษ์ใต้เรียก เข้"
จระเข้ 1,น.,ชื่อดาวฤกษ์กลุ่มหนึ่ง
จระเข้ 2,น.,เรียกธงผืนผ้ามีรูปจระเข้ตรงกลาง มักปักไว้ที่ท่านํ้าหน้าวัดแสดงว่าทอดกฐินแล้ว ว่า ธงจระเข้.
จระเข้ขวางคลอง 0,น.,ผู้ที่ชอบกันท่าหรือขัดขวางไม่ให้ผู้อื่นทำการอย่างใดอย่างหนึ่งได้สะดวก เหมือนจระเข้ที่ขึ้นมาขวางคลองทำให้เรือผ่านไปมาไม่สะดวก.
จระเข้ขวางคลอง 1,น.,ชื่อเพลงไทย อัตรา ๒ ชั้น หน้าทับปรบไก่
จระเข้ขวางคลอง 2,น.,ชื่อเพลงไทยประเภทเพลงเถา.
จระเข้คับคลอง 0,น.,ผู้ที่ชอบวางตัวใหญ่โตเกินไปย่อมมีอุปสรรคในการดำรงตนในสังคม.
จระเข้ปากกระทุงเหว 0,น.,"ชื่อจระเข้ชนิด Tomistoma schlegelii Müller ในวงศ์ Crocodylidae ขนาดใหญ่กว่าจระเข้ทั่วไป ปากเล็กเรียวยาวคล้ายปากปลากระทุงเหวแต่งอนขึ้นด้านบนเล็กน้อย ตัวสีนํ้าตาลแดงมีลายสีนํ้าตาลเข้ม หางแบนใหญ่ใช้ว่ายนํ้า อาศัยตามป่าเลนชายนํ้ากร่อย ในประเทศไทยพบเฉพาะทางภาคใต้เท่านั้น, จระเข้ปากกระทุงเหว ก็เรียก."
จระเข้หางยาว 0,น.,ชื่อเพลงไทย อัตรา ๓ ชั้น นิยมใช้เป็นเพลงเริ่มฝึกการหัดเรียนดนตรีประเภทเครื่องสายและขับร้อง
จระเข้หางยาว 1,น.,ชื่อเพลงไทยประเภทเพลงเถา.
จระคลับ 0,ว.,"มืด, ครึ้ม."
จระคล้าย 0,ก.,"ใกล้กราย, อยู่ใกล้, โบราณเขียนเป็น จรคล้าย ก็มี เช่น โหยบเหนสายใจ จรคล้าย (กำสรวล)."
จระคลุ่ม 0,ว.,"มืดมัว, คลุ้ม."
จระแคง 0,ว.,ตะแคง เช่น เท้าล้มจระแคง ทลายพุงพัง (สุธนู).
จระจุ่ม 0,ก.,"ใส่, เผา, ทิ้ง, โยน."
จระทก 0,ก.,"สะทก, สะเทิน, งกเงิ่น"
จระทก 1,ก.,"จับจด, โบราณเขียนเป็น จรเทิน ก็มี เช่น อ้าแม่อย่าจองจิตรจรเทิน ศุขเพลินภิรมย์สม (ดุษฎีสังเวย)."
จระเทิน 0,ก.,"สะทก, สะเทิน, งกเงิ่น"
จระเทิน 1,ก.,"จับจด, โบราณเขียนเป็น จรเทิน ก็มี เช่น อ้าแม่อย่าจองจิตรจรเทิน ศุขเพลินภิรมย์สม (ดุษฎีสังเวย)."
จระนำ 0,น.,ซุ้มคูหาท้ายวิหารหรือท้ายโบสถ์มักเป็นที่ประดิษฐานพระพุทธรูป เรียกว่า ซุ้มจระนำ.
จระบาน 0,ก.,สู้รบ.
จระบี 0,น.,จาระบี.
จระลิ่ง 0,ก.,ตะลึง เช่น จระลิ่งทางทิพห้อง แห่งองค์ (ทวาทศมาส).
จระลึง 0,ก.,ตะลึง เช่น จระลิ่งทางทิพห้อง แห่งองค์ (ทวาทศมาส).
จระลุง 0,น.,"เสาตะลุง, โบราณเขียนเป็น จรลุง หรือ จลุง ก็มี เช่น แท่นที่สถิตย์ จรลุงโสภิต พื้นฉลักฉลุทอง (ดุษฎีสังเวย), จลุงอาศน์เบญพาศเกลี้ยงเกลา พเนกพนักน่าเนา จะนอนก็ศุขสบไถง (ดุษฎีสังเวย)."
จรัล 0,ก.,เดิน เช่น แปดโสตรสี่ภักตร์ทรงพา หนหงษ์เหินคลา วิหาศจรัลผันผาย (ดุษฎีสังเวย).
จรัส 0,ว.,"แจ่มแจ้ง, รุ่งเรือง, สว่าง."
จราก 0,ก.,"ตรากตรำ, ทำให้ลำบาก, เช่น คล้องติดคชคลอคชทังป่าขับจากขัง แลเข้าจรลุงจรากจอง (สมุทรโฆษ)."
จราง 0,ก.,ผุดขึ้น เช่น ลางส่ำจรางมันผัน ม่ายม้า (ยวนพ่าย).
จราจร 0,น.,"การที่ยวดยานพาหนะ คน หรือ สัตว์พาหนะเคลื่อนไปมาตามทาง, เรียกผู้มีหน้าที่เกี่ยวด้วยการนั้น."
จราญ 0,ก.,"ผลัก, พัง, ทำลาย, กระจาย, ดับ."
จราย 0,ก.,"ทำลาย, กระจาย."
จราว 0,น.,ตะพาบนํ้า เช่น จริวจราวจรัลชลจรมกรกรรกฏกูรม์ (สมุทรโฆษ).
จราว 1,น.,ดอกไม้ เช่น แคแจรเจรอญจราว (ม. คำหลวง จุลพน). (ดู จาว ๔).
จราส 0,ว.,ตลอดตัว เช่น แถวจราสศุภลักษณ์ (ลอ).
จริก 0,ก.,"เอาปากสับและงับอย่างอาการนกสับ, กดลง."
จริก 1,น.,ต้นจิก เช่น จริกโจรตพยงผกากรรณก็มี (ม. คำหลวง มหาพน).
จริง 0,ว.,แน่ เช่น ทำจริง ชอบจริง ๆ
จริง 1,ว.,"แท้, ไม่ปลอม, เช่น ของจริงไม่ใช่ของเทียม"
จริง 2,ว.,"เป็นอย่างนั้นแน่แท้ ไม่กลับเป็นอย่างอื่น เช่น ข้อนี้เป็นความจริง, ไม่เท็จ, ไม่โกหก, ไม่หลอกลวง, เช่น เรื่องจริง พูดจริง, เป็นไปตามนั้น เช่น ความฝันกลายเป็นความจริง."
จริง ๆ 0,ว.,แน่ เช่น ทำจริง ชอบจริง ๆ
จริง ๆ 1,ว.,"แท้, ไม่ปลอม, เช่น ของจริงไม่ใช่ของเทียม"
จริง ๆ 2,ว.,"เป็นอย่างนั้นแน่แท้ ไม่กลับเป็นอย่างอื่น เช่น ข้อนี้เป็นความจริง, ไม่เท็จ, ไม่โกหก, ไม่หลอกลวง, เช่น เรื่องจริง พูดจริง, เป็นไปตามนั้น เช่น ความฝันกลายเป็นความจริง."
จริงจัง 0,ว.,"แน่แท้ เช่น เชื่อถืออย่างจริงจัง, ไม่เป็นการเล่น เช่น ทำงานอย่างจริงจัง."
จริงใจ 0,ว.,"บริสุทธิ์ใจ, สุจริตใจ."
จริงอยู่...แต่ 0,สัน.,ใช้แสดงความยืนยันข้อความที่กล่าวมาแล้วข้างหน้า และแสดงว่ามีข้อความขัดแย้งตามมาข้างหลัง.
จริงอยู่แต่ 0,สัน.,ใช้แสดงความยืนยันข้อความที่กล่าวมาแล้วข้างหน้า และแสดงว่ามีข้อความขัดแย้งตามมาข้างหลัง.
จริต 0,น.,"ความประพฤติ, กิริยาหรืออาการ, เช่น เสียจริต วิกลจริต, มักใช้ในทางไม่ดี เช่น ดัดจริต มีจริต, จริตจะก้าน ก็ว่า, ความประพฤติปรกติ, ความประพฤติที่หนักไปทางใดทางหนึ่ง อันเป็นปรกติอยู่ในสันดาน, แนวโน้มของจิตใจ, มี ๖ อย่าง คือ ราคจริต โทสจริต โมหจริต สัทธาจริต พุทธิจริต วิตกจริต."
จริม- 0,ว.,สุดท้าย เช่น จริมจิต ว่า จิตดวงสุดท้าย.
จริย- 0,น.,"ความประพฤติ, กิริยาที่ควรประพฤติ, ใช้ในคำสมาส เช่น จริยศึกษา."
จริยธรรม 0,น.,"ธรรมที่เป็นข้อประพฤติปฏิบัติ, ศีลธรรม, กฎศีลธรรม."
จริยวัตร 0,น.,หน้าที่ที่พึงประพฤติปฏิบัติ
จริยวัตร 1,น.,ความประพฤติ ท่วงทีวาจา และกิริยามารยาท.
จริยศาสตร์ 0,น.,ปรัชญาสาขาหนึ่งว่าด้วยการแสวงหาความดีสูงสุดของชีวิตมนุษย์ แสวงหาเกณฑ์ในการตัดสินความประพฤติของมนุษย์ว่าอย่างไหนถูกไม่ถูก ดีไม่ดี ควรไม่ควร และพิจารณาปัญหาเรื่องสถานภาพของค่าทางศีลธรรม.
จริยศึกษา 0,น.,การศึกษาเกี่ยวกับความเจริญงอกงามในทางความประพฤติและการปฏิบัติตน เพื่อให้อยู่ในแนวทางของศีลธรรมและวัฒนธรรม.
จริยา 0,น.,"ความประพฤติ, กิริยาที่ควรประพฤติ, ใช้ในคำสมาส เช่น ธรรมจริยา."
จริยาปิฎก 0,น.,ชื่อคัมภีร์ที่ว่าด้วยการบำเพ็ญบารมีของพระพุทธเจ้าในชาติที่ล่วงแล้ว รวมอยู่ในขุทกนิกายแห่งสุตตันตปิฎก.
จริยาวัตร 0,น.,หน้าที่ที่พึงประพฤติปฏิบัติ
จริยาวัตร 1,น.,ความประพฤติ ท่วงทีวาจา และกิริยามารยาท.
จริว 0,น.,เต่า
จริว 1,น.,ตะพาบนํ้า
จริว 2,น.,เช่น จริวจราวจรัลชลจรมกรกรรกฏกูรม์ (สมุทรโฆษ)
จริว 3,น.,กริว หรือ ตริว ก็ว่า.
จริว 4,ว.,เกรียว.
จรี 0,น.,"มีด, หอก, ดาบ, เช่น บัดออกกลางสนามสองรา สองแขงขันหา ก็กุมจรีแกว่งไกว (สมุทรโฆษ)."
จรึง 0,ก.,"กรึง, ตรึง, เช่น เทียบที่ถมอก่อภูเพียง บรรพตจรึงเรียง (ดุษฎีสังเวย)."
จรุก 0,น.,หมู.
จรุง 0,ก.,"จูง, ชักชวน, เช่น ปลดยากพรากทุกข์ยุคเขิน จรุงราษฎร์ดำเนิน สู่ศุขสวัสดีโดยไว (ดุษฎีสังเวย)"
จรุง 1,ก.,ยั่ว เช่น จรุงใจ
จรุง 2,ก.,"กรุ่น, อบอวล, ชื่น, เช่น จรุงกลิ่นแก้มน้องแก้ว ไป่วาย (กำสรวล)."
จรูง 0,ก.,"จูง, ชักชวน, เช่น ปลดยากพรากทุกข์ยุคเขิน จรุงราษฎร์ดำเนิน สู่ศุขสวัสดีโดยไว (ดุษฎีสังเวย)"
จรูง 1,ก.,ยั่ว เช่น จรุงใจ
จรูง 2,ก.,"กรุ่น, อบอวล, ชื่น, เช่น จรุงกลิ่นแก้มน้องแก้ว ไป่วาย (กำสรวล)."
จรูญ 0,ว.,"รุ่งเรือง, งาม."
จรูส 0,ว.,"สูง, กรวด, จรวด."
จเร 0,น.,"ผู้ดูแลทั่ว ๆ ไป, ผู้ตรวจตราทั่ว ๆ ไป, เช่น จเรตำรวจ จเรทหาร."
จเร 1,ก.,ตระเวนไป.
จล 0,ก.,"ไหว, สั่น, เช่น จลวิจล."
จลนพลศาสตร์ 0,น.,สาขาหนึ่งของพลศาสตร์ ว่าด้วยการเคลื่อนที่ของเทหวัตถุที่เป็นของแข็ง และแรงที่ก่อให้เกิดการเคลื่อนที่นั้นด้วย.
จลนศาสตร์ 0,น.,สาขาหนึ่งของพลศาสตร์ ว่าด้วยการเคลื่อนที่ของเทหวัตถุที่เป็นของแข็ง โดยไม่คำนึงถึงแรงที่ก่อให้เกิดการเคลื่อนที่นั้น.
จลนี 0,น.,เนื้อสมัน.
จลนี 1,น.,ชะนี เช่น จลนีหวนโหนปลายทูม (ม. คำหลวง ทานกัณฑ์).
จลา 0,น.,"ธูป, ของหอม"
จลา 1,น.,"แสงสว่าง, ฟ้าแลบ, เช่น จลาจเลนทร์ (ม. คำหลวง แปลจากคำ คนฺธมาทโน"
จลา 2,ส.,จล + อจล + อินฺทฺร).
จลาจล 0,น.,ความปั่นป่วนวุ่นวายไม่มีระเบียบ.
จวก 0,ก.,"สับหรือฟันโดยแรงด้วยจอบเป็นต้น, (ปาก) โดยปริยายหมายถึงตี ฟัน ชกต่อยผู้อื่นโดยแรง หรือว่าร้ายด้วยวาจา."
จ๊วก 0,ว.,"คำแต่งคำ ขาว ให้รู้ว่าสีขาวมาก, จั๊วะ ก็ว่า."
จวง 0,ว.,"ชื่อไม้ต้นขนาดใหญ่ชนิด Cinnamomum porrectum (Roxb.) Kosterm. ในวงศ์ Lauraceae ใบ เปลือก และราก มีกลิ่นหอมคล้ายการบูร ใช้ปรุงอาหารและทำยาได้, จวง หรือ จวงหอม ก็เรียก."
จ้วง 0,ก.,กิริยาที่เอาภาชนะเช่นขันเอื้อมลงไปตักนํ้าขึ้นมาโดยแรง
จ้วง 1,ก.,อาการที่เอาพายพุ้ยนํ้าโดยเร็วอย่างพายเรือแข่ง
จ้วง 2,ก.,โดยปริยายหมายถึงกิริยาที่ตีหรือฟันสุดแขน เช่น จ้วงตี จ้วงฟัน.
จ๋วง 0,น.,ต้นสนเขา. (ดู สน ๑).
จ๋วงเครือ 0,น.,ต้นรากสามสิบ. (ดู รากสามสิบ).
จวงจันทน์ 0,น.,เครื่องหอมที่เจือด้วยจวงและจันทน์.
จ้วงจาบ 0,ว.,"อาจเอื้อม, ล่วงเกินผู้อื่นด้วยวาจา, จาบจ้วง ก็ว่า."
จวงหอม 0,ว.,"ชื่อไม้ต้นขนาดใหญ่ชนิด Cinnamomum porrectum (Roxb.) Kosterm. ในวงศ์ Lauraceae ใบ เปลือก และราก มีกลิ่นหอมคล้ายการบูร ใช้ปรุงอาหารและทำยาได้, จวง หรือ จวงหอม ก็เรียก."
จวด 0,น.,ชื่อปลาทะเลหลายชนิดและหลายสกุลในวงศ์ Sciaenidae มีทั้งขนาดเล็กและขนาดใหญ่ ปลายหัวอาจทู่หรือแหลม ปากเชิดมากน้อยหรืองุ้มตํ่า บ้างมีฟันแหลมคมหรือละเอียด หางเป็นรูปตัด มน หรือ กลม จนแม้กระทั่งแหลม โดยทั้งหมดขึ้นอยู่กับชนิดหรือขนาด ลำตัวมักมีสีเงินหรือเทา บ้างมีจุดประบนลำตัวและครีบ มักอยู่รวมกันเป็นฝูงใกล้ฝั่ง หรือบริเวณนํ้ากร่อยปากแม่นํ้า ทำเสียงได้.
จวดลาก 0,น.,"ชื่อปลาทะเลพวกปลาจวดชนิด Otolithoides biauritus (Cantor) ในวงศ์ Sciaenidae ลำตัวยาวเรียว ปากเล็ก ทู่ ฟันเล็ก ครีบหางแหลม ก้านครีบก้นมีขนาดเล็ก เกล็ดในแนวเส้นข้างตัวขยายใหญ่และนูนเป็นสัน ลำตัวสีเทา ใกล้สันท้องมีสีเงินคล้ายปลาจวดชนิดอื่น ๆ ขนาดยาวได้ถึง ๑ เมตร, จวดลาก ก็เรียก."
จวน 0,น.,"ที่อยู่ของเจ้าเมือง, บ้านที่ทางราชการจัดให้เป็นที่อยู่ของผู้ว่าราชการจังหวัด เรียกว่า จวนผู้ว่าราชการจังหวัด."
จวน 1,น.,ผ้าชนิดหนึ่ง.
จวน 2,ว.,"เกือบ, ใกล้, เช่น จวนถึง จวนตาย จวนได้."
จวนเจียน 0,ว.,"หวุดหวิด, เฉียด."
จวนแจ 0,ว.,กระชั้นชิด (ใช้เกี่ยวกับเวลา).
จวนตัว 0,ว.,"เข้าที่คับขัน, เข้าที่จำเป็น."
จวบ 0,น.,"พบ, ประสบ, ร่วม, ถึง."
จวบจวน 0,ว.,"จนถึง, ถึงที่."
จวัก 0,น.,"เครื่องใช้ตักแกงหรือตักข้าว ทำด้วยกะลามะพร้าว มีด้ามถือ, กระจ่า จ่า หรือ ตวัก ก็ว่า."
จ้อ 0,ว.,อาการที่พูดหรือคุยเรื่อยไปไม่หยุดปาก เช่น พูดจ้อ.
จ๋อ 0,น.,คำใช้เรียกลิงหรือเด็กที่ซนอย่างลิง ว่า อ้ายจ๋อ.
จอ 0,น.,ชื่อปีที่ ๑๑ ของรอบปีนักษัตร มีหมาเป็นเครื่องหมาย.
จ่อ 0,ก.,เอาสิ่งใดสิ่งหนึ่งเข้าไปใกล้หรือเกือบจดสิ่งอื่น เช่น เอายาดมจ่อจมูก
จ่อ 1,ก.,มุ่งอยู่เฉพาะกับสิ่งใดสิ่งหนึ่ง มักใช้เข้าคู่กับคำ จด เป็น จดจ่อ เช่น เขามีใจจดจ่อกับงาน.
จอ 1,น.,ผ้าขาวที่ขึงไว้สำหรับเชิดหนังหรือฉายภาพยนตร์เป็นต้น
จอ 2,น.,โดยปริยายเรียกสิ่งที่มีลักษณะคล้ายคลึงเช่นนั้น เช่น จอโทรทัศน์.
จ่อ 2,น.,ภาชนะสานชนิดหนึ่ง รูปร่างอย่างกระด้ง มีไส้สานเป็นช่องโค้งอยู่ภายใน ใช้เลี้ยงตัวไหม.
จ้อก 0,ว.,เสียงอย่างเสียงนํ้าที่ไหลตกลงมา.
จ๊อก 0,ว.,"เสียงร้องของไก่เมื่อเวลาเจ็บหรือใกล้จะตาย, เสียงร้องของไก่ชนตัวที่แพ้, โดยปริยายหมายความว่า ยอมแพ้, ใช้ตามสำนวนนักเลงไก่ เพราะไก่ตัวใดร้องจ๊อก ก็แสดงว่าไก่ตัวนั้นแพ้"
จ๊อก 1,ว.,"เสียงท้องร้องเวลาหิว, จ๊อก ๆ ก็ว่า."
จอก 0,น.,"ภาชนะเล็ก ๆ รูปอย่างขัน ถ้าใช้สำหรับตักนํ้าโดยลอยอยู่ในขันใหญ่เรียก จอกลอย, ถ้าใช้ใส่หมากในเชี่ยนหมากเรียก จอกหมาก"
จอก 1,น.,ภาชนะเล็ก ๆ รูปทรงกระบอก ใช้กินยา ดื่มเหล้า เป็นต้น
จอก 2,น.,ใช้เป็นลักษณนาม เช่น เหล้า ๓ จอก.
จอก 3,น.,ชื่อไม้นํ้าชนิด Pistia stratiotes L. ในวงศ์ Araceae ลอยอยู่บนผิวนํ้า ลำต้นสั้น มีรากเป็นกลุ่มใหญ่ ใบเป็นแผ่นสีเขียวสดซ้อน ๆ กันเป็นกลุ่ม ยาว ๕-๑๐ เซนติเมตร.
จอก 4,น.,นกกระจอก.
จ้อก ๆ 0,ว.,เสียงอย่างเสียงนํ้าที่ไหลตกลงมา.
จ๊อก ๆ 0,ว.,เสียงอย่างเสียงนํ้าที่ไหลตกลงมาเบา ๆ
จ๊อก ๆ 1,ว.,"เสียงท้องร้องเวลาหิว, จ๊อก ก็ว่า."
จ้อกแจ้ก 0,ว.,"เสียงดังเช่นนั้น, เสียงของคนมาก ๆ ที่ต่างคนต่างพูดกันจนฟังไม่ได้ศัพท์."
จ้อกวอก 0,ว.,ขาวมาก (มักใช้แก่หน้าที่ผัดแป้งไว้ขาวเกินไป).
จอกหูหนู 0,น.,ชื่อผักกูดหรือเฟินนํ้า ชนิด Salvinia cucullata Roxb. ex Bory ในวงศ์ Salviniaceae ลอยอยู่บนผิวนํ้า มีรากเป็นฝอยยาวคล้ายจอก ที่ต่างกับจอก คือ มีใบ ๒ ใบอยู่ตรงข้ามกัน ก้านใบสั้น ตัวใบกลม สีเขียวแก่ โคนใบเว้าเข้าเล็กน้อย ตั้งชูขึ้นคล้ายหูหนู.
จ่อคิว 0,ว.,ใกล้ถึงลำดับที่จะได้หรือจะเป็น เช่น เขาจ่อคิวขึ้นเป็นหัวหน้า.
จอง 0,ก.,ผูกไว้
จอง 1,ก.,"มั่นหมายไว้, ขอกำหนดไว้, เช่น จองกฐิน จองที่."
จ๋อง 0,ว.,"หงอยเหงา, เซื่อง, ไม่กล้า, ไม่คึกคัก."
จ้อง 0,น.,ร่ม.
จ้อง 1,ก.,"เพ่งตาดูหรือมุ่งมองดูสิ่งใดสิ่งหนึ่งโดยเฉพาะ เช่น จ้องหน้า, มุ่งคอยจนกว่าจะได้ช่อง, คอยที, เช่น จ้องจับผิด จ้องจะทำร้าย จ้องจะแทง, กิริยาที่เอาปืนหรืออาวุธเล็งมุ่งตรงไปยังสิ่งใดสิ่งหนึ่ง."
จองกฐิน 0,ก.,แจ้งความจำนงว่าจะนำผ้ากฐินไปทอดที่วัดนั้น ๆ ไว้เป็นการล่วงหน้า.
จองคช 0,น.,ช้างที่ผูกเครื่องรบเข้าระวางทัพ.
จองจำ 0,ก.,"ใส่ตรวนหรือเครื่องพันธนาการขังไว้ในคุกในตะรางเป็นต้น, จำจอง ก็ว่า."
จองตั๋ว 0,ก.,ซื้อตั๋วล่วงหน้า.
จ้องเต 0,น.,ต้องเต.
จองถนน 0,ก.,ถมที่ลุ่มขึ้นเป็นถนน.
จองเปรียง 0,น.,ชื่อพิธีอย่างหนึ่งของพราหมณ์ เป็นพิธีจุดโคมรับเทพเจ้า ทำในวันเพ็ญเดือน ๑๒.
จองล้างจองผลาญ 0,ก.,ผูกใจเจ็บคิดจะทำการแก้แค้นให้ได้.
จองเวร 0,ก.,"ผูกอาฆาตพยาบาท, ผูกเวร ก็ว่า."
จองเวรจองกรรม 0,ก.,"ผูกอาฆาตพยาบาท, ผูกเวร ก็ว่า."
จองหง่อง 0,ว.,"ซึมเซา, หงอยเหงา."
จ้องหน่อง 0,น.,เครื่องทำให้เกิดเสียงเป็นเพลง โดยใช้ปากคาบแล้วกระตุกหรือชักด้วยเชือกให้สั่นดังเป็นเสียงดนตรี.
จองหอง 0,ว.,"เย่อหยิ่ง, ทะนงตัว, ถือดี, อวดดี."
จองหองพองขน 0,ว.,เย่อหยิ่งแสดงอาการลบหลู่.
จอแจ 0,ว.,มีผู้คนคับคั่งและมีเสียงเซ็งแซ่ เช่น ผู้คนจอแจ ตลาดจอแจ
จอแจ 1,ว.,จวนแจ เช่น เวลาจอแจเต็มที.
จ๋อแจ๋ 0,ว.,เสียงอย่างเสียงเด็กพูด.
จอด 0,ก.,"หยุดอยู่หรือทำให้หยุด, หยุดอยู่ชั่วคราว, (ใช้แก่เรือรถเป็นต้น)"
จอด 1,ก.,"พ่ายแพ้, ไม่มีทางสู้, ตาย"
จอด 2,ก.,รัก เช่น มิตรใจเรียมจอดเจ้า จักคิด ถึงฤๅ (นิ. นรินทร์).
จอน 0,น.,ชายผมข้างหูที่ระลงมาที่แก้ม.
จ้อน 0,น.,"ชื่อกระรอกชนิด Menetes berdmorei (Blyth) ในวงศ์ Sciuridae ขนสีนํ้าตาล มีลายสีดำและนํ้าตาลอ่อนตามยาวข้าง ๆ ตัว หางเป็นพวง มักวิ่งหากินตามพื้นดิน, จ้อน ก็เรียก."
จอน 1,น.,"เครื่องประดับหูอยู่ด้านหน้ากรรเจียก เช่น กรรเจียกซ้อนจอนแก้วแพรวพราว (อิเหนา), เขียนเป็น จร ก็มี."
จ้อน 1,ว.,"แคระ, เล็ก, แกร็น"
จ้อน 2,ว.,"เฟ็ด, หด, สั้น, ถลกขึ้นสูง, เช่น นุ่งผ้าจ้อน."
จอนจ่อ 0,ว.,อาการนั่งชันเข่าค้อมหลังลง.
จอนหู 0,น.,ชายผมข้างหูที่ระลงมาที่แก้ม.
จอบ 0,น.,เครื่องมือสำหรับขุด พรวน หรือถากดิน ทำด้วยเหล็กหน้าแบนกว้าง มีด้ามยาว
จอบ 1,น.,เรียกฟันหน้าบนที่ใหญ่กว่าปรกติ ว่า ฟันจอบ.
จอบ 2,ก.,"แอบ, ลอบ, คอยฟัง"
จอบ 3,ก.,"ล่อ, เล้าโลม, ชักชวน."
จอบ 4,น.,"ชื่อหอยทะเลกาบคู่หลายชนิด ในวงศ์ Pinnidae เปลือกค่อนข้างบางเปราะ รูปคล้ายซองใส่ใบพลูใช้กินกับหมาก ปลายด้านหนึ่งแผ่บานออก อีกด้านหนึ่งเรียวลง สีนํ้าตาลหรือสีเทา เช่น ชนิด Pinna bicolorGmelin, Atrina vexillum (Born), ซองพลู ก็เรียก."
จอม 0,น.,ยอดที่สูงสุดของสิ่งที่มีฐานใหญ่ปลายเรียวเล็กขึ้นไป เช่น จอมเขา
จอม 1,น.,ผู้ที่ยอดเยี่ยมในหมู่ เช่น จอมโจร.
จ่อม 0,น.,ชื่ออาหารอย่างหนึ่ง ทำด้วยปลาหรือกุ้งตัวเล็ก ๆ หมักเกลือไว้ระยะหนึ่ง แล้วใส่ข้าวสารคั่วป่น ทำด้วยปลาเรียกว่า ปลาจ่อม ทำด้วยกุ้งเรียกว่า กุ้งจ่อม ใช้เป็นเครื่องจิ้ม.
จ่อม 1,ก.,"หย่อนลง, วางลง, เช่น เอาเบ็ดไปจ่อม จ่อมก้นไม่ลง, จุ่มลง, จม, เช่น ปวงเทพเจ้าตกจม จ่อมม้วย (โคลงตำนานศรีปราชญ์), จอด เช่น ใจจ่อมเจ้า"
จ่อม 2,ก.,"ฟุบ, หมอบ, (ใช้แก่สัตว์ เช่น โค กระบือ)."
จอมขวัญ 0,น.,ผู้ที่เป็นมิ่งขวัญอย่างยอดเยี่ยม หมายถึง หญิงที่รัก.
จ่อมจ่าย 0,ก.,"ค่อยจับจ่าย, จ่ายทีละน้อย."
จอมใจ 0,น.,หญิงที่เป็นยอดดวงใจ.
จอมไตร 0,น.,"ผู้เป็นใหญ่ในโลกสาม, โดยมากหมายถึงพระพุทธเจ้า หรือ พระอิศวร (ตัดมาจาก จอมไตรโลก หรือ จอมไตรภพ)."
จอมทัพ 0,น.,ตำแหน่งสูงสุดของกองทัพ.
จอมปลวก 0,น.,รังปลวกขนาดใหญ่ที่สูงเป็นจอมขึ้นไป.
จอมปลอม 0,ว.,ที่หลอกลวงให้คนเชื่อว่าเป็นเช่นนั้นจริง เช่น ของจอมปลอม ผู้ดีจอมปลอม บัณฑิตจอมปลอม.
จ้อมป้อม 0,ว.,จอมเปาะ.
จอมเปาะ 0,ว.,กลมนูนอย่างปุ่มฆ้อง.
จอมพล 0,น.,"ยศทหารบกชั้นสูงสุด, ถ้าเป็นทหารเรือ เรียก จอมพลเรือ, ถ้าเป็นทหารอากาศ เรียก จอมพลอากาศ."
จอมมารดา 0,น.,ตำแหน่งภรรยาของกรมพระราชวังบวรฯ วังหน้า ในรัชกาลที่ ๕ ซึ่งมีพระโอรสพระธิดา.
จอมสุรางค์ 0,น.,ชื่อเพลงไทยประเภทเพลงโหมโรง อัตรา ๓ ชั้น หน้าทับปรบไก่.
จ่อย 0,ว.,ผอม.
จ้อย 0,ว.,"เล็ก, น้อย, เช่น เรื่องจ้อย."
จ๋อย 0,ว.,"ซีดเซียว, หงอยเหงา, สลด, เช่น หน้าจ๋อย."
จ้อย 1,ว.,"คล่อง, ไม่หยุดปาก, ในคำว่า พูดจ้อย หรือ พูดจ้อย ๆ."
จ๋อย 1,ว.,คำแต่งคำ เหลือง หรือ หวาน ให้รู้ว่าเหลืองหรือหวานจริง ๆ เช่น เหลืองจ๋อย หวานจ๋อย.
จ้อย 2,ว.,"ไม่ได้วี่แวว, ไร้วี่แวว, เช่น หายจ้อย เงียบจ้อย."
จ๋อย 2,ว.,"คล่อง, ไม่หยุดปาก, เช่น พูดจ๋อย พูดจ๋อย ๆ."
จ้อย ๆ 0,ว.,"คล่อง, ไม่หยุดปาก, ในคำว่า พูดจ้อย หรือ พูดจ้อย ๆ."
จ๋อย ๆ 0,ว.,"คล่อง, ไม่หยุดปาก, เช่น พูดจ๋อย พูดจ๋อย ๆ."
จอแส 0,?,ดู ชาด.
จ้ะ 0,ว.,คำรับ (ใช้เป็นสามัญทั่วไป).
จะ 0,*ว.,คำกร่อนของคำหน้าซึ่งซ้ำกับคำหลังในคำที่มี จ เป็นพยัญชนะต้นในบทกลอน เช่น แจ้งแจ้ง กร่อนเป็น จะแจ้ง แจ่มแจ่ม กร่อนเป็น จะแจ่ม มีคำแปลอย่างเดียวกับคำเดิมนั้น และมีความหมายในทางย้ำหรือเน้น.
จ๊ะ 0,ว.,คำต่อท้ายคำเชิญชวนหลังคำ “นะ” หรือ “ซิ” เช่น ไปนะจ๊ะ เชิญซิจ๊ะ หรือต่อท้ายคำถามเป็นต้น เช่น อะไรจ๊ะ.
จ๋ะ 0,ว.,เสียงประกอบคำถาม.
จะ 1,*ก.,เป็นคำช่วยกริยาบอกอนาคต เช่น จะไป จะอยู่.
จ๊ะ 1,ก.,เจอกันหรือพ้องกันโดยบังเอิญ เช่น เดินมาจ๊ะกัน แกงจ๊ะกัน.
จ๋ะ 1,ว.,เสียงประกอบคำเรียก เช่น แม่จ๋ะ (เป็นเสียงสั้นจากคำ จ๋า).
จะกรัจจะกราจ 0,ว.,"เสียงขบฟันกรอด ๆ, ทำอาการเกรี้ยวกราด, เช่น ขบฟันขึงเขียว จะกรัจจะกราจคึกคาม (สุธนู), เขียนเป็น จะกรัดจะกราด ก็มี."
จะกรุน 0,ว.,"สีดำ, โบราณเขียนเป็น จกรูน ก็มี เช่น ช้างสารชำนิเมามัน หลากหลากหลายพรรณ แลหน้าจกรูนแสงนิล (อนิรุทธ์)."
จะกรุมจะกราม 0,ว.,"ตะกรุมตะกราม, ซุ่มซ่าม."
จะกรูน 0,ว.,"สีดำ, โบราณเขียนเป็น จกรูน ก็มี เช่น ช้างสารชำนิเมามัน หลากหลากหลายพรรณ แลหน้าจกรูนแสงนิล (อนิรุทธ์)."
จะกละ 0,ว.,"ตะกละ, ตะกลาม, มักกิน, กินไม่เลือก, เห็นแก่กิน, มักใช้รวมกันว่า จะกละจะกลาม ก็มี, ตะกละตะกลาม ก็ว่า, โดยปริยายหมายความว่า อยากได้มาก ๆ."
จะกละ 1,น.,ชื่อผีชนิดหนึ่ง เชื่อกันว่ามีรูปเป็นแมว อยู่ในจำพวกผีป่า หมอผีชาวป่าเลี้ยงไว้ใช้ไปทำร้ายศัตรู.
จะกลาม 0,ว.,"ตะกละ, ตะกลาม, มักกิน, กินไม่เลือก, เห็นแก่กิน, มักใช้รวมกันว่า จะกละจะกลาม ก็มี, ตะกละตะกลาม ก็ว่า, โดยปริยายหมายความว่า อยากได้มาก ๆ."
จะกวด 0,น.,ตะกวด. (ดู ตะกวด).
จะกูด 0,น.,"เครื่องถือท้ายเรือ คล้ายหางเสือ ทำด้วยไม้เป็นแผ่นใหญ่ รูปร่างคล้ายพาย มีด้ามยาว, จังกูด หรือ ตะกูด ก็เรียก."
จะเกร็ง 0,น.,"ชื่อไม้ล้มลุก ๒ ชนิดในสกุล Acanthus วงศ์ Acanthaceae ชนิด A. ebracteatus Vahl ขึ้นตามริมนํ้าบริเวณนํ้ากร่อย ดอกสีขาว ขอบใบเป็นหนาม และชนิด A. ilicifoliusL. ดอกสีม่วงอ่อน บางทีขอบใบเรียบ, จะเกร็ง หรือ อีเกร็ง ก็เรียก."
จะขาบ 0,น.,"ชื่อสัตว์ขาปล้อง ชั้น Chilopoda มีเขี้ยว ๑ คู่ หัวและลำตัวยาวแบนหรือค่อนข้างแบน มีจำนวนปล้องตั้งแต่ ๑๕ ปล้องขึ้นไป แต่ละปล้องมีขา ๑ คู่ไปจนถึงปล้องสุดท้ายหรือเกือบสุดท้าย ขามี ๕-๗ ปล้อง อยู่ด้านข้างของลำตัว บางชนิดมีนํ้าพิษ ทำให้ผู้ถูกกัดเจ็บปวด เช่น ตะขาบไฟ ( Scolopendra morsitansLinn.) ในวงศ์ Scolopendridae ลำตัวยาว ๑๔-๒๐ เซนติเมตร สีน้ำตาลแดง, กระแอบ หรือ จะขาบ ก็เรียก."
จะขาบ 1,น.,"เครื่องตีให้เกิดเสียง, ไม้ไผ่ที่ผ่าขังปล้องแขวนไว้ตามยอดไม้สำหรับชักให้มีเสียงดังเพื่อไล่ค้างคาวเป็นต้น และที่พวกตลกลิเกละครเป็นต้นใช้ตีกันเล่น, จะขาบ ก็เรียก"
จะเข้ 0,น.,"เครื่องดนตรีไทยชนิดหนึ่ง มีรูปร่างคล้ายตัวจระเข้ ตัวเป็นโพรง วางยาวไปกับพื้น มีสาย ๓ สาย มีนม ๑๑ นมเป็นฐานรองรับสายเมื่อกดนิ้วขณะดีดทำให้มีเสียงสูงตํ่า มีขา ๕ ขา ใช้บรรเลงผสมอยู่ในวงเครื่องสายและมโหรี, ลักษณนามเรียก ตัว."
จะเข้ 1,น.,จระเข้.
จะเข็บ 0,น.,"ชื่อสัตว์พวกเดียวกับกิ้งกือ แต่เรียกแยกโดยถือเอาพวกที่มีขนาดเล็ก เช่น ยาวน้อยกว่า ๕-๖ เซนติเมตร ลำตัวเล็ก มีจำนวนปล้อง ๓๑-๑๗๓ ปล้อง แต่ละปล้องมีขา ๒ คู่ และขายาวกว่าปล้องลำตัวมาก ที่แพร่หลาย เช่น สกุล Orthomorpha ในวงศ์ Paradoxsomatidae ไม่มีตา, จะเข็บ หรือ ขี้เข็บ ก็เรียก."
จะแคง 0,ว.,ตะแคง.
จะงอย 0,น.,"ปลายหรือที่สุดที่มีลักษณะโค้งหรืองุ้มลง เช่น จะงอยปากนกแก้ว จะงอยบ่า, ราชาศัพท์เรียก จะงอยบ่า ว่า พระอังสกุฏ."
จะจะ 0,ว.,"ให้ชัดเจน, กระจ่าง, เช่น เขียนจะจะ"
จะจะ 1,ว.,ห่างเป็นระยะ ๆ เช่น ดำนาจะจะ.
จะจ้า 0,ว.,เสียงร้องไห้.
จ๊ะจ๋า 0,ว.,เรียกอาการที่เด็กเริ่มหัดพูดพูดอย่างน่ารักน่าเอ็นดู เช่น ลูกฉันเริ่มหัดพูดจ๊ะจ๋าแล้ว.
จ๊ะจ๋า 1,ก.,อาการที่คู่รักพูดคุยกันอย่างมีความสุข เช่น สองคนนั้นเขากำลังจ๊ะจ๋ากันอยู่ อย่าไปกวนเขา.
จะแจ้ง 0,ว.,"กระจ่าง, ชัดเจน, แจ่มแจ้ง."
จะแจ่ม 0,ว.,"แจ่ม, ใส, กระจ่าง, ชัดเจน, ไม่มัว."
จะไจ้ 0,ว.,"บ่อย ๆ, เนือง ๆ."
จะบัน 0,ก.,"ตะบัน, ทิ่มหรือแทงกดลงไป, กระทุ้ง, เช่น ดาบดั้งดึงโดดดั้น จะบันแรง (ยอพระเกียรติกรุงธน)."
จะปิ้ง 0,น.,"เครื่องปิดของลับของเด็กหญิง ทำด้วยเงินหรือนากเป็นต้น, กระจับปิ้ง จับปิ้ง ตะปิ้ง หรือ ตับปิ้ง ก็เรียก"
จะปิ้ง 1,น.,"แผ่นโลหะที่ติดฝาหีบสำหรับปิดรูกุญแจ, ใช้เรียกสิ่งอื่นที่มีลักษณะคล้ายกัน เช่น จะปิ้งหูกลอง จะปิ้งห่วงประตู. (ม.)"
จะปิ้งเรือ 0,น.,แผ่นโลหะโดยมากทำเป็นรูปดอกจัน สำหรับตรึงที่โคนห่วงร้อยโซ่ผูกเรือ.
จะเพลิง 0,น.,"ชื่อไม้ต้นชนิด Diospyros undulata Wall. ex G. Don var. cratericalyx (Craib) Bakh. ในวงศ์ Ebenaceae ขึ้นในป่าดิบ มีมากทางภาคใต้ สูงได้ถึง ๒๐ เมตร ไม่ผลัดใบ, จะเพลิง ชะเพลิง คำดีควาย ดูกค่าง ตะโกดำ พลับเขา ไหม้ หม้าย หรือ สะลาง ก็เรียก."
จะละเม็ด 0,น.,ชื่อปลาทะเลหลายชนิด ในสกุล Pampus วงศ์ Stromateidae และในสกุล Parastromateus วงศ์ Carangidae รูปร่างป้อม ค่อนข้างสั้น ลำตัวแบนข้างมาก หัวเล็กมน ปากเล็ก เกล็ดเล็ก บริเวณคอดหางไม่มีสันคม ได้แก่ จะละเม็ดขาว [ Pampus argenteus (Euphrasen)] หางเป็นแฉกยาว เว้าลึก จะละเม็ดเทา [ P. chinensis (Euphrasen)] หางเว้าตื้น ทั้ง ๒ ชนิดนี้ไม่มีครีบท้อง ส่วนจะละเม็ดดำ [ Parastromateus niger (Bloch)] ที่บริเวณคอดหางเป็นสันคม และมีครีบท้องเฉพาะในปลาขนาดเล็ก.
จะละเม็ด 1,น.,"ชื่อเต่าทะเลชนิด Caretta caretta Linn. ในวงศ์ Cheloniidae หัวโตกว่าเต่าทะเลชนิดอื่น เกล็ดกระดองหลังแถวข้างมี ๕ ชิ้น กระดองสีนํ้าตาลหรือนํ้าตาลแดง ท้องสีขาวครีม พบในมหาสมุทรแปซิฟิก เขตนํ้าอุ่นของมหาสมุทรแอตแลนติกและมหาสมุทรอินเดีย พบน้อยในอ่าวไทย, เรียกไข่เต่าทะเลทุกชนิด ว่า ไข่จะละเม็ด."
จะละหวั่น 0,ว.,"ชุลมุน, วุ่นวาย, จ้าละหวั่น ก็ใช้."
จะลุง 0,น.,"เสาตะลุง, โบราณเขียนเป็น จรลุง หรือ จลุง ก็มี เช่น แท่นที่สถิตย์ จรลุงโสภิต พื้นฉลักฉลุทอง (ดุษฎีสังเวย), จลุงอาศน์เบญพาศเกลี้ยงเกลา พเนกพนักน่าเนา จะนอนก็ศุขสบไถง (ดุษฎีสังเวย)."
จะลุง 1,น.,"เสาตะลุง, ในบทกลอนใช้ จระลุง ก็มี."
จ๊ะเอ๋ 0,น.,ชื่อการเล่นชนิดหนึ่งที่ผู้หนึ่งโผล่หน้าหรือเปิดหน้าแล้วพูดว่า “จ๊ะเอ๋” กับอีกผู้หนึ่งซึ่งมักเป็นเด็ก.
จัก 0,ก.,"ทำให้เป็นแฉก ๆ หรือหยัก ๆ คล้ายฟันเลื่อย, เอาคมมีดผ่าไม้ไผ่หรือหวายให้แตกจากกันเป็นเส้นบาง ๆ."
จัก 1,ว.,เป็นแฉก ๆ หรือหยัก ๆ.
จัก 2,*ก.,คำช่วยกริยาบอกกาลภายหน้า แสดงเจตจำนง เช่น จักกิน จักนอน.
จัก 3,ก.,"รู้, ทราบ, แจ้ง, จำได้, เช่น รู้จัก, ข้อยคูดนูแนบนิทรา รมย์ร่วมรถพาหนห่อนจักสึกสมประดี (สรรพสิทธิ์)."
จั้ก ๆ 0,ว.,เสียงอย่างเสียงฝนตกแรง.
จักกาย 0,น.,แม่ทัพ.
จั๊กกิ้ม 0,น.,จิ้งจก. (ดู จิ้งจก).
จักขุ 0,น.,ตา.
จักขุ- 0,น.,ตา.
จักขุทวาร 0,น.,ช่องตา.
จักขุนทรีย์ 0,น.,ตาซึ่งทำหน้าที่ดูรูป.
จักขุประสาท 0,น.,ส่วนสำคัญของตา ทำให้แลเห็น.
จักขุวิญญาณ 0,น.,ความรู้อันอาศัยทางตาเกิดขึ้น.
จักขุสัมผัส 0,น.,อาการที่ตากับรูปและจักขุวิญญาณประจวบกัน.
จักจั่น 0,น.,ชื่อแมลงในวงศ์ Cicadidae ลำตัวยาวตั้งแต่ ๒-๑๐ เซนติเมตร หัวและอกกว้าง ปีกมี ๒ คู่ เนื้อปีกส่วนใหญ่ใสเหมือนกันทั้ง ๒ คู่ เมื่อเกาะอยู่กับที่ปีกพับเป็นรูปหลังคาคลุมตัว มีปากชนิดเจาะดูด ตาโตเห็นได้ชัด เพศผู้มีอวัยวะทำเสียงอยู่ทางด้านล่างของส่วนท้องได้ยินไปไกล ส่วนใหญ่ลำตัวสีน้ำตาลเข้ม ที่พบบ่อยเป็นชนิด Dundubia intermerata Walker.
จักจั่น 1,น.,"ชื่อไม้ต้นชนิด Dalbergia canaGraham ex Kurz ในวงศ์ Leguminosae ใบเป็นใบประกอบ ใบย่อยรูปไข่ ปลายเรียวแหลม ดอกรูปดอกถั่ว กลีบเลี้ยงสีม่วงดำ กลีบดอกสีขาวอมเหลือง ฝักแบน มีขน มี ๒ เมล็ด, จักจั่น ก็เรียก."
จักจั่น 2,น.,"ชื่อหอยทะเลกาบเดี่ยวพวกหอยเบี้ยชนิด Cypraea moneta Linn . ในวงศ์ Cypraeidae เปลือกสีนวล หลังโค้งนูน ตามขอบช่องเปลือกที่อยู่ด้านท้องเป็นรอยหยัก เรียกว่า เบี้ยจั่น ในสมัยโบราณใช้แทนเงิน, เบี้ยจักจั่น ก็เรียก."
จักจี้ 0,ก.,จั๊กจี้.
จั๊กจี้ 0,ก.,"อาการที่ทำให้รู้สึกเสียวสะดุ้งหรือหัวเราะโดยไม่ตั้งใจเมื่อถูกจี้ที่เอวหรือรักแร้เป็นต้น, อาการที่เอามือไปจั๊กจี้ผู้อื่น."
จั๊กเดียม 0,ก.,"กระดาก, เขินอาย, อาการของคนที่รู้สึกเมื่อถูกจั๊กจี้, มักใช้เข้าคู่กับคำ จั๊กจี้ เป็น จั๊กจี้จั๊กเดียม."
จักตอก 0,ก.,เอาคมมีดผ่าไม้ไผ่ให้เป็นเส้นแบนบาง สำหรับใช้ผูกมัดหรือสานสิ่งต่าง ๆ.
จักร 0,น.,"อาวุธในนิยาย รูปเป็นวงกลมและมีแฉก ๆ โดยรอบ เช่น พระนารายณ์ทรงจักร, สิ่งที่มีลักษณะเป็นวงกลมอย่างล้อรถ เช่น จักรที่ใช้ขว้างในการกีฬา, สิ่งที่มีรูปเป็นวงกลมมีฟันเฟืองหมุนด้วยพลังงานต่าง ๆ เช่น จักรนาฬิกา, เรียกเครื่องกลบางชนิด เช่น เครื่องจักร รถจักร, เรียกเครื่องเย็บผ้าที่ใช้เดินด้วยพลังงานหรือใช้เท้าถีบหรือใช้มือหมุน ว่า จักร หรือ จักรเย็บผ้า"
จักร 1,น.,บรรจบรอบแห่งปีหรือแห่งฤดู เช่น พฤหัสบดีจักร.
จักร- 0,น.,"อาวุธในนิยาย รูปเป็นวงกลมและมีแฉก ๆ โดยรอบ เช่น พระนารายณ์ทรงจักร, สิ่งที่มีลักษณะเป็นวงกลมอย่างล้อรถ เช่น จักรที่ใช้ขว้างในการกีฬา, สิ่งที่มีรูปเป็นวงกลมมีฟันเฟืองหมุนด้วยพลังงานต่าง ๆ เช่น จักรนาฬิกา, เรียกเครื่องกลบางชนิด เช่น เครื่องจักร รถจักร, เรียกเครื่องเย็บผ้าที่ใช้เดินด้วยพลังงานหรือใช้เท้าถีบหรือใช้มือหมุน ว่า จักร หรือ จักรเย็บผ้า"
จักร- 1,น.,บรรจบรอบแห่งปีหรือแห่งฤดู เช่น พฤหัสบดีจักร.
จักรปาณิ 0,น.,ผู้มีจักรในมือ คือ พระวิษณุ หรือ พระนารายณ์.
จักรปาณี 0,น.,ผู้มีจักรในมือ คือ พระวิษณุ หรือ พระนารายณ์.
จักรผัน 0,ว.,เร็ว.
จักรผาน 0,น.,ชื่อปลาในอันดับ Pleuronectiformes มีหลายชนิด หลายสกุล พบทั้งในทะเล นํ้ากร่อย และนํ้าจืด เมื่อเกิดใหม่ตาจะอยู่คนละข้างกันเหมือนลูกปลาทั่วไป แต่เมื่อเจริญเติบโตขึ้นกะโหลกจะบิดไปข้างใดข้างหนึ่ง เป็นผลให้กล้ามเนื้อข้างหนึ่งบิดตามไปด้วย จึงทำให้ตาทั้ง ๒ ข้างเหนี่ยวกันมาหรือเคลื่อนมาอยู่ด้านเดียวกัน มีชื่อเรียกต่าง ๆ กัน เช่น ลิ้นหมา ลิ้นสุนัข ยอดม่วง ลิ้นควาย ลิ้นเสือ ลิ้นหมาหงอนยาว ใบไม้ ใบขนุน ซีกเดียว จักรผาน.
จักรพรรดิ 0,น.,"พระราชาธิราช, ประมุขของจักรวรรดิ, โบราณเขียนว่า จักรพัตราธิราช ก็มี."
จักรพาก 0,น.,"นกจากพราก. (ดู จากพราก, จากพาก และ เป็ดพม่า)."
จักรพาล 0,น.,จักรวาล.
จักรยาน 0,น.,"รถถีบ, ยานพาหนะประเภทรถที่มีล้อ ๒ ล้อ ล้อหนึ่งอยู่ข้างหน้าและอีกล้อหนึ่งอยู่ข้างหลัง มีโครงเหล็กเชื่อมล้อหน้ากับล้อหลัง มีคันบังคับด้วยมือติดตั้งอยู่บนล้อหน้า ขับเคลื่อนด้วยกำลังคนผู้ขี่ซึ่งใช้เท้าถีบบันไดรถให้วิ่ง เรียกว่า จักรยานสองล้อ, ถ้ามี ๓ ล้อ เรียกว่า จักรยานสามล้อ."
จักรยานยนต์ 0,น.,"รถที่มีล้อ ๒ ล้อ เหมือนกับรถจักรยานขับเคลื่อนด้วยกำลังเครื่องยนต์, ภาษาปากเรียก รถเครื่อง หรือ มอเตอร์ไซค์."
จักรราศี 0,น.,"อาณาเขตที่ดาวเคราะห์โคจรรอบดวงอาทิตย์, อาณาเขตโดยรอบดวงอาทิตย์ที่ดาวเคราะห์เดิน, วิถีโคจรประจำของดวงอาทิตย์ซึ่งดูเสมือนวนไปรอบท้องฟ้าได้ ๓๖๐ องศาใน ๑ ปี วงโคจรนี้แบ่งออกเป็น ๑๒ ส่วน หรือ ๑๒ ราศี แต่ละส่วนหรือแต่ละราศีมีช่วง ๓๐ องศา ได้แก่ ราศีเมษ ราศีพฤษภ ราศีเมถุน ราศีกรกฎ ราศีสิงห์ ราศีกันย์ ราศีตุลหรือราศีดุล ราศีพฤศจิกหรือราศีพิจิก ราศีธนู ราศีมังกร ราศีกุมภ์ และราศีมีน, วงโคจรของดวงอาทิตย์ ดวงจันทร์ และดาวเคราะห์ที่สมมุติขึ้นทางโหราศาสตร์ ประกอบด้วย ๑๒ ราศี."
จักรวรรดิ 0,น.,"รัฐหรือสหภาพของรัฐต่าง ๆ ที่มีจักรพรรดิเป็นประมุข เช่น จักรวรรดิโรมัน, อาณาเขตหรืออาณาจักรที่อยู่ภายใต้อำนาจอธิปไตยการปกครองอันเดียวกัน เช่น จักรวรรดิอังกฤษ."
จักรวรรดินิยม 0,น.,ลัทธิขยายอาณาเขตและอำนาจปกครองของรัฐ.
จักรวาก 0,น.,"นกจากพราก. (ดู จากพราก, จากพาก และ เป็ดพม่า)."
จักรวาต 0,น.,ลมบ้าหมู (ลมหมุน).
จักรวาล 0,น.,ปริมณฑล
จักรวาล 1,น.,"ประชุม, หมู่"
จักรวาล 2,น.,"เทือกเขาในนิยาย เป็นกำแพงล้อมรอบโลกและเป็นเขตกั้นแสงสว่างกับความมืด, บริเวณโดยรอบของโลก, ทั่วโลก."
จักริน 0,น.,"ผู้มีจักร หมายถึง พระนารายณ์, ต่อมาหมายถึง พระราชา ตามคติความเชื่อของไทยที่ถือว่าเป็นพระนารายณ์อวตาร."
จักรี 0,น.,"ผู้มีจักร หมายถึง พระนารายณ์, ต่อมาหมายถึง พระราชา ตามคติความเชื่อของไทยที่ถือว่าเป็นพระนารายณ์อวตาร."
จั๊กเล้อ 0,น.,จิ้งเหลน. (ดู จิ้งเหลน).
จักษุ 0,น.,ดวงตา.
จักสาน 0,น.,เรียกเครื่องใช้ที่ทำด้วยไม้ไผ่หรือหวายเป็นต้น ว่า เครื่องจักสาน.
จักแหล่น 0,ว.,"จวนเจียน, เกือบ, หวุดหวิด, เช่น จักแหล่นจะไม่ทันรถไฟ."
จั๊กแหล่น 0,ว.,"จวนเจียน, เกือบ, หวุดหวิด, เช่น จักแหล่นจะไม่ทันรถไฟ."
จัง 0,ว.,ยิ่งนัก เช่น เก่งจัง ร้อนจัง ของสิ่งนี้ถูกจัง
จัง 1,ว.,"เต็มที่, เต็มแรง, เช่น ชนกันเข้าอย่างจัง."
จั้ง 0,ก.,ตั้ง เช่น คือคชกลับกลอกจั้ง จญสีห์ (ยวนพ่าย).
จั๋ง 0,ว.,"เต็มที่, เต็มแรง, จังหนับ จำหนับ หรือ จํ๋าหนับ ก็ว่า."
จั๋ง 1,น.,"ชื่อปาล์มชนิด Rhapis excelsa (Thunb.) Henry ex Rehder ในวงศ์ Palmae ใบรูปพัด ปลูกเป็นไม้ประดับ, เท้าสาน ก็เรียก."
จังกวด 0,น.,จะกวด.
จังกวด 1,ว.,บ้า เช่น เฒ่าจังกวดกามกวน (ม. คำหลวง ชูชก).
จังกอบ 0,น.,"ภาษีสินค้าผ่านด่าน, ภาษีปากเรือ, จกอบ ก็เรียก."
จังกอบ 1,ก.,"ผูก, มัด, เชิงกอบ ก็เรียก."
จังกอบเรือ 0,น.,"ค่าธรรมเนียมที่เก็บจากเรือบรรทุกสินค้าขาเข้าโดยวัดขนาดกว้างตอนกลางเรือเป็นกำหนด, ภาษีปากเรือ หรือ จังกอบเรือ ก็เรียก."
จังกา 0,น.,ไม้ขาหยั่ง.
จังก้า 0,ว.,"ลักษณะยืนตั้งท่าเตรียมสู้, ลักษณะที่ตั้งปืนกลเป็นต้นเตรียมพร้อมที่จะยิง."
จังกูด 0,น.,"เครื่องถือท้ายเรือ คล้ายหางเสือ ทำด้วยไม้เป็นแผ่นใหญ่ รูปร่างคล้ายพาย มีด้ามยาว, จะกูด หรือ ตะกูด ก็เรียก."
จังเก 0,น.,สะเอว เช่น มือนวดแนบจังเก แกะพลิ้ว (โคลงพระยาตรัง).
จังโกฏก์ 0,น.,ผอบ.
จังงัง 0,ว.,อาการที่ตกตะลึงนิ่งงันอยู่.
จังมัง 0,น.,ไม้สำหรับขัดก้นกระบุงและตะกร้าทั้ง ๔ มุมให้แน่นและแข็งแรง.
จังมัง 1,ว.,"แข็งแรง, จั้งมั่ง ก็ว่า."
จั้งมั่ง 0,ว.,"แข็งแรง, จังมัง ก็ว่า."
จังไร 0,ว.,"เลวทราม, เป็นเสนียด, ไม่เป็นมงคล, จัญไร ก็ว่า."
จังลอน 0,น.,"ปลาหรือเนื้อโขลกปั้นเป็นก้อนหรือเป็นแผ่นเคี่ยวกับนํ้ากะทิ สำหรับกินกับขนมจีนซาวนํ้า, บางทีใช้โขลกปลาปั้นเป็นก้อนเสียบไม้ปิ้งไฟ เรียกว่า จังลอนแห้ง, แจงลอน ก็ว่า."
จังเว็จ 0,น.,เจว็ด.
จังหนับ 0,ว.,"เต็มที่, เต็มแรง, จั๋ง จำหนับ หรือ จ๋ำหนับ ก็ว่า."
จังหน้า 0,ว.,"เต็มหน้า, เต็มที่, เช่น เจอเข้าจังหน้า โดนเข้าจังหน้า."
จังหรีด 0,น.,จิ้งหรีด. (ดู จิ้งหรีด).
จังหล่อ 0,น.,จำหล่อ.
จังหวะ 0,น.,"ระยะที่สมํ่าเสมอ เช่น หัวใจเต้นเป็นจังหวะ, ระยะที่กำหนดไว้เป็นตอน ๆ เช่น เพลงจังหวะช้า จังหวะเร็ว พูดเป็นจังหวะ, โดยปริยายหมายความว่าโอกาสอันควร เช่น เจ้านายกำลังโกรธ ไม่มีจังหวะจะเข้าพบ."
จังหวะจะโคน 0,น.,จังหวะ.
จังหวัด 0,น.,"หน่วยการปกครองส่วนภูมิภาคที่รวมท้องที่หลาย ๆ อำเภอเข้าด้วยกัน มีฐานะเป็นนิติบุคคล, (โบ) เมือง, หัวเมือง"
จังหวัด 1,น.,"ถิ่น, เขต, บริเวณ, เช่น อารามขึ้นคณะป่าแก้วในจังหวัดเมืองนครศรีธรรมราช (ประชุมพระตำราบรมราชูทิศเพื่อกัลปนา)."
จังหัน 0,น.,"ข้าว, อาหาร, (ใช้แก่พระสงฆ์)."
จังหัน 1,น.,กังหัน.
จังออน 0,น.,มาตราตวงตามวิธีประเพณีของไทยโบราณ ๘ กำมือ = ๑ จังออน และ ๒ จังออน = ๑ แล่ง.
จัญไร 0,ว.,"เลวทราม, เป็นเสนียด, ไม่เป็นมงคล, จังไร ก็ว่า."
จัณฑ์ 0,ว.,"ดุร้าย, หยาบช้า, เกรี้ยวกราด, ฉุน, ฉุนเฉียว"
จัณฑ์ 1,ว.,ราชาศัพท์เรียกสุราหรือเมรัย ว่า นํ้าจัณฑ์.
จัณฑ- 0,ว.,"ดุร้าย, หยาบช้า, เกรี้ยวกราด, ฉุน, ฉุนเฉียว"
จัณฑ- 1,ว.,ราชาศัพท์เรียกสุราหรือเมรัย ว่า นํ้าจัณฑ์.
จัณฑวาตา 0,น.,ลมร้าย เช่น จัณฑวาตารำพายพาน (สมุทรโฆษ).
จัณฑาล 0,ว.,ตํ่าช้า.
จัณฑาล 1,น.,ลูกคนต่างวรรณะ.
จัด 0,ว.,"ยิ่ง, เต็มที่, เกินปรกติมาก, มากหรือหนักไปในทางใดทางหนึ่ง, เช่น ระเบียบจัด ธรรมเนียมจัด หิวจัด ร้อนจัด หนาวจัด แดดจัด"
จัด 1,ว.,แก่เต็มที่ เช่น ผลไม้แก่จัด.
จัด 2,ก.,"ตกแต่ง เช่น จัดบ้าน, ทำให้เรียบ, วางระเบียบ, เรียงตามลำดับ, เช่น จัดแถว จัดหนังสือ"
จัด 3,ก.,นับ เช่น จัดว่าเป็นความดี.
จัดการ 0,ก.,"สั่งงาน, ควบคุมงาน, ดำเนินงาน."
จัดการงานนอกสั่ง 0,น.,การที่บุคคลคนหนึ่งเข้าทำกิจการแทนผู้อื่น โดยเขามิได้ว่าขานวานใช้ให้ทำหรือโดยมิได้มีสิทธิที่จะทำการงานนั้นแทนผู้อื่น.
จัดจอง 0,น.,"ทุ่น, แพ, เรือลำเล็กสำหรับพ่วงไปท้ายเรือใหญ่ ใช้ติดต่อระหว่างเรือใหญ่กับฝั่ง, สัดจอง ก็ว่า."
จัดจ้า 0,ว.,"สว่างมาก, มีแสงกล้า."
จัดจ้าน 0,ว.,"ปากกล้า, ปากจัด, เจ้าคารม."
จัดเจน 0,ก.,"สันทัด, ชำนาญ, มีประสบการณ์มาก, เจนจัด ก็ว่า."
จัดแจง 0,ก.,เตรียมการ.
จัดตั้ง 0,ก.,"ตั้งขึ้น, แต่งตั้งให้มั่นคง."
จัดประกัน 0,ก.,ทำให้แน่นอน.
จัดมั่น 0,ก.,ทำให้ได้โดยมั่นคง.
จัดสรร 0,ก.,"แบ่งส่วนไว้โดยเฉพาะ, ปันไว้ใช้เพื่อประโยชน์โดยเจาะจง."
จัดหา 0,ก.,ไปเลือกเฟ้นหามา.
จัตตาฬีสะ 0,ว.,สี่สิบ.
จัตวา 0,ว.,"สี่, ชั้นที่ ๔ (เดิมใช้เรียกข้าราชการที่มีลำดับชั้นต่ำกว่าชั้นตรีว่า ชั้นจัตวา) เช่น ข้าราชการชั้นจัตวา"
จัตวา 1,ว.,"เรียกเครื่องหมายวรรณยุกต์รูปดังนี้  ว่า ไม้จัตวา, ตีนกา ก็เรียก."
จัตวาทัณฑี 0,น.,ชื่อโคลง ๔ ชนิดหนึ่ง ซึ่งบาท ๒ ใช้พยางค์ที่ ๔ สัมผัส เช่น (ชุมนุมตำรากลอน).C660
จัตวาศก 0,น.,เรียกปีจุลศักราชที่ลงท้ายด้วยเลข ๔ เช่น ปีจอ จัตวาศก จุลศักราช ๑๓๔๔.
จัตุ 0,ว.,สี่.
จัตุร- 0,ว.,สี่.
จัตุรงค์ 0,ว.,"จตุรงค์, องค์ ๔, ๔ เหล่า."
จัตุรงคพล 0,น.,"จตุรงคพล, กองทัพมีกำลัง ๔ เหล่า คือ เหล่าช้าง เหล่ารถ เหล่าม้า เหล่าราบ."
จัตุรงคินีเสนา 0,น.,"จตุรงคินีเสนา, กองทัพมีกำลัง ๔ เหล่า คือ เหล่าช้าง เหล่ารถ เหล่าม้า เหล่าราบ."
จัตุรพักตร์ 0,ว.,"จตุรพักตร์, “ผู้มี ๔ หน้า” คือ พระพรหม."
จัตุรภุช 0,ว.,"จตุรภุช, “ผู้มี ๔ แขน” คือ พระนารายณ์."
จัตุรมุข 0,น.,เรียกอาคารที่มี ๔ มุข.
จัตุรัส 0,น.,เรียกรูปสี่เหลี่ยมด้านเท่าที่มีมุมภายในเป็นมุมฉาก ว่า สี่เหลี่ยมจัตุรัส.
จัตุลังคบาท 0,น.,จตุลังคบาท เช่น จัตุลังคบาทบริรักษ พิทักษ์เท้ากุญชร (ตะเลงพ่าย).
จัตุโลกบาล 0,น.,"ท้าวจาตุมหาราช, หัวหน้าเทวดาในสวรรค์ชั้นจาตุมหาราช มีหน้าที่รักษาโลกในทิศทั้ง ๔ เรียกว่า ท้าวจัตุโลกบาล คือ ๑. ท้าวธตรฐ จอมภูตหรือจอมคนธรรพ์ รักษาโลกด้านทิศบูรพาหรือทิศตะวันออก ๒. ท้าววิรุฬหก จอมเทวดาหรือจอมกุมภัณฑ์ รักษาโลกด้านทิศทักษิณหรือทิศใต้ ๓. ท้าววิรูปักษ์ จอมนาค รักษาโลกด้านทิศประจิมหรือทิศตะวันตก ๔. ท้าวกุเวร จอมยักษ์ รักษาโลกด้านทิศอุดรหรือทิศเหนือ, จตุโลกบาล ก็ว่า."
จัตุสดมภ์ 0,น.,การจัดระเบียบราชการฝ่ายพลเรือนส่วนกลาง ประกอบด้วยกรมใหญ่ ๔ กรม คือ กรมเมือง กรมวัง กรมคลัง กรมนามีจตุสดมภ์เสนาบดีเป็นผู้บังคับบัญชาแต่ละกรม.
จัน 0,น.,"ชื่อไม้ต้นขนาดกลางถึงขนาดใหญ่ชนิด Diospyros decandra Lour. ในวงศ์ Ebenaceae ผลสุกสีเหลือง หอม กินได้, ชนิดลูกกลมแป้นกลางบุ๋ม ไม่มีเมล็ด เรียก ลูกจันอิน, ชนิดลูกกลมรี มีเมล็ด เรียก ลูกจันโอ."
จั่น 0,น.,ช่อดอกหมากหรือช่อดอกมะพร้าวเมื่อยังอ่อนอยู่.
จั่น 1,น.,เครื่องดักสัตว์ทั้งในนํ้าและบนบก มีรูปคล้ายกรง มีหลายชนิด
จั่น 2,น.,เรียกประตูนํ้าอย่างโบราณที่ใช้ไม้ซุงขวางกัน ว่า ปากจั่น.
จั่น 3,น.,"ชื่อหอยทะเลกาบเดี่ยวพวกหอยเบี้ยชนิด Cypraea moneta Linn . ในวงศ์ Cypraeidae เปลือกสีนวล หลังโค้งนูน ตามขอบช่องเปลือกที่อยู่ด้านท้องเป็นรอยหยัก เรียกว่า เบี้ยจั่น ในสมัยโบราณใช้แทนเงิน, เบี้ยจักจั่น ก็เรียก."
จั่น 4,น.,เครื่องประดับคอชนิดหนึ่ง มีลักษณะคล้ายทับทรวงและจี้ ใหญ่กว่าจี้ แต่ย่อมกว่าตาบและทับทรวง.
จั่น 5,น.,ชื่อไม้ต้นขนาดกลางชนิด Millettia brandisiana Kurz ในวงศ์ Leguminosae ดอกสีม่วงหรือม่วงคราม ลักษณะคล้ายดอกถั่วแต่ขนาดเล็กกว่า เวลาออกดอกไม่ใคร่มีใบ เป็นไม้ประดับที่งาม.
จั่น 6,น.,ชื่อเห็ดชนิด Tricholoma crassum (Berk.
จันโจษ 0,ก.,"โจษจัน, พูดอึง, พูดกันเซ็งแซ่, เล่าลือกันอื้ออึง, ในบทกลอนใช้ว่า จรรโจษ ก็มี."
จั่นดิน 0,น.,ต้นรากสามสิบ. (ดู รากสามสิบ).
จันท์ 0,น.,"จันทร์, ดวงเดือน."
จันทน์ 0,น.,ชื่อพรรณไม้บางชนิดที่มีเนื้อไม้ ดอก หรือผลหอม ใช้ทำยาและปรุงเครื่องหอม.
จันทน์กะพ้อ 0,น.,ชื่อไม้ต้นขนาดกลางชนิด Vatica diospyroides Symington ในวงศ์ Dipterocarpaceae ขึ้นตามป่าดิบทางปักษ์ใต้และปลูกกันตามบ้าน ดอกขาว หอมคล้ายนํ้ามันจันทน์.
จันทน์ขาว 0,น.,"ชื่อไม้ต้นขนาดกลางชนิด Tarenna hoaensis Pit. ในวงศ์ Rubiaceae เนื้อไม้หอม, จันทน์ขาว ก็เรียก."
จันทน์ชะมด 0,น.,ชื่อไม้ต้นขนาดกลางถึงขนาดใหญ่ชนิด Aglaia silvestris (M. Roem.) Merr. ในวงศ์ Meliaceae ขึ้นตามป่าชื้นบางแห่ง เนื้อไม้หอม.
จันทน์ชะมด 1,น.,"ชื่อไม้ต้นขนาดกลางชนิด Mansonia gagei J.R. Drumm. ex Prain ในวงศ์ Sterculiaceae ขึ้นตามป่าดิบบนเขาหินปูน เนื้อไม้หอม, จันทน์หอม ก็เรียก."
จันทน์แดง 0,น.,"ชื่อไม้พุ่มชนิด Dracaena loureiroi Gagnep. ในวงศ์ Dracaenaceae ขึ้นตามเขาหินปูน เนื้อไม้ที่สารลงมีสีแดง, จันทน์ผา ก็เรียก."
จันทน์เทศ 0,น.,ชื่อไม้ต้นขนาดกลางชนิด Myristica fragrans Houtt. ในวงศ์ Myristicaceae รกหุ้มเมล็ดมีกลิ่นหอมฉุนเรียก ดอกจันทน์ เมล็ดมีกลิ่นหอมฉุนเช่นกัน เรียก ลูกจันทน์ ใช้เป็นเครื่องเทศ เป็นพรรณไม้ที่นำเข้ามาจากหมู่เกาะอินเดียตะวันออก.
จันทน์ผา 0,น.,"ชื่อไม้พุ่มชนิด Dracaena loureiroi Gagnep. ในวงศ์ Dracaenaceae ขึ้นตามเขาหินปูน เนื้อไม้ที่สารลงมีสีแดง, จันทน์ผา ก็เรียก."
จันทน์หอม 0,น.,"ชื่อไม้ต้นขนาดกลางชนิด Mansonia gagei J.R. Drumm. ex Prain ในวงศ์ Sterculiaceae ขึ้นตามป่าดิบบนเขาหินปูน เนื้อไม้หอม, จันทน์หอม ก็เรียก."
จันทนา 0,น.,"ชื่อไม้ต้นขนาดกลางชนิด Tarenna hoaensis Pit. ในวงศ์ Rubiaceae เนื้อไม้หอม, จันทน์ขาว ก็เรียก."
จันทร์ 0,น.,"ในกลอนบางทีอ่านเป็น [จันทอน, จัน] น. ดวงเดือน, เรียกเทวดาองค์หนึ่งในนิยายว่า พระจันทร์, ในตำราโหราศาสตร์เป็นชื่อดาวพระเคราะห์ที่ ๒"
จันทร์ 1,น.,ชื่อวันที่ ๒ ของสัปดาห์.
จันทร- 0,น.,"ในกลอนบางทีอ่านเป็น [จันทอน, จัน] น. ดวงเดือน, เรียกเทวดาองค์หนึ่งในนิยายว่า พระจันทร์, ในตำราโหราศาสตร์เป็นชื่อดาวพระเคราะห์ที่ ๒"
จันทร- 1,น.,ชื่อวันที่ ๒ ของสัปดาห์.
จันทรกลา 0,น.,"เสี้ยวที่ ๑๖ ของดวงจันทร์, โดยอนุโลมหมายถึงงามเหมือนแสงจันทร์อ่อน ๆ นวลตา เช่น ลางล้วนเผือกผ่องคือคิรี ไกลาสรูจี แลพรายคือจันทรกลา (สมุทรโฆษ)."
จันทรกานต์ 0,น.,แร่ประกอบหินที่มีค่าสูงชนิดหนึ่ง จัดอยู่ในพวกรัตนชาติ มีโพแทสเซียมอะลูมิเนียมซิลิเกต (KAlSi_3O_8) เป็นองค์ประกอบสำคัญ ปรกติมีสีขาวปนฟ้าหรือสีเหลืองขุ่นมัวอย่างนํ้านม แต่มีวาวขาวฉาบหน้าเหมือนวาวมุกในหอยมุก หรือวาวแสงจันทร์ในหยาดนํ้าค้าง.
จันทรคติ 0,น.,วิธีนับวันและเดือนโดยถือเอาการเดินของดวงจันทร์เป็นหลัก เช่น ขึ้น ๑ คํ่าถึงแรม ๑๕ คํ่า เป็นการนับวันทางจันทรคติ เดือนอ้ายถึงเดือน ๑๒ เป็นการนับเดือนทางจันทรคติ.
จันทรคราส 0,น.,"“การกลืนดวงจันทร์” ตามความเข้าใจของคนโบราณที่เชื่อว่าพระราหูอมดวงจันทร์, จันทรุปราคา ก็เรียก."
จันทรพิมพ์ 0,น.,"ดวงเดือน, รูปที่แลดูแบนแห่งดวงจันทร์, จันทรมณฑล ก็ว่า."
จันทรภิม 0,น.,เรียกเงินที่พระมหากษัตริย์พระราชทานแก่โหรผู้ทำนายจันทรุปราคาได้ถูกต้อง ว่า เงินจันทรภิม เช่น เมื่อจันทรุปราคได้เงีนจันทรภิม (สามดวง).
จันทรมณฑล 0,น.,จันทรพิมพ์.
จันทรเม็ด 0,น.,ปลาจะละเม็ด เช่น ปลาแมวลิ้นหมาปลาหมู คชราราหู มีจันทรเม็ดและทรมาง (สมุทรโฆษ).
จันทรวงศ์ 0,น.,"วงศ์แห่งกษัตริย์เนื่องมาจากพระจันทร์, คู่กับ สุริยวงศ์."
จันทรวาร 0,น.,"วันจันทร์, จันทวาร หรือ โสมวาร ก็ว่า."
จันทรเศขร 0,น.,ผู้มีพระจันทร์เป็นปิ่น คือ พระอิศวร.
จันทรุปราคา 0,น.,"ปรากฏการณ์ที่เกิดขึ้นเมื่อดวงอาทิตย์ โลก และดวงจันทร์โคจรมาอยู่ในแนวเดียวกัน ทำให้เงาของโลกตกลงบนดวงจันทร์บางส่วนหรือทั้งหมด, (ปาก) จันทรคราส."
จันทวาร 0,น.,"วันจันทร์, จันทรวาร หรือ โสมวาร ก็ว่า."
จันทัน 0,น.,ชื่อตัวไม้เครื่องบนแห่งเรือนอยู่ตรงกับขื่อสำหรับรับแปลานหรือรับระแนง.
จันทันพราง 0,น.,ตัวไม้จันทันที่ไม่ได้อยู่บนหัวเสา.
จันเทา 0,น.,"ชื่อยาม ๑ ใน ๘ ยามในเวลากลางวัน. (ดู ยาม, ยาม-)."
จันลอง 0,น.,ลำธาร.
จันลอง 1,น.,จังลอน.
จันเลา 0,น.,ลำห้วย.
จันเลาะ 0,น.,ลำห้วย.
จั้นหล่อ 0,น.,จำหล่อ.
จั่นหับ 0,น.,กรงดักสัตว์ ด้านหน้ามีประตูปิดเปิดได้.
จั่นห้าว 0,น.,เครื่องยิงสัตว์ ใช้หอก หรือปืน หรือหลาว ขัดสายใยไว้ เมื่อคนหรือสัตว์ไปถูกสายใยเข้า ก็ลั่นแทงเอาหรือยิงเอา ใช้อย่างเดียวกับหน้าไม้ก็ได้.
จันอับ 0,น.,ชื่อขนมหวานอย่างแห้งของจีน มีหลายอย่างรวมกัน เช่น ข้าวพอง ถั่วตัด งาตัด.
จับ 0,ก.,อาการที่ใช้มือแตะต้องสิ่งใดสิ่งหนึ่งตลอดจนกำไว้ยึดไว้
จับ 1,ก.,เกาะ เช่น นกจับคอน
จับ 2,ก.,ติด เช่น เขม่าจับก้นหม้อ
จับ 3,ก.,กินหรือกลืน ในความว่า คราสจับดวงอาทิตย์หรือดวงจันทร์
จับ 4,ก.,เริ่ม เช่น จับเรื่องตั้งแต่ตอนนั้นไป
จับ 5,ก.,"เกาะกุมตัวไว้ไม่ให้หนี เช่น จับผู้ร้าย, (กฎ) เกาะกุมตัวไว้โดยเจ้าพนักงานผู้มีอำนาจตามกฎหมาย, จับกุม ก็ว่า"
จับ 6,ก.,"กิริยาที่ทำขนมจีนให้เป็นหัว ๆ เรียกว่า จับขนมจีน, ลักษณนามของขนมจีนว่า จับ หรือ หัว เช่น ขนมจีน ๕ จับ หรือ ขนมจีน ๕ หัว."
จับกลุ่ม 0,ก.,รวมกันเป็นหมู่.
จับกัง 0,น.,"กรรมกร, ผู้ใช้แรงงาน, ใช้เรียกผู้รับจ้างทำงานต่าง ๆ."
จับกิ้ม 0,น.,ชื่อขนมของจีนชนิดหนึ่ง มี ๑๐ อย่าง เช่น ฟักเชื่อม ถั่วตัด งาตัด ข้าวพอง มักใช้เป็นของไหว้เจ้า.
จับกุม 0,ก.,"เกาะกุมตัวไว้ไม่ให้หนี เช่น จับกุมผู้ร้าย, (กฎ) เกาะกุมตัวไว้โดยเจ้าพนักงานผู้มีอำนาจตามกฎหมาย, จับ ก็ว่า."
จับเขม่า 0,ก.,เอาเขม่าผสมนํ้ามันตานีเป็นต้นทาไรผมให้ดำ.
จับเข่าคุยกัน 0,ก.,พูดปรับความเข้าใจกันอย่างใกล้ชิด.
จับไข้ 0,ก.,อาการที่เป็นไข้.
จับความ 0,ก.,"จับใจความ, เข้าใจความหมาย."
จับงูข้างหาง 0,ก.,ทำสิ่งที่เสี่ยงต่ออันตราย.
จับจด 0,ว.,ลักษณะที่ทำไม่จริงจัง ชอบเปลี่ยนงานบ่อย ๆ.
จับจอง 0,ก.,เข้าครอบครองที่ดินที่ไม่มีบุคคลใดเป็นเจ้าของไว้เพื่อตน.
จับจ่าย 0,ก.,"ใช้เงินซื้อหา, มักใช้เข้าคู่กับคำ ใช้สอย เป็น จับจ่ายใช้สอย."
จับจิต 0,ว.,"ติดใจ, เป็นที่พอใจ."
จับเจ่า 0,ว.,"หงอยเหงา, หงอยก๋อย."
จับเจี๋ยว 0,น.,หม้อดินเล็ก ๆ มีพวยและที่จับสำหรับต้มนํ้า.
จับใจ 0,ว.,"ติดใจ, เป็นที่พอใจ."
จับฉ่าย 0,น.,ชื่ออาหารอย่างจีนชนิดหนึ่งที่ใส่ผักหลาย ๆ อย่าง
จับฉ่าย 1,น.,ของต่าง ๆ ที่ปะปนกันไม่เป็นสำรับ ไม่เป็นชุด.
จับเชิง 0,ก.,"ตกปลอกช้าง, ล่ามเท้าช้าง."
จับดำถลำแดง 0,ก.,"มุ่งอย่างหนึ่งไปได้อีกอย่างหนึ่ง, มุ่งอย่างหนึ่งกลายไปเป็นอีกอย่างหนึ่ง."
จับเดิม 0,ว.,จำเดิม.
จับได้ไล่ทัน 0,ก.,รู้เท่าทัน เช่น เขาจับได้ไล่ทันว่าเป็นเรื่องไม่จริง.
จับตัววางตาย 0,ก.,"กำหนดลงไปแน่นอนไม่เปลี่ยนแปลง, กำหนดตัวบุคคลให้ประจำหน้าที่โดยเฉพาะ."
จับตา 0,ว.,"ถูกตา, เหมาะตา, เป็นที่พอตา."
จับตา 1,ก.,"คอยเฝ้าสังเกต, จ้องระวังระไว."
จับตาดู 0,ก.,"คอยเฝ้าสังเกต, จ้องระวังระไว."
จับตาย 0,ก.,จับตัวมาให้ได้แม้ว่าจะต้องทำให้ตาย.
จับปลาสองมือ 0,ก.,"หมายจะเอาให้ได้ทั้ง ๒ อย่าง, เสี่ยงทำการ ๒ อย่างพร้อม ๆ กัน ซึ่งอาจไม่สำเร็จทั้ง ๒ อย่าง."
จับปิ้ง 0,น.,"เครื่องปิดของลับของเด็กหญิง ทำด้วยเงินหรือนากเป็นต้น, กระจับปิ้ง จะปิ้ง ตะปิ้ง หรือ ตับปิ้ง ก็เรียก."
จับปิ้ง 1,น.,"ส่วนท้องของปูพับอยู่ใต้อก ตัวผู้เป็นแผ่นเรียวเล็ก ตัวเมียเป็นแผ่นแบนกว้าง ด้านในมีขน ทำหน้าที่ปิดอวัยวะเพศ ขนของตัวเมียเป็นที่ยึดเกาะของไข่, ตะปิ้ง ก็เรียก."
จับปูใส่กระด้ง 0,ก.,ยากที่จะทำให้อยู่นิ่ง ๆ ได้.
จับเป็น 0,ก.,จับตัวมาให้ได้โดยไม่ทำให้ตาย.
จับเปาะ 0,ว.,ตรงเป้า เช่น ต่อยจับเปาะเข้าที่ปลายคาง.
จับโปง 0,น.,ลมที่ทำให้ปวดเมื่อยตามข้อต่าง ๆ.
จับผิด 0,ก.,"จับความผิดของผู้อื่น, สรรหาเอาผิดจนได้."
จับพลัดจับผลู 0,ก.,จับผิด ๆ ถูก ๆ
จับพลัดจับผลู 1,ก.,บังเอิญเป็นไปโดยไม่ตั้งใจ.
จับแพะชนแกะ 0,ก.,ทำอย่างขอไปที ไม่ได้อย่างนี้ก็เอาอย่างนั้นเข้าแทนเพื่อให้ลุล่วงไป.
จับมือ 0,ก.,"ทักทายตามธรรมเนียมตะวันตกโดยบุคคล ๒ คน ประสานมือขวาของกันและกันแล้วเขย่า, เรียกอาการที่ครูสอนโดยจับมือผู้เริ่มเรียนให้ทำตามในการสอนบางวิชาเช่น ฟ้อนรำ ดนตรี หรืองานฝีมือบางอย่าง เช่น จับมือรำ จับมือตีระนาด, โดยปริยายหมายถึงร่วมมือกัน เช่น ชาวบ้านจับมือกันพัฒนาแหล่งน้ำ."
จับมือใครดมไม่ได้ 0,ก.,หาตัวผู้กระทำผิดไม่ได้.
จับมือถือแขน 0,ก.,ฉวยโอกาสล่วงเกินหญิงด้วยการจับมือจับแขนในเชิงชู้สาว.
จับไม้จับมือ 0,ก.,จับมือจับแขนแสดงความสนิทสนม.
จับยาม 0,ก.,นับยามตามหลักยามสามตา (ตรีเนตร) โดยนับตามหลัก ๓ หลัก คือ อาทิตย์ จันทร์ อังคาร เวียนกันไป โดยนับขึ้นต้นที่อาทิตย์ ถ้าวันจับยามเป็นวันข้างขึ้น ให้นับเวียนขวาจากอาทิตย์ไปยังจันทร์และอังคาร ถ้าวันจับยามเป็นวันข้างแรม ให้นับเวียนซ้ายจากอาทิตย์ไปยังอังคารและจันทร์ แล้วทำนายตามตำรา.
จับยี่กี 0,น.,การเล่นพนันของจีนชนิดหนึ่ง มีไพ่ทำด้วยไม้แผ่นบาง ๆ รูปสี่เหลี่ยมผืนผ้า ๑๒ แผ่น.
จับระบำ 0,น.,กระบวนรำท่าต่าง ๆ.
จับระบำ 1,ก.,เริ่มฟ้อนรำ.
จับลมปราณ 0,น.,วิธีกำหนดดูความคล่องของลมหายใจเข้าออกว่าฤกษ์ดีหรือฤกษ์ร้าย.
จับลิงหัวค่ำ 0,น.,การเล่นเรื่องเบ็ดเตล็ดก่อนจะเล่นเรื่องที่แสดงจริงเพื่อเรียกคนดู เช่นในการเล่นหนังตะลุง หนังใหญ่ หรือโขน.
จับเวลา 0,ก.,"ดูเวลาที่ใช้ในการทำสิ่งใดสิ่งหนึ่งเช่นในการแข่งขันกีฬา, ดูเวลาให้ตรงตามที่กำหนด."
จับสั่น 0,น.,"ชื่อไข้ที่เกิดเพราะถูกยุงก้นปล่องที่มีเชื้อมาลาเรียกัด มีอาการหนาวและสั่น, ไข้จับสั่น หรือ ไข้มาลาเรีย ก็เรียก."
จับสายสิญจน์ 0,ก.,ควบจับด้ายเส้นเดียวทบให้เป็น ๓ เส้น หรือควบด้าย ๓ เส้นทบให้เป็น ๙ เส้นเพื่อให้เหนียว.
จับเส้น 0,ก.,บีบนวดเพื่อให้กล้ามเนื้อคลายตัว
จับเส้น 1,ก.,โดยปริยายหมายถึงรู้จักเอาใจผู้ที่จะให้ผลประโยชน์แก่ตน.
จับเสือมือเปล่า 0,ก.,แสวงหาประโยชน์โดยตัวเองไม่ต้องลงทุน.
จับหลัก 0,ก.,"นิ่งอยู่กับที่, เช่น นกกระเต็นจับหลัก."
จับหวัด 0,ก.,ใช้สมุนไพร เช่น ว่านเปราะ หัวหอม โขลกพอกกระหม่อมแก้หวัด.
จับหัวเข่าพูด 0,ก.,พูดปรับความเข้าใจกันอย่างใกล้ชิด.
จับหืด 0,ก.,อาการที่คนกำลังหอบหายใจไม่ทันเนื่องจากหืดกำเริบ.
จัมบก 0,น.,ต้นจำปา เช่น จัมบกตระการกรร- ณิกาแก้วก็อยู่แกม (สมุทรโฆษ).
จัมปกะ 0,น.,ต้นจำปา เช่น จัมบกตระการกรร- ณิกาแก้วก็อยู่แกม (สมุทรโฆษ).
จัมปา 0,น.,"จำปา, แหนบรูปคล้ายกลีบดอกจำปาซึ่งติดอยู่กับแกนในประแจจีน สำหรับหนีบไม่ให้สลักหลุดออกมา."
จัมมะ 0,น.,"จรรม, หนังสัตว์."
จัว 0,น.,สามเณร.
จั่ว 0,น.,"เครื่องบนแห่งเรือนที่ปิดด้านสกัดหลังคาสำหรับกันลมและแดดฝน มีรูปเป็นสามเหลี่ยม, หน้าจั่ว ก็ว่า."
จั่ว 1,ก.,"ลากไพ่จากกองมาเปิด, เปิดไพ่ในกอง."
จั๊วะ 0,ว.,"คำแต่งคำ ขาว ให้รู้ว่าสีขาวมาก, จ๊วก ก็ว่า."
จา 0,ก.,"พูด, กล่าว."
จ้า 0,ว.,"จัด, ยิ่ง, แรง, (ใช้แก่สี แสง หรือเสียง) เช่น สีจ้า แสงจ้า."
จ๋า 0,ว.,คำขานรับ
จ๋า 1,ว.,คำลงท้ายคำร้องเรียก เช่น หนูจ๋า.
จ่า 0,น.,"หัวหน้า, หัวโจก, เช่น จ่าฝูง จ่าโขลง"
จ่า 1,น.,"ยศทหารและตำรวจชั้นประทวน เช่น จ่าตรี จ่าสิบตำรวจ, บรรดาศักดิ์ในราชสำนัก เช่น จ่าแผลงฤทธิรอนราญ จ่าเร่งงานรัดรุด, ตำแหน่งหัวหน้าธุรการบางอย่าง เช่น จ่าศาล"
จ่า 2,น.,การเอาข้าวสุกกับขี้เถ้าคลุกกันปะตรงกลางหน้ากลองเพื่อให้เสียงสูงตํ่า.
จ่า 3,ก.,"บอก, เขียนบอก"
จ่า 4,ก.,ถูกปรับ (ในการเล่นโยนหลุมเป็นต้น).
จ่า 5,น.,"เครื่องใช้ตักแกงหรือตักข้าว ทำด้วยกะลามะพร้าว มีด้ามถือ, กระจ่า จวัก หรือ ตวัก ก็ว่า."
จาก 0,น.,ชื่อปาล์มชนิด Nypa fruticans Wurmb ในวงศ์ Palmae ขึ้นเป็นกออยู่ตามริมฝั่งน้ำกร่อยในป่าชายเลน ใบใช้มุงหลังคาและกรุฝา ออกดอกเป็นช่อยาว ผลรวมเป็นทะลาย กินได้ เรียกว่า ลูกจาก
จาก 1,น.,เรียกขนมชนิดหนึ่งทำด้วยแป้งข้าวเหนียวผสมมะพร้าวกับนํ้าตาล ห่อด้วยใบจากแล้วปิ้ง ว่า ขนมจาก.
จาก 2,ก.,ออกพ้นไป เช่น จากบ้านจากเมือง จากลูกจากเมีย.
จาก 3,บ.,คำนำหน้านามของต้นทางที่มา เช่น ดื่มนํ้าจากแก้ว เขามาจากอยุธยา
จาก 4,บ.,ตั้งแต่ เช่น จากเช้าจดคํ่า.
จาก 5,น.,ชื่อปูชนิด Varuna litterata (Fabricius) ในวงศ์ Grapsidae ลำตัวแบน สีน้ำตาลอมเหลือง อาศัยอยู่ตามป่าจากในเขตน้ำกร่อยหรือน้ำเค็ม.
จากพราก 0,น.,"ชื่อนกเป็ดน้ำขนาดใหญ่ชนิด Tadorna ferruginea (Pallas) วงศ์ย่อย Anatinae ในวงศ์ Anatidae ขนาดและรูปร่างคล้ายห่าน ลำตัวสีน้ำตาลแดง ตัวผู้มีลายคล้ายสร้อยคอเล็ก ๆ สีแดงเข้ม, จากพราก จากพาก จักรพาก หรือ จักรวาก ก็เรียก."
จากพราก 1,น.,"(ทางวรรณคดีนิยมว่า คู่ของนกนี้ต้องพรากจากกันจะครวญถึงกันในเวลากลางคืน), จักรพาก หรือ จักรวาก ก็เรียก."
จากพาก 0,น.,"ชื่อนกเป็ดน้ำขนาดใหญ่ชนิด Tadorna ferruginea (Pallas) วงศ์ย่อย Anatinae ในวงศ์ Anatidae ขนาดและรูปร่างคล้ายห่าน ลำตัวสีน้ำตาลแดง ตัวผู้มีลายคล้ายสร้อยคอเล็ก ๆ สีแดงเข้ม, จากพราก จากพาก จักรพาก หรือ จักรวาก ก็เรียก."
จากพาก 1,น.,"(ทางวรรณคดีนิยมว่า คู่ของนกนี้ต้องพรากจากกันจะครวญถึงกันในเวลากลางคืน), จักรพาก หรือ จักรวาก ก็เรียก."
จ่ากลอง 0,น.,คนตีเปิงมางนำกลองชนะ.
จากหลบ 0,น.,ตับจากทำเป็นคู่ใช้ปิดหลังคาที่ตรงสันหลังคาให้มิดเพื่อไม่ให้ฝนรั่วได้.
จาคะ 0,น.,"การสละ, การให้ปัน."
จาคี 0,น.,"ผู้มีการเสียสละ, ผู้นิยมทำทาน."
จาง 0,ว.,"น้อยไป, ลดไป, ไม่เข้ม, (โดยมากใช้แก่สี รส กลิ่น)."
จ่าง 0,ก.,สว่าง.
จ้าง 0,น.,ชื่อขนมของจีนชนิดหนึ่ง ทำด้วยข้าวเหนียวที่แช่น้ำด่างแล้วล้างให้สะอาด นำมาผึ่งให้สะเด็ดน้ำ ห่อด้วยใบไผ่แล้วต้มให้สุก.
จ้าง 1,ก.,"ให้ทำงานหรือทำของโดยให้ค่าตอบแทน, ผู้ให้ทำงานเรียก นายจ้าง หรือ ผู้ว่าจ้าง, ผู้รับทำงานเรียก ลูกจ้าง หรือ ผู้รับจ้าง, ผู้ให้ทำของเรียก ผู้ว่าจ้าง, ผู้รับทำของเรียก ผู้รับจ้าง."
จ้างทำของ 0,น.,ชื่อสัญญาซึ่งบุคคลคนหนึ่ง เรียกว่า ผู้รับจ้าง ตกลงรับจะทำการงานสิ่งใดสิ่งหนึ่งจนสำเร็จให้แก่บุคคลอีกคนหนึ่ง เรียกว่า ผู้ว่าจ้าง และผู้ว่าจ้างตกลงจะให้สินจ้างเพื่อผลสำเร็จแห่งการที่ทำนั้น.
จางปาง 0,ว.,"สว่างจ้า, สว่างโล่ง"
จางปาง 1,ว.,อีสานว่า จ่างป่าง.
จ้างแรงงาน 0,น.,ชื่อสัญญาซึ่งบุคคลคนหนึ่ง เรียกว่า ลูกจ้าง ตกลงจะทำงานให้แก่บุคคลอีกคนหนึ่ง เรียกว่า นายจ้าง และนายจ้างตกลงจะให้สินจ้างตลอดเวลาที่ทำงานให้.
จางวาง 0,น.,"ตำแหน่งข้าราชการชั้นสูงกว่าเจ้ากรมที่มิใช่กรมเสนาบดี ทำหน้าที่เป็นที่ปรึกษา กำกับดูแลกรมนั้น ๆ, ตำแหน่งในสังกัดของเจ้านายที่ทรงกรม ทำหน้าที่กำกับดูแลกรมเจ้านาย, ตำแหน่งข้าราชการชั้นสูงในกรมมหาดเล็ก ตั้งขึ้นในรัชกาลที่ ๔ มีหน้าที่บังคับบัญชาหัวหมื่นมหาดเล็ก"
จางวาง 1,น.,เจ้าเมืองที่พ้นตำแหน่งแล้ว ซึ่งได้รับโปรดเกล้าฯ แต่งตั้งเป็นที่ปรึกษาของเจ้าเมือง เรียกว่า จางวางเมือง.
จางวางเมือง 0,น.,เจ้าเมืองที่พ้นตำแหน่งแล้ว ซึ่งได้รับโปรดเกล้าฯ แต่งตั้งเป็นที่ปรึกษาของเจ้าเมือง เรียกว่า จางวางเมือง.
จาด 0,น.,สีขาวใช้ทาฝาเรือนและอื่น ๆ.
จาด 1,น.,"ชื่อปลานํ้าจืดชนิด Neolissochilus stracheyi ในวงศ์ Cyprinidae ปากเล็ก ลำตัวยาว เกล็ดใหญ่ รูปร่างคล้ายทรงกระบอก ลำตัวสีเงิน ด้านหลังสีเขียวเข้ม อาศัยอยู่ในแหล่งนํ้าสะอาดใกล้ต้นนํ้า เป็นปลาขนาดใหญ่ ยาวได้ถึง ๑ เมตร, พลวง หรือ โพ ก็เรียก."
จาดตะกั่ว 0,น.,สารประกอบชนิดหนึ่งของธาตุตะกั่ว เป็นสารสี สีขาว มีสูตร 2PbCO_3·Pb(OH)_2 ใช้เป็นองค์ประกอบของสีทาบางประเภท.
จาตุ- 0,ว.,"แปลงมาจาก จตุ หมายความว่า สี่, ใช้ประกอบหน้าคำที่มาจากภาษาบาลี."
จาตุกรณีย์ 0,น.,"ราชกิจ ๔ อย่าง คือ ๑. ตัดสินความเมือง ๒. บำรุงราษฎร ๓. บำรุงผลประโยชน์บ้านเมือง ๔. ป้องกันพระนคร, บางทีในบทกลอนใช้ว่า จาตุกรณย์, จาตุรราชการ ก็ว่า."
จาตุทสี 0,น.,ดิถีที่ ๑๔ (คือ วัน ๑๔ คํ่า).
จาตุมหาราช 0,น.,"ชื่อสวรรค์ชั้นแรกแห่งสวรรค์ ๖ ชั้น มีท้าวจาตุมหาราชทั้ง ๔ ผู้รักษาโลกในทิศทั้ง ๔ ร่วมกันปกครอง, จาตุมหาราชิก หรือ จาตุมหาราชิกา ก็ว่า (ดู ฉกามาพจร ประกอบ)"
จาตุมหาราช 1,น.,"เรียกหัวหน้าเทวดาผู้มีหน้าที่รักษาโลกในทิศทั้ง ๔ ว่า ท้าวจาตุมหาราช คือ ๑. ท้าวธตรฐ จอมภูตหรือจอมคนธรรพ์ รักษาโลกด้านทิศบูรพาหรือทิศตะวันออก ๒. ท้าววิรุฬหก จอมเทวดาหรือจอมกุมภัณฑ์ รักษาโลกด้านทิศทักษิณหรือทิศใต้ ๓. ท้าววิรูปักษ์ จอมนาค รักษาโลกด้านทิศประจิมหรือทิศตะวันตก ๔. ท้าวกุเวร จอมยักษ์ รักษาโลกด้านทิศอุดรหรือทิศเหนือ, จตุโลกบาล หรือ จัตุโลกบาล ก็ว่า."
จาตุมหาราชิก 0,น.,"ชื่อสวรรค์ชั้นแรกแห่งสวรรค์ ๖ ชั้น มีท้าวจาตุมหาราชทั้ง ๔ ผู้รักษาโลกในทิศทั้ง ๔ ร่วมกันปกครอง, จาตุมหาราช ก็ว่า. (ป., ส.). (ดู ฉกามาพจร ประกอบ)."
จาตุมหาราชิกา 0,น.,"ชื่อสวรรค์ชั้นแรกแห่งสวรรค์ ๖ ชั้น มีท้าวจาตุมหาราชทั้ง ๔ ผู้รักษาโลกในทิศทั้ง ๔ ร่วมกันปกครอง, จาตุมหาราช ก็ว่า. (ป., ส.). (ดู ฉกามาพจร ประกอบ)."
จาตุร- 0,ว.,"แปลงมาจาก จตุร หมายความว่า สี่, ใช้ประกอบหน้าคำที่มาจากภาษาบาลี."
จาตุรงค์ 0,ว.,"มีองค์ ๔, มีส่วน ๔."
จาตุรงค- 0,ว.,"มีองค์ ๔, มีส่วน ๔."
จาตุรงคสันนิบาต 0,น.,"การประชุมพร้อมด้วยองค์ ๔ ประการ คือ ๑. วันนั้นดวงจันทร์เสวยมาฆฤกษ์ (ดวงจันทร์เดินมาถึงดาวฤกษ์ชื่อมฆา) ๒. พระสงฆ์ ๑,๒๕๐ รูป ประชุมกันโดยมิได้นัดหมาย ๓. พระสงฆ์ที่มาประชุมวันนั้นล้วนได้รับเอหิภิกขุอุปสัมปทา ๔. พระสงฆ์เหล่านั้นเป็นพระอรหันต์ทั้งสิ้น, นับเป็นวันสำคัญวันหนึ่งในพระพุทธศาสนา, คำสามัญว่า มาฆบูชา."
จาตุรนต์ 0,น.,เจ้าแห่งโลกหรือแห่งทิศทั้ง ๔.
จาตุรนต์รัศมี 0,น.,ผู้มีรัศมีแผ่ไปในทิศทั้ง ๔ คือ พระอาทิตย์.
จาตุรราชการ 0,น.,"ราชกิจ ๔ อย่าง คือ ๑. ตัดสินความเมือง ๒. บำรุงราษฎร ๓. บำรุงผลประโยชน์บ้านเมือง ๔. ป้องกันพระนคร, บางทีในบทกลอนใช้ว่า จาตุกรณย์, จาตุรราชการ ก็ว่า."
จาตุรันต์ 0,น.,เจ้าแห่งโลกหรือแห่งทิศทั้ง ๔.
จ้าน 0,ว.,"จัด, มาก, ยิ่ง, นัก, เช่น รูปร่างช่างกระไรเหมือนยักษ์มาร ล่ำสันขันจ้านสักเท่าพ้อม (สังข์ทอง)."
จาน 0,น.,"ภาชนะรูปแบน ๆ สำหรับใส่สิ่งของต่าง ๆ, ลักษณนามเรียกจานที่ไม่มีอะไรบรรจุว่า ใบ หรือ ลูก เช่น จานใบหนึ่ง จาน ๒ ลูก, ลักษณนามเรียกสิ่งของที่บรรจุอยู่ในจานว่าจาน เช่น ข้าวจานหนึ่ง ข้าว ๒ จาน, เรียกของที่มีลักษณะเช่นนั้น เช่น จานเสียง, เรียกมะเขือชนิดหนึ่ง ว่า มะเขือจาน, คู่กับ มะเขือถ้วย."
จาน 1,ก.,เจือหรือปนด้วยน้ำ เช่น ข้าวจานนํ้า.
จาน 2,น.,ต้นทอง. (ดู ทอง ๒).
จานจ่าย 0,น.,อุปกรณ์ที่ส่งกระแสไฟฟ้าไปยังหัวเทียนในฝาสูบของเครื่องยนต์ตามจังหวะที่เหมาะสม เพื่อจุดระเบิดไอนํ้ามันเชื้อเพลิงผสมอากาศ.
จานเจือ 0,ก.,"เพิ่มเติม, ประสม"
จานเจือ 1,ก.,"เผื่อแผ่, อุดหนุน, เจือจาน ก็ว่า."
จานเชิง 0,น.,ภาชนะกระเบื้องชนิดหนึ่ง ลักษณะแบนกลมคล้ายจาน ยกขอบและมีเชิงอย่างพาน เดิมสั่งทำจากจีน มีทั้งชนิดเขียนลายครามและเขียนสีเบญจรงค์ ใช้ใส่อาหาร.
จานบิน 0,น.,"วัตถุบิน ลักษณะคล้ายจาน ๒ ใบควํ่าประกบกัน เชื่อกันว่าเป็นยานอวกาศที่มาจากดาวดวงอื่น, จานผี ก็เรียก."
จานผี 0,น.,"วัตถุบิน ลักษณะคล้ายจาน ๒ ใบควํ่าประกบกัน เชื่อกันว่าเป็นยานอวกาศที่มาจากดาวดวงอื่น, จานผี ก็เรียก."
จานเสียง 0,น.,"วัสดุแผ่นกลมบางซึ่งบันทึกเสียงไว้ในลักษณะเป็นร่องบนผิวพื้น เมื่อใส่บนแผ่นหมุนของหีบเสียง วางเข็มลงในร่องแล้วให้จานหมุนไป ก็จะเกิดเสียงตามที่บันทึกไว้, แผ่นเสียง ก็เรียก."
จาบ 0,ก.,พูดล่วงเกิน.
จาบ 1,น.,นกกระจาบ เช่น มีกุโงกกุงานแลกุงอน นกจิบจาบซอบ (สมุทรโฆษ).
จาบคา 0,น.,ชื่อนกขนาดเล็กหลายชนิด ในวงศ์ Meropidae ปากสีดำปลายแหลมโค้งเล็กน้อย รูปร่างเพรียว สีออกเขียว ขนหางอาจสั้นหรือยาวแล้วแต่ชนิด มักสร้างรังเป็นรูตามหน้าผาดิน อยู่เป็นกลุ่ม กินแมลง เช่น จาบคาเคราแดง [ Nyctyornis amictas (Temminck)] จาบคาหัวเขียว ( Merops philippinus Linn.) ซึ่งเดิมเรียก คับคา.
จาบจ้วง 0,ว.,"อาจเอื้อม, ล่วงเกินผู้อื่นด้วยวาจา, จ้วงจาบ ก็ว่า."
จาบดิน 0,น.,ชื่อนกขนาดเล็ก ในวงศ์ Timaliidae ปากเรียวแหลม ด้านบนลำตัวสีเขียวหรือน้ำตาลเรียบ คอหอยและด้านล่างลำตัวอาจมีลายจุด หากินตามไม้พื้นล่างของป่าหรือตามพื้นดิน กินแมลง ในประเทศไทยมี ๓ ชนิด คือ จาบดินสีน้ำตาลคอลาย [ Pellorneum albiventre (Godwin-Austen)] จาบดินอกลาย (P. ruficepsSwainson) และจาบดินหัวดำ [ P. capistratum (Temminck)].
จาบปีกอ่อน 0,น.,ชื่อนกขนาดเล็กหลายชนิด ในวงศ์ Emberizidae เป็นนกที่อพยพมาประเทศไทยในช่วงฤดูหนาว ปากสั้นหนาแข็งแรง ลำตัวอ้วนป้อม หางยาวปานกลาง ปลายหางเว้าตื้น ทั้งสองเพศมีสีแตกต่างกัน ตัวผู้สีสดกว่าตัวเมีย กินเมล็ดผลไม้และแมลง เช่น จาบปีกอ่อนสีตาล ( Emberiza rutilaPallas) จาบปีกอ่อนอกเหลือง ( E. aureola Pallas) จาบปีกอ่อนหงอน [ Melophus lathami (Gray)].
จาบฝน 0,น.,ชื่อนกขนาดเล็ก ในวงศ์ Alaudidae รูปร่างอ้วนป้อม สีน้ำตาลเหลือง มีลายจุดที่คอและอก หางสั้น เสียงร้องไพเราะ อยู่ตามทุ่งโล่ง กินแมลงและเมล็ดพืช ในประเทศไทยมี ๓ ชนิด คือ จาบฝนเสียงใส ( Mirafra javanica Horsfield) จาบฝนปีกแดง ( M. assamica Horsfield) และจาบฝนเสียงสวรรค์ ( Alaula gulgula Franklin).
จาบัล 0,ก.,"หวั่นไหว, กระสับกระส่าย เช่น ดาลดับรงับจิตรจาบัลย์ เทียรทิพยสุคันธ ธรศมาโสรจโทรมสกนธ์ (ดุษฎีสังเวย)"
จาบัล 1,ก.,"กำสรด, ร้องไห้คร่ำครวญ, สะอึกสะอื้น."
จาบัลย์ 0,ก.,"หวั่นไหว, กระสับกระส่าย เช่น ดาลดับรงับจิตรจาบัลย์ เทียรทิพยสุคันธ ธรศมาโสรจโทรมสกนธ์ (ดุษฎีสังเวย)"
จาบัลย์ 1,ก.,"กำสรด, ร้องไห้คร่ำครวญ, สะอึกสะอื้น."
จาป 0,น.,"ธนู, ศร, หน้าไม้, เช่น ชักกุทัณฑกำซาบ ด้วยลูกจาปแล่นลิ่ว (อนิรุทธ์)."
จาป 1,น.,ลูกสัตว์ เช่น แม่นกจากพรากพราก แลนา จากจาปน้อยแนบอก แลนา (ม. คำหลวง ทานกัณฑ์).
จาปะ 0,น.,"ธนู, ศร, หน้าไม้, เช่น ชักกุทัณฑกำซาบ ด้วยลูกจาปแล่นลิ่ว (อนิรุทธ์)."
จ่าปี่ 0,น.,คนเป่าปี่คู่กับจ่ากลอง.
จาม 0,น.,ชื่อชนชาติหนึ่ง ปัจจุบันส่วนใหญ่มีถิ่นฐานอยู่ในเขตประเทศเวียดนามตอนใต้.
จาม 1,ก.,อาการของลมที่พุ่งออกมาทางจมูกและปาก มักจะเป็นห้วง ๆ ในทันทีทันใดโดยไม่ตั้งใจ เพราะเกิดระคายเคืองในจมูก
จาม 2,ก.,ฟันลงไปเต็มที่ เช่น เอาขวานจามหัว.
จ่ามงกุฎ 0,น.,ชื่อขนมชนิดหนึ่ง คล้ายกะละแมขาว มีไส้เป็นถั่วลิสงเม็ด ห่อด้วยใบตองอ่อนนาบ เช่น งามจริงจ่ามงกุฎ ใส่ชื่อดุจมงกุฎทอง (เห่ชมเครื่องคาวหวาน).
จามจุรี 0,น.,"ชื่อสัตว์เคี้ยวเอื้องชนิด Bos grunniens Linn. ในวงศ์ Bovidae ขนตามลำตัวละเอียดอ่อนยาวมาก สีนํ้าตาลเข้มจนถึงดำ โดยเฉพาะบริเวณสวาบคือบริเวณระหว่างชายโครงถึงสันกระดูกตะโพกมีขนสีดำห้อยยาวลงมาเกือบถึงพื้น ช่วงเขากว้างมาก หางยาวเป็นพู่ อาศัยอยู่แถบภูเขาสูงในทิเบต, จมร จมรี หรือ จามจุรี ก็เรียก"
จามจุรี 1,น.,"ชื่อไม้ต้นชนิด Albizia lebbeck (L.) Benth. ในวงศ์ Leguminosae ดอก (เกสร) อ่อนมีสีเขียวและขาว เมื่อดอก (เกสร) แก่เปลี่ยนเป็นสีเหลือง ใกล้โรยเปลี่ยนเป็นสีเหลืองอมแสด ฝักแบนยาวกว้าง ฝักอ่อนสีเขียว เมื่อแก่สีนํ้าตาลอ่อน ไม่มีรส, พฤกษ์ ซึก หรือ ซิก ก็เรียก, มักเรียกต้นก้ามปูหรือต้นจามจุรีแดง [ Samanea saman (Jacq.) Merr.] ซึ่งเป็นไม้ต่างชนิดกันว่า ต้นจามจุรี."
จามร 0,น.,แส้ด้ามยาวทำด้วยขนจามรี มีฝักแบนรูปคล้ายน้ำเต้าสำหรับสอดเก็บแส้ เป็นเครื่องสูงชนิดหนึ่ง.
จามรี 0,น.,"ชื่อสัตว์เคี้ยวเอื้องชนิด Bos grunniens Linn. ในวงศ์ Bovidae ขนตามลำตัวละเอียดอ่อนยาวมาก สีนํ้าตาลเข้มจนถึงดำ โดยเฉพาะบริเวณสวาบคือบริเวณระหว่างชายโครงถึงสันกระดูกตะโพกมีขนสีดำห้อยยาวลงมาเกือบถึงพื้น ช่วงเขากว้างมาก หางยาวเป็นพู่ อาศัยอยู่แถบภูเขาสูงในทิเบต, จมร จมรี หรือ จามจุรี ก็เรียก"
จามรี 1,น.,เรียกแส้ที่ทำด้วยขนหางจามรี ว่า แส้จามรี.
จามีกร 0,น.,"ทอง, เครื่องทอง."
จ่าย 0,ก.,"เอาออกใช้หรือให้ เช่น จ่ายเครื่องแบบ, โดยปริยายหมายความว่า ซื้อ ก็มี เช่น จ่ายกับข้าว."
จ่ายตลาด 0,ก.,ซื้อกับข้าวที่ตลาด.
จ่ายสด 0,ก.,ซื้อด้วยเงินสด.
จาร 0,ก.,ใช้เหล็กแหลมเขียนลงบนใบลานหรือศิลาเป็นต้นให้เป็นตัวหนังสือ เช่น จึงจารจารึกอันนี้ไว้อีกโสด (ศิลาจารึกเขาสุมนกูฏ) (จารึกสมัยสุโขทัย).
จาร 1,น.,เรียกเหล็กแหลมสำหรับเขียนลงบนใบลานหรือศิลาเป็นต้น ว่า เหล็กจาร.
จาร- 0,น.,"ผู้สอดแนม, ใช้ประกอบหน้าคำอื่นในคำว่า จารกรรม จารชน จารบุรุษ จารสตรี."
จ่ารง 0,น.,ชื่อปืนโบราณชนิดหนึ่ง.
จารวาก 0,น.,"ลัทธิโลกายัต. (ดู โลกายัต ที่ โลก, โลก-)."
จาระไน 0,ก.,พูดชี้แจงอย่างละเอียดลออหรือถี่ถ้วน.
จาระบี 0,น.,"นํ้ามันข้นเหนียวสำหรับหล่อลื่นและกันความสึกหรอของเครื่องจักรเป็นต้น, จระบี ก็ว่า."
จาริก 0,น.,"ผู้ท่องเที่ยวไปเพื่อสั่งสอนหรือแสวงบุญเป็นต้น เช่น ธรรมจาริก, ภาษาแบบใช้ว่า จารึก."
จาริก 1,ก.,"ท่องเที่ยวไปเพื่อสั่งสอนหรือแสวงบุญเป็นต้น เช่น จาริกแสวงบุญ, ภาษาแบบใช้ว่า จารึก."
จารี 0,น.,"ผู้ประพฤติ, มักใช้เป็นส่วนท้ายของสมาส เช่น ธรรมจารี สัมมาจารี."
จารีต 0,น.,ประเพณีที่ถือสืบต่อกันมานาน.
จารีตนครบาล 0,น.,วิธีไต่สวนพิจารณาคดีนครบาลซึ่งเป็นคดีโจรผู้ร้ายหรือคดีที่มีโทษหลวง เมื่อคนร้ายจนต่อพยานหลักฐานแล้วแต่ยังไม่ยอมรับสารภาพ โดยให้ใช้ได้ตามเงื่อนไขที่กฎหมายกำหนด เช่น เฆี่ยน แต่ไม่ให้ถึงแก่ชีวิต.
จารีตประเพณี 0,น.,ประเพณีที่นิยมและประพฤติกันสืบมา ถ้าฝ่าฝืนถือว่าเป็นผิดเป็นชั่ว.
จารึก 0,น.,"ผู้ท่องเที่ยวไปเพื่อสั่งสอนหรือแสวงบุญเป็นต้น เช่น ธรรมจาริก, ภาษาแบบใช้ว่า จารึก."
จารึก 1,ก.,"เขียนหรือจารให้เป็นรอยลึกเป็นตัวอักษรหรือภาพเป็นต้นบนแผ่นศิลา โลหะ หรือดินเป็นต้น, โดยปริยายหมายถึงลักษณะที่คล้ายคลึงเช่นนั้น เช่น จารึกไว้ในดวงใจ, ในบทกลอนหมายความว่า เขียนโดยทั่ว ๆ ไป ก็มี."
จารึก 2,น.,"เรียกศิลาที่จารึกเป็นตัวอักษรหรือภาพเป็นต้น ว่า ศิลาจารึก, เรียกสั้น ๆ ว่า จารึก เช่น จารึกอโศก จารึกสุโขทัย."
จารุ 0,น.,ทองคำ.
จารุ 1,ว.,"งาม, น่ารัก, สม, เหมาะ."
จ้าละหวั่น 0,ว.,"ชุลมุน, วุ่นวาย, จะละหวั่น ก็ใช้."
จ้าว 0,น.,เจ้า.
จาว 0,น.,"สิ่งที่งอกอยู่ภายในผลไม้บางอย่าง เช่น จาวมะพร้าว จาวตาล, (กลอน) โดยปริยายหมายถึงนมผู้หญิง เช่น พวงจาวเจิดแจ่มแก้ว จักรพรรดิ พี่เอย (นิ. นรินทร์), ดวงจาววนิภาคย์พ้น เสาวบุษป์ (ทวาทศมาส)."
จาว 1,น.,"เจ้า, ผู้เป็นใหญ่, หมายถึงเทวดาในชั้นอาภัสรพรหม."
จาว 2,ก.,"โผลงมา, โฉบ, เช่น จาวชิมดินแสงหล่น (แช่งน้ำ)."
จาว 3,ว.,"ตามกันไป, ประสานกันไป, เช่น ชลธารนทีเจือ จาวหลั่ง ไหลนา (ทวาทศมาส)."
จาว 4,น.,"ดอก, ดอกไม้, เช่น ดอกไม้งามเงื่อนแต้ม แชรงยอดแย้มผกาแจรง จาวจำแทงจำเทิด (ม. คำหลวง จุลพน), จราว ก็ใช้, โดยปริยายหมายถึงผู้หญิง เช่น ไฟกามรลุงจาว ทองเทศ (ทวาทศมาส)."
จาว 5,ก.,บาน (ใช้แก่ดอกไม้) เช่น โพทเลจาวดวงดอกก็มี (ม. คำหลวง มหาพน).
จาว 6,ก.,"ส่งเสียงดัง, อึกทึก, เช่น อันจาวจำเรียงเสียงฉันท์ (สมุทรโฆษ)."
จาว ๆ 0,ว.,"ห่าง ๆ เช่น เนาผ้าจาว ๆ, จะจะ เช่น วางเครื่องข้าวยำจาว ๆ ให้เลือกกิน."
จาวมะพร้าว 0,น.,มันจาวมะพร้าว. (ดู มันเสา ที่ มัน ๑).
จาวมะพร้าว 1,น.,ชื่อเห็ดชนิด Calvatia craniformis Coker et Couch ในวงศ์ Lycoperdaceae ขึ้นตามพื้นดิน ดอกเห็ดเป็นก้อนกลมใหญ่ สีขาวแล้วเปลี่ยนเป็นสีนํ้าตาล โคนสอบ เมื่ออ่อนอยู่กินได้ เมื่อโตเต็มที่ผิวบนย่นหยักคล้ายสมอง.
จ่าหน้า 0,ก.,"เขียนบอกไว้ข้างหน้า เช่น จ่าหน้าซอง, เขียนบอกไว้ที่ต้นเรื่อง เช่น จ่าหน้าเรื่อง."
จ่าหวัก 0,น.,"จวัก, ตวัก."
จำ 0,ก.,"กำหนดไว้ในใจ, ระลึกได้, เช่น จำหน้าได้."
จ้ำ 0,ก.,"จ้วงใบพายลงในน้ำ แล้ววักไปทางข้างตัวโดยแรงและเร็ว เช่น เขาจ้ำเรือข้ามฟาก, ฟันหรือแทงถี่ ๆ เช่น ผู้ร้ายจ้ำแทง."
จ้ำ 1,ว.,อาการที่ทำเร็ว ๆ ถี่ ๆ เช่น พายเรือจ้ำเอา ๆ เขียนหนังสือจ้ำเอา ๆ เดินจ้ำ ๆ.
จำ 1,ก.,"ลงโทษด้วยวิธีเอาโซ่ตรวนล่ามไว้ เช่น จำโซ่ จำตรวน, ลงโทษด้วยวิธีขัง เช่น จำคุก."
จ้ำ 2,น.,รอยฟกชํ้าดำเขียว.
จำ 2,ก.,อาการที่ต้องฝืนใจทำ เช่น จำใจจากแม่เปลื้อง ปลิดอก อรเอย (นิ. นรินทร์).
จ้ำ 3,น.,ชื่อไม้พุ่มหรือไม้ต้นขนาดเล็กหลายชนิดในสกุล Ardisia วงศ์ Myrsinaceae บางชนิดดอกและยอดอ่อนกินได้เรียก ผักจํ้า.
จำ 3,น.,ชายผ้า เช่น เอาพระจำเจิมเฉลิมเชิงเวียน.
จำกว่า 0,ก.,ให้ยิ่งขึ้น.
จำกัด 0,ก.,กำหนดหรือขีดคั่นไว้โดยเฉพาะ เช่น จำกัดอายุ จำกัดความรู้.
จำกัดความ 0,ก.,"ให้ความหมายอย่างกะทัดรัด, กำหนดความหมาย."
จำกัดความรับผิดชอบ 0,น.,บริษัทจำกัดซึ่งจำกัดความรับผิดของผู้ถือหุ้นไว้ไม่เกินจำนวนเงินที่ตนยังส่งใช้ไม่ครบมูลค่ารวมของหุ้นที่ตนถือ.
จำกัดจำเขี่ย 0,ก.,"จำกัดจนที่สุด, ใช้จ่ายอย่างประหยัดที่สุด, กระเบียดกระเสียร."
จำครบ 0,ว.,จำห้าประการ.
จำคุก 0,น.,โทษทางอาญาสถานหนึ่ง ที่ให้เอาตัวผู้ต้องโทษไปคุมขังไว้ในเรือนจำ.
จำงาย 0,น.,"สาย, บ่าย, เช่น ลูกไม้บ่ทันงาย จำงายราชอดยืน (ม. คำหลวง มัทรี)."
จำงาย 1,ว.,"ห่าง, ไกล, เช่น หากให้เจ้าตูฉิบหาย จำงายพรากพระบุรี ท่านนี้ (ม. คำหลวง ชูชก)."
จำจอง 0,ก.,"ใส่ตรวนหรือเครื่องพันธนาการขังไว้ในคุกในตะรางเป็นต้น, จองจำ ก็ว่า."
จ้ำจี้ 0,น.,การเล่นชนิดหนึ่งของเด็ก.
จ้ำจี้จ้ำไช 0,ว.,อาการที่พร่ำพูดหรือสอน.
จ้ำจี้จ้ำไช 1,ก.,พร่ำพูดหรือสอน.
จำเจ 0,ว.,"เนือง ๆ, บ่อย ๆ, ซํ้าซาก."
จำเดิม 0,บ.,"แต่ต้น, เริ่มแรก, แรก."
จำทวย 0,ก.,ประจำหมู่.
จำทวย 1,ก.,"ถือ, ถืออาวุธร่ายรำ, เช่น จำทวยธนูในสนาม (สมุทรโฆษ)."
จำทับ 0,ก.,"โผลง, โจนลง, ทุ่มลง, ตกลง."
จำทาบ 0,ก.,"จับ, ถือ."
จำเทิด 0,ก.,"เผ่นขึ้นสูง, งอกขึ้นสูง, สูงไสว."
จำแทง 0,ก.,"เผ่นขึ้น, โผขึ้น, ตั้งขึ้น, ชูขึ้น, งอกขึ้น"
จำแทง 1,ก.,"ถืออาวุธร่ายรำท่าแทง, เช่น ชดกรกระลึงกุมแสง รำจำแทงองอาจ เผ่นผงาดขับสารสีห์ (ลอ)."
จำนง 0,ก.,"ประสงค์, มุ่งหวัง, ตั้งใจ."
จำนน 0,ก.,"แพ้, ไม่มีทางสู้."
จำนรรจ์ 0,ก.,"เจรจา, พูด, กล่าว."
จำนรรจา 0,ก.,"เจรจา, พูด, กล่าว."
จำนวน 0,น.,ยอดรวมที่กำหนดนับไว้เป็นส่วน ๆ.
จำนวนจริง 0,น.,จำนวนใด ๆ ซึ่งอาจเป็นจำนวนตรรกยะหรือจำนวนอตรรกยะ.
จำนวนจินตภาพ 0,น.,จำนวนเชิงซ้อน a + bi เมื่อ b ≠ o.
จำนวนเชิงซ้อน 0,น.,จำนวนที่มีองค์ประกอบ ๒ ส่วน เขียนได้เป็น a + bi โดย a และ b เป็นจำนวนจริง และ i^๒ = -๑.
จำนวนตรรกยะ 0,น.,"จํานวนที่สามารถเขียนให้เป็นรูปเศษส่วนได้ โดยทั้งเศษและส่วนต้องเป็นจํานวนเต็ม และส่วนต้องไม่เท่ากับศูนย์, จํานวนที่สามารถเขียนให้เป็นรูปทศนิยมไม่รู้จบประเภทซํ้าได้ เช่น (= ๐.๑), (= ๐.๑๒)."
จำนวนเต็ม 0,น.,"จํานวนที่เป็นจํานวนนับ, จํานวนนับติดเครื่องหมายลบหรือศูนย์."
จำนวนนับ 0,น.,"จํานวนที่เกิดจากการนับ จำนวนที่ใช้แทนการนับ ได้แก่ ๑, ๒, ๓, ๔ ... ."
จำนวนบวก 0,น.,จำนวนเลขที่มีค่ามากกว่าศูนย์.
จำนวนลบ 0,น.,จำนวนเลขที่มีค่าต่ำกว่าศูนย์.
จำนวนอตรรกยะ 0,น.,"จํานวนที่สามารถเขียนให้เป็นรูปทศนิยมไม่รู้จบประเภทไม่ซํ้าได้ เช่น (= ๑.๔๑๔๒๑๓๕…), C664 (= ๓.๑๔๑๕๙๒๖…)."
จำนอง 0,ก.,"ผูก, คล้อง, หมายไว้, กำหนด, จำไว้, (โบ"
จำนอง 1,ก.,"กลอน) ประพันธ์, แต่ง, เช่น จึ่งจำนองโคลงอ้าง ถวายแด่บพิตรเจ้าช้าง (ลอ)."
จำนอง 2,น.,ชื่อสัญญาซึ่งบุคคลคนหนึ่ง เรียกว่า ผู้จำนอง เอาทรัพย์สินตราไว้แก่บุคคลอีกคนหนึ่ง เรียกว่า ผู้รับจำนอง เพื่อเป็นประกันการชำระหนี้ โดยไม่ส่งมอบทรัพย์สินนั้นให้แก่ผู้รับจำนอง.
จำนับ 0,ก.,"จับ, อาการที่ใช้มือจับต้องสิ่งใดสิ่งหนึ่งตลอดจนกำไว้ยึดไว้, ใช้ จำหนับ ก็มี."
จำนัล 0,ก.,"แจจัน เช่น จำนัลจำนับรอบราย (สมุทรโฆษ). (ข. จาล่, จัล, จำนัล ว่า ปะทะ). (ดู แจจน, แจจัน)."
จำนำ 0,ก.,"ประจำ, เรียกผู้ซื้อขายหรือติดต่อกันเป็นประจำว่า เจ้าจำนำ."
จำนำ 1,น.,ชื่อสัญญาซึ่งบุคคลคนหนึ่ง เรียกว่า ผู้จำนำ ส่งมอบสังหาริมทรัพย์สิ่งหนึ่งให้แก่บุคคลอีกคนหนึ่ง เรียกว่า ผู้รับจำนำ เพื่อเป็นประกันการชำระหนี้.
จำนำพรรษา 0,ว.,เรียกผ้าที่ถวายแก่พระสงฆ์ที่อยู่จำพรรษาในวัดนั้น ๆ ว่า ผ้าจำนำพรรษา.
จำเนียน 0,ก.,ตัด ขริบ หรือเฉือนให้ไปตามแนวหรือให้ได้รูปตามที่ต้องการ. (แผลงมาจาก เจียน).
จำเนียม 0,ก.,"รู้จักประมาณตัว, ประพฤติตนพอสถานประมาณ เช่น บรรจงภาพจำเนียม (ลอ)."
จำเนียร 0,ว.,"นาน, ช้า."
จำแนก 0,ก.,"แจก, แบ่ง, แยกออก, เช่น จำแนกออกเป็น ๓ อย่าง."
จำโนทย์ 0,ก.,"ฟ้อง, ร้องขอ, กล่าวหา."
จำบ่ม 0,ว.,ผลไม้ที่แก่ยังไม่ได้ที่ เก็บเอามาบ่มให้สุก เรียกว่า ผลไม้จำบ่ม เช่น มะม่วงจำบ่ม.
จำบัง 0,ก.,รบ เช่น คชจำบังข้าศึก (ตะเลงพ่าย).
จำบัง 1,น.,"ศึก, สงคราม"
จำบัง 2,น.,นักรบ.
จำบัง 3,ก.,"กำบังกาย, หายตัวไป, เช่น โจนจำบับจำบัง (ม. คำหลวง มหาราช)."
จำบับ 0,ก.,จับ เช่น โจนจำบับจำบัง (ม. คำหลวง มหาราช).
จำเบศ 0,*ก.,ความหมายอย่างเดียวกับ จำบัง แต่เพื่อประโยชน์ในกลอนจึงใช้ ศ เข้าลิลิต เช่น หมู่โยธาโยเธศ รู้จำเบศจำบัง (ม. คำหลวง มหาราช).
จ้ำเบ้า 0,ว.,อาการที่ก้นกระแทกพื้นลุกไม่ขึ้น เช่น หกล้มจํ้าเบ้า.
จำแบ 0,น.,"ชื่อปลาแห้งชนิดหนึ่งที่ไม่เป็นริ้ว, ตำแบ ก็ว่า."
จำแบ 1,ก.,แผ่ออก.
จำปา 0,น.,ชื่อไม้ต้นขนาดใหญ่ชนิด Michelia champaca L. ในวงศ์ Magnoliaceae ดอกสีเหลืองอมส้ม กลีบดอกใหญ่ยาว มีหลายกลีบ กลิ่นหอม
จำปา 1,น.,สีเหลืองอมส้มอย่างดอกจำปา
จำปา 2,น.,อุปกรณ์สำหรับว่าวจุฬาใช้คว้าว่าวปักเป้า ทำด้วยผิวไม้ไผ่ประมาณ ๔-๕ ชิ้น ยาวประมาณคืบเศษ เหลาปลายให้แหลมงอนเหมือนดอกจำปา แล้วผูกรวมกันเป็นพูติดกับสายป่านต่อจากหน้าซุง
จำปา 3,น.,"แหนบรูปคล้ายกลีบดอกจำปาซึ่งติดอยู่กับแกนในประแจจีน สำหรับหนีบไม่ให้สลักหลุดออกมา, จัมปา ก็ใช้"
จำปา 4,น.,ไม้ไผ่ที่จักปลายด้านหนึ่งเป็น ๔-๕ แฉก แล้วเอาชิ้นไม้ขัดให้บานออกเป็นรูปดอกจำปา ใช้เสียบปลายไม้สำหรับสอยผลไม้
จำปา 5,น.,"เครื่องยึดธรณีบนของประตูให้ติดกับกรอบเช็ดหน้าของอาคารประเภทโบสถ์ วิหาร ในสถาปัตยกรรมไทย ทำด้วยไม้ เป็นแท่งรูปสี่เหลี่ยมจัตุรัส ด้านหน้าตกแต่งเป็นเส้นขอบของดอกไม้หรือแต่งให้เป็นรูปดอกสี่กลีบที่เรียกว่า ดอกประจำยาม, เรียกหีบศพหรือโลงอย่างจีน ประกอบด้วยปีกไม้ ๔ ชิ้น คล้ายดอกจำปา ว่า โลงจำปา."
จำปา 6,น.,(ถิ่น-อีสาน) ต้นลั่นทม. (ดู ลั่นทม).
จำปาขอม 0,น.,ต้นลั่นทม. (ดู ลั่นทม).
จำปาแขก 0,น.,"ชื่อไม้พุ่มชนิด Michelia figo (Lour.) Spreng. ในวงศ์ Magnoliaceae ดอกคล้ายดอกจำปีแต่เล็กกว่า กลีบเลี้ยงสีนํ้าตาลมีขนหนานุ่ม กลีบดอกแข็งสีนวล กลิ่นหอมมาก, จำปาแขก ก็เรียก."
จำปาดะ 0,น.,ชื่อไม้ต้นขนาดกลางชนิด Artocarpus integer (Thunb.) Merr. ในวงศ์ Moraceae คล้ายต้นขนุน เยื่อหุ้มเมล็ดเนื้อเหลว กลิ่นฉุน กินได้
จำปาดะ 1,น.,เรียกขนุนพันธุ์ที่มียวงสีจำปา เนื้อนุ่ม ว่า ขนุนจำปาดะ. (ดู ขนุน ๑).
จำปาทองเทศ 0,น.,ชื่อต้นไม้ชนิดหนึ่ง.
จำปาทองเทศ 1,น.,ชื่อเพลงไทย อัตรา ๒ ชั้น
จำปาทองเทศ 2,น.,ชื่อเพลงไทยประเภทเพลงเถา.
จำปาลาว 0,น.,ต้นลั่นทม. (ดู ลั่นทม).
จำปาหอม 0,น.,"ชื่อไม้ต้นหลายชนิดในสกุล Plumeria วงศ์ Apocynaceae เช่น ชนิด P. rubraL. ดอกสีขาว หรือแดงเรื่อ ๆ กลิ่นหอม, จำปาหอม ก็เรียก, พายัพเรียก จำปาลาว, อีสานเรียก จำปา, ปักษ์ใต้เรียก จำปาขอม."
จำปี 0,น.,ชื่อไม้ต้นขนาดใหญ่ชนิด Michelia alba DC. ในวงศ์ Magnoliaceae ดอกสีขาว คล้ายดอกจำปาแต่กลีบเล็กและหนากว่า บางพันธุ์สีนวลหรือสีเหลืองอ่อน กลิ่นหอมเย็น.
จำปีแขก 0,น.,"ชื่อไม้พุ่มชนิด Michelia figo (Lour.) Spreng. ในวงศ์ Magnoliaceae ดอกคล้ายดอกจำปีแต่เล็กกว่า กลีบเลี้ยงสีนํ้าตาลมีขนหนานุ่ม กลีบดอกแข็งสีนวล กลิ่นหอมมาก, จำปาแขก ก็เรียก."
จำปีแขก 1,น.,ชื่อไม้ต้นขนาดกลางชนิด Pterospermum diversifolium Blume ในวงศ์ Sterculiaceae กลีบเลี้ยงสีนํ้าตาล กลีบดอกสีขาว กลิ่นหอมอ่อน.
จำปีสิรินธร 0,น.,ชื่อไม้ต้นขนาดกลาง ชนิด Magnolia sirindhorniae Noot. et Chalermglin ในวงศ์ Magnoliaceae ดอกสีขาวนวล กลีบดอกใหญ่ยาว ผลเป็นผลกลุ่ม รูปกลม ขึ้นในป่าพรุน้ำจืด ตั้งชื่อวิทยาศาสตร์เพื่อเทิดพระเกียรติสมเด็จพระเทพรัตนราชสุดาฯ สยามบรมราชกุมารี.
จำปูน 0,น.,ชื่อไม้พุ่มชนิด Anaxagorea javanica Blume ในวงศ์ Annonaceae มีตามป่าดิบทางปักษ์ใต้ กลีบดอกแหลมหนาแข็ง ด้านนอกสีเขียว ด้านในสีขาวนวล กลิ่นหอมมาก.
จำเป็น 0,ว.,"ต้องเป็นอย่างนั้น, ต้องทำ, ขาดไม่ได้."
จำพรรษา 0,ก.,อยู่ประจำที่วัด ๓ เดือนในฤดูฝน (ใช้แก่พระสงฆ์).
จำพวก 0,น.,"พวก, ประเภท, ชนิด, หมู่, เหล่า."
จำเพาะ 0,ว.,"เฉพาะ, เจาะจง, เผอิญ, เช่น จำเพาะฝนมาตกเวลาจะออกจากบ้านจึงไปไม่ได้."
จำแพรก 0,น.,ชื่อไม้ยืนต้น.
จ้ำม่ำ 0,ว.,คำประกอบลักษณะอ้วน ให้รู้ว่าอ้วนน่ารัก (โดยมากใช้เฉพาะเด็ก).
จำรด 0,ก.,"จด, ถึง, จ่อให้ถึง."
จำรัส 0,ว.,"แจ่มแจ้ง, รุ่งเรือง, สว่าง."
จำราญ 0,ก.,"หัก, พัง, ทำลาย, กระจาย, ดับ."
จำราย 0,ก.,"กระจาย, แผ่ไป, เช่น เสด็จจรจำรายศักดิ์ โสภิต (ทวาทศมาส)."
จำรูญ 0,ว.,"รุ่งเรือง, งาม, เช่น ลางหมู่หน้าแดงจกูรล ดูจำรูญจกราด (ม. คำหลวง มหาราช)."
จำเริญ 0,ก.,"เติบโต, งอกงาม, มากขึ้น, สมบูรณ์"
จำเริญ 1,ก.,"ทิ้ง เช่น จำเริญยา, ตัด เช่น จำเริญเกศา."
จำเรียง 0,ก.,"ขับลำ, ขับกล่อม, ร้องเพลง."
จำลอง 0,ก.,ถ่ายแบบ เช่น จำลองจากของจริง.
จำลอง 1,ว.,"แทน เช่น พระพุทธชินราชจำลอง, ที่ทำให้เหมือนของจริง เช่น ท้องฟ้าจำลอง."
จำลอง 2,น.,"อาน, สัปคับ."
จำลองทอง 0,น.,เครื่องสัปคับจำพวกกูบ ใช้ผูกหลังช้างพัง.
จำลาย 0,ก.,สลัก.
จำเลย 0,น.,บุคคลซึ่งถูกฟ้องต่อศาลแล้ว
จำเลย 1,น.,ผู้ถูกฟ้องความ.
จำเลย 2,ก.,"เฉลย, ตอบ."
จำเลาะ 0,ก.,ทะเลาะ.
จำเลาะตา 0,น.,ซีกไม้ไผ่ที่มีตาไม้ติดอยู่.
จำแลง 0,ก.,แปลงตัว.
จำแล่น 0,ก.,ให้แล่น เช่น ตีด้วยเชือกเขาแขง ไม้ท้าวแทงจำแล่นแล (ม. คำหลวง มหาราช).
จำวัด 0,ก.,นอนหลับ (ใช้แก่ภิกษุสามเณร).
จำศีล 0,ก.,"ถือศีล, รักษาศีล"
จำศีล 1,ก.,โดยปริยายหมายถึงการที่สัตว์บางชนิดนอนนิ่งไม่ออกหาอาหารชั่วระยะเวลาหนึ่ง เช่น กบจำศีล.
จ๋ำหนับ 0,ว.,"เต็มที่, เต็มแรง, จั๋ง จังหนับ หรือ จำหนับ ก็ว่า."
จำหนับ 0,ก.,"อาการที่ใช้มือจับต้องสิ่งใดสิ่งหนึ่งตลอดจนกำไว้ยึดไว้, ใช้ จำนับ ก็มี."
จำหนับ 1,ว.,"เต็มที่, เต็มแรง, จั๋ง จังหนับ หรือ จํ๋าหนับ ก็ว่า."
จำหน่าย 0,ก.,"ขาย, จ่าย, แจก, แลกเปลี่ยน, โอน"
จำหน่าย 1,ก.,เอาออก เช่น จำหน่ายจากบัญชี.
จำหน่ายคดี 0,ก.,ยุติการดำเนินคดี ซึ่งอาจเป็นการยุติชั่วคราวหรือยุติไปเลยก็ได้.
จำหระ 0,น.,"แถบ, ซีก, แปลง, (ใช้แก่ที่ดินหรือร่างกาย), ตำหระ ก็ว่า."
จำหลอ 0,น.,จำหล่อ.
จำหล่อ 0,น.,"เครื่องกีดกั้นขวางทางในสมัยโบราณ ปักเสาสูงราว ๒ ศอก มีไม้เสาทับหลัง ขวางถนนเป็น ๒ แนวเยื้องไม่ตรงกัน ปลายต่อปลายเกินกันทั้ง ๒ ข้าง, จังหล่อ จั้นหล่อ จำหลอ หรือ ผนบบ้านหล่อ ก็เรียก."
จำหลอก 0,ก.,"ถลอก, ลอก, ไสหรือแซะให้ลึกเป็นร่อง, ทำให้เป็นลวดลาย, เช่น จำหลักจำหลอกกลม ภบังอวจจำหลักราย (สมุทรโฆษ)."
จำหลัก 0,ก.,"สลัก, แกะให้เป็นลวดลาย."
จำหัน 0,น.,"หมวก, เทริด."
จำหัน 1,ว.,"ฉัน, มีแสงกล้า"
จำหัน 2,ว.,"เฉกเช่น, ดังเช่น"
จำหัน 3,ว.,โบราณเขียนเป็น จำหนน ก็มี เช่น จำหายแสงส่องตรวัน จำหนนแสงส่องฟ้า (ม. คำหลวง มหาราช).
จำห้าประการ 0,ว.,"มีเครื่องจองจำครบ ๕ อย่าง คือ ๑. ตรวนใส่เท้า ๒. เท้าติดขื่อไม้ ๓. โซ่ล่ามคอ ๔. คาไม้ใส่คอทับโซ่ ๕. มือ ๒ ข้างสอดเข้าไปในคาและไปติดกับขื่อทำด้วยไม้, เรียกสั้น ๆ ว่า จำครบ."
จำหาย 0,น.,"หมวก, เทริด."
จำหาย 1,ก.,ส่อง เช่น จำหายแสงส่องตรวัน จำหนนแสงส่องฟ้า (ม. คำหลวง มหาราช).
จำหุด 0,ก.,"แม่น, ปรากฏ, เที่ยง, แข็งแรง, เปรื่องปราด, ศักดิ์สิทธิ์, สำคัญ, เช่น อันหนึ่งให้จำหุดให้กระทำบุญ (ไตรภูมิ)."
จำเหียง 0,ก.,โค้งงอน เช่น งาเจียงจำเหียงแข (ยวนพ่าย). (แผลงมาจาก เฉียง).
จำอวด 0,น.,การแสดงโดยใช้ถ้อยคำ ท่าทาง ชวนให้ตลกขบขัน.
จิ 0,ก.,จะ เช่น จิปากทั้งลิ้นล้า เพื่อเจ้าเจียรจันทร์ (ทวาทศมาส).
จิก 0,ก.,"กิริยาที่เอาจะงอยปากสับอย่างอาการของนกเป็นต้น, กิริยาที่เอาสิ่งมีปลายคมหรือแหลมกดลงพอให้ติดอยู่ เช่น เอาเล็บจิกให้เป็นรอย เอาปลายเท้าจิกดินให้อยู่"
จิก 1,ก.,โขกสับเมื่อเป็นต่อ เช่น เมื่อได้ท่าก็จิกเสียใหญ่.
จิก 2,น.,ชื่อไม้ต้นขนาดกลางหลายชนิดในสกุล Barringtonia วงศ์ Lecythidaceae ขึ้นในที่ชุ่มชื้นและที่นํ้าท่วมถึง ดอกสีขาว เกสรเพศผู้สีแดงมักออกเป็นช่อยาวห้อยเป็นระย้า เช่น จิกนา [ B. acutangula (L.) Gaertn.] จิกบ้านหรือจิกสวน [ B. racemosa (L.) Spreng.] จิกเล [ B. asiatica (L.) Kurz].
จิก 3,น.,"ชื่อไม้ต้นชนิด Careya sphaerica Roxb. ในวงศ์ Lecythidaceae ชอบขึ้นในป่าเบญจพรรณที่ชุ่มชื้น ดอกมีเกสรเพศผู้จำนวนมากเป็นพู่คล้ายดอกชมพู่ ขาว หอม ดอกบานเต็มที่กว้าง ๕-๘ เซนติเมตร ผลค่อนข้างกลม ใบอ่อนใช้เป็นผัก เปลือกใช้เบื่อปลาหรือทุบเป็นแผ่นปูหลังช้าง, โดน จิก ปุย ปุยกระโดน ปุยขาว หรือ ผ้าฮาด ก็เรียก."
จิก 4,น.,"ชื่อเห็ดชนิด Lopharia papyracea (Jungh.) Reid ในวงศ์ Stereaceae ขึ้นบนขอนไม้ ไม่มีก้าน เป็นแผ่นบางคล้ายกระดาษ สีนํ้าตาลหม่น กินได้ และใช้ทำยา, เห็ดจิก ก็เรียก."
จิกปีก 0,ก.,งงจนไม่รู้จะทำอะไรได้ (มาจากอาการของไก่ที่ถูกตีจนงงแล้วเอาปากจิกปีกตัวเอง).
จิกหัว 0,ก.,เอามือขยุ้มผมแล้วรั้งไป
จิกหัว 1,ก.,บังคับให้พุ่งไป เช่น เครื่องบินจิกหัวลง
จิกหัว 2,ก.,"กดขี่, ข่มขี่, เช่น จิกหัวใช้."
จิ่ง 0,สัน.,จึง.
จิ้งโกร่ง 0,น.,"ชื่อจิ้งหรีดชนิด Brachytrypes portentosus (Lichtenstein) เป็นจิ้งหรีดที่มีขนาดใหญ่ที่สุด ยาวประมาณ ๔.๕ เซนติเมตร สีน้ำตาลตลอดทั้งตัว, อ้ายโกร่ง หรือ หัวตะกั่ว ก็เรียก, พายัพเรียก จี้กุ่ง หรือ ขี้กุ่ง, อีสานเรียก จิโป่ม จี่นายโม้ จี่ป่ม หรือ จี่โป่ง."
จิ้งจก 0,น.,"ชื่อสัตว์เลื้อยคลานขนาดเล็กในวงศ์ Gekkonidae และ Eublephoridae เป็นสัตว์จำพวกตุ๊กแก หัวโต ตัวยาว หางยาว ปรกติเคลื่อนที่โดยการไต่สี่ขาตามผนังหรือต้นไม้ กระโดดได้ในระยะสั้น ๆ วิ่งได้เร็ว สลัดหางง่ายและงอกขึ้นใหม่ได้ ปรับสีตัวให้กลมกลืนกับสภาพแวดล้อมได้ ในประเทศไทยมีหลายชนิด เช่น จิ้งจกบ้านหรือจิ้งจกบ้านหางแบน [ Cosymbotus platyurus (Schneider)] ตีนเกาะติดผนังได้, จิ้งจกดินลายหินอ่อน [ Cyrtodactylus peguensis (Kuhl)] ตีนเกาะติดผนังไม่ได้, จิ้งจกบิน [ Platyurus craspedotus (Mocguard)] สามารถร่อนตัวไปในอากาศได้, พายัพเรียก จั๊กกิ้ม."
จิงจ้อ 0,น.,"ชื่อไม้เถาหลายชนิดหลายสกุลในวงศ์ Convolvulaceae เช่น จิงจ้อขาว จิงจ้อเหลี่ยม หรือจี๋จ้อ [ Operculina turpethum (L.) Silva Manso] ลำต้นเป็นเหลี่ยมหรือมีครีบ ดอกสีขาว จิงจ้อใหญ่ จิงจ้อเหลือง หรือจิงจ้อขน [ Merremia vitifolia (Burm. f.) Hallier f.] ลำต้นกลม มีขนมาก ดอกสีเหลือง, ทั้ง ๒ ชนิดรากใช้ทำยาได้."
จิ้งจอก 0,น.,ชื่อหมาชนิด Canis aureus Linn. ในวงศ์ Canidae ขนตามลำตัวสีเทาอมนํ้าตาล มีขนลักษณะคล้ายอานม้าบริเวณไหล่ ปากแหลม หูตั้งแหลมตรง หางเป็นพวง เขี้ยวและฟันคมมาก กลางวันมักนอนอยู่ในโพรงดิน ออกหากินในเวลากลางคืน กินเนื้อสัตว์.
จิงจัง 0,น.,"อาหารอย่างหนึ่ง ทำด้วยปลาเล็ก ๆ หมักเกลือกับข้าวคั่ว อย่างเดียวกับปลาจ่อม ใช้เป็นเครื่องจิ้ม, จุ้งจัง ก็ว่า."
จิ้งจัง 0,น.,"อาหารอย่างหนึ่ง ทำด้วยปลาเล็ก ๆ หมักเกลือกับข้าวคั่ว อย่างเดียวกับปลาจ่อม ใช้เป็นเครื่องจิ้ม, จุ้งจัง ก็ว่า."
จิงโจ้ 0,น.,ชื่อสัตว์เลี้ยงลูกด้วยนม ในวงศ์ Macropodidae ขาคู่หน้าสั้น คู่หลังยาวและแข็งแรง ใช้กระโดดได้ไกล ๆ หางยาวและแข็งแรงใช้เป็นอวัยวะช่วยในการทรงตัว ตัวเมียออกลูกเป็นตัว ไม่มีรก มีถุงที่หน้าท้องสำหรับใส่ลูก มีหลายชนิด เช่น ชนิด Macropus rufus (Desmarest) มีถิ่นกำเนิดในทวีปออสเตรเลีย.
จิงโจ้ 1,น.,"ชื่อแมลงพวกมวนในวงศ์ Gerridae หรือ Gerrididae ลำตัวลีบและยาว โดยทั่วไปยาว ๑-๒ เซนติเมตร มีทั้งพวกที่มีปีกซึ่งอาจสั้นหรือยาว หรือไม่มีปีก ขาคู่หน้าสั้นใช้จับแมลงหรือสัตว์เล็ก ๆ กิน ขาคู่กลางและคู่หลังยาวกว่าลำตัวมาก ที่ปลายขามีขนละเอียดปกคลุมแน่น สามารถวิ่งไปตามผิวนํ้าได้ อาศัยตามแหล่งนํ้าต่าง ๆ มีหลายชนิด ที่พบบ่อย ๆ ตามสระมักเป็นพวกที่อยู่ในสกุล Limnogonus เช่น ชนิด L. fossarum (fabricirs), จิงโจ้ ก็เรียก."
จิงโจ้ 2,น.,เครื่องป้องกันใบจักรเรือไม่ให้สวะเข้าไปปะกันกระทบ และกันไม่ให้เพลาแกว่ง.
จิงโจ้ 3,น.,เรียกทหารผู้หญิงในวังครั้งรัชกาลที่ ๔ ว่า ทหารจิงโจ้.
จิงโจ้ 4,น.,ชื่อเครื่องแขวนให้เด็กดู.
จิงโจ้น้ำ 0,น.,"ชื่อแมลงพวกมวนในวงศ์ Gerridae หรือ Gerrididae ลำตัวลีบและยาว โดยทั่วไปยาว ๑-๒ เซนติเมตร มีทั้งพวกที่มีปีกซึ่งอาจสั้นหรือยาว หรือไม่มีปีก ขาคู่หน้าสั้นใช้จับแมลงหรือสัตว์เล็ก ๆ กิน ขาคู่กลางและคู่หลังยาวกว่าลำตัวมาก ที่ปลายขามีขนละเอียดปกคลุมแน่น สามารถวิ่งไปตามผิวนํ้าได้ อาศัยตามแหล่งนํ้าต่าง ๆ มีหลายชนิด ที่พบบ่อย ๆ ตามสระมักเป็นพวกที่อยู่ในสกุล Limnogonus เช่น ชนิด L. fossarum (fabricirs), จิงโจ้ ก็เรียก."
จิ้งหรีด 0,น.,"ชื่อแมลงในวงศ์ Gryllidae หัวกับอกมีขนาดกว้างไล่เลี่ยกัน หนวดยาว ปากเป็นชนิดกัดกิน ลำตัวยาว ๑-๓ เซนติเมตร มีปีก ๒ คู่ ปีกคู่หน้าหนากว่าคู่หลัง ปีกเมื่อพับจะหักเป็นมุมที่ด้านข้างของลำตัว ปีกคู่หลังบางพับเก็บอยู่ใต้ปีกคู่หน้า เพศผู้ปีกคู่หน้ามีลวดลายเป็นสัน ทำเสียงได้โดยใช้ปีกคู่หน้าสีกัน กินใบพืช เช่น ทองดำ [ Gryllus bimaculatus (De Geer)] ทองแดง [ Teleogryllus mitratus (Burmeister)], จังหรีด ก็เรียก."
จิ้งหรีดผี 0,น.,"ชื่อจิ้งหรีดขนาดเล็กหลายชนิด ในวงศ์ Gryllidae ลำตัวยาวไม่เกิน ๒ เซนติเมตร ส่วนใหญ่ปีกคู่หลังยาวกว่าปีกคู่หน้า ขณะพับปีกปลายปีกจึงยื่นไปด้านท้าย โดยทั่วไปสีดำหรือน้ำตาลตลอดทั้งตัว ชนิดที่พบบ่อย เช่น ชนิด Modicogryllus confiermatus (Walker) ซึ่งมีสีน้ำตาล, จิ้งหรีดผี หรือ แอ้ด ก็เรียก, โดยปริยายเรียกสิ่งที่มีขนาดเล็กหรือน้ำหนักน้อยกว่าปรกติ เช่น รถถังอ้ายแอ้ด มวยรุ่นอ้ายแอ้ด."
จิ้งเหลน 0,น.,"ชื่อสัตว์เลื้อยคลานหลายชนิดหลายสกุล ในวงศ์ Scincidae หัวค่อนข้างโต ลำตัวยาว เกล็ดเรียบเป็นมันซ้อนกันตั้งแต่คอตลอดลำตัวไปจนถึงขาและหาง หางยาว พวกที่มี ๔ ขา เช่น จิ้งเหลนบ้าน [ Mabuya multifasciata (Kuhl)] จิ้งเหลนลาย [ Lipinia vittigera (Boulenger)] พวกที่ไม่มีขา เรียก จิ้งเหลนด้วง ส่วนใหญ่อาศัยอยู่บนบก หากินตามพื้นดินที่มีกิ่งไม้และใบไม้ปกคลุม กินแมลงและสัตว์ไม่มีกระดูกสันหลังในดิน ชนิดที่อยู่ใต้ผิวดินมีขาเล็กมาก เช่น จิ้งเหลนเรียวขาเล็กหรือเมียงู [ Lygosoma quadrupes (Linn.)], พายัพเรียก จั๊กเล้อ."
จิ้งเหลนด้วง 0,น.,"ชื่อสัตว์เลื้อยคลานจำพวกจิ้งเหลนที่ไม่มีขาหรืออาจมีร่องรอยของขาคู่หลังเหลืออยู่เล็กน้อย ในวงศ์ Dibamidae และวงศ์ Scincidae ลำตัวเรียวยาว ขนาดยาวตั้งแต่ ๗-๒๕ เซนติเมตร เกล็ดลำตัวเรียบ อาศัยอยู่ใต้ผิวดินที่ร่วนซุยหรือเป็นดินปนทรายซึ่งมีซากผุพังของพืชปกคลุม, ในวงศ์ Dibamidae เฉพาะเพศผู้มีร่องรอยของขาคู่หลังเป็นแผ่นแบนให้เห็นเล็กน้อย ที่พบในประเทศไทย ได้แก่ จิ้งเหลนด้วงสีม่วง ( Dibamus alfrediTaylor) ซึ่งพบทางภาคใต้ และจิ้งเหลนด้วงสมศักดิ์ ( D. somsakiHonda, Nabhitabhata, Ota & Hikida) ซึ่งพบที่เขาสอยดาว จังหวัดจันทบุรี ส่วนในวงศ์ Scincidae ไม่มีขาทั้งเพศผู้และเพศเมีย ที่พบในประเทศไทย ได้แก่ ชนิด Isopachys anguinoides (Boulenger) พบที่จังหวัดประจวบคีรีขันธ์, ชนิด I. roulei (Angel) พบที่จังหวัดชลบุรี, ชนิด I. gydenstolpeiLönnberg และ I. borealisLang & Bohme พบทางภาคตะวันตก ชนิด Davewakeum miriamaeHeyer พบที่อำเภอปักธงชัย จังหวัดนครราชสีมา."
จิ้งเหลนด้วงหางลาย 0,น.,"ชื่อสัตว์เลื้อยคลานจำพวกจิ้งเหลน ชนิด Isopachys gyldenstolpei Lönnberg ในวงศ์ Scincidae ปลายปากบนยื่นยาวกว่าปากล่าง ลักษณะแบนกว้างคล้ายจอบ ตัวกลมเป็นมัน สีนํ้าตาลเหลืองลายดำ ไม่มีขา หางสั้น ปลายตัด อาศัยตามดินร่วนหรือดินปนทราย กินตัวอ่อนแมลงและสัตว์ขนาดเล็ก, จิ้งเหลนด้วงหางลาย ก็เรียก."
จิ้งเหลนหางยาว 0,น.,"ชื่อสัตว์เลื้อยคลานชนิด Takydromus sexlineatus (Daudin) ในวงศ์ Lacertidae ลักษณะทั่วไปคล้ายกิ้งก่า ตัวเล็กลำตัวสีน้ำตาลอ่อน ไม่มีลาย ความยาวตั้งแต่หัวจดปลายหางประมาณ ๕๐ เซนติเมตร หางยาวมากประมาณ ๕ เท่าของความยาวลำตัว กินแมลง พบทุกภาคของประเทศไทย ที่เรียกสางห่าเพราะเข้าใจผิดว่ามีพิษร้ายแรงแต่ความจริงเป็นสัตว์ไม่มีพิษ, จิ้งเหลนหางยาว หรือ งูคา ก็เรียก."
จิต 0,น.,"ใจ, สิ่งที่มีหน้าที่รู้ คิดและนึก, (โบ เขียนว่า จิตร), ลักษณนามว่า ดวง."
จิต- 0,น.,"ใจ, สิ่งที่มีหน้าที่รู้ คิดและนึก, (โบ เขียนว่า จิตร), ลักษณนามว่า ดวง."
จิตกาธาน 0,น.,เชิงตะกอน ราชาศัพท์ว่า พระจิตกาธาน.
จิตกึ่งสำนึก 0,น.,ภาวะที่จิตไม่ค่อยรู้สึกตัว เมื่อปลุกอาจรู้สึกตัวดีขึ้น แต่ไม่รู้ตัวเต็มที่.
จิตใจ 0,น.,"ใจ, อารมณ์ทางใจ, (ปาก) กะจิตกะใจ."
จิตต์ 0,น.,จิต.
จิตต- 0,น.,จิต.
จิตตภาวนา 0,น.,การอบรมจิต.
จิตตวิสุทธิ 0,น.,ความหมดจดของจิต คือหมดจดจากกิเลส.
จิตตานุปัสสนา 0,น.,การพิจารณาจิตเป็นอารมณ์เป็นข้อ ๑ ในสติปัฏฐาน ๔.
จิตใต้สำนึก 0,น.,ภาวะของจิตที่ไม่อาจรู้สึกได้ เพราะอยู่ในส่วนลึกของจิตใจ.
จิตนิยม 0,น.,ลัทธิที่เชื่อว่าจิตเท่านั้นเป็นความแท้จริงขั้นสูงสุด วัตถุทั้งหลายเป็นเพียงสิ่งที่จิตคิดขึ้น.
จิตบำบัด 0,น.,วิธีรักษาผู้ป่วยหรือผู้มีปัญหาทางด้านจิตใจด้วยวิธีที่จิตแพทย์หรือนักจิตวิทยาสนทนากับผู้ที่มารับการรักษา เพื่อให้ทราบถึงสาเหตุของโรคหรือปัญหาแล้วหาทางแก้ไข.
จิตแพทย์ 0,น.,แพทย์ผู้รักษาโรคทางจิตใจ ซึ่งมีอาการแสดงความรู้สึก ความคิด อารมณ์ หรือพฤติกรรมที่ผิดปรกติ.
จิตภาพ 0,น.,"ลักษณะทั่วไปของจิตที่แสดงให้เห็นเด่นชัด, บางทีใช้หมายถึงวิสัยสามารถของจิต."
จิตร 0,น.,"การวาดเขียน, การระบายสี, ลวดลาย."
จิตร 1,ว.,"งดงาม, สดใส, ที่เขียนงดงาม."
จิตร- 0,น.,"การวาดเขียน, การระบายสี, ลวดลาย."
จิตร- 1,ว.,"งดงาม, สดใส, ที่เขียนงดงาม."
จิตร 2,น.,"จิต, ใจ."
จิตร- 2,น.,เดือนอันมีพระจันทร์เพ็ญเสวยฤกษ์จิตรา เรียกว่า จิตรมาส คือ เดือน ๕ ตกในราวเดือนเมษายน.
จิตรกร 0,น.,"ช่างวาดเขียน, ช่างวาดภาพ."
จิตรกรรม 0,น.,"ศิลปะประเภทหนึ่งในทัศนศิลป์เกี่ยวกับการเขียนภาพวาดภาพ, รูปภาพที่เขียนหรือวาดขึ้น."
จิตรจุล 0,น.,เต่า.
จิตรปทา 0,น.,ชื่อฉันท์ในวรรณพฤติ.
จิตรลดา 0,น.,"ชื่อกาพย์ชนิดหนึ่ง, คู่กับ มหาจิตรลดา."
จิตรลดา 1,น.,"ดูใน จิตร ๑, จิตร- ๑."
จิตรลดา 2,น.,เครือเถาชนิดหนึ่ง.
จิตรลดาวัน 0,น.,ชื่อสวนของพระอินทร์ ๑ ใน ๔ แห่ง ได้แก่ นันทวัน ปารุสกวัน จิตรลดาวัน และมิสกวัน.
จิตรเลขา 0,น.,รูปภาพลายเส้น.
จิตระ 0,น.,"ดาวฤกษ์ที่ ๑๔ มี ๑ ดวง เห็นเป็นรูปต่อมนํ้าหรือไต้ไฟ เช่น จิตราก็ปรากฏดำบล เสถียรที่สิบสี่หมาย (สรรพสิทธิ์), ดาวต่อมนํ้า ดาวไต้ไฟ ดาวตาจระเข้ หรือ ดาวเสือ ก็เรียก."
จิตรา 0,น.,"ดาวฤกษ์ที่ ๑๔ มี ๑ ดวง เห็นเป็นรูปต่อมนํ้าหรือไต้ไฟ เช่น จิตราก็ปรากฏดำบล เสถียรที่สิบสี่หมาย (สรรพสิทธิ์), ดาวต่อมนํ้า ดาวไต้ไฟ ดาวตาจระเข้ หรือ ดาวเสือ ก็เรียก."
จิตไร้สำนึก 0,น.,ความคิด ความรู้สึก และแรงผลักดัน ซึ่งถูกกดเก็บไว้ภายในจิตใจโดยไม่รู้ตัว แม้จะพยายามนึกอย่างไรก็นึกไม่ออก.
จิตวิทยา 0,น.,"วิชาว่าด้วยจิต, วิทยาศาสตร์แขนงหนึ่งว่าด้วยปรากฏการณ์ พฤติกรรม และกระบวนการของจิต."
จิตวิสัย 0,ว.,"ที่มีอยู่ในจิต, ที่เกี่ยวกับจิต, ที่จิตคิดขึ้นเองโดยไม่อาศัยวัตถุภายนอก, ตรงข้ามกับ วัตถุวิสัย"
จิตวิสัย 1,ว.,"เรียกการสอบแบบที่ให้ผู้ตอบแสดงความคิดเห็น ว่า การสอบแบบจิตวิสัย, อัตนัย ก็ว่า."
จิตเวชศาสตร์ 0,น.,วิชาแพทย์แขนงหนึ่งที่เกี่ยวกับการศึกษาการตรวจรักษาและป้องกันโรคของจิตใจ เช่น โรคประสาท โรคจิต.
จิตสำนึก 0,น.,ภาวะที่จิตตื่นและรู้ตัวสามารถตอบสนองต่อสิ่งเร้าจากประสาทสัมผัสทั้ง ๕ คือ รูป เสียง กลิ่น รส และสิ่งที่สัมผัสได้ด้วยกาย.
จินเจา 0,น.,ชื่อแพรจีนชนิดหนึ่ง มีดอกดวงโต.
จินดา 0,น.,"ความคิด, ความนึก"
จินดา 1,น.,แก้วมีค่า เช่น ทับทรวงดวงกุดั่นจินดาแดง (อิเหนา).
จินดามณี 0,น.,"แก้วอันให้ผลแก่เจ้าของตามใจนึก, แก้วสารพัดนึก"
จินดามณี 1,น.,ชื่อตำราแบบเรียนหนังสือไทยโบราณ เช่น จินดามณีฉบับพระโหราธิบดีแต่งในรัชกาลสมเด็จพระนารายณ์มหาราช จินดามณีฉบับไม่ปรากฏชื่อผู้แต่ง ในรัชกาลสมเด็จพระบรมโกศ จินดามณีฉบับกรมหลวงวงษาธิราชสนิทแต่งในสมัยรัตนโกสินทร์.
จินดามัย 0,ว.,ที่สำเร็จด้วยความคิด.
จินดาหนา 0,น.,ต้นจันทน์.
จินดาหรา 0,ว.,ฉลาด.
จินต์ 0,ก.,คิด.
จินต- 0,ก.,คิด.
จินตกวี 0,น.,กวีผู้มีความสามารถในการแต่งร้อยกรองตามแนวความคิดและจินตนาการของตนเอง.
จินต์จล 0,ก.,"คิดหวั่น, คิดหวาดหวั่น, เช่น ใจปราชญ์ฤๅเฟื่องฟื้นห่อนได้จินต์จล (โลกนิติ)."
จินตนาการ 0,น.,การสร้างภาพขึ้นในจิตใจ.
จินตนิยม 0,น.,ขบวนการในประวัติศาสตร์ของปรัชญาและศิลปะที่เน้นการเป็นตัวของตัวเอง เป็นอิสระจากกฎเกณฑ์และระเบียบการที่ยึดถือกันมา นักปรัชญาและศิลปินของขบวนการนี้ถือว่าอารมณ์ ความรู้สึกสำคัญกว่าเหตุผล
จินตนิยม 1,น.,คตินิยมในการสร้างสรรค์วรรณกรรมหรือศิลปะซึ่งแสดงให้เห็นชีวิตและโลกตามจินตนาการหรือมโนภาพ.
จินตภาพ 0,น.,"ภาพที่เกิดจากความนึกคิดหรือที่คิดว่าควรจะเป็นเช่นนั้น, ภาพลักษณ์ ก็ว่า."
จิบ 0,ก.,"ลิ้ม, ดื่มทีละนิด."
จิบ 1,น.,เครื่องมือจับสัตว์นํ้าชนิดหนึ่ง ใช้เสาหรือไม้ลำปักทางซ้ายและทางขวาเรียงกันเป็นลำดับ แล้วเอาเฝือกขนาบกับเสาทั้ง ๒ ข้างอย่างเดียวกับกะบัง แต่ระหว่างกลางเอาอวนลงกางกั้นให้ปลาเข้าถุงอวน จับเมื่อเวลานํ้าไหลอ่อน ๆ.
จิบ 2,น.,นกกระจิบ.
จิปาถะ 0,ว.,"สารพัด, ไม่เลือกว่าอะไร, ทุกสิ่งทุกอย่าง."
จิโป่ม 0,น.,"ชื่อจิ้งหรีดชนิด Brachytrypes portentosus (Lichtenstein) เป็นจิ้งหรีดที่มีขนาดใหญ่ที่สุด ยาวประมาณ ๔.๕ เซนติเมตร สีน้ำตาลตลอดทั้งตัว, อ้ายโกร่ง หรือ หัวตะกั่ว ก็เรียก, พายัพเรียก จี้กุ่ง หรือ ขี้กุ่ง, อีสานเรียก จิโป่ม จี่นายโม้ จี่ป่ม หรือ จี่โป่ง."
จิ่ม 0,ก.,ล่วงเข้าไปแต่น้อย เช่น ใส่กลอนจิ่มไว้นิดเดียว.
จิ้ม 0,ก.,"จุ่ม, จุ้ม, เช่น จิ้มนํ้าพริก จิ้มหมึก"
จิ้ม 1,ก.,"เอาสิ่งใดสิ่งหนึ่งทิ่มหรือแทงเบา ๆ เช่น จิ้มฟัน, เอาสิ่งใดสิ่งหนึ่งแตะ ๆ เช่น เอามะม่วงจิ้มพริกกะเกลือ."
จิ้มก้อง 0,ก.,"เจริญทางพระราชไมตรีเฉพาะกับประเทศจีน โดยนำพระราชสาส์นและเครื่องราชบรรณาการไปถวายจักรพรรดิตามเวลาที่กำหนด ปรกติ ๓ ปี ต่อครั้ง เช่น แต่งทูตออกไปจิ้มก้อง (พงศ. ร. ๓), (ปาก) โดยปริยายหมายถึงนำสิ่งของเป็นต้นไปกำนัลเพื่อเอาใจ."
จิ้มฟันจระเข้ 0,น.,"ชื่อปลาทะเลและนํ้าจืดทุกชนิดในวงศ์ Syngnathidae ปากยื่นเป็นท่อ ลำตัวยาวเรียวมาก หน้าตัดเป็นเหลี่ยม ผิวหนังเป็นแผ่นแข็งเรียงต่อกันเป็นเหลี่ยมเป็นข้อ ครีบต่าง ๆ มีขนาดเล็ก ครีบท้องไม่มี ตัวผู้ทำหน้าที่ฟักไข่โดยเก็บไข่ไว้บริเวณหน้าท้อง ลำตัวมักมีสีนํ้าตาล อาจมีลายสีเข้มพาดขวาง ที่พบในนํ้าจืดได้แก่ ชนิด Doryichthys boaja (Bleeker) ส่วนในทะเลได้แก่ชนิดในสกุลต่าง ๆ เช่น Doryrhamphus, Corythoichthys, Trachyramphus มีทั้งขนาดเล็กและขนาดใหญ่."
จิ้มลิ้ม 0,ว.,น่ารักน่าเอ็นดู (มักใช้แก่หน้าตาหญิงรุ่นสาว).
จิร- 0,ว.,"นาน, ช้า."
จิรกาล 0,น.,"กาลนาน, เวลาช้านาน."
จิรัฐิติกาล 0,น.,"เวลายั่งยืน, เวลาที่ตั้งอยู่นาน."
จิ๋ว 0,ว.,เล็กมาก.
จี 0,ว.,"ตูม เช่น สงวนมิ่งมาลยจาวจี แกล่กลํ้า (ทวาทศมาส), พายัพว่า จี๋."
จี่ 0,ก.,"เผา, ใช้เข้าคู่กับคำ เผา เป็น เผาจี่, โดยปริยายหมายความว่า ทอดในกระทะที่ทานํ้ามันน้อย ๆ เช่น แป้งจี่."
จี้ 0,น.,เครื่องประดับมีรูปเหลี่ยม กลม หรือรี มักทำด้วยทองคำประดับเพชรพลอยเป็นต้น มีห่วงที่กรอบสำหรับห้อยคอ.
จี๋ 0,ว.,"เร็ว, จัด, เช่น วิ่งจี๋ หมุนจี๋ เร็วจี๋, ยิ่ง เช่น ร้อนจี๋ ปวดจี๋."
จี่ 1,น.,"ชื่อแมลงพวกด้วงหลายชนิดหลายสกุล ในวงศ์ Scarabaeidae หัวแบน ขาแบน ด้านข้างขามีลักษณะเป็นหนามคล้ายฟันเลื่อย ลำตัวยาว ๐.๕-๖.๐ เซนติเมตร ส่วนใหญ่สีน้ำตาลเข้มหรือดำ อาศัยอยู่ตามมูลสัตว์ ปั้นมูลสัตว์เป็นก้อนเพื่อวางไข่ ตัวเต็มวัยเมื่อถูกตัวมักทำเสียงดังฉู่ฉี่ บางครั้งจึงเรียก ตัวฉู่ฉี่หรือด้วงจู้จี้ ชนิดที่พบบ่อย เช่น Onitis subopacusArrow, Onthophagus seniculus Fabricius พบทุกภาค, กุดจี่ที่มีขนาดใหญ่ เช่น กุดจี่ขี้ช้างหรือด้วงขี้ช้าง ( Heliocopris dominus Bates) พบมากในภาคเหนือและภาคอีสาน, จี่ ก็เรียก."
จี้ 1,ก.,"เอานิ้วมือหรือสิ่งของจดหรือแหย่เข้าไป, เอามือแหย่ให้รู้ตัวหรือให้สะดุ้ง"
จี้ 2,ก.,"ติดตามอย่างกระชั้นชิด เช่น วิ่งจี้หลังมา, ติดตามเร่งรัด เช่น จี้ให้ทำงาน"
จี้ 3,ก.,ใช้อาวุธขู่เข็ญบังคับให้ทำตาม.
จี๋ 1,ว.,ตูม.
จี้ 4,น.,ชื่อขนมชนิดหนึ่ง ทำด้วยแป้งข้าวเหนียวผสมแป้งข้าวเจ้านวดกับกะทิแล้วนึ่งให้สุก ปั้นเป็นก้อนกลมแบน หุ้มไส้ที่ทำด้วยน้ำตาลทรายเคี่ยวจนเหนียวผสมงาคั่ว แล้วคลุกนวลแป้งข้าวเจ้าที่คั่วสุก.
จี้ 5,น.,ต้นคนทา. (ดู คนทา).
จี้กุ่ง 0,น.,"ชื่อจิ้งหรีดชนิด Brachytrypes portentosus (Lichtenstein) เป็นจิ้งหรีดที่มีขนาดใหญ่ที่สุด ยาวประมาณ ๔.๕ เซนติเมตร สีน้ำตาลตลอดทั้งตัว, อ้ายโกร่ง หรือ หัวตะกั่ว ก็เรียก, พายัพเรียก จี้กุ่ง หรือ ขี้กุ่ง, อีสานเรียก จิโป่ม จี่นายโม้ จี่ป่ม หรือ จี่โป่ง."
จี๋จ้อ 0,น.,"ชื่อไม้เถาหลายชนิดหลายสกุลในวงศ์ Convolvulaceae เช่น จิงจ้อขาว จิงจ้อเหลี่ยม หรือจี๋จ้อ [ Operculina turpethum (L.) Silva Manso] ลำต้นเป็นเหลี่ยมหรือมีครีบ ดอกสีขาว จิงจ้อใหญ่ จิงจ้อเหลือง หรือจิงจ้อขน [ Merremia vitifolia (Burm. f.) Hallier f.] ลำต้นกลม มีขนมาก ดอกสีเหลือง, ทั้ง ๒ ชนิดรากใช้ทำยาได้."
จี่จู้ 0,น.,นกกางเขนบ้าน. (ดู กางเขน).
จีแจ๊บ 0,น.,นกกางเขนบ้าน. (ดู กางเขน).
จี๊ด 0,ว.,"เล็ก, เล็กมาก."
จี๊ด 1,ว.,"จัด, ยิ่ง, (ใช้แก่รสเปรี้ยวหรืออาการปวดอย่างเสียดแทงคล้ายมีอะไรมาจี้อยู่)."
จีน 0,น.,ชื่อประเทศและชนชาติที่อยู่ในเอเชียตะวันออก มีพรมแดนติดต่อกับมองโกเลีย รัสเซีย เวียดนาม ลาว พม่า ภูฏาน เนปาล อินเดีย คีร์กีซ และคาซัคสถาน มีภาษาพูดและอักษรของตนเองใช้.
จีน 1,น.,คำนำหน้าชื่อเพลงไทยสำเนียงจีน เช่น จีนขวัญอ่อน จีนลั่นถัน จีนขิมเล็ก.
จีนเต็ง 0,น.,หัวหน้าคนงานที่เป็นชาวจีน (ใช้เฉพาะในสถานที่ทำการร่วมกันมาก ๆ เช่น บ่อนหรือโรงสุรายาฝิ่น).
จีนสาวไส้ 0,น.,ชื่อท่ารำแบบหนึ่ง โดยมือข้างหนึ่งจีบหงาย ระดับชายพก มืออีกข้างหนึ่งตั้งวง ระดับชายพก ลำตัวตั้งตรง เอียงศีรษะข้างเดียวกับมือที่ตั้งวง.
จีนแส 0,น.,"หมอ, ครู, ซินแส ก็ว่า."
จีนแส 1,น.,ชื่อเพลงไทย อัตรา ๒ ชั้น ของเก่า หน้าทับปรบไก่.
จีนแสโสกา 0,น.,ชื่อเพลงไทย อัตรา ๒ ชั้น ของเก่า หน้าทับปรบไก่.
จีนฮ่อ 0,น.,"จีนพวกหนึ่งที่มีถิ่นฐานเดิมอยู่ทางตอนใต้ของประเทศจีน มีมณฑลยูนนานเป็นต้น, ฮ่อ ก็เรียก."
จี่นายโม้ 0,น.,"ชื่อจิ้งหรีดชนิด Brachytrypes portentosus (Lichtenstein) เป็นจิ้งหรีดที่มีขนาดใหญ่ที่สุด ยาวประมาณ ๔.๕ เซนติเมตร สีน้ำตาลตลอดทั้งตัว, อ้ายโกร่ง หรือ หัวตะกั่ว ก็เรียก, พายัพเรียก จี้กุ่ง หรือ ขี้กุ่ง, อีสานเรียก จิโป่ม จี่นายโม้ จี่ป่ม หรือ จี่โป่ง."
จีบ 0,ก.,"พับกลับไปกลับมาหรือทำให้ย่นเป็นกลีบเป็นรอย เช่น จีบผ้า, เรียกผ้าที่จีบในลักษณะเช่นนั้น ว่า ผ้าจีบ"
จีบ 1,ก.,เกี้ยวพาราสี.
จีบ 2,น.,ชื่อขนมอย่างหนึ่งทำด้วยแป้ง มีไส้ มีรอยเป็นจีบ ๆ
จีบ 3,น.,เรียกเหล็กแหลมคือลูกชนักสำหรับใช้ในการขี่ช้างตกมัน ว่า พระแสงจีบ
จีบ 4,น.,ลักษณนามเรียกพลูที่ม้วนพันใยฝ้ายแล้ว เช่น พลูจีบหนึ่ง พลู ๒ จีบ.
จีบ 5,น.,พุดจีบ. [ดู พุด (๒)].
จีบนิ้ว 0,ก.,จดนิ้วหัวแม่มือกับนิ้วชี้เข้าด้วยกัน และกางนิ้วอื่น ๆ ออก ใช้ในท่ารำไทยเป็นต้น.
จีบปาก 0,ก.,"พูดอย่างดัดจริต, พูดเชิงประจบประแจง."
จีบปากจีบคอ 0,ก.,"พูดอย่างดัดจริต, พูดเชิงประจบประแจง."
จีบพลู 0,ก.,ม้วนพลูที่ป้ายปูนไว้แล้วให้เป็นรูปกรวย แล้วพันด้วยใยฝ้าย.
จีโบ 0,น.,หมวกโบราณชนิดหนึ่ง ทำด้วยขนสัตว์ ข้าง ๆ ยาวลงมาปกหูกันความหนาว เวลาไม่ใช้ม้วนขึ้น. (ประชุมพงศ. ภาค ๕๐)
จีโบ 1,น.,ชื่อเครื่องถ้วยชาชุดชนิดหนึ่ง.
จี่ป่ม 0,น.,"ชื่อจิ้งหรีดชนิด Brachytrypes portentosus (Lichtenstein) เป็นจิ้งหรีดที่มีขนาดใหญ่ที่สุด ยาวประมาณ ๔.๕ เซนติเมตร สีน้ำตาลตลอดทั้งตัว, อ้ายโกร่ง หรือ หัวตะกั่ว ก็เรียก, พายัพเรียก จี้กุ่ง หรือ ขี้กุ่ง, อีสานเรียก จิโป่ม จี่นายโม้ จี่ป่ม หรือ จี่โป่ง."
จี่โป่ง 0,น.,"ชื่อจิ้งหรีดชนิด Brachytrypes portentosus (Lichtenstein) เป็นจิ้งหรีดที่มีขนาดใหญ่ที่สุด ยาวประมาณ ๔.๕ เซนติเมตร สีน้ำตาลตลอดทั้งตัว, อ้ายโกร่ง หรือ หัวตะกั่ว ก็เรียก, พายัพเรียก จี้กุ่ง หรือ ขี้กุ่ง, อีสานเรียก จิโป่ม จี่นายโม้ จี่ป่ม หรือ จี่โป่ง."
จีพร 0,น.,จีวร.
จีม 0,ก.,เอาลิ่มเสียบแทรกลงไปเพื่อให้แน่นเป็นต้น.
จีรัง 0,ว.,"นาน, ยาวนาน, มักใช้เข้าคู่กับคำ ยั่งยืน เป็น จีรังยั่งยืน เช่น สังขารไม่จีรังยั่งยืน."
จีวร 0,น.,"เครื่องนุ่งห่มของภิกษุสามเณรในพระพุทธศาสนา, ผ้าสำหรับห่มของภิกษุสามเณร, คู่กับ สบง, ภาษาปากเรียก ผ้าเหลือง. [ในพระพุทธศาสนา จีวร ในคำว่า บาตรจีวร หรือ ไตรจีวร หมายเอาผ้าทั้ง ๓ อย่าง คือ ผ้าทาบ (สังฆาฏิ) ผ้าห่ม (จีวร) และผ้านุ่ง (สบง), ในคำว่า สบง จีวร สังฆาฏิ หมายเอาแต่ผ้าห่มอย่างเดียว]."
จีวร- 0,น.,"เครื่องนุ่งห่มของภิกษุสามเณรในพระพุทธศาสนา, ผ้าสำหรับห่มของภิกษุสามเณร, คู่กับ สบง, ภาษาปากเรียก ผ้าเหลือง. [ในพระพุทธศาสนา จีวร ในคำว่า บาตรจีวร หรือ ไตรจีวร หมายเอาผ้าทั้ง ๓ อย่าง คือ ผ้าทาบ (สังฆาฏิ) ผ้าห่ม (จีวร) และผ้านุ่ง (สบง), ในคำว่า สบง จีวร สังฆาฏิ หมายเอาแต่ผ้าห่มอย่างเดียว]."
จีวรกรรม 0,น.,การเตรียมจีวรเพื่อเดินทาง เช่น ซัก สุ ย้อม.
จีวรการสมัย 0,น.,คราวที่พระทำจีวร คือตัดเย็บอยู่.
จีวรกาลสมัย 0,น.,"คราวที่เป็นฤดูถวายจีวร (งวดที่ ๑ ตั้งแต่วันมหาปวารณา คือ วันแรมคํ่าหนึ่งเดือน ๑๑ ถึงวันเพ็ญเดือน ๑๒, งวดที่ ๒ ตั้งแต่วันมหาปวารณาไปจนหมดฤดูหนาว, งวดที่ ๑ เป็นของพระที่มิได้กรานกฐิน, งวดที่ ๒ เป็นของพระที่กรานกฐินแล้ว)."
จีวรทานสมัย 0,น.,สมัยถวายจีวรในจีวรกาล.
จีวรภาชก 0,น.,ผู้แจกจีวร คือ ภิกษุที่สงฆ์สมมุติให้เป็นเจ้าหน้าที่แจกจีวรที่สงฆ์ได้มาให้แก่ภิกษุ.
จี้เส้น 0,ก.,พูดหรือแสดงท่าทางให้เกิดอารมณ์ขัน.
จึง 0,สัน.,"สำหรับต่อความแสดงกิริยาที่กระทำภายหลัง เช่น กินข้าวแล้วจึงไป, แสดงความที่เป็นผลเนื่องจากเหตุข้างหน้า เช่น ทำดีจึงได้ดี."
จึ่ง 0,สัน.,"สำหรับต่อความแสดงกิริยาที่กระทำภายหลัง เช่น กินข้าวแล้วจึงไป, แสดงความที่เป็นผลเนื่องจากเหตุข้างหน้า เช่น ทำดีจึงได้ดี."
จึ้ง 0,น.,เหล็กสำหรับไชรูอย่างหนึ่ง เช่น เกะกะกบไสไชเหล็กจึ้ง (ขุนช้างขุนแผน). (ดิกชนารีไทย).
จืด 0,ว.,มีรสไม่เค็มไม่เปรี้ยวเป็นต้น เช่น นํ้าจืด ไข่จืด
จืด 1,ว.,"ไม่เข้ม เช่น หน้าจืด, ไม่ฝาด เช่น หมากจืด, ไม่ฉุน เช่น ยาจืด"
จืด 2,ว.,"ไม่สนุก, ไม่ครึกครื้น, เช่น งานนี้จืด"
จืด 3,ว.,หมด เช่น อันสมรรถมือผจญ จืดเสี้ยน (ตะเลงพ่าย).
จืดจาง 0,ก.,"คลายลง, เหินห่าง, เช่น ความสัมพันธ์จืดจาง."
จืดชืด 0,ว.,"ไม่มีรสชาติ, ไม่สนุก, เช่น งานเลี้ยงจืดชืด."
จืดตา 0,ว.,"ไม่เข้ม, ไม่เด่น, เบื่อเพราะชินตา."
จื้นเจือก 0,ว.,อย่างเต็มตื้น.
จุ 0,ก.,มีขนาด ปริมาณ หรือจำนวนบรรจุ เช่น ขวดใบนี้จุน้ำได้ ๑ ลิตร ลิฟต์นี้จุคนได้ ๑๐ คน.
จุ 1,ว.,มาก เช่น กินจุ.
จุ 2,ว.,เสียงดังเช่นนั้นอย่างเสียงดูดลมเข้าปากเพื่อดุ ห้าม หรือเตือนเป็นต้น.
จุ ๆ 0,ว.,เสียงดังเช่นนั้นอย่างเสียงดูดลมเข้าปากเพื่อดุ ห้าม หรือเตือนเป็นต้น.
จุก 0,น.,"ผมเด็ก ๆ ที่ขมวดเอาไว้ตรงขม่อม, ผมจุก หรือ หัวจุก ก็เรียก, ราชาศัพท์ว่า พระเมาลี หรือ พระโมลี"
จุก 1,น.,"กลุ่ม, ขมวด, หมวด, (ใช้แก่หัวหอมหัวกระเทียม เรียกว่า จุกหอม จุกกระเทียม)"
จุก 2,น.,ลักษณนามเรียกสิ่งที่มัดรวมกันเป็นจุก เช่น ผูกผม ๒ จุก จุกหอม ๓ จุก.
จุก 3,น.,สิ่งที่ใช้อุดปากขวด.
จุก 4,ก.,อาการที่บังเกิดแน่นอยู่ในอกหรือในท้อง เช่น กินมากจนจุก
จุก 5,ก.,"เอาสิ่งใดสิ่งหนึ่งอุดปากขวดเป็นต้น เช่น เอาไม้ก๊อกจุกปากขวด, ค้างคาอยู่ที่ช่อง เช่น นั่งจุกประตู ลิ้นจุกปาก, ปิด ใช้ในความเช่น หางจุกตูด."
จุก 6,น.,ส้มจุก. (ดู ส้ม ๑).
จุ๊กกรู๊ 0,ว.,"เสียงนกเขาขันคู, กรุกกรู๊ ก็ว่า."
จุกจิก 0,ก.,"รบกวน, กวนใจ, เช่น อย่าจุกจิกนักเลย."
จุกจิก 1,ว.,จู้จี้ เช่น เขาเป็นคนจุกจิก
จุกจิก 2,ว.,"เล็ก ๆ น้อย ๆ, เบ็ดเตล็ดคละกัน, เช่น ในกระเป๋าถือมีแต่ของจุกจิก, กระจุกกระจิก ก็ว่า."
จุกเจ่า 0,ว.,"เซา, นั่งเหงา, นั่งคุดคู้อยู่, เจ่าจุก ก็ว่า."
จุกช่อง 0,ก.,อารักขาพระเจ้าแผ่นดินและพระบรมวงศ์ที่สำคัญ ตามช่องทางเสด็จพระราชดำเนินเมื่อเสด็จไปนอกพระราชวัง โดยจัดเจ้าหน้าที่ให้รักษาการณ์อยู่ตามช่องทาง เช่น ตรอก ซอย ปากคลอง.
จุกช่องล้อมวง 0,ก.,อารักขาพระเจ้าแผ่นดินและพระบรมวงศ์ที่สำคัญในสถานการณ์ต่าง ๆ เพื่อความปลอดภัย. (ดู จุกช่อง และ ล้อมวง ประกอบ).
จุกชี 0,น.,ชุกชี.
จุกผาม 0,น.,"ชื่อโรคชนิดหนึ่ง มีตับและม้ามโต มีไข้คลุมเครือเรื้อรัง คือ ไข้จับสั่นเรื้อรัง, ป้าง ก็เรียก."
จุกผามม้ามย้อย 0,น.,ชื่อโรคเกิดที่ม้ามทำให้ม้ามย้อยลงมา.
จุกพราหมณ์ 0,น.,ชื่อหอยทะเลกาบเดี่ยวชนิด Cymbiola nobilis (Lightfoot) ในวงศ์ Volutidae เปลือกหนา พื้นผิวด้านนอกเรียบสีน้ำตาลอ่อนมีลายเส้นหยักสีนํ้าตาลไหม้เข้ม เปลือกม้วนเป็นวงซ้อนกันปลายยอดเป็นจุกเหมือนมวยผมของพราหมณ์.
จุกยา 0,ก.,เอายาจืดหรือยาฉุนทำเป็นก้อนกลม ๆ จุกไว้ที่มุมปาก.
จุกโรหินี 0,น.,"ชื่อไม้อิงอาศัย ๒ ชนิด ๒ สกุลในวงศ์ Asclepiadaceae เกาะเลื้อยบนต้นไม้ มีนํ้ายางขาว ชนิด Dischidia major (Vahl) Merr. ใบเป็นรูปถุง กลวงใน ออกเป็นกระจุก รากใช้ทำยาได้, พุงปลา หรือ พุงปลาช่อน ก็เรียก, พายัพเรียก กล้วยไม้, อีกชนิดหนึ่งคือ Streptocaulon kleinii Wight et Arn.ใบไม่เป็นถุง เป็นไม้เลื้อย, ขี้เดือน ก็เรียก."
จุ่ง 0,ก.,"จง, คำช่วยกริยาบอกความบังคับหรือความหวัง."
จุ้งจัง 0,น.,"อาหารอย่างหนึ่ง ทำด้วยปลาเล็ก ๆ หมักเกลือกับข้าวคั่ว อย่างเดียวกับปลาจ่อม ใช้เป็นเครื่องจิ้ม, จิงจัง หรือ จิ้งจัง ก็ว่า."
จุ๋งจิ๋ง 0,ก.,"พูดกันเบา ๆ ทำเสียงเล็กเสียงน้อยน่าเอ็นดู, กระจุ๋งกระจิ๋ง ก็ว่า."
จุ๋งจิ๋ง 1,ว.,"อาการที่พูดกันเบา ๆ ทำเสียงเล็กเสียงน้อยน่าเอ็นดู, กระจุ๋งกระจิ๋ง ก็ว่า."
จุใจ 0,ว.,มากจนเป็นที่พอใจ.
จุฑา 0,น.,"จุก, โดยปริยายหมายถึงที่สูงสุดของศีรษะ เช่น ยอด หัว มงกุฎ, จุฬา ก็ว่า."
จุฑาธิปไตย 0,น.,พระเจ้าแผ่นดิน เช่น จงมาประสิทธิวจีพระจุฑาธิปไตย (ปฐมมาลา).
จุฑามณี 0,น.,"ปิ่น, ราชาศัพท์ว่า พระจุฑามณี"
จุฑามณี 1,น.,มวยผมของพระพุทธเจ้า
จุฑามณี 2,น.,"ชื่อพระธาตุเจดีย์บรรจุพระเกศธาตุของพระพุทธเจ้าอยู่ที่ดาวดึงส์ เรียกว่า จุฑามณีเจดีย์, จุฬามณี ก็ว่า."
จุฑามาศ 0,น.,หย่อมผมกลางกระหม่อม.
จุฑารัตน์ 0,น.,เครื่องประดับจุก.
จุณ 0,น.,"จุรณ, จูรณ, ของที่ป่น, ของที่ละเอียด, ผง."
จุณณียบท 0,น.,บทบาลีเล็กน้อย ที่ยกขึ้นแสดงก่อนเนื้อความ.
จุณมหาจุณ 0,น.,"ของที่แหลกละเอียดมาก เช่น แหลกเป็นจุณมหาจุณ แหลกเป็นจุณวิจุณ, จุรณมหาจุรณ หรือ จุรณวิจุรณ ก็ว่า."
จุณวิจุณ 0,น.,"ของที่แหลกละเอียดมาก เช่น แหลกเป็นจุณมหาจุณ แหลกเป็นจุณวิจุณ, จุรณมหาจุรณ หรือ จุรณวิจุรณ ก็ว่า."
จุด 0,น.,รอยหรือแต้มที่มีลักษณะกลม ๆ ปรากฏที่ผิวพื้น
จุด 1,น.,"ขีด, ระดับ, ขั้น, เช่น จุดเดือด จุดเยือกแข็ง, ที่ เช่น จุดหมาย จุดประสงค์"
จุด 2,น.,ประเด็นสำคัญของเรื่องที่พูดหรือถกเถียงกันเป็นต้น เช่น พูดไม่ถูกจุด ตอบไม่ตรงจุด.
จุด 3,ก.,ทำเครื่องหมายเช่นนั้น เช่น เอาปลายดินสอจุดไว้
จุด 4,ก.,ทำให้ไฟติด เช่น จุดบุหรี่ จุดไฟ.
จุดแข็ง 0,น.,"จุดที่เข้มแข็ง, จุดที่ฝ่ายตรงข้ามจะเอาชนะได้ยาก, ตรงข้ามกับ จุดอ่อน."
จุดจบ 0,น.,"วาระสุดท้าย, ตอนสุดท้าย"
จุดจบ 1,น.,ความตาย.
จุดชนวน 0,ก.,"ก่อเหตุ, เป็นต้นเหตุให้เกิดเรื่องอื่นขึ้นต่อไป, เช่น จุดชนวนสงคราม."
จุดเด่น 0,น.,สิ่งที่ปรากฏชัดสะดุดตาหรือสะดุดใจ.
จุดเดือด 0,น.,อุณหภูมิขณะที่ความดันสูงสุดของไอของของเหลวเท่ากับความกดของบรรยากาศ ณ อุณหภูมินี้ ของเหลวจะเปลี่ยนสถานะกลายเป็นไอได้ทั่วทั้งหมด.
จุดไต้ตำตอ 0,ก.,พูดหรือทำสิ่งใดสิ่งหนึ่งบังเอิญไปโดนเอาเจ้าตัวหรือผู้ที่เป็นเจ้าของเรื่องนั้นเข้าโดยผู้พูดหรือผู้ทำไม่รู้ตัว.
จุดทศนิยม 0,น.,จุดที่ใส่หลังจำนวนเต็มและหน้าเศษตามวิธีทำเลขแบบทศนิยม.
จุดน้ำค้าง 0,น.,อุณหภูมิที่ไอนํ้าในอากาศเกิดการอิ่มตัวและเริ่มควบแน่นเป็นหยดนํ้า.
จุดบอด 0,น.,"บริเวณที่เครื่องมือสื่อสารรับสัญญาณได้ไม่ชัด, บริเวณหลังลูกตาที่ไม่รับแสง, บริเวณที่ควรจะมองเห็นแต่ไม่สามารถมองเห็นได้ เช่น ทางโค้งนี้มีจุดบอด ทำให้เกิดอุบัติเหตุรถชนกันบ่อย ๆ, จุดของปัญหาที่ไม่สามารถตัดสินใจหรือแยกแยะได้อย่างชัดเจนอาจจะเนื่องจากขาดความรู้ความเข้าใจอย่างถ่องแท้เป็นต้น, โดยปริยายหมายถึงสภาวะที่ไม่สามารถแก้ปัญหาได้."
จุดประสงค์ 0,น.,"ผลที่ประสงค์ให้บรรลุ เช่น การแข่งขันกีฬาครั้งนี้มีจุดประสงค์เพื่อสร้างความสามัคคีในหมู่คณะ, วัตถุประสงค์ ก็ว่า."
จุดยืน 0,น.,"ความคิดแน่วแน่, ความมั่นคงในหลักการตามความคิดความเชื่อของตน."
จุดยุทธศาสตร์ 0,น.,พื้นที่และสถานที่ตั้งที่มีความสำคัญในทางการเมือง เศรษฐกิจ จิตวิทยา และกำลังรบทางทหารทั้งในยามสงบและยามสงคราม.
จุดเยือกแข็ง 0,น.,"อุณหภูมิที่เกิดภาวะสมดุลระหว่างของแข็งกับของเหลว ณ ความกดมาตรฐาน ๑ บรรยากาศ, อุณหภูมิที่ของเหลวเปลี่ยนสถานะเป็นของแข็ง ณ ความกดมาตรฐาน ๑ บรรยากาศ, (อุณหภูมินี้เป็นอุณหภูมิเดียวกับจุดหลอมเหลวของสารเดียวกัน)."
จุดรวม 0,น.,"จุดกลางซึ่งเป็นที่รวมของคน สิ่งของ หรือความรู้สึกนึกคิดเป็นต้น, จุดศูนย์กลาง ก็ว่า."
จุดลูกน้ำ 0,น.,"เครื่องหมายวรรคตอนรูปดังนี้ , สำหรับคั่นวรรคตอนของข้อความ, จุลภาค ก็เรียก."
จุดศูนย์กลาง 0,น.,"จุดที่อยู่ตรงใจกลางของวงกลมหรือวงรี ซึ่งเป็นจุดกึ่งกลางของคอร์ดทุกเส้นที่ผ่านจุดนั้น, จุดรวม."
จุดศูนย์ถ่วง 0,น.,"จุดซึ่งแนวของนํ้าหนักของก้อนเทหวัตถุนั้นผ่านดิ่งลง ไม่ว่าก้อนเทหวัตถุนั้นจะอยู่ในลักษณะใดก็ตาม, จุดศูนย์กลางของความถ่วง ก็ว่า."
จุดสะเทิน 0,น.,บริเวณเล็ก ๆ ที่เป็นกลาง.
จุดสัมผัส 0,น.,จุดที่เส้นสัมผัสแตะเส้นโค้ง.
จุดหมาย 0,น.,"จุดหรือสภาวะที่ต้องพยายามไปให้ถึง, จุดหรือสภาวะที่ตั้งใจจะให้บรรลุถึง, เช่น การเดินทางครั้งนี้มีจุดหมายที่จังหวัดสุโขทัย คนเรามีความสุขเป็นจุดหมายในชีวิต."
จุดหมายปลายทาง 0,น.,"จุดหรือสภาวะที่ต้องพยายามไปให้ถึง, จุดหรือสภาวะที่ตั้งใจจะให้บรรลุถึง, เช่น การเดินทางครั้งนี้มีจุดหมายที่จังหวัดสุโขทัย คนเรามีความสุขเป็นจุดหมายในชีวิต."
จุดหลอมเหลว 0,น.,"อุณหภูมิที่เกิดภาวะสมดุลระหว่างของแข็งกับของเหลว ณ ความกดมาตรฐาน ๑ บรรยากาศ, อุณหภูมิที่ของแข็งเปลี่ยนสถานะเป็นของเหลว ณ ความกดมาตรฐาน ๑ บรรยากาศ, (อุณหภูมินี้เป็นอุณหภูมิเดียวกับจุดเยือกแข็งของสารเดียวกัน)."
จุดหลัง 0,ก.,เอาเล็บจิกหรือกดตุ่มหรือผื่นที่หลังเพื่อแก้คันเป็นต้น.
จุดเหี่ยวเฉา 0,น.,ขีดขั้นที่กำหนดปริมาณนํ้าในดินน้อยที่สุดเท่าที่พืชจะสามารถนำไปเลี้ยงลำต้นได้โดยไม่เหี่ยวเฉา ถ้ามีปริมาณนํ้าในดินน้อยกว่านั้น พืชจะเหี่ยวเฉาทันที.
จุดอ่อน 0,น.,"จุดอ่อนแอ, จุดที่ฝ่ายตรงข้ามจะเอาชนะได้โดยง่าย, ตรงข้ามกับ จุดแข็ง."
จุดอิ่มตัว 0,น.,ขีดขั้นที่อากาศสามารถรับไอนํ้าไว้ได้เต็มที่ ณ อุณหภูมิใดอุณหภูมิหนึ่ง ถ้าได้รับเกินขีดขั้นนี้ ไอนํ้าที่ได้รับเกินมาจะควบแน่นเป็นหยดนํ้า.
จุติ 0,ก.,"เคลื่อน, เปลี่ยนสภาพจากกำเนิดหนึ่งไปเป็นอีกกำเนิดหนึ่ง, (มักใช้แก่เทวดา)."
จุตูปปาตญาณ 0,น.,"ความรู้ในจุติและเกิดของสัตว์ทั้งหลาย, ทิพยจักษุญาณ ก็เรียก."
จุทสมสุรทิน 0,น.,วันที่ ๑๔ ทางสุริยคติ.
จุทสะ 0,ว.,สิบสี่.
จุน 0,ก.,คํ้าหรือยันเพื่อปะทะปะทังไว้.
จุ่น 0,ว.,ลักษณะสะดือที่โปนออกมา เรียกว่า สะดือจุ่น.
จุ้น 0,น.,ที่รองภาชนะเช่นถ้วยหรือป้าน ทำด้วยไม้หรือกระเบื้องเป็นต้น.
จุ้น 1,ก.,จุ้นจ้าน.
จุ้นจ้าน 0,ก.,"เข้าไปยุ่งเกี่ยวในสถานที่หรือในเรื่องที่ไม่ใช่หน้าที่ของตัวจนน่าเกลียด, (ปาก) จุ้น."
จุนจู๋ 0,ว.,"หดตัวเข้าไปมาก, สั้นมาก ในคำว่า สั้นจุนจู๋, จู๋ ก็ว่า."
จุ้นจู๊ 0,น.,"ผู้จัดการเรือ, หัวหน้าและผู้จัดการเรื่องสินค้าในเรือ."
จุนเจือ 0,ก.,ช่วยเติมสิ่งที่ขาดไป เช่น บริษัทแม่ต้องจุนเจือบริษัทลูก.
จุนทการ 0,น.,ช่างกลึง.
จุนสี 0,น.,"เกลือปรกติชนิดหนึ่ง ชื่อ คิวปริกซัลเฟต (CuSO_4) เมื่อเป็นผลึกมีสูตร CuSO_4.5H_2O ลักษณะเป็นผลึกสีนํ้าเงิน ใช้ประโยชน์ในการชุบทองแดงด้วยไฟฟ้า ใช้เป็นสารฆ่าเชื้อรา ฆ่าลูกนํ้า, คนทั่วไปเข้าใจว่าเกิดจากสนิมทองแดง."
จุบ 0,ก.,"เอาปากดูดโดยเร็วและแรง, อาการที่ปลาทำอย่างนั้น เรียกว่า ปลาจุบ."
จุ๊บ 0,ว.,เสียงอย่างเสียงดูดปาก.
จุ๊บ 1,ก.,"จูบ, ดูด."
จุ๊บ 2,น.,หลอดสำหรับรับของไหลเช่นลมหรือไอนํ้าเป็นต้นให้ผ่านเข้าไป.
จุบจิบ 0,ว.,"อาการที่กินพร่ำเพรื่อทีละเล็กทีละน้อย, บางทีใช้เข้าคู่กับคำ กิน เป็น กินจุบกินจิบ, กระจุบกระจิบ ก็ว่า."
จุ๊บแจง 0,น.,ชื่อหอยทะเลกาบเดี่ยวชนิด Cerithidea obtusa (Lamarck) ในวงศ์ Potamididae เปลือกขรุขระ รูปค่อนข้างยาว ปลายแหลม สีเทาอมดำหรือน้ำตาล.
จุ๊บแจง 1,น.,ชื่อเพลงไทย อัตรา ๒ ชั้น หน้าทับปรบไก่.
จุปาก 0,ก.,ทำเสียงด้วยปากดังจุ ๆ.
จุ่ม 0,ก.,เอาสิ่งใดสิ่งหนึ่งจ่อมลงไปในของเหลวแล้วยกขึ้น เช่น เอาผ้าจุ่มนํ้า.
จุ้ม 0,ก.,เอาสิ่งใดสิ่งหนึ่งชุบหรือจุ่มลงไปในของเหลว เช่น เอาปากกาจุ้มหมึก.
จุ๋มจิ๋ม 0,ว.,"เล็ก ๆ น้อย ๆ น่าเอ็นดู, กระจุ๋มกระจิ๋ม ก็ว่า."
จุมพฏ 0,น.,เสวียน
จุมพฏ 1,น.,"รัดเกล้า, เทริด"
จุมพฏ 2,น.,ของที่เป็นวง.
จุมพรวด 0,น.,"ชื่อปลาน้ำกร่อยหลายชนิดหลายสกุลในวงศ์ Gobiidae เช่น สกุล Boleophthalmus, Pseudapocryptes, Parapocryptes, Periophthalmus ทำรูอยู่ตามป่าชายเลน รูปร่างและพฤติกรรมในการเคลื่อนไหวคล้ายปลากระจัง ขนาดยาวได้ถึง ๓๐ เซนติเมตร ที่พบเสมอได้แก่ ชนิด B. boddarti (Pallas), กำพวด กำพุด ตีน หรือ ตุมพรวด ก็เรียก."
จุมพล 0,น.,"จอมพล, นายทัพ, ผู้เป็นใหญ่กว่าพล."
จุมพิต 0,ก.,จูบ.
จุมโพล่ 0,น.,ฝาปิดช่องบันไดหรือช่องทางขึ้นลงเรือดำน้ำหรือที่ดาดฟ้าเรือ.
จุ้ย 0,ว.,"เล็ก, น้อย, เช่น พระจอมจุ้ย."
จุรณ 0,น.,"ของที่ป่น, ของที่ละเอียด, ผง, เช่น แหลกเป็นจุรณ, โบราณเขียนเป็น จุณ ก็มี."
จุรณมหาจุรณ 0,น.,"ของที่แหลกละเอียดมาก เช่น แหลกเป็นจุรณมหาจุรณ แหลกเป็นจุรณวิจุรณ, โบราณเขียนเป็น จุณมหาจุณ หรือ จุณวิจุณ ก็มี."
จุรณวิจุรณ 0,น.,"ของที่แหลกละเอียดมาก เช่น แหลกเป็นจุรณมหาจุรณ แหลกเป็นจุรณวิจุรณ, โบราณเขียนเป็น จุณมหาจุณ หรือ จุณวิจุณ ก็มี."
จุรี 0,น.,"มีด, หอก, ดาบ."
จุไร 0,น.,"ไรจุก, ไรผม, ราชาศัพท์ว่า พระจุไร."
จุล- 0,ว.,"เล็ก, น้อย, (มักใช้นำหน้าคำสมาส) เช่น จุลศักราช จุลพน."
จุลกฐิน 0,น.,"เรียกพิธีทอดกฐินที่ต้องทำตั้งแต่ปั่นฝ้าย ทอ เย็บ ย้อมผ้ากฐิน และถวายสงฆ์ให้เสร็จในวันเดียว, โดยปริยายหมายความว่า งานที่ต้องทำอย่างชุลมุนวุ่นวายเพื่อให้เสร็จทันเวลาอันจำกัด."
จุลจอมเกล้า 0,น.,ชื่อเครื่องราชอิสริยาภรณ์ตระกูลหนึ่ง สร้างขึ้นครั้งแรกในรัชสมัยพระบาทสมเด็จพระจุลจอมเกล้าเจ้าอยู่หัว.
จุลชีพ 0,น.,สิ่งมีชีวิตขนาดเล็กมาก มองด้วยตาเปล่าไม่เห็น ต้องดูด้วยกล้องจุลทรรศน์ ส่วนมากมีเซลล์เดียว.
จุลชีวัน 0,น.,สิ่งมีชีวิตขนาดเล็กมาก มองด้วยตาเปล่าไม่เห็น ต้องดูด้วยกล้องจุลทรรศน์ ส่วนมากมีเซลล์เดียว.
จุลชีวิน 0,น.,สิ่งมีชีวิตขนาดเล็กมาก มองด้วยตาเปล่าไม่เห็น ต้องดูด้วยกล้องจุลทรรศน์ ส่วนมากมีเซลล์เดียว.
จุลทรรศน์ 0,น.,กล้องขยายดูของเล็กที่ไม่สามารถเห็นได้ด้วยตาเปล่า.
จุลพน 0,น.,ชื่อกัณฑ์ที่ ๖ ของมหาชาติ.
จุลภาค 0,น.,"เครื่องหมายวรรคตอนรูปดังนี้ , สำหรับคั่นวรรคตอนของข้อความ, จุดลูกนํ้า ก็เรียก"
จุลภาค 1,น.,ภาคเล็ก.
จุลวงศ์ 0,น.,ชื่อหนังสือพงศาวดารลังกา แต่งเป็นภาษาบาลีต่อจากมหาวงศ์ ตั้งแต่รัชสมัยพระเจ้าสิริเมฆวรรณจนถึงลังกาถูกอังกฤษยึดครอง.
จุลวรรค 0,น.,ชื่อคัมภีร์ที่ ๔ ในพระวินัยปิฎก
จุลวรรค 1,น.,ชื่อมาตราปักษคณนา คือ ปักษ์ถ้วน ๓ ปักษ์ขาด ๑.
จุลศักราช 0,น.,ศักราชน้อย เริ่มตั้งภายหลังพุทธศักราช ๑๑๘๑ ปี (พุทธศักราชลบด้วย ๑๑๘๑ เท่ากับจุลศักราช).
จุลสาร 0,น.,สิ่งตีพิมพ์ที่บอกเรื่องต่าง ๆ ที่น่าสนใจ ออกมาเป็นคราว ๆ ไม่มีกำหนดเวลาแน่นอน.
จุลอุปรากร 0,น.,ละครประเภทหนึ่ง มีดนตรีเป็นส่วนประกอบสำคัญ ดำเนินเรื่องด้วยการร้องเพลงผสมวงดุริยางค์คล้ายอุปรากรแต่มีบทสนทนา เนื้อเรื่องมีความร่าเริงขบขัน และมักจบลงด้วยความสุข.
จุลินทรีย์ 0,น.,สิ่งมีชีวิตขนาดเล็กมาก มองด้วยตาเปล่าไม่เห็น ต้องดูด้วยกล้องจุลทรรศน์ ส่วนมากมีเซลล์เดียว.
จุฬา 0,น.,"จุก, โดยปริยายหมายถึงที่สูงสุดของศีรษะ เช่น ยอด หัว มงกุฎ, จุฑา ก็ว่า."
จุฬา 1,น.,"ชื่อว่าวชนิดหนึ่ง มีรูปร่าง ๕ แฉก หัวแหลม, คู่กับ ว่าวปักเป้า, ว่าวกุลา ก็เรียก."
จุฬามณี 0,น.,ปิ่น
จุฬามณี 1,น.,มวยผมของพระพุทธเจ้า
จุฬามณี 2,น.,"ชื่อพระธาตุเจดีย์บรรจุพระเกศธาตุของพระพุทธเจ้าอยู่ที่ดาวดึงส์ เรียกว่า จุฬามณีเจดีย์, จุฑามณี ก็ว่า."
จุฬาราชมนตรี 0,น.,ตำแหน่งผู้นำสูงสุดทางด้านการบริหารกิจการมุสลิมในประเทศไทย เป็นที่ปรึกษาทางราชการเกี่ยวกับกิจการมุสลิมทั้งปวง.
จุฬาลักษณ์ 0,ว.,"มีลักษณะเลิศ, โฉมงาม."
จุฬาลัมพา 0,น.,"โกฐจุฬาลัมพา. (ดู โกฐจุฬาลัมพา, โกฐจุฬาลำพา ที่ โกฐ)."
จุฬาลำพา 0,น.,"โกฐจุฬาลัมพา. (ดู โกฐจุฬาลัมพา, โกฐจุฬาลำพา ที่ โกฐ)."
จู 0,น.,ชื่อหมาชนิดหนึ่งตัวเล็ก ๆ ขนยาวปุกปุย เรียกว่า หมาจู.
จู่ 0,ก.,กรากหรือรี่เข้าใส่โดยไม่ให้อีกฝ่ายหนึ่งรู้ตัว
จู่ 1,ก.,"ตรงถึง, ไม่รั้งรอ."
จู๋ 0,ว.,"หดตัวเข้าไปมาก, สั้นมาก ในคำว่า สั้นจู๋, จุนจู๋ ก็ว่า"
จู๋ 1,ว.,อาการที่ห่อปากเข้ามา เช่น ทำปากจู๋.
จู้ 0,น.,"นม, ใช้ว่า นมจู้ เช่น มาฉกชักผ้าห่มชมชู นมจู้เจ้าเณรนี้ราคี (ขุนช้างขุนแผน)."
จู้ 1,ก.,"จี้, จ่อ, ไช."
จู้ 2,น.,"เครื่องดักปลาไหลชนิดหนึ่ง สานด้วยไม้ไผ่ รูปคล้ายหม้อคอสูง มีงาแซงอยู่ริมก้น ห้อยเหยื่อไว้ภายใน, กระจู้ หรือ อีจู้ ก็เรียก."
จู่ ๆ 0,ก.,"ไม่รู้ตัวมาก่อน, โดยกะทันหัน, เช่น จู่ ๆ ฝนก็ตกลงมา."
จูง 0,ก.,พาไปด้วยอาการจับมือหรือจับเชือกเป็นต้น เช่น จูงเด็ก จูงสุนัข จูงควาย.
จูงจมูก 0,ก.,"อาการที่จับเชือกที่สนตะพายจมูกวัวควายแล้วจูงไป, โดยปริยายใช้แก่คนว่า ถูกจูงจมูก หมายความว่า ถูกเขาชักนำไปโดยไม่ใช้ความคิดของตน."
จูงใจ 0,ก.,ชักนำหรือเกลี้ยกล่อมเพื่อให้เห็นคล้อยตาม เช่น พูดจูงใจ.
จูงนางเข้าห้อง 0,น.,ชื่อการเล่นชนิดหนึ่ง ใช้เบี้ยทอดแล้วเดินตามช่องในรูปเป็นวงอย่างก้นหอย.
จูงนางลีลา 0,น.,ชื่อท่ารำชนิดหนึ่งที่ควาญช้างรำเมื่อนำช้างบำรูงาเสร็จครั้งแรกแล้ว.
จูงมือ 0,ก.,จับมือพากันไป.
จู๋จี๋ 0,ก.,"พูดกันเบา ๆ ด้วยอาการสนิทสนม, กระจู๋กระจี๋ ก็ว่า."
จู๋จี๋ 1,ว.,"อาการที่พูดกันเบา ๆ ด้วยความสนิทสนม, กระจู๋กระจี๋ ก็ว่า."
จู้จี้ 0,ก.,"งอแง เช่น เด็กจู้จี้, บ่นจุกจิกรํ่าไร เช่น คนแก่จู้จี้"
จู้จี้ 1,ก.,พิถีพิถันเกินไป เช่น ซื้อของเลือกแล้วเลือกอีกจู้จี้มาก.
จู้จี้ 2,น.,"ชื่อแมลงพวกด้วงหลายชนิดหลายสกุล ในวงศ์ Scarabaeidae หัวแบน ขาแบน ด้านข้างขามีลักษณะเป็นหนามคล้ายฟันเลื่อย ลำตัวยาว ๐.๕-๖.๐ เซนติเมตร ส่วนใหญ่สีน้ำตาลเข้มหรือดำ อาศัยอยู่ตามมูลสัตว์ ปั้นมูลสัตว์เป็นก้อนเพื่อวางไข่ ตัวเต็มวัยเมื่อถูกตัวมักทำเสียงดังฉู่ฉี่ บางครั้งจึงเรียก ตัวฉู่ฉี่หรือด้วงจู้จี้ ชนิดที่พบบ่อย เช่น Onitis subopacusArrow, Onthophagus seniculus Fabricius พบทุกภาค, กุดจี่ที่มีขนาดใหญ่ เช่น กุดจี่ขี้ช้างหรือด้วงขี้ช้าง ( Heliocopris dominus Bates) พบมากในภาคเหนือและภาคอีสาน, จี่ ก็เรียก."
จู่โจม 0,ก.,ตรงเข้าไปถึงตัวอย่างรวดเร็ว เช่น สกัดกั้นทันนางกลางโพยม จู่โจมจับเป็นไม่เข่นฆ่า (รามเกียรติ์ ร. ๒ ตอนนางลอย)
จู่โจม 1,ก.,"เข้ากระทำการโดยไม่ให้รู้ตัว เช่น ตำรวจจู่โจมจับบ่อนพนัน, โจมจู่ ก็ว่า."
จู๊ด 0,ว.,อาการที่พุ่งตัวออกไปโดยเร็ว เช่น วิ่งจู๊ด พุ่งจู๊ด.
จูบ 0,ก.,เอาจมูกสัมผัสสูดแสดงความรักหรือความใคร่.
จูบฝุ่น 0,ก.,หกล้มหน้าควํ่า.
จูรณ 0,น.,"ของที่ป่น, ของที่ละเอียด, ผง, เช่น แหลกเป็นจุรณ, โบราณเขียนเป็น จุณ ก็มี."
จู่ลู่ 0,ก.,"รี่เข้าไปตามทาง (ลู่ ว่า ทาง), ถลันเข้าไป"
จู่ลู่ 1,ก.,"โดยปริยายหมายความว่า วู่วาม, หุนหันพลันแล่น, เช่น อย่าจู่ลู่ดูถูกนะลูกรัก (อภัย), ดูทำนองพระมณีพี่ยา เห็นว่าจะจู่ลู่วู่วาม (มณีพิชัย), เพื่อนกันช่วยฉุดยุดไว้ ผิดไปไม่ได้อย่าจู่ลู่ ตามกรรมตามเวรนางโฉมตรู จู่ลู่จะพากันวุ่นวาย (สังข์ทอง)."
เจ 0,น.,"อาหารที่ไม่ปรุงด้วยเนื้อสัตว์ และผักบางชนิดเช่นกระเทียม กุยช่าย ผักชี, แจ ก็ว่า."
เจ๊ก 0,น.,คำเรียกคนจีน.
เจ๊กตื่นไฟ 0,ว.,ตื่นตกใจและเอะอะโวยวายเกินกว่าเหตุ.
เจ่ง 0,น.,ช้าง.
เจ้ง 0,น.,"เครื่องดนตรีจีนชนิดหนึ่ง มีสายสำหรับดีด คล้ายจะเข้, กู่เจิง หรือ โกวเจ็ง ก็เรียก."
เจ๊ง 0,ก.,เลิกล้มกิจการเพราะหมดทุน
เจ๊ง 1,ก.,สิ้นสุด.
เจ๋ง 0,ว.,"ยอดเยี่ยม, ดีเลิศ."
เจ็ด 0,น.,จำนวนหกบวกหนึ่ง
เจ็ด 1,น.,ชื่อเดือนจันทรคติ เรียกว่า เดือน ๗ ตกในราวเดือนมิถุนายน
เจ็ด 2,น.,"เรียกลูกชายคนที่ ๗ ว่า ลูกเจ็ด, คู่กับ ลูกหญิงคนที่ ๗ ว่า ลูกเอก."
เจ็ดชั่วโคตร 0,น.,วงศ์สกุลที่สืบสายโลหิต ซึ่งนับตั้งแต่ตัวเองขึ้นไป ๓ ชั้น คือ ชั้นพ่อ ชั้นปู่ และชั้นทวด กับนับจากตัวเองลงมาอีก ๓ ชั้น คือ ชั้นลูก ชั้นหลาน และชั้นเหลน รวมเป็นเจ็ดชั่วโคตร ไม่นับผู้หญิงรวมด้วย.
เจ็ดตะคลี 0,น.,"ผ้าลายอย่างดีชนิดหนึ่ง, เขียนเป็น เจตตะคลี หรือ เจ็ตคลี ก็มี."
เจดีย- 0,น.,"สิ่งซึ่งก่อเป็นรูปคล้ายลอมฟาง มียอดแหลม บรรจุสิ่งที่นับถือมีพระธาตุเป็นต้น, สิ่งหรือบุคคลที่เคารพนับถือ."
เจดีย์ 0,น.,"สิ่งซึ่งก่อเป็นรูปคล้ายลอมฟาง มียอดแหลม บรรจุสิ่งที่นับถือมีพระธาตุเป็นต้น, สิ่งหรือบุคคลที่เคารพนับถือ."
เจดีย์ 1,น.,ชื่อหอยทะเลกาบเดี่ยวหลายชนิด ในวงศ์ Turritellidae เปลือกม้วนเป็นวงซ้อนกันเป็นเกลียวสูงหลายชั้น ยอดแหลมคล้ายเจดีย์ มักเป็นสีน้ำตาล เช่น ชนิด Turritella terebra (Linn.).
เจดียฐาน 0,น.,สถานที่เคารพเช่นที่ประดิษฐานพระพุทธปฏิมา พระพุทธบาท พระพุทธฉายา และพระบรมสารีริกธาตุ.
เจดีย์ทิศ 0,น.,เจดีย์บริวารตั้งอยู่บนฐานไพทีหรือลานประทักษิณล้อมเจดีย์ประธาน มี ๔ องค์ เหมือนดังประจำทิศต่าง ๆ ตามคตินิยมทางจักรวาล.
เจดียสถาน 0,น.,สถานที่เคารพเช่นที่ประดิษฐานพระพุทธปฏิมา พระพุทธบาท พระพุทธฉายา และพระบรมสารีริกธาตุ.
เจต 0,น.,"สิ่งที่คิด, ใจ."
เจต- 0,น.,"สิ่งที่คิด, ใจ."
เจตคติ 0,น.,ท่าทีหรือความรู้สึกของบุคคลต่อสิ่งใดสิ่งหนึ่ง.
เจตจำนง 0,น.,"ความตั้งใจมุ่งหมาย, ความจงใจ."
เจตนา 0,ก.,"ตั้งใจ, จงใจ, มุ่งหมาย."
เจตนา 1,น.,"ความตั้งใจ, ความจงใจ, ความมุ่งหมาย."
เจตนารมณ์ 0,น.,ความมุ่งหมาย.
เจตพังคี 0,น.,ชื่อไม้พุ่มชนิด Cladogynos orientalis Zipp. et Span. ในวงศ์ Euphorbiaceae ท้องใบขาว รากใช้ทำยาได้.
เจตภูต 0,น.,"สภาพเป็นผู้คิดอ่าน คือ มนัส, ที่เรียกในภาษาสันสกฤตว่า “อาตมัน” เรียกในภาษาบาลีว่า “อัตตา” ก็มี “ชีโว” ก็มี, มีอยู่ในลัทธิว่า “ในโลกนี้ไม่มีอะไรสูญ แม้คนและสัตว์ตายแล้ว ร่างกายเท่านั้นทรุดโทรมไป ส่วนเจตภูตเป็นธรรมชาติไม่สูญ ย่อมถือปฏิสนธิในกำเนิดอื่นสืบไป”, ลัทธินี้ทางพระพุทธศาสนาจัดเป็นสัสตทิฐิ แปลว่า ความเห็นว่าเที่ยง, ตามสามัญที่เข้าใจกัน เจตภูต คือวิญญาณที่สิงอยู่ในตัวคน กล่าวกันว่าออกจากร่างได้ในเวลานอนหลับ."
เจตมูลเพลิง 0,น.,"ชื่อไม้พุ่มขนาดเล็กหลายชนิดในสกุล Plumbago วงศ์ Plumbaginaceae เช่น เจตมูลเพลิงแดง ( P. indica L.) ดอกสีแดง และ เจตมูลเพลิงขาว ( P. zeylanica L.) ดอกสีขาว, รากของทั้ง ๒ ชนิด มีรสเผ็ดร้อน ใช้ทำยาได้."
เจตมูลเพลิงฝรั่ง 0,น.,"ชื่อไม้พุ่มขนาดเล็กชนิด Plumbago auriculataLam. ในวงศ์ Plumbaginaceae ดอกเป็นช่อสีฟ้าอ่อน, เจตมูลเพลิงฝรั่ง ก็เรียก."
เจตสิก 0,น.,อารมณ์ที่เกิดกับใจ.
เจตสิก 1,ว.,เป็นไปในจิต เช่น สุขหรือทุกข์ที่เกิดในจิต.
เจติย- 0,น.,เจดีย์.
เจโตวิมุติ 0,น.,"ความหลุดพ้นด้วยอำนาจแห่งจิต เป็นโลกุตรธรรมประการหนึ่ง, คู่กับ ปัญญาวิมุติ."
เจน 0,ว.,"คุ้น, ชิน, เช่น เจนตา, ชำนาญ เช่น เจนสังเวียน,จำได้แม่นยำ เช่น เจนทาง."
เจนจบ 0,ว.,"ชำนาญทั่ว, รอบรู้, ได้พบได้เห็นมามาก."
เจนจัด 0,ก.,"สันทัด,ชำนาญ, มีประสบการณ์มาก, จัดเจน ก็ว่า."
เจนใจ 0,ว.,"ขึ้นใจ, แม่นยำในใจ."
เจนเวที 0,ก.,"ขึ้นเวทีมามากแล้ว, โดยปริยายหมายความว่า มีความชำนาญ, ช่ำชอง."
เจนสนาม 0,ก.,"ออกสนามมามากแล้ว, โดยปริยายหมายความว่า มีความชำนาญ, ช่ำชอง."
เจนสังเวียน 0,ก.,"ขึ้นชกบนสังเวียนบ่อย, โดยปริยายหมายความว่า มีความชำนาญ, ช่ำชอง."
เจ็บ 0,ก.,"ป่วยไข้, ราชาศัพท์ว่า ประชวร"
เจ็บ 1,ก.,รู้สึกทางกายเมื่อถูกทุบตีหรือเป็นแผลเป็นต้น.
เจ็บไข้ 0,ก.,"ไม่สบายเพราะโรคหรือความไข้หรือเหตุอื่นที่ทำให้รู้สึกเช่นนั้น, เจ็บไข้ได้ป่วย ก็ว่า, ราชาศัพท์ว่า ทรงพระประชวร หรือ ประชวร."
เจ็บแค้น 0,ก.,ผูกใจเจ็บ.
เจ็บใจ 0,ก.,ชํ้าใจ.
เจ็บช้ำน้ำใจ 0,ก.,"เจ็บใจ, สะเทือนใจ."
เจ็บท้อง 0,ก.,อาการเจ็บท้องเวลาจะคลอดลูก.
เจ็บท้องข้องใจ 0,ก.,"เดือดเนื้อร้อนใจ, เดือดร้อน, ทุกข์เข็ญยากลำบาก."
เจ็บปวด 0,ก.,รู้สึกเจ็บใจเพราะผิดหวัง.
เจ็บป่วย 0,ก.,"ไม่สบายเพราะโรคหรือความไข้หรือเหตุอื่นที่ทำให้รู้สึกเช่นนั้น, เจ็บไข้ได้ป่วย ก็ว่า, ราชาศัพท์ว่า ทรงพระประชวร หรือ ประชวร."
เจ็บร้อน 0,ก.,เป็นเดือดเป็นแค้น.
เจ็บแสบ 0,ก.,รู้สึกเจ็บใจอย่างเผ็ดร้อน.
เจรจา 0,ก.,"พูด, พูดจากัน, พูดจากันเป็นทางการ."
เจริญ 0,ก.,"เติบโต, งอกงาม, ทำให้งอกงาม, เช่น เจริญทางพระราชไมตรี เจริญสัมพันธไมตรี, มากขึ้น"
เจริญ 1,ก.,"ทิ้ง เช่น เจริญยา, จำเริญยา ก็ว่า"
เจริญ 2,ก.,"ตัด เช่น เจริญเกศา, จำเริญเกศา ก็ว่า"
เจริญ 3,ก.,"สาธยาย, สวด, (ในงานมงคล) เช่น เจริญพระพุทธมนต์."
เจริญตาเจริญใจ 0,ว.,"งาม, ต้องตาต้องใจ."
เจริญพร 0,*ก.,เป็นคำเริ่มที่ภิกษุสามเณรพูดกับสุภาพชน และเป็นคำรับ.
เจริญพันธุ์ 0,ว.,มีความสามารถในการสืบพันธุ์และแพร่พันธุ์.
เจริญรอย 0,ก.,ประพฤติ เช่น เจริญรอยตามผู้ใหญ่.
เจริญสมณ-ธรรม 0,ก.,บำเพ็ญสมณธรรม.
เจริญอาหาร 0,ก.,บริโภคอาหารได้มาก.
เจริญอาหาร 1,ว.,ที่ทำให้บริโภคอาหารได้มาก เช่น ยาเจริญอาหาร.
เจริด 0,ว.,"งาม, เชิด, สูง, เช่น ป่านั้นเจริดจรุงใจก็มี (ม. คำหลวง มหาพน)."
เจรียง 0,ก.,"ขับลำ, ขับกล่อม, ร้องเพลง."
เจลียง 0,น.,ชื่อไข้ที่มีอาการจับวันเว้นวัน.
เจว็ด 0,น.,"แผ่นไม้รูปคล้ายใบเสมา เขียนเป็นรูปเทวดาสัปตเคราะห์สำหรับพิธีบูชาพระเคราะห์, แผ่นไม้รูปคล้ายใบเสมา เขียนเป็นรูปพระภูมิชัยมงคล ตั้งประจำศาลพระภูมิ"
เจว็ด 1,น.,โดยปริยายหมายความว่า ผู้ที่ได้รับยกย่องให้เป็นประธานหรือเป็นใหญ่ แต่ไม่มีอำนาจ เช่น ประธานไม่ได้เป็นเจว็ด ต้องมีสิทธิ์พิจารณาเรื่องที่เสนอได้
เจว็ด 2,น.,ใช้ว่า ตระเว็ด หรือ เตว็ด ก็มี.
เจษฎา 0,น.,"ผู้เป็นใหญ่ที่สุด, พี่."
เจษฎา 1,น.,"การเคลื่อนไหวอวัยวะ, การไหวมือและเท้า, ท่ารำ"
เจษฎา 2,น.,"กรรม, การทำด้วยตั้งใจ, การประพฤติ, การตั้งใจทำ, เช่น ภูบาลทุกทวี- ปก็มาด้วยเจษฎา (สมุทรโฆษ)."
เจ๊สัว 0,น.,"คนที่มั่งมี (มักหมายถึงเศรษฐีจีน), เจ้าขรัว หรือ เจ้าสัว ก็เรียก."
เจอ 0,ก.,"พบ, เห็น, ประสบ, ประจวบ."
เจ่อ 0,ก.,อาการที่ปากบวมยื่นออกมาหรือมีลักษณะเช่นนั้น.
เจ๋อ 0,ก.,เสนอหน้าเข้าไปในสถานที่ไม่สมควรเมื่อเขาไม่ต้องการหรือมิได้เรียกหา.
เจ๋อเจ๊อะ 0,ก.,เสนอหน้าเข้าไปในสถานที่ไม่สมควรเมื่อเขาไม่ต้องการหรือมิได้เรียกหา.
เจอร์เมเนียม 0,น.,ธาตุลำดับที่ ๓๒ สัญลักษณ์ Ge เป็นโลหะสีขาว เปราะ หลอมละลายที่ ๙๓๗.๔ ^ºซ. มีสมบัติเป็นกึ่งตัวนำ สารประกอบแมกนีเซียมเจอร์เมเนต ใช้ประโยชน์ในหลอดวาวแสง (fluorescent lamp).
เจอะ 0,ก.,"พบ, เห็น, ประสบ, ประจวบ."
เจา 0,น.,"เรียกลูกชายคนที่ ๙ ว่า ลูกเจา, คู่กับ ลูกหญิงคนที่ ๙ ว่า ลูกเอา."
เจ๊า 0,ก.,"เลิกกันไป, ไม่ได้ไม่เสีย."
เจ่า 0,น.,"อาหารชนิดหนึ่ง ทำด้วยกุ้งหรือปลาประสมด้วยข้าวหมาก เรียกว่า กุ้งเจ่า ปลาเจ่า, ถ้าหลนกับกะทิ เรียกว่า หลนกุ้งเจ่า หลนปลาเจ่า ใช้เป็นเครื่องจิ้ม."
เจ้า 0,น.,"ผู้เป็นใหญ่, ผู้เป็นหัวหน้า, เช่น เจ้านคร"
เจ้า 1,น.,"เชื้อสายของพระมหากษัตริย์นับตั้งแต่ชั้นหม่อมเจ้าขึ้นไป และผู้ได้รับสถาปนาอิสริยยศขึ้นเป็นเจ้า, บางแห่งหมายถึงกษัตริย์ก็มี เช่น เจ้ากรุงจีน"
เจ้า 2,น.,ผู้เป็นเจ้าของ เช่น เจ้าทรัพย์ เจ้าหนี้
เจ้า 3,น.,ผู้ชำนาญ เช่น เจ้าปัญญา เจ้าความคิด เจ้าบทเจ้ากลอน
เจ้า 4,น.,มักใช้เติมท้ายคำเรียกผู้ที่นับถือ เช่น พระพุทธเจ้า เทพเจ้า
เจ้า 5,น.,เทพารักษ์ เช่น เจ้าพ่อหลักเมือง.
เจ่า 1,ว.,"อาการที่เกาะ จับ หรือนั่งอย่างหงอยเหงา เช่น นกจับเจ่า นั่งเจ่า, อยู่ในที่จำกัดไปไหนมาไหนไม่ได้ เช่น นํ้าท่วมต้องนั่งเจ่าอยู่กับบ้าน."
เจ้า 6,ส.,"คำใช้แทนผู้ที่เราพูดด้วย สำหรับผู้ใหญ่พูดกับผู้น้อยอย่างสุภาพหรือเอ็นดู, เป็นสรรพนามบุรุษที่ ๒ เช่น เจ้ามานี่, คำใช้แทนผู้ที่เราพูดถึง, เป็นสรรพนามบุรุษที่ ๓, มักใช้เข้าคู่กับคำ นั่น เป็น เจ้านั่น เช่น เจ้านั่นจะไปด้วยหรือเปล่า."
เจ้า 7,น.,คำนำหน้าชื่อเพื่อแสดงว่าเป็นเชื้อสายเจ้านายฝ่ายเหนือ เช่น เจ้าดวงเดือน
เจ้า 8,น.,คำนำหน้าพระนามของพระอนุวงศ์ชั้นหม่อมเจ้า เช่น เจ้าต๋ง (หม่อมเจ้า... ปราโมช)
เจ้า 9,น.,คำนำหน้าที่ผู้ใหญ่เรียกเด็กหรือผู้น้อย เช่น เจ้าหนู เจ้าแดง เจ้านี่.
เจ้า 10,น.,"ผู้ค้าขายสิ่งของต่าง ๆ เช่น เจ้าผัก เจ้าปลา, ลักษณนามหมายความว่า ราย เช่น มีผู้มาติดต่อ ๓ เจ้า."
เจ้ากรม 0,น.,"หัวหน้ากรมในราชการฝ่ายทหาร, (โบ) หัวหน้ากรมราชการทั้งฝ่ายทหารและพลเรือน เช่น กรมพระแสงสรรพวุธ กรมพระคชบาล กรมราชบัณฑิต, หัวหน้ากรมของเจ้าต่างกรม."
เจ้ากรรม 0,น.,"ผู้เคยมีกรรมมีเวรต่อกันมาแต่ชาติก่อน, เจ้ากรรมนายเวร ก็ว่า."
เจ้ากรรม 1,ว.,ที่ทำให้ผิดหวังหรือได้รับความเดือดร้อน เช่น รถเจ้ากรรมเกิดเสียขึ้นกลางทางเลยไปไม่ทัน เด็กเจ้ากรรมวิ่งมาชนเกือบหกล้ม.
เจ้ากรรม 2,อ.,คำกล่าวแสดงความผิดหวังเพราะเกิดอุบัติเหตุโดยไม่คาดคิดมาก่อนเป็นต้น เช่น เจ้ากรรมแท้ ๆ รถมาเสียเอาตอนฝนตกเสียด้วย.
เจ้ากรรมนายเวร 0,น.,"ผู้เคยมีกรรมมีเวรต่อกันมาแต่ชาติก่อน, เจ้ากรรม ก็ว่า."
เจ้ากระทรวง 0,น.,ผู้บังคับบัญชากระทรวง ได้แก่ รัฐมนตรี และ ปลัดกระทรวง.
เจ้ากี้เจ้าการ 0,น.,ผู้ที่ชอบเข้าไปวุ่นในธุระของคนอื่นซึ่งมิใช่หน้าที่ของตนจนน่ารำคาญ.
เจ้ากู 0,น.,ท่าน (ใช้เรียกพระที่นับถือ).
เจ้าขรัว 0,น.,"คนที่มั่งมี (มักหมายถึงเศรษฐีจีน), เจ๊สัว หรือ เจ้าสัว ก็เรียก."
เจ้าของ 0,น.,ผู้มีกรรมสิทธิ์ในทรัพย์สิน
เจ้าของ 1,น.,ผู้มีสิทธิครอบครอง ใช้สอย เก็บผลประโยชน์ และจำหน่ายทรัพย์สิน.
เจ้าของรวม 0,น.,บุคคลหลายคนซึ่งเป็นเจ้าของร่วมกันในทรัพย์สินอันใดอันหนึ่ง.
เจ้าขา 0,ว.,คำที่ผู้หญิงใช้เรียกหรือขานรับผู้ใหญ่อย่างสุภาพ.
เจ้าข้า 0,ว.,คำของผู้น้อยรับคำของผู้ใหญ่
เจ้าข้า 1,ว.,คำร้องบอกกล่าว.
เจ้าข้าวแดงแกงร้อน 0,น.,ผู้มีบุญคุณที่เคยอุปการะเลี้ยงดูมา.
เจ้าขุนมุลนาย 0,น.,"ผู้บังคับบัญชา, เจ้านาย ก็ว่า."
เจ้าขุนมูลนาย 0,น.,"ผู้บังคับบัญชา, เจ้านาย ก็ว่า."
เจ้าไข้ 0,น.,"เจ้าของคนไข้, ผู้รับผิดชอบในตัวคนไข้."
เจ้าคณะ 0,น.,"หัวหน้าคณะสงฆ์, คำเรียกตำแหน่งผู้ปกครองคณะสงฆ์ระดับตำบล อำเภอ จังหวัด และภาค เป็นต้น ว่า เจ้าคณะตำบล เจ้าคณะอำเภอ เจ้าคณะจังหวัด และเจ้าคณะภาคตามลำดับ."
เจ้าครอก 0,น.,"เจ้าโดยกำเนิดหรือที่สถาปนาขึ้น, เรียกพระราชโอรสและพระราชธิดาชั้นเจ้าฟ้า ว่า เจ้าครอกฟ้า, เรียกพระองค์เจ้า ว่า เจ้าครอก, และเรียกหม่อมเจ้า ว่า ครอก."
เจ้าคะ 0,ว.,คำที่ผู้หญิงใช้เรียกหรือถามผู้ใหญ่อย่างสุภาพ.
เจ้าค่ะ 0,ว.,คำที่ผู้หญิงใช้ขานรับผู้ใหญ่อย่างสุภาพ.
เจ้าคารม 0,น.,ผู้มีฝีปากคมคาย.
เจ้าคุณ 0,น.,บรรดาศักดิ์ฝ่ายในที่ทรงแต่งตั้ง
เจ้าคุณ 1,น.,คำเรียกผู้มีบรรดาศักดิ์ตั้งแต่ชั้นพระยาขึ้นไป
เจ้าคุณ 2,น.,คำเรียกพระภิกษุที่เป็นพระราชาคณะ.
เจ้าคุณจอม 0,น.,เจ้าคุณจอมมารดา.
เจ้าแง่เจ้างอน 0,ว.,มีแง่งอนมาก.
เจ้าแง่แสนงอน 0,ว.,มีแง่งอนมาก.
เจ้าจอม 0,น.,ตำแหน่งภรรยาของพระมหากษัตริย์ ซึ่งไม่มีพระราชโอรสพระราชธิดา
เจ้าจอม 1,น.,ตำแหน่งภรรยาของกรมพระราชวังบวรฯ วังหน้า ในรัชกาลที่ ๑-๕ ซึ่งไม่มีพระราชโอรสพระราชธิดา.
เจ้าจอมมารดา 0,น.,ตำแหน่งภรรยาของพระมหากษัตริย์ ซึ่งมีพระราชโอรสพระราชธิดา
เจ้าจอมมารดา 1,น.,ตำแหน่งภรรยาของกรมพระราชวังบวรฯ วังหน้า ในรัชกาลที่ ๑-๔ ซึ่งมีพระราชโอรสพระราชธิดา
เจ้าจอมมารดา 2,น.,คำเรียกเจ้าขรัวยายของสมเด็จเจ้าฟ้า แต่มิได้เป็นเจ้าจอมมารดาในพระมหากษัตริย์.
เจ้าจำนวน 0,น.,เจ้าหน้าที่เก็บภาษีอากร.
เจ้าจำนำ 0,น.,ผู้ซื้อขายหรือติดต่อกันเป็นประจำ.
เจ่าจุก 0,ว.,"เซา, นั่งเหงา, นั่งคุดคู้อยู่, จุกเจ่า ก็ว่า."
เจ้าชีวิต 0,น.,พระเจ้าแผ่นดิน.
เจ้าชู้ 0,น.,ผู้ใฝ่ในการชู้สาว.
เจ้าชู้ 1,น.,ชื่อหญ้าชนิด Chrysopogon aciculatus (Retz.) Trin. ในวงศ์ Gramineae ผลมักเกาะติดเมื่อผ่านไปถูกเข้า.
เจ้าเซ็น 0,น.,"อิหม่ามฮูเซ็นผู้เป็นหลานตาของพระมะหะหมัด, คนพวกหนึ่งที่ถือศาสนาอิสลาม ซึ่งนับถืออิหม่ามฮูเซ็น"
เจ้าเซ็น 1,น.,"ชื่อเพลงไทยสำเนียงแขก อัตราชั้นเดียวและอัตรา ๒ ชั้น, แขกเจ้าเซ็น ก็เรียก."
เจ้าเซ็นเต้นต้ำบุด 0,น.,ชื่อกลบทชนิดหนึ่ง มีตัวอย่างว่า สุดแค้นแสนคมสมเขาสรวล คำสอนข้อนสั่งข้างสิ่งควร ซํ้าข้อส่วนเข้าแซงแข่งซน.
เจ้าตัว 0,น.,ตัวของผู้ที่ถูกอ้างถึง.
เจ้าต่างกรม 0,น.,"ชื่อไม้เถาชนิด Combretum tetralophum C. B. Clarke ในวงศ์ Combretaceae มักขึ้นในที่นํ้าท่วม เช่น ตามฝั่งนํ้าลำคลอง ใบโดยมากออกรอบข้อ ๒ หรือ ๓ ใบ ใบอ่อนสีม่วงดำ เมื่อแก่เปลี่ยนเป็นสีเขียว ผลมีสันแข็งเป็น ๔ ครีบ, เถาวัลย์กรด ก็เรียก, อีกชนิดหนึ่ง คือ C. trifoliatum Vent. มีลักษณะคล้ายกันมาก แต่ผลมี ๕ ครีบ เช่น กรดกระถินอินจันพรรณไม้ (นิ. อิเหนา), สีเอยเจ้าสีสด เจ้าปลูกต้นกรดไว้ริมท่า (กล่อมเด็ก)."
เจ้าถ้อยหมอความ 0,น.,"ผู้ที่ชอบเอากฎหมายมาอ้าง, ผู้มักใช้โวหารพลิกแพลงไปในทางกฎหมาย."
เจ้าถิ่น 0,น.,"เจ้าของถิ่น, ผู้ชำนาญในเรื่องของท้องถิ่นนั้น ๆ, (ปาก) นักเลงโต."
เจ้าท่า 0,น.,เจ้าพนักงานผู้มีอำนาจหน้าที่ควบคุมและตรวจตราการเดินเรือ การใช้เรือ การจอดเรือ ร่องนํ้า ทางเดินเรือ และกิจการท่าเรือ.
เจ้าที่ 0,น.,"พระภูมิ, มักใช้เข้าคู่กันเป็น พระภูมิเจ้าที่."
เจ้าที่ 1,น.,เทวดารักษาพื้นที่และหนทาง.
เจ้าที่เจ้าทาง 0,น.,เทวดารักษาพื้นที่และหนทาง.
เจ้าทุกข์ 0,น.,"ผู้ที่เสียหายได้รับทุกข์หรือเดือดร้อน, ผู้ที่ไม่มีความสุขใจ."
เจ้าทุกข์ 1,ว.,ที่มีหน้าเศร้าอยู่เสมอ เช่น เด็กคนนี้อาภัพ หน้าตาเจ้าทุกข์.
เจ้าไทย 0,น.,พระสงฆ์
เจ้าไทย 1,น.,เจ้านายชั้นผู้ใหญ่
เจ้าไทย 2,น.,เขียนเป็น เจาไท ก็มี เช่น พ๋องเผ่าพรรนอนนเหงาเจาไทอนนไปสู (จารึกวัดช้างล้อม).
เจ้านาย 0,น.,"เชื้อสายของพระมหากษัตริย์นับตั้งแต่ชั้นหม่อมเจ้าขึ้นไป และผู้ได้รับสถาปนาอิสริยยศขึ้นเป็นเจ้า, เจ้า ก็เรียก"
เจ้านาย 1,น.,"ผู้บังคับบัญชา, เจ้าขุนมุลนาย หรือ เจ้าขุนมูลนาย ก็ว่า."
เจ้าน้ำเงิน 0,น.,ธาตุชนิดหนึ่งคือทังสเตน.
เจ้าเนื้อ 0,ว.,อ้วน.
เจ้าบ้าน 0,น.,ผู้ซึ่งเป็นหัวหน้าซึ่งครอบครองบ้านในฐานะเป็นเจ้าของ ผู้เช่า หรือในฐานะอื่นใด.
เจ้าบ่าว 0,น.,ชายผู้เข้าพิธีแต่งงานกับเจ้าสาว.
เจ้าบุญนายคุณ 0,น.,ผู้มีบุญคุณ.
เจ้าเบี้ย 0,น.,นายเงิน.
เจ้าประคุณ 0,น.,คำเรียกผู้ที่นับถือ และท่านที่เป็นเจ้าบุญนายคุณ.
เจ้าประคุณ 1,ส.,"คำที่ภิกษุสามเณรหรือคฤหัสถ์ใช้เรียกสมเด็จพระราชาคณะ, ใช้เต็มว่า ท่านเจ้าประคุณสมเด็จฯ, เป็นสรรพนามบุรุษที่ ๒."
เจ้าประคู้น 0,น.,"คำเรียกสิ่งศักดิ์สิทธิ์เพื่อขอให้มาช่วยให้สมประสงค์, เป็นคำอุทานแสดงถึงการอ้อนวอน อธิษฐาน บนบาน หรือ สาปแช่ง เป็นต้น."
เจ้าปู่ 0,น.,"ผู้เฒ่าที่คนเคารพนับถือ, ปู่เจ้า ก็ว่า."
เจ้าพนักงาน 0,น.,บุคคลซึ่งได้รับแต่งตั้งตามกฎหมายหรือแต่งตั้งโดยผู้มีอำนาจตามกฎหมายให้ปฏิบัติราชการหรือให้ใช้อำนาจรัฐ.
เจ้าพนักงานบังคับคดี 0,น.,เจ้าพนักงานผู้มีอำนาจตามบทบัญญัติแห่งกฎหมาย ในอันที่จะปฏิบัติตามวิธีการที่บัญญัติไว้ เพื่อคุ้มครองสิทธิของคู่ความในระหว่างการพิจารณา หรือเพื่อบังคับตามคำพิพากษาหรือคำสั่งของศาล.
เจ้าพนักงานพิทักษ์ทรัพย์ 0,น.,บุคคลซึ่งรัฐมนตรีว่าการกระทรวงยุติธรรมแต่งตั้งโดยเฉพาะตัว หรือโดยตำแหน่งหน้าที่ ให้ปฏิบัติหน้าที่พิทักษ์ทรัพย์สิน และจัดการเกี่ยวกับทรัพย์สินของลูกหนี้ในคดีล้มละลาย.
เจ้าพนักงานภูษามาลา 0,น.,"ข้าราชการในราชสำนัก มีหน้าที่ถวายทรงพระเครื่องใหญ่ ถวายพระกลด ถวายสุกำ ทำสุกำ เปลื้องเครื่องสุกำพระบรมศพ พระศพ และเปลื้องเครื่องสุกำศพที่ได้รับพระราชทานโกศ เป็นต้น โบราณมีหน้าที่ถวายเครื่องต้นด้วย, ในกฎหมายตราสามดวง เรียกแยกเป็น พนักงานพระภูษา พนักงานพระมาลา."
เจ้าพนักงานสนมพลเรือน 0,น.,"ข้าราชการในราชสำนัก ทำหน้าที่เกี่ยวกับพิธีศพ ทำสุกำศพหีบ จัดดอกไม้ ดูแลรักษาเครื่องนมัสการ โกศ หีบ เป็นต้น, สนม ก็เรียก."
เจ้าพระคุณ 0,ส.,"คำที่ภิกษุสามเณรหรือคฤหัสถ์ใช้เรียกสมเด็จพระราชาคณะ, ใช้เต็มว่า ท่านเจ้าพระคุณสมเด็จฯ, เป็นสรรพนามบุรุษที่ ๒, ใช้ว่า เจ้าประคุณ ก็มี."
เจ้าพระเดชนายพระคุณ 0,น.,ผู้มีบุญคุณมาก.
เจ้าพระยา 0,น.,บรรดาศักดิ์ข้าราชการผู้ใหญ่ สูงกว่าพระยา ต่ำกว่าสมเด็จเจ้าพระยา เช่น เจ้าพระยาธรรมศักดิ์มนตรี.
เจ้าพระยา 1,น.,ชื่อมะเขือพันธุ์หนึ่งของชนิด Solanum melongena L. ในวงศ์ Solanaceae.
เจ้าพ่อ 0,น.,"เทพารักษ์ผู้คุ้มเกรงถิ่นนั้น ๆ, ผู้เป็นใหญ่หรือมีอิทธิพลในถิ่นนั้น."
เจ้าพ่อหลวง 0,น.,คำที่ชาวไทยภูเขาใช้เรียกพระมหากษัตริย์.
เจ้าพายุ 0,น.,ชื่อตะเกียงชนิดหนึ่งเมื่อเผาไส้แล้วสูบลมให้ดันนํ้ามันเป็นไอขึ้นไปเลี้ยงไส้ทำให้เกิดแสงสว่างนวลจ้า.
เจ้าฟ้า 0,น.,"สกุลยศของพระราชโอรสหรือพระราช-ธิดาที่ประสูติแต่พระมเหสี หรือประสูติแต่พระมารดาที่เป็นพระราชธิดาหรือพระราชนัดดาของพระมหากษัตริย์, สกุลยศของพระราชนัดดาของพระมหากษัตริย์ที่ทั้งพระบิดาและพระมารดาเป็นเจ้าฟ้า"
เจ้าฟ้า 1,น.,เรียกเจ้าผู้ครองแคว้นไทยถิ่นอื่น เช่น เจ้าฟ้าเชียงตุง.
เจ้าฟ้า 2,น.,ชื่อกั้งขนาดกลางชนิด Acanthosquilla sirindhorn Naiyanetr ในวงศ์ Nannosquillidae ลำตัวค่อนข้างแบนสีเหลืองนวล มีแถบสีดำพาดขวางทุกปล้องตลอดความยาวลำตัวและแพนหาง ด้านบนของหางนูนเป็น ๓ ลอน แต่ละลอนมีหนาม ๔-๖ อัน ขุดรูอยู่ตามหาดทรายปนโคลน.
เจ้าฟ้า 3,น.,ชื่อปูน้ำจืดชนิด Phricotelphusa sirindhorn Naiyanetr ในวงศ์ Potamidae กระดองและขาก้ามสีขาว เบ้าตาและขาสีม่วงอมดำ อาศัยอยู่บริเวณน้ำตกตามซอกหินบนภูเขาระดับสูง พบในจังหวัดระนอง ราชบุรี และเพชรบุรี.
เจ้าฟ้าหญิงสิรินธร 0,น.,"ชื่อนกนางแอ่นขนาดเล็กชนิด Pseudochelidon sirintarae Kitti Thonglongya วงศ์ Hirundinidae เป็นชื่อที่ตั้งขึ้นเพื่อเฉลิมพระเกียรติสมเด็จพระเจ้าลูกเธอ เจ้าฟ้าหญิงสิรินธร ลำตัวสีดำเหลือบน้ำเงิน มีแต้มขาวตรงโคนหาง ตาและวงรอบเบ้าตาสีขาว ปากสีเหลือง เฉพาะตัวเต็มวัยขนหางคู่กลางมีแกนขนยื่นยาวออกไปคล้ายเส้นลวด ๒ เส้น เคยพบเฉพาะบริเวณบึงบอระเพ็ด จังหวัดนครสวรรค์, ตาพอง ก็เรียก."
เจ้าภาพ 0,น.,เจ้าของงานพิธีหรือผู้รับเป็นเจ้าของงานพิธี เช่น เจ้าภาพงานแต่งงาน เจ้าภาพสวดพระอภิธรรม
เจ้าภาพ 1,น.,เจ้ามือ เช่น เย็นนี้ฉันขอเป็นเจ้าภาพเลี้ยงข้าวเอง.
เจ้าภาษี 0,น.,ผู้ผูกขาดตัดตอนจากรัฐบาลไปเรียกเก็บภาษีบางอย่างจากราษฎร.
เจ้ามรดก 0,น.,ผู้ตายซึ่งมีทรัพย์มรดกตกทอดแก่ผู้มีสิทธิ.
เจ้ามือ 0,น.,"ผู้ตั้งต้นในวงการพนันเช่นวงไพ่, ผู้รับกินรับใช้ในการเล่นการพนันเช่นถั่ว โป หวย"
เจ้ามือ 1,น.,"ผู้รับออกเงินในการเลี้ยง, เจ้าภาพ ก็ว่า."
เจ้าแม่ 0,น.,"เทพารักษ์ผู้หญิงที่ถือว่าศักดิ์สิทธิ์จะให้ความคุ้มเกรงรักษาได้ เช่น เจ้าแม่ทับทิม, หญิงผู้เป็นใหญ่หรือมีอิทธิพลในถิ่นนั้น."
เจ้าแม่หลวง 0,น.,คำที่ชาวไทยภูเขาใช้เรียกสมเด็จพระบรมราชินีนาถ.
เจ้าไม่มีศาล สมภารไม่มีวัด 0,น.,ผู้ไม่มีที่อยู่เป็นหลักแหล่ง.
เจ้ายศ 0,ว.,ถือยศถือศักดิ์.
เจ้ายศเจ้าอย่าง 0,ว.,ถือยศถือศักดิ์.
เจ้าระเบียบ 0,ว.,"ที่ถือระเบียบอย่างเคร่งครัด, ระเบียบจัด."
เจ้าราชนิกุล 0,น.,"อิสริยยศที่พระราชทานแก่หม่อมราชวงศ์ชายที่รับราชการมีความชอบ อยู่ระหว่างหม่อมเจ้ากับหม่อมราชวงศ์ เช่น หม่อมราโชทัย (หม่อมราชวงศ์กระต่าย อิศรางกูร) หม่อมทวีวงศ์ถวัลยศักดิ์ (หม่อมราชวงศ์เฉลิมลาภ ทวีวงศ์) ถ้าเทียบกับบรรดาศักดิ์ฝ่ายขุนนาง อยู่ระหว่างพระยากับพระ ในสมัยกรุงศรีอยุธยาใช้ว่า เจ้าราชนิกุล ซึ่งรวมทั้งหม่อมเจ้า หม่อมราชวงศ์ ที่สืบสายราชสกุลห่างไกลมาหลายชั้น ตลอดจนพระองค์เจ้าหรือหม่อมเจ้าที่ห่างออกไป เจ้าราชนิกุลนี้ครั้งต้นพระบรมราชจักรีวงศ์ มีคำเรียกว่าคุณว่าหม่อม ต่อมารัชกาลที่ ๔ โปรดให้เปลี่ยนใช้คำว่า หม่อม แทนคำว่า เจ้า, หม่อมราชินิกูล ก็เรียก."
เจ้าราชินิกูล 0,น.,หม่อมราชินิกูล.
เจ้าเรือน 0,น.,นิสัยซึ่งประจำอยู่ในจิตใจ เช่น มีโทสะเป็นเจ้าเรือน
เจ้าเรือน 1,น.,ดาวเจ้าของราศี.
เจ้าเล่ห์ 0,น.,ผู้มีกลอุบายพลิกแพลงต่าง ๆ.
เจ้าเล่ห์เพทุบาย 0,ว.,มีเล่ห์เหลี่ยมเพทุบายมาก.
เจ้าเล่ห์แสนกล 0,ว.,"มีเล่ห์เหลี่ยมกลอุบายมาก, แสนกล ก็ว่า."
เจ้าสังกัด 0,น.,ส่วนราชการที่หน่วยงานย่อยหรือหน่วยงานอื่นสังกัดอยู่ เช่น กระทรวงยุติธรรมเป็นเจ้าสังกัดของกรมราชทัณฑ์ สำนักนายกรัฐมนตรีเป็นเจ้าสังกัดของสำนักงานคณะกรรมการกฤษฎีกา.
เจ้าสัว 0,น.,"คนที่มั่งมี (มักหมายถึงเศรษฐีจีน), เจ๊สัว หรือ เจ้าขรัว ก็เรียก."
เจ้าสามสี 0,น.,"พลอยชนิดหนึ่ง เมื่อโดนแสงอาทิตย์จะมีสีเขียวมรกต เมื่อโดนแสงอื่น ๆ ที่ไม่ใช่แสงอาทิตย์เช่นแสงจากหลอดไฟ จะมีสีแดงแล้วเปลี่ยนเป็นสีม่วง, พลอยสามสี ก็เรียก."
เจ้าสาว 0,น.,หญิงผู้เข้าพิธีแต่งงานกับเจ้าบ่าว.
เจ้าสำนวน 0,น.,ผู้ใช้คารมพลิกแพลง.
เจ้าสำนัก 0,น.,บุคคลผู้ควบคุมและจัดการโรงแรม
เจ้าสำนัก 1,น.,ผู้ควบคุมดูแลสถานที่หรือเคหสถาน.
เจ้าสำบัดสำนวน 0,น.,ผู้ใช้คารมพลิกแพลง.
เจ้าสำราญ 0,ว.,ที่ชอบฟุ้งเฟ้อใช้ชีวิตอย่างสนุกสนานเพลิดเพลิน.
เจ้าหน้า 0,น.,"ผู้ชอบทำเอาหน้า, ผู้ชอบเสนอหน้าเข้าไปทำธุระให้คนอื่นโดยเขาไม่ได้ขอร้อง."
เจ้าหน้าเจ้าตา 0,น.,"ผู้ชอบทำเอาหน้า, ผู้ชอบเสนอหน้าเข้าไปทำธุระให้คนอื่นโดยเขาไม่ได้ขอร้อง."
เจ้าหน้าที่ 0,น.,"ผู้มีหน้าที่, ผู้ปฏิบัติหน้าที่."
เจ้าหน้าที่ของรัฐ 0,น.,ผู้ซึ่งมีอำนาจหน้าที่ปฏิบัติงานให้แก่รัฐหรือในหน่วยงานของรัฐ เช่น ข้าราชการ ลูกจ้าง พนักงานองค์การมหาชน พนักงานรัฐวิสาหกิจ กำนัน ผู้ใหญ่บ้าน กฎหมายบางฉบับก็ขยายไปถึงสมาชิกสภาซึ่งทำหน้าที่นิติบัญญัติด้วย.
เจ้าหนี้ 0,น.,เจ้าของหนี้
เจ้าหนี้ 1,น.,ผู้ขายเชื่อหรือให้กู้ยืมทรัพย์แก่บุคคลซึ่งเรียกว่าลูกหนี้
เจ้าหนี้ 2,น.,บุคคลซึ่งมีมูลหนี้เหนือบุคคลอีกคนหนึ่งซึ่งเรียกว่า ลูกหนี้ และมีสิทธิที่จะเรียกให้ลูกหนี้ชำระหนี้ได้.
เจ้าหนี้บุริมสิทธิ 0,น.,บุคคลผู้ซึ่งมีสิทธิเหนือทรัพย์สินของลูกหนี้ในการที่จะได้รับชำระหนี้อันค้างชำระแก่ตนจากทรัพย์สินนั้นก่อนเจ้าหนี้อื่น ๆ ตามที่กฎหมายกำหนด.
เจ้าหนี้มีประกัน 0,น.,เจ้าหนี้ผู้มีสิทธิเหนือทรัพย์สินของลูกหนี้ในทางจำนอง จำนำ หรือสิทธิยึดหน่วง หรือเจ้าหนี้ผู้มีบุริมสิทธิที่บังคับได้ทำนองเดียวกับผู้รับจำนำ.
เจ้าหนี้ร่วม 0,น.,บุคคลหลายคนซึ่งมีสิทธิเรียกร้องการชำระหนี้โดยแต่ละคนอาจจะเรียกให้ชำระหนี้โดยสิ้นเชิงได้.
เจ้าหมื่น 0,น.,"ตำแหน่งข้าราชการในกรมมหาดเล็ก มี ๔ ตำแหน่ง เดิมเรียกว่า หมื่น เจ้าหมื่น และจมื่น เช่น หมื่นสรรเพธภักดี เจ้าหมื่นไวยวรนารถ ต่อมาในรัชกาลที่ ๔ ตำแหน่งหัวหมื่นทั้งสี่อยู่ภายใต้การดูแลของจางวางกรมมหาดเล็ก, เจ้าพนักงานระดับหนึ่งในกรมมหาดไทยและกรมพระกลาโหม รองจากขุนสูงกว่าหัวพัน เช่น หัวหมื่นทลวงฟัน หัวหมื่นเครื่องต้น (สามดวง)."
เจ้าหลวง 0,น.,เจ้าผู้ครองประเทศราชฝ่ายเหนือ.
เจ้าหล่อน 0,ส.,"คำใช้แทนผู้ที่เราพูดด้วย, เป็นสรรพนามบุรุษที่ ๒, คำใช้แทนผู้ที่เราพูดถึง, เป็นสรรพนามบุรุษที่ ๓, บางทีผู้ใหญ่ใช้แก่ผู้น้อยในบุรุษที่ ๓."
เจ้าหัว 0,น.,ผู้เป็นเจ้าเหนือหัว (ใช้เรียกพระสงฆ์).
เจ้าหัวกู 0,น.,ผู้เป็นเจ้าเหนือหัว (ใช้เรียกพระสงฆ์).
เจ้าอธิการ 0,น.,พระที่ดำรงตำแหน่งเป็นพระอุปัชฌาย์หรือเจ้าคณะตำบลซึ่งไม่มีสมณศักดิ์อย่างอื่น.
เจ้าอารมณ์ 0,ว.,"ที่โกรธง่าย, ที่เอาใจยาก."
เจ้าอาวาส 0,น.,พระภิกษุซึ่งได้รับแต่งตั้งให้ดำรงตำแหน่งผู้ปกครองวัด.
เจาะ 0,ก.,ทำให้เป็นช่องเป็นรู.
เจาะ 1,ก.,"ตั้งใจเฉพาะ, มุ่งไปที่, เช่น นักข่าวเจาะข่าวเรื่องยาเสพติดในโรงเรียน หัวหน้าเจาะจงให้เขาทำงานชิ้นนี้."
เจาะจง 0,ก.,"ตั้งใจเฉพาะ, มุ่งไปที่, เช่น นักข่าวเจาะข่าวเรื่องยาเสพติดในโรงเรียน หัวหน้าเจาะจงให้เขาทำงานชิ้นนี้."
เจาะจมูก 0,ก.,เจาะด้านหัวและท้ายของซุงเป็นรูปสามเหลี่ยมคล้ายจมูกห่างจากหัวไม้ประมาณ ๗๕ เซนติเมตร กว้างประมาณ ๑๒.๕ เซนติเมตร แล้วเอาลวดหรือหวายร้อยเข้ากับคานแพซึ่งเป็นไม้ยาว ๆ ขวางลำกับท่อนซุงเพื่อผูกเป็นแพ.
เจิ่ง 0,ก.,แผ่ไปมากกว่าปรกติ (ใช้แก่นํ้า).
เจิด 0,ว.,เชิดชู.
เจิดจ้า 0,ว.,สว่างสุกใส.
เจิ่น 0,ก.,"เข้าหน้าไม่สนิทเพราะห่างเหินไปนาน เช่น หมู่นี้เขาเจิ่นไป, เจื่อน ก็ว่า."
เจิม 0,ก.,เอาแป้งหอมแต้มเป็นจุด ๆ ที่หน้าผากหรือสิ่งที่ต้องการให้มีสิริมงคล
เจิม 1,ก.,"เสริม, เพิ่ม, เช่น เจิมปากกระทง."
เจิม 2,น.,คิ้ว.
เจีย 0,ก.,ทำให้ผิวโลหะสึก เรียบ โดยวิธีขัดหรือกลึงเป็นต้น.
เจียง 0,น.,เดือนแรกของปีนับทางจันทรคติ คือ เดือนอ้าย.
เจียด 0,น.,ภาชนะชนิดหนึ่งลักษณะคล้ายตะลุ่มมีฝาคล้ายรูปฝาชี เป็นเครื่องยศขุนนางโบราณ สำหรับใส่ของเช่นผ้า มักทำด้วยเงิน.
เจียด 1,ก.,"แบ่งปันแต่น้อย, ขอแบ่งปันบ้าง, เช่น เขามีน้อยขอเจียดเอามาบ้าง."
เจียดยา 0,ก.,ซื้อยาแผนโบราณ.
เจี๋ยน 0,น.,กับข้าวอย่างหนึ่ง มีปลาทอดแล้วปรุงด้วยเครื่องต่าง ๆ เรียกว่า ปลาเจี๋ยน.
เจียน 0,ก.,ตัด ขริบ หรือเฉือนให้ไปตามแนวหรือให้ได้รูปตามที่ต้องการ เช่น เจียนพลู เจียนใบตอง.
เจียน 1,ว.,เกือบ เช่น เหนื่อยเจียนตาย.
เจียนหมาก 0,ก.,ผ่าหมากดิบสดตามยาวเป็นซีก ๆ แล้วใช้มีดเล็กปอกเปลือกชั้นนอกตรงกลางผล ลอกเปลือกถกขึ้นไปเกือบถึงด้านขั้วผล แล้วเจียนเปลือกชั้นในให้ขาดจากเนื้อหมาก แกะเอาเนื้อที่ติดกับเปลือกนอกออกมากินกับพลูที่บ้ายปูน หรือตากให้แห้งเพื่อเก็บไว้กินได้นาน ๆ.
เจี๊ยบ 0,ว.,"จัด, มาก, ยิ่งนัก, เช่น เย็นเจี๊ยบ."
เจี๊ยบ 1,น.,เรียกลูกไก่ตัวเล็ก ๆ ว่า ลูกเจี๊ยบ.
เจี๊ยบ 2,ว.,เสียงร้องของลูกเจี๊ยบ.
เจียม 0,น.,เครื่องลาดลักษณะเหมือนพรม ทำด้วยขนสัตว์ชนิดหนึ่งในจำพวกกวาง มีอยู่ทางเหนือของประเทศจีน.
เจียม 1,ก.,"รู้จักประมาณตัว, ประพฤติตนพอสถานประมาณ, เช่น เจียมเนื้อเจียมตัว."
เจี๋ยมเจี้ยม 0,ว.,วางหน้าไม่สนิทมีอาการเก้อเขิน.
เจียมสังขาร 0,ก.,"รู้จักประมาณร่างกาย, มักใช้ในความปฏิเสธว่า ไม่เจียมสังขาร."
เจียร 0,ว.,"นาน, ช้านาน, ยืนนาน."
เจียร 1,ก.,"จร, ไป, จากไป, เช่น วันเจียรสุดาพินท์ พักเตรศ (ทวาทศมาส)."
เจียระไน 0,ก.,ทำเพชรพลอยหรือแก้วให้เป็นเหลี่ยมหรือรูปตามต้องการแล้วขัดเงา.
เจียระบาด 0,น.,ผ้าคาดเอวชนิดหนึ่ง มีชายห้อยลงที่หน้าขา.
เจียว 0,ก.,"ทอดมันสัตว์เพื่อเอานํ้ามัน เช่น เจียวนํ้ามันหมู, ทอดของบางอย่างด้วยนํ้ามัน เช่น เจียวไข่ เจียวหอม เจียวกระเทียม"
เจียว 1,ก.,แกง.
เจียว 2,ว.,ที่ทอดด้วยนํ้ามัน เช่น ไข่เจียว หอมเจียว กระเทียมเจียว.
เจี๊ยว 0,ก.,"ส่งเสียงดังเซ็งแซ่ก่อให้เกิดความรำคาญ โดยมากเป็นเสียงผู้หญิงหรือเด็ก, เจี๊ยวจ๊าว ก็ว่า"
เจี๊ยว 1,ก.,"ก่อเรื่องวุ่นวาย, เอะอะอาละวาด."
เจี๊ยว 2,ว.,"อาการที่ส่งเสียงดังเซ็งแซ่ก่อให้เกิดความรำคาญ โดยมากเป็นเสียงผู้หญิงหรือเด็ก, เจี๊ยวจ๊าว ก็ว่า."
เจียว 3,ว.,"เชียว, ทีเดียว, อย่างนั้น, แน่นอน."
เจี๊ยว 3,น.,กระเจี๊ยว.
เจี๊ยวจ๊าว 0,ก.,"ส่งเสียงดังเซ็งแซ่ก่อให้เกิดความรำคาญ โดยมากเป็นเสียงผู้หญิงหรือเด็ก, เจี๊ยว ก็ว่า."
เจี๊ยวจ๊าว 1,ว.,"อาการที่ส่งเสียงดังเซ็งแซ่ก่อให้เกิดความรำคาญ โดยมากเป็นเสียงผู้หญิงหรือเด็ก, เจี๊ยว ก็ว่า."
เจือ 0,ก.,เอาส่วนน้อยประสมลงไปในส่วนมากให้ระคนปนกัน ตามปรกติใช้กับของเหลว เช่น เอานํ้าเย็นเจือนํ้าร้อน
เจือ 1,ก.,ผสม เช่น โลหะเจือ.
เจือจาง 0,ว.,"ไม่เข้มข้น, เข้มข้นน้อยลงเพราะเติมตัวทำละลายเช่นนํ้าเพิ่มลงไป, มีตัวทำละลายมาก มีตัวถูกละลายน้อย เช่น สารละลายกรดเจือจาง, (ใช้แก่สารละลาย)."
เจือจาน 0,ก.,แบ่งปันไปช่วยเหลือ เช่น เป็นเพื่อนกันก็เจือจานกันยามยาก.
เจื่อน 0,ก.,"เข้าหน้าไม่สนิทเพราะห่างเหินไปนาน เช่น หมู่นี้เขาเจื่อนไป, เจิ่น ก็ว่า"
เจื่อน 1,ก.,"วางหน้าไม่สนิทเพราะกระดากอายเนื่องจากถูกจับผิดได้เป็นต้น เช่น หน้าเขาเจื่อนไป, เรียกหน้าที่มีลักษณะเช่นนั้น ว่า หน้าเจื่อน."
เจือปน 0,ก.,เอาส่วนน้อยประสมลงในส่วนมากเพื่อให้ระคนปนเป็นอันเดียวกัน.
เจื้อย 0,ว.,เรื่อยไปไม่มีติดขัด เช่น เทศน์เจื้อย พูดเจื้อย แล่นเจื้อย.
เจื้อยแจ้ว 0,ว.,มีเสียงไพเราะทอดยาวติดต่อเรื่อยไปไม่ขาดระยะ.
เจือสม 0,ก.,มีความสอดคล้องหรือสนับสนุนให้น่าเชื่อ เช่น คำให้การของพยานโจทก์กับพยานจำเลยเจือสมกัน.
แจ้ 0,น.,"ชื่อไก่ซึ่งคัดเลือกสายพันธุ์มาจากไก่ [ Gallus gallus (Linn.)] ตัวเล็กเตี้ย สั้น กลม หลังสั้นกว้าง หัวใหญ่ หงอนใหญ่ตั้งตรงมี ๕ หยัก เหนียงใหญ่กลม ห้อยลงทาบข้างคอ จะงอยปากแข็งแรง โค้งลงเล็กน้อย ตาและติ่งหูใหญ่ คอสั้น ปีกใหญ่ยาว ปลายปีกชี้จดพื้นดิน หางพัดใหญ่ กางแผ่ออกตั้งชี้ขึ้น ขาสั้น แข้งไม่มีขน นิ้วตีนเล็ก ตรง, ไก่เตี้ย ก็เรียก."
แจ้ 1,ว.,"ลักษณะของต้นไม้เตี้ย ๆ ที่มีกิ่งทอดแผ่ออกไปโดยรอบ, โดยปริยายหมายถึงสิ่งอื่นที่มีลักษณะคล้ายคลึงเช่นนั้น เช่น เรือนทรงแจ้."
แจ๋ 0,ว.,จัด (ใช้แก่สีแดงหรือแสงแดด) เช่น แดงแจ๋ แดดแจ๋.
แจ 0,ว.,"กระชั้นชิด, ไม่คลาด, ไม่ห่าง, (ใช้ในอาการที่คุมหรือติดตาม) เช่น คุมแจ ตามแจ."
แจ 1,น.,"อาหารที่ไม่ปรุงด้วยเนื้อสัตว์ และผักบางชนิดเช่นกระเทียม กุยช่าย ผักชี, เจ ก็ว่า."
แจก 0,ก.,แบ่งหรือปันให้แก่คนหลาย ๆ คน เช่น แจกเสื้อผ้า แจกสตางค์
แจก 1,ก.,"กระจายออก, แยกออก, เช่น แจกออกเป็นแม่ ก กา."
แจกจ่าย 0,ก.,แบ่งปันให้ไปทั่ว ๆ.
แจกแจง 0,ก.,"อธิบายขยายความออกไป, อธิบายแสดงรายละเอียด."
แจกไพ่ 0,ก.,แบ่งไพ่ให้แก่ผู้เล่นทุกคนตามกำหนดกฎเกณฑ์.
แจกัน 0,น.,ภาชนะสำหรับปักดอกไม้ตั้งเครื่องบูชาหรือประดับสถานที่ มักมีรูปคล้ายขวดปากบาน.
แจ่ง 0,น.,มุม.
แจ้ง 0,ก.,"แสดงให้รู้, บอกให้รู้, เช่น แจ้งความประสงค์."
แจ้ง 1,ว.,"กระจ่าง, สว่าง, ชัด, เช่น แจ้งใจ."
แจง 0,น.,ชื่อไม้ต้นขนาดเล็กชนิด Maerua siamensis (Kurz) Pax ในวงศ์ Capparaceae ลำต้นเกลี้ยง เปลือกสีเทาดำ เรือนยอดเป็นพุ่มทึบ ผลกลมรี สุกสีเหลือง.
แจง 1,ก.,"กระจายออกเป็นส่วน ๆ เช่น แจงเบี้ย แจงถั่ว, พูดหรือเขียนขยายความออกไป ในคำว่า ชี้แจง."
แจง 2,น.,เรียกเทศน์สังคายนา ว่า เทศน์แจง.
แจง 3,น.,มุม.
แจ้งความ 0,ก.,"บอกให้ทราบความ, แจ้งเหตุต่อเจ้าพนักงาน."
แจงรูป 0,น.,"วิธีเอาเถ้าถ่านและกระดูกศพที่เผาเสร็จแล้วบนกองฟอนมาเรียงลำดับเป็นอย่างรูปคน ให้หัวอยู่ทางทิศตะวันตกแล้วหันกลับมาทางทิศตะวันออก, แปรรูป หรือ แปรธาตุ ก็ว่า."
แจงลอน 0,น.,"ปลาหรือเนื้อโขลกปั้นเป็นก้อนหรือเป็นแผ่นเคี่ยวกับนํ้ากะทิ สำหรับกินกับขนมจีนซาวนํ้า, บางทีใช้โขลกปลาปั้นเป็นก้อนเสียบไม้ปิ้งไฟ เรียกว่า แจงลอนแห้ง, จังลอน ก็ว่า."
แจงสี่เบี้ย 0,ก.,อธิบายละเอียดชัดแจ้ง.
แจจน 0,ว.,"เบียดเสียดกัน, ยัดเยียดกัน, แน่นกัน, อัดแอ, มากนัก"
แจจน 1,ว.,"อึกทึก, อึง."
แจจัน 0,ว.,"เบียดเสียดกัน, ยัดเยียดกัน, แน่นกัน, อัดแอ, มากนัก"
แจจัน 1,ว.,"อึกทึก, อึง."
แจ๊ด 0,ว.,"จัด, ยิ่ง, ในคำว่า แดงแจ๊ด."
แจดแจ้ 0,ว.,มีกิริยาวาจาจุ้นจ้านเกินพอดี.
แจ๊ดแจ๋ 0,ว.,มีกิริยาวาจาจุ้นจ้านเกินพอดี.
แจตร 0,น.,เดือน ๕ ตามจันทรคติ.
แจ้น 0,ก.,รีบไปหา (มักใช้ในทางไม่ดี) เช่น แจ้นไปหา แจ้นไปฟ้องครู แจ้นมาแต่เช้า.
แจ้น 1,ว.,อาการที่วิ่งเร็ว เช่น วิ่งแจ้น.
แจบ 0,ก.,สนิท
แจบ 1,ก.,"แจ้ง, ชัด."
แจ่ม 0,ว.,"กระจ่าง, ไม่มัวหมอง."
แจ่มแจ้ง 0,ว.,"กระจ่างชัด, แจ่มกระจ่าง."
แจ่มใส 0,น.,"ปลอดโปร่งไม่ขุ่นมัว เช่น อารมณ์แจ่มใส, โปร่ง เช่น อากาศแจ่มใส."
แจร 0,น.,ต้นแคแตร เช่น แคแจรเจริญจราว (ม. คำหลวง จุลพน).
แจรก 0,ก.,"แจก, แตกออก, กระจายออก, แยกออก."
แจรง 0,ก.,"แจง, กระจายออก, ขยายออก, เช่น ดอกไม้งามเงื่อนแต้ม แชรงยอดแย้มผกาแจรง (ม. คำหลวง จุลพน)."
แจว 0,น.,เครื่องมือสำหรับพุ้ยนํ้าให้เรือเคลื่อนไป ลักษณะคล้ายพาย แต่ด้ามยาวเรียว โคนด้ามมีที่จับเรียกว่า หมวกแจว มีหูแจวคล้องแจวเข้ากับหลักแจวซึ่งปักอยู่ที่ไม้กระดานเรียกว่า เต่า.
แจว 1,ก.,เอาแจวพุ้ยนํ้าให้เรือเคลื่อนไป
แจว 2,ก.,รีบหนีไป เช่น แจวอ้าว.
แจ่ว 0,น.,เครื่องจิ้มชนิดหนึ่ง ทำด้วยนํ้าปลาร้าหรือน้ำปลาใส่พริกป่น.
แจ้ว 0,ว.,"มีเสียงแจ่มใส เช่น ไก่ขันแจ้ว, มีเสียงดังติดต่อกันไปเป็นระยะ ๆ เช่น พูดแจ้ว ๆ."
แจ๋ว 0,ว.,"มีเสียงดังกังวานแจ่มชัด, ใสมาก, เช่น นํ้าใสแจ๋ว"
แจ๋ว 1,ว.,ดีเยี่ยม เช่น ปาฐกถาวันนี้แจ๋ว.
แจ้ว ๆ 0,ว.,"มีเสียงแจ่มใส เช่น ไก่ขันแจ้ว, มีเสียงดังติดต่อกันไปเป็นระยะ ๆ เช่น พูดแจ้ว ๆ."
แจ๋วแหวว 0,ว.,มีประกายสดใส.
แจะ 0,ก.,"แตะ, กระทบ, ประกบกัน, (ใช้เฉพาะการเล่นอย่างเล่นโยนหลุม โดยโยนสตางค์หรือเบี้ยให้ไปแตะหรือประกบกัน), ภาษาปากใช้ว่า กบแจะ ก็มี"
แจะ 1,ก.,แตะต้อง เช่น มือไปแจะหน้าขนม.
แจะ 2,ว.,เสียงดังเช่นนั้น เช่น เคี้ยวหมากแจะ ๆ.
โจก 0,น.,หัวหน้า (มักใช้ในทางไม่สู้ดี).
โจ๊ก 0,น.,ข้าวต้มชนิดหนึ่งที่ใช้ปลายข้าวต้มจนเละ.
โจ๊ก 1,ว.,มีนํ้ามากเกินส่วน (ใช้แก่นํ้าแกง) เช่น น้ำแกงใสโจ๊ก
โจ๊ก 2,ว.,เสียงดังอย่างเสียงนํ้าไหล.
โจ๊ก 3,น.,ไพ่ตัวพิเศษจะใช้แทนตัวไหนก็ได้ตามที่ต้องการ.
โจ๊ก 4,น.,ตัวตลก. (อ. joker)
โจ๊ก 5,น.,เรื่องตลก.
โจ๊ก 6,ว.,ตลกขบขัน.
โจง 0,ก.,"โยงขึ้น, รั้งขึ้น."
โจงกระเบน 0,ก.,"ม้วนชายผ้านุ่งแล้วสอดไปใต้หว่างขา ดึงขึ้นไปเหน็บขอบผ้านุ่งด้านหลังระดับบั้นเอว, เรียกวิธีนุ่งผ้าเช่นนั้น ว่า นุ่งผ้าโจงกระเบน."
โจงกระเบนตีเหล็ก 0,น.,ชื่อท่ารำแบบหนึ่ง โดยมือข้างหนึ่งจีบหงาย ระดับแง่ศีรษะ มืออีกข้างหนึ่งแบมือหงาย งอข้อศอก ระดับข้างลำตัว เอียงศีรษะข้างเดียวกับมือต่ำ.
โจ่งครึ่ม 0,ว.,"ลักษณะเสียงอย่างหนึ่งคล้ายกับเสียงกลองแขกดัง เลยหมายความเลือนไปถึงทำการสิ่งไร ๆ ที่เป็นการเปิดเผย, อย่างเปิดเผย, อย่างโจ่งแจ้ง, อย่างไม่เกรงกลัวใคร."
โจ๋งครึ่ม 0,ว.,"ลักษณะเสียงอย่างหนึ่งคล้ายกับเสียงกลองแขกดัง เลยหมายความเลือนไปถึงทำการสิ่งไร ๆ ที่เป็นการเปิดเผย, อย่างเปิดเผย, อย่างโจ่งแจ้ง, อย่างไม่เกรงกลัวใคร."
โจ่งครุ่ม 0,ว.,"ลักษณะเสียงอย่างหนึ่งคล้ายกับเสียงกลองแขกดัง เลยหมายความเลือนไปถึงทำการสิ่งไร ๆ ที่เป็นการเปิดเผย, อย่างเปิดเผย, อย่างโจ่งแจ้ง, อย่างไม่เกรงกลัวใคร."
โจงโคร่ง 0,น.,"ชื่อสัตว์สะเทินนํ้าสะเทินบกชนิด Bufo asper Gravenhorst ในวงศ์ Bufonidae เป็นคางคกที่ใหญ่ที่สุดในประเทศไทย ผิวหนังเป็นตุ่มขรุขระทั่วตัว ตุ่มที่หลังมีขนาดใหญ่ ส่วนใหญ่ลำตัวสีน้ำตาลดำและน้ำตาลเหลือง ท้องสีขาวหม่นบางตัวมีจุดสีแดงเล็ก ๆ ยางขาวมีฤทธิ์ทำให้มึนเมา อาศัยในป่าบริเวณริมลำธารหรือน้ำตก, กระทาหอง กระหอง หรือ กง ก็เรียก."
โจ๋งเจ๋ง 0,ว.,ใสมีแต่นํ้า เช่น น้ำแกงใสโจ๋งเจ๋ง.
โจ่งแจ้ง 0,ว.,"อย่างเปิดเผย, ไม่ปิดบัง, เช่น เขาแสดงอย่างโจ่งแจ้ง."
โจท 0,ก.,ฟ้อง เช่น ทาสโจทเจ้าว่ามิได้เปนทาสก็ดีว่าได้ส่งเงินค่าตัวแล้วก็ดี (สามดวง).
โจทก์ 0,น.,บุคคลผู้ฟ้องคดีต่อศาล
โจทก์ 1,น.,พนักงานอัยการ หรือผู้เสียหายซึ่งฟ้องคดีอาญาต่อศาลหรือทั้งคู่ในเมื่อพนักงานอัยการและผู้เสียหายเป็นโจทก์ร่วมกัน
โจทก์ 2,น.,ผู้กล่าวหา. (เดิมเขียนเป็นโจทย์).
โจทเจ้า 0,ก.,เอาความผิดของเจ้าไปโพนทะนา
โจทเจ้า 1,ก.,เอาใจออกหาก.
โจทนา 0,น.,"การทักท้วง, การฟ้องหา"
โจทนา 1,น.,คำฟ้องหา.
โจทย์ 0,น.,"คำถามในวิชาคณิตศาสตร์, โดยปริยายใช้หมายถึงสิ่งที่คล้ายคลึงเช่นนั้น เช่น ปัญหานี้เป็นโจทย์ที่รัฐบาลแก้ไม่ตก."
โจน 0,ก.,"พุ่งตัวลงไปโดยเร็ว เช่น โจนนํ้า, เผ่นข้ามไป เช่น โจนข้ามท้องร่อง, กระโดดไปโดยเร็ว เช่น โจนไปที่ประตู, กระโจน ก็ว่า, โดยปริยายหมายถึงอาการคล้ายคลึงเช่นนั้น เช่น นํ้าโจน บันไดปลาโจน."
โจนร่ม 0,น.,การเล่นชนิดหนึ่ง เช่น มีการมหรสพสมโภชต่าง ๆ และมีโจนร่มด้วย (พงศ. เลขา).
โจม 0,น.,สิ่งที่ตามปรกติมียอดเป็นลอมอย่างซุ้ม ใช้เป็นเครื่องกำบังแดดลมเป็นต้น
โจม 1,น.,กูบที่มีด้านเปิดโล่ง ๔ ด้าน
โจม 2,น.,กระโจม ก็ว่า.
โจม 3,ก.,"โถมเข้าไป, กระโดดเข้าไป, เช่น โจมจับ โจมฟัน."
โจมจับ 0,น.,"ชื่อช้างศึกพวกหนึ่ง มีหน้าที่เข้าโจมตีข้าศึก, ช้างโจมทัพ ก็เรียก."
โจมจู่ 0,ก.,"เข้ากระทำการโดยไม่ให้รู้ตัว, จู่โจม ก็ว่า."
โจมตี 0,ก.,"ใช้กำลังบุกเข้าตี เช่น โจมตีข้าศึก, โดยปริยายหมายความว่า พูดหรือเขียนว่าหรือกล่าวหาผู้อื่นอย่างรุนแรง เช่น ๒ พรรคการเมืองโจมตีกันและกัน หนังสือพิมพ์โจมตีผู้บริหารที่ทุจริต."
โจมทัพ 0,น.,"ชื่อช้างศึกพวกหนึ่ง มีหน้าที่เข้าโจมตีข้าศึก, ช้างโจมจับ ก็เรียก."
โจมทัพ 1,ก.,เข้าตีกองทัพ.
โจร- 0,น.,ผู้ร้ายที่ลักขโมยหรือปล้นสะดมทรัพย์สินผู้อื่นเป็นต้น.
โจร 0,น.,ผู้ร้ายที่ลักขโมยหรือปล้นสะดมทรัพย์สินผู้อื่นเป็นต้น.
โจร 1,น.,ชื่อโรคซางชนิดหนึ่ง เรียกว่า ซางโจร.
โจรกรรม 0,น.,"การลัก, การขโมย, การปล้น."
โจรสลัด 0,น.,โจรที่ปล้นเรือในทะเล.
โจล 0,น.,"ผ้า, ท่อนผ้า, เช่น บริขารโจล."
โจษ 0,ก.,"พูดอึง, พูดกันเซ็งแซ่, เล่าลือกันอื้ออึง, จรรโจษ หรือ จันโจษ ก็ใช้."
โจษจน 0,ก.,"พูดอึง, เล่าลือกันอื้ออึง."
โจษจัน 0,ก.,"พูดอึง, พูดกันเซ็งแซ่, เล่าลือกันอื้ออึง, จรรโจษ หรือ จันโจษ ก็ใช้."
โจษแจ 0,ก.,"พูดอึง, เล่าลือกันอื้ออึง."
ใจ 0,น.,"สิ่งที่ทำหน้าที่รู้ รู้สึก นึก และคิด เช่น ใจก็คิดว่าอย่างนั้น, หัวใจ เช่น ใจเต้น, ลมหายใจ เช่น กลั้นใจ อึดใจ หายใจ, ความรู้สึกนึกคิด เช่น ใจคด ใจซื่อ"
ใจ 1,น.,"จุดสำคัญของบางสิ่งบางอย่าง เช่น ใจมือ, บริเวณที่ถือว่าเป็นจุดสำคัญของสถานที่ เช่น ใจบ้านใจเมือง."
ใจกลาง 0,น.,ศูนย์กลาง.
ใจกว้าง 0,ว.,มีความเอื้อเฟื้อเผื่อแผ่.
ใจขาด 0,ว.,จนสุดความสามารถ เช่น สู้ใจขาด.
ใจขุ่น 0,ว.,มีใจไม่ผ่องใส.
ใจแข็ง 0,ว.,"ไม่ยอมง่าย ๆ, ไม่รู้สึกสงสาร, อดกลั้นความเจ็บปวดหรือทุกข์โศกไว้ได้."
ใจความ 0,น.,"ส่วนสำคัญของเรื่อง, ตรงข้ามกับ พลความ."
ใจคอ 0,น.,"จิตใจ, อัธยาศัย, อารมณ์, บางทีใช้ในทางร้ายก็มี เช่น ใจคอจะทิ้งบ้านทิ้งช่องไปได้หรือ."
ใจแคบ 0,ว.,ไม่คิดเอื้อเฟื้อเผื่อแผ่ใคร ๆ.
ใจง่าย 0,ว.,"เชื่อง่าย, ยินยอมง่าย."
ใจจดใจจ่อ 0,ว.,"มุ่งอยู่, เป็นห่วงอยู่."
ใจจืด 0,ว.,ไม่มีแก่ใจเอื้อเฟื้อใคร.
ใจเฉื่อย 0,ว.,"มีอารมณ์เฉื่อยชา, ไม่กระตือรือร้น."
ใจชื้น 0,ว.,"รู้สึกเบาใจ, มีหวังขึ้น, ไม่เดือดร้อน."
ใจดำ 0,ว.,"เห็นแก่ตัว, ไม่เอื้อเฟื้อใคร, ขาดกรุณา."
ใจดำ 1,น.,ความในใจ เช่น พูดถูกใจดำ แทงใจดำ
ใจดำ 2,น.,จุดดำที่อยู่กลางเป้า.
ใจดี 0,ว.,"มีใจเมตตากรุณา, ไม่โกรธง่าย"
ใจดี 1,ว.,คุมใจไว้ให้มั่น เช่น ใจดีสู้เสือ.
ใจเด็ด 0,ว.,มีนํ้าใจเด็ดเดี่ยว.
ใจเดียว 0,ว.,"ไม่หลายใจ, มีความรักและซื่อตรงในบุคคลเดียวหรือสิ่งเดียวไม่เปลี่ยนแปลง."
ใจเดียวกัน 0,ว.,มีความรู้สึกนึกคิดตรงกัน.
ใจต่ำ 0,ว.,มีใจใฝ่ในทางเสีย.
ใจเติบ 0,ว.,มีใจกว้างขวางเกินสมควร
ใจเติบ 1,ว.,มีใจอยากให้มากไว้หรือใหญ่โตไว้.
ใจแตก 0,ว.,ประพฤติไปตามที่ตนนิยมในทางที่ผิดหรือนอกโอวาทจนเคยตัว.
ใจโต 0,ว.,"มีใจกว้างเกินประมาณ, มักใช้เข้าคู่กับ หน้าใหญ่ เป็น หน้าใหญ่ใจโต."
ใจถึง 0,ว.,"กล้าทำ, กล้าพูด."
ใจทมิฬ 0,ว.,"มีใจดุร้าย, มีใจร้ายกาจ, บางทีก็ใช้คู่กับคำ หินชาติ เป็น ใจทมิฬหินชาติ."
ใจน้อย 0,ว.,โกรธง่าย.
ใจนักเลง 0,น.,มีใจกล้าสู้
ใจนักเลง 1,น.,มีใจกว้างขวางกล้าได้กล้าเสีย.
ใจบาน 0,ว.,"ดีใจ, ปลื้มใจ."
ใจบาป 0,ว.,มีใจฝักใฝ่ในทางชั่วร้าย.
ใจบาปหยาบช้า 0,ว.,มีใจฝักใฝ่ในทางชั่วร้าย.
ใจบุญ 0,ว.,มีใจฝักใฝ่ในการบุญ.
ใจเบา 0,ว.,"ไม่ยั้งคิด, เชื่อง่าย."
ใจปลาซิว 0,ว.,มีใจไม่อดทน.
ใจป้ำ 0,ว.,กล้าได้กล้าเสีย.
ใจแป้ว 0,ว.,มีใจห่อเหี่ยว.
ใจฝ่อ 0,ว.,ตกใจ.
ใจพระ 0,ว.,"มีใจบุญ, มีใจเมตตา."
ใจเพชร 0,ว.,ใจแข็ง.
ใจมา 0,ว.,มีหวังขึ้น เช่น ใจมาเป็นกอง ใจมาเป็นกระบุง.
ใจมาร 0,ว.,"มีใจดุร้าย, มีใจอำมหิต, บางทีก็ใช้คู่กับ ใจยักษ์ เป็น ใจยักษ์ใจมาร."
ใจมือ 0,น.,มาตราตวงตามวิธีประเพณีของไทยโบราณ ๑๕๐ เมล็ดข้าว = ๑ ใจมือ ๔ ใจมือ = ๑ กำมือ และ ๘ กำมือ = ๑ จังออน
ใจมือ 1,น.,กลางฝ่ามือ.
ใจเมือง 0,ว.,"ศูนย์กลางของเมือง, กลางเมือง เช่น เกิดเรื่องที่กลางใจเมือง."
ใจไม่ดี 0,ว.,ใจเสียเพราะกลัวหรือวิตกกังวล.
ใจไม้ไส้ระกำ 0,ว.,"เพิกเฉยดูดาย, ไม่มีเมตตากรุณาและเอื้อเฟื้อเผื่อแผ่ใคร."
ใจยักษ์ 0,ว.,"มีใจดุร้าย, มีใจอำมหิต, บางทีก็ใช้คู่กับ ใจมาร เป็น ใจยักษ์ใจมาร."
ใจเย็น 0,ว.,"ใจหนักแน่นไม่ฉุนเฉียว, ไม่รีบร้อน."
ใจร้อน 0,ว.,มีใจไม่หนักแน่น ฉุนเฉียวง่าย
ใจร้อน 1,ว.,มีใจรีบร้อนอยากจะให้เสร็จเร็ว ๆ.
ใจร้าย 0,ว.,"ดุร้าย, ไม่ปรานี."
ใจเร็ว 0,ว.,ตกลงใจอย่างรวดเร็วโดยไม่พิจารณาให้รอบคอบ.
ใจเร็วด่วนได้ 0,ว.,อยากได้เร็ว ๆ โดยไม่คิดให้รอบคอบ.
ใจลอย 0,ว.,"เผลอสติ, เคลิบเคลิ้ม."
ใจสูง 0,ว.,"มีใจที่อบรมมาดี, มีใจใฝ่ในทางดี."
ใจเสาะ 0,ว.,"มีใจขี้กลัวหรือร้องไห้ง่าย, มีใจอ่อนแอ."
ใจเสีย 0,ว.,"มีใจไม่ดีเพราะกลัวหรือวิตกกังวล, หมดกำลังใจ."
ใจหนักแน่น 0,ว.,"มีใจอดทน, ไม่เชื่อง่าย."
ใจหาย 0,ว.,"อาการที่ตกใจเสียวใจขึ้นทันที, ใช้ประกอบท้ายคำอื่นมีความหมายว่า มาก เช่น ดีใจหาย แพงใจหาย."
ใจหายใจคว่ำ 0,ว.,ใจไม่อยู่กับเนื้อกับตัว.
ใจหิน 0,ว.,"มีใจโหดเหี้ยม, มีใจที่แข็งมากไม่ยอมโอนอ่อน, เช่น โจรใจหิน."
ใจเหี่ยวแห้ง 0,ว.,มีใจไม่สดชื่น.
ใจใหญ่ใจโต 0,ว.,มีใจเอื้อเฟื้อเผื่อแผ่เกินฐานะ.
ใจอ่อน 0,ว.,"ยอมง่าย, สงสารง่าย."
ไจ 0,น.,"ด้ายหรือไหมที่แยกจากเข็ดแล้วมัดผูกไว้เพื่อไม่ให้ยุ่ง, ลักษณนามเรียกด้ายหรือไหมที่แยกออกจากเข็ดแล้วเช่นนั้น เช่น ด้ายไจหนึ่ง ด้าย ๒ ไจ."
ไจ้ 0,น.,ปีชวด.
ไจ้ ๆ 0,ว.,"เนือง ๆ, บ่อย ๆ, เป็นอยู่อย่างนั้น, จะไจ้ ก็ว่า."
ไจร 0,ว.,"จร, จากไป, เช่น แลเอกจักร เจียรไจร (สมุทรโฆษ)."
