คำ,POS,ความหมาย
ม 0,?,พยัญชนะตัวที่ ๓๓ เรียกว่า มอ ม้า เป็นอักษรตํ่า ใช้เป็นพยัญชนะต้นและเป็นตัวสะกดในมาตรากมหรือแม่กม เช่น ลม ยาม.
มก 0,น.,ปลากระบอก. (ดู กระบอก ๒).
มกร 0,น.,"มังกร, ชื่อดาวราศีที่ ๑๐."
มกร- 0,น.,"มังกร, ชื่อดาวราศีที่ ๑๐."
มกรกุณฑล 0,น.,เครื่องประดับหูมีรูปคล้ายมังกร.
มกราคม 0,น.,"ชื่อเดือนที่ ๑ ตามสุริยคติ มี ๓๑ วัน, (เลิก) ชื่อเดือนที่ ๑๐ ตามสุริยคติ ซึ่งเริ่มด้วยเดือนเมษายน."
มกสะ 0,น.,ยุง.
มกุฎ 0,น.,มงกุฎ.
มกุฎ 1,ว.,"สูงสุด, ขั้นสูง, เช่น อันกอปรด้วยลักณณษการอดุลย์ สุนทรเทพมกุฎ (ม. คำหลวง ทศพร), เจ้าก็เกิดในมกุฎเกศกรุงสีวีราษฎร์ (ม. ร่ายยาว กุมาร) (ป., ส. มกุฏ)."
มกุฎราชกุมาร 0,น.,ตำแหน่งรัชทายาทที่จะสืบราชสันตติวงศ์ซึ่งพระมหากษัตริย์ทรงสถาปนา.
มกุละ 0,น.,"กลุ่ม, พวง."
มกุละ 1,ว.,ตูม.
มคธ 0,น.,ชื่อแคว้นใหญ่ในอินเดียครั้งพุทธกาล ปัจจุบันคือรัฐพิหาร.
มฆวัน 0,น.,พระอินทร์.
มฆะ 0,น.,"ดาวฤกษ์ที่ ๑๐ มี ๕ ดวง เห็นเป็นรูปโคมูตร วานร หรือ งอนไถ, ดาวโคมูตร ดาววานร ดาวงอนไถ หรือ ดาวงูผู้ ก็เรียก."
มฆะ 1,น.,"ดาวฤกษ์ที่ ๑๐ มี ๕ ดวง เห็นเป็นรูปโคมูตร วานร หรืองอนไถ, ดาวโคมูตร ดาววานร ดาวงอนไถ หรือ ดาวงูผู้ ก็เรียก."
มฆา 0,น.,"ดาวฤกษ์ที่ ๑๐ มี ๕ ดวง เห็นเป็นรูปโคมูตร วานร หรือ งอนไถ, ดาวโคมูตร ดาววานร ดาวงอนไถ หรือ ดาวงูผู้ ก็เรียก."
มฆา 1,น.,"ดาวฤกษ์ที่ ๑๐ มี ๕ ดวง เห็นเป็นรูปโคมูตร วานร หรืองอนไถ, ดาวโคมูตร ดาววานร ดาวงอนไถ หรือ ดาวงูผู้ ก็เรียก."
มง 0,น.,"ชื่อหนึ่งของปลาทะเลในกลุ่มปลาหางแข็ง หางกิ่ว หรือสีกุน โดยเฉพาะที่มีขนาดกลางหรือขนาดใหญ่ ในวงศ์ Carangidae มีลำตัวเพรียว แบนข้างเล็กน้อย หน้าครีบก้นมีหนามแข็ง ๒ อันพับลงในร่องได้ คอดหางแคบ เกล็ดบนเส้นข้างตัวใหญ่เป็นเหลี่ยมแข็งโดยเฉพาะที่บริเวณคอดหาง ไม่มีสีฉูดฉาด อยู่รวมกันเป็นฝูง เช่น ชนิด Caranx sexfasciatus Quoy & Gaimard, C. melampygus Cuvier, C. ignobilis (Forsskal), Carangoides gymnostethus (Cuvier), C. fulvoguttatus (Forsskal) และ Alectis ciliaris (Bloch) ปลาเหล่านี้บางชนิดอาจมีขนาดยาวได้ถึง ๑.๔ เมตร, กะมง กะม่ง หรือ ม่ง ก็เรียก."
ม่ง 0,น.,"ชื่อหนึ่งของปลาทะเลในกลุ่มปลาหางแข็ง หางกิ่ว หรือสีกุน โดยเฉพาะที่มีขนาดกลางหรือขนาดใหญ่ ในวงศ์ Carangidae มีลำตัวเพรียว แบนข้างเล็กน้อย หน้าครีบก้นมีหนามแข็ง ๒ อันพับลงในร่องได้ คอดหางแคบ เกล็ดบนเส้นข้างตัวใหญ่เป็นเหลี่ยมแข็งโดยเฉพาะที่บริเวณคอดหาง ไม่มีสีฉูดฉาด อยู่รวมกันเป็นฝูง เช่น ชนิด Caranx sexfasciatus Quoy & Gaimard, C. melampygus Cuvier, C. ignobilis (Forsskal), Carangoides gymnostethus (Cuvier), C. fulvoguttatus (Forsskal) และ Alectis ciliaris (Bloch) ปลาเหล่านี้บางชนิดอาจมีขนาดยาวได้ถึง ๑.๔ เมตร, กะมง กะม่ง หรือ ม่ง ก็เรียก."
ม่ง 1,ก.,มุ่ง.
มงกุฎ 0,น.,เครื่องสวมพระเศียรพระมหากษัตริย์ เศียรพระพุทธรูปทรงเครื่องหรือเทวรูปเป็นต้น มีลักษณะต่าง ๆ กัน โดยปริยายใช้เรียกเครื่องประดับศีรษะที่มีลักษณะเช่นนั้น เช่น มงกุฎนางงามจักรวาล มงกุฎนางสาวไทย.
มงกุฎ 1,ว.,"สูงสุด, ยอดเยี่ยม."
มงกุฎไทย 0,น.,ชื่อเครื่องราชอิสริยาภรณ์ตระกูลหนึ่ง เรียกว่า เครื่องราชอิสริยาภรณ์อันมีเกียรติยศยิ่งมงกุฎไทย สร้างขึ้นครั้งแรกเมื่อ พ.ศ. ๒๔๑๒ ในรัชสมัยพระบาทสมเด็จพระจุลจอมเกล้าเจ้าอยู่หัว.
มงโกรย 0,น.,"ชื่อปลาทะเลและนํ้ากร่อยชนิด Hilsa kelee (Cuvier) ในวงศ์ Clupeidae ลำตัวป้อม แบนข้าง ปากเชิดขึ้น ไม่มีฟัน ท้องเป็นสันแหลม เกล็ดในแนวสันท้องเป็นเหลี่ยมคม เรียงต่อกันคล้ายฟันเลื่อย ซี่เหงือกมีจำนวนมากเรียงชิดกันและงอโค้งออกเสมอกันโดยตลอด ลำตัวสีเงิน หลังสีนํ้าเงินคลํ้า แนวกลางและข้างตัวมีจุดสีดำ ๓-๘ จุดเรียงกัน ๑ แถว จุดแรกที่ใกล้มุมแผ่นปิดเหงือกเด่นชัดที่สุด ขนาดยาวได้ถึง ๒๕ เซนติเมตร, ขมงโกรย ลินโกรย หรือ หมากผาง ก็เรียก."
มงคล 0,น.,"เหตุที่นำมาซึ่งความเจริญ เช่น มงคล ๓๘, สิ่งซึ่งถือว่าจะนำสิริและความเจริญมาสู่และป้องกันไม่ให้สิ่งที่เลวร้ายมากล้ำกราย, เรียกงานที่จัดให้มีขึ้นเพื่อความอยู่เย็นเป็นสุข เช่น งานทำบุญขึ้นบ้านใหม่ งานทำบุญวันเกิด ว่า งานมงคล"
มงคล 1,น.,เรียกเครื่องรางของขลังที่เชื่อว่าจะนำความสุขความเจริญเป็นต้นมาให้ หรือป้องกันภัยอันตรายต่าง ๆ ว่า วัตถุมงคล
มงคล 2,น.,สิ่งที่ทำเป็นวงด้วยด้ายเป็นต้นสำหรับสวมศีรษะเพื่อเป็นสิริมงคล นิยมใช้เฉพาะในเวลาชกมวยไทยหรือตีกระบี่กระบอง.
มงคล- 0,น.,"เหตุที่นำมาซึ่งความเจริญ เช่น มงคล ๓๘, สิ่งซึ่งถือว่าจะนำสิริและความเจริญมาสู่และป้องกันไม่ให้สิ่งที่เลวร้ายมากล้ำกราย, เรียกงานที่จัดให้มีขึ้นเพื่อความอยู่เย็นเป็นสุข เช่น งานทำบุญขึ้นบ้านใหม่ งานทำบุญวันเกิด ว่า งานมงคล"
มงคล- 1,น.,เรียกเครื่องรางของขลังที่เชื่อว่าจะนำความสุขความเจริญเป็นต้นมาให้ หรือป้องกันภัยอันตรายต่าง ๆ ว่า วัตถุมงคล
มงคล- 2,น.,สิ่งที่ทำเป็นวงด้วยด้ายเป็นต้นสำหรับสวมศีรษะเพื่อเป็นสิริมงคล นิยมใช้เฉพาะในเวลาชกมวยไทยหรือตีกระบี่กระบอง.
มงคลจักร 0,น.,"ด้ายมงคลแฝดสำหรับบ่าวสาวสวมศีรษะในพิธีรดนํ้า, มงคลแฝด ก็เรียก."
มงคลแฝด 0,น.,"ด้ายมงคลแฝดสำหรับบ่าวสาวสวมศีรษะในพิธีรดนํ้า, มงคลจักร ก็เรียก."
มงคลวาท 0,น.,"คำให้พร, คำแสดงความยินดี."
มงคลวาร 0,น.,"วันดี, วันอังคาร."
มงคลสมรส 0,น.,งานแต่งงาน.
มงคลสูตร 0,น.,ด้ายศักดิ์สิทธิ์ที่ล่ามจากหม้อนํ้ามนตร์
มงคลสูตร 1,น.,ชื่อพระสูตรที่สำคัญบทหนึ่งในพระพุทธศาสนาว่าด้วยมงคล ๓๘ ประการ.
มงคลหัตถี 0,น.,"ชื่อช้างตระกูล ๑ ใน ๑๐ ตระกูล กายสีนิลอัญชัน มีกิริยาท่าทางเดินงดงาม, ช้าง ๑๐ ตระกูล คือ ๑. กาฬาวกหัตถี ๒. คังไคยหัตถี ๓. ปัณฑรหัตถี ๔. ตามพหัตถี ๕. ปิงคลหัตถี ๖. คันธหัตถี ๗. มงคลหัตถี ๘. เหมหัตถี ๙. อุโบสถหัตถี ๑๐. ฉัททันตหัตถี."
มงคล่อ 0,น.,"โรคทางเดินหายใจในสัตว์กีบเดียววงศ์ Equidae มีอาการไข้สูง เป็นฝีที่ต่อมน้ำเหลืองใต้คางและบริเวณคอหอย อาจติดต่อถึงคนได้, เขียนเป็น มงคล่อ ก็มี."
มณฑ์ 0,น.,ของมัน ๆ
มณฑ์ 1,น.,"นํ้าเมา, สุรา."
มณฑก 0,น.,"กบ (สัตว์), ใช้ว่า มัณฑุก หรือ มณฑุก ก็มี."
มณฑก 1,น.,เรียกปืนเล็กยาวชนิดหนึ่ง ว่า ปืนมณฑก.
มณฑนะ 0,น.,"เครื่องประดับ, อาภรณ์"
มณฑนะ 1,น.,การแต่ง.
มณฑป 0,น.,"เรือนเครื่องยอดขนาดใหญ่มีรูปทรงสี่เหลี่ยมจัตุรัส หลังคาเป็นทรงจอมแห ประกอบด้วยชั้นเชิงกลอนหลายชั้นเป็นต้น, ใช้ว่า มรฑป ก็มี. (ป., ส.)"
มณฑป 1,น.,ขันนํ้าเย็นของพระเจ้าแผ่นดินที่มีฝาเป็นรูปอย่างมณฑป เรียกว่า พระมณฑป.
มณฑล 0,น.,"วง เช่น สุริยมณฑล คือ วงรอบดวงอาทิตย์ จันทรมณฑล คือ วงรอบดวงจันทร์, บริเวณ เช่น มณฑลพิธี, เขตปกครองที่แบ่งออกเป็นส่วนใหญ่ ๆ"
มณฑล 1,น.,พระแท่นที่วงด้ายสายสิญจน์ เรียกว่า พระแท่นมณฑล.
มณฑลเทศาภิบาล 0,น.,เขตการปกครองในระบบเทศาภิบาล โดยการรวมเมืองตั้งแต่ ๒ เมืองขึ้นไปเป็นมณฑล มีข้าหลวงเทศาภิบาลที่ส่งไปจากกรุงเทพฯ เป็นผู้ปกครอง.
มณฑา 0,น.,ชื่อไม้พุ่มชนิด Magnolia liliifera (L.) Baill. ในวงศ์ Magnoliaceae ใบใหญ่ ดอกสีเหลืองนวล กลิ่นหอม
มณฑา 1,น.,มณฑารพ.
มณฑารพ 0,น.,"ชื่อต้นไม้ในเมืองสวรรค์, มณฑา ก็ใช้."
มณฑิระ 0,น.,มนเทียร.
มณฑุก 0,น.,กบ (สัตว์).
มณเฑียร 0,น.,มนเทียร.
มณเฑียรบาล 0,น.,มนเทียรบาล.
มณี 0,น.,แก้วหินมีค่าสีแดง ในจำพวกนพรัตน์ มักหมายถึงทับทิม.
มณีการ 0,น.,ช่างเจียระไนเพชรพลอย.
มณีพืช 0,น.,ต้นทับทิม.
มณีรัตน์ 0,น.,แก้วมณี.
มณีราค 0,น.,สีแดงเสน.
มณีศิลา 0,น.,หินแก้ว.
มด 0,น.,ชื่อแมลงหลายชนิดในวงศ์ Formicidae ส่วนท้องปล้องที่ ๑ หรือปล้องที่ ๑ และปล้องที่ ๒ ที่ติดกับอกคอดกิ่ว ด้านหลังส่วนที่คอดมีโหนกนูน ลักษณะนี้ทำให้มดแตกต่างไปจากต่อ แตน และปลวก มีรูปร่าง ลักษณะ สี และกลิ่นแตกต่างกันตามชนิด เดินกันเป็นทางเพื่อขนอาหาร หรือย้ายรัง เป็นแมลงสังคม ทำรังอยู่เป็นกลุ่ม แบ่งชั้นวรรณะเป็นมดนางพญา มดผู้ และมดงาน มดงานเป็นมดเพศเมียที่เป็นหมันทำหน้าที่สร้างรัง เลี้ยงดูตัวอ่อน และหาอาหาร บางชนิดเมื่อถูกรบกวนจะป้องกันตัวโดยใช้อวัยวะต่อยปล่อยกรดหรือกัดให้เกิดแผลและปล่อยกรดออกมาทำให้เกิดอาการระคายเคืองหรือทำให้เจ็บปวดได้.
มด 1,น.,"หมอเวทมนตร์, หมอผี, ถ้าเป็นผู้ชาย เรียกว่า พ่อมด, ถ้าเป็นผู้หญิง เรียกว่า แม่มด"
มด 2,น.,ใช้เป็นคำประกอบกับคำ หมอ เป็น มดหมอ หมายความว่า หมอทั่ว ๆ ไป.
มดดำ 0,น.,"ชื่อมดหลายชนิด หลายสกุล ในวงศ์ Formicidae สีดำเป็นมันตลอดทั้งตัว ยาว ๕-๖ มิลลิเมตร มักทำรังอยู่บนต้นไม้โดยเฉพาะตามซอกของต้นไม้และพวกผลไม้ต่าง ๆ เมื่อถูกจับต้องจะส่งกลิ่นเหม็นฉุนออกมาป้องกันตัว ที่พบบ่อย เช่น ชนิด Dolichoderus thonacicus (Smith), ชนิด Paratreehina longicornis (Latreille)."
มดแดง 0,น.,"ชื่อมดชนิด Oecophylla smaragdina (Fabricius) ในวงศ์ Formicidae มดงานลำตัวยาวประมาณ ๑ เซนติเมตร สีส้มหรือนํ้าตาลปนแดงตลอดรวมทั้งหนวดและขา ตาเล็ก สีนํ้าตาลแก่ ทำรังอยู่ตามต้นไม้ เช่น มะม่วง ขนุน โดยใช้ใบมาห่อเข้าด้วยกัน ขณะถูกรบกวนจะป้องกันตัวโดยกัดให้เกิดแผลแล้วปล่อยกรดออกมาทำให้ปวดแสบปวดร้อน เพศเมียที่มีปีก เรียก แม่เป้ง ลำตัวยาว ๑.๕-๑.๘ เซนติเมตร สีเขียวปนน้ำตาล ปีกใสสีน้ำตาล เมื่อผสมพันธุ์แล้วทำหน้าที่วางไข่เพียงอย่างเดียวเป็นมดนางพญา, มดส้ม ก็เรียก."
มดแดงเฝ้ามะม่วง 0,น.,"ชายที่ปองรักหญิงบ้านใกล้หรือที่อยู่ใกล้กัน และคอยกีดกันไม่ให้ชายอื่นมารัก, มดแดงแฝงพวงมะม่วง ก็ว่า."
มดเท็จ 0,ว.,"โกหกหลอกลวง, มักใช้เข้าคู่กับคำ โป้ปด เป็น โป้ปดมดเท็จ."
มดยอบ 0,น.,"ยางหอมสีแดงอมเหลืองหรือนํ้าตาลอมแดงได้จากรอยแตกของเปลือกไม้หรือจากการกรีดเปลือกไม้ต้นหลายชนิดในสกุล Commiphora วงศ์ Burseraceae เช่น ชนิด C. habessinica Co. (Berg) Engl., C. myrrha (Nees) Engl. ใช้ทำยา แต่งกลิ่นเครื่องสำอาง และใช้ในพิธีทางศาสนา."
มดลูก 0,น.,อวัยวะภายในอันเป็นที่ตั้งครรภ์.
มดส้ม 0,น.,"ชื่อมดชนิด Oecophylla smaragdina (Fabricius) ในวงศ์ Formicidae มดงานลำตัวยาวประมาณ ๑ เซนติเมตร สีส้มหรือนํ้าตาลปนแดงตลอดรวมทั้งหนวดและขา ตาเล็ก สีนํ้าตาลแก่ ทำรังอยู่ตามต้นไม้ เช่น มะม่วง ขนุน โดยใช้ใบมาห่อเข้าด้วยกัน ขณะถูกรบกวนจะป้องกันตัวโดยกัดให้เกิดแผลแล้วปล่อยกรดออกมาทำให้ปวดแสบปวดร้อน เพศเมียที่มีปีก เรียก แม่เป้ง ลำตัวยาว ๑.๕-๑.๘ เซนติเมตร สีเขียวปนน้ำตาล ปีกใสสีน้ำตาล เมื่อผสมพันธุ์แล้วทำหน้าที่วางไข่เพียงอย่างเดียวเป็นมดนางพญา, มดส้ม ก็เรียก."
มดสัง 0,น.,อีเห็น. (ดู อีเห็น).
มดหมอ 0,น.,หมอทั่วไป.
มดาย 0,น.,แม่.
มดี 0,*ว.,"คำเติมท้ายคำอื่นที่เป็นนามในคำที่มาจากบาลีและสันสกฤตเฉพาะที่มีสระ อิ อุ อยู่ท้าย หมายความว่า มี เช่น สิริมดี พันธุมดี, ตามหลักไวยากรณ์ เป็นเพศหญิง."
มต- 0,ก.,ตายแล้ว.
มตกภัต 0,น.,ข้าวที่ทำบุญอุทิศให้คนตาย.
มตกะ 0,น.,"คนตายแล้ว, ผู้ตายแล้ว."
มตกะ 1,ว.,ของผู้ตายแล้ว.
มตะ 0,ก.,ตายแล้ว.
มติ 0,น.,"ความเห็น, ความคิดเห็น, เช่น ที่ประชุมลงมติ มติของข้าพเจ้า, ความรู้"
มติ 1,น.,ข้อวินิจฉัยญัตติที่เสนอต่อที่ประชุม.
มติพิเศษ 0,น.,มติของที่ประชุมใหญ่ผู้ถือหุ้นของบริษัทจำกัด ที่ได้ลงมติด้วยคะแนนเสียงข้างมากไม่ต่ำกว่าสามในสี่ของจำนวนเสียงทั้งหมดของผู้ถือหุ้นที่มาประชุมและมีสิทธิออกเสียงลงคะแนน.
มติมหาชน 0,น.,ความคิดเห็นหรือท่าทีของประชาชนกลุ่มใหญ่ที่เห็นพ้องต้องกันในเรื่องใดเรื่องหนึ่ง.
มทนะ 0,น.,กามเทพ.
มทนียะ 0,ว.,"เป็นที่ตั้งแห่งความเมา, ที่ควรเมา."
มทะ 0,น.,ความเมา
มทะ 1,น.,นํ้ามันช้างที่ตกมัน
มทะ 2,น.,สภาพช้างที่ตกมัน.
มธุ 0,น.,"นํ้าหวาน, นํ้าผึ้ง."
มธุกร 0,น.,ผู้ทำนํ้าหวาน คือ แมลงผึ้ง.
มธุกรี 0,น.,แมลงผึ้งตัวเมีย.
มธุการี 0,น.,แมลงผึ้ง.
มธุโกศ 0,น.,รวงผึ้ง.
มธุตฤณ 0,น.,อ้อย.
มธุปฎล 0,น.,รวงผึ้ง.
มธุปะ 0,น.,ผู้ดื่มนํ้าหวาน คือ แมลงผึ้ง.
มธุปายาส 0,น.,ข้าวปายาสเจือนํ้าผึ้ง ใช้เป็นของหวานในงานรื่นเริง.
มธุพรต 0,น.,แมลงผึ้ง.
มธุมักขิกา 0,น.,แมลงผึ้ง.
มธุมิศร 0,ว.,เจือนํ้าหวาน.
มธุร- 0,น.,อ้อยแดง
มธุร- 1,น.,"ความหวาน, ความไพเราะ."
มธุร- 2,ว.,"หวาน, ไพเราะ."
มธุรตรัย 0,น.,ของอร่อยทั้ง ๓ คือ นํ้าตาล นํ้าผึ้ง เนย.
มธุรพจน์ 0,น.,ถ้อยคำไพเราะ
มธุรพจน์ 1,น.,ผู้มีถ้อยคำไพเราะ.
มธุรส 0,น.,"นํ้าผึ้ง, รสหวาน, อ้อย."
มธุรส 1,ว.,ไพเราะ เช่น มธุรสวาจา.
มธุระ 0,น.,อ้อยแดง
มธุระ 1,น.,"ความหวาน, ความไพเราะ."
มธุระ 2,ว.,"หวาน, ไพเราะ."
มธุลีห์ 0,น.,แมลงผึ้ง.
มธุเศษ 0,น.,ขี้ผึ้ง.
มธุสร 0,น.,เสียงหวาน.
มน- 0,น.,ใจ.
ม่น 0,ก.,"ซุก, แทรก."
มน 0,ก.,"อยู่กับที่ (ใช้แก่ดาวนพเคราะห์ ซึ่งปรากฏแก่ตาเป็น ๓ ทาง คือ เสริด ว่า ไปข้างหน้า, พักร ว่า ถอยหลัง, มน ว่า อยู่กับที่)."
มน 1,ว.,"กลม ๆ, โค้ง ๆ, ไม่เป็นเหลี่ยม, เช่น ทองหลางใบมน ขอบโต๊ะมน ปกเสื้อมน."
มน 2,น.,ใจ.
มนต์ 0,น.,"คำศักดิ์สิทธิ์, คำสำหรับสวดเพื่อเป็นสิริมงคล เช่น สวดมนต์, คำเสกเป่าที่ถือว่าศักดิ์สิทธิ์ เช่น ร่ายมนตร์ เวทมนตร์."
มนตร์ 0,น.,"คำศักดิ์สิทธิ์, คำสำหรับสวดเพื่อเป็นสิริมงคล เช่น สวดมนต์, คำเสกเป่าที่ถือว่าศักดิ์สิทธิ์ เช่น ร่ายมนตร์ เวทมนตร์."
มนตร์กฤตยา 0,น.,การใช้เวทมนตร์ เช่น มนตร์กฤตยานั้นซั้นเสื่อมสิ้นทุกอัน (โลกนิติ).
มนตรี 0,น.,"ที่ปรึกษาราชการ, ที่ปรึกษา, ผู้แนะนำ, นิยมใช้เป็นส่วนท้ายของสมาส เช่น องคมนตรี รัฐมนตรี เทศมนตรี, (โบ) ข้าราชการชั้นผู้ใหญ่ เช่น มนตรีหก."
มนตรีหก 0,น.,ตำแหน่งเจ้ากรมใหญ่จำนวน ๖ กรม ได้แก่ กรมล้อมพระราชวัง กรมพระสุรัสวดี กรมพระคลังมหาสมบัติ กรมสังฆการีธรรมการ กรมพระอาลักษณ์ และกรมพระภูษามาลา.
มนท์ 0,น.,ดาวพระเสาร์.
มนท์ 1,ว.,"เฉื่อย,ช้า"
มนท์ 2,ว.,อ่อนแอ
มนท์ 3,ว.,โง่เขลา
มนท์ 4,ว.,ขี้เกียจ.
มนท- 0,น.,ดาวพระเสาร์.
มนท- 1,ว.,"เฉื่อย,ช้า"
มนท- 2,ว.,อ่อนแอ
มนท- 3,ว.,โง่เขลา
มนท- 4,ว.,ขี้เกียจ.
มนทกานติ 0,น.,“ผู้มีรัศมีอ่อน” คือ ดวงเดือน.
มนทาทร 0,ว.,"ไม่เอาใจใส่, ทอดธุระ."
มนทิระ 0,น.,เรือนหลวง.
มนทิราลัย 0,น.,เรือนหลวง.
มนเทียร 0,น.,"เรือนหลวงซึ่งใช้เป็นที่ประทับประจำของพระมหากษัตริย์ ใช้ว่า พระราชมนเทียร, โบราณใช้ว่า พระราชมณเฑียร."
มนเทียรบาล 0,น.,"กฎหมายว่าด้วยการปกครองภายในพระราชฐาน, เรียกข้อบัญญัติพิเศษเกี่ยวกับพระราชฐาน พระราชวงศ์ และระเบียบการปกครองในราชสำนัก ว่า กฎมนเทียรบาล"
มนเทียรบาล 1,น.,"ผู้มีอำนาจหน้าที่เกี่ยวกับการปกครองภายในพระราชฐาน, โบราณใช้ว่า มณเฑียรบาล."
มนสิการ 0,น.,การกำหนดไว้ในใจ.
มนัส 0,น.,"ใจ (เมื่อเข้าสมาสกับศัพท์หลังมักเป็น มโน, ดู มโน)."
มนัส- 0,น.,"ใจ (เมื่อเข้าสมาสกับศัพท์หลังมักเป็น มโน, ดู มโน)."
มนัสดาป 0,น.,ความร้อนใจ.
มนัสวี 0,น.,"ผู้เป็นปราชญ์, ผู้มีใจเด็ดเดี่ยว, ผู้มีความคิดสูง."
มนินทรีย์ 0,น.,ใจซึ่งเป็นใหญ่ในการรับรู้ธรรมารมณ์ คือ อารมณ์ที่เกิดทางใจ.
มนิมนา 0,ว.,"เร็ว, ด่วน, ขมีขมัน, เช่น ก็มนิมนาการมาสู่สาลวัน (ปฐมสมโพธิกถา)."
มนิลา 0,น.,"เรียกเชือกเกลียวสีขาวขุ่น ๆ ค่อนข้างใหญ่ เหนียวมาก เดิมทำจากใยมะพร้าว เรียกชื่อตามเชือก ทำจากใยกล้วยจำพวกกล้วยตานีในประเทศฟิลิปปินส์ ว่า เชือกมนิลา, มักเรียกว่า เชือกมลิลา"
มนิลา 1,น.,"เรียกเรือนที่มีลักษณะทรงหลังคาที่มีจั่วทั้ง ๒ ด้าน มีหลังคาลาดลงมาทั้ง ๔ ด้าน ได้รับอิทธิพลจากเรือนในกรุงมนิลา ประเทศฟิลิปปินส์ ว่า เรือนทรงมนิลา, เรือนทรงมลิลา ก็เรียก."
มนีมนา 0,ว.,"เร็ว, ด่วน, ขมีขมัน, เช่น ก็มนิมนาการมาสู่สาลวัน (ปฐมสมโพธิกถา)."
มนุ 0,น.,มนู.
มนุช 0,น.,“ผู้เกิดจากมนู” คือ คน.
มนุชาธิป 0,น.,พระเจ้าแผ่นดิน.
มนุญ 0,ว.,"เป็นที่พอใจ, งาม."
มนุษย์ 0,น.,"สัตว์ที่รู้จักใช้เหตุผล, สัตว์ที่มีจิตใจสูง, คน."
มนุษย- 0,น.,"สัตว์ที่รู้จักใช้เหตุผล, สัตว์ที่มีจิตใจสูง, คน."
มนุษย์กบ 0,น.,คนที่ฝึกดำนํ้าได้นาน ๆ จนชำนาญโดยอาศัยหน้ากาก รองเท้าคล้ายตีนกบและอุปกรณ์ช่วยการหายใจใต้นํ้า.
มนุษยชาติ 0,น.,"จำพวกคน, หมู่มนุษย์."
มนุษยเทพ 0,น.,กษัตริย์.
มนุษยธรรม 0,น.,"ธรรมของคน, ธรรมที่มนุษย์พึงมีต่อกัน มีเมตตากรุณาเป็นต้น."
มนุษย์มนา 0,น.,"ผู้คน เช่น ไม่เห็นมีมนุษย์มนาสักคน, คนทั่ว ๆ ไป เช่น แต่งตัวไม่เป็นมนุษย์มนา."
มนุษยโลก 0,น.,โลกมนุษย์.
มนุษยศาสตร์ 0,น.,วิชาว่าด้วยคุณค่าทางจิตใจและงานของคน มีศิลปะ วรรณคดี ประวัติศาสตร์ ภาษาศาสตร์ ศาสนา และปรัชญา. (ส. มนุษฺย + ศาสฺตฺร).
มนุษยสัมพันธ์ 0,น.,ความสัมพันธ์ในทางสังคมระหว่างมนุษย์ ซึ่งจะก่อให้เกิดความเข้าใจอันดีต่อกัน.
มนุษย์อวกาศ 0,น.,คนที่ฝึกจนมีความชำนาญเพื่อเดินทางออกนอกบรรยากาศของโลก.
มนุสาร 0,น.,ชื่อคัมภีร์กฎหมายมนูธรรมศาสตร์ฉบับย่อ.
มนู 0,น.,"ชื่อพระผู้สร้างมนุษยชาติและปกครองโลก มี ๑๔ องค์ เรียงกันเป็นยุค ๆ ไป, ยุคหนึ่งเรียกว่า มนวันดร นานกว่า ๔,๐๐๐,๐๐๐ ปี องค์แรก คือ พระสวายมภูวะ พระมนูองค์นี้ถือกันว่าเป็นผู้ทรงออกกฎหมายหรือธรรมศาสตร์ซึ่งยังมีอยู่ตราบเท่าทุกวันนี้เรียกว่า มนุสัมหิตา หรือ มนุสมฺฤติ, เพราะฉะนั้น คำ มนู จึงหมายถึงกฎหมายก็ได้ เช่น มนูกิจ."
มนูสาร 0,น.,ชื่อคัมภีร์กฎหมายมนูธรรมศาสตร์ฉบับย่อ.
มโน 0,น.,ใจ.
มโนกรรม 0,น.,"การกระทำทางใจ, การคิด, ความคิด."
มโนคติ 0,น.,ความคิด.
มโนช 0,น.,“เกิดแต่ใจ” คือ ความรัก.
มโนชญ์ 0,ว.,"เป็นที่พอใจ, งาม."
มโนทุจริต 0,น.,ความประพฤติชั่วทางใจ มี ๓ อย่าง ได้แก่ ความโลภอยากได้ของของผู้อื่น ๑ ความพยาบาท ๑ ความเห็นผิดจากทำนองคลองธรรม ๑.
มโนธรรม 0,น.,"ความรู้สึกผิดชอบชั่วดี, ความรู้สึกว่าอะไรควรทำอะไรไม่ควรทำ."
มโนนุกูล 0,ว.,"ซึ่งเกื้อกูลใจ, ชูใจ."
มโนภาพ 0,น.,ความคิดเห็นเป็นภาพขึ้นในใจ.
มโนภินิเวศ 0,น.,"ความมั่นใจ, ความหนักแน่น."
มโนมัย 0,ว.,"สำเร็จด้วยใจ, ใช้ประกอบกับ ม้า หมายความว่า ม้าที่ใช้ขับขี่รวดเร็วได้ดังใจ."
มโนมัย 1,น.,ม้า เช่น ครั้นถึงจึงสั่งข้าไท เร่งผูกมโนมัยที่เคยขี่ (บทละครสังข์ทอง).
มโนรถ 0,น.,"ความหวัง, ความประสงค์, ความใฝ่ฝัน."
มโนรม 0,ว.,"เป็นที่ชอบใจ, งาม."
มโนรมย์ 0,ว.,"เป็นที่ชอบใจ, งาม."
มโนราห์ 0,น.,"ศิลปะการแสดงพื้นเมืองอย่างหนึ่งของภาคใต้ มีแม่บทท่ารำอย่างเดียวกับละครชาตรี, โนรา ก็ว่า, เขียนว่า มโนห์รา ก็มี."
มโนศิลา 0,น.,"ศิลาอ่อนที่ย่อยให้ละเอียดประสมเป็นสีทาสิ่งอื่นได้, อีกนัยหนึ่งว่าสารหนูแดง, เรียกหินลายสีแดง ๆ เช่น รัตนผลึกเลื่อมมโนศิลาลาย (ม. ร่ายยาว มหาพน)."
มโนสาร 0,น.,ชื่อคัมภีร์กฎหมายมนูธรรมศาสตร์ฉบับย่อ.
มโนสาเร่ 0,น.,"เรื่องเบ็ดเตล็ดหยุมหยิม เช่น เรื่องมโนสาเร่, เรียกคดีอันมีทุนทรัพย์หรือค่าเช่าจำนวนเล็กน้อย ซึ่งไม่เกินจำนวนที่กำหนดในกฎหมาย ว่า คดีมโนสาเร่."
มโนสุจริต 0,น.,ความประพฤติชอบทางใจ มี ๓ อย่าง ได้แก่ ความไม่โลภอยากได้ของของผู้อื่น ๑ ความไม่พยาบาท ๑ ความเห็นถูกตามทำนองคลองธรรม ๑.
มโนหระ 0,ว.,"เป็นที่จับใจ, น่ารักใคร่, สวย, งาม."
มโนห์รา 0,น.,"ศิลปะการแสดงพื้นเมืองอย่างหนึ่งของภาคใต้ มีแม่บทท่ารำอย่างเดียวกับละครชาตรี, โนรา ก็ว่า, เขียนว่า มโนห์รา ก็มี."
มโนห์ราโอด 0,น.,ชื่อเพลงไทย อัตรา ๒ ชั้น หน้าทับปรบไก่ ปรากฏในเรื่องทำขวัญ
มโนห์ราโอด 1,น.,ชื่อเพลงไทยประเภทเพลงโหมโรง.
มมังการ 0,น.,ความถือว่าเป็นของเรา.
มมาก 0,น.,แมลงหวี่.
มยุร- 0,น.,"นกยูง, ใช้ว่า มยูร ก็มี."
มยุรคติ 0,น.,ท่าทางของนกยูง.
มยุรฉัตร 0,น.,พนมหางนกยูง หรือเครื่องกั้นบังเป็นชั้น ๆ ทำด้วยหางนกยูง เป็นเครื่องสูง ใช้ในงานพิธีโสกันต์.
มยุรอาสน์ 0,น.,“พระผู้มีนกยูงเป็นอาสนะ” หมายถึง พระขันทกุมารหรือพระสกันทกุมาร เพราะพระขันทกุมารทรงมีนกยูงเป็นพาหนะ.
มยุระ 0,น.,"นกยูง, ใช้ว่า มยูร ก็มี."
มยุรา 0,น.,นกยูง.
มยุรี 0,น.,นกยูงตัวเมีย.
มยุเรศ 0,น.,นกยูง.
มยุเรศฟ้อนใน 0,น.,ชื่อท่ารำแบบหนึ่ง โดยมือทั้งสองตั้งวงกลาง ลำตัวตั้งตรง หน้าตรง.
มยูขะ 0,น.,รัศมี.
มยูร 0,น.,นกยูง.
มร- 0,น.,ความตาย.
มรกต 0,น.,ชื่อรัตนะอย่างหนึ่งในจำพวกนพรัตน์ มีสีเขียว.
มรคา 0,น.,"ทาง, ช่อง, ถนน."
มรฑป 0,น.,มณฑป เช่น โบสถ์ระเบียงมรฑปพื้น ไพหาร (นิ. นรินทร์).
มรณ์ 0,น.,"ความตาย, การตาย. (ป., ส.)."
มรณ์ 1,ก.,ตาย.
มรณ- 0,น.,"ความตาย, การตาย. (ป., ส.)."
มรณ- 1,ก.,ตาย.
มรณกรรม 0,น.,ความตาย.
มรณธรรม 0,ว.,มีความตายเป็นธรรมดา.
มรณบัตร 0,น.,หนังสือสำคัญที่นายทะเบียนผู้รับแจ้งออกให้เป็นหลักฐานการตายของบุคคล.
มรณภัย 0,น.,"ความรู้สึกกลัวต่อความตาย, ภัยที่เป็นอันตรายถึงตาย."
มรณภาพ 0,น.,ความตาย.
มรณภาพ 1,ก.,ตาย (ใช้แก่พระสงฆ์).
มรณะ 0,น.,"ความตาย, การตาย. (ป., ส.)."
มรณะ 1,ก.,ตาย.
มรณันติก- 0,ว.,มีความตายเป็นที่สุด.
มรณานต์ 0,ว.,จนกว่าจะตาย.
มรดก 0,น.,"สิ่งที่ตกทอดมาจากบรรพบุรุษหรือที่สืบทอดมาแต่บรรพกาล, ทรัพย์สินทุกชนิดตลอดทั้งสิทธิ หน้าที่ และความรับผิดต่าง ๆ ของผู้ตาย เว้นแต่ตามกฎหมายหรือโดยสภาพแล้ว เป็นการเฉพาะตัวของผู้ตาย เรียกรวม ๆ ว่า กองมรดก."
มรรค 0,น.,ทาง
มรรค 1,น.,"เหตุ, ใช้คู่กับ ผล ว่า เป็นมรรคเป็นผล"
มรรค 2,น.,"ในพระพุทธศาสนา เป็นชื่อแห่งโลกุตรธรรม คู่กับ ผล มี ๔ ชั้น คือ โสดาปัตติมรรค สกทาคามิมรรค อนาคามิมรรค อรหัตมรรค, ทางที่จะนำไปสู่ความพ้นทุกข์ เป็น ๑ ในอริยสัจ ๔ ได้แก่ ทุกข์ สมุทัย นิโรธ และมรรค เรียกเต็มว่า มรรคมีองค์ ๘ ประกอบด้วย สัมมาทิฐิ-ความเห็นชอบ ๑ สัมมาสังกัปปะ-ความดำริชอบ ๑ สัมมาวาจา-การเจรจาชอบ ๑ สัมมากัมมันตะ-การงานชอบ ๑ สัมมาอาชีวะ-การเลี้ยงชีวิตชอบ ๑ สัมมาวายามะ-ความพยายามชอบ ๑ สัมมาสติ-ความระลึกชอบ ๑ สัมมาสมาธิ-ความตั้งใจชอบ ๑ หรือเรียกอีกอย่างหนึ่งว่า มัชฌิมาปฏิปทา คือ ทางสายกลาง."
มรรค- 0,น.,ทาง
มรรค- 1,น.,"เหตุ, ใช้คู่กับ ผล ว่า เป็นมรรคเป็นผล"
มรรค- 2,น.,"ในพระพุทธศาสนา เป็นชื่อแห่งโลกุตรธรรม คู่กับ ผล มี ๔ ชั้น คือ โสดาปัตติมรรค สกทาคามิมรรค อนาคามิมรรค อรหัตมรรค, ทางที่จะนำไปสู่ความพ้นทุกข์ เป็น ๑ ในอริยสัจ ๔ ได้แก่ ทุกข์ สมุทัย นิโรธ และมรรค เรียกเต็มว่า มรรคมีองค์ ๘ ประกอบด้วย สัมมาทิฐิ-ความเห็นชอบ ๑ สัมมาสังกัปปะ-ความดำริชอบ ๑ สัมมาวาจา-การเจรจาชอบ ๑ สัมมากัมมันตะ-การงานชอบ ๑ สัมมาอาชีวะ-การเลี้ยงชีวิตชอบ ๑ สัมมาวายามะ-ความพยายามชอบ ๑ สัมมาสติ-ความระลึกชอบ ๑ สัมมาสมาธิ-ความตั้งใจชอบ ๑ หรือเรียกอีกอย่างหนึ่งว่า มัชฌิมาปฏิปทา คือ ทางสายกลาง."
มรรคนายก 0,น.,“ผู้นำทาง” คือ ผู้จัดการทางกุศล หรือ ผู้ชี้แจงทางบุญทางกุศลและป่าวประกาศให้ประชาชนมาทำบุญทำกุศลในวัด.
มรรคผล 0,น.,"ผล, มักใช้ในความปฏิเสธ เช่น ไม่เป็นมรรคผล ไม่ได้มรรคผลอะไร."
มรรคา 0,น.,ทาง
มรรคา 1,น.,"เหตุ, ใช้คู่กับ ผล ว่า เป็นมรรคเป็นผล"
มรรคา 2,น.,"ในพระพุทธศาสนา เป็นชื่อแห่งโลกุตรธรรม คู่กับ ผล มี ๔ ชั้น คือ โสดาปัตติมรรค สกทาคามิมรรค อนาคามิมรรค อรหัตมรรค, ทางที่จะนำไปสู่ความพ้นทุกข์ เป็น ๑ ในอริยสัจ ๔ ได้แก่ ทุกข์ สมุทัย นิโรธ และมรรค เรียกเต็มว่า มรรคมีองค์ ๘ ประกอบด้วย สัมมาทิฐิ-ความเห็นชอบ ๑ สัมมาสังกัปปะ-ความดำริชอบ ๑ สัมมาวาจา-การเจรจาชอบ ๑ สัมมากัมมันตะ-การงานชอบ ๑ สัมมาอาชีวะ-การเลี้ยงชีวิตชอบ ๑ สัมมาวายามะ-ความพยายามชอบ ๑ สัมมาสติ-ความระลึกชอบ ๑ สัมมาสมาธิ-ความตั้งใจชอบ ๑ หรือเรียกอีกอย่างหนึ่งว่า มัชฌิมาปฏิปทา คือ ทางสายกลาง."
มรรตยะ 0,น.,"ผู้ที่ต้องตาย, ได้แก่ พวกมนุษย์ และสัตว์ดิรัจฉาน, คู่กับ อมร ผู้ไม่ตาย คือ เทวดา."
มรรตัย 0,น.,"ผู้ที่ต้องตาย, ได้แก่ พวกมนุษย์ และสัตว์ดิรัจฉาน, คู่กับ อมร ผู้ไม่ตาย คือ เทวดา."
มรรทนะ 0,น.,"การบด, การถู"
มรรทนะ 1,น.,"การทำให้เจ็บ, การยํ่ายี, การทำลาย."
มรรยาท 0,น.,"กิริยาวาจาที่ถือว่าสุภาพเรียบร้อยถูกกาลเทศะ, มารยาท ก็ว่า."
มรรษ 0,น.,"ความเพียร, ความอดทน."
มรรษ 1,ก.,อดทน.
มรรษะ 0,น.,"ความเพียร, ความอดทน."
มรรษะ 1,ก.,อดทน.
มรสุม 0,น.,คราว
มรสุม 1,น.,"คราวลม, คราวพายุ"
มรสุม 2,น.,ลมฝน
มรสุม 3,น.,"ชื่อพายุใหญ่ที่มีลมแรงและมีฝนตกหนัก, โดยปริยายหมายถึงความยุ่งยากเดือดร้อนที่เกิดในบางช่วงชีวิต เช่น มรสุมชีวิต."
มรัมเทศ 0,น.,ประเทศพม่า.
มรานควาน 0,ก.,"รบกวน, ทำให้รำคาญ."
มริจ 0,น.,พริกไทย.
มริยาท 0,น.,มรรยาท.
มรีจิ 0,น.,"พยับแดด, แสงแดด."
มรุ 0,น.,"ทะเลทราย, ที่กันดารนํ้า."
มรุ 1,น.,เทวดาพวกหนึ่ง.
มรุต 0,น.,"เจ้าแห่งพายุ, เจ้าแห่งลม"
มรุต 1,น.,เทวดาพวกหนึ่ง.
มฤค 0,น.,"สัตว์ป่ามีกวาง อีเก้ง เป็นต้น, ถ้าเป็นตัวเมีย ใช้ว่า มฤคี."
มฤค- 0,น.,"สัตว์ป่ามีกวาง อีเก้ง เป็นต้น, ถ้าเป็นตัวเมีย ใช้ว่า มฤคี."
มฤคชาติ 0,น.,"เนื้อ, หมู่เนื้อ."
มฤคทายวัน 0,น.,ชื่อป่าที่พระพุทธเจ้าทรงแสดงปฐมเทศนา
มฤคทายวัน 1,น.,ป่าเป็นที่ให้อภัยแก่เนื้อ.
มฤคย์ 0,ว.,"สิ่งที่ควรติดตาม, สิ่งที่ต้องการ."
มฤคระเริง 0,น.,ชื่อเพลงระบำสำหรับกวาง ใช้ในการแสดงโขนตอนพระรามตามกวาง.
มฤคราช 0,น.,ราชสีห์.
มฤคศิรมาส 0,น.,เดือนอันมีพระจันทร์เพ็ญเสวยฤกษ์มฤคศิระ คือ เดือนอ้าย ตกในราวเดือนธันวาคม.
มฤคศิระ 0,น.,"ดาวฤกษ์ที่ ๕ มี ๓ ดวง เห็นเป็นรูปหัวเต่า, ดาวหัวเต่า ดาวหัวเนื้อ ดาวศีรษะเนื้อ ดาวศีรษะโค ดาวมฤคศิรัส หรือ ดาวอาครหายณี ก็เรียก."
มฤคศิรัส 0,น.,"ชื่อหนึ่งของดาวฤกษ์มฤคศิระ มี ๓ ดวง, ดาวหัวเต่า ดาวหัวเนื้อ ดาวศีรษะเนื้อ ดาวศีรษะโค ดาวมฤคเศียร ดาวมิคสิระ หรือ ดาวอาครหายณี ก็เรียก."
มฤคเศียร 0,น.,"ดาวฤกษ์ที่ ๕ มี ๓ ดวง เห็นเป็นรูปหัวเต่า, ดาวหัวเต่า ดาวหัวเนื้อ ดาวศีรษะเนื้อ ดาวศีรษะโค ดาวมฤคศิรัส หรือ ดาวอาครหายณี ก็เรียก."
มฤคินทร์ 0,น.,ราชสีห์.
มฤเคนทร์ 0,น.,ราชสีห์.
มฤจฉา 0,ว.,"มิจฉา, ผิด."
มฤจฉาชีพ 0,น.,"มิจฉาชีพ, การเลี้ยงชีวิตผิดทาง."
มฤจฉาทิฐิ 0,น.,"มิจฉาทิฐิ, ความเห็นผิดทางธรรม."
มฤดก 0,น.,มรดก.
มฤต 0,ว.,ตายแล้ว.
มฤตกะ 0,น.,"ผู้ตาย, ซากศพ."
มฤตยู 0,น.,ความตาย
มฤตยู 1,น.,"ชื่อดาวเคราะห์ดวงที่ ๗ ในระบบสุริยะ มองไม่เห็นด้วยตาเปล่า อยู่ห่างดวงอาทิตย์ประมาณ ๒,๘๗๐ ล้านกิโลเมตร มีเส้นผ่าศูนย์กลาง ๕๐,๘๐๐ กิโลเมตร, ดาวยูเรนัส ก็เรียก."
มฤตยูราช 0,น.,"ยมราช, พญายม."
มฤทิงค์ 0,น.,ชื่อเครื่องดนตรีประเภทเครื่องหนัง มี ๒ หน้า เช่น ตะโพน.
มฤทุ 0,ว.,"นุ่ม, อ่อน, อ่อนโยน, สุภาพ"
มฤทุ 1,ว.,แช่มช้า.
มฤทุกะ 0,ว.,"อ่อนโยน, ละมุนละม่อม, มีใจอ่อนโยน."
มฤธุ 0,น.,"มธุ, นํ้าผึ้ง, นํ้าหวาน."
มฤษา 0,ว.,"มุสา, ไม่จริง, เท็จ."
มฤษาวาท 0,น.,คำเท็จ.
มล 0,น.,"ความมัวหมอง, ความสกปรก, ความไม่บริสุทธิ์"
มล 1,น.,"สนิม, เหงื่อไคล."
มล 2,ว.,"มัวหมอง, สกปรก, ไม่บริสุทธิ์."
มล- 0,น.,"ความมัวหมอง, ความสกปรก, ความไม่บริสุทธิ์"
มล- 1,น.,"สนิม, เหงื่อไคล."
มล- 2,ว.,"มัวหมอง, สกปรก, ไม่บริสุทธิ์."
มลโค 0,น.,อุจจาระพอเหลว ๆ คล้ายมูลโค.
มลทิน 0,น.,"ความมัวหมอง, ความด่างพร้อย, ความไม่บริสุทธิ์."
มลน 0,ก.,"วิ่ง, รีบ."
มล่น 0,ก.,"วิ่ง, รีบ."
มลนมลาน 0,ว.,"ลนลาน, ตะลีตะลาน."
มลพิษ 0,น.,พิษเกิดจากความมัวหมองหรือความสกปรกของสิ่งแวดล้อม เช่นในอากาศหรือในน้ำเป็นต้น.
มลวก 0,ก.,ลวก.
มลสาร 0,น.,"สารที่ทำให้เกิดมลพิษ, สารมลพิษ ก็ใช้."
มล่อน 0,ว.,"สนุก, เพราะ, หวาน."
มล่อย 0,ก.,"ม่อย, เผลอ, เคลิ้ม."
มละ 0,ก.,"ละ, ทิ้ง."
มลัก 0,ก.,"ลัก, ลอบ"
มลัก 1,ก.,มัก
มลัก 2,ก.,รัก
มลัก 3,ก.,เห็น.
มลัก 4,ว.,มากเช่น รู้มลัก.
มลังเมลือง 0,ว.,"สุกใส, อร่ามเรือง."
มล้า 0,ว.,ล้า.
มลาก 0,ก.,ลาก.
มลาก 1,ว.,"มาก, ดี."
มล้าง 0,ก.,"ม้าง, ล้าง, ฆ่า, ผลาญ."
มล่าน 0,ก.,"วิ่งอย่างรีบ, วิ่งพล่าน."
มลาน 0,ว.,"เหี่ยว, แห้ง"
มลาน 1,ว.,"อ่อน, อิดโรย"
มลาน 2,ว.,ตาย
มลาน 3,ว.,"โศกเศร้า, หมอง."
มลาน 4,ว.,ลนลาน
มลาน 5,ว.,ลานตา.
มลาย 0,ก.,"แตก, ตาย, ทำลาย."
มลายู 0,น.,ชื่อชนชาติหนึ่ง อยู่ในประเทศมาเลเซียและเกาะต่าง ๆ ตอนใต้ของแหลมมลายู.
มลาว 0,น.,ลาว.
มล่าวเมลา 0,ว.,"งดงาม, สวย."
มลิน 0,ว.,"ขุ่นมัว, มัวหมอง, ไม่บริสุทธิ์."
มลิ้น 0,น.,ลิ้น เช่น คือมลิ้นคนผู้ ทราบรู้รสแกง (โลกนิติ).
มลื่น 0,ก.,"มื่น, ลื่น."
มวก 0,ก.,"ชื่อไม้เถาชนิด Parameria laevigata (Juss.) Moldenke ในวงศ์ Apocynaceae มียางเหนียวคล้ายกาว ใช้ทำยาได้, กระทั่งติด กุมาริกา เครือเขามวก ตังติด หรือ เถามวก ก็เรียก."
มวกผา 0,น.,ของอย่างหนึ่งเป็นยางคล้ายวุ้นอยู่ตามเขา.
มวกเหล็ก 0,น.,ต้นไม้ชนิดหนึ่ง ใช้ทำยา.
มวกใหญ่ 0,น.,"ชื่อไม้ต้นชนิด Holarrhena pubescens Wall. ex G. Don ในวงศ์ Apocynaceae ดอกสีขาว กลิ่นหอม เปลือกใช้ทำยาได้, มวกใหญ่ หรือ มูกหลวง ก็เรียก."
ม่วง 0,ว.,"สีน้ำเงินปนแดง, ถ้าออกครามเรียก สีม่วงคราม, ถ้าออกแดงเรียก สีม่วงชาด, ถ้าเจือขาวเรียก สีม่วงอ่อน, เรียกผ้าไหมสำหรับผู้ชายนุ่งที่มีสีอย่างนั้นหรือสีอย่างอื่น ว่า ผ้าม่วง."
ม่วง 1,น.,มะม่วง.
ม่วง 2,น.,ชื่อเรือขุดรูปคล้ายเรือมาด แต่ยาวกว่า รูปร่างเพรียว หัวงอน ท้ายสั้น เป็นเรือที่คหบดีนิยมใช้กันในสมัยก่อน.
ม่วงมณีรัตน์ 0,น.,"ชื่อไม้เถาชนิด Saritaea magnifica (W. Bull) Dugand ในวงศ์ Bignoniaceae ใบเป็นใบประกอบ มีใบย่อยเป็นคู่ ระหว่างใบย่อยมีมือจับ ดอกสีม่วงชมพู ภายในหลอดดอกสีเหลือง, ม่วงมณีรัตน์ ก็เรียก."
ม่วน 0,ว.,"ไพเราะ, เสนาะ, สนุก."
ม้วน 0,ก.,หมุนพันเข้าไปให้มีลักษณะกลมอย่างรูปทรงกระบอก.
ม้วน 1,น.,ลักษณนามเรียกสิ่งของเช่นผ้าหรือกระดาษที่ขดหรือพันห่อตัวอยู่ เช่น ผ้าม้วนหนึ่ง กระดาษ ๒ ม้วน.
มวน 0,น.,"ชื่อแมลงอันดับ Hemiptera เมื่อโตเต็มที่มีปีก ๒ คู่ ปีกคู่หน้าค่อนข้างยาว แคบ เนื้อปีกครึ่งหน้าแข็งครึ่งหลังอ่อน ปีกคู่หลังอ่อนเป็นแผ่นบางตลอด เมื่อพับปีกจะแบนราบแนบไปตามลำตัวด้านหลัง ปากแบบเจาะดูด หลายชนิดปล่อยกลิ่นฉุน และเป็นศัตรูพืช พวกที่อยู่ในวงศ์ Pentatomidae เช่น มวนเขียว [Rhynchocoris humeralis (Thunberg)] ทำลายผลส้ม, แมลงแกง [Tessaratoma javanica (Thunberg)] ทำลายผลลิ้นจี่และลำไย, ที่อยู่ในวงศ์ Pyrrhocoridae เช่น มวนแดงฝ้าย [Dysdercus cingulatus (Fabricius)] ทำลายทุกส่วนของฝ้าย."
มวน 1,ก.,ม้วนเส้นยาสูบด้วยใบตองหรือใบจากเป็นต้นให้เป็นบุหรี่.
มวน 2,น.,ลักษณนามของบุหรี่ เช่น บุหรี่ ๒ มวน.
มวน 3,ว.,อาการที่ทำให้รู้สึกปั่นป่วนอยู่ในท้อง.
มวน 4,ว.,ม่วน. (ดู มอน).
มวนก้าน 0,ก.,"ชื่อแมลงพวกมวนชนิด Sphaerodema rusticum (Fabricius) และ S. molestum (Dufour) ในวงศ์ Belostomatidae ลักษณะคล้ายแมลงดานาแต่ตัวเล็กกว่ามาก ลำตัวยาวประมาณ ๑.๕ เซนติเมตร ตัวอ่อนอยู่ในน้ำ กินแมลงหรือสัตว์น้ำขนาดเล็ก ตัวเต็มวัยมักบินเข้าหาแสงไฟ เพศเมียวางไข่บนหลังเพศผู้เป็นกลุ่มยึดติดกันด้วยสารเหนียว นำมาคั่วกับเกลือกินได้, แมลงดาสวน สีเสียด แมลงสีเสียด มวนหลังไข่ หรือ มวนก้าน ก็เรียก"
มวนชิด 0,น.,กระสุนพระอินทร์. (ดู กระสุนพระอินทร์).
ม้วนต้วน 0,ว.,อาการที่แสดงท่าทางเอียงอาย.
ม้วนต้วน 1,ก.,กลิ้งหมุนไปรอบตัว.
มวนแมงป่องน้ำ 0,น.,"ชื่อแมลงพวกมวนหลายชนิดหลายสกุล ในวงศ์ Nepidae ที่พบบ่อยอยู่ในสกุล Laccotrephesเช่น ชนิด L. ruberLinn. และ L. robustus Stål ลำตัวยาว ๓-๔ เซนติเมตร มีหางยาวยื่นออกมา ๒ เส้น ตัวอ่อนอยู่ในน้ำ ขาคู่หน้าแข็งแรง จับสัตว์น้ำขนาดเล็กเช่นลูกน้ำหรือดักแด้ยุงกิน, มวนแมงป่องน้ำ หรือ แมลงดาโป้งเป้ง ก็เรียก, พายัพเรียก ดากลั้นเยี่ยว หรือ ดาเยี่ยว, อีสานเรียก แมงฮอด อีงอด งอดน้ำ หรือ กะโซ่น้ำ, ปักษ์ใต้เรียก แมลงจิ้มฟันจระเข้ หรือ แมลงดาขี้ควาย."
ม้วนเสื่อ 0,ก.,เสียการพนันจนหมดตัว
ม้วนเสื่อ 1,ก.,เลิกกิจการเพราะขาดทุนจนไม่สามารถดำเนินกิจการนั้นต่อไปได้.
ม้วนหน้า 0,ก.,ก้มหน้าเพราะความอาย.
มวนหลังไข่ 0,น.,"ชื่อแมลงพวกมวนชนิด Sphaerodema rusticum (Fabricius) และ S. molestum (Dufour) ในวงศ์ Belostomatidae ลักษณะคล้ายแมลงดานาแต่ตัวเล็กกว่ามาก ลำตัวยาวประมาณ ๑.๕ เซนติเมตร ตัวอ่อนอยู่ในน้ำ กินแมลงหรือสัตว์น้ำขนาดเล็ก ตัวเต็มวัยมักบินเข้าหาแสงไฟ เพศเมียวางไข่บนหลังเพศผู้เป็นกลุ่มยึดติดกันด้วยสารเหนียว นำมาคั่วกับเกลือกินได้, แมลงดาสวน สีเสียด แมลงสีเสียด มวนหลังไข่ หรือ มวนก้าน ก็เรียก"
มวนหวาน 0,น.,"ชื่อผีเสื้อกลางคืนหลายชนิด หลายสกุล ในวงศ์ Noctuidae เป็นศัตรูพืชโดยใช้ปลายปากที่แข็งแรงเจาะเปลือกผลไม้ เช่น ส้ม เงาะ ลิ้นจี่ ลำไย เพื่อดูดกินน้ำข้างใน ทำให้เกิดรอยแผลเชื้อโรคเข้าได้ ผลไม้เน่าและร่วงในที่สุด ชนิดที่พบบ่อย คือ ชนิด Eudocima fullonia (Clerck), E. salaminia (Cramer) และ Purbia discrepans (Walker)."
ม้วย 0,ก.,"ตาย, สิ้นสุด, วายวอด, มักใช้เข้าคู่กับคำ มอด เป็น ม้วยมอด หรือ มอดม้วย."
มวย 0,น.,การชกกันด้วยหมัดเป็นต้น.
มวย 1,น.,ผมที่มุ่นขมวดให้เป็นกลุ่มเป็นกระจุกไว้ตรงท้ายทอยเป็นต้น เรียกว่า ผมมวย.
มวย 2,ว.,"หนึ่ง, เดียว."
มวยไทย 0,น.,กีฬาชกมวยบนเวทีที่มีกติกายอมให้คู่ชกใช้เท้า ศอก และเข่าได้.
มวยปล้ำ 0,น.,กีฬาต่อสู้ด้วยมือเปล่าอย่างหนึ่ง คู่ต่อสู้ต้องพยายามทำให้อีกฝ่ายล้มลงจนไหล่ด้านหลังทั้ง ๒ ข้างแตะพื้นตลอดช่วงเวลาที่กำหนดจึงจะเป็นฝ่ายชนะ.
มวยล้ม 0,น.,"การชกมวยบนเวทีที่คู่ต่อสู้ฝ่ายหนึ่งแกล้งยอมเป็นฝ่ายแพ้ เพื่อหวังผลในการพนัน, โดยปริยายหมายถึงการต่อสู้หรือเรื่องราวที่ดูเหมือนเอาจริงเอาจัง แต่กลับไม่จริงหรือเลิกล้มไป."
มวยวัด 0,น.,การชกต่อยอย่างไม่มีกติกา.
มวยสากล 0,น.,กีฬาชกมวยบนเวทีที่มีกติกาห้ามคู่ชกใช้อวัยวะอื่นใดนอกจากหมัด.
มวยหมู่ 0,น.,การยกพวกเข้าชกต่อยกันอย่างชุลมุน.
มวล 0,ว.,"ทั้งหมด, ทั้งสิ้น, ทั้งปวง, เช่น มวลชน มวลมนุษย์, ทั้งมวล ก็ว่า."
มวลสาร 0,น.,เนื้อของเทหวัตถุที่รวมกันอยู่ในเทหวัตถุนั้น ๆ.
มวลอากาศ 0,น.,อากาศในบริเวณกว้างที่มีสมบัติคล้ายคลึงกัน โดยเฉพาะอุณหภูมิและความชื้น.
มสาร 0,น.,แก้วมรกต.
มสารกะ 0,น.,แก้วมรกต.
มสารคัล 0,น.,"แก้วลาย, เพชรตาแมว."
มสิ 0,น.,เขม่า
มสิ 1,น.,หมึก.
มหกรรม 0,น.,"การฉลอง, การบูชา."
มหรณพ 0,น.,"ทะเลใหญ่, ห้วงนํ้าใหญ่."
มหรรฆ- 0,ว.,"มีค่ามาก, มักใช้เป็นส่วนหน้าของสมาส เช่น มหรรฆภัณฑ์ คือ สิ่งของที่มีค่ามาก."
มหรรณพ 0,น.,"ทะเลใหญ่, ห้วงนํ้าใหญ่."
มหรสพ 0,น.,การเล่นรื่นเริงมีโขนละครเป็นต้น.
มหัคฆ- 0,ว.,"มีค่ามาก, มักใช้เป็นส่วนหน้าของสมาส เช่น มหัคฆภัณฑ์ คือ สิ่งของที่มีค่ามาก."
มหัจฉริย- 0,ว.,น่าอัศจรรย์มาก.
มหัจฉริยะ 0,ว.,น่าอัศจรรย์มาก.
มหัณณพ 0,น.,มหรรณพ.
มหัต 0,ว.,"มหันต์, ใหญ่, มาก."
มหัทธนะ 0,น.,"ผู้มั่งคั่ง, คนมั่งมี."
มหัทธนะ 1,ว.,"มีทรัพย์มาก, มั่งมี."
มหันต์ 0,ว.,"ใหญ่, มาก, เช่น โทษมหันต์. (เมื่อเข้าสมาสกับศัพท์อื่น เป็น มห บ้าง มหา บ้าง เช่น มหัคฆภัณฑ์ คือ สิ่งของที่มีค่ามาก, มหาชน คือ ชนจำนวนมาก)."
มหันต- 0,ว.,"ใหญ่, มาก, เช่น โทษมหันต์. (เมื่อเข้าสมาสกับศัพท์อื่น เป็น มห บ้าง มหา บ้าง เช่น มหัคฆภัณฑ์ คือ สิ่งของที่มีค่ามาก, มหาชน คือ ชนจำนวนมาก)."
มหันตโทษ 0,น.,"โทษหนัก, คู่กับ ลหุโทษ = โทษเบา."
มหัพภาค 0,น.,เครื่องหมายวรรคตอนรูปดังนี้ .
มหัพภาค 1,น.,ภาคใหญ่.
มหัล 0,น.,"ผู้ใหญ่, คนมีอายุมาก, คนแก่."
มหัล 1,ว.,"แก่, มีอายุมาก."
มหัลกะ 0,น.,"ผู้ใหญ่, คนมีอายุมาก, คนแก่."
มหัลกะ 1,ว.,"แก่, มีอายุมาก."
มหัศจรรย์ 0,ว.,"แปลกประหลาดมาก, น่าพิศวงมาก, ผิดปรกติวิสัยของธรรมชาติ."
มหา 0,ว.,"ใหญ่, ยิ่งใหญ่, มักใช้เป็นส่วนหน้าของสมาส บางทีก็ลดรูปเป็น มห เช่น มหรรณพ มหัทธนะ มหัศจรรย์."
มหา 1,น.,สมณศักดิ์ที่ใช้นำหน้าชื่อภิกษุผู้ที่สอบไล่ได้ตั้งแต่เปรียญธรรม ๓ ประโยคขึ้นไป.
มหากฐิน 0,น.,"ชื่อพระชฎาเครื่องต้น เรียกว่า พระชฎามหากฐิน, ชื่อพระแสงหอกที่เชิญลงในขบวนพยุหยาตราทางชลมารค เรียกว่า พระแสงหอกมหากฐิน."
มหากาฬ 0,น.,ชื่อยาไทยชนิดหนึ่งสำหรับแก้โรคปากเปื่อย คอเปื่อย ลิ้นเปื่อย.
มหากาฬ 1,น.,"ชื่อไม้ล้มลุกมีหัวชนิด Gynura pseudochina (L.) DC. ในวงศ์ Compositae ดอกสีเหลืองส้ม ใบใช้ทำยาพอก, ว่านมหากาฬ ก็เรียก."
มหาขันธกะ 0,น.,ชื่อคัมภีร์พระวินัยหมวดหนึ่ง.
มหาจักร 0,น.,ชื่อยาไทยแก้ลมเพื่อซางโค.
มหาจักร 1,น.,"ระยะเวลา ๖๐ ปี คือ เวลาที่ดาวพฤหัสบดีเดินรอบดวงอาทิตย์ ๕ รอบ, พฤหัสบดีจักร ก็ว่า."
มหาจักร 2,น.,ดาว ๘ ดวง มีอาทิตย์ จันทร์ อังคาร พุธ พฤหัสบดี ศุกร์ เสาร์ และราหู ซึ่งอยู่ในราศีนิยม เช่น จันทร์อยู่ราศีเมษ อาทิตย์อยู่ราศีกรกฎ ตามที่ท่านกำหนดไว้ ย่อมทรงคุณทำให้เจ้าของชะตาเด่นขึ้นหรือคุ้มโทษต่าง ๆ ได้.
มหาชน 0,น.,"คนจำนวนมาก, คนส่วนใหญ่, ชนจำนวนมาก เช่น มติมหาชน, ประชาชนทั่วไป, เรียกกฎหมายที่เกี่ยวกับประชาชนทั่วไป ว่า กฎหมายมหาชน."
มหาชัย 0,น.,"ชื่อเพลงไทยโบราณ อัตรา ๒ ชั้น หน้าทับปรบไก่ มี ๒ ท่อน อยู่ในเรื่องทำขวัญ ต่อมาแปลงเป็นทางฝรั่งใช้เป็นเพลงคำนับเมื่อบุคคลสำคัญมาถึงมณฑลพิธี, สำนักพระราชวังและข้อบังคับกระทรวงกลาโหมกำหนดให้ดุริยางค์บรรเลงเพลงมหาชัยรับและส่งเสด็จในพิธีการที่พระบรมวงศ์เสด็จพระราชดำเนินหรือเสด็จไปทรงเป็นประธาน และบรรเลงรับและส่งประธานในพิธีการที่เป็นผู้สำเร็จราชการแทนพระองค์ และบรรเลงเป็นเพลงเคารพธงราชวงศ์เวลาผ่านหรือขึ้นลง นายทหารที่มียศจอมพล จอมพลเรือ จอมพลอากาศ."
มหาชาติ 0,น.,"เรียกเวสสันดรชาดก ว่า มหาชาติ มี ๑๓ กัณฑ์, การมีเทศน์เรื่องมหาเวสสันดรชาดก เรียกว่า มีเทศน์มหาชาติ."
มหาโชตรัต 0,น.,ชื่อตำราแพทย์แผนโบราณว่าด้วยระดูสตรี.
มหาดไทย 0,น.,"ชื่อกรมที่ปกครองหัวเมืองฝ่ายเหนือในสมัยโบราณ มีสมุหนายกเป็นประธาน, ชื่อกระทรวงที่มีอำนาจหน้าที่เกี่ยวกับการปกครองท้องที่ บำบัดทุกข์บำรุงสุข การพัฒนาชนบทและชุมชน การส่งเสริมการศึกษาและการประกอบอาชีพ การรักษาความสงบเรียบร้อยของประชาชน การป้องกันสาธารณภัย การผังเมือง การโยธา และการราชทัณฑ์."
มหาดเล็ก 0,น.,"ข้าราชการในราชสำนักมีหน้าที่รับใช้พระมหากษัตริย์, ผู้ที่รับใช้ประจำเจ้านาย หรือผู้ที่ถวายตัวเป็นผู้รับใช้เจ้านาย."
มหาดเล็กรายงาน 0,น.,มหาดเล็กซึ่งมีหน้าที่รายงานการสร้างวัดหรือคนเจ็บป่วยเป็นต้น
มหาดเล็กรายงาน 1,น.,ชื่อตำแหน่งราชการชั้นฝึกหัดในหัวเมือง.
มหาตมะ 0,ว.,"ผู้มีอิทธิฤทธิ์, ผู้มีใจสูง."
มหาติมิระ 0,น.,ชื่อปลา ๑ ใน ๗ ตัว ในหนังสือไตรภูมิกถา.
มหาไถ่ 0,น.,ผู้โปรดให้พ้นบาป หมายถึง พระเยซู.
มหาทวีป 0,น.,"ทวีปใหญ่, คู่กับ ปริตทวีป."
มหาเทพ 0,น.,เทวดาผู้เป็นใหญ่ (โดยมากใช้เรียกพระอิศวร).
มหาเทพี 0,น.,พระอุมา ชายาพระอิศวร เรียกว่า พระมหาเทพี หรือ พระมหาเทวี.
มหาเทวี 0,น.,พระอุมา ชายาพระอิศวร เรียกว่า พระมหาเทพี หรือ พระมหาเทวี.
มหาธาตุ 0,น.,"พระอัฐิธาตุของพระพุทธเจ้า, พระบรมธาตุ หรือ พระบรมสารีริกธาตุ ก็เรียก"
มหาธาตุ 1,น.,"เรียกพระสถูปเจดีย์หรือพระปรางค์ที่บรรจุพระบรมธาตุ ว่า มหาธาตุ เช่น เอาทั้งพืชพระศรีมหาโพธิอันพระพุทธเจ้าเราเสด็จอยู่ใต้ต้นและผจญพลขุนมาราธิราช ได้ปราบแก่สัพพัญญุตญาณเป็นพระพุทธมาปลูกเบื้องหลังพระมหาธาตุนี้ (ศิลาจารึกนครชุม), เรียกวัดที่มีพระสถูปเจดีย์หรือพระปรางค์ที่บรรจุพระบรมธาตุ ว่า วัดมหาธาตุบ้าง วัดพระศรีมหาธาตุบ้าง วัดพระศรีรัตนมหาธาตุบ้าง."
มหานสะ 0,น.,"ครัว, โรงครัว."
มหานันททายี 0,น.,ชื่อโคลงโบราณอย่างหนึ่ง บทหนึ่งมี ๔ บาท ๓ บาทแรก บาทละ ๗ คำ วรรคหน้ามี ๕ คำ วรรคหลังมี ๒ คำ บาทที่ ๔ มี ๙ คำ วรรคหน้ามี ๕ คำ วรรคหลังมี ๔ คำ บังคับสัมผัสคำที่ ๗ ของบาทที่ ๑ สัมผัสกับคำที่ ๔ ของบาทที่ ๒ และคำที่ ๔ ของบาทที่ ๓ คำที่ ๗ ของบาทที่ ๒ สัมผัสกับคำที่ ๕ ของบาทที่ ๔ ไม่บังคับตำแหน่งคำเอกคำโท เช่น+C1313 คู่กับ นันททายี.
มหานิกาย 0,น.,"ชื่อคณะสงฆ์นิกายหนึ่ง, คู่กับ ธรรมยุติกนิกาย."
มหานิล 0,น.,ชื่อยาไทยขนานหนึ่ง มีสีดำ ใช้เป็นยาสมานกวาดคอเด็ก แก้หละ ละออง ซาง.
มหานิล 1,น.,"ชื่อไม้ล้มลุกชนิดหนึ่งในสกุล Hedychiumวงศ์ Zingiberaceae, ว่านมหานิล ก็เรียก."
มหาบพิตร 0,น.,"คำที่พระภิกษุใช้สำหรับแทนพระองค์พระมหากษัตริย์หรือสมเด็จพระราชินี, ใช้ว่า บรมบพิตร ก็มี."
มหาบัณฑิต 0,น.,ปริญญาโท
มหาบัณฑิต 1,น.,ผู้ได้รับปริญญาโท.
มหาพน 0,น.,ชื่อกัณฑ์ที่ ๗ ของมหาชาติ ว่าด้วยเรื่องป่า.
มหาพรหม 0,น.,ชื่อพรหมชั้นที่ ๓ ในรูปพรหม ๑๖ ชั้น.
มหาพรหมราชินี 0,น.,"ชื่อต้นไม้ขนาดเล็ก ชนิด Mitrephora sirikitiae Weerasooriya, Chalermglin et M.K.R. Sanadero ในวงศ์ Annonaceae กลีบดอกสีเขียวอ่อน ปลายสีม่วงเข้ม ผลเป็นผลกลุ่ม ตั้งชื่อวิทยาศาสตร์เพื่อเทิดพระเกียรติสมเด็จพระนางเจ้าสิริกิติ์ พระบรมราชินีนาถ."
มหาภารตะ 0,น.,"ชื่อบทประพันธ์มหากาพย์เรื่องใหญ่เรื่องหนึ่งของอินเดีย, คู่กับ รามายณ คือ รามเกียรติ์."
มหาภิเนษกรมณ์ 0,น.,การเสด็จออกบรรพชาของพระพุทธเจ้า.
มหาภูต 0,น.,ธาตุทั้ง ๔ คือ ดิน นํ้า ไฟ ลม.
มหาเมฆ 0,น.,ว่านมหาเมฆ. (ดู ว่านมหาเมฆ ที่ ว่าน).
มหาเมฆ 1,น.,ชื่อละอองหรือฝ้าในปากเด็กเล็ก ๆ เกิดเพราะเป็นโรคซางชนิดหนึ่งที่เรียกว่า ซางโค.
มหายาน 0,น.,"ชื่อนิกายในพระพุทธศาสนาฝ่ายเหนือที่นับถือกันในทิเบต จีน ญี่ปุ่น เกาหลี และญวน เป็นต้น, อาจริยวาท ก็ว่า."
มหายุค 0,น.,"ยุคใหญ่ คือ ยุคทั้ง ๔ รวมกัน, จตุรยุค ก็เรียก. (ดู จตุรยุค)."
มหายุค 1,น.,"๑,๐๐๐ มหายุค หรือ ๔,๓๒๐,๐๐๐,๐๐๐ ปีมนุษย์ เป็น ๑ กัลป์ เท่ากับช่วงกลางวันของพระพรหมเมื่อถึงเวลาค่ำ พระอิศวรจะล้างโลกด้วยเพลิง และปล่อยให้โลกอยู่ในความมืด จนกว่าพระพรหมจะสร้างโลกขึ้นใหม่ในเช้าวันรุ่งขึ้น."
มหารณพ 0,น.,"ทะเลใหญ่, ห้วงนํ้าใหญ่."
มหาราช 0,น.,คำซึ่งมหาชนถวายเพื่อเฉลิมพระเกียรติพระมหากษัตริย์
มหาราช 1,น.,ชื่อธงประจำพระองค์พระมหากษัตริย์ เรียกว่า ธงมหาราช
มหาราช 2,น.,ชื่อกัณฑ์ที่ ๑๑ ของมหาชาติ.
มหาราชลีลา 0,น.,เรียกท่านั่งที่ห้อยเท้าขวาลงเท้าซ้ายงอพับขึ้นไปสอดไว้ใต้โคนขาขวา.
มหาฤกษ์ 0,น.,"ชื่อเพลงไทย มี ๒ ทาง คือ ทางไทย เป็นเพลงอัตรา ๒ ชั้น หน้าทับปรบไก่ ปรากฏในเรื่องทำขวัญ และทางฝรั่ง, ใช้เป็นเพลงเกียรติยศของข้าราชการทุกชั้น ที่ต่ำกว่าชั้นพระบรมวงศ์ตลอดจนถึงสามัญชน เพื่อใช้ในเวลาอวยพรซึ่งกันและกันในงานพิธีมงคลฤกษ์ต่าง ๆ."
มหาละลวย 0,น.,ชื่อมนตร์สำหรับเป่าให้คนหลงรัก.
มหาละลาย 0,น.,ชื่อต้นไม้ชนิดหนึ่งใช้ทำยาได้.
มหาวงศ์ 0,น.,ชื่อหนังสือพงศาวดารลังกา แต่งเป็นภาษาบาลีโดยพระมหานาม เพื่อเรียบเรียงตำนานพระพุทธ-ศาสนาและเหตุการณ์บ้านเมืองของลังกาทวีปตั้งแต่สมัยแรกเริ่มจนถึงรัชสมัยพระเจ้าคชพาหุ.
มหาวรรค 0,น.,ชื่อคัมภีร์พระวินัยปิฎกคัมภีร์หนึ่ง
มหาวรรค 1,น.,ชื่อมาตราปักษคณนา คือ ปักษ์ถ้วน ๔ ปักษ์ขาด ๑.
มหาวิทยาลัย 0,น.,สถาบันอุดมศึกษาที่มีวัตถุประสงค์ให้การศึกษาในด้านวิชาการและวิชาชีพชั้นสูงหลายสาขาวิชา หรือหลายกลุ่มสาขาวิชา เพื่อให้ประกาศนียบัตร อนุปริญญา ปริญญา และประกาศนียบัตรบัณฑิตแก่ผู้สำเร็จการศึกษา รวมทั้งดำเนินการวิจัยและให้บริการทางวิชาการแก่สังคม และทำนุบำรุงศิลปะและวัฒนธรรมของชาติ.
มหาศักราช 0,น.,ศักราชที่ไทยใช้ในสมัยสุโขทัย เริ่มตั้งภายหลังพุทธศักราช ๖๒๑ ปี (พุทธศักราชลบด้วย ๖๒๑ เท่ากับ มหาศักราช).
มหาศาล 0,น.,"ผู้ยิ่งใหญ่ในวรรณะนั้น ๆ, ถ้าเป็นพราหมณ์ก็หมายความว่า มีศิษย์มาก, ถ้าเป็นกษัตริย์ก็หมายความว่า มีอำนาจมาก, ถ้าเป็นแพศย์ก็หมายความว่า มีทรัพย์มาก."
มหาศาล 1,ว.,"มีทรัพย์สมบัติมากมาย เช่น เศรษฐีมหาศาล, (ปาก) อย่างยิ่ง, มากมาย, เช่น เขามีที่ดินมหาศาล."
มหาสงกรานต์ 0,น.,วันขึ้นปีใหม่อย่างเก่า เริ่มแต่พระอาทิตย์ย่างขึ้นสู่ราศีเมษ เรียกว่า วันมหาสงกรานต์.
มหาสดมภ์ 0,น.,ชื่อโรคลมชนิดหนึ่งตามตำราแพทย์แผนโบราณซึ่งอาจทำให้ขากรรไกรแข็ง.
มหาสดำ 0,น.,ชื่อเฟินต้นชนิด Cyathea podophylla (Hook.) Copel. ในวงศ์ Cyatheaceae ใช้ทำยาได้.
มหาสมุทร 0,น.,ทะเลใหญ่.
มหาสาวก 0,น.,พระสาวกชั้นผู้ใหญ่ของพระพุทธเจ้า ๘๐ องค์ ซึ่งรวมพระอัครสาวกทั้ง ๒ องค์เข้าไว้ในจำนวนนั้นด้วย.
มหาหงส์ 0,น.,"ชื่อไม้ล้มลุกชนิด Hedychium coronarium J. König ในวงศ์ Zingiberaceae ดอกใหญ่ สีขาวล้วนหรือมีสีเหลืองตอนกลาง กลิ่นหอม ชอบขึ้นในที่ลุ่มนํ้าขัง มักปลูกตามบ้าน, กระทายเหิน ก็เรียก, จันทบุรีและระยองเรียก เลเป หรือ ลันเต."
มหาหิงคุ์ 0,น.,ยางของไม้ล้มลุกหลายชนิดในสกุล Ferula วงศ์ Umbelliferae มีกลิ่นร้อนฉุนและเหม็น นิยมใช้เป็นยาทาภายนอก เช่น ชนิด F. assafoetida L. และชนิด F. foetida (Bunge) Regel.
มหาอำนาจ 0,ว.,เรียกประเทศที่มีพลังทางด้านเศรษฐกิจหรือทางทหารสูง ว่า ประเทศมหาอำนาจ.
มหาอุจ 0,น.,ดาวพระเคราะห์ที่ทรงคุณสูงเด่น ทำให้เจ้าดวงชะตามีความเจริญรุ่งเรือง.
มหาอุด 0,น.,เครื่องรางของขลังที่ช่วยให้ผู้เป็นเจ้าของอยู่ยงคงกระพัน
มหาอุด 1,น.,โบสถ์หรือวิหารที่มีผนังทึบตันรอบด้านมีช่องทางเข้าออกเฉพาะประตูด้านหน้าแห่งเดียว เพื่อประโยชน์ในการทำพิธีที่เชื่อว่าจะทำให้ขลังยิ่งขึ้น.
มหาอุปรากร 0,น.,ละครประเภทหนึ่ง มีดนตรีเป็นส่วนประกอบสำคัญ ดำเนินเรื่องด้วยการร้องเพลงผสมวงดุริยางค์คล้ายอุปรากร ตัวละครทุกตัวจะร้องแทนพูด เนื้อเรื่องมีความจริงจังหนักหน่วง ถือเป็นละครชั้นสูงของชาวตะวันตก.
มหาอุปราช 0,น.,ตำแหน่งรัชทายาทที่จะสืบราชสมบัติของพระมหากษัตริย์ เรียกว่า พระมหาอุปราช หรือเรียกกันอย่างสามัญว่า วังหน้า
มหาอุปราช 1,น.,ตำแหน่งขุนนางทำหน้าที่มุขมนตรี เรียกว่า เจ้าพระยามหาอุปราช.
มหิ 0,น.,แผ่นดิน.
มหิงส์ 0,น.,ควาย.
มหิดล 0,น.,"พื้นดิน, พื้นโลก."
มหิทธิ 0,ว.,มีฤทธิ์มาก.
มหิธร 0,น.,ผู้ทรงแผ่นดิน คือ ภูเขา
มหิธร 1,น.,ชื่อหนึ่งของพระนารายณ์
มหิธร 2,น.,พระเจ้าแผ่นดิน.
มหินท์ 0,น.,พระอินทร์.
มหิบดี 0,น.,พระเจ้าแผ่นดิน.
มหิบาล 0,น.,พระเจ้าแผ่นดิน.
มหิป 0,น.,พระเจ้าแผ่นดิน.
มหิมา 0,ว.,"ใหญ่, โต, ใช้ว่า มหึมา ก็มี."
มหิศร 0,น.,"ผู้เป็นใหญ่ยิ่ง, เลือนมาจาก มเหศวร หมายถึง พระศิวะ หรือ พระเจ้าแผ่นดิน."
มหิศวร 0,น.,"ผู้เป็นใหญ่ยิ่ง, เลือนมาจาก มเหศวร หมายถึง พระศิวะ หรือ พระเจ้าแผ่นดิน."
มหิษ 0,น.,ควาย.
มหิษี 0,น.,ชายาพระเจ้าแผ่นดิน.
มหึมา 0,ว.,"ใหญ่, โต, ใช้ว่า มหิมา ก็มี."
มหุดิฤกษ์ 0,น.,"ฤกษ์ดี, ยามดี."
มหุรดี 0,น.,"ครู่, ขณะ, ชั่วโมง."
มหู 0,ก.,ต้องการ.
มเหนทร์ 0,น.,พระอินทร์.
มเหยงค์ 0,น.,"ภูเขา, เนินดิน."
มเหศ 0,น.,"พระอิศวร, พระเจ้าแผ่นดิน."
มเหศวร 0,น.,"พระอิศวร, พระเจ้าแผ่นดิน."
มเหศักดิ์ 0,น.,เจ้าผีซึ่งเดิมเป็นเจ้าเมืองในถิ่นนั้น.
มเหสักข์ 0,น.,เทวดาผู้ใหญ่.
มเหสิ 0,น.,"ผู้แสวงหาศีลาทิคุณอันยิ่งใหญ่, ฤษีใหญ่, พระพุทธเจ้า."
มเหสี 0,น.,"ผู้แสวงหาศีลาทิคุณอันยิ่งใหญ่, ฤษีใหญ่, พระพุทธเจ้า."
มเหสี 1,น.,ตำแหน่งภรรยาของพระมหากษัตริย์ เรียกว่า พระมเหสี.
มเหาษธ 0,น.,ยาแรงชนิดหนึ่ง
มเหาษธ 1,น.,การแก้ไข้อย่างชะงัด.
มเหาษธ 2,น.,ชื่อพรรณไม้ที่มีกลิ่นฉุน เช่น ขิง กระเทียม.
มเหาฬาร 0,ว.,"มโหฬาร, ยิ่งใหญ่, กว้างใหญ่."
มโหฆะ 0,น.,"ห้วงนํ้าใหญ่, ทะเลใหญ่"
มโหฆะ 1,น.,"นํ้ามาก, นํ้าท่วมมาก."
มโหรสพ 0,น.,มหรสพ.
มโหระทึก 0,น.,กลองโลหะหน้าเดียวส่วนมากทำด้วยสัมฤทธิ์ ใช้ตีเป็นสัญญาณประโคมในพิธีกรรม.
มโหรี 0,น.,วงดนตรี ๑ ใน ๓ วงหลักของดนตรีไทย คือ ปี่พาทย์ เครื่องสาย และมโหรี ใช้เครื่องดนตรีครบทั้งดีด สี ตี เป่า (ขลุ่ย) และขับร้อง ระดับเสียงที่ใช้สูงกว่าระดับเสียงวงปี่พาทย์.
มโหรี 1,น.,"ชื่อปลาทะเลทุกชนิดในสกุล Pomadasysวงศ์ Haemulidae หรือ Pomadasyidae โดยเฉพาะชนิด P. maculatus (Bloch) ลำตัวป้อม แบนข้าง เกล็ดเป็นแบบเกล็ดหนาม บริเวณใต้คางมีรู ๒ รู ลำตัวสีเงิน ใกล้แนวสันหลังมีสีน้ำตาลอ่อนและมีแต้มสีน้ำตาลเข้มกระจายอยู่ตอนบนของลำตัว ปลาในสกุลนี้ทั้งขณะอยู่ในน้ำและเมื่อขึ้นพ้นน้ำจะทำเสียงได้จากการขบฟันที่บริเวณคอรวมทั้งการหดและขยายตัวของถุงลมและกล้ามเนื้อ โดยถุงลมยังทำให้เสียงก้องขึ้นอีกด้วย ขนาดยาวได้ถึง ๕๐ เซนติเมตร, มโหรี กระต่ายขูด กะทิขูด หรือ หัวขวาน ก็เรียก."
มโหษธ 0,น.,มเหาษธ.
มโหฬาร 0,ว.,"ยิ่งใหญ่, กว้างใหญ่, เช่น ใหญ่โตมโหฬาร."
มไหศวรรย์ 0,น.,อำนาจใหญ่
มไหศวรรย์ 1,น.,สมบัติใหญ่
มไหศวรรย์ 2,น.,ความเป็นใหญ่ในแผ่นดิน.
มอ 0,น.,ชื่อเรือต่อเสริมกราบขนาดใหญ่มาก ส่วนใหญ่ใช้บรรทุกข้าวเปลือกและเกลือ.
มอ 1,น.,"เนินดินเล็ก ๆ อย่างภูเขา, เขาจำลองที่ทำไว้ดูเล่นในบ้าน เรียกว่า เขามอ."
มอ 2,น.,วัวตัวผู้.
มอ 3,ว.,เสียงอย่างเสียงวัวร้อง.
มอ 4,ว.,สีมัว ๆ อย่างสีดำเจือขาว.
มอคราม 0,ว.,สีฟ้าคล้ำ.
มอง 0,ก.,มุ่งดู.
มอง 1,น.,เครื่องจับปลาชนิดหนึ่งจำพวกอวน แต่เล็กสั้น และตาถี่กว่าอวน ใช้ในแม่น้ำลำคลอง.
มองการณ์ไกล 0,ก.,"คาดคะเนเหตุการณ์ล่วงหน้าได้ถูกต้องหรือใกล้เคียง โดยอาศัยเหตุผลหรือประสบการณ์เป็นต้น, เห็นการณ์ไกล ก็ว่า."
มองโกลอยด์ 0,น.,ชนชาติผิวเหลือง มีลักษณะผมดำเหยียด หน้ากว้าง จมูกเล็ก ตาเรียว เช่น จีน ญี่ปุ่น เกาหลี เวียดนาม.
มองโกเลีย 0,น.,"ชื่อประเทศอยู่ทางทิศเหนือและทิศตะวันออกของจีน มีเมืองหลวงชื่อ อูลานบาตอร์ เดิมเรียกว่า มองโกเลียนอก ส่วนมองโกเลียใน ปัจจุบันเป็นส่วนหนึ่งของสาธารณรัฐประชาชนจีน, เรียกประชาชนในประเทศนั้น ว่า ชาวมองโกเลีย."
มองข้าม 0,ก.,มองเลยไป เช่น มองข้ามความผิด
มองข้าม 1,ก.,ไม่เห็นความสำคัญ เช่น เขาถูกมองข้ามไป.
มองคร่อ 0,น.,โรคหลอดลมโป่งพอง มีเสมหะแห้งอยู่ในช่องหลอดลม ทำให้มีอาการไอเรื้อรัง ห้ามผู้ที่เป็นโรคนี้บวชเป็นภิกษุ. (อ. bronchiectasis)
มองคร่อ 1,น.,"โรคทางเดินหายใจในสัตว์กีบเดียววงศ์ Equidae มีอาการไข้สูง เป็นฝีที่ต่อมน้ำเหลืองใต้คางและบริเวณคอหอย อาจติดต่อถึงคนได้, เขียนเป็น มงคล่อ ก็มี."
มองเมียง 0,ก.,เลียบ ๆ เคียง ๆ ดู.
มองเสี้ยว 0,น.,ท่าโขนท่าหนึ่ง.
มอซอ 0,ว.,"ดำคลํ้า, ไม่ผ่องใส, หม่น, เช่น แต่งตัวมอซอ."
มอญ 0,น.,ชื่อชนชาติหนึ่ง เคยเป็นใหญ่อยู่ทางตอนใต้ของพม่า ปัจจุบันเป็นส่วนหนึ่งของประเทศพม่า มีภาษาพูดอยู่ในตระกูลมอญ-เขมร และมีอักษรของตนเองใช้.
มอญ 1,น.,คำนำหน้าชื่อเพลงไทยสำเนียงมอญ เช่น มอญรำดาบ มอญชมจันทร์ มอญอ้อยอิ่ง.
มอญซ่อนผ้า 0,น.,ชื่อการเล่นของเด็กอย่างหนึ่ง โดยผู้เล่นนั่งล้อมวง ผู้ซ่อนผ้าจะถือผ้าซึ่งมักฟั่นให้เป็นเกลียวเดินวนอยู่นอกวง เมื่อเห็นผู้ใดเผลอก็ทิ้งผ้านั้นไว้ข้างหลังและทำเสมือนว่ายังไม่ได้ทิ้งผ้า แล้วเดินวนอีก ๑ รอบ ถ้าผู้ที่มีผ้าวางอยู่ข้างหลังยังไม่รู้สึกตัว ก็หยิบผ้านั้นขึ้นมาตี ผู้ถูกตีจะต้องลุกขึ้นวิ่งหนีไป ๑ รอบ แล้วกลับไปนั่งที่เดิม ผู้ซ่อนผ้าก็จะเดินวนต่อไปหาทางทิ้งผ้าให้ผู้อื่นใหม่ แต่ถ้าผู้นั้นรู้ตัวก่อน ก็จะหยิบผ้าลุกขึ้นไล่ตีผู้ซ่อนผ้าให้วิ่งไป ๑ รอบ ผู้ซ่อนผ้าก็จะมานั่งแทนที่ ผู้ที่ไล่ตีนั้นก็จะเป็นผู้ซ่อนผ้าต่อไป.
มอญตีดั้ง 0,น.,ชื่อดอกไม้ไฟอย่างหนึ่งในพวกดอกไม้นํ้า.
มอด 0,น.,"ชื่อแมลงขนาดเล็กหลายชนิด หลายสกุล หลายวงศ์ และหลายอันดับ เจาะกินเข้าไปในวัสดุต่าง ๆ ทำให้เกิดเป็นรูพรุนทั่วไปกับทั้งมีวัสดุผสมมูลขับถ่ายออกมาเป็นขุยเป็นเม็ดเล็ก ๆ เรียก ขี้มอด ส่วนใหญ่เป็นแมลงปีกแข็งในอันดับ Coleoptera เช่น มอดข้าวสาร [Sitophilus oryzae (Linn.)] ในวงศ์ Curculionidae ทำลายข้าวสาร, มอดแป้ง [Tribolium castaneum (Herbst)] ในวงศ์ Tenebrionidae ทำลายข้าวโพด ข้าวสาลี, มอดไม้ไผ่ [Dinoderus minutus (Fabricius)] ในวงศ์ Bostrychidae เจาะไม้ไผ่แห้งเป็นรูเท่ารูเข็มกระจายทั่วไป"
มอด 1,น.,เรียกหน้าที่เป็นรอย ๆ อย่างมอดเจาะเช่นหน้าคนที่เป็นฝีดาษ ว่า หน้ามอด.
มอด 2,ก.,จวนจะดับ (ใช้แก่ไฟ)
มอด 3,ก.,"ตาย, มักใช้เข้าคู่กับคำ ม้วย เป็น มอดม้วย หรือ ม้วยมอด."
ม่อต้อ 0,ว.,เตี้ยลํ่า (ใช้แก่รูปร่าง) เช่น รูปร่างม่อต้อ เตี้ยม่อต้อ.
มอเตอร์ 0,น.,กลอุปกรณ์ที่ใช้สำหรับแปลงพลังงานรูปอื่นให้เป็นพลังงานกล โดยทั่วไปมักหมายถึงกลอุปกรณ์ที่ใช้สำหรับแปลงพลังงานไฟฟ้าให้เป็นพลังงานกล.
มอเตอร์ไซค์ 0,น.,"จักรยานยนต์, รถที่มีล้อ ๒ ล้อเหมือนกับรถจักรยาน ขับเคลื่อนด้วยกำลังเครื่องยนต์, รถเครื่อง ก็ว่า."
มอน 0,น.,"ใจกลาง, ส่วนสำคัญ, เช่น มอนไข่ คือ ไข่แดง."
มอน 1,ว.,"สนุก, เพราะ, หวาน, เช่น ใจมอน = ใจหวาน, ใจดี."
ม่อน 0,น.,"เนินเขา, ยอดเขา."
ม่อน 1,ส.,ข้าพเจ้า เช่น อกม่อนเมา บาบั้น บิ่นบ้าในทรวง (หริภุญชัย).
มอนไข่ 0,น.,"ชื่อกล้วยไม้ชนิด Dendrobium thyrsiflorumRchb.f. ex Andre ในวงศ์ Orchidaceae ดอกขาว ปากเหลือง, เอื้องมอนไข่ใบมน ก็เรียก."
มอบ 0,ก.,"เวนให้ เช่น มอบราชสมบัติ, สละให้ เช่น มอบกายถวายชีวิต มอบชีวิตเป็นราชพลี, ยกให้ เช่น มอบทรัพย์สมบัติ, ให้ไว้ เช่น มอบเงินให้เป็นค่าอาหารกลางวันแก่เด็กนักเรียน."
มอบ 1,น.,เครื่องสานสำหรับสวมปากวัวปากควายเพื่อกันไม่ให้กินต้นกล้าและสวมปากม้าเพื่อกันม้ากัด.
มอบ 2,ก.,ทำให้แน่นหรือให้เรียบด้วยการหุ้มหรือขลิบตามริม เช่น มอบปากกระทง.
มอบ 3,น.,ไม้ที่ตีเป็นขอบตามแนวเพดานห้องทั้ง ๔ ด้านเพื่อให้ดูเรียบร้อยหรือเพื่อทับรอยต่อตอนมุมที่ฝาเรือน ๒ ด้านมาบรรจบกัน หรือไม้ที่ตีประกบด้านนอกของกราบเรือทั้ง ๒ ด้าน เรียกว่า ไม้มอบ.
มอบฉันทะ 0,ก.,"มอบธุระไว้ด้วยความไว้วางใจ, ยินยอมให้ทำแทนโดยมีหลักฐาน, (กฎ) ดู มอบอำนาจ.มอบอำนาจ."
มอบตัว 0,ก.,"นำเด็กนักเรียนไปมอบให้อยู่ในความปกครองของโรงเรียน เช่น มอบตัวนักเรียน, ยอมตัวให้อยู่ในความควบคุมของเจ้าหน้าที่เพื่อสู้คดี เช่น ผู้ร้ายเข้ามอบตัว."
มอบหมาย 0,ก.,"กำชับสั่งเสีย เช่น มอบหมายการงาน, กะให้, กำหนดให้, เช่น มอบหมายหน้าที่ให้แต่ละคนรับผิดชอบ."
มอบอำนาจ 0,ก.,มอบหมายให้มีอำนาจจัดการหรือทำการแทน.
มอม 0,ว.,เปื้อนด้วยสีมัว ๆ ดำ ๆ เช่น หน้ามอม.
มอม 1,ก.,ทำให้เปื้อนด้วยสีมัว ๆ ดำ ๆ เช่น มอมหน้า
มอม 2,ก.,"ทำให้เสียชื่อเสียง, ทำให้มัวหมอง"
มอม 3,ก.,ทำให้เสียสติด้วยของมึนเมามีเหล้าเป็นต้น เช่น มอมเหล้า มอมกัญชา.
มอม 4,น.,เรียกรูปสัตว์ในนิยายที่มักสักตามร่างกาย ส่วนใหญ่เป็นรูปสิงห์.
มอมเมา 0,ก.,"ทำให้หลงผิด, ทำให้หมกมุ่นในทางที่ผิด."
มอมแมม 0,ว.,"เปื้อนเปรอะ, สกปรก, เช่น เนื้อตัวมอมแมม."
ม่อมลาย 0,น.,"ชื่อตะพาบชนิด Chitra chitra Nutphand ในวงศ์ Trionychidae เป็นเต่ากระดองอ่อนที่มีขนาดใหญ่ที่สุดในโลก เคยพบที่แม่นํ้าแควใหญ่ จังหวัดกาญจนบุรี มีนํ้าหนักถึง ๑๔๘ กิโลกรัม ทั้งตัวและหัวสีนํ้าตาล มีลายสีนํ้าตาลอ่อน กินปลา, กริวลาย ม่อมลาย หรือ กราวด่าง ก็เรียก."
มอมหน้า 0,ก.,เอามินหม้อเป็นต้นละเลงบนหน้าเพื่อไม่ให้คนอื่นจำหน้าได้.
มอมหน้ามอมตา 0,ก.,เอามินหม้อเป็นต้นละเลงบนหน้าเพื่อไม่ให้คนอื่นจำหน้าได้.
มอมเหล้า 0,ก.,ล่อให้กินเหล้าจนเมาครองสติไม่ได้.
ม่อย 0,ก.,เคลิ้มหลับไปชั่วครู่ เช่น ม่อยไปหน่อยหนึ่ง.
ม่อย 1,ว.,เรียกอาการที่มีสีหน้าสลดแสดงว่าเสียใจ ว่า หน้าม่อย.
ม่อยกระรอก 0,ก.,หลับ
ม่อยกระรอก 1,ก.,ตาย.
มอร์ฟีน 0,น.,สารประกอบอินทรีย์ประเภทแอลคาลอยด์ มีสูตร C_17H_19O_3N ลักษณะเป็นผลึกสีขาว หลอมละลายที่ ๒๕๔ °ซ. มีในฝิ่น เป็นยาเสพติดอย่างแรง ทางแพทย์ใช้เกลือไฮโดรคลอไรด์หรือเกลือแอซีเทต หรือเกลือซัลเฟตของมอร์ฟีนเป็นยาระงับความปวด.
มอระกู่ 0,น.,"เครื่องสูบยาของชาวอาหรับ ลักษณะเป็นขวดทรงสูงหรือหม้อมีขาหยั่ง ด้านบนมีถ้วยสำหรับใส่ยาเส้นผสมเครื่องเทศ เครื่องหอม หรือผลไม้ มีฝาปิด มีท่อต่อจากถ้วยยาลงมาถึงก้นขวดที่มีน้ำหล่ออยู่ เมื่อดูดจะทำให้ควันผ่านน้ำขึ้นมา, เขียนเป็น มรกู่ มระกู่ มะระกู่ หรือ มาระกู่ ก็มี เช่น ออกจากเก๋งเล็งแลเห็นแต่แขก ด้วยแปลงแปลกปลอมปนคนทั้งหลาย มีตุ้งก่ามาระกู่เหมือนผู้ชาย พระมุ่งหมายมองตามดูทรามเชย (อภัย) (ช.)."
มอลโทส 0,น.,นํ้าตาลชนิดหนึ่งประเภทไดแซ็กคาไรด์ ลักษณะเป็นของแข็งสีขาว หลอมละลายที่ ๑๖๐ °-๑๖๕ °ซ. องค์ประกอบเป็นกลูโคส ๒ โมเลกุลเชื่อมกัน เกิดขึ้นเนื่องจากเอนไซม์ไดแอสเทส ซึ่งมีในข้าวมอลต์ ทำปฏิกิริยากับแป้ง มีรสหวานน้อยกว่านํ้าตาลทราย.
ม่อล่อกม่อแล่ก 0,ว.,"เปื้อน ๆ เปรอะ ๆ, เลอะ ๆ เทอะ ๆ, เช่น เนื้อตัวเปียกฝนม่อล่อกม่อแล่ก, มะล่อกมะแล่ก ก็ว่า."
มอหมึก 0,ว.,สีขาวเจือดำ.
ม่อห้อม 0,น.,"เรียกเสื้อคอกลม แขนสั้นผ่าอกตลอด มักย้อมสีนํ้าเงินเข้มหรือดำ ว่า เสื้อหม้อห้อม, เขียนเป็น ม่อห้อม หรือ ม่อฮ่อม ก็มี."
ม่อฮ่อม 0,น.,"เรียกเสื้อคอกลม แขนสั้นผ่าอกตลอด มักย้อมสีนํ้าเงินเข้มหรือดำ ว่า เสื้อหม้อห้อม, เขียนเป็น ม่อห้อม หรือ ม่อฮ่อม ก็มี."
มะ 0,*ว.,"คำนำหน้าต้นไม้หรือผลไม้บางอย่าง กร่อนมาจากคำ “หมาก” โบราณแปลว่า ลูกไม้, ผลไม้."
มะ 1,น.,นาย (ใช้นำหน้าชื่อคน).
มะกรูด 0,น.,ชื่อไม้ต้นชนิด Citrus hystrix DC. ในวงศ์ Rutaceae ผลขรุขระ รสเปรี้ยว ผิวและใบมีกลิ่นหอมฉุน ใช้แต่งกลิ่นและรสอาหาร ใช้ทำยาได้.
มะกล่ำ 0,น.,"ชื่อพรรณไม้ ๓ ชนิดในวงศ์ Leguminosae คือ มะกลํ่าตาช้างหรือมะกลํ่าต้น (Adenanthera pavoninaL.) เป็นไม้ต้นขนาดใหญ่ ฝักแก่บิดเป็นวง เมล็ดแข็งสีแดง ใช้ทำยาได้, พายัพเรียก กํ่าต้น"
มะกล่ำ 1,น.,"มะกลํ่าตาหนูหรือมะกลํ่าเครือ (Abrus precatorius L.) เป็นไม้เถา ฝักแก่ไม่บิด เมล็ดสีแดงจุดดำ มีพิษ รากและใบใช้ทำยาได้, พายัพเรียก กํ่าเคือ"
มะกล่ำ 2,น.,อีกชนิดหนึ่งคือ มะกล่ำเผือก (A. fruticulosusWall. ex Wight et Arn.) คล้ายมะกล่ำตาหนูแต่เมล็ดสีขาว.
มะกอก 0,น.,"ชื่อไม้ต้นขนาดใหญ่ชนิด Spondias pinnata (L.f.) Kurz ในวงศ์ Anacardiaceae ใบอ่อนมีรสเปรี้ยว ใช้เป็นผักดิบ ผลขนาดลูกหมากดิบ เมื่อสุกมีรสเปรี้ยวเจือฝาด ใช้ปรุงอาหาร รากและเมล็ดใช้ทำยาได้, มะกอกบ้าน หรือ มะกอกป่า ก็เรียก."
มะกอกน้ำ 0,น.,ชื่อไม้ต้นขนาดเล็กชนิด Elaeocarpus hygrophilus Kurz ในวงศ์ Elaeocarpaceae มักขึ้นริมนํ้า ผลเล็กรี รสเปรี้ยวฝาด ใช้ดองเป็นอาหาร.
มะกอกบ้าน 0,น.,"ชื่อไม้ต้นขนาดใหญ่ชนิด Spondias pinnata (L.f.) Kurz ในวงศ์ Anacardiaceae ใบอ่อนมีรสเปรี้ยว ใช้เป็นผักดิบ ผลขนาดลูกหมากดิบ เมื่อสุกมีรสเปรี้ยวเจือฝาด ใช้ปรุงอาหาร รากและเมล็ดใช้ทำยาได้, มะกอกบ้าน หรือ มะกอกป่า ก็เรียก."
มะกอกป่า 0,น.,"ชื่อไม้ต้นขนาดใหญ่ชนิด Spondias pinnata (L.f.) Kurz ในวงศ์ Anacardiaceae ใบอ่อนมีรสเปรี้ยว ใช้เป็นผักดิบ ผลขนาดลูกหมากดิบ เมื่อสุกมีรสเปรี้ยวเจือฝาด ใช้ปรุงอาหาร รากและเมล็ดใช้ทำยาได้, มะกอกบ้าน หรือ มะกอกป่า ก็เรียก."
มะกอกฝรั่ง 0,น.,ชื่อไม้ต้นขนาดใหญ่ชนิด Spondias cytherea Sonn. ในวงศ์ Anacardiaceae ผลใหญ่ เนื้อหนากรอบ กินดิบ ๆ ได้.
มะกอกพราน 0,น.,"ชื่อไม้ต้นผลัดใบขนาดเล็กชนิด Ceriscoides turgida (Roxb). Tirveng ในวงศ์ Rubiaceae ขึ้นในป่าเต็งรังและป่าเบญจพรรณ ต้นมีหนามห่าง ๆ เปลือกเรียบ ดอกเมื่อแรกบานสีขาว แล้วเปลี่ยนเป็นสีเหลืองอ่อน ผลคล้ายละมุดฝรั่ง แต่สุกแล้วแข็ง, กระดานพน มะกอกพราน หมุยขาว หรือ หัวโล้น ก็เรียก."
มะกอกสามตะกร้าปาไม่ถูก 0,ก.,พูดจาตลบตะแลงพลิกแพลงไปมาจนจับคำพูดไม่ทัน.
มะกอกสามตะกร้าปาไม่ถูก 1,น.,คนกลับกลอก.
มะก่อง 0,น.,"ชื่อไม้ต้นขนาดกลางชนิด Aglaia edulis (Roxb.) Wall. ในวงศ์ Meliaceae ผลคล้ายมะไฟ แต่เปลือกแข็งและหนา, มะก่อง ก็เรียก."
มะกะโรนี 0,น.,"ชื่ออาหารชนิดหนึ่ง ทำจากแป้งสาลีเป็นเส้นกลวงยาวหรือเป็นรูปอื่น ๆ เวลาจะนำมาปรุงต้องต้มให้สุก มักใช้ผัดหรือทำแกงจืด, มักกะโรนี ก็เรียก."
มะกา 0,น.,ชื่อไม้ต้นขนาดเล็กชนิด Bridelia ovataDecne. ในวงศ์ Euphorbiaceae ใบใช้ทำยาได้.
มะเกลือ 0,น.,ชื่อไม้ต้นขนาดใหญ่ชนิด Diospyros mollis Griff. ในวงศ์ Ebenaceae แก่นดำ ผลดิบใช้ย้อมผ้าให้เป็นสีดำและใช้ทำยาได้.
มะเกี๋ยง 0,น.,ชื่อไม้ต้นขนาดกลางชนิด Cleistocalyx operculatus (Roxb.) Merr. et L.M. Perry var. paniala (Roxb.) P. Chantar. et J. Parn. ในวงศ์ Myrtaceae ผลสุกสีม่วงดำ กินได้.
มะข่วง 0,น.,"ชื่อไม้ต้นขนาดกลางถึงขนาดใหญ่ชนิด Zanthoxylum limonella (Dennst.) Alston ในวงศ์ Rutaceae ต้นและกิ่งก้านเป็นหนาม ใบเป็นใบประกอบ มีใบย่อย ๕-๘ คู่ ผลเล็ก มีกลิ่นฉุนจัด ใช้ผลแห้งเป็นเครื่องเทศหรือตำผสมเป็นเครื่องแกง, กำจัด พริกหอม มะข่วง ลูกระมาศ หมากข่วง หรือ หมากมาศ ก็เรียก."
มะขวิด 0,น.,ชื่อไม้ต้นขนาดกลางถึงขนาดใหญ่ชนิด Limonia acidissima L. ในวงศ์ Rutaceae ต้นและกิ่งมีหนาม ผลกลม เปลือกแข็ง กินได้ ยางใช้ทำยาได้.
มะขาม 0,น.,"ชื่อไม้ต้นขนาดใหญ่ชนิด Tamarindus indica L. ในวงศ์ Leguminosae ฝักมีรสเปรี้ยว ใช้ปรุงอาหารและทำยาได้, พันธุ์ฝักแบนใหญ่เรียก มะขามกระดาน, พันธุ์ฝักเล็กเรียก มะขามขี้แมว, พันธุ์ฝักมีรสหวานเรียก มะขามหวาน."
มะขามแขก 0,น.,ชื่อไม้พุ่มชนิด Senna alexandriana Mill. ในวงศ์ Leguminosae ใบเป็นใบประกอบ มีใบย่อย ๓-๗ คู่ ดอกสีเหลือง ฝักแบน รูปรีหรือรูปคล้ายไต ใบและฝักใช้ทำยา.
มะขามแขก 1,น.,"ชื่อไม้ต้นขนาดเล็กชนิด Cathormion umbellatum (Vahl) Kosterm. ในวงศ์ Leguminosae ดอกสีขาว ฝักแบนบิดเป็นวง, มะขามแขก ระกำนา หรือ ระกำป่า ก็เรียก."
มะขามคราบหมู 0,น.,มะขามฝักที่จวนจะแก่.
มะขามเทศ 0,น.,ชื่อไม้ต้นชนิด Pithecellobium dulce (Roxb.) Benth. ในวงศ์ Leguminosae ลำต้นและกิ่งมีหนาม ฝักกินได้.
มะขามป้อม 0,น.,ชื่อไม้ต้นขนาดกลางชนิด Phyllanthus emblica L. ในวงศ์ Euphorbiaceae ผลกลม รสเปรี้ยวฝาด เมล็ดแข็ง ผลใช้ทำยาได้.
มะขามป้อมดง 0,น.,"ชื่อไม้ต้นพวกเมล็ดเปลือยชนิด Cephalotaxus griffithii Hook.f. ในวงศ์ Cephalotaxaceae, มะขามป้อมดง ก็เรียก."
มะขามเปียก 0,น.,เนื้อมะขามเปรี้ยวที่แก่เกราะ นำมาปั้นเป็นก้อนเก็บไว้ใช้ปรุงอาหาร.
มะเขือ 0,น.,"ชื่อไม้พุ่มหลายชนิดในสกุล Solanumวงศ์ Solanaceae ที่ผลกินได้ คือ ชนิด S. melongenaL. ผลกลม ๆ มีหลายพันธุ์ เช่น มะเขือขื่น มะเขือไข่เต่า มะเขือเจ้าพระยา มะเขือละโว้, มะเขือยาว [S. melongena L. var. serpentinum (Desf.) L. H. Bailey] ผลยาว มีหลายสี, ชนิดที่ผลกินไม่ได้ คือ มะเขือขื่น ชนิด S. aculeatissimum Jacq. รากใช้ทำยาได้."
มะเขือทวาย 0,น.,"ชื่อไม้ล้มลุกชนิด Abelmoschus esculentus (L.) Moench ในวงศ์ Malvaceae ผลสีเขียว ยาวประมาณ ๑๒ เซนติเมตร ใช้เป็นผัก, กระเจี๊ยบมอญ มะเขือทวาย หรือ มะเขือมอญ ก็เรียก."
มะเขือเทศ 0,น.,ชื่อไม้ล้มลุกชนิด Lycopersicon esculentum Mill. ในวงศ์ Solanaceae ผลกินได้.
มะเขือพวง 0,น.,"ชื่อไม้พุ่มชนิด Solanum torvum Sw. ในวงศ์ Solanaceae ผลกินได้, อีสานเรียก หมากแข้ง."
มะเขือมอญ 0,น.,"ชื่อไม้ล้มลุกชนิด Abelmoschus esculentus (L.) Moench ในวงศ์ Malvaceae ผลสีเขียว ยาวประมาณ ๑๒ เซนติเมตร ใช้เป็นผัก, กระเจี๊ยบมอญ มะเขือทวาย หรือ มะเขือมอญ ก็เรียก."
มะแข่น 0,น.,"ชื่อไม้ต้นขนาดกลางถึงขนาดใหญ่ชนิด Zanthoxylum limonella (Dennst.) Alston ในวงศ์ Rutaceae ต้นและกิ่งก้านเป็นหนาม ใบเป็นใบประกอบ มีใบย่อย ๕-๘ คู่ ผลเล็ก มีกลิ่นฉุนจัด ใช้ผลแห้งเป็นเครื่องเทศหรือตำผสมเป็นเครื่องแกง, กำจัด พริกหอม มะข่วง ลูกระมาศ หมากข่วง หรือ หมากมาศ ก็เรียก."
มะคะ 0,น.,ชื่อไม้ต้นขนาดกลางชนิด Cynometra ramiflora L. ในวงศ์ Leguminosae ใบอ่อนสีขาว ใบแก่สีเขียวแก่ ผลแข็ง.
มะคังแดง 0,น.,ชื่อไม้ต้นขนาดกลางชนิด Dioecrescis erythroclada (Kurz) Tirveng. ในวงศ์ Rubiaceae ลำต้นมีหนาม เปลือกสีแดง ใช้ทำยาได้.
มะค่า 0,น.,"ชื่อไม้ต้นขนาดใหญ่ชนิด Afzelia xylocarpa (Kurz) Craib ในวงศ์ Leguminosae ใบคล้ายใบประดู่ ฝักแบน หนา แข็ง เนื้อไม้สีนํ้าตาลอมแดง ใช้ในการก่อสร้าง, มะค่าโมง หรือ มะค่าใหญ่ ก็เรียก."
มะค่าแต้ 0,น.,"ชื่อไม้ต้นขนาดใหญ่ชนิด Sindora siamensis Teijsm. ex Miq. ในวงศ์ Leguminosae ใบเป็นใบประกอบ ใบย่อยคู่ปลายใหญ่กว่าคู่อื่น ฝักแบนค่อนข้างบาง มีหนามแหลมทั้ง ๒ ด้าน เนื้อไม้สีนํ้าตาลเข้ม, มะค่าหนาม ก็เรียก, อีสานเรียก แต้."
มะค่าโมง 0,น.,"ชื่อไม้ต้นขนาดใหญ่ชนิด Afzelia xylocarpa (Kurz) Craib ในวงศ์ Leguminosae ใบคล้ายใบประดู่ ฝักแบน หนา แข็ง เนื้อไม้สีนํ้าตาลอมแดง ใช้ในการก่อสร้าง, มะค่าโมง หรือ มะค่าใหญ่ ก็เรียก."
มะค่าหนาม 0,น.,"ชื่อไม้ต้นขนาดใหญ่ชนิด Sindora siamensis Teijsm. ex Miq. ในวงศ์ Leguminosae ใบเป็นใบประกอบ ใบย่อยคู่ปลายใหญ่กว่าคู่อื่น ฝักแบนค่อนข้างบาง มีหนามแหลมทั้ง ๒ ด้าน เนื้อไม้สีนํ้าตาลเข้ม, มะค่าหนาม ก็เรียก, อีสานเรียก แต้."
มะค่าใหญ่ 0,น.,"ชื่อไม้ต้นขนาดใหญ่ชนิด Afzelia xylocarpa (Kurz) Craib ในวงศ์ Leguminosae ใบคล้ายใบประดู่ ฝักแบน หนา แข็ง เนื้อไม้สีนํ้าตาลอมแดง ใช้ในการก่อสร้าง, มะค่าโมง หรือ มะค่าใหญ่ ก็เรียก."
มะคำไก่ 0,น.,"ชื่อไม้ต้นชนิด Drypetes roxburghii (Wall.) ในวงศ์ Euphorbiaceae ลำต้นและกิ่งก้านสีขาวนวล ใบหนาเป็นมัน ผลกลมรีสีขาวอมเทา ใช้ทำยาได้, มะคำไก่ ก็เรียก."
มะคำดีควาย 0,น.,"ชื่อไม้ต้น ๒ ชนิดในสกุล Sapindus วงศ์ Sapindaceae คือ ชนิด S. trifoliatusL. ใบเป็นใบประกอบ มีใบย่อย ๔-๖ ใบ และชนิด S. rarak DC. มีใบย่อย ๑๔-๓๐ ใบ ทั้ง ๒ ชนิดผลกลมขนาดผลพุทรา ใช้ทำยาได้ ใช้ซักผ้าไหมหรือล้างเครื่องเพชรแทนสบู่ได้, มะคำดีควาย หรือ มะซัก ก็เรียก."
มะเค็ด 0,น.,"ชื่อไม้ต้นชนิด Catunaregum tomentosa (Blume ex DC.) Tirveng. ในวงศ์ Rubiaceae ลำต้นมีหนามยาว ใบรูปไข่กลับหรือค่อนข้างกลม ตามยอดอ่อนด้านล่างของใบและดอกมีขนนุ่ม ผลมีเนื้อหลายเมล็ด เช่น ปรูปรางเคดดวงดาษก็มี (ม. คำหลวง มหาพน), มะเค็ด ก็เรียก."
มะงัน 0,น.,"ชื่อไม้ต้นขนาดกลางชนิด Acronychia pedunculata (L.) Miq. ในวงศ์ Rutaceae ผลเล็ก สีเขียวอ่อนหรือสีนวล กินได้, กระเบื้องถ้วย เปล้าขลิบทอง ไพรสามกอ หรือ มะงัน ก็เรียก."
มะงั่ว 0,น.,"ชื่อไม้ต้นขนาดเล็กชนิด Citrus ichangensis Swingle ในวงศ์ Rutaceae ผลคล้ายส้มโอ รสเปรี้ยวจัด ใช้ประสมกับขมิ้นเพื่อย้อมผ้า, มะส้าน ก็เรียก."
มะงุมมะงาหรา 0,ก.,เที่ยวป่า เช่น ก็จะพาดวงใจไคลคลา ไปมะงุมมะงาหราสำราญ (อิเหนา). (ช.)
มะงุมมะงาหรา 1,ก.,"อาการที่ดั้นด้นไปโดยไม่รู้ทิศทาง, โดยปริยายหมายถึงงุ่มง่าม."
มะซัก 0,น.,"ชื่อไม้ต้น ๒ ชนิดในสกุล Sapindus วงศ์ Sapindaceae คือ ชนิด S. trifoliatusL. ใบเป็นใบประกอบ มีใบย่อย ๔-๖ ใบ และชนิด S. rarak DC. มีใบย่อย ๑๔-๓๐ ใบ ทั้ง ๒ ชนิดผลกลมขนาดผลพุทรา ใช้ทำยาได้ ใช้ซักผ้าไหมหรือล้างเครื่องเพชรแทนสบู่ได้, มะคำดีควาย หรือ มะซัก ก็เรียก."
มะซาง 0,น.,ชื่อไม้ต้นชนิด Madhuca pierrei (F. N. Williams) H. J. Lam ในวงศ์ Sapotaceae ผลขนาดหมากดิบ สีเขียว มียางมาก รสหวานเย็น.
มะซ่าน 0,น.,ชื่อไม้ต้นชนิด Dillenia aurea Smi. ในวงศ์ Dilleniaceae ผลเป็นพู มีเมือกมาก.
มะดะขี้นก 0,น.,"ชื่อไม้ต้นขนาดกลางชนิด Garcinia speciosa Wall. ในวงศ์ Guttiferae เปลือกมียางสีเหลือง ผลคล้ายมังคุดขนาดย่อม, ขวาด สารภีป่า มะดะขี้นก หรือ มะป่อง ก็เรียก."
มะดัน 0,น.,ชื่อไม้ต้นชนิด Garcinia schomburgkiana Pierre ในวงศ์ Guttiferae ผลสีเขียว รสเปรี้ยวจัด กิ่งอ่อนใช้ทำยาได้เรียก รกมะดัน.
มะดา 0,น.,ดวงตา.
มะดีหวี 0,น.,มะเดหวี.
มะดูก 0,น.,"ชื่อไม้ต้นชนิด Beilschmiedia fagifolia Nees ในวงศ์ Lauraceae ดอกสีขาวอมเขียว อับเรณูสีแดง, ฝีหมอบ ก็เรียก."
มะดูก 1,น.,ชื่อไม้ต้นชนิด Siphonodon celastrineus Griff. ในวงศ์ Celastraceae ดอกสีเหลืองมีขีดหรือจุดประสีนํ้าตาลแดง ผลสุกกินได้ รสหวาน.
มะเดหวี 0,น.,"ตำแหน่งพระมเหสีที่ ๒ ของกษัตริย์ชวาในวงศ์อสัญแดหวา, มะดีหวี ก็ว่า."
มะเดื่อ 0,น.,"ชื่อไม้ต้นหลายชนิดในสกุล Ficus วงศ์ Moraceae เช่น มะเดื่อปล้อง (F. hispida L.f.) ใบสากคาย, มะเดื่ออุทุมพรหรือมะเดื่อชุมพร (F. racemosa L.) ใบเกลี้ยง ผลกินได้, มะเดื่อกวางหรือลิ้นกระบือ (F. callosa Willd.) ใบแข็งหนา."
มะเดื่อดิน 0,น.,"ชื่อไม้พุ่มชนิด Ficus chartacea Wall. ex King var. torulosa Wall. ex King ในวงศ์ Moraceae ใบออกสลับกัน ผลออกที่โคนต้นใกล้รากลักษณะคล้ายผลมะเดื่อ, ไทรนก ก็เรียก."
มะเดื่อดิน 1,น.,"ชื่อไม้เถาชนิด Aganosma marginata (Roxb.) G. Don ในวงศ์ Apocynaceae ใบเป็นมัน ออกตรงข้ามกันเป็นคู่ ๆ ดอกสีขาว ผลเป็นฝักคู่, โมกเครือ ก็เรียก."
มะต้อง 0,น.,ต้นกระท้อน. (ดู กระท้อน ๑).
มะตะบะ 0,น.,ชื่ออาหารอย่างมุสลิมชนิดหนึ่ง คล้ายโรตี แต่มีไส้ทำด้วยเนื้อหรือไก่ผัดกับหอมหัวใหญ่ใส่เครื่องเทศ กินกับอาจาด.
มะตาด 0,น.,ชื่อไม้ต้นชนิด Dillenia indica L. ในวงศ์ Dilleniaceae ใบใหญ่ ผลกลม ๆ มียางเป็นเลือก ใช้เป็นผัก.
มะตาด 1,น.,ดอกไม้ไฟชนิดหนึ่ง ทำด้วยกระบอกไม้บรรจุดินปืน จุดแล้วมีสีต่าง ๆ.
มะตาหะรี 0,น.,ดวงอาทิตย์.
มะตี 0,ก.,ตาย.
มะตึ่ง 0,น.,"ชื่อไม้ต้น ๒ ชนิดในสกุล Strychnosวงศ์ Strychnaceae คือ ตูมกาขาวหรือมะตึ่ง ( S. nux-blandaA.W. Hill) เมล็ดไม่เป็นพิษ, และตูมกาแดง หรือแสลงใจ ( S. nux-vomicaL.) เมล็ดเป็นพิษ."
มะตื๋น 0,น.,ต้นกระท้อน. (ดู กระท้อน ๑).
มะตูม 0,น.,ชื่อไม้ต้นชนิด Aegle marmelos (L.) Corrêa ex Roxb. ในวงศ์ Rutaceae ต้นและกิ่งมีหนาม ใบเป็นใบประกอบ มีใบย่อย ๓ ใบ นิยมใช้ในการมงคล ผลกลมทุย รสหวานเจือเผ็ด ใช้ทำยาได้.
มะตูม 1,น.,ชื่อมะม่วงพันธุ์หนึ่งของชนิด Mangifera indicaL.
มะแตก 0,น.,"ชื่อไม้เถาเนื้อแข็งชนิด Celastrus paniculatus Willd. ในวงศ์ Celastraceae ใบรูปไข่ปลายแหลม ขอบจักถี่ ดอกเล็กขาว ๆ เหลือง ๆ ออกเป็นช่ออยู่ปลายกิ่ง ผลเท่าเมล็ดถั่วลันเตา เมื่อแก่แตกเป็น ๓ กลีบ นํ้ามันจากเมล็ดใช้ทำยา ตามไฟ หรือเคลือบกระดาษกันนํ้าซึม, กระทุงลาย หรือ มะแตก ก็เรียก."
มะโต 0,น.,ตำแหน่งพระมเหสีที่ ๓ ของกษัตริย์ชวาในวงศ์อสัญแดหวา.
มะนาว 0,น.,ชื่อไม้พุ่มชนิดCitrus aurantifolia (Christm.) Swingle ในวงศ์ Rutaceae ผลเล็ก ๆ รสเปรี้ยว ใช้ปรุงอาหาร.
มะนาวเทศ 0,น.,ชื่อไม้พุ่มชนิด Triphasia trifolia (Burm.f.) P. Wilson ในวงศ์ Rutaceae ต้นมีหนาม ใบเล็ก ผลคล้ายตะขบฝรั่ง แต่ผิวคล้ายส้ม เมื่อสุกเนื้อในเป็นยาง รสหวานเจือเผ็ด.
มะนาวไม่รู้โห่ 0,น.,"ชื่อไม้พุ่มชนิด Carissa carandas L. ในวงศ์ Apocynaceae ดอกสีขาว หลอดดอกสีชมพู กลิ่นหอม ผลสีขาว สุกสีแดงคล้ำ กินได้, มะนาวไม่รู้โห่ ก็เรียก."
มะปราง 0,น.,"ชื่อไม้ต้นชนิด Bouea macrophylla Griff. ในวงศ์ Anacardiaceae ใบคล้ายใบมะม่วงแต่เล็กกว่า ปลายใบแหลม ผลสุกสีเหลืองอมแดง พันธุ์รสเปรี้ยวจัดเรียก กาวาง, พันธุ์รสเปรี้ยว ๆ หวาน ๆ เรียก มะยง, พันธุ์รสหวานแหลมเรียก มะยงชิด."
มะปริง 0,น.,ชื่อไม้ต้นชนิด Bouea oppositifolia (Roxb.) Meisn. ในวงศ์ Anacardiaceae คล้ายมะปรางแต่ผลมีรสเปรี้ยว.
มะป่อง 0,น.,"ชื่อไม้ต้นขนาดกลางชนิด Garcinia speciosa Wall. ในวงศ์ Guttiferae เปลือกมียางสีเหลือง ผลคล้ายมังคุดขนาดย่อม, ขวาด สารภีป่า มะดะขี้นก หรือ มะป่อง ก็เรียก."
มะป่องต้น 0,น.,ชื่อไม้ต้นชนิด Garcinia succifolia Kurz ในวงศ์ Guttiferae ผลและเนื้อคล้ายมังคุดแต่เล็กกว่า กินได้.
มะผู้มะเมีย 0,น.,"ชื่อไม้พุ่มชนิด Cordyline fruticosa (L.) A. Chev. ในวงศ์ Agavaceae ใช้ทำยาได้, มะผู้มะเมีย ก็เรียก, พันธุ์ใบแคบเรียก หมากผู้, พันธุ์ใบกว้างเรียก หมากเมีย."
มะฝ่อ 0,น.,ชื่อไม้ต้นชนิด Trewia nudiflora L. ในวงศ์ Euphorbiaceae ผลกลม ๆ ใบคล้ายใบโพแต่บางและมีขน.
มะฝ่อ 1,น.,ชื่อลำไยพันธุ์หนึ่ง.
มะพร้าว 0,น.,ชื่อไม้ต้นชนิด Cocos nucifera L. ในวงศ์ Palmae ผลใช้เป็นอาหารและทำนํ้ามัน.
มะพร้าวแก้ว 0,น.,ชื่อขนมชนิดหนึ่ง ทำด้วยมะพร้าวขูดเป็นเส้นหยาบ ๆ ฉาบนํ้าตาล.
มะพร้าวตื่นดก 0,ก.,"เห่อหรือตื่นเต้นในสิ่งที่ตนไม่เคยมีไม่เคยได้จนเกินพอดี, มักพูดเข้าคู่กับ ยาจกตื่นมี ว่า มะพร้าวตื่นดก ยาจกตื่นมี."
มะพร้าวทึนทึก 0,น.,มะพร้าวจวนแก่.
มะพร้าวทึมทึก 0,น.,มะพร้าวจวนแก่.
มะพร้าวทุย 0,น.,ผลมะพร้าวที่เจริญเติบโตตามปรกติจนเปลือกแห้ง รูปรี ๆ กะลาลีบ นํ้าหนักเบา เพราะไม่มีเนื้อและนํ้า นิยมตัดครึ่งท่อนเพื่อทำกราดวงถูบ้านเป็นต้น.
มะพร้าวห้าว 0,น.,ผลมะพร้าวที่แก่จัด.
มะพลับ 0,น.,"ชื่อไม้ต้นชนิด Diospyros malabarica (Desr.) Kostel. var. siamensis (Hochr.) Phengklai ในวงศ์ Ebenaceae คล้ายตะโก ผลกินได้, มะพลับ ก็เรียก."
มะพอก 0,น.,"ชื่อไม้ต้นขนาดใหญ่ชนิด Parinari anamense Hance ในวงศ์ Chrysobalanaceae ไม้ใช้ทำเครื่องบนและเครื่องล่างของเรือน เมล็ดให้นํ้ามันใช้ทากันนํ้าซึมและผสมยางรักทำเครื่องเขิน, มะพอก ก็เรียก."
มะพูด 0,น.,ชื่อไม้ต้นชนิด Garcinia dulcis (Roxb.) Kurz ในวงศ์ Guttiferae ใบใหญ่หนาเป็นมัน ผลกลมเป็นพู ๆ รสเปรี้ยวอมหวาน.
มะพูด 1,ว.,ชื่อสีเขียวใบไม้แก่.
มะแพน 0,ว.,"ชื่อไม้ต้นขนาดกลางถึงขนาดใหญ่ชนิด Protium serratum Engl. ในวงศ์ Burseraceae, มะแพน หรือ กะแทน ก็เรียก, ปักษ์ใต้เรียก กะตีบ."
มะแพร้ว 0,น.,"ชื่อมะพร้าวพันธุ์หนึ่ง ทะลายไม่แยกแขนง ผลมีจุกตอนปลาย, มะแพร้ว ก็เรียก."
มะเฟือง 0,น.,ชื่อไม้ต้นชนิด Averrhoa carambola L. ในวงศ์ Oxalidaceae ผลเป็นเฟือง ๆ รสเปรี้ยวบ้างหวานบ้าง.
มะเฟือง 1,น.,"ชื่อเต่าทะเลชนิด Dermochelys coriacea (Vandelli) ในวงศ์ Dermochelyidae กระดองหลังยาวมากกว่า ๒ เมตร คลุมด้วยแผ่นหนังแข็ง มีสันตามแนวยาว ๗ สัน ลักษณะคล้ายผลมะเฟือง ไม่มีแผ่นเกล็ด กินทั้งสัตว์และพืช เช่น แมงกะพรุน ปลา กุ้ง ปู เม่นทะเล สาหร่ายทะเล ปัจจุบันพบเฉพาะทางฝั่งทะเลอันดามัน เป็นเต่าที่ใหญ่ที่สุดในปัจจุบัน, เต่าเหลี่ยม ก็เรียก."
มะแฟน 0,น.,"ชื่อไม้ต้นขนาดกลางถึงขนาดใหญ่ชนิด Protium serratum Engl. ในวงศ์ Burseraceae, มะแพน หรือ กะแทน ก็เรียก, ปักษ์ใต้เรียก กะตีบ."
มะไฟ 0,น.,ชื่อไม้ต้นชนิด Baccaurea ramiflora Lour. ในวงศ์ Euphorbiaceae ผลกลมออกเป็นพวง รสเปรี้ยว ๆ หวาน ๆ.
มะไฟเดือนห้า 0,น.,"ชื่อไม้ต้นชนิด Excoecaria oppositifolia Griff. ในวงศ์ Euphorbiaceae ใช้ทำยาได้ ยางเป็นพิษ, ตังตาบอด ก็เรียก."
มะม่วง 0,น.,"ชื่อไม้ต้นในสกุล Mangifera วงศ์ Anacardiaceae มีหลายชนิดและหลายพันธุ์ เช่น อกร่อง พิมเสน ซึ่งเป็นชนิด M. indica L., กะล่อน ขี้ไต้หรือมะม่วงป่า เป็นชนิด M. caloneura Kurz ใบอ่อนและผลใช้เป็นอาหาร."
มะม่วง 1,น.,ชื่อฝีที่โคนขาหนีบ เกิดจากต่อมนํ้าเหลืองได้รับการติดเชื้อกามโรคชนิด Lymphogranuloma venereumเรียกว่า ฝีมะม่วง.
มะม่วงป่า 0,น.,"ชื่อไม้ต้นในสกุล Mangifera วงศ์ Anacardiaceae มีหลายชนิดและหลายพันธุ์ เช่น อกร่อง พิมเสน ซึ่งเป็นชนิด M. indica L., กะล่อน ขี้ไต้หรือมะม่วงป่า เป็นชนิด M. caloneura Kurz ใบอ่อนและผลใช้เป็นอาหาร."
มะม่วงหิมพานต์ 0,น.,"ชื่อไม้ต้นชนิด Anacardium occidentale L. ในวงศ์ Anacardiaceae ผลรูปคล้ายไต เปลือกแข็ง ยางเป็นพิษ มีเมล็ดอยู่ภายใน คั่วแล้วกินได้ ก้านผลอวบนํ้า ลักษณะคล้ายผลชมพู่, คนทั่ว ๆ ไปมักเข้าใจว่าก้านผลนี้คือ ผล ส่วนผลรูปคล้ายไตว่า เมล็ด."
มะม่าว 0,ก.,"เมื่อยล้า, อ่อนเพลีย."
มะม่าว 1,ว.,"เผือด, เศร้า."
มะมี่ 0,ก.,"มี่, อึงมี่, เอิกเกริก, แซ่, อึกทึก."
มะมื่น 0,น.,"ชื่อไม้ต้นขนาดใหญ่ชนิด Irvingia malayana Oliv. ex A. W. Benn. ในวงศ์ rvingiaceae ใบรูปไข่ผลเท่ามะกอกหรือมะปรางขนาดเขื่อง เมล็ดแข็ง เนื้อในขาว มีรสมัน กินได้, ตระบก มะมื่น หรือ มะลื่น ก็เรียก."
มะมุด 0,น.,"ชื่อไม้ต้นชนิด Mangifera foetida Lour. ในวงศ์ Anacardiaceae มีในภาคใต้ ต้นและใบคล้ายมะม่วง แต่ช่อดอกสีแดง ผลดิบรสเปรี้ยวจัด สุกรสหวานอมเปรี้ยว, มุด ก็เรียก."
มะเมอ 0,ก.,ละเมอ.
มะเมีย 0,น.,ชื่อปีที่ ๗ ของรอบปีนักษัตร มีม้าเป็นเครื่องหมาย.
มะเมื่อย 0,ว.,"เรื่อย ๆ, มาเนือง ๆ, มาติด ๆ กัน, ใช้ เหมื่อย ๆ ก็ได้."
มะแม 0,น.,ชื่อปีที่ ๘ ของรอบปีนักษัตร มีแพะเป็นเครื่องหมาย.
มะยง 0,น.,ชื่อมะปรางพันธุ์หนึ่ง รสเปรี้ยว ๆ หวาน ๆ.
มะยงชิด 0,น.,ชื่อมะปรางพันธุ์หนึ่ง รสหวานแหลม.
มะยม 0,น.,ชื่อไม้ต้นชนิด Phyllanthus acidus (L.) Skeels ในวงศ์ Euphorbiaceae ผลกลมเป็นเฟือง ๆ รสเปรี้ยว.
มะเยา 0,น.,ชื่อไม้ต้นชนิด Vernicia fordii (Hemsl.) Airy shaw ในวงศ์ Euphorbiaceae เมล็ดให้น้ำมันทั้งใช้ทากันซึม.
มะระ 0,น.,"ชื่อไม้เถาชนิด Momordica charantia L. ในวงศ์ Cucurbitaceae ผลขรุขระ รสขม กินได้, ผักไห่ ก็เรียก."
มะริด 0,น.,"ชื่อไม้ต้นชนิด Diospyros discolor Willd. ในวงศ์ Ebenaceae แก่นดำ ใช้ทำสิ่งของต่าง ๆ เช่น หีบ, โตมา ก็เรียก."
มะรืน 0,น.,วันถัดจากวันพรุ่งนี้ไปวันหนึ่ง.
มะรุม 0,น.,ชื่อไม้ต้นชนิด Moringa oleifera Lam. ในวงศ์ Moringaceae ฝักยาว กินได้.
มะรุมมะตุ้ม 0,ว.,"กลุ้มรุมทำให้เกิดรำคาญ เช่น เจ้าหนี้มามะรุมมะตุ้มทวงหนี้กัน, มารุมมาตุ้ม ก็ว่า."
มะเร็ง 0,น.,เนื้องอกชนิดร้าย เกิดขึ้นเพราะเซลล์แบ่งตัวอย่างรวดเร็ว ควบคุมไม่ได้ แล้วแทรกไปตามเนื้อเยื่อข้างเคียง และสามารถหลุดจากแหล่งเริ่มต้นไปแบ่งตัวเพิ่มจำนวนที่บริเวณอื่น ๆ ได้ รักษาไม่ค่อยหาย.
มะเร็งกรามช้าง 0,น.,โรคมะเร็งชนิดหนึ่ง ขึ้นที่แถวกราม มีอาการเป็นเนื้อร้ายงอกขึ้นที่ต่อมแถวก้านคาง ทำให้ขากรรไกรพองโตใหญ่ออกมา.
มะเรื่อง 0,น.,วันถัดจากวันมะรืนไปวันหนึ่ง.
มะโรง 0,น.,ชื่อปีที่ ๕ ของรอบปีนักษัตร มีงูใหญ่เป็นเครื่องหมาย.
มะล่อกมะแล่ก 0,ว.,ม่อล่อกม่อแล่ก.
มะละกอ 0,น.,ชื่อไม้ต้นชนิด Carica papaya L. ในวงศ์ Caricaceae ใบหยักหยาบ ๆ ก้านยาว ผลกินได้.
มะละกอฝรั่ง 0,น.,"ชื่อไม้พุ่มชนิด Jatropha multifidaL. ในวงศ์ Euphorbiaceae มียางขาว เมล็ดมีพิษ, มะละกอฝรั่ง ก็เรียก."
มะลารอกัน 0,น.,มะลิซ้อน.
มะลำ 0,น.,"เวลาคํ่ามืด, กลางคืน."
มะลิ 0,น.,"ชื่อไม้พุ่มชนิด Jasminum sambac (L.) Aiton ในวงศ์ Oleaceae ดอกสีขาว กลิ่นหอมเย็น, พันธุ์ดอกซ้อนเรียก มะลิซ้อน."
มะลิ 1,น.,"ชื่อปลาน้ำจืดทุกชนิดในสกุล Acantopsisวงศ์ cobitidae หัวยาวปลายแหลม ลำตัวยาวเรียว ลำตัวสีน้ำตาลอ่อนหรือเทา ข้างตัวมักมีจุดสีดำเรียงในแนวยาวหรือประอยู่ด้านหลัง บ้างมีแถบสีดำคล้ำตามแนวยาว พบอาศัยอยู่เป็นฝูงตามลำน้ำใหญ่ที่มีน้ำไหลหรือพื้นท้องน้ำเป็นกรวดทรายซึ่งปลามุดซ่อนตัว, ซ่อนทราย กล้วย ทราย หรือ หมู ก็เรียก."
มะลิซ่อม 0,น.,ชื่อไม้พุ่มรอเลื้อยชนิด Jasminum multiflorum (Burm.f.) Andrews ในวงศ์ Oleaceae ในวรรณคดีเรียก มะลุลี.
มะลิน 0,น.,ต้นกระบก.
มะลิลอย 0,ก.,"กินเลี้ยงในงานมงคล [สี่ถ้วย คือ ขนม ๔ อย่าง อย่างละถ้วย ได้แก่ ไข่กบ (สาคูหรือเมล็ดแมงลัก), นกปล่อย (ลอดช่อง), มะลิลอย (ข้าวตอก), อ้ายตื้อ (ข้าวเหนียว) มีนํ้ากะทิใส่ชามอยู่กลาง]."
มะลิเลื้อย 0,น.,ชื่อเพลงไทยประเภทเพลงโหมโรง.
มะลิอ่อง 0,น.,กล้วยนํ้าว้า. (ดู นํ้าว้า).
มะลื่น 0,น.,"ชื่อไม้ต้นขนาดใหญ่ชนิด Irvingia malayana Oliv. ex A. W. Benn. ในวงศ์ rvingiaceae ใบรูปไข่ผลเท่ามะกอกหรือมะปรางขนาดเขื่อง เมล็ดแข็ง เนื้อในขาว มีรสมัน กินได้, ตระบก มะมื่น หรือ มะลื่น ก็เรียก."
มะลืมดำ 0,น.,"ชื่อไม้เถาเนื้อแข็งชนิด Bauhinia scandens L. var. horsfieldii (Miq.) K. Larson et S.S. Larsen ในวงศ์ Leguminosae ขึ้นในป่าดิบแล้ง ป่าเบญจพรรณที่ชุ่มชื้นทั่วไป และตามริมแม่นํ้าลำคลอง เถาแบนยาว งอกลับไปกลับมาคล้ายขั้นบันได ดอกเล็ก สีขาว ออกเป็นช่อที่ปลายกิ่ง เปลือกเหนียวใช้แทนเชือก เถาใช้ทำยาได้, กระไดวอก มะลืมดำ บันไดลิง หรือ ลางลิง ก็เรียก."
มะลุลี 0,น.,ชื่อไม้พุ่มรอเลื้อยชนิด Jasminum multiflorum (Burm.f.) Andrews ในวงศ์ Oleaceae ในวรรณคดีเรียก มะลุลี.
มะวาร 0,น.,กุหลาบ.
มะแว้ง 0,น.,"ชื่อพรรณไม้หลายชนิดในสกุล Solanum วงศ์ Solanaceae ที่เป็นไม้พุ่มเรียก มะแว้งต้น เช่น ชนิด S. sanitwongsei Craib, ที่เป็นเถาเรียก มะแว้งเครือ (S. trilobatum L.), ทั้ง ๒ ชนิดผลเล็กเป็นพวง กินได้ และใช้ทำยาได้, อีสานเรียก หมากแข้ง."
มะสัง 0,น.,"ชื่อไม้ต้นชนิด Feroniella lucida (Scheff.) Swingle ในวงศ์ Rutaceae กิ่งมีหนาม ใบคล้ายใบมะขวิด แต่ผลเล็กกว่า รสเปรี้ยว, อีสานเรียก กะสัง หรือ สัง."
มะส้าน 0,น.,ชื่อไม้ต้นชนิด Dillenia aurea Smi. ในวงศ์ Dilleniaceae ผลเป็นพู มีเมือกมาก.
มะส้าน 1,น.,ชื่อไม้ต้นชนิด Dillenia aurea Smi. ในวงศ์ Dilleniaceae ผลเป็นพู มีเมือกมาก.
มะส้าน 2,น.,"ชื่อไม้ต้นขนาดเล็กชนิด Citrus ichangensis Swingle ในวงศ์ Rutaceae ผลคล้ายส้มโอ รสเปรี้ยวจัด ใช้ประสมกับขมิ้นเพื่อย้อมผ้า, มะส้าน ก็เรียก."
มะเส็ง 0,น.,ชื่อปีที่ ๖ ของรอบปีนักษัตร มีงูเล็กเป็นเครื่องหมาย.
มะหวด 0,น.,"ชื่อไม้ต้นขนาดย่อมชนิด Lepisanthes rubiginosa (Roxb.) Leenh. ในวงศ์ Sapindaceae ผลออกเป็นช่อ สุกสีเหมือนลูกหว้า กินได้ รสหวานปะแล่ม ๆ, ปักษ์ใต้เรียก กำชำ หรือ กำซำ."
มะหะหมัด 0,น.,"นามศาสดาของศาสนาอิสลาม, มีผู้เรียกเพี้ยนไปว่า มะหะหมัด."
มะหัล 0,ว.,แพง
มะหัล 1,ว.,หายาก.
มะหาด 0,น.,ชื่อไม้ต้นขนาดใหญ่หลายชนิดในสกุล Artocarpusวงศ์ Moraceae เช่น ชนิด A. lacuchaRoxb. ex Buch. ผลกลม ผิวขรุขระคล้ายขนุน แต่เล็กกว่ามาก รสเปรี้ยว ๆ หวาน ๆ แก่นใช้ทำยาได้.
มะหิ่ง 0,น.,ลูกกระพรวน.
มะเหงก 0,น.,ด้านหลังของข้อนิ้วมือที่งอเข้าด้วยกัน ใช้สำหรับเขกหรือชูให้ประกอบคำกล่าวแสดงความโกรธเป็นต้น เช่น ใช้มะเหงกเขกหัว ให้มะเหงก.
มะเหมื่อย 0,ว.,"เรื่อย ๆ, มาเนือง ๆ, มาติด ๆ กัน, ใช้ เหมื่อย ๆ ก็ได้."
มะอึก 0,น.,ชื่อไม้พุ่มชนิด Solanum stramonifolium Jacq. ในวงศ์ Solanaceae ต้นมีหนาม ใบและผลเป็นขน ผลกลม สุกสีเหลือง ใช้ผสมนํ้าพริกหรือแกงก็ได้.
มะฮอกกานี 0,น.,"ชื่อไม้ต้น ๒ ชนิดในสกุล Swietenia วงศ์ Meliaceae คือ มะฮอกกานีใบใหญ่ (S. macrophylla King) และมะฮอกกานีใบเล็ก [S. mahogani (L.) Jacq.], ทั้ง ๒ ชนิดเนื้อไม้ใช้ทำเครื่องเรือนได้ดี."
มัก 0,ก.,"ชอบ, พอใจ, เช่น เลือกที่รักมักที่ชัง."
มัก 1,ว.,"โดยมาก, ค่อนข้าง, เนือง ๆ, เช่น มักมีอันเป็นไปต่าง ๆ มักเป็นคนขี้ลืม."
มักกะโรนี 0,น.,"ชื่ออาหารชนิดหนึ่ง ทำจากแป้งสาลีเป็นเส้นกลวงยาวหรือเป็นรูปอื่น ๆ เวลาจะนำมาปรุงต้องต้มให้สุก มักใช้ผัดหรือทำแกงจืด, มะกะโรนี ก็เรียก."
มักกะลีผล 0,น.,"ชื่อต้นไม้ในนิยาย ว่ามีอยู่ที่ป่าหิมพานต์ ออกผลเป็นรูปหญิงสาวงดงามห้อยย้อยเป็นระย้า ผลเมื่อครบ ๗ วันก็เน่า, นารีผล ก็เรียก."
มักกะสัน 0,น.,"ชื่อชนชาติชาวอินโดนีเซียในมากัสซาร์ตอนใต้เกาะเซเลบีส, โดยปริยายหมายความว่า มีรูปร่างใหญ่โต ดุร้าย น่าเกลียดน่ากลัว เช่น รูปร่างอย่างกับยักษ์มักกะสัน."
มักขะ 0,น.,ความลบหลู่คุณท่าน (เป็นประการหนึ่งในอุปกิเลส ๑๖).
มั่กขั้ก 0,ว.,ลํ่า (มักใช้แก่คำอ้วน).
มักขิกา 0,น.,แมลงวัน.
มักขิกาชาติ 0,น.,แมลงวัน.
มักคุ้น 0,ก.,"ชอบพอกัน, คุ้นเคยกัน, ใช้ว่า รู้จักมักคุ้น รู้จักมักจี่."
มักง่าย 0,ก.,มีนิสัยชอบเอาแต่ความสะดวกเข้าว่า.
มักจะ 0,ว.,"โดยมาก, ค่อนข้าง, เช่น คนเกิดวันศุกร์มักจะปากหวาน."
มักจี่ 0,ก.,"ชอบพอกัน, คุ้นเคยกัน, ใช้ว่า รู้จักมักคุ้น รู้จักมักจี่."
มักฏกะ 0,น.,แมงมุม.
มักฏะ 0,น.,ลิง.
มักได้ 0,ก.,เห็นแก่ได้.
มักน้อย 0,ก.,"ปรารถนาน้อย, สันโดษ."
มักมาก 0,ก.,"โลภมาก, ปรารถนามาก (ใช้เฉพาะในทางกามคุณ)."
มักใหญ่ 0,ก.,"ใฝ่สูง อยากเป็นใหญ่เป็นโต, มักใช้เข้าคู่กับคำ ใฝ่สูง เป็น มักใหญ่ใฝ่สูง."
มัค- 0,น.,ทาง. (ดู มรรค).
มัคคะ 0,น.,ทาง. (ดู มรรค).
มัคคุเทศก์ 0,น.,"ผู้นำทาง, ผู้ชี้ทาง, ผู้บอกทาง"
มัคคุเทศก์ 1,น.,ผู้นำเที่ยว.
มัคนายก 0,น.,“ผู้นำทาง” คือ ผู้จัดการทางกุศล หรือผู้ชี้แจงทางบุญทางกุศลและป่าวประกาศให้ประชาชนมาทำบุญทำกุศลในวัด.
มัคสิระ 0,น.,"ชื่อเดือนที่ ๑ แห่งจันทรคติ, เดือนอ้ายตกราวเดือนธันวาคม."
มัฆวา 0,น.,พระอินทร์.
มัฆวาน 0,น.,พระอินทร์.
มั่ง 0,ก.,"มี, มีมาก."
มั่ง 1,ว.,บ้าง เช่น ขอมั่งซี.
มังกง 0,น.,"ชื่อปลาชนิด Mystus gulio (Hamilton) ในวงศ์ Bagridae ไม่มีเกล็ด มีหนวดยาว ๔ คู่ หัวแบนลง ปากอยู่ตํ่าที่ตอนปลายของหัว ครีบหลังตอนที่ ๒ ซึ่งเป็นแผ่นเนื้อมีขนาดเล็ก ลำตัวและครีบมีเพียงพื้นสีนํ้าตาลคลํ้าหรือเทาดำ มีชุกชุมทั่วไปตามแหล่งนํ้าจืดใกล้ทะเล บางครั้งจับได้ในนํ้ากร่อย ขนาดยาวได้ถึง ๒๕ เซนติเมตร, แขยงหนู ก็เรียก."
มังกร 0,น.,สัตว์ในนิยายจีน รูปร่างคล้ายงู แต่มีตีน มีเขา
มังกร 1,น.,ชื่อกลุ่มดาวรูปมังกร เรียกว่า ราศีมังกร เป็นราศีที่ ๙ ในจักรราศี.
มังกร 2,น.,"ชื่อปลาไหลทะเลในสกุล Muraenesox และ Congresox วงศ์ Muraenesocidae ลำตัวยาวทรงกระบอก ส่วนหางแบนข้าง ไม่มีเกล็ด ปากแหลมอ้าได้กว้าง จะงอยปากบนยาวล้ำขากรรไกรล่าง ฟันคมแข็งแรง ครีบอกใหญ่ พื้นลำตัวและครีบสีน้ำตาลอ่อนปนเหลืองหรือคล้ำ ด้านท้องสีขาว ขอบครีบหลัง ครีบก้นและครีบหางสีดำ ขนาดยาวได้ถึง ๒.๕ เมตร, เงี้ยว หลด ไหล หรือ มังกร ก็เรียก."
มังกร 3,น.,"ชื่อปลานํ้าจืดชนิด Scleropages formosus (Müller & Schlegel) ในวงศ์ Osteoglossidae เป็นปลาโบราณที่ยังมีชีวิตอยู่ในปัจจุบัน ลำตัวยาว แบนข้างตลอด แนวด้านข้างของสันหลังตรงโดยตลอด แนวสันท้องโค้ง ปากเชิดขึ้น ครีบหลังและครีบก้นอยู่ใกล้ครีบหางมาก ขอบหางกลม เกล็ดใหญ่ เส้นข้างตัวอยู่ใกล้แนวสันท้อง พื้นลำตัวเป็นสีเงินอมเทาหรือสีฟ้า พบเฉพาะบริเวณแหล่งนํ้าเขตภูเขาในจังหวัดตราดและจันทบุรี รวมทั้งบางจังหวัดในเขตภาคใต้ เช่น สุราษฎร์ธานี ขนาดยาวได้ถึง ๙๐ เซนติเมตร, มังกร ก็เรียก."
มังกร 4,น.,กุ้งมังกร. (ดู กุ้งมังกร ที่ กุ้ง ๑).
มังกุ 0,น.,"เรือที่มีกระดูกงูใหญ่ รูปเหมือนเรือโขมดยา หัวเป็น ๓ เส้า เช่น เอาหัวเป็นมังกุ เอาท้ายเป็นมังกร, แต่มักใช้เพี้ยนไปเป็น มงกุฎ."
มังกุ 1,ว.,"เก้อ, กระดาก."
มังคละ 0,น.,มงคล.
มั่งคั่ง 0,ว.,"มีทรัพย์มากมาย, มีทรัพย์ล้นเหลือ, มีทรัพย์มาก."
มังค่า 0,ว.,คำประกอบคำ ฝรั่ง ว่า ฝรั่งมังค่า เพี้ยนมาจาก พังคะ ซึ่งเป็นชื่อแคว้นเบงกอล.
มังคุด 0,น.,ชื่อไม้ต้นชนิด Garcinia mangostana L. ในวงศ์ Guttiferae ผลกลม เมื่อแก่สีแดงคลํ้า เปลือกมีรสฝาดใช้ทำยาได้ เนื้อในขาว รสหวานอมเปรี้ยว.
มังตาน 0,น.,"ชื่อไม้ต้นชนิด Schima wallichii (DC.) Korth. ในวงศ์ Theaceae เปลือกต้นชั้นในระคายผิวหนังทำให้เป็นเม็ดผื่นคัน ใช้เบื่อปลาได้, ปักษ์ใต้เรียก พันตัน."
มั่งมี 0,ว.,มีเงินมาก.
มั่งมีในใจ แล่นใบบนบก 0,ก.,"คิดฝันในเรื่องที่เป็นไปไม่ได้, คิดสมบัติบ้า, สร้างวิมานในอากาศ."
มังส- 0,น.,เนื้อของคนและสัตว์.
มังสวิรัติ 0,น.,"การงดเว้นกินเนื้อสัตว์, เรียกอาหารที่ไม่มีเนื้อสัตว์ มีแต่พืชผัก ว่า อาหารมังสวิรัติ."
มังสะ 0,น.,เนื้อของคนและสัตว์.
มังสี 0,น.,พานรูปรีใช้รองสังข์รดนํ้าเป็นต้น.
มังสี 1,ว.,"เนื้องาม, ผิวงาม, เช่น เฉกโฉมแม่มังสี เสาวภาคย์ กูเอย (นิ. นรินทร์)."
มังหงัน 0,น.,ดอกมะพร้าว.
มัจจะ 0,น.,ผู้ที่ต้องตาย ได้แก่พวกมนุษย์ ดิรัจฉาน.
มัจจุ 0,น.,ความตาย.
มัจจุราช 0,น.,“เจ้าแห่งความตาย” คือ พญายม.
มัจฉระ 0,ว.,ริษยา
มัจฉระ 1,ว.,"ตระหนี่, เห็นแก่ตัว."
มัจฉริยะ 0,น.,ความตระหนี่.
มัจฉรี 0,น.,คนตระหนี่.
มัจฉะ 0,น.,ปลา.
มัจฉา 0,น.,ปลา.
มัจฉาชมสาคร 0,น.,ชื่อท่ารำแบบหนึ่ง มี ๒ แบบ คือ มือข้างหนึ่งจีบหงาย งอข้อศอก หักข้อมือเข้าหาแง่ศีรษะ มืออีกข้างหนึ่งจีบหงาย แขนตึง ระดับไหล่ เอียงศีรษะข้างเดียวกับมือที่แขนตึง หรือมือขวาตั้งวงสูงทำมือล่อแก้ว มือซ้ายตั้งวงต่ำ เอียงศีรษะข้างเดียวกับมือที่ทำล่อแก้ว.
มัจฉาชาติ 0,น.,พวกปลา.
มัช- 0,น.,"นํ้าเมา, ของเมา."
มัชชะ 0,น.,"นํ้าเมา, ของเมา."
มัชชาระ 0,น.,แมว.
มัชฌ- 0,น.,ท่ามกลาง.
มัชฌันติก- 0,น.,"เวลาเที่ยงวัน, คู่กับ วิมัชฌันติก ว่า เวลาเที่ยงคืน."
มัชฌันติกสมัย 0,น.,เวลาเที่ยงวัน.
มัชฌิม- 0,ว.,ปานกลาง.
มัชฌิมชนบท 0,น.,ในสมัยพุทธกาลหมายถึง ดินแดนส่วนกลางของประเทศอินเดียอันเป็นที่อยู่ของพวกอริยกะ เป็นถิ่นที่อุดมสมบูรณ์ เป็นที่ตั้งนครใหญ่ ๆ เป็นศูนย์กลางการปกครอง และเป็นที่ประชุมของนักปราชญ์ คณาจารย์ เจ้าลัทธิต่าง ๆ.
มัชฌิมนิกาย 0,น.,ชื่อคัมภีร์นิกายที่ ๒ แห่งพระสุตตันตปิฎก แปลว่า หมวดปานกลาง รวบรวมพระสูตรขนาดปานกลางไว้ในหมวดนี้.
มัชฌิมบุรุษ 0,น.,"ชายที่มีวัยปานกลาง, ชายที่มีอายุและกำลังปานกลาง."
มัชฌิมประเทศ 0,น.,"ประเทศอินเดีย, ตามแบบหมายถึงอินเดียตอนกลาง."
มัชฌิมภูมิ 0,น.,ระดับชั้นของพระภิกษุที่มีพรรษาระดับกลาง คือ ตั้งแต่ ๕ ถึง ๙ พรรษา อยู่ระหว่าง นวกภูมิ กับ เถรภูมิ.
มัชฌิมยาม 0,น.,"ยามกลาง, ในบาลีแบ่งคืนเป็น ๓ ยาม กำหนดยามละ ๔ ชั่วโมง เรียกว่า ปฐมยาม มัชฌิมยาม ปัจฉิมยาม มัชฌิมยาม กำหนดเวลาตั้งแต่ ๔ ทุ่ม หรือ ๒๒ นาฬิกา ถึงตี ๒ หรือ ๒ นาฬิกา."
มัชฌิมวัย 0,น.,วัยกลางคน.
มัชฌิมา 0,ว.,"ปานกลาง, ไม่ยิ่งไม่หย่อน,เช่น พอเป็นมัชฌิมา."
มัชฌิมา 1,น.,นิ้วกลาง เรียกว่า พระมัชฌิมา.
มัชฌิมาปฏิปทา 0,น.,ทางสายกลาง.
มัชวิรัติ 0,น.,การงดเว้นของมึนเมา.
มัญจกะ 0,น.,"เตียง, ที่นอน."
มัญจา 0,น.,"เตียง, ที่นอน."
มัญชิษฐะ 0,น.,ฝาง.
มัญชิษฐา 0,น.,ฝาง.
มัญชีร- 0,น.,กำไลเท้า.
มัญชุ 0,ว.,ไพเราะ.
มัญชุสา 0,น.,"ลุ้ง, หีบ."
มัญชูสา 0,น.,"ลุ้ง, หีบ."
มัญเชฏฐะ 0,ว.,"สีฝาง, สีแสดแก่."
มัญเชฏฐะ 1,น.,ฝาง.
มัญเชฏฐิกา 0,น.,ฝาง.
มัญเชฏฐิกากร 0,น.,ส่วยฝาง.
มัญเชียร 0,น.,กำไลเท้า.
มัฏฐะ 0,ว.,เกลี้ยง.
มัณฑ- 0,น.,"มณฑ์, ของที่เป็นมัน"
มัณฑ- 1,น.,"นํ้าเมา, สุรา."
มัณฑน- 0,น.,เครื่องประดับ
มัณฑน- 1,น.,การแต่ง.
มัณฑนศิลป์ 0,น.,ศิลปะการออกแบบและตกแต่งผลิตกรรมหรืองานช่างต่าง ๆ.
มัณฑนา 0,น.,เครื่องประดับ
มัณฑนา 1,น.,การแต่ง.
มัณฑุก- 0,น.,กบ (สัตว์).
มัด 0,ก.,"ผูกรัดเข้าด้วยกัน, ผูกรัดให้แน่น."
มัด 1,น.,ลักษณนามเรียกของบางอย่างที่ผูกรัดเข้าด้วยกัน เช่น ไต้มัดหนึ่ง ฟืน ๒ มัด.
มัดจำ 0,น.,"เงินที่มอบไว้แก่คู่สัญญา โดยตกลงว่า ถ้าตนไม่ทำตามสัญญา ให้รับเงินนั้นเสีย เรียกว่า เงินวางมัดจำ, ประจำ ก็ว่า, (กฎ) สิ่งที่ให้ไว้เพื่อเป็นประกันการปฏิบัติตามสัญญา และเป็นพยานหลักฐานว่าได้มีการทำสัญญากันขึ้นแล้ว."
มัดเชื้อเพลิง 0,น.,"คบไฟ, คบเพลิง."
มัดมือชก 0,ก.,บังคับหรือใช้วิธีการใด ๆ ให้อีกฝ่ายหนึ่งตกอยู่ในภาวะจำยอมโดยไม่มีทางต่อสู้.
มัดหมี่ 0,น.,"กรรมวิธีในการทอผ้าอย่างหนึ่ง เอาเชือกมัดด้ายหรือไหมเป็นเปลาะ ๆ ตามลาย แล้วย้อมสี เมื่อทอแล้วจะได้ลวดลายต่าง ๆ ตามที่มัดไว้, เรียกผ้าที่ทอด้วยกรรมวิธีเช่นนั้น ว่า ผ้ามัดหมี่, หมี่ ก็เรียก."
มัดหมู 0,น.,"ท่ากระโดดนํ้าอย่างหนึ่ง เวลากระโดดงอเข่าทั้ง ๒ ขึ้นมา แล้วเอามือทั้ง ๒ รวบเข่า ทิ้งก้นลงไป, ทิ้งลูกมะพร้าว ก็ว่า."
มัดหวาย 0,น.,เรียกลายนิ้วมือที่ไม่ขดวนเข้าหาศูนย์กลางอย่างก้นหอย ว่า ลายมัดหวาย.
มัตตะ 0,น.,ประมาณ.
มัตตะ 1,ก.,"เมา, มึนเมา."
มัตตัญญู 0,น.,ผู้รู้ประมาณคือความพอเหมาะพอดี.
มัตตัญญู 1,น.,ประมาณ.
มัตตัย 0,น.,"ผู้ที่ต้องตาย, ได้แก่ พวกมนุษย์ และสัตว์ดิรัจฉาน, คู่กับ อมร ผู้ไม่ตาย คือ เทวดา."
มัตตา 0,น.,มาตรา.
มัตติกา 0,น.,"ดิน, ดินเหนียว."
มัตถกะ 0,น.,"หัว, กระหม่อม"
มัตถกะ 1,น.,"ยอด, ที่สุด."
มัตถลุงค์ 0,น.,"มันสมอง, ราชาศัพท์ใช้ว่า พระมัตถลุงค์."
มัตยะ 0,น.,"ผู้ที่ต้องตาย, ได้แก่ พวกมนุษย์ และสัตว์ดิรัจฉาน, คู่กับ อมร ผู้ไม่ตาย คือ เทวดา."
มัตสยะ 0,น.,ปลา.
มัตสยา 0,น.,ปลา.
มัตสรรย์ 0,น.,ความตระหนี่
มัตสรรย์ 1,น.,ความริษยา.
มัตสระ 0,ว.,"ตระหนี่, เห็นแก่ตัว, ริษยา."
มัตสริน 0,น.,คนตระหนี่.
มัททวะ 0,น.,"ความอ่อนโยน, เป็นธรรมข้อ ๑ ในทศพิธ-ราชธรรม. (ดู ทศพิธราชธรรม หรือ ราชธรรม)."
มัทนะ 0,น.,"การยํ่ายี, การบด, การทำลาย."
มัทนะ 1,น.,กามเทพ.
มัทนียะ 0,ว.,"เป็นที่ตั้งแห่งความเมา, ที่ชวนให้เมา."
มัทยะ 0,น.,"นํ้าเมา, เหล้า."
มัทยะ 1,ว.,"ซึ่งทำให้เมา, ซึ่งทำให้รื่นเริงยินดี."
มัธย- 0,ว.,"กลาง, ปานกลาง, พอดี, เป็นกลาง, ระหว่างกลาง."
มัธยฐาน 0,น.,ชื่อเส้นตรงที่เชื่อมระหว่างจุดมุมของรูปสามเหลี่ยมกับจุดกึ่งกลางของด้านที่ตรงข้ามกับมุมนั้น.
มัธยม 0,ว.,"กลาง, ปานกลาง."
มัธยม- 0,ว.,"กลาง, ปานกลาง."
มัธยมกาล 0,น.,เวลาของตำบลใดตำบลหนึ่งที่ทางการบัญญัติให้ใช้เป็นเวลากลางสำหรับประเทศ.
มัธยมศึกษา 0,น.,การศึกษาระหว่างประถมศึกษากับอุดมศึกษา.
มัธยมา 0,ว.,"มัชฌิมา, ปานกลาง."
มัธยันห์ 0,น.,"เวลากลางวัน, เที่ยงวัน."
มัธยัสถ์ 0,ก.,ใช้จ่ายอย่างประหยัด.
มั่น 0,ว.,"แน่, แน่นอน, เช่น ใจมั่น"
มั่น 1,ว.,แน่น เช่น จับให้มั่น.
มัน 0,น.,ชื่อเรียกไม้เถาหรือไม้ต้นหลายชนิดหลายสกุลหลายวงศ์ หัวใช้เป็นอาหารได้.
มัน 1,น.,เนื้อเยื่อเกี่ยวพันชนิดหนึ่งในคนและสัตว์ มีลักษณะนุ่ม ๆ หยุ่น ๆ มีไขมันอยู่ในตัว เช่น มันหมู มันไก่.
มัน 2,ส.,"คำใช้แทนผู้ที่เราพูดถึง สำหรับผู้ใหญ่เรียกผู้น้อย มีเด็กเป็นต้นตามสถานะที่ควร สำหรับเรียกผู้อื่นอย่างไม่ยกย่อง และสำหรับเรียกสัตว์หรือสิ่งอื่นทั่ว ๆ ไปตามที่ควร, เป็นสรรพนามบุรุษที่ ๓."
มัน 3,ก.,"เพลิน, ถูกอกถูกใจ, ออกรสออกชาติ, เช่น เกาเสียมัน."
มัน 4,ว.,มีรสอย่างรสกะทิหรืออย่างถั่วลิสงคั่ว
มัน 5,ว.,"เป็นเงา, ขึ้นเงา, เช่น เหงื่อออกหน้าเป็นมัน."
มันแกว 0,น.,"ชื่อมันชนิด Pachyrhizus erosus (L.) Urb. ในวงศ์ Leguminosae เนื้อสีขาวฉ่ำน้ำ ใช้กินดิบหรือทำอาหาร มีรสชืด ๆ หรือหวานน้อย ๆ เมล็ดเป็นพิษ, พายัพเรียก มันแกวลาว."
มันแกว 1,น.,ต้นมันเทศ. (ดู มันเทศ).
มันขี้หนู 0,น.,ชื่อไม้ล้มลุกชนิด Plectranthus rotundifolius (Poir.) Spreng. ในวงศ์ Labiatae หัวกินได้ เรียกว่า มันขี้หนู.
มันเขี้ยว 0,ก.,"อยากกัดอยากกิน, อาการที่อยากฟัดอยากกอดรัดเพราะอ้วนน่ารัก."
มันแข็ง 0,น.,มันของหมูที่ติดอยู่กับหนัง.
มั่นคง 0,ว.,แน่นหนาและทนทาน เช่น เก็บของไว้ในห้องนั้นมั่นคงดี
มั่นคง 1,ว.,ไม่กลับกลายเป็นอย่างอื่น เช่น ใจคอมั่นคง.
มันจาวมะพร้าว 0,น.,มันเสา.
มั่นใจ 0,ก.,"แน่ใจ, เชื่อใจ, เช่น คราวนี้มั่นใจว่าจะต้องสอบได้."
มันดี 0,น.,ที่อาบนํ้า.
มันดี 1,ก.,อาบนํ้า.
มันตา 0,น.,"ความรู้, ปัญญา."
มันถะ 0,น.,ข้าวตูก้อน.
มันทิระ 0,น.,"มนเทียร, เรือนหลวง."
มันทิราลัย 0,น.,"มนเทียร, เรือนหลวง."
มันเทศ 0,น.,"ชื่อมันชนิด Ipomoea batatas (L.) Lam. ในวงศ์ Convolvulaceae ยอดทำให้สุกแล้วกินได้, พายัพเรียก มันแกว."
มันนก 0,น.,ชื่อมันหลายชนิดในสกุล Dioscorea วงศ์ Dioscoreaceae เช่น ชนิด D. inopinata Prain et Burkill หัวกินได้.
มันปลา 0,น.,"ชื่อไม้ต้นขนาดกลางถึงขนาดใหญ่ชนิด Fagraea fragrans Roxb. ในวงศ์ Gentianaceae ชอบขึ้นในที่ชื้นแฉะทั่วไปในป่าดิบ ใบสีเขียวแก่ ค่อนข้างหนา ยาวราว ๕-๗ เซนติเมตร ดอกดก สีขาวแล้วเปลี่ยนเป็นสีเหลือง หอมมาก ออกเป็นช่อคล้ายช่อดอกเข็ม ผลเท่าเมล็ดถั่วลันเตา เมื่อสุกสีแดง เนื้อไม้สีเหลืองละเอียด แน่น เป็นมัน แข็งและทนทาน นิยมใช้ในการก่อสร้างต่าง ๆ, ตำเสา หรือ มันปลา ก็เรียก."
มันปลาบ 0,ว.,มันเป็นเงาวับ.
มันปู 0,ว.,สีแดงเจือเหลืองกับดำ เช่น พระเครื่องเนื้อสีมันปู โลหะที่เก็บไว้นาน ๆ จะออกสีมันปู.
มันปู 1,น.,เรียกข้าวเจ้าที่มีสีแดงคลํ้า ว่า ข้าวมันปู.
มันเปลว 0,น.,มันที่ติดอยู่ที่พุงและลำไส้.
มันแปลบ 0,ว.,มันเป็นเงาวับ.
มันแผล็บ 0,ว.,มันเป็นเงาวับ.
มันฝรั่ง 0,น.,ชื่อมันชนิด Solanum tuberosum L. ในวงศ์ Solanaceae ตาที่กำลังงอกจากหัวเป็นพิษ.
มันมือ 0,ก.,อยากใช้มือเล่นหรือทำเป็นต้นอยู่เรื่อย ๆ.
มันมือเสือ 0,น.,"ชื่อมันชนิด Dioscorea esculenta (Lour.) Burkill ในวงศ์ Dioscoreaceae หัวเป็นแง่งมีรากติดอยู่โดยรวบ, มือเสือ ก็เรียก."
มันย่อง 0,ว.,มันจนมีน้ำมันเยิ้มหรือลอยเป็นฝาขึ้นมา.
มันเยิ้ม 0,ว.,มันมากจนแทบจะหยด.
มันวับ 0,ว.,มันเป็นเงา
มันสมอง 0,น.,"อวัยวะที่อยู่ภายในกะโหลกศีรษะ เนื้อนุ่ม หยุ่น ลักษณะเป็นลอน เป็นศูนย์รวมระบบประสาท เช่น เขาถูกรถทับศีรษะจนมันสมองไหล, สมอง ก็ว่า"
มันสมอง 1,น.,"โดยปริยายหมายความว่า ปัญญาความคิด เช่น เขาเป็นคนระดับมันสมองของชาติ, สมอง หรือ หัวสมอง ก็ว่า."
มันเสา 0,น.,"ชื่อมันชนิด Dioscorea alata L. ในวงศ์ Dioscoreaceae เถามีครีบ หัวมีขนาดและรูปร่างต่าง ๆ กัน ผิวเรียบ, มันจาวมะพร้าว ก็เรียก."
มันไส้ 0,ก.,"ชังนํ้าหน้า เช่น ยิ่งโกรธาหุนหันมันไส้ (ไชยเชฐ), หมั่นไส้ ก็ว่า."
มั่นหมาย 0,ก.,"มุ่งหมายอย่างแน่วแน่ เช่น เขามั่นหมายว่าจะได้งานทำ, หมายมั่น ก็ว่า."
มั่นเหมาะ 0,ว.,แน่นอนไม่เปลี่ยนแปลง เช่น พูดไว้เป็นมั่นเหมาะว่าวันนี้จะต้องพบกัน.
มับ 0,ว.,"คำสำหรับประกอบกริยาที่เอาอะไร ๆ ไปอย่างฉับไวไม่รีรอ เช่น คว้ามับ ฉวยมับ หยิบมับ, หมับ ก็ว่า."
มับ ๆ 0,ว.,"อาการของปากที่หุบเข้าแล้วอ้าออกอย่างเร็ว, หมับ ๆ ก็ว่า."
มั้ม 0,น.,ปลาร้าญวน ทำด้วยปลาดิบหมักเกลือใส่ข้าวคั่ว เรียกว่า ปลามั้ม.
มัมมี่ 0,น.,ศพอาบนํ้ายากันเน่าเปื่อยของชาวอียิปต์โบราณ.
มัย 0,น.,"ม้า, ลา, อูฐ."
มัย 1,ว.,"สำเร็จด้วย, แล้วด้วย, ประกอบด้วย, (ใช้ประกอบท้ายสมาส เช่น มโนมัย ว่า สำเร็จด้วยใจ, กุศลมัย ว่า แล้วด้วยกุศล, ตฤณมัย ว่า ประกอบด้วยหญ้า)."
มัลกะ 0,น.,"ถ้วย, ขันนํ้า."
มัลละ 0,น.,"นักมวย, มวยปลํ้า."
มัลลิกา 0,น.,ดอกมะลิ.
มัว 0,ว.,"ไม่แจ่ม เช่น พระจันทร์มัว, ไม่กระจ่าง เช่น ข้อความมัว, ฝ้า เช่น กระจกมัว, ฟาง เช่น นัยน์ตามัว, ขมุกขมัว เช่น มืดมัว, ไม่มืดไม่สว่าง เช่น แสงมัว ๆ, หม่น เช่น สีมัว ๆ, ขุ่น, ไม่ผ่อง, เช่น ใจมัว"
มัว 1,ว.,"อาการที่ทำติดพันอยู่ ไม่ละไปได้ เช่น มัวพูด มัวคิด, มัวแต่ ก็ว่า."
มั่ว 0,ก.,"สุมกัน, รวมกัน, ออกัน, ประชุม"
มั่ว 1,ก.,ปะปนกันจนแยกไม่ออก เช่น วางของมั่วไปหมด.
มัว ๆ 0,ว.,"ไม่แจ่ม เช่น พระจันทร์มัว, ไม่กระจ่าง เช่น ข้อความมัว, ฝ้า เช่น กระจกมัว, ฟาง เช่น นัยน์ตามัว, ขมุกขมัว เช่น มืดมัว, ไม่มืดไม่สว่าง เช่น แสงมัว ๆ, หม่น เช่น สีมัว ๆ, ขุ่น, ไม่ผ่อง, เช่น ใจมัว"
มัว ๆ 1,ว.,"อาการที่ทำติดพันอยู่ ไม่ละไปได้ เช่น มัวพูด มัวคิด, มัวแต่ ก็ว่า."
มัวซัว 0,ว.,"ไม่ผ่องใส, ไม่แจ่มใส, ไม่เบิกบาน, ไม่สดชื่น, เช่น หูตามัวซัว ผ้าสีตกมัวซัว."
มัวแต่ 0,ว.,"อาการที่ทำติดพันอยู่ ไม่ละไปได้ เช่น มัวแต่พูด มัวแต่คิด, มัว ก็ว่า."
มัวพะวง 0,ว.,มัวเป็นห่วงกังวล.
มัวมอม 0,ว.,แปดเปื้อนด้วยสีดำ ๆ ตามร่างกาย.
มั่วมูล 0,ก.,"มีมาก, ประชุมกันมาก."
มัวเมา 0,ว.,"หลงละเลิง, เมามัว ก็ว่า."
มัวเมีย 0,ก.,งัวเงีย.
มั่วสุม 0,ก.,ชุมนุมกันเพื่อกระทำการในทางไม่ดี เช่น มั่วสุมเล่นการพนัน.
มัวหมอง 0,ว.,"มีมลทิน, ไม่บริสุทธิ์."
มัศยา 0,น.,ปลา.
มัสดก 0,น.,"หัว, กระหม่อม"
มัสดก 1,น.,"ยอด, ที่สุด."
มัสดุ 0,น.,"มัน, เปลวมัน"
มัสดุ 1,น.,เนยเหลว.
มัสตาร์ด 0,น.,เครื่องปรุงรสชนิดหนึ่ง ทำจากเมล็ดของพืชล้มลุกหลายชนิดในสกุล Brassica วงศ์ Cruciferae สีเหลือง รสเผ็ด.
มัสตาร์ด 1,น.,สารพิษร้ายแรงชนิดหนึ่ง มีชื่อทางเคมีว่า ไดคลอโรไดเอทิลซัลไฟด์ (dichloro diethylsulphide) มีสูตร (CH_2CH_2Cl)_2. S ลักษณะเป็นของเหลวคล้ายนํ้ามัน เคยใช้ในสงครามโลกครั้งที่ ๑ และเรียกกันว่า แก๊สมัสตาร์ด.
มัสตุ 0,น.,"มัน, เปลวมัน"
มัสตุ 1,น.,เนยเหลว.
มัสมั่น 0,น.,ชื่อแกงชนิดหนึ่ง นํ้าแกงข้น เป็นแกงอย่างมุสลิม ใช้เนื้อหรือไก่เป็นต้นชิ้นโต ๆ ปรุงด้วยเครื่องเทศ มีรสเค็ม หวาน และออกเปรี้ยวเล็กน้อย.
มัสยิด 0,น.,"สถานที่ซึ่งชาวมุสลิมใช้เป็นที่ประกอบศาสนกิจ, สุเหร่า ก็เรียก. (อา.)"
มัสรู่ 0,น.,"ชื่อผ้าไหมมีริ้วเป็นสีต่าง ๆ, เข้มขาบไหม ก็เรียก."
มัสรู่ 1,น.,แกงเผ็ดอย่างมุสลิม.
มัสลิน 0,น.,ผ้าฝ้ายเนื้อละเอียดและบาง.
มัสสุ 0,น.,"หนวด, ราชาศัพท์ใช้ว่า พระมัสสุ."
มา 0,น.,พระจันทร์.
ม้า 0,น.,ชื่อสัตว์เลี้ยงลูกด้วยนมชนิด Equus caballus (Linn.) ในวงศ์ Equidae มีกีบเดี่ยว รูปร่างสูงใหญ่ ขายาว หางเป็นพู่ มีขนแผงคอยาววิ่งได้เร็ว ใช้เป็นพาหนะขับขี่และเทียมรถ
ม้า 1,น.,"ชื่อหนึ่งของดาวฤกษ์อัศวินี มี ๗ ดวง, ดาวคอม้า ดาวคู่ม้า ดาวอัศวยุช หรือ ดาวอัสสนี ก็เรียก"
ม้า 2,น.,เครื่องรองนั่งและรองสิ่งของ มีขาเป็นรูปต่าง ๆ
ม้า 3,น.,เรียกตัวหมากรุกที่แกะเป็นรูปม้า.
มา 1,ก.,"เคลื่อนออกจากที่เข้าหาตัวผู้พูด เช่น มานี่ มาหาฉันหน่อย เขาบอกว่าจะมาแล้วไม่มา, ตรงกันข้ามกับ ไป, เป็นคำประกอบกริยาแสดงทิศทางเข้าหาตัวผู้พูด เช่น หันมาทางนี้ เอามานี่, ใช้ในการเขียนจดหมายทางการ ใช้แสดงทิศทางสู่ตัวผู้ที่เขียนถึง เช่น พรุ่งนี้ผมจะมาหาคุณ, ซึ่งเป็นคำประกอบกริยาแสดงอาการที่ต่อเนื่องเรื่อยมาถึงปัจจุบัน เช่น ความเป็นมา อยู่มาวันหนึ่ง ส่งจดหมายบอกข่าวมา."
ม้า 4,น.,ชื่อปูทะเลหลายชนิดในสกุล Portunusวงศ์ Portunidae ผิวกระดองมีลักษณะเป็นตุ่มเล็ก ๆ สาก กระดองตัวผู้สีฟ้าหรือนํ้าเงิน ของตัวเมียสีค่อนไปทางนํ้าตาล เช่น ชนิด P. pelagicus (Linn.).
ม้า 5,น.,"ชื่อปลาน้ำจืดชนิด Boesemania microlepis (Bleeker) ในวงศ์ Sciaenidae ลำตัวกว้างมากในแนวอกและท้อง แล้วเรียวเล็กลงมากที่คอดหาง ก้านครีบแข็งก้านที่ ๒ ของครีบก้นใหญ่มาก ครีบหางมีปลายแหลม ครีบท้องมีปลายเป็นเส้นสั้น ๆ เกล็ดในแนวเส้นข้างตัวเด่นชัดเจนและเรียงต่อเลยไปจนสุดปลายของครีบหาง ลำตัวและหัวมีสีเงินหรือเทาอ่อน ด้านหลังมีลายสีเทาเอียงอยู่ตามแถวของเกล็ด พบทุกลุ่มนํ้า ขนาดยาวได้ถึง ๙๐ เซนติเมตร, เขตลุ่มแม่นํ้าโขงเรียก กวาง เขตลุ่มแม่นํ้าบางปะกงเรียก หางกิ่ว."
มาก 0,ว.,"หลาย, ตรงกันข้ามกับ น้อย, เช่น คนมาก น้ำมาก กินมาก."
มากขี้ควายหลายขี้ช้าง 0,ว.,มากมายเสียเปล่า ใช้ประโยชน์ไม่ได้.
มากมาย 0,ว.,"มากเหลือหลาย เช่น มีเงินมากมายก่ายกอง, ล้นหลาม เช่น มีคนมาร่วมงานมากมาย."
มากมายก่ายกอง 0,ว.,"มากเหลือหลาย เช่น มีเงินมากมายก่ายกอง, ล้นหลาม เช่น มีคนมาร่วมงานมากมาย."
มากหน้าหลายตา 0,ว.,มากมาย (ใช้แก่คน) เช่น ผู้คนมากหน้าหลายตา.
มากหมอมากความ 0,ว.,หลายคนก็มีความเห็นแตกต่างกันเป็นหลายอย่างจนตกลงกันไม่ได้.
มาแขก 0,ก.,"แปลก, ประหลาด"
มาแขก 1,ก.,"จรมา, มาสู่."
มาคสิร- 0,น.,ชื่อดาวฤกษ์ที่ ๕
มาคสิร- 1,น.,"ชื่อเดือนที่ ๑ แห่งจันทรคติ, เดือนอ้าย ตกราวเดือนธันวาคม."
มาคสิระ 0,น.,ชื่อดาวฤกษ์ที่ ๕
มาคสิระ 1,น.,"ชื่อเดือนที่ ๑ แห่งจันทรคติ, เดือนอ้าย ตกราวเดือนธันวาคม."
มาฆ- 0,น.,ชื่อเดือนที่ ๓ แห่งจันทรคติ ตกราวเดือนกุมภาพันธ์.
มาฆบูชา 0,น.,"การทำบุญพิเศษทางพระพุทธศาสนาในวันเพ็ญเดือน ๓ เพื่อระลึกถึงเหตุการณ์สำคัญซึ่งประกอบด้วยองค์ ๔ ประการ คือ ๑. วันเพ็ญดวงจันทร์เสวยมาฆฤกษ์ (ดวงจันทร์เดินมาถึงดาวฤกษ์ชื่อ มฆะ) ๒. พระสงฆ์ ๑,๒๕๐ รูปประชุมกันโดยมิได้นัดหมาย ๓. พระสงฆ์ที่มาประชุมนั้นล้วนได้รับเอหิภิกขุอุปสัมปทา ๔. ท่านเหล่านั้นเป็นพระอรหันต์ทั้งสิ้น, วันจาตุรงคสันนิบาต ก็เรียก."
มาฆะ 0,น.,"ดาวฤกษ์ที่ ๑๐ มี ๕ ดวง เห็นเป็นรูปโคมูตร วานร หรือ งอนไถ, ดาวโคมูตร ดาววานร ดาวงอนไถ หรือ ดาวงูผู้ ก็เรียก."
มาฆะ 1,น.,ชื่อเดือนที่ ๓ แห่งจันทรคติ ตกราวเดือนกุมภาพันธ์.
มาฆะ 2,น.,"ดาวฤกษ์ที่ ๑๐ มี ๕ ดวง เห็นเป็นรูปโคมูตร วานร หรืองอนไถ, ดาวโคมูตร ดาววานร ดาวงอนไถ หรือ ดาวงูผู้ ก็เรียก."
ม้าง 0,ก.,"ล้าง, ทำลาย, รื้อ."
มางสะ 0,น.,เนื้อของคนและสัตว์.
ม้าใช้ 0,น.,"คนขี่ม้าสำหรับรับใช้, คนเร็วสำหรับส่งข่าวสาร, คนรับใช้ติดต่อ."
มาณพ 0,น.,"ชายหนุ่ม, ชายรุ่น."
มาณวิกา 0,น.,"หญิงสาว, หญิงรุ่น."
มาด 0,น.,"ชื่อเรือขุดชนิดหนึ่ง ยาวประมาณ ๔ วา, ถ้าเพียงแต่ขุดไว้ แต่ยังไม่ได้เบิก เรียกว่า มาดเรือโกลน หรือ ลูกมาด, ถ้ามีประทุน เรียกว่า เรือมาดประทุน, ถ้ามีเก๋ง เรียกว่า เรือมาดเก๋ง."
มาด 1,น.,ท่าทาง เช่น มาดเขาดี วางมาด.
มาด 2,ก.,"มุ่ง, หมายไว้, คาดไว้, มักใช้เข้าคู่กับคำ มุ่ง เป็น มุ่งมาด."
มาดา 0,น.,แม่.
ม้าดีดกะโหลก 0,ก.,มีกิริยากระโดกกระเดกลุกลนหรือไม่เรียบร้อย (มักใช้แก่ผู้หญิง).
มาตงค์ 0,น.,ช้าง.
ม้าต้น 0,น.,ม้าพระที่นั่งโดยเฉพาะ.
มาตร 0,น.,"เครื่องสำหรับวัดขนาด จำนวน เวลา และมุม เช่น มาตรน้ำ มาตรไฟฟ้า, มิเตอร์ ก็ว่า."
มาตร- 0,น.,"เครื่องสำหรับวัดขนาด จำนวน เวลา และมุม เช่น มาตรน้ำ มาตรไฟฟ้า, มิเตอร์ ก็ว่า."
มาตร 1,ว.,สักว่า.
มาตร 2,สัน.,"สักว่า, แม้ว่า."
มาตร- 1,ว.,สักว่า.
มาตร- 2,สัน.,"สักว่า, แม้ว่า."
มาตรการ 0,น.,วิธีการที่ตั้งเป็นกฎ ข้อกำหนด ระเบียบ หรือกฎหมายเป็นต้น เช่น ใช้มาตรการเด็ดขาด วางมาตรการในการปราบโจรผู้ร้าย
มาตรการ 1,น.,วิธีการที่จะปรับเข้าไปสู่ผลสำเร็จ เช่น วางมาตรการในการดำเนินงาน.
มาตรฐาน 0,น.,"สิ่งที่ถือเอาเป็นเกณฑ์ที่รับรองกันทั่วไป เช่น เวลามาตรฐานกรีนิช, สิ่งที่ถือเอาเป็นเกณฑ์สำหรับเทียบกำหนด ทั้งในด้านปริมาณและคุณภาพ เช่น มาตรฐานอุตสาหกรรม หนังสือนี้ยังไม่เข้ามาตรฐาน."
มาตรแท็กซี่ 0,น.,เครื่องแสดงอัตราและค่าโดยสารของรถแท็กซี่ โดยอาศัยเกณฑ์ระยะทางหรือเวลาการใช้รถแท็กซี่ หรือโดยอาศัยทั้งระยะทางและเวลาการใช้รถแท็กซี่.
มาตรแม้น 0,สัน.,"หากว่า, แม้ว่า, เช่น มาตรแม้นดวงใจอยากได้คู่."
มาตรว่า 0,สัน.,"หากว่า, ถ้าว่า."
มาตรา 0,น.,หลักกำหนดการวัดขนาด จำนวน เวลา และมุม เช่น มาตราชั่ง ตวง วัด มาตราเมตริก
มาตรา 1,น.,"แม่บทแจกลูกพยัญชนะต้นกับสระโดยไม่มีตัวสะกด เรียกว่า มาตรา ก กา หรือ แม่ ก กา, หลักเกณฑ์ที่วางไว้เพื่อให้กำหนดได้ว่าคำที่มีพยัญชนะตัวใดบ้างเป็นตัวสะกดอยู่ในมาตราใดหรือแม่ใด คือ ถ้ามีตัว ก ข ค ฆ สะกด จัดอยู่ในมาตรากกหรือแม่กก, ถ้ามีตัว ง สะกด จัดอยู่ในมาตรากงหรือแม่กง, ถ้ามีตัว จ ฉ ช ซ ฌ ฎ ฏ ฐ ฑ ฒ ด ต ถ ท ธ ศ ษ ส สะกด จัดอยู่ในมาตรากดหรือแม่กด, ถ้ามีตัว ญ ณ น ร ล ฬ สะกด จัดอยู่ในมาตรากนหรือแม่กน, ถ้ามีตัว บ ป พ ฟ ภ สะกด จัดอยู่ในมาตรากบหรือแม่กบ, ถ้ามีตัว ม สะกด จัดอยู่ในมาตรากมหรือแม่กม, ถ้ามีตัว ย สะกด จัดอยู่ในมาตราเกยหรือแม่เกย, ถ้ามีตัว ว สะกด จัดอยู่ในมาตราเกอวหรือแม่เกอว"
มาตรา 2,น.,หน่วยลำดับที่ใช้ในการแบ่ง บทบัญญัติของกฎหมายออกเป็นเรื่อง ๆ เพื่อสะดวกในการใช้และอ้างอิง โดยมีหมายเลขกำกับเรียงตามลำดับ
มาตรา 3,น.,ระยะเวลาการออกเสียงสระสั้นยาว สระสั้น ๑ มาตรา สระยาว ๒ มาตรา.
มาตราพฤติ 0,น.,ฉันท์ที่กำหนดด้วยมาตรา คือ กำหนดคำในฉันท์แต่ละคำเป็นมาตราส่วน เช่น คำครุ กำหนดเป็นความยาวของเสียง ๒ มาตรา คำลหุ กำหนดเป็นความยาวของเสียง ๑ มาตรา.
มาตราส่วน 0,น.,อัตราส่วนระหว่างระยะห่างในแผนที่หรือภาพเป็นต้น กับระยะห่างจริงหรือกับระยะห่างบนแผนที่หรือภาพอื่น.
มาตฤ 0,น.,"มารดา, แม่."
มาตฤกะ 0,ว.,"มาจากแม่หรือเกี่ยวกับแม่, ข้างแม่, ฝ่ายแม่."
มาตสรรย์ 0,น.,ความตระหนี่
มาตสรรย์ 1,น.,ความริษยา
มาตสรรย์ 2,น.,ใช้ว่า มัตสรรย์ ก็มี.
มาตังคะ 0,น.,"มาตงค์, ช้าง."
มาตา 0,น.,แม่.
มาตามหะ 0,น.,ตา คือ พ่อของแม่.
มาตามหัยกะ 0,น.,"ตาทวด, พ่อของยาย."
มาตามหัยกา 0,น.,"ย่าทวด, ยายทวด."
มาตามหัยยิกา 0,น.,"ย่าทวด, ยายทวด."
มาตามหา 0,น.,ยาย.
มาติกะ 0,ว.,"ฝ่ายมารดา, ของมารดา."
มาติกา 0,น.,"บาลีที่เป็นแม่บท เช่น สวดมาติกา, แม่บท"
มาติกา 1,น.,"เหมือง, ทางนํ้าไหล."
มาตี 0,น.,"เหมือง, ทางนํ้าไหล."
มาตุ 0,น.,แม่.
มาตุคาม 0,น.,"ผู้หญิง, เพศหญิง, (เป็นคำที่พระใช้เรียกผู้หญิง)."
มาตุฆาต 0,น.,การฆ่าแม่.
มาตุจฉา 0,น.,"ป้า (ญาติฝ่ายแม่), น้าผู้หญิง."
มาตุภูมิ 0,น.,บ้านเกิดเมืองนอน.
มาตุรงค์ 0,น.,แม่.
มาตุเรศ 0,น.,แม่.
มาตุละ 0,น.,มาตุลา.
มาตุลา 0,น.,"ลุง (ญาติฝ่ายแม่), น้าชาย."
มาตุลานี 0,น.,"ป้าสะใภ้, น้าสะใภ้."
มาตุลุงค์ 0,น.,มะงั่ว.
มาทนะ 0,น.,"เครื่องทำให้เมา, เครื่องทำให้รื่นเริง."
ม้าทลายโรง 0,น.,ชื่อไม้เถาเนื้อแข็งชนิด Neuropeltis racemosa Wall. ในวงศ์ Convolvulaceae ใบเดี่ยว เรียงเวียนสลับ ผลเล็ก มีปีกบางล้อมรอบเป็นแผ่นกลม.
มาทะ 0,น.,"เครื่องทำให้เมา, เครื่องทำให้รื่นเริง."
ม้าเทศ 0,น.,ม้าขนาดใหญ่ที่มาจากต่างประเทศ.
มาธยมิกะ 0,น.,ทางสายกลาง
มาธยมิกะ 1,น.,ศูนยวาท.
มาธุระ 0,ว.,"มธุระ, หวาน, ไพเราะ."
มาธุสร 0,น.,"มธุสร, เสียงหวาน."
มาธูระ 0,ว.,"มธุระ, หวาน, ไพเราะ."
มาน 0,น.,ชื่อโรคจำพวกหนึ่ง เกิดได้หลายสาเหตุ เช่น มีถุงน้ำเกิดที่เยื่อบุช่องท้อง การอุดกั้นหลอดเลือดดำหรือทางเดินของน้ำเหลือง ตับแข็ง ลิ้นหัวใจพิการ ไตอักเสบเรื้อรัง ทำให้มีน้ำสีเหลืองใสอยู่ในช่องท้อง อาจมีเพียงเล็กน้อยหรือมากถึง ๑๕-๒๐ ลิตร เป็นเหตุให้หน้าท้องโป่งพองจนเห็นได้ชัด น้ำหนักเพิ่ม แน่นท้อง ท้องผูก เบื่ออาหาร หายใจลำบาก เท้าบวม เป็นต้น.
ม่าน 0,น.,"เครื่องกั้นบัง โดยปรกติทำด้วยผ้า ใช้ห้อยกั้นห้องหรือประตูหน้าต่างเป็นต้น, โดยปริยายใช้เรียกสิ่งอื่นที่มีลักษณะเช่นนั้น เช่น ม่านควัน."
ม้าน 0,ก.,เหี่ยวแห้ง
ม้าน 1,ก.,เผือดเพราะความอาย.
ม้าน 2,น.,เรียกข้าวที่ยืนต้นแห้งตายเพราะขาดน้ำเนื่องจากฝนแล้ง ว่า ข้าวม้าน
ม้าน 3,น.,เรียกหน้าที่เผือดด้วยความละอายจนไม่กล้าสบตาคน ว่า หน้าม้าน.
มาน 1,น.,ความถือตัว
มาน 2,น.,"ใจ, ดวงใจ, เช่น ดวงมาน."
ม่าน 1,น.,ชนชาติพม่า.
ม้าน 4,น.,"ชื่อผึ้งชนิด Apis andreniformis Smith ในวงศ์ Apidae ขนาดเล็กกว่าผึ้งมิ้ม ทำรังคล้ายผึ้งมิ้ม แต่มีขนาดเล็กกว่า, มิ้มเล็ก หรือ มิ้มดำ ก็เรียก."
มาน 3,ก.,มี เช่น มานพระบัณฑูร.
มาน 4,ก.,ตั้งท้อง เช่น มานลูก ข้าวมาน.
ม่านตา 0,น.,เยื่อผิวลูกตาสำหรับบังคับแสงให้เข้าตามากหรือน้อย.
มานทะลุน 0,น.,โรคที่มีอาการบวมคล้ายโรคมาน แต่บวมทั่วทั้งตัว.
ม่านบังตา 0,น.,เครื่องบังหน้าต่างในระดับตา มักทำด้วยผ้า.
ม่านบังเพลิง 0,น.,ม่านแขวนระหว่างเสาเมรุทั้ง ๔ ด้าน .
มานพ 0,น.,คน. (ป.).
ม่านเมรุ 0,น.,ม่านที่แขวนห้อยไว้ที่เสาเมรุทั้ง ๔ ด้าน.
ม่านลาย 0,น.,"ชื่อตะพาบชนิด Chitra chitra Nutphand ในวงศ์ Trionychidae เป็นเต่ากระดองอ่อนที่มีขนาดใหญ่ที่สุดในโลก เคยพบที่แม่นํ้าแควใหญ่ จังหวัดกาญจนบุรี มีนํ้าหนักถึง ๑๔๘ กิโลกรัม ทั้งตัวและหัวสีนํ้าตาล มีลายสีนํ้าตาลอ่อน กินปลา, กริวลาย ม่อมลาย หรือ กราวด่าง ก็เรียก."
ม่านสองไข 0,น.,ม่าน ๒ ชายที่แหวกกลางรวบชายไปผูกไว้ที่ด้านข้างทั้ง ๒ ด้าน สำหรับประดับช่องทางประตูหน้าต่างเป็นต้น.
ม่านอินทนิล 0,น.,"ชื่อไม้เถาชนิด Thunbergia grandiflora (Roxb. ex Rottler) Roxb. ในวงศ์ Acanthaceae ดอกสีฟ้าอมม่วงหรือขาว ออกเป็นพวงห้อยระย้า, ช่ออินทนิล หรือ ม่านอินทนิล ก็เรียก."
มานะ 0,น.,"การวัด, การนับ, อัตราวัด."
มานะ 1,น.,"ความพยายาม, ความตั้งใจจริง, ความพากเพียร, เช่น มีมานะอดทน มีมานะในการทำงาน"
มานะ 2,น.,ความถือตัว.
มานัต 0,น.,วินัยกรรมที่สงฆ์ทำแก่ภิกษุผู้ต้องอาบัติสังฆาทิเสสให้เป็นภิกษุที่นับเข้าในหมู่สงฆ์ได้ เช่น สวดมานัต.
มานัส 0,น.,ใจ.
มานัส 1,ว.,เกี่ยวกับใจ.
ม้าน้ำ 0,น.,ชื่อสัตว์ในวรรณคดี ท่อนบนเป็นม้า ท่อนล่างเป็นปลา.
ม้าน้ำ 1,น.,ชื่อปลาทะเลทุกชนิดในสกุล Hippocampus วงศ์ Syngnathidae ลำตัวหนา หัวพับเข้าหาลำตัว ปากเป็นท่อยาว ทำให้ส่วนหัวดูคล้ายม้า ส่วนหางเรียวยาว ม้วนได้ ไม่มีครีบหาง ครีบหลังอยู่ตรงข้ามครีบก้นที่มีขนาดเล็กมาก มีครีบอกแต่ไม่มีครีบท้อง ผิวหนังเป็นแผ่นแข็งเรียงต่อกันเป็นเหลี่ยมเป็นปล้องตลอดทั้งตัวสีนํ้าตาล บางชนิดคาดด้วยแถบสีเข้มกว่าหรือมีจุดสีดำที่บางส่วนของลำตัว พบอาศัยตามแนวหินปะการังและสาหร่ายทะเล โดยทรงตัวในแนวตั้งและอาจใช้ส่วนหางพันยึดวัตถุใต้นํ้า หลังผสมพันธุ์ ตัวผู้ทำหน้าที่ฟักไข่ซึ่งเก็บไว้ในถุงหน้าท้อง ขนาดยาวได้ถึง ๑๕ เซนติเมตร.
มานิต 0,ว.,"ผู้ที่คนนับถือ, ผู้ที่คนยกย่อง."
มานี 0,น.,คนมีมานะ.
มานุษ 0,น.,"คน, เพศคน."
มานุษ 1,ว.,"เกี่ยวกับคน, ของคน."
มานุษย- 0,น.,"คน, เพศคน."
มานุษย- 1,ว.,"เกี่ยวกับคน, ของคน."
มานุษยวิทยา 0,น.,วิชาว่าด้วยเรื่องตัวคน และสิ่งที่คนสร้างขึ้น.
มาโนชญ์ 0,ว.,"มโนชญ์, เป็นที่พอใจ, งาม."
มาบ 0,น.,บริเวณที่ลุ่มกว้างใหญ่ซึ่งอาจมีน้ำขังหรือไม่มีก็ได้.
มาปกะ 0,น.,ผู้ก่อสร้าง.
มาภา 0,น.,แสงจันทร์ เช่น มาพ่างมาภาเป็น ปิ่นแก้ว (ยวนพ่าย).
ม้าม 0,น.,อวัยวะภายในร่างกายริมกระเพาะอาหารข้างซ้าย มีหน้าที่ทำลายเม็ดเลือดแดง สร้างเม็ดนํ้าเหลืองและสร้างภูมิคุ้มกันของร่างกาย.
ม้ามืด 0,น.,"ม้าแข่งที่ชนะโดยไม่มีใครนึกคาดไว้, โดยปริยายหมายถึงเรื่องอื่นในอาการเช่นนั้น."
มาย 0,ก.,"ตวง, นับ."
ม่าย 0,ก.,มองผ่านเลยไป เช่น ยังมีพอคู่คล้อม ชายา สองฝ่ายหนมัคคา ม่ายแย้ม (นิ. หริภุญชัย).
ม่าย 1,ว.,"ไร้คู่ครองเพราะผัวหรือเมียตายจากไปและยังไม่ได้แต่งงานใหม่ และหมายรวมถึงเพราะหย่าขาดจากกันด้วย, ถ้าเป็นชายเรียกว่า พ่อม่าย, ถ้าเป็นหญิงเรียกว่า แม่ม่าย, โดยปริยายเรียกหญิงที่เลิกกับผัว ว่า แม่ม่ายผัวร้าง หรือ แม่ร้าง เขียนเป็น หม้าย ก็มี."
ม่ายขันหมาก 0,ว.,เรียกหญิงที่คู่หมั้นตายหรือถอนหมั้นก่อนแต่งงาน.
ม่ายทรงเครื่อง 0,ว.,เรียกแม่ม่ายที่มั่งมี ว่า แม่ม่ายทรงเครื่อง.
ม่ายเมียง 0,ก.,ทำอาการเมิน ๆ เมียง ๆ.
ม้าย่อง 0,น.,ชื่อเพลงไทย อัตรา ๒ ชั้น หน้าทับปรบไก่ มีท่อนเดียว
ม้าย่อง 1,น.,ชื่อเพลงไทยประเภทเพลงเถา
ม้าย่อง 2,น.,ชื่อเพลงไทยประเภทเพลงโหมโรง จัดเข้าชุดเป็นเพลงชุดม้า คือ ม้ารำ ม้าสะบัดกีบ และม้าย่อง.
มายัง 0,น.,ดอกหมาก.
มายา 0,น.,"มารยา, การลวง, การแสร้งทำ, เล่ห์กล."
มายากร 0,น.,"คนเล่นกล, คนแสดงกล."
มายากล 0,น.,"การเล่นกล, การแสดงกล."
มายาการ 0,น.,ความเชื่อถือและการปฏิบัติที่มุ่งให้เกิดผลด้วยการใช้พลังหรืออำนาจเหนือธรรมชาติ เช่นของขลัง พิธีกรรม หรือหลักลี้ลับ บังคับให้เป็นไปตามที่ตนต้องการ.
มายาประสาน 0,น.,"ชื่อว่านชนิดหนึ่ง ใบคล้ายหมากผู้หมากเมีย ต้นและใบเขียว มีลายดั่งว่านเสือ แต่ลายเบา มีพรายปรอท หัวเหมือนกระชาย ตุ้มรากกลมทอดไปยาว หัวมีกลิ่นหอม ใช้อยู่คงเขี้ยวเขานองา, อีกชนิดหนึ่งเรียก มายาประสาน เป็นว่านประสานบาดแผล."
มายาวี 0,น.,"ผู้มีมารยา, ผู้มีเล่ห์เหลี่ยมทำให้ลุ่มหลง, เจ้าเล่ห์."
มาร 0,น.,เทวดาจำพวกหนึ่ง มีใจบาปหยาบช้าคอยกีดกันไม่ให้ทำบุญ
มาร 1,น.,ยักษ์
มาร 2,น.,"ผู้ฆ่า, ผู้ทำลาย, ในพระพุทธศาสนาหมายถึงผู้กีดกันบุญกุศล มี ๕ อย่าง เรียกว่า เบญจพิธมาร คือ ขันธมาร กิเลสมาร อภิสังขารมาร มัจจุมาร เทวบุตรมาร, โดยปริยายหมายถึงผู้ที่เป็นอุปสรรคขัดขวาง."
มาร- 0,น.,เทวดาจำพวกหนึ่ง มีใจบาปหยาบช้าคอยกีดกันไม่ให้ทำบุญ
มาร- 1,น.,ยักษ์
มาร- 2,น.,"ผู้ฆ่า, ผู้ทำลาย, ในพระพุทธศาสนาหมายถึงผู้กีดกันบุญกุศล มี ๕ อย่าง เรียกว่า เบญจพิธมาร คือ ขันธมาร กิเลสมาร อภิสังขารมาร มัจจุมาร เทวบุตรมาร, โดยปริยายหมายถึงผู้ที่เป็นอุปสรรคขัดขวาง."
มารค 0,น.,ทาง เช่น ชลมารค สถลมารค.
มารคอหอย 0,น.,ผู้ที่ขัดผลประโยชน์ที่ผู้อื่นจะพึงมีพึงได้.
มารชิ 0,น.,“ผู้ชนะมาร” คือ พระพุทธเจ้า.
มารชิต 0,น.,“ผู้ชนะมาร” คือ พระพุทธเจ้า.
มารดร 0,น.,แม่.
มารดา 0,น.,แม่.
มารผจญ 0,ก.,"มารยกทัพมารบ, มารที่ยกทัพมาขัดขวางการบำเพ็ญเพียรของพระพุทธเจ้า"
มารผจญ 1,ก.,โดยปริยายหมายความว่า ขัดขวางไม่ให้สำเร็จประโยชน์.
มารยา 0,น.,"การลวง, การแสร้งทำ, เล่ห์กล, เช่น เจ้ามารยา มารยามาก ทำมารยา."
มารยาท 0,น.,"มรรยาท, กิริยาวาจาที่ถือว่าสุภาพเรียบร้อยถูกกาลเทศะ."
มารยาสาไถย 0,น.,การทำให้เขาหลงผิดหรือเข้าใจผิด เช่น เขาทำมารยาสาไถย.
มารวิชัย 0,น.,"ชื่อพระพุทธรูปปางหนึ่ง อยู่ในพระอิริยาบถนั่งขัดสมาธิ พระหัตถ์ซ้ายหงายวางบนพระเพลา พระหัตถ์ขวาวางควํ่าลงที่พระชานุ นิ้วพระหัตถ์ชี้ลงที่พื้นธรณีในคราวที่พระองค์ทรงเอาชนะมารได้ ว่า พระปางมารวิชัย, พระปางชนะมาร หรือ พระปางสะดุ้งมาร ก็เรียก."
มารศรี 0,น.,"นาง, นางงาม."
มารษา 0,น.,"คำปด, คำเท็จ, คำไม่จริง."
มารสังคม 0,น.,ผู้ที่เป็นภัยต่อสังคม.
มารหัวขน 0,น.,ลูกที่อยู่ในท้องซึ่งยังไม่ปรากฏว่าใครเป็นพ่อ หรือไม่มีใครรับว่าเป็นพ่อ.
มาระ 0,ก.,โกรธ.
มาราธิราช 0,น.,พญามาร.
ม้ารำ 0,น.,ชื่อเพลงไทย อัตรา ๒ ชั้น หน้าทับปรบไก่ มีท่อนเดียว
ม้ารำ 1,น.,ชื่อเพลงไทยประเภทเพลงโหมโรง จัดเข้าชุดเป็นเพลงชุดม้า คือ ม้ารำ ม้าสะบัดกีบ และม้าย่อง.
มาริ 0,ก.,มา.
มาริต 0,ว.,ถูกฆ่าแล้ว.
มารุต 0,น.,ลม.
มารุต 1,ว.,"เกี่ยวแก่ลม, เนื่องจากลม."
มารุมมาตุ้ม 0,ว.,"มะรุมมะตุ้ม, กลุ้มรุมทำให้เกิดรำคาญ, เช่น เจ้าหนี้มามารุมมาตุ้มทวงหนี้กันใหญ่."
ม้าเร็ว 0,น.,คนขี่ม้าซึ่งกองทัพจัดไว้สำหรับสืบเหตุการณ์ข่าวคราวของข้าศึก แล้วต้องรีบมาแจ้งแก่เจ้าหน้าที่ผู้ใหญ่ในกองทัพของตน.
มาลย์ 0,น.,"ดอกไม้, ดอกไม้ที่ร้อยเป็นพวง."
ม้าล่อ 0,น.,แผ่นโลหะสัมฤทธิ์ รูปคล้ายถาด ตีให้มีเสียงดัง เป็นของจีนใช้.
มาลัย 0,น.,"ดอกไม้ประดิษฐ์แบบไทยลักษณะหนึ่ง โดยการนำดอกไม้ กลีบดอกไม้ และใบไม้ มาร้อยด้วยเข็มแล้วรูดออกมาใส่ด้ายผูกเป็นพวง มีลักษณะต่าง ๆ กัน, พวงมาลัย ก็เรียก."
มาลัยข้อมือ 0,น.,มาลัยชายเดียว.
มาลัยชายเดียว 0,น.,"มาลัยที่มีอุบะห้อยชายเพียงพวงเดียว, มาลัยมือ มาลัยข้อมือ หรือ มาลัยเปีย ก็เรียก."
มาลัยชำร่วย 0,น.,มาลัยพวงเล็ก ๆ สำหรับให้เป็นของชำร่วย มีหลายแบบ เช่น มาลัยตุ้ม มาลัยตัวด้วง.
มาลัยเปีย 0,น.,มาลัยชายเดียว.
มาลัยมือ 0,น.,มาลัยชายเดียว.
มาลัยสองชาย 0,น.,มาลัยที่มี ๒ ชาย มีอุบะห้อยข้างละ ๑ พวง.
มาลา 0,น.,"ดอกไม้, ดอกไม้ที่จัดแต่งขึ้นตามโครงรูปต่าง ๆ เช่น วงกลม วงรี มักมีใบไม้เป็นส่วนประกอบด้วย สำหรับวางที่อนุสาวรีย์ พระบรมรูป หรือศพ เป็นต้น เพื่อเป็นเกียรติหรือแสดงความเคารพ เรียกว่า พวงมาลา"
มาลา 1,น.,หมวก (ราชาศัพท์ใช้ว่า พระมาลา)
มาลา 2,น.,สร้อยคอ
มาลา 3,น.,"สาย, แถว."
มาลากรรม 0,น.,การช่างดอกไม้.
มาลาการ 0,น.,ช่างทำดอกไม้.
มาลาตี 0,น.,มะลิชนิดหนึ่ง.
ม้าลาย 0,น.,ชื่อสัตว์เลี้ยงลูกด้วยนมในสกุล Equus วงศ์ Equidae รูปร่างคล้ายม้าแต่มีลายสีดำและสีขาวพาดขวางลำตัวตัดกันเห็นได้ชัดเจน จมูกดำ ขนแผงคอสั้น ใบหูและตาโต กีบเท้าเป็นกีบเดี่ยวกลมเล็ก ขนหางยาวเป็นพวงเฉพาะตอนครึ่งปลายของหาง ส่วนโคนหางมีขนสั้น อาศัยอยู่รวมกันเป็นฝูงตามทุ่งหญ้า ถิ่นกำเนิดอยู่ในทวีปแอฟริกา มีหลายชนิด เช่น ชนิด E. grevyi (Oustalet) ซึ่งเป็นพันธุ์ที่มีขนาดใหญ่ที่สุด ชนิด E. burchelli (Gray) เป็นชนิดที่นิยมนำมาเลี้ยงตามสวนสัตว์ทั่ว ๆ ไป.
มาลาเรีย 0,น.,ไข้จับสั่น.
มาลำ 0,น.,"เวลาคํ่ามืด, กลางคืน."
มาลินี 0,น.,ชื่อฉันท์ชนิดหนึ่ง บาทหนึ่งมี ๑๕ พยางค์
มาลินี 1,น.,ผู้แต่งด้วยพวงดอกไม้ (เฉพาะเพศหญิง).
มาลี 0,น.,"ผู้แต่งด้วยพวงดอกไม้, เพศหญิงใช้ว่า มาลินี."
มาลี 1,น.,ดอกไม้ทั่วไป.
มาลุต 0,น.,ลม.
มาวาร 0,น.,กุหลาบ.
มาศ 0,น.,ทอง
มาศ 1,น.,กำมะถัน.
มาส 0,น.,"พระจันทร์, เดือน."
มาส 1,น.,"ชื่อถั่วชนิด Phaseolus lunatus L. ในวงศ์ Leguminosae ดอกสีขาวหรือเหลืองอ่อน ออกเป็นช่อไม่แตกแขนง, มาส หรือ ถั่วทอง ก็เรียก."
มาสก 0,น.,ชื่อมาตราเงินในครั้งโบราณ ๕ มาสก เป็น ๑ บาท.
ม้าสะบัดกีบ 0,น.,ชื่อเพลงไทย อัตรา ๒ ชั้น
ม้าสะบัดกีบ 1,น.,ชื่อเพลงไทยประเภทเพลงโหมโรง จัดเข้าชุดเป็นเพลงชุดม้า คือ ม้ารำ ม้าสะบัดกีบ และม้าย่อง.
มาห์ 0,น.,"ผี, ยักษ์, ผู้ไม่ใช่มนุษย์และดิรัจฉาน."
ม่าห์ 0,น.,"ผี, ยักษ์, ผู้ไม่ใช่มนุษย์และดิรัจฉาน."
มาหิส 0,ว.,"เกี่ยวกับควาย, เนื่องจากควาย."
มาเหนือเมฆ 0,ก.,มีความคิดหรือชั้นเชิงเหนือผู้อื่น
มาเหนือเมฆ 1,ก.,มาหรือปรากฏขึ้นโดยไม่คาดหมาย.
ม่าเหมี่ยว 0,น.,"ชื่อแมลงพวกด้วงชนิด Martianus dermestoides Chevrolat ในวงศ์ Tenebrionidae ลำตัวยาว ๖-๗ มิลลิเมตร กว้าง ๒-๓ มิลลิเมตร สีน้ำตาลเกือบดำตลอดทั้งลำตัว ขา และปีก กินของแห้งทั้งพืชและสัตว์โดยเฉพาะเมล็ดบัว นิยมนำมาเลี้ยงด้วยเมล็ดบัวแห้ง หัวข้าวเย็นเหนือ หัวข้าวเย็นใต้ โดยเชื่อว่าเมื่อนำมารับประทานจะช่วยกระตุ้นความรู้สึกทางเพศ, ม่าเหมี่ยว ก็เรียก."
ม่าเหมี่ยว 1,น.,ชื่อชมพู่สาแหรกพันธุ์หนึ่งที่ผลสีแดงเข้ม.
มาฬก 0,น.,"พลับพลา, ปะรำ, โรงพิธี."
ม้าอ้วน 0,น.,ชื่อกับข้าวชนิดหนึ่งทำด้วยไข่นึ่งเป็นชิ้น ๆ.
มำเลือง 0,ว.,"เมลือง, งาม, รุ่งเรือง, เปล่งปลั่ง, สุกใส."
มิ 0,ว.,ไม่ เช่น มิทราบ มิควร มิบังอาจ.
มิ 1,ก.,"เฉย, ไม่ค่อยพูดจา, เช่น รามสูรได้ยินสิ้นสติลงนั่งมิจะทำกระไรได้ (บทระบำตลก พระราชนิพนธ์ ร. ๕)."
มิค 0,น.,สัตว์ป่ามีกวางอีเก้งเป็นต้น.
มิค- 0,น.,สัตว์ป่ามีกวางอีเก้งเป็นต้น.
มิคชาติ 0,น.,"เนื้อ, หมู่เนื้อ."
มิคลุท 0,น.,"พรานเนื้อ, คนที่เที่ยวฆ่าสัตว์ในป่าเป็นอาชีพ."
มิคลุทกะ 0,น.,"พรานเนื้อ, คนที่เที่ยวฆ่าสัตว์ในป่าเป็นอาชีพ."
มิคเศียร 0,น.,"ชื่อเดือนที่ ๑ แห่งจันทรคติ, เดือนอ้ายตกราวเดือนธันวาคม."
มิคสัญญี 0,น.,ชื่อยุคหนึ่งที่มีแต่รบราฆ่าฟันเบียดเบียนกัน.
มิคสิร- 0,น.,"ชื่อเดือนที่ ๑ แห่งจันทรคติ, เดือนอ้ายตกราวเดือนธันวาคม."
มิคสิระ 0,น.,"ดาวฤกษ์ที่ ๕ มี ๓ ดวง เห็นเป็นรูปหัวเต่า, ดาวหัวเต่า ดาวหัวเนื้อ ดาวศีรษะเนื้อ ดาวศีรษะโค ดาวมฤคศิรัส หรือ ดาวอาครหายณี ก็เรียก."
มิคสิระ 1,น.,"ชื่อเดือนที่ ๑ แห่งจันทรคติ, เดือนอ้ายตกราวเดือนธันวาคม."
มิคสิระ 2,น.,"ดาวฤกษ์ที่ ๕ มี ๓ ดวง เห็นเป็นรูปหัวเต่า, ดาวหัวเต่า ดาวหัวเนื้อ ดาวศีรษะเนื้อ ดาวศีรษะโค ดาวมฤคศิรัส หรือ ดาวอาครหายณี ก็เรียก."
มิคะ 0,น.,สัตว์ป่ามีกวางอีเก้งเป็นต้น.
มิคี 0,น.,"แม่เนื้อ, นางเนื้อ."
มิ่ง 0,น.,สิ่งเป็นสิริมงคล เช่น มิ่งเมือง เมียมิ่ง.
มิ่งขวัญ 0,น.,สิ่งหรือผู้เป็นที่รักหรือเคารพนับถือ.
มิงโค 0,น.,"รอบ ๗ วัน, สัปดาห์หนึ่ง."
มิ่งมงคล 0,น.,สิ่งที่ถือว่าเป็นสิริมงคลอันจะนำความสุขความเจริญมาสู่.
มิ่งมิตร 0,น.,"เพื่อนรัก, เมียรัก."
มิ่งเมีย 0,น.,เมียที่ถือว่านำสิ่งมงคลมาสู่สามีและครอบครัว.
มิจฉา 0,ว.,"ผิด, แผลงใช้ว่า มฤจฉา ก็มี."
มิจฉากัมมันตะ 0,น.,“การงานอันผิด” คือ ประพฤติกายทุจริต.
มิจฉาจริยา 0,น.,การประพฤติผิด.
มิจฉาจาร 0,น.,การประพฤติผิด.
มิจฉาชีพ 0,น.,"การหาเลี้ยงชีวิตในทางผิด, อาชีพที่ผิดกฎหมาย, เช่น เขาประกอบมิจฉาชีพ."
มิจฉาชีพ 1,ว.,"ที่หาเลี้ยงชีวิตในทางผิด, ที่ประกอบอาชีพผิดกฎหมาย, เช่น พวกมิจฉาชีพ."
มิจฉาทิฐิ 0,น.,ความเห็นผิดจากทำนองคลองธรรม.
มิจฉาบถ 0,น.,ทางดำเนินผิด.
มิจฉาวาจา 0,น.,“การเจรจาถ้อยคำผิด” คือ ประพฤติวจีทุจริต.
มิจฉาวายามะ 0,น.,ความพยายามผิด.
มิจฉาสติ 0,น.,ความระลึกในทางผิด.
มิจฉาสมาธิ 0,น.,"สมาธิผิด, ความตั้งใจผิด."
มิจฉาสังกัปปะ 0,น.,ความดำริในทางที่ผิด.
มิจฉาอาชีวะ 0,น.,การเลี้ยงชีพในทางผิด.
มิญช- 0,น.,"เยื่อ, แก่นหรือเมล็ด."
มิด 0,ว.,"อาการที่ลับหายไปหรือทำให้ลับหายไปจนหมดสิ้นอย่างปิดมิด จมมิด บังมิดเป็นต้น, สนิท เช่น ปิดประตูให้มิด"
มิด 1,ว.,ใช้เป็นกริยาหมายถึง อาการอย่างนั้น เช่น มิดนํ้า มิดหัว.
มิดชิด 0,ว.,"ลับตา, ไม่ให้ใครเห็น, เช่น ซ่อนให้มิดชิด, สนิทแนบเนียน เช่น ปิดประตูให้มิดชิด, เรียบร้อย เช่น ห่อให้มิดชิด."
มิดด้าม 0,ว.,"อาการที่ใช้มีดหรือของมีคมแทงเข้าไปจนจมถึงด้าม, สุดกั่น สุดด้าม หรือ สุดลิ่ม ก็ว่า."
มิดน้ำ 0,ว.,อาการที่น้ำท่วมหัวเรือจนมิด เช่น หัวเรือมิดน้ำ.
มิดเม้น 0,ก.,ซ่อนของเล็ก ๆ น้อย ๆ ให้ลับตา.
มิดเมี้ยน 0,ว.,ลับจนมองไม่เห็น
มิดเมี้ยน 1,ว.,"แสดงอาการซ่อนอายลับ ๆ ล่อ ๆ, กระมิดกระเมี้ยน ก็ว่า."
มิดหมี 0,ว.,"มาก, สนิท, ใช้ประกอบหลังคำ ดำ เป็น ดำมิดหมี."
มิดหัว 0,ว.,อาการที่หัวจมหายลงไปในน้ำ เช่น ดำน้ำจนมิดหัว.
มิดีมิร้าย 0,ว.,"ชั่วร้าย, ไม่สมควร"
มิดีมิร้าย 1,ว.,อาการที่ล่วงเกินในเชิงชู้สาว.
มิได้ 0,ว.,"ไม่ได้, ไม่ใช่."
มิต- 0,ว.,"พอประมาณ, น้อย."
มิตภาณี 0,น.,คนพูดพอประมาณ.
มิตร 0,น.,เพื่อนรักใคร่คุ้นเคย เช่น มิตรแท้ มิตรเทียม ฉันมิตร.
มิตร- 0,น.,เพื่อนรักใคร่คุ้นเคย เช่น มิตรแท้ มิตรเทียม ฉันมิตร.
มิตรจิต 0,น.,"ความมีนํ้าใจเอื้อเฟื้อเสมือนเพื่อนรัก, ความรักใคร่ประนีประนอมฐานเพื่อนรัก, เช่น มีมิตรจิตต่อกัน."
มิตรจิตมิตรใจ 0,น.,ถ้อยทีถ้อยอาศัยกัน เช่น ต่างก็มีมิตรจิตมิตรใจต่อกัน.
มิตรภาพ 0,น.,ความเป็นเพื่อน เช่น มิตรภาพระหว่างเขาทั้งสอง.
มิตรสหาย 0,น.,เพื่อนฝูง.
มิติ 0,น.,"การวัด (มักใช้ประกอบหลังศัพท์อื่น) เช่น ตรีโกณมิติ สังคมมิติ, ขนาดซึ่งวัดไปตามทิศทางใดทิศทางหนึ่ง โดยถือขนาดยาวเป็นมิติที่ ๑ ขนาดกว้างเป็นมิติที่ ๒ ขนาดหนาหรือสูงเป็นมิติที่ ๓ และถือว่าเวลาเป็นมิติที่ ๔, ในทางศิลปะอาจใช้ หนาหรือลึก แทน กว้างหรือยาว ก็ได้."
มิติ 1,น.,"ด้าน, มุมมอง, เช่น เปิดมิติใหม่ของวงการภาพยนตร์."
มิเตอร์ 0,น.,"เครื่องสำหรับวัดขนาด จำนวน เวลา และ มุม เช่น มิเตอร์น้ำ มิเตอร์ไฟฟ้า, มาตร ก็ว่า."
มิถยา 0,ว.,มิจฉา.
มิถุน 0,น.,ชื่อกลุ่มดาวราศีที่ ๒.
มิถุนายน 0,น.,"ชื่อเดือนที่ ๖ ตามสุริยคติ ซึ่งเริ่มด้วยเดือนมกราคม มี ๓๐ วัน, (เลิก) ชื่อเดือนที่ ๓ ตามสุริยคติ ซึ่งเริ่มด้วยเดือนเมษายน."
มิทธะ 0,น.,"ความท้อแท้, ความเชื่อมซึม."
มิทธี 0,ว.,"ท้อแท้, เชื่อมซึม."
มินตรา 0,น.,ต้นกระถิน.
มินตา 0,ก.,ขอโทษ.
มินหม้อ 0,น.,"เขม่าดำที่ติดก้นหม้อ, มักพูดเพี้ยนเป็น ดินหม้อ ก็มี."
มิน่า 0,*ว.,คำแสดงว่า รู้สาเหตุ.
มิน่าล่ะ 0,*ว.,คำแสดงว่า รู้สาเหตุ.
มิน่าเล่า 0,*ว.,คำแสดงว่า รู้สาเหตุ.
มิ่ม 0,น.,"ชื่อผึ้งชนิด Apis florea Fabricius ในวงศ์ Apidae เป็นผึ้งขนาดเล็ก ผึ้งงานลำตัวยาวประมาณ ๘ มิลลิเมตร อาศัยอยู่รวมเป็นฝูง ทำรังเป็นแผ่นเดี่ยว ๆ ตามกิ่งไม้ มักทิ้งรังเมื่อขาดแคลนอาหาร, มิ่ม นิ่ม หรือ นิ้ม ก็เรียก."
มิ้ม 0,ก.,"เม้ม, ปิดริม, พับริม."
มิ้ม 1,น.,"ชื่อผึ้งชนิด Apis florea Fabricius ในวงศ์ Apidae เป็นผึ้งขนาดเล็ก ผึ้งงานลำตัวยาวประมาณ ๘ มิลลิเมตร อาศัยอยู่รวมเป็นฝูง ทำรังเป็นแผ่นเดี่ยว ๆ ตามกิ่งไม้ มักทิ้งรังเมื่อขาดแคลนอาหาร, มิ่ม นิ่ม หรือ นิ้ม ก็เรียก."
มิ้มดำ 0,น.,"ชื่อผึ้งชนิด Apis andreniformis Smith ในวงศ์ Apidae ขนาดเล็กกว่าผึ้งมิ้ม ทำรังคล้ายผึ้งมิ้ม แต่มีขนาดเล็กกว่า, มิ้มเล็ก หรือ มิ้มดำ ก็เรียก."
มิ้มเล็ก 0,น.,"ชื่อผึ้งชนิด Apis andreniformis Smith ในวงศ์ Apidae ขนาดเล็กกว่าผึ้งมิ้ม ทำรังคล้ายผึ้งมิ้ม แต่มีขนาดเล็กกว่า, มิ้มเล็ก หรือ มิ้มดำ ก็เรียก."
มิยา 0,น.,โต๊ะวางของ.
มิไย 0,สัน.,"ถึงแม้, ถึงแม้ว่า, เช่น มิไยจะด่า หมายความว่า ถึงแม้จะด่า."
มิรันตี 0,น.,ต้นดาวเรือง.
มิลลิกรัม 0,น.,"ชื่อมาตราชั่งตามวิธีเมตริก มีอัตราเท่ากับ ๑ ใน ๑,๐๐๐ ของ ๑ กรัม, อักษรย่อว่า มก."
มิลลิบาร์ 0,น.,"หน่วยวัดความกดอากาศ ๑ มิลลิบาร์มีค่าเท่ากับ ๑,๐๐๐ ดายน์ต่อตารางเซนติเมตร หรือ ๑๐๐ นิวตันต่อตารางเมตร."
มิลลิเมตร 0,น.,"ชื่อมาตราวัดตามวิธีเมตริก มีอัตราเท่ากับ ๑ ใน ๑,๐๐๐ ของ ๑ เมตร, อักษรย่อว่า มม."
มิลลิลิตร 0,น.,"ชื่อมาตราตวงตามวิธีเมตริก มีอัตราเท่ากับ ๑ ใน ๑,๐๐๐ ของ ๑ ลิตร, อักษรย่อว่า มล."
มิลักขะ 0,น.,คนป่าเถื่อน.
มิลักขู 0,น.,คนป่าเถื่อน.
มิลาต 0,ว.,"เหี่ยว, โรย"
มิลาต 1,ว.,"อิดโรย, เมื่อย."
มิศร- 0,ว.,"เจือ, ปน, คละ"
มิศร- 1,ว.,ประสมขึ้น.
มิศรก- 0,ว.,"เจือ, ปน, คละ"
มิศรก- 1,ว.,ประสมขึ้น.
มิส- 0,ว.,"เจือ, ปน, คละ."
มิสก- 0,ว.,"เจือ, ปน, คละ."
มิสกรี 0,น.,เสื้อที่ใช้ผ้าค่อนข้างบาง ลักษณะเป็นเสื้อคอกลม ผ่าหน้าลึกพอให้สวมได้ แขนเสื้อต่อเป็นเส้นตรง.
มิสกวัน 0,น.,ชื่อสวนของพระอินทร์ ๑ ใน ๔ แห่ง ได้แก่ นันทวัน ปารุสกวัน จิตรลดาวัน และมิสกวัน. (ป. มิสฺสกวน
มิสกวัน 1,ส.,มิศฺรกวน)
มิสกวัน 2,ส.,ป่าที่มีไม้ต่าง ๆ ระคนกัน.
มิสซา 0,น.,พิธีกรรมในศาสนาคริสต์นิกายโรมันคาทอลิก เพื่อระลึกถึงพระเยซูที่ทรงสั่งเสียสาวกขณะที่รับประทานอาหารมื้อสุดท้าย โดยสัญญาว่า เมื่อประกอบพิธีแบ่งขนมปังดังที่พระองค์กระทำ พระองค์จะเสด็จมาประทับร่วมด้วยทุกครั้ง.
มิหนำซ้ำ 0,ว.,"เท่านี้ยังไม่เพียงพอ, หนักยิ่งไปกว่านั้นอีก, เช่น ตัดเท้าตัดกรแล้วมิหนำ ซ้ำฆ่าสุริย์วงศ์ยักษี (รามเกียรติ์)."
มิอย่ารา 0,ว.,"ไม่เลิก, ไม่หยุด."
มิอย่าเลย 0,ว.,"ไม่เลิกเลย, ไม่เป็นอย่างอื่นเลย."
มี 0,ว.,"รวย เช่น เขาเป็นคนมี ไม่ใช่คนจน, ไม่เปล่า, ไม่ว่าง, เช่น ในหม้อมีข้าว ในห้องน้ำมีคน."
มี 1,ก.,"ถือเป็นเจ้าของ, อยู่ในครอบครอง, เช่น มีเงิน มีลูก, ประกอบด้วย เช่น อริยสัจ ๔ มี ทุกข์ สมุทัย นิโรธ มรรค, ปรากฏ เช่น มีดาวหางขึ้นในท้องฟ้า, เกิด เช่น มีโรคระบาด, คงอยู่ เช่น มีคนอยู่ไหม."
มี่ 0,ว.,"อึกทึก, เสียงแซ่."
มีกิริยา 0,ก.,มีกิริยาดี.
มีแก่ใจ 0,ก.,"เอาใจเอื้อเฟื้อเผื่อแผ่, มีนํ้าใจ, มักกร่อนเป็น มีกะใจ."
มีครรภ์ 0,ก.,"มีลูกอยู่ในท้อง, มีท้อง ก็ว่า."
มี่ฉาว 0,ว.,"อึกทึก, เอิกเกริก, เกรียวกราว."
มีชาติมีสกุล 0,ก.,มีเชื้อสายดี เช่น เขาเป็นพวกมีชาติมีสกุล.
มีชีวิตชีวา 0,ว.,มีความสดชื่นคึกคัก.
มีชื่อ 0,ว.,มีเกียรติยศชื่อเสียง.
มีชื่อเสียง 0,ว.,มีเกียรติยศชื่อเสียง.
มีชู้ 0,ก.,ล่วงประเวณีกับชายอื่นที่มิใช่สามีของตน.
มีด 0,น.,เครื่องใช้สำหรับฟัน ผ่า จัก เหลา เป็นต้น ทำด้วยโลหะมีเหล็กเป็นต้น ใบมีดมีลักษณะเป็นแผ่น รูปยาวรี มีคมด้านหนึ่ง มีสันอยู่อีกด้านหนึ่ง หรือมีคมทั้ง ๒ ด้าน ปลายมีดรูปร่างแหลมก็มี ป้านก็มี โคนมีดเป็นกั่นรูปเดือยเรียวแหลม หรือเป็นแผ่นสอดติดอยู่ในด้ามซึ่งมักทำด้วยไม้หรือเขาสัตว์ มีชื่อเรียกต่าง ๆ ตามลักษณะและวัตถุประสงค์ที่ใช้.
มีดกราย 0,น.,"มีดขนาดใหญ่ รูปเพรียวยาว หัวตัด ใช้ถือกรีดกราย, พร้ากราย พร้าโอ หรือ มีดโอ ก็เรียก."
มีดกรีดกล้วย 0,น.,มีดขนาดเล็ก ใบมีดรูปยาวรี ปลายแหลมโค้งงอ ด้ามทำด้วยไม้ ใช้กรีดหรือผ่าเปลือกกล้วยปิ้ง.
มีดกรีดยาง 0,น.,มีดขนาดกลาง ใบมีดรูปงอเป็นขอคล้ายเคียวเกี่ยวข้าว ใช้กรีดเปลือกต้นยางพารา.
มีดแกะ 0,น.,มีดขนาดเล็ก ใบมีดแบนยาวปลายตัดเฉียงและแหลม คมมีดอยู่ตรงปลายเฉียง มีด้าม ใช้ในงานแกะไม้.
มีดโกน 0,น.,มีดสำหรับโกนผมหรือหนวดเคราเป็นต้น มีดโกนอย่างเก่ารูปร่างคล้ายมีดโต้ สันหนา คมบาง ปรกติมีฝักหุ้มส่วนคม มีดโกนอย่างใหม่ใบมีดยาวรี สันหนา คมบาง มีฝักหุ้มคมเช่นกัน มีชื่อเรียกอีกอย่างหนึ่งว่า มีดโกนโมกุล.
มีดขอ 0,น.,"มีดขนาดใหญ่ ใบมีดยาว ปลายงอเป็นรูปขอ ด้ามยาว ๑-๒ ศอก ใช้สำหรับเกี่ยว ตัด ลิด หรือราน, พร้าขอ ก็เรียก."
มีดควั่นอ้อย 0,น.,มีดขนาดกลาง ใบมีดรูปยาวรี ปลายมน มีด้าม เจาะรูที่ปลายใบมีดสำหรับสอดปลายเข้ากับหลักควั่นอ้อย ใช้ควั่นอ้อย.
มีดคว้าน 0,น.,มีดขนาดเล็ก ใบมีดรูปยาวรีคล้ายใบหญ้า มักทำด้วยทองเหลือง ปลายแหลมโค้งเล็กน้อย ด้ามมักทำด้วยไม้หรือเขาสัตว์ ใช้ปอก จัก คว้านผลไม้.
มีดคอม้า 0,น.,"มีดพกปลายแหลมชนิดหนึ่งที่มีด้ามงอเฉียงลง, มีดประแดะ ก็เรียก."
มีดเจียนหนัง 0,น.,มีดขนาดย่อม ใบมีดเป็นแผ่นแบนรูปสี่เหลี่ยมผืนผ้า มีคมอยู่ตรงปลายมีดที่ตัดเผล้ ส่วนโคนมีกั่นโค้งงอคล้ายคอห่านสอดติดกับด้ามขนาดพอกำได้สะดวก ใช้ตัดเจียนหนังสัตว์.
มีดเจียนหมาก 0,น.,มีดบางขนาดเล็ก ใบมีดรูปยาวรี ปลายเสี้ยว ด้ามมักทำด้วยไม้หรือเขาสัตว์ ใช้เจียนหมาก.
มีดชายธง 0,น.,มีดขนาดย่อม ใบมีดเป็นรูปสามเหลี่ยม ปลายแหลม ยาวประมาณ ๑ คืบ ด้ามสั้น ใช้พกเป็นอาวุธ.
มีดซุย 0,น.,มีดขนาดย่อม ใบมีดรูปร่างคล้ายปลาลิ้นหมา ปลายแหลม สันหนา คมบาง ยาวประมาณ ๑ คืบ ด้ามสั้น ใช้พกเป็นอาวุธ.
มีดดาบ 0,น.,"มีดขนาดใหญ่ ใบมีดรูปยาวรีประมาณ ๑ ศอก ปลายงอนขึ้นเล็กน้อย ด้ามทำด้วยไม้ยาว ๑ คืบ ดาบของหลวงปรกติสอดไว้ในฝัก ดาบเชลยศักดิ์ไม่นิยมทำฝักสำหรับสอดดาบ ใช้เป็นอาวุธ มีชื่อเรียกต่างกันออกไปตามลักษณะปลายดาบ, ถ้าปลายแหลม หัวงอน เรียกว่ามีดดาบหัวปลาซิว, ถ้าปลายมนแหลม เรียกว่า มีดดาบหัวปลาหลด, ถ้าปลายตัดขวาง เรียกว่า มีดดาบหัวตัด, ถ้าปลายแหลมตัดปลายสันเฉียงปัดไปทางปลายดาบ เรียกว่า มีดดาบหัวเผล้."
มีดตอก 0,น.,มีดขนาดกลาง ใบมีดรูปร่างป้าน ๆ สันหนา คมบาง ด้ามยาวและมีปลายงอนขึ้นคล้ายคันธนู ใช้จักตอก เหลาไม้หรือหวาย.
มีดต้องสู้ 0,น.,มีดขนาดใหญ่ มีลักษณะคล้ายดาบ ปลายตัดเป็นหยัก ด้ามทำด้วยโลหะหรือไม้หุ้มโลหะ ปรกติสอดใบมีดไว้ในฝัก เป็นมีดที่นิยมใช้กันในหมู่ชาวต้องสู้.
มีดตัดกระดาษ 0,น.,มีดขนาดเล็กหรือโลหะแบน ๆ อย่างมีด ใช้ตัดกระดาษหรือซองจดหมายเป็นต้น.
มีดโต้ 0,น.,"มีดขนาดใหญ่ กลาง และเล็ก ใบมีดมีรูปร่างคล้ายน้ำเต้าผ่าเสี้ยว หัวโต สันหนา โคนมีดแคบ ด้ามทำด้วยไม้เป็นบ้องต่อออกไปจากตัวมีด ขนาดสั้นพอมือกำ มีดโต้ขนาดใหญ่และกลาง ใช้ฟันหรือผ่าทั่วไป ขนาดเล็กใช้กรีดหรือผ่าทุเรียนเป็นต้น, พร้าโต้ หรือ อีโต้ ก็เรียก."
มีดโต๊ะ 0,น.,มีดขนาดกลางและเล็ก ใช้ตัดหรือเฉือนอาหาร เช่น เนื้อ ปลา ในเวลารับประทานอาหารแบบฝรั่ง.
มีดทอง 0,น.,มีดขนาดกลางและเล็ก ทำด้วยทองเหลืองหรือทองม้าล่อ ใบมีดรูปยาวรี มีทั้งชนิดปลายมนและปลายเสี้ยว ด้ามมักทำด้วยเขาสัตว์ ใช้ปอกผลไม้.
มีดแทงหยวก 0,น.,มีดขนาดเล็ก ใบมีดแบนเรียว ปลายแหลมคล้ายใบข้าว มีคม ๒ ด้าน ด้ามสั้นพอกำ ใช้แทงหรือฉลุหยวกกล้วยทำเป็นลวดลายในงานเครื่องสด.
มีดบาง 0,น.,มีดขนาดกลาง ใบมีดแบนยาว มีทั้งชนิดปลายมนและปลายเสี้ยว ด้ามทำด้วยไม้หรือเขาสัตว์ ใช้หั่น เฉือน หรือซอยผักหรือเนื้อเป็นต้น.
มีดประแดะ 0,น.,"มีดพกปลายแหลมชนิดหนึ่งที่มีด้ามงอเฉียงลง, มีดคอม้า ก็เรียก."
มีดปังตอ 0,น.,มีดขนาดใหญ่ ใบมีดรูปสี่เหลี่ยมผืนผ้า สันหนาและแอ่นโค้ง ด้ามทำด้วยไม้ขนาดสั้นพอมือกำ ใช้สับเนื้อและกระดูกหมูเป็นต้น.
มีดปาดตาล 0,น.,มีดขนาดกลาง ใบมีดรูปร่างคล้ายปลากราย ปลายแหลม สันหนา ด้ามทำด้วยไม้ยาวประมาณ ๑ คืบ ใช้ปาดงวงตาลหรืองวงมะพร้าว.
มีดแป๊ะกั๊ก 0,น.,มีดขนาดใหญ่ ใบมีดรูปแบนยาวประมาณ ๑ ศอก สันหนา ด้ามทำด้วยไม้ไผ่ยาวประมาณ ๓ ศอก ใช้เป็นอาวุธสำหรับทหารเดินเท้าในกองทัพสมัยโบราณ.
มีดพก 0,น.,มีดขนาดเล็ก ใบมีดหนายาวเรียว ปลายแหลม มีคมด้านหนึ่งหรือทั้ง ๒ ด้าน ยาวประมาณ ๑ ฝ่ามือ ด้ามสั้นทำด้วยไม้ เขาสัตว์ หรืองา ใช้พกเป็นอาวุธ.
มีดพับ 0,น.,มีดขนาดเล็ก ใบมีดพับกลับเข้าไปซ่อนอยู่ในฝักซึ่งทำหน้าที่เป็นด้ามมีดอยู่ในตัวได้.
มีดพับสปริง 0,น.,มีดพับที่มีสปริง มี ๒ ชนิด ชนิดหนึ่งเมื่อกดปุ่มหรือคานสปริงแล้วจึงจะง้างใบมีดออกหรือพับใบมีดเข้าร่องได้ กับอีกชนิดหนึ่ง เมื่อกดปุ่มหรือคานสปริงใบมีดจะดีดออกจากร่องหรือพับเข้าร่องได้.
มีดยับ 0,น.,ว่านหางช้าง. [ดู หางช้าง (๑)].
มีดสปริง 0,น.,มีดที่มีปุ่มสำหรับกดให้ใบมีดพุ่งออกมาหรือถอยกลับเข้าที่เดิมได้.
มีดสองคม 0,น.,มีดขนาดเล็ก ลักษณะคล้ายมีดพก แต่มีคมทั้ง ๒ ด้าน.
มีดสั้น 0,น.,มีดขนาดเล็ก ลักษณะคล้ายมีดพก แต่สันบางกว่า.
มีดสับหมู 0,น.,มีดขนาดกลาง ใบมีดรูปสี่เหลี่ยมผืนผ้าค่อนข้างหนายาวประมาณ ๑ คืบด้ามเป็นบ้องต่อออกไปจากตัวมีดขนาดพอมือกำ ถ้าเป็นแบบที่ใช้ในครัวมักทำสันงอนขึ้น และด้ามทำด้วยไม้.
มีดเสียม 0,น.,มีดหัวเสียม.
มีดเสือซ่อนเล็บ 0,น.,มีดขนาดเล็ก ใบมีดแบนเรียวปลายแหลม ยาวประมาณครึ่งฝ่ามือ ชุดหนึ่งมี ๒ เล่ม ด้ามมีดทำเป็นท่อนสี่เหลี่ยมยาว มีช่องสำหรับสอดใบมีดอีกเล่มหนึ่งสวนเข้าไปเก็บไว้ได้มิดชิด มีดทั้ง ๒ เล่มเมื่อสอดใบมีดเข้าไปในด้ามของกันและกันแล้ว แลดูเหมือนไม้สี่เหลี่ยมท่อนสั้น ๆ ใช้พกเป็นอาวุธ.
มีดหมอ 0,น.,มีดขนาดกลาง ใบมีดรูปร่างคล้ายมีดเหน็บ แต่โคนมีดมีชายแหลมโค้งออกจากคมเล็กน้อย ใช้สำหรับประกอบในพิธีทางไสยศาสตร์.
มีดหมู 0,น.,มีดขนาดใหญ่ ใบมีดรูปสามเหลี่ยมชายธง ปลายแหลม สันตรงและหนา คมโค้งขึ้นไปจดปลาย ด้ามทำด้วยไม้สั้นขนาดพอกำ ใช้แล่เนื้อหมูตามเขียงหมู.
มีดหวด 0,น.,"มีดขนาดใหญ่ รูปเพรียวยาว ด้ามงอ ๆ สำหรับหวดหญ้า, พร้าหวด ก็เรียก."
มีดหั่นยา 0,น.,มีดขนาดกลาง ใบมีดรูปสี่เหลี่ยมผืนผ้ายาวประมาณ ๑ คืบ ด้ามทำด้วยไม้ขนาดพอกำ ใช้หั่นใบยาสูบ.
มีดหัวเสียม 0,น.,"มีดขนาดกลาง ใบมีดปลายแบนป้าน โคนแคบ ยาวประมาณ ๑ ศอก ด้ามทำด้วยไม้ยาว ๑ คืบ ใช้ถากหญ้าหรือขุดดินแทนเสียมได้, มีดเสียม หรือ พร้าเสียม ก็เรียก."
มีดเหน็บ 0,น.,"มีดขนาดกลาง ใบมีดรูปร่างปลายแหลม กลางป่อง โคนแคบ สันค่อนข้างหนา ด้ามทำเป็นกั่นสอดติดกับด้ามไม้หรือทำเป็นบ้องติดอยู่ในตัวก็มี ปรกติสอดใบมีดไว้ในฝักซึ่งทำด้วยไม้หรือหวายสาน นิยมเหน็บเอวด้านหลังหรือด้านหน้า ในเวลาออกนอกบ้าน ใช้ประโยชน์ได้หลายอย่าง, มีดอีเหน็บ หรือ อีเหน็บ ก็เรียก."
มีดเหลียน 0,น.,"มีดขนาดใหญ่ ใบมีดแบน ปลายกว้างโคนแคบ สันหนาและโค้งดุ้งขึ้น โคนมีดทำเป็นบ้องหรือกั่นสอดติดกับด้ามไม้ยาว ใช้ถางป่า ตัดอ้อย หรือรานกิ่งไม้เป็นต้น, มีดอีเหลียน หรือ อีเหลียน ก็เรียก."
มีดอีเหน็บ 0,น.,มีดเหน็บ.
มีดอีเหลียน 0,น.,มีดเหลียน.
มีดโอ 0,น.,มีดกราย.
มีตระกูล 0,ว.,ที่สืบเชื้อสายมาจากตระกูลสูง เช่น เขาเป็นลูกผู้ดีมีตระกูล.
มีตาแต่หามีแววไม่ 0,ก.,"ดูแต่ไม่ลึกซึ้ง, เซ่อ."
มีท้อง 0,ก.,"มีลูกอยู่ในท้อง, มีครรภ์ ก็ว่า."
มีทองเท่าหนวดกุ้งนอนสะดุ้งจนเรือนไหว 0,ก.,มีสมบัติเพียงเล็กน้อยแต่กังวลจนนอนไม่หลับ.
มีท้องมีไส้ 0,ก.,มีท้อง.
มีเทน 0,น.,สารประกอบอินทรีย์ชนิดหนึ่ง มีลักษณะเป็นแก๊ส ไม่มีสี ไม่มีกลิ่น ไวไฟ มีสูตร CH_4 มีปรากฏในที่ซึ่งมีสารอินทรีย์ผุพังเน่าเปื่อย ในบ่อถ่านหิน ในแก๊สธรรมชาติ ใช้ประโยชน์เป็นแก๊สเชื้อเพลิง และใช้ในอุตสาหกรรมสังเคราะห์โปรตีนเป็นต้น.
มีน 0,น.,ปลา
มีน 1,น.,ชื่อกลุ่มดาวรูปปลา เรียกว่า ราศีมีน เป็นราศีที่ ๑๑ ในจักรราศี.
มีนาคม 0,น.,"ชื่อเดือนที่ ๓ ตามสุริยคติ ซึ่งเริ่มด้วยเดือนมกราคม มี ๓๑ วัน, (เลิก) ชื่อเดือนที่ ๑๒ ตามสุริยคติ ซึ่งเริ่มด้วยเดือนเมษายน."
มีน้ำมีนวล 0,ว.,"มีสง่าราศี, มีผิวพรรณผ่องใส."
มีปากมีเสียง 0,ก.,"ทะเลาะกัน, ทุ่มเถียงกัน."
มีเฟื้องมีสลึง 0,ก.,มีเงินเล็กน้อย.
มีภาษีกว่า 0,ว.,ได้เปรียบ.
มีมือมีเท้า 0,ก.,มีผู้คอยช่วยเหลือเปรียบเสมือนมือและเท้า.
มีเรือน 0,ว.,"มีครอบครัว, แต่งงานแล้ว, (ตามปรกติใช้แก่ผู้หญิง), มีเหย้ามีเรือน ก็ว่า."
มี่สั้ว 0,น.,เส้นหมี่ขนาดเล็ก ๆ ทำด้วยแป้งสาลี ตากแห้งเก็บไว้ได้นาน.
มีเสียง 0,ก.,"เถียง, มักใช้ในความปฏิเสธว่า อย่ามีเสียงนะ."
มีหน้า 0,ว.,"ไม่รู้สึกอาย (ใช้ในความแดกดัน รังเกียจ หรือดูหมิ่น), มักใช้กับคำ ยัง เช่น โกรธกันแล้วยังมีหน้ามาพูด เก่าไม่ใช้ ยังมีหน้ามายืมใหม่อีก."
มีหน้ามีตา 0,ว.,"มีคนนับถือ, มีเกียรติ, ได้รับความยกย่อง."
มีหวัง 0,ก.,มีโอกาสที่จะได้ดังที่หวัง.
มีฬห- 0,น.,อุจจาระ.
มีอันจะกิน 0,ว.,ค่อนข้างมั่งมี.
มีอันเป็น 0,ก.,เกิดขึ้นอย่างไม่คาดฝัน (มักใช้ในทางร้ายมีภัยพิบัติเป็นต้น) เช่น ขอให้มีอันเป็นไปเถิด มีอันเป็นให้ป่วยไข้เวลามีนัด.
มีอายุ 0,ว.,"สูงอายุ, ย่างเข้าปัจฉิมวัย."
มึก 0,ก.,กิริยาที่ดื่มเหล้าจนเมา
มึก 1,ก.,ดื่มอย่างกระหาย.
มึกมวย 0,ก.,เมามาย.
มึง 0,ส.,"คำใช้แทนผู้ที่เราพูดด้วย, มักถือกันว่าไม่สุภาพหรือหยาบคาย, เป็นสรรพนามบุรุษที่ ๒."
มึงวาพาโวย 0,ก.,พูดจาเอะอะโวยวาย.
มึน 0,ก.,"เมาอ่อน ๆ, รู้สึกวิงเวียน เช่น มึนศีรษะ, รู้สึกตื้อในสมอง เช่น อ่านหนังสือมากชักมึน, มึนหัว ก็ว่า."
มึนงง 0,ก.,งงจนทำอะไรไม่ถูกหรือคิดอะไรไม่ออก.
มึนชา 0,ก.,แสดงอาการเฉยเมยไม่ใยดี.
มึนซึม 0,ก.,แสดงอาการเชื่อมซึมคล้ายเป็นไข้.
มึนตึง 0,ก.,แสดงอาการออกจะโกรธ ๆ ไม่พูดด้วย ไม่มองหน้า.
มึนเมา 0,ก.,เมาจนรู้สึกมึนหัว.
มึนหัว 0,ก.,"รู้สึกตื้อในสมอง, มึน ก็ว่า."
มืด 0,ว.,"ขาดแสงสว่าง เช่น เดือนมืด, มีแสงสว่างน้อย เช่น ไม่ควรอ่านหนังสือในที่มืด เพราะจะทำให้เสียสายตา, โดยปริยายหมายความว่า เหลือรู้เหลือเห็น เช่น มือมืด."
มืด 1,น.,เวลาใกล้ฟ้าสาง เช่น ตื่นแต่มืด
มืด 2,น.,ค่ำ เช่น มืดแล้วทำไมไม่เปิดไฟ.
มืดครึ้ม 0,ว.,มีแสงสว่างน้อยเพราะมีเมฆมากคล้ายจะมีฝนตก เช่น ท้องฟ้ามืดครึ้ม.
มืดค่ำ 0,น.,เวลาพลบคํ่าขมุกขมัว เช่น มืดค่ำแล้วเข้าบ้านเสียที.
มืดตึดตื๋อ 0,ว.,"มืดมากจนมองไม่เห็นแสงสว่าง เช่น ในถ้ำมืดตึ๊ดตื๋อ, มืดตื้อ หรือ มืดตื๋อ ก็ว่า."
มืดตึ๊ดตื๋อ 0,ว.,"มืดมากจนมองไม่เห็นแสงสว่าง เช่น ในถ้ำมืดตึ๊ดตื๋อ, มืดตื้อ หรือ มืดตื๋อ ก็ว่า."
มืดตื้อ 0,ว.,มืดมากจนมองไม่เห็นแสงสว่าง เช่น ในห้องนี้มืดตื้ออย่างกับเข้าถ้ำ.
มืดตื๋อ 0,ว.,มืดมากจนมองไม่เห็นแสงสว่าง เช่น ในห้องนี้มืดตื้ออย่างกับเข้าถ้ำ.
มืดแปดด้าน 0,ก.,"นึกไม่เห็น, คิดไม่ออก, จนปัญญาไม่รู้จะหาทางออกได้อย่างไร, เช่น ตอนนี้รู้สึกมืดแปดด้านไปหมด."
มืดฟ้ามัวดิน 0,ว.,มีจำนวนมากมาย เช่น มีประชาชนมาร่วมงานมืดฟ้ามัวดิน.
มืดมน 0,ว.,"มืดมัว, มืดมาก, มืดจนมองไม่เห็นทาง, มักใช้เข้าคู่กับคำ อนธการ เป็น มืดมนอนธการ."
มืดมัว 0,ว.,"มีแสงสว่างน้อย เช่น อากาศมืดมัว, ไม่แจ่มใส เช่น หูตามืดมัว."
มืดหน้า 0,ว.,มีอาการเวียนหัวเห็นอะไรพร่าไปหมด เช่น อากาศร้อนมากจนรู้สึกมืดหน้า.
มืน 0,ก.,"ลืม, เปิด, แย้ม, (ใช้แก่ตา) เช่น มืนตา ว่า ลืมตา."
มื่น 0,ก.,ลื่น.
มื่น 1,ก.,ชื่นบาน เช่น ชื่นมื่น.
มื้อ 0,น.,"เวลา, คราว, (ใช้เกี่ยวกับการกินอาหาร) เช่น อาหารมื้อเช้า อาหารมื้อกลางวัน อาหารมื้อเย็น กินอาหารให้เป็นมื้อเป็นคราว, ลักษณนามหมายถึง คราว, ครั้ง, หน, เช่น กินอาหารวันละ ๓ มื้อ."
มือ 0,น.,"อวัยวะส่วนหนึ่งของร่างกายอยู่ต่อจากปลายแขนประกอบด้วยฝ่ามือและนิ้วมือ สำหรับจับเป็นต้น, เรียกสิ่งหรืออุปกรณ์บางชนิดที่มีรูปร่างอย่างมือและใช้จับแทนมือได้ เช่น มือกล มือหุ่นยนต์"
มือ 1,น.,เรียกผู้ร่วมเล่นการพนันบางอย่างหรือแชร์เป็นต้น ว่า มือ เช่น คนหนึ่งจะเล่นกี่มือก็ได้
มือ 2,น.,หนวดของไม้เลื้อยบางชนิดใช้เกาะสิ่งอื่นอย่างมือ เช่น มือตำลึง มือบวบ
มือ 3,น.,ลักษณนามบอกจำนวนนับ ๕ ลูก เป็น ๑ มือ (ใช้ในเวลานับผลไม้บางชนิด เช่น มะปราง มังคุด เงาะ).
มือ 4,น.,ใช้ประกอบหน้าชื่อเครื่องดนตรีที่ใช้มือบรรเลง เพื่อหมายถึงผู้ที่มีความชำนาญหรือมีทักษะในการบรรเลงดนตรีนั้น ๆ เช่น มือระนาด มือจะเข้ มือกลอง มือปี่.
มือ 5,น.,ชื่อส้มชนิด Citrus medicaL. var.sarcodactylis (Hoola van Nooten) Swingle ในวงศ์ Rutaceae ซึ่งส่วนล่างของผลมีลักษณะคล้ายนิ้วมือ ใช้ทำยาดมได้ เรียกว่า ส้มมือ.
มือกาว 0,ว.,ขี้ขโมย.
มือกาว 1,น.,"ผู้ที่เก่งหรือชำนาญในทางล้วงกระเป๋า, ผู้ชำนาญในการหยิบฉวยสิ่งของของผู้อื่นติดมือไปเมื่อเจ้าของเผลอ, เรียกผู้รักษาประตูฟุตบอลที่รับลูกบอลได้แม่นยำโดยลูกไม่หลุดจากมืออย่างกับมือทากาว ว่า ประตูมือกาว."
มือเก่า 0,ว.,มีความชำนาญหรือชํ่าชองมาก เช่น อย่าประมาทมือเก่านะเจ้าเอ๋ย (อภัย).
มือขวา 0,น.,ความสันทัด เช่น การรบพุ่งชิงชัยมันเป็นมือขวาของเขานี่ครับ (ชิงนาง ร. ๖).
มือขวา 1,ว.,"ที่ใกล้ชิด, ที่เก่งกล้าสามารถ, ที่ไว้วางใจได้, เช่น สมุนมือขวา."
มือขึ้น 0,ว.,เจริญก้าวหน้าทางธุรกิจการค้า เช่น เขากำลังมือขึ้นในทางการค้า
มือขึ้น 1,ว.,มีโชคดีในการพนัน เช่น เขากำลังมือขึ้นในการเล่นไพ่.
มือแข็ง 0,ว.,ไม่ค่อยไหว้คนง่าย ๆ (เป็นคำที่ผู้ใหญ่ว่าผู้น้อย)
มือแข็ง 1,ว.,เก่ง เช่น เขาเป็นนักเทนนิสมือแข็ง
มือแข็ง 2,ว.,"เล่นการพนันไม่ค่อยเสีย เช่น เขามือแข็งในการเล่นโป, ตรงข้ามกับ มืออ่อน."
มือจับ 0,น.,ส่วนที่ทำไว้สำหรับจับเวลาเปิดปิดประตูหรือในการใช้งานอื่น ๆ เป็นต้น เช่น มือจับประตูรถยนต์ มือจับกบไสไม้ มือจับลิ้นชัก.
มือดี 0,ว.,"มีความชำนาญ, มีความสามารถสูง, เช่น เขาเป็นคนมือดีของกองปราบ."
มือตก 0,ว.,"เสื่อมความสามารถลง เช่น หมู่นี้เล่นบิลเลียดมือตกไป, เสื่อมความนิยม เช่น เขียนหนังสือมือตกไป, เสียมากกว่าได้ในการเล่นการพนัน เช่น ตอนนี้เขาเล่นไพ่กำลังมือตก."
มือต้น 0,น.,ผู้ที่ลงมือทำงานเพียงคร่าว ๆ เป็นคนแรก.
มือเติบ 0,ก.,ใช้หรือจ่ายมากเกินสมควรหรือเกินจำเป็น.
มือถือสาก ปากถือศีล 0,ว.,มักแสดงตัวว่าเป็นคนมีศีลมีธรรม แต่กลับประพฤติชั่ว.
มือที่สาม 0,น.,บุคคลฝ่ายที่ ๓ ซึ่งมิใช่คู่กรณี แต่สอดเข้ามาเกี่ยวข้องในกิจกรรมหรือชีวิตของผู้อื่น มักจะเข้ามายุแหย่ให้เกิดความแตกแยกหรือบ่อนทำลาย.
มือเที่ยง 0,ว.,"แน่, แม่นยำ, เช่น เขายิงปืนมือเที่ยง"
มือเที่ยง 1,ว.,มีความสามารถในการบังคับมือให้เขียนเส้นตรง เส้นโค้ง หรือลวดลายต่าง ๆ เป็นต้น ได้ตามที่ต้องการ เช่นในการเขียนเส้นตรงได้ตรงเหมือนไม้บรรทัดหรือเขียนวงกลมได้กลมดิกเป็นต้น.
มือบน 0,ว.,ผู้ทิ้งไพ่ให้มือต่อไป.
มือบอน 0,ว.,อาการที่มืออยู่ไม่สุข ชอบขีดเขียนตามกำแพงหรือชอบเด็ดดอกไม้ใบไม้เป็นต้น.
มือเบา 0,ว.,"อาการที่ใช้มือทำอะไรอย่างละมุนละไมหรือประณีตบรรจง, ตรงข้ามกับ มือหนัก."
มือปลาย 0,น.,ผู้ที่ลงมือตกแต่งงานเป็นคนสุดท้าย.
มือปืน 0,น.,"ผู้ที่พกพาอาวุธปืนคอยคุ้มกันผู้มีอิทธิพลหรือบุคคลสำคัญเป็นต้น, ผู้ที่รับจ้างยิงคน, ผู้ที่ยิงเขาตาย."
มือเป็นระวิง 0,ว.,อาการที่ใช้มือทำงานไม่ได้หยุด ในความว่า ทำงานมือเป็นระวิง.
มือเปล่า 0,น.,"มือที่ไม่ได้ถืออาวุธ เช่น สู้มือเปล่า, มือที่ไม่ได้ถือของติดไปด้วย เช่น มามือเปล่า, ไม่ได้ลงทุน เช่น จับเสือมือเปล่า."
มือผี 0,น.,ขาไพ่ตองที่เข้าเล่นพอให้ครบขาหรือครบวงไม่ต้องได้เสียด้วย.
มือมืด 0,น.,ผู้ที่ลอบทำความผิดอย่างใดอย่างหนึ่ง ซึ่งเหลือรู้เหลือเห็นว่าเป็นใคร.
มือโม่ 0,น.,ไม้ที่ยื่นออกมาจากตัวโม่ มีเดือยสำหรับจับหมุน.
มือไม่ถึง 0,ว.,มีความสามารถยังไม่ถึงระดับ.
มือไม่พาย เอาตีนราน้ำ 0,ก.,ไม่ช่วยทำแล้วยังขัดขวางการทำงานของผู้อื่น.
มือไม่พาย เอาเท้าราน้ำ 0,ก.,ไม่ช่วยทำแล้วยังขัดขวางการทำงานของผู้อื่น.
มือเย็น 0,ว.,"เรียกคนที่มักปลูกต้นไม้ได้งอกงามดี ว่า คนมือเย็น, ตรงข้ามกับ มือร้อน."
มือรอง 0,น.,"ผู้มีความสำคัญเป็นคนที่ ๒ รองจากมือแรก, คนที่ลงมือทำเป็นคนที่ ๒ รองจากมือต้น."
มือร้อน 0,ว.,"เรียกคนที่มักปลูกต้นไม้ไม่ขึ้นหรือไม่งอกงามว่า คนมือร้อน, ตรงข้ามกับ มือเย็น."
มือล่าง 0,น.,ผู้รับไพ่ที่มือบนทิ้งให้.
มือลิง 0,น.,"ไม้สำหรับติดข้างเรือ อยู่ในระหว่างกงหรือต่อจากกง, เรียกเรือต่อเช่นเรือสำปั้นที่มีมือลิง ๓ คู่ หรือ ๕ คู่ เป็นต้น อันแสดงถึงขนาดความยาวของเรือ ว่า เรือ ๓ มือลิง เรือ ๕ มือลิง."
มือไว 0,ว.,ขี้ขโมย.
มือสอง 0,น.,เพชฌฆาตที่ลงดาบประหารชีวิตนักโทษเป็นคนที่ ๒.
มือสะอาด 0,ว.,"มีความประพฤติดี, มีความซื่อสัตย์สุจริตไม่คดโกงหรือฉ้อราษฎร์บังหลวง."
มือสั้นตีนสั้น 0,ก.,ขาดกำลังที่จะช่วยให้กิจการสำเร็จด้วยดี.
มือสาม 0,น.,เพชฌฆาตที่ลงดาบประหารชีวิตนักโทษเป็นคนที่ ๓.
มือสี 0,น.,ไม้ที่ยื่นออกมาจากเครื่องสีข้าวสำหรับเอาขอสับ.
มือเสือ 0,น.,ไม้รูปร่างคล้ายมือ มีซี่ ๖-๗ ซี่คล้ายนิ้ว ปลายงอ มักทำด้วยไม้ไผ่ สำหรับตะกุยสิ่งต่าง ๆ เช่น ถ่าน.
มือเสือ 1,น.,"ชื่อมันชนิด Dioscorea esculenta (Lour.) Burkill ในวงศ์ Dioscoreaceae หัวเป็นแง่งมีรากติดอยู่โดยรวบ, มือเสือ ก็เรียก."
มือเสือ 2,น.,"ชื่อหอยทะเลกาบคู่ขนาดกลางถึงขนาดใหญ่หลายชนิด ในวงศ์ Tridacnidae เปลือกหนาหนักสีขาวคล้ำหรือสีนวล บางชนิดมีลายเป็นเส้นสีน้ำตาล เปลือกมีสันและร่องทำให้ขอบเปลือกหยักเป็นลอน พบตามพื้นท้องทะเลบริเวณที่มีแนวปะการัง เช่น ชนิด Tridacna squamosa Lamarck, T. Crocea Lamarck, Hippopus hippopus (Linn.)."
มือหนัก 0,ว.,"อาการที่ใช้มือทำอะไรอย่างรุนแรงหรือไม่ประณีตบรรจง, ตรงข้ามกับ มือเบา"
มือหนัก 1,ว.,มากผิดปรกติ (มักใช้ในการเล่นการพนันหรือตกรางวัลเป็นต้น) เช่น เขาแทงโปมือหนัก เขาตกรางวัลนักร้องมือหนักไป.
มือหนึ่ง 0,น.,เพชฌฆาตที่ลงดาบประหารชีวิตนักโทษเป็นคนแรก
มือหนึ่ง 1,น.,ผู้มีความสามารถยอดเยี่ยมในทางใดทางหนึ่ง เช่น เขาเป็นมือหนึ่งทางประวัติศาสตร์.
มือห่างตีนห่าง 0,ว.,สุรุ่ยสุร่าย
มือห่างตีนห่าง 1,ว.,"เลินเล่อ, สะเพร่า, ไม่ระมัดระวัง."
มือใหม่ 0,ว.,ยังไม่มีความชำนาญ.
มืออ่อน 0,ว.,"นอบน้อม, ไหว้คนง่าย (เป็นคำที่ผู้ใหญ่ชมผู้น้อย)"
มืออ่อน 1,ว.,"มีความสามารถน้อย เช่น เขายังมืออ่อนในการทำงาน, ตรงข้ามกับ มือแข็ง."
มืออ่อนตีนอ่อน 0,ว.,มีอาการหมดแรงเพราะรู้สึกตกใจ เสียใจ หรือเสียกำลังใจ เป็นต้น อย่างแรงและทันทีทันใด.
มุ 0,ก.,"ตั้งใจเอาจริงเอาจัง เช่น มุดูหนังสือ มุสู้ มุจะเอาชนะให้ได้, มักใช้เข้าคู่กับคำ มานะ เป็น มุมานะ เช่น เขามุมานะทำงาน."
มุก 0,น.,ชื่อหอยทะเลกาบคู่หลายชนิดในวงศ์ Pteriidae เปลือกแบน ค่อนข้างกลมสีเทาอมดำหรือสีน้ำตาล ผิวเปลือกมีแผ่นบาง ๆ คล้ายเกล็ดปกคลุม ด้านในเป็นมุก สร้างไข่มุกได้ เช่น ชนิด Pinctada margaritifera (Linn.).
มุกดา 0,น.,ไข่มุก
มุกดา 1,น.,ชื่อรัตนะอย่างหนึ่งในพวกนพรัตน์ สีหมอกอ่อน ๆ.
มุกดาหาร 0,น.,ไข่มุก
มุกดาหาร 1,น.,ชื่อรัตนะอย่างหนึ่งในพวกนพรัตน์ สีหมอกอ่อน ๆ.
มุกตลก 0,น.,วิธีทำให้ขบขัน.
มุกุระ 0,น.,กระจกเงา.
มุกุละ 0,น.,ดอกไม้ตูม.
มุข 0,น.,"หน้า, ปาก"
มุข 1,น.,ทาง
มุข 2,น.,หัวหน้า
มุข 3,น.,ส่วนของตึกหรือเรือนที่ยื่นออกมาจากส่วนใหญ่ มักอยู่ด้านหน้า.
มุข- 0,น.,"หน้า, ปาก"
มุข- 1,น.,ทาง
มุข- 2,น.,หัวหน้า
มุข- 3,น.,ส่วนของตึกหรือเรือนที่ยื่นออกมาจากส่วนใหญ่ มักอยู่ด้านหน้า.
มุขกระสัน 0,น.,อาการที่เชื่อมระหว่างพระที่นั่งองค์หนึ่งกับอีกองค์หนึ่ง.
มุขเด็จ 0,น.,อาคารโถงขนาดเล็กที่ต่อออกมาจากหน้าพระที่นั่ง เป็นที่เสด็จออกของพระมหากษัตริย์.
มุขโถง 0,น.,มุขที่ยื่นออกมาจากตัวอาคาร ไม่มีฝากั้น.
มุขบาฐ 0,น.,"การต่อปากกันมา, การบอกเล่าต่อ ๆ กันมาโดยมิได้เขียนเป็นลายลักษณ์อักษร, เช่น เรื่องนี้สืบมาโดยมุขบาฐ เรื่องนี้เป็นมุขปาฐะ."
มุขปาฐะ 0,น.,"การต่อปากกันมา, การบอกเล่าต่อ ๆ กันมาโดยมิได้เขียนเป็นลายลักษณ์อักษร, เช่น เรื่องนี้สืบมาโดยมุขบาฐ เรื่องนี้เป็นมุขปาฐะ."
มุขมนตรี 0,น.,ที่ปรึกษาราชการชั้นผู้ใหญ่.
มุขย- 0,ว.,"สำคัญ, เป็นใหญ่."
มุขยประโยค 0,น.,ชื่อประโยคในตำราไวยากรณ์ได้แก่ ประโยคที่มีประโยคอื่นเป็นส่วนขยาย.
มุขลด 0,น.,พื้นอาคารลดระดับต่ำกว่าพื้นส่วนกลางอาคาร อยู่ต่อออกมาทางหัวและท้ายอาคาร เช่น มุขลดศาลา มุขลดพระที่นั่งต่าง ๆ.
มุโขโลกนะ 0,ว.,"เห็นแก่หน้า, เห็นแก่พวก, เช่น เขาเป็นคนมุโขโลกนะ."
มุคคะ 0,น.,ถั่วเขียว.
มุคธ์ 0,ว.,"เขลา, ไม่รู้เดียงสา."
มุคระ 0,น.,ไม้ค้อน.
มุง 0,ก.,เอาวัตถุมีกระเบื้องหรือจากเป็นต้น ขึ้นปิดส่วนบนของเรือนหรือหลังคาเพื่อกันแดดกันฝน เช่น เอากระเบื้องมุงหลังคา
มุง 1,ก.,รุมกันเข้าไปดูอย่างไม่มีระเบียบ เช่น มีคนมุงดูคนเป็นลมเต็มไปหมด.
มุ่ง 0,ก.,"ตั้งใจ เช่น มุ่งทำความดี, ตั้งหน้า เช่น มุ่งศึกษาหาความรู้, ในบทกลอนใช้ว่า ม่ง ก็มี."
มุ้ง 0,น.,"ผ้าหรือสิ่งอื่นที่ทำขึ้นสำหรับกางกันยุงหรือป้องกันยุง, ลักษณนามว่า หลัง."
มุ้งกระโจม 0,น.,มุ้งที่มีรูปร่างอย่างจอมแห ใช้แขวนจากเพดาน ให้ชายด้านล่างคลุมเตียงหรือที่นอนจนถึงพื้นโดยรอบ.
มุ้งกระต่าย 0,น.,"ชื่อไม้พุ่มชนิด Blinkworthia lycioides Choisy ในวงศ์ Convolvulaceae ดอกรูประฆัง สีนวล, มุ้งกระต่าย ก็เรียก."
มุ่งแต่จะ 0,ก.,มุ่งเฉพาะจะ เช่น เขามุ่งแต่จะทำงาน.
มุ้งประทุน 0,น.,มุ้งรูปโค้งคล้ายประทุน มีโครงเป็นลวดเหล็ก หุบเก็บและกางได้.
มุ่งมั่น 0,ก.,ตั้งใจอย่างแน่วแน่ เช่น เขามุ่งมั่นในการทำความดี.
มุ่งมาด 0,ก.,"ปรารถนา, มักใช้เข้าคู่กันเป็น มุ่งมาดปรารถนา."
มุ่งร้ายหมายขวัญ 0,ก.,คิดปองร้าย.
มุ้งลวด 0,น.,"มุ้งที่ทำด้วยตาข่ายลวดตาละเอียด, โดยอนุโลมเรียกห้องที่ใช้ตาข่ายลวดตาละเอียดกรุประตู หน้าต่าง และช่องลมเพื่อกันยุงหรือแมลง ว่า ห้องมุ้งลวด."
มุ้งสายบัว 0,น.,ห้องขังผู้ต้องหา.
มุ่งหน้า 0,ก.,ตรงไปสู่จุดหมาย เช่น เขามุ่งหน้าไปโรงเรียน.
มุ่งหมาย 0,ก.,ตั้งใจที่จะให้บรรลุถึงจุดที่หมายไว้.
มุ่งหวัง 0,ก.,"ตั้งใจ, หวังจะเอาให้ได้."
มุจฉา 0,น.,การสลบ.
มุจนะ 0,น.,"ความพ้นไป, ความรอด, ความหลุด, ความแคล้ว."
มุจลินท์ 0,น.,ต้นจิก
มุจลินท์ 1,น.,ชื่อสระใหญ่ในป่าหิมพานต์ ซึ่งขอบสระประกอบด้วยต้นจิก.
มุญจนะ 0,น.,"การแก้, การเปลื้อง, การปลด, การปล่อย, การสละ."
มุญชะ 0,น.,พืชจำพวกหญ้าปล้อง
มุญชะ 1,น.,ปลาค้าว.
มุฐิ 0,น.,กำมือ.
มุณฑกะ 0,ว.,"เกลี้ยง, โล้น, (ใช้แก่หัว)."
มุณฑะ 0,ว.,"เกลี้ยง, โล้น, (ใช้แก่หัว)."
มุด 0,ก.,เอาตัวลอดเข้าไปใต้สิ่งใดสิ่งหนึ่งโดยใช้หัวนำเข้าไปก่อน เช่น มุดรั้ว มุดใต้ถุน.
มุด 1,น.,"ชื่อไม้ต้นชนิด Mangifera foetida Lour. ในวงศ์ Anacardiaceae มีในภาคใต้ ต้นและใบคล้ายมะม่วง แต่ช่อดอกสีแดง ผลดิบรสเปรี้ยวจัด สุกรสหวานอมเปรี้ยว, มุด ก็เรียก."
มุดน้ำ 0,ก.,จมตัวลงและเคลื่อนไปใต้ผิวน้ำในทางราบ เช่น ปลาโผล่ขึ้นมาหายใจ แล้วมุดน้ำลงไป.
มุดสัง 0,น.,อีเห็น. (ดู อีเห็น).
มุดหัว 0,ก.,"หลบ, ซ่อน, เช่น ไปมุดหัวอยู่ที่ไหน."
มุต- 0,น.,"นํ้าปัสสาวะ, นํ้าเบา, เยี่ยว."
มุตกิด 0,น.,"โรคระดูขาว, ตกขาว ก็เรียก."
มุตฆาต 0,น.,โรคขัดปัสสาวะชํ้าเลือดชํ้าหนอง.
มุตตะ 0,น.,"นํ้าปัสสาวะ, นํ้าเบา, เยี่ยว."
มุตตะ 1,ว.,ซึ่งพ้นแล้ว.
มุตตา 0,น.,"ไข่มุก, โบราณหมายถึงแก้วชนิดหนึ่ง สีหมอกอ่อน ๆ คล้ายสีไข่มุก."
มุตติ 0,น.,ความพ้น.
มุตะ 0,ก.,รู้แล้ว.
มุติ 0,น.,"ความรู้สึก, ความเห็น, ความเข้าใจ."
มุติงค์ 0,น.,"กลองสองหน้า, ตะโพน."
มุทคระ 0,น.,ไม้ค้อน.
มุทคะ 0,น.,ถั่วเขียว.
มุททา 0,น.,"ตรา, พิมพ์, เครื่องสำหรับตีตรา, เครื่องหมาย"
มุททา 1,น.,"แหวน, แหวนตรา."
มุทธชะ 0,น.,อักษรในภาษาบาลีและสันสกฤตที่มีเสียงเกิดจากการม้วนลิ้นไปสู่เพดานแข็งตอนหลัง ได้แก่พยัญชนะวรรค ฏ คือ ฏ ฐ ฑ ฒ ณ และอักษร ร รวมทั้งอักษร ฬ ในภาษาบาลี และ ษ กับ ฤ ฤๅ ในภาษาสันสกฤต.
มุทธา 0,น.,"หัว, ยอด, ที่สุด."
มุทธาภิเษก 0,น.,มูรธาภิเษก.
มุทรา 0,น.,มุททา.
มุทริกา 0,น.,มุททา.
มุทะลุ 0,ก.,"หุนหันพลันแล่น, โกรธแล้วทำลงไปอย่างไม่คำนึงถึงเหตุผลหรือไม่ยับยั้ง."
มุทะลุ 1,ว.,มีนิสัยดุดัน ชอบทำอะไรอย่างหุนหันพลันแล่นหรือโดยขาดสติปราศจากความยั้งคิด.
มุทา 0,น.,"ความยินดี, ความสุขใจ."
มุทิกา 0,น.,คนขับเสภา.
มุทิงค์ 0,น.,"กลองสองหน้า, ตะโพน."
มุทิตา 0,น.,"ความมีจิตพลอยยินดีในลาภยศสรรเสริญสุขของผู้อื่น, เป็น ๑ ในพรหมวิหาร ๔ คือ เมตตา กรุณา มุทิตา อุเบกขา."
มุทิน 0,น.,มลทิน.
มุทุ 0,ว.,อ่อน.
มุทุตา 0,น.,"ความเป็นผู้มีใจอ่อน, ความอ่อนหวาน, ความละมุนละม่อม."
มุ่น 0,ก.,ขมวด (ใช้แก่มวยผม) เช่น มุ่นมวยผม มุ่นพระเมาลี
มุ่น 1,ก.,กังวลอยู่
มุ่น 2,ก.,"เกลี้ยงเกลา, อ่อนนุ่ม."
มุ่น 3,น.,เรียกเงินแท่งชนิดหนึ่ง ซึ่งถือว่าเป็นเงินเนื้อดี ว่า เงินมุ่น.
มุ่นใจ 0,ก.,ยุ่งใจ.
มุนนาย 0,น.,มูลนาย.
มุ่นหมก 0,ก.,"กังวลรักใคร่อยู่, ลุ่มหลงอยู่, หมกมุ่น ก็ว่า."
มุนิ 0,น.,"นักปราชญ์, ฤษี, พระสงฆ์."
มุนิกุญชร 0,น.,นามพระพุทธเจ้า.
มุนินทร์ 0,น.,"จอมนักปราชญ์, พระพุทธเจ้า."
มุนี 0,น.,"นักปราชญ์, ฤษี, พระสงฆ์."
มุบ 0,ก.,ยุบลง.
มุบ 1,ว.,"อาการที่ยอบตัวลงโดยเร็ว เช่น มุบหัวลง, อาการที่ของด้านใดด้านหนึ่งจมลงจากระดับเดิม เช่น พอปลากินเบ็ด ทุ่นเบ็ดก็มุบลง แพด้านหนึ่งมุบลง, อาการที่คว้าสิ่งของโดยเร็ว เช่น พอของตกก็เอามือคว้ามุบ, อาการที่สัตว์งับสิ่งของโดยเร็ว เช่น ปลาฮุบเหยื่อมุบ พอโยนขนมให้หมาก็เอาปากรับมุบ."
มุบ ๆ 0,ว.,"อาการของปากที่เผยอขึ้นลงอย่างเร็ว, อาการที่คนไม่มีฟันเคี้ยวอาหาร เช่น คนแก่เคี้ยวข้าวทำปากมุบ ๆ."
มุบมิบ 0,ว.,"ปิดบังไม่ให้คนอื่นรู้, อาการที่เถียงหรือบ่นโดยอ้าปากขึ้นลงเล็กน้อยไม่ให้ได้ยิน."
มุม 0,น.,"จุดที่เส้น ๒ เส้นมาบรรจบกัน เช่น เดินชนมุมโต๊ะ, เนื้อที่ตรงด้านยาวกับด้านสกัดมาบรรจบกัน เช่น วางตู้ไว้ที่มุมห้อง, ที่ว่างซึ่งเกิดจากเส้นตรง ๒ เส้น แยกออกจากกัน โดยปลายข้างหนึ่งของแต่ละเส้นอยู่ร่วมจุดเดียวกัน เช่น มุมฉาก มุมแหลม, โดยปริยายหมายถึงสิ่งที่มีลักษณะคล้ายคลึงเช่นนั้น เช่น ถูกต้อนเข้ามุม จนมุม."
มุ่ม 0,ว.,"ทู่ ๆ, ปุ้ม ๆ, เช่น งูเขียวปากมุ่ม (ปรัดเล)."
มุ้ม 0,ว.,งุ้ม.
มุมกดลง 0,น.,"มุมระหว่างเส้นตรงที่ลากจากจุดเล็งไปยังวัตถุกับเส้นตรงแนวระดับที่ลากผ่านจุดเล็งในเมื่อวัตถุนั้นอยู่ตํ่ากว่าจุดเล็ง, มุมก้ม ก็เรียก."
มุมก้ม 0,น.,มุมกดลง.
มุมกลับ 0,น.,มุมที่มีขนาดอยู่ระหว่าง ๑๘๐ องศา กับ ๓๖๐ องศา
มุมกลับ 1,น.,"แง่คิดหรือทัศนะนัยหนึ่ง, แง่ตรงกันข้าม เช่น มองในมุมกลับ."
มุมเงย 0,น.,มุมยกขึ้น.
มุมฉาก 0,น.,มุมที่มีขนาด ๙๐ องศา.
มุมตกกระทบ 0,น.,มุมระหว่างรังสีตกกระทบกับเส้นปรกติที่ลากผ่านจุดตกกระทบบนผิววัตถุ.
มุมตรง 0,น.,มุมที่มีขนาด ๑๘๐ องศา หรือ ๒ มุมฉาก.
มุมเท 0,น.,มุมระหว่างแนวทิศของสนามแท้ของแม่เหล็กโลกกับแนวระดับ.
มุมบ่ายเบน 0,น.,"มุมระหว่างแนวเมริเดียนแม่เหล็กโลกกับแนวเมริเดียนภูมิศาสตร์, มุมเห ก็เรียก."
มุมประชิด 0,น.,มุม ๑ ใน ๒ มุมที่มีแขนข้างหนึ่งร่วมกัน.
มุมป้าน 0,น.,มุมที่มีขนาดอยู่ระหว่าง ๙๐ องศา กับ ๑๘๐ องศา.
มุมมืด 0,น.,"ที่เร้นลับ, ซอกที่มืด, เช่น เขายืนอยู่ในมุมมืด."
มุมยกขึ้น 0,น.,"มุมระหว่างเส้นตรงที่ลากจากจุดเล็งไปยังวัตถุกับเส้นตรงแนวระดับที่ลากผ่านจุดเล็งในเมื่อวัตถุนั้นอยู่สูงกว่าจุดเล็ง, มุมเงย ก็เรียก."
มุมแย้ง 0,น.,มุมที่เกิดจากเส้นตรงเส้นหนึ่งตัดเส้นขนานคู่หนึ่ง อยู่เยื้องกันคนละข้างของเส้นตัดภายในเส้นขนานคู่นั้น รวมกันแล้วได้ ๑๘๐ องศา หรือ ๒ มุมฉาก.
มุมสะท้อน 0,น.,มุมระหว่างรังสีสะท้อนกับเส้นปรกติที่ลากผ่านจุดตกกระทบบนผิววัตถุ.
มุมหักเห 0,น.,มุมระหว่างรังสีหักเหกับเส้นปรกติที่ลากผ่านจุดตกกระทบบนผิววัตถุ.
มุมเห 0,น.,มุมบ่ายเบน.
มุมแหลม 0,น.,มุมที่มีขนาดอยู่ระหว่าง ๐ องศา กับ ๙๐ องศา.
มุย 0,ว.,"เสียงอย่างเสียงฆ้อง, หมุ่ย ก็ว่า."
มุ่ย 0,ว.,อาการที่ยิ้มไม่ออกเพราะไม่พอใจ (ใช้แก่หน้า) เช่น เขาถูกดุเลยทำหน้ามุ่ย.
มุรชะ 0,น.,"ตะโพน, กลองชนิดหนึ่ง."
มุรธา 0,น.,"หัว, ยอด. (ดู มูรธ-, มูรธา)."
มุรธาภิเษก 0,น.,การอภิเษกด้วยการรดน้ำ
มุรธาภิเษก 1,น.,"น้ำพระพุทธมนต์และเทพมนตร์สำหรับถวายพระมหากษัตริย์เพื่อสรงในพระราชพิธีบรมราชาภิเษกหรือพระราชพีอื่น ๆ, มูรธาภิเษก ก็ว่า."
มุลนาย 0,น.,มูลนาย.
มุลุต 0,น.,ปาก.
มุลู 0,น.,พล.
มุสละ 0,น.,สากตำข้าว.
มุสลิม 0,น.,ผู้นับถือศาสนาอิสลาม.
มุสะ 0,น.,มุ้ง.
มุสา 0,ว.,"เท็จ, ปด."
มุสาวาท 0,น.,"การพูดเท็จ, การพูดปด"
มุสาวาท 1,น.,คำเท็จ.
มุสิก 0,น.,หนู.
มุหงิด 0,น.,"ชื่อชนชาติชวามลายูในเกาะเซลีเบส, เรียกเพี้ยนเสียงเป็น ยุหงิด ก็มี."
มุหน่าย 0,น.,"นํ้ามันตานี หรือนํ้ามันเหนียว เป็นเครื่องหอมสำหรับใส่ผม, นํ้ามันตานีที่ผสมกับเขม่าและปูน, นํ้ามันหอมเป็นเครื่องเจิม."
มุหุต 0,น.,"เวลาครู่หนึ่ง, ขณะหนึ่ง."
มุฮัมหมัด 0,น.,"นามศาสดาของศาสนาอิสลาม, มีผู้เรียกเพี้ยนไปว่า มะหะหมัด."
มูก 0,ว.,"ใบ้, เงียบ, ไม่มีเสียง."
มูก 1,น.,"นํ้าเมือกที่ไหลออกจากจมูก เรียกว่า นํ้ามูก, นํ้าเมือกที่ไหลออกทางทวารหนักพร้อมกับอุจจาระ."
มูกมัน 0,น.,"ชื่อไม้ต้นชนิด Wrightia arborea (Dennst.) Mabb. ในวงศ์ Apocynaceae เนื้อไม้สีขาวละเอียด ใช้ฝังประดับในเนื้อไม้อื่นเป็นลวดลาย และทำสิ่งอื่น ๆ เช่น พาย, มูกมัน ก็เรียก."
มูกเลือด 0,น.,โรคที่มีมูกและเลือดในลำไส้ติดออกมากับอุจจาระ.
มูกหลวง 0,น.,"ชื่อไม้ต้นชนิด Holarrhena pubescens Wall. ex G. Don ในวงศ์ Apocynaceae ดอกสีขาว กลิ่นหอม เปลือกใช้ทำยาได้, มวกใหญ่ หรือ มูกหลวง ก็เรียก."
มูกะ 0,ว.,"ใบ้, เงียบ, ไม่มีเสียง."
มูคะ 0,ว.,"ใบ้, เงียบ, ไม่มีเสียง."
มูเซอ 0,น.,ชนชาวเขาพวกหนึ่ง ตระกูลทิเบต-พม่า อยู่ทางแถบเหนือของประเทศไทยและพม่า.
มูตร 0,น.,"นํ้าปัสสาวะ, นํ้าเบา, เยี่ยว."
มู่ทู่ 0,ว.,"ป้าน, ไม่แหลม, สั้น อ้วน ใหญ่ (ใช้แก่หน้า) เช่น หมาบูลด๊อกหน้ามู่ทู่."
มูน 0,น.,"เนิน, โคก, จอม, เช่น มูนดิน."
มูน 1,ก.,"พอกพูน, พูนขึ้น, มักใช้ว่า เกิดมูนพูนผล."
มูน 2,ว.,"มาก, มักใช้เข้าคู่กันเป็น มากมูน."
มูน 3,ก.,เอากะทิเคล้ากับข้าวเหนียวเพื่อให้มัน.
มูนดิน 0,น.,เนินดิน.
มูนดิน 1,ก.,พูนให้เป็นเนินเป็นโคก เช่น มูนดินขึ้นกันน้ำท่วม.
มูนมอง 0,ว.,มากมาย.
มูมมาม 0,ว.,"อาการที่กินอาหารอย่างตะกรุมตะกราม, อาการที่กินอาหารอย่างเปื้อนเปรอะเลอะเทอะไม่เรียบร้อย, เช่น กินมูมมาม."
มูรดี 0,น.,"ร่างกาย, รูป."
มูรติ 0,น.,"ร่างกาย, รูป."
มูรธ- 0,น.,"หัว, ยอด."
มูรธา 0,น.,"หัว, ยอด."
มูรธาภิเษก 0,น.,การอภิเษกด้วยการรดน้ำ
มูรธาภิเษก 1,น.,"น้ำพระพุทธ-มนต์และเทพมนตร์สำหรับถวายพระมหากษัตริย์เพื่อสรงในพระราชพิธีบรมราชาภิเษกหรือพระราชพิธีอื่น ๆ, มุรธาภิเษก ก็ว่า."
มูล- 0,น.,โคน เช่น รุกขมูล
มูล- 1,น.,"ราก, รากเหง้า, เช่น มีโทสะเป็นมูล, เค้า เช่น คดีมีมูล, ต้น เช่น ชั้นมูล."
มูล- 2,ว.,"มวล, ทั้งหมด, ทั้งสิ้น, เช่น จัดข้าวของไว้ให้โดยพร้อมมูล เตรียมเอกสารหลักฐานไว้ให้พร้อมมูล."
มูล 0,น.,โคน เช่น รุกขมูล
มูล 1,น.,"ราก, รากเหง้า, เช่น มีโทสะเป็นมูล, เค้า เช่น คดีมีมูล, ต้น เช่น ชั้นมูล."
มูล 2,ว.,"มวล, ทั้งหมด, ทั้งสิ้น, เช่น จัดข้าวของไว้ให้โดยพร้อมมูล เตรียมเอกสารหลักฐานไว้ให้พร้อมมูล."
มูล 3,น.,"อุจจาระสัตว์, ขี้หรือเศษของสิ่งต่าง ๆ เช่น มูลไถ = ขี้ไถ."
มูล 4,น.,"ดาวฤกษ์ที่ ๑๙ มี ๙ ดวง เห็นเป็นรูปสะดือนาค, ดาวช้างน้อย หรือ ดาวแมว ก็เรียก."
มูลกรณี 0,น.,"เหตุแห่งเรื่อง, ข้อเท็จจริงแห่งเรื่อง."
มูลคดี 0,น.,เหตุแห่งคดี
มูลคดี 1,น.,เหตุที่ทำให้คดีเกิดขึ้น
มูลคดี 2,น.,ข้อเท็จจริงแห่งคดี.
มูลความ 0,น.,ความเดิม.
มูลค่า 0,น.,"ค่าของสิ่งของ, ราคาของสิ่งของ, เช่น ถวายจตุปัจจัยมีมูลค่า ๓๐ บาท."
มูลโค 0,น.,"อุจจาระเหลว แต่ไม่เหลวถึงเป็นนํ้า, มักพูดว่า มลโค."
มูลจิต 0,น.,ชื่อยาแก้ลมซางชนิดหนึ่ง.
มูลฐาน 0,น.,"พื้นฐาน, รากฐาน, เค้ามูล."
มูลไถ 0,น.,ชื่อนกชนิดหนึ่งตัวขนาดนกกระจาบฝน โตกว่านิดหน่อย เรียกสามัญว่า นกขี้ไถ.
มูลนกการเวก 0,ว.,สีเขียวฟ้า.
มูลนาย 0,น.,"หัวหน้าควบคุมกำลังคนตามลำดับชั้น, มุลนาย หรือ มุนนาย ก็ว่า."
มูลนิธิ 0,น.,ทรัพย์สินที่จัดสรรไว้โดยเฉพาะสำหรับวัตถุประสงค์เพื่อการกุศลสาธารณะ การศาสนา ศิลปะ วิทยาศาสตร์ วรรณคดี การศึกษา หรือเพื่อสาธารณประโยชน์อย่างอื่น โดยมิได้มุ่งหาผลประโยชน์มาแบ่งปันกัน และได้จดทะเบียนตามประมวลกฎหมายแพ่งและพาณิชย์แล้ว.
มูลประกันภัย 0,น.,ราคาทรัพย์ที่กำหนดในการเอาประกันภัย.
มูลฝอย 0,น.,"เศษสิ่งของที่ทิ้งแล้ว, หยากเยื่อ, กุมฝอย หรือ คุมฝอย ก็ว่า."
มูลภัณฑ์กันชน 0,น.,ของที่ซื้อสะสมไว้เมื่อมีราคาตํ่า และนำออกขายเมื่อของนั้นมีราคาสูงเกินควร เพื่อรักษาระดับราคาของนั้นให้มีเสถียรภาพ.
มูลหนี้ 0,น.,เหตุที่ทำให้เกิดหนี้.
มูลเหตุ 0,น.,ต้นเหตุ.
มูละ 0,น.,"ดาวฤกษ์ที่ ๑๙ มี ๙ ดวง เห็นเป็นรูปสะดือนาค, ดาวช้างน้อย หรือ ดาวแมว ก็เรียก."
มูลา 0,น.,"ดาวฤกษ์ที่ ๑๙ มี ๙ ดวง เห็นเป็นรูปสะดือนาค, ดาวช้างน้อย หรือ ดาวแมว ก็เรียก."
มูลา 1,ว.,"ที่หนึ่ง, ทีแรก."
มูลิกากร 0,น.,"ข้าทูลละอองธุลีพระบาท, เรียกให้เต็มว่า บาทมูลิกากร."
มู่ลี่ 0,น.,เครื่องบังประตูหน้าต่างเป็นทำนองม่าน ทำด้วยซี่ไม้เล็ก ๆ ถักด้วยเชือกเป็นช่องโปร่ง มีรอกและเชือกสำหรับชักให้ม้วนและคลี่ได้.
มู่เล่ 0,น.,ล้อหนักสำหรับหมุนถ่วงให้เครื่องยนต์เดินเรียบ.
มูสัง 0,น.,อีเห็น. (ดู อีเห็น).
มูสิก- 0,น.,หนู.
มูสิกทันต์ 0,น.,"ชื่อเครื่องหมาย ๒ ขีด รูปดังนี้ ' สำหรับเขียนบนสระ  ให้เป็นสระ , ฟันหนู ก็ว่า."
มูสิกะ 0,น.,หนู.
มูฬห- 0,ว.,"เขลา, หลง."
เม 0,น.,แม่.
เม็ก 0,น.,"ชื่อไม้ต้นชนิด Syzygium gratum (Wight) S.N. Mitra ในวงศ์ Myrtaceae ใบเดี่ยว เรียงตรงข้าม แผ่นใบหนา ใบอ่อนสีชมพูอมแดง กินเป็นผักได้ ดอกสีขาว ออกเป็นช่อ, เสม็ดชุน ก็เรียก."
เมกะเฮิรตซ์ 0,น.,หน่วยวัดความถี่ ใช้สัญลักษณ์ MHz ๑ เมกะเฮิรตซ์ มีค่าเท่ากับ ๑ ล้านเฮิรตซ์ หรือ เท่ากับ ๑ ล้านไซเกิลต่อวินาที.
เมขลา 0,น.,ชื่อนางเทพธิดาประจำสมุทร.
เมขลาโยนแก้ว 0,น.,ชื่อท่ารำแบบหนึ่ง โดยมือข้างหนึ่งหงาย หักข้อมือ งอข้อศอก ระดับไหล่ มืออีกข้างหนึ่งทำมือล่อแก้วระดับข้างลำตัว เอียงศีรษะข้างเดียวกับมือที่ทำล่อแก้ว.
เมฆ 0,น.,ไอนํ้าที่รวมตัวกันเป็นกลุ่มก้อนลอยอยู่ในอากาศ.
เมฆคลุ้ม 0,น.,ปริมาณเมฆมากกว่า ๗ ใน ๘ ในท้องฟ้า ซึ่งสามารถเห็นได้ด้วยตาเปล่า ใช้ในการพยากรณ์อากาศ.
เมฆฉาย 0,น.,"เงาเมฆ, เมฆที่ปรากฏให้เห็นเป็นรูปต่าง ๆ เนื่องจากการยกเมฆ เป็นนิมิตให้สามารถพยากรณ์ได้ว่าร้ายหรือดี เช่น ภาวนาเขม้นเห็นเมฆฉาย นิมิตเป็นรูปนารายณ์เรืองศรี (ขุนช้างขุนแผน)"
เมฆฉาย 1,น.,การอธิษฐานโดยบริกรรมด้วยมนตร์ เชื่อกันว่าจะทำให้เงาของคนเจ็บลอยขึ้นไปในอากาศ แล้วพิจารณาดูว่าคนเจ็บนั้นเป็นโรคอะไร.
เมฆพัด 0,น.,"ชื่อโลหะที่เกิดจากการเอาแร่มาหุงเข้าด้วยกัน แล้วซัดด้วยกำมะถัน มีสีดำเป็นมัน แววเป็นสีคราม, เรียกพระเครื่องที่ทำด้วยโลหะชนิดนี้ ว่า พระเมฆพัด หรือ พระเนื้อเมฆพัด."
เมฆมาก 0,น.,ปริมาณเมฆมากกว่า ๗ ใน ๘ ในท้องฟ้า ซึ่งสามารถเห็นได้ด้วยตาเปล่า ใช้ในการพยากรณ์อากาศ.
เมฆา 0,น.,เมฆ.
เมฆินทร์ 0,น.,เมฆ.
เมฆี 0,น.,เมฆ.
เม็ง 0,น.,ชื่อชนชาติโบราณอยู่ทางเหนือแหลมอินโดจีน นัยว่าเป็นบรรพบุรุษของมอญ.
เมงอะปา 0,ว.,ทำไม.
เม็ด 0,น.,"ส่วนภายในของผลไม้ที่เพาะเป็นต้นขึ้นได้ เช่น เม็ดมะม่วง เม็ดมะปราง, เมล็ด ก็ว่า"
เม็ด 1,น.,"ของที่เป็นก้อนกลม ๆ ขนาดเล็ก เช่น เม็ดกรวด เม็ดทราย, ลักษณนามเรียกของที่เป็นก้อนเป็นตุ่มเล็ก ๆ เช่น กรวดเม็ดหนึ่ง ถั่ว ๒ เม็ด"
เม็ด 2,น.,"ปลายเสาที่มักกลึงเป็นรูปกลมและมียอดคล้ายตัวเม็ดของหมากรุก, ที่ปลายเป็นรูปเหลี่ยมก็มี, เรียกว่า หัวเม็ด"
เม็ด 3,น.,ตัวหมากรุกที่เวลาตั้งกระดานใหม่วางอยู่ข้างขวาขุน.
เม็ด 4,น.,ปีมะแม.
เม็ดเงิน 0,น.,ตัวเงิน เช่น ขณะนี้มีเม็ดเงินอยู่ในคลัง ๔๐๐ ล้านบาท.
เม็ดดี 0,น.,เล่ห์เหลี่ยมดี.
เม็ดน้ำค้าง 0,น.,"ส่วนที่มีลักษณะกลม ๆ คล้ายเม็ดน้ำค้างอยู่ตรงปลายยอดเจดีย์ ยอดปราสาท เป็นต้น, หยาดน้ำค้าง ก็เรียก."
เม็ดพระศก 0,น.,ปุ่มนูนของขมวดผมบนเศียรพระพุทธรูป.
เม็ดพราย 0,น.,"กลเม็ดเด็ดพราย, วิธีที่แยบคายหรือพลิกแพลงในการพูดหรือร้องเพลงเป็นต้น."
เม็ดมะยม 0,น.,ปุ่มสำหรับตั้งเวลาหรือบางทีก็ใช้ไขลานนาฬิกาข้อมือหรือนาฬิกาพกด้วย
เม็ดมะยม 1,น.,ปุ่มมีลักษณะเป็นพู ๆ โดยรอบคล้ายลูกมะยม สำหรับมือจับปิดเปิดประตูตู้หรือลิ้นชัก.
เม็ดละมุด 0,น.,แตด.
เม็ดเลือด 0,น.,เซลล์ซึ่งอยู่ในกระแสเลือด มี ๒ ชนิด คือ ชนิดที่มีหน้าที่นำออกซิเจนไปสู่เซลล์ในส่วนต่าง ๆ ของร่างกาย เรียกว่า เม็ดเลือดแดง และชนิดที่มีหน้าที่เกี่ยวกับการป้องกันและทำลายเชื้อโรคในร่างกาย เรียกว่า เม็ดเลือดขาว.
เม็ดโลหิต 0,น.,เซลล์ซึ่งอยู่ในกระแสเลือด มี ๒ ชนิด คือ ชนิดที่มีหน้าที่นำออกซิเจนไปสู่เซลล์ในส่วนต่าง ๆ ของร่างกาย เรียกว่า เม็ดเลือดแดง และชนิดที่มีหน้าที่เกี่ยวกับการป้องกันและทำลายเชื้อโรคในร่างกาย เรียกว่า เม็ดเลือดขาว.
เม็ดสาคู 0,น.,ชื่อตัวอ่อนของพยาธิตัวตืดหมู ชนิด Taenia Solium Linn. ในวงศ์ Taeniidae ฝังตัวอยู่ในอวัยวะต่าง ๆ ของหมู ลักษณะเป็นถุงรูปคล้ายเม็ดสาคู ภายในมีหัวของตัวตืด.
เมตตา 0,น.,"ความรักและเอ็นดู, ความปรารถนาจะให้ผู้อื่นได้สุข, เป็น ๑ ในพรหมวิหาร ๔ คือ เมตตา กรุณา มุทิตา อุเบกขา."
เมตไตรย 0,น.,พระนามของพระพุทธเจ้าที่จะมาตรัสรู้ข้างหน้า.
เมตร 0,น.,หน่วยวัดความยาวอย่างหนึ่งตามวิธีเมตริก กำหนดเทียบเท่ากับ ๑๐๐ เซนติเมตร หรือ ๒ ศอก.
เมตริก 0,น.,ระบบการใช้หน่วยสำหรับวัดปริมาณต่าง ๆ โดยกำหนดใช้กรัมเป็นหน่วยของมวลสาร ใช้เซนติเมตรเป็นหน่วยของระยะห่าง และใช้วินาทีเป็นหน่วยของเวลา.
เมตริกตัน 0,น.,"ชื่อมาตราชั่งตามวิธีเมตริก มีอัตราเท่ากับ ๑,๐๐๐ กิโลกรัม หรือ ๖๐ หาบ, อักษรย่อว่า ต."
เมถุน 0,น.,การร่วมสังวาส.
เมถุน 1,น.,คนคู่
เมถุน 2,น.,ชื่อกลุ่มดาวรูปคนคู่ เรียกว่า ราศีเมถุน เป็นราศีที่ ๒ ในจักรราศี.
เมท 0,น.,มันข้น.
เมทนี 0,น.,แผ่นดิน.
เมทนีดล 0,น.,พื้นแผ่นดิน.
เมทานอล 0,น.,เมทิลแอลกอฮอล์.
เมทินี 0,น.,แผ่นดิน.
เมทิลแอลกอฮอล์ 0,น.,"แอลกอฮอล์ชนิดหนึ่ง มีสูตร CH_3OH ลักษณะเป็นของเหลวใส ไม่มีสี มีจุดเดือด ๖๔.๖ °ซ. จุดไฟติด เป็นพิษ เมื่อดื่มเข้าไปจะทำให้ตาบอดได้ ใช้ประโยชน์เป็นตัวทำละลาย เชื้อเพลิง และใช้สังเคราะห์สารเคมีบางอย่าง เช่น ฟอร์มาลดีไฮด์, เมทานอล ก็เรียก."
เมโท 0,น.,มันข้น.
เมธ 0,น.,"การเซ่นสรวง, การบูชายัญ, มักใช้เป็นส่วนหลังสมาส เช่น อัศวเมธ."
เมธา 0,น.,"ปัญญา, ความรู้, ความฉลาดรอบคอบ."
เมธาวี 0,น.,นักปราชญ์.
เมธี 0,น.,นักปราชญ์.
เมน 0,ก.,เล่น.
เม่น 0,น.,ชื่อสัตว์เลี้ยงลูกด้วยนมในวงศ์ Hystricidae มีฟันแทะขนาดใหญ่ ลำตัวมีขนแหลมแข็ง ขนครึ่งท้ายลำตัวยาวกว่าด้านหน้า ขาสั้น ขาหน้ามีเล็บแข็งแรงใช้ขุดดิน กินพืช ในประเทศไทยมี ๓ ชนิด คือ เม่นใหญ่แผงคอยาว (Hystrix brachyuraLinn.) เม่นใหญ่แผงคอสั้น [H. hodgsoni (Gray)] และเม่นหางพวง [Atherurus macrourus (Linn.)].
เม้น 0,ก.,"ปิดริม, พับริม, เม้ม ก็ว่า."
เมนเดลีเวียม 0,น.,ธาตุลำดับที่ ๑๐๑ สัญลักษณ์ Md เป็นธาตุกัมมันตรังสีที่นักวิทยาศาสตร์สร้างขึ้น ไม่มีปรากฏในธรรมชาติ.
เมนทอล 0,น.,สารประกอบอินทรีย์ชนิดหนึ่ง มีสูตร C_10H_20O ลักษณะเป็นผลึกสีขาว หลอมละลายที่ ๔๒ °ซ. มีกลิ่นหอมเย็น มีอยู่ในนํ้ามันหอมระเหยที่ได้จากพืชบางชนิด เช่น นํ้ามันมินต์ซึ่งสกัดจากใบมินต์ ใช้ประโยชน์ในทางยาปรุงกลิ่นและปรุงรส.
เม่นทะเล 0,น.,"ชื่อสัตว์ทะเลไม่มีกระดูกสันหลังที่ไม่ใช่หอยชั้น Echinoidea ไฟลัม Echinodermata รูปทรงกลมคล้ายผลส้ม มีหนามแข็งสั้นหรือยาวทั่วตัว อาศัยตามแนวปะการัง มีหลายชนิดหลายสกุล เช่น ชนิด Diadema setosum (Leska),เม่นทะเล ก็เรียก."
เม้ม 0,ก.,"ปิดริม, พับริม, เช่น เม้มชายเสื้อ เม้มกระดาษ, เม้น ก็ว่า."
เม้ม 1,ก.,ยักเอาไว้ เช่น เม้มสตางค์.
เม้มปาก 0,ก.,ม้วนริมฝีปากเข้าข้างในแล้วกดกันไว้.
เมรย- 0,น.,"นํ้าเมาที่เกิดจากการหมักหรือแช่, นํ้าเมาที่ไม่ได้กลั่น."
เมรัย 0,น.,"นํ้าเมาที่เกิดจากการหมักหรือแช่, นํ้าเมาที่ไม่ได้กลั่น."
เมริเดียน 0,น.,ขอบของครึ่งวงกลมใหญ่ที่ผ่านขั้วเหนือและขั้วใต้ของโลก ใช้เป็นเครื่องกำหนดแนวเหนือ-ใต้ของโลกซึ่งเรียกว่า เหนือจริง ใต้จริง หรือเหนือภูมิศาสตร์ ใต้ภูมิศาสตร์ ตำแหน่งเส้นเมริเดียนบนผิวโลกแต่ละเส้นกำหนดได้ด้วยค่าลองจิจูดของเมริเดียนนั้น.
เมริเดียนแรก 0,น.,เมริเดียนที่ลากผ่านหอตรวจดาว เมืองกรีนิช เป็นเมริเดียนที่ใช้กำหนดเวลามาตรฐานกรีนิช และใช้เป็นเมริเดียนแรกหรือเมริเดียน ๐ องศาเพื่อกำหนดเมริเดียนอื่น ๆ โดยใช้วัดจากเมริเดียนกรีนิชเป็นหลัก.
เมรุ 0,น.,ชื่อภูเขากลางจักรวาล มียอดเป็นที่ตั้งแห่งเมืองสวรรค์ชั้นดาวดึงส์ซึ่งพระอินทร์อยู่
เมรุ 1,น.,"ที่เผาศพ เดิมผูกหุ่นทำเป็นภูเขาเลียนแบบเขาพระสุเมรุ ซึ่งตั้งที่เผาขึ้นบนนั้น ของหลวงทำเป็นเรือนโถง เครื่องยอดหรือมณฑปครอบที่เผา เรียกว่า พระเมรุ, ต่อมาเรียกที่เผาศพทั่วไปทั้งมียอดและไม่มียอด ว่า เมรุ."
เมรุ- 0,น.,ชื่อภูเขากลางจักรวาล มียอดเป็นที่ตั้งแห่งเมืองสวรรค์ชั้นดาวดึงส์ซึ่งพระอินทร์อยู่
เมรุ- 1,น.,"ที่เผาศพ เดิมผูกหุ่นทำเป็นภูเขาเลียนแบบเขาพระสุเมรุ ซึ่งตั้งที่เผาขึ้นบนนั้น ของหลวงทำเป็นเรือนโถง เครื่องยอดหรือมณฑปครอบที่เผา เรียกว่า พระเมรุ, ต่อมาเรียกที่เผาศพทั่วไปทั้งมียอดและไม่มียอด ว่า เมรุ."
เมรุทอง 0,น.,เมรุขนาดเล็ก มีรูปทองอย่างบุษบก สร้างอยู่ภายในพระเมรุมาศ ประดิษฐานพระโกศทรงพระบรมศพเพื่อถวายพระเพลิง เรียกว่า พระเมรุทอง.
เมรุมาศ 0,น.,สิ่งปลูกสร้างโดยขนบนิยมอย่างไทย มีลักษณะเป็นเครื่องยอดขนาดใหญ่ สูง สำหรับประดิษฐานพระบรมศพ ภายในมีพระเมรุทองซึ่งมีรูปทรงอย่างบุษบกขนาดเล็ก เป็นที่ประดิษฐานพระโกศทรงพระบรมศพสำหรับถวายพระเพลิง ราชาศัพท์ใช้ว่า พระเมรุมาศ.
เมรุราช 0,น.,เขาพระสุเมรุ.
เมล์ 0,น.,เรียกยานพาหนะประจำทางที่ออกตามกำหนดเวลา เช่น รถเมล์ เรือเมล์.
เมล์ 1,น.,ของที่ส่งทางไปรษณีย์
เมล์ 2,น.,เรียกถุงที่ใส่หนังสือส่งทางไปรษณีย์ ว่า ถุงเมล์.
เมลกะ 0,น.,"หมู่, ประชุม."
เมล็ด 0,น.,"ส่วนภายในของผลไม้ที่เพาะเป็นต้นขึ้นได้ เช่น เมล็ดมะม่วง เมล็ดมะปราง, เม็ด ก็ว่า."
เมล์อากาศ 0,น.,การส่งหนังสือหรือสิ่งของทางเครื่องบิน.
เมลือง 0,ว.,"งาม, รุ่งเรือง, เปล่งปลั่ง, สุกใส, ใช้ว่า มำเลือง ก็มี."
เมลื่อย 0,ว.,เมื่อย.
เมลื้อย 0,ก.,เลื้อย.
เมลื่อยมล้า 0,ว.,เมื่อยล้า.
เมษ 0,น.,แกะ
เมษ 1,น.,ชื่อกลุ่มดาวรูปแกะ เรียกว่า ราศีเมษ เป็นราศีที่ ๐ ในจักรราศี.
เมษายน 0,น.,"ชื่อเดือนที่ ๔ ตามสุริยคติ ซึ่งเริ่มด้วยเดือนมกราคม มี ๓๐ วัน, (เลิก) ชื่อเดือนที่ ๑ ตามสุริยคติ."
เมห์ 0,น.,นํ้ามูตร.
เมหนะ 0,น.,ของลับชายหญิง.
เมหะ 0,น.,นํ้ามูตร.
เมะ 0,ก.,เอาไปวางสุมไว้.
เมา 0,ก.,"อาการที่มึนจนลืมตัวขาดสติเพราะฤทธิ์เหล้าฤทธิ์ยาเป็นต้น เช่น เมาเหล้า เมากัญชา, มีอาการวิงเวียนคลื่นเหียนอาเจียนเพราะโดยสารเรือ รถ เครื่องบิน เป็นต้น เช่น เมาเรือ เมารถ เมาเครื่องบิน, ลุ่มหลงจนลืมตัวเพราะมียศมีอำนาจเป็นต้น เช่น เมายศ เมาอำนาจ."
เม้า 0,น.,"ปีเถาะ, เขียนเป็น เหมา ก็มี เช่น ปีโถะหนไทกดดเหมา (จารึกสยาม)."
เม่า 0,น.,"เรียกข้าวเปลือกข้าวเหนียวที่ยังไม่แก่จัดเอามาคั่วแล้วตำให้แบน ว่า ข้าวเม่า, ข้าวเม่าที่เอามาคั่วให้กรอบ เรียกว่า ข้าวเม่าราง นิยมกินกับน้ำกะทิ, ข้าวเม่ารางทอดแล้วใส่เครื่องปรุง มีกุ้งแห้งทอด ถั่วลิสงทอด เต้าหู้ทอด กระเทียมเจียว น้ำตาล เกลือ เรียกว่า ข้าวเม่าหมี่, ข้าวเม่าที่พรมน้ำเกลือให้นุ่มคลุกกับมะพร้าวขูดแล้วโรยน้ำตาลทราย เรียกว่า ข้าวเม่าคลุก นิยมกินกับกล้วยไข่, ข้าวเม่าผสมน้ำตาล มะพร้าวขูด พอกกล้วยไข่ ชุบแป้งทอดน้ำมันให้ติดกันเป็นแพแล้วโรยด้วยแป้งทอด เรียกว่า ข้าวเม่าทอด."
เม่า 1,น.,เรียกปลวกทุกชนิดในระยะที่มีปีกเพื่อบินออกผสมพันธุ์ ลำตัวขนาดแตกต่างกันไปแล้วแต่ชนิด ยาวตั้งแต่ ๐.๕-๒.๗ เซนติเมตร มีปีก ๒ คู่ยาวกว่าลำตัว เหมือนกันทั้งรูปทรงและเส้นปีก เมื่อพับปีก ปีกจะแบนราบไปตามลำตัวด้านหลัง เมื่อผสมพันธุ์แล้วสลัดปีกและเฉพาะตัวเมียจะไปสร้างรังใหม่ ว่า แมลงเม่า.
เมาคลื่น 0,ก.,มีอาการวิงเวียนคลื่นเหียนอาเจียนในเวลาที่เรือโดยสารถูกคลื่นในทะเล.
เม้าเค้า 0,ว.,ลักษณะหน้าที่งอกหัก.
เมาดิบ 0,ก.,ทำอาการเหมือนคนเมาเหล้า.
เมามัน 0,ก.,บ้าคลั่ง.
เมามัว 0,ว.,"หลงละเลิง, มัวเมา ก็ว่า."
เมามาย 0,ก.,เมามาก.
เมายศ 0,ก.,ถือตัวว่ามียศ.
เมารี 0,น.,นกยูงตัวเมีย.
เมาลี 0,น.,"จอม, ยอด, ผมจุก, เขียนเป็น เมาฬี ก็มี, ราชาศัพท์ใช้ว่า พระเมาลี."
เมาห์ 0,น.,โมหะ.
เมาหมัด 0,ก.,มีอาการมึนงงเพราะเคยถูกชกหนัก ๆ มาแล้ว.
เมาฬี 0,น.,เมาลี.
เมาอำนาจ 0,ก.,ถือตัวว่ามีอำนาจ.
เมาะ 0,น.,ที่นอนทำคล้ายฟูก แต่ยัดนุ่นหลวม ๆ สำหรับเด็ก.
เมาะ 1,สัน.,คือ.
เมาะ 2,น.,ชื่อไม้ล้มลุกชนิด Alocasia odora (Roxb.) K. Koch ในวงศ์ Araceae ลำต้นอวบ ใบใหญ่ ก้านใบกินได้ มีมากทางภาคใต้.
เมาะตาโยกัก 0,ว.,"มีชื่อเสียงโด่งดัง, เลื่องลือไม่มีใครเสมอ."
เมาะว่า 0,สัน.,คือว่า.
เมิง 0,น.,คำกำกับชื่อปีในวิธีนับศักราชของไทยเหนือ ตรงกับเลข ๔.
เมิน 0,ก.,"เบือนหน้าหนี, ไม่ยอมดู, ไม่ยอมแล."
เมินเฉย 0,ก.,ไม่สนใจไยดี.
เมินเสียเถอะ 0,*ว.,คำกล่าวอย่างตัดเยื่อใยไมตรี ไม่ให้มีความหวังอยู่เลย.
เมินเสียเถิด 0,*ว.,คำกล่าวอย่างตัดเยื่อใยไมตรี ไม่ให้มีความหวังอยู่เลย.
เมิล 0,ก.,ดู.
เมีย 0,น.,"ภรรยา, หญิงที่เป็นคู่ครองของชาย, คู่กับ ผัว."
เมีย 1,ว.,คำบอกเพศ หมายความว่า ตัวเมีย เช่น ไก่เมีย ม้าเมีย.
เมียง 0,ก.,"เลียบเคียงเข้าไป, ชายตาดู."
เมี่ยง 0,น.,ชื่อต้นไม้ขนาดเล็กชนิด Camellia sinensis (L.) Kuntze var. assamica (Mast.) Kitam ในวงศ์ Theaceae ขึ้นตามเขาในภาคเหนือเขตร้อน ใบนำมาหมักใช้เคี้ยวหรืออม.
เมี่ยง 1,น.,ของกินเล่นที่ใช้ใบไม้บางชนิด เช่น ใบชาหมัก ใบชะพลู ใบทองหลาง ห่อเครื่อง มีถั่วลิสง มะพร้าว กุ้งแห้ง หัวหอม ขิง เป็นต้น มีหลายชนิด เรียกชื่อต่าง ๆ กัน เช่น เมี่ยงคำ เมี่ยงลาวเมี่ยงส้ม.
เมียงมอง 0,ก.,ชายตาดู.
เมียงม่าย 0,ก.,ทำอาการประเดี๋ยวชำเลืองประเดี๋ยวเมิน.
เมี่ยงลาว 0,น.,ของกินอย่างหนึ่ง ใช้ใบผักกาดดองห่อไส้เป็นคำ ๆ ไส้ทำด้วยหมูสับผัดเคล้ากับกุ้งแห้งป่น ถั่วลิสงตำ ขิง น้ำส้มมะขาม น้ำตาล น้ำปลา ปรุงให้มีรสหวานนำ เค็มตาม และเปรี้ยวนิดหน่อย แล้วตักขึ้นเคล้าด้วยหอมเจียวกระเทียมเจียว กินกับข้าวตังทอดหรือข้าวเกรียบกุ้งทอด.
เมี่ยงส้ม 0,น.,ของกินอย่างหนึ่ง ทำด้วยมะพร้าวขูดคั่ว กวนกับน้ำตาลปึกผสมถั่วลิสงตำพร้อมด้วยหอมแดง ปรุงให้มีรสเค็มหวาน เมื่อได้ที่โรยใบมะกรูดหั่นฝอย กินแกมกับผักกาดหอมหรือใบทองหลาง และผลไม้มีรสเปรี้ยว เช่น ส้มโอ มะม่วงดิบ มะปรางดิบ.
เมี้ยน 0,ว.,"มิด, ลับลี้, ซ่อน."
เมียน้อย 0,น.,หญิงที่ชายเลี้ยงดูอย่างภรรยา แต่ไม่มีศักดิ์ศรีเท่าเมียหลวงหรือไม่ได้จดทะเบียน.
เมียหลวง 0,น.,เมียที่ยกย่องว่าเป็นใหญ่.
เมือ 0,ก.,"ไป, กลับ."
เมื่อ 0,น.,"ครั้ง, คราว, เช่น เรื่องนี้เกิดเมื่อเขาไปต่างจังหวัด, โอกาส เช่น พบได้ทุกเมื่อ, ขณะที่ เช่น เมื่อเขาออกจากบ้าน ฝนก็ตก, คำนำหน้าคำบอกเวลาที่ล่วงไปแล้ว เช่น เมื่อคืนนี้ เมื่อเช้านี้ เมื่อวานซืน."
เมื่อ 1,สัน.,ในขณะที่ เช่น เขามาเมื่อฉันเห็น.
เมื้อ 0,ก.,"ไป, กลับ."
เมือก 0,น.,สิ่งที่มีลักษณะเป็นเลือก ๆ คือ เหนียว ๆ ลื่น ๆ อย่างเมือกปลา.
เมื่อกี้ 0,ว.,"เพิ่งล่วงไป, เพิ่งผ่านไป, (ใช้แก่เวลา)."
เมือง 0,น.,"แดน เช่น เมืองมนุษย์ เมืองสวรรค์ เมืองบาดาล, ประเทศ เช่น เมืองไทย เมืองจีน เมืองลาว"
เมือง 1,น.,จังหวัด เช่น เมืองเชียงใหม่ เมืองนครศรีธรรมราช เมืองตราด
เมือง 2,น.,เขตซึ่งเคยเป็นเมืองสำคัญในระดับจังหวัด ต่อมาถูกลดฐานะเป็นอำเภอ เช่น เมืองไชยา เมืองมีนบุรี เมืองขุขันธ์
เมือง 3,น.,เขตซึ่งเป็นที่ชุมนุมและเป็นที่ตั้งศาลากลางจังหวัด ซึ่งในครั้งก่อน ถ้าเป็นเมืองใหญ่ หมายถึงเขตภายในกำแพงเมือง.
เมืองขึ้น 0,น.,"เมืองที่เป็นข้าขอบขัณฑสีมา, ประเทศที่อยู่ในปกครองของประเทศอื่น."
เมืองท่า 0,น.,เมืองสำคัญที่ตั้งอยู่ริมทะเลหรือแม่น้ำซึ่งใช้เป็นที่ให้ความสะดวกต่าง ๆ ในการขนถ่ายสินค้าและผู้โดยสารขึ้นหรือลงเรือเดินทะเล.
เมืองท่าปลอดภาษี 0,น.,เมืองท่าหรือบริเวณใดบริเวณหนึ่งในเขตเมืองท่าที่การขนถ่ายสินค้าเข้าและสินค้าออกไม่ต้องเสียภาษี.
เมืองนอก 0,น.,"ประเทศอื่น ๆ, ต่างประเทศ มักหมายถึงประเทศในทวีปยุโรปและสหรัฐอเมริกา."
เมืองผี 0,น.,"โลกของคนตาย, แดนของคนที่ตายแล้ว."
เมืองลับแล 0,น.,"เมืองที่เร้นลับ ถือกันว่าจะพบได้ก็แต่โดยบังเอิญ ถ้าตั้งใจไปไม่พบ, บางทีก็เรียกว่า เมืองแม่ม่าย เพราะเชื่อกันว่าผู้หญิงที่อยู่ในเมืองนี้ล้วนเป็นแม่ม่ายทั้งสิ้น."
เมืองหลวง 0,น.,เมืองเป็นที่ตั้งรัฐบาล.
เมืองออก 0,น.,เมืองที่สวามิภักดิ์ถวายดอกไม้เงินดอกไม้ทอง.
เมื่อใด 0,*ว.,คำที่ใช้ถามเกี่ยวกับเวลา จะเป็นอดีตหรืออนาคตก็ได้ เช่น เมื่อไรเขาจะมา.
เมื่อตะกี้ 0,ว.,"เพิ่งล่วงไป, เพิ่งผ่านไป, (ใช้แก่เวลา)."
เมื่อนั้น 0,ว.,คำขึ้นต้นข้อความของบทละคร (ใช้แก่ตัวละครที่เป็นตัวเจ้าหรือเป็นตัวเอกในตอนนั้น ๆ).
เมือบ 0,ว.,"มาก, เต็ม."
เมื่อพีเนื้อหอม เมื่อผอมเนื้อเหม็น 0,น.,เวลารวยคนมาห้อมล้อม ประจบประแจง เวลาจนคนพากันหน่ายหนี.
เมื่อย 0,ก.,อาการเพลียของกล้ามเนื้อเมื่อทำสิ่งใดสิ่งหนึ่งซ้ำ ๆ อยู่เป็นเวลานาน เช่น เดินอยู่นานจนเมื่อย เมื่อยมือเพราะเขียนหนังสือนาน.
เมื่อยขบ 0,ก.,อาการที่เมื่อยปวดเหมือนมีอะไรขบบีบ หรือกดอยู่ที่ตรงนั้น.
เมื่อยปาก 0,ก.,อาการที่พูดซ้ำ ๆ มาหลายครั้งหรือนานจนไม่อยากพูดอีก.
เมื่อยล้า 0,ก.,อาการที่เมื่อยมากทำให้เดินเคลื่อนไหวได้ช้าลง.
เมื่อไร 0,*ว.,คำที่ใช้ถามเกี่ยวกับเวลา จะเป็นอดีตหรืออนาคตก็ได้ เช่น เมื่อไรเขาจะมา.
เมื่อไหร่ 0,*ว.,คำที่ใช้ถามเกี่ยวกับเวลา จะเป็นอดีตหรืออนาคตก็ได้ เช่น เมื่อไรเขาจะมา.
เมื่อเอยก็เมื่อนั้น 0,ว.,"เมื่อไรก็ได้, พร้อมทุกเมื่อ."
เมื่อเอยเมื่อนั้น 0,ว.,"ชักช้า, อืดอาด, ยืดยาด."
แม่ 0,น.,"หญิงผู้ให้กำเนิดหรือเลี้ยงดูลูก, คำที่ลูกเรียกหญิงผู้ให้กำเนิดหรือเลี้ยงดูตน"
แม่ 1,น.,คำที่ผู้ใหญ่เรียกผู้หญิงที่มีอายุน้อยกว่าด้วยความสนิทสนมหรือรักใคร่เป็นต้น ว่า แม่นั่น แม่นี่
แม่ 2,น.,คำใช้นำหน้านามเพศหญิง แปลว่า ผู้เป็นหัวหน้า เช่น แม่บ้าน
แม่ 3,น.,ผู้หญิงที่กระทำกิจการหรืองานอย่างใดอย่างหนึ่ง เช่น ค้าขาย เรียกว่า แม่ค้า ทำครัว เรียกว่า แม่ครัว
แม่ 4,น.,เรียกสัตว์ตัวเมียที่มีลูก เช่น แม่ม้า แม่วัว
แม่ 5,น.,เรียกคนผู้เป็นหัวหน้าหรือเป็นนายโดยไม่จำกัดว่าเป็นชายหรือหญิง เช่น แม่ทัพ แม่กอง
แม่ 6,น.,"คำยกย่องเทวดาผู้หญิงบางพวก เช่น แม่คงคา แม่ธรณี แม่โพสพ, บางทีก็ใช้ว่า เจ้าแม่ เช่น เจ้าแม่กาลี"
แม่ 7,น.,เรียกสิ่งที่เป็นประธานของสิ่งต่าง ๆ ในพวกเดียวกัน เช่น แม่กระได แม่แคร่ แม่แบบ
แม่ 8,น.,เรียกชิ้นใหญ่กว่าในจำพวกสิ่งที่สำหรับกัน เช่น แม่กุญแจ คู่กับ ลูกกุญแจ
แม่ 9,น.,แม่นํ้า เช่น แม่ปิง แม่วัง
แม่ 10,น.,"คำหรือพยางค์ที่มีแต่สระ ไม่มีตัวสะกด เรียกว่า แม่ ก กา หรือมาตรา ก กา, คำหรือพยางค์ที่มีตัว ก ข ค ฆ สะกด เรียกว่า แม่กกหรือมาตรากก, คำหรือพยางค์ที่มีตัว ง สะกด เรียกว่า แม่กงหรือมาตรากง, คำหรือพยางค์ที่มีตัว จ ฉ ช ซ ฌ ฎ ฏ ฐ ฑ ฒ ด ต ถ ท ธ ศ ษ ส สะกด เรียกว่า แม่กดหรือมาตรากด, คำหรือพยางค์ที่มีตัว ญ ณ น ร ล ฬ สะกด เรียกว่า แม่กนหรือมาตรากน, คำหรือพยางค์ที่มีตัว บ ป พ ฟ ภ สะกด เรียกว่า แม่กบหรือมาตรากบ, คำหรือพยางค์ที่มีตัว ม สะกด เรียกว่า แม่กมหรือมาตรากม, คำหรือพยางค์ที่มีตัว ย สะกด เรียกว่า แม่เกยหรือมาตราเกย แต่ในมูลบทบรรพกิจมี ย ว อ สะกด, คำหรือพยางค์ที่มีตัว ว สะกด เรียกว่า แม่เกอวหรือมาตราเกอว."
แม้ 0,สัน.,"ผิ, หาก, เช่น แม้ฝนตก ฉันก็จะมา, ใช้ว่า แม้น ก็มี"
แม้ 1,สัน.,คำสนับสนุนข้ออ้างให้เห็นเด่นขึ้นโดยอาศัยการเปรียบเทียบ เช่น อย่าว่าแต่ผู้ใหญ่เลย แม้เด็กก็เข้าใจ.
แมก 0,น.,"ไม้, กิ่งไม้, ค่าคบไม้, เช่น นกหกจับแมกไม้."
แมกนีเซียม 0,น.,ธาตุลำดับที่ ๑๒ สัญลักษณ์ Mg เป็นโลหะ ลักษณะเป็นของแข็งสีเงิน หลอมละลายที่ ๖๕๐ °ซ. เมื่อจุดให้ติดไฟในอากาศจะได้เปลวสีขาว สว่างจัด ใช้ประโยชน์ในการถ่ายรูป ทำระเบิดเพลิง นำไปผสมกับโลหะอื่นให้เป็นโลหะเจือชนิดนํ้าหนักเบา เป็นต้น.
แม่กระชังก้นรั่ว 0,น.,ภรรยาที่ไม่รักษาเงินทองของสามี. (ดู แม่หญิงแม่หยัง ประกอบ)
แม่กระชังหน้าใหญ่ 0,น.,"ผู้ที่ชอบแสดงตัวออกหน้าเป็นหัวเรือใหญ่, มักพูดเข้าคู่กับ แม่หญิงแม่หญัง เป็น แม่หญิงแม่หญัง แม่กระชังหน้าใหญ่."
แม่กระแชง 0,น.,ปลาสลิดแห้งชนิดใหญ่.
แม่กระได 0,น.,แม่บันได.
แม่กอง 0,น.,"ผู้เป็นนายกอง, หัวหน้างาน, เช่น แม่กองทำปราสาทพระเทพบิดร แม่กองทำประตูประดับมุก."
แม่กองธรรมสนามหลวง 0,น.,พระเถระผู้มีหน้าที่รับผิดชอบในการสอบไล่พระปริยัติธรรม แผนกนักธรรมและธรรมศึกษาของคณะสงฆ์.
แม่กองบาลีสนามหลวง 0,น.,พระเถระผู้มีหน้าที่รับผิดชอบในการสอบไล่พระปริยัติธรรม แผนกบาลีของคณะสงฆ์.
แม่กุญแจ 0,น.,ลูกกุญแจที่ไขตัวกุญแจชนิดเดียวกันได้ทั่วไป. (อ. master key)
แม่กุญแจ 1,น.,ตัวกุญแจ คือ เครื่องลั่นประตูหรือหีบ มีลูกกุญแจสำหรับไข.
แม่คุณ 0,น.,คำพูดเอาใจหญิงหรือแสดงความเอ็นดูรักใคร่เด็กหญิง.
แม่คู่ 0,น.,นักสวดผู้ขึ้นต้นบท.
แม่แคร่ 0,น.,กรอบไม้หรือไม้ไผ่ประกับแคร่ทั้ง ๔ ด้าน.
แมง 0,น.,ชื่อสัตว์ขาปล้องหลายชนิดในชั้น Arachnida เมื่อเจริญเติบโตเต็มที่มีร่างกายแบ่งเป็น ๒ ส่วน คือ ส่วนหัวเชื่อมอก และส่วนท้อง มีขา ๘ หรือ ๑๐ ขา ไม่มีหนวด ไม่มีปีก เช่น แมงมุม แมงดาทะเล แมงป่อง.
แมงกะพรุน 0,น.,"ชื่อสัตว์นํ้าไม่มีกระดูกสันหลังหลายชนิดในไฟลัม Cnidaria ลำตัวคล้ายร่ม ลักษณะเป็นวุ้น ปากอยู่ด้านล่าง มีอวัยวะคล้ายหนวดรอบปาก เช่น แมงกะพรุนจาน หรือแมงกะพรุนหนัง ซึ่งกินได้ ส่วนแมงกะพรุนถ้วย แมงกะพรุนไฟ และแมงกะพรุนลาย มีพิษ, กะพรุน ก็เรียก."
แมงกานิน 0,น.,โลหะเจือชนิดหนึ่ง ประกอบด้วยทองแดงร้อยละ ๘๓ แมงกานีสร้อยละ ๑๓ นิกเกิลร้อยละ ๔ ใช้ประโยชน์นำไปทำอุปกรณ์ไฟฟ้า.
แมงกานีส 0,น.,ธาตุลำดับที่ ๒๕ สัญลักษณ์ Mn เป็นโลหะ ลักษณะเป็นของแข็งสีเงิน แข็งแต่เปราะ หลอมละลายที่ ๑๒๔๕ °ซ. ใช้ประโยชน์นำไปผสมกับโลหะอื่นให้เป็นโลหะเจือ.
แมงกาย 0,น.,ผีเสื้อกลางคืน. (ดู ผีเสื้อ ๑).
แมงคา 0,น.,"ชื่อตะขาบหลายชนิดที่สามารถผลิตสารเรืองแสงลักษณะเป็นเมือกเหนียว ๆ ออกมาจากรูเล็ก ๆ จำนวนมากอยู่ทางด้านล่างของลำตัวในแต่ละปล้องเมื่อถูกรบกวนหรือมีสิ่งเร้า ส่วนใหญ่อยู่ในสกุล Geophilus วงศ์ Geophilidae เช่น ชนิด G. electricus (Linn.) ขนาดเล็กเท่าก้านไม้ขีด ยาว ๓.๕-๔.๕ เซนติเมตร มีจำนวนปล้อง ๓๐-๖๖ ปล้องหรือมากกว่า ขายาวกว่าความยาวของปล้องมาก อาศัยอยู่ตามที่รกรุงรัง กองขยะมูลฝอย ฯลฯ กินสัตว์อื่น, แมงคา ก็เรียก."
แมงคาเรือง 0,น.,"ชื่อตะขาบหลายชนิดที่สามารถผลิตสารเรืองแสงลักษณะเป็นเมือกเหนียว ๆ ออกมาจากรูเล็ก ๆ จำนวนมากอยู่ทางด้านล่างของลำตัวในแต่ละปล้องเมื่อถูกรบกวนหรือมีสิ่งเร้า ส่วนใหญ่อยู่ในสกุล Geophilus วงศ์ Geophilidae เช่น ชนิด G. electricus (Linn.) ขนาดเล็กเท่าก้านไม้ขีด ยาว ๓.๕-๔.๕ เซนติเมตร มีจำนวนปล้อง ๓๐-๖๖ ปล้องหรือมากกว่า ขายาวกว่าความยาวของปล้องมาก อาศัยอยู่ตามที่รกรุงรัง กองขยะมูลฝอย ฯลฯ กินสัตว์อื่น, แมงคา ก็เรียก."
แมงแงว 0,น.,"ชื่อสัตว์น้ำขาปล้องหลายชนิด หลายสกุล ในวงศ์ Streptocephalidae ขนาดยาว ๑.๘ เซนติเมตร ลักษณะทั่วไปคล้ายไรน้ำเค็ม ลำตัวใส มีถุงไข่ที่ท้อง ๑ ถุง ไข่จม กินสาหร่าย พบตามแหล่งน้ำจืดโดยเฉพาะในช่วงต้นฤดูฝนเขตภูเขาในจังหวัดขอนแก่น หนองบัวลำภู หนองคาย นำมาใช้ปรุงอาหาร เช่น แกงอ่อมหรือห่อหมก ตามธรรมชาติเป็นอาหารของสัตว์น้ำ ที่พบบ่อย เช่น ชนิด Streptocephalus sirindhornae Sanoamuang, Murugan, Weekers & Dumont. ซึ่งมีหางสีแดงเข้ม, แมงหางแดง แมงอ่อนช้อย หรือ ไรน้ำจืด ก็เรียก."
แมงดา 0,น.,"ชื่อสัตว์ทะเลในวงศ์ Xiphosuridae รูปร่างคล้ายจานควํ่า หางยาวเป็นแท่ง ในน่านนํ้าไทยพบ ๒ ชนิด คือ แมงดาจานหรือแมงดาทะเลหางเหลี่ยม [Tachypleus gigas (Müller)] บนสันหางเป็นหนามคล้ายฟันเลื่อย หน้าตัดของหางมีรูปคล้ายสามเหลี่ยม และ แมงดาทะเลหางกลม แมงดาถ้วย เหรา หรือ แมงดาไฟ [Carcinoscorpius rotundicauda (Latreille)] ขนาดเล็กกว่าแมงดาจาน สันหางเรียบ หน้าตัดของหางค่อนข้างกลม ในบางฤดูกาล ไข่และอวัยวะภายในอาจเป็นพิษได้, แมงดาทะเล ก็เรียก"
แมงดา 1,น.,ชื่อตะเกียงอย่างโบราณ รูปคล้ายแมงดาทะเล ใช้แขวนจุดตามโรงหนังโรงโขน
แมงดา 2,น.,ชื่อนาฬิกาแขวนมีรูปเป็น ๒ ตอนคล้ายกับรูปแมงดาทะเล
แมงดา 3,น.,ชายที่อาศัยนํ้าพักนํ้าแรงของผู้หญิงโสเภณีดำรงชีวิต.
แมงดาจาน 0,น.,"ชื่อสัตว์ทะเลในวงศ์ Xiphosuridae รูปร่างคล้ายจานควํ่า หางยาวเป็นแท่ง ในน่านนํ้าไทยพบ ๒ ชนิด คือ แมงดาจานหรือแมงดาทะเลหางเหลี่ยม [Tachypleus gigas (Müller)] บนสันหางเป็นหนามคล้ายฟันเลื่อย หน้าตัดของหางมีรูปคล้ายสามเหลี่ยม และ แมงดาทะเลหางกลม แมงดาถ้วย เหรา หรือ แมงดาไฟ [Carcinoscorpius rotundicauda (Latreille)] ขนาดเล็กกว่าแมงดาจาน สันหางเรียบ หน้าตัดของหางค่อนข้างกลม ในบางฤดูกาล ไข่และอวัยวะภายในอาจเป็นพิษได้, แมงดาทะเล ก็เรียก"
แมงดาถ้วย 0,น.,"ชื่อสัตว์ทะเลในวงศ์ Xiphosuridae รูปร่างคล้ายจานควํ่า หางยาวเป็นแท่ง ในน่านนํ้าไทยพบ ๒ ชนิด คือ แมงดาจานหรือแมงดาทะเลหางเหลี่ยม [Tachypleus gigas (Müller)] บนสันหางเป็นหนามคล้ายฟันเลื่อย หน้าตัดของหางมีรูปคล้ายสามเหลี่ยม และ แมงดาทะเลหางกลม แมงดาถ้วย เหรา หรือ แมงดาไฟ [Carcinoscorpius rotundicauda (Latreille)] ขนาดเล็กกว่าแมงดาจาน สันหางเรียบ หน้าตัดของหางค่อนข้างกลม ในบางฤดูกาล ไข่และอวัยวะภายในอาจเป็นพิษได้, แมงดาทะเล ก็เรียก"
แมงดาทะเล 0,น.,"ชื่อสัตว์ทะเลในวงศ์ Xiphosuridae รูปร่างคล้ายจานควํ่า หางยาวเป็นแท่ง ในน่านนํ้าไทยพบ ๒ ชนิด คือ แมงดาจานหรือแมงดาทะเลหางเหลี่ยม [Tachypleus gigas (Müller)] บนสันหางเป็นหนามคล้ายฟันเลื่อย หน้าตัดของหางมีรูปคล้ายสามเหลี่ยม และ แมงดาทะเลหางกลม แมงดาถ้วย เหรา หรือ แมงดาไฟ [Carcinoscorpius rotundicauda (Latreille)] ขนาดเล็กกว่าแมงดาจาน สันหางเรียบ หน้าตัดของหางค่อนข้างกลม ในบางฤดูกาล ไข่และอวัยวะภายในอาจเป็นพิษได้, แมงดาทะเล ก็เรียก"
แมงดาทะเลหางกลม 0,น.,"ชื่อสัตว์ทะเลในวงศ์ Xiphosuridae รูปร่างคล้ายจานควํ่า หางยาวเป็นแท่ง ในน่านนํ้าไทยพบ ๒ ชนิด คือ แมงดาจานหรือแมงดาทะเลหางเหลี่ยม [Tachypleus gigas (Müller)] บนสันหางเป็นหนามคล้ายฟันเลื่อย หน้าตัดของหางมีรูปคล้ายสามเหลี่ยม และ แมงดาทะเลหางกลม แมงดาถ้วย เหรา หรือ แมงดาไฟ [Carcinoscorpius rotundicauda (Latreille)] ขนาดเล็กกว่าแมงดาจาน สันหางเรียบ หน้าตัดของหางค่อนข้างกลม ในบางฤดูกาล ไข่และอวัยวะภายในอาจเป็นพิษได้, แมงดาทะเล ก็เรียก"
แมงดาทะเลหางเหลี่ยม 0,น.,"ชื่อสัตว์ทะเลในวงศ์ Xiphosuridae รูปร่างคล้ายจานควํ่า หางยาวเป็นแท่ง ในน่านนํ้าไทยพบ ๒ ชนิด คือ แมงดาจานหรือแมงดาทะเลหางเหลี่ยม [Tachypleus gigas (Müller)] บนสันหางเป็นหนามคล้ายฟันเลื่อย หน้าตัดของหางมีรูปคล้ายสามเหลี่ยม และ แมงดาทะเลหางกลม แมงดาถ้วย เหรา หรือ แมงดาไฟ [Carcinoscorpius rotundicauda (Latreille)] ขนาดเล็กกว่าแมงดาจาน สันหางเรียบ หน้าตัดของหางค่อนข้างกลม ในบางฤดูกาล ไข่และอวัยวะภายในอาจเป็นพิษได้, แมงดาทะเล ก็เรียก"
แมงดาไฟ 0,น.,"ชื่อสัตว์ทะเลในวงศ์ Xiphosuridae รูปร่างคล้ายจานควํ่า หางยาวเป็นแท่ง ในน่านนํ้าไทยพบ ๒ ชนิด คือ แมงดาจานหรือแมงดาทะเลหางเหลี่ยม [Tachypleus gigas (Müller)] บนสันหางเป็นหนามคล้ายฟันเลื่อย หน้าตัดของหางมีรูปคล้ายสามเหลี่ยม และ แมงดาทะเลหางกลม แมงดาถ้วย เหรา หรือ แมงดาไฟ [Carcinoscorpius rotundicauda (Latreille)] ขนาดเล็กกว่าแมงดาจาน สันหางเรียบ หน้าตัดของหางค่อนข้างกลม ในบางฤดูกาล ไข่และอวัยวะภายในอาจเป็นพิษได้, แมงดาทะเล ก็เรียก"
แม่งม้าง 0,ก.,เริดร้าง เช่น สมุทโฆษว้างพินทู แม่งม้าง (หริภุญชัย).
แมงมุม 0,น.,ชื่อสัตว์พวกแมงในอันดับ Araneae ปากมีรยางค์คู่หน้ารูปร่างคล้ายปากคีบและมีรยางค์ปากรูปทรงคล้ายขา ๑ คู่ ไม่มีหนวด ลำตัวขนาดแตกต่างกันไปแล้วแต่ชนิด มีขา ๘ ขา ทุกชนิดมีขาที่สามารถชักใยจากรูเปิดตรงส่วนท้อง ส่วนใหญ่กินแมลง มีทั้งชนิดชักใยดักสัตว์ เช่น แมงมุมขี้เถ้า (Pholcusspp.) ในวงศ์ Pholcidae และที่กระโดดจับสัตว์ เช่น แมงมุมสุนัขป่า (Pardosaspp.) ในวงศ์ Lycosidae.
แมงลัก 0,น.,ชื่อไม้ล้มลุกชนิด Ocimum africanum L.ในวงศ์ Labiatae ใบคล้ายใบโหระพาแต่มีขน ใบและเมล็ดกินได้และใช้ทำยาได้.
แมงหางแดง 0,น.,"ชื่อสัตว์น้ำขาปล้องหลายชนิด หลายสกุล ในวงศ์ Streptocephalidae ขนาดยาว ๑.๘ เซนติเมตร ลักษณะทั่วไปคล้ายไรน้ำเค็ม ลำตัวใส มีถุงไข่ที่ท้อง ๑ ถุง ไข่จม กินสาหร่าย พบตามแหล่งน้ำจืดโดยเฉพาะในช่วงต้นฤดูฝนเขตภูเขาในจังหวัดขอนแก่น หนองบัวลำภู หนองคาย นำมาใช้ปรุงอาหาร เช่น แกงอ่อมหรือห่อหมก ตามธรรมชาติเป็นอาหารของสัตว์น้ำ ที่พบบ่อย เช่น ชนิด Streptocephalus sirindhornae Sanoamuang, Murugan, Weekers & Dumont. ซึ่งมีหางสีแดงเข้ม, แมงหางแดง แมงอ่อนช้อย หรือ ไรน้ำจืด ก็เรียก."
แมงอ่อนช้อย 0,น.,"ชื่อสัตว์น้ำขาปล้องหลายชนิด หลายสกุล ในวงศ์ Streptocephalidae ขนาดยาว ๑.๘ เซนติเมตร ลักษณะทั่วไปคล้ายไรน้ำเค็ม ลำตัวใส มีถุงไข่ที่ท้อง ๑ ถุง ไข่จม กินสาหร่าย พบตามแหล่งน้ำจืดโดยเฉพาะในช่วงต้นฤดูฝนเขตภูเขาในจังหวัดขอนแก่น หนองบัวลำภู หนองคาย นำมาใช้ปรุงอาหาร เช่น แกงอ่อมหรือห่อหมก ตามธรรมชาติเป็นอาหารของสัตว์น้ำ ที่พบบ่อย เช่น ชนิด Streptocephalus sirindhornae Sanoamuang, Murugan, Weekers & Dumont. ซึ่งมีหางสีแดงเข้ม, แมงหางแดง แมงอ่อนช้อย หรือ ไรน้ำจืด ก็เรียก."
แมงฮอด 0,น.,ดาโป้งเป้ง. (ดู ดาโป้งเป้ง).
แม่งาน 0,น.,หัวหน้าผู้รับผิดชอบในงานบางอย่าง เช่น เขาเป็นแม่งานในการจัดเลี้ยงแขกที่มาในงาน.
แม่เจ้า 0,ส.,"คำเรียกเมียพ่อเมืองหรือเจ้าผู้ครองนคร, เป็นสรรพนามบุรุษที่ ๒."
แม่เจ้าประคุณ 0,ส.,คำเรียกแสดงความรักใคร่หรือประชดประชัน แล้วแต่น้ำเสียง (ใช้แก่ผู้หญิง) เช่น แม่เจ้าประคุณของยายสบายดีหรือ ดึกแล้วแม่เจ้าประคุณยังไม่กลับบ้านเลย.
แม่เจ้าเรือน 0,น.,"หญิงผู้ปกครองบ้านเรือน, แม่เรือน หรือ แม่เหย้าแม่เรือน ก็ว่า."
แม่เจ้าโว้ย 0,อ.,คำที่เปล่งออกมาแสดงความประหลาดใจ.
แม่ชี 0,น.,"คำเรียกหญิงที่นุ่งขาวห่มขาว โกนคิ้วโกนผม ถือศีล ๘, แม่ชี ก็เรียก."
แม่ซื้อ 0,น.,"เทวดาหรือผีที่เชื่อกันว่าเป็นผู้ดูแลรักษาทารก, แม่วี ก็เรียก."
แม่เดาะคันชั่ง 0,น.,ภรรยาที่เข้มงวดเกี่ยวกับรายจ่ายของสามี. (ดู แม่หญิงแม่หยัง ประกอบ).
แม่ตะงาว 0,น.,ชื่องูขนาดกลางชนิด Boiga multomaculata (Boie) ในวงศ์ Colubridae ยาวประมาณ ๑.๘ เมตร หัวโต ตาโต ตัวยาวเรียวสีนํ้าตาลอ่อน มีลายแต้มสีนํ้าตาลเข้มเป็นจุดใหญ่ ๆ ตลอดตัวคล้ายงูแมวเซา ออกหากินในเวลากลางคืน มักพบอยู่บนต้นไม้ กินสัตว์เลี้ยงลูกด้วยนม ขนาดเล็ก ไข่นก และสัตว์เลื้อยคลานขนาดเล็ก มีพิษอ่อน.
แม่ตาย 0,น.,ถั่วแม่ตาย. (ดู ถั่วเหลือง ที่ ถั่ว ๑).
แม่เตาไฟ 0,น.,ไม้สี่เหลี่ยมที่เป็นกรอบกรุดินสำหรับวางก้อนเส้า เกียง หรือเตาวง.
แม้แต่ 0,สัน.,เพียงแต่ เช่น แม้แต่จะกินเข้าไป ก็ยังไม่มี.
แม่ทัพ 0,น.,"นายทัพ, ผู้ทำหน้าที่คุมกองทัพ, เช่น แม่ทัพบก แม่ทัพเรือ แม่ทัพอากาศ แม่ทัพภาค."
แม่ท่า 0,น.,"แม่บท, ท่าที่เป็นหลักของการรำ."
แมน 0,น.,เทวดา เช่น เมืองแมน.
แม่น 0,ว.,"เที่ยง, แน่วแน่, เช่น ยิงปืนแม่น, ไม่ผิด, ถูกต้อง, เช่น จำแม่น."
แม้น 0,สัน.,แม้ เช่น แม้นมิไปช่วยจะม้วยมอด ด้วยสังข์ทองไม่ถอดรูปเงาะป่า (สังข์ทอง).
แม้น 1,ว.,"เหมือน, เช่น, คล้าย, เช่น แม้นวาด."
แม้นเขียน 0,น.,"ชื่อไม้ล้มลุกชนิด Cercestis mirabilis (N. E. Br.) Bogner ในวงศ์ Araceae ต้นมีไหลเลื้อยเหนือพื้นดินแยกออกไปเป็นต้นใหม่ได้ ใบคล้ายใบบอนสี มีลายขาวตามเส้นใบ, กระหนกกินรี กระหนกนฤมิต บอนลายกระหนก หรือ แม้นเขียน ก็เรียก."
แม่นม 0,น.,"หญิงที่ให้นมเด็กอื่นกินนมของตนแทนแม่ของเด็กนั้น, นางนม ก็เรียก, เรียกสั้น ๆ ว่า นม, ราชาศัพท์ว่า พระนม."
แม่นยำ 0,ก.,จำได้อย่างถูกต้อง.
แม่นั่งภาวนา 0,น.,ภรรยาที่บ่นว่าสามีตลอดทั้งวัน. (ดู แม่หญิงแม่หยัง ประกอบ).
แม่น้ำ 0,น.,ลำนํ้าใหญ่ซึ่งเป็นที่รวมของลำธารทั้งปวง.
แม่บท 0,น.,"หัวข้อใหญ่ เช่น ยกบาลีขึ้นมาเป็นแม่บท, หลัก เช่น โครงการแม่บท"
แม่บท 1,น.,"ท่าที่เป็นหลักของการรำ, แม่ท่า ก็เรียก."
แม่บันได 0,น.,"ไม้ยาว ๒ อันที่ขนาบสำหรับสอดใส่หรือตีลูกบันได, แม่กระได ก็เรียก."
แม่บ้าน 0,น.,"ภรรยาของพ่อบ้าน,หญิงผู้จัดการงานในบ้านเป็นต้น, หญิงผู้จัดการงานธุรการในสถานที่เช่นโรงพยาบาลเป็นต้น, คู่กับ พ่อบ้าน."
แม่เบี้ย 0,น.,พังพานงู (ใช้แก่งูเห่าและงูจงอาง) เช่น งูเห่าแผ่แม่เบี้ย.
แม่ปะ 0,น.,"ชื่อเรือขุดชนิดหนึ่งคล้ายเรือชะล่า แต่มีขนาดใหญ่และยาวกว่า ท้ายต่อไม้ยกงอนสูงขึ้นคล้ายหางแมงป่อง มักใช้ถ่อ, หางแมงป่อง ก็เรียก."
แม่เป้ง 0,น.,ชื่อมดแดงตัวเมียที่มีปีก. (ดู มดแดง ที่ มด ๑).
แม่แปรก 0,น.,"ช้างพังที่เป็นหัวหน้าโขลง, (ราชา) แม่หนัก"
แม่แปรก 1,น.,หญิงสาวแก่ที่จัดจ้านซึ่งเป็นหัวหน้าของหญิงสาวในหมู่.
แม่ฝา 0,น.,ไม้กรอบประกับฝาเรือนฝากระดานทั้ง ๔ ด้าน.
แม่พระ 0,น.,คำเรียกพระมารดาของพระเยซู
แม่พระ 1,น.,เรียกผู้หญิงที่มีจิตใจเมตตาปรานีชอบช่วยเหลือผู้อื่นเป็นนิจ.
แม่พระคงคา 0,น.,"เทพธิดาประจำน้ำ, เจ้าแม่แห่งน้ำ."
แม่พระธรณี 0,น.,"เทพธิดาประจำแผ่นดิน, เจ้าแม่แห่งแผ่นดิน."
แม่พิมพ์ 0,น.,"สิ่งที่เป็นต้นแบบ เช่น แม่พิมพ์ตัวหนังสือ, โดยปริยายหมายถึงครูอาจารย์ซึ่งถือว่าเป็นแบบอย่างความประพฤติของศิษย์."
แม่เพลง 0,น.,หญิงที่เป็นต้นบทหรือหัวหน้าวงเพลงพื้นบ้าน เช่น เพลงฉ่อย เพลงเกี่ยวข้าว เพลงเรือ.
แม่โพสพ 0,น.,"เทพธิดาประจำข้าว, เจ้าแม่แห่งข้าว."
แม่ฟ้าหลวง 0,น.,คำที่ชาวไทยภูเขาใช้เรียกสมเด็จพระศรีนครินทราบรมราชชนนี.
แม่ฟ้าหลวง 1,น.,ดูใน แม่.
แม่ฟ้าหลวง 2,น.,ชื่อปูน้ำจืดชนิดDromothelphusa sangwan Naiyanetr ในวงศ์ Potamidae มีขอบตา ขอบปาก ปลายขาและปลายก้ามหนีบสีแดง ขุดรูอยู่บริเวณ ๒ ฝั่งริมลำธารตามภูเขา พบที่ดอยตุง จังหวัดเชียงราย.
แม่มด 0,น.,"หญิงหมอผี, หญิงที่ใช้อำนาจเวทมนตร์บังคับภูตผีให้ช่วยทำอะไรบางอย่างที่ผิดปรกติธรรมดาได้, หญิงที่ทรงเจ้าเข้าผี."
แม่ม่าย 0,น.,หญิงที่มีผัวแล้ว แต่ผัวตายหรือหย่าร้างกันไป.
แม่ม่ายทรงเครื่อง 0,น.,แม่ม่ายที่มั่งมี.
แม่ม่ายผัวร้าง 0,น.,แม่ร้าง.
แม่ม่ายลองไน 0,น.,"ชื่อจักจั่นขนาดใหญ่ที่มีแถบสีดำ ขาว เหลือง หรือส้มพาดขวางเด่นตามลำตัวและปีก เฉพาะเพศผู้มีอวัยวะทำเสียงบริเวณด้านล่างของส่วนท้อง เสียงนั้นก้องได้ยินไปไกล มีหลายชนิด ชนิดที่ใหญ่ที่สุดในประเทศไทย คือ ชนิด Tosena melanoptera (White) ในวงศ์ Cicadidae เมื่อหุบปีกวัดจากหัวถึงปลายปีกยาว ๙-๑๐ เซนติเมตร, ลองไน ก็เรียก."
แม่ไม้ 0,น.,ท่ารำและท่าต่อสู้ที่เป็นหลักในวิชากระบี่กระบองหรือมวย.
แม่ยก 0,น.,หญิงที่เป็นผู้อุปถัมภ์พระเอกลิเกหรือนายวงดนตรีลูกทุ่ง.
แม่ยกครัวลงล่าง 0,น.,ภรรยาที่ไม่เอาใจใส่เรื่องการทำอาหารการกิน. (ดู แม่หญิงแม่หยัง ประกอบ).
แม่ยั่วเมือง 0,น.,"คำเรียกพระสนมเอกครั้งโบราณ, เขียนว่า แม่หยั่วเมือง หรือ แม่อยั่วเมือง ก็มี."
แม่ย่างม้าเหาะ 0,น.,ภรรยาที่ไม่เรียบร้อยกระโดกกระเดก. (ดู แม่หญิงแม่หยัง ประกอบ).
แม่ย่านาง 0,น.,ผีผู้หญิงประจำรักษาเรือ.
แม่ยาย 0,น.,แม่ของเมีย.
แม่ย้าว 0,น.,แม่เรือน.
แมยิสเตร็ด 0,น.,ผู้ทำหน้าที่ตุลาการในศาลชั้นต้นของต่างประเทศซึ่งอาจจะเป็นผู้พิพากษาอาชีพหรืออาสาสมัครก็ได้.
แมร 0,น.,เงิน.
แม่ร้า 0,น.,เรียกหญิงจัดจ้าน ว่า แม่ร้า.
แม่ร้าง 0,น.,"หญิงที่เลิกกับผัว, บางทีเรียกว่า แม่ม่ายผัวร้าง."
แม่รีแม่แรด 0,ว.,ทำเจ้าหน้าเจ้าตา.
แม่เรือน 0,น.,"หญิงผู้ปกครองบ้านเรือน, แม่เจ้าเรือน หรือ แม่เหย้าแม่เรือน ก็ว่า."
แม่แรง 0,น.,"เครื่องสำหรับดีดงัดหรือยกของหนัก, โดยปริยายหมายถึงคนที่เป็นกำลังสำคัญในการงาน."
แมลง 0,น.,ชื่อสัตว์ขาปล้องในชั้น Hexapoda (Inseeta) มีการเจริญเติบโตโดยการลอกคราบ ระยะโตเป็นตัวเต็มวัยร่างกายแบ่งออกเป็น ๓ ส่วน เห็นชัดเจน ได้แก่ ส่วนหัว ส่วนอก และส่วนท้อง มีขนาดแตกต่างกันมาก มีขา ๖ ขา มีหนวดหนึ่งคู่ เป็นสัตว์ไม่มีกระดูกสันหลังพวกเดียวที่มีปีก ซึ่งส่วนใหญ่มี ๒ คู่ ยกเว้นบางพวกมี ๑ คู่ หรือไม่มี เป็นสัตว์พวกที่มีจำนวนชนิดมากที่สุดในโลก พบได้ทั่วไป.
แมลงแคง 0,น.,"ชื่อแมลงพวกมวนหลายชนิดหลายสกุล ในวงศ์ Pentatomidae ส่วนใหญ่ลำตัวสีน้ำตาลหรือน้ำตาลอ่อน ยาว ๒.๕-๓.๐ เซนติเมตร เมื่อถูกตัวจะปล่อยของเหลว มีกลิ่นฉุน ชนิดที่พบทั่วไป เช่น ชนิด T essaratoma javamicaThunberg, T. papillosa (Drury) ดูดกินน้ำเลี้ยงใบลิ้นจี่หรือลำไย, แมลงแคง ก็เรียก."
แมลงจิ้มฟันจระเข้ 0,น.,"ชื่อแมลงพวกมวนหลายชนิดหลายสกุล ในวงศ์ Nepidae ที่พบบ่อยอยู่ในสกุล Laccotrephesเช่น ชนิด L. ruberLinn. และ L. robustus Stål ลำตัวยาว ๓-๔ เซนติเมตร มีหางยาวยื่นออกมา ๒ เส้น ตัวอ่อนอยู่ในน้ำ ขาคู่หน้าแข็งแรง จับสัตว์น้ำขนาดเล็กเช่นลูกน้ำหรือดักแด้ยุงกิน, มวนแมงป่องน้ำ หรือ แมลงดาโป้งเป้ง ก็เรียก, พายัพเรียก ดากลั้นเยี่ยว หรือ ดาเยี่ยว, อีสานเรียก แมงฮอด อีงอด งอดน้ำ หรือ กะโซ่น้ำ, ปักษ์ใต้เรียก แมลงจิ้มฟันจระเข้ หรือ แมลงดาขี้ควาย."
แมลงช้าง 0,น.,"ชื่อแมลงหลายชนิดหลายสกุล ในวงศ์ Myrmeleontidae มีปีก ๒ คู่ใสคล้ายแมลงปอ มีหนวดยาว ๑ คู่ ตัวอ่อนมีขากรรไกรหน้าเรียก เขี้ยว ยาวโค้งคล้ายงาช้าง อาศัยตามพื้นดินที่เป็นฝุ่นหรือทรายที่แห้งโดยฝังตัวอยู่ในหลุมซึ่งขุดเป็นรูปกรวยเพื่อล่อให้มดหรือสัตว์ขนาดเล็กตกลงไปแล้วจับกิน เช่น แมลงช้างในสกุล Myrmeleon และในสกุล Palpares วงศ์ Mymeleontidae, ตุ้ม หรือ ตุ๊ดตู่ ก็เรียก."
แมลงดา 0,น.,"ชื่อแมลงพวกมวน Lethocerus indicus (Lepeletier & Serville) ในวงศ์ Belostomatidae ปากสั้นแหลมคม ลำตัวกว้าง รูปไข่ แบนลง ความยาวจากหัวถึงปลายปีก ๖-๘ เซนติเมตร ปีกสีน้ำตาลแก่หรือน้ำตาลอมเขียว ขาคู่หน้าแข็งแรงใช้จับเหยื่อ เจาะดูดกินของเหลวจากเหยื่อเป็นอาหาร ตัวอ่อนอยู่ในน้ำ ตัวเต็มวัยมักบินเข้าหาแสงไฟ ตัวผู้มีต่อมกลิ่นนิยมนำไปผสมอาหาร, แมลงดา หรือ แมลงดานา ก็เรียก."
แมลงดาขี้ควาย 0,น.,"ชื่อแมลงพวกมวนหลายชนิดหลายสกุล ในวงศ์ Nepidae ที่พบบ่อยอยู่ในสกุล Laccotrephesเช่น ชนิด L. ruberLinn. และ L. robustus Stål ลำตัวยาว ๓-๔ เซนติเมตร มีหางยาวยื่นออกมา ๒ เส้น ตัวอ่อนอยู่ในน้ำ ขาคู่หน้าแข็งแรง จับสัตว์น้ำขนาดเล็กเช่นลูกน้ำหรือดักแด้ยุงกิน, มวนแมงป่องน้ำ หรือ แมลงดาโป้งเป้ง ก็เรียก, พายัพเรียก ดากลั้นเยี่ยว หรือ ดาเยี่ยว, อีสานเรียก แมงฮอด อีงอด งอดน้ำ หรือ กะโซ่น้ำ, ปักษ์ใต้เรียก แมลงจิ้มฟันจระเข้ หรือ แมลงดาขี้ควาย."
แมลงดานา 0,น.,"ชื่อแมลงพวกมวน Lethocerus indicus (Lepeletier & Serville) ในวงศ์ Belostomatidae ปากสั้นแหลมคม ลำตัวกว้าง รูปไข่ แบนลง ความยาวจากหัวถึงปลายปีก ๖-๘ เซนติเมตร ปีกสีน้ำตาลแก่หรือน้ำตาลอมเขียว ขาคู่หน้าแข็งแรงใช้จับเหยื่อ เจาะดูดกินของเหลวจากเหยื่อเป็นอาหาร ตัวอ่อนอยู่ในน้ำ ตัวเต็มวัยมักบินเข้าหาแสงไฟ ตัวผู้มีต่อมกลิ่นนิยมนำไปผสมอาหาร, แมลงดา หรือ แมลงดานา ก็เรียก."
แมลงดาโป้งเป้ง 0,น.,"ชื่อแมลงพวกมวนหลายชนิดหลายสกุล ในวงศ์ Nepidae ที่พบบ่อยอยู่ในสกุล Laccotrephesเช่น ชนิด L. ruberLinn. และ L. robustus Stål ลำตัวยาว ๓-๔ เซนติเมตร มีหางยาวยื่นออกมา ๒ เส้น ตัวอ่อนอยู่ในน้ำ ขาคู่หน้าแข็งแรง จับสัตว์น้ำขนาดเล็กเช่นลูกน้ำหรือดักแด้ยุงกิน, มวนแมงป่องน้ำ หรือ แมลงดาโป้งเป้ง ก็เรียก, พายัพเรียก ดากลั้นเยี่ยว หรือ ดาเยี่ยว, อีสานเรียก แมงฮอด อีงอด งอดน้ำ หรือ กะโซ่น้ำ, ปักษ์ใต้เรียก แมลงจิ้มฟันจระเข้ หรือ แมลงดาขี้ควาย."
แมลงดาสวน 0,น.,"ชื่อแมลงพวกมวนชนิด Sphaerodema rusticum (Fabricius) และ S. molestum (Dufour) ในวงศ์ Belostomatidae ลักษณะคล้ายแมลงดานาแต่ตัวเล็กกว่ามาก ลำตัวยาวประมาณ ๑.๕ เซนติเมตร ตัวอ่อนอยู่ในน้ำ กินแมลงหรือสัตว์น้ำขนาดเล็ก ตัวเต็มวัยมักบินเข้าหาแสงไฟ เพศเมียวางไข่บนหลังเพศผู้เป็นกลุ่มยึดติดกันด้วยสารเหนียว นำมาคั่วกับเกลือกินได้, แมลงดาสวน สีเสียด แมลงสีเสียด มวนหลังไข่ หรือ มวนก้าน ก็เรียก"
แมลงดำหนาม 0,น.,ชื่อแมลงพวกด้วงหลายชนิดหลายสกุล ในวงศ์ Chrysomelidae มีขนาดแตกต่างกัน ปีกคู่หน้ามีหนามสีดำ กัดกินใบพืชเห็นเป็นทางขาว ที่พบกินใบข้าว เรียก แมลงดำหนามข้าว เช่น ชนิด Dicladispa armigera (Olivier) ลำตัวป้อม และแมลงดำหนามมะพร้าว (Plesispa reichei Chapuis) ลำตัวเรียวกว่า ทั้ง ๒ ชนิดลำตัวยาว ๕-๖ มิลลิเมตร.
แมลงแดง 0,น.,"ชื่อมดชนิด Dorylus orientalis Westwood ในวงศ์ Formicidae ลำตัวยาวประมาณ ๑ เซนติเมตร สีน้ำตาลแดง อาศัยอยู่ในดิน มักพบเป็นศัตรูของฝักถั่วลิสงในดินขณะยังไม่ได้เก็บเกี่ยว, แมลงแดง ก็เรียก."
แมลงทับเล็ก 0,น.,"ชื่อแมลงพวกด้วงชนิด Hypomeces squamosus (Fabricius) ในวงศ์ Curculionidae ลำตัวด้านบนโค้งนูน ยาวประมาณ ๑.๕ เซนติเมตร หัวยื่นออกไปเป็นงวงสั้น ๆ ตัวและปีกสีเขียวเหลือบทอง, ค่อมทอง หรือ ทับเล็ก ก็เรียก."
แมลงนูน 0,น.,"ชื่อแมลงพวกด้วงหลายชนิดหลายสกุล ในวงศ์ Scarabaeidae ลำตัวมีขนาดและสีแตกต่างกันแล้วแต่ชนิด ตัวอ่อนอาศัยอยู่ในดินกินรากพืช ตัวเต็มวัยอาศัยอยู่บนต้นไม้กินใบไม้ มักบินเข้าหาแสงไฟ ชาวบ้านในภาคเหนือและภาคตะวันออกเฉียงเหนือนิยมนำมารับประทาน ที่พบบ่อย เช่น ชนิด Anomala antiqueGyllenhal ลำตัวสีดำเหลือบน้ำเงิน ยาว ๑๘-๒๐ มิลลิเมตร ชนิด Sophrops foveatus Moser ลำตัวสีน้ำตาลแดง ยาวประมาณ ๑๕ มิลลิเมตร, แมลงนูน ก็เรียก."
แมลงปอ 0,น.,"ชื่อปลาทะเลหลายชนิดในสกุล Drepane วงศ์ Drepanidae ลำตัวสีเงิน สั้น กว้าง และแบนข้างมาก ปากเล็กอยู่ปลายสุดของหัว ครีบสีเหลืองอ่อน ครีบอกยาวเรียว ครีบท้องอยู่ในแนวหน้าครีบอก ครีบหางมีปลายเป็นเหลี่ยมมุมป้าน ชนิด D. punctata (Linn.) มีจุดดำที่ข้างตัวเรียงในแนวตั้งหลายแนว แต่ชนิด D. longimana (Bloch & Schneider) มีแถบสีเทาเรียงในลักษณะเดียวกัน, ทั้ง ๒ ชนิดอาศัยอยู่ตามพื้นท้องนํ้าที่เป็นกรวดทรายใกล้แนวปะการัง ขนาดยาวได้ถึง ๔๐ เซนติเมตร, แมลงปอ ก็เรียก."
แมลงปอ 1,น.,"ชื่อแมลงอันดับย่อย Anisoptera ในอันดับ Odonata หัวและอกสั้นป้อม ส่วนท้องแคบยาว หนวดสั้นเล็กมองคล้ายขน ตาโตใหญ่ ๒ ข้างอยู่ชิดกัน ปีก ๒ คู่บางใส เส้นลายปีกเป็นร่างแห โคนปีกคู่หลังแผ่กว้าง ปีกคู่หลังใหญ่กว่าปีกคู่หน้า มีสีแตกต่างกันตามชนิด เมื่อเกาะปีกกางขนานกับพื้น ตัวอ่อนอยู่ในน้ำ กินสัตว์น้ำขนาดเล็ก เช่น ชนิด Crocothemis servilia (Drury) ในวงศ์ Libellulidae, แมลงปอ ก็เรียก."
แมลงปีกแข็ง 0,น.,"ชื่อแมลงในอันดับ Coleoptera มีปีก ๒ คู่ ลำตัวและปีกคู่หน้าแข็ง เมื่อพับปีกขอบปีกจะจดกันที่กึ่งกลางสันหลัง ปีกคู่หลังเป็นแผ่นใหญ่บางใสพับซ้อนอยู่ใต้ปีกคู่หน้า ปากเป็นชนิดกัดกิน อกปล้องแรกใหญ่และเห็นได้ชัดเจน เช่น ด้วงแรด ในวงศ์ Scarabaeidae ด้วงดิน ในวงศ์ Carabidae ด้วงงวง ในวงศ์ Curculionidae ด้วงบางชนิดมีชื่อเรียกต่างออกไป เช่น กว่าง ค่อม ตด ทับ แมลงพวกนี้มีมากชนิดกว่าแมลงในอันดับอื่น ๆ, แมลงปีกแข็ง ก็เรียก."
แมลงไฟ 0,น.,"ชื่อแมลงพวกด้วงหลายชนิดหลายสกุล ในวงศ์ Lampyridae ลำตัวเป็นรูปทรงกระบอก ด้านปลายของส่วนท้องมีปล้องทำแสง ๒ ปล้องในเพศผู้ และ ๑ ปล้องในเพศเมีย โดยแสงเกิดจากสารลูซิเฟอรินทำปฏิกิริยากับออกซิเจน ความถี่และช่วงของแสงนั้นแตกต่างกันแล้วแต่ชนิด บางชนิดตัวเมียไม่มีปีก ที่พบมากตามแหล่งน้ำจืด เช่น ชนิด Luciola aquatilis Thaneharoen ที่พบตามป่าชายเลน เช่น ชนิด Pteroptyx malaccae (Gorham), ทิ้งถ่วง แมลงแสง หรือ แมลงไฟ ก็เรียก."
แมลงไฟเดือนห้า 0,น.,"ชื่อแมลงพวกด้วง ในวงศ์ Meloidae ที่สำคัญ ได้แก่ ชนิด Mylabris phalerata (Pallas) ลำตัวยาวประมาณ ๓.๕ เซนติเมตร ปีกมีสีดำและเหลืองสลับกันอย่างละ ๓ แถบ มีน้ำมันซึมออกมาซึ่งมีสารแคนทาริดินปนอยู่ นำไปใช้ในทางการแพทย์ เมื่อถูกตัวจะทำให้เกิดผื่นคัน หากกินจะทำลายระบบการทำงานของไตและกระเพาะอาหาร ทำให้อาเจียน ปัสสาวะเป็นเลือด ดิ้นทุรนทุรายคล้ายคนบ้า หมดสติและเสียชีวิต กินใบและดอกโสน กระเจี๊ยบแดง ปอแก้ว และถั่ว, ด้วงไฟ ด้วงถั่ว เต่าบ้า หรือ แมลงไฟเดือนห้า ก็เรียก."
แมลงภู่ 0,น.,ชื่อหอยทะเลกาบคู่หลายชนิด ในวงศ์ Mytilidae เปลือกยาวรี สีเขียวคล้ายสีของแมลงภู่ เช่น ชนิด Perna viridis (Linn.) เกาะติดตามเสาหรือวัตถุอื่นตามชายฝั่ง.
แมลงภู่ 1,น.,"ชื่อปลานํ้าจืดชนิด Channa micropeltes (Cuvier) ในวงศ์ Channidae รูปร่างคล้ายปลาช่อน ซึ่งอยู่ในสกุลเดียวกันแต่เกล็ดเล็กและมีจำนวนมากกว่า เฉพาะบนเส้นข้างตัวมี ๘๒-๙๕ เกล็ด เมื่อยังเล็กข้างลำตัวมีแถบสีดำเรียงคู่กันจากตาถึงครีบหาง ระหว่างแถบเป็นสีแดง แถบนี้แตกเป็นแต้มหรือจุดในปลาที่โตเต็มที่ ขนาดยาวได้ถึง ๑ เมตร, แมลงภู่ อ้ายป๊อก หรือ โด ก็เรียก, พายัพเรียก ก่อ."
แมลงภู่ 2,น.,ชื่อแมลงหลายชนิด รูปร่างคล้ายผึ้ง ต่างกันที่ขนปกคลุมลำตัวมีลักษณะเป็นแฉก ไม่เป็นขนเดี่ยว ๆ อวัยวะของปากคู่หนึ่งยื่นยาวออกมาคล้ายหนวด ขาหลัง (ขาคู่ที่ ๓) บริเวณส้นมีหนามแหลมข้างละ ๑ อัน ไม่มีถุงเก็บเกสรเหมือนผึ้ง มีเหล็กในสำหรับต่อยปล่อยน้ำพิษได้หลายครั้งทำให้เจ็บปวด มักอาศัยอยู่เดี่ยว ๆ เป็นคู่ หรือรวม ๒-๓ คู่ แต่ไม่เป็นกลุ่มใหญ่เหมือนผึ้ง ที่พบบ่อยอยู่ในสกุล Xylocopa วงศ์ Xylocopidae เช่น ชนิด X. latipes Drury และ ชนิด X. caeruleus Fabricius.
แมลงภู่ 3,น.,เสือแมลงภู่. (ดู ดาว ๒).
แมลงเม่า 0,น.,เรียกปลวกทุกชนิดในระยะที่มีปีกเพื่อบินออกผสมพันธุ์ ลำตัวขนาดแตกต่างกันไปแล้วแต่ชนิด ยาวตั้งแต่ ๐.๕-๒.๗ เซนติเมตร มีปีก ๒ คู่ยาวกว่าลำตัว เหมือนกันทั้งรูปทรงและเส้นปีก เมื่อพับปีก ปีกจะแบนราบไปตามลำตัวด้านหลัง เมื่อผสมพันธุ์แล้วสลัดปีกและเฉพาะตัวเมียจะไปสร้างรังใหม่ ว่า แมลงเม่า.
แมลงวัน 0,น.,ชื่อแมลงหลายชนิด หลายสกุล หลายวงศ์ ในอันดับ Diptera มีปีก ๑ คู่ ลักษณะบางใส มีอวัยวะเป็นติ่งแทนปีกคู่ที่ ๒ ช่วยในการทรงตัว ปากเป็นชนิดซับดูด หนวดมี ๓ ปล้อง ปล้องปลายใหญ่สุดและมีขน ๑ เส้น ที่พบทั่วไป เช่น แมลงวันบ้าน (Musca domestica Linn.) ในวงศ์ Muscidae ลำตัวยาวประมาณ ๖ มิลลิเมตร สีน้ำตาลดำ กินอาหารหลากหลาย.
แมลงวันทอง 0,น.,"ชื่อแมลงหลายชนิดหลายสกุล ในวงศ์ Tephritidae รูปร่างคล้ายแมลงวันแต่ลำตัวเรียวกว่า อกและท้องสีน้ำตาลแก่มีแต้มสีเหลืองหรือส้มแตกต่างกันตามชนิด โดยรวมแล้วมองดูคล้ายสีทอง หลังผสมพันธุ์เพศเมียเจาะเปลือกผลไม้เพื่อวางไข่ เมื่อฟักเป็นตัวหนอนทำลายผลไม้ ตัวเต็มวัยพบตอมอยู่ตามดอกไม้บางชนิด เช่น เดหลีใบกล้วย [Spathiphyllum cannifolium (Dryand)] ที่พบมากคือ ชนิด Bactrocera dorsalis (Hendel) ตัวหนอนทำลายผลไม้ เช่น มะม่วง ฝรั่ง ชมพู่ พุทรา, แมลงวันผลไม้ ก็เรียก."
แมลงวันผลไม้ 0,น.,"ชื่อแมลงหลายชนิดหลายสกุล ในวงศ์ Tephritidae รูปร่างคล้ายแมลงวันแต่ลำตัวเรียวกว่า อกและท้องสีน้ำตาลแก่มีแต้มสีเหลืองหรือส้มแตกต่างกันตามชนิด โดยรวมแล้วมองดูคล้ายสีทอง หลังผสมพันธุ์เพศเมียเจาะเปลือกผลไม้เพื่อวางไข่ เมื่อฟักเป็นตัวหนอนทำลายผลไม้ ตัวเต็มวัยพบตอมอยู่ตามดอกไม้บางชนิด เช่น เดหลีใบกล้วย [Spathiphyllum cannifolium (Dryand)] ที่พบมากคือ ชนิด Bactrocera dorsalis (Hendel) ตัวหนอนทำลายผลไม้ เช่น มะม่วง ฝรั่ง ชมพู่ พุทรา, แมลงวันผลไม้ ก็เรียก."
แมลงวันสเปน 0,น.,ชื่อแมลงพวกด้วงชนิด Lytta vesicatoria (Linn.) ในวงศ์ Meloidae ลำตัวแคบ ยาวเรียว ยาว ๑.๕-๒.๐ เซนติเมตร สีเขียวหรือน้ำเงินเหลือบทั้งตัว พบในทวีปยุโรปเฉพาะยุโรปทางตอนใต้ เช่น ประเทศสเปน ไม่พบตามธรรมชาติในประเทศไทย สามารถนำปีกคู่หน้ามาสกัดสารแคนทาริดิน ใช้ประโยชน์ทางการแพทย์.
แมลงวันหัวเขียว 0,น.,ชื่อแมลงหลายชนิดหลายสกุล ในวงศ์ Calliphoridae ลักษณะทั่วไปเหมือนแมลงวัน แต่ตัวโตกว่า ตาโตสีแดง อกและท้องสีเขียว หรือน้ำเงินเป็นมันวาว กินอาหารหลากหลาย ที่พบบ่อยตามบ้านเรือน คือ ชนิด Chrysomyia megacephala (Fabricius).
แมลงสีเสียด 0,น.,"ชื่อแมลงพวกมวนชนิด Sphaerodema rusticum (Fabricius) และ S. molestum (Dufour) ในวงศ์ Belostomatidae ลักษณะคล้ายแมลงดานาแต่ตัวเล็กกว่ามาก ลำตัวยาวประมาณ ๑.๕ เซนติเมตร ตัวอ่อนอยู่ในน้ำ กินแมลงหรือสัตว์น้ำขนาดเล็ก ตัวเต็มวัยมักบินเข้าหาแสงไฟ เพศเมียวางไข่บนหลังเพศผู้เป็นกลุ่มยึดติดกันด้วยสารเหนียว นำมาคั่วกับเกลือกินได้, แมลงดาสวน สีเสียด แมลงสีเสียด มวนหลังไข่ หรือ มวนก้าน ก็เรียก"
แมลงแสง 0,น.,"ชื่อแมลงพวกด้วงหลายชนิดหลายสกุล ในวงศ์ Lampyridae ลำตัวเป็นรูปทรงกระบอก ด้านปลายของส่วนท้องมีปล้องทำแสง ๒ ปล้องในเพศผู้ และ ๑ ปล้องในเพศเมีย โดยแสงเกิดจากสารลูซิเฟอรินทำปฏิกิริยากับออกซิเจน ความถี่และช่วงของแสงนั้นแตกต่างกันแล้วแต่ชนิด บางชนิดตัวเมียไม่มีปีก ที่พบมากตามแหล่งน้ำจืด เช่น ชนิด Luciola aquatilis Thaneharoen ที่พบตามป่าชายเลน เช่น ชนิด Pteroptyx malaccae (Gorham), ทิ้งถ่วง แมลงแสง หรือ แมลงไฟ ก็เรียก."
แมลบ 0,ก.,แลบ.
แม่ลาย 0,น.,ลายตอนที่เป็นประธานมีซํ้า ๆ กันเป็นแถวไป.
แม่เล้า 0,น.,"หญิงผู้เป็นหัวหน้าซ่องโสเภณี, ผู้หญิงผู้เป็นหัวหน้าควบคุมดูแลเลี้ยงหญิงสาวไว้บำเรอชาย."
แม่เลี้ยง 0,น.,เมียของพ่อแต่ไม่ใช่แม่ตัว
แม่เลี้ยง 1,น.,"หญิงผู้มีฐานะดีและได้รับความนับถือในสังคม, เมียของพ่อเลี้ยง."
แม้ว 0,น.,ชนชาวเขาพวกหนึ่งอยู่ทางเหนือของประเทศไทย เรียกตัวเองว่า ม้ง.
แมว 0,น.,ชื่อสัตว์เลี้ยงลูกด้วยนมชนิด Felis catus Linn. ในวงศ์ Felidae หัวกลมและสั้น มีเขี้ยว ๒ คู่ ขนยาวนุ่ม ตีนหน้ามี ๕ นิ้ว ตีนหลังมี ๔ นิ้ว ซ่อนเล็บได้ หางยาว สั้น หรือขอด มีหลายสี เช่น ดำ ขาว นํ้าตาล หรืออาจมีลายต่าง ๆ ส่วนใหญ่เลี้ยงไว้ตามบ้าน แมวไทยที่สวยงามและมีชื่อเสียงมากเช่น แมวสีสวาด แมววิเชียรมาศ
แมว 1,น.,"ชื่อหนึ่งของดาวฤกษ์มูลา มี ๙ ดวง, ดาวช้างน้อย ดาวมูล หรือ ดาวมูละ ก็เรียก."
แมว 2,น.,"ชื่อปลาทุกชนิดในสกุล Thryssa, Setipinna และชนิด Lycothrissa crocodilus (Bleeker) ในวงศ์ Engraulidae ลำตัวยาว แบนข้างมาก ปากกว้าง เชิดขึ้นมากน้อยแล้วแต่ชนิด ฟันแหลมคมคล้ายฟันแมว ตาอยู่ค่อนไปทางปลายจะงอยปาก เกล็ดเป็นแบบเรียบ ใหญ่และบาง ท้องเป็นสันแหลมมีเกล็ดแข็ง เรียงต่อกันคล้ายฟันเลื่อย ปลายครีบอกมักยื่นยาวเป็นเส้นคล้ายหนวดแมว ครีบก้นเป็นแผ่นยาว มีทั้งที่อยู่ในนํ้ากร่อย นํ้าทะเล และนํ้าจืด ขนาดยาวได้ถึง ๑๕-๓๐ เซนติเมตร."
แมวคราว 0,น.,แมวตัวผู้ที่แก่ รูปร่างใหญ่ หน้าตาดุน่ากลัว และมีหนวดยาว.
แมวเซา 0,น.,แมวมอง.
แมวเซา 1,น.,ดูใน แมว ๑.
แมวเซา 2,น.,ชื่องูพิษขนาดกลางชนิด Daboia russellii (Shaw) ในวงศ์ Viperidae หัวเป็นรูปสามเหลี่ยม ตัวอ้วนสั้นสีนํ้าตาลอมเทา มีลายแต้มสีนํ้าตาลเข้มขอบดำ เขี้ยวพิษยาว เมื่อถูกรบกวนมักทำเสียงขู่ฟู่ยาวคล้ายเสียงยางรถรั่ว อาศัยอยู่บนบก ออกหากินเวลากลางคืน กินกบ เขียด หนู นก และงูบางชนิด มีพิษรุนแรง.
แมวดาว 0,น.,ชื่อสัตว์เลี้ยงลูกด้วยนมชนิด Felis bengalensis Kerr ในวงศ์ Felidae ขนาดโตกว่าแมวบ้านเล็กน้อย ขนสั้นสีเหลือง มีจุดดำทั่วตัว ใต้ท้องสีขาว.
แมวน้ำ 0,น.,ชื่อสัตว์เลี้ยงลูกด้วยนม ในวงศ์ Phocidae ไม่มีใบหู และในวงศ์ Otaliidae มีใบหู ทั้ง ๒ วงศ์ รูปร่างอ้วนใหญ่ มีหนวดคล้ายแมว ขาคล้ายพาย คู่หน้าสั้น คู่หลังลู่ไปตามลำตัว ใช้ว่ายน้ำและคืบคลานหรือกลิ้งตัวไปตามพื้นได้ดี หางเป็นติ่ง อาศัยอยู่ตามชายฝั่งในเขตอบอุ่นหรือเขตหนาว กินปลาและสัตว์น้ำอื่น ๆ ชนิดที่แพร่หลาย คือ ชนิด Phoca vitulina (Linn.).
แมวป่า 0,น.,"ชื่อสัตว์เลี้ยงลูกด้วยนมชนิด Felis chaus Guldenstaedt ในวงศ์ Felidae ขนาดใหญ่กว่าแมวบ้าน สีนํ้าตาลอมเทาหรือนํ้าตาลอมเหลือง หูตั้งชัน มีพู่ขนสีดำที่ปลายหู, เสือกระต่าย หรือ เสือบอง ก็เรียก."
แมวมอง 0,น.,"กองทหารที่มีหน้าที่คอยเหตุ, แมวเซา ก็เรียก"
แมวมอง 1,น.,ผู้ที่คอยสังเกตหรือซุ่มดูว่ามีใครสวยหรือเล่นกีฬาเก่ง แล้วแนะนำให้วงการที่เกี่ยวข้องชักชวนมาเป็นดารา ประกวดความงาม หรือร่วมแข่งขันกีฬา เป็นต้น.
แม้วะ 0,สัน.,แม้ว่า.
แม้ว่า 0,สัน.,"ผิว่า, หากว่า, เช่น แม้ว่าจะไปด้วย ก็ตามใจ."
แม่วี 0,น.,คอกจับช้างขนาดเล็ก
แม่วี 1,น.,แม่ซื้อ.
แม่ศรี 0,น.,ชื่อการละเล่นสมัยโบราณอย่างหนึ่ง โดยเชิญผีแม่ศรีมาเข้าทรงหญิงสาว หญิงสาวที่ถูกผีเข้าทรงจะรำได้อย่างสวยงาม นิยมเล่นในเทศกาลสงกรานต์.
แม่สายบัวแต่งตัวค้าง 0,น.,ผู้หญิงที่แต่งตัวคอยผู้มารับออกนอกบ้าน แต่เขาไม่มาตามนัด.
แม่สี 0,น.,กลุ่มสีซึ่งสามารถผสมออกมาเป็นสีอื่น ๆ ได้ทุกสี มี ๕ สี คือ แดง เขียว (คราม) เหลือง ดำ ขาว เรียกว่า เบญจรงค์.
แม่สื่อ 0,น.,"หญิงที่ทำหน้าที่ชักนำเพื่อให้ชายหญิงได้แต่งงานกัน, บางทีเรียกว่า แม่สื่อแม่ชัก."
แม่สื่อแม่ชัก 0,น.,แม่สื่อ.
แม่สื่อแม่ชัก ไม่ได้เจ้าตัว เอาวัวพันหลัก 0,น.,หญิงที่ไปติดต่อระหว่างชายหญิง แต่ไม่สำเร็จในที่สุดก็ตกเป็นภรรยาของชายนั้นแทน.
แม่หญิงแม่หยัง 0,น.,ผู้หญิงที่ไม่เป็นกุลสตรี มักพูดเป็นกลอนว่า แม่หญิงแม่หยัง แม่กระชังก้นรั่ว แม่ยกครัวลงล่าง แม่ย่างม้าเหาะ แม่เดาะคันช่าง แม่นั่งภาวนา.
แม่หนัก 0,น.,ช้างพังที่เป็นหัวหน้าโขลง.
แม่หยั่วเมือง 0,น.,"คำเรียกพระสนมเอกครั้งโบราณ, เขียนว่า แม่ยั่วเมือง หรือ แม่อยั่วเมือง ก็มี."
แม่หินบด 0,น.,"แท่งหินสี่เหลี่ยมผืนผ้า มีร่องด้านข้างโดยรอบ สำหรับบดยา, คู่กับ ลูกหินบด."
แม่เหย้าแม่เรือน 0,น.,"หญิงผู้ปกครองบ้านเรือน, แม่เจ้าเรือน หรือ แม่เรือน ก็ว่า."
แม่เหล็ก 0,น.,แร่หรือโลหะที่มีสมบัติดูดเหล็กได้.
แม่อยั่วเมือง 0,น.,"คำเรียกพระสนมเอกครั้งโบราณ, เขียนว่า แม่ยั่วเมือง หรือ แม่หยั่วเมือง ก็มี."
แม่อยู่หัว 0,น.,คำเรียกพระมเหสี.
แมะ 0,ก.,"นั่งหรือวางของทิ้งไว้ชั่วคราว เช่น เอาไปแมะไว้, แหมะ ก็ว่า."
แมะ 1,ว.,"อาการที่นั่งหรือวางของทิ้งไว้ชั่วคราว เช่น พอเหนื่อยก็นั่งแมะตรงนี้เอง, แหมะ ก็ว่า."
โม่ 0,น.,เครื่องบดชนิดหนึ่งทำด้วยหิน รูปร่างคล้ายสีสีข้าว มี ๒ ส่วน ส่วนบนซึ่งเรียกว่าลูกโม่นั้น มีมือถือสำหรับหมุน และมีรูสำหรับกรอกเมล็ดพืช เมื่อหมุนลูกโม่จะบดเมล็ดพืชให้ละเอียดและไหลลงสู่ส่วนล่างซึ่งมีลักษณะเป็นรางสำหรับรองรับอยู่เกือบรอบลูกโม่ ด้านหนึ่งของส่วนล่างมีช่องเปิดให้สิ่งที่โม่แล้วไหลลงสู่ภาชนะที่รองรับได้.
โม่ 1,ก.,บดให้ละเอียดด้วยโม่.
โม้ 0,ว.,"โว, พูดเกินความจริง."
โม้ ๆ 0,ว.,เสียงอย่างเสียงเรียกสุนัขมากินข้าว.
โมก 0,น.,"ชื่อไม้ต้นชนิด Wrightia religiosa Benth. ex Kurz ในวงศ์ Apocynaceae ดอกสีขาวออกเป็นช่อห้อยลง กลิ่นหอม ปลูกเป็นไม้ประดับ, โมกบ้าน ก็เรียก."
โมกข- 0,น.,"ความหลุดพ้น, นิพพาน."
โมกข์ 0,น.,"ความหลุดพ้น, นิพพาน."
โมกข์ 1,ว.,"หัวหน้า, ประธาน."
โมกขบริสุทธิ์ 0,น.,การที่พระจันทร์พ้นจากเงาโลกโดยสิ้นเชิง เมื่อมีจันทรุปราคา.
โมกเครือ 0,น.,"ชื่อไม้เถาหรือไม้พุ่มรอเลื้อยชนิด Aganosma marginata G. Don ในวงศ์ Apocynaceae ดอกสีขาว กลิ่นหอม, โมกเครือ ก็เรียก."
โมกเครือ 1,น.,"ชื่อไม้ต้นชนิด Wrightia religiosa Benth. ex Kurz ในวงศ์ Apocynaceae ดอกสีขาวออกเป็นช่อห้อยลง กลิ่นหอม ปลูกเป็นไม้ประดับ, โมกบ้าน ก็เรียก."
โมกเครือ 2,น.,"ชื่อไม้เถาชนิด Aganosma marginata (Roxb.) G. Don ในวงศ์ Apocynaceae ใบเป็นมัน ออกตรงข้ามกันเป็นคู่ ๆ ดอกสีขาว ผลเป็นฝักคู่, โมกเครือ ก็เรียก."
โมกโคก 0,ว.,มีสัณฐานใหญ่และนูน (มักใช้แก่หน้าผาก).
โมกบ้าน 0,น.,"ชื่อไม้ต้นชนิด Wrightia religiosa Benth. ex Kurz ในวงศ์ Apocynaceae ดอกสีขาวออกเป็นช่อห้อยลง กลิ่นหอม ปลูกเป็นไม้ประดับ, โมกบ้าน ก็เรียก."
โมกมัน 0,น.,"ชื่อไม้ต้นชนิด Wrightia arborea (Dennst.) Mabb. ในวงศ์ Apocynaceae เนื้อไม้สีขาวละเอียด ใช้ฝังประดับในเนื้อไม้อื่นเป็นลวดลาย และทำสิ่งอื่น ๆ เช่น พาย, มูกมัน ก็เรียก."
โมกราชินี 0,น.,ชื่อไม้ต้นขนาดเล็กชนิด Wrightia sirikitiae D.J. Middleton et Santisuk ในวงศ์ Apocynaceae ดอกสีขาว ผลเป็นฝักคู่สีน้ำตาล พบบริเวณเขาหินปูน ตั้งชื่อวิทยาศาสตร์เพื่อเทิดพระเกียรติสมเด็จพระนางเจ้าสิริกิติ์ พระบรมราชินีนาถ.
โมกษ- 0,น.,"ความหลุดพ้น, นิพพาน."
โมกษะ 0,น.,"ความหลุดพ้น, นิพพาน."
โมกษะพยาน 0,น.,พยานที่พ้นแล้ว ได้แก่ พระภิกษุหรือสามเณรในพระพุทธศาสนา ซึ่งไม่จำต้องไปศาลตามหมายเรียก และแม้มาเป็นพยานก็ไม่ต้องสาบานตนก่อนเบิกความ และจะไม่ยอมเบิกความหรือตอบคำถามใด ๆ ก็ได้.
โมกใหญ่ 0,น.,"ชื่อไม้ต้นชนิด Holarrhena pubescens Wall. ex G. Don ในวงศ์ Apocynaceae ดอกสีขาว กลิ่นหอม เปลือกใช้ทำยาได้, มวกใหญ่ หรือ มูกหลวง ก็เรียก."
โมฆ- 0,ว.,"เปล่า, ว่าง"
โมฆ- 1,ว.,"ไม่มีประโยชน์, ไม่มีผล, เช่น สัญญาเป็นโมฆะ"
โมฆ- 2,ว.,เสียเปล่า ไม่มีผลบังคับหรือผูกพันตามกฎหมาย.
โมฆกรรม 0,น.,"นิติกรรมที่เสียเปล่า ไม่มีผลบังคับหรือผูกพันตามกฎหมาย, กฎหมายเขียนเป็น โมฆะกรรม."
โมฆสัญญา 0,น.,สัญญาที่ไม่มีผลบังคับ.
โมฆะ 0,ว.,"เปล่า, ว่าง"
โมฆะ 1,ว.,"ไม่มีประโยชน์, ไม่มีผล, เช่น สัญญาเป็นโมฆะ"
โมฆะ 2,ว.,เสียเปล่า ไม่มีผลบังคับหรือผูกพันตามกฎหมาย.
โมฆีย- 0,ว.,ที่อาจเป็นโมฆะได้เมื่อมีการบอกล้าง หรือมีผลสมบูรณ์เมื่อมีการให้สัตยาบัน.
โมฆียกรรม 0,น.,"นิติกรรมซึ่งอาจบอกล้าง เพิกถอน หรือให้สัตยาบันได้ ถ้าบอกล้างก็เป็นโมฆะมาแต่เริ่มแรก ถ้าให้สัตยาบันก็มีผลสมบูรณ์มาแต่เริ่มแรก, กฎหมายเขียนเป็น โมฆียะกรรม."
โมฆียะ 0,ว.,ที่อาจเป็นโมฆะได้เมื่อมีการบอกล้าง หรือมีผลสมบูรณ์เมื่อมีการให้สัตยาบัน.
โม่ง 0,ว.,"หัวหรือท้ายโตผิดส่วน, ใหญ่โตผิดธรรมดา, เช่น ปลาหัวโม่ง, เรียกผู้ที่เอาผ้าคลุมหัวในการเล่นของเด็กว่า อ้ายโม่ง, โดยปริยายหมายถึงคนที่คลุมหัวปิดหน้าเพื่อไม่ให้คนจำหน้าได้."
โมง 0,น.,"วิธีนับเวลาตามประเพณีในเวลากลางวัน, ถ้าเป็นเวลาก่อนเที่ยงวัน ตั้งแต่ ๗ นาฬิกา ถึง ๑๑ นาฬิกา เรียกว่า โมงเช้า ถึง ๕ โมงเช้า, ถ้าเป็น ๑๒ นาฬิกา นิยมเรียกว่า เที่ยงวัน, ถ้าหลังเที่ยงวัน ตั้งแต่ ๑๓ นาฬิกา ถึง ๑๗ นาฬิกา เรียกว่า บ่ายโมง ถึง บ่าย ๕ โมง, ถ้า ๑๘ นาฬิกา นิยมเรียกว่า ๖ โมงเย็น หรือ ยํ่าคํ่า."
โมง 1,น.,ต้นไม้ชนิดหนึ่งอยู่ตามป่า ใช้นํ้าเปลือกแช่ปูนขาวทำให้ปูนแข็ง.
โมงครุ่ม 0,น.,"การมหรสพอย่างหนึ่งของหลวง ที่แสดงในงานพระราชพิธีสมโภช เช่นพระราชพิธีโสกันต์, โบราณเรียก หม่งครุ่ม."
โม่งโค่ง 0,ว.,"ใหญ่โตเกะกะ, ใหญ่โตไม่สมรูป, เช่น รูปร่างโม่งโค่ง."
โมจน- 0,น.,"การเปลื้อง, การปลด, การปล่อย."
โมทนา 0,ก.,"บันเทิง, ยินดี, พลอยยินดี."
โมทนา 1,ก.,"พลอยบันเทิง, พลอยยินดี. (ตัดมาจาก อนุโมทนา)."
โมนะ 0,น.,"ความนิ่ง, ความสงบ."
โมโนแซ็กคาไรด์ 0,น.,"สารประกอบคาร์โบ-ไฮเดรตจำพวกนํ้าตาล ส่วนมากเป็นพวกที่มีสูตรโมเลกุล C_6H_12O_6 (hexoses) หรือ C_5H_10O_5 (pentoses), มอโนแซ็กคาไรด์ ก็ว่า."
โมไนย 0,น.,"ความเป็นปราชญ์, คุณธรรมของนักปราชญ์."
โมมูห์ 0,ว.,"หลงใหล, โง่เขลา."
โมมูหะ 0,ว.,"หลงใหล, โง่เขลา."
โมเม 0,ก.,"ทึกทักเอา เช่น โมเมว่าเขาชอบตน, รวบรัดตัดความ เช่น โมเมสรุป."
โมเม 1,ว.,ไม่สมเหตุสมผล.
โมเมนต์ 0,น.,"เรียกอาการที่วัตถุหมุนรอบจุดหนึ่งที่ตรึงอยู่กับที่ว่าเกิดโมเมนต์ขึ้นที่วัตถุนั้น, ทางวิทยาศาสตร์กำหนดว่า โมเมนต์ของแรงใดแรงหนึ่งรอบจุดใดจุดหนึ่งซึ่งตรึงอยู่กับที่ ก็คือผลคูณระหว่างแรงนั้นกับระยะทางที่ลากจากจุดนั้นไปตั้งฉากกับแนวทิศของแรงนั้น."
โมเย 0,ว.,ขี้เมา.
โมร- 0,น.,นกยูง.
โมรกลาป 0,น.,แพนหางนกยูง.
โมรา 0,น.,หินลายชนิดหนึ่ง นับเข้าในพวกหินมีค่า.
โมรี 0,น.,นกยูงตัวเมีย.
โมรี 1,น.,ผ้าชนิดหนึ่ง เช่น ผ้าแดงโมรีสิบพับ (ราชาธิราช).
โมเรส 0,น.,นกยูง.
โมลิบดีนัม 0,น.,ธาตุลำดับที่ ๔๒ สัญลักษณ์ Mo เป็นโลหะ ลักษณะเป็นของแข็งสีขาว หลอมละลายที่ ๒๖๑๐ °ซ. ใช้ประโยชน์นำไปผสมกับโลหะอื่นให้เป็นโลหะเจือ และใช้ทำเหล็กกล้า.
โมลี 0,น.,เมาลี.
โมเลกุล 0,น.,"ส่วนที่เล็กที่สุดของสารซึ่งสามารถดำรงอยู่ได้ตามลำพัง และทั้งยังคงรักษาสมบัติต่าง ๆ ของสารนั้นไว้ได้ด้วย โมเลกุลประกอบด้วยอะตอมของธาตุ, เดิมเรียกว่า อณู."
โมษกะ 0,น.,"โจร, ขโมย."
โมษณะ 0,น.,"การปล้น, การขโมย."
โมษะ 0,น.,"โจร, ขโมย."
โมเสก 0,น.,เรียกเครื่องเคลือบดินเผาแผ่นเล็ก ๆ มีสีต่าง ๆ สำหรับปูพื้นหรือบุผนัง.
โมเสส 0,น.,ชื่อศาสดาแห่งศาสนายิวหรือยูดาย.
โมห- 0,น.,"ความหลง, ความเขลา, ความโง่, ที่ใช้ว่า โม่ห์ หรือ เมาห์ ก็มี."
โม่ห์ 0,น.,โมหะ.
โมหะ 0,น.,"ความหลง, ความเขลา, ความโง่, ที่ใช้ว่า โม่ห์ หรือ เมาห์ ก็มี."
โมหันธ์ 0,น.,ความมืดมนด้วยความหลง.
โมหาคติ 0,น.,ความลำเอียงเพราะความเขลา เป็นอคติ ๑ ในอคติ ๔ ได้แก่ ฉันทาคติ โทสาคติ ภยาคติ และโมหาคติ.
โมโห 0,ก.,โกรธ.
โม่ะ 0,ว.,เสียงอย่างเสียงเรียกสุนัขมากินข้าว.
ไม่ 0,ว.,"มิ, คำปฏิเสธความหมายของคำที่อยู่ถัดไป เช่น ไม่กิน ไม่ดี, ถ้าอยู่ท้ายคำ ต้องมีคำ หา อยู่หน้า เช่น หากินไม่."
ไม้ 0,น.,"คำรวมเรียกพืชทั่วไป โดยปรกติมีราก ลำต้น กิ่ง ก้าน และใบ, เรียกเนื้อของต้นไม้ที่ใช้ทำสิ่งของต่าง ๆ มีลักษณะเป็นท่อน แผ่น หรือดุ้น เป็นต้น, คำประกอบหน้าสิ่งของบางอย่างที่มีลักษณะยาวซึ่งทำด้วยไม้หรือเดิมทำด้วยไม้ เช่น ไม้กวาด ไม้พาย ไม้เท้า ไม้จิ้มฟัน, คำนำหน้าบอกประเภทต้นไม้ เช่น ไม้ยาง ไม้ดำ ไม้แดง, ท่ารำและท่าตีกระบี่กระบองท่าหนึ่ง ๆ เรียกว่า ไม้หนึ่ง ๆ, โดยปริยายหมายความว่า ท่าที เช่น เขาจะมาไม้ไหน, ลักษณนามเรียกของเช่นปลาย่างที่เสียบไม้เรียงเป็นตับว่า ปลาไม้หนึ่ง ปลา ๒ ไม้, เรียกผ้าที่ม้วนโดยมีไม้อยู่ข้างใน ว่า ผ้าไม้หนึ่ง ผ้า ๒ ไม้"
ไม้ 1,น.,เรียกลักษณะของสถาปัตยกรรมและศิลปกรรมไทยที่ย่อตรงมุมของฐาน แท่น เสา หรือเครื่องยอด เป็นมุมเล็ก ๆ มุมละ ๓ มุม รวม ๔ มุมใหญ่ ได้ ๑๒ มุมเล็ก ว่า ย่อไม้สิบสอง หรือ ย่อมุมไม้สิบสอง แม้ย่อมากกว่ามุมละ ๓ ก็ยังเรียกว่า ย่อไม้สิบสอง หรือ ย่อมุมไม้สิบสอง.
ไม้ 2,น.,"ชื่อเครื่องหมายกำกับตัวอักษร เพื่อบอกระดับเสียง เช่น เรียกว่า ไม้จัตวา, เพื่อบอกชนิดสระ เช่น ไ เรียกว่า ไม้มลาย, เพื่อให้อ่านซํ้า คือ ๆ เรียกว่า ไม้ยมก, หรือเพื่อไม่ให้ออกเสียงอ่าน คือเรียกว่า ไม้ทัณฑฆาต."
ไม้กง 0,น.,"ไม้สำหรับดีดฝ้าย มีรูปเหมือนคันธนู, กง หรือ ไม้กงดีดฝ้าย ก็ว่า."
ไม้กระดก 0,น.,เครื่องเล่นสำหรับเด็กอย่างหนึ่ง เป็นแผ่นไม้กระดานระหว่างกึ่งกลางความยาวของไม้มีขาซึ่งตรึงติดกับแผ่นไม้ ผู้เล่นนั่งที่ปลายไม้ทั้ง ๒ ข้าง ผลัดกันกระดกไม้กระดานให้ขึ้นลง.
ไม้กระดาน 0,น.,"ไม้ซุงที่เลื่อยออกเป็นแผ่น ๆ สำหรับปูพื้นหรือทำฝาเรือนเป็นต้น, ถ้าใช้ปูพื้น เรียกว่า กระดานพื้น, ถ้าใช้ทำฝา เรียกว่า ไม้ฝา, เรียกเรือนไม้จริงที่ฝาทำด้วยไม้กระดานว่า เรือนฝากระดาน."
ไม้กระถาง 0,น.,ดอกไม้เพลิงชนิดหนึ่ง ใส่ในกระถาง ลำต้นเป็นต้นไม้แห้งผูกดอกไม้เพลิงชนิดต่าง ๆ เช่น จู้จี้ นกบิน ฝอยทอง ล่ามชนวนให้ต่อกัน เวลาจุดจะแตกเป็นระยะ ๆ
ไม้กระถาง 1,น.,ดอกไม้กระถางเล็ก ๆ ใช้ไม้โสนทำ สำหรับถวายพระในเวลาเข้าพรรษา.
ไม้กระบอง 0,น.,ไม้สั้นสำหรับใช้ตี มีรูปกลมบ้าง เหลี่ยมบ้าง คล้ายพลอง แต่สั้นกว่า.
ไม้กลัด 0,น.,สิ่งที่มีปลายแหลม ๒ ข้าง โดยมากทำด้วยไม้ไผ่เหลาเล็ก ๆ หรือก้านมะพร้าว ตัดเป็นท่อนสั้น ๆ สำหรับใช้แทงขัดกระทงหรือใบตองที่ห่อขนมเป็นต้น
ไม้กลัด 1,น.,ไม้ไผ่เหลาเป็นอันเล็ก ๆ ปลายเรียวโคนใหญ่ ใช้ขัดมุ่นผมจุกเด็ก.
ไม้กวาด 0,น.,สิ่งที่ใช้ปัดกวาด ทำด้วยวัสดุต่าง ๆ อย่างก้านใบมะพร้าว ช่อดอกของต้นหญ้าบางชนิดเป็นต้น มัดเป็นกำ ๆ.
ไมกา 0,น.,"แร่ประเภทซิลิเกต มีหลายชนิด ชนิดที่สำคัญที่สุด ได้แก่ แร่มัสโคไวต์ มีสูตร KAl_3Si_3O_10(OH)_2 และแร่โฟลโกไพต์ มีสูตร KMg_3AlSi_3O_10(OH)_2 ลักษณะผิวเป็นมันวาว ลอกออกได้เป็นแผ่นบางโปร่งแสง ทนความร้อนได้ดี ใช้ประโยชน์เป็นฉนวนความร้อน ทำอุปกรณ์ไฟฟ้าเป็นต้น, แร่กลีบหิน ก็เรียก."
ไม้กากบาท 0,น.,เครื่องหมายรูปดังนี้ + หรือดังนี้ x.
ไม้กางเขน 0,น.,วัตถุเป็นรูปเหมือนคนยืนกางแขน ทำด้วยไม้หรือโลหะเป็นต้น เป็นเครื่องหมายคริสต์ศาสนา.
ไม้กำมะลอ 0,น.,ไม้เนื้ออ่อนที่ไม่ใช่ไม้แก่น เช่น ไม้ฉำฉา ไม้จามจุรี
ไม้กำมะลอ 1,น.,ไม้ดัดแบบหนึ่งที่มีหุ่นวนเวียนลงพื้นดินโดยไม่กลับหุ่นขึ้น.
ไม่กี่น้ำ 0,ว.,"ไม่ช้า, ไม่นาน, ไม่เท่าไร, เช่น เก่งไปได้ไม่กี่น้ำหรอก."
ไม่กี่อัฐ 0,น.,ราคาถูก เช่น ของนี้ราคาไม่กี่อัฐ.
ไม่กี่อัฐฬส 0,น.,ราคาถูก เช่น ของนี้ราคาไม่กี่อัฐ.
ไม้เกาหลัง 0,น.,"ไม้ด้ามยาว ปลายด้านหนึ่งมักทำเป็นรูปมือ สำหรับใช้เกาหลัง, ราชาศัพท์ ใช้ว่า ฉลองได สนองได หรือ นารายณ์หัตถ์."
ไม้ใกล้ฝั่ง 0,ว.,แก่ใกล้จะตาย.
ไม่ใกล้ไม่ไกล 0,ว.,ใกล้ เช่น บ้านฉันอยู่ไม่ใกล้ไม่ไกลจากที่นี่
ไม่ใกล้ไม่ไกล 1,ว.,กันเอง เช่น คนไม่ใกล้ไม่ไกล.
ไม้ขบวน 0,น.,ไม้ดัดแบบหนึ่งที่มีหุ่นตรง แล้วดัดวนเวียนอย่างใดก็ได้ แต่เมื่อวนถึงยอดแล้ว ยอดต้องชี้ตรงกับลำต้นพอดี.
ไม้ขัดหม้อ 0,น.,ไม้ทำเป็นชิ้นบาง ๆ ยาวประมาณ ๑ ศอก ใช้สอดขัดที่หูและฝาหม้ออะลูมิเนียมในเวลาเช็ดน้ำข้าว.
ไม้ขาเขียด 0,น.,ไม้เรียวที่ปลายแตกแยกออกเป็น ๒ แฉก.
ไม้ข้างควาย 0,น.,ไม้ขนาบสันหลังคา ๒ ข้างจากหลบมีไม้เสียบหนูกลัดยึดให้แน่น.
ไม้ขี้ฉ้อ 0,น.,ไม้เรียวที่ปลายแตกแยกเป็น ๒ แฉก ที่เรียกว่า ไม้ขี้ฉ้อ เพราะตีครั้งเดียวได้ ๒ แนว เท่ากับตี ๒ ครั้ง.
ไม้ขีดไฟ 0,น.,เครื่องขีดไฟชนิดหนึ่งซึ่งใช้ก้านไม้หรือก้านกระดาษชุบปลายข้างหนึ่งด้วยสารเคมีบางอย่างให้เป็นตุ่ม เรียกว่า หัวไม้ขีด มี ๒ ชนิด ชนิดหนึ่งใช้ขีดกับผิวที่ฉาบด้วยสารเคมีซึ่งมีฟอสฟอรัสแดงเป็นองค์ประกอบสำคัญทำให้เกิดไฟขึ้น อีกชนิดหนึ่งใช้ขีดกับผิวขรุขระทำให้เกิดไฟขึ้น.
ไม้เขน 0,น.,ไม้ดัดแบบหนึ่งที่มีกิ่งชี้ไปในทิศทางต่าง ๆ กัน ๓ ทาง.
ไม่เข้าการ 0,ว.,"ไม่เป็นประโยชน์, ไม่มีสาระ."
ไม่เข้าแก๊ป 0,ว.,"ไม่แนบเนียน, ไม่รัดกุม."
ไม่เข้าใครออกใคร 0,ก.,"ไม่เข้าข้างฝ่ายใดฝ่ายหนึ่ง, เป็นกลาง, คงความเป็นตัวของตัวเอง, ไม่เห็นแก่หน้าใคร, เช่น เขาตัดสินไม่เข้าใครออกใคร ปืนไม่เข้าใครออกใคร."
ไม่เข้าท่า 0,ว.,"ไม่แนบเนียน, ไม่รัดกุม."
ไม่เข้ายา 0,ว.,"ไม่ได้เรื่อง, ไม่ได้ความ."
ไม้แข็ง 0,น.,"ไม้ตีระนาดมี ๒ ส่วน ส่วนที่ใช้มือถือทำด้วยไม้ไผ่เหลากลม ตอนปลายที่ใช้ตีพอกด้วยผ้าชุบยางรักเมื่อตีจะมีเสียงกังวาน ใช้เฉพาะระนาดเอก, โดยปริยายหมายความว่า วิธีการเฉียบขาด, อำนาจเด็ดขาด, เช่น เด็กคนนี้ต้องใช้ไม้แข็งจึงจะปราบอยู่."
ไม้คมแฝก 0,น.,อาวุธชนิดหนึ่ง ทำด้วยไม้เนื้อแข็ง ลักษณะเป็นท่อนยาวประมาณ ๑ ศอก ปลายหน้าตัดมีลักษณะเป็นเหลี่ยมอย่างขนมเปียกปูน ด้านมือจับจะลบเหลี่ยมออกและมีเชือกร้อยสำหรับคล้องข้อมือจับ.
ไมครอน 0,น.,"หน่วยวัดความยาว ๑ ไมครอนมีค่าเท่ากับ ๑ ใน ๑,๐๐๐,๐๐๐ ของ ๑ เมตร หรือเท่ากับ ๑๐,๐๐๐ อังสตรอม ใช้สัญลักษณ์ µm, ไมโครเมตร ก็เรียก."
ไม้ควักปูน 0,น.,ไม้หรือโลหะที่ทำรูปร่างคล้ายพายแต่เล็กมาก สำหรับควักปูนในเต้ามาป้ายพลู.
ไม้ควักหู 0,น.,เครื่องมือชนิดหนึ่งทำด้วยโลหะหรืองาเป็นต้น ปลายโค้งหรืองอคล้ายจวัก สำหรับแคะและควักขี้หู.
ไม้ค้อน 0,น.,ไม้ที่ทำจากเหง้าไม้ไผ่ ใช้ตีระฆังเป็นต้น
ไม้ค้อน 1,น.,"เครื่องมือโลหะรูปร่างคล้ายตะลุมพุก แต่เล็กกว่ามาก สำหรับตีทองคำให้เป็นแผ่นทองคำเปลว, เครื่องมือทำด้วยไม้รูปร่างคล้ายตะลุมพุก สำหรับเคาะกระดาษสาเป็นต้นให้เป็นแผ่นเพื่อใช้เป็นใบซับทองคำเปลว."
ไม่ค่อย 0,ว.,"ไม่ถึงกับ, ไม่ถึงขนาดนั้น, เช่น ไม่ค่อยดำ ไม่ใคร่ดี."
ไม้คอสอง 0,น.,ไม้กำกับปลายเสาเรือนอยู่ถัดจากอเสลงมา.
ไม้คาน 0,น.,ไม้สำหรับหาบหรือหามสิ่งของต่าง ๆ.
ไม้คาบ 0,น.,ไม้สำหรับบีบนวดงวงตาล.
ไม้ค้ำโพธิ์ 0,น.,ไม้สำหรับค้ำกิ่งโพธิ์ ทำด้วยไม้จริงหรือไม้ไผ่ ปลายมีง่าม นิยมหุ้มผ้าแดงและผ้าขาว.
ไม่คิดไม่ฝัน 0,ก.,"นึกไม่ถึง, เกินคาด, เช่น ไม่คิดไม่ฝันว่าจะถูกสลากกินแบ่งรางวัลที่ ๑."
ไม้คิว 0,น.,ไม้ที่ใช้แทงลูกกลมสีต่าง ๆ ในกีฬาบิลเลียดหรือสนุกเกอร์.
ไม้แคะหู 0,น.,เครื่องมือชนิดหนึ่งทำด้วยโลหะหรืองาเป็นต้น ปลายโค้งหรืองอคล้ายจวัก สำหรับแคะและควักขี้หู.
ไมโครกรัม 0,น.,"หน่วยวัดนํ้าหนัก ๑ ไมโครกรัม มีค่าเท่ากับ ๑ ใน ๑,๐๐๐,๐๐๐ ของ ๑ กรัม ใช้สัญลักษณ์ µg."
ไมโครฟิล์ม 0,น.,ฟิล์มถ่ายรูปขนาดเล็กมากใช้สำหรับถ่ายบันทึกภาพของสิ่งต่าง ๆ ให้มีขนาดย่อส่วนลงมาก ๆ เพื่อสะดวกแก่การเก็บรักษาไว้ และสามารถนำมาฉายเป็นภาพนิ่งขนาดขยายบนจอได้.
ไมโครโฟน 0,น.,"เครื่องที่ใช้สำหรับขยายเสียงให้ดังขึ้น, เครื่องที่ใช้สำหรับเปลี่ยนคลื่นเสียงให้เป็นคลื่นแม่เหล็กไฟฟ้า เช่นในการส่งวิทยุ โทรศัพท์, มักเรียกกันสั้น ๆ ว่า ไมค์."
ไมโครมิเตอร์ 0,น.,เครื่องมือที่ใช้สำหรับวัดระยะที่สั้นมาก และวัดมุมขนาดเล็กให้ได้ผลอย่างละเอียด.
ไมโครเมตร 0,น.,ไมครอน.
ไมโครลิตร 0,น.,"หน่วยวัดปริมาตร ๑ ไมโครลิตร มีค่าเท่ากับ ๑ ใน ๑,๐๐๐,๐๐๐ ของ ๑ ลิตร."
ไมโครเวฟ 0,น.,"คลื่นแม่เหล็กไฟฟ้าที่มีความยาวช่วงคลื่นสั้นมาก, เรียกเตาอบที่ใช้ไมโครเวฟทำให้ร้อน ว่า เตาไมโครเวฟ."
ไม่ใคร่ 0,ว.,"ไม่ถึงกับ, ไม่ถึงขนาดนั้น, เช่น ไม่ค่อยดำ ไม่ใคร่ดี."
ไม้งก 0,น.,ไม้รูปคล้ายตะลุมพุกสำหรับควาญท้ายตีช้างเมื่อต้องการให้ช้างไปเร็ว.
ไม้งามกระรอกเจาะ 0,น.,หญิงสวยที่ไม่บริสุทธิ์.
ไม้จริง 0,น.,คำรวมเรียกไม้ต่าง ๆ ที่มีเนื้อแข็ง เว้นไม้ไผ่.
ไม้จัตวา 0,น.,เครื่องหมายวรรณยุกต์ รูปดังนี้ บอกเสียงสูงสุดใน ๕ เสียง.
ไม้จั่วไพ่ 0,น.,ไม้ที่ใช้ช่วยในการเปิดไพ่หรือลากไพ่จากในกองออกมาจั่ว ในการเล่นไพ่ตอง.
ไม้จำปา 0,น.,"ลำไม้ไผ่ที่จักปลายด้านหนึ่งเป็น ๔-๕ แฉก แล้วใส่กะลาลงไปเพื่อให้ปลายบาน, ใช้สอยผลไม้, ถ้าเอามะพร้าวลูกเล็ก ๆ ใส่ลงไปแล้วมีชิ้นไม้ขัดทแยงสกัดลูกมะพร้าวไว้ใช้สำหรับขุดดินจากหลุมที่ขุดไว้ลึกประมาณ ๑ แขน."
ไม้จิ้มฟัน 0,น.,ไม้ชิ้นเล็ก ๆ ปลายแหลม ใช้แคะเศษอาหารในซอกฟัน.
ไม้ฉาก 0,น.,เครื่องมือเขียนแบบก่อสร้าง ชุดหนึ่งมี ๓ อัน อันหนึ่งมีรูปอย่างพยัญชนะรูป T อันหนึ่งเป็นรูปสามเหลี่ยมมุมฉาก ที่มุมหนึ่งมี ๙๐° อีก ๒ มุม มุมละ ๔๕° และอันหนึ่งเป็นรูปสามเหลี่ยมมุมฉาก ที่มุมหนึ่งมี ๙๐° อีก ๒ มุม มุมหนึ่งมี ๖๐° กับอีกมุมหนึ่ง ๓๐°
ไม้ฉาก 1,น.,ไม้ดัดแบบหนึ่งซึ่งดัดลำต้นและกิ่งให้เป็นมุมฉาก.
ไม่ชอบมาพากล 0,ว.,"ไม่น่าไว้วางใจ, ไม่เข้าที."
ไม่เชิง 0,ว.,ไม่เป็นอย่างใดอย่างหนึ่งโดยแน่นอน เช่น จะว่าขี้เกียจก็ไม่เชิง.
ไม่ใช่ขี้ไก่ 0,ว.,"ไม่เลว, มีอะไรดีเหมือนกัน ดูหมิ่นไม่ได้."
ไม่ใช่เล่น 0,ว.,"เก่ง, พิเศษกว่าธรรมดา, เช่น ฝีปากไม่ใช่เล่น เด็กคนนี้ซนไม่ใช่เล่น."
ไม้ซาง 0,น.,ไม้ไผ่ลำเล็ก ๆ เนื้อบาง ลำปล้องโต เส้นผ่าศูนย์กลางประมาณ ๐.๕-๑ เซนติเมตร มีช่วงลำปล้องยาวประมาณ ๗๐-๙๐ เซนติเมตร ใช้ทำเป็นลำกล้องเป่าลูกดอกหรือลูกดินเหนียวปั้นกลมเป็นต้น.
ไม้ซุง 0,น.,ต้นไม้ขนาดใหญ่ที่ตัดเป็นท่อน ๆ ก่อนแปรรูป.
ไม้ญี่ปุ่น 0,น.,ไม้ดัดแบบหนึ่งที่มีหุ่นย่อมาจากธรรมชาติของต้นไม้ในป่าไม่มีการแต่งช่อหรือพุ่มใบ.
ไม้ดอก 0,น.,ไม้ที่ปลูกไว้ดูดอก.
ไม้ดัด 0,น.,พรรณไม้ใหญ่ นิยมปลูกในกระถางและดัดกิ่งให้เป็นรูปต่าง ๆ ตามที่ต้องการ.
ไม้ดำ 0,น.,ชื่อไม้ต้นชนิด Diospyros brandisiana Kurz ในวงศ์ Ebenaceae เนื้อไม้แข็ง สีดำ ใช้ทำเครื่องเรือน.
ไม้ดำไม้แดง 0,น.,"เครื่องเล่นการพนันอย่างหนึ่ง ใช้ไม้ ๓ อัน ทาสีดำ สีแดง และสีขาว เจ้ามือกำไม้ทั้ง ๓ อันไว้ แล้วใช้ความไวปัดไม้อันหนึ่งลงในกล่อง ให้ลูกค้าแทงสี ถ้าแทงผิดเจ้ามือกิน, ปลาดำปลาแดง หรือ อีดำอีแดง ก็เรียก."
ไม่ดูเงาหัว 0,ก.,ไม่รู้จักประมาณตน.
ไม่ดูตาม้าตาเรือ 0,ก.,ไม่พิจารณาให้รอบคอบ.
ไม้เด็ด 0,น.,"ท่าสำคัญในการต่อสู้กระบี่กระบองหรือมวยซึ่งทำให้ฝ่ายปรปักษ์ไม่สามารถจะสู้ได้อีก, ตรงข้ามกับ ไม้เป็น, โดยปริยายหมายถึงวิธีการที่จะเอาชนะศัตรูได้ เช่น เขาใช้ไม้ตาย เขามีไม้ตาย."
ไม่เดียงสา 0,ว.,"ไม่รู้ประสา, ไม่รู้ผิดรู้ชอบตามปรกติสามัญ, เช่น เด็กยังไม่เดียงสา."
ไม้แดง 0,น.,ชื่อไม้ต้นชนิด Xylia xylocarpa (Roxb.) W. Theob. ในวงศ์ Leguminosae เนื้อไม้แข็ง สีแดง ใช้ในการก่อสร้าง.
ไม่ได้ความ 0,ว.,"ไม่ได้เรื่อง, ไม่ได้การ, เช่น พูดไม่ได้ความ, ไม่ดี, ใช้การไม่ได้, เช่น ของไม่ได้ความ."
ไม่ได้เบี้ยออกข้าว 0,ว.,"ไม่มีส่วนได้อะไรด้วยเลย, ไม่มีส่วนได้อะไรด้วยแล้วยังต้องเสียผลประโยชน์ไปอีก."
ไม่ได้เบี้ยเอาข้าว 0,ว.,"ไม่ได้อย่างหนึ่งก็ต้องเอาอีกอย่างหนึ่ง, ไม่ยอมกลับมือเปล่า."
ไม่ได้ไม่เสีย 0,ว.,"เสมอตัว, เท่าทุน."
ไม่ได้เรื่อง 0,ว.,"ถือเป็นเรื่องเป็นราวไม่ได้, ถือเป็นสาระไม่ได้."
ไม่ได้เรื่องได้ราว 0,ว.,"ถือเป็นเรื่องเป็นราวไม่ได้, ถือเป็นสาระไม่ได้."
ไม่ได้ศัพท์ 0,ว.,"ไม่ได้เรื่อง, ไม่ได้ความ, เลอะเทอะเอาเป็นหลักไม่ได้, เช่น พูดเลอะหลงไหลไม่ได้ศัพท์ (สังข์ทอง)."
ไม่ได้สิบ 0,ก.,งงจนคิดอะไรไม่ออกหรือทำอะไรไม่ถูก เช่น ท้าวสามนต์เสียใจไม่ได้สิบ (สังข์ทอง).
ไม้ต้น 0,น.,ไม้ยืนต้น.
ไมตรี 0,น.,"ความเป็นเพื่อน, ความหวังดีต่อกัน."
ไม้ตรี 0,น.,เครื่องหมายวรรณยุกต์ รูปดังนี้ .
ไม้ตลก 0,น.,ไม้ดัดแบบหนึ่งที่มีหัวโต เอารากมาทำเป็นต้นไม้ดัด มีรูปทรงคดงอไม่เข้ารูปใด ๆ มีรากโผล่มาให้เห็น.
ไม้ตะพด 0,น.,ไม้ถืออย่างหนึ่งใช้ป้องกันตัว ทำด้วยไม้รวกเป็นต้น ยาวประมาณ ๒ ศอก.
ไม้ตับ 0,น.,ไม้สำหรับหนีบปลาปิ้งไฟ ทำด้วยไม้ไผ่
ไม้ตับ 1,น.,ไม้ที่ใช้เป็นแกนสอดในเวลากรองจาก แฝก หรือคา เรียกว่า ไม้ตับจาก ไม้ตับแฝก.
ไม้ตาขอ 0,น.,"ไม้หรือเหล็กที่งอ ๆ สำหรับชัก เกี่ยว แขวนหรือสับ, ไม้ขอ หรือ ไม้ตะขอ ก็ว่า."
ไม้ตาย 0,น.,"ท่าสำคัญในการต่อสู้กระบี่กระบองหรือมวยซึ่งทำให้ฝ่ายปรปักษ์ไม่สามารถจะสู้ได้อีก, ตรงข้ามกับ ไม้เป็น, โดยปริยายหมายถึงวิธีการที่จะเอาชนะศัตรูได้ เช่น เขาใช้ไม้ตาย เขามีไม้ตาย."
ไม้ตายขาน 0,น.,ไม้ที่ยืนต้นตายเองเป็นแถว ๆ.
ไม้ติ้ว 0,น.,ไม้ซี่เล็ก ๆ ใช้สำหรับเป็นคะแนน เช่น ปักติ้ว นับติ้ว สำหรับเสี่ยงทาย แล้วนำไปขึ้นใบเซียมซี เช่น สั่นติ้ว.
ไม้ตีพริก 0,น.,"สากไม้ตำนํ้าพริก ใช้ตำกับครกดิน, สากกะเบือ ก็เรียก."
ไม่เต็มเต็ง 0,ว.,"บ้า ๆ บอ ๆ สติไม่สมบูรณ์, มีจิตใจใกล้ไปทางบ้า ๆ บอ ๆ, สองสลึงเฟื้อง หรือ สามสลึงเฟื้อง ก็ว่า."
ไม่เต็มบาท 0,ว.,"บ้า ๆ บอ ๆ สติไม่สมบูรณ์, มีจิตใจใกล้ไปทางบ้า ๆ บอ ๆ, สองสลึงเฟื้อง หรือ สามสลึงเฟื้อง ก็ว่า."
ไม่เต็มหุน 0,ว.,"มีสติไม่สมบูรณ์, บ้า ๆ บอ ๆ."
ไม้ไต่คู้ 0,น.,เครื่องหมายชนิดหนึ่งรูปดังนี้  ทำให้คำนั้น ๆ มีเสียงสั้น.
ไม้ถ่อ 0,น.,ไม้สำหรับยันแล้วดันให้เรือหรือแพเดินหรือหยุด.
ไม่ถูกโรคกัน 0,ก.,"เข้ากันไม่ได้, ไม่ถูกนิสัยกัน."
ไม้ท่อน 0,น.,ไม้ที่ตัดเป็นท่อน ๆ.
ไม้ทัณฑฆาต 0,น.,เครื่องหมายสำหรับฆ่าอักษรตัวที่ไม่ต้องออกเสียง รูปดังนี้ .
ไม่ทัน 0,ว.,"ใช้ประกอบหน้ากริยาหมายความว่า ยังมิได้ตั้งตัวตั้งใจ ทำให้พลาดไป เช่น ไม่ทันฟัง ไม่ทันคิด, ใช้ประกอบหลังกริยาหมายความว่า ไม่มีความสามารถที่จะติดตามเรื่องได้ทัน เช่น ฟังไม่ทัน พูดไม่ทัน คิดไม่ทัน."
ไม้ที 0,น.,ไม้บรรทัดขนาดยาว.
ไม้เท้า 0,น.,"ไม้หรือสิ่งอื่น ๆ สำหรับถือยันตัวหรือเดิน, ไม้สักกะเท้า ก็เรียก"
ไม้เท้า 1,น.,"ชื่อหนึ่งของดาวฤกษ์อุตรภัทรบท มี ๒ ดวง, ดาวแรดตัวเมีย ดาวอุตตรภัทรบท หรือ ดาวอุตตรภัททะ ก็เรียก."
ไม้เท้ายายม่อม 0,น.,"ชื่อไม้พุ่มชนิด Clerodendrum indicum (L.) Kuntze ในวงศ์ Labiatae ดอกสีขาว ใบใช้สูบแทนกัญชา ต้นและรากใช้ทำยาได้, เท้ายายม่อม หรือ พญารากเดียว ก็เรียก."
ไม้โท 0,น.,เครื่องหมายวรรณยุกต์ รูปดังนี้ .
ไม้นวม 0,น.,"ไม้ตีระนาดที่พันผ้าและด้ายถักหลาย ๆ รอบจนแน่น เมื่อใช้ตีจะมีเสียงนุ่มนวล, โดยปริยายหมายความว่า วิธีการนิ่มนวล, ความอ่อนโยน, เช่น นักเรียนชั้นนี้ต้องใช้ไม้นวมจึงยอมเข้าเรียน."
ไม้นอกกอ 0,น.,คนที่ประพฤตินอกแบบแผนของวงศ์ตระกูล (มักใช้ในทางไม่ดี).
ไม้นิ้ว 0,น.,ไม้เหลี่ยมท่อนยาว ๆ หน้า ๑ นิ้ว ใช้ทำระแนง เรียกว่า ไม้นิ้ว.
ไม้บรรทัด 0,น.,"อุปกรณ์การเขียนชนิดหนึ่งทำด้วยไม้เป็นต้น สำหรับทาบเป็นแนวเพื่อขีดเส้นให้ตรง, (ปาก) เรียกสั้น ๆ ว่า บรรทัด."
ไม้เบื่อไม้เมา 0,ว.,"ไม่ลงรอยกัน, ขัดแย้งกันเป็นประจำ."
ไม้ใบ 0,น.,ไม้ที่ปลูกไว้ดูใบ.
ไม้ประกับคัมภีร์ 0,น.,ไม้แผ่นรูปสี่เหลี่ยมผืนผ้า กว้างยาวเท่าใบลาน ริมลอกบัว ข้างหน้ามักเขียนลายปิดทองรดน้ำหรือประดับมุก ชุดหนึ่งมี ๒ แผ่น สำหรับประกับด้านหน้าด้านหลังคัมภีร์ใบลาน.
ไม้ประจัน 0,น.,ไม้ที่ใช้ค้ำแคมเรือที่เบิกได้ที่แล้วเพื่อไม่ให้หุบ.
ไม้ประดับ 0,น.,ไม้ที่ปลูกไว้สำหรับประดับบ้านเรือนหรือสถานที่.
ไม้ป่าค่อม 0,น.,ไม้ดัดแบบหนึ่ง ต้นเตี้ย มีกิ่งรอบต้นเป็นพุ่มกลม.
ไม้ป่าเดียวกัน 0,น.,พวกเดียวกัน.
ไม้เป็น 0,น.,"ท่าสำคัญของกระบี่กระบองหรือมวยในการป้องกันตัวโดยใช้ปฏิภาณไหวพริบแก้ไขให้พ้นภัยจากปรปักษ์เมื่อคราวเข้าที่คับขัน, ตรงข้ามกับ ไม้เด็ด หรือ ไม้ตาย."
ไม่เป็นการ 0,ก.,"ไม่ได้ผล, ไม่สำเร็จ, เช่น เห็นจะไม่เป็นการ."
ไม่เป็นท่า 0,ก.,"หมดรูป, ไม่เข้าท่า, ไม่ได้ความ, เช่น แพ้ไม่เป็นท่า."
ไม่เป็นเรื่อง 0,ว.,ไม่มีสาระ เช่น เรื่องไม่เป็นเรื่อง.
ไม่เป็นเรื่องเป็นราว 0,ว.,ไม่มีสาระ เช่น เรื่องไม่เป็นเรื่อง.
ไม่เป็นโล้เป็นพาย 0,ก.,"ไม่ได้เรื่องได้ราว, จับจด, ไม่จริงจัง, เช่น ทำงานไม่เป็นโล้เป็นพาย."
ไม่เป็นสุข 0,ว.,ไม่มีความสุข.
ไม่เป็นอัน 0,ว.,ใช้นำหน้ากริยามีความหมายไปในลักษณะที่ไม่สะดวก เช่น ไม่เป็นอันกิน ไม่เป็นอันนอน.
ไม้เปิดปีก 0,น.,ซุงที่เลื่อยเปิดปีกแล้วทั้ง ๔ ด้าน.
ไม้แปรรูป 0,น.,ไม้ซุงที่เลื่อยเปิดปีกแล้วทำเป็นแผ่นกระดานเป็นต้น.
ไม้ผัด 0,น.,"เครื่องหมายรูปสระดังนี้  ใช้แทนเสียงสระอะในกรณีที่มีตัวสะกด เช่น ก ะ ด = กัด, ไม้หันอากาศ หรือ หางกันหัน, ก็เรียก."
ไม้ผัดน้ำตาล 0,น.,ไม้ที่ใช้หมุนผัดน้ำตาลโตนดให้ขาว.
ไม้ฝนทอง 0,น.,"เครื่องหมายสระ รูปดังนี้ สำหรับเขียนบนพินทุ อิ เป็น สระอี, ไม้เสียบหนู ก็เรียก."
ไม้ฝ้า 0,น.,ไม้กระดานแผ่นบาง ๆ ใช้สำหรับตีทำฝ้าหรือเพดาน.
ไม้พุ่ม 0,น.,ต้นไม้เนื้อแข็ง แตกกิ่งต่ำใกล้โคนต้น.
ไม่พูดพร่ำทำเพลง 0,ว.,"ไม่รอให้ชักช้า, ทันทีทันใด."
ไม้เพดาน 0,น.,ไม้กระดานแผ่นบาง ๆ ใช้สำหรับตีทำฝ้าหรือเพดาน.
ไม้โพ 0,น.,"พญาไม้, ชื่อต้นไม้ชนิดหนึ่งใช้ทำยาได้ ใช้ว่า ไม้โพ ก็มี."
ไม่ฟังเสียง 0,ก.,"ดื้อดึง, ไม่ยอมเชื่อฟัง."
ไม้มลาย 0,น.,เครื่องหมายสระ รูปดังนี้ ไ.
ไม้ม้วน 0,น.,เครื่องหมายสระ รูปดังนี้ ใ.
ไม้มอบ 0,น.,ไม้ที่ตีเป็นขอบตามแนวเพดานห้องทั้ง ๔ ด้านเพื่อให้ดูเรียบร้อยหรือเพื่อทับรอยต่อตอนมุมที่ฝาเรือน ๒ ด้านมาบรรจบกันหรือไม้ที่ตีประกบด้านนอกของกราบเรือทั้ง ๒ ด้าน.
ไม่มีเงาหัว 0,ก.,เป็นลางว่าจะตายร้าย.
ไม่มีปี่มีกลอง 0,ก.,ไม่มีเค้า เช่น การที่เจ็บนั้นก็ไม่มีปี่มีกลอง (พระราชหัตถเลขา ร. ๗).
ไม่มีปี่มีขลุ่ย 0,ก.,ไม่มีเค้า เช่น การที่เจ็บนั้นก็ไม่มีปี่มีกลอง (พระราชหัตถเลขา ร. ๗).
ไม่มีมูลฝอยหมาไม่ขี้ 0,ก.,ไม่มีเหตุย่อมไม่มีผล.
ไม่มีวันเสียละ 0,ว.,ไม่มีทางจะเป็นไปได้.
ไม้มืด 0,น.,การลอบทำร้าย เช่น ถูกไม้มืดเล่นงาน.
ไม้มือ 0,น.,"คำเข้าคู่กัน หมายความว่า มือที่เคลื่อนไหว เช่น ไม้มืออยู่ไม่สุข ทำไม้ทำมือ, ใช้ว่า มือไม้ ก็มี."
ไม้เมตร 0,น.,เครื่องมือวัดความยาวทำด้วยไม้เป็นต้น ยาว ๑ เมตร.
ไม้แม่กำพอง 0,น.,ไม้ที่ทับอยู่บนลูกกรงเรือนหรือเกวียน.
ไม้ยมก 0,น.,เครื่องหมายรูปดังนี้ ๆ สำหรับอ่านซํ้าความหรือซํ้าคำข้างท้าย ๒ หน.
ไมยราบ 0,น.,"ชื่อไม้ล้มลุกชนิด Mimosa pudica L. ในวงศ์ Leguminosae ใบคล้ายใบกระเฉด เมื่อถูกกระเทือนก็หุบราบไป, หญ้าปันยอด ก็เรียก."
ไม้ยามักการ 0,น.,เครื่องหมายบังคับให้อ่านพยัญชนะควบ รูปดังนี้ ๎.
ไม้ยาว 0,น.,"ไม้พลองเป็นเครื่องต่อสู้ป้องกันตัวในการเล่นกระบี่กระบอง, คู่กับ ไม้สั้น. (ดู ไม้สั้น)."
ไม่ยี่หระ 0,ก.,"ไม่สะทกสะท้าน, ไม่ไยดี, เช่น ใครจะด่าว่าอย่างไร เขาก็ไม่ยี่หระ."
ไม้ยืนต้น 0,น.,"ต้นไม้ใหญ่ ลำต้นเดี่ยว แตกกิ่งที่ระดับสูงจากโคนต้น และมีอายุยืนนาน, ไม้ต้น ก็เรียก."
ไม่แยแส 0,ก.,"ไม่เป็นธุระ, ไม่เกี่ยวข้อง."
ไม้ร่มนกจับ 0,น.,ผู้มีวาสนาย่อมมีคนมาพึ่งบารมี.
ไม้ระแนง 0,น.,ไม้สี่เหลี่ยม หน้า ๑ นิ้ว ใช้ตีข้างบนกลอนหรือจันทัน สำหรับมุงหลังคา.
ไม่รู้จักเสือเอาเรือเข้ามาจอดไม่รู้จักมอดเอาไม้เข้ามาวาง 0,ก.,ทำสิ่งที่ไม่รู้ว่าจะมีภัยแก่ตัว.
ไม่รู้จักหัวนอนปลายตีน 0,ก.,ไม่รู้ความเป็นมาหรือพื้นเพ.
ไม่รู้ไม่ชี้ 0,ว.,"ไม่รับรู้, ไม่รับผิดชอบ, เช่น ทำเป็นไม่รู้ไม่ชี้."
ไม่รู้อีโหน่อีเหน่ 0,ก.,"ไม่รู้เรื่องราวที่เกิดขึ้น, นอนหลับไม่รู้ นอนคู้ไม่เห็น."
ไม้เรียว 0,น.,ไม้ปลายเรียวเล็กคล้ายไม้แส้สำหรับตีเด็ก.
ไมล์ 0,น.,ชื่อมาตราวัดของอังกฤษ มีกำหนด ๑ ไมล์ เท่ากับ ๔๐ เส้น หรือ ๑.๖๐๙ กิโลเมตร.
ไม่ลงโบสถ์กัน 0,ก.,"ไม่ถูกกัน, ไม่ลงรอยกัน, เข้ากันไม่ได้."
ไม่ลดราวาศอก 0,ก.,ไม่ยอมผ่อนปรน เช่น เถียงไม่ลดราวาศอก.
ไม้ล้มขอนนอนไพร 0,น.,ไม้ในป่าที่ล้มตายเอง.
ไม้ล้มเงาหาย 0,น.,คนที่เคยมีวาสนาเมื่อตกตํ่าลงผู้ที่มาพึ่งบารมีก็หายหน้าไป.
ไม้ล้มลุก 0,น.,ไม้ ๒ ขาสำหรับกว้านของหนักขึ้นไปไว้บนที่สูง เช่น เอาไม้ล้มลุกกว้านพระบรมโกศขึ้นบนเกริน.
ไม้ล้มลุก 1,น.,พืชที่ไม่มีเนื้อไม้ มีอายุปีเดียวหรือหลายปี.
ไม้ลอย 0,น.,ชื่อการเล่นมีหกคะเมนบนปลายไม้ในงานพิธีใหญ่.
ไม้ลื่น 0,น.,"กระดานที่ตั้งสูงทอดต่ำลงไปด้านหนึ่ง ให้เด็กเล่นโดยนั่งไถลตัวลง, กระดานลื่น ก็เรียก."
ไม่ลืมหูลืมตา 0,ว.,งมงาย เช่น หลงจนไม่ลืมหูลืมตา.
ไม่เล่นด้วย 0,ก.,"ไม่ร่วมด้วย, ไม่เอาด้วย, เช่น เรื่องนี้ไม่เล่นด้วย."
ไม้เลี้ยง 0,น.,"ชื่อไผ่ชนิด Bambusa multiplex (Lour.) Raeusch. ในวงศ์ Gramineae ลำเล็ก ไม่มีหนาม, ไผ่เลี้ยง ก็เรียก."
ไม้ไล่ 0,น.,"ชื่อไผ่ชนิด Gigantochloa albociliata (Munro) Munro ในวงศ์ Gramineae ลำแตกแขนง ไม่มีหนาม, ไผ่ไร่ ก็เรียก, ไม้ต่าง ๆ."
ไม้วา 0,น.,ไม้เครื่องวัดความยาวมีกำหนด ๔ ศอก.
ไม้สอย 0,น.,"ไม้เหลาแหลมคล้ายขนเม่นสำหรับสอยผมทำเป็นไรผม, ไม้สำหรับสอยของสูง ๆ"
ไม้สอย 1,น.,"ไม้สำหรับใช้, ใช้ประกอบกับคำ เครื่องใช้ เป็น เครื่องใช้ไม้สอย."
ไม้สะดึง 0,น.,กรอบไม้หรือไม้แบบสำหรับขึงผ้าในการเย็บปักถักร้อย.
ไม้สักกะเท้า 0,น.,ไม้เท้า.
ไม้สั้น 0,น.,"เครื่องต่อสู้ป้องกันตัวในการเล่นกระบี่กระบอง เป็นท่อนไม้ขนาดสั้น ๆ ปลายด้านหนึ่งมีห่วงสำหรับสอดแขนเข้าไปถึงข้อศอก ปลายอีกด้านหนึ่งมีไม้หลัก ๒ อัน อันในสำหรับมือจับ อันนอกเป็นเครื่องป้องกันในเวลาต่อสู้, ตรงข้ามกับ ไม้ยาว ซึ่งได้แก่พลองเป็นต้น."
ไม้สั้นไม้ยาว 0,น.,เรียกวิธีเสี่ยงทายแบบหนึ่งว่าจับไม้สั้นไม้ยาว คือ ใช้ไม้เล็ก ๆ ขนาดสั้นยาวลดหลั่นกันไป จำนวนเท่าคนที่จะจับ กำปลายไม้ให้โผล่เสมอกัน มักตกลงกันว่า ผู้จับได้ไม้สั้นที่สุดเป็นผู้แพ้.
ไม้สามอัน 0,น.,ชื่อเครื่องมือเล่นการพนันชนิดหนึ่งใช้ไม้กลม ๆ ๓ อัน ผูกเชือกไว้อันหนึ่ง เจ้ามือกำไม้ ๓ อันไว้ให้ผู้เล่นจับ ถ้าจับได้อันที่ผูกเชือกไว้ เจ้ามือแพ้.
ไม้ส้าว 0,น.,ไม้เส้า.
ไม้สีฟัน 0,น.,ไม้ที่ทุบปลายแล้วใช้สีฟันแทนแปรงสีฟัน โดยมากจะเป็นกิ่งข่อยหรือกิ่งไม้สีฟันคนทา.
ไม่สู้ 0,ว.,ไม่ค่อย เช่น ไม่สู้ดี คือ ไม่ค่อยดี.
ไม้สูง 0,น.,"งานช่างไม้ที่ต้องใช้ศิลปะชั้นสูง ทำสิ่งเกี่ยวกับเครื่องยอดเครื่องสูง เช่น ยอดปราสาท ยอดเจดีย์ ยอดบุษบก, เรียกช่างที่ทำงานในลักษณะเช่นนี้ ว่า ช่างไม้สูง, เรียกการละเล่นที่ผู้เล่นจะต้องต่อขาให้สูงขึ้นด้วยไม้คู่หนึ่ง ส่วนมากเป็นไม้กระบอก มีลูกทอยสำหรับเหยียบ ว่า เล่นเดินไม้สูง, เรียกการละเล่นไต่ลวดตีลังกา ว่า เล่นไม้สูง"
ไม้สูง 1,น.,เรียกเพลงกระบี่กระบองซึ่งเป็นเพลงชั้นสูง
ไม้สูง 2,น.,โดยปริยายหมายความว่า ใช้เล่ห์เหลี่ยมฉลาดเกินตัว เช่น เขามาไม้สูง.
ไม้เส้า 0,น.,"ไม้ยาวสำหรับยื่นไปช่วยคนตกน้ำในเวลาเรือพระประเทียบล่ม, ไม้กระทุ้งให้จังหวะในเรือดั้งในกระบวนพยุหยาตรา"
ไม้เส้า 1,น.,ไม้ยาวสำหรับสอยหรือค้ำ
ไม้เส้า 2,น.,ไม้ยาวสำหรับชูเพนียดนกต่อขึ้นบนต้นไม้
ไม้เส้า 3,น.,ไม้ส้าว ก็ว่า.
ไม้เสียบหนู 0,น.,ไม้ที่เสียบขัดกับไม้ข้างควายที่ขนาบจากหลบหลังคาเรือน.
ไม้เสียบหนู 1,น.,"เครื่องหมายสระ รูปดังนี้  สำหรับเขียนบนพินทุ อิ เป็น สระอี, ไม้ฝนทอง ก็เรียก."
ไม้หกเหียน 0,น.,ไม้ดัดแบบหนึ่งที่มีหุ่นหักลงดิน แล้ววกกลับขึ้นมา.
ไม้หน้า 0,น.,"เครื่องหมายสระ รูปดังนี้ เ, แ."
ไม้หมอน 0,น.,ไม้กลมยาวสำหรับรองรับของเวลาเคลื่อนย้าย
ไม้หมอน 1,น.,ท่อนไม้สี่เหลี่ยมสำหรับหนุนหรือรองรับรางรถไฟ.
ไม้หมุน 0,น.,ชื่อการพนันชนิดหนึ่งทำเป็นไม้แป้นกลม ๆ เขียนแบ่งเป็นช่อง มีเข็มชี้วางตามแบน ใช้หมุน เมื่อเข็มชี้ไปหยุดตรงช่องที่แทง ก็ถูก
ไม้หมุน 1,น.,ไม้กลม ๆ สำหรับปาดปากสัดข้าว.
ไม่หยุดหย่อน 0,ว.,"อาการที่เป็นไปอย่างต่อเนื่อง, ไม่เว้นระยะ, เช่น ทำงานไม่หยุดหย่อน."
ไม้หลักปักขี้ควาย 0,ว.,"โลเล, ไม่แน่นอน, เช่น เหมือนไม้หลักปักเลนเอนไปมา (สังข์ทอง)."
ไม้หลักปักเลน 0,ว.,"โลเล, ไม่แน่นอน, เช่น เหมือนไม้หลักปักเลนเอนไปมา (สังข์ทอง)."
ไม้หวงห้าม 0,น.,ไม้ซึ่งการทำไม้และการเคลื่อนย้ายจะต้องได้รับอนุญาตจากพนักงานเจ้าหน้าที่หรือได้รับสัมปทานตามกฎหมายป่าไม้.
ไม่หวาดไม่ไหว 0,ว.,ไม่รู้จักหมด เช่น กินไม่หวาดไม่ไหว.
ไม้หันอากาศ 0,น.,"เครื่องหมายรูปสระดังนี้  ใช้แทนเสียงสระอะในกรณีที่มีตัวสะกด เช่น ก ะ ด = กัด, ไม้ผัด หรือ หางกังหัน ก็เรียก."
ไม้หัวต้าย 0,น.,ไม้หลักสำหรับปักกำกับหัวและท้ายเรือพระที่นั่งเวลาเทียบท่า.
ไม้หึ่ง 0,น.,ชื่อการเล่นซึ่งประกอบด้วยไม้แม่หึ่งยาวประมาณศอกคืบ ๑ อัน และลูกหึ่งยาวประมาณ ๑ คืบ ๑ อัน โดยแบ่งผู้เล่นเป็น ๒ ฝ่าย ฝ่ายละ ๓-๕ คน ฝ่ายหนึ่งจะเอาลูกหึ่งวางขวางบนหลุมซึ่งขุดเป็นรางยาวประมาณ ๑ คืบ เรียกว่า รางไม้หึ่ง แล้วใช้ไม้แม่หึ่งปักปลายลงในราง งัดลูกหึ่งออกไปให้อีกฝ่ายหนึ่งรับ เมื่อฝ่ายรับรับลูกหึ่งได้ก็จะมาเป็นฝ่ายส่งบ้าง แต่ถ้าฝ่ายรับรับลูกไม่ได้ก็จะต้องวิ่งร้องหึ่งมาที่หลุม ในแต่ละถิ่นมีวิธีการเล่นต่าง ๆ กัน.
ไม่หือไม่อือ 0,ว.,"ไม่ตอบ, ไม่ขานรับ, เช่น เรียกแล้วก็ยังไม่หือไม่อือ."
ไม่เห็นจะ 0,ว.,ใช้ประกอบแสดงความเห็นหรือความรู้สึกในลักษณะที่ว่า ไม่สมควรที่จะ ไม่น่าจะ รู้สึกว่าไม่ เช่น ไม่เห็นจะน่ารักเลย ไม่เห็นจะน่ากลัวเลย.
ไม่เห็นน้ำตัดกระบอกไม่เห็นกระรอกก่งหน้าไม้ 0,ว.,ด่วนทำไปทั้ง ๆ ที่ยังไม่ถึงเวลาอันสมควร.
ไม้เหลี่ยม 0,น.,ไม้ท่อนที่เลื่อยด้านข้างออกทั้ง ๔ ด้าน เป็นรูปสี่เหลี่ยม.
ไม่เหลือบ่ากว่าแรง 0,ว.,ไม่เกินความสามารถที่จะทำได้.
ไม้ไหลลอย 0,น.,ไม้ต้น ไม้ซุง ไม้ท่อน ไม้เสา ไม้เข็ม ไม้หลัก ไม้เหลี่ยม ไม้กระดานซึ่งเป็นไม้หวงห้าม ที่ได้ไหลลอยโดยปราศจากการควบคุม.
ไม้อ่อนดัดง่ายไม้แก่ดัดยาก 0,*ก.,อบรมสั่งสอนเด็กให้ประพฤติดีได้ง่ายกว่าอบรมสั่งสอนผู้ใหญ่.
ไม้อัด 0,น.,ไม้ที่ทำขึ้นโดยเอาไม้แผ่นบาง ๆ หลายแผ่นมาผนึกเข้าด้วยกัน.
ไม่อินังขังขอบ 0,ก.,"ไม่เอาใจใส่, ไม่ดูแล, ไม่นำพา."
ไม้เอก 0,น.,เครื่องหมายวรรณยุกต์ รูปดังนี้ .
ไม้เอนชาย 0,น.,ไม้ดัดแบบหนึ่งที่มีต้นเอนไปข้างใดข้างหนึ่ง เหมือนไม้ที่อยู่ริมน้ำ.
ไม่เออออห่อหมก 0,ก.,"ไม่ตกลงด้วย, ไม่ยินยอม."
ไม่เอาการเอางาน 0,ก.,ไม่ตั้งใจทำการงานด้วยความขยันขันแข็ง.
ไม่เอาความ 0,ก.,ไม่ฟ้องร้องเอาความผิดตามกฎหมาย.
ไม่เอางานเอาการ 0,ก.,ไม่ตั้งใจทำการงานด้วยความขยันขันแข็ง.
ไม่เอาถ่าน 0,ก.,ไม่รักดี.
ไม่เอาธุระ 0,ก.,"ปล่อยปละละเลย, ไม่เอาใจใส่."
ไม่เอาพี่เอาน้อง 0,ก.,ไม่เอื้อเฟื้อจุนเจือญาติพี่น้อง.
ไม้โอ 0,น.,เครื่องหมายสระ รูปดังนี้ โ.
หมากหิ่ง 0,น.,ลูกกระพรวน.
อุปรากร 0,น.,ละครประเภทหนึ่ง มีดนตรีเป็นส่วนประกอบสำคัญ ดำเนินเรื่องด้วยการร้องเพลงผสมวงดุริยางค์คล้ายอุปรากร ตัวละครทุกตัวจะร้องแทนพูด เนื้อเรื่องมีความจริงจังหนักหน่วง ถือเป็นละครชั้นสูงของชาวตะวันตก.
