คำ,POS,ความหมาย
ข 0,?,พยัญชนะตัวที่ ๒ เรียกว่า ขอ ไข่ เป็นอักษรสูง ใช้เป็นพยัญชนะต้น และเป็นตัวสะกดในมาตรากกหรือแม่กก เช่น มุข เลข.
ขง 0,น.,"กรุง, บางทีเขียนเป็น โขง."
ขงจื๊อ 0,น.,ชื่อศาสนาสำคัญศาสนาหนึ่งของจีน มีศาสดาชื่อขงจื๊อ.
ขจร 0,ก.,ฟุ้งไป.
ขจร 1,น.,"ชื่อไม้เถาชนิด Telosma minor Craib Regan ในวงศ์ Belontiidae ใบมนป้อม ผลเรียวยาว ดอกสีเขียวอมเหลือง กลิ่นหอม กินได้, ขจร ก็เรียก."
ขจรจบ 0,น.,ชื่อหญ้าชนิด Pennisetum pedicellatum Trin. และ P. polystachyon (L.) Schult. ในวงศ์ Gramineae แพร่พันธุ์รวดเร็วมากและปราบยาก หญ้าทั้ง ๒ ชนิดนี้ต้นอ่อนใช้เป็นอาหารสัตว์ ต้นแก่ใช้ทำกระดาษได้.
ขจอก 0,ว.,"กระจอก, ง่อย, ขาเขยก."
ขจัด 0,ก.,กำจัด เช่น ขจัดความสกปรก
ขจัด 1,ก.,"กระจัด, แยกย้ายออกไป."
ขจัดขจาย 0,ก.,กระจัดกระจาย.
ขจ่าง 0,ก.,กระจ่าง เช่น จวบแจ้งขจ่างจา มิกราจำรัสศรี (สรรพสิทธิ์).
ขจาย 0,ก.,"กระจาย, มักใช้เข้าคู่กับคำ ขจร เป็น ขจรขจาย."
ขจาว 0,น.,ต้นกระเชา. (ดู กระเชา).
ขจิต 0,ก.,"ประดับ, ตกแต่ง."
ขจิริด 0,ว.,กระจิริด.
ขจี 0,ว.,"งามสดใส, ใช้ในคำว่า เขียวขจี."
ขจุย 0,ว.,กระจุย.
ขเจา 0,น.,ต้นกระเชา. (ดู กระเชา).
ขณะ 0,น.,"ครู่, ครั้ง, คราว, เวลา, สมัย."
ขด 0,ก.,"ม้วนตัวให้เป็นวง ๆ เช่น งูขด, ทำให้เป็นวง ๆ เช่นนั้น เช่น เอาลวดมาขด, งอหรือทำให้งอ เช่น นอนขด ขดให้เป็นลวดลาย."
ขด 1,น.,"สิ่งที่เป็นวง ๆ, ลักษณนามเรียกของที่เป็นวง ๆ เช่นนั้น เช่น เชือก ๓ ขด."
ขด 2,ก.,"ขยด, เขยิบ, กระเถิบ."
ขดถวาย 0,ก.,ขัดสมาธิ.
ขดาน 0,น.,กระดาน เช่น นางทายขดานผทับแด ไฟสมรลามแล ลืมพาษปธาราราย (สมุทรโฆษ).
ขตอย 0,น.,แมงป่อง.
ขทิง 0,น.,"กระดิ่ง, กระดึง, เช่น ขทิงทอง รนนทดโยง ลยวแล่ง (กำสรวล)."
ขทิง 1,น.,ต้นกระทิง.
ขทิง 2,น.,ปลากระทิง.
ขทึง 0,น.,"กระดิ่ง, กระดึง."
ขทึง 1,น.,ต้นกระทิง.
ข้น 0,ว.,"ลักษณะของเหลวที่มีการรวมตัวกันแน่นเข้า, ไม่ใส"
ข้น 1,ว.,"มีน้อยลงไป, งวด."
ขน 0,น.,"สิ่งที่เป็นเส้นขึ้นตามผิวหนังคนและสัตว์ เช่น ขนตา ขนนก ขนเม่น และใช้ตลอดไปจนถึงที่ขึ้นบนผิวต้นไม้ ผลไม้ ใบไม้ และอื่น ๆ, ราชาศัพท์ว่า พระโลมา."
ขน 1,ก.,เอาสิ่งของเป็นต้นจำนวนมากจากที่หนึ่งไปยังอีกที่หนึ่งโดยบรรทุก หาบ หาม หรือด้วยวิธีอื่น.
ขน 2,น.,"ชื่อหญ้าชนิด Brachiaria mutica (Forssk.) Stapf ในวงศ์ Gramineae ขึ้นในที่ชื้นและชายนํ้า ข้อ กาบใบ และใบมีขน ใช้เป็นอาหารสัตว์, ปล้องขน ก็เรียก."
ขน 3,ก.,กรน เช่น คนนอนหลับขน ว่า คนนอนหลับกรน.
ข้นแค้น 0,ก.,"อัตคัด, ขัดสน, มักใช้เข้าคู่กับคำ ยากจน เป็น ยากจนข้นแค้น."
ขนง 0,น.,"คิ้ว, ใช้เป็นราชาศัพท์ว่า พระขนง."
ขนงเนื้อ 0,น.,หนังสัตว์ที่เผาไฟให้สุกแล้วต้มให้เปื่อย เพื่อปรุงเป็นอาหาร.
ขนด 0,น.,ตัวงูที่ขด
ขนด 1,น.,ลูกบวบจีวร
ขนด 2,น.,โคนหางงู มักเรียกว่า ขนดหาง.
ขนทรายเข้าวัด 0,ก.,"ทำบุญกุศลโดยวิธีนำหรือขนทรายไปก่อพระเจดีย์ทรายเป็นต้นที่วัด, (สำ) หาประโยชน์ให้ส่วนรวม."
ขนน 0,น.,หมอนอิง.
ขนบ 0,น.,"แบบอย่าง, แผน, ระเบียบ"
ขนบ 1,น.,"กลีบ, รอยที่พับ (ของสมุดข่อย หรือผ้าจีบ หรือจีวร เป็นต้น)"
ขนบ 2,น.,ชั้น เช่น ขนบหิน.
ขนบธรรมเนียม 0,น.,แบบอย่างที่นิยมกันมา.
ขนบประเพณี 0,น.,จารีตประเพณีที่วางเป็นระเบียบแบบแผนไว้แล้ว.
ขนพอง 0,น.,ขนตั้งชันฟูขึ้น เกิดจากความตกใจหรือความกลัวเป็นต้น.
ขนพองสยองเกล้า 0,น.,ขนและผมตั้งชันขึ้นเพราะรู้สึกสยดสยองมากเป็นต้น.
ขนเพชร 0,น.,ขนสีขาวที่ขึ้นแปลกเป็นพิเศษ มีลักษณะยาวกว่าปรกติ.
ขนม 0,น.,"ของกินที่ไม่ใช่กับข้าว มักปรุงด้วยแป้งหรือข้าวกับกะทิหรือนํ้าตาล, ของหวาน, ทางเหนือเรียกว่า ข้าวหนม."
ขนมกง 0,น.,ขนมทำด้วยถั่วทองคั่วบดละเอียด กวนในน้ำตาลปึกที่ต้มกับกะทิจนเหนียวและปั้นได้ ปั้นเป็นวงรูปล้อมีกากบาทตรงกลาง จุ่มลงในแป้งแล้วทอดในน้ำมันร้อนจัดจนสุก เป็นขนมในงานมงคลเช่นงานแต่งงาน.
ขนมกรุบกรอบ 0,น.,ขนมประเภทที่ทำด้วยแป้ง น้ำตาล เกลือ เป็นต้น อบหรือทอดกรอบ มีคุณค่าทางโภชนาการน้อย.
ขนมเกล็ดปลากะโห้ 0,น.,ขนมทำด้วยแป้งมี่และแป้งข้าวเจ้า นวดกับกะทิ เกลือ และน้ำตาล ปั้นแล้วกดใส่พิมพ์คล้ายพิมพ์ทองม้วน ผิงไฟให้สุก.
ขนมเกลียว 0,น.,ขนมทำด้วยแป้งสาลีนวดกับไข่ ปั้นเป็นเส้นจับบิดให้เป็นเกลียว ทอดน้ำมันจนสุกเหลือง ฉาบน้ำตาลทราย.
ขนมขิง 0,น.,ขนมทำด้วยแป้งข้าวเจ้า ปั้นเป็นรูปเหมือนแง่งขิง ทอดให้กรอบแล้วฉาบน้ำตาลทราย.
ขนมขี้แมว 0,น.,ขนมประเภทผลไม้กวนของจีน เป็นก้อนกลม ๆ เล็ก ๆ ห่อกระดาษแก้ว.
ขนมเข่ง 0,น.,ขนมทำด้วยแป้งข้าวเหนียวกับน้ำตาล ใส่กระทงวางในเข่งเล็ก ๆ นึ่งให้สุก.
ขนมไข่ 0,น.,ขนมทำด้วยแป้งสาลี ไข่ และน้ำตาล ตีให้เข้ากัน ใส่พิมพ์รูปต่าง ๆ ผิงหรืออบให้สุก.
ขนมไข่ 1,น.,"ขนมทำด้วยแป้งสาลี ไข่ น้ำตาล นม ตีให้เข้ากัน ใส่พิมพ์สองฝา ผิงไฟกลับไปกลับมาจนสุก เมื่อแกะออกมีลักษณะกลมและมีรอยบุ๋มทั้งสองด้านคล้ายรังผึ้ง, ขนมไข่ หรือ ขนมรู ๆ ก็เรียก, นัยว่ามาจากขนมวอฟเฟิล."
ขนมครก 0,น.,ขนมทำด้วยแป้งกับกะทิหยอดในภาชนะกระเบื้องหรือโลหะที่ทำเป็นหลุม ๆ ตั้งบนไฟ.
ขนมคันหลาว 0,น.,ขนมทำด้วยแป้งข้าวเจ้า นวด ปั้นเป็นตัวยาว ๆ หัวแหลมท้ายแหลม ต้มให้สุกแล้วคลุกกับมะพร้าวทึนทึกขูดผสมเกลือ เป็นเครื่องกระยาบวช.
ขนมค้างคาว 0,น.,ของว่างชนิดหนึ่ง ทำด้วยแป้งสาลีผสมแป้งถั่วทอง นวดกับหัวกะทิและเกลือ แผ่เป็นแผ่นห่อไส้ทำด้วยกุ้งสับผัดกับรากผักชีตำ พริกไทย เกลือ แล้วทอดน้ำมัน.
ขนมโค 0,น.,ขนมชนิดหนึ่งคล้ายขนมต้มขาว มีไส้อย่างหน้ากระฉีก ราดหัวกะทิขลุกขลิก.
ขนมจ้าง 0,น.,ขนมของจีนชนิดหนึ่ง ทำด้วยข้าวเหนียวที่แช่น้ำด่างแล้วล้างให้สะอาดนำมาผึ่งให้สะเด็ดน้ำ ห่อด้วยใบไผ่แล้วต้มให้สุก.
ขนมจีน 0,น.,"อาหารชนิดหนึ่ง ทำด้วยแป้งเป็นเส้นกลม ๆ คล้ายเส้นหมี่ กินกับนํ้ายา นํ้าพริก เป็นต้น, ลักษณนามว่า จับ หรือ หัว เช่น ขนมจีน ๕ จับ หรือ ขนมจีน ๕ หัว."
ขนมดอกลำเจียก 0,น.,ขนมทำด้วยข้าวเหนียวแช่แล้วตำละเอียด ทำให้เป็นก้อน ขูดบนแร่งลงกระทะ เมื่อแป้งจับเป็นแผ่นแล้ว ใส่ไส้มะพร้าวขูดผัดกับน้ำตาล พับเป็นรูปสามเหลี่ยมหรือสี่เหลี่ยม แล้วอบให้หอม.
ขนมเต่า 0,น.,ขนมทำด้วยแป้งข้าวเจ้า ปั้นกลม ๆ ใส่ไส้ทำด้วยถั่วลิสงผัดน้ำตาลหรือไส้อย่างขนมเทียน กดพิมพ์รูปเหมือนเต่า นึ่งให้สุก ทาน้ำมัน วางบนใบตองเจียนเป็นรูปกลม ๆ.
ขนมทราย 0,น.,คำสุภาพของขนมขี้หนู.
ขนมเทียน 0,น.,"ขนมทำด้วยแป้งข้าวเหนียวนวดกับกะทิและน้ำตาล ใส่ไส้ถั่วเขียวนึ่งบดผสมเกลือ พริกไทย ห่อด้วยใบตองสดแล้วนำไปนึ่ง ถ้าเป็นขนมเทียนแบบจีน นิยมใส่หญ้าชิวคั่กในแป้ง, ขนมเทียนนมสาว ก็เรียก."
ขนมเทียนแก้ว 0,น.,ขนมทำด้วยแป้งข้าวเจ้าและแป้งเท้ายายม่อมผสมน้ำตาล กวนจนสุกและใส มีไส้เหมือนไส้ขนมเทียนปั้นเป็นก้อนกลมห่อด้วยใบตองสด.
ขนมเทียนนมสาว 0,น.,"ขนมทำด้วยแป้งข้าวเหนียวนวดกับกะทิและน้ำตาล ใส่ไส้ถั่วเขียวนึ่งบดผสมเกลือ พริกไทย ห่อด้วยใบตองสดแล้วนำไปนึ่ง ถ้าเป็นขนมเทียนแบบจีน นิยมใส่หญ้าชิวคั่กในแป้ง, ขนมเทียนนมสาว ก็เรียก."
ขนมเทียนใบตองแห้ง 0,น.,ขนมที่ใช้แป้งอย่างขนมเทียน มีไส้หน้ากระฉีก หรือไม่มีไส้ก็มี ห่อด้วยใบตองแห้งพับเป็นรูปสี่เหลี่ยมผืนผ้าแบน ๆ.
ขนมเทียนสลัดงา 0,น.,ขนมที่ใช้แป้งอย่างขนมเทียนแก้ว มีไส้ถั่วเขียวกวน ปั้นเป็นก้อนกลมคลุกงา ห่อด้วยใบตองสดเป็นรูปสามเหลี่ยมอย่างขนมเทียน.
ขนมนมเนย 0,น.,ขนมนานาชนิด.
ขนมเบื้อง 0,น.,"อาหารว่างชนิดหนึ่ง ทำโดยละเลงแป้งถั่วทองที่ผสมหัวกะทิลงบนกระทะแบนที่เรียกว่า กระเบื้อง ให้เป็นแผ่นกลม ๆ และบางเสมอกัน ใส่ไส้หวานหรือเค็มแล้วพับ ๒, ขนมเบื้องไทย ก็เรียก."
ขนมเบื้องญวน 0,น.,อาหารว่างแบบญวนชนิดหนึ่ง ใช้วิธีกลอกแป้งลงในกระทะให้บางกรอบใส่ไส้มีกุ้งเป็นต้นแล้วพับ ๒.
ขนมเบื้องไทย 0,น.,"อาหารว่างชนิดหนึ่ง ทำโดยละเลงแป้งถั่วทองที่ผสมหัวกะทิลงบนกระทะแบนที่เรียกว่า กระเบื้อง ให้เป็นแผ่นกลม ๆ และบางเสมอกัน ใส่ไส้หวานหรือเค็มแล้วพับ ๒, ขนมเบื้องไทย ก็เรียก."
ขนมปัง 0,น.,อาหารชนิดหนึ่ง ทำด้วยแป้งสาลี แป้งข้าวไรย์ แป้งข้าวบาร์เลย์ เป็นต้น ผสมยีสต์ นวดให้เข้ากัน ทิ้งไว้จนขึ้นฟู ใส่พิมพ์ แล้วอบให้สุก.
ขนมปังหน้าหมู 0,น.,ของว่างอย่างหนึ่ง ใช้หมูสับผสมเครื่องมีกระเทียม พริกไทย เกลือหรือน้ำปลา รากผักชี ใส่ไข่ ทาหน้าขนมปังแล้วทอดให้สุก กินกับอาจาด.
ขนมเปีย 0,น.,"ขนมทำด้วยแป้ง มีไส้ต่าง ๆ เช่น ไส้ถั่วกวน ไส้ฟักเชื่อม ไส้ทุเรียนกวน, โบราณเรียก ขนมเปีย หรือ ขนมเปียะ. (จ.)"
ขนมเปียก 0,น.,ขนมทำด้วยแป้งข้าวเจ้า ตั้งไฟกวนกับน้ำตาลหม้อและกะทิ หยอดให้มีขนาดพอคำแล้วโรยถั่วทองคั่ว.
ขนมเปียกปูน 0,น.,ขนมชนิดหนึ่ง ทำด้วยแป้งข้าวเจ้าผสมกาบมะพร้าวเผาให้เป็นถ่านบดละเอียด ตั้งไฟกวนกับน้ำตาล กะทิ และน้ำปูนใส เมื่อสุกเทลงใส่ถาด ตัดเป็นชิ้น ๆ ให้เป็นรูปสี่เหลี่ยมด้านขนานที่มีด้านทั้ง ๔ ยาวเท่ากัน แต่ไม่มีมุมภายในเป็นมุมฉาก
ขนมเปียกปูน 1,น.,"เรียกรูปสี่เหลี่ยมด้านขนานที่มีด้านทั้ง ๔ ยาวเท่ากัน แต่ไม่มีมุมภายในเป็นมุมฉาก ว่า สี่เหลี่ยมขนมเปียกปูน, สี่เหลี่ยมข้าวหลามตัด ก็เรียก."
ขนมเปียะ 0,น.,"ขนมทำด้วยแป้ง มีไส้ต่าง ๆ เช่น ไส้ถั่วกวน ไส้ฟักเชื่อม ไส้ทุเรียนกวน, โบราณเรียก ขนมเปีย หรือ ขนมเปียะ. (จ.)"
ขนมเปี๊ยะ 0,น.,"ขนมทำด้วยแป้ง มีไส้ต่าง ๆ เช่น ไส้ถั่วกวน ไส้ฟักเชื่อม ไส้ทุเรียนกวน, โบราณเรียก ขนมเปีย หรือ ขนมเปียะ. (จ.)"
ขนมผสมน้ำยา 0,ว.,พอดีกัน จะว่าข้างไหนดีกว่ากันก็ไม่ได้.
ขนมผักกาด 0,น.,ของคาวชนิดหนึ่งทำด้วยแป้งผสมหัวผักกาด นึ่งให้สุก แล้วผัดกับถั่วงอก ผักกุยช่าย.
ขนมฝรั่งกุฎีจีน 0,น.,ขนมทำด้วยแป้งสาลี ไข่ น้ำตาลทราย ตีให้เข้ากัน ใส่พิมพ์รูปต่าง ๆ ผิงให้สุก แต่งหน้าด้วยลูกเกด ลูกพลับ ชิ้นฟักเชื่อม โรยด้วยน้ำตาลทราย.
ขนมรังผึ้ง 0,น.,"ขนมทำด้วยแป้งสาลี ไข่ น้ำตาล นม ตีให้เข้ากัน ใส่พิมพ์สองฝา ผิงไฟกลับไปกลับมาจนสุก เมื่อแกะออกมีลักษณะกลมและมีรอยบุ๋มทั้งสองด้านคล้ายรังผึ้ง, ขนมไข่ หรือ ขนมรู ๆ ก็เรียก, นัยว่ามาจากขนมวอฟเฟิล."
ขนมรู ๆ 0,น.,"ขนมทำด้วยแป้งสาลี ไข่ น้ำตาล นม ตีให้เข้ากัน ใส่พิมพ์สองฝา ผิงไฟกลับไปกลับมาจนสุก เมื่อแกะออกมีลักษณะกลมและมีรอยบุ๋มทั้งสองด้านคล้ายรังผึ้ง, ขนมไข่ หรือ ขนมรู ๆ ก็เรียก, นัยว่ามาจากขนมวอฟเฟิล."
ขนมลำเจียก 0,น.,ขนมทำด้วยข้าวเหนียวแช่แล้วตำละเอียด ทำให้เป็นก้อน ขูดบนแร่งลงกระทะ เมื่อแป้งจับเป็นแผ่นแล้ว ใส่ไส้มะพร้าวขูดผัดกับน้ำตาล พับเป็นรูปสามเหลี่ยมหรือสี่เหลี่ยม แล้วอบให้หอม.
ขนมสอดไส้ 0,น.,ขนมชนิดหนึ่ง มีไส้หน้ากระฉีก ปั้นเป็นก้อนหุ้มด้วยแป้งข้าวเหนียวดำ แล้วหยอดด้วยแป้งข้าวเจ้า กะทิ และเกลือ ซึ่งกวนสุกแล้ว ห่อด้วยใบตองหรือใส่กระทงนึ่งให้สุก.
ขนมสะบัดงา 0,น.,ขนมทำด้วยแป้งข้าวเหนียว มีไส้มะพร้าวกวนกับน้ำตาล ปั้นเป็นก้อนกลม ๆ คลุกงาคั่ว ทอดให้สุก.
ขนมเส้น 0,น.,"ขนมจีน, ข้าวเส้น ก็เรียก."
ขนมใส่ไส้ 0,น.,ขนมชนิดหนึ่ง มีไส้หน้ากระฉีก ปั้นเป็นก้อนหุ้มด้วยแป้งข้าวเหนียวดำ แล้วหยอดด้วยแป้งข้าวเจ้า กะทิ และเกลือ ซึ่งกวนสุกแล้ว ห่อด้วยใบตองหรือใส่กระทงนึ่งให้สุก.
ขนมหัวผักกาด 0,น.,ของคาวชนิดหนึ่งทำด้วยแป้งผสมหัวผักกาด นึ่งให้สุก แล้วผัดกับถั่วงอก ผักกุยช่าย.
ขนมหูช้าง 0,น.,ขนมทำด้วยแป้งข้าวเจ้า นวดทำเป็นแผ่นแบน ๆ ต้มให้สุกแล้วคลุกกับมะพร้าวทึนทึกขูดผสมเกลือ เป็นเครื่องกระยาบวช
ขนมหูช้าง 1,น.,ขนมทำด้วยแป้งข้าวเจ้าผสมน้ำตาล นวดแล้วคลึงเป็นแผ่น ทอดกรอบ.
ขนแมว 0,น.,รอยเป็นเส้น ๆ อยู่บนสิ่งที่ขัดเงายังไม่เกลี้ยงหรือบนผิวของเพชรที่เจียระไนแล้ว.
ขนลุก 0,น.,ขนตั้งชันขึ้นเพราะอากาศเย็นเยือก ความตกใจ หรือความเสียวซ่าน เป็นต้น.
ขนลุกขนชัน 0,น.,ขนตั้งชันขึ้นเพราะความขยะแขยงหรือตกใจกลัวเป็นต้น.
ขนลุกขนพอง 0,น.,ขนตั้งชันขึ้นเพราะความขยะแขยงหรือตกใจกลัวเป็นต้น.
ขนส่ง 0,น.,ธุรกิจเกี่ยวด้วยการขนและส่ง เช่น ขนส่งสินค้า.
ขนสัตว์ 0,น.,เรียกผ้าที่ทอจากขนของสัตว์บางชนิดเช่นแกะ ว่า ผ้าขนสัตว์.
ขนหน้าแข้งไม่ร่วง 0,ว.,ไม่กระทบกระเทือนถึงเดือดร้อน (ใช้แก่คนมั่งมีที่ต้องจ่ายเงินแม้จะมากแต่ก็ดูเหมือนเป็นจำนวนเล็ก ๆ น้อย ๆ).
ขนหนู 0,น.,เรียกผ้าที่มีลักษณะเป็นขนขดใช้ห่มหรือเช็ดตัวเป็นต้น ว่า ผ้าขนหนู.
ขนหย็อง 0,น.,ขนหัวตั้งชัน ตัวลีบ หางตก เป็นอาการของไก่หรือนกที่รู้สึกกลัวไม่กล้าสู้.
ขนหย็อง 1,ก.,"โดยปริยายใช้แก่คนที่ไม่กล้าสู้, กลัว."
ขนหัวลุก 0,ว.,อาการที่ตกใจหรือกลัวมากเป็นต้นจนรู้สึกคล้ายกับผมตั้งชันขึ้น.
ขนอง 0,น.,"หลัง, ใช้เป็นราชาศัพท์ว่า พระขนอง."
ขนอน 0,น.,"สถานที่ซึ่งตั้งอยู่ในเส้นทางเข้าออกเมืองหรือเขตแดน เพื่อตรวจคนเข้าออก ผู้ลักลอบผ่านด่าน สิ่งของหรือสินค้าต้องห้าม และเรียกเก็บภาษีอากรสินค้า, ที่คอยเหตุและคนแปลกปลอม."
ขนอน 1,น.,ภาษีผ่านด่านชนิดหนึ่ง.
ขนอบ 0,ก.,นิ่ง.
ขนอบ 1,น.,ไม้ ๒ อันประกับเป็นขอบหรือกรอบของสิ่งของเพื่อให้แน่น เช่น ไม้ขนอบใบลาน.
ขนอุย 0,น.,ขนอ่อนหรือขนเพิ่งแรกขึ้น.
ขนัด 0,น.,"แถว, แนว, เช่น เรือแล่นเป็นขนัด"
ขนัด 1,น.,ลักษณนามใช้เรียกสวนที่มีคันดินกั้นเป็นตอน ๆ เช่น สวนขนัดหนึ่ง สวน ๒ ขนัด.
ขนัด 2,ว.,แออัด ในคำว่า แน่นขนัด.
ขนัน 0,น.,"ชื่อไม้ต้นชนิดหนึ่ง, คู่กับ ขนุน."
ขนัน 1,ก.,"กัน, บัง, ขวาง, เช่น ขนันนํ้า"
ขนัน 2,ก.,"วง, ล้อม, เช่น ล้อมขนัน"
ขนัน 3,ก.,"ผูก, รัด, เช่น ขนันศพเด็ก."
ขนัน 4,ว.,ขัน.
ขนาง 0,ก.,"กระดาก, อาย."
ขนาด 0,น.,ลักษณะของรูปที่กำหนดสังเกตได้ว่าใหญ่ เล็ก สั้น ยาว หนัก หรือ เบา เท่านั้นเท่านี้ เช่น ขนาดใหญ่ ขนาดยาว ขนาด ๒ x ๑ เมตร
ขนาด 1,น.,"อัตรา, เกณฑ์ที่กำหนดไว้, เช่น ดีถึงขนาด เกินขนาด ไม่ได้ขนาด."
ขนาด 2,น.,เครื่องสาดนํ้ารดต้นไม้ โดยมากสานด้วยไม้ไผ่ รูปแบน ๆ มีด้ามสำหรับถือ.
ขนาน 0,น.,หมู่
ขนาน 1,น.,ลักษณนามเรียกยาที่ปรุงขึ้น เช่น ยาขนานหนึ่ง ยา ๒ ขนาน.
ขนาน 2,ก.,"เรียงคู่กันไป เช่น เรือแล่นขนานกันไป วิ่งขนาน, เรียกเรือที่ผูกหรือตรึงติดเรียงคู่กันสำหรับข้ามฟาก ว่า เรือขนาน"
ขนาน 3,ก.,"เรียก, ตั้ง, เช่น ขนานนาม ว่า ตั้งชื่อ."
ขนาน 4,น.,เรียกเส้นตรงคู่ใด ๆ ซึ่งอยู่ห่างกันเป็นระยะเท่ากันโดยตลอด ว่า เส้นขนาน.
ขนานน้ำ 0,น.,ท่าที่เอาเรือ ๒ ลำมาจอดเทียบเคียงกันแล้วปูกระดานเพื่อให้ขึ้นลงสะดวก.
ขนานลี่ 0,น.,เรือแล่นคู่เคียงกันไป.
ขนานใหญ่ 0,ว.,มาก เช่น สับเปลี่ยนตำแหน่งกันขนานใหญ่.
ขนาบ 0,ก.,"ประกบเข้าให้แน่น เช่น เอาไม้ขนาบทั้งข้างล่างข้างบนหรือขนาบข้างเป็นต้น, ประชิดเข้าไปทั้ง ๒ ข้าง เช่น กองทัพตีขนาบ, ติดชิดกันอยู่ทั้ง ๒ ข้าง เช่น ที่ดินขนาบคาบเกี่ยวกัน"
ขนาบ 1,ก.,ดุดันเอา เช่น ถูกขนาบ
ขนาบ 2,ก.,"โดยปริยายหมายความว่า เรื่อยมา, ตลอดมา, เช่น รับของถวายกันขนาบมา (ประพาสมลายู)."
ขนาย 0,น.,งาช้างพัง.
ขนำ 0,น.,กระท่อมชั่วคราวในทุ่งนาเป็นต้น.
ขนิษฐ์ 0,น.,น้อง.
ขนิษฐา 0,น.,น้อง.
ขนุน 0,น.,"ชื่อไม้ต้นขนาดกลางถึงขนาดใหญ่ชนิด Artocarpus heterophyllus Lam. ในวงศ์ Moraceae มีนํ้ายางขาว แก่นสีเหลือง เรียกว่า กรัก ใช้ต้มเอานํ้าย้อมผ้า ผลกลมยาวราว ๒๐-๕๐ เซนติเมตร ภายนอกเป็นหนามถี่ ภายในมียวงสีเหลืองหรือสีจำปา รสหวาน กินได้ พันธุ์ที่มียวงสีเหลือง เนื้อนุ่มแต่ไม่เหลว เรียก ขนุนหนัง, พันธุ์ที่มียวงสีจำปา เนื้อนุ่ม เรียก ขนุนจำปาดะ, ส่วนพันธุ์ที่มียวงสีเหลือง เนื้อเหลว เรียก ขนุนละมุด."
ขนุน 1,น.,"ชื่อปลาทะเลขนาดเล็กถึงขนาดกลางชนิด Lactarius lactarius (Bloch & Schneider) ในวงศ์ Lactariidae ลำตัวกว้าง แบนข้าง หัวโต ปากกว้างและเชิดขึ้น เกล็ดหลุดง่าย มีครีบหลัง ๒ ตอน ตอนที่ ๒ ยาวและมีลักษณะคล้ายครีบก้นซึ่งอยู่ตรงข้ามและยาวกว่าเล็กน้อย ลำตัวสีเงินตลอด ที่ขอบด้านบนของแผ่นปิดเหงือกมีจุดสีดำเด่น ครีบต่าง ๆ สีเหลืองอ่อน พบตลอดชายฝั่ง ขนาดยาวได้ถึง ๔๐ เซนติเมตร, ขนุน ญวน ซับขนุน หรือ สาบขนุน ก็เรียก."
ขนุนนก 0,น.,ชื่อไม้ต้นขนาดใหญ่ชนิด Palaquium obovatum (Griff.) Engl. ในวงศ์ Sapotaceae มีนํ้ายางขาว จับเป็นก้อนแข็งเมื่อผสมกับยางอื่น ๆ ใช้ยาเรือได้.
ขนุนป่า 0,น.,ชื่อไม้ต้นขนาดใหญ่หลายชนิด เช่น Artocarpus lanceifolius Roxb. ในวงศ์ Moraceae เกิดในป่าดิบ.
ขนุนสำปะลอ 0,น.,ชื่อไม้ต้นขนาดกลางชนิด Artocarpus altilis (Parkinson) Fosberg ในวงศ์ Moraceae ใบใหญ่เป็นแฉก ๆ ผลมีเมล็ดมาก กินได้ พันธุ์ที่ผลไม่มีเมล็ด เรียก สาเก เนื้อกินได้.
ขบ 0,ก.,"เอาฟันเน้นเพื่อให้แตก เช่น ขบเมล็ดแตงโม, เอาฟันเน้นกัน เช่น ขบฟัน"
ขบ 1,ก.,กัด เช่น หมาใดตัวร้ายขบ บาทา (โลกนิติ)
ขบ 2,ก.,"อาการที่เมื่อยปวดเหมือนมีอะไรบีบหรือกดอยู่ที่ตรงนั้น เรียกว่า เมื่อยขบ, ลักษณะของสิ่งที่ยังเข้ากันได้ไม่สนิท ยังปีนหรือเกยกันอยู่ เช่น บานประตูขบกัน"
ขบ 3,ก.,อาการที่เล็บมือเล็บเท้ายาวจนกดเนื้อข้างเล็บ เรียกว่า เล็บขบ.
ขบ 4,น.,"ชื่อปลานํ้าจืดไม่มีเกล็ดชนิด Belodontichthys truncatus (Bleeker) ในวงศ์ Siluridae รูปร่างคล้ายปลาค้าว เว้นแต่มีขนาดเล็กกว่า คือ ยาวประมาณ ๗๐ เซนติเมตร ปากเชิดขึ้นถึงแนวสันหลัง ครีบหลังเล็กมาก ครีบอกใหญ่และยาว ส่วนบนลำตัวหนาลู่แคบลงไปในแนวสันท้อง หลังกว้าง ด้านหลังสีเทาอมเขียว ข้างท้องสีเงิน พบตามแหล่งนํ้าใหญ่ทั่วไป, เบี้ยว อ้ายเบี้ยว หรือ ขบ ก็เรียก."
ขบขัน 0,ว.,"น่าหัวเราะ, ชวนหัวเราะ, ขัน ก็ว่า."
ขบเขี้ยวเคี้ยวฟัน 0,ก.,แสดงอาการโกรธเมื่อยังทำอะไรเขาไม่ได้.
ขบคิด 0,ก.,คิดตรึกตรองอย่างหนัก.
ขบฉัน 0,ก.,เคี้ยวกิน (ใช้แก่นักบวช).
ขบฉัน 1,น.,เรียกอาหารการกินของนักบวช ว่า ของขบฉัน.
ขบถ 0,ก.,"ประทุษร้ายต่อทางอาณาจักร, ทรยศ, กบฏ ก็ว่า."
ขบถ 1,น.,"การประทุษร้ายต่อทางอาณาจักร, ความทรยศ, กบฏ ก็ว่า."
ขบถ 2,น.,"ผู้ประทุษร้ายต่อทางอาณาจักร, ผู้ทรยศ, กบฏ ก็ว่า."
ขบปัญหา 0,ก.,คิดแก้ปัญหา.
ขบเผาะ 0,ว.,เรียกผลมะม่วงอ่อน ๆ ขนาดหัวแม่มือ ว่า มะม่วงขบเผาะ หมายเอาเสียงเวลาเอาฟันขบดังเผาะ
ขบเผาะ 1,ว.,โดยปริยายเรียกวัยของเด็กหญิงที่เพิ่งเริ่มแตกเนื้อสาว ว่า วัยขบเผาะ.
ขบไม่แตก 0,ก.,"คิดไม่ออก, แก้ไม่ตก, (ใช้แก่ปัญหา)."
ขบวน 0,น.,"กระบวน, พวกที่จัดเป็นแถวเป็นแนวหรือเป็นหมวดเป็นหมู่อย่างขบวนแห่ ขบวนรถ ขบวนเรือ"
ขบวน 1,น.,ทางขี้ผึ้งในการหล่อรูป.
ขบวนการ 0,น.,กลุ่มบุคคลที่รวมกันเพื่อดำเนินการอย่างใดอย่างหนึ่ง.
ขบวร 0,ก.,"แต่ง, ประดับ."
ขบวร 1,ว.,งาม.
ขบูร 0,ก.,"แต่ง, ประดับ."
ขบูร 1,ว.,งาม.
ข่ม 0,ก.,ใช้กำลังกดลงไม่ให้เผยอขึ้น
ข่ม 1,ก.,สานลายด้วยการใช้เส้นตอกเป็นต้นที่เป็นเส้นสานขัดทับอยู่ข้างบนเส้นตอกที่เป็นเส้นยืน ตรงข้ามกับคำ ยก คือ ใช้เส้นสานลอดใต้เส้นยืน เช่น ยก ๒ ข่ม ๒
ข่ม 2,ก.,"โดยปริยายหมายความว่า แสดงกิริยาวาจาให้เห็นว่าเหนือกว่า หรือทำให้อีกฝ่ายหนึ่งรู้สึกว่าด้อยกว่า เช่น แต่งตัวข่มเพื่อน พูดข่ม, บังคับ เช่น ข่มใจ ข่มอารมณ์"
ข่ม 3,ก.,ครอบ.
ขม 0,ว.,รสอย่างหนึ่งอย่างรสสะเดาหรือบอระเพ็ด.
ขม 1,น.,"ชื่อไม้ล้มลุกในสกุล Amaranthus วงศ์ Amaranthaceae มีหลายชนิด เช่น ผักขมหนาม ( A. spinosus L.) ลำต้นมีหนาม ใช้ทำยาได้ ผักขมสวน ( A. tricolor L.) ผักขมแดง ( A. caudatus L.) ใบสีแดง ปลูกเป็นไม้ประดับ, ผักโขม หรือ ผักโหม ก็เรียก."
ขม 2,น.,บวบขม. [ดู นมพิจิตร ( ๒)].
ขม 3,น.,หวายขม. [ดู หวาย ( ๑)].
ขม 4,น.,เทียนขม. (ดู เทียนขม ที่ เทียน ๓).
ขม 5,น.,ชื่อบัวสายพันธุ์หนึ่งในสกุล Nymphaea ดอกเล็ก สีขาว สายกินได้ หัวมีรสขม.
ขม 6,น.,"ชื่อหอยนํ้าจืดกาบเดี่ยวในวงศ์ Viviparidae เปลือกม้วนเป็นวงซ้อนกัน ยอดแหลม สีเขียวหรือเขียวอมดำ ออกลูกเป็นตัว มีหลายชนิด เช่น ชนิด Filopaludina sumatrensis (Dunker), F. doliaris (Gould)."
ข่มขวัญ 0,ก.,ทำให้ขวัญเสีย เช่น พูดข่มขวัญฝ่ายตรงข้าม.
ข่มขี่ 0,ก.,กดขี่.
ขมขื่น 0,ก.,"รู้สึกชํ้าใจแต่ฝืนไว้ เพราะไม่สามารถแสดงออกมาได้, ขื่นขม ก็ใช้."
ข่มขืน 0,ก.,"บังคับ, ขืนใจ, ขู่เข็ญ."
ข่มขืนกระทำชำเรา 0,น.,เป็นฐานความผิดอาญา ที่ผู้กระทำ ชำเราบุคคลอื่น ไม่ว่าผู้กระทำหรือผู้ถูกกระทำจะเป็นชายหรือหญิง และจะเป็นคู่สมรสของตนหรือไม่ โดยใช้กำลังประทุษร้าย โดยผู้ถูกกระทำอยู่ในภาวะที่ไม่สามารถขัดขืนได้ หรือโดยทำให้ผู้ถูกกระทำเข้าใจผิดว่าตนเป็นบุคคลอื่น.
ข่มขืนใจ 0,ก.,บังคับจิตใจหรือฝืนใจให้ต้องกระทำการหรืองดเว้นกระทำการ เช่น ข่มขืนใจเจ้าพนักงานให้ปฏิบัติการอันมิชอบด้วยหน้าที่ หรือให้ละเว้นการปฏิบัติการตามหน้าที่ โดยใช้กำลังประทุษร้าย หรือขู่เข็ญว่าจะใช้กำลังประทุษร้าย ซึ่งเป็นความผิดต่อเจ้าพนักงาน.
ข่มขู่ 0,ก.,"ทำให้กลัว, ทำให้เสียขวัญ."
ข่มเขาโคขืนให้กินหญ้า 0,ก.,บังคับขืนใจผู้อื่นให้ทำตามที่ตนต้องการ เช่น จะจัดแจงแต่งตามอารมณ์เรา เหมือนข่มเขาโคขืนให้กินหญ้า (สังข์ทอง).
ขมงโกรย 0,น.,"ชื่อปลาทะเลและนํ้ากร่อยชนิด Hilsa kelee (Cuvier) ในวงศ์ Clupeidae ลำตัวป้อม แบนข้าง ปากเชิดขึ้น ไม่มีฟัน ท้องเป็นสันแหลม เกล็ดในแนวสันท้องเป็นเหลี่ยมคม เรียงต่อกันคล้ายฟันเลื่อย ซี่เหงือกมีจำนวนมากเรียงชิดกันและงอโค้งออกเสมอกันโดยตลอด ลำตัวสีเงิน หลังสีนํ้าเงินคลํ้า แนวกลางและข้างตัวมีจุดสีดำ ๓-๘ จุดเรียงกัน ๑ แถว จุดแรกที่ใกล้มุมแผ่นปิดเหงือกเด่นชัดที่สุด ขนาดยาวได้ถึง ๒๕ เซนติเมตร, ขมงโกรย ลินโกรย หรือ หมากผาง ก็เรียก."
ข่มท้อง 0,ก.,ใช้มือกดท้องช่วยในการคลอดลูก.
ข่มนาม 0,ก.,ทำพิธีข่มชื่อศัตรูก่อนยกทัพ.
ขมเป็นยา 0,น.,"คำติมักเป็นประโยชน์ทำให้ได้คิด, มักใช้เข้าคู่กับ หวานเป็นลม ว่า หวานเป็นลม ขมเป็นยา."
ขมม 0,ก.,"เชยชม, คลึงเคล้า."
ขมวด 0,ก.,"บิดม้วนแล้วขอดให้เป็นปม, โดยปริยายหมายความว่า ย่นย่อข้อความทิ้งท้ายไว้ให้คิด."
ขมวด 1,น.,ลักษณนามเรียกของที่ขมวดอย่างนั้น เช่น หัวหอม ๔ ขมวด.
ขมวดยา 0,น.,"ชื่อเรือที่ขุดขึ้นจากซุงทั้งต้น ใหญ่กว่าเรือกราบ รูปร่างค่อนข้างเพรียว หัวและท้ายเรือเสริมไม้ต่อเป็นโขนงอนเชิดขึ้น ด้านข้างหัวเรือเขียนลวดลายด้วยนํ้ายาสีต่าง ๆ วางกระทงขวางลำสำหรับคนนั่งพายได้ประมาณ ๕๐ คน เป็นเรือตามเสด็จในการเสด็จพระราชดำเนินโดยกระบวนพยุหยาตราชลมารคหรือเสด็จพระราชดำเนินลำลองทางชลมารค ใช้เป็นเรือกันหรือเรือพิฆาตได้, โขมดยา ก็ว่า."
ขมวน 0,น.,ชื่อหนอนแมลงพวกด้วงที่กินปลาแห้ง เนื้อแห้ง และอาหารแห้งอื่น ๆ โดยทิ้งรอยให้เห็นเป็นขุยเล็ก ๆ ออกมา ตัวหนอนมักมีสีครีมหรือนํ้าตาลอ่อน มีขนปกคลุม ที่พบบ่อย เช่น ชนิด Dermestes maculatus De Geer ในวงศ์ Dermestidae ซึ่งเมื่อเป็นตัวเต็มวัยจะเป็นด้วงที่มีลำตัวยาว ๗-๙ มิลลิเมตร ตัวสีดำ ท้องสีขาวหม่นและมีเส้นสีดำพาดตามขวาง.
ขมวน 1,ว.,"ผุ, ยุ่ย, ใช้แก่เนื้อแห้งปลาแห้งเป็นต้นที่เก็บไว้นาน ๆ ซึ่งเกิดจากเชื้อราหรือตัวขมวนกัดกิน เช่น ปลาเป็นขมวน เนื้อเป็นขมวน."
ข่มหมู 0,ก.,รังแก.
ขมหิน 0,น.,ชื่อไม้ล้มลุกชนิด Boerhavia diffusa L. ในวงศ์ Nyctaginaceae ใช้ทำยาได้.
ข่มเหง 0,ก.,ใช้กำลังรังแกแกล้งทำความเดือดร้อนให้ผู้อื่น.
ข่มเหงคะเนงร้าย 0,ก.,รังแกเบียดเบียน.
ขมอง 0,น.,สมอง เช่น ปวดขมอง.
ขม่อม 0,น.,"ส่วนของกะโหลกอยู่ตรงแนวกลางศีรษะ แต่ต่ำกว่าส่วนสูงสุดลงมาใกล้หน้าผาก ในเด็กแรกเกิดจนถึง ๒ ขวบส่วนนี้จะมีเนื้อเยื่ออ่อนปิดรอยประสานกะโหลกที่ยังเปิดอยู่ หลังจากนั้นเนื้อเยื่ออ่อนนี้จะกลายเป็นกระดูก, โดยปริยายหมายรวม ๆ ว่า หัว เช่น เป่าขม่อม ลงขม่อม, กระหม่อม ก็ว่า."
ขม่อมบาง 0,ว.,"เจ็บป่วยง่าย เช่น เขาเป็นคนขม่อมบาง ถูกนํ้าค้างหน่อยก็เป็นหวัด, กระหม่อมบาง ก็ว่า."
ขมอย 0,น.,"หลาน, ลูกหลาน, เช่น ขมอยเมือเฝือแฝกหญ้า ยุงชุมฉ่าฝ่าเหลือบฝูง (ม. คำหลวง ทานกัณฑ์)."
ขมัง 0,น.,พรานธนู.
ขมัง 1,ว.,"แรง, แข็งขัน, เช่น สองอาจแข็งขมังขึ้น แบ่งให้กันเสมอ (กำสรวล)."
ขมับ 0,น.,ส่วนที่อยู่หางคิ้วเหนือกระดูกแก้มทั้ง ๒ ข้าง.
ขมา 0,น.,ความอดกลั้นไม่ถือโทษ
ขมา 1,น.,การยกโทษให้เมื่ออีกฝ่ายหนึ่งยอมรับผิด เช่น รับขมา.
ขมา 2,ก.,"กล่าวคำขอโทษ เช่น ไปขมาศพ, ษมา ก็ใช้."
ขม้ำ 0,ก.,เอาปากงับกินเร็ว ๆ (ใช้แก่สุนัขเป็นต้น ถ้าใช้แก่คน ถือว่าเป็นคำไม่สุภาพ).
ขมิ้น 0,น.,"ชื่อไม้ล้มลุกชนิด Curcuma longa L. ในวงศ์ Zingiberaceae เหง้าสีเหลือง ใช้ปรุงอาหาร ทำยา ทำผงทาตัว และใช้ย้อมผ้า, ขมิ้นชัน ก็เรียก, อีสานและปักษ์ใต้เรียก ขี้มิ่น."
ขมิ้น 1,น.,ชื่อนกขนาดกลางในวงศ์ Oriolidae ตัวขนาดไล่เลี่ยกับนกเอี้ยง มีหลายสี เช่น เหลือง แดง ขาว ตัวผู้และตัวเมียมีสีแตกต่างกัน ตัวเมียสีหม่นไม่สวยงาม ทำรังเป็นรูปถ้วยตามง่ามไม้สูง ๆ กินผลไม้และแมลง ในประเทศไทยมีหลายชนิด เช่น ขมิ้นท้ายทอยดำหรือขมิ้นเหลืองอ่อน ( Oriolus chinensis Linn .) ขมิ้นแดง [ O. traillii (Vigors)] ขมิ้นขาว ( O. mellianusStresemann) .
ขมิ้นกับปูน 0,ว.,"ชอบวิวาทกันอยู่เสมอเมื่ออยู่ใกล้กัน, ไม่ถูกกัน."
ขมิ้นขาว 0,น.,ชื่อไม้ล้มลุกชนิด Curcuma mangga Valeton et Zijp ในวงศ์ Zingiberaceae เหง้าสีขาวอมเหลืองอ่อน ใช้เป็นผัก.
ขมิ้นขึ้น 0,น.,"ชื่อไม้ล้มลุกชนิด Curcuma zedoaria (Berg.) Roscoe ในวงศ์ Zingiberaceae เหง้าสีเหลือง บางส่วนโผล่พ้นดินขึ้นมา ใช้ปรุงอาหารและทำยา, ขมิ้นขึ้น หรือ ขมิ้นหัวขึ้น ก็เรียก, ปักษ์ใต้เรียก กะตุมู."
ขมิ้นเครือ 0,น.,"ชื่อไม้เถาหลายชนิด ในวงศ์ Combretaceae เช่น ชนิด Combretum acuminatum Roxb. และในวงศ์ Menispermaceae เช่น ชนิด Arcangelisia flava (L.) Merr., Fibraurea tinctoria Lour. ทั้ง ๓ ชนิดใช้ทำยาได้, ชนิดหลัง กำแพงเจ็ดชั้น ก็เรียก."
ขมิ้นชัน 0,น.,"ชื่อไม้ล้มลุกชนิด Curcuma longa L. ในวงศ์ Zingiberaceae เหง้าสีเหลือง ใช้ปรุงอาหาร ทำยา ทำผงทาตัว และใช้ย้อมผ้า, ขมิ้นชัน ก็เรียก, อีสานและปักษ์ใต้เรียก ขี้มิ่น."
ขมิ้นน้อย 0,น.,ชื่อนกขนาดเล็กในวงศ์ Irenidae ปากยาวแหลมตรง ขนตามลำตัวและปีกส่วนใหญ่สีเหลืองอมเขียว ขนคลุมตะโพกสีเหลืองและเขียวอ่อนนุ่มและหนาแน่น หางสั้นสีดำหรือสีเทาเข้ม ปลายหางตัด ในประเทศไทย มี ๓ ชนิด คือ ขมิ้นน้อยธรรมดา [ Aegithina tiphia (Linn.)] ขมิ้นน้อยสีเขียว [ A. viridissima (Bonaparte)] และขมิ้นน้อยปีกสีเรียบ [ A. lafresnayei (Hartlaub)].
ขมิ้นนาง 0,น.,"ชื่อไม้พุ่ม ๓ ชนิดในสกุล Dendrolobium และ Dicerma วงศ์ Leguminosae คือ ชนิด D. triangulare (Retz.) Schindl. มักขึ้นในที่โล่งตํ่าซึ่งชุ่มแฉะในฤดูฝน ฝักเล็กแบนคอดกิ่วเป็นข้อ ๆ ใช้ทำยาได้, ขมิ้นนาง ขมิ้นลิง ลูกประคำผี หน้านวล เหนียวหมา หรือ อีเหนียว ก็เรียก, ชนิด D. lanceolatum (Dunn) Schindl. ขึ้นตามป่าผลัดใบที่มีต้นไผ่ สูงประมาณ ๑ เมตร ใบรูปไข่กลับ โคนใบสอบ, กระดูกเขียด แกลบหนู แกลบหูหนู แปรงหูหนู หรือ อึ่งใหญ่ ก็เรียก, และชนิด Dicerma biarticulatum (L.) DC. ชอบขึ้นตามไหล่ทางที่ตัดผ่านทุ่งนา สูงประมาณ ๑ เมตร ใบเล็กคล้ายใบมะขาม ดอกสีม่วง."
ขมิ้นลิง 0,น.,"ชื่อไม้พุ่ม ๓ ชนิดในสกุล Dendrolobium และ Dicerma วงศ์ Leguminosae คือ ชนิด D. triangulare (Retz.) Schindl. มักขึ้นในที่โล่งตํ่าซึ่งชุ่มแฉะในฤดูฝน ฝักเล็กแบนคอดกิ่วเป็นข้อ ๆ ใช้ทำยาได้, ขมิ้นนาง ขมิ้นลิง ลูกประคำผี หน้านวล เหนียวหมา หรือ อีเหนียว ก็เรียก, ชนิด D. lanceolatum (Dunn) Schindl. ขึ้นตามป่าผลัดใบที่มีต้นไผ่ สูงประมาณ ๑ เมตร ใบรูปไข่กลับ โคนใบสอบ, กระดูกเขียด แกลบหนู แกลบหูหนู แปรงหูหนู หรือ อึ่งใหญ่ ก็เรียก, และชนิด Dicerma biarticulatum (L.) DC. ชอบขึ้นตามไหล่ทางที่ตัดผ่านทุ่งนา สูงประมาณ ๑ เมตร ใบเล็กคล้ายใบมะขาม ดอกสีม่วง."
ขมิ้นหัวขึ้น 0,น.,"ชื่อไม้ล้มลุกชนิด Curcuma zedoaria (Berg.) Roscoe ในวงศ์ Zingiberaceae เหง้าสีเหลือง บางส่วนโผล่พ้นดินขึ้นมา ใช้ปรุงอาหารและทำยา, ขมิ้นขึ้น หรือ ขมิ้นหัวขึ้น ก็เรียก, ปักษ์ใต้เรียก กะตุมู."
ขมิ้นอ้อย 0,น.,"ชื่อไม้ล้มลุกชนิด Curcuma zedoaria (Berg.) Roscoe ในวงศ์ Zingiberaceae เหง้าสีเหลือง บางส่วนโผล่พ้นดินขึ้นมา ใช้ปรุงอาหารและทำยา, ขมิ้นขึ้น หรือ ขมิ้นหัวขึ้น ก็เรียก, ปักษ์ใต้เรียก กะตุมู."
ขมิบ 0,ก.,"กระหมิบ, บีบเข้าหรือเม้มเข้าซ้ำ ๆ กัน (มักใช้แก่ปาก ช่องทวารหนัก และทวารเบา)"
ขมิบ 1,ก.,อาการที่กล้ามเนื้อขอบปากทวารรัดตัวเข้ามา.
ขมีขมัน 0,ว.,รีบเร่งในทันทีทันใด.
ขมึง 0,ก.,ขึงตา.
ขมึงทึง 0,ว.,"ลักษณะหน้าตาที่บูดบึ้งไม่ยิ้มแย้ม, หน้าตาน่ากลัว, ถมึงทึง ก็ว่า."
ขมุ 0,น.,ชื่อชนชาวเขาเผ่าหนึ่งในตระกูลมอญ−เขมร.
ขมุกขมัว 0,ว.,"มืด ๆ มัว ๆ, โพล้เพล้, จวนคํ่า, จวนมืด, โดยปริยายใช้หมายถึงสีมัว ๆ, ไม่ผ่องใส, เช่น ครั้นจะทำขมุกขมัวมอมแมม ชายเห็นจะเยื้อนแย้มบริภาษให้บาดจิต (ม. ร่ายยาว ทานกัณฑ์)."
ขมุดขมิด 0,ว.,"กระหมุดกระหมิด, หวุดหวิด"
ขมุดขมิด 1,ว.,บิดกระหมวด
ขมุดขมิด 2,ว.,"ไม่แน่น, ไม่ถึง, ไม่ถนัด."
ขมุบ 0,ก.,"กระหมุบ, กระดุบกระดิบ, ทำปากหมุบ ๆ"
ขมุบ 1,ก.,เต้นตุบ ๆ อย่างชีพจรเต้น.
ขมุบขมิบ 0,ก.,"อาการที่ริมฝีปากเผยอขึ้นและหุบลงโดยเร็ว, อาการของปากที่พูดอย่างไม่ออกเสียง, เช่น ทำปากขมุบขมิบ สวดมนต์ขมุบขมิบ, กระหมุบกระหมิบ หรือ หมุบหมิบ ก็ว่า."
ขมุม 0,น.,ผึ้ง.
ขโมย 0,น.,ผู้ลักทรัพย์.
ขโมย 1,ก.,"ลัก, โดยปริยายหมายความว่า ลอบทำสิ่งที่ตนไม่มีสิทธิ์หรือไม่ได้รับอนุญาต เช่น เด็กขโมยสูบบุหรี่ เขาขโมยอ่านจดหมายเพื่อน."
ขย- 0,น.,"ความสิ้นไป, ความเสื่อมไป, โดยมากใช้ในสมาส เช่น ขยธรรม อาสวักขยญาณ, ถ้าใช้โดด ๆ หรือเป็นคำท้ายสมาส เป็น ขัย เช่น อายุขัย."
ขยด 0,ก.,"ถด, ถอย, กระเถิบ, เลื่อนจากที่เดิม, เช่น ทวารวังในว่าใกล้ ฤๅแลวันนี้ไสร้ ขยดออกรื้อดูไกล บารนีฯ (ลอ), ใช้ว่า กระหยด ก็มี เช่น กระหยดเข้า นางเจ้าแม่ทรงศาสตราชัย (มโนห์รา)."
ขยม 0,น.,"ขยุม, ข้า, บ่าว."
ขยม 1,ส.,"ขยุม, ฉัน, เป็นสรรพนามบุรุษที่ ๑."
ขย่ม 0,ก.,"ใช้นํ้าหนักตัวกดลง แล้วยกตัวขึ้นแล้วกลับกดลงอีกซ้ำ ๆ กัน, ห่ม ก็ว่า."
ขยล 0,น.,ลม.
ขยอก 0,น.,"ชื่อหนอนผีเสื้อชนิด Parapoynx stagnalis (Zeller) ในวงศ์ Pyralidae ตัวหนอนมีผิวใสสีเขียวอ่อน หัวสีนํ้าตาล ข้างตัวมีเหงือกลักษณะเป็นพู่จำนวน ๖ คู่ สำหรับหายใจในนํ้าที่ขังอยู่ในปลอกหุ้มตัวซึ่งสร้างขึ้นจากใบข้าว ปลอกยาว ๒๕-๓๕ มิลลิเมตร ลอยไปตามน้ำได้ จัดเป็นศัตรูของข้าว, หนอนปลอกข้าว ก็เรียก."
ขยอก 1,ก.,"อาการที่ค่อย ๆ กลืนอาหารที่คับคอลงไปทีละน้อย, กระเดือกเข้าไป."
ขยอง 0,ก.,"ผยอง, รู้สึกหวาดกลัว."
ขยอง 1,น.,"โขยง, พวก, หมู่, ฝูง."
ขย่อน 0,ว.,กระชั้น เช่น ครั้นไก่ขันขย่อนค่อนคืน (มณีพิชัย).
ขย้อน 0,ก.,"อาการขยับขึ้นขยับลง, กระย่อน หรือ กระหย่อน ก็ว่า"
ขย้อน 1,ก.,ทำอาการจะอาเจียน.
ขยะ 0,น.,"หยากเยื่อ, มูลฝอย, ใช้ว่า กระหยะ ก็มี."
ขยะแขยง 0,ก.,"เกลียดเมื่อได้เห็นหรือถูกต้องสิ่งที่สกปรก น่ารังเกียจ หรือน่าเกลียดน่ากลัว หรือเมื่อนึกถึงสิ่งนั้น, แขยง ก็ว่า."
ขยัก 0,ก.,กักหรือเก็บไว้บ้างไม่ปล่อยไปจนหมดหรือไม่ทำให้หมด.
ขยัก 1,น.,"ตอน, พัก, เช่น ทำ ๒ ขยัก ๓ ขยัก."
ขยักขย่อน 0,ก.,ทำ ๆ หยุด ๆ ไม่ให้เสร็จในรวดเดียว.
ขยักขย้อน 0,ก.,มีอาการพะอืดพะอมจวนจะอาเจียน.
ขยั้น 0,ก.,"คร้าม, เกรง, ไม่กล้า, แหยง."
ขยัน 0,ก.,"ทำการงานอย่างแข็งขันไม่ปล่อยปละละเลย, ทำหรือประพฤติเป็นปรกติสมํ่าเสมอ, ไม่เกียจคร้าน"
ขยัน 1,ก.,"แข็งแรง, เข้าที, เช่น เนื้อหนังขยันมั่นคงนัก (อิเหนา), พอกํ้ากึ่งกลางนั้นขยันนัก (เพลงยาวถวายโอวาท)."
ขยัน 2,น.,ชื่อไม้เถาชนิด Bauhinia strychnifolia Craib ในวงศ์ Leguminosae เปลือกมีรสหวาน ๆ ฝาด ๆ ใช้กินกับหมาก.
ขยับ 0,ก.,เคลื่อนไหวหรือทำท่าว่าจะทำอย่างใดอย่างหนึ่ง เช่น ขยับปากจะพูด ขยับปีกจะบิน ขยับดาบจะฟัน
ขยับ 1,ก.,เลื่อนที่เล็กน้อย เช่น ขยับตู้ใบนี้เข้าไปให้ชิดฝา นั่งอยู่ห่างนักขยับเข้ามาให้ใกล้ ราคาสินค้าขยับขึ้น
ขยับ 2,ก.,โดยปริยายหมายความว่า เคลื่อนใกล้เข้ามา เช่น วันเปิดสนามบินสุวรรณภูมิขยับเข้ามาแล้ว.
ขยับขยาย 0,ก.,แก้ไขให้คลายความลำบากหรือความคับแคบเป็นต้น เพื่อให้เหมาะแก่ความต้องการหรือเหตุการณ์ เช่น บ้านหลังนี้คับแคบลงไปแล้ว ต้องหาทางขยับขยาย อดทนทำงานนี้ไปก่อนแล้วค่อยขยับขยาย.
ขยับเขยื้อน 0,ก.,"เคลื่อนที่, เลื่อนที่, ย้ายที่, (มักใช้ในความปฏิเสธ) เช่น หมอห้ามไม่ให้ขยับเขยื้อนเพราะกระดูกหัก."
ขยาด 0,ก.,"ครั่นคร้าม, กลัวเพราะเคยรู้ฤทธิ์มาแล้ว, เข็ดเพราะเคยได้รับผลร้ายมาแล้ว."
ขยาบ 0,น.,เครื่องกันแดดและฝนที่เลื่อนเข้าออกจากประทุนเรือได้.
ขยาย 0,ก.,"อธิบาย, ชี้แจง, เช่น ขยายความ, แผ่กว้างออกไป เช่น ขยายตัว, เปิดเผย เช่น ขยายความลับ, คลายให้หายแน่น เช่น ขยายเข็มขัดให้หลวม, คลี่, แย้ม, เช่น ดอกไม้ขยายกลีบ, ทำให้กว้างใหญ่ออกไป เช่น ขยายห้อง ขยายรูป, ทำให้มากขึ้น เช่น ขยายพันธุ์."
ขยาย 1,น.,การนำทำนองเพลงของเดิมมาขยายขึ้น ๑ เท่าตัวโดยยึด (เพิ่ม) ลูกตกเดิมเป็นหลัก เช่น อัตรา ๒ ชั้น ขยายขึ้นเป็นอัตรา ๓ ชั้น.
ขยายขี้เท่อ 0,ก.,แสดงให้เห็นความโง่เขลา.
ขยำ 0,ก.,"กำยํ้า ๆ, บีบยํ้า ๆ, คลุก."
ขย้ำ 0,ก.,"เอาปากงับกัดอย่างแรง, โดยปริยายหมายถึงการทำร้ายด้วยวาจาหรือการกระทำอย่างรุนแรง."
ขยิก 0,ว.,เร็ว ๆ ถี่ ๆ เช่น เกาขยิก ๆ.
ขยิบ 0,ก.,ทำหลับตาแล้วลืมโดยเร็วครั้งหนึ่ง โดยเป็นอาณัติสัญญาณให้ผู้อื่นกระทำหรือเว้นกระทำอย่างใดอย่างหนึ่ง.
ขยิ่ม 0,ก.,"กระหยิ่ม, ครึ้มใจ, ภูมิใจ, อิ่มใจ, มักใช้เข้าคู่กับคำ ยิ้มย่อง เป็น ขยิ่มยิ้มย่อง."
ขยี้ 0,ก.,"ใช้มือ เท้า หรือเล็บเป็นต้นบี้ซํ้า ๆ ให้แหลกละเอียด เช่น ขยี้พิมเสน ขยี้ดิน, เอาวัตถุเช่นผ้าถูกับเนื้อของมันเองในการซักฟอก, เอาวัตถุเช่นกระดาษถูกับเนื้อของมันเองเพื่อให้นิ่ม, เอามือกดถูไปมา เช่น ขยี้ตา ขยี้ผม, โดยปริยายหมายความว่า ทำลายให้แหลกละเอียด เช่น ขยี้ข้าศึก."
ขยี้ 1,น.,วิธีบรรเลงดนตรีโดยเพิ่มพยางค์ในประโยคเพลงให้มากขึ้นกว่าการบรรเลงปรกติ ทำได้ ๒ วิธี คือ เพิ่มโดยเติมพยางค์ก่อนจะถึงลูกตกท้ายประโยค หรือเพิ่มโดยการบรรเลงประโยคนั้นให้เร็วขึ้นเป็นหลายครั้งในเวลาเท่ากับการบรรเลงเดิม.
ขยี่ขยัน 0,ก.,ขยันขันแข็ง เช่น เห็นก็จะขยี่ขยันเขยื้อน (ม. ร่ายยาว ชูชก).
ขยุกขยิก 0,ก.,"ไม่อยู่นิ่ง ๆ ขยับไปขยับมา (ใช้ในอาการที่แสดงถึงความไม่เรียบร้อย) เช่น นั่งขยุกขยิก, โดยปริยายหมายถึงลักษณะที่เขียนไม่เรียบร้อย อ่านยากหรืออ่านไม่ออก เช่น เขียนลายมือขยุกขยิก."
ขยุกขยุย 0,ว.,ยุ่งเหยิงไม่เป็นระเบียบ.
ขยุบ 0,ว.,"กระดุบ ๆ, เต้นดุบ ๆ อย่างเนื้อเต้น."
ขยุบขยิบ 0,ว.,"กระดุบ ๆ, เต้นดุบ ๆ อย่างเนื้อเต้น."
ขยุ้ม 0,ก.,"เอาปลายนิ้วทั้ง ๕ หยิบรวบขึ้นมาเพื่อให้ได้มาก, โดยปริยายใช้ในอาการอย่างนั้น เช่น แมงมุมขยุ้มหลังคา."
ขยุ้ม 1,น.,ปริมาณของที่ขยุ้มมาได้ครั้งหนึ่ง ๆ เรียกว่า ขยุ้มหนึ่ง.
ขยุม 0,น.,"ขยม, ข้า, บ่าว."
ขยุม 1,ส.,"ขยม, ฉัน, เป็นสรรพนามบุรุษที่ ๑."
ขยุม 2,ว.,"ขะยุก, ทำถี่ ๆ, เช่น เห็นลับแลแล้วก็พายขยุมใหญ่ (สุ. ท่านพุฒาจารย์-โต)."
ขยุ้มตีนหมา 0,น.,ชื่อโรคผิวหนังชนิดหนึ่ง มีพิษอักเสบออกเป็นเม็ดผื่นดวง ๆ.
ขยุย 0,ว.,"กระจุย, เป็นปุย ๆ."
ขยุย 1,น.,"ชื่อปลานํ้าจืดขนาดเล็กชนิด Akysis macronemus (Bleeker) ในวงศ์ Akysidae รูปร่างคล้ายปลาแขยง ยาวไม่เกิน ๔ เซนติเมตร ไม่มีเกล็ด มีหนวด, สามเขี้ยว ก็เรียก."
ขรม 0,ว.,"เอ็ดอึง, แซ่, (ใช้แก่เสียง)."
ขรรค์ 0,น.,ศัสตราวุธชนิดหนึ่ง มีคม ๒ ข้าง ที่กลางใบมีดทั้งหน้าและหลังเป็นสันเล็กคล้ายคมรูปหอก ด้ามสั้น.
ขรรคะ 0,น.,แรด เช่น หนึ่งนบสิขานนนารถ เถลิงขรรคาอาศน์ แลยาตรอัมพรแผ่นพาย (ดุษฎีสังเวย).
ขรรคา 0,น.,แรด เช่น หนึ่งนบสิขานนนารถ เถลิงขรรคาอาศน์ แลยาตรอัมพรแผ่นพาย (ดุษฎีสังเวย).
ขรัว 0,น.,คำเรียกภิกษุที่มีอายุมาก หรือที่บวชเมื่อแก่ หรือฆราวาสผู้เฒ่า.
ขรัว 1,ว.,เรียกคนที่มั่งมี ว่า เจ้าขรัว.
ขรัวตา 0,น.,สามัญชนที่เป็นตาของพระองค์เจ้าที่เป็นพระราชโอรสพระราชธิดา.
ขรัวยาย 0,น.,สามัญชนที่เป็นยายของพระองค์เจ้าที่เป็นพระราชโอรสพระราชธิดา.
ขริบ 0,ก.,ตัดเล็มด้วยกรรไกร.
ขรี 0,ก.,"ชื่อไม้เถาเนื้อแข็งชนิด Dalbergia candenatensis (Dennst.) Prain ในวงศ์ Leguminosae แก่นแดง มีเสี้ยนดำ ใช้ทำยาได้, กรักขี หรือ ขรี ก็เรียก."
ขรึม 0,ว.,มีอาการนิ่งอย่างตรึกตรอง.
ขรุขระ 0,ว.,"เป็นปุ่มเป็นแง่, ไม่เรียบราบ."
ขล้ง 0,ก.,"เผลอไผล, หลง ๆ ลืม ๆ, เช่น แก่มากจนขล้ง."
ขล้ง 1,ว.,"ฟุ้งไป, กระจายไป, เช่น กลิ่นขล้งไปทั้งห้อง."
ขลบ 0,ก.,สลบ.
ขลม 0,น.,ขนม.
ขลวน 0,น.,ตัว.
ขล้อเงาะ 0,น.,"ชื่อไม้ต้นขนาดกลางชนิด Terminalia cambodiana Gagnep. ในวงศ์ Combretaceae ใบรีหรือรูปไข่ ดอกเล็ก สีขาวนวล ออกเป็นช่อเล็ก ๆ ผลมี ๕ ครีบ, คร่อเงาะ ก็เรียก."
ขล้อเทียน 0,น.,"ชื่อไม้ต้นขนาดกลางชนิด Anogeissus rivularis (Gagnep.) O. Lecompte ในวงศ์ Combretaceae ใบเล็กลักษณะคล้ายใบทับทิม กิ่งมักเรียวและย้อย ช่อดอกและผลเป็นกระจุกกลม, คร่อเทียน ก็เรียก."
ขลัง 0,ว.,"มีกำลังหรืออำนาจที่อาจบันดาลให้เป็นไปได้, มีอำนาจศักดิ์สิทธิ์ที่เชื่อกันว่า อาจบันดาลให้สำเร็จได้ดังประสงค์."
ขลัง 1,น.,สิ่งศักดิ์สิทธิ์ เช่น ในนั้นปูอิฐวางขลัง (สิบสองเดือน).
ขลับ 0,ว.,"เลื่อม, เกลี้ยงเป็นมัน, เช่น ดำขลับ มันขลับ."
ขลา 0,น.,เสือ.
ขลาด 0,ว.,"มักกลัว, ไม่กล้า."
ขลาย 0,น.,ชื่อไม้ต้นขนาดย่อมถึงขนาดกลาง ชนิด Diospyros rubraLecomte ในวงศ์ Ebenaceae ขึ้นอยู่ตามป่าตํ่าทางภาคกลางของไทย ไม้ใช้ทำฟืนกันมาก เช่น คุดคุยขลู่ขลาย (สมุทรโฆษ).
ขลิบ 0,ก.,เย็บหุ้มริมผ้าและของอื่น ๆ เพื่อกันลุ่ยหรือเพื่อให้งามเป็นต้น
ขลิบ 1,ก.,ขยิบ เช่น ขลิบตา ว่า ขยิบตา.
ขลึง 0,ว.,เล่น เช่น พูดขลึง ว่า พูดเล่น.
ขลุก 0,ว.,ง่วนอยู่กับสิ่งใดสิ่งหนึ่งหรือในที่ใดที่หนึ่ง.
ขลุก 1,ว.,"เสียงดังเช่นนั้นอย่างเสียงไอ, ขุก หรือ ขุก ๆ ก็ว่า, เสียงดังอย่างก้อนดินกลิ้งอย่างเร็ว ในคำว่า กลิ้งขลุก ๆ."
ขลุก ๆ 0,ว.,"เสียงดังเช่นนั้นอย่างเสียงไอ, ขุก หรือ ขุก ๆ ก็ว่า, เสียงดังอย่างก้อนดินกลิ้งอย่างเร็ว ในคำว่า กลิ้งขลุก ๆ."
ขลุกขลัก 0,ว.,"ติดกุกกักอยู่ในที่แคบ, ติดขัด, ไม่สะดวก, เสียงดังอย่างก้อนดินกลิ้งอยู่ในหม้อหรือในไห."
ขลุกขลิก 0,น.,"เครื่องเล่นการพนันชนิดหนึ่ง ใช้ลูกเต๋า ๓ ลูกใส่จาน มีฝาครอบเขย่าแล้วเปิดออกมานับแต้ม, เต๋าเขย่า ก็เรียก"
ขลุกขลิก 1,น.,เรียกแกงเผ็ดที่มีนํ้าน้อยและข้น เช่นแกงฉู่ฉี่หรือพะแนงเป็นต้น ว่า แกงขลุกขลิก หรือ แกงมีน้ำขลุกขลิก.
ขลุกขลุ่ย 0,ว.,"ง่วนอยู่, คลุกคลีอยู่"
ขลุกขลุ่ย 1,ว.,สบาย เช่น นอนหลับขลุกขลุ่ย ว่า นอนหลับสบาย.
ขลุบ 0,น.,"ลูกคลี, ลูกกลม ๆ สำหรับเล่นแข่งขัน, ใช้เป็น คลุบ ก็มี"
ขลุบ 1,น.,เบ้ากลมรูปเหมือนขลุบ มีแบบพิมพ์ติดอยู่บนเบ้านั้นเสร็จ เมื่อทองในเบ้าละลาย ก็พลิกควํ่าให้ทองไหลลงในแบบพิมพ์นั้น เรียกว่า เบ้าขลุบ
ขลุบ 2,น.,อาวุธชนิดหนึ่ง ใช้ในการรบ เช่น ลืมระวังพลั้งเพลี่ยงมันเหวี่ยงขลุบ ถูกอกอุบจุกอัดขัดไม่หาย (อภัย).
ขลุม 0,น.,เครื่องผูกปากม้าอย่างหนึ่ง.
ขลุมประเจียด 0,น.,ชื่อช้างตระกูลหนึ่ง ในอัคนีพงศ์ ประเภทศุภลักษณ์.
ขลุ่ย 0,น.,"ชื่อเครื่องดนตรีประเภทเครื่องเป่า มักทำจากไม้รวก ไม้ชิงชัน ไม้พะยูง งาช้าง ปัจจุบันใช้วัสดุอื่นก็มี เช่น พลาสติก เจาะรูตามยาวมีระยะห่างพอควร สำหรับเอานิ้วปิดและเปิดให้เป็นเพลงเมื่อเป่า, มีหลายชนิด เช่น ขลุ่ยอู้ ขลุ่ยหลีบ ขลุ่ยเพียงออ, ลักษณนามว่า เลา."
ขลุ่ยกรวด 0,น.,ชื่อขลุ่ยชนิดหนึ่ง ลักษณะคล้ายขลุ่ยเพียงออแต่เล็กกว่า มีระดับเสียงเทียบโน้ตสากล จึงใช้ร่วมบรรเลงกับวงเครื่องสายผสมเครื่องดนตรีสากล.
ขลุ่ยนก 0,น.,ชื่อขลุ่ยชนิดหนึ่ง ทำขึ้นเพื่อเลียนเสียงสัตว์ โดยเฉพาะนก เช่นบรรเลงเป็นเสียงนกโพระดก นกกางเขน.
ขลุ่ยเพียงออ 0,น.,ชื่อขลุ่ยชนิดหนึ่ง ขนาดกลาง ใช้เป่าและเป็นหลักเทียบเสียงในวงเครื่องสาย.
ขลุ่ยหลีบ 0,น.,ชื่อขลุ่ยชนิดหนึ่ง ขนาดเล็ก มีเสียงสูงแหลม ใช้เป่าเข้าคู่กับขลุ่ยเพียงออในวงเครื่องสายเครื่องคู่.
ขลุ่ยอู้ 0,น.,ชื่อขลุ่ยชนิดหนึ่ง มีขนาดยาวและใหญ่กว่าขลุ่ยเพียงออ มีเสียงต่ำ ใช้เฉพาะในวงปี่พาทย์ดึกดำบรรพ์.
ขลู 0,น.,"ชื่อไม้พุ่มชนิด Pluchea indica (L.) Less. ในวงศ์ Compositae มักขึ้นเป็นหมู่ตามชายทะเล ใบรูปไข่ขอบจักห่าง ๆ ใช้ทำยาได้ ดอกสีม่วงอ่อน, ขลู ก็เรียก."
ขลู่ 0,น.,"ชื่อไม้พุ่มชนิด Pluchea indica (L.) Less. ในวงศ์ Compositae มักขึ้นเป็นหมู่ตามชายทะเล ใบรูปไข่ขอบจักห่าง ๆ ใช้ทำยาได้ ดอกสีม่วงอ่อน, ขลู ก็เรียก."
ข่วง 0,น.,"บริเวณ, ลาน, ใช้ว่า ขวง ก็มี."
ขวง 0,น.,"ชื่อไม้ล้มลุกชนิด Glinus oppositifolius (L.) A. DC. ในวงศ์ Molluginaceae ใช้ทำยาได้, ผักขวง ผักขี้ขวง หรือ สะเดาดิน ก็เรียก."
ขวง 1,น.,"ข่วง, บริเวณ, ลาน, เช่น ให้ยกหอกลองยังขวงหลวงริมสนาม (พงศ. โยนก)."
ขวง 2,น.,กรง เช่น ขวงนก ว่า กรงนก.
ขวง 3,น.,ผี เช่น เสียขวง ว่า เสียผี.
ขวด 0,น.,"ภาชนะกลวงใน โดยมากทำด้วยแก้ว รูปสูง มักมีคอหรือปากแคบ สำหรับบรรจุของเหลวเป็นต้น, ลักษณนามว่า ใบ."
ขวดกระเป๋า 0,น.,ขวดแก้วสำหรับใส่น้ำอบ ทรงกระบอกแปดเหลี่ยม มีสีต่าง ๆ มีจุกแก้ว เถาหนึ่งมี ๓ ใบ.
ขวดกัลเม็ด 0,น.,ขวดที่มีจุกเป็นเกลียว.
ขวดตีนช้าง 0,น.,ขวดโหล.
ขวดโหล 0,น.,"ขวดปากกว้าง มีฝา, โหล ก็เรียก."
ขวน 0,ก.,"ขวนขวาย, ใฝ่, เช่น ขวนทรรป ว่า ใฝ่จองหอง (ม. คำหลวง สักบรรพ)."
ข่วน 0,ก.,ขูดหรือขีดด้วยของแหลมเช่นหนามหรือเล็บ.
ขวนขวาย 0,ก.,"หมั่นเสาะแสวงหาเพิ่มเติมโดยไม่ยอมอยู่นิ่ง, ขวายขวน ก็ว่า."
ขวบ 0,น.,"ปี, รอบปี, ลักษณนามใช้แก่อายุของเด็กประมาณ ๑๒ ปีลงมา เช่น เด็กอายุ ๕ ขวบ, เวลาที่นับมาบรรจบรอบ เช่น ชนขวบ."
ขวย 0,ก.,"กระดาก, อาย, เช่น แก้ขวย ขวยใจ."
ขวยเขิน 0,ก.,"กระดากอาย, สะเทิ้นอาย."
ขวยใจ 0,ก.,กระดากใจ.
ขวะไขว่เขวี่ย 0,ก.,ขวักไขว่ เช่น เดินขวะไขว่เขวี่ย (ม. ร่ายยาว ชูชก).
ขวักไขว่ 0,ว.,อาการที่เคลื่อนไหวสวนกันไปมาอย่างสับสน เช่น เดินขวักไขว่ บินขวักไขว่.
ขวัญ 0,น.,ผมหรือขนที่ขึ้นเวียนเป็นก้นหอย
ขวัญ 1,น.,"มิ่งมงคล, สิริ, ความดี, เช่น ขวัญข้าว ขวัญเรือน"
ขวัญ 2,น.,"สิ่งที่ไม่มีตัวตน เชื่อกันว่ามีอยู่ประจำชีวิตของคนตั้งแต่เกิดมา ถ้าขวัญอยู่กับตัวก็เป็นสิริมงคล เป็นสุขสบายจิตใจมั่นคง ถ้าคนตกใจหรือเสียขวัญ ขวัญก็ออกจากร่างไป ซึ่งเรียกว่า ขวัญหาย ขวัญหนี ขวัญบิน เป็นต้น ทำให้คนนั้นได้รับผลร้ายต่าง ๆ, เรียกผู้ตกใจง่ายคือ เด็กหรือหญิงซึ่งมักจะขวัญหายบ่อย ๆ ว่า ขวัญอ่อน , และอนุโลมใช้ไปถึงสัตว์หรือสิ่งของบางอย่าง เช่น ช้าง ม้า ข้าว เรือน ฯลฯ ว่ามีขวัญเช่นเดียวกับคนเหมือนกัน, โดยปริยายหมายความว่า ยอดกำลังใจ เช่น ขวัญเมือง ว่า ยอดกำลังใจของเมือง"
ขวัญ 3,น.,กำลังใจดี เช่น ขวัญดี
ขวัญ 4,น.,ผู้รู้พิธีทำขวัญ เรียกว่า หมอขวัญ
ขวัญ 5,น.,การทำพิธีเชิญขวัญหมายความว่า เรียกขวัญ มาอยู่กับตัว
ขวัญ 6,น.,การเสียเงินค่าปรับให้แก่ผู้ถูกทำร้ายหรือถูกหมิ่นประมาท เรียกว่า ทำขวัญ
ขวัญ 7,น.,เอาเส้นด้ายผูกข้อมือเด็กแล้วกล่าวเรียกขวัญว่า “ขวัญเอ๋ย มาอยู่กับเนื้อกับตัว” แล้วกล่าวให้พรต่อไปตามควร เรียกว่า ผูกขวัญ
ขวัญ 8,น.,เรียกขวัญหรือเชิญขวัญ เรียกว่า รับขวัญ
ขวัญ 9,น.,ทำพิธี เช่น รดนํ้ามนตร์ให้ เสกเป่าให้ หรือกล่าวปลุกใจต่าง ๆ เพื่อให้ขวัญดีมีใจกล้าหาญ เรียกว่า บำรุงขวัญ
ขวัญ 10,น.,สิ่งของที่ให้แก่เจ้าของขวัญเมื่อเสร็จพิธีทำขวัญแล้ว หรือสิ่งของที่ให้กันในเวลาอื่นเป็นการถนอมขวัญหรือเพื่ออัธยาศัยไมตรี เรียกว่า ของขวัญ
ขวัญ 11,น.,ข้าวบายศรี เรียกว่า ข้าวขวัญ
ขวัญ 12,น.,"ไข่ปอกที่เสียบไม้ปักไว้บนยอดบายศรี เรียกว่า ไข่ขวัญ , ไข่ข้าว ก็เรียก"
ขวัญ 13,น.,ลูกคนที่รักมากที่สุด เรียกว่า ลูกขวัญ
ขวัญ 14,น.,ผู้ที่เป็นมิ่งขวัญอย่างยอดเยี่ยมหมายถึงหญิงที่รัก เรียกว่า จอมขวัญ
ขวัญ 15,น.,คำยกย่องเรียกภรรยาอันเป็นที่รักว่า เมียขวัญ
ขวัญ 16,น.,กำลังใจเสีย เรียกว่า เสียขวัญ .
ขวัญเกี่ยง 0,ว.,ขวัญร้าย เช่น ขวัญเกี่ยงได้เป็นดี (ม. คำหลวง สักบรรพ).
ขวัญข้าว 0,น.,"มิ่งขวัญของข้าวซึ่งเจ้าของทำพิธีเชื้อเชิญ เรียกว่า ทำขวัญข้าว, ค่าสินบนซึ่งเจ้าของไข้บนไว้ต่อหมอ เมื่อไข้หายก็ยกขวัญข้าวนี้ไปเป็นค่ารักษา."
ขวัญแขวน 0,ก.,"ขวัญไปค้างอยู่ที่อื่น หมายความว่า ตกใจ, มักใช้เข้าคู่กับคำ อกสั่น เป็น อกสั่นขวัญแขวน."
ขวัญใจ 0,น.,ยอดกำลังใจ.
ขวัญใจ 1,ว.,เป็นที่นิยมรักใคร่.
ขวัญดี 0,น.,กำลังใจดี.
ขวัญตา 0,น.,"มิ่งขวัญดวงตา, สิ่งที่เห็นเป็นที่เจริญตา."
ขวัญบ่า 0,ก.,ขวัญไหลไปจากตัว.
ขวัญบิน 0,ก.,"ตกใจ, ใจหาย."
ขวัญเมือง 0,น.,ยอดกำลังใจของเมือง.
ขวัญเมือง 1,น.,ชื่อเพลงไทยประเภทเพลงโหมโรง อัตรา ๓ ชั้น หน้าทับปรบไก่.
ขวัญหนี 0,ก.,"ตกใจ, ใจหาย."
ขวัญหนีดีฝ่อ 0,ก.,"ตกใจ, ใจหาย."
ขวัญหาย 0,ก.,"ตกใจ, ใจหาย."
ขวัญอ่อน 0,น.,เรียกผู้ตกใจง่าย คือ เด็กหรือหญิงซึ่งมักจะขวัญหายบ่อย ๆ ว่า ขวัญอ่อน.
ขวัญอ่อน 1,น.,ดูใน ขวัญ.
ขวัญอ่อน 2,น.,ชื่อเพลงไทย อัตรา ๒ ชั้น หน้าทับปรบไก่ เดิมเรียก จีนขวัญอ่อน.
ขวัด 0,ก.,"ขวิด, กวัด, ขัด, เช่น แรดควายขวางขวัดอยู่ (ลอ)."
ขวัดขวิด 0,ก.,กวัดไกว เช่น เท้ากวัดขวัดขวิดคือควัน (ม. ฉันท์ มหาราช).
ขวัดแคว้ง 0,ก.,"วิ่งไปวิ่งมา, ค้นหา, ดิ้นรน."
ขวั้น 0,น.,หัวขั้ว เช่น และผูกเป็นขวั้นแขวนวง (สมุทรโฆษ).
ขวับ 0,ว.,เสียงหวดไม้เรียว.
ขวับ 1,ว.,"เร็ว, ทันที, เช่น เหลียวขวับ."
ขวับเขวียว 0,ว.,เสียงหวดไม้เรียว.
ขวา 0,ว.,"ตรงข้ามกับ ซ้าย, ถ้าหันหน้าไปทางทิศตะวันออก ด้านทิศใต้เรียกว่า ด้านขวามือ ด้านทิศเหนือ เรียกว่า ด้านซ้ายมือ, ถ้าหันหลังไปทางต้นนํ้าหรือยอดนํ้า ด้านขวามือเรียกว่า ฝั่งขวา ด้านซ้ายมือเรียกว่า ฝั่งซ้าย, คู่กับซ้าย แต่ใหญ่กว่าหรือสำคัญกว่า เช่น มเหสีฝ่ายขวา อัครสาวกฝ่ายขวา."
ขวา 1,น.,เรียกกลุ่มที่มีอุดมคติทางการเมืองการเศรษฐกิจเป็นต้นโน้มไปทางอนุรักษนิยมว่า ฝ่ายขวา.
ขวาก 0,น.,ไม้หรือเหล็กเป็นต้นมีปลายแหลม สำหรับปักหรือโปรยเพื่อดักหรือให้ตำผู้ผ่านเข้าไป.
ขวากไก่ 0,น.,"ชื่อไม้เถาเนื้อแข็งชนิด Strychnos axillaris Colebr. ในวงศ์ Strychnaceae ดอกสีขาว ออกตามง่ามใบ, ขวากไก่ ก็เรียก."
ขวากหนาม 0,น.,"อุปสรรค, เครื่องขัดข้อง, เครื่องขัดขวาง."
ขวาง 0,ก.,"กีดกั้น, สกัด"
ขวาง 1,ก.,รำคาญหรือไม่ถูกใจ
ขวาง 2,ก.,ใช้เข้าคู่กับ กว้าง เป็น กว้างขวาง หมายความอย่างเดียวกับคำว่า กว้าง.
ขว้าง 0,ก.,เอี้ยวตัวเบี่ยงแขนไปทางหลังแล้วซัดสิ่งที่อยู่ในมือออกไปโดยแรง.
ขวาง ๆ รี ๆ 0,ก.,"กีดเกะกะ, เก้งก้าง, รี ๆ ขวาง ๆ ก็ว่า."
ขว้างกา 0,น.,เรียกไม้ชนิดหนึ่งที่เสี้ยมหัวท้ายให้แหลมใช้เป็นอาวุธ.
ขว้างข้าวเม่า 0,น.,ประเพณีอย่างหนึ่ง เอามะพร้าวทั้งผลโยนไปยังที่เขากำลังทำข้าวเม่ากันอยู่ เพื่อแสดงว่าเอามะพร้าวมาขอแลกข้าวเม่าไปกินบ้าง.
ขว้างค้อน 0,น.,ชื่องู ๒ ชนิด คือ งูกะปะ [ Calloselasma rhodostoma (Boie)] ในวงศ์ Viperidae และงูปลิง [ Enhydris plumbea (Boie)] ในวงศ์ Colubridae ทั้ง ๒ ชนิดเมื่อตกใจจะดีดตัวแทนการเลื้อยไปได้ในระยะสั้น ๆ.
ขว้างงูไม่พ้นคอ 0,ก.,ทำอะไรแล้วผลร้ายกลับมาสู่ตัวเอง.
ขว้างจักร 0,น.,กรีฑาประเภทลานอย่างหนึ่ง ผู้แข่งขันจะต้องยืนอยู่ในวงเขตที่กำหนด แล้วขว้างจานไม้กลมตรงกลางนูนทั้ง ๒ ข้างออกไปให้ไกลที่สุด.
ขวางเชิง 0,ก.,ขัดขวางไว้เพื่อไม่ให้ทำได้สะดวก.
ขวางโลก 0,ว.,"แปลกไปจากคนอื่น, ผิดจากปรกติวิสัย."
ขวางหูขวางตา 0,ก.,"รู้สึกรำคาญ, หมั่นไส้."
ขวาด 0,น.,"ชื่อไม้ต้นขนาดกลางชนิด Garcinia speciosa Wall. ในวงศ์ Guttiferae เปลือกมียางสีเหลือง ผลคล้ายมังคุดขนาดย่อม, ขวาด สารภีป่า มะดะขี้นก หรือ มะป่อง ก็เรียก."
ขวาด 1,ว.,"วุ่น, ยุ่ง, เช่น มันจะมาเตือนตั้งก่อความขวาด (ม. ร่ายยาว ชูชก)."
ขวาน 0,น.,"เครื่องมือสำหรับตัด ฟัน ผ่า ถากไม้ ทำด้วยเหล็กมีสันหนาใหญ่, ถ้าบ้องที่หัวบิดได้ สำหรับตัดและถาก เรียกว่า ขวานโยน ขวานปูลู หรือ ขวานปุลู, ถ้าด้ามสั้น สันหนา มีบ้องยาวตามสัน เป็นเครื่องมือของช่างไม้ ใช้ตัด ถาก ฟัน เรียกว่า ขวานหมู, ถ้าด้ามยาว ใบขวานใหญ่ เรียกว่า ขวานผ่าฟืน"
ขวาน 1,น.,หมอนที่ทำหน้าตัดเป็นรูปสามเหลี่ยมคล้ายขวาน ใช้อิง เรียกว่า หมอนขวาน.
ขวาน 2,น.,"ชื่อหอยนํ้าจืดกาบคู่หลายชนิด ในวงศ์ Corbiculidae รูปเปลือกคล้ายสามเหลี่ยม มีสันและร่องในแนวขนานขอบเปลือก สีเขียวเข้ม ม่วงอมดำ เขียวอมเหลือง เช่น ชนิด Corbicula javanica (Mousson), ทราย ก็เรียก."
ขวานผ่าซาก 0,ว.,โผงผางไม่เกรงใจใคร (ใช้แก่กริยาพูด).
ขวานฟ้า 0,น.,ขวานที่ทำด้วยหินในยุคหิน เชื่อกันว่าตกลงมาจากฟ้าเมื่อเวลาฟ้าผ่า.
ขวานหิน 0,น.,ขวานที่ทำด้วยหินในยุคหิน.
ขวายขวน 0,ก.,"หมั่นเสาะแสวงหาเพิ่มเติมโดยไม่ยอมอยู่นิ่ง, ขวนขวาย ก็ว่า."
ขวาว 0,ก.,"ชื่อไม้ต้นชนิด Haldina cordifolia (Roxb.) Ridsdale ในวงศ์ Rubiaceae ขึ้นในป่าเบญจพรรณทั่วไป ลำต้นสูงใหญ่ ใบมนรูปหัวใจ ปลายแหลม ดอกสีเหลือง คล้ายดอกกระทุ่ม แต่เล็กกว่า เนื้อไม้สีเหลือง ละเอียด ใช้ทำฝาบ้าน เครื่องเรือน เครื่องกลึง และเครื่องแกะสลัก, กว้าว ขวาว หรือ คว่าว ก็เรียก."
ขว้าว 0,น.,"ชื่อไม้ต้นชนิด Haldina cordifolia (Roxb.) Ridsdale ในวงศ์ Rubiaceae ขึ้นในป่าเบญจพรรณทั่วไป ลำต้นสูงใหญ่ ใบมนรูปหัวใจ ปลายแหลม ดอกสีเหลือง คล้ายดอกกระทุ่ม แต่เล็กกว่า เนื้อไม้สีเหลือง ละเอียด ใช้ทำฝาบ้าน เครื่องเรือน เครื่องกลึง และเครื่องแกะสลัก, กว้าว ขวาว หรือ คว่าว ก็เรียก."
ขวิด 0,ก.,"กิริยาของหมูป่าหรือสัตว์ที่ใช้เขาหรือนอทำร้าย, เสี่ยว, ชน."
ขวิด 1,ว.,อาการที่เดินสะดุดขาตัวเองเพราะอายหรือรีบร้อน เรียกว่า เดินขาขวิด.
ขวิด 2,น.,มะขวิด.
ขษณะ 0,น.,"ครู่, ครั้ง, คราว, เช่น ขษณะอัฒรติเวลา (สมุทรโฆษ)."
ขษัย 0,น.,"กษัย, การสิ้นไป, การหมดไป, การเสื่อมไป, การน้อยไป."
ขษีณาศรพ 0,น.,"พระขีณาสพ, พระอรหันต์, เช่น ดูกรขษีณาศรพทั้งหลาย (ม. คำหลวง สักบรรพ)."
ขษีระ 0,น.,นํ้านม เช่น ขษีรแปรรูปา (สมุทรโฆษ).
ข่อ 0,น.,"เถ้า, เขม่า."
ข้อ 0,น.,"ส่วนที่อยู่ระหว่างปล้องของไม้ไผ่หรืออ้อยเป็นต้น, ส่วนตรงที่ของ ๒ สิ่งมาต่อกัน เช่น ข้อต่อท่อประปา"
ข้อ 1,น.,"ตอนหนึ่ง ๆ, ชิ้นหนึ่ง ๆ, ท่อนหนึ่ง ๆ, เช่น อ้อยควั่นเป็นข้อ ๆ เข็มขัดทองเป็นข้อ ๆ"
ข้อ 2,น.,เรียกอวัยวะบางส่วนที่มีข้อต่อและงอได้ เช่น ข้อมือ ข้อศอก ข้อเท้า
ข้อ 3,น.,"เนื้อความตอนหนึ่ง ๆ, ใจความสั้น ๆ ของเรื่อง, ข้อความ ก็ว่า, เรื่อง เช่น ข้อพิพาท ข้อยุติ, หัวข้อ เช่น ข้ออ้าง ข้อข้องใจ"
ข้อ 4,น.,"สิ่ง, ประเด็น, เช่น ข้อตกลง ข้อสำคัญ ข้อกล่าวหา"
ข้อ 5,น.,ลักษณะหรือคุณสมบัติ เช่น ข้อดี ข้อเสีย ข้อบกพร่อง.
ขอ 0,น.,"ไม้หรือเหล็กที่งอ ๆ สำหรับชัก เกี่ยว แขวน หรือสับ, ตะขอ หรือ ตาขอ ก็เรียก."
ขอ 1,ก.,"พูดให้เขาให้สิ่งที่ต้องการ, วิงวอน."
ขอ 2,น.,ชื่อว่านชนิดหนึ่ง ต้นเหมือนขมิ้น แต่หัวเล็กสอดกันเป็นข้อ ๆ ต้นและใบเขียว เนื้อเหลือง มีสรรพคุณอยู่คงเขี้ยว เขา และงา.
ขอก 0,น.,"เขต, แดน"
ขอก 1,น.,"ริม, ขอบ, เช่น ไปขอกฟ้า ว่า ไปริมฟ้า."
ข้อกฎหมาย 0,น.,เรื่องหรือประเด็นที่เกี่ยวกับกฎหมาย เช่น ความหมายของบทบัญญัติของกฎหมาย ผลบังคับของกฎหมาย หรือการปรับใช้ข้อเท็จจริงที่ยุติแล้วเข้ากับบทบัญญัติของกฎหมาย.
ข้อกติกา 0,น.,"ข้อตกลง, ข้อกำหนด, ข้อที่นัดหมายกันไว้, เงื่อนไขที่กำหนดไว้."
ข้อกำหนด 0,น.,ข้อความที่ระบุเป็นหลักเกณฑ์หรือวิธีการให้บุคคลที่เกี่ยวข้องต้องปฏิบัติหรือดำเนินการในเรื่องใดเรื่องหนึ่ง.
ข้อกำหนดพินัยกรรม 0,น.,ข้อความที่ระบุไว้ในพินัยกรรมในเรื่องทรัพย์สินอันเป็นทรัพย์มรดก หรือในการต่าง ๆ อันจะให้เกิดเป็นผลบังคับได้ตามกฎหมายเมื่อผู้ทำพินัยกรรมตายแล้ว เช่น สิทธิในการรับมรดก การจัดการทรัพย์มรดก การโอนทรัพย์มรดก.
ขอแกว 0,น.,ไม้ยาว ๆ ที่ผูกเบ็ดที่ปลาย สำหรับชักกบในรู.
ขอขมา 0,ก.,"ขอไม่ให้เอาโทษในสิ่งที่ได้ล่วงละเมิดหรือล่วงเกิน เช่น เขามาขอขมาญาติผู้ใหญ่เพื่อลาบวช, ขอษมา หรือ ขอษมาลาโทษ ก็ว่า."
ขอขมาลาโทษ 0,ก.,"ขอไม่ให้เอาโทษในสิ่งที่ได้ล่วงละเมิดหรือล่วงเกิน เช่น เขามาขอขมาญาติผู้ใหญ่เพื่อลาบวช, ขอษมา หรือ ขอษมาลาโทษ ก็ว่า."
ข้อเขียน 0,น.,"เรียกการสอบแบบเขียนคำตอบ ว่า สอบข้อเขียน, มักใช้คู่กับ สอบสัมภาษณ์."
ข้อไข 0,น.,"ข้อเฉลย, ข้ออธิบายขยายความ."
ข้อความ 0,น.,"เนื้อความตอนหนึ่ง ๆ, ใจความสั้น ๆ ของเรื่อง, ข้อ ก็ว่า."
ข้อคัดย่อ 0,น.,ข้อความที่ย่อแต่ใจความสำคัญ.
ขอคำน้อย 0,น.,ว่านขอทอง.
ข้อคิด 0,น.,"ประเด็นที่เสนอให้คิด, ประเด็นที่ชวนคิด."
ข้อคิดเห็น 0,น.,ความเห็น.
ของ 0,น.,สิ่งต่าง ๆ
ของ 1,น.,"สิ่งที่มีอำนาจศักดิ์สิทธิ์ที่เชื่อกันว่าอาจบันดาลให้สำเร็จได้ดังประสงค์, ของขลัง ก็ว่า."
ของ 2,บ.,แห่ง (ใช้สำหรับนำหน้านามที่เป็นผู้ครอบครอง).
ข้อง 0,น.,เครื่องจักสานสำหรับใส่ปลา ปู เป็นต้น รูปคล้ายตะกร้าปากแคบอย่างคอหม้อดิน ก้นสี่เหลี่ยมจัตุรัส มีขนาดต่าง ๆ.
ข้อง 1,ก.,ติดอยู่.
ของกลาง 0,น.,ของที่ใช้ร่วมกัน
ของกลาง 1,น.,สิ่งของที่เจ้าพนักงานได้ยึดหรืออายัดไว้เพื่อใช้เป็นพยานหลักฐานในคดีอาญา.
ของกำนัล 0,น.,สิ่งของที่นำไปให้แก่ผู้ที่รักและนับถือ.
ของกำมะลอ 0,น.,ของทำเทียมหรือของเล็กน้อยที่ทำหยาบ ๆ ไม่ทนทาน.
ของกิน 0,น.,ของสำหรับกิน.
ของเก่า 0,น.,"ของโบราณ, ของใช้แล้ว"
ของเก่า 1,น.,ทรัพย์ที่เสนอขาย แลกเปลี่ยน หรือจำหน่ายโดยประการอื่นอย่างทรัพย์ที่ใช้แล้ว ทั้งนี้ รวมถึงของโบราณด้วย.
ของขบเคี้ยว 0,น.,ของกินเล่นที่ไม่เจตนากินให้อิ่ม.
ของขลัง 0,น.,"สิ่งที่มีอำนาจศักดิ์สิทธิ์ที่เชื่อกันว่าอาจบันดาลให้สำเร็จได้ดังประสงค์, ของ ก็ว่า."
ของขวัญ 0,น.,สิ่งของที่ให้แก่เจ้าของขวัญเมื่อเสร็จพิธีทำขวัญแล้ว
ของขวัญ 1,น.,สิ่งของที่ให้กันในเวลาอื่นเป็นการถนอมขวัญหรือเพื่ออัธยาศัยไมตรี เช่น ของขวัญปีใหม่ ของขวัญวันเกิด.
ข้องขัด 0,ก.,"ขัดข้อง, ติดขัด."
ของแข็ง 0,น.,"สิ่งที่รวมตัวกันแน่น, สิ่งที่มิใช่ของเหลวหรือแก๊ส"
ของแข็ง 1,น.,สถานะหนึ่งของสสารซึ่งมีทั้งรูปร่างและปริมาตรคงตัว.
ของค้าง 0,น.,ของกินที่เหลือข้ามคืน.
ของคาว 0,น.,"ของกินที่ประกอบด้วยเนื้อสัตว์, กับข้าว."
ของเค็ม 0,น.,ของกินที่หมักหรือดองด้วยเกลือ.
ของเคียง 0,น.,"ของกินที่เอามาตั้งเทียบข้างเพื่อกินประกอบกับอาหารบางชนิด, เครื่องเคียง ก็ว่า."
ของโจร 0,น.,สิ่งของที่ถูกโจรกรรมมา.
ข้องใจ 0,ก.,"ติดใจสงสัย, ยังไม่สิ้นสงสัย."
ของชำ 0,น.,ของแห้งต่าง ๆ ที่ใช้เป็นอาหาร เช่น พริก กะปิ หอม กระเทียม.
ของชำร่วย 0,น.,ของตอบแทนผู้มาช่วยงานเช่นงานแต่งงานและงานศพ.
ของใช้ 0,น.,ของสำหรับใช้.
ของดี 0,น.,"ของขลัง, โดยปริยายหมายถึงของสำคัญที่ไม่อยากเปิดเผยให้ใครรู้."
ของตลาด 0,น.,"ของพื้น ๆ, ของที่หาซื้อได้ง่าย."
ของเถื่อน 0,น.,ของที่ผิดกฎหมาย.
ของนอก 0,น.,ของที่มาจากต่างประเทศ.
ของป่า 0,น.,บรรดาของที่เกิดหรือมีขึ้นในป่าตามธรรมชาติ เช่น ไม้ ยางไม้ พืช รังนก รวงผึ้ง มูลค้างคาว ซากสัตว์ หิน ดิน กรวด ทราย.
ของร้อน 0,น.,ของที่มีผู้ขโมยเขาเอามาฝากไว้หรือจำหน่ายให้ ถ้ารับเอาไว้จะทำให้เดือดร้อน
ของร้อน 1,น.,ของที่ผิดกฎหมาย ถ้ามีไว้ในครอบครองจะทำให้เดือดร้อน เช่น ปืนเถื่อน ฝิ่นเถื่อน.
ของระบาด 0,น.,ทรัพย์สมบัติข้าทาสบริวารทั้งหมดที่ถูกริบราชบาต.
ของรับไหว้ 0,น.,สิ่งของที่มอบให้แก่คู่บ่าวสาวเมื่อมาไหว้หลังพิธีแต่งงาน มักเป็นแก้วแหวนเงินทอง.
ของลับ 0,น.,อวัยวะสืบพันธุ์ของมนุษย์.
ของเล่น 0,น.,ของสำหรับเด็กเล่นเพื่อให้สนุกหรือเพลิดเพลิน.
ของเลื่อน 0,น.,สำรับคาวหวานที่เจ้าภาพในงานทำบุญนำไปให้ผู้ที่นับถือด้วยไมตรีจิต.
ของเลื่อนเตือนขันหมาก 0,น.,สำรับคาวหวานเนื่องในการแต่งงาน ซึ่งฝ่ายเจ้าสาวนำไปให้ฝ่ายเจ้าบ่าวเพื่อเตือนบอกให้ทราบว่าทางบ้านเจ้าสาวเตรียมพร้อมที่จะรับขันหมากได้แล้ว.
ของวัด 0,น.,ของสงฆ์.
ของว่าง 0,น.,"ของกินนอกเวลากินอาหารตามปรกติ มักกินในเวลาบ่าย, อาหารว่าง หรือ เครื่องว่าง ก็ว่า."
ข้องแวะ 0,ก.,"ติดต่อ, เอาใจใส่, เกี่ยวพัน, เกี่ยวข้อง, มักใช้ในประโยคที่มีความหมายเป็นเชิงถามหรือปฏิเสธ."
ของสงฆ์ 0,น.,"ของที่เป็นของวัด, ของที่สงฆ์ใช้ร่วมกัน, ของวัด ก็ว่า."
ของสงวน 0,น.,นมหญิง.
ของสด 0,น.,ของที่มิได้สุกด้วยความร้อน.
ของสดของคาว 0,น.,ของกินที่ประกอบด้วยเนื้อสัตว์ทั้งสุกและดิบ.
ของสดคาว 0,น.,ของกินที่ประกอบด้วยเนื้อสัตว์ทั้งสุกและดิบ.
ของสูง 0,น.,"สิ่งศักดิ์สิทธิ์ เช่น ของชิ้นนี้เป็นของสูง ต้องเก็บบูชาไว้ให้ดี, ผู้สูงศักดิ์ เช่น แม้ท่านจะไม่ถือพระองค์ แต่ท่านก็เป็นของสูง อย่าอาจเอื้อม."
ของเสีย 0,น.,สิ่งที่ร่างกายขับออกมาเช่นเหงื่อ ปัสสาวะ อุจจาระ.
ของแสลง 0,น.,"ของที่กินแล้วทำให้โรคกำเริบ, สิ่งที่ไม่ถูกกับโรค."
ของหมั้น 0,น.,ทรัพย์สินที่ฝ่ายชายได้ส่งมอบหรือโอนให้แก่หญิง เพื่อเป็นหลักฐานว่าจะสมรสกับหญิงนั้น.
ของหลวง 0,น.,"ของของสถาบันพระมหากษัตริย์, ของที่เป็นของแผ่นดินหรือรัฐ."
ของหวาน 0,น.,ขนม.
ของหายตะพายบาป 0,น.,ของหายหรือเข้าใจว่าหายแล้วเที่ยวโทษผู้อื่น.
ของเหลว 0,น.,ของที่ไม่แข็งมีลักษณะไหลได้อย่างนํ้า
ของเหลว 1,น.,"สถานะหนึ่งของสสารซึ่งมีปริมาตรคงตัว แต่รูปร่างเปลี่ยนไปได้ตามภาชนะที่รองรับ, สถานะระหว่างแก๊สกับของแข็ง."
ของแห้ง 0,น.,"อาหารแห้งที่เก็บไว้กินได้นาน, เสบียงกรัง."
ของไหล 0,น.,สสารซึ่งมีรูปร่างเปลี่ยนไปได้ตามภาชนะที่รองรับ ได้แก่ ของเหลวและแก๊ส.
ของไหว้ 0,น.,ของที่ผู้น้อยนำไปให้ผู้ใหญ่ เพื่อแสดงความคารวะในบางโอกาส
ของไหว้ 1,น.,เครื่องเซ่น.
ของ้อ 0,ก.,"อ่อนเข้าหาเพื่อขอคืนดีด้วย, อ่อนเข้าหาเพื่อให้ยอมหรือช่วยเหลือ."
ของ้าว 0,น.,"อาวุธด้ามยาวมีง้าวอยู่ตรงปลาย ใต้คอของด้ามมีขอสำหรับสับบังคับช้างได้, ราชาศัพท์ว่า พระแสงของ้าว."
ข้อจำกัด 0,น.,สิ่งที่กำหนดขอบเขตสิทธิหรืออำนาจไว้โดยเฉพาะ.
ขอฉาย 0,น.,"ไม้สำหรับสงฟางในเวลานวดข้าว, กระดองหาย คันฉาย ดอง ดองฉาย หรือ ดองหาย ก็เรียก."
ขอช้าง 0,น.,"ขอเหล็กมีด้าม สำหรับสับช้าง, ขอช้างที่มีปลายโค้งใช้ในพิธีช้าง เรียกว่า ขอเกราะ, ขอช้างที่ปลายเป็นยอดปิ่น เรียกว่า ขอปิ่น."
ขอช้าง 1,น.,ดูใน ขอ ๑.
ขอช้าง 2,น.,ชื่อนกชนิดหนึ่ง ปากยาวรูปร่างคล้ายขอช้าง ตัวขนาดนกยูงแต่คอสั้นกว่า สีน้ำตาลไหม้ หากินตามที่โล่งเตียน เช่น ตามชายทุ่งนา.
ขอด 0,ก.,ขมวดเป็นปม เช่น ขอดเชือก ขอดผ้า ขอดชายพก.
ขอด 1,ว.,ที่ขมวดเป็นปมหรือม้วนเข้ามา เช่น หมาหางขอด.
ขอด 2,ก.,"ทำให้สิ่งที่ติดอยู่ออกมาด้วยอาการอย่างขูด เช่น ขอดเกล็ดปลา, เหลืออยู่น้อยจนถึงกับต้องขูดเอา เช่น น้ำขอดคลอง น้ำขอดโอ่ง ข้าวขอดหม้อ."
ขอดค่อน 0,ก.,"ค่อนว่า, พูดแคะไค้ในเรื่องที่ไม่ดี, พูดให้เขาอายหรือเจ็บใจ, ยกความชั่วขึ้นมาว่าให้เจ็บใจ, ค่อนขอด ก็ว่า."
ขอเดชะ 0,น.,คำขึ้นต้นและคำลงท้ายในการกราบบังคมทูลพระบาทสมเด็จพระเจ้าอยู่หัวและสมเด็จพระบรมราชินีนาถ.
ขอตัว 0,ก.,พูดเพื่อให้ยกเว้นตัวเอง.
ขอทอง 0,น.,"ชื่อว่านชนิดหนึ่ง ต้นเหมือนขมิ้น แต่หัวเล็กสอดกันเป็นข้อ ๆ ต้นและใบเขียว เนื้อเหลือง ใช้แก้เบื่อเมา, ขอคำน้อย ก็เรียก."
ขอทาน 0,ก.,"ขอเงินหรือสิ่งของเลี้ยงชีวิต, หากินทางขอสิ่งที่ผู้อื่นให้."
ขอทาน 1,น.,เรียกบุคคลที่หาเลี้ยงชีพอย่างนั้นว่า ขอทาน.
ขอที 0,ก.,"ห้ามเชิงขอร้อง, ขอให้ละเว้นการกระทำ."
ข้อเท็จจริง 0,น.,ข้อความหรือเหตุการณ์ที่เป็นมาหรือที่เป็นอยู่ตามจริง
ข้อเท็จจริง 1,น.,เรื่องหรือประเด็นที่เกี่ยวกับเหตุการณ์ พฤติกรรม หรือสิ่งใด ๆ ที่เกิดขึ้น ที่มีอยู่ หรือที่เป็นไป.
ขอโทษ 0,ก.,"ขอให้ยกเว้นโทษ, ใช้เป็นคำสุภาพเมื่อรู้สึกว่าจะเป็นการล่วงเกินผู้อื่น."
ขอน 0,น.,ท่อนไม้ใหญ่ที่ยังไม่ได้ถากกล่อมให้เป็นรูปที่ต้องการ
ขอน 1,น.,ลักษณนามเรียกข้างหนึ่งของกำไลที่เป็นคู่ว่า กำไลขอนหนึ่ง
ขอน 2,น.,"ลักษณนามของสังข์ เช่น สังข์ขอนหนึ่ง สังข์ ๒ ขอน, ลักษณนามของไพ่ตองว่า สำรับหนึ่งหรือชุดหนึ่งมี ๒ ขอน."
ข่อน 0,ว.,"ปั่นป่วน, ไม่สบายใจ, โดยมากใช้เป็นคำคู่ เช่น อกใจมันให้ข่อน ๆ จะนั่งนอนก็ไม่หลับสนิท (ม. ร่ายยาว ทานกัณฑ์)."
ข้อน 0,ก.,"ตี, ทุบ, ค่อน ก็ใช้."
ขอนดอก 0,น.,ท่อนไม้ของต้นตะแบก พิกุล และบุนนาค ที่ผุราขึ้นเป็นจุดขาว ๆ มีกลิ่นหอม ใช้เป็นเครื่องยาไทย.
ขอนทิ้งอก 0,น.,ชื่อท่ารำแบบหนึ่ง โดยมือข้างหนึ่งจีบหงาย งอข้อศอก หักข้อมือเข้าหาแง่ศีรษะ มืออีกข้างหนึ่งจีบหงายเข้าอก เอียงศีรษะข้างเดียวกับมือที่จีบเข้าอก.
ขอนสัก 0,น.,"ซุงไม้สัก, ลำต้นไม้สักที่ตัดเป็นท่อนยาวก่อนแปรรูป."
ขอนิสัย 0,ก.,ขอฝากตัวอยู่ในความปกครองของพระอุปัชฌาย์ (ใช้แก่กุลบุตรในเวลาอุปสมบท).
ขอบ 0,น.,"ริมรอบ เช่น ขอบโต๊ะ, ริมที่ยกให้สูงขึ้นโดยรอบ เช่น ขอบสระ ขอบถนน."
ขอบ 1,ก.,"ทดแทน, ตอบ, รับ, เช่น ขอบแต่ขอมสักตั้ง (ตะเลงพ่าย), ภายในสองนางขอบ, ธขอบคำความมนตรี (ลอ)."
ขอบกระด้ง 0,น.,ชื่อเรียกกระเพาะอาหารกระเพาะแรกของสัตว์เคี้ยวเอื้อง เช่นวัวควาย มีขนาดใหญ่ที่สุดในจำนวน ๔ กระเพาะ เยื่อบุภายในมีสันคล้ายขอบกระด้ง.
ขอบข่าย 0,น.,ขอบเขตงานหรือความรู้ที่อยู่ในความรับผิดชอบ.
ขอบเขต 0,น.,"อาณาเขต, ขอบข่าย, ข้อจำกัด."
ขอบคุณ 0,*ก.,คำกล่าวแสดงความรู้สึกบุญคุณ (เป็นคำที่ใช้แก่บุคคลที่เสมอกัน หรือผู้น้อยใช้แก่ผู้ใหญ่).
ขอบใจ 0,*ก.,คำกล่าวแสดงความรู้สึกพอใจในความดีที่ผู้อื่นได้มีต่อตน (เป็นคำที่ผู้ใหญ่ใช้แก่ผู้น้อย).
ขอบทาง 0,น.,แนวริมของทางเดินรถ.
ขอบพระคุณ 0,*ก.,คำกล่าวแสดงความรู้สึกบุญคุณ (เป็นคำที่ใช้แก่บุคคลที่เสมอกัน หรือผู้น้อยใช้แก่ผู้ใหญ่).
ขอบฟ้า 0,น.,"แนวที่เห็นเสมือนฟ้าจดกับแผ่นดินหรือทะเล, โดยปริยายหมายถึงไกลมากจนประมาณระยะทางไม่ได้."
ขอบไร 0,น.,"ใช้โดยปริยายว่า ความรอบคอบ, ความทั่วถึง."
ขอบเหล็ก 0,น.,"นาชนิดที่ไม่มีทางจะบุกเบิกออกไปได้อีก เรียกว่า นาขอบเหล็ก, นาเชิงทรง ก็ว่า."
ขอบอกขอบใจ 0,ก.,ขอบใจมาก เช่น เขามาช่วยงานหลายงานแล้ว ต้องไปขอบอกขอบใจเสียหน่อย.
ข้อบังคับ 0,น.,กฎเกณฑ์หรือรายละเอียดที่กำหนดให้ผู้ที่เกี่ยวข้องต้องปฏิบัติ.
ข้อบังคับของบริษัท 0,น.,กฎเกณฑ์เกี่ยวกับวิธีการดำเนินกิจการของบริษัทจำกัด เช่น การออกหุ้นและการโอนหุ้น การประชุมผู้ถือหุ้น.
ข้อบัญญัติ 0,น.,กฎที่องค์กรปกครองส่วนท้องถิ่นตราขึ้นเพื่อใช้บังคับในเขตขององค์กรปกครองส่วนท้องถิ่นนั้น ๆ เช่น ข้อบัญญัติจังหวัด ข้อบัญญัติกรุงเทพมหานคร ข้อบัญญัติเมืองพัทยา.
ขอบิณฑบาต 0,ก.,ขอให้ละเว้นการกระทำ.
ขอประทาน 0,ก.,"ขอสิ่งของ, ขออนุญาต, (มักใช้นำหน้าคำที่พูดกับผู้ใหญ่)."
ขอประทานโทษ 0,ก.,"ขอให้ยกเว้นโทษ, ใช้เป็นคำสุภาพเมื่อรู้สึกว่าจะเป็นการล่วงเกินผู้อื่น."
ข้อปลีกย่อย 0,น.,"รายละเอียด, เรื่องเบ็ดเตล็ด."
ขอไปที 0,ว.,"พอให้พ้น ๆ ไป, พอเอาตัวรอด, เช่น ทำอย่างขอไปที."
ขอเฝ้า 0,น.,ข้าพึ่งบุญเจ้า เป็นผู้ชายสำหรับเจ้านายฝ่ายในใช้สอย
ขอเฝ้า 1,น.,เครื่องแบบสำหรับผู้ที่มีตำแหน่งเฝ้า แต่ไม่อยู่ในฐานะที่จะแต่งเครื่องแบบราชการ.
ขอพระราชทาน 0,ก.,"ขอสิ่งของ, ขออนุญาต, (ใช้กราบบังคมทูลพระเจ้าแผ่นดิน)."
ข้อพับ 0,น.,ส่วนของแขนหรือขาที่พับได้.
ข้อพิพาท 0,น.,ข้อขัดแย้งหรือโต้แย้งระหว่างผู้เป็นคู่กรณี.
ข้อพิพาทแรงงาน 0,น.,ข้อขัดแย้งระหว่างนายจ้างกับลูกจ้างเกี่ยวกับสภาพการจ้าง.
ขอม 0,น.,เขมรโบราณ.
ขอม 1,น.,คำนำหน้าชื่อเพลงไทยสำเนียงขอม เช่น ขอมทรงเครื่อง ขอมใหญ่ ขอมน้ำเต้า ขอมระทม.
ขอมดำดิน 0,น.,คนที่ปรากฏตัวขึ้นทันทีอย่างไม่คาดฝันหรือหายไปอย่างรวดเร็วไม่ทันได้สังเกต.
ข้อมือขาว 0,น.,คนที่ไม่ได้สักข้อมือขึ้นทะเบียนสังกัดเป็นไพร่หลวง ไพร่สม.
ข้อมูล 0,น.,ข้อเท็จจริง หรือสิ่งที่ถือหรือยอมรับว่าเป็นข้อเท็จจริง สำหรับใช้เป็นหลักอนุมานหาความจริงหรือการคำนวณ.
ข้อมูลข่าวสาร 0,น.,สิ่งที่สื่อความหมายให้รู้เรื่องราวข้อเท็จจริง ข้อมูล หรือสิ่งใด ๆ.
ข้อมูลข่าวสารของราชการ 0,น.,ข้อมูลข่าวสารที่อยู่ในความครอบครองหรือควบคุมดูแลของหน่วยงานของรัฐ.
ข้อมูลข่าวสารส่วนบุคคล 0,น.,ข้อมูลข่าวสารเกี่ยวกับสิ่งเฉพาะตัวของบุคคล เช่น การศึกษา ฐานะการเงิน ประวัติสุขภาพ ประวัติอาชญากรรม หรือประวัติการทำงาน.
ข้อมูลเครดิต 0,น.,ข้อเท็จจริงเกี่ยวกับลูกค้าที่ขอสินเชื่อกับสถาบันการเงิน และข้อเท็จจริงเกี่ยวกับประวัติการได้รับอนุมัติสินเชื่อและการชำระสินเชื่อ.
ข้อแม้ 0,น.,เงื่อนไขที่กำหนดไว้.
ข่อย 0,น.,ชื่อไม้ต้นขนาดย่อมถึงขนาดกลางชนิด Streblus asper Lour. ในวงศ์ Moraceae มักขึ้นตามป่าตํ่าและริมแม่นํ้าลำคลอง ใบเล็ก สากคาย ใช้ขัดถูได้ เปลือกใช้ทำกระดาษ เรียกว่า กระดาษข่อย ใบ เปลือก เนื้อไม้ และเมล็ดใช้ทำยาได้.
ข้อย 0,ส.,"คำใช้แทนตัวผู้พูด, เป็นสรรพนามบุรุษที่ ๑."
ข้อย 1,น.,"ข้า, บ่าว, เช่น เมื่อให้สูสองราชเป็นข้อยขาดแก่พราหมณ์ (ม. คำหลวง กุมาร)."
ข้อยกเว้น 0,น.,ข้อความที่ไม่เกี่ยวด้วยเงื่อนไขหรือกฎเกณฑ์เป็นต้นที่กำหนดไว้.
ข่อยจีน 0,น.,"ชื่อไม้พุ่มหลายชนิดในหลายวงศ์ ใบเล็ก ที่ใช้ปลูกเป็นรั้ว เช่น ชาข่อย ( Acalypha siamensisOliv. ex Gage) ในวงศ์ Euphorbiaceae, ที่นิยมปลูกเป็นไม้ดัด คือ ชาฮกเกี้ยน [ Carmona retusa (Vahl) Masam.] ในวงศ์ Boraginaceae, ข่อยจีน ก็เรียก และ ชาใบมัน ( Malpighia coccigera L.) ในวงศ์ Malpighiaceae, ชาปัตตาเวีย ก็เรียก."
ข่อยน้ำ 0,น.,"ชื่อไม้ต้นขนาดย่อมชนิด Streblus taxoides (K. Heyne) Kurz ในวงศ์ Moraceae ขึ้นตามที่ชื้นแฉะ ลำต้นและกิ่งก้านมักงอหักไปมา ใบเกลี้ยง ไม่สากคาย, ข่อยหยอง ก็เรียก, ปักษ์ใต้เรียก ขี้แรด."
ข่อยหนาม 0,น.,"ชื่อไม้ต้นขนาดเล็กชนิด Streblus ilicifolius (Vidal) Corner ในวงศ์ Moraceae มักขึ้นบนเขาหินปูนในป่าดิบ ลำต้นตรง ใบแข็งหนา ด้านบนเขียวแก่เป็นมัน ขอบใบเป็นหนามแหลมคม, ปักษ์ใต้เรียก กระชิด."
ข่อยหยอง 0,น.,"ชื่อไม้ต้นขนาดย่อมชนิด Streblus taxoides (K. Heyne) Kurz ในวงศ์ Moraceae ขึ้นตามที่ชื้นแฉะ ลำต้นและกิ่งก้านมักงอหักไปมา ใบเกลี้ยง ไม่สากคาย, ข่อยหยอง ก็เรียก, ปักษ์ใต้เรียก ขี้แรด."
ขอยืม 0,ก.,"ขอสิ่งของ เงิน เป็นต้น มาใช้ชั่วระยะเวลาหนึ่งแล้วคืนให้หรือใช้คืน, นำของของผู้อื่นมาใช้เป็นของของตน เช่น ขอยืมคำในภาษาบาลีมาใช้ ขอยืมวัฒนธรรมตะวันตกมาใช้ ขอยืมความคิด, (คณิต) ในการลบเลข ถ้าเลขตัวตั้งในหลักใดน้อยกว่าเลขที่จะนำมาลบ ให้นำเลขจากหลักสูงถัดไปมาเพิ่มเลขตัวตั้งเพื่อให้มากพอที่จะลบได้ เช่น ๔๓ - ๕ ในที่นี้ ๕ ลบจาก ๓ ไม่ได้ ๓ ต้องขอยืม ๔ ซึ่งเป็นหลักสิบมา ๑ รวมเป็น ๑๓ แล้วลบออกเสีย ๕ เหลือ ๘ ๔ เมื่อถูกขอยืมไป ๑ ก็เหลือ ๓ ผลลัพธ์ ๓๘, ยืม ก็ว่า."
ขอร้อง 0,ก.,"ขอให้ช่วยเหลือ, ขอให้ทำตามที่ขอ."
ขอรับ 0,น.,โลหะทำเป็นห่วงสำหรับรับขอสับ มักติดที่ประตูหน้าต่าง.
ขอรับ 1,*ก.,คำรับที่สุภาพชนใช้.
ขอรับกระผม 0,*ก.,คำรับด้วยความอ่อนน้อมอย่างยิ่ง (ใช้พูดกับผู้ใหญ่).
ขอรับผม 0,*ก.,คำรับด้วยความอ่อนน้อมอย่างยิ่ง (ใช้พูดกับผู้ใหญ่).
ข้อราชการ 0,น.,เรื่องราชการ.
ขอแรง 0,ก.,"ขอให้ออกแรงช่วยทำงาน, บอกเพื่อนบ้านมาช่วยกันทำงาน."
ข้อลำ 0,น.,พละกำลัง เช่น ข้อลำอย่างนี้จะสู้งานหนักไหวหรือ.
ข้อศอก 0,น.,"ส่วนของแขนตรงข้ามกับข้อพับ, ศอก ก็ว่า."
ขอษมา 0,ก.,"ขอไม่ให้เอาโทษในสิ่งที่ได้ล่วงละเมิดหรือล่วงเกิน เช่น เขามาขอขมาญาติผู้ใหญ่เพื่อลาบวช, ขอษมา หรือ ขอษมาลาโทษ ก็ว่า."
ขอษมาลาโทษ 0,ก.,"ขอไม่ให้เอาโทษในสิ่งที่ได้ล่วงละเมิดหรือล่วงเกิน เช่น เขามาขอขมาญาติผู้ใหญ่เพื่อลาบวช, ขอษมา หรือ ขอษมาลาโทษ ก็ว่า."
ข้อสอบ 0,น.,ปัญหาที่ตั้งขึ้นในการสอบความรู้.
ข้อสังเกต 0,น.,สิ่งที่กำหนดไว้ให้สนใจเป็นพิเศษ เช่น บทความนี้มีข้อสังเกตอยู่หลายประการ เขาตั้งข้อสังเกตว่า ๒-๓ วันนี้มีชายแปลกหน้ามาเยี่ยม ๆ มอง ๆ ที่ประตูบ้านบ่อย.
ข้อสัญญาที่ไม่เป็นธรรม 0,น.,ข้อตกลงในสัญญาระหว่างผู้บริโภคกับผู้ประกอบธุรกิจการค้า หรือวิชาชีพ หรือในสัญญาสำเร็จรูป หรือในสัญญาขายฝากที่ทำให้ผู้ประกอบธุรกิจการค้า หรือวิชาชีพ หรือผู้กำหนดสัญญาสำเร็จรูป หรือผู้ซื้อฝากได้เปรียบคู่สัญญาอีกฝ่ายหนึ่งเกินสมควร.
ขอสับ 0,น.,โลหะที่ปลายงอเป็นตาขอสำหรับเกี่ยวที่ขอรับ.
ข้อเสนอ 0,น.,เรื่องราวที่นำเสนอเพื่อพิจารณา.
ข้อเสนอแนะ 0,น.,ข้อคิดเห็นเชิงแนะนำที่เสนอเพื่อพิจารณา.
ขอเสียที 0,ก.,"ห้ามเชิงขอร้อง, ขอให้ละเว้นการกระทำ."
ข้อเสือ 0,น.,"ส่วนที่ต่อเพลา โดยมากมีลักษณะงอ สำหรับรับกำลังดันหรือกำลังฉุดให้เพลาหมุนรอบ ๆ, ภาษาปากว่า ข้อเสือ."
ข้อหา 0,น.,คำกล่าวโทษ
ข้อหา 1,น.,คำกล่าวหาบุคคลว่าได้กระทำความผิดอาญา หรือคำกล่าวหาเกี่ยวกับข้อโต้แย้งสิทธิหรือหน้าที่ของบุคคลในทางแพ่ง.
ข้อเหวี่ยง 0,น.,"ส่วนที่ต่อเพลา โดยมากมีลักษณะงอ สำหรับรับกำลังดันหรือกำลังฉุดให้เพลาหมุนรอบ ๆ, ภาษาปากว่า ข้อเสือ."
ข้อใหญ่ใจความ 0,น.,เรื่องสำคัญ.
ขออภัย 0,ก.,"ขอให้ยกเว้นโทษ, ขออย่าได้ถือโทษ."
ขออโหสิ 0,ก.,"ขอให้เลิกแล้วต่อกัน, ขอให้ยกโทษให้."
ข้ออ้อย 0,น.,ชื่อลายชนิดหนึ่ง
ข้ออ้อย 1,น.,ชื่อเหล็กเส้นชนิดหนึ่งซึ่งมีลักษณะคล้ายลำอ้อย.
ข้ออ้าง 0,น.,สิ่งที่นำมาอ้างสนับสนุนความคิดเห็นหรือการกระทำของตน.
ขะข่ำ 0,ว.,"คลํ้า, มืดมัว, เขียนเป็น ขข่ำ ก็มี เช่น ฟ้าแมลบมล่นนร้อง ท้องฟ้าเขียวขขํ่า ยงงฝนพพร่ำพรอยพรำ อื้ออึงอัมพรระงม ด้วยกำลงงลมพายุพัดน้นน (ม. คำหลวง ฉกษัตริย์)."
ขะแข่น 0,ว.,"แข้น, แข็ง, เขียนเป็น ขแข่น ก็มี เช่น สองอ่อน โอ้อาดูร ร้อนแสงสูรย์ขแข่น (ม. คำหลวง กุมาร), ร้อนขะแข้น (ม. คำหลวง กุมาร)."
ขะแข้น 0,ว.,"แข้น, แข็ง, เขียนเป็น ขแข่น ก็มี เช่น สองอ่อน โอ้อาดูร ร้อนแสงสูรย์ขแข่น (ม. คำหลวง กุมาร), ร้อนขะแข้น (ม. คำหลวง กุมาร)."
ขะแจะ 0,น.,"ชื่อไม้ต้นขนาดเล็กชนิด Naringi crenulata (Roxb.) Nicolson ในวงศ์ Rutaceae ขึ้นในป่าเบญจพรรณ ต้นและกิ่งมีหนามเปลือกขรุขระสีเทา ดอกเล็กสีขาวเป็นช่อสั้น ยาวประมาณ ๒ เซนติเมตร กลิ่นหอมอ่อน ท่อนไม้ฝนกับนํ้าใช้เป็นเครื่องประทิ่นผิว รากใช้ทำยา, กะแจะ ขะแจะ ตุมตัง หรือ พญายา ก็เรียก."
ขะแถก 0,ก.,"กระแทก, กระทบโดยแรง, กระทุ้ง, เช่น ขะแถกแทงทอท่ยว เขาส้ยมส่ยวยงงมี (ม. คำหลวง มหาราช)."
ขะน่อง 0,น.,"น่อง, อวัยวะส่วนหลังของแข้ง ตั้งแต่ขาพับลงไปถึงส้นเท้า, กระหน่อง กระน่อง หรือ ขาน่อง ก็เรียก, อีสานว่า กะหน่อง หรือ กะน่อง."
ขะนาน 0,น.,ทะนาน.
ขะเน็ด 0,น.,เขน็ด.
ขะมอมขะแมม 0,ก.,"กระมอมกระแมม, มอมแมมมาก, เลอะเทอะ, เปื้อนเปรอะ, กระดำกระด่าง."
ขะมักเขม้น 0,ก.,"ตั้งใจทำอย่างรีบเร่งเพื่อให้แล้วเสร็จไป, ก้มหน้าก้มตาทำ, เขม้นขะมัก ก็ว่า."
ขะมุกขะมอม 0,ว.,เปรอะเปื้อนมอซอ.
ขะแมร์กอฮอม 0,น.,ชื่อเพลงไทยสำเนียงเขมร อัตรา ๓ ชั้น หน้าทับปรบไก่ แต่งขยายจากเพลงเขมรแดง อัตรา ๒ ชั้น นิยมบรรเลงต่อกันเป็นเพลงชุด เรียกว่า สามขะแมร์ ซึ่งประกอบด้วย เพลงขะแมร์กอฮอม เพลงขะแมร์ซอ และเพลงขะแมร์ธม.
ขะแมร์ซอ 0,น.,ชื่อเพลงไทยสำเนียงเขมร อัตรา ๓ ชั้น หน้าทับปรบไก่ แต่งขยายจากเพลงเขมรขาว อัตรา ๒ ชั้น นิยมบรรเลงต่อกันเป็นเพลงชุด เรียกว่า สามขะแมร์ ซึ่งประกอบด้วย เพลงขะแมร์กอฮอม เพลงขะแมร์ซอ และเพลงขะแมร์ธม.
ขะแมร์ธม 0,น.,ชื่อเพลงไทยสำเนียงเขมร อัตรา ๓ ชั้น หน้าทับปรบไก่ แต่งขยายจากเพลงเขมรใหญ่ อัตรา ๒ ชั้น นิยมบรรเลงต่อกันเป็นเพลงชุด เรียกว่า สามขะแมร์ ซึ่งประกอบด้วย เพลงขะแมร์กอฮอม เพลงขะแมร์ซอ และเพลงขะแมร์ธม.
ขะยิก 0,ก.,"ขยับเข้าไปทีละน้อย ๆ, กระยิก ก็ว่า."
ขะยุก 0,ก.,ดันเข้าไปทีละน้อย ๆ
ขะยุก 1,ก.,ยุหรือหนุนส่ง.
ขะเย้อแขย่ง 0,ก.,"กระเย้อกระแหย่ง, เขียนเป็น เขย้อแขย่ง ก็มี."
ขะแยะ 0,ก.,"ตำเบา ๆ, ตำแซะ ๆ"
ขะแยะ 1,ก.,เอาไหล่กระแทกเข้าไป.
ขัค 0,น.,แรด เช่น พยัคฆขัคศฤงคาล (สรรพสิทธิ์).
ขัค 1,น.,ขรรค์ เช่น สุรขัคอนันต์ (สมุทรโฆษ).
ขัง 0,ก.,"ให้อยู่ในที่ล้อมเช่นกรง คอก หรือเล้า เป็นต้น, ให้อยู่ในที่ซึ่งกันไว้ เช่น ขังนํ้า"
ขัง 1,ก.,กักขังจำเลยหรือผู้ต้องหาโดยศาล.
ขังข้อ 0,ก.,ตัดกระบอกไม้ไผ่เป็นต้นให้มีข้อติดอยู่ข้างหนึ่ง.
ขังขอก 0,น.,ชาวเมือง.
ขังปล้อง 0,ว.,ลักษณะกระบอกที่ตัดให้มีข้อติดอยู่ทั้ง ๒ ข้าง โดยฝานข้าง ๆ ทั้ง ๒ ข้างให้เป็นขาแล้วผ่าตลอดด้านหนึ่ง เพื่อทำเป็นตะขาบเป็นต้น.
ขังหน่วย 0,ว.,"เรียกนํ้าตาที่ปริ่มอยู่ที่ขอบตาเมื่อร้องไห้ ว่า นํ้าตาขังหน่วย, น้ำตาคลอหน่วย หรือ น้ำตาล่อหน่วย ก็ว่า."
ขัช 0,น.,อาหารควรเคี้ยว เช่น ตั้งขัชกโภชนาหาร (ม. ร่ายยาว ชูชก).
ขัชกะ 0,น.,อาหารควรเคี้ยว เช่น ตั้งขัชกโภชนาหาร (ม. ร่ายยาว ชูชก).
ขัณฑ- 0,น.,"ภาค, ตอน, ท่อน, ส่วน, ก้อน, ชิ้น."
ขัณฑสกร 0,น.,"นํ้าตาลกรวด, เครื่องยาไทยอย่างหนึ่งคล้ายนํ้าตาลกรวด, นํ้าตาลชนิดหนึ่งเชื่อกันว่าเกิดที่ใบบัว, เช่น เมื่อเวลาพุ่มไม้มีดอกออกตระการบานเต็มที่พร้อมฤดู เสาวคนธ-รสเรณูโรยร่วงลงบนใบอุบล ซึ่งลอยลาดดาดาษอยู่บนหลังน้ำ เมื่อล่วงเวลากาลก็ก่อเกิดโอชะวิเศษหวานเป็นมธุรส มีนามกำหนดเรียกว่า โบกขรมธุ ผู้เรียนรู้ลุในตำราแพทยศาสตร์ ย่อมสืบเสาะแสวงหามาประกอบใช้ในการโอสถ มีนามปรากฏเรียกว่า ขัณฑสกร (ม. ร่ายยาว จุลพน)."
ขัณฑสีมา 0,น.,"เขตแดน, เขตแดนส่วนหนึ่ง ๆ."
ขัด 0,ก.,ให้ติดขวางไว้ไม่ให้หลุดออก เช่น ขัดกระดุม ขัดกลอน
ขัด 1,ก.,เหน็บ เช่น ขัดกระบี่
ขัด 2,ก.,"ไม่ทำตาม, ฝ่าฝืน, ขืนไว้, เช่น ขัดคำสั่ง"
ขัด 3,ก.,"แย้งกัน, ไม่ลงรอยกัน."
ขัด 4,ก.,"ถูให้เกลี้ยง, ถูให้ผ่องใส, ถูให้ขึ้นเงา, เช่น ขัดขี้ไคล ขัดพื้น."
ขัด 5,ก.,"ไม่ใคร่จะมี, ฝืดเคือง, ไม่คล่อง, ไม่เป็นปรกติ."
ขัด 6,ก.,คาด เช่น มีพิกัดขัดค่าเป็นราคาน้อยมาก (ม. ร่ายยาว มหาราช).
ขัดเกลา 0,ก.,"ทำให้เกลี้ยงเกลา, ทำให้เรียบร้อย, อบรมพรํ่าสอน, เช่น ขัดเกลานิสัย."
ขัดขวาง 0,ก.,"ทำให้ไม่สะดวก, ทำให้ติดขัด."
ขัดข้อง 0,ก.,"ไม่ยอมให้ทำ, ไม่ตกลงด้วย, ติดขัด."
ขัดขา 0,ก.,"จงใจขัดขวางเพื่อไม่ให้ทำได้สะดวก, ขัดแข้งขัดขา ก็ว่า"
ขัดขา 1,ก.,"แทนชั่วคราว เป็นการแก้ขัดในการเล่นไพ่เป็นต้น, คานขา หรือ คันขา ก็ว่า."
ขัดขืน 0,ก.,"ไม่ประพฤติตาม, ไม่ทำตาม."
ขัดเขมร 0,ก.,ถกเขมร เช่น ทะเลาะกูกำหมัดขัดเขมร (ดึกดำบรรพ์).
ขัดเขิน 0,ก.,กระดากอาย.
ขัดแข็ง 0,ก.,ไม่อ่อนน้อม.
ขัดแข้งขัดขา 0,ก.,"จงใจขัดขวางเพื่อไม่ให้ทำได้สะดวก, ขัดขา ก็ว่า."
ขัดคอ 0,ก.,"พูดแย้งขวางเข้ามา, ไม่ให้ทำได้โดยสะดวก."
ขัดเคือง 0,ก.,โกรธเพราะถูกขัดใจเป็นต้น.
ขัดแค้น 0,ก.,โกรธเจ็บใจอยู่ไม่หาย.
ขัดจังหวะ 0,ก.,แทรกเข้ามาในระหว่างร้องรำ
ขัดจังหวะ 1,ก.,ขวางเข้ามาเพื่อไม่ให้ทำหรือพูดได้สะดวก.
ขัดจางนาง 0,น.,ชื่อท่ารำแบบหนึ่ง โดยมือทั้งสองตั้งวง ไขว้แขน ระดับอก ลำตัวตั้งตรง หน้าตรง เอียงศีรษะข้างใดก็ได้.
ขัดใจ 0,ก.,"โกรธเพราะทำไม่ถูกใจ, ไม่ยอมให้ทำตามใจ."
ขัดดอก 0,ก.,ส่งลูกเมียหรือข้าคนให้รับใช้แทนส่งดอกเบี้ย.
ขัดตะหมาด 0,ว.,เรียกท่านั่งคู้เข่าทั้ง ๒ ข้างให้แบะลงที่พื้น แล้วเอาขาไขว้กันทับฝ่าเท้า ว่า นั่งขัดตะหมาด.
ขัดตา 0,ก.,"ดูไม่ถูกตา, ดูไม่เหมาะตา, ขัดนัยน์ตา ขัดลูกตา หรือ ขัดลูกหูลูกตา ก็ว่า."
ขัดตาทัพ 0,ก.,ยกทัพไปตั้งชั่วคราว กันไม่ให้ข้าศึกรุกลํ้าเข้ามา
ขัดตาทัพ 1,ก.,แก้ไขไปพลาง ๆ ก่อน.
ขัดตำนาน 0,ก.,สวดบทนำเป็นทำนองก่อนสวดมนต์.
ขัดแตะ 0,ก.,"เรียกรั้วหรือฝาเรือนที่ใช้ไม้รวกหรือไม้ไผ่ผ่าซีกขัดกัน ว่า รั้วขัดแตะ ฝาขัดแตะ, เรียกเรือนที่มีฝาเอาไม้ไผ่ซีกสอดขัดกับลูกตั้ง ว่า เรือนฝาขัดแตะ."
ขัดนัยน์ตา 0,ก.,ขัดตา.
ขัดบท 0,ก.,"แทรกเข้ามาเมื่อเขาพูดยังไม่จบเรื่อง, ใช้เลือนมาเป็น ขัดคอ ก็มี."
ขัดเบา 0,ก.,ถ่ายปัสสาวะไม่ค่อยออก.
ขัดมอน 0,น.,"ชื่อไม้พุ่มหลายชนิดในสกุล Sida วงศ์ Malvaceae ดอกสีเหลือง เช่น ชนิด S. rhombifolia L. ใช้ทำยาได้, ขัดมอน คัดมอน หรือ ยุงปัดแม่ม่าย ก็เรียก."
ขัดมอนตัวผู้ 0,น.,"ชื่อไม้พุ่มชนิด Sida subcordataSpan. ในวงศ์ Malvaceae, ขัดมอนหลวง หรือ ขัดมอนตัวผู้ ก็เรียก."
ขัดมอนหลวง 0,น.,"ชื่อไม้พุ่มชนิด Sida subcordataSpan. ในวงศ์ Malvaceae, ขัดมอนหลวง หรือ ขัดมอนตัวผู้ ก็เรียก."
ขัดยอก 0,ก.,เคล็ดและรู้สึกเจ็บปวด.
ขัดแย้ง 0,ก.,ไม่ลงรอยกัน.
ขัดลาภ 0,ก.,"ทำให้ไม่ได้รับสิ่งที่จะพึงได้, ทำให้ไม่มีโชค."
ขัดลำ 0,ก.,อาการที่กระสุนปืนค้างติดในลำกล้อง.
ขัดลำกล้อง 0,ก.,ถ่ายปัสสาวะไม่ค่อยออก (ใช้แก่ผู้ชาย).
ขัดลูกตา 0,ก.,ขัดตา.
ขัดลูกหูลูกตา 0,ก.,ขัดตา.
ขัดสน 0,ว.,"ฝืดเคือง, อัตคัด, ขาดแคลน"
ขัดสน 1,ว.,ลำบาก.
ขัดสมาธิ 0,ว.,"นั่งคู้เข่าทั้ง ๒ ข้างให้แบะลงที่พื้นแล้วเอาขาไขว้กันทับฝ่าเท้า, ถ้าเอาขาซ้อนทับกัน เรียกว่า ขัดสมาธิสองชั้น, ถ้าเอาขาขวาทับขาซ้าย เรียกว่า ขัดสมาธิราบ, ถ้าเอาฝ่าเท้าทั้ง ๒ ข้างขึ้นข้างบน เรียกว่า ขัดสมาธิเพชร, ขัดสมาธิราบและขัดสมาธิเพชรนั้น เป็นท่าพระพุทธรูปนั่ง."
ขัดสมาธิ 1,น.,ชื่อพระพุทธรูปปางหนึ่ง อยู่ในพระอิริยาบถนั่งขัดสมาธิ พระหัตถ์ทั้ง ๒ วางซ้อนกันบนพระเพลา พระหัตถ์ขวาทับพระหัตถ์ซ้าย.
ขัดหนัก 0,ก.,ถ่ายอุจจาระไม่ค่อยออก.
ขัดห้าง 0,ก.,ทำที่พักบนต้นไม้ในป่าชั่วคราวสำหรับคอยเฝ้าดูเหตุการณ์หรือดักยิงสัตว์เป็นต้น.
ขัดหู 0,ก.,"ฟังไม่ถูกหู, ฟังไม่เพราะหู."
ขัตติย- 0,น.,พระเจ้าแผ่นดิน.
ขัตติยมานะ 0,น.,การถือตัวว่าเป็นกษัตริย์หรือเชื้อสายกษัตริย์.
ขั้น 0,น.,ชั้นที่ทำลดหลั่นกันเป็นลำดับ เช่น ขั้นบันได
ขั้น 1,น.,"ลำดับ, ตอน, เช่น ในขั้นนี้."
ขัน 0,น.,ภาชนะสำหรับตักหรือใส่นํ้า มีหลายชนิด.
ขัน 1,ก.,ทำให้ตึงหรือให้แน่นด้วยวิธีหมุนกวดเร่งเข้าไป เช่น ขันชะเนาะ ขันเกลียว.
ขัน 2,ว.,"แข็งแรง, กล้าหาญ, เช่น กูนี้คนขัน จะขามคนใด (สมุทรโฆษ)."
ขัน 3,ก.,อาการร้องอย่างหนึ่งของไก่หรือนกบางชนิด เฉพาะในตัวผู้ เช่น ไก่ ไก่ฟ้า นกเขา ใช้เป็นสัญญาณติดต่อสื่อสารในสัตว์ประเภทเดียวกัน จะร้องมากในระหว่างฤดูผสมพันธุ์ หรือในเวลาจำเพาะเช่นเช้าตรู่.
ขัน 4,ก.,"หัวเราะ, นึกอยากหัวเราะ."
ขัน 5,ว.,"น่าหัวเราะ, ชวนหัวเราะ, ขบขัน ก็ว่า."
ขัน 6,น.,"ชื่อไม้ต้นขนาดกลางชนิด Amesiodendron chinense (Merr.) Hu ในวงศ์ Sapindaceae ขึ้นตามชายนํ้า สูงประมาณ ๑๐ เมตร, ขัน ก็เรียก."
ขันกว้าน 0,ก.,"ฉุดด้วยกว้าน, กว้าน ก็เรียก."
ขันข้าวบาตร 0,น.,ขันเชิงสำหรับใส่ข้าวตักบาตร.
ขันแข็ง 0,ว.,อย่างเอาจริงเอาจัง เช่น ขยันขันแข็ง ทำงานขันแข็ง รับปากขันแข็ง.
ขันชะเนาะ 0,ก.,บิดลูกชะเนาะให้ตึง.
ขันเชิง 0,น.,ขันชนิดที่มีเชิง.
ขันต่อ 0,ก.,กล้าต่อ.
ขันต่อ 1,น.,การต่อรองซึ่งได้เสียกันโดยอาศัยเหตุการณ์ในอนาคตที่ไม่แน่นอนเป็นข้อแพ้ชนะ.
ขันติ 0,น.,"ความอดกลั้นต่อสิ่งที่ไม่พอใจ, ความอดทน."
ขันตี 0,น.,"ความอดกลั้นต่อสิ่งที่ไม่พอใจ, ความอดทน."
ขันโตก 0,น.,"ภาชนะทำด้วยไม้กลึง ไม้ไผ่สาน หวาย หรืออย่างเครื่องเขิน ส่วนบนลักษณะคล้ายถาด ส่วนล่างเป็นตีนลักษณะเป็นวงแหวนมีขนาดเล็กกว่าถาดส่วนบน โดยมีซี่ไม้ลูกมะหวดประมาณ ๖ ซี่ปักที่ตีนค้ำถาดไว้ ใช้สำหรับใส่อาหารเป็นต้น, โตก หรือ สะโตก ก็ว่า, ลักษณนามว่า ใบ หรือ ลูก."
ขันทองพยาบาท 0,น.,ชื่อไม้ต้นขนาดเล็กชนิด Suregada multiflora (A. Juss.) Baill. ในวงศ์ Euphorbiaceae สูง ๕-๘ เมตร ใบรี หนา ด้านบนสีเขียวแก่เป็นมัน ผลกลมมี ๓ พู ขนาดกว้างประมาณ ๒.๕ เซนติเมตร ใช้ทำยาได้.
ขันที 0,น.,ชายที่ถูกตอน บางประเทศทางเอเชียสมัยโบราณใช้สำหรับควบคุมฝ่ายใน.
ขันธ์ 0,น.,"ตัว, หมู่, กอง, พวก, หมวด, ส่วนหนึ่ง ๆ ของรูปกับนามที่แยกออกเป็น ๕ กอง คือ รูป เวทนา สัญญา สังขาร วิญญาณ ซึ่งเรียกว่า ขันธ์ ๕ หรือ ขันธ์ทั้ง ๕."
ขันธาวาร 0,น.,"ค่าย, กองทัพ, เช่น เสด็จถึงขันธาวารประเทศ (ม. ร่ายยาว นครกัณฑ์)."
ขันน้ำพานรอง 0,น.,ขันนํ้าที่มีพานรองรับ.
ขันลงหิน 0,น.,ขันที่ทำด้วยโลหะผสมทองแดงกับดีบุก แล้วขัดให้เป็นมัน.
ขันสมอ 0,ก.,หมุนเครื่องเอาสมอขึ้น.
ขันสาคร 0,น.,ขันขนาดใหญ่ทำด้วยโลหะผสม ได้แก่ สัมฤทธิ์ ทองเหลือง ตัวขันเป็นทรงลูกมะนาวตัด ก้นขันมีเชิง ข้างขันทำเป็นรูปหน้าสิงโตปากคาบห่วงซึ่งใช้เป็นหูหิ้วข้างละหู ใช้บรรจุน้ำสำหรับทำน้ำมนต์ หรือสำหรับผู้มีบรรดาศักดิ์ใช้อาบ.
ขันสู้ 0,ก.,"แข่งเข้าสู้, กล้าสู้."
ขันหมาก 0,น.,ขันใส่หมากพลูเป็นต้นซึ่งเชิญไปพร้อมกับของอื่น ๆ ในพิธีหมั้นหรือแต่งงาน เป็นเครื่องคำนับผู้ปกครองฝ่ายหญิง.
ขันหมาก 1,น.,เรียกพานใส่หมากพลูซึ่งเป็นเครื่องราชูปโภคของพระมหากษัตริย์ ว่า พานพระขันหมาก. (ดู พานพระขันหมาก).
ขันหมาก 2,น.,ชื่อว่านชนิดหนึ่ง ต้นเหมือนจำปา รากเป็น ๓ แง่ ดอกเหมือนบอน ลูกเหมือนแตงกวา.
ขันเหม 0,น.,ขันชนิดที่เล็กกว่าขันเชิงเล็กน้อย ใส่ข้าวสารไว้ในขันสำหรับปักแว่นเวียนเทียน.
ขันอาสา 0,ก.,"เสนอตัวเข้ารับทำโดยเต็มใจ, กล้าอาสา."
ขับ 0,ก.,"ต้อนให้ไป, บังคับให้ไป, ไล่"
ขับ 1,ก.,ไล่ตาม
ขับ 2,ก.,"บังคับให้เคลื่อนไปได้ เช่น ขับเกวียน ขับรถม้า, สามารถบังคับเครื่องยนต์ให้ยานพาหนะเคลื่อนที่ไปได้ เช่น ขับรถ ขับเรือ"
ขับ 3,ก.,บังคับให้ออก เช่น ขับปัสสาวะ
ขับ 4,ก.,"ประชดอย่างล้อ, พูดล้อเพื่อสนุก."
ขับ 5,ก.,ร้องเป็นทำนอง เช่น ขับกล่อม ขับเสภา.
ขับขัน 0,ว.,คับขัน.
ขับขาน 0,ก.,ร้องเพลงอย่างไพเราะ.
ขับขี่ 0,ก.,สามารถบังคับเครื่องยนต์ให้ยานพาหนะเคลื่อนที่ไปได้.
ขับขี่ 1,ว.,เรียกใบอนุญาตให้ขับรถได้ ว่า ใบขับขี่.
ขับเคลื่อน 0,ก.,ผลักหรือดันให้ไปด้วยแรงดันไอนํ้าหรือกังหันเป็นต้น.
ขับเคี่ยว 0,ก.,"เร่งรัด, ต่อสู้หรือแข่งขันกันไปจนถึงที่สุด หรือจนแพ้ชนะไปข้างหนึ่ง."
ขับซอ 0,ก.,ร้องเพลงโดยมีดนตรีประกอบ เช่น ขับซอยอยศอ้าง ฦๅลูกกษัตริย์เจ้าช้าง ชื่นแท้ใครเทียมเทียบนา (ลอ).
ขับถ่าย 0,ก.,รุหรือระบายสิ่งที่ไม่ต้องการออกจากร่างกาย.
ขับนก 0,น.,ชื่อเพลงไทย อัตรา ๒ ชั้น หน้าทับสองไม้.
ขับพล 0,ก.,"ยกทัพ, เคลื่อนกองทัพเข้าโจมตีข้าศึก."
ขับไม้ 0,น.,ชื่อเรียกวงดนตรีไทย ประกอบด้วย คนขับร้องลำนำ คนสีซอสามสาย คนไกวบัณเฑาะว์ให้จังหวะ.
ขับไม้บัณเฑาะว์ 0,น.,ชื่อเพลงไทย อัตรา ๒ ชั้น
ขับไม้บัณเฑาะว์ 1,น.,ชื่อเพลงไทยประเภทเพลงขับร้อง
ขับไม้บัณเฑาะว์ 2,น.,ชื่อเพลงไทยประเภทเพลงโหมโรง อัตรา ๓ ชั้น.
ขับร้อง 0,ก.,ร้องเพลง.
ขับไล่ไสส่ง 0,ก.,"ไล่ไปอย่างไม่มีเยื่อใย, ขับไสไล่ส่ง ก็ว่า."
ขัย 0,น.,"ความสิ้นไป, เขตอายุของคนที่นิยมกันว่าสูงสุด เรียกว่า อายุขัย."
ขัว 0,น.,สะพาน.
ขั้ว 0,น.,ส่วนที่ต่อของก้านดอกไม้ ใบไม้ ผลไม้ และอื่น ๆ.
ขั้วกระจก 0,น.,จุดกึ่งกลางของผิวกระจกโค้งทรงกลม.
ขั้วท้องฟ้า 0,น.,จุดปลายสุดของแกนท้องฟ้า ปลายที่อยู่ทางซีกโลกเหนือเรียกว่า ขั้วฟ้าเหนือ และปลายที่อยู่ทางซีกโลกใต้เรียกว่า ขั้วฟ้าใต้.
ขั้วบวก 0,น.,ขั้วไฟฟ้าที่มีศักย์ไฟฟ้าสูงกว่าอีกขั้วหนึ่ง.
ขั้วฟ้า 0,น.,จุดปลายสุดของแกนท้องฟ้า ปลายที่อยู่ทางซีกโลกเหนือเรียกว่า ขั้วฟ้าเหนือ และปลายที่อยู่ทางซีกโลกใต้เรียกว่า ขั้วฟ้าใต้.
ขั้วแม่เหล็ก 0,น.,"บริเวณที่ตัวแท่งแม่เหล็กซึ่งมีแรงแม่เหล็กมากที่สุด โดยปรกติบริเวณดังกล่าวจะอยู่ใกล้ปลายทั้ง ๒ ของแท่งแม่เหล็ก, ถ้าชี้ไปทางทิศเหนือ เรียกว่า ขั้วเหนือ ถ้าชี้ไปทางทิศใต้ เรียกว่า ขั้วใต้."
ขั้วแม่เหล็กโลก 0,น.,เรียกบริเวณที่มีแรงแม่เหล็กโลกมากที่สุดทางซีกโลกเหนือและใต้ ว่า ขั้วแม่เหล็กโลกเหนือ ขั้วแม่เหล็กโลกใต้.
ขั้วลบ 0,น.,ขั้วไฟฟ้าที่มีศักย์ไฟฟ้าตํ่ากว่าอีกขั้วหนึ่ง.
ขั้วโลก 0,น.,เรียกบริเวณปลายสุดของแกนโลกเหนือและใต้ที่มีละติจูด ๙๐ องศาเหนือ ว่า ขั้วโลกเหนือ และที่มีละติจูด ๙๐ องศาใต้ ว่า ขั้วโลกใต้.
ขา 0,น.,อวัยวะตั้งแต่ตะโพกถึงข้อเท้า สำหรับยันกายและเดินเป็นต้น (ไทยถิ่นอื่น ขา หมายความตั้งแต่ตะโพกถึงเข่า)
ขา 1,น.,สิ่งของซึ่งมีลักษณะคล้ายขาสำหรับยันหรือรองรับสิ่งใดสิ่งหนึ่ง เช่น ขาโต๊ะ ขาเก้าอี้ ขาตั้ง
ขา 2,น.,เรียกส่วนที่ยื่นออกไปจากส่วนใหญ่เหมือนรูปขา เช่น ขากางเกง.
ข่า 0,น.,คนชาวเขาจำพวกหนึ่ง แบ่งออกเป็น ๒ พวก พวกหนึ่งพูดภาษาในตระกูลมอญ−เขมร เช่น ข่าอัตตะปือ ข่าตองเหลือง และอีกพวกหนึ่งพูดภาษาในตระกูลอินโดนีเซียน ได้แก่ ข่าระแด และ ข่าจะราย.
ข้า 0,น.,"ประชาชน, ราษฎร, เช่น ไพร่ฟ้าข้าแผ่นดิน, คน, บริวาร, เช่น ข้าเก่าเต่าเลี้ยง ข้าหนีเจ้าบ่าวหนีนาย, ทาส เช่น ข้าทาส."
ขา 3,น.,"พวก, ฝ่าย, เช่น ขานักเลง ขาเจ้าชู้"
ขา 4,น.,เรียกผู้ร่วมเล่นการพนันเช่นไพ่ ว่า ขา
ขา 5,น.,"คราว, เที่ยว, เช่น ขากลับ ขาเข้า ขาออก"
ขา 6,น.,"สลึง, ใช้เฉพาะราคาทองคำที่คิดเป็นราคาเงินบาท เศษที่เป็นสลึง เรียกว่า ขา เช่น ทองคำหนัก ๑ บาท เป็นราคาเงิน ๘ บาท ๒ สลึง เรียกว่า ทองเนื้อแปดสองขา ถ้าเป็นราคาเงิน ๘ บาท ๓ สลึง เรียกว่า ทองเนื้อแปดสามขา."
ข่า 1,น.,ชื่อไม้ล้มลุกชนิด Alpinia galanga (L.) Willd. ในวงศ์ Zingiberaceae มีเหง้า ลำต้นเป็นกอ สูง ๑-๓ เมตร ดอกสีขาว ออกเป็นช่อที่ยอด เหง้ามีกลิ่นฉุน ใช้ปรุงอาหารและทำยาได้.
ข้า 1,ส.,"คำใช้แทนตัวผู้พูด พูดกับผู้ที่เสมอกันอย่างเป็นกันเองหรือผู้ใหญ่พูดกับผู้น้อย, เป็นสรรพนามบุรุษที่ ๑."
ขา 7,ว.,คำขานรับของผู้หญิง.
ข่า 2,น.,"ชื่อสัตว์นํ้าชนิดหนึ่ง ในมหาชาติคำหลวงแปลจากศัพท์ว่า สุสู, คือ จระเข้, เช่น มงงกรฉลองเข้ข่าก็มี (ม. คำหลวง มหาพน)."
ขา 8,ส.,เป็นสรรพนามบุรุษที่ ๓ แทนคำว่า เขาสองคน เช่น สองขาพ่อลูก หมายถึง เขาสองคนพ่อลูก.
ข่า 3,น.,"ไม้ที่ทำเป็นร้านขึ้นคร่อมกองไฟสำหรับปิ้งปลา, ไม้ไผ่ขัดเป็นตารางเล็ก ๆ สำหรับวางหรือห้อยอาหารแห้งให้อยู่เหนือเตาไฟในครัว."
ขาก 0,ก.,อาการที่ทำให้เสมหะเป็นต้นในลำคอหลุดออก มักมีเสียงดังเช่นนั้น.
ขาก 1,ก.,ภูมิใจ เช่น ความยินลากขากดีจะมีไหน (อภัย).
ขากบ 0,น.,ขาของว่าวจุฬา.
ขากรรไกร 0,น.,"กระดูกต้นคางที่อ้าขึ้นอ้าลง มีลักษณะอย่างกรรไกร, ขากรรไตร หรือ ขาตะไกร ก็ว่า."
ขากรรไตร 0,น.,ขากรรไกร.
ขาก๊วย 0,น.,กางเกงเป้ายาน ขากว้าง ยาวครึ่งแข้ง.
ขากอม 0,ว.,ขาโก่ง.
ขาเกวียน 0,น.,ลูกล้อเกวียน เช่น ขาเกวียนขาหนึ่ง (อัยการเบ็ดเสร็จ).
ข้าเก่าเต่าเลี้ยง 0,น.,"คนเก่าคนแก่, คนที่อยู่ด้วยกันในฐานะรับใช้มานาน."
ขาไก่ 0,น.,เรียกขนมปังกรอบค่อนข้างแข็ง ขนาดโตเท่านิ้วหัวแม่มือ ยาวประมาณ ๘ นิ้ว ว่า ขนมปังขาไก่.
ขาไก่ 1,น.,ดูใน ขา ๑.
ขาไก่ 2,น.,ชื่อไม้พุ่มชนิด Sericocalyx schomburgkii (Craib) Bremek .ในวงศ์ Acanthaceae ต้นสูงประมาณ ๑ เมตร ปลูกเป็นรั้ว.
ขาไก่ 3,น.,ชื่อเห็ดชนิดหนึ่งในพวกเห็ดโคน แต่ใหญ่และแข็งกว่า.
ขาไก่ 4,น.,เรียกอ้อยชนิดลำเล็กสีเหลือง ว่า อ้อยขาไก่.
ขาไก่ 5,น.,"ชื่อปลาทะเลชนิด Megalaspis cordyla (Linn.) ในวงศ์ Carangidae ลำตัวเพรียว แบนข้างเล็กน้อย เรียวลู่ไปทางคอดหางซึ่งแคบมากและเป็นเหลี่ยมแข็งคล้ายแข้งไก่ หน้าครีบก้นมีกระดูกเป็นหนามแข็ง ๒ อัน พับซ่อนในร่องเนื้อได้ ตาโตมีหนังตาไขมัน ปากกว้าง ครีบอกยาวใหญ่เป็นรูปเคียว ครีบหางเป็นแฉกกว้าง ท้ายครีบหลังและครีบก้นมีครีบฝอย ๗-๑๐ ครีบ เรียงห่างกัน เกล็ดเล็กแต่เฉพาะที่อยู่ในแนวเส้นข้างตัวจนถึงข้างหางขยายใหญ่มาก ด้านบนของหัวและลำตัวมีสีเขียวอมเทา ด้านท้องมีสีขาวเงิน ขอบแผ่นปิดเหงือกมีจุดสีดำใหญ่ ว่ายน้ำเร็ว อยู่เป็นฝูงใกล้ผิวน้ำ ขนาดยาวได้ถึง ๘๐ เซนติเมตร, ขาไก่ อีลอง อีโลง หรือ หางแข็ง ก็เรียก."
ขาขวิด 0,ว.,อาการที่เดินสะดุดขาตัวเองเพราะอายหรือรีบร้อน เรียกว่า เดินขาขวิด.
ขาเขียด 0,น.,ชื่อไม้ล้มลุกชนิด Monochoria vaginalis (Burm.f.) C. Presl ex Kunth ในวงศ์ Pontederiaceae ดอกสีม่วงนํ้าเงิน เกิดในนํ้าและปลักตม กินได้.
ข้าง 0,น.,เบื้อง เช่น ข้างหน้า ข้างหลัง
ข้าง 1,น.,ส่วน เช่น ข้างหัว ข้างท้าย
ข้าง 2,น.,ฝ่าย เช่น ข้างไหน ข้างนี้
ข้าง 3,น.,"สีข้าง เช่น เอาข้างเข้าถู. บ. ใกล้, ริม, เช่น ต้นฝรั่งข้างรั้ว."
ขาง 0,น.,ไข่แมลงวัน เรียกว่า ไข่ขาง.
ข่าง 0,น.,ของเล่นอย่างหนึ่งเป็นลูกกลม ๆ มีเดือยใช้ปั่นให้หมุนด้วยมือหรือด้วยเชือก เรียกว่า ลูกข่าง
ข่าง 1,น.,ชื่อดาวหมู่หนึ่งมี ๔ ดวงคล้ายรูปลูกข่าง.
ขาง 1,น.,รอดเรือน.
ข่าง 2,น.,ไม้ชนิดหนึ่ง อยู่ทางแถบทะเล เปลือกเรียบ ๆ ใบคล้ายมะขวิด ไม้ใช้ทำฟืน.
ขาง 2,น.,โลหะชนิดหนึ่งอย่างเหล็กกระทะ.
ข่าง 3,ก.,"ระบาย, ถ่าย, เช่น ข่างนํ้า ว่า ระบายนํ้า."
ขาง 3,ก.,"อัง, ทำให้ร้อน, ทำให้สุก, เช่น เอาขี้ผึ้งไปขางไฟ ว่า เอาขี้ผึ้งไปอังไฟ."
ข้าง ๆ 0,ว.,ใกล้ด้านข้าง เช่น ยืนอยู่ข้าง ๆ.
ข้าง ๆ คู ๆ 0,ว.,ออกนอกแนวนอกเรื่องอย่างไม่สมเหตุสมผล เช่น เถียงไปข้าง ๆ คู ๆ.
ข้างกบ 0,น.,ผนังคูหา ๒ ข้างของช่องประตูและหน้าต่าง อยู่ตอนหน้าของกรอบเช็ดหน้า
ข้างกบ 1,น.,พื้นที่หน้าเสาด้านข้างเสาภายในพระระเบียง.
ข้างกระดาน 0,น.,ชื่อเรือต่อในจำพวกเรือข้าวชนิดหนึ่งที่เสริมข้างให้สูงขึ้น.
ข้างขึ้น 0,น.,ส่วนของเดือนจันทรคติที่มีพระจันทร์สว่าง คือ ตั้งแต่ขึ้นคํ่าหนึ่งไปถึงกลางเดือน.
ข้างควาย 0,น.,เรียกไม้ขนาบใกล้สันหลังคา ๒ ข้างจากหลบ มีไม้เสียบหนูยึดกลัดให้แน่น ว่า ไม้ข้างควาย.
ข้างเคียง 0,ว.,"ที่อยู่ใกล้ ๆ, ที่สนิทชิดชอบกันมาก, เช่น คนข้างเคียง."
ข้างเงิน 0,น.,"ชื่อปลาทะเลขนาดเล็กทุกชนิดในสกุล Allanetta และ Stenatherina วงศ์ Atherinidae ลำตัวค่อนข้างกลมยาว หัวโต เกล็ดใหญ่และแข็ง ข้างลำตัวมีสีเด่นเป็นเพียงแถบสีเงินเหลือบนํ้าเงินพาดตลอดตามยาว อยู่รวมกันเป็นฝูงใหญ่ใกล้ผิวนํ้าชายฝั่ง ขนาดยาวได้ถึง ๑๒ เซนติเมตร, หัวแข็ง หรือ หัวตะกั่ว ก็เรียก."
ข้างจัน 0,น.,วิธีเหลาไม้ให้เป็นผิวนูนมีลักษณะอย่างข้างของลูกจัน.
ขางดัง 0,น.,ดั้งจมูก.
ขางแดง 0,น.,"ชื่อไม้ต้นขนาดใหญ่ชนิด Acrocarpus fraxinifolius Wight et Arn. ในวงศ์ Leguminosae มีฝักแบน ๆ, ขางแดง หรือ แดงนํ้า ก็เรียก."
ข้างตก 0,น.,ทิศตะวันตก.
ข้างตะเภา 0,น.,"ชื่อปลาทะเลในสกุล Diagramma และ Plectorhynchus วงศ์ Haemulidae โดยเฉพาะชนิดที่มีจุดสีเข้มกระจายหรือเรียงเป็นแถวอยู่ข้างตัว หรือบนหัวและครีบ ที่พบทั่วไป คือ ชนิด D. pictum (Thunberg) ที่ขณะเป็นปลาขนาดเล็กจะมีแถบกว้างสีดำหรือม่วงดำพาดตามยาวตลอดลำตัวและครีบรวม ๓-๔ แถบ ขณะโตขึ้นแถบเหล่านี้จะแตกออกกลายเป็นจุดใหญ่และเล็กลงตามลำดับ ปลาที่มีขนาดโตมีสีเทาและจุดเหล่านี้จะเล็กลงอีกจนอาจจางหายไปจากบริเวณหัวและท้องคงปรากฏอยู่เฉพาะบริเวณหลัง ครีบหลัง และครีบหางเท่านั้นขนาดยาวได้ถึง ๘๐ เซนติเมตร, สร้อยปากหมู ข้างตะเภา หรือ ตะเภา ก็เรียก."
ข้างตีน 0,น.,ทิศเหนือ.
ข้างแรม 0,น.,ส่วนของเดือนจันทรคติที่พระจันทร์มืด คือ ตั้งแต่แรมคํ่าหนึ่งไปถึงสิ้นเดือน.
ข้างลาย 0,น.,"ชื่อปลาทะเลหลายชนิดในสกุล Terapon และ Pelates วงศ์ Teraponidae มีเส้นดำข้างลำตัวข้างละ ๔-๖ เส้น แล้วแต่ชนิด อาศัยอยู่ตามชายฝั่งทะเลและบริเวณน้ำกร่อย ขนาดยาวได้ถึง ๓๓ เซนติเมตร เช่น ชนิด T. jarbua (Forsskål), P. quadrilineatus (Bleeker), ออดแอด หรือ ครืดคราด ก็เรียก."
ข้างลาย 1,น.,เสือสุมาตรา.
ข้างหัวนอน 0,น.,ทิศใต้.
ข้างออก 0,น.,ทิศตะวันออก.
ขาจร 0,น.,ลูกค้าที่ไม่ใช่ขาประจำ.
ข้าเจ้า 0,ส.,"คำใช้แทนตัวผู้พูด, เป็นสรรพนามบุรุษที่ ๑."
ขาณุ 0,น.,ตอ.
ขาด 0,ก.,แยกออกจากกันเพราะถูกดึง ตัด หรือฉีก เป็นต้น เช่น เชือกขาด แขนขาด ผ้าขาด
ขาด 1,ก.,ควรจะมีแต่ไม่มี เช่น เศรษฐีขาดไฟ
ขาด 2,ก.,"มีไม่ครบ, มีไม่เต็ม, เช่น ขาดคุณสมบัติ"
ขาด 3,ก.,"ไม่ครบ, บกพร่อง, เช่น ศีลขาด"
ขาด 4,ก.,ไม่เต็มตามจำนวน เช่น นับเงินขาด
ขาด 5,ก.,ไม่มาตามกำหนด เช่น ขาดเรียน ขาดประชุม.
ขาดกัน 0,ก.,แยกจากกัน ไม่คบค้าสมาคมกันต่อไป เช่น แม้นมิยกพลไกรไปช่วย ถึงเราม้วยก็อย่ามาดูผี อย่าดูทั้งเปลวอัคคี แต่วันนี้ขาดกันจนบรรลัย (อิเหนา).
ขาดคราว 0,ก.,ไม่มีไปชั่วระยะเวลาหนึ่ง.
ขาดคอช้าง 0,ก.,"ถูกฟันตายบนคอช้างเมื่อเวลาชนช้างกัน, ขาดหัวช้าง ก็เรียก."
ขาดค่า 0,ก.,จำกัดราคาตายตัว.
ขาดคำ 0,ก.,"ทันทีที่สุดคำพูด, ทันทีที่จบคำพูด."
ขาดแคลน 0,ก.,"ขัดสน, อัตคัด."
ขาดใจ 0,ก.,"สิ้นใจ, ตาย"
ขาดใจ 1,ก.,"โดยปริยายหมายความว่า ยอด, มาก, เช่น สุดสวาทขาดใจ."
ขาดตกบกพร่อง 0,ก.,"ไม่ครบ, ไม่บริบูรณ์, ยังไม่เรียบร้อย."
ขาดตลาด 0,ก.,ไม่มีขายในท้องตลาดอย่างที่เคยมี.
ขาดตอน 0,ก.,"ขาดระยะกัน, ไม่ติดต่อกัน."
ขาดตัว 0,ว.,"จำกัดราคาคงที่ไม่เพิ่มไม่ลด, จำกัดราคาตายตัว."
ขาดทุน 0,ก.,ได้น้อยกว่าต้นทุน.
ขาดน้ำใจ 0,ก.,ไม่มีความเอื้อเฟื้อเผื่อแผ่.
ขาดปาก 0,ก.,"ทันทีที่สุดคำพูด, ทันทีที่จบคำพูด."
ขาดมือ 0,ก.,"เคยมีแล้วหมดไป, ไม่มีเป็นการชั่วคราว."
ขาดเม็ด 0,ก.,"หายสนิท, หยุดตก, (ใช้แก่ฝน)."
ขาดลอย 0,ก.,"สูญไปโดยไม่มีหวังว่าจะได้คืน เช่น ว่าวขาดลอย, เด็ดขาด เช่น ชนะขาดลอย."
ขาดหัวช้าง 0,ก.,"ถูกฟันตายบนคอช้างเมื่อเวลาชนช้างกัน เช่น ผู้ใดชนช้างมีชัยและข้าศึกขาดหัวช้าง (กฎมนเทียรบาลในกฎ. ราชบุรี), ขาดคอช้าง ก็เรียก."
ขาดเหลือ 0,ก.,ไม่ครบตามที่ควรมี เช่น ถ้ามีสิ่งใดขาดเหลือ ก็ขอให้บอก.
ขาดอายุ 0,ก.,พ้นระยะเวลาที่กำหนดไว้ เช่น ใบขับขี่ขาดอายุ.
ข่าแดง 0,น.,"ชื่อไม้ล้มลุกชนิด Etlingera metriocheilos (Griff.) R.M. Sm. ในวงศ์ Zingiberaceae ดอกสีแดง ออกเป็นช่อสั้น ๆ ใกล้พื้นดิน กินได้, ปุดใบลาย ก็เรียก."
ข่าต้น 0,น.,"ชื่อไม้ต้นขนาดใหญ่ชนิด Cinnamomum ilicioides A. Chev. ในวงศ์ Lauraceae เปลือกและเนื้อไม้มีกลิ่นหอม, พายัพเรียก พลูต้น."
ขาตะเกียบ 0,น.,ขาคนที่ลีบเล็ก.
ขาตะไกร 0,น.,ขากรรไกร.
ขาทนียะ 0,น.,"อาหารควรเคี้ยว, มักใช้เข้าคู่กับคำ โภชนียะ เป็น ขาทนียโภชนียะ หมายความว่า อาหารที่ควรเคี้ยวและอาหารที่ควรบริโภค."
ขาทราย 0,น.,ไม้ ๒ อันผูกหรือร้อยปลายให้อ้าออกเป็นง่ามสำหรับรับหรือคํ้าของ.
ข้าไท 0,น.,บริวารของผู้เป็นใหญ่.
ขาน 0,ก.,ออกเสียงพูดหรือตอบเป็นต้น เช่น ขานยาม ขานรับ.
ขาน 1,ว.,ใช้ประกอบต่อคำ “ตาย” ว่า ไม้ตายขาน หมายความว่า ต้นไม้ที่ยืนต้นตายเป็นแถว ๆ.
ขานกยาง 0,น.,ปืนโบราณที่ตั้งยิงบนขาคํ้า
ขานกยาง 1,น.,เรียกตรวนที่มีลูกย่าง ๒ อัน ว่า ตรวนขานกยาง.
ขานกยาง 2,น.,ดูใน ขา ๑.
ขานกยาง 3,น.,ชื่อปลาทะเลชนิด Scomberoides tol (Cuvier) ในวงศ์ Carangidae ลำตัวแบนข้าง เรียวเล็กกว่าปลาสละและปลาเฉียบ แต่พอ ๆ กับปลาสีเสียด ซึ่งทั้งหมดอยู่ในสกุลเดียวกัน ปากไม่กว้างนัก ท้ายขากรรไกรบนอยู่ในแนวใต้จุดศูนย์กลางของตา เกล็ดเล็กและยาวมากคล้ายเข็มฝังแน่นในหนัง เส้นข้างตัวไม่มีเกล็ดที่เป็นสันแข็ง ครีบหลังตอนแรกเป็นหนามแข็ง ๖-๗ ก้าน เรียงห่างกัน มีกระดูกเป็นหนาม ๒ อัน อยู่หน้าครีบก้นและพับซ่อนในร่องเนื้อได้ ลำตัวสีเงินเทา มีจุดสีเทาดำอยู่ในแนวเส้นข้างตัว ๕-๘ จุด ขนาดยาวได้ถึง ๔๓ เซนติเมตร.
ขานไข 0,ก.,กล่าวชี้แจง.
ขานนาค 0,ก.,กล่าวตอบในเวลาที่พระคู่สวดสวดถามคุณสมบัติและโรคต้องห้ามเป็นภาษาบาลีในที่ประชุมสงฆ์ แล้วนาคผู้ขอบวชเป็นภิกษุตอบรับหรือปฏิเสธเป็นภาษาบาลีเช่นกัน.
ขานยาม 0,ก.,บอกเวลาเปลี่ยนชั่วโมง
ขานยาม 1,ก.,ขานรับเมื่อผู้ตรวจเรียกชื่อนักโทษทุกยาม เช่น ถ้าลักพระปล้นสดมลักช้างม้าเปนสัจให้จำ ๕ ประการไว้ในคุกให้ขานยาม (สามดวง).
ขานยาว 0,ก.,ร้องรับเพื่อให้พายเรือพร้อมกัน.
ขานรหัส 0,ก.,ร้องเรียกโดยใช้สัญญาณหรือสัญลักษณ์ที่กำหนดรู้กันโดยเฉพาะ.
ขานรับ 0,ก.,"ออกเสียงตอบ เช่น พอครูเรียกชื่อ นักเรียนก็ขานรับ, ตอบรับ เช่น หน่วยราชการขานรับนโยบายของรัฐบาล."
ข้านอกเจ้าข้าวนอกหม้อ 0,น.,จำนวนคนซึ่งมีจำนวนมาก ย่อมกระทำหรือประพฤตินอกออกไปจากคำสั่งหรือแบบอย่างขนบธรรมเนียมที่ถือปฏิบัติกันมามากเช่นกัน ดังข้อความว่า กาลแต่ก่อนเจ้านายน้อยตัว ก็ไม่รั่วไม่ร้ำข้างไหนหนัก ครั้นภายหลังเจ้านายมากขึ้นก็เกิดการรั่วร้ำไปต่าง ๆ เป็นการข้านอกเจ้า เข้านอกหม้อ ลูกนอกพ่อ หลานนอกปู่ เป็นขึ้น (พระราชหัตถเลขารัชกาลที่ ๔).
ข้านอกเจ้าบ่าวนอกนาย 0,น.,ผู้ที่กระทำหรือประพฤตินอกเหนือคำสั่งหรือแบบอย่างขนบธรรมเนียมที่ถือปฏิบัติกันมา.
ขาน่อง 0,น.,"น่อง, อวัยวะส่วนหลังของแข้ง ตั้งแต่ขาพับลงไปถึงส้นเท้า, กระหน่อง กระน่อง หรือ ขะน่อง ก็เรียก, อีสานว่า กะหน่อง หรือ กะน่อง."
ข้าน้อย 0,ส.,"คำใช้แทนตัวผู้พูด, เป็นสรรพนามบุรุษที่ ๑."
ขานาง 0,น.,ชื่อไม้ต้นขนาดใหญ่ชนิด Homalium tomentosum (Vent.) Benth. ในวงศ์ Flacourtiaceae ดอกเล็ก สีเหลืองอ่อน กลิ่นเหม็น.
ขาบ 0,ว.,สีนํ้าเงินแก่อมม่วง.
ขาบ 1,ก.,"แอบ, ซ่อน."
ขาบ 2,น.,"ชื่อนกขนาดเล็กหลายชนิดหลายสกุล ในวงศ์ Coraciidae ปากใหญ่ แบนข้าง หัวใหญ่ ตัวป้อม มักเกาะตามสายไฟและกิ่งไม้แห้งเพื่อคอยโฉบจับแมลงหรือสัตว์เล็ก ๆ ตามพื้นดิน ตัวผู้เกี้ยวตัวเมียโดยการบินขึ้นไปในอากาศ แล้วม้วนตัวกลับลงมา ทำรังในโพรงไม้ ในประเทศไทยมี ๒ ชนิด คือ ตะขาบทุ่ง [ Coracias benghalensis (Linn.)] ปากสีดำ หัวและปีกสีฟ้า ตัวสีนํ้าตาล และตะขาบดง [ Eurystomus orientalis (Linn.)] ปากสีแดง ตัวสีน้ำเงินแกมเขียว, ขาบ ก็เรียก."
ขาประจำ 0,น.,ลูกค้าที่ติดต่อสม่ำเสมอ.
ข้าแผ่นดิน 0,น.,"พลเมือง, ประชาชน, ราษฎรที่อาศัยในแผ่นดิน."
ข้าเฝ้า 0,น.,ขุนนางที่มีตำแหน่งเข้าเฝ้า.
ข้าพเจ้า 0,ส.,"คำใช้แทนตัวผู้พูด มักใช้อย่างเป็นทางการ, เป็นสรรพนามบุรุษที่ ๑."
ข้าพระ 0,น.,"คนที่พระเจ้าแผ่นดินพระราชทานแก่สงฆ์ เพื่อรักษาวัดและปฏิบัติพระสงฆ์, ผู้ที่มูลนายยกให้เพื่อรักษาวัดและปฏิบัติพระสงฆ์."
ข้าพระพุทธเจ้า 0,ส.,"คำใช้แทนตัวผู้พูด กราบบังคมทูลพระมหากษัตริย์ หรือกราบบังคมทูล กราบทูลเจ้านายชั้นสูง, เป็นสรรพนามบุรุษที่ ๑."
ขาพับ 0,น.,ส่วนของขาที่พับได้อยู่หลังเข่า.
ขาไพ่ 0,น.,"ผู้ร่วมเล่นการพนันไพ่, ลักษณนามว่า ขา."
ข่าม 0,ก.,อยู่ยงคงกระพัน.
ขาม 0,ก.,"คร้าม, เกรง, มักใช้เข้าคู่กับคำ เกรง เป็น เกรงขาม."
ข้าม 0,ก.,"ยกเท้าย่างผ่านเหนือสิ่งใดสิ่งหนึ่งเพื่อให้พ้นไป เช่น ข้ามธรณีประตู, จากข้างหนึ่งไปถึงอีกข้างหนึ่งโดยมีสิ่งใดสิ่งหนึ่งขวางอยู่ เช่น ข้ามแม่น้ำ ข้ามถนน, จากข้างหนึ่งไปถึงอีกข้างหนึ่งโดยมีสิ่งใดสิ่งหนึ่งช่วย เช่น ข้ามเรือ ข้ามสะพาน ข้ามฟาก, ล่วงพ้นสิ่งใดสิ่งหนึ่งโดยผ่านเหนือสิ่งนั้นไป เช่น บินข้ามประเทศ, ล่วงพ้นช่วงเวลาใดช่วงเวลาหนึ่ง เช่น ข้ามคืน ข้ามปี, ผ่านเลยลำดับ เช่น เรียนข้ามชั้น ชกข้ามรุ่น."
ขาม 1,น.,มะขาม.
ข้าม 1,ว.,"เลยลำดับ, ไม่เป็นตามลำดับ, เช่น อ่านข้าม อ่านข้าม ๆ."
ข้าม ๆ 0,ว.,"เลยลำดับ, ไม่เป็นตามลำดับ, เช่น อ่านข้าม อ่านข้าม ๆ."
ข้ามน้ำข้ามทะเล 0,ก.,ต้องฟันฝ่าอุปสรรคและความลำบากต่าง ๆ กว่าจะได้ผลสำเร็จ.
ข้ามน้ำข้ามท่า 0,ก.,ต้องฟันฝ่าอุปสรรคและความลำบากต่าง ๆ กว่าจะได้ผลสำเร็จ.
ข้ามเรือ 0,ก.,ลงเรือข้ามน้ำไปยังอีกฝั่งหนึ่ง.
ข้ามวันข้ามคืน 0,ว.,เป็นระยะเวลานาน เช่น ทำงานข้ามวันข้ามคืน.
ข้ามสมุทร 0,น.,ชื่อเพลงไทย เป็นเพลงชุดมีด้วยกัน ๓ เพลง คือ เบญจคีรี ข้ามสมุทร และเทพลีลา.
ข้ามหน้า 0,ก.,ทำโดยไม่ไว้หน้าผู้ใด.
ข้ามหน้าข้ามตา 0,ก.,ทำโดยไม่ไว้หน้าผู้ใด.
ข้ามหัว 0,ก.,ทำโดยพลการไม่บอกกล่าวหรือปรึกษาหารือผู้ที่ควรบอกกล่าวหรือควรปรึกษาหารือ.
ขาม้า 0,น.,"ครีบคู่ที่อยู่ตรงอกปลา, ตะเกียบ ก็เรียก."
ขาย 0,ก.,"เอาของแลกเงินตรา, โอนกรรมสิทธิ์แห่งทรัพย์สินให้แก่กันโดยตกลงกันว่าผู้รับโอนจะใช้ราคาแห่งทรัพย์สินนั้น มีหลายลักษณะ คือ ชำระเงินในขณะที่ซื้อขายกัน เรียกว่า ขายเงินสด, ขายโดยยอมเก็บเงินอันเป็นราคาของในวันหลัง เรียกว่า ขายเชื่อ, (เลิก) เอาเงินเขามาโดยยอมตนเข้ารับใช้การงานของเจ้าเงิน เรียกว่า ขายตัวลงเป็นทาส."
ข่าย 0,น.,เครื่องดักสัตว์ชนิดหนึ่ง ถักเป็นตาร่างแห
ข่าย 1,น.,ขอบเขต เช่น เรื่องนี้ไม่อยู่ในข่ายที่จะพิจารณา.
ขายขาด 0,ก.,ขายไม่รับคืน.
ข่ายงาน 0,น.,วงงานที่อยู่ในความควบคุมดูแลและประสานกัน.
ขายเงินเชื่อ 0,ก.,ขายโดยยอมเก็บเงินอันเป็นมูลค่าในวันหลัง.
ขายเงินผ่อน 0,ก.,ขายโดยผู้ซื้อชำระเงินเป็นงวด ๆ.
ขายเงินสด 0,ก.,ขายโดยผู้ซื้อชำระเงินในขณะที่ซื้อขายกัน.
ขายชาติ 0,ก.,"ขยายความลับประเทศชาติของตนแก่ศัตรูหรือเอาใจออกหากไปเข้ากับศัตรู เพราะเห็นแก่สินจ้างหรือสิ่งตอบแทนเพื่อทำลายล้างประเทศชาติของตน, ขายบ้านขายเมือง ก็ว่า."
ขายชื่อ 0,ก.,"เอาชื่อเข้าแลกในทำนองขาย, ไม่รักชื่อ, ทำให้เสียชื่อเสียง, ถ้าเอาชื่อผู้อื่นไปแอบอ้างหาผลประโยชน์ เรียกว่า เอาชื่อไปขาย."
ขายเชื่อ 0,ก.,ขายโดยยอมเก็บเงินอันเป็นมูลค่าในวันหลัง.
ขายตรง 0,ก.,ขายสินค้าโดยมีตัวแทนนำไปเสนอขายผู้ซื้อโดยตรง ไม่ผ่านร้านค้า เช่น ธุรกิจขายตรงกำลังได้รับความนิยมอยู่ในขณะนี้.
ขายตรง 1,น.,การทำตลาดสินค้าหรือบริการในลักษณะของการนำเสนอขายต่อผู้บริโภคโดยตรง.
ขายตัว 0,ก.,"เอาตัวแลกเงิน, เอาชื่อเสียงแลกเงิน."
ขายตามคำพรรณนา 0,น.,การซื้อขายที่คู่สัญญาตกลงซื้อขายทรัพย์สินตามลักษณะและคุณภาพที่ผู้ขายได้บรรยายไว้อย่างละเอียด.
ขายตามตัวอย่าง 0,น.,การขายที่คู่สัญญาตกลงซื้อขายทรัพย์สินตามที่ผู้ขายได้นำทรัพย์สินมาแสดงให้ดูเป็นตัวอย่าง.
ขายทอดตลาด 0,น.,การขายทรัพย์สินที่กระทำโดยเปิดเผยแก่บุคคลทั่วไปด้วยวิธีเปิดโอกาสให้ผู้ซื้อสู้ราคากัน ผู้ใดให้ราคาสูงสุดและผู้ทอดตลาดแสดงความตกลงด้วยเคาะไม้หรือด้วยกิริยาอย่างอื่นตามจารีตประเพณีในการขายทอดตลาด การซื้อขายนั้นย่อมเป็นอันสมบูรณ์.
ขายบ้านขายเมือง 0,ก.,ขายชาติ.
ขายปลีก 0,ก.,"ขายเป็นส่วนย่อย, ขายตรงแก่ผู้บริโภคใช้สอย."
ขายผ้าเอาหน้ารอด 0,ก.,"ยอมเสียสละแม้แต่ของจำเป็นที่ตนมีอยู่ เพื่อรักษาชื่อเสียงของตนไว้, ทำให้สำเร็จลุล่วงไป เพื่อรักษาชื่อเสียงของตนไว้."
ขายเผื่อชอบ 0,น.,การซื้อขายที่มีเงื่อนไขว่าให้ผู้ซื้อได้มีโอกาสตรวจดูทรัพย์สินก่อนรับซื้อ.
ขายฝาก 0,น.,การซื้อขายซึ่งกรรมสิทธิ์ในทรัพย์สินตกไปยังผู้ซื้อ โดยมีข้อตกลงกันว่าผู้ขายอาจไถ่ทรัพย์นั้นคืนได้ภายในเวลาที่กำหนดกันไว้.
ขายไม่ออก 0,ก.,ไม่มีใครมาขอแต่งงาน เช่น ลูกสาวคนเล็กอายุ ๓๐ ปีแล้ว ยังขายไม่ออกเลย.
ขายส่ง 0,ก.,ขายเป็นจำนวนมาก ๆ แก่ร้านค้าย่อยหรือร้านที่เป็นลูกค้าประจำ.
ขายหน้า 0,ก.,อับอาย.
ขายหน้าขายตา 0,ก.,อับอาย.
ขายหน้าวันละห้าเบี้ย 0,ก.,ทำให้ต้องอับอายขายหน้าอยู่ทุกวัน.
ขายหู 0,ก.,"ไม่ฟัง, ฟังแล้วละอาย ไม่อยากฟัง เช่น ดอกขายหูขายตา ดอกบนำพารู้ ขจรข่าวถึงท้าวผู้ พ่อไท้ทั้งสอง (ลอ)."
ขายหูขายตา 0,ก.,"ได้ยินได้เห็นแล้วรู้สึกอายไม่อยากฟังไม่อยากเห็น เช่น ดอกขายหูขายตา ดอกบนำพารู้ (ลอ), ใช้ว่า ไขหูไขตา ก็มี."
ขายเหมา 0,ก.,ขายเป็นจำนวนรวมทั้งหมด.
ขายเหมา 1,น.,การขายซึ่งผู้ซื้อตกลงซื้อทรัพย์สินที่ผู้ขายเสนอขายหมดทั้งจำนวนในราคาตามที่ตกลงกัน.
ข้าราชการ 0,น.,คนที่ทำราชการตามทำเนียบ
ข้าราชการ 1,น.,ผู้ปฏิบัติราชการในส่วนราชการ
ข้าราชการ 2,น.,บุคคลซึ่งรับราชการโดยได้รับเงินเดือนจากเงินงบประมาณในกระทรวง ทบวง กรม และองค์กรปกครองส่วนท้องถิ่น เช่น ข้าราชการพลเรือน ข้าราชการการเมือง ข้าราชการครู ข้าราชการทหาร ข้าราชการตุลาการ ข้าราชการอัยการ.
ขาล 0,น.,ชื่อปีที่ ๓ ของรอบปีนักษัตร มีเสือเป็นเครื่องหมาย
ขาล 1,น.,เสือ.
ขาลาก 0,ว.,อาการที่เดินยกขาไม่ขึ้น.
ข่าว 0,น.,"คำบอกเล่าเรื่องราวซึ่งโดยปรกติมักเป็นเรื่องเกิดใหม่หรือเป็นที่สนใจ, คำบอกกล่าว, คำเล่าลือ."
ข้าว 0,น.,ชื่อไม้ล้มลุกหลายชนิดหลายสกุล ในวงศ์ Gramineae โดยเฉพาะชนิด Oryza sativa L. เมล็ดเป็นอาหารหลัก มีหลายพันธุ์ เช่น ข้าวเจ้า ข้าวเหนียว.
ขาว 0,น.,สีชนิดหนึ่งเหมือนสำลี.
ขาว 1,ว.,"มีสีอย่างสำลี, โดยปริยายหมายความว่า แจ่มแจ้ง, สะอาดบริสุทธิ์, ปราศจากมลทิน."
ขาว 2,น.,เทียนขาว. (ดู เทียนขาว ที่ เทียน ๓).
ข้าวก้นบาตร 0,น.,อาหารเหลือจากพระฉันแล้วที่ศิษย์วัดได้อาศัยกิน.
ข่าวกรอง 0,น.,ข่าวที่ได้ตรวจสอบหลักฐานแล้วว่าเป็นข่าวที่เชื่อถือได้.
ข้าวกระยาทิพย์ 0,น.,"ชื่อขนมอย่างหนึ่ง ปรุงด้วยเครื่องกวนมีน้ำผึ้ง น้ำอ้อย น้ำนม ข้าวฟ่าง ถั่วราชมาส งา เป็นต้น นิยมใช้หญิงพรหมจารีเป็นผู้กวน มักทำในพิธีสารท, ข้าวทิพย์ ก็เรียก."
ข้าวกระยาสังแวง 0,น.,"ชื่อข้าวในพิธีธนญชัยบาศรับช้างเผือกของพราหมณ์พฤติบาศ คลุกด้วยสีเหลือง สีแดง แล้วปั้นเป็นก้อน ๆ, ข้าวเภา ก็เรียก."
ข้าวกรู 0,น.,ข้าวชนิดที่ทำเพื่ออุทิศให้ปรทัตตูปชีวีเปรตในพิธีสารท.
ข้าวกล้อง 0,น.,ข้าวที่ตำหรือสีเอาเปลือกออกครั้งแรก ยังมีจมูกข้าวและเยื่อสีแดง ๆ หุ้มเมล็ดข้าวอยู่.
ข้าวกล้า 0,น.,"ต้นข้าวอ่อนที่เพาะจากข้าวเปลือกสำหรับย้ายไปปลูกที่อื่น, กล้า ก็เรียก."
ข้าวกลาง 0,น.,กลุ่มพันธุ์ข้าวที่ออกรวงหลังข้าวเบา คือในช่วงกลางเดือนตุลาคมถึงปลายเดือนตุลาคม และเก็บเกี่ยวได้ในช่วงกลางเดือนพฤศจิกายนถึงปลายเดือนพฤศจิกายน เช่น พันธุ์ข้าวขาวดอกมะลิ ๑๐๕ พันธุ์ข้าว กข ๖.
ข้าวกัญญา 0,น.,ข้าวเหนียวดำพันธุ์หนึ่งที่เมล็ดดำเป็นมัน.
ข้าวเกรียบ 0,น.,ของกินทำด้วยแป้งข้าวเจ้าหรือแป้งข้าวเหนียว เป็นแผ่นตากให้แห้ง แล้วปิ้งหรือทอด มีหลายชนิด เช่น ข้าวเกรียบว่าว ข้าวเกรียบงา ข้าวเกรียบกุ้ง.
ข้าวเกรียบปากหม้อ 0,น.,ชื่อของว่างชนิดหนึ่ง ทำด้วยแป้งข้าวเจ้า ละเลงบนผ้าที่ขึงปากหม้อน้ำเดือด มีไส้ทำด้วยกุ้งหรือหมูเป็นต้น.
ข้าวเกรียบอ่อน 0,น.,ชื่อขนมชนิดหนึ่ง ทำด้วยแป้งข้าวเจ้า ประสมกับนํ้าตาลโตนดหรือนํ้าตาลมะพร้าว ละเลงบนผ้าที่ขึงปากหม้อน้ำเดือด มีไส้ทำด้วยถั่วและมะพร้าว กินกับนํ้าตาลคลุกงา.
ข้าวเก่า 0,น.,ข้าวที่เก็บเกี่ยวไว้ค้างปี.
ข้าวแกง 0,น.,"อาหารที่ขายมีข้าวกับแกงเป็นต้น, เรียกร้านอาหารประเภทนี้ ว่า ร้านข้าวแกง."
ข้าวโกบ 0,น.,ขนมนางเล็ด.
ข้าวขวัญ 0,น.,ข้าวบายศรี.
ข้าวของ 0,น.,สิ่งของต่าง ๆ มีเครื่องใช้เครื่องประดับเป็นต้น.
ข้าวข้า 0,น.,"ชื่อไม้ล้มลุกมีหัวใต้ดินชนิด Euphorbia sessiliflora Roxb. ในวงศ์ Euphorbiaceae สูงประมาณ ๒๐ เซนติเมตร ต้นและใบอวบนํ้า เส้นกลางใบด้านล่างเป็นสันแหลม ทุกส่วนมียางขาว หัวใช้ทำยาได้, ว่านพระฉิม ก็เรียก, เขียนเป็น เข้าค่า ก็มี."
ข้าวแขก 0,น.,ชื่อขนมชนิดหนึ่งทำด้วยข้าวเปียก มีหน้าคล้ายตะโก้ แต่สีเหลือง มีรสเค็ม ๆ มัน ๆ.
ข่าวคราว 0,น.,คำบอกเล่าเรื่องทุกข์สุข.
ข้าวคลุกกะปิ 0,น.,ข้าวสุกคลุกกับกะปิ มักใส่กุ้งแห้ง มะม่วงดิบซอย มีไข่กลอกเป็นแผ่นบาง ๆ หั่นฝอยโรยหน้า เป็นต้น มีหมูหวานเป็นเครื่องเคียง.
ข้าวควบ 0,น.,ข้าวเกรียบใส่นํ้าตาลอ้อย มีรสหวานอย่างข้าวเกรียบว่าว.
ข้าวคั่ว 0,น.,ข้าวสารที่นำมาคั่วแล้วโขลกให้แหลก ใช้ใส่อาหารประเภทลาบแบบอีสานเป็นต้น.
ข้าวคำ 0,น.,ต้นไม้ชนิดหนึ่ง ใช้ทำยา.
ข้าวคำ 1,น.,"ชื่อไม้ล้มลุกชนิด Adenosma indiana (Lour.) Merr. ในวงศ์ Scrophulariaceae ขึ้นตามป่าเต็งรัง ต้นสูงประมาณ ๓๐ เซนติเมตร ใบเดี่ยวออกตรงข้ามกัน ขอบใบจักถี่ ใบมีกลิ่นคล้ายกลิ่นใบกะเพรา โหระพา แต่อ่อนกว่า ดอกเล็กสีม่วง ออกเป็นช่อเรียวยาวตามง่ามใบและที่ปลายยอด, กระต่ายจาม ข้าวคำ หรือ พริกกระต่าย ก็เรียก."
ข้าวแคบ 0,น.,ข้าวเกรียบที่มีรสเค็ม ๆ อย่างข้าวเกรียบกุ้ง.
ข้าวงัน 0,น.,ข้าวหนัก.
ข้าวจี่ 0,น.,ข้าวเหนียวนึ่งนวดกับเกลือปั้นเป็นก้อน เสียบไม้ปิ้งไฟ บางทีใส่น้ำอ้อยงบข้างใน ทาไข่แล้วปิ้งไฟ.
ข้าวจี่ 1,น.,ดูใน ข้าว.
ข้าวจี่ 2,น.,"ชื่อไม้พุ่มเตี้ยชนิด Gmelina philippensisCham. ในวงศ์ Labiatae ดอกสีเหลืองออกเป็นช่อห้อย มีใบประดับสีขาวอมเขียวตลอดช่อ ราก ใบ และผลใช้ทำยา ผลเชื่อมกินได้, ช้องแมว ซองแมว หรือ ข้าวจี่ ก็เรียก."
ขาวจีบ 0,น.,ชื่อส้มโอพันธุ์หนึ่ง ผลขนาดส้มโอพันธุ์ขาวใหญ่ แต่แป้นกว่า.
ข้าวเจ้า 0,น.,ชื่อข้าวพันธุ์หนึ่งของชนิด Oryza sativa L. เนื้อเมล็ดใสใช้หุงเป็นอาหาร เมื่อหุงแล้วเมล็ดมักร่วนและสวย มีชื่อต่าง ๆ กัน เช่น ข้าวปิ่นแก้ว ข้าวมันปู.
ข้าวแจก 0,น.,ข้าวที่ทำบุญอุทิศส่วนกุศลให้ผู้ตาย.
ข้าวแช่ 0,น.,ชื่ออาหารชนิดหนึ่ง มีข้าวสุกขัดแช่นํ้าเย็น กินกับเครื่องกับข้าวต่าง ๆ.
ข้าวซ้อม 0,น.,ข้าวกล้องที่นำมาตำ เยื่อรำจะหลุดไป เหลือแต่เมล็ดข้าว.
ข้าวซ้อมมือ 0,น.,ข้าวกล้องที่นำมาตำ เยื่อรำจะหลุดไป เหลือแต่เมล็ดข้าว.
ข้าวซอย 0,น.,"ชื่ออาหารชนิดหนึ่ง เป็นเส้นคล้ายบะหมี่ แล้วปรุงเครื่อง, เดิมเรียก ก๋วยเตี๋ยวฮ่อ."
ข้าวดอ 0,น.,ข้าวเบา.
ข้าวแดกงา 0,น.,ข้าวเหนียวนึ่งโขลกปนงา.
ข้าวแดง 0,น.,เมล็ดข้าวที่มีปลอกรำสีแดงหุ้มอยู่ร้อยละ ๒๕ ของเนื้อที่เมล็ดข้าวหรือมากกว่า.
ข้าวแดงแกงร้อน 0,น.,บุญคุณ.
ข้าวตก 0,น.,รวงข้าวที่หลงเหลืออยู่ในท้องนาหลังจากเก็บเกี่ยวแล้ว.
ข้าวต้ม 0,น.,ข้าวที่ต้มให้สุก
ข้าวต้ม 1,น.,ข้าวเหนียวที่ห่อด้วยใบไม้เช่นใบตองหรือใบมะพร้าวอ่อน แล้วต้มหรือนึ่งให้สุก อยู่ในจำพวกขนม มีชื่อต่าง ๆ เช่น ข้าวต้มมัด ข้าวต้มผัด.
ข้าวต้ม 2,น.,ดูใน ข้าว.
ข้าวต้ม 3,น.,ชื่อไม้พุ่มชนิด Wissadula periplocifolia (L.) C. Presl ex Thwaites ในวงศ์ Malvaceae ต้นสูงประมาณ ๑ เมตร เปลือกเหนียว ใบรูปใบโพโคนป้าน ผลมี ๕ พู เมื่อแก่พูแยกออกจากกัน.
ข้าวต้มกุ๊ย 0,น.,ข้าวต้ม กินกับกับข้าวเช่นเกี่ยมฉ่าย ไข่เค็ม.
ข้าวต้มเครื่อง 0,น.,ข้าวต้มที่ใส่เนื้อสัตว์ เช่น หมู ไก่ กุ้ง.
ข้าวต้มจิ้ม 0,น.,ข้าวเหนียวใส่ไส้กล้วยน้ำว้า ห่อใบตอง ต้มสุก แล้วตัดเป็นชิ้น ๆ โรยมะพร้าวขูด น้ำตาลทราย และเกลือเล็กน้อย.
ข้าวต้มน้ำวุ้น 0,น.,ชื่อของหวานชนิดหนึ่ง ทำด้วยข้าวเหนียวห่อใบตองเป็นรูปสามเหลี่ยม ต้มสุก กินกับนํ้าเชื่อม.
ข้าวต้มปัด 0,น.,"ข้าวเหนียวต้มที่ห่อด้วยใบไม้เช่นใบมะพร้าวอ่อนหรือใบเตย มักทำถวายพระในเทศกาลออกพรรษา, ข้าวปัด ก็ว่า."
ข้าวต้มมัดไต้ 0,น.,ข้าวเหนียวผัดใส่ไส้ถั่วทองโขลกละเอียด ผัดกับพริกไทย เกลือ บางทีใส่มันหมู ห่อด้วยใบตองเป็นรูปยาว ๆ แล้วมัดด้วยตอกเป็นเปลาะ ๆ คล้ายไต้ ต้มให้สุก.
ข้าวต้มลูกโยน 0,น.,ข้าวเหนียวที่ผัดกับกะทิใส่เกลือ น้ำตาล ห่อด้วยใบมะพร้าวอ่อนหรือใบเตยไว้หางยาว แล้วต้มให้สุก.
ข้าวตอก 0,น.,ข้าวเปลือกข้าวเจ้าที่เอามาคั่วให้แตกบานเป็นดอก.
ข้าวตอก 1,น.,ดูใน ข้าว.
ข้าวตอก 2,น.,ชื่อไม้พุ่มชนิด Serissa japonica (Thunb.) Thunb. ในวงศ์ Rubiaceae ใบเล็กรูปไข่ เมื่อขยี้มีกลิ่นเหม็น ดอกสีขาวเล็ก ๆ เป็นพรรณไม้ต่างประเทศ ปลูกเป็นไม้ดัดหรือไม้ประดับ.
ข้าวตอก 3,น.,ชื่อไม้ล้มลุกชนิด Anaphalis margaritacea (L.
ข้าวตอก 4,น.,ชื่อไม้พุ่มรอเลื้อยชนิด Callicarpa longifolia Lam. ในวงศ์ Labiatae ดอกเล็ก สีม่วง ผลกลมเล็ก สุกสีขาว ใช้ทำยาได้.
ข้าวตอก 5,น.,ชื่อเห็ดหลายชนิดในสกุล Hemimycena วงศ์ Tricholomataceae ขึ้นตามพื้นดินเป็นกลุ่มใหญ่ ดอกเห็ดสีขาวขนาดเท่าดอกมะลิบาน ด้านล่างมีครีบ ก้านยาวตั้งตรง เช่น ชนิด H. cucullata (Pers. ex Fr.) Sing. กินได้.
ข้าวตอก 6,น.,"ชื่อเห็ดชนิด Schizophyllum communeFr. ในวงศ์ Schizophyllaceae ขึ้นตามเปลือกไม้ ดอกเห็ดรูปพัดขอบจักม้วนลง สีขาวอมเทาอ่อน ด้านล่างมีครีบสีนํ้าตาลเข้ม เนื้อเหนียว กินได้, เห็ดข้าวตอก ก็เรียก, ปักษ์ใต้เรียก เห็ดแครง."
ข้าวตอกดอกไม้ 0,น.,เครื่องบูชามีข้าวตอกและดอกไม้.
ข้าวตอกตั้ง 0,น.,ชื่อของหวานทำด้วยข้าวตอกคลุกนํ้าตาลและมะพร้าว ทำเป็นแว่น ๆ เกลือกแป้ง.
ข้าวตอกแตก 0,น.,ข้าวตอก
ข้าวตอกแตก 1,น.,"ข้าวเปลือกที่คั่วเมื่อสุกจะแตกแล้วเกิดเสียงดังรัว, ใช้เปรียบเสียงที่ดังรัวเช่นนั้น เช่น เสียงพิมพ์ดีดดังอย่างข้าวตอกแตก."
ข้าวต้อง 0,น.,ต้นข้าวในนาที่โศกใบเหลืองไป ซึ่งถือกันว่าถูกผีกระทำ.
ข้าวตัง 0,น.,ข้าวสุกที่ติดเป็นแผ่นเกรียมอยู่ก้นหม้อหรือกระทะ.
ข้าวตังหน้าตั้ง 0,น.,ของว่างชนิดหนึ่ง ประกอบด้วยข้าวตังทอดกรอบกับเครื่องจิ้มชนิดหนึ่ง เรียกว่า หน้าตั้ง. (ดู ข้าวตัง และ หน้าตั้ง ประกอบ).
ข้าวตาก 0,น.,ข้าวสุกที่ตากแห้ง.
ข้าวตู 0,น.,ข้าวตากคั่วแล้วตำเป็นผงเคล้ากับนํ้าตาลและมะพร้าว.
ข้าวแตก 0,น.,ข้าวตอก.
ข้าวแตน 0,น.,ขนมรังแตน. (ดู รังแตน ๒).
ข้าวทิพย์ 0,น.,"ชื่อขนมอย่างหนึ่ง ปรุงด้วยเครื่องกวนมีนํ้าผึ้ง นํ้าอ้อย นํ้านม ข้าวฟ่าง ถั่วราชมาส งา เป็นต้น นิยมใช้หญิงพรหมจารีเป็นผู้กวน มักทำในพิธีสารท, ข้าวกระยาทิพย์ ก็เรียก."
ข้าวนก 0,น.,ชื่อไม้ล้มลุกชนิด Oryza meyeriana (Zoll. et Moritzi) Baill. var. granulata (Nees et Arn. ex Watt) Duist. ในวงศ์ Gramineae.
ข้าวนก 1,น.,ดูใน ข้าว.
ข้าวนก 2,น.,ชื่อเรือชนิดหนึ่ง เช่น ถ้าทรงเรือแผงและเรือข้าวนกประพาสบัว (ลัทธิ).
ข้าวนาปรัง 0,น.,ข้าวที่ปลูกในฤดูแล้งนอกฤดูทำนา.
ข้าวนาปี 0,น.,ข้าวที่ปลูกในฤดูฝน.
ข้าวนึ่ง 0,น.,ข้าวที่ได้จากการสีข้าวเปลือกซึ่งผ่านการแช่น้ำและอบด้วยความร้อนแล้ว
ข้าวนึ่ง 1,น.,ข้าวเหนียวนึ่ง.
ข้าวบาตร 0,น.,"ข้าวสารเก่าหุงในน้ำเดือดเพื่อให้สวยเป็นตัวสำหรับตักบาตร, เรียกขันเชิงสำหรับใส่ข้าวตักบาตร ว่า ขันข้าวบาตร."
ข้าวบาร์เลย์ 0,น.,ชื่อไม้ล้มลุกชนิด Hordeum vulgareL. ในวงศ์ Gramineae เป็นพรรณไม้ต่างประเทศ ปลูกกันบ้างในภาคเหนือ เมล็ดใช้ในอุตสาหกรรมผลิตเบียร์ และเป็นอาหารสัตว์.
ข้าวบิณฑ์ 0,น.,ข้าวตอกปั้นเป็นรูปทรงคล้ายดอกบัวตูม.
ข้าวบุหรี่ 0,น.,ข้าวหุงอย่างวิธีของแขกมีเครื่องปรุงและเนื้ออยู่ในตัว.
ข้าวเบา 0,น.,"กลุ่มพันธุ์ข้าวที่ได้ผลเร็วกว่ากลุ่มพันธุ์ข้าวอื่น ออกรวงในช่วงปลายเดือนกันยายนถึงกลางเดือนตุลาคม และเก็บเกี่ยวได้ในช่วงต้นเดือนพฤศจิกายนถึงกลางเดือนพฤศจิกายน เช่น พันธุ์ข้าวเหนียวหางยี ๗๑ พันธุ์ข้าวน้ำสะกุย ๑๙, พายัพและอีสานว่า ข้าวดอ."
ข้าวเบือ 0,น.,ข้าวสารที่ตำละเอียด ใช้ประสมกับนํ้าแกงเพื่อให้นํ้าแกงข้น.
ข้าวประดับดิน 0,น.,อาหารที่เอาไปวางไว้ตามต้นโพและพระเจดีย์เป็นต้นในเวลาเช้ามืดวันแรม ๑๕ ค่ำ เดือน ๙.
ข้าวปลูก 0,น.,ข้าวเปลือกที่เก็บไว้สำหรับทำพันธุ์.
ข้าวปัด 0,น.,"ข้าวเหนียวต้มที่ห่อด้วยใบไม้เช่นใบมะพร้าวอ่อนหรือใบเตย มักทำถวายพระในเทศกาลออกพรรษา, ข้าวต้มปัด ก็ว่า."
ข้าวปั้น 0,น.,"ข้าวปากหม้อ ปั้นเป็นก้อนขนาดพอมือ มี ๕ สี คือ สีขาวของข้าว สีครามจากครามย้อมผ้า สีดำจากเขม่าดำที่ติดก้นหม้อ สีเหลืองจากขมิ้น และสีแดงจากปูนแดง จำนวน ๓-๕ ก้อน นำมาวนตัวเด็กที่ป่วย เป็นการปัดรังควาน แล้วโยนข้าวทีละก้อนให้ข้ามหลังคาเรือน เพื่อพลีให้แม่ซื้อ, ข้าวเสียแม่ซื้อ ก็เรียก"
ข้าวปั้น 1,น.,ชื่ออาหารแบบญี่ปุ่นชนิดหนึ่ง ทำจากข้าวญี่ปุ่นซึ่งปรุงรสด้วยน้ำตาล น้ำส้ม เกลือ เป็นต้น ปั้นเป็นก้อนขนาดพอคำ มีหน้าเป็นปลาดิบสด ปลาหมึก กุ้ง ไข่ เป็นต้น กินกับซอสญี่ปุ่น.
ข้าวป่า 0,น.,ชื่อไม้ล้มลุกหลายชนิดในสกุล Oryza วงศ์ Gramineae เช่น ข้าวละมาน (O. minutaJ. Presl et C. Presl).
ข้าวปากหม้อ 0,น.,ข้าวสุกที่อยู่ในส่วนบนสุดของหม้อ ยังไม่มีใครตักกิน ใช้ตักบาตร หรือใช้เป็นข้าวในการตั้งเครื่องสังเวยพลีกรรมต่าง ๆ.
ข้าวปาด 0,น.,ขนมชนิดหนึ่ง คล้ายขนมเปียกปูน แต่เหนียวมาก.
ข้าวปุ้น 0,น.,ขนมจีน.
ข้าวเปรต 0,น.,เครื่องเซ่นเปรตในเทศกาลตรุษสารท.
ข้าวเปลือก 0,น.,เมล็ดข้าวที่ยังไม่ได้เอาเปลือกออก.
ข้าวเปลือก 1,น.,ดูใน ข้าว.
ข้าวเปลือก 2,น.,"ชื่อเรียกผลแก่แห้งของไม้ล้มลุกชนิด Foeniculum vulgare Mill. var. dulce Batt. et Trab. ในวงศ์ Umbelliferae ใช้เป็นเครื่องเทศได้, ยี่หร่าหวาน ก็เรียก."
ข้าวเปียก 0,น.,"ข้าวที่ต้มและกวนให้เละ, ข้าวที่ต้มกับนํ้ากะทิเจือเกลือเล็กน้อย กวนให้สุกจนข้นหรือเละ มีรสเค็ม ๆ มัน ๆ."
ข้าวผอก 0,น.,ข้าวห่อหรือข้าวที่บรรจุกระบอกไปกินกลางวัน.
ข้าวผอกกระบอกน้ำ 0,น.,ของกินเล็ก ๆ น้อย ๆ และมีกระบอกนํ้าเล็ก ๆ กรอกนํ้าแขวนกิ่งไม้ผูกไว้กับบันไดเรือน ใช้เซ่นผีในเทศกาลตรุษ.
ข้าวผัด 0,น.,ข้าวสุกผัดกับน้ำมันใส่หมูเป็นต้น.
ข้าวผัดอเมริกัน 0,น.,ข้าวสุกผัด ใส่ซอสมะเขือเทศ ลูกเกด เมล็ดถั่วลันเตา มีไก่อบ ไส้กรอก แฮม ไข่ดาว วางบนข้าว.
ข้าวพระ 0,น.,อาหารคาวหวานที่จัดใส่สำรับสำหรับถวายพระพุทธ.
ขาวพวง 0,น.,ชื่อส้มโอพันธุ์หนึ่ง ผลคล้ายส้มจุก ขนาดเส้นผ่านศูนย์กลางประมาณ ๑๕ เซนติเมตร.
ข้าวพอง 0,น.,ชื่อขนมชนิดหนึ่ง ทำด้วยเมล็ดข้าวเจ้าทอดน้ำมันให้พอง เคล้ากับน้ำตาลแล้วอัดเป็นแผ่น.
ข่าวพาดหัว 0,น.,ข่าวสำคัญที่นำมาพิมพ์เป็นหัวเรื่องในหน้าแรกของหนังสือพิมพ์ด้วยอักษรขนาดใหญ่เพื่อให้เกิดความสนใจ.
ข้าวโพด 0,น.,ชื่อไม้ล้มลุกชนิด Zea mays L. ในวงศ์ Gramineae ลำต้นสูงคล้ายอ้อยหรือข้าวฟ่าง เมล็ดเรียงชิดกันแน่นรอบซังเป็นฝักกลม ๆ ยาว ๆ มีกาบหุ้มหลายชั้น.
ข้าวฟ่าง 0,น.,ชื่อไม้ล้มลุก ๒ ชนิด ในวงศ์ Gramineae คือ ข้าวฟ่างหางหมา [ Setaria italica (L.) P. Beauv.] ต้นสูงประมาณ ๑ เมตร เมล็ดขนาดเมล็ดงา และข้าวฟ่างสมุทรโคดมหรือข้าวฟ่างหางช้าง [ Sorghum bicolor (L.) Moench] ต้นสูงประมาณ ๒ เมตร เมล็ดขนาดเมล็ดพริกไทย.
ข้าวเภา 0,น.,"ชื่อข้าวในพิธีธนญชัยบาศรับช้างเผือกของพราหมณ์พฤฒิบาศ คลุกด้วยสีเหลือง สีแดง แล้วปั้นเป็นก้อน ๆ, ข้าวกระยาสังแวง ก็เรียก."
ข้าวมัน 0,น.,"ข้าวเจ้าที่หุงด้วยกะทิ มักกินกับส้มตำ, ข้าวเจ้าหุงด้วยน้ำต้มกระดูกไก่โดยหุงแบบไม่เช็ดน้ำ กินกับไก่ตอนต้ม ปัจจุบันกินกับไก่ทอดก็มี. (ดู ข้าวมันไก่ ประกอบ)"
ข้าวมัน 1,น.,ข้าวเหนียวหุงแล้วมูนด้วยกะทิ.
ข้าวมันไก่ 0,น.,ข้าวเจ้าหุงด้วยน้ำต้มกระดูกไก่โดยหุงแบบไม่เช็ดน้ำ กินกับไก่ตอนต้มหั่นเป็นชิ้น มีเต้าเจี้ยว ขิงแก่ และพริกน้ำส้มหรือซีอิ๊วเป็นน้ำจิ้ม.
ข้าวมันปู 0,น.,ข้าวเจ้าที่มีสีแดงคล้ำ.
ขาวม้า 0,น.,"ชื่อเรียกผ้าฝ้ายทอเป็นรูปสี่เหลี่ยมผืนผ้า มักมีลายตาหมากรุก ใช้ผลัดอาบนํ้าหรือเคียนพุงเป็นต้น เรียกว่า ผ้าขาวม้า, (ปาก) ผ้าขะม้า."
ข้าวมิ่น 0,น.,ขมิ้น.
ข้าวเมล็ดแดง 0,น.,เมล็ดข้าวที่มีปลอกรำสีแดงหุ้มอยู่ร้อยละ ๒๕ ของเนื้อที่เมล็ดข้าวหรือมากกว่า.
ข้าวเม่า 0,น.,"ข้าวเปลือกข้าวเหนียวที่ยังไม่แก่จัดเอามาคั่วแล้วตำให้แบน, ข้าวเม่าที่เอามาคั่วให้กรอบ เรียกว่า ข้าวเม่าราง, ข้าวเม่ารางทอดแล้วใส่เครื่องปรุง มีกุ้งแห้งทอด ถั่วลิสงทอด เต้าหู้หั่นทอด เรียกว่า ข้าวเม่าหมี่."
ข้าวเม่า 1,น.,ดูใน ข้าว.
ข้าวเม่า 2,น.,"ชื่อปลาทะเลและปลานํ้าจืดหลายชนิด ในสกุล Ambassis วงศ์ Ambassidae หรือมีผู้รวมไว้กับวงศ์ Centropomidae เป็นปลาขนาดเล็ก ยาวได้ถึง ๑๕ เซนติเมตร ลำตัวแบนข้าง ค่อนข้างใส ก้านครีบแข็ง แหลม และมักชี้กางทำให้ทิ่มตำเมื่อจับต้อง ยังพบมีผู้เรียกปลาทะเลชนิด Ephippus orbis Bloch ในวงศ์ Ephippidae และปลานํ้าจืดในสกุล Chela วงศ์ Cyprinidae ว่า ปลาข้าวเม่า ด้วย, สำหรับปลาในวงศ์ Ambassidae เกล็ดข้าวเม่า หรือ แป้น ก็เรียก."
ข้าวเม่าทอด 0,น.,ชื่อขนมชนิดหนึ่ง ใช้ข้าวเม่าตำคลุกกับมะพร้าวและน้ำตาลปึกหุ้มกล้วยไข่สุก แล้วชุบแป้งทอดเป็นแพ ๆ.
ข่าวยกเมฆ 0,น.,"ข่าวที่ไม่มีมูล, ข่าวเหลวไหล."
ข้าวยากหมากแพง 0,น.,"ภาวะขาดแคลนอาหาร, ทุพภิกขภัย."
ข้าวยาคู 0,น.,"ชื่อขนมอย่างหนึ่ง ทำด้วยเมล็ดข้าวอ่อนตำแล้วคั้นเอานํ้าตั้งไฟจนสุก ใส่น้ำตาล เรียกว่า ข้าวยาคูน้ำ, ถ้าเคี่ยวให้แห้ง เรียกว่า ข้าวยาคูแห้ง."
ข้าวยำ 0,น.,อาหารชนิดหนึ่งของชาวปักษ์ใต้ ใช้ข้าวสุกคลุกกับเครื่องปรุง มีกุ้งแห้งป่น มะพร้าวคั่ว นํ้าเคยหรือนํ้าบูดู ส้มโอ และผักต่าง ๆ หั่นละเอียด เช่น ใบมะกรูด ตะไคร้ ถั่วฝักยาว.
ข้าวเย็นใต้ 0,น.,ชื่อไม้เถาชนิด Smilax glabra Wall. ex Roxb. ในวงศ์ Smilacaceae เหง้าใช้ทำยาได้.
ข้าวเย็นเหนือ 0,น.,ชื่อไม้เถาชนิด Smilax china L. ในวงศ์ Smilacaceae เหง้าใช้ทำยาได้.
ข้าวราดหน้าไก่ 0,น.,ข้าวสุกราดหน้าด้วยผัดน้ำข้น ใส่ไก่ เห็ด หน่อไม้ บางทีโรยด้วยกุนเชียงหั่นทอดกรอบ.
ข้าวไรย์ 0,น.,ชื่อไม้ล้มลุกชนิด Secale cereale L. ในวงศ์ Gramineae เป็นพรรณไม้ต่างประเทศ เมล็ดใช้ทำอาหารและเลี้ยงสัตว์.
ข้าวละมาน 0,น.,"ชื่อไม้ล้มลุกชนิด Oryza minuta J. Presl et C. Presl ในวงศ์ Gramineae เป็นข้าวป่าชนิดหนึ่ง มักขึ้นแซมต้นข้าว, หญ้าละมาน ก็เรียก."
ข่าวล่า 0,น.,ข่าวที่ได้มาใหม่.
ข่าวลือ 0,น.,ข่าวที่พูดกันทั่วไป แต่ยังไม่มีอะไรยืนยันได้แน่นอน.
ข่าวสด 0,น.,ข่าวใหม่ที่เพิ่งเกิดขึ้น.
ข้าวสวย 0,น.,"ข้าวที่หุงสุกแล้ว, ข้าวสุก ก็เรียก."
ขาวสะอาด 0,ว.,ไม่มีข้อสงสัยว่าผิดกติกา (มักใช้แก่การแข่งขัน) เช่น เขาชนะการเลือกตั้งอย่างขาวสะอาด.
ข้าวสาก 0,น.,ของเล็ก ๆ น้อย ๆ ที่เอาไปบูชาตามต้นโพและพระเจดีย์เวลาเช้ามืดในเดือน ๑๐.
ข้าวสามเดือน 0,น.,ชื่อข้าวเบาพันธุ์หนึ่งซึ่งได้ผลเร็วกว่าข้าวเบาพันธุ์อื่น เก็บเกี่ยวได้ภายใน ๓ เดือนหลังจากปลูก.
ข่าวสาร 0,น.,ข้อความที่ส่งมาให้รู้เรื่องกัน.
ข้าวสาร 0,น.,ข้าวเปลือกที่สีซ้อมจนเหลือแต่เมล็ดขาว.
ข้าวสาร 1,น.,ดูใน ข้าว.
ข้าวสาร 2,น.,ชื่อไม้เถาในสกุล Raphistemma วงศ์ Asclepiadaceae เช่น ข้าวสารดอกใหญ่ [ R. pulchellum (Roxb.) Wall.] ข้าวสารดอกเล็ก [ R. hooperianum (Blume) Decne.] ทั้ง ๒ ชนิดนี้ดอกกินได้.
ข้าวสาร 3,น.,"ชื่อไม้เถาชนิด Myriopteron extensum (Wight) K. Schum. ในวงศ์ Asclepiadaceae เถามีรสหวาน ใช้ทำยา ผลมีครีบโดยรอบ กินได้, ข้าวสาร ก็เรียก."
ข้าวสารข้าวเจ้า 0,น.,ข้าวเจ้าที่สีหรือซ้อมเอาเปลือกออก เหลือแต่เนื้อในไม่มีเยื่อติดอยู่.
ข้าวสารข้าวเหนียว 0,น.,ข้าวเหนียวที่สีหรือซ้อมเอาเปลือกออกเหลือแต่เนื้อในไม่มีเยื่อติดอยู่.
ข้าวสารเจ้า 0,น.,ข้าวเจ้าที่สีหรือซ้อมเอาเปลือกออก เหลือแต่เนื้อในไม่มีเยื่อติดอยู่.
ข้าวสารเหนียว 0,น.,ข้าวเหนียวที่สีหรือซ้อมเอาเปลือกออกเหลือแต่เนื้อในไม่มีเยื่อติดอยู่.
ข้าวสาลี 0,น.,ชื่อไม้ล้มลุกชนิด Triticum aestivum L. ในวงศ์ Gramineae เป็นพรรณไม้ต่างประเทศ เมล็ดบดเป็นแป้ง เรียกว่า แป้งสาลี ใช้ทำขนมปังเป็นต้น.
ข้าวสุก 0,น.,"ข้าวที่หุงสุกแล้ว, ข้าวสวย ก็เรียก."
ข้าวเส้น 0,น.,"ขนมจีน, ขนมเส้น ก็เรียก."
ข้าวเสียแม่ซื้อ 0,น.,"ข้าวปากหม้อ ปั้นเป็นก้อนขนาดพอมือ มี ๕ สี คือ สีขาวของข้าว สีครามจากครามย้อมผ้า สีดำจากเขม่าดำที่ติดก้นหม้อ สีเหลืองจากขมิ้น และสีแดงจากปูนแดง จำนวน ๓-๕ ก้อน นำมาวนตัวเด็กที่ป่วย เป็นการปัดรังควาน แล้วโยนข้าวทีละก้อนให้ข้ามหลังคาเรือน เพื่อพลีให้แม่ซื้อ, ข้าวปั้น ก็เรียก."
ข้าวหนัก 0,น.,กลุ่มพันธุ์ข้าวที่ได้ผลช้ากว่ากลุ่มพันธุ์ข้าวอื่น ออกรวงประมาณเดือนพฤศจิกายนถึงเดือนธันวาคม และเก็บเกี่ยวได้ในช่วงเดือนธันวาคมถึงเดือนมกราคม เช่น พันธุ์ข้าวขาวตาแห้ง ๑๗ พันธุ์ข้าวพวงนาก ๑๖.
ข้าวหน้าเป็ด 0,น.,ข้าวสุกมีเป็ดย่างสับเป็นชิ้นวางข้างบน ราดด้วยน้ำเป็ดย่าง.
ข้าวหน้าหมูแดง 0,น.,ข้าวสุกมีหมูแดงวางข้างบน ราดด้วยน้ำที่ปรุงเฉพาะ.
ข้าวหมก 0,น.,อาหารชนิดหนึ่งของมุสลิม ประกอบด้วยข้าวสวยปรุงด้วยเครื่องเทศและขมิ้น มีเนื้อไก่หรือเนื้อแพะหมกในข้าว.
ข้าวหมาก 0,น.,ของกินอย่างหนึ่ง ทำด้วยข้าวเหนียวนึ่งแล้วหมักกับแป้งเชื้อ.
ข้าวหมูกรอบ 0,น.,ข้าวสุกมีหมูกรอบวางข้างบน กินกับน้ำจิ้มทำจากซีอิ๊วและพริกชี้ฟ้าหั่น.
ข้าวหมูแดง 0,น.,ข้าวสุกมีหมูแดงวางข้างบน ราดด้วยน้ำที่ปรุงเฉพาะ.
ข้าวหลาม 0,น.,ข้าวเหนียวที่บรรจุในกระบอกไม้ไผ่แล้วเผาให้สุก.
ข้าวหลามตัด 0,น.,ข้าวเหนียวนึ่งอัดใส่ถาดโรยถั่วทอง ตัดเป็นรูปสี่เหลี่ยมขนมเปียกปูน มักกินกับข้าวหมาก
ข้าวหลามตัด 1,น.,"เรียกรูปสี่เหลี่ยมด้านขนานที่มีด้านทั้ง ๔ ยาวเท่ากัน แต่ไม่มีมุมภายในเป็นมุมฉาก ว่า สี่เหลี่ยมข้าวหลามตัด, สี่เหลี่ยมขนมเปียกปูน ก็เรียก."
ข้าวหัวโขน 0,น.,ข้าวตากคั่วคลุกนํ้าตาลปึก.
ข้าวหางช้าง 0,น.,ข้าวฟ่างหางช้าง. (ดู ข้าวฟ่าง ที่ ข้าว).
ข้าวเหนียว 0,น.,"ชื่อข้าวพันธุ์หนึ่งของชนิด Oryza sativa L. เนื้อเมล็ดขุ่นกว่าข้าวเจ้า เมื่อหุงหรือนึ่งแล้วเมล็ดจะเหนียวติดกัน มีชื่อต่าง ๆ กัน เช่น ข้าวเหนียวเขี้ยวงู ข้าวเหนียวดำ, ข้าวเหนียวที่เอามากวนกับกะทิและนํ้าตาลทราย เรียกว่า ข้าวเหนียวแก้ว, ถ้าเอามากวนกับกะทิและนํ้าตาลหม้อมีสีแดงเป็นสีนํ้าตาลไหม้ เรียกว่า ข้าวเหนียวแดง, ถ้าเอามานึ่งใส่หน้ากะทิตัดเป็นชิ้น ๆ เรียกว่า ข้าวเหนียวตัด, ถ้าเอามาห่อแล้วนึ่งใส่หน้ากะทิ เรียกว่า ข้าวเหนียวห่อ"
ข้าวเหนียว 1,น.,เรียกผลไม้ที่มีเนื้อนุ่มและเหนียวอย่างข้าวเหนียว เช่น สาเกข้าวเหนียว มะตาดข้าวเหนียว.
ข้าวเหนียวดำ 0,น.,ชื่อข้าวเหนียวพันธุ์หนึ่งเมล็ดสีดำ ๆ.
ข้าวเหลือเกลืออิ่ม 0,น.,บ้านเมืองที่บริบูรณ์ด้วยข้าวปลาอาหาร.
ขาวใหญ่ 0,น.,ชื่อส้มโอพันธุ์หนึ่ง ผลคล้ายส้มโอพันธุ์ขาวพวง แต่ขนาดใหญ่กว่า.
ข้าวใหม่ 0,น.,ข้าวที่เก็บเกี่ยวใหม่ในปีนั้น ๆ
ข้าวใหม่ 1,น.,ชื่อหนึ่งของดอกชมนาด.
ข้าวใหม่น้อย 0,น.,ชื่อไข้ที่เป็นผื่นตามตัวเหมือนมดกัด มีหัวสีขาว เวลาเป็นทำให้ตัวร้อนจัด.
ข้าวใหม่ปลามัน 0,น.,"อะไรที่เป็นของใหม่ก็ถือว่าดี, นิยมเรียกช่วงเวลาที่สามีภรรยาเพิ่งแต่งงานกันใหม่ ๆ ว่า ระยะข้าวใหม่ปลามัน."
ข้าวใหม่ใหญ่ 0,น.,ชื่อไข้ชนิดหนึ่ง มีอาการคล้ายไข้ข้าวใหม่น้อย.
ข้าวอบ 0,น.,ข้าวสุกที่ปรุงรสและใส่เครื่องปรุงต่าง ๆ แล้วอบให้ร้อน เรียกชื่อต่างกันไปตามเครื่องปรุง เช่น ข้าวอบหนำเลี้ยบ ข้าวอบกุนเชียง.
ข้าวอังกุลี 0,น.,"ชื่อไม้ล้มลุกมีหัวชนิดหนึ่งในสกุล Geodorum วงศ์ Orchidaceae หัวมีลักษณะเหมือนกบ เชื่อกันว่าใช้ในทางอยู่ยงคงกระพันได้, ข้าวอังกุลี ก็เรียก."
ข้าวโอ๊ต 0,น.,ชื่อไม้ล้มลุกชนิด Avena sativaL. ในวงศ์ Gramineae เป็นพรรณไม้ต่างประเทศ เมล็ดใช้เป็นอาหาร.
ข้าวฮาง 0,น.,ข้าวเหนียวที่ยังไม่แก่จัด เอามาคั่วตากแดดให้แห้งแล้วตำและนึ่ง.
ข้าศึก 0,น.,"ศัตรูของบ้านเมือง, คู่สงคราม, โดยปริยายหมายความว่า ผู้ขัดขวางหรือทำลาย."
ขาสิงห์ 0,น.,ขาโต๊ะ ตั่ง หรือตู้เป็นต้นที่ออกแบบให้คล้ายขาของสิงห์.
ขาหนีบ 0,น.,บริเวณโคนขาด้านหน้าตรงส่วนที่ต่อกับลำตัว.
ขาหมา 0,น.,ไม้ ๒ อันที่ทำเป็นขาไขว้กัน ใช้วางบนหลังช้าง สำหรับนั่ง บรรทุกของ หรือลากไม้.
ขาหยั่ง 0,น.,ไม้ ๓ อันผูกปลายรวมกันและกางออกไป สำหรับตั้งหรือห้อยของต่าง ๆ.
ข้าหลวง 0,น.,"คนที่ถวายตัวเป็นข้าของพระมหากษัตริย์หรือเจ้านาย, คนรับใช้ของพระมหากษัตริย์หรือเจ้านาย ปัจจุบันมีเฉพาะผู้หญิง เรียกว่า คุณข้าหลวง."
ข้าหลวง 1,น.,ดูใน ข้า ๑.
ข้าหลวง 2,น.,ตำแหน่งผู้ปกครองในหัวเมืองแต่ก่อนในลักษณะผู้รั้งเมืองหรือผู้รักษาเมืองเอก โท ตรี จัตวา ถ้าปกครองหลายหัวเมือง เรียกว่า ข้าหลวงใหญ่ ถ้าปกครองเมืองประเทศราช เรียกว่า ข้าหลวงรักษาราชการ
ข้าหลวง 3,น.,ผู้ได้รับมอบหมายให้ทำหน้าที่ราชการเฉพาะกิจ
ข้าหลวง 4,น.,เรียกผู้ว่าราชการเมืองหรือข้าหลวงประจำจังหวัด.
ข้าหลวง 5,น.,ดูใน ข้า ๑.
ข้าหลวง 6,น.,ชื่อปลาทะเลขนาดเล็กชนิด Scolopsis ciliatus (Lacepéde) ในวงศ์ Nemipteridae ลำตัวป้อม แบนข้างปานกลาง พื้นลำตัวสีเขียวหม่น มีแถบสีขาวเด่นพาดตามยาวใกล้แนวสันหลังข้างละเส้น ระหว่างตาและแผ่นกระดูกใต้ตามีหนามแหลม ๑ อัน ชี้ไปทางด้านหน้า ขอบด้านนอกของขากรรไกรบนจักเป็นฟันเลื่อย พบอาศัยอยู่ตามแนวหินปะการัง ขนาดยาวได้ถึง ๑๓ เซนติเมตร.
ข้าหลวงเดิม 0,น.,"คนที่พระเจ้าแผ่นดินเคยใช้สอยมาตั้งแต่ก่อนขึ้นครองราชย์, คนรับใช้เก่าแก่ของเจ้านาย, (ปาก) คนหรือสิ่งของที่ใช้สอยถูกใจมาเป็นเวลานาน ๆ."
ข้าหลวงหลังลาย 0,น.,ชื่อเฟินอิงอาศัยชนิด Asplenium nidus L. ในวงศ์ Aspleniaceae ใบเรียงเป็นวง รูปทรงคล้ายชาม แตกใบอ่อนตรงกลาง.
ขาใหญ่ 0,น.,"นักเลงผู้มีอิทธิพล, นักโทษหรือผู้กักขังที่มีอิทธิพล."
ขาอ่อน 0,น.,ส่วนหลังของขานับตั้งแต่โคนขาถึงขาพับ.
ขำ 0,ว.,มีลักษณะหน้าตาคมชวนให้มอง เช่น งามขำ ดำขำ
ขำ 1,ว.,ขบขัน เช่น นึกขำ.
ขำ 2,น.,"สิ่งหรือข้อความที่มีนัยซึ่งไม่ควรเปิดเผย เช่น ความขำเขาซับซี่ในวัดที่ดรธานปล่ยวน้นน (ม. คำหลวง ชูชก), แล้วทูลว่านางคันธมาลี ให้ข้านี้นำของมาถวาย เป็นความขำกำชับมามากมาย พลางยอบกายเข้าไปให้ใกล้ชิด (คาวี)."
ขำกลิ้ง 0,ว.,ขบขันมาก.
ขำขัน 0,ว.,ที่ชวนให้หัวเราะ เช่น เรื่องขำขัน นิทานขำขัน.
ข่ำเขียว 0,ว.,"รีบ, ด่วน, เร่ง."
ขิก 0,น.,เรียกรูปจำลองอวัยวะเพศชาย ใช้เป็นเครื่องรางของขลัง ว่า ไอ้ขิก หรือ อ้ายขิก.
ขิก ๆ 0,ว.,หัวเราะเสียงอย่างนั้น.
ขิกหัว 0,ก.,หัวเราะเบา ๆ เช่น พระลออดบ่ได้ ขิกหัว (ลอ).
ขิง 0,น.,"ชื่อไม้ล้มลุกชนิด Zingiber officinale Roscoe ในวงศ์ Zingiberaceae เหง้ามีกลิ่น รสเผ็ด ใช้ประกอบอาหารและทำยาได้, ขิงแกลง หรือ ขิงแครง ก็เรียก."
ขิ่ง 0,ก.,พยายามทำสิ่งที่ยากอันตนจะต้องทำให้เสร็จ เช่น ท้าวธผู้ข้อนขิ่งทำทาน (ม. คำหลวง ชูชก).
ขิงก็ราข่าก็แรง 0,*สำ.,"ต่างก็จัดจ้านพอ ๆ กัน, ต่างก็มีอารมณ์ร้อนพอ ๆ กัน, ต่างไม่ยอมลดละกัน."
ขิงแกลง 0,น.,"ชื่อไม้ล้มลุกชนิด Zingiber officinale Roscoe ในวงศ์ Zingiberaceae เหง้ามีกลิ่น รสเผ็ด ใช้ประกอบอาหารและทำยาได้, ขิงแกลง หรือ ขิงแครง ก็เรียก."
ขิงแครง 0,น.,"ชื่อไม้ล้มลุกชนิด Zingiber officinale Roscoe ในวงศ์ Zingiberaceae เหง้ามีกลิ่น รสเผ็ด ใช้ประกอบอาหารและทำยาได้, ขิงแกลง หรือ ขิงแครง ก็เรียก."
ขิงแห้ง 0,น.,ขิงชนิดหนึ่งที่ตากแห้ง ใช้เป็นเครื่องยาไทย.
ขิด 0,น.,"ชื่อผ้าทอชนิดหนึ่ง มีวิธีทำลวดลายโดยใช้ไม้แผ่นแบนบางปากโค้งให้ปลายหนึ่งแหลมเป็นเครื่องมือสำหรับสะกิดเส้นเครือหรือเส้นยืน เพื่อเก็บยกขึ้นตามรูปลักษณะลวดลายที่ต้องการในแต่ละแถวแต่ละลาย, เขียนเป็น ขิต ก็มี."
ขิปสัทโท 0,ก.,กระแอม.
ขิม 0,น.,ชื่อเครื่องดนตรีประเภทเครื่องตี รูปทรงสี่เหลี่ยมคางหมู มี ๓ ขนาด ได้แบบอย่างมาจากประเทศจีน บรรเลงโดยใช้ไม้ตีบนเส้นลวด.
ขี่ 0,ก.,"นั่งเอาขาคร่อม, โดยปริยายหมายถึงนั่งไปในยานพาหนะ."
ขี้ 0,ก.,"ถ่ายกากอาหารออกทางทวารหนัก, ถ่ายอุจจาระ, ราชาศัพท์ว่า ลงพระบังคนหนัก."
ขี้ 1,น.,"กากอาหารที่ร่างกายไม่ต้องการแล้วขับถ่ายออกทางทวารหนัก, อุจจาระ, ราชาศัพท์ว่า พระบังคนหนัก, สิ่งที่ร่างกายขับถ่ายออกมาเกรอะกรังอยู่ เช่น ขี้ไคล ขี้รังแค ขี้หู ขี้ตา, ใช้ประกอบหน้าคำ หมายความว่า เป็นสิ่งที่สกปรก เช่น ขี้เลน ขี้ดิน ขี้ทราย, โดยปริยายหมายความถึงสิ่งที่ไม่ต้องการ เช่น ขี้ตะกั่ว, เศษหรือกากที่ออกมาจากสิ่งนั้น ๆ เช่น ขี้กบ ขี้เลื่อย."
ขี้ 2,ว.,"ใช้ประกอบหน้าคำที่แสดงความหมายในทางที่ไม่ดี เช่น ขี้เกียจ ขี้เหนียว, หรือมักเป็นเช่นนั้น เช่น ขี้หัวเราะ ขี้ขอ ขี้ลืม ขี้หึง."
ขี้กบ 0,น.,เศษไม้ที่ออกมาด้วยการไสกบ.
ขี้กระทาเกลือ 0,น.,ขี้เกลืออันตกกระฉาบทาไปตามพื้นดิน หรือพื้นที่มีเกลือแห้งเกรอะอยู่เป็นกระ.
ขี้กลาก 0,น.,"ชื่อโรคผิวหนังอย่างหนึ่ง มีหลายชนิด เกิดจากเชื้อรา ขึ้นเป็นวง มีอาการคัน, กลาก ก็ว่า."
ขี้ก้อนใหญ่ให้เด็กเห็น 0,ก.,ทำสิ่งที่ไม่สมควรให้ผู้น้อยเห็น.
ขี้กะโล้โท้ 0,ว.,"ไม่ดี, ไม่มีคุณภาพ, เอาเรื่องเอาราวไม่ได้."
ขี้กา 0,น.,ชื่อไม้เถาเนื้ออ่อนหลายชนิดหลายสกุล ในวงศ์ Cucurbitaceae ผลกลมขนาดผลมะนาวถึงผลส้มเกลี้ยง สุกสีแดง เมล็ดสีเขียวแก่ มีเยื่อเป็นเมือก ๆ หุ้ม และมีรสขม เช่น ขี้กาแดงหรือกระดึงช้างเผือก ( Trichosanthes tricuspidata Lour.).
ขี้ก้าง 0,น.,ขี้ดีบุกที่ถลุงแล้วเอาไปถลุงอีก.
ขี้ก้าง 1,ว.,"ผอมจนเห็นซี่โครงเป็นซี่ ๆ, ผอมเนื้อน้อย."
ขี้ก้าง 2,ว.,ดูใน ขี้.
ขี้ก้าง 3,น.,"ชื่อปลานํ้าจืดชนิด Channa orientalis (Schneider) ในวงศ์ Channidae คล้ายปลาช่อนซึ่งเป็นปลาสกุลเดียวกัน แต่ตัวเล็กกว่า เว้นแต่ปลาก้างนั้นเกล็ดข้างตัวมีราว ๔๑-๔๕ เกล็ด ขอบครีบต่าง ๆ เป็นสีส้ม มักพบหลบอยู่ตามแหล่งน้ำตื้นที่มีใบไม้จมอยู่ ขนาดยาวได้ถึง ๒๐ เซนติเมตร, ขี้ก้าง ก็เรียก."
ขี้กาดง 0,น.,"ชื่อไม้เถาเนื้ออ่อนชนิด Gymnopetalum chinense (Lour.) Merr. ในวงศ์ Cucurbitaceae เถา ๕ เหลี่ยม มีมือจับ ผล ๑๐ เหลี่ยม สุกสีส้ม มีรสขม ใช้ทำยาได้, ขี้กาดง หรือ ขี้กาเหลี่ยม ก็เรียก."
ขี้กาแดง 0,น.,"ชื่อไม้เถาเนื้ออ่อนชนิด Trichosanthes tricuspidata Lour. ในวงศ์ Cucurbitaceae เถาเป็นเหลี่ยม มีมือเกาะแยกเป็น ๓ แฉก ใบใหญ่มน บางทีเป็น ๕ เหลี่ยม กลีบเลี้ยงสีแดง กลีบดอกสีขาวหรือขาวอมชมพู ผลกลมใหญ่ขนาดผลส้ม สุกสีแดง เมล็ดเป็นพิษเบื่อเมา, กระดึงช้างเผือก ก็เรียก."
ขี้กาเหลี่ยม 0,น.,"ชื่อไม้เถาเนื้ออ่อนชนิด Gymnopetalum chinense (Lour.) Merr. ในวงศ์ Cucurbitaceae เถา ๕ เหลี่ยม มีมือจับ ผล ๑๐ เหลี่ยม สุกสีส้ม มีรสขม ใช้ทำยาได้, ขี้กาดง หรือ ขี้กาเหลี่ยม ก็เรียก."
ขี้กุ่ง 0,น.,"ชื่อจิ้งหรีดชนิด Brachytrypes portentosus (Lichtenstein) เป็นจิ้งหรีดที่มีขนาดใหญ่ที่สุด ยาวประมาณ ๔.๕ เซนติเมตร สีน้ำตาลตลอดทั้งตัว, อ้ายโกร่ง หรือ หัวตะกั่ว ก็เรียก, พายัพเรียก จี้กุ่ง หรือ ขี้กุ่ง, อีสานเรียก จิโป่ม จี่นายโม้ จี่ป่ม หรือ จี่โป่ง."
ขี้เกลือ 0,น.,คราบเหงื่อที่แห้งกรังจนขึ้นขาว.
ขี้เกลื้อน 0,น.,"ชื่อโรคผิวหนังเกิดจากเชื้อรา Malassezia furfur ขึ้นเป็นดวงขาว ๆ อาจมีอาการคัน, เกลื้อน ก็ว่า."
ขี้เกียจ 0,ก.,"มีนิสัยไม่ชอบทำงาน เช่น เด็กคนนี้ขี้เกียจ, เกียจคร้าน ก็ว่า, รู้สึกไม่อยากทำเพราะไม่เห็นประโยชน์เป็นต้น เช่น ขี้เกียจเถียง"
ขี้เกียจ 1,ก.,"เชื่อว่าเป็นเช่นนั้น (ใช้ในความประชดประชัน), ใช้เข้าคู่กับคำ จะ เป็น ขี้เกียจจะ เช่น พอให้เงินเข้าหน่อย ขี้เกียจจะรีบทำเสียอีก, ขี้คร้าน หรือ ขี้คร้านจะ ก็ว่า."
ขี้เกียจสันหลังยาว 0,ก.,เกียจคร้านเอาแต่นอน.
ขี้เกียจหลังยาว 0,ก.,เกียจคร้านเอาแต่นอน.
ขี้ขม 0,น.,"ชื่อปลาน้ำจืดบางชนิดในสกุล Osteochilus และ Dangila วงศ์ Cyprinidae ที่มีจุดสีเข้มบนเกล็ด ทำให้เห็นเป็นแถวของจุดเรียงตามยาวอยู่ข้างตัวหลายแถว เหนือครีบอกหรือที่คอดหางมีแต้มหรือจุดสีดำใหญ่ โดยเฉพาะที่พบทั่วไปคือ ชนิด O. hasselti (Valenciennes) ที่ส่วนหลังมีสีเขียวหรือฟ้าเทา ด้านข้างสีนวลและท้องเป็นสีขาวเงิน และมีกลุ่มจุดสีแดงกระจายอยู่เหนือครีบอก ครีบต่าง ๆ ยกเว้นครีบอกมีสีแดงหรืออมแดง ในบางท้องที่ปลาชนิดนี้จะมีสีดังกล่าวจางมาก ขนาดยาวได้ถึง ๓๐ เซนติเมตร, ขี้ขม นกเขา ทองลิน หรือ ตูโบ ก็เรียก."
ขี้ขวง 0,น.,ผักขี้ขวง. (ดู ขวง ๑).
ขี้ข้า 0,น.,คนรับใช้ (คำไม่สุภาพ)
ขี้ข้า 1,น.,"คำประชดเชิงเปรียบเทียบที่บ่งบอกฐานะต่ำต้อย, คำดูถูกเหยียดหยามว่าเป็นผู้มีฐานะต่ำต้อย (ใช้เป็นคำด่า)."
ขี้ข้าม้าครอก 0,น.,"คนรับใช้, ทาส."
ขี้ขึ้นขมอง 0,น.,"ความรู้สึกตกใจกลัวจนไม่คิดหน้าคิดหลัง เช่น พอได้ยินเสียงตวาดก็ขี้ขึ้นสมองแล้ว, มักใช้ประกอบคำ กลัว ว่า กลัวจนขี้ขึ้นขมอง หรือ กลัวจนขี้ขึ้นสมอง."
ขี้ขึ้นสมอง 0,น.,"ความรู้สึกตกใจกลัวจนไม่คิดหน้าคิดหลัง เช่น พอได้ยินเสียงตวาดก็ขี้ขึ้นสมองแล้ว, มักใช้ประกอบคำ กลัว ว่า กลัวจนขี้ขึ้นขมอง หรือ กลัวจนขี้ขึ้นสมอง."
ขี้ขุย 0,น.,"ชื่อปลาทะเลชนิด Trachicephalus uranoscopus (Bloch & Schneider) ในวงศ์ Scorpaenidae ตัวแบนข้างเล็กน้อย หัวสั้น ปากกว้างเชิดขึ้น ลำตัวมีรอยด่างสีนํ้าตาล มักมีจุดขาวประปราย ขอบครีบเป็นสีดำคลํ้า เงี่ยงมีพิษ ซ่อนตัวอยู่ตามซอกหินหรือหมกตัวอยู่ตามพื้นท้องทะเล ขนาดยาวได้ถึง ๑๒ เซนติเมตร, ขี้ขุย ก็เรียก."
ขี้เข็บ 0,น.,"ชื่อสัตว์พวกเดียวกับกิ้งกือ แต่เรียกแยกโดยถือเอาพวกที่มีขนาดเล็ก เช่น ยาวน้อยกว่า ๕-๖ เซนติเมตร ลำตัวเล็ก มีจำนวนปล้อง ๓๑-๑๗๓ ปล้อง แต่ละปล้องมีขา ๒ คู่ และขายาวกว่าปล้องลำตัวมาก ที่แพร่หลาย เช่น สกุล Orthomorpha ในวงศ์ Paradoxsomatidae ไม่มีตา, จะเข็บ หรือ ขี้เข็บ ก็เรียก."
ขี้ครอก 0,น.,คำดูถูกเหยียดหยามว่าเป็นผู้มีฐานะต่ำต้อยกว่าครอกหรือทาส (ใช้เป็นคำด่า).
ขี้ครอก 1,น.,ดูใน ขี้.
ขี้ครอก 2,น.,ชื่อไม้พุ่มชนิด Urena lobata L. ในวงศ์ Malvaceae ดอกสีชมพู ผลมีขนปลายเงี่ยงคลุม.
ขี้ครอก 3,น.,"ชื่อไม้ล้มลุกชนิด Xanthium indicum K. Koenig ex Roxb. ในวงศ์ Compositae มักขึ้นเป็นวัชพืชในทุ่งนาและริมนํ้า ลำต้นและใบคาย ใบมนเว้า ขอบจัก โคนใบแหลม ดอกเล็กรวมเป็นกระจุกแน่น ผลรี ยาวประมาณ ๑ เซนติเมตร มีหนามปลายงอทั่วทั้งผล รากหอมอ่อน ๆ ใช้อบผ้าได้ บางส่วนของไม้นี้ใช้เป็นยาได้ แต่ทั้งต้นเป็นพิษต่อปศุสัตว์, ขี้ครอก หรือ ขี้อ้น ก็เรียก."
ขี้ครั่ง 0,น.,สารซึ่งตัวครั่งผลิตออกมาหุ้มลำตัว ประกอบด้วยชันเป็นส่วนใหญ่ ไข และสารสีแดง.
ขี้คร้าน 0,ก.,"เชื่อว่าเป็นเช่นนั้น (ใช้ในความประชดประชัน) เช่น พอให้เงินเข้าหน่อย ขี้คร้านรีบทำเสียอีก, บางทีใช้เข้าคู่กับคำ จะ เป็น ขี้คร้านจะ เช่น พอยอเข้าหน่อย ขี้คร้านจะทำให้ทุกอย่าง, ขี้เกียจจะ ก็ว่า."
ขี้ควาย 0,น.,"ชื่อปลาทะเลชนิด Trachicephalus uranoscopus (Bloch & Schneider) ในวงศ์ Scorpaenidae ตัวแบนข้างเล็กน้อย หัวสั้น ปากกว้างเชิดขึ้น ลำตัวมีรอยด่างสีนํ้าตาล มักมีจุดขาวประปราย ขอบครีบเป็นสีดำคลํ้า เงี่ยงมีพิษ ซ่อนตัวอยู่ตามซอกหินหรือหมกตัวอยู่ตามพื้นท้องทะเล ขนาดยาวได้ถึง ๑๒ เซนติเมตร, ขี้ขุย ก็เรียก."
ขี้คุก 0,ว.,เคยต้องโทษจำคุกมาแล้ว.
ขี้เค้า 0,น.,ขี้ข้า.
ขี้โครง 0,น.,ซี่โครง.
ขี้ไคล 0,น.,"เหงื่อที่ปนกับฝุ่นละอองติดกรังอยู่กับหนังกำพร้า, ไคล ก็ว่า."
ขี้จาบ 0,ว.,หยาบคาย เช่น ชาติอ้ายขี้จาบปราบเพื่อนบ้าน (รามเกียรติ์ พลเสพย์).
ขี้ชัน 0,น.,"ชื่อแมลงขนาดเล็กหลายชนิดหลายสกุล ในวงศ์ Apidae โดยทั่วไปมีขนาดลำตัวยาวไม่เกิน ๑๐ มิลลิเมตร อยู่รวมกันเป็นฝูงและแบ่งวรรณะเหมือนผึ้ง แต่ไม่มีเหล็กในอย่างผึ้งทั่วไป จึงไม่สามารถต่อยได้ ทำรังตามโพรงไม้หรือตามรอยแตกฝาผนังของบ้านเรือน รังทำจากสารเหนียวผสมขี้ดินและยางไม้ ที่พบมากในประเทศไทยอยู่ในสกุล Trigona ชนิดที่พบบ่อย เช่น ชนิด T. terminata Smith, T. apicalis Smith มีชื่ออื่น ๆ อีกตามท้องถิ่น เช่น หูด ขี้ตังนี หรือ กินชัน, อีสานเรียก ขี้สูด, ปักษ์ใต้เรียก ขี้ชัน."
ขี่ช้างจับตั๊กแตน 0,ก.,ลงทุนมากแต่ได้ผลนิดหน่อย.
ขี้ซ้าย 0,น.,ส่วนที่เลวที่สุด เช่น ฝีมือแค่นี้ไม่ได้ขี้ไซ้เขาหรอก.
ขี้เซา 0,ว.,นอนปลุกให้ตื่นยาก.
ขี้ไซ้ 0,น.,ส่วนที่เลวที่สุด เช่น ฝีมือแค่นี้ไม่ได้ขี้ไซ้เขาหรอก.
ขีณะ 0,ว.,สิ้นไป เช่น ถั่นคํ่าขีณะแล้ว (ม. คำหลวง ทานกัณฑ์).
ขีณาสพ 0,น.,"พระผู้สิ้นอาสวะ, พระอรหันต์."
ขีด 0,ก.,ใช้ของแหลมหรือมีดเป็นต้นทำให้เป็นเส้นหรือรอยยาว.
ขีด 1,น.,แนวเส้น
ขีด 2,น.,"ระดับ เช่น เกินขีด,ขีดขั้น ก็ว่า"
ขีด 3,น.,ลักษณนามเรียกสิ่งที่เป็นเส้นหรือรอยยาวปรากฏอยู่บนพื้นสิ่งใดสิ่งหนึ่ง เช่น มีรอย ๓ ขีด
ขีด 4,น.,เรียกเครื่องหมายแสดงระดับชั้นของข้าราชการพลเรือน เช่น ข้าราชการชั้นตรีที่บ่ามีขีดใหญ่ ๑ ขีด
ขีด 5,น.,เรียกน้ำหนัก ๑ ใน ๑๐ ของกิโลกรัม ว่า ขีดหนึ่ง.
ขีดขั้น 0,น.,ระดับแห่งความรู้ความสามารถเป็นต้น เช่น ขีดขั้นแห่งสติปัญญา.
ขีดคร่อม 0,ก.,ขีดเส้นขนานคู่ขวางไว้ข้างด้านหน้าเช็ค. (ดู เช็คขีดคร่อม).
ขีดคั่น 0,ก.,"ขีดกั้นไว้, กำหนดไว้โดยเฉพาะ เช่น อ่านหนังสือไปถึงไหนแล้ว ให้ทำเครื่องหมายขีดคั่นไว้."
ขีดฆ่า 0,ก.,การกระทำเพื่อมิให้ใช้แสตมป์ได้อีกโดยขีดเส้นคร่อมฆ่าแสตมป์ที่ปิดทับกระดาษและลงวันเดือนปีที่ขีดฆ่าไว้ด้วย.
ขีดเส้นตาย 0,ก.,กำหนดเวลาสุดท้ายให้.
ขีดเส้นใต้ 0,น.,ชื่อหนึ่งของเครื่องหมายสัญประกาศ. (ดู สัญประกาศ).
ขี้เดือด 0,น.,ขี้เมฆตามริมขอบฟ้าวิ่งเดือดพลุ่งขึ้นข้างบนซึ่งนัยว่าจะเกิดพายุ.
ขี้เดือน 0,น.,"ชื่อไม้อิงอาศัย ๒ ชนิด ๒ สกุลในวงศ์ Asclepiadaceae เกาะเลื้อยบนต้นไม้ มีนํ้ายางขาว ชนิด Dischidia major (Vahl) Merr. ใบเป็นรูปถุง กลวงใน ออกเป็นกระจุก รากใช้ทำยาได้, พุงปลา หรือ พุงปลาช่อน ก็เรียก, พายัพเรียก กล้วยไม้, อีกชนิดหนึ่งคือ Streptocaulon kleinii Wight et Arn.ใบไม่เป็นถุง เป็นไม้เลื้อย, ขี้เดือน ก็เรียก."
ขี้แดด 0,น.,ตะไคร่ที่จับบนผิวโคลนสีเขียว ๆ.
ขี้ตด 0,น.,แมลงตด. (ดู ตด ๒).
ขี้ตะไคร่ 0,น.,พืชสีเขียวที่เกิดติดอยู่ตามต้นไม้ ตามพื้นดิน หรือกำแพงที่ชุ่มชื้น เช่น ทางเดินมีขี้ตะไคร่ ระวังจะลื่น
ขี้ตะไคร่ 1,น.,คราบที่เกิดจากโคลนในน้ำ เช่น เด็ก ๆ เล่นน้ำนานจนขี้ตะไคร่จับหน้า.
ขี้ตังนี 0,น.,"ชื่อแมลงขนาดเล็กหลายชนิดหลายสกุล ในวงศ์ Apidae โดยทั่วไปมีขนาดลำตัวยาวไม่เกิน ๑๐ มิลลิเมตร อยู่รวมกันเป็นฝูงและแบ่งวรรณะเหมือนผึ้ง แต่ไม่มีเหล็กในอย่างผึ้งทั่วไป จึงไม่สามารถต่อยได้ ทำรังตามโพรงไม้หรือตามรอยแตกฝาผนังของบ้านเรือน รังทำจากสารเหนียวผสมขี้ดินและยางไม้ ที่พบมากในประเทศไทยอยู่ในสกุล Trigona ชนิดที่พบบ่อย เช่น ชนิด T. terminata Smith, T. apicalis Smith มีชื่ออื่น ๆ อีกตามท้องถิ่น เช่น หูด ขี้ตังนี หรือ กินชัน, อีสานเรียก ขี้สูด, ปักษ์ใต้เรียก ขี้ชัน."
ขี้ตา 0,ว.,เล็กมาก.
ขี้ตาเล็น 0,ว.,เล็กมาก.
ขี้ติ้ว 0,น.,"ชื่อไม้ต้นหลายชนิดในสกุล Cratoxylum วงศ์ Guttiferae เช่น ติ้วเกลี้ยง [ C. cochinchinense (Lour.) Blume], ขี้ติ้ว หรือ ติ้วใบเลื่อม ก็เรียก."
ขี้ตีน 0,น.,"ฝุ่นละอองที่ติดมากับเท้า, โดยปริยายหมายถึงสิ่งที่ต่ำค่าที่สุด เช่น เก่งแค่นี้ไม่ได้ขี้ตีนเขาหรอก."
ขี้ตืด 0,ว.,"ตระหนี่, ขี้เหนียว ก็ว่า."
ขี้ตู่ 0,ก.,กล่าวอ้างหรือทึกทักว่าของผู้อื่นเป็นของตัว เช่น นี่ปากกาของฉันนะอย่ามาขี้ตู่.
ขี้เต่า 0,น.,เมือกเหงื่อไคลที่ติดอยู่ตามรักแร้ มีกลิ่นเหม็น.
ขี้แต้ 0,น.,ดินที่แห้งแข็งเป็นตะปุ่มตะป่ำอยู่ตามทุ่งนา มักอูดขึ้นมาจากรอยกีบเท้าวัวเท้าควาย เรียกว่า หัวขี้แต้.
ขี้ไต้ 0,น.,ส่วนของไต้ที่ใช้เป็นเชื้อไฟหรือส่วนของไต้ที่จุดและเขี่ยให้ร่วงหล่นลง.
ขี้ไต้ 1,น.,ดูใน ขี้.
ขี้ไต้ 2,น.,"ชื่อมะม่วงชนิด Mangifera caloneura Kurz ในวงศ์ Anacardiaceae ผลเล็ก เนื้อไม่มีเสี้ยน เมื่อสุกมีกลิ่นหอมแรง, ขี้ไต้ ก็เรียก."
ขี้ถัง 0,ว.,เลวทราม เช่น จงหลีกเลี่ยงเสียให้พ้นคนขี้ถัง (สุภาษิตสุนทรภู่).
ขี้เถ้า 0,น.,เถ้า.
ขี้ไถ 0,น.,"อุจจาระสัตว์, ขี้หรือเศษของสิ่งต่าง ๆ เช่น มูลไถ = ขี้ไถ."
ขี้ไถ 1,น.,ชื่อนกชนิดหนึ่งตัวขนาดนกกระจาบฝน โตกว่านิดหน่อย เรียกสามัญว่า นกขี้ไถ.
ขี้ทา 0,น.,ขี้เกลืออันตกกระฉาบทาไปตามพื้นดิน หรือพื้นที่มีเกลือแห้งเกรอะอยู่เป็นกระ.
ขี้ทูด 0,น.,โรคเรื้อน. (ดู เรื้อน)
ขี้ทูด 1,น.,เรียกคนไม่มีคุณค่าหรือคนร่อนเร่ สกปรกมอมแมม ว่า คนขี้ทูด.
ขี้เท่อ 0,ว.,"ไม่คม, ไม่ฉลาด, เซ่อ."
ขี้เท่อ 1,น.,ความโง่ เช่น ขยายขี้เท่อ.
ขี้เทา 0,น.,ขี้ที่ค้างอยู่ในลำไส้เด็กที่คลอดใหม่.
ขี้เทือก 0,น.,"ที่ดินที่ไถและคราดแล้วทำให้เป็นโคลนเป็นตมเพื่อตกกล้า เช่น ทำขี้เทือกตกกล้า, เทือก ก็ว่า."
ขี้นก 0,น.,ชื่อฝรั่งพันธุ์หนึ่ง ผลเล็ก ไส้แดง.
ขี้นก 1,น.,ชื่อพริกขี้หนูพันธุ์หนึ่ง รสเผ็ดร้อนกว่าพริกขี้หนูธรรมดา.
ขีปนาวุธ 0,น.,อาวุธซึ่งถูกส่งออกไปจากผิวพิภพเพื่อใช้ประหัตประหารหรือทำลายในการสงคราม โดยมีการบังคับวิถีในตัวเองเพื่อนำไปสู่เป้าหมาย การบังคับวิถีนี้บังคับเฉพาะตอนขึ้นเท่านั้น มีหลายชนิด เช่น ขีปนาวุธข้ามทวีป.
ขี้ปะติ๋ว 0,ว.,"เล็กน้อย, ไม่สำคัญ."
ขี้ปาก 0,น.,คำที่เอาอย่างเขามาพูด
ขี้ปาก 1,น.,คนสำหรับเขาล้อด่าว่าและติเตียน.
ขี้เป้ 0,ว.,ไม่ได้เรื่อง เช่น คนขี้เป้ ของขี้เป้.
ขี้เป็ด 0,น.,ชื่อทรายหรือดินร่วนสีดำคล้ายขี้เป็ด.
ขี้ผง 0,น.,"เศษสิ่งของเล็ก ๆ หรือละเอียดที่เหลือหรือร่วงจากวัสดุต่าง ๆ, ผง หรือ เศษผง ก็ว่า, โดยปริยายหมายความว่า เล็กน้อย, ไม่สำคัญ, เช่น จ่ายเงินแค่นี้เรื่องขี้ผง."
ขี้ผึ้ง 0,น.,รังผึ้งที่เอามาหุงใช้ในการต่าง ๆ เช่น ทำเทียน ทำสีผึ้ง.
ขี้ผึ้ง 1,น.,ดูใน ขี้.
ขี้ผึ้ง 2,น.,"ชื่อเต่าบกขนาดกลางชนิด Indotestudo elongata (Blyth) ในวงศ์ Testudinidae หัวสีเหลือง กระดองหลังสีเหลืองมีลายเปรอะสีน้ำตาล กระดองท้องสีเหลืองไม่มีลาย กินพืช เช่น หญ้าเพ็ก, เพ็ก ขี้ผึ้ง เทียน หรือ แขนง ก็เรียก."
ขี้ฝิ่น 0,น.,"กากของฝิ่นที่สูบแล้ว, คนติดฝิ่น, ขี้ยา ก็เรียก."
ขี้ฝุ่น 0,น.,ดินแห้งหรือสิ่งอื่นที่ละเอียดเป็นผง เช่น ของพวกนี้เก็บไว้นาน ขี้ฝุ่นจับเขรอะทีเดียว.
ขี้แพ้ชวนตี 0,ก.,"แพ้ตามกติกาแล้วยังไม่ยอมรับว่าแพ้จะเอาชนะด้วยกำลัง, แพ้แล้วพาล."
ขี้มอด 0,น.,ชื่อไม้ต้นขนาดเล็ก ๒ ชนิด ในวงศ์ Leguminosae คือ ชนิด Dalbergia lanceolariaL.f. var. lakhonensis (Gagnep.)Niyomdham ดอกสีขาวหรือขาวแกมม่วงน้ำเงิน และชนิด Derris robusta (DC.) Benth. ดอกสีชมพูถึงม่วงอ่อน เนื้อไม้ฟ่าม ใช้ทำหีบหรือลัง.
ขี้ม้า 0,ว.,เรียกสีกากีแกมเขียวว่า สีขี้ม้า.
ขี้ม้า 1,ว.,ดูใน ขี้.
ขี้ม้า 2,น.,ชื่อส้มพันธุ์หนึ่งของชนิด Citrus reticulata Blanco.
ขี่ม้าตีคลี 0,น.,ชื่อท่ารำแบบหนึ่ง โดยมือข้างหนึ่งจีบหงาย ระดับแง่ศีรษะ มืออีกข้างหนึ่งตั้งวง แขนตึง ระดับไหล่ เอียงศีรษะข้างเดียวกับมือที่จีบ.
ขี่ม้าเลียบค่าย 0,น.,ชื่อท่ารำแบบหนึ่ง โดยมือข้างหนึ่งตั้งวง ระดับไหล่ มืออีกข้างหนึ่งจีบหงาย งอข้อศอก ระดับไหล่ เอียงศีรษะข้างเดียวกับมือที่จีบ.
ขี่ม้าส่งเมือง 0,น.,ชื่อการเล่นของเด็กอย่างหนึ่ง ฝ่ายแพ้ต้องให้ฝ่ายชนะขี่หลังไปส่งถึงที่ฝ่ายชนะ.
ขี้มิ่น 0,น.,ขมิ้น. (ดู ขมิ้น ๑).
ขี้มือ 0,น.,"เหงื่อไคลหรือสิ่งสกปรกที่ติดอยู่ตามมือทั้งที่มองเห็นและมองไม่เห็น, คราบหรือรอยเปื้อนที่ติดสิ่งใดสิ่งหนึ่งเนื่องจากถูกมือจับ เช่น เสื้อตัวนี้เพิ่งซักมาใหม่ ๆ จับกันหลายคนจนเปื้อนขี้มือดำไปหมดแล้ว."
ขี้มูก 0,น.,นํ้าเมือกที่ไหลออกทางจมูก.
ขี้เมฆ 0,น.,เมฆ.
ขี้เมา 0,น.,คนที่ชอบดื่มเหล้าและเมาเป็นประจำ.
ขี้เมาหยำเป 0,น.,คนที่ดื่มเหล้าเมาจนครองสติไม่อยู่เป็นประจำ.
ขี้แมลงวัน 0,น.,"จุดดำเล็ก ๆ ที่ขึ้นตามร่างกาย, ราชาศัพท์ว่า พระปิลกะ."
ขี้แมว 0,น.,ชื่อขนมประเภทผลไม้กวนของจีน เป็นก้อนกลม ๆ เล็ก ๆ ห่อกระดาษแก้ว เรียกว่า ขนมขี้แมว.
ขี้แมว 1,น.,ดูใน ขี้.
ขี้แมว 2,น.,ชื่อมะขามพันธุ์ฝักเล็ก. (ดู มะขาม).
ขี้โม้ 0,ก.,ชอบคุยโอ้อวดเกินจริง.
ขี้ไม่ให้หมากิน 0,ก.,"ขี้เหนียว, ตระหนี่เหนียวแน่น."
ขี้ยอก 0,น.,"ชื่อปลานํ้าจืดหลายชนิด ในสกุล Mystacoleucusวงศ์ Cyprinidae รูปร่างทั่วไปคล้ายปลาตะเพียน เว้นแต่มีหนามแข็งยื่นจากต้นครีบหลังออกไปข้างหน้า ขนาดยาวได้ถึง ๒๐ เซนติเมตร เช่น ชนิด Mystacoleucus marginatus (Valenciennes), M. atridorsalis Fowler, ชื่อนี้เรียกกันเฉพาะในเขตแม่นํ้าปิงเท่านั้น ในเขตแม่นํ้าน่านเรียก หนามไผ่, ปักษ์ใต้เรียก หญ้า."
ขี้ยา 0,น.,"กากของฝิ่นที่สูบแล้ว, คนติดฝิ่น, ขี้ฝิ่น ก็เรียก."
ขี้ยา 1,ว.,ติดฝิ่น.
ขี้แย 0,ว.,"มักร้องไห้บ่อย ๆ, ใจน้อย."
ขีระ 0,น.,นํ้านม.
ขี้รังแค 0,น.,"ขุยหนังหัว มีลักษณะเป็นผง ๆ สีขาว, ขี้ลม หรือ รังแค ก็เรียก."
ขี้ราดโทษล่อง 0,ก.,ทำผิดเอง แล้วกลับโทษผู้อื่น.
ขี้ริ้ว 0,น.,เรียกผ้าเก่าที่ใช้เช็ดถูเป็นต้น.
ขี้ริ้ว 1,ว.,"ไม่สวย, ไม่งาม, บางทีใช้เข้าคู่กับคำ ขี้เหร่ เป็น ขี้ริ้วขี้เหร่."
ขี้เรื้อน 0,น.,โรคผิวหนังของสุนัข เกิดจากไรสุนัขชอนไช ทำให้ผิวหนังพุพองและขนร่วง.
ขี้เรื้อน 1,ว.,ไม่มีคุณค่า เช่น คนขี้เรื้อน ของขี้เรื้อน.
ขี้แรด 0,น.,ต้นข่อยนํ้า. (ดู ข่อยนํ้า ที่ข่อย).
ขี้แรดล้อมปรวด 0,น.,"ชื่อต้นไม้ชนิดหนึ่งใช้ทำยา หรือเรียกว่า ขี้แรดล้อมปรวด, ตะโกขาว ก็เรียก."
ขี้ลม 0,น.,"ขุยหนังหัว มีลักษณะเป็นผง ๆ สีขาว, ขี้รังแค หรือ รังแค ก็เรียก."
ขี้ลม 1,น.,ดูใน ขี้.
ขี้ลม 2,น.,ชื่อผักที่ขึ้นปกคลุมตามต้นไม้ชายทะเล มีสีเหลืองคล้ายฝอยทอง.
ขี้ลอก 0,น.,ดินที่ลอกขึ้นมาจากท้องร่อง.
ขี้ลีบ 0,น.,ข้าวลีบ เช่น ชาวนาคัดเอาขี้ลีบออก.
ขี้เล่น 0,ก.,"ชอบสนุกสนานและชอบกระเซ้าเย้าแหย่ เช่น ถ้าเขาไปเที่ยวด้วย พวกเราจะไม่รู้สึกเหงา เพราะเขาเป็นคนขี้เล่น, มีอารมณ์ดีไม่งอแง (มักใช้แก่เด็กเล็ก ๆ) เช่น ตาหนูคนนี้ขี้เล่น"
ขี้เล่น 1,ก.,ปล่อยตัวจนเกินพอดี (ใช้แก่ผู้หญิง) เช่น ผู้หญิงคนนี้ขี้เล่นไม่ไว้ตัวเลย.
ขี้เล็บ 0,ว.,ใช้เปรียบของที่เล็กน้อย.
ขี้เลื่อย 0,น.,เศษไม้ที่ออกมาจากการเลื่อยไม้.
ขี้โล้ 0,น.,เรียกน้ำมันที่เป็นขี้ตะกอน ว่า น้ำมันขี้โล้
ขี้โล้ 1,น.,กะทิที่เคี่ยวจนเป็นน้ำมันใช้ทำอาหารบางอย่าง.
ขี้สูด 0,น.,ชันโรง. (ดู ชันโรง).
ขี้หดตดหาย 0,น.,ใช้เป็นสำนวนประกอบคำ กลัว ว่า กลัวจนขี้หดตดหาย หมายความว่า กลัวมาก.
ขี้หนอน 0,น.,ชื่อไม้ต้นขนาดกลางชนิด Zollingeria dongnaiensis Pierre ในวงศ์ Sapindaceae ขึ้นตามป่าโปร่งที่ตํ่า ผลมี ๓ ครีบ.
ขี้หนอน 1,น.,ชื่อไม้ต้นขนาดเล็กชนิด Scleropyrum pentandrums (Dennst.) Mabb. ในวงศ์ Santalaceae ลำต้นมีหนามแข็ง ใบอ่อนและดอกเป็นพิษอย่างแรง.
ขี้หนอน 2,น.,"ชื่อไม้ต้นขนาดกลางชนิด Chaetocarpus castanocarpus (Roxb.) Thwaites ในวงศ์ Euphorbiaceae ขึ้นตามป่าดิบทั่วไป ผลมีหนามละเอียดโดยรอบ, ขี้หนอน ก็เรียก."
ขี้หน้า 0,น.,หน้า (ใช้แสดงความไม่ชอบหรือรังเกียจ) เช่น เกลียดขี้หน้า เบื่อขี้หน้า.
ขี้หน้า 1,น.,หน้า (ใช้ในความหมั่นไส้ รังเกียจ หรือดูหมิ่น) เช่น เกลียดขี้หน้า ขายขี้หน้า.
ขี้หนู 0,น.,"ชื่อพริกชนิด Capsicum frutescens L. ในวงศ์ Solanaceae เม็ดเล็ก, พริกแกว ก็เรียก."
ขี้หนู 1,น.,ชื่อไม้ล้มลุกชนิด Plectranthus rotundifolius (Poir.) Spreng. ในวงศ์ Labiatae หัวกินได้ เรียกว่า มันขี้หนู.
ขี้หนู 2,น.,ชื่อขนมชนิดหนึ่ง ทำจากแป้งข้าวเจ้าโม่ทับน้ำ ยีให้ร่วนแล้วนึ่งให้สุก ใส่น้ำเชื่อม เคล้าให้ฟูเป็นเม็ดเล็ก ๆ คล้ายเม็ดทราย โรยด้วยมะพร้าวทึนทึกขูด.
ขี้หมา 0,น.,"ก้อนขี้หมา, หัวขี้หมา ก็เรียก. (ดู ก้อนขี้หมา ที่ ก้อน)."
ขี้หมา 1,ว.,"ไม่มีคุณค่า, ไร้สาระ, เช่น เรื่องขี้หมา ของขี้หมา."
ขี้หมูขี้หมา 0,ว.,"ไร้สาระ, ไม่สำคัญ, ไม่มีค่า, ไม่มีราคา."
ขี้หมูราขี้หมาแห้ง 0,ว.,"ไร้สาระ, ไร้ประโยชน์, เช่น เรื่องขี้หมูราขี้หมาแห้ง."
ขี้เหนียว 0,ว.,"ตระหนี่, ขี้ตืด ก็ว่า."
ขี้เหร่ 0,ว.,"ไม่สวย, ไม่งาม, บางทีใช้เข้าคู่กับคำ ขี้ริ้ว เป็น ขี้ริ้วขี้เหร่."
ขี้เหล็ก 0,น.,ชื่อไม้ต้นขนาดกลางถึงขนาดใหญ่ชนิด Senna siamea (Lam.) Irwin et Barneby ในวงศ์ Leguminosae มักขึ้นตามริมนํ้าหรือป่าชื้น ดอกสีเหลืองดกเป็นช่อใหญ่ เนื้อไม้สีนํ้าตาลแก่หรือบางทีเกือบดำ มีลายเป็นเส้นสีแก่หรือสีอ่อนกว่าพื้น แข็ง เหนียว และหนักมาก ใช้ทำเครื่องเรือนและเครื่องใช้ต่าง ๆ ใบอ่อนและดอกกินได้.
ขี้ใหม่หมาหอม 0,ก.,เห่อของใหม่.
ขี้อ้น 0,น.,ชื่อไม้พุ่มหลายชนิดในสกุล Helicteres วงศ์ Sterculiaceae ลูกเป็นขน ๆ.
ขี้อ้น 1,น.,"ชื่อไม้ล้มลุกชนิด Xanthium indicum K. Koenig ex Roxb. ในวงศ์ Compositae มักขึ้นเป็นวัชพืชในทุ่งนาและริมนํ้า ลำต้นและใบคาย ใบมนเว้า ขอบจัก โคนใบแหลม ดอกเล็กรวมเป็นกระจุกแน่น ผลรี ยาวประมาณ ๑ เซนติเมตร มีหนามปลายงอทั่วทั้งผล รากหอมอ่อน ๆ ใช้อบผ้าได้ บางส่วนของไม้นี้ใช้เป็นยาได้ แต่ทั้งต้นเป็นพิษต่อปศุสัตว์, ขี้ครอก หรือ ขี้อ้น ก็เรียก."
ขี้อ้าย 0,น.,"ชื่อไม้ต้นขนาดกลางชนิด Terminalia tripteraStapf ในวงศ์ Combretaceae เปลือกชั้นในสีแสด รสฝาด ใช้เคี้ยวกับหมาก, กำจาย ก็เรียก, จันทบุรีเรียก หอมกราย."
ขี้อ้าย 1,น.,"ชื่อไม้ต้น ๓ ชนิดในสกุล Walsura วงศ์ Meliaceae คือ ชนิด W. robusta Roxb., W. trichostemon Miq. และ W. villosa Wall."
ขึง 0,ก.,"ทำให้ตึง เช่น ขึงเชือก ขึงจอภาพยนตร์, ผูกสิ่งเป็นเส้นให้ยาวเหยียดออกไปเป็นราว เช่น ขึงราว, โดยปริยายหมายถึงอาการคล้ายคลึงเช่นนั้น เช่น หน้าขึง."
ขึ้ง 0,ก.,"แค้น, เคือง, โกรธ, มักใช้เข้าคู่กับคำอื่น เช่น โกรธขึ้ง ขึ้งโกรธ ขึ้งเคียด."
ขึ้งโกรธ 0,ก.,"โกรธเอาจริงเอาจัง, โกรธมาก, โกรธขึ้ง ก็ว่า."
ขึงขัง 0,ว.,"ผึ่งผาย, เอาจริงเอาจัง, แข็งแรง."
ขึ้งเคียด 0,ก.,โกรธอย่างชิงชัง.
ขึงตา 0,ก.,จ้องดูอย่างเขม็งด้วยอาการโกรธ หรือด้วยประสงค์จะห้าม.
ขึงพืด 0,ก.,จับให้นอนเหยียดยาวกางแขนกางขา.
ขึงอูด 0,ก.,นอนหงายเหยียดตรง แล้วใช้ผ้าที่ขมวดปมหัวท้ายคลุมศีรษะด้านหนึ่ง อีกด้านหนึ่งใช้ปลายเท้ายันผ้าให้ตึงเพื่อกันยุงเป็นต้น.
ขึ้น 0,ก.,"ไปสู่เบื้องบน เบื้องสูง หรือเบื้องหน้า, ไปสู่เบื้องที่ถือว่าตรงข้ามกับลง"
ขึ้น 1,ก.,เขยิบชั้นหรือตำแหน่งฐานะสูงขึ้นไปกว่าเดิม เช่น จบชั้นประถม ขึ้นชั้นมัธยม มีฝีมือขึ้นชั้นครู
ขึ้น 2,ก.,เพิ่มหรือทำให้เพิ่ม เช่น ขึ้นราคา ขึ้นภาษี ขึ้นค่าตัว ราคาขึ้น ภาษีขึ้น
ขึ้น 3,ก.,เริ่ม เช่น ขึ้นหนุ่ม ขึ้นบรรทัดใหม่
ขึ้น 4,ก.,เอาเข้าไว้เป็นหลักฐาน เช่น ขึ้นทะเบียน ขึ้นทำเนียบ
ขึ้น 5,ก.,"เกิด, มี, เช่น ฝีขึ้น สนิมขึ้น"
ขึ้น 6,ก.,"นิยมนับถือ, เลื่อมใส, เช่น อาจารย์คนนี้มีคนขึ้นมาก"
ขึ้น 7,ก.,อยู่ในสังกัด เช่น กรมศิลปากรขึ้นกับกระทรวงวัฒนธรรม
ขึ้น 8,ก.,อืดพอง เช่น ศพขึ้น ท้องขึ้น
ขึ้น 9,ก.,ฟู เช่น แป้งขนมตาลขึ้น
ขึ้น 10,ก.,แรกปรากฏจากขอบฟ้า เช่น ตะวันขึ้น
ขึ้น 11,ก.,งอก เช่น ต้นไม้ขึ้น
ขึ้น 12,ก.,มีโชค จะทำอะไรก็ประสบผล เช่น มือขึ้น ชะตาขึ้น
ขึ้น 13,ก.,ก่ง เช่น ขึ้นธนู
ขึ้น 14,ก.,ขึง เช่น ขึ้นกลอง ขึ้นฆ้อง
ขึ้น 15,ก.,เริ่มเดินหมากตัวนั้น ๆ เป็นครั้งแรก ใช้ในการเล่นหมากรุกเป็นต้น เช่น ขึ้นขุน ขึ้นโคน
ขึ้น 16,ก.,ทำให้เป็นรูปร่าง เช่น ขึ้นรูป ขึ้นกระบุง
ขึ้น 17,ก.,เอาเช็คเป็นต้นไปขอรับเป็นตัวเงินจากธนาคาร เรียกว่า ขึ้นเงิน
ขึ้น 18,ก.,เอาเข้าเก็บไว้ เช่น ขึ้นคลัง
ขึ้น 19,ก.,แล่นไปตามทางจากใต้ไปเหนือ เช่น รถขึ้น ขาขึ้น.
ขึ้น 20,น.,ข้างขึ้น เช่น ขึ้นคํ่าหนึ่ง ขึ้น ๒ คํ่า.
ขึ้น 21,ว.,ใช้ประกอบคำอื่นเพื่อเน้นความให้เด่นหรือให้ชัดแจ้งกว่าเดิม เช่น เกิดขึ้น เป็นขึ้น สวยขึ้น สูงขึ้น
ขึ้น 22,ว.,เป็นคำประกอบท้าย หมายความว่า มากกว่าเดิม เช่น ดีขึ้น เร็วขึ้น อ้วนขึ้น
ขึ้น 23,ว.,เป็นไปตามคำที่ยอหรือยุเป็นต้น เช่น ยกขึ้น ยุขึ้น หนุนขึ้น
ขึ้น 24,ว.,ดูสวยกว่าตัวจริง เช่น แต่งตัวขึ้น ถ่ายรูปขึ้น
ขึ้น 25,ว.,"มีเหตุผลสมควร เช่น ฟังขึ้น, ถ้าใช้ในความปฏิเสธ เช่น เถียงไม่ขึ้น หมายความว่า เถียงไม่ชนะ."
ขึ้น ๆ ล่อง ๆ 0,ก.,เดินทางไป ๆ มา ๆ.
ขึ้นกล้อง 0,ก.,ถ่ายรูปออกมาดูสวยกว่าตัวจริง.
ขึ้นเขาลงห้วย 0,ก.,ลำบากสมบุกสมบัน เช่น ชีวิตของฉันไม่ได้สะดวกสบาย ต้องขึ้นเขาลงห้วยมาตลอด
ขึ้นเขาลงห้วย 1,ก.,ไป (ใช้ในความประชด) เช่น จะขึ้นเขาลงห้วยที่ไหนก็ไป ฉันไม่สนใจแล้ว.
ขึ้นเขียง 0,ก.,ตกอยู่ในภาวะที่แทบไม่มีทางจะต่อสู้หรือเอาชนะหรือหลีกเลี่ยงได้เลย.
ขึ้นครู 0,ก.,ทำพิธีคำนับครูที่ประสาทวิชาให้เมื่อแรกเรียน
ขึ้นครู 1,ก.,มีเพศสัมพันธ์กับโสเภณีเป็นครั้งแรกโดยมีผู้พาไป.
ขึ้นคอ 0,ก.,เอามาห้อยคอด้วยความนับถือ เช่น พระสมเด็จองค์นี้ขึ้นคอได้.
ขึ้นคาน 0,ก.,มีฝีมือในทางใดทางหนึ่งจนไม่มีคู่แข่งขัน
ขึ้นคาน 1,ก.,โดยปริยายหมายถึงหญิงโสดที่มีอายุแต่ยังไม่มีสามี.
ขึ้นเงา 0,ว.,เป็นมันวาว เช่น ขัดรองเท้าให้ขึ้นเงา.
ขึ้นใจ 0,ก.,"เจนใจ, จำได้แม่นยำ."
ขึ้นฉ่าย 0,น.,ชื่อไม้ล้มลุกชนิด Apium graveolens L. ในวงศ์ Umbelliferae ใบคล้ายผักชีแต่โตกว่า กลิ่นฉุน เป็นพรรณไม้ที่นำเข้ามาปลูกเพื่อเป็นอาหาร.
ขึ้นช่อ 0,ก.,ขึ้นดินบนแป้นปั้นหม้อให้เป็นรูปทรงกระบอกสำหรับปั้นหม้อ.
ขึ้นชื่อ 0,ก.,"ลือชื่อ, เอ่ยถึงบ่อย ๆ"
ขึ้นชื่อ 1,ก.,ยกขึ้นมาอ้าง เช่น อย่ามาขึ้นชื่อฉัน.
ขึ้นชื่อว่า 0,*ว.,ใช้เป็นคำประกอบหน้านามที่เป็นประธานหรือใช้ขึ้นต้นข้อความ เช่น ขึ้นชื่อว่าคนพาลละก็ต้องหลีกให้ห่างไกล.
ขึ้นซัง 0,ก.,"เข้าอยู่ในที่ซึ่งไม่มีใครจะทำอันตรายได้แล้ว, นั่งซัง ก็ว่า."
ขึ้นต้นไม้สุดยอด 0,ก.,ขึ้นถึงตำแหน่งสูงสุดแล้ว.
ขึ้นโต๊ะ 0,ว.,"เรียกลักษณะของสิ่งที่ดีมีราคา, (ปาก) เรียกลักษณะของสิ่งที่ไม่มีราคาแต่ยกย่องให้เป็นสิ่งที่มีราคา."
ขึ้นทน 0,น.,ขั้นตอนหนึ่งในการหล่อโลหะ โดยยกหุ่นขี้ผึ้งที่เข้าดินเป็นพิมพ์สำเร็จแล้วขึ้นตั้งบนฐานอิฐที่วางซ้อนเป็นรูปสี่เหลี่ยม โดยกลับเอาหัวของหุ่นไว้ข้างล่าง ปักท่อนเหล็กค้ำยันตัวพิมพ์ที่พอกหุ่นให้ตั้งตรงและมั่นคง.
ขึ้นทะเบียน 0,ก.,เอาเข้าไว้ในทะเบียน เช่น ขึ้นทะเบียนนักศึกษา ขึ้นทะเบียนโบราณสถาน.
ขึ้นทะเบียนทหาร 0,ก.,"แสดงตนเพื่อลงบัญชีทหารกองเกินเมื่อมีอายุย่างเข้า ๑๘ ปี, ผู้ที่ได้ลงบัญชีทหารกองเกินแล้ว ถือว่าเป็นทหารกองเกิน."
ขึ้นแท่น 0,ก.,พร้อมที่จะพิมพ์ (ใช้แก่หนังสือพิมพ์)
ขึ้นแท่น 1,ก.,โดยปริยายหมายความว่า ได้รับการยกย่องหรือได้รับแต่งตั้งในตำแหน่งที่สูง (ใช้ในความประชด) เช่น เขาขึ้นแท่นไปเป็นอธิบดีแล้วเลยเข้าพบยาก.
ขึ้นนวล 0,ก.,เกิดละอองสีขาวบนผิวผลไม้หรือใบไม้บางชนิดแสดงว่าแก่จัด เช่น ใบตองขึ้นนวล มะม่วงขึ้นนวล ฟักขึ้นนวล.
ขึ้นน้ำ 0,ก.,"โตตามน้ำที่สูงขึ้น, ใช้แก่ต้นข้าวหรือบัวสาย."
ขึ้นบ้านใหม่ 0,น.,งานฉลองการเข้าไปอยู่บ้านหลังใหม่.
ขึ้นปาก 0,ก.,"เจนปาก, คล่องปาก."
ขึ้นแป้น 0,ก.,ขึ้นรูปภาชนะที่ทำด้วยดินบนแป้นหมุน.
ขึ้นพรหม 0,น.,ท่ารำกระบี่กระบอง เพื่อแสดงความเคารพ เป็นท่าต่อจากท่าถวายบังคม มี ๒ แบบ คือ ขึ้นพรหมนั่ง และ ขึ้นพรหมยืน.
ขึ้นพลับพลา 0,น.,"ชื่อเพลงไทย อัตรา ๒ ชั้น หน้าทับปรบไก่, สามไม้นอก หรือ ขึ้นพลับพลานอก ก็เรียก."
ขึ้นพลับพลากลาง 0,น.,"ชื่อเพลงไทย อัตรา ๒ ชั้น หน้าทับปรบไก่, สามไม้กลาง ก็เรียก."
ขึ้นพลับพลานอก 0,น.,"ชื่อเพลงไทย อัตรา ๒ ชั้น หน้าทับปรบไก่, สามไม้นอก หรือ ขึ้นพลับพลานอก ก็เรียก."
ขึ้นพลับพลาใน 0,น.,"ชื่อเพลงไทย อัตรา ๒ ชั้น หน้าทับปรบไก่, สามไม้ใน ก็เรียก."
ขึ้นมึงขึ้นกู 0,ก.,ด่าทอด้วยอารมณ์โกรธโดยใช้สรรพนามว่า มึงกู.
ขึ้นไม้ขึ้นมือ 0,ก.,ชี้หน้าในเวลาโกรธ เช่น มาขึ้นไม้ขึ้นมืออยู่หรบหรบ (ขุนช้างขุนแผน).
ขึ้นระวาง 0,ก.,"เข้าทำเนียบ, เข้าประจำการ, (ใช้แก่พาหนะของหลวง คือ ม้า ช้าง รถ และเรือ)."
ขึ้นร้าน 0,น.,วิธีนับคะแนนในการเล่นหมากเก็บ โดยเอาตัวหมากทั้งหมดวางบนหลังมือ กระดกมือให้หมากลอยขึ้นแล้วหงายมือรับอย่างรวดเร็ว.
ขึ้นโรงขึ้นศาล 0,ก.,ฟ้องเป็นคดีความที่ศาลยุติธรรม.
ขึ้นสนิม 0,ก.,"ฝืด, ไม่คล่อง, เช่น ความรู้ขึ้นสนิมหมดแล้ว."
ขึ้นสมอง 0,ก.,นิยมมาก เช่น เขาชอบกีฬาจนขึ้นสมอง.
ขึ้นสมุด 0,ก.,เริ่มการใช้สมุดเขียนอ่าน หลังจากฝึกเขียนอ่านบนกระดานชนวนมาแล้ว.
ขึ้นสาย 0,ก.,เทียบเสียงเครื่องดนตรีที่มีสาย.
ขึ้นเสียง 0,ก.,ออกเสียงดังด้วยความโกรธ
ขึ้นเสียง 1,ก.,เทียบเสียงเครื่องดนตรีประเภทเครื่องสาย.
ขึ้นหน้าขึ้นตา 0,ก.,"มีชื่อเสียง, เด่น."
ขึ้นหม้อ 0,น.,เรียกข้าวที่หุงแล้วพองตัวมากกว่าข้าวธรรมดา ว่า ข้าวขึ้นหม้อ.
ขึ้นหม้อ 1,ว.,"โดยปริยายหมายความว่า มีผลประโยชน์รวดเร็วมากผิดปรกติ, โดดเด่น, เป็นที่โปรดปราน, โชคดี."
ขึ้นห้อง 0,ก.,ไปหลับนอนกับโสเภณี.
ขึ้นหา 0,ก.,ลอบขึ้นห้องหญิงเพื่อการชู้สาว.
ขึ้นหิ้ง 0,ก.,เก็บไว้โดยไม่ได้ใช้ประโยชน์
ขึ้นหิ้ง 1,ก.,ขึ้นคาน.
ขึ้นเหนือล่องใต้ 0,ก.,เดินทางไกลไปยังที่ต่าง ๆ โดยมักไปเป็นประจำ.
ขืน 0,ก.,ยั้งไว้หรือบังคับไว้ไม่ให้เป็นไปตาม เช่น ขืนตัว ขืนเรือ
ขืน 1,ก.,"ไม่ควรทำแต่ยังกล้าทำ เช่น ขืนกิน ขืนสู้, ไม่ยอมทำตาม เช่น ขืนคำสั่ง."
ขื่น 0,ว.,รสฝาดเฝื่อนชวนให้คลื่นไส้ ไม่ชวนกิน
ขื่น 1,ว.,ฉุน.
ขื่น 2,น.,มะเขือขื่น. (ดู มะเขือ).
ขื่นขม 0,ก.,"รู้สึกชํ้าใจแต่ฝืนไว้ เพราะไม่สามารถแสดงออกมาได้, ขมขื่น ก็ใช้."
ขืนใจ 0,ก.,บังคับให้ยอมทำตาม เช่น ขืนใจเด็กให้กินยา
ขืนใจ 1,ก.,ข่มขืน.
ขื่อ 0,น.,ชื่อไม้เครื่องบนสำหรับยึดหัวเสาด้านขวาง
ขื่อ 1,น.,เครื่องจองจำนักโทษ ทำด้วยไม้มีช่องสำหรับสอดมือหรือเท้าแล้วมีลิ่มตอกกำกับกันขื่อหลุด
ขื่อ 2,น.,เรียกกระดูกเชิงกรานที่ขวางอยู่ด้านหน้า.
ขื่อกะละปังหา 0,น.,ขื่อด้านสกัดหัวท้ายสำหรับรับหน้าจั่วและติดกลอนปีกนก.
ขื่อขวาง 0,น.,ขื่อที่ ๒ อยู่ใต้ขื่อเดิม อยู่ในพวกเครื่องเรือน.
ขื่อคัด 0,น.,ขื่อที่ ๒ อยู่ใต้ขื่อเดิม อยู่ในพวกเครื่องเรือน.
ขื่อจมูก 0,น.,แกนกลางระหว่างช่องจมูก.
ขื่อเท่าต่อ 0,ก.,รู้เท่าทันกัน.
ขื่อผี 0,น.,"ชื่อกำไลที่ทำด้วยเงินหรือทองเกลี้ยง ๆ หัวท้ายรีดเป็นลวด ทำเป็นห่วงสอดไขว้กันเพื่อรูดเข้าออกได้, กำไลคู่ผี ก็เรียก."
ขื่อมุก 0,น.,แกนเปลือกที่อยู่ในตัวหอยจำพวกหอยสังข์ใช้ทำด้ามทัพพีเป็นต้น.
ขื่อหมู่ 0,น.,ขื่อไม่น้อยกว่า ๒ ตัว เจาะฝังเข้าไปในเสาร่วมในซึ่งเป็นมุมแล้วทอดไปหาเสาหรือผนังของระเบียงคล้ายเต้าที่รับเชิงกลอน.
ขุก 0,ว.,"พลัน, ทันทีทันใด, เช่น ขุกเข็ญ ว่า เกิดความลำบากขึ้นทันที."
ขุก 1,ก.,"คิดขึ้นได้ทันที, เกิดขึ้นในปัจจุบันทันด่วน, เช่น อาวุธอย่าวางไกล ขุกคํ่า คืนแฮ (โลกนิติ)."
ขุก 2,ว.,"เสียงดังเช่นนั้นอย่างเสียงไอ, ขลุก หรือ ขลุก ๆ ก็ว่า."
ขุก ๆ 0,ว.,"เสียงดังเช่นนั้นอย่างเสียงไอ, ขลุก หรือ ขลุก ๆ ก็ว่า."
ขุด 0,ก.,"กิริยาที่สับ เจาะ แทง หรือ คุ้ยเอาดินหรือสิ่งที่อยู่ในดินขึ้น เช่น ขุดดิน ขุดศพ, อาการที่ขุดดินหรือสิ่งใดสิ่งหนึ่งให้มีรูปร่างตามที่ต้องการ เช่น ขุดหลุม"
ขุด 1,ก.,เรียกเรือชนิดที่ทำด้วยไม้ซุงทั้งต้นหรือทั้งท่อน ขุดด้านบนให้เป็นรางแล้วเบิกปากออกให้กว้าง ถากหัวและท้ายเรือให้เรียวเชิดขึ้นตามส่วน ว่า เรือขุด
ขุด 2,ก.,"โดยปริยายหมายถึงอาการที่คล้ายคลึงเช่นนั้น เช่น ขุดเรื่องเก่า ๆ ขึ้นมาพูด, ขุดคุ้ย หรือ คุ้ยเขี่ย ก็ว่า."
ขุดคุ้ย 0,ก.,"ค้นเอาเรื่องเก่าขึ้นมาเปิดเผย, ขุด หรือ คุ้ยเขี่ย ก็ว่า."
ขุดด้วยปากถากด้วยตา 0,ก.,แสดงอาการเหยียดหยามทั้งด้วยวาจาและสายตา.
ขุดดินกินหญ้า 0,ก.,ทำงานกระท้อมกระแท้มพอเลี้ยงตัวไปวันหนึ่ง ๆ เช่นทำไร่เล็ก ๆ น้อย ๆ.
ขุดบ่อล่อปลา 0,ก.,ทำกลอุบายเพื่อให้ฝ่ายหนึ่งหลงเชื่อโดยหวังประโยชน์จากอีกฝ่ายหนึ่ง.
ขุทกนิกาย 0,น.,ชื่อคัมภีร์นิกายที่ ๕ แห่งพระสุตตันตปิฎก แปลว่า หมวดเล็กน้อย รวบรวมข้อธรรมะที่ไม่อยู่ใน ๔ นิกายข้างต้น มี ๑๕ เรื่อง ซึ่งมีธรรมบทและชาดก รวมอยู่ในคัมภีร์นี้ด้วย.
ขุ่น 0,ว.,มีลักษณะมัว ไม่ใส ไม่ชัดเจน.
ขุน 0,น.,"ผู้เป็นใหญ่, หัวหน้า, บรรดาศักดิ์ข้าราชการรองจากหลวงลงมา เช่น ขุนวิจิตรมาตรา"
ขุน 1,น.,เรียกหมากรุกตัวสำคัญที่สุด.
ขุน 2,ว.,ใหญ่ เช่น ขุนเขา.
ขุน 3,ก.,"ให้อาหารแก่สัตว์เลี้ยง, โดยปริยายหมายถึงเลี้ยงดูอย่างดี."
ขุนการ 0,น.,เจ้าหน้าที่รับจดคำฟ้อง เช่น หญิงชายทำหนังสือร้องฟ้องนั้น มีชื่อหลายคน พึงให้ขุนการเอามาจนถ้วนคน อนึ่ง ถ้าความนั้นข้องขัดจะพิพากษาบังคับบัญชายากไซร้ให้ขุนกาลชุมนุมจตุสดมให้ช่วยว่า (สามดวง).
ขุนกาล 0,น.,เจ้าหน้าที่รับจดคำฟ้อง เช่น หญิงชายทำหนังสือร้องฟ้องนั้น มีชื่อหลายคน พึงให้ขุนการเอามาจนถ้วนคน อนึ่ง ถ้าความนั้นข้องขัดจะพิพากษาบังคับบัญชายากไซร้ให้ขุนกาลชุมนุมจตุสดมให้ช่วยว่า (สามดวง).
ขุ่นข้องหมองใจ 0,ก.,ผิดใจกัน.
ขุ่นเคือง 0,ก.,"โกรธกรุ่น ๆ อยู่ในใจ, เคืองขุ่น ก็ว่า."
ขุ่นแค้น 0,ก.,โกรธอย่างเจ็บใจ.
ขุ่นใจ 0,ก.,"หมองใจ, ไม่พอใจ, ขัดเคืองกัน."
ขุนทอง 0,น.,"ชื่อนกขนาดกลางชนิด Gracula religiosa Linn. ในวงศ์ Sturnidae ปากสีส้ม ที่ท้ายทอยและหางตาทั้ง ๒ ข้างมีแผ่นเนื้อสีเหลือง ขนลำตัวสีดำเลื่อมเป็นมัน ที่ปีกมีขนสีขาวแซม ตีนสีเหลืองจัด ร้องเลียนเสียงคนหรือเสียงอื่น ๆ บางอย่างได้ ในประเทศไทยมี ๒ ชนิดย่อย คือ ขุนทองเหนือ ( G. r. intermediaHay) แผ่นเนื้อต่อเนื่องกัน และขุนทองใต้หรือขุนทองควาย ( G. r. religiosa Linn.) ซึ่งมีขนาดใหญ่กว่าชนิดย่อยแรก และแผ่นเนื้อไม่ต่อเนื่องกัน, พายัพเรียก เอี้ยงคำ."
ขุนนาง 0,น.,"ลูกขุน, ข้าราชการฝ่ายทหารและพลเรือน แบ่งเป็นข้าราชการชั้นผู้ใหญ่มีศักดินาตั้งแต่ ๔๐๐ ขึ้นไป และข้าราชการชั้นผู้น้อยมีศักดินาต่ำกว่า ๔๐๐."
ขุนนางใช่พ่อแม่ หินแง่ใช่ตายาย 0,*สำ.,"ถ้าไม่ใช่ พ่อ แม่ ปู่ ย่า ตา ยายของตน ก็ไม่ควรไว้วางใจใคร, ทำนองเดียวกับภาษิตที่ว่า อย่าไว้ใจทาง อย่าวางใจคน จะจนใจเอง."
ขุนน้ำ 0,น.,สายนํ้าที่ไหลจากยอดเขา.
ขุนน้ำขุนนาง 0,น.,ขุนนาง.
ขุนบาล 0,น.,"บุคคลที่ได้รับอนุญาตผูกอากรที่เป็นรายได้จากการพนันประเภทหวย เพื่อส่งรายได้ให้แก่รัฐ, มาจากทินนามเต็มว่า ขุนบาลเบิกบุรีรัตน์."
ขุนแผน 0,น.,พรหมธาดา.
ขุนแผน 1,น.,ดูใน ขุน ๑.
ขุนแผน 2,น.,ชื่อนกขนาดกลางชนิด Urocissa erythrorhyncha (Boddaert) วงศ์ย่อย Corvinae ในวงศ์ Corvidae ปากสีแดง หัวและคอสีดำ ลำตัวสีฟ้าอมเทา หางยาว กินผลไม้และสัตว์เล็ก ๆ.
ขุนแผน 3,น.,ชื่อนกหลายชนิด ในสกุล Harpactesวงศ์ Trogonidae ปากกว้าง ปีกสั้น ปลายปีกมน ขาสั้น หางยาว ปลายหางตัด มีหลายสี เช่น สีแดง เหลือง ดำ เช่น ขุนแผนหัวดำ [ H. diardii (Temminck)] ขุนแผนอกสีส้ม [ H. oreskios (Temminck)].
ขุนพล 0,น.,แม่ทัพ.
ขุนพัฒน์ 0,น.,"บุคคลที่ได้รับอนุญาตผูกขาดอากรการพนัน เพื่อส่งรายได้ให้แก่รัฐ, มาจากทินนามที่มีคำขึ้นต้นว่า พัฒน เช่น ขุนพัฒนสมบัติ ขุนพัฒนาภิรมย์."
ขุนเพ็ด 0,น.,"ไม้เหลาอย่างรูปของลับชายขนาดต่าง ๆ ใช้เป็นของแก้บนตามศาลเจ้าแม่, ปลัดขิก ทองระอา หรือ ดอกไม้เจ้า ก็เรียก, ราชาศัพท์ว่า ทองพระขุน."
ขุ่นมัว 0,ว.,ไม่แจ่มใส.
ขุนไม่ขึ้น 0,ว.,เลี้ยงไม่เชื่อง มีแต่เนรคุณ.
ขุนไม่เชื่อง 0,ว.,เลี้ยงไม่เชื่อง มีแต่เนรคุณ.
ขุนโรง 0,น.,"ข้าราชการฝ่ายยุติธรรมผู้เป็นหัวหน้าในศาลหัวเมืองต่าง ๆ, ใช้เป็นสำนวนว่า ขุนโรงขุนศาล."
ขุนศาล 0,น.,"ข้าราชการฝ่ายยุติธรรมตำแหน่งปลัดนั่งศาลหรือราชปลัดนั่งศาลต่าง ๆ ในราชธานี อาทิ กรมกลาโหมมีขุนประชาเสพราชปลัดนั่งศาลอาชญานอก กรมวังมีขุนอินอาญาปลัดนั่งศาลอาชญาวัง, ใช้เป็นสำนวนว่า ขุนโรงขุนศาล เช่น กฎให้แก่ขุนโรงขุนศาลผู้พิจารณาเนื้อความทุกหมู่ทุกกรมในกรุงนอกกรุงจงทั่ว (สามดวง), ขุนสาน หรือ ขุนสาร ก็ว่า."
ขุนศึก 0,น.,แม่ทัพผู้มีความสามารถในการรบ.
ขุ่นหมอง 0,ว.,ไม่ผ่องใส.
ขุนหมื่น 0,น.,ข้าราชการผู้น้อยชั้นประทวนซึ่งเสนาบดีแต่งตั้งให้เป็นขุนบ้างเป็นหมื่นบ้าง มีศักดินาต่ำกว่า ๔๐๐.
ขุนหลวง 0,น.,คำเรียกพระเจ้าแผ่นดิน เช่น ขุนหลวงพะงั่ว ขุนหลวงหาวัด ขุนหลวงตาก ภายหลังใช้เป็นบรรดาศักดิ์ของขุนนางด้วย เช่น ขุนหลวงพระไกรศรี.
ขุม 0,น.,"หลุม, ใช้ในบางลักษณะ เช่น ขุมขน ขุมนรก"
ขุม 1,น.,แหล่งที่เกิดที่เก็บ เช่น ขุมทรัพย์
ขุม 2,น.,ลักษณนามใช้เรียกหน่วยที่ต่อรองกันในการพนันคราวหนึ่ง ๆ เช่น ๕ เอา ๑ เป็นหน่วยหนึ่ง เรียกว่า ขุมหนึ่ง.
ขุย 0,น.,ผงที่เกิดจากเนื้อของสิ่งใดสิ่งหนึ่ง ติดอยู่ที่เนื้อนั้นเอง หรือหลุดออกมากองอยู่เป็นกลุ่ม ๆ เช่น ผิวหนังเป็นขุย ขุยกระดาษ ขุยมด.
ขุยไผ่ 0,น.,เมล็ดไผ่ที่ตกลงมากองอยู่ที่กอไผ่.
ขุยอินทรีย์ 0,น.,อินทรียวัตถุที่สลายตัวปะปนอยู่ในดิน ทำให้ดินอุดมสมบูรณ์.
ขู 0,ว.,มาก.
ขู่ 0,ก.,แสดงอาการให้อีกฝ่ายหนึ่งเกรงกลัว เช่น ผู้ใหญ่ขู่เด็ก งูขู่ฟ่อ ๆ.
ขู่กรรโชก 0,ก.,ทำให้กลัวโดยแสดงกิริยาอาการจะทำร้าย.
ขู่ขวัญ 0,ก.,"ทำให้หวาดกลัว, ทำให้เสียขวัญ."
ขู่เข็ญ 0,ก.,ทำให้กลัวโดยบังคับ
ขู่เข็ญ 1,ก.,แสดงกิริยาหรือวาจาให้ผู้อื่นต้องกลัวว่าจะเป็นอันตรายต่อชีวิต ร่างกาย เสรีภาพ ชื่อเสียง หรือทรัพย์สินของผู้นั้น หรือของบุคคลที่สาม.
ขูด 0,ก.,"เอาของมีคมเป็นต้นครูด เช่น เอาช้อนขูดมะพร้าว เอาเล็บขูดขี้ผึ้ง, ครูดสิ่งใดสิ่งหนึ่งกับของมีคม เช่น เอามะพร้าวไปขูดกับกระต่าย."
ขูดรีด 0,ก.,"แสวงหาประโยชน์โดยวิธีบีบบังคับเอา, แสวงหาประโยชน์โดยวิธีบีบบังคับให้จำยอม."
ขูดเลือด 0,ก.,เรียกเอาราคาหรือดอกเบี้ยเกินสมควร.
ขูดเลือดขูดเนื้อ 0,ก.,เรียกเอาราคาหรือดอกเบี้ยเกินสมควร.
เข้ 0,น.,จระเข้. (ดู จระเข้).
เข 0,ว.,เหล่น้อย (ใช้แก่ตา).
เข 1,น.,"ชื่อไม้พุ่มรอเลื้อยเนื้อแข็งชนิด Maclura cochinchinensis (Lour.) Corner ในวงศ์ Moraceae ขึ้นในป่าดิบ ต้นมีหนาม แก่นเหลืองใช้ย้อมผ้าและทำยา, กะแล หรือ เข ก็เรียก."
เขก 0,ก.,ใช้ด้านหลังของข้อนิ้วที่งอเข้าด้วยกันเคาะลงไป เช่น ใช้มะเหงกเขกหัว.
เข่ง 0,น.,ภาชนะสานอย่างหนึ่งมีรูปและขนาดต่าง ๆ เช่น เข่งลำไย เข่งปลาทู
เข่ง 1,น.,ชื่อขนมอย่างหนึ่ง ทำด้วยแป้งข้าวเหนียวกับนํ้าตาล ใส่กระทงวางในเข่งเล็ก ๆ นึ่งให้สุกเรียกว่า ขนมเข่ง.
เข็ง 0,น.,ปลาหมอ. (ดู หมอ ๓).
เขจร 0,ก.,"บินไป, เหาะไป."
เข็ญ 0,ว.,"ยาก, ยากจน, เช่น ลำบากแสนเข็ญ."
เข็ญใจ 0,ว.,ยากจนข้นแค้น.
เข็ด 0,น.,ลักษณนามเรียกด้ายหรือไหมหลาย ๆ ไจรวมกัน.
เข็ด 1,ก.,"กลัวจนไม่กล้าทำเช่นนั้นอีก เพราะเคยได้รับผลร้ายมาแล้ว, หลาบจำ, ไม่กล้าสู้, เช่นในคำว่า เข็ดข้อ เข็ดข้อเข็ดลำ เข็ดเขี้ยว."
เข็ดขยาด 0,ก.,กลัวมากจนไม่กล้าทำ.
เข็ดข้อ 0,ก.,ไม่กล้าสู้เพราะคร้ามข้อคร้ามลำ.
เข็ดข้อเข็ดลำ 0,ก.,ไม่กล้าสู้เพราะคร้ามข้อคร้ามลำ.
เข็ดขี้อ่อนขี้แก่ 0,ก.,หลาบจำไม่อยากหรือไม่กล้าทำอีก.
เข็ดเขี้ยว 0,ก.,ไม่กล้าสู้เพราะเคยต่อสู้กัน แล้วสู้ไม่ได้.
เข็ดฟัน 0,ก.,เสียวฟันเพราะกินของเปรี้ยว.
เขดา 0,น.,"กำเดา, ความร้อน, เช่น ชลเขดาเดือดดาลพอง (ม. คำหลวง ฉกษัตริย์)."
เขต 0,น.,"แดนที่กำหนดขีดคั่นไว้ เช่น เขตป่า เขตบ้าน, เวลาที่กำหนดขีดคั่นไว้ เช่น หมดเขตวันที่ ๑๕. (ป. เขตฺต)."
เขตแดน 0,น.,"พื้นที่ที่กำหนดขีดคั่นไว้, เส้นแบ่งพื้นที่ระหว่าง ๒ ประเทศ, อาณาเขต."
เขตติดโรค 0,น.,ท้องที่หนึ่งท้องที่ใด ในหรือนอกราชอาณาจักรที่มีโรคติดต่อเกิดขึ้น ตามที่รัฐมนตรีว่าการกระทรวงสาธารณสุขหรือผู้ว่าราชการจังหวัดประกาศกำหนด.
เขตประกอบการเสรี 0,น.,เขตพื้นที่ที่กำหนดไว้สำหรับการประกอบอุตสาหกรรม พาณิชยกรรม หรือกิจการอื่นที่เกี่ยวเนื่องกัน โดยของที่นำเข้าไปในเขตดังกล่าวจะได้รับสิทธิประโยชน์ทางภาษี อากร และค่าธรรมเนียมเป็นพิเศษ.
เขตปลอดอากร 0,น.,เขตพื้นที่ที่กำหนดไว้สำหรับการประกอบอุตสาหกรรม พาณิชยกรรม หรือกิจการอื่นที่เป็นประโยชน์แก่การเศรษฐกิจของประเทศ โดยของที่นำเข้าไปในเขตดังกล่าวจะได้รับสิทธิประโยชน์ทางอากรเป็นพิเศษ.
เขตเลือกตั้ง 0,น.,ท้องที่ที่กำหนดเป็นเขตสำหรับจัดให้มีการเลือกตั้งสมาชิกสภาที่ทำหน้าที่นิติบัญญัติหรือผู้บริหารท้องถิ่น.
เขตอำนาจศาล 0,น.,พื้นที่และอำนาจของศาลหรือผู้พิพากษาในการพิจารณาพิพากษาคดีตามที่กฎหมายบัญญัติ.
เขตอุตสาหกรรมทั่วไป 0,น.,เขตพื้นที่ที่กำหนดไว้สำหรับการประกอบอุตสาหกรรม การบริการ หรือกิจการอื่นที่เป็นประโยชน์หรือเกี่ยวเนื่องกัน.
เข่น 0,ก.,ทุบหรือตีอย่างแรงเพื่อให้แบนเป็นต้น เช่น เข่นมีด.
เข็น 0,ก.,"ดันสิ่งที่ติดขัดไม่อาจเคลื่อนไปได้โดยปรกติให้เคลื่อนไปบนพื้น เช่น เข็นเรือที่เกยตลิ่งให้ลงน้ำ เข็นเกวียนขึ้นจากหล่ม, ดันให้เคลื่อนที่ไปบนพื้น เช่น เข็นรถ, บรรทุกไปโดยใช้เกวียน เลื่อน หรือเรือ เป็นต้น เช่น เข็นข้าว เข็นไม้"
เข็น 1,ก.,โดยปริยายหมายความว่า เร่งรัดให้ดี เช่น เด็กคนนี้เข็นไม่ขึ้น.
เขน 0,น.,เครื่องปิดป้องศัสตราวุธ รูปกลมคล้ายกระทะ ทำด้วยโลหะ ด้านหลังมีห่วงสำหรับสอดแขนและมือจับ มักใช้คู่กับดาบหรือหอก.
เขน 1,น.,"เรียกตัวแสดงโขนพวกหนึ่งซึ่งเป็นพลรบ มีหน้าที่ออกเต้นในเวลายกทัพ ว่า พลเขน, เรียกอาการเต้นของพลเขน ว่า เต้นเขน."
เขน 2,ก.,"คลี่ (ขนหางนก), มักใช้เข้าคู่กับคำ กาง เป็น กางเขน."
เขน 3,น.,พระจันทร์.
เข่นเขี้ยว 0,ก.,"กัดฟันด้วยความโกรธ, มักใช้เข้าคู่กับคำ เคี้ยวฟัน เป็น เข่นเขี้ยวเคี้ยวฟัน."
เข็นครกขึ้นเขา 0,ก.,ทำงานที่ยากลำบากอย่างยิ่งโดยต้องใช้ความเพียรพยายามและอดทนอย่างมาก หรือบางทีก็เกินกำลังความสามารถหรือสติปัญญาของตน.
เข็นครกขึ้นภูเขา 0,ก.,ทำงานที่ยากลำบากอย่างยิ่งโดยต้องใช้ความเพียรพยายามและอดทนอย่างมาก หรือบางทีก็เกินกำลังความสามารถหรือสติปัญญาของตน.
เข่นฆ่า 0,ก.,ฆ่าด้วยความโกรธแค้น.
เขนง 0,น.,"เขาสัตว์, เขาวัวเขาควายที่ใช้เป่าบอกอาณัติสัญญาณ"
เขนง 1,น.,ภาชนะใส่ดินปืน เดิมใช้เขาสัตว์
เขนง 2,น.,ชื่อเพลงไทยอัตรา ๒ ชั้น หน้าทับปรบไก่
เขนง 3,น.,ชื่อเพลงไทยประเภทเพลงเถา.
เขนงนายพราน 0,น.,"ชื่อไม้เถาล้มลุกชนิด Nepenthes mirabilis (Lour.) Druce ในวงศ์ Nepenthaceae ชอบขึ้นตามพงหญ้าบนดินทรายที่ชุ่มแฉะ ปลายใบเปลี่ยนเป็นรูปคล้ายกระบอก มีฝาปิด ใช้ดักจับแมลง, กระดึงพระราม แล่งพระราม เหนงนายพราน หรือ ลึงค์นายพราน ก็เรียก."
เขน็ด 0,น.,"ฟางที่ทำเป็นเชือกมัดฟ่อนข้าว, ขะเน็ด ก็ว่า."
เข็นฝ้าย 0,ก.,ปั่นฝ้าย.
เขนย 0,น.,"หมอนหนุน, ราชาศัพท์ว่า พระเขนย."
เขบ็จขบวน 0,น.,"ท่าทาง, ระเบียบ, ชั้นเชิง, ท่วงที."
เขบ็ต 0,น.,เครื่องหมายกำหนดความสั้นยาวของตัวโน้ตและตัวหยุดชนิดหนึ่งในระบบดนตรีสากล เช่น เขบ็ตหนึ่งชั้น เขบ็ตสองชั้น เขบ็ตสามชั้น ตัวหยุดเขบ็ตหนึ่งชั้น ตัวหยุดเขบ็ตสองชั้น และตัวหยุดเขบ็ตสามชั้น.
เขม- 0,น.,"เกษม, ความสบายใจ, ความพ้นภัย."
เข้ม 0,ว.,แรงกล้า เช่น รสเข้ม เหล้าเข้ม
เข้ม 1,ว.,"แก่, จัด, (มักใช้แก่สีและรส) เช่น สีเข้ม."
เข็ม 0,น.,"เหล็กแหลมใช้เย็บผ้าเป็นต้นหรือกลัดสิ่งของ, ของอื่น ๆ ที่มีรูปร่างคล้ายเข็ม เช่น เข็มนาฬิกา เข็มฉีดยา"
เข็ม 1,น.,"ไม้ที่เสี้ยมให้แหลมหรือวัตถุอื่นที่มีลักษณะเช่นนั้นสำหรับฝังเป็นรากสิ่งก่อสร้างกันทรุด, เสาเข็ม ก็ว่า"
เข็ม 2,น.,เครื่องประดับสำหรับกลัดเป็นเครื่องหมาย เช่น เข็มข้าหลวงเดิม
เข็ม 3,น.,โดยปริยายหมายความว่า จุดมุ่งหมาย เช่น ตั้งเข็มชีวิต.
เข็ม 4,น.,"ชื่อไม้พุ่มหลายชนิดในสกุล I xoraวงศ์ Rubiaceae ดอกตูมมีลักษณะคล้ายเข็ม ดอกมี ๔ กลีบ สีต่าง ๆ เช่น เข็มพวงขาว (I . finlaysoniana Wall. ex G. Don) ดอกสีขาว กลิ่นหอม ใช้ทำยาได้, เข็มเศรษฐี (I . congesta Roxb.) ดอกสีแดง ออกเป็นช่อใหญ่."
เข็ม 5,น.,ชื่อปลานํ้าจืดขนาดเล็กชนิด Dermogenys pusillus van Hasselt ในวงศ์ Hemiramphidae ปากล่างยื่นยาวแหลม ลำตัวกลมเรียวยาวคล้ายเข็ม ขอบหางกลม ขนาดยาวได้ถึง ๘ เซนติเมตร ออกลูกเป็นตัว พบว่ายตามผิวนํ้าในแหล่งนํ้านิ่งทั่วไป.
เข็ม 6,น.,"ชื่อปลาผิวนํ้าทุกชนิด ในวงศ์ Belonidae และ Hemiramphidae ลำตัวกลมยาวคล้ายปลาเข็ม กระดูกปากทั้งตอนบนและล่างหรือเฉพาะตอนล่างยื่นยาวแหลม หางเป็นแฉก บ้างก็ตัดเฉียงลงมากน้อยหรือกลมแล้วแต่ชนิดหรือสกุล ส่วนใหญ่พบในเขตนํ้ากร่อยหรือชายทะเล เช่น ชนิดในสกุล Hemiramphus, Hyporhamphus, Rhynchorhamphus, Tylosurus, Strongyluraและ Zenarchopterusชนิดที่พบในทะเลห่างฝั่งและบริเวณรอบเกาะ คือ กระทุงเหวบั้ง [ Ablennes hians (Valenciennes)] ซึ่งมีชุกชุมที่สุด บางชนิดพบอาศัยอยู่ในนํ้าจืด เช่น กระทุงเหวเมือง [ Xenentodon cancila (Hamilton)] ขนาดยาวได้ถึง ๑.๒๕ เมตร, เข็ม ก็เรียก."
เข็มกลัด 0,น.,"เครื่องประดับสำหรับกลัดสไบและเสื้อเป็นต้น, เข็มซ่อนปลาย."
เข้มข้น 0,ว.,"เข้มมาก, เข้มจัด"
เข้มข้น 1,ว.,ดุเดือด.
เข็มขัด 0,น.,"เครื่องคาดเอวชนิดหนึ่ง, สายรัดเอว."
เข็มขัดนิรภัย 0,น.,เข็มขัดที่ติดอยู่ที่นั่งในรถยนต์หรือเครื่องบินเพื่อป้องกันไม่ให้ผู้โดยสารถูกเหวี่ยงกระเด็นจากที่นั่งเมื่อมีอุบัติเหตุ.
เข้มขาบ 0,น.,ผ้าที่ทอควบกับทองแล่งเป็นริ้ว ๆ ตามยาว.
เข้มขาบไหม 0,น.,ผ้ามัสรู่.
เข้มแข็ง 0,ก.,"แข็งแรงในการงาน, ขยันขันแข็ง, ไม่ย่อท้อหวั่นไหว."
เข็มควัก 0,น.,เข็มที่มีปลายงอเป็นเงี่ยง สำหรับควักด้ายหรือไหมให้เป็นลูกไม้เป็นต้น.
เขม็ง 0,ว.,ตึงเครียด
เขม็ง 1,ว.,"แน่น, แข็ง"
เขม็ง 2,ว.,อย่างแน่วแน่ เช่น จ้องเขม็ง.
เขม็ง 3,ก.,ทำให้ตึง เช่น เขม็งเกลียว.
เข้มงวด 0,ก.,"กวดขัน, เคร่งครัด."
เข็มซ่อนปลาย 0,น.,"เข็มสำหรับใช้กลัดเสื้อผ้า, เข็มกลัด ก็ว่า."
เขม็ดแขม่ 0,ก.,"กระเหม็ดกระแหม่, ใช้จ่ายอย่างระมัดระวังเพราะเกรงว่าจะไม่พอใช้."
เข็มทิศ 0,น.,ชื่อเครื่องชี้บอกทิศ มีเข็มเป็นแม่เหล็กซึ่งปลายข้างหนึ่งชี้ไปทางเหนือเสมอ.
เขม่น 0,ก.,"อาการที่กล้ามเนื้อกระตุกเต้นเบา ๆ ขึ้นเอง ตามความเชื่อโบราณถือว่าเป็นนิมิตบอกเหตุร้ายหรือดีได้, กระเหม่น ก็ว่า"
เขม่น 1,ก.,รู้สึกไม่ชอบหน้า หรือไม่พอใจ.
เขม้น 0,ก.,"เพ่ง, จ้องดู, มุ่งโดยเฉพาะ เช่น ฝ่ายผู้ได้พิจารณาว่ากล่าวบางคนก็ลำเอียงไปว่าทรัพจะได้เปนหลวง เขม้นว่ากล่าวกันโชกข่มขี่จเอาแต่ทรัพเปนหลวงจงได้ (สามดวง), มักใช้เข้าคู่กับคำ มอง เป็น เขม้นมอง หรือ มองเขม้น, (โบ) เขียนเป็น ขเม่น ก็มี เช่น ขเม่น, คือ คนฤๅสัตวแลดูสิ่งของใด ๆ เพ่งตาดูไม่ใคร่จะกพริบ (ปรัดเล)."
เขม้นขะมัก 0,ก.,"ตั้งใจทำอย่างรีบเร่งเพื่อให้แล้วเสร็จไป, ก้มหน้าก้มตาทำ, ขะมักเขม้น ก็ว่า."
เขมร 0,น.,ชื่อประเทศและชนชาติที่อยู่ในเอเชียตะวันออกเฉียงใต้ มีพรมแดนติดต่อกับไทย ลาว และเวียดนาม มีภาษาพูดอยู่ในตระกูลมอญ-เขมร และมีอักษรของตนเองใช้ เรียกว่า อักษรขอม.
เขมร 1,น.,คำนำหน้าชื่อเพลงไทยสำเนียงเขมร เช่น เขมรไทรโยค เขมรโพธิสัตว์ เขมรลออองค์.
เข็มหมุด 0,น.,"เข็มที่มีหัวเป็นปุ่มใช้กลัดกระดาษหรือผ้าเป็นต้น., ดูใน เข็ม ๑."
เข็มหมุด 1,น.,"ชื่อพยาธิชนิด Enterobius vermicularis (Linn.) ในวงศ์ Oxyuridae ลำตัวเรียวยาว สีขาวหม่น ตัวผู้ยาว ๒-๕ มิลลิเมตร ตัวเมียยาว ๘-๑๓ มิลลิเมตร หางแหลม ตัวเต็มวัยอาศัยอยู่ในลำไส้ใหญ่ของมนุษย์และลิงชิมแปนซี พบมากในเด็ก, เข็มหมุด ก็เรียก."
เขม่า 0,น.,ละอองดำ ๆ ที่เกิดจากควันไฟหรือดินปืน.
เขมา 0,น.,"เกษม, ความสบายใจ, ความพ้นภัย."
เขมา 1,น.,โกฐเขมา. (ดู โกฐเขมา ที่ โกฐ).
เขมาโกรย 0,น.,ชื่อปลาชนิดหนึ่งมีหลังดำ. (ข. ใช้ในความว่า หลังดำ).
เขม่าซาง 0,น.,ชื่อโรคชนิดหนึ่งตามตำราแพทย์แผนโบราณ.
เขมือบ 0,ก.,"กลืนกินอย่างปลา, กินอย่างตะกละ."
เขย 0,น.,"ชายที่มาแต่งงานกับญาติผู้หญิง, ผัวของญาติ, เช่น ถ้าเป็นผัวของลูกสาว เรียก ลูกเขย ถ้าเป็นผัวของป้า เรียก ลุงเขย."
เขยก 0,ก.,"อาการที่เดินหรือวิ่งด้วยปลายเท้าอย่างคนเท้าเจ็บ, อาการที่เดินหรือวิ่งเอียงไปข้างใดข้างหนึ่งอย่างคนขาพิการ."
เขย่ง 0,ก.,"ยืนด้วยปลายเท้า, พยุงตัวให้สูงขึ้น."
เขย่งก้าวกระโดด 0,น.,การแข่งกรีฑาชนิดหนึ่ง ผู้แข่งขันวิ่งจากต้นทางทีละคนจนถึงเส้นเริ่มที่มีกระดานรองรับ เขย่งเท้าข้างหนึ่งพร้อมกับยันตัวขึ้นแล้วก้าวด้วยเท้าอีกข้างหนึ่ง ต่อจากนั้นจึงกระโดด ใครกระโดดได้ไกลที่สุดเป็นผู้ชนะ.
เขย่งเก็งกอย 0,ก.,กระโดดตีนเดียว.
เขย่งเก็งกอย 1,น.,ชื่อการเล่นของเด็กอย่างหนึ่ง.
เขยตาย 0,น.,"ชื่อไม้พุ่มชนิด Glycosmis pentaphylla (Retz.) DC. ในวงศ์ Rutaceae ชอบขึ้นในที่ชื้นตามชายป่าและริมหมู่บ้าน สูงประมาณ ๒ เมตร ผลกลมขนาดราวปลายนิ้วก้อย สุกสีชมพูเรื่อ ๆ รสหวาน กินได้ รากใช้ทำยา, กระรอกน้ำข้าว กระโรกนํ้าข้าว หรือ นํ้าข้าว ก็เรียก, พายัพและอีสานเรียก ส้มชื่น."
เขย้อแขย่ง 0,ก.,"กระเย้อกระแหย่ง, ออกเสียงว่า ขะเย้อขะแหย่ง ก็มี."
เขยอะขยะ 0,ว.,"เหนอะหนะ, ติดรุงรัง."
เขย่า 0,ก.,"อาการที่จับสิ่งใดสั่นหรือยกขึ้นยกลงเร็ว ๆ เพื่อให้สิ่งนั้นกระเทือนหรือเคลื่อนไหว เช่น เขย่าตัวเพื่อให้ตื่น เขย่าขวดเพื่อให้ยาระคนกัน เขย่ากิ่งไม้เพื่อให้ลูกไม้หล่น, กระเทือน, ทำให้กระเทือน, เช่น รถเขย่า เกวียนเขย่า, โดยปริยายหมายถึงอาการที่คล้ายคลึงเช่นนั้น เช่น เขย่าขวัญ เขย่าโลก."
เขยิน 0,ก.,"ยื่นออกมา เช่น ฟันเขยิน, เผยอขึ้น เช่น ไม้เขยิน ตะปูเขยิน."
เขยิบ 0,ก.,เลื่อนที่ เช่น เขยิบเข้ามาหน่อยซิ.
เขยิบขยาบ 0,ว.,พะเยิบพะยาบ.
เขยิบฐานะ 0,ก.,เลื่อนฐานะสูงขึ้น.
เขยียวขยอน 0,ว.,"สนั่น, หวั่นไหว, เกรียวกราว."
เขยื้อน 0,ก.,"ไหวตัวหรือเคลื่อนที่, ทำให้ไหวตัวหรือให้เคลื่อนที่, (มักใช้แก่ของหนัก) เช่น ตู้ใบนี้หนักมาก ดันเท่าไรไม่เขยื้อนเลย, โดยปริยายหมายความว่า ขยับตัว เช่น เรียกใช้ให้ทำงานเท่าไร ๆ ก็นั่งนิ่งไม่ยอมเขยื้อน."
เขรอะ 0,ว.,"เป็นตะกอนทับถมอย่างของที่นอนก้นซับซ้อนอยู่ เช่น ตะกอนเขรอะ, เกรอะ ก็ว่า"
เขรอะ 1,ว.,เลอะเทอะ เช่น รองเท้าเปื้อนโคลนเขลอะ.
เขรอะ 2,ก.,จับหรือเกาะซับซ้อนกันอยู่ เช่น สนิมเขรอะ ฝุ่นเขลอะ.
เขลง 0,ว.,ทอดอารมณ์อย่างสบาย (ใช้แก่กริยานอน).
เขลง 1,ว.,"ชื่อไม้ต้น ๓ ชนิดในสกุล Dialium วงศ์ Leguminosae ผลมีเมล็ดเดียว เมื่อแก่เปลือกกรอบสีดำ เนื้อหุ้มเมล็ดสีนํ้าตาล รสเปรี้ยวอมหวาน คือ ชนิด D. indicum L. ลูกหยีที่เป็นของกินเล่นส่วนใหญ่เป็นผลของต้นนี้, กาหยีเขา ก็เรียก, หยีท้องบึ้ง (D. platysepalumBaker), และชนิด D. cochinchinense Pierre ชนิดหลังนี้ เขลง ก็เรียก, อีสานเรียก นางดำ."
เขลอะ 0,ว.,"เป็นตะกอนทับถมอย่างของที่นอนก้นซับซ้อนอยู่ เช่น ตะกอนเขรอะ, เกรอะ ก็ว่า"
เขลอะ 1,ว.,เลอะเทอะ เช่น รองเท้าเปื้อนโคลนเขลอะ.
เขลอะ 2,ก.,จับหรือเกาะซับซ้อนกันอยู่ เช่น สนิมเขรอะ ฝุ่นเขลอะ.
เขละ 0,ว.,"เละ, เละเทะ, เกะกะ, ไม่เป็นระเบียบ, เขละขละ ก็ว่า."
เขลา 0,ว.,"ขาดไหวพริบ, รู้ไม่ถึง, รู้ไม่เท่าทัน, ไม่เฉียบแหลม, ไม่ฉลาด."
เขลาะ 0,ว.,"กำเลาะ, หนุ่ม, สาว."
เขว 0,ก.,แปรไปจากแนวทางเดิม เช่น พูดมากทำให้ความคิดฉันเขว.
เขษตร 0,น.,"เกษตร, ทุ่ง, นา, ไร่."
เขษม 0,น.,"เกษม, ความสบายใจ, ความพ้นภัย."
เขษียร 0,น.,"เกษียร, นํ้านม."
เขฬะ 0,น.,"นํ้าลาย, ราชาศัพท์ว่า พระเขฬะ."
เขะขะ 0,ว.,"เกะกะ, กีดขวาง."
เข่า 0,น.,"ส่วนที่ต่อระหว่างขาส่วนบนกับขาส่วนล่าง สำหรับคู้ขาเข้าและเหยียดขาออก เช่น คุกเข่า ตีเข่า ขึ้นเข่า, ราชาศัพท์ว่า พระชานุ."
เขา 0,น.,เนินที่นูนสูงขึ้นไปเป็นจอมเด่น.
เข้า 0,ก.,"อาการที่เคลื่อนไปข้างในหรือทำให้เคลื่อนไปข้างใน เช่น เข้าบ้าน เข้าถํ้า เอาหนังสือเข้าตู้, เคลื่อนมาสู่, มาถึง, เช่น รถด่วนเข้า ๑๐ นาฬิกา พระศุกร์เข้า, สิง เช่น ผีเข้า เจ้าเข้า"
เข้า 1,ก.,"ใส่, บรรจุ, เช่น เข้าหีบ"
เข้า 2,ก.,"ประสม, แทรก, เช่น เข้ายาดำ"
เข้า 3,ก.,"รวม เช่น เข้าหุ้น เข้าทุน, รวมเป็นพวก เช่น เข้าพรรค เข้าแถว เข้าข้าง"
เข้า 4,ก.,"ถูกกัน, ลงรอยกัน, ทำให้ลงรอยกัน, เหมาะเจาะ, เช่น เสียงเข้ากัน เข้าไม้"
เข้า 5,ก.,"เริ่ม เช่น เข้าเรียน, เริ่มทำงาน เช่น โรงเรียนเข้า, เริ่มอยู่ในภาวะ เช่น เข้าโรงเรียน เข้าทำงาน."
เข้า 6,ว.,ตรงข้ามกับ ออก เช่น ทางเข้า ขาเข้า
เข้า 7,ว.,"ใช้ประกอบคำอื่นแสดงความหมายเร่งรัด เช่น เร็วเข้า คิดเข้า, ใช้ประกอบคำอื่นแสดงความหมายมากขึ้น เช่น หนักเข้า ดึกเข้า นานเข้า, ใช้ประกอบคำอื่นแสดงสภาพหรือความรู้สึกที่เกิดมีขึ้น เช่น พอสวยเข้าก็มีหนุ่ม ๆ มารุมจีบ พอเหนื่อยเข้าก็อยากจะเลิกทำ, ใช้ประกอบคำอื่นแสดงความหมายว่าหนุนให้ทำ (มักใช้ในความประชดประชัน) เช่น เอาเข้าไป ว่าแล้วยังไม่ยอมหยุด."
เขา 1,น.,สิ่งที่งอกออกมาจากหัวสัตว์บางพวก มีลักษณะแข็ง.
เข้า 8,น.,ข้าว
เข้า 9,น.,ขวบปี.
เขา 2,น.,ชื่อนกขนาดกลางหลายชนิดหลายสกุล ในวงศ์ Columbidae ปากสั้นตรงปลายโค้งเล็กน้อย ขนลำตัวสีเทาหรือเทาอมน้ำตาล ขนปีกมีลาย ขาสีชมพู มักอยู่เป็นคู่หรือเป็นฝูง กินเมล็ดพืชบนพื้นดิน ในประเทศไทยมีหลายชนิด เช่น เขาใหญ่หรือเขาหลวง [ Streptopelia chinensis (Scopoli)] เขาลายเล็ก [ Macropygia ruficeps (Temminck)] เขาเขียว [ Chalcophaps indica (Linn.)] เขาชวาหรือเขาเล็ก [ Geopelia striata (Linn.)] .
เขา 3,ส.,"คำใช้แทนผู้ที่เราพูดถึง, เป็นสรรพนามบุรุษที่ ๓."
เขา 4,น.,เถาวัลย์ เช่น เครือเขา.
เข้ากรรม 0,ก.,อยู่ไฟ.
เข้ากระโจม 0,ก.,"เข้าไปอยู่ในผ้าที่ทำเป็นกระโจมเพื่ออบให้เหงื่อออก, เข้าไปอบควันยาในกระโจม."
เข้ากระดูกดำ 0,ว.,ติดแน่นจนถอนไม่ขึ้นหรือไม่รู้ลืม.
เขากวาง 0,น.,"ชื่อสัตว์ทะเลไม่มีกระดูกสันหลังหลายชนิด ในชั้น Anthozoa ส่วนมากตัวมีขนาดเล็ก พวกเดียวกับดอกไม้ทะเล รูปทรงกระบอก อาศัยอยู่เดี่ยว ๆ หรืออยู่รวมกันเป็นกลุ่ม สร้างหินปูนห่อหุ้มตัวเป็นโครงร่างหลายแบบ อาศัยและเจริญเติบโตในทะเลเขตร้อน บริเวณชายฝั่งและรอบ ๆ เกาะ เช่น ปะการังเห็ด [ Fungia fungites (Linn.)] ปะการังเขากวาง [ Acropora formasa (Dana)] ในโครงสร้างที่ทับถมกันเพิ่มมากขึ้น เรียกว่า หินปะการัง, ถ้ามากจนเป็นโขด เกาะ หรือเทือก ก็เรียกว่า โขดปะการัง เกาะปะการัง หรือเทือกปะการัง, บางทีเรียกเป็น กะรัง."
เขากวาง 1,น.,ชื่อขวากชนิดหนึ่งทำด้วยต้นไม้หรือกิ่งไม้ เสี้ยมปลายให้แหลมเพื่อกีดขวางข้าศึก.
เขากวางอ่อน 0,น.,เขากวางที่งอกใหม่หลังผลัดเขา มีหนังอ่อนนุ่มหุ้ม มีขนสั้นสีน้ำตาลเป็นมัน นิยมใช้ทำยา.
เขาเกก 0,น.,เรียกเขาวัวเขาควายเป็นต้นที่เฉออกไม่เข้ารูปกัน.
เข้าเกณฑ์ 0,ก.,เข้าหลักที่กำหนดไว้ เช่น อายุเข้าเกณฑ์.
เข้าเกียร์ 0,ก.,ผลักคันเกียร์ให้เข้าที่เพื่อเปลี่ยนระดับความเร็วของเครื่องยนต์.
เขาแกะ 0,น.,ชื่อกล้วยไม้ชนิด Rhynchostylis coelestis Rchb. f. ในวงศ์ Orchidaceae ใบโค้ง ๆ คล้ายเขาแกะ ดอกสีฟ้าอมม่วง.
เข้าโกศ 0,ก.,"บรรจุศพลงในโกศ, ลงโกศ ก็ว่า."
เข้าข้อ 0,น.,อาการของโรคชนิดหนึ่งให้เมื่อยขัดอยู่ในข้อ
เข้าข้อ 1,น.,"กามโรคที่เรื้อรังมาจนถึงทำให้ปวดตามข้อกระดูก, มักใช้เข้าคู่กับคำ ออกดอก เป็น เข้าข้อออกดอก."
เข้าขา 0,ว.,"สอดคล้องกัน, ไปกันได้ดี, เช่น นักเทนนิสคู่นี้เล่นเข้าขากันได้ดี."
เข้าข้าง 0,ก.,เข้าเป็นฝ่าย.
เข้าคอ 0,ก.,"ประพฤติให้ถูกใจกันได้, มีความประพฤติถูกกัน, ไม่ขัดคอกัน."
เข้าคิว 0,ก.,เข้าแถวตามลำดับมาก่อนมาหลัง.
เข้าคู่ 0,ก.,เอาไพ่ตอง ๒ ใบที่เหมือนกันมาเข้าชุดกันเป็น ๑ คู่
เข้าคู่ 1,ก.,ไปด้วยกันได้อย่างดี.
เข้าเครื่อง 0,ก.,สวมใส่เครื่องแต่งตัวโขน ละคร ลิเกตัวสำคัญ ๆ
เข้าเครื่อง 1,ก.,"คำพูดสำหรับว่าว หมายความว่า ผูกเหนียง ผูกติ่ง, ถ้าสายป่านของว่าวปักเป้าตรงช่วงสายเหนียงติดเครื่อง คือ ติดเหนียงและติ่ง เรียกว่า เหนียงเข้าเครื่อง, ถ้าสายป่านของว่าวจุฬาติดจำปา เรียกว่า ป่านเข้าเครื่อง."
เข้าเค้า 0,ก.,"เหมาะกับรูปร่าง เค้าหน้า หรือ กิริยาท่าทาง, เหมาะกับเรื่องราวหรือเหตุผล."
เข้าไคล 0,ก.,"ลักษณะมะม่วงที่แก่มีนวล มีเมล็ดแข็ง, โดยปริยายหมายความว่า จวนจะรู้ผล, ใกล้จะสำเร็จ."
เข้าเงียบ 0,ก.,ประพฤติสงบจิตใจอยู่ในที่สงัดตามลัทธิคริสต์ศาสนา.
เข้าแง่ 0,ก.,"ถูกที่เหมาะ, ถูกที่สำคัญ."
เข้าเจ้า 0,ก.,"ทำพิธีให้เจ้ามาสิงในกาย, ตัวผู้ทำพิธีให้เจ้ามาสิงนั้น เรียกว่า “คนทรง”, มักใช้เข้าคู่กับคำ เข้าทรง เป็น เข้าเจ้าเข้าทรง."
เข้าเจ้าเข้านาย 0,ก.,รู้จักธรรมเนียมเข้าเฝ้าเจ้านาย และเข้าไปหาผู้หลักผู้ใหญ่อย่างเหมาะสม.
เข้าใจ 0,ก.,"รู้เรื่อง, รู้ความหมาย."
เข้าชื่อ 0,ก.,ลงชื่อร่วมกันหลาย ๆ คน เพื่อร้องเรียนหรือแสดงความจำนง.
เข้าฌาน 0,ก.,"ทำใจให้สงบตามหลักทางศาสนา, โดยปริยายหมายถึงนั่งหลับหรือเหม่อใจลอยไม่รับรู้อะไร. (ดู ฌาน ประกอบ)."
เข้าด้ายเข้าเข็ม 0,ว.,จวนจะสำเร็จ ถ้าทำผิดพลาดหรือมีอะไรมาขัดจังหวะแม้เพียงเล็กน้อยก็เสียการ.
เข้าเดือน 0,น.,กำหนดเวลาที่ไพร่หลวงไพร่สมเข้ามาทำงานให้ทางราชการในแต่ละปีเป็นจำนวนเดือน มากหรือน้อยเปลี่ยนแปลงไปตามสมัย เช่น เข้าเดือน ออกเดือน เข้าเดือน ออก ๒ เดือน เข้าเดือน ออก ๓ เดือน. (ดู ออกเดือน ประกอบ).
เข้าเดือย 0,ก.,นำไม้ ๒ อัน โดยอันหนึ่งทำให้เป็นเดือย อีกอันหนึ่งเจาะรูให้พอเหมาะกัน มาประกบให้ประสานกันพอดี.
เข้าตรีทูต 0,ว.,"มีอาการหมดความรู้สึกเมื่อใกล้จะตาย, อาการหนักปางตาย."
เข้าตอง 0,ก.,เอาไพ่ตอง ๓ ใบที่เหมือนกันมาเข้าชุดกันเป็น ๑ ตอง.
เข้าตัว 0,ก.,"อาการที่อาคม ของขลัง หรือถ้อยคำที่ปรารถนาจะกระทำหรือพูดให้ร้ายแก่ผู้อื่นแล้วย้อนกลับมาโดนตัวเอง, ไม่พ้นตัว เช่น พูดเข้าตัว."
เข้าตา 0,ก.,เห็นว่าดีและพอใจ เช่น เข้าตากรรมการ.
เข้าตาจน 0,ก.,"หมดทางไป, หมดทางที่จะแก้ไข, หมดหนทางหากิน."
เข้าตามตรอกออกตามประตู 0,ก.,ทำตามธรรมเนียมในเรื่องการสู่ขอ.
เข้าตาร้าย 0,ก.,ถึงคราวเดือดร้อน.
เข้าตำรา 0,ก.,"ถูกแบบแผน, ตรงตามแบบอย่างที่เคยมีมา, ถูกกับเรื่องราวที่เคยเล่ากันมา."
เข้าตู้ 0,ก.,ลืมวิชาความรู้ที่ได้เรียนมา ใช้พูดว่า “วิชาเข้าตู้” ซึ่งหมายความว่า วิชาที่เคยจำได้นั้นบัดนี้ลืมหมดแล้ว ยังคงอยู่แต่ในตำราที่เก็บไว้ในตู้.
เข้าไต้เข้าไฟ 0,ว.,"เริ่มมืดต้องใช้แสงไฟ, พลบ, ใช้ว่า เวลาเข้าไต้เข้าไฟ."
เข้าถ้ำ 0,น.,ชื่อตะเข็บเย็บผ้าชนิดหนึ่ง ซึ่งเย็บซ่อนตะเข็บไว้ข้างใน.
เข้าถึง 0,ก.,"เข้าใจอย่างซาบซึ้ง เช่น เข้าถึงบท เข้าถึงวรรณคดี, เข้าใกล้ชิดสนิทสนมเพื่อจะได้รู้ซึ้งถึงชีวิตจิตใจและความต้องการเป็นต้น เช่น เข้าถึงประชาชน."
เข้าเถื่อนอย่าลืมพร้า 0,ก.,ให้มีความรอบคอบอย่าประมาท เช่นเดียวกับเวลาจะเข้าป่าจะต้องหามีดติดตัวไปด้วย.
เข้าแถว 0,ก.,ยืนเรียงต่อกันเป็นแนว เช่น เข้าแถวหน้ากระดาน เข้าแถวตอนเรียงหนึ่ง.
เข้าทรง 0,ก.,"อาการที่เจ้าเข้าสิงในตัวคนทรง, มักใช้เข้าคู่กับคำ เข้าเจ้า เป็น เข้าเจ้าเข้าทรง."
เข้าท่า 0,ก.,"มีท่าทางดี, น่าดูไม่ขัดตา, เหมาะสม."
เข้าทาง 0,ก.,"ตรงตามที่ต้องการ, ตรงตามที่ถนัด."
เข้าที 0,ก.,"มีท่วงทีดี, มีชั้นเชิงดี, มีท่าทีจะสำเร็จ."
เข้าที่ 0,ก.,นั่งภาวนากรรมฐาน (ทางพระศาสนา)
เข้าที่ 1,ก.,กลับเหมือนเดิม เช่น ซ้อมจนเข้าที่
เข้าที่ 2,ก.,นอน ใช้ในราชาศัพท์ พูดเต็มว่า เข้าที่พระบรรทม.
เข้าที่เข้าทาง 0,ก.,"จัดให้เป็นระเบียบ, จัดให้เรียบร้อย, เช่น จัดข้าวของให้เข้าที่เข้าทาง."
เข้าทุน 0,ก.,รวมทุนกันเพื่อทำกิจการอย่างใดอย่างหนึ่ง.
เข้านอกออกใน 0,ก.,สนิทสนมกับเจ้าของสถานที่เป็นพิเศษ จนสามารถเข้าไปถึงข้างในได้ตลอดเวลา.
เข้าเนื้อ 0,ก.,"ขาดทุน, เสียทรัพย์ไป"
เข้าเนื้อ 1,ก.,"เสียหาย, เสียเปรียบ, เช่น พูดให้เข้าเนื้อ"
เข้าเนื้อ 2,ก.,เข้าเลือด หรือ เข้าเลือดเข้าเนื้อ ก็ว่า.
เข้าบัว 0,ก.,เอาอัฐิเข้าไปเก็บไว้ในที่บรรจุอัฐิซึ่งสร้างเป็นรูปดอกบัวตูมบนฐานเตี้ย ๆ.
เข้าแบบ 0,ก.,"ถูกต้องตามแบบแผน, เป็นไปตามแบบ, เช่น ตัวละครเข้าแบบ."
เข้าแบบเข้าแผน 0,ก.,"ถูกต้องตามแบบแผน, เป็นไปตามแบบ, เช่น ตัวละครเข้าแบบ."
เข้าปก 0,ก.,เย็บปกหนังสือ.
เข้าปริวาส 0,ก.,"เข้าปฏิบัติปริวาสกรรมให้ครบตามวันที่กำหนด (ใช้แก่ภิกษุผู้ต้องอาบัติสังฆาทิเสส), อยู่กรรม หรือ อยู่ปริวาส ก็ว่า."
เข้าปริวาสกรรม 0,ก.,"เข้าปฏิบัติปริวาสกรรมให้ครบตามวันที่กำหนด (ใช้แก่ภิกษุผู้ต้องอาบัติสังฆาทิเสส), อยู่กรรม หรือ อยู่ปริวาส ก็ว่า."
เข้าปากไม้ 0,ก.,นำไม้ตั้งแต่ ๒ ชิ้นมาบากหรือเจาะตรงปลายแล้วประกอบเข้าด้วยกัน ใช้ลูกสลักไม้หรือปลิงเหล็กยึดปลายนั้นให้แน่น.
เข้าปิ้ง 0,ก.,อาการที่ว่าวปักเป้าติดสายป่านว่าวจุฬาแล้วกระดิกไม่ไหว
เข้าปิ้ง 1,ก.,"อยู่ในความลำบากแก้ไขยาก, (ปาก) ถูกจับกุมคุมขัง, เข้าข่ายมีความผิดไปด้วย."
เข้าปีก 0,ก.,อาการที่เอาต้นแขนของคนเมาเป็นต้นขึ้นพาดบ่าพยุงไป.
เขาเปล้า 0,น.,"ชื่อนกขนาดเล็กถึงขนาดกลางหลายชนิด ในวงศ์ Columbidae ลำตัวสีเขียว แต่ละชนิดมีสีแตกต่างกันที่หน้าอกและช่วงไหล่ ซึ่งอาจมีสีม่วง นํ้าตาล เขียว ชมพู หรือเหลือง ทำรังเป็นรูปถ้วยง่าย ๆ ด้วยกิ่งไม้เล็ก ๆ ตามกิ่งก้านของต้นไม้ หากินเป็นฝูง กินผลไม้ เช่น เปล้าขาเหลือง [ Treron phoenicoptera (Latham)] เปล้าคอสีม่วง [ T. vernans (Linn.)], เขาเปล้า ก็เรียก, พายัพเรียก เป้า."
เข้าไป 0,ว.,ใช้ประกอบกิริยาแสดงการหนุนให้ทำ เช่น เตะเข้าไป กินเข้าไป.
เข้าผี 0,ก.,ทำพิธีให้ผีเข้าสิงในตัว.
เข้าผู้เข้าคน 0,ก.,ติดต่อกับคนอื่น ๆ ได้ดี.
เข้าฝัก 0,ก.,ชำนาญจนอยู่ตัวแล้ว.
เข้าฝัน 0,ก.,มาบันดาลให้ฝันเห็น.
เข้าเฝ้า 0,ก.,ไปหาเจ้านาย.
เข้าเฝือก 0,ก.,เอาเฝือกประกับแขนหรือขาเป็นต้นที่เดาะหักเพื่อให้ปรกติ.
เข้าพกเข้าห่อ 0,ก.,"เอาไว้เป็นส่วนของตัว, รู้จักเก็บไว้บ้าง, รู้จักเก็บไม่ใช้สุรุ่ยสุร่าย."
เข้าพรรษา 0,น.,เรียกวันที่พระสงฆ์เริ่มเข้าจำพรรษา คือ วันแรม ๑ คํ่า เดือน ๘ ว่า วันเข้าพรรษา.
เข้าพรรษา 1,ก.,เข้าอยู่ประจำที่ ๓ เดือนในฤดูฝน (ใช้แก่พระสงฆ์).
เข้าพระเข้านาง 0,ก.,แสดงบทเกี้ยวพาราสี.
เข้าพุง 0,ก.,จำได้แม่นยำจนไม่ต้องอาศัยตำราสอบทาน
เข้าพุง 1,ก.,ใช้ในความว่า ลืมความรู้ที่ได้เล่าเรียนมาหมด ก็มี.
เขามอ 0,น.,เขาจำลองที่ทำไว้ดูเล่นในบ้านเป็นต้น.
เข้าม่าน 0,น.,ชื่อเพลงไทย มี ๓ เพลง คือ ต้นเข้าม่าน เข้าม่าน และปลายเข้าม่าน.
เข้ามุม 0,ก.,นำไม้ ๒ ชิ้นมาประกอบเป็นมุม โดยตกแต่งอันหนึ่งให้เป็นเดือยรูปสามเหลี่ยม ๒ เดือย ส่วนอีกอันหนึ่งเจาะให้เป็นช่องรูปสามเหลี่ยม ๒ ช่อง มีขนาดพอที่จะสวมกันได้สนิท.
เข้าเมืองตาหลิ่วต้องหลิ่วตาตาม 0,ก.,ประพฤติตนตามที่คนส่วนใหญ่ประพฤติกัน.
เข้าไม้ 0,ก.,นำไม้ตั้งแต่ ๒ ชิ้นขึ้นไปมาบากรับแล้วประกอบเข้าด้วยกัน ยึดไม้นั้นให้แน่นอยู่ในรูปแบบที่ต้องการด้วยการตอกตะปูหรือตอกอัดด้วยลูกสลักไม้ การต่อหรือประกอบอาจทำได้หลายวิธี.
เข้าไม้ 1,ก.,เอาศพใส่หีบหรือโลง เช่น อาบน้ำศพแล้วทาขมิ้น ผ้าขาวหุ้มสิ้นตราสังมั่น เข้าไม้ไว้ในเรือนใหญ่นั้น ค่ำสวดทุกวันหลายคืนมา (ขุนช้างขุนแผน).
เข้ายา 0,ก.,"เป็นประโยชน์, ใช้การได้, เปรียบกับวัตถุหรือพืชที่ทำยาได้."
เข้ารกเข้าพง 0,ก.,พูดหรือทำไม่ถูกต้องกับเรื่อง เพราะขาดความชำนาญในเรื่องนั้น.
เข้ารหัส 0,ก.,เปลี่ยนสารธรรมดาให้เป็นสารลับด้วยวิธีใดวิธีหนึ่ง เช่น เปลี่ยนตัวอักษรอื่นแทนอักษรที่ต้องการจะใช้ หรือสลับตำแหน่งอักษรของข้อความนั้น หรือใช้สัญลักษณ์แทนซึ่งรู้กันเฉพาะผู้ที่รู้กุญแจรหัสเท่านั้น.
เข้าร่องเข้ารอย 0,ว.,ถูกทาง.
เข้ารอบ 0,ก.,"เข้าเกณฑ์ที่กำหนดไว้, ได้รับคัดเลือกไว้."
เข้ารอย 0,ว.,ถูกทาง.
เข้ารัง 0,น.,ชื่อท่ารำแบบหนึ่ง โดยมือข้างหนึ่งจีบหงาย งอข้อศอก หักข้อมือเข้าหาแง่ศีรษะ มืออีกข้างหนึ่งจีบหงายข้างเอวด้านเดียวกัน เอียงศีรษะข้างเดียวกับมือต่ำ.
เข้ารางลิ้น 0,ก.,"นำไม้อันหนึ่งที่ทำให้เป็นร่องยาวมาประกบกับไม้อีกอันหนึ่งที่ทำให้เป็นลิ้นยาวไปตามตัวไม้ให้เข้ากันสนิทพอดี, พูดสั้น ๆ ว่า เข้าลิ้น."
เข้าร้าย 0,ก.,ตกอยู่ในฐานะไม่ดี.
เข้ารีต 0,ว.,เปลี่ยนไปถือศาสนาอื่น.
เข้ารีต 1,น.,เรียกผู้เปลี่ยนไปถือคริสต์ศาสนาส่วนใหญ่เป็นนิกายโรมันคาทอลิก ว่า ผู้เข้ารีต เช่น ญวนเข้ารีต.
เข้ารูป 0,ก.,"พอเหมาะ, พอดีตัว, เช่น เสื้อเข้ารูป."
เข้ารูปเข้ารอย 0,ก.,ถูกกับแบบแผน.
เข้าเรื่อง 0,ว.,ตรงประเด็นของเรื่อง
เข้าเรื่อง 1,ว.,"มีสาระ, ได้เรื่องได้ราว"
เข้าเรื่อง 2,ว.,มักใช้ในความปฏิเสธ เช่น พูดไม่เข้าเรื่อง ทำไม่เข้าเรื่อง.
เข้าโรง 0,ก.,กลับเข้าไปหลังฉากเมื่อตัวละครแสดงจบบทแล้ว.
เข้าล็อก 0,ก.,เป็นไปตามที่คาดหมาย.
เข่าลอย 0,น.,ท่าต่อสู้ของกีฬามวยไทยโดยกระโดดให้ตัวลอยแล้วใช้เข่ากระแทกคู่ต่อสู้.
เข่าลา 0,น.,อาการที่เอาเข่าเดาะโดยงอเข่าแต่น้อย.
เข้าลิ้น 0,ก.,"นำไม้อันหนึ่งที่ทำให้เป็นร่องยาวมาประกบกับไม้อีกอันหนึ่งที่ทำให้เป็นลิ้นยาวไปตามตัวไม้ให้เข้ากันสนิทพอดี, พูดเต็มว่า เข้ารางลิ้น."
เข้าลิลิต 0,ก.,สัมผัสคําระหว่างบทตามแบบการแต่งลิลิตที่กําหนดไว้ในตําราฉันทลักษณ์ เช่นคํา “สม” กับ “สนม” ในตัวอย่างต่อไปนี้ (ตะเลงพ่าย)
เข้าลิลิต 1,ก.,เรียกคําที่เติม ศ ข้างท้ายโดยอาจเปลี่ยนสระด้วยว่า ศ เข้าลิลิต เช่น กมลา เป็น กมลาศ บุรี เป็น บุเรศ มักใช้ ในคําประพันธ์.
เข้าเล่ม 0,ก.,เรียงหน้าหนังสือให้เป็นลำดับเพื่อเย็บเป็นเล่ม เรียกว่า เข้าเล่มหนังสือ.
เข้าเลือด 0,ก.,เข้าเนื้อ.
เข้าเลือดเข้าเนื้อ 0,ก.,เข้าเนื้อ.
เข้าโลง 0,ก.,ตาย.
เข้าวัดเข้าวา 0,ก.,"ไปวัดเพื่อฟังเทศน์ฟังธรรม, ไปอยู่ที่วัดเพื่อปฏิบัติธรรม, ประพฤติตนอยู่ในศีลในธรรม."
เข้าว่า 0,ว.,เป็นสำคัญ เช่น เอามากเข้าว่า.
เข้าเวร 0,ก.,เข้าอยู่รักษาหน้าที่ตามเวลาที่กะกันไว้.
เข้าแว่น 0,ก.,ถึงวัยหรือเวลาที่ต้องสวมแว่นตา.
เข้าเศียร 0,ก.,เอาไพ่ตอง ๓ ใบพวกเดียวกันแต่ไม่เหมือนกันมาเข้าชุดกันเป็น ๑ เศียร.
เข้าสมาธิ 0,ก.,ทำจิตให้แน่วแน่อย่างเข้าฌาน.
เข้าสิง 0,ก.,"อาการที่เชื่อกันว่าผีเข้าแทรกอยู่ในตัวคน เช่น เขาถูกผีเข้าสิง, โดยปริยายหมายความว่า ครอบงำ เช่น เขาถูกผีการพนันเข้าสิง."
เข้าสุหนัต 0,ก.,เข้าพิธีขริบหนังหุ้มปลายอวัยวะเพศชายตามข้อกำหนดในศาสนาอิสลาม.
เข้าใส่ 0,ว.,ตรงเข้าไปโดยเร็ว เช่น กรากเข้าใส่ รี่เข้าใส่.
เข้าไส้ 0,ว.,ถึงอกถึงใจ เช่น นักมวยคู่นี้ชกกันมันเข้าไส้
เข้าไส้ 1,ว.,มากที่สุด เช่น เกลียดเข้าไส้.
เข้าหน้า 0,ก.,เผชิญหน้า เช่น ไม่กล้าเข้าหน้า.
เข้าหม้อ 0,ก.,ลืมวิชาความรู้ที่ได้เรียนมา.
เข้าหมิ้น 0,น.,ขมิ้น.
เข้าหลัก 0,ก.,"ถูกแบบ, ถูกตำรา, บางทีใช้ว่า เข้าหลักเข้าเกณฑ์."
เข้าหา 0,ก.,"ไปให้เห็นหน้า, ไปอ่อนน้อม, เช่น เรื่องนี้ต้องเข้าหาผู้ใหญ่"
เข้าหา 1,ก.,ลอบเข้าห้องหญิงเพื่อการชู้สาว.
เข้าหุ้น 0,ก.,รวมทุนเข้าด้วยกันเพื่อหาผลประโยชน์.
เข้าหู 0,ก.,มาให้ได้ยิน (ใช้สำหรับเรื่องราวหรือข่าวคราว) เช่น เรื่องนี้เข้าหูฉันบ่อย ๆ.
เข้าหู 1,ว.,น่าฟัง (มักใช้ในความปฏิเสธ) เช่น พูดไม่เข้าหู.
เข้าหูซ้ายทะลุหูขวา 0,ก.,บอกหรือสอนไม่ได้ผล.
เข้าให้ 0,ว.,เน้นความเพื่อแสดงกริยาข้างหน้าให้มีนํ้าหนักขึ้นและเฉพาะเจาะจง เช่น ด่าเข้าให้ ชกเข้าให้.
เข้าไหนเข้าได้ 0,ก.,สามารถติดต่อหรือคบหาสมาคมกับใคร ๆ ได้.
เข่าอ่อน 0,ก.,"อาการที่เข่าหมดกำลังทรุดลง, โดยปริยายหมายถึงอาการหมดแรงเพราะรู้เรื่องที่ทำให้เสียใจเป็นต้นในทันทีทันใด."
เขิง 0,น.,"เครื่องสานสำหรับร่อนสิ่งของหรือช้อนกุ้งปลาเป็นต้น มีลักษณะเป็นรูปกลม ก้นลึก ช่องตาถี่, ภาคกลางเรียกว่า ตะแกรง."
เขิน 0,น.,ชื่อคนไทใหญ่เผ่าหนึ่ง ส่วนมากอยู่ในแคว้นฉาน ประเทศพม่า
เขิน 1,น.,เครื่องสานที่ทำจากผิวไม้ไผ่ซึ่งนำมาเรียดแล้วทำเป็นโครง ฉาบด้วยรักสมุกหรือรักชาดเพื่อกันน้ำรั่วซึม ไทยได้รับวิธีการทำมาจากไทเขินซึ่งอยู่ในยูนนานตอนใต้ จึงเรียกว่า เครื่องเขิน.
เขิน 2,ว.,"ตื้นสูงเป็นเนินขึ้นมา (ใช้แก่พื้นที่ในแม่นํ้า ลำคลอง หนอง บึง เป็นต้น), มักใช้ว่า ตื้นเขิน เช่น แม่นํ้าตื้นเขิน"
เขิน 3,ว.,สั้นหรือสูงเกินไปจนดูขัดตา เช่น นุ่งผ้าเขิน.
เขิน 4,ว.,"วางหน้าไม่สนิท, รู้สึกกระดากอาย"
เขิน 5,ว.,เข้ากันไม่สนิท เช่น ข้อความตอนนี้ฟังเขิน ๆ อยู่.
เขิน ๆ 0,ว.,"วางหน้าไม่สนิท, รู้สึกกระดากอาย"
เขิน ๆ 1,ว.,เข้ากันไม่สนิท เช่น ข้อความตอนนี้ฟังเขิน ๆ อยู่.
เขิบ 0,ว.,"ดอน, เขิน."
เขี่ย 0,ก.,ใช้ไม้หรือสิ่งอื่น ๆ ทำให้สิ่งใดสิ่งหนึ่งเคลื่อนที่ไป เช่น เขี่ยฟุตบอล เขี่ยสวะ
เขี่ย 1,ก.,ค่อย ๆ สะกิดออก เช่น เขี่ยผงที่ลูกตา เอาก้านพลูเขี่ยตา
เขี่ย 2,ก.,สะกิด เช่น เอานิ้วเขี่ยหลัง
เขี่ย 3,ก.,"คุ้ยเขี่ยให้ไฟกลับลุกขึ้นอีก เช่น เขี่ยขี้ไต้ เขี่ยขี้เถ้า, เอานิ้วเคาะหรือดีดบุหรี่หรือเอาบุหรี่เคาะที่สิ่งอื่นเพื่อให้ขี้บุหรี่ร่วง เรียกว่า เขี่ยบุหรี่"
เขี่ย 4,ก.,ขีดไปขีดมาหรือปัดไปปัดมาเพื่อให้กระจายออก เช่น เขี่ยดินเพื่อหาของที่ตกอยู่ในดิน ไก่เขี่ยดินหาอาหาร
เขี่ย 5,ก.,เขียนหรือวาดอย่างหวัด ๆ เช่น ช่วยเขี่ย ๆ ประวัติเรื่องนี้ให้หน่อยเถอะ ลายมือเป็นไก่เขี่ย
เขี่ย 6,ก.,ปัดไปให้พ้น เช่น ถูกเขี่ยออกไป.
เขียง 0,น.,ไม้รองรับการสับ หั่น มักเป็นแผ่นกลม ๆ
เขียง 1,น.,กระทงจำลองสร้างไว้บนบกสำหรับฝึกฝีพายที่พายเรือพระราชพิธี.
เขียงเท้า 0,น.,รองเท้าไม้.
เขียงพระนางอี่ 0,น.,"ชื่อไม้ต้นขนาดใหญ่ชนิด Carallia brachiata (Lour.) Merr. ในวงศ์ Rhizophoraceae เนื้อไม้ใช้ทำเครื่องเรือน, คอแห้ง เขียงพระนางอี่ เขียงพร้า สันพร้านางแอ หรือ สีฟันนางแอ ก็เรียก."
เขียงพร้า 0,น.,"ชื่อไม้ต้นขนาดใหญ่ชนิด Carallia brachiata (Lour.) Merr. ในวงศ์ Rhizophoraceae เนื้อไม้ใช้ทำเครื่องเรือน, คอแห้ง เขียงพระนางอี่ เขียงพร้า สันพร้านางแอ หรือ สีฟันนางแอ ก็เรียก."
เขียด 0,น.,ชื่อสัตว์สะเทินนํ้าสะเทินบกหลายชนิด ในสกุล Rana วงศ์ Ranidae ในประเทศไทยมีหลายชนิด เช่น เขียดอ๋อง [ R. nigrovittata (Blyth)] เขียดหลังขาว ( R. limnocharisGravenhorst).
เขียดจิก 0,น.,ชื่อกบขนาดเล็กชนิด Rana erythraea (Schlegel) ในวงศ์ Ranidae ตัวสีเขียวมีแถบสีขาวพาดตามยาวลำตัว อาศัยอยู่ตามกอบัว จึงมีผู้เรียกว่า เขียดบัว และร้องเสียง “จิ๊ก ๆ ” บางครั้งจึงเรียกว่า เขียดจิก.
เขียดบัว 0,น.,ชื่อกบขนาดเล็กชนิด Rana erythraea (Schlegel) ในวงศ์ Ranidae ตัวสีเขียวมีแถบสีขาวพาดตามยาวลำตัว อาศัยอยู่ตามกอบัว จึงมีผู้เรียกว่า เขียดบัว และร้องเสียง “จิ๊ก ๆ ” บางครั้งจึงเรียกว่า เขียดจิก.
เขียดแลว 0,น.,กบทูด. (ดู กบทูด ที่ กบ ๒).
เขียน 0,ก.,"ขีดให้เป็นตัวหนังสือหรือเลข, ขีดให้เป็นเส้นหรือรูปต่าง ๆ, วาด, แต่งหนังสือ."
เขี่ยน 0,ก.,"ข่วน, ขีด, เช่น ถูกหนามเขี่ยน."
เขียนด้วยมือลบด้วยตีน 0,ก.,ยกย่องแล้วกลับทำลายในภายหลัง.
เขียนทอง 0,น.,เรียกผ้าลายแต้มทองสำหรับพระเจ้าแผ่นดินและเจ้านายทรง.
เขียนไทย 0,น.,"วิชาเขียนภาษาไทยตามคำบอกของครู เพื่อฝึกเขียนตัวสะกดการันต์ให้ถูกต้อง, เขียนตามคำบอก ก็ว่า."
เขียนเสือให้วัวกลัว 0,ก.,ทำอย่างใดอย่างหนึ่ง เพื่อให้อีกฝ่ายหนึ่งเสียขวัญหรือเกรงขาม.
เขียม 0,ว.,"ประหยัด, กระเหม็ดกระแหม่."
เขี้ยว 0,น.,"ฟันแหลมคมสำหรับฉีกเนื้อและอาหาร อยู่ระหว่างฟันหน้ากับกราม, ราชาศัพท์ว่า พระทาฐะ หรือ พระทาฒะ, (ถิ่น-พายัพ) ฟัน."
เขียว 0,ก.,"รีบไป, รีบมา, เคียว หรือ เครียว ก็ใช้."
เขียว 1,ว.,"มีสีอย่างสีใบไม้สด, บางทีหมายถึงเขียวครามด้วย เช่น สุดหล้าฟ้าเขียว โกรธจนหน้าเขียว"
เขียว 2,ว.,กลิ่นเหม็นอย่างกลิ่นใบไม้สดบางชนิด เรียกว่า เหม็นเขียว.
เขียว 3,น.,"ชื่องูสีเขียวหลายชนิดหลายสกุลและหลายวงศ์ เช่น เขียวพระอินทร์ ( Chrysopelea ornata Shaw) ในวงศ์ Colubridae ลำตัวเรียวยาว อาศัยตามต้นไม้และชายคาบ้านเรือน ออกหากินเวลากลางวัน มีพิษอ่อนมาก, เขียวหางไหม้ท้องเหลือง ( Trimeresurus albolabris Gray) ในวงศ์ Viperidae ลำตัวอ้วนสั้น หางแดง ออกหากินเวลากลางคืน มีพิษอ่อนแต่เป็นอันตราย."
เขียว ๆ แดง ๆ 0,น.,กลุ่มผู้หญิงที่แต่งตัวหลากสี เช่น ไปดูเขียว ๆ แดง ๆ นอกบ้านเสียบ้าง.
เขี้ยวกระแต 0,น.,ชื่อไม้พุ่มชนิด Psilanthus bengalensis (Roxb. ex Schult.) J.-F. Leroy ในวงศ์ Rubiaceae ดอกสีขาว กลิ่นหอมแรงคล้ายพุทธชาด.
เขี้ยวแก้ว 0,น.,เขี้ยวของพระพุทธเจ้า เรียกว่า พระเขี้ยวแก้ว
เขี้ยวแก้ว 1,น.,"เขี้ยวของงูพิษ อยู่บริเวณส่วนหน้าของขากรรไกรบน มีขนาดใหญ่และยาว เช่น งูจงอาง งูเห่า งูเขียวหางไหม้, ถ้าอยู่บริเวณท้ายขากรรไกรบน เรียกว่า เขี้ยวแก้วใน หรือ เขี้ยวแก้วใต้ตา เช่น งูปล้องทอง งูเขียวหัวจิ้งจก"
เขี้ยวแก้ว 2,น.,เขี้ยวที่งอกอยู่กลางเพดานปากของหนุมาน.
เขียวขี้ม้า 0,ว.,สีกากีแกมเขียว.
เขียวไข่กา 0,น.,ชื่อชามสมัยก่อน สีเขียวปนครามอ่อน ๆ รูปก้นสอบ ปากผาย.
เขียวไข่กา 1,ว.,มีสีอย่างสีเขียวปนครามอ่อน ๆ.
เขี้ยวงู 0,น.,ชื่อไม้เถาหลายชนิดในสกุล Jasminum วงศ์ Oleaceae ดอกสีขาว ออกที่ปลายกิ่ง กลิ่นหอม.
เขี้ยวงู 1,น.,"ชื่อไม้เถาเนื้อแข็งชนิด Strychnos axillaris Colebr. ในวงศ์ Strychnaceae ดอกสีขาว ออกตามง่ามใบ, ขวากไก่ ก็เรียก."
เขี้ยวตะขาบ 0,น.,"เหล็กปลายแหลม ๒ ข้าง รูปคล้ายตัว U หรือเขี้ยวของตะขาบ สำหรับตอกเพลาะกระดานยึดให้แน่นสนิท, ตะปลิง ตัวปลิง หรือ ปลิง ก็เรียก"
เขี้ยวตะขาบ 1,น.,ชายผ้าสังฆาฏิของพระพุทธรูปในสมัยเชียงแสนและสุโขทัย มีลักษณะปลายผ้าย้อยต่ำแหลมลงมา ๒ ด้าน ปลายขมวดเข้าหากันคล้ายเขี้ยวของตะขาบ มีช่องตอนกลางยกสูง.
เขี้ยวเนื้อ 0,น.,"ชื่อไม้ต้นขนาดกลางชนิด Lagerstroemia undulata Koehne var. subangulata Craib ในวงศ์ Lythraceae ช่อดอกเรียวแหลม ดอกเล็ก สีชมพูคล้ำ, สมอร่อง ก็เรียก."
เขียวพระอินทร์ 0,น.,ชื่อปลาทะเลชนิด Thalassoma lunare (Linn.) ในวงศ์ Labridae ลำตัวยาวรี แบนข้าง สีเขียว และมีริ้วสีนํ้าเงินพาดขวางตลอดตัว ขนาดยาวได้ถึง ๒๐ เซนติเมตร บริเวณหัวมีแถบ ลวดลายสีม่วงแดง ครีบหางใหญ่สีเหลือง ปลายขอบบนและล่างสีแดง พบอาศัยอยู่ตามแนวหินปะการัง เมื่อขนาดยังเล็กมีพื้นสีนํ้าตาลแดงที่บริเวณกลางครีบหลังและโคนครีบหางมีจุดใหญ่สีดำ.
เขียวพระอินทร์ 1,น.,ชื่องูเขียวชนิดหนึ่ง. (ดู เขียว ๓).
เขี้ยวลากดิน 0,ว.,"มีเล่ห์เหลี่ยมมาก, มีประสบการณ์มาก."
เขี้ยวเล็บ 0,น.,"กำลัง, อำนาจ, ความเก่ง, เช่น ถอดเขี้ยวเล็บ หมดเขี้ยวเล็บ กองทัพต้องมีเขี้ยวเล็บ."
เขียวเสวย 0,น.,ชื่อมะม่วงพันธุ์หนึ่งของชนิด Mangifera indica L. ผลสีเขียว รสมัน.
เขี้ยวหนุมาน 0,น.,แร่ประกอบหินชนิดหนึ่ง มีรูปเป็นผลึกหกเหลี่ยม หัวท้ายแต่ละเหลี่ยมมีด้านสามเหลี่ยมเอนเข้าไปบรรจบกันเป็นยอดแหลมดูคล้ายฟันลิง แร่นี้มีแทบทุกสี ตั้งแต่ใสเหมือนกระจกจนขาวขุ่น ชมพู เขียว ม่วง ตลอดจนดำ.
เขี้ยวหมา 0,น.,ไม้หรือเหล็กทำคล้ายเดือยสำหรับเพลาะกระดาน ๒ แผ่นให้สนิท.
เขียวหวาน 0,น.,ชื่อแกงเผ็ดที่ใช้พริกขี้หนูสดแทนพริกแห้ง.
เขียวหวาน 1,น.,ดูใน เขียว ๒.
เขียวหวาน 2,น.,ชื่อส้มพันธุ์หนึ่งของชนิด Citrus reticulata Blanco เปลือกบาง ผลสีเขียว รสหวาน.
เขียวหวาน 3,น.,"ชื่อหนอนผีเสื้อกลางคืนหลายชนิด หลายสกุล ในวงศ์ Limacodidae มีขนแข็งคล้ายหนามปกคลุมทั้งตัวหรือเป็นกระจุก ปลายขนมีต่อมน้ำพิษเมื่อถูกตัวจะเกิดอาการปวดแสบปวดร้อน เมื่อเจริญวัยเปลี่ยนเป็นดักแด้และออกมาเป็นผีเสื้อกลางคืน เช่น ชนิด Parasa lepida (Cramer), ชนิด Miresa albipuncta (Herrich-Schäffer),เขียวหวาน ก็เรียก."
เขียวหัวจิ้งจก 0,น.,"ชื่องูขนาดกลางชนิด Ahaetulla prasina (Boie) ในวงศ์ Colubridae ยาวประมาณ ๑.๓ เมตร หัวและลำตัวเรียวยาว มีหลายสี ส่วนมากสีเขียวปลายหางสีนํ้าตาลแดง มักพบอาศัยบนต้นไม้ หากินเวลากลางวัน ส่วนใหญ่กินกิ้งก่า พบทั่วประเทศไทย มีพิษอ่อนมาก, บางครั้งเรียกชื่อตามสี เช่น ตัวสีส้มเรียก งูง่วงกลางดง ตัวสีเทาเรียก งูกล่อมนางนอน, เขียวหัวจิ้งจก เชือกกล้วย รากกล้วย หรือ แห้ว ก็เรียก."
เขียวหางไหม้ 0,น.,ชื่องูเขียวหลายชนิดในวงศ์ Viperidae ลำตัวอ้วนสั้น หัวโต คอเล็ก หลายชนิดปลายหางสีแดงหรือสีน้ำตาลซึ่งมีทั้งสีน้ำตาลอ่อนและน้ำตาลไหม้ ทุกชนิดออกหากินเวลากลางคืน มักมีนิสัยดุ มีพิษอ่อนแต่เป็นอันตราย เช่น เขียวหางไหม้ท้องเขียว ( Trimeresurus popeorum Smith) ปาล์ม ( T. wiroti Trutnau).
เขียะ 0,น.,ต้นกระบองเพชร. (ดู กระบองเพชร ๒).
เขือ 0,น.,ชื่อปลาในสกุล Taenioides และ Brachyamblyopus วงศ์ Gobioididae ลำตัวยาวเรียว แบนข้าง และเป็นสีชมพูโดยตลอด ยาวได้ถึง ๓๐ เซนติเมตร ตาเล็กมาก เกล็ดเล็กมากหลุดร่วงง่าย อาศัยอยู่ในรูบริเวณปากแม่น้ำที่มีพื้นเป็นเลน.
เขือ 1,น.,เพื่อน.
เขือ 2,ส.,คำใช้แทนผู้ที่เราพูดด้วย เป็นสรรพนามบุรุษที่ ๒ เช่น สองเขือพี่หลับใหล ลืมตื่น ฤๅพี่ (ลอ).
เขือง 0,น.,ชื่อไม้เถาหลายชนิดในสกุล Smilax วงศ์ Smilacaceae เถามีหนาม เหง้าแข็ง เช่น เขืองสร้อย ( S. davidiana A. DC.) ดอกสีขาวอมเขียว ผลกลม สุกสีแดง.
เขือง 1,น.,"ชื่อไม้พุ่ม ๒ ชนิด ในสกุล Leea วงศ์ Leeaceae คือ ชนิด L. indica (Burm. f.) Merr. ใบเป็นใบประกอบ ใบย่อยรูปไข่ปลายแหลม ดอกเล็ก สีขาวอมเขียว ออกเป็นช่อตามยอด ผลสีเขียว ใบใช้ทำยาได้, กะดังบาย ก็เรียก, และชนิด L. rubra Blume ex Spreng. ดอกมีก้านช่อดอกและผลสีแดง, เขือง ก็เรียก."
เขื่อง 0,ว.,"ค่อนข้างใหญ่, ค่อนข้างโต."
เขื่อง 1,น.,ที่ซึ่งปลาช่อนปลาดุกอาศัยอยู่เวลาไข่.
เขื่อน 0,น.,"เครื่องป้องกันไม่ให้ดินริมนํ้าพัง, สิ่งที่สร้างขึ้นขวางกั้นลำนํ้า เพื่อกักเก็บน้ำไว้ใช้ประโยชน์ในทางชลประทานเป็นต้น เช่น เขื่อนเจ้าพระยา, โดยปริยายใช้เรียกสิ่งอื่นที่มีลักษณะคล้ายคลึงเช่นนั้น เช่น กำแพงดินหรืออิฐที่ล้อมรอบต้นโพ"
เขื่อน 1,น.,"รั้ว, กำแพง, คันดินกันตลิ่งพัง, เช่น ปิดประตูเมืองลง เขื่อนขว้าง (ยวนพ่าย)."
เขื่อนเกก 0,น.,เรียกเสาเขื่อนที่เฉออก.
เขื่อนเพชร 0,น.,ตึกแถวมีผนังหลังตันหันออกมาข้างนอกในพระราชฐานเฉพาะตรงที่แบ่งข้างหน้ากับข้างในต่อกัน.
เขือม 0,ก.,เข้มแข็ง เช่น ทั้งอกไหล่ก็ผายผึ่งผงาดเงื้อมเขือมขยัน (ม. ร่ายยาว ชูชก).
แข 0,น.,"ดวงเดือน, พระจันทร์."
แข้ 0,น.,จระเข้ (ดู จระเข้).
แขก 0,น.,"ผู้มาหา, ผู้มาแต่อื่น, ผู้ที่มาร่วมงานพิธีของเจ้าภาพ, บางทีเรียกว่า แขกเหรื่อ"
แขก 1,น.,คนบ้านอื่นที่มาช่วยทำงาน.
แขก 2,น.,คำเรียกชาวอินเดีย ศรีลังกา ปากีสถาน บังกลาเทศ อัฟกานิสถาน เนปาล ชวา มลายู ชาวเอเชียตะวันออกกลางและตะวันออกใกล้ ยกเว้นชาวยิว แอฟริกาเหนือ และ นิโกร.
แขก 3,น.,คำนำหน้าชื่อเพลงไทยสำเนียงแขก เช่น แขกสาหร่าย แขกบรเทศ แขกกุลิต.
แขกเจ้าเซ็น 0,น.,"ชื่อเพลงไทยสำเนียงแขก อัตราชั้นเดียวและอัตรา ๒ ชั้น, แขกเจ้าเซ็น ก็เรียก."
แขกเต้า 0,น.,ชื่อนกปากขอขนาดกลางชนิด Psittacula alexandri (Linn.) ในวงศ์ Psittacidae ตาสีดำขอบเหลือง หัวสีเทา หน้าผากสีเทาอมเขียวมีเส้นสีดำลากผ่านไปจดหัวตาทั้ง ๒ ข้าง และมีแถบสีดำลากจากโคนปากลงไปทั้ง ๒ ข้างของคอคล้ายเครา ขนลำตัวสีเขียวอมเหลือง ตัวผู้ปากสีแดง ตัวเมียปากสีดำ มักอยู่เป็นฝูงใหญ่ กินผลไม้ เมล็ดพืช ร้องเลียนเสียงคนหรือเสียงอื่น ๆ บางอย่างได้.
แขกเต้าเข้ารัง 0,น.,ท่ารำท่าหนึ่ง.
แขกเมือง 0,น.,แขกของบ้านเมือง.
แขกไม่ได้รับเชิญ 0,น.,คนหรือสัตว์ที่ไม่พึงปรารถนาซึ่งเข้ามาทำให้เกิดความเสียหาย หรือเดือดร้อนรำคาญ มักหมายถึง ขโมยหรือสัตว์บางชนิด เช่น ก่อนนอนอย่าลืมปิดประตูหน้าต่าง มิฉะนั้นแขกไม่ได้รับเชิญจะขนของไปหมด กางเต็นท์นอนในป่าระวังแขกไม่ได้รับเชิญจะเข้ามา.
แข่ง 0,ก.,"ชิงเอาชนะกัน, ชิงดี, ชิงขึ้นหน้า."
แข้ง 0,น.,"ส่วนหน้าของขา ใต้เข่าลงไปถึงข้อเท้า, หน้าแข้ง ก็ว่า, ราชาศัพท์ว่า พระชงฆ์."
แข็ง 0,ว.,กระด้าง เช่น ลิ้นแข็ง
แข็ง 1,ว.,"ไม่อ่อน, ไม่นิ่ม, เช่น เนื้อแข็ง ของแข็ง"
แข็ง 2,ว.,กล้า เช่น แดดแข็ง
แข็ง 3,ว.,"ไม่ยอมง่าย ๆ, ไม่รู้สึกสงสาร, เช่น ใจแข็ง"
แข็ง 4,ว.,"แรง เช่น วันแข็ง ชะตาแข็ง, เข้มแข็ง, ทนทาน, เก่ง, เช่น ทำงานแข็ง วิ่งแข็ง"
แข็ง 5,ว.,ว่ายาก เช่น เด็กคนนี้แข็ง
แข็ง 6,ว.,"นิ่งไม่ไหวติง, ไม่กระดิกกระเดี้ย, เช่น ขาแข็ง ตัวแข็ง."
แข็งกร้าว 0,ว.,"แข็งกระด้าง, ไม่นุ่มนวล."
แข็งกล้า 0,ว.,กล้ายิ่งนัก.
แข่งกับเวลา 0,ก.,ทำอย่างรวดเร็ว เช่น ทำงานแข่งกับเวลา.
แข่งเกมวิบาก 0,น.,การเล่นชนิดหนึ่ง ผู้เล่นต้องวิ่งข้ามสิ่งกีดขวางหรือทำกิจกรรมที่ยาก ๆ เช่น ใช้ปากควานหาสตางค์ในแป้ง สนเข็ม เป่าลูกโป่งให้แตก ใครทำเสร็จและวิ่งถึงเส้นชัยก่อนเป็นผู้ชนะ.
แข็งแกร่ง 0,ว.,อดทนไม่ท้อถอย.
แข้งไก่ 0,น.,"ชื่อปลาทะเลชนิด Megalaspis cordyla (Linn.) ในวงศ์ Carangidae ลำตัวเพรียว แบนข้างเล็กน้อย เรียวลู่ไปทางคอดหางซึ่งแคบมากและเป็นเหลี่ยมแข็งคล้ายแข้งไก่ หน้าครีบก้นมีกระดูกเป็นหนามแข็ง ๒ อัน พับซ่อนในร่องเนื้อได้ ตาโตมีหนังตาไขมัน ปากกว้าง ครีบอกยาวใหญ่เป็นรูปเคียว ครีบหางเป็นแฉกกว้าง ท้ายครีบหลังและครีบก้นมีครีบฝอย ๗-๑๐ ครีบ เรียงห่างกัน เกล็ดเล็กแต่เฉพาะที่อยู่ในแนวเส้นข้างตัวจนถึงข้างหางขยายใหญ่มาก ด้านบนของหัวและลำตัวมีสีเขียวอมเทา ด้านท้องมีสีขาวเงิน ขอบแผ่นปิดเหงือกมีจุดสีดำใหญ่ ว่ายน้ำเร็ว อยู่เป็นฝูงใกล้ผิวน้ำ ขนาดยาวได้ถึง ๘๐ เซนติเมตร, ขาไก่ อีลอง อีโลง หรือ หางแข็ง ก็เรียก."
แข็งข้อ 0,ก.,"ไม่ยอมตาม, ตั้งข้อสู้."
แข่งขัน 0,ก.,"ชิงเอาชนะเพื่อรางวัล, ขันสู้เอาชนะกัน."
แข็งขัน 0,ว.,"ขยันไม่ย่อท้อ, เอาจริงเอาจัง, มีกำลังมาก."
แข็งใจ 0,ก.,"ทำใจให้กล้า, ทำใจให้เข้มแข็ง."
แข่งดี 0,ก.,"มุ่งเอาชนะชิงดีชิงเด่นโดยไม่ยอมลดราวาศอกให้แก่กัน, มุ่งเอาชนะชิงดีชิงเด่นโดยไม่ยอมผ่อนปรนให้แก่กัน."
แข็งตัว 0,ก.,เปลี่ยนสภาพไปมีลักษณะแข็ง.
แข็งมือ 0,ก.,ทำเต็มกำลังไม่ย่อท้อ.
แข็งเมือง 0,ก.,"กลับตั้งเป็นอิสระ, ไม่ยอมเป็นเมืองขึ้นอีกต่อไป."
แข่งเรือแข่งแพแข่งได้ แข่งบุญแข่งวาสนาแข่งไม่ได้ 0,ก.,รู้ประมาณความสามารถของตนไม่อาจเอื้อมเกินตัว.
แข็งแรง 0,ว.,"มีกำลังมาก, ลํ่าสัน, มั่นคง, คงทน, อย่างเต็มกำลัง เช่น ทำงานแข็งแรง."
แข้งสิงห์ 0,น.,ส่วนหน้าของขาสิงห์ตรงที่เป็นสัน
แข้งสิงห์ 1,น.,เรียกการพันกระดาษซึ่งซอยให้เป็นชิ้นเล็ก ๆ ที่ด้ามธง ว่า พันแข้งสิงห์.
แข่น 0,ก.,ข้นจวนแห้งจวนแข็ง เช่น เลือดแข้น.
แข่น 1,ว.,แข็ง เช่น อาหารแข้น.
แข้น 0,ก.,ข้นจวนแห้งจวนแข็ง เช่น เลือดแข้น.
แข้น 1,ว.,แข็ง เช่น อาหารแข้น.
แขน 0,น.,"อวัยวะที่ต่อจากไหล่ทั้ง ๒ ข้าง, (ราชา) เรียกอวัยวะตั้งแต่ศอกไปถึงไหล่ว่า พระพาหา ตั้งแต่ศอกไปถึงมือว่า พระกร"
แขน 1,น.,เรียกสิ่งที่ยื่นออกไปจากส่วนใหญ่เหมือนรูปแขน เช่น แขนเสื้อ ไม้เท้าแขน.
แขน 2,น.,เรียกสายเสื้อชั้นในของผู้หญิง.
แขนกระบอก 0,น.,เรียกเสื้อที่มีแขนเป็นรูปกระบอกยาวถึงข้อมือ ปลายแขนตรง ไม่มีจีบ ว่า เสื้อแขนกระบอก.
แขนขวา 0,น.,บริวารหรือผู้ใต้บังคับบัญชาที่เป็นหัวเรี่ยวหัวแรงเปรียบเสมือนแขนข้างขวา.
แขนคู้ 0,น.,ชื่อดาวฤกษ์อาศเลษา.
แขนง 0,น.,"กิ่งไม้เล็ก ๆ ที่แตกใหม่จากลำของไม้พวกไม้ไผ่, กิ่งไม้เล็ก ๆ ที่แยกออกจากกิ่งใหญ่, โดยปริยายหมายถึงส่วนย่อยที่แยกจากส่วนใหญ่ เช่น วิชาฟิสิกส์เป็นแขนงหนึ่งของวิชาวิทยาศาสตร์."
แขนง 1,ก.,"แหนง, แคลง, เช่น และแขนงหฤทัยนาง (ม. คำหลวง มัทรี)"
แขนง 2,ก.,ใช้ในการต่อของให้ราคาตํ่า ถือเป็นลางบอกว่าจะขายไม่ได้ราคาดีต่อไป.
แขนง 3,ก.,"ชื่อเต่าบกขนาดกลางชนิด Indotestudo elongata (Blyth) ในวงศ์ Testudinidae หัวสีเหลือง กระดองหลังสีเหลืองมีลายเปรอะสีน้ำตาล กระดองท้องสีเหลืองไม่มีลาย กินพืช เช่น หญ้าเพ็ก, เพ็ก ขี้ผึ้ง เทียน หรือ แขนง ก็เรียก."
แขนซ้ายแขนขวา 0,น.,บริวารหรือผู้ใต้บังคับบัญชาที่เป็นหัวเรี่ยวหัวแรงเปรียบเสมือนแขนซ้ายแขนขวา.
แขนทุกข์ 0,น.,ปลอกแขนสีดำสำหรับสวมติดแขนเสื้อข้างซ้ายเป็นการแสดงความไว้อาลัยต่อคนตาย.
แขนนาง 0,น.,ชื่อดาวฤกษ์วิศาขา.
แขนนาง 1,น.,เครื่องค้ำยันชายคาเรือนเครื่องสับ ทำด้วยไม้หรือเหล็ก.
แขนพับ 0,น.,ส่วนของแขนตรงที่พับได้.
แขนะ 0,ก.,"แกะ, สลัก, เจาะ."
แขนะ 1,น.,"กรรมวิธีในการสร้างงานประติมากรรมตกแต่ง หรือวิธีการทางช่างจุลศิลป์ประเภทหนึ่ง โดยใช้สมุกปั้นเป็นลวดลายหรือรูปภาพติดเข้ากับพื้นไม้หรือพื้นกระดาษ เช่น ปั้นหน้ายักษ์หน้าลิงติดลงบนกะโหลกปิดกระดาษทำเป็นหัวโขน, กระแหนะ ก็ว่า."
แขม 0,น.,"ชื่อไม้ล้มลุกชนิด Saccharum arundinaceum Retz. ในวงศ์ Gramineae มักขึ้นตามชายนํ้า ชายป่า และชายเขาที่ชุ่มชื้น, พง ก็เรียก."
แขม 1,น.,"คนเขมร, เขียนเป็น แขมร์ ก็มี."
แขม็บ 0,ว.,"หายใจแผ่ว ๆ แสดงว่าจวนจะหมดกำลัง, กระแหม็บ หรือ กระแหม็บ ๆ ก็ว่า."
แขม็บ ๆ 0,ว.,"หายใจแผ่ว ๆ แสดงว่าจวนจะหมดกำลัง, กระแหม็บ หรือ กระแหม็บ ๆ ก็ว่า."
แขม่ว 0,ก.,"ผ่อนลมหายใจให้ท้องยุบลง, บังคับกล้ามเนื้อท้องให้ท้องยุบลง, กระแหม่ว ก็ว่า."
แขย็ก ๆ 0,ว.,"อาการที่ปีนขยับขึ้นไปทีละน้อย ๆ ขึ้นไปได้ไม่สะดวก เช่น ปีนต้นไม้แขย็ก ๆ, อาการที่ขยับไปทีละน้อย ๆ เพราะไปไม่ถนัด เช่น ถีบจักรยานแขย็ก ๆ เดินแขย็ก ๆ."
แขย่ง 0,ว.,"แขย็ก ๆ, อาการที่ปีนขยับขึ้นไปทีละน้อย ๆ ขึ้นไปได้ไม่สะดวก, เช่น ผ้าคาดพุงผูกพันขยันตะแบง แขย่งเข่นฆ่าพร้าขัดเอว (ม. ร่ายยาว ชูชก), มักใช้พูดเข้าคู่กับคำ เขย้อ เป็น เขย้อแขย่ง."
แขยง 0,น.,ชื่อปลานํ้าจืดแทบทุกชนิดในวงศ์ Bagridae มีตั้งแต่ขนาดเล็กถึงขนาดใหญ่ ยาวได้ถึง ๕๐ เซนติเมตร ไม่มีเกล็ด มีหนวดยาว ๔ คู่ ส่วนหน้าสุดของครีบหลังตอนแรกและครีบอกมีก้านครีบแข็ง ๑ ก้าน หยักเป็นหนามคม ถัดไปเป็นก้านครีบอ่อน ส่วนครีบท้องตอนที่ ๒ เป็นครีบไขมันลักษณะเป็นแผ่นเนื้อขนาดเล็กหรือใหญ่ขึ้นกับชนิดของปลา ครีบก้นสั้น รูปร่างคล้ายปลากดแต่มีขนาดเล็กกว่า เช่น แขยงหินหรือกดหิน ( Pseudomystus siamensis Regan) แขยงใบข้าว [ Mystus cavasius (Hamilton-Buchanan)] แขยงธงหรือแขยงหมู ( M. bocourti Bleeker) แขยงวังหรือแขยงหนู ( Bagrichthys obscures Bleeker).
แขยง 1,ก.,"เกลียดเมื่อได้เห็นหรือถูกต้องสิ่งที่สกปรก น่ารังเกียจ หรือน่าเกลียดน่ากลัว หรือเมื่อนึกถึงสิ่งนั้น, ขยะแขยง ก็ว่า."
แขยงแขงขน 0,ก.,สะอิดสะเอียนจนขนลุก.
แขยงหนู 0,น.,"ชื่อปลาแขยงชนิดหนึ่ง, แขยงวัง ก็เรียก. (ดู แขยง ๑)."
แขยงหนู 1,น.,"ชื่อปลาชนิด Mystus gulio (Hamilton) ในวงศ์ Bagridae ไม่มีเกล็ด มีหนวดยาว ๔ คู่ หัวแบนลง ปากอยู่ตํ่าที่ตอนปลายของหัว ครีบหลังตอนที่ ๒ ซึ่งเป็นแผ่นเนื้อมีขนาดเล็ก ลำตัวและครีบมีเพียงพื้นสีนํ้าตาลคลํ้าหรือเทาดำ มีชุกชุมทั่วไปตามแหล่งนํ้าจืดใกล้ทะเล บางครั้งจับได้ในนํ้ากร่อย ขนาดยาวได้ถึง ๒๕ เซนติเมตร, แขยงหนู ก็เรียก."
แขละ 0,น.,ลายเกลียวเส้นลวดเล็ก ๆ ส่วนมากนิยมทำไว้ตรงโคนกระเปาะที่ฝังหัวแหวนแบบโบราณชนิดเม้มหรือล้มขอบ.
แขวก 0,น.,ชื่อนกยางขนาดกลางชนิด Nycticorax nycticorax (Linn.) ในวงศ์ Ardeidae หัวค่อนข้างโต คอสั้น ท้ายทอยมีขนหงอนคล้ายผมเปีย ๒-๓ เส้น ขนลำตัวด้านบนสีเขียวอมเทา ขนลำตัวด้านล่างสีขาว ขาสั้นกว่านกยางชนิดอื่น อยู่เป็นฝูง หากินในเวลากลางคืน กินปลาและสัตว์ขนาดเล็ก.
แขวง 0,น.,"เขต, แดน, ส่วน, ฝ่าย, อาณาบริเวณที่กำหนดไว้เพื่อสะดวกในการปฏิบัติราชการอย่างใดอย่างหนึ่ง."
แขวน 0,ก.,เกี่ยวห้อยอยู่.
แขวน 1,น.,"ตัวไม้โครงหลังคา เป็นเครื่องยึดเหนี่ยวระหว่างเต้ากับจันทันระเบียง, ค้างคาว หรือ โตงเตง ก็เรียก."
แขวนคอ 0,ก.,เอาเชือกหรือผ้าเป็นต้นผูกคอห้อยไว้บนที่สูงเช่นบนต้นไม้ ไม่ให้เท้าถึงพื้นเพื่อให้ตาย เป็นการประหารชีวิตนักโทษแบบหนึ่งของชาวตะวันตกบางประเทศ.
แขวนนวม 0,ก.,"เลิกชกมวย, โดยปริยายหมายถึง เลิก, หยุด."
แขวนลอย 0,น.,"ภาวะที่อนุภาคซึ่งมีขนาดจำกัดแผ่กระจายอยู่ในของไหลหรือของแข็งโดยไม่ละลายหรือสลายตัวรวมเป็นเนื้อเดียวกับของไหลหรือของแข็งนั้น, สารที่อยู่ในภาวะเช่นนี้เรียกว่า สารแขวนลอย เช่น ฝุ่นในอากาศ หยดนํ้าเล็ก ๆ ในแก๊ส."
แขวะ 0,ก.,เอาสิ่งมีคมแหวะคว้านให้กว้าง
แขวะ 1,ก.,พูดชวนวิวาท.
แขสร์ 0,น.,กระแส
แขสร์ 1,น.,เส้นเชือก.
โข 0,ว.,มาก.
โขก 0,ก.,"ควํ่าภาชนะเป็นต้นแล้วเคาะลงที่สิ่งใดสิ่งหนึ่งโดยแรง, กิริยาที่ควํ่าหน้าลงแล้วเอาหน้าผากกระแทกพื้นเป็นต้น เช่น เอาหน้าผากโขกพื้น."
โขกสับ 0,ก.,ด่าว่าข่มขี่.
โขง 0,ว.,"มีกลิ่นเหม็นอย่างเนื้อเน่าที่ค้างหลายวัน, โขลง ก็ว่า."
โข่ง 0,น.,"ชื่อหอยนํ้าจืดกาบเดี่ยวหลายชนิด ในวงศ์ Ampullariidae เปลือกสีเขียวคลํ้า มีขนาดใหญ่กว่าหอยขม ก้นหอยสั้น วงสุดท้ายใหญ่ค่อนข้างกลม เช่น ชนิด Pila Ampullacea (Linn.), P. polita (Deshayes)."
โข่ง 1,ว.,"เปิ่น, ไม่เข้าท่า"
โข่ง 2,ว.,โค่ง.
โข่งทะเล 0,น.,"ชื่อหอยทะเลกาบเดี่ยว หลายชนิด ในวงศ์ Haliotidae เปลือกแบนค่อนข้างกลมหรือรี ผิวขรุขระ ใกล้ขอบเปลือกมีรูเรียงเป็นแถว สีเขียวหรือสีน้ำตาล ด้านในเป็นมุก เช่น ชนิด Haliotis asinina Linn. เป็นอาหารทะเลที่มีราคาแพง ปัจจุบันมีการเพาะเลี้ยงเชิงพาณิชย์, โข่งทะเล ก็เรียก."
โขด 0,น.,"ดินหรือหินที่สูงขึ้นเป็นโคกเป็นเนิน, ดิน หิน หรือทรายที่เป็นจอมสูงขึ้นพ้นนํ้าบ้าง อยู่ใต้นํ้าบ้าง."
โขดง 0,น.,"กระโดง, ใบเรือ."
โขน 0,น.,การเล่นอย่างหนึ่งคล้ายละครรำ มักเล่นเรื่องรามเกียรติ์ โดยผู้แสดงสวมหัวจำลองต่าง ๆ ที่เรียกว่า หัวโขน.
โขน 1,น.,ไม้ที่ต่อเสริมหัวเรือท้ายเรือให้งอนเชิดขึ้นไป เรียกว่า โขนเรือ
โขน 2,น.,เรียกเรือชนิดหนึ่งที่มีโขน ว่า เรือโขน เช่น เรือโขนขนาดใหญ่น้อย เหลือหลาย (ลิลิตพยุหยาตรา)
โขน 3,น.,ไม้ประกับหัวท้ายส่วนสุดโค้งของรางระนาด ฆ้องวง หรือส่วนปลายสุดของซอด้วง.
โขนง 0,น.,"ขนง, คิ้ว."
โขม 0,น.,ผักโขม. [ดู ขม ๒ (๑)].
โขม- 0,น.,"โกษม, ผ้าใยไหม (ผ้าลินิน), ผ้าขาว, ผ้าป่าน, ใช้เป็นศัพท์ประกอบว่า โขมพัตถ์ โขมพัสตร์ และแผลงเป็น โขษมพัสตร์ ก็มี."
โขมง 0,ก.,พลุ่งออกมาพร้อมกันมาก ๆ เช่น ควันโขมง.
โขมง 1,ว.,"ฟุ้ง, เอ็ดอึง, เช่น คุยโขมง."
โขมด 0,น.,ชื่อผีชนิดหนึ่งในพวกผีกระสือหรือผีโพง เห็นเป็นแสงเรืองวาวในเวลากลางคืน ทำให้หลงผิดนึกว่ามีคนถือไฟหรือจุดไฟอยู่ข้างหน้า พอเข้าไปใกล้ก็หายไป ทางวิทยาศาสตร์อธิบายว่า ได้แก่แก๊สมีเทน (methane) ที่เกิดจากการเน่าเปื่อยผุพังของสารอินทรีย์แล้วติดไฟในอากาศ เป็นแสงวอบแวบในที่มืด.
โขมด 1,น.,กระหมวด
โขมด 2,น.,จอมประสาทหัวช้าง.
โขมดยา 0,น.,"ชื่อเรือที่ขุดขึ้นจากซุงทั้งต้น ใหญ่กว่าเรือกราบ รูปร่างค่อนข้างเพรียว หัวและท้ายเรือเสริมไม้ต่อเป็นโขนงอนเชิดขึ้น ด้านข้างหัวเรือเขียนลวดลายด้วยนํ้ายาสีต่าง ๆ วางกระทงขวางลำสำหรับคนนั่งพายได้ประมาณ ๕๐ คน เป็นเรือตามเสด็จในการเสด็จพระราชดำเนินโดยกระบวนพยุหยาตราชลมารคหรือเสด็จพระราชดำเนินลำลองทางชลมารค ใช้เป็นเรือกันหรือเรือพิฆาตได้, ขมวดยา ก็ว่า."
โขยก 0,ก.,เดินหรือวิ่งด้วยอาการคล้ายกระโดด.
โขยกเขยก 0,ว.,กะโผลกกะเผลก.
โขยง 0,น.,"พวก, หมู่, ฝูง."
โขยง 1,ว.,หมดด้วยกัน.
โขย่ง 0,ก.,"กระโหย่ง, ทำให้สูงขึ้น."
โขยด 0,ว.,วิ่งอย่างกระโดด เช่น ทั้งพระยากาสรตัวกล้าก็ลับเขาโขยดโลดลองเชิง (ม. ร่ายยาว กุมาร).
โขยม 0,น.,"ขยม, ข้า, บ่าว, เช่น ไว้โขยมวัดสามครัว (พงศ. โยนก)."
โขลก 0,ก.,ตำให้เข้ากัน หรือให้เหนียว หรือให้แหลก.
โขลก 1,ว.,เสียงดังเช่นนั้น เช่น เสียงไอโขลก ๆ.
โขลก ๆ 0,ก.,ตำให้เข้ากัน หรือให้เหนียว หรือให้แหลก.
โขลก ๆ 1,ว.,เสียงดังเช่นนั้น เช่น เสียงไอโขลก ๆ.
โขลง 0,น.,ฝูง (ใช้เฉพาะช้าง).
โขลง 1,ว.,"มีกลิ่นเหม็นอย่างเนื้อเน่าที่ค้างหลายวัน, โขง ก็ว่า."
โขลน 0,น.,ตำแหน่งผู้ควบคุมกำลังทางทหาร
โขลน 1,น.,"เจ้าหน้าที่ประจำศาสนสถาน, เขียนเป็น โขลญ ก็มี เช่น มอบไว้ในความดูแลของโขลญพล (จารึกสยาม)."
โขลน 2,น.,เจ้าพนักงานหญิงมีหน้าที่รักษาความสงบเรียบร้อยในพระราชฐานชั้นในของพระราชวังหลวงและวังหน้า.
โขลนทวาร 0,น.,"ประตูป่า, ประตูป่าที่ทำตามตำราพราหมณ์ คือทำเป็นประตูสะด้วยใบไม้ให้ทหารผู้ไปทัพนั้นลอดไป มีพราหมณ์คู่หนึ่งนั่งบนร้านสูง ๒ ข้างประตูคอยประนํ้าเทพมนตร์ เพื่อเป็นชัยมงคลแก่กองทัพที่ยกไป เรียกว่า เบิกโขลนทวาร."
โขษม 0,น.,"ผ้าใยไหม (ผ้าลินิน), ผ้าขาว, ผ้าป่าน. (ป. โขม"
โขษม 1,ส.,เกฺษาม).
ไข้ 0,น.,ความเจ็บป่วย เช่น ไข้จับสั่น ไข้ทรพิษ ไข้หวัด ไข้หวัดใหญ่
ไข้ 1,น.,อาการที่มีอุณหภูมิของร่างกายผิดจากระดับปรกติเนื่องจากความเจ็บป่วย.
ไข 0,น.,"มันข้น, นํ้ามันที่ได้จากสัตว์ พืช หรือแร่ ที่แข็งตัวในอุณหภูมิปรกติ"
ไข 1,น.,น้ำมันที่มีสถานะเป็นของแข็งเนื่องจากอยู่ในอุณหภูมิต่ำ.
ไข่ 0,น.,"ตัวสืบพันธุ์ประกอบด้วยเซลล์สืบพันธุ์เพศเมีย อาหาร และสิ่งห่อหุ้มซึ่งอาจจะเป็นไข่ขาว วุ้น เยื่อถุงไข่ หรือเปลือก ส่วนมากมีรูปร่างกลม จะมีตัวอ่อนภายในหรือไม่ก็ได้, ฟอง ก็เรียก, ลักษณนามว่า ฟอง ลูก หรือ ใบ"
ไข่ 1,น.,เรียกสิ่งที่เป็นเม็ดกลม ๆ เล็ก ๆ ที่มีอยู่ตามใบไม้บางชนิด เช่น ไข่ชะอม ไข่ปรง
ไข่ 2,น.,ลูกอัณฑะ.
ไข่ 3,ก.,ตกฟอง เช่น แม่ไก่ไข่ออกมา ๓ ฟอง.
ไข 2,ก.,"กวดสิ่งที่ยังหลวมอยู่ให้แน่นหรือทำสิ่งที่แน่นอยู่ให้หลวม เช่น ไขตะปูควง ไขนอต, หมุน เช่น ไขลาน ไขกระจก"
ไข 3,ก.,"บอก, อธิบาย, ขยาย, เช่น ไขความ ไขข่าว ไขปัญหา."
ไข่ 4,น.,ชื่อกล้วยพันธุ์หนึ่งเป็นลูกผสมของกล้วยป่า ( Musa acuminata Colla) ผลเล็ก เปลือกบาง ไม่มีเมล็ด บางพันธุ์มีกระที่เปลือก.
ไข่กบ 0,ก.,"กินเลี้ยงในงานมงคล [สี่ถ้วย คือ ขนม ๔ อย่าง อย่างละถ้วย ได้แก่ ไข่กบ (สาคูหรือเมล็ดแมงลัก), นกปล่อย (ลอดช่อง), มะลิลอย (ข้าวตอก), อ้ายตื้อ (ข้าวเหนียว) มีนํ้ากะทิใส่ชามอยู่กลาง]."
ไขกระดูก 0,น.,เนื้อส่วนในของกระดูก บางแห่งเป็นที่สร้างเม็ดเลือดชนิดต่าง ๆ ของร่างกาย.
ไข้กาฬ 0,น.,"ไข้ที่มีผื่นและการเปลี่ยนแปลงอย่างอื่นทางผิวหนัง มีลักษณะอาการและความรุนแรงต่าง ๆ กัน ตั้งแต่เป็นเม็ดเล็ก ๆ เหมือนหัวเข็มหมุด จนถึงปื้นใหญ่ ๆ ในรายที่รุนแรงมากอาจมีเลือดออกใต้ผิวหนังบริเวณผื่นหรือปื้น และผิวหนังจะเปลี่ยนเป็นสีคล้ำ, ไข้กาฬ หรือ ไข้ส่า ก็เรียก."
ไข้กาฬนกนางแอ่น 0,น.,ไข้ติดเชื้อเฉียบพลันของเยื่อหุ้มสมอง มีอาการไข้ ซึม คอแข็ง หลังแอ่น และมีผื่นชนิดตกเลือดใต้ผิวหนัง ต่อมาสีของผื่นจะเปลี่ยนเป็นคลํ้า.
ไข้กาฬหลังแอ่น 0,น.,ไข้ติดเชื้อเฉียบพลันของเยื่อหุ้มสมอง มีอาการไข้ ซึม คอแข็ง หลังแอ่น และมีผื่นชนิดตกเลือดใต้ผิวหนัง ต่อมาสีของผื่นจะเปลี่ยนเป็นคลํ้า.
ไข้กำเดา 0,น.,ไข้ชนิดหนึ่งที่เกิดจากหวัด.
ไข่ไก่ 0,ว.,มีสีเหลืองอมแดงน้อย ๆ ดังเปลือกไข่ไก่ เรียกว่า สีไข่ไก่.
ไข่ขวัญ 0,น.,"ไข่ปอกที่เสียบไม้ปักไว้บนยอดบายศรี, ไข่ข้าว ก็เรียก. (ดู ขวัญ)"
ไข่ขวัญ 1,น.,"ไข่งูที่อยู่บนยอดกลางกองไข่, ไข่ลูกยอด ก็เรียก."
ไขข้อ 0,น.,นํ้าหล่อลื่นข้อของร่างกาย.
ไข่ขาง 0,น.,ไข่แมลงวัน. (ดู ขาง).
ไข่ขาว 0,น.,ส่วนของไข่สัตว์ เช่น ไข่ของนก ไข่ของสัตว์เลื้อยคลาน มีสีขาวใสอยู่รอบ ๆ ไข่แดง เป็นสารโปรตีนทำหน้าที่ป้องกันส่วนที่เป็นเซลล์ของไข่ เวลาเซลล์ของไข่แบ่งตัวเจริญเป็นตัวอ่อน ไข่ขาวจะเป็นอาหารของตัวอ่อนด้วย
ไข่ขาว 1,น.,"กลุ่มของโปรตีน ซึ่งมีนํ้าหนักโมเลกุลประมาณ ๖๕,๐๐๐ ถึง ๗๐,๐๐๐."
ไข่ข้าว 0,น.,ไข่ที่ฟักไม่เป็นตัวต้มแล้วแข็งและเหนียวผิดปรกติ
ไข่ข้าว 1,น.,"ไข่ปอกที่เสียบไม้ปักไว้บนยอดบายศรี, ไข่ขวัญ ก็เรียก. (ดู ขวัญ)."
ไขควง 0,น.,ชื่อเหล็กเครื่องมือมีด้าม ทางปลายแบนหรือเป็นแฉก ๆ สำหรับไขตะปูควง.
ไข้ความร้อน 0,น.,ไข้ที่ขึ้นเร็วและสูงเพราะถูกความร้อนจัด อาจมีอาการปวดศีรษะ เวียนศีรษะ ชัก และต่อไปอาจสลบโดยไม่มีเหตุอื่นร่วม.
ไข่เค็ม 0,น.,"ไข่ที่ดองนํ้าเกลือ, ไข่ที่พอกด้วยขี้เถ้าหรือแกลบผสมเกลือ มักทำจากไข่เป็ด มีรสเค็ม, ไข่พอก ก็เรียก."
ไข่จระเข้ 0,ว.,เรียกของที่มีลักษณะคล้ายไข่จระเข้ เช่น โถไข่จระเข้.
ไข่จะละเม็ด 0,น.,เรียกไข่เต่าทะเลทุกชนิด.
ไข้จับสั่น 0,น.,"ไข้ที่เกิดเพราะถูกยุงก้นปล่องที่มีเชื้อมาลาเรียกัด มีอาการหนาวและสั่น, ไข้มาลาเรีย ก็ว่า."
ไข่จิ้งจก 0,น.,ถั่วลิสงเคลือบนํ้าตาลหรือลูกกวาดสีต่าง ๆ ทำเม็ดเล็ก ๆ ขนาดไข่จิ้งจก.
ไข่จิ้งหรีด 0,น.,ชื่อขนมอย่างหนึ่งทำด้วยข้าวตากคั่วจนพองเหลืองกวนกับนํ้าตาลปีบที่เคี่ยวเหนียว บางทีโรยมะพร้าวขูดด้วย.
ไข่เจียว 0,น.,"ไข่ที่ตีไข่แดงกับไข่ขาวให้เข้ากันแล้วทอดนํ้ามัน, ถ้านํ้ามันมากจนไข่ที่เจียวฟู เรียก ไข่ฟู, ถ้ามีเนื้อหมูสับผสมด้วย เรียก ไข่เจียวหมูสับ."
ไข้ใจ 0,น.,ความระทมใจเนื่องจากผิดหวังในความรักเป็นต้น.
ไข่ญี่ปุ่น 0,น.,ไข่ลูกเขย.
ไข่ดัน 0,น.,ต่อมนํ้าเหลืองที่อยู่ใต้ผิวหนังของบริเวณขาหนีบ ซึ่งเป็นแนวต่อระหว่างลำตัวกับต้นขา มีหน้าที่กักและทำลายเชื้อโรคที่อาจผ่านเข้าในร่างกายท่อนบน.
ไข่ดันหมู 0,น.,ไตหมู.
ไขดาล 0,ก.,ทำให้ลูกดาลที่ลงไว้เปิดออก.
ไข่ดาว 0,น.,ไข่ทอดทั้งลูกโดยไม่ต้องตีไข่แดงกับไข่ขาวให้เข้ากัน.
ไข่แดง 0,น.,ส่วนของไข่สัตว์ เช่น ไข่ของนก ไข่ของสัตว์เลื้อยคลาน อยู่รอบส่วนที่จะเจริญเป็นตัวอ่อน มักมีสีเหลืองหรือแดง เป็นสารประเภทไขมันที่สะสมไว้สำหรับเลี้ยงตัวอ่อนขณะที่เติบโต.
ไข้แดด 0,น.,ไข้ที่ขึ้นเร็วและสูงเพราะถูกความร้อนจัด อาจมีอาการปวดศีรษะ เวียนศีรษะ ชัก และต่อไปอาจสลบโดยไม่มีเหตุอื่นร่วม.
ไข้แดด 1,น.,ไข้ที่ขึ้นเร็วและสูงเพราะถูกแดดจัด อาจมีอาการปวดศีรษะ เวียนศีรษะ ชัก และต่อไปอาจสลบโดยไม่มีเหตุอื่นร่วม.
ไข่ตายโคม 0,น.,ไข่เป็ดหรือไข่ไก่ที่ฟักเป็นตัวแล้วแต่ตายเสียก่อนออกจากไข่.
ไข่ตุ๋น 0,น.,ไข่ที่ตีไข่แดงกับไข่ขาวให้เข้ากันแล้วนึ่ง.
ไข่เต่า 0,น.,ชื่อขนมอย่างหนึ่งทำด้วยแป้งต้มกับกะทิ มีสีขาวรสมันเค็ม มักกินผสมกับขนมปลากริม.
ไข่เต่า 1,น.,ดูใน ไข่ ๑.
ไข่เต่า 2,น.,ชื่อมะเขือขื่นพันธุ์หนึ่ง สีขาว เนื้อกรอบ.
ไข่เต่า 3,น.,"ชื่อไม้พุ่มชนิด Polyalthia debilis (Pierre)Finet et Gagnep. ในวงศ์ Annonaceae ขึ้นตามป่าโปร่งดินทราย ผลเป็นข้อ ๆ, กล้วยเต่า ก็เรียก."
ไข้ทรพิษ 0,น.,"ชื่อโรคระบาดชนิดหนึ่ง เกิดจากเชื้อไวรัส มีอาการไข้สูงแล้วมีผื่นขึ้นดาษตามใบหน้าและลำตัว ต่อมาผื่นจะกลายเป็นตุ่ม ตุ่มใส ตุ่มหนอง และตกสะเก็ด ตามลำดับ เมื่อหายแล้วมีแผลเป็นเป็นรอยบุ๋ม, ฝีดาษ ก็เรียก, โบราณเรียก ไข้หัว."
ไข้ทับระดู 0,น.,ไข้ขณะที่กำลังมีระดูหรือระดูเพิ่งหยุด.
ไข่นกกระสา 0,น.,ชื่อขนมอย่างหนึ่งทำด้วยสาคูเม็ดเล็กผสมนํ้าตาลปีบ ปั้นเป็นก้อน นึ่ง มีไส้ทำด้วยถั่วเขียวนึ่งผัดกับพริกไทย.
ไขน้ำ 0,ก.,ปล่อยนํ้าที่ขังอยู่ให้ไหล เช่น ไขนํ้าเข้านา.
ไข่น้ำ 0,น.,"ชื่อไม้นํ้าชนิด Wolffia globosa (Roxb.) Hartog et Plas ในวงศ์ Lemnaceae เกาะกันเป็นกลุ่มลอยอยู่ในนํ้า ลักษณะเป็นเม็ดเขียว ๆ กลม ๆ เล็ก ๆ ขนาดเม็ดทราย ไม่มีราก เป็นพืชที่เล็กที่สุดในจำพวกพืชมีดอก กินได้, ไข่นํ้า หรือ ผำ ก็เรียก."
ไข่น้ำค้าง 0,น.,"นํ้าใส ๆ ที่ติดอยู่ในเปลือกไข่ด้านป้าน ใช้ผสมไข่แดงทำฝอยทอง, น้ำต้อย ก็เรียก."
ไข่เน่า 0,น.,ชื่อไม้ต้นขนาดกลางชนิด Vitex glabrata R. Br. ในวงศ์ Labiatae ขึ้นตามป่าดิบและที่ราบลุ่มทั่ว ๆ ไป สูง ๘-๑๒ เมตร ใบเป็นใบประกอบ มีใบย่อย ๕ ใบ ดอกเล็ก สีม่วงอ่อน ผลรูปไข่ขนาดหัวแม่มือ สุกสีดำ กินได้ มีรสหวานเล็กน้อย เปลือกและรากใช้ทำยาได้.
ไข่เน่า 1,น.,"ชื่อแก๊สพิษชนิดหนึ่ง มีกลิ่นเหม็นเหมือนไข่เน่า. (ดู ก๊าซไข่เน่า, แก๊สไข่เน่า)."
ไข่ในหิน 0,น.,ของที่ต้องระมัดระวังทะนุถนอมอย่างยิ่ง.
ไข่ปลา 0,น.,"จุดที่เรียงกันเป็นเส้น, ลายที่มีจุดเล็ก ๆ เป็นเส้นหรือเป็นกลุ่ม."
ไข้ป่า 0,น.,ไข้ที่รับจากป่าหรือดงดิบ เกิดเพราะถูกอายพิษดิน พิษแร่ หรือว่านยา หรือเชื้อไข้มาลาเรีย.
ไข้ผื่น 0,น.,"ไข้ที่มีผื่นและการเปลี่ยนแปลงอย่างอื่นทางผิวหนัง มีลักษณะอาการและความรุนแรงต่าง ๆ กัน ตั้งแต่เป็นเม็ดเล็ก ๆ เหมือนหัวเข็มหมุด จนถึงปื้นใหญ่ ๆ ในรายที่รุนแรงมากอาจมีเลือดออกใต้ผิวหนังบริเวณผื่นหรือปื้น และผิวหนังจะเปลี่ยนเป็นสีคล้ำ, ไข้กาฬ หรือ ไข้ส่า ก็เรียก."
ไขพระวิสูตร 0,ก.,"เปิดม่าน, คู่กับ ปิดพระวิสูตร หมายความว่า ปิดม่าน."
ไข่พอก 0,น.,ไข่เค็ม.
ไข้พิษ 0,น.,ไข้ที่มีพิษกล้าทำให้เชื่อมซึมไปไม่มีเวลาสร่าง.
ไขมัน 0,น.,"สารประกอบอินทรีย์จำพวกหนึ่งมีทั้งในสัตว์และพืช ไม่ละลายน้ำ, ถ้าเป็นของเหลวในอุณหภูมิปรกติเรียก น้ำมัน, ถ้าเป็นของแข็งในอุณหภูมิปรกติเรียก ไข. (อ. fat)"
ไขมัน 1,น.,"เรียกเนื้อเยื่อเกี่ยวพันชนิดหนึ่งในคนและสัตว์บางชนิดซึ่งสะสมสารประกอบอินทรีย์ดังกล่าวไว้มากโดยเฉพาะบริเวณหน้าท้องหรือในผนังหน้าท้อง มีลักษณะนุ่ม ๆ หยุ่น ๆ, มัน ก็ว่า."
ไข้มาลาเรีย 0,น.,"ไข้ที่เกิดเพราะถูกยุงก้นปล่องที่มีเชื้อมาลาเรียกัด มีอาการหนาวและสั่น, ไข้มาลาเรีย ก็ว่า."
ไข่มุก 0,น.,วัตถุมีค่า มักมีลักษณะกลม ๆ เกิดจากหอยบางชนิด ที่รู้จักกันทั่วไปมีสีขาว ที่เป็นสีขาวอมชมพูหรือสีดำก็มี ใช้ทำเป็นเครื่องประดับ.
ไข่แมงดา 0,น.,ชื่อขนมอย่างหนึ่งลักษณะอย่างทองหยอดเม็ดเล็ก ๆ ใช้โรยหน้าข้าวเหนียวกระทงหรือข้าวเหนียวตัด.
ไขย่น 0,น.,ม่านจีบ.
ไข่ยัดไส้ 0,น.,ไข่กรอกในกระทะให้บาง แล้วห่อไส้หมูสับผัดน้ำมันให้สุก ปรุงรสเค็มหวาน.
ไข่เยี่ยวม้า 0,น.,"ไข่แช่นํ้าด่าง, ไข่สำเภา ก็เรียก."
ไขรา 0,น.,"ส่วนของหลังคาอาคารสถาปัตยกรรมไทย เฉพาะตอนที่ยื่นพ้นผนังอาคารออกไปยังขอบหลังคา, ถ้าส่วนที่ยื่นนั้นอยู่ตรงหน้าจั่ว เรียก ไขราหน้าจั่ว, ถ้าอยู่ปลายหน้าบัน เรียก ไขราหน้าบัน, ถ้าเป็นหลังคาปีกนก เรียก ไขราปีกนก, ถ้าเป็นหลังคาบังสาดตามขนาดยาวของเต้า เรียก ไขราจันทันเต้า หรือ ไขราเต้า."
ไข่ลม 0,น.,ไข่ที่ไม่มีเชื้อตัวผู้ผสม.
ไขลาน 0,ก.,"สั่ง, บอกให้ทำ, เช่น ต้องไขลานกันอยู่เรื่อย ไม่อย่างนั้นไม่ทำ"
ไขลาน 1,ก.,"หมดกำลัง, หมดแรง, เช่น พอขึ้นชกยกที่ ๕ นักมวยก็เริ่มไขลานแล้ว."
ไข่ลูกเขย 0,น.,"อาหารของคาวทำด้วยไข่ต้มทั้งลูก ปอกเปลือกแล้วทอดนํ้ามัน เคล้ากับนํ้าตาลนํ้าปลาที่เคี่ยวจนงวด, (โบ) ไข่ญี่ปุ่น."
ไข่ลูกยอด 0,น.,"ไข่งูที่อยู่บนยอดกลางกองไข่, ไข่ขวัญ ก็เรียก."
ไข้เลือดออก 0,น.,ไข้ที่เกิดเพราะถูกยุงลายที่มีเชื้อไข้เลือดออกกัด มักเกิดแก่เด็ก มีอาการเลือดออกใต้ผิวหนังเป็นจํ้า ๆ.
ไขว่ 0,ก.,"สาน, ทำให้ก่ายกัน, เช่น ไขว่ชะลอม, ไขว่สาแหรก."
ไขว่ 1,ว.,อาการที่เคลื่อนไหวไปมาอย่างสับสน เช่น เดินไขว่ โบกมือไขว่.
ไขว่ 2,น.,ลักษณนามเรียกแผ่นกระดาษที่รองรับแผ่นทองคำเปลวสี่เหลี่ยมเล็ก ๆ จำนวน ๒๐ แผ่น ว่า ๑ ไขว่.
ไขว้ 0,ก.,"ขัด เช่น ไขว้เฉลว สานไขว้, สับกัน เช่น ส่งของไขว้ คือ เอาของคนหนึ่งไปส่งให้อีกคนหนึ่ง, ก่ายสับกัน เช่น ไขว้ขา"
ไขว้ 1,ก.,กิริยาที่เตะตะกร้อโดยงอขาไปข้างหน้า และบิดเท้าไปทางด้านข้าง เรียกว่า ไขว้หน้า ถ้างอขาไปข้างหลังและบิดเท้าไปทางด้านข้าง เรียกว่า ไขว้หลัง
ไขว้ 2,ก.,"เอาของไปจำนำ, ไขว้เขว ก็ว่า"
ไขว้ 3,ก.,ยืมเงินของคนหนึ่งไปให้อีกคนหนึ่ง.
ไขว้เขว 0,ก.,สับสน เช่น เขาพูดมากทำให้ฉันไขว้เขว
ไขว้เขว 1,ก.,"เอาของไปจำนำ, ไขว้ ก็ว่า"
ไขว้เขว 2,ก.,ยืมเงินโดยเอาของไปเป็นประกัน.
ไขว่คว้า 0,ก.,"เอื้อมมือฉวยเอาอย่างสับสน, พยายามจับหรือถือเอา, คว้าไขว่ ก็ว่า."
ไขว้โรง 0,ก.,"กลับตรงกันข้าม (เดิมเป็นภาษาใช้ในการพนันหวย ก ข มีตัวโรงเช้า โรงคํ่า เมื่อผู้แทงระบุตัวแทงแล้ว ถ้าหากตัวออกกลับกันเสีย ก็เรียกว่า ขุนบาลกินอย่างไขว้โรง, ตรงกับว่า โอละพ่อ)."
ไขว่ห้าง 0,ว.,อาการที่นั่งหรือนอนเอาขาพาดบนเข่าที่ตั้งชันอยู่.
ไขษย 0,น.,"กษัย, การสิ้นไป, การหมดไป."
ไข้สันนิบาต 0,น.,ไข้ที่มีอาการสั่นเทิ้มชักกระตุกและเพ้อ เช่น ไข้สันนิบาตลูกนก ไข้สันนิบาตหน้าเพลิง.
ไขสันหลัง 0,น.,ประสาทส่วนกลางที่ต่อเนื่องจากประสาทส่วนปลาย มีความยาวจากระดับต้นคอถึงระดับเอว.
ไขสันหลังอักเสบ 0,น.,โรคโปลิโอ.
ไข้ส่า 0,น.,"ไข้ที่มีผื่นและการเปลี่ยนแปลงอย่างอื่นทางผิวหนัง มีลักษณะอาการและความรุนแรงต่าง ๆ กัน ตั้งแต่เป็นเม็ดเล็ก ๆ เหมือนหัวเข็มหมุด จนถึงปื้นใหญ่ ๆ ในรายที่รุนแรงมากอาจมีเลือดออกใต้ผิวหนังบริเวณผื่นหรือปื้น และผิวหนังจะเปลี่ยนเป็นสีคล้ำ, ไข้กาฬ หรือ ไข้ส่า ก็เรียก."
ไข่สำเภา 0,น.,"ไข่แช่นํ้าด่าง, สามัญเรียกว่า ไข่เยี่ยวม้า."
ไขสือ 0,ว.,รู้แล้วทำเป็นไม่รู้.
ไขเสนียด 0,น.,นํ้าครำ.
ไขแสง 0,ก.,เริ่มส่องแสง เช่น พระอาทิตย์ไขแสง.
ไข่หงส์ 0,น.,"ชื่อขนมอย่างหนึ่งทำด้วยแป้งทอด มีไส้ทำด้วยถั่วเขียวนึ่งผัดกับพริกไทย เกลือกน้ำตาลจนแห้ง ลักษณะกลม, ไข่เหี้ย ก็ว่า."
ไข้หวัด 0,น.,ไข้ที่เป็นในขณะที่เป็นหวัด มีนํ้ามูกและเสมหะมาก บางทีก็ไอด้วย.
ไข้หวัดใหญ่ 0,น.,โรคติดต่อเฉียบพลันของระบบทางเดินหายใจ เกิดจากเชื้อไวรัส ผู้ป่วยมีไข้สูงมาก มีอาการหนาวสั่น ปวดกล้ามเนื้อและอ่อนเพลีย.
ไข่หวาน 0,น.,ชื่อขนมอย่างหนึ่งทำโดยต่อยไข่ใส่ลงในนํ้าเชื่อมร้อน ๆ แล้วต้มให้สุก มักใส่ขิงด้วย.
ไข้หัว 0,น.,"ไข้ทรพิษ, ฝีดาษ."
ไข้หัวลม 0,น.,ไข้ที่มักเกิดเพราะถูกอากาศเย็นต้นฤดูหนาว.
ไข่หำ 0,น.,ลูกอัณฑะ.
ไข่หิน 0,น.,ไข่ที่แข็งคล้ายหิน.
ไข่หิน 1,น.,ดูใน ไข่ ๑.
ไข่หิน 2,น.,"ชื่อสาหร่ายสีเขียวชนิด Nostochopsis lobatus Wood ในวงศ์ Nostochopsidaceae ลักษณะรูปไข่ ค่อนข้างกลมเล็ก สีเขียวแก่ เกิดในนํ้าใสสะอาด เกาะอยู่กับหิน กินได้, ดอกหิน ก็เรียก."
ไขหู 0,ว.,ทำเป็นว่าไม่ได้ยิน.
ไขหูไขตา 0,ก.,"ได้ยินได้เห็นแล้วรู้สึกอายไม่อยากฟังไม่อยากเห็น, ขายหูขายตา ก็ว่า."
ไข้เหลือง 0,น.,โรคติดต่อร้ายแรงชนิดหนึ่ง เกิดจากเชื้อไวรัส มียุงเป็นพาหะ ผู้ป่วยมักมีอาการเวียนศีรษะ คลื่นเหียน อาเจียน ปวดศีรษะ และปวดหลัง ไข้ขึ้นสูงอย่างรวดเร็ว ชีพจรเต้นช้าลง ผิวและตาเหลือง อาจมีอันตรายถึงแก่ชีวิตภายใน ๖-๗ วัน.
ไข่เหา 0,น.,"ชื่อมาตราวัดโบราณ, ๘ เส้นผม เท่ากับ ๑ ไข่เหา ๘ ไข่เหา เท่ากับ ๑ ตัวเหา."
ไข่เหี้ย 0,น.,"ชื่อขนมอย่างหนึ่งทำด้วยแป้งทอด มีไส้ทำด้วยถั่วเขียวนึ่งผัดกับพริกไทย เกลือกนํ้าตาลจนแห้ง ลักษณะกลมอย่างไข่เหี้ย, ไข่หงส์ ก็ว่า."
ไข่แหน 0,น.,"ชื่อไม้นํ้าชนิด Wolffia globosa (Roxb.) Hartog et Plas ในวงศ์ Lemnaceae เกาะกันเป็นกลุ่มลอยอยู่ในนํ้า ลักษณะเป็นเม็ดเขียว ๆ กลม ๆ เล็ก ๆ ขนาดเม็ดทราย ไม่มีราก เป็นพืชที่เล็กที่สุดในจำพวกพืชมีดอก กินได้, ไข่นํ้า หรือ ผำ ก็เรียก."
