 คำ,POS,ความหมาย
ก 0,?,พยัญชนะตัวที่ ๑ เรียกว่า กอ ไก่ เป็นอักษรกลาง ใช้เป็นพยัญชนะต้น และเป็นตัวสะกดในมาตรากกหรือแม่กก เช่น กก ปาก สัก.
ก็ 0,สัน.,"แล้ว, จึง, ย่อม, เช่น พอหันหน้ามาก็พบเขา ทำดีก็ได้ดี."
ก กา 0,น.,เรียกแม่บทแจกลูกพยัญชนะต้นกับสระโดยไม่มีตัวสะกด ว่า มาตรา ก กา หรือแม่ ก กา.
ก ข 0,น.,พยัญชนะแต่ ก ถึง ฮ.
ก ข ไม่กระดิกหู 0,น.,ผู้ที่เรียนหนังสือแล้วไม่รู้ อ่านไม่ออกเขียนไม่ได้.
ก หัน 0,น.,อักษร ก คู่ ในหนังสือโบราณใช้แทนไม้หันอากาศตัวหนึ่ง เป็นตัวสะกดตัวหนึ่ง เช่น จกก = จัก หลกก = หลัก.
ก๊ก 0,น.,"พวก, หมู่, เหล่า, โดยปรกติมักใช้เข้าคู่กันว่า เป็นก๊กเป็นพวก เป็นก๊กเป็นหมู่ เป็นก๊กเป็นเหล่า."
กก 0,น.,เรียกคำหรือพยางค์ที่มีตัว ก ข ค ฆ สะกด ว่า มาตรากกหรือแม่กก.
กก 1,น.,"โคน เช่น กกไม้, ต้น เช่น กกขา, ลำต้น เช่น กกเสา."
กก 2,น.,ชื่อไม้ล้มลุกในวงศ์ Cyperaceae เกิดในที่ชื้นแฉะ ชนิดลำต้นกลมใช้ทอหรือสานเสื่อ เรียกว่า กกกลมหรือกกเสื่อ ( Cyperus corymbosus Rottb.) ที่ลำต้นเป็นสามเหลี่ยม เช่น กกลังกา ( C. involucratus Rottb.) กกสามเหลี่ยม [ Actinoscirpus grossus (L. f.) Goetgh. et D.A. Simpson] กกขนากหรือกกกระหนาก ( C. difformis L.).
กก 3,ก.,"แนบไว้กับอก โดยปรกติเป็นอิริยาบถนอน เช่น กกกอด กกไข่ กกลูก, โดยปริยายหมายความว่า เก็บนิ่งไว้นานเกินควร เช่น เอาเรื่องไปกกไว้."
กก 4,ก.,"ตัด, บั่น, เช่น กกกิ่ง กกยอด."
กก 5,น.,"ซอกด้านในหรือซอกด้านหลังของบานประตูหรือหน้าต่าง, ถ้าเป็นด้านหลังของแผ่นบานประตู เรียกว่า กกประตู, ถ้าเป็นด้านหลังของแผ่นบานหน้าต่าง เรียกว่า กกหน้าต่าง."
กก 6,น.,"ชื่อนกเงือกชนิด Buceros bicornis Linn. ในวงศ์ Bucerotidae เป็นนกขนาดใหญ่ที่สุดในหมู่นกเงือก โคนขากรรไกรบนมีโหนกแข็งขนาดใหญ่ คอสีขาว ปีกสีดำพาดเหลือง ปลายปีกขาว หางยาวสีขาวพาดดำ ตัวผู้ตาสีแดง ตัวเมียตาสีขาว กินผลไม้และสัตว์ขนาดเล็ก, กก หรือ กะวะ ก็เรียก."
กกช้าง 0,น.,"ชื่อไม้ล้มลุกชนิด Typha angustifolia L. ในวงศ์ Typhaceae ขึ้นในนํ้า ช่อดอกคล้ายธูปขนาดใหญ่, กกธูป ธูปฤๅษี ปรือ หรือ เฟื้อ ก็เรียก."
กกธูป 0,น.,"ชื่อไม้ล้มลุกชนิด Typha angustifolia L. ในวงศ์ Typhaceae ขึ้นในนํ้า ช่อดอกคล้ายธูปขนาดใหญ่, กกธูป ธูปฤๅษี ปรือ หรือ เฟื้อ ก็เรียก."
กกเสา 0,น.,ส่วนของเสาที่อยู่ติดกับพื้นเรือน เช่น นั่งพิงกกเสา.
กกหู 0,น.,บริเวณโคนหูส่วนหลังที่ติดกับศีรษะ.
กกุธภัณฑ์ 0,น.,สัญลักษณ์สำคัญแห่งความเป็นพระมหากษัตริย์ คือ ๑. พระมหาพิชัยมงกุฎ ๒. พระแสงขรรค์ชัยศรี ๓. ธารพระกรชัยพฤกษ์ ๔. วาลวีชนี (พัดกับแส้) ๕. ฉลองพระบาท รวมเรียกว่าเบญจราชกกุธภัณฑ์ ทั้งนี้ บางสมัยใช้เครื่องราชกกุธภัณฑ์แตกต่างกัน เช่น ใช้ฉัตรแทนพระมหาพิชัยมงกุฎ.(ป. กกุธ ว่า เครื่องหมายความเป็นพระราชา + ภณฺฑ ว่า+C218 ของใช้
กกุธภัณฑ์ 1,น.,ระบุไว้ในอภิธานัปปทีปิกา คาถาที่ ๓๕๘ ว่า พระขรรค์ ฉัตร อุณหิส ฉลองพระบาท วาลวีชนี คือ มีฉัตรแทนธารพระกร
กกุธภัณฑ์ 2,น.,ในจดหมายเหตุบรมราชาภิเษก รัชกาลที่ ๒ มีทั้งฉัตรและธารพระกร พระแสงขรรค์ พระแสงดาบ วาลวีชนี พระมหาพิชัยมงกุฎ และฉลองพระบาท รวมเป็น ๗ สิ่ง.วาลวีชนี ที่ปรากฏวัตถุเป็นพัดกับแส้จามรีนั้น แต่ก่อนเป็นพัดใบตาลอย่างที่เรียกว่า พัชนีฝักมะขาม ต่อมาท่านเห็นควรเป็นแส้จามรีจะถูกกว่า เพราะศัพท์ว่าวาลวีชนี หมายความเป็นแส้ขนโคชนิดหนึ่ง จึงสร้างแส้จามรีขึ้น แต่ก็ไม่อาจเลิกพัดใบตาลของเก่า เป็นอันรวมไว้ทั้ง ๒ อย่างในเครื่องที่เรียกว่า วาลวีชนี).
ก่ง 0,ก.,"ทำให้งอเป็นรูปโค้ง, ทำให้โค้ง, เช่น ก่งศร ก่งคอ, โก่ง ก็ว่า."
ก่ง 1,ว.,"โค้ง เช่น คิ้วก่ง, โก่ง ก็ว่า."
ก้ง 0,ว.,"ลาย, ด่าง, เช่น แมวก้ง ผ้าตาก้ง (คือ ผ้าตาโต ๆ ที่มีสีต่าง ๆ กัน)."
ก๊ง 0,ก.,ดื่ม (ใช้แก่เหล้า) เช่น ก๊งเหล้า.
ก๊ง 1,น.,หน่วยตวงเหล้าโรงเป็นต้นตามวิธีประเพณี ๑ ก๊ง เท่ากับ ๕๐ ลูกบาศก์เซนติเมตร.
กง 0,น.,เรียกคำหรือพยางค์ที่มีตัว ง สะกด ว่า มาตรากงหรือแม่กง.
กง 1,น.,"วง, ส่วนรอบของล้อเกวียนหรือล้อรถม้าเป็นต้น, เรียกสิ่งที่มีลักษณะคล้ายคลึงเช่นนั้น เช่น ขนมกง, บางทีก็ใช้เข้าคู่กับคำ วง ว่า เป็นวงเป็นกง"
กง 2,น.,ไร่ล้มลุกที่ถางป่าเป็นหย่อม ๆ ตามเนื้อที่และกั้นเป็นขอบเขตไว้.
กง 3,ก.,แวดล้อม เช่น ม้ากันม้ากง.
กง 4,น.,"ไม้รูปโค้งที่ตั้งเป็นโครงเรือ (เทียบ ม. กง และ ต. กง, ในความเดียวกัน)"
กง 5,น.,ไม้สำหรับดีดฝ้าย มีรูปเหมือนคันธนู เรียกว่า ไม้กง หรือ ไม้กงดีดฝ้าย (เทียบอะหม ไม้กงดีดฝ้าย และ คันกระสุน ว่า กง
กง 6,น.,"พายัพ ว่า โก๋ง ได้แก่ คันกระสุน), เสลี่ยงที่มีพนักโค้งเหมือนกงเรือ เรียกว่า เสลี่ยงกง."
กง 7,น.,ปลามังกง.
กง 8,น.,"ชื่อสัตว์สะเทินนํ้าสะเทินบกชนิด Bufo asper Gravenhorst ในวงศ์ Bufonidae เป็นคางคกที่ใหญ่ที่สุดในประเทศไทย ผิวหนังเป็นตุ่มขรุขระทั่วตัว ตุ่มที่หลังมีขนาดใหญ่ ส่วนใหญ่ลำตัวสีน้ำตาลดำและน้ำตาลเหลือง ท้องสีขาวหม่นบางตัวมีจุดสีแดงเล็ก ๆ ยางขาวมีฤทธิ์ทำให้มึนเมา อาศัยในป่าบริเวณริมลำธารหรือน้ำตก, กระทาหอง กระหอง หรือ กง ก็เรียก."
กงกอน 0,น.,"ชื่อไม้ต้นในสกุล Rhizophora วงศ์ Rhizophoraceae ขึ้นตามป่าเลนชายทะเล นิยมใช้ทำฟืนและเผาถ่านกันมาก เมล็ดงอกตั้งแต่อยู่บนต้น ลักษณะเรียวยาวคล้ายฝัก มี ๒ ชนิด คือ โกงกางใบใหญ่หรือกงกอน ( R. mucronata Poir.) และโกงกางใบเล็ก ( R. apiculata Blume) ชนิดนี้นิยมใช้ทำฟืนและเผาถ่านกันมาก, พังกา ก็เรียก."
กงการ 0,น.,"กิจการ, หน้าที่, ธุระ, เช่น กงการอะไรของคุณ ไม่ใช่กงการของฉัน."
กงเกวียน 0,น.,ล้อเกวียน.
กงเกวียนกำเกวียน 0,*สำ.,"ใช้เป็นคำอุปมาหมายความว่า เวรสนองเวร, กรรมสนองกรรม, เช่น ทำแก่เขาอย่างไร ตนหรือลูกหลานเป็นต้นของตนก็อาจจะถูกทำในทำนองเดียวกันอย่างนั้นบ้าง เป็นกงเกวียนกำเกวียน."
กงโก้ 0,ว.,"โก่ง ๆ โค้ง ๆ เช่น ยืนกงโก้, หลังโกงไม่น่าดู เช่น ผอมกงโก้"
กงโก้ 1,ว.,เกะกะไม่เรียบร้อย เช่น กงโก้กงกก
กงโก้ 2,ว.,โกงโก้ ก็ว่า.
กงข้าง 0,น.,กงที่ตรึงข้างไม่ถึงท้องเรือสลับกับกงวาน.
กงค้าง 0,น.,กงที่ตรึงข้างไม่ถึงท้องเรือสลับกับกงวาน.
ก้งโค้ง 0,ก.,"โก่งก้นให้โด่ง, โน้มตัวลงยกก้นให้สูงขึ้น, โก้งโค้ง ก็ว่า."
กงจักร 0,น.,สิ่งที่มีรูปเป็นวงกลม มีริมเป็นแฉก ๆ โดยรอบ.
กงฉาก 0,น.,เครื่องมือทางช่างชนิดหนึ่ง สำหรับหามฉากในการปักผังหรือกำหนดผังเสา โดยใช้ไม้แบนที่มีความยาวพอสมควรมาประกอบให้เป็นมุม ๙๐ องศา แล้วยึดปลายทั้ง ๒ ข้างด้วยไม้อีกชิ้นหนึ่ง.
ก้งฉ่าย 0,น.,ผักกาดเขียวปลีดองหวาน.
ก๊งฉ่าย 0,น.,ผักกาดเขียวปลีดองหวาน.
กงเต๊ก 0,น.,การทำบุญให้แก่ผู้ตายตามพิธีของนักบวชนิกายจีนและญวน มีการสวดและเผากระดาษที่ทำเป็นรูปต่าง ๆ มีบ้านเรือน คนใช้ เป็นต้น.
กงพัด 0,น.,กงสำหรับพัด เป็นรูปใบพัดที่หมุนได้ เช่น กงพัดสีลม กงพัดเครื่องสีฝัด กงพัดเครื่องระหัด
กงพัด 1,น.,ประตูหมุน
กงพัด 2,น.,เครื่องมือชนิดหนึ่งเป็นไม้ยาวประมาณ ๕๐ เซนติเมตร เจาะรูหัวท้าย ใส่ไม้ขวาง สำหรับพัดด้าย.
กงพัด 3,น.,"ไม้เหลี่ยมสอดในรูซึ่งเจาะที่โคนเสาเรือน ปลายทั้ง ๒ ยื่นออกมาวางอยู่บนหมอน (ซึ่งเรียกว่า งัว) ข้างละต้น, หรือถ้าไม่เจาะรู ก็ใช้เป็น ๒ อัน ตีขวางขนาบโคนเสาข้างละอันวางอยู่บนหมอนเหมือนกัน เพื่อกันทรุด."
กงวาน 0,น.,กงที่มีรูสำหรับนํ้าเดินที่ท้องเรือ เช่น สำเภาลำใดของพาณิชซึ่งจะตกแต่งต่อติดเป็นกงวาน (ม. ร่ายยาว กุมาร).
กงเวียน 0,น.,"เครื่องมือสำหรับเขียนวงกลม ส่วนโค้งของวงกลม หรือกะระยะ ทำด้วยโลหะ มี ๒ ขา ปลายข้างหนึ่งแหลม ปลายอีกข้างหนึ่งมีดินสอเป็นต้น อีกแบบหนึ่งมีปลายแหลมทั้ง ๒ ข้าง แบบหลังนี้ใช้สำหรับเขียนบนโลหะก็ได้, กางเวียน ก็ว่า, ปัจจุบันเรียกว่า วงเวียน."
กงสี 0,น.,"ของกองกลางที่ใช้รวมกันสำหรับคนหมู่หนึ่ง ๆ, หุ้นส่วน, บริษัท."
กงสุล 0,น.,ชื่อตำแหน่งของบุคคลซึ่งรัฐบาลของประเทศหนึ่งแต่งตั้งให้เป็นผู้แทนประจำอยู่ในเมืองต่าง ๆ ของอีกประเทศหนึ่ง เพื่อทำหน้าที่ช่วยเหลือคนชาติของตนและดูแลผลประโยชน์ทั่วไปของประเทศของตน.
กช 0,น.,"ดอกบัว เช่น ดุจบัวอันบานชู กชกรรณิกามาศ (สมุทรโฆษ), โดยมากใช้เข้าคู่กับคำ กร เป็น กรกช เช่น กรกชชุลีคัล (อิเหนาคำฉันท์)."
กช- 0,น.,"ดอกบัว เช่น ดุจบัวอันบานชู กชกรรณิกามาศ (สมุทรโฆษ), โดยมากใช้เข้าคู่กับคำ กร เป็น กรกช เช่น กรกชชุลีคัล (อิเหนาคำฉันท์)."
กชกร 0,น.,“ดอกบัวคือมือ” คือ กระพุ่มมือ เช่น กชกรต่างแต่งตั้ง ศิรสา (หริภุญชัย).
กฎ 0,ก.,"จดไว้เป็นหลักฐาน เช่น ให้นายยกกระบัตรกฎปากหลากคำไว้ (กฎหมายอายัดทาส), ตรา เช่น ตรัสแก่ขุนศรีภูริปรีชาให้กฎเป็นตำราไว้ (อัยการเบ็ดเสร็จ), พระมหาธรรมราชาก็ตรัสให้กฎลงมาให้เอาพระยารามเป็นพระยาพิชัย (พงศ. ๑๑๓๖). (เทียบ ข. กต่ ว่า จด)."
กฎ 1,น.,คำบังคับ เช่น จึ่งสมเด็จพระมหินทราธิราชเจ้าแผ่นดินก็ตรัสให้ทำตามกฎให้ลงมานั้นทุกประการ (พงศ. ๑๑๓๖)
กฎ 2,น.,ข้อกำหนดหรือข้อบัญญัติที่บังคับให้ต้องมีการปฏิบัติตาม เช่น พระราชกฤษฎีกา กฎกระทรวง ประกาศกระทรวง
กฎ 3,น.,ข้อกำหนดในเรื่องธรรมชาติตามที่ค้นคว้าได้.
กฎกระทรวง 0,น.,"ข้อกำหนดที่รัฐมนตรีว่าการกระทรวงออกโดยอาศัยอำนาจตามกฎหมายที่ให้ออกกฎกระทรวง, เดิมเรียกว่า กฎเสนาบดี ถ้าเป็นข้อกำหนดที่นายกรัฐมนตรีออก เรียกว่า กฎสำนักนายกรัฐมนตรี."
กฎเกณฑ์ 0,น.,"ข้อกำหนดที่วางไว้เป็นหลักให้ปฏิบัติ, หลักเกณฑ์."
กฎข้อบังคับ 0,น.,ข้อกำหนดที่กำหนดไว้เป็นแนวทางหรือระเบียบในการปฏิบัติหรือดำเนินการตามกฎหมาย.
กฎทบวง 0,น.,ข้อกำหนดที่รัฐมนตรีว่าการทบวงออกโดยอาศัยอำนาจตามกฎหมายที่ให้ออกกฎทบวง.
กฎธรรมชาติ 0,น.,ความเป็นไปตามธรรมชาติของสิ่งทั้งหลาย.
กฎธรรมดา 0,น.,ความเป็นไปตามปรกติวิสัยของมนุษย์และสังคม.
กฎบัตร 0,น.,ตราสารที่จัดตั้ง จัดระเบียบ และกำหนดอำนาจหน้าที่ขององค์การ.
กฎบัตรกฎหมาย 0,น.,"กระบวนกฎหมาย, เชิงกฎหมาย."
กฎบัตรสหประชาชาติ 0,น.,ตราสารที่สถาปนาและจัดระเบียบองค์การสหประชาชาติ.
กฎมณเฑียรบาล 0,น.,กฎมนเทียรบาล.
กฎมณเฑียรบาลว่าด้วยการสืบราชสันตติวงศ์ 0,น.,กฎหมายที่วางหลักเกณฑ์เกี่ยวกับการสืบราชสมบัติ.
กฎมณเทียรบาล 0,น.,กฎมนเทียรบาล.
กฎมนเทียรบาล 0,น.,"ข้อบัญญัติพิเศษเกี่ยวกับพระราชฐาน พระราชวงศ์ และระเบียบการปกครองในราชสำนัก, โบราณใช้ว่า กฎมณเฑียรบาล หรือ กฎมณเทียรบาล ก็มี."
กฎศีลธรรม 0,น.,กฎว่าด้วยการกระทำที่ถูกต้องและไม่ถูกต้องทางศีลธรรม.
กฎเสนาบดี 0,น.,"ข้อกำหนดที่รัฐมนตรีว่าการกระทรวงออกโดยอาศัยอำนาจตามกฎหมายที่ให้ออกกฎกระทรวง, เดิมเรียกว่า กฎเสนาบดี ถ้าเป็นข้อกำหนดที่นายกรัฐมนตรีออก เรียกว่า กฎสำนักนายกรัฐมนตรี."
กฎหมาย 0,น.,กฎเกณฑ์ที่ผู้มีอำนาจตราขึ้นเพื่อใช้บังคับบุคคลให้ปฏิบัติตามเป็นการทั่วไป ผู้ใดไม่ปฏิบัติตามย่อมได้รับผลร้าย กฎหมายอาจตราขึ้นเพื่อกำหนดระเบียบแห่งความสัมพันธ์ระหว่างบุคคลหรือระหว่างบุคคลกับรัฐ หรือเพื่อใช้ในการบริหารประเทศ กฎหมายอาจเกิดจากจารีตประเพณีอันเป็นที่ยอมรับนับถือกันก็ได้.
กฎหมาย 1,ก.,"จดบันทึกไว้เป็นหลักฐาน เช่น สั่งให้นายอินกฎหมายผู้มีชื่อทั้งนี้ไว้ (พงศ. อยุธยา), ทำหนังสือเป็นหลักฐาน เช่น อนึ่ง มีผู้ทำหนังสือร้องเรียนกฎหมายว่า…(พระราชกำหนดเก่า)"
กฎหมาย 2,ก.,"ออกหมายกำหนด เช่น ให้มหาดไทยกลาโหมกฎหมายบอกแก่ตระลาการ ถ้ากฎหมายมิทั่ว จะเอาตัวผู้กฎหมายลงโทษ (พระราชกำหนดเก่า),กฎหมายงานพระบรมศพครั้งกรุงเก่า"
กฎหมาย 3,ก.,ตราสั่ง เช่น จึ่งกฎหมายให้สามไป เดือนหนึ่งจอมไตร ดำรัสให้เร่งคืนมา (พากย์)
กฎหมาย 4,ก.,กำหนดขีดขั้น เช่น ให้ปลูกโรงรจนาใน นอกหน้าศาลชัย ให้ตั้งพิกัดกฎหมาย (พากย์).
กฎหมายตราสามดวง 0,น.,ประมวลกฎหมายโบราณของไทยซึ่งพระบาทสมเด็จพระพุทธยอดฟ้าจุฬาโลกมหาราช ได้โปรดเกล้าฯ ให้ชำระและปรับปรุงแก้ไขตัวบทกฎหมายต่าง ๆ ที่ใช้กันมาตั้งแต่สมัยอยุธยาจนถึงต้นรัตนโกสินทร์ เมื่อทำเสร็จแล้วได้ประทับดวงตราพระราชสีห์ พระคชสีห์ และบัวแก้ว ไว้เป็นสำคัญ จึงเรียกว่า กฎหมายตราสามดวง.
กฎหมายปกครอง 0,น.,กฎหมายสาขาหนึ่งของกฎหมายมหาชนที่วางหลักเกี่ยวกับการจัดระเบียบในทางปกครองของรัฐ และการดำเนินกิจกรรมของฝ่ายปกครองในการจัดทำบริการสาธารณะ รวมทั้งวางหลักความเกี่ยวพันในทางปกครองระหว่างฝ่ายปกครองกับเอกชน.
กฎหมายปิดปาก 0,น.,หลักกฎหมายที่ไม่ยอมให้อ้างหรือพิสูจน์ข้อเท็จจริงให้ผิดไปจากข้อเท็จจริงที่ปรากฏตามพฤติการณ์ ไม่ว่าข้อเท็จจริงที่ปรากฏนั้นจะเป็นจริงหรือไม่ก็ตาม.
กฎหมายพาณิชย์ 0,น.,กฎหมายที่วางระเบียบความเกี่ยวพันทางการค้าหรือธุรกิจระหว่างบุคคล เช่น กฎหมายว่าด้วยการซื้อขาย การเช่าทรัพย์ การจำนอง การจำนำ ตั๋วเงิน หุ้นส่วน บริษัท.
กฎหมายแพ่ง 0,น.,กฎหมายที่วางระเบียบความเกี่ยวพันระหว่างบุคคลเกี่ยวกับสถานภาพ สิทธิ และหน้าที่ของบุคคลตามกฎหมาย เช่น กฎหมายว่าด้วยนิติกรรม ละเมิด ทรัพย์สิน ครอบครัว มรดก.
กฎหมายมหาชน 0,น.,กฎหมายที่วางระเบียบโครงสร้างและการปกครองของรัฐหรือการบริหารราชการแผ่นดิน รวมตลอดทั้งความเกี่ยวพันระหว่างรัฐกับเอกชน เช่น กฎหมายรัฐธรรมนูญ กฎหมายอาญา กฎหมายปกครอง.
กฎหมายระหว่างประเทศ 0,น.,หลักกฎหมายหรือหลักปฏิบัติที่ยอมรับกันว่าด้วยรัฐและความเกี่ยวพันระหว่างรัฐ รวมทั้งความเกี่ยวพันระหว่างรัฐกับองค์การระหว่างประเทศและประชาคมระหว่างประเทศ.
กฎหมายรัฐธรรมนูญ 0,น.,กฎหมายที่วางระเบียบการปกครองรัฐในทางการเมือง โดยกำหนดโครงสร้างของรัฐ ระบอบการปกครอง การใช้อำนาจอธิปไตย การคุ้มครองสิทธิและเสรีภาพของประชาชน และความสัมพันธ์ระหว่างสถาบันที่ใช้อำนาจอธิปไตย.
กฎหมายเหตุ 0,น.,จดหมายเหตุ. (พงศ. ประเสริฐ)
กฎหมายเหตุ 1,น.,กฎเกณฑ์การปฏิบัติที่ตราขึ้นหรือเนื่องจากประเพณีซึ่งมีค่าบังคับ.
กฎหมายอาญา 0,น.,กฎหมายที่กำหนดลักษณะของการกระทำที่ถือว่าเป็นความผิด และกำหนดบทลงโทษทางอาญาสำหรับความผิดนั้น.
กฎหมายเอกชน 0,น.,กฎหมายที่วางระเบียบความเกี่ยวพันระหว่างเอกชนหรือระหว่างเอกชนกับรัฐ ในฐานะที่รัฐดำเนินการอย่างเอกชนเกี่ยวกับสถานภาพของบุคคลตามกฎหมาย สิทธิและหน้าที่ของเอกชน รวมทั้งวางระเบียบเกี่ยวกับทรัพย์สินของเอกชน เช่น กฎหมายแพ่ง กฎหมายพาณิชย์.
กฎหมู่ 0,น.,การกดดันที่บุคคลจำนวนมากนำมาใช้บีบบังคับให้อีกฝ่ายหนึ่งกระทำหรือเว้นกระทำอย่างใดอย่างหนึ่ง (มักไม่เป็นไปตามตัวบทกฎหมาย).
กฎแห่งกรรม 0,น.,กฎว่าด้วยกรรมและผลแห่งกรรมที่ผู้กระทำจักต้องได้รับ.
กฎอัยการศึก 0,น.,กฎหมายที่ให้อำนาจเจ้าหน้าที่ฝ่ายทหารลิดรอนสิทธิเสรีภาพบางประการของประชาชนได้ตามความจำเป็น ทั้งให้มีอำนาจหน้าที่เหนือเจ้าหน้าที่ฝ่ายพลเรือนในส่วนที่เกี่ยวกับการยุทธ การระงับปราบปรามหรือการรักษาความสงบเรียบร้อย และศาลทหารมีอำนาจพิจารณาพิพากษาคดีอาญาบางอย่างที่ประกาศระบุไว้แทนศาลพลเรือน การใช้กฎอัยการศึกจะกระทำได้เมื่อมีเหตุจำเป็นเพื่อรักษาความสงบเรียบร้อยในบ้านเมือง เช่น ในกรณีเกิดสงคราม การจลาจล โดยจะให้มีผลบังคับทุกท้องที่หรือบางท้องที่ก็ได้ตามความจำเป็น.
กฏิ 0,น.,สะเอว.
กฏุก 0,ว.,"เผ็ด, เผ็ดร้อน, เช่น ตรีกฏุก หมายถึงเครื่องยาที่เผ็ดร้อนรวม ๓ อย่าง คือ พริกไทย ดีปลี ขิงแห้ง."
กฏุก- 0,ว.,"เผ็ด, เผ็ดร้อน, เช่น ตรีกฏุก หมายถึงเครื่องยาที่เผ็ดร้อนรวม ๓ อย่าง คือ พริกไทย ดีปลี ขิงแห้ง."
กฏุกผล 0,น.,ผลอันเผ็ดร้อน.
กฐิน 0,น.,"ผ้าพิเศษที่พระพุทธเจ้าทรงอนุญาตแก่ภิกษุสงฆ์เฉพาะกฐินกาล, ตามศัพท์แปลว่า ไม้สะดึง คือ กรอบไม้สำหรับขึงผ้าที่จะเย็บเป็นจีวร"
กฐิน 1,น.,"คำ กฐิน นี้ ใช้ประกอบกับคำอื่นอันเนื่องด้วยพิธีกฐิน ผ้าที่ถวายแก่ภิกษุสงฆ์ในพิธีนี้ เรียกว่า ผ้ากฐิน ในฤดูกาลเรียกว่า กฐินกาล [กะถินนะกาน] คือระยะเวลาตั้งแต่แรมคํ่าหนึ่ง เดือน ๑๑ ถึงกลางเดือน ๑๒ ระยะเวลานี้เรียกเป็นสามัญว่าเทศกาลกฐิน [เทดสะกานกะถิน] ฤดูกฐิน หรือ หน้ากฐิน ก็มี ก่อนจะถึงกฐินกาลผู้ประสงค์จะถวายผ้ากฐินแก่ภิกษุสงฆ์วัดใดจะต้องไปแจ้งความจำนงว่าจะนำผ้ากฐินไปทอดที่วัดนั้นเป็นการล่วงหน้า การแสดงความจำนงล่วงหน้านี้ เรียกว่า จองกฐิน การทำพิธีถวายผ้ากฐิน เรียกว่า ทอดกฐิน พระภิกษุผู้ได้รับมอบผ้ากฐินจากสงฆ์โดยวิธีที่กำหนดไว้ในพระวินัย เรียกว่า ผู้กรานกฐิน ผู้ครองกฐิน หรือ องค์ครองกฐิน เฉพาะผ้ากฐิน บางทีก็เรียกว่า องค์กฐิน ถ้าพร้อมกับของอื่นอันเป็นบริวารสำหรับถวายภิกษุสงฆ์ เรียกว่า เครื่องกฐิน หรือ บริวารกฐิน [บอริวานกะถิน] เมื่อนำผ้ากฐินไปทอดโดยมีขบวนแห่ เรียกว่า แห่กฐิน ถ้ามีพิธีฉลอง เรียกว่า ฉลองกฐิน การที่ภิกษุสงฆ์ผู้ร่วมอยู่ในพิธีอนุโมทนาต่อองค์ครองกฐินตามพระวินัย หรือการที่บุคคลแสดงความยินดีในการที่เขาทอดกฐิน เรียกว่า อนุโมทนากฐิน [อะนุโมทะนากะถิน] ภิกษุสงฆ์ผู้ได้อนุโมทนากฐินแล้วนั้น ย่อมได้ชื่อว่าเป็น ผู้กรานกฐิน ด้วย ผลของการทอดกฐิน เรียกว่า อานิสงส์กฐิน , ในทางวินัยสิทธิพิเศษ ๕ ประการซึ่งมีแก่ภิกษุผู้ได้กรานกฐินแล้ว ก็เรียกว่า อานิสงส์กฐิน เช่นกัน. (ดู กรานกฐิน และ จุลกฐิน)."
กฐิน- 0,น.,"ผ้าพิเศษที่พระพุทธเจ้าทรงอนุญาตแก่ภิกษุสงฆ์เฉพาะกฐินกาล, ตามศัพท์แปลว่า ไม้สะดึง คือ กรอบไม้สำหรับขึงผ้าที่จะเย็บเป็นจีวร"
กฐิน- 1,น.,"คำ กฐิน นี้ ใช้ประกอบกับคำอื่นอันเนื่องด้วยพิธีกฐิน ผ้าที่ถวายแก่ภิกษุสงฆ์ในพิธีนี้ เรียกว่า ผ้ากฐิน ในฤดูกาลเรียกว่า กฐินกาล [กะถินนะกาน] คือระยะเวลาตั้งแต่แรมคํ่าหนึ่ง เดือน ๑๑ ถึงกลางเดือน ๑๒ ระยะเวลานี้เรียกเป็นสามัญว่าเทศกาลกฐิน [เทดสะกานกะถิน] ฤดูกฐิน หรือ หน้ากฐิน ก็มี ก่อนจะถึงกฐินกาลผู้ประสงค์จะถวายผ้ากฐินแก่ภิกษุสงฆ์วัดใดจะต้องไปแจ้งความจำนงว่าจะนำผ้ากฐินไปทอดที่วัดนั้นเป็นการล่วงหน้า การแสดงความจำนงล่วงหน้านี้ เรียกว่า จองกฐิน การทำพิธีถวายผ้ากฐิน เรียกว่า ทอดกฐิน พระภิกษุผู้ได้รับมอบผ้ากฐินจากสงฆ์โดยวิธีที่กำหนดไว้ในพระวินัย เรียกว่า ผู้กรานกฐิน ผู้ครองกฐิน หรือ องค์ครองกฐิน เฉพาะผ้ากฐิน บางทีก็เรียกว่า องค์กฐิน ถ้าพร้อมกับของอื่นอันเป็นบริวารสำหรับถวายภิกษุสงฆ์ เรียกว่า เครื่องกฐิน หรือ บริวารกฐิน [บอริวานกะถิน] เมื่อนำผ้ากฐินไปทอดโดยมีขบวนแห่ เรียกว่า แห่กฐิน ถ้ามีพิธีฉลอง เรียกว่า ฉลองกฐิน การที่ภิกษุสงฆ์ผู้ร่วมอยู่ในพิธีอนุโมทนาต่อองค์ครองกฐินตามพระวินัย หรือการที่บุคคลแสดงความยินดีในการที่เขาทอดกฐิน เรียกว่า อนุโมทนากฐิน [อะนุโมทะนากะถิน] ภิกษุสงฆ์ผู้ได้อนุโมทนากฐินแล้วนั้น ย่อมได้ชื่อว่าเป็น ผู้กรานกฐิน ด้วย ผลของการทอดกฐิน เรียกว่า อานิสงส์กฐิน , ในทางวินัยสิทธิพิเศษ ๕ ประการซึ่งมีแก่ภิกษุผู้ได้กรานกฐินแล้ว ก็เรียกว่า อานิสงส์กฐิน เช่นกัน. (ดู กรานกฐิน และ จุลกฐิน)."
กฐินทาน 0,น.,การทอดกฐิน.
กฐินัตถารกรรม 0,น.,การกรานกฐิน.
กฐินัตถารกรรม 1,น.,"ผ้าพิเศษที่พระพุทธเจ้าทรงอนุญาตแก่ภิกษุสงฆ์เฉพาะกฐินกาล, ตามศัพท์แปลว่า ไม้สะดึง คือ กรอบไม้สำหรับขึงผ้าที่จะเย็บเป็นจีวร"
กฐินัตถารกรรม 2,น.,"คำ กฐิน นี้ ใช้ประกอบกับคำอื่นอันเนื่องด้วยพิธีกฐิน ผ้าที่ถวายแก่ภิกษุสงฆ์ในพิธีนี้ เรียกว่า ผ้ากฐิน ในฤดูกาลเรียกว่า กฐินกาล [กะถินนะกาน] คือระยะเวลาตั้งแต่แรมคํ่าหนึ่ง เดือน ๑๑ ถึงกลางเดือน ๑๒ ระยะเวลานี้เรียกเป็นสามัญว่าเทศกาลกฐิน [เทดสะกานกะถิน] ฤดูกฐิน หรือ หน้ากฐิน ก็มี ก่อนจะถึงกฐินกาลผู้ประสงค์จะถวายผ้ากฐินแก่ภิกษุสงฆ์วัดใดจะต้องไปแจ้งความจำนงว่าจะนำผ้ากฐินไปทอดที่วัดนั้นเป็นการล่วงหน้า การแสดงความจำนงล่วงหน้านี้ เรียกว่า จองกฐิน การทำพิธีถวายผ้ากฐิน เรียกว่า ทอดกฐิน พระภิกษุผู้ได้รับมอบผ้ากฐินจากสงฆ์โดยวิธีที่กำหนดไว้ในพระวินัย เรียกว่า ผู้กรานกฐิน ผู้ครองกฐิน หรือ องค์ครองกฐิน เฉพาะผ้ากฐิน บางทีก็เรียกว่า องค์กฐิน ถ้าพร้อมกับของอื่นอันเป็นบริวารสำหรับถวายภิกษุสงฆ์ เรียกว่า เครื่องกฐิน หรือ บริวารกฐิน [บอริวานกะถิน] เมื่อนำผ้ากฐินไปทอดโดยมีขบวนแห่ เรียกว่า แห่กฐิน ถ้ามีพิธีฉลอง เรียกว่า ฉลองกฐิน การที่ภิกษุสงฆ์ผู้ร่วมอยู่ในพิธีอนุโมทนาต่อองค์ครองกฐินตามพระวินัย หรือการที่บุคคลแสดงความยินดีในการที่เขาทอดกฐิน เรียกว่า อนุโมทนากฐิน [อะนุโมทะนากะถิน] ภิกษุสงฆ์ผู้ได้อนุโมทนากฐินแล้วนั้น ย่อมได้ชื่อว่าเป็น ผู้กรานกฐิน ด้วย ผลของการทอดกฐิน เรียกว่า อานิสงส์กฐิน , ในทางวินัยสิทธิพิเศษ ๕ ประการซึ่งมีแก่ภิกษุผู้ได้กรานกฐินแล้ว ก็เรียกว่า อานิสงส์กฐิน เช่นกัน. (ดู กรานกฐิน และ จุลกฐิน)."
กณิกนันต์ 0,ว.,ละเอียดยิ่ง เช่น ลวดหลายลายกณิกนันต์ (ม. คำหลวง ทานกัณฑ์).
กณิการ์ 0,น.,ไม้กรรณิการ์ เช่น งามดั่งดอกกณิการ์กาญจนสุหร่ายรดเบิกบานน่าชมเชย (ม. ร่ายยาว ทานกัณฑ์).
กด 0,น.,เรียกคำหรือพยางค์ที่มีตัว จ ฉ ช ซ ฌ ฎ ฏ ฐ ฑ ฒ ด ต ถ ท ธ ศ ษ ส สะกด ว่า มาตรากดหรือแม่กด.
กด 1,น.,"ชื่อปลาไม่มีเกล็ด มีหนวด หลายชนิด หลายขนาด ครีบหลังตอนแรกและครีบอกมีก้านครีบเป็นเงี่ยง ครีบหลังตอนที่ ๒ เป็นครีบไขมัน ส่วนใหญ่เป็นสกุล Arius ในวงศ์ Ariidae พบมากในเขตนํ้ากร่อย เช่น กดแดงหรือกดหัวโม่ง ( A. caelatusValencienne s) บางชนิดพบในทะเล เช่น กดทะเลหรือริวกิว [ A. thalassinus (Rüppell)], ที่อยู่ในสกุล Ketengus ได้แก่ กดหัวโต ( K. typusBleeker), ในสกุล Hemipimelodus เช่น กดโป๊ะ [ H. borneensis (Bleeker)]."
กด 2,น.,ชื่อปลานํ้าจืดบางชนิดในสกุล Hemibagrus วงศ์ Bagridae ลักษณะทั่วไปคล้ายกด (๑) เช่น กดเหลือง ชงโลง หรือ กดขาว [ H. nemurus (Valenciennes)] กดคัง [ H. wyckii (Bleeker)].
กด 3,น.,ชื่อนกชนิดหนึ่ง เช่น นกกดอดทนสู้ พบงูเห่าเอาปีกบัง (ประพาสธารทองแดง).
กด 4,ก.,"บังคับลง, ข่ม, ใช้กำลังดันให้ลง, โดยปริยายหมายความว่า แกล้งกักไว้ เช่น กดคดี"
กด 5,ก.,ทำให้มีค่าน้อยลงกว่าควรจะเป็น เช่น กดราคา กดคะแนน
กด 6,ก.,"สะกด, ฝืน เช่น อย่ากดในฟั้นย่า นานนัก (ลอ)."
กด 7,น.,คำกำกับชื่อปีในวิธีนับศักราชแบบโบราณของไทย ตรงกับเลข ๗ และตรงกับเลข ๒ ของจุลศักราช.
กดขาว 0,น.,"ชื่อปลาน้ำจืดชนิด Hemibagrus nemurus (Valenciennes) ในวงศ์ Bagridae ไม่มีเกล็ด หัวแบน หนวดยาวถึงครีบก้น ข้างลำตัวสีเหลือง ด้านหลังสีน้ำตาลดำ มีชุกชุมทั่วไป แม้ในเขตน้ำกร่อยใกล้ปากแม่น้ำ ขนาดยาวได้ถึง ๖๕ เซนติเมตร, กดขาว หรือ ชงโลง ก็เรียก."
กดขี่ 0,ก.,"ข่มให้อยู่ในอำนาจตน, ใช้บังคับเอา, ทำอำนาจเอา, บางทีใช้เข้าคู่กับคำ ข่มเหง เป็น กดขี่ข่มเหง."
กดคอ 0,ก.,บังคับเอา.
กดจุด 0,ก.,ใช้นิ้วกดตามตำแหน่งหรือจุดต่าง ๆ บนร่างกายเพื่อบำบัดโรคหรือเพื่อผ่อนคลายเป็นต้น.
กดดัน 0,ก.,บีบคั้น.
กดน้ำ 0,ก.,ใช้กำลังกดสิ่งใดสิ่งหนึ่งให้มิดลงไปในนํ้า ในความว่า จับกดน้ำ จับหัวกดน้ำ.
กดหัว 0,ก.,บังคับให้อยู่ใต้อำนาจ.
กดเหลือง 0,น.,"ชื่อปลาน้ำจืดชนิด Hemibagrus nemurus (Valenciennes) ในวงศ์ Bagridae ไม่มีเกล็ด หัวแบน หนวดยาวถึงครีบก้น ข้างลำตัวสีเหลือง ด้านหลังสีน้ำตาลดำ มีชุกชุมทั่วไป แม้ในเขตน้ำกร่อยใกล้ปากแม่น้ำ ขนาดยาวได้ถึง ๖๕ เซนติเมตร, กดขาว หรือ ชงโลง ก็เรียก."
กตเวทิตา 0,น.,"ความเป็นผู้ประกาศคุณท่าน, ความเป็นผู้สนองคุณท่าน, เป็นคำคู่กันกับ กตัญญุตา."
กตเวที 0,ว.,"ซึ่งประกาศคุณท่าน, ซึ่งสนองคุณท่าน, เป็นคำคู่กันกับ กตัญญู. [ป. กต ว่า อันเขาทำแล้ว + เวที ว่า ซึ่งรู้, ซึ่งประกาศให้รู้]."
กตัญชลี 0,ก.,ยกมือไหว้.
กตัญญุตา 0,น.,"ความกตัญญู, ความเป็นผู้รู้อุปการคุณที่ท่านทำให้, ความเป็นผู้รู้คุณท่าน, เป็นคำคู่กันกับ กตเวทิตา."
กตัญญู 0,ว.,"ซึ่งรู้อุปการะที่ท่านทำให้, ซึ่งรู้คุณท่าน, เป็นคำคู่กันกับ กตเวที. [ป. กต ว่า อันเขาทำแล้ว + ญู ว่า ซึ่งรู้]."
กตาธิการ 0,น.,การอันยิ่งที่ทำแล้ว.
กตาธิการ 1,ว.,มีการอันยิ่งที่สั่งสมไว้.
กตาภินิหาร 0,น.,อภินิหารที่ทำไว้.
กตาภินิหาร 1,ว.,มีอภินิหารที่ทำไว้.
กติกา 0,น.,กฎเกณฑ์หรือข้อตกลงที่บุคคลตั้งแต่ ๒ ฝ่ายขึ้นไปกำหนดขึ้นเป็นหลักปฏิบัติ เช่น กติกาชกมวย กติกาฟุตบอล
กติกา 1,น.,"หนังสือสัญญา, ข้อตกลง."
กติกาสัญญา 0,น.,ความตกลงระหว่างประเทศ.
กถา 0,น.,"ถ้อยคำ, เรื่อง, คำอธิบาย, คำกล่าว."
กถามรรค 0,น.,ลาดเลาแห่งกถา ได้แก่เรื่องที่แต่งตามอัตโนมัติของผู้แต่งว่าด้วยธรรมนั้น ๆ.
กถามรรคเทศนา 0,น.,"เทศนาฝ่ายกถามรรค, คู่กับ สุตตันตเทศนา."
กถามุข 0,น.,"เบื้องต้นของเนื้อเรื่อง, ข้อความนำเรื่อง."
กถิกาจารย์ 0,น.,อาจารย์ผู้กล่าว.
กทรรป 0,ก.,กำหนัด เช่น ตรูกามกทรรปหฤทัย (สมุทรโฆษ).
กทลี 0,น.,กล้วย.
ก้น 0,น.,"ส่วนเบื้องล่างของลำตัวของคนหรือส่วนท้ายของลำตัวของสัตว์, โดยปริยายหมายความถึงบริเวณก้นด้วย เช่น ล้างก้น"
ก้น 1,น.,"ส่วนล่างของภาชนะ เช่น ก้นหม้อ, ส่วนสุดของห้วงหรือแอ่ง เช่น ก้นบ่อ ก้นเหว ก้นคลอง, ตรงข้ามกับ ปาก"
ก้น 2,น.,ส่วนสุดที่เหลือ เช่น ก้นเทียน ก้นบุหรี่.
กน 0,น.,เรียกคำหรือพยางค์ที่มีตัว ญ ณ น ร ล ฬ สะกด ว่า มาตรากนหรือแม่กน.
ก่น 0,ก.,"ตั้งหน้า, มุ่ง, เช่น อยู่เย็นยงงก่นเกอดพิจลการ (ม. คำหลวง ทานกัณฑ์)."
กน 1,ก.,"มัว, คอย, เฝ้า, เช่น จะกนกินแต่นํ้าตาอนาทร (นิ. ลอนดอน)."
ก่น 1,ก.,ขุดโค่น.
กนก 0,น.,"ทองคำ เช่น มาลากนก = มาลัยทอง, โดยมากใช้ประกอบเป็นส่วนหน้าของสมาส เช่น กนกนัครา (สมุทรโฆษ)."
ก้นกบ 0,น.,"ปลายกระดูกสันหลังที่สุดลงมาข้างล่าง, พายัพเรียก ก้นหย่อน, โดยปริยายเรียกสิ่งที่มีลักษณะคล้ายคลึงเช่นนั้น เช่น ก้นกบว่าวจุฬา."
ก้นกรอง 0,น.,"ส่วนท้ายของบุหรี่ชนิดที่มีที่กรองสารพิษเช่นนิโคตินซึ่งอยู่ในควันบุหรี่, เดิมเรียกว่า ก้นก๊อก, เรียกบุหรี่ที่มีที่กรองสารพิษนี้ ว่า บุหรี่ก้นกรอง."
ก้นกระดก 0,ว.,ลืมตัวเพราะถูกเยินยอ.
ก้นก๊อก 0,ว.,"ส่วนท้ายของบุหรี่ชนิดที่มีที่กรองสารพิษเช่นนิโคตินซึ่งอยู่ในควันบุหรี่, เดิมเรียกว่า ก้นก๊อก, เรียกบุหรี่ที่มีที่กรองสารพิษนี้ ว่า บุหรี่ก้นกรอง."
ก้นกุฏิ 0,ว.,ที่สนิทเป็นที่ไว้วางใจได้.
ก้นขบ 0,น.,ชื่องูขนาดเล็กชนิด Cylindrophis ruffus (Laurenti) ในวงศ์ Aniliidae หรือ Uropeltidae สีดำแกมม่วง มีลายประตามลำตัวสีขาวเห็นได้ชัดเมื่อยังมีขนาดเล็ก ท้องมีลายดำขาวสลับกัน พื้นท้องของหางเกือบปลายสุดมีสีแดงอมส้ม ไม่มีพิษ แต่เข้าใจกันว่ามีพิษข้างหางเพราะชูและแผ่หางแบนม้วนให้เห็นเมื่อพบศัตรู.
ก้นครัว 0,ว.,ไม่ได้ออกหน้าออกตา.
ก่นโคตร 0,ก.,ขุดโคตรขึ้นมาด่า.
ก้นตะกรน 0,น.,ก้นที่มีขี้ตะกอน.
ก้นตะกรน 1,ว.,"เดนคัด, เดนเลือก, ขนาดเล็กมาก, (ใช้แก่ผลไม้) เช่น มะปรางก้นตะกรน มะม่วงก้นตะกรน."
ก่นแต่ 0,ก.,"เฝ้าแต่, มัวแต่, เช่น ก่นแต่จะร้องไห้."
ก้นถุง 0,ว.,"เงินจำนวนหนึ่งที่ผู้ใหญ่มอบให้ในงานแต่งงานเป็นต้น เพื่อเก็บไว้เป็นเงินก้อนแรก, ก้นถุง ก็ว่า."
ก้นบึ้ง 0,น.,"ส่วนสุดของสิ่งที่ลึก, ส่วนใต้สุด, โดยปริยายหมายถึงลักษณะที่คล้ายคลึงเช่นนั้น เช่น ก้นบึ้งของหัวใจ."
ก้นบุหรี่ 0,น.,"ส่วนท้ายของมวนบุหรี่ที่สั้นจนสูบต่อไปไม่ได้, ก้นยา ก็เรียก."
ก้นปล่อง 0,น.,"ชื่อยุงในสกุล Anopheles วงศ์ Culicidae ที่พบทั่วไป เช่น ชนิด A. dirus Peyton & Harrison, A. minimusTheobald, A. maculatus Theobald ยุงเหล่านี้เวลาเกาะหรือดูดเลือดคนหรือสัตว์ หัวจะปักลง ก้นชี้ขึ้น ผนังด้านล่างของส่วนท้องไม่มีเกล็ด ทั้งเพศผู้และเพศเมียมีรยางค์ปากยื่นยาวออกมา ๑ คู่ ทำให้เหมือนกับมีปากเป็นสามแฉก เพศเมียดูดเลือดและบางชนิดเป็นพาหะในการนำโรคมาสู่คนและสัตว์ เช่น ไข้มาลาเรีย เพศผู้กินนํ้าหรือนํ้าหวานจากเกสรดอกไม้."
ก้นปอด 0,น.,"ก้นที่สอบเล็กผิดปรกติ, ก้นที่ไม่ใคร่มีเนื้อ."
ก้นปิด 0,ว.,เรียกใบไม้ที่มีก้านติดอยู่ภายในของใบ เช่นใบบัว ใบมะละกอ ว่า ใบก้นปิด.
ก้นปูด 0,น.,นกกะปูด. (ดู กะปูด).
ก้นแมลงสาบ 0,ว.,"แหลมมนอย่างก้นแมลงสาบ, เรียกเครื่องมือเหล็กที่มีลักษณะเช่นนั้น ว่า เหล็กก้นแมลงสาบ."
ก้นย้อย 0,น.,เนื้อก้น ๒ ข้างที่ยุ้ยออกมา.
ก้นยา 0,น.,"ส่วนท้ายของมวนบุหรี่ที่สั้นจนสูบต่อไปไม่ได้, ก้นบุหรี่ ก็เรียก."
ก้นร้อน 0,ก.,นั่งอยู่ที่ใดได้ไม่นาน เช่น แม่คนนี้ก้นร้อน นั่งที่ไหนไม่ได้นานหรอก.
ก่นสร้าง 0,ก.,"ขุดโค่นต้นไม้ตอไม้และแผ้วถางเพื่อปลูกสร้าง, โก่นสร้าง ก็ว่า."
ก้นหนัก 0,ก.,นั่งอยู่ที่ใดที่หนึ่งได้นาน ๆ ไม่ลุกหรือขยับเขยื้อนไปไหนง่าย ๆ เช่น แม่คนนี้ก้นหนัก ไปนั่งคุยอยู่บ้านเพื่อนตั้งแต่เช้ายังไม่ยอมกลับ.
ก้นหย่อน 0,น.,ก้นกบ.
ก้นหอย 0,น.,"รอยเส้นขดวนเข้าหาศูนย์กลางอย่างรูปก้นหอยมีที่นิ้วมือเป็นต้น, โดยปริยายเรียกสิ่งที่มีลักษณะคล้ายคลึงเช่นนั้น เช่น ม้วนผมแบบก้นหอย."
ก้นอ้อย 0,น.,เนื้อก้น ๒ ข้างตรงที่นั่งทับ.
กนิษฐ์ 0,ว.,"“น้อยที่สุด”, (ราชา) ถ้าใช้ว่า พระกนิษฐภคินี หมายถึง น้องสาว, ถ้าใช้ว่า พระกนิษฐภาดา หมายถึง น้องชาย, ถ้าใช้ว่า พระกนิษฐา หมายถึง น้องสาว."
กนิษฐ- 0,ว.,"“น้อยที่สุด”, (ราชา) ถ้าใช้ว่า พระกนิษฐภคินี หมายถึง น้องสาว, ถ้าใช้ว่า พระกนิษฐภาดา หมายถึง น้องชาย, ถ้าใช้ว่า พระกนิษฐา หมายถึง น้องสาว."
กนิษฐภคินี 0,น.,"น้องสาว, ราชาศัพท์ใช้ว่า พระกนิษฐภคินี."
กนิษฐภาดา 0,น.,"น้องชาย, ราชาศัพท์ใช้ว่า พระกนิษฐภาดา."
กนิษฐา 0,น.,น้องสาว
กนิษฐา 1,น.,นิ้วก้อย
กนิษฐา 2,น.,ใช้ว่า พระกนิษฐา.
กบ 0,น.,เรียกคำหรือพยางค์ที่มีตัว บ ป พ ฟ ภ สะกด ว่า มาตรากบหรือแม่กบ.
กบ 1,น.,ชื่อสัตว์สะเทินน้ำสะเทินบกหลายชนิด ในสกุล Rana วงศ์ Ranidae ลำตัวสั้นป้อมมีขนาดต่าง ๆ กัน ขาคู่หลังใหญ่และยาวกว่าขาคู่หน้า ตีนแบนมีพังผืดติดเป็นพืด เมื่อโตเต็มที่ไม่มีหาง กระโดดได้ไกล ว่ายน้ำ ดำน้ำได้เร็ว เมื่อยังเป็นตัวอ่อนมีหาง อยู่ในน้ำเรียกว่า ลูกอ๊อด ภายหลังจึงงอกขา หางหดหายไป แล้วขึ้นอาศัยบนบก หน้าแล้งอยู่แต่ในรู ไม่ออกหาอาหารชั่วคราว เรียกว่า กบจำศีล เช่น กบนา [ Hoplobatrachus rugulosus (Wiegmann) หรือ R. rugulosus (Wiegmann)].
กบ 2,น.,"ชื่อปลาไม่มีเกล็ดชนิด Batrachoides grunniers (Bloch) และ Batrachomoeus trispinosus (Günther) ในวงศ์ Batrachoididae ปากกว้าง หัวทู่แบนลง ลำตัวกลมยาว มีสีนํ้าตาลเป็นด่างดวงทั่วไป ขนาดยาวได้ถึง ๓๐ เซนติเมตร ครีบท้องอยู่เยื้องไปข้างหน้าครีบอก หางกลม เฉพาะชนิดแรกมีรูที่มุมบนด้านในของครีบอก อาศัยอยู่ตามพื้นท้องทะเล, กบ บู่ทะเล ผีหลอก หรือ อุบ ก็เรียก."
กบ 3,น.,เครื่องมือช่างไม้สำหรับไสไม้ ขูดปอกหน้าไม้เพื่อลบคลองเลื่อยให้เรียบ ให้เป็นราง หรือลอกบัว มีมากชนิดด้วยกัน เช่น กบกระดี่ กบบังใบ กบบัว
กบ 4,น.,อุปกรณ์ใช้เหลาดินสอ.
กบ 5,น.,ชื่อทุเรียนพันธุ์หนึ่ง.
กบ 6,น.,"ชื่อไม้ล้มลุกมีหัวชนิดหนึ่งในสกุล Geodorum วงศ์ Orchidaceae หัวมีลักษณะเหมือนกบ เชื่อกันว่าใช้ในทางอยู่ยงคงกระพันได้, ข้าวอังกุลี ก็เรียก."
กบ 7,ว.,"เต็มมาก, เต็มแน่น, เช่น ข้าวกบหม้อ มะพร้าวมีลูกกบคอ เลือดกบปาก."
กบ 8,ก.,ประกบ.
กบ 9,น.,สลักทำด้วยไม้ ใส่ลงในร่องตรงกลางไม้ธรณี สำหรับขัดเชิงบานประตูและหน้าต่างเมื่อปิดเข้าหากัน.
กบแจะ 0,ก.,"แตะ, กระทบ, ประกบกัน, (ใช้เฉพาะการเล่นอย่างเล่นโยนหลุม โดยโยนสตางค์หรือเบี้ยให้ไปแตะหรือประกบกัน), แจะ ก็ว่า."
กบฏ 0,ก.,"ประทุษร้ายต่อทางอาณาจักร, ทรยศ, ขบถ ก็ว่า."
กบฏ 1,น.,"การประทุษร้ายต่อทางอาณาจักร, ความทรยศ"
กบฏ 2,น.,"ผู้ประทุษร้ายต่อทางอาณาจักร, ผู้ทรยศ"
กบฏ 3,น.,ขบถ ก็ว่า
กบฏ 4,น.,เป็นฐานความผิดอาญา ที่เกี่ยวกับการล้มล้างรัฐธรรมนูญ อำนาจนิติบัญญัติ อำนาจบริหาร อำนาจตุลาการ และการแบ่งแยกราชอาณาจักรหรือยึดอำนาจปกครอง.
กบดาน 0,ก.,"นอนพังพาบกับพื้นใต้นํ้า เป็นอาการของจระเข้, โดยปริยายหมายถึงหลบซ่อนตัวไม่ออกมา."
กบดำกบแดง 0,น.,ชื่อการพนันชนิดหนึ่ง เช่น เล่นไพ่กบดำกบแดง.
กบเต้น 0,น.,ชื่อเพลงไทย อัตรา ๒ ชั้น สมัยอยุธยาใช้ขับร้องและบรรเลงตอนโศกเศร้า ต่อมามีผู้นำไปทำเป็นเพลงเถา.
กบเต้นกลางสระบัว 0,น.,ชื่อกลบทชนิดหนึ่ง ตัวอย่างว่า หมายชิดมิตรเชือนไม่เหมือนหมาย.
กบเต้นต่อยหอย 0,น.,ชื่อกลบทชนิดหนึ่ง ตัวอย่างว่า คิดยิ่งแสนแค้นยิ่งศรเสียบทรวงหมอง.
กบเต้นสลักเพชร 0,น.,ชื่อกลบทชนิดหนึ่ง ตัวอย่างว่า เจ็บเรียมห่างจางรักให้ใจเรียมหวน.
กบเต้นสามตอน 0,น.,ชื่อกลบทชนิดหนึ่ง ตัวอย่างว่า เจ็บคำจำคิดจิตขวย.
กบทู 0,น.,ไม้ข่มหัวกลอนที่พาดบนแป.
กบทูด 0,น.,"ชื่อกบภูเขาขนาดใหญ่ที่สุดชนิด Rana blythii Boulenger ในวงศ์ Ranidae ปากค่อนข้างแหลมเมื่อเทียบกับชนิดอื่น กระดูกขากรรไกรบนยาวแหลมออกมาคล้ายเขี้ยว ขนาดลำตัวอาจยาวถึง ๓๐ เซนติเมตร อาศัยในป่าดงดิบชื้นตามลำธารบนภูเขา, พายัพเรียก เขียดแลว."
กบนา 0,น.,ชื่อกบขนาดกลางถึงขนาดใหญ่ชนิด Hoplobatrachus rugulosus (Wiegmann) หรือ Rana rugulosus (Wiegmann) ก็มีใช้กัน ในวงศ์ Ranidae หลังสีน้ำตาลอมเขียวมีจุดสีน้ำตาลเข้มถึงดำกระจายทั่วไป ท้องสีขาวนวล กินแมลง เป็นชนิดที่มีแพร่หลายมากที่สุดในประเทศไทย.
กบในกะลาครอบ 0,น.,ผู้มีความรู้และประสบการณ์น้อยแต่สำคัญตนว่ามีความรู้มาก.
กบบัว 0,น.,ชื่อกบขนาดเล็กชนิด Rana erythraea (Schlegel) ในวงศ์ Ranidae ตัวสีเขียวมีแถบสีขาวพาดตามยาวลำตัว อาศัยอยู่ตามกอบัว จึงมีผู้เรียกว่า เขียดบัว และร้องเสียง “จิ๊ก ๆ ” บางครั้งจึงเรียกว่า เขียดจิก.
กบเลือกนาย 0,น.,ผู้ที่ต้องการเปลี่ยนผู้บังคับบัญชาอยู่เรื่อย ๆ.
กบาล 0,น.,"ส่วนกลางของกะโหลกศีรษะ, หัว, (คำไม่สุภาพ) เช่น ตีกบาล เขกกบาล"
กบาล 1,น.,แผ่นกระเบื้อง
กบาล 2,น.,ลานกลางหมู่บ้าน เรียกว่า กบาลบ้าน
กบาล 3,น.,เรียกภาชนะที่ใส่เครื่องเซ่นผีแล้วนำไปทิ้งที่ทางสามแพร่ง เช่น เอาเหล้าข้าวใส่กบาลออกเซ่นวัก (ขุนช้างขุนแผน).
กบินทร์ 0,น.,"พญาลิง, กเบนทร์ ก็ว่า."
กบิล 0,น.,ลิง.
กบิล 1,น.,"ระเบียบ, แบบ, ทาง, เช่น กบิลความ"
กบิล 2,น.,วิธีการ เช่น ลงโทษตามกบิลเมือง
กบิล 3,น.,"กระบวน, หมู่, เช่น กบิลไม้"
กบิล 4,น.,"บรรดา เช่น กบิลว่าน, คำนี้บางทีเขียนเป็น กะบิล กระบิล ระบิล."
กบี่ 0,น.,"ลิง, นิยมเขียนเป็น กระบี่."
กบี่ธุช 0,น.,ชื่อธงมีลักษณะเป็นธงสามชาย ๓ ผืน ผืนธงทำด้วยผ้าปักไหมทองเป็นลวดลายเครือกระหนก สอดร่วมอยู่ในคันธงเดียวกันซึ่งเป็นเหล็กและทำเป็นกิ่งแยกจากคันกลางทางด้านซ้ายและด้านขวา ปลายคันธงทำเป็นรูปใบหอก ที่โคนคันธงตรงส่วนสวมต่อคันธงท่อนล่างติดรูปหนุมานในท่ายืนยกขาหน้าและขาหลังข้างขวาเตรียมเหาะ ใช้เชิญนำหน้าพระราชยานในกระบวนพยุหยาตรา และเชิญประดิษฐานในพิธีมณฑลในการพระราชพิธีต่าง ๆ เข้าคู่กับธงพระครุฑพ่าห์ โดยธงกระบี่ธุชอยู่ทางด้านซ้าย และธงพระครุฑพ่าห์อยู่ทางด้านขวา.
กบูร 0,ก.,"แต่ง, ประดับ."
กบูร 1,ว.,"งาม เช่น ก็ใช้สาวสนมอนนกบูร (ม. คำหลวง นครกัณฑ์), คำนี้บางทีเขียนเป็น กระบูร กระบวร ขบูร ขบวร."
กเบนทร์ 0,ว.,"พญาลิง, กเบนทร์ ก็ว่า."
กโบร 0,น.,"ศอก, ข้อศอก. (พจน.)."
กโบล 0,น.,แก้ม.
กปณ 0,ว.,"อนาถา, ไร้ญาติ, น่าสงสาร, (กลอน) เขียนเป็น กปนา ก็มี เช่น แม้มนุษยกปนาจำนง ขอสิ่งประสงค์ประสาททาน (ม. คำหลวง มัทรี)."
กปณก 0,น.,"ผู้อนาถา, ผู้ไร้ญาติ, ผู้น่าสงสาร, เขียนเป็น กปนก ก็มี เช่น เถ้ากปนกแพนกพล้าว มีแม่ย้าวสาวศร หนึ่งน้นน (ม. คำหลวง ชูชก)."
กปณา 0,ว.,"อนาถา, ไร้ญาติ, น่าสงสาร, (กลอน) เขียนเป็น กปนา ก็มี เช่น แม้มนุษยกปนาจำนง ขอสิ่งประสงค์ประสาททาน (ม. คำหลวง มัทรี)."
กปิ 0,น.,ลิง เช่น ทรงพาหะองคต กปิยศโยธิน
กปิตัน 0,น.,"กัปตัน, นายเรือ"
กปิตัน 1,น.,หัวหน้าหมู่ชน.
ก้ม 0,ก.,ทำให้ตํ่าลงโดยอาการน้อม (ใช้เฉพาะ หัว หน้า และหลัง) เช่น ก้มหัว ก้มหน้า ก้มหลัง.
กม 0,น.,เรียกคำหรือพยางค์ที่มีตัว ม สะกด ว่า มาตรากมหรือแม่กม.
กม 1,ก.,กุม เช่น เกลือกเจ้าแม่มาคิดคม ครุบคั้นกินกม บไว้บวางตัวตู (เสือโค).
ก้ม ๆ เงย ๆ 0,ก.,"ก้มบ้างเงยบ้าง, ทำ ๆ หยุด ๆ ต่อเนื่องกันไป."
กมณฑลาภิเษก 0,น.,หม้อนํ้าสรง เช่น อนนเต็มในกมณฑลาภิเษก (ม. คำหลวง มหาราช).
กมณฑโลทก 0,น.,นํ้าในหม้อ เช่น ชำระพระองค์ด้วยกมณฑโลทก (ม. คำหลวง มหาราช).
กมล 0,น.,บัว เช่น บาทกมล (สมุทรโฆษ)
กมล 1,น.,"ใจ เช่น ดวงกมล, บางทีใช้ว่า กระมล."
กมล 2,ว.,"เหมือนบัว เช่น เต้าสุวรรณกมลคนที (ม. คำหลวง หิมพานต์), บางทีใช้ว่า กระมล."
กมล- 0,น.,ชื่อฉันท์วรรณพฤติ กำหนดด้วย ๔ คณะสลับกัน คือ ส คณะ ย คณะ ส คณะ ย คณะ (ตามแบบว่า กมลาติ เณยฺยา สยเสหิ โย เจ) ตัวอย่างว่า จะวิสัชนาสาร พิสดารก็หลายเลบง เรียกว่า กมลฉันท์ หรือ กมลาฉันท์.
กมลา 0,น.,ชื่อฉันท์วรรณพฤติ กำหนดด้วย ๔ คณะสลับกัน คือ ส คณะ ย คณะ ส คณะ ย คณะ (ตามแบบว่า กมลาติ เณยฺยา สยเสหิ โย เจ) ตัวอย่างว่า จะวิสัชนาสาร พิสดารก็หลายเลบง เรียกว่า กมลฉันท์ หรือ กมลาฉันท์.
กมลาศ 0,น.,บัว
กมลาศ 1,น.,ใจ.
กมลาสน์ 0,น.,“ผู้มีบัวเป็นที่นั่ง” คือ พระพรหม.
กมเลศ 0,น.,บัว
กมเลศ 1,น.,ใจ
กมเลศ 2,น.,พระนารายณ์ เช่น ดุจองค์สมเด็จกมเลศอันลีลาศ ลงจากชั้นสุทธาวาสบวรวิมาน (ม. ร่ายยาว ฉกษัตริย์).
ก้มหน้า 0,ก.,จำทน เช่น ต้องก้มหน้าทำตามประสายาก.
ก้มหน้าก้มตา 0,ก.,"ทำโดยไม่มองดูสิ่งอื่น, ทำโดยตั้งใจ, เช่น ก้มหน้าก้มตาทำไปจนกว่าจะสำเร็จ."
ก้มหลัง 0,ก.,น้อมหลังลงเพื่อแสดงกิริยาเคารพ.
ก้มหัว 0,ก.,"น้อมหัวลงเพื่อแสดงกิริยาเคารพ, โดยปริยายหมายความว่า ยอมอ่อนน้อม (มักใช้ในความปฏิเสธ) เช่น ไม่ยอมก้มหัวให้ใคร."
กมัณฑลุ 0,น.,"กะโหลกนํ้าเต้า, เต้านํ้า, หม้อนํ้า, ภาชนะใส่นํ้าเล็ก ๆ เป็นบริขารเครื่องใช้ประจำของนักบวชนอกพระพุทธศาสนา ทำด้วยไม้หรือดิน, เช่น กมัณฑลุภาชน์ ว่า ภาชนะใส่น้ำ คือ เต้านํ้า (ม. ร่ายยาว วนปเวสน์), ใช้ว่า กมัณฑลู ก็มี เช่น บัดนี้คาวียุพราชาชัยลีลา ก็เอากมัณฑลูลง (เสือโค)."
กมุท 0,น.,บัว เช่น ส่งดวงกมุทให้กัณหา (ม. คำหลวง มัทรี).
กร 0,น.,"ผู้ทำ, ใช้ประกอบเป็นส่วนหลังของสมาส เช่น กรรมกร เกษตรกร."
กร 1,น.,มือ (มักใช้ในบทประพันธ์)
กร 2,น.,แขน เช่น เจ้างามกรอ่อนดังงวงเอราวัณ (กลบท)
กร 3,น.,"มือ, แขน, ปลายแขน, ใช้ว่า พระกร หรือ กร."
กร 4,น.,"แสง, ใช้ประกอบเป็นส่วนหลังของสมาส เช่น รัชนีกร นิศากร."
กรก 0,น.,ลูกเห็บ เช่น กรกวรรษ ว่า ฝนลูกเห็บ.
กรก- 0,น.,ลูกเห็บ เช่น กรกวรรษ ว่า ฝนลูกเห็บ.
กรกช 0,น.,“ดอกบัวคือมือ” คือ กระพุ่มมือ เช่น ธก็ยอกรกชประนม (ลอ).
กรกช 1,ก.,ไหว้ เช่น เอกภูธรกรกช ทศนัขสมุชลิต (ยวนพ่าย).
กรกฎ 0,น.,ปู เช่น กรกฎกุ้งกั้งมังกร (ม. ร่ายยาว มหาพน)
กรกฎ 1,น.,ชื่อกลุ่มดาวรูปปู เรียกว่า ราศีกรกฎ เป็นราศีที่ ๓ ในจักรราศี.
กรกฎาคม 0,น.,"ชื่อเดือนที่ ๗ ตามสุริยคติ ซึ่งเริ่มด้วยเดือนมกราคม มี ๓๑ วัน, (เลิก) ชื่อเดือนที่ ๔ ตามสุริยคติ ซึ่งเริ่มด้วยเดือนเมษายน."
กรกฏ 0,น.,ปู เช่น กรกฎกุ้งกั้งมังกร (ม. ร่ายยาว มหาพน)
กรกฏ 1,น.,ชื่อกลุ่มดาวรูปปู เรียกว่า ราศีกรกฎ เป็นราศีที่ ๓ ในจักรราศี.
กรกัติ 0,ก.,"กระกัด, ใคร่, อยาก, ยินดี, เช่น กรกัติกามา (สรรพสิทธิ์)."
กรง 0,น.,สิ่งที่ทำเป็นซี่ ๆ ล้อมรอบสำหรับขังนกเป็นต้น ตั้งอยู่กับที่หรือยกไปได้
กรง 1,น.,ในบทกลอนใช้หมายความว่า เปล ก็มี เช่น ถนอมในพระกรงทอง (เห่กล่อม).
กรงทอง 0,น.,เรียกกรงที่ใช้กั้นพระราชพิธีลงสรงเจ้าฟ้า ว่า พระกรงทอง.
กรงเล็บ 0,น.,กลุ่มเล็บของแมวหรือนกเป็นต้นเมื่อขยุ้มเหยื่อ มีเค้าคล้ายกรง.
กรชกาย 0,น.,ร่างกาย.
กรณฑ์ 0,น.,"ภาชนะมีฝาปิด, ภาชนะใส่นํ้า เช่น หม้อกรณฑ์, กรัณฑ์ หรือ กรัณฑก ก็เรียก, ผอบ เช่น บรรจุพระบรมธาตุในสุวรรณกรณฑ์ (เทศนาพระราช-ประวัติ)."
กรณฑ์ 1,น.,เรียกเครื่องหมาย+C2511 ว่า เครื่องหมายกรณฑ์.
กรณิการ์ 0,น.,กรรณิการ์.
กรณี 0,น.,"คดี, เรื่อง, เหตุ, เช่น ในกรณีนี้ = ในเรื่องนี้."
กรณีย์ 0,น.,กิจ.
กรณีย์ 1,ว.,"อันควรทำ, อันพึงทำ."
กรณีย- 0,น.,กิจ.
กรณีย- 1,ว.,"อันควรทำ, อันพึงทำ."
กรณียกิจ 0,น.,"กิจที่พึงทำ, หน้าที่อันพึงทำ."
กรณียะ 0,น.,กิจ.
กรณียะ 1,ว.,"อันควรทำ, อันพึงทำ."
กรด 0,น.,สารอย่างหนึ่ง มีรสเปรี้ยว โดยปรกติกัดหรือทำให้สิ่งอื่นแปรไป
กรด 1,น.,มีความหมายหลายอย่าง สุดแล้วแต่ทฤษฎีที่ใช้เป็นหลักกำหนด คือ เป็นสารเคมีที่ประกอบด้วยธาตุไฮโดรเจน และเมื่อสารนี้ละลายนํ้าเป็นสารละลายแล้ว ไฮโดรเจนที่มีอยู่ทั้งหมดหรือบางส่วนต้องแปรสภาพออกมาเป็นไฮโดรเจนไอออน (H+) สารละลายที่ได้มีรสเปรี้ยวเปลี่ยนสีลิตมัสสีนํ้าเงินเป็นสีแดงได้
กรด 2,น.,สารเคมีที่มีสมบัติจ่ายโปรตอนให้แก่สารอื่นได้
กรด 3,น.,สารเคมีที่มีสมบัติรับอิเล็กตรอนคู่หนึ่งมาจากสารอื่นได้.
กรด 4,ว.,คมมีลักษณะที่กัดกร่อนหรือตัดสิ่งของได้ เช่น นํ้ากรด = นํ้าที่คม ลมกรด = ลมที่คม.
กรด 5,น.,"ชื่อไม้เถาชนิด Combretum tetralophum C. B. Clarke ในวงศ์ Combretaceae มักขึ้นในที่นํ้าท่วม เช่น ตามฝั่งนํ้าลำคลอง ใบโดยมากออกรอบข้อ ๒ หรือ ๓ ใบ ใบอ่อนสีม่วงดำ เมื่อแก่เปลี่ยนเป็นสีเขียว ผลมีสันแข็งเป็น ๔ ครีบ, เถาวัลย์กรด ก็เรียก, อีกชนิดหนึ่ง คือ C. trifoliatum Vent. มีลักษณะคล้ายกันมาก แต่ผลมี ๕ ครีบ เช่น กรดกระถินอินจันพรรณไม้ (นิ. อิเหนา), สีเอยเจ้าสีสด เจ้าปลูกต้นกรดไว้ริมท่า (กล่อมเด็ก)."
กรด 6,น.,ภาชนะใส่นํ้าเทพมนตร์ของพราหมณ์ ลักษณะเหมือนคนโทมีฝาปิด มีพวยอย่างกานํ้า.
กรน 0,ก.,หายใจมีเสียงดังในลำคอขณะหลับ เหตุลิ้นตกจุกคอหอยหรือลิ้นตกจุกคอหอยและลิ้นไก่กับเพดานอ่อนสั่น.
กรนทา 0,น.,ไม้คนทา (ลิปิ) เช่น กรนทาดาษดวงพรายก็มี (ม. คำหลวง มหาพน).
กรนนเช้า 0,น.,กระเช้า เช่น คร้นนเช้าก็หิ้วกรนนเช้า ชายป่าเต้าไปหาชาย (ม. คำหลวง มัทรี).
กรบ 0,น.,เครื่องแทงปลา ใช้ไม้ไผ่เหลาเป็นซี่ ๓ ซี่ ปลายสวมด้วยเหล็กแหลม โคนรวบเข้าด้วยกัน ต่อด้ามเป็นอย่างรูปคอม้า.
กรบูร 0,น.,ชื่อไม้ต้นชนิด Cinnamomum camphora (L.) J. Presl ในวงศ์ Lauraceae เนื้อไม้มีสารสีขาว กลิ่นฉุนร้อน ซึ่งกลั่นแยกออกมาได้ เรียกว่า การบูร หรือ กรบูร ใช้ทำยา.
กรพินธุ์ 0,น.,ทับทิม เช่น จงแต่งเขนแต่งขันธ์ ผ้าเกราะพรรณรายแพร้ว ดยรดาษแก้วกรพินธุ์ (ม. คำหลวง มหาราช).
กรภุม 0,น.,กระพุ่ม เช่น สนธยากรภุมบุษ ปบังคมบำบวงสรณ (อนิรุทธ์).
กรม 0,ก.,"ระทม, เจ็บอยู่ภายในเรื่อยไป, เช่น กรมใจ"
กรม 1,ก.,"กลัด เช่น กรมหนอง. [ข. กฺรุ (กฺรม) ว่า ลำบาก เช่น กฺรุจิต = ลำบากใจ], ตรม ก็ว่า."
กรม 2,น.,ลำดับ เช่น จะเล่นโดยกรม (สมุทรโฆษ). [ส.
กรม 3,น.,"ข. กฺรุม (กฺรม) ว่า หมวด, หมู่, กอง"
กรม 4,น.,ครอบครัว เช่น มวยกฺรุม = ครอบครัวหนึ่ง].
กรม 5,น.,"หมู่เหล่าอันเป็นที่รวมกำลังไพร่พลของแผ่นดินตามลักษณะปกครองสมัยโบราณ เพื่อประโยชน์ในราชการและเวลาเกิดศึกสงคราม จะได้เรียกระดมคนได้ทันท่วงที บรรดาชายฉกรรจ์ต้องเข้าอยู่ในกรมหรือในหมู่เหล่าใดเหล่าหนึ่ง เรียกว่า สังกัดกรม มีหัวหน้าควบคุมเป็นเจ้ากรม ปลัดกรม ตามลำดับ ซึ่งเมื่อพระเจ้าแผ่นดินทรงตั้งให้เจ้านายปกครองเป็นองค์ ๆ เรียกว่าตั้งกรม แล้ว เจ้านายพระองค์นั้นก็ ทรงกรม เป็น เจ้าต่างกรม เพราะมีกรมขึ้นต่างหากออกไปเป็นกรมหนึ่ง มีอำนาจตั้งเจ้ากรม ปลัดกรม เป็น หมื่น ขุน หลวง พระ พระยา ได้ และเรียกชื่อกรมนั้น ๆ ตามบรรดาศักดิ์เจ้ากรมว่า กรมหมื่น กรมขุน กรมหมื่น กรมขุน กรมหลวง กรมหลวงกรมพระ และกรมพระยา หรือ เมื่อจะทรงกรมสูงขึ้นกว่าเดิม ก็โปรดให้ เลื่อนกรม ขึ้น โดยเจ้ากรมมีบรรดาศักดิ์เลื่อนขึ้น เช่นจากหมื่นเป็นขุน, มาในปัจจุบันชื่อกรมเหล่านี้มีความหมายกลายเป็นพระอิสริยยศและพระนามเจ้านายเท่านั้น."
กรม 6,น.,"แผนกใหญ่ในราชการ ตามลักษณะปกครองในสมัยโบราณ ซึ่งในปัจจุบัน เรียกว่า กระทรวง เช่น กรมพระกลาโหม คือ กรมฝ่ายทหาร เป็นกระทรวงกลาโหม, กรมมหาดไทย คือ กรมฝ่ายพลเรือน เป็นกระทรวงมหาดไทย, กรมเมือง หรือ กรมนครบาล รวมอยู่ในกระทรวงมหาดไทย, กรมวัง แยกเป็นกระทรวงวัง และกระทรวงยุติธรรม (ปัจจุบันกระทรวงวังไม่มีแล้ว), กรมพระคลัง แยกเป็นกระทรวงการคลัง และกระทรวงการต่างประเทศ, กรมนา เป็นกระทรวงเกษตราธิการ (ปัจจุบัน คือ กระทรวงเกษตรและสหกรณ์)."
กรม 7,น.,ส่วนราชการในราชการบริหารส่วนกลาง ในระดับรองจากกระทรวงและทบวง ที่มีฐานะเป็นนิติบุคคล
กรม 8,น.,หน่วยงานของฝ่ายทหาร.
กรม 9,น.,"เอกสารสัญญาซึ่งทำขึ้นตามที่กฎหมายกำหนด เช่น เอกสารที่ทาสลูกหนี้ยินยอมให้กรมการอำเภอทำให้ไว้แก่เจ้าหนี้นายเงิน สัญญาขายฝากที่ไร่ที่สวน, คำนี้เรียกเต็มว่า สารกรมธรรม์ หรือย่อว่า สารกรม, บางทีเรียกเพียงคำเดียวว่า กรม ก็มี เช่น กู้หนี้ถือสีนกันเข้าชื่อในกรมหลายคน (สามดวง)."
กรม 10,*น.,ย่อมาจากคำว่า กรรม เช่น อวยสรรพเพียญชนพิธีกรมเสร็จกำนนถวาย (ดุษฎีสังเวย).
กรม 11,*น.,"ชื่อไม้ต้นขนาดเล็กชนิด Aporosa villosa (Wall. ex Lindl.) Baill. ในวงศ์ Euphorbiaceae พบในป่าโปร่งทั่วไป, กรม กลม หรือ โลด ก็เรียก."
กรมกรอม 0,ก.,"ระทมใจจนเหี่ยวแห้ง, ตรมตรอม ก็ว่า."
กรมการ 0,น.,ตำแหน่งพนักงานปกครองที่มีมาแต่สมัยโบราณ และได้กำหนดไว้ในข้อบังคับลักษณะการปกครองหัวเมือง ร.ศ. ๑๑๖ เรียกว่า กรมการเมือง ซึ่งแบ่งออกเป็น ๒ พวก คือ กรมการในทำเนียบ และกรมการนอกทำเนียบ.
กรมการจังหวัด 0,น.,คณะกรมการจังหวัด
กรมการจังหวัด 1,น.,กรมการจังหวัดแต่ละคนที่เป็นองค์ประกอบของคณะกรมการจังหวัด. (ดู คณะกรมการจังหวัด).
กรมการนอกทำเนียบ 0,น.,"กรมการเมืองพวกหนึ่ง เป็นตำแหน่งกิตติมศักดิ์ ทำหน้าที่ให้คำปรึกษาแก่ผู้ว่าราชการเมืองในการบริหารราชการในเมืองนั้น ๆ แต่งตั้งจากบุคคลผู้ทรงคุณวุฒิหรือคหบดีในเมืองนั้น ๆ โดยไม่จำกัดจำนวน และถือว่าเป็นกรมการชั้นผู้ใหญ่, กรมการพิเศษ ก็ว่า."
กรมการในทำเนียบ 0,น.,กรมการเมืองพวกหนึ่ง เป็นตำแหน่งข้าราชการที่มีเงินเดือน ซึ่งจัดเป็น ๒ พวก กรมการชั้นผู้ใหญ่ ประกอบด้วย ปลัด ยกกระบัตร และผู้ช่วยราชการ กับกรมการชั้นผู้น้อย ประกอบด้วย จ่าเมือง สัสดี แพ่ง ศุภมาตรา และสารเลข.
กรมการพิเศษ 0,น.,"กรมการเมืองพวกหนึ่ง เป็นตำแหน่งกิตติมศักดิ์ ทำหน้าที่ให้คำปรึกษาแก่ผู้ว่าราชการเมืองในการบริหารราชการในเมืองนั้น ๆ แต่งตั้งจากบุคคลผู้ทรงคุณวุฒิหรือคหบดีในเมืองนั้น ๆ โดยไม่จำกัดจำนวน และถือว่าเป็นกรมการชั้นผู้ใหญ่, กรมการนอกทำเนียบ ก็ว่า."
กรมการอำเภอ 0,น.,คณะพนักงานปกครองซึ่งประกอบด้วยนายอำเภอ ปลัดอำเภอ และสมุห์บัญชีอำเภอ มีหน้าที่ร่วมกันในการดำเนินการให้การปกครองอำเภอเรียบร้อย ในปัจจุบันอำนาจหน้าที่ของกรมการอำเภอถูกโอนไปเป็นของนายอำเภอ.
กรมเกรียม 0,ก.,"ระทมใจจนหม่นไหม้, ใช้ว่า เกรียมกรม ตรมเตรียม หรือ เตรียมตรม ก็มี เช่น จักขานความที่เกรียมกรม (กฤษณา)."
กรมท่า 0,น.,"กรมพระคลังส่วนที่ทำหน้าที่ติดต่อกับต่างชาติเรื่องการค้าขายและการต่างประเทศ ต่อมาเพิ่มหน้าที่ปกครองหัวเมืองชายทะเล, พระคลัง หรือ พระคลังกรมท่า ก็เรียก. (ดู กรมพระคลัง ประกอบ)."
กรมท่า 1,ว.,"สีขาบ, สีน้ำเงินแก่, เรียกว่า สีกรมท่า."
กรมท่ากลาง 0,น.,ส่วนราชการในสังกัดกรมพระคลัง ที่ตั้งขึ้นภายหลังกรมท่าซ้าย กรมท่าขวา ทำหน้าที่รวมงานการติดต่อกับชาติตะวันตกเรื่องการค้าขายและการต่างประเทศ เช่น โปรตุเกส ฮอลันดา อังกฤษ สเปน ฝรั่งเศส สหรัฐอเมริกา.
กรมท่าขวา 0,น.,ส่วนราชการในสังกัดกรมพระคลัง ทำหน้าที่ติดต่อกับต่างชาติเรื่องการค้าขายและการต่างประเทศ กับชาติที่อยู่ทางด้านขวาหรือทางตะวันตกของอ่าวไทย เช่น อินเดีย อิหร่าน รวมทั้งชาติที่เข้ามาติดต่อทางด้านนั้น.
กรมท่าซ้าย 0,น.,ส่วนราชการในสังกัดกรมพระคลัง ทำหน้าที่ติดต่อกับต่างชาติเรื่องการค้าขายและการต่างประเทศกับชาติที่อยู่ทางด้านซ้ายหรือทางตะวันออกของอ่าวไทย เช่น จีน ญี่ปุ่น เกาหลี รวมทั้งชาติที่เข้ามาติดต่อทางด้านนั้น.
กรมธรรม์ 0,น.,"เอกสารสัญญาซึ่งทำขึ้นตามที่กฎหมายกำหนด เช่น เอกสารที่ทาสลูกหนี้ยินยอมให้กรมการอำเภอทำให้ไว้แก่เจ้าหนี้นายเงิน สัญญาขายฝากที่ไร่ที่สวน, คำนี้เรียกเต็มว่า สารกรมธรรม์ หรือย่อว่า สารกรม, บางทีเรียกเพียงคำเดียวว่า กรม ก็มี เช่น กู้หนี้ถือสีนกันเข้าชื่อในกรมหลายคน (สามดวง)."
กรมธรรม์ประกันภัย 0,น.,ตราสารที่ผู้รับประกันภัยออกให้แก่ผู้เอาประกันภัยเป็นหลักฐานการรับประกันภัย.
กรมนา 0,น.,"กรมใหญ่กรมหนึ่งในจตุสดมภ์ มีเสนาบดีเป็นผู้บังคับบัญชา มีอำนาจหน้าที่ดูแลรักษานาหลวง เก็บหางข้าวขึ้นฉางหลวง ทำนุบำรุงอาชีพเกษตรกรรมและเก็บค่าภาษีอากรเกี่ยวกับการนั้น รวมทั้งบังคับบัญชาศาลในสังกัดซึ่งมีอำนาจพิจารณาคดีพิพาทเกี่ยวกับที่นาและโคกระบือเป็นต้น, เสนาบดีตำแหน่งตามทำเนียบเดิม คือ เจ้าพระยาเกษตราธิบดีฯ หรือเจ้าพระยาพลเทพฯ, ตราประจำตำแหน่ง คือตราพระพิรุณทรงนาคและตราอื่น ๆ รวม ๙ ดวง."
กรมพระคลัง 0,น.,"กรมใหญ่กรมหนึ่งในจตุสดมภ์ มีเสนาบดีเป็นผู้บังคับบัญชา มีอำนาจหน้าที่เกี่ยวกับการคลัง การต่างประเทศ และการค้ากับต่างประเทศ รวมทั้งบังคับบัญชาศาลในสังกัดซึ่งมีอำนาจพิจารณาคดีความเกี่ยวข้องด้วยพระราชทรัพย์หลวง และคดีความต่างประเทศ, พระคลัง หรือ พระคลังกรมท่า ก็เรียก, เสนาบดีตำแหน่งตามทำเนียบเดิม คือ เจ้าพระยาพระคลัง เจ้าพระยาโกษาธิบดีฯ หรือเจ้าพระยาศรีธรรมาธิราชฯ, ตราประจำตำแหน่ง คือ ตราบัวแก้ว."
กรมพระนครบาล 0,น.,"กรมใหญ่กรมหนึ่งในจตุสดมภ์ มีเสนาบดีเป็นผู้บังคับบัญชา มีอำนาจหน้าที่ในการรักษาความสงบเรียบร้อยในราชธานีและปริมณฑล ปราบปรามโจรผู้ร้าย รวมทั้งบังคับบัญชาศาลในสังกัดซึ่งมีอำนาจพิจารณาคดีความอุกฉกรรจ์และดูแลคุก (เรือนจำ) มหันตโทษ, เวียง หรือ กรมพระนครบาล ก็เรียก"
กรมเมือง 0,น.,"กรมใหญ่กรมหนึ่งในจตุสดมภ์ มีเสนาบดีเป็นผู้บังคับบัญชา มีอำนาจหน้าที่ในการรักษาความสงบเรียบร้อยในราชธานีและปริมณฑล ปราบปรามโจรผู้ร้าย รวมทั้งบังคับบัญชาศาลในสังกัดซึ่งมีอำนาจพิจารณาคดีความอุกฉกรรจ์และดูแลคุก (เรือนจำ) มหันตโทษ, เวียง หรือ กรมพระนครบาล ก็เรียก, เสนาบดีตำแหน่งตามทำเนียบเดิม คือ เจ้าพระยายมราชฯ, ตราประจำตำแหน่ง คือ ตราพระยมขี่สิงห์."
กรมวัง 0,น.,"กรมใหญ่กรมหนึ่งในจตุสดมภ์ มีเสนาบดีเป็นผู้บังคับบัญชา มีอำนาจหน้าที่รักษาพระราชมนเทียร พระราชวังชั้นนอก พระราชวังชั้นใน บริหารกิจการในพระราชสำนัก และบังคับบัญชาศาลในสังกัดซึ่งมีอำนาจพิจารณาคดีที่เกี่ยวข้องกับสมใน ได้แก่ ศาลแพ่งวัง ศาลอาชญาวัง และศาลนครบาลวัง รวมทั้งบังคับบัญชาศาลมรดก, เสนาบดีตำแหน่งตามทำเนียบเดิม คือ เจ้าพระยาธรรมาธิกรณ์หรือเจ้าพระยาธรรมาธิบดีฯ, ตราประจำตำแหน่ง คือ ตราเทพยดาขี่โคนนทิกร."
กรมศักดิ์ 0,น.,"ชื่อกฎหมายลักษณะหนึ่ง ซึ่งกำหนดระวางโทษปรับตามศักดินา อายุของฝ่ายที่ชนะคดีหรือฝ่ายที่แพ้คดี และความร้ายแรงหนักเบาของความผิดที่กระทำ. (สามดวง), พรมศักดิ หรือ พรหมศักดิ ก็ว่า."
กรร 0,ก.,จับ เช่น กรกรรนฤบดี (สมุทรโฆษ).
กรร 1,ก.,กัน เช่น เรือกรร.
กรร- 0,*ว.,"ใช้เป็นพยางค์หน้า (ซึ่งโบราณเขียนเป็น กนน หรือ กัน ก็มี) แทน กระ เช่น กรรชิง-กันชิง-กระชิง, กรรเช้า-กรนนเช้า-กระเช้า, กรรเชอ-กนนเชอ- กระเชอ, กรรโชก-กันโชก-กระโชก, กรรพุ่ม-กระพุ่ม, กรรลึง-กระลึง."
กรรกง 0,น.,"ที่ล้อมวง เช่น จำเนียรกรรกงรอบนั้น (ม. คำหลวง นครกัณฑ์), ใช้เป็น กงกรร ก็มี เช่น แลสับสังกัดกงกรร (สมุทรโฆษ)."
กรรกฎ 0,น.,ปู เช่น จริวจราวจรัลชลจรมกรกรรกฎกูรม์ (สมุทรโฆษ).
กรรกศ 0,ว.,"หยาบช้า, เขียนเป็น กรรกษ ก็มี เช่น อันว่าพระญาติท่ววไท้ บมิหวังไหว้พระตถาคต ใจแลไปกรรกษ บารนีฯ (ม. คำหลวง ทศพร)."
กรรเกด 0,น.,การะเกด เช่น จงกลกรรเกดแก้ว กรองมาลย์ (ทวาทศมาส).
กรรไกร 0,น.,ตะไกร. (เลือนมาจาก กรรไตร). (ดู ตะไกร ๑).
กรรเจียก 0,น.,เครื่องประดับหูมีรูปเป็นกระหนก ใช้ประกอบกับพระมหามงกุฎ พระชฎา หรือรัดเกล้า เช่น กรรเจียกซ้อนจอนแก้วแพรวพราว (อิเหนา).
กรรเจียกจอน 0,น.,"เครื่องประดับหู เช่น กรรเจียกจอนจำหลักลายซ้ายขวา (สังข์ทอง), เขียนเป็น กรรเจียกจร ก็มี."
กรรชิง 0,น.,"เครื่องประกอบยศของเจ้านาย ขุนนาง และราชพาหนะ มีรูปร่างคล้ายสัปทนขนาดเล็ก บุด้วยผ้าต่างสีต่างชนิดกันตามชั้นยศ ระบายรอบอย่างน้อย ๒ ชั้น ยาวปรกลงมามากกว่าสัปทน สำรับหนึ่งมี ๔ คัน ใช้ตั้งแต่งประจำมุมทั้ง ๔ ของผู้ครองยศ หรือถือเข้ากระบวนแห่ เช่น แห่พระยาแรกนา แห่ช้างสำคัญ, กระชิง กระฉิ่ง กะชิง กันฉิ่ง หรือ กันชิง ก็เรียก."
กรรชิด 0,ก.,กระชิด เช่น สองกรกลเกียดเกี้ยว กรรชิด (ลอ).
กรรเชอ 0,น.,กระเชอ.
กรรเช้า 0,น.,กระเช้า.
กรรเชียง 0,น.,"เครื่องพุ้ยนํ้าให้เรือเคลื่อนไป รูปคล้ายแจวแต่ไม่มีหมวกแจว พาดกับหูกรรเชียงบนหลักที่อยู่ข้างแคมเรือข้างละอันคู่กัน ใช้เหนี่ยวด้ามให้พุ้ยน้ำ, ใช้ว่า กระเชียง ก็มี, ท่าว่ายน้ำโดยนอนหงายแล้วใช้แขนทั้ง ๒ พุ้ยน้ำให้ตัวเลื่อนไป, ตีกรรเชียง ก็ว่า."
กรรเชียง 1,ก.,"กิริยาที่นั่งหันหน้าไปทางท้ายเรือแล้วใช้มือเหนี่ยวกรรเชียงพุ้ยน้ำให้เรือเคลื่อนไป, ตีกรรเชียง ก็ว่า."
กรรเชียงปู 0,น.,"เรียกขาคู่สุดท้ายของปูในวงศ์ Portunidae เช่น ปูม้า ปูทะเล ซึ่งปล้องปลายมีลักษณะแบนคล้ายใบพาย, กระเชียงปู ก็เรียก."
กรรโชก 0,ก.,"ขู่เอาด้วยกิริยาหรือวาจาให้กลัว เช่น ผู้ใดกรานกรรโชกราษฎรแลตรัสถามตนฯ อำพรางพระเจ้าอยู่หัว มิได้กราบทูลตามสัจตามจริงก็ดี (สามดวง), โบราณเขียนเป็น กันโชก หรือ กำโชก ก็มี. (แผลงมาจาก กระโชก)."
กรรโชก 1,น.,เป็นฐานความผิดอาญา ที่ผู้กระทำข่มขืนใจผู้อื่นให้ยอมให้หรือยอมจะให้ตนหรือผู้อื่นได้ประโยชน์ในลักษณะที่เป็นทรัพย์สิน โดยใช้กำลังประทุษร้ายหรือโดยขู่เข็ญว่าจะทำอันตรายต่อชีวิต ร่างกาย เสรีภาพ ชื่อเสียง หรือทรัพย์สินของผู้ถูกขู่เข็ญ หรือของบุคคลที่สาม จนผู้ถูกข่มขืนใจยอมเช่นว่านั้น.
กรรซ้นน 0,ก.,"ทัน, กระชั้น, เช่น พราหมณ์จะมากรรซ้นน (ม. คำหลวง กุมาร)."
กรรแซง 0,น.,"เจ้าพนักงานทำหน้าที่แซงในกระบวนพยุหยาตราเพื่อป้องกันจอมทัพ, คู่กันกับ กรรแทรก คือ เจ้าพนักงานทำหน้าที่แทรกในกระบวนพยุหยาตราเพื่อป้องกันจอมทัพ. (ดู กันแซง ๑ ที่ กัน ๓)."
กรรฐ์ 0,น.,คอ. (เทียบ ข. กรฺฐ ว่า คอ).
กรรฐา 0,น.,คอ. (เทียบ ข. กรฺฐ ว่า คอ).
กรรณ 0,น.,"หู, ใบหู, กลอนใช้เป็น กรรณา ก็มี เช่น กรรณาคือกลีบกาญจ- นปัทม์ (สมุทรโฆษ), ราชาศัพท์ใช้ว่า พระกรรณ."
กรรณ- 0,น.,"หู, ใบหู, กลอนใช้เป็น กรรณา ก็มี เช่น กรรณาคือกลีบกาญจ- นปัทม์ (สมุทรโฆษ), ราชาศัพท์ใช้ว่า พระกรรณ."
กรรณยุคล 0,น.,หูทั้ง ๒ ข้าง เช่น ในพระกรรณยุคลท่านนั้น (ม. คำหลวง มหาราช).
กรรณา 0,น.,"หู, ใบหู, กลอนใช้เป็น กรรณา ก็มี เช่น กรรณาคือกลีบกาญจ- นปัทม์ (สมุทรโฆษ), ราชาศัพท์ใช้ว่า พระกรรณ."
กรรณิกา 0,น.,ดอกไม้ เช่น ดุจบัวอันบานชู กชกรรณิกามาศ (สมุทรโฆษ).
กรรณิการ์ 0,น.,"ชื่อไม้ต้นขนาดเล็กชนิด Nyctanthes arbortristis L. ในวงศ์ Oleaceae ใบคาย ดอกหอม กลีบดอกสีขาว หลอดดอกสีแสด ใช้ย้อมผ้า, เขียนเป็น กณิการ์ หรือ กรณิการ์ ก็มี."
กรรดิ 0,ก.,"ยกย่อง, สรรเสริญ, เช่น ยาคนชี้เทพยผู้ ไกรกรรดิ ก็ดี (ยวนพ่าย)."
กรรดิก 0,น.,เดือน ๑๒. (ดู กัตติกมาส).
กรรดึก 0,น.,เดือน ๑๒. (ดู กัตติกมาส).
กรรตุ 0,น.,ผู้ทำ.
กรรตุ- 0,น.,ผู้ทำ.
กรรตุการก 0,น.,ผู้ทำหรือผู้ใช้ให้ทำ เป็นส่วนสำคัญส่วนหนึ่งใน ๒ ส่วนของประโยคที่ไม่ต้องมีกรรมมารับ เช่น เด็กวิ่ง เด็ก เป็น กรรตุการก หรือเป็นส่วนสำคัญส่วนหนึ่งใน ๓ ส่วนของประโยคที่กริยาต้องมีกรรมรับ เช่น ตำรวจยิงผู้ร้าย ตำรวจ เป็น กรรตุการก.
กรรตุวาจก 0,ก.,"กริยาที่บอกว่าประธานเป็นกรรตุการกคือผู้ทำหรือผู้ใช้ให้ทำ, กริยาของประโยคที่แสดงว่าประธานทำหน้าที่เป็นกรรตุการกคือเป็นผู้ทำหรือผู้ใช้ให้ทำ เช่น ครูเขียนหนังสือ (ประธานเป็นผู้ทำ)ครูให้นักเรียนเขียนหนังสือ (ประธานเป็นผู้ใช้ให้ทำ)."
กรรตุสัญญา 0,?,"คำนำหน้านามหรือสรรพนามเป็นเครื่องหมายแสดงว่าคำนามหรือสรรพนามนั้นเป็นอาลปนะ เช่น ดูก่อนอานนท์ ข้าแต่พระคุณเจ้าทั้งหลาย, บางทีอาจเป็นคำร้องเรียกลอย ๆ โดยละเครื่องหมายนั้นไว้ก็ได้ เช่น อานนท์ ท่านผู้ฟังทั้งหลาย."
กรรไตร 0,น.,ตะไกร. (ข. กนฺไตฺร; ส. กรฺตริ). (ดู ตะไกร ๑).
กรรทบ 0,ก.,กระทบ เช่น ฟองฟัดซัดดลกรรทบนาวี (สรรพสิทธิ์).
กรรแทก 0,ก.,"กระแทก, เขียนเป็น กันแทก ก็มี เช่น หัวล้านชาวไร่ไล่ปาม เข้าขวิดติดตาม กันแทกก็หัวไถดินฯ (สมุทรโฆษ)."
กรรแทรก 0,น.,"เจ้าพนักงานทำหน้าที่แทรกในกระบวนพยุหยาตราเพื่อป้องกันจอมทัพ, คู่กันกับ กรรแซง คือ เจ้าพนักงานทำหน้าที่แซงในกระบวนพยุหยาตราเพื่อป้องกันจอมทัพ. (ดู กันแทรก ที่ กัน ๓)."
กรรบาสิก 0,ว.,อันทอด้วยฝ้าย.
กรรบาสิก- 0,ว.,อันทอด้วยฝ้าย.
กรรบาสิกพัสตร์ 0,น.,ผ้าอันทอด้วยฝ้าย คือ ผ้าฝ้าย. (ใน ม. ร่ายยาว นครกัณฑ์ ว่า มาแต่แคว้นกาสี).
กรรบิด 0,น.,"มีด, (ราชา) มีดโกน, มีดเจียนหมาก, ใช้ว่า พระกรรบิด."
กรรบูร 0,น.,การบูร เช่น กฤษณากระวานการ- บูรกูรกระเหนียดกรร- บูรแกมกำคูนคันธ์ รสจวงกำจรมา (สมุทรโฆษ).
กรรปาสิก 0,ว.,อันทอด้วยฝ้าย.
กรรปาสิก 1,ว.,"อันทอด้วยฝ้าย, กรรบาสิก ก็ว่า. (ส. การฺปาสิก; ป. กปฺปาสิก)"
กรรปุระ 0,น.,"ศอก, ข้อศอก."
กรรพุม 0,น.,มือที่ประนม เช่น ถวายกรกรรพุม (ม. คำหลวง ทศพร)
กรรพุม 1,น.,พุ่ม เช่น กรรพุมมาลย์ = พุ่มดอกไม้.
กรรพุ่ม 0,น.,มือที่ประนม เช่น ถวายกรกรรพุม (ม. คำหลวง ทศพร)
กรรพุ่ม 1,น.,พุ่ม เช่น กรรพุมมาลย์ = พุ่มดอกไม้.
กรรภิรมย์ 0,น.,"ฉัตร ๕ ชั้นและ ๗ ชั้น สำรับหนึ่งมี ๓ องค์ คือ พระเสมาธิปัต พระฉัตรชัย พระเกาวพ่ายหรือพระเกาวพ่าห์ ทำด้วยผ้าขาวลงยันต์เส้นเขียนทอง เป็นเครื่องสูงอันเป็นสิริมงคลยิ่งสำหรับพระมหากษัตริย์ ใช้กางเชิญนำพระราชยานเวลาเสด็จพระราชดำเนินโดยกระบวนพยุหยาตราใหญ่ และใช้เข้าพิธีคชกรรมนำช้างสำคัญขึ้นจากแพเข้าสู่โรงสมโภช หรือใช้ผูกเสาพระแท่นมณฑลในพระราชพิธีใหญ่, เขียนเป็น กรรม์ภิรมย์ กันภิรมย์ หรือ กันพิรุณ ก็มี."
กรรม์ 0,น.,กรรม.
กรรม 0,น.,"การ, การกระทำ, การงาน, กิจ, เช่น พลีกรรม ต่างกรรมต่างวาระ, เป็นการดีก็ได้ ชั่วก็ได้ เช่น กุศลกรรม อกุศลกรรม."
กรรม 1,น.,การกระทำที่ส่งผลร้ายมายังปัจจุบัน หรือซึ่งจะส่งผลร้ายต่อไปในอนาคต เช่น บัดนี้กรรมตามทันแล้ว ระวังกรรมจะตามทันนะ.
กรรม 2,น.,"บาป, เคราะห์, เช่น คนมีกรรม กรรมของฉันแท้ ๆ."
กรรม 3,น.,ความตาย ในคำว่า ถึงแก่กรรม.
กรรม- 0,น.,"การ, การกระทำ, การงาน, กิจ, เช่น พลีกรรม ต่างกรรมต่างวาระ, เป็นการดีก็ได้ ชั่วก็ได้ เช่น กุศลกรรม อกุศลกรรม."
กรรม- 1,น.,การกระทำที่ส่งผลร้ายมายังปัจจุบัน หรือซึ่งจะส่งผลร้ายต่อไปในอนาคต เช่น บัดนี้กรรมตามทันแล้ว ระวังกรรมจะตามทันนะ.
กรรม- 2,น.,"บาป, เคราะห์, เช่น คนมีกรรม กรรมของฉันแท้ ๆ."
กรรม- 3,น.,ความตาย ในคำว่า ถึงแก่กรรม.
กรรม 4,น.,ผู้ถูกกระทำ เช่น คนกินข้าว ข้าว เป็นกรรมของกริยา กิน.
กรรม- 4,น.,ผู้ถูกกระทำ เช่น คนกินข้าว ข้าว เป็นกรรมของกริยา กิน.
กรรมกร 0,น.,"คนงาน, ลูกจ้างที่ใช้แรงงาน."
กรรม-กรณ์ 0,น.,"อาญา, เครื่องสำหรับลงอาญา."
กรรม-กรณ์ 1,ก.,ลงโทษ เช่น สามซ้ำควรกรรมกรณ์ นุกิจราชอาชญา (กฤษณา).
กรรมการ 0,น.,บุคคลซึ่งได้รับเลือกหรือได้รับแต่งตั้งเพื่อกระทำกิจการบางอย่างเป็นคณะ. (ส. กรฺม + การ; ป. กมฺม + การ).
กรรมการ 1,น.,ผู้รับใช้ เช่น ข้าขอภักดีภูบาล เป็นทาสกรรมการ ไปกว่าจะสิ้นสุดสกนธ์ (เสือโค).
กรรมการก 0,น.,"ผู้ถูกทำ เป็นส่วนสำคัญส่วนหนึ่งใน ๓ ส่วนของประโยคที่กริยาต้องมีกรรมรับ เช่น ตำรวจยิงผู้ร้าย ผู้ร้าย เป็น กรรมการก, ถ้าต้องการให้ผู้ถูกทำเด่น ก็เรียงเป็นภาคประธานของประโยค เช่น ผู้ร้ายถูกตำรวจยิง."
กรรมการิณี 0,น.,กรรมการซึ่งเป็นเพศหญิง.
กรรมขัย 0,น.,การสิ้นอายุเพราะกรรม เช่น อันว่าอายุสม์ยังมิควรตายแลมาตายดั่งนั้นชื่อว่ากรรมขัยแล (ไตรภูมิ).
กรรมคติ 0,น.,ทางดำเนินแห่งกรรม.
กรรมชรูป 0,น.,รูป (ของคนและสัตว์) ที่เกิดแต่กรรม.
กรรมชวาต 0,น.,"ลมเกิดแต่กรรม คือ ลมเกิดในครรภ์เวลาคลอดบุตร ได้แก่ ลมเบ่ง เช่น พอถึงพระหัตถ์พระราชเทวีก็ทรงจับเอากิ่งรัง พอเกิดลมกรรมชวาตหวั่นไหวประชวรพระครรภ์ (ปฐมสมโพธิกถา), เขียนเป็น กรรมัชวาต ก็มี."
กรรมฐาน 0,น.,ที่ตั้งแห่งการงาน หมายเอาอุบายทางใจ มี ๒ ประการ คือ สมถกรรมฐาน เป็นอุบายสงบใจ และวิปัสสนากรรมฐาน เป็นอุบายเรืองปัญญา.
กรรมบถ 0,น.,ทางแห่งกรรม มี ๒ อย่างตามลักษณะ คือ กุศลกรรมบถและอกุศลกรรมบถ.
กรรมพันธุ์ 0,น.,"ลักษณะ นิสัย ตลอดจนโรคหรือความวิกลวิการบางอย่างที่ลูกหลานสืบมาจากบรรพบุรุษ ปู่ย่าตายาย หรือพ่อแม่, พันธุกรรม ก็ว่า"
กรรมพันธุ์ 1,น.,มีกรรมเป็นเผ่าพันธุ์ คือ เกี่ยวเนื่องด้วยกรรมของตนเอง.
กรรม์ภิรมย์ 0,น.,"ฉัตร ๕ ชั้นและ ๗ ชั้น สำรับหนึ่งมี ๓ องค์ คือ พระเสมาธิปัต พระฉัตรชัย พระเกาวพ่ายหรือพระเกาวพ่าห์ ทำด้วยผ้าขาวลงยันต์เส้นเขียนทอง เป็นเครื่องสูงอันเป็นสิริมงคลยิ่งสำหรับพระมหากษัตริย์ ใช้กางเชิญนำพระราชยานเวลาเสด็จพระราชดำเนินโดยกระบวนพยุหยาตราใหญ่ และใช้เข้าพิธีคชกรรมนำช้างสำคัญขึ้นจากแพเข้าสู่โรงสมโภช หรือใช้ผูกเสาพระแท่นมณฑลในพระราชพิธีใหญ่, เขียนเป็น กรรม์ภิรมย์ กันภิรมย์ หรือ กันพิรุณ ก็มี."
กรรมวาจก 0,น.,"ระเบียบของกริยาที่บอกว่าประธานเป็นกรรมการกหรือผู้ถูกทำ, กริยาของประโยคที่แสดงว่าประธานทำหน้าที่เป็นกรรมการก คือ ผู้ถูกทำ, กริยาของประโยคกรรมต้องใช้สกรรมกริยา คือ กริยาที่ต้องมีกรรมรับ, บางทีก็มีกริยานุเคราะห์ “ถูก” นำ และใช้หมายไปในทางไม่ดี เช่น เด็กถูกตี ถูกตี เป็นกริยา กรรมวาจก เด็กเป็นกรรมการก แต่บางทีก็ไม่ปรากฏกริยานุเคราะห์ “ถูก” เช่น หนังสือเล่มนี้แต่งดีมาก."
กรรมวาจา 0,น.,คำประกาศกิจการในท่ามกลางสงฆ์.
กรรมวาจาจารย์ 0,น.,อาจารย์ผู้ให้สำเร็จกรรมวาจา คือ คู่สวด.
กรรมวิธี 0,น.,"ลักษณะอาการหรือวิธีการที่ผันแปรหรือเปลี่ยนแปลงไปตามธรรมชาติหรือที่มนุษย์ทำขึ้น อันดำเนินติดต่อกันเรื่อยไปเป็นลำดับ, กระบวนวิธีดำเนินการในประดิษฐกรรม."
กรรมวิบาก 0,น.,ผลของกรรม.
กรรมเวร 0,น.,"การกระทำที่สนองผลร้ายซึ่งทำไว้แต่ปางก่อน, เวรกรรม ก็ว่า"
กรรมเวร 1,น.,"คำแสดงความรู้สึกเดือดร้อนเพราะกรรมหรือชะตากรรมในอดีต เช่น อายุตั้ง ๗๐ ปีแล้วยังต้องมาหาบขนมขายอีก กรรมเวรแท้ ๆ, เวร หรือ เวรกรรม ก็ว่า."
กรรมศาลา 0,น.,โรงงาน.
กรรมสัมปาทิก 0,น.,ผู้ยังการงานให้ถึงพร้อม
กรรมสัมปาทิก 1,น.,บุคคลที่ได้รับเลือกหรือแต่งตั้งให้ทำหน้าที่กรรมการของสมาคม.
กรรมสิทธิ์ 0,น.,ความเป็นเจ้าของทรัพย์
กรรมสิทธิ์ 1,น.,สิทธิทั้งปวงที่ผู้เป็นเจ้าของมีอยู่เหนือทรัพย์สิน ในอันที่จะใช้สอย จำหน่าย ได้ดอกผล ติดตามและเอาคืน รวมทั้งขัดขวางมิให้ผู้อื่นสอดเข้าเกี่ยวข้องกับทรัพย์สินนั้นโดยมิชอบด้วยกฎหมาย.
กรรมสิทธิ์รวม 0,น.,กรรมสิทธิ์ของบุคคลหลายคนที่มีอยู่เหนือทรัพย์สินร่วมกัน.
กรรมัชวาต 0,น.,"ลมเกิดแต่กรรม คือ ลมเกิดในครรภ์เวลาคลอดบุตร ได้แก่ ลมเบ่ง เช่น พอถึงพระหัตถ์พระราชเทวีก็ทรงจับเอากิ่งรัง พอเกิดลมกรรมชวาตหวั่นไหวประชวรพระครรภ์ (ปฐมสมโพธิกถา), เขียนเป็น กรรมัชวาต ก็มี."
กรรมาชีพ 0,น.,คำเรียกชนชั้นกรรมกรหรือลูกจ้างผู้หาเลี้ยงชีพด้วยค่าจ้างแรงงาน ว่า ชนชั้นกรรมาชีพ.
กรรมาธิการ 0,น.,บุคคลที่สภาผู้แทนราษฎรหรือวุฒิสภาเลือกและตั้งเป็นคณะกรรมาธิการ เพื่อกระทำกิจการ พิจารณาสอบสวน หรือศึกษาเรื่องใด ๆ อันอยู่ในอำนาจหน้าที่ของแต่ละสภา แล้วรายงานต่อสภา คณะกรรมาธิการมี ๒ ประเภท คือ คณะกรรมาธิการสามัญ และคณะกรรมาธิการวิสามัญ คณะกรรมาธิการสามัญประกอบด้วยบุคคลซึ่งเป็นสมาชิกของสภาล้วน ๆ คณะกรรมาธิการวิสามัญประกอบด้วยบุคคลผู้เป็นสมาชิกและบุคคลที่มิได้เป็นสมาชิกของสภารวมกัน หรือบุคคลที่มิได้เป็นสมาชิกของสภาทั้งหมดที่สภาเลือกและตั้งเป็นคณะกรรมาธิการวิสามัญ.
กรรมาร 0,น.,"ช่างทอง, ช่างเหล็ก, เช่น กรรมารบุตร."
กรรลี 0,น.,โทษ.
กรรลึง 0,ก.,"จับ, ถือ."
กรรษก 0,น.,ชาวนา.
กรรสะ 0,ก.,"ไอ, ใช้ว่า ทรงพระกรรสะ."
กรรแสง 0,ก.,ส่งเสียงร้อง เช่น เทพฤๅษีสรรเสริญแชรง ชัยชัยรบแรง กรรแสงแลสาธุการา (สมุทรโฆษ).
กรรแสง 1,น.,"ผ้า, ผ้าสไบ เช่น กรรแสงสวมคอหิ้ว ตายบทันลัดนิ้ว หนึ่งดี (ม. คำหลวง ทานกัณฑ์)."
กรรแสง 2,ก.,ร้องไห้ เช่น สมเด็จพระบรม-บพิตรพระพุทธเจ้าอยู่หัว ทราบแล้วทรงพระกรรแสง (ประชุมพงศ. ๖๔).
กรรหาย 0,ก.,"กระหาย, อยากเป็นกำลัง, หิวโหย, เช่น กามกรรหายยั่วข้าง (ลอ), ให้หยุดพลพักร้อน กรรหายผ่อนเอาทับ (นิ. พลเสพย์)."
กรรเหิม 0,ก.,เหิม เช่น กรรเหิมหายหว่นนหว่า (ม. คำหลวง ฉกษัตริย์).
กรรโหย 0,ก.,"โหย, คร่ำครวญ, เช่น มีกระเรียนร้องก้องกรรโหย (สมุทรโฆษ)."
กรรเอา 0,ว.,กลมกล่อม เช่น ไพเราะรสหวาน บรรสานกรรเอาเอาใจ (สมุทรโฆษ).
กรรุณา 0,น.,"กรุณา เช่น ถ้าทรงพระกรรุณา (สามดวง), แม้นทรงธรรม์กรรุณาประชาราษฎร์ (อภัย)."
กรลุมพาง 0,น.,"กระลุมพาง, กลองหน้าเดียว, เช่น ปี่จีนโสดสรในใดต่าง ทงงกรลุมพางพอฟงง (ม. คำหลวง มหาราช)."
กรวด 0,น.,ก้อนหินเล็ก ๆ เขื่องกว่าเม็ดทราย.
กรวด 1,น.,"ชื่อดอกไม้ไฟชนิดหนึ่ง ใช้ไม้อ้อบรรจุดินดำ มีหางยาว เมื่อจุดชนวนแล้วเหวี่ยงให้พุ่งขึ้นสูง, จรวด ก็เรียก."
กรวด 2,ว.,"สูงชัน เช่น หลังคากรวด, คู่กับ หลังคาดาด, ในคำประพันธ์ใช้ว่า จรวด หรือ ตรวด ก็มี เช่น เฒ่าก็วิ่งตรวดตรงขึ้นต้นไม้ (ม. ร่ายยาว ชูชก)."
กรวด 3,ก.,หลั่งนํ้า เช่น นํ้าพระเต้าสิโตทกธารามารดริน กรวดลงในมืออินทพฤฒาจารย์ (ม. กาพย์ สักบรรพ).
กรวดน้ำ 0,ก.,แผ่ส่วนบุญด้วยวิธีหลั่งนํ้า.
กรวดน้ำคว่ำกะลา 0,ก.,ตัดขาดไม่ขอเกี่ยวข้องด้วย.
กรวดน้ำคว่ำขัน 0,ก.,ตัดขาดไม่ขอเกี่ยวข้องด้วย.
กรวน 0,น.,กลอยทำเป็นชิ้นเล็ก ๆ.
กรวบ 0,ว.,เสียงดังอย่างเคี้ยวถูกของแข็งหรือของกรอบ.
กร๊วบ 0,ว.,เสียงดังอย่างเคี้ยวถูกของแข็งหรือของกรอบ.
กรวม 0,ก.,"สวม เช่น วงแหวนกรวมหัวเสา, ครอบ เช่น เอากรวยกรวมพนมดอกไม้, คร่อม เช่น ปลูกเรือนกรวมตอ ปลูกเรือนกรวมทาง"
กรวม 1,ก.,รวมความหมายหลายอย่าง เช่น กรวมความ
กรวม 2,ก.,กำกวม เช่น พูดกรวมข้อ.
กร้วม 0,ว.,เสียงดังอย่างเคี้ยวสิ่งของที่เปราะให้แตก หรือเสียงของแข็งกระทบกันอย่างแรง
กร้วม 1,ว.,ลักษณนามเรียกอาการที่ถูกชกว่า กร้วม เช่น ชกกร้วมเดียวก็ลงไปนอนแล้ว.
กรวย 0,น.,"ของมีรูปกลม กลวง ยาวเรียวแหลม, เรียกขนมชนิดหนึ่ง ทำด้วยแป้งข้าวเจ้า กะทิ น้ำตาลปีบ เป็นต้น หยอดในกรวยใบตอง ว่า ขนมกรวย, กระทงมีฝาเป็นกรวยครอบ ข้างในใส่หมากหรือเมี่ยงสำหรับถวายพระอุปัชฌาย์และคู่สวดในการบวชนาค เรียกว่า กรวยอุปัชฌาย์และกรวยคู่สวด"
กรวย 1,น.,รูปตันมีลักษณะฐานกลมและแหลมเรียวไปโดยลำดับ เรียกว่า รูปกรวย.
กรวย 2,น.,"ชื่อไม้ต้นชนิด Horsfieldia irya (Gaertn.) Warb. ในวงศ์ Myristicaceae ขึ้นตามฝั่งนํ้าลำคลอง ใบเป็นมันคล้ายใบจำปี แต่เรียวและนิ่มกว่า ดอกสีเหลือง ผลกลมเป็นพวงคล้ายมะไฟ, กรวยบ้าน ก็เรียก."
กรวย 3,น.,"ชื่อไม้พุ่มชนิด Casearia grewiifolia Vent. ในวงศ์ Flacourtiaceae ใบคล้ายชนิดแรกแต่ปลายมน มีขนมาก ขอบใบมีจักเล็ก ๆ เชื่อกันว่าเป็นยาสูบแก้ริดสีดวงจมูก, กรวยป่า ก็เรียก."
กรวย 4,ก.,สักหรือแทงด้วยแหลน เช่น กรวยปลา.
กรวยเชิง 0,น.,"ลายที่ทำเป็นรูปกรวย ใช้เป็นลายชายผ้าและปลายเสา เรียกชื่อต่าง ๆ กันแล้วแต่ลายอยู่ที่ไหน เช่น ถ้าอยู่ที่เชิงผ้า เรียกว่า กรวยเชิง, ถ้าอยู่ที่เชิงผ้าเกี้ยว เรียกว่า เชิงเกี้ยว, ถ้าอยู่ที่ด้ามหอก เรียกว่า เชิงหอก."
กรวยบ้าน 0,ก.,"ชื่อไม้ต้นชนิด Horsfieldia irya (Gaertn.) Warb. ในวงศ์ Myristicaceae ขึ้นตามฝั่งนํ้าลำคลอง ใบเป็นมันคล้ายใบจำปี แต่เรียวและนิ่มกว่า ดอกสีเหลือง ผลกลมเป็นพวงคล้ายมะไฟ, กรวยบ้าน ก็เรียก."
กรวยป่า 0,ก.,"ชื่อไม้พุ่มชนิด Casearia grewiifolia Vent. ในวงศ์ Flacourtiaceae ใบคล้ายชนิดแรกแต่ปลายมน มีขนมาก ขอบใบมีจักเล็ก ๆ เชื่อกันว่าเป็นยาสูบแก้ริดสีดวงจมูก, กรวยป่า ก็เรียก."
กรวิก 0,น.,นกการเวก.
กรวิก 1,น.,"ชื่อภูเขาชั้นที่ ๓ ในหมู่เขาสัตบริภัณฑ์ที่ล้อมเป็นวงกลมรอบเขาพระสุเมรุ. (ป.; ส. กรวีก). (ดู สัตบริภัณฑ์, สัตภัณฑ์ ที่ สัต ๒, สัต- ๒, สัตตะ ๑)."
กรสานต์ 0,ว.,"กระสานติ์, สงบ, ราบคาบ, เช่น ดำรงกรษัตรให้กรสานต์ (ยวนพ่าย)."
กรสาปน์ 0,น.,กระษาปณ์ เช่น แลพราหมณ์น้นนได้ทองร้อยกรสาปน เปนลาภด้วยเดอรขอทานทุกวันวารแก่มหาชนทงงหลายบมิขาดเลย (ม. คำหลวง ชูชก).
กรสาปน 0,น.,กระษาปณ์ เช่น แลพราหมณ์น้นนได้ทองร้อยกรสาปน เปนลาภด้วยเดอรขอทานทุกวันวารแก่มหาชนทงงหลายบมิขาดเลย (ม. คำหลวง ชูชก).
กรสุทธิ์ 0,น.,"“การชำระมือให้หมดจด”, พิธีอย่างหนึ่งของพราหมณ์ ก่อนที่จะประกอบพิธีใด ๆ จะต้องชำระมือให้สะอาดเสียก่อน, กระสูทธิ์ ก็ว่า."
กร้อ 0,น.,"เครื่องสานยาชัน รูปคล้ายปุ้งกี๋ แต่เล็กกว่า ใช้วิดนํ้าเรือ เช่น ส่วนตัวมึงคือกร้อ แต่งไว้วิดเรือ (โคลงกวี), สามัญเรียกว่า ตะกร้อ."
กรอ 0,ก.,ม้วนด้ายเข้าหลอดด้วยไนหรือเครื่องจักร
กรอ 1,ก.,ควง เช่น กรเกาะขอกรอธาร เงือดง้าง (ลิลิตพยุหยาตรา).
กรอ 2,ก.,"แสดงกิริยาเลียบเคียงกันในเชิงชู้สาว มักเป็นอาการที่ผู้ชายหนุ่ม ๆ แต่งตัวแล้วชวนเพื่อนกันเที่ยวเกี้ยวผู้หญิง เช่น นักเลงหนุ่มหนุ่มนั้น เที่ยวกรอ (พิธีทวาทศมาส), บางทีก็ใช้ว่า กรอผู้หญิง."
กรอ 3,ว.,อาการที่ติดพันกันในเชิงชู้สาว เช่น หนุ่มคนนี้มีผู้หญิงติดกรอทีเดียว.
กรอ 4,ก.,แต่งให้เรียบ เช่น กรอฟัน กรอไม้.
กรอ 5,ว.,"ยากจน, เข็ญใจ, ฝืดเคือง, ในคำว่า เบียดกรอ."
กรอ 6,ก.,บรรเลงดนตรีประเภทเครื่องตีดำเนินทำนอง ที่ทำให้เกิดเสียงต่อเนื่องกันเป็นเสียงยาวสม่ำเสมอ โดยใช้ ๒ มือตีสลับกันถี่ ๆ ด้วยน้ำหนักมือที่เท่ากัน.
กรอก 0,ก.,"เทลงในช่องแคบ เช่น กรอกหม้อ กรอกขวด, หรือใช้โดยปริยายก็ได้ เช่น พูดกรอกหู"
กรอก 1,ก.,ลงข้อความหรือจำนวนเลข เช่น กรอกบัญชี.
กรอก 2,ว.,"แห้งจนคลอน, ใช้แก่หมากและฝักมะขาม ว่า หมากกรอก มะขามกรอก."
กรอก 3,น.,ชื่อนกยางขนาดเล็ก ในวงศ์ Ardeidae นอกฤดูผสมพันธุ์เพศผู้และเพศเมียสีลำตัวคล้ายกัน แต่ในฤดูผสมพันธุ์สีต่างกัน ในประเทศไทยมี ๓ ชนิด คือ ยางกรอกพันธุ์จีน [ Ardeola bacchus (Bonaparte)] หัวสีนํ้าตาลแดง หลังสีเทาดำ อกสีแดง ยางกรอกพันธุ์ชวา [ A. speciosa (Horsfield)] หัวและคอสีเหลือง หลังสีเทาดำ อกสีเหลือง และยางกรอกพันธุ์อินเดีย [ A. grayii (Sykes)] หัวและคอสีเหลือง หลังสีแดงเข้ม อกสีน้ำตาลเหลือง กินปลาและสัตว์น้ำ.
กร็อกกร๋อย 0,ว.,"ไม่ชุ่มชื่น, ไม่สมบูรณ์."
กรอกแกรก 0,ว.,เสียงอย่างเสียงใบไม้แห้งกระทบกัน.
กรอกแกรก 1,น.,การเล่นพนันชนิดหนึ่ง.
กรอกรุย 0,ก.,ทำท่าเจ้าชู้ เช่น ห่มเพลาะกรูมกรอกรุยฉุยเฉิดฉัน (มณีพิชัย).
กรอง 0,ก.,ร้อย เช่น กรองมาลัย = ร้อยดอกไม้
กรอง 1,ก.,"ถัก, ทอ, เช่น กรองแฝก กรองคา."
กรอง 2,ก.,"เอาของละเอียดออกจากของหยาบ เช่น กรองทราย, เอาฝุ่นละอองหรือของสกปรกออก เช่น กรองน้ำมัน กรองอากาศ, ใช้เครื่องกรองมีผ้าเป็นต้น คัดเอาผงหรือกากออกจากนํ้าหรือสิ่งที่เป็นน้ำ เช่น กรองน้ำ กรองกะทิ."
กรอง 3,น.,"กำไล, โดยมากใช้ประกอบกับคำอื่น ๆ เช่น กรองเชิง = กำไลเท้า กรองได = กำไลมือ กรองศอ = เครื่องประดับคอ, นวมคอ, เช่น กรองศอซ้อนสลับทับอังศา (อิเหนา). [ข. กง (กอง) ว่า กำไล, วงกลม]."
กรอง 4,น.,กระชอน. (ดู กระชอน ๑).
กรองกรอย 0,ว.,"ไม่ชุ่มชื่น, ไม่สมบูรณ์"
กรองกรอย 1,ว.,ซอมซ่อ (มักใช้แก่การแต่งกาย)
กรองกรอย 2,ว.,"ตกอับ, แร้นแค้น, เช่น ผัวเมียสองคนจนกรองกรอย (สังข์ทอง), ตองตอย ก็ว่า."
กรองทอง 0,น.,ผ้าโปร่งอันทอหรือถักด้วยเส้นลวดทองหรือไหมทอง.
กรอด 0,ว.,"ชื่อนกขนาดเล็กหลายชนิด ในวงศ์ Pycnonotidae สีเหลืองหม่น บางชนิดสีออกดำ ทำรังรูปถ้วยตามต้นไม้ กินผลไม้และแมลง เช่น ปรอดสวน ( Pycnonotus blanfordiJerdon) ปรอดทอง [ P. atriceps (Temminck)] ปรอดหัวโขน [ P. jocosus (Linn.)], กรอด ก็เรียก, บางทีเขียนเป็น กระหรอด หรือ กะหรอด."
กรอด 1,ว.,เซียวลง เช่น ผอมกรอด
กรอด 2,ว.,เสียงดังอย่างเสียงกัดฟัน.
กรอด 3,ก.,บรรเลงดนตรีประเภทเครื่องตีดำเนินทำนอง โดยวิธีบังคับหรือห้ามเสียงในช่วงท้ายให้สั้นลง มักใช้ในการตีระนาด ฆ้องวง และกรับเสภา.
กร่อน 0,ก.,"หมดไปสิ้นไปทีละน้อย, ร่อยหรอ, สึกหรอ."
กร๊อบ 0,ว.,เสียงดังอย่างเคี้ยวของแข็งหรือของกรอบ.
กรอบ 0,น.,"สิ่งที่ประกอบตามริมวัตถุมีรูปภาพเป็นต้น, โดยปริยายหมายความว่า ขอบเขตกำหนด เช่น ทำงานอยู่ในกรอบ."
กรอบ 1,ว.,"แตกหักเป็นชิ้นเล็กชิ้นน้อยได้ง่าย, เปราะ"
กรอบ 2,ว.,แทบดำรงตนไปไม่รอด เช่น จนกรอบ.
กรอบเกรียบ 0,ว.,"มีเสียงดังอย่างเสียงเหยียบถูกของแห้งหรือกรอบ, เกรียบกรอบ ก็ว่า."
กรอบแกรบ 0,ว.,เต็มที เช่น แห้งกรอบแกรบ จนกรอบแกรบ
กรอบแกรบ 1,ว.,มีเสียงดังอย่างเสียงเหยียบถูกของแห้งหรือกรอบ.
กรอบเค็ม 0,น.,ชื่อขนมทำด้วยแป้งหมี่นวดกับน้ำมัน ตัดเป็นแผ่นรูปสี่เหลี่ยมขนมเปียกปูน ริมเป็นจัก ๆ ทอดให้กรอบ เคล้ากับน้ำตาลเคี่ยว ใส่เกลือ และรากผักชี กระเทียมพริกไทยโขลก มีรสหวานเค็ม.
กรอบเช็ดหน้า 0,น.,"กรอบประตูหรือหน้าต่างโบสถ์ วิหาร หรือเรือนไทย เป็นต้น, เช็ดหน้า."
กรอบหน้า 0,น.,เครื่องประดับขอบหน้าผากเป็นรูปกระจังเป็นต้น.
กรอม 0,ว.,ปกหรือคลุมยาวลงมาเกินควร เช่น นุ่งผ้าซิ่นกรอมส้น.
กร่อม 0,ว.,ช้า ๆ เงื่อง ๆ แต่ทำเรื่อยไป (มักใช้แก่การเดิน พายเรือ หรือลุยนํ้า) เช่น เดินกร่อม ๆ กรำฝนฟ้า พายเรือกร่อม ๆ.
กรอม 1,ว.,"ระทม, เจ็บชํ้าอยู่ภายในเรื่อยไป, เช่น กรอมใจ."
กร่อม 1,น.,"เครื่องมือครอบจับปูทะเล ตามชายฝั่งทะเล ใช้ไม้ไผ่ต้นเดียวผ่าตอนปลายออกเป็น ๔ ซี่ เหลาซี่เหล่านั้นให้อ่อน เอาวงแหวนทำด้วยไม้ไผ่ หวาย หรือลวด ใส่ในหว่างซี่เหล่านั้นเพื่อบังคับให้ถ่างออก, กะกร่อม หรือ ตะกร่อม ก็เรียก."
กร่อม ๆ 0,ว.,ช้า ๆ เงื่อง ๆ แต่ทำเรื่อยไป (มักใช้แก่การเดิน พายเรือ หรือลุยนํ้า) เช่น เดินกร่อม ๆ กรำฝนฟ้า พายเรือกร่อม ๆ.
กร่อย 0,ว.,"ไม่จืดสนิทหรือไม่หวานสนิท เพราะมีรสเค็มเจือ, โดยปริยายหมายความว่า หมดรสสนุกหรือหมดความครึกครื้น เช่น การแสดงที่ไม่สนุกทำให้คนดูรู้สึกกร่อย."
กระ 0,น.,ชื่อเต่าทะเลขนาดใหญ่ชนิด Eretmochelys imbricata Rüppell ในวงศ์ Cheloniidae ปากยาวงุ้มคล้ายปากเหยี่ยว หลังเป็นเกล็ดแผ่นโต ๆ ซ้อนเหลื่อมกันอย่างกระเบื้องมุงหลังคา สีนํ้าตาลลายเหลือง ขาแบนเป็นพาย มีไข่กลมเปลือกนิ่มเหนียว เรียก ไข่จะละเม็ด ไข่ตามหาดทรายครั้งละ ๑๕๐-๒๕๐ ฟอง.
กระ 1,น.,ชื่อไม้ต้นชนิด Elateriospermum tapos Blume ในวงศ์ Euphorbiaceae ผลกลมมี ๓ พู เปลือกแข็ง เมื่อแก่สีคลํ้าเกือบดำ เมล็ดรูปยาวรี เปลือกแข็งเป็นมันสีนํ้าตาลเข้ม ภายในมีเนื้อขาว ๒ กลีบประกบกัน เมื่อดิบมีพิษร้ายแรง ดองหรือคั่วแล้วกินได้ รสมัน เรียกว่า ลูกกระ ปักษ์ใต้และมลายูเรียก ประ.
กระ 2,น.,"จุดดำ ๆ หรือจุดน้ำตาลขึ้นประปรายที่ผิวกายคน สัตว์ หรือสิ่งอื่น ๆ, ประ ก็ว่า."
กระ 3,*ว.,"ใช้เป็นพยางค์หน้า (๑) ซึ่งเดิมเป็น ก กำ กุ ข ต ส เช่น กบิล-กระบิล, กำแพง-กระแพง, กุฎี-กระฎี, ขจัด-กระจัด, ตวัด-กระหวัด, สะท้อน-กระท้อน. (๒) โบราณใช้แทน ตระ เช่น ตระกูล-กระกูล, ตระลาการ-กระลาการ. (อัยการเบ็ดเสร็จ). (๓) เติมหน้าคำโดยไม่มีความหมายก็มี เช่น ซุ้ม-กระซุ้ม, โดด-กระโดด, พุ่ม-กระพุ่ม, ยาจก-กระยาจก, เติมให้มีความหมายแน่นแฟ้นขึ้นก็มี เช่น ทำ-กระทำ, ทุ้ง-กระทุ้ง, เสือกสน-กระเสือกกระสน. (๔) ยํ้าหน้าคำอันขึ้นต้นด้วย ก ในบทกลอน คือ กระกรี๊ด กระกรุ่น กระกลับกลอก กระเกริ่น กระเกรียม กระเกรียว กระเกรี้ยว กระเกริก. (๕) นอกนี้เป็น กระ มาแต่เดิม เช่น กระทรวง กระบือ."
กระกร 0,ก.,ฉายรัศมี เช่น ทินกรกระกรจามี- กรกรรัศมี ดุรงครัตน์พรรณราย (สมุทรโฆษ).
กระกรับกระเกรียบ 0,ว.,"กระด้าง, หยาบ, เช่น หนงงหยาบสุรเสียงศัพท์ ดูก็กระกรับกระเกรียบ (ม. คำหลวง กุมาร)."
กระกรี๊ด 0,ว.,เสียงกรีด ๆ ดั่งเสียงหญิงร้องด้วยความตกใจ เช่น แต่ร้องจนสุดสิ้นพระสุรเสียงสำเนียงกระกรี๊ดกรีด (ม. ร่ายยาว กุมาร).
กระกรุ่น 0,ว.,กรุ่น ๆ เช่น ไฟฟุนกระกรุ่นเกรียม (สรรพสิทธิ์).
กระกลับกลอก 0,ก.,กลับกลอก เช่น มีตาดุจแก้วแสงสาย กระกลับกลอกพราย ชื่อรัตนจักษุมงคล (ตำราช้างคำฉันท์).
กระกวด 0,ว.,"สูงชัน, กรวด, เขียนเป็น กรกวด ก็มี เช่น อยู่จอมด้วยกรกวด กิ่งก้านรวดรยงงามอยู่น้นน (ม. คำหลวง มัทรี)."
กระกอง 0,ก.,"กอด, เกี่ยวพัน, เช่น เกษแก้วกระกองกลม แลกทดกทันงาม (เสือโค)."
กระกัด 0,ก.,"ใคร่, อยาก, ยินดี, เช่น ด้วยกระกัดศรัทธา (มาลัยคำหลวง), ใช้ว่า ตระกัด ก็มี, โบราณเขียนเป็น กรกัติ หรือ กระกัติ ก็มี."
กระกัติ 0,ก.,"กระกัด, ใคร่, อยาก, ยินดี, เช่น อย่ายักษ์มลักกรีฑาดล ด้าวอำเภอพลลการกระกัติกามา (สรรพสิทธิ์)."
กระกี้ 0,น.,ต้นตะเคียน.
กระกูล 0,น.,ตระกูล.
กระเกรอก 0,ว.,"กระเกริก, เสียงดังอึกทึก, เช่น กระเกรอกทงงท้องธรณี (สมุทรโฆษ)."
กระเกริก 0,ว.,เสียงดังอึกทึก เช่น กระเกริ่นกระเกริกกฤษฎา (อุเทน).
กระเกริ่น 0,ว.,ระบือ เช่น กระเกริ่นกระเกริกกฤษฎา (อุเทน).
กระเกรียม 0,ก.,"ตระเตรียม, จัดแจงไว้ให้เรียบร้อย, เช่น กระเกรียมพร้อมเสร็จสำเร็จการ (คาวี)."
กระเกรียว 0,ว.,เสียงดังเกรียว ๆ เช่น ก็ร้องกระเกรียวเฉียวฉาว (สุธน).
กระเกรี้ยว 0,ว.,เสียงขบฟันเกรี้ยว ๆ เช่น คุกคามขบฟันกระเกรี้ยว (ม. คำหลวง ฉกษัตริย์).
กระเกลือก 0,ก.,เกลือกไปมา เช่น กลํ่าตากระเลือก กระเกลือกกลอกตากลม (ลอ).
กระคน 0,น.,ประโคน คือ สายรัดจากใต้สัปคับไปที่อกช้างหลังขาหน้า แล้วลอดมาบรรจบกันโยงใต้ท้องช้างและที่หน้าขาหน้าไปจากสายชนักที่คอช้าง.
กระคาย 0,ก.,ระคาย เช่น บุกแฝกกระคายคา ละเลาะลัดลดาดอน (ม. ฉันท์ มหาราช).
กระคุก 0,ก.,คุกคลาน เช่น ทั้งล้มทั้งลุกกระคุกหัวเข่า (ไตรภูมิ).
กระงกกระงัน 0,ว.,งก ๆ งัน ๆ เช่น ถึงว่าจะกระงกกระงันงมเงื่อนเหงาหง่อยพี่ก็ไม่คิด (ม. ร่ายยาว ชูชก).
กระงกกระเงิ่น 0,ว.,งก ๆ เงิ่น ๆ.
กระง่องกระแง่ง 0,ว.,ง่องแง่ง.
กระงอดกระแงด 0,ว.,"งอดแงด, กระเง้ากระงอด, กะบึงกะบอน."
กระง่อนกระแง่น 0,ว.,"คลอนแคลน, ไม่แน่น, ไม่มั่นคง, ง่อนแง่น ก็ว่า."
กระเง้ากระงอด 0,ว.,"ทำกิริยาให้เอาใจ, เง้างอด หรือ เง้า ๆ งอด ๆ ก็ว่า."
กระโงก 0,น.,"นกยูง, กุโงก ก็ว่า."
กระจก 0,น.,แก้วที่ทำเป็นแผ่น
กระจก 1,น.,โรคต้อชนิดหนึ่ง เรียกว่า ต้อกระจก.
กระจก 2,น.,"ชื่อปลาน้ำจืดไม่มีเกล็ดจำพวกเดียวกับปลาเนื้ออ่อน ชนิด Kryptopterus bicirrhis (Valenciennes) ในวงศ์ Siluridae ลำตัวยาวแบนข้างมาก ปากเล็กเชิดขึ้น เนื้อมีลักษณะใสจนมองทะลุลำตัวเห็นแถวกระดูกและอวัยวะภายในต่าง ๆ ขนาดยาวไม่เกิน ๑๒ เซนติเมตร, กระจก ก็เรียก."
กระจกเงา 0,น.,"แผ่นกระจกฉาบด้านหลังด้วยแผ่นบาง ๆ ของโลหะเงินหรือโลหะเจือปรอทแล้วทาสีทับ ใช้สำหรับส่องหน้าเป็นต้น, มักเรียกสั้น ๆ ว่า กระจก, ลักษณนามว่า บาน, ราชาศัพท์ว่า พระฉาย"
กระจกเงา 1,น.,วัตถุที่มีผิวมันสามารถส่งภาพหรือแสงสะท้อนกลับได้.
กระจกตา 0,น.,ส่วนใสของตา มีรูปกลมแบน สีใส พื้นหน้านูนออกพื้นหลังหวำ หนาประมาณ ๑ มิลลิเมตร ประกอบอยู่เบื้องหน้าของดวงตา.
กระจกนูน 0,น.,วัตถุที่มีผิวมัน ลักษณะกลีบบัวควํ่า สะท้อนแสงให้เกิดภาพเสมือนหัวตั้งมองเห็นได้ที่ผิวกระจกนั้น.
กระจกฝ้า 0,น.,กระจกโปร่งแสงคือแสงลอดผ่านได้บ้าง แต่ตาไม่สามารถมองทะลุผ่านไปเห็นวัตถุอีกข้างหนึ่งได้.
กระจกเว้า 0,น.,วัตถุที่มีผิวมัน ลักษณะกลีบบัวหงาย สะท้อนแสงให้เกิดภาพจริงหัวกลับได้บนจอที่ขวางรับแสงสะท้อน.
กระจกหุง 0,น.,กระจกสีชนิดบาง เป็นแผ่นสี่เหลี่ยมมีสีต่าง ๆ ใช้ประดับอาคาร วัตถุ หรือเครื่องใช้เป็นต้น.
กระจง 0,น.,"ชื่อสัตว์เลี้ยงลูกด้วยนม ในวงศ์ Tragulidae เป็นสัตว์เคี้ยวเอื้องที่เล็กที่สุด กระเพาะมี ๓ ส่วน รูปร่างคล้ายกวาง แต่ไม่มีเขา ตัวผู้มีเขี้ยวบนที่แหลมคมงอกออกมาซึ่งมีผู้นิยมใช้เป็นเครื่องราง มี ๒ ชนิด คือ กระจงควาย [ Tragulus napu (Cuvier)] สูงประมาณ ๓๕ เซนติเมตร และกระจงเล็ก [ T. javanicus (Osbeck)] สูงประมาณ ๒๐ เซนติเมตร, พายัพเรียก ไก้."
กระจร 0,น.,ต้นสลิด เช่น กระทุ่มกระจรแล้ คชน้าวกาหลง (พงศ. เหนือ).
กระจร 1,ก.,ฟุ้งไป เช่น ให้กระจรกิจจาในนุสนธิ์ (พาลีสอนน้อง).
กระจอก 0,น.,ชื่อนกขนาดเล็ก วงศ์ย่อย Passerinae ในวงศ์ Passeridae ปากหนารูปกรวย ขนตัวลาย ปลายหางเว้าตื้น มี ๔ ชนิด ชนิดที่มีชุกชุมอาศัยตามชายคาบ้านเรือน คือ กระจอกบ้าน [ Passer montanus (Linn.)] และกระจอกใหญ่ [ P. domesticus (Linn.)] อีก ๒ ชนิดอาศัยอยู่ตามป่า คือ กระจอกตาล ( P. flaveolusBlyth) และกระจอกป่าท้องเหลือง[ P. rutilans (Temminck)].
กระจอก 1,น.,เล็บ เช่น กระจอกสอกายใหญ่หน้า เล็กลาน หล็อนแฮ (ตำราช้างคำโคลง).
กระจอก 2,ว.,เขยก (ใช้แก่ขา). (ข. ขฺจก ว่า ขาพิการ)
กระจอก 3,ว.,"ไม่สำคัญ, เล็กน้อย, เช่น เรื่องกระจอก, ต่ำต้อย เช่น คนกระจอก."
กระจอก 4,น.,ลักษณะแมวอย่างหนึ่ง สีตัวดำทั้งหมด มีขนสีเทาล้อมรอบปาก ตาสีเหลือง เรียกว่า แมวกระจอก.
กระจอกงอกง่อย 0,ว.,ยากจนเข็ญใจ.
กระจอกชวา 0,น.,ชื่อนกขนาดเล็กชนิด Lonchura oryzivora (Linn.) วงศ์ย่อย Estrildinae ในวงศ์ Passeridae ปากหนารูปกรวย หัวสีดำ แก้มสีขาว ตัวสีเทาอมฟ้า ท้องสีส้ม หางเว้าตื้น มีถิ่นกำเนิดในเกาะชวาและเกาะบาหลี ประเทศอินโดนีเซีย เคยนำมาเลี้ยงใช้เสี่ยงทาย จึงเรียกว่า นกหมอดู.
กระจอกเทศ 0,น.,ชื่อนกขนาดใหญ่ชนิด Struthio camelus Linn. ในวงศ์ Struthiornidae เป็นนกที่มีขนาดใหญ่ที่สุด ตัวผู้สีดำ ตัวเมียสีน้ำตาล ขาใหญ่แข็งแรง ตีนมี ๒ นิ้ว วิ่งเร็ว แต่บินไม่ได้ มีถิ่นกำเนิดในทวีปแอฟริกา ปัจจุบันนำมาเพาะเลี้ยงในประเทศไทยเพื่อเป็นอาหาร.
กระจองงอง 0,ว.,เสียงร้องเช่นนั้นพร้อมตีฆ้องป่าวประกาศว่า กระจองงอง ๆ เจ้าข้าเอ๊ย.
กระจองงอง ๆ 0,ว.,เสียงร้องเช่นนั้นพร้อมตีฆ้องป่าวประกาศว่า กระจองงอง ๆ เจ้าข้าเอ๊ย.
กระจองหง่อง 0,ว.,"ซึมเซา, หงอยเหงา."
กระจ๋องหง่อง 0,ว.,"ซึมเซา, หงอยเหงา."
กระจองอแง 0,ว.,"เสียงเด็กที่ร้องไห้ ก่อให้เกิดความรำคาญ, ใช้เรียกลูกเด็กเล็กแดงหรือที่ยังต้องอุ้มต้องจูงอยู่ว่า ลูกกระจองอแง."
กระจ้อน 0,น.,"ชื่อกระรอกชนิด Menetes berdmorei (Blyth) ในวงศ์ Sciuridae ขนสีนํ้าตาล มีลายสีดำและนํ้าตาลอ่อนตามยาวข้าง ๆ ตัว หางเป็นพวง มักวิ่งหากินตามพื้นดิน, จ้อน ก็เรียก."
กระจ้อน 1,ว.,"แคระ, เล็ก, แกร็น, จ้อน ก็ว่า."
กระจอนหู 0,น.,ตุ้มหู.
กระจ้อย 0,ว.,"จ้อย, เล็ก, น้อย, เช่น เดินร่อยเรี่ยงามตรูกระจ้อย (ประพาสธารทองแดง)."
กระจ้อยร่อย 0,ว.,"จ้อย, น้อย ๆ, เล็กนิด."
กระจ๋อหวอ 0,ก.,"เปิด, โจ่งแจ้ง."
กระจะ 0,ว.,"แจ่มแจ้ง, ชัดเจน."
กระจัก 0,ก.,เป็นจัก ๆ เช่น กระจักกระจังบัลลังก์บัวหงาย ธูปรองทองทราย สลับด้วยแก้วแกมนิล (พากย์).
กระจัง 0,น.,"ชื่อลายอย่างหนึ่ง อยู่ในรูปทรงสามเหลี่ยม ใช้เป็นลวดลายสำหรับเครื่องประดับที่อยู่บนชั้นหรือตามขอบของสิ่งบางอย่าง เช่น ชั้นฐานธรรมาสน์ กระจังมีหลายแบบ เช่น กระจังตาอ้อย กระจังเจิม กระจังปฏิญาณ, เครื่องประดับที่มีลวดลายชนิดนี้ เรียกว่า ตัวกระจัง ใช้ประดับบนลับแลและอื่น ๆ."
กระจัง 1,น.,"ชื่อปลานํ้ากร่อยชนิด Periophthalmodon schlosseri (Pallas) ในวงศ์ Gobiidae พบในบริเวณป่าชายเลน รูปร่าง การเคลื่อนไหว และความสามารถขึ้นมาพ้นนํ้าได้คล้ายปลาจุมพรวดซึ่งมีขนาดใหญ่กว่า มีครีบอกเป็นกล้ามเนื้อใช้ต่างตีน ช่วยครีบหาง ทำรูลึกอยู่ในเลน เคลื่อนไหวได้รวดเร็วบนผิวเลนและผิวนํ้า ปีนเกาะบนที่ชันและกระโจนเป็นห้วง ๆ ได้ ขนาดยาวได้ถึง ๒๗ เซนติเมตร, กะจัง ก็เรียก."
กระจังหลังเบี้ย 0,น.,ชื่อกระจังแบบหนึ่ง ด้านหน้านูนเหมือนเบี้ย.
กระจัด 0,ก.,ขับไล่
กระจัด 1,ก.,แยกย้ายออกไป เช่น ลูกหลานกระจัดพลัดพราย (คาวี).
กระจัด 2,ว.,"กระจะ, จะจะ, ชัดเจน, เช่น ฝ่ายล่ามบอกออกอรรถกระจัดแจ้ง (อภัย)."
กระจัดกระจาย 0,ว.,"เรี่ยรายไป, แตกฉานซ่านเซ็นไป, ไม่รวมอยู่ในพวกเดียวกัน."
กระจัดพลัดพราย 0,ก.,"แตกฉานซ่านเซ็นไป, ไม่รวมอยู่ในพวกเดียวกัน."
กระจับ 0,น.,ชื่อไม้นํ้าหลายชนิดในสกุล Trapa วงศ์ Trapaceae ขึ้นลอยอยู่ในนํ้าโดยอาศัยก้านใบเป็นทุ่น ฝักแก่สีดำแข็ง มี ๒ เขา คล้ายเขาควาย เนื้อในขาว รสหวานมัน
กระจับ 1,น.,ชื่อขวากมีรูปคล้ายกระจับ
กระจับ 2,น.,เรียกพานขนาดเล็ก ปากเป็นรูปวงรี ทำเป็นรูปกลีบบัวคลี่ออกคล้ายฝักกระจับ ว่า พานปากกระจับ
กระจับ 3,น.,วัตถุที่มีรูปอย่างฝักกระจับสำหรับยันคางศพที่บรรจุโกศ
กระจับ 4,น.,นวมหรือวัตถุรูปร่างคล้ายฝักกระจับใช้ใส่ป้องกันอวัยวะที่หว่างขาเวลาชกมวยไทย.
กระจับ 5,น.,เครื่องสวมข้อตีนม้าสำหรับหัดให้เต้นสะบัดตีน ทำด้วยหวายหรือไม้ไผ่เหลาให้กลมขดรอบข้อตีนม้า ขัดเป็นเกลียวปล่อยชายทั้ง ๒ ข้างเสี้ยมแหลมยื่นออกจากวงราว ๒ นิ้ว เพื่อกันมิให้ตีนกระทบกันเอง.
กระจับบก 0,น.,ชื่อไม้เถาชนิดหนึ่งขึ้นในป่าตํ่าตามที่นํ้าท่วม มักขึ้นปะปนกับเถากรด ซึ่งดูผาด ๆ คล้ายคลึงกัน ใบคู่ ขอบใบตอนบนที่ใกล้หรือติดกับก้านมีต่อมข้างละต่อม ผลนัยว่าแบน ๆ รูปสามเหลี่ยม ไม้ใช้ทำฟืน.
กระจับปิ้ง 0,น.,"เครื่องปิดของลับของเด็กหญิง ทำด้วยเงินหรือนากเป็นต้น, จะปิ้ง จับปิ้ง ตะปิ้ง หรือ ตับปิ้ง ก็เรียก."
กระจับปี่ 0,น.,เครื่องดนตรีประเภทเครื่องดีด ลักษณะคล้ายพิณ มี ๔ สาย ตั้งเสียงต่างกันเป็น ๒ คู่ เดิมใช้บรรเลงในวงมโหรีเครื่อง ๔ และมโหรีเครื่อง ๖ ในสมัยอยุธยา ต่อมาในสมัยรัตนโกสินทร์ใช้จะเข้บรรเลงแทน.
กระจ่า 0,น.,"เครื่องใช้ตักแกงหรือตักข้าว ทำด้วยกะลามะพร้าว มีด้ามถือ, จวัก จ่า หรือ ตวัก ก็ว่า."
กระจ่าง 0,ก.,"สว่าง, สุกใส, ชัดเจน, แจ่ม."
กระจาด 0,น.,"ภาชนะสาน รูปเตี้ย ๆ ปากกว้าง ก้นสอบ, โดยปริยายเรียกเครื่องสานที่ทำเป็นตาโต ๆ ขอบปากแบบพานปากกระจับ สำหรับใส่ของเครื่องกัณฑ์เทศน์มหาชาติ."
กระจาน 0,น.,แผ่นตะกั่วหรือโลหะแผ่นเล็ก ๆ บาง ๆ ที่ติดอยู่เหนือเบ็ดสำหรับล่อปลา.
กระจาบ 0,น.,ชื่อนกขนาดเล็ก วงศ์ย่อย Ploceinae ในวงศ์ Ploceidae ปากหนารูปกรวย ปลายหางมน ขนหัวและขนตัวลาย ในฤดูผสมพันธุ์ขนหัวเพศผู้เปลี่ยนเป็นสีเหลือง มี ๓ ชนิด คือ กระจาบธรรมดาหรือกระจาบอกเรียบ[ Ploceus philippinus (Linn.)] กระจาบอกลาย [ P. manyar (Horsfield)] ทำรังด้วยหญ้าหรือฟางข้าวห้อยอยู่กับกิ่งไม้หรือต้นพืชน้ำเช่นกก ปากรังอยู่ด้านล่าง และกระจาบทอง [ P. hypoxanthu s (Sparrman)] ทำรังด้วยหญ้าหรือฟางข้าวโอบหุ้มกิ่งไม้หรือใบพืชน้ำ ปากรังอยู่ทางด้านข้าง มักอยู่รวมกันเป็นหมู่ กินเมล็ดพืช.
กระจาย 0,ก.,"ทำให้แพร่หรือแตกแยกออกจากกันไปในที่ต่าง ๆ, แพร่หรือแตกแยกออกจากกันไปในที่ต่าง ๆ"
กระจาย 1,ก.,"แผ่ซ่าน, จางออก, นิยมใช้เข้าคู่กับคำ กระจัด กระจุย เป็น กระจัดกระจาย กระจุยกระจาย."
กระจายนะมณฑล 0,น.,ชื่อกลบท วรรคต้นใช้อักษรสูงนำหน้า วรรคที่ ๒ ใช้อักษรกลาง วรรคที่ ๓ ใช้อักษรตํ่า ตัวอย่างว่า สมเด็จพระศิริวิบุลกิตติ์ กำจัดจากโศกวิโยคหา ค่อยตรึกตรองฉลองคุณพระชนมา (ชุมนุมตำรากลอน).
กระจายเสียง 0,ก.,ส่งเสียงแพร่ไกลออกไป.
กระจายหางดอก 0,น.,ชื่อว่านชนิดหนึ่ง ต้นและใบดังเถาผักบุ้งเทศ แต่ไม่มีหัว มีดอกและฝักอย่างผักบุ้งเทศ เชื่อกันว่าว่านชนิดนี้ใช้เมล็ดตำละลายกับเหล้าแก้พิษเสือ พิษจระเข้ และพิษสุนัขบ้า.
กระจาว 0,น.,กระเจา. (ดู กระเชา).
กระจิด 0,ว.,เล็กน้อย เช่น ตัวกระจิดนิดกว่าแมว (ประพาสธารทองแดง).
กระจิบ 0,น.,ชื่อนกขนาดเล็กในวงศ์ Sylviidae ปากเล็กบาง ปลายแหลมตรง ขายาวเรียวเล็ก ร้องเสียงคล้าย “จิบ ๆ ” กินแมลง มีหลายชนิด เช่น กระจิบธรรมดาหรือกระจิบหางยาว [ Orthotomus sutorius (Pennant)] กระจิบคอดำ ( O. atrogularis Temminck) กระจิบหัวแดง ( O. sepiumHorsfield).
กระจิบ 1,น.,ถ้วยขนาดเล็กที่สุดสำหรับจิบ.
กระจิริด 0,ว.,เล็กนิด.
กระจิ๋ว 0,ว.,"เล็ก ๆ, จิ๋ว."
กระจิ๋วหลิว 0,ว.,เล็กมาก.
กระจี้ 0,น.,เมล็ดของต้นแสลงใจ.
กระจุก 0,น.,"สิ่งที่รวมกันอยู่เป็นกลุ่ม, ลักษณนามเรียกสิ่งที่มัดรวมกันเป็นกลุ่ม เช่น หอม ๒ กระจุก กระเทียม ๓ กระจุก."
กระจุก 1,ก.,รวมกันอยู่เป็นกลุ่ม เช่น ธุรกิจใหญ่ ๆ กระจุกกันอยู่ในตัวเมือง.
กระจุกกระจิก 0,ว.,"เล็ก ๆ น้อย ๆ, เบ็ดเตล็ดคละกัน, เช่น ในกระเป๋าถือมีแต่ของกระจุกกระจิก, จุกจิก ก็ว่า."
กระจุกกระจุย 0,ว.,กระจายจากกันอย่างสับสนไม่เป็นระเบียบ.
กระจุ๋งกระจิ๋ง 0,ก.,"พูดกันเบา ๆ ทำเสียงเล็กเสียงน้อยน่าเอ็นดู, จุ๋งจิ๋ง ก็ว่า."
กระจุ๋งกระจิ๋ง 1,ว.,"อาการที่พูดกันเบา ๆ ทำเสียงเล็กเสียงน้อยน่าเอ็นดู, จุ๋งจิ๋ง ก็ว่า."
กระจุบ 0,น.,ส่วนของโคมตรงที่สวมหลอด
กระจุบ 1,น.,ส่วนหนึ่งของตะเกียงที่ไส้ผ่านสำหรับจุดไฟ.
กระจุ๊บ 0,น.,ส่วนของโคมตรงที่สวมหลอด
กระจุ๊บ 1,น.,ส่วนหนึ่งของตะเกียงที่ไส้ผ่านสำหรับจุดไฟ.
กระจุบกระจิบ 0,ว.,จุบจิบ.
กระจุ๋มกระจิ๋ม 0,ว.,"เล็ก ๆ น้อย ๆ น่าเอ็นดู, จุ๋มจิ๋ม ก็ว่า."
กระจุย 0,ว.,"กระจายออกยุ่งไม่เป็นระเบียบ, นิยมใช้เข้าคู่กับ กระจุก เป็น ."
กระจุยกระจาย 0,ว.,กระจายยุ่งเหยิง.
กระจู้ 0,น.,"เครื่องดักปลาไหลชนิดหนึ่ง สานด้วยไม้ไผ่ รูปคล้ายหม้อคอสูง มีงาแซงอยู่ริมก้น ห้อยเหยื่อไว้ภายใน, จู้ หรือ อีจู้ ก็เรียก."
กระจู๋กระจี๋ 0,ก.,"พูดกันเบา ๆ ด้วยอาการสนิทสนม, จู๋จี๋ ก็ว่า."
กระจู๋กระจี๋ 1,ว.,"อาการที่พูดกันเบา ๆ ด้วยความสนิทสนม, จู๋จี๋ ก็ว่า."
กระจูด 0,น.,ชื่อไม้ล้มลุกชนิด Lepironia articulata (Retz.) Domin ในวงศ์ Cyperaceae ลำต้นกลม ภายในกลวง และมีเยื่ออ่อนหยุ่นคั่นเป็นข้อ ๆ ใช้สานเสื่อหรือกระสอบ.
กระเจอะกระเจิง 0,ก.,"กระเจิดกระเจิง, กระเซอะกระเซิง, เช่น เฒ่าก็เที่ยวสัญจรกระเจอะกระเจิง (ม. ร่ายยาว ชูชก)."
กระเจา 0,น.,"ชื่อไม้ล้มลุกหลายชนิดในสกุล Corchorusวงศ์ Tiliaceae ขึ้นอยู่ในที่ลุ่ม เปลือกต้นเหนียว เมื่อลอกออกแล้ว เรียกว่า ปอ เช่น ปอกระเจาฝักกลม ( C. capsularis L.) ผลป้อม เปลือกย่นเป็นตุ่ม ๆ ใบใช้เป็นอาหารได้, พายัพเรียก เส้ง, และปอกระเจาฝักยาว ( C. olitorius L.) ฝักยาวเรียวมีสันตามยาว, เมล็ดของปอทั้ง ๒ ชนิดนี้มีพิษ ปอใช้ทำกระสอบ."
กระเจา 1,น.,ชื่อไม้ต้นขนาดใหญ่ชนิดหนึ่ง. (ดู กระเชา).
กระเจ่า 0,น.,นกยาง เช่น กระจาบกระเจ้าจับ ซ้องศัพทอึงอล.
กระเจ้า 0,น.,นกยาง เช่น กระจาบกระเจ้าจับ ซ้องศัพทอึงอล.
กระเจ้า 1,น.,ต้นกระเชา. (ดู กระเชา).
กระเจาะ 0,ว.,มีแผลเป็นที่ลูกตา เรียกว่า ตากระเจาะ.
กระเจาะ 1,น.,เบี้ยเล็ก ๆ.
กระเจิง 0,ว.,"เลยไป, หลงไป, แตกจากหมู่ไป, นิยมใช้เข้าคู่กับคำ กระเจอะ กระเจิด เป็น กระเจอะกระเจิง กระเจิดกระเจิง."
กระเจิดกระเจิง 0,ก.,"แตกหนีไปคนละทิศละทาง เช่น กองทัพข้าศึกถูกตีแตกกระเจิดกระเจิงไป, แตกหมู่เพ่นพ่านไป เช่น ฝูงวัววิ่งหนีกระเจิดกระเจิงไป, บางทีใช้ว่า กระเจอะกระเจิง."
กระเจี้ยง 0,น.,"ชื่อกล้วยไม้อิงอาศัยชนิด Epigeneium amplum (Lindl.) Summerh. ในวงศ์ Orchidaceae ดอกใหญ่ ทั้งกลีบนอกและกลีบในสีเหลืองประแดง, เอื้องศรีเที่ยง ก็เรียก."
กระเจี๊ยบ 0,น.,"ชื่อไม้ล้มลุกชนิด Abelmoschus esculentus (L.) Moench ในวงศ์ Malvaceae ผลสีเขียว ยาวประมาณ ๑๒ เซนติเมตร ใช้เป็นผัก, กระเจี๊ยบมอญ มะเขือทวาย หรือ มะเขือมอญ ก็เรียก."
กระเจี๊ยบเปรี้ยว 0,น.,"ชื่อไม้ล้มลุกชนิด Hibiscus sabdariffa L. ในวงศ์ Malvaceae เปลือกต้นมีปอเหนียวทนทาน ผลสีแดง กลีบเลี้ยงใช้ทำแยม, กระเจี๊ยบแดง ก็เรียก, พายัพเรียก เกงเขง หรือ เกงเคง."
กระเจียว 0,น.,"ชื่อไม้ล้มลุกชนิด Curcuma sessilis Gage ในวงศ์ Zingiberaceae ลักษณะคล้ายต้นกระชาย มีหัวใต้ดิน ขณะออกดอกไม่มีใบ ช่อดอกเป็นช่อตั้ง รูปคล้ายทรงกระบอก ดอกสีขาว อยู่ระหว่างกาบสีขาวปลายสีม่วง ใช้ประกอบอาหารได้, พายัพเรียก อาวแดง."
กระเจี๊ยว 0,น.,"อวัยวะสืบพันธุ์เด็กชายเล็ก ๆ, เจี๊ยว หรือ อ้ายเจี๊ยว ก็ว่า."
กระแจะ 0,น.,ผงเครื่องหอมต่าง ๆ ที่ประสมกันสำหรับทา เจิม หรืออบผ้า โดยปรกติมีเครื่องประสม คือไม้จันทน์ แก่นไม้หอม ชะมดเชียง หญ้าฝรั่น.
กระแจะ 1,น.,"ชื่อไม้ต้นขนาดเล็กชนิด Naringi crenulata (Roxb.) Nicolson ในวงศ์ Rutaceae ขึ้นในป่าเบญจพรรณ ต้นและกิ่งมีหนามเปลือกขรุขระสีเทา ดอกเล็กสีขาวเป็นช่อสั้น ยาวประมาณ ๒ เซนติเมตร กลิ่นหอมอ่อน ท่อนไม้ฝนกับนํ้าใช้เป็นเครื่องประทิ่นผิว รากใช้ทำยา, กะแจะ ขะแจะ ตุมตัง หรือ พญายา ก็เรียก."
กระแจะ 2,น.,ชื่อรูปปลอกเหล็กสำหรับจับช้างดุ ทางปลายสัณฐานปากเปิดอย่างคีมคีบเบ้าทองเหลือง มีกำลังหดตัวให้ปลายจดเข้าหากันได้ ที่ริมปากมีงาแซงทำด้วยเหล็กปลายแหลมข้างละอัน ที่โคนปลอกมีที่สำหรับสวมคันไม้ไผ่ที่ทะลวงให้กลวง ร้อยเชือกซึ่งผูกจากปลอกลอดออกมาจากคันไม้ ใช้สำหรับพุ่งเข้าไปเกาะขาช้างข้างใดข้างหนึ่งไว้ เมื่อเกาะได้แล้ว โรยปลายไปผูกกับขอนไม้ไว้เพื่อช้างจะได้ลาก ช้างกำลังดุก็ลากไป งาแซงก็จะฝังลึกเข้าไปทุกทีจนไม่สามารถจะก้าวขาได้ ก็เป็นอันจับได้
กระแจะ 3,น.,โซ่หรือกำไลเหล็กที่ทำเป็นปลอกสวมเท้าหน้าช้างทั้งคู่ให้ชิดกัน เพื่อมิให้ช้างเดินได้เร็วจนไกลถิ่นเกินควร ใช้เมื่อปล่อยช้างให้หากินในป่า.
กระโจ้ 0,น.,โชงโลง.
กระโจน 0,ก.,"พุ่งตัวลงไปโดยเร็ว, เผ่นข้ามไป, กระโดดไปโดยเร็ว, ภาษาปากว่า โจน."
กระโจม 0,น.,"สิ่งที่ตามปรกติมียอดเป็นลอมอย่างซุ้ม ใช้เป็นเครื่องกำบังแดดลมเป็นต้น, โจม ก็ว่า, โดยปริยายหมายถึง สิ่งที่รวมกันเข้าเป็นลอม เช่น กระโจมปืน หรือสิ่งที่ผูกรวบยอดให้รวมกัน เช่น ปากผูกกระโจม หรือผ้าที่ทำเป็นลอมเพื่อเข้าไปอยู่ให้เหงื่อออก เช่น เข้ากระโจม."
กระโจม 1,*น.,"กูบที่มีด้านเปิดโล่ง ๔ ด้าน, โจม ก็ว่า"
กระโจม 2,*น.,เครื่องสวมศีรษะอย่างหนึ่ง เช่น กระจอนหูแปงประดับแก้วเครื่องเลิศอุดมกระโจมคำสุบเก้าเกษ (ม. ภาคอีสาน นครกัณฑ์).
กระโจม 3,ก.,โถมเข้าไป เช่น ไม่ได้ทีอย่ากระโจมเข้าโรมรัน (รามเกียรติ์ ร. ๒)
กระโจม 4,ก.,ข้ามลำดับไป ในความว่า กินข้าวต้มกระโจมกลาง.
กระโจมกระจาม 0,ก.,พรวดพราดอย่างลุกลน (เป็นคำใช้ในทางที่ติ).
กระโจมทอง 0,น.,เครื่องกันแดดและฝนเปิดโล่ง ๔ ด้าน อยู่บนสัปคับหลังช้างพระที่นั่ง เขียนลายปิดทองรดน้ำ.
กระโจมไฟ 0,น.,"หอสูงซึ่งตามไฟฉายแสงอย่างแรงไว้บนยอดเพื่อใช้บอกสัญญาณในการเดินเรือเป็นต้น, ประภาคาร หรือ เรือนตะเกียง ก็เรียก."
กระโจมอก 0,ก.,นุ่งผ้าสูงปิดอก.
กระโจมอก 1,ว.,อาการที่นุ่งผ้าสูงปิดอก ในความว่า นุ่งผ้ากระโจมอก.
กระฉง 0,ก.,"ชื่อแมลงพวกมวนหลายชนิดในสกุล Leptocorisa วงศ์ Alydidae ลำตัวแคบ สีน้ำตาล ยาวประมาณ ๑.๕ เซนติเมตร ดูดกินน้ำเลี้ยงเมล็ดอ่อนของข้าวทำให้เมล็ดลีบ ที่พบบ่อยได้แก่ ชนิด L. oratorius (Fabricius) และชนิด L. acuta (Thunberg), กระฉง หรือ ฉง ก็เรียก."
กระฉอก 0,ก.,"อาการที่ของเหลวเช่นนํ้าเป็นต้นกระเพื่อมอย่างแรงหรือล้นหกเพราะความสั่นสะเทือน, (ปาก) กระดอนหรือกระเด้ง เช่น ลูกบอลกระฉอกออกจากมือผู้รักษาประตู."
กระฉอก 1,ว.,"แหว่ง, เว้า, (ใช้กับลักษณะของผม), ฉอก ก็เรียก."
กระฉอกกระแฉก 0,ก.,"กระฉอก, กระเพื่อมออกมา."
กระฉ่อน 0,ว.,"แพร่สนั่นไป, อึงไปทั่ว, อื้อฉาว."
กระฉับกระเฉง 0,ว.,"คล่องแคล่ว, ทะมัดทะแมง."
กระฉิ่ง 0,ว.,"เครื่องประกอบยศของเจ้านาย ขุนนาง และราชพาหนะ มีรูปร่างคล้ายสัปทนขนาดเล็ก บุด้วยผ้าต่างสีต่างชนิดกันตามชั้นยศ ระบายรอบอย่างน้อย ๒ ชั้น ยาวปรกลงมามากกว่าสัปทน สำรับหนึ่งมี ๔ คัน ใช้ตั้งแต่งประจำมุมทั้ง ๔ ของผู้ครองยศ หรือถือเข้ากระบวนแห่ เช่น แห่พระยาแรกนา แห่ช้างสำคัญ, กระชิง กระฉิ่ง กะชิง กันฉิ่ง หรือ กันชิง ก็เรียก."
กระฉีก 0,น.,ของหวานทำด้วยมะพร้าวทึนทึกขูด กวนกับนํ้าตาลปึกให้เข้ากันจนเหนียว อบด้วยควันเทียนอบให้หอม ใช้เป็นไส้หรือหน้าขนม เรียกว่า หน้ากระฉีก เช่น ขนมใส่ไส้มีไส้เป็นหน้ากระฉีก ข้าวเหนียวหน้ากระฉีก.
กระฉูด 0,ก.,พุ่งออกโดยแรง (ใช้แก่ของเหลว) เช่น น้ำกระฉูด
กระฉูด 1,ก.,ไสไปโดยแรง เช่น ช้างกระฉูดเท้า.
กระเฉก 0,ว.,เขยก.
กระเฉด 0,น.,"ชื่อไม้นํ้าชนิด Neptunia oleracea Lour. ในวงศ์ Leguminosae ขึ้นลอยอยู่ในนํ้า ลำต้นอ่อนอุ้มน้ำ มีปลอกเป็นปุยขาว ๆ เป็นทุ่น เรียกว่า นม ใบย่อยเล็กเมื่อถูกสัมผัสก็หุบราบไป ดอกสีเหลืองเล็กออกชิดกันเป็นช่อกลม ลำต้นและใบใช้เป็นอาหารได้, พายัพเรียก ผักหนอง, คำสุภาพเรียกว่า ผักรู้นอน."
กระแฉ่น 0,ก.,ดังสนั่น เช่น ฟ้ากระแฉ่นเรือนผยองช่วยดู (แช่งนํ้า).
กระโฉกกระเฉก 0,ว.,โขยกเขยก.
กระโฉม 0,น.,"ชื่อไม้ล้มลุกชนิด Limnophila rugosa (Roth) Merr. ในวงศ์ Scrophulariaceae ชอบขึ้นในที่ชื้นแฉะ ลำต้นและกิ่งอวบน้ำ สีม่วง ใบรูปไข่ ค่อนข้างหนา ด้านล่างมีขน ขอบหยักห่าง ๆ ก้านใบแบน ๆ โคนก้านโอบกิ่งหรือลำต้น ดอกเล็ก ๆ สีม่วงแกมชมพู กลางเหลือง ออกเป็นกระจุกที่ง่ามใบหรือปลายกิ่ง ทุกส่วนของไม้นี้มีกลิ่นหอม ใช้เป็นอาหาร และใช้ทำยาได้, ผักโฉม ก็เรียก เช่น ผักโฉมชื่อเพราะพร้อง เป็นโฉมน้องฤๅโฉมไหน (เห่เรือ)."
กระชง 0,ว.,"งง, ชะงัก, ประหม่า, เช่น นอนกระชงใจคราง ครั่นแค้น (นิ. ตรัง)."
กระชดกระช้อย 0,ว.,ชดช้อย.
กระชอก 0,ก.,กระฉอก เช่น กระชอกชอกชล กระมลมลมาลย์ (ประชุมหนังสือเก่า ภาค ๒).
กระชอน 0,น.,เครื่องกรอง โดยปรกติสานด้วยผิวไม้ไผ่ ใช้กรองกะทิเป็นต้น.
กระชอน 1,น.,ชื่อแมลงหลายชนิด ในวงศ์ Gryllotalpidae ลำตัวสีน้ำตาล ยาวประมาณ ๓ เซนติเมตร ปีกสั้น บินได้ในระยะใกล้ ขาคู่หน้าสั้นป้อมและแบนทางข้าง คล้ายอุ้งมือ ปลายมีหนามแข็งใช้ขุดดิน อาศัยอยู่ในดิน กินรากพืชและแมลงเล็ก ๆ ที่พบบ่อย เช่น ชนิด Gryllotalpa orientalis Burmeister.
กระชอม 0,ว.,"มาก, ใหญ่, เช่น ผักกาดกองกระชอมก็มี (ม. คำหลวง มหาพน)."
กระชอมดอก 0,น.,ดอกเพศผู้ของพรรณไม้เลื้อย เช่น ฟักทอง บวบ ซึ่งเรียกกันว่า ดอกถวายพระ.
กระช้อย 0,ว.,"ชดช้อย เช่น ดูเราะรายเรียบร้อยกระช้อยชด (นิ. เดือน), และใช้เข้าคู่กับคำ กระชด เป็น กระชดกระช้อย."
กระช้อยนางรำ 0,น.,"ชื่อไม้พุ่มชนิด Codariocalyx motorius (Houtt.) H. Ohashi ในวงศ์ Leguminosae ใบเป็นใบประกอบ มีใบย่อย ๓ ใบ ใบคู่ล่างเล็กกว่าและกระดิกไหวไปมาได้, ช้อยนางรำ ช้อยช่างรำ หรือ นางรำ ก็เรียก."
กระชัง 0,น.,บังสาดที่ปิดและเปิดได้.
กระชัง 1,น.,"เครื่องสำหรับขังปลาชนิดหนึ่ง ใช้ไม้ไผ่ทำเป็นกง ๔ อัน แล้วผูกด้วยซี่ไม้ไผ่โดยรอบ รูปกลม หัวท้ายเรียว ตอนบนเจาะเป็นช่อง มีฝาปิด ใช้ไม้ขัดฝา ๒ ข้าง ใช้ไม้ไผ่กระหนาบเพื่อให้ลอยได้ ในขณะออกไปจับปลาตามกรํ่า เมื่อจับปลาหรือกุ้งได้ก็เอาใส่ไว้ในนั้นชั่วคราว, อีกชนิดหนึ่ง สานด้วยไม้ไผ่ มีปากเปิดกว้างคล้าย ๆ ตะกร้าหรือเข่งใส่ของ แต่ใหญ่กว่ากระชังชั่วคราวนั้นหลายเท่า เป็นที่สำหรับจับปลาขนาดใหญ่มาขังไว้หรือเลี้ยงลูกปลาให้โตตามที่ต้องการ เพื่อบริโภคหรือค้าขาย และเอากระชังนี้ผูกติดหลักแช่ลอยนํ้าไว้."
กระชัง 2,น.,"นํ้าปัสสาวะแห่งทารก, นํ้าครํ่า, เขียนเป็น กะชัง ก็มี."
กระชังก้นรั่ว 0,น.,"สุรุ่ยสุร่าย, ไม่รู้จักเก็บหอมรอมริบ, ขาดการประหยัด, เพี้ยนไปเป็น กระชังก้นรั่ว ก็มี."
กระชังหน้าใหญ่ 0,ว.,"จัดจ้าน, ออกหน้ารับเสียเอง, เช่น แม่กระชังหน้าใหญ่."
กระชั้น 0,ว.,"ใกล้ชิด (เข้ามา) (ใช้แก่เวลาหรือเหตุการณ์) เช่น เวลากระชั้นเข้ามา ขี่ม้าขับกระชั้นมา, เร่งเข้า เช่น ไก่ขันกระชั้นเสียง, นิยมใช้เข้าคู่กับคำ กระโชก เป็น กระโชกกระชั้น."
กระชับ 0,น.,"ชื่อไม้ล้มลุกชนิด Xanthium indicum K. Koenig ex Roxb. ในวงศ์ Compositae มักขึ้นเป็นวัชพืชในทุ่งนาและริมนํ้า ลำต้นและใบคาย ใบมนเว้า ขอบจัก โคนใบแหลม ดอกเล็กรวมเป็นกระจุกแน่น ผลรี ยาวประมาณ ๑ เซนติเมตร มีหนามปลายงอทั่วทั้งผล รากหอมอ่อน ๆ ใช้อบผ้าได้ บางส่วนของไม้นี้ใช้เป็นยาได้ แต่ทั้งต้นเป็นพิษต่อปศุสัตว์, ขี้ครอก หรือ ขี้อ้น ก็เรียก."
กระชับ 1,ก.,"แน่น, แนบแน่น, แนบกันสนิท, พอเหมาะ, แต่มีความหมายบอกว่า มีลักษณะที่ยิ่งขึ้นหรือทีเดียว เช่น กระชับแน่น กระชับตัว กระชับความ กระชับมือ."
กระชาก 0,ก.,"ดึงเข้ามาโดยเร็วและแรง เช่น กระชากผม, โดยปริยายหมายความว่า กระตุกโดยแรง เช่น ออกรถกระชาก, พูดกระแทกเสียงดังห้วน ๆ ในความว่า พูดกระชากเสียง, มักใช้เข้าคู่กับคำ กระโชก เป็น กระโชกกระชาก."
กระช่าง 0,ว.,"กระจ่าง เช่น เวหาเห็นกระช่าง (ม. คำหลวง กุมาร), กระซ่าง ก็ว่า."
กระชาเดิม 0,น.,ร้านหรือเรือที่ขายเครื่องหอมต่าง ๆ มีแป้งและนํ้าหอมเป็นต้น.
กระชาย 0,น.,"ชื่อไม้ล้มลุกชนิด Boesenbergia rotunda (L.) Mansf. ในวงศ์ Zingiberaceae สูงประมาณ ๖๐ เซนติเมตร มีลำต้นอยู่ใต้ดินเป็นหัวกลม ๆ มีรากสะสมอาหาร ซึ่งเรียวยาว อวบนํ้า ออกเป็นกระจุก ใช้เป็นผักและเป็นเครื่องปรุงประกอบอาหาร, พายัพเรียก กะแอน หรือ ละแอน."
กระชิง 0,น.,"เครื่องประกอบยศของเจ้านาย ขุนนาง และราชพาหนะ มีรูปร่างคล้ายสัปทนขนาดเล็ก บุด้วยผ้าต่างสีต่างชนิดกันตามชั้นยศ ระบายรอบอย่างน้อย ๒ ชั้น ยาวปรกลงมามากกว่าสัปทน สำรับหนึ่งมี ๔ คัน ใช้ตั้งแต่งประจำมุมทั้ง ๔ ของผู้ครองยศ หรือถือเข้ากระบวนแห่ เช่น แห่พระยาแรกนา แห่ช้างสำคัญ, กระชิง กระฉิ่ง กะชิง กันฉิ่ง หรือ กันชิง ก็เรียก."
กระชิด 0,ว.,ชิดทีเดียว เช่น ว่องไวไล่กระชิดติดพัน (รามเกียรติ์ ร. ๒).
กระชิด 1,น.,ชื่อไม้พุ่มชนิด Blachia siamensis Gagnep. ในวงศ์ Euphorbiaceae พบขึ้นตามป่าดิบแล้งตามชายทะเล.
กระชิด 2,น.,ต้นข่อยหนาม. (ดู ข่อยหนาม ที่ ข่อย).
กระชุ 0,น.,"ภาชนะสานรูปทรงกระบอก สำหรับบรรจุของเช่นนุ่นหรือถ่าน, กระชุก ก็ว่า."
กระชุก 0,น.,"ภาชนะสานรูปทรงกระบอก สำหรับบรรจุของเช่นนุ่นหรือถ่าน, กระชุก ก็ว่า."
กระชุก 1,น.,"ภาชนะสานรูปอย่างฟักผ่าตามยาว ใช้วางในเกวียน สำหรับใส่ข้าวเปลือกเป็นต้น, สามชุก ก็เรียก."
กระชุก 2,น.,"อัตราตวงของโบราณ มีพิกัดเท่ากับ ๕ สัด, และ ๔ กระชุก เป็น ๑ ตะลอง."
กระชุน 0,น.,"ชื่อแมลงพวกแมลงปอ แมลงปอเข็ม และแมลงช้างตัวเต็มวัยซึ่งมีลักษณะคล้ายแมลงปอ แต่มีหนวดยาว, ในบางจังหวัด เช่น นครปฐม ราชบุรี สุพรรณบุรี สมุทรสาคร สมุทรสงคราม สมุทรปราการ เรียก กระทุน กระชุน หรือ ปะทุน."
กระชุ่มกระชวย 0,ว.,มีอาการกระปรี้กระเปร่า.
กระเชอ 0,น.,"ภาชนะสานคล้ายกระจาดขนาดเล็ก แต่สูงกว่า ก้นสอบ ปากกว้าง ใช้กระเดียด, กันเชอ ก็เรียก"
กระเชอ 1,น.,"อัตราตวงของโบราณ มีพิกัดเท่ากับ ๕ ทะนาน, และ ๕ กระเชอ เป็น ๑ สัด."
กระเชอก้นรั่ว 0,ว.,"สุรุ่ยสุร่าย, ไม่รู้จักเก็บหอมรอมริบ, ขาดการประหยัด, เพี้ยนไปเป็น กระชังก้นรั่ว ก็มี."
กระเชา 0,น.,"ชื่อไม้ต้นผลัดใบขนาดใหญ่ชนิด Holoptelea integrifolia (Roxb.) Planch. ในวงศ์ Ulmaceae ขึ้นอยู่ทั่วไป ผลแบนบางเป็นปีกโดยรอบ เนื้อไม้สดสีเหลืองมะนาว เมื่อแห้งเป็นสีนวล แข็งพอประมาณ ใช้ในการก่อสร้างที่ไม่ต้องรับนํ้าหนักมากนัก ทำเครื่องเรือน แกนร่ม ก้านและกล่องไม้ขีดไฟ, บางทีเรียก กระเจา หรือ กระจาว, พายัพและปักษ์ใต้เรียก กระเจ้า ขจาว หรือ ขเจา."
กระเช้า 0,น.,ภาชนะสานมีหูเป็นวงโค้งขึ้นไปสำหรับหิ้ว.
กระเช้าผีมด 0,น.,ชื่อไม้เถาชนิด Aristolochia tagala Cham. ในวงศ์ Aristolochiaceae ผลเมื่อแก่ตอนโคนแยกออกเป็น ๖ สาย คล้ายสาแหรก รากใช้ทำยาได้.
กระเช้าผีมด 1,น.,"ชื่อไม้พุ่มอิงอาศัยชนิด Hydnophytum formicarum Jack ในวงศ์ Rubiaceae ชอบเกาะไม้ต้นในป่าดิบชื้นใกล้ฝั่งทะเล ลำต้นทรงกลมอวบนํ้า มีรูพรุนภายในเป็นที่อาศัยของมด ส่วนที่เป็นรูพรุนใช้ทำยาได้, หัวร้อยรู ก็เรียก."
กระเช้าสวรรค์ 0,น.,"อุปกรณ์เพื่อความเพลิดเพลินชนิดหนึ่ง มักมีตามสวนสนุกและในงานเทศกาลต่าง ๆ ประกอบด้วยล้อโลหะขนาดใหญ่คู่ขนานกัน หมุนด้วยแรงกลในแนวตั้งรอบแกนที่ติดอยู่กับที่ มีที่นั่งคล้ายกระเช้าห้อยติดอยู่เป็นช่วง ๆ ระหว่างโครงของล้อทั้ง ๒, ชิงช้าสวรรค์ ก็ว่า."
กระเช้าสีดา 0,น.,ชื่อไม้เถาชนิด Aristolochia indica L. ในวงศ์ Aristolochiaceae ผลคล้ายผลกระเช้าผีมด (๑) แต่ขนาดใหญ่กว่า รากใช้ทำยาได้.
กระเชียง 0,น.,"เครื่องพุ้ยนํ้าให้เรือเคลื่อนไป รูปคล้ายแจวแต่ไม่มีหมวกแจว พาดกับหูกระเชียงบนหลักที่อยู่ข้างแคมเรือข้างละอันคู่กัน ใช้เหนี่ยวด้ามให้พุ้ยน้ำ, กรรเชียง ก็ว่า."
กระเชียงปู 0,น.,"เรียกขาคู่สุดท้ายของปูในวงศ์ Portunidae เช่น ปูม้า ปูทะเล ซึ่งปล้องปลายมีลักษณะแบนคล้ายใบพาย, กระเชียงปู ก็เรียก."
กระแชง 0,น.,"เครื่องบังแดดฝน โดยนำใบเตยหรือใบจากเป็นต้นมาเย็บเป็นแผง, ลักษณนามว่า ผืน (เทียบ ม. กระชัง ว่า แผงสำหรับคลุมเรือหรือรถ เย็บด้วยใบไม้)"
กระแชง 1,น.,ชื่อเรือบรรทุกชนิดหนึ่ง เล็กกว่าเรือเอี้ยมจุ๊น ท้องเรือกลมป้อม ใช้กระแชงทำเป็นประทุน เรียกว่า เรือกระแชง.
กระแชง 2,น.,"เชือกหรือลวดหนังตีเป็นเกลียว, หุ้มผ้าแดง ปลายสายทั้ง ๒ ข้าง ผูกกับสายสำอางคร่อมอยู่ทางท้ายสันหลังช้าง สำหรับควาญช้างจับเมื่อเวลาคับขัน, กระแซง กระแอก หรือ ปะแอด ก็เรียก."
กระแชงอ่อน 0,น.,ชื่อฝาเรือนไทยแบบหนึ่ง กรุด้วยใบจากอ่อน.
กระแชะ 0,ก.,กระแซะ เช่น แกล้งทำเลียมและกระแชะชิด สะบิ้งสะบัดดัดจริตกิริยา (คาวี).
กระโชก 0,ว.,กระแทกเสียง เช่น พูดกระโชก เห่ากระโชก
กระโชก 1,ว.,"ทำให้กลัว, ทำให้ตกใจ, เช่น ขู่กระโชก, กระแทก เช่น ม้าก็กระโชกวิ่งหนักเข้า (ประวัติ. จุล)."
กระโชกกระชั้น 0,ว.,อาการพูดกระแทกเสียงถี่ ๆ.
กระโชกกระชาก 0,ว.,อาการพูดอย่างตวาดหรืออย่างกระแทกเสียง.
กระโชกโฮกฮาก 0,ว.,"อาการพูดกระชากเสียงหรือพูดกระแทกเสียงซึ่งไม่น่าฟัง, โฮกฮาก ก็ว่า."
กระซวย 0,น.,กรวย เช่น กระซวยหมากพลู.
กระซ่องกระแซ่ง 0,ว.,"กระย่องกระแย่ง, ซ่องแซ่ง ก็ว่า."
กระซับ 0,น.,ชื่อพนักงานพวกหนึ่งในเรือเดินทะเล มีหน้าที่รักษาพัสดุตลอดจนสินค้าทั่วไปในระวางเรือด้วย เรียกเต็มว่า กระซับปากเรือ.
กระซ่าง 0,ว.,"กระจ่าง เช่น กระซ่างฟ้าเห็นกัน (ม. คำหลวง สักบรรพ), กระช่าง ก็ว่า."
กระซาบ 0,ก.,"พูดเบา ๆ เช่น ค่อยกระซาบคำเกลี้ยง (ลอ), นิยมใช้เข้าคู่กับคำ กระซิบ เป็น กระซิบกระซาบ."
กระซิก 0,ก.,ค่อยเบียดเข้าไป.
กระซิก 1,น.,"ชื่อไม้พุ่มรอเลื้อยชนิด Dalbergia parviflora Roxb. ในวงศ์ Leguminosae มีทางปักษ์ใต้ เนื้อไม้สีแดงคลํ้าคล้ายไม้ชิงชัน, ครี้ หรือ สรี้ ก็เรียก."
กระซิก ๆ 0,ว.,อาการที่ร้องไห้ค่อย ๆ.
กระซิกกระซวย 0,ก.,ค่อยกระแซะเข้าไป เช่น เจ้าก็ระรี่ระริกกระซิกกระซวย (ม. ร่ายยาว ชูชก).
กระซิกกระซี้ 0,ก.,"หัวเราะเย้าหยอกกัน, ระริก, ซิกซี้ ก็ว่า."
กระซิบ 0,ก.,"พูดเสียงเบา ๆ เพื่อไม่ให้ผู้อื่นได้ยิน, นิยมใช้เข้าคู่กับคำ กระซุบ เป็น กระซุบกระซิบ."
กระซิบกระซาบ 0,ก.,บอกความหรือคุยกันด้วยเสียงเบา ๆ เพื่อให้ได้ยินเฉพาะผู้ที่พูดด้วย.
กระซี้กระซ้อ 0,ว.,อาการที่พูดหรือแสดงความสนิทชิดเชื้อเพื่อประจบเอาใจ.
กระซุง 0,น.,"พนักงาน, ตำแหน่ง. (พจน)."
กระซุบกระซิบ 0,ก.,พูดกันเบา ๆ.
กระซุ้ม 0,น.,ซุ้ม.
กระซู่ 0,น.,ชื่อแรดชนิด Dicerorhinus sumatrensis (Fischer) ในวงศ์ Rhinocerotidae เป็นแรดขนาดเล็กที่สุด มี ๒ นอ ขนดกกว่าแรดชนิดอื่น อาศัยอยู่ในแถบเอเชีย เป็นสัตว์ป่าสงวนของไทย.
กระเซ็น 0,ก.,อาการที่ของเหลวเช่นนํ้าเป็นต้นกระเด็นเป็นฝอย.
กระเซอ 0,ว.,"เซ่อเซอะ, เร่อร่า, เช่น ผัวเขาจริง ๆ วิ่งกระเซอ (รามเกียรติ์ พลเสพย์), นิยมใช้เข้าคู่กับคำ กระเซอะ เป็น กระเซอะกระเซอ."
กระเซอะกระเซอ 0,ก.,เซ่อเซอะ เช่น ชังนํ้าหน้าบ้าเคอะกระเซอะกระเซอ (คาวี).
กระเซอะกระเซิง 0,ว.,อาการที่ซัดเซไปโดยไม่มีจุดหมายว่าจะไปแห่งใด.
กระเซ้า 0,ก.,"พูดรบเร้า, พูดเย้าแหย่."
กระเซ้ากระซี้ 0,ก.,"พูดรบเร้ารํ่าไรเพื่อให้ได้ตามที่ต้องการ, เซ้าซี้ ก็ว่า."
กระเซิง 0,ว.,"ยุ่งเหยิง, รุงรัง, เช่น ผมเป็นกระเซิง."
กระแซ 0,น.,คนเชื้อสายชาวอินเดียเมืองมณีปุระ (เมืองหนึ่งในแคว้นอัสสัม).
กระแซ 1,น.,ชื่อเรือพายชนิดหนึ่ง อยู่ในกระบวนเรือรบหลวง เรียกว่า เรือกระแซ.
กระแซง 0,น.,"เชือกหรือลวดหนังตีเป็นเกลียว, หุ้มผ้าแดง ปลายสายทั้ง ๒ ข้าง ผูกกับสายสำอางคร่อมอยู่ทางท้ายสันหลังช้าง สำหรับควาญช้างจับเมื่อเวลาคับขัน, กระแซง กระแอก หรือ ปะแอด ก็เรียก."
กระแซะ 0,ก.,ขยับกระทบเข้าไป เช่น ขยับตัวกระแซะเข้าไป พูดเลียบเคียงกระแซะเข้าไป.
กระโซกระเซ 0,ว.,โซ ๆ เซ ๆ.
กระฎี 0,น.,เรือนหรือตึกสำหรับพระภิกษุสามเณรอยู่.
กระฎุมพี 0,น.,"คนมั่งมี, พ่อเรือน, มักนิยมใช้เข้าคู่กับคำ ไพร่ เป็น ไพร่กระฎุมพี หมายความว่า ชนชั้นต่ำ."
กระดก 0,ก.,"ทำให้ปลายข้างหนึ่งยกสูงขึ้น, เผยอขึ้นข้างหนึ่ง."
กระดก 1,ก.,"ตระหนก, กลัว, เช่น ก็กระดกตกใจกลววแก่มรณภยานตราย (ม. คำหลวง ชูชก)."
กระดกกระดนโด่ 0,ก.,"ตั้งอยู่อย่างไม่เรียบร้อย, ท่าทางเก้งก้างไม่เรียบร้อย."
กระด้ง 0,น.,"ภาชนะสานรูปแบน กลม ยกขอบ สำหรับฝัดข้าวเป็นต้น, ถ้ามีตาห่าง เรียกว่า ตะแกรง."
กระด้งมอญ 0,น.,ภาชนะสานรูปกลม ก้นลึก มีขนาดใหญ่ สำหรับใส่ของเป็นต้น.
กระดวง 0,น.,ลูกมะพร้าวทุยที่ตัดครึ่งท่อน สำหรับถูพื้นบ้านหรือหวีด้ายทอหูก. (ข. ฎูง ว่า มะพร้าว)
กระดวน 0,ก.,"ยอน, แยง."
กระด้วมกระเดี้ยม 0,ว.,กระต้วมกระเตี้ยม.
กระดอ 0,น.,อวัยวะสืบพันธุ์ของชายหรือสัตว์เพศผู้บางชนิด.
กระดอง 0,น.,"ส่วนแข็งที่หุ้มสัตว์บางชนิดเช่น เต่า ปู หรือแมงดาทะเล, พายัพว่า ออง."
กระดองหาย 0,น.,"ไม้สำหรับสงฟางในเวลานวดข้าว เช่น ด่าตีกันด้วยเคียวไม้กระตักและไม้กระดองหาย (ลักษณะธรรมนูญ), ดอง ดองหาย ดองฉาย ขอฉาย หรือ คันฉาย ก็เรียก."
กระดอน 0,ก.,สะท้อนขึ้น.
กระดอม 0,น.,"ชื่อไม้เถาเนื้ออ่อนชนิด Gymnopetalum chinense (Lour.) Merr. ในวงศ์ Cucurbitaceae เถา ๕ เหลี่ยม มีมือจับ ผล ๑๐ เหลี่ยม สุกสีส้ม มีรสขม ใช้ทำยาได้, ขี้กาดง หรือ ขี้กาเหลี่ยม ก็เรียก."
กระดักกระเดี้ย 0,ว.,"ไม่มีแรง, ขยับเขยื้อนไม่ใคร่ได้, เกือบจะหมดกำลังกาย, เช่น เพิ่งหายไข้ใหม่ ๆ จะลุกจะนั่งก็กระดักกระเดี้ย, ไม่ใคร่ไหว เช่น หากินกระดักกระเดี้ย."
กระดังงัว 0,ว.,"ชื่อไม้เถาเนื้อแข็งชนิด Artabotrys siamensis Miq. ในวงศ์ Annonaceae ดอกหอมอ่อน กลีบดอกคล้ายกระดังงาจีนแต่ขนาดเล็กกว่า, กระดังงัว กระดังงาเถา หรือ หนามควายนอน ก็เรียก."
กระดังงา 0,น.,"ชื่อไม้ต้นชนิด Cananga odorata (Lam.) Hook. f. et Thomson ในวงศ์ Annonaceae ดอกหอม กลีบบาง มี ๖ กลีบ ดอกใช้กลั่นนํ้ามันหอมได้, กระดังงาใหญ่ สะบันงา หรือ สะบันงาต้น ก็เรียก. (เทียบ ม. canaga, kénanga), พรรณไม้ชนิดนี้มีพันธุ์หนึ่งเป็นไม้พุ่ม ดอกมักมีกลีบมากกว่า ๖ กลีบ หอมอ่อน เรียกว่า กระดังงาสงขลา [ Cananga odorata (Lam.) Hook. f. et Thomson var. fruticosa (Craib) J. Sinclair]."
กระดังงาจีน 0,น.,"ชื่อไม้เถาเนื้อแข็งชนิด Artabotrys hexapetalus (L. f.) Bhandari ในวงศ์ Annonaceae ดอกหอมจัดตอนเย็น กลีบหนา มี ๖ กลีบ ก้านดอกเป็นขอ, สะบันงาจีน ก็เรียก."
กระดังงาเถา 0,น.,"ชื่อไม้เถาเนื้อแข็งชนิด Artabotrys siamensis Miq. ในวงศ์ Annonaceae ดอกหอมอ่อน กลีบดอกคล้ายกระดังงาจีนแต่ขนาดเล็กกว่า, กระดังงัว กระดังงาเถา หรือ หนามควายนอน ก็เรียก."
กระดังงาลนไฟ 0,น.,หญิงที่เคยแต่งงานหรือผ่านผู้ชายมาแล้ว ย่อมรู้จักชั้นเชิงทางปรนนิบัติและเอาอกเอาใจผู้ชายได้ดีกว่าหญิงที่ยังไม่ได้แต่งงาน.
กระดาก 0,ก.,"รู้สึกขวยเขิน, วางหน้าไม่สนิท, ตะขิดตะขวงใจไม่กล้าพูดหรือไม่กล้าทำเพราะเกรงจะได้รับความอับอาย."
กระดาก 1,ก.,"กระเดาะ, กระดก, เช่น สิ้นทั้งพันปากกระดากลิ้น, สิบปากกระดากลิ้นเคี้ยวฟัน (รามเกียรติ์ ร. ๑)."
กระดาก 2,น.,ชื่อไม้ต้นชนิดหนึ่ง เช่น กระดากกระโดนดำดง (ม. ฉันท์ มหาพน).
กระดากกระเดื่อง 0,ก.,"สะทกสะเทิ้น, ขวยเขิน."
กระดากปาก 0,ก.,ตะขิดตะขวงใจที่จะพูดในเรื่องที่ไม่ควรพูด.
กระดากลิ้น 0,ก.,ตะขิดตะขวงใจที่จะพูดในเรื่องที่ไม่ควรพูด.
กระด้าง 0,น.,"ชื่อถั่วชนิด Vigna unguiculata (L.) Walp. subsp. cylindrica (L.) Verdc. ในวงศ์ Leguminosae เมล็ดคล้ายถั่วดำ แต่สีค่อนข้างแดง ใช้เป็นอาหารได้อย่างถั่วดำ, บางทีเรียก ถั่วนา."
กระด้าง 1,น.,"ชื่อไม้พุ่มชนิด Lasianthus hookeri C. B. Clarke ex Hook. f. ในวงศ์ Rubiaceae ต้นตรงเรียวและมีขนสาก ๆ ใบรูปหอก ปลายแหลม ดอกสีขาวเล็ก ๆ เป็นกระจุกติดกับลำต้นที่ง่ามใบ ตำราแพทย์แผนโบราณว่ารากใช้ทำยาได้, พายัพเรียก กะด้าง."
กระด้าง 2,น.,ชื่อเห็ดหลายชนิดในวงศ์ Polyporaceae ขึ้นบนขอนไม้ เนื้อเหนียว กินไม่ได้ เช่น ชนิด Daedaleaopsis confragosa (Bolt. ex Fr.) Schroet. ดอกเห็ดรูปพัด สีน้ำตาลแดงสลับน้ำตาลอ่อน ผิวไม่เรียบ ด้านล่างมีรู เนื้อในเห็ดแข็ง.
กระด้าง 3,น.,ชื่องูนํ้าขนาดเล็กชนิด Erpeton tentaculatum Lacepède ในวงศ์ Colubridae ลำตัวสีนํ้าตาลหรือดำ มีเส้นหุ้มด้วยเกล็ดเล็ก ๆ ๒ เส้นคล้ายหนวด อาศัยตามแหล่งนํ้าจืดทั่วไป มีพิษอ่อนมาก ปรกติมีนิสัยทำตัวแข็งทื่อ จึงเรียกว่า งูกระด้าง.
กระด้าง 4,ว.,"ค่อนข้างแข็ง หมายถึงสิ่งที่มีลักษณะไม่อ่อน, ไม่นิ่มนวล, เช่น ลิ้นกระด้าง ข้าวกระด้าง"
กระด้าง 5,ว.,ขัดแข็ง หมายถึง กิริยาวาจาไม่อ่อนตาม เช่น มีกิริยากระด้างขึ้น
กระด้าง 6,ว.,เรียกนํ้าที่ฟอกสบู่แล้วไม่มีฟองสบู่เกิดขึ้นหรือเกิดขึ้นน้อย ว่า นํ้ากระด้าง.
กระด้างกระเดื่อง 0,ก.,แข็ง เช่น หนึ่งโสดฝุ่นทรายตรึงตรา นอนแนบหินผา กระด้างกระเดื่องทั้งตัว (ดุษฎีสังเวย).
กระด้างกระเดื่อง 1,ว.,"ไม่อ่อนน้อม, เอาใจออกหากไม่ยอมอ่อนน้อมอย่างเคย."
กระดางลาง 0,ว.,"มรรยาทหยาบ, สัปดน, เช่น อ้ายเฒ่าแก่กากกลีกระดางลาง ยังมันนี้ใครเขามีบ้างที่เมืองคน (ม. ร่ายยาว ชูชก)."
กระดาด 0,น.,"ชื่อไม้ล้มลุกชนิด Alocasia macrorrhizos (L.) G. Don ในวงศ์ Araceae มีหัวใต้ดิน ต้นคล้ายบอนหรือเผือกแต่ใบมีขนาดใหญ่กว่า ก้านใบตอนล่างเป็นกาบสีเขียว ทั้งต้นใช้ทำยา หัวทำให้สุกแล้วกินได้, กระดาดขาว ปึมปื้อ เผือกกะลา หรือ เผือกโทป้าด ก็เรียก."
กระดาด 1,น.,ต้นโพบาย. (ดู โพบาย).
กระดาดขาว 0,น.,"ชื่อไม้ล้มลุกชนิด Alocasia macrorrhizos (L.) G. Don ในวงศ์ Araceae มีหัวใต้ดิน ต้นคล้ายบอนหรือเผือกแต่ใบมีขนาดใหญ่กว่า ก้านใบตอนล่างเป็นกาบสีเขียว ทั้งต้นใช้ทำยา หัวทำให้สุกแล้วกินได้, กระดาดขาว ปึมปื้อ เผือกกะลา หรือ เผือกโทป้าด ก็เรียก."
กระดาดดำ 0,น.,ชื่อไม้ล้มลุกชนิด Xanthosoma nigrum (Vell.) Mansf. ในวงศ์ Araceae ลักษณะคล้ายกระดาด [ Alocasia macrorrhizos (L.) G. Don] ใบสีเขียวเข้มหรือม่วง โคนใบเว้าลึกคล้ายหัวลูกศร หัว ใบ และก้านกินได้.
กระดาดแดง 0,น.,ชื่อไม้ล้มลุกชนิด Alocasia indica Schott var. metallica Schott ในวงศ์ Araceae โคนใบเว้าลึกและห่างไม่มาก ก้านใบสีม่วงแดง กาบหุ้มช่อดอกด้านในสีเหลืองหรือม่วงแดง ใช้ทำยาได้.
กระดาน 0,น.,ไม้ซุงที่เลื่อยออกเป็นแผ่น ๆ
กระดาน 1,น.,ลักษณนามเรียกการแข่งขันที่เดินบนตากระดานซึ่งถึงที่สุดแล้ว เช่น เล่นหมากรุกชนะ ๒ กระดาน
กระดาน 2,น.,กระดานดำ เช่น ครูเขียนการบ้านไว้บนกระดาน
กระดาน 3,น.,โดยปริยายหมายถึงสิ่งที่มีลักษณะอย่างกระดาน.
กระดาน 4,น.,ชื่อกุ้งทะเลชนิด Thenus orientalis (Lund) ในวงศ์ Scyllaridae ขนาดยาวได้ถึง ๒๕ เซนติเมตร หัวและลำตัวหุ้มด้วยเปลือกแข็งสีนํ้าตาล ส่วนหัวและหนวดคู่ที่ ๒ แบน แพนหางแผ่ราบได้กว้าง งอพับเข้าใต้ท้องเมื่อดีดตัวถอยหลังหนีศัตรู อาศัยคืบคลานอยู่ตามพื้นทะเล พบทั่วไป มักเรียกกันว่า กั้งกระดาน.
กระดานชนวน 0,น.,แผ่นหินชนวนหน้าเรียบรูปสี่เหลี่ยมผืนผ้า เข้ากรอบไม้ ใช้เขียนด้วยดินสอหินซึ่งทำด้วยหินชนวนตัดและฝนเป็นแท่ง สำหรับฝึกเขียนหนังสือในสมัยก่อน.
กระดานชัย 0,น.,ชื่อการออกถั่วใหญ่ ๓ ครั้งแรก.
กระดานดำ 0,น.,"กระดานใหญ่ทาสีดำหรือสีเขียว ใช้ชอล์กเขียน ใช้เป็นอุปกรณ์การสอน, ภาษาปากว่า กระดาน."
กระดานโต้คลื่น 0,น.,"กระดานที่มีลักษณะแคบและยาว ใช้เล่นบนคลื่นโดยผู้เล่นยืนทรงตัวบนแผ่นกระดานแล้วให้คลื่นหนุนเคลื่อนไป. (อ. surfboard), เรียกการเล่นเช่นนั้น ว่า การเล่นกระดานโต้คลื่น."
กระดานถีบ 0,น.,แผ่นกระดานที่ใช้วางไปบนเลนแล้วนั่งถีบเพื่อเก็บหอยปู.
กระดานพน 0,น.,"ชื่อไม้ต้นผลัดใบขนาดเล็กชนิด Ceriscoides turgida (Roxb). Tirveng ในวงศ์ Rubiaceae ขึ้นในป่าเต็งรังและป่าเบญจพรรณ ต้นมีหนามห่าง ๆ เปลือกเรียบ ดอกเมื่อแรกบานสีขาว แล้วเปลี่ยนเป็นสีเหลืองอ่อน ผลคล้ายละมุดฝรั่ง แต่สุกแล้วแข็ง, กระดานพน มะกอกพราน หมุยขาว หรือ หัวโล้น ก็เรียก."
กระดานพิง 0,น.,แผ่นสำหรับรับหมอนพิงหลังเช่นใช้ที่ธรรมาสน์.
กระดานไฟ 0,น.,กระดานสำหรับนอนอยู่ไฟเมื่อคลอดบุตรแล้ว.
กระดานลื่น 0,น.,"กระดานที่ตั้งสูงทอดตํ่าลงไปด้านหนึ่ง ให้เด็กเล่นโดยนั่งไถลตัวลง, ไม้ลื่น ก็เรียก."
กระดานเลียบ 0,น.,ไม้กระดานแผ่นเดียวที่ปูไว้ด้านข้างของเรือนทรงไทยซึ่งเป็นด้านที่ก้าวลงสู่ระเบียง สำหรับนั่งหรือวางสิ่งของต่าง ๆ
กระดานเลียบ 1,น.,กราบเรือส่วนที่เป็นไม้กระดานที่ติดตรงแคมเรือจากหัวไปท้ายเรือสำหรับเดินเลาะ ๆ ไปหรือในเวลาถ่อเรือ.
กระดานหก 0,น.,เครื่องดักสัตว์อย่างหนึ่งทำด้วยไม้กระดาน หกได้
กระดานหก 1,น.,ไม้กระดก.
กระดานโหร 0,น.,กระดานสำหรับโหรหรือหมอดูใช้ลงเวลาคำนวณฤกษ์ยาม วางลัคนา เพื่อการพยากรณ์เป็นต้น.
กระดาษ 0,น.,วัตถุเป็นแผ่นบาง ๆ โดยมากทำจากใยเปลือกไม้ ฟาง หญ้า หรือ เศษผ้า เป็นต้น ใช้เขียนหรือพิมพ์หนังสือหรือห่อของและอื่น ๆ.
กระดาษก๊อบปี้ 0,น.,กระดาษที่ใช้สำหรับทำสำเนา.
กระดาษแก้ว 0,น.,กระดาษที่มีเนื้อใส.
กระดาษข่อย 0,น.,กระดาษที่ทำจากเปลือกข่อย ใช้ทำสมุดไทย.
กระดาษไข 0,น.,กระดาษอาบไขที่ใช้ในการทำแบบ ลวดลาย หรือพิมพ์อัดสำเนาแม่พิมพ์ในการพิมพ์โดยเครื่องอัดสำเนา.
กระดาษเงินกระดาษทอง 0,น.,กระดาษที่ด้านหนึ่งมีสีเงินสีทองคนจีนใช้เผาไฟในพิธีไหว้เจ้าเป็นต้น.
กระดาษชำระ 0,น.,กระดาษม้วนเป็นต้น สำหรับใช้ในห้องส้วม.
กระดาษซับ 0,น.,กระดาษที่ทำเนื้อยุ่ย ๆ สำหรับซับหมึกหรือน้ำ.
กระดาษทราย 0,น.,กระดาษที่มีด้านหนึ่งเป็นเม็ด ๆ อย่างทราย ใช้สำหรับขัดไม้ เป็นต้น.
กระดาษเทศ 0,น.,ตาดเทศ เช่น อันทำด้วยกระดาษเทศทอพราย (ม. คำหลวง นครกัณฑ์).
กระดาษเพลา 0,น.,กระดาษสาชนิดบาง โบราณใช้ร่างหนังสือด้วยดินสอดำหรือใช้ประโยชน์อย่างอื่น เช่น ใช้ปิดหุ่นหัวโขนและหุ่นอื่น ๆ.
กระดาษฟาง 0,น.,กระดาษที่ทำจากฟางข้าว เนื้อบางฟ่าม.
กระดาษว่าว 0,น.,กระดาษที่ใช้ทำว่าว เป็นกระดาษที่เหนียวและไม่โปร่ง ลมรั่วไม่ได้ เดิมใช้กระดาษที่สั่งมาจากเมืองจีน ต่อมาใช้กระดาษจากญี่ปุ่น.
กระดาษสา 0,น.,กระดาษที่ทำจากเปลือกต้นกระสา ใช้ทำร่มเป็นต้น.
กระดำกระด่าง 0,ว.,"ดำ ๆ ด่าง ๆ, สีไม่เสมอกัน."
กระดิก 0,ก.,"ไหว, ทำปลายอวัยวะเช่นมือหรือเท้าให้ไหว."
กระดิกกระเดี้ย 0,ก.,"ไหวน้อย ๆ, พอไหวได้บ้าง."
กระดิกหู 0,ก.,ขยับใบหูแสดงอาการตั้งใจฟัง ใช้แก่สุนัข เช่น พอมีเสียงอะไรแกรกกราก เจ้าตูบจะยืดคอกระดิกหูฟัง
กระดิกหู 1,ก.,"เข้าใจดี, รู้เรื่องดี, ใช้กับการเรียนรู้ภาษาต่างประเทศ, (มักใช้ในความปฏิเสธ) เช่น ภาษาอังกฤษฉันกระดิกหูเสียที่ไหนถึงจะให้ไปทำงานบ้านฝรั่ง."
กระดิ่ง 0,น.,"เครื่องทำเสียงสัญญาณทำด้วยโลหะ มีรูปคล้ายระฆัง แต่ขนาดเล็กกว่า มีตุ้มเล็ก ๆ อยู่ข้างใน สำหรับทำให้เกิดเสียง, โดยปริยายหมายถึงสิ่งที่มีลักษณะคล้ายคลึงเช่นนั้น เช่น กระดิ่งจักรยาน."
กระดิ่งทอง 0,น.,"ชื่อแมลงพวกด้วงชนิด Martianus dermestoides Chevrolat ในวงศ์ Tenebrionidae ลำตัวยาว ๖-๗ มิลลิเมตร กว้าง ๒-๓ มิลลิเมตร สีน้ำตาลเกือบดำตลอดทั้งลำตัว ขา และปีก กินของแห้งทั้งพืชและสัตว์โดยเฉพาะเมล็ดบัว นิยมนำมาเลี้ยงด้วยเมล็ดบัวแห้ง หัวข้าวเย็นเหนือ หัวข้าวเย็นใต้ โดยเชื่อว่าเมื่อนำมารับประทานจะช่วยกระตุ้นความรู้สึกทางเพศ, ม่าเหมี่ยว ก็เรียก."
กระดิบ 0,ก.,"อาการที่คืบไปทีละน้อย เช่น ค่อย ๆ กระดิบไป ว่ายนํ้ากระดิบ ๆ หนอนกระดิบ ๆ ไป, นิยมใช้เข้าคู่กับคำ กระดุบ เป็น กระดุบกระดิบ."
กระดิบ ๆ 0,ก.,"อาการที่คืบไปทีละน้อย เช่น ค่อย ๆ กระดิบไป ว่ายนํ้ากระดิบ ๆ หนอนกระดิบ ๆ ไป, นิยมใช้เข้าคู่กับคำ กระดุบ เป็น กระดุบกระดิบ."
กระดี่ 0,น.,"ชื่อปลานํ้าจืดในสกุล Trichogaster วงศ์ Belontiidae เช่นเดียวกับปลาสลิดแต่มีขนาดเล็กกว่า ครีบท้องยาวยื่นเป็นเส้น มี ๓ ชนิด คือ กระดี่หม้อ [ T. trichopterus (Pallas)] ข้างตัวมีลายหลายเส้นพาดขวาง มีจุดดำที่กลางลำตัวและคอดหางแห่งละ ๑ จุด ขนาดยาวได้ถึง ๑๕ เซนติเมตร, สลาก หรือ สลาง ก็เรียก, กระดี่นาง [ T. microlepis (Günther)] สีขาวนวล และ กระดี่นางฟ้าหรือกระดี่มุก [ T. leeri (Bleeker)] พบเลี้ยงกันเป็นปลาสวยงาม, บางท้องถิ่นในแถบอีสานเรียก กระเดิด."
กระดี่ 1,น.,ชื่อกบชนิดหนึ่งสำหรับไสไม้ให้เป็นร่อง เรียกว่า กบกระดี่.
กระดี่ 2,น.,ชื่อหม้อดินเผาขนาดใหญ่ ปากกว้าง มีขีดเป็นรอยโดยรอบ ใช้เป็นหม้อแกง เรียกว่า หม้อกระดี่.
กระดี่ 3,ก.,เคลื่อนย้ายวัตถุที่มีน้ำหนักมากซึ่งเคลื่อนย้ายยาก เช่นเสา เสาเข็ม หรืออื่น ๆ วิธีคือนำไม้หรือวัตถุอื่นที่มีความยาวและแข็งแรงพอ มาปักลงบนพื้นให้ปลายไม้ล้ำเข้าไปใต้วัตถุด้านตรงข้ามกับทิศทางที่ต้องการจะเคลื่อนย้าย แล้วงัดวัตถุนั้นให้เคลื่อนที่.
กระดี๊กระด๊า 0,ก.,"ระริกระรี้, ตื่นเต้นแสดงความสนใจเพศตรงข้าม, เช่น พอเห็นหนุ่มหล่อ ๆ มาร่วมงาน สาว ๆ ก็กระดี๊กระด๊ากันเป็นแถว, แสดงท่าทางอย่างเห็นได้ชัดว่าดีใจหรือพอใจมาก เช่น แค่รู้ว่าผู้ชายจะมาสู่ขอลูกสาว ว่าที่แม่ยายก็กระดี๊กระด๊าจนเก็บอาการไม่อยู่, ตื่นเต้นแสดงความดีใจจนเกินงาม เช่น พอรู้ว่าหัวหน้าจะพาไปเที่ยวทะเลก็กระดี๊กระด๊ากันไปทั้งแผนก,กะดี๊กะด๊า หรือ ดี๊ด๊า ก็ว่า."
กระดี้กระเดียม 0,ก.,รู้สึกจักจี้.
กระดีด 0,น.,อุปกรณ์ทำด้วยกระ ไม้ โลหะ หรือวัสดุสังเคราะห์ ใช้สำหรับดีดสายของเครื่องดนตรี เช่น กีตาร์ แบนโจ.
กระดี่ได้น้ำ 0,น.,ใช้เปรียบเทียบคนที่แสดงอาการดีอกดีใจตื่นเต้นจนตัวสั่น เช่น เขาดีใจเหมือนกระดี่ได้น้ำ.
กระดึง 0,น.,"ระฆังเล็ก ๆ ทำด้วยโลหะ ที่ปลายตุ้มมีใบพานซึ่งนิยมทำเป็นรูปใบโพ เมื่อลมพัดปลายตุ้มจะกระทบตัวกระดึงทำให้เกิดเสียง ใช้แขวนที่ชายคาโบสถ์และวิหารเป็นต้น, เครื่องโลหะหรือเครื่องไม้มักมีรูปคล้ายกระดิ่ง มีลูกกระทบแขวนอยู่ภายในหรือห้อยกระหนาบอยู่ภายนอก เพื่อให้เกิดเสียงดัง มักใช้แขวนคอสัตว์เช่นวัวควาย."
กระดึงช้างเผือก 0,น.,"ชื่อไม้เถาเนื้ออ่อนชนิด Trichosanthes tricuspidata Lour. ในวงศ์ Cucurbitaceae เถาเป็นเหลี่ยม มีมือเกาะแยกเป็น ๓ แฉก ใบใหญ่มน บางทีเป็น ๕ เหลี่ยม กลีบเลี้ยงสีแดง กลีบดอกสีขาวหรือขาวอมชมพู ผลกลมใหญ่ขนาดผลส้ม สุกสีแดง เมล็ดเป็นพิษเบื่อเมา, กระดึงช้างเผือก ก็เรียก."
กระดึงพระราม 0,น.,"ชื่อไม้เถาล้มลุกชนิด Nepenthes mirabilis (Lour.) Druce ในวงศ์ Nepenthaceae ชอบขึ้นตามพงหญ้าบนดินทรายที่ชุ่มแฉะ ปลายใบเปลี่ยนเป็นรูปคล้ายกระบอก มีฝาปิด ใช้ดักจับแมลง, กระดึงพระราม แล่งพระราม เหนงนายพราน หรือ ลึงค์นายพราน ก็เรียก."
กระดืบ 0,ก.,อาการที่ค่อย ๆ คืบไปอย่างหนอน.
กระดุ 0,น.,การตีหม้อด้วยหินดุให้เข้ารูป.
กระดุกกระดิก 0,ก.,"อาการที่ขยับไปขยับมาไม่อยู่นิ่ง, ดุกดิก ก็ว่า."
กระดุ้งกระดิ้ง 0,ว.,อาการที่ทำท่าทางสะบัดสะบิ้งดีดดิ้น (โดยมากใช้แก่ผู้หญิง).
กระดุบ ๆ 0,ว.,"อาการที่ชีพจรเป็นต้นเต้นเป็นระยะ ๆ เช่น หัวใจเต้นกระดุบ ๆ, ดุบ ๆ หรือ ตุบ ๆ ก็ว่า"
กระดุบ ๆ 1,ว.,อาการที่เคลื่อนไหวอย่างเด็กคลาน.
กระดุบกระดิบ 0,ว.,อาการที่เคลื่อนไหวน้อย ๆ.
กระดุม 0,น.,"เครื่องกลัดส่วนต่าง ๆ ของเสื้อผ้าไม่ให้แยกออกจากกัน ทำเป็นรูปต่าง ๆ มักมีรังดุมสำหรับขัด, ดุม ลูกดุม หรือ ลูกกระดุม ก็เรียก."
กระดูก 0,น.,"โครงร่างกายมีลักษณะแข็ง, ส่วนใดส่วนหนึ่งของโครงร่างกาย"
กระดูก 1,น.,เรียกผลไม้ที่มีเนื้อน้อยเช่นมะปราง ว่า มะปรางกระดูก.
กระดูก 2,น.,ชื่อโกฐชนิดหนึ่ง เรียกว่า โกฐกระดูก. (ดู โกฐกระดูก ที่ โกฐ).
กระดูก 3,ว.,ขี้เหนียวอย่างไม่ยอมให้อะไรแก่ใครง่าย ๆ เช่น เจ้านายคนนี้กระดูกจริง ๆ ดินสอแท่งเดียวก็ไม่ยอมให้เบิก.
กระดูกกบ 0,น.,"ชื่อไม้พุ่มรอเลื้อยชนิด Hymenopyramis brachiata Wall. ex Schauer ในวงศ์ Labiatae กิ่งอ่อนสี่เหลี่ยม ใบออกตรงข้ามกัน ดอกเล็กสีขาวออกเป็นช่อตรงปลายกิ่ง ผลกลมมีกระเปาะหุ้ม, กระพัดแม่ม่าย ก็เรียก."
กระดูกไก่ดำ 0,น.,"ชื่อไม้พุ่ม ๒ ชนิดในสกุล Justicia วงศ์ Acanthaceae ได้แก่ชนิด J. gendarussa Burm. f. ใบยาวรี ออกตรงข้ามกัน ลำต้น กิ่ง ก้านใบ และเส้นกลางใบสีม่วงดำ ใช้ทำยาได้, กระดูกดำ เฉียงพร้ามอญ หรือ สันพร้ามอญ ก็เรียก และชนิด J. grossa C. B. Clarke ดอกสีขาวอมเขียว ฝักยาว เปลือกแข็งและมีขน ผลแก่แตกตามยาว."
กระดูกขัดมัน 0,ว.,ขี้เหนียวมากอย่างไม่ยอมให้อะไรแก่ใครง่าย ๆ เช่น แม่ค้าคนนี้กระดูกขัดมันเหลือเกิน เราซื้อผลไม้แกตั้งร้อยกว่าบาทขอแถมเงาะลูกหนึ่งก็ไม่ได้
กระดูกขัดมัน 1,ว.,ให้คะแนนยาก เช่นอาจารย์คนนี้กระดูกขัดมันชะมัดออกข้อสอบก็ยากแล้วยังขี้เหนียวคะแนนอีก.
กระดูกเขียด 0,น.,"ชนิด D. lanceolatum (Dunn) Schindl. ขึ้นตามป่าผลัดใบที่มีต้นไผ่ สูงประมาณ ๑ เมตร ใบรูปไข่กลับ โคนใบสอบ, กระดูกเขียด แกลบหนู แกลบหูหนู แปรงหูหนู หรือ อึ่งใหญ่ ก็เรียก"
กระดูกแข็ง 0,ว.,ไม่ตายง่าย ๆ.
กระดูกค่าง 0,น.,"ชื่อไม้ต้นชนิด Diospyros undulata Wall. ex G. Don var. cratericalyx (Craib) Bakh. ในวงศ์ Ebenaceae ขึ้นในป่าดิบ มีมากทางภาคใต้ สูงได้ถึง ๒๐ เมตร ไม่ผลัดใบ, จะเพลิง ชะเพลิง คำดีควาย ดูกค่าง ตะโกดำ พลับเขา ไหม้ หม้าย หรือ สะลาง ก็เรียก."
กระดูกงู 0,น.,ตัวไม้หรือเหล็กที่ทอดตลอดลำเรือสำหรับตั้งกง.
กระดูกดำ 0,น.,ส่วนในของกระดูกที่เผาแล้ว มีสีดำ
กระดูกดำ 1,น.,ส่วนที่ลึกที่สุด เช่น โดนกระทำด้วยยาเข้ากระดูกดำ.
กระดูกดำ 2,น.,"ชื่อไม้พุ่ม ๒ ชนิดในสกุล Justicia วงศ์ Acanthaceae ได้แก่ชนิด J. gendarussa Burm. f. ใบยาวรี ออกตรงข้ามกัน ลำต้น กิ่ง ก้านใบ และเส้นกลางใบสีม่วงดำ ใช้ทำยาได้, กระดูกดำ เฉียงพร้ามอญ หรือ สันพร้ามอญ ก็เรียก และชนิด J. grossa C. B. Clarke ดอกสีขาวอมเขียว ฝักยาว เปลือกแข็งและมีขน ผลแก่แตกตามยาว."
กระดูกแทบออกนอกเนื้อ 0,ว.,เหนื่อยยากแสนสาหัส เช่น กว่าจะทำสำเร็จกระดูกแทบออกนอกเนื้อ.
กระดูกร้องได้ 0,น.,ผลสะท้อนของฆาตกรรมที่ทำให้จับตัวผู้กระทำผิดมาลงโทษได้ คล้ายกับว่ากระดูกของผู้ตายร้องบอก.
กระดูกสันหลัง 0,น.,"กระดูกที่อยู่ในแนวกึ่งกลางทางด้านหลังของลำตัว เป็นแกนของร่างกาย มีลักษณะเป็นข้อ ๆ ต่อกันเป็นแนวตั้งแต่บริเวณคอต่อจนถึงบริเวณด้านหลังของทวารหนัก ทำหน้าที่ป้องกันอันตรายให้แก่ไขสันหลัง, โดยปริยายหมายถึงส่วนที่สำคัญ, ส่วนที่เป็นพลังคํ้าจุน, เช่น ชาวนาเป็นกระดูกสันหลังของชาติ."
กระดูกเหล็ก 0,ก.,แข็งแรงไม่บาดเจ็บง่าย เช่น หมอนี่กระดูกเหล็ก ตกบันได ๑๐ ขั้นยังไม่เป็นอะไร
กระดูกเหล็ก 1,ก.,ไม่ตายง่าย ๆ เช่น เขาเป็นสารวัตรกระดูกเหล็ก ผ่านการต่อสู้กับผู้ร้ายมาโชกโชน.
กระดูกอ่อน 0,ว.,ที่ยังไม่มีความจัดเจนในการต่อสู้ เช่น นักมวยคนนี้กระดูกอ่อน ขึ้นชกครั้งแรกก็แพ้เขาแล้ว.
กระดูกอึ่ง 0,น.,"ชื่อไม้พุ่ม ๓ ชนิดในสกุล Dendrolobium และ Dicerma วงศ์ Leguminosae คือ ชนิด D. triangulare (Retz.) Schindl. มักขึ้นในที่โล่งตํ่าซึ่งชุ่มแฉะในฤดูฝน ฝักเล็กแบนคอดกิ่วเป็นข้อ ๆ ใช้ทำยาได้, ขมิ้นนาง ขมิ้นลิง ลูกประคำผี หน้านวล เหนียวหมา หรือ อีเหนียว ก็เรียก, ชนิด D. lanceolatum (Dunn) Schindl. ขึ้นตามป่าผลัดใบที่มีต้นไผ่ สูงประมาณ ๑ เมตร ใบรูปไข่กลับ โคนใบสอบ, กระดูกเขียด แกลบหนู แกลบหูหนู แปรงหูหนู หรือ อึ่งใหญ่ ก็เรียก, และชนิด Dicerma biarticulatum (L.) DC. ชอบขึ้นตามไหล่ทางที่ตัดผ่านทุ่งนา สูงประมาณ ๑ เมตร ใบเล็กคล้ายใบมะขาม ดอกสีม่วง."
กระเด้ง 0,ก.,"ดีดหรือดันขึ้นเมื่อถูกกดหรือถูกบีบเป็นต้น, กระดอนขึ้น"
กระเด้ง 1,ก.,ถูกโยกย้ายออกจากตำแหน่งเดิมอย่างผิดปรกติ
กระเด้ง 2,ก.,เด้ง ก็ว่า.
กระเด็น 0,ก.,เคลื่อนจากที่เดิมหรือแตกแยกจากที่เดิมออกไปโดยเร็วเพราะกระทบสิ่งใดสิ่งหนึ่งโดยแรง.
กระเด้า 0,ก.,"ทำก้นขึ้น ๆ ลง ๆ, เด้า ก็ว่า."
กระเด้าดิน 0,ก.,"ชื่อนกขนาดเล็กหลายชนิดในวงศ์ Motacillidae ปากแหลม ลำตัวสีนํ้าตาลลายดำ ขาเรียวค่อนข้างยาว กินแมลง ในประเทศไทยมี ๖ ชนิด เช่น เด้าดินสวน ( Anthus hodgsoniIRichmond) เด้าดินทุ่ง [ A. novaeseelandiae (Gmelin)] เด้าดินอกแดง [ A. cervinus (Pallas)], กระเด้าดิน ก็เรียก."
กระเด้าลม 0,ก.,"ชื่อนกขนาดเล็กหลายชนิด วงศ์ย่อย Motacillinae ในวงศ์ Motacillidae ตัวเรียวเล็ก หางค่อนข้างยาว มักกระดกหางขึ้น ๆ ลง ๆ พร้อมกับโคลงหัวไปมาเวลาเดิน กินแมลง เช่น เด้าลมหลังเทา ( Motacilla cinerea Tunstall) เด้าลมเหลือง ( M. flava Linn.) เด้าลมดง [ Dendroanthus indicus (Gmelin)], กระเด้าลม ก็เรียก."
กระเดาะ 0,ก.,"โยนสิ่งของขึ้นแล้วเอาไม้ มือ หรือเท้ารับทำให้สะท้อนขึ้น, เดาะ ก็ว่า."
กระเดาะปาก 0,ก.,"ทำให้เกิดเสียงดังด้วยการใช้ลิ้นดันเพดานปากเป็นต้น แล้วสลัดลงอย่างเร็วพร้อมอ้าปาก เพื่อแสดงความสบอารมณ์หรือสร้างความสนใจเป็นต้น, เดาะปาก ก็ว่า."
กระเดิด 0,น.,ปลากระดี่. (ดู กระดี่ ๑).
กระเดิด 1,ก.,"ลงกันไม่สนิท, กระดกสูงกว่าพื้น, เช่น กระดานกระเดิด."
กระเดิด 2,ว.,ไม่เรียบร้อยถูกต้องตามขนบนิยม เช่น ไหว้กระเดิด ๆ.
กระเดิด ๆ 0,ก.,"ลงกันไม่สนิท, กระดกสูงกว่าพื้น, เช่น กระดานกระเดิด."
กระเดิด ๆ 1,ว.,ไม่เรียบร้อยถูกต้องตามขนบนิยม เช่น ไหว้กระเดิด ๆ.
กระเดียด 0,ก.,เอาเข้าข้างสะเอว เช่น กระเดียดกระจาด.
กระเดียด 1,ว.,"ค่อนข้าง, คล้าย, หนักไปทาง, เช่น กระเดียดเปรี้ยว หน้าตากระเดียดไปทางแม่."
กระเดือก 0,น.,ส่วนของกล่องเสียง มีลักษณะโปนออกมากลางลำคอเหนือท่อลม เห็นได้ชัดในผู้ชายเรียกว่า ลูกกระเดือก.
กระเดือก 1,ก.,กลืนอย่างลำบาก เช่น กระเดือกไม่ลงคอ เต็มกระเดือก.
กระเดือก ๆ 0,ว.,กระเสือกกระสนไปด้วยความลำบาก เช่น ว่ายน้ำกระเดือก ๆ.
กระเดื่อง 0,น.,อุปกรณ์ชนิดหนึ่ง เป็นไม้ท่อนยาว ปลายด้านหัวมีสากสำหรับตำข้าว ปลายด้านหางทำเป็นที่เหยียบ เจาะรูที่ด้านข้างเยื้องไปทางปลายด้านหาง และมีไม้เป็นแกนสอดตรึงติดกับเสาหรือหลักให้หมุนได้ เมื่อเหยียบที่ข้างหางและกดลง หัวจะกระดกขึ้น เมื่อปล่อยเท้าหัวก็จะกระแทกลง
กระเดื่อง 1,น.,เรียกเครื่องจักรนาฬิกาชิ้นหนึ่ง มีลักษณะคล้ายคลึงเช่นนั้น ว่า กระเดื่อง.
กระเดื่อง 2,ว.,"สูงขึ้น, โด่งดัง, ใช้ประกอบลักษณะของคุณงามความดี เช่น ชื่อเสียงกระเดื่อง"
กระเดื่อง 3,ว.,"แข็ง, กระด้าง, เช่น ยามเมื่อเจ้าเยื้องยุรยาตร ก็มิได้ย่างลงเหยียบดินกระเดื่องใด (ม. ร่ายยาว กุมาร), นิยมใช้เข้าคู่กับคำ กระด้าง เป็น กระด้างกระเดื่อง."
กระเดื่อง 4,ก.,"แหนง, หมาง, เช่น จะกระเดื่องใจเมื่อไปถึง (ขุนช้างขุนแผน)"
กระเดื่อง 5,ก.,"กระดาก เช่น ไป่กระเดื่องสะดุ้ง ฟูมฟาย (นิทราชาคริต), นิยมใช้เข้าคู่กันเป็น กระดากกระเดื่อง."
กระแด๊ก ๆ 0,ว.,"อาการที่ดิ้นอยู่กับที่ เช่น ดิ้นกระแด็ก ๆ ชักกระแด็ก ๆ ติดกระแด๊ก ๆ, แด็ก ๆ หรือ แด๊ก ๆ ก็ว่า."
กระแด็ก ๆ 0,ว.,"อาการที่ดิ้นอยู่กับที่ เช่น ดิ้นกระแด็ก ๆ ชักกระแด็ก ๆ ติดกระแด๊ก ๆ, แด็ก ๆ หรือ แด๊ก ๆ ก็ว่า."
กระแด้ง 0,น.,เรียกชายหรือหญิงที่เป็นหมันว่า พ่อกระแด้ง แม่กระแด้ง.
กระแด้ง 1,ว.,คดไปมา.
กระแด้แร่ 0,ว.,"กระแดะ, ดัดจริต, เช่น อย่าทำดื้อกระแด้แร่เลยแม่เอ๋ย (มณีพิชัย)."
กระแด่ว ๆ 0,ว.,"อาการที่ดิ้นอย่างทุรนทุรายแต่หาทางไปไม่ได้ ในคำว่า ดิ้นกระแด่ว ๆ, แด่ว ๆ ก็ว่า."
กระแดะ 0,ก.,"ดัดจริต, ทำในสิ่งที่ไม่น่าทำ."
กระแดะกระแด๋ 0,ก.,"ดัดจริตดีดดิ้น, แดะแด๋ ก็ว่า."
กระโดก 0,ว.,อาการที่ของลอยในน้ำเช่นเรือโอนไปโอนมาหรือยกขึ้นยกลง เนื่องจากแรงกระเพื่อมของน้ำ เช่น เรือกระโดกเพราะถูกคลื่นซัด.
กระโดกกระเดก 0,ว.,มีกิริยามารยาทไม่เรียบร้อย.
กระโดกกระเดก 1,ก.,"โยกเยก, ยวบขึ้นยวบ ลง, โดกเดก ก็ว่า."
กระโดง 0,น.,ใบเรือ เช่น เสากระโดง คือ เสาใบเรือ
กระโดง 1,น.,ส่วนที่อยู่บนหลังปลาบางชนิด เช่น ปลากัด ปลาฉลาม มีลักษณะเป็นแผ่นตั้งคล้ายใบเรือ.
กระโดง 2,น.,กิ่งไม้ที่แตกออกตรงขึ้นไปจากกิ่งใหญ่
กระโดง 3,น.,"ลำน้ำขนาดเล็กที่ขุดจากลำน้ำขนาดใหญ่เพื่อชักน้ำเข้านาเข้าสวน เรียกว่า ลำกระโดง, ลำประโดง ก็ว่า."
กระโดงคาง 0,น.,ปลายคาง.
กระโดงแดง 0,น.,"ชื่อไม้ต้นขนาดใหญ่ชนิด Bhesa robusta (Roxb.) Ding Hou ในวงศ์ Celastraceae ลำต้นแดงคลํ้า ใบยาวปลายแหลม เลื่อมเป็นมัน, ประดงแดง กระบกคาย ชมัน ละโมก หรือ พรมคด ก็เรียก."
กระโดงแดง 1,น.,"ชื่อไม้ต้นขนาดกลางชนิด Chionanthus microstigma (Gagnep.) P. S. Green ในวงศ์ Oleaceae ใบยาวรี หนาแข็ง ปลายใบแหลม ออกตรงข้ามกัน เมื่อแห้งหมาดใช้มวนบุหรี่ได้ มีกลิ่นหอมฉุน, ประดงแดง หรือ ฝิ่นต้น ก็เรียก"
กระโดด 0,ก.,"ใช้กำลังเท้าดันพื้นให้ตัวลอยสูงขึ้นหรือเคลื่อนจากที่เดิม เช่น กระโดดสูง ดีใจกระโดดจนตัวลอย, ภาษาปากว่า โดด, โดยปริยายหมายถึงอาการที่คล้ายคลึงเช่นนั้น เช่น ปลากระโดด ตัวพิมพ์กระโดด."
กระโดดร่ม 0,ก.,"กระโดดออกจากอากาศยานในขณะอยู่ในอากาศเพื่อลงสู่พื้นดินโดยอาศัยร่มชูชีพ, โดดร่ม ก็ว่า."
กระโดดโลดเต้น 0,ก.,อาการที่กระโดดขึ้นลงหลาย ๆ ครั้งเพราะความดีใจเป็นต้น.
กระโดน 0,น.,"ชื่อไม้ต้นชนิด Careya sphaerica Roxb. ในวงศ์ Lecythidaceae ชอบขึ้นในป่าเบญจพรรณที่ชุ่มชื้น ดอกมีเกสรเพศผู้จำนวนมากเป็นพู่คล้ายดอกชมพู่ ขาว หอม ดอกบานเต็มที่กว้าง ๕-๘ เซนติเมตร ผลค่อนข้างกลม ใบอ่อนใช้เป็นผัก เปลือกใช้เบื่อปลาหรือทุบเป็นแผ่นปูหลังช้าง, โดน จิก ปุย ปุยกระโดน ปุยขาว หรือ ผ้าฮาด ก็เรียก."
กระโดนดิน 0,น.,"ชื่อไม้พุ่มเตี้ยชนิด Careya herbacea Roxb. ในวงศ์ Lecythidaceae ชอบขึ้นตามที่ลุ่มดินทราย ลักษณะทั่วไปคล้ายกระโดน สูงไม่เกิน ๑ เมตร ผลมีขนาดย่อมกว่า, กระโดนเบี้ย ก็เรียก."
กระใด 0,ว.,"กระไร, อะไร, ทำไม, เช่น ผู้แกล้วกระใดรณภู (สมุทรโฆษ)."
กระได 0,น.,"สิ่งที่ทำเป็นขั้น ๆ สำหรับก้าวขึ้นลง, บันได ก็ว่า."
กระไดแก้ว 0,น.,ชั้นสำหรับวางพาดสิ่งของเช่นใบลานหรืออาวุธเป็นต้น.
กระไดลิง 0,น.,"บันไดเชือกที่ยึดเฉพาะส่วนบนไว้ เมื่อจะใช้จึงปล่อยลงมา ใช้ไต่ขึ้นลง, บันไดลิง ก็ว่า., ดูใน กระได."
กระไดลิง 1,น.,"ชื่อไม้เถาเนื้อแข็งชนิด Bauhinia scandens L. var. horsfieldii (Miq.) K. Larson et S.S. Larsen ในวงศ์ Leguminosae ขึ้นในป่าดิบแล้ง ป่าเบญจพรรณที่ชุ่มชื้นทั่วไป และตามริมแม่นํ้าลำคลอง เถาแบนยาว งอกลับไปกลับมาคล้ายขั้นบันได ดอกเล็ก สีขาว ออกเป็นช่อที่ปลายกิ่ง เปลือกเหนียวใช้แทนเชือก เถาใช้ทำยาได้, กระไดวอก มะลืมดำ บันไดลิง หรือ ลางลิง ก็เรียก."
กระตรกกระตรำ 0,ก.,ตรากตรำ เช่น หาเลี้ยงและโดยสฤษฎิตน กระตรกกระตรำก็นำพา (กล่อมพญาช้าง).
กระตร้อ 0,ก.,"เครื่องดับไฟสานเป็นรูปรีคล้ายปลีกล้วย พันผ้าชุบนํ้า มีด้ามยาว สำหรับดับและคลึงลูกไฟที่มาติดหลังคา บางทีเขียนเป็น กระตร้อ ก็มี เช่น ให้ตรวจเอาพร้าขอกระตร้อน้ำ จงทุกที่พนักงานให้สรัพไว้ (สามดวง), กะต้อ ก็เรียก."
กระตรับ 0,ก.,"ชื่อปลานํ้าจืดชนิด Pristolepis fasciata (Bleeker) ในวงศ์ Pristolepidae พบทั่วไป รูปร่างคล้ายปลาหมอ หรือ ปลาเสือ แต่แบนข้างและกว้างกว่า ข้างตัวมีลายคลํ้าหลายลายพาดขวาง ขนาดยาวได้ถึง ๒๐ เซนติเมตร, ช้างเหยียบ หมอโค้ว กระตรับ ตะกรับ หน้านวล ก๋า หรือ อีก๋า ก็เรียก."
กระตราก 0,ก.,"ล่ามโซ่, ทุกข์ทรมานในคุก."
กระตรุด 0,น.,"ตะกรุด, กะตรุด หรือ กะตุด ก็ว่า."
กระตรุม 0,น.,นกตะกรุม เช่น เขาคุ่มกระตรุมกระไตร ตระไนนี่สนั่นเสียง (สรรพสิทธิ์).
กระต้วมกระเตี้ยม 0,ว.,"อาการที่ค่อย ๆ เคลื่อนไหวหรือเคลื่อนไหวอย่างช้า ๆ (ใช้แก่กิริยาเดินหรือคลาน), โดยปริยายหมายความว่า ชักช้า เช่น เธอมัวแต่กระต้วมกระเตี้ยมอยู่นั่นแหละ เดี๋ยวก็ไม่ทันรถไฟหรอก, ต้วมเตี้ยม ก็ว่า, ใช้ว่า กระด้วมกระเดี้ยม ก็มี."
กระต้อ 0,น.,ชื่อนกชนิดหนึ่ง เช่น กระต้อพลอดกิ่งพลับ (เพชรมงกุฎ).
กระต่องกระแต่ง 0,ว.,"อาการที่แขวนหรือห้อยแกว่งไปแกว่งมา, ต่องแต่ง ก็ว่า."
กระต๊อบ 0,น.,กระท่อมเล็ก ๆ.
กระต้อยตีวิด 0,น.,"ชื่อนกขนาดเล็กชนิด Vanellus indicus (Boddaert) วงศ์ย่อย Charadriinae ในวงศ์ Charadriidae ปากยาว หัวสีดำ ขนบริเวณหูสีขาว มีติ่งเนื้อสีแดงพาดระหว่างตาผ่านหน้าผาก ขายาวสีเหลือง วางไข่ในแอ่งตื้น ๆ บนพื้นดิน กินแมลงและสัตว์ขนาดเล็ก ร้องเสียงแตแต้แว้ด, กระต้อยตีวิด ต้อยตีวิด หรือ แต้แว้ด ก็เรียก."
กระตัก 0,น.,ประตัก คือ ไม้ที่ฝังเหล็กแหลมข้างปลาย ใช้แทงสัตว์พาหนะเช่นวัว เช่น ด่าตีกันด้วยเคียวไม้กระตัก (ลักษณะธรรมนูญ).
กระตั้ว 0,น.,ชื่อนกปากขอหลายชนิดหลายสกุล ในวงศ์ Psittacidae ลักษณะคล้ายนกแก้วแต่ตัวโตกว่า พบในทวีปออสเตรเลียและบริเวณใกล้เคียง เช่น กระตั้วหงอนเหลือง [ Cacatua galerita (Latham)] กระตั้วดำ [ Probosciger aterrimus (Gmelin)] .
กระตั้วแทงเสือ 0,น.,"ชื่อการเล่นชนิดหนึ่งของชาวบ้าน ประกอบขบวนแห่ทั่วไป, บางทีเรียก บ้องตันแทงเสือ."
กระต่าย 0,น.,ชื่อสัตว์เลี้ยงลูกด้วยนมในวงศ์ Leporidae หูและขนยาว ในประเทศไทยมีเพียงชนิดเดียวที่อาศัยอยู่ในป่า คือ กระต่ายป่า ชนิด Lepus peguensis Blyth ขนสีนํ้าตาล ใต้หางสีขาว อาศัยอยู่ในโพรงดินเหมือนกระต่ายต่างประเทศ ที่นำมาเลี้ยงตามบ้านซึ่งมีหลายชนิดและหลายสี เช่น ชนิด Oryctolagus cuniculus (Linn).
กระต่าย 1,น.,เครื่องมือสำหรับขูดมะพร้าวที่ยังไม่ได้กะเทาะกะลาออก.
กระต่ายแก่แม่ปลาช่อน 0,น.,"หญิงค่อนข้างมีอายุที่มีมารยาและเล่ห์เหลี่ยมมาก และมีกิริยาจัดจ้าน, เดิมพูดว่า กระต่ายแก่แม่ปลาช่อน."
กระต่ายขาเดียว 0,น.,"ยืนกรานไม่ยอมรับ, กระต่ายขาเดียว ก็ว่า."
กระต่ายขูด 0,น.,"ชื่อปลาทะเลทุกชนิดในสกุล Pomadasysวงศ์ Haemulidae หรือ Pomadasyidae โดยเฉพาะชนิด P. maculatus (Bloch) ลำตัวป้อม แบนข้าง เกล็ดเป็นแบบเกล็ดหนาม บริเวณใต้คางมีรู ๒ รู ลำตัวสีเงิน ใกล้แนวสันหลังมีสีน้ำตาลอ่อนและมีแต้มสีน้ำตาลเข้มกระจายอยู่ตอนบนของลำตัว ปลาในสกุลนี้ทั้งขณะอยู่ในน้ำและเมื่อขึ้นพ้นน้ำจะทำเสียงได้จากการขบฟันที่บริเวณคอรวมทั้งการหดและขยายตัวของถุงลมและกล้ามเนื้อ โดยถุงลมยังทำให้เสียงก้องขึ้นอีกด้วย ขนาดยาวได้ถึง ๕๐ เซนติเมตร, มโหรี กระต่ายขูด กะทิขูด หรือ หัวขวาน ก็เรียก."
กระต่ายจันทร์ 0,น.,"ชื่อไม้ล้มลุกชนิด Centipeda minima (L.) A. Braun et Asch. ในวงศ์ Compositae ขึ้นตามพื้นที่ลุ่มตํ่า แฉะ ต้นเตี้ยติดดินคล้ายต้นผักเบี้ย ใบเล็กเว้าข้างทั้ง ๒ ด้าน ปลายใบแหลมคล้ายสามง่าม ใบมีกลิ่นเหม็น ใช้ทำยาได้ แต่เป็นพิษต่อปศุสัตว์, กระต่ายจันทร์ สาบแร้ง หญ้ากระจาม หญ้าจาม หรือ เหมือดโลด ก็เรียก."
กระต่ายจาม 0,น.,"ชื่อไม้ล้มลุกชนิด Centipeda minima (L.) A. Braun et Asch. ในวงศ์ Compositae ขึ้นตามพื้นที่ลุ่มตํ่า แฉะ ต้นเตี้ยติดดินคล้ายต้นผักเบี้ย ใบเล็กเว้าข้างทั้ง ๒ ด้าน ปลายใบแหลมคล้ายสามง่าม ใบมีกลิ่นเหม็น ใช้ทำยาได้ แต่เป็นพิษต่อปศุสัตว์, กระต่ายจันทร์ สาบแร้ง หญ้ากระจาม หญ้าจาม หรือ เหมือดโลด ก็เรียก."
กระต่ายจาม 1,น.,"ชื่อไม้ล้มลุกชนิด Adenosma indiana (Lour.) Merr. ในวงศ์ Scrophulariaceae ขึ้นตามป่าเต็งรัง ต้นสูงประมาณ ๓๐ เซนติเมตร ใบเดี่ยวออกตรงข้ามกัน ขอบใบจักถี่ ใบมีกลิ่นคล้ายกลิ่นใบกะเพรา โหระพา แต่อ่อนกว่า ดอกเล็กสีม่วง ออกเป็นช่อเรียวยาวตามง่ามใบและที่ปลายยอด, กระต่ายจาม ข้าวคำ หรือ พริกกระต่าย ก็เรียก."
กระต่ายจีน 0,น.,เครื่องมือขูดมะพร้าว ใช้ลวดตอกเป็นฟันถี่ ๆ บนหน้ากระดานสำหรับขูดมะพร้าวที่กะเทาะกะลาออกแล้ว.
กระต่ายชมจันทร์ 0,น.,ชื่อท่ารำแบบหนึ่ง โดยมือข้างหนึ่งตั้งวงสูง ระดับแง่ศีรษะ มืออีกข้างหนึ่งจีบหงายระดับข้างลำตัว เอียงศีรษะข้างเดียวกับมือที่จีบ
กระต่ายชมจันทร์ 1,น.,ชื่อเพลงไทย อัตรา ๒ ชั้น สมัยอยุธยา.
กระต่ายต้องแร้ว 0,น.,ชื่อท่ารำแบบหนึ่ง โดยมือทั้งสองตั้งวงระดับข้างลำตัว ลำตัวตั้งตรง เอียงศีรษะข้างใดก็ได้.
กระต่ายตื่นตูม 0,น.,ใช้เปรียบเทียบคนที่แสดงอาการตื่นตกใจง่ายโดยไม่ทันสำรวจให้ถ่องแท้ก่อน.
กระต่ายเต้น 0,น.,ชื่อเพลงไทย อัตรา ๒ ชั้นและชั้นเดียว เป็นเพลงเร็ว หน้าทับสองไม้ ใช้ในการแสดงละครและลิเก
กระต่ายเต้น 1,น.,ชื่อเพลงไทยสำเนียงมอญ ใช้ในการแสดงละครและลิเก.
กระต่ายสามขา 0,ว.,"ยืนกรานไม่ยอมรับ, กระต่ายขาเดียว ก็ว่า."
กระต่ายหมายจันทร์ 0,น.,ผู้ชายหมายปองผู้หญิงที่มีฐานะดีกว่า.
กระติก 0,น.,"ภาชนะสำหรับใส่นํ้าติดตัวในเวลาเดินทาง เช่น กระติกของทหารหรือลูกเสือ, ภาชนะสำหรับใส่น้ำเพื่อเก็บความร้อนหรือรักษาความเย็นเป็นต้น, ถ้าใช้ใส่น้ำร้อน เรียกว่า กระติกน้ำร้อน, ถ้าใช้ใส่น้ำแข็ง เรียกว่า กระติกน้ำแข็ง."
กระติ๊ด 0,น.,"ชื่อนกขนาดเล็ก ในวงศ์ Estrildidae ปากสั้นหนารูปกรวยปลายแหลม หัวกลม ลำตัวอ้วนป้อม มีหลายสี ปลายหางแหลม ใช้หญ้าทำรังเป็นรูปกลมอยู่บนพุ่มไม้เตี้ย ๆ หรือกอหญ้า ปากรังอยู่ทางด้านข้าง กินเมล็ดพืช มีหลายชนิด ที่พบมาก คือ กระติ๊ดขี้หมู [ Lonchura punctulata (Linn.)] ชนิดอื่น ๆ เช่น กระติ๊ดเขียวหรือไผ่ [ Erythrura prasina (Sparrman)] กระติ๊ดแดงหรือสีชมพูดง [ Amandava amandava (Linn.)] กระติ๊ดท้องขาว[ Lonchura leucogastra (Blyth)], กะทิ ก็เรียก."
กระติ๊ด 1,ว.,"เล็กน้อย, เล็กนิดเดียว, เช่น เสื้อตัวนี้ติดกระดุมเม็ดกระติ๊ดเดียว ขอเกลือสักกระติ๊ดหนึ่ง, ติ๊ดเดียว หรือ ติ๊ดหนึ่ง ก็ว่า."
กระติ๊ดเดียว 0,ว.,"เล็กน้อย, เล็กนิดเดียว, เช่น เสื้อตัวนี้ติดกระดุมเม็ดกระติ๊ดเดียว ขอเกลือสักกระติ๊ดหนึ่ง, ติ๊ดเดียว หรือ ติ๊ดหนึ่ง ก็ว่า."
กระติ๊ดหนึ่ง 0,ว.,"เล็กน้อย, เล็กนิดเดียว, เช่น เสื้อตัวนี้ติดกระดุมเม็ดกระติ๊ดเดียว ขอเกลือสักกระติ๊ดหนึ่ง, ติ๊ดเดียว หรือ ติ๊ดหนึ่ง ก็ว่า."
กระติบ 0,น.,ภาชนะสานรูปทรงกระบอก มีฝาครอบ สำหรับบรรจุข้าวเหนียวนึ่ง.
กระติ๊บ 0,น.,ภาชนะสานรูปทรงกระบอก มีฝาครอบ สำหรับบรรจุข้าวเหนียวนึ่ง.
กระตือรือร้น 0,ก.,"รีบร้อน, เร่งรีบ, ขมีขมัน, มีใจฝักใฝ่มาก, ใส่ใจอยากจะทำ."
กระตุก 0,ก.,"ดึงเข้ามาโดยเร็วทันที เช่น กระตุกเชือก, ดึงเข้ามาโดยเร็วทันทีแล้วผ่อนออก เช่น กระตุกสายป่านว่าว, โดยปริยายหมายความว่า สะดุด, ไม่ราบรื่น, เช่น เครื่องยนต์กระตุก"
กระตุก 1,ก.,"รั้งไว้, ห้ามไว้โดยเร็ว, เช่น เกือบจะมีเรื่องกับเขาแล้ว ดีว่าเพื่อนกระตุกไว้"
กระตุก 2,ก.,อาการที่กล้ามเนื้อหดและยืดตัวขึ้นทันที เช่น เส้นกระตุก ขากระตุก.
กระตุกกระติก 0,ว.,"ตุก ๆ ติก ๆ, อาการที่ห้อยแกว่งไปมา."
กระตุกหนวดเสือ 0,ก.,ทำให้ผู้มีอิทธิพลไม่พอใจ.
กระตุ้งกระติ้ง 0,ว.,"มีกิริยาท่าทางกระชดกระช้อย, ตุ้งติ้ง หรือ ดุ้งดิ้ง ก็ว่า."
กระตุ่น 0,น.,ตัวตุ่น เช่น กระต่ายเต้นกระตุ่นขุด (บุณโณวาท).
กระตุ้น 0,ก.,"ใช้มือหรือสิ่งใด ๆ กระแทกเบา ๆ ให้รู้ตัว เช่น กระตุ้นม้า, โดยปริยายหมายความว่า เตือนหรือหนุน เช่น กระตุ้นให้รีบทำงาน, ช่วยเร่ง เช่น ใช้กระแสไฟฟ้ากระตุ้นหัวใจที่หยุดเต้นให้เต้นต่อไป."
กระตูบ 0,น.,"กระท่อม, กระต๊อบ, ตูบ ก็เรียก."
กระเตง 0,ก.,อาการที่อุ้มเด็กเข้าสะเอวหรือสะพายของโตงเตงไป.
กระเต็น 0,น.,ชื่อนกขนาดเล็กถึงขนาดกลางหลายชนิด ในวงศ์ Alcedinidae หัวโต คอสั้น ปากแหลม ยาว ตรง แบนข้าง และแข็งแรง หากินโดยวิธีพุ่งตัวลงจับเหยื่อเช่นปลาในนํ้าหรือแมลงตามท้องทุ่ง พวกที่มีขนาดเล็กส่วนใหญ่มีสีสวยสะดุดตา เช่น กระเต็นน้อยแถบอกดำ ( Alcedo euryzona Temminck) กระเต็นน้อยสามนิ้ว [ Ceyx erithacus (Linn.)] พวกที่มีขนาดกลาง เช่น กระเต็นลาย [ Lacedo pulchella (Horsfield)] กระเต็นอกขาว [ Halcyon smyrnensis (Linn.)] กระเต็นสร้อยคอสีน้ำตาล [ Actenoides concretus (Temminck)] และพวกที่มีขนาดใหญ่ เช่น กระเต็นขาวดำใหญ่ [ Megaceryle lugubris (Temminck)] กระเต็นปักหลักหรือปักหลัก [ Ceryle rudis (Linn.)].
กระเตอะ 0,ว.,จวนแก่และมียางมาก (ใช้แก่หมาก) ในคำว่า หมากกระเตอะ หรือ หมากหน้ากระเตอะ.
กระเตาะ 0,ว.,"ชื่อกุ้งขนาดเล็กหลายชนิดหลายสกุล เช่น สกุล Alpheus ในวงศ์ Alpheidae มีก้ามใหญ่ ๒ ข้าง ก้ามข้างหนึ่งโตกว่ามาก สามารถทำให้เกิดเสียงดังด้วยวิธีหนีบก้าม โดยเฉพาะเมื่อกระทบขันเสียงจะดังยิ่งขึ้น จึงได้ชื่อว่า กุ้งดีดขัน พบอาศัยหลบซ่อนอยู่ตามซอกวัสดุต่าง ๆ ริมฝั่งทั้งในนํ้าเค็มและนํ้ากร่อย ยกเว้นชนิด Alpheus microrhynchus De Man ที่พบอยู่ในนํ้าจืดด้วย, กระเตาะ ก็เรียก."
กระเตาะ 1,ว.,"แรกรุ่น, เพิ่งแตกเนื้อสาว."
กระเตาะกระแตะ 0,ว.,"อาการที่เด็กเริ่มสอนเดิน เรียกว่า เดินกระเตาะกระแตะ, เตาะแตะ หรือ เตาะ ๆ แตะ ๆ ก็ว่า."
กระเตื้อง 0,ก.,ดีกว่าเดิม เช่น อาการไข้กระเตื้องขึ้น เดี๋ยวนี้ฐานะเขาค่อยกระเตื้องขึ้น
กระเตื้อง 1,ก.,พยุงยกให้เผยอขึ้น.
กระแต 0,น.,"ชื่อฆ้องวงขนาดเล็ก ใช้บรรเลงในวงปี่พาทย์มอญ ลักษณะร้านฆ้องเป็นรูปเว้าหงายขึ้น คล้ายฆ้องมอญแต่ปลายไม่สูง วงหนึ่งมีลูกฆ้อง ๑๑ ลูก, ฆ้องขนาดเล็กลูกเดียวแขวนกับไม้ ใช้มือหิ้วหรือแขวนไม้กับไม้ขาหยั่ง ใช้ตีเป็นสัญญาณในการอยู่เวรยามหรือแจ้งข่าวสารต่าง ๆ, ทั้ง ๒ ชนิดเรียกว่า ฆ้องกระแต."
กระแต 1,น.,ชื่อเพลงไทยสำเนียงลาว มี ๒ เพลง คือ กระแตเล็กหรือกราวกระแซ และกระแตใหญ่หรือกระแตไต่ไม้.
กระแต 2,น.,ชื่อสัตว์เลี้ยงลูกด้วยนม ในวงศ์ Tupaiidae รูปร่างคล้ายกระรอกแต่เล็กกว่า ปากแหลม ไม่มีฟันแทะ กินทั้งสัตว์และผลไม้ มีหลายสกุลและหลายชนิดที่พบทั่วไปได้แก่ ชนิด Tupaia glis (Diard) พวกที่พบน้อยกว่าได้แก่ กระแตเล็ก ( T. minor Günther) กระแตหางหนู [ Dendrogale murina (Schlegel & Müller)] กระแตหางขนนก ( Ptilocercus lowi Gray)
กระแต 3,น.,ดอกไม้ประดิษฐ์เป็นรูปกระแตเกาะติดกับช่อใบแก้ว ทำด้วยดอกพุทธชาดเป็นต้น ใช้เป็นของชำร่วย.
กระแต 4,น.,ชื่อนกขนาดเล็ก วงศ์ย่อย Charadriinae ในวงศ์ Charadriidae หัวใหญ่ ปากสั้น อาจมีเดือยที่ปีก ขายาวปานกลาง มี ๔ ชนิด คือ กระแตหาด [ Vanellus duvaucelii (Lesson)] กระแตหัวเทา [ V. cinereus (Blyth)] กระแตหงอน [ V. vanellus (Linn.)] และกระแตแต้แว้ดหรือต้อยตีวิด [ V. indicus (Boddaert)].
กระแตแต้แว้ด 0,น.,"ชื่อนกขนาดเล็กชนิด Vanellus indicus (Boddaert) วงศ์ย่อย Charadriinae ในวงศ์ Charadriidae ปากยาว หัวสีดำ ขนบริเวณหูสีขาว มีติ่งเนื้อสีแดงพาดระหว่างตาผ่านหน้าผาก ขายาวสีเหลือง วางไข่ในแอ่งตื้น ๆ บนพื้นดิน กินแมลงและสัตว์ขนาดเล็ก ร้องเสียงแตแต้แว้ด, กระต้อยตีวิด ต้อยตีวิด หรือ แต้แว้ด ก็เรียก."
กระแตแต้แว้ด 1,น.,"ใช้เปรียบผู้หญิงที่ชอบจุ้นจ้าน เจ้ากี้เจ้าการ, กระแตแว้ด ก็ว่า."
กระแตไต่ไม้ 0,น.,ชื่อกลบท ตัวอย่างว่า หมายหมองมาดสวาทน้องมาดหมองหมาย
กระแตไต่ไม้ 1,น.,ชื่อเพลงโหมโรงเสภา เดิมเป็นเพลงไทยภาคเหนือสำเนียงลาว ต่อมามีผู้นำมาแต่งขยายเป็นอัตรา ๓ ชั้น โดยใช้ชื่อเดิม.
กระแตไต่ไม้ 2,น.,ชื่อเพลงไทยสำเนียงลาว มี ๒ เพลง คือ กระแตเล็กหรือกราวกระแซ และกระแตใหญ่หรือกระแตไต่ไม้.
กระแตไต่ไม้ 3,น.,"ชื่อเฟินอิงอาศัยชนิด Drynaria quercifolia (L.) J. Sm. ในวงศ์ Polypodiaceae ขึ้นเกาะตามต้นไม้ใหญ่ในป่าที่ชุ่มชื้น เหง้ามีขนเป็นปุยสีนํ้าตาลแก่คล้ายกระแต ใบมี ๒ ชนิด คือ ใบสร้างอับสปอร์ ยาวประมาณ ๑ เมตร เว้าเป็นแฉกลึกเกือบถึงเส้นกลางใบ และมีอับสปอร์เป็นจุด ๆ สีนํ้าตาลเข้มใต้ใบ ใบไม่สร้างอับสปอร์ ขนาดประมาณฝ่ามือ ขอบจักหยาบ ๆ สีนํ้าตาล แข็งติดอยู่กับเหง้าจนผุ ไม่หล่นเหมือนใบสร้างอับสปอร์ ทำหน้าที่กักปุ๋ย, กระปรอกว่าว ใบหูช้าง สไบนาง สะโมง หรือ หัวว่าว ก็เรียก."
กระแตวับ 0,ก.,หน้าเป็น เช่น แต่ล้วนตัวตอแหลกระแตวับ (อภัย).
กระแตเวียน 0,น.,อุปกรณ์สำหรับช่วยให้เด็กหัดเดิน ทำด้วยกระบอกไม้ไผ่ให้มีข้อติดอยู่ข้างหนึ่ง แล้วสวมลงกับหลักไม้ เหนือข้อตอนบนสอดไม้ขวางให้ยาวพอสมควรสำหรับให้เด็กเกาะประคองตัวหัดเดิน.
กระแตแว้ด 0,น.,"ใช้เปรียบผู้หญิงที่ชอบจุ้นจ้าน เจ้ากี้เจ้าการ, กระแตแต้แว้ด ก็ว่า."
กระโตกกระตาก 0,ก.,"ส่งเสียงให้เขารู้อย่างไก่กำลังออกไข่, โดยปริยายหมายความว่า เปิดเผยข้อความที่ต้องการปิดบัง."
กระโตน 0,ก.,กระโจน เช่น นํ้าเชี่ยวเกลียวโยน กระโตนฉ่า ๆ (สุบิน).
กระไตร 0,น.,"ชื่อเหยี่ยวชนิดหนึ่ง เรียกว่า เหยี่ยวกระไตร เช่น กระไตรตระไนตรู (เสือโค), เขาคุ่มกระตรุมกระไตร (สรรพสิทธิ์), ตะไกร ก็เรียก."
กระถด 0,ก.,"ขยับออกไปเล็กน้อย, ถด ก็ว่า."
กระถอบ 0,น.,แผ่นทองคำฉลุลายเป็นกิ่งต้นเครือวัลย์กระหนก สำหรับเสียบห้อยที่ชายพกลงมาในระหว่างช่องหน้าขาทั้ง ๒ สามัญเรียกว่า ช่อทับชาย เช่น ที่ประดับเทวรูปทรงเครื่องทั่วไป เรียกกันว่า สุวรรณกระถอบ หรือ สุวรรณกัญจน์ถอบ.
กระถั่ว 0,น.,นกอีเพา.
กระถาง 0,น.,ภาชนะปากกว้าง มีรูปต่าง ๆ สำหรับปลูกต้นไม้ หรือใส่ของอื่น ๆ เช่น กระถางต้นไม้ กระถางธูป.
กระถางธูป 0,น.,กระถางที่บรรจุทรายหรือข้าวสาร สำหรับปักธูป .
กระถิก 0,น.,"ชื่อสัตว์เลี้ยงลูกด้วยนม ในวงศ์ Sciuridae เป็นกระรอกขนาดเล็ก ขนสีนํ้าตาล มีแถบสีน้ำตาลเข้ม ๓ แถบพาดตามยาวลำตัว สลับกับแถบสีน้ำตาลจาง ๆ ๔ แถบ ตั้งแต่สันหลังลงไปถึงข้างลำตัว อาศัยอยู่ตามต้นไม้สูง ๆ กินแมลงและผลไม้ ในประเทศไทยมี ๒ ชนิด คือ กระถิกขนปลายหูยาว [ Tamiops rodolphe i (Milne-Edwards)] และกระถิกขนปลายหูสั้น [ T. mxcclellandi (Horsfield)], กระเล็น ก็เรียก."
กระถิน 0,น.,"ชื่อไม้พุ่มหรือไม้ต้นไม่มีหนามชนิด Leucaena leucocephala (Lam.) de Wit ในวงศ์ Leguminosae ช่อดอกกลม สีนวล ฝักแบน ใบอ่อนและฝักอ่อนใช้เป็นอาหาร, กระถินไทย กระถินบ้าน กระถินยักษ์ หรือ สะตอเบา ก็เรียก, ปักษ์ใต้เรียก ตอเบา."
กระถินเทศ 0,น.,"ชื่อไม้ต้นขนาดเล็กชนิด Acacia farnesiana (L.) Willd. ในวงศ์ Leguminosae ดอกสีเหลือง เป็นพุ่ม ต้นมีหนาม, กระถินเทศ หรือ กระถินหอม ก็เรียก."
กระถินนา 0,น.,"ชื่อไม้ล้มลุกชนิด Xyris indica L. ในวงศ์ Xyridaceae ขึ้นตามทุ่งนาและที่ลุ่ม ดอกสีเหลือง ใช้ทำยาได้, กระถินนา ก็เรียก."
กระถินพิมาน 0,น.,"ชื่อไม้ต้น ๒ ชนิด ในสกุล Acacia วงศ์ Leguminosae คือ แฉลบขาว [ A. harmandiana (Pierre) Gagnep.], กระถินพิมาน ก็เรียก และแฉลบแดง [ A. leucophloea (Roxb.) Willd.] ช่อดอกกลม ฝักรูปเคียวสีน้ำตาลเข้ม มีเปลือกสีขาว."
กระถินหอม 0,น.,"ชื่อไม้ต้นขนาดเล็กชนิด Acacia farnesiana (L.) Willd. ในวงศ์ Leguminosae ดอกสีเหลือง เป็นพุ่ม ต้นมีหนาม, กระถินเทศ หรือ กระถินหอม ก็เรียก."
กระถึก 0,น.,"ชื่อสัตว์เลี้ยงลูกด้วยนม ในวงศ์ Sciuridae เป็นกระรอกขนาดเล็ก ขนสีนํ้าตาล มีแถบสีน้ำตาลเข้ม ๓ แถบพาดตามยาวลำตัว สลับกับแถบสีน้ำตาลจาง ๆ ๔ แถบ ตั้งแต่สันหลังลงไปถึงข้างลำตัว อาศัยอยู่ตามต้นไม้สูง ๆ กินแมลงและผลไม้ ในประเทศไทยมี ๒ ชนิด คือ กระถิกขนปลายหูยาว [ Tamiops rodolphe i (Milne-Edwards)] และกระถิกขนปลายหูสั้น [ T. mxcclellandi (Horsfield)], กระเล็น ก็เรียก."
กระเถิบ 0,ก.,ขยับก้นเลื่อนที่ไปในขณะที่นั่ง.
กระโถน 0,น.,ภาชนะสำหรับบ้วนหรือทิ้งของต่าง ๆ ที่ไม่ต้องการ.
กระโถนท้องพระโรง 0,น.,ผู้ที่ต้องรองรับภาระงานหรืออารมณ์ของผู้อื่นอยู่คนเดียว.
กระโถนปากแตร 0,น.,กระโถนทรงกลมมีปากผายออกคล้ายแตร.
กระโถนฤๅษี 0,น.,ชื่อพืชเบียนชนิด Sapria himalayana Griff. ในวงศ์ Rafflesiaceae เกิดตามป่าดิบ เกาะเบียนที่รากเครือเขานํ้า ( Tetrastigma lanceolarium Planch.) ดอกรูปกระโถนปากแตร กลิ่นเหม็น กลีบดอกสีนํ้าตาลแดงประเหลือง ใช้ทำยาได้.
กระทก 0,ก.,"กระตุก เช่น เงื่อนกระทก, กระตุกเร็ว ๆ เช่น กระทกข้าว คือ เอาข้าวใส่กระด้งร่อนพลางกระตุกพลาง เพื่อให้กากข้าวแยกจากข้าวสาร."
กระทง 0,น.,"ภาชนะเย็บด้วยใบตองหรือใบไม้เป็นต้น ยกขอบสูงสำหรับใส่ของ, ถ้าเสริมขอบปากเป็นรูปกรวยเล็ก ๆ โดยรอบ เรียกว่า กระทงเจิม, ภาชนะที่ทำขึ้นสำหรับลอยนํ้าในประเพณีลอยกระทง"
กระทง 1,น.,"ตอนหนึ่ง ๆ ของนาซึ่งมีคันกั้น เรียกว่า กระทงนา, อันนา ก็เรียก"
กระทง 2,น.,ผ้าท่อนหนึ่ง ๆ ของจีวร มีลักษณะเหมือนกระทงนา ซึ่งมีรูปสี่เหลี่ยม
กระทง 3,น.,ไม้กระดานที่ยึดกราบเรือหรือพาดแคมเรือทั้ง ๒ ข้างเป็นตอน ๆ (เทียบ ม. กุดง)
กระทง 4,น.,ตอนหนึ่ง ๆ ของข้อความ
กระทง 5,น.,ลักษณนามของความผิดอาญาแต่ละกรรมหรือแต่ละครั้ง การกระทำความผิดแต่ละกรรมหรือแต่ละครั้งนั้นถือว่าเป็นกระทงความผิดกระทงหนึ่ง เช่น การกระทำความผิดฐานลักทรัพย์หลายครั้ง การลักทรัพย์แต่ละครั้งก็เป็นกระทงความผิดกระทงหนึ่ง ๆ
กระทง 6,น.,ฐานปรับตามกรมศักดิในกฎหมายเก่า.
กระทง 7,ว.,"เรียกไก่อ่อนอายุประมาณ ๓ เดือนว่า ไก่กระทง, ใช้สำหรับเรียกไก่ตัวผู้ที่เพิ่งสอนขัน ว่า ไก่รุ่นกระทง, โดยปริยายใช้เรียกชายกำลังแตกเนื้อหนุ่มเป็นเชิงเปรียบเปรย ว่า หนุ่มรุ่นกระทง."
กระทงเจิม 0,น.,กระทงที่เสริมขอบปากเป็นรูปกรวยเล็ก ๆ โดยรอบ.
กระทงแถลง 0,น.,ส่วนสำคัญในสำนวนความที่เป็นประเด็นและที่เกี่ยวกับประเด็นอันพึงเสนอวินิจฉัย.
กระทงทอง 0,น.,ของว่างชนิดหนึ่ง มีลักษณะเป็นกระทงใส่ไส้ กระทงทำจากแป้งสาลีผสมกับไข่เป็ด หัวกะทิ เป็นต้น เอาพิมพ์กระทงจุ่มแป้งลงทอดในกระทะให้เป็นรูปกระทงตามพิมพ์ ใส่ไส้ทำด้วยเนื้อไก่ หอมใหญ่ มันฝรั่ง ผัดปรุงรสเค็มหวาน.
กระทงน้อย 0,น.,ชื่อเพลงไทย สมัยอยุธยา อยู่ในตำรามโหรีของเก่า.
กระทงนา 0,น.,"ตอนหนึ่ง ๆ ของนาซึ่งมีคันกั้น, อันนา ก็เรียก."
กระทงป่า 0,น.,ไม้พาดปากมาดเรือโกลนชั่วคราว.
กระทงเพชร 0,น.,ไม้ติดขวางรองแคร่เกวียนเพื่อยึดไม่ให้แคร่แยกออกไป.
กระทงลาย 0,น.,"ชื่อไม้เถาเนื้อแข็งชนิด Celastrus paniculatus Willd. ในวงศ์ Celastraceae ใบรูปไข่ปลายแหลม ขอบจักถี่ ดอกเล็กขาว ๆ เหลือง ๆ ออกเป็นช่ออยู่ปลายกิ่ง ผลเท่าเมล็ดถั่วลันเตา เมื่อแก่แตกเป็น ๓ กลีบ นํ้ามันจากเมล็ดใช้ทำยา ตามไฟ หรือเคลือบกระดาษกันนํ้าซึม, กระทุงลาย หรือ มะแตก ก็เรียก."
กระทงหยิบ 0,น.,กระทงขนาดเล็กเย็บด้วยใบตองสด สำหรับใส่เครื่องสังเวยที่หยิบออกมาอย่างละเล็กละน้อย ภายหลังลาเครื่องสังเวยเพื่อเซ่นผีตีนโรงตีนศาล.
กระทงเหิน 0,น.,"ไม้ขวางเรืออันที่สุดของหัวเรือหรือท้ายเรือของเรือเอี้ยมจุ๊น, ถ้าเป็นเรือพายม้า เรียกว่า หูกระต่าย."
กระทด 0,ว.,"คด, ไม่ตรง, เช่น คอกระทดคดคอดหยัก รวดท้าย (ตำราช้างคำโคลง), ไม้กระทดกระทำทอน ทุกที่ กงนา (โลกนิติ)."
กระทดกระทวย 0,ว.,"ไหวน้อย ๆ แต่พองาม, กิริยาย่างกรายอย่างนวยนาด."
กระทดกระทัน 0,ว.,คด ๆ ค้อม ๆ เช่น ที่เตี้ยค่อมค้อมคดกระทดกระทันนั้นก็มีอยู่มากหลาย (ม. ร่ายยาว มหาพน).
กระทบ 0,ก.,"โดน, ถูกต้อง, ปะทะ, ในบทกลอนใช้ว่า ทบ ก็มี เช่น ของ้าวทบประทะกัน (ตะเลงพ่าย), หรือ ประทบ ก็มี เช่น ประทบประทะอลวน (ตะเลงพ่าย), พูดหรือทำให้กระเทือนไปถึงผู้อื่น เช่น พูดกระทบเขา ตีวัวกระทบคราด."
กระทบกระทั่ง 0,ก.,"แตะต้อง, ทำให้กระเทือนถึง, ทำให้กระเทือนใจ."
กระทบกระเทียบ 0,ว.,เปรียบเปรยให้กระทบถึง.
กระทบกระเทือน 0,ก.,"กระเทือนไปถึง, พาดพิงไปถึงให้รู้สึกสะเทือนใจ."
กระทบกระแทก 0,ว.,อาการที่กล่าวเปรย ๆ ให้กระทบไปถึงผู้ใดผู้หนึ่งอย่างแรง.
กระทบไหล่ 0,ก.,ได้เข้าไปใกล้ผู้มีชื่อเสียงอย่างในงานเลี้ยงสังสรรค์เป็นต้น เช่น วันนี้มีโอกาสได้กระทบไหล่นักการเมืองหลายคน.
กระทรวง 0,น.,"หมู่, พวก, เช่น ทุกหมวดทุกกระทรวงทรง ฤทธิเรื้อง (ยอพระเกียรติกรุงธน), ชนิด, อย่าง, เช่น อนึ่งนั้นอุเบกขาว่าเพ่งเฉย คือแหวกเลยสุขทุกข์อาลัยห่วง ไม่มีทุกข์ไม่มีสุขสิ้นทั้งปวง สามกระทรวงนี้เป็นชื่อเวทนา (ปกีรณำพจนาดถ์), แบบ, อย่าง, กระบวน, เช่น ส่วนองค์พระอัยกาก็ทรงพาหนะหัสดินทร กรินทรราชเป็นทัพหลวงตามกระทรวงพยุหยาตรา (ม. ร่ายยาว มหาราช), โดยสมควรแก่กระทรวงแล้วส่งไป (สามดวง), ผจญคนกลิ้งกลอกกลับหลอกลวง เอากระทรวงสัตย์ซื่อให้เสื่อมเท็จ (สุ. สอนเด็ก)."
กระทรวง 1,น.,ส่วนราชการสูงสุดของราชการบริหารส่วนกลางมีฐานะเป็นนิติบุคคล มีรัฐมนตรีว่าการกระทรวงเป็นหัวหน้า
กระทรวง 2,น.,"ส่วนราชการที่พอเทียบได้กับกรมหรือกระทรวงในปัจจุบัน เช่น ถ้าเป็นกระทรวงแพ่ง แลฝ่ายจำเลยนั้นเป็นกรม ฝ่ายนอกให้ส่งไปแพ่งกระเสมพิจารณา, ถ้ามีผู้ร้ายลักช้างม้าผู้คนโคกระบือทรัพยสิ่งใด ๆ เปนกระทรวงนครบาลได้ว่า (สามดวง)."
กระทวย 0,น.,"ทวย, คันทวย, เช่น กระทวยธวัชกลงวง คชินทรจ้วงจับลม (เพชรมงกุฎ)."
กระทอก 0,ก.,"กระแทกขึ้นกระแทกลง, กำแน่นแล้วรูดขึ้นรูดลง, ทำให้ทะลัก เช่น กระทอกเลือดกระแทกล้มกระดิกดิ้น (ขุนช้างขุนแผน)."
กระท้อน 0,น.,"ชื่อไม้ต้นขนาดใหญ่ชนิด Sandoricumkoetjape (Burm. f.) Merr. ในวงศ์ Meliaceae ผลค่อนข้างกลม เปลือกนุ่ม สีเหลือง เนื้อกินได้, สะท้อน ก็เรียก, พายัพเรียก มะต้อง หรือ มะตื๋น."
กระท้อน 1,ก.,"กระเด็นกลับ, กระดอนขึ้น."
กระท่อนกระแท่น 0,ว.,"ไม่เป็นชิ้นเป็นอัน, ไม่ครบถ้วน."
กระท่อม 0,น.,"เรือนเล็ก ๆ ทำพออยู่ได้, กระต๊อบ ก็เรียก."
กระท่อม 1,น.,"ชื่อไม้ต้นขนาดกลางชนิด Mitragyna speciosa (Korth.) Havil. ในวงศ์ Rubiaceae ชอบขึ้นริมนํ้าทั่วไป ใบเดี่ยว ออกตรงข้ามกัน ยอด ใบอ่อน และก้านใบสีแดงเรื่อ ๆ ช่อดอกกลมสีเหลืองออกเดี่ยว ๆ ตามง่ามใบ ใบมีรสขม กินแล้วเมา เป็นยาเสพติด, อีถ่าง ก็เรียก."
กระท้อมกระแท้ม 0,ว.,"เล็ก ๆ น้อย ๆ, ไม่ใหญ่โต, เช่น หากินกระท้อมกระแท้มไปวันหนึ่ง ๆ."
กระท่อมขี้หมู 0,น.,"ชื่อไม้ต้นขนาดกลาง ๒ ชนิดในสกุล Mitragyna วงศ์ Rubiaceae ใบเดี่ยว ออกตรงข้ามกัน ชนิด M. diversifolia (Wall. ex G. Don) Havil. ใบยาวรีเล็ก, กระทุ่มนา หรือ ตุ้มแซะ ก็เรียก ชนิด M. rotundifolia (Roxb.) Kuntze ใบกลม โคนใบเว้า ขนาดใหญ่กว่าชนิดแรก, กระทุ่มขี้หมู กระทุ่มหมู หรือ ตุ้มกว้าว ก็เรียก."
กระท่อมเลือด 0,ว.,"ชื่อไม้เถามีหัวชนิด Stephania venosa (Blume) Spreng. ในวงศ์ Menispermaceae ใบ เถา และผิวของหัวมีนํ้ายางสีแดง, กระท่อมเลือด ก็เรียก."
กระทะ 0,น.,ภาชนะสำหรับใช้ผัดหรือทอดเป็นต้น มีรูปร่างต่าง ๆ ตามปรกติมีก้นลึก ปากผาย ต่อมาอนุโลมเรียกภาชนะที่ใช้ในลักษณะเช่นนั้นแม้มีก้นตื้นหรือแบน ทั้งชนิดที่มีขอบและไม่มีขอบว่า กระทะ เช่น กระทะขนมเบื้อง กระทะโรตี.
กระทะ 1,น.,"ชื่อปลาทะเลหรือนํ้ากร่อยชนิด Scatophagus argus (Linn.) ในวงศ์ Scatophagidae ลำตัวสั้น แบนข้าง หัวทู่ ปากเล็ก หางมน เกล็ดเล็กสากมือ สีพื้นลำตัวมีแตกต่างกันมาก อาจเป็นสีเขียว เทา หรือนํ้าตาล ครึ่งบนของลำตัวสีเข้มกว่าและมีแถบสีเทาเข้มหรือดำพาดขวางหลายแนว และแตกเป็นจุดที่ด้านล่างหรือเป็นแต้มเป็นจุดทั่วตัว ครีบต่าง ๆ มีสีเหลืองอ่อนอมเทา, กระทะ หรือ เสือดาว ก็เรียก."
กระทะทอง 0,น.,กระทะกลมก้นลึกมีหู ๒ ข้าง ทำด้วยทองเหลือง มักใช้ทำของหวานประเภทเชื่อม เช่นกล้วยเชื่อม ฝอยทอง หรือใช้ทำของคาวเช่นขาหมูพะโล้.
กระทะทองแดง 0,น.,หม้อหรือกระทะโลหะเป็นที่ทรมานสัตว์ที่ตกนรกขุมโลหกุมภี.
กระทะใบบัว 0,น.,กระทะขนาดใหญ่.
กระทั่ง 0,ก.,"ตี, กระแทก, เช่น เสียงโครมครื้นคลื่นกระทั่งฝั่งชลา (นิ. เพชร), อนึ่งเรือหน้าบอกให้เรือหลังราไว้ และเรือหลังมิได้ราอยู่ภายไปกระทั่งเรือหน้าแตกล่มก็ดี (สามดวง)"
กระทั่ง 1,ก.,ทำให้มีเสียงด้วยการเป่าหรือตีเครื่องดนตรีบางชนิด เช่น กระทั่งแตร ว่า เป่าแตร กระทั่งมโหระทึก ว่า ตีมโหระทึก
กระทั่ง 2,ก.,"ให้เสียงสัญญาณ เช่น ตามช่องฉากบังกระทั่งไอ (คาวี), ถ้าใช้เข้าคู่กับคำ กระทบ เป็น กระทบกระทั่ง หมายถึง แตะต้อง, ทำให้กระเทือนถึง, ทำให้กระเทือนใจ"
กระทั่ง 3,ก.,คำใช้ในบทร้องของเด็ก ในความว่า พายเรืออกแอ่น กระทั่งต้นกุ่ม.
กระทั่ง 4,บ.,"จดถึง, จนถึง, เช่น กระทั่งบัดนี้เขาก็ยังไม่มา"
กระทั่ง 5,บ.,"แม้, แม้แต่, เช่น กระทั่งพ่อสั่งเขาก็ยังไม่ทำ."
กระทั่งติด 0,บ.,"ชื่อไม้เถาชนิด Parameria laevigata (Juss.) Moldenke ในวงศ์ Apocynaceae มียางเหนียวคล้ายกาว ใช้ทำยาได้, กระทั่งติด กุมาริกา เครือเขามวก ตังติด หรือ เถามวก ก็เรียก."
กระทา 0,น.,ชื่อนกขนาดเล็กหลายชนิด ในวงศ์ Phasianidae ซึ่งเป็นวงศ์เดียวกับไก่และไก่ฟ้า ลำตัวกลม ขนลายเป็นกระ ปีกและหางสั้น บินได้ในระยะทางสั้น ๆ คุ้ยเขี่ยหาอาหารบนพื้นดิน กินเมล็ดพืชและแมลง เช่น กระทาทุ่ง [ Francolinus pintadeanus (Scopoli)] กระทาดงคอสีแสด [ Arborophila rufoyularis (Blyth)] กระทาป่าไผ่ ( Bambusicola fytchii Anderson) กระทาดงปักษ์ใต้ [ A. chaltionii (Eyton)].
กระทาชาย 0,น.,"คนผู้ชาย, กระไทชาย ก็ว่า."
กระทาย 0,น.,กระบุงเล็ก ปากผาย
กระทาย 1,น.,เครื่องตวง ใช้ตวงข้าวสมัยโบราณ ๒ กระทาย เป็น ๑ กระบุง มีอัตราเท่ากับครึ่งถัง หรือ ๑๐ ลิตร.
กระทาย 2,ก.,กระทกของเอากากออก.
กระทายเหิน 0,ก.,"ชื่อไม้ล้มลุกชนิด Hedychium coronarium J. König ในวงศ์ Zingiberaceae ดอกใหญ่ สีขาวล้วนหรือมีสีเหลืองตอนกลาง กลิ่นหอม ชอบขึ้นในที่ลุ่มนํ้าขัง มักปลูกตามบ้าน, กระทายเหิน ก็เรียก, จันทบุรีและระยองเรียก เลเป หรือ ลันเต."
กระทาสี 0,น.,ทาส เช่น เหมือนไพร่ชาติชั่วช้ากระทาสี (นิ. สุรสีห).
กระทาหอง 0,น.,"ชื่อสัตว์สะเทินนํ้าสะเทินบกชนิด Bufo asper Gravenhorst ในวงศ์ Bufonidae เป็นคางคกที่ใหญ่ที่สุดในประเทศไทย ผิวหนังเป็นตุ่มขรุขระทั่วตัว ตุ่มที่หลังมีขนาดใหญ่ ส่วนใหญ่ลำตัวสีน้ำตาลดำและน้ำตาลเหลือง ท้องสีขาวหม่นบางตัวมีจุดสีแดงเล็ก ๆ ยางขาวมีฤทธิ์ทำให้มึนเมา อาศัยในป่าบริเวณริมลำธารหรือน้ำตก, กระทาหอง กระหอง หรือ กง ก็เรียก."
กระทำ 0,ก.,"ทำ, จัดแจง, ปรุงขึ้น, สร้างขึ้น"
กระทำ 1,ก.,ทำการใด ๆ ที่เกิดผลในทางกฎหมาย แต่การงดเว้นการกระทำใด ๆ ที่กฎหมายกำหนดให้ต้องกระทำ ก็ถือว่าเป็นการกระทำด้วย เช่น บิดามารดามีหน้าที่ดูแลบุตรซึ่งยังเล็กอยู่ การที่บิดามารดาอยู่เฉยไม่หาอาหารให้ ก็อาจถือว่าเป็นการกระทำได้.
กระทำ 2,ก.,"ใช้เวทมนตร์ทำให้ผู้ใดผู้หนึ่งเป็นไปตามต้องการของตน มีให้รักหรือให้ป่วยเจ็บเป็นต้น เช่นว่า กระทำยำเยีย, การถูกเวทมนตร์เช่นนี้ เรียกว่า ถูกกระทำ."
กระทำโดยเจตนา 0,ก.,กระทำโดยรู้สำนึกในการที่กระทำและในขณะเดียวกันผู้กระทำประสงค์ต่อผล หรือย่อมเล็งเห็นผลของการกระทำนั้น.
กระทำโดยประมาท 0,ก.,กระทำความผิดมิใช่โดยเจตนา แต่กระทำโดยปราศจากความระมัดระวังซึ่งบุคคลในภาวะเช่นนั้นจักต้องมีตามวิสัยและพฤติการณ์ และผู้กระทำอาจใช้ความระมัดระวังเช่นว่านั้นได้ แต่หาได้ใช้ให้เพียงพอไม่.
กระทิกกระทวย 0,ว.,"ระริกระรี่, ซิกซี้, เช่น เจ้าก็ระรี่ระริกกระทิกกระทวยรวยระรื่นจนสิ้นตัว (ม. ร่ายยาว ชูชก)."
กระทิง 0,น.,ชื่อวัวป่าขนาดใหญ่ที่สุดชนิด Bos gaurus Smith ในวงศ์ Bovidae ขนสีดำหรือดำแกมน้ำตาลแซมด้วยขนยาวสีเทาหรือเทาอมดำ ยกเว้นบริเวณหน้าผากมีขนสีเทา และครึ่งล่างของขาทั้ง ๔ เป็นขนสีขาวอมเหลือง ขนเหล่านี้อาจเห็นเป็นสีเหลืองทอง เนื่องจากเหงื่อที่เป็นน้ำมันที่ขับออกมา.
กระทิง 1,น.,"ชื่อไม้ต้นชนิด Calophyllum inophyllum L. ในวงศ์ Guttiferae ใบและผลคล้ายสารภี แต่ใบขึ้นสันมากและผลกลมกว่า เปลือกเมล็ดแข็ง ใช้ทำลูกฉลากหรือกระบวยของเล่น, กระทึง กากะทิง หรือ สารภีทะเล ก็เรียก."
กระทิง 2,น.,"ชื่อปลานํ้าจืดในสกุล Mastacembelus วงศ์ Mastacembelidae ลำตัวยาว แบนข้างเล็กน้อย ปลายจะงอยปากบนเรียวแหลมคล้ายปลาหลด แต่มีครีบหลังและครีบก้นยาวต่อเนื่องกับครีบหาง สีสดสวยกว่าและมีขนาดใหญ่กว่า อาศัยอยู่ในแม่นํ้าลำคลองและที่ลุ่ม ที่พบทั่วไปในประเทศไทย เช่น ชนิด M. armatus (Lacepéde), M. favus Hora, และกระทิงไฟ ( M. erythrotaeniaBleeker) ซึ่งมีขนาดยาวได้ถึง ๘๐ เซนติเมตร."
กระทิงโทน 0,น.,กระทิงที่ชอบแยกออกจากฝูงโดยสมัครใจหรือถูกตัวผู้อื่นไล่ออกจากฝูงให้อยู่โดดเดี่ยว.
กระทึง 0,น.,ชื่อไม้ต้นชนิดหนึ่ง ใบคล้ายพลวง รากมียางเมือก เชื่อกันว่าใช้เป็นยาดูดพิษฝีได้ เช่น กระทุทุมกระทึงทอง (สุธน).
กระทึง 1,น.,"ชื่อไม้ต้นชนิด Calophyllum inophyllum L. ในวงศ์ Guttiferae ใบและผลคล้ายสารภี แต่ใบขึ้นสันมากและผลกลมกว่า เปลือกเมล็ดแข็ง ใช้ทำลูกฉลากหรือกระบวยของเล่น, กระทึง กากะทิง หรือ สารภีทะเล ก็เรียก."
กระทืบ 0,ก.,ยกเท้ากระแทกลงไป.
กระทืบธรณี 0,น.,อาการที่เดินห่มตัว ถือกันว่าเป็นลักษณะไม่ดี เข้าในพวกว่า ยักหล่มถ่มร้าย กระทืบธรณี.
กระทืบยอบ 0,น.,"ชื่อไม้ล้มลุก ๓ ชนิด คือ Biophytum adiantoides Wight ex Edgew. et Hook. f., B. petersianum Klotzsch และ B. sensitivum (L.) DC. ในวงศ์ Oxalidaceae ต้นเล็ก ๆ ใบคล้ายใบผักกระเฉด เมื่อถูกกระเทือนหุบได้ ดอกสีเหลือง, กระทืบยอด ก็เรียก."
กระทุ 0,น.,"ชื่อไม้พุ่มชนิด Rhodomyrtus tomentosa (Aiton) Hassk. ในวงศ์ Myrtaceae ขึ้นชุมตามป่าโปร่งทางปักษ์ใต้ ใบหนา สีเขียวแก่ ออกเป็นคู่ ๆ ตามกิ่ง บางทีออกเป็น ๓ ใบจากข้อเดียวกัน ด้านล่างของใบมีขนทึบสั้น ๆ ดอกสีชมพู สัณฐานคล้ายกุหลาบลาขนาดเล็ก ๆ ออกตามง่ามใบ ดอกเดี่ยวหรือเป็นช่อ ๒-๓ ดอกก็มี ผลกลม เมื่อสุกสีม่วงดำ กินได้ มีรสหอมหวาน, ทุ พรวด พรวดใหญ่ หรือ พรวดกินลูก ก็เรียก."
กระทุง 0,น.,ชื่อนกนํ้าขนาดใหญ่ชนิด Pelecanus philip-pensis Gmelin ในวงศ์ Pelecanidae ตัวขนาดห่าน ขนสีขาวหรือสีเทา ปากยาวใหญ่ ระหว่างขากรรไกรล่างมีลักษณะเป็นถุงขนาดใหญ่สำหรับจับปลาทีละมาก ๆ อาศัยอยู่ตามแม่นํ้าลำคลองและชายทะเล.
กระทุ้ง 0,ก.,"เอาสิ่งที่มีลักษณะยาวกระแทก เช่น เอาสามเกลอกระทุ้งดิน เอาศอกกระทุ้งสีข้าง, ทุ้ง ก็ว่า, โดยปริยายหมายความว่า หนุนให้กระทำหรือกล่าวแสดงออกมา เช่น กระทุ้งให้ร้องเพลง."
กระทุงลาย 0,ก.,"ชื่อไม้เถาเนื้อแข็งชนิด Celastrus paniculatus Willd. ในวงศ์ Celastraceae ใบรูปไข่ปลายแหลม ขอบจักถี่ ดอกเล็กขาว ๆ เหลือง ๆ ออกเป็นช่ออยู่ปลายกิ่ง ผลเท่าเมล็ดถั่วลันเตา เมื่อแก่แตกเป็น ๓ กลีบ นํ้ามันจากเมล็ดใช้ทำยา ตามไฟ หรือเคลือบกระดาษกันนํ้าซึม, กระทุงลาย หรือ มะแตก ก็เรียก."
กระทุ้งเส้า 0,ก.,เอาไม้เส้ากระทุ้งเพื่อให้จังหวะฝีพาย สำหรับเรือในกระบวนพยุหยาตราทางชลมารค.
กระทุงหมาบ้า 0,น.,"ชื่อไม้เถาชนิด Dregea volubilis (L. f.) Benth. ex Hook. f. ในวงศ์ Asclepiadaceae มียางขาวเป็นพิษ ใบมนหรือรูปไข่ ปลายแหลม โคนใบเว้าหรือป้าน ออกเป็นคู่ตรงข้ามกันตามลำต้น ดอกสีเขียวอ่อนเป็นพวงกลม ใช้ทำยา, ฮ้วนหมู ก็เรียก."
กระทุงเหว 0,น.,"ชื่อปลาผิวนํ้าทุกชนิด ในวงศ์ Belonidae และ Hemiramphidae ลำตัวกลมยาวคล้ายปลาเข็ม กระดูกปากทั้งตอนบนและล่างหรือเฉพาะตอนล่างยื่นยาวแหลม หางเป็นแฉก บ้างก็ตัดเฉียงลงมากน้อยหรือกลมแล้วแต่ชนิดหรือสกุล ส่วนใหญ่พบในเขตนํ้ากร่อยหรือชายทะเล เช่น ชนิดในสกุล Hemiramphus, Hyporhamphus, Rhynchorhamphus, Tylosurus, Strongyluraและ Zenarchopterusชนิดที่พบในทะเลห่างฝั่งและบริเวณรอบเกาะ คือ กระทุงเหวบั้ง [ Ablennes hians (Valenciennes)] ซึ่งมีชุกชุมที่สุด บางชนิดพบอาศัยอยู่ในนํ้าจืด เช่น กระทุงเหวเมือง [ Xenentodon cancila (Hamilton)] ขนาดยาวได้ถึง ๑.๒๕ เมตร, เข็ม ก็เรียก."
กระทุน 0,น.,"ชื่อแมลงพวกแมลงปอ แมลงปอเข็ม และแมลงช้างตัวเต็มวัยซึ่งมีลักษณะคล้ายแมลงปอ แต่มีหนวดยาว, ในบางจังหวัด เช่น นครปฐม ราชบุรี สุพรรณบุรี สมุทรสาคร สมุทรสงคราม สมุทรปราการ เรียก กระทุน กระชุน หรือ ปะทุน."
กระทุ่ม 0,น.,"ชื่อไม้ต้นขนาดกลางและขนาดใหญ่ชนิด Anthocephalus chinensis (Lam.) A. Rich. ex Walp. ในวงศ์ Rubiaceae ใบออกเป็นคู่ตรงข้ามกัน ตามลำกิ่งและระหว่างก้านใบมีหูใบรูปสามเหลี่ยมปลายแหลมติดกับกิ่งทั้ง ๒ ด้าน ดอกเป็นช่อกลมสีเหลืองอ่อน หอม เนื้อไม้เหลืองหรือขาว ใช้ทำเสากระดาน และเยื่อกระดาษชนิดเลวได้, กระทุ่มบก ตะกู หรือ ตะโกส้ม ก็เรียก."
กระทุ่ม 1,ก.,เอาเท้าตีนํ้าเมื่อเวลาว่ายนํ้า
กระทุ่ม 2,ก.,ตี เช่น กรกระทุ่มทรวงครวญ รํ่าร้อง (เพชรมงกุฎ)
กระทุ่ม 3,ก.,โดยปริยายหมายความว่า ผ่า เช่น ฟ้ากระทุ่มทับลง (แช่งน้ำ).
กระทุ่มขี้หมู 0,น.,"ชื่อไม้ต้นขนาดกลาง ๒ ชนิดในสกุล Mitragyna วงศ์ Rubiaceae ใบเดี่ยว ออกตรงข้ามกัน ชนิด M. diversifolia (Wall. ex G. Don) Havil. ใบยาวรีเล็ก, กระทุ่มนา หรือ ตุ้มแซะ ก็เรียก ชนิด M. rotundifolia (Roxb.) Kuntze ใบกลม โคนใบเว้า ขนาดใหญ่กว่าชนิดแรก, กระทุ่มขี้หมู กระทุ่มหมู หรือ ตุ้มกว้าว ก็เรียก."
กระทุ่มนา 0,น.,"ชื่อไม้ต้นขนาดกลาง ๒ ชนิดในสกุล Mitragyna วงศ์ Rubiaceae ใบเดี่ยว ออกตรงข้ามกัน ชนิด M. diversifolia (Wall. ex G. Don) Havil. ใบยาวรีเล็ก, กระทุ่มนา หรือ ตุ้มแซะ ก็เรียก ชนิด M. rotundifolia (Roxb.) Kuntze ใบกลม โคนใบเว้า ขนาดใหญ่กว่าชนิดแรก, กระทุ่มขี้หมู กระทุ่มหมู หรือ ตุ้มกว้าว ก็เรียก."
กระทุ่มหมู 0,น.,"ชื่อไม้ต้นขนาดกลาง ๒ ชนิดในสกุล Mitragyna วงศ์ Rubiaceae ใบเดี่ยว ออกตรงข้ามกัน ชนิด M. diversifolia (Wall. ex G. Don) Havil. ใบยาวรีเล็ก, กระทุ่มนา หรือ ตุ้มแซะ ก็เรียก ชนิด M. rotundifolia (Roxb.) Kuntze ใบกลม โคนใบเว้า ขนาดใหญ่กว่าชนิดแรก, กระทุ่มขี้หมู กระทุ่มหมู หรือ ตุ้มกว้าว ก็เรียก."
กระทู้ 0,น.,ลำไม้ไผ่ช่วงโคนที่เอามาปักเป็นเสารั้ว
กระทู้ 1,น.,"หลัก เช่น ช้างพังพลายเป็นสัตว์มีคุณแล้วก็เป็นกระทู้ราชการสำหรับแผ่นดินสืบมา (ท้องตราโบราณ วชิรญาณรายเดือน เล่ม ๗), ประการหนึ่งปืนเป็นกระทู้การสงคราม (เรื่องตั้งเจ้าพระยานครศรีธรรมราชครั้งกรุงธนบุรี ประชุมพงศ. ๒)."
กระทู้ 2,น.,หัวข้อหรือข้อความที่ตั้งให้อธิบาย เช่น กระทู้ธรรม กระทู้ถาม
กระทู้ 3,น.,ในฉันทลักษณ์ หมายเอาข้อความอันเป็นเค้าเงื่อนนำหน้าบทกลอน เช่น โคลงที่แต่งตามเค้าเงื่อนนั้น เรียกว่า โคลงกระทู้.
กระทู้ 4,น.,"ชื่อหนอนผีเสื้อกลางคืนหลายชนิดหลายสกุล ในวงศ์ Noctuidae ลำตัวรูปทรงกระบอก ยาว ๓-๔ เซนติเมตร ผิวเป็นมัน มีขนตามลำตัวน้อย ส่วนใหญ่สีน้ำตาลคลํ้า ทางด้านท้องสีอ่อนกว่า มักมีแถบหรือเส้นสีต่าง ๆ เช่น สีส้มอมนํ้าตาล เหลืองอมขาว พาดตามยาวที่สันหลังและข้างลำตัว มีขาจริง ๓ คู่ ขาเทียม ๕ คู่ กินพืช โดยมักกัดต้นพืชให้ขาดออกจากกัน ทำให้เหลือแต่ตอโผล่เหนือพื้นดิน มองคล้ายกระทู้หรือซอไม้ไผ่ที่ปักเป็นหลัก ชนิดที่รู้จักกันทั่วไป เช่น หนอนกระทู้ควายพระอินทร์หรือหนอนกระทู้คอรวง [ Mythimna separate (Walker)] ทำลายต้นข้าว, หนอนกระทู้ผัก [ Spodoptera litura (fabricius)] ที่กัดกินพืชผัก."
กระทู้ถาม 0,น.,คำถามในข้อเท็จจริงหรือนโยบายที่สมาชิกสภาที่ทำหน้าที่นิติบัญญัติตั้งถามฝ่ายบริหารให้ตอบในที่ประชุมแห่งสภานั้น ๆ หรือตอบเป็นหนังสือ.
กระเท่ 0,ว.,"เท่, เอียง."
กระเท่เร่ 0,ว.,"เอียงทื่ออยู่, เอียงไปมาก, มักพูดเข้าคู่กับ เอียง เป็น เอียงกระเท่เร่, โดยปริยายหมายความว่า ลำเอียงมาก."
กระเทียม 0,น.,"ชื่อไม้ล้มลุกชนิด Allium sativum L. ในวงศ์ Alliaceae คล้ายต้นหอม หัวเป็นกลีบ ๆ เมื่อแห้งสีขาว กลิ่นฉุน รสเผ็ดร้อน ใช้ปรุงอาหาร, พายัพเรียก หอมเตียม, อีสานเรียก หอมขาว, ปักษ์ใต้เรียก เทียม."
กระเทียมโทน 0,น.,กระเทียมที่มีหัวเดียว กลิ่นฉุน รสเผ็ดร้อน.
กระเทียมหอม 0,น.,ต้นหอม เช่น กระเทียมหอมรำแย้ ก็มี (ม. คำหลวง มหาพน).
กระเทือน 0,ก.,"มีอาการสั่นไหวเพราะถูกกระทบ เช่น นั่งรถที่แล่นไปตามทางขรุขระก็รู้สึกกระเทือน เสียงระเบิดทำให้บ้านกระเทือน, โดยปริยายหมายความว่า เป็นทุกข์กังวล เช่น เขาว่าลูกก็กระเทือนไปถึงแม่ ใครจะว่าอย่างไร ๆ ก็ไม่กระเทือน, บางทีก็ใช้เข้าคู่กับคำ กระทบ เป็น กระทบกระเทือน, สะเทือน ก็ว่า."
กระเทือนใจ 0,ก.,"ไม่สบายใจเพราะมีสิ่งใดสิ่งหนึ่งมากระทบ, สะเทือนใจ ก็ว่า."
กระเทือนซาง 0,ก.,เป็นทุกข์กังวลเพราะมีสิ่งใดสิ่งหนึ่งมากระทบความรู้สึกอย่างรุนแรง เช่น ว่าเท่าไร ๆ ก็ไม่กระเทือนซาง ถูกตำหนิอย่างแรงทำให้รู้สึกกระเทือนซาง.
กระเทื้อม 0,ก.,กระเทือน เช่น เสียงดังโครมใหญ่ไม่กระเทื้อม (อภัย)
กระเทื้อม 1,ก.,รู้สึกรู้สา เช่น ว่าเท่าไร ๆ ก็ไม่กระเทื้อม.
กระแทก 0,ก.,กระทบโดยแรง เช่น เอาหมัดกระแทกหน้า
กระแทก 1,ก.,โดยปริยายหมายถึง อาการที่พูดกระชากเสียงให้ดังผิดปรกติแสดงว่าไม่พอใจหรือโกรธ เช่น กระแทกเสียง.
กระแทกกระทั้น 0,ว.,อาการที่ลงเสียงหนักหรือกระแทกสิ่งของให้รู้ว่าไม่พอใจหรือโกรธ.
กระแทกแดกดัน 0,ว.,อาการที่กล่าวกระทบกระแทกหรือประชดเพราะความไม่พอใจ.
กระแท่น 0,ก.,"กระทบ, คำใช้ในบทร้องของเด็ก ใช้ว่า พายเรืออกแอ่นกระแท่นต้นกุ่ม."
กระแทะ 0,น.,"ยานชนิดลากขนาดเล็ก มี ๒ ล้อ ใช้วัวเทียม ตัวเรือนราบไม่ยกสูง มีทั้งชนิดโถงและประกอบหลังคา, ระแทะ หรือ รันแทะ ก็เรียก."
กระไทชาย 0,น.,"กระทาชาย, คนผู้ชาย, เช่น อันว่ากระไทชายผู้หนึ่ง (ม. คำหลวง กุมาร"
กระไทชาย 1,น.,มหาราช).
กระนก 0,น.,ทองคำ. (ไตรภูมิ). (ดู กนก).
กระน่อง 0,น.,"น่อง, อวัยวะส่วนหลังของแข้ง ตั้งแต่ขาพับลงไปถึงส้นเท้า, กระหน่อง ขะน่อง หรือ ขาน่อง ก็เรียก, อีสานว่า กะหน่อง หรือ กะน่อง."
กระนั้น 0,ว.,"นั้น, ดังนั้น, อย่างนั้น."
กระนี้ 0,ว.,"นี้, ดังนี้, อย่างนี้."
กระแนะกระแหน 0,ก.,"พูดกระทบหรือพูดเสียดสี, กระแหนะกระแหน ก็ว่า."
กระโน้น 0,ว.,"โน้น, เช่นโน้น, อย่างโน้น."
กระไน 0,น.,"ชื่อนกชนิดหนึ่ง, ตระไน ก็ว่า เช่น เขาคุ่มกระตรุมกระไตร ตระไนนี่สนั่นเสียง (สรรพสิทธิ์)."
กระบก 0,น.,"ชื่อไม้ต้นขนาดใหญ่ชนิด Irvingia malayana Oliv. ex A. W. Benn. ในวงศ์ rvingiaceae ใบรูปไข่ผลเท่ามะกอกหรือมะปรางขนาดเขื่อง เมล็ดแข็ง เนื้อในขาว มีรสมัน กินได้, ตระบก มะมื่น หรือ มะลื่น ก็เรียก."
กระบกคาย 0,น.,"ชื่อไม้ต้นขนาดใหญ่ชนิด Bhesa robusta (Roxb.) Ding Hou ในวงศ์ Celastraceae ลำต้นแดงคลํ้า ใบยาวปลายแหลม เลื่อมเป็นมัน, ประดงแดง กระบกคาย ชมัน ละโมก หรือ พรมคด ก็เรียก."
กระบถ 0,น.,"การประทุษร้ายต่อทางอาณาจักร, ความทรยศ, ขบถ."
กระบม 0,น.,"ภาชนะชนิดหนึ่ง ทำด้วยไม้ขุด รูปวงกลมมีขอบ ด้ามสั้น สำหรับสงข้าวเหนียวที่นึ่งสุกใหม่ ๆ หรือคนข้าวเหนียวนึ่งให้ลดความร้อนก่อนนำไปใส่ในกล่องข้าว หรือใช้เป็นภาชนะรองถ้วยชามอย่างสำรับ, กระโบม ก็เรียก, อีสานและพายัพว่า กะบมหรือกะโบม."
กระบวน 0,น.,"หมู่คนหรือพาหนะเป็นต้นที่จัดเป็นแถวเป็นแนวหรือเป็นหมวดเป็นหมู่ตามแบบแผน เช่น กระบวนพยุหยาตรา กระบวนทัพ, แบบแผน เช่น กระบวนหนังสือไทย, ชั้นเชิง เช่น ทำกระบวน งามกระบวนเนตรเงาเสน่ห์งำ"
กระบวน 1,น.,ลำดับ เช่น แลขุนหมื่นชาวสานทังปวงเฝ้าตามกระบวน (สามดวง)
กระบวน 2,น.,"วิธีการ เช่น จัดกระบวนพิจารณาอรรถคดีในโรงศาล, ใช้เข้าคู่กับคำ กระบิด เป็น กระบิดกระบวน."
กระบวนกระบิด 0,น.,"แสร้งทำชั้นเชิงเพื่อถ่วงเวลาหรือเรียกร้องความสนใจเป็นต้น เช่น ทั้งกระบวนกระบิดติดปั้นปึ่ง (ไกรทอง), กระบิดกระบวน ก็ว่า."
กระบวนการ 0,น.,"ปรากฏการณ์ธรรมชาติที่ค่อย ๆ เปลี่ยนแปลงอย่างมีระเบียบ ไปสู่ผลอย่างหนึ่ง เช่น กระบวนการเจริญเติบโตของเด็ก, กรรมวิธีหรือลำดับการกระทำซึ่งดำเนินต่อเนื่องกันไปจนสำเร็จลง ณ ระดับหนึ่ง เช่น กระบวนการเคมีเพื่อผลิตสิ่งใดสิ่งหนึ่ง."
กระบวนการยุติธรรม 0,น.,ขั้นตอนและวิธีดำเนินการในการบังคับการให้เป็นไปตามกฎหมายเพื่ออำนวยความยุติธรรม คุ้มครองสิทธิ และเสรีภาพของบุคคล.
กระบวนความ 0,น.,แบบแผนของเนื้อความหรือเรื่องราว เช่น ครบถ้วนกระบวนความ.
กระบวนจีน 0,น.,"วิธีการที่นำแบบอย่างศิลปะของจีนมาดัดแปลงหรือประกอบในงานจิตรกรรม ประติมากรรม สถาปัตยกรรม และมัณฑนศิลป์ของไทย, เรียกลวดลายผ้าแพร โดยมากเป็นรูปประแจ กะแปะ มังกร ว่า ลายกระบวนจีน."
กระบวนท่า 0,น.,แม่ไม้ที่เป็นหลักในวิชากระบี่กระบองหรือมวยเป็นต้น.
กระบวนฝรั่ง 0,น.,วิธีการที่นำแบบอย่างศิลปะของตะวันตกมาดัดแปลงหรือประกอบในงานจิตรกรรม ประติมากรรม สถาปัตยกรรม และมัณฑนศิลป์ของไทยในบางสมัย.
กระบวย 0,น.,ภาชนะสำหรับตักนํ้า เดิมทำด้วยกะโหลกมะพร้าวขนาดเล็ก มีด้ามถือ.
กระบวร 0,ก.,"แต่ง, ประดับ."
กระบวร 1,ว.,งาม.
กระบอก 0,น.,"ไม้ไผ่ที่ตัดเป็นท่อน, ของอื่น ๆ ที่มีรูปคล้ายคลึงเช่นนั้น เช่น กระบอกปืน กระบอกตา"
กระบอก 1,น.,ลักษณนามบอกสัณฐาน สำหรับใช้กับของกลมยาวแต่กลวง เช่น ข้าวหลาม ๓ กระบอก
กระบอก 2,น.,เสื้อชนิดหนึ่งในสมัยรัชกาลที่ ๔ แขนยาว ช่วงตัวสั้นเสมอบั้นเอว แขนรัด ตัวรัด คอสูง เรียกว่า เสื้อกระบอก
กระบอก 3,น.,หุ่นชนิดหนึ่ง มีแต่ส่วนหัวและมือ ๒ ข้าง ลำตัวทำด้วยไม้กระบอก มีผ้าเย็บเป็นถุงคลุม เวลาเชิดใช้มือสอดเข้าไปจับไม้กระบอกนั้นเชิด เรียกว่า หุ่นกระบอก
กระบอก 4,น.,"รูปตันที่กำเนิดขึ้นจากการเขียนรูปสี่เหลี่ยมผืนผ้า โดยใช้ด้านใดด้านหนึ่งเป็นแกนแล้วหมุนโดยรอบฐาน ปลายทั้ง ๒ ข้างมีหน้าเป็นวงกลม เรียกว่า รูปทรงกระบอก หรือ รูปกระบอก, ลักษณะได้แก่ รูปที่มีสัณฐานกลมยาวและตรงซึ่งมีส่วนสัดกลมเท่ากันตั้งแต่ต้นจนปลาย. (อ. cylinder)."
กระบอก 5,น.,"ชื่อปลานํ้ากร่อยและปลาทะเลหลายชนิด ในสกุล Liza, Valamugil, Oedalechilus และ Mugil วงศ์ Mugilidae ลำตัวค่อนข้างกลม ปากเล็ก มีครีบหลัง ๒ ตอน เกล็ดใหญ่สีเงิน มีหลายชนิด ขนาดยาวได้ถึง ๑ เมตร มีชื่อเรียกแตกต่างกัน เช่น กระบอกท่อนไต้ [ L. vaigiensi (Qnoy & Gaimard)] กระบอกดำ [ L. parsia (Hamilton-Buchanan)] กระบอกขาว [ V. seheli (Forsskål)], กระเมาะ หรือ ละเมาะ ก็เรียก สำหรับปลาขนาดเล็ก, ปักษ์ใต้เรียก หมก หรือ มก."
กระบอก 6,น.,"ดอกไม้, กลีบดอกไม้, เช่น กระบอกทิพย์ผกากวน กาเมศ กูเอย (นิ. นรินทร์), กว่ากลิ่นกระบอกบง- กชเกศเอาใจ (เสือโค), ใช้ว่า ตระบอก ก็มี."
กระบอก 7,น.,ชื่อเพลงไทย อัตราชั้นเดียว สมัยอยุธยา มี ๔ เพลง คือ เพลงกระบอก เพลงกระบอกเงิน เพลงกระบอกทอง และเพลงกระบอกนาก.
กระบอกตา 0,น.,เบ้าตา.
กระบอกเพลา 0,น.,ไม้แข็งเช่นเต็งรัง ทำเป็นปลอกตอกอัดไว้ในรูดุมเกวียน สำหรับสอดเพลาเข้าในรูนั้นป้องกันมิให้รูดุมคราก.
กระบอกสูบ 0,น.,ส่วนของเครื่องจักรเครื่องยนต์ ลักษณะเป็นโพรงรูปกระบอกอยู่ในเสื้อสูบ เป็นช่องสำหรับบังคับให้ลูกสูบเคลื่อนไปมา.
กระบอกเสียง 0,น.,ผู้เป็นปากเป็นเสียงแทน.
กระบอกหัว 0,น.,"กะโหลกหัว เช่น อีกกระบอกหววมึงกูจะผ่า (ม. คำหลวง ชูชก), ปักษ์ใต้ว่า บอกหัว."
กระบอง 0,น.,"ไม้ใช้เป็นอาวุธสำหรับใช้ตี มีรูปกลมบ้าง เหลี่ยมบ้าง, ใช้ว่า ตระบอง ก็มี."
กระบองกลึง 0,น.,ไม้กลึงเป็นรูปกระบองอย่างยาว สำหรับถือเข้าขบวนแห่ช้างสำคัญ.
กระบองกัน 0,น.,"ชื่อเพลงไทยประเภทเพลงหน้าพาทย์, กระบองกัน ก็ว่า."
กระบองเพชร 0,น.,"ใบตาลที่ขมวดปลายคล้ายรูปหัวนก ลงอักขระตามยาวของใบ เป็นเครื่องรางของขลังสำหรับใช้ในพิธีตรุษและโกนจุก, ตะบองเพชร ก็เรียก."
กระบองเพชร 1,น.,"ชื่อไม้พุ่มชนิด Cereus hexagonus (L.) Mill. ในวงศ์ Cactaceae ลำต้นสูง ๓-๕ เมตร ลำต้นและกิ่งกลม หยักเป็นร่องโดยรอบ มีหนามละเอียด ดอกใหญ่ สีขาว กลิ่นหอม บานกลางคืน มักปลูกเป็นรั้วบ้าน, ตะบองเพชร ก็เรียก, พายัพ เรียก เขียะ หรือ หนามเขียะ."
กระบองราหู 0,น.,"ชื่อโรคซางชนิดหนึ่ง เกิดแก่ทารกแรกเกิดจนถึงอายุ ๑๒ เดือน, ตะบองราหู ละบองราหู หรือ ลำบองราหู ก็เรียก."
กระบะ 0,น.,"ภาชนะไม้ก้นแบนมีขอบ ใช้อย่างถาด, ใช้ว่า ตระบะ ก็มี"
กระบะ 1,น.,ชื่อรถชนิดหนึ่งใช้บรรทุกสิ่งของ ทำตัวถังเป็นรูปอย่างกระบะ เรียกว่า รถกระบะ.
กระบัด 0,ว.,"ประเดี๋ยว, บัดใจ, ทันใด, เช่น อาวุธกับศรก็ตกกระบัดเหอรหาย (สมุทรโฆษ), ตระบัด ก็ใช้."
กระบัด 1,ก.,"ฉ้อโกง เช่น กระบัดสิน, ตระบัด ประบัด หรือ สะบัด ก็ใช้."
กระบั้วกระเบี้ย 0,ว.,"กระปั้วกระเปี้ย, กะปลกกะเปลี้ย, เดินไม่คล่องแคล่ว (อย่างผู้รื้อไข้)."
กระบา 0,ว.,"ชื่อนกขนาดเล็กถึงขนาดกลางหลายชนิด ในวงศ์ Caprimulgidae และในวงศ์ Eurostopodidae ขนนุ่มสีนํ้าตาลเทา มีลายกระขาว หากินในเวลากลางคืน กลางวันจะพรางตัวซ่อนอยู่ตามพื้นดิน กินแมลง เช่น ตบยุงหางยาว ( Caprimulgus macrurusHorsfield) ตบยุงเล็ก ( C. asiaticus Latham) ตบยุงภูเขา ( C. indicus Latham) ซึ่งจัดไว้ในวงศ์ Caprimulgidae, ตบยุงยักษ์ [ Eurostopodus macrotis (Vigors)] ตบยุงพันธุ์มลายู [ E. temminckii (Gould)] ซึ่งจัดไว้ในวงศ์ Eurostopdidae, กระบา กระบ่า หรือ กระบ้า ก็เรียก."
กระบ่า 0,ว.,"ชื่อนกขนาดเล็กถึงขนาดกลางหลายชนิด ในวงศ์ Caprimulgidae และในวงศ์ Eurostopodidae ขนนุ่มสีนํ้าตาลเทา มีลายกระขาว หากินในเวลากลางคืน กลางวันจะพรางตัวซ่อนอยู่ตามพื้นดิน กินแมลง เช่น ตบยุงหางยาว ( Caprimulgus macrurusHorsfield) ตบยุงเล็ก ( C. asiaticus Latham) ตบยุงภูเขา ( C. indicus Latham) ซึ่งจัดไว้ในวงศ์ Caprimulgidae, ตบยุงยักษ์ [ Eurostopodus macrotis (Vigors)] ตบยุงพันธุ์มลายู [ E. temminckii (Gould)] ซึ่งจัดไว้ในวงศ์ Eurostopdidae, กระบา กระบ่า หรือ กระบ้า ก็เรียก."
กระบ้า 0,ว.,"ชื่อนกขนาดเล็กถึงขนาดกลางหลายชนิด ในวงศ์ Caprimulgidae และในวงศ์ Eurostopodidae ขนนุ่มสีนํ้าตาลเทา มีลายกระขาว หากินในเวลากลางคืน กลางวันจะพรางตัวซ่อนอยู่ตามพื้นดิน กินแมลง เช่น ตบยุงหางยาว ( Caprimulgus macrurusHorsfield) ตบยุงเล็ก ( C. asiaticus Latham) ตบยุงภูเขา ( C. indicus Latham) ซึ่งจัดไว้ในวงศ์ Caprimulgidae, ตบยุงยักษ์ [ Eurostopodus macrotis (Vigors)] ตบยุงพันธุ์มลายู [ E. temminckii (Gould)] ซึ่งจัดไว้ในวงศ์ Eurostopdidae, กระบา กระบ่า หรือ กระบ้า ก็เรียก."
กระบาก 0,น.,ชื่อไม้ต้นขนาดใหญ่หลายชนิดในสกุล Anisoptera วงศ์ Dipterocarpaceae ขึ้นในป่าดิบทั่วไป ลำต้นตรง สูง ๓๐-๔๐ เมตร เนื้อไม้ใช้ในการก่อสร้างที่ไม่ต้องรับนํ้าหนัก โดยมากใช้เป็นไม้แบบหล่อคอนกรีต.
กระบาย 0,น.,ภาชนะสานรูปคล้ายกระบุง แต่มีขนาดเล็กกว่า ปากกลม ก้นสี่เหลี่ยม.
กระบาล 0,น.,"ส่วนกลางของกะโหลกศีรษะ, หัว, (คำไม่สุภาพ) เช่น ตีกระบาล เขกกระบาล, (โบ) เขียนเป็น กระบาน ก็มี เช่น เพิกหนังทังผมนั้นออกเสียแล้วเอากรวดทรายขัดกระบานศีศะชำระให้ขาวเหมือนพรรณศรีสังข์ (สามดวง)"
กระบาล 1,น.,แผ่นกระเบื้อง เช่น ปรุตรุเคลือบกระบาลหิน (จารึกวัดโพธิ์)
กระบาล 2,น.,ลานกลางหมู่บ้าน เรียกว่า กระบาลบ้าน.
กระบิ 0,น.,แท่ง แผ่น ชิ้น หรือส่วนที่บิหรือแยกออกจากส่วนใหญ่.
กระบิ 1,น.,หญ้าที่ซับซ้อนกันอยู่ในที่ลุ่มหรือในหนอง เช่น ตัดกระบิในหนองเป็นสองหน (ไกรทอง).
กระบิ้ง 0,น.,"พื้นที่ในกระทงนาเล็ก ๆ, ตะบิ้ง ก็เรียก."
กระบิด 0,ก.,บิดเชือกหรือตอกให้เขม็งจนขอดเป็นปม.
กระบิดกระบวน 0,ก.,"แสร้งทำชั้นเชิงเพื่อถ่วงเวลาหรือเรียกร้องความสนใจเป็นต้น เช่น ทำจริตกระบิดกระบวนสะบิ้งสะบัด (ม. ร่ายยาว ชูชก), กระเบ็ดกระบวน ก็ใช้ เช่น อย่ากระเบ็ดกระบวนนักเลย."
กระบิล 0,น.,"ระเบียบ, หมู่."
กระบี่ 0,น.,ลิง เช่น ขุนกระบี่มีกำลังโดดโลดโผน กระโจมโจนจับยักษ์หักแขนขา (รามเกียรติ์ ร. ๒).
กระบี่ 1,น.,อาวุธชนิดหนึ่ง ใบแบนยาว ปลายแหลม มีคมข้างหนึ่งหรือทั้ง ๒ ข้าง ด้ามสั้น ที่ด้ามถืออาจมีโกร่งหรือไม่มีก็ได้ มีฝัก.
กระบี่กระบอง 0,น.,ชื่อการเล่นชนิดหนึ่ง ต่อสู้กันด้วยกระบี่และกระบองเป็นต้น.
กระบี่ธุช 0,น.,ชื่อธงมีลักษณะเป็นธงสามชาย ๓ ผืน ผืนธงทำด้วยผ้าปักไหมทองเป็นลวดลายเครือกระหนก สอดร่วมอยู่ในคันธงเดียวกันซึ่งเป็นเหล็กและทำเป็นกิ่งแยกจากคันกลางทางด้านซ้ายและด้านขวา ปลายคันธงทำเป็นรูปใบหอก ที่โคนคันธงตรงส่วนสวมต่อคันธงท่อนล่างติดรูปหนุมานในท่ายืนยกขาหน้าและขาหลังข้างขวาเตรียมเหาะ ใช้เชิญนำหน้าพระราชยานในกระบวนพยุหยาตรา และเชิญประดิษฐานในพิธีมณฑลในการพระราชพิธีต่าง ๆ เข้าคู่กับธงพระครุฑพ่าห์ โดยธงกระบี่ธุชอยู่ทางด้านซ้าย และธงพระครุฑพ่าห์อยู่ทางด้านขวา.
กระบี่ลีลา 0,น.,ชื่อเพลงไทย อัตรา ๒ ชั้น สมัยอยุธยา
กระบี่ลีลา 1,น.,ชื่อหน้าทับเพลงกลองแขกแบบหนึ่ง ใช้บรรเลงในการรำไหว้ครูกระบี่กระบอง หรือใช้ในการขับร้อง มีทั้งที่เป็นอัตรา ๒ ชั้น และเพลงเถา.
กระบือ 0,น.,ควาย (มักใช้เป็นทางการ) เช่น รูปพรรณโคกระบือ.
กระบือเจ็ดตัว 0,น.,"ชื่อไม้พุ่มชนิด Excoecaria cochinchinensis Lour. ในวงศ์ Euphorbiaceae สูง ๑-๒ เมตร ใบด้านบนสีเขียว ด้านล่างสีแดงเลือดหมู ใช้ทำยาได้, ลิ้นกระบือ ก็เรียก, จันทบุรีเรียก ใบท้องแดง."
กระบุง 0,น.,"ภาชนะสานทึบรูปกลมสูง พื้นก้นเป็นสี่เหลี่ยม, ลักษณนามใช้เปรียบเทียบในความหมายว่า มาก เช่น เขาบ่นไม่รู้กี่กระบุง."
กระบุง 1,ว.,มาก เช่น เขาระเบิดความในใจออกมาเป็นกระบุง.
กระบุงโกย 0,ว.,จำนวนมาก เช่น มีข้าวของเป็นกระบุงโกย.น. ลักษณนามใช้เปรียบเทียบในความหมายว่า จำนวนมาก เช่น จะไปต่างจังหวัดแค่ ๒ วัน ขนเสื้อผ้ามาตั้งกี่กระบุงโกย.
กระบุ่มกระบ่าม 0,ว.,"บุ่ม ๆ บ่าม ๆ, ซุ่มซ่าม."
กระบู้กระบี้ 0,ว.,"บู้ ๆ บี้ ๆ มาก, บุบแฟบ."
กระบูน 0,น.,ตะบูนขาว. (ดู ตะบูน).
กระบูนเลือด 0,น.,ชื่อว่านชนิดหนึ่ง หัวและต้นดั่งขมิ้นอ้อย ต้นและใบเขียว หัวขนาดหัวเผือก กลมเกลี้ยงเป็นมัน มีปล้องห่าง ๆ เนื้อขาว ฉุนร้อน ถ้าเคี้ยวจะทำให้ฟันโยก เชื่อกันว่าใช้ฝนกับนํ้าปูนใสหรือต้มเสียก่อนก็ได้ กินแก้ดานเลือด ดานลม และกระชับมดลูกให้แห้งสนิท.
กระบูร 0,ก.,"แต่ง, ประดับ."
กระบูร 1,ว.,งาม.
กระเบง 0,ก.,เบ่ง เช่น ระด่าวตึงกระเบงแขน (อนิรุทธ์)
กระเบง 1,ก.,"ตะเบ็ง, กระเบญ ก็ใช้."
กระเบญ 0,ก.,กระเบง เช่น กุมกระบอง กระเบญหาญ (สมุทรโฆษ).
กระเบ็ดกระบวน 0,น.,กระบิดกระบวน.
กระเบน 0,น.,ชื่อปลากระดูกอ่อนพวกหนึ่ง มีหลายชนิด หลายสกุล และหลายวงศ์ ทั้งขนาดเล็กและขนาดใหญ่ ลำตัวกว้างตั้งแต่ ๑๕-๓๐๐ เซนติเมตร ลำตัวแบนลงมาก และต่อเนื่องกับครีบอกแผ่ออกด้านข้าง บางชนิดแผ่ออกไปจดด้านหน้าและด้านท้ายเกือบเป็นวงกลมดูคล้ายจานหรือว่าว บางชนิดแผ่ยื่นด้านข้างออกไปเป็นปีกคล้ายนกหรือผีเสื้อ และบางชนิดครีบอกแผ่ไปไม่ถึงส่วนหน้า ทำให้หัวแยกจากลำตัวและส่วนยื่นของหัวเป็นลอน มีเหงือก ๕ คู่ อยู่ด้านล่างของส่วนหัว บริเวณถัดจากส่วนท้ายของนัยน์ตามีรูเปิดข้างละช่อง ซึ่งด้านในติดต่อกับโพรงเหงือกและปาก หางส่วนมากเรียว สั้นบ้างยาวบ้าง มักมีผิวหยาบหรือขรุขระ บางพวกมีเงี่ยงอยู่บนหางตอนใกล้ลำตัว และมีต่อมน้ำพิษอยู่บริเวณโคนเงี่ยง เมื่อใช้เงี่ยงแทงจะปล่อยน้ำพิษออกมาด้วย ทำให้คนหรือสัตว์ที่ถูกแทงรู้สึกปวด
กระเบน 1,น.,เรียกชายผ้าที่เป็นส่วนกว้างของผ้านุ่งที่ประกบกันแล้วม้วนเฉียงสอดไปใต้หว่างขา ดึงขึ้นแล้วเอาชายไปเหน็บที่ขอบผ้านุ่งด้านหลังระดับบั้นเอว ว่า ชายกระเบน หรือ หางกระเบน
กระเบน 2,น.,บริเวณปลายกระดูกสันหลังช้าง เหนือโคนหาง เช่น ผูกกระเบนสักหลาดถกล สัปทนแดงกางกั้ง (กฐินพยุห).
กระเบนเนื้อดำ 0,น.,"ชื่อปลากระเบนทะเลชนิด Aetobatus narinari (Euphrasen) ในวงศ์ Myliobatidae ผิวหนังเรียบ ใกล้โคนหางด้านบนมีเงี่ยง ๑-๔ เงี่ยง เรียงอยู่ชิดกัน ด้านหลังสีดำมีจุดสีขาวกระจายอยู่ส่วนท้าย ด้านท้องสีขาว ขนาดกว้างได้ถึง ๔ เมตร, กระเบนเนื้อดำ ก็เรียก."
กระเบนเหน็บ 0,น.,ส่วนของร่างกายด้านหลังระดับบั้นเอว ตรงที่เหน็บชายกระเบน.
กระเบา 0,น.,"ชื่อไม้ต้นขนาดย่อมถึงขนาดใหญ่หลายชนิดในสกุล Hydnocarpus วงศ์ Flacourtiaceae เช่น กระเบาใหญ่หรือกระเบานํ้า ( H. anthelminthicaPierre ex Laness.) เป็นไม้ต้นขนาดใหญ่ ผลกลม เปลือกแข็ง มีขนสีนํ้าตาล ขนาดเท่าผลส้มโอขนาดย่อม เนื้อในเป็นแป้งสีเหลืองอ่อน ๆ กินได้ เมล็ดมีนํ้ามัน เคยใช้เป็นยาแก้โรคเรื้อน ต้นที่มีแต่ดอกเพศผู้ เรียกว่า แก้วกาหลง, กระเบากลักหรือกระเบียน ( H. ilicifolia King) เป็นไม้ต้นขนาดกลาง ผลกลม เปลือกแข็ง มีขนสีดำ ขนาดเท่าผลส้มเกลี้ยง."
กระเบา 1,น.,กระบี่ชนิดหนึ่ง ปลายแหลมเรียวอย่างหางกระเบน เรียกว่า กระเบาหางกระเบน.
กระเบิก 0,ก.,เบิก เช่น ปรดิพหุลดุลยปรดิมุข หุลดุลยอุกกลุก ก็เกริกกระเบิกหาวหบ (อนิรุทธ์).
กระเบียด 0,น.,มาตราวัดตามวิธีประเพณี ๑ กระเบียด เท่ากับ ๑ ใน ๔ ส่วนของนิ้ว.
กระเบียดกระตัก 0,ก.,เกี่ยงให้ตัวได้มาก.
กระเบียดกระเสียร 0,ก.,พยายามใช้จ่ายอย่างจำกัดจำเขี่ย.
กระเบียน 0,น.,กระเบากลัก. (ดู กระเบา ๑).
กระเบียน 1,น.,"ชื่อไม้ต้นผลัดใบขนาดเล็กชนิด Ceriscoides turgida (Roxb). Tirveng ในวงศ์ Rubiaceae ขึ้นในป่าเต็งรังและป่าเบญจพรรณ ต้นมีหนามห่าง ๆ เปลือกเรียบ ดอกเมื่อแรกบานสีขาว แล้วเปลี่ยนเป็นสีเหลืองอ่อน ผลคล้ายละมุดฝรั่ง แต่สุกแล้วแข็ง, กระดานพน มะกอกพราน หมุยขาว หรือ หัวโล้น ก็เรียก."
กระเบื้อง 0,น.,"วัสดุใช้มุงหลังคา ทำผนังหรือปูพื้น เป็นต้น ทำด้วยดินเผาหรือซีเมนต์ หรือวัสดุอื่น ๆ มักทำเป็นแผ่นสี่เหลี่ยม มีขนาดต่าง ๆ อาจมีสีหรือลวดลายก็ได้, เครื่องถ้วยชามที่ปั้นด้วยดินประสมอย่างดี เนื้อมีลักษณะแข็งและขาว เคลือบผิวเป็นมัน มีพื้นหรือลวดลายเป็นสีต่าง ๆ เรียกรวมว่า เครื่องกระเบื้อง, ชิ้นของเครื่องกระเบื้องที่แตกออก, กระทะแบน ๆ สำหรับละเลงขนมเบื้องเป็นต้น เดิมทำด้วยดินเผา แต่ปัจจุบันทำด้วยโลหะ"
กระเบื้อง 1,น.,ลักษณนามเรียกจำนวนข้าวเม่าเป็นต้นที่คั่วครั้งหนึ่ง ๆ เช่น ข้าวเม่ากระเบื้องหนึ่ง งา ๒ กระเบื้อง.
กระเบื้อง 2,น.,ชื่อแมลงพวกด้วงชนิด Mesomorphus vitalisiChatanay ในวงศ์ Tenebrionidae ลำตัวสีน้ำตาลดำ ยาวประมาณ ๖ มิลลิเมตร มักเกาะกินเชื้อราตามผนังบ้านหรือผนังโบสถ์ที่เก่าและชื้นเป็นจำนวนมาก เห็นเป็นปื้นสีดำคล้ายเอากระเบื้องสีดำมาปะไว้.
กระเบื้องกาบกล้วย 0,น.,"กระเบื้องมุงหลังคาชนิดหนึ่ง มีลักษณะเป็นกระเบื้อง ๒ แผ่นวางคร่อมกัน แผ่นคว่ำมีรูปร่างเหมือนกาบกล้วย ข้างใต้ตอนบนมีงวงหรือขอสำหรับยึดกับระแนง ส่วนแผ่นหงายที่อยู่ข้างล่างนั้นเป็นแผ่นแบนงอริมขึ้นทั้ง ๒ ข้าง มีขออยู่ตอนบนเพื่อเกี่ยวกับระแนง ปัจจุบันนิยมทำให้กระเบื้องแผ่นคว่ำและแผ่นหงายติดเป็นแผ่นเดียวกันเพื่อให้มีความคงทนมากขึ้น, กาบู ก็เรียก."
กระเบื้องเกล็ดเต่า 0,น.,กระเบื้องดินเผาปลายตัดเป็นมุมแหลม ผิวด้าน มีสีแดงตามเนื้อดิน ใช้มุงหลังคาโบสถ์วิหารเป็นต้น.
กระเบื้องขนมเปียกปูน 0,น.,"กระเบื้องสำหรับมุงหลังคารูปสี่เหลี่ยมขนมเปียกปูน ทำด้วยปูนซีเมนต์ ทราย และน้ำ, กระเบื้องว่าว กระเบื้องหน้าวัว หรือ กระเบื้องหน้างัว ก็เรียก."
กระเบื้องซีเมนต์ใยหิน 0,น.,กระเบื้องที่ทำจากปูนซีเมนต์โดยมีแร่ใยหิน และน้ำ เป็นส่วนผสมหลัก มีหลายชนิด ชนิดที่เป็นแผ่นเรียบเรียก กระเบื้องซีเมนต์ใยหินแผ่นเรียบ ใช้ทำผนังหรือฝ้าเพดาน ชนิดที่เป็นลอนเรียก กระเบื้องซีเมนต์ใยหินแผ่นลอน ซึ่งมีทั้งแบบลอนคู่ และลอนลูกฟูก ใช้ทำหลังคา.
กระเบื้องถ้วย 0,น.,"ชื่อไม้ต้นขนาดกลางชนิด Acronychia pedunculata (L.) Miq. ในวงศ์ Rutaceae ผลเล็ก สีเขียวอ่อนหรือสีนวล กินได้, กระเบื้องถ้วย เปล้าขลิบทอง ไพรสามกอ หรือ มะงัน ก็เรียก."
กระเบื้องถ้วยกะลาแตก 0,น.,"เศษภาชนะดินเผาที่แตกออกเป็นชิ้นเล็กชิ้นน้อย, โดยปริยายหมายถึงของเล็ก ๆ น้อย ๆ ไม่เป็นชิ้นเป็นอันที่ชำรุดหรือขาดชุดหมดราคา."
กระเบื้องปรุ 0,น.,กระเบื้องเคลือบจีน มีลายโปร่งสำหรับกรุตามผนังหรือกำแพงให้มีช่องลม.
กระเบื้องรู 0,น.,กระเบื้องเคลือบจีน มีลายโปร่งสำหรับกรุตามผนังหรือกำแพงให้มีช่องลม.
กระเบื้องว่าว 0,น.,"กระเบื้องสำหรับมุงหลังคารูปสี่เหลี่ยมขนมเปียกปูน ทำด้วยปูนซีเมนต์ ทราย และน้ำ, กระเบื้องขนมเปียกปูน กระเบื้องหน้าวัว หรือ กระเบื้องหน้างัว ก็เรียก."
กระเบื้องหน้างัว 0,น.,"กระเบื้องสำหรับมุงหลังคารูปสี่เหลี่ยมขนมเปียกปูน ทำด้วยปูนซีเมนต์ ทราย และน้ำ, กระเบื้องหน้างัว กระเบื้องว่าว หรือ กระเบื้องขนมเปียกปูน ก็เรียก."
กระเบื้องหน้าวัว 0,น.,กระเบื้องปูพื้นรูปสี่เหลี่ยมทำด้วยดินเผา
กระเบื้องหน้าวัว 1,น.,"กระเบื้องสำหรับมุงหลังคารูปสี่เหลี่ยมขนมเปียกปูน ทำด้วยปูนซีเมนต์ ทราย และน้ำ, กระเบื้องหน้างัว กระเบื้องว่าว หรือ กระเบื้องขนมเปียกปูน ก็เรียก."
กระแบ่ 0,น.,"กระแบะ เช่น เราจะให้บั่นให้แล่ ทุกกระแบ่จงหนำใจ (ลอ), ทุกกระแบ่เนื้อเห็นเปล่าเลย (ม. คำหลวง กุมาร)."
กระแบก 0,น.,"ต้นตะแบก เช่น หูกวางพรรค์กระแบก (ม. คำหลวง จุลพน), ตระแบก ก็เรียก."
กระแบกงา 0,ก.,แตกเป็นลายงา เช่น พลุกกระแบกงาแต่ต้น จนปลาย (ตำราช้างคำโคลง).
กระแบะ 0,น.,"แผ่น, ชิ้น, ส่วน, โบราณใช้ว่า กระแบ่."
กระแบะ 1,น.,ขนาดเล็ก เช่น มีที่ดินอยู่กระแบะมือเดียว.
กระแบะ 2,น.,ลักษณนามใช้เรียกฝาเรือนทรงไทยที่แยกออกได้เป็นส่วน ๆ.
กระแบะมือ 0,น.,ขนาดเล็ก เช่น มีที่ดินอยู่กระแบะมือเดียว.
กระโบม 0,ก.,"ตระโบม, โลมเล้า, กอด, เช่น ยักษ์ผยองโพยมแลกระโบมถนอมพนิดไคล (สรรพสิทธิ์)."
กระโบม 1,น.,"ภาชนะชนิดหนึ่ง ทำด้วยไม้ขุด รูปวงกลมมีขอบ ด้ามสั้น สำหรับสงข้าวเหนียวที่นึ่งสุกใหม่ ๆ หรือคนข้าวเหนียวนึ่งให้ลดความร้อนก่อนนำไปใส่ในกล่องข้าว หรือใช้เป็นภาชนะรองถ้วยชามอย่างสำรับ, กระบม ก็เรียก, อีสานและพายัพว่า กะบมหรือกะโบม."
กระปมกระปำ 0,ว.,"ปุ่มป่ำ, ปมเปา, ตะปุ่มตะป่ำ, เป็นปมเป็นก้อน."
กระปมกระเปา 0,ว.,"ปุ่มป่ำ, ปมเปา, ตะปุ่มตะป่ำ, เป็นปมเป็นก้อน."
กระปรอก 0,น.,ชื่อไต้ชนิดหนึ่ง ห่อด้วยใบพลวงหลายชั้น ลูกยาวใหญ่เหมือนไต้หาง แต่ไม่มีหาง ชาวทะเลและชาวชนบทชอบใช้สำหรับหาหอย กุ้ง ปลา เพราะดวงไฟใหญ่ไม่ใคร่ดับ.
กระปรอก 1,น.,นุ่น.
กระปรอก 2,น.,ชื่อเรียกเฟินอิงอาศัยหลายชนิดในสกุล Drynaria และ Platycerium วงศ์ Polypodiaceae.
กระปรอกว่าว 0,น.,"ชื่อเฟินอิงอาศัยชนิด Drynaria quercifolia (L.) J. Sm. ในวงศ์ Polypodiaceae ขึ้นเกาะตามต้นไม้ใหญ่ในป่าที่ชุ่มชื้น เหง้ามีขนเป็นปุยสีนํ้าตาลแก่คล้ายกระแต ใบมี ๒ ชนิด คือ ใบสร้างอับสปอร์ ยาวประมาณ ๑ เมตร เว้าเป็นแฉกลึกเกือบถึงเส้นกลางใบ และมีอับสปอร์เป็นจุด ๆ สีนํ้าตาลเข้มใต้ใบ ใบไม่สร้างอับสปอร์ ขนาดประมาณฝ่ามือ ขอบจักหยาบ ๆ สีนํ้าตาล แข็งติดอยู่กับเหง้าจนผุ ไม่หล่นเหมือนใบสร้างอับสปอร์ ทำหน้าที่กักปุ๋ย, กระปรอกว่าว ใบหูช้าง สไบนาง สะโมง หรือ หัวว่าว ก็เรียก."
กระปรี้กระเปร่า 0,ว.,"แคล่วคล่องว่องไว เพราะมีกำลังวังชา, กระฉับกระเฉง, ไม่เนิบนาบ."
กระปอก 0,น.,ชื่อไต้ชนิดหนึ่ง ห่อด้วยใบพลวงหลายชั้น ลูกยาวใหญ่เหมือนไต้หาง แต่ไม่มีหาง ชาวทะเลและชาวชนบทชอบใช้สำหรับหาหอย กุ้ง ปลา เพราะดวงไฟใหญ่ไม่ใคร่ดับ.
กระปอก 1,น.,นุ่น.
กระป้อกระแป้ 0,ว.,"ป้อแป้มาก, กำลังน้อย."
กระป่อง 0,ว.,ป่อง เช่น สักหน่อยหนึ่งมึงจะท้องกระป่องเหยาะ (อภัย).
กระป๋อง 0,น.,"ภาชนะทำด้วยเหล็กวิลาดหรือสังกะสีเป็นต้น มักมีรูปเป็นทรงกระบอก สำหรับบรรจุของต่าง ๆ เช่น กระป๋องนม กระป๋องน้ำ กระป๋องแป้ง, ลักษณนามว่า ใบ, ลูก."
กระปอดกระแปด 0,ว.,"อาการที่บ่นไม่รู้จักจบ, อาการที่บ่นรํ่ารี้ร่ำไร, ปอดแปด ก็ว่า."
กระป๋อหลอ 0,ว.,เหลอ (ใช้แก่หน้า) เช่น ก็หยุดยั้งนั่งหน้ากระป๋อหลอ (มณีพิชัย).
กระปั้วกระเปี้ย 0,ว.,"กระบั้วกระเบี้ย, กะปลกกะเปลี้ย, ไม่คล่องแคล่ว, ไม่แข็งแรง."
กระป่ำ 0,ว.,"เป็นปุ่มป่ำ เช่น บนเขากระป่ำ (ม. คำหลวง กุมาร), มักใช้เข้าคู่กับคำ กระปุ่ม เป็น กระปุ่มกระป่ำ."
กระป่ำ 1,ว.,อร่อย เช่น อนี้ต้นหว้าหวานกระป่ำ (ม. คำหลวง กุมาร
กระป่ำ 2,ว.,มัทรี).
กระปุก 0,น.,"ภาชนะเครื่องปั้นดินเผาหรือแก้วเป็นต้น รูปป้อม ๆ เตี้ย ๆ ขนาดเล็ก โดยมากปากแคบ ก้นสอบ, ลักษณนามเรียกทะลายของผลระกำหรือผลจาก เช่น ผลระกำกระปุกหนึ่ง ผลจาก ๒ กระปุก."
กระปุ๊กลุก 0,ว.,อ้วนกลมน่าเอ็นดู.
กระปุกหลุก 0,ว.,อ้วนกลมน่าเอ็นดู.
กระปุ่ม 0,น.,"เครื่องสานชนิดหนึ่ง ส่วนล่างใหญ่ ส่วนบนเล็ก รูปกลม มีฝาสวมลงลึก สำหรับใส่สิ่งของ พ่อค้าหาบเร่มักใช้, อีสานว่า กะปุ่ม."
กระปุ่มกระป่ำ 0,ว.,มีปุ่มป่ำมาก เช่น ดูกระปุ่มกระปิ่มตุ่มติ่มเต็ม (นิ. เพชร).
กระปุ่มกระปิ่ม 0,ว.,มีปุ่มป่ำมาก เช่น ดูกระปุ่มกระปิ่มตุ่มติ่มเต็ม (นิ. เพชร).
กระปูด 0,ว.,"ชื่อนกขนาดกลางในวงศ์ Cuculidae ปากแหลมสั้นหนา ตาสีแดง ลำตัวเพรียว หัว คอ และลำตัวมีขนสีดำ ปีกสั้นสีน้ำตาลแดง หากินตามพื้นป่าโปร่ง บินได้ในระยะสั้น ๆ ร้องเสียง “ปูด ๆ ” มี ๓ ชนิด คือ กะปูดใหญ่ [ Centropus sinensis (Stephens)] กะปูดเล็ก [ C. bengalensis (Gmelin)] และกะปูดนิ้วสั้น ( C. rectunguisStrickland), ปูด หรือ กระปูด ก็เรียก, พายัพเรียก ก้นปูด."
กระเป๋า 0,น.,เครื่องใช้รูปคล้ายถุงหรือกระเพาะ ทำด้วยหนังบ้าง ผ้าบ้าง สำหรับใส่เงินหรือของต่าง ๆ ใช้คาดเอวก็มี ติดอยู่ในตัวเสื้อหรือกางเกงก็มี ใช้หิ้วก็มี
กระเป๋า 1,น.,"กลีบดอกกล้วยไม้คล้ายรูปกรวยหรือหลอดที่อยู่ตรงกลางเป็นที่อยู่ของเกสร, ปาก ก็เรียก"
กระเป๋า 2,น.,เรียกถุงหน้าท้องสำหรับใส่ลูกของสัตว์บางชนิดเช่นจิงโจ้ ม้าน้ำ.
กระเป๋า 3,น.,พนักงานเก็บค่าโดยสารรถหรือเรือประจำทาง.
กระเป๋าฉีก 0,ว.,หมดเงินในกระเป๋าเพราะใช้จ่ายมาก เช่น วันนี้จ่ายเงินเสียกระเป๋าฉีกเลย.
กระเป๋าตุง 0,ว.,มีเงินในกระเป๋ามาก เช่น ไปทำอะไรจึงกระเป๋าตุงกลับมา.
กระเป๋าเบา 0,ว.,มีเงินในกระเป๋าน้อยลง เช่น ไปเที่ยวเสียกระเป๋าเบาเลย.
กระเป๋าแฟบ 0,ว.,มีเงินในกระเป๋าลดน้อยลงมาก เช่น ไปจ่ายของเสียกระเป๋าแฟบเลย.
กระเป๋าหนัก 0,ว.,"มีเงินมาก, ร่ำรวย, เช่น วันนี้ยอมเป็นเจ้ามือเลี้ยงข้าว สงสัยจะกระเป๋าหนัก."
กระเป๋าแห้ง 0,ว.,ไม่มีเงินติดกระเป๋าเลย เช่น วันนี้เขากระเป๋าแห้ง.
กระเปาะ 0,น.,"รูปทรงนูนกลม, เรียกสิ่งที่มีสัณฐานคล้ายคลึงเช่นนั้น ว่า กระเปาะ เช่น กระเปาะไข่ กระเปาะดอกไม้"
กระเปาะ 1,น.,เบ้าที่ฝังเพชรพลอยเป็นหัวแหวนหรือตุ้มหูเป็นต้น
กระเปาะ 2,น.,ส่วนของหลอดแก้วที่พองออก จะกลมหรือรีก็ตาม.
กระเปาะ 3,น.,ลักษณะที่ยื่นออกมาจากฝาผนังกำแพง ฐาน หรือเชิงกลอน เช่น ยกเก็จเป็นรูปเหมือนกระเปาะ.
กระเปาะเหลาะ 0,ว.,"มีสัณฐานกลมป้อม, เปาะเหลาะ ก็ว่า."
กระโปก 0,น.,ส่วนหนึ่งของอวัยวะสืบพันธุ์ภายนอกของชายหรือสัตว์ตัวผู้.
กระโปก 1,น.,เครื่องเกวียนสำหรับยึดเพลา ติดอยู่กับตัวทูบ.
กระโปรง 0,น.,ผ้านุ่งผู้หญิงแบบสากล
กระโปรง 1,น.,ฝาครอบเครื่องรถยนต์หรือฝาครอบที่เก็บของข้างหน้าและข้างหลังรถยนต์
กระโปรง 2,น.,กระบุงรูปกลมสูง ปากผายมาก พื้นก้นเป็นสี่เหลี่ยมเล็กสอบลง ลักษณะคล้ายกระโปรงบาน สำหรับขนข้าวเปลือกหรือมะพร้าวเป็นต้น
กระโปรง 3,น.,ภาชนะเย็บด้วยกาบหมากหรือใบไม้ สำหรับใส่ของต่าง ๆ เช่น ราชปุโรหิตก็ให้เอานางนกไส้ใส่กระโปรงขังไว้จนเพลารุ่งเช้า (นพมาศ)
กระโปรง 4,น.,กะโปรง ก็ใช้.
กระโปรงทอง 0,น.,"ชื่อไม้เถาชนิด Passiflora foetida L. ในวงศ์ Passifloraceae มีมือเกาะ ใบป้อมมี ๓ หยัก ดอกสีขาว ผลกลม เมื่อสุกสีเหลืองกินได้ มีใบประดับเป็นฝอยหุ้ม ยอดนำมาต้มใช้เป็นผัก, กระโปรงทอง เงาะป่า ถลกบาตร เถาเงาะ เถาสิงโต หรือ หญ้ารกช้าง ก็เรียก."
กระผม 0,ส.,"คำใช้แทนตัวผู้พูด เพศชาย พูดกับผู้ใหญ่, เป็นสรรพนามบุรุษที่ ๑."
กระผลีกระผลาม 0,ว.,รีบร้อนเกินไปโดยไม่ระมัดระวังหรือไม่ถูกกาลเทศะ.
กระผาน 0,น.,ตะโพก.
กระผีก 0,น.,มาตราตวง มีพิกัดเท่ากับ ๑ ภาค (คือ ๑ ใน ๔) ของกระเพาะ.
กระผีก 1,ว.,เล็กน้อย.
กระผีกริ้น 0,ว.,"นิดหน่อย, น้อยมาก, เล็กน้อย."
กระพรวน 0,น.,"โลหะทำเป็นรูปกลมกลวง มีลูกกลิ้งเล็ก ๆ อยู่ข้างในเพื่อให้เกิดเสียง ใช้ผูกข้อเท้าเด็กหรือคอสัตว์เป็นต้น, พรวน ลูกพรวน หรือ ลูกกระพรวน ก็ว่า, (ถิ่น-พายัพ, อีสาน) หมากหิ่ง หรือ มะหิ่ง."
กระพริ้ม 0,ว.,"พริ้มพราย, แฉล้ม, เช่น ดูกระพริ้มริมแดงดังแสงโสม (นิ. เดือน)."
กระพอก 0,น.,กล่องสานมีฝาครอบสำหรับใส่อาหาร
กระพอก 1,น.,หม้อ (มงคลทีปนีแปลร้อย กุมภชาดก)
กระพอก 2,น.,กระบะสำหรับใส่กับข้าว เช่น ร่วมกระพอกจอกจานร้านเรือนเดียว (สุ. สอนเด็ก)
กระพอก 3,น.,"การเลี้ยงกัน, ที่เลี้ยงกัน."
กระพอก 4,ก.,"พรอก, พูด, เช่น ฟังเสียงกากระพอก บอกข่าวท้าวเสด็จดล (ลอ)."
กระพอกวัว 0,น.,ชื่อนกชนิดหนึ่ง.
กระพอง 0,น.,"ส่วนที่นูนเป็นปุ่ม ๒ ข้างหัวช้าง, ตระพอง ตะพอง หรือ กะพอง ก็ว่า."
กระพอง 1,น.,"ชื่อตัวไม้อันบนที่เป็นราวลูกกรงเรือนหรือเกวียน, กำพอง ก็เรียก."
กระพ้อม 0,น.,พ้อม.
กระพัก 0,น.,"ตะพัก, โขดหินหรือไหล่เขาที่เป็นขั้น ๆ พอพักได้ เช่น บ้างก็เป็นกระพักกระเพิงกระพังพุ (ม. ร่ายยาว กุมาร)."
กระพัง 0,น.,"แอ่ง, บ่อ, หนอง, ตระพัง ตะพัง หรือ สะพัง ก็เรียก."
กระพัง 1,น.,ภาชนะชนิดหนึ่ง สำหรับใส่นํ้าทำพิธีต่าง ๆ ตามลัทธิไสยศาสตร์ เรียกว่า “กระพังนํ้า” ซึ่งน่าจะมีรูปคล้ายกับหม้อนํ้ามนตร์ของเรา.
กระพังเหิร 0,น.,ชื่อการฟันด้วยขอช้างวิธีหนึ่ง คือฟันให้หยุดอย่างชะงัก.
กระพังโหม 0,น.,"ชื่อไม้เถาชนิด Sarcostemma secamone (L.) Bennet ในวงศ์ Asclepiadaceae ทั้งต้นมียางขาว ใบแคบเรียวแหลม ออกเป็นคู่ตรงข้ามกัน มีนวล ดอกสีม่วงแกมชมพู ใช้ทำยาได้ ใบและเถาใช้เป็นอาหาร, จมูกปลาหลด จมูกปลาไหล หรือ ผักไหม ก็เรียก."
กระพัด 0,น.,"เชือกหรือลวดหนังตีเป็นเกลียวหุ้มผ้าแดง ปรกติคล้องผูกอยู่รอบคอช้าง เมื่อตั้งสัปคับหรือกูบอย่างใดอย่างหนึ่ง ใช้ปลายทั้ง ๒ ข้างผูกสัปคับหรือกูบเพื่อรั้งมิให้เลื่อนไปทางท้ายช้างขณะเดินขึ้นที่ชัน, เขียนเป็น กระพัตร ก็มี เช่น และกระพัตรรัตคนควร (ดุษฎีสังเวย)."
กระพัด 1,ก.,"ผูก, คาด, ล้อม, เช่น เหตุกระพัดรัดตาด้วยไฟราค (ม. ร่ายยาว ชูชก)."
กระพัดแม่ม่าย 0,ก.,"ชื่อไม้พุ่มรอเลื้อยชนิด Hymenopyramis brachiata Wall. ex Schauer ในวงศ์ Labiatae กิ่งอ่อนสี่เหลี่ยม ใบออกตรงข้ามกัน ดอกเล็กสีขาวออกเป็นช่อตรงปลายกิ่ง ผลกลมมีกระเปาะหุ้ม, กระพัดแม่ม่าย ก็เรียก."
กระพัตร 0,น.,กระพัด.
กระพัน 0,ว.,ทนทานต่อศัสตราวุธ.
กระพา 0,น.,"เครื่องสานชนิดหนึ่ง สำหรับใส่สิ่งของบรรทุกไว้ที่หลังคน ใช้อย่างเป้ มีสายรัดไขว้ที่หน้าอก หรือคาดที่หน้าผาก, อีสานว่า กะพา."
กระพาก 0,น.,ปลาตะพาก. (ประพาสไทรโยค). (ดู ตะพาก).
กระพี้ 0,น.,"ส่วนของเนื้อไม้ที่หุ้มแก่น, เนื้อไม้ที่อยู่ระหว่างเปลือกกับแก่น มีลักษณะอ่อนและยุ่ยง่าย."
กระพี้ 1,ว.,โดยปริยายหมายความว่า ไม่เป็นแก่นสาร.
กระพี้เขาควาย 0,น.,ชื่อไม้ต้นขนาดกลางถึงขนาดใหญ่ชนิด Dalbergia cultrata Graham ex Benth. ในวงศ์ Leguminosae ขึ้นตามป่าเบญจพรรณและป่าทุ่งทั่วไป เว้นแต่ปักษ์ใต้ แก่นสีดำแข็งและหนักมาก ใช้ทำเครื่องเรือน เพลาเกวียน และด้ามเครื่องมือต่าง ๆ.
กระพี้นางนวล 0,น.,"ชื่อไม้ต้นชนิด Dalbergia canaGraham ex Kurz ในวงศ์ Leguminosae ใบเป็นใบประกอบ ใบย่อยรูปไข่ ปลายเรียวแหลม ดอกรูปดอกถั่ว กลีบเลี้ยงสีม่วงดำ กลีบดอกสีขาวอมเหลือง ฝักแบน มีขน มี ๒ เมล็ด, จักจั่น ก็เรียก."
กระพือ 0,ก.,"เอาสิ่งที่เป็นผืนแผ่นบาง ๆ โบกขึ้นลง, พัดหรือโบกด้วยอาการเช่นนั้น, โดยปริยายหมายถึงแพร่กระจาย เช่น ข่าวนี้กระพือไปอย่างรวดเร็ว."
กระพุ้ง 0,น.,ส่วนที่ป่องออก เช่น กระพุ้งแก้ม กระพุ้งก้น.
กระพุ่ม 0,น.,"ลักษณะของสิ่งที่เป็นพุ่มยอดแหลมอย่างดอกบัวตูม, (กลอน) พุ่ม เช่น ดอกพวงเผล็ดช่อ กระพุ่มห่อเกสร สลอนบุษบาบาน (ลอ), สองถันกระพุ่มกาญ- จนแมนมาเลขา (อนิรุทธ์)."
กระพุ่มมือ 0,ก.,พนมมือ เช่น นั่งกระพุ่มมือ.
กระพุ่มมือ 1,น.,มือที่พนม เช่น ยกกระพุ่มมือขึ้นเหนือศีรษะ.
กระเพลิศ 0,ว.,ตะพึด เช่น พลพายกระเพลิศพ้าง พายพัด (เฉลิมพระเกียรติ ร. ๒).
กระเพาะ 0,น.,อวัยวะภายในของคนและสัตว์ ลักษณะคล้ายถุง ได้แก่ กระเพาะอาหารและกระเพาะปัสสาวะ. (เทียบ ข. กฺรพะ)
กระเพาะ 1,น.,ภาชนะสานสำหรับตวงข้าว มีอัตราจุ ๔ กระผีก.
กระเพาะปลา 0,น.,ถุงลมของปลาทะเลบางชนิดที่ทำให้แห้งแล้วนำมาประกอบอาหาร
กระเพาะปลา 1,น.,ชื่ออาหารคาวแบบจีนชนิดหนึ่ง น้ำขุ่นข้น ประกอบด้วยถุงลมของปลา ทะเลบางชนิดทอดกรอบ เนื้อไก่ เลือดหมู เป็นต้น.
กระเพิง 0,น.,เพิง เช่น บ้างก็เป็นกระพักกระเพิงกระพังพุ (ม. ร่ายยาว กุมาร).
กระเพิด 0,ก.,ตะเพิด.
กระเพื่อม 0,ก.,อาการของสิ่งเหลวหรือนุ่มที่ไหวขึ้น ๆ ลง ๆ เช่น นํ้ากระเพื่อม.
กระแพง 0,น.,กำแพง เช่น ทิศออกกระแพงแก้วกั้น (จารึกวัดโพธิ์).
กระแพ้ง 0,น.,"ไม้ไผ่ที่ปล้องข้างในเป็นโรค มีสีดำ ๆ กลิ่นเหม็น, กำแพ้ง ก็ว่า."
กระฟัดกระเฟียด 0,ว.,อาการที่โกรธหรือแสร้งทำโกรธ (ใช้แก่ผู้หญิง).
กระฟูมกระฟาย 0,ก.,ฟูมฟาย.
กระมล 0,น.,บัว
กระมล 1,น.,ใจ.
กระมอบ 0,น.,ชื่อไม้ต้นขนาดย่อมชนิด Gardenia obtusifolia Roxb. ex Kurz ในวงศ์ Rubiaceae คล้ายกระเบียน (๒) ซึ่งอยู่ในวงศ์เดียวกัน แต่ใบคายและเล็กกว่า ปลายใบป้าน ยอดอ่อนมียางเหนียว ผลย่อมกว่า เนื้อไม้ขาวละเอียด ใช้แกะสลักได้.
กระมอมกระแมม 0,ว.,"มอมแมม, เลอะเทอะเปรอะเปื้อน, สกปรก."
กระมัง 0,ว.,"คำแสดงความไม่แน่ใจ, คำแสดงความคาดคะเน, (ใช้ไว้ท้ายประโยค) เช่น เป็นเช่นนี้กระมัง, ในบทกลอนใช้ว่า กระหมั่ง ก็มี."
กระมัง 1,น.,"ชื่อปลานํ้าจืดชนิด Puntioplites proctozysron (Bleeker) ในวงศ์ Cyprinidae รูปร่างคล้ายปลาตะเพียน มีกระดูกครีบก้นใหญ่แข็งและเป็นหยัก ครีบหลังมีขนาดใหญ่ พื้นลำตัวเป็นสีขาว ขนาดยาวได้ถึง ๒๕ เซนติเมตร, เหลี่ยม ก็เรียก."
กระมัน 0,น.,"ชื่อปลานํ้าจืดชนิด Catlocarpio siamensis Boulenger ในวงศ์ Cyprinidae หัวโตมากโดยเฉพาะปลาขนาดเล็ก เกล็ดใหญ่ ลำตัวด้านหลังสีเทาดำ หางและครีบสีแดงคลํ้าหรือส้ม พบในแม่นํ้าใหญ่หลายสายของประเทศไทย เคยพบขนาดยาวได้ถึง ๓ เมตร จัดเป็นปลานํ้าจืดในกลุ่มปลาตะเพียนที่ใหญ่ที่สุดในโลก, กระมัน หรือ หัวมัน ก็เรียก."
กระมิดกระเมี้ยน 0,ก.,"แสดงอาการซ่อนอายลับ ๆ ล่อ ๆ, มิดเมี้ยน ก็ว่า."
กระมึน 0,ว.,"ทะมึน, มีลักษณะดำมืดสูงใหญ่น่าเกรงขาม, เช่น กายาศีรษะพลัดพราย หัวขาดเด็ดตาย จรลู่กระมึนเหมือนเขา (เสือโค, บางฉบับเป็น ตระหมื้น), ตระมึน หรือ ตระมื่น ก็ใช้, โดยมากใช้ว่า ทะมื่น."
กระมุท 0,น.,"บัว, กมุท ก็ว่า."
กระเมาะ 0,น.,ชื่อปลากระบอกขนาดเล็ก. (ดู กระบอก ๒).
กระย่อง 0,น.,"เครื่องสานชนิดหนึ่ง รูปกลมคล้ายโตก, ถ้าใหญ่ใช้เป็นสำรับ, ถ้าเล็กใช้เป็นเครื่องใส่ข้าวตอกดอกไม้บูชาตามวัด, อีสานว่า กะย่อง."
กระย่องกระแย่ง 0,ว.,ย่องแย่ง.
กระย่อน 0,ก.,"ขย้อน คือ อาการขยับขึ้นขยับลง, กระหย่อน ก็ใช้"
กระย่อน 1,ก.,"ยวบยาบ, แกว่ง เช่น ลมไกวกิ่งกลฟ้อน ก็กระย่อนอยู่ยานโยน (สมุทรโฆษ)"
กระย่อน 2,ก.,ขยับ เช่น ยกค้อนกระย่อนดูบริพาร (สมุทรโฆษ).
กระย่อม 0,ก.,"ชื่อไม้พุ่มชนิด Rauvolfia serpentina (L.) Benth. ex Kurz ในวงศ์ Apocynaceae ทุกส่วนมียางขาว ดอกเล็กสีชมพู ออกเป็นช่อตามยอด รากใช้ทำยาได้, กระย่อม ก็เรียก."
กระยา 0,น.,"เครื่อง, สิ่งของ, เครื่องกิน, เช่น เทียนธูปแลประทีปชวาลา เครื่องโภชนกระยา สังเวยประดับทุกพรรณ (ดุษฎีสังเวยกล่อมช้างของเก่า ครั้งกรุงเก่า), เขียนเป็น กรยา ก็มี เช่น พระไพรดมานโฉม นุบพิตรแลงผอง มนตรอัญสดุดิยฮอง กรยานุถกลทาบ (ดุษฎีสังเวยกล่อมช้างของเก่า ขุนเทพกะวีแต่ง)."
กระยาคชวาง 0,น.,ข้าวสำหรับบำบวงเชือกบาศ เป็นพิธีของพระหมอเฒ่าในการรับช้างเผือก.
กระยาง 0,น.,"ขาหยั่ง เช่น อ้ายเหล่าเที่ยววิด พบหนองป้องปิด ทำเปนเชิงราง เอาไม้สามอัน ปักไว้เปนกระยาง แขวนโพงตรงกลาง สาดนํ้าเอาปลา (คำพากย์เรื่องสุบิน), เขียนเป็น กระหยาง ก็มี เช่น ปักไว้เปนกระหยาง (สุบินคำพากย์)."
กระยาง 1,น.,นกยาง. (ดู ยาง ๑).
กระยาจก 0,น.,"ยาจก, คนขอทาน, เช่น ตัวอ้ายพราหมณ์เถ้ากระยาจก (มโนห์รา)."
กระยาดอกเบี้ย 0,น.,"สิ่งที่ส่งชำระแทนดอกเบี้ยเงินกู้ เช่น มอบบุตรภริยาให้รับใช้การงานแทนการจ่ายดอกเบี้ย, กระยาเบี้ย หรือ เชิงกระยาดอกเบี้ย ก็เรียก."
กระยาทาน 0,น.,เครื่องบริจาค.
กระยาทิพย์ 0,น.,"ชื่อขนมอย่างหนึ่ง ปรุงด้วยเครื่องกวนมีนํ้าผึ้ง นํ้าอ้อย นํ้านม ข้าวฟ่าง ถั่วราชมาส งา เป็นต้น นิยมใช้หญิงพรหมจารีเป็นผู้กวน มักทำในพิธีสารท เรียกว่า ข้าวกระยาทิพย์, ข้าวทิพย์ ก็เรียก."
กระยาบวช 0,น.,เครื่องกินที่ไม่มีของสดคาว.
กระยาเบี้ย 0,น.,"สิ่งที่ส่งชำระแทนดอกเบี้ยเงินกู้ เช่น มอบบุตรภริยาให้รับใช้การงานแทนการจ่ายดอกเบี้ย, กระยาเบี้ย หรือ เชิงกระยาดอกเบี้ย ก็เรียก."
กระยารงค์ 0,น.,สีสำหรับวาดเขียน.
กระยาเลย 0,ว.,"ต่าง ๆ, ปะปนกัน, (ใช้แก่ต้นไม้มีแก่น แต่ไม่รวมไม้สัก)."
กระยาสนาน 0,น.,เครื่องสรงในพระราชพิธีสรงพระมุรธาภิเษก.
กระยาสังเวย 0,น.,เครื่องเซ่น.
กระยาสังแวง 0,น.,"ชื่อข้าวในพิธีธนญชัยบาศรับช้างเผือกของพราหมณ์พฤฒิบาศ คลุกด้วยสีเหลือง สีแดง แล้วปั้นเป็นก้อน ๆ เรียกว่า ข้าวกระยาสังแวง, ข้าวเภา ก็เรียก."
กระยาสารท 0,น.,ขนมทำด้วยถั่วงาและข้าวเม่าข้าวตอกกวนกับนํ้าตาล แต่เดิมนิยมทำเฉพาะในเทศกาลสารท.
กระยาเสวย 0,น.,เครื่องเสวย.
กระยาหงัน 0,น.,"วิมาน, สวรรค์ชั้นฟ้า, เช่น อวยชัยให้พรแล้วเทวัญ กลับคืนกระยาหงันชั้นฟ้า (อิเหนา)."
กระยาหาร 0,น.,เครื่องกินมีอาหารคาวหวาน.
กระยิก 0,ก.,ขะยิก.
กระยิ้มกระย่อง 0,ก.,"ยิ้มย่อง, ยิ้มด้วยความอิ่มใจ, ยิ้มย่องผ่องใส ก็ว่า."
กระยึกกระยัก 0,ว.,"ยึกยัก, อาการที่ลังเลไม่กล้าตัดสินใจ."
กระยึกกระยือ 0,ว.,"ยึกยือ, หยิกไปหยิกมา, ไม่ตรง, ไม่เป็นระเบียบ."
กระยืดกระยาด 0,ว.,"ยืดยาด, เสียเวลานาน, ช้า, ไม่ฉับไว."
กระเย้อกระแหย่ง 0,ก.,"ขะเย้อแขย่ง, เขย่งแล้วเขย่งอีก, โดยปริยายหมายความว่า พยายามจะให้ได้สิ่งที่สุดเอื้อม."
กระรอก 0,น.,ชื่อสัตว์เลี้ยงลูกด้วยนมในวงศ์ Sciuridae มีฟันแทะ ส่วนใหญ่ตาโตและใบหูใหญ่ หางยาวเป็นพวง กินผลไม้ มีหลายสกุลและหลายชนิด เช่น กระรอกหลากสี [ Callosciurus finlaysoni (Horsfield)] พญากระรอกดำ [ Ratufa bicolor (Sparrman)] .
กระรอกน้ำข้าว 0,น.,"ชื่อไม้พุ่มชนิด Glycosmis pentaphylla (Retz.) DC. ในวงศ์ Rutaceae ชอบขึ้นในที่ชื้นตามชายป่าและริมหมู่บ้าน สูงประมาณ ๒ เมตร ผลกลมขนาดราวปลายนิ้วก้อย สุกสีชมพูเรื่อ ๆ รสหวาน กินได้ รากใช้ทำยา, กระรอกน้ำข้าว กระโรกนํ้าข้าว หรือ นํ้าข้าว ก็เรียก, พายัพและอีสานเรียก ส้มชื่น."
กระเรียน 0,น.,"ชื่อนกขนาดใหญ่ชนิด Grus antigone (Linn.) ในวงศ์ Gruidae ขนลำตัวสีเทา หนังหัวและต้นคอสีแดง คอยาว ขายาว ปีกกว้าง หางกว้างและสั้น เวลาบินคอเหยียดตรง หากินตามที่ราบลุ่ม กินพืช แมลง และสัตว์ขนาดเล็ก, กาเรียน ก็เรียก."
กระเรียนทอง 0,น.,"ชื่อเพลงไทย อัตรา ๒ ชั้น, ชื่อเพลงไทยประเภทเพลงเถา, กาเรียนทอง ก็ว่า."
กระเรียนร้อง 0,น.,"ชื่อเพลงไทย อัตรา ๒ ชั้น, กาเรียนร้อง ก็ว่า."
กระเรียนร้องตัวผู้ 0,น.,ชื่อเพลงไทย อัตรา ๒ ชั้น.
กระเรียนร้องตัวเมีย 0,น.,ชื่อเพลงไทย อัตรา ๒ ชั้น.
กระโรกน้ำข้าว 0,น.,"ชื่อไม้พุ่มชนิด Glycosmis pentaphylla (Retz.) DC. ในวงศ์ Rutaceae ชอบขึ้นในที่ชื้นตามชายป่าและริมหมู่บ้าน สูงประมาณ ๒ เมตร ผลกลมขนาดราวปลายนิ้วก้อย สุกสีชมพูเรื่อ ๆ รสหวาน กินได้ รากใช้ทำยา, กระรอกน้ำข้าว กระโรกนํ้าข้าว หรือ นํ้าข้าว ก็เรียก, พายัพและอีสานเรียก ส้มชื่น."
กระโรกใหญ่ 0,น.,"ชื่อไม้พุ่มชนิด Capparis micracantha DC. ในวงศ์ Capparaceae สูง ๒-๔ เมตร มีหนามเล็กสั้น ๆ ขนาบโคนก้านใบข้างละอัน ดอกขาว โคนกลีบดอกสีเหลือง ใกล้โรยกลายเป็นสีม่วงแก่ ออกเป็นตับตามลำกิ่งเหนือง่ามใบตับละ ๒-๗ ดอก ผลกลม ๆ หรือรูปไข่ เมื่อสุกสีแดง ก้านผลยาว, กระโรกใหญ่ หรือ แส้ม้าทะลาย ก็เรียก."
กระไร 0,ว.,"อะไร เช่น เขาไม่ว่ากระไร, อย่างไร เช่น จะทำกระไรดี, เท่าไร เช่น ถูกปรับเพียง ๑๐๐ บาทก็ไม่กระไรนัก, ทำไม, ไฉน, เช่น ข้าแต่นเรศูรสมเด็จพระบิดาเจ้าข้าเอ่ย กระไรเลยไม่ปรานี (ม. ร่ายยาว กุมาร)."
กระลด 0,น.,ร่ม เช่น เทียวทองธงชัย และแซงกระลดชุมสาย (สมุทรโฆษ).
กระลบ 0,ก.,ตระหลบ.
กระลบ 1,ว.,ฟุ้ง เช่น ก็หอมกระลบอบองค์ (ม. คำหลวง จุลพน).
กระลอก 0,ว.,"มีประกาย, เป็นประกาย, เช่น เนมินท์พิศทรงเหมือนกงรถ จอมบรรพตเลิศล้วนมณีผา กระลอกรุ่งพุ่งพรายถึงเมฆา เล่ห์วลาหกทิพอันพรอยพรำ (สมบัติอมรินทร์), ใช้เข้าคู่กับคำ กระลับ หรือ กระลาย เป็น กระลับกระลอก หรือ กระลายกระลอก."
กระลอม 0,น.,"ชะลอม, เครื่องสานชนิดหนึ่ง รูปทรงกระบอก สานด้วยตอกเป็นต้น ตาห่าง ๆ สำหรับใส่สิ่งของ, อีสานว่า กะลอม."
กระละหล่ำ 0,ก.,"กลํ้า, เกือบ, เช่น กระละหลํ่าจกกเป็น แต่กี้ (ทวาทศมาส)."
กระลัด 0,ว.,เข้มแข็ง เช่น กระลัดในกลางสงคราม (สมุทรโฆษ).
กระลับกระลอก 0,ก.,พลิกแพลง เช่น ก็กระลับกระลอกแทง (อนิรุทธ์).
กระลับกระเลือก 0,ว.,กลอกขึ้นกลอกลง (ใช้แก่ตา).
กระลัมพร 0,น.,"โทษใหญ่, ความฉิบหาย, เช่น ก็ทำกระลัมพรกาล (สมุทรโฆษ), (แผลงมาจาก กลัมพร), เขียนเป็น กระลำพร หรือ กะลำพร ก็มี."
กระลา 0,น.,ท่วงที. (อนันตวิภาค)
กระลา 1,น.,"ที่, กอง, เช่น กระลาบังคลคนผจง (ดุษฎีสังเวย)."
กระลา 2,น.,ระเบียบพิธีของการบูชา เช่น กระลาพิธีกรกุณฑ์ (เสือโค). (แผลงมาจาก กลา).
กระลาการ 0,น.,"ตำแหน่งเจ้าพนักงานหรือเจ้าหน้าที่ศาล มีหน้าที่ชำระชี้ขาดข้อเท็จจริงในคดีความ เช่น ให้ผู้เปนตระลาการไต่สวนผู้เปนสักขิญานรู้เหน (สามดวง), กระลาการ ก็เรียก."
กระลาพิม 0,น.,ผู้หญิง เช่น รฦกกระลาพิม พระมาศ กูเออย (กำสรวล).
กระลายกระลอก 0,ก.,สับสน เช่น เสือสีห์หมีควาย กระลายกระลอกซอกซอน (สมุทรโฆษ).
กระลาศรี 0,น.,ผู้หญิง เช่น รฦกกระลาศรี เสาวภาคย กูเออย (กำสรวล).
กระลำ 0,น.,"โทษใหญ่, ความฉิบหาย, เช่น จะเกิดกระลีกระลำแต่ล้วนร้อนใจ (โชค-โบราณ). (ดู กลัมพร)."
กระลำพร 0,น.,"กระลัมพร, โทษใหญ่, ความฉิบหาย, เขียนเป็น กะลำพร ก็มี. (ดู กลัมพร)."
กระลำพัก 0,น.,ส่วนของเนื้อไม้ซึ่งมีสีดำ ๆ เกิดในต้นสลัดไดป่า ( Euphorbia antiquorum L.) และต้นตาตุ่มทะเล ( Excoecaria agallocha L.) ในวงศ์ Euphorbiaceae กลิ่นหอมอ่อน รสขม ใช้ทำยาได้.
กระลำพุก 0,น.,"ชื่อไม้ต้นกึ่งไม้พุ่มชนิด Tamilnadia uliginosa (Retz.) Tirveng. et Sastre ในวงศ์ Rubiaceae, กระลำพุก หรือ กระลุมพุก ก็เรียก."
กระลิง 0,ก.,"จับ, ถือ, โดยมากใช้เป็น กระลึง."
กระลี 0,น.,"สิ่งร้าย, โทษ."
กระลี 1,ว.,ร้าย เช่น กระลีชาติ กระลียุค.
กระลึง 0,ก.,"จับ, ถือ, เช่น ชดกรกระลึงกุมแสง (ลอ), ใช้เป็น กระลิง ก็มี."
กระลุมพาง 0,น.,"กลองหน้าเดียว, โบราณเขียนเป็น กรลุมพาง ก็มี."
กระลุมพุก 0,น.,ไม้ตะลุมพุก. (ดู ตะลุมพุก ๑).
กระลุมพุก 1,น.,ปลาตะลุมพุก เช่น ค้าวอ้าวอุกกระลุมพุกสีเสียดสุกรสิง (สรรพสิทธิ์). (ดู ตะลุมพุก ๒).
กระลุมพุก 2,น.,"ชื่อไม้ต้นกึ่งไม้พุ่มชนิด Tamilnadia uliginosa (Retz.) Tirveng. et Sastre ในวงศ์ Rubiaceae, กระลำพุก หรือ กระลุมพุก ก็เรียก."
กระลุมพู 0,น.,นกลุมพู เช่น เหล่ากระลิงโกกิลา กระลุมพูก็โผผิน (ม. ร่ายยาว มหาพน). (ดู ลุมพู).
กระลูน 0,น.,ความเศร้าโศก.
กระลูน 1,ว.,"น่ากรุณา, น่าสงสาร, เช่น อ่อนจิตสวามีอันพูนกระลูนนุกูลภรรยายิ่งยอดกว่าอันภิปราย (สรรพสิทธิ์), เขียนเป็น กระลู่น์ ก็มี. (ป. กลูน)."
กระลู่น์ 0,ว.,"น่ากรุณา, น่าสงสาร, เช่น กระลู่น์แลดูดาลแสยง (สุธน), เขียนเป็น กระลูน ก็มี."
กระเล็น 0,ว.,"ชื่อสัตว์เลี้ยงลูกด้วยนม ในวงศ์ Sciuridae เป็นกระรอกขนาดเล็ก ขนสีนํ้าตาล มีแถบสีน้ำตาลเข้ม ๓ แถบพาดตามยาวลำตัว สลับกับแถบสีน้ำตาลจาง ๆ ๔ แถบ ตั้งแต่สันหลังลงไปถึงข้างลำตัว อาศัยอยู่ตามต้นไม้สูง ๆ กินแมลงและผลไม้ ในประเทศไทยมี ๒ ชนิด คือ กระถิกขนปลายหูยาว [ Tamiops rodolphe i (Milne-Edwards)] และกระถิกขนปลายหูสั้น [ T. mxcclellandi (Horsfield)], กระเล็น ก็เรียก."
กระเลียด 0,ก.,"ชัง, รังเกียจมาก, เช่น ไยเยาวเคียดและกระเลียด ฤเหลือบพระพักตร์ผิน (สรรพสิทธิ์)."
กระโลง 0,น.,เครื่องสานด้วยใบลานชนิดหนึ่ง ใช้อย่างกระสอบ สำหรับใส่ข้าวเปลือกหรือข้าวสาร.
กระวน 0,ก.,"วนเวียน, วุ่น, หวน, เช่น กระเวนกระวนกาม กวนอก พี่นา (นิ. นรินทร์)."
กระวนกระวาย 0,ก.,"วุ่นวายใจ, แสดงอาการวุ่นวายไม่เป็นสุข."
กระวัด 0,ก.,จับด้ามวัตถุแล้วปัดไปมา เช่น เฉวียงหัตถ์กระวัดวรธนู (สรรพสิทธิ์).
กระว่า 0,น.,ชื่อนกชนิดหนึ่ง เช่น เสียงนกกระว่ามาตีลาน นกกรงหงส์ห่านร้องขานคู่ (มโนห์รา).
กระวาน 0,น.,ชื่อไม้ล้มลุกชนิด Amomum testaceum Ridl. ในวงศ์ Zingiberaceae ชอบขึ้นในป่าดิบชื้นตามภูมิประเทศที่เป็นเขาทางจันทบุรีและตราด ผลค่อนข้างกลม สีนวล มี ๓ พู มีกลิ่นหอมฉุน ใช้ปรุงอาหารและทำยา.
กระวาน 1,น.,ชื่อเรียกใบของไม้ต้นชนิด Laurus nobilis L. ในวงศ์ Lauraceae กลิ่นคล้ายกระวาน ใช้เป็นเครื่องเทศและแต่งกลิ่นยา.
กระวาน 2,น.,ชื่อนกชนิดหนึ่ง เช่น กระวานกระแวนแกลนกลัว (สมุทรโฆษ).
กระวานเทศ 0,น.,"ชื่อไม้ล้มลุกชนิด Elettaria cardamomum (L.) Maton ในวงศ์ Zingiberaceae มาจากประเทศอินเดียตอนใต้ ผลรูปกระสวยหรือรูปไข่ปลายแหลม สีนวล มี ๓ พู กลิ่นหอมฉุน, เอลา ลูกเอ็ล หรือ ลูกเอ็น ก็เรียก."
กระวาย 0,ว.,"ส่าย, ดิ้น, เช่น ทอดตนตีทรวงกระวาย (อุเทน), ใช้เข้าคู่กับคำ กระเวย และ กระโวย เป็น กระเวยกระวาย และ กระโวยกระวาย."
กระวายกระวน 0,ก.,"กระวนกระวาย, วุ่นวายใจ, แสดงอาการวุ่นวายไม่เป็นสุข, เช่น เมื่อเราอยู่ที่นี้จะต้องกระวายกระวนด้วยเหลือบยุงริ้นร่าน (ม. ร่ายยาว สักบรรพ)."
กระวิน 0,น.,"ห่วงที่เกี่ยวกันสำหรับโยงสัปคับช้าง, ห่วงติดกับบังเหียน หรือเหล็กผ่าปากม้า, ประวิน ก็ใช้."
กระวิน 1,ว.,สีนํ้าตาล เช่น โคกระวิน.
กระวี 0,น.,นักปราชญ์ในการแต่งบทกลอน เช่น เสดจ์ยังสาระพินิจฉัยพร้อมด้วยหมู่มุกขมนตรีกระวีราชปโรหิตาโหราจารย์อยู่ในศีลสัจ (สามดวง).
กระวี 1,ก.,แกว่ง. (เพี้ยนมาจาก คระวี).
กระวีกระวาด 0,ว.,รีบเร่งอย่างไม่นอนใจ.
กระวีชาติ 0,น.,"หมู่กวี, พวกกวี, เช่น เสดจ์ในพระที่นั่งพลับพลาทองโดยอุตราภิมุขพร้อมด้วยหมู่มาตยามนตรีกระวีชาติราชปะโรหิตาจารย์เฝ้าพระบาท (สามดวง), เขียนเป็น กระวีชาต หรือ กระวิชาติ ก็มี เช่น พระองค์ทรงพระกรุณาเพื่อจะมิให้มุกขมนตรีกระวีชาตแลราษฎรล่วงเกินพระราชอาญา, พร้อมด้วยหมู่มุกขมาตยามนตรีกระวิชาติราชสุริยวงษพงษพฤฒาโหราจารยเฝ้าเบื้องบาทบงกชมาศ (สามดวง)."
กระวูดกระวาด 0,ว.,"กระวีกระวาด, รีบเร่งอย่างไม่นอนใจ, ทำโดยเร็วอย่างลมพัดวูดวาด."
กระเวน 0,ก.,"ตระเวน, ตะเวน หรือ ทะเวน ก็ว่า."
กระเวน 1,น.,ชื่อนกชนิดหนึ่ง เช่น กระเวนวังนัวกระเวนดง ช่างทองลงจับทองยั้ว (ลอ).
กระเวนกระวน 0,ก.,"วนเวียน เช่น กระเวนกระวนกาม กวนอก พี่นา (นิ. นรินทร์), หวนตลบ เช่น หอมกระเวนกระวน, เขียนเป็น กรเวนกรวล ก็มี เช่น ชื่อจลาจรเรนทร์ หอมกรเวนกรวล อาจจิญจญจวนใจ (ม. คำหลวง มหาราช)."
กระเวยกระวาย 0,ว.,เสียงร้องขอความช่วยเหลืออย่างเอ็ดอึง.
กระแวน 0,น.,นกกาแวน เช่น คับคาคาบคาร่อน กระแวนว่อนบินบน (ตะเลงพ่าย). (ดู กาแวน).
กระโวยกระวาย 0,ว.,"อาการที่ส่งเสียงร้องเอะอะเป็นการประท้วงหรือแสดงความไม่พอใจเป็นต้น, โวยวาย ก็ว่า."
กระศก 0,ก.,ข้อน.
กระศัย 0,น.,กระษัย.
กระษัตริย์ 0,น.,กษัตริย์.
กระษัตรี 0,น.,ผู้หญิง.
กระษัย 0,น.,"ชื่อโรคตามตำราแพทย์แผนโบราณว่า ทำให้ร่างกายทรุดโทรม มีอาการผอมแห้งตัวเหลืองเท้าเย็น, เขียนเป็น กษัย ก็มี."
กระษัยกล่อน 0,น.,"ชื่อโรคตามตำราแพทย์แผนโบราณว่า ทำให้ร่างกายผอมแห้ง ซึ่งเกิดจากโรคกร่อน, เขียนเป็น กษัยกล่อน ก็มี."
กระษาปณ์ 0,น.,"เงินตราที่ทำด้วยโลหะ เช่น เหรียญกระษาปณ์ โรงกระษาปณ์, กษาปณ์ ก็ใช้."
กระษิร 0,น.,"กษีร, นํ้านม, เช่น มาจากวารินกระษิรสมุทร (รามเกียรติ์ ร. ๒), กระษิรสินธุสาคร (สรรพสิทธิ์)."
กระเษม 0,น.,"เกษม, ความสุขสบาย, ความปลอดภัย, เช่น อันโอฬาริกประณีตกระเษมสุขสมมโนรถที่ปรารถนาใจในชาติเมื่อเป็นเทพยดานั้น (สามดวง)."
กระเษมสานต์ 0,ว.,เกษมสันต์.
กระเษียร 0,น.,นํ้านม เช่น เนาในกระเษียรนิทรบันดาล (สรรพสิทธิ์).
กระสง 0,น.,ชื่อปลานํ้าจืดชนิด Channa lucius (Cuvier) ในวงศ์ Channidae รูปร่างคล้ายปลาช่อนซึ่งอยู่ในวงศ์เดียวกัน แต่หัวแหลมกว่าและแอ่นงอนขึ้นเล็กน้อย มีลายพาดขวางลำตัวข้างละ ๗-๑๒ แถบ ทุกครีบมีจุดประหรือริ้วสีดำ ขนาดยาวได้ถึง ๔๐ เซนติเมตร.
กระสบ 0,น.,ชื่อโรคลมชนิดหนึ่ง ในตำราแพทย์แผนโบราณว่า มักขึ้นในไส้ ให้เวียนหัว ให้ราก จุก สมุฏฐานเกิดจากธาตุไฟหย่อน.
กระสม 0,น.,ไม้ที่อยู่ในเครื่องทอผ้า สำหรับม้วนผ้าที่ทอแล้ว เรียกว่า ไม้กระสม.
กระสรวล 0,ก.,"ยินดี, ร่าเริง, เช่น นางนกกระสรวลสันต์ สมเสพ (นิ. นรินทร์)."
กระสร้อย 0,ก.,"ชื่อปลานํ้าจืดหลายชนิดหลายสกุล ในวงศ์ Cyprinidae มีพฤติกรรมรวมกันเป็นฝูงในลำน้ำใหญ่ในฤดูนํ้า และว่ายทวนนํ้าขึ้นไปหากินหรือสืบพันธุ์ในแหล่งน้ำที่ไหลเอ่อนองหรือท่วมขังในตอนกลางและปลายฤดูน้ำหลาก ส่วนใหญ่ลำตัวสีขาวเงินและมีจุดคลํ้าหรือจุดดำบนเกล็ดจนเห็นเป็นเส้นสายหลายแถบพาดตามยาวอยู่ข้างตัว, กระสร้อย ก็เรียก."
กระสวน 0,น.,แบบ เช่น อย่าคบพวกหญิงพาลสันดานชั่ว ที่แต่งตัวไว้จริตผิดกระสวน (สุภาษิตสุนทรภู่)
กระสวน 1,น.,แบบตัวอย่างสำหรับสร้างหรือทำของจริง เช่น กระสวนเรือน กระสวนเสื้อ.
กระสวย 0,น.,เครื่องบรรจุด้ายสำหรับทอผ้าหรือเย็บผ้า.
กระสอบ 0,น.,เครื่องสานหรือทอด้วยต้นกระจูดหรือป่านปอเป็นต้น สำหรับบรรจุข้าวและของอื่น ๆ.
กระสอบทราย 0,น.,"ถุงผ้าใบหรือหนัง ลักษณะคล้ายหมอนข้างขนาดใหญ่ เดิมบรรจุทราย ปัจจุบันบรรจุขี้เลื่อย เศษผ้า หรือฟองน้ำ อัดแน่น เป็นอุปกรณ์อย่างหนึ่งในการฝึกซ้อมของนักมวยเพื่อฝึกการชก เตะ ขึ้นเข่า เป็นต้น, โดยปริยายเรียกผู้ที่ถูกทำร้ายร่างกายอย่างบอบช้ำ เนื่องจากถูกชก เตะ ต่อย โดยไม่มีทางสู้หรือไม่กล้าต่อสู้."
กระสะ 0,น.,"ดินหรือหินหรือทรายเป็นต้นที่อยู่ในบ่อแร่ ซึ่งให้ผลเป็นสินค้าแก่ผู้ทำแร่, ขี้ผงของแร่."
กระสัง 0,น.,ชื่อไม้ล้มลุกชนิด Piperomia pellucida (L.) Humb. Bonpl. et Kunth ในวงศ์ Piperaceae ขึ้นอยู่ทั่วไปตามที่ชื้น ลำต้นอวบนํ้า.
กระสัง 1,น.,"ชื่อนกชนิดหนึ่ง, สันนิษฐานว่าในสมัยโบราณบางถิ่นอาจใช้เรียกนกชนิดหนึ่ง แต่ปัจจุบันไม่ปรากฏว่ามีใช้, เช่น กระสังกระสาสาว กระสันจับกระลับดู (เสือโค)."
กระสัน 0,ก.,"คะนึง, คิดผูกพันอยู่, มีใจจดจ่ออยู่, เช่น ปู่กระสันถึงไก่ในไพรพฤกษ์ (ลอ)"
กระสัน 1,ก.,กระวนกระวายในกาม เช่น เดี๋ยวนี้นะพระองค์ทรงธรรม์ แสนกระสันจันทร์สุดาดวงสมร (คาวี)
กระสัน 2,ก.,"ผูกให้แน่น เช่น กระสันเข้าไว้กับหลัก, ผูกพันพระพี่น้องสองกระสันเข้าให้มั่นกับมือ (ม. คำหลวง กุมาร), รัด เช่น สายกระสัน"
กระสัน 3,ก.,เชื่อมต่อ เช่น มุขกระสัน
กระสัน 4,ก.,อยากมาก เช่น กระสันจะเป็นรัฐมนตรี.
กระสัน 5,ว.,แน่น เช่น พระขรรค์เหน็บกระสันอยู่เป็นนิจ (คาวี).
กระสับกระส่าย 0,ว.,"เร่าร้อนใจทนนิ่งเป็นปรกติไม่ได้, กระวนกระวาย, ทุรนทุราย."
กระสา 0,น.,ชื่อนกขนาดใหญ่หลายชนิด ในวงศ์ Ciconiidae ปากหนาแบนข้าง ยาว ปลายแหลมตรง คอและขายาว เวลาบินคอเหยียดตรง ทำรังด้วยกิ่งไม้อยู่บนยอดไม้สูง กินปลาและสัตว์น้ำขนาดเล็ก ในประเทศไทยมีหลายชนิด เช่น กระสาคอขาว [ Ciconia episcopus (Boddaert)] กระสาคอดำ [ Ephippiorhynchus asiaticus (Latham)].
กระสา 1,น.,ชื่อนกยางขนาดใหญ่ ในวงศ์ Ardeidae ปากยาว ปลายแหลม ฤดูผสมพันธุ์เพศผู้มีขนยาวบริเวณท้ายทอย ๒ เส้น คอยาว เวลาบินคอโค้งงอ ขายาว เล็บของนิ้วกลางที่หันไปข้างหน้าหยักคล้ายซี่หวี ทำรังด้วยกิ่งไม้บนยอดไม้สูงปานกลาง กินปลาและสัตว์น้ำ ในประเทศไทยมี ๓ ชนิด คือ กระสานวล ( Ardea cinerea Linn.) กระสาแดง ( A. purpurea Linn.) และกระสาใหญ่ ( A. sumatrana Raffles).
กระสา 2,น.,ชื่องูชนิดหนึ่ง เช่น งูไซงูกระสา (ไตรภูมิ).
กระสา 3,น.,"ชื่อไม้ต้นขนาดกลางชนิด Broussonetia papyrifera (L.) Vent. ในวงศ์ Moraceae ชอบขึ้นในที่ชื้นแฉะ ตามริมแม่นํ้าลำคลอง ใบใหญ่เท่าฝ่ามือหรือกว่านั้นบ้าง รูปไข่ปลายแหลม ขอบใบเป็นจัก ๆ หรือเว้าเป็น ๓ แฉก มีขนทั้ง ๒ ด้าน เปลือกใช้ทำกระดาษได้ เรียก กระดาษสา, พายัพเรียก สา."
กระสานติ์ 0,ว.,"สงบ, ราบคาบ, กสานติ์ ก็ใช้, เขียนเป็น กรสานต์ ก็มี เช่น ดำรงกรษัตรให้กรสานต์ (ยวนพ่าย)."
กระสาบ 0,น.,กระสอบหนัง.
กระสาบ 1,น.,เถานางนูน. (ไทยเหนือว่า ผักสาบ).
กระสาย 0,น.,เครื่องแทรกยา เช่น นํ้าเหล้า.
กระสินธุ 0,น.,แม่นํ้า เช่น กระแสกระสินธุสงสาร (อุเทน).
กระสือ 0,น.,"ผีชนิดหนึ่งที่เชื่อว่าเข้าสิงในตัวผู้หญิง ชอบกินของโสโครก ออกหากินในเวลากลางคืน เห็นเป็นแสงเรือง ๆ ในที่มืด, คู่กับ กระหัง ซึ่งเข้าสิงในตัวผู้ชาย"
กระสือ 1,น.,ในทางวิทยาศาสตร์ คือ แก๊สมีเทน (methane) ที่เกิดจากการเน่าเปื่อยผุพังของสารอินทรีย์แล้วติดไฟในอากาศ เป็นแสงวอบแวบในที่มืด
กระสือ 2,น.,"โคมชนิดหนึ่ง มีที่เปิดปิดไฟ มีแว่นฉายแสงไปได้ไกล, โคมตาวัว ก็ว่า."
กระสือ 3,น.,ชื่อเรียกเห็ดหลายชนิดหลายสกุลและหลายวงศ์ที่เรืองแสงได้ในเวลากลางคืน อาจเรืองแสงเฉพาะบางส่วนหรือทุกส่วน มีสีแตกต่างกันแล้วแต่ชนิด เช่น ชนิด chlorosplenium aeruginascens (Nyl.) Karst. เรืองแสงสีเขียวในระยะเกิดสปอร์.
กระสือ 4,น.,ชื่อว่านชนิดหนึ่ง ต้นและหัวคล้ายขมิ้นอ้อย สีขาว ฉุนร้อน ตามตำรากบิลว่านว่า เมื่อหัวแก่มีธาตุปรอทลงกิน มีพรายเป็นแสงแมงคาเรืองในเวลากลางคืน ถือกันว่ามีสรรพคุณอยู่คง แต่เป็นกายสิทธิ์ ชอบไปเที่ยวหากินของโสโครก และเข้าสิงกินคนดั่งกระสือหรือปอบ แล้วบอกชื่อเจ้าของว่านที่ปลูกนั้นว่า เป็นตัวกระสือหรือผีปอบ ทำให้ขายหน้าจึงไม่ค่อยมีใครกล้าปลูก.
กระสือ 5,น.,"ชื่อตัวอ่อนหิ่งห้อยและตัวเต็มวัยหิ่งห้อยเพศเมียที่ไม่มีปีกหลายชนิดหลายสกุล ในวงศ์ Lampyridae เช่น สกุล Lamprigera, Pyrocoelia, Diaphanesยาวได้ถึง ๑๐ เซนติเมตร อยู่ตามพื้นดิน สามารถทำแสงจากอวัยวะทำแสงที่อยู่ปลายท้องได้ เรียกว่า หนอนกระสือ. (ดู หิ่งห้อย ประกอบ)."
กระสือดูด 0,น.,เรียกผลกล้วยที่แกร็นทั้งเครือ.
กระสือดูด 1,ว.,เรียกคนที่ซูบซีด.
กระสุงกระสิง 0,ก.,"สุงสิง, ยุ่ง, ข้องแวะ."
กระสุน 0,น.,เครื่องยิงมีคัน ใช้สายโก่งยิงด้วยลูกดินปั้นกลม ซึ่งเรียกว่า ลูกกระสุน
กระสุน 1,น.,ลูกปืน.
กระสุนโดด 0,น.,"ลูกปืนที่ยิงออกไปทีละลูก, (ปาก) ลูกโดด."
กระสุนแตก 0,น.,"ลูกกระสุนที่มีดินปืนอย่างร้ายแรงอยู่ข้างใน เมื่อยิงหรือขว้างไปจะแตกออกเป็นชิ้นเล็ก ๆ, (ปาก) ลูกแตก."
กระสุนปราย 0,น.,"ลูกตะกั่วหรือลูกเหล็กเล็ก ๆ สำหรับยัดใส่ในลำกล้องปืนครั้งละหลายลูก เมื่อยิงไปครั้งหนึ่ง ๆ ลูกจะกระจายไป, กระสุนปืนชนิดที่มีลูกตะกั่วหรือลูกเหล็กเล็ก ๆ หลาย ๆ ลูกผสมปนอยู่กับดินปืนในนัดเดียวกัน เวลายิงจะกระจายออก, (ปาก) ลูกปราย."
กระสุนปืน 0,น.,"ลูกปืน, บางทีก็เรียก กระสุน หรือ ลูกกระสุน."
กระสุนพระอินทร์ 0,น.,"ชื่อกิ้งกือในสกุล Sphaerotherium วงศ์ Sphaerotheriidae ยาวประมาณ ๔ เซนติเมตร หัวแบนเล็ก ลำตัวโค้งนูน มี ๑๓ ปล้อง ผิวลำตัวเรียบมัน ด้านหลังสีน้ำตาล ดำ ครีม หรือเขียว เมื่อถูกกระทบจะม้วนเข้าสอดกับปล้องสุดท้ายจนกลมคล้ายลูกกระสุนดินปั้น พบชุกชุมช่วงต้นฤดูฝนตามพื้นที่สูงที่มีใบไม้ทับถมและชุ่มชื้น, ปักษ์ใต้เรียก มวนชิด."
กระสุนวิถี 0,น.,"ทางแห่งกระสุน, วิถีกระสุน ก็ว่า."
กระสูทธิ์ 0,น.,กรสุทธิ์. (ดู กรสุทธิ์).
กระสูบ 0,น.,"ชื่อปลานํ้าจืด ๒ ชนิด ในวงศ์ Cyprinidae รูปร่างคล้ายปลาตะเพียน แต่ลำตัวเพรียวกว่า ชนิดแรกคือ กระสูบขาว [ Hampala macrolepidota (van Hasselt)] มักมีลายดำพาดขวางที่บริเวณลำตัวใต้ครีบหลัง พื้นหางสีแดง ขอบบนและล่างสีดำ ยาวได้ถึง ๗๐ เซนติเมตร อีกชนิดหนึ่งคือ กระสูบจุด ( H. disparSmith) ลำตัวมีจุดดำอยู่ตอนกลาง ปลายครีบหางมนกว่าและไม่มีแถบสีดำ ขนาดยาวได้ถึง ๒๐ เซนติเมตร, สูด หรือ สูบ ก็เรียก."
กระเสด 0,น.,หาดทรายที่ขึ้นสูงพ้นนํ้า.
กระเส็นกระสาย 0,น.,เศษเล็กเศษน้อย.
กระเส็นกระสาย 1,ว.,นิดหน่อย.
กระเส่า 0,ว.,สั่นเครือและเบา (ใช้แก่เสียง).
กระเส่า ๆ 0,ว.,สั่นเครือและเบา (ใช้แก่เสียง).
กระเสาะกระแสะ 0,ว.,"อาการที่ป่วยอยู่บ่อย ๆ, เสาะแสะ ก็ว่า."
กระเสียน 0,ว.,"ชิด, สนิท, แนบเนียน, เช่น ชฎากลีบจีบเวียนกระเสียนพระศก (อภัย), เขาเข้าไม้ปะที่ตรงนี้ดีนัก พอดีกระเสียนกันทีเดียว"
กระเสียน 1,ว.,อาการที่ของสิ่งใดสิ่งหนึ่งสอดเสียดลงไปในช่องในรูไม่คับไม่หลวมพอครือ ๆ กัน.
กระเสียร 0,ว.,"คับแคบ, ลำบาก, ฝืดเคือง, ใช้เข้าคู่กับคำ กระเบียด เป็น กระเบียดกระเสียร."
กระเสือกกระสน 0,ก.,ดิ้นรนเพื่อให้พ้นความทุกข์ยากเป็นต้น.
กระแส 0,น.,"นํ้าหรือลมเป็นต้นที่ไหลหรือพัดเรื่อยเป็นแนวเป็นทางไปไม่ขาดสาย เช่น กระแสนํ้า กระแสลม, โดยปริยายหมายถึงอาการเช่นนั้น"
กระแส 1,น.,"เส้น, สาย, แนว, ทาง, เช่น กระแสความ กระแสความคิด"
กระแส 2,น.,เส้นวัดที่ดินทำด้วยหวายหรือเหล็กเป็นต้น เรียกว่า เส้นกระแส.
กระแสการเงิน 0,น.,การหมุนเวียนของเงินตรา.
กระแสข่าว 0,น.,ข่าวที่ได้ฟังมา เช่น ตามกระแสข่าวเขาว่า เสธ. จะได้ขึ้นเป็น ผบ. นะ.
กระแสความ 0,น.,"แนวความ, ข้อความที่ต่อเนื่องกัน."
กระแสง 0,น.,เสียงเพราะมีกังวาน เช่น จึ่งตั้งนโม ซุ่มเสียงใหญ่โต กระแสงแจ่มใส (ประถม ก กา).
กระแสง 1,น.,"แสง, รัศมี"
กระแสง 2,น.,สี.
กระแสจิต 0,น.,"กระแสความนึกคิดหรือกระบวนความนึกคิดที่เกิดดับต่อเนื่องกันไป, เรียกอาการที่ส่งความนึกคิดติดต่อกันระหว่างจิตของคนหนึ่งกับอีกคนหนึ่ง ซึ่งอยู่ห่างกันโดยไม่ต้องอาศัยประสาทสัมผัสทั้ง ๕ อย่างใดอย่างหนึ่ง ว่า การส่งกระแสจิต."
กระแสตรง 0,น.,กระแสไฟฟ้าซึ่งเคลื่อนที่ตามแนวทิศเดียวกันอยู่ตลอดเวลา.
กระแสนํ้า 0,น.,สายนํ้า.
กระแสพระราชดำรัส 0,น.,คำพูดต่อเนื่อง.
กระแสรับสั่ง 0,น.,"คำพูด, คำสั่ง."
กระแสลม 0,น.,สายลมพัด.
กระแสสลับ 0,น.,กระแสไฟฟ้าซึ่งเคลื่อนที่โดยสลับแนวทิศอยู่ตลอดเวลา.
กระแสสังคม 0,น.,ความคิดเห็นของคนส่วนใหญ่ในสังคมที่มีอิทธิพลต่อการดำเนินการเรื่องใดเรื่องหนึ่ง เช่น กระแสสังคมกดดันให้ตำรวจไม่ดำเนินคดีกับเด็กที่ผิดกฎหมาย.
กระแสเสียง 0,น.,"เสียงที่แล่นไป, นํ้าเสียง."
กระแสะ 0,ว.,"เพลีย, โผเผ, ไม่มีกำลัง, เช่นพูดว่า ข้ามันให้อ่อนหิวกระแสะ ๆ ไป. (ดิกชนารีไทย), ใช้เข้าคู่กับคำ กระเสาะ เป็น กระเสาะกระแสะ."
กระโสง 0,น.,ปลากระสง เช่น กระโสงสังควาดหว้าย ชลา (สรรพสิทธิ์). (ดู กระสง).
กระไส 0,น.,"ทราย เช่น สีคงคาขุ่นเป็นเปือกเทือกกระไส (ม. กาพย์ วนปเวสน์), ประทับทอดจอดอ่าวเข้าไม่ได้ โขดกระไสติดช่องร่องวิถี (นิ. เกาะแก้วกัลกตา)."
กระหง่อง 0,ก.,"จ้อง, คอยดู, เช่น ตากตากระหง่องเตรียม คอยแม่ มาฤๅ (นิ. ตรัง), ตระหง่อง หรือ ตระหน่อง ก็ใช้."
กระหน 0,ก.,"ดิ้นรน, เดือดร้อน, กระวนกระวาย."
กระหนก 0,น.,"ชื่อลายไทยประเภทหนึ่ง ใช้ผูกเขียนเป็นลวดลาย มีทั้งระบายสี ปิดทองรดนํ้า ปั้น หรือแกะสลักเป็นต้น มีหลายแบบ เช่น กระหนกเปลว กระหนกก้านขด กระหนกเครือ, เขียนเป็น กนก ก็มี."
กระหนก 1,ก.,"ตระหนก, หวาด, ผวา, สะดุ้ง, ตกใจ."
กระหนกกินรี 0,ก.,"ชื่อไม้ล้มลุกชนิด Cercestis mirabilis (N. E. Br.) Bogner ในวงศ์ Araceae ต้นมีไหลเลื้อยเหนือพื้นดินแยกออกไปเป็นต้นใหม่ได้ ใบคล้ายใบบอนสี มีลายขาวตามเส้นใบ, กระหนกกินรี กระหนกนฤมิต บอนลายกระหนก หรือ แม้นเขียน ก็เรียก."
กระหนกนฤมิต 0,ก.,"ชื่อไม้ล้มลุกชนิด Cercestis mirabilis (N. E. Br.) Bogner ในวงศ์ Araceae ต้นมีไหลเลื้อยเหนือพื้นดินแยกออกไปเป็นต้นใหม่ได้ ใบคล้ายใบบอนสี มีลายขาวตามเส้นใบ, กระหนกกินรี กระหนกนฤมิต บอนลายกระหนก หรือ แม้นเขียน ก็เรียก."
กระหนกนารี 0,น.,"ชื่อไม้ล้มลุกชนิด Cercestis mirabilis (N. E. Br.) Bogner ในวงศ์ Araceae ต้นมีไหลเลื้อยเหนือพื้นดินแยกออกไปเป็นต้นใหม่ได้ ใบคล้ายใบบอนสี มีลายขาวตามเส้นใบ, กระหนกกินรี กระหนกนฤมิต บอนลายกระหนก หรือ แม้นเขียน ก็เรียก."
กระหน่อง 0,ก.,"จ้อง, คอยดู, เช่น ตากตากระหง่องเตรียม คอยแม่ มาฤๅ (นิ. ตรัง), ตระหง่อง หรือ ตระหน่อง ก็ใช้."
กระหน่อง 1,น.,"จ้อง, คอยดู, เช่น ตากตากระหง่องเตรียม คอยแม่ มาฤๅ (นิ. ตรัง), ตระหง่อง หรือ ตระหน่อง ก็ใช้."
กระหน่อง 2,น.,"น่อง, อวัยวะส่วนหลังของแข้ง ตั้งแต่ขาพับลงไปถึงส้นเท้า เช่น ตัวหนึ่งกัดเอ็นกระหน่อง (ม. ภาคอีสาน ชูชก), กระน่อง ขะน่อง หรือ ขาน่อง ก็เรียก, อีสานว่า กะหน่อง หรือ กะน่อง."
กระหนาบ 0,ก.,"ประกบเข้าให้แน่น, ประชิดเข้าไปทั้ง ๒ ข้าง เช่น กองทัพตีกระหนาบ, ติดชิดกันที่อยู่ทั้ง ๒ ข้าง เช่น กระหนกกระหนาบภาพหาญ, กระหนกกระหนาบคาบเครือสร้อยสน (พากย์)"
กระหนาบ 1,ก.,ดุดันเอา.
กระหนาบคาบเกี่ยว 0,ว.,ประชิดเหลื่อมลํ้ากัน.
กระหน่ำ 0,ว.,ซํ้า ๆ ลงอย่างหนัก.
กระหมวด 0,ก.,"บิดม้วนแล้วขอดให้เป็นปม, มุ่น."
กระหมวด 1,น.,"จอมประสาทหัวช้าง เป็นอวัยวะสำคัญที่เกิดขนช้างฐาน ๑ ใน ๕ ฐาน คือ ขนที่หู หาง บรรทัดหลัง กระหมวดหรือโขมด ราวชัก (คือ สีข้างช้าง แต่โดยนิยมถือเอาเฉพาะแนวที่สายประโคนรัด ซึ่งถัดจากขาหน้าไปหน่อยหนึ่ง), ในการดูลักษณะช้างเผือก ใช้ตรวจขนทั้ง ๕ ฐานนี้ เป็นทางประกอบการพิจารณา."
กระหมอบ 0,ว.,แขม่ว ๆ เช่น หายใจกระหมอบหอบเต็มที (คาวี).
กระหม่อม 0,น.,"ส่วนของกะโหลกอยู่ตรงแนวกลางศีรษะ แต่ตํ่ากว่าส่วนสูงสุดลงมาใกล้หน้าผาก ในเด็กแรกเกิดจนถึง ๒ ขวบส่วนนี้จะมีเนื้อเยื่ออ่อนปิดรอยประสานกะโหลกที่ยังเปิดอยู่ หลังจากนั้นเนื้อเยื่ออ่อนนี้จะกลายเป็นกระดูก, โดยปริยายหมายรวม ๆ ว่า หัว เช่น เป่ากระหม่อม ลงกระหม่อม, ขม่อม ก็ว่า"
กระหม่อม 1,น.,คำสำหรับใช้ควบกับคำที่ขึ้นต้นว่า “เกล้า” เช่น ทราบเกล้าทราบกระหม่อม ทูลเกล้าทูลกระหม่อมถวาย ในการเขียนหนังสือใช้ไปยาลน้อยแทนก็ได้ เช่น ทราบเกล้าฯ ทูลเกล้าฯ ถวาย.
กระหม่อม 2,ส.,"คำใช้แทนตัวผู้พูด เพศชาย ทูลพระวรวงศ์เธอ พระองค์เจ้าที่มิได้ทรงกรม และหม่อมเจ้า, เป็นสรรพนามบุรุษที่ ๑, สรรพนามบุรุษที่ ๑ ที่หม่อมเจ้ามีรับสั่งระหว่างกัน."
กระหม่อม 3,ว.,คำรับหรือคำลงท้ายที่ผู้ชายใช้ทูลเจ้านายชั้นหม่อมเจ้า.
กระหม่อมบาง 0,ว.,"เจ็บป่วยง่าย เช่น เขาเป็นคนกระหม่อมบาง ถูกนํ้าค้างหน่อยก็เป็นหวัด, ขม่อมบาง ก็ว่า."
กระหมั่ง 0,ว.,กระมัง เช่น เครื่องค้าเหลือผู้ซื้อ กระหมั่ง (ลอ).
กระหม่า 0,ก.,"ประหม่า, สะทกสะท้าน, พรั่นใจ, เช่น กระมลบ้ากระหม่ามะเมอ (สมุทรโฆษ)."
กระหมิบ 0,ก.,บีบเข้าหรือเม้มเข้าซ้ำ ๆ กัน (มักใช้แก่ปาก ช่องทวารหนัก และทวารเบา)
กระหมิบ 1,ก.,อาการที่กล้ามเนื้อขอบปากทวารรัดตัวเข้ามา. (แผลงมาจาก ขมิบ).
กระหมิบ 2,ว.,บางทีก็ใช้เข้าคู่กับคำ กระหมุบ เป็น กระหมุบกระหมิบ.
กระหมุดกระหมิด 0,ว.,ขมวดให้แน่น เช่น สักกระสันเป็นสามรวดรัดกระหวัดกระหมุดกระหมิดฉุดชิด ชักชายน้อยห้อยหูกระต่าย (ม. ร่ายยาว ชูชก).
กระหมุ่น 0,ว.,มุ่น
กระหมุ่น 1,ว.,ขุ่น เช่น นํ้าใช้และนํ้าฉัน นานหลายวันเป็นกระหมุ่น.
กระหมุบ 0,ก.,เต้นตุบ ๆ.
กระหมุบกระหมิบ 0,ก.,"หมุบหมิบ, อาการที่ริมฝีปากเผยอขึ้นและหุบลงโดยเร็ว, อาการของปากที่พูดอย่างไม่ออกเสียง, เช่น ทำปากกระหมุบกระหมิบ สวดมนต์กระหมุบกระหมิบ."
กระหย่ง 0,ก.,"ทำให้สูงขึ้น เช่น กระหย่งตัว, ทำสิ่งที่รวมตัวกันให้โปร่งหรือขยายตัวให้หลวมขึ้น เช่น กระหย่งฟาง, กระโหย่ง หย่ง หรือ โหย่ง ก็ว่า."
กระหย่ง 1,ว.,"อาการที่เดินหรือวิ่งไม่เต็มเท้า คือ จดแต่ปลายเท้า เพื่อทำให้ตนสูงขึ้นหรือเพื่อไม่ให้เกิดเสียงดัง เช่น เดินกระหย่ง วิ่งกระหย่ง, เรียกรอยเท้าที่ไม่เต็มเห็นแต่ปลายเท้าและส้นเท้า ว่า รอยเท้ากระหย่ง, อาการที่นั่งเอาปลายเท้าตั้งลงที่พื้น ส้นเท้าทั้ง ๒ รับก้น เรียกว่า นั่งกระหย่ง, กระโหย่ง หย่ง หย่ง ๆ โหย่ง หรือ โหย่ง ๆ ก็ว่า."
กระหยด 0,ก.,"ถด, ถอย, กระเถิบ, เช่น กระหยดเข้า นางเจ้าแม่ทรงศาสตราชัย (มโนห์รา)."
กระหยบ 0,ก.,"แอบ, ซ่อน, ซุก, เช่น ฟุบกบกระหยบเงียบมิเกรียบไว้ (มโนห์รา)."
กระหย่อน 0,ก.,ขย้อน คือ อาการขยับขึ้นขยับลง เช่น พระยานั่งอยู่แลกระหย่อนองค์โลดขึ้นทั้งนั้นก็ดี ขึ้นสูงได้ ๑๘ ศอก (ไตรภูมิ
กระหย่อน 1,ก.,สรรพสิทธิ์
กระหย่อน 2,ก.,"พงศ. เหนือ), กระย่อน ก็ใช้."
กระหย่อม 0,น.,"หย่อม, หมู่เล็ก ๆ, กองเล็ก ๆ."
กระหยะ 0,น.,ขยะ เช่น หนึ่งนิทไทรในราษตรี บมิหลับดั่งมี กระหยะแลผงเลือดไร (อภิไธยโพธิบาทว์).
กระหยัง 0,น.,ภาชนะชนิดหนึ่งคล้ายตะกร้าสำหรับใส่ของหรือเครื่องนุ่งห่ม.
กระหยับ 0,ก.,ขยับ เช่น มือถือธนูกระหยับลั่น (รามเกียรติ์ ร. ๑; ไกรทอง; สรรพสิทธิ์).
กระหยาง 0,ก.,"ขาหยั่ง เช่น อ้ายเหล่าเที่ยววิด พบหนองป้องปิด ทำเปนเชิงราง เอาไม้สามอัน ปักไว้เปนกระยาง แขวนโพงตรงกลาง สาดนํ้าเอาปลา (คำพากย์เรื่องสุบิน), เขียนเป็น กระหยาง ก็มี เช่น ปักไว้เปนกระหยาง (สุบินคำพากย์)."
กระหยิ่ม 0,ก.,"กริ่ม, ครึ้มใจ, ภูมิใจ, อิ่มใจ, มักใช้เข้าคู่กับคำ ยิ้มย่อง เป็น กระหยิ่มยิ้มย่อง."
กระหรอด 0,ก.,"ชื่อนกขนาดเล็กหลายชนิด ในวงศ์ Pycnonotidae สีเหลืองหม่น บางชนิดสีออกดำ ทำรังรูปถ้วยตามต้นไม้ กินผลไม้และแมลง เช่น ปรอดสวน ( Pycnonotus blanfordiJerdon) ปรอดทอง [ P. atriceps (Temminck)] ปรอดหัวโขน [ P. jocosus (Linn.)], กรอด ก็เรียก, บางทีเขียนเป็น กระหรอด หรือ กะหรอด."
กระหริ่ง 0,น.,"บ่วงหวายสำหรับดักสัตว์อย่างเนื้อและกวาง เช่น จับกระหริ่งบ่วงข่ายถือ แบกหอกปืนลงจากเรือน (สุบิน), กะริง ก็ว่า."
กระหวน 0,ก.,หวนถึง เช่น และกระหวนกระโหยหา (ดุษฎีสังเวย).
กระหวัด 0,ก.,"ตวัด, วัดให้ม้วนเข้ามาโดยเร็ว, รัดรึง"
กระหวัด 1,ก.,ย้อน เช่น เจ้าหวนคิดกระหวัดวน (พากย์นางลอย).
กระหวัดเกล้า 0,น.,ชื่อท่ารำแบบหนึ่ง โดยมือข้างหนึ่งจีบหงาย งอข้อศอก หักข้อมือเข้าหาแง่ศีรษะ มืออีกข้างหนึ่งตั้งวงกลาง เอียงศีรษะข้างเดียวกับมือที่ตั้งวง.
กระหว่า 0,ว.,"ราวกับว่า เช่น หน้าตาหัวอกรกเป็นขน ดูสง่ากระหว่าคนหรือนนทรี (มโนห์รา), ปักษ์ใต้ว่า หวา."
กระหอง 0,ว.,"ชื่อสัตว์สะเทินนํ้าสะเทินบกชนิด Bufo asper Gravenhorst ในวงศ์ Bufonidae เป็นคางคกที่ใหญ่ที่สุดในประเทศไทย ผิวหนังเป็นตุ่มขรุขระทั่วตัว ตุ่มที่หลังมีขนาดใหญ่ ส่วนใหญ่ลำตัวสีน้ำตาลดำและน้ำตาลเหลือง ท้องสีขาวหม่นบางตัวมีจุดสีแดงเล็ก ๆ ยางขาวมีฤทธิ์ทำให้มึนเมา อาศัยในป่าบริเวณริมลำธารหรือน้ำตก, กระทาหอง กระหอง หรือ กง ก็เรียก."
กระหัง 0,น.,"ผีชนิดหนึ่งที่ถือว่าเข้าสิงในตัวผู้ชาย เชื่อกันว่าเดิมเป็นผู้ชายที่เรียนวิชาอาคมแก่กล้าเข้าก็มีปีกมีหาง จะไปไหนก็ใช้กระด้งต่างปีก สากตำข้าวต่างขา สากกะเบือต่างหาง ชอบกินของโสโครก, คู่กับ กระสือ ซึ่งเข้าสิงในตัวผู้หญิง, ใช้ว่า กระหาง ก็มี เช่น ถ้าเปนสัจว่าเปนกระสือกระหางจะกละจริงไซร้ (สามดวง)."
กระหัด 0,น.,คฤหัสถ์.
กระหาง 0,น.,กระหัง.
กระหาย 0,ก.,รู้สึกคอแห้งด้วยอยากดื่มน้ำเป็นต้น
กระหาย 1,ก.,อยากเป็นกำลัง เช่น กระหายอำนาจ กระหายชื่อเสียง.
กระหายเลือด 0,ว.,"พอใจอยากเห็นเลือดตกยางออก, เหี้ยมโหด."
กระหึ่ม 0,ว.,เสียงก้อง เช่น พายุพัดกระหึ่ม เสียงดนตรีดังกระหึ่ม.
กระหึ่ม 1,ก.,โด่งดังรู้กันไปทั่ว เช่น นักร้องคนนี้มีชื่อเสียงกระหึ่ม เรื่องคอร์รัปชันตอนนี้กำลังกระหึ่มไปทั่ว.
กระหืดกระหอบ 0,ว.,มีอาการรีบร้อนอย่างเหนื่อยหอบ เช่น วิ่งกระหืดกระหอบ.
กระเห็น 0,น.,อีเห็น เช่น กระเห็นเห็นกันแล้ววิ่งมา (รามเกียรติ์ ร. ๑).
กระเหน็จ 0,น.,"วิธี, อย่าง, อุบาย, เช่น กลกระเหน็จต่าง ๆ (ม. คำหลวง นครกัณฑ์)."
กระเหน็จกระแหน่ 0,น.,"เชิงชั้น, เล่ห์กล, เช่น กระเหน็จกระแหน่รณรงค์ (สมุทรโฆษ)."
กระเหนียด 0,ก.,เสียด.
กระเหนียด 1,ก.,"ชื่อไม้พุ่มชนิด Justicia adhatodaL. ในวงศ์ Acanthaceae ใบยาวรีออกตรงข้ามกัน ดอกสีขาวออกเป็นช่อตามยอด มีกาบหุ้ม ใบใช้ทำยาได้, กระเหนียด ก็เรียก."
กระเหม็ดกระเหมียด 0,ก.,ประหยัด.
กระเหม็ดกระแหม่ 0,ก.,"เขม็ดแขม่, ใช้จ่ายอย่างระมัดระวังเพราะเกรงว่าจะไม่พอใช้."
กระเหม่น 0,ก.,เขม่น คือ อาการที่กล้ามเนื้อกระตุกเต้นเบา ๆ ขึ้นเอง ตามความเชื่อโบราณถือว่าเป็นนิมิตบอกเหตุร้ายหรือดีได้ เช่น กระเหม่นตา
กระเหม่น 1,ก.,เขม้น เช่น กระเหม่นตรับตัว (เสือโค).
กระเหม่า 0,น.,"เขม่าซาง, ละอองขึ้นที่ลิ้นเด็กอ่อน โบราณเรียกว่า กระเหม่าซาง."
กระเหลียก 0,ก.,"เหลือบแล เช่น ครั้นเช้าไก่ขันเรียก ไก่กระเหลียกตาดู (ลอ), เขียนเป็น กรลยก ก็มี เช่น สูวนนเจดีรสสมีกรลยกงามหนกกหนา (จารึกสยาม หลัก ๒)."
กระเหว่า 0,น.,"นกดุเหว่า เช่น กระเหว่าเสียงเพราะแท้ แก่ตัว (โลกนิติ), กาเหว่า ก็ว่า. (ดู ดุเหว่า)."
กระเห่อ 0,ก.,เห่อ เช่น คนห่ามกระเห่อทำ อวดรู้ (พระนลคำหลวง อารัมภกถา).
กระเหิม 0,ว.,"เหิม, กำเริบ, ลำพองใจ."
กระเหี้ยนกระหือรือ 0,ก.,แสดงความกระตือรือร้นเอาจริงเอาจังอย่างออกนอกหน้า.
กระแห 0,น.,"ปลาตะเพียนขนาดกลางชนิด Barbonymus schwanefeldi (Bleeker) หรือ Puntius schwanefeldi (Bleeker) ในวงศ์ Cyprinidae ลำตัวสั้นกว้างคล้ายปลาตะเพียนขาว มักมีสีแดงอ่อนบนครีบ เฉพาะส่วนปลายของครีบหลังและขอบทั้งบนและล่างของครีบหางมีสีดำ ขนาดยาวได้ถึง ๔๐ เซนติเมตร, ตะเพียนหางแดง หรือ เลียนไฟ ก็เรียก, ปักษ์ใต้เรียก ลำปำ."
กระแหทอง 0,น.,"ปลาตะเพียนขนาดกลางชนิด Barbonymus schwanefeldi (Bleeker) หรือ Puntius schwanefeldi (Bleeker) ในวงศ์ Cyprinidae ลำตัวสั้นกว้างคล้ายปลาตะเพียนขาว มักมีสีแดงอ่อนบนครีบ เฉพาะส่วนปลายของครีบหลังและขอบทั้งบนและล่างของครีบหางมีสีดำ ขนาดยาวได้ถึง ๔๐ เซนติเมตร, ตะเพียนหางแดง หรือ เลียนไฟ ก็เรียก, ปักษ์ใต้เรียก ลำปำ."
กระแหน่ 0,น.,"เล่ห์กล, แง่งอน, ท่วงที, เช่น ข้ากระไดกระแหน่ แต่งแง่แผ่ตนท่า (ลอ)."
กระแหนบ 0,ก.,"แหนบ, ถอน, เช่น แนบนิทรลวดแลบ ก็กระแหนบที่หนวดเครา (บุณโณวาท)."
กระแหนะ 0,น.,ลายปูนปิดทอง
กระแหนะ 1,น.,"กรรมวิธีในการสร้างงานประติมากรรมตกแต่ง หรือวิธีการทางช่างจุลศิลป์ประเภทหนึ่ง โดยใช้สมุกปั้นเป็นลวดลายหรือรูปภาพติดเข้ากับพื้นไม้หรือพื้นกระดาษ เช่น ปั้นหน้ายักษ์หน้าลิงติดลงบนกะโหลกปิดกระดาษทำเป็นหัวโขน, แขนะ ก็ว่า."
กระแหนะ 2,ก.,"แตะ, เติม"
กระแหนะ 3,ก.,ว่าเปรียบเปรย.
กระแหนะกระแหน 0,ก.,"พูดกระทบหรือพูดเสียดสี, กระแนะกระแหน ก็ว่า."
กระแหม็บ 0,ว.,"หายใจแผ่ว ๆ แสดงว่าจวนจะหมดกำลัง, (โบ) เขียนเป็น กระแหมบ ก็มี เช่น กระแหมบกระเหม่นทรวง (อนิรุทธ์)."
กระแหม็บ ๆ 0,ว.,"หายใจแผ่ว ๆ แสดงว่าจวนจะหมดกำลัง, (โบ) เขียนเป็น กระแหมบ ก็มี เช่น กระแหมบกระเหม่นทรวง (อนิรุทธ์)."
กระแหม่ว 0,ก.,"ผ่อนลมหายใจให้ท้องยุบลง, บังคับกล้ามเนื้อท้องให้ท้องยุบลง."
กระแหย่ง 0,ว.,อาการปีนขึ้นอย่างพลั้ง ๆ พลาด ๆ. (แผลงมาจาก แขย่ง).
กระแหย่ง 1,ก.,คะยั้นคะยอ เช่น มาหยักเหยาเซ้าซี้กระแหย่งชาย (รามเกียรติ์ ร. ๑).
กระแหร่ม 0,ก.,กระแอม.
กระแหล่ง 0,น.,เครื่องทำเสียงสัญญาณทำด้วยโลหะ มีรูปคล้ายกระดิ่ง แต่เป็นรูปสี่เหลี่ยม ใช้แขวนคอ โค กระบือช้าง.
กระโห้ 0,น.,"ชื่อปลานํ้าจืดชนิด Catlocarpio siamensis Boulenger ในวงศ์ Cyprinidae หัวโตมากโดยเฉพาะปลาขนาดเล็ก เกล็ดใหญ่ ลำตัวด้านหลังสีเทาดำ หางและครีบสีแดงคลํ้าหรือส้ม พบในแม่นํ้าใหญ่หลายสายของประเทศไทย เคยพบขนาดยาวได้ถึง ๓ เมตร จัดเป็นปลานํ้าจืดในกลุ่มปลาตะเพียนที่ใหญ่ที่สุดในโลก, กระมัน หรือ หัวมัน ก็เรียก."
กระโหนด 0,น.,ตาล เช่น ย่านป่าขายพัดกระโหนดคันกลมคันแบนใหญ่น้อย (อธิบายแผนที่กรุงศรีอยุธยา).
กระโหม 0,ก.,โหม เช่น ศัพท์ส้าวกระโหมโครม (บุณโณวาท).
กระโหย 0,ก.,"โหยไห้, ร้องไห้, ครํ่าครวญถึง."
กระโหย่ง 0,ก.,"ทำให้สูงขึ้น เช่น กระโหย่งตัว, ทำสิ่งที่รวมตัวกันให้โปร่งหรือขยายตัวให้หลวมขึ้น เช่น กระโหย่งฟาง, กระหย่ง หย่ง หรือ โหย่ง ก็ว่า."
กระโหย่ง 1,ว.,"อาการที่เดินหรือวิ่งไม่เต็มเท้า คือ จดแต่ปลายเท้า เพื่อทำให้ตนสูงขึ้น หรือเพื่อไม่ให้เกิดเสียงดัง เช่น เดินกระโหย่ง วิ่งกระโหย่ง, เรียกรอยเท้าที่ไม่เต็ม เห็นแต่ปลายเท้าและส้นเท้า ว่า รอยเท้ากระโหย่ง,อาการที่นั่งเอาปลายเท้าตั้งลงที่พื้น ส้นเท้าทั้ง ๒ รับก้นเรียกว่า นั่งกระโหย่ง, กระหย่ง หย่ง หย่ง ๆ โหย่ง หรือ โหย่ง ๆ ก็ว่า."
กระอวล 0,ว.,"อวล, หอมตลบ."
กระอ้อกระแอ้ 0,ว.,"อ้อแอ้, อาการออกเสียงของเด็กที่เริ่มหัดพูด, อาการที่พูดไม่ชัดอย่างคนเมา."
กระออดกระแอด 0,ว.,"ออดแอด, อาการที่บ่นไม่รู้จักจบ, อาการที่ป่วยอยู่บ่อย ๆ."
กระออบ 0,ว.,มีกลิ่นหอม.
กระออม 0,ว.,"ชื่อไม้เถาชนิด Cardiospermum halicacabum L. ในวงศ์ Sapindaceae ขึ้นทั่วไปตามที่รกร้าง ลำต้นเรียวเป็นร่อง ใบสีเขียวอ่อน มีมือเกาะ ดอกเล็ก สีขาว ผลกลม มีกลีบเลี้ยงรูปสามเหลี่ยมพองลมหุ้มอยู่ รากและใบใช้ทำยาได้, กระออม ก็เรียก."
กระออม 1,น.,"ภาชนะสานด้วยไม้ไผ่ ยาชัน รูปคล้ายกระบุงขนาดย่อม ปากสอบ ใช้ใส่น้ำ เช่น สรงสนานนํ้าทิพย์สิบกระออม (คาวี), กะออม กัลออม หรือ กะละออม ก็ว่า."
กระอ้อมกระแอ้ม 0,ว.,"อ้อมแอ้ม, ไม่ฉะฉาน, ไม่ชัดเจน, ไม่เต็มปาก, (ใช้แก่กริยาพูด)."
กระอัก 0,ก.,ทะลักออกมาจากคอ เช่น กระอักเลือด กินอิ่มจนแทบกระอัก.
กระอักกระอ่วน 0,ว.,"ป่วน, พิพักพิพ่วน, ลังเลใจ, ตกลงใจไม่ได้, อักอ่วน ก็ว่า."
กระอักกระไอ 0,ว.,"อิดเอื้อน, ไม่กล้าพูด, ทำเสียงไออุบอับอยู่ในคอ, เช่น พูดจากุกกักกระอักกระไอ (ไกรทอง)."
กระอั้วแทงควาย 0,น.,"ชื่อการเล่นชนิดหนึ่งในการสมโภชของหลวง, บางทีเรียก กระอั้ว ว่า นางอั้ว เช่น นางอั้วเพ่งผัวเอน ควายเสี่ยว (สาส์นสมเด็จ)."
กระอ้า 0,น.,โรคพืชชนิดหนึ่งเกิดแก่ใบยาสูบ ทำให้ใบเฉา เหี่ยวแห้งหรือตายนึ่ง.
กระอาน 0,น.,"ชื่อเต่านํ้ากร่อยขนาดใหญ่ชนิด Batagur baska (Gray) ในวงศ์ Emydidae จมูกแหลมงอนคล้ายตะพาบ เมื่อยังเล็กกระดองค่อนข้างแบน เมื่อโตขึ้นกระดองโค้งรี เพศเมียหัวและกระดองสีน้ำตาล เพศผู้หัวและกระดองสีดำตาสีขาว ตีนมีพังผืดเต็ม สามารถปรับตัวอยู่ในนํ้าจืดได้ พบในบริเวณที่มีน้ำไหลทางภาคใต้โดยเฉพาะแถบจังหวัดสตูล, กะอาน ก็เรียก."
กระอิด 0,ว.,อิดโรย เช่น อกกระอิดกว่าชื่นแล (ม. คำหลวง กุมาร).
กระอิดกระเอื้อน 0,ก.,"อิดเอื้อน, ไม่กล้าที่จะพูด, กล่าวไม่เต็มปาก"
กระอิดกระเอื้อน 1,ก.,แสดงอาการไม่สู้เต็มใจ.
กระอึก 0,ก.,"อึกทึก, อึง, เช่น ตระคอกคึกกระอึกอึง (กลบท ๒"
กระอึก 1,ก.,ม. คำหลวง จุลพน).
กระอึกกระอัก 0,ว.,"อึกอัก, อาการที่พูดไม่ออก ติดกึกกักอยู่ในคอเพราะกลัวหรือประหม่าเป็นต้น, อึก ๆ อัก ๆ ก็ว่า."
กระอึด 0,ก.,"อึดอัด, สะอึก, เช่น กระอึดอกเซนเซน ช่วยเหน้า (กำสรวล)."
กระอืด 0,ก.,"ร้องไห้รํ่าไร, รํ่าไห้, เช่น เกรงอาตม์กระอืดโอย (สรรพสิทธิ์), จำนองกระอืดโอย ทุกขทรวงละลวงกาม (อนิรุทธ์)."
กระอุ 0,ก.,ระอุ
กระอุ 1,ก.,ร้อนรน เช่น กระอุอุระประปราณ (สมุทรโฆษ
กระอุ 2,ก.,"สรรพสิทธิ์), หนึ่งรัศมีพระสุริยเย็น รัศมีพระจันทร์เป็น กระอุแลกลับร้อนรน (อภิไธยโพธิบาทว์), ใช้เป็น กระอุก หรือ ประอุก ก็มี."
กระอุก 0,ก.,ระอุ
กระอุก 1,ก.,"ร้อนรน เช่น กระอุกกระลับร้อน, ใช้เป็น กระอุ หรือ ประอุก ก็มี."
กระอูบ 0,น.,"ผอบ, ภาชนะสำหรับใส่ของ มีเชิง ฝาครอบมียอด มักทำด้วยโลหะหรือไม้กลึงเป็นต้น เช่น จึงแก้เอาเสื้อและผ้าคาดศีรษะใส่ในกระอูบคำ (ประชุมพงศ. ๑๐)."
กระเอบ 0,ว.,"อร่อย, หอมหวาน, เช่น ลิ้มไล้โอชกระเอบหวาน (ม. คำหลวง จุลพน)."
กระเอา 0,ว.,กลมกล่อม.
กระเอิก 0,ว.,เอิกเกริก เช่น พลเกรอกกระเออกอึง (สรรพสิทธิ์).
กระเอิบ 0,ก.,"เอิบ, อิ่ม, เช่น เถ้ากระเอิบเรอสมออกแล (ม. คำหลวง กุมาร)."
กระแอก 0,ก.,"เชือกหรือลวดหนังตีเป็นเกลียว, หุ้มผ้าแดง ปลายสายทั้ง ๒ ข้าง ผูกกับสายสำอางคร่อมอยู่ทางท้ายสันหลังช้าง สำหรับควาญช้างจับเมื่อเวลาคับขัน, กระแซง กระแอก หรือ ปะแอด ก็เรียก."
กระแอก 1,น.,อีกา.
กระแอบ 0,น.,"ชื่อสัตว์ขาปล้อง ชั้น Chilopoda มีเขี้ยว ๑ คู่ หัวและลำตัวยาวแบนหรือค่อนข้างแบน มีจำนวนปล้องตั้งแต่ ๑๕ ปล้องขึ้นไป แต่ละปล้องมีขา ๑ คู่ไปจนถึงปล้องสุดท้ายหรือเกือบสุดท้าย ขามี ๕-๗ ปล้อง อยู่ด้านข้างของลำตัว บางชนิดมีนํ้าพิษ ทำให้ผู้ถูกกัดเจ็บปวด เช่น ตะขาบไฟ ( Scolopendra morsitansLinn.) ในวงศ์ Scolopendridae ลำตัวยาว ๑๔-๒๐ เซนติเมตร สีน้ำตาลแดง, กระแอบ หรือ จะขาบ ก็เรียก."
กระแอม 0,ก.,"ทำเสียงแอมในคอคล้ายไอ เพื่อให้โปร่งคอ ให้เสียงหายเครือ เพื่อให้เขารู้ หรือระวัง เป็นต้น, นิยมใช้เข้าคู่กับคำ กระไอ เป็น กระแอมกระไอ."
กระแอม 1,น.,ลายที่ผูกเป็นตัวลอย ๆ อยู่ในรูปทรงสี่เหลี่ยมขนมเปียกปูน คล้ายลายกระหนกหางโต ใช้สำหรับอุดหรือปิดช่องไฟระหว่างปลายกระหนกเครือวัลย์ เรียกว่า ลูกกระแอม หรือ ตัวกระแอม.
กระแอมกระไอ 0,ก.,"ทำเสียงแอมในคอคล้ายไอ เพื่อให้โปร่งคอ ให้เสียงหายเครือ เพื่อให้เขารู้ หรือระวัง เป็นต้น, นิยมใช้เข้าคู่กับคำ กระไอ เป็น กระแอมกระไอ."
กระไอ 0,น.,"กลิ่นเหม็นแสดงว่าจวนจะบูด เช่น แกงมีกระไอจวนจะบูดแล้ว, สะไอ ก็ว่า."
กระไอ 1,ว.,"มีกลิ่นเหม็นแสดงว่าจวนจะบูด เช่น ข้าวเหม็นกระไอ, สะไอ ก็ว่า."
กระไอ 2,ก.,"ไอ, ใช้เข้าคู่กับคำ กระอัก หรือ กระแอม เป็น กระแอมกระไอ หรือ กระไอกระแอม."
กระไอกระแอม 0,ก.,ทำเสียงไอเสียงแอม เช่น ถ้ามันจะเกริ่นกรายกระไอกระแอมแอบเข้ามา (ม. ร่ายยาว ชูชก).
กรัก 0,น.,แก่นขนุนใช้ย้อมผ้า นิยมใช้ย้อมสบงจีวร
กรัก 1,น.,โรงกรัก คือ โรงที่ต้มกรักในวัด.
กรัก 2,ว.,สีแดงคล้ำอย่างสีหมากแห้ง เรียกว่า สีกรัก.
กรักขี 0,ว.,"ชื่อไม้เถาเนื้อแข็งชนิด Dalbergia candenatensis (Dennst.) Prain ในวงศ์ Leguminosae แก่นแดง มีเสี้ยนดำ ใช้ทำยาได้, กรักขี หรือ ขรี ก็เรียก."
กรัง 0,ก.,"แห้ง เช่น เสบียงกรัง, แห้งติดแน่นอยู่ เช่น ขี้มูกขี้ตากรัง."
กรัง 1,น.,"เนิน เช่น กึกก้องไพรกรัง (อนิรุทธ์), อเนกทั่วไพรกรัง (ดุษฎีสังเวย)."
กรัชกาย 0,น.,ร่างกาย เช่น เจ้างามยามประจงจัดกรัชกาย (กลบทบัวบานกลีบขยาย).
กรัณฑ์ 0,น.,"ภาชนะมีฝาปิด เช่น รัตนกรัณฑ์ (สังโยคพิธาน), กรัณฑรัตน (ยวนพ่าย), กรัณฑขลังขังนํ้าทิพมุรธา ภิเษกท่าน (ราชาภิเษก ร. ๗). (ดู กรณฑ์ ๑)."
กรัณฑ- 0,น.,"ภาชนะมีฝาปิด เช่น รัตนกรัณฑ์ (สังโยคพิธาน), กรัณฑรัตน (ยวนพ่าย), กรัณฑขลังขังนํ้าทิพมุรธา ภิเษกท่าน (ราชาภิเษก ร. ๗). (ดู กรณฑ์ ๑)."
กรัณฑก 0,น.,"ภาชนะมีฝาปิด, ภาชนะใส่นํ้า เช่น หม้อกรณฑ์, กรัณฑ์ หรือ กรัณฑก ก็เรียก, ผอบ เช่น บรรจุพระบรมธาตุในสุวรรณกรณฑ์ (เทศนาพระราช-ประวัติ)."
กรัณย์ 0,น.,กิจ.
กรัณย์ 1,ว.,อันพึงทำ เช่น ราชกรัณย์.
กรัน 0,ว.,"เล็ก, แคระ, เช่น กรวดกรันขราราย (สุธน)."
กรัน 1,น.,ชื่อกล้วยพันธุ์หนึ่งของสกุล Musax paradisiaca L. ผลสั้นป้อม ไม่มีเมล็ด.
กรับ 0,น.,เครื่องตีชนิดหนึ่ง ทำด้วยไม้ไผ่ผ่าซีกหรือไม้เนื้อแข็ง ๒ อัน ใช้ขยับหรือตีกระทบกันสำหรับให้อาณัติสัญญาณ หรือบอกจังหวะในการขับร้องและบรรเลงดนตรี.
กรับ 1,ก.,แห้งติดอยู่เหมือนกาวติดชาม ว่า กรับแห้ง.
กรับขยับ 0,น.,กรับเสภา.
กรับคู่ 0,น.,กรับชนิดหนึ่ง ทำด้วยไม้ไผ่ซีกหรือไม้แก่นเป็นคู่ สำหรับตีเป็นจังหวะในการฟ้อนรำขับร้อง.
กรับพวง 0,น.,กรับชนิดหนึ่ง ทำด้วยไม้แผ่นบาง ๆ หรือแผ่นทองเหลืองหรือแผ่นงาช้างหลาย ๆ อัน ด้ามจิ้ว ตอนหัวข้างหนึ่งเจาะรูร้อยเชือก เวลาตีใช้มือข้างหนึ่งจับตรงหัวทางเชือกร้อย แล้วฟาดข้างหนึ่งลงบนฝ่ามืออีกข้างหนึ่ง สำหรับตีเป็นจังหวะประกอบการฟ้อนรำและขับร้อง หรือใช้ตีรัวเป็นอาณัติสัญญาณ.
กรับเสภา 0,น.,"กรับชนิดหนึ่ง ทำด้วยไม้แก่นเช่นไม้ชิงชัน มี ๔ ด้าน ด้านหนึ่งโค้งสำหรับกระทบให้เกิดเสียง ยาวประมาณ ๒๐ เซนติเมตร หนาประมาณ ๕ เซนติเมตร ลบเหลี่ยมเล็กน้อยเพื่อมิให้บาดมือและให้สามารถกลิ้งตัวกระทบกันได้สะดวก ใช้ขยับประกอบในการขับเสภา โดยผู้ขับเสภาจะต้องใช้กรับ ๒ คู่ ประคองไว้ในอุ้งมือข้างละคู่ ขณะที่ขับเสภาก็ขยับกรับแต่ละคู่ให้กระทบกันให้สอดคล้องกับท่วงทำนองขับ, กรับขยับ ก็ว่า."
กรัม 0,น.,"หน่วยมาตราชั่งนํ้าหนัก ตามมาตราเมตริก มีอัตรา = ๑๐๐ เซนติกรัม หรือ ๑ ใน ๑,๐๐๐ แห่งกิโลกรัม, อักษรย่อว่า ก."
กราก 0,ก.,ตรงเข้าไปหรือเข้ามาโดยเร็ว เช่น กรากเข้าไป.
กราก 1,ว.,รวดเร็ว เช่น นํ้าไหลเชี่ยวกราก.
กราก 2,ว.,เรียกสิ่งที่หุงหรือนึ่งสวยมากเกินไปว่า สวยกราก เช่น ข้าวสวยกราก ถั่วสวยกราก.
กราก 3,ว.,เสียงอย่างเสียงของผ้าลายที่ยังไม่ได้ซักหรือผ้าที่ลงแป้งจนแข็งกระทบหรือเสียดสีกัน
กราก 4,ว.,เสียงอย่างเสียงลากกิ่งไม้.
กราง 0,ก.,ถูไปถูมาด้วยบุ้ง ตะไบ หรือหนังกระเบน เช่น กระเบนกรางหน้าผากไม่อยากเจ็บ (ขุนช้างขุนแผน).
กร่าง 0,ว.,อาการที่ทำท่าทางหรือพูดจาวางโต เช่น เขาชอบทำกร่างอยู่เรื่อย.
กราง 1,ว.,เสียงอย่างเสียงใบตาลแห้งที่ถูกลมพัดกระทบกัน เช่น ด่งงไม้รงงรจิตร อันอยู่ชชิดทางเทา ร่มเย็นเอาใจโลกย์ ลำโล้โบกใบกราง (ม. คำหลวง ชูชก).
กร่าง 1,น.,"ชื่อไม้ต้นขนาดกลางถึงขนาดใหญ่ชนิด Ficus altissima Blume ในวงศ์ Moraceae เปลือกเรียบสีเทา ใบกว้างหนารูปไข่ ปลายมน ไม่มีขน ผลกลม เมื่อสุกสีส้มออกแดง, ลุง ฮ่างหลวง หรือ ไทรทอง ก็เรียก."
กรางเกรียง 0,ว.,เสียงอย่างเดียวกับกราง เช่น ก้องกงรถก้องกรางเกรียง (พากย์; สุธน).
กราด 0,น.,ไม้กวาดที่ทำเป็นซี่ยาว ๆ ห่าง ๆ มีด้ามยาว สำหรับใช้กวาดที่ลานวัดเป็นต้น.
กราด 1,ก.,กวาดด้วยกราด.
กราด 2,น.,เครื่องขูดไคลม้าทำด้วยเหล็ก มีฟันคล้ายกระต่ายขูดมะพร้าว
กราด 3,น.,เครื่องจีมไม้ให้แน่น.
กราด 4,น.,"เครื่องมือจับสัตว์นํ้าชนิดหนึ่ง ใช้ประกอบกับเรือ, บางถิ่นเรียกว่า กรีด หรือ เรือกรีด, เวลาจับสัตว์นํ้าใช้แจวไปตามฝั่งคลองหรือแม่นํ้า โดยให้ไม้สำหรับกรีดนั้นระไปในนํ้า."
กราด 5,น.,"ชื่อไม้ต้นขนาดใหญ่ชนิด Dipterocarpus intricatus Dyer ในวงศ์ Dipterocarpaceae ขึ้นในป่าเต็งรัง ต้นมียางเหนียว เจาะเอานํ้ามันยางได้, ยางกราด เหียงกราด ตะแบง หรือ สะแบง ก็เรียก."
กราด 6,ก.,"กวดให้แน่น เช่น กราดลิ่ม, กวดให้อยู่ในบังคับ เช่น กราดควาย กราดเด็ก"
กราด 7,ก.,พ่นนํ้านกและไก่แล้วเอาออกผึ่งแดด
กราด 8,ก.,ตากอยู่กลางแดดกลางลม.
กราด 9,ว.,"ซัดส่ายไปโดยไม่เจาะจง เช่น ยิงกราด, สาดไป เช่น ด่ากราด."
กราด 10,ว.,"เล็ก, แคระ, แกร็น."
กราดเกรี้ยว 0,ก.,"แสดงกิริยาท่าทางพร้อมทั้งดุด่าว่ากล่าวเป็นต้นอย่างรุนแรงด้วยความโกรธ, เกรี้ยวกราด ก็ใช้."
กราดวง 0,น.,"ลูกมะพร้าวทุยที่ตัดครึ่งท่อน สำหรับถูพื้นบ้านหรือหวีด้ายทอหูก, (ปาก) กระดวง."
กร้าน 0,ว.,"มีผิวด้าน, มีผิวไม่สดใส"
กร้าน 1,ว.,"กระด้าง, แข็ง, หยาบ."
กราน 0,น.,"ไฟ เช่น เชิงกราน, ธุมาก็ปรากฏแก่กราน (กฤษณา)."
กราน 1,*ว.,"ใช้เข้าคู่กับคำอื่น หมายความว่า ทอดตัว หรือ ล้มตัวลงราบ เช่น ก้มกราน หมอบกราน, หมายความว่า คํ้า, ยัน, เช่น ยันกราน ยืนกราน, ในบทกลอนใช้โดยลำพังก็มี เช่น ก็กรานในกลางรณภู (สมุทรโฆษ), พระรามตัดตีนสินมือเสีย กรานคอไปไว้ที่นอกเมือง (มโนห์รา), โบราณเขียนเป็น กราล ก็มี."
กรานกฐิน 0,ก.,"ขึงไม้สะดึง คือ เอาผ้าที่จะเย็บเป็นจีวรเข้าขึงที่ไม้สะดึง เย็บเสร็จแล้วบอกแก่ภิกษุทั้งหลายผู้ร่วมใจกันยกผ้าให้ในนามของสงฆ์เพื่ออนุโมทนา, ภิกษุผู้เย็บจีวรเช่นนั้น เรียกว่า ผู้กราน, สงฆ์ยกผ้าอันไม่พอแจกกันให้ภิกษุรูปหนึ่ง ภิกษุรูปนั้นทำตั้งแต่ซัก กะ ตัด เย็บ ย้อม เสร็จในวันนั้น ทำพินทุกัปปะอธิษฐานเป็นจีวรครอง เป็นจีวรกฐิน เรียกว่า . (อุปสมบทวิธี). (ดู กฐิน)."
กราบ 0,น.,"ไม้เสริมแคมเรือให้สูงขึ้น, ส่วนของเรือตอนที่มีไม้เสริม, ไม้กระดานที่ติดตรงแคมเรือไปตามแนวนอนสำหรับเดิน, เรียกส่วนด้านข้างของเรือรบเรือสินค้าเป็นต้น."
กราบ 1,ก.,"แสดงความเคารพด้วยวิธีนั่งประนมมือขึ้นเสมอหน้าผาก แล้วน้อมศีรษะลงจดพื้น, ถ้าหมอบแล้วน้อมศีรษะลงจดมือที่ประนมอยู่กับพื้น เรียกว่า หมอบกราบ, ประนมมือเสมอหน้าผาก แล้วน้อมศีรษะลงจดมือที่วางอยู่ ณ ที่ใดที่หนึ่ง ก็อนุโลมถือว่าเป็นกราบ เช่น กราบลงบนตัก, เรียกกราบโดยให้อวัยวะทั้ง ๕ คือ เข่าทั้ง ๒ มือทั้ง ๒ และหน้าผาก จดลงกับพื้นว่า กราบโดยเบญจางคประดิษฐ์ เป็นอาการแสดงความเคารพอย่างสูงสุด, โดยปริยายใช้เป็นคำแสดงอาการเคารพเหมือนอย่างกราบ เช่น กราบทูล กราบเรียน."
กราบ 2,ก.,นอน เช่น เถ้าก็กราบกรนอึงอยู่นั้น (ม. คำหลวง กุมาร).
กราบ 3,ว.,ตราบ เช่น กราบเท่ากัลปาวสาน (พงศ. อยุธยา).
กราบพระ 0,น.,ผ้ากราบ.
กราฟ 0,น.,แผนภูมิที่ใช้เส้น จุด หรือภาพ เป็นต้น เพื่อแสดงความเปลี่ยนแปลงค่าของตัวแปรตัวหนึ่งเทียบกับความเปลี่ยนแปลงค่าของตัวแปรตัวอื่น
กราฟ 1,น.,เซตของจุดที่เรียงกันอย่างมีระเบียบตามที่กำหนดขึ้นด้วยสมการหรืออสมการ.
กราม 0,น.,ฟันที่ใช้บดเคี้ยวอาหาร.
กรามช้าง 0,น.,ชื่อโรคมะเร็งชนิดหนึ่ง ตามตำราแพทย์แผนโบราณว่าขึ้นที่แถวกราม มีอาการเป็นเนื้อร้ายงอกขึ้นที่ต่อมแถวก้านคาง ทำให้ขากรรไกรพองโตใหญ่ออกมา เรียกว่า มะเร็งกรามช้าง.
กรามช้าง 1,น.,ฟันที่ใช้บดเคี้ยวอาหาร.
กรามช้าง 2,น.,ชื่อกล้วยชนิดหนึ่ง.
กรามช้าง 3,น.,เครื่องมือสำหรับหีบอ้อยหรือหีบมะพร้าวขูดเพื่อเอาน้ำอ้อยหรือน้ำกะทิคราวละมาก ๆ ประกอบด้วยไม้หนีบ ที่วางของที่จะหีบซึ่งทำคล้ายกับส่วนล่างของปากช้าง เซาะร่องไว้ให้น้ำอ้อยหรือน้ำกะทิไหล ถ้าหีบมะพร้าวขูดจะมีที่ใส่มะพร้าว ซึ่งสานด้วยตอกหวาย รูปทรงคล้ายกระป๋อง.
กรามพลู 0,น.,กานพลู เช่น แห้วหมูพิชกรามพลูก็มี (ม. คำหลวง มหาพน).
กร่าย 0,น.,ผ้าคาดที่ถักเป็นตาข่าย เช่น คาดกร่ายชายทองวาง ร่วงรุ้ง (กาพย์ห่อโคลง).
กราย 0,น.,"ชื่อปลานํ้าจืดชนิด Chitata ornata (Gray) วงศ์ Notopteridae หัวและลำตัวแบนข้างมาก สันหัวแอ่นลง ท้องเป็นสันคม ครีบท้องเล็กมาก ครีบก้นยาวต่อเนื่องกับครีบหางซึ่งเล็กและมีขอบมน บริเวณเหนือครีบก้นมีจุดสีดำ ๕-๑๐ จุดเรียงเป็นแถวตามยาว ขนาดยาวได้ถึง ๑ เมตร, ตองกราย หรือ หางแพน ก็เรียก."
กราย 1,น.,โรคซางจรชนิดหนึ่ง มีอาการตัวร้อน ลงราก กระหายนํ้า.
กราย 2,ก.,"เดินอย่างมีท่าทางด้วยการทอดแขนไปข้างหน้าและข้างหลังอย่างช้า ๆ เช่น ลอยชายกรายแขนเข้าในห้อง (คาวี), วัน ๆ ไม่ทำอะไรได้แต่กรายไปกรายมา"
กราย 3,ก.,เดินเฉียดเข้าไปใกล้ ๆ เช่น เขาทำอะไรกัน กรายเข้าไปดูซิ.
กราย 4,น.,ชื่อไม้ต้นขนาดกลางชนิด Xylopia malayana Hook. f. et Thomson ในวงศ์ Annonaceae เนื้อไม้ผ่าง่าย ใช้ทำฟืนและกระเบื้องไม้มุงหลังคา.
กราล 0,*ว.,"ใช้เข้าคู่กับคำอื่น หมายความว่า ทอดตัว หรือ ล้มตัวลงราบ เช่น ก้มกราน หมอบกราน, หมายความว่า คํ้า, ยัน, เช่น ยันกราน ยืนกราน, ในบทกลอนใช้โดยลำพังก็มี เช่น ก็กรานในกลางรณภู (สมุทรโฆษ), พระรามตัดตีนสินมือเสีย กรานคอไปไว้ที่นอกเมือง (มโนห์รา), โบราณเขียนเป็น กราล ก็มี."
กร้าว 0,ว.,"แข็งกระด้าง, แข็งมากหรือแข็งเกินพอดีซึ่งอาจแตกบิ่นได้ง่าย, ไม่นุ่มนวล."
กราว 0,น.,"ตะพาบนํ้า เช่น ตัวกราวมีกริวพ่นชลสินธุ์. (ดู ตะพาบ ๑, ตะพาบนํ้า)."
กราว 1,ว.,เสียงดังอย่างเสียงของแข็งเป็นต้นจำนวนมาก ๆ ร่วงลงกระทบพื้นหรือหลังคาพร้อม ๆ กัน หรือเสียงที่คนจำนวนมากตบมือพร้อม ๆ กัน.
กราว 2,น.,คำนำหน้าชื่อเพลงไทยกลุ่มหนึ่ง เช่น เพลงกราว เพลงกราวรำ
กราว 3,น.,วิธีดำเนินไม้กลองที่มีทำนองฮึกเหิม คึกคัก เช่น เพลงกราวนอก เพลงกราวใน.
กราวด่าง 0,ว.,"ชื่อตะพาบชนิด Chitra chitra Nutphand ในวงศ์ Trionychidae เป็นเต่ากระดองอ่อนที่มีขนาดใหญ่ที่สุดในโลก เคยพบที่แม่นํ้าแควใหญ่ จังหวัดกาญจนบุรี มีนํ้าหนักถึง ๑๔๘ กิโลกรัม ทั้งตัวและหัวสีนํ้าตาล มีลายสีนํ้าตาลอ่อน กินปลา, กริวลาย ม่อมลาย หรือ กราวด่าง ก็เรียก."
กราวรูด 0,ว.,"ตลอดหมด, ไม่เว้น, เช่น จับกราวรูด."
กราสิก 0,น.,ผ้าด้ายแกมไหม เช่น พัสตรากราสิกศรี (ม. คำหลวง ทานกัณฑ์).
กรำ 0,ว.,"ตรำ, ฝ่า, สู้ทนลำบาก, เช่น กรำแดด กรำฝน, เคี่ยวเข็ญเย็นคํ่ากรำไป ตามวิสัยเชิงเช่นผู้เป็นนาย (พระราชนิพนธ์ ร. ๖)."
กร่ำ 0,น.,"ที่ล่อปลาให้เข้าไปอยู่ ใช้ไม้ปักตามชายฝั่งลำแม่นํ้า ให้มีลักษณะกลมบ้างรีบ้าง เมื่อเวลาจะจับก็เอาเฝือกหรืออวนล้อม แล้วเอาไม้นั้นออก, เขียนเป็น กลํ่า ก็มี."
กร่ำ 1,ก.,"เอาพร้าหวดตัดหญ้าที่โทรมแล้วให้เตี้ยลง, ตร่ำ ก็ว่า."
กร่ำ 2,ว.,ใช้ประกอบกับอาการเมาเหล้าว่า เมากรํ่า หมายความว่า เมามากตลอดเวลา.
กร่ำกรุ่น 0,ว.,"สีมัว ๆ ไม่ชัด, บางทีเขียนเป็น กร้ำกรุ่น ก็มี เช่น ลางพวกก็นุ่งห่มเปนแต่ศรีกร้ำกรุ่นอำปลัง (สามดวง)."
กริก 0,ว.,เสียงของแข็งเช่นแก้ว โลหะ กระทบกัน.
กริ๊ก 0,ว.,เสียงของแข็งเช่นแก้ว โลหะ กระทบกัน.
กริกกริว 0,ว.,"ขี้ริ้ว, เลว, เช่น โฉมใช่โฉมคนค้า หน้าใช่หน้ากริกกริว (ลอ)."
กริ๊ง 0,ว.,เสียงแหลมอย่างเสียงของแข็งเช่นแท่งโลหะกระทบกัน.
กริ่ง 0,น.,เครื่องบอกสัญญาณมีเสียงดังเช่นนั้น
กริ่ง 1,น.,เรียกพระเครื่องที่ทำด้วยโลหะ ข้างในกลวง มีก้อนโลหะอยู่ข้างใน เมื่อเขย่ามีเสียงดังกริ่ง ๆ ว่า พระกริ่ง.
กริ่ง 2,ก.,"นึกแคลง, นึกระแวง, นึกสงสัย."
กริงกริว 0,ว.,"เล็ก, ผอม, เช่น มนุษย์น้อยกริงกริวผิวเนื้อเหลือง, ปักษ์ใต้ว่า กริ้งกริ้ว."
กริ่งเกรง 0,ก.,ระแวงกลัวไป.
กริ่งใจ 0,ก.,นึกแคลงใจ.
กริช 0,น.,อาวุธชนิดหนึ่ง เป็นของชาวชวาและมลายู มีลักษณะด้ามโค้ง มักทำเป็นรูปหัวสัตว์ คล้ายมีด ๒ คม ปลายแหลม ใบมีดตรงก็มี คดไปคดมาก็มี.
กริณี 0,น.,"ช้างพัง, ใช้ว่า กิริณี หรือ กิรินี ก็มี."
กริตย- 0,ก.,ทำ เช่น พระบาทสญไชยก็ชำระกริตยภิษิตสรรพางค์ (ม. คำหลวง มหาราช).
กริน 0,น.,"ช้าง, ช้างพลาย, เช่น กรินไกรอาสนอัศวาชี (ม. คำหลวง ฉกษัตริย์)."
กรินทร์ 0,น.,"พญาช้าง, ช้างที่ควรยกย่อง, เช่น เบื้องนั้นบรรลุผู้เผือกกรินทร์ หนึ่งฤๅ (ลิลิตพยุหยาตรา), ใช้ว่า กเรนทร์ ก็มี."
กรินทร์ 1,น.,"ช้าง, ช้างพลาย, เช่น กรินไกรอาสนอัศวาชี (ม. คำหลวง ฉกษัตริย์)."
กรินี 0,น.,"ช้างพัง, ใช้ว่า กิริณี หรือ กิรินี ก็มี."
กรินี 1,น.,"ช้างพัง, ใช้ว่า กิริณี หรือ กิรินี ก็มี."
กริบ 0,ก.,"ขริบ, ตัดเล็มด้วยกรรไกร เช่น กริบผม กริบชายผ้า, ตัดขาดโดยฉับไวและแนบเนียนด้วยความคม."
กริบ 1,ว.,มาก เช่น คมกริบ
กริบ 2,ว.,โดยปริยายหมายความว่า เงียบไม่มีเสียงดัง เช่น เงียบกริบ ย่องกริบ.
กริม 0,น.,"ชื่อปลานํ้าจืดขนาดเล็กในสกุล Trichopsis วงศ์ Anabantidae หรือ Belontiidae พบทั่วไป รูปร่างคล้ายปลากัดซึ่งอยู่ในวงศ์เดียวกัน แต่หัวแหลมกว่าและสีไม่สดสวย มักมีแถบสีเข้มพาดตลอดข้างตัว ๒-๓ แถบ ขนาดยาวได้ถึง ๗ เซนติเมตร ที่พบมากได้แก่ กริมข้างลาย [ T. vittatus (Cavier)], กัดป่า ก็เรียก."
กริ่ม 0,ก.,"กระหยิ่ม, ครึ้มใจ, ภูมิใจ, อิ่มใจ."
กริ่ม 1,ว.,อาการที่เมาเหล้า เรียกว่า เมากริ่ม.
กริยา 0,น.,คำที่แสดงอาการของนามหรือสรรพนาม.
กริยานุเคราะห์ 0,น.,"กริยาที่ใช้ช่วยกริยาอื่น เช่น คง จะ ถูก น่า, กริยาช่วย ก็ว่า."
กริยาวิเศษณ์ 0,น.,คำวิเศษณ์ใช้ประกอบคำกริยาหรือคำวิเศษณ์ด้วยกันให้มีความแปลกออกไป.
กริยาวิเศษณ์วลี 0,น.,ท่อนความที่มีคำกริยาวิเศษณ์ที่พ่วงบุรพบทเข้าขยายกริยา เช่น ม้าวิ่งไปข้างโน้น ความที่ขีดสัญประกาศนั้นเป็นกริยาวิเศษณ์วลี.
กริยาวิเศษณานุประโยค 0,น.,"อนุประโยคที่ประกอบคำกริยาหรือคำวิเศษณ์ในสังกรประโยค, ประโยควิเศษณ์ ก็ว่า."
กริ้ว 0,ก.,"โกรธ, เคือง."
กริว 0,น.,"เต่า เช่น เขียนกริวขึ้นขี่ที่ต้นคอ (ขุนช้างขุนแผน), จริว หรือ ตริว ก็ว่า. (ดู ตะพาบ ๑, ตะพาบน้ำ)."
กริว 1,ว.,"เกรียว, เสียงเอ็ดอึงพร้อมกันหลาย ๆ เสียง, เช่น บางหมู่ก็กริวเกริ่น (ม. ฉันท์ มหาพน)."
กริวกราว 0,ว.,"เสียงโห่, เสียงเอ็ดอึงพร้อมกันหลาย ๆ เสียง, เช่น บ้างโบกธงธุชพรายพราวโลดเต้นกริวกราว."
กริวลาย 0,น.,"ชื่อตะพาบชนิด Chitra chitra Nutphand ในวงศ์ Trionychidae เป็นเต่ากระดองอ่อนที่มีขนาดใหญ่ที่สุดในโลก เคยพบที่แม่นํ้าแควใหญ่ จังหวัดกาญจนบุรี มีนํ้าหนักถึง ๑๔๘ กิโลกรัม ทั้งตัวและหัวสีนํ้าตาล มีลายสีนํ้าตาลอ่อน กินปลา, กริวลาย ม่อมลาย หรือ กราวด่าง ก็เรียก."
กรี 0,น.,ช้าง เช่น ถัดนั้นพลนิกรพวกกรี (ม. คำหลวง มหาราช).
กรี 1,น.,ย่อมาจาก กรีธา เช่น ให้เรานี้กรีพลออกเดินไพร (อิเหนา).
กรี 2,น.,โครงแข็งแหลมที่หัวกุ้ง.
กรีฑา 0,น.,กีฬาอย่างหนึ่งแบ่งเป็น ๒ ประเภท คือ ประเภทลู่ เช่น การวิ่งระยะทางต่าง ๆ วิ่งผลัด วิ่งข้ามรั้ว ซึ่งในการแข่งขันต้องมีทางหรือแนวทางวิ่ง อีกประเภทหนึ่ง คือ ประเภทลาน เช่น กระโดดสูง พุ่งแหลน ทุ่มน้ำหนัก ซึ่งต้องมีสถานที่กว้างเพื่อการแข่งขัน
กรีฑา 1,น.,การเล่นสนุก เช่น กรีฑาร่าเริงรื่น
กรีฑา 2,น.,การประลองยุทธ์.
กรีฑา 3,น.,การเล่นสมพาส เช่น ในกามกรีฑากล (กฤษณา).
กรีฑากร 0,ก.,ทำกรีฑา เช่น ปาง อนงค์ในแท่นทอง (สมุทรโฆษ).
กรีฑาภิรมย์ 0,ว.,"น่ารื่นรมย์ยิ่งในกรีฑา, (โบ) ใช้ว่า กรีธาภิรมย์ ก็มี เช่น แห่งอรอาตมชายา อันกรีธาภิรมย์ (ม. คำหลวง ทศพร)."
กรีฑารมย์ 0,ว.,เป็นที่ยินดีในกรีฑา เช่น สองท้าวเสมอกัน และควรที่กรีฑารมย์ (สมุทรโฆษ).
กรีฑาสถาน 0,น.,สถานที่เล่นกีฬา.
กรี๊ด 0,ว.,อาการที่เปล่งเสียงร้องดังเช่นนั้นด้วยความตกใจ โกรธ หรือชื่นชมเป็นต้น.
กรีด 0,น.,เครื่องมือจับสัตว์นํ้าชนิดหนึ่ง. (ดู กราด ๓).
กรีด 1,ก.,มีท่วงท่าที่มีลีลางดงามอย่างละครรำ.
กรีด 2,ก.,ขีดให้เป็นรอยหรือให้ขาด เช่น เอากากเพชรกรีดกระจก เอามีดกรีดใบตองเย็บกระทง
กรีด 3,ก.,"ระไป, ครูดไป, เช่น เอาหลังเล็บกรีดลูกทุเรียนเพื่อให้รู้ว่ากินได้หรือยัง"
กรีด 4,ก.,เอาคมมีดสะบัดบนของแข็งเพื่อให้คม เช่น เอามีดกรีดหินเพื่อให้คม กรีดมีดบนปากชาม.
กรีด 5,ว.,อาการที่ร้องเสียงแหลม.
กรีด 6,ก.,ร้องเสียงแหลม เช่น กรีดร้อง กรีดเสียง.
กรีดกราด 0,ว.,อาการที่ร้องอุทานเพื่อเรียกร้องความสนใจเป็นต้น.
กรี๊ดกร๊าด 0,ว.,อาการที่เปล่งเสียงร้องอุทานแสดงความพอใจเป็นต้น.
กรีดกราย 0,ว.,"อาการที่เดินทอดแขนและจีบนิ้ว, มีท่าทางหยิบหย่ง, เช่น มัวแต่เดินกรีดกรายอยู่นั่นแหละ เมื่อไหร่จะทำงานเสร็จเสียที."
กรีดน้ำตา 0,ว.,"เช็ดน้ำตาด้วยนิ้วอย่างละครรำ, โดยปริยายเป็นคำแสดงความหมั่นไส้ว่าแสร้งร้องไห้ทำให้ดูน่าสงสาร เช่น เรื่องแค่นี้มานั่งกรีดน้ำตาอยู่ได้."
กรีดนิ้ว 0,ก.,ใช้นิ้วมือหยิบอย่างมีท่าทางหยิบหย่ง.
กรีดไพ่ 0,ก.,สับไพ่ป๊อกโดยวิธีแยกไพ่ออกเป็น ๒ ส่วน ใช้มือแต่ละข้างจับไพ่แต่ละส่วนไว้ แล้วใช้นิ้วหัวแม่มือระไพ่แต่ละใบให้ล้มทับสลับกันอย่างรวดเร็วจนหมดแล้วผลักรวมเข้าด้วยกัน.
กรีดเล็บ 0,ก.,อาการที่ใช้เล็บเก็บสิ่งใดสิ่งหนึ่งอย่างมีท่างาม เช่น กรีดเล็บเก็บพวงสุมาลี นารีขับเพลงวังเวงใจ (เงาะป่า).
กรีธา 0,ก.,"เคลื่อน, ยก, เดินทางเป็นหมู่เป็นกระบวน, (ใช้ในการยกทัพ)."
กรีธาทัพ 0,ก.,"ยกกระบวนทัพ, เดินกองทัพ."
กรีธาพล 0,ก.,"เคลื่อนพล, ยกพล, บางทีเขียนเป็น กรีพล ก็มี เช่น ให้เรานี้กรีพลออกเดินไพร (อิเหนา)."
กรีษ 0,น.,อุจจาระ.
กรีส 0,น.,"อาหารเก่า, อุจจาระ, เช่น หนึ่งน้ำมูตรกรีส ฤๅเกียจฤๅกีด คำคนติฉิน (สรรพสิทธิ์)."
กรีส 1,น.,"มาตราวัดความยาว เท่ากับ ๑ เส้น ๑๑ วา ๑ ศอก หรือ ๑๒๕ ศอก, ความจุเท่ากับ ๔ อัมพณะ คือ ประมาณ ๔๔ ทะนาน."
กรึกถอง 0,ว.,"มากมาย, ตรึกถอง ก็ใช้."
กรึง 0,ก.,"ตรึง, ปักแน่น, ทำให้อยู่กับที่, เช่น ต้องศรพรหมาสตร์ฤทธิรณ กรึงแน่นทรวงบน ตลอดจนยอดปฤษฎางค์ (พากย์)."
กรึ๊บ 0,ว.,"เสียงเกิดจากการกลืนของเหลวเช่นเหล้าอย่างรวดเร็ว, ลักษณนามเรียกการดื่มเหล้าอึกหนึ่ง ๆ ด้วยอาการอย่างนั้น เช่น ดื่มเหล้ากรึ๊บหนึ่ง ดื่มเหล้า ๒ กรึ๊บ."
กรึ๊บ 1,ก.,ดื่ม (มักใช้แก่เหล้า).
กรึ่ม 0,ว.,ใช้ประกอบกับอาการเมาเหล้าว่า เมากรึ่ม หมายความว่า เมาเหล้าตลอดทั้งวัน.
กรุ 0,น.,"ห้องที่ทำไว้ใต้ดิน ใต้พระเจดีย์ เป็นต้น สำหรับเก็บพระพุทธรูปและสิ่งมีค่าอื่น ๆ, โดยปริยายหมายถึงกระทรวง ทบวง กรม ที่ข้าราชการในสังกัดถูกเรียกตัวเข้ามาอยู่ประจำ โดยมิได้มีตำแหน่งหน้าที่ใด ๆ เพื่อเป็นการลงโทษหรือก่อนเกษียณอายุราชการ ในความว่า เรียกเก็บเข้ากรุ."
กรุ 1,ก.,"ปิดกันช่องโหว่หรือที่ว่าง เช่น กรุฝาเรือน, รองไว้ข้างล่าง เช่น กรุก้นชะลอม, ปิดกั้น เช่น กรุบ่อ."
กรุ 2,น.,เรียกบ่อที่ใช้อิฐเป็นต้นเรียงเป็นผนังบ่อเพื่อกันดินทลาย ว่า บ่อกรุ.
กรุก 0,ก.,"ขลุก, ขลุกขลุ่ย, ง่วนอยู่, เช่น พรรษาหนึ่งสองพรรษาไม่ผาสุก เข้าบ้านกรุกเลยลาสิกขาบท (นิ. เดือน)."
กรุก 1,ว.,เสียงดังกุก เช่น ได้ยินเสียงกรุกลุกขึ้นมอง (คาวี).
กรุกกรัก 0,ก.,ขลุกขลัก เช่น กรุกกรักประดักประเดิดเปิดฝาลุ้ง (คาวี).
กรุกกรัก 1,ว.,เสียงดังกุกกัก เช่น ได้ยินเสียงกรุกกรักก็ทักถาม (ม. ร่ายยาว ชูชก).
กรุกกรู๊ 0,ว.,"เสียงนกเขาขันคู, จุ๊กกรู๊ ก็ว่า."
กรุง 0,น.,"เมืองหลวง, เมืองซึ่งเป็นที่ตั้งรัฐบาลกลาง, แต่ก่อนหมายถึงประเทศก็ได้ เช่น กรุงสยาม กรุงจีน"
กรุง 1,น.,กษัตริย์ เช่น จึ่งกรุงสุทโธทนเห็นอัศจรรย์ก็ทูลพลันด่งงนี้ (ม. คำหลวง ทศพร).
กรุ้งกริ่ง 0,ก.,"แสดงสีหน้า แววตา และท่าทางเจ้าชู้, กรุ้มกริ่ม ก็ว่า."
กรุงเขมา 0,น.,ชื่อไม้เถาชนิด Cissampelos pareira L. var. hirsuta (Buch.-Ham. ex DC.) Forman ในวงศ์ Menispermaceae ใบรูปสามเหลี่ยมปลายมน ผลกลม เมื่อสุกสีแดง.
กรุงพาลี 0,น.,"ภาชนะทำด้วยกาบกล้วย เป็นรูปกระบะสี่เหลี่ยม สำหรับวางเครื่องเซ่นสังเวย เรียกว่า บัตรกรุงพาลี หรือ บัตรพระภูมิ, เรียกสั้น ๆ ว่า บัตรพลี. (มาจากชื่อท้าวพลี)."
กรุณ 0,น.,กรุณา.
กรุณา 0,น.,ความสงสารคิดจะช่วยให้พ้นทุกข์ เป็น ๑ ในพรหมวิหาร ๔ คือ เมตตา กรุณา มุทิตา อุเบกขา
กรุณา 1,น.,ใช้ประกอบหน้ากริยาแสดงความขอร้องอย่างสุภาพ เช่น กรุณาส่ง
กรุณา 2,น.,ใช้ร่วมกับคำ พระ เป็นสรรพนามสำหรับพระมหากษัตริย์ เช่น กราบบังคมทูลพระกรุณา.
กรุณาทฤคุณ 0,น.,"กรุณาธิคุณ, คุณอันยิ่งใหญ่ คือ กรุณา."
กรุณาธิคุณ 0,น.,คุณอันยิ่งใหญ่ คือ กรุณา.
กรุน 0,ก.,"ตัด, ทำลาย, เช่น จะกรุนจะกราดสงคราม (ม. ฉันท์ มหาราช)."
กรุ่น 0,ว.,"อาการของไฟที่ยังไม่ดับแต่ไม่ถึงกับลุกโพลง เช่น ไฟติดกรุ่นอยู่, โดยปริยายหมายความว่า ยังเหลืออยู่บ้าง, มีเรื่อย ๆ อยู่, เช่น ควันกรุ่น หอมกรุ่น"
กรุ่น 1,ว.,"ยังไม่ดับสนิท, ร้อนรุ่มอยู่ภายใน, เช่น โกรธกรุ่น."
กรุบ 0,ว.,เสียงดังเช่นนั้นเมื่อเคี้ยวของแข็งที่พอเคี้ยวได้เช่นกระดูกอ่อน ข้อไก่.
กรุบ 1,น.,ขนมปั้นก้อนชนิดหนึ่ง เรียกว่า ขนมกรุบ
กรุบ 2,น.,เรียกกะลาอ่อนของมะพร้าว ว่า กรุบมะพร้าว.
กรุบกริบ 0,ว.,เสียงกุกกิก.
กรุ่ม 0,ก.,ขันบ่อย ๆ (ปรกติใช้แก่นกเขา แต่ใช้แก่นกอื่นก็มีบ้าง) เช่น บางพวกจับเป็นคู่คูขันกันโดยธรรมดา เวลากรุ่มกำลังที่ตั้งขึ้นตามฤดู (ม. ร. ๔ วนปเวสน์)
กรุ่ม 1,ก.,โดยปริยายหมายความว่า สบายเรื่อย ๆ ไป เช่น มีเงินตรากินกรุ่มเป็นภูมิฐาน (นิ. เดือน)
กรุ่ม 2,ก.,"รุ่มร้อน, ระอุ, เช่น นรกเท่ากรุ่ม เปลวร้อนเหมือนไฟ (สุบิน)."
กรุ้มกริ่ม 0,ก.,"แสดงสีหน้า แววตา และท่าทางเจ้าชู้ เช่น เห็นผู้หญิงเดินผ่านมาก็ทำกรุ้มกริ่มขึ้นมาทันที, กรุ้งกริ่ง ก็ว่า."
กรุย 0,น.,หลักที่ปักรายไว้เป็นเครื่องหมาย เช่น ปักกรุย.
กรุย 1,ก.,"ใช้เครื่องมือหรืออุปกรณ์ เช่นจอบ เสียม หรือแทรกเตอร์ เปิดทางถางทางเพื่อเป็นแนวไว้, เป็นแนวไว้ เช่น กรุยทาง"
กรุย 2,ก.,โดยปริยายหมายความว่า เปิดทางให้สะดวก.
กรุย 3,ว.,ทำทีท่าเจ้าชู้ เช่น ห่มเพลาะกรูมกรอกรุยฉุยเฉิดฉัน (มณีพิชัย).
กรุยกราย 0,ว.,อาการที่เดินทำทีท่าเจ้าชู้
กรุยกราย 1,ว.,มีท่าทางหยิบหย่ง
กรุยกราย 2,ว.,ในบทกลอนใช้ว่า กรายกรุย ก็มี เช่น อย่านุ่งลายกรายกรุยทำฉุยไป (สุภาษิตสุนทรภู่).
กรุยเกรียว 0,ว.,เกรียวกราว เช่น แสรกเสียงกรุยเกรียว (ดุษฎีสังเวย).
กรู 0,ว.,"อาการที่ไปพร้อม ๆ กันอย่างเร็วโดยมีจุดหมาย เช่น วิ่งกรูกันไป มดพรูออกจากรังแล้วกรูเข้าไปกัดศัตรู, ตรู ก็ว่า."
กรู 1,น.,ข้าวชนิดที่ทำเพื่ออุทิศให้ปรทัตตูปชีวีเปรตในพิธีสารท เรียกว่า ข้าวกรู.
กรูด 0,น.,มะกรูด เช่น งั่วนาวทรนาวเนก กรูดฉุรเฉกจรุงธาร (ม. คำหลวง จุลพน).
กรูด 1,ว.,เสียงอย่างเสียงที่ลากของหนักถูไปกับพื้น.
กรูด 2,ก.,"ที่ถอยอย่างรวดเร็วไม่มีระเบียบ, ถอยอย่างตั้งตัวไม่ติด, ในคำว่า ถอยกรูด."
กรูด 3,น.,โรคหูด.
กรูม 0,ว.,"กรอม, คลุม, เช่น ห่มเพลาะกรูมกรอกรุยฉุยเฉิดฉัน (มณีพิชัย)."
กเรณุ 0,น.,ช้าง เช่น ไร้เกวียนกาญจนยานสินธพแลสี- พิกากเรณุหัสดี ดำรง (สรรพสิทธิ์).
กเรณุกา 0,น.,ช้างพัง.
กเรนทร์ 0,น.,"พญาช้าง, ช้างที่ควรยกย่อง, เช่น พลคชคณหาญหัก กเรนทรปรปักษ์ ปราบประลัย (สมุทรโฆษ)."
กเรนทร 0,น.,"พญาช้าง, ช้างที่ควรยกย่อง, เช่น พลคชคณหาญหัก กเรนทรปรปักษ์ ปราบประลัย (สมุทรโฆษ)."
กฤช 0,น.,กริช.
กฤด- 0,ว.,"อันกระทำแล้ว (ใช้ประกอบเป็นส่วนหน้าของสมาส), ในบทกลอนแผลงเป็น กฤษฎา ก็มี."
กฤดยาเกียรณ 0,ว.,พร้อมด้วยเกียรติยศ เช่น ความชอบกอปรกฤดยา กยรณ (ม. คำหลวง ทานกัณฑ์).
กฤดา 0,น.,"บารมีอันยิ่งที่ทำไว้ (กร่อนมาจาก กฤดาธิการ) เช่น ทรงพระกฤดาเดชานุภาพยิ่งทวีขึ้น (พงศ. อยุธยา), ผู้ใดมีบุญญากฤดาการ (เสภาสุนทรภู่)."
กฤดาการ 0,น.,"บารมีอันยิ่งที่ทำไว้ (กร่อนมาจาก กฤดาธิการ) เช่น ทรงพระกฤดาเดชานุภาพยิ่งทวีขึ้น (พงศ. อยุธยา), ผู้ใดมีบุญญากฤดาการ (เสภาสุนทรภู่)."
กฤดาญชลี 0,ก.,"ยกมือไหว้. (ส.; ป. กตญฺชลี ว่า มีกระพุ่มมืออันทำแล้ว), ในบทกลอนใช้แผลงเป็นรูปต่าง ๆ คือ กฤดาอัญชลี กฤษฎาญ."
กฤดาญชลี 1,ก.,"อันกระทำแล้ว (ใช้ประกอบเป็นส่วนหน้าของสมาส), ในบทกลอนแผลงเป็น กฤษฎา ก็มี."
กฤดาธิการ 0,น.,บารมีอันยิ่งใหญ่ที่ทำไว้.
กฤดาธิการ 1,ว.,"มีบารมีอันยิ่งใหญ่ที่ทำไว้. (ส.; ป. กตาธิการ), ในบทกลอนใช้เป็น กฤดา หรือ กฤดาการ ก็มี."
กฤดาธิการ 2,ว.,"อันกระทำแล้ว (ใช้ประกอบเป็นส่วนหน้าของสมาส), ในบทกลอนแผลงเป็น กฤษฎา ก็มี."
กฤดาภินิหาร 0,น.,อภินิหาร (บุญอันยิ่ง) ที่ทำไว้.
กฤดาภินิหาร 1,ว.,"มีอภินิหารที่ทำไว้. (ส.; ป. กตาภินิหาร), ใช้แผลงเป็น กฤษฎา หรือ กฤษฎาภินิหาร ก็มี."
กฤดาภินิหาร 2,ว.,"อันกระทำแล้ว (ใช้ประกอบเป็นส่วนหน้าของสมาส), ในบทกลอนแผลงเป็น กฤษฎา ก็มี."
กฤดายุค 0,น.,ชื่อยุคแรกของจตุรยุคตามคติของพราหมณ์ ในยุคนี้มนุษย์มีธรรมะสูงสุด คือ เต็ม ๔ ใน ๔ ส่วน และมีอายุยืนยาวที่สุด. (ส. กฤตยุค). (ดู จตุรยุค).
กฤดาอัญชลี 0,ก.,"กระทำอัญชลี, ยกมือไหว้, เช่น ขอถวายกฤดาอัญ- ชลีโอนศิโรจร (ตำราช้างคำฉันท์)."
กฤดิ 0,น.,เกียรติ เช่น วรกฤดิโอฬาร (ชุมนุมตำรากลอน).
กฤดีกา 0,*น.,"แผลงมาจาก กติกา เช่น อันว่าความกฤดีกา แต่สองราแรกทรงพรต (ม. คำหลวง กุมาร), ชำระกฤตยฎีกา (ไวพจน์พิจารณ์)."
กฤตติกา 0,น.,"ดาวฤกษ์ที่ ๓ มี ๘ ดวง เห็นเป็นรูปธงสามเหลี่ยม มีหางเรียวยาว, ดาวธงสามเหลี่ยม ดาวลูกไก่ ดาวกฤติกา หรือ ดาวกัตติกา ก็เรียก."
กฤตย- 0,ก.,ทำ.
กฤตยฎีกา 0,*น.,"แผลงมาจาก กติกา เช่น อันว่าความกฤดีกา แต่สองราแรกทรงพรต (ม. คำหลวง กุมาร), ชำระกฤตยฎีกา (ไวพจน์พิจารณ์)."
กฤตยา 0,น.,เกียรติ เช่น เสื่อมกฤตยาสยามยศ (ตะเลงพ่าย).
กฤตยา 1,น.,"เสน่ห์, อาถรรพณ์, เช่น มนตร์กฤตยานั้นซั้น เสื่อมสิ้นทุกอัน (โลกนิติ), หาแม่มดถ้วนหน้า หมู่แก้ กฤติยา (ลอ)."
กฤติกา 0,น.,"ดาวฤกษ์ที่ ๓ มี ๘ ดวง เห็นเป็นรูปธงสามเหลี่ยม มีหางเรียวยาว เช่น หมู่สามสมมุติ์กุกกุฏโบ- ดกกฤติกาขาน (สรรพสิทธิ์), ดาวธงสามเหลี่ยม ดาวลูกไก่ ดาวกฤตติกา หรือ ดาวกัตติกา ก็เรียก."
กฤติยา 0,น.,"เสน่ห์, อาถรรพณ์, เช่น มนตร์กฤตยานั้นซั้น เสื่อมสิ้นทุกอัน (โลกนิติ), หาแม่มดถ้วนหน้า หมู่แก้ กฤติยา (ลอ)."
กฤษฎา 0,ว.,อันกระทำแล้ว เช่น เพื่อพระราชกฤษฎา แต่กี้ (ราชกิจที่ทรงทำมาแล้ว) (ตะเลงพ่าย).
กฤษฎา 1,*น.,กร่อนมาจาก กฤษฎาภินิหาร เช่น เชิญชมชื่นกฤษฎา (ม. คำหลวง ฉกษัตริย์).
กฤษฎาญ 0,*น.,"กร่อนมาจาก กฤษฎาญชลี เช่น ถวายอภิวันทกฤษฎาญกฤษฎาการกราบเกล้า (ม. คำหลวง มัทรี, ฉกษัตริย์)."
กฤษฎาญชลี 0,ก.,"มีอัญชลีอันกระทำแล้ว, กระทำอัญชลี, เช่น กฤษฎาญชลียะยุ่งแล (ม. คำหลวง ทศพร), ในวรรณคดีแผลงไปเป็นรูปต่าง ๆ คือ กฤษฎาญชลิต เช่น กฤษฎาญชลิตไหว้ (มาลัยคำหลวง), กฤษฎาญชวลิตวา เช่น อันว่ากฤษฎาญชวลิตวา (มาลัยคำหลวง), กฤษฎาญชวลิศ เช่น อนนว่าเจ้าสากลกฤษฎาญชวลิศท่านธแล้ว (ม. คำหลวง ทานกัณฑ์), กฤษฎาญชวเลศ เช่น ถวายกฤษฎาญชวเลศ ทูลแถลงเหตุนุสนธ์ (เพชรมงกุฎ), กฤษฎาญชุลี เช่น กฤษฎาญชุลีน้อม (ฉันทลักษณ์)."
กฤษฎาธาร 0,น.,พระที่นั่งที่ทำขึ้นสำหรับเกียรติยศ เช่น พระมหาพิชัยราชรถกฤษฎาธาร (เรื่องพระบรมศพ).
กฤษฎาภินิหาร 0,น.,อภินิหาร (บุญอันยิ่ง) ที่ทำไว้.
กฤษฎี 0,น.,รูป เช่น ฤๅแทตย์นิกรยักษา- ธิปพระอินทราธิราชแปรกฤษฎี (สมุทรโฆษ).
กฤษฎีกา 0,น.,กฎเกณฑ์หรือข้อตกลงที่บุคคลตั้งแต่ ๒ ฝ่ายขึ้นไปกำหนดขึ้นเป็นหลักปฏิบัติ เช่น ก็รับพระกฤษฎีกากำหนดแห่งพระดาบสว่าสาธุแล (ม. คำหลวง วนปเวสน์)
กฤษฎีกา 1,น.,"คณะกรรมการกฤษฎีกา, สำนักงานคณะกรรมการกฤษฎีกา, พระราชกฤษฎีกา."
กฤษณา 0,น.,ส่วนของเนื้อไม้ซึ่งมีสีดำ เกิดเมื่อต้นไม้มีบาดแผล พบเฉพาะในต้นไม้สกุล Aquilaria โดยเฉพาะชนิด A. crassna Pierre ex Lecomte.และ A. malaccensis Lam. ในวงศ์ Thymelaeaceae กลิ่นหอม ใช้ทำยาได้.
กล 0,น.,"การลวงหรือล่อลวงให้หลงหรือให้เข้าใจผิดเพื่อให้ฉงนหรือเสียเปรียบ เช่น เล่ห์กล, เล่ห์เหลี่ยม เช่น กลโกง"
กล 1,น.,เรียกการเล่นที่ลวงตาให้เห็นเป็นจริง ว่า เล่นกล
กล 2,น.,"เครื่องกลไก, เครื่องจักร, เครื่องยนต์, เช่น ช่างกล."
กล 3,ว.,"เช่น, อย่าง, เหมือน, เช่น เหตุผลกลใด"
กล 4,ว.,เคลือบแฝง เช่น ถ้าจำเลยให้การเป็นกลความ.
กล- 0,น.,"การลวงหรือล่อลวงให้หลงหรือให้เข้าใจผิดเพื่อให้ฉงนหรือเสียเปรียบ เช่น เล่ห์กล, เล่ห์เหลี่ยม เช่น กลโกง"
กล- 1,น.,เรียกการเล่นที่ลวงตาให้เห็นเป็นจริง ว่า เล่นกล
กล- 2,น.,"เครื่องกลไก, เครื่องจักร, เครื่องยนต์, เช่น ช่างกล."
กล- 3,ว.,"เช่น, อย่าง, เหมือน, เช่น เหตุผลกลใด"
กล- 4,ว.,เคลือบแฝง เช่น ถ้าจำเลยให้การเป็นกลความ.
กลไก 0,น.,"ตัวจักรต่าง ๆ, โดยปริยายหมายความว่าบุคคลผู้เป็นเจ้าหน้าที่ปฏิบัติงานในระดับต่าง ๆ, ระบบหรือองค์การที่บุคคลผู้เป็นเจ้าหน้าที่ในระดับต่าง ๆ ปฏิบัติงานร่วมกันดุจเครื่องจักร, ระบบที่จะให้งานสำเร็จตามประสงค์, เช่น กลไกการปกครอง"
กลไก 1,น.,กระบวนการต่อเนื่องที่ก่อให้เกิดปฏิกิริยา เช่น กลไกการย่อยอาหาร กลไกของการสร้างอาหารของพืชโดยการสังเคราะห์ด้วยแสง.
กลฉ้อฉล 0,น.,การใช้อุบายหลอกลวงด้วยการแสดงข้อความอันเป็นเท็จ หรือการจงใจปิดบังซ่อนเร้นข้อความจริงเพื่อให้ผู้อื่นหลงผิดจนเข้าทำนิติกรรม หรือจนคู่กรณีอีกฝ่ายหนึ่งยอมรับข้อกำหนดอันเป็นภาระอันหนักขึ้นกว่าที่คู่กรณีฝ่ายนั้นจะยอมรับโดยปรกติ.
กลด 0,น.,"เครื่องกั้นกันแดดหรือฝน ลักษณะคล้ายร่มขนาดใหญ่ ขอบมีระบาย คันยาว ใช้ถือกั้นเจ้านาย, ราชาศัพท์ว่า พระกลด, เรียกร่มขนาดใหญ่มีด้าม สำหรับพระธุดงค์โดยเฉพาะ, เรียกดวงอาทิตย์หรือดวงจันทร์ที่มีแสงสีรุ้งเป็นวงกลมล้อมรอบ ว่า ดวงอาทิตย์ทรงกลด ดวงจันทร์ทรงกลด."
กลด 1,น.,"กลศ, ภาชนะใส่นํ้าเทพมนตร์ของพราหมณ์ ลักษณะเหมือนคนโท มีฝาปิด มีพวยอย่างกาน้ำ."
กลดกำมะลอ 0,น.,กลดชนิดหนึ่ง ทำด้วยผ้าขาวหรือแพรขาวเขียนลายทอง สำหรับใช้กับเจ้านายหรือพระพุทธรูป.
กลดพระสุเมรุ 0,น.,ชื่อท่ารำท่าหนึ่ง อยู่ในอันดับว่า สารถีชักรถ กลดพระสุเมรุ ตระเวนเวหา.
กล่น 0,ก.,"เกลื่อนกลาด, ดื่นดาษ, เรี่ยรายอยู่."
กลบ 0,ก.,"เอาสิ่งซึ่งเป็นผงโรยทับข้างบนเพื่อปิดบัง เช่น เอาขี้เถ้าไปกลบขี้แมว, เอาดินหรือสิ่งอื่น ๆ ใส่ลงไปในที่เป็นหลุมเป็นบ่อ หรือเป็นแอ่งเพื่อให้เต็มหรือไม่ให้เห็นร่องรอย, โดยปริยายหมายความว่า ปิดบัง เช่น กลบความ, ทดแทน เช่น ให้เอาสินไหมมากลบทรัพย์นั้นเสีย (กฎ. ราชบุรี)."
กลบกล้ำ 0,ก.,ลบล้าง เช่น มีโทษอันหนึ่งไซร้ กลบกล้ำพันคุณ (โลกนิติ).
กลบเกลี่ย 0,ก.,ปิดให้เรียบสนิท.
กลบเกลื่อน 0,ก.,เสความ เช่น พูดกลบเกลื่อน ทำกลบเกลื่อน.
กลบไต๋ 0,ก.,"ปกปิดไพ่ตัวสำคัญไว้ไม่ให้คู่แข่งรู้, ปกปิดกลเม็ด ทีเด็ด ความลับ หรือเจตนาไว้, อุบไต๋ ก็ว่า."
กลบท 0,น.,คำประพันธ์ที่บัญญัติให้ใช้คำหรือสัมผัสเป็นชั้นเชิงยิ่งกว่าธรรมดา เช่น เจ้าโศกแคนแค่นแค้นดั่งแสนศร มารานร่านร้านรอนให้ตักไษย ว่าโอโอ่โอ้กำม์มาจำไกล เวรุชื่อใดจองจ่องจ้องประจาน (กลบทตรีประดับ).
กลบบัตรสุมเพลิง 0,น.,ชื่อพิธีพราหมณ์อย่างหนึ่ง ทำแก้เสนียด.
กลพยาน 0,ก.,วานให้ไปถามเป็นคำนับ.
กลพยาน 1,น.,บุคคลที่ทางการให้เจ้าหน้าที่ไปขอสัมภาษณ์และขอร้องให้ช่วยรับเป็นพยาน มี ๓ ประเภทคือ ทิพพยาน อุดรพยาน และอุตริพยาน เช่น อนึ่งกลพยานนั้น คือวานท่านไปถามเป็นคำนับ (สามดวง).
กลไฟ 0,น.,เรียกเรือโดยสารหรือบรรทุกสินค้าที่ใช้ฟืนเป็นต้นเป็นเชื้อเพลิงในการขับเคลื่อน มีขนาดใหญ่กว่าเรือไฟ นิยมใช้แล่นในท้องทะเลหรือมหาสมุทร ว่า เรือกลไฟ.
กลม 0,น.,ชื่อเพลงไทยประเภทเพลงหน้าพาทย์ ใช้ปี่พาทย์ทำตอนตัวละครที่เป็นเทพเจ้าหรือเจ้าเงาะเหาะโดยลำพัง และใช้เป็นเพลงบรรเลงในเวลาเทศน์มหาชาติประจำกัณฑ์สักบรรพ.
กลม 1,ว.,"มีสัณฐานโดยรอบไม่เป็นเหลี่ยม, ถ้าเหมือนลูกหิน เรียกว่า ลูกกลม, ถ้าเหมือนเส้นที่ลากเป็นวงมาจดกัน โดยมีเส้นรัศมียาวเท่ากัน เรียกว่า วงกลม, ถ้าเหมือนสตางค์ เรียกว่า กลมแบน, ถ้าเหมือนกระบอกไม้ไผ่ เรียกว่า กลมยาว, ถ้าเหมือนไข่ไก่ แต่หัวและท้ายเท่ากัน เรียกว่า กลมรี"
กลม 2,ว.,อ้วน เช่น เขามีสุขภาพดีขึ้นจนดูกลมไปทั้งตัว
กลม 3,ว.,เรียบร้อยดี เช่น ใจพระลออยู่บมิกลม (ลอ)
กลม 4,ว.,กลิ้งกลอกเต็มตัว เช่น คนกลมดั่งน้ำกลอกใบบัว
กลม 5,ว.,ลักษณนามเรียกจำนวนเหล้าบางประเภทที่บรรจุในขวดกลม เช่น เหล้ากลมหนึ่ง เหล้า ๒ กลม.
กลม 6,ว.,"ชื่อไม้ต้นขนาดเล็กชนิด Aporosa villosa (Wall. ex Lindl.) Baill. ในวงศ์ Euphorbiaceae พบในป่าโปร่งทั่วไป, กรม กลม หรือ โลด ก็เรียก."
กลม 7,ว.,"ปวง, หมด, สิ้น, เช่น ทั้งกลม คือ ทั้งปวง, จึ่งได้เมืองแก่กู ทงงกลํ (จารึกสยาม)"
กลม 8,ว.,เรียกหญิงที่ตายพร้อมกับลูกที่อยู่ในท้อง ว่า หญิงตายทั้งกลม หมายถึง ตายทั้งหมด คือ ตายทั้งแม่ทั้งลูก.
กลมกล่อม 0,ว.,ที่เข้ากันพอดี (ใช้แก่รสหรือเสียง).
กลมกลึง 0,ว.,งามพอเหมาะ.
กลมกลืน 0,ก.,"เข้ากันได้ดี, ไม่ขัดแย้งกัน."
กลมกลืนกลอน 0,น.,ชื่อเพลงยาวกลอักษร ตัวอย่างว่า แสนเสียดายหายห่างโอ้ แสนเสียดายกรายนาฏช่าง แสนเสียดายงอนงามเจ้า ให้อ่านว่า แสนเสียดายหายห่างโอ้ห่างหาย แสนเสียดายกรายนาฏช่างนาฏกราย แสนเสียดายงอนงามเจ้างามงอน (จารึกวัดโพธิ์).
กลมเกลียว 0,ว.,ที่เข้ากันได้เป็นอันหนึ่งอันเดียวกัน.
กลมดิก 0,ว.,"กลมทีเดียว, กลิ้งไปได้รอบตัว, โดยปริยายหมายความว่า กลิ้งกลอก."
กลมเป็นลูกมะนาว 0,ว.,หลบหลีกไปได้คล่องจนจับไม่ติด (มักใช้ในทางไม่ดี).
กลมภะ 0,ว.,หลายอย่างรวมกัน เช่น จำหลักจำหลอกกลม- ภบังอวจจำหลักกราย (สมุทรโฆษ).
กลเม็ด 0,น.,"วิธีที่แยบคายหรือพลิกแพลง, กัลเม็ด ก็ว่า."
กลเม็ด 1,น.,"ชื่อเทียนชนิดหนึ่ง ซึ่งตามประเพณีเดิมจุดตั้งแต่วันเกิดมาและเลี้ยงไฟต่อกันไว้จนถึงวันตาย เมื่อถึงวันเผาก็ใช้ไฟนั้นเผา เรียกว่า เทียนกลเม็ด, เทียนจุดคู่ชีพเวลาจะสิ้นใจ."
กลยุทธ์ 0,น.,"การรบที่มีเล่ห์เหลี่ยม, วิธีการที่ต้องใช้กลอุบายต่าง ๆ, เล่ห์เหลี่ยมในการต่อสู้."
กลละ 0,น.,รูปเริ่มแรกที่ปฏิสนธิในครรภ์มารดา เช่น ผู้หญิงอันมีครรภ์ด้วยชลามพุชโยนิ เมื่อแรกก่อเป็นนั้นน้อยนักหนา เรียกชื่อว่า กลละหัวปีมีเท่านี้ (ไตรภูมิ).
กลวง 0,ว.,"เป็นรูเป็นโพรงข้างใน, ไม่ตัน."
กลวง 1,น.,"บริเวณ, ที่ว่าง, ท่ามกลาง, เช่น ในกลวงป่าตาลนี๋มีศาลาสองอัน (จารึกสยาม)."
กลวง 2,น.,"คลวง, โรงถลุงดีบุก."
กลวม 0,ก.,"กรวม, สวม"
กลวม 1,ก.,ทับ เช่น บงงเมฆกลวมกลุ้มหล้า หล่อแสง (ยวนพ่าย).
กล้วย 0,น.,"ชื่อไม้ล้มลุกหลายปีในสกุล Musa วงศ์ Musaceae จัดแยกออกได้เป็น ๒ จำพวก จำพวกที่แตกหน่อเป็นกอ ผลสุกเนื้อนุ่ม กินได้ มีหลายชนิดและหลายพันธุ์ เช่น กล้วยนํ้าว้า กล้วยไข่ กล้วยหอม บางชนิดผลสุกเนื้อแข็ง มักเผา ต้ม หรือเชื่อมกิน เช่น กล้วยกล้าย กล้วยหักมุก, จำพวกที่ไม่แตกหน่อเป็นกอ ขยายพันธุ์ด้วยเมล็ด ใบประดับไม่ร่วง เช่น กล้วยนวล กล้วยผา."
กล้วย 1,น.,"ชื่อปลาน้ำจืดทุกชนิดในสกุล Acantopsisวงศ์ cobitidae หัวยาวปลายแหลม ลำตัวยาวเรียว ลำตัวสีน้ำตาลอ่อนหรือเทา ข้างตัวมักมีจุดสีดำเรียงในแนวยาวหรือประอยู่ด้านหลัง บ้างมีแถบสีดำคล้ำตามแนวยาว พบอาศัยอยู่เป็นฝูงตามลำน้ำใหญ่ที่มีน้ำไหลหรือพื้นท้องน้ำเป็นกรวดทรายซึ่งปลามุดซ่อนตัว, ซ่อนทราย กล้วย ทราย หรือ หมู ก็เรียก."
กล้วย 2,น.,ชื่อปลาทะเลขนาดเล็กทุกชนิดโดยเฉพาะในสกุล Encrasicholinaรวมทั้งในสกุล Stolephorusวงศ์ Engraulidae หรือ Engraulididae รูปร่างกลมยาว แบนข้างเล็กน้อยหรือปานกลาง ปากกว้างมาก และอยู่ต่ำกว่าจะงอยปาก เกล็ดเป็นแบบเรียบและบาง ครีบอกอยู่ใกล้แนวสันท้อง ระหว่างครีบอก และครีบท้องมีหนามแหลมเล็กมาก ๒-๗ อัน มีสีเด่นเพียงแถบสีเงินพาดตลอดข้างลำตัว อยู่รวมกันเป็นฝูงใกล้ผิวน้ำเพื่อหากินแพลงก์ตอนบริเวณใกล้ฝั่ง ใช้ทำน้ำปลาที่มีคุณภาพดีหรือทำเป็นปลาตากแห้งทั้งตัว โดยเฉลี่ยยาว ๕-๑๐ เซนติเมตร บางชนิดยาวถึง ๑๕ เซนติเมตร มีชื่อเรียกที่รู้จักกันดีอีก คือ กะตัก ชื่ออื่น ๆ ที่แตกต่างกันตามขนาดหรือตามท้องถิ่นจากปลาขนาดเล็กถึงโตตามลำดับ คือ สายไหม เส้นขนมจีน ข้าวสาร หัวไม้ขีด หัวอ่อน และ ชินชัง นอกจากนี้ก็ยังมีชื่อ กล้วย มะลิ และ เก๋ย.
กล้วย ๆ 0,ว.,ง่ายมาก เช่น เรื่องกล้วย ๆ ของกล้วย ๆ.
กล้วยกล้าย 0,ว.,ง่ายมาก เช่น เรื่องกล้วย ๆ ของกล้วย ๆ.
กล้วยแขก 0,น.,กล้วยนํ้าว้า ฝานเป็นชิ้น ชุบแป้งข้าวเจ้าที่ผสมหัวกะทิ มะพร้าวขูดละเอียด น้ำตาล เกลือ แล้วนำไปทอด.
กล้วยงวงช้าง 0,น.,"ชื่อกล้วยชนิด Musa (AAB group) “Kluai Roiwi” ในวงศ์ Musaceae ออกเครือเป็นหวีมาก ปลูกเป็นไม้ประดับ, กล้วยงวงช้าง ก็เรียก."
กล้วยใต้ 0,น.,กล้วยน้ำว้า. (ดู น้ำว้า).
กล้วยน้อย 0,น.,ชื่อไม้ต้นขนาดกลางชนิด Xylopia vielana Pierre ในวงศ์ Annonaceae กิ่งสีนํ้าตาลดำ ดอกหอม รากสีดำ กลิ่นเหมือนนํ้ามันดิน เชื่อกันว่ารากใช้แก้พิษงู.
กล้วยไม้ 0,น.,"ชื่อพรรณไม้หลายชนิดหลายสกุลในวงศ์ Orchidaceae ลักษณะต้น ใบ และช่อดอกต่าง ๆ กัน บางชนิดเกาะตามต้นไม้และหิน บางชนิดขึ้นอยู่บนพื้นดิน บางชนิดมีดอกงาม บางชนิดมีกลิ่นหอม, พายัพเรียก เอื้อง."
กล้วยไม้ 1,น.,"ชื่อไม้อิงอาศัย ๒ ชนิด ๒ สกุลในวงศ์ Asclepiadaceae เกาะเลื้อยบนต้นไม้ มีนํ้ายางขาว ชนิด Dischidia major (Vahl) Merr. ใบเป็นรูปถุง กลวงใน ออกเป็นกระจุก รากใช้ทำยาได้, พุงปลา หรือ พุงปลาช่อน ก็เรียก, พายัพเรียก กล้วยไม้, อีกชนิดหนึ่งคือ Streptocaulon kleinii Wight et Arn.ใบไม่เป็นถุง เป็นไม้เลื้อย, ขี้เดือน ก็เรียก."
กล้วยสั้น 0,น.,"ชื่อกล้วยพันธุ์หนึ่ง, กล้วยสั้น ก็เรียก."
กล้วยหมูสัง 0,น.,"ชื่อไม้เถาเนื้อแข็งชนิด Uvaria grandiflora Roxb. ex Hornem. ในวงศ์ Annonaceae มีแถบปักษ์ใต้ ดอกสีแดงเลือดนก, ย่านนมควาย ก็เรียก."
กลวิธี 0,น.,วิธีพลิกแพลง โดยอาศัยความรู้ความชำนาญ.
กลศ 0,น.,"ภาชนะใส่นํ้าเทพมนตร์ของพราหมณ์ ลักษณะเหมือนคนโทมีฝาปิด มีพวยอย่างกานํ้า เรียกว่า หม้อกลศ, (โบ) เขียนเป็น กลด ก็มี."
กลศาสตร์ 0,น.,วิชาฟิสิกส์สาขาหนึ่ง ที่ศึกษาเกี่ยวกับการกระทำของแรงต่อเทหวัตถุ และผลที่เกิดขึ้นแก่เทหวัตถุนั้นภายหลังที่ถูกแรงมากระทำ.
กลหาย 0,ก.,กระหาย เช่น อันว่าทวยท่ววทงงหลายหื่นกลหายสาหัส (ม. คำหลวง ทานกัณฑ์).
กลเหย 0,ก.,"ระเหย, ซ่านออก."
กล้อ 0,น.,เรือโกลน.
กล้อ 1,ว.,กลม.
กล้อ 2,ก.,ทำให้กลม
กล้อ 3,ก.,โคลง เช่น เรือกล้อ ว่า เรือโคลง.
กล้อ 4,น.,เครื่องสานยาชันชนิดหนึ่ง เช่น ก็ให้น้ำเต็มเต้า เข้าเต็มไหไปเต็มหม้อ ชื่อว่ากล้อก็บมิให้พร่องเลอย (ม. คำหลวง ชูชก). (ดู กร้อ).
กลอก 0,ก.,"เคลื่อนหรือขยับเขยื้อนกลับไปกลับมาภายในเขตของสิ่งนั้น ๆ เช่น กลอกตา กลอกหน้า, ทำให้เคลื่อนวนกลับไปกลับมา เช่น กลอกแป้งขนมเบื้องญวน กลอกไข่, ทำให้มีอาการเช่นนั้น เช่น กลอกนํ้าร้อนในถ้วยเพื่อให้เย็น."
กลอก 1,น.,"ลักษณะของเสียงที่บรรเลงเลื่อนไหลไปตามท่วงทำนองอย่างนุ่มนวลกลมกลืน เหมือนลักษณะของหยดน้ำที่กลิ้งอยู่บนใบบอน, ในการขับร้องหมายถึง เสียงที่เปล่งออกจากลำคอพอสมควรสลับกับเสียงทางจมูก แล้วตวัดเสียงให้สะบัดวกวนกลับไปกลับมา ๒ หรือ ๓ ครั้ง สุดแต่ผู้ขับร้องจะเห็นเหมาะสม."
กลอกกลับ 0,ก.,"เปลี่ยนไปมาเชื่อถือไม่ได้ เช่น พูดจากลอกกลับ, กลับกลอก ก็ว่า."
กลอกกลิ้ง 0,ก.,"กลับไปกลับมาเอาแน่ไม่ได้, กลิ้งกลอก ก็ว่า."
กลอกแกลก 0,ว.,"เหลวไหล, ไม่แน่นอน."
กลอง 0,น.,"เครื่องดนตรีประเภทเครื่องตี ขึงด้วยหนัง ใช้ตีบอกสัญญาณ กำกับจังหวะ หรือใช้ตีร่วมกับเครื่องดนตรีอื่น ๆ ตัวกลองเรียกว่า “หุ่น” ลักษณะกลมกลวงทำด้วยไม้เนื้อแข็ง เช่นไม้ชิงชัน ไม้มะริด ไม้มะม่วง มีทั้งหน้าเดียวและ ๒ หน้า ที่ขึ้นหนังหน้าเดียว เช่น โทน กลองยาว รำมะนา ที่ขึ้นหนัง ๒ หน้า เช่น กลองทัด ตะโพน เปิงมาง กลองแขก กลองมลายู กลองชนะ การขึ้นหนังมีทั้งที่ใช้หมุดตรึงให้แน่น และใช้โยงเร่งเสียงด้วยสายหนัง เรียกว่า หนังเรียด หรือใช้หวายหรือลวด ยังมีกลองที่หล่อด้วยโลหะทั้งลูก แต่มิได้ขึงด้วยหนัง ก็มี เช่น มโหระทึก และกลองที่ทำด้วยดินเผา การตีกลองอาจใช้ไม้ตี มือ (ฝ่ามือ) หรือนิ้ว เพื่อให้เกิดเสียงดังก้อง, ลักษณนามว่า ใบ หรือ ลูก."
กล่อง 0,น.,"ภาชนะใส่สิ่งของรูปกลมหรือเหลี่ยมมีฝาปิด, สิ่งที่ทำเป็นรูปสี่เหลี่ยมผืนผ้าขนาดเล็ก มีลิ้นชักเข้าออกได้ สำหรับบรรจุไม้ขีดไฟ เรียกว่า กล่องไม้ขีดไฟ, กลักไม้ขีดไฟ ก็เรียก."
กล้อง 0,น.,"วัตถุลักษณะยาวกลวงตลอด, เรียกของใช้บางอย่างที่มีลักษณะเช่นนั้น เช่น กล้องเป่าแล่น กล้องส่อง"
กล้อง 1,น.,เครื่องที่มีรูปร่างต่าง ๆ ประกอบด้วยเลนส์สำหรับถ่ายภาพหรือขยายภาพ เช่น กล้องถ่ายรูป กล้องจุลทรรศน์
กล้อง 2,น.,หลอด เช่น กล้องเกียง ว่า หลอดตะเกียง.
กล้อง 3,ก.,ตำหรือสีข้าวเปลือกให้เปลือกหลุด
กล้อง 4,ก.,"เกลา, โกลน"
กล้อง 5,ก.,"ทุบ, บุ, ตีแผ่เป็นแผ่น."
กล้องแกล้ง 0,ว.,"มีรูปร่างเอวเล็กเอวบาง, อ้อนแอ้น"
กล้องแกล้ง 1,ว.,มีท่าทางเป็นเชิงเจ้าชู้.
กลองแขก 0,น.,"ชื่อกลองชนิดหนึ่ง รูปยาวทรงกระบอก มี ๒ หน้า หน้าหนึ่งใหญ่ เรียกว่า หน้ารุ่ย อีกหน้าหนึ่งเล็ก เรียกว่า หน้าต่าน เดิมใช้เส้นหวายผ่าซีกเป็นสายโยงเร่งเสียง แต่ปัจจุบันนิยมใช้สายหนังเหมือนกลองมลายู ชุดหนึ่งมี ๒ ลูก ลูกเสียงสูงเรียกว่า ตัวผู้ ลูกเสียงต่ำเรียกว่า ตัวเมีย, กลองชวา ก็เรียก."
กลองจีน 0,น.,ชื่อกลองชนิดหนึ่ง ได้แบบมาจากจีน ใช้บรรเลงเพลงสำเนียงจีน มักทำด้วยไม้แผ่นประกอบกันเข้าเป็นรูปกลม ไม่ได้ขุดให้กลวงเหมือนกลองอย่างอื่น.
กล้องจุลทรรศน์ 0,น.,กล้องขยายดูของเล็กให้เห็นเป็นของใหญ่.
กลองชนะ 0,น.,ชื่อกลองชนิดหนึ่ง มีรูปร่างลักษณะเหมือนกลองแขกแต่สั้นกว่า ใช้ในพิธีกรรม ใช้ตีด้วยไม้งอ ๆ หรือหวายทางด้านหน้าใหญ่ ตัวกลองทาสีเขียวหรือแดงปิดทองเขียนลาย หน้ากลองเขียนหรือปิดด้วยทองหรือเงิน ทำเป็นลวดลายเช่นกัน.
กลองชวา 0,น.,"ชื่อกลองชนิดหนึ่ง รูปยาวทรงกระบอก มี ๒ หน้า หน้าหนึ่งใหญ่ เรียกว่า หน้ารุ่ย อีกหน้าหนึ่งเล็ก เรียกว่า หน้าต่าน เดิมใช้เส้นหวายผ่าซีกเป็นสายโยงเร่งเสียง แต่ปัจจุบันนิยมใช้สายหนังเหมือนกลองมลายู ชุดหนึ่งมี ๒ ลูก ลูกเสียงสูงเรียกว่า ตัวผู้ ลูกเสียงต่ำเรียกว่า ตัวเมีย, กลองชวา ก็เรียก."
กลองชาตรี 0,น.,ชื่อกลองชนิดหนึ่ง มี ๒ หน้า รูปร่างลักษณะคล้ายกลองทัดแต่เล็กกว่ามาก ตีด้วยไม้ ๒ อัน เช่นเดียวกับกลองทัด แต่วิธีการตี ลักษณะของไม้ตี และเสียงจะแตกต่างจากกลองทัด ใช้ร่วมในวงปี่พาทย์ในการแสดงละครชาตรีที่เรียกว่า ปี่พาทย์ชาตรี ใช้ในการบรรเลงเพลงชุดออกภาษาหรือสิบสองภาษา และใช้ประกอบการบรรเลงในเพลงทำนองตะลุง กลองชาตรีมักใช้บรรเลงคู่กับโทน เรียกว่า โทนชาตรี มีชื่อเรียกตามเสียงอีกอย่างหนึ่งว่า กลองตุ๊ก.
กลองต๊อก 0,น.,ชื่อกลองชนิดหนึ่ง เป็นของจีนใช้ประกอบในการบรรเลงเพลงสำเนียงจีน มีขนาดเล็ก ตีหน้าเดียวด้วยไม้เล็ก ๆ ๑ คู่.
กลองตะโพน 0,น.,ชื่อกลองชนิดหนึ่ง ใช้ตะโพนไทย ๒ ลูก เสียงสูงต่ำต่างกัน ถอดเท้าออกแล้วนำมาตั้งเอาหน้าเท่งขึ้นตีอย่างกลองทัด นิยมใช้ตีแทนกลองทัดในวงปี่พาทย์ดึกดำบรรพ์ หรือเพื่อให้เกิดเสียงนุ่มนวลเมื่อบรรเลงภายในห้องหรืออาคาร.
กล้องตาเรือ 0,น.,กล้องปริทรรศน์.
กลองติ๋ง 0,น.,ชื่อกลองชนิดหนึ่ง รูปร่างและการตีเหมือนกับกลองทัด แต่มีขนาดเล็กกว่าและเสียงสูงกว่า ใช้บรรเลงผสมวงปี่พาทย์รวมกับกลองทัดในการแสดงหนังใหญ่เท่านั้น.
กลองตุ๊ก 0,น.,ชื่อกลองชนิดหนึ่ง มี ๒ หน้า รูปร่างลักษณะคล้ายกลองทัดแต่เล็กกว่ามาก ตีด้วยไม้ ๒ อัน เช่นเดียวกับกลองทัด แต่วิธีการตี ลักษณะของไม้ตี และเสียงจะแตกต่างจากกลองทัด ใช้ร่วมในวงปี่พาทย์ในการแสดงละครชาตรีที่เรียกว่า ปี่พาทย์ชาตรี ใช้ในการบรรเลงเพลงชุดออกภาษาหรือสิบสองภาษา และใช้ประกอบการบรรเลงในเพลงทำนองตะลุง กลองชาตรีมักใช้บรรเลงคู่กับโทน เรียกว่า โทนชาตรี มีชื่อเรียกตามเสียงอีกอย่างหนึ่งว่า กลองตุ๊ก.
กล้องตุด 0,น.,กล้องไม้ซาง.
กลองเถิดเทิง 0,น.,"ชื่อกลองชนิดหนึ่ง ตอนหน้าใหญ่ ตอนท้ายมีลักษณะเรียวแล้วบานปลายเป็นรูปดอกลำโพง ขึ้นหนังหน้าเดียว ใช้ตีด้วยมือ วงกลองยาววงหนึ่งจะใช้กลองหลายลูกก็ได้, กลองเถิดเทิง ก็เรียก."
กลองทัด 0,น.,"ชื่อกลองชนิดหนึ่ง มีรูปทรงกระบอก ตรงกลางป่องออกเล็กน้อย ขึ้นหนัง ๒ หน้า มีหูเรียกว่า หูระวิง สำหรับร้อยไม้ขาหยั่ง ใช้บรรเลงในวงปี่พาทย์ ชุดหนึ่งอาจมี ๒-๓ ใบ, ถ้าใช้ใบเดียวแขวนที่หอกลองในวัด เรียกว่า กลองเพล."
กล้องโทรทรรศน์ 0,น.,"กล้องสำหรับส่องดูของไกลให้เห็นใกล้, กล้องส่องทางไกล ก็เรียก."
กล้องปริทรรศน์ 0,น.,"กล้องชนิดหนึ่งที่ใช้มองดูสิ่งต่าง ๆ ซึ่งมีที่กำบังขวางกั้น หรือใช้มองดูสิ่งต่าง ๆ ที่อยู่เหนือระดับสายตาผู้มองได้โดยรอบ เช่น กล้องเรือดำน้ำ, กล้องตาเรือ ก็เรียก."
กลองเพล 0,น.,กลองทัดขนาดใหญ่ใช้ตีเป็นสัญญาณบอกเวลา ๑๑ นาฬิกา เพื่อภิกษุสามเณรจะได้ฉันเพล.
กลองมริกัน 0,น.,ชื่อกลองฝรั่งชนิดหนึ่ง มีขนาดใหญ่ ขึ้นหนัง ๒ หน้า และตีทั้ง ๒ หน้า ให้เสียงสอดสลับกัน ใช้ไม้ตีข้างละอัน การบรรเลงอาจใช้แขวนหรือวางในแนวตั้ง หรือคล้องคอตีในการบรรเลงในขบวนก็ได้.
กลองมลายู 0,น.,ชื่อกลองชนิดหนึ่ง รูปร่างลักษณะอย่างเดียวกับกลองแขก แต่ตัวกลองสั้นและอ้วนกว่า สายโยงเร่งเสียงทำด้วยหนัง ขึ้นหนัง ๒ หน้าด้วยหนังวัว ตีด้วยไม้งอน ใช้บรรเลงในวงบัวลอยในงานศพ และใช้บรรเลงในวงปี่พาทย์นางหงส์.
กลองโมงครุ่ม 0,น.,ชื่อกลองชนิดหนึ่ง รูปร่างลักษณะอย่างเดียวกับกลองทัด แต่ใหญ่กว่า ขึ้นหนัง ๒ หน้า ตีทั้งสองหน้าโดยใช้ไม้กำพดตี ใช้ตีในการละเล่นสมัยโบราณ.
กลองยาว 0,น.,"ชื่อกลองชนิดหนึ่ง ตอนหน้าใหญ่ ตอนท้ายมีลักษณะเรียวแล้วบานปลายเป็นรูปดอกลำโพง ขึ้นหนังหน้าเดียว ใช้ตีด้วยมือ วงกลองยาววงหนึ่งจะใช้กลองหลายลูกก็ได้, กลองเถิดเทิง ก็เรียก."
กลองโยน 0,น.,"ชื่อเพลงไทยประเภทเพลงหน้าพาทย์ ใช้ทำนองเพลงทะแย อัตรา ๒ ชั้น มาบรรเลง และตีกลองสองหน้า หน้าทับกลองโยน เลียนวิธีการตีกลองชนะในกระบวนแห่ในการเสด็จพระราชดำเนินโดยกระบวนพยุหยาตราสถลมารค ปี่ชวามักเป่าเพลงทะแยกลองโยนเข้ากับกลองชนะในกระบวนเสด็จ, ในการเทศน์มหาชาติใช้บรรเลงเป็นเพลงประจำกัณฑ์นครกัณฑ์, เรียกสั้น ๆ ว่า กลองโยน."
กล้องระดับ 0,น.,กล้องสำรวจชนิดหนึ่ง เป็นเครื่องวัดระดับชนิดฟองนํ้าที่ใช้ประกอบกับกล้องส่องเพื่อใช้หาระดับสูงตํ่าของพื้นที่.
กล้องวัดมุม 0,น.,กล้องสำรวจชนิดหนึ่ง สำหรับวัดมุมแนวนอนและแนวยืนได้ในขณะเดียวกัน ไม่ว่าที่หมายเล็งจะอยู่บนพื้นดินหรือในท้องฟ้าก็ตาม ประกอบด้วยจานองศาแนวนอนกับแนวยืนเพื่อใช้วัดมุม.
กล้องสนาม 0,น.,กล้องส่องทางไกล มี ๒ ตา.
กล้องสลัด 0,น.,กล้องที่ใช้ใส่อาวุธซัดไป. (พิชัยสงคราม)
กล้องสลัด 1,น.,กล้องส่องทางไกล มีตาเดียว.
กล้องส่องทางไกล 0,น.,"กล้องโทรทรรศน์, กล้องสำหรับส่องดูของไกลให้เห็นใกล้."
กลองสองหน้า 0,น.,ชื่อกลองชนิดหนึ่ง ลักษณะคล้ายเปิงมาง แต่ขนาดใหญ่และยาวกว่า ใช้ใบเดียวตีกำกับจังหวะในวงปี่พาทย์ไม้แข็ง เสภา และกำกับการบรรเลงเพลงเดี่ยวเครื่องดนตรีของวงปี่พาทย์.
กล้องสำรวจ 0,น.,กล้องที่ใช้ในงานรังวัดและสำรวจทำแผนที่ มีหลายชนิด เช่น กล้องระดับ กล้องวัดมุม กล้องถ่ายรูปทางอากาศ.
กล่องเสียง 0,น.,อวัยวะสำคัญในการเปล่งเสียงพูด อยู่บริเวณส่วนบนของหลอดลม.
กล่อน 0,น.,"ชื่อโรคชนิดหนึ่ง ตามตำราแพทย์แผนโบราณว่าเกิดจากของเหลวเข้าไปขังอยู่ในถุงอัณฑะ, ถ้าของเหลวนั้นเป็นนํ้า เรียกว่า กล่อนนํ้า, ถ้าเป็นเลือด เรียกว่า กล่อนเลือด, ถ้าเป็นหนอง เรียกว่า กล่อนหนอง."
กล้อน 0,ก.,ตัดหรือทำให้เกรียน (ใช้แก่ผมหรือขนสัตว์) เช่น กล้อนหัว.
กล้อน 1,ว.,"เลี่ยน, โล้น, เช่น หัวกล้อน."
กลอน 0,น.,"ไม้ขัดประตูหน้าต่าง, ดาล, เครื่องสลักประตูหน้าต่าง"
กลอน 1,น.,ไม้ที่พาดบนแปสำหรับวางเครื่องมุงหลังคาจากเป็นต้น.
กลอน 2,น.,"คำประพันธ์ซึ่งแต่เดิมเรียกคำเรียงที่มีสัมผัสทั่วไป จะเป็นโคลง ฉันท์ กาพย์ หรือร่าย ก็ตาม เช่นในคำว่า ชุมนุมตำรากลอน, ครั้นเรียกเฉพาะคำประพันธ์เฉพาะอย่างเป็นโคลง ฉันท์ กาพย์ ร่าย แล้ว คำประพันธ์นอกนี้อีกอย่างหนึ่งจึงเรียกว่า กลอน เป็นลำนำสำหรับขับร้องบ้าง คือ บทละคร สักวา เสภา บทดอกสร้อย, เป็นเพลงสำหรับอ่านบ้าง คือ กลอนเพลงยาว หรือ กลอนตลาด."
กลอน 3,น.,"ลูกตุ้ม, ขลุบ, เช่น แกว่งกลอนยรรยงยุทธ์ (อนิรุทธ์)."
กลอนด้น 0,น.,กลอนที่ว่าปากเปล่าโดยไม่เคร่งครัดตามหลักสัมผัส.
กลอนตลาด 0,น.,คำกลอนสามัญ โดยมากเป็นกลอน ๘ เช่น กลอนนิราศ นิทานคำกลอน.
กลอนบทละคร 0,น.,กลอนเล่าเรื่อง ใช้เป็นบทแสดง วรรคแรกจะต้องขึ้นต้นด้วย เมื่อนั้น บัดนั้น หรือ มาจะกล่าวบทไป.
กลอนเพลงยาว 0,น.,กลอนที่เขียนขึ้นเพื่อแสดงความรัก หรือเล่าสู่กันฟัง เป็นต้น ขึ้นต้นด้วยวรรครับหรือวรรคที่ ๒ ของบท.
กลอนลิลิต 0,น.,คำกลอนที่แต่งอย่างร่าย.
กลอนสด 0,น.,"กลอนที่ผูกและกล่าวขึ้นในปัจจุบันโดยไม่ได้คิดมาก่อน, โดยปริยายหมายความว่า ข้อความที่กล่าวขึ้นในปัจจุบันโดยมิได้เตรียมตัวมาก่อน เช่น พูดกลอนสด."
กลอนสวด 0,น.,กลอนที่อ่านเป็นทำนองสวด แต่งเป็นกาพย์ยานี ๑๑ หรือ กาพย์ฉบัง ๑๖ และกาพย์สุรางคนางค์ ๒๘ ข้อความที่แต่งมักเป็นเรื่องในศาสนา.
กลอนสุภาพ 0,น.,กลอนเพลงยาว บางครั้งเรียกว่า กลอนตลาด.
กล่อม 0,น.,ชื่อมาตราชั่งของไทยโบราณ ๔ เมล็ดข้าวเปลือก เป็น ๑ กล่อม ๒ กล่อม เป็น ๑ กลํ่า.
กล่อม 1,ก.,ถากแต่งให้กลมงาม เช่น กล่อมเสา กล่อมไม้
กล่อม 2,ก.,โดยปริยายหมายความว่า เหมาะเจาะ เช่น นํ้าหอมกล่อมกลิ่นดอกไม้กลั่น (ขุนช้างขุนแผน).
กล่อม 3,น.,"ชื่อเพลงเครื่องปี่พาทย์ ทำตอนพระเข้าหานาง ซึ่งเรียกว่า โลม หรือตอนขับบำเรอ เรียกว่า กล่อมมโหรี อันใช้เป็นเครื่องสายประสมในภายหลัง และมีชื่อเป็นชนิดต่าง ๆ คือ กล่อมช้าง กล่อมพระยา กล่อมนารี และกล่อมในพิธีพราหมณ์ เรียกว่า ช้าหงส์ หรือ ช้าเจ้าหงส์, ชาวบ้านมักเรียกว่า กล่อมหงส์."
กล่อม 4,ก.,"ร้องเป็นทำนองเพื่อเล้าโลมใจหรือให้เพลิน, โดยปริยายหมายความว่า พูดให้น้อมใจตาม หรือทำให้เพลิดเพลิน เช่น กล่อมใจ กล่อมอารมณ์."
กล่อมเกลา 0,ก.,"ทำให้เรียบร้อย, ทำให้ดี, โดยปริยายหมายความว่า อบรมให้มีนิสัยไปในทางดี."
กล่อมเกลี้ยง 0,ก.,อบรมเลี้ยงดูให้มีนิสัยดี.
กล้อมแกล้ม 0,ก.,"เคี้ยวไม่ทันแหลกแล้วรีบกลืน, เคี้ยวไม่ถนัด"
กล้อมแกล้ม 1,ก.,"พูดอ้อมแอ้มพอให้ผ่านไป, พูดไม่สู้ชัดความเพื่อให้เสร็จไป, โดยปริยายหมายความว่า ทำพอให้ผ่าน ๆ ไป"
กล้อมแกล้ม 2,ก.,กะล่อมกะแล่ม ก็ว่า.
กล่อมท้อง 0,ก.,ใช้ฝ่ามือคลึงบริเวณท้องเบา ๆ เพื่อให้คลอดง่าย.
กล่อมมดลูก 0,ก.,เร่งให้มดลูกเข้าอู่เร็วขึ้นโดยการประคบบริเวณท้อง.
กล่อมหงส์ 0,น.,ชื่อเพลงประเภทเพลงพื้นบ้าน
กล่อมหงส์ 1,น.,พิธีขับกล่อมหงส์ ทำต่อเนื่องจากพิธีตรียัมปวาย เป็นการส่งเสด็จพระอิศวร พระอุมา และพระมหาพิฆเนศวรกลับสู่สวรรค์ตามคติความเชื่อของพราหมณ์
กล่อมหงส์ 2,น.,ช้าหงส์ หรือ ช้าเจ้าหงส์ ก็เรียก.
กล่อมหอ 0,ก.,ขับร้องหรือเล่นดนตรีเพื่อให้ครึกครื้นในพิธีแต่งงานบ่าวสาวก่อนถึงฤกษ์ส่งตัวเจ้าสาว.
กลอย 0,น.,ชื่อไม้เถามีหนามชนิด Dioscorea hispida Dennst. ในวงศ์ Dioscoreaceae มีหัวกลมใหญ่อยู่ใต้ดิน ใบเป็นใบประกอบ มีใบย่อย ๓ ใบ หัวดิบมีพิษเบื่อเมา แต่เมื่อฝานแช่นํ้าไหลและนำมานึ่งหรือต้มให้สุกแล้วกินได้.
กลอย 1,ก.,"คล้อย, ร่วม, เช่น กลอยใจ กลอยสวาท."
กลอักษร 0,น.,กลบทที่ซ่อนเงื่อนไว้ให้อ่านฉงน ตัวอย่างว่า โอ้อกเอ๋ยแสนวิตก กระไรเลยระกำใจ จะจากไกลไม่เคย ให้อ่านว่า โอ้อกเอ๋ยแสนวิตกโอ้อกเอ๋ย กระไรเลยระกำใจกระไรเลย จะจากไกลไม่เคยจะจากไกล. (กลอักษรงูกลืนหาง).
กลอุปกรณ์ 0,น.,อุปกรณ์เชิงกลที่ออกแบบหรือผลิตขึ้นเพื่อใช้ในกิจการอย่างใดอย่างหนึ่ง.
กลัก 0,น.,"สิ่งที่ทำเป็นรูปคล้ายกระบอกสำหรับบรรจุของเล็ก ๆ น้อย ๆ หรือของขนาดเล็ก มีฝาสวมปาก เช่น กลักพริก กลักเกลือ, ซองยาสูบทำด้วยเมล็ดตาล มีฝาสวมปาก, สิ่งที่ทำเป็นรูปสี่เหลี่ยมผืนผ้าขนาดเล็ก มีลิ้นชักเข้าออกได้ สำหรับบรรจุไม้ขีดไฟ เรียกว่า กลักไม้ขีดไฟ, กล่องไม้ขีดไฟ ก็เรียก."
กลัง 0,น.,คลัง คือ ไม้กระบอกที่ร้อยโซ่หรือเชือกสำหรับล่ามนักโทษ สัตว์ หรือเรือ.
กลัด 0,น.,สวะที่ติดขวางคลองแน่นอยู่.
กลัด 1,ก.,"เสียบขัดไว้ให้อยู่ด้วยของแหลม เช่น ใช้ไม้กลัดกลัดกระทง, ทำให้ติดขวางไว้ไม่ให้หลุดออก เช่น กลัดกระดุม"
กลัด 2,ก.,โดยปริยายเรียกอาการที่สิ่งบางอย่างคั่งอยู่ข้างใน เช่น กลัดหนอง.
กลัดกลุ้ม 0,ก.,ขัดข้องกลุ้มอยู่ในอก.
กลัดมัน 0,ว.,มีความรู้สึกในทางกามารมณ์อย่างรุนแรง.
กลั่น 0,ก.,"คัดเอาแต่ส่วนหรือสิ่งที่สำคัญหรือที่เป็นเนื้อแท้ด้วยวิธีต้มให้ออกเป็นไอ แล้วใช้ความเย็นบังคับให้เป็นของเหลว เช่น กลั่นนํ้า เรียกน้ำที่ได้จากกรรมวิธีเช่นนั้น ว่า น้ำกลั่น, โดยปริยายหมายความว่า คัดเอา เลือกเอา."
กลั่น 1,ว.,ที่คัดเลือกไว้แล้ว เช่น ตัวกลั่น.
กลั้น 0,ก.,บังคับความรู้สึกหรือสิ่งที่อยู่ภายในร่างกายไม่ให้แสดงออกหรือหลุดออกมา เช่น กลั้นโทสะ กลั้นปัสสาวะ.
กลั่นกรอง 0,ก.,"คัดเลือกเอาแต่สิ่งที่เห็นว่าดีที่สุด, พิจารณาอย่างถี่ถ้วนรอบคอบ."
กลั่นแกล้ง 0,ก.,"หาความไม่ดีใส่ให้, หาอุบายให้ร้ายโดยวิธีต่าง ๆ, แกล้งใส่ความ."
กลั้นใจ 0,ก.,อั้นลมหายใจ.
กลันทก์ 0,น.,"กระแต, กระรอก."
กลันทะ 0,น.,"กระแต, กระรอก."
กลับ 0,ก.,"ตรงกันข้ามกับภาวะเดิมหรือทิศทางเดิม เช่น กลับหน้าเป็นหลัง กลับบ้าน, เปลี่ยนเป็นตรงกันข้าม เช่น นึกว่าเป็นคนดี กลับเป็นคนร้าย, คืนมาสู่ภาวะเดิม เช่น กลับมีอีก, พลิกหน้าเป็นหลัง เช่น กลับปลา, เปลี่ยน เช่น กลับชาติ กลับใจ, ทำตรงกันข้ามกับที่คาดหมายหรือที่ควรจะเป็น เช่น เราพูดด้วยดี ๆ เขากลับ ด่าเอา."
กลับกลอก 0,ก.,"เปลี่ยนไปมาเชื่อถือไม่ได้ เช่น พูดจากลับกลอก, กลอกกลับ ก็ว่า."
กลับกลอก 1,ว.,ที่พูดจาไม่อยู่กับร่องกับรอย เช่น คนกลับกลอก.
กลับกลาย 0,ก.,เปลี่ยนแปลงเป็นอย่างอื่นไป.
กลับเกลือก 0,ว.,"กลอกขึ้นกลอกลง (ใช้แก่ตา), กระลับกระเลือก ก็ว่า."
กลับคำ 0,ก.,"พูดแล้วไม่เป็นตามพูด, ไม่ทำตามที่พูดไว้, พูดแล้วเปลี่ยนคำพูด."
กลับคืน 0,ก.,"กลับที่เดิม, สู่สภาพเดิม."
กลับตาลปัตร 0,ว.,ผิดความคาดหมายอย่างตรงกันข้ามแบบพลิกหน้ามือเป็นหลังมือ.
กลับเนื้อกลับตัว 0,ก.,เลิกทำความชั่วหันมาทำความดี.
กลับบ้านเก่า 0,ก.,ตาย เช่น เมื่ออาทิตย์ที่แล้วเขายังมาทำบุญที่วัด วันนี้กลับบ้านเก่าไปเสียแล้ว.
กลับไปกลับมา 0,ก.,"พลิกแพลง, ไม่แน่นอน."
กลับมาตายรัง 0,ก.,ในที่สุดก็ต้องหวนกลับมาอยู่กับครอบครัวตามเดิม (ใช้แก่สามี) เช่น เขาไปไหนไม่รอด ต้องกลับมาตายรัง.
กลับลำ 0,ก.,เปลี่ยนความคิด เช่น เมื่อวานเขาให้สัมภาษณ์ว่าจะไม่ยอมให้มีวันหยุดชดเชย วันนี้กลับลำอนุญาตให้มีตามเดิมแล้ว.
กลับหน้ามือเป็นหลังมือ 0,ก.,"เปลี่ยนแปลงหรือทำให้ผิดไปจากเดิมอย่างตรงกันข้าม, พลิกหน้ามือเป็นหลังมือ ก็ว่า."
กลับหลังหัน 0,ก.,หมุนตัวกลับให้ด้านหลังไปอยู่แทนในตำแหน่งด้านหน้า.
กลัมพก 0,น.,ผักบุ้ง เช่น ประเทศที่ตํ่านํ้าลึกล้วนเหล่ากลัมพัก พ่านทอดยอดยาวสล้างสลอน (ม. ร. ๔ มหาพน).
กลัมพร 0,น.,"โทษใหญ่, ความฉิบหาย, เช่น มาทำกลัมพรภัย (เสือโค), อันจ่อมกลัมพรภัย (สมุทรโฆษ), ในบทกลอนโดยมากใช้แผลงเป็น กะลำพร กระลำพร หรือ กระลำ ก็มี."
กลัมพัก 0,น.,ผักบุ้ง เช่น ประเทศที่ตํ่านํ้าลึกล้วนเหล่ากลัมพัก พ่านทอดยอดยาวสล้างสลอน (ม. ร. ๔ มหาพน).
กลัว 0,ก.,"รู้สึกไม่อยากประสบสิ่งที่ไม่ดีแก่ตัว เช่น กลัวบาป กลัวถูกติเตียน, รู้สึกหวาดเพราะคาดว่าจะประสบภัย เช่น กลัวเสือ กลัวไฟไหม้."
กลั้ว 0,ก.,เอานํ้าหรือของเหลวแต่น้อยเข้าไปสัมผัสพอให้ชุ่มเป็นต้น.
กลั้วเกลี้ย 0,ก.,คลุกคลี.
กลั้วเกลี้ย 1,ว.,"มีเล็กน้อย, พอมีอยู่บ้าง, จวนหมด, เช่น นํ้ากลั้วเกลี้ยคลอง แกงมีนํ้ากลั้วเกลี้ย"
กลั้วเกลี้ย 2,ว.,"พอเป็นไปได้, พอประทังไปได้, เช่น หากินกลั้วเกลี้ยไป วัน ๆ หนึ่ง."
กลั้วคอ 0,ก.,ดื่มแต่น้อย พอให้ชุ่มคอ.
กลัวดอกพิกุลจะร่วง 0,ก.,อาการที่นิ่งไม่พูด.
กลัวน้ำ 0,น.,"โรคพิษสุนัขบ้า เรียกว่า โรคกลัวนํ้า. (ดู พิษสุนัขบ้า ที่ พิษ, พิษ-)"
กลัวลาน 0,ก.,กลัวจนตั้งสติไม่อยู่.
กลา 0,น.,"เสี้ยวที่ ๑๖ แห่งดวงเดือน, ดวงเดือน"
กลา 1,น.,"ระเบียบพิธีของการบูชา เช่น ไปคำนับศาลสุรากลากิจ (อภัย), ใช้ว่า กระลา ก็มี."
กล่า 0,ก.,"ควัก, แขวะ, แหวะ, เช่น อีกกรบอกหววมึงกูจะผ่า กูจะกล่าเอาขวนนหววมึงออกแล (ม. คำหลวง ชูชก)."
กล้า 0,น.,"ต้นข้าวอ่อนที่เพาะจากข้าวเปลือกสำหรับย้ายไปปลูกที่อื่น, โดยอนุโลมเรียกพืชที่เพาะไว้สำหรับย้ายไปปลูกในที่อื่น ว่า กล้า เช่น กล้าพริก กล้ามะเขือ."
กล้า 1,ก.,"ไม่กลัว, ไม่ครั่นคร้าม."
กล้า 2,ว.,"แข็ง เช่น เหล็กกล้า, แรง เช่น เวทนากล้า แดดกล้า."
กลาก 0,น.,"ชื่อโรคผิวหนังอย่างหนึ่ง มีหลายชนิด เกิดจากเชื้อรา ขึ้นเป็นวง มีอาการคัน, ขี้กลาก ก็ว่า."
กลากลาด 0,ว.,"มากหลาย, เกลื่อนกล่น, เช่น มากลากลาดกันแดน (ลอ)."
กลาง 0,น.,"ส่วนที่ไม่ค่อนไปข้างใดข้างหนึ่ง, โดยปริยายหมายความว่า ในที่หรือเวลาระหว่าง เช่น กลางฝน กลางทาง"
กลาง 1,น.,"ที่รวม, ที่รวมกิจการงานที่มีสาขาย่อยออกไป, เช่น สำนักงานกลาง ไปรษณีย์กลาง."
กลางเก่ากลางใหม่ 0,ว.,ไม่เก่าไม่ใหม่.
กลางคน 0,ว.,มีอายุพ้นวัยหนุ่มสาว แต่ยังไม่แก่.
กลางคัน 0,ว.,"ในระหว่างเหตุการณ์, ในระหว่างที่ยังไม่เสร็จ."
กลางค่ำ 0,น.,"เวลากลางคืน, ใช้เข้าคู่กับคำ กลางคืน เป็น กลางคํ่ากลางคืน. (ดู คํ่า)."
กลางคืน 0,น.,"ระยะเวลาตั้งแต่ยํ่าคํ่าถึงยํ่ารุ่ง, (กฎ) เวลาระหว่างพระอาทิตย์ตกกับพระอาทิตย์ขึ้น."
กลางแจ้ง 0,น.,นอกร่มไม้ชายคา.
กลางใจมือ 0,น.,กลางฝ่ามือ.
กลางช้าง 0,น.,"ตำแหน่งเจ้าพนักงานประจำปืนใหญ่บนสัปคับที่ตั้งกลางหลังช้าง, ขุนนางซึ่งนั่งประจำที่บนสัปคับที่ตั้งกลางหลังช้างพระที่นั่ง คอยรับพระราชดำรัสสั่งให้สัญญาณแก่ไพร่พลเพื่อให้รุก รับ หรือถอย และส่งศาสตราวุธถวายพระเจ้าอยู่หัวเมื่อประทับตรงคอช้าง."
กลางดิน 0,น.,นอกที่มุงที่บัง เช่น ของตกอยู่กลางดิน.
กลางดึก 0,น.,เวลากลางคืนตอนดึก ประมาณตั้งแต่เที่ยงคืนไป.
กลางเดือน 0,น.,วันเพ็ญหรือวันขึ้น ๑๕ ค่ำของเดือนทางจันทรคติหรือวันที่ ๑๕ ของเดือนทางจันทรคติ เช่น กลางเดือน ๖.
กลางทาสี 0,น.,เรียกหญิงที่มีทุกข์ยาก ชายช่วยไถ่มาเลี้ยงเป็นเมีย ว่า เมียกลางทาสี.
กลางนอก 0,น.,เรียกหญิงที่ชายสู่ขอมาเลี้ยงเป็นอนุภรรยาว่า เมียกลางนอก.
กลางบ้าน 0,ว.,ใช้เรียกยาเกร็ดที่ชาวบ้านเชื่อถือกันเอง ว่า ยากลางบ้าน.
กลางแปลง 0,ว.,ที่แสดงหรือเล่นเป็นต้นในที่แจ้ง เช่น โขนกลางแปลง หนังกลางแปลง คล้องช้างกลางแปลง.
กลางเมือง 0,น.,ประชาชน ในคำว่า ฉ้อกลางเมือง หมายถึง ฉ้อโกงประชาชน
กลางเมือง 1,น.,การรบกันเองในเมือง เรียกว่า ศึกกลางเมือง
กลางเมือง 2,น.,เรียกหญิงที่บิดามารดายินยอมยกให้เป็นภรรยาชาย ว่า เมียกลางเมือง. (สามดวง)
กลางเมือง 3,น.,"เรียกหญิงที่หาเลี้ยงชีพด้วยการค้าประเวณี ว่า นางกลางเมือง, โสเภณี หญิงโสเภณี นครโสเภณี หญิงนครโสเภณี หรือ หญิงงามเมือง ก็ว่า."
กลางวัน 0,น.,"ระยะเวลาตั้งแต่ยํ่ารุ่งถึงยํ่าคํ่า, ระยะเวลาราว ๆ เที่ยง, เรียกอาหารระหว่างมื้อเช้ากับมื้อเย็น ว่า อาหารกลางวัน."
กลางวี่กลางวัน 0,น.,เวลากลางวัน เช่น อย่าเพิ่งกลับเลย ยังกลางวี่กลางวันอยู่แท้ ๆ.
กลางเวหา 0,น.,บนฟ้า เช่น เครื่องบินรบกันกลางเวหา.
กลางหาว 0,น.,"กลางแจ้ง, นอกชายคา ในความว่า รองนํ้าฝนกลางหาว, บนฟ้า เช่น เครื่องบินรบกันกลางหาว, กลางเวหา ก็ว่า."
กลาด 0,ว.,"ดาษดื่น, ใช้เข้าคู่กับคำ เกลื่อน เป็น เกลื่อนกลาด หรือ กลาดเกลื่อน."
กลาดเกลื่อน 0,ว.,"ดาษดื่น, เรี่ยรายหรือกระจัดกระจายอยู่ทั่วไป, เกลื่อนกลาด ก็ว่า."
กล้าได้กล้าเสีย 0,ว.,"ใจป้ำ, ใจเป็นนักเลง, ไม่กลัวขาดทุน."
กล้านักมักบิ่น 0,ว.,กล้าเกินไปมักจะเป็นอันตราย.
กลาบาต 0,น.,"เทหวัตถุแข็งจากอวกาศตกลงมาสู่ผิวโลก เมื่อเคลื่อนที่ผ่านบรรยากาศสู่ผิวโลก จะลุกไหม้ให้แสงสว่างจ้าเนื่องจากเสียดสีกับอากาศ ถือว่าเป็นลางบอกเหตุร้าย, ผีพุ่งไต้. (กร่อนมาจากคำว่า อุกลาบาต)."
กลาบาต 1,น.,การตามไฟในเวลากลางคืน รายล้อมค่ายหลวงที่พระเจ้าอยู่หัวประทับแรมคืน เพื่อรักษาความปลอดภัย เป็นหน้าที่เจ้าพนักงานฝ่ายกลาโหม ในกำกับของพันทนายคบหอก เช่น เกณฑ์นั่งริ้วกลาบาต ใส่เสื้อ หมวก ถือปืนคาบศิลา ตั้งอยู่หน้าพระที่นั่งเย็น (หมายรับสั่งเรื่องต้อนรับแขกเมืองโปรตุเกส พ.ศ. ๒๓๒๙)
กลาบาต 2,น.,กองเพลิงในค่ายทหารสมัยโบราณ เพื่ออาศัยแสงไฟนั่งยามรักษาการณ์
กลาบาต 3,น.,เจ้าพนักงานถือคบนั่งรายทางรักษาการณ์ เช่น ฝ่ายทหารเกณฑ์ พันทนาย ตำรวจเลวและไพร่เลกหลวง ไพร่สมกำลัง ยืนรักษาประตู ริมถนน และนั่งริ้วกลาบาต (หมายรับสั่งเรื่องต้อนรับแขกเมืองโปรตุเกส พ.ศ. ๒๓๒๙).
กลาป 0,น.,"หมวด เช่น รูปที่เกิดจากจิตเป็นสมุฏฐาน มี ๖ กลาป (ปรมัตถธรรมสังเขป จิตตสังเขป และภาคผนวก), ฟ่อน, กำ, มัด"
กลาป 1,น.,ฝูงใหญ่.
กล้าม 0,น.,มัดเนื้อที่รวมกันเป็นก้อน ๆ ในกายคนและสัตว์ เรียกว่า กล้ามเนื้อ
กล้าม 1,น.,เนื้อมะพร้าวห้าว.
กลาย 0,ก.,"เปลี่ยนไป, แปรปรวนไป, เช่น หน้าหนาวกลายเป็นหน้าร้อน, เป็นอื่นไป, แปลงไป, เช่น ศรกลายเป็นทิพย์กระยาหาร เปรี้ยวหวานตกลงตรงหน้า (รามเกียรติ์ ร. ๒), (โบ"
กลาย 1,ก.,"กลอน) ใช้ในความว่า กราย ก็มี เช่น ไปกลายบ๋านชองตนกดี (จารึกสยาม), จักเจริญสวัสดิภาพศักดิศรี ศัตรูไพรี บห่อนจะใกล้กลายตน (โชค-โบราณ)."
กลาย 2,ว.,ที่แปลงไป เช่น แผลกลาย
กลาย 3,ว.,เรียกปีที่ล่วงหรือเปลี่ยนไปแล้วปีหนึ่ง ว่า ปีกลาย.
กล้าย 0,น.,"ชื่อกล้วยลูกผสมพันธุ์หนึ่งในสกุล Musa วงศ์ Musaceae ผลใหญ่โค้ง เป็นเหลี่ยมและยาวกว่ากล้วยหอม เปลือกหนา เนื้อเหนียว ไส้แข็งสีส้ม รสหวาน นิยมกินเมื่อทำให้สุกแล้ว, กล้วยกล้าย ก็เรียก."
กลาย ๆ 0,ว.,ในทำนองนั้น เช่น พูดแบบนี้เป็นการตำหนิกลาย ๆ.
กลายกลอก 0,?,ดู กระลายกระหลอก.
กล่าว 0,ก.,"บอก, แจ้ง, พูด, เช่น กล่าวคำเท็จ"
กล่าว 1,ก.,แสดง เช่น กล่าวเกลาอรรถเอมอร (ม. คำหลวง ทานกัณฑ์)
กล่าว 2,ก.,ขับร้อง เช่น จะกล่าวกลอนแก้ไข (อิเหนา)
กล่าว 3,ก.,สู่ขอ เช่น ถึงจรกามากล่าวนางไว้ (อิเหนา)
กล่าว 4,ก.,"แต่งงาน เช่น ฝรั่งกล่าวแหม่ม. (ประเพณีของชาวคริสเตียน), คำนี้ใช้เป็นปรกติในภาษาเขียน แต่ใช้เป็นภาษาพูดก็มีในบางลักษณะ เช่น กล่าวสุนทรพจน์."
กล่าวเกลี้ยง 0,ก.,พูดเพราะ เช่น กล่าวเกลี้ยงไมตรีชวนชัก (เสือโค).
กล่าวขวัญ 0,ก.,"พูดถึง, พูดออกชื่อและการกระทำของคนอื่น."
กล่าวขาน 0,ก.,เล่ากันมา เช่น ผู้คนกล่าวขานเรื่องกล้วยออกปลีที่โคนต้น.
กล่าวถาม 0,ก.,สู่ขอ เช่น ในขันหมากท่านให้เอาขันหมากตั้งไหม ขันหมากกล่าวถามนั้น ๑๑ ขัน (สามดวง).
กล่าวโทษ 0,ก.,แจ้งว่ากระทำผิด.
กล่าวบท 0,ก.,เล่าเรื่อง เช่น มาจะกล่าวบทไป.
กล่าวร้าย 0,ก.,"พูดถึงในเชิงร้าย, ให้ร้าย."
กล่าวหา 0,ก.,"ฟ้อง, กล่าวโทษ."
กล่าวโอม 0,ก.,สู่ขอ.
กลาโหม 0,น.,"ชื่อกรมฝ่ายทหารในสมัยโบราณ คือ กรมพระกลาโหม, ชื่อมหาเสนาบดีฝ่ายทหารในสมัยโบราณ ดำรงฐานะเป็นสมุหพระกลาโหม"
กลาโหม 1,น.,ชื่อกระทรวงที่มีอำนาจหน้าที่เกี่ยวกับการป้องกันและรักษาความมั่นคงของราชอาณาจักรจากภัยคุกคามทั้งภายนอกและภายในประเทศ
กลาโหม 2,น.,การชุมนุมพลรบ.
กล้ำ 0,ก.,"ควบ เช่น กลํ้าอักษร อักษรกลํ้า, ทำให้เข้ากัน, กลืนกัน, เช่น กลํ้าเสียง เสียงกลํ้า, กล้ำกลืน, ฝืนใจ, เช่น กัลยาจะกลํ้าอำความตาย (อิเหนา)."
กล่ำ 0,น.,ชื่อมาตราชั่งของโทยโบราณ ๒ กล่อม เป็น ๑ กลํ่า ๒ กลํ่า เป็น ๑ ไพ.
กล่ำ 1,น.,"ที่ล่อปลาให้เข้าไปอยู่ ใช้ไม้ปักตามชายฝั่งลำแม่นํ้า ให้มีลักษณะกลมบ้างรีบ้าง เมื่อเวลาจะจับก็เอาเฝือกหรืออวนล้อม แล้วเอาไม้นั้นออก, เขียนเป็น กลํ่า ก็มี."
กล้ำกระเลือก 0,ก.,กลอกไปกลอกมา.
กล้ำกราย 0,ก.,"เข้าไปปะปน, ล่วงเข้าไป."
กล้ำกลืน 0,ก.,"ฝืนใจ, อดกลั้นไม่แสดงให้เห็น."
กล้ำแกล่ 0,ก.,"กลืน, กิน, เช่น คือดั่งปากเว้นกลํ้า แกล่เหมี้ยงหมากพลู (โลกนิติ)."
กลิ่ง 0,ก.,เลือกสรร เช่น อันว่าพระพรใดทงงผองสิบสิ่ง แลพี่แกล้งกลิ่งให้แล้ว (ม. คำหลวง ทศพร).
กลิ้ง 0,ก.,"อาการอย่างของกลมพลิกเลื่อนไปตามพื้น เช่น ซุงกลิ้ง ครกกลิ้ง ลูกหินกลิ้ง, ทำให้ของกลมพลิกเลื่อนไปตามพื้น เช่น กลิ้งครก กลิ้งซุง กลิ้งลูกหิน"
กลิ้ง 1,ก.,"โดยปริยายหมายความว่า พลิกแพลงเอาตัวรอด, จับไม่ติด, เช่น คนคนนี้กลิ้งได้รอบตัว."
กลิ้ง 2,น.,"ร่ม เช่น เมลืองมล่านกลิ้งเพรื้อม เพรอศพราย (ยวนพ่าย), กลึ้ง ก็ว่า."
กลิ้งกลอก 0,ก.,"กลับไปกลับมาเอาแน่ไม่ได้, กลอกกลิ้ง ก็ว่า."
กลิ้งกลางดง 0,น.,"ชื่อไม้เถาชนิด Dioscorea bulbiferaL. ในวงศ์ Dioscoreaceae ตามง่ามใบมีหัวกลมขรุขระ, ว่านพระฉิม ก็เรียก."
กลิ้งเกลือก 0,ก.,"พยายามช่วยตัวเองเท่าที่จะทำได้ เช่น ยากจนก็กลิ้งเกลือกไปตามบุญตามกรรมไม่ขอพึ่งใคร, เกลือกกลิ้ง ก็ว่า."
กลิงค์ 0,น.,"เรียกชาวอินเดียใต้พวกหนึ่งที่มีผิวดำ ว่า แขกกลิงค์, กลึงค์ หรือ กะเล็ง ก็ว่า."
กลิ้งเป็นลูกมะนาว 0,ว.,หลบหลีกไปได้คล่องจนจับไม่ติด (มักใช้ในทางไม่ดี).
กลิ้งเป็นลูกมะนาว 1,ว.,"หลบหลีกไปได้คล่องจนจับไม่ติด (มักใช้ในทางไม่ดี), กลมเป็นลูกมะนาว ก็ว่า."
กลิ่น 0,น.,"สิ่งที่รู้ได้ด้วยจมูก คือ เหม็น หอม และอื่น ๆ, บางทีใช้หมายความว่า เหม็น เช่น แกงหม้อนี้เริ่มมีกลิ่น, โดยปริยายหมายความว่า ลักษณะไม่น่าไว้วางใจ เช่น เรื่องนี้ชักมีกลิ่น การประมูลครั้งนี้เริ่มส่งกลิ่น."
กลิ่น 1,น.,"ชื่อพวงดอกไม้ร้อยมีรูปแบนประกอบด้วยอุบะ, ถ้าทำให้ผูกแขวนควํ่าลงมา เรียกว่า กลิ่นควํ่า, ถ้าทำให้ผูกแขวนตะแคง เรียกว่า กลิ่นตะแคง."
กลิ่นอาย 0,น.,กลิ่น.
กลิ้ม 0,ก.,"เล็มหน้าผ้า, เย็บหน้าผ้าให้เป็นตะเข็บเพื่อมิให้ชายผ้าหลุดออก."
กลี 0,น.,"สิ่งร้าย, โทษ"
กลี 1,น.,เรียกโรคห่าที่เป็นแก่สัตว์เลี้ยงเช่นเป็ด ไก่ วัว ควาย
กลี 2,น.,ด้านของลูกสกาที่มีแต้มเดียว คือมีแต่ทางแพ้
กลี 3,น.,ชื่อผีร้ายหรือผีการพนันตามคติของพราหมณ์.
กลี 4,ว.,"ชั่วร้าย, ไม่เป็นมงคล, มักใช้ว่า กาลี."
กลี่ 0,น.,ภาชนะขนาดเล็กสำหรับใส่หมากบุหรี่ โดยมากมีรูปสี่เหลี่ยมผืนผ้า มีฝาสวมเข้ากับลิ้นข้างใน.
กลีบ 0,น.,"ส่วนของสิ่งเช่นดอกไม้ ผลไม้ที่เรียงชิดกันหรือซ้อนกัน เช่น กลีบดอก กลีบมะเฟือง กลีบกระเทียม, ใช้เรียกของอื่นที่มีลักษณะเช่นนั้น เช่น กลีบตา กลีบผ้า กลีบเมฆ"
กลีบ 1,น.,ลักษณนามของสิ่งที่เป็นกลีบ เช่น กระเทียม ๒ กลีบ.
กลีบขนุน 0,น.,"องค์ประกอบของพระปรางค์ อยู่เหนือครรภธาตุ ประดับตรงมุมบนชั้นรัดประคดแต่ละชั้นเรียงขึ้นไป, กลีบขนุน ก็เรียก."
กลีบเดียวกระเทียมโทน 0,น.,"ตัวคนเดียวแต่เก่งกล้าสามารถ, มักใช้เข้าคู่กับ หัวเดียวกระเทียมลีบ เป็น หัวเดียวกระเทียมลีบ กลีบเดียวกระเทียมโทน."
กลีบตา 0,น.,ส่วนที่เป็นรอยพับของเปลือกตา.
กลีบบัว 0,น.,เรียกพานที่ริมปากทำเป็นรูปกลีบบัวโดยรอบ ว่า พานกลีบบัว.
กลีบมะเฟือง 0,น.,ชื่อเรียกกระเพาะอาหารกระเพาะที่ ๔ ของสัตว์เคี้ยวเอื้องเช่นวัวควาย เยื่อบุภายในมีลักษณะเป็นกลีบห่าง ๆ คล้ายกลีบมะเฟือง.
กลีบลำดวน 0,น.,"ชื่อขนมชนิดหนึ่ง ทำด้วยแป้งสาลีเคล้าน้ำตาลกับน้ำมัน ปั้นเป็นดอก ๓ กลีบอย่างดอกลำดวน แล้วอบหรือผิง, ดอกลำดวน ก็เรียก"
กลีบลำดวน 1,น.,ชื่อหมวกแบบโบราณอย่างหนึ่ง มีรูปร่างคล้ายโอคว่ำ ทำด้วยผ้า ริมหมวกประดับด้วยผ้าตัดเย็บเป็นกลีบคล้ายกลีบดอกลำดวนโดยรอบ บนยอดหมวกติดลูกกลมคล้ายลูกแก้วหุ้มผ้า พื้นหมวกมีทั้งสีแดงและสีเขียว สำหรับพนักงานกรมกลองชนะสวมสำหรับงานราชพิธี เรียกว่า หมวกกลีบลำดวน.
กลีบสละ 0,น.,ชื่อขนมชนิดหนึ่ง คล้ายขนมผิง ทำด้วยแป้ง ไข่ น้ำตาลทราย ลักษณะยาวรีเหมือนกลีบผลสละ.
กลีบหิน 0,น.,แร่ไมกา. (ดู ไมกา).
กลียุค 0,น.,"ชื่อยุคที่ ๔ ของจตุรยุคตามคติของพราหมณ์ ในยุคนี้ธรรมะของมนุษย์ลดลงเหลือเพียง ๑ ใน ๔ ส่วน เมื่อเทียบกับในสมัยกฤดายุค และอายุของมนุษย์ก็สั้นลงโดยไม่มีกำหนดเวลาแน่นอน (ดู จตุรยุค),ช่วงเวลาที่มีแต่ความรุนแรงเลวร้ายเกิดขึ้น ."
กลียุคศักราช 0,น.,ศักราชที่เริ่มตั้งก่อนพุทธศักราช ๒๕๕๘ ปี (กลียุคศักราชลบด้วย ๒๕๕๘ เท่ากับพุทธศักราช).
กลึง 0,ก.,ทำให้เป็นรูปทรงกลม รูปทรงกระบอก หรือรูปทรงต่าง ๆ โดยทำให้วัตถุที่จะกลึงนั้นหมุนรอบตัว แล้วสกัดด้วยสิ่วเอาส่วนย่อยออกให้คงไว้แต่รูปทรงที่ต้องการ.
กลึ้ง 0,น.,กลิ้ง คือ ร่ม เช่น พระภาคยไกรกลึ้งก้งง แผ่นผงร (ยวนพ่าย).
กลึงกล่อม 0,น.,ชื่อไม้พุ่มกึ่งไม้ต้นชนิด Polyalthia suberosa (Roxb.) Thwaites ในวงศ์ Annonaceae ใบเดี่ยว เรียงสลับ ดอกเดี่ยว กลีบเลี้ยงด้านบนมีขน กลีบดอกสีเหลืองคล้ำ ผลเป็นกลุ่ม เมื่อสุกสีแดง.
กลึงเกลา 0,ว.,"งามเกลี้ยงเกลา, เกลากลึง ก็ว่า."
กลึงค์ 0,น.,แขกกลิงค์. (ดู กลิงค์).
กลืน 0,ก.,"อาการที่ทำให้อาหารหรือสิ่งอื่น ๆ ที่อยู่ในปากล่วงลำคอลงไป, โดยปริยายใช้หมายถึงอาการที่มีลักษณะคล้ายคลึงเช่นนั้น ก็ใช้ว่า กลืน ได้ ในความหมายเช่นทำให้หายหรือให้สูญไป เช่น ถูกกลืนชาติ, อดกลั้นไม่สำแดงให้ปรากฏออกมา เช่น กลืนทุกข์ กลืนโศก, ประสานกันหรือเข้ากันได้สนิทดี เช่น สีกลืนกัน."
กลืนน้ำลายตัวเอง 0,ก.,พูดไว้อย่างหนึ่งแล้วกลับพูดแย้งคำที่พูดไว้เดิม เช่น เขาบอกว่าจะลงโทษคนที่ทุจริต พอลูกน้องตนเองทุจริตกลับกลืนน้ำลายตัวเองออกมาปกป้องลูกน้อง.
กลืนไม่เข้าคายไม่ออก 0,ก.,อาการที่รู้สึกพะอืดพะอมไม่รู้จะเลือกอย่างไรดี.
กลืนไม่ลง 0,ก.,รับไม่ได้.
กลืนเลือด 0,ก.,กล้ำกลืนความเจ็บแค้นอย่างแสนสาหัส เช่น แม้จะแค้นหัวหน้าพวกเขาก็ยอมกลืนเลือด เพราะยังต้องพึ่งพาหัวหน้าคนนี้อยู่.
กลุ่ม 0,น.,คน สัตว์ หรือสิ่งต่าง ๆ ที่รวมกันเป็นหมู่ ๆ หรือเป็นกลุ่มก้อน เช่น กลุ่มคน กลุ่มดาว กลุ่มด้าย
กลุ่ม 1,น.,อาการที่เข้ามารวมกันเช่นนี้ เรียกว่า จับกลุ่ม
กลุ่ม 2,น.,ลักษณนามเรียกของที่เป็นกลุ่ม เช่น ด้าย ๓ กลุ่ม แบ่งนักเรียนเป็น ๕ กลุ่ม กลุ่มละ ๓ คน.
กลุ้ม 0,ก.,ปกคลุมอยู่ทำให้มืดคลุ้ม เช่น ควันกลุ้ม หมอกกลุ้ม.
กลุ้ม 1,ว.,"ชุลมุน, ขวักไขว่, เช่น วิ่งกันให้กลุ้ม, ประดังกัน ในคำว่า พูดกันให้กลุ้ม."
กลุ้ม 2,ก.,รู้สึกอัดอั้นยุ่งใจ เช่น คิดไม่ออกกลุ้มเหลือเกิน.
กลุ้มรุม 0,ก.,ประดังห้อมล้อมเข้ามา.
กลุ้มอกกลุ้มใจ 0,ก.,รู้สึกกังวลเป็นทุกข์หรือยุ่งยากใจ.
กลู่ 0,ก.,"เกลื่อน, ใช้เข้าคู่กับคำ กลาด เป็น กลู่กลาด เช่น ดอกไม้อันบานโรยโกยกลู่กลาดคือลาญใน (ม. คำหลวง จุลพน)."
กลูโคส 0,น.,"นํ้าตาลชนิดหนึ่งประเภทโมโนแซ็กคาไรด์ ชนิดแอลโดเฮ็กโซส มีรสหวานน้อยกว่านํ้าตาลทราย ลักษณะเป็นของแข็งสีขาว หลอมละลายที่ ๑๔๖ °ซ. มีในนํ้าผึ้ง และผลไม้ที่มีรสหวาน เป็นองค์ประกอบปรกติในเลือด และมีในปัสสาวะของผู้ป่วยเป็นโรคเบาหวาน, เดกซ์โทรส ก็เรียก."
กลูน์ 0,ก.,กรุณา เช่น ทุษฐโจรรันทำ กรรมแก่บดีสูร ยศใดบกลูน และมาลักอัครขรรค์ (สมุทรโฆษ).
กลูน์ 1,ว.,น่าสงสาร เช่น สลดกลูน์ลุงทรวง (สุธน).
กลูน 0,ก.,กรุณา เช่น ทุษฐโจรรันทำ กรรมแก่บดีสูร ยศใดบกลูน และมาลักอัครขรรค์ (สมุทรโฆษ).
กลูน 1,ว.,น่าสงสาร เช่น สลดกลูน์ลุงทรวง (สุธน).
กเลวระ 0,น.,"ซากศพ เช่น ถึงกระนั้นก็จะพบพานซึ่งกเลวระร่าง มิเลือดก็เนื้อจะเหลืออยู่บ้างสักสิ่งอัน (ม. ร่ายยาว มัทรี), บางทีใช้ว่า กเฬวราก หรือ กเฬวรากซากศพ ก็มี."
กวด 0,ก.,"ทำให้แน่น ให้ตึง หรือให้เขม็งยิ่งขึ้น เช่น กวดเชือก กวดผ้าปู, ทำให้เรียบและแนบสนิทเป็นเนื้อเดียวกัน เช่น กวดตะปู, เร่งเพื่อให้ทัน เช่น วิ่งกวด."
กวด 1,น.,เหล็กเครื่องมือสำหรับกวดเลี่ยมขอบภาชนะ เรียกว่า เหล็กกวด.
กวดขัน 0,ว.,"เอาจริงเอาจัง, เร่งรัดให้ยิ่งขึ้น."
กวดวิชา 0,ก.,เรียนเสริมหรือเพิ่มเติมเพื่อให้ทันหรือมีความรู้ดียิ่งขึ้น.
ก๊วน 0,น.,กลุ่มคนที่สนิทสนมและร่วมทำกิจกรรมเดียวกันเป็นประจำ เช่น เขาสนิทกับรัฐมนตรีคนนี้เพราะเล่นกอล์ฟก๊วนเดียวกัน
ก๊วน 1,น.,กลุ่มคนที่มักก่อความวุ่นวาย เช่น ก๊วนมอเตอร์ไซค์ซิ่ง ก๊วนกวนเมือง.
กวน 0,ก.,"รบกวนทำให้เกิดความรำคาญ เช่น กวนใจ, ก่อกวนทำให้วุ่นวาย เช่น กวนบ้านกวนเมือง, ชวนให้เกิดความรำคาญ ชวนให้ทำร้าย เช่น กวนมือ กวนตีน."
กวน 1,ก.,"คนให้ทั่วกันหรือให้วนไปโดยรอบ เช่น กวนนํ้า, คนให้เข้ากัน, เคี่ยวและคนให้เข้ากันจนข้น, เช่น กวนขนม กวนกาละแม."
กวน 2,น.,เรียกของกินที่ทำด้วยผลไม้เป็นต้น เคี่ยวกับนํ้าตาลแล้วคนให้เข้ากันจนข้น เช่น ขนมกวน ทุเรียนกวน สับปะรดกวน.
กวน 3,น.,"กวาน, ชื่อตำแหน่งขุนนางในภาคอีสานสมัยโบราณ แต่ชาวอีสานบางถิ่นออกเสียงเป็น กวน เช่น บ้านเมืองข้อนขุนกวน ยาดไพร่."
กวนน้ำให้ขุ่น 0,ก.,ทำเรื่องราวที่สงบอยู่แล้วให้เกิดเป็นปัญหาขึ้นมา.
กวม 0,ก.,ครอบงำ เช่น มืดมนกวมกลุ้ม
กวม 1,ก.,"กรวม, สวม, ครอบ."
กวย 0,น.,ตะกร้า.
กวย 1,น.,ชาติข่า ในตระกูลมอญ-เขมร.
กวยจั๊บ 0,น.,ชื่อของกินชนิดหนึ่ง ทำด้วยแป้งข้าวเจ้าหั่นเป็นชิ้นใหญ่ ๆ ต้มสุกแล้วปรุงด้วยเครื่องมีเครื่องในหมูเป็นต้น.
กวยจี๊ 0,น.,เมล็ดแตงโมต้มแล้วตากให้แห้ง ใช้ขบเคี้ยว.
ก๊วยเตี๋ยว 0,น.,ชื่อของกินชนิดหนึ่ง ทำด้วยแป้งข้าวเจ้าเป็นเส้น ๆ ถ้าลวกสุกแล้วปรุงด้วยเครื่องมีหมูเป็นต้น เรียกว่า ก๋วยเตี๋ยวแห้ง ถ้าใส่น้ำซุป เรียกว่า ก๋วยเตี๋ยวน้ำ ถ้านำเส้นมาผัด เรียกว่า ก๋วยเตี๋ยวผัด.
ก๋วยเตี๋ยว 0,น.,ชื่อของกินชนิดหนึ่ง ทำด้วยแป้งข้าวเจ้าเป็นเส้น ๆ ถ้าลวกสุกแล้วปรุงด้วยเครื่องมีหมูเป็นต้น เรียกว่า ก๋วยเตี๋ยวแห้ง ถ้าใส่น้ำซุป เรียกว่า ก๋วยเตี๋ยวน้ำ ถ้านำเส้นมาผัด เรียกว่า ก๋วยเตี๋ยวผัด.
ก๋วยเตี๋ยวถังแตก 0,น.,ชื่อก๋วยเตี๋ยวชนิดหนึ่ง มีแต่เส้นผัดกับผัก ราคาถูก.
กวะกวัก 0,ก.,กวัก เช่น กวะกวักคือกวักทักถาม (สรรพสิทธิ์).
กวะกวัก 1,ว.,"กวัก ๆ, เป็นเสียงนกกวักร้อง, เช่น นกกวักลักแลเพื่อนพลาง กวักปีกกวักหาง ก็ร้องกวะกวักทักทาย (สมุทรโฆษ)."
กวะแกว่ง 0,ก.,แกว่งไปมา เช่น ช่อช้อยกวะแกว่งไกว (ม. คำหลวง จุลพน).
กวัก 0,น.,ชื่อนกขนาดกลางชนิด Amaurornis phoenicurus (Pennant) ในวงศ์ Rallidae ลำตัวสั้น รูปร่างป้อม ขาและนิ้วยาว หน้าผากและด้านล่างลำตัวสีขาว อาศัยอยู่ตามหนองนํ้า เดินหากินบนพื้นดินหรือบนใบพืชนํ้า เช่น บัว จอก แหน ขณะเดินหางมักกระดกขึ้นกระดกลง ในตอนเช้าหรือพลบคํ่าร้องเสียงดัง “กวัก ๆ ”.
กวัก 1,ก.,"ใช้มือทำอาการเพื่อเป็นสัญญาณให้เข้ามาหาเรียกว่า กวักมือ, อาการที่นกใช้ปีกพุ้ยอากาศบินไป เรียกว่า นกกวักปีก."
กวัด 0,ก.,"จับด้ามวัตถุแล้วปัดไปมา, ใช้เข้าคู่กับคำ แกว่ง เป็น กวัดแกว่ง หรือ แกว่งกวัด หรือใช้เข้าคู่กับคำ ไกว เป็น กวัดไกว."
กวัดแกว่ง 0,ก.,"จับด้ามวัตถุแล้วปัดไปมา เช่น กวัดแกว่งอาวุธ, ไม่อยู่ที่ เช่น จิตกวัดแกว่ง, แกว่งกวัด ก็ว่า."
กวัดไกว 0,ก.,"วัดเหวี่ยงไปมา, ไม่อยู่ที่, เช่น ใบไม้ต้องลมกวัดไกวไปมา."
กวัดไกวไสส่ง 0,ก.,ทำให้พ้น.
กว่า 0,ว.,เกิน เช่น กว่าสิบบาท ร้อยกว่า
กว่า 1,ว.,เป็นคำใช้เปรียบเทียบแสดงความยิ่งหรือหย่อนต่อ เช่น มากกว่า น้อยกว่า ดีกว่า.
กว่า 2,บ.,"เลยไป, พ้นไป."
กว่า 3,สัน.,"ก่อน, ยังไม่ทัน, เช่น กว่าถั่วจะสุกงาก็ไหม้, มักใช้เข้าคู่กับคำ จะ...ก็ เป็น กว่าจะ...ก็ หรือ กว่า...จะ...ก็, โบราณใช้ว่า ยิ่ง ก็มี เช่น ใจกว่าห้วงอรรณพ (ม. คำหลวง นครกัณฑ์)."
กว่า 4,ก.,"ไปจาก เช่น แทบทางที่จะกว่า (ม. คำหลวง จุลพน), ผิออกนางธจะกว่า (ม. คำหลวง กุมาร), ไป เช่น ลํ๋ตายหายกว่า (จารึกสยาม)."
กว่าง 0,น.,ชื่อแมลงพวกด้วงหลายชนิดหลายสกุล ในวงศ์ Scarabaeidae ตัวผู้มีเขาที่หลังอก ตัวเมียไม่มีเขา เช่น ชนิด Xylotrupes gideon Linn. ตัวผู้ที่มีขนาดใหญ่เรียกว่า กว่างโซ้งหรือกว่างชน มีเขาที่หลังอกยื่นยาวเป็นจะงอยเรียวไปทางด้านหน้าและโค้งลง ตรงปลายเป็น ๒ แฉก กับที่หัวมีเขาเล็กยื่นออกไปเป็นเขาเดี่ยว โค้งขึ้นคล้ายนอแรด แต่ปลายแยกเป็น ๒ แฉก ตัวผู้ที่มีขนาดย่อมมีเขาสั้นเรียก กว่างกิหรือกว่างแซม ตัวเมียไม่มีเขาเรียก กว่างแม่หรือกว่างอีลุ่ม.
กว้าง 0,น.,ด้านสั้นที่คู่กับด้านยาว.
กว้าง 1,ว.,"ไม่แคบ, แผ่ออกไป."
กวาง 0,น.,ชื่อสัตว์เลี้ยงลูกด้วยนมในวงศ์ Cervidae เป็นสัตว์เคี้ยวเอื้องกีบคู่ มีหลายชนิด รูปร่างลำตัวเพรียว คอยาว ขายาว หางสั้น ตัวเมียเล็กกว่าตัวผู้ ผลัดเขาปีละครั้ง ชนิดที่พบทั้งตัวผู้และตัวเมียมีเขา ได้แก่ กวางเรนเดียร์ [ Rangifer tarandus (Linn.)] ชนิดที่ตัวเมียไม่มีเขา ได้แก่ กวางป่าหรือกวางม้า ( Cervus unicolor Kerr) ส่วนพวกที่ตัวผู้และตัวเมียไม่มีเขา ได้แก่ กวางชะมด (Moschus spp.) และกวางวอเตอร์เดียร์ ( Hydropotes inermis Swinhoe).
กวาง 1,น.,"ชื่อปลางัวบางชนิดในวงศ์ Triacanthidae, Monacanthidae และ Balistidae. (ดู งัว ๔ ประกอบ)."
กวาง 2,น.,ปลาม้า. (ดู ม้า ๓).
กว้างขวาง 0,ก.,"แผ่ออกไปมาก, ใหญ่โต, เช่น มีเนื้อที่กว้างขวาง"
กว้างขวาง 1,ก.,"เผื่อแผ่ เช่น มีนํ้าใจกว้างขวาง, รู้จักคนมากและมีคนรู้จักมาก เช่น กว้างขวางในสังคม."
กวางเขน 0,น.,นกกางเขน เช่น บ่าวขุนกวางเขนเขจร (สมุทรโฆษ).
กวางแขม 0,น.,"ชื่อกวางชนิด Cervus porcinus Zimmermann ในวงศ์ Cervidae เป็นกวางขนาดกลาง ขนลำตัวสีนํ้าตาลเข้มแต่ตอนล่างสีจางกว่า ตามลำตัวมีจุดขาวจาง ๆ กระจายอยู่ทั่วไป โดยเฉพาะลูกที่เกิดใหม่จุดขาวนี้จะเห็นชัดเจนเช่นเดียวกับลูกกวางดาว ตัวผู้มีเขา ผลัดเขาปีละครั้ง อยู่เป็นฝูงตามทุ่งหญ้า กินหญ้าระบัด ใบไม้ และผลไม้ เป็นสัตว์ป่าคุ้มครองของไทย, กวางแขม กวางทราย หรือ ตามะแน ก็เรียก."
กวางจุก 0,น.,ชื่อกวางในสกุล Muntiacusวงศ์ Cervidae เป็นกวางขนาดเล็ก ขนสีนํ้าตาลอมเหลืองจนถึงนํ้าตาลเข้ม หน้าผากเป็นสันเห็นได้ชัดเจน ตัวผู้มีเขาและเขี้ยว ในประเทศไทยมี ๒ ชนิด คือ อีเก้งหรือฟาน [ M. muntjak (Zimmermann)] และเก้งหม้อ เก้งดำ ฟานดำ หรือกวางจุก [ M. Feae (Tomas & Doria)] ตัวโตกว่าชนิดแรก ขนสีนํ้าตาลแก่เกือบดำ หัวมีขนลักษณะคล้ายจุกสีเหลืองแซมดำ.
กวางโจน 0,น.,ชื่อไม้เถาเนื้อแข็ง ผลกลมรีป้อมขนาดหัวแม่มือ เปลือกคาย เมื่อสุกสีแดงชาด ออกเป็นพวงกระจุก เนื้อบางสีขาวคล้ายสาคู รสเปรี้ยว กินได้ กวางชอบกิน มีตามป่าดอนทั่วไป.
กวางชะมด 0,น.,ชื่อกวางในสกุล Moschus วงศ์ Moschidae เป็นกวางขนาดเล็ก ลำตัวป้อม หัวเล็ก ไม่มีเขา ขนหยาบมีสีแตกต่างกัน ตัวเมียเขี้ยวสั้นมาก ตัวผู้มีเขี้ยวยาวคล้ายใบมีดยื่นพ้นริมฝีปาก และมีต่อมกลิ่นอยู่ระหว่างสะดือกับอวัยวะเพศ ขับสารคล้ายขี้ผึ้งออกมา เรียกว่า ชะมดเชียง ใช้แต่งกลิ่นเครื่องหอมและทำยาได้ มักอาศัยอยู่ตามป่าสนและป่าผลัดใบรกทึบบนภูเขา มี ๔ ชนิด ได้แก่ กวางชะมดไซบีเรีย ( Moschus moschiferus Linn.) กวางชะมดเขาสูง [ M. chrysogaster (Hodgson)] กวางชะมดดำ ( M. Fuscus Li) และกวางชะมดป่า ( M. berezovskii Flerov) ไม่พบในประเทศไทยแต่ที่นำมาเลี้ยงในประเทศไทย ได้แก่ กวางชะมดป่า.
กวางเดินดง 0,น.,ชื่อท่ารำแบบหนึ่ง โดยนิ้วชี้กับนิ้วกลางตั้งขึ้น หักข้อมือขึ้น ส่วนนิ้วหัวแม่มือกดทับปลายนิ้วนางกับนิ้วก้อย
กวางเดินดง 1,น.,ชื่อกลบทอย่างหนึ่ง เช่น อกเอ๋ยอกประหลาดจริงที่นิ่งเฉย โอ้เอ๋ยผิดคิดไม่เห็นจะเป็นเลย เสียดายเอ๋ยที่พี่เคยสงวนงาม (กลบท).
กวางตุ้ง 0,น.,"ชื่อมณฑลหนึ่งในประเทศจีน, ชาวจีนในมณฑลนี้, เรียกภาษาของชาวจีนในมณฑลนี้ ว่า ภาษากวางตุ้ง."
กวางตุ้ง 1,น.,ชื่อผักกาดชนิดหนึ่ง เรียกว่า ผักกาดกวางตุ้ง หรือ ผักกวางตุ้ง. (ดู กาด ๑).
กวางทราย 0,น.,"ชื่อกวางชนิด Cervus porcinus Zimmermann ในวงศ์ Cervidae เป็นกวางขนาดกลาง ขนลำตัวสีนํ้าตาลเข้มแต่ตอนล่างสีจางกว่า ตามลำตัวมีจุดขาวจาง ๆ กระจายอยู่ทั่วไป โดยเฉพาะลูกที่เกิดใหม่จุดขาวนี้จะเห็นชัดเจนเช่นเดียวกับลูกกวางดาว ตัวผู้มีเขา ผลัดเขาปีละครั้ง อยู่เป็นฝูงตามทุ่งหญ้า กินหญ้าระบัด ใบไม้ และผลไม้ เป็นสัตว์ป่าคุ้มครองของไทย, กวางแขม กวางทราย หรือ ตามะแน ก็เรียก."
กวางทอง 0,น.,ชื่อเพลงไทย อัตรา ๒ ชั้น
กวางทอง 1,น.,ชื่อเพลงไทยประเภทเพลงเถา.
กวางป่า 0,น.,"ชื่อกวางชนิด Cervus unicolor Kerr ในวงศ์ Cervidae เป็นชนิดที่ใหญ่ที่สุดในหมู่กวางในประเทศไทย ขนยาวหยาบสีน้ำตาล ตัวผู้มีเขาเป็นแขนงข้างละ ๓ กิ่ง ผลัดเขาปีละครั้ง มักแยกอยู่ตามลำพังยกเว้นฤดูผสมพันธุ์จึงจะรวมกลุ่ม กินใบไม้อ่อน หญ้าอ่อน, กวางม้า ก็เรียก."
กวางผา 0,น.,ชื่อสัตว์เลี้ยงลูกด้วยนมชนิด Naemorhedus goral (Hardwicke) ในวงศ์ Bovidae ลักษณะคล้ายแพะและเลียงผา แต่มีขนาดเล็กกว่า เขาตัวผู้ยาวกว่าตัวเมีย ขนสีเทาหรือน้ำตาลปนเทา มีแถบขนสีดำตลอดแนวสันหลัง อาศัยอยู่บนภูเขาสูงชัน กินพืช เป็นสัตว์ป่าสงวนของไทย.
กวางม้า 0,น.,"ชื่อกวางชนิด Cervus unicolor Kerr ในวงศ์ Cervidae เป็นชนิดที่ใหญ่ที่สุดในหมู่กวางในประเทศไทย ขนยาวหยาบสีน้ำตาล ตัวผู้มีเขาเป็นแขนงข้างละ ๓ กิ่ง ผลัดเขาปีละครั้ง มักแยกอยู่ตามลำพังยกเว้นฤดูผสมพันธุ์จึงจะรวมกลุ่ม กินใบไม้อ่อน หญ้าอ่อน, กวางม้า ก็เรียก."
กว้างใหญ่ 0,ก.,แผ่ออกไปไกล.
กว่าชิ่น 0,ว.,"ไปทั้งสิ้น, ยิ่งนัก, เช่น ข้าเห็นร่มชมพูตรูรัตนพิศาล ตรงตระการกว่าชื่นแล (ม. คำหลวง ทศพร)."
กว่าชื่น 0,ว.,"ไปทั้งสิ้น, ยิ่งนัก, เช่น ข้าเห็นร่มชมพูตรูรัตนพิศาล ตรงตระการกว่าชื่นแล (ม. คำหลวง ทศพร)."
กวาด 0,ก.,"ทำให้เตียนหรือหมดฝุ่นละอองด้วยไม้กวาดเป็นต้น, ทำให้ของเคลื่อนไปในทางเดียวกัน เช่น กวาดของลงจากโต๊ะ, โดยปริยายหมายความว่า เอาไปให้หมดสิ้นเหมือนอย่างกวาด เช่น โจรกวาดทรัพย์สิน คลื่นสึนามิกวาดคนและสิ่งของลงทะเล"
กวาด 1,ก.,เอายากวาดป้ายที่โคนลิ้น เรียกว่า กวาดยา.
กวาด 2,น.,"สิ่งที่ใช้ปัดกวาด ทำด้วยวัสดุต่าง ๆ อย่างก้านใบมะพร้าว ดอกอ่อนของต้นหญ้าบางชนิด เป็นต้น มัดเป็นกำ ๆ เรียกว่า ไม้กวาด, ถ้าทำด้วยก้านใบมะพร้าว เรียกว่า ไม้กวาดทางมะพร้าว."
กวาดต้อน 0,ก.,รวบรวมคนหรือสัตว์พาหนะเป็นต้น ให้เคลื่อนย้ายจากถิ่นเดิม เช่น กวาดต้อนเชลยศึก.
กวาดตา 0,ก.,ส่ายตาดูทั่วไป.
กวาดล้าง 0,ก.,กำจัดให้หมดไป เช่น กวาดล้างอันธพาล กวาดล้างโจรผู้ร้าย.
กว่าถั่วจะสุกงาก็ไหม้ 0,ว.,กว่าจะได้ผลดังประสงค์ ก็ต้องเสียอย่างใดอย่างหนึ่งไป ดุจเอาถั่วกับงามาคั่วพร้อมกัน กว่าจะคั่วจนถั่วสุก งาก็จะไหม้หมดไปก่อน.
กวาน 0,น.,"ขุนนาง เช่น แล้วบัญชาสั่งเสียพวกเพี้ยกวาน ให้ไปเชิญสองท่านแม่ทัพใหญ่ (ขุนช้างขุนแผน), เพลี้ยกว่านบ้านท้าวไข้ ข่าวสยวน (ยวนพ่าย)."
กว่าน 0,น.,"ขุนนาง เช่น แล้วบัญชาสั่งเสียพวกเพี้ยกวาน ให้ไปเชิญสองท่านแม่ทัพใหญ่ (ขุนช้างขุนแผน), เพลี้ยกว่านบ้านท้าวไข้ ข่าวสยวน (ยวนพ่าย)."
กว๊าน 0,น.,บึงขนาดใหญ่.
กว้าน 0,น.,"ตึกแถวชั้นเดียว ส่วนใหญ่เป็นร้านค้า, มักใช้เข้าคู่กับคำ ตึก เป็น ตึกกว้าน เช่น เรือนริมรัถยาฝากระดาน ตึกกว้านบ้านขุนนางนองเนือง (อิเหนา)."
กว้าน 1,น.,เครื่องสำหรับฉุด ดึง และยกของหนัก.
กว้าน 2,ก.,"ฉุดด้วยกว้าน, ขันกว้าน ก็เรียก"
กว้าน 3,ก.,รวบรวมซื้อจากที่ต่าง ๆ มาไว้เป็นจำนวนมาก เช่น กว้านสินค้ามากักตุนไว้ กว้านซื้อที่ดินเพื่อเก็งกำไร.
กว่าเพื่อน 0,ว.,ที่สุดในหมู่ เช่น ดีกว่าเพื่อน เลวกว่าเพื่อน.
กว้าว 0,น.,"ชื่อไม้ต้นชนิด Haldina cordifolia (Roxb.) Ridsdale ในวงศ์ Rubiaceae ขึ้นในป่าเบญจพรรณทั่วไป ลำต้นสูงใหญ่ ใบมนรูปหัวใจ ปลายแหลม ดอกสีเหลือง คล้ายดอกกระทุ่ม แต่เล็กกว่า เนื้อไม้สีเหลือง ละเอียด ใช้ทำฝาบ้าน เครื่องเรือน เครื่องกลึง และเครื่องแกะสลัก, กว้าว ขวาว หรือ คว่าว ก็เรียก."
กวาวเครือ 0,น.,ชื่อไม้พุ่มรอเลื้อยชนิด Pueraria candollei Wall. ex Benth. var. mirifica (Airy Shaw et Suvat) Niyomdham ในวงศ์ Leguminosae ดอกเล็ก สีม่วงอ่อน มีหัวกลม ๆ ออกที่โคนต้นและตามราก ใช้ทำยาได้.
กวิน 0,ว.,ดีงาม เช่น ใครกวินซื่อแท้ ผ่านฟ้าป่าวอวยพร (แช่งนํ้า).
กวี 0,น.,ผู้รู้ผู้เชี่ยวชาญในศิลปะการประพันธ์บทกลอน จำแนกเป็น ๔ คือ ๑. จินตกวี แต่งโดยความนึกคิด ๒. สุตกวี แต่งโดยได้ฟังมา ๓. อรรถกวี แต่งตามความเป็นจริง ๔. ปฏิภาณกวี แต่งโดยฉับพลันทันที.
กวีนิพนธ์ 0,น.,คำประพันธ์ที่กวีแต่งอาจเป็นร้อยแก้วหรือร้อยกรองก็ได้.
กษณะ 0,น.,"ขณะ, ครู่, ครั้ง, คราว."
กษมา 0,น.,"ความอดกลั้น, ความอดโทษ, เช่น พระกษมาเสมอหล้า สี่แดน (ยวนพ่าย)."
กษมา 1,ก.,"กล่าวคำขอโทษ, โดยมากใช้ว่า ษมา."
กษมา 2,น.,แผ่นดิน.
กษัตร 0,น.,"พระเจ้าแผ่นดิน, เจ้านาย."
กษัตรา 0,น.,กษัตริย์ เช่น มีองค์อิสราธิปตัย ทรงนามภูวไนย คือพรหมทัตกษัตรา (กฤษณา).
กษัตราธิราช 0,น.,พระเจ้าแผ่นดินผู้ยิ่งใหญ่กว่ากษัตริย์ทั้งหลาย.
กษัตริย์ 0,น.,พระเจ้าแผ่นดิน
กษัตริย์ 1,น.,คนในวรรณะที่ ๒ แห่งสังคมฮินดู ซึ่งมี ๔ วรรณะ ได้แก่ วรรณะพราหมณ์ วรรณะกษัตริย์ วรรณะแพศย์ และวรรณะศูทร.
กษัตริย- 0,น.,พระเจ้าแผ่นดิน
กษัตริย- 1,น.,คนในวรรณะที่ ๒ แห่งสังคมฮินดู ซึ่งมี ๔ วรรณะ ได้แก่ วรรณะพราหมณ์ วรรณะกษัตริย์ วรรณะแพศย์ และวรรณะศูทร.
กษัตริยชาติ 0,น.,ชาติกษัตริย์ เช่น รู้แน่ว่าเป็นกษัตริยชาติ (ม. ร่ายยาว สักบรรพ).
กษัตริยาธิราช 0,น.,พระเจ้าแผ่นดินผู้ยิ่งใหญ่กว่ากษัตริย์ทั้งหลาย.
กษัตรี 0,น.,กษัตริย์ผู้หญิง เช่น สมเด็จพระแก้วกษัตรี (ม. คำหลวง ทานกัณฑ์)
กษัตรี 1,น.,เจ้าผู้หญิง เช่น สองกษัตรีเจ้าหล้า แกล้วกว่าแกล้วใจกล้า กว่ากล้ากลัวอาย (ลอ).
กษัตรีย์ 0,น.,กษัตริย์ เช่น พินทุทัตกษัตรีย์ (สมุทรโฆษ)
กษัตรีย์ 1,น.,เจ้าผู้หญิง เช่น อันว่าพระมหาสัตว์แลกษัตรีย์ (ม. คำหลวง วนปเวสน์).
กษัตรีศูร 0,น.,กษัตริย์ผู้เป็นใหญ่ เช่น เจ้าไตรภพโลกเมาลีเป็นกษัตรีศูร (ม. คำหลวง นครกัณฑ์).
กษัย 0,น.,"การสิ้นไป, การหมดไป, การเสื่อมไป, การน้อยไป"
กษัย 1,น.,"ชื่อโรคตามตำราแพทย์แผนโบราณว่า ทำให้ร่างกายทรุดโทรม มีอาการผอมแห้งตัวเหลืองเท้าเย็น, เขียนเป็น กระษัย ก็มี."
กษัย- 0,น.,"การสิ้นไป, การหมดไป, การเสื่อมไป, การน้อยไป"
กษัย- 1,น.,"ชื่อโรคตามตำราแพทย์แผนโบราณว่า ทำให้ร่างกายทรุดโทรม มีอาการผอมแห้งตัวเหลืองเท้าเย็น, เขียนเป็น กระษัย ก็มี."
กษัยกล่อน 0,น.,"ชื่อโรคทางตำราแพทย์แผนโบราณว่า ทำให้ร่างกายผอมแห้ง ซึ่งเกิดจากโรคกล่อน, เขียนเป็น กระษัยกล่อน ก็มี."
กษัยน้ำ 0,น.,กษัยเนื่องจากเลือด นํ้าเหลือง หรือเสมหะเป็นพิษ ถ้ารวมทั้ง ๓ ประการ เรียกว่า กษัยเลือด.
กษัยเลือด 0,น.,กษัยเนื่องจากเลือด นํ้าเหลือง และเสมหะเป็นพิษ.
กษาปณ์ 0,น.,"กระษาปณ์, เงินตราที่ทำด้วยโลหะ."
กษิดิ 0,น.,"แผ่นดิน. (ส. กฺษิติ), ในบทกลอนใช้เป็นส่วนหน้าสมาส แปลว่า พระเจ้าแผ่นดิน เช่น กษิดินทรทายทานแล้ว. (ส. กฺษิติ + อินฺทฺร), อนนว่ากษีดิศรสุริยทงงหลาย. (ส. กฺษิติ + อีศฺวร), อนนว่าพระแพศยันดรกษิดิศวร์. (ส. กฺษิติ + อีศฺวร) (ม. คำหลวง ทานกัณฑ์, วนปเวสน์)."
กษีณาศรพ 0,น.,"ขีณาสพ, พระผู้สิ้นอาสวะ, พระอรหันต์, เขียนเป็น กษิณาศรพ กษิณาศรพย และ กษิณาสยพ ก็มี เช่น อันว่าพระโลกยเชษฐาจารย์ ก็มีพุทธโองการพระคาถา ให้กษิณาศรพทงงหลายฟงง ดังนี้ (ม. คำหลวง นครกัณฑ์), อันว่าพระสาศดาบพิตร จะปกาสิตคาถา แก่กษิณาศรพยทงงหลาย ด่งงนี้ (ม. คำหลวง ฉกษัตริย์)."
กษีดิ 0,น.,"แผ่นดิน. (ส. กฺษิติ), ในบทกลอนใช้เป็นส่วนหน้าสมาส แปลว่า พระเจ้าแผ่นดิน เช่น กษิดินทรทายทานแล้ว. (ส. กฺษิติ + อินฺทฺร), อนนว่ากษีดิศรสุริยทงงหลาย. (ส. กฺษิติ + อีศฺวร), อนนว่าพระแพศยันดรกษิดิศวร์. (ส. กฺษิติ + อีศฺวร) (ม. คำหลวง ทานกัณฑ์, วนปเวสน์)."
กษีร- 0,น.,นํ้านม เช่น กษีรสุทธมฤธู (เสือโค).
กษีรธารา 0,น.,สายนํ้านม เช่น ให้เสวยโภชนและกษีรธารา (ม. คำหลวง นครกัณฑ์).
กษีรรส 0,น.,นํ้านม เช่น เปรียบเหมือนกษีรรสคือนํ้านมสดขาวสะอาด (ม. ร่ายยาว สักบรรพ).
กษีระ 0,น.,นํ้านม เช่น กษีรสุทธมฤธู (เสือโค).
กษีรามพุ 0,น.,นํ้านม เช่น ดูดดื่มกษีรามพุ (สมุทรโฆษ).
กษีรามพุ 1,น.,นํ้านม เช่น กษีรสุทธมฤธู (เสือโค).
กษีรารณพ 0,น.,ทะเลนํ้านม.
กษีรารณพ 1,น.,นํ้านม เช่น กษีรสุทธมฤธู (เสือโค).
กสานติ์ 0,ว.,"สงบ, ราบคาบ, เช่น ผ่องนํ้าใจกสานติ์ (เฉลิมพระเกียรติพระนารายณ์). (ก + ป. สนฺติ), กระสานติ์ ก็ใช้."
กสิ 0,น.,"การทำนา, การเพาะปลูก."
กสิ- 0,น.,"การทำนา, การเพาะปลูก."
กสิกร 0,น.,"ผู้ทำไร่ไถนา, ผู้ทำการเพาะปลูก."
กสิกรรม 0,น.,"การทำไร่ไถนา, การเพาะปลูก."
กสิณ 0,น.,"สมถกรรมฐานหมวดหนึ่งที่กำหนดอารมณ์โดยอาศัยธาตุ ๔ คือ ปฐวี (ดิน) อาโป (นํ้า) เตโช (ไฟ) วาโย (ลม), วรรณะ (สี) ๔ คือ นีล (สีเขียวคราม) ปีต (สีเหลือง) โลหิต (สีแดง) โอทาต (สีขาว), อากาศ (ที่ว่าง) และ อาโลก (แสงสว่าง) รวมเป็น ๑๐ อย่าง โดยเลือกอย่างใดอย่างหนึ่งในการกำหนดอารมณ์ให้เหมาะกับจริตของผู้ที่จะเจริญกรรมฐาน."
กหังปายา 0,น.,เกณฑ์สำหรับลบพุทธศักราชเป็นจุลศักราช และบวกจุลศักราชเป็นพุทธศักราช ตรงกับเลข ๑๑๘๑.
กหาปณะ 0,น.,เงินตรามีพิกัดเท่ากับ ๒๐ มาสก.
กเฬวราก 0,น.,"ซากศพ, บางทีใช้เข้าคู่กันเป็น กเฬวรากซากศพ, เขียนเป็น กเฬวราก์ ก็มี เช่น เผากเฬวราก์ผู้อนาถ (มาลัยคำหลวง)."
กอ 0,น.,"กลุ่มของต้นไม้ที่เกิดจากต้นหรือเหง้าเดียวกัน เช่น กอไผ่ กอตะไคร้ กอบัว, พืชที่ขึ้นหรือปลูกเป็นกลุ่ม เช่น กอหญ้า กอกุหลาบ."
ก่อ 0,ก.,ทำให้เกิดขึ้น มีขึ้น หรือเป็นรูปขึ้น เช่น ก่อไฟ ก่อสงคราม ก่อตึก.
ก้อ 0,ว.,แสดงอาการเจ้าชู้อย่างไก่แจ้.
กอ 1,น.,ต้นก่อ. (ดู ก่อ ๒).
ก่อ 1,น.,"ชื่อไม้ต้นหลายชนิดหลายสกุลในวงศ์ Fagaceae บางชนิดผลมีเนื้อในกินได้ รสมัน, ปักษ์ใต้เรียก กอ."
ก้อ 1,น.,"ชนชาวเขาพวกหนึ่ง ในตระกูลทิเบต-พม่า มีอยู่ทางแถบเหนือของประเทศไทย คล้ายพวกมูเซอ, อีก้อ ก็เรียก."
กอ 2,น.,"ชื่อหนอนผีเสื้อกลางคืนหลายชนิด หลายสกุล หลายวงศ์ อันดับ Lepidoptera ซึ่งเจาะกินเข้าไปในลำต้นพืช วงศ์ Gramineae เช่น ข้าว อ้อย ข้าวโพด ทำให้ตายหรือเจริญเติบโตไม่สมบูรณ์ เช่น หนอนกอสีครีม [Scirpophaga incertulas (Walker)] เจาะลำต้นข้าว ทำให้ข้าวไม่ออกรวงหรือเมล็ดลีบ เรียกว่า ข้าวหัวหงอก, หนอนกออ้อย (Chilo infuscatellus Snellen) เจาะลำต้นอ้อย ทั้ง ๒ ชนิดอยู่ในวงศ์ Pyralidae, หนอนกอสีชมพู [Sesamia inferens (Walker)] วงศ์ Noctuidae เจาะลำต้นข้าวโพด."
ก่อ 2,น.,ปลาชะโด. (ดู ชะโด).
ก่อ 3,ว.,งอ ในคำว่า งอก่อ หรือ งอก่องอขิง.
กอก 0,ก.,ดูดเลือด หนอง หรือลมออกจากร่างกาย หรือดูดเอานํ้านมออกจากเต้านม โดยใช้ถ้วย กระบอก ฯลฯ เป็นเครื่องดูด.
ก๊อก 0,น.,"เครื่องเปิดปิดนํ้าจากท่อหรือภาชนะ, หัวก๊อก ก็เรียก."
ก๊อก 1,น.,เรียกเปลือกต้นก่อชนิด Quercus suber L. ในวงศ์ Fagaceae ที่ใช้ทำจุกขวดและอื่น ๆ ว่า ไม้ก๊อก.
ก๊อก ๆ แก็ก ๆ 0,ว.,เล็ก ๆ น้อย ๆ เช่น ตอนนี้ตกงาน ต้องหาอะไรทำก๊อก ๆ แก็ก ๆ ไปก่อน.
ก๊อกแก๊ก 0,น.,เสียงอย่างแก้วหรือโลหะกระทบกันเบา ๆ.
ก่อกรรมทำเข็ญ 0,ก.,ก่อความเดือดร้อนให้.
ก่อกวน 0,ก.,ก่อให้เกิดความรำคาญหรือไม่สงบ.
ก่อการ 0,ก.,ริเริ่มการ.
ก่อการร้าย 0,น.,เป็นฐานความผิดอาญา ที่ผู้กระทำก่อให้เกิดอันตรายอย่างร้ายแรงต่อบุคคล ต่อทรัพย์สินอันเป็นสาธารณะ หรือต่อทรัพย์สินของรัฐหนึ่งรัฐใด หรือของบุคคลใดหรือต่อสิ่งแวดล้อมอันก่อให้เกิดความเสียหายทางเศรษฐกิจอย่างสำคัญ โดยผู้กระทำมุ่งหมายเพื่อขู่เข็ญหรือบังคับรัฐบาลไทย รัฐบาลต่างประเทศ หรือองค์การระหว่างประเทศ ให้กระทำหรือไม่กระทำการใดอันจะก่อให้เกิดความเสียหายอย่างร้ายแรง หรือเพื่อสร้างความปั่นป่วนโดยให้เกิดความหวาดกลัวในหมู่ประชาชน แต่ทั้งนี้ไม่รวมถึงการใช้เสรีภาพตามรัฐธรรมนูญ.
กอแก 0,ก.,เกาะแกะ เช่น อย่ากอแกชาววังหลังจะลาย.
กอง 0,ก.,"ทำให้รวมสุมกันไว้, สุมกันไว้."
กอง 1,น.,สิ่งต่าง ๆ ที่รวมสุมกันไว้ เช่น กองมะม่วง กองขยะ.
ก่อง 0,น.,เครื่องประดับหน้าอก
ก่อง 1,น.,ชื่อแผ่นผ้าที่ปิดอกหญิง คล้ายเต่า ที่หญิงรุ่นสาวใช้.
ก้อง 0,ว.,"ดังมากอย่างเสียงในที่จำกัดเช่นในโบสถ์, ดังไปได้ไกล เช่น เขาตะโกนก้องมาจากที่สูง."
กอง 2,น.,"กำลังพลของทหาร ตำรวจ เป็นต้น จำนวน ๔ หมวด เรียกว่า กองร้อย, เรียกหัวหน้าทหารหรือตำรวจที่มียศร้อยเอก เรือเอก เรืออากาศเอก หรือร้อยตำรวจเอก ว่า ผู้บังคับกองร้อย หรือทั่ว ๆ ไป เรียกว่า ผู้กอง เฉพาะกองร้อยตำรวจเอกนิยมเรียกว่า สารวัตร หรือ ผู้บังคับกอง"
กอง 3,น.,ส่วนราชการที่รองจากกรม.
ก่อง 2,ว.,"สุกใส, สว่าง, งาม."
ก้อง 1,น.,บรรณาการ ในคำว่า จิ้มก้อง.
ก้อง 2,ก.,อ่อนน้อมเจริญพระราชไมตรี เช่น พระเจ้ากรุงไทยแต่งขุนนางไปก้องกรุงปักกิ่ง (ประกาศ ร. ๔).
กอง 4,น.,"ชื่อไม้ต้นขนาดใหญ่ชนิด Terminalia alata Heyne ex Roth ในวงศ์ Combretaceae ขึ้นตามป่าเต็งรัง เปลือกให้นํ้าฝาดสีแดงใช้ย้อมสี ใช้ทำยาได้, กอง ก็เรียก."
ก่อง 3,น.,เครื่องมือจับสัตว์นํ้าชนิดหนึ่ง ใช้ในจังหวัดหนองคาย ทำด้วยตาข่าย ซึ่งด้านหนึ่งติดกับลำไม้ไผ่คล้ายธง ทิ้งชายด้านหนึ่งลงไปในนํ้า มุมหนึ่งถ่วงด้วยหิน และอีกมุมหนึ่งมีเชือกโยงมาบนเรือ ลากติดไปกับเรือ พอรู้ว่าปลาติดตาข่ายก็สาวเชือกขึ้นมา.
กองกลาง 0,น.,สิ่งที่กันไว้เป็นส่วนรวมหรือเป็นสาธารณะ
กองกลาง 1,น.,ตำแหน่งในกีฬาฟุตบอลที่ผู้เล่นมีหน้าที่ประสานงาน สนับสนุนการเล่นระหว่างกองหน้ากับกองหลัง.
กองกอย 0,น.,ผีชนิดหนึ่ง เชื่อกันว่ามีตีนเดียว ไม่มีสะบ้าหัวเข่า จึงต้องเดินเขย่งเกงกอย ชอบออกมาดูดเลือดที่หัวแม่เท้าของคนที่นอนหลับพักแรมในป่า.
กองกูณฑ์ 0,น.,กองไฟที่ใช้ในพิธีบูชาไฟ.
กองเกิน 0,น.,ผู้ขึ้นทะเบียนรับราชการทหาร แต่ทางการยังไม่เรียกเข้ารับราชการ.
กองเกียรติยศ 0,น.,กองทหารหรือตำรวจเป็นต้นที่จัดขึ้นเพื่อให้เป็นเกียรติแก่ประมุขของประเทศ บุคคลสำคัญ ศพทหารตำรวจ หรือสิ่งอื่น ๆ เช่น ธงชัยเฉลิมพล.
กองข้าว 0,น.,พิธีอย่างหนึ่งที่ชาวชนบทห่อข้าวพร้อมด้วยของหวานพากันไปเซ่นผีตามป่าในหน้าแล้ง.
กองโจร 0,น.,หน่วยกำลังที่ทำการรบแบบโจร.
กองทัพ 0,น.,หน่วยทหารที่ประกอบด้วย ทหาร ๓ กองพล และมีทหารหน่วยอื่น ๆ เช่น หน่วยทหารช่าง หน่วยทหารสื่อสาร หน่วยทหารรถถัง หน่วยทหารปืนใหญ่ เป็นส่วนประกอบ มีแม่ทัพเป็นผู้บังคับบัญชา.
กองทัพน้อย 0,น.,หน่วยทหารที่ประกอบด้วยทหารหลายกองพล มีจำนวนไม่แน่นอน เป็นการจัดตั้งขึ้นเฉพาะกิจอย่างใดอย่างหนึ่ง มีแม่ทัพน้อยเป็นผู้บังคับบัญชา.
กองทุน 0,น.,เงินหรือทรัพย์สินที่เอามารวมเป็นก้อนเดียวกันเพื่อวัตถุประสงค์อย่างใดอย่างหนึ่ง เช่น ในการสมรส.
กองทุนบำเหน็จบำนาญข้าราชการ 0,น.,กองทุนที่จัดตั้งขึ้นตามกฎหมายว่าด้วยกองทุนบำเหน็จบำนาญข้าราชการ มีวัตถุประสงค์เพื่อเป็นหลักประกันการจ่ายบำเหน็จบำนาญและให้ประโยชน์ตอบแทนการรับราชการแก่ข้าราชการเมื่อออกจากราชการ เรียกชื่อย่อว่า กบข.
กองทุนประกันสังคม 0,น.,กองทุนที่จัดตั้งขึ้นในสำนักงานประกันสังคม เพื่อเป็นทุนใช้จ่ายให้ผู้ประกันตนได้รับประโยชน์ทดแทน กองทุนนี้มีทรัพย์สินส่วนใหญ่ประกอบด้วยเงินสมทบจากรัฐบาล นายจ้าง และผู้ประกันตน.
กองทุนฟื้นฟู 0,น.,กองทุนเพื่อการฟื้นฟูและพัฒนาระบบสถาบันการเงินตามกฎหมายว่าด้วยธนาคารแห่งประเทศไทย.
กองทุนรวม 0,น.,กองทุนรวมที่จัดตั้งและดำเนินการโดยบริษัทหลักทรัพย์ มีวัตถุประสงค์เพื่อนำเงินไปลงทุนตามโครงการที่ได้รับอนุมัติ.
กองทุนสำรองเลี้ยงชีพ 0,น.,กองทุนที่ลูกจ้างและนายจ้างร่วมกันจัดตั้งขึ้นโดยมีทรัพย์สินส่วนใหญ่ประกอบด้วยเงินที่ลูกจ้างจ่ายสะสม และเงินที่นายจ้างจ่ายสมทบ เพื่อเป็นหลักประกันแก่ลูกจ้างในกรณีที่ลูกจ้างตายหรือออกจากงาน.
กองทุนหมู่บ้าน 0,น.,กองทุนที่จัดตั้งขึ้นในแต่ละหมู่บ้านตามกฎหมายว่าด้วยกองทุนหมู่บ้านและชุมชนเมืองแห่งชาติ เพื่อเป็นแหล่งเงินทุนหมุนเวียนสำหรับประชาชนในหมู่บ้าน กองทุนดังกล่าวถ้าจัดตั้งขึ้นในเขตชุมชนเมือง เรียกว่า กองทุนชุมชนเมือง.
กองทุนอ้อยและน้ำตาลทราย 0,น.,กองทุนที่จัดตั้งขึ้นโดยมีวัตถุประสงค์สำคัญ เพื่อการรักษาเสถียรภาพของอุตสาหกรรมอ้อยและน้ำตาลทรายที่ใช้บริโภคในประเทศ.
กองพล 0,น.,หน่วยทหารซึ่งมีทหารราบ ๓ กรม เป็นหลัก มีทหารหน่วยอื่น ๆ เช่น หน่วยทหารปืนใหญ่ หน่วยทหารรถถัง หน่วยทหารซึ่งมีทหารราบ ทหารขนส่ง หน่วยทหารสารวัตร เป็นส่วนประกอบ มีผู้บัญชาการกองพลเป็นผู้บังคับบัญชา.
กองพะเนิน 0,ว.,สุมกันเป็นกองมากมาย.
กองพะเนินเทินทึก 0,ว.,สุมกันเป็นกองมากมาย.
กองพัน 0,น.,หน่วยทหารซึ่งประกอบด้วยทหาร ๔ กองร้อย มีผู้บังคับกองพันเป็นผู้บังคับบัญชา.
กองฟอน 0,น.,กองขี้เถ้าศพที่เผาแล้ว.
กองมรดก 0,น.,ทรัพย์สินทุกชนิดของผู้ตาย รวมทั้งสิทธิหน้าที่และความรับผิดต่าง ๆ เว้นแต่ตามกฎหมายหรือโดยสภาพแล้วเป็นการเฉพาะตัวของผู้ตายโดยแท้.
กองร้อย 0,น.,หน่วยทหารที่ประกอบด้วยทหาร ๔ หมวด มีผู้บังคับกองร้อยเป็นผู้บังคับบัญชา.
ก้องโลก 0,ว.,มีชื่อเสียงโด่งดังไปทั่วโลก.
กองหน้า 0,น.,"หน่วยหน้า, ตำแหน่งในกีฬาฟุตบอลที่ผู้เล่นมีหน้าที่จู่โจมในการรุกเข้ายิงประตูฝ่ายตรงข้าม."
กองหนุน 0,น.,"ทหารที่ปลดออกจากประจำการหรือที่ปลดจากกองเกินเมื่ออายุครบกำหนด, ทหารที่จัดไว้เพื่อเพิ่มเติมหรือสับเปลี่ยนแนวหน้า."
กองหลัง 0,น.,"หน่วยหลัง, ตำแหน่งในกีฬาฟุตบอลที่ผู้เล่นมีหน้าที่ป้องกันไม่ให้ผู้เล่นฝ่ายตรงข้ามยิงประตูฝ่ายตน."
ก๊อซ 0,น.,เรียกผ้าบาง โปร่ง ที่ใช้ปิดแผลหรือพันแผล ว่า ผ้าก๊อซ.
กอด 0,ก.,"โอบไว้ในวงแขน, โดยปริยายหมายถึงอาการที่มีลักษณะคล้ายคลึงเช่นนั้น."
กอดเก้าอี้ 0,ก.,"ยึดตำแหน่ง, ไม่ยอมละตำแหน่ง, เช่น ไม่ว่างานของเขาจะล้มเหลวและก่อให้เกิดความเสียหายเพียงใด เขาก็กอดเก้าอี้แน่น ไม่ยอมลาออก."
กอดเข่า 0,ก.,อยู่ในที่จำกัดอย่างหงอยเหงา เช่น ฝนตกทั้งวัน ไปไหนไม่ได้ ต้องนั่งกอดเข่าเจ่าจุกอยู่แต่ในบ้าน.
กอดเข่าเจ่าจุก 0,ก.,อยู่ในที่จำกัดอย่างหงอยเหงา เช่น ฝนตกทั้งวัน ไปไหนไม่ได้ ต้องนั่งกอดเข่าเจ่าจุกอยู่แต่ในบ้าน.
กอดแข้งกอดขา 0,ก.,ประจบประแจง.
กอดคอกันตาย 0,ก.,ไม่ทอดทิ้งกัน.
กอดอก 0,ก.,เอาแขนประสานกันไว้ที่อก.
ก่อตั้ง 0,ก.,"จัดตั้งขึ้น, ริเริ่มตั้งขึ้น."
ก่อตัว 0,ก.,รวมตัว เช่น เมฆก่อตัว พายุดีเปรสชันก่อตัวขึ้นในทะเลจีนใต้.
ก่อน 0,ว.,"ใช้บอกลำดับเวลา หมายความว่า เดิม เช่น แต่ก่อนที่ผ่านมา วันก่อน เดือนก่อน, ลำดับแรก เช่น ก่อนอื่น หยุดก่อน รอก่อน."
ก่อน 1,บ.,ใช้นำหน้าคำนามบอกเวลาหรือสถานที่ หมายความว่า ยังไม่ถึงเวลานั้นหรือสถานที่นั้น เช่น คุณต้องมาก่อนเที่ยง บ้านเขาอยู่ก่อนบ้านผม.
ก่อน 2,สัน.,ใช้นำหน้าประโยคเพื่อบอกเวลา หมายความว่า ยังไม่ถึงเวลานั้น เช่น คุณต้องเอารถไปคืนก่อนเขาตื่น.
ก้อน 0,น.,"คำบอกลักษณะของเล็ก ๆ ที่เกาะหรือติดรวมกันแน่น ไม่กำหนดรูปแน่นอน โดยมากมีลักษณะค่อนข้างกลม เช่น ข้าวเกาะกันเป็นก้อน, เรียกสิ่งที่มีลักษณะเช่นนั้น เช่น ก้อนข้าว"
ก้อน 1,น.,สิ่งที่แยกหรือแตกออกจากสิ่งใหญ่ ไม่กำหนดรูปแน่นอน โดยมากมีลักษณะค่อนข้างกลม เช่น ก้อนอิฐ ก้อนหิน ก้อนดิน
ก้อน 2,น.,ลักษณนามเรียกของเช่นนั้น เช่น ข้าว ๓ ก้อน หิน ๒ ก้อน
ก้อน 3,น.,โดยปริยายหมายถึงจำนวนรวม เช่น ได้เป็นเงินก้อน.
ก้อนขี้หมา 0,น.,"ปุ่มเหนือปลายปากบนของจระเข้, ขี้หมา หรือ หัวขี้หมา ก็เรียก."
ก้อนเส้า 0,น.,ก้อนอิฐหรือก้อนหินเป็นต้น อย่างน้อย ๓ ก้อน ที่เอามาตั้งต่างเตา
ก้อนเส้า 1,น.,ชื่อหนึ่งของดาวฤกษ์ภรณี มี ๓ ดวง.
กอบ 0,ก.,เอามือ ๒ ข้างรวบสิ่งของเข้ามาจนสันมือชิดกันแล้วยกขึ้น.
กอบ 1,น.,"เรียกของที่กอบขึ้นครั้งหนึ่ง ๆ ว่า กอบหนึ่ง ๆ, ลักษณนามเรียกปริมาณของของที่กอบขึ้นมาเช่นนั้น เช่น ทรายกอบหนึ่ง ข้าวสาร ๒ กอบ"
กอบ 2,น.,ชื่อมาตราตวง ๔ กอบ เป็น ๑ ทะนาน.
กอบโกย 0,ก.,"ขนเอาไปเป็นจำนวนมาก, รวบเอาไปเป็นจำนวนมาก."
กอบด้วย 0,ก.,"มี, มีมาก, เช่น นาย ก เป็นผู้มีอำนาจและกอบด้วยเมตตา, ประกอบด้วย ก็ว่า."
กอบนาง 0,น.,"ชื่อไม้เถาชนิด Chilocarpus costatusMiq. ในวงศ์ Apocynaceae พบทางปักษ์ใต้ มียางขาว, ย่านกอบนาง ก็เรียก."
ก๊อบปี้ 0,น.,กระดาษที่ใช้สำหรับทำสำเนา เรียกว่า กระดาษก๊อบปี้.
ก๊อบปี้ 1,น.,ลักษณนามเรียกสำเนาหนังสือ เช่น ก๊อบปี้หนึ่ง สำเนา ๒ ก๊อบปี้.
ก๊อบปี้ 2,ก.,"ทำสำเนา, คัดลอก, เช่น คุณก๊อบปี้งานในเอกสารนี้ด้วย, ลอก, เลียน, เช่น อย่าก๊อบปี้งานของคนอื่น. (อ. copy)."
กอปร 0,ก.,ประกอบ.
ก้อม 0,น.,ปลาย.
ก้อม 1,ว.,"ค่อม, เตี้ย."
ก้อม 2,ก.,ก้ม.
ก่อมก้อ 0,ว.,"ค่อม, เตี้ย, เช่น มีเจ่งตาบอดพลาย ก่อมก้อ (โลกนิติ)."
กอย 0,น.,"คนป่าพวกหนึ่ง รูปร่างต่ำเตี้ย ตัวดำ ผมหยิก อยู่ในแหลมมลายู ได้แก่ พวกเซมัง และซาไกหรือเซนอย, เงาะ ก็เรียก."
ก้อย 0,น.,นิ้วเล็กที่สุดของนิ้วทั้ง ๕ เรียกว่า นิ้วก้อย
ก้อย 1,น.,"ในการเล่นปั่นแปะหรือโยนหัวโยนก้อย เรียกสมมุติด้านหนึ่งของสตางค์หรือเหรียญกระษาปณ์ ว่า ด้านก้อย, คู่กับ ด้านหัว"
ก้อย 2,น.,โดยปริยายหมายความว่า ไม่รู้จักเด็กไม่รู้จักผู้ใหญ่ หรือ ไม่รู้จักตํ่าสูง ในความว่า ไม่รู้จักนิ้วก้อยหัวแม่มือ.
ก้อย 3,น.,ชื่ออาหารชนิดหนึ่ง คล้ายพล่า ทำด้วยกุ้งสด เรียกว่า ก้อยกุ้ง
ก้อย 4,น.,ชื่ออาหารชนิดหนึ่ง ทำจากเนื้อ ปลา กุ้ง ที่ดิบ ๆ คล้ายพล่า.
ก้อร่อก้อติก 0,ว.,ทำตัวให้ใกล้ชิด พัวพันในทำนองชู้สาว.
ก้อร่อก้อติก 1,ว.,อาการที่ทำเป็นเจ้าชู้.
ก่อร่างสร้างตัว 0,ก.,ตั้งเนื้อตั้งตัวได้เป็นหลักฐาน.
กอริลลา 0,น.,ชื่อลิงไม่มีหางชนิด Gorilla gorilla Savage & Wyman ในวงศ์ Pongidae เป็นลิงที่มีขนาดใหญ่ที่สุด ตัวสูงขนาดคนแต่ลํ่าสันและแข็งแรงกว่ามาก ขนลำตัวสีดำหรือสีเทา มีถิ่นกำเนิดในทวีปแอฟริกา.
ก่อฤกษ์ 0,ก.,ทำพิธีเริ่มก่อสร้าง เช่น วางอิฐวางหิน.
กอล์ฟ 0,น.,กีฬาชนิดหนึ่ง ใช้ไม้ตีลูกกลมผ่านพื้นที่ขวางกั้นที่เตรียมไว้ให้มีลักษณะต่าง ๆ กัน เช่น เป็นหลุมทราย บ่อนํ้า ให้ไปลงหลุมที่กำหนด.
ก่อแล้วต้องสาน 0,ก.,เริ่มอะไรแล้วต้องทำต่อให้เสร็จ.
กอและ 0,น.,ชื่อเรือประมงชนิดเรือต่อ ใช้ตามชายทะเลฝั่งตะวันออกทางภาคใต้ตอนล่าง รูปร่างยาวเพรียว หัวและท้ายเรือแหลมสูง ใช้ใบขับเคลื่อนรับลม เขียนลวดลายสีสันต่าง ๆ ไว้อย่างสวยงาม.
กอและ 1,น.,เรียกอาหารชนิดหนึ่ง ทำด้วยไก่ที่ถอดกระดูก ชุบเครื่องปรุงรส ปิ้งให้สุก ว่า ไก่กอและ.
ก่อสร้าง 0,ก.,ก่อและสร้างโดยใช้อิฐและปูนเป็นส่วนใหญ่.
ก่อหวอด 0,ก.,"อาการที่ปลาบางชนิดมีปลากัด ปลาช่อน เป็นต้น พ่นฟองน้ำไว้สำหรับเก็บไข่, โดยปริยายหมายถึงอาการที่เริ่มจับกลุ่มเพื่อทำการอย่างใดอย่างหนึ่ง."
ก่ออิฐถือปูน 0,ก.,ก่ออิฐและฉาบปูนทับ.
ก่ออิฐเปลือย 0,ก.,ก่ออิฐโดยไม่ฉาบปูน.
กอเอี๊ยะ 0,น.,แผ่นขี้ผึ้งปิดแผลชนิดหนึ่งแบบจีน.
กะ 0,น.,"เครื่องหมายบอกทำนองสวด เช่น กะมหาชาติคำหลวง, ทำนองสวด เช่น สวดกะ"
กะ 1,น.,"รอบการเข้าเวร เช่น กะเช้า กะบ่าย, ระยะเวลาที่ผลัดเปลี่ยนกันทำงาน เช่น กะแรก กะที่ ๒."
กะ 2,ก.,"กำหนด, หมาย, คะเน, ประมาณ."
กะ 3,สัน.,เป็นคำกร่อนมาจาก กับ เช่น ยายกะตา หรือ แก่ เช่น มีกะใจ.
กะ 4,น.,ส่วนของสมอแบบหนึ่ง ลักษณะคล้ายแขนยื่นออกไป ๒ ข้าง สำหรับช่วยยึดเกาะติดพื้นท้องน้ำ.
กะ 5,น.,"ชื่อเงื่อนชนิดหนึ่ง ใช้สำหรับผูกเรือเพื่อคล้องกับที่ยึดหรือเสายึดเรือ เป็นเงื่อนที่แน่นแต่แก้ออกง่าย, ถ้าผูกเงื่อนชนิดทำห่วงไว้ก่อน เรียกว่า กะห่วง."
กะกร่อม 0,น.,"เครื่องมือครอบจับปูทะเล ตามชายฝั่งทะเล ใช้ไม้ไผ่ต้นเดียวผ่าตอนปลายออกเป็น ๔ ซี่ เหลาซี่เหล่านั้นให้อ่อน เอาวงแหวนทำด้วยไม้ไผ่ หวาย หรือลวด ใส่ในหว่างซี่เหล่านั้นเพื่อบังคับให้ถ่างออก, กะกร่อม หรือ ตะกร่อม ก็เรียก."
กะกร้าว 0,ว.,"กร้าว, (โบ) เขียนเป็น กกร้าว ก็มี เช่น กเกรอกขบฟนนก็ดูร้าว กกร้าวขบฟนนกดูแรง (ม. คำหลวง มหาราช)."
กะกลิ้ง 0,น.,โกฐกะกลิ้ง. (ดู โกฐกะกลิ้ง ที่ โกฐ).
กะกัง 0,น.,พี่ชาย เช่น มานี่กะกังประสันตา จงพาข้าไปชมแสงจันทร์ (อิเหนา).
กะกึก 0,ว.,กึก ๆ เช่น ดังกะกึกกุกกักชักสายพาดขึ้นกับไก (ม. ร่ายยาว กุมาร).
กะเกณฑ์ 0,ก.,"บังคับ, กำหนดเป็นเชิงบังคับ."
กะเกาะ 0,ว.,เสียงดังเช่นนั้น เช่น เคาะพระทวารดังกะเกาะก้องกึก (ม. ร่ายยาว ชูชก).
กะจัง 0,ว.,"ชื่อปลานํ้ากร่อยชนิด Periophthalmodon schlosseri (Pallas) ในวงศ์ Gobiidae พบในบริเวณป่าชายเลน รูปร่าง การเคลื่อนไหว และความสามารถขึ้นมาพ้นนํ้าได้คล้ายปลาจุมพรวดซึ่งมีขนาดใหญ่กว่า มีครีบอกเป็นกล้ามเนื้อใช้ต่างตีน ช่วยครีบหาง ทำรูลึกอยู่ในเลน เคลื่อนไหวได้รวดเร็วบนผิวเลนและผิวนํ้า ปีนเกาะบนที่ชันและกระโจนเป็นห้วง ๆ ได้ ขนาดยาวได้ถึง ๒๗ เซนติเมตร, กะจัง ก็เรียก."
กะแจะ 0,ว.,"ชื่อไม้ต้นขนาดเล็กชนิด Naringi crenulata (Roxb.) Nicolson ในวงศ์ Rutaceae ขึ้นในป่าเบญจพรรณ ต้นและกิ่งมีหนามเปลือกขรุขระสีเทา ดอกเล็กสีขาวเป็นช่อสั้น ยาวประมาณ ๒ เซนติเมตร กลิ่นหอมอ่อน ท่อนไม้ฝนกับนํ้าใช้เป็นเครื่องประทิ่นผิว รากใช้ทำยา, กะแจะ ขะแจะ ตุมตัง หรือ พญายา ก็เรียก."
กะชะ 0,น.,ภาชนะสานชนิดหนึ่ง ตั้งได้คล้ายตะกร้า รูปร่างสูงตรงขึ้นไป สำหรับบรรจุเครื่องเดินทาง เช่น ผ้าและอาหาร ปากไม่มีขอบ เพื่อบีบให้ติดกันแล้วร้อยเชือกแขวนไปบนหลังสัตว์บรรทุก เป็นต้น
กะชะ 1,น.,ตะกร้าชนิดหนึ่ง มีหูหิ้ว.
กะชัง 0,น.,"นํ้าปัสสาวะแห่งทารก, นํ้าครํ่า, เขียนเป็น กระชัง ก็มี."
กะชามาศ 0,น.,ทองที่เกิดในนํ้า.
กะชิง 0,น.,"เครื่องประกอบยศของเจ้านาย ขุนนาง และราชพาหนะ มีรูปร่างคล้ายสัปทนขนาดเล็ก บุด้วยผ้าต่างสีต่างชนิดกันตามชั้นยศ ระบายรอบอย่างน้อย ๒ ชั้น ยาวปรกลงมามากกว่าสัปทน สำรับหนึ่งมี ๔ คัน ใช้ตั้งแต่งประจำมุมทั้ง ๔ ของผู้ครองยศ หรือถือเข้ากระบวนแห่ เช่น แห่พระยาแรกนา แห่ช้างสำคัญ, กระชิง กระฉิ่ง กะชิง กันฉิ่ง หรือ กันชิง ก็เรียก."
กะชิง 1,น.,"ชื่อปาล์มขนาดย่อมในสกุล Licuala วงศ์ Palmae มีหลายชนิด เช่น ชนิด L. spinosa Thunb. มักขึ้นเป็นกออยู่ริมทะเล หรือในที่ซึ่งนํ้าเค็มขึ้นถึง ลำต้นสูงถึง ๔ เมตร ใบกลม เส้นผ่านศูนย์กลาง ๖๐-๑๑๐ เซนติเมตร เว้าเป็นแฉกลึก ก้านใบยาว ขอบก้านมีหนาม, ชนิด L. peltata Roxb. ขึ้นตามป่าดอนในที่ชุ่มชื้นและที่แฉะ ลักษณะคล้ายชนิดแรก แต่ก้านใบลํ้าอยู่ใต้โคนใบ ทั้ง ๒ ชนิดใบใช้ห่อทำไต้ ห่อของ เย็บเป็นร่ม มุงหลังคาชั่วคราว ใบอ่อนใช้มวนบุหรี่, กะชิง ก็เรียก, ปักษ์ใต้เรียก ชิง หรือ ชิ่ง, ปาล์มพวกนี้เรียก พ้อ ก็มี เช่น ใบพ้อพันห่อหุ้ม กฤษณา (โลกนิติ)."
กะชึ่กกะชั่ก 0,ว.,"เสียงดังอย่างเสียงรถจักรไอน้ำเวลาจะเริ่มเคลื่อนที่, โดยปริยายหมายความว่า ติด ๆ ขัด ๆ, ไปไม่สะดวก."
กะแช่ 0,น.,นํ้าเมาชนิดหนึ่ง ใช้ข้าวเหนียวนึ่งหมักแช่กับแป้งเชื้อ แต่ยังมิได้กลั่นเป็นสุรา.
กะซวก 0,ก.,แทง เช่น กะซวกไส้
กะซวก 1,ก.,กินอย่างรวดเร็วเพราะหิว เช่น กะซวกก๋วยเตี๋ยวไป ๓ ชาม.
กะซ้าหอย 0,ก.,"เปลือกซากหอยต่าง ๆ ที่ทับถมกันอยู่ ใช้ทำปูนขาวที่เรียกว่า ปูนหอย. (ไกลบ้าน), กะซ้าหอย ก็ว่า."
กะซี่ 0,น.,"ผลหมากที่แกนไม่มีไส้ขาว, กะซี้ ก็ว่า เช่น กินหมากกะซี้ เป็นหนี้เขาจนตาย."
กะโซ่ 0,น.,เผ่าข่าโซ้ เป็นชาวป่าทางภาคอีสานของไทย มีลักษณะคล้ายเขมร.
กะโซ้ 0,น.,เผ่าข่าโซ้ เป็นชาวป่าทางภาคอีสานของไทย มีลักษณะคล้ายเขมร.
กะโซ้ 1,น.,โชงโลง.
กะโซ่น้ำ 0,น.,ดาโป้งเป้ง. (ดู ดาโป้งเป้ง).
กะดง 0,น.,"ชื่อนกขนาดกลางชนิด Caloenas nicobarica Linn. ในวงศ์ Columbidae ลำตัวสีเขียวเหลือบเทา มีสร้อยคอสีเขียวเห็นได้ชัด ขนหางสีขาว มักเกาะตามกิ่งไม้หนาทึบ หากินตามพื้นดิน กินเมล็ดพืช พบตามหมู่เกาะทางภาคใต้ของประเทศไทย แต่มีชุกชุมทางด้านทะเลอันดามัน, กะดง ก็เรียก."
กะดวน 0,ก.,ตอกลิ่มเข้าไปในไม้.
กะดังบาย 0,ก.,"ชื่อไม้พุ่ม ๒ ชนิด ในสกุล Leea วงศ์ Leeaceae คือ ชนิด L. indica (Burm. f.) Merr. ใบเป็นใบประกอบ ใบย่อยรูปไข่ปลายแหลม ดอกเล็ก สีขาวอมเขียว ออกเป็นช่อตามยอด ผลสีเขียว ใบใช้ทำยาได้, กะดังบาย ก็เรียก, และชนิด L. rubra Blume ex Spreng. ดอกมีก้านช่อดอกและผลสีแดง, เขือง ก็เรียก."
กะด้าง 0,น.,ต้นกระด้าง. [ดู กะด้าง ๑ (๒)].
กะดำกะด่าง 0,ว.,"ดำ ๆ ด่าง ๆ, สีไม่เสมอกัน."
กะดี 0,น.,"ที่อยู่ของนักบวชเช่นพระภิกษุ, เรือนหรือตึกสำหรับพระภิกษุสามเณรอยู่ เช่น วัดกะดีทอง (สามดวง)"
กะดี 1,น.,"คำที่ใช้เรียกศาสนสถานของศาสนาอื่น เช่น กะดีเจ้าเซ็นและกะดีขาวเป็นมัสยิดของชาวมุสลิม กะดีจีนเป็นศาลเจ้าของชาวจีน, ปัจจุบันคือมัสยิดหรือสุเหร่า. (เลือนมาจาก กุฎี)."
กะดี่ 0,ก.,ดีดหรืองัดของหนักขึ้น เช่น กะดี่ซุง กะดี่เสา.
กะดี๊กะด๊า 0,ก.,"กระดี๊กระด๊า, ดี๊ด๊า ก็ว่า."
กะดุ้ง 0,น.,"เครื่องมือจับสัตว์นํ้าชนิดหนึ่ง รูปร่างคล้ายยอยก, เรียกเป็นสามัญว่า สะดุ้ง."
กะเดี๋ยว 0,ว.,ประเดี๋ยว.
กะได 0,ว.,เคย เช่น เดาะกะไดไดเลียม ลอดเคล้น (นิ. นรินทร์).
กะตรุด 0,น.,"ตะกรุด เช่น พระกะตรุดเลศเลขลง เลิศแล้ว (พยุหยาตรา), กะตุด หรือ กระตรุด ก็ว่า."
กะต้อ 0,น.,"เครื่องดับไฟสานเป็นรูปรีคล้ายปลีกล้วย พันผ้าชุบนํ้า มีด้ามยาว สำหรับดับและคลึงลูกไฟที่มาติดหลังคา บางทีเขียนเป็น กระตร้อ ก็มี เช่น ให้ตรวจเอาพร้าขอกระตร้อน้ำ จงทุกที่พนักงานให้สรัพไว้ (สามดวง), กะต้อ ก็เรียก."
กะต่อม 0,น.,"ชื่อกุ้งขนาดกลางชนิด Macrobrachium equidens (Dana) ในวงศ์ Palaemonidae ก้ามมีปื้นสีเข้ม อาศัยอยู่ในย่านน้ำกร่อย และพบบ้างในน้ำจืดหรือชายทะเล, กุ้งแห ก็เรียก."
กะตัก 0,น.,"ชื่อปลาทะเลขนาดเล็กทุกชนิดในสกุล Encrasicholina และ Stolephorus วงศ์ Engraulidae รูปร่างยาว กลม หรือแบนข้างเล็กน้อยแล้วแต่ชนิด ปากกว้าง ที่สันท้องระหว่างครีบท้องและครีบก้นมีหนามแหลมขนาดเล็กมาก ๒-๗ อัน ข้างลำตัวมีสีเด่นเป็นเพียงแถบสีเงินพาดตลอดตามยาว มักอยู่รวมกันเป็นฝูงใหญ่ใกล้ฝั่ง อาจคละกันหลายชนิด, หัวอ่อน ชินชัง ไส้ตัน เส้นขนมจีน หัวไม้ขีด มะลิ เก๋ย เรียกปะปนกันระหว่างขนาด ชนิด หรือต่างกันตามท้องถิ่นที่จับ ขนาดยาวได้ถึง ๑๔ เซนติเมตร."
กะตั้ก 0,น.,"กองใหญ่, จำนวนมากมาย, เช่น เขามีเงินเป็นกะตั้ก ๆ."
กะตั้ก ๆ 0,น.,"กองใหญ่, จำนวนมากมาย, เช่น เขามีเงินเป็นกะตั้ก ๆ."
กะตังกะติ้ว 0,น.,นํ้ายางที่ได้จากไม้เถาหลายชนิดในวงศ์ Apocynaceae เช่น เครือเขามวกขาว [ Parameria laevigata (Juss.) Moldenke] กะตังกะติ้วหรือคุยช้าง ( Willughbeia edulisRoxb.) และตังติ้ว [ Urceola lucida (Wall. ex G. Don) Kurz] .
กะตังกะติ้ว 1,น.,"ชื่อไม้เถาชนิด Willughbeia edulis Roxb. ในวงศ์ Apocynaceae มีนํ้ายางขาว, คุยช้าง ก็เรียก."
กะตังใบ 0,น.,"ชื่อไม้พุ่ม ๒ ชนิด ในสกุล Leea วงศ์ Leeaceae คือ ชนิด L. indica (Burm. f.) Merr. ใบเป็นใบประกอบ ใบย่อยรูปไข่ปลายแหลม ดอกเล็ก สีขาวอมเขียว ออกเป็นช่อตามยอด ผลสีเขียว ใบใช้ทำยาได้, กะดังบาย ก็เรียก, และชนิด L. rubra Blume ex Spreng. ดอกมีก้านช่อดอกและผลสีแดง, เขือง ก็เรียก."
กะต๊าก 0,ว.,เสียงไก่ตัวเมียร้องเมื่อตกใจหรือออกไข่.
กะต้ำ 0,น.,"เครื่องมือจับสัตว์นํ้าตามริมฝั่งชนิดหนึ่ง ใช้เฝือกกั้นด้านข้าง ๒ ด้านเป็นคอก ด้านหน้ามีประตูผูกเชือกชักขึ้นลงได้ ด้านหลังชิดตลิ่ง ใช้ตลิ่งเป็นที่กั้น ในคอกสะด้วยกิ่งไม้และโปรยเหยื่อเพื่อล่อให้ปลาเข้าไป, ต้อน ก็เรียก."
กะติ๊กริก 0,ว.,เริ่มมีเนื้อมีหนังขึ้น (มักใช้แก่เด็ก) เช่น เด็กคนนี้แก้มกะติ๊กริก.
กะติงกะแตง 0,ก.,กุลีกุจอ เช่น พระชาลีก็ลีลาแล่นไปก่อน กะติงกะแตงต้อนรับ (ม. กาพย์ กุมาร).
กะตีบ 0,น.,ต้นมะแฟน. (ดู มะแฟน).
กะตุ๊ก 0,ก.,ร้องกระแทกเสียงที่ริมหูคนอื่นว่า “กะตุ๊ก” จนหูอื้อ เป็นการล้อกันเล่น เรียกว่า กะตุ๊กที่หู หรือ กะตูกที่หู.
กะตุด 0,น.,"ตะกรุด, กะตรุด หรือ กระตรุด ก็ว่า."
กะตูก 0,ก.,ร้องกระแทกเสียงที่ริมหูคนอื่นว่า “กะตุ๊ก” จนหูอื้อ เป็นการล้อกันเล่น เรียกว่า กะตุ๊กที่หู หรือ กะตูกที่หู.
กะเตก 0,ก.,"ไสช้างให้เดิน, มักพูดสั้น ๆ ว่า เตก."
กะเตง 0,ก.,พาหรือเอาไปด้วย เช่น จะกะเตงกระเป๋าไปให้เกะกะทำไม กะเตงลูกไปตามหาพ่อ.
กะเตง ๆ 0,ว.,"ลักษณะที่ไปอย่างไม่เรียบร้อยคล้ายกับมีของถ่วงอยู่ข้างหนึ่ง เช่น อุ้มลูกกะเตง ๆ พายเรือกะเตง ๆ, กะเตงเรง ก็ว่า, ลักษณะที่ไปอย่างเรื่อยเปื่อย เช่น วัน ๆ ได้แต่กะเตง ๆ ไปโน่นไปนี่."
กะเตงเรง 0,ว.,กะเตง ๆ.
กะแตว 0,ว.,"ลักษณะที่ไปรบกวนบ่อย ๆ, หย่อย ๆ, เซ้าซี้."
กะแต่ว 0,ว.,แสดงลักษณะของการร้องหรือการทวงสิ่งของบ่อย ๆ ว่า ร้องกะแต่ว ๆ.
กะโต๊ก 0,ว.,เสียงไก่ตัวผู้ร้องเมื่อตกใจ.
กะโตงกะเตง 0,ว.,"โตง ๆ เตง ๆ, ติดอยู่รุงรัง, พัวพัน."
กะโต้งโห่ง 0,ว.,เสียงนกยูงร้อง.
กะทกรก 0,น.,"ชื่อไม้พุ่มรอเลื้อยชนิด Olax psittacorum (Willd.) Vahl ในวงศ์ Olacaceae ตามลำต้นมีหนามห่าง ๆ ใบรูปไข่หรือรี ๆ ดอกเล็ก สีขาว อยู่เป็นกระจุกที่ง่ามใบ ผลกลมหรือรีขนาดเท่าเม็ดบัวเขื่อง ๆ เป็นสมุนไพรที่รู้จักกันทั่วไป, นํ้าใจใคร่ นางจุม หรือ นางชม ก็เรียก, อุดรเรียก เยี่ยวงัว."
กะทกรก 1,น.,"ชื่อไม้เถาชนิด Passiflora foetida L. ในวงศ์ Passifloraceae มีมือเกาะ ใบป้อมมี ๓ หยัก ดอกสีขาว ผลกลม เมื่อสุกสีเหลืองกินได้ มีใบประดับเป็นฝอยหุ้ม ยอดนำมาต้มใช้เป็นผัก, กระโปรงทอง เงาะป่า ถลกบาตร เถาเงาะ เถาสิงโต หรือ หญ้ารกช้าง ก็เรียก."
กะทอ 0,น.,ภาชนะสานด้วยไม้ไผ่ตาโปร่ง ด้านในกรุด้วยใบไม้แห้ง รูปทรงกระบอก สำหรับใส่เกลือ ฝ้าย ยาสูบ เป็นต้น ใช้กันในภาคอีสาน.
กะทัง 0,น.,ชื่อไม้ต้นขนาดกลางชนิด Litsea monopetala (Roxb.) Pers. ในวงศ์ Lauraceae มีมากทางปักษ์ใต้ ใบเมื่อขยี้มีกลิ่นฉุนคล้ายการบูร ไม้ใช้ก่อสร้างบ้านเรือนได้.
กะทั่ง 0,น.,กิ้งก่า. (ดู กิ้งก่า).
กะทังหัน 0,น.,ชื่อไม้ต้นขนาดกลางถึงขนาดใหญ่ชนิด Calophyllum thorelii Pierre ในวงศ์ Guttiferae ดอกสีขาว ผลเล็ก รูปไข่ เนื้อไม้ใช้ทำพื้น ฝา เสาบ้าน และเสากระโดงเรือได้.
กะทัดรัด 0,ว.,"สมทรง, สมส่วน, เหมาะเจาะ."
กะทันหัน 0,ว.,"ทันทีทันใด, ปัจจุบันทันด่วน, จวนแจ."
กะท้าง 0,น.,กิ้งก่า. (ดู กิ้งก่า).
กะทิ 0,น.,"นํ้าที่คั้นออกจากมะพร้าวขูดโดยเจือนํ้าบ้างเล็กน้อย, ถ้าคั้นครั้งแรก เรียกว่า หัวกะทิ, ถ้าคั้นครั้งสุดท้าย เรียกว่า หางกะทิ, ของหวานทำด้วยนํ้าตาลกวนกับมะพร้าวคล้ายหน้ากระฉีก แต่ใช้นํ้าตาลมากกว่า เรียกว่า นํ้าตาลกะทิ, มะพร้าวห้าวที่มีนํ้าข้น เนื้ออ่อน กล้ามหนา เรียกว่า มะพร้าวกะทิ."
กะทิ 1,ว.,โดยปริยายหมายความว่า ที่เก่งหรือดีเด่นเป็นพิเศษ เรียกว่า หัวกะทิ.
กะทิ 2,ว.,"ชื่อนกขนาดเล็ก ในวงศ์ Estrildidae ปากสั้นหนารูปกรวยปลายแหลม หัวกลม ลำตัวอ้วนป้อม มีหลายสี ปลายหางแหลม ใช้หญ้าทำรังเป็นรูปกลมอยู่บนพุ่มไม้เตี้ย ๆ หรือกอหญ้า ปากรังอยู่ทางด้านข้าง กินเมล็ดพืช มีหลายชนิด ที่พบมาก คือ กระติ๊ดขี้หมู [ Lonchura punctulata (Linn.)] ชนิดอื่น ๆ เช่น กระติ๊ดเขียวหรือไผ่ [ Erythrura prasina (Sparrman)] กระติ๊ดแดงหรือสีชมพูดง [ Amandava amandava (Linn.)] กระติ๊ดท้องขาว[ Lonchura leucogastra (Blyth)], กะทิ ก็เรียก."
กะทิขูด 0,ว.,"ชื่อปลาทะเลทุกชนิดในสกุล Pomadasysวงศ์ Haemulidae หรือ Pomadasyidae โดยเฉพาะชนิด P. maculatus (Bloch) ลำตัวป้อม แบนข้าง เกล็ดเป็นแบบเกล็ดหนาม บริเวณใต้คางมีรู ๒ รู ลำตัวสีเงิน ใกล้แนวสันหลังมีสีน้ำตาลอ่อนและมีแต้มสีน้ำตาลเข้มกระจายอยู่ตอนบนของลำตัว ปลาในสกุลนี้ทั้งขณะอยู่ในน้ำและเมื่อขึ้นพ้นน้ำจะทำเสียงได้จากการขบฟันที่บริเวณคอรวมทั้งการหดและขยายตัวของถุงลมและกล้ามเนื้อ โดยถุงลมยังทำให้เสียงก้องขึ้นอีกด้วย ขนาดยาวได้ถึง ๕๐ เซนติเมตร, มโหรี กระต่ายขูด กะทิขูด หรือ หัวขวาน ก็เรียก."
กะทือ 0,น.,ชื่อไม้ล้มลุกชนิด Zingiber zerumbet (L.) Roscoe ex Sm. ในวงศ์ Zingiberaceae ดอกสีเหลือง ผลกลมสีแดง เหง้าสีเหลืองอ่อน กลิ่นหอม ใช้ทำยาได้ เมื่ออ่อนใช้ปรุงอาหาร ช่อดอกอ่อนใช้เป็นผัก.
กะทุน 0,น.,"ชื่อแมลงพวกแมลงปอ แมลงปอเข็ม และแมลงช้างตัวเต็มวัยซึ่งมีลักษณะคล้ายแมลงปอ แต่มีหนวดยาว, ในบางจังหวัด เช่น นครปฐม ราชบุรี สุพรรณบุรี สมุทรสาคร สมุทรสงคราม สมุทรปราการ เรียก กระทุน กระชุน หรือ ปะทุน."
กะเทย 0,น.,"คนที่มีอวัยวะเพศทั้งชายและหญิง, คนที่มีจิตใจและกิริยาอาการตรงข้ามกับเพศของตน"
กะเทย 1,น.,ผลไม้ที่เมล็ดลีบ เช่น ลำไยกะเทย.
กะเทาะ 0,ก.,"ล่อนหลุดออกมาเป็นชิ้น ๆ หรือเป็นแผ่น ๆ, ทำให้ล่อนหลุดออก เช่น กะเทาะเม็ดบัว."
กะเทาะ 1,น.,สิ่งของหรือเปลือกไม้ที่หลุดล่อนออกมาจากพื้นเดิมหรือจากต้น เช่น กะเทาะมะขาม.
กะแท้ 0,น.,ชื่อแมลงพวกมวนหลายชนิดหลายสกุล ในวงศ์ Cydnidae ลำตัวยาว ๔-๑๒ มิลลิเมตร รูปร่างรูปไข่ ส่วนใหญ่มีสีนํ้าตาลแก่อมดำหรือดำ มักบินเข้าหาแสงไฟ เมื่อจับต้องตัวจะปล่อยกลิ่นฉุนเหม็นติดมือ บางทีคล้ายกลิ่นอุจจาระของคน ที่พบบ่อย ได้แก่ ชนิด Geotomus pygmaeus (Dallas).
กะแท่ง 0,น.,"ชื่อไม้ล้มลุกในสกุล Amorphophallus วงศ์ Araceae ต้นเล็กราวเท่านิ้วมือ เวลาออกดอกไม่มีใบ ก้านช่อดอกอ่อน ๆ ใช้แกงได้, พายัพเรียก ดอกก้าน."
กะแทน 0,น.,"ชื่อไม้ต้นขนาดกลางถึงขนาดใหญ่ชนิด Protium serratum Engl. ในวงศ์ Burseraceae, มะแพน หรือ กะแทน ก็เรียก, ปักษ์ใต้เรียก กะตีบ."
กะนวล 0,น.,ชื่อไม้ต้นขนาดกลางชนิด Garcinia merguensis Wight ในวงศ์ Guttiferae มียางสีเหลืองจาง ๆ ใช้สระผมได้.
กะน่อง 0,น.,"น่อง, อวัยวะส่วนหลังของแข้ง ตั้งแต่ขาพับลงไปถึงส้นเท้า เช่น ตัว ๑ ขบกะน่อง (ม. ภาคอีสาน ชูชก), กะหน่อง ก็เรียก."
กะนัด 0,น.,ไม้แบน ๒ อันนอกตะกอ สำหรับขัดเส้นด้ายเพื่อกันด้ายยุ่ง.
กะบม 0,น.,"ภาชนะชนิดหนึ่ง ทำด้วยไม้ขุดรูปวงกลมมีขอบ ด้ามสั้น สำหรับสงข้าวเหนียวที่นึ่งสุกใหม่ ๆ หรือคนข้าวเหนียวนึ่งให้ลดความร้อนก่อนนำไปใส่ในกล่องข้าว หรือใช้เป็นภาชนะรองถ้วยชามอย่างสำรับ, กะโบม ก็เรียก. (ดู กระบม)."
กะบอนกะบึง 0,ก.,"มีท่าทีโกรธอย่างแสนงอน เช่น คอยสะบัดปัดกรกะบอนกะบึง (อิเหนา), โดยมากใช้ กะบึงกะบอน."
กะบ่อนกะแบ่น 0,ว.,"ไม่เสมอทั่วกัน, ไม่เรียบเสมอกัน, เช่น ตัดผมกะบ่อนกะแบ่น ทาสีกะบ่อนกะแบ่น, กะบ่อนกะแบ่ม ก็ใช้."
กะบ่อนกะแบ่ม 0,ว.,"ไม่เสมอทั่วกัน, ไม่เรียบเสมอกัน, เช่น ตัดผมกะบ่อนกะแบ่น ทาสีกะบ่อนกะแบ่น, กะบ่อนกะแบ่ม ก็ใช้."
กะบั้ง 0,น.,"บ้องไม้ไผ่, บั้ง ก็เรียก."
กะบัง 0,น.,"เครื่องบังแดดบังลมเป็นต้น เช่น กะบังหมวก, เครื่องบังมือ เป็นแผ่นโลหะ อยู่ที่โคนอาวุธ เช่นกะบังหอก กะบังดาบ."
กะบัง 1,น.,"เครื่องมือจับสัตว์นํ้าชนิดหนึ่ง ใช้เสาหรือไม้ลำปักทางซ้ายและทางขวาเรียงกันเป็นลำดับ แล้วเอาเฝือกขนาบกับเสาทั้ง ๒ ข้างอย่างเดียวกับจิบ แต่ระหว่างกลางทำร้านซึ่งสานด้วยไม้ไผ่ตลอดเป็นทางเพื่อให้ปลาเสือกตัวขึ้นแล้วเลื่อนตกลงไปในถุงอวนหรือตาข่ายที่ดักไว้ปลายทาง ต้องจับในเวลาที่นํ้าไหลเชี่ยว, กะบังรังเฝือก ก็ว่า."
กะบัง 2,น.,ดอกไม้.
กะบัง 3,น.,"ดินขาว, ใช้เรียกสีขาวหม่น ว่า สีขาวกะบัง."
กะบังรังเฝือก 0,น.,"เครื่องมือจับสัตว์นํ้าชนิดหนึ่ง ใช้เสาหรือไม้ลำปักทางซ้ายและทางขวาเรียงกันเป็นลำดับ แล้วเอาเฝือกขนาบกับเสาทั้ง ๒ ข้างอย่างเดียวกับจิบ แต่ระหว่างกลางทำร้านซึ่งสานด้วยไม้ไผ่ตลอดเป็นทางเพื่อให้ปลาเสือกตัวขึ้นแล้วเลื่อนตกลงไปในถุงอวนหรือตาข่ายที่ดักไว้ปลายทาง ต้องจับในเวลาที่นํ้าไหลเชี่ยว, กะบังรังเฝือก ก็ว่า."
กะบังลม 0,น.,"แผ่นกั้นประกอบด้วยกล้ามเนื้อ เอ็นกล้ามเนื้อ และแผ่นพังผืด กั้นระหว่างช่องอกกับช่องท้อง ยืดและหดช่วยการหายใจ, คนทั่วไปเรียกบริเวณระหว่างหัวหน่าวกับสะดือ ว่า กะบังลม ด้วย."
กะบังหน้า 0,น.,กรอบหน้าเป็นเครื่องประดับ.
กะบิ้ง 0,น.,"ของที่เป็นแผ่นเล็ก ๆ, ลักษณนามบอกสัณฐานสำหรับที่ดินน้อย ๆ แปลงหนึ่ง ๆ ว่า กะบิ้งหนึ่ง ๆ."
กะบิล 0,น.,"ระเบียบ, หมู่. (ดู กบิล ๒)."
กะบี้ 0,น.,ผีเสื้อ. (ดู ผีเสื้อ ๑)
กะบึงกะบอน 0,ก.,"มีท่าทีโกรธอย่างแสนงอน, กะบอนกะบึง ก็ว่า."
กะบุด 0,ก.,"ชื่อลิงชนิด Macaca nemestrina (Linn.) ในวงศ์ Cercopithecidae ขนลำตัวสีน้ำตาลอมเทา หางสั้นงอโค้งขึ้นไปทางด้านหลัง ทางปักษ์ใต้ใช้เก็บมะพร้าว, กะบุด ก็เรียก."
กะเบ้อ 0,น.,ผีเสื้อ. (ดู ผีเสื้อ ๑).
กะเบี้ย 0,น.,ผีเสื้อ. (ดู ผีเสื้อ ๑).
กะโบม 0,น.,"ภาชนะชนิดหนึ่ง ทำด้วยไม้ขุดรูปวงกลมมีขอบ ด้ามสั้น สำหรับสงข้าวเหนียวที่นึ่งสุกใหม่ ๆ หรือคนข้าวเหนียวนึ่งให้ลดความร้อนก่อนนำไปใส่ในกล่องข้าว หรือใช้เป็นภาชนะรองถ้วยชามอย่างสำรับ, กะบม ก็เรียก. (ดู กระโบม)."
กะปริดกะปรอย 0,ว.,"มีอาการออกหรือไหลออกน้อย ๆ หยุดบ้าง ออกบ้าง, อาการที่ฝนตกน้อย ๆ ตก ๆ หยุด ๆ, โดยปริยายหมายถึงอาการที่ทำ ๆ หยุด ๆ ไม่เป็นลํ่าเป็นสัน, กะปริบกะปรอย ก็ว่า."
กะปริบ 0,ก.,"กะพริบ, มักใช้ซํ้าคำว่า กะปริบ ๆ หมายความว่า กะพริบถี่ ๆ เช่น ทำตากะปริบ ๆ, ปริบ ๆ ก็ว่า."
กะปริบกะปรอย 0,ว.,"มีอาการออกหรือไหลออกน้อย ๆ หยุดบ้าง ออกบ้าง, อาการที่ฝนตกน้อย ๆ ตก ๆ หยุด ๆ, โดยปริยายหมายถึงอาการที่ทำ ๆ หยุด ๆ ไม่เป็นล่ำเป็นสัน, กะปริดกะปรอย ก็ว่า."
กะปลกกะเปลี้ย 0,ว.,"อ่อนเพลีย, อ่อนเปลี้ย, ไม่มีแรง."
กะปวกกะเปียก 0,ว.,"อ่อนกำลังจนแทบไม่อาจทรงตัวได้ตามลำพัง, ปวกเปียก ก็ว่า."
กะปอม 0,น.,กิ้งก่า. (ดู กิ้งก่า).
กะปอมขาง 0,น.,กิ้งก่า. (ดู ปอมข่าง).
กะปะ 0,น.,"ชื่องูพิษขนาดเล็กชนิด Calloselasma rhodostoma (Boie) ในวงศ์ Viperidae ตัวยาว ๕๐-๘๐ เซนติเมตร สีน้ำตาลอมแดงลายสีนํ้าตาลเข้ม บนหลังมีลายรูปสามเหลี่ยมสีนํ้าตาลแก่เรียงสลับเยื้องกันเป็นคู่ ๆ จมูกงอน ริมฝีปากเหลือง และมีแนวสีเหลืองพาดบนลูกตาถึงมุมปาก, ตัวที่มีสีคลํ้าเรียก งูปะบุก."
กะปั่น 0,น.,กำปั่น.
กะป้ำกะเป๋อ 0,ว.,"หลง ๆ ลืม ๆ, ขี้หลงขี้ลืม, ป้ำเป๋อ หรือ ป้ำ ๆ เป๋อ ๆ ก็ว่า."
กะปิ 0,น.,"ของเค็มทำด้วยเคยกับเกลือโขลกและหมักไว้ ใช้ปรุงอาหาร, เยื่อเคย ก็ว่า."
กะปุ่ม 0,น.,เครื่องสานชนิดหนึ่ง. (ดู กระปุ่ม).
กะปูด 0,น.,"ชื่อนกขนาดกลางในวงศ์ Cuculidae ปากแหลมสั้นหนา ตาสีแดง ลำตัวเพรียว หัว คอ และลำตัวมีขนสีดำ ปีกสั้นสีน้ำตาลแดง หากินตามพื้นป่าโปร่ง บินได้ในระยะสั้น ๆ ร้องเสียง “ปูด ๆ ” มี ๓ ชนิด คือ กะปูดใหญ่ [ Centropus sinensis (Stephens)] กะปูดเล็ก [ C. bengalensis (Gmelin)] และกะปูดนิ้วสั้น ( C. rectunguisStrickland), ปูด หรือ กระปูด ก็เรียก, พายัพเรียก ก้นปูด."
กะปูดหลูด 0,ก.,บวมไปทั้งตัว.
กะเปิ๊บกะป๊าบ 0,ว.,"พูดเสียงดังเอะอะและไม่ระมัดระวังวาจาหรือท่าทาง, มีกิริยาท่าทางหรือแต่งตัวรุงรังไม่เรียบร้อย."
กะเปียด 0,น.,"ชื่อไม้ต้นขนาดกลางชนิด Premna tomentosa Willd. ในวงศ์ Labiatae ลักษณะคล้ายต้นสัก แต่ใบเล็กกว่า รูปไข่หรือรี ปลายแหลมก้านยาว เนื้อไม้ละเอียด ใช้ทำประโยชน์ได้, พายัพเรียก สักขี้ไก่."
กะแป้น 0,น.,เรือหางแมงป่องขนาดเล็ก มีใช้มากตามลำนํ้าปิง.
กะแปะ 0,น.,"เงินปลีกโบราณ เช่น กะแปะทองแดง กะแปะดีบุก, อีแปะ ก็เรียก."
กะโปโล 0,ว.,"ไม่ได้เรื่องราว, ไม่พิถีพิถัน, เช่น แต่งตัวกะโปโล"
กะโปโล 1,ว.,มอมแมม เช่น เด็กกะโปโล.
กะผลุบกะโผล่ 0,ก.,"อาการที่ผลุบลงแล้วโผล่ขึ้น เช่น ปลากะผลุบกะโผล่ขึ้นมาหายใจ, อาการที่ผลุบเข้าไปแล้วโผล่ออกมา เช่น มากะผลุบกะโผล่อยู่หลังเวทีทำไม, จม ๆ ลอย ๆ เช่น ขอนลอยน้ำกะผลุบกะโผล่, โดยปริยายหมายความว่า ไปหรือมาไม่สม่ำเสมอ เช่น ถ้าจะมาช่วยงานก็ขอให้มาสม่ำเสมอ อย่ากะผลุบกะโผล่ มาบ้างไม่มาบ้าง, ผลุบโผล่ ๆ หรือ ผลุบ ๆ โผล่ ๆ ก็ว่า."
กะเผ่น 0,ว.,"เผ่น, ลอย, เช่น ชมบรรพตเสลาสูงกะเผ่น (พงศ. เหนือ)."
กะเผลก 0,ก.,อาการเดินเอียงไปข้างใดข้างหนึ่ง เนื่องจากขาข้างหนึ่งไม่ได้ระดับกับอีกข้างหนึ่ง.
กะโผลกกะเผลก 0,ว.,"อาการเดินไม่ปรกติ คือ ยกขาข้างหนึ่งไม่ได้ระดับกับอีกข้างหนึ่ง อย่างคนขาพิการเดิน, อาการที่เดินไปด้วยความลำบากหรือเคลื่อนไปบนพื้นที่ที่ขรุขระ ลุ่ม ๆ ดอน ๆ, โขยกเขยก ก็ว่า."
กะพง 0,น.,"ชื่อปลาหลายชนิดในหลายวงศ์ที่มีก้านครีบเป็นกระดูกแข็ง ขนาดยาวได้ถึง ๒ เมตร ลำตัวหนา แบนข้างเล็กน้อย หัวโตลาดลงมาจากด้านหลัง ตาค่อนข้างโต ปากกว้าง เช่น กะพงแดง ( Lutjanus malabaricusSchneider) ในวงศ์ Lutjanidae, กะพงขาว [ Lates calcarifer (Bloch)] ในวงศ์ Centropomidae, กะพงลาย [ Datnioides quadrifasciatus (Sevastianov)] ในวงศ์ Lobotidae."
กะพง 1,น.,ชื่อหอยทะเลกาบคู่ชนิด Musculista senhousia (Benson) ในวงศ์ Mytilidae เปลือกบางรูปยาวรี สีเขียวหรือเขียวอมเหลือง มีลายเป็นเส้นสีนํ้าตาล อาศัยอยู่ตามพื้นท้องทะเลที่เป็นเลนปนทราย โดยยึดติดกันเองเป็นกระจุกหรือแผ่เป็นแผ่นใหญ่.
กะพง 2,น.,"ชื่อไม้ต้นขนาดใหญ่ชนิด Tetrameles nudiflora R.Br. ในวงศ์ Datiscaceae ชอบขึ้นริมนํ้า โคนต้นเป็นพอนแผ่กว้าง เปลือกสีเทาหรือเทาแกมนํ้าตาลเลื่อมเป็นมัน ใบมน ทิ้งใบหมดต้นในฤดูร้อน เนื้อไม้อ่อนเบา ใช้ทำก้านไม้ขีดไฟ เรือขุด และฝ้าเพดานได้, กะพง ก็เรียก."
กะพรวดกะพราด 0,ว.,"พรวดพราด, อาการที่เป็นไปอย่างรวดเร็วโดยไม่ยับยั้ง."
กะพร่องกะแพร่ง 0,ว.,"มีบ้างขาดบ้าง, ไม่สมํ่าเสมอ"
กะพร่องกะแพร่ง 1,ว.,"ไม่เต็มที่, ไม่ครบถ้วน, ไม่พอเพียง, (ตามที่คาดหมายไว้)."
กะพริบ 0,ก.,"ปิดและเปิดหนังตาโดยเร็ว, โดยปริยายหมายถึงอาการที่คล้ายคลึงเช่นนั้น เช่น ไฟกะพริบ."
กะพรุน 0,น.,แมงกะพรุน.
กะพรูดกะพราด 0,ว.,มีเสียงดังพรูดพราด.
กะพล้อ 0,น.,กระบอกไม้ไผ่มีด้ามยาวในตัว ใช้สำหรับตักน้ำปลาหรือน้ำตาลสดเป็นต้น.
กะพ้อ 0,น.,กระบอกไม้ไผ่มีด้ามยาวในตัว ใช้สำหรับตักน้ำปลาหรือน้ำตาลสดเป็นต้น.
กะพ้อ 1,น.,"ชื่อปาล์มขนาดย่อมในสกุล Licuala วงศ์ Palmae มีหลายชนิด เช่น ชนิด L. spinosa Thunb. มักขึ้นเป็นกออยู่ริมทะเล หรือในที่ซึ่งนํ้าเค็มขึ้นถึง ลำต้นสูงถึง ๔ เมตร ใบกลม เส้นผ่านศูนย์กลาง ๖๐-๑๑๐ เซนติเมตร เว้าเป็นแฉกลึก ก้านใบยาว ขอบก้านมีหนาม, ชนิด L. peltata Roxb. ขึ้นตามป่าดอนในที่ชุ่มชื้นและที่แฉะ ลักษณะคล้ายชนิดแรก แต่ก้านใบลํ้าอยู่ใต้โคนใบ ทั้ง ๒ ชนิดใบใช้ห่อทำไต้ ห่อของ เย็บเป็นร่ม มุงหลังคาชั่วคราว ใบอ่อนใช้มวนบุหรี่, กะชิง ก็เรียก, ปักษ์ใต้เรียก ชิง หรือ ชิ่ง, ปาล์มพวกนี้เรียก พ้อ ก็มี เช่น ใบพ้อพันห่อหุ้ม กฤษณา (โลกนิติ)."
กะพ้อ 2,น.,ชื่อนกชนิดหนึ่ง.
กะพอง 0,น.,"ส่วนที่นูนเป็นปุ่ม ๒ ข้างหัวช้าง, กระพอง ตระพอง หรือ ตะพอง ก็ว่า."
กะพั้น 0,น.,เครื่องไม้ที่เป็นส่วนประกอบในเครื่องทอผ้า สำหรับม้วนผ้า.
กะพา 0,น.,เครื่องสานชนิดหนึ่ง สำหรับใส่สิ่งของบรรทุกไว้ที่หลังคน ใช้อย่างเป้ มีสายรัดไขว้ที่หน้าอก หรือคาดที่หน้าผาก.
กะเพรา 0,น.,ชื่อไม้ล้มลุกชนิด Ocimum tenuiflorum L. ในวงศ์ Labiatae กลิ่นฉุน ใช้ปรุงอาหาร พันธุ์ที่กิ่งและก้านใบสีเขียวอมแดงเรียก กะเพราแดง ใช้ทำยาได้.
กะเพียด 0,น.,"ชื่อพรรณไม้ ๒ ชนิดในสกุล Stemona วงศ์ Stemonaceae คือ ชนิด S. collinsiae Craib เป็นไม้เถาล้มลุก, กะเพียดช้าง หรือ ปงช้าง ก็เรียก"
กะเพียดช้าง 0,น.,"ชื่อพรรณไม้ ๒ ชนิดในสกุล Stemona วงศ์ Stemonaceae คือ ชนิด S. collinsiae Craib เป็นไม้เถาล้มลุก, กะเพียดช้าง หรือ ปงช้าง ก็เรียก"
กะเพียดหนู 0,น.,"ชื่อพรรณไม้ ๒ ชนิดในสกุล Stemona วงศ์ Stemonaceae คือ ชนิด S. collinsiae Craib เป็นไม้เถาล้มลุก, กะเพียดช้าง หรือ ปงช้าง ก็เรียก"
กะมง 0,น.,"ชื่อหนึ่งของปลาทะเลในกลุ่มปลาหางแข็ง หางกิ่ว หรือสีกุน โดยเฉพาะที่มีขนาดกลางหรือขนาดใหญ่ ในวงศ์ Carangidae มีลำตัวเพรียว แบนข้างเล็กน้อย หน้าครีบก้นมีหนามแข็ง ๒ อันพับลงในร่องได้ คอดหางแคบ เกล็ดบนเส้นข้างตัวใหญ่เป็นเหลี่ยมแข็งโดยเฉพาะที่บริเวณคอดหาง ไม่มีสีฉูดฉาด อยู่รวมกันเป็นฝูง เช่น ชนิด Caranx sexfasciatus Quoy & Gaimard, C. melampygus Cuvier, C. ignobilis (Forsskal), Carangoides gymnostethus (Cuvier), C. fulvoguttatus (Forsskal) และ Alectis ciliaris (Bloch) ปลาเหล่านี้บางชนิดอาจมีขนาดยาวได้ถึง ๑.๔ เมตร, กะมง กะม่ง หรือ ม่ง ก็เรียก."
กะม่ง 0,น.,"ชื่อหนึ่งของปลาทะเลในกลุ่มปลาหางแข็ง หางกิ่ว หรือสีกุน โดยเฉพาะที่มีขนาดกลางหรือขนาดใหญ่ ในวงศ์ Carangidae มีลำตัวเพรียว แบนข้างเล็กน้อย หน้าครีบก้นมีหนามแข็ง ๒ อันพับลงในร่องได้ คอดหางแคบ เกล็ดบนเส้นข้างตัวใหญ่เป็นเหลี่ยมแข็งโดยเฉพาะที่บริเวณคอดหาง ไม่มีสีฉูดฉาด อยู่รวมกันเป็นฝูง เช่น ชนิด Caranx sexfasciatus Quoy & Gaimard, C. melampygus Cuvier, C. ignobilis (Forsskal), Carangoides gymnostethus (Cuvier), C. fulvoguttatus (Forsskal) และ Alectis ciliaris (Bloch) ปลาเหล่านี้บางชนิดอาจมีขนาดยาวได้ถึง ๑.๔ เมตร, กะมง กะม่ง หรือ ม่ง ก็เรียก."
กะมัน 0,น.,"ชื่อปลานํ้าจืดชนิด Neolissochilus stracheyi ในวงศ์ Cyprinidae ปากเล็ก ลำตัวยาว เกล็ดใหญ่ รูปร่างคล้ายทรงกระบอก ลำตัวสีเงิน ด้านหลังสีเขียวเข้ม อาศัยอยู่ในแหล่งนํ้าสะอาดใกล้ต้นนํ้า เป็นปลาขนาดใหญ่ ยาวได้ถึง ๑ เมตร, พลวง หรือ โพ ก็เรียก."
กะเม็ง 0,น.,"ชื่อไม้ล้มลุกขนาดเล็กชนิด Eclipta prostrata L. ในวงศ์ Compositae ขึ้นอยู่ทั่วไป ลำต้นสีม่วงคลํ้า ใบเขียวมีขนคาย ดอกสีขาว ใช้ทำยาได้, กะเม็งตัวเมีย หรือ คัดเม็ง ก็เรียก."
กะเม็งตัวผู้ 0,น.,ชื่อไม้ล้มลุกชนิด Wedelia chinensis (Osbeck) Merr. ในวงศ์ Compositae ชอบขึ้นในที่ชื้นแฉะ ทอดลำต้นและออกรากตอนโคน ใบคาย ดอกสีเหลือง ใช้ทำยาได้.
กะเม็งตัวเมีย 0,น.,"ชื่อไม้ล้มลุกขนาดเล็กชนิด Eclipta prostrata L. ในวงศ์ Compositae ขึ้นอยู่ทั่วไป ลำต้นสีม่วงคลํ้า ใบเขียวมีขนคาย ดอกสีขาว ใช้ทำยาได้, กะเม็งตัวเมีย หรือ คัดเม็ง ก็เรียก."
กะเมีย 0,น.,ชื่อไม้เถาเนื้อแข็งชนิด Uncaria gambier Roxb. ในวงศ์ Rubiaceae ใบและกิ่งหมักแล้วนำไปสกัดได้สารที่เรียกว่า สีเสียดเทศ ใช้ทำยาได้.
กะย่อง 0,น.,"เครื่องสานชนิดหนึ่ง รูปกลมคล้ายโตก, ถ้าใหญ่ใช้เป็นสำรับ, ถ้าเล็กใช้เป็นเครื่องใส่ข้าวตอกดอกไม้บูชาตามวัด."
กะยุ 0,ก.,"ยก, ย่าง, เยื้อง, เช่น กะยุบาทไคลคลา (เสือโค), กะยุบาทเบื้องปลายตีน (พิชัยสงคราม)."
กะร่องกะแร่ง 0,ว.,"ร่องแร่ง, อาการที่ห้อยติดอยู่จวนจะหลุด."
กะระตะ 0,ก.,กระตุ้นม้าให้วิ่ง เช่น กะระตะอาชาชิงชัย (อิเหนา).
กะระนะ 0,น.,ชื่อเพลงไทย ใช้ในการบรรเลงและขับร้องในเพลงมโหรี
กะระนะ 1,น.,ชื่อเพลงไทยประเภทเพลงเรื่องเพลงช้า ประกอบด้วยเพลงกะระนะ เพลงอาถรรพณ์ เพลงแขกเห่.
กะรัง 0,น.,ปะการัง. (ดู ปะการัง).
กะรัง 1,น.,"ชื่อปลาทะเลขนาดกลางและขนาดใหญ่หลายชนิดในสกุล Epinephelus, Cephalopholis และ Plectopomus วงศ์ Serranidae หัวโต รูปร่างป้อม เรียวยาวไปทางหาง แบนข้างเล็กน้อย เกล็ดเล็ก สีตามตัวและครีบเป็นดอกดวง แต้ม หรือบั้ง ฉูดฉาดหรือคลํ้าทึบแตกต่างกัน ขึ้นอยู่กับชนิดและขนาด พบอาศัยอยู่ตามบริเวณหมู่ปะการัง โขดหินใกล้ฝั่งหรือเกาะ."
กะรัต 0,น.,หน่วยมาตราชั่งเพชรพลอย ๑ กะรัต เท่ากับ ๒๐ เซนติกรัม หรือ ๓.๐๘๖๕ เกรน เช่น เพชรเม็ดนี้หนัก ๕ กะรัต.
กะรัต 1,น.,ปริมาณทองคำแท้ที่ประสมอยู่กับธาตุอื่น โดยกำหนดทองคำและโลหะที่ประสมกันนั้นรวมเป็น ๒๔ ส่วน เช่น ทองคำ ๑๔ กะรัต หมายความว่า มีเนื้อทองคำ ๑๔ ส่วน นอกนั้นอีก ๑๐ ส่วนเป็นธาตุอื่นประสม.
กะรัตหลวง 0,น.,"มาตรานํ้าหนักตามวิธีประเพณี ใช้สำหรับชั่งเพชรพลอยเท่านั้น เป็นเมตริกกะรัต เท่ากับ ๒๐ เซนติกรัม, อักษรย่อว่า กต."
กะราง 0,น.,"ชื่อนกขนาดกลางหลายชนิด ใน ๒ วงศ์ ลำตัวอ้วนป้อม หากินเป็นฝูงตามพื้นดิน อาจหากินร่วมกับนกชนิดอื่น ๆ พวกที่อยู่ในวงศ์ Sylviidae มีปากหนาสั้นสีดำปลายแหลม เช่น กะรางหัวหงอก [ Garrulax leucolophus (Hardwicke)] กะรางคอดำ [ G. chinensis (Scopoli)] กะรางสร้อยคอเล็ก [ G. monileqer (Hodgson)] พวกที่อยู่ในวงศ์ Upupidae ได้แก่ กะรางหัวขวาน ( Upupa epops Linn.) ปากยาวแหลมโค้งสีดำ หงอนขนสีส้มขอบดำ ลักษณะหงอนขนเหมือนหมวกของอินเดียนแดง ขนตามลำตัวสีนํ้าตาลอมเหลือง มีแถบดำขาวสลับกัน, ชนิดนี้ การางหัวขวาน หรือ หงอนชบา ก็เรียก."
กะริง 0,น.,"บ่วงหวายสำหรับดักสัตว์อย่างเนื้อและกวาง. (ประพาสมลายู), กระหริ่ง ก็ว่า."
กะริงกะเรียด 0,ก.,ดัดจริต เช่น เป็นหญิงเจ้าแม่อา อย่าทำกะริงกะเรียด ตัวเจ้ายังน้อยสักเท่าเขียด เจ้ามาวอนแม่จะมีผัว (มโนห์รา).
กะรุงกะรัง 0,ว.,อาการที่ห้อยหรือแขวนสิ่งต่าง ๆ อย่างไม่เป็นระเบียบ.
กะรุ่งกะริ่ง 0,ว.,อาการที่ขาดออกเป็นริ้ว ๆ หรือเป็นชิ้นเล็กชิ้นน้อยติดห้อยอยู่.
กะรุน 0,น.,"แร่ชนิดหนึ่ง ประกอบด้วยธาตุอะลูมิเนียมกับออกซิเจน แต่มักมีสิ่งอื่นผสมอยู่ทำให้มีสีต่าง ๆ เช่น ถ้าเป็นสีแดง เรียกว่า ทับทิม, ถ้าเป็นสีนํ้าเงิน เรียกว่า พลอยสีนํ้าเงิน, ถ้าเป็นสีเขียว เรียกว่า เขียวส่องหรือ เขียวมรกต."
กะเร 0,น.,ต้นต้นตายใบเป็น. (ดู ต้นตายใบเป็น).
กะเรกะร่อน 0,น.,ชื่อกล้วยไม้หลายชนิดในสกุล Cymbidium วงศ์ Orchidaceae อิงอาศัยตามต้นไม้ ใบเขียวหนา ยาว ๒๐-๖๐ เซนติเมตร เช่น กะเรกะร่อนด้ามข้าว ( C. bicolor Lindl.) ดอกสีขาว กะเรกะร่อนปากเป็ด ( C. finlaysonianum Lindl.) ดอกสีเหลือง ปากสีแดงคลํ้า.
กะเร่กะร่อน 0,ก.,"เร่ร่อนเรื่อยไป, ไม่อยู่ประจำที่."
กะเร่อ 0,ว.,"เซ่อ, เซอะ."
กะเร่อกะร่า 0,ว.,"อาการที่แต่งกายรุ่มร่ามเกินพอดี เช่น เขาแต่งตัวกะเร่อกะร่าผิดกาลเทศะ, ซุ่มซ่าม เช่น เขาเดินกะเร่อกะร่าออกไปกลางถนนเลยถูกรถชน, เซ่อซ่า เช่น เขากะเร่อกะร่าเข้าไปอยู่กับพวกเล่นการพนันเลยถูกจับไปด้วย, เก้งก้าง เช่น เขาเป็นคนท่าทางกะเร่อกะร่า, กะเล่อกะล่า เร่อร่า หรือ เล่อล่า ก็ว่า."
กะเรี่ยกะราด 0,ว.,"เรี่ยราย, กระจัดกระจาย"
กะเรี่ยกะราด 1,ว.,วางหน้าไม่สนิท.
กะโรกะเร 0,ก.,"ง่อนแง่น, จวนจะล้ม."
กะลวย 0,น.,เรียกขนหางไก่ตัวผู้ที่ยื่นยาวกว่าเส้นอื่น ว่า หางกะลวย.
กะลอ 0,น.,ชื่อไม้ต้นขนาดย่อมหลายชนิดในสกุล Macaranga วงศ์ Euphorbiaceae มักขึ้นในป่าใสในที่ชุ่มชื้น ก้านใบลํ้าอยู่ใต้โคนใบ เช่น ชนิด M. tanarius Müll. Arg.
กะล่อกะแล่ 0,ว.,ทีเล่นทีจริง.
กะลอจี๊ 0,น.,ชื่อขนมของจีนชนิดหนึ่ง ทำด้วยแป้งข้าวเหนียวจี่ไฟอ่อน ๆ ตัดเป็นชิ้น ๆ เวลากินคลุกงาดำผสมนํ้าตาลทรายขาว.
กะล่อน 0,น.,"ชื่อมะม่วงชนิด Mangifera caloneura Kurz ในวงศ์ Anacardiaceae ผลเล็ก เนื้อไม่มีเสี้ยน เมื่อสุกมีกลิ่นหอมแรง, ขี้ไต้ ก็เรียก."
กะล่อน 1,ว.,อาการที่พูดคล่อง แต่ไม่จริงเป็นส่วนมาก.
กะลอม 0,น.,"ชะลอม, เครื่องสานชนิดหนึ่ง รูปทรงกระบอก สานด้วยตอกเป็นด้น ตาห่าง ๆ สำหรับใส่สิ่งของ เช่น ถ่าน."
กะล่อมกะแล่ม 0,ก.,"เคี้ยวไม่ทันแหลกแล้วรีบกลืน, เคี้ยวไม่ถนัด"
กะล่อมกะแล่ม 1,ก.,"พูดอ้อมแอ้มพอให้ผ่านไป, พูดไม่สู้ชัดความเพื่อให้เสร็จไป, โดยปริยายหมายความว่า ทำพอให้ผ่าน ๆ ไป"
กะล่อมกะแล่ม 2,ก.,กล้อมแกล้ม ก็ว่า.
กะล่อยกะหลิบ 0,ว.,คล่องแคล่วว่องไวในการใช้มืออย่างแนบเนียนน่าดู เช่น เด็กคนนี้รู้จักเปิบข้าวดูกะล่อยกะหลิบ
กะล่อยกะหลิบ 1,ว.,ดูเหมือนเร็ว ๆ นี้ เช่น ดูกะล่อยกะหลิบเมื่อไม่นานมานี่เอง ล่วงเข้ามาหลายเดือนแล้ว.
กะละปังหา 0,น.,"ชื่อสัตว์ทะเลไม่มีกระดูกสันหลังหลายชนิด ชั้น Anthozoa ตัวมีขนาดเล็ก รูปร่างทรงกระบอก อยู่รวมกันเป็นกลุ่ม สร้างเปลือกเป็นโครงร่างแข็งเชื่อมต่อเนื่องกันไปลักษณะคล้ายกิ่งไม้ มีสีต่างกันตามแต่ชนิด บางชนิดมีขนาดใหญ่และแข็ง นิยมนำมาทำเป็นลูกปัด เครื่องประดับ พวกที่อยู่ในอันดับ Gorgonacea มีสีแดง เหลือง ส้ม ม่วง พวกที่อยู่ในอันดับ Antipatharia มีสีดำ, กัลปังหา ก็เรียก."
กะละมัง 0,น.,ภาชนะที่ทำด้วยโลหะเคลือบ มีขนาดต่าง ๆ กัน เช่น ชามกะละมัง ถาดกะละมัง.
กะละแม 0,น.,ชื่อขนมชนิดหนึ่ง ทำด้วยข้าวเหนียว กะทิ และนํ้าตาลโตนดหรือน้ำตาลมะพร้าว กวนจนเหนียวเป็นสีดำ.
กะละออม 0,น.,"ภาชนะสานด้วยไม้ไผ่ ยาชัน รูปคล้ายกระบุงขนาดย่อม ปากสอบ ใช้ใส่น้ำ, กระออม กะออม หรือ กัลออม ก็ว่า."
กะลังตังไก่ 0,น.,"ชื่อไม้ล้มลุกชนิด Laportea interrupta (L.) Chew ในวงศ์ Urticaceae มีขนตามลำต้นและใบ ถูกเข้าจะคันและเป็นผื่นตามผิวหนัง, ตำแยตัวเมีย หรือ กะลังตังไก่ ก็เรียก."
กะลังตังช้าง 0,น.,"ชื่อไม้ต้นขนาดกลางชนิด Dendrocnide sinuata (Blume) Chew ในวงศ์ Urticaceae ใบใหญ่ ขอบจัก ถูกเข้าจะปวดคันและเป็นผื่นตามผิวหนัง, กะลังตังช้าง ก็เรียก."
กะลัน 0,น.,"เครื่องดักปลาไหล ทำด้วยกระบอกไม้ไผ่เหลือข้อไว้ด้านหนึ่ง ที่ปากกระบอกมีงาแซง, กะลัน ก็เรียก."
กะลันทา 0,น.,"ชื่อไม้พุ่มชนิด Harrisonia perforata (Blanco) Merr. ในวงศ์ Simaroubaceae มักขึ้นเป็นหมู่ในป่าโปร่ง สูงได้ถึง ๘ เมตร มีหนามทั่วต้น ใบคล้ายมะขวิดแต่เขื่องกว่า ดอกสีขาว ผลกลมแป้นขนาดราวหัวแม่มือ ทุกส่วนมีรสขม ใช้ทำยาได้ กิ่งใช้ทำไม้สีฟัน, สีฟันคนทา หรือ กะลันทา ก็เรียก, พายัพเรียก จี้ หรือ หนามจี้."
กะลา 0,น.,ส่วนแข็งที่หุ้มเนื้อมะพร้าว ถ้าผ่าซีก ซีกที่มีตา เรียกว่า กะลาตัวผู้ ซีกที่ตัน เรียกว่า กะลาตัวเมีย
กะลา 1,น.,เรียกชามเนื้อกระเบื้อง รูปร่างคล้ายกะลา ด้านนอกสีน้ำตาลแก่ ด้านในสีขาว เขียนลายสีคราม มีขนาดต่าง ๆ กัน ว่า ชามกะลา
กะลา 2,น.,เรียกผมที่ตัดเป็นรูปกะลาครอบ ว่า ผมทรงกะลาครอบ
กะลา 3,น.,เรียกหมวกที่มีรูปคล้ายกะลาครอบ ว่า หมวกกะลา หรือ หมวกกะลาครอบ.
กะลา 4,ว.,มีค่าน้อย เช่น เก่ากะลา.
กะลา 5,น.,"ชื่อไม้ล้มลุกชนิด Etlingera elatior (Jack) R. M. Sm. ในวงศ์ Zingiberaceae ต้นคล้ายข่า สูง ๓-๔ เมตร ช่อดอกคล้ายบัวตูมแต่กลีบแข็ง สีชมพูหรือแดง มีดอกเล็ก ๆ แน่นเป็นกระจุกอยู่ภายใน ก้านช่อดอกผุดขึ้นจากดินและยาวได้ถึง ๑ เมตร หน่อและดอกอ่อนใช้เป็นอาหาร, กาหลา หรือ ดาหลา ก็เรียก, ปักษ์ใต้บางจังหวัดเรียก ปุดกะลา."
กะลาง 0,น.,"ชื่อนกขนาดกลางหลายชนิด ใน ๒ วงศ์ ลำตัวอ้วนป้อม หากินเป็นฝูงตามพื้นดิน อาจหากินร่วมกับนกชนิดอื่น ๆ พวกที่อยู่ในวงศ์ Sylviidae มีปากหนาสั้นสีดำปลายแหลม เช่น กะรางหัวหงอก [ Garrulax leucolophus (Hardwicke)] กะรางคอดำ [ G. chinensis (Scopoli)] กะรางสร้อยคอเล็ก [ G. monileqer (Hodgson)] พวกที่อยู่ในวงศ์ Upupidae ได้แก่ กะรางหัวขวาน ( Upupa epops Linn.) ปากยาวแหลมโค้งสีดำ หงอนขนสีส้มขอบดำ ลักษณะหงอนขนเหมือนหมวกของอินเดียนแดง ขนตามลำตัวสีนํ้าตาลอมเหลือง มีแถบดำขาวสลับกัน, ชนิดนี้ การางหัวขวาน หรือ หงอนชบา ก็เรียก."
กะลาซอ 0,น.,"กะลามะพร้าวที่มีปุ่มนูนเป็นรูปสามเส้า ใช้สำหรับทำซอสามสาย, เรียกลักษณะของหัวกะโหลกศีรษะที่เป็นรูปอย่างนั้น."
กะลาสี 0,น.,ลูกเรือ.
กะลาสี 1,ว.,อย่างเครื่องแต่งกายกะลาสีสมัยโบราณหรือพลทหารเรือปัจจุบัน เช่น หมวกกะลาสี เงื่อนกะลาสี คอปกเสื้อกะลาสี.
กะลาหัว 0,*น.,กะโหลกศีรษะ เช่น ไม่เจียมกะลาหัว คุ้มกะลาหัว.
กะลำพร 0,น.,"กระลัมพร, โทษใหญ่, ความฉิบหาย, เขียนเป็น กระลำพร ก็มี. (ดู กลัมพร)."
กะลำพอ 0,น.,ต้นหลุมพอ เช่น โพกพายโพกะลำพอ (ประชุมเชิญขวัญ). (ดู หลุมพอ).
กะลิง 0,น.,"ชื่อนกปากขอชนิด Psittacula finschii (Hume) ในวงศ์ Psittacidae ตัวขนาดไล่เลี่ยกับนกแขกเต้าที่พบในประเทศไทย ปากสีแดง โดยปลายขากรรไกรบนสีแดงปลายเหลือง ขากรรไกรล่างสีเหลือง หัวสีเทา ตัวสีเขียว หางยาว กินผลไม้และเมล็ดพืช, กะแล ก็เรียก."
กะลิงปลิง 0,น.,ชื่อนกชนิดหนึ่ง.
กะลิ้มกะเหลี่ย 0,ว.,แสดงอาการให้รู้ว่าอยากได้.
กะลิอ่อง 0,น.,กล้วยนํ้าว้า. (ดู นํ้าว้า).
กะลุมพี 0,น.,"ชื่อปาล์มชนิด Eleiodoxa conferta (Griff.) Burret. ในวงศ์ Palmae ขึ้นเป็นกอในป่าพรุและที่ชื้นแฉะทางภาคใต้ ผลเป็นช่อใหญ่และแน่น ปลายผลตัด ผิวเหลืองเกลี้ยงเป็นมัน ไม่มีหนาม เยื่อหุ้มเมล็ดขาว รสเปรี้ยว ๆ ฝาด ๆ กินได้ ยางในลำต้นเหนียวใช้ติดกระดาษแทนกาวได้, ลุมพี ก็เรียก, ปักษ์ใต้เรียก หลุมพี."
กะเล็ง 0,น.,แขกกลิงค์. (ดู กลิงค์).
กะเล่อกะล่า 0,น.,"อาการที่แต่งกายรุ่มร่ามเกินพอดี เช่น เขาแต่งตัวกะเร่อกะร่าผิดกาลเทศะ, ซุ่มซ่าม เช่น เขาเดินกะเร่อกะร่าออกไปกลางถนนเลยถูกรถชน, เซ่อซ่า เช่น เขากะเร่อกะร่าเข้าไปอยู่กับพวกเล่นการพนันเลยถูกจับไปด้วย, เก้งก้าง เช่น เขาเป็นคนท่าทางกะเร่อกะร่า, กะเล่อกะล่า เร่อร่า หรือ เล่อล่า ก็ว่า."
กะเลิด 0,น.,ยานชนิดหนึ่ง คล้ายเลื่อน แต่ใช้เทียมด้วยวัวหรือควาย ไม่มีล้อ ใช้ลากไปตามท้องนาและหมู่บ้าน สำหรับบรรทุกฟ่อนข้าวเป็นต้น.
กะเลียว 0,น.,"สีเขียวอมดำ, เรียกม้าที่มีสีเช่นนั้น ว่า ม้ากะเลียว หรือ ม้าสีกะเลียว เช่น ข้าเห็นพาชีสีกะเลียว มาเที่ยวกินถั่วริมรั้วไร่ (สังข์ทอง)."
กะแล 0,น.,"กาแล, ชื่อไม้เครื่องเรือนที่ต่อจากปั้นลมทั้ง ๒ ด้านไปไขว้กัน อยู่ตอนบนสุดของหลังคาที่ยื่นจากหน้าจั่ว อาจสลักลวดลายตามแต่จะเห็นงาม, บางถิ่นเรียก แกแล."
กะแล 1,น.,"ชื่อไม้พุ่มรอเลื้อยเนื้อแข็งชนิด Maclura cochinchinensis (Lour.) Corner ในวงศ์ Moraceae ขึ้นในป่าดิบ ต้นมีหนาม แก่นเหลืองใช้ย้อมผ้าและทำยา, กะแล หรือ เข ก็เรียก."
กะแล 2,น.,"ชื่อนกปากขอชนิด Psittacula finschii (Hume) ในวงศ์ Psittacidae ตัวขนาดไล่เลี่ยกับนกแขกเต้าที่พบในประเทศไทย ปากสีแดง โดยปลายขากรรไกรบนสีแดงปลายเหลือง ขากรรไกรล่างสีเหลือง หัวสีเทา ตัวสีเขียว หางยาว กินผลไม้และเมล็ดพืช, กะแล ก็เรียก."
กะโล่ 0,น.,ภาชนะสานของโบราณ ทารัก รูปแป้น ปากคลุ่ม ใช้ใส่ของมีเครื่องตัดผมเป็นต้น
กะโล่ 1,น.,ภาชนะสานคล้ายกระด้ง แต่ก้นลึกกว่ากระด้ง มีหลายขนาด แต่ชนิดที่ทาชันเพื่อไม่ให้นํ้ารั่วออก สำหรับหมักขี้ไต้หรือยาเส้นนั้น มีขนาดใหญ่กว่ากระด้งมาก มักเรียกว่า กะโล่มอญ หรือ กระด้งมอญ
กะโล่ 2,น.,เรียกสีหน้าที่แสดงความดีใจหรือภาคภูมิใจมาก ว่า หน้าบานเป็นกะโล่
กะโล่ 3,น.,ชื่อหมวกกันแดดชนิดหนึ่ง ทรงคลุ่ม มีปีกแข็งโดยรอบ โครงทำด้วยไม้ฉำฉาหรือไม้ก๊อกเป็นต้นแล้วหุ้มผ้า หรือทำด้วยใบลาน เรียกว่า หมวกกะโล่.
กะโล่ยาชัน 0,ว.,อาการที่หน้าบานเพราะถูกใจหรือบวมมากเพราะถูกตบเป็นต้น เรียกว่า หน้าบานเป็นกะโล่ยาชัน หรือ หน้าบวมเป็นกะโล่ยาชัน.
กะวอกกะแวก 0,ว.,อาการหลุกหลิกอย่างลิง.
กะวะ 0,น.,เครื่องมือจับสัตว์นํ้าชนิดหนึ่ง สำหรับใช้ไสรุนกุ้งรุนเคยตามชายฝั่งแม่นํ้า ลำคลอง หรือทะเล รูปคล้ายสวิง มีถุงตาข่ายอย่างละเอียด.
กะวะ 1,น.,"ชื่อนกเงือกชนิด Buceros bicornis Linn. ในวงศ์ Bucerotidae เป็นนกขนาดใหญ่ที่สุดในหมู่นกเงือก โคนขากรรไกรบนมีโหนกแข็งขนาดใหญ่ คอสีขาว ปีกสีดำพาดเหลือง ปลายปีกขาว หางยาวสีขาวพาดดำ ตัวผู้ตาสีแดง ตัวเมียตาสีขาว กินผลไม้และสัตว์ขนาดเล็ก, กก หรือ กะวะ ก็เรียก."
กะส้มชื่น 0,น.,ต้นว่านนํ้า. (ดู ว่านนํ้า ที่ ว่าน).
กะสมอ 0,ก.,นำสมอเรือไปทอดไว้ในที่ที่เรือใหญ่ต้องการเข้าจอดหรือเทียบเรือ ซึ่งเป็นที่เข้าจอดหรือเข้าเทียบแล้วค่อย ๆ กว้านสมอนำเรือเข้าไป.
กะสัง 0,น.,ต้นมะสัง. (ดู มะสัง).
กะส้าหอย 0,น.,"เปลือกซากหอยต่าง ๆ ที่ทับถมกันอยู่ ใช้ทำปูนขาวที่เรียกว่า ปูนหอย. (ไกลบ้าน), กะซ้าหอย ก็ว่า."
กะหนอกะแหน 0,ว.,เสียงพูดอย่างน่าเอ็นดูเหมือนเสียงเด็กพูด.
กะหน่อง 0,น.,"น่อง, อวัยวะส่วนหลังของแข้ง ตั้งแต่ขาพับลงไปถึงส้นเท้า, กะน่อง ก็เรียก."
กะหน็องกะแหน็ง 0,ว.,"แปร่ง, ไม่ชัด, ฟังไม่ออก, (ใช้แก่การพูด), หน็องแหน็ง ก็ว่า."
กะหนะ 0,น.,ทางของต้นจากที่ใช้กรุฝา.
กะหนุงกะหนิง 0,ว.,อาการที่พูดกันเบา ๆ ด้วยความสนิทสนม.
กะหร่อง 0,ว.,ผอมอย่างไม่มีเรี่ยวแรงคล้ายคนขี้โรคหรือติดยาเสพติด.
กะหรอด 0,ว.,"ชื่อนกขนาดเล็กหลายชนิด ในวงศ์ Pycnonotidae สีเหลืองหม่น บางชนิดสีออกดำ ทำรังรูปถ้วยตามต้นไม้ กินผลไม้และแมลง เช่น ปรอดสวน ( Pycnonotus blanfordiJerdon) ปรอดทอง [ P. atriceps (Temminck)] ปรอดหัวโขน [ P. jocosus (Linn.)], กรอด ก็เรียก, บางทีเขียนเป็น กระหรอด หรือ กะหรอด."
กะหร็อมกะแหร็ม 0,ว.,"มีเล็กน้อย, มีห่าง ๆ ไม่เป็นพวกเป็นหมู่, เช่น ผมขึ้นกะหร็อมกะแหร็ม, หร็อมเเหร็ม หรือ หย็อมเเหย็ม ก็ว่า."
กะหราน 0,ว.,"อร่าม, ใช้ประกอบกับแดงหรือเหลือง เช่น แดงกะหราน เหลืองกะหราน."
กะหรี่ 0,น.,แกงกะทิชนิดหนึ่ง น้ำแกงข้น ใช้เนื้อหรือไก่เป็นต้นชิ้นโต ๆ ปรุงด้วยเครื่องแกงกะหรี่
กะหรี่ 1,น.,เรียกเครื่องแกงกะหรี่ซึ่งประกอบด้วยขมิ้นและเครื่องเทศอื่น ๆ บดเป็นผง ว่า ผงกะหรี่.
กะหรี่ 2,น.,โสเภณี (กร่อนมาจากคำว่า ช็อกการี ซึ่งเพี้ยนมาจากคำในภาษาฮินดี chokri ว่า เด็กผู้หญิง).
กะหรี่ปั๊บ 0,น.,ชื่อของกินชนิดหนึ่ง ใช้แป้งสาลีห่อไส้ที่ใช้เนื้อไก่เป็นต้นผัดกับผงกะหรี่ หรืออาจเป็นไส้อื่น ๆ เช่น ถั่วกวน เผือกกวน ม้วนปิดริมแป้งตรงที่ประกบกันให้เป็นลายเกลียว แล้วทอดนํ้ามัน.
กะหลาป๋า 0,น.,"ชื่อเมืองในเกาะชวาสมัยโบราณ ต่อมาเรียก ปัตตาเวีย, ปัจจุบันคือ จาการ์ตา"
กะหลาป๋า 1,น.,บางทีเขียนเป็น กาหลาป๋า เช่น มีพระคลังพิมานอากาษไว้กระจกเทศพรมเทศ เครื่องแก้วมาแต่เทศกาหลาป๋า ๑ (คำให้การขุนหลวงวัดประดู่ทรงธรรม)
กะหลาป๋า 2,น.,เรียกหมวกชนิดหนึ่งสานด้วยไม้ไผ่อย่างละเอียด รูปทรงสูง ผู้หญิงนิยมใช้ในเวลาแข่งเรือ มีดอกไม้จีนเสียบ เป็นของเก่าในสมัยต้นรัชกาลที่ ๕ ขึ้นไป ว่า หมวกกะหลาป๋า
กะหลาป๋า 3,น.,เรียกขวดแก้วสำหรับใช้ใส่น้ำอบ ทรงกระบอกแปดเหลี่ยม มีสีต่าง ๆ มีจุกแก้ว เถาหนึ่งมี ๓ ใบ ว่า ขวดกะหลาป๋า.
กะหลาป๋า 4,น.,ชื่อชมพู่พันธุ์หนึ่งของชนิด Syzygium samarangense (Blume) Merr. et L. M. Perry ผลสีเขียว รสหวาน เรียกว่า ชมพู่กะหลาป๋า เป็นพรรณไม้ชวา.
กะหล่ำ 0,น.,ชื่อไม้ล้มลุกชนิด Brassica oleracea L. ในวงศ์ Cruciferae มีหลายพันธุ์ เช่น กะหลํ่าปลีหรือกะหลํ่าใบ ( B. oleracea L. var. capitataL.) กะหลํ่าดอกหรือกะหลํ่าต้น ( B. oleracea L. var. botrytis L.) กะหลํ่าดาวหรือกะหลํ่าหัวลำต้น [ B. oleracea L. var. gemmifera (DC.) Thell.] และกะหลํ่าปม ( B. oleracea L. var. gongylodes L .) .
กะหลี่ 0,น.,ยอดอ่อนของต้นกัญชาหรือยาสูบ.
กะหลีกะหลอ 0,ก.,แสดงกิริยาท่าทางหรือพูดจาประจบประแจงเกินงาม.
กะหลุกกะหลิก 0,ก.,หลุก ๆ หลิก ๆ.
กะหำ 0,น.,ลูกอัณฑะ.
กะหำแพะ 0,น.,ชื่อมะเขือพันธุ์หนึ่งของชนิด Solanum melongena L. ผลมีสีม่วง สั้นและป้อมกว่ามะเขือยาว.
กะหือ 0,ว.,เสียงครวญคราง.
กะหูด 0,น.,เครื่องมือจับสัตว์นํ้าชนิดหนึ่ง ทำด้วยไม้ไผ่ รูปร่างคล้ายกรวย ปากกว้างคล้ายแตร ตอนปากมีงาแซงเพื่อมิให้ปลาหนีออกมา ใช้ในท้องที่จังหวัดจันทบุรี.
กะเหรี่ยง 0,น.,"ชื่อชนชาวเขาเผ่าหนึ่ง ปรกติอาศัยอยู่ทางพรมแดนทิศตะวันตกของประเทศไทย, โซ่ หรือ ยาง ก็เรียก, (โบ) เรียกว่า กั้ง ก็มี."
กะเหลาะเปาะ 0,ว.,"กระเปาะเหลาะ, มีสัณฐานกลมป้อม, ตะเหลาะเปาะ ก็ว่า."
กะแหยก 0,ว.,"ชื่อไม้พุ่มชนิด Pedilanthus tithymaloides (L.) Poit. ในวงศ์ Euphorbiaceae ใบหนา ดอกสีแดง ใช้ปลูกทำเป็นขอบสนาม, กะแหยก ก็เรียก."
กะแหะ 0,ก.,แหะ ๆ.
กะโหลก 0,น.,"กระดูกที่หุ้มมันสมอง, ส่วนแข็งที่หุ้มเนื้อมะพร้าวหรือตาลเป็นต้น เรียกว่า กะโหลกมะพร้าว กะโหลกตาล, ภาชนะที่ทำด้วยกะโหลกมะพร้าวโดยตัดทางตาออกพอเป็นช่องกว้างเพื่อใช้ตักนํ้า"
กะโหลก 1,น.,โดยปริยายหมายความถึงวัตถุที่มีลักษณะเช่นนั้น เช่น กะโหลกโครงหัวโขน
กะโหลก 2,น.,เรียกพรรณไม้บางชนิด เช่น ลำไย ลิ้นจี่ ที่มีผลโต เนื้อหนากว่าปรกติ เช่น ลำไยกะโหลก ลิ้นจี่กะโหลก.
กะไหล่ 0,น.,"กรรมวิธีเคลือบสิ่งที่เป็นโลหะด้วยเงินหรือทองเป็นต้น โดยใช้ปรอทละลายเงินหรือทองให้เป็นของเหลว แล้วทาลงบนโลหะที่ต้องการเคลือบ จากนั้นไล่ปรอทออกโดยใช้ความร้อน, กาไหล่ ก็ว่า."
กะไหล่ 1,ว.,เรียกของเช่นพานเป็นต้นที่เคลือบเงินหรือทองด้วยกรรมวิธีเช่นนั้นว่า พานกะไหล่เงิน พานกะไหล่ทอง.
กะอวม 0,น.,"ชื่อไม้ต้นขนาดกลางชนิด Acronychia pedunculata (L.) Miq. ในวงศ์ Rutaceae ผลเล็ก สีเขียวอ่อนหรือสีนวล กินได้, กระเบื้องถ้วย เปล้าขลิบทอง ไพรสามกอ หรือ มะงัน ก็เรียก."
กะออม 0,น.,"ภาชนะสานด้วยไม้ไผ่ ยาชัน รูปคล้ายกระบุงขนาดย่อม ปากสอบ ใช้ใส่น้ำ, กระออม กัลออม หรือ กะละออม ก็ว่า."
กะอาน 0,น.,"ชื่อเต่านํ้ากร่อยขนาดใหญ่ชนิด Batagur baska (Gray) ในวงศ์ Emydidae จมูกแหลมงอนคล้ายตะพาบ เมื่อยังเล็กกระดองค่อนข้างแบน เมื่อโตขึ้นกระดองโค้งรี เพศเมียหัวและกระดองสีน้ำตาล เพศผู้หัวและกระดองสีดำตาสีขาว ตีนมีพังผืดเต็ม สามารถปรับตัวอยู่ในนํ้าจืดได้ พบในบริเวณที่มีน้ำไหลทางภาคใต้โดยเฉพาะแถบจังหวัดสตูล, กะอาน ก็เรียก."
กะอาม 0,น.,กะอวม เช่น กะอามลั่นทมชวน ใจรื่น รมย์นา (พงศ. เหนือ).
กะอิด 0,น.,"ชื่อไม้พุ่มชนิด Capparis flavicans Kurz ในวงศ์ Capparaceae ขึ้นในป่าเบญจพรรณทั่วไป ลำต้นมีหนาม, กะอิด ตะลุ่มอิด งวงช้าง หรือ งัวเลีย ก็เรียก."
กะเอว 0,น.,"เอว เช่น ถวัดเท้าท่าเตะมวย ตึงเมื่อย หายฮา แก้กะเอวขดค้อม เข่าคู้โขยกโขยง (จารึกวัดโพธิ์), สะเอว หรือ บั้นเอว ก็ว่า."
กะแอ 0,น.,"เครื่องบังแดดมีคันปักดิน หมุนได้ตามต้องการ, โบราณเขียนเป็น กแอ เช่น นา ๑๖๐๐ กินเมืองเจียดเบื้ออหักรองตลุ่มกั้งกแอทาชาต แลฝ่ายทางบกถึงศาลาฝาแฝดแลปตูท่าหญ้าลดช้าง ลดม้า ยั่วยานคานหามร่มทงยูกันชิงกแอ (สามดวง)."
กะแอ 1,ว.,"อ่อน, เล็ก, เรียกลูกควายตัวเล็ก ๆ ตามเสียงที่มันร้อง ว่า ลูกกะแอ, ลูกแหง่ ก็เรียก."
กะแอน 0,น.,ต้นกระชาย. (ดู กระชาย).
กัก 0,ก.,"ไม่ให้ล่วงพ้นเขตที่กำหนดไว้, กำหนดเขตให้อยู่, เช่น กักตัว, กักกัน ก็ว่า"
กัก 1,ก.,"ยึดไว้, ไม่ปล่อยไป, เช่น กักรถ กักนํ้า กักไพ่."
กัก 2,ว.,อาการที่หยุดชะงัก เช่น หยุดกัก.
กั๊ก 0,น.,เรียกสี่แยก ว่า สี่กั๊ก
กั๊ก 1,น.,"ส่วน ๑ ใน ๔ ของเหล้าเทหนึ่ง, ส่วน ๑ ใน ๔ ของเหล้าขวดใหญ่ขนาด ๗๕๐ ซีซี., ส่วน ๑ ใน ๔ ของนํ้าแข็งซองหนึ่ง แบ่งออกได้เป็น ๔ มือ."
กั๊ก 2,น.,เสื้อชนิดหนึ่ง ตัวสั้นเสมอเอว ไม่มีแขน ไม่มีปก ผ่าอกตลอด ติดกระดุมหรือไม่ติดก็ได้ มักใช้สวมทับเสื้อเชิ้ต.
กั๊ก 3,น.,วิธีแทงโปวิธีหนึ่ง ถ้าลูกค้าแทงกั๊ก ๒ ประตูใด โปออกประตูใดประตูหนึ่งใน ๒ ประตูนั้น เจ้ามือใช้ ๑ ต่อ ถ้าโปออกประตูอื่นนอกจาก ๒ ประตูที่แทงไว้ เจ้ามือกิน.
กั๊ก 4,ก.,พูดติดอ่าง.
กักกรา 0,น.,โกฐกักกรา. (ดู โกฐกักกรา ที่ โกฐ).
กักกัน 0,ก.,"ไม่ให้ล่วงพ้นเขตที่กำหนดไว้, กำหนดเขตให้อยู่, กัก ก็ว่า."
กักกัน 1,น.,เป็นวิธีการเพื่อความปลอดภัยอย่างหนึ่งตามประมวลกฎหมายอาญา ใช้ในการควบคุมผู้กระทำความผิดติดนิสัยไว้ภายในเขตกำหนด เพื่อป้องกันการกระทำความผิด เพื่อดัดนิสัยและเพื่อฝึกหัดอาชีพ.
กักการุ 0,น.,ดอกฟัก เช่น อิกกักการุดิเรกอเนกดิบุษปวัน อ้อยลำแลใหญ่ครัน คือหมาก (สมุทรโฆษ).
กักขฬะ 0,ว.,หยาบคายมาก.
กักขัง 0,ก.,"บังคับให้อยู่ในสถานที่อันจำกัด, เก็บตัวไว้ในสถานที่อันจำกัด."
กักขัง 1,น.,โทษทางอาญาสถานหนึ่ง ที่ให้กักตัวผู้ต้องโทษไว้ในสถานที่ซึ่งกำหนดไว้อันมิใช่เรือนจำ มิใช่สถานีตำรวจ และมิใช่สถานที่ควบคุมผู้ต้องหาของพนักงานสอบสวน.
กักคุม 0,ก.,บังคับให้อยู่ในอารักขา.
กักด่าน 0,ก.,กักกุมไว้เพื่อตรวจตรา เช่นตรวจโรคติดต่อ.
กักตัว 0,ก.,"ยึดไว้, ไม่ปล่อยไป."
กักตุน 0,ก.,"เก็บหรือกักไว้เพื่อกันขาดแคลนหรือหวังกำไรในการค้า, ตุน ก็ว่า."
กักตุน 1,น.,มีเครื่องอุปโภคบริโภคไว้ในครอบครองเกินปริมาณที่จำเป็นสำหรับใช้ส่วนตัว และไม่นำออกจำหน่ายตามวิถีทางการค้าปรกติ.
กักบริเวณ 0,ก.,บังคับให้อยู่ในบริเวณที่กำหนดไว้.
กักยาม 0,น.,การกักตัวไว้ในบริเวณใดบริเวณหนึ่งที่สมควรตามที่จะกำหนด.
กัง 0,น.,"ชื่อลิงชนิด Macaca nemestrina (Linn.) ในวงศ์ Cercopithecidae ขนลำตัวสีน้ำตาลอมเทา หางสั้นงอโค้งขึ้นไปทางด้านหลัง ทางปักษ์ใต้ใช้เก็บมะพร้าว, กะบุด ก็เรียก."
กั้ง 0,น.,"ชื่อสัตว์นํ้าไม่มีกระดูกสันหลังในชั้น Crustacea อันดับ Stomatopoda มีหลายวงศ์ ส่วนใหญ่อยู่ในวงศ์ Squillidae หายใจด้วยเหงือก ลำตัวแบนหรือกลม แบ่งเป็นปล้อง ๆ เปลือกที่หุ้มท่อนหัวและอกคลุมมาถึงอกปล้องที่ ๕ แต่ไม่ถึงปล้องที่ ๘ กรีมีลักษณะแบนราบ มี ๖ ขา, กั้งตั๊กแตน ก็เรียก."
กั้ง 1,ก.,"กั้น เช่น นา ๑๖๐๐ กินเมืองเจียดเบื้ออหักรองตลุ่มกั้งกแอทาชาต (สามดวง), ดุจจันทราทิตยมณฑล เกือบกั้งเบื้องบน บุรีระเรื่อยฉายา (อนิรุทธ์)."
กั้ง 2,น.,กะเหรี่ยง.
กั้งกระดาน 0,น.,ชื่อกุ้งทะเลชนิด Thenus orientalis (Lund) ในวงศ์ Scyllaridae ขนาดยาวได้ถึง ๒๕ เซนติเมตร หัวและลำตัวหุ้มด้วยเปลือกแข็งสีนํ้าตาล ส่วนหัวและหนวดคู่ที่ ๒ แบน แพนหางแผ่ราบได้กว้าง งอพับเข้าใต้ท้องเมื่อดีดตัวถอยหลังหนีศัตรู อาศัยคืบคลานอยู่ตามพื้นทะเล พบทั่วไป มักเรียกกันว่า กั้งกระดาน.
กังกะ 0,น.,เหยี่ยว เช่น เกิดเป็นภักษแก่กังกโกรญจคฤธรกา บินมาวว่อนร่อน ก็ร้อง(สมุทรโฆษ).
กังก้า 0,ว.,"จังก้า, ลักษณะยืนถ่างขาตั้งท่าเตรียมสู้ เช่น ถกเขมรกังก้าเรียกข้าไทย (ขุนช้างขุนแผน-แจ้ง)."
กังเกียง 0,ว.,"ไม่ลงรูป, ไม่ลงรอย, ไม่ลงที่, สวมกันไม่เข้า, ใช้ว่า กางเกี่ยง ก็มี เช่น เมื่อนั้น พระคาวีเห็นนางยังกางเกี่ยง ยิ้มพลางทางลงไปจากเตียง แล้วกล่าวเกลี้ยงแกล้งปลอบให้ชอบใจ (คาวี), กังเกียง หรือ กำเกียง ก็ว่า."
กังขา 0,น.,"ความเคลือบแคลง, ความสงสัย."
กังฉิน 0,ว.,"คดโกง, ไม่ซื่อตรง."
กั้งตั๊กแตน 0,ว.,"ชื่อสัตว์นํ้าไม่มีกระดูกสันหลังในชั้น Crustacea อันดับ Stomatopoda มีหลายวงศ์ ส่วนใหญ่อยู่ในวงศ์ Squillidae หายใจด้วยเหงือก ลำตัวแบนหรือกลม แบ่งเป็นปล้อง ๆ เปลือกที่หุ้มท่อนหัวและอกคลุมมาถึงอกปล้องที่ ๕ แต่ไม่ถึงปล้องที่ ๘ กรีมีลักษณะแบนราบ มี ๖ ขา, กั้งตั๊กแตน ก็เรียก."
กังฟู 0,น.,ศิลปะการต่อสู้ป้องกันตัวแบบหนึ่งของจีน เน้นหนักไปในทางฝึกสมาธิและความแข็งแกร่งว่องไวของร่างกาย.
กังวล 0,ก.,"ห่วงใย, มีใจพะวงอยู่."
กังวาน 0,ว.,"ก้องอยู่ได้นาน เช่น เสียงระฆังกังวาน, มีกระแสเสียงก้องและแจ่มใส."
กังเวียน 0,น.,ขอบที่เป็นระบายของผ้าปกกระพองช้าง เช่น จัดพาดกังเวียนวาง ห่อได้ (ตำราช้างคำโคลง-วชิรญาณ เล่ม ๒๑).
กังสดาล 0,น.,เครื่องตีให้เกิดเสียงอย่างหนึ่ง เป็นแผ่นโลหะหล่อจากสัมฤทธิ์หรือทองเหลือง รูปร่างคล้ายพัดที่คลี่ออก ด้านบนเจาะรูแขวน ด้านล่างเป็นวงโค้งคล้ายวงเดือน เช่น แว่วสำเนียงเสียงระฆังกังสดาล (อิเหนา).
กังสะ 0,น.,โลหะสัมฤทธิ์ เช่น บางช้างเชื้อดามพดำรี พื้นภาพหัสดี ดั่งดามพกังส กล่อมเกลา (สมุทรโฆษ).
กังไส 0,น.,เครื่องถ้วยปั้นที่ทำมาจากแคว้นเกียงสีในประเทศจีน.
กังหัน 0,น.,"สิ่งที่ประกอบด้วยใบพัดหมุนได้ด้วยกำลังลม, จังหัน ก็ว่า, โดยปริยายเรียกเครื่องหมุนบางชนิดมีรูปทำนองกังหัน ทำให้เกิดกำลังงาน เช่น กังหันนํ้า คือเครื่องหมุนด้วยกำลังนํ้า, กังหันลม คือเครื่องหมุนด้วยกำลังลม, กังหันไอนํ้า คือเครื่องหมุนด้วยกำลังไอนํ้า"
กังหัน 1,น.,ใช้เรียกเครื่องจักรที่หมุนอย่างกังหัน
กังหัน 2,น.,"ชื่อดอกไม้ไฟชนิดที่จุดแล้วหมุนอย่างกังหัน, ลักษณนามว่า ต้น."
กังหันน้ำชัยพัฒนา 0,น.,ชื่อเครื่องกลเติมอากาศที่ผิวน้ำหมุนช้าแบบทุ่นลอยแบบหนึ่ง เป็นอุปกรณ์บำบัดน้ำเสียชนิดหนึ่ง มีลักษณะการทำงานคล้ายกังหันวิดน้ำขึ้นเหนือผิวน้ำเพื่อเติมอากาศหรือออกซิเจนในแหล่งน้ำ พระบาทสมเด็จพระเจ้าอยู่หัวทรงศึกษาและประดิษฐ์อุปกรณ์เติมอากาศขึ้นแล้วทรงมอบหมายมูลนิธิชัยพัฒนา ศึกษาวิจัยเพื่อทำต้นแบบพร้อมสนับสนุนงบประมาณให้กรมชลประทานสร้าง นำไปใช้งานตามแหล่งน้ำเสียทั่วประเทศ กรมทรัพย์สินทางปัญญาได้ทูลเกล้าทูลกระหม่อมถวายการจดสิทธิบัตรการประดิษฐ์เลขที่ ๓๑๒๗ และองค์กรนักประดิษฐ์โลกจากประเทศเบลเยียมได้ทูลเกล้าทูลกระหม่อมถวายรางวัลในฐานะที่ทรงสร้างนวัตกรรมที่เป็นประโยชน์ต่อการรักษาสิ่งแวดล้อม.
กังหันใบพัด 0,น.,เครื่องยนต์ซึ่งใช้กังหันขับใบพัด.
กังหันร่อน 0,น.,ชื่อท่ารำแบบหนึ่ง โดยมือข้างใดข้างหนึ่งตั้งวง แขนตึงระดับไหล่ อีกมือหนึ่งจีบหงาย แขนตึงระดับไหล่.
กังหันไอพ่น 0,น.,"เครื่องยนต์ซึ่งใช้กังหันขับเครื่องอัดอากาศ, เครื่องยนต์ไอพ่น ก็ว่า."
กัจฉปะ 0,น.,เต่า เช่น หมู่มัจฉกัจฉปะทุกสิ่งสรรพ์ (ม. ร่ายยาว จุลพน).
กัจฉะ 0,น.,"รักแร้, ใช้ว่า พระกัจฉะ."
กัจฉา 0,น.,สายรัดท้องช้าง.
กัญ 0,น.,"กันย์, ชื่อราศีหนึ่งใน ๑๒ ราศี เช่น อีกกัญเป็นชื่อราศี (ไวพจน์ประพันธ์)."
กัญจุก 0,น.,เสื้อ.
กัญจุการา 0,น.,เสื้อ.
กัญชา 0,น.,ชื่อไม้ล้มลุกชนิด Cannabis sativa L. ในวงศ์ Cannabaceae ใบมนแฉกลึกเข้าไปทางก้านหลายแฉก ดอกสีเขียว ช่อดอกเพศผู้และช่อดอกเพศเมียอยู่ต่างต้นกัน ใบและช่อดอกเพศเมียที่แห้งเรียก กะหลี่กัญชา ใช้สูบปนกับยาสูบ มีสรรพคุณทำให้มึนเมา เปลือกลำต้นใช้ทำเชือกป่าน และทอผ้า.
กัญญา 0,น.,"สาวรุ่น, สาวน้อย."
กัญญา 1,น.,"เครื่องบังแดดรูปหลังคาทรงจั่ว ใช้สำหรับตั้งเหนือแคร่หามหรือเรือยาวเพื่อเป็นเกียรติยศแก่ผู้เป็นนายในที่นั้น, เรียกแคร่หามหรือเรือยาวที่มีกัญญา ว่า แคร่กัญญา เรือกัญญา."
กัญญา 2,น.,เรียกข้าวเหนียวดำพันธุ์หนึ่งที่เมล็ดดำเป็นมัน ว่า ข้าวกัญญา.
กัฐ 0,น.,ไม้ฟืน
กัฐ 1,น.,ไม้วัด (คือใช้ในมาตราวัด).
กัณฏกะ 0,น.,หนาม.
กัณฐ- 0,น.,คอ.
กัณฐกะ 0,น.,หนาม.
กัณฐกะ 1,น.,เครื่องประดับคอ เช่น คางเพลาคือกลวิมลกัณ- ฐกก่องคือแสงสรวล (สมุทรโฆษ).
กัณฐชะ 0,น.,อักษรในภาษาบาลีและสันสกฤตที่มีเสียงเกิดที่เพดานอ่อน ได้แก่ พยัญชนะวรรค ก คือ ก ข ค ฆ ง และอักษรที่มีเสียงเกิดที่เส้นเสียงในลำคอ ได้แก่ ห และ สระ อะ อา.
กัณฐัศ 0,น.,"ชื่อม้าตระกูลหนึ่ง, ในบทกลอนใช้เรียกม้าทั่วไป."
กัณฐัศว์ 0,น.,"ชื่อม้าตระกูลหนึ่ง, ในบทกลอนใช้เรียกม้าทั่วไป."
กัณฐา 0,น.,คอ.
กัณฐี 0,น.,เครื่องประดับคอ เช่น แก้วกัณฐีถนิมมาศนั้น (ม. คำหลวง มหาราช).
กัณฑ์ 0,น.,"ข้อความที่แต่งเป็นคำเทศน์เรื่องหนึ่ง ๆ ที่จบลงคราวหนึ่ง ๆ, ตอนหนึ่ง ๆ ของคำเทศน์ที่เป็นเรื่องยาว เช่น มหาเวสสันดรชาดก กัณฑ์ทศพร กัณฑ์หิมพานต์, ลักษณนามของเทศน์ เช่น เทศน์กัณฑ์หนึ่ง เทศน์ ๒ กัณฑ์"
กัณฑ์ 1,น.,"เรื่องหรือหมวด, ตอน, ส่วนของเรื่อง, เช่น วานรกัณฑ์."
กัณฑ์เทศน์ 0,น.,"สิ่งของหรือไทยธรรมสำหรับถวายพระภิกษุสามเณรผู้แสดงพระธรรมเทศนา, เครื่องกัณฑ์ ก็ว่า"
กัณฑ์เทศน์ 1,น.,เรียกการเอาเงินติดต้นเทียนบูชากัณฑ์เทศน์หรือเรียกการเอาเงินหรือสิ่งของบูชาธรรมเนื่องในการเทศน์ ว่า ติดกัณฑ์เทศน์.
กัณณ์ 0,น.,หู.
กัณห- 0,ว.,"ดำ, มักใช้เป็นส่วนหน้าของสมาส."
กัณหธรรม 0,น.,ธรรมฝ่ายดำ คือ อกุศล.
กัณหปักษ์ 0,น.,ฝ่ายดำ คือ ข้างแรม.
กัด 0,ก.,"เอาฟันกดไว้โดยแรง เพื่อไม่ให้สิ่งที่กดไว้หลุดไป เช่น กัดสำลีไว้ให้แน่น หรือเพื่อให้เข้าไป ให้ทะลุ ให้ฉีกขาด เป็นต้น เช่น สุนัขกัดเข้าไปถึงกระดูก หนูกัดผ้าเป็นรู, โดยปริยายหมายความว่า ทำให้กร่อนสลายหรือจางไป เช่น สนิมกัดเหล็ก กัดสิวกัดฝ้าออกให้หมด, ทำให้เปื่อยเป็นแผล เช่น ปูนกัดปาก น้ำกัดเท้า"
กัด 1,ก.,"หาเรื่อง เช่น เขากัดฉันไม่เลิก, ทะเลาะวิวาท เช่น ๒ คนนี้กัดกันอยู่เสมอ."
กัด 2,น.,เครื่องมือจับปลาทะเลชนิดอวน.
กัด 3,น.,ชื่อปลานํ้าจืดขนาดเล็กชนิด Betta splendens Regan ในวงศ์ Osphronemidae ขนาดยาวได้ถึง ๖.๕ เซนติเมตร ทำรังเป็นหวอดที่ผิวนํ้า ตัวผู้ใหญ่กว่าตัวเมีย มีสีสวยงาม สามารถกางครีบและแผ่นปิดเหงือก เปล่งสีลำตัวให้เข้มขึ้น ในขณะต่อสู้มักกัดกัน จึงเรียกว่า ปลากัด.
กัด 4,น.,พิกัด.
กัด 5,น.,คำกำกับชื่อปีในวิธีนับศักราชของไทยเหนือ ตรงกับเลข ๖.
กัดก้อนเกลือกิน 0,ก.,ใช้ชีวิตอย่างแร้นแค้นมาก.
กัดค่า 0,ก.,กำหนดราคา เช่น ซ้นนกัดค่าพระราชกุมาร (ม. คำหลวง กุมาร).
กัดติด 0,ก.,"ติดตามอย่างไม่ละวาง, ทำงานเรื่องใดเรื่องหนึ่งอย่างจริงจัง เช่น เขาทำงานแบบกัดไม่ปล่อย."
กัดป่า 0,น.,"ชื่อปลานํ้าจืดขนาดเล็กในสกุล Trichopsis วงศ์ Anabantidae หรือ Belontiidae พบทั่วไป รูปร่างคล้ายปลากัดซึ่งอยู่ในวงศ์เดียวกัน แต่หัวแหลมกว่าและสีไม่สดสวย มักมีแถบสีเข้มพาดตลอดข้างตัว ๒-๓ แถบ ขนาดยาวได้ถึง ๗ เซนติเมตร ที่พบมากได้แก่ กริมข้างลาย [ T. vittatus (Cavier)], กัดป่า ก็เรียก."
กัดฟัน 0,ก.,"เอาฟันต่อฟันกดกันไว้แน่น เป็นอาการแสดงถึงความอดกลั้น, โดยปริยายหมายความว่า มานะ"
กัดฟัน 1,ก.,ขบฟันในเวลานอนหลับ.
กัดไม่ปล่อย 0,ก.,"ติดตามอย่างไม่ละวาง, ทำงานเรื่องใดเรื่องหนึ่งอย่างจริงจัง เช่น เขาทำงานแบบกัดไม่ปล่อย."
กัดลาก 0,น.,เครื่องมือจับสัตว์นํ้าชนิดหนึ่ง. (ดู อวนลาก).
กัดวาง 0,น.,เครื่องมือจับสัตว์นํ้าชนิดหนึ่ง. (ดู อวนลอย).
กัดหางตัวเอง 0,ว.,พูดวนไปวนมา.
กัตติกมาส 0,น.,เดือนอันมีพระจันทร์เพ็ญเสวยฤกษ์กัตติกา คือ เดือน ๑๒ ตามจันทรคติ ตกในราวเดือนพฤศจิกายน.
กัตติกา 0,น.,"ดาวฤกษ์ที่ ๓ มี ๘ ดวง เห็นเป็นรูปธงสามเหลี่ยม มีหางเรียวยาว, ดาวธงสามเหลี่ยม ดาวลูกไก่ ดาวกฤติกา หรือ ดาวกฤตติกา ก็เรียก."
กัตติเกยา 0,น.,การตามเพลิงในพิธีพราหมณ์.
กัตรทัณฑ์ 0,น.,ไม้เท้าคนแก่ เช่น แล้วทรงธารพระกรกัตรทัณฑ์ (ม. ร่ายยาว วนปเวสน์).
กัตรา 0,น.,เรือผีหลอก.
กัทลี 0,น.,กล้วย เช่น คิดพ่างผลกัทลี ฆ่ากล้วย (โลกนิติ).
กั่น 0,น.,ส่วนที่ถัดจากโคนอาวุธ เช่นหอก ดาบ หรือเครื่องมือ เช่นสิ่ว บุ้ง สำหรับหยั่งลงไปในด้าม.
กั้น 0,ก.,กีดขวางหรือทำสิ่งกีดขวางเพื่อบัง คั่น หรือกันไว้ไม่ให้เข้ามา เช่น ภูเขากั้นเขตแดน กั้นถนน.
กัน 0,ส.,"คำใช้แทนตัวผู้พูด เพศชาย พูดกับผู้เสมอกันหรือผู้น้อยในทำนองกันเอง, เป็นสรรพนามบุรุษที่ ๑, เช่น กันจะไปรอที่สถานีรถไฟ."
กัน 1,ว.,คำประกอบท้ายกริยาของผู้กระทำตั้งแต่ ๒ คนขึ้นไป แสดงการกระทำร่วมกัน อย่างเดียวกัน หรือต่อกัน เช่น คิดกัน หารือกัน.
กัน 2,ก.,"กีดขวางไว้ไม่ให้เข้ามาหรือออกไป หรือไม่ให้เกิดมีขึ้น เช่น กันฝน กันสนิม กันภัย, แยกไว้ เช่น กันเงินไว้ ๕๐๐ บาทเพื่อจ่ายในสิ่งที่จำเป็น กันเอาไว้เป็นพยาน."
กัน 3,น.,"ชื่อช้างศึกพวกหนึ่ง มีหน้าที่ป้องกันและล้อมทัพ, เรียกเรือซึ่งกำหนดให้เข้ากระบวนเสด็จทางชลมารค ตั้งเป็นแถวขนาบกระบวนเรือพระที่นั่งทั้ง ๒ ข้าง ทำหน้าที่ถวายอารักขา ว่า เรือกัน."
กัน 4,ก.,โกนให้เป็นแนวเสมอกัน เช่น กันคิ้ว กันหนวด.
กันกง 0,ก.,"ล้อมวง, กันรอบ."
กั้นกาง 0,ก.,กางแขนออกขวางทางไว้.
กันเกรา 0,น.,"ชื่อไม้ต้นขนาดกลางถึงขนาดใหญ่ชนิด Fagraea fragrans Roxb. ในวงศ์ Gentianaceae ชอบขึ้นในที่ชื้นแฉะทั่วไปในป่าดิบ ใบสีเขียวแก่ ค่อนข้างหนา ยาวราว ๕-๗ เซนติเมตร ดอกดก สีขาวแล้วเปลี่ยนเป็นสีเหลือง หอมมาก ออกเป็นช่อคล้ายช่อดอกเข็ม ผลเท่าเมล็ดถั่วลันเตา เมื่อสุกสีแดง เนื้อไม้สีเหลืองละเอียด แน่น เป็นมัน แข็งและทนทาน นิยมใช้ในการก่อสร้างต่าง ๆ, ตำเสา หรือ มันปลา ก็เรียก."
กันไกร 0,น.,"เครื่องมือสำหรับตัดโดยใช้หนีบ มี ๒ ขา, ลักษณนามว่า เล่ม, เขียนเป็น กรรไกร หรือ กรรไตร ก็มี."
กันฉิ่ง 0,น.,"เครื่องประกอบยศของเจ้านาย ขุนนาง และราชพาหนะ มีรูปร่างคล้ายสัปทนขนาดเล็ก บุด้วยผ้าต่างสีต่างชนิดกันตามชั้นยศ ระบายรอบอย่างน้อย ๒ ชั้น ยาวปรกลงมามากกว่าสัปทน สำรับหนึ่งมี ๔ คัน ใช้ตั้งแต่งประจำมุมทั้ง ๔ ของผู้ครองยศ หรือถือเข้ากระบวนแห่ เช่น แห่พระยาแรกนา แห่ช้างสำคัญ, กระชิง กระฉิ่ง กะชิง กันฉิ่ง หรือ กันชิง ก็เรียก."
กันชน 0,น.,"เครื่องป้องกันการกระทบกระแทกด้านหน้าและด้านหลังรถยนต์, เรียกประเทศหรือรัฐที่กั้นอยู่ระหว่างดินแดนของ ๒ ประเทศ เพื่อมิให้พิพาทกันในเรื่องดินแดนและผลประโยชน์ ว่า ประเทศกันชน หรือ รัฐกันชน."
กันชิง 0,น.,"เครื่องประกอบยศของเจ้านาย ขุนนาง และราชพาหนะ มีรูปร่างคล้ายสัปทนขนาดเล็ก บุด้วยผ้าต่างสีต่างชนิดกันตามชั้นยศ ระบายรอบอย่างน้อย ๒ ชั้น ยาวปรกลงมามากกว่าสัปทน สำรับหนึ่งมี ๔ คัน ใช้ตั้งแต่งประจำมุมทั้ง ๔ ของผู้ครองยศ หรือถือเข้ากระบวนแห่ เช่น แห่พระยาแรกนา แห่ช้างสำคัญ, กระชิง กระฉิ่ง กะชิง กันฉิ่ง หรือ กันชิง ก็เรียก."
กันชีพ 0,น.,"เข็มขัดของทหารมหาดเล็กรักษาพระองค์มีกระเป๋าใส่ลูกปืน, ถุงเยียรบับห้อยจากผ้าปกหลัง ๒ ข้างของช้าง สำหรับใส่อาหาร ของกิน และอาวุธเป็นต้น, ถุงหนังห้อย ๒ ข้างคอม้า สำหรับใส่ข้าวของกินเป็นต้น, ใช้ว่า กันชีพ ก็มี."
กันเชอ 0,น.,"ภาชนะสานคล้ายกระจาดขนาดเล็ก แต่สูงกว่า ก้นสอบ ปากกว้าง ใช้กระเดียด, กระเชอ ก็เรียก."
กันโชก 0,ก.,กรรโชก.
กั้นซู่ 0,น.,ส่วนประกอบของเครื่องมือชนิดหนึ่งใช้จับปลา มีลักษณะเป็นไม้ซึ่งปักเป็นปีกออกไป ๒ ข้างของปากไซมาน.
กั้นซู่รั้วไซมาน 0,น.,"เครื่องมือชนิดหนึ่งใช้จับปลา ลักษณะเป็นถุงตาข่ายยาว ใช้หลักขนาดใหญ่ ๒ ต้น ปักห่างกันประมาณ ๖ เมตร เพื่อกางปากถุงไว้ใต้น้ำสำหรับดักปลาที่ว่ายตามกระแสน้ำลง มีไม้จริงขนาดเล็กหรือไม้รวกปักเป็นระยะออกจากปากถุงเป็นปีก ๒ ข้าง ให้ปีกกางเฉียงออกทำมุมประมาณ ๔๕-๙๐ องศา, ซู่กั้นรั้วไซมาน หรือ รั้วไซมาน ก็เรียก."
กันแซง 0,น.,"เจ้าพนักงานทำหน้าที่แซงในกระบวนพยุหยาตราเพื่อป้องกันจอมทัพ, คู่กันกับ กันแทรก คือ เจ้าพนักงานทำหน้าที่แทรกในกระบวนพยุหยาตราเพื่อป้องกันจอมทัพ."
กันแซง 1,น.,"ชื่อช้างศึกพวกหนึ่ง มีหน้าที่ป้องกันและล้อมทัพ, เรียกเรือซึ่งกำหนดให้เข้ากระบวนเสด็จทางชลมารค ตั้งเป็นแถวขนาบกระบวนเรือพระที่นั่งทั้ง ๒ ข้าง ทำหน้าที่ถวายอารักขา ว่า เรือกัน."
กันแซง 2,น.,กระแชง เช่น หลังคากันแซง (พงศ. ร. ๓/๘).
กันดอง 0,น.,ถ่องแถว เช่น เทเพนทรพฤกษนุกันดอง (กล่อมช้างของเก่า).
กันดาร 0,ว.,"อัตคัด, ฝืดเคือง, เช่น กันดารข้าว กันดารน้ำ, ลำบาก, แห้งแล้ง, คำนี้มักใช้แก่เวลา ท้องที่ หรือถิ่นที่มีลักษณะเช่นนั้น เช่น คราวกันดาร ทางกันดาร ที่กันดาร."
กันดาล 0,น.,"กลาง, ท่ามกลาง, เช่น ในกันดาลท้าวทงงหลายผู้ก่อนน้นน (ม. คำหลวง ทศพร)."
กันได 0,น.,หลักฐานที่ยึดถือ เช่น กรมธรรม์กันได (กฎหมาย เล่ม ๒).
กันต์ 0,ก.,"ตัด, โกน, เช่น เกศากันต์ (ตัดผม, โกนผม)."
กันต์ 1,ก.,"ยินดี, พอใจ, เช่น สุนทรกันต์."
กันต์ 2,ว.,"น่าใคร่, น่าพอใจ, งดงาม."
กันตัง 0,น.,ชื่อไม้ต้นมีใบคัน.
กันไตร 0,น.,"เครื่องมือสำหรับตัดโดยใช้หนีบ มี ๒ ขา, ลักษณนามว่า เล่ม, เขียนเป็น กรรไกร หรือ กรรไตร ก็มี."
กันทร 0,น.,"ถํ้า, ซอกเขา."
กันทรากร 0,น.,ภูเขา.
กันทะ 0,น.,กระทะ เช่น จึ่งตั้งโลหะกันทะโดยตบะบนเส้าโขมดผี ให้ประโคมแล้วโหมอัคคี มาลีธูปเทียนบูชา (รามเกียรติ์ ร. ๒ ตอนศึกไมยราพณ์).
กันท่า 0,ก.,แสดงกิริยาอาการขัดขวางไม่ให้ผู้อื่นกระทำการอย่างใดอย่างหนึ่งได้สะดวก.
กันแทรก 0,น.,"เจ้าพนักงานทำหน้าที่แทรกในกระบวนพยุหยาตราเพื่อป้องกันจอมทัพ, คู่กันกับ กันแซง คือ เจ้าพนักงานทำหน้าที่แซงในกระบวนพยุหยาตราเพื่อป้องกันจอมทัพ."
กั้นบัง 0,น.,ว่านกั้นบัง. (ดู กำบัง ๓).
กั้นประตู 0,ก.,เอาของมีค่าอย่างสายสร้อย เข็มขัดทอง เป็นต้น กั้นขบวนขันหมากที่บ้านเจ้าสาว โดยเจ้าบ่าวต้องจ่ายเงินเพื่อให้เป็นค่าเปิดทาง.
กันพิรุณ 0,น.,"ฉัตร ๕ ชั้นและ ๗ ชั้น สำรับหนึ่งมี ๓ องค์ คือ พระเสมาธิปัต พระฉัตรชัย พระเกาวพ่ายหรือพระเกาวพ่าห์ ทำด้วยผ้าขาวลงยันต์เส้นเขียนทอง เป็นเครื่องสูงอันเป็นสิริมงคลยิ่งสำหรับพระมหากษัตริย์ ใช้กางเชิญนำพระราชยานเวลาเสด็จพระราชดำเนินโดยกระบวนพยุหยาตราใหญ่ และใช้เข้าพิธีคชกรรมนำช้างสำคัญขึ้นจากแพเข้าสู่โรงสมโภช หรือใช้ผูกเสาพระแท่นมณฑลในพระราชพิธีใหญ่, เขียนเป็น กรรม์ภิรมย์ กันภิรมย์ หรือ กันพิรุณ ก็มี."
กันภัย 0,น.,ชื่อไม้เถาชนิด Afgekia mahidoliae Burtt et Chermsir. ในวงศ์ Leguminosae พบทางจังหวัดกาญจนบุรี ใบเป็นใบประกอบ ช่อหนึ่งมีใบย่อยหลายใบ ด้านล่างของใบมีขนสีนํ้าตาล ดอกเป็นช่อตั้ง สีขาวปนม่วง ฝักสั้นป้อมแบน ๆ ตั้งชื่อวิทยาศาสตร์เพื่อเฉลิมพระเกียรติแด่สมเด็จพระศรีนครินทราบรมราชชนนี.
กันภัยมหิดล 0,น.,ชื่อไม้เถาชนิด Afgekia mahidoliae Burtt et Chermsir. ในวงศ์ Leguminosae พบทางจังหวัดกาญจนบุรี ใบเป็นใบประกอบ ช่อหนึ่งมีใบย่อยหลายใบ ด้านล่างของใบมีขนสีนํ้าตาล ดอกเป็นช่อตั้ง สีขาวปนม่วง ฝักสั้นป้อมแบน ๆ ตั้งชื่อวิทยาศาสตร์เพื่อเฉลิมพระเกียรติแด่สมเด็จพระศรีนครินทราบรมราชชนนี.
กันภิรมย์ 0,น.,"ฉัตร ๕ ชั้นและ ๗ ชั้น สำรับหนึ่งมี ๓ องค์ คือ พระเสมาธิปัต พระฉัตรชัย พระเกาวพ่ายหรือพระเกาวพ่าห์ ทำด้วยผ้าขาวลงยันต์เส้นเขียนทอง เป็นเครื่องสูงอันเป็นสิริมงคลยิ่งสำหรับพระมหากษัตริย์ ใช้กางเชิญนำพระราชยานเวลาเสด็จพระราชดำเนินโดยกระบวนพยุหยาตราใหญ่ และใช้เข้าพิธีคชกรรมนำช้างสำคัญขึ้นจากแพเข้าสู่โรงสมโภช หรือใช้ผูกเสาพระแท่นมณฑลในพระราชพิธีใหญ่, เขียนเป็น กรรม์ภิรมย์ กันภิรมย์ หรือ กันพิรุณ ก็มี."
กันเมียง 0,น.,"เด็ก, โบราณเขียนเป็น กันมยง เช่น แลเด็กหญิงถ่าวชาววยงก็ดี อันกันมยงทักแท่ให้แต่งแง่ดูงาม (ม. คำหลวง ทศพร)."
กันย์ 0,น.,"สาวรุ่น, สาวน้อย"
กันย์ 1,น.,ชื่อกลุ่มดาวรูปหญิงสาว เรียกว่า ราศีกันย์ เป็นราศีที่ ๕ ในจักรราศี.
กันยา 0,น.,"สาวรุ่น, สาวน้อย."
กันยายน 0,น.,"ชื่อเดือนที่ ๙ ตามสุริยคติ ซึ่งเริ่มด้วยเดือนมกราคม มี ๓๐ วัน, (เลิก) ชื่อเดือนที่ ๖ ตามสุริยคติ ซึ่งเริ่มด้วยเดือนเมษายน."
กันลง 0,น.,แมลงภู่ เช่น กันลงกันลึงคลึงคนธ์ (ม. คำหลวง จุลพน).
กันลง 1,น.,"ของที่เหลือ, มูลฝอย"
กันลง 2,น.,"การกบฏ, การบุกรุก."
กันลอง 0,น.,แมลงภู่ เช่น กันลงกันลึงคลึงคนธ์ (ม. คำหลวง จุลพน).
กันลอง 1,น.,"ของที่เหลือ, มูลฝอย"
กันลอง 2,น.,"การกบฏ, การบุกรุก."
กันลอง 3,ก.,"กระโดด, ข้าม, ผ่าน, ล่วง, พ้น, เช่น มหาโพยมกันลองดศรีรไถงถา (กล่อมช้างของเก่า)."
กันลอง 4,ว.,"เลิศ, ยิ่ง."
กันลึง 0,ก.,จับ เช่น กันลงกันลึงคลึงคนธ์ (ม. คำหลวง จุลพน).
กันและกัน 0,ส.,คำใช้แทนชื่อในลักษณะที่มีการกระทำร่วมกันหรือต่อกันโดยมีบุรพบทประกอบหน้า เช่น รักซึ่งกันและกัน เพื่อประโยชน์ของกันและกัน.
กันสาด 0,น.,"แผงหรือส่วนที่ต่อยื่นออกไปจากชายคาสำหรับกันฝน, บังสาด ก็เรียก."
กันแสง 0,ก.,"ร้องไห้, ใช้ว่า ทรงพระกันแสง หรือ ทรงกันแสง, โบราณเขียนเป็น กรรแสง ก็มี เช่น สมเด็จพระบรมบพิตรพระพุทธเจ้าอยู่หัวทราบแล้วทรงพระกรรแสง (ประชุมพงศ. ๖๔)."
กันแสง 1,น.,"ผ้า, ผ้าสไบ, โบราณเขียนเป็น กนนแสง ก็มี เช่น อันว่ายกผ้าสรลอนยอกรสรไสว ไกวกนนแสงแคลงยยาบ (ม. คำหลวง นครกัณฑ์)."
กั้นหยั่น 0,น.,มีดปลายแหลม มีคม ๒ ข้าง ส่วนของใบมีดตั้งแต่กั่นถึงปลายใหญ่เท่ากัน เป็นอาวุธ สอดเข้าฝัก ใช้เหน็บเอว.
กันเอง 0,ว.,"เป็นพวกเดียวกัน, สนิทสนมกัน, เช่น ราคากันเอง มีท่าทางเป็นกันเอง."
กันเอา 0,ว.,"กรรเอา, กลมกล่อม, เช่น สรวญเสียงกันเอาเอา มโนเทพรังรักษ์ (อนิรุทธ์)."
กับ 0,น.,"เครื่องดักสัตว์ชนิดหนึ่ง มีลิ้นหรือไก เมื่อไปกระทบเข้าก็จะปิดหรืองับทันที, โดยปริยายหมายถึงอุบายที่ใช้ล่อให้หลงเชื่อ."
กับ 1,สัน.,เป็นคำที่เชื่อมคำหรือความเข้าด้วยกัน มีความหมายว่า รวมกัน เช่น ฟ้ากับดิน กินกับนอน หรือมีความหมายที่เกี่ยวข้องกัน โดยเน้นกิริยานั้นให้ชัดเจนขึ้น เป็นต้นว่า คำหนึ่งบอกเครื่องมือที่กระทำ เช่น ได้ยินมากับหู หรือบอกสถานที่ เช่น นั่งกับพื้น หรือเป็นผู้ถูกกระทำ เช่น เขาร้ายกับฉัน.
กับ 2,น.,อาหารซึ่งปรกติใช้กินพร้อมข้าว.
กับ 3,น.,ลักษณนามเรียกใบลานประมาณ ๘๐๐ ใบ ซึ่งจัดเข้าแบบสำหรับไว้จารหนังสือ.
กับแก้ 0,น.,"ชื่อไม้ล้มลุกไร้ดอกชนิด Selaginella argentea (Wall. ex Hook. et Grev.) Spring ในวงศ์ Selaginellaceae ใช้ทำยาได้ ใบอ่อนใช้เป็นผัก, พ่อค้าตีเมีย ก็เรียก."
กับแก้ 1,น.,ตุ๊กแก. (ดู ตุ๊กแก ๑).
กับแกล้ม 0,น.,"ของกินกับเหล้า, แกล้ม ก็ว่า."
กับข้าว 0,น.,อาหารซึ่งปรกติใช้กินพร้อมข้าว.
กับบุเรศ 0,น.,การบูร เช่น กับบุเรศสมุลแว้งก็มี (ม. คำหลวง มหาพน).
กับระเบิด 0,น.,วัตถุระเบิดที่วางดักไว้ เมื่อไปเหยียบหรือกระทบเข้าก็จะระเบิดทันที.
กัป 0,น.,"อายุของโลกตั้งแต่เมื่อพระพรหมสร้างเสร็จจนถึงเวลาที่ไฟประลัยกัลป์ มาล้างโลก, บางทีใช้เข้าคู่กับคำ กัลป์ เช่น ชั่วกัปชั่วกัลป์ นานนับกัปกัลป์พุทธันดร. (ป. กปฺป; ส. กลฺป). (ดู กัลป-, กัลป์)."
กัปตัน 0,น.,นายเรือ.
กัปนก 0,ว.,"กำพร้า, น่าสงสาร, เช่น อันว่าพราหมณชรา ชีณกัปนก (ม. คำหลวง ชูชก)."
กัปบาสิก 0,ว.,อันทอด้วยฝ้าย.
กัปปาสิก 0,ว.,อันทอด้วยฝ้าย.
กัปปิย- 0,ว.,สมควร.
กัปปิยการก 0,น.,ผู้ปฏิบัติภิกษุในเรื่องปัจจัย ๔ คือ จีวร อาหาร ที่อยู่อาศัย ยารักษาโรค.
กัปปิยภัณฑ์ 0,น.,สิ่งของที่ควรแก่ภิกษุ ได้แก่ ปัจจัย ๔ คือ จีวร อาหาร ที่อยู่อาศัย ยารักษาโรค และสิ่งอื่น ๆ เช่น ร่ม รองเท้า.
กัปปิยโวหาร 0,น.,"โวหารที่ควรแก่ภิกษุ เช่น เรียกเงินตราว่า กัปปิยภัณฑ์, ถ้อยคำสำนวนที่เหมาะแก่กาลเทศะ."
กัปปิยะ 0,ว.,สมควร.
กัปปีย์ 0,น.,"กับข้าว (ใช้เฉพาะภิกษุสามเณร), มักใช้เข้าคู่กับคำ จังหัน ว่า กัปปีย์จังหัน."
กัมบน 0,ก.,"หวั่นไหว, กำบน ก็ว่า."
กัมป- 0,น.,"การหวั่นไหว, แผ่นดินไหว."
กัมปน- 0,น.,"การหวั่นไหว, แผ่นดินไหว."
กัมปนาการ 0,น.,อาการคือการหวั่นไหว.
กัมปนาท 0,น.,เสียงสนั่นหวั่นไหว.
กัมประโด 0,น.,ผู้ทำหน้าที่หาลูกค้าให้บริษัทหรือธนาคาร.
กัมปี 0,ก.,ไหว เช่น อันว่ามหาปรัตพีผืนผไทแท่น แผ่นผเทศมณฑล สกลกัมปี ดุจครวีไหวหว่นนป่นนไปมาเมื่อน้นน (ม. คำหลวง ฉกษัตริย์).
กัมพล 0,น.,ผ้าทอด้วยขนสัตว์.
กัมพุช- 0,น.,"แคว้นเขมร, (โบ) ชื่อแคว้นหนึ่งทางตอนเหนือของอินเดีย, กัมโพช ก็ใช้."
กัมพุช 0,น.,"แคว้นเขมร, (โบ) ชื่อแคว้นหนึ่งทางตอนเหนือของอินเดีย, กัมโพช ก็ใช้."
กัมพุช 1,น.,"ชื่อเพลงไทยสำเนียงเขมร, ชื่อเพลงไทยประเภทเพลงเถา."
กัมพุชพากย์ 0,น.,ภาษาเขมร.
กัมพู 0,น.,หอยสังข์
กัมพู 1,น.,"ทอง เช่น กัมพูหุ้มพู่พรรณจามรี (บุณโณวาท), ทองสุคนธ์ปนสุวรรณ์กัมพู (รามเกียรติ์ ร. ๒), (โบ) เขียนเป็น กำพู หรือ กำภู ก็มี."
กัมพูชา 0,น.,ชื่อประเทศเขมร.
กัมโพช 0,น.,"แคว้นเขมร, (โบ) ชื่อแคว้นหนึ่งทางตอนเหนือของอินเดีย, กัมพุช ก็ใช้."
กัมมัชวาต 0,น.,"กรรมชวาต, ลมเบ่ง."
กัมมัฏฐาน 0,น.,ที่ตั้งแห่งการงาน หมายเอาอุบายทางใจ มี ๒ ประการ คือ สมถกรรมฐาน เป็นอุบายสงบใจ และวิปัสสนากรรมฐาน เป็นอุบายเรืองปัญญา.
กัมมันตภาพรังสี 0,น.,การเสื่อมสลายโดยตัวเองของนิวเคลียสของอะตอมที่ไม่เสถียร เป็นผลให้ได้อนุภาคแอลฟา อนุภาคบีตา รังสีแกมมา ซึ่งเป็นคลื่นแม่เหล็กไฟฟ้าที่มีช่วงคลื่นสั้นมากและมีพลังงานสูง ทั้งหมดนี้พุ่งออกมาด้วยความเร็วสูงมาก ในบางกรณีอาจมีพลังงานความร้อนและพลังงานแสงเกิดตามมาด้วย เช่น การเสื่อมสลายของนิวเคลียสของธาตุเรเดียมไปเป็นธาตุเรดอน.
กัมมันตรังสี 0,ว.,ที่สามารถเกิดกัมมันตภาพรังสีได้ (ใช้แก่ธาตุหรือสาร).
กัมมาร 0,น.,"กรรมาร, ช่างทอง, ช่างเหล็ก."
กัมลาศ 0,น.,กมลาสน์ คือ พระพรหม เช่น เพียงกัมลาศลงมาดิน (ม. คำหลวง กุมาร).
กัยวิกัย 0,น.,การซื้อและการขาย.
กัลชาญ 0,ว.,"กลชาญ, เชี่ยวชาญ, เช่น แด่พระผู้กัลชาญพิเศษ (ม. คำหลวง ทศพร)."
กัลบก 0,น.,"ช่างตัดผม, ช่างโกนผม."
กัลป์ 0,น.,"กัป, อายุของโลกตั้งแต่เมื่อพระพรหมสร้างเสร็จจนถึงเวลาที่ไฟประลัยกัลป์มาล้างโลก ซึ่งได้แก่ช่วงเวลากลางวัน วันหนึ่งของพระพรหม คือ ๑,๐๐๐ มหายุค (เท่ากับ ๔,๓๒๐,๐๐๐,๐๐๐ ปีมนุษย์) เมื่อสิ้นกัลป์ พระอิศวรจะล้างโลกด้วยไฟประลัยกัลป์ โลกจะไร้สิ่งมีชีวิตและอยู่ในความมืดมนจนถึงรุ่งเช้าของวันใหม่ แล้วพระพรหมก็จะสร้างโลกเป็นการขึ้นต้นกัลป์ใหม่ โลกจะถูกสร้างและถูกทำลายเช่นนี้สลับกันตลอดอายุของพระพรหม ทั้งนี้ตามคติของพราหมณ์, บางทีใช้เข้าคู่กับคำ กัป เช่น ชั่วกัปชั่วกัลป์ นานนับกัปกัลป์พุทธันดร."
กัลป- 0,น.,"กัป, อายุของโลกตั้งแต่เมื่อพระพรหมสร้างเสร็จจนถึงเวลาที่ไฟประลัยกัลป์มาล้างโลก ซึ่งได้แก่ช่วงเวลากลางวัน วันหนึ่งของพระพรหม คือ ๑,๐๐๐ มหายุค (เท่ากับ ๔,๓๒๐,๐๐๐,๐๐๐ ปีมนุษย์) เมื่อสิ้นกัลป์ พระอิศวรจะล้างโลกด้วยไฟประลัยกัลป์ โลกจะไร้สิ่งมีชีวิตและอยู่ในความมืดมนจนถึงรุ่งเช้าของวันใหม่ แล้วพระพรหมก็จะสร้างโลกเป็นการขึ้นต้นกัลป์ใหม่ โลกจะถูกสร้างและถูกทำลายเช่นนี้สลับกันตลอดอายุของพระพรหม ทั้งนี้ตามคติของพราหมณ์, บางทีใช้เข้าคู่กับคำ กัป เช่น ชั่วกัปชั่วกัลป์ นานนับกัปกัลป์พุทธันดร."
กัลปนา 0,ก.,เจาะจงให้.
กัลปนา 1,น.,ที่ดินหรือสิ่งอื่นเช่นอาคารซึ่งเจ้าของอุทิศผลประโยชน์ให้แก่วัดหรือศาสนา
กัลปนา 2,น.,ส่วนบุญที่ผู้ทำอุทิศให้แก่ผู้ตาย.
กัลปพฤกษ์ 0,น.,ต้นไม้ที่เชื่อกันว่าให้ผลสำเร็จตามความปรารถนา
กัลปพฤกษ์ 1,น.,"เรียกต้นไม้ที่ทำขึ้นเนื่องในการทิ้งทานในงานเมรุหลวง และมีลูกมะนาวบรรจุเงินตราห้อยอยู่ตามกิ่งต่าง ๆ ของต้นไม้นั้น ว่า ต้นกัลปพฤกษ์, เรียกลูกมะนาวที่บรรจุเหรียญเงินนั้น ว่า ลูกกัลปพฤกษ์, ใช้ว่า กำมพฤกษ์ ก็มี เช่น พวกประจำกำมพฤกษ์บังคมไหว้ (รามเกียรติ์ ร. ๒)., ดูใน กัลป์-, กัลป์."
กัลปพฤกษ์ 2,น.,ชื่อไม้ต้นชนิด Cassia bakeriana Craib ในวงศ์ Leguminosae มีมากทางภาคอีสานและภาคเหนือ ดอกสีชมพูอ่อน ออกเป็นช่อในระหว่างทิ้งใบหรือผลิใบใหม่ ฝักมีขนนุ่ม.
กัลปังหา 0,น.,"ชื่อสัตว์ทะเลไม่มีกระดูกสันหลังหลายชนิด ชั้น Anthozoa ตัวมีขนาดเล็ก รูปร่างทรงกระบอก อยู่รวมกันเป็นกลุ่ม สร้างเปลือกเป็นโครงร่างแข็งเชื่อมต่อเนื่องกันไปลักษณะคล้ายกิ่งไม้ มีสีต่างกันตามแต่ชนิด บางชนิดมีขนาดใหญ่และแข็ง นิยมนำมาทำเป็นลูกปัด เครื่องประดับ พวกที่อยู่ในอันดับ Gorgonacea มีสีแดง เหลือง ส้ม ม่วง พวกที่อยู่ในอันดับ Antipatharia มีสีดำ, กัลปังหา ก็เรียก."
กัลปาวสาน 0,น.,"ที่สุดแห่งระยะเวลากัลป์หนึ่ง คือ ช่วงเวลา ๔,๓๒๐,๐๐๐,๐๐๐ ปีมนุษย์."
กัลปาวสาน 1,น.,"กัป, อายุของโลกตั้งแต่เมื่อพระพรหมสร้างเสร็จจนถึงเวลาที่ไฟประลัยกัลป์มาล้างโลก ซึ่งได้แก่ช่วงเวลากลางวัน วันหนึ่งของพระพรหม คือ ๑,๐๐๐ มหายุค (เท่ากับ ๔,๓๒๐,๐๐๐,๐๐๐ ปีมนุษย์) เมื่อสิ้นกัลป์ พระอิศวรจะล้างโลกด้วยไฟประลัยกัลป์ โลกจะไร้สิ่งมีชีวิตและอยู่ในความมืดมนจนถึงรุ่งเช้าของวันใหม่ แล้วพระพรหมก็จะสร้างโลกเป็นการขึ้นต้นกัลป์ใหม่ โลกจะถูกสร้างและถูกทำลายเช่นนี้สลับกันตลอดอายุของพระพรหม ทั้งนี้ตามคติของพราหมณ์, บางทีใช้เข้าคู่กับคำ กัป เช่น ชั่วกัปชั่วกัลป์ นานนับกัปกัลป์พุทธันดร."
กัลปิต 0,ว.,สำเร็จแล้ว
กัลปิต 1,ว.,ควรแล้ว
กัลปิต 2,ว.,ตัดแล้ว.
กัลพุม 0,น.,"กรรพุม, มือที่ประนม, เช่น ถวายกรกัลพุมบันสารโกสุม ศิโรจม์ (ม. คำหลวง ฉกษัตริย์)"
กัลพุม 1,น.,พุ่ม เช่น จับพฤกษางกูรกัลพุม โดยกุสุมฤดูกาล (ม. คำหลวง วนปเวสน์).
กัลเม็ด 0,น.,"กลเม็ด, วิธีที่แยบคายหรือพลิกแพลง, สิ่งที่แยบคาย"
กัลเม็ด 1,น.,"แหวนที่มีก้านหัวเป็นเกลียวถอดออกจากเรือนได้ เรียกว่า แหวนกัลเม็ด, ขวดที่มีจุกเป็นเกลียวเรียกว่า ขวดกัลเม็ด."
กัลยา 0,น.,นางงาม.
กัลยาณ- 0,ว.,"งาม, ดี, ใช้เป็นส่วนหน้าของสมาส เช่น กัลยาณคุณ = คุณอันงาม กัลยาณธรรม = ธรรมอันดี กัลยาณมิตร = มิตรดี."
กัลยาณมิตร 0,น.,ชื่อเพลงไทยประเภทโหมโรงเสภา อัตรา ๓ ชั้น แต่งขึ้นจากเพลงหน้าพาทย์ชื่อชำนาญ.
กัลยาณี 0,น.,"นางงาม, หญิงงาม."
กัลยาเยี่ยมห้อง 0,น.,ชื่อเพลงไทยทำนองหนึ่ง.
กัลเว้า 0,ว.,"พูดอ่อนหวาน, พูดเอาใจ, เช่น ก็มีพระราชโองการอนนกัลเว้า (ม. คำหลวง มหาราช)."
กัลหาย 0,ก.,"กรรหาย, อยากเป็นกำลัง, หิวโหย, เช่น ชายใดเดอรร้อนรนนจวนจวบสร้อยสรสวรก็หายกัลหายหื่นหรรษ์ (ม. คำหลวง จุลพน)."
กัลโหย 0,ก.,"กรรโหย, โหย, คร่ำครวญ, เช่น สารเสียงหงสกัลโหย (สมุทรโฆษ)."
กัลออม 0,น.,"ภาชนะสานด้วยไม้ไผ่ ยาชัน รูปคล้ายกระบุงขนาดย่อม ปากสอบ ใช้ใส่น้ำ, กะออม กระออม หรือ กะละออม ก็ว่า."
กัลเอา 0,ว.,"กรรเอา, กลมกล่อม."
กัศมล 0,ว.,"น่าเกลียด, ไม่งาม, อุจาด, เช่น บพิตรพราหมณ์นี้กาจกัศมลร้ายพ้นคนในโลกย์นี้ (ม. คำหลวง กุมาร)."
กัศยป 0,น.,เต่า.
กัษณ 0,น.,"กษณะ, ขณะ, เช่น ในเมื่อกาลกัษณ (ม. คำหลวง สักบรรพ)."
กา 0,น.,"ชื่อนกขนาดกลางชนิด Corvus macrorhynchos Wagler วงศ์ย่อย Corvinae ในวงศ์ Corvidae ปากใหญ่หนาแบนข้าง ตาสีดำ ตัวสีดำ ร้องเสียง “กา ๆ ”, อีกา ก็เรียก"
กา 1,น.,"ชื่อหนึ่งของดาวฤกษ์ธนิษฐา เห็นเป็นรูปอีกา เช่น แม้นดาวกามาใกล้ในมนุษย์ (อภัย), ดาวไซ ดาวเศรษฐี ดาวศรวิษฐา หรือ ดาวธนิษฐะ ก็เรียก."
ก๋า 0,ว.,อาการที่ทำท่าว่าเก่ง เช่น ยืนก๋า เต้นก๋า.
กา 2,น.,"ชื่อปลานํ้าจืดชนิด Morulius chrysophekadion (Bleeker) ในวงศ์ Cyprinidae ปากงุ้มตํ่า ตาเล็ก ตลอดทั้งหัว ตัว และครีบมีสีม่วงเข้มถึงดำทึบ ครีบหลังเป็นแผนใหญ่ เฉพาะเกล็ดมีจุดสีเหลืองประปราย ขนาดยาวได้ถึง ๖๐ เซนติเมตร, เพี้ย ก็เรียก."
ก๋า 1,ว.,"ชื่อปลานํ้าจืดชนิด Pristolepis fasciata (Bleeker) ในวงศ์ Pristolepidae พบทั่วไป รูปร่างคล้ายปลาหมอ หรือ ปลาเสือ แต่แบนข้างและกว้างกว่า ข้างตัวมีลายคลํ้าหลายลายพาดขวาง ขนาดยาวได้ถึง ๒๐ เซนติเมตร, ช้างเหยียบ หมอโค้ว กระตรับ ตะกรับ หน้านวล ก๋า หรือ อีก๋า ก็เรียก."
กา 3,น.,"ภาชนะสำหรับใส่นํ้าหรือต้มนํ้า มีพวย และมีหูสำหรับหิ้วหรือจับ, ลักษณนามว่า ใบ หรือ ลูก."
กา 4,น.,คำกำกับชื่อปีในวิธีนับศักราชของไทยเหนือ ตรงกับเลข ๐.
กา 5,ก.,"ทำเครื่องหมายเป็นรูปกากบาท, ทำเครื่องหมายไว้ให้สังเกตได้ เช่น ดูเฉพาะที่กาไว้."
กาก 0,น.,สิ่งที่เหลือเมื่อคั้นหรือคัดเอาส่วนดีออกแล้ว เช่น กากมะพร้าว
กาก 1,น.,หยากเยื่อ
กาก 2,น.,เดนเลือก (ใช้เป็นคำด่า) เช่น กากมนุษย์ คนกาก.
กาก- 0,น.,กา (นก).
กากกะรุน 0,น.,ผงของกะรุนที่เอามาผสมครั่งขัดของแข็งเช่นป้าน.
กากขยาก 0,น.,"กากที่หยาบ, หยากเยื่อ."
กากข้าว 0,น.,ข้าวเปลือกที่ปนอยู่ในข้าวสารหรือข้าวสุก.
กากคติ 0,น.,ชื่อกาพย์ชนิดหนึ่ง มีดำเนินกลอนอย่างกาที่บินไป เช่น สรรเพ็ชญ์เจ้าได้ ทรงฤทธิ์เรืองไกร ย่อมบำเพงทาน ให้พระวิมุติ โลกุดรญาณแสวงศีลาจาร ประเสริฐหนักหนา (ชุมนุมตำรากลอน).
กากณึก 0,น.,ทรัพย์มีค่าเท่าค่าแห่งชิ้นเนื้อพอกาพาไปได้
กากณึก 1,น.,ชื่อมาตราเงินอย่างตํ่าที่สุด.
กากน้ำตาล 0,น.,ของเหลวสีดำ เหนียวข้น ไม่สามารถตกผลึกน้ำตาลได้อีก ได้จากกระบวนการผลิตน้ำตาลจากอ้อย.
กากบาท 0,น.,ชื่อเครื่องหมายอย่างตีนกา มีรูป + หรือ x
กากบาท 1,น.,ใช้ + เป็นเครื่องหมายวรรณยุกต์บอกเสียงจัตวา.
กากเพชร 0,น.,ส่วนของเพชรที่คัดออก
กากเพชร 1,น.,ผงแวววาวคล้ายกระจกสำหรับโรยแต่งเครื่องประดับเป็นต้น
กากเพชร 2,น.,เครื่องใช้ตัดกระจก
กากเพชร 3,น.,เครื่องใช้เจียระไนรัตนชาติ
กากเพชร 4,น.,"เครื่องบดวาล์ว, เรียกเครื่องลับมีดเป็นต้นชนิดหนึ่ง ว่า หินกากเพชร."
กากภาษา 0,น.,ชาติกา เช่น ลางมารนิรมิตอินทรีย์เศียรเป็นอสุรี และกายเป็นกากภาษา (คำพากย์).
กากรุน 0,น.,ผงของกะรุนที่เอามาผสมครั่งขัดของแข็งเช่นป้าน.
กากหมู 0,น.,มันหมูที่เจียวเอานํ้ามันออกแล้ว.
กากะ 0,น.,กา (นก).
กากะทิง 0,น.,"ชื่อไม้ต้นชนิด Calophyllum inophyllum L. ในวงศ์ Guttiferae ใบและผลคล้ายสารภี แต่ใบขึ้นสันมากและผลกลมกว่า เปลือกเมล็ดแข็ง ใช้ทำลูกฉลากหรือกระบวยของเล่น, กระทึง กากะทิง หรือ สารภีทะเล ก็เรียก."
กากะเยีย 0,น.,เครื่องสำหรับวางหนังสือใบลาน ทำด้วยไม้๘ อันร้อยเชือกไขว้กัน.
ก๋ากั่น 0,ว.,อวดกล้า (มักใช้แก่ผู้หญิง).
กากี 0,น.,กาตัวเมีย.
กากี 1,น.,หญิงมากชู้หลายผัว.
กากี 2,ว.,"สีนํ้าตาลปนเหลือง, สีสนิมเหล็ก."
กากีแกมเขียว 0,ว.,สีเขียวขี้ม้า.
กาคาบพริก 0,ว.,ลักษณะที่คนผิวดำแต่งตัวด้วยเสื้อผ้าสีแดง.
กาง 0,ก.,"ถ่างออก เช่น กางขา, คลี่ เช่น กางปีก, เหยียดออกไป เช่น กางแขน, ขึงออกไป เช่น กางใบ กางมุ้ง, แบะออก เช่น กางหนังสือ."
กาง 1,ว.,ที่ถ่างออก คลี่ออก เหยียดออก ขึงออก หรือ แบะออก เช่น หูกาง ท้องกาง.
ก้าง 0,น.,ส่วนแข็งที่ประกอบเป็นโครงร่างของปลา โดยปรกติหมายเอาชิ้นที่แหลมเล็ก ๆ.
กาง 2,น.,ต้นคาง. (ดู คาง ๒).
ก้าง 1,น.,"ชื่อปลานํ้าจืดชนิด Channa orientalis (Schneider) ในวงศ์ Channidae คล้ายปลาช่อนซึ่งเป็นปลาสกุลเดียวกัน แต่ตัวเล็กกว่า เว้นแต่ปลาก้างนั้นเกล็ดข้างตัวมีราว ๔๑-๔๕ เกล็ด ขอบครีบต่าง ๆ เป็นสีส้ม มักพบหลบอยู่ตามแหล่งน้ำตื้นที่มีใบไม้จมอยู่ ขนาดยาวได้ถึง ๒๐ เซนติเมตร, ขี้ก้าง ก็เรียก."
ก้าง 2,ก.,"กั้ง, กั้น, ขวาง, เช่น สองท้าวยินสองสายใจ จักก้างกลใด บดีบันโดยดังถวิล (สรรพสิทธิ์)."
กางเกง 0,น.,เครื่องนุ่งมี ๒ ขา.
กางเกงชาวเขา 0,น.,กางเกงแบบชาวเขานุ่ง เป็นกางเกงที่มีเป้ายานลงมา ทำให้ทรงกางเกงดูคล้ายรูปสี่เหลี่ยมคางหมู เช่น ฉันชอบกางเกงชาวเขาเพราะนุ่งสบายดี.
กางเกงเล 0,น.,กางเกงแบบชาวประมง เป็นกางเกงที่ตัดแบบกางเกงขาก๊วยหรือกางเกงแพร ใช้ผ้าฝ้ายสีต่าง ๆ เช่น นักศึกษาสมัยนี้ชอบนุ่งกางเกงเลเวลาทำกิจกรรมกัน.
กางเกียง 0,ก.,"ไม่ลงรูป, ไม่ลงรอย, ไม่ลงที่, สวมกันไม่เข้า, ใช้ว่า กางเกี่ยง ก็มี เช่น เมื่อนั้น พระคาวีเห็นนางยังกางเกี่ยง ยิ้มพลางทางลงไปจากเตียง แล้วกล่าวเกลี้ยงแกล้งปลอบให้ชอบใจ (คาวี), กังเกียง หรือ กำเกียง ก็ว่า."
กางเกี่ยง 0,ก.,"ไม่ลงรูป, ไม่ลงรอย, ไม่ลงที่, สวมกันไม่เข้า, ใช้ว่า กางเกี่ยง ก็มี เช่น เมื่อนั้น พระคาวีเห็นนางยังกางเกี่ยง ยิ้มพลางทางลงไปจากเตียง แล้วกล่าวเกลี้ยงแกล้งปลอบให้ชอบใจ (คาวี), กังเกียง หรือ กำเกียง ก็ว่า."
ก้างขวางคอ 0,น.,"ผู้ขัดขวางมิให้ทำการได้สะดวก, ผู้ขัดขวางให้ผู้อื่นเสียประโยชน์."
กางของ 0,น.,ต้นปีบ. (ดู ปีบ ๑).
กางขี้มอด 0,น.,"ชื่อไม้ต้นขนาดใหญ่ชนิด Acrocarpus fraxinifolius Wight et Arn. ในวงศ์ Leguminosae มีฝักแบน ๆ, ขางแดง หรือ แดงนํ้า ก็เรียก."
กางเขน 0,น.,"ชื่อนกขนาดเล็กหลายชนิด ในวงศ์ Turdidae ปากยาวปานกลางปลายแหลม หางยาวกว่าลำตัวมาก เช่น กางเขนบ้าน [ Copsychus saularis (Linn.)] ส่วนบนลำตัวสีดำ ส่วนล่างตั้งแต่อกลงไปสีขาวหม่น ปีกมีลายพาดสีขาว มักอยู่เป็นคู่หรือกลุ่มเล็ก ๆ กินแมลง,ภาคกลางเรียก กางเขน, พายัพเรียก จีแจ๊บ, อีสานเรียก จี่จู้, ปักษ์ใต้เรียก บินหลา, กางเขนดง [ C. malabaricus (Scopoli)] ปาก หัว หลัง อก และปีกของตัวผู้สีดำเหลือบ หลังส่วนล่างติดโคนหางสีขาว อกส่วนล่างไปจนถึงหางสีน้ำตาลแดง หางยาว ด้านบนสีดำ ใต้หางและขอบหางสีขาว ขาสีน้ำตาลอมชมพู ตัวเมียสีจางไม่สดใสเท่าตัวผู้และหางสั้นกว่า."
ก้างปลา 0,น.,ชื่อไม้พุ่มหลายชนิดในสกุล Flueggea และ Phyllanthus วงศ์ Euphorbiaceae ใบยาวรี ปลายใบทู่ ออกดอกเป็นกลุ่มอยู่ตามง่ามใบแถวปลายกิ่ง ชนิดผลสีขาวเรียก ก้างปลาขาว [ F.virosa (Roxb. ex Willd.) Voigt] ชนิดผลสีคลํ้าเรียก ก้างปลาแดง ( F. leucopyrusWilld.) และชนิด P. reticulatus Poir. เรียก ก้างปลาเครือ ใช้ทำยาได้.
ก้างพระร่วง 0,น.,"ชื่อปลาน้ำจืดไม่มีเกล็ดจำพวกเดียวกับปลาเนื้ออ่อน ชนิด Kryptopterus bicirrhis (Valenciennes) ในวงศ์ Siluridae ลำตัวยาวแบนข้างมาก ปากเล็กเชิดขึ้น เนื้อมีลักษณะใสจนมองทะลุลำตัวเห็นแถวกระดูกและอวัยวะภายในต่าง ๆ ขนาดยาวไม่เกิน ๑๒ เซนติเมตร, กระจก ก็เรียก."
กางเวียน 0,น.,"เครื่องมือสำหรับเขียนวงกลม ส่วนโค้งของวงกลม หรือกะระยะ ทำด้วยโลหะ มี ๒ ขา ปลายข้างหนึ่งแหลม ปลายอีกข้างหนึ่งมีดินสอเป็นต้น อีกแบบหนึ่งมีปลายแหลมทั้ง ๒ ข้าง แบบหลังนี้ใช้สำหรับเขียนบนโลหะก็ได้, กงเวียน ก็ว่า, ปัจจุบันเรียกว่า วงเวียน"
กางเวียน 1,น.,การหมุนเวียนชนิดหนึ่ง เช่น แล้วจับเท้าทั้งสองหันเวียนไปดั่งบุคคลทำกางเวียน (กฎหมายเก่า).
กาจับหลัก 0,น.,ไม้แป้นวงกลม มีหลักปักอยู่ที่ริมแป้น ที่ปลายหลักมีวัตถุรูปกระจับสำหรับรับคางศพที่บรรจุโกศ
กาจับหลัก 1,น.,เครื่องดักทำร้ายของโบราณ มีของแหลมอยู่ข้างล่าง เมื่อคนนั่งกระทบไกเข้าก็ลัดขึ้นเสียบทวาร
กาจับหลัก 2,น.,ท่าถือขอช้างอย่างหนึ่ง.
กาจับหลัก 3,น.,"ชื่อไม้ต้นชนิด Vitex peduncularis Wall. ex Schauer ในวงศ์ Labiatae ขึ้นทั่วไปในป่าเบญจพรรณ ใช้ทำยาได้, กาจับหลัก หรือ ตีนนก ก็เรียก."
กาจับหลัก 4,น.,"ชื่อไม้พุ่มชนิด Brucea javanica (L.)Merr. ในวงศ์ Simaroubaceae เมล็ดใช้ทำยาได้, กาจับหลัก หรือ พญาดาบหัก ก็เรียก, ปักษ์ใต้เรียก กะดัด."
กาชาด 0,น.,เครื่องหมายรูปกากบาท (+) สีแดงชาดบนพื้นขาว เป็นเครื่องหมายกาชาดสากล.
ก๊าซ 0,น.,"อากาศธาตุ, (วิทยา) สถานะหนึ่งของสสาร รูปร่างและปริมาตรไม่คงที่ ขึ้นอยู่กับภาชนะที่บรรจุ, เรียกไฟซึ่งเกิดจากการจุดอะเซทิลีน ซึ่งได้จากก้อนแคลเซียมคาร์ไบด์ทำปฏิกิริยากับนํ้า ว่า ไฟก๊าซ, แก๊ส ก็ว่า."
ก๊าซไข่เน่า 0,น.,แก๊สพิษชนิดหนึ่ง มีกลิ่นเหม็นเหมือนไข่เน่า มีสูตร H_2S เกิดขึ้นจากการเสื่อมสลายของสารอินทรีย์ที่ประกอบด้วยกำมะถัน ในธรรมชาติมักมีปรากฏละลายอยู่ในบ่อนํ้าร้อนและในแหล่งนํ้าแร่บางแห่ง.
ก๊าซเฉื่อย 0,น.,"ธาตุที่เป็นแก๊ส มีสมบัติไม่ไวต่อปฏิกิริยาเคมี ได้แก่ ฮีเลียม นีออน อาร์กอน คริปทอน ซีนอน และเรดอน, ปัจจุบันเรียก ก๊าซมีตระกูลหรือแก๊สมีตระกูล (noble gases) ก๊าซหายากหรือแก๊สหายาก (rare gases)."
ก๊าซชีวภาพ 0,น.,แก๊สที่เกิดจากการเสื่อมสลายผุพังของสิ่งมีชีวิต หรือสิ่งที่สืบเนื่องจากสิ่งมีชีวิต ติดไฟได้ ใช้เป็นเชื้อเพลิงเป็นต้น.
ก๊าซน้ำตา 0,น.,สารที่อยู่ในสภาพที่แพร่กระจายเป็นไอหรือควัน ทำให้ระคายเคืองนัยน์ตาอย่างรุนแรง นํ้าตาไหล และมองไม่เห็นชั่วขณะหนึ่ง.
ก๊าซหุงต้ม 0,น.,แก๊สที่ประกอบด้วยสารอินทรีย์ที่ติดไฟได้ง่าย ใช้ในการหุงต้มเป็นต้น.
กาซะลอง 0,น.,ต้นปีบ. (ดู ปีบ ๑).
กาซะลองคำ 0,น.,"ชื่อไม้ต้นชนิด Radermachera ignea (Kurz) Steenis ในวงศ์ Bignoniaceae ชอบขึ้นตามที่ค่อนข้างชุ่มชื้นทางภาคเหนือ เปลือกเรียบสีเทา ดอกสีเหลืองทอง, อ้อยช้าง ก็เรียก."
กาญจน- 0,น.,ทอง.
กาญจนา 0,น.,ทอง.
กาญจนาภิเษก 0,น.,พระราชพิธีที่พระเจ้าแผ่นดินกระทำเมื่อครองราชสมบัติได้ ๕๐ ปี.
กาฐ 0,น.,ไม้ฟืน เช่น คือโกยกาฐอันกองแลนองธรณิภาค กลาดกล่นถกลหลาก อนันต์ (สรรพสิทธิ์)
กาฐ 1,น.,ไม้วัด (คือใช้ในมาตราวัด)
กาฐ 2,น.,กาษฐะ ก็ใช้.
ก๊าด 0,น.,เรียกนํ้ามันชนิดหนึ่งที่ใช้จุดไฟตะเกียงเป็นต้น ว่า นํ้ามันก๊าด.
กาด 0,น.,"ชื่อไม้ล้มลุกหลายชนิด หลายสกุล หลายวงศ์ บางชนิดใช้ใบ บางชนิดใช้หัวเป็นผัก เช่น ผักกาดกวางตุ้ง ( Brassica chinensis L.) ผักกาดขมหรือผักกาดเขียว ( B. juncea Czern. et Coss.) ผักกาดขาวหรือแป๊ะช่าย ( B. chinensis L. var. pekinensis Rupr.) ผักกาดหัวหรือไช้เท้า ( Raphanus sativus L.) ในวงศ์ Cruciferae, ผักกาดหอม ( Lactuca sativa L.) ในวงศ์ Compositae, ผักเหล่านี้เป็นพรรณไม้ที่นำเข้ามาปลูกเพื่อเป็นอาหาร."
กาด 1,น.,ตลาด.
กาน 0,ก.,"ตัดเพื่อให้แตกใหม่ เช่น กานต้นมะขาม, ตัดเพื่อให้ลำต้นเปลา เช่น กานต้นสน"
กาน 1,ก.,"ควั่นเปลือกและกระพี้ต้นไม้เพื่อให้ยืนต้นตาย เช่น กานต้นสัก, ควั่นเปลือกและกระพี้ต้นไม้เพื่อให้มีลูก เช่น กานต้นมะพร้าว."
ก่าน 0,ว.,"ด่าง, ผ่าน, มีลายพาด, เช่น พนคณนกหค ก่านแกม ปีกหางนวยแนม นนวยนเนียร้องริน (ม. คำหลวง มหาพน)"
ก่าน 1,ว.,"เก่ง, กล้า, กั่น, เช่น ปางเมื่อเจ้าเข้าดงด่าน ตววก่านกาจชาติชัฏขน สัตวตนสื่อชื่อมนนหมี ได้ทีทำนำความเข็ญ (ม. คำหลวง ทานกัณฑ์)."
ก๊าน 0,ก.,"แพ้, สู้ไม่ได้, เช่น ก๊านพ่ายหนี."
ก้าน 0,น.,"ส่วนที่ต่อดอก หรือใบ หรือผล กับกิ่งไม้, เรียกสิ่งที่มีลักษณะคล้ายคลึงเช่นนั้น เช่น ก้านตุ้มหู ก้านไม้ขีด"
ก้าน 1,น.,กระดูกกลางแห่งใบไม้บางอย่าง เช่น มะพร้าว จาก.
ก้าน 2,น.,"ก่าน, กล้า, เช่น รู้ไป่ทันแก่ก้าน กล่าวถ้อยกลางสนาม (โลกนิติ)."
ก้านขด 0,น.,ชื่อลายชนิดหนึ่งที่เขียนเป็นลายขดไปขดมา.
ก้านแข็ง 0,น.,เรียกกำไลชนิดหนึ่งว่า กำไลก้านแข็ง.
ก้านคอ 0,น.,ลำคอด้านหลัง.
กานดา 0,น.,หญิงที่รัก.
กานต์ 0,ว.,"เป็นที่รัก, โดยมากใช้เป็นส่วนท้ายของสมาส เช่น จันทรกานต์ เป็นที่รักของพระจันทร์ ได้แก่แก้วผลึกที่ถูกแสงจันทร์แล้วมีเหงื่อ, คู่กับ สูรยกานต์ เป็นที่รักของพระอาทิตย์ ได้แก่แก้วที่รวมแสงอาทิตย์ให้เกิดไฟได้."
ก้านตอง 0,น.,ไม้ขนาบข้างเรือรูปกลม ๆ คล้ายทางกล้วย.
ก้านต่อดอก 0,น.,ชื่อวิธีร้อยดอกไม้เป็นตาข่าย
ก้านต่อดอก 1,น.,ชื่อลายชนิดหนึ่ง
ก้านต่อดอก 2,น.,ชื่อกลบทชนิดหนึ่ง เช่น แสนถวิลเทวษว้าอาวรณ์สมร ทุกข์ระทมกรมทรวงดั่งศรรอน จะนั่งนอนมีแต่พรํ่ากำสรวลครวญ.
กานท์ 0,น.,บทกลอน เช่น สารสยามภาคพร้อง กลกานท นี้ฤๅ (ยวนพ่าย).
กานท 0,น.,บทกลอน เช่น สารสยามภาคพร้อง กลกานท นี้ฤๅ (ยวนพ่าย).
กานน 0,น.,"ป่า, ดง, เช่น อันว่าท้องเขาวงกฏกานน (ม. คำหลวง วนปเวสน์)."
ก้านบัว 0,น.,กำไลเท้า.
ก้านปล้อง 0,น.,"ชื่องูพิษขนาดกลางชนิด Bungarus fasciatus (Linn.) ในวงศ์ Elapidae ยาวประมาณ ๑.๓ เมตร มีลายเป็นปล้องสีดำสลับเหลือง หลังเป็นสันแหลมทำให้ลำตัวมีลักษณะคล้ายรูปสามเหลี่ยม ปลายหางทู่ พบตามที่ลุ่มใกล้แหล่งน้ำทุกภาคของประเทศไทย ออกหากินในเวลากลางคืน กินกบ เขียด และงูขนาดเล็ก มีพิษรุนแรงมาก, ก้านปล้อง ตามธาร หรือ ทับธาร ก็เรียก."
ก้านพร้าว 0,น.,โกฐก้านพร้าว. (ดู โกฐก้านพร้าว ที่ โกฐ).
กานพลู 0,น.,ชื่อไม้ต้นขนาดกลางชนิด Syzygium aromaticum (L.) Merr. et L.M. Perry ในวงศ์ Myrtaceae ดอกตูมมีรสเผ็ดร้อน ตากแห้งแล้วใช้เป็นเครื่องเทศและทำยา.
ก้านมะพร้าว 0,น.,"ชื่องูขนาดกลางชนิด Elaphe radiata (Schlegel) ในวงศ์ Colubridae หัวสีน้ำตาลอมแดงด้านข้างมีลายสีดำจากตามาถึงปาก จากหัวถึงครึ่งลำตัวมีลายตามยาวหรือเป็นดวงสีดำสลับขาว เป็นรัศมีคล้ายแสงอาทิตย์ ส่วนที่เหลือถึงหางสีแดงอมน้ำตาล น้ำตาลอมแดง หรือน้ำตาลอมเหลือง ไม่มีพิษ, ก้านมะพร้าว ก็เรียก."
ก้านยาว 0,น.,ชื่อทุเรียนพันธุ์หนึ่ง
ก้านยาว 1,น.,ผู้ที่มีรูปร่างผอมสูงกว่าปรกติ.
ก้านแย่ง 0,น.,ชื่อลายชนิดหนึ่ง ซึ่งมีรูปโครงเป็นตาข่ายแย่งดอกแย่งก้านกัน.
ก้านเหลือง 0,น.,ชื่อไม้ต้นขนาดกลางถึงขนาดใหญ่ชนิด Nauclea orientalis (L.) L. ในวงศ์ Rubiaceae คล้ายกระทุ่ม ขึ้นตามริมนํ้า เนื้อไม้สีเหลือง ละเอียด ใช้ในการก่อสร้าง.
กาน้า 0,น.,"ชื่อไม้ต้นชนิด Canarium album (Lour.) Raeusch. ในวงศ์ Burseraceae ผลคล้ายสมอบางชนิด กินได้ มีถิ่นกำเนิดในประเทศจีน, สมอจีน ก็เรียก."
กาน้ำ 0,น.,ชื่อนกน้ำขนาดกลางถึงขนาดใหญ่หลายชนิด ในวงศ์ Phalacrocoracidae คอยาว ตัวสีดำ ตีนมีพังผืด นิ้วแบบตีนพัดเต็ม ว่ายนํ้าเหมือนเป็ด ดำนํ้าจับปลากิน อาศัยอยู่รวมกันเป็นฝูง ในประเทศไทยมี ๓ ชนิด คือ กานํ้าใหญ่ [ Phalacrocorax carbo (Linn.)] กานํ้าปากยาว ( P. fuscicollisStephens) และกานํ้าเล็ก [P. niger (Vieillot)] .
กาบ 0,น.,"เปลือกหุ้มชั้นนอกของผล ช่อดอก หรือลำต้นของต้นไม้บางชนิด ลอกออกได้ เช่น กาบมะพร้าว กาบหมาก กาบกล้วย, โดยปริยายหมายถึงสิ่งที่มีลักษณะเช่นนั้น."
กาบ 1,น.,"ชื่อหอยนํ้าจืดกาบคู่หลายชนิดหลายสกุล ในวงศ์ Amblemidae ส่วนใหญ่มีเปลือกหนา สีเขียวคลํ้าหรือนํ้าตาลอมดำ ด้านในเป็นมุก เช่น ชนิด Chamberlainia hainesiana (Lea), กาบนํ้าจืด ก็เรียก."
กาบ 2,น.,คำกำกับชื่อปีในวิธีนับศักราชของไทยเหนือ ตรงกับเลข ๑.
ก้าบ ๆ 0,ว.,เสียงร้องของเป็ด.
กาบกี้ 0,น.,"ชื่อหอยนํ้าจืดกาบคู่ชนิด Hyriopsis ( Limnoscapha) myersiana (Lea) ในวงศ์ Amblemidae เป็นหอยกาบขนาดกลาง, กี ก็เรียก."
กาบขนุน 0,น.,"องค์ประกอบของพระปรางค์ อยู่เหนือครรภธาตุ ประดับตรงมุมบนชั้นรัดประคดแต่ละชั้นเรียงขึ้นไป, กลีบขนุน ก็เรียก."
กาบเขียง 0,น.,ส่วนที่หุ้มจั่นหมากจั่นมะพร้าว.
กาบคู่ 0,น.,ชื่อเรียกหอยชั้น Bivalvia เปลือกหุ้มตัวมีลักษณะเป็น ๒ กาบ ปิดและเปิดได้.
กาบเดียว 0,น.,ชื่อเรียกหอยชั้น Gastropoda เปลือกหุ้มตัวต่อกันเป็นชิ้นเดียว โดยม้วนเป็นวงซ้อนกัน และมีช่องให้หอยยื่นตีนออกมาจากเปลือกได้ เช่น หอยสังข์ หอยโข่ง หอยขม.
กาบเดี่ยว 0,น.,ชื่อเรียกหอยชั้น Gastropoda เปลือกหุ้มตัวต่อกันเป็นชิ้นเดียว โดยม้วนเป็นวงซ้อนกัน และมีช่องให้หอยยื่นตีนออกมาจากเปลือกได้ เช่น หอยสังข์ หอยโข่ง หอยขม.
กาบน้ำจืด 0,น.,"ชื่อหอยนํ้าจืดกาบคู่หลายชนิดหลายสกุล ในวงศ์ Amblemidae ส่วนใหญ่มีเปลือกหนา สีเขียวคลํ้าหรือนํ้าตาลอมดำ ด้านในเป็นมุก เช่น ชนิด Chamberlainia hainesiana (Lea), กาบนํ้าจืด ก็เรียก."
กาบบัว 0,น.,ชื่อนกขนาดใหญ่ชนิด Mycteria leucocephala (Pennant) ในวงศ์ Ciconiidae คอและขายาว ปากยาวสีเหลือง หัว คอ และลำตัวสีขาว มีแถบดำคาดขวางอก ขนคลุมขนปีกตอนปลายสีชมพู อาศัยอยู่ตามบึงและหนองนํ้า กินปลาและสัตว์น้ำ.
กาบปูเล 0,น.,ส่วนล่างของทางใบที่หุ้มรอบลำต้นหมากเมื่อแก่จัดแล้วหลุดลงมา.
กาบพรหมศร 0,น.,ชื่อกาบกระหนกชนิดหนึ่งที่ประกอบกับโคนเสา เช่น เสาบุษบก มีลักษณะคล้ายอินทรธนูละคร.
กาบหอยแครง 0,น.,"ชื่อไม้ล้มลุกชนิด Tradescantia spathacea Sw. ในวงศ์ Commelinaceae ลำต้นตั้งตรงอวบน้ำ ใบยาว ด้านบนสีเขียวเข้ม ด้านล่างสีม่วงแดง ช่อดอกออกที่ง่ามของลำต้น ซึ่งมีกาบรูปเรือ ๒ อันหุ้มอยู่ ดอกมีจำนวนมาก สีขาว ก้านสั้น ใช้ทำยาได้, กาบหอยแครง หรือ ว่านหอยแครง ก็เรียก."
กาบุรุษ 0,น.,คนเลว.
กาบู 0,น.,"กระเบื้องมุงหลังคาชนิดหนึ่ง มีลักษณะเป็นกระเบื้อง ๒ แผ่นวางคร่อมกัน แผ่นคว่ำมีรูปร่างเหมือนกาบกล้วย ข้างใต้ตอนบนมีงวงหรือขอสำหรับยึดกับระแนง ส่วนแผ่นหงายที่อยู่ข้างล่างนั้นเป็นแผ่นแบนงอริมขึ้นทั้ง ๒ ข้าง มีขออยู่ตอนบนเพื่อเกี่ยวกับระแนง ปัจจุบันนิยมทำให้กระเบื้องแผ่นคว่ำและแผ่นหงายติดเป็นแผ่นเดียวกันเพื่อให้มีความคงทนมากขึ้น, กระเบื้องกาบกล้วย ก็เรียก."
กาเปี้ยด 0,น.,ต้นหนอนตายหยาก.
กาฝาก 0,น.,"ชื่อพืชเบียนหลายชนิดในหลายวงศ์ที่อาศัยเกาะดูดนํ้าและแร่ธาตุ หรือสารอาหารที่สังเคราะห์แล้วจากพรรณไม้ที่อาศัย ส่วนใหญ่มักใช้เรียกไม้พุ่มที่อาศัยเกาะเบียนไม้ต้นชนิดต่าง ๆ ในวงศ์ Loranthaceae, Santalaceae และ Viscaceae."
กาฝาก 1,น.,ชื่อนกขนาดเล็กหลายชนิด ในวงศ์ Dicaeidae ปากสั้น หางสั้น แต่ละชนิดมีสีตามลำตัวหลายสี ตัวผู้สีสดกว่าตัวเมีย ยกเว้นบางชนิดที่มีสีคล้ายคลึงกันทั้ง ๒ เพศ กินน้ำต้อยโดยเฉพาะดอกกาฝากและผลไม้ เช่น กาฝากอกเหลือง [ Prionochilus maculates (Temminck & Laugier)] กาฝากปากหนา [ Dicaeum agile (Tickell)] กาฝากอกเพลิง [ D. ignipectus (Blyth)] สีชมพูสวน [ D. cruentatum (L.)].
กาพย์ 0,น.,คำร้อยกรองประเภทหนึ่ง มีหลายชนิด เช่น กาพย์ฉบัง กาพย์สุรางคนางค์ กาพย์ยานี กาพย์ขับไม้.
กาพย์กลอน 0,น.,คำร้อยกรอง.
กาฟักไข่ 0,น.,ชื่อการเล่นอย่างหนึ่ง ผู้เล่นหาไม้หรือของอื่นมาคนละชิ้นสมมุติเป็นไข่ มอบให้แก่ผู้ที่ถูกจับสลากสมมุติเป็นกา ผู้เป็นการักษาสิ่งนั้นไว้ในวงเขตที่กำหนด ผู้เล่นนอกนั้นคอยลักไข่.
กาเฟอีน 0,น.,สารประกอบอินทรีย์ประเภทพิวรีน มีสูตรเคมี C_8H_10O_2N_4 ลักษณะเป็นผลึกสีขาว มีในใบชา เมล็ดกาแฟ เป็นยาเสพติดอย่างอ่อน มีฤทธิ์อย่างแรงต่อหัวใจ ใช้ในการแพทย์.
กาแฟ 0,น.,ชื่อเครื่องดื่มชนิดหนึ่ง ทำมาจากเมล็ดต้นกาแฟ.
กาแฟ 1,น.,"ชื่อไม้พุ่มหลายชนิดในสกุล Coffea วงศ์ Rubiaceae เช่น ชนิด C. arabica L., C. canephora Pierre ex A. Froehner และ C. libericaBull. ex Hiern ชนิดหลังนี้ กาแฟใบใหญ่ ก็เรียก, กาแฟเป็นพืชแถบทวีปแอฟริกา ปลูกเป็นพืชเศรษฐกิจ เมล็ดแก่คั่วแล้วบด ใช้ชงเป็นเครื่องดื่ม ในเมล็ดกาแฟมีสารเคมีชนิดหนึ่ง เรียกว่า กาเฟอีน."
กาแฟใบใหญ่ 0,น.,"ชื่อไม้พุ่มหลายชนิดในสกุล Coffea วงศ์ Rubiaceae เช่น ชนิด C. arabica L., C. canephora Pierre ex A. Froehner และ C. libericaBull. ex Hiern ชนิดหลังนี้ กาแฟใบใหญ่ ก็เรียก, กาแฟเป็นพืชแถบทวีปแอฟริกา ปลูกเป็นพืชเศรษฐกิจ เมล็ดแก่คั่วแล้วบด ใช้ชงเป็นเครื่องดื่ม ในเมล็ดกาแฟมีสารเคมีชนิดหนึ่ง เรียกว่า กาเฟอีน."
กาแฟเย็น 0,น.,กาแฟใส่นม ใส่น้ำตาล ใส่น้ำแข็ง เช่น กาแฟเย็นเจ้านี้หวานมันอร่อยมาก.
กาม 0,น.,"ความใคร่, ความใคร่ทางเมถุน."
กาม- 0,น.,"ความใคร่, ความใคร่ทางเมถุน."
ก้าม 0,น.,อวัยวะของสัตว์บางชนิดเช่นปูและกุ้ง สำหรับหนีบอาหารเป็นต้น.
ก้ามกราม 0,น.,"ชื่อกุ้งชนิด Macrobrachium rosenbergii (De Man) ในวงศ์ Palaemonidae ตัวโต เปลือกสีครามปนเขียว ก้ามใหญ่สีฟ้าหรือสีคราม มีหนาม ไข่ฟักเป็นตัวอ่อนในน้ำกร่อยแล้วมาอาศัยเจริญเติบโตจนเป็นตัวเต็มวัยในน้ำจืด, กุ้งก้ามคราม หรือ กุ้งหลวง ก็เรียก, เพศเมียเรียก กุ้งนาง."
กามกรีฑา 0,น.,ชั้นเชิงในทางกาม.
กามกิจ 0,น.,การร่วมประเวณี.
ก้ามกุ้ง 0,น.,"ชื่อไม้พุ่มหลายชนิดในสกุล Lantana วงศ์ Verbenaceae เช่น ชนิด L. camara L. ลำต้นตรง กิ่งสี่เหลี่ยมมีหนามเล็กห่าง ๆ ช่อดอกเป็นกระจุกสีชมพู หรือ แดงอมเหลือง ปลูกเป็นไม้ประดับ และแพร่พันธุ์จนเป็นวัชพืชในบางท้องที่, ก้ามกุ้ง ก็เรียก, ชนิด L. sellowiana Link et Otto ลำต้นเลื้อย กิ่งไม่มีหนาม ดอกสีม่วง, ผกากรองเลื้อย ก็เรียก, ทั้ง ๒ ชนิดนี้เป็นไม้ต่างประเทศ, ชนิด L. trifolia L. ขึ้นในป่าโปร่งระดับสูงทางภาคเหนือ ลำต้นกลม ดอกสีม่วง."
ก้ามเกลี้ยง 0,น.,ชื่อกุ้งนํ้าจืดชนิด Macrobrachium sintangense (De Man) ในวงศ์ Palaemonidae ตัวเล็กกว่ากุ้งก้ามกราม ก้ามเล็กเรียบไม่มีหนาม.
ก้ามคราม 0,น.,"ชื่อกุ้งชนิด Macrobrachium rosenbergii (De Man) ในวงศ์ Palaemonidae ตัวโต เปลือกสีครามปนเขียว ก้ามใหญ่สีฟ้าหรือสีคราม มีหนาม ไข่ฟักเป็นตัวอ่อนในน้ำกร่อยแล้วมาอาศัยเจริญเติบโตจนเป็นตัวเต็มวัยในน้ำจืด, กุ้งก้ามคราม หรือ กุ้งหลวง ก็เรียก, เพศเมียเรียก กุ้งนาง."
กามคุณ 0,น.,สิ่งที่น่าปรารถนา มี ๕ ประการ คือ รูป เสียง กลิ่น รส สัมผัส
กามคุณ 1,น.,ความปรารถนาในเมถุน.
กามฉันท์ 0,น.,ความพอใจในกามคุณทั้ง ๕.
ก้ามดาบ 0,น.,"ชื่อปูทะเลขนาดเล็กหลายชนิด ในสกุล Ucaวงศ์ Ocypodidae ตัวผู้มีก้ามข้างหนึ่งใหญ่เท่าหรือโตกว่าลำตัว และอีกข้างหนึ่งเล็กกว่ามาก ส่วนตัวเมียมีก้ามขนาดไล่เลี่ยกันทั้ง ๒ ข้าง อาศัยอยู่ตามชายเลนในน้ำกร่อยหรือทะเล เช่น ชนิด U. dussumieri (H. Milne Edwards), ก้ามดาบ ก็เรียก."
กามตัณหา 0,น.,ความอยากในกามคุณทั้ง ๕.
กามท- 0,น.,"การให้ตามที่ปรารถนา, ผู้ให้สิ่งที่น่าปรารถนา เช่น หนึ่งโสดกามทราช จักประพาศยลราชี ตามวิถีแนวไม้ไพรระเรียง (ม. คำหลวง หิมพานต์)."
กามทท 0,น.,"การให้ตามที่ปรารถนา, ผู้ให้สิ่งที่น่าปรารถนา เช่น หนึ่งโสดกามทราช จักประพาศยลราชี ตามวิถีแนวไม้ไพรระเรียง (ม. คำหลวง หิมพานต์)."
กามเทพ 0,น.,เทพเจ้าแห่งความรัก.
กามน 0,ว.,เต็มไปด้วยกาม เช่น ฤๅโฉมพระศรีศริ อภิลาศกามน (สุธน).
ก้ามปู 0,น.,"ชื่อไม้ต้นขนาดใหญ่ชนิด Samanea saman (Jacq.) Merr. ในวงศ์ Leguminosae เรือนยอดทึบแบนแผ่สาขากว้างใหญ่จึงให้ร่มเงาได้ดี ช่อดอกเป็นพู่สีชมพูแก่ ฝักแก่สีนํ้าตาลไหม้ ยาวประมาณ ๑๒ เซนติเมตร รสหวาน เป็นไม้ที่นำเข้ามาปลูก, เดิมเรียก จามจุรีแดง แต่มักเรียกสั้น ๆ ว่า จามจุรี, พายัพเรียก ฉำฉา หรือ สำสา."
ก้ามปูหลุด 0,น.,ชื่อไม้ล้มลุกชนิด Tradescantia zebrina Hort ex Bosse ในวงศ์ Commelinaceae ลำต้นเรียว และเป็นปล้อง ๆ เลื้อยไปตามดิน ใบสีเขียวหม่น ใบด้านบนมีแถบสีเทาคาดตามยาว ด้านล่างสีม่วงแดง ดอกสีชมพู.
กามภพ 0,น.,"ที่เกิดของผู้ที่ยังเกี่ยวด้วยกาม, โลกเป็นที่อยู่อาศัยของผู้เสพกาม ได้แก่ อบายภูมิ ๔ (นรกภูมิ ติรัจฉานภูมิ เปรตวิสัยภูมิ อสุรกายภูมิ) มนุษยโลก ๑ และสวรรค์ ๖ ชั้น (จาตุมหาราชิกหรือจาตุมหาราชิกา ดาวดึงส์ ยามา ดุสิต นิมมานนรดี ปรนิมมิตวสวัตดี) รวมเป็น ๑๑, กามภูมิ ก็ว่า."
กามราค 0,น.,ความกำหนัดในกาม.
กามราคะ 0,น.,ความกำหนัดในกาม.
กามโรค 0,น.,"โรคซึ่งติดต่อกันได้โดยการประกอบกามกิจหรือติดต่อกันโดยใช้สิ่งของร่วมกับคนเป็นกามโรคเป็นต้น, เรียกเป็นสามัญว่า โรคบุรุษ หรือ โรคผู้หญิง."
กามวิตก 0,น.,"ความครุ่นคิดในกาม, ความคิดคำนึงในทางกาม (ป.)."
กามวิตถาร 0,น.,"การประกอบกามกิจที่ผิดปรกติวิสัย เช่น รักร่วมเพศ, การทรมานตนหรือผู้อื่นก่อนหรือในระหว่างร่วมเพศ."
กามวิตถาร 1,ว.,ผิดปรกติทางเพศเช่นนั้น.
กามสมังคี 0,ว.,พร้อมด้วยกามคุณ เช่น เสด็จเสวยอุฬาริกราชกามสมังคีศรีสุขุมสุข (ม. ร่ายยาว นครกัณฑ์).
กามัช 0,ว.,เกิดแต่กาม.
กามัช 1,ว.,"ความใคร่, ความใคร่ทางเมถุน."
กามา 0,น.,กาม เช่น เข้าแต่หอล่อกามา (มูลบท).
กามา 1,น.,"ความใคร่, ความใคร่ทางเมถุน."
กามาทีนพ 0,น.,โทษแห่งกาม.(ป. กาม + อาทีนว).
กามาทีนพ 1,น.,"ความใคร่, ความใคร่ทางเมถุน."
กามาพจร 0,ว.,"ที่ยังติดอยู่ในกาม, ที่ท่องเที่ยวอยู่ในกามภพ."
กามาพจร 1,น.,ผู้ที่ยังท่องเที่ยวอยู่ในกามภพ.
กามาพจร 2,น.,"ความใคร่, ความใคร่ทางเมถุน."
กามามิศ 0,น.,อามิสคือกาม เช่น ฝ่ายเจ้าช้างจงจม ตมเปือกกามามิศ (ม. คำหลวง ทานกัณฑ์).
กามามิศ 1,น.,"ความใคร่, ความใคร่ทางเมถุน."
กามารมณ์ 0,น.,"กามคุณ, อารมณ์ที่น่าใคร่."
กามารมณ์ 1,น.,"ความใคร่, ความใคร่ทางเมถุน."
กามาวจร 0,ว.,"ที่ยังติดอยู่ในกาม, ที่ท่องเที่ยวอยู่ในกามภพ."
กามาวจร 1,น.,ผู้ที่ยังท่องเที่ยวอยู่ในกามภพ.
กามาวจร 2,น.,"ความใคร่, ความใคร่ทางเมถุน."
กามินี 0,น.,หญิง เช่น จงกามินีปน รสร่วม กันนา (ลอ).
กามิศ 0,ว.,"เต็มไปด้วยกาม เช่น ชงครากามิศน้อง ยังยังติดแม่ (ทวาทศมาส), โกมลมิ่งโกมุท กาเมศ เรียมเอย (ทวาทศมาส)."
กามิศ 1,ว.,"ความใคร่, ความใคร่ทางเมถุน."
กาเมศ 0,ว.,"เต็มไปด้วยกาม เช่น ชงครากามิศน้อง ยังยังติดแม่ (ทวาทศมาส), โกมลมิ่งโกมุท กาเมศ เรียมเอย (ทวาทศมาส)."
กาเมศ 1,ว.,"ความใคร่, ความใคร่ทางเมถุน."
กาเมสุมิจฉาจาร 0,น.,การประพฤติผิดในประเวณี.
กาโมทย 0,ว.,"เป็นที่ตั้งขึ้นแห่งความรัก, น่ารัก, เป็นที่เกิดแห่งความรัก, เช่น พรมงคลน้นนโสด แก่แก้วกาโมทยมหิษี กัลยาณีสาวสวรรค์ประเสริฐนั้น (ม. คำหลวง ทศพร)."
กาโมทย 1,ว.,"ความใคร่, ความใคร่ทางเมถุน."
กาย 0,น.,"ตัว เช่น ไม่มีผ้าพันกาย, มักใช้เข้าคู่กับคำ ร่าง เป็น ร่างกาย, ใช้เป็นส่วนท้ายของสมาส หมายความว่า หมู่, พวก, เช่น พลกาย = หมู่ทหาร."
กาย- 0,น.,"ตัว เช่น ไม่มีผ้าพันกาย, มักใช้เข้าคู่กับคำ ร่าง เป็น ร่างกาย, ใช้เป็นส่วนท้ายของสมาส หมายความว่า หมู่, พวก, เช่น พลกาย = หมู่ทหาร."
ก่าย 0,ก.,"พาด, พาดไขว้กัน, เช่น เอาฟืนก่ายกัน, พาดเกยอยู่หรือค้างอยู่ เช่น เอามือก่ายหน้าผาก นอนเอาขาก่ายกัน, บางทีก็ใช้เข้าคู่กับคำ เกย เป็น ก่ายเกย หรือ เกยก่าย."
กายกรรม 0,น.,การทำทางกาย
กายกรรม 1,น.,"การดัดตนเพื่อให้ร่างกายแข็งแรง, การเล่นห้อยโหนโยนตัวเป็นต้น."
ก่ายกอง 0,ว.,"มักใช้เข้าคู่กับคำ มากมาย เป็น มากมายก่ายกอง หมายความว่า มากเกิน, ล้นหลาม."
กายทวาร 0,น.,ทางกาย.
กายทุจริต 0,น.,ความประพฤติชั่วทางกาย ได้แก่ การฆ่าสัตว์ ๑ การลักทรัพย์ ๑ การประพฤติผิดในกาม ๑.
กายบริหาร 0,น.,"การบริหารร่างกาย, การออกกำลังกาย."
กายพันธน์ 0,น.,เครื่องรัดตัว คือ รัดประคด.
กายภาพ 0,ว.,"เกี่ยวกับสิ่งที่ไม่มีชีวิต, เกี่ยวกับสสารและพลังงาน, เช่น วิทยาศาสตร์กายภาพ ศึกษาเกี่ยวกับสสารและพลังงาน"
กายภาพ 1,ว.,เกี่ยวกับลักษณะตามธรรมชาติของโลก เช่น ภูมิศาสตร์กายภาพ ศึกษาเกี่ยวกับธรรมชาติของผิวดิน บรรยากาศ อากาศ พืช และสัตว์ในถิ่นต่าง ๆ.
กายภาพบำบัด 0,น.,การบำบัด ป้องกัน แก้ไข และฟื้นฟูความบกพร่องของร่างกายที่เกิดเนื่องจากภาวะของโรคหรือการเคลื่อนไหวที่ไม่ปรกติ.
กายวิภาคศาสตร์ 0,น.,วิทยาศาสตร์การแพทย์สาขาหนึ่ง ว่าด้วยเรื่องโครงสร้างของร่างกายโดยศึกษาเป็นส่วน ๆ.
กายสิทธิ์ 0,ว.,มีฤทธิ์เดชต่าง ๆ อยู่ในตัว.
กายสุจริต 0,น.,ความประพฤติชอบทางกาย มี ๓ อย่าง ได้แก่ การไม่ฆ่าสัตว์ ๑ การไม่ลักทรัพย์ ๑ การไม่ประพฤติผิดในกาม ๑.
กายาพยพ 0,น.,ส่วนต่าง ๆ ของร่างกาย เช่น มือ เท้า.
กายาพยพ 1,น.,"ตัว เช่น ไม่มีผ้าพันกาย, มักใช้เข้าคู่กับคำ ร่าง เป็น ร่างกาย, ใช้เป็นส่วนท้ายของสมาส หมายความว่า หมู่, พวก, เช่น พลกาย = หมู่ทหาร."
กายินทรีย์ 0,น.,ร่างกายซึ่งเป็นใหญ่ในการรับสัมผัส.
กายินทรีย์ 1,น.,"ตัว เช่น ไม่มีผ้าพันกาย, มักใช้เข้าคู่กับคำ ร่าง เป็น ร่างกาย, ใช้เป็นส่วนท้ายของสมาส หมายความว่า หมู่, พวก, เช่น พลกาย = หมู่ทหาร."
กาเยน 0,น.,ยางไม้ชนิดหนึ่ง สีเหลืองแก่ ใสคล้ายแก้ว.
กาเยนทรีย์ 0,น.,ร่างกายซึ่งเป็นใหญ่ในการรับสัมผัส.
กาเยนทรีย์ 1,น.,"ตัว เช่น ไม่มีผ้าพันกาย, มักใช้เข้าคู่กับคำ ร่าง เป็น ร่างกาย, ใช้เป็นส่วนท้ายของสมาส หมายความว่า หมู่, พวก, เช่น พลกาย = หมู่ทหาร."
การ 0,น.,"งาน, สิ่งหรือเรื่องที่ทำ, มักใช้เข้าคู่กับคำ งาน เช่น การงาน เป็นการเป็นงาน ได้การได้งาน, ถ้าอยู่หน้านาม หมายความว่า เรื่อง, ธุระ, หน้าที่, เช่น การบ้าน การครัว การคลัง การเมือง, ถ้าอยู่หน้ากริยา ทำกริยาให้เป็นนาม เช่น การกิน การเดิน."
การก 0,น.,ผู้ทำ.
การก 1,ก.,กริยาที่ทำหน้าที่ประธาน กรรม หรือส่วนขยายของประโยคที่คล้ายกับนาม มี ๕ ชนิด คือ กรรตุการก กรรมการก การิตการก วิกัติการก และวิเศษณการก.
การกลั่นทำลาย 0,น.,"กรรมวิธีที่ให้ความร้อนสูงแก่สารอินทรีย์โดยไม่ให้อากาศเข้า เพื่อให้เกิดการเปลี่ยนแปลงทางเคมีขึ้นแก่สารนั้น ให้ผลเป็นสารที่ระเหยได้และแยกตัวออกมา เช่น การกลั่นทำลายขี้เลื่อย ให้ผลเป็นเมทิลแอลกอฮอล์ กรดนํ้าส้ม และสารอื่นอีก, การกลั่นทำลายถ่านหิน ให้ผลเป็นแก๊สถ่านหินที่ใช้เป็นเชื้อเพลิงได้ นํ้ามันเบนซิน ลูกเหม็นกันแมลงสาบ และสารอื่นที่มีประโยชน์อีกมาก กากที่เหลือเรียกว่า ถ่านโค้ก."
การก่อวินาศกรรม 0,น.,การกระทำใด ๆ อันเป็นการมุ่งทำลายทรัพย์สินของประชาชนหรือของรัฐ หรือสิ่งอันเป็นสาธารณูปโภค หรือการรบกวนขัดขวางหน่วงเหนี่ยวระบบการปฏิบัติงานใด ๆ ตลอดจนการประทุษร้ายต่อบุคคลอันเป็นการก่อให้เกิดความปั่นป่วนทางการเมืองการเศรษฐกิจและสังคมแห่งชาติ โดยมุ่งหมายที่จะก่อให้เกิดความเสียหายต่อความมั่นคงของรัฐ.
การขนส่งมวลชน 0,น.,ระบบการขนส่งผู้โดยสารครั้งละมาก ๆ.
การครัว 0,น.,การหุงหาอาหาร.
การคลัง 0,น.,"การจัดการเงิน, การคลังแผ่นดิน หรือ การคลังสาธารณะ คือ การจัดการเงินของประเทศ, การคลังเอกชน คือ การจัดการเงินของบุคคล เช่น บริษัท"
การคลัง 1,น.,ชื่อกระทรวงที่มีอำนาจหน้าที่เกี่ยวกับการเงินแผ่นดิน ภาษีอากร การรัษฎากร กิจการเกี่ยวกับที่ราชพัสดุ กิจการอันกฎหมายบัญญัติให้เป็นการผูกขาดของรัฐ กิจการหารายได้ ซึ่งรัฐมีอำนาจดำเนินการได้แต่ผู้เดียวตามกฎหมาย และไม่อยู่ในอำนาจหน้าที่ของกระทรวง ทบวง กรมอื่น และกิจการซึ่งจะเป็นสัญญาผูกพันต่อเมื่อรัฐบาลได้ให้อำนาจหรือให้สัตยาบัน รวมทั้งการคํ้าประกันหนี้ของส่วนราชการ องค์การของรัฐ สถาบันการเงิน และรัฐวิสาหกิจ.
การเงิน 0,น.,"กิจการเกี่ยวกับเงิน, เรื่องเกี่ยวกับเงิน เช่น เดือนนี้การเงินไม่ค่อยดี."
การจร 0,น.,งานซึ่งไม่ได้ทำเป็นประจำหรือที่คาดไม่ถึง.
การจัดรูปที่ดิน 0,น.,การดำเนินงานพัฒนาที่ดินที่ใช้เพื่อเกษตรกรรมให้สมบูรณ์ทั่วถึงที่ดินทุกแปลงเพื่อเพิ่มผลผลิตและลดต้นทุนการผลิต โดยทำการรวบรวมที่ดินหลายแปลงในบริเวณเดียวกัน เพื่อวางผังจัดรูปที่ดินเสียใหม่และสร้างสิ่งอำนวยความสะดวกและพัฒนาที่ดินนั้น.
การจัดรูปที่ดินเพื่อพัฒนาพื้นที่ 0,น.,การดำเนินการพัฒนาที่ดินหลายแปลงโดยการวางผังจัดรูปที่ดินใหม่ ปรับปรุงหรือจัดสร้างโครงสร้างพื้นฐาน และการร่วมรับภาระและกระจายผลตอบแทนอย่างเป็นธรรม ทั้งนี้ โดยความร่วมมือระหว่างเอกชนกับเอกชนหรือเอกชนกับรัฐ เพื่อให้เกิดการใช้ประโยชน์ในที่ดินที่เหมาะสมยิ่งขึ้นในด้านต่าง ๆ.
การจัดสรรที่ดิน 0,น.,การจำหน่ายที่ดินที่ได้แบ่งเป็นแปลงย่อยรวมกันตั้งแต่สิบแปลงขึ้นไป ไม่ว่าจะเป็นการแบ่งจากที่ดินแปลงเดียวหรือแบ่งจากที่ดินหลายแปลงที่มีพื้นที่ติดต่อกัน โดยได้รับทรัพย์สินหรือประโยชน์เป็นค่าตอบแทน และให้หมายความรวมถึงการดำเนินการดังกล่าวที่ได้มีการแบ่งที่ดินเป็นแปลงย่อยไว้ไม่ถึงสิบแปลงและต่อมาได้แบ่งที่ดินแปลงเดิมเพิ่มเติมภายในสามปี เมื่อรวมกันแล้วมีจำนวนตั้งแต่สิบแปลงขึ้นไปด้วย.
การฌาปนกิจสงเคราะห์ 0,น.,กิจการที่บุคคลหลายคนตกลงเข้าร่วมกันเพื่อทำการสงเคราะห์ซึ่งกันและกันในการจัดการศพ หรือจัดการศพและสงเคราะห์ครอบครัวของบุคคลใดบุคคลหนึ่งที่ตกลงเข้าร่วมกันนั้นซึ่งถึงแก่ความตาย และมิได้ประสงค์จะหากำไรหรือรายได้เพื่อแบ่งปันกัน.
การณ์ 0,น.,"เหตุ, เค้า, มูล, เช่น รู้เท่าไม่ถึงการณ์ สังเกตการณ์."
การ์ด 0,น.,บัตรเชิญในโอกาสต่าง ๆ เช่น การ์ดแต่งงาน การ์ดงานศพ.
การต่างประเทศ 0,น.,ชื่อกระทรวงที่มีอำนาจหน้าที่เกี่ยวกับราชการต่างประเทศ.
การตายโดยผิดธรรมชาติ 0,น.,การที่บุคคลถึงแก่ความตายด้วยเหตุอย่างใดอย่างหนึ่งดังต่อไปนี้ (๑) ฆ่าตัวตาย (๒) ถูกผู้อื่นทำให้ตาย (๓) ถูกสัตว์ทำร้ายตาย (๔) ตายโดยอุบัติเหตุ (๕) ตายโดยยังมิปรากฏเหตุ.
การ์ตูน 0,น.,"ภาพล้อ, ภาพตลก, บางทีเขียนเป็นภาพบุคคล บางทีเขียนเป็นภาพแสดงเหตุการณ์ที่ผู้เขียนตั้งใจล้อเลียนจะให้ดูรู้สึกขบขัน, หนังสือเล่าเรื่องด้วยภาพเขียน ซึ่งแบ่งหน้ากระดาษเป็นช่อง ๆ มีคำบรรยายสั้น ๆ อ่านง่าย เนื้อเรื่องมักเป็นนิทานหรือนวนิยาย."
การ์ตูน 1,น.,ชื่อปลาทะเลขนาดเล็กทุกชนิดในสกุล Amphiprion วงศ์ Pomacentridae ลำตัวสั้นและแบนข้าง สีเหลือง แสด หรือแดง บางชนิดมีส่วนบนรวมทั้งครีบหลังดำคลํ้า มักมีแถบสีขาวเด่นพาดขวางบนหัวและลำตัว ๑-๒ แนว แล้วแต่ชนิดหรือขนาดบ้างมีสีส้ม พบอาศัยตามแนวปะการัง โดยเฉพาะอยู่กับดอกไม้ทะเลซึ่งเป็นสัตว์ไม่มีกระดูกสันหลังประเภทหนึ่งในลักษณะพึ่งพาอาศัยซึ่งกันและกัน ขนาดยาวได้ถึง ๑๖ เซนติเมตร.
การเต 0,น.,กานดา เช่น ธรณีธรณิศแก้ว การเต (ทวาทศมาส).
การไต่สวนมูลฟ้อง 0,น.,กระบวนไต่สวนของศาลเพื่อวินิจฉัยถึงมูลคดีที่จำเลยต้องหา.
การทะเบียนราษฎร 0,น.,งานทะเบียนต่าง ๆ ตามพระราชบัญญัติการทะเบียนราษฎร รวมทั้งการจัดเก็บข้อมูลทะเบียนประวัติราษฎร.
การนำ 0,น.,การเคลื่อนที่ของกระแสไฟฟ้าผ่านตัวนำหรือฉนวน
การนำ 1,น.,การส่งถ่ายพลังงานความร้อนผ่านเทหวัตถุโดยวิธีการซึ่งโมเลกุลของเทหวัตถุนั้นกระทบกระแทกกันเนื่องจากโมเลกุลสั่นสะเทือนอย่างรวดเร็วมาก.
การบ้าน 0,น.,"งานที่ครูกำหนดให้นักเรียนไปทำที่บ้าน, งานที่เกี่ยวกับบ้าน, มักใช้เข้าคู่กับคำอื่น เช่น การบ้านการเมือง การบ้านการเรือน."
การบ้านการเมือง 0,น.,กิจการบ้านเมืองทั่ว ๆ ไป.
การบ้านการเรือน 0,น.,"งานของแม่บ้าน เช่น หุงต้มอาหาร เย็บปักถักร้อย, การบ้านการเรือน ก็ว่า."
การบุเรียน 0,น.,การเปรียญ.
การบูร 0,น.,ชื่อไม้ต้นชนิด Cinnamomum camphora (L.) J. Presl ในวงศ์ Lauraceae เนื้อไม้มีสารสีขาว กลิ่นฉุนร้อน ซึ่งกลั่นแยกออกมาได้ เรียกว่า การบูร หรือ กรบูร ใช้ทำยา.
การบูรป่า 0,น.,"ชื่อไม้ล้มลุกชนิด Adenosma indiana (Lour.) Merr. ในวงศ์ Scrophulariaceae ขึ้นตามป่าเต็งรัง ต้นสูงประมาณ ๓๐ เซนติเมตร ใบเดี่ยวออกตรงข้ามกัน ขอบใบจักถี่ ใบมีกลิ่นคล้ายกลิ่นใบกะเพรา โหระพา แต่อ่อนกว่า ดอกเล็กสีม่วง ออกเป็นช่อเรียวยาวตามง่ามใบและที่ปลายยอด, กระต่ายจาม ข้าวคำ หรือ พริกกระต่าย ก็เรียก."
การปฏิรูปที่ดินเพื่อเกษตรกรรม 0,น.,การปรับปรุงเกี่ยวกับสิทธิ และการถือครองในที่ดินเพื่อเกษตรกรรม รวมตลอดถึงการจัดที่อยู่อาศัยในที่ดินเพื่อเกษตรกรรมนั้น โดยรัฐนำที่ดินของรัฐ หรือที่ดินที่รัฐจัดซื้อหรือเวนคืนมาจัดให้แก่เกษตรกรผู้ยากจน โดยรัฐให้ความช่วยเหลือในการพัฒนาอาชีพเกษตรกรรม.
การประกอบโรคศิลปะ 0,น.,การประกอบวิชาชีพที่กระทำหรือมุ่งหมายจะกระทำต่อมนุษย์เกี่ยวกับการตรวจโรค การวินิจฉัยโรค การบำบัดโรค การป้องกันโรค การส่งเสริมและการฟื้นฟูสุขภาพ การผดุงครรภ์ แต่ไม่รวมถึงการประกอบวิชาชีพทางการแพทย์และสาธารณสุขอื่นตามกฎหมายว่าด้วยการนั้น ๆ.
การประกันภัยต่อ 0,น.,การที่ผู้รับประกันภัยเอาการเสี่ยงภัยทั้งหมดหรือบางส่วนของความรับผิดตามสัญญาประกันภัยที่ตนรับไว้ ไปเอาประกันภัยไว้กับผู้รับประกันภัยอีกรายหนึ่งหรือหลายราย ซึ่งเรียกว่า ผู้รับประกันภัยต่อ.
การเปรียญ 0,น.,เรียกศาลาวัดสำหรับพระสงฆ์แสดงธรรมว่า ศาลาการเปรียญ.
การเปิดอภิปรายทั่วไป 0,น.,กลไกที่ฝ่ายนิติบัญญัติใช้ควบคุมฝ่ายบริหาร เช่น การเปิดอภิปรายทั่วไปเพื่อลงมติไม่ไว้วางใจนายกรัฐมนตรี หรือฝ่ายบริหารจะรับฟังความคิดเห็นของฝ่ายนิติบัญญัติ เช่น การเปิดอภิปรายทั่วไปที่คณะรัฐมนตรีร้องขอให้มีขึ้นเพื่อรับฟังความคิดเห็นเรื่องใดเรื่องหนึ่งจากสมาชิกสภา.
การแผ่รังสี 0,น.,การส่งถ่ายพลังงานความร้อนในลักษณะเป็นคลื่นแม่เหล็กไฟฟ้าซึ่งเคลื่อนที่ด้วยความเร็วเท่ากับความเร็วของแสง เมื่อเทหวัตถุใดดูดกลืนคลื่นแม่เหล็กไฟฟ้านั้นไว้ได้ คลื่นแม่เหล็กไฟฟ้าก็จะแปรสภาพเป็นพลังงานความร้อน เป็นผลให้เทหวัตถุนั้นมีอุณหภูมิสูงขึ้นกว่าเดิม.
การพา 0,น.,การส่งถ่ายพลังงานความร้อนผ่านของเหลวหรือแก๊สโดยวิธีการซึ่งโมเลกุลของของเหลวหรือแก๊สเคลื่อนที่ไป.
การพาณิชยนาวี 0,น.,การขนส่งทางทะเล การประกันภัยทางทะเล การเดินเรือ กิจการอู่เรือ กิจการท่าเรือ และกิจการที่เกี่ยวเนื่องหรือเป็นส่วนประกอบกับกิจการดังกล่าว.
การเมือง 0,น.,งานที่เกี่ยวกับรัฐหรือแผ่นดิน เช่น วิชาการเมือง ได้แก่วิชาว่าด้วยรัฐ การจัดส่วนแห่งรัฐ และการดำเนินการแห่งรัฐ.
การเมือง 1,น.,การบริหารประเทศเฉพาะที่เกี่ยวกับนโยบายในการบริหารประเทศ เช่น การเมืองระหว่างประเทศ ได้แก่การดำเนินนโยบายระหว่างประเทศ.
การเมือง 2,น.,กิจการอำนวยหรือควบคุมการบริหารราชการแผ่นดิน เช่น ตำแหน่งการเมือง ได้แก่ตำแหน่งซึ่งมีหน้าที่อำนวย (คณะรัฐมนตรี) หรือควบคุม (สภาผู้แทนราษฎร) การบริหารแผ่นดิน.
การเมือง 3,ว.,"มีเงื่อนงำ, มีการกระทำอันมีเจตนาอื่นแอบแฝงอยู่, เช่น ป่วยการเมือง."
การย์ 0,น.,"หน้าที่, กิจ, ธุระ, งาน."
การยุบสภา 0,น.,อำนาจของฝ่ายบริหารในการประกาศให้สภาผู้แทนราษฎรสิ้นสุดลง เพื่อจัดให้มีการเลือกตั้งทั่วไปใหม่ การยุบสภาต้องตราเป็นพระราชกฤษฎีกา.
การเรือน 0,น.,"งานของแม่บ้าน เช่น หุงต้มอาหาร เย็บปักถักร้อย, การบ้านการเรือน ก็ว่า."
การละเล่น 0,น.,"มหรสพต่าง ๆ, การแสดงต่าง ๆ เพื่อความสนุกสนานรื่นเริง."
การวิก 0,น.,นกการเวก เช่น การวิกรวังวนกุณาล พเพรียกพร้องกระแสงใส (สมุทรโฆษ).
การเวก 0,น.,ชื่อนกในเรื่องปรัมปรา เชื่อกันว่ามีอยู่ในป่าหิมพานต์ บินสูงเหนือเมฆ ร้องเพราะ สัตว์ทั้งหลายได้ยินก็หยุดชะงักไป.
การเวก 1,น.,ชื่อนกขนาดเล็กถึงขนาดกลางหลายชนิดหลายสกุล ในวงศ์ Paradisaeidae แต่ละชนิดมีสีสันหลากหลาย อาจมี ๕-๑๐ สีในตัวเดียวกัน ตัวผู้สีสดกว่าตัวเมีย พบในเกาะนิวกินี เกาะใกล้เคียง และทางตะวันออกเฉียงเหนือของประเทศออสเตรเลีย ในประเทศไทยมีผู้นำมาเลี้ยงตามบ้าน เช่น ชนิด Paradisea apoda Linn.
การเวก 2,น.,"ชื่อไม้เถาเนื้อแข็งชนิด Artabotrys siamensis Miq. ในวงศ์ Annonaceae ดอกหอมอ่อน กลีบดอกคล้ายกระดังงาจีนแต่ขนาดเล็กกว่า, กระดังงัว กระดังงาเถา หรือ หนามควายนอน ก็เรียก."
การเวก 3,น.,ชื่อเพลงไทย อัตรา ๒ ชั้น มีด้วยกันหลายเพลง เช่น เพลงการเวกตัวผู้หรือการเวกเล็ก เพลงการเวกตัวเมียหรือการเวกใหญ่.
การสมรส 0,น.,การแต่งงานที่จดทะเบียนสมรสแล้ว.
การสื่อสาร 0,น.,วิธีการนำถ้อยคำ ข้อความ หรือหนังสือ เป็นต้น จากบุคคลหนึ่งหรือสถานที่หนึ่งไปยังอีกบุคคลหนึ่งหรืออีกสถานที่หนึ่ง.
การออกเสียงประชามติ 0,น.,การขอความเห็นชอบจากประชาชนผู้มีสิทธิเลือกตั้ง ในเรื่องใดเรื่องหนึ่งที่อาจกระทบถึงประโยชน์ส่วนได้เสียของประเทศชาติหรือประชาชน โดยวิธีการให้ออกเสียงลงมติโดยตรง.
การะเกด 0,น.,"ชื่อไม้พุ่มเพศผู้ชนิด Pandanus tectorius Parkinson ex Du Roi ในวงศ์ Pandanaceae มักขึ้นในที่ชื้นแฉะและริมนํ้า ใบแคบและยาว ขอบใบมีหนามห่าง ๆ ดอกสีเหลือง กลิ่นหอม, ลำเจียกหนู ก็เรียก."
การะบุหนิง 0,น.,ดอกแก้ว.
การัณย์ 0,น.,"กรณีย์, กิจ, เช่น ชี้แจงแถลงเรื่องการัณย์ ส่งคชสำคัญ ทั้งหมอแลควาญมาถวาย (ดุษฎีสังเวย)."
การันต์ 0,น.,"“ที่สุดอักษร”, ตัวอักษรที่ไม่ออกเสียง ซึ่งมีไม้ทัณฑฆาตกำกับไว้ เช่นตัว “ต์” ในคำว่า “การันต์”, (ปาก) เรียกตัวอักษรที่มีไม้ทัณฑฆาตกำกับ เช่น ล์ ว่า ล การันต์ ค์ ว่า ค การันต์."
การางหัวขวาน 0,น.,"ชื่อนกขนาดกลางหลายชนิด ใน ๒ วงศ์ ลำตัวอ้วนป้อม หากินเป็นฝูงตามพื้นดิน อาจหากินร่วมกับนกชนิดอื่น ๆ พวกที่อยู่ในวงศ์ Sylviidae มีปากหนาสั้นสีดำปลายแหลม เช่น กะรางหัวหงอก [ Garrulax leucolophus (Hardwicke)] กะรางคอดำ [ G. chinensis (Scopoli)] กะรางสร้อยคอเล็ก [ G. monileqer (Hodgson)] พวกที่อยู่ในวงศ์ Upupidae ได้แก่ กะรางหัวขวาน ( Upupa epops Linn.) ปากยาวแหลมโค้งสีดำ หงอนขนสีส้มขอบดำ ลักษณะหงอนขนเหมือนหมวกของอินเดียนแดง ขนตามลำตัวสีนํ้าตาลอมเหลือง มีแถบดำขาวสลับกัน, ชนิดนี้ การางหัวขวาน หรือ หงอนชบา ก็เรียก."
การิตการก 0,น.,"ผู้ถูกใช้ให้ทำ, เป็นประธานของประโยค เรียงไว้หน้ากริยา “ถูก-ให้” เช่น คนงานถูกนายจ้างให้ทำงานทั้งกลางวันและกลางคืน, ถ้ามิได้เป็นประธานก็เรียงไว้หลังบุรพบท “ยัง” หรือกริยานุเคราะห์ “ให้” เช่น นายจ้างยังลูกจ้างให้ทำงาน นายจ้างให้ลูกจ้างทำงาน."
การิตวาจก 0,ก.,"กริยาที่บอกว่าประธานเป็นการิตการกหรือผู้รับใช้, กริยาของประโยคที่แสดงว่าประธานทำหน้าที่เป็นการิตการก คือ เป็นผู้ถูกใช้ กริยาของการิตวาจกใช้กริยานุเคราะห์ “ถูก” “ถูก-ให้” หรือ “ถูกให้” เช่น ลูกจ้างถูกนายจ้างให้ทำงาน."
การุญ 0,น.,ความกรุณา.
การุณย์ 0,น.,ความกรุณา.
กาเรการ่อน 0,น.,ต้นกะเรกะร่อน.
กาเรียน 0,น.,"ชื่อนกขนาดใหญ่ชนิด Grus antigone (Linn.) ในวงศ์ Gruidae ขนลำตัวสีเทา หนังหัวและต้นคอสีแดง คอยาว ขายาว ปีกกว้าง หางกว้างและสั้น เวลาบินคอเหยียดตรง หากินตามที่ราบลุ่ม กินพืช แมลง และสัตว์ขนาดเล็ก, กาเรียน ก็เรียก."
กาเรียนทอง 0,น.,"ชื่อเพลงไทย อัตรา ๒ ชั้น, ชื่อเพลงไทยประเภทเพลงเถา, กระเรียนทอง ก็ว่า."
กาเรียนร้อง 0,น.,"ชื่อเพลงไทย อัตรา ๒ ชั้น, กระเรียนร้อง ก็ว่า."
กาเรียนร่อน 0,น.,ชื่อเพลงไทย อัตรา ๒ ชั้น.
กาล- 0,น.,"เวลา, คราว, ครั้ง, หน."
กาล 0,น.,"เวลา, คราว, ครั้ง, หน."
กาล 1,น.,คำประพันธ์.
กาลกรรณี 0,น.,"เสนียดจัญไร, ลักษณะที่เป็นอัปมงคล."
กาลกิณี 0,น.,"เสนียดจัญไร, ลักษณะที่เป็นอัปมงคล."
กาลกิริยา 0,น.,ความตาย เช่น ถึงซึ่งกาลกิริยา.
กาลจักร 0,น.,"ชื่อพิธีกรรมในลัทธิตันตระ ซึ่งมีข้อปฏิบัติเบื้องต้น ๕ อย่าง คือ ดื่มนํ้าเมา กินเนื้อสัตว์ พรํ่ามนตร์ แสดงท่ายั่วยวน และเสพเมถุน ซึ่งปฏิบัติในเวลากลางคืนหรือที่มืด, กาฬจักร ก็ว่า."
กาลเทศะ 0,น.,เวลาและสถานที่
กาลเทศะ 1,น.,ความควรไม่ควร.
กาลโยค 0,น.,การกำหนด วัน ยาม ฤกษ์ ราศี ดิถี ของแต่ละปี เป็น ธงชัย อธิบดี อุบาทว์ โลกาวินาศ.
กาลสมุตถาน 0,น.,กองโรคที่เกิดขึ้นเพราะธาตุไม่เป็นไปตามเวลาปรกติ.
กาลักน้ำ 0,น.,เครื่องมืออย่างง่ายซึ่งอาศัยความดันของอากาศเพื่อใช้ถ่ายเทของเหลวออกจากภาชนะ โดยใช้หลอดหรือท่อที่ใช้ถ่ายเทของเหลวจากระดับหนึ่งไปสู่ระดับที่ตํ่ากว่า โดยไหลผ่านระดับที่สูงกว่าระดับทั้ง ๒ นั้น.
กาลัญญุตา 0,น.,ความเป็นผู้รู้กาล.
กาลัญญู 0,น.,ผู้รู้กาล.
กาลัด 0,น.,แก้วหุง
กาลัด 1,น.,สายหยุด.
กาลานุกาล 0,น.,งานบำเพ็ญกุศลถวายพระบรมอัฐิและพระอัฐิในกาลใดกาลหนึ่ง.
กาลิก 0,น.,ของที่พระสงฆ์เก็บไว้ฉันได้ตามเวลาที่กำหนดให้ มี ๓ อย่าง คือ ๑. ยาวกาลิก-ของที่เก็บไว้ฉันได้ชั่วคราวตั้งแต่เช้าถึงเที่ยงวัน ได้แก่ ข้าวปลาอาหาร ๒. ยามกาลิก-ของที่เก็บไว้ฉันได้ชั่วคราวเพียงวันหนึ่งกับคืนหนึ่ง ได้แก่ นํ้าอัฐบาน ๓. สัตตาหกาลิก-ของที่เก็บไว้ฉันได้ชั่วคราวเพียง ๗ วัน ได้แก่ เภสัชทั้ง ๕.
กาลี 0,ว.,"ชั่วร้าย, เสนียดจัญไร."
กาลี 1,น.,"ชื่อหนึ่งของพระอุมา ชายาพระอิศวร เรียกว่า เจ้าแม่กาลี, ปรกติสร้างรูปเป็นหญิงผิวดำ (ส. กาลี ว่า หญิงดำ), และว่ามีอำนาจเสมือน กาล (เวลา) ที่ไม่มีผู้ใดเอาชนะได้."
กาแล 0,น.,"ชื่อไม้เครื่องเรือนที่ต่อจากปั้นลมทั้ง ๒ ด้านไปไขว้กัน อยู่ตอนบนสุดของหลังคาที่ยื่นจากหน้าจั่ว อาจสลักลวดลายตามแต่จะเห็นงาม, บางถิ่น กะแล หรือ แกแล."
กาแล็กซี 0,น.,"ระบบขนาดใหญ่ของดาวฤกษ์ ประกอบด้วยกลุ่มดาวฤกษ์ เนบิวลา และเทห์ฟากฟ้าอื่น ๆ กาแล็กซีมากกว่า ๑,๐๐๐ ล้านกาแล็กซีรวมกันเป็นเอกภพ, ทางช้างเผือก ถือเป็นกาแล็กซีหนึ่ง."
กาแล็กโทส 0,น.,นํ้าตาลชนิดหนึ่งประเภทโมโนแซ็กคาไรด์ ชนิดแอลโดเฮ็กโซส ลักษณะเป็นของแข็งสีขาว มีรสหวานน้อยกว่านํ้าตาลทราย หลอมละลายที่ ๑๖๕ ํ-๑๖๘ ํซ. โมเลกุลของกาแล็กโทสเชื่อมโยงกับโมเลกุลของกลูโคสเป็นโมเลกุลของแล็กโทสซึ่งมีในนํ้านม.
ก้าว 0,ก.,"ยกเท้าเคลื่อนไปวางข้างหน้าหรือข้างหลัง เช่น วันนี้เดินซื้อของทั้งวัน เหนื่อยจนก้าวขาไม่ออก, ยกเท้าเคลื่อนไปวางข้างหน้าหรือข้างหลังแล้วยกอีกเท้าหนึ่งตาม เช่น ก้าวออกมาข้างหน้า ๑ ก้าว."
ก้าว 1,น.,"ระยะทางชั่วยกเท้าเคลื่อนไปวางข้างหน้าหรือข้างหลังแล้วยกอีกเท้าหนึ่งตาม, ลักษณนามเรียกระยะทางชั่วยกเท้าเคลื่อนไปวางข้างหน้าหรือข้างหลังแล้วยกอีกเท้าหนึ่งตาม เช่น เดินได้ ๕ ก้าว."
กาว 0,น.,ของเหนียวที่เคี่ยวมาจากเอ็น หนัง กีบสัตว์ เป็นต้น สำหรับใช้ติดหรือผนึกสิ่งของ.
กาว 1,น.,ต้นเทียนกิ่ง. (ดู เทียนกิ่ง).
ก้าวก่าย 0,ก.,"ล่วงลํ้าเข้าไปยุ่งเกี่ยวหน้าที่ผู้อื่น, เหลื่อมลํ้าไม่เป็นระเบียบ เช่น งานก้าวก่ายกัน."
กาวใจ 0,น.,ผู้ประสานรอยร้าวให้ผู้ที่โกรธกัน ทะเลาะกัน หรือกินแหนงแคลงใจกัน ได้กลับคืนดีกัน เช่น เขาเป็นกาวใจให้ ๒ คนนี้คืนดีกัน.
ก้าวเฉียง 0,ก.,เดินเป็นฟันปลา (ใช้แก่การแล่นเรือ)
ก้าวเฉียง 1,ก.,โดยปริยายใช้แก่การพูดไม่ตรงหรือพูดเลี่ยง เช่น นงลักษณ์แกล้งกล่าวก้าวเฉียง (อิเหนา).
ก้าวร้าว 0,ว.,เกะกะระราน (ใช้แก่กิริยาและวาจาที่กระด้างและล่วงเกินผู้อื่น).
ก้าวล่วง 0,ก.,ละเมิด เช่น ภิกษุก้าวล่วงสิกขาบท.
กาววาว 0,ว.,"แวววาว, ฉูดฉาด, บาดตา, (ใช้แก่สี)."
ก้าวหน้า 0,ก.,"เปลี่ยนแปลงของเดิมให้ดีขึ้นตามลำดับ, เจริญวัฒนาเร็วกว่าปรกติ."
กาวาง 0,น.,ชื่อมะปรางพันธุ์หนึ่ง รสเปรี้ยวจัด.
กาเวียน 0,น.,กาต้มนํ้าชนิดหนึ่ง อยู่ในถังซึ่งมีเตาไฟ.
กาแวน 0,น.,"ชื่อนกขนาดกลาง ชนิด Crypsirina temia (Daudin) วงศ์ย่อย Corvidae ในวงศ์ Corvidae ปากค่อนข้างหนาคล้ายปากอีกา บริเวณหนังส่วนหน้าที่ติดกับโคนปากคล้ายกำมะหยี่สีดำ ม่านตาสีฟ้าสด ลำตัวสีดำ ปลายหางยาวกลมมนแผ่ออกได้คล้ายนกแซงแซง, กระแวน ก็เรียก."
กาศิก 0,ว.,ที่มาจากแคว้นกาสี
กาศิก 1,ว.,"เหมือนไหม, แกมไหม."
กาศิก- 0,ว.,ที่มาจากแคว้นกาสี
กาศิก- 1,ว.,"เหมือนไหม, แกมไหม."
กาศิกพัสตร์ 0,น.,ผ้าเนื้อละเอียดมาจากแคว้นกาสี.
กาษฐะ 0,น.,ไม้ฟืน
กาษฐะ 1,น.,ไม้วัด (คือใช้ในมาตราวัด).
กาษา 0,น.,"ผ้าชนิดหนึ่ง เช่น คลังถวายผ้ากาษา (กฎ. ราชบุรี ๒/๑๐๗), และพระไตรภูวนาทิตยวงศ์ก็ให้ผ้าลายและเสื้อกาสาคนละสำรับ (พงศ. กรุงเก่า), ฝันว่าห่มผ้าขาวกาสา (ตำราทำนายฝัน)."
กาสร 0,น.,ควาย.
กาสะ 0,ก.,"ไอ, ใช้ว่า ทรงพระกาสะ, ใช้ว่า ทรงพระกรรสะ ก็มี."
กาสัก 0,น.,นกที่เชื่อกันว่าเป็นสัตว์กายสิทธิ์บินมาไม่เห็นตัว ถ้าได้ขนมันไว้ก็หายตัวได้.
กาสัก 1,น.,ดูใน กา ๑.
กาสัก 2,น.,"ชื่อไม้พุ่มชนิด Leea macrophylla Roxb. ex Hornem. ในวงศ์ Leeaceae ใบใหญ่ ใช้ทำยาได้, พญากาสัก เสือนั่งร่ม หรือ ตาลปัตรฤๅษี ก็เรียก."
กาสา 0,น.,"ผ้าชนิดหนึ่ง เช่น คลังถวายผ้ากาษา (กฎ. ราชบุรี ๒/๑๐๗), และพระไตรภูวนาทิตยวงศ์ก็ให้ผ้าลายและเสื้อกาสาคนละสำรับ (พงศ. กรุงเก่า), ฝันว่าห่มผ้าขาวกาสา (ตำราทำนายฝัน)."
กาสา 1,น.,แร่ชนิดหนึ่งมีสีเขียว.
กาสามปีก 0,น.,"ชื่อไม้ต้นชนิด Vitex peduncularis Wall. ex Schauer ในวงศ์ Labiatae ขึ้นทั่วไปในป่าเบญจพรรณ ใช้ทำยาได้, กาจับหลัก หรือ ตีนนก ก็เรียก."
กาสามปีก 1,น.,ชื่อไม้พุ่มชนิด Flemingia sootepensis Craib ในวงศ์ Leguminosae ขึ้นทั่วไปในป่าเบญจพรรณ ใช้ทำยาได้.
กาสามปีก 2,น.,ชื่อไม้พุ่มรอเลื้อยชนิด Pueraria stricta Kurz ในวงศ์ Leguminosae ใบเป็นใบประกอบ มีใบย่อย ๓ ใบ ดอกเล็กมาก สีม่วง รูปดอกถั่ว ฝักมี ๘-๑๐ เมล็ด.
กาสามปีก 3,น.,"ชื่อไม้ต้นชนิด Vitex pinnata L. ในวงศ์ Labiatae ดอกเล็ก สีฟ้าอมขาว ออกเป็นช่อใหญ่ ผลกลมเล็ก สีดำ เนื้อไม้ทนทานใช้ทำเครื่องมือ, กานน กาสามปีก โคนสมอ หรือ สมอกานน ก็เรียก."
กาสาร 0,น.,"สระ, บ่อ, ทะเลสาบ."
กาสาว- 0,น.,"ผ้าย้อมฝาด, เขียนเป็น กาสาว์ ก็มี."
กาสาวพัสตร์ 0,น.,ผ้าย้อมฝาด คือผ้าเหลืองพระ.
กาสาวะ 0,น.,"ผ้าย้อมฝาด, เขียนเป็น กาสาว์ ก็มี."
กาสิโน 0,น.,สถานการพนันขนาดใหญ่และโอ่โถง มีการพนันหลายชนิด เช่น รูเล็ตต์ ไพ่.
กาหยีเขา 0,น.,"ชื่อไม้ต้น ๓ ชนิดในสกุล Dialium วงศ์ Leguminosae ผลมีเมล็ดเดียว เมื่อแก่เปลือกกรอบสีดำ เนื้อหุ้มเมล็ดสีนํ้าตาล รสเปรี้ยวอมหวาน คือ ชนิด D. indicum L. ลูกหยีที่เป็นของกินเล่นส่วนใหญ่เป็นผลของต้นนี้, กาหยีเขา ก็เรียก, หยีท้องบึ้ง (D. platysepalumBaker), และชนิด D. cochinchinense Pierre ชนิดหลังนี้ เขลง ก็เรียก, อีสานเรียก นางดำ."
กาหล 0,น.,แตรงอน เช่น หมื่นกาหลวิชัยมีหน้าที่ประโคมแตรงอน.
กาหล 1,ว.,"เอะอะอื้ออึง เช่น แตกตื่นกันกาหลอลหม่าน, ยามพลบสยงกึกก้อง กาหล แม่ฮา (กำสรวล)."
กาหลง 0,น.,ชื่อไม้พุ่มชนิด Bauhinia acuminata L. ในวงศ์ Leguminosae ปลายใบหยักเว้าลึก ดอกใหญ่ สีขาว ออกเป็นช่อสั้นตามง่ามใบ.
กาหลงรัง 0,น.,"ผู้ที่ไปหลงติดอยู่ ณ บ้านใดบ้านหนึ่งแล้วไม่ยอมกลับบ้านของตน, ผู้เร่ร่อนไปไม่มีที่พักพิงเป็นหลักแหล่ง."
กาหลา 0,ว.,เหมือนดอกไม้.
กาหลา 1,ว.,"ชื่อไม้ล้มลุกชนิด Etlingera elatior (Jack) R. M. Sm. ในวงศ์ Zingiberaceae ต้นคล้ายข่า สูง ๓-๔ เมตร ช่อดอกคล้ายบัวตูมแต่กลีบแข็ง สีชมพูหรือแดง มีดอกเล็ก ๆ แน่นเป็นกระจุกอยู่ภายใน ก้านช่อดอกผุดขึ้นจากดินและยาวได้ถึง ๑ เมตร หน่อและดอกอ่อนใช้เป็นอาหาร, กาหลา หรือ ดาหลา ก็เรียก, ปักษ์ใต้บางจังหวัดเรียก ปุดกะลา."
กาหัก 0,น.,นกเงือก.
กาเหว่า 0,น.,"ชื่อนกขนาดกลางชนิด Eudynamis scolopacea (Linn.) ในวงศ์ Cuculidae ตัวเล็กกว่ากาเล็กน้อย ตาแดง หางยาว ตัวผู้สีดำ ตัวเมียสีนํ้าตาล มีลายจุดสีขาวพาดตลอดลำตัว วางไข่ให้นกชนิดอื่นฟัก มักหากินตามลำพัง กินแมลงและผลไม้, กาเหว่า ก็เรียก."
กาไหล่ 0,น.,กะไหล่.
กาฬ 0,น.,รอยดำหรือแดงที่ผุดตามร่างกายคนเมื่อตายแล้ว.
กาฬ 1,ว.,"ดำ, มักใช้เป็นส่วนหน้าของสมาส."
กาฬ- 0,น.,รอยดำหรือแดงที่ผุดตามร่างกายคนเมื่อตายแล้ว.
กาฬ- 1,ว.,"ดำ, มักใช้เป็นส่วนหน้าของสมาส."
กาฬจักร 0,น.,กาลจักร.
กาฬปักษ์ 0,ว.,ฝ่ายดำ คือ ข้างแรม.
กาฬปักษี 0,น.,ชื่อโรคชนิดหนึ่ง เป็นเมื่อมารดาออกไฟแล้วได้ ๕ เดือน ยังอยู่ในเขตเรือนไฟ มีอาการร้องไห้แล้วหอบ หรือร้องไห้เมื่อหลับ สะดุ้งผวาตื่นตกใจ.
กาฬพฤกษ์ 0,น.,ชื่อไม้ต้นชนิด Cassia grandis L. f. ในวงศ์ Leguminosae ลำต้นดำ ใบอ่อนสีแดง ดอกเล็ก สีแดงคล้ำแล้วเปลี่ยนเป็นสีชมพูอมส้ม ฝักใหญ่อ้วนสั้น ผิวขรุขระ ด้านข้างมีสัน เป็นพรรณไม้ที่นำเข้ามาปลูก.
กาฬมุข 0,น.,เกียรติมุข.
กาฬโรค 0,น.,ชื่อโรคระบาดอย่างร้ายแรงชนิดหนึ่ง มักมีอาการบวมนูนที่รักแร้เป็นต้น.
กาฬวาต 0,น.,ลมพายุใหญ่อย่างหนึ่ง เช่น ด้วยกำลังกาฬวาตโบกเบียน.
กาฬาวกหัตถี 0,น.,"ชื่อช้างตระกูล ๑ ใน ๑๐ ตระกูล กายสีดำ, ช้าง ๑๐ ตระกูล คือ ๑. กาฬาวกหัตถี ๒. คังไคยหัตถี ๓. ปัณฑรหัตถี ๔. ตามพหัตถี ๕. ปิงคล-หัตถี ๖. คันธหัตถี ๗. มงคลหัตถี ๘. เหมหัตถี ๙. อุโบสถ-หัตถี ๑๐. ฉัททันตหัตถี."
กาฮัง 0,น.,"ชื่อนกเงือกชนิด Buceros bicornis Linn. ในวงศ์ Bucerotidae เป็นนกขนาดใหญ่ที่สุดในหมู่นกเงือก โคนขากรรไกรบนมีโหนกแข็งขนาดใหญ่ คอสีขาว ปีกสีดำพาดเหลือง ปลายปีกขาว หางยาวสีขาวพาดดำ ตัวผู้ตาสีแดง ตัวเมียตาสีขาว กินผลไม้และสัตว์ขนาดเล็ก, กก หรือ กะวะ ก็เรียก."
ก่ำ 0,ว.,"สุกใส, เข้ม, จัด, (มักใช้แก่สีแดงหรือทองที่สุก)."
ก้ำ 0,น.,"ด้าน, ฝ่าย, ทิศ."
กำ 0,ก.,"งอนิ้วมือทั้ง ๔ ให้จดอุ้งมือ, เอานิ้วมือทั้ง ๕ โอบรอบสิ่งใดสิ่งหนึ่ง, อาการที่งอนิ้วมือทั้ง ๕ รวบสิ่งใดสิ่งหนึ่งไว้."
กำ 1,น.,มือที่กำเข้า
กำ 2,น.,ปริมาณของเต็มมือที่กำเข้า
กำ 3,น.,กำมือ ก็ว่า
กำ 4,น.,"มาตราวัดรอบของกลม เมื่อวัดได้เท่าไร แล้วทบกึ่งได้ยาวราว ๑๐ เซนติเมตร เช่น ของกลมวัดรอบได้ยาว ๒๐ เซนติเมตร ของกลมนั้นเรียกว่ามีขนาด ๑ กำ, มี ๓ ชนิด คือ ๑. กำสลึง (ยาว ๔ นิ้ว ๑ กระเบียด หรือ ๑๐.๗๕ เซนติเมตร) ๒. กำเฟื้อง (ยาว ๔ นิ้ว ครึ่งกระเบียด หรือ ๑๐.๕ เซนติเมตร) ๓. กำสองไพ (ยาว ๔ นิ้ว ๒ หุน หรือ ๑๐.๒๕ เซนติเมตร)"
กำ 5,น.,ลักษณนามเรียกผักหรือหญ้าที่มัดไว้ เช่น ผักกำหนึ่ง หญ้า ๒ กำ.
กำ 6,น.,ซี่ล้อรถหรือเกวียน.
กำ 7,น.,"กรรม เช่น ไข้เจ็บหมอตั้งกำไว้, ท่านว่าเป็นกำมของเขาเอง (อัยการเบ็ดเสร็จ)."
กำกวม 0,น.,นกขนปีกสีเขียว ปากแดง กินกุ้งและปลา.
กำกวม 1,ว.,"เคลือบคลุม, คลุมเครือ, มีความหมายได้หลายนัย."
กำกัด 0,ก.,"จำกัดเข้า, จำกัดให้แคบเข้า."
กำกับ 0,ก.,ดูแลอย่างใกล้ชิดและชี้นำให้เป็นไปตามต้องการ เช่น กำกับรายการ กำกับการแสดง
กำกับ 1,ก.,ควบ ในความเช่น มีหนังสือกำกับมาด้วย.
ก้ำกึ่ง 0,ว.,"เกือบเท่า ๆ กัน, พอ ๆ กัน, ไล่เลี่ยกัน, เช่น ฝีมือกํ้ากึ่งกัน."
กำกูน 0,น.,"ชื่อพรรณไม้ชนิดหนึ่ง เช่น คูนกำกูนกำยาน (ลอ), กำคูน ก็ว่า."
กำเกรียก 0,น.,ชื่อการพนันใช้กำเบี้ยหรือเม็ดอื่น ๆ แล้วทายกัน.
ก้ำเกิน 0,ว.,"ล่วงเกิน, เกินเลย."
กำเกียง 0,ว.,"ไม่ลงรูป, ไม่ลงรอย, ไม่ลงที่, สวมกันไม่เข้า, ใช้ว่า กางเกี่ยง ก็มี เช่น เมื่อนั้น พระคาวีเห็นนางยังกางเกี่ยง ยิ้มพลางทางลงไปจากเตียง แล้วกล่าวเกลี้ยงแกล้งปลอบให้ชอบใจ (คาวี), กังเกียง หรือ กำเกียง ก็ว่า."
กำขี้ดีกว่ากำตด 0,ก.,ได้บ้างดีกว่าไม่ได้อะไรเลย.
กำคูน 0,น.,กำกูน เช่น กรรบูรแกมกำคูนคันธ์ (สมุทรโฆษ).
ก่ำเคือ 0,น.,ต้นมะกลํ่าตาหนู. (ดู มะกลํ่า).
กำจร 0,ก.,ฟุ้งไป.
กำจัด 0,ก.,"ชื่อไม้ต้นขนาดกลางถึงขนาดใหญ่ชนิด Zanthoxylum limonella (Dennst.) Alston ในวงศ์ Rutaceae ต้นและกิ่งก้านเป็นหนาม ใบเป็นใบประกอบ มีใบย่อย ๕-๘ คู่ ผลเล็ก มีกลิ่นฉุนจัด ใช้ผลแห้งเป็นเครื่องเทศหรือตำผสมเป็นเครื่องแกง, กำจัด พริกหอม มะข่วง ลูกระมาศ หมากข่วง หรือ หมากมาศ ก็เรียก."
กำจัด 1,ก.,"ขับไล่, ปราบ, ทำให้สิ้นไป."
กำจัดต้น 0,ก.,"ชื่อไม้ต้นขนาดกลางถึงขนาดใหญ่ชนิด Zanthoxylum limonella (Dennst.) Alston ในวงศ์ Rutaceae ต้นและกิ่งก้านเป็นหนาม ใบเป็นใบประกอบ มีใบย่อย ๕-๘ คู่ ผลเล็ก มีกลิ่นฉุนจัด ใช้ผลแห้งเป็นเครื่องเทศหรือตำผสมเป็นเครื่องแกง, กำจัด พริกหอม มะข่วง ลูกระมาศ หมากข่วง หรือ หมากมาศ ก็เรียก."
กำจาย 0,ก.,กระจาย.
กำจาย 1,น.,ชื่อไม้พุ่มชนิด Caesalpinia digyna Rottler ในวงศ์ Leguminosae ขึ้นในป่าเบญจพรรณ ต้นมีหนาม ดอกสีเหลือง ออกเป็นช่อตามง่ามใบ ฝักพองหนา มีรสฝาด ใช้ย้อมหนังได้ เมล็ดสีดำให้นํ้ามันจุดไฟ.
กำจาย 2,น.,ชื่อไม้พุ่มชนิด Caesalpinia digyna Rottler ในวงศ์ Leguminosae ขึ้นในป่าเบญจพรรณ ต้นมีหนาม ดอกสีเหลือง ออกเป็นช่อตามง่ามใบ ฝักพองหนา มีรสฝาด ใช้ย้อมหนังได้ เมล็ดสีดำให้นํ้ามันจุดไฟ.
กำจาย 3,น.,เรียกงาช้างที่หักติดอยู่ในไม้หรือสิ่งอื่น ๆ ว่า งากำจาย.
กำชับ 0,ก.,สั่งยํ้าให้แน่นอน.
กำชับกำชา 0,ก.,ยํ้าแล้วยํ้าอีก เช่น แล้วกำชับกำชาข้าไท (คาวี).
กำชำ 0,น.,ต้นมะหวด. (ดู มะหวด).
กำโชก 0,ก.,กรรโชก.
กำซาบ 0,ก.,"ซึมเข้าไป, ทา, อาบ, หมายถึงศรที่อาบยาพิษก็ได้ เช่น สายกำซาบ."
กำซำ 0,น.,ต้นมะหวด. (ดู มะหวด).
กำด้น 0,น.,"ท้ายทอย, ส่วนที่คอกับศีรษะต่อกัน, เช่น เหมือนกดคอยอกำด้นลูกสาวศรี (มณีพิชัย)."
กำดัด 0,ว.,กำลังรุ่น เช่น วัยกำดัด
กำดัด 1,ว.,เต็มที่ เช่น สงัดเสียงสิงสัตว์กำดัดดึก (โคบุตร).
กำดัด 2,ก.,"พะวง, ห่วงใย, ขวนขวาย, เช่น ฤๅสองศุขารมย ชวนชายชํไม้เมิลป่า พระวงวิ่งวาศนาเด็กกำดัดเล่น (ม. คำหลวง มัทรี)"
กำดัด 3,ก.,กำหนัด เช่น โอ้เจ้าพี่ศรีสวัสดิ์กำดัดสวาท นุชนาฏแม่อย่าลืมเนื้อความหลัง (โคบุตร).
กำดาล 0,ก.,ดาล เช่น กำเดาะกำดาลทวี (บวรราชนิพนธ์).
กำเดา 0,น.,เลือดที่ออกทางจมูก เรียกว่า เลือดกำเดา. (ข. เกฺดา ว่า ร้อน)
กำเดา 1,น.,แพทย์แผนโบราณเรียกไข้ชนิดหนึ่งที่เกิดจากหวัด ว่า ไข้กำเดา.
กำเดาะ 0,ว.,"กระเตาะ, รุ่น, เพิ่งแตกเนื้อสาว."
ก่ำต้น 0,น.,ต้นมะกลํ่าตาช้าง. (ดู มะกลํ่า).
กำตัด 0,น.,ชื่อการเล่นของเด็กชนิดหนึ่ง
กำตัด 1,น.,การพนันชนิดหนึ่ง ลักษณะเหมือนกำถั่ว ใช้กำเบี้ย ต่างคนต่างถือแต้ม ไม่มีเจ้ามือ กำแล้วจะเติมหรือชักออกก็ได้.
กำตาก 0,น.,สิทธิพิเศษในค่าภาษีอากรขนอนตลาดที่พระเจ้าแผ่นดินยกให้แก่พระยาแรกนาขวัญในระหว่างพิธี ๓ วันในครั้งโบราณ.
กำถั่ว 0,น.,ชื่อการพนันอย่างเดียวกับโปกำ แต่ใช้มือกำเบี้ยแทนการใช้ถ้วยครอบ. (ดู โปกำ ประกอบ).
กำทวน 0,ว.,"สนั่น, หวั่นไหว, ก้อง, เช่น เสียงมฤคคชสีหไกรสร สีหนาทกำธร กำทวนข้างป่าหิมพานต์ (สมุทรโฆษ)."
กำธร 0,ว.,"สนั่น, หวั่นไหว, สะเทือน, เช่น เสียงเทพอวยอาศิรวาท กำธรอากาศ ฦๅเลวงไชยไชย (สมุทรโฆษ)."
กำนล 0,น.,"เงินค่าคำนับครู, เงินคำนับบูชาครูปี่พาทย์ คือ พระประคนธรรพ หรือ พระนารท ซึ่งถือว่าเป็นครูเดิมของตน มีเทียนสำหรับจุดที่ตะโพนด้วย."
กำนัด 0,ก.,กำหนัด เช่น พิศเพี้ยนพระพนิดาทุกขานลกำนัด ดัดรัตนธารี มาดู (สมุทรโฆษ).
กำนัน 0,น.,"ผู้ป้องกัน, ผู้รักษา, ผู้ดูแล, เช่น หัวหมื่นกับกำนันพระแสง"
กำนัน 1,น.,ตำแหน่งพนักงานฝ่ายปกครองซึ่งมีอำนาจหน้าที่ปกครองราษฎรที่อยู่ในเขตตำบล.
กำนัน 2,ก.,"กัน, ถือ, เช่น พระจงกำนันกำหนดสัญญา (สุธน)."
กำนัล 0,ก.,ให้ของกันด้วยความนับถือ.
กำนัล 1,น.,หญิงชาววัง มีหน้าที่รับใช้พระมหากษัตริย์ เรียกว่า นางกำนัล.
กำเนิด 0,น.,"การเกิด เช่น บิดามารดาเป็นผู้ให้กำเนิดแก่บุตร, มูลเหตุดั้งเดิม เช่น ตัวหนังสือไทยมีกำเนิดมาอย่างไร."
กำเนิด 1,ก.,"เกิด, มีขึ้น, เป็นขึ้น, เช่น โลกกำเนิดมาจากดวงอาทิตย์."
กำเนียจ 0,ว.,"เกียจ, คด, ไม่ซื่อ, โกง"
กำเนียจ 1,ว.,คร้าน
กำเนียจ 2,ว.,เขียนเป็น กำนยจ ก็มี เช่น อนนว่าพระโพธิสัตว์ก็ใส่กลกล่าว กำนยจกยจแก่นางพญาด่งงนี้ (ม. คำหลวง กุมาร).
กำบด 0,ก.,บัง เช่น มีโลมกำบดบัง ปลายเท้า สองแฮ (โชค-โบราณ).
กำบน 0,ก.,"กัมบน, หวั่นไหว, เช่น ปางน้นนไกรโกรมธาตุ เอาดอยราชเมรู แลนนทพนชูเปนเซรอด ก็เกอดพิการกำบน (ม. คำหลวง ทานกัณฑ์)."
กำบัง 0,ก.,"บัง เช่น หาที่กำบังฝน, บังอย่างมิดชิด เช่น กำบังกายเข้าไป."
กำบัง 1,น.,ช่อดอกไม้.
กำบัง 2,น.,"ชื่อว่านต้นดั่งกระชาย หัวเล็ก ๆ ติดกันดั่งกล้วยไข่ ต้นและใบเขียว เนื้อในขาว ใช้สำหรับเป็นว่านกันภัยในทางลัทธิ และกันว่านร้ายต่าง ๆ, ว่านกั้นบัง ก็เรียก."
กำบัด 0,ก.,ปัด.
กำบิด 0,น.,"กรรบิด, มีด."
ก่ำบี้ 0,น.,ผีเสื้อ. (ดู ผีเสื้อ ๑).
ก่ำบึ้ง 0,น.,"ชื่อแมงมุมขนาดใหญ่หลายชนิด หลายสกุล ในวงศ์ Theraphosidae ลำตัวยาวมากกว่า ๓ เซนติเมตรขึ้นไป สีดำหรือน้ำตาลแก่ ไม่ชักใยดักสัตว์ มีขนดกหนาสีเดียวกัน ขุดรูอยู่ตามพื้นดิน คอยจับสัตว์เล็ก ๆ กิน ชนิดที่พบบ่อยและนิยมนำมารับประทาน เช่น ชนิด Haplopelma albostriatum (Simon) พบมากที่ภาคกลางและภาคตะวันออก ชนิด H. minax (Thorell) พบมากที่ภาคเหนือ ภาคตะวันตก และภาคใต้, ก่ำบึ้ง หรือ อีบึ้ง ก็เรียก."
ก่ำเบ้อ 0,น.,ผีเสื้อกลางวัน. (ดู ผีเสื้อ ๑).
กำเบ้อ 0,น.,ชื่อไม้พุ่มหลายชนิดในสกุล Mussaenda วงศ์ Rubiaceae ดอกสีเหลืองหรือแสด กลีบเลี้ยงกลีบหนึ่งใหญ่แผ่ออกเป็นใบขาว ดูไกล ๆ คล้ายผีเสื้อเกาะดอกไม้.
กำเบ้อ 1,น.,ผีเสื้อกลางวัน. (ดู ผีเสื้อ ๑).
กำโบล 0,น.,"กโบล, กระพุ้งแก้ม, เช่น ปรางเปรียบกำโบลบง- กชรัตนรจนา (สุธน)."
กำโบล 1,ก.,"ลูบ, ลูบคลำ, ลูบไล้, เช่น ฤๅอาจกำโบลปิยุทร์นงเยาว์ ฤๅอาจอุกเอา กระมลยุคลมามือ (สรรพ-สิทธิ์), คำโบล ก็ใช้."
กำปอ 0,น.,ชื่อเพลงไทยสำเนียงเขมร เรียกว่า เขมรกำปอ.
กำปั้น 0,น.,มือที่กำเข้าให้แน่นเพื่อจะทุบเป็นต้น.
กำปั่น 0,น.,"เรือเดินทะเลขนาดใหญ่ชนิดหนึ่ง หัวเรือเรียวแหลม ท้ายเรือมนและราบในระดับเดียวกับหัวเรือ, ถ้ามีเสายาวยื่นออกไปสำหรับผูกสายใบ มีเสากระโดง ๓ เสา มีใบ เรียกว่า กำปั่นใบ, ถ้าเสากระโดงตรงกลางไม่มี มีปล่องไฟโดยใช้เดินด้วยกำลังเครื่องจักรไอนํ้า เรียกว่า กำปั่นไฟ."
กำปั่น 1,น.,หีบทำด้วยเหล็กหนา สำหรับใส่เงินและของต่าง ๆ รูปค่อนข้างเป็นรูปลูกบาศก์ ฝามีหูยาวตรงกลาง ตอนปลายทำเป็นช่องเล็กเพื่อปิดลงมาสวมขอเหล็กโค้งที่ตัวหีบสำหรับใส่กุญแจ เดิมทำเป็นหีบฝังตะปูหัวเห็ดทั่วตัว.
กำปั่น 2,น.,ชื่อทุเรียนพันธุ์หนึ่ง.
กำปั้นทุบดิน 0,น.,ลักษณะการตอบที่ไม่ได้ให้ข้อมูลที่ผู้ถามต้องการรู้ เช่น ฉันถามว่า “ทำไมนาฬิกาไม่เดิน” เขาตอบแบบกำปั้นทุบดินว่า “เพราะมันตายน่ะซิ”.
กำผลา 0,น.,ง้าว.
กำพง 0,น.,"ท่านํ้า, ตำบล, เช่น มีทงงสมรรถพนจร รม่งงมรกำพงไพร (ม. คำหลวง มหาพน)."
กำพด 0,น.,จอมประสาทหัวช้าง เช่น โขมดสารกำพด ทรงเทริด (ตำราช้างคำโคลง).
กำพต 0,น.,ลูกศร เช่น พระเอาโอสถ ทาลูกกำพต พาดสายศิลปคือ พระอัคนี สมเด็จสี่มือ ดาลเดชระบือ ระเบิดบาดาล (สุธน).
กำพร้า 0,น.,"เรียกหนังที่เป็นผิวชั้นนอกสุดของคนและสัตว์ ว่า หนังกำพร้า, ผิวหนัง ก็เรียก."
กำพร้า 1,ว.,"ไร้บิดาหรือมารดาเลี้ยงดูแต่เด็ก, (โบ) หมายถึง ร้างลูกร้างเมียด้วย เช่น สองจะลีลาสู่ฟ้า ลาแม่เป็นกำพร้า เจ้าแม่เอ้ยปรานี แม่รา (ลอ), (กลอน) ใช้เป็น ก่ำพร้า ก็มี เช่น เจ้าจะละเรียมไว้ ก่ำพร้าคนเดียว (ลอ)."
กำพร้า 2,ว.,"ชื่อไม้เถาชนิด Canavalia rosea (Sw.) DC. ในวงศ์ Leguminosae ขึ้นตามหาดทรายชายทะเล ดอกสีชมพู ขาว หรือ ม่วง, กำพร้า หรือ ถั่วคร้า ก็เรียก."
กำพราก 0,น.,ไม้รวกหรือไม้ไผ่ที่เสี้ยมปลายให้แหลม ใช้สำหรับขุด เรียกว่า ไม้กำพราก.
กำพวด 0,น.,ชื่อเรียกส่วนประกอบของปี่และแตร ใช้สอดลงไปในช่องใกล้กับปากเป่า ทำด้วยโลหะ.
กำพวด 1,น.,ปลาจุมพรวด เช่น แลฝั่งล้วนหลังกำพวดพราย (เพลงยาวนายภิมเสน). (ดู จุมพรวด).
กำพอง 0,น.,"ชื่อตัวไม้อันบนที่เป็นราวลูกกรงเรือนหรือเกวียน, กระพอง ก็เรียก."
กำพืด 0,น.,"เทือกเถา, เผ่าพันธุ์, (มักใช้เป็นทำนองหยาม) เช่น รู้กำพืด."
กำพุด 0,น.,"ชื่อปลาน้ำกร่อยหลายชนิดหลายสกุลในวงศ์ Gobiidae เช่น สกุล Boleophthalmus, Pseudapocryptes, Parapocryptes, Periophthalmus ทำรูอยู่ตามป่าชายเลน รูปร่างและพฤติกรรมในการเคลื่อนไหวคล้ายปลากระจัง ขนาดยาวได้ถึง ๓๐ เซนติเมตร ที่พบเสมอได้แก่ ชนิด B. boddarti (Pallas), กำพวด กำพุด ตีน หรือ ตุมพรวด ก็เรียก."
กำพู 0,น.,ไม้กลึงสำหรับเป็นที่รวมร้อยซี่ร่ม ซี่ฉัตร หรือซี่พุ่ม.
กำพู 1,น.,กัมพู.
กำเพลิง 0,น.,ปืนไฟ.
กำแพง 0,น.,เครื่องกั้น เครื่องล้อม ที่ก่อด้วยอิฐ ดิน หรือหิน เป็นต้น.
กำแพ้ง 0,น.,"ไม้ไผ่ที่ปล้องข้างในเป็นโรค มีสีดำ ๆ กลิ่นเหม็น, กระแพ้ง ก็ว่า."
กำแพงแก้ว 0,น.,กำแพงเตี้ย ๆ ที่ทำล้อมโบสถ์ วิหาร หรือเจดีย์ เป็นต้น เพื่อให้ดูงาม.
กำแพงขาว 0,น.,"ชื่อว่านชนิดหนึ่ง ใบคล้ายหมากผู้หมากเมีย ต้นและใบเขียว มีลายดั่งว่านเสือ แต่ลายเบา มีพรายปรอท หัวเหมือนกระชาย ตุ้มรากกลมทอดไปยาว หัวมีกลิ่นหอม ใช้อยู่คงเขี้ยวเขานองา, อีกชนิดหนึ่งเรียก มายาประสาน เป็นว่านประสานบาดแผล."
กำแพงเขย่ง 0,น.,"ชื่อพระพิมพ์ปางลีลา ยกพระบาทข้างหนึ่งคล้ายเขย่ง เพราะขุดพบที่จังหวัดกำแพงเพชรเป็นแห่งแรก จึงเรียกว่า พระกำแพงเขย่ง, ถ้ามีขนาดสูงประมาณ ๑ ศอก เรียกว่า พระกำแพงศอก."
กำแพงเจ็ดชั้น 0,น.,ชื่อมนตร์.
กำแพงเจ็ดชั้น 1,น.,ดูใน กำแพง.
กำแพงเจ็ดชั้น 2,น.,ชื่อไม้พุ่มชนิด Litosanthes biflora Blume ในวงศ์ Rubiaceae ขึ้นตามป่าดิบ ใบเดี่ยว ออกตรงข้ามกัน ดอกสีขาว เนื้อไม้เป็นชั้น ๆ ใช้ทำยาได้.
กำแพงเจ็ดชั้น 3,น.,"ชื่อไม้พุ่มรอเลื้อยชนิด Salacia chinensis L. ในวงศ์ Celastraceae ขึ้นตามป่าดิบ ใบเดี่ยว ออกตรงข้ามกัน ขอบใบจัก ดอกสีเขียวอมเหลือง ใช้ทำยาได้, ตะลุ่มนก หรือ นํ้านอง ก็เรียก."
กำแพงเจ็ดชั้น 4,น.,"ชื่อไม้เถาหลายชนิด ในวงศ์ Combretaceae เช่น ชนิด Combretum acuminatum Roxb. และในวงศ์ Menispermaceae เช่น ชนิด Arcangelisia flava (L.) Merr., Fibraurea tinctoria Lour. ทั้ง ๓ ชนิดใช้ทำยาได้, ชนิดหลัง กำแพงเจ็ดชั้น ก็เรียก."
กำแพงมีหูประตูมีช่อง 0,น.,การที่จะพูดหรือทำอะไร ให้ระมัดระวัง แม้จะเป็นความลับเพียงไรก็อาจมีคนล่วงรู้ได้.
กำแพงมีหูประตูมีตา 0,น.,การที่จะพูดหรือทำอะไร ให้ระมัดระวัง แม้จะเป็นความลับเพียงไรก็อาจมีคนล่วงรู้ได้.
กำแพงเศียร 0,น.,ไก่พันทาง มีหงอนเป็นจัก ๆ.
กำภู 0,น.,กัมพู.
กำม 0,น.,"กรรม เช่น ไข้เจ็บหมอตั้งกำไว้, ท่านว่าเป็นกำมของเขาเอง (อัยการเบ็ดเสร็จ)."
กำมพฤกษ์ 0,น.,กัลปพฤกษ์ เช่น พวกประจำกำมพฤกษ์บังคมไหว้ (รามเกียรติ์ ร. ๒).
กำมลาศน์ 0,น.,กมลาสน์.
กำมเลศ 0,น.,กมเลศ.
กำมะถัน 0,น.,"ธาตุสีเหลือง ติดไฟง่าย กลิ่นเหม็นฉุน ใช้ทำยา ทำดินปืน ฯลฯ, สุพรรณถัน ก็ว่า"
กำมะถัน 1,น.,"ธาตุลำดับที่ ๑๖ สัญลักษณ์ S เป็นอโลหะ ลักษณะเป็นของแข็ง มีอัญรูปหลายแบบ ใช้ประโยชน์ได้มากมาย เช่น ในอุตสาหกรรมทำกรดซัลฟิวริก อุตสาหกรรมยาง ทำหัวไม้ขีดไฟ ดินปืน ดอกไม้เพลิง และยารักษาโรค, ยาประเภทซัลฟาและประเภทเพนิซิลลินก็มีธาตุกำมะถันเป็นองค์ประกอบด้วย."
กำมะลอ 0,น.,"เรียกของลงรักแบบญี่ปุ่นและจีน เช่นหีบ โอ กระบะ ว่า เครื่องกำมะลอ, เรียกไม้ดัดชนิดหนึ่งที่ดัดให้เหมือนรูปต้นไม้ที่ญี่ปุ่นและจีนเขียนลงในเครื่องกำมะลอว่า ไม้กำมะลอ"
กำมะลอ 1,น.,"เรียกกลดที่ทำด้วยผ้าขาวหรือแพรขาวเขียนลายทอง สำหรับใช้กับเจ้านายหรือพระพุทธรูป ว่า กลดกำมะลอ, เรียกลายที่เขียนที่เครื่องกำมะลอเป็นลายสี ลายทอง หรือลายทองแทรกสี หรือเขียนบนผ้าขาวหรือแพรขาว ว่า ลายกำมะลอ"
กำมะลอ 2,น.,เรียกของทำเทียมหรือของเล็กน้อยที่ทำหยาบ ๆ ไม่ทนทาน ว่า ของกำมะลอ.
กำมะลอ 3,ว.,"เลวไม่ทนทาน, ไม่ดี, ไม่งาม."
กำมะหยี่ 0,น.,ผ้าชนิดหนึ่ง มีขนด้านเดียวอ่อนนุ่ม เป็นมัน.
กำมะหยี่ 1,น.,ชื่อดาวเรืองพันธุ์หนึ่ง.
กำมะหริด 0,น.,ผ้าที่ทอด้วยขนสัตว์แกมไหม.
กำมังละการ 0,น.,ตำหนัก.
กำมังวิลิต 0,น.,ตำหนักในสระ.
กำมัชพล 0,น.,ชื่อเกณฑ์เลขในคัมภีร์สุริยยาตร ซึ่งคำนวณมาจากจุลศักราช.
กำมือ 0,น.,มือที่กำเข้า
กำมือ 1,น.,ปริมาณของเต็มมือที่กำเข้า
กำมือ 2,น.,กำ ก็ว่า
กำมือ 3,น.,มาตราตวงตามวิธีประเพณีของไทยโบราณ ๔ หยิบมือ = ๑ กำมือ ๔ กำมือ = ๑ ฟายมือ และอีกแบบหนึ่ง ๔ ใจมือ = ๑ กำมือ ๘ กำมือ = ๑ จังออน.
กำยาน 0,น.,วัตถุหอมชนิดหนึ่ง เกิดจากยางใสกลิ่นหอมที่ออกจากเปลือกของต้นกำยานบางชนิด เกิดขึ้นได้เนื่องจากเปลือกถูกกรีดหรือมีราลง ก็จะขับยางใสกลิ่นหอมออกมา เมื่อแห้งจะแข็งติดอยู่กับลำต้น แกะออกมาได้.
กำยาน 1,น.,ชื่อไม้ต้นขนาดกลางหลายชนิดในสกุล Styraxวงศ์ Styracaceae ขึ้นตามป่าเขาในระดับสูง ใบเดี่ยว ด้านบนสีขาว ดอกสีขาว หอมอ่อน ๆ ไม้ต้นชนิดนี้บางชนิดเมื่อเปลือกถูกกรีดหรือมีราลง ก็จะขับยางใสกลิ่นหอมออกมา เมื่อแห้งจะแข็งติดอยู่กับลำต้น แกะออกมาได้ เรียกว่า กำยาน.
กำยาน 2,น.,ชื่อกล้วยพันธุ์หนึ่ง มีกลิ่นหอม เรียกว่า กล้วยกำยาน.
กำยำ 0,ว.,ใหญ่โตแข็งแรง เช่น รูปร่างกำยำลํ่าสัน.
กำรอ 0,ว.,เข็ญใจ เช่น แก่ฝูงมนุษย์ผู้กำรอ (ม. คำหลวง นครกัณฑ์).
กำราก 0,น.,"ช้างตกมัน เช่น หยาบคายฉายฉัดถีบแทง กำรากร้ายแรง แลเหลือกำลังควาญหมอ (ดุษฎีสังเวย), กลจะขี่ช้างกำหรากเหลือลาม (ตำราขี่ช้าง)."
กำราบ 0,ก.,"ทำให้เข็ดหลาบ, ทำให้กลัว, ทำให้สิ้นพยศ, ทำให้สิ้นฤทธิ์."
กำราล 0,น.,เครื่องลาด เช่น นั่งในกำราลไพโรจน์ในนิโครธารามรังเรจน้นน (ม. คำหลวง ทศพร).
กำรู 0,ก.,"กรู, อาการที่ไปพร้อม ๆ กันอย่างเร็วโดยมีจุดหมาย, เช่น กำรูคลื่นเป็นเปลว (แช่งนํ้า)."
กำเริบ 0,ก.,รุนแรงขึ้น เช่น โรคกำเริบ กิเลสกำเริบ.
กำเริบเสิบสาน 0,ก.,"ได้ใจ, เหิมใจ."
กำไร 0,น.,ผลที่ได้เกินต้นทุน.
กำไร 1,ว.,"ยิ่ง, เกิน, เช่น ทรงบำเพ็ญบารมีสี่อสงไขยกำไรแสนมหากัป."
กำลอง 0,ก.,"ลอง, ประลอง, เช่น เสร็จสองแทงกันจระโจรม จักแล่นแรดโซรม กำลองกำลังถเมินเชิง (สมุทรโฆษ)."
กำลัง 0,น.,"แรง, สิ่งที่ทำให้เกิดอำนาจความเข้มแข็ง."
กำลัง 1,น.,เลขชี้กําลังที่เขียนลงบนจํานวนจริง เช่น ๕^๒ อ่านว่า ๕ ยกกําลัง ๒ อ่านว่า ๗ ยกกําลัง
กำลัง 2,น.,จํานวนงานที่สิ่งใดสิ่งหนึ่งกระทําได้โดยสมํ่าเสมอในหนึ่งหน่วยเวลา เขียนเป็นความสัมพันธ์ได้ คือ กำลัง = อัตราของการทํางาน ก็เรียก
กำลัง 3,น.,ขนาดของของกลมที่วัดโดยรอบ เช่น ช้างมีกําลัง (วัดรอบอก) เท่านั้นนิ้ว เท่านี้นิ้ว ไม้มีกําลัง (วัดรอบลําต้น) เท่านั้นนิ้ว เท่านี้นิ้ว.
กำลังกิน 0,ว.,เหมาะที่จะกิน.
กำลังกินกำลังนอน 0,ว.,อยู่ในวัยกินวัยนอน เช่น เด็กกำลังกินกำลังนอน.
กำลังใจ 0,น.,สภาพของจิตใจที่มีความเชื่อมั่นและกระตือรือร้นพร้อมที่จะเผชิญกับเหตุการณ์ทุกอย่าง.
กำลังช้างเผือก 0,น.,"ชื่อพรรณไม้ ๒ ชนิดย่อยของชนิด Hiptage bengalensis (L.) Kurz ในวงศ์ Malpighiaceae ขึ้นตามป่าเบญจพรรณทั่วไป ใบเดี่ยว ค่อนข้างกลมมน ขอบหยักตื้น ๆ ออกตรงข้ามกัน ดอกสีขาวอมชมพู ชนิดย่อยแรก H. bengalensis (L.) Kurz subsp. bengalensisเป็นไม้เถาเนื้อแข็ง, โนรา ก็เรียก, และชนิดย่อยที่ ๒ H. bengalensis (L.) Kurz subsp. candicans (Hook. f.) Sirirugsa เป็นไม้พุ่มหรือไม้ต้นขนาดเล็ก, พญาช้างเผือก ก็เรียก."
กำลังช้างสาร 0,น.,"ชื่อไม้พุ่มหรือไม้ต้นชนิด Ochna integerrima (Lour.) Merr. ในวงศ์ Ochnaceae ขึ้นในป่าเบญจพรรณแล้ง เปลือกสีนํ้าตาลแก่ ดอกสีเหลือง ออกเป็นช่อสั้น กลิ่นหอมอ่อน ผลัดใบขณะมีดอก, กำลังช้างสาร ช้างน้าว หรือ ตานนกกด ก็เรียก."
กำลังช้างสาร 1,น.,"ชื่อไม้เถา ๒ ชนิดในสกุล Beaumontia วงศ์ Apocynaceae คือ ชนิด B. murtoniiCraib, กำลังช้างสาร ก็เรียก, และชนิด B. grandifloraWall. ดอกใหญ่ สีขาว กลิ่นหอมอ่อน ๆ ยางและเมล็ดเป็นพิษ."
กำลังดี 0,ว.,พอดี.
กำลังเทียน 0,น.,"หน่วยวัดความเข้มของความสว่างของแหล่งกำเนิดแสง, แรงเทียน ก็ว่า, ปัจจุบันใช้หน่วยแคนเดลา."
กำลังภายใน 0,น.,"กำลังที่เร้นอยู่ภายใน, กำลังที่เกิดจากการฝึกจิต โดยเฉพาะในลัทธิเต๋าและพระพุทธศาสนาบางนิกาย เพื่อให้จิตใจกล้าแข็งจนสามารถทำสิ่งที่คนทั่วไปทำไม่ได้."
กำลังม้า 0,น.,"หน่วยวัดกำลังหรืออัตราของการทำงาน โดยกำหนดว่า ๑ กำลังม้า คือ อัตราของการทำงานได้ ๕๕๐ ฟุตปอนด์ต่อวินาที ๑ กำลังม้า มีค่าเท่ากับ ๗๔๕.๗ วัตต์, แรงม้า ก็ว่า."
กำลังวังชา 0,น.,กำลัง.
กำลังวัวเถลิง 0,น.,"ชื่อไม้พุ่มชนิด Anaxagorea luzonensisA. Gray ในวงศ์ Annonaceae ใบเดี่ยว ออกสลับกัน ดอกสีขาวกลิ่นหอม, โคเถลิง ก็เรียก."
กำลังเหมาะ 0,ว.,พอเหมาะ.
กำลุง 0,บ.,"ใน, ที่, เช่น แล้วจึงตั้งกมลจิตร ประดิษฐ์กำลุงใน หุงการชาลอรรคนิประไพ ก็เผาอาตมนิศกนธ์ (ดุษฎีสังเวย)."
กำลูน 0,ว.,"น่ากรุณา, น่าเอ็นดู, น่าสงสาร, เช่น ครั้นเห็นยิ่งระทดกำลูนสลดชีวา (ม. คำหลวง มัทรี)."
กำเลา 0,ว.,"โง่, อ่อน, ไม่รู้เท่าทัน, ไม่มีไหวพริบ, เช่น ดุจตักแตนเต้นเห็นไฟ บมิใฝ่หนีไกล กำเลากำเลาะหวังเขญ (อนิรุทธ์)."
กำเลาะ 0,ว.,"หนุ่ม, สาว, เช่น หากกูกำเลาะหลงกาม ไป่คำนึงความ แลโดยอำเภอลำพัง (สุธน)."
กำไล 0,น.,"ชื่อเครื่องประดับลักษณะเป็นวง สำหรับสวมข้อมือหรือข้อเท้า ทำด้วยเงินหรือทองเป็นต้น, ราชาศัพท์เรียกกำไลมือ ว่า ทองกร หรือ ทองข้อพระกร กำไลเท้าว่า ทองข้อพระบาท หรือ ทองพระบาท."
กำไลคู่ผี 0,น.,กำไลขื่อผี. (ดู ขื่อผี).
กำสรด 0,ก.,"สลด, แห้ง, เศร้า, เช่น จักคอยเห็นข้าโหยหา แต่องคเอกา จะแสนกำสรดลำเค็ญ (สุธนู)."
กำสรวล 0,ก.,"โศกเศร้า, ครํ่าครวญ, ร้องไห้, เช่น ไทกำสรดสงโรธ ท้ยนสงโกจกำสรวลครวญไปพลาง (ม. คำหลวง ทานกัณฑ์), (โบ เขียนเป็น กำสรวญ)."
กำเสาะ 0,ก.,"กระเสาะ, เสาะ, เช่น เสือกซบสยบสกลลง กำเสาะโศกระด้าวดาล (สุธน)."
กำแสง 0,ก.,กันแสง เช่น กำแสงสมรมี กำเสาะจิตรจาบัลย์ (สูตรธนู).
กำหนด 0,ก.,"หมายไว้, ตราไว้."
กำหนด 1,น.,"การหมายไว้, การตราไว้"
กำหนด 2,น.,บทบริหารบัญญัติคล้ายพระราช-กฤษฎีกา โดยมากเป็นบัญญัติที่เกี่ยวกับบุคคลหรือข้าราชการบางจำพวก เช่น พระราชกำหนดเครื่องแบบแต่งกายข้าราชการฝ่ายทหารและพลเรือน.
กำหนดการ 0,น.,ระเบียบการที่บอกถึงขั้นตอนของงานที่จะต้องทำตามลำดับ.
กำหนัด 0,น.,ความใคร่ในกามคุณ.
กำหนัด 1,ก.,ใคร่ในกามคุณ เช่น เทียรย่อมให้เกิดวัฒนาการกำหนัดใน (ม. ร่ายยาว มหาพน).
กำหมัด 0,น.,มือที่กำเข้าให้แน่นเพื่อจะชกหรือต่อย.
กำหราก 0,น.,"ช้างตกมัน เช่น หยาบคายฉายฉัดถีบแทง กำรากร้ายแรง แลเหลือกำลังควาญหมอ (ดุษฎีสังเวย), กลจะขี่ช้างกำหรากเหลือลาม (ตำราขี่ช้าง)."
กำเหน็จ 0,น.,ค่าจ้างทำเครื่องเงินหรือทองรูปพรรณ.
กำแหง 0,ว.,"แข็งแรง, กล้าแข็ง, เข้มแข็ง."
กำแหง 1,ก.,อวดดี.
กิก 0,ว.,เสียงของแข็งกระทบกัน.
กิ๊ก 0,ว.,เสียงของแข็งกระทบกัน.
กิ๊กก๊อก 0,ก.,"ไม่มีค่า, ไม่สลักสำคัญ, เช่น เรื่องกิ๊กก๊อก คนกิ๊กก๊อก."
กิ่ง 0,น.,"ส่วนที่แยกออกจากต้น, แขนง"
กิ่ง 1,น.,ใช้เรียกส่วนย่อยที่แยกออกไปจากส่วนใหญ่ แต่ยังขึ้นอยู่กับส่วนใหญ่ เช่น กิ่งอำเภอ กิ่งสถานีตำรวจ
กิ่ง 2,น.,ลักษณนามเรียกงาช้างว่า กิ่ง
กิ่ง 3,น.,ชื่อเรือชนิดหนึ่งในกระบวนพยุหยาตรา.
กิ่งก้อย 0,ว.,เล็ก เช่น หัวเท่ากิ่งก้อย คือ หัวเล็กนิดเดียว.
กิ่งก้อย 1,น.,นิ้วเล็ก เช่น จะชนะไม่เท่ากิ่งก้อย (สังข์ทอง).
กิ้งก่า 0,น.,"ชื่อสัตว์เลื้อยคลานหลายชนิดหลายสกุล ในวงศ์ Agamidae มีขนาดลำตัวต่าง ๆ กัน สันกลางของคอถึงลำตัวมีหนามแหลมจำนวนและขนาดต่างกัน เพศผู้มีสีเข้มและปรับสีได้ดีแตกต่างจากเพศเมีย ตัวและขามีเกล็ด ขาและนิ้วเล็กเรียว เล็บแหลมคม หางยาว ส่วนใหญ่อาศัยบนต้นไม้ เช่น กิ้งก่าบ้านหัวนํ้าเงิน ( Calotes mystaceus Dumeril & Bibron) กิ้งก่าเขา [ Acanthosaura armata (Hardwicke & Gray)], อีสานเรียก ปอม กะปอม กะทั่ง หรือ กะท้าง."
กิ้งกือ 0,น.,ชื่อสัตว์ขาปล้อง ชั้น Diplopodae มีเปลือกตัวแข็ง ลำตัวกลมยาวแบ่งเป็นปล้อง ไม่แบ่งอกหรือท้องให้เห็น ปล้องตามลำตัวจับกันเป็นคู่ตามยาวยืดหดเข้าหากันได้ ทำให้สามารถขดตัวเป็นวงกลมได้เมื่อถูกรบกวน ปล้องแต่ละคู่จะมีขา ๒ คู่ ยกเว้นปล้องแรกไม่มีขา ปล้องที่ ๒ ถึง ๔ มีขาเพียงคู่เดียว จำนวนขาอาจมีได้ถึง ๒๔๐ คู่ ชนิดตัวโตที่พบบ่อย อยู่ในสกุล Thyropygusเช่น กิ้งกือกระบอก ชนิด T. allevatus (Karsch) วงศ์ Harpagophoridae ส่วนตัวขนาดย่อมอยู่ในสกุล Nepalmatoiulasวงศ์ Julidae.
กิ้งกือเหล็ก 0,น.,ชื่อกิ้งกือขนาดเล็กชนิด Polydesmusspp. ในวงศ์ Polydesmidae โตขนาดก้านไม้ขีดไฟ ลำตัวแบนทางด้านบน ยาว ๒-๒.๕ เซนติเมตร สีดำเป็นมัน ขอบข้างลำตัวและท้องสีครีมอ่อน หากินอยู่ตามกองขยะ ปุ๋ยหมัก มักซุกอยู่ในที่มืดและชื้น.
กิ้งโครง 0,น.,"ชื่อนกขนาดเล็กถึงขนาดกลางหลายชนิด ในวงศ์ Sturnidae รูปร่างอ้วนป้อมคล้ายนกเอี้ยง หางสั้น ขาแข็งแรง กินผลไม้และแมลง ในประเทศไทยมี ๖ ชนิด ชนิดที่มีขนาดเล็ก เช่น กิ้งโครงแกลบปีกขาว [ Sturnus sinensis (Gmelin)] ชนิดที่มีขนาดกลาง เช่น กิ้งโครงคอดำ ( S. nigricollis (Paykull)), คลิ้งโคลง ก็เรียก."
กิ้งโครง 1,น.,จั่นมะพร้าวแห้ง.
กิ่งทองใบหยก 0,ว.,เหมาะสมกัน (ใช้แก่หญิงกับชายที่จะแต่งงานกัน).
กิงบุรุษ 0,น.,กินนร เช่น และเป็นที่เขานิยมว่ามีนกอย่างหนึ่งซึ่งเรียกว่ากิงบุรุษ (ม. ร่ายยาว วนปเวสน์).
กิ่งหาย 0,น.,"ชื่อไม้พุ่มหลายชนิดในสกุล Crotalaria วงศ์ Leguminosae ส่วนใหญ่ดอกสีเหลือง มีบางชนิดดอกสีม่วง ฝักกลมพอง, กิ่งหาย หรือ ติ่งหาย ก็เรียก."
กิ่งอำเภอ 0,น.,ท้องที่ที่มีความจำเป็นในการปกครอง แยกมาจากอำเภอที่มีเขตท้องที่กว้างขวางแต่จำนวนประชากรไม่มาก หรือที่ที่มีชุมชนมากแต่ท้องที่ไม่กว้างขวางพอที่จะตั้งขึ้นเป็นอำเภอ มีปลัดอำเภอผู้เป็นหัวหน้าประจำกิ่งอำเภอเป็นหัวหน้าปกครอง.
กิจ 0,น.,"ธุระ, งาน."
กิจ- 0,น.,"ธุระ, งาน."
กิจกรรม 0,น.,การที่ผู้เรียนปฏิบัติการอย่างใดอย่างหนึ่งเพื่อการเรียนรู้
กิจกรรม 1,น.,กิจการ.
กิจการ 0,น.,"การงานที่ประกอบ, ธุระ."
กิจจะ 0,น.,กิจ เช่น กอบกิจจะคุ้มขัง (ชุมนุมตำรากลอน).
กิจจะลักษณะ 0,ว.,"เป็นการเป็นงาน, เป็นเรื่องเป็นราว, เป็นระเบียบเรียบร้อย."
กิจจา 0,น.,"เรื่องราว, ข้อความ."
กิจจานุกิจ 0,น.,การงานน้อยใหญ่ หมายเอาการงานทั่วไป.
กิจวัตร 0,น.,กิจที่ทำเป็นประจำ.
กิดาการ 0,น.,"อาการเล่าลือ, เสียงสรรเสริญ, ข่าวเลื่องลือ, บางทีเขียนเป็น กิฎาการ ก็มี เช่น แห่งเออกอึงกิฎาการ (ตะเลงพ่าย)."
กิดาหยัน 0,น.,มหาดเล็ก.
กิตติ 0,น.,"คำเล่าลือ, คำสรรเสริญ."
กิตติกรรมประกาศ 0,น.,ข้อความที่กล่าวถึงผลงานและแสดงความขอบคุณบุคคลที่เกี่ยวข้อง หรือที่ให้ความช่วยเหลือต่าง ๆ มักเขียนไว้ตอนต้นของวิทยานิพนธ์.
กิตติคุณ 0,น.,คุณที่เลื่องลือ.
กิตติมศักดิ์ 0,ว.,ยกย่องเพื่อเป็นเกียรติยศ เช่น ปริญญากิตติมศักดิ์ สมาชิกกิตติมศักดิ์.
กิตติมศักดิ์ 1,ว.,"คำเล่าลือ, คำสรรเสริญ."
กิตติศัพท์ 0,น.,"เสียงเล่าลือ, เสียงสรรเสริญ, เสียงยกย่อง."
กิน 0,ก.,"เคี้ยว เช่น กินหมาก, เคี้ยวกลืน เช่น กินข้าว, ดื่ม เช่น กินนํ้า, ทำให้ล่วงลำคอลงไปสู่กระเพาะ"
กิน 1,ก.,"โดยปริยายหมายความว่า เปลือง เช่น กินเงิน กินเวลา, ทำให้หมดเปลือง เช่น รถกินนํ้ามัน หลอดไฟชนิดนี้กินไฟมาก"
กิน 2,ก.,"รับเอา เช่น กินสินบน, หารายได้โดยไม่สุจริต เช่น กินจอบกินเสียม"
กิน 3,ก.,ชนะในการพนันบางอย่าง.
กินกริบ 0,ก.,หาประโยชน์ใส่ตัวได้อย่างแนบเนียน.
กินกัน 0,ก.,"เอาเงินกันในระหว่างคู่ขาการพนัน, มักใช้ในความปฏิเสธว่า ไม่กินกัน."
กินกำไร 0,ก.,"กินเศษกินเลย, เบียดแว้ง, เบียดบัง."
กินกุ้งน้อย 0,ก.,"ชื่อไม้ล้มลุกหลายชนิดหลายสกุลในวงศ์ Commelinaceae เช่น ชนิด Commelina benghalensis L. ดอกสีฟ้า, ชนิด Cyanotis axillaris Roem. et Schult. ดอกสีม่วง, ผักปลาบนา ก็เรียก, ชนิด Murdannia nudiflora (L.) Brenan ดอกสีม่วงอ่อน, กินกุ้งน้อย ก็เรียก."
กินเกลียว 0,ก.,"เข้ากันได้สนิท, มักใช้ในความปฏิเสธว่า ไม่กินเกลียวกัน."
กินเกลือกินกะปิ 0,ว.,อดทนต่อความลำบากยากแค้น เช่น เขาเคยกินเกลือกินกะปิมาด้วยกัน.
กินแกลบกินรำ 0,ว.,โง่ เช่น ฉันไม่ได้กินแกลบกินรำนี่ จะได้ไม่รู้เท่าทันคุณ.
กินขวา 0,ก.,อาการที่รถ เรือ ว่าว เป็นต้น เคลื่อนลํ้าไปทางขวาหรือซ้ายมากเกินควร.
กินขาด 0,ว.,"ดีกว่ามาก, เหนือกว่ามาก, ชนะเด็ดขาด."
กินข้าวต้มกระโจมกลาง 0,ก.,ทำอะไรด้วยความใจร้อนไม่พิจารณาให้รอบคอบ มักเป็นผลเสียแก่ตน.
กินข้าวลิง 0,ก.,กินสิ่งที่พอจะหาได้ เพราะไปตกอยู่ในที่ที่ไม่มีอาหารจะกิน เช่น ไปเที่ยวป่าคราวก่อน หลงทางอยู่นาน เกือบจะต้องกินข้าวลิงเสียแล้ว.
กินแขก 0,ก.,กินเลี้ยงในการแต่งงาน.
กินความ 0,ก.,"หมายความไปถึง, ได้ความครบอย่างกะทัดรัด."
กินเครา 0,น.,ชื่อนกในวรรณคดี เช่น นกพริกจิกจอกกินเครา (สมุทรโฆษ).
กินงาย 0,ก.,กินอาหารมื้อเช้า.
กินเจ 0,ก.,ถือศีลอย่างญวนหรือจีน โดยกินอาหารจำพวกผักล้วน ไม่มีเนื้อสัตว์.
กินแจ 0,ก.,ถือศีลอย่างญวนหรือจีน โดยกินอาหารจำพวกผักล้วน ไม่มีเนื้อสัตว์.
กินใจ 0,ก.,"รู้สึกแหนงใจ, สะดุดใจ, กระทบใจ"
กินใจ 1,ก.,ซาบซึ้งใจ.
กินช้อน 0,ก.,กินอาหารด้วยช้อน.
กินชัน 0,น.,"ชื่อแมลงขนาดเล็กหลายชนิดหลายสกุล ในวงศ์ Apidae โดยทั่วไปมีขนาดลำตัวยาวไม่เกิน ๑๐ มิลลิเมตร อยู่รวมกันเป็นฝูงและแบ่งวรรณะเหมือนผึ้ง แต่ไม่มีเหล็กในอย่างผึ้งทั่วไป จึงไม่สามารถต่อยได้ ทำรังตามโพรงไม้หรือตามรอยแตกฝาผนังของบ้านเรือน รังทำจากสารเหนียวผสมขี้ดินและยางไม้ ที่พบมากในประเทศไทยอยู่ในสกุล Trigona ชนิดที่พบบ่อย เช่น ชนิด T. terminata Smith, T. apicalis Smith มีชื่ออื่น ๆ อีกตามท้องถิ่น เช่น หูด ขี้ตังนี หรือ กินชัน, อีสานเรียก ขี้สูด, ปักษ์ใต้เรียก ขี้ชัน."
กินซ้าย 0,ก.,อาการที่รถ เรือ ว่าว เป็นต้น เคลื่อนลํ้าไปทางขวาหรือซ้ายมากเกินควร.
กินดอก 0,ก.,ได้รับผลประโยชน์ที่เกิดจากทุนหรือเงินให้กู้.
กินดอกเบี้ย 0,ก.,ได้รับผลประโยชน์ที่เกิดจากทุนหรือเงินให้กู้.
กินดอง 0,ก.,กินเลี้ยงในการแต่งงาน.
กินดอง 1,น.,พิธีอย่างหนึ่ง ทำเมื่อผัวเมียมีบุตรด้วยกันคนหนึ่ง หรือไม่มีบุตร แต่ได้ทำพิธีแปลงออกครบ ๓ ปี.
กินด่าง 0,น.,พิธีอย่างหนึ่ง ทำเมื่อผัวเมียมีบุตรด้วยกัน ๒ คน.
กินดาย 0,ก.,กินดะไปจนหมด (ใช้เฉพาะการเล่นหมากแยก).
กินดิบ 0,ก.,ชนะโดยง่ายดาย.
กินดิบ 1,ก.,ดูใน กิน.
กินดิบ 2,น.,ชื่อกล้วยพันธุ์หนึ่ง.
กินตะเกียบ 0,ก.,กินอาหารด้วยตะเกียบ.
กินตัว 0,ก.,ผุหรือขาดกร่อนไปเองอย่างผ้าขนสัตว์
กินตัว 1,ก.,ริบสิ่งที่นำมาพนันขันต่อกันจากผู้แพ้.
กินตา 0,ก.,ลวงตาให้เห็นขนาดผิดไป.
กินตามน้ำ 0,ก.,รับของสมนาคุณที่เขาเอามาให้โดยไม่ได้เรียกร้อง (มักใช้แก่เจ้าพนักงานผู้มีอำนาจ).
กินตำแหน่ง 0,ก.,ได้ครองตำแหน่ง.
กินโต๊ะ 0,ก.,"กินเลี้ยงด้วยอาหารอย่างดีแบบนั่งโต๊ะ, โดยปริยายหมายความว่า รุมทำร้าย."
กินแถว 0,ก.,เอาตัวหมากออกจากกระดานตลอดทั้งแถว (ใช้เฉพาะการเล่นหมากแยก).
กินแถว 1,ว.,"กระทบกระเทือนทุกคนในพวกนั้น, ถูกลงโทษทุกคนในพวกนั้น."
กินทาง 0,ว.,ลํ้าทาง (ใช้แก่ยวดยาน) เช่น ขับรถกินทาง.
กินที่ 0,ก.,เปลืองที่.
กินที่ลับไขที่แจ้ง 0,ก.,เปิดเผยเรื่องที่ทำกันในที่ลับ.
กินนร 0,น.,อมนุษย์ในนิยาย มี ๒ ชนิด ชนิดหนึ่งเป็นครึ่งคนครึ่งนก ท่อนบนเป็นคน ท่อนล่างเป็นนก อีกชนิดหนึ่งมีรูปร่างเหมือนคน เมื่อจะไปไหนมาไหน ก็ใส่ปีกใส่หางบินไป.
กินนรเก็บบัว 0,น.,ชื่อกลบทชนิดหนึ่ง ตัวอย่างว่า ฉิใจฉะใจกระไรสมร หวังสวาทปลิดสวาทบำราศจร ตัดอาลัยตัดอาวรณ์ให้นอนเดียว.
กินนรฟ้อนโอ่ 0,น.,ชื่อท่ารำแบบหนึ่ง โดยมือข้างใดข้างหนึ่งตั้งหงาย หักข้อมือระดับแง่ศีรษะ อีกมือหนึ่งตั้งวงกลางข้างลำตัว แขนตึง.
กินนรรำ 0,น.,ชื่อท่ารำแบบหนึ่ง โดยมือข้างหนึ่งตั้งวงสูงระดับแง่ศีรษะ มืออีกข้างหนึ่งจีบหงาย แขนตึงเฉียงไปด้านหน้าเล็กน้อย เอียงศีรษะข้างเดียวกับมือที่ตั้งวง
กินนรรำ 1,น.,ชื่อเพลงไทย อัตรา ๒ ชั้น หน้าทับสองไม้
กินนรรำ 2,น.,ชื่อกลบทชนิดหนึ่ง ตัวอย่างว่า ชะจิตใจไฉนนางระคางเขิน ปะพบพักตร์จะทักทายชม้ายเมิน ละเลิงเหลือจะเชื้อเชิญเผอิญอาย.
กินนรเลียบถ้ำ 0,น.,"ชื่อท่ารำแบบหนึ่ง โดยมือข้างหนึ่งจีบหงาย แขนตึง ระดับไหล่ มืออีกข้างหนึ่งจีบหงายระดับชายพก เอียงศีรษะข้างเดียวกับมือที่แขนตึง, กินรินเลียบถ้ำ ก็ว่า."
กินนอกกินใน 0,ก.,เอากำไรในการซื้อขาย ทั้งในราคาและนอกราคาที่กำหนด.
กินนอน 0,น.,"เรียกโรงเรียนที่นักเรียนต้องกินอยู่หลับนอนอยู่ที่โรงเรียนเป็นประจำ ว่า โรงเรียนกินนอน, โรงเรียนประจำ ก็เรียก, เรียกนักเรียนที่อยู่ในโรงเรียนกินนอน ว่า นักเรียนกินนอน หรือ นักเรียนประจำ."
กินน้ำ 0,ก.,มีท้องเรือจมลึกลงไปในนํ้า เช่น เรือกินนํ้าตื้น เรือกินน้ำลึก.
กินน้ำตา 0,ก.,"ร้องไห้, เศร้าโศก."
กินน้ำตาต่างข้าว 0,ก.,ร้องไห้เศร้าโศกจนไม่เป็นอันกิน.
กินน้ำใต้ศอก 0,ก.,"จำต้องยอมเป็นรองเขา, ไม่เทียมหน้าเทียมตาเท่า, (มักหมายถึงเมียน้อยที่ต้องยอมลงให้แก่เมียหลวง)."
กินน้ำพริกถ้วยเก่า 0,ก.,อยู่กับเมียคนเดิม.
กินน้ำพริกถ้วยเดียว 0,ก.,อยู่กับเมียคนเดียว.
กินน้ำไม่เผื่อแล้ง 0,ก.,มีอะไรใช้หมดทันทีไม่คิดถึงวันข้างหน้า.
กินน้ำเห็นปลิง 0,ก.,รู้สึกตะขิดตะขวงใจเหมือนจะกินนํ้าเห็นปลิงอยู่ในนํ้าก็กินไม่ลง.
กินใน 0,ก.,"แหนงใจ, กินใจ."
กินบนเรือนขี้บนหลังคา 0,ก.,เนรคุณ.
กินบวช 0,ก.,"กินเครื่องกระยาบวชในลัทธิพิธี เช่นพิธีตรุษ, ใช้เข้าคู่กับคำ ถือศีล เป็น ถือศีลกินบวช, กินในเวลาตามกำหนดของการถือพรตในลัทธิศาสนา."
กินบ้านกินเมือง 0,ก.,ตื่นสายมาก ในความว่า นอนกินบ้านกินเมือง
กินบ้านกินเมือง 1,ก.,ฉ้อราษฎร์บังหลวง.
กินบ้านผ่านเมือง 0,ก.,ครองเมือง.
กินบุญ 0,ก.,กินเลี้ยงในงานทำบุญ.
กินบุญเก่า 0,ก.,ได้รับผลแห่งความดีที่ทำไว้แต่ปางก่อน (มักใช้เป็นสำนวนอุปมาแก่คนที่นอนกินนั่งกินสมบัติเก่า).
กินแบ่ง 0,น.,เรียกสลากที่จำหน่ายแก่ผู้ถือเพื่อรับรางวัลในการเสี่ยงโชค โดยผู้จำหน่ายหักส่วนลดเป็นกำไร ว่า สลากกินแบ่ง.
กินปลิง 0,น.,นกชนิดหนึ่ง.
กินปลี 0,น.,ชื่อนกขนาดเล็กหลายชนิด วงศ์ย่อย Nectariniidae ในวงศ์ Nectariniidae ขนคลุมลำตัวสีเหลือบเป็นมัน ตัวผู้สีเข้มกว่าตัวเมีย ซึ่งส่วนใหญ่มีสีน้ำตาลอมเขียว ปากยาวเรียวโค้งลงเหมาะสำหรับดูดน้ำต้อยจากปลีกล้วย ดอกไม้ และจับแมลงกิน เช่น กินปลีอกเหลือง [ Nectarinia jugularis (Linn.)] กินปลีหางยาวเขียว [ Aethopyga nipalensis (Hodgson)] กินปลีท้ายทอยสีน้ำเงิน [ Hypogramma hypogrammicumMüller].
กินปิ่นโต 0,ก.,"ว่าจ้างให้ทำอาหารใส่ปิ่นโตส่งให้ตามที่ตกลงกัน, ผูกปิ่นโต ก็ว่า, (ปาก) ว่าปิ่นโต."
กินปูนร้อนท้อง 0,ก.,"ทำอาการมีพิรุธขึ้นเอง, แสดงอาการเดือดร้อนขึ้นเอง."
กินเปล่า 0,ก.,ได้ประโยชน์เปล่า ๆ ไม่ต้องตอบแทน.
กินเปล่า 1,น.,เรียกเงิน ทรัพย์สิน หรือสิ่งอื่น ๆ ที่เสียไป เพื่อให้ได้สิทธิตามที่ตกลงกัน ว่า เงินกินเปล่า.
กินเปล่า 2,ว.,ได้ประโยชน์แต่ฝ่ายเดียว เช่น เตะกินเปล่า.
กินเปี้ยว 0,น.,ชื่อนกกระเต็นชนิด Halcyon chloris (Boddaert) ในวงศ์ Alcedinidae ปากแบนข้างสีดำปลายแหลม ขากรรไกรบนสีดำ ขากรรไกรล่างสีเทาอมชมพู ลำตัวด้านบนสีน้ำเงินแกมเขียว คอและท้องสีขาว หากินตามป่าชายเลน แต่อาจพบได้ในแหล่งน้ำจืดทั่วไป กินปูเปี้ยว ปลา และสัตว์เลื้อยคลานบางชนิด.
กินผัว 0,ว.,มีผัวกี่คน ๆ ก็ตายจากไปก่อนหมด.
กินเพรา 0,น.,กินอาหารมื้อเย็น.
กินมือ 0,ก.,กินอาหารด้วยมือ.
กินเมีย 0,ว.,มีเมียกี่คน ๆ ก็ตายจากไปก่อนหมด.
กินเมือง 0,ก.,ครอบครองเมือง.
กินไม่ลง 0,ก.,เอาชนะไม่ได้.
กินยุง 0,น.,"ชื่อปลาน้ำจืดขนาดเล็กที่ออกลูกเป็นตัว ชนิด Poecilia reticulata Peters ในวงศ์ Poeciliidae มีถิ่นกำเนิดอยู่ในเขตร้อนตอนเหนือของทวีปอเมริกาใต้ นำเข้ามาเลี้ยงและขยายพันธุ์เป็นปลาสวยงาม ลำตัวยาว แบนข้าง คอดหางใหญ่ ปากเล็กเชิดขึ้น ตาโต ตัวผู้มีขนาดโตได้ยาวเพียง ๓ เซนติเมตร ส่วนตัวเมียยาวได้ถึง ๖ เซนติเมตร, กินยุง ก็เรียก."
กินรวบ 0,ก.,"การพนันเสี่ยงโชคอย่างหนึ่งที่ผิดกฎหมาย เจ้ามือรับแทงตัวเลขซึ่งใช้ตัวเลขท้ายของรางวัลที่หนึ่งหรือรางวัลเลขท้ายสองตัว สามตัว ของสลากกินแบ่งรัฐบาลเป็นตัวเลขถูกรางวัล ถ้าผู้เล่นแทงถูก เจ้ามือจ่ายเงินให้ตามอัตราที่กำหนดไว้ เช่น เขาถูกสลากกินรวบกินจนหมดตัว, ภาษาปากว่า กินรวบ หวยใต้ดิน หรือหวยเถื่อน, สลากชนิดที่จำหน่ายแก่ผู้ถือเพื่อรับสิ่งของเป็นรางวัลในการเสี่ยงโชคโดยผู้จำหน่ายรวบเงินค่าสลากไว้ทั้งหมด."
กินรังแตน 0,ก.,มีอารมณ์เสียหงุดหงิดบ่นว่าเกินกว่าเหตุ.
กินริน 0,น.,"กินนรเพศหญิง เช่น ดุจกินรินแน่ง พักตราแพ่งมานุษย์ (ม. คำหลวง ทานกัณฑ์), กินรีแอ่นกินรากร (ม. คำหลวง วนปเวสน์)."
กินรินเลียบถ้ำ 0,น.,"ชื่อท่ารำแบบหนึ่ง โดยมือข้างหนึ่งจีบหงาย แขนตึง ระดับไหล่ มืออีกข้างหนึ่งจีบหงายระดับชายพก เอียงศีรษะข้างเดียวกับมือที่แขนตึง, กินรินเลียบถ้ำ ก็ว่า."
กินรี 0,น.,"กินนรเพศหญิง เช่น ดุจกินรินแน่ง พักตราแพ่งมานุษย์ (ม. คำหลวง ทานกัณฑ์), กินรีแอ่นกินรากร (ม. คำหลวง วนปเวสน์)."
กินรุก 0,ก.,เดินหมากเข้าไปกินหมากของอีกฝ่ายหนึ่งแล้วอยู่ในตำแหน่งที่จะกินขุนของอีกฝ่ายหนึ่งทันที (ใช้ในการเล่นหมากรุก).
กินรูป 0,ว.,"มีลักษณะให้เห็นขนาดเล็กกว่าตัวจริง, ใหญ่ดูเป็นเล็ก, ซ่อนรูป ก็ว่า."
กินแรง 0,ก.,เอาเปรียบผู้อื่นในการทำงานหรือในการเลี้ยงชีพ
กินแรง 1,ก.,"หนักแรง, ต้องใช้แรงมาก."
กินลม 0,ก.,"ต้านลม, รับลม, เช่น ว่าวกินลม ใบเรือกินลม."
กินลมกินแล้ง 0,ก.,ไม่ได้ประโยชน์อะไรเลย.
กินล้างกินผลาญ 0,ก.,"กินครึ่งทิ้งครึ่ง, กินทิ้งกินขว้าง, กินอย่างสุรุ่ยสุร่าย."
กินลึก 0,ว.,มีเล่ห์ลึกซึ้ง.
กินลูกตะกั่ว 0,ก.,ถูกยิง เช่น ไปขัดผลประโยชน์ของผู้มีอิทธิพลเข้าระวังจะได้กินลูกตะกั่ว ใครล่ะอยากจะกินลูกปืน.
กินลูกปืน 0,ก.,ถูกยิง เช่น ไปขัดผลประโยชน์ของผู้มีอิทธิพลเข้าระวังจะได้กินลูกตะกั่ว ใครล่ะอยากจะกินลูกปืน.
กินเล็กกินน้อย 0,ก.,เบียดบังแม้แต่เงินหรือของเล็ก ๆ น้อย ๆ เช่น ถ้าเจ้าหน้าที่ในโครงการไม่กินเล็กกินน้อย โครงการนี้คงจะก้าวหน้าไปไกลแล้ว.
กินเลี้ยง 0,ก.,กินอาหารร่วมกันหลายคนเพื่อสังสรรค์กันเป็นต้น.
กินเวลา 0,ก.,"เปลืองเวลา, ใช้เวลามาก."
กินเศษกินเลย 0,ก.,"กินกำไร, ยักเอาเพียงบางส่วนที่มีจำนวนเล็กน้อยไว้, ยักเอาส่วนที่เหลือไว้เป็นของตน, เอาเพียงบางส่วนไว้เป็นของตน."
กินส้อม 0,ก.,กินอาหารด้วยส้อม.
กินสั่ง 0,ก.,"กินมากผิดปรกติเมื่อถึงคราวจะตาย, โดยปริยายหมายความถึงกินจุเกินควร."
กินสำรับ 0,ก.,"กินอาหารที่เขาจัดมาเป็นสำรับ, (สำ) กินอาหารอย่างดี."
กินสินบน 0,ก.,รับเงินหรือสิ่งของต่าง ๆ เป็นต้นเพื่อให้ทำประโยชน์แก่ผู้ให้ในทางมิชอบ.
กินสี่ถ้วย 0,ก.,"กินเลี้ยงในงานมงคล [สี่ถ้วย คือ ขนม ๔ อย่าง อย่างละถ้วย ได้แก่ ไข่กบ (สาคูหรือเมล็ดแมงลัก), นกปล่อย (ลอดช่อง), มะลิลอย (ข้าวตอก), อ้ายตื้อ (ข้าวเหนียว) มีนํ้ากะทิใส่ชามอยู่กลาง]."
กินเส้น 0,ก.,"ชอบกัน, เข้ากันได้, มักใช้ในความปฏิเสธว่า ไม่กินเส้นกัน."
กินหน้า 0,ว.,"ลักษณาการของว่าวที่สายซุงบนสั้น เรียกว่า กินหน้า, ที่สายซุงบนยาว เรียกว่า กินหลัง, ที่เสียหางตัวเอง เรียกว่า กินหาง."
กินหลัง 0,ว.,"ลักษณาการของว่าวที่สายซุงบนสั้น เรียกว่า กินหน้า, ที่สายซุงบนยาว เรียกว่า กินหลัง, ที่เสียหางตัวเอง เรียกว่า กินหาง."
กินหาง 0,ว.,"ลักษณาการของว่าวที่สายซุงบนสั้น เรียกว่า กินหน้า, ที่สายซุงบนยาว เรียกว่า กินหลัง, ที่เสียหางตัวเอง เรียกว่า กินหาง."
กินหู้ 0,ก.,ผิดคาด.
กินเหนียว 0,ก.,กินเลี้ยงในงานแต่งงาน.
กินเหมือนหมู อยู่เหมือนหมา 0,ว.,เละเทะไม่มีระเบียบ.
กินเหล็กกินไหล 0,ว.,ทนต่อความเหน็ดเหนื่อยหรือความเจ็บปวดได้อย่างผิดปรกติ.
กินแหนง 0,ก.,"สงสัย, ระแวง, ไม่แน่ใจ, มักใช้เข้าคู่กับคำ แคลงใจ เป็น กินแหนงแคลงใจ."
กินอย่างหมู อยู่อย่างหมา 0,ว.,เละเทะไม่มีระเบียบ.
กินอยู่กับปาก อยากอยู่กับท้อง 0,ก.,รู้ดีอยู่แล้วแสร้งทำเป็นไม่รู้.
กินอยู่พูวาย 0,ก.,กินอย่างอิ่มหนำสำราญ.
กินูน 0,น.,"ชื่อแมลงพวกด้วงหลายชนิดหลายสกุล ในวงศ์ Scarabaeidae ลำตัวมีขนาดและสีแตกต่างกันแล้วแต่ชนิด ตัวอ่อนอาศัยอยู่ในดินกินรากพืช ตัวเต็มวัยอาศัยอยู่บนต้นไม้กินใบไม้ มักบินเข้าหาแสงไฟ ชาวบ้านในภาคเหนือและภาคตะวันออกเฉียงเหนือนิยมนำมารับประทาน ที่พบบ่อย เช่น ชนิด Anomala antiqueGyllenhal ลำตัวสีดำเหลือบน้ำเงิน ยาว ๑๘-๒๐ มิลลิเมตร ชนิด Sophrops foveatus Moser ลำตัวสีน้ำตาลแดง ยาวประมาณ ๑๕ มิลลิเมตร, แมลงนูน ก็เรียก."
กิ๊บ 0,น.,ที่หนีบผมทำด้วยโลหะหรือพลาสติกเป็นต้น สำหรับบังคับผมให้อยู่ในลักษณะที่ต้องการหรือเพื่อประดับตกแต่ง.
กิมตึ๋ง 0,น.,ชื่อเครื่องหมายถ้วยปั้นชนิดหนึ่งที่สั่งมาจากประเทศจีน.
กิมิชาติ 0,น.,"หนอน, หมู่หนอน."
กิมิวิทยา 0,น.,วิชาว่าด้วยหนอน.
กิโมโน 0,น.,"เครื่องแต่งกายประจำชาติญี่ปุ่น เป็นเสื้อยาว หลวม แขนกว้าง มีผ้าคาดเอว, โดยปริยายใช้เรียกเสื้อสตรีที่มีลักษณะเช่นนั้น."
กิโยตีน 0,น.,เครื่องมือประหารชีวิตแบบหนึ่ง ประกอบด้วยใบมีดขนาดใหญ่ ด้านคมมีลักษณะเฉียง เลื่อนลงมาตามร่องเสาให้ตัดคอนักโทษ.
กิระ 0,ว.,เล่าลือ เช่น คำกิระ หมายความว่า คำเล่าลือ.
กิริณี 0,น.,"ช้างพัง, ใช้ว่า กริณี หรือ กรินี ก็มี."
กิรินท 0,น.,ช้างสำคัญ เช่น อ้าบัดนี้แม่มาเดอรดิน สีพิกากิรินทไกรอาศน กวยนแก้วราชรจนา (ม. คำหลวง วนปเวสน์).
กิรินี 0,น.,"ช้างพัง, ใช้ว่า กริณี หรือ กรินี ก็มี."
กิรินี 1,น.,"ช้างพัง, ใช้ว่า กริณี หรือ กรินี ก็มี."
กิริเนศวร 0,น.,ช้างสำคัญ เช่น ทรงนั่งกิริเนศวรโจมทอง (ม. คำหลวง ทานกัณฑ์).
กิริยา 0,น.,การกระทำ
กิริยา 1,น.,"อาการที่แสดงออกมาทางกาย, มารยาท, เช่น กิริยานอบน้อม กิริยาทราม."
กิริยาสะท้อน 0,น.,การเคลื่อนไหวอย่างฉับพลันของกล้ามเนื้อที่ไม่อยู่ในอำนาจสั่งงานของสมอง เพื่อตอบสนองสิ่งกระตุ้น เป็นการหลีกเลี่ยงอันตรายหรือสิ่งรบกวน เช่นหดมือเมื่อถูกของร้อน.
กิเลน 0,น.,"ชื่อสัตว์ในนิยายจีน, ตามตำราของจีนว่า หัวเป็นมังกร มีเขาอ่อน ๑ เขา ตัวเป็นกวาง ตีนมีกีบเหมือนม้า หางเป็นพวง."
กิเลส 0,น.,เครื่องทำใจให้เศร้าหมอง ได้แก่ โลภ โกรธ หลง เช่น ยังตัดกิเลสไม่ได้ กิเลสหนา
กิเลส 1,น.,กิริยามารยาท ในคำว่า กิเลสหยาบ.
กิเลส- 0,น.,เครื่องทำใจให้เศร้าหมอง ได้แก่ โลภ โกรธ หลง เช่น ยังตัดกิเลสไม่ได้ กิเลสหนา
กิเลส- 1,น.,กิริยามารยาท ในคำว่า กิเลสหยาบ.
กิเลสมาร 0,น.,กิเลสซึ่งนับเป็นมารอย่างหนึ่ง. (ป.). (ดู มาร).
กิโล 0,*ว.,เป็นคำประกอบข้างหน้าหน่วยมาตราเมตริก หมายความว่า พัน เช่น กิโลเมตร กิโลกรัม.
กิโล 1,น.,เครื่องชั่ง เช่น กิโลนี้ไม่เที่ยง
กิโล 2,น.,คำเรียกสั้น ๆ ของกิโลกรัมและกิโลเมตร.
กิโล- 0,*ว.,เป็นคำประกอบข้างหน้าหน่วยมาตราเมตริก หมายความว่า พัน เช่น กิโลเมตร กิโลกรัม.
กิโล- 1,น.,เครื่องชั่ง เช่น กิโลนี้ไม่เที่ยง
กิโล- 2,น.,คำเรียกสั้น ๆ ของกิโลกรัมและกิโลเมตร.
กิโลกรัม 0,น.,"ชื่อมาตราชั่งนํ้าหนัก เท่ากับ ๑,๐๐๐ กรัม, อักษรย่อว่า กก."
กิโลกรัม 1,น.,เรียกสั้น ๆ ว่า กิโล หรือ โล.
กิโลไซเกิล 0,น.,"หน่วยวัดความถี่ของกระแสไฟฟ้าสลับหรือคลื่นวิทยุ มีค่าเท่ากับ ๑,๐๐๐ ไซเกิลต่อวินาที, ปัจจุบันใช้ว่า กิโลเฮิรตซ์."
กิโลมกะ 0,น.,พังผืด.
กิโลเมตร 0,น.,"ชื่อมาตราวัด เท่ากับ ๑,๐๐๐ เมตร, อักษรย่อว่า กม."
กิโลเมตร 1,น.,เรียกสั้น ๆ ว่า กิโล.
กิโลลิตร 0,น.,"ชื่อมาตราตวง เท่ากับ ๑,๐๐๐ ลิตร หรือ ๑ ลูกบาศก์เมตร, อักษรย่อว่า กล."
กิโลเฮิรตซ์ 0,น.,"หน่วยวัดความถี่ของกระแสไฟฟ้าสลับหรือคลื่นวิทยุ ใช้สัญลักษณ์ kHz ๑ กิโลเฮิรตซ์ มีค่าเท่ากับ ๑,๐๐๐ เฮิรตซ์ หรือเท่ากับ ๑,๐๐๐ ไซเกิลต่อวินาที."
กิ่ว 0,ว.,"คอดมาก, เล็กตอนกลาง, เช่น คอกิ่ว ท้องกิ่ว หางกิ่ว"
กิ่ว 1,ว.,คอด.
กิ๋ว 0,ว.,"เสียงร้องเยาะเย้ย, บางทีทำอาการกระดิกนิ้วชี้ตรงไปที่หน้าผู้ที่ถูกเย้ย, กุ๋ย หรือ กุ๋ย ๆ ก็ว่า."
กิ๋ว 1,น.,"ขนที่ขึ้นบนไฝดำ, ขนเพชร."
กิ๋ว ๆ 0,ว.,"เสียงร้องเยาะเย้ย, บางทีทำอาการกระดิกนิ้วชี้ตรงไปที่หน้าผู้ที่ถูกเย้ย, กุ๋ย หรือ กุ๋ย ๆ ก็ว่า."
กี 0,น.,"ชื่อหอยนํ้าจืดกาบคู่ชนิด Hyriopsis ( Limnoscapha) myersiana (Lea) ในวงศ์ Amblemidae เป็นหอยกาบขนาดกลาง, กี ก็เรียก."
กี้ 0,น.,"เวลาที่ล่วงไปหยก ๆ, มักใช้ประกอบกับคำ เมื่อ เมื่อแต่ หรือ เมื่อตะ เป็น เมื่อกี้ เมื่อแต่กี้ เมื่อตะกี้ หรือ เมื่อกี๊ เมื่อแต่กี๊ เมื่อตะกี๊."
กี๊ 0,น.,"เวลาที่ล่วงไปหยก ๆ, มักใช้ประกอบกับคำ เมื่อ เมื่อแต่ หรือ เมื่อตะ เป็น เมื่อกี้ เมื่อแต่กี้ เมื่อตะกี้ หรือ เมื่อกี๊ เมื่อแต่กี๊ เมื่อตะกี๊."
กี๋ 0,น.,ฐานสำหรับรองสิ่งของหรือสำหรับนั่ง ทำด้วยวัตถุต่าง ๆ มีรูปต่าง ๆ กัน เช่น กี๋รองแจกัน กี๋รองกระถางต้นไม้
กี๋ 1,น.,ภาชนะมีรูปต่าง ๆ สำหรับใส่เครื่องนํ้าชาแบบจีน เช่น กี๋ญวน.
กี่ 0,น.,"เครื่องทอผ้า, เครื่องเย็บสมุด"
กี่ 1,น.,ที่ตั้งพระกลดหรือพระแสงง้าวเป็นต้น.
กี่ 2,ว.,"คำประกอบหน้าคำอื่น หมายความว่า เท่าไร เช่น กี่วัน กี่บาท, ใช้ตามหลังคำว่า ไม่ เป็น ไม่กี่ หมายความว่า ไม่มาก ไม่หลาย เช่น ไม่กี่วัน ไม่กี่บาท."
กี่กระตุก 0,น.,เครื่องทอผ้าชนิดหนึ่งที่มีสายกระตุกเพื่อให้กระสวยพุ่งไปได้เอง.
กีฏ- 0,น.,แมลง.
กีฏวิทยา 0,น.,วิชาว่าด้วยแมลง.
กีด 0,ก.,"กั้น, ขวาง, เกะกะ."
กีดกัน 0,ก.,กันไม่ให้ทำได้โดยสะดวก.
กีดกั้น 0,ก.,ขัดขวางไว้.
กีดขวาง 0,ก.,"ขวางกั้นไว้, ขวางเกะกะ."
กีดหน้าขวางตา 0,ก.,เกะกะขัดขวางทำให้เขาไม่สะดวกใจ.
กีตาร์ 0,น.,เครื่องสายประเภทดีดชนิดหนึ่ง มักมี ๖ สาย ใช้กระดีดหรือนิ้วมือดีดสายที่ทำด้วยไนลอนหรือโลหะ.
กีบ 0,น.,เล็บเท้าสัตว์บางชนิดในพวกกินหญ้าอย่างม้าและวัว.
กีบ 1,น.,ชื่อหน่วยเงินตราของลาว.
กีบแรด 0,น.,"ชื่อเฟินชนิด Angiopteris evecta (G. Forst.) Hoffm. ในวงศ์ Marattiaceae ทางใบยาวแยกแขนง ที่โคนก้านใบมีส่วนคล้ายกีบแรดหรือกีบม้ากำกับอยู่ ใช้ทำยาได้, ว่านกีบแรด หรือ ว่านกีบม้า ก็เรียก."
กี่เพ้า 0,น.,เครื่องแต่งกายหญิงจีน เป็นชุดกระโปรงยาวรัดรูป ผ่าข้างสูง.
กี่มากน้อย 0,ว.,เท่าไร.
กีรติ 0,น.,เกียรติ.
กีฬา 0,น.,กิจกรรมหรือการเล่นที่มีกฎกติกากำหนด เพื่อความสนุกเพลิดเพลินผ่อนคลายความเครียด หรือเสริมสร้างร่างกายให้แข็งแรง และอาจใช้เป็นการแข่งขันเพื่อความเป็นเลิศ เช่น ฟุตบอล ว่ายน้ำ หมากรุก ปีนเขา ล่าสัตว์. (ป.). (ดู กรีฑา ๑).
กึก 0,ว.,เสียงของแข็งกระทบกัน
กึก 1,ว.,ทันที เช่น หยุดกึก
กึก 2,ว.,ดังก้อง เช่น กึกฟ้าหล้าหล่มธรณี (สมุทรโฆษ).
กึกก้อง 0,ว.,"ดังสนั่น, ดังมาก."
กึกกัก 0,ว.,"เสียงดังเช่นนั้น, ติด ๆ ขัด ๆ."
กึกกือ 0,ว.,"ใช้เข้าคู่กับคำ พิลึก ว่า พิลึกกึกกือ หมายความว่า แปลกประหลาดมาก, ผิดปรกติมาก, ชอบกลมาก."
กึง 0,ว.,"เสียงดังเช่นนั้น, ดังก้อง."
กึ่ง 0,ว.,ครึ่ง.
กึ่งกลาง 0,ว.,"ใจกลาง, ตรงกลาง."
กึงกัง 0,ว.,เสียงดังอย่างล้อเกวียนกระทบพื้นที่แข็ง.
กึ่งราชการ 0,ว.,ไม่ใช่ทางราชการแท้.
กึ๋น 0,น.,กระเพาะที่ ๒ ของสัตว์ประเภทสัตว์ปีก มีหน้าที่ย่อยอาหารต่อจากกระเพาะที่ ๑ ประกอบด้วยผนังที่มีกล้ามเนื้อหนาและเหนียวสำหรับบดอาหาร โดยมีหินก้อนเล็ก ๆ ที่กลืนเข้าไปเป็นเครื่องช่วย
กึ๋น 1,น.,"สติปัญญาที่แหลมคม, นิยมใช้กับคำว่า มี หรือ ไม่มี เช่น หัวหน้าคนนี้มีกึ๋น เด็กคนนี้ไม่มีกึ๋นเอาเลย."
กุ 0,ก.,สร้างให้เป็นเรื่องเป็นข่าวขึ้นโดยไม่มีมูล.
กุ 1,น.,"ชื่อกล้วยพันธุ์หนึ่ง, กล้วยสั้น ก็เรียก."
กุ 2,ก.,กรุ เช่น กุกดดดาน คือ กรุกระดาน (จารึกสยาม). (ดู กรุ ๒).
กุก 0,ว.,เสียงของแข็งกระทบกัน.
กุก 1,ก.,กิริยาที่หนูร้องดังเช่นนั้น เรียกว่า หนูกุก.
กุก 2,น.,เครื่องดักหนูเป็นหีบมีกระดานหก มีลูกกลิ้ง เมื่อหนูเข้าไปเหยียบกระดานหก ลูกกลิ้งจะกลิ้งมาปิดช่อง แล้วหนูจะกระโดดเข้าไปยังอีกที่หนึ่ง และถูกขังอยู่ในนั้น
กุก 3,น.,เสียงส่งท้ายการขันของนกเขาหลวง ซึ่งอาจมีได้ถึง ๓ กุก.
กุ๊ก 0,น.,ชื่อนกชนิดหนึ่งในจำพวกนกเค้า เรียกว่า นกกุ๊ก.
กุ๊ก 1,น.,คนทำอาหารในโรงแรมหรือภัตตาคารเป็นต้น.
กุ๊ก 2,น.,"ชื่อไม้ต้นชนิด Lannea coromandelica (Houtt.) Merr. ในวงศ์ Anacardiaceae ขึ้นตามป่า ใช้ทำยาได้, กุ๊ก ก็เรียก."
กุก ๆ กัก ๆ 0,ว.,"กึกกัก, ติด ๆ ขัด ๆ, ไม่สะดวก, เสียงดังเช่นนั้น."
กุ๊ก ๆ กิ๊ก ๆ 0,ก.,พูดหรือเล่นกันเงียบ ๆ
กุ๊ก ๆ กิ๊ก ๆ 1,ก.,ประจบ เช่น ไปกุ๊กกิ๊กกับแม่ไม่นานก็ได้เงินมา.
กุกกัก 0,ว.,"กึกกัก, ติด ๆ ขัด ๆ, ไม่สะดวก, เสียงดังเช่นนั้น."
กุ๊กกิ๊ก 0,ก.,พูดหรือเล่นกันเงียบ ๆ
กุ๊กกิ๊ก 1,ก.,ประจบ เช่น ไปกุ๊กกิ๊กกับแม่ไม่นานก็ได้เงินมา.
กุกกุฏ- 0,น.,"ไก่, ไก่ป่า, เช่น กุกกุฏสังวัจฉร หมายความว่า ปีระกา."
กุกกุร- 0,น.,"สุนัข, ลูกสุนัข, เช่น กุกกุรสังวัจฉร หมายความว่า ปีจอ."
กุกขี้หมู 0,น.,"ชื่อไม้ต้นชนิด Semecarpus albescens Kurz ในวงศ์ Anacardiaceae ขึ้นตามริมนํ้าในป่าเบญจพรรณและป่าดิบ ใบเดี่ยว เรียงสลับ แผ่นใบด้านล่างขาว, กุกขี้หมู หรือ รักขี้หมู ก็เรียก."
กุกรรม 0,น.,"การชั่ว, การไม่ดี."
กุก่อง 0,ว.,"รุ่งเรือง, สุกใส, เช่น กุก่องกนกมี (สมุทรโฆษ)."
กุกะ 0,ว.,ขรุขระ เช่น ทั้งนํ้าใจก็ดื้อดันดุกุกะไม่คิดกลัว (ม. ร่ายยาว ชูชก).
กุกะมะเทิ่ง 0,ว.,ทะลึ่งตึงตัง.
กุกุธภัณฑ์ 0,น.,กกุธภัณฑ์.
กุ้ง 0,น.,ชื่อสัตว์นํ้าไม่มีกระดูกสันหลังในชั้น Crustacea อันดับ Decapoda มีหลายวงศ์ หายใจด้วยเหงือก ลำตัวยาว แบนหรือกลม แบ่งเป็นปล้อง ๆ เปลือกที่หุ้มท่อนหัวและอกคลุมมาถึงอกปล้องที่ ๘ ส่วนใหญ่กรีมีลักษณะแบนข้าง ก้ามและขาอยู่ที่ส่วนหัวและอก มี ๑๐ ขา พบในนํ้าจืดและนํ้าเค็ม มีหลายชนิด เช่น กุ้งก้ามกราม กุ้งก้ามเกลี้ยง กุ้งกุลาดำ กุ้งตะกาด กุ้งตะเข็บ กุ้งหัวแข็ง กุ้งแชบ๊วย.
กุ้ง 1,ว.,"โกงน้อย ๆ, ใช้แก่หลังว่า หลังกุ้ง คือ หลังโกงน้อย ๆ."
กุ้งดีด 0,น.,"ชื่อกุ้งขนาดเล็กหลายชนิดหลายสกุล เช่น สกุล Alpheus ในวงศ์ Alpheidae มีก้ามใหญ่ ๒ ข้าง ก้ามข้างหนึ่งโตกว่ามาก สามารถทำให้เกิดเสียงดังด้วยวิธีหนีบก้าม โดยเฉพาะเมื่อกระทบขันเสียงจะดังยิ่งขึ้น จึงได้ชื่อว่า กุ้งดีดขัน พบอาศัยหลบซ่อนอยู่ตามซอกวัสดุต่าง ๆ ริมฝั่งทั้งในนํ้าเค็มและนํ้ากร่อย ยกเว้นชนิด Alpheus microrhynchus De Man ที่พบอยู่ในนํ้าจืดด้วย, กระเตาะ ก็เรียก."
กุ้งดีดขัน 0,น.,"ชื่อกุ้งขนาดเล็กหลายชนิดหลายสกุล เช่น สกุล Alpheus ในวงศ์ Alpheidae มีก้ามใหญ่ ๒ ข้าง ก้ามข้างหนึ่งโตกว่ามาก สามารถทำให้เกิดเสียงดังด้วยวิธีหนีบก้าม โดยเฉพาะเมื่อกระทบขันเสียงจะดังยิ่งขึ้น จึงได้ชื่อว่า กุ้งดีดขัน พบอาศัยหลบซ่อนอยู่ตามซอกวัสดุต่าง ๆ ริมฝั่งทั้งในนํ้าเค็มและนํ้ากร่อย ยกเว้นชนิด Alpheus microrhynchus De Man ที่พบอยู่ในนํ้าจืดด้วย, กระเตาะ ก็เรียก."
กุ้งเต้น 0,น.,"ชื่ออาหารประเภทกับแกล้ม ใช้กุ้งแม่น้ำที่ยังสด ผ่าหลัง ราดด้วยน้ำมะนาว กินกับน้ำจิ้ม, ชื่ออาหารประเภทกับแกล้ม ใช้กุ้งฝอยเป็น ๆ บีบมะนาว ปรุงด้วยพริกตำและน้ำปลา."
กุ้งเต้น 1,น.,ชื่อสัตว์นํ้าไม่มีกระดูกสันหลังในชั้น Crustacea อันดับ Decapoda มีหลายวงศ์ หายใจด้วยเหงือก ลำตัวยาว แบนหรือกลม แบ่งเป็นปล้อง ๆ เปลือกที่หุ้มท่อนหัวและอกคลุมมาถึงอกปล้องที่ ๘ ส่วนใหญ่กรีมีลักษณะแบนข้าง ก้ามและขาอยู่ที่ส่วนหัวและอก มี ๑๐ ขา พบในนํ้าจืดและนํ้าเค็ม มีหลายชนิด เช่น กุ้งก้ามกราม กุ้งก้ามเกลี้ยง กุ้งกุลาดำ กุ้งตะกาด กุ้งตะเข็บ กุ้งหัวแข็ง กุ้งแชบ๊วย.
กุ้งเต้น 2,น.,ชื่อสัตว์ขาปล้องหลายชนิดหลายสกุล ในวงศ์ Talitridae และ Hyalidae ลักษณะคล้ายกุ้งลำตัวขนาดเล็ก ยาว ๐.๕-๑๕.๐ มิลลิเมตร ตัวแบนทางข้าง หัวไม่มีปลอก อกปล้องแรกรวมกับหัว อกที่เหลือมี ๗ ปล้อง ท้องมี ๖ ปล้อง รยางค์ ๒ คู่แรกอยู่ติดกับหัว ใหญ่กว่าคู่อื่น บางคู่ปลายคล้ายก้ามหนีบ รยางค์ที่อกถัดมามี ๕ คู่ รยางค์ท้องมี ๖ คู่ ๓ คู่สุดท้ายสั้นแข็งใช้สำหรับดีด จึงดีดได้เก่ง อาศัยอยู่ตามฝั่งนํ้าหรือที่ชื้นแฉะ ที่พบบ่อยตามชายทะเลฝั่งตะวันออกของไทย เช่น ชนิด Orchestia floresianaWeber .
กุ้งนาง 0,น.,กุ้งก้ามกรามเพศเมีย ลำตัวและก้ามมีขนาดเล็กกว่าเพศผู้เสมอเมื่อมีอายุเท่ากัน สีอ่อนกว่ากุ้งก้ามกรามซึ่งเป็นเพศผู้ วางไข่ติดหน้าท้อง ไข่ฟักเป็นตัวอ่อนในน้ำกร่อย แล้วมาอาศัยเจริญเติบโตจนเป็นตัวเต็มวัยในน้ำจืด.
กุ้งปล้อง 0,น.,"ชื่อกุ้งทะเลหลายชนิดในสกุล Parapenaeopsis วงศ์ Penaeidae ส่วนใหญ่มีเปลือกค่อนข้างแข็ง ลำตัวมีลักษณะเป็นปล้อง และมีลวดลายสีเด่นชัด เช่น ชนิด P. hungerfordi Alcock, กุ้งปล้อง ก็เรียก."
กุ้งฝอย 0,น.,ชื่อกุ้งตัวเล็ก ๆ ขนาดยาวไม่เกิน ๔ เซนติเมตร มีหลายชนิด พบในน้ำจืด ที่รู้จักกันทั่วไป ได้แก่ ชนิด Macrobrachium lanchesteri (De Man) ในวงศ์ Palaemonidae และหลายชนิดในสกุล Caridina วงศ์ Atyidae.
กุ้งฟัด 0,น.,กุ้งแห้งที่เอาเปลือกออก.
กุ้งมังกร 0,น.,"ชื่อกุ้งทะเลขนาดใหญ่ในสกุล Panulirusวงศ์ Palinuridae หัวและอกโต ผิวเปลือกมีหนามมากและมีลายหลายสี, กุ้งหนามใหญ่ หรือ กุ้งหัวโขน ก็เรียก."
กุ้งไม้ 0,น.,กุ้งที่ปอกเปลือกเสียบไม้ตากแห้ง.
กุ้งยิง 0,น.,ฝีหัวเล็ก ๆ ซึ่งเกิดจากการอักเสบที่ต่อมขอบตา.
กุ้งส้ม 0,น.,ของกินชนิดหนึ่งทำด้วยกุ้ง ใช้หมักด้วยข้าวสุก เกลือ และกระเทียม.
กุ้งหนามใหญ่ 0,น.,"ชื่อกุ้งทะเลขนาดใหญ่ในสกุล Panulirusวงศ์ Palinuridae หัวและอกโต ผิวเปลือกมีหนามมากและมีลายหลายสี, กุ้งหนามใหญ่ หรือ กุ้งหัวโขน ก็เรียก."
กุ้งหลวง 0,น.,"ชื่อกุ้งชนิด Macrobrachium rosenbergii (De Man) ในวงศ์ Palaemonidae ตัวโต เปลือกสีครามปนเขียว ก้ามใหญ่สีฟ้าหรือสีคราม มีหนาม ไข่ฟักเป็นตัวอ่อนในน้ำกร่อยแล้วมาอาศัยเจริญเติบโตจนเป็นตัวเต็มวัยในน้ำจืด, กุ้งก้ามคราม หรือ กุ้งหลวง ก็เรียก, เพศเมียเรียก กุ้งนาง."
กุ้งหัวโขน 0,น.,"ชื่อกุ้งทะเลขนาดใหญ่ในสกุล Panulirusวงศ์ Palinuridae หัวและอกโต ผิวเปลือกมีหนามมากและมีลายหลายสี, กุ้งหนามใหญ่ หรือ กุ้งหัวโขน ก็เรียก."
กุ้งเหลือง 0,น.,"ชื่อกุ้งทะเลชนิด Penaeus latisulcatus Kishinouye ในวงศ์ Penaeidae ขนาดเล็กกว่ากุ้งกุลาดำ ลำตัวสีเหลืองปนนํ้าตาล ขอบของส่วนท้องสีม่วง แพนหางสีฟ้า, กุ้งเหลืองหางฟ้า ก็เรียก."
กุ้งเหลืองหางฟ้า 0,น.,"ชื่อกุ้งทะเลชนิด Penaeus latisulcatus Kishinouye ในวงศ์ Penaeidae ขนาดเล็กกว่ากุ้งกุลาดำ ลำตัวสีเหลืองปนนํ้าตาล ขอบของส่วนท้องสีม่วง แพนหางสีฟ้า, กุ้งเหลืองหางฟ้า ก็เรียก."
กุ้งแห 0,น.,"ชื่อกุ้งขนาดกลางชนิด Macrobrachium equidens (Dana) ในวงศ์ Palaemonidae ก้ามมีปื้นสีเข้ม อาศัยอยู่ในย่านน้ำกร่อย และพบบ้างในน้ำจืดหรือชายทะเล, กุ้งแห ก็เรียก."
กุ้งแห้ง 0,น.,"กุ้งทะเลที่ตากแห้ง, โดยปริยายหมายความว่า ผอมมาก."
กุงอน 0,น.,นกช้อนหอย เช่น มีกุโงกกุงานและกุงอน (สมุทรโฆษ).
กุงาน 0,น.,"ห่าน, ใช้หมายความถึง นกยูง ก็มี เช่น แพนกุงานกระพือ (สมุทรโฆษ), กลางคชเทอดแพน กุงาน ง่าคว้าง (ลิลิตพยุหยาตรา)."
กุโงก 0,น.,"นกยูง, กระโงก ก็ใช้."
กุจี 0,น.,หญิงค่อม เช่น ทฤษฎีกุจีจิตจำนง (สุธน).
กุญแจ 0,น.,"เครื่องสำหรับใส่ประตูหน้าต่างเป็นต้น เพื่อยึดหรือสลักไม่ให้เปิดเข้าออกได้ เวลากดหรือไขออกมีเสียงลั่นดังกริ๊ก มีลูกไข เรียกว่า ลูกกุญแจ, ประแจ ก็เรียก."
กุญแจ 1,น.,เครื่องหมายกำหนดระดับเสียงตัวโน้ตตามหลักดนตรีสากล ปรกติเขียนไว้ซ้ายสุดของบรรทัด ๕ เส้น.
กุญแจกล 0,น.,กุญแจที่เปิดโดยใช้รหัส.
กุญแจปากตาย 0,น.,เครื่องมือโลหะชนิดหนึ่ง รูปร่างตอนปลายทั้ง ๒ ข้างคล้ายก้ามปู มีขนาดปากตายตัว ใช้สำหรับขันหรือคลายนอตเป็นต้น.
กุญแจผี 0,น.,ลูกกุญแจหรือเส้นลวดเป็นต้นที่ทำขึ้นสำหรับไขกุญแจ มักใช้เพื่อการทุจริต.
กุญแจมือ 0,น.,ห่วงเหล็กมีกุญแจไข สำหรับเจ้าหน้าที่ใช้ใส่ข้อมือผู้ต้องหา.
กุญแจรหัส 0,น.,กุญแจที่ใช้ระบบสัญลักษณ์
กุญแจรหัส 1,น.,สมุดประมวลรหัส เพื่อใช้เข้ารหัสและถอดรหัส บรรจุข้อความที่เข้ารหัสไว้ด้านหนึ่งและข้อความที่ถอดรหัสแล้วไว้อีกด้านหนึ่ง.
กุญแจเลื่อน 0,น.,เครื่องมือโลหะชนิดหนึ่ง มีส่วนประกอบสำหรับเลื่อนเพื่อปรับขนาดปากได้ ใช้สำหรับขันหรือคลายนอตเป็นต้น.
กุญแจเสียง 0,น.,ระบบเสียงซึ่งประกอบด้วยกลุ่มโน้ต โดยมีโน้ตใดโน้ตหนึ่งทำหน้าที่เป็นศูนย์กลาง.
กุญแจแหวน 0,น.,เครื่องมือโลหะชนิดหนึ่ง ตอนปลายทั้ง ๒ ข้างมีลักษณะคล้ายแหวน ขอบเหลี่ยม มีขนาดตายตัว ใช้สำหรับขันหรือคลายนอตเป็นต้น.
กุญชร 0,น.,ช้าง.
กุญชรเกษม 0,น.,ชื่อเพลงระบำสำหรับช้าง ใช้ในการแสดงโขนตอนพระคเณศเสียงา.
กุฎ 0,น.,ยอด เช่น มัชฌิมากุฎาประมาณ (สมุทรโฆษ).
กุฎา 0,น.,ยอด เช่น มัชฌิมากุฎาประมาณ (สมุทรโฆษ).
กุฎาคาร 0,น.,เรือนยอดอย่างปราสาท เช่น ธก็แต่งกุฎาคาร ปราสาท (ลอ.).
กุฎาธาร 0,น.,ยอด เช่น กุฎาธารธาษตรี (ยอพระเกียรติ ร. ๒).
กุฎี 0,น.,"ที่อยู่ของนักบวชเช่นพระภิกษุ, เรือนหรือตึกสำหรับพระภิกษุสามเณรอยู่, โบราณเรียกว่า กะดี"
กุฎี 1,น.,"คำที่ใช้เรียกศาสนสถานของศาสนาอื่น เช่น กุฎีเจ้าเซ็นและกุฎีขาวเป็นมัสยิดของชาวมุสลิม กุฎีจีนเป็นศาลเจ้าของชาวจีน, โบราณเรียกว่า กะดี, ปัจจุบันคือมัสยิดหรือสุเหร่า."
กุฎุมพี 0,น.,"คนมั่งมี, พ่อเรือน, มักนิยมใช้เข้าคู่กับคำ ไพร่ เป็น ไพร่กระฎุมพี หมายความว่า ชนชั้นต่ำ."
กุฏฐัง 0,น.,โรคเรื้อน. (ดู เรื้อน).
กุฏไต 0,น.,"เสื้อชนิดหนึ่ง เช่น ห่มกุฏไตขอหง้า, โกตไต ก็ว่า เช่น ห่มโกตไตอวดอ้าง (พยุหยาตรา)."
กุฏิ 0,น.,เรือนหรือตึกสำหรับพระภิกษุสามเณรอยู่.
กุฏิ 1,น.,ที่บรรจุศพที่ก่ออิฐถือปูนเป็นหลัง ๆ
กุฏิ 2,น.,เรือนที่ทำให้นกขุนทองนอน.
กุณฑ์ 0,น.,ไฟ เช่น เกิดกุณฑ์วุ่นวายทั้งเวียงชัย (อิเหนา).
กุณฑล 0,น.,ตุ้มหู.
กุณฑี 0,น.,"คนที, หม้อนํ้า, หม้อนํ้ามีหู, เต้านํ้า, เช่น พลูกัดชลกุณฑี ลูกไม้ (โลกนิติ)."
กุณโฑ 0,น.,"คนโท, หม้อนํ้ารูปต่าง ๆ คอยาว."
กุณาล 0,น.,นกดุเหว่า เช่น การวิกระวังวน กุณาล (สมุทรโฆษ).
กุณิ 0,น.,"คนง่อย. (ป., ส.)"
กุณิ 1,น.,กระเช้า เช่น แลมีมือกุกุณีแลขอขุดธงง ก็ท่องยงงไพรกันดาร เอามูลผลาหารในพนาลี (ม. คำหลวง วนปเวสน์).
กุณี 0,น.,"คนง่อย. (ป., ส.)"
กุณี 1,น.,กระเช้า เช่น แลมีมือกุกุณีแลขอขุดธงง ก็ท่องยงงไพรกันดาร เอามูลผลาหารในพนาลี (ม. คำหลวง วนปเวสน์).
กุด 0,ก.,ตัด ในคำว่า กุดหัว ว่า ตัดหัว.
กุด 1,ว.,ด้วนสั้นหรือเหี้ยนเข้าไป เช่น ยอดกุด นิ้วกุด หางกุด.
กุด 2,น.,"บึง, ลำนํ้าที่ปลายด้วน."
กุดจี่ 0,น.,"ชื่อแมลงพวกด้วงหลายชนิดหลายสกุล ในวงศ์ Scarabaeidae หัวแบน ขาแบน ด้านข้างขามีลักษณะเป็นหนามคล้ายฟันเลื่อย ลำตัวยาว ๐.๕-๖.๐ เซนติเมตร ส่วนใหญ่สีน้ำตาลเข้มหรือดำ อาศัยอยู่ตามมูลสัตว์ ปั้นมูลสัตว์เป็นก้อนเพื่อวางไข่ ตัวเต็มวัยเมื่อถูกตัวมักทำเสียงดังฉู่ฉี่ บางครั้งจึงเรียก ตัวฉู่ฉี่หรือด้วงจู้จี้ ชนิดที่พบบ่อย เช่น Onitis subopacusArrow, Onthophagus seniculus Fabricius พบทุกภาค, กุดจี่ที่มีขนาดใหญ่ เช่น กุดจี่ขี้ช้างหรือด้วงขี้ช้าง ( Heliocopris dominus Bates) พบมากในภาคเหนือและภาคอีสาน, จี่ ก็เรียก."
กุดัง 0,น.,"โรงเก็บสินค้าหรือสิ่งของเป็นต้น, โกดัง ก็เรียก"
กุดัง 1,น.,เรียกรถบรรทุกขนาดใหญ่ชนิดหนึ่ง ว่า รถกุดัง.
กุดั่น 0,น.,"ทองแกมแก้ว คือ เครื่องประดับเพชรพลอยหรือกระจก เช่น ลายปั้นกุดั่น คือ ลายปั้นปิดทองประดับกระจก, โกศกุดั่น คือ โกศทำด้วยไม้จำหลักปิดทองประดับกระจก"
กุดั่น 1,น.,"ชื่อลายเป็นดอกไม้ ๔ กลีบรวมกันอยู่เป็นพืด, ถ้าแยกอยู่ห่าง ๆ เรียกว่า ประจำยาม."
กุดา 0,*น.,ใช้เป็นสร้อยคำของ กุฎี เช่น สู่กุฎีกุดาสวรรค์ (ม. คำหลวง มัทรี).
กุทัณฑ์ 0,น.,"เกาทัณฑ์, ธนู."
กุน 0,น.,ชื่อปีที่ ๑๒ ของรอบปีนักษัตร มีหมูเป็นเครื่องหมาย.
กุ๊น 0,ก.,ขลิบเย็บหุ้มริมผ้าหรือของอื่น ๆ ใช้แถบผ้าย้วยหรือเฉลียงเย็บหุ้ม ๒ ข้างเม้มเข้าเป็นตะเข็บกลมบ้างแบนบ้าง มักใช้ที่คอเสื้อหรือชายเสื้อเป็นต้น.
กุนเชียง 0,น.,ไส้กรอกอย่างจีน.
กุนซือ 0,น.,ที่ปรึกษา เช่น พรรคนี้มีกุนซือเก่ง ๆ หลายคน ใครนะเป็นกุนซือให้นายกยุบสภา.
กุนที 0,น.,"แม่นํ้าน้อย ๆ, แม่นํ้าเล็ก ๆ, เช่น แตกเป็นนิเทศกุนทีน้อย ๆ (ม. ร่ายยาว กุมาร)."
กุโนกามอ 0,น.,ต้นคนทีเขมา. (ดู คนทีเขมา ที่ คนที ๒).
กุบ 0,น.,ซองหนังชนิดหนึ่ง เมื่อตัดทองคำใบชิ้นสี่เหลี่ยมเล็ก ๆ สอดในกระดาษแก้วหนาแผ่นเล็กซ้อนกันเป็นตั้งแล้วใส่ในซองหนังนั้น ตีซองแผ่ทองคำให้บางออกไป
กุบ 1,น.,ชาวภาคพายัพบางถิ่นและพวกเงี้ยวเรียกหมวกชนิดต่าง ๆ ว่า กุบ
กุบ 2,น.,"กลัก, กล่อง."
กุบกับ 0,ว.,เสียงดังเช่นนั้น.
กุม 0,ก.,เอาอุ้งมือปิด ป้อง กัน หรือจับไว้ เช่น กุมขมับ กุมมือ กุมดาบ
กุม 1,ก.,คุม เช่น กุมตัว กุมสติ กุมอำนาจ.
กุ่ม 0,น.,ชื่อไม้ต้นในสกุล Crateva วงศ์ Capparaceae ใบเป็นใบประกอบมีใบย่อย ๓ ใบ ดอกเป็นช่อ กลีบดอกสีขาวแล้วกลายเป็นสีเหลือง ผลกลมหรือรูปไข่ ผิวนอกแข็งและสาก ๆ สีเขียวนวล เช่น กุ่มบก [ C. adansonii DC. subsp. trifoliata (Roxb.) Jacobs] กุ่มนํ้า [ C. magna (Lour.) DC. และ C. religiosa G. Forst.].
กุมฝอย 0,น.,"ขยะ, เศษสิ่งของที่ทิ้งแล้ว, หยากเยื่อ, คุมฝอย หรือ มูลฝอย ก็ว่า."
กุมภ์ 0,น.,หม้อ
กุมภ์ 1,น.,ชื่อกลุ่มดาวรูปหม้อ เรียกว่า ราศีกุมภ์ เป็นราศีที่ ๑๐ ในจักรราศี.
กุมภ- 0,น.,หม้อ
กุมภ- 1,น.,ชื่อกลุ่มดาวรูปหม้อ เรียกว่า ราศีกุมภ์ เป็นราศีที่ ๑๐ ในจักรราศี.
กุมภการ 0,น.,ช่างหม้อ.
กุมภนิยา 0,น.,ชื่อพิธีชุบศรพรหมาสตร์ของอินทรชิตในเรื่องรามเกียรติ์.
กุมภัณฑ์ 0,น.,ยักษ์ เช่น หนึ่งท่าทานพกุมภัณฑ์คันธอสูร โสรจสินธุสมบูรณ์ ณ สระ (สมุทรโฆษ)
กุมภัณฑ์ 1,น.,ฟักเขียว เช่น ป่าเอลาลุอลาพุกุมภัณฑอคร้าวอนันต์ (สมุทรโฆษ).
กุมภัณฑ- 0,น.,ยักษ์ เช่น หนึ่งท่าทานพกุมภัณฑ์คันธอสูร โสรจสินธุสมบูรณ์ ณ สระ (สมุทรโฆษ)
กุมภัณฑ- 1,น.,ฟักเขียว เช่น ป่าเอลาลุอลาพุกุมภัณฑอคร้าวอนันต์ (สมุทรโฆษ).
กุมภัณฑยักษ์ 0,น.,ลมกุมารอย่างหนึ่งมีอาการคล้ายบาดทะยัก ผู้ที่เป็นลมนี้ตาจะช้อนสูง หน้าเขียว มือกำ เท้างอ หลังแอ่น กัดฟัน.
กุมภา 0,น.,จระเข้ เช่น ตัวกูหลงอยู่ด้วยกุมภา จะเสื่อมเสียวิชาที่เรียนรู้ (ไกรทอง).
กุมภาพันธ์ 0,น.,"ชื่อเดือนที่ ๒ ตามสุริยคติ ซึ่งเริ่มด้วยเดือนมกราคม มี ๒๘ หรือ ๒๙ วัน, (เลิก) ชื่อเดือนที่ ๑๑ ตามสุริยคติ ซึ่งเริ่มด้วยเดือนเมษายน."
กุมภิล 0,น.,จระเข้.
กุมภีล์ 0,น.,จระเข้.
กุมลัคน์ 0,ก.,ลักษณาการที่ดาวพระเคราะห์อยู่ประจำในเรือนเดียวกับลัคน์.
กุมเหง 0,ก.,"ข่มเหง, รังแก, ใช้กำลังหรืออำนาจทำให้เดือดร้อน, คุมเหง ก็ว่า."
กุมาร 0,น.,"เด็กชาย. (ป., ส. กุมาร ว่า เด็กชาย, ลูกหลวง)"
กุมาร 1,น.,ชื่อกัณฑ์ที่ ๘ แห่งมหาเวสสันดรชาดก.
กุมาร-ลฬิตา 0,น.,ชื่อฉันท์วรรณพฤติแบบหนึ่ง กำหนดด้วย ๒ คณะ คือ ช คณะ และ ส คณะ และเติมครุข้างท้ายอีก ๑ คำ หรือ ๑ พยางค์ จึงมีบาทละ ๗ คำ หรือ ๗ พยางค์ (ตามแบบว่า กุมารลฬิตาชฺสฺคา) ตัวอย่างว่า อนึ่งนุชมีจิต สนิทกรุณะเปรมปรี ดิสวามิมะนะภักดี ภิบาลบมิอนาทร (ชุมนุมตำรากลอน).
กุมารา 0,น.,"กุมาร, เด็กชาย, เช่น เมื่อนั้น พระไชยเชษฐ์ความแสนเสนหา พยายามตามปลอบกุมารา อนิจจาปลื้มใจไม่ดูดี (ไชยเชษฐ์)."
กุมาริกา 0,น.,"ชื่อไม้เถาชนิด Parameria laevigata (Juss.) Moldenke ในวงศ์ Apocynaceae มียางเหนียวคล้ายกาว ใช้ทำยาได้, กระทั่งติด กุมาริกา เครือเขามวก ตังติด หรือ เถามวก ก็เรียก."
กุมารี 0,น.,เด็กหญิง.
กุมุท 0,น.,"บัว, บัวขาว, บัวสาย. (ป., ส.)"
กุมุท 1,น.,"เลขนับจำนวนสูงเท่ากับ ๑๐,๐๐๐,๐๐๐ ยกกำลัง ๑๕ หรือ ๑ มี ๐ ตามหลัง ๑๐๕ ตัว."
กุ๊ย 0,น.,คนโซ
กุ๊ย 1,น.,"คนเลว, คนไม่สุภาพไร้มารยาท, คนชั่วต่ำช้า, เช่น หมอนั่นมันกุ๊ยชัด ๆ."
กุ๋ย 0,ว.,"เสียงร้องเยาะเย้ย, บางทีทำอาการกระดิกนิ้วชี้ตรงไปที่หน้าผู้ที่ถูกเย้ย, กิ๋ว หรือ กิ๋ว ๆ ก็ว่า."
กุย 0,น.,ชื่อสัตว์เลี้ยงลูกด้วยนมชนิด Saiga tatarica (Linn.) ในวงศ์ Bovidae เป็นสัตว์เคี้ยวเอื้อง หัวใหญ่ ตัวอ้วน มีเขาเฉพาะตัวผู้ รูปร่างคล้ายพิณฝรั่ง สีขาวนวลโปร่งแสง มีวงเป็นข้อนูนต่อเนื่องกันจากโคนถึงปลาย จมูกลักษณะคล้ายกระเปาะ พองมีสันตามยาว หางสั้นมาก มีถิ่นกำเนิดในแถบไซบีเรียตอนใต้ มองโกเลียตะวันตก และจีนตะวันตกเฉียงเหนือ ไม่พบในประเทศไทย เขามีราคาแพง ใช้ทำยาได้.
กุย 1,น.,ชาวป่าพวกหนึ่งคล้ายพวกมูเซอ.
กุย 2,น.,"หมัด, กำปั้น, มักใช้เข้าคู่กับคำ ลูก ว่า ลูกกุย เช่น เตรียมลูกกุยมาทั่วที่ตัวดี (ขุนช้างขุนแผน)."
กุ๋ย ๆ 0,ว.,"เสียงร้องเยาะเย้ย, บางทีทำอาการกระดิกนิ้วชี้ตรงไปที่หน้าผู้ที่ถูกเย้ย, กิ๋ว หรือ กิ๋ว ๆ ก็ว่า."
กุยช่าย 0,น.,"ชื่อไม้ล้มลุกชนิด Allium tuberosum Roxb. ในวงศ์ Alliaceae คล้ายต้นหอมหรือกระเทียม ใบแบน กลิ่นฉุน กินได้ นำเข้ามาปลูกเพื่อเป็นอาหาร, พายัพเรียก หอมแป้น."
กุยเฮง 0,น.,เสื้อแบบจีนชนิดหนึ่ง คอกลม ผ่าอกตลอด ติดกระดุม มีกระเป๋าด้านล่างข้างละกระเป๋า.
กุรระ 0,น.,"นกเขา, แปลว่า เหยี่ยว ก็มี เช่น แม่กุรร์จาปน้อยหาย แลนา (ม. คำหลวง ทานกัณฑ์)."
กุระ 0,น.,"ชื่อไม้ต้นขนาดกลางชนิด Shirakiopsis indica (Willd.) Esser ในวงศ์ Euphorbiaceae ขึ้นตามที่ลุ่มนํ้าขังและริมคลองนํ้ากร่อย ทุกส่วนมียางขาว ผลกลม แก่จัดแยกออกเป็น ๓ ซีก, สมอทะเล ก็เรียก."
กุรุง 0,น.,กรุง เช่น จากกุรุงสาวถีกับสงฆ์ ห้าร้อยหย่อนองค์ อดิเรกประดับบริพาร (บุณโณวาท).
กุรุพินท์ 0,น.,"ทับทิม, เขียนเป็น กรพินธุ์ ก็มี เช่น จงแต่งเขนต่างขันธ์ ผ้าเกราะพรรณรายแพร้ว ดยรดาษแก้วกรพินธุ์ (ม. คำหลวง มหาราช)."
กุรุระ 0,น.,"นกเขา, แปลว่า เหยี่ยว ก็มี เช่น แม่กุรร์จาปน้อยหาย แลนา (ม. คำหลวง ทานกัณฑ์)."
กุรุส 0,น.,มาตรานับจำนวน เท่ากับ ๑๒ โหล หรือ ๑๔๔.
กุเรา 0,น.,"ชื่อปลาทะเลและนํ้ากร่อยหลายชนิดใน ๒ สกุล คือ ในสกุล Eleutheronemaและในสกุล Polynemus วงศ์ Polynemidae ครีบอกตอนล่างมีก้านครีบแยกออกจากกันเป็นเส้นยาวรวม ๓-๗ เส้น แล้วแต่ชนิด ลำตัวและครีบสีเทาอมเงิน เช่น ชนิด E. tetradactylum (Shaw), P. sextarius Bloch & Schneider ขนาดยาวได้ถึง ๑.๘ เซนติเมตร, กุเลา ก็เรียก."
กุล- 0,น.,"ตระกูล, สกุล."
กุล 0,น.,"ตระกูล, สกุล."
กุล 1,น.,ต้นพิกุล. (ดู พิกุล).
กุลทูสก 0,น.,ผู้ประทุษร้ายต่อตระกูล หมายถึงภิกษุที่ประจบตระกูลต่าง ๆ ด้วยอาการที่ผิดวินัย.
กุลธิดา 0,น.,ลูกหญิงผู้มีตระกูล.
กุลบดี 0,น.,หัวหน้าตระกูล.
กุลบุตร 0,น.,ลูกชายผู้มีตระกูล.
กุลสตรี 0,น.,หญิงผู้มีตระกูลและมีความประพฤติดี.
กุลสัมพันธ์ 0,ว.,เกี่ยวเนื่องกันทางตระกูล.
กุลา 0,น.,"ชื่อว่าวชนิดหนึ่ง มีรูปร่าง ๕ แฉก หัวแหลม, คู่กับ ว่าวปักเป้า, ว่าวจุฬา ก็เรียก."
กุลา 1,น.,"ชนชาติต้องสู้และไทใหญ่, กุหล่า หรือ คุลา ก็ว่า"
กุลา 2,น.,"ใช้เรียกชนต่างประเทศ เช่น เรียกชนชาติฝรั่ง ว่า กุลาขาว, เรียกชนชาติแขก ว่า กุลาดำ."
กุลา 3,น.,"ชื่อนกขนาดใหญ่หลายชนิดหลายสกุล ในวงศ์ Threskiornithidae ปากยาวโค้ง ปลายแหลม หากินในนํ้าตื้นตามแหล่งน้ำจืด กินปลา ปู และสัตว์นํ้าเล็ก ๆ ในประเทศไทยมี ๔ ชนิด คือ ช้อนหอยขาวหรือกุลาขาว [ Threskiornis melanocephalus (Latham)] ช้อนหอยดำ [ Pseudibis davisoni (Hume)] ช้อนหอยใหญ่ [ P. gigantea (Oustalet)] และช้อนหอยดำเหลือบ [ Plegadis falcinellus (Linn.)], กุลา หรือ ค้อนหอย ก็เรียก."
กุลาซ่อนผ้า 0,น.,การเล่นของเด็กชนิดหนึ่ง.
กุลาดำ 0,น.,ชื่อกุ้งทะเลชนิด Penaeus monodon Fabricius ในวงศ์ Penaeidae ขนาดยาวได้ถึง ๓๐ เซนติเมตร ตัวแบนข้าง สีเขียวอมน้ำตาล มีแถบสีดำและสีจางพาดขวางเป็นลายตลอดลำตัว.
กุลาตีไม้ 0,น.,การเล่นชนิดหนึ่งในงานพระราชพิธี.
กุลาตีอก 0,น.,การเล่นชนิดหนึ่งในงานพระราชพิธี.
กุลาลาย 0,น.,ชื่อกุ้งทะเลชนิด Penaeus semisulcatus De Haan ในวงศ์ Penaeidae รูปร่างและขนาดคล้ายกุ้งกุลาดำ ลำตัวสีน้ำตาลอมแดง แต่มีลายน้อยกว่ากุ้งกุลาดำ หนวดมีลายสลับเป็นปล้อง.
กุลาหล 0,ว.,โกลาหล เช่น สนั่นครั่นครื้นกุลาหล (รามเกียรติ์ ร. ๑).
กุลี 0,น.,คนรับจ้างทำงานหนักมีหาบหามเป็นต้น.
กุลี 1,*น.,เพี้ยนมาจาก กลี เช่น เกิดการกุลี (กฎ. ราชบุรี).
กุลี 2,*น.,ลักษณนามบอกปริมาณ คือผ้าห่อหนึ่งที่รวมกัน ๒๐ ผืน (ใช้แก่ผ้าลาย ผ้าพื้น ผ้าขาวม้า และโสร่ง เป็นต้น).
กุลีกุจอ 0,ก.,ช่วยจัดช่วยทำอย่างเอาจริงเอาจัง.
กุเลา 0,น.,ปลากุเรา. (ดู กุเรา).
กุแล 0,น.,"ชื่อปลาทะเลหลายชนิดในสกุล Sardinella และ Herklotsichthys วงศ์ Clupeidae ลำตัวยาว แบนข้างมาก สันท้องบางคล้ายคมมีด เกล็ดบางหลุดง่าย เกล็ดในแนวสันท้องเป็นเหลี่ยมคมเรียงต่อกันคล้ายฟันเลื่อย ปากเล็กเชิดขึ้นเล็กน้อย ฟันเล็กมาก ซี่เหงือกมีจำนวนมาก ไม่มีก้านครีบแข็งหรือเงี่ยง ลำตัวสีเงิน เฉพาะด้านหลังสีนํ้าเงินเข้ม บนลำตัวที่ใกล้มุมแผ่นปิดเหงือกมักมีแต้มสีดำคลํ้า ๑ จุด ครีบหลังและครีบหางสีดำคลํ้าอมเหลือง ขนาดยาวได้ถึง ๑๘ เซนติเมตร, อกรา หรือ อกแล ก็เรียก, ส่วน กุแลกลม หรือ กุแลกล้วย หมายถึงชนิดในสกุล Dussumieria ซึ่งอยู่ในวงศ์เดียวกัน ลักษณะทั่วไปคล้ายกัน เว้นแต่มีลำตัวแบนข้างเล็กน้อย หัวแหลม ท้องกลม ไม่มีเกล็ดที่เรียงกันเป็นฟันเลื่อย ซี่เหงือกมีจำนวนน้อยและสั้น ขนาดยาวได้ถึง ๒๒ เซนติเมตร, อกรากล้วย หรือ อกแลกล้วย ก็เรียก, ทั้งหมดเป็นปลาผิวนํ้า อยู่กันเป็นฝูง ปลาขนาดเล็กอาจเข้ามาอยู่ใกล้ฝั่งหรือในนํ้ากร่อย, หลังเขียว ก็เรียก."
กุเวร 0,น.,"ชื่อท้าวจาตุมหาราชองค์หนึ่ง ประจำทิศอุดร, ท้าวเวสวัณ หรือ ท้าวเวสสุวัณ ก็เรียก."
กุศราช 0,น.,ผ้าโบราณชนิดหนึ่ง มีดอกคล้ายผ้าลาย เนื้อหยาบหนา เช่น คลี่ผ้ากุศราชออกคาดพุง (สังข์ทอง).
กุศล 0,น.,"สิ่งที่ดีที่ชอบ, บุญ."
กุศล 1,ว.,ฉลาด.
กุศลกรรมบถ 0,น.,ธรรมหมวดหนึ่ง มี ๑๐ อย่าง คือ กายสุจริต ๓ วจีสุจริต ๔ มโนสุจริต ๓.
กุศโลบาย 0,น.,อุบายอันแยบคาย.
กุสล 0,น.,กุศล.
กุสุม 0,น.,ดอกไม้.
กุสุม- 0,น.,ดอกไม้.
กุสุมภ์ 0,น.,ดอกคำ.
กุสุมวิจิตร 0,น.,ชื่อฉันท์วรรณพฤติแบบหนึ่ง กำหนดด้วย ๔ คณะ คือ น คณะ ย คณะ น คณะ ย คณะ บาทละ ๑๒ คำ หรือ ๑๒ พยางค์ (ตามแบบว่า นยสหิตานฺยา กุสุมวิจิตฺตา) ตัวอย่างว่า จะรจิตรอรรถา ปิสุณวจีขวน พิปริตญาณยล บรชนทำลาย (ชุมนุมตำรากลอน).
กุสุมา 0,น.,ดอกไม้.
กุสุมาลย์ 0,น.,ดอกไม้.
กุสุมิตลดาเวลลิตา 0,น.,ชื่อฉันท์วรรณพฤติแบบหนึ่ง กำหนดด้วย ๖ คณะ คือ ม คณะ ต คณะ น คณะ ย คณะ ย คณะ ย คณะ บาทละ ๑๘ คำ หรือ ๑๘ พยางค์ (ตามแบบว่า โม โต โน โย ยา กุสุมิตลตาเวลฺลิตากฺขุตฺวสีหิ) ตัวอย่างว่า มนตรีมาตย์ผู้ฉลาดมละ ทุจริตธรรม์ พึงผดุงสรร- พสิ่งสวัสดิ์ (ชุมนุมตำรากลอน).
กุหนี 0,น.,"กระสอบป่าน, งู่หนี ก็ว่า."
กุหนุง 0,น.,เขาสูง.
กุหร่า 0,น.,สีเทาเจือแดง บางทีกระเดียดเหลืองเล็กน้อย เป็นสีชนิดสักหลาด.
กุหล่า 0,น.,"ชนชาติต้องสู้และไทใหญ่, กุลา หรือ คุลา ก็ว่า."
กุหลาบ 0,น.,ชื่อไม้พุ่มในสกุล Rosa วงศ์ Rosaceae ต้นตรงหรือทอดเลื้อย ลำต้นและกิ่งมีหนาม ขอบใบจัก ดอกสีต่าง ๆ กลิ่นหอม มีมากชนิดและมากพันธุ์ เรียกชื่อต่าง ๆ กัน ดอกของกุหลาบบางชนิด เช่น กุหลาบมอญหรือยี่สุ่น ( R. damascena Mill.) ใช้กลั่นนํ้าหอม.
กุหลาบ 1,น.,ชื่อไม้พุ่มหรือไม้ต้นขนาดเล็กในสกุล Rhododendron วงศ์ Ericaceae ขึ้นตามป่าเขาในระดับสูง เช่น กุหลาบแดง ( R. simsii Planch.) กุหลาบขาว ( R. ludwigianum Hoss.).
กุแหละ 0,น.,ชื่อเรือขุดชนิดหนึ่ง เสริมข้างกระดาน รูปร่างเพรียว หัวและท้ายเรือแหลมสูง มี ๒ แจว ใช้ตามชายฝั่งทะเลหรือแถบปากนํ้า สำหรับบรรทุกหอย ปู ปลา เป็นต้น.
กู 0,ส.,"คำใช้แทนตัวผู้พูด ในปัจจุบันมักถือกันว่าไม่สุภาพ, เป็นสรรพนามบุรุษที่ ๑."
กู่ 0,น.,วิหาร เช่น ในกู่แก้วเกษมมฤคทายพนน้นน (ม. คำหลวง ทศพร)
กู่ 1,น.,"อนุสาวรีย์, กุฏิ, เจดีย์."
กู้ 0,ก.,ทำให้กลับคืนดีอย่างเดิม เช่น กู้เรือ กู้ชาติ กู้ชื่อ
กู้ 1,ก.,เก็บเข้าที่ เช่น กู้ข้าว กู้ผ้า
กู้ 2,ก.,เอาเครื่องจับปลาขึ้นจากนํ้า เช่น กู้ไซ กู้ลอบ.
กู่ 2,ก.,ส่งเสียงเป็นสัญญาณให้รู้ว่าอยู่ที่ไหน โดยปรกติเปล่งเสียง วู้.
กู้ 3,ก.,ยืมเงินโดยให้ดอกเบี้ย.
กู๊ก 0,น.,นกกุ๊ก.
กู่เจิง 0,น.,"เครื่องดนตรีจีนชนิดหนึ่ง มีสายสำหรับดีด คล้ายจะเข้, กู่เจิง หรือ โกวเจ็ง ก็เรียก."
กูฏ 0,น.,ยอด.
กูฏา 0,น.,ยอด.
กูฏาคาร 0,น.,เรือนยอด.
กูณฑ์ 0,น.,"ไฟ, หลุมไฟ, หม้อไฟ."
กูด 0,น.,ชื่อเฟินหลายชนิดหลายสกุลและหลายวงศ์ ชนิดที่กินได้ เช่น กูดขาวหรือผักกูด ( Diplazium esculentum Sw.) กูดกิน [ Pteridium aquilinum (L.) Kuhn var. yarrabense Domin] กูดแดง ( Stenochlaena palustris Bedd.)
กูด 1,น.,ทางเหนือและอีสาน เรียกเฟินว่า กูด.
กูด 2,ว.,หงิก เช่น ผักกูด คือ ผักยอดใบหงิก.
กูน 0,น.,ลูก.
กูบ 0,น.,"ประทุนหลังช้าง, ประทุนรถเช่นรถม้าที่มีรูปโค้ง, ลักษณนามว่า หลัง."
กูปรี 0,น.,"ชื่อวัวป่าขนาดใหญ่ชนิด Bos sauveli Urbain ในวงศ์ Bovidae เมื่อโตเต็มที่ตัวผู้สีดำ มีเขาขนาดใหญ่ ส่วนปลายบิดชี้ขึ้นข้างบน ใช้เขาขุดดินและแทงต้นไม้ทำให้ปลายแตกเป็นเส้น ๆ ร่นลงไปมองเห็นเป็นพู่ ตัวเมียสีน้ำตาลอมเทาหรือน้ำตาลเข้ม เขาเล็กกว่า ปลายไม่แตกเป็นพู่ มีถิ่นอาศัยอยู่บริเวณอีสานใต้ตามชายแดนไทย-กัมพูชา ลาว เวียดนาม เป็นสัตว์ป่าสงวนของไทยที่ใกล้จะสูญพันธุ์, โคไพร ก็เรียก."
กู้ภัย 0,ก.,ช่วยให้รอดปลอดภัย.
กู่ไม่กลับ 0,ก.,"ไม่ฟังคำทัดทาน, ห้ามไม่อยู่."
กู้ยืม 0,ก.,ยืมเงินโดยให้ดอกเบี้ย.
กูรม- 0,น.,เต่า.
กูรมะ 0,น.,เต่า.
กูรมาวตาร 0,น.,อวตารเป็นเต่า เป็นอวตารปางที่ ๒ ของพระนารายณ์.
กูรมาวตาร 1,น.,เต่า.
กูรำ 0,น.,"ชื่อสัตว์เลี้ยงลูกด้วยนมชนิด Capricornis sumatraensis (Bechstein) ในวงศ์ Bovidae เป็นสัตว์เคี้ยวเอื้อง รูปร่างคล้ายแพะ ขนสีดำ บางตัวมีสีขาวแซม มีต่อมนํ้ามันตรงส่วนหน้าของตาทั้ง ๒ ข้าง มีเขาทั้งตัวผู้และตัวเมีย ขายาวและแข็งแรง อาศัยอยู่ตามภูเขาหรือหน้าผาสูง ๆ เป็นสัตว์ป่าสงวนของไทย, กูรำ โครำ เยือง หรือ เยียงผา ก็เรียก."
กู้หน้า 0,ก.,ช่วยทำให้ชื่อเสียงคงดีอยู่.
เก 0,ว.,"ไม่ตรงตามแนว, ไม่เป็นระเบียบ, (ใช้แก่ของที่เป็นซี่เป็นลำ) เช่น ฟันเก ขาเก"
เก 1,ว.,ไม่ยอมปฏิบัติตามระเบียบ
เก 2,ว.,"เกะกะ, เกเร"
เก 3,ว.,ท้าพนันด้วยการเสนอเงินเดิมพันสูงขึ้นเรื่อย ๆ.
เก่ 0,ว.,เข้าที เช่น ว่าไม่เป็นเก่ คือ ว่าไม่เข้าที.
เก๊ 0,ว.,"ปลอมหรือเลียนแบบเพื่อให้หลงผิดว่าเป็นของแท้, ไม่ใช่ของแท้, ไม่ใช่ของจริง, โดยปริยายหมายความว่า ไม่มีราคา, ใช้การไม่ได้."
เก๋ 0,ว.,งามเข้าที.
เก้ ๆ กัง ๆ 0,ว.,"ขวาง ๆ รี ๆ, กีดเกะกะ, (ใช้แก่กริยายืนและเดิน)."
เกก 0,ว.,"เก, เกไป, เรียกเขาวัวเขาควายเป็นต้นที่เฉออกไม่เข้ารูปกัน ว่า เขาเกก, เรียกงาช้างที่ปลายเฉออกไป ว่า งาเกก เช่น งาเกกข้างหนึ่งเข้า โดยหลัง (ตำราช้างคำโคลง), เรียกเสาเขื่อนที่เฉออก ว่า เขื่อนเกก."
เก๊ก 0,ก.,วางท่า
เก๊ก 1,ก.,ขับไล่.
เกกมะเหรก 0,ว.,เกเร.
เก๊กหน้า 0,ก.,ตีหน้าขรึมหรือทำหน้าตายเป็นต้น.
เก๊กฮวย 0,น.,"ชื่อไม้ล้มลุก ๒ ชนิดในสกุล Chrysanthemum วงศ์ Compositae ได้แก่ ชนิด C. indicum L. ดอกเล็ก สีเหลือง กลิ่นหอม, เบญจมาศสวน ก็เรียก, และชนิด C. morifolium Ramat. พันธุ์ดอกเล็ก สีขาว กลิ่นหอม, เบญจมาศหนู ก็เรียก, ทั้ง ๒ ชนิดใช้ดอกตากแห้งชงหรือต้มกับนํ้าตาล ใช้ดื่มแก้กระหาย."
เก้กัง 0,ว.,"ขวาง ๆ รี ๆ, กีดเกะกะ, (ใช้แก่กริยายืนและเดิน)."
เก่ง 0,ว.,"สามารถในทางใดทางหนึ่ง เช่น เก่งคำนวณ เรียนเก่ง, เป็นเช่นนั้นบ่อย ๆ, มักเป็นเช่นนั้น, เช่น เป็นหวัดเก่ง หลับเก่ง ลืมเก่ง."
เก้ง 0,น.,ชื่อกวางในสกุล Muntiacusวงศ์ Cervidae เป็นกวางขนาดเล็ก ขนสีนํ้าตาลอมเหลืองจนถึงนํ้าตาลเข้ม หน้าผากเป็นสันเห็นได้ชัดเจน ตัวผู้มีเขาและเขี้ยว ในประเทศไทยมี ๒ ชนิด คือ อีเก้งหรือฟาน [ M. muntjak (Zimmermann)] และเก้งหม้อ เก้งดำ ฟานดำ หรือกวางจุก [ M. Feae (Tomas & Doria)] ตัวโตกว่าชนิดแรก ขนสีนํ้าตาลแก่เกือบดำ หัวมีขนลักษณะคล้ายจุกสีเหลืองแซมดำ.
เก๋ง 0,น.,เรือนตึกมีรูปหลังคาแบบศาลเจ้าจีน
เก๋ง 1,น.,"เครื่องบังมีฝาและหลังคาแบนสำหรับเรือและรถ, เรียกเรือหรือรถที่มีลักษณะเช่นนั้น ว่า เรือเก๋ง รถเก๋ง."
เก็ง 0,ก.,"กะ, คาดหมายไว้อย่างมั่นใจ, เช่น เก็งหมัด เก็งข้อสอบ."
เก้งก้าง 0,ว.,มีลักษณะหรือกิริยาท่าทางดูเกะกะไม่เรียบร้อย.
เก่งกาจ 0,ก.,กล้าหาญไม่กลัวอะไร.
เก็งกำไร 0,ก.,หวังหากำไรด้วยการเสี่ยง.
เกงเขง 0,น.,ต้นกระเจี๊ยบเปรี้ยว. (ดู กระเจี๊ยบเปรี้ยว ที่ กระเจี๊ยบ).
เกงเคง 0,น.,ต้นกระเจี๊ยบเปรี้ยว. (ดู กระเจี๊ยบเปรี้ยว ที่ กระเจี๊ยบ).
เก่งแต่ปาก 0,ว.,"ดีแต่พูด ทำไม่ได้, ไม่เก่งจริง."
เก๋งพั้ง 0,น.,เรือสำปั้นขนาดใหญ่มีเก๋งกลางลำ เช่น เรือเก๋งพั้งทั้งสอง สำรองเสร็จ (นิ. ลอนดอน).
เก็จ 0,น.,แก้วประดับ.
เก็จ 1,น.,ส่วนที่ยื่นออกมาจากหรือลึกเข้าไปในฝาผนัง กำแพง ฐาน หรือเชิงกลอน.
เกจิอาจารย์ 0,น.,"“อาจารย์บางพวก”, อาจารย์ที่เชื่อกันว่ามีความรู้ความสามารถในด้านคาถาอาคมและการปลุกเสกเครื่องรางของขลัง."
เกชา 0,น.,ผู้หญิงญี่ปุ่นที่มีศิลปะและวิชาชีพในการปรนนิบัติผู้ชาย.
เกณฑ์ 0,น.,"หลักที่กำหนดไว้ เช่น อายุเข้าเกณฑ์, หลักวินิจฉัย เช่น ถือความรู้เป็นเกณฑ์."
เกณฑ์ 1,ก.,บังคับหรือขอร้องแกมบังคับ เช่น เกณฑ์ประชาชนมาทำถนน.
เกณฑ์ตะพัด 0,น.,เครื่องผูกสำหรับหัดช้างให้เดินฝีเท้าเรียบ.
เกณฑ์ทหาร 0,ก.,เรียกบุคคลมาตรวจเลือกเข้ารับราชการทหารกองประจำการในยามปรกติ.
เกณฑ์เมืองรั้ง 0,น.,ตำแหน่งเก่าในราชการ ซึ่งเป็นตำแหน่งสำรองเจ้าเมือง.
เกณฑ์หัด 0,น.,ทหารลูกหมู่เลกสมที่ให้หัดตามแบบทหารสมัยใหม่.
เก็ด 0,น.,ชื่อไม้ต้นหลายชนิดในสกุล Dalbergia วงศ์ Leguminosae เช่น เก็ดดำ เก็ดแดง เนื้อไม้ใช้ทำเครื่องเรือนได้.
เกด 0,น.,ชื่อไม้ต้นขนาดใหญ่ชนิด Manilkara hexandra (Roxb.) Dubard ในวงศ์ Sapotaceae ผลคล้ายละมุดสีดา สุกแล้วมีรสหวาน กินได้.
เกด 1,น.,"ชื่อปลาน้ำจืดชนิด Platytropius siamensis (Sauvage) ในวงศ์ Schilbeidae ลำตัวเรียวยาว ไม่มีเกล็ด มีหนวดลักษณะแบนบิดและยาวมาก ๔ คู่ อยู่ที่จมูก ขากรรไกรบน ขากรรไกรล่างและคาง, เกด ก็เรียก."
เกด 2,น.,ลูกองุ่นแห้งชนิดหนึ่ง เรียกว่า ลูกเกด.
เกตุ 0,น.,ธง
เกตุ 1,น.,ชื่อดาวพระเคราะห์ดวงที่ ๙ หมายถึงตำแหน่งที่ดวงจันทร์ผ่านจากเหนือระนาบสุริยวิถีลงสู่ใต้ระนาบสุริยวิถี ส่วนตำแหน่งที่ดวงจันทร์ผ่านจากใต้ระนาบสุริยวิถีขึ้นเหนือระนาบสุริย-วิถี เรียกว่า พระราหู.
เกตุ- 0,น.,ธง
เกตุ- 1,น.,ชื่อดาวพระเคราะห์ดวงที่ ๙ หมายถึงตำแหน่งที่ดวงจันทร์ผ่านจากเหนือระนาบสุริยวิถีลงสู่ใต้ระนาบสุริยวิถี ส่วนตำแหน่งที่ดวงจันทร์ผ่านจากใต้ระนาบสุริยวิถีขึ้นเหนือระนาบสุริย-วิถี เรียกว่า พระราหู.
เกตุมาลา 0,น.,พระรัศมีซึ่งเปล่งอยู่เหนือพระเศียรของพระพุทธเจ้า.
เกทับ 0,ก.,"วางเงินพนันเป็นจำนวนมากกว่าคู่แข่งเพื่อแสดงว่าตนมีไพ่เหนือกว่า เช่น เขาวางเงินพนัน ๑,๐๐๐ บาท เราเกทับ ๒,๐๐๐ บาทเลย"
เกทับ 1,ก.,"ทำสิ่งใดสิ่งหนึ่งเหนือกว่าคู่แข่งขันเพื่อแสดงว่าตนมีสิ่งที่ดีกว่า เช่น พอมีคนวางเงินประมูลสร้อยเพชร ๑๐๐,๐๐๐ บาท เขาก็เกทับเป็น ๒๐๐,๐๐๐ บาท จนอีกฝ่ายยอมถอย."
เก่น 0,ก.,"เข่น, หนัก, แรง, เร่ง, เช่น ตาแกก็มุมุ่นมุ่งเขม้น ถ่อกายเก่นตะเกียกเดิน (ม. ร่ายยาว กุมาร)."
เกน 0,น.,นาง.
เกน 1,น.,เกณฑ์.
เกน ๆ 0,ว.,"อาการที่ตะโกนหรือร้องดัง ๆ ใช้ว่า ตะโกนเกน ๆ ร้องเกน ๆ, เช่น มนนก็จรจรัลไปมาในป่า ก็ได้ยินซ่าศับท์ สำนยงพราหมณ์ไห้ ในต้นไม้เกนเกนอยู่น้นน (ม. คำหลวง ชูชก)."
เก็บ 0,ก.,"เอาไปหรือเอามาจากที่ เช่น เก็บผ้า เก็บผลไม้, เอาเข้าที่ เช่น เอาหนังสือไปเก็บ เอารถไปเก็บ, เอาสิ่งของที่ตกหล่นอยู่ขึ้นมา เช่น เก็บของตก, รวบรวมไว้ เช่น เก็บคะแนน, เรียกเอา เช่น เก็บค่าเช่า เก็บค่านํ้า, รักษาไว้ เช่น ห้องเก็บของ."
เก็บ 1,ว.,"ถ้าประกอบหลังคำนามหมายความว่า ที่เก็บไว้ เช่น ของเก็บ = ของที่เก็บไว้, เงินเก็บ = เงินที่ออมเก็บไว้, เมียเก็บ = เมียที่เก็บไว้ไม่ออกหน้าออกตา, หมากเก็บ = สิ่งที่เป็นเม็ดเป็นก้อนแข็ง เด็กใช้โยนเก็บขึ้นไว้ในมือ เป็นการเล่นชนิดหนึ่งของเด็ก."
เก็บ 2,น.,"วิธีบรรเลงเครื่องดนตรีดำเนินทำนองทั่วไปที่เพิ่มเติมเสียงสอดแทรกให้มีพยางค์ถี่ขึ้นมากกว่าทำนองเนื้อเพลงธรรมดา, ทำนองเก็บ หรือ ลูกเก็บ ก็เรียก."
เก็บกวาด 0,ก.,เก็บข้าวของให้เข้าที่และกวาดทำความสะอาด.
เก็บกิน 0,ก.,เก็บผลประโยชน์เอาไว้ใช้สอยยังชีพ เช่น มีห้องแถวอยู่ ๒ ห้องได้อาศัยเก็บกินค่าเช่า.
เก็บเกี่ยว 0,ก.,เก็บรวบรวมพืชผลจากที่ได้หว่านหรือลงไว้.
เก็บข้าว 0,ก.,"เอาข้าวมาจากลูกหนี้แทนเงินที่ยืมไปใช้ก่อน, ใช้คู่กับคำ ตกข้าว."
เก็บข้าวตก 0,ก.,เก็บรวงข้าวที่เก็บเกี่ยวตกหล่นในท้องนา.
เก็บความ 0,ก.,เลือกเอาแต่ข้อความที่สำคัญ.
เก็บงาน 0,ก.,ทำงานตอนสุดท้ายเพื่อเก็บรายละเอียดให้เรียบร้อยสมบูรณ์ เช่น งานนี้ใกล้จะเสร็จแล้วอยู่ในระหว่างเก็บงาน.
เก็บงำ 0,ก.,"รักษาไว้ให้มิดชิด, รักษาไว้ให้ดี."
เก็บดอกไม้ 0,ก.,ปัสสาวะตามพุ่มไม้ข้างทาง (ใช้แก่ผู้หญิง).
เก็บดอกไม้ร่วมต้น 0,ก.,"เคยทำบุญกุศลร่วมกันมาแต่ชาติก่อน จึงมาอยู่ร่วมกันในชาตินี้, เด็ดดอกไม้ร่วมต้น ก็ว่า."
เก็บตก 0,ก.,เก็บของที่ผู้อื่นทำตกไว้
เก็บตก 1,ก.,เก็บเรื่องเล็ก ๆ น้อย ๆ หรือเรื่องเบื้องหลังจากงานหรือกิจกรรมต่าง ๆ เช่น ข่าวนี้เก็บตกมาจากพิธีเปิดฟุตบอลโลกที่เยอรมนี เรื่องนี้ฉันเก็บตกมาจากที่ประชุม.
เก็บตัว 0,ก.,กักตัวไว้.
เก็บตัว 1,ก.,"สงวนตัวไม่ไปงานสังคม, ไม่ออกสังคม, ไม่คบหาสมาคมกับใคร."
เก็บเนื้อเก็บตัว 0,ก.,"สงวนตัวไม่ไปงานสังคม, ไม่ออกสังคม, ไม่คบหาสมาคมกับใคร."
เก็บเบี้ยใต้ถุนร้าน 0,ก.,"เก็บเล็กผสมน้อย, ทำอะไรที่ประกอบด้วยส่วนเล็กส่วนน้อย โน่นบ้างนี่บ้าง จนสำเร็จเป็นรูปเป็นร่างขึ้นมา."
เก็บผม 0,ก.,เอาตะไกรเล็มผมให้เสมอกัน.
เก็บไร 0,ก.,ถอนผมที่ไรออกเพื่อรักษาไรผมให้งาม.
เก็บเล็กผสมน้อย 0,ก.,เก็บไว้ทีละเล็กละน้อย.
เก็บเล่ม 0,ก.,รวบรวมหนังสือหรือแผ่นภาพที่พิมพ์ไว้แล้ว เรียงตามลำดับเลขหน้าเข้าเป็นเล่ม (ใช้แก่การพิมพ์).
เก็บเล็ม 0,ก.,ค่อย ๆ เก็บทีละน้อย.
เก็บสี 0,ก.,รักษาสีไม่ให้จางตกไป.
เก็บหน้าผ้า 0,ก.,ทอกันหน้าผ้าไม่ให้เส้นด้ายหลุดออกมา.
เก็บหอมรอมริบ 0,ก.,เก็บรวบรวมไว้ทีละเล็กละน้อย.
เก็บอาการ 0,ก.,ไม่แสดงออก เช่น ไม่ว่าจะโกรธขนาดไหน เธอเก็บอาการได้ดี.
เกม 0,น.,"การแข่งขันที่มีกติกากำหนด เช่น เกมกีฬา, การเล่นเพื่อความสนุก เช่น เกมคอมพิวเตอร์, การแสดงเพื่อสาธิตกิจกรรม เช่น เกมการบริหาร, โดยปริยายหมายถึงการแสดงที่ใช้กลวิธีหรือเล่ห์เหลี่ยมเพื่อหักล้างกัน เช่น เกมการเมือง, ลักษณนามเรียกการแข่งขันหรือการเล่นที่จบลงด้วยการแพ้ชนะกันครั้งหนึ่ง ๆ เช่น เล่นแบดมินตัน ๓ เกม."
เกม 1,ก.,"สิ้นสุด, จบ, เช่น เรื่องนี้เกมไปนานแล้ว."
เกมโชว์ 0,น.,รายการโทรทัศน์ประเภทจัดการแข่งขันที่เป็นการแข่งขันเพื่อความสนุกสนานเช่นแข่งตอบปัญหา แข่งทายชื่อนักร้อง มีรางวัลเป็นเงินหรือสิ่งของให้ผู้ชนะการแข่งขัน.
เกย 0,น.,เรียกคำหรือพยางค์ที่มีตัว ย สะกด ว่า มาตราเกยหรือแม่เกย.
เกย 1,น.,เกยขนาดเล็กเคลื่อนย้ายไปได้ สำหรับเจ้านายใช้เป็นที่เสด็จขึ้นหรือลงพาหนะ
เกย 2,น.,นอกชานหรือพื้นซึ่งสูงขึ้นที่เรียกว่า เนินปราสาท หรือ โคกปราสาท เพราะการก่อสร้างนิยมสร้างบนพื้นที่ถมสูง มีสภาพเป็นนอกชาน เรียกว่า เกย เกยชาลา หรือ ไพที ก็มี.
เกย 3,ก.,"แล่นหรือเสือกขึ้นไปค้างอยู่พาดอยู่, ถูกซัดหรือลากขึ้นไปติดอยู่ค้างอยู่ เช่น เรือเกยฝั่ง, พาดทับเฉพาะชายหรือริม เช่น ปูเสื่อเกยกัน."
เกยลา 0,น.,เกยน้อยที่ยกไปได้ ใช้เป็นที่เสด็จขึ้นลงแห่งเจ้านายรองจากพระเจ้าแผ่นดินลงมา
เกยลา 1,น.,นอกชาน.
เกยแห้ง 0,ก.,ขึ้นไปค้างอยู่บนบก.
เกยูร 0,น.,"สร้อยอ่อน, สายสร้อย, ทองต้นแขน, กำไล."
เกร่ 0,ก.,เดินไปมาในบริเวณไม่ไกลนัก เช่น วัน ๆ ไปเกร่หน้าโรงหนัง
เกร่ 1,ก.,ขออนุญาตเร่หรือหันเหทิศทางไปจากจุดเดิมโดยให้มีระยะทางเท่าเดิมหรือไกลกว่าเพื่อให้สะดวกในการเล่นบางอย่าง เช่น หยอดหลุม ทอยกอง ร่อนรูป
เกร่ 2,ก.,เตร่ ก็ว่า.
เกรง 0,ว.,"นึกกลัวไปเอง, นึกวิตกไปเอง, เช่น เกรงว่าเขาจะเดือดร้อน."
เกร็ง 0,ก.,ทำกล้ามเนื้อให้แข็ง เช่น เกร็งข้อ เกร็งแขน.
เกร็ง 1,ว.,อาการที่กล้ามเนื้อเป็นต้นแข็งอย่างงอไม่ได้ เช่น มือเกร็ง เท้าเกร็ง.
เกรงกลัว 0,ก.,กลัว.
เกรงขาม 0,ก.,"คร้าม, เกรง."
เกรงใจ 0,ก.,ไม่อยากจะให้ผู้อื่นรู้สึกลำบากเดือดร้อนรำคาญใจ.
เกรงอกเกรงใจ 0,ก.,ไม่อยากจะให้ผู้อื่นรู้สึกลำบากเดือดร้อนรำคาญใจ.
เกร็ด 0,น.,"ลำนํ้าเล็กที่เป็นทางลัดเชื่อมลำนํ้าใหญ่สายเดียวกันทั้ง ๒ ข้าง, ใช้เป็น เตร็ด ก็มี."
เกร็ด 1,น.,"ส่วนย่อยหรือส่วนเบ็ดเตล็ด ซึ่งเป็นเรื่องสนุกหรือน่าสนใจที่เล่าหรือเขียนถึงเหตุการณ์สั้น ๆ ตอนใดตอนหนึ่งในชีวประวัติบุคคลสำคัญ ซึ่งเชื่อกันว่าเป็นเรื่องจริง เช่น เกร็ดพงศาวดาร, เรื่องที่เขียนเล่าถึงบรรยากาศที่น่าสนใจหรือสนุกขบขันในที่ประชุมก่อนที่จะมีผลสรุปออกมา."
เกรน 0,น.,มาตราชั่งอย่างหนึ่งของอังกฤษ ๑ เกรน เท่ากับ ๖๔.๗๙๙ มิลลิกรัม.
เกร่อ 0,ว.,ลักษณะบางอย่างที่เกี่ยวกับเรื่องกินเรื่องใช้เป็นต้นที่คนโดยมากมักทำกัน เช่น กินกันเกร่อ เที่ยวกันเกร่อ ใช้กันเกร่อ.
เกรอะ 0,ก.,แยกเอาแต่ส่วนที่เป็นนํ้าใสหรือส่วนละเอียดที่นอนก้นอยู่ด้วยเครื่องกรองมีผ้าหนาหรือกระดาษฟางเป็นต้น เช่น เกรอะนํ้าปลา เกรอะแป้ง.
เกรอะ 1,ว.,"เป็นตะกอนทับถมอย่างของที่นอนก้นซับซ้อนอยู่ เช่น ตะกอนเกรอะ, เขรอะ หรือ เขลอะ ก็ว่า."
เกรอะกรัง 0,ว.,หมักหมมแห้งติดอยู่.
เกราะ 0,น.,เครื่องสวมใส่หรือเครื่องหุ้มสำหรับป้องกันอาวุธหรืออันตราย เช่น เสื้อเกราะ รถเกราะ.
เกราะ 1,น.,เครื่องสัญญาณทำด้วยไม้ ใช้ตีหรือสั่นให้ดัง.
เกราะ 2,ว.,แห้งจนกรอบในลักษณะอย่างหญ้าแห้งหวายแห้งเป็นต้น เช่น ฟางแห้งเกราะ มะขามเกราะ.
เกราะ 3,ก.,"พูดเลียบเคียง เช่น อย่าคำเพราะเกราะกล่าวเจรจา (รามเกียรติ์ ร. ๑), เขียนเป็น เกลาะ ก็มี เช่น ใช่จะแกล้งกล่าวเกลาะให้เพราะพริ้ง (อิเหนา)."
เกริก 0,ว.,"กึกก้อง, ดังสนั่น, เลื่องลือ, ยิ่ง."
เกริน 0,น.,ส่วนที่ต่อขึ้นไปที่หัวหรือท้ายราชรถ หรือขนาบอยู่ ๒ ข้างบุษบก มีลักษณะคล้ายโขนเรือที่งอนอ่อน.
เกริ่น 0,ก.,"บอกข่าวให้รู้ล่วงหน้า เช่น เกริ่นข่าว, อาการที่ฝ่ายชายร้องนำในเพลงพื้นเมือง เช่น เพลงฉ่อย เพลงเกี่ยวข้าว เพื่อเชื้อเชิญฝ่ายหญิงให้ร้องตอบ"
เกริ่น 1,ก.,"ร้องหา, เรียกหา, เช่น นกเขาขันเกริ่น ผีกู่เกริ่น."
เกริ่น 2,น.,"เครื่องมือจับสัตว์นํ้าชนิดหนึ่ง ทำด้วยไม้ไผ่ผ่าเป็นซีก ๆ ผูกด้วยหวายให้ติดกันเป็นแผง, ปัจจุบันเรียกว่า เฝือก."
เกรินบันไดนาค 0,น.,เกรินซึ่งเป็นแท่นเลื่อนบนรางลาดประดับรูปนาค ใช้ในการเชิญพระบรมโกศโดยกว้านขึ้นหรือผ่อนลง.
เกรินบุษบก 0,น.,เกรินที่ต่อออกไปทางด้านข้างฐานบุษบกมาลาทั้ง ๒ ข้าง เพื่อส่งรูปฐานบุษบกให้งอนแอ่นขึ้นคล้ายหัวและหางเรือ.
เกรินราชรถ 0,น.,เกรินที่ส่วนหัวและท้ายราชรถ.
เกรียก 0,ก.,เอามีดสับ ผ่า หรือจักชิ้นไม้ให้ฉีกออกไปตามเนื้อไม้ เพื่อให้เป็นซีกเป็นเสี้ยวน้อย ๆ เช่น เกรียกไม้ทำเชื้อไฟ.
เกรียก 1,น.,ระยะยาวชั่วนิ้วหัวแม่มือกับนิ้วชี้กางออก เช่น ยาวแค่เกรียก.
เกรียง 0,น.,เครื่องมือสำหรับใช้ในการถือปูน ทำด้วยไม้หรือเหล็กเป็นรูปแบน ๆ.
เกรียง 1,ว.,"ใหญ่, ยิ่ง, มาก, เช่น มีศัพท์สำเนียงเกรียงระงม (ม. คำหลวง กุมาร)."
เกรียงไกร 0,ว.,ใหญ่ยิ่ง.
เกรียด 0,ว.,เสียงเขียดร้อง เช่น เสียงกรอดเกรียดเขียดกบเข้าขบเคี้ยว (นิ. เพชร).
เกรียน 0,ว.,สั้นเกือบติดหนังหัว ผิวหนัง หรือพื้นที่ เช่น ผมเกรียน หมาขนเกรียน หญ้าเกรียน.
เกรียน 1,ว.,"ชื่อไม้ต้นขนาดใหญ่ชนิด Melia azedarach L. ในวงศ์ Meliaceae ขึ้นตามป่าเบญจพรรณชื้น ดอกสีขาวหรือม่วงอ่อน เนื้อไม้ใช้ในการก่อสร้าง, เกรียน ก็เรียก."
เกรียน 2,น.,แป้งซึ่งนวดด้วยนํ้าร้อนแล้วไม่น่ายเป็นเม็ดปนอยู่ เม็ดนั้นเรียกว่า เกรียน
เกรียน 3,น.,เรียกปลายข้าวขนาดเล็ก ว่า ข้าวปลายเกรียน.
เกรียบ 0,น.,ตะกั่วที่ประสมโลหะบางอย่างเพื่อให้แข็ง เรียกว่า ตะกั่วเกรียบ
เกรียบ 1,น.,เรียกของกินทำด้วยข้าวเป็นแผ่น ๆ มีหลายอย่าง เช่น ข้าวเกรียบว่าว ข้าวเกรียบงา ข้าวเกรียบอ่อน.
เกรียบกรอบ 0,ว.,"มีเสียงดังอย่างเสียงเหยียบถูกของแห้งหรือกรอบ, กรอบเกรียบ ก็ว่า."
เกรียม 0,ว.,"เกือบไหม้, ลักษณะอาการของสิ่งบางอย่างที่ถูกความร้อนมีไฟเป็นต้นเผาจนเปลี่ยนสีเป็นสีนํ้าตาลเป็นต้น เช่น ทอดปลาจนเกรียม ถูกแดดเผาจนหน้าเกรียม, โดยปริยายหมายถึงลักษณะที่คล้ายคลึงเช่นนั้น เช่น เป็นทุกข์จนหน้าเกรียม."
เกรียมกรม 0,ก.,"ระทมใจจนหม่นไหม้ เช่น จักขานความที่เกรียมกรม (กฤษณา), ใช้เป็น กรมเกรียม ตรมเตรียม หรือ เตรียมตรม ก็ได้."
เกรียว 0,ว.,"ลักษณะที่ต่อเนื่องกันมาก ๆ เป็นแถว ๆ เช่น มากันเกรียว, ลักษณะอาการที่เป็นอย่างเดียวพร้อม ๆ กัน เช่น ขนลุกเกรียว, เสียงเอ็ดอึงพร้อมกันหลาย ๆ เสียง เช่น หมาเห่าเกรียว เล่นกันเกรียว."
เกรี้ยว 0,ว.,อาการที่แสดงความเดือดดาลหรือโกรธมาก เช่น อนิจจามาร้องอยู่เกรี้ยว ๆ (มโนห์รา).
เกรี้ยว ๆ 0,ว.,อาการที่แสดงความเดือดดาลหรือโกรธมาก เช่น อนิจจามาร้องอยู่เกรี้ยว ๆ (มโนห์รา).
เกรี้ยวกราด 0,ก.,"แสดงกิริยาท่าทางพร้อมทั้งดุด่าว่ากล่าวเป็นต้นอย่างรุนแรงด้วยความโกรธ, กราดเกรี้ยว ก็ใช้."
เกรียวกราว 0,ว.,"เสียงเอ็ดอึงพร้อมกันหลาย ๆ เสียง, โดยปริยายหมายความว่า ที่รู้และพูดกันทั่วไป เช่น เป็นข่าวเกรียวกราว."
เกรี้ยวโกรธ 0,ก.,"โกรธจัด, โกรธเกรี้ยว ก็ว่า."
เกเร 0,ว.,"เกกมะเหรก, มีนิสัยเป็นพาล ชอบแกล้งชอบรังแกและเอาเปรียบเขา, มักใช้เข้าคู่กับคำ พาล เป็น พาลเกเร."
เกเรเกตุง 0,ว.,"ไม่เอางานเอาการ, ไม่เอาเรื่องเอาราว."
เกเรเกเส 0,ว.,ไม่ตรงไปตรงมา.
เกล็ด 0,น.,"ส่วนที่เป็นแผ่น ๆ ซ้อนเหลื่อมกันห่อหุ้มตัวปลาและสัตว์เลื้อยคลานบางชนิด, สิ่งที่แข็งตัวเป็นแผ่นบาง ๆ คล้ายเกล็ดปลา เช่น เกล็ดพิมเสน นํ้าตาลขึ้นเกล็ด, โดยปริยายหมายความถึงสิ่งที่มีลักษณะคล้ายคลึงเช่นนั้น เช่น บานเกล็ด ฝาเกล็ด เกล็ดเสื้อ."
เกล็ด 1,ก.,"ขบให้เมล็ดแตกเพื่อกินเนื้อใน (ใช้แก่สิ่งที่เป็นเม็ดเล็ก ๆ) เช่น เกล็ดเมล็ดแตงโม นกเกล็ดข้าว, โดยปริยายหมายความว่าตัดเอาแต่ที่ดี ๆ เช่น เกล็ดไพ่."
เกล็ดกระดี่ 0,ว.,เรียกอาการโรคที่เกิดขึ้นที่ตาเด็ก ว่า ตาเกล็ดกระดี่.
เกล็ดข้าวเม่า 0,น.,"ชื่อปลาทะเลและปลานํ้าจืดหลายชนิด ในสกุล Ambassis วงศ์ Ambassidae หรือมีผู้รวมไว้กับวงศ์ Centropomidae เป็นปลาขนาดเล็ก ยาวได้ถึง ๑๕ เซนติเมตร ลำตัวแบนข้าง ค่อนข้างใส ก้านครีบแข็ง แหลม และมักชี้กางทำให้ทิ่มตำเมื่อจับต้อง ยังพบมีผู้เรียกปลาทะเลชนิด Ephippus orbis Bloch ในวงศ์ Ephippidae และปลานํ้าจืดในสกุล Chela วงศ์ Cyprinidae ว่า ปลาข้าวเม่า ด้วย, สำหรับปลาในวงศ์ Ambassidae เกล็ดข้าวเม่า หรือ แป้น ก็เรียก."
เกล็ดถี่ 0,น.,"ชื่อปลาน้ำจืดขนาดเล็กถึงขนาดกลางชนิด Thynnichthys thynnoides (Bleeker) ในวงศ์ Cyprinidae ปากเล็กอยู่ปลายสุดของหัว ไม่มีหนวด ลำตัวเพรียว แบนข้างเล็กน้อย เกล็ดเล็กมาก พื้นลำตัวสีเงินเป็นประกาย พบทั่วไป แต่มีชุกชุมในเขตภาคกลางของประเทศไทย ยาวได้ถึง ๒๕ เซนติเมตร, นางเกล็ด พรม หรือ ลิง ก็เรียก."
เกล็ดนาค 0,น.,ชื่อลายมีรูปเป็นครึ่งวงกลมซ้อนกันคล้ายเกล็ดปลา.
เกล็ดปลากระโห้ 0,น.,ชื่อขนมทำด้วยแป้งมี่และแป้งข้าวเจ้า นวดกับกะทิ เกลือ และน้ำตาล ปั้นแล้วกดใส่พิมพ์คล้ายพิมพ์ทองม้วน ผิงไฟให้สุก.
เกล็ดปลาช่อน 0,น.,"ชื่อไม้พุ่มชนิด Phyllodium pulchellum (L.) Desv. ในวงศ์ Leguminosae ขึ้นตามป่าเบญจพรรณทั่วไป ช่อดอกยาว ดอกเล็กอยู่ภายในกาบรูปหอยแครงซึ่งประกบเรียงกันไปตามแนวก้านช่อดอก, ลิ่นต้น ก็เรียก."
เกล็ดเลือด 0,น.,เม็ดเลือดขนาดเล็ก เล็กกว่าเม็ดเลือดแดงและเม็ดเลือดขาวมาก ทำหน้าที่เกี่ยวกับการแข็งตัวของเลือด.
เกล็ดหอย 0,น.,เทียนเกล็ดหอย. (ดู เทียนเกล็ดหอย ที่ เทียน ๓).
เกล็ดหอย 1,น.,ชื่อไม้ล้มลุกชนิด Hydrocotyle sibthorpioidesLam. ในวงศ์ Umbelliferae ใบกลม ๆ คล้ายเกล็ดหอย.
เกลศ 0,น.,กิเลส เช่น ตัดมูลเกลศมาร.
เกลอ 0,น.,เพื่อนสนิท.
เกลา 0,ก.,"ทำสิ่งที่ยังขรุขระอยู่ให้เกลี้ยงหรือได้รูปทรงดีขึ้น เช่น เกลาไม้ไผ่, ทำให้ดีขึ้นหรือเรียบร้อยขึ้น เช่น เกลาสำนวนหนังสือ เกลานิสัย."
เกล้า 0,น.,หัว (ใช้เฉพาะในโวหารแสดงความเคารพอย่างสูง) เช่น มารดาบังเกิดเกล้า.
เกล้า 1,ก.,มุ่นผมให้เรียบร้อย เช่น เกล้าจุก เกล้ามวย.
เกล้ากระผม 0,ส.,"คำใช้แทนตัวผู้พูด เพศชาย พูดกับผู้ใหญ่ด้วยความเคารพมากหรือกับพระสงฆ์ผู้ทรงสมณศักดิ์, พูดสั้น ๆ ว่า เกล้า หรือเขียนย่อว่า เกล้าฯ, เป็นสรรพนามบุรุษที่ ๑."
เกล้ากระหม่อม 0,ส.,"คำใช้แทนตัวผู้พูด เพศชาย กราบทูลพระอนุวงศ์ชั้นพระเจ้าวรวงศ์เธอที่มิได้ทรงกรม พระวรวงศ์เธอที่ทรงกรม และสมเด็จพระสังฆราช, ถ้าผู้พูดเป็นเพศหญิงใช้ว่า เกล้ากระหม่อมฉัน, เขียนย่อว่า เกล้าฯ, เป็นสรรพนามบุรุษที่ ๑."
เกลากลึง 0,ว.,"งามเกลี้ยงเกลา, กลึงเกลา ก็ว่า."
เกลาะ 0,ก.,"พูดเลียบเคียง เช่น ใช่จะแกล้งกล่าวเกลาะให้เพราะพริ้ง (อิเหนา), เขียนเป็น เกราะ ก็มี เช่น อย่าคำเพราะเกราะกล่าวเจรจา (รามเกียรติ์ ร. ๑)."
เกลี่ย 0,ก.,กระจายของออกไปให้เสมอกัน.
เกลี้ย 0,ก.,"ชักชวน, ทำให้ไล่เลี่ยกัน, เช่น เกลี้ยกระมลบันโดย (ตะเลงพ่าย)."
เกลี้ยกล่อม 0,ก.,"ชักชวนจูงใจให้ร่วมพวก, พูดจูงใจให้คล้อยตามหรือปฏิบัติตาม."
เกลี่ยไกล่ 0,ก.,"พูดจาให้ตกลงกัน, พูดจาให้ปรองดองกัน"
เกลี่ยไกล่ 1,ก.,"ทำให้เรียบร้อย, ทำให้มีส่วนเสมอกัน"
เกลี่ยไกล่ 2,ก.,ไกล่เกลี่ย ก็ว่า.
เกลียง 0,น.,หญ้า เช่น เกลียงอ่อนห่อนโคลด ละไว้ (โลกนิติ).
เกลี้ยง 0,ว.,เรียบ ๆ ไม่ขรุขระหรือไม่มีลวดลาย
เกลี้ยง 1,ว.,หมดไม่มีเหลือไม่มีอะไรติดอยู่ เช่น หมดเกลี้ยง กินเสียเกลี้ยง.
เกลี้ยง 2,น.,ส้มเกลี้ยง. (ดู ส้ม ๑).
เกลี้ยงเกลา 0,ว.,หมดจดหรือเรียบร้อย เช่น หน้าตาเกลี้ยงเกลา หนังสือเล่มนี้สำนวนเกลี้ยงเกลา.
เกลียด 0,ก.,"ชัง, รังเกียจมาก, ไม่ชอบจนรู้สึกไม่อยากพบอยากเห็นเป็นต้น, บางทีใช้คู่กับคำ ชัง เป็น เกลียดชัง."
เกลียดเข้ากระดูกดำ 0,ก.,เกลียดมากที่สุด.
เกลียดเข้าไส้ 0,ก.,เกลียดมากที่สุด.
เกลียดตัวกินไข่ 0,ก.,"เกลียดตัวเขา แต่อยากได้ผลประโยชน์จากเขา, มักใช้เข้าคู่กับ เกลียดปลาไหลกินนํ้าแกง เป็น เกลียดตัวกินไข่ เกลียดปลาไหลกินนํ้าแกง."
เกลียดปลาไหลกินน้ำแกง 0,ก.,"เกลียดตัวเขา แต่อยากได้ผลประโยชน์จากเขา, มักใช้เข้าคู่กับ เกลียดตัวกินไข่ เป็น เกลียดตัวกินไข่ เกลียดปลาไหลกินนํ้าแกง."
เกลียว 0,น.,"สิ่งที่มีลักษณะเป็นรอยพันหรือบิดโดยรอยต่อเนื่องอย่างสว่าน หรือตะปูควง หรือเชือกที่ฟั่น เป็นต้น, ลักษณะของเชือกที่ฟั่น."
เกลียว 1,ก.,"กิริยาที่หมุนบิดให้เชือกควบรวมเป็นเส้นเขม็งขึ้น เรียกว่า ตีเกลียว, ถ้าเอาเชือก ๒ เส้นฟั่นควบเป็นเส้นเดียวกัน แล้วเอาเชือกเส้นที่ ๓ ซึ่งเขม็งแล้ว ควบเข้าไประหว่างเชือก ๒ เส้นนั้น โดยคลายเกลียวที่ปลายเชือก ๒ เส้นแรกเล็กน้อย เพื่อให้เชือกเส้นที่ ๓ สอดควบเข้าด้วยกันได้จนตลอด เรียกว่า สับเกลียว หรือ สับเชือก."
เกลียว 2,ว.,"โดยปริยายหมายความว่า ขยันขันแข็ง เช่น หากินตัวเป็นเกลียว, นํ้าหนึ่งใจเดียวกัน เช่น เข้ากันเป็นเกลียว, ในลักษณะนี้ ถ้าไม่เข้าเกลียวกัน คือแตกพวกหรือไม่ถูกกัน หรือมีความเห็นไม่ลงรอยกัน ขัดแย้งกัน เรียกว่า ปีนเกลียว."
เกลียวกลม 0,ก.,กลมเกลียว.
เกลียวข้าง 0,น.,กล้ามเนื้อที่สีข้าง.
เกลียวคอ 0,น.,กล้ามเนื้อที่คอ สำหรับทำให้เอี้ยวคอได้สะดวก.
เกลี่ยวดำ 0,น.,โรคเปลี่ยวดำ.
เกลียวหวาน 0,น.,เกลียวของนอตเป็นต้นที่ชำรุดไม่กินเกลียวกัน.
เกลือ 0,น.,"วัตถุที่มีรสเค็ม ใช้ประกอบอาหารเป็นต้น โดยทั่วไปได้มาจากนํ้าทะเล, เกลือสมุทร ก็เรียก"
เกลือ 1,น.,สารประกอบซึ่งประกอบด้วยโลหะหรือหมู่ธาตุที่เทียบเท่าโลหะกับอนุมูลกรด.
เกลื้อ 0,ก.,"เกลือก, เกลี้ย, กลั้ว, ระคน, เจือ."
เกลือก 0,ก.,"กลิ้งหรือเสือกตัวไปมา เช่น เกลือกตม เกลือกฝุ่น, เอาสิ่งใดสิ่งหนึ่งทำเช่นนั้นเพื่อให้สิ่งอื่นติด เช่น เอาขนมเกลือกงา."
เกลือก 1,ก.,เกรง.
เกลือก 2,สัน.,"หาก, ถ้า, แม้, บางที, เผื่อว่า, มักใช้ว่า เกลือกว่า เช่น แม่อย่าสามานย์ด้วยวาจา มันจะตามถ้อยคำเข้ามาประสมประสาน เกลือกว่าเหยื่อมันสาธารณ์แม่จะอดสู (ม. ร่ายยาว ชูชก)."
เกลือกกลั้ว 0,ก.,"คบหาสมาคม, คลุกคลี, เช่น เกลือกกลั้วกับคนพาล"
เกลือกกลั้ว 1,ก.,"ทำให้มัวหมอง, ทำให้มีมลทิน, เช่น ไม่มีอะไรมาเกลือกกลั้ว."
เกลือกกลิ้ง 0,ก.,"กลิ้งหรือเสือกตัวไปมา เช่น นอนเกลือกกลิ้งอยู่บนที่นอน, เกลือก ก็ว่า"
เกลือกกลิ้ง 1,ก.,"พยายามช่วยตัวเองเท่าที่จะทำได้ เช่น นอนเกลือกกลิ้งไปมาด้วยความทุรนทุราย, กลิ้งเกลือก ก็ว่า."
เกลือกรด 0,น.,เกลือที่เกิดขึ้นโดยธาตุไฮโดรเจนชนิดที่แปรสภาพเป็นไอออนได้ ซึ่งมีอยู่ในโมเลกุลของกรด ถูกโลหะหรือหมู่ธาตุที่เทียบเท่าโลหะเข้ามาแทนที่ไม่หมด เช่น โซเดียมไฮโดรเจนซัลเฟต (NaHSO_4).
เกลือแกง 0,น.,"เกลือปรกติชนิดหนึ่งชื่อโซเดียมคลอไรด์ (NaCl) ลักษณะเป็นผลึกสีขาวละลายนํ้าได้ มีมากในนํ้าทะเล ใช้ปรุงอาหาร ทำเครื่องดองเค็ม, เมื่ออยู่ในสภาพบริสุทธิ์ที่สุด ใช้ละลายในนํ้ากลั่น เรียกว่า นํ้าเกลือ สำหรับให้ผู้ป่วยโดยให้ทางเส้นเลือด ใช้ในอุตสาหกรรมทำสบู่ อุตสาหกรรมผลิตโซดาแผดเผา."
เกลือเงิน 0,น.,เกลือปรกติชนิดหนึ่งชื่อซิลเวอร์ไนเทรต (AgNO_3) ลักษณะเป็นผลึกสีขาวละลายนํ้าได้ ใช้ประโยชน์ในทางแพทย์ อุตสาหกรรมชุบโลหะให้เป็นเงิน.
เกลือจิ้มเกลือ 0,ว.,"ไม่ยอมเสียเปรียบกัน, แก้เผ็ดให้สาสมกัน."
เกลือจิ้มเกลือ 1,น.,คนเค็มต่อคนเค็มมาพบกัน.
เกลือจืด 0,น.,"เกลือที่ตกผลึกก่อนเกลือชนิดอื่น ๆ ในการทำนาเกลือ มีปนอยู่กับเกลือที่ใช้ในการปรุงอาหารเสมอ ไม่มีรส หรือเกลือที่ได้จากการเผายิปซัม, ยิปซัม หรือ หินฟองเต้าหู้ ก็เรียก."
เกลือด่าง 0,น.,เกลือเบสิก.
เกลือด่างคลี 0,น.,ชื่อเกลือชนิดหนึ่งในตำรายาไทย.
เกลื้อน 0,น.,"ชื่อโรคผิวหนังเกิดจากเชื้อรา Malassezia furfur ขึ้นเป็นดวงขาว ๆ อาจมีอาการคัน, ขี้เกลื้อน ก็ว่า."
เกลื่อน 0,ว.,เรี่ยรายหรือกระจัดกระจายอยู่ทั่วไป เช่น ลอยเกลื่อน หล่นเกลื่อน.
เกลื่อน 1,ก.,ทำให้ยุบหรือราบลง เช่น เกลื่อนที่ เกลื่อนฝี.
เกลื่อน 2,ก.,เสความ.
เกลื่อนกล่น 0,ว.,"เกลื่อน, ดาษดื่น, กลาดเกลื่อน ก็ว่า."
เกลื่อนกลาด 0,ว.,"เกลื่อน, ดาษดื่น, กลาดเกลื่อน ก็ว่า."
เกลื่อนความ 0,ก.,เสความ.
เกลือเบสิก 0,น.,"เกลือที่เกิดขึ้นโดยอนุมูลกรดเข้าไปแทนที่หมู่ไฮดรอกซิล (OH) ซึ่งมีอยู่ในโมเลกุลของเบสไม่หมด เช่น เลดไฮดรอกซีคลอไรด์ [Pb(OH)Cl], เกลือด่าง ก็ว่า."
เกลือปรกติ 0,น.,เกลือที่เกิดขึ้นโดยธาตุไฮโดรเจนชนิดที่แปรสภาพเป็นไอออนได้ ซึ่งมีอยู่ในโมเลกุลของกรดถูกโลหะหรือหมู่ธาตุที่เทียบเท่าโลหะเข้ามาแทนที่จนหมดสิ้น เช่น โซเดียมซัลเฟต (Na_2SO_4).
เกลือเป็นหนอน 0,น.,"ญาติมิตร สามีภรรยา บุตรธิดา เพื่อนร่วมงาน หรือคนในบ้าน คิดคดทรยศ, ไส้เป็นหนอน ก็ว่า."
เกลือฟอง 0,น.,ชื่อเกลือชนิดหนึ่งในตำรายาไทย.
เกลือยูเรต 0,น.,เกลือของกรดยูริก.
เกลือสมุทร 0,น.,เกลือที่ได้จากนํ้าทะเล.
เกลือสินเธาว์ 0,น.,เกลือที่ได้จากดินเค็ม.
เกไล 0,น.,ลักษณะนุ่งผ้าแบบหนึ่งสำหรับขี่ช้างเช่นช้างนํ้ามัน.
เกวัฏ 0,น.,"ชาวประมง, พรานเบ็ด, พรานแห, พรานปลา."
เกวียน 0,น.,"ยานชนิดหนึ่ง มีล้อ ๒ ล้อ ใช้ควายหรือวัวเทียม, ลักษณนามว่า เล่ม"
เกวียน 1,น.,ชื่อมาตราตวง ๘๐ สัด หรือ ๑๐๐ ถัง เป็น ๑ เกวียน.
เกวียนหลวง 0,น.,"มาตราตวงตามแบบราชการ มีอัตราเท่ากับ ๒,๐๐๐ ลิตร หรือ ๒ กิโลลิตร, อักษรย่อว่า กว."
เกศ 0,น.,"ผม, ในบทกลอนใช้หมายถึง หัว ก็มี เช่น ก้มเกศ."
เกศ- 0,น.,"ผม, ในบทกลอนใช้หมายถึง หัว ก็มี เช่น ก้มเกศ."
เกศธาตุ 0,น.,ผม (มักใช้ทางศาสนา) เช่น พระเกศธาตุ หมายถึง พระเกศาของพระพุทธเจ้า.
เกศพ 0,ว.,"ผู้มีผมงาม, ใช้เป็นนามของพระนารายณ์หรือพระกฤษณะซึ่งเป็นอวตารปางหนึ่งของพระนารายณ์."
เกศวะ 0,ว.,"ผู้มีผมงาม, ใช้เป็นนามของพระนารายณ์หรือพระกฤษณะซึ่งเป็นอวตารปางหนึ่งของพระนารายณ์."
เกศา 0,น.,หัว
เกศา 1,น.,ผม.
เกศากันต์ 0,ก.,"ตัดจุก, โกนจุก, (ใช้เฉพาะเจ้านายชั้นหม่อมเจ้า)."
เกศินี 0,น.,นางผู้มีผมงาม เช่น โฉมแก้วเกศินีนาฏ (ม. คำหลวง ฉกษัตริย์).
เกศี 0,น.,หัว
เกศี 1,น.,ผม.
เกษตร 0,น.,"ที่ดิน, ทุ่ง, นา, ไร่"
เกษตร 1,น.,แดน เช่น พุทธเกษตร.
เกษตรกร 0,น.,ผู้ทำเกษตรกรรม.
เกษตรกรรม 0,น.,การใช้ที่ดินเพาะปลูกพืชต่าง ๆ รวมทั้งการเลี้ยงสัตว์ การประมง และการป่าไม้.
เกษตรและสหกรณ์ 0,น.,ชื่อกระทรวงที่มีอำนาจหน้าที่เกี่ยวกับการเกษตร การเศรษฐกิจการเกษตร การปฏิรูปที่ดินเพื่อการเกษตร การชลประทาน การประมง การปศุสัตว์ การป่าไม้ การพัฒนาที่ดิน และการสหกรณ์.
เกษตรศาสตร์ 0,น.,วิชาว่าด้วยเกษตรกรรม.
เกษม 0,น.,"ความสุขสบาย, ความปลอดภัย, มักใช้เข้าคู่กับคำอื่น เช่น สุขเกษม เกษมศานต์, โบราณเขียนเป็น กระเษม, เขษม ก็มี."
เกษมศานต์ 0,ว.,"โปร่งอารมณ์, ชื่นชมยินดี."
เกษมสันต์ 0,ว.,"โปร่งอารมณ์, ชื่นชมยินดี."
เกษียณ 0,ก.,สิ้นไป (ใช้เกี่ยวกับการกำหนดอายุ) เช่น เกษียณอายุราชการ.
เกษียณอายุ 0,ก.,"ครบกำหนดอายุรับราชการ, สิ้นกำหนดเวลารับราชการหรือการทำงาน, พูดสั้น ๆ ว่า เกษียณ ก็มี."
เกษียน 0,น.,"ข้อความที่เขียนแทรกไว้เช่นในใบลาน, ข้อความที่เขียนไว้บนหัวกระดาษคำสั่ง หรือหนังสือราชการ เรียกว่า หัวเกษียน."
เกษียน 1,ก.,เขียน.
เกษียน 2,ว.,เล็กน้อย.
เกษียร 0,น.,นํ้านม.
เกษียรสมุทร 0,น.,"ทะเลนํ้านม, ที่ประทับของพระนารายณ์."
เกส 0,น.,"เกศ, เกศา, เกศี."
เกสร 0,น.,"ส่วนในของดอกไม้โดยมากเป็นเส้น ๆ เช่น เกสรบัว, เรณูหรือผงเหลืองที่มีอยู่ในดอกไม้ ติดอยู่กับก้านเกสรก็มี ติดกับเมล็ดเกาะอยู่กับดอกก็มี, ส่วนสืบพันธุ์ของดอกไม้"
เกสร 1,น.,ขนสร้อยคอสิงโต เช่น เกสรสร้อยศอดังผ้ารัตกัมพล (ม. ร่ายยาว มหาพน).
เกสรทั้งห้า 0,น.,เกสรดอกไม้ ๕ ชนิด มี เกสรดอกพิกุล เกสรดอกบุนนาค เกสรดอกสารภี เกสรดอกบัวหลวง เกสรดอกมะลิ.
เกสรี 0,น.,"สิงโต, สิงห์, ราชสีห์."
เกสา 0,น.,"เกศ, เกศา, เกศี."
เกสี 0,น.,"เกศ, เกศา, เกศี."
เก้อ 0,ว.,"แสดงสีหน้าเจื่อนเพราะรู้สึกผิดคาดหรือทำอะไรผิดพลาดไป เช่น ทำหน้าเก้อ, รู้สึกผิดคาดผิดหวัง เช่น ไปเก้อ คอยเก้อ, ผิดแผกไปจากผู้อื่นเขาหรือแต่งตัวรอจะไปงานแล้วไม่ได้ไป เช่น แต่งตัวเก้อ"
เก้อ 1,ว.,"กระดาก, อาย, เช่น ทำแก้เก้อ"
เก้อ 2,ว.,ขัดเขินหรือค้างอยู่เพราะไม่เข้ากัน ไม่รับกัน เช่น รำเก้อ เรือนหลังนี้ทำไม่ได้ส่วนดูเก้อ ข้อความที่เขียนไว้เก้อไม่รับกัน.
เก้อเขิน 0,ว.,"อาการที่วางหน้าไม่สนิท, รู้สึกกระดากอาย."
เกอว 0,น.,เรียกคำหรือพยางค์ที่มีตัว ว สะกด ว่า มาตราเกอวหรือแม่เกอว.
เกอิชา 0,น.,ผู้หญิงญี่ปุ่นที่มีศิลปะและวิชาชีพในการปรนนิบัติผู้ชาย.
เกะ 0,ว.,สั้น เช่น ควายเขาเกะแค่หู (สิบสองเดือน).
เก๊ะ 0,น.,ลิ้นชัก เช่น เงินทอนอยู่ในเก๊ะ.
เกะกะ 0,ว.,"กีด, ขวาง, ไม่เป็นระเบียบ, เช่น วางของเกะกะ"
เกะกะ 1,ว.,ประพฤติเป็นพาลเกเร เช่น คนเกะกะ.
เกา 0,ก.,"เอาเล็บหรือสิ่งที่มีลักษณะคล้ายเล็บครูดผิวหนังเพื่อให้หายคันเป็นต้น, อาการที่สมอเรือครูดไปตามพื้นท้องน้ำ ไม่ยึดอยู่กับที่."
เก่า 0,ว.,ก่อน เช่น ครูคนเก่า กรรมเก่า
เก่า 1,ว.,"ไม่ใหม่ เช่น ผ้าเก่า ของเก่า, คำนี้เมื่อใช้ประกอบกับคำอื่น ๆ มีความหมายต่าง ๆ กัน แล้วแต่คำที่นำมาประกอบ เช่น มือเก่า หมายถึง ชำนาญ, หัวเก่า หมายถึง ครึ ไม่ทันสมัย, รถเก่า หมายถึง รถที่ใช้แล้ว."
เก้า 0,น.,จำนวนแปดบวกหนึ่ง
เก้า 1,น.,ชื่อเดือนจันทรคติ เรียกว่า เดือน ๙ ตกในราวเดือนสิงหาคม.
เก๋า 0,น.,"ชื่อปลาทะเลหลายชนิดหลายสกุล ในวงศ์ Serranidae (Epinephelidae) ปลาเหล่านี้เมื่อมีขนาดเล็กมักเรียก เก๋า เมื่อมีขนาดกลางและขนาดโตมักเรียก กะรัง หรือหมอทะเล ส่วนขนาดโตมากเรียก หมอทะเล ส่วนใหญ่ลำตัวยาว ป้อม ล่ำสั้น แบนข้างเล็กน้อย ปลายครีบต่าง ๆ มนกลม เฉพาะปลายครีบหางของบางชนิดเว้า บ้างก็ตัดตรง เกล็ดเล็กคลุมทั่วตัวรวมทั้งหัวและล้ำไปบนครีบเดี่ยว ลำตัวรวมทั้งครีบมักมีสีต่าง ๆ โดยเปลี่ยนไปตามขนาด เป็นแต้ม ด่าง ดวง ลาย หรือจุดประคล้ำทึบ แต่บางชนิดก็มีสีแดงหรือเทาโดยตลอด พบอาศัยอยู่ตามพื้นท้องทะเลและชายฝั่งที่มีที่หลบซ่อน แต่ส่วนใหญ่จะพบบริเวณใกล้หรือในเขตปะการัง ชนิด Epinephelus merra Bloch, E. sexfasiatus (Valenciennes), Cephalopholis boenak (Bloch) ยาวเพียงไม่เกิน ๒๖ เซนติเมตร ส่วนชนิด Promicrops lanceolatus (Bloch) ขนาดยาวไม่ถึง ๒.๗ เซนติเมตร และเป็นปลากระดูกแข็งชนิดหนึ่งที่ใหญ่ที่สุดของโลก ชื่อ เก๋า ตุ๊กแก กะรัง เป็นชื่อทั่วไปที่มักใช้เรียกปลาเกือบทุกชนิดในวงศ์นี้ที่มีขนาดไม่โตนัก สำหรับชื่อ กะรัง และหมอทะเล มักพบเรียกปลาพวกนี้ที่มีขนาดโตจนถึงยาว ๐.๕-๑.๕ เมตร ส่วน หมอทะเล ใช้เรียกชนิด P. l. (Bloch) ."
เก๋า 1,ว.,"เชี่ยวชาญ, มีประสบการณ์หรือความชำนาญมาก, เช่น คุณปู่เก๋ามากในเรื่องพระเครื่อง"
เก๋า 2,ว.,"แน่, เก่งกล้าไม่กลัวใคร, เช่น ใครเก๋าออกมาสู้กันหน่อย."
เก่ากะลา 0,ว.,เก่าและไม่มีค่า เช่น ของพวกนี้เก่ากะลา ใช้ไม่ได้แล้ว.
เก่ากะโหลกกะลี 0,ว.,เก่าและไม่มีค่า เช่น ของพวกนี้เก่ากะลา ใช้ไม่ได้แล้ว.
เก๋ากึ้ก 0,ว.,เก่ามาก เช่น วิทยุเครื่องนี้เก๋ากึ้ก ฉันเห็นมาตั้งแต่เด็ก.
เก๋ากึ๊ก 0,ว.,เก่ามาก เช่น วิทยุเครื่องนี้เก๋ากึ้ก ฉันเห็นมาตั้งแต่เด็ก.
เก่าเก็บ 0,ก.,เก็บไว้นานจนเก่า.
เกาต์ 0,น.,ชื่อโรคอย่างหนึ่ง เกิดขึ้นเพราะมีกรดยูริกในเลือดมากเกินไปเป็นผลให้เกิดการตกตะกอนเป็นเกลือยูเรตในเนื้อเยื่อบริเวณข้อ เช่น ที่ข้อนิ้วมือนิ้วเท้า ข้อเท้า หรือ บริเวณอวัยวะอื่น ทำให้มีอาการบวมและปวด.
เกาทัณฑ์ 0,น.,"ธนู, กุทัณฑ์ หรือ โกทัณฑ์ ก็ใช้."
เกาทุมพร 0,น.,ผ้าทอด้วยขนสัตว์เนื้อละเอียด เช่น เกาทุมพรแพงค่าควรแสน (ม. คำหลวง ทานกัณฑ์).
เกาบิน 0,น.,ผ้าปิดของลับ.
เกาบิล 0,น.,ชื่อแหวนคู่กับสายธุรำในพิธีพราหมณ์.
เกามาร 0,น.,กุมาร เช่น กูจะขอพระราชทานเกามารท้งงสองพระองค์ (ม. คำหลวง กุมาร).
เกาลัด 0,น.,ชื่อไม้ต้นขนาดเล็กชนิด Sterculia monospermaVent . ในวงศ์ Sterculiaceae ขอบใบเรียบ ดอกเล็ก สีชมพูอมเขียว เปลือกผลหนา ไม่มีหนาม เมื่อแก่จะปริแยกออกจากกัน เมล็ดเกลี้ยง สีนํ้าตาลแกมแดง เปลือกไม่แข็ง เนื้อในสีขาว กินได้.
เกาลัดจีน 0,น.,ชื่อไม้ต้นขนาดใหญ่ชนิด Castanea mollissima Blume ในวงศ์ Fagaceae ขอบใบจักแหลม ดอกเล็ก สีน้ำตาลอ่อน เปลือกหุ้มผลหนามีหนามแหลม เมื่อแก่จะปริแยกออกจากกัน เมล็ดเกลี้ยง เปลือกแข็ง สีนํ้าตาลแกมแดง เนื้อในสีขาว กินได้.
เก่าลายคราม 0,ว.,เก่าและมีค่า เช่น รถคันนี้ถึงเก่าก็เก่าลายคราม.
เกาลิน 0,น.,ดินเกาเหลียง.
เกาไศย 0,น.,ผ้าไหม.
เกาสมอ 0,ก.,ลากสมอครูดไปตามพื้นท้องน้ำ โดยเฉพาะในขณะที่กำลังกว้านสมอขึ้นเก็บ.
เกาหลี 0,น.,ชื่อประเทศและชนชาติหนึ่ง อยู่ในคาบสมุทรทางตะวันออกของทวีปเอเชีย.
เกาเหลา 0,น.,แกงมีลักษณะอย่างแกงจืด.
เกาเหลียง 0,น.,ชื่อเหล้าจีนชนิดหนึ่ง.
เกาเหลียง 1,น.,"ชื่อดินชนิดหนึ่ง ใช้ปั้นทำเครื่องเคลือบดินเผาได้ดี, ดินเกาลิน ก็เรียก."
เก้าอี้ 0,น.,"ที่สำหรับนั่ง มีขาและพนักพิง มักยกย้ายไปมาได้ มีหลายชนิด, ถ้ามีรูปยาวใช้นอน เรียกว่า เก้าอี้นอน, ถ้าใช้โยกได้ เรียกว่า เก้าอี้โยก, ลักษณนามว่า ตัว."
เกาะ 0,น.,ส่วนของแผ่นดินที่มีนํ้าล้อมรอบ
เกาะ 1,น.,ละเมาะ โดยปริยายใช้เรียกพื้นที่ซึ่งมีต้นไม้เป็นต้นขึ้นหนาแน่น มีทุ่งหรือที่เตียนล้อมรอบ หรือสิ่งอื่นที่มีลักษณะคล้ายคลึงเช่นนั้น.
เกาะ 2,ก.,"จับหรือยึดสิ่งใดไว้เพื่อทรงอยู่ เช่น นกเกาะกิ่งไม้ แมงมุมเกาะฝา, เอาสิ่งมีขอเป็นต้นเกี่ยวเข้ากับสิ่งอื่นเพื่อให้ติดอยู่ เช่น เอาขอเกาะต้นไม้, โดยปริยายหมายความถึงอาการที่เข้าไปติดแน่นอยู่ เช่น ปลิงเกาะ หรือเข้าเป็นหมู่หรือกลุ่มเดียวกัน เช่น ดินเกาะเป็นก้อน บินเกาะหมู่ วิ่งเกาะกลุ่ม"
เกาะ 3,ก.,ไปเอาตัวมาโดยอำนาจศาลเป็นต้น เช่น ไปเกาะตัวมา.
เกาะ 4,ว.,เสียงเคาะ.
เกาะกิน 0,ก.,"อาศัยกินอยู่กับคนอื่นโดยเอาแต่ประโยชน์ฝ่ายเดียว ไม่ช่วยทำงานหรือช่วยเหลือจุนเจือผู้นั้น, ทำตัวดุจกาฝาก."
เกาะแกะ 0,ก.,"พูดพาดพิงเชิงชู้สาว, พูดเชิงเกี้ยวพาราสี, เช่น มันเกาะแกะเกินกํ้าเป็นธรรมดา (ขุนช้างขุนแผน), เคาะแคะ ก็ว่า."
เกาะชายกระโปรง 0,ก.,อาศัยผู้หญิงหาเลี้ยง เช่น สามีของเธอไม่ทำงานเลย ดีแต่เกาะชายกระโปรงภรรยา.
เกาะชายผ้าเหลือง 0,ก.,พึ่งพาผลบุญจากผู้ที่บวชเป็นพระภิกษุสามเณร เช่น ถ้ามีลูกชายก็จะได้บวชให้พ่อแม่ได้เกาะชายผ้าเหลือง.
เกิง 0,ว.,ล่วง เช่น ตกพ่างบุษบนนเกิง ขาดขว้นน (ทวาทศมาส).
เกิ้ง 0,ก.,"กั้น, บัง, มุง, เช่น เอาผ้าเกิ้งแดด เกิ้งหลังคา."
เกิ้ง 1,น.,ฉัตร.
เกิด 0,ก.,"เป็นขึ้น, มีขึ้น, กำเนิด"
เกิด 1,ก.,มีขึ้นเป็นขึ้นโดยกะทันหัน เช่น เกิดตายไปเสียก่อนที่จะได้รับมรดก เกิดฝนตกลงมา.
เกิดสูรย์ 0,ก.,"เกิดสุริยุปราคา, มักใช้เข้าคู่กับคำ เกิดจันทร์ เป็น เกิดสูรย์เกิดจันทร์."
เกิน 0,ว.,"พ้น, เลย, คำนี้ใช้แก่ลักษณะที่มีมากกว่าหรือยิ่งกว่ากำหนด เช่น เกินขนาด เกินฐานะ เกินเวลา เกินสมควร."
เกินการ 0,ก.,มากกว่าที่ต้องประสงค์ เช่น แก่เกินการ เอาของมาเกินการ.
เกินกิน 0,ว.,กินไม่ดีเพราะแก่เกินไป เช่น อ้อยท่อนนี้แก่เกินกิน.
เกินคน 0,ว.,ยิ่งกว่าคนสามัญ เช่น ฉลาดเกินคน เลวเกินคน.
เกินงาม 0,ว.,มากไปจนหมดงาม เช่น แต่งตัวเกินงาม.
เกินดี 0,ว.,เลยไปจนหมดดี เช่น ทำเกินดี คือใช้ให้ไปทำอะไร แต่ทำจนเกินต้องการ เรียกว่า ทำเกินดี.
เกินตัว 0,ว.,"เกินฐานะ เช่น ใช้จ่ายเกินตัว, เกินสภาพปรกติ เช่น รู้เกินตัว ทำงานเกินตัว."
เกินไป 0,ว.,คำประกอบท้ายคำวิเศษณ์ เพื่อเน้นความหมาย แสดงว่าเกินกำหนด เกินพอดี เช่น กินมากเกินไป ดีเกินไป สุกเกินไป.
เกินเลย 0,ก.,"แสดงกิริยาวาจาต่อผู้อื่นโดยขาดสัมมาคารวะ, เหลื่อมลํ้าทางจำนวน."
เกินหน้า 0,ว.,เกินกว่า เด่นกว่า หรือดีกว่าฐานะของตนเองหรือของคนอื่น.
เกินหน้าเกินตา 0,ว.,เกินกว่า เด่นกว่า หรือดีกว่าฐานะของตนเองหรือของคนอื่น.
เกิบ 0,น.,เกือก.
เกิบ 1,ก.,"กำบัง, บัง, เช่น เศวตฉัตรรัตนก้งง เกิบบนบรรจถรณ์ (สรรพสิทธิ์), เฉกฉายกมลาสน์ฉัตรา เกิบก้งงเกศา (สรรพสิทธิ์)."
เกียกกาย 0,น.,"กองเสบียง (เป็นส่วนหนึ่งในกองทัพ), หัวหน้าแห่งกองเสบียงนั้น."
เกียกกาย 1,ก.,"ตะเกียกตะกาย, ขวนขวาย, เช่น ค่อยเกียกกายหาเลี้ยงตน (สุบิน)."
เกียง 0,ก.,"เกี่ยง, รังเกียจ, ไม่ลงรอย, เกี่ยงแย่ง, เกี่ยงแย้ง, เช่น คนใดอันรังร้าย จิตรพิศเกียงกล (จารึกวัดโพธิ์), โดยมากใช้เป็น เกี่ยง."
เกี่ยง 0,ก.,อาการที่ต่างฝ่ายต่างไม่ยอมทำเพราะกลัวจะเสียเปรียบกันเป็นต้น.
เกี๋ยง 0,น.,เดือนแรกของปีนับทางจันทรคติ คือ เดือนอ้าย.
เกี๋ยง 1,ก.,"ขีดกา, ขีดไขว้."
เกี๋ยงคำ 0,น.,ต้นลำเจียก. (ดู ลำเจียก).
เกี่ยงงอน 0,ก.,"เกี่ยงอย่างมีเงื่อนไข, เกี่ยงเอาเชิง."
เกี่ยงตาย 0,ก.,"เลี่ยงไปทางตาย, ยอมตาย, เช่น หวั่นฤทธิ์คิดครั่นสงคราม จักยุทธพยายาม คือขวัญสกนธ์เกี่ยงตาย (สรรพสิทธิ์)."
เกียจ 0,ก.,"คด, ไม่ซื่อ, โกง, คร้าน."
เกียจกล 0,ก.,ซ่อนกล.
เกียจคร้าน 0,ก.,"ขี้เกียจ, ไม่อยากทำงาน."
เกียด 0,น.,เรียกไม้ที่ปักขึ้นกลางลานสำหรับผูกควายหรือวัวให้ย่ำนวดข้าวไปรอบ ๆ ว่า เสาเกียด.
เกียด 1,ก.,"กัน, กั้น."
เกียด 2,ก.,ปาดให้เสมอ.
เกียดกัน 0,ก.,กันไม่ให้ทำโดยสะดวก.
เกียน 0,น.,"อ่าว, ทะเล, เช่น เกาะเกียน."
เกี่ยมฉ่าย 0,น.,ผักกาดดองเค็ม.
เกี้ยมอี๋ 0,น.,ของกินชนิดหนึ่ง ทำด้วยแป้งข้าวเจ้า เป็นตัว ๆ คล้ายลอดช่อง.
เกียร์ 0,น.,กลอุปกรณ์ที่ส่งผ่านกำลังและการเคลื่อนที่จากส่วนหนึ่งไปยังอีกส่วนหนึ่งของเครื่องกล
เกียร์ 1,น.,"ส่วนหนึ่งของรถยนต์ เรือยนต์ เป็นต้น ต่อจากคลัตช์ ทำหน้าที่เปลี่ยนอัตราส่วนการทดรอบระหว่างเครื่องยนต์กับล้อ, เขียนเป็น เกีย ก็มี."
เกียรติ์ 0,น.,"ชื่อเสียง, ความยกย่องนับถือ, ความมีหน้ามีตา."
เกียรติ 0,น.,"ชื่อเสียง, ความยกย่องนับถือ, ความมีหน้ามีตา."
เกียรติ- 0,น.,"ชื่อเสียง, ความยกย่องนับถือ, ความมีหน้ามีตา."
เกียรติคุณ 0,น.,"คุณที่เลื่องลือ, ชื่อเสียงโดยคุณงามความดี."
เกียรตินิยม 0,น.,ความรู้ดีเด่นเหนือระดับปรกติที่มหาวิทยาลัยกำหนดไว้.
เกียรติประวัติ 0,น.,"ประวัติที่ได้รับความสรรเสริญ, ประวัติที่เลื่องลือ."
เกียรติภูมิ 0,น.,เกียรติเพราะความนิยม.
เกียรติมุข 0,น.,"อมนุษย์บริวารพระศิวะ ทำเป็นรูปหน้ายักษ์ปนหน้าสิงห์ ตากลมถลน ไม่มีคาง ปากแสยะ ไม่มีขากรรไกรล่าง ไม่มีร่างกาย ไม่มีแขนขา เชื่อกันว่าเป็นเทพเจ้ารักษาธรณีประตู เป็นเครื่องป้องกันบ้านเรือน ขับไล่เสนียดจัญไร และคอยคุ้มครอง นับถือพระศิวะ มักทำเป็นลวดลายแกะสลักหรือปูนปั้น เช่นที่ทับหลังปราสาทหินบางแห่ง ตามซุ้มปรางค์หรือเจดีย์ และที่ฐานพระพุทธรูป, กาฬมุข หรือ หน้ากาฬ ก็เรียก."
เกียรติยศ 0,น.,เกียรติโดยฐานะตำแหน่งหน้าที่หรือชาติชั้นวรรณะ.
เกียรติศักดิ์ 0,น.,"เกียรติ, เกียรติตามฐานะของแต่ละบุคคล."
เกี่ยว 0,ก.,"อาการที่สิ่งงอเป็นขอเกาะติดหรือเหนี่ยวไว้ เช่น ทอดสมอให้เกี่ยวแง่หินไว้, เอาของที่มีลักษณะเช่นนั้นเกาะติดหรือเหนี่ยวไว้ เช่น เอาขอเกี่ยว, ติดต่อผูกพัน, แตะต้อง, ยุ่งเกี่ยว, ข้องแวะ, เช่น เรื่องนี้อันตรายมากอย่าเอาตัวเข้าไปเกี่ยวเลย, เกี่ยวข้อง ก็ว่า"
เกี่ยว 1,ก.,"อาการที่สิ่งแหลมคมขูดขีด สะกิด เป็นต้น เช่น หนามเกี่ยว ตะปูเกี่ยว, ตัดด้วยเคียว เช่น เกี่ยวข้าว เกี่ยวหญ้า เกี่ยวแฝก"
เกี่ยว 2,ก.,โดยปริยายหมายความว่า เนื่อง เช่น เกี่ยวด้วยเรื่องนี้.
เกี๊ยว 0,น.,ของกินชนิดหนึ่งใช้แผ่นแป้งสาลีตัดเป็นสี่เหลี่ยมเล็ก ๆ ห่อหมูสับเป็นต้น.
เกี้ยว 0,น.,"เครื่องประดับลักษณะเป็นวงคล้ายพวงมาลัย สำหรับสวมจุก, ราชาศัพท์ว่า พระเกี้ยว"
เกี้ยว 1,น.,เครื่องประดับที่มีลักษณะคล้ายคลึงเช่นนั้น เช่น เกี้ยวลอมพอก เกี้ยวชฎา
เกี้ยว 2,น.,ผ้าคาดเอวสำหรับขุนนาง เรียกว่า ผ้าเกี้ยว เช่น เกี้ยวลาย คือผ้าคาดเอวที่มีลาย (บางทีเข้าใจกันว่าเป็นผ้านุ่งอย่างหนึ่ง).
เกี้ยว 3,ก.,"รัด, พันแน่น, ติดแน่น, เช่น เพราะประพฤติมันเกี้ยว เกี่ยงร้ายแกมดี (โลกนิติ)"
เกี้ยว 4,ก.,"พูดให้รักในเชิงชู้สาว, พูดแทะโลม, พูดเลียบเคียงเพื่อให้สมปรารถนา."
เกี้ยว 5,น.,คานหามของจีนชนิดหนึ่ง.
เกี่ยวก้อย 0,ก.,อาการที่แสดงความคุ้นเคยสนิทสนมกัน เช่น เขาเกี่ยวก้อยกันไปเที่ยวเชียงใหม่.
เกี้ยวเกไล 0,น.,วิธีนุ่งผ้าชนิดหนึ่งสำหรับขี่ช้าง.
เกี่ยวข้อง 0,ก.,"ติดต่อผูกพัน, แตะต้อง, ยุ่งเกี่ยว, ข้องแวะ, เกี่ยว ก็ว่า."
เกี่ยวข้าว 0,น.,ชื่อเพลงพื้นบ้านของภาคกลาง เรียกว่า เพลงเกี่ยวข้าว.
เกี้ยวคอไก่ 0,น.,วิธีนุ่งผ้าเอาชายพกรัดอีกชายหนึ่งไว้แล้วเหน็บให้แน่น.
เกี่ยวดอง 0,ว.,นับเป็นญาติกันทางเขยหรือสะใภ้.
เกี่ยวดองหนองยุ่ง 0,ว.,เกี่ยวดองกันอย่างซับซ้อน.
เกี้ยวนวม 0,น.,เกี้ยวที่ใส่หัวและนวมที่สวมคอ.
เกี่ยวเนื่อง 0,ก.,เกี่ยวพันติดต่อกัน เช่น โครงการนี้เกี่ยวเนื่องกับแผนพัฒนาเศรษฐกิจและสังคมแห่งชาติ.
เกี่ยวเบ็ด 0,ก.,"เอาเบ็ดไปเกี่ยวเหยื่อ, เอาเหยื่อมาเกี่ยวเบ็ด."
เกี้ยวประทีป 0,น.,ซุ้มไฟทำเป็นรูปอย่างเกี้ยว.
เกี่ยวแฝกมุงป่า 0,ก.,ทำอะไรเกินกำลังความสามารถของตัว.
เกี่ยวพัน 0,ก.,"ติดเนื่องกัน, พัวพัน."
เกี้ยวพาน 0,ก.,พูดให้รักในเชิงชู้สาว.
เกี้ยวพาราสี 0,ก.,พูดให้รักในเชิงชู้สาว.
เกี่ยวโยง 0,ก.,ต่อเนื่องไปถึง.
เกี๊ยะ 0,น.,เกือกไม้แบบจีน.
เกื้อ 0,ก.,ช่วยเหลือสนับสนุน เช่น ต้นไม้เล็กกับต้นไม้ใหญ่เกื้อกูลกัน บริษัทใหญ่เกื้อกูลบริษัทเล็กในเครือเดียวกัน.
เกือก 0,น.,"รองเท้า, ลักษณนามว่า คู่ หรือ ข้าง, ราชาศัพท์ว่า รองพระบาท หรือ ฉลองพระบาท."
เกือกม้า 0,น.,เหล็กรูปโค้งสำหรับรองกีบม้า.
เกื้อกูล 0,ก.,ช่วยเหลือสนับสนุน เช่น ต้นไม้เล็กกับต้นไม้ใหญ่เกื้อกูลกัน บริษัทใหญ่เกื้อกูลบริษัทเล็กในเครือเดียวกัน.
เกือบ 0,ว.,"จวน, เจียน, แทบ, หวิด."
เกือบไป 0,ก.,"จวนเจียน, จักแหล่น."
แก 0,น.,"ชื่อนกขนาดกลางชนิด Corvus splendens Vieillot วงศ์ย่อย Corvinae ในวงศ์ Corvidae รูปร่างคล้ายกาแต่ตัวและปากเล็กกว่า ขนตามลำตัวสีดำบางตอนมีสีเทาปน คอ อก และหลังสีเทา ปีกสีดำ เล็บแข็งแรงและคม, อีแก ก็เรียก."
แก่ 0,ว.,"มีอายุมาก เช่น แก่ไปทุกวัน ไม้แก่ เด็กคนนี้แก่กว่าเด็กคนนั้น, อยู่ในวัยชรา เช่น คนแก่ หญิงแก่, จัด เช่น เหลืองแก่ แก่เปรี้ยว แก่หวาน"
แก่ 1,ว.,โดยปริยายหมายความว่า จัดเจน หนัก หรือ ยิ่งไปในทางนั้น เช่น แก่สังคม แก่วิชา แก่เหล้า แก่เล่น แก่ไฟ.
แก้ 0,น.,ชื่อเบี้ยตัวโต ๆ สำหรับขัดผ้านุ่งให้ผิวเป็นมัน เช่น ผ้าลาย เรียกว่า เบี้ยอีแก้ หรือ เบี้ยแก้ใหญ่. (ดู เบี้ยแก้ ประกอบ).
แก 1,ส.,"คำใช้แทนผู้ที่เราพูดด้วยซึ่งเป็นผู้ที่สนิทสนม หรือผู้น้อย, เป็นสรรพนามบุรุษที่ ๒"
แก 2,ส.,"คำใช้แทนผู้ที่เราพูดถึง, เป็นสรรพนามบุรุษที่ ๓."
แก่ 2,บ.,ใช้นำหน้านามฝ่ายรับ เช่น ให้เงินแก่เด็ก.
แก้ 1,ก.,ทำให้คลายจากลักษณะที่แน่นที่ติดขัดหรือที่เป็นเงื่อนเป็นปมอยู่ เช่น แก้ปม แก้เงื่อน
แก้ 2,ก.,ทำให้หลุดให้พ้นไป เช่น แก้คดี
แก้ 3,ก.,"ทำให้ดีขึ้น, ทำให้ใช้การได้, ทำส่วนที่เสียให้คืนดีอย่างเดิม, ดัดแปลงให้ดีขึ้น, เช่น แก้นาฬิกา แก้เครื่องจักร, แก้ไข ก็ว่า"
แก้ 4,ก.,ทำให้หาย เช่น แก้เก้อ แก้ขวย แก้จน แก้โรค
แก้ 5,ก.,"เฉลย, อธิบายให้เข้าใจ, เช่น แก้ปัญหา แก้กระทู้"
แก้ 6,ก.,ร้องเพลงหรือลำตัดเป็นต้นโต้ตอบกัน
แก้ 7,ก.,เอากลับคืนมาให้ได้ เช่น ไปตีแก้เอาเมืองคืน.
แก่ 3,ก.,ลาก เช่น แก่เกวียน.
แก๊ก 0,น.,"ชื่อนกเงือกชนิด Anthracoceros albirostris (Shaw) ในวงศ์ Bucerotidae เป็นนกเงือกขนาดเล็กที่สุดของไทย ปากและโหนกแข็งสีงาช้างคาดดำ ลำตัวสีดำ ท้องสีขาว ปีกสีดำขอบปีกสีขาว หางสีดำปลายหางด้านล่างสีขาว กินผลไม้และสัตว์ขนาดเล็ก, แกง ก็เรียก."
แก่กล้า 0,ก.,"เข้มแข็ง, ยวดยิ่ง, เช่น ศรัทธาแก่กล้า."
แก้เก้อ 0,ก.,ทำหรือพูดกลบเกลื่อนความกระดากอายที่เกิดจากความพลั้งพลาดแล้วถูกจับได้.
แก่เกินแกง 0,ก.,เอามาใช้ประโยชน์ไม่ได้แล้ว.
แก้เกี้ยว 0,ก.,แก้อย่างย้อนรอยให้หายกัน เช่น พูดแก้เกี้ยว ฟ้องแก้เกี้ยว.
แก้ขวย 0,ก.,กระทำการอย่างใดอย่างหนึ่งเพื่อบรรเทาความกระดากอาย.
แก้ขัด 0,ก.,แก้ข้อขัดข้องให้ลุล่วงไปชั่วคราว.
แก้เขิน 0,ก.,กระทำการอย่างใดอย่างหนึ่งเพื่อบรรเทาความกระดากอาย.
แก้ไข 0,ก.,"ทำส่วนที่เสียให้คืนดีอย่างเดิม, ดัดแปลงให้ดีขึ้น, แก้ ก็ว่า."
แก้เคล็ด 0,ก.,กระทำการอย่างใดอย่างหนึ่งที่เชื่อกันว่าเป็นวิธีปัดเป่าหรือป้องกันภัยหรือเหตุร้ายที่จะมีมา.
แก้แค้น 0,ก.,ทำตอบด้วยความแค้นหรือเพื่อให้หายแค้น.
แก่ง 0,น.,พืดหินหรือโขดหินที่กีดขวางทางนํ้า มักจะมีตามต้นแม่นํ้า.
แก้ง 0,ก.,ขูดให้หมด
แก้ง 1,ก.,"เคล็ด, ยอก, เช่น คอแก้ง."
แก๊ง 0,น.,กลุ่มคนที่ตั้งเป็นก๊กเป็นเหล่า (มักใช้ในความหมายไม่ดี) เช่น แก๊งโจร แก๊งอันธพาล
แก๊ง 1,น.,กลุ่มคนที่ประพฤติตนไม่ดี เช่น ในซอยนี้มีแก๊งติดยา ฉันจึงไม่กล้าเดินเข้าไปคนเดียว.
แกง 0,น.,กับข้าวประเภทที่เป็นนํ้า มีชื่อต่าง ๆ ตามวิธีปรุงและเครื่องปรุง เช่น แกงจืด แกงเผ็ด แกงส้ม. (ดูที่คำนั้น ๆ).ก. ทำกับข้าวประเภทที่เป็นแกง.
แกง 1,น.,"ชื่อนกเงือกชนิด Anthracoceros albirostris (Shaw) ในวงศ์ Bucerotidae เป็นนกเงือกขนาดเล็กที่สุดของไทย ปากและโหนกแข็งสีงาช้างคาดดำ ลำตัวสีดำ ท้องสีขาว ปีกสีดำขอบปีกสีขาว หางสีดำปลายหางด้านล่างสีขาว กินผลไม้และสัตว์ขนาดเล็ก, แกง ก็เรียก."
แกง 2,น.,"ชื่อแมลงพวกมวนหลายชนิดหลายสกุล ในวงศ์ Pentatomidae ส่วนใหญ่ลำตัวสีน้ำตาลหรือน้ำตาลอ่อน ยาว ๒.๕-๓.๐ เซนติเมตร เมื่อถูกตัวจะปล่อยของเหลว มีกลิ่นฉุน ชนิดที่พบทั่วไป เช่น ชนิด T essaratoma javamicaThunberg, T. papillosa (Drury) ดูดกินน้ำเลี้ยงใบลิ้นจี่หรือลำไย, แมลงแคง ก็เรียก."
แก้งก้น 0,น.,เรียกไม้ชำระ ว่า ไม้แก้งก้น.
แกงขม 0,น.,เครื่องกินกับขนมจีนนํ้ายา มีมะระหั่นเป็นชิ้นเล็ก ๆ แล้วลวกให้สุก
แกงขม 1,น.,อาหารคาวอย่างหนึ่ง มีลักษณะเหมือนน้ำยา แต่น้ำแกงใช้ปลาแห้งแทนปลาสด.
แกงคั่ว 0,น.,แกงกะทิชนิดหนึ่ง คล้ายแกงเผ็ดแต่มีรสออกเปรี้ยว เช่น แกงคั่วผักบุ้ง แกงคั่วมะระ.
แกงจืด 0,น.,กับข้าวที่ปรุงเป็นนํ้า รสไม่เผ็ด.
แกงได 0,น.,รอยขีดเขียนซึ่งบุคคลทำไว้เป็นสำคัญแทนการลงลายมือชื่อ ในทางกฎหมายถ้าจะให้มีผลเสมอกับลงลายมือชื่อต้องมีพยานลงลายมือชื่อรับรอง ๒ คน หรือได้ทำต่อหน้าพนักงานเจ้าหน้าที่.
แกงแนง 0,น.,ไม้คํ้ายันไขว้เป็นรูปกากบาทระหว่างเสาเพื่อป้องกันโครงสร้างมิให้เซหรือรวน.
แกงบวด 0,น.,ของหวานที่ใช้ผลไม้ เผือก มัน ฟักทอง เป็นต้น ต้มกับนํ้าตาลและกะทิ.
แกงป่า 0,น.,แกงเผ็ดที่ไม่ใส่กะทิ.
แกงเผ็ด 0,น.,แกงพวกหนึ่ง ปรุงด้วยเครื่องเผ็ดร้อนเช่นเครื่องเทศ กะทิ มีรสเผ็ด.
แก่งแย่ง 0,ก.,"พยายามเอารัดเอาเปรียบกันหรือจะเอาแต่ได้ข้างเดียว, ไม่ปรองดองกัน."
แกงร้อน 0,น.,ชื่อแกงจืดชนิดหนึ่งใส่วุ้นเส้น.
แกงส้ม 0,น.,แกงพวกหนึ่ง มีลักษณะคล้ายแกงเผ็ด แต่ไม่ใส่เครื่องเทศ กะทิ หรือ นํ้ามัน มีรสเปรี้ยวด้วยนํ้าส้มมะขาม ใช้ผัก ผลไม้ หรือ ดอกไม้บางอย่าง เป็นต้น แกงกับกุ้งหรือปลา เรียกชื่อตามสิ่งนั้น ๆ เช่น แกงส้มผักกาดขาว แกงส้มมะละกอ แกงส้มดอกแค.
แก้เชิง 0,ก.,ใช้เล่ห์เหลี่ยม ชั้นเชิง หรือ อุบาย หักล้างเล่ห์เหลี่ยม ชั้นเชิงหรืออุบายของอีกฝ่ายหนึ่ง.
แก่ดีกรี 0,ว.,ดื่มสุราหรือเมรัยมาก.
แก่แดด 0,ว.,ทำเป็นผู้ใหญ่เกินอายุ (มักใช้แก่เด็ก).
แกโดลิเนียม 0,น.,ธาตุลำดับที่ ๖๔ สัญลักษณ์ Gd เป็นโลหะที่หายากมาก ลักษณะเป็นของแข็ง หลอมละลายที่ ๑๓๑๒ °ซ.
แก้ตก 0,ก.,แก้ให้สำเร็จลุล่วงไปได้.
แก่ตัว 0,ว.,ย่างเข้าวัยแก่.
แก้ตัว 0,ก.,พูดหรือทำเพื่อปลดเปลื้องความผิดหรือข้อผิดพลาดของตน.
แก้ต่าง 0,ก.,"ว่าความแทนจำเลย, ใช้คู่กับ ว่าต่าง ซึ่งหมายถึง ว่าความแทนโจทก์."
แก้ทาง 0,ก.,ปรับหรือเปลี่ยนวิธีเพื่อให้ได้เปรียบคู่ต่อสู้หรือฝ่ายตรงข้าม.
แก้ที 0,ก.,แก้ตาเดิน (ใช้แก่การเล่นหมากรุก).
แก้โทษ 0,ก.,ลุแก่โทษ.
แกน 0,น.,"วัตถุแข็งที่อยู่ตรงกลางของสิ่งอื่นสำหรับยึดให้อยู่, วัตถุแข็งที่มีสิ่งอื่นหุ้ม."
แกน 1,ว.,แข็งเป็นไตอยู่ข้างใน (มักใช้แก่ผลไม้) เช่น ทุเรียนแกน มะม่วงแกน
แกน 2,ว.,"ขัดสน, จำใจ, เช่น อยู่ไปแกน ๆ เต็มแกน."
แก่น 0,น.,"เนื้อไม้แข็งและมีสีเข้ม อยู่ถัดกระพี้เข้าไป, เนื้อแท้, หลักสำคัญ เช่น แก่นพระศาสนา."
แก่น 1,ว.,ดื้อรั้นซุกซนไม่เกรงกลัวใคร.
แก่นแก้ว 0,ว.,"ยิ่งในทางที่เลว, เก่งในทางซุกซนหรือในทางไม่สู้ดี."
แก่นแก้ว 1,น.,เพชร.
แกนทราย 0,น.,แกนที่ใช้ในการหล่อพระพุทธรูปหรืองานประติมากรรมไทยด้วยวิธีสูญขี้ผึ้ง ทำด้วยทรายผสมดินเหนียว หมักให้ชุ่มและเหยียบให้เข้ากันจนเหนียว จึงปั้นขึ้นเป็นรูปเลา ๆ เรียกว่า โกลน แล้วผึ่งให้แห้ง จากนั้นเอาขี้ผึ้งพอกและปั้นส่วนผิวจนเป็นรูปตามที่ต้องการ.
แกนท้องฟ้า 0,น.,เส้นสมมุติที่เกิดจากการยืดแกนของโลก จากปลายเหนือและใต้ออกไปตัดกับท้องฟ้า.
แกนนำ 0,น.,ผู้ที่เป็นหลักหรือหัวหน้าของกลุ่มที่ชุมนุมเพื่อเรียกร้องหรือประท้วงเรื่องใดเรื่องหนึ่ง เช่น กลุ่มผู้ชุมนุมที่เรียกร้องให้เพิ่มค่าแรงในครั้งนี้มีแกนนำอยู่ ๒-๓ คน
แกนนำ 1,น.,ผู้ที่เป็นหลักในการเจรจาเพื่อดำเนินการเรื่องใดเรื่องหนึ่ง เช่น พรรคที่ได้คะแนนเสียงข้างมากเป็นแกนนำในการจัดตั้งรัฐบาล.
แก่นสาร 0,น.,"สิ่งที่ยั่งยืนถาวร, หลักที่ควรยึดถือ, คุณประโยชน์, (มักใช้ในความปฏิเสธ) เช่น ไม่เป็นแก่นสาร."
แกนะ 0,ก.,"แกะ, สลัก, เจาะ."
แกแน 0,น.,เรียกเด็กที่ทำตัวอวดรู้เป็นผู้ใหญ่ ว่า เด็กแกแน.
แก้บน 0,ก.,"เซ่นสรวงสิ่งศักดิ์สิทธิ์ตามที่ตนได้บนบานไว้, ใช้บน ก็ว่า."
แก่บ้าน 0,น.,"ผู้ใหญ่บ้าน, นายบ้าน."
แก้บาป 0,ก.,สารภาพความผิดเพื่อให้พ้นบาป.
แก๊ป 0,น.,ชื่อหมวกของทหารตำรวจหรือข้าราชการพลเรือนเป็นต้นที่มีกะบังหน้า เรียกว่า หมวกแก๊ป
แก๊ป 1,น.,เครื่องที่ทำให้ระเบิดเป็นประกายติดดินปืน เดิมมีรูปเหมือนหมวกแก๊ปแต่ไม่มีกะบังปิดหน้า
แก๊ป 2,น.,ชื่อปืนชนิดหนึ่ง มีนกสับ ใช้ยัดกระสุนและดินปืนทางปาก และสับแก๊ป เรียกว่า ปืนแก๊ป.
แก้ผ้า 0,ก.,"เอาผ้าที่นุ่งอยู่ออกจากตัว, เปลือยกายไม่นุ่งผ้า, เช่น เด็กนอนแก้ผ้า เด็กแก้ผ้าวิ่งโทง ๆ."
แก้เผ็ด 0,ก.,ทำตอบแก่ผู้ที่เคยทำความเจ็บปวดให้แก่ตัวไว้เพื่อให้สาสมกัน.
แก้ฝัน 0,ก.,"เล่าฝันให้ผู้อื่นทำนาย, ทำนายฝัน."
แก่เพราะกินข้าว เฒ่าเพราะอยู่นาน 0,ว.,มีอายุมากแต่ไม่มีประโยชน์.
แก้ฟ้อง 0,ก.,แก้ไขคำฟ้องตามที่ศาลสั่งในกรณีที่คำฟ้องไม่ถูกต้องตามกฎหมาย
แก้ฟ้อง 1,ก.,ยื่นคำให้การเป็นข้อต่อสู้คดีเพื่อแก้คำฟ้อง.
แก่ไฟ 0,ว.,ใช้ไฟแรงเกินไป (มักใช้แก่การหุงหรือต้มที่ใช้ไฟแรงจนเกือบไหม้).
แกม 0,ว.,"ปน เช่น ด้ายแกมไหม คือ ด้ายปนไหม, แต่มีความหมายไปในทางที่ว่า สิ่งที่ปนมีอยู่เป็นส่วนน้อย."
แก้ม 0,น.,"บริเวณหน้าทั้ง ๒ ข้างถัดตาลงมา, ราชาศัพท์ว่า พระปราง, โดยปริยายหมายถึงสิ่งที่มีรูปเช่นนั้น เช่น เฉือนมะม่วงเอาแต่ ๒ แก้ม = เฉือนเอา ๒ ส่วนที่มีลักษณะเหมือนแก้ม."
แก้มช้ำ 0,น.,"ชื่อปลานํ้าจืดชนิด Puntius orphoides (Valenciennes) ในวงศ์ Cyprinidae รูปร่างคล้ายปลาตะเพียน แต่มีลักษณะเด่นที่มีลำตัวยาวกว่า โดยเฉพาะที่แผ่นปิดเหงือกมีสีแดงเรื่อคล้ายรอยชํ้า สุดแผ่นปิดเหงือกดำ โคนครีบหางมีจุดสีดำ พื้นครีบสีแดง ขอบบนและล่างดำ มีชุกชุมทั่วไป ยาวได้ถึง ๒๕ เซนติเมตร, ปักษ์ใต้เรียก ปก."
แก้มแดง 0,น.,ชื่อมะม่วงพันธุ์หนึ่งของชนิด Mangifera indica L.
แกมมา 0,น.,"คลื่นแม่เหล็กไฟฟ้าหรือโฟตอน (photon) ที่มีพลังงานสูงมาก มีช่วงคลื่นสั้นมาก มักเรียกกันว่า รังสีแกมมา เคลื่อนที่ด้วยความเร็วประมาณ ๓๐๐,๐๐๐ กิโลเมตร/วินาที มีอำนาจในการเจาะทะลุได้สูง สามารถเจาะทะลุแผ่นตะกั่วหนาหลายเซนติเมตรได้ เกิดจากการเสื่อมสลายของสารกัมมันตรังสี เช่น ธาตุเรเดียม ธาตุโคบอลต์-๖๐ หรือเกิดจากการที่อนุภาคบีตาพุ่งชนอะตอมของธาตุ ใช้ประโยชน์ในการแพทย์รักษาโรคมะเร็งและในการเกษตร."
แก้มลิง 0,น.,พื้นที่มีลักษณะเป็นแอ่งตามธรรมชาติหรือขุดขึ้นเพื่อรองรับและกักเก็บน้ำในช่วงฝนตกมีน้ำมาก และระบายออกทะเลในช่วงที่น้ำทะเลลดลง เป็นพระราชดำริของพระบาทสมเด็จพระเจ้าอยู่หัวในการบริหารจัดการทรัพยากรน้ำและบรรเทาอุทกภัย.
แก้มแหม่ม 0,น.,ชื่อชมพู่พันธุ์หนึ่งของชนิด Syzygium samarangense (Blume) Merr. et L. M. Perry var. samarangense ผลกลมแป้น สีชมพูเรื่อ ๆ.
แก่มะพร้าว เฒ่ามะละกอ 0,ว.,มีอายุมากแต่ไม่มีแก่นสาร.
แก่มะพร้าวห้าว 0,ว.,"มีอายุและมีคุณค่า, ใช้เข้าคู่กับ เฒ่าหัวเผือกหัวมัน เป็น แก่มะพร้าวห้าว เฒ่าหัวเผือกหัวมัน."
แก้มือ 0,ก.,"ขอสู้ใหม่, ทำสิ่งที่เสียแล้วเพื่อให้ดีขึ้น."
แกรก 0,ว.,"เสียงดังเหมือนเล็บขูดพื้น, เสียงอย่างเสียงที่เกิดจากการย่องหรือเล็ดลอด."
แกร่ง 0,ว.,"แข็ง, แข็งกร้าว."
แกร็น 0,ว.,ไม่เจริญเติบโตตามปรกติ (ใช้แก่ คน สัตว์ และพืช).
แกรนิต 0,น.,หินอัคนีชนิดหนึ่ง ประกอบด้วยหินเขี้ยวหนุมาน หินฟันม้า และแร่กลีบหินเป็นส่วนใหญ่ มีหลายสี ขัดให้เป็นเงาได้ กรดไม่กัด แข็งและทนทานมาก.
แกร็บ 0,น.,เครื่องตีทำด้วยไม้ ใช้ประกอบการแสดงพื้นเมืองภาคอีสาน เช่นเซิ้ง.
แกรไฟต์ 0,น.,อัญรูปหนึ่งของธาตุคาร์บอน ชื่อสามัญเรียกว่า พลัมเบโก (plumbago) หรือแร่ดินสอดำ ลักษณะเป็นของแข็ง มีรูปผลึกเป็นแผ่นบาง ๆ ทึบแสง อ่อนนุ่ม สีเทาเข้มถึงดำ เนื้ออ่อน เป็นตัวนำความร้อนและไฟฟ้าได้ดี มักใช้ทำไส้ดินสอดำ เบ้าหลอมโลหะ นํ้ามันหล่อลื่นบางชนิด ไส้ถ่านไฟฉาย ไส้ไฟอาร์ก ใช้เป็นตัวลดความเร็วช่วยควบคุมจำนวนอนุภาคนิวตรอนในเครื่องปฏิกรณ์นิวเคลียร์.
แกร่ว 0,ว.,ทนรอหรือทนอยู่กับที่เป็นเวลานาน.
แกระ 0,น.,เครื่องมือชนิดหนึ่งสำหรับตัดรวงข้าว ใช้ทางปักษ์ใต้.
แกระ 1,ก.,"ตัด, แทง, เช่น กฤชกรดแกระทรวง (ขุนช้างขุนแผน)."
แกระ 2,น.,กรับ.
แก่แรด 0,ว.,"จัดจ้านเกินอายุ, แก่เกินอายุ, แก่มาก."
แกล 0,น.,"หน้าต่างพระตำหนักหรือตำหนักที่ไม่มีซี่กรง, ใช้ว่า พระแกล."
แกล่ 0,ว.,"ใกล้, เกือบ, เช่น สามลักษณะนี้ใกล้ แกล่แม้นไป่มี (โลกนิติ)."
แกล้ง 0,ก.,"ทำให้เดือดร้อนรำคาญ เช่น เขาแกล้งฉัน, แสร้ง เช่น เขาแกล้งทำเป็นปวดฟัน, จงใจทำ พูด หรือแสดงอาการอย่างใดอย่างหนึ่งเพื่อให้เขาเสียหาย อาย เดือดร้อน ขัดข้อง เข้าใจผิด เป็นต้น เช่น ข้าพเจ้าไม่ได้ทำผิดเลยแต่เขาแกล้งใส่ร้าย"
แกล้ง 1,ก.,"ตั้งใจ, จงใจ, เช่น แกล้งประกาศแก่สงฆ์ (ม. คำหลวง วนปเวสน์)."
แกล้งเกลา 0,ว.,"ประณีต, ประดิดประดอย."
แกล้งดิน 0,ก.,กระบวนการแก้ปัญหาสภาพดินเปรี้ยวตามแนวพระราชดำริของพระบาทสมเด็จพระเจ้าอยู่หัว โดยใช้กรรมวิธีเร่งปฏิกิริยาเคมีในดิน ทำให้ดินเปรี้ยวอย่างรุนแรงแล้วใช้ระบบชลประทานนำน้ำมาเจือจางดินเปรี้ยวทำสลับไปมา จนเปลี่ยนสภาพดินให้สามารถเพาะปลูกได้.
แกลน 0,ก.,"คร้าม, กลัว, เกรง, เช่น ฤๅแกลนกำลังศร (สรรพสิทธิ์)."
แกลบ 0,น.,เปลือกข้าวที่สีหรือตำแตกออกจากเมล็ดข้าว.
แกลบ 1,น.,"ชื่อแมลงหลายชนิดหลายสกุลและหลายวงศ์ อันดับ Blattodea ลักษณะคล้ายแมลงสาบ แต่มีขนาดเล็กกว่า คือ ยาว ๑.๐-๒.๕ เซนติเมตร ลำตัวแบน รูปไข่ ขอบหน้าด้านหลังของปล้องอกยื่นออกไปคลุมหัว หนวดยาว ขายาวปกคลุมด้วยหนาม บางชนิดอาศัยอยู่ตามขี้เลื่อย หรือกองแกลบที่ผุพัง เช่น ชนิด Pycnoscelus surinamensis (Linn.) ในวงศ์ Blaberidae บางชนิดอาศัยอยู่ในบ้านเรือน ตามกองกระดาษหรือเศษขยะมูลฝอย เช่น ชนิด Blattella germanica (Linn.), Supella supellectilium (Serville) ในวงศ์ Blattellidae."
แกลบ 2,น.,เรียกม้าพันธุ์เล็ก ว่า ม้าแกลบ
แกลบ 3,น.,เรียกวิหารขนาดเล็ก ว่า วิหารแกลบ.
แกลบหนู 0,น.,"ชื่อไม้พุ่ม ๓ ชนิดในสกุล Dendrolobium และ Dicerma วงศ์ Leguminosae คือ ชนิด D. triangulare (Retz.) Schindl. มักขึ้นในที่โล่งตํ่าซึ่งชุ่มแฉะในฤดูฝน ฝักเล็กแบนคอดกิ่วเป็นข้อ ๆ ใช้ทำยาได้, ขมิ้นนาง ขมิ้นลิง ลูกประคำผี หน้านวล เหนียวหมา หรือ อีเหนียว ก็เรียก, ชนิด D. lanceolatum (Dunn) Schindl. ขึ้นตามป่าผลัดใบที่มีต้นไผ่ สูงประมาณ ๑ เมตร ใบรูปไข่กลับ โคนใบสอบ, กระดูกเขียด แกลบหนู แกลบหูหนู แปรงหูหนู หรือ อึ่งใหญ่ ก็เรียก, และชนิด Dicerma biarticulatum (L.) DC. ชอบขึ้นตามไหล่ทางที่ตัดผ่านทุ่งนา สูงประมาณ ๑ เมตร ใบเล็กคล้ายใบมะขาม ดอกสีม่วง."
แกลบหูหนู 0,น.,"ชื่อไม้พุ่ม ๓ ชนิดในสกุล Dendrolobium และ Dicerma วงศ์ Leguminosae คือ ชนิด D. triangulare (Retz.) Schindl. มักขึ้นในที่โล่งตํ่าซึ่งชุ่มแฉะในฤดูฝน ฝักเล็กแบนคอดกิ่วเป็นข้อ ๆ ใช้ทำยาได้, ขมิ้นนาง ขมิ้นลิง ลูกประคำผี หน้านวล เหนียวหมา หรือ อีเหนียว ก็เรียก, ชนิด D. lanceolatum (Dunn) Schindl. ขึ้นตามป่าผลัดใบที่มีต้นไผ่ สูงประมาณ ๑ เมตร ใบรูปไข่กลับ โคนใบสอบ, กระดูกเขียด แกลบหนู แกลบหูหนู แปรงหูหนู หรือ อึ่งใหญ่ ก็เรียก, และชนิด Dicerma biarticulatum (L.) DC. ชอบขึ้นตามไหล่ทางที่ตัดผ่านทุ่งนา สูงประมาณ ๑ เมตร ใบเล็กคล้ายใบมะขาม ดอกสีม่วง."
แกล้ม 0,น.,"ของกินกับเหล้า, กับแกล้ม ก็ว่า."
แกล้ม 1,ว.,"ไปด้วยกัน, ควบคู่กันไป, แกมกัน, (ใช้แก่กริยากิน) เช่น กินแกล้มเหล้า."
แกลลอน 0,น.,"หน่วยวัดปริมาตรของอังกฤษ ๑ แกลลอน = ๔.๕๔๖๐๙ ลิตร (British Imperial gallon), หน่วยวัดปริมาตรของสหรัฐอเมริกา ๑ แกลลอน = ๓.๗๘๕๔๔ ลิตร (U.S. gallon)."
แกลเลียม 0,น.,ธาตุลำดับที่ ๓๑ สัญลักษณ์ Ga เป็นโลหะสีขาวคล้ายเงิน ลักษณะเป็นของแข็ง หลอมละลายที่ ๒๙.๗๘ °ซ. เดือดที่ ๒๑๐๐ °ซ. ใช้ทำเทอร์โมมิเตอร์ชนิดใช้วัดอุณหภูมิสูง ๆ สารประกอบแกลเลียมอาร์เซไนด์ใช้ประโยชน์เป็นวัตถุกึ่งตัวนำ.
แกล้ว 0,ว.,"กล้า, องอาจ, เก่ง, ว่องไว."
แกละ 0,น.,ผมเด็กผู้ชายที่เอาไว้เป็นแหยมตรงแง่ศีรษะ เรียกว่า ผมแกละ.
แก้ลำ 0,ก.,ใช้ชั้นเชิงตอบโต้ให้เท่าเทียมกันหรือหนักมือขึ้น.
แกแล 0,น.,"กาแล, ชื่อไม้เครื่องเรือนที่ต่อจากปั้นลมทั้ง ๒ ด้านไปไขว้กัน อยู่ตอนบนสุดของหลังคาที่ยื่นจากหน้าจั่ว อาจสลักลวดลายตามแต่จะเห็นงาม, บางถิ่นเรียก กะแล."
แกแล 1,น.,"ชื่อไม้พุ่มรอเลื้อยเนื้อแข็งชนิด Maclura cochinchinensis (Lour.) Corner ในวงศ์ Moraceae ขึ้นในป่าดิบ ต้นมีหนาม แก่นเหลืองใช้ย้อมผ้าและทำยา, กะแล หรือ เข ก็เรียก."
แกว 0,น.,คนชาติหนึ่งในเขตตังเกี๋ย.
แก้ว 0,น.,"หินแข็งใส แลลอดเข้าไปข้างในได้ ได้แก่จำพวกเพชรพลอย, ของที่ทำเทียมให้มีลักษณะเช่นนั้น, ของที่ได้จากการใช้ทรายขาวเป็นส่วนประกอบสำคัญมาหลอมกับสารที่มีสมบัติเป็นด่างเช่นออกไซด์ของโซเดียม ออกไซด์ของแคลเซียม แล้วมีลักษณะเช่นนั้น"
แก้ว 1,น.,"เรียกภาชนะที่ทำด้วยแก้วสำหรับใส่นํ้ากินเป็นต้น ว่า ถ้วยแก้ว หรือเรียกสั้น ๆ ว่า แก้ว, เรียกภาชนะที่ทำด้วยแก้ว เช่น ชามแก้ว"
แก้ว 2,น.,"โดยปริยายหมายถึงสิ่งที่เคารพนับถือยิ่ง ในคำว่า แก้วทั้ง ๓ อันหมายถึง พระรัตนตรัย, หรือใช้ประกอบคำนามให้หมายความว่าสิ่งนั้นมีค่ามาก เป็นที่รัก หรือดีเยี่ยม เช่น นางแก้ว ช้างแก้ว ม้าแก้ว ลูกแก้ว, หรือใช้เรียกของใสบางชนิด เช่น กระดาษแก้ว ผ้าแก้ว ข้าวเหนียวแก้ว."
แกว 1,น.,เรียกไม้ยาว ๆ ที่ผูกเบ็ดที่ปลายสำหรับชักกบในรู ว่า ขอแกว.
แก้ว 3,น.,ชื่อนกปากขอหลายชนิด ในวงศ์ Psittacidae ปากสีแดงหรือเหลือง จะงอยปากบนงอโค้งเป็นขอปลายแหลมขยับไปมาและขึ้นลงได้ จะงอยปากล่างขยับไปข้างหน้าและถอยมาข้างหลังได้ หัวค่อนข้างโต ลำตัวป้อม สีส่วนใหญ่ของลำตัวเป็นสีเขียวอมเหลือง อยู่ร่วมกันเป็นฝูง กินเมล็ดพืชและผลไม้ ในประเทศไทยมี ๗ ชนิด แต่ที่เรียกว่านกแก้วมี ๒ ชนิด ได้แก่ แก้วโม่ง [ Psittacula eupatria (Linn.)] ซึ่งเป็นนกแก้วขนาดใหญ่ที่สุดของไทย และแก้วหัวแพร ( P. roseata Biswas) .
แกว 2,น.,"เบาะแส, ระแคะระคาย, ในคำว่า รู้แกว."
แก้ว 4,น.,"ชื่อหนอนผีเสื้อหลายชนิด ส่วนใหญ่อยู่ในวงศ์ Papilionidae และ Sphingidae ลำตัวอ่อนนุ่ม ยาว ๕-๖ เซนติเมตร ผิวลำตัวเรียบเป็นมัน มีสีต่าง ๆ กัน บางชนิดสีเขียว เขียวอมเหลือง และบางชนิดมีลายเป็นดวง ๆ บางชนิดปล่อยสารใสคล้ายแก้วเมื่อแห้งจะเห็นเป็นทาง เช่น หนอนแก้วส้ม ชนิด Papilio demoleus malayanusWallace, P. polytes romulus Cramer ในวงศ์ Papilionidae หนอนยี่โถ ชนิด Dephnis nerii (Linn.) ในวงศ์ Sphingidae."
แก้ว 5,น.,"ชื่อปลาทะเลพวกปลาจวดชนิด Otolithoides biauritus (Cantor) ในวงศ์ Sciaenidae ลำตัวยาวเรียว ปากเล็ก ทู่ ฟันเล็ก ครีบหางแหลม ก้านครีบก้นมีขนาดเล็ก เกล็ดในแนวเส้นข้างตัวขยายใหญ่และนูนเป็นสัน ลำตัวสีเทา ใกล้สันท้องมีสีเงินคล้ายปลาจวดชนิดอื่น ๆ ขนาดยาวได้ถึง ๑ เมตร, จวดลาก ก็เรียก."
แก้ว 6,น.,ชื่อไม้พุ่มหรือไม้ต้นขนาดกลางชนิด Murraya paniculata (L.) Jack ในวงศ์ Rutaceae ขึ้นตามป่าดิบ กิ่งก้านสีขาว ใบสีเขียวสดเป็นมัน ดอกสีขาว กลิ่นหอม เนื้อไม้แข็งใส เหนียว มีลาย ใช้ทำด้ามมีดและไม้ถือ.
แก้ว 7,น.,ชื่อมะม่วงพันธุ์หนึ่งของชนิด Mangifera indica L. นิยมกินดิบ ๆ หรือดอง.
แก้ว 8,น.,ส้มแก้ว. (ดู ส้ม ๑).
แก้ว 9,น.,(ถิ่น-พายัพ) ต้นพิกุล. (ดู พิกุล).
แก้วก๊อ 0,น.,ทับทิม.
แก้วกาหลง 0,น.,ต้นกระเบาใหญ่ที่มีแต่ดอกเพศผู้. (ดู กระเบา ๑).
แก้วกุ้ง 0,น.,"รังไข่ของกุ้งที่เจริญเต็มที่ มีสีแดงอมส้มหรือสีส้ม, ชาวบ้านเข้าใจว่าเป็นมันกุ้งที่เป็นก้อนอยู่ในหัวกุ้ง."
แก้วแกลบ 0,น.,ตะกรันเกิดจากเถ้าแกลบที่แข็ง มีสีขาว
แก้วแกลบ 1,น.,ชื่อแร่หินชนิดหนึ่ง.
แกว่ง 0,ก.,"อาการที่เคลื่อนไหวไปทางโน้นทีทางนี้ทีโดยที่โคนหรือต้นของสิ่งนั้นติดอยู่กับสิ่งอื่น, โดยปริยายหมายความว่า ไม่อยู่กับที่, ไม่อยู่ในแนว, เช่น จิตแกว่ง."
แกว่งกวัด 0,ก.,"จับด้ามวัตถุแล้วปัดไปมา เช่น แกว่งกวัดอาวุธ, ไม่อยู่ที่ เช่น จิตแกว่งกวัด, กวัดแกว่ง ก็ว่า."
แกว่งไกว 0,ก.,แกว่งไปมา.
แกว่งตีนหาเสี้ยน 0,ก.,รนหาเรื่องเดือดร้อน.
แกว่งเท้าหาเสี้ยน 0,ก.,รนหาเรื่องเดือดร้อน.
แก้วชิงดวง 0,น.,"ชื่อลายชนิดหนึ่ง เป็นลายแย่งดอกกันหรือเป็นดอกเกี่ยวกัน, ชิงดวง ก็ว่า."
แก้วตา 0,น.,"ส่วนสำคัญของตาที่ทำให้แลเห็น, ส่วนใสของดวงตามีรูปกลมนูนทั้ง ๒ ข้าง ลักษณะใส แต่พื้นหลังนูนออกมากกว่าพื้นหน้า ตั้งอยู่ภายในดวงตา (ข้างหลังกระจกตา กั้นอยู่ระหว่าง posterior chamber กับ vitreous body ของดวงตา)"
แก้วตา 1,น.,โดยปริยายใช้เรียกสิ่งที่รักยิ่ง.
แก้วตาโบ๋ 0,น.,ของกินชนิดหนึ่งของจีน ทำด้วยแป้งสาลี ปั้นเป็นรูปกลมแบน ทอดในน้ำมัน.
แกว่น 0,น.,แก่น.
แกว่น 1,ว.,"แกล้วกล้า, ว่องไว."
แก้วผลึก 0,น.,แก้วหินสีขาวสลัว.
แก้วมรกต 0,น.,ชื่อโรคซางละอองเป็นฝ้าบาง ๆ ที่ขึ้นตามลิ้นและในปาก มีสีเขียวดังสีใบไม้ กระทำให้หน้าเขียว บางทีก็เหลืองหรือดำ ลิ้นกระด้าง คางแข็ง มือกำ เท้างอ.
แก้ววิเชียร 0,น.,ชื่อโรคซางละอองเป็นฝ้าบาง ๆ ที่ขึ้นตามลิ้นหรือเพดานหรือกระพุ้งแก้ม สีขาวดั่งเนื้อในมะพร้าว มีอาการท้องอืด ลงท้องนับหนไม่ถ้วน.
แก้วสารพัดนึก 0,น.,แก้วที่เชื่อกันว่า ถ้าผู้ใดมีอยู่แล้ว นึกอะไรได้อย่างใจ.
แก้วสีไม้ไผ่ 0,น.,"ไพฑูรย์, เพชรตาแมว."
แก้วเสียง 0,น.,คุณลักษณะพิเศษของเสียงผู้ขับร้องบางคน ที่เมื่อเสียงขับร้องสูงถึงระดับหนึ่งจะมีเสียงที่ไพเราะกังวานใส เรียกว่า มีแก้วเสียงดี.
แก้วหิน 0,น.,แร่เขี้ยวหนุมาน สีขาวใสหรือมัว.
แก้วหู 0,น.,เยื่อในหูสำหรับรับเสียง.
แก่วัด 0,ว.,"อยู่วัดนาน, มีท่าทีหรือความคิดเห็นแบบคนที่ได้รับการอบรมจากวัดหรืออยู่วัดนาน"
แก่วัด 1,ว.,รู้มาก.
แก๊ส 0,น.,"อากาศธาตุ, (วิทยา) สถานะหนึ่งของสสาร รูปร่างและปริมาตรไม่คงที่ ขึ้นอยู่กับภาชนะที่บรรจุ, เรียกไฟซึ่งเกิดจากการจุดอะเซทิลีน (acetylene) ซึ่งได้จากก้อนแคลเซียมคาร์ไบด์ทำปฏิกิริยากับน้ำว่า ไฟแก๊ส, ก๊าซ ก็ว่า."
แก๊สไข่เน่า 0,น.,แก๊สพิษชนิดหนึ่ง มีกลิ่นเหม็นเหมือนไข่เน่า มีสูตร H_2S เกิดขึ้นจากการเสื่อมสลายของสารอินทรีย์ที่ประกอบด้วยกำมะถัน ในธรรมชาติมักมีปรากฏละลายอยู่ในบ่อนํ้าร้อนและในแหล่งนํ้าแร่บางแห่ง.
แก๊สเฉื่อย 0,น.,"ธาตุที่เป็นแก๊ส มีสมบัติไม่ไวต่อปฏิกิริยาเคมี ได้แก่ ฮีเลียม นีออน อาร์กอน คริปทอน ซีนอน และเรดอน, ปัจจุบันเรียก ก๊าซมีตระกูลหรือแก๊สมีตระกูล (noble gases) ก๊าซหายากหรือแก๊สหายาก (rare gases)."
แก๊สชีวภาพ 0,น.,แก๊สที่เกิดจากการเสื่อมสลายผุพังของสิ่งมีชีวิต หรือสิ่งที่สืบเนื่องจากสิ่งมีชีวิต ติดไฟได้ ใช้เป็นเชื้อเพลิงเป็นต้น.
แก๊สน้ำตา 0,น.,สารที่อยู่ในสภาพที่แพร่กระจายเป็นไอหรือควัน ทำให้ระคายเคืองนัยน์ตาอย่างรุนแรง นํ้าตาไหล และมองไม่เห็นชั่วขณะหนึ่ง.
แก๊สหุงต้ม 0,น.,แก๊สที่ประกอบด้วยสารอินทรีย์ที่ติดไฟได้ง่าย ใช้ในการหุงต้มเป็นต้น.
แก้หน้า 0,ก.,ทำให้พ้นอาย.
แกะ 0,น.,ชื่อสัตว์เลี้ยงลูกด้วยนมในสกุล Ovis วงศ์ Bovidae เป็นสัตว์เคี้ยวเอื้องรูปร่างคล้ายแพะ แต่ไม่มีเครา มีเขา ๑ คู่ ไม่ผลัดเขา มีขนาดใหญ่โค้งงอ ปลายบิดไปข้างหน้า โคนเขาถึงประมาณกลางเขามีวงนูนลักษณะคล้ายพาลี ขนบนลำตัวยาวและอ่อนนุ่ม ใช้ทำเครื่องนุ่งห่ม ชนิดที่นำเลี้ยง ได้แก่ ชนิดย่อย Ovis amon aries Linn.
แกะ 1,ก.,"เอาเล็บมือค่อย ๆ แคะเพื่อให้หลุดออก เช่น แกะสะเก็ด, เอาสิ่งที่มีลักษณะคล้ายเล็บมือทำเช่นนั้น, ทำเป็นลวดลายหรือรูปต่าง ๆ ด้วยเครื่องมือ โดยวิธีแกะ เช่น แกะตรา, โดยปริยายหมายความว่า เหมือนกันอย่างกับโขกหรือแคะมาจากพิมพ์เดียวกัน ในความว่า เหมือนกันอย่างกับแกะ"
แกะ 2,ก.,เอามือแงะหรือง้างสิ่งที่เกาะติดกันแน่นหรือกอดไว้แน่นให้หลุดออกจากกัน เช่น แกะมือที่กำแน่น.
แกะดำ 0,น.,คนที่ทำอะไรผิดเพื่อนผิดฝูงในกลุ่มนั้น ๆ (ใช้ในทางไม่ดี).
แกะรอย 0,ก.,ติดตามหาร่องรอย.
แกะแร 0,ก.,แกะพื้นผิวโลหะให้เป็นเส้นหรือเป็นเหลี่ยมขึ้นเงาดูคล้ายฝังเพชร.
แกะสะเก็ด 0,ก.,เป็นคำเปรียบหมายความว่ารื้อฟื้นเรื่องเก่าขึ้นมาพูดให้เจ็บใจ.
โก่ 0,ก.,"กู่ตะโกน, เรียกดัง ๆ."
โก๋ 0,น.,ชื่อขนมชนิดหนึ่ง ทำด้วยแป้งข้าวเหนียวผสมนํ้าตาลทราย อัดใส่พิมพ์เป็นรูปต่าง ๆ.
โก้ 0,ก.,"กู่ตะโกน, เรียกดัง ๆ."
โก้ 1,ว.,หรูหราภูมิฐาน (มักใช้แก่กิริยาแต่งตัวหรือการแสดงกิริยาอื่น ๆ).
โกก 0,น.,"ไม้รูปโค้งปลายทั้ง ๒ ข้างงอขึ้นเล็กน้อย ใช้พาดคอวัวหรือคอควายสำหรับลากเลื่อนเป็นต้น, คอม ตะโกก หรือ ตะโหงก ก็เรียก."
โกก 1,ว.,เสียงดังอย่างเคาะไม้ด้วยกะลา.
โกก 2,ว.,คอก เช่น แขนโกก ว่า แขนคอก.
โกกเกก 0,ก.,"คดโกง, เกะกะระราน, เกกมะเหรก, เช่น มีกิริยาโกกเกกร้ายกาจ (ม. กาพย์ กุมารบรรพ)."
โกกนุท 0,น.,บัวแดง.
โกกิล- 0,น.,นกดุเหว่า เช่น โกกิลาหรือจะฝ่าเข้าฝูงหงส์ (ม. ร่ายยาว ทานกัณฑ์).
โกกิลา 0,น.,นกดุเหว่า เช่น โกกิลาหรือจะฝ่าเข้าฝูงหงส์ (ม. ร่ายยาว ทานกัณฑ์).
โก้เก๋ 0,ว.,หรูหรางามเข้าที (มักใช้แก่กิริยาแต่งตัวหรือการแสดงกิริยาอื่น ๆ).
โกโก้ 0,น.,ชื่อเครื่องดื่มที่ทำมาจากเมล็ดผลโกโก้.
โกโก้ 1,น.,ชื่อไม้ต้นชนิด Theobroma cacao L. ในวงศ์ Sterculiaceae ดอกเล็ก สีขาวอมเหลืองหรือขาวอมชมพู ออกตามกิ่งและลำต้น ผลคล้ายมะละกอขนาดเล็ก ผิวแข็งขรุขระ สีนํ้าตาล เมล็ดแก่คั่วแล้วบดเป็นผง ใช้ชงเป็นเครื่องดื่มและทำขนมได้.
โกง 0,ก.,"ใช้อุบายหรือเล่ห์เหลี่ยมหลอกลวง เช่น โกงเงิน, แสดงอาการดื้อไม่ยอมทำตาม เช่น เด็กโกง ม้าโกง."
โกง 1,ว.,"โค้ง, ไม่ตรง, เช่น หลังโกง."
โก่ง 0,ก.,"ทำให้งอเป็นรูปโค้ง, ทำให้โค้ง, เช่น โก่งศร โก่งคอ, ก่ง ก็ว่า"
โก่ง 1,ก.,บอกราคาเกินสมควร เช่น โก่งราคา.
โก่ง 2,ว.,"โค้ง เช่น คิ้วโก่ง, ก่ง ก็ว่า."
โกงกาง 0,น.,"ชื่อไม้ต้นในสกุล Rhizophora วงศ์ Rhizophoraceae ขึ้นตามป่าเลนชายทะเล นิยมใช้ทำฟืนและเผาถ่านกันมาก เมล็ดงอกตั้งแต่อยู่บนต้น ลักษณะเรียวยาวคล้ายฝัก มี ๒ ชนิด คือ โกงกางใบใหญ่หรือกงกอน ( R. mucronata Poir.) และโกงกางใบเล็ก ( R. apiculata Blume) ชนิดนี้นิยมใช้ทำฟืนและเผาถ่านกันมาก, พังกา ก็เรียก."
โก้งเก้ง 0,ว.,มีลักษณะหรือท่าทางสูงโย่งเย่ง.
โกงโก้ 0,ว.,กงโก้.
โก้งโค้ง 0,ก.,"โก่งก้นให้โด่ง, โน้มตัวลงยกก้นให้สูงขึ้น, ก้งโค้ง ก็ว่า."
โก้งโค้ง 1,น.,ที่เทลูกบาศก์สกา รูปคล้ายครก.
โกงเจ้าหนี้ 0,น.,เป็นฐานความผิดอาญา ที่ลูกหนี้ทำให้เกิดความเสียหายแก่ทรัพย์ที่ตนจำนำไว้ หรือกระทำการบางอย่างที่ทำให้เจ้าหนี้เสียหายในการที่จะได้รับชำระหนี้ เช่น โอนทรัพย์ให้คนอื่นหรือแกล้งเป็นหนี้ที่ไม่เป็นความจริง.
โกเชาว์ 0,น.,ผ้าทำด้วยขนแพะ เช่น ไพจิตรนิทรกำราล กาฬโกเชาว์ (ม. คำหลวง ทานกัณฑ์).
โกญจ- 0,น.,นกกระเรียน เช่น แขกเต้าดุเหว่าแก้ว โกญจา (โลกนิติ).
โกญจนะ 0,*น.,ย่อมาจาก โกญจนาท เช่น เสียงช้างก้องโกญจนสำเนียง (สมุทรโฆษ).
โกญจ-นาท 0,น.,"การบันลือเสียงเหมือนนกกระเรียน, ความกึกก้อง, (โดยมากใช้แก่เสียงช้าง)."
โกญจา 0,น.,นกกระเรียน เช่น แขกเต้าดุเหว่าแก้ว โกญจา (โลกนิติ).
โกฏิ 0,น.,ชื่อมาตรานับ เท่ากับ ๑๐ ล้าน.
โกฐ 0,น.,"ชื่อเครื่องยาสมุนไพรจำพวกหนึ่ง ได้จากส่วนต่าง ๆ ของพืช มีหลายชนิด คือ โกฐทั้ง ๕ ได้แก่ โกฐหัวบัว โกฐสอ โกฐเขมา โกฐเชียง โกฐจุฬาลัมพา, โกฐทั้ง ๗ เพิ่ม โกฐกระดูก โกฐก้านพร้าว, โกฐทั้ง ๙ เพิ่ม โกฐพุงปลา โกฐชฎามังสี, และมีโกฐพิเศษอีก ๓ ชนิด คือ โกฐกักกรา โกฐกะกลิ้ง และโกฐนํ้าเต้า, ตำรายาแผนโบราณเขียนเป็น โกฎ โกฏ โกฏฐ์ โกด หรือ โกษฐ์ ก็มี."
โกฐกระดูก 0,น.,ชื่อเรียกเหง้าแห้งของไม้ล้มลุกชนิด Saussurea lappa C. B. Clarke ในวงศ์ Compositae.
โกฐกะกลิ้ง 0,น.,ชื่อเรียกเมล็ดแก่แห้งของต้นแสลงใจ ( Strychnos nux-vomica L.) ในวงศ์ Strychnaceae.
โกฐกักกรา 0,น.,ชื่อเรียกรากแห้งของไม้ล้มลุกชนิด Anacyclus pyrethrum (L.) DC. ในวงศ์ Compositae.
โกฐก้านพร้าว 0,น.,"ชื่อเรียกรากแห้งของไม้ล้มลุกชนิด Picrorhiza kurroa Royle ex Benth. ในวงศ์ Scrophulariaceae, โกฐก้านมะพร้าว ก็เรียก."
โกฐเขมา 0,น.,"ชื่อเรียกเหง้าและรากแห้งของไม้ล้มลุกหลายชนิดในสกุล Atractylodes วงศ์ Compositae เช่น ชนิด A. lancea (Thunb.) Dc., โกฐหอม ก็เรียก."
โกฐจุฬาลัมพา 0,น.,"ชื่อเรียกเรือนยอด (แห้ง) ที่กำลังมีดอกของพืช ๓ ชนิด ในสกุล Artemisia วงศ์ Compositae เช่น ชนิด A. annua L., A. vulgaris L."
โกฐจุฬาลำพา 0,น.,"ชื่อเรียกเรือนยอด (แห้ง) ที่กำลังมีดอกของพืช ๓ ชนิด ในสกุล Artemisia วงศ์ Compositae เช่น ชนิด A. annua L., A. vulgaris L."
โกฐชฎามังษี 0,น.,ชื่อเรียกรากแห้งของไม้ล้มลุกชนิด Nardostachys jatamansi DC. ในวงศ์ Valerianaceae.
โกฐชฎามังสี 0,น.,ชื่อเรียกรากแห้งของไม้ล้มลุกชนิด Nardostachys jatamansi DC. ในวงศ์ Valerianaceae.
โกฐเชียง 0,น.,ชื่อเรียกเหง้าและรากแห้งของไม้ล้มลุกชนิด Angelica sinensis (Oliv.) Diels และชนิด Livisticum officinale W. D. J. Koch. ในวงศ์ Umbelliferae.
โกฐน้ำเต้า 0,น.,"ชื่อเรียกเหง้าและรากแห้งของพืช ๖ ชนิด ในสกุล Rheum วงศ์ Polygonaceae เช่น ชนิด R. officinale Baill., R. palmatum L."
โกฐพุงปลา 0,น.,"ชื่อเรียกสิ่งที่นูนปูดขึ้นมาตามกิ่งและใบของไม้ต้นหลายชนิดในสกุล T erminalia วงศ์ Combretaceae เช่น สมอไทย ( T. chebula Retz.), อีสานเรียก ปูดกกส้มมอ."
โกฐสอ 0,น.,"ชื่อเรียกรากแห้งของไม้ล้มลุกหลายชนิดในสกุล Angelica วงศ์ Umbelliferae เช่น ชนิด A. sylvestris L., A. glabra Makino."
โกฐหอม 0,น.,"ชื่อเรียกเหง้าและรากแห้งของไม้ล้มลุกหลายชนิดในสกุล Atractylodes วงศ์ Compositae เช่น ชนิด A. lancea (Thunb.) Dc., โกฐหอม ก็เรียก."
โกฐหัวบัว 0,น.,"ชื่อเรียกเหง้า ราก ใบ และดอกแห้งของไม้ล้มลุก ๓ ชนิด ในวงศ์ Umbelliferae คือ ชนิด Cnidium officinale Makino, Conioselinum univittatum Turcz. ex H. Karsten et Kirilow และ Ligusticum striatum DC."
โกฐาส 0,น.,ส่วน เช่น พรพอใจบ้นนน้นนอนนเป็นโกฐาสถ้อย (ม. คำหลวง ทศพร).
โกณก 0,น.,"มุม, เหลี่ยม, เช่น เปนจดูรโกณก ครรโภทกเพ็ญพยง (ม. คำหลวง วนปเวสน์)."
โกณะ 0,น.,"มุม, เหลี่ยม, เช่น เปนจดูรโกณก ครรโภทกเพ็ญพยง (ม. คำหลวง วนปเวสน์)."
โกดัง 0,น.,"โรงเก็บสินค้าหรือสิ่งของเป็นต้น, กุดัง ก็เรียก."
โกตไต 0,น.,"เสื้อชนิดหนึ่ง เช่น ห่มโกตไตอวดอ้าง (พยุหยาตรา), กุฏไต ก็ว่า."
โกทัณฑ์ 0,น.,เกาทัณฑ์.
โก่น 0,ก.,ก่น.
โก๋น 0,น.,"โพรงไม้, รูที่อยู่ตามลำต้นไม้."
โก๋น 1,ว.,เรียกผึ้งที่ทำรังในโพรงไม้ ว่า ผึ้งโก๋น.
โกน 0,น.,ลูก.
โกน 1,ก.,ขูดผมหรือขนด้วยคมมีด.
โกน 2,น.,"ชื่อวันที่พระสงฆ์ในเมืองไทยปลงผม ตรงกับวันขึ้น ๑๔ คํ่า หรือแรม ๑๔ คํ่า ถ้าเป็นเดือนขาดก็เป็นแรม ๑๓ คํ่า เรียกว่า วันโกน, คู่กับ วันพระ"
โกน 3,น.,ชื่อวันก่อนวันพระวันหนึ่งได้แก่วันขึ้น ๗ คํ่า ขึ้น ๑๔ คํ่า แรม ๗ คํ่า และแรม ๑๔ คํ่า ถ้าเป็นเดือนขาดก็แรม ๑๓ คํ่า เรียกว่า วันโกน.
โก่นสร้าง 0,ก.,"ขุดโค่นต้นไม้ตอไม้และแผ้วถางเพื่อปลูกสร้าง, ก่นสร้าง ก็ว่า."
โกปินำ 0,น.,ผ้าปิดของลับ เช่น แล้วเกี่ยวรัดโกปินำ (รามเกียรติ์ ร. ๑). (ป. โกปิน).
โกมล 0,ว.,"อ่อน, งาม, หวาน, ไพเราะ, เช่น กรรณาคือกลีบกมลโก- มลกามแกล้งผจง (สมุทรโฆษ)."
โกมล 1,น.,ดอกบัว เช่น ก็ทัดทานวาริชโกมล (ม. คำหลวง มหาราช).
โกมุท 0,น.,บัวแดง.
โกเมน 0,น.,ชื่อหัวแหวนอย่างหนึ่ง สีเหลืองอ่อนเจือขาว (ปรัดเล)
โกเมน 1,น.,พลอยสีแดงเข้ม.
โกเมศ 0,น.,"ดอกบัว, บัว."
โกย 0,ก.,"อาการที่ใช้มือหรือสิ่งอื่นคุ้ยหรือกวาดสิ่งต่าง ๆ เช่น ข้าว ถ่าน มาทีละมาก ๆ, ขนหรือรวบเอาไปเป็นจำนวนมาก"
โกย 1,ก.,วิ่งหนีไปโดยเร็ว.
โกยท้อง 0,ก.,"ฝืนท้อง, ใช้มือทั้ง ๒ ช้อนท้องเพื่อให้หายแน่นท้องเป็นต้น."
โกร้ 0,ว.,คํ้า เช่น ยืนโกร้.
โกรก 0,ก.,"เทให้ไหลเรื่อยไปยังที่หมาย เช่น โกรกนํ้า, เทให้ไหลลงไป เช่น เอานํ้าโกรกหัว"
โกรก 1,ก.,เลื่อยกระดานไปตามยาวหรือตามแนวที่กำหนด เช่น โกรกไม้
โกรก 2,ก.,พัดอยู่เรื่อย ๆ เช่น ลมโกรก.
โกรก 3,น.,"ช่องลึกของเขา, โตรก ก็ว่า."
โกรกกราก 0,น.,ชื่อเครื่องมือสำหรับไชไม้
โกรกกราก 1,น.,กระบอกไม้ไผ่มีหลักปักอยู่กลางเติ่งสำหรับทอดดวด.
โกรกไกร 0,น.,"โตรกไตร, โกรก หรือ โตรก ก็ว่า."
โกรกธาร 0,น.,หุบผาลึกชันและแคบมาก มีหน้าผาชัน ๒ ข้าง มักมีลำธารอยู่เบื้องล่าง.
โกรกผม 0,ก.,"ใช้ครีมหรือน้ำยาเพื่อเปลี่ยนสีผม, ย้อมผม ก็ว่า."
โกรกหวัด 0,ก.,"เอาน้ำต้มหัวหอม ใบมะขามอ่อน และใบส้มป่อย เป็นต้น รดหัวเพื่อแก้หวัด, โกรกหัว ก็ว่า."
โกรกหัว 0,ก.,"เอาน้ำต้มหัวหอม ใบมะขามอ่อน และใบส้มป่อย เป็นต้น รดหัวเพื่อแก้หวัด, โกรกหวัด ก็ว่า."
โกรง 0,ว.,เสียงกระแทกดังโครม ๆ เช่น กระทุ้งเส้ากราวโกรง (สุบิน).
โกร่ง 0,น.,"เครื่องบดยารูปคล้ายครกหรือถ้วย มีสากสำหรับบดให้ละเอียด, ลักษณนามว่า ใบ"
โกร่ง 1,น.,ภาชนะรูปอย่างกล่องมีลิ้น ใช้ตามบ่อนเบี้ยสำหรับใส่อีแปะ.
โกร่ง 2,น.,โลหะรูปโค้งที่ด้ามกระบี่หรือดาบบางชนิด สำหรับป้องกันไม่ให้อาวุธถูกมือ
โกร่ง 3,น.,ส่วนที่เป็นรูปโค้งเหนือคอระฆัง.
โกร่ง 4,น.,"เรียกจิ้งหรีดชนิด Brachytrypes portentosus (Lichtenstein) ว่า อ้ายโกร่ง, จิ้งโกร่ง หรือ หัวตะกั่ว ก็เรียก. (ดู จิ้งโกร่ง)."
โกร่ง 5,น.,เครื่องตีทำด้วยกระบอกไม้ไผ่ค่อนข้างยาว เจาะรูเป็นช่วง ๆ ใช้ไม้กรับตีให้เกิดเสียง เช่น พิณพาทย์ฆ้องกลองดังทั้งเกราะโกร่ง (อิเหนา).
โกร่งกร่าง 0,ว.,โครมคราม เช่น นางอมิตดาก็โกรธโกร่งกร่างกระทืบเท้า (ม. ร่ายยาว ชูชก).
โกรงเกรง 0,ว.,จวนพัง เช่น ศาลาโกรงเกรง.
โกร๋งเกร๋ง 0,ว.,"โหรงเหรง, ไม่หนาแน่น."
โกรญจ 0,น.,"โกญจ, นกกระเรียน, เช่น กาโกรญจโกกิล (สมุทรโฆษ)."
โกรด 0,ว.,"ว่องไว, แข็งแรง"
โกรด 1,ว.,"เต็มที่, เต็มกำลัง, เช่น ผอมเหมือนกวางโกรกโกรด (มโนห์รา)"
โกรด 2,ว.,"เปลี่ยว, คะนอง, เช่น ควายโกรด"
โกรด 3,ว.,โดดเดี่ยว
โกรด 4,ว.,โตรด ก็ใช้.
โกรต๋น 0,ว.,"ชื่อไม้พุ่มชนิด Codiaeum variegatum (L.) A. Juss ในวงศ์ Euphorbiaceae ถิ่นกำเนิดในแหลมมลายูและแปซิฟิก มีหลายพันธุ์ ใบมีรูปร่างและสีต่าง ๆ กัน นิยมปลูกเป็นไม้ประดับ, โกรต๋น ก็เรียก."
โกรธ 0,ก.,"ขุ่นเคืองใจอย่างแรง, ไม่พอใจอย่างรุนแรง, ราชาศัพท์ว่า ทรงพระโกรธ เช่น ก็จะทรงพระโกรธดั่งเพลิงกาล (อิเหนา)."
โกรธเกรี้ยว 0,ก.,"โกรธจัด, เกรี้ยวโกรธ ก็ว่า."
โกรธขึ้ง 0,ก.,"โกรธเอาจริงเอาจัง, โกรธมาก, ขึ้งโกรธ ก็ว่า."
โกรธา 0,ก.,โกรธ.
โกร๋น 0,ว.,"ร่วงโรยเกือบหมด, มีอยู่น้อย, มีห่าง ๆ, เช่น ต้นไม้ใบโกร๋น, มีผมน้อย ในคำว่า หัวโกร๋น."
โกร๋นเกร๋น 0,ว.,โกร๋น.
โกรม 0,ว.,"ใต้, ตํ่า, ล่าง, ใต้ฟ้า เช่น อนนสองดไนยหน่อเหน้าเหง้ากรุงโกรมกษัตริย (ม. คำหลวง ฉกษัตริย์)."
โกรมธาตุ 0,น.,ธาตุใต้ฟ้า คือแผ่นดิน เช่น ปางน้นนไกรโกรมธาตุ (ม. คำหลวง ทานกัณฑ์).
โกรย 0,น.,"หลัง เช่น โจนบหลยวโกรยเกรง ท่านข้า (ยวนพ่าย), อกกระอุกรยมโกรย กระด้าง (ทวาทศมาส)."
โกรศ 0,น.,เสียงร้อง
โกรศ 1,น.,มาตราวัด เท่ากับ ๕๐๐ คันธนู.
โกโรโกเต 0,ว.,"ไม่แน่นหนา, จวนพัง"
โกโรโกเต 1,ว.,"ไม่เป็นโล้เป็นพาย, ไม่เป็นแก่นสาร."
โกโรโกโรก 0,ว.,"แบบบาง, ไม่มั่นคง"
โกโรโกโรก 1,ว.,"ผอมแห้ง, ขี้โรค."
โกโรโกโส 0,ว.,"โกรงเกรง, ไม่มั่นคง, เช่น กระท่อมโกโรโกโส"
โกโรโกโส 1,ว.,ต่ำต้อย เช่น คนโกโรโกโส.
โกลง 0,ว.,โคลง เช่น โกลงกลึงถึงสถาน เปรียบแป้น (ปฏิสังขรณ์วัดป่าโมก).
โกลน 0,น.,ห่วงที่ห้อยลงมาจากอานม้า ๒ ข้างสำหรับสอดเท้ายันในเวลาขึ้นหรือขี่
โกลน 1,น.,ไม้ท่อนกลม ๆ ที่วางเป็นระยะ ๆ เพื่อลากของที่หนักมาบนนั้น.
โกลน 2,ก.,"เกลาไว้, ทำเป็นรูปเลา ๆ ไว้, เช่น โกลนไม้ โกลนเรือ"
โกลน 3,ก.,เรียกเรือที่ทำจากซุงเพียงเปิดปีกเจียนหัวเจียนท้ายเป็นเลา ๆ พอให้มีลักษณะคล้ายเรือแต่ยังไม่ได้ขุด ว่า เรือโกลน.
โกลาหล 0,น.,เสียงกึกก้อง.
โกลาหล 1,ว.,"อื้ออึง, เอิกเกริก, วุ่นวาย, (โบ; กลอน) ใช้เป็น โกลา โกลี ก็มี เช่น เสียงโห่โกลาเกรียงไกร (คำพากย์), พระกุมารโกรธใจเป็นโกลี (ไชยเชฐ)."
โกไล 0,น.,กุ้ง.
โกวเจ็ง 0,น.,"เครื่องดนตรีจีนชนิดหนึ่ง มีสายสำหรับดีด คล้ายจะเข้, กู่เจิง หรือ โกวเจ็ง ก็เรียก."
โกวิท 0,ว.,"ฉลาด, ชำนิชำนาญ, รอบรู้ในการอันใดอันหนึ่ง, เช่น อัศวโกวิท ว่า ผู้มีความชำนาญในเรื่องม้า."
โกวิฬาร 0,น.,ไม้ทองหลาง.
โกศ 0,น.,"สิ่งที่ทำขึ้นสำหรับประกอบนอกพระลองหรือลองที่ใส่พระบรมศพ พระศพ หรือศพ รูปทรงกระบอก ก้นสอบ ปากผาย มีฐาน และมีฝาครอบเป็นเครื่องยอด มีลักษณะแตกต่างกันไปตามอิสริยยศ, ที่ใส่พระบรมอัฐิ พระอัฐิ หรืออัฐิ มีขนาดต่าง ๆ ฝาครอบมียอด, ราชาศัพท์ใช้ว่า พระโกศ"
โกศ 1,น.,คลัง.
โกศ 2,น.,"ฝัก, กระพุ้ง"
โกศ 3,น.,ดอกไม้ตูม เช่น ชมช่อ ไม้เหมือนแก้ม โกศเกลา (ทวาทศมาส).
โกศล 0,ว.,ฉลาด.
โกษ 0,น.,โกศ. (ดู โกศ ๑).
โกษ 1,น.,โลก เช่น อันว่าโกลาหลแต่ผืนแผ่น ดลเท้าแท่นพรหมโกษ (ม. คำหลวง กุมาร).
โกษม 0,น.,"ผ้าใยไม้ (ผ้าลินิน), ผ้าขาว, ผ้าป่าน, เช่น อีกโกษมสวัสดิวรรณึก (ม. คำหลวง ทานกัณฑ์)."
โกษย 0,น.,โกไสย เช่น ผ้าแพรทองโกษย (ม. คำหลวง นครกัณฑ์).
โกษีย์ 0,น.,โกสีย์ เช่น สมเด็จท้าวโกษีย์ (ม. คำหลวง หิมพานต์).
โกส 0,น.,ผอบ เช่น ในโกสทอง (จารึกสยาม).
โกสน 0,น.,"ชื่อไม้พุ่มชนิด Codiaeum variegatum (L.) A. Juss ในวงศ์ Euphorbiaceae ถิ่นกำเนิดในแหลมมลายูและแปซิฟิก มีหลายพันธุ์ ใบมีรูปร่างและสีต่าง ๆ กัน นิยมปลูกเป็นไม้ประดับ, โกรต๋น ก็เรียก."
โกสัช 0,น.,ความเกียจคร้าน.
โกสินทร์ 0,น.,พระอินทร์.
โกสีย์ 0,น.,พระอินทร์ เช่น ลํ้าเลอศกรุงโกสีย์ หยาดหล้า (ทวาทศมาส).
โกสุม 0,น.,ดอกไม้.
โกไสย 0,น.,ผ้าทำด้วยไหม เช่น โกไสยวัตถาภรณ์ (ม. ร่ายยาว นครกัณฑ์).
โกหก 0,ก.,"จงใจกล่าวคำที่ไม่จริง, พูดปด, พูดเท็จ, (มักใช้ในที่ไม่สุภาพ)."
โกหกโกไหว้ 0,ก.,พูดหลอกไปวัน ๆ.
โกหกพกลม 0,ก.,"พูดไม่จริง, เหลวไหล."
โก้หร่าน 0,ว.,หรูหราภูมิฐาน (มักใช้แก่กิริยาแต่งตัวหรือการแสดงกิริยาอื่น ๆ).
โกหวา 0,น.,เรียกแพรชนิดหนึ่ง.
ใกล้ 0,ว.,"จวน, เกือบ, เคียง, ไม่ห่าง."
ใกล้เกลือกินด่าง 0,ก.,"มองข้ามหรือไม่รู้ค่าของดีที่อยู่ใกล้ตัวซึ่งจะเป็นประโยชน์แก่ตนกลับไปแสวงหาสิ่งอื่นที่ด้อยกว่า, อยู่ใกล้ผู้ใหญ่แต่กลับไม่ได้ดี."
ใกล้เคียง 0,ว.,ไม่ไกลกัน เช่น เพื่อนบ้านใกล้เคียง
ใกล้เคียง 1,ว.,"ไม่แตกต่างกันมากนัก, พอ ๆ กัน เช่น รอ กับ คอย มีความหมายใกล้เคียงกัน หนังสือสองเล่มนี้มีขนาดใกล้เคียงกัน."
ใกล้ชิด 0,ว.,สนิทสนมกัน เช่น ๒ คนนี้มีความสัมพันธ์ใกล้ชิดกัน
ใกล้ชิด 1,ว.,เป็นที่ไว้วางใจ เช่น เขาเป็นคนใกล้ชิดของเจ้านาย.
ไก่ 0,น.,ชื่อสัตว์ปีกจำพวกนก มีหลายวงศ์ บินได้ในระยะสั้น หากินตามพื้นดิน ตกไข่ก่อนแล้วจึงฟักออกเป็นตัว ตัวผู้หงอนใหญ่และเดือยยาว ตัวเมียหงอนเล็กไม่มีเดือย เช่น ไก่ป่า ไก่ต๊อก ไก่ฟ้า
ไก่ 1,น.,ผู้หญิงหากิน
ไก่ 2,น.,ผู้หญิงที่ถูกล่อลวงมาเพื่อล่วงละเมิดทางเพศ.
ไก้ 0,น.,กระจง. (ดู กระจง).
ไก 0,น.,ที่สำหรับเหนี่ยวให้ลูกกระสุนเป็นต้นลั่นออกไปเช่น ไกปืน ไกหน้าไม้.
ไก๊ 0,น.,ปีกุน.
ไก๋ 0,ว.,ไถลทำเป็นไม่รู้.
ไก 1,น.,ผักไก. (ดู เทา ๒).
ไก๊ 1,น.,"ชื่อไม้ต้นขนาดใหญ่ชนิด Homalium grandiflorum Benth. ในวงศ์ Flacourtiaceae มักขึ้นริมนํ้าและที่ชุ่มชื้น ดอกคล้ายดอกพิกุล, ไก๊ ชุมแสงแดง หรือ พิกุลป่า ก็เรียก."
ไก๋ 1,น.,"ชื่อไม้ต้นขนาดกลางชนิด T ernstroemia gymnanthera (Wight et Arn.) Bedd . ในวงศ์ Theaceae ขึ้นตามป่าโปร่งและป่าเขาสูง ดอกคล้ายสารภีป่า ผลสีแดง เปลือกมีนํ้าเมือกเหนียว ๆ ใช้ผสมปูนโบก, ไก๋แดง ก็เรียก."
ไก่กระทง 0,น.,เรียกไก่อ่อนอายุประมาณ ๓ เดือน.
ไก่กอม 0,น.,ชื่อไม้ต้นขนาดกลาง ๒ ชนิด ในสกุล Ehretiaวงศ์ Ehretiaceae คือ ชนิด E. acuminata R. Br. ขอบใบจักถี่ ผลกลมเล็ก กินได้และชนิด E. timorensis Decne. ดอกเล็กมาก สีขาว ออกเป็นช่อแยกแขนง มีกลิ่นหอม.
ไก่กอและ 0,น.,ชื่ออาหารชนิดหนึ่ง ทำด้วยไก่ที่ถอดกระดูก ชุบเครื่องปรุงรส ปิ้งให้สุก.
ไก่แก่แม่ปลาช่อน 0,น.,"หญิงค่อนข้างมีอายุที่มีมารยาและเล่ห์เหลี่ยมมาก และมีกิริยาจัดจ้าน, เดิมพูดว่า กระต่ายแก่แม่ปลาช่อน."
ไก่แก้ว 0,น.,ชื่อไก่ชนิดหนึ่ง เช่น ไก่แก้วขันไจ้ไจ้ (ลอ).
ไก่เขี่ย 0,ว.,"หวัด, ยุ่งจนเกือบอ่านไม่ออก, (มักใช้แก่ลายมือ)."
ไก่ชน 0,น.,ชื่อไก่ชนิด Gallus gallus (Linn.) เป็นไก่อูพันธุ์ที่มีรูปร่างสูงใหญ่ซึ่งเลี้ยงไว้ชนกัน. (ดู อู).
ไกด์ 0,น.,"มัคคุเทศก์, ผู้นำเที่ยว."
ไก๋แดง 0,น.,"ชื่อไม้ต้นขนาดกลางชนิด T ernstroemia gymnanthera (Wight et Arn.) Bedd . ในวงศ์ Theaceae ขึ้นตามป่าโปร่งและป่าเขาสูง ดอกคล้ายสารภีป่า ผลสีแดง เปลือกมีนํ้าเมือกเหนียว ๆ ใช้ผสมปูนโบก, ไก๋แดง ก็เรียก."
ไก่ต่อ 0,น.,ไก่ตัวเมียที่เลี้ยงไว้เพื่อนำไปต่อไก่ป่า.
ไก๋ต๊อก 0,น.,"ชื่อนกขนาดกลางชนิด Numida meleagris (Linn.) ในวงศ์ Numididae ตัวสีเทาลายขาว เหนียงสีแดง กินเมล็ดพืชและสัตว์ขนาดเล็ก มีถิ่นกำเนิดในทวีปแอฟริกา, ไก่ต๊อก ก็เรียก."
ไก่ตาฟาง 0,น.,ผู้หญิงหากินที่มีอายุมาก ยืนหาลูกค้าตามมุมมืด
ไก่ตาฟาง 1,น.,ผู้ชายที่ถูกผู้หญิงหากินหลอก.
ไก่เตี้ย 0,น.,"ชื่อไก่ซึ่งคัดเลือกสายพันธุ์มาจากไก่ [ Gallus gallus (Linn.)] ตัวเล็กเตี้ย สั้น กลม หลังสั้นกว้าง หัวใหญ่ หงอนใหญ่ตั้งตรงมี ๕ หยัก เหนียงใหญ่กลม ห้อยลงทาบข้างคอ จะงอยปากแข็งแรง โค้งลงเล็กน้อย ตาและติ่งหูใหญ่ คอสั้น ปีกใหญ่ยาว ปลายปีกชี้จดพื้นดิน หางพัดใหญ่ กางแผ่ออกตั้งชี้ขึ้น ขาสั้น แข้งไม่มีขน นิ้วตีนเล็ก ตรง, ไก่เตี้ย ก็เรียก."
ไก่เตี้ย 1,น.,ชื่อสัตว์ปีกจำพวกนก มีหลายวงศ์ บินได้ในระยะสั้น หากินตามพื้นดิน ตกไข่ก่อนแล้วจึงฟักออกเป็นตัว ตัวผู้หงอนใหญ่และเดือยยาว ตัวเมียหงอนเล็กไม่มีเดือย เช่น ไก่ป่า ไก่ต๊อก ไก่ฟ้า
ไก่เตี้ย 2,น.,"ชื่อไม้เถาชนิด Canavalia rosea (Sw.) DC. ในวงศ์ Leguminosae ขึ้นตามหาดทรายชายทะเล ดอกสีชมพู ขาว หรือ ม่วง, กำพร้า หรือ ถั่วคร้า ก็เรียก."
ไก่เถื่อน 0,น.,ไก่ป่า.
ไก่นา 0,น.,คนที่มีความคิดไม่ทันสมัย.
ไก่นา 1,น.,ชื่อสัตว์ปีกจำพวกนก มีหลายวงศ์ บินได้ในระยะสั้น หากินตามพื้นดิน ตกไข่ก่อนแล้วจึงฟักออกเป็นตัว ตัวผู้หงอนใหญ่และเดือยยาว ตัวเมียหงอนเล็กไม่มีเดือย เช่น ไก่ป่า ไก่ต๊อก ไก่ฟ้า
ไก่นา 2,น.,ชื่อที่ชาวบ้านเรียกนกที่อาศัยตามทุ่งนาหลายชนิด เช่น คุ่มสี [ Coturnix chinensis (Linn.)] และนกอื่น ๆ หลายชนิด ในวงศ์ Rallidae เช่น กวัก [ Amaurornis phoenicurus (Pennant)] อีล้ำ [ Gallinula choropus (Linn.)] อีลุ้ม [ Gallicrex cinerea (Gmelin)].
ไก่บ้าน 0,น.,ชื่อไก่ชนิด Gallus gallus (Linn.) ในวงศ์ Phasianidae เป็นไก่ที่มีสายพันธุ์มาจากไก่ป่า แตกต่างจากไก่ป่าที่ขนลำตัวมีสีต่าง ๆ กัน เช่น สีดำ ขาว น้ำตาลอมแดง มีแข้งสีแตกต่างกัน เช่น สีเหลือง ขาว โดยที่ไก่ป่ามีสีเทาเข้ม เนื่องจากการคัดและผสมพันธุ์ทำให้มีสายพันธุ์แตกต่างกันมาก เลี้ยงไว้เพื่อเป็นอาหาร.
ไก่บินไม่ตกดิน 0,น.,บริเวณที่มีอาคารบ้านเรือนหนาแน่นแออัด.
ไก่ป่า 0,น.,ชื่อไก่ชนิด Gallus gallus (Linn.) ในวงศ์ Phasianidae ตัวผู้สีเข้มสดใสและหลากสีกว่าตัวเมีย เช่น สีเขียว ดำ แดง ตัวเมียสีน้ำตาลอมเหลือง ทั้งตัวผู้และตัวเมียขาสีเทาเข้ม โคนหางสีขาว อาศัยในป่าโปร่ง เช่น ป่าไผ่ ในประเทศไทยมี ๒ ชนิดย่อย คือ ไก่ป่าติ่งหูขาว [ G. g. gallus (Linn.)] และไก่ป่าติ่งหูแดง [ G. g. spadiceus (Bonaterre)] ไก่ชนิดนี้เป็นต้นตระกูลของไก่บ้าน.
ไกพัล 0,น.,"ไกวัล, ชั้นสวรรค์, เช่น ขอพรพระบาทเจ้า ไกพัล ตรีเนตรสังหารสวรรค์ ใฝ่ให้ (เฉลิมพระเกียรติพระนารายณ์)."
ไก่ฟ้า 0,น.,ชื่อนกขนาดกลางหลายชนิดหลายสกุล ในวงศ์ Phasianidae ตัวขนาดไล่เลี่ยกับไก่บ้าน ปากสั้นแข็งแรง ปลายแหลมโค้งเล็กน้อย ตัวผู้ส่วนใหญ่ที่หน้ามีแผ่นหนังสีสดใสคล้ายหน้ากาก เกือบทุกชนิดมีหงอนเป็นพู่ขน คอยาว ลำตัวป้อม มีหลายสี ขาแข็งแรง หางยาวโดยเฉพาะตัวผู้มีหางกะลวยสวยงามเป็นพิเศษและสีสันสวยงามกว่าตัวเมีย กินแมลง สัตว์เล็ก ๆ ผลไม้สุก และเมล็ดพืช เช่น ไก่ฟ้าหลังขาว [ Lophura nycthemera (Linn.)] พญาลอหรือไก่ฟ้าพญาลอ ( L. diardi (Bonaparte)) ไก่ฟ้าหางลายขวาง [ Syrmaticus humiae (Hume)] .
ไก่ฟ้าพญาลอ 0,น.,"ชื่อนกขนาดใหญ่ชนิด Lophura diardi (Bonaparte) ในวงศ์ Phasianidae ตัวผู้สีเทา ตะโพกสีแดงสด ขนหางยาวสีดำเหลือบเขียว ตัวเมียสีนํ้าตาล มีลายขวางสีดำ ทำรังเป็นแอ่งตามพุ่มไม้หรือโพรงไม้ติดดิน คุ้ยเขี่ยหากินตามพื้นดิน พบตามป่าทางภาคเหนือ ภาคตะวันออกเฉียงเหนือ และภาคตะวันออก เป็นไก่ฟ้าที่รู้จักกันดีในประเทศไทย มีชื่อสามัญว่า Siamese Fireback หรือ Siamese Fireback Pheasant, ไก่ฟ้าพญาลอ ก็เรียก."
ไกร 0,น.,"ชื่อไม้ต้นขนาดใหญ่ในสกุล Ficus วงศ์ Moraceae ลักษณะคล้ายต้นไทร มี ๒ ชนิด คือ ชนิด F. concinna (Miq.) Miq. เปลือกสีเทาค่อนข้างเรียบ ใบเล็ก ช่อดอกรูปคล้ายผล ออกเป็นคู่ตามง่ามใบ ผลสีชมพู มีกระสีจาง ๆ, ไฮฮี ก็เรียก และชนิด F. superba (Miq.) Miq. เปลือกสีเทาเรียบ ใบใหญ่ ช่อดอกคล้ายชนิดแรก ผลสีชมพู, ไทรเลียบ ก็เรียก."
ไกร 1,ว.,"ยิ่ง เช่น เหนหาญหื่นแหลมหลัก ไกรกว่า ตนนา (ยวนพ่าย), ใหญ่, มาก, เกิน"
ไกร 2,ว.,"กล้า, เก่ง."
ไกรพ 0,น.,บัวสาย เช่น ไกรพแกมสโรช (ม. คำหลวง มัทรี).
ไกรลาส 0,น.,ชื่อภูเขาในเทือกเขาหิมาลัย เชื่อว่าเป็นที่สถิตของพระอิศวรในศาสนาพราหมณ์.
ไกรลาส 1,ว.,สีขาวเหมือนเงินยวง.
ไกรศร 0,น.,สิงโต เช่น เสือคร่งเสือแผ้วเอนกาไลยไกรสรสีหส่งเสียงแขง (ม. ร่ายยาว มหาพน).
ไกรศรี 0,ว.,ผู้ยิ่งด้วยสิริ.
ไกรศรี 1,น.,สิงโต.
ไกรสร 0,น.,สิงโต เช่น เสือคร่งเสือแผ้วเอนกาไลยไกรสรสีหส่งเสียงแขง (ม. ร่ายยาว มหาพน).
ไกรสรี 0,น.,สิงโต.
ไกรสิทธิ 0,น.,ราชสีห์ เช่น สูจงนฤมิตรเป็นราชไกรสิทธิ (ม. คำหลวง มัทรี).
ไก่รองบ่อน 0,น.,ผู้ที่อยู่ในฐานะตัวสำรอง ซึ่งจะเรียกมาใช้เมื่อไรก็ได้.
ไก่รุ่นกระทง 0,น.,เรียกไก่ตัวผู้ที่เพิ่งสอนขัน.
ไกล 0,ว.,"ห่าง, ยืดยาว, นาน."
ไกล่ 0,ก.,"ทา, ไล้."
ไกล่เกลี่ย 0,ก.,"พูดจาให้ตกลงกัน, พูดจาให้ปรองดองกัน"
ไกล่เกลี่ย 1,ก.,"ทำให้เรียบร้อย, ทำให้มีส่วนเสมอกัน"
ไกล่เกลี่ย 2,ก.,เกลี่ยไกล่ ก็ว่า
ไกล่เกลี่ย 3,ก.,ลูบไล้.
ไกลตาไกลใจ 0,ก.,ห่างกันแล้วลืม.
ไกลปืนเที่ยง 0,ว.,อยู่ห่างไกลเมืองหลวงทำให้ไม่รู้ข่าวคราวหรือเรื่องราว.
ไกลหูไกลตา 0,ก.,"อยู่ในที่ที่ดูแลไม่ถึง, อยู่ห่างไกลการติดต่อ, เช่น ลูกอยู่ไกลหูไกลตา ต้องดูแลตัวเองให้ดี, ห่างหูห่างตา ก็ว่า."
ไกลาส 0,น.,ชื่อภูเขาในเทือกเขาหิมาลัย เชื่อว่าเป็นที่สถิตของพระอิศวรในศาสนาพราหมณ์.
ไกลาส 1,ว.,สีขาวเหมือนเงินยวง.
ไกว 0,ก.,ทำสิ่งที่ห้อยอยู่ให้แกว่งไปมา.
ไกวัล 0,ว.,ทั่วไป.
ไกวัล 1,น.,ชั้นสวรรค์ เช่น พิราลัยก็ไคลยังนภมน- ทิรทิพยไกวัล (สมุทรโฆษ).
ไก่สามอย่าง 0,น.,เครื่องกินแกล้มเหล้า มีกุ้งแห้ง ถั่วลิสง และตะไคร้ เป็นหลัก อาจเพิ่ม ขิง หัวหอม หรือพริกขี้หนู เข้าด้วยก็ได้.
ไก่หลง 0,น.,ผู้หญิงที่รู้ไม่เท่าทันโลก พลัดมาอยู่ในที่ที่ถูกผู้ชายล่อลวงไปได้.
ไก่เห็นตีนงู งูเห็นนมไก่ 0,ว.,ต่างฝ่ายต่างรู้ความลับของกันและกัน.
ไก่โห่ 0,น.,"เวลารุ่งสาง, ก่อนเวลา, เช่นพูดว่า มาตั้งแต่ไก่โห่."
ไก่ไห้ 0,น.,"ชื่อไม้พุ่มชนิด Capparis flavicans Kurz ในวงศ์ Capparaceae ขึ้นในป่าเบญจพรรณทั่วไป ลำต้นมีหนาม, กะอิด ตะลุ่มอิด งวงช้าง หรือ งัวเลีย ก็เรียก."
ไก่ไห้ 1,น.,"ชื่อไม้พุ่มหรือไม้ต้นขนาดเล็กชนิด Opuntia ficusindica (L.) Mill. ในวงศ์ Cactaceae กิ่งแบนอวบ สีเขียว ไม่มีหนาม เป็นไม้ต่างประเทศ ปลูกกันเป็นไม้ประดับ, ว่านไก่ไห้ ก็เรียก."
ไก่อ่อน 0,น.,ผู้มีประสบการณ์น้อยยังไม่รู้ทันเล่ห์เหลี่ยมของคน.
ไก่อ่อนสอนขัน 0,น.,ผู้มีประสบการณ์น้อยยังไม่รู้ทันเล่ห์เหลี่ยมของคน.
