คำ,POS,ความหมาย
ป 0,?,พยัญชนะตัวที่ ๒๗ เรียกว่า ปอ ปลา เป็นอักษรกลาง ใช้เป็นพยัญชนะต้น และเป็นตัวสะกดในมาตรากบหรือแม่กบ เช่น บาป เนปจูน สัปดาห์.
ปก 0,ก.,แผ่ออกคลุมเบื้องบน เช่น ตะไคร้ใบปกดิน.
ปก 1,น.,"กระดาษหรือผ้าหรือหนังเป็นต้นที่หุ้มอยู่ภายนอกสมุดหรือหนังสือเป็นต้น, ใบปก ก็เรียก"
ปก 2,น.,"แผ่นผ้าที่ติดปากกระเป๋าเสื้อ, แผ่นผ้าที่ติดกับคอเสื้อพับตลบลงมาหรือแบะออกทั้ง ๒ ข้าง เช่น ปกเชิ้ต ปกเสื้อนอก."
ปก 3,น.,แว่นแคว้น เช่น ได้ขึ้นเสวยราชย์เป็นพระยาผ่านในปกเมืองเนืองทั้งปกเขม ครั้นเต็มสมบูรณ์สามสิบแปดข้าว เข้าศักราชเจ็ดร้อยห้าสิบแปด กลายท่านได้ปราบต์ทั้งปกกาวชาวด้านหนตีนเถิงฝั่งของ (จารึกวัดบูรพาราม).
ปก 4,น.,ปลาแก้มชํ้า. (ดู แก้มชํ้า).
ปกกระพอง 0,น.,แผ่นผ้าที่ปิดตรงกระหม่อมของช้างหลวง.
ปกเกศ 0,ก.,"ปกเกล้า, คุ้มครอง."
ปกครอง 0,ก.,"ดูแล, คุ้มครอง, ระวังรักษา"
ปกครอง 1,ก.,บริหาร.
ปกคลุม 0,ก.,แผ่คลุมอยู่เบื้องบน.
ปกติ 0,ว.,"ธรรมดา เช่น ตามปกติ, เป็นไปตามเคย เช่น เหตุการณ์ปกติ, ไม่แปลกไปจากธรรมดา เช่น อาการปกติ, ปรกติ ก็ว่า."
ปกป้อง 0,ก.,คุ้มครองป้องกัน.
ปกปักรักษา 0,ก.,ดูแลรักษา.
ปกปิด 0,ก.,"ปิดไม่ให้รู้หรือไม่ให้เห็น, ปิดไว้เป็นความลับ."
ปกรณ์ 0,น.,"คัมภีร์, ตำรา, หนังสือ."
ปกรณัม 0,น.,"ปกรณ์, เรื่อง, เช่น ปักษีปกรณัม."
ปการ 0,น.,"อย่าง, ชนิด."
ปกิณก- 0,ว.,"เรี่ยราย, เบ็ดเตล็ด, กระจาย, ระคนกัน, คละกัน, (มักใช้ประกอบหน้าศัพท์) เช่น ปกิณกคดี."
ปกิณกะ 0,ว.,"เรี่ยราย, เบ็ดเตล็ด, กระจาย, ระคนกัน, คละกัน, (มักใช้ประกอบหน้าศัพท์) เช่น ปกิณกคดี."
ปกีรณัม 0,ก.,"จำแนกหรือกระจายออกไป, เขียนเป็น ปกีรณำ ก็มี เช่น ปกีรณำพจนาดถ์."
ปโกฏิ 0,น.,"ชื่อมาตรานับ = ๑๐๐,๐๐๐,๐๐๐,๐๐๐,๐๐๐ (เท่ากับสิบล้านโกฏิ). (ป.). (ดู โกฏิ)."
ปง 0,ว.,"เสียงดังเช่นนั้น, ปงปัง ก็ว่า."
ป่ง 0,น.,"พื้นดินที่มีเกลือสินเธาว์ผุดเกรอะกรังอยู่, ป่าหรือดินที่มีป่ง เรียกว่า ป่าป่ง ดินป่ง, เรียกผีที่เชื่อว่ามีอยู่ในที่เช่นนั้น ว่า ผีป่ง, เรียกลักษณะที่นั่งบนห้างที่ใช้ไม้ขัดและผูกเป็นแคร่บนต้นไม้หรือบนกอไผ่เพื่อคอยเฝ้าดูหรือยิงสัตว์ที่มากินดินป่ง ว่า นั่งป่ง, โป่ง ก็ว่า."
ปงช้าง 0,น.,"ชื่อพรรณไม้ ๒ ชนิดในสกุล Stemona วงศ์ Stemonaceae คือ ชนิด S. collinsiae Craib เป็นไม้เถาล้มลุก, กะเพียดช้าง หรือ ปงช้าง ก็เรียก"
ปงปัง 0,น.,กลองสองหน้าขนาดเล็ก หน้ากลองกว้างประมาณ ๘ นิ้ว มีด้ามถือสำหรับกวัดแกว่งให้ลูกตุ้มกระทบหน้ากลองให้เกิดเสียง.
ปงปัง 1,ว.,"เสียงดังเช่นนั้น, ปง ก็ว่า."
ปฎล 0,น.,"หลังคา, เพดาน, ชั้น."
ปฏัก 0,น.,ประตัก.
ปฏิ- 0,*ว.,"คำอุปสรรคในภาษาบาลีใช้นำหน้าศัพท์อื่น แปลว่า เฉพาะ เช่น ปฏิทิน, ตอบ เช่น ปฏิพากย์, ทวน เช่น ปฏิโลม, กลับ เช่น ปฏิวัติ."
ปฏิกรณ์ 0,น.,"เครื่องที่ใช้สำหรับก่อให้เกิดปฏิกิริยาแตกสลายทางนิวเคลียร์อย่างสมํ่าเสมอและควบคุมได้เพื่อผลิตพลังงาน สารกัมมันตรังสี เครื่องชนิดนี้มีหลายแบบ และใช้เชื้อเพลิงนิวเคลียร์ซึ่งมักเป็นแท่งยูเรเนียม, มักเรียกว่า เครื่องปฏิกรณ์ปรมาณู."
ปฏิกรรมสงคราม 0,น.,การชดใช้ค่าเสียหายที่ฝ่ายชนะสงครามเรียกร้องเอาจากฝ่ายแพ้.
ปฏิการ- 0,น.,"การสนองคุณ, การตอบแทนคุณ, คู่กับ อุปการะ"
ปฏิการ- 1,น.,การซ่อมแซม.
ปฏิการะ 0,น.,"การสนองคุณ, การตอบแทนคุณ, คู่กับ อุปการะ"
ปฏิการะ 1,น.,การซ่อมแซม.
ปฏิกิริยา 0,น.,การกระทำตอบสนอง
ปฏิกิริยา 1,น.,การกระทำต่อต้าน
ปฏิกิริยา 2,น.,ผลของการกระทำซึ่งเป็นเหตุให้เกิดกิริยาสะท้อนมาเป็นอีกอย่างหนึ่ง
ปฏิกิริยา 3,น.,การเกิดการเปลี่ยนแปลงทางเคมีของสาร.
ปฏิกูล 0,ว.,สกปรกน่ารังเกียจ เช่น สิ่งปฏิกูล.
ปฏิคคหิต 0,ก.,รับเอา เช่น เราก็ปฏิคคหิตด้วยศรัทธา (ม. คำหลวง วนปเวสน์).
ปฏิคคหิต 1,ว.,อันรับเอาแล้ว.
ปฏิคม 0,น.,"ผู้ต้อนรับ, ผู้รับแขก, ผู้ดูแลต้อนรับ."
ปฏิคหิต- 0,ก.,รับเอา เช่น เราก็ปฏิคคหิตด้วยศรัทธา (ม. คำหลวง วนปเวสน์).
ปฏิคหิต- 1,ว.,อันรับเอาแล้ว.
ปฏิคาหก 0,น.,"ผู้รับทาน หมายถึง สมณพราหมณ์ เช่น วันรุ่งพรุ่งนี้จะมีเหตุด้วยปฏิคาหก ยาจกจะมารับพระราชทาน (ม. ร่ายยาว กุมาร), คู่กับ ทายก คือ ผู้ถวายจตุปัจจัยแก่ภิกษุสามเณร."
ปฏิฆะ 0,น.,"ความคับแค้น, ความกระทบกระทั่ง, ความขึ้งเคียด (โทสะ)."
ปฏิชีวนะ 0,น.,เรียกยาประเภทที่มีสารที่สกัดจากผลผลิตของเชื้อจุลินทรีย์ ใช้ฆ่าหรือยับยั้งการแพร่พันธุ์ของแบคทีเรีย ว่า ยาปฏิชีวนะ.
ปฏิญญา 0,น.,การให้คำมั่นสัญญาหรือการแสดงยืนยันโดยถือเอาสิ่งศักดิ์สิทธิ์หรือความสุจริตใจเป็นที่ตั้ง.
ปฏิญญาสากลว่าด้วยสิทธิมนุษยชน 0,น.,การให้คำมั่นสัญญาหรือการแสดงยืนยันถึงสิทธิหรืออำนาจอันชอบธรรมของมนุษย์ซึ่งเป็นที่ยอมรับกันทั่วไป.
ปฏิญาณ 0,ก.,ให้คำมั่นสัญญา โดยมากมักเป็นไปตามแบบพิธี เช่น พิธีถวายสัตย์ปฏิญาณของข้าราชการเนื่องในวันเฉลิมพระชนมพรรษา.
ปฏิทิน 0,น.,แบบสำหรับดูวัน เดือน ปี.
ปฏิทินโหราศาสตร์ 0,น.,"ตาตารางแผนที่แสดงการเคลื่อนไหวของดาวพระเคราะห์แต่ละวัน, ปูมโหร ก็เรียก."
ปฏิบถ 0,ว.,"ทวนทาง, สวนทาง."
ปฏิบัติ 0,ก.,"ดำเนินการไปตามระเบียบแบบแผน เช่น ปฏิบัติราชการ, กระทำเพื่อให้เกิดความชำนาญ เช่น ภาคปฏิบัติ"
ปฏิบัติ 1,ก.,กระทำตาม เช่น ปฏิบัติตามสัญญา
ปฏิบัติ 2,ก.,ประพฤติ เช่น ปฏิบัติสมณธรรม ปฏิบัติต่อกัน
ปฏิบัติ 3,ก.,ปรนนิบัติรับใช้ เช่น ปฏิบัติบิดามารดา ปฏิบัติครูบาอาจารย์.
ปฏิบัติการ 0,ก.,ทำงานตามหน้าที่.
ปฏิบัติการ 1,ว.,ที่ทดลองเพื่อพิสูจน์ข้อเท็จจริงตามทฤษฎีหรือฝึกงานเพื่อให้เกิดความชำนาญเป็นต้น เช่น ห้องปฏิบัติการ.
ปฏิบัติธรรม 0,ก.,ประพฤติตามธรรม
ปฏิบัติธรรม 1,ก.,เจริญภาวนา.
ปฏิบัติบูชา 0,น.,"การบูชาด้วยการปฏิบัติตามคำสั่งสอน, คู่กับ อามิสบูชา ซึ่งเป็นการบูชาด้วยสิ่งของ."
ปฏิปทา 0,น.,"ทาง, ทางดำเนิน, เช่น มัชฌิมาปฏิปทา คือ ทางสายกลาง"
ปฏิปทา 1,น.,ความประพฤติ เช่น พระภิกษุรูปนี้มีปฏิปทาน่าเลื่อมใส.
ปฏิปักษ์ 0,น.,"ฝ่ายตรงกันข้าม, ข้าศึก, ศัตรู."
ปฏิปักษ์ 1,ว.,ที่ตรงกันข้าม เช่น ฝ่ายปฏิปักษ์.
ปฏิปุจฉาพยากรณ์ 0,น.,การจำแนกธรรมหรือพยากรณ์ปัญหาธรรมด้วยวิธีย้อนถาม.
ปฏิปุจฉาวาที 0,น.,ผู้จำแนกธรรมหรือพยากรณ์ปัญหาธรรมด้วยวิธีย้อนถาม.
ปฏิพัทธ์ 0,ก.,"ผูกพัน, รักใคร่, เช่น มีจิตปฏิพัทธ์."
ปฏิพากย์ 0,น.,"การกล่าวตอบ, การพูดโต้ตอบ, เช่น เพลงปฏิพากย์ คือ เพลงที่ร้องโต้ตอบกัน."
ปฏิภาค 0,น.,ส่วนเปรียบ.
ปฏิภาค 1,ว.,"เทียบเคียง, เหมือน."
ปฏิภาค- 0,น.,ส่วนเปรียบ.
ปฏิภาค- 1,ว.,"เทียบเคียง, เหมือน."
ปฏิภาคนิมิต 0,น.,“อารมณ์เทียบเคียง” คือ เมื่อพบเห็นสิ่งใดจนติดตาหลับตาเห็นแล้วอาจนึกทายส่วนหรือแบ่งส่วนแห่งสิ่งนั้นให้สมรูปสมสัณฐาน เรียกว่า ปฏิภาคนิมิต.
ปฏิภาณ 0,น.,เชาวน์ไวในการกล่าวแก้หรือโต้ตอบเป็นต้นได้ฉับพลันทันทีและแยบคาย.
ปฏิภาณ- 0,น.,เชาวน์ไวในการกล่าวแก้หรือโต้ตอบเป็นต้นได้ฉับพลันทันทีและแยบคาย.
ปฏิภาณกวี 0,น.,กวีผู้มีความสามารถในการแต่งร้อยกรองได้ฉับพลันทันที.
ปฏิภาณปฏิสัมภิทา 0,น.,"ปัญญาอันแตกฉานในปฏิภาณ คือ ความเข้าใจทำให้สามารถแก้ไขเหตุการณ์ได้ในเมื่อเกิดเหตุฉุกเฉิน หรือกล่าวโต้ตอบได้ทันท่วงที, เป็นธรรมข้อ ๑ ในปฏิสัมภิทา ๔ คือ ๑. อรรถปฏิสัมภิทา ๒. ธรรม-ปฏิสัมภิทา ๓. นิรุตติปฏิสัมภิทา ๔. ปฏิภาณปฏิสัมภิทา."
ปฏิภาณโวหาร 0,น.,การกล่าวเหมาะด้วยเหตุผลในทันที.
ปฏิมา 0,น.,"รูปเปรียบหรือรูปแทนองค์พระพุทธเจ้า คือ พระพุทธรูป, เรียกย่อมาจาก พุทธปฏิมา หรือ พุทธปฏิมากร."
ปฏิมากร 0,น.,"รูปเปรียบหรือรูปแทนองค์พระพุทธเจ้า คือ พระพุทธรูป, เรียกย่อมาจาก พุทธปฏิมา หรือ พุทธปฏิมากร."
ปฏิยุทธ์ 0,ก.,"รบตอบ, สู้รบ."
ปฏิรพ 0,ก.,"ส่งเสียงเอาชัย, ร้องดัง, ร้องขู่."
ปฏิรูป 0,ว.,"สมควร, เหมาะสม, เช่น ปฏิรูปเทส คือ ถิ่นที่สมควร หรือ ถิ่นที่เหมาะสม"
ปฏิรูป 1,ว.,"เทียม, ไม่แท้, เช่น มิตรปฏิรูป."
ปฏิรูป 2,ก.,ปรับปรุงให้สมควร เช่น ปฏิรูปบ้านเมือง.
ปฏิรูป- 0,ว.,"สมควร, เหมาะสม, เช่น ปฏิรูปเทส คือ ถิ่นที่สมควร หรือ ถิ่นที่เหมาะสม"
ปฏิรูป- 1,ว.,"เทียม, ไม่แท้, เช่น มิตรปฏิรูป."
ปฏิรูป- 2,ก.,ปรับปรุงให้สมควร เช่น ปฏิรูปบ้านเมือง.
ปฏิโลม 0,ว.,ทวนกลับ.
ปฏิวัติ 0,น.,"การหมุนกลับ, การผันแปรเปลี่ยนหลักมูล"
ปฏิวัติ 1,น.,"การเปลี่ยนแปลงระบบ เช่น ปฏิวัติอุตสาหกรรม, การเปลี่ยนแปลงระบอบการบริหารบ้านเมือง เช่น ปฏิวัติการปกครอง."
ปฏิวาต 0,ว.,ทวนลม.
ปฏิวาท 0,น.,"คำโต้, คำคัดค้าน."
ปฏิเวธ 0,ก.,"เข้าใจตลอด, ตรัสรู้, ลุล่วงผลปฏิบัติ."
ปฏิสนธิ 0,ก.,"เกิดในท้อง, ถือกำเนิด."
ปฏิสวะ 0,น.,"การฝืนคำรับ, การรับแล้วไม่ทำตามรับ."
ปฏิสังขรณ์ 0,ก.,ซ่อมแซมทำให้กลับคืนดีเหมือนเดิม (มักใช้เฉพาะวัดวาอาราม) เช่น ปฏิสังขรณ์วัด.
ปฏิสันถาร 0,น.,การทักทายปราศรัยแขกผู้มาหา (มักใช้แก่ผู้น้อย)
ปฏิสันถาร 1,น.,การต้อนรับแขก.
ปฏิสัมภิทา 0,น.,"ความแตกฉาน, ปัญญาอันแตกฉาน, มี ๔ อย่าง คือ อรรถปฏิสัมภิทา ธรรมปฏิสัมภิทา นิรุตติปฏิสัมภิทา ปฏิภาณปฏิสัมภิทา."
ปฏิเสธ 0,ก.,"ไม่รับ, ไม่ยอมรับ, เช่น ปฏิเสธการเชิญ, ไม่ยอมรับข้อเท็จจริง เช่น ปฏิเสธข้อกล่าวหา"
ปฏิเสธ 1,ก.,แสดงความหมายตรงกันข้ามกับยืนยัน รับ หรือ ยอมรับ.
ปฏิเสธข่าว 0,ก.,แสดงยืนยันว่าไม่เป็นไปตามนั้น.
ปฐพี 0,น.,แผ่นดิน.
ปฐพีวิทยา 0,น.,วิทยาศาสตร์แขนงหนึ่งที่ศึกษาเกี่ยวกับเรื่องดิน.
ปฐม 0,ว.,"ประถม, ลำดับแรก, ลำดับเบื้องต้น"
ปฐม 1,ว.,"ชั้นที่ ๑, เรียกเครื่องราชอิสริยาภรณ์ชั้นที่ ๑ ในตระกูลจุลจอมเกล้า ว่า ปฐมจุลจอมเกล้า ปฐมจุลจอมเกล้าวิเศษ."
ปฐม- 0,ว.,"ประถม, ลำดับแรก, ลำดับเบื้องต้น"
ปฐม- 1,ว.,"ชั้นที่ ๑, เรียกเครื่องราชอิสริยาภรณ์ชั้นที่ ๑ ในตระกูลจุลจอมเกล้า ว่า ปฐมจุลจอมเกล้า ปฐมจุลจอมเกล้าวิเศษ."
ปฐมกรรม 0,น.,กฎเบื้องต้นหรือข้อสำคัญ
ปฐมกรรม 1,น.,ชื่อพิธีแบบหนึ่งที่กษัตริย์ในครั้งโบราณกระทำแก่ผู้เป็นปรปักษ์.
ปฐมฌาน 0,น.,ฌานเบื้องต้น ได้แก่ ฌานที่ ๑ มีองค์ ๕ คือ วิตก วิจาร ปีติ สุข เอกัคตา.
ปฐมดุสิต 0,น.,ชื่อเพลงไทย อัตรา ๒ ชั้น หน้าทับปรบไก่
ปฐมดุสิต 1,น.,ชื่อเพลงไทยประเภทเพลงโหมโรง.
ปฐมทัศน์ 0,น.,"การแสดงครั้งแรก, เรียกการแสดงละครหรือการฉายภาพยนตร์รอบแรก ว่า รอบปฐมทัศน์."
ปฐมเทศนา 0,น.,เทศนาครั้งแรกในพระพุทธศาสนา หมายถึง ธัมมจักกัปปวัตนสูตร
ปฐมเทศนา 1,น.,ชื่อพระพุทธรูปปางหนึ่ง เป็นพระพุทธรูปนั่งขัดสมาธิบ้าง นั่งห้อยพระบาทอย่างนั่งเก้าอี้บ้าง เครื่องหมายสำคัญอยู่ที่พระหัตถ์ขวา ทำนิ้วพระหัตถ์กรีดเป็นวงกลม ส่วนพระหัตถ์ซ้ายวางหงายอยู่บนพระเพลาบ้าง ถือชายจีวรบ้าง ทำท่าทางประคองพระหัตถ์ขวาบ้าง.
ปฐมนิเทศ 0,น.,การแนะนำชี้แนวเพื่อการศึกษาและการทำงานในเบื้องต้น.
ปฐมบุรุษ 0,น.,"บุรุษที่ ๑, ตามไวยากรณ์ ได้แก่ สรรพนามพวกที่ใช้แทนชื่อผู้พูด เช่น ข้า เรา แต่ตามไวยากรณ์บาลีหมายถึงพวกที่เราพูดถึง เช่น เขา."
ปฐมพยาบาล 0,น.,การปฏิบัติขั้นต้นยามฉุกเฉินตามวิธีแพทย์ก่อนลงมือรักษาพยาบาล.
ปฐมโพธิกาล 0,น.,กาลแรกตรัสรู้ คือ ระยะเวลานับตั้งแต่พระพุทธเจ้าตรัสรู้จนถึงทรงประดิษฐานพระพุทธศาสนาในแคว้นมคธ.
ปฐมยาม 0,น.,"ยามต้น, ในบาลีแบ่งคืนออกเป็น ๓ ยาม กำหนดยามละ ๔ ชั่วโมง เรียกว่า ปฐมยาม มัชฌิมยาม และปัจฉิมยาม ปฐมยามกำหนดเวลาตั้งแต่ย่ำค่ำ หรือ ๑๘ นาฬิกา ถึง ๔ ทุ่ม หรือ ๒๒ นาฬิกา."
ปฐมฤกษ์ 0,น.,ช่วงเวลาแรกของฤกษ์.
ปฐมฤกษ์ 1,ว.,เริ่มแรก เช่น ฉบับปฐมฤกษ์.
ปฐมวัย 0,น.,วัยต้น.
ปฐมสมโพธิ 0,น.,ชื่อคัมภีร์ว่าด้วยประวัติของพระพุทธเจ้า.
ปฐมสุรทิน 0,น.,วันที่ ๑ แห่งเดือนทางสุริยคติ.
ปฐมาษาฒ 0,น.,"เดือน ๘ แรก, (โบ) เขียนเป็น ปฐมาสาฒ ก็มี."
ปฐวี 0,น.,แผ่นดิน.
ปฐวีธาตุ 0,น.,ธาตุดิน เป็นธาตุ ๑ ในธาตุทั้ง ๔ คือ ๑. ปฐวีธาตุ = ธาตุดิน ๒. อาโปธาตุ = ธาตุน้ำ ๓. เตโชธาตุ = ธาตุไฟ ๔. วาโยธาตุ = ธาตุลม.
ปณต 0,ก.,ประณต.
ปณาม 0,ก.,ประณาม.
ปณิธาน 0,น.,ประณิธาน.
ปณิธิ 0,น.,ประณิธิ.
ปณีต 0,ว.,ประณีต.
ปด 0,ก.,"โกหก, พูดเท็จ, จงใจกล่าวคำที่ไม่จริง, โป้ปด ก็ว่า."
ปดโป้ 0,ก.,"โกหก, พูดเท็จ, จงใจกล่าวคำที่ไม่จริง, โป้ปด ก็ว่า."
ปดิวรัดา 0,น.,ภริยาที่ซื่อสัตย์และภักดีต่อสามี.
ปติ 0,น.,"เจ้า, ผัว."
ปติยัต 0,ก.,"ตระเตรียม, ทำให้เสร็จ, ตกแต่ง."
ปติวัตร 0,น.,"ความประพฤติต่อผัว, ความจงรักในผัว."
ปถพี 0,น.,แผ่นดิน.
ปถมัง 0,น.,วิธีทำผงด้วยเวทมนตร์คาถาเพื่อความศักดิ์สิทธิ์.
ปถวี 0,น.,ดิน เช่น ปถวีธาตุ.
ปถวี 1,น.,ท้ายเรือพิธี (เรียกเฉพาะเรือหลวง).
ปทัฏฐาน 0,น.,แบบแผนสำหรับยึดถือเป็นแนวทางปฏิบัติ
ปทัฏฐาน 1,น.,"เหตุที่ตั้งเป็นเครื่องถึง, เหตุอันใกล้ที่สุด"
ปทัฏฐาน 2,น.,บรรทัดฐาน หรือ ปทัสถาน ก็ว่า.
ปทัสถาน 0,น.,แบบแผนสำหรับยึดถือเป็นแนวทางปฏิบัติ
ปทัสถาน 1,น.,"เหตุที่ตั้งเป็นเครื่องถึง, เหตุอันใกล้ที่สุด"
ปทัสถาน 2,น.,บรรทัดฐาน หรือ ปทัฏฐาน ก็ว่า.
ปทานุกรม 0,น.,หนังสือสำหรับค้นคว้าความหมายของคำที่เรียงตามลำดับบท.
ปทีป 0,น.,ประทีป.
ปทุม 0,น.,"บัวหลวง, บัวก้าน."
ปน 0,ก.,"ประสมกัน เช่น ข้าวเจ้าปนข้าวเหนียว, แกมกัน เช่น พูดไทยปนฝรั่ง, รวมกัน เช่น อย่าเอาผ้านุ่งกับเสื้อซักปนกัน, ถ้าเอาส่วนน้อยประสมลงในส่วนมากเพื่อให้ระคนปนเป็นอันเดียวกัน เรียกว่า เจือปน, ถ้าเป็นในลักษณะที่ปนกันทั้งเล็กและใหญ่ ทั้งดีและชั่ว เรียกว่า คละปน."
ป่น 0,น.,เครื่องจิ้มอย่างหนึ่ง ปรุงด้วยนํ้าปลาร้า.
ป่น 1,ก.,ทำให้แหลกละเอียดด้วยการตำเป็นต้น เช่น ป่นเกลือ ป่นปลา ป่นพริก.
ป่น 2,ว.,ที่แหลกละเอียด เช่น พริกป่น ปลาป่น เกลือป่น.
ป่นปี้ 0,ว.,"ยับเยิน, ย่อยยับ."
ปนเป 0,ว.,ปนกันยุ่งจนไม่รู้ว่าอะไรเป็นอะไร.
ปนัดดา 0,น.,เหลน (คือ ลูกของหลานปู่).
ปปัญจ- 0,น.,"ความเนิ่นช้า, ความนาน."
ปปัญจ- 1,ว.,เนิ่นช้า.
ปปัญจธรรม 0,น.,ธรรมที่ทำให้เนิ่นช้า คือ ตัณหา มานะ ทิฐิ.
ปปัญจะ 0,น.,"ความเนิ่นช้า, ความนาน."
ปปัญจะ 1,ว.,เนิ่นช้า.
ปม 0,น.,"เนื้อที่เป็นปุ่มขึ้นตามตัว, ขอดของผ้าหรือเชือก, ข้อยุ่งที่แก้ยาก."
ปมเขื่อง 0,น.,ลักษณะอารมณ์และความต้องการที่แสดงออกในทางที่เหนือกว่าบุคคลอื่น.
ปมจิต 0,น.,อารมณ์และความรู้สึกของบุคคลที่เก็บกดสะสมไว้ในจิตใต้สำนึกมาตั้งแต่ในวัยเด็ก ปมจิตนี้จะทำให้บุคคลผู้นั้นแสดงออกในด้านความคิด ความรู้สึก และการกระทำในลักษณะที่ซํ้ากันจนเกิดเป็นอุปนิสัยประจำตัว.
ปมด้อย 0,น.,ลักษณะความคิด ความรู้สึก อารมณ์ หรือการกระทำของบุคคล ที่แสดงออกถึงความตํ่าต้อยกว่าผู้อื่น.
ปมเด่น 0,น.,ลักษณะอารมณ์และความต้องการที่แสดงออกในทางที่เหนือกว่าบุคคลอื่น.
ปมประสาท 0,น.,ตำแหน่งที่อยู่ของเซลล์ประสาท.
ปมเปา 0,ว.,ปุ่มที่เกิดตามเนื้อตามตัว.
ปโยธร 0,น.,“ผู้ทรงไว้ซึ่งนํ้า” คือ เมฆ เช่น อันว่าปโยธรอัศจรรย์ ก็ให้โบษขรพรรษธารา (ม. คำหลวง ทศพร)
ปโยธร 1,น.,"“สิ่งที่ทรงไว้ซึ่งนํ้านม” คือ ถัน, ปโยธรา ก็ว่า."
ปโยธรา 0,น.,"“สิ่งที่ทรงไว้ซึ่งนํ้านม” คือ ถัน เช่น หนึ่งถันปโยธราเต็มเคร่งครัด เพราะเจ้าพลัดอดนม (ม. คำหลวง มัทรี), ปโยธร ก็ว่า."
ปร- 0,ว.,"อื่น, ใช้เป็นบทหน้าสมาส เช่น ปรปักษ์ ปรโลก."
ปรก 0,น.,ซุ้มเล็ก ๆ ที่พระสงฆ์อาศัยในเวลาอยู่ปริวาส.
ปรก 1,ก.,"ปก, ปิด, คลุม, เช่น พระนาคปรก ผมปรกหน้า."
ปรก 2,น.,เรียกผู้นั่งภาวนาในพิธีปลุกเสก เช่น ในพิธีพุทธาภิเษก ว่า คณะปรก.
ปรกติ 0,ว.,"ธรรมดา เช่น ตามปรกติ, เป็นไปตามเคย เช่น เหตุการณ์ปรกติ, ไม่แปลกไปจากธรรมดา เช่น อาการปรกติ, ปกติ ก็ว่า."
ปรง 0,น.,ชื่อเฟิน ๒ ชนิดในสกุล Acrostichum วงศ์ Pteridaceae ต้นเป็นกอขึ้นริมนํ้า ใบยาวเป็นทาง ใบอ่อนสีแดง กินได้ คือ ปรงทะเล ( A. aureumL.) และ ปรงหนู ( A. speciosumWilld .) .
ปรง 1,น.,ชื่อพรรณไม้ในกลุ่มพืชเมล็ดเปลือยหลายชนิดในสกุล Cycas วงศ์ Cycadaceae เป็นไม้ต้น ลำต้นรูปทรงกระบอก สีดำขรุขระ ใบเล็กยาวเรียงถี่ ๆ บนแกนกลาง เช่น ปรงญี่ปุ่น ( C. revolutaThunb.) ใบใช้ทำพวงหรีด ปรงเขา ( C. pectinataGriff.).
ปรงเหลี่ยม 0,น.,"ชื่อปรงชนิด Cycas siamensis Miq. ในวงศ์ Cycadaceae, ปรงเหลี่ยม ก็เรียก."
ปรด 0,ก.,"วิ่ง, วิ่งแล่น, เช่น เร่งรถปรดปรึง (คำพากย์)."
ปรตยักษ์ 0,ก.,ประจักษ์.
ปรตยาค 0,ก.,"ประจาค, บริจาค."
ปรตเยก 0,ว.,ปัจเจก.
ปรน 0,ก.,บำรุงเลี้ยงดูให้สมบูรณ์.
ปรนนิบัติ 0,ก.,"เอาใจใส่คอยปฏิบัติรับใช้, ปรนนิบัติวัตถาก ก็ว่า."
ปรนปรือ 0,ก.,บำรุงเลี้ยงดูให้สมบูรณ์ยิ่งขึ้น.
ปรนเปรอ 0,ก.,"บำรุงบำเรอเลี้ยงดู, เลี้ยงดูด้วยการเอาอกเอาใจ."
ปรนัย 0,ว.,"เรียกการสอบแบบที่ผู้สอบมักไม่มีโอกาสแสดงความคิดเห็นส่วนตัว เป็นคำถามที่ต้องการคำตอบตายตัว ว่า การสอบแบบปรนัย, คู่กับ อัตนัย, วัตถุวิสัย ก็ว่า."
ปรนิมมิตวสวัตดี 0,น.,ชื่อสวรรค์ชั้นที่ ๖ แห่งสวรรค์ ๖ ชั้น มีท้าววสวัตดีมารเป็นผู้ครอง. (ดู ฉกามาพจร ประกอบ).
ปรบ 0,ก.,"เอาฝ่ามือตบกันหลาย ๆ ครั้งให้เกิดเสียงเพื่อแสดงความยินดีเป็นต้น ในคำว่า ปรบมือ, ตบมือ ก็ว่า"
ปรบ 1,ก.,ตี เช่น ไก่ปรบปีก ช้างปรบหู.
ปรบไก่ 0,น.,ชื่อหน้าทับประกอบเพลงดนตรีประเภทหนึ่ง
ปรบไก่ 1,น.,ชื่อเพลงพื้นเมืองอย่างหนึ่ง ใช้ตบมือเป็นจังหวะ ร้องโต้ตอบกันระหว่างหญิงกับชาย.
ปรบมือให้ 0,ก.,"ยกย่อง, สรรเสริญ."
ปรปักษ์ 0,น.,"ข้าศึก, ศัตรู, ฝ่ายตรงข้าม."
ปรม- 0,ว.,อย่างยิ่ง (ใช้นำหน้าคำอื่นโดยมาก).
ปรมัตถ์ 0,น.,"ประโยชน์อย่างยิ่ง, เนื้อความอย่างยิ่ง, ความจริงอันเป็นที่สุด"
ปรมัตถ์ 1,น.,ชื่อพระอภิธรรมปิฎก.
ปรมัตถ์ 2,ว.,ลึกซึ้งยากที่ปุถุชนจะเข้าใจได้ เช่น นี่เป็นเรื่องปรมัตถ์.
ปรมาจารย์ 0,น.,อาจารย์ผู้เป็นเอกหรือยอดเยี่ยมในทางวิชาใดวิชาหนึ่ง.
ปรมาณู 0,น.,ส่วนของสารที่มีขนาดเล็กที่สุดจนไม่สามารถจะแยกย่อยได้อีกด้วยวิธีเคมี.
ปรมาตมัน 0,น.,อาตมันสูงสุด เป็นต้นกำเนิดและที่รวมของทุกสิ่งทุกอย่างในจักรวาล.
ปรมาภิไธย 0,น.,ชื่อ (ใช้เฉพาะพระบาทสมเด็จพระเจ้าอยู่หัว) เช่น ในพระปรมาภิไธย ทรงลงพระปรมาภิไธย.
ปรมาภิเษก 0,น.,อภิเษกอย่างยิ่ง คือ การตรัสรู้เป็นพระพุทธเจ้า.
ปรมินทร์ 0,น.,ผู้เป็นใหญ่ยิ่ง.
ปรเมนทร์ 0,น.,ผู้เป็นใหญ่ยิ่ง.
ปรเมศวร์ 0,น.,ผู้เป็นใหญ่ยิ่ง คือ พระอิศวร.
ปรเมษฐ์ 0,น.,ผู้สูงสุด คือ พระพรหม.
ปรเมหะ 0,น.,ชื่อคัมภีร์หมอว่าด้วยโรคเกิดแต่นํ้าเบา (น้ำปัสสาวะ).
ปรโลก 0,น.,โลกหน้า.
ปรวด 0,น.,เนื้อที่เป็นโรค มีลักษณะเป็นก้อนแข็งอยู่ใต้ผิวหนัง
ปรวด 1,น.,ชื่อหมอช้าง.
ปรวด 2,ก.,โปรด.
ปรวนแปร 0,ก.,"เปลี่ยนไปเปลี่ยนมาไม่อยู่ที่เป็นปรกติ เช่น อากาศปรวนแปร, รวนเร เช่น ใจปรวนแปร, แปรปรวน ก็ว่า."
ปรวาที 0,น.,"ผู้กล่าวถ้อยคำฝ่ายตอบหรือฝ่ายค้าน, คู่กับ สกวาที."
ปรศุ 0,น.,ขวาน.
ปรสิต 0,น.,สัตว์พวกพยาธิที่อาศัยอยู่ในมนุษย์และสัตว์
ปรสิต 1,น.,ตัวเบียน เช่น กาฝาก.
ปรสิต- 0,น.,สัตว์พวกพยาธิที่อาศัยอยู่ในมนุษย์และสัตว์
ปรสิต- 1,น.,ตัวเบียน เช่น กาฝาก.
ปรสิตวิทยา 0,น.,วิชาที่ว่าด้วยพยาธิ.
ปรหิตะ 0,น.,"ประโยชน์ผู้อื่น, มักใช้ควบกับ ประโยชน์ เป็น ปรหิตประโยชน์ ว่า ประโยชน์เกื้อกูลแก่ผู้อื่น."
ปร๋อ 0,ว.,"แคล่วคล่อง, ว่องไว, ไม่ติดขัด, เช่น พอกรงเปิด นกก็บินปร๋อออกไป วิ่งปร๋อ พูดภาษาอังกฤษได้ปร๋อ."
ปรองดอง 0,ก.,"ออมชอม, ประนีประนอม, ยอมกัน, ไม่แก่งแย่งกัน, ตกลงกันด้วยความไกล่เกลี่ย, ตกลงกันด้วยไมตรีจิต."
ปรอด 0,น.,"ชื่อนกขนาดเล็กหลายชนิด ในวงศ์ Pycnonotidae สีเหลืองหม่น บางชนิดสีออกดำ ทำรังรูปถ้วยตามต้นไม้ กินผลไม้และแมลง เช่น ปรอดสวน ( Pycnonotus blanfordiJerdon) ปรอดทอง [ P. atriceps (Temminck)] ปรอดหัวโขน [ P. jocosus (Linn.)], กรอด ก็เรียก, บางทีเขียนเป็น กระหรอด หรือ กะหรอด."
ปรอด ๆ 0,ว.,เสียงดังเช่นนั้น เช่น ขี้ปรอด ๆ.
ปรอท 0,น.,ธาตุลำดับที่ ๘๐ สัญลักษณ์ Hg เป็นโลหะ ลักษณะเป็นของเหลว สีเงิน แข็งตัวที่ -๓๘.๓๖ °ซ. เดือดที่ ๓๕๗ °ซ. ใช้ประโยชน์นำไปทำเทอร์โมมิเตอร์ บารอมิเตอร์ โลหะเจือซึ่งเรียกว่า อะมัลกัม (amalgam) ใช้ในงานทันตกรรมและทำเครื่องมือวิทยาศาสตร์อื่น ๆ สารประกอบของปรอทเป็นพิษ แต่บางอย่างใช้เป็นยาได้. (อ. mercury)
ปรอท 1,น.,เครื่องวัดอุณหภูมิ
ปรอท 2,น.,โดยปริยายหมายถึงอาการที่เป็นไปอย่างรวดเร็วว่องไว เช่น ไวเป็นปรอท.
ปรอย 0,ว.,ที่แสดงอาการเศร้า (ใช้แก่ตา) เช่น ทำตาปรอย.
ปรอย ๆ 0,ว.,ที่แสดงอาการเศร้า (ใช้แก่ตา) เช่น ทำตาปรอย.
ปรอย ๆ 1,ว.,ที่ตกเป็นระยะ ๆ ไม่หนาเม็ด (ใช้แก่ฝนตก) เช่น ฝนตกปรอย ๆ.
ประ- 0,*ว.,"ใช้เติมหน้าคำอื่นเพื่อให้คำหนักแน่นขึ้น เช่น ชิด เป็น ประชิด, ท้วง เป็น ประท้วง"
ประ- 1,*ว.,คำที่แผลงมาจาก ผ เช่น ผทม เป็น ประทม แล้วแผลง ประ เป็น บรร เช่น ประทม เป็น บรรทม.
ประ 0,ก.,"ปะทะ เช่น ประหมัด, กระทบ, ระ, เช่น ผมประบ่า."
ประ 1,ก.,"ทำให้เป็นจุด ๆ เช่น ประไข่ปลา, ทำให้เป็นจุด ๆ หรือเม็ด ๆ ทั่วไปอย่างประแป้ง."
ประ 2,น.,ลูกกระ. (ดู กระ ๒).
ประ 3,น.,"จุดดำ ๆ หรือจุดน้ำตาลขึ้นประปรายที่ผิวกายคน สัตว์ หรือสิ่งอื่น ๆ, ประ ก็ว่า."
ประกบ 0,ก.,"แนบชิดกัน, ทาบกัน, เช่น ขนมครก ๒ ฝาประกบกัน ไม้ไผ่ ๒ ซีกประกบกัน."
ประกบตัว 0,ก.,"ติดตามอย่างใกล้ชิด เช่น ตำรวจประกบตัวผู้ร้าย, คุมตัวอย่างใกล้ชิด เช่น ประกบตัวผู้เล่นฝ่ายตรงข้ามในการเล่นฟุตบอลเป็นต้น."
ประกฤต 0,ก.,"ทำ, ทำมาก."
ประกฤติ 0,น.,"มูลเดิม, ที่เกิด, รากเหง้า"
ประกฤติ 1,น.,"ความเป็นไปตามธรรมดา, ความเป็นไปตามปรกติ, ลักษณะ"
ประกฤติ 2,น.,"กฎ, เกณฑ์, แบบเดิม."
ประกล 0,น.,ประการ.
ประกล 1,ว.,ต่าง.
ประกวด 0,ก.,แข่งขันเพื่อเลือกเฟ้นเอาดี โดยมีการตัดสิน เช่น ประกวดนางงาม ประกวดบทความ.
ประกวดประขัน 0,ก.,แข่งสู้อวดกัน เช่น แต่งตัวประกวดประขันกัน.
ประกวดราคา 0,ก.,เสนอราคาแข่งขันกัน.
ประกอบ 0,ก.,เอาชิ้นส่วนต่าง ๆ มารวมหรือคุมกันเข้าเป็นรูปร่างตามที่ต้องการ เช่น ประกอบรถยนต์
ประกอบ 1,ก.,ทำ เช่น ประกอบอาชีพ ประกอบธุรกิจ
ประกอบ 2,ก.,ประสมหรือปรุงเป็นอันหนึ่งอันเดียวกัน เช่น ประกอบยา
ประกอบ 3,ก.,"เสริม, เพิ่มเติม, เช่น อธิบายประกอบ."
ประกอบด้วย 0,ก.,"มี, มีมาก, เช่น ประกอบด้วยเมตตา, กอบด้วย ก็ว่า."
ประกอบอาหาร 0,ก.,ทำหรือปรุงแต่งอาหารต่าง ๆ.
ประกัน 0,ก.,"รับรองว่าจะรับผิดในความเสียหายที่เกิดขึ้น, รับรองว่าจะมีหรือไม่มีเหตุการณ์นั้น ๆ."
ประกัน 1,น.,หลักทรัพย์ที่ให้ไว้เป็นเครื่องรับรอง.
ประกันชีวิต 0,น.,"ชื่อสัญญาประกันภัยชนิดหนึ่ง ซึ่งบุคคลคนหนึ่งเรียกว่า ผู้รับประกันภัย ตกลงจะใช้เงินจำนวนหนึ่งให้แก่ผู้รับประโยชน์โดยอาศัยความทรงชีพ หรือมรณะของบุคคลคนหนึ่ง และในการนี้ผู้เอาประกันภัยตกลงจะส่งเงินซึ่งเรียกว่า เบี้ยประกันภัย ให้แก่ผู้รับประกันภัย, สัญญาประกันชีวิต ก็เรียก."
ประกันชีวิต 1,ก.,ทำสัญญาประกันชีวิต.
ประกันเชิงลา 0,ก.,ประกันตัวออกมาจากที่คุมขังได้เป็นคราว ๆ คราวละ ๓ วัน หรือ ๗ วัน.
ประกันภัย 0,น.,"ชื่อสัญญาซึ่งบุคคลคนหนึ่ง เรียกว่า ผู้รับประกันภัย ตกลงจะใช้ค่าสินไหมทดแทนหรือใช้เงินจำนวนหนึ่งให้ในกรณีที่หากมีวินาศภัยขึ้น หรือในเหตุอย่างอื่นในอนาคตดังได้ระบุไว้ในสัญญา และในการนี้บุคคลอีกคนหนึ่ง เรียกว่า ผู้เอาประกันภัย ตกลงจะส่งเงินซึ่งเรียกว่า เบี้ยประกันภัย, สัญญาประกันภัย ก็เรียก."
ประกับ 0,ก.,ประกอบเข้าทั้ง ๒ ข้างเพื่อให้แน่น.
ประกับ 1,น.,วัตถุใช้แทนเงินปลีก ขนาดเท่าเหรียญมีเส้นผ่าศูนย์กลางประมาณ ๑ นิ้ว ทำด้วยดินเผาตีตราต่าง ๆ.
ประกาย 0,น.,"แสงที่เห็นกระเด็นกระจายออกจากวัตถุที่ลุกเป็นไฟ เช่น ประกายลูกไฟ, แสงที่เห็นกระเด็นกระจายออกจากของแข็งบางอย่างที่กระทบกันอย่างแรง เช่น ดาบกระทบกันเป็นประกาย ตีเหล็กไฟเป็นประกาย, ความแวววาวที่เหลี่ยมเพชรเป็นต้นกระทบแสง, แสงแปลบปลาบอย่างแสงฟ้าแลบ, โดยปริยายหมายถึง แสงที่มีลักษณะที่คล้ายคลึงเช่นนั้น เช่น ตาเป็นประกาย, แสงสะท้อนจากสิ่งที่เป็นมันเป็นเงา เช่น ประกายแสงจากกระเบื้องหลังคาโบสถ์."
ประกายพรึก 0,น.,"ชื่อดาวพระศุกร์ที่เห็นในเวลาเช้ามืด เรียกว่า ดาวประกายพรึก, ดาวรุ่ง ก็เรียก, ถ้าเห็นในเวลาหัวคํ่า เรียกว่า ดาวประจำเมือง."
ประการ 0,น.,"อย่าง เช่น จะทำประการไร, ชนิด เช่น หลายประการ"
ประการ 1,น.,"ทำนอง, แบบ, เช่น ด้วยประการฉะนี้."
ประกาศ 0,ก.,"ป่าวร้อง, แจ้งให้ทราบ, เช่น ประกาศงานบุญงานกุศล."
ประกาศ 1,น.,ข้อความที่แจ้งให้ทราบทั่วกัน เช่น ประกาศของวัด ประกาศของบริษัท
ประกาศ 2,น.,ข้อความที่ทางราชการแจ้งให้ประชาชนทราบหรือวางแนวทางให้ปฏิบัติ เช่น ประกาศพระบรมราชโองการ ประกาศกระทรวง ประกาศสำนักนายกรัฐมนตรี.
ประกาศก 0,น.,ผู้ประกาศ.
ประกาศนียบัตร 0,น.,เอกสารแสดงคุณวุฒิ ตามปรกติตํ่ากว่าระดับอุดมศึกษา.
ประกาศิต 0,น.,"คำสั่งเด็ดขาด, คำพูดที่ศักดิ์สิทธิ์."
ประกำ 0,ก.,"รัด, ตรึงให้แน่น, เช่น ประกำตรึงด้วยเพชรแน่นหนา (ม. ร่ายยาว กุมาร)."
ประกิด 0,ก.,"ประกอบ, ประกับ, ประดับ."
ประกิต 0,ก.,"แจ้งความ, ประกาศ, แสดง."
ประกีรณกะ 0,ว.,"เรี่ยราย, เบ็ดเตล็ด, กระจาย, ระคนกัน, คละกัน."
ประเกียรณกะ 0,ว.,"เรี่ยราย, เบ็ดเตล็ด, กระจาย, ระคนกัน, คละกัน."
ประแกก 0,ก.,"แตกร้าวกัน, วิวาทกัน."
ประคด 0,น.,"เครื่องคาดเอวหรืออกของพระภิกษุสามเณร, ถ้าเป็นสายถักเป็นแผ่นสำหรับคาดเอว เรียกว่า ประคดเอว, ถ้าเป็นผืนผ้าสำหรับคาดอก เรียกว่า ประคดอก, รัดประคด ก็เรียก"
ประคด 1,น.,ผ้าสำหรับคาดเอวทับเครื่องแบบขุนนางสมัยโบราณ.
ประคนธรรพ์ 0,น.,"หัวหน้าคนธรรพ์ผู้เป็นเจ้าแห่งการดนตรี ถือว่าเป็นครูปี่พาทย์, เขียนเป็น ประคนธรรพ หรือ ประคนธรรพ์ ก็มี."
ประคนธรรพ 0,น.,"หัวหน้าคนธรรพ์ผู้เป็นเจ้าแห่งการดนตรี ถือว่าเป็นครูปี่พาทย์, เขียนเป็น ประคนธรรพ หรือ ประคนธรรพ์ ก็มี."
ประคบ 0,ว.,เรียกผ้าที่ห่อเครื่องยาผูกเป็นลูกกลม ๆ อังไฟแล้วนาบหรือคลึงบริเวณที่ปวด ว่า ลูกประคบ.
ประคบ 1,ก.,นาบหรือกดคลึงด้วยลูกประคบ.
ประคบประหงม 0,ก.,"ทะนุถนอม, ฟูมฟักรักษา."
ประคอง 0,ก.,"พยุงให้ทรงตัวอยู่ เช่น ประคองตัวเอง, ช่วยพยุงไม่ให้เซไม่ให้ล้มเป็นต้น เช่น ประคองคนเจ็บให้ลุก ประคองคนแก่เดิน, ระมัดระวังไม่ให้หกหรือพลั้งพลาด เช่น ประคองชามแกงให้ดี, โอบรัดเบา ๆ เช่น หนุ่มสาวเดินประคองกันไป"
ประคอง 1,ก.,โดยปริยายหมายถึงอาการที่คล้ายคลึงเช่นนั้น เช่น ประคองสถานการณ์บ้านเมืองไว้ให้ดี.
ประคับประคอง 0,ก.,"คอยระมัดระวังพยุงไว้, คอยบำรุงรักษา, ทะนุถนอมอย่างดี."
ประคัลภ์ 0,น.,"ความกล้า, ความสามารถ, ความคะนอง."
ประคัลภ์ 1,ว.,"คล่องแคล่ว, ประเปรียว."
ประคารม 0,ก.,ตีฝีปากกัน.
ประคำ 0,น.,"ลูกกลม ๆ ที่ร้อยเป็นพวงสำหรับเป็นเครื่องหมายการนับในเวลาบริกรรมภาวนาหรือสำหรับใช้เป็นเครื่องราง, เรียกเครื่องประดับที่ทำด้วยทองคำเป็นต้นมีลักษณะคล้ายคลึงเช่นนั้น."
ประคำไก่ 0,น.,"ชื่อไม้ต้นชนิด Drypetes roxburghii (Wall.) ในวงศ์ Euphorbiaceae ลำต้นและกิ่งก้านสีขาวนวล ใบหนาเป็นมัน ผลกลมรีสีขาวอมเทา ใช้ทำยาได้, มะคำไก่ ก็เรียก."
ประคำดีควาย 0,น.,"ชื่อไม้ต้น ๒ ชนิดในสกุล Sapindus วงศ์ Sapindaceae คือ ชนิด S. trifoliatusL. ใบเป็นใบประกอบ มีใบย่อย ๔-๖ ใบ และชนิด S. rarak DC. มีใบย่อย ๑๔-๓๐ ใบ ทั้ง ๒ ชนิดผลกลมขนาดผลพุทรา ใช้ทำยาได้ ใช้ซักผ้าไหมหรือล้างเครื่องเพชรแทนสบู่ได้, มะคำดีควาย หรือ มะซัก ก็เรียก."
ประคำร้อย 0,น.,ชื่อฝีชนิดหนึ่งเกิดขึ้นบริเวณลำคอ เป็นเม็ดเรียงกันรอบคอ.
ประคิ่น 0,ก.,"ประจง, ค่อย ๆ ทำให้เรียบร้อย, ประคอง."
ประคิ่นวินชา 0,ก.,"ประจง, ค่อย ๆ ทำให้เรียบร้อย, ประคอง."
ประคุณ 0,ก.,"คล่องแคล่ว, ชำนาญ."
ประเคน 0,ก.,ถวายของพระโดยวิธียกส่งให้ตามพิธีการที่กำหนดไว้ เช่น ประเคนอาหาร
ประเคน 1,ก.,ส่งให้ถึงมือ (ใช้ในความแดกดัน) เช่น ต้องเอาไปประเคนให้จนถึงที่
ประเคน 2,ก.,ตี เช่น ประเคนกระบาล ๓ ที.
ประเคราะห์ 0,น.,ความเพียรที่แก่กล้า
ประเคราะห์ 1,น.,"การยกย่อง, การเชิดชู, ตรงข้ามกับ นิเคราะห์ ซึ่งแปลว่า การข่ม, การกล่าวโทษ, การปราบปราม."
ประเคราะห์ 2,ก.,"ยกย่อง, ประคับประคอง."
ประโคน 0,น.,เรียกเสาใหญ่ที่ปักหมายเขตแดนระหว่างประเทศหรือเมืองเป็นต้น ว่า เสาประโคน.
ประโคน 1,น.,"สายรัดจากใต้สัปคับไปที่อกช้างหลังขาหน้า แล้วลอดมาบรรจบกันโยงใต้ท้องช้างและที่หน้าขาหน้าไปจากสายชนักที่คอช้าง, (กลอน) กระคน ก็ว่า."
ประโคนธรรพ์ 0,น.,"หัวหน้าคนธรรพ์ผู้เป็นเจ้าแห่งการดนตรี ถือว่าเป็นครูปี่พาทย์, เขียนเป็น ประคนธรรพ หรือ ประคนธรรพ์ ก็มี."
ประโคนธรรพ 0,น.,"หัวหน้าคนธรรพ์ผู้เป็นเจ้าแห่งการดนตรี ถือว่าเป็นครูปี่พาทย์, เขียนเป็น ประคนธรรพ หรือ ประคนธรรพ์ ก็มี."
ประโคม 0,ก.,บรรเลงดนตรีเพื่อเป็นสัญญาณในพิธีบางอย่างเพื่อสักการบูชาหรือยกย่องเป็นต้น.
ประโคมข่าว 0,ก.,ป่าวประกาศให้ครึกโครม.
ประจง 0,ก.,"บรรจง, ทำให้ดี."
ประจญ 0,ก.,"ต่อสู้, สู้รบ, ต้านทาน, ผจญ ก็ว่า."
ประจบ 0,ก.,"บรรจบ, เพิ่มให้ครบจำนวน, เช่น มีสลึงพึงประจบให้ครบบาท"
ประจบ 1,ก.,"จดกัน, ใกล้ชิดติดต่อกัน, เช่น ปูกระดานให้ประจบกัน ทาง ๒ สายมาประจบกัน, ทำให้เข้ากันสนิท เช่น ติดกรอบหน้าต่างให้มุมประจบกัน."
ประจบ 2,ก.,พูดหรือทำให้เขารักเขาชอบ.
ประจบประแจง 0,ก.,พูดหรือทำให้เขารักเขาชอบ.
ประจบสอพลอ 0,ก.,ประจบประแจงผู้บังคับบัญชาหรือผู้มีฐานะสูงกว่าด้วยการกล่าวร้ายป้ายสีผู้อื่นเป็นต้นเพื่อประโยชน์ของตน.
ประจวบ 0,ก.,"จำเพาะพอดี, สบเหมาะ, บังเอิญพบ, เช่น นํ้าเหนือหลากมาประจวบกับนํ้าทะเลหนุน นํ้าเลยท่วม."
ประจ๋อประแจ๋ 0,ว.,"กะหนอกะแหน, ฉอเลาะ, อาการที่พูดเอาอกเอาใจหรือประจบประแจง."
ประจักษ์ 0,ว.,ปรากฏชัด อาจเป็นทางตาหรือใจก็ได้ เช่น ประจักษ์แก่ตา ประจักษ์แก่ใจ.
ประจักษ- 0,ว.,ปรากฏชัด อาจเป็นทางตาหรือใจก็ได้ เช่น ประจักษ์แก่ตา ประจักษ์แก่ใจ.
ประจักษนิยม 0,น.,ประสบการณ์นิยม.
ประจักษ์พยาน 0,น.,พยานบุคคลที่เป็นผู้ได้เห็น ได้ยิน หรือทราบข้อความเกี่ยวกับเรื่องที่ให้การเป็นพยานนั้นมาด้วยตนเองโดยตรง.
ประจัญ 0,ก.,"ปะทะต่อสู้, ผจัญ ก็ว่า."
ประจัญบาน 0,ก.,รบอย่างตะลุมบอน.
ประจัน 0,ก.,กั้นเป็นส่วนสัด เช่น ฝาประจันห้อง
ประจัน 1,ก.,"ประชัน, ประเชิญ, เผชิญ, เช่น หันหน้าประจันกัน"
ประจัน 2,ก.,เรียกไม้ที่ใช้คํ้าแคมเรือที่เบิกได้ที่แล้วเพื่อไม่ให้หุบ ว่า ไม้ประจัน.
ประจันหน้า 0,ก.,"เผชิญหน้ากัน, อยู่ต่อหน้ากัน."
ประจาก 0,ก.,"พรากไป, จากไป."
ประจาค 0,ก.,"สละ, ให้."
ประจาน 0,ก.,ประกาศเปิดเผยความชั่วให้รู้ทั่วกันด้วยวิธีต่าง ๆ เช่น พูดประจาน ตัดหัวเสียบประจาน พาตระเวนประจานทั่วเมือง.
ประจำ 0,ว.,"เป็นปรกติ, เสมอ, เช่น มาเป็นประจำ นั่งประจำ"
ประจำ 1,ว.,เฉพาะ เช่น ตราประจำกระทรวง ตราประจำตำแหน่ง
ประจำ 2,ว.,"ที่กำหนดให้มีเป็นปรกติ เช่น งานประจำปี, เรียกรถโดยสารที่วิ่งอยู่บนเส้นทางใดเส้นทางหนึ่งเป็นปรกติ ว่า รถประจำทาง, เรียกครูหรืออาจารย์ที่สอนและดูแลรับผิดชอบนักเรียนชั้นใดชั้นหนึ่งเป็นปรกติ ว่า ครูหรืออาจารย์ประจำชั้น, เรียกบัตรที่ออกให้ไว้เฉพาะบุคคลและจะต้องเก็บไว้กับตัวเป็นปรกติ ว่า บัตรประจำตัว, เรียกลูกจ้างที่จ้างไว้เป็นปรกติ ไม่ใช่ชั่วคราว ว่า ลูกจ้างประจำ, เรียกผู้ที่มาติดต่อหรือไปมาหาสู่กันเสมอเป็นปรกติ เช่น ลูกค้าประจำ ขาประจำ, ลักษณะการฝากเงินไว้กับธนาคารโดยจะได้รับดอกเบี้ยเมื่อฝากครบตามเวลาที่กำหนดไว้ เรียกว่า ฝากประจำ."
ประจำ 3,น.,"เงินที่มอบไว้แก่คู่สัญญา โดยตกลงว่า ถ้าตนไม่ทำตามสัญญา ให้ริบเงินนั้นเสีย เรียกว่า เงินวางประจำ, มัดจำ ก็ว่า."
ประจำการ 0,ว.,"อยู่ในตำแหน่งหน้าที่ประจำ, ยังอยู่ในระหว่างปฏิบัติหน้าที่, เช่น ทหารประจำการ."
ประจำครั่ง 0,ก.,เอาครั่งผนึกแล้วประทับเครื่องหมายเป็นสำคัญ.
ประจำฉัตร 0,น.,"ชื่อหนึ่งของดาวฤกษ์อนุราธา มี ๔ ดวง, ดาวนกยูง ดาวอนุราธ หรือ ดาวอนุราธะ ก็เรียก."
ประจำซอง 0,ก.,เข้าประจำรักษาหน้าที่เมื่อมีเหตุฉุกเฉิน.
ประจำเดือน 0,น.,ระดู.
ประจำตรา 0,ก.,เอาครั่งผนึกแล้วประทับเครื่องหมายเป็นสำคัญ.
ประจำเมือง 0,น.,"ชื่อดาวพระศุกร์ที่เห็นในเวลาหัวคํ่า เรียกว่า ดาวประจำเมือง, ถ้าเห็นในเวลาเช้ามืด เรียกว่า ดาวรุ่ง หรือ ดาวประกายพรึก."
ประจำยาม 0,น.,ชื่อลายอย่างหนึ่ง มีรูปเป็นดอกไม้ ๔ กลีบ วางเป็นระยะ ๆ คั่นลายอื่น.
ประจิม 0,น.,ทิศตะวันตก.
ประจิ้มประจ่อง 0,ก.,"หยิบหย่ง, ดัดจริตกรีดกราย."
ประจิ้มประเจ๋อ 0,ว.,พูดจาและแสดงกิริยาเสนอหน้าอย่างเด็ก.
ประจุ 0,ก.,"บรรจุ, ใส่"
ประจุ 1,ก.,ใส่เข้าที่ให้แน่น เช่น ประจุดินปืน
ประจุ 2,ก.,"เข้าประจำที่, เข้าประจำตำแหน่ง."
ประจุ 3,น.,เรียกยาที่ขับพิษถ่ายพิษ ว่า ยาประจุ.
ประจุขาด 0,น.,เรียกวิธีกล่าวคำลาสึกจากพระ.
ประจุคมน์ 0,ก.,ลุกขึ้นต้อนรับ.
ประจุบัน 0,น.,ปัจจุบัน.
ประจุไฟฟ้า 0,น.,อนุภาคที่แสดงอำนาจไฟฟ้าซึ่งได้แก่ โปรตอน และอิเล็กตรอน วัตถุใดที่มีจำนวนโปรตอนมากกว่าจำนวนอิเล็กตรอน ก็กำหนดว่าวัตถุนั้นมีประจุไฟฟ้าบวก แต่ถ้ามีจำนวนอิเล็กตรอนมากกว่าจำนวนโปรตอน ก็กำหนดว่าวัตถุนั้นมีประจุไฟฟ้าลบ.
ประจุโลหิต 0,ก.,ฟอกเลือด.
ประเจก 0,ว.,"ปัจเจก, เฉพาะตัว, เฉพาะผู้เดียว."
ประเจิด 0,ก.,"บรรเจิด, เชิดขึ้นสูง, สูงเด่น, เฉิดฉาย."
ประเจิด 1,ว.,งาม.
ประเจิดประเจ้อ 0,ว.,อาการกระทำที่ถือกันว่าน่าละอายหรือไม่บังควรให้คนอื่นเห็น.
ประเจียด 0,น.,ผ้าลงเลขยันต์ถือกันว่าเป็นเครื่องป้องกันอันตรายได้ ใช้เป็นผ้าผูกคอหรือผูกต้นแขนเป็นต้น.
ประแจ 0,น.,"เครื่องสำหรับใส่ประตูหน้าต่างเป็นต้น เพื่อยึดหรือสลักไม่ให้เปิดเข้าออกได้ เวลากดหรือไขออกมีเสียงลั่นดังกริ๊ก มีลูกไข เรียกว่า ลูกกุญแจ, ประแจ ก็เรียก."
ประแจจีน 0,น.,ชื่อลายแบบจีนชนิดหนึ่ง เป็นรูปสี่เหลี่ยมหักมุมไขว้กัน
ประแจจีน 1,น.,กุญแจแบบจีนอย่างหนึ่ง.
ประชด 0,ก.,"แกล้งทำให้เกินควรหรือพูดแดกดันเพราะความไม่พอใจ เช่น หุงข้าวประชดหมา ปิ้งปลาประชดแมว พูดประชด, ประชดประชัน ก็ว่า, ในกลอนใช้ว่า ประทยด หรือ ประเทียด ก็มี."
ประชดประชัน 0,ก.,พูดหรือทำเป็นเชิงกระทบกระแทกแดกดัน.
ประชน 0,ก.,"ประชัน, มักใช้เข้าคู่กับคำ ประชัน เป็น ประชนประชัน."
ประชวม 0,ก.,ประชุม.
ประชวร 0,ก.,"เจ็บป่วย, เจ็บไข้, เจ็บ. (ใช้แก่เจ้านาย)."
ประชัน 0,ว.,"อาการที่แข่งขันเพื่อให้รู้ว่าใครจะแสดงได้ดีกว่าหรือเก่งกว่ากัน เช่น งิ้ว ๒ โรงประชันกัน อย่าเอาเป็ดขันประชันไก่, โดยปริยายหมายถึง อาการคล้ายคลึงเช่นนั้น เช่น เด็กร้องไห้ประชันกัน."
ประชา 0,น.,หมู่คน เช่น ปวงประชา.
ประชากร 0,น.,"หมู่คน, หมู่พลเมือง (เกี่ยวกับจำนวน)."
ประชากรศาสตร์ 0,น.,การศึกษาทางสถิติเกี่ยวกับประชากรในแง่อัตราการเกิด การตาย การย้ายถิ่น และการกระจาย เป็นต้น รวมทั้งผลกระทบที่มีต่อสภาวะทางสังคมและเศรษฐกิจ.
ประชาคม 0,น.,"ชุมชน, กลุ่มชนซึ่งอยู่รวมกันและมีการติดต่อสัมพันธ์กัน."
ประชาชน 0,น.,"พลเมือง, สามัญชนทั่ว ๆ ไปที่ไม่ใช่ข้าราชการ พ่อค้า หรือนักบวช ในความว่า ข้าราชการ พ่อค้า และประชาชน."
ประชาชาติ 0,น.,"ประเทศรวมทั้งประชาชน, ประชาชนที่เป็นพลเมืองของประเทศ, ชาติ ก็ว่า."
ประชาชี 0,น.,ประชาชน.
ประชาทัณฑ์ 0,น.,การที่ฝูงชนกลุ้มรุมทำร้าย เป็นการลงโทษบุคคลที่ตนเข้าใจหรือนึกว่ามีความผิด โดยไม่ดำเนินการตามกระบวนการยุติธรรม.
ประชาธิปไตย 0,น.,"ระบอบการปกครองที่ถือมติปวงชนเป็นใหญ่, การถือเสียงข้างมากเป็นใหญ่."
ประชานาถ 0,น.,พระพรหม.
ประชาบดี 0,น.,เจ้าแห่งสรรพสัตว์.
ประชาบาล 0,น.,"การศึกษาของท้องถิ่น มีราชการบริหารส่วนท้องถิ่นเป็นผู้ดำเนินการ, เรียกโรงเรียนประเภทนี้ ว่า โรงเรียนประชาบาล"
ประชาบาล 1,น.,การปกครองพลเมืองในท้องถิ่น.
ประชาพิจารณ์ 0,น.,การฟังความคิดเห็นของประชาชนส่วนใหญ่.
ประชาภิบาล 0,น.,ผู้ปกครองพลเมือง
ประชาภิบาล 1,น.,การปกครองชาวเมือง.
ประชามติ 0,น.,มติของประชาชนส่วนใหญ่ในประเทศที่แสดงออกในเรื่องใดเรื่องหนึ่งหรือที่ใดที่หนึ่ง. (อ. plebiscite)
ประชามติ 1,น.,มติของประชาชนที่รัฐให้สิทธิออกเสียงลงคะแนนรับรองร่างกฎหมายสำคัญที่ได้ผ่านสภานิติบัญญัติแล้ว หรือให้ตัดสินในปัญหาสำคัญในการบริหารประเทศ. (อ. referendum)
ประชามติ 2,น.,การขอความเห็นชอบจากประชาชนผู้มีสิทธิเลือกตั้ง ในเรื่องใดเรื่องหนึ่งที่อาจกระทบถึงประโยชน์ส่วนได้เสียของประเทศชาติหรือประชาชน โดยวิธีการให้ออกเสียงลงมติโดยตรง.
ประชาราษฎร์ 0,น.,"พลเมือง, สามัญชนทั่ว ๆ ไปที่ไม่ใช่ข้าราชการ พ่อค้า หรือนักบวช ในความว่า ข้าราชการ พ่อค้า และประชาชน."
ประชาสงเคราะห์ 0,น.,การช่วยเหลือในด้านสวัสดิการ เช่นการบรรเทาทุกข์ผู้ประสบสาธารณภัยที่รัฐให้แก่ประชาชนที่ตกทุกข์ได้ยาก.
ประชาสัมพันธ์ 0,ก.,ติดต่อสื่อสารเพื่อส่งเสริมความเข้าใจอันถูกต้องต่อกัน.
ประชาสัมพันธ์ 1,น.,เจ้าหน้าที่ผู้รับผิดชอบในการนี้.
ประชิด 0,ก.,"เข้าไปให้ใกล้ เช่น ตั้งค่ายประชิด, เข้าถึงตัว, เข้าชิดตัว, เช่น ผู้ร้ายมาประชิดตัว."
ประชี 0,ก.,"ทำสิ่งที่เป็นปุยอย่างสำลีหรือที่เป็นเส้นอย่างกลุ่มยาเส้นให้กระจายตัวออก, ชี ก็ว่า."
ประชุม 0,ก.,"มารวมกันหรือเรียกให้มารวมกันเพื่อประโยชน์อย่างใดอย่างหนึ่ง, มาร่วมพบกันเพื่อปรึกษาหารือ, เช่น ประชุมกรรมการ, โดยปริยายใช้หมายถึงเอาสิ่งที่เป็นประเภทเดียวกันมารวมกัน เช่น ประชุมพงศาวดาร ประชุมปาฐกถา, บางทีใช้หมายความอย่างเดียวกับชุมนุม เช่น ประชุมพระบรมราชาธิบาย ประชุมประกาศรัชกาลที่ ๔."
ประชุมโต๊ะกลม 0,น.,การประชุมปรึกษาหารือหรืออภิปราย ซึ่งจัดที่นั่งล้อมกันเป็นวงกลม ไม่มีประธาน ทุกคนมีสิทธิ์เสนอความคิดเห็นเท่าเทียมกัน.
ประชุมเพลิง 0,ก.,เผาศพ.
ประชุมสุดยอด 0,น.,การประชุมระหว่างประเทศของเจ้าหน้าที่ฝ่ายบริหารระดับสูงของรัฐบาล.
ประเชิญ 0,ก.,"ชนกัน, ปะทะกัน, เจอหน้ากัน"
ประเชิญ 1,ก.,เอาผ้านุ่ง ผ้าขาวม้าเป็นต้นที่ขาดกลางผืนมาตัดตรงขาดออก แล้วเอาชายมาต่อกันเข้าใหม่ เรียกว่า ประเชิญผ้า.
ประณต 0,ก.,น้อมไหว้.
ประณม 0,น.,การน้อมไหว้.
ประณาม 0,ก.,น้อมไหว้ เช่น ขอประณามบาทบงสุ์พระทรงศรี.
ประณาม 1,ก.,กล่าวร้ายให้เขาเสียหาย เช่น ถูกประณามว่าเป็นคนโกง
ประณาม 2,ก.,ขับไล่.
ประณิธาน 0,น.,การตั้งความปรารถนา.
ประณิธิ 0,น.,การตั้งความปรารถนา.
ประณีต 0,ว.,"ละเอียดลออ, เรียบร้อยงดงาม, เช่น ฝีมือประณีต ทำอย่างประณีต, ที่ปรุงอย่างสุดฝีมือด้วยของดี ๆ เช่น ปรุงอาหารอันประณีต."
ประณุท 0,ก.,"บรรเทา, ระงับ."
ประดง 0,น.,ชื่อโรคผิวหนังจำพวกหนึ่ง ทำให้คันเป็นต้น ตามตำราแพทย์แผนโบราณว่ามีหลายชนิด เช่น ประดงเลือด ประดงลม.
ประดงแดง 0,น.,"ชื่อไม้ต้นขนาดใหญ่ชนิด Bhesa robusta (Roxb.) Ding Hou ในวงศ์ Celastraceae ลำต้นแดงคลํ้า ใบยาวปลายแหลม เลื่อมเป็นมัน, ประดงแดง กระบกคาย ชมัน ละโมก หรือ พรมคด ก็เรียก."
ประดน 0,ว.,เก่า.
ประดน 1,ก.,"เพิ่มให้, เติมให้, แถมให้, ให้ทดแทนที่ขาดอยู่."
ประดนธรรม 0,น.,ธรรมของเก่า.
ประดวน 0,ก.,"ยอน, แยง, (ปาก) กระดวน."
ประดอน 0,ก.,อุดหรือยัดปิดรูไว้.
ประดอย 0,ก.,"ทำให้งดงามและละเอียดลออยิ่งขึ้น, มักใช้เข้าคู่กับคำ ประดิด เป็น ประดิดประดอย."
ประดัก ๆ 0,ว.,"อาการแห่งคนที่ตกนํ้าแล้วสำลักนํ้า เรียกว่า สำลักประดัก ๆ, อาการที่ชักหงับ ๆ ใกล้จะตาย."
ประดักประเดิด 0,ว.,"รี ๆ รอ ๆ, ที่ทำให้รู้สึกลำบากยุ่งยากกายหรือใจ."
ประดัง 0,ว.,"ยัดเยียดกันเข้ามา เช่น คนประดังกันเข้ามา, มาติด ๆ พร้อม ๆ กัน เช่น งานประดังเข้ามา"
ประดัง 1,ว.,"ดังขึ้นพร้อมกัน, แซ่ซ้อง, (หมายเอาเสียง)."
ประดับ 0,ก.,"ตกแต่งให้งามด้วยสิ่งต่าง ๆ มีสร้อย แหวน เป็นต้น เช่น ประดับเหรียญตรา ประดับอาคารสถานที่ ประดับโคมไฟ, โดยปริยายหมายความว่า ประกอบ, เพิ่ม, เช่น ประดับบารมี."
ประดับประดา 0,ก.,ประดับ.
ประดา 0,ว.,"บรรดา, ทั้งหมด, ถ้าใช้เข้าคู่กับคำ เต็ม เป็น เต็มประดา หมายความว่า เต็มที."
ประดา 1,ก.,เรียงหน้ากันเข้าไป.
ประดา 2,ก.,ดำทน เช่น ประดานํ้า ประดาดิน.
ประดาก 0,น.,ธงรูปสี่เหลี่ยมหรือสี่เหลี่ยมผืนผ้า.
ประดาตาย 0,ว.,แทบตาย ในความว่า แทบล้มประดาตาย.
ประดาทัพ 0,ก.,ตั้งกองทัพเรียงหน้ากระดานเข้าไป.
ประดาน้ำ 0,น.,เรียกผู้ชำนาญดำนํ้า ว่า นักประดาน้ำ.
ประดาป 0,น.,"ความร้อน, ความร้อนใจ, ความร้อนรน"
ประดาป 1,น.,"อำนาจ, ความเป็นใหญ่, เกียรติยศ."
ประดาพล 0,ก.,ยกพลเรียงหน้าเข้าไป.
ประดามี 0,ว.,"ที่มีอยู่ทั้งหมด, บรรดามี ก็ว่า."
ประดาษ 0,ว.,ตกต่ำ เช่น โอ้ครั้งนี้มิได้เห็นเช่นฉลอง เพราะตัวต้องตกประดาษวาสนา (นิ. ภูเขาทอง).
ประดาเสีย 0,ว.,"ล้วนแต่เสียทั้งนั้น, เสียมาก, เลวเต็มที."
ประดิ- 0,*ว.,ศัพท์นี้ใช้แทนคำว่า ปฏิ หรือ ประติ. (ดูคำที่มี ปฏิ หรือ ประติ นำหน้า).
ประดิชญา 0,น.,ปฏิญญา.
ประดิดประดอย 0,ก.,"บรรจงทำให้งดงามและละเอียดลออยิ่งขึ้น, ใช้ว่า ประดอย ก็ได้."
ประดิทิน 0,ว.,"ประจำวัน, ทุกวัน, เสมอไป, เช่น อนึ่งผู้อยู่ในราชการอันบรรดาจำบำเรอประดิทิน (กฎ. ราชบุรี)."
ประดิรพ 0,ก.,ประติรพ.
ประดิษฐ์ 0,ก.,"ตั้งขึ้น, จัดทำขึ้น, คิดทำขึ้น, สร้างขึ้น, แต่งขึ้น."
ประดิษฐ์ 1,ว.,"ที่จัดทำขึ้นให้เหมือนของจริง เช่น ดอกไม้ประดิษฐ์, ที่คิดทำขึ้นไม่เหมือนธรรมชาติ เช่น ลายประดิษฐ์."
ประดิษฐ- 0,ก.,"ตั้งขึ้น, จัดทำขึ้น, คิดทำขึ้น, สร้างขึ้น, แต่งขึ้น."
ประดิษฐ- 1,ว.,"ที่จัดทำขึ้นให้เหมือนของจริง เช่น ดอกไม้ประดิษฐ์, ที่คิดทำขึ้นไม่เหมือนธรรมชาติ เช่น ลายประดิษฐ์."
ประดิษฐกรรม 0,น.,การทำสิ่งของขึ้นจากวัตถุดิบ.
ประดิษฐาน 0,ก.,"ตั้งไว้ (ใช้แก่สิ่งที่เคารพนับถือ) เช่น นำพระพุทธรูปไปประดิษฐานไว้ในโบสถ์ ประดิษฐานพระพุทธศาสนา, แต่งตั้งไว้ในตำแหน่งสูง เช่น ประดิษฐานไว้ในตำแหน่งอัครมเหสี."
ประดุง 0,ก.,ผดุง.
ประดุจ 0,ว.,"เช่น, คล้าย, เหมือน, ดัง."
ประดู่ 0,น.,"ชื่อไม้ต้นขนาดใหญ่ ๒ ชนิดในสกุล Pterocarpus วงศ์ Leguminosae ดอกสีเหลือง กลิ่นหอม ชนิด P. indicus Willd. กิ่งมักทอดย้อย เปลือกสีเทา มีนํ้ายางน้อย ปลูกเป็นไม้ให้ร่มตามถนน, ประดู่บ้าน ก็เรียก, ชนิด P. macrocarpus Kurz กิ่งชูขึ้นเล็กน้อย เปลือกสีนํ้าตาลเข้ม มีนํ้ายางมาก ขึ้นตามป่าเบญจพรรณทั่วไป เนื้อไม้สีแดงนิยมใช้ทำดุมเกวียน."
ประดู่แขก 0,น.,ชื่อไม้ต้นชนิด Dalbergia sissoo Roxb. ex DC. ในวงศ์ Leguminosae.
ประดู่ชิงชัน 0,น.,"ชื่อไม้ต้นชนิด Dalbergia oliveriGamble ในวงศ์ Leguminosae เนื้อไม้แข็ง แก่นสีแดงเข้มถึงสีม่วงแก่, ประดู่ชิงชัน ก็เรียก."
ประดู่แดง 0,น.,"ชื่อไม้ต้นขนาดใหญ่ชนิด Phyllocarpus septentrionalisDonn. Sm. ในวงศ์ Leguminosae ดอกสีแดงออกเป็นช่อใหญ่, วาสุเทพ ก็เรียก."
ประดู่บ้าน 0,น.,"ชื่อไม้ต้นขนาดใหญ่ ๒ ชนิดในสกุล Pterocarpus วงศ์ Leguminosae ดอกสีเหลือง กลิ่นหอม ชนิด P. indicus Willd. กิ่งมักทอดย้อย เปลือกสีเทา มีนํ้ายางน้อย ปลูกเป็นไม้ให้ร่มตามถนน, ประดู่บ้าน ก็เรียก, ชนิด P. macrocarpus Kurz กิ่งชูขึ้นเล็กน้อย เปลือกสีนํ้าตาลเข้ม มีนํ้ายางมาก ขึ้นตามป่าเบญจพรรณทั่วไป เนื้อไม้สีแดงนิยมใช้ทำดุมเกวียน."
ประดู่ลาย 0,น.,ชื่อไม้ต้นชนิด Dalbergia lanceolariaL.f. var. errans (Craib) Niyomdham ในวงศ์ Leguminosae ดอกสีม่วงอ่อน เนื้อไม้ใช้ทำเครื่องเรือน.
ประเด 0,ก.,"มอบให้หมด เช่น ประเดงานเข้ามาจนทำไม่ไหว, ทุ่มเทให้ เช่น ประเดให้จนเกินต้องการ."
ประเด็น 0,น.,ข้อความสำคัญของเรื่องที่แยกหยิบยกขึ้นพิจารณา
ประเด็น 1,น.,ข้อเท็จจริงหรือข้อกฎหมายอันเป็นสาระสำคัญที่มีการยกขึ้นเป็นข้ออ้างในคดี.
ประเดยก 0,ว.,ปัจเจก เช่น เพราะกูเป็นประเดยก (ม. คำหลวง วนปเวสน์).
ประเดิม 0,ก.,เริ่มต้นหรือเริ่มแรกในการซื้อหรือขายเป็นต้น เช่น ประเดิมซื้อ ประเดิมขาย ประเดิมฝาก (มักใช้ในลักษณะที่เกี่ยวกับพิธีการหรือโชคลาง).
ประเดียง 0,ก.,เผดียง.
ประเดี๋ยว 0,น.,"ชั่วระยะเวลาหนึ่ง, ชั่วขณะหนึ่ง, ชั่วครู่หนึ่ง, เช่น รอประเดี๋ยวนะ, ชั่วเวลาหนึ่งที่อาจจะมีเหตุการณ์ตามมา เช่น ประเดี๋ยวตกน้ำนะ, เดี๋ยว ก็ว่า."
ประเดี๋ยวก่อน 0,*ว.,"คำขอผัดไปชั่วระยะเวลาหนึ่ง, เดี๋ยวก่อน ก็ว่า."
ประเดี๋ยวเดียว 0,น.,"ชั่วเวลานิดเดียว, เดี๋ยวเดียว ก็ว่า."
ประเดี๋ยวนี้ 0,น.,"เวลานี้, ในเวลานี้, ทันที, เดี๋ยวนี้ ก็ว่า."
ประเดี๋ยวประด๋าว 0,น.,ชั่วครู่ชั่วยาม.
ประแดง 0,น.,"คนเดินหมาย, คนนำข่าวสาร, ผู้สื่อข่าว, นักการ"
ประแดง 1,น.,"พนักงานตามคน, ตำแหน่งข้าราชการในราชสำนัก, คู่กับ ปะขาว, บาแดง ก็ใช้."
ประแดะ 0,น.,เครื่องมือของช่างทอง สำหรับเคาะสิ่วสลัก มีรูปคล้ายค้อน แต่แบน ทำด้วยเขาสัตว์
ประแดะ 1,น.,"เรียกมีดพกปลายแหลมชนิดหนึ่งที่มีด้ามงอเฉียงลง ว่า มีดประแดะ, คอม้า ก็เรียก."
ประโดง 0,น.,"ลำน้ำขนาดเล็กที่ขุดจากลำน้ำขนาดใหญ่เพื่อชักน้ำเข้านาเข้าสวน เรียกว่า ลำประโดง, ลำกระโดง ก็ว่า."
ประโดย 0,ก.,"พลอยตาม, ยอมตาม."
ประตง 0,น.,โจร.
ประตยาค 0,ก.,ประจาค.
ประตัก 0,น.,ไม้ท่อนกลมยาวคล้ายตะพดที่ฝังเหล็กแหลมข้างปลาย ใช้แทงสัตว์พาหนะเช่นวัวควายเพื่อบังคับให้ทำตามที่ต้องการ.
ประตาป 0,น.,ประดาป.
ประติ- 0,*ว.,เป็นคำสันสกฤตใช้เหมือน ปฏิ. (ดูคำที่มี ปฏิ หรือ ประติ นำหน้า).
ประติชญา 0,น.,ปฏิญญา.
ประติญาณ 0,ก.,ปฏิญาณ.
ประติทิน 0,น.,ปฏิทิน.
ประติมากร 0,น.,"ช่างปั้น, ช่างแกะสลัก."
ประติมากรรม 0,น.,ศิลปะสาขาหนึ่งในจำพวกวิจิตรศิลป์เกี่ยวกับการแกะสลักไม้ หินอ่อน โลหะ เป็นต้น ให้เป็นรูปหรือลวดลายต่าง ๆ.
ประติรพ 0,ก.,"ส่งเสียงดัง, ร้องดัง, ประดิรพ ก็ว่า."
ประติศรัพ 0,น.,ปฏิสวะ.
ประตู 0,น.,"ช่องทางเข้าออกของบ้านเรือนเป็นต้น มีบานเปิดปิดได้ เช่น ประตูบ้าน ประตูเมือง, ช่อง, ทาง, เช่น ไม่มีประตูสู้, โดยปริยายหมายถึงสิ่งที่มีลักษณะคล้ายคลึงเช่นนั้น เช่น ประตูฟุตบอล ประตูรักบี้, ช่องหรือโอกาสที่จะได้หรือเสียในการเล่นการพนันบางชนิด อย่างถั่ว โป ไฮโล นํ้าเต้า เช่น ถูกประตูเดียว กิน ๓ ประตู"
ประตู 1,น.,ลักษณนามเรียกจำนวนครั้งที่เตะลูกบอลเข้าไปในประตู เช่น ได้ ๒ ประตู เสีย ๓ ประตู.
ประตูชัย 0,น.,ประตูที่มีลักษณะเป็นซุ้ม อาจสร้างเป็นการถาวรหรือชั่วคราว สำหรับผู้ชนะสงครามจะเดินลอดในพิธีเพื่อประกาศชัยชนะ.
ประตูโตงเตง 0,น.,ประตูเพนียดที่มีเสาโตงเตง.
ประตูน้ำ 0,น.,ประตูสำหรับควบคุมระดับนํ้าที่ไหลเข้าออก.
ประตูป่า 0,น.,"ปากทางที่จะเข้าสู่ป่า, ประตูที่สะด้วยใบไม้กิ่งไม้สำหรับพิธีเทศน์มหาชาติ, ประตูเรือนที่ปักกิ่งไม้ไว้เวลานำศพออกจากบ้าน."
ประตูผี 0,น.,ประตูที่เป็นทางนำศพออกจากภายในเขตกำแพงเมือง.
ประตูฟุตบอล 0,น.,ประตู ๒ เสา มีคานและมีตาข่ายรอรับลูกฟุตบอลที่เตะผ่านเข้าไป.
ประตูระบาย 0,น.,สิ่งที่สร้างขึ้นในคลองส่งนํ้าเพื่อควบคุมนํ้าในคลองให้มีระดับหรือปริมาณตามที่ต้องการ.
ประตูรับน้ำ 0,น.,อาคารที่สร้างขึ้นตรงบริเวณคันคลองส่งนํ้า เพื่อรับนํ้าจากทางนํ้าอื่นที่อยู่ตามระยะทางของคลองส่งนํ้า.
ประตูลม 0,น.,เรียกอวัยวะส่วนที่อยู่ระหว่างนิ้วมือนิ้วเท้า.
ประถม 0,ว.,"ปฐม, ลำดับแรก, ลำดับเบื้องต้น, เช่น ประถมศึกษา ชั้นประถม"
ประถม 1,ว.,"ชั้นที่ ๑, เรียกเครื่องราช-อิสริยาภรณ์ชั้นที่ ๑ ในตระกูลช้างเผือกและมงกุฎไทย ว่า ประถมาภรณ์ช้างเผือก ประถมาภรณ์มงกุฎไทย."
ประถมจินดา 0,น.,ชื่อคัมภีร์แพทย์แผนโบราณ.
ประทบ 0,ก.,กระทบ เช่น ประทบประทะอลวน (ตะเลงพ่าย).
ประทม 0,ก.,"บรรทม, ผทม ก็ว่า."
ประท้วง 0,ก.,กระทำการหรือแสดงกิริยาอย่างใดอย่างหนึ่งเป็นการคัดค้านเพราะไม่เห็นด้วยหรือไม่พอใจอย่างยิ่ง เช่น อดข้าวประท้วง เขียนหนังสือประท้วง.
ประทวน 0,น.,ฐานันดรที่ตํ่ากว่าชั้นสัญญาบัตร เช่น นายทหารชั้นประทวน
ประทวน 1,น.,สมณศักดิ์ชั้นตํ่ากว่าพระครูสัญญาบัตร
ประทวน 2,น.,หนังสือแทนสารกรมธรรม์.
ประทวนสินค้า 0,น.,เอกสารซึ่งนายคลังสินค้าออกให้แก่ผู้ฝากสินค้าโดยระบุชื่อผู้ฝากสินค้า.
ประทักษ์ 0,ว.,"ขยัน, ฉลาด, คล่องแคล่ว, สามารถ."
ประทักษิณ 0,น.,การเวียนขวา โดยให้สิ่งที่เรานับถือหรือผู้ที่เรานับถือเป็นต้นอยู่ทางขวาของผู้เวียน.
ประทัง 0,ก.,"ทำให้ทรงอยู่ได้, ทำให้ดำรงอยู่ได้, เช่น เรือนโย้เอาเสาไปคํ้าพอประทังไว้ก่อน กินพอประทังชีวิต."
ประทัด 0,น.,"เครื่องดอกไม้ไฟของจีน ทำด้วยกระดาษสีแดงอัดแน่นห่อดินปืน รูปร่างคล้ายบุหรี่ มีชนวนสำหรับจุด มีเสียงดัง, ลักษณนามว่า ดอก เช่น ประทัด ๒ ดอก."
ประทัด 1,น.,"ชื่อไม้พุ่มชนิด Quassia amara L. ในวงศ์ Simaroubaceae ใบเป็นใบประกอบ ดอกสีแดง กลีบดอกแยกจากกัน เปลือกใช้ทำยาได้, ประทัดใหญ่ ประทัดจีน หรือ ประทัดทอง ก็เรียก."
ประทัด 2,น.,"ชื่อไม้พุ่มชนิด Russelia equisetiformis Schltdl. et Cham. ในวงศ์ Scrophulariaceae ลำต้นเป็นเหลี่ยม แตกกิ่งก้านสาขามาก ใบเป็นฝอยคล้ายใบสน ดอกมีหลายสี กลีบดอกเป็นหลอดแคบ ๆ, ประทัดเล็ก หรือ ประทัดฝรั่ง ก็เรียก."
ประทัดจีน 0,น.,"ชื่อไม้พุ่มชนิด Quassia amara L. ในวงศ์ Simaroubaceae ใบเป็นใบประกอบ ดอกสีแดง กลีบดอกแยกจากกัน เปลือกใช้ทำยาได้, ประทัดใหญ่ ประทัดจีน หรือ ประทัดทอง ก็เรียก."
ประทัดทอง 0,น.,"ชื่อไม้พุ่มชนิด Quassia amara L. ในวงศ์ Simaroubaceae ใบเป็นใบประกอบ ดอกสีแดง กลีบดอกแยกจากกัน เปลือกใช้ทำยาได้, ประทัดใหญ่ ประทัดจีน หรือ ประทัดทอง ก็เรียก."
ประทัดฝรั่ง 0,น.,"ชื่อไม้พุ่มชนิด Russelia equisetiformis Schltdl. et Cham. ในวงศ์ Scrophulariaceae ลำต้นเป็นเหลี่ยม แตกกิ่งก้านสาขามาก ใบเป็นฝอยคล้ายใบสน ดอกมีหลายสี กลีบดอกเป็นหลอดแคบ ๆ, ประทัดเล็ก หรือ ประทัดฝรั่ง ก็เรียก."
ประทัดลม 0,น.,เครื่องดอกไม้ไฟ ทำด้วยกระดาษห่อเม็ดกรวดคลุกสารเคมีบางชนิด ใช้ขว้างให้ไปกระทบของแข็งจะแตกระเบิดดังปัง.
ประทัดเล็ก 0,น.,"ชื่อไม้พุ่มชนิด Russelia equisetiformis Schltdl. et Cham. ในวงศ์ Scrophulariaceae ลำต้นเป็นเหลี่ยม แตกกิ่งก้านสาขามาก ใบเป็นฝอยคล้ายใบสน ดอกมีหลายสี กลีบดอกเป็นหลอดแคบ ๆ, ประทัดเล็ก หรือ ประทัดฝรั่ง ก็เรียก."
ประทัดใหญ่ 0,น.,"ชื่อไม้พุ่มชนิด Quassia amara L. ในวงศ์ Simaroubaceae ใบเป็นใบประกอบ ดอกสีแดง กลีบดอกแยกจากกัน เปลือกใช้ทำยาได้, ประทัดใหญ่ ประทัดจีน หรือ ประทัดทอง ก็เรียก."
ประทับ 0,ก.,"อยู่ที่, อยู่กับที่, เช่น ประทับที่พระตำหนักจิตรลดารโหฐาน, นั่ง เช่น ประทับบนพระราชอาสน์"
ประทับ 1,ก.,"แนบอยู่, แนบชิด, แนบลง, เช่น กอดประทับอก เอาปืนประทับบ่า."
ประทับใจ 0,ก.,"ติดอกติดใจ, ฝังอยู่ในใจ."
ประทับตรา 0,ก.,กดตราลงบนเอกสาร.
ประทับฟ้อง 0,ก.,รับฟ้องคดีอาญาไว้พิจารณาต่อไป ในคดีอาญาที่ราษฎรเป็นโจทก์ศาลจะต้องไต่สวนมูลฟ้องเสียก่อนและถ้าปรากฏว่าคดีมีมูลแล้ว ศาลจึงจะประทับฟ้องไว้พิจารณาต่อไป.
ประทับร้อน 0,ก.,หยุดพักผ่อนในเวลากลางวัน.
ประทับราบ 0,ก.,นั่งกับพื้น.
ประทับแรม 0,ก.,พักค้างคืนในที่อื่น.
ประท่า 0,น.,"ฟากโน้น, ฝั่งโน้น."
ประทากล้อง 0,น.,"ทองคำที่ตีแผ่เป็นแผ่น สำหรับบุพระพุทธรูปเป็นต้น, เรียกเต็มว่า ทองประทากล้อง."
ประทาน 0,ก.,ให้ (ใช้แก่เจ้านาย).
ประทานบัตร 0,น.,หนังสือสำคัญที่ออกให้ตามกฎหมายว่าด้วยแร่ เพื่อให้มีสิทธิทำเหมืองแร่ภายในเขตที่กำหนดในหนังสือสำคัญนั้น
ประทานบัตร 1,น.,ใบอนุญาตซึ่งผู้ว่าราชการจังหวัดออกให้แก่บุคคลผู้ประมูลได้ ให้มีสิทธิทำการประมงในที่ว่าประมูล.
ประทาย 0,น.,"ค่าย, ป้อม."
ประทาศี 0,น.,"ทองคำเปลว, เรียกเต็มว่า ทองประทาศี."
ประทิน 0,ก.,ทำให้สะอาดหมดจด เช่น ประทินผิว.
ประทิ่น 0,น.,เครื่องหอม.
ประทีป 0,น.,"ไฟที่มีเปลวสว่าง (หมายเอาตะเกียง ไฟเทียน เป็นต้น), ตะเกียง, โคม."
ประทุก 0,ก.,บรรทุก.
ประทุฐ 0,ว.,"ชั่ว, ร้าย."
ประทุฐจิต 0,น.,"จิตร้าย, จิตโกรธ."
ประทุน 0,น.,"หลังคาเรือ รถ หรือเกวียนที่มีรูปโค้งคุ่มตามรูปเรือ รถ หรือเกวียน, เรียกมุ้งครอบที่หุบและกางได้คล้ายร่ม ว่า มุ้งประทุน."
ประทุมราค 0,น.,"ปัทมราค, พลอยสีแดง, ทับทิม, เช่น แขกเต้าตากปีกปาก ประทุมราคแดงฉัน (เสือโค)."
ประทุษ 0,ก.,"ทำร้าย, ทำชั่ว, ทำเลวทราม, ทำผิด, เบียดเบียน."
ประทุษฏ์ 0,ว.,"ชั่ว, ร้าย."
ประทุษฏจิต 0,น.,"จิตร้าย, จิตโกรธ."
ประทุษฐ์ 0,ว.,"ชั่ว, ร้าย."
ประทุษฐจิต 0,น.,"จิตร้าย, จิตโกรธ."
ประทุษร้าย 0,ก.,"ทำให้บาดเจ็บ เช่น ประทุษร้ายร่างกาย, ทำให้เสียหาย เช่น ประทุษร้ายทรัพย์สิน."
ประเทศ 0,น.,"บ้านเมือง, แว่นแคว้น, ถิ่นที่อยู่"
ประเทศ 1,น.,คำเพิ่มข้างหลังของคำเดิม เมื่อเพิ่มแล้วความหมายคงเดิม เช่น อุรประเทศ หทัยประเทศ.
ประเทศกันชน 0,น.,"ประเทศหรือรัฐที่กั้นอยู่ระหว่างดินแดนของ ๒ ประเทศ เพื่อมิให้พิพาทกันในเรื่องดินแดนและผลประโยชน์, รัฐกันชน ก็เรียก."
ประเทศชาติ 0,น.,บ้านเกิดเมืองนอน.
ประเทศราช 0,น.,เมืองที่มีเจ้าผู้ครองเมืองของตนเอง แต่อยู่ภายใต้อำนาจควบคุมดูแลและคุ้มครองของพระมหากษัตริย์ของอีกประเทศหนึ่ง ซึ่งเจ้าเมืองประเทศราชนั้นมีหน้าที่ส่งเครื่องราชบรรณาการถวายเป็นประจำ และในเวลาเกิดศึกสงครามต้องเกณฑ์กำลังทหารเข้าร่วมกองทัพหลวงด้วย.
ประเทา 0,ก.,"บรรเทา, ทุเลา, คลาย, เบาลง, ให้สงบ, ทำให้เบาบางลง."
ประเท้า 0,ก.,"กิริยาที่ผู้รำใช้ส่วนหน้าของฝ่าเท้าแตะพื้นและยกขึ้นทันที, เป็นท่ารำท่าหนึ่ง."
ประเทียด 0,ก.,"ประชด, ว่าร้ายในเชิงเปรียบเทียบ, เขียนเป็น ปรทยด หรือ ประทยด ก็มี เช่น จึ่งจะรุมโรมโซรมปรทยด, จึงจะรุมโรมโซรมประทยด สยดตัดพ้อ (ม. คำหลวง ชูชก)."
ประเทียบ 0,ก.,เทียบ.
ประเทียบ 1,น.,ฝ่ายใน
ประเทียบ 2,น.,"เรียกรถฝ่ายใน ว่า รถพระประเทียบ, เรียกเรือฝ่ายใน ว่า เรือพระประเทียบ, โดยอนุโลมเรียกรถประจำตำแหน่งสมเด็จพระสังฆราช ว่า รถพระประเทียบ."
ประเทือง 0,ก.,"ทำให้ดีขึ้น เช่น ประเทืองผิว, ทำให้รุ่งเรืองขึ้น เช่น ประเทืองปัญญา."
ประธาน 0,น.,"ตำแหน่งผู้ที่เป็นหัวหน้าหรือเป็นใหญ่ในที่ประชุม เช่น ตำแหน่งประธานรัฐสภา ตำแหน่งประธานกรรมการ, เรียกผู้ที่เป็นหัวหน้าหรือเป็นใหญ่ในที่ประชุม เช่น ประธานรัฐสภา ประธานกรรมการ."
ประธาน 1,ว.,ที่เป็นหลักสำคัญในที่นั้น ๆ เช่น พระประธาน.
ประธาน 2,น.,ผู้กระทำ เช่น เด็กวิ่ง เด็ก เป็นประธานของกริยา วิ่ง คนกินข้าว คน เป็นประธานของกริยา กิน.
ประธาน 3,น.,ความเพียร มี ๔ อย่าง คือ ๑. สังวรประธาน เพียรระวังไม่ให้บาปเกิดขึ้นในสันดาน ๒. ปหานประธาน เพียรละบาปที่เกิดขึ้นแล้ว ๓. ภาวนาประธาน เพียรให้กุศลเกิดขึ้นในสันดาน ๔. อนุรักขนาประธาน เพียรรักษากุศลที่เกิดขึ้นแล้วไม่ให้เสื่อม.
ประธานาธิบดี 0,น.,ประมุขของประเทศที่ปกครองโดยระบอบสาธารณรัฐ.
ประนม 0,ก.,"ยกกระพุ่มมือ, ยกมือขึ้นกระพุ่ม."
ประนมมือ 0,ก.,"กระพุ่มมือ, พนมมือ ก็ว่า."
ประนอ 0,ก.,"พะนอ, เอาใจ, ถนอมใจ."
ประนอม 0,ก.,"อะลุ้มอล่วย, ทำการปรองดอง."
ประนอมหนี้ 0,ก.,การที่ลูกหนี้ขอทำความตกลงในเรื่องหนี้สิน โดยวิธีขอชำระหนี้เพียงบางส่วน หรือโดยวิธีอื่น.
ประนัง 0,ก.,"ประชุม, รวม, เช่น ประนังศัพท์ ว่า ประชุมเสียง, ประนังพล ว่า รวมพล."
ประนัง 1,ว.,พร้อม.
ประนัปดา 0,น.,เหลน (คือ ลูกของหลานปู่).
ประนี้ 0,ว.,อย่างนี้.
ประนีประนอม 0,ก.,"ผ่อนหนักผ่อนเบาให้แก่กัน, ปรองดองกัน, อะลุ้มอล่วยกัน."
ประนีประนอมยอมความ 0,น.,ชื่อสัญญาซึ่งผู้เป็นคู่สัญญาทั้ง ๒ ฝ่ายระงับข้อพิพาทอันใดอันหนึ่งซึ่งมีอยู่หรือจะมีขึ้นนั้นให้เสร็จไปด้วยต่างยอมผ่อนผันให้แก่กัน.
ประบัด 0,ก.,"ฉ้อโกง เช่น ท่านว่าหญิงร้าย จะแกล้งประบัดสินท่าน (สามดวง), กระบัด ตระบัด หรือ สะบัด ก็ใช้."
ประบาต 0,น.,เหว.
ประบาต 1,ก.,"ตกลงไป, ตกไป."
ประปราน 0,ก.,"ข้อนอก, ตีอก, ร้องไห้."
ประปราย 0,ว.,"มีกระจายอยู่ห่าง ๆ เช่น ผมหงอกประปราย ผลไม้ติดประปราย, มีห่าง ๆ เป็นระยะ ๆ, เรี่ยราย, เล็กน้อย, เช่น ยิงกันประปราย."
ประปา 0,น.,"นํ้าที่เกรอะกรองให้สะอาดปราศจากเชื้อโรคแล้วจ่ายไปให้ประชาชนบริโภคใช้สอย เรียกว่า นํ้าประปา, เรียกรัฐวิสาหกิจซึ่งมีหน้าที่จัดทำและจำหน่ายนํ้าประปา ว่า การประปา, เรียกสิ่งอื่น ๆ ที่เกี่ยวกับการนี้ เช่น ก๊อกประปา ท่อประปา."
ประเปรี้ยง 0,ว.,เสียงอย่างเสียงฟ้าผ่า.
ประเปรียว 0,ว.,"มีรูปร่างหรือท่าทางปราดเปรียว, มีลักษณะแคล่วคล่องว่องไว."
ประแป้ง 0,ก.,แตะหน้าหรือตัวให้เป็นจุด ๆ ด้วยแป้งนวลผสมนํ้า.
ประแปร้น 0,ว.,"เสียงอย่างเสียงช้างร้อง, เสียงที่แผดออก."
ประโปรย 0,ก.,ทำน้ำให้กระจายเป็นเม็ดเล็ก ๆ เช่น ประโปรยน้ำจากพระสุหร่าย.
ประพจน์ 0,น.,"ข้อเสนอ, ข้อความที่กล่าว"
ประพจน์ 1,น.,ประโยคบอกเล่าหรือประโยคปฏิเสธซึ่งเป็นข้อความจริงหรือเท็จอย่างใดอย่างหนึ่งเท่านั้น จะมีความหมายกำกวมไม่ได้. (อ. proposition).
ประพนธ์ 0,น.,คำร้อยกรอง เช่น โคลง ฉันท์ กาพย์ กลอน.
ประพนธ์ 1,ก.,"ประพันธ์, ร้อยกรอง, ผูก, แต่ง, เรียบเรียง"
ประพนธ์ 2,ก.,เกี่ยวเนื่อง.
ประพรม 0,ก.,ประโปรยด้วยสิ่งที่มีลักษณะเป็นน้ำ เช่น ประพรมน้ำมนต์ เอาน้ำอบประพรมอัฐิ.
ประพฤติ 0,น.,"ความเป็นไปอันเกี่ยวด้วยการกระทำหรือปฏิบัติตน, การทำตาม, เหตุต้นเค้า."
ประพฤติ 1,ก.,"ทำตาม, ปฏิบัติ, เช่น ประพฤติธรรม"
ประพฤติ 2,ก.,"กระทำ, ดำเนินตน, ปฏิบัติตน, เช่น ประพฤติดี ประพฤติชั่ว."
ประพฤทธิ์ 0,ว.,"เจริญ, โต, ใหญ่, รุ่งเรือง, งอกงาม."
ประพัด 0,น.,"กระพัด, สายรัดกูบบนหลังช้าง."
ประพัทธ์ 0,ก.,"เนื่อง, ผูกพัน."
ประพันธ์ 0,ก.,"แต่ง, เรียบเรียง, ร้อยกรอง, ผูกถ้อยคำเป็นข้อความเชิงวรรณคดี."
ประพาต 0,ก.,"พัด, กระพือ."
ประพาส 0,ก.,"ไปต่างถิ่นหรือต่างแดน เช่น ประพาสหัวเมือง ประพาสยุโรป, ไปเที่ยว เช่น ประพาสป่า."
ประพาสต้น 0,ก.,"เที่ยวไปเป็นการส่วนพระองค์, เที่ยวไปอย่างไม่เป็นทางการ, ใช้ว่า เสด็จประพาสต้น."
ประพาสมหรณพ 0,น.,ชื่อเพลงไทยประเภทเพลงโหมโรง.
ประพาฬ 0,น.,รัตนะ (แก้ว) ชนิดหนึ่ง สีแดงอ่อน เกิดจากหินปะการังใต้ทะเล.
ประพิณ 0,ว.,"ฉลาด, มีฝีมือดี."
ประพิมพ์ประพาย 0,น.,รูปพรรณสัณฐาน โดยเฉพาะหมายถึงลักษณะหรือส่วนที่คล้ายคลึงกัน เช่น เด็กคนนี้มีประพิมพ์ประพายคล้ายพ่อ.
ประพุทธ์ 0,ก.,ตื่นจากหลับ คือมีสติ
ประพุทธ์ 1,ก.,รู้ทั่ว.
ประเพณี 0,น.,สิ่งที่นิยมถือประพฤติปฏิบัติสืบ ๆ กันมาจนเป็นแบบแผน ขนบธรรมเนียม หรือจารีตประเพณี.
ประเพณีนิยม 0,น.,ประเพณีของสังคมที่ถือปฏิบัติสืบทอดกันมา.
ประเพ้อ 0,ก.,เพ้อ.
ประแพร่งประแพรว 0,ว.,งามแพรวพราย.
ประโพธ 0,น.,การตื่นจากหลับ คือมีสติ
ประโพธ 1,น.,การรู้ทั่ว.
ประไพ 0,ว.,งาม.
ประภพ 0,น.,การเกิดก่อน
ประภพ 1,น.,"แดน, ที่เกิด."
ประภัสสร 0,น.,"เลื่อม ๆ พราย ๆ, มีแสงพราว ๆ เหมือนแสงพระอาทิตย์แรกขึ้น"
ประภัสสร 1,น.,"ผ่องใส, บริสุทธิ์ เช่น จิตประภัสสร, เขียนเป็น ประภัสร์ ก็มี เช่น ธรรมรสเรืองรองผ่องประภัสร์ เป็นมิ่งฉัตรสุขสันต์นิรันดร (ชีวิตและงานของสุนทรภู่)."
ประภา 0,น.,"แสง, แสงสว่าง, แสงไฟ."
ประภากร 0,น.,ผู้ทำแสงสว่าง คือพระอาทิตย์.
ประภาคาร 0,น.,"กระโจมไฟ, เรือนตะเกียง ก็เรียก. (ดู กระโจมไฟ ที่ กระโจม ๑)."
ประภาพ 0,น.,"อำนาจ, ฤทธิ์."
ประภามณฑล 0,น.,รัศมีที่พวยพุ่งขึ้นจากศีรษะของผู้ศักดิ์สิทธิ์และพระพุทธรูป.
ประภาษ 0,ก.,"บอก, พูด, เช่น ตรัสประภาษ."
ประภาส 0,น.,แสงสว่าง.
ประเภท 0,น.,ส่วนที่แบ่งย่อยออกไปเป็นพวก จำพวก ชนิด หมู่ เหล่า อย่าง แผนก เป็นต้น.
ประมง 0,น.,การจับสัตว์นํ้า เช่น ทำประมง
ประมง 1,น.,คนเลี้ยงชีพในทางจับสัตว์นํ้า เรียกว่า ชาวประมง พวกประมง
ประมง 2,น.,ประโมง ก็ใช้.
ประมง 3,ก.,"ดำนํ้าหาปลา เช่น กานํ้าดำนํ้าคือประมง, ตระบัดประมงลงทัน (สมุทรโฆษ)."
ประมวญ 0,ก.,ประมวล.
ประมวล 0,ก.,"รวบรวมให้เข้าระเบียบเป็นหมวดหมู่, โบราณเขียนเป็น ประมวญ ก็มี."
ประมวล 1,น.,หนังสือที่รวบรวมสิ่งซึ่งเป็นประเภทเดียวกัน เช่น ประมวลกฎหมาย ประมวลภาพ.
ประมวลกฎหมาย 0,น.,บทบัญญัติที่รวบรวมไว้อย่างเป็นระบบและได้รับการประกาศให้ใช้บังคับเป็นกฎหมาย เช่น ประมวลกฎหมายอาญา ประมวลกฎหมายแพ่งและพาณิชย์
ประมวลกฎหมาย 1,น.,ระบบกฎหมายที่ใช้ประมวลกฎหมายเป็นหลัก.
ประมวลการสอน 0,น.,หนังสือหรือเอกสารที่แสดงเนื้อหาของหลักสูตร และการจัดการเรียนการสอน.
ประมัตตะ 0,ว.,"เลินเล่อ, มัวเมา, ประมาท, มักง่าย, เหลวไหล, เพิกเฉย, ทอดทิ้ง."
ประมาณ 0,ก.,กะหรือคะเนให้ใกล้เคียงจำนวนจริงหรือให้พอเหมาะพอควร เช่น เขาประมาณราคาค่าก่อสร้างบ้านไว้ ๓ ล้านบาท.
ประมาณ 1,ว.,ราว ๆ เช่น ประมาณ ๓-๔ เดือน.
ประมาณการ 0,น.,ปริมาณงานหรือค่าใช้จ่ายที่กะหรือกำหนดไว้อย่างคร่าว ๆ.
ประมาณการ 1,ก.,กะหรือกำหนดปริมาณงานหรือค่าใช้จ่ายไว้อย่างคร่าว ๆ เช่น ประมาณการในการก่อสร้าง.
ประมาณตน 0,ก.,"สำนึกในฐานะของตน, เจียมตัว, ไม่ทำอะไรเกินฐานะของตน เช่น ทำอะไรให้รู้จักประมาณตน."
ประมาณตัว 0,ก.,"สำนึกในฐานะของตน, เจียมตัว, ไม่ทำอะไรเกินฐานะของตน เช่น ทำอะไรให้รู้จักประมาณตน."
ประมาท 0,ก.,"ขาดความรอบคอบ, ขาดความระมัดระวังเพราะทะนงตัว, เช่น เวลาขับรถอย่าประมาท"
ประมาท 1,ก.,ดูหมิ่น เช่น ประมาทฝีมือ.
ประมาท 2,น.,"ความเลินเล่อ, การขาดความระมัดระวัง, เช่น ขับรถโดยประมาท"
ประมาท 3,น.,กระทำโดยปราศจากความระมัดระวังซึ่งบุคคลในภาวะเช่นนั้นจักต้องมีตามวิสัยและพฤติการณ์ และผู้กระทำอาจใช้ความระมัดระวังเช่นว่านั้นได้ แต่หาได้ใช้ให้เพียงพอไม่.
ประมาทเลินเล่อ 0,ก.,กระทำโดยปราศจากความระมัดระวังหรือละเลยในสิ่งที่ควรกระทำ.
ประมาทหน้า 0,ก.,"ดูถูกว่าทำไม่ได้หรือไม่มีทางที่จะทำได้, หยามนํ้าหน้า, สบประมาท."
ประมุข 0,น.,ผู้เป็นใหญ่เป็นหัวหน้าของประเทศหรือศาสนาเป็นต้น.
ประมุท 0,ก.,"บันเทิง, ยินดี."
ประมูล 0,ก.,เสนอราคาแข่งขันกันในการซื้อหรือขายทรัพย์สินเป็นต้น.
ประเมิน 0,ก.,กำหนดหรือให้ค่าหรือราคาเท่าที่ควรจะเป็นตามหลักเกณฑ์ที่ตั้งไว้ เช่น เจ้าหน้าที่กรมที่ดินประเมินราคาที่ดินผืนนี้ไว้ ๗ ล้านบาท.
ประเมินผล 0,ก.,พิจารณาและวัดคุณค่าของกิจการใด ๆ ตามวัตถุประสงค์ที่ตั้งไว้ เช่น ประเมินผลการสัมมนา ประเมินผลการปฏิบัติงานในรอบปีของบริษัท
ประเมินผล 1,ก.,วัดคุณค่าหรือผลความก้าวหน้าการศึกษา เช่น การสอบไล่เป็นวิธีประเมินผลการศึกษาวิธีหนึ่ง.
ประเมินภาษี 0,ก.,"กำหนดจำนวนเงินที่จะต้องเสียเป็นภาษี, กำหนดจำนวนเงินที่เจ้าพนักงานเรียกเก็บเป็นภาษีจากผู้มีหน้าที่ต้องเสียภาษีตามที่ได้ประเมินไว้แล้ว ซึ่งอาจเพิ่มขึ้นหรือลดลงก็ได้."
ประโมง 0,น.,การจับสัตว์นํ้า
ประโมง 1,น.,คนเลี้ยงชีพในทางจับสัตว์นํ้า
ประโมง 2,น.,โดยทั่วไปใช้ ประมง.
ประโมทย์ 0,น.,"ความบันเทิงใจ, ความปลื้มใจ, โดยมากใช้ ปราโมทย์."
ประยงค์ 0,น.,ชื่อไม้พุ่มหรือไม้ต้นขนาดเล็กชนิด Aglaia odorataLour. ในวงศ์ Meliaceae ดอกกลมเล็ก ๆ สีเหลือง ออกเป็นช่อตามง่ามใบ กลิ่นหอม.
ประยุกต์ 0,ก.,นำความรู้ในวิทยาการต่าง ๆ มาปรับใช้ให้เป็นประโยชน์.
ประยุกต์ 1,ว.,ที่นำความรู้มาปรับใช้ให้เป็นประโยชน์ เช่น วิทยาศาสตร์ประยุกต์ จิตวิทยาประยุกต์.
ประยุทธ์ 0,ก.,"รบ, ต่อสู้."
ประยุร 0,น.,"เผ่าพันธุ์, เชื้อสาย, ตระกูล."
ประยูร 0,น.,"เผ่าพันธุ์, เชื้อสาย, ตระกูล."
ประโยค 0,น.,คำพูดหรือข้อความที่ได้ความบริบูรณ์ตอนหนึ่ง ๆ เช่น ประโยคบอกเล่า ประโยคปฏิเสธ ประโยคคำถาม
ประโยค 1,น.,ชั้นแห่งความรู้ภาษาบาลี เช่น เปรียญ ๓ ประโยค สอบได้ประโยค ๓
ประโยค 2,น.,"ความเพียรเครื่องประกอบ, ความเพียร เช่น ประโยคสัมปทา หมายถึง การถึงพร้อมด้วยความเพียร."
ประโยคประธาน 0,น.,"หลักไวยากรณ์, หลัก."
ประโยควิเศษณ์ 0,น.,กริยาวิเศษณานุประโยค.
ประโยชน์ 0,น.,"สิ่งที่มีผลใช้ได้ดีสมกับที่คิดมุ่งหมายไว้, ผลที่ได้ตามต้องการ, สิ่งที่เป็นผลดีหรือเป็นคุณ, เช่น ประโยชน์ของการศึกษา ประโยชน์ของโรงเรียน."
ประโรหิต 0,น.,"ปุโรหิต, พราหมณ์ซึ่งเป็นที่ปรึกษาของกษัตริย์."
ประลมพ์ 0,น.,"กิ่งไม้เลื้อย, ช่อดอกไม้, พวงมาลัย."
ประลมพ์ 1,ก.,ห้อยย้อย.
ประลอง 0,ก.,ทดสอบความรู้ความสามารถด้วยการต่อสู้หรือแข่งขันกัน เช่น ประลองฝีมือ ประลองกำลัง ประลองความเร็ว.
ประลองยุทธ์ 0,ก.,ซ้อมรบ.
ประลัย 0,น.,"ความตาย, ความฉิบหาย, ความป่นปี้, ความย่อยยับไป."
ประลัยกัลป์ 0,น.,บรรลัยกัลป์.
ประลัยวาต 0,น.,ชื่อศรที่แผลงให้เกิดลม
ประลัยวาต 1,น.,ชื่อท่ารำแบบหนึ่ง โดยมือข้างหนึ่งจีบหงาย งอข้อศอก หักข้อมือเข้าหาแง่ศีรษะ มืออีกข้างหนึ่งตั้งวง แขนตึง ระดับไหล่ เอียงศีรษะข้างเดียวกับมือที่จีบ.
ประลาต 0,ก.,หนีไป.
ประลาย 0,*น.,แผลงมาจาก ปลาย.
ประลึง 0,ก.,"จับต้อง, ลูบคลำ."
ประลุ 0,ก.,บรรลุ.
ประลุง 0,ก.,"ปลาบปลื้ม, ยินดี."
ประเล่ห์ 0,ว.,"ประหนึ่ง, ประดุจ, เช่น, กล."
ประเล้าประโลม 0,ก.,"เล้าโลม, ปลอบโยนเอาอกเอาใจ."
ประโลประเล 0,ก.,"พูดหรือทำพอให้เสร็จ ๆ ไปโดยไม่ต้องการรายละเอียด, ปุโลปุเล ก็ว่า."
ประโลม 0,ก.,ทำให้เป็นที่เบิกบานพึงอกพึงใจ.
ประโลมโลก 0,ว.,เกี่ยวกับเรื่องรัก ๆ ใคร่ ๆ เช่น หนังสือประโลมโลก นิยายประโลมโลก.
ประวรรต 0,ก.,เป็นไป.
ประวรรตน์ 0,น.,ความเป็นไป.
ประวัติ 0,น.,เรื่องราวว่าด้วยความเป็นไปของคน สถานที่ หรือสิ่งใดสิ่งหนึ่ง เช่น ประวัติศรีปราชญ์ ประวัติวัดมหาธาตุ.
ประวัติ- 0,น.,เรื่องราวว่าด้วยความเป็นไปของคน สถานที่ หรือสิ่งใดสิ่งหนึ่ง เช่น ประวัติศรีปราชญ์ ประวัติวัดมหาธาตุ.
ประวัติการ 0,น.,เรื่องราวที่เป็นมาแล้วแต่ก่อนตามลำดับสมัย.
ประวัติการณ์ 0,น.,เหตุการณ์ที่มีค่าควรบันทึกหรือจดจำไว้.
ประวัติกาล 0,น.,สมัยที่มีบันทึกเหตุการณ์.
ประวัติศาสตร์ 0,น.,วิชาว่าด้วยเหตุการณ์ที่เป็นมาหรือเรื่องราวของประเทศชาติเป็นต้นตามที่บันทึกไว้เป็นหลักฐาน.
ประวาต 0,ก.,"พัด, กระพือ."
ประวาล 0,น.,หน่อหรือแขนงต้นไม้ที่แตกออก.
ประวาลปัทม์ 0,น.,ดอกบัวแดง.
ประวาลผล 0,น.,ไม้จันทน์แดง.
ประวาลวรรณ 0,ว.,สีแดง.
ประวาส 0,ก.,ประพาส.
ประวิง 0,ก.,"หน่วงไว้ให้เนิ่นช้า, ถ่วงเวลา, เช่น ประวิงเวลา ประวิงเรื่อง."
ประวิช 0,น.,แหวน.
ประวิตร 0,น.,บพิตร.
ประวิตร 1,ว.,"บริสุทธิ์, สะอาด."
ประวิน 0,น.,"ห่วงที่เกี่ยวกันสำหรับโยงสัปคับช้าง, ห่วงติดกับบังเหียนหรือเหล็กผ่าปากม้า, กระวิน ก็ใช้."
ประวิสรรชนีย์ 0,ก.,ใส่เครื่องหมายวิสรรชนีย์.
ประวีณ 0,ว.,"ฉลาด, มีฝีมือดี."
ประเวณี 0,น.,"การเสพสังวาส, การร่วมรส, ในคำว่า ร่วมประเวณี"
ประเวณี 1,น.,ประเพณี เช่น ประเวณีตีงูให้หลังหัก มันก็มักทำร้ายเมื่อภายหลัง (อภัย).
ประเวณี 2,ก.,ประพฤติผิดเมียผู้อื่น เรียกว่า ล่วงประเวณี.
ประเวประวิง 0,ก.,"พะว้าพะวัง, อิดเอื้อน, โอ้เอ้."
ประเวศ 0,น.,"การเข้ามา, การเข้าถึง, การเข้าสู่."
ประเวศน์ 0,น.,"การเข้ามา, การเข้าถึง, การเข้าสู่."
ประศม 0,ก.,สงบ.
ประศาสน์ 0,น.,"การแนะนำ, การสั่งสอน"
ประศาสน์ 1,น.,"การปกครอง, การงำเมือง, การสั่ง."
ประศุ 0,น.,"ปศุ, สัตว์เลี้ยง."
ประสก 0,น.,"ชายผู้แสดงตนเป็นคนถือพระพุทธ-ศาสนา, คำที่บรรพชิตเรียกคฤหัสถ์ผู้ชาย, คู่กับ สีกา."
ประสงค์ 0,ก.,"ต้องการ, อยากได้"
ประสงค์ 1,ก.,"มุ่งหมาย, มุ่ง."
ประสงค์ร้าย 0,ก.,"มุ่งร้าย, หมายจะทำร้าย."
ประสบ 0,ก.,"พบ, พบปะ, พบเห็น."
ประสบการณ์ 0,น.,ความจัดเจนที่เกิดจากการกระทำหรือได้พบเห็นมา.
ประสบการณ์นิยม 0,น.,ลัทธิทางปรัชญาที่ถือว่าประสบการณ์เป็นบ่อเกิดของความรู้ทุกอย่าง
ประสบการณ์นิยม 1,น.,การปฏิบัติที่เน้นประสบการณ์
ประสบการณ์นิยม 2,น.,"การแสวงหาความรู้โดยอาศัยการสังเกต การทดลอง และวิธีอุปนัย, ประจักษนิยม ก็ว่า."
ประสพ 0,น.,การเกิดผล.
ประสม 0,ก.,รวมกันเข้า (เป็นคำใช้ได้ทั่ว ๆ ไป).
ประสมประสาน 0,ก.,"ผสมผสาน, เก็บรวมไว้ทีละเล็กละน้อย, เก็บเล็กผสมน้อย."
ประสมประเส 0,ก.,"พลอยเข้าด้วย, เก็บเล็กผสมน้อย."
ประสมพันธุ์ 0,ก.,ผสมพันธุ์.
ประสมโรง 0,ก.,เอาคนที่เป็นลิเกหรือละครเป็นต้นต่างโรงมาเล่นรวมกัน
ประสมโรง 1,ก.,พลอยเข้าด้วย.
ประสะ 0,ก.,ฟอกหรือชำระสิ่งต่าง ๆ เช่นเครื่องยาเพื่อให้สะอาดหรือให้รสอ่อนลง
ประสะ 1,ก.,ใช้เรียกยาที่เข้าเครื่องยาสิ่งหนึ่งเท่ากับเครื่องยาอื่น ๆ เช่น ประสะขิง ก็คือเข้าขิงเท่ากับยาอื่นเป็นต้น.
ประสัก 0,น.,"ไม้หมุดสำหรับตรึงกงเรือเป็นต้นต่างตะปู, ลูกประสัก ก็เรียก."
ประสันนาการ 0,น.,อาการเลื่อมใส.
ประสัยห์ 0,ก.,"ข่มขี่, ข่มเหง."
ประสัยห- 0,ก.,"ข่มขี่, ข่มเหง."
ประสัยหาการ 0,น.,การข่มเหง.
ประสัยหาวหาร 0,น.,การโจรกรรมด้วยใช้อำนาจกดขี่หรือกรรโชกให้กลัว.
ประสา 0,น.,วิสัยที่เป็นไป เช่น ตามประสาจน ตามประสาเด็ก ตามประสาใจ.
ประสาท 0,น.,"ส่วนของร่างกาย มีลักษณะคล้ายเส้นใย มีหน้าที่นำคำสั่งและความรู้สึกไปสู่หรือออกจากสมองหรืออวัยวะส่วนอื่นของร่างกาย, โดยปริยายหมายความว่า จิตใจ, ความรู้สึก."
ประสาท- 0,น.,"ส่วนของร่างกาย มีลักษณะคล้ายเส้นใย มีหน้าที่นำคำสั่งและความรู้สึกไปสู่หรือออกจากสมองหรืออวัยวะส่วนอื่นของร่างกาย, โดยปริยายหมายความว่า จิตใจ, ความรู้สึก."
ประสาท 1,น.,ความเลื่อมใส.
ประสาท- 1,น.,ความเลื่อมใส.
ประสาท 2,น.,"ยินดีให้, โปรดให้, เช่น ประสาทปริญญา ประสาทพร."
ประสาทการ 0,น.,การเลื่อมใส.
ประสาทรูป 0,น.,เส้นประสาท.
ประสาทหลอน 0,น.,ความผิดปรกติของการรับรู้ เช่น เห็นภาพหลอน ได้ยินเสียงคนพูดโดยไม่มีคนพูดจริง ได้กลิ่นที่ไม่มีอยู่จริง.
ประสาธน์ 0,ก.,ทำให้สำเร็จ.
ประสาธน์ 1,น.,เครื่องประดับ.
ประสาน 0,ก.,"ทำให้เข้ากันสนิท, เชื่อม."
ประสานงา 0,ก.,ใช้งาสวนแทงกันในการยุทธหัตถี
ประสานงา 1,ก.,"ขัดแย้งกันอย่างรุนแรง, โดยปริยายหมายถึง ลักษณะที่รถหรือเรือแล่นเข้าชนกันอย่างแรง."
ประสานเนรมิต 0,น.,ชื่อเพลงไทยประเภทเพลงโหมโรง.
ประสานเสียง 0,ก.,ร้องเพลงหรือเล่นดนตรีที่มีตั้งแต่ ๒ แนวเป็นต้นไปเป็นหมู่ ให้มีเสียงกลมกลืนกัน อาจเป็นเครื่องดนตรีกับเครื่องดนตรี ขับร้องกับขับร้อง หรือเครื่องดนตรีกับขับร้องก็ได้.
ประสาร 0,ก.,"คลี่ออก, เหยียดออก, แผ่ออก, ขยาย."
ประสิทธิ์ 0,น.,ความสำเร็จ.
ประสิทธิ์ 1,ก.,ทำให้สำเร็จ.
ประสิทธิ- 0,น.,ความสำเร็จ.
ประสิทธิ- 1,ก.,ทำให้สำเร็จ.
ประสิทธิ์ประสาท 0,ก.,อำนวยความสำเร็จให้เกิดมีขึ้น.
ประสิทธิผล 0,น.,"ผลสำเร็จ, ผลที่เกิดขึ้น."
ประสิทธิภาพ 0,น.,ความสามารถที่ทำให้เกิดผลในการงาน.
ประสิทธิเม 0,น.,คำกล่าวเพื่อความศักดิ์สิทธิ์ หมายความว่า ขอให้สำเร็จแก่เรา.
ประสีประสา 0,น.,"วิสัย, เรื่องราว, ความเป็นไป, ความหมาย, (มักใช้ในประโยคปฏิเสธ) เช่น ไม่รู้ประสีประสา."
ประสูต 0,ก.,ขวนขวาย.
ประสูติ 0,น.,การเกิด
ประสูติ 1,น.,การคลอด.
ประสูติ 2,ก.,เกิด
ประสูติ 3,ก.,คลอด.
ประสูติ- 0,น.,การเกิด
ประสูติ- 1,น.,การคลอด.
ประสูติ- 2,ก.,เกิด
ประสูติ- 3,ก.,คลอด.
ประสูติการ 0,น.,"การเกิด, ราชาศัพท์ใช้ว่า พระประสูติการ."
ประสูติกาล 0,น.,"เวลาเกิด, ราชาศัพท์ใช้ว่า พระประสูติกาล."
ประเสบัน 0,น.,ชื่อเพลงไทยประเภทเพลงโหมโรง.
ประเสบันอากง 0,น.,"วังลูกหลวง, วังหลานหลวง."
ประเสริฐ 0,ว.,"วิเศษ, ดีเลิศ, ดีที่สุด."
ประหนึ่ง 0,สัน.,"เช่น, ดัง, เหมือน."
ประหม่า 0,ก.,"สะทกสะท้าน, พรั่นใจ."
ประหยัด 0,ก.,"ยับยั้ง, ระมัดระวัง, เช่น ประหยัดปาก ประหยัดคำ"
ประหยัด 1,ก.,ใช้จ่ายแต่พอควรแก่ฐานะ.
ประหรณ์ 0,น.,"การตี, การฟัน, การทำร้ายด้วยอาวุธ"
ประหรณ์ 1,น.,อาวุธ.
ประหลาด 0,ว.,"แปลกผิดปรกติหรือมิได้คิดคาดหมายว่าจะเป็นไปได้, น่าพิศวง."
ประหล่ำ 0,น.,"เครื่องประดับสำหรับผูกข้อมือ มักทำเป็นลูกกลม ๆ หรือเป็นกลีบอย่างลูกมะยม หรือเป็นเหลี่ยมเป็นต้น สลักเป็นลวดลาย เดิมมีสีแดง ๆ, ลูกประหล่ำ หรือ ปะวะหล่ำ ก็เรียก."
ประหลิ่ม 0,น.,"ชื่อเพลงไทย อัตรา ๒ ชั้น หน้าทับพิเศษ มีท่อนเดียว นิยมใช้ร้องในระบำสี่บท, บหลิ่ม หรือ ปะวะหลิ่ม ก็เรียก."
ประหวัด 0,ก.,หวนคิดเพราะผูกใจอยู่.
ประหวั่น 0,ก.,พรั่นใจ.
ประหว่า 0,ก.,"เปล่าเปลี่ยว, ว้าเหว่, เช่น มือประหว่าคว้าหมอน (สมุทรโฆษ)."
ประหัต 0,ก.,ประหาร เช่น ประหัตศัตรูออก (สมุทรโฆษ).
ประหัตประหาร 0,ก.,"ประหาร, เอาถึงเป็นถึงตาย."
ประหาณ 0,น.,"การละ, การทิ้ง, เช่น สมุจเฉทประหาณ."
ประหาร 0,น.,"การตี, การฟัน, การล้าง, การผลาญ."
ประหาร 1,ก.,"ฆ่า, ทำลาย."
ประหารชีวิต 0,ก.,ลงโทษฆ่า.
ประหารชีวิต 1,น.,โทษทางอาญาขั้นสูงสุดที่ลงแก่ผู้กระทำความผิดอาญาอุกฉกรรจ์ ด้วยการทำให้ตายโดยวิธีฉีดยาหรือสารพิษ.
ประหาส 0,น.,"การรื่นเริง, การสนุก, การเล่นตลก."
ประเหล 0,ว.,"ประหนึ่ง, ประดุจ, มักใช้เลือนเป็น ประเล่ห์."
ประเหส 0,ก.,ประมาท.
ประเหียล 0,ว.,ประเหล.
ประไหมสุหรี 0,น.,ตำแหน่งพระมเหสีที่ ๑ หรืออัครมเหสีของกษัตริย์ชวาในวงศ์อสัญแดหวา.
ประอบ 0,น.,ผอบ.
ประอร 0,ว.,งาม.
ประอรประเอียง 0,ว.,"งามกรีดกราย, เคล้าพิงอิงเอียง."
ประอึง 0,ก.,"อึง, ดัง, เอ็ด, อึกทึก."
ประอุก 0,ก.,ระอุ
ประอุก 1,ก.,"ร้อนรน เช่น หนึ่งอัคนีมีในเชองกราน บมีเป่าพัดพาน ประอุกแลลุกลามเลือน, ผิโคเคียงเกวียนเดิรหน ไป่ทันแก้ปรน ประอุกแลขุกวอดวาย (จารึกวัดโพธิ์"
ประอุก 2,ก.,"อภิไธยโพธิบาทว์), ใช้เป็น กระอุ หรือ กระอุก ก็มี."
ประเอียง 0,ว.,งาม.
ประแอก 0,ก.,พิง.
ประแอก 1,น.,"เชือกหรือลวดหนังตีเป็นเกลียว, หุ้มผ้าแดง ปลายสายทั้ง ๒ ข้าง ผูกกับสายสำอางคร่อมอยู่ทางท้ายสันหลังช้าง สำหรับควาญช้างจับเมื่อเวลาคับขัน, กระแซง กระแอก หรือ ปะแอด ก็เรียก."
ประฮาม 0,น.,"แสงเงินแสงทอง, รุ่งสว่าง."
ปรัก 0,ว.,เงิน.
ปรัก 1,ก.,หัก.
ปรักปรำ 0,ก.,กล่าวโทษหรือให้การใส่ร้ายเกินความเป็นจริง.
ปรักมะ 0,น.,"ความเพียร, ความบากบั่น."
ปรักหักพัง 0,ก.,"ชำรุด, ทรุดโทรม, (ใช้แก่สิ่งก่อสร้าง)."
ปรัง 0,น.,เรียกนาที่ต้องทำในฤดูแล้ง ว่า นาปรัง. (ข. ปฺรัง ว่า ฤดูแล้ง).
ปรัง 1,ว.,"เกินเวลา, เกินกำหนด, เช่น จมปรัง ว่า อยู่เกินเวลา."
ปรัชญา 0,น.,วิชาว่าด้วยหลักแห่งความรู้และความจริง.
ปรัด 0,ก.,แต่ง.
ปรัตถจริยา 0,น.,ความประพฤติให้เป็นประโยชน์แก่ผู้อื่น.
ปรัตยนต์ 0,ว.,ปัจจันต์.
ปรัตยักษ์ 0,ว.,ประจักษ์.
ปรัตยันต์ 0,ว.,ปัจจันต์.
ปรัตยัย 0,น.,ปัจจัย.
ปรัตยุตบัน 0,น.,ปัจจุบัน.
ปรัตยุบัน 0,น.,ปัจจุบัน.
ปรัตยูษ 0,ว.,"ปัจจูส, เช้ามืด, ใกล้รุ่ง."
ปรัตยูห์ 0,น.,"อันตราย, ความขัดข้อง."
ปรัตเยก 0,ว.,ปัจเจก.
ปรัน 0,ก.,เอาของใหญ่กระแทกหรือดันเข้าไปในของเล็ก (มักใช้เป็นคำด่า).
ปรั่น 0,ว.,เสียงแปร้น เช่น ร้องก้องปรั่นประดิรพยทั่วแล (ม. คำหลวง สักบรรพ).
ปรั้น 0,ว.,เสียงแปร้น เช่น ร้องก้องปรั่นประดิรพยทั่วแล (ม. คำหลวง สักบรรพ).
ปรับ 0,ก.,"บอก, เล่า."
ปรับ 1,ก.,"เปรียบ, เทียบ"
ปรับ 2,ก.,"ทำให้อยู่ในสภาพที่เหมาะหรือดีขึ้น, ทำให้เรียบ, ทำให้เสมอ"
ปรับ 3,ก.,"ลงโทษให้ใช้เงินเพราะทำผิด, ลงโทษให้เป็นแพ้"
ปรับ 4,น.,โทษทางอาญาสถานหนึ่ง ซึ่งผู้กระทำความผิดต้องชำระเงินตามจำนวนที่ศาลกำหนด หรือตามที่ผู้มีอำนาจเปรียบเทียบได้เปรียบเทียบ.
ปรับทุกข์ 0,ก.,"บอกเล่าความทุกข์, พรรณนาถึงความทุกข์."
ปรับโทษ 0,ก.,กำหนดโทษที่จะลง.
ปรับปรุง 0,ก.,แก้ไขให้เรียบร้อยยิ่งขึ้น.
ปรับไหม 0,ก.,ให้ผู้กระทำผิดหรือกระทำละเมิดชำระเงินค่าสินไหมทดแทนหรือค่าปรับ.
ปรับอากาศ 0,ว.,ที่ปรับอุณหภูมิและความชื้นของอากาศด้วยอุปกรณ์ที่เรียกว่าเครื่องปรับอากาศ.
ปรับอาบัติ 0,ก.,เอาโทษเป็นผิดตามพระวินัย (ใช้แก่พระภิกษุ).
ปรัมปรา 0,ว.,"สืบ ๆ กันมา, เก่าก่อน."
ปรัศจิม 0,น.,ปัจฉิม.
ปรัศนา 0,น.,ปัญหา.
ปรัศนี 0,น.,"เครื่องหมายวรรคตอนรูปดังนี้ ?, เครื่องหมายคำถาม ก็เรียก"
ปรัศนี 1,น.,สิ่งที่เป็นเงื่อนงำต้องหาคำตอบ.
ปรัศว์ 0,น.,"ข้าง, สีข้าง, ราชาศัพท์ใช้ว่า พระปรัศว์"
ปรัศว์ 1,น.,"เรียกอาคาร ๒ หลังที่อยู่ขนานกัน ซึ่งอยู่ต่อท้ายพระที่นั่งที่เป็นประธาน ว่า พระปรัศว์ เช่น ในหมู่พระมหามณเฑียร มีพระที่นั่งเทพสถานพิลาสเป็นพระปรัศว์ขวา พระที่นั่งเทพอาศน์พิไลเป็นพระปรัศว์ซ้าย, โบราณเขียนว่า พระปลัด ก็มี."
ปรัสสบท 0,น.,"“บทเพื่อผู้อื่น”, ในตำราไวยากรณ์บาลีและสันสกฤตใช้เป็นเครื่องหมายให้ทราบว่าเป็นกริยากรรตุวาจก เช่น สูโท โอทนํ ปจติ = พ่อครัวหุงอยู่ซึ่งข้าวสุก, ปจติ เป็นกริยาปรัสสบท, ตรงข้ามกับ อัตตโนบท."
ปร่า 0,ว.,ลักษณะของรสที่ไม่กลมกล่อมไม่แน่ชัดว่าเป็นรสอะไร เช่นรสแกงที่มีเครื่องปรุงไม่เหมาะส่วน.
ปรากฏ 0,ก.,สำแดงออกมาให้เห็น.
ปรากฏการณ์ 0,น.,การสำแดงออกมาให้เห็น.
ปรากรม 0,น.,"ความเพียร, ความบากบั่น."
ปรากฤต 0,น.,ภาษาพื้นเมืองในอินเดียสมัยโบราณซึ่งสืบเนื่องมาจากภาษาตระกูลอริยกะ.
ปราการ 0,น.,กำแพงสำหรับป้องกันการรุกราน.
ปราคภาร 0,น.,เงื้อมภูเขา.
ปราคาร 0,น.,ตึกใหญ่.
ปราง 0,น.,แก้ม
ปราง 1,น.,มะปราง.
ปรางค์ 0,น.,"สิ่งก่อสร้างมียอดสูงขึ้นไปมีรูปทรงคล้ายฝักข้าวโพดและมีฝักเพกาปักอยู่ข้างบน, ถ้าเป็นเจดีย์มียอดเช่นนั้น เรียกว่า เจดีย์ยอดปรางค์."
ปรางคณะ 0,น.,"คณะ, สำนัก"
ปรางคณะ 1,น.,สนาม
ปรางคณะ 2,น.,พื้นอย่างพื้นเรือน.
ปรางค์ปรา 0,น.,ตัดมาจาก ปรางค์ปราสาท.
ปราจีน 0,น.,ทิศตะวันออก.
ปราชญ์ 0,น.,ผู้มีปัญญารอบรู้.
ปราชญา 0,น.,ปัญญา.
ปราชัย 0,น.,ความพ่ายแพ้.
ปราชัย 1,ก.,พ่ายแพ้.
ปราชาปัตยวิวาหะ 0,น.,การสมรสวิธีหนึ่งที่บิดายกลูกสาวให้เจ้าบ่าวโดยปราศจากการเรียกร้องอย่างใดอย่างหนึ่งจากเจ้าบ่าว.
ปราชิต 0,ก.,แพ้.
ปราณ 0,น.,ลมหายใจ
ปราณ 1,น.,"สัตว์มีชีวิต, ชีวิต, ใจ."
ปราณี 0,น.,"ผู้มีชีวิต, สัตว์, คน."
ปราด 0,ก.,เดินหรือวิ่งตรงเข้าไปหรือออกมาอย่างรวดเร็ว เช่น ปราดเข้าไป ปร๊าดออกมา.
ปราด 1,ว.,อาการที่เดินหรือวิ่งตรงเข้าไปหรือออกมาอย่างรวดเร็ว เช่น เดินปราด วิ่งปร๊าด.
ปร๊าด 0,ก.,เดินหรือวิ่งตรงเข้าไปหรือออกมาอย่างรวดเร็ว เช่น ปราดเข้าไป ปร๊าดออกมา.
ปร๊าด 1,ว.,อาการที่เดินหรือวิ่งตรงเข้าไปหรือออกมาอย่างรวดเร็ว เช่น เดินปราด วิ่งปร๊าด.
ปราดเปรียว 0,ว.,"ว่องไว, คล่องแคล่ว."
ปราดเปรื่อง 0,ว.,"มีความคิดแคล่วคล่องว่องไว, เปรื่องปราด ก็ว่า."
ปราติหารย์ 0,น.,ปาฏิหาริย์.
ปราทุกรา 0,น.,"ปาทุกา, รองเท้า."
ปราน 0,น.,"โคตร, วงศ์."
ปรานี 0,ก.,เอ็นดูด้วยความสงสาร.
ปรานีตีเอาเรือ 0,ก.,เอ็นดูหรือเผื่อแผ่เขา แต่กลับถูกประทุษร้ายตอบ เช่น มุทะลุดุดันขันเหลือ ปรานีตีเอาเรือเสียอีกเล่า (สังข์ทอง).
ปรานีปราศรัย 0,ก.,ปรานี (มักใช้ในความปฏิเสธ) เช่น ใช้อย่างไม่ปรานีปราศรัย.
ปราบ 0,ก.,"ทำให้ราบ, ทำให้อยู่ในอำนาจ."
ปราบดาภิเษก 0,ว.,มีอภิเษกอันถึงแล้ว.
ปราบดาภิเษก 1,น.,พระราชพิธีขึ้นเสวยราชสมบัติหรือได้ราชสมบัติ.
ปราบปราม 0,ก.,ทำให้สงบราบคาบ.
ปราปต์ 0,ก.,"ถึงแล้ว, ได้แล้ว."
ปราภพ 0,น.,ความฉิบหาย.
ปราม 0,ก.,ว่ากล่าวตักเตือนให้เกรงกลัว.
ปรามาส 0,ก.,ดูถูก.
ปรามาส 1,น.,"การจับต้อง, การลูบคลำ."
ปราโมช 0,น.,"ความบันเทิงใจ, ความปลื้มใจ, ปราโมทย์ ก็ใช้."
ปราโมทย์ 0,น.,"ความบันเทิงใจ, ความปลื้มใจ, ปราโมช ก็ใช้."
ปราย 0,ก.,"ซัด, หว่าน, สาดให้กระจายไป, เช่น ปรายข้าวตอกดอกไม้, มักใช้เข้าคู่กับคำ โปรย เป็น โปรยปราย."
ปรารถนา 0,ก.,"มุ่งหมาย, อยากได้, ต้องการ."
ปรารภ 0,ก.,กล่าวถึง
ปรารภ 1,ก.,ตั้งต้น
ปรารภ 2,ก.,ดำริ.
ปรารมภ์ 0,ก.,เริ่มแรก
ปรารมภ์ 1,ก.,"วิตก, รำพึง, ครุ่นคิด."
ปราศ 0,ก.,"พ้นไป, ไม่มี."
ปราศจาก 0,ก.,"พ้นไป, ไม่มี."
ปราศรัย 0,น.,"การพูดด้วยไมตรีจิต, การแสดงอัชฌาสัยในระหว่างผู้ใหญ่ต่อผู้น้อยหรือผู้ที่เสมอกัน"
ปราศรัย 1,น.,คำปรารภ.
ปราศรัย 2,ก.,"พูดด้วยไมตรีจิต, พูดแสดงอัชฌาสัยระหว่างผู้ใหญ่ต่อผู้น้อยหรือผู้ที่เสมอกัน"
ปราศรัย 3,ก.,ปรารภ.
ปราษณี 0,น.,"ส้นเท้า, ราชาศัพท์ว่า พระปราษณี."
ปราษาณ 0,น.,หิน.
ปราสัย 0,ก.,ปราศรัย.
ปราสาท 0,น.,เรือนยอดซ้อนกันเป็นชั้น ๆ สำหรับเป็นที่ประทับเฉพาะพระมหากษัตริย์หรือเป็นที่ประดิษฐานสิ่งศักดิ์สิทธิ์.
ปรำ 0,ก.,ทำอาการดุจกระทุ้ง
ปรำ 1,ก.,เจาะจง
ปรำ 2,ก.,เทลงไปเร็ว ๆ ให้ปนกับของอื่น
ปรำ 3,ก.,รุมกล่าวโทษ.
ปริ- 0,*ว.,"เป็นอุปสรรคในภาษาบาลีและสันสกฤต, ใช้นำหน้าศัพท์อื่นแปลว่า รอบ เช่น ปริมณฑล."
ปริ 0,ก.,"แย้ม, ผลิ, แตกแต่น้อย."
ปริก 0,น.,ส่วนยอดของฝาโถหรือผอบที่ทำด้วยทองอย่างหัวแหวนนพเก้า สำหรับสวมบนฝาโถหรือผอบ.
ปริก 1,น.,ชื่อไม้ล้มลุกมีหัวใต้ดินชนิด Asparagus sprengeri Regel ในวงศ์ Asparagaceae ดอกสีขาว กลิ่นหอม ใช้ทำยาได้.
ปริกขาร 0,น.,บริขาร.
ปริกรรม 0,น.,บริกรรม.
ปริกรรม- 0,น.,บริกรรม.
ปริกรรมนิมิต 0,น.,“อารมณ์ในบริกรรม” คือ สิ่งที่ใช้เพ่งหรือนึกเป็นอารมณ์ในเวลาบริกรรม.
ปริกัป 0,ก.,กำหนด.
ปริกัลป- 0,น.,"ความตรึก, ความดำริ, ความกำหนดในใจ."
ปริกัลปมาลา 0,น.,ระเบียบกริยาในไวยากรณ์ที่บอกความคาดหมาย ความกำหนด.
ปริขา 0,น.,คู
ปริขา 1,น.,สนามเพลาะ.
ปริคณห์ 0,น.,บริคณห์.
ปริจาค 0,น.,บริจาค.
ปริจาริกา 0,น.,บริจาริกา.
ปริเฉท 0,น.,บริเฉท.
ปริชน 0,น.,บริชน.
ปริซึม 0,น.,แท่งตันชนิดหนึ่ง ปลายทั้ง ๒ เป็นรูปหลายเหลี่ยมซึ่งมีพื้นที่เท่ากัน เป็นรูปแบบเดียวกันและขนานกันด้วย ส่วนด้านข้างทุกด้านของแท่งเป็นรูปสี่เหลี่ยมด้านขนาน
ปริซึม 1,น.,แท่งตันทำด้วยวัตถุโปร่งใส เช่นแก้ว หินควอตซ์ ปลายทั้ง ๒ เป็นรูปสามเหลี่ยมซึ่งมีพื้นที่เท่ากัน เป็นรูปแบบเดียวกันและขนานกันด้วย ส่วนด้านข้างทุกด้านของแท่งเป็นรูปสี่เหลี่ยมด้านขนาน ใช้ประโยชน์สำหรับหักเหแนวทางเคลื่อนที่ของแสง.
ปริญญา 0,น.,"ความกำหนดรู้, ความหยั่งรู้, ความรู้รอบ"
ปริญญา 1,น.,"ชั้นความรู้ขั้นมหาวิทยาลัยซึ่งประสาทให้แก่ผู้ที่สอบไล่ได้ตามที่กำหนดไว้, ถ้าประสาทแก่ผู้ทรงวิทยาคุณหรือผู้มีเกียรติตามที่เห็นสมควร เรียกว่า ปริญญากิตติมศักดิ์."
ปริญญาบัตร 0,น.,บัตรที่แสดงวิทยฐานะของผู้สำเร็จการศึกษาว่ามีศักดิ์และสิทธิ์ระดับปริญญา.
ปริณาม 0,น.,"การผันแปร, การเปลี่ยนแปลง, การย่อยไป."
ปริณามัคคิ 0,น.,ไฟธาตุที่ย่อยอาหาร.
ปริณามัคคิ 1,น.,"การผันแปร, การเปลี่ยนแปลง, การย่อยไป."
ปริณายก 0,น.,"ผู้นำบริวาร, หัวหน้า, ผู้เป็นใหญ่."
ปริต 0,ว.,น้อย.
ปริต- 0,ว.,น้อย.
ปริตตะ 0,ว.,น้อย.
ปริตโตทก 0,น.,"นํ้าพระปริตร, นํ้าพระพุทธ-มนต์."
ปริตทวีป 0,น.,"ทวีปน้อย, คู่กับ มหาทวีป."
ปริตยาค 0,ก.,บริจาค.
ปริตร 0,น.,"ความต้านทาน, เครื่องป้องกัน"
ปริตร 1,น.,"พระพุทธมนต์ในเจ็ดตำนานที่เรียกว่า สัตปริตร และสิบสองตำนานที่เรียกว่า ทวาทศปริตร, ตำนานหนึ่ง เรียกว่า ปริตรหนึ่ง."
ปริตร 2,ว.,น้อย.
ปริทรรศน์ 0,น.,"ชื่อกล้องชนิดหนึ่งที่ใช้มองดูสิ่งต่าง ๆ ซึ่งมีที่กำบังขวางกั้น หรือใช้มองดูสิ่งต่าง ๆ ที่อยู่เหนือระดับสายตาผู้มองได้โดยรอบ เช่น กล้องเรือดำนํ้า, กล้องตาเรือ ก็เรียก."
ปริทัยหัคคี 0,น.,ไฟธาตุที่ทำกายให้กระสับกระส่าย.
ปริทัศน์ 0,น.,การวิจารณ์
ปริทัศน์ 1,น.,หนังสือประเภทวารสารที่วิจารณ์ข่าวหรือเรื่องราวต่าง ๆ.
ปริเทพ 0,น.,"ปริเทวะ, ปริเทวนะ."
ปริเทพน์ 0,น.,"ปริเทวะ, ปริเทวนะ."
ปริเทวนะ 0,น.,"ความครํ่าครวญ, ความรำพันด้วยเสียใจ, ความบ่นเพ้อ."
ปริเทวะ 0,น.,"ความครํ่าครวญ, ความรำพันด้วยเสียใจ, ความบ่นเพ้อ."
ปรินิพพาน 0,น.,"การดับรอบ, การดับสนิท, การดับโดยไม่เหลือ"
ปรินิพพาน 1,น.,เรียกอาการตายของพระพุทธเจ้าและพระอรหันต์.
ปริบ ๆ 0,ก.,"กะพริบถี่ ๆ เช่น ทำตาปริบ ๆ, กะปริบ ๆ ก็ว่า."
ปริบท 0,น.,บริบท.
ปริปันถ์ 0,น.,"อันตราย, อันตรายในทางเปลี่ยว."
ปริปาก 0,ก.,แย้มปากพูดออกมา (มักใช้ในความปฏิเสธ) เช่น อย่าปริปากบอกใครนะ.
ปริพนธ์ 0,ก.,"ผูก, แต่ง, ร้อยกรอง."
ปริพัตร 0,ก.,บริพัตร.
ปริพันธ์ 0,ก.,บริพันธ์.
ปริพาชก 0,น.,"นักบวชผู้ชายนอกพระพุทธศาสนาประเภทหนึ่งในอินเดีย, เพศหญิงใช้ว่า ปริพาชิกา."
ปริพาชิกา 0,น.,นักบวชผู้หญิงนอกพระพุทธศาสนาประเภทหนึ่งในอินเดีย.
ปริภัณฑ์ 0,น.,บริภัณฑ์.
ปริภาษ 0,ก.,บริภาษ.
ปริภาษณ์ 0,ก.,บริภาษ.
ปริภุญช์ 0,ก.,กิน.
ปริภูมิ 0,น.,เซตที่มีโครงสร้างบางอย่าง อาจเป็นโครงสร้างแบบเรขาคณิตหรือโครงสร้างแบบอื่นก็ได้.
ปริโภค 0,ก.,บริโภค.
ปริ่ม 0,ว.,"เสมอขอบ, เสมอพื้น, (ในลักษณะอย่างนํ้าที่ขึ้นเสมอขอบตลิ่งหรือดอกบัวที่โผล่ขึ้นเสมอพื้นนํ้าเป็นต้น)"
ปริ่ม 1,ว.,อาการที่มีความยินดีปลื้มใจ เช่น ปริ่มใจ ปริ่มยิ้ม ปริ่มเปรม.
ปริมณฑล 0,น.,"วงรอบ, จังหวัดรอบกรุงเทพมหานคร ได้แก่ นครปฐม นนทบุรี สมุทรสาคร สมุทรปราการ ฉะเชิงเทรา และปทุมธานี"
ปริมณฑล 1,น.,ความเรียบร้อย เช่น นุ่งห่มให้เป็นปริมณฑล.
ปริมัท 0,ก.,"นวด, บีบ, ขยำ."
ปริมาณ 0,น.,กำหนดความมากน้อยของจำนวน.
ปริมาตร 0,น.,ขนาดของสิ่งใด ๆ ที่มีรูปทรง ๓ มิติ และระบุปริมาณเป็นหน่วยลูกบาศก์ เช่น ลูกบาศก์เมตร ลูกบาศก์ฟุต.
ปริย- 0,ว.,ที่รัก.
ปริยรณ 0,น.,ผู้ชอบรบ.
ปริยวาท 0,น.,คำพูดเป็นที่รัก.
ปริยวาที 0,น.,ผู้มีถ้อยคำอ่อนหวาน.
ปริยัติ 0,น.,การเล่าเรียนพระไตรปิฎก.
ปริยัติธรรม 0,น.,ธรรมที่จะต้องเล่าเรียนได้แก่พระไตรปิฎก.
ปริยานุช 0,น.,น้องที่รัก.
ปริยาย 0,น.,"อย่าง, ทาง, หนทาง"
ปริยาย 1,น.,"การกล่าวอ้อมค้อม, นัยทางอ้อม, ตรงข้ามกับ นิปริยาย คือ อย่างตรง"
ปริยาย 2,น.,"การสอน, การเล่าเรื่อง."
ปริยาย 3,ว.,อ้อม
ปริยาย 4,ว.,เจตนากระทำที่มิได้แสดงออกอย่างชัดแจ้งแต่อนุมานได้จากพฤติกรรมที่แสดงออก.
ปริเยศ 0,ว.,ที่รัก.
ปริโยสาน 0,น.,"ที่สุดลงโดยรอบ (หมายความว่า ที่สุดหรือจบลงอย่างบริบูรณ์แล้ว), จบ."
ปริวรรต 0,ก.,หมุนเวียน เช่น ปริวรรตเงินตรา
ปริวรรต 1,ก.,"เปลี่ยนแปลง, เปลี่ยนไป, แปรไป."
ปริวรรต- 0,ก.,หมุนเวียน เช่น ปริวรรตเงินตรา
ปริวรรต- 1,ก.,"เปลี่ยนแปลง, เปลี่ยนไป, แปรไป."
ปริวรรตกรรม 0,น.,การหมุนเวียน.
ปริวัตร 0,ก.,ปริวรรต เช่น จะเชื้อเชิญพระดาบสให้ปริวัตรเป็นบรมกษัตริย์ (ม. กาพย์ สักบรรพ).
ปริวาร 0,น.,บริวาร.
ปริวาส 0,น.,"การอยู่ค้างคืน, การอยู่แรมคืน"
ปริวาส 1,น.,ชื่อกรรมที่ภิกษุต้องอาบัติสังฆาทิเสสต้องประพฤติ.
ปริวิตก 0,ก.,นึกเป็นทุกข์หนักใจ.
ปริเวณ 0,น.,บริเวณ.
ปริศนา 0,น.,สิ่งหรือถ้อยคำที่ผูกขึ้นเป็นเงื่อนงำเพื่อให้แก้ให้ทาย.
ปริศนาธรรม 0,น.,ปริศนาในทางธรรม.
ปริศนาลายแทง 0,น.,ข้อความที่เป็นปริศนาเป็นเครื่องแสดงขุมทรัพย์ที่ฝังอยู่ในดินเป็นต้น.
ปริศนาอักษรไขว้ 0,น.,ปริศนาที่จะต้องตอบโดยการเติมคำลงในตารางสี่เหลี่ยมที่กำหนดให้ช่องละ ๑ อักษร แล้วให้อ่านได้ใจความทั้งในแนวยืนและแนวนอน.
ปริษการ 0,น.,บริขาร.
ปริษัท 0,น.,บริษัท.
ปริสัญญู 0,น.,ผู้รู้จักประชุมชนและกิริยาที่จะต้องประพฤติต่อประชุมชนนั้น ๆ ว่า หมู่นี้เมื่อเข้าไปหาจะต้องทำกิริยาอย่างนี้ จะต้องพูดอย่างนี้ เป็นต้น.
ปริสุทธิ 0,ก.,บริสุทธิ์.
ปริหาน 0,น.,"ความเสื่อมรอบ, ความเสื่อมทั่วไป."
ปริหาร 0,น.,บริหาร.
ปริหาส 0,ก.,บริหาส.
ปรี่ 0,ก.,เดินหรือวิ่งตรงเข้าไปอย่างรวดเร็ว เช่น ปรี่เข้าไปต่อย.
ปรี่ 1,ว.,เกือบล้น ในลักษณะเช่นนํ้าเต็มจนเกือบล้นมิล้นแหล่ เช่น น้ำเต็มปรี่ น้ำล้นปรี่.
ปรีชญา 0,น.,ปรีชา เช่น อันประกอบด้วยจักษุคือปรีชญา (นันโท).
ปรีชา 0,น.,"ปัญญาสามารถ, ความรอบรู้จัดเจน."
ปรี๊ด 0,ว.,อาการที่นํ้าหรือของเหลวพุ่งออกมาโดยแรงจากช่องแคบ ๆ มีเสียงดังเช่นนั้น เช่น น้ำพุ่งปรี๊ด บ้วนนํ้าลายปรี๊ด
ปรี๊ด 1,ว.,"มาก เช่น สูงปรี๊ด, จัด (ใช้แก่รสเปรี้ยว)"
ปรี๊ด 2,ว.,เสียงอย่างเสียงเป่านกหวีดยาว ๆ.
ปรีดา 0,ก.,"อิ่มใจ, ปลื้มใจ, ยินดี."
ปรีดิ์ 0,น.,"ความอิ่มใจ, ความปลื้มใจ, ความยินดี."
ปรีดิ 0,น.,"ความอิ่มใจ, ความปลื้มใจ, ความยินดี."
ปรีดี 0,น.,"ความอิ่มใจ, ความปลื้มใจ, ความยินดี."
ปรีติ 0,น.,"ปีติ, ความปลาบปลื้มใจ, ความอิ่มใจ."
ปรียะ 0,ว.,ที่รัก.
ปรียา 0,ว.,ที่รัก.
ปรึก 0,น.,ชื่อนํ้ามันชนิดหนึ่ง โดยเอานํ้ามันยางมาปรุงหุงสำหรับทาไม้ต่าง ๆ.
ปรึกษา 0,ก.,"หารือ, ขอความเห็นแนะนำ, พิจารณาหารือกัน, พิจารณาอภิปรายกัน เช่น ประชุมปรึกษา, พิจารณาร่างคำพิพากษา เช่น ผู้ปรึกษา (ในทางศาล)."
ปรึกษา 1,น.,"เรียกความเห็นแนะนำที่ให้เนื่องด้วยการหารือ ว่า คำปรึกษา, เรียกผู้มีหน้าที่ให้ความเห็นแนะนำว่า ที่ปรึกษา, เรียกผู้รับหารือเพื่อให้ความเห็นแนะนำ ว่า ผู้รับปรึกษา."
ปรึง 0,ว.,"อย่างเร่งรีบ, เต็มที่, เช่น บ้างควบปรึงตะบึงไปไม่รอรั้ง (อิเหนา)."
ปรื๋อ 0,ว.,รวดเร็ว เช่น นกบินปรื๋อ วิ่งปรื๋อ พูดเร็วปรื๋อฟังไม่ทัน.
ปรือ 0,น.,"ชื่อไม้ล้มลุกชนิด Scleria poaeformisRetz. ในวงศ์ Cyperaceae ขึ้นในนํ้า ใบยาว ๆ ใช้มุงหลังคาและสานเสื่อเป็นต้น, อีสานเรียก แวง."
ปรือ 1,น.,"ชื่อไม้ล้มลุกชนิด Typha angustifolia L. ในวงศ์ Typhaceae ขึ้นในนํ้า ช่อดอกคล้ายธูปขนาดใหญ่, กกธูป ธูปฤๅษี ปรือ หรือ เฟื้อ ก็เรียก."
ปรือ 2,ว.,"ลักษณะอาการของนัยน์ตาที่หรี่เพราะง่วงแต่ฝืนไว้หรือเมา, ลักษณะของนัยน์ตาหรี่เหมือนง่วงหรือเมา."
ปรือ 3,ก.,"ฝึกให้ทำจนเป็น, หัดให้ทำจนชำนาญ, ในคำว่า ฝึกปรือ"
ปรือ 4,ก.,บำรุงเลี้ยงดูให้สมบูรณ์ยิ่งขึ้น ในคำว่า ปรนปรือ.
ปรือตา 0,ก.,พยายามลืมตาแต่ลืมขึ้นไม่ได้มาก.
ปรุ 0,ก.,"ทำให้เป็นรู ๆ, สลักให้เป็นรู ๆ มีลวดลายต่าง ๆ."
ปรุ 1,ว.,เป็นรูเล็ก ๆ เช่น หน้าปรุ
ปรุ 2,ว.,"ทะลุ, ตลอด, เช่น เที่ยวเสียปรุ."
ปรุง 0,ก.,ประสมหรือประกอบให้เหมาะส่วน.
ปรุโปร่ง 0,ว.,โล่งตลอด.
ปรู๋ 0,ว.,ปรื๋อ.
ปรู 0,น.,ชื่อไม้ต้นขนาดกลางถึงขนาดใหญ่ชนิด Alangium salviifolium (L.f.) Wangerin subsp. Hexapentalam Wangerin ในวงศ์ Alangiaceae ดอกสีขาว ออกเป็นกระจุกตามง่ามใบ กลิ่นหอม เนื้อไม้สีนํ้าตาลคลํ้า ใช้ทำด้ามปืน พานท้ายปืน เปลือกรากใช้ทำยาได้.
ปรู 1,ว.,พรู.
ปรู๊ด 0,ว.,"อาการที่นํ้าหรือของเหลวเป็นต้นพุ่งออกจากช่องแคบโดยเร็วแรง, โดยปริยายหมายความว่า รวดเร็วฉับไว เช่น ลื่นปรู๊ด."
ปรู๊ดปร๊าด 0,ว.,อาการที่เคลื่อนไหวอย่างว่องไว รวดเร็ว เช่น รถแล่นปรู๊ดปร๊าด.
ปรู๊ฟ 0,น.,เรียกกระดาษที่ใช้พิมพ์หนังสือ มีคุณภาพตํ่ากว่ากระดาษปอนด์และกระดาษอาร์ต ว่า กระดาษปรู๊ฟ
ปรู๊ฟ 1,น.,งานพิมพ์เป็นต้นเพื่อตรวจสอบความถูกต้องเรียบร้อย.
ปรู๊ฟ 2,ก.,พิสูจน์อักษร.
ปฤงคพ 0,น.,"ปุงคพ, โคผู้, หมายความว่า ผู้เลิศ, ผู้ประเสริฐ, หัวหน้า."
ปฤจฉา 0,น.,คำถาม.
ปฤจฉาคุณศัพท์ 0,น.,คำคุณศัพท์ที่เป็นคำถาม เช่นคำ “อะไร” ฯลฯ.
ปฤจฉาสรรพนาม 0,น.,คำแทนชื่อที่เป็นคำถาม เช่นคำ “ใคร” ฯลฯ.
ปฤษฎ์ 0,น.,"หลัง, เบื้องหลัง."
ปฤษฎางค์ 0,น.,"ส่วนหลังของร่างกาย, เบื้องหลังร่างกาย, ราชาศัพท์ใช้ว่า พระปฤษฎางค์."
ปฤษฐ 0,น.,"หลัง, เบื้องหลัง"
ปฤษฐ 1,น.,พื้นบน
ปฤษฐ 2,น.,ยอด.
ปลก 0,ว.,อาการที่ยกมือไหว้ถี่ผงก ๆ (ใช้แก่กริยาไหว้ ว่า ไหว้ปลก ๆ).
ปลกเปลี้ย 0,ก.,กะปลกกะเปลี้ย.
ปลง 0,ก.,"เอาลง เช่น ปลงหม้อข้าว, ปล่อยหรือเปลื้องให้พ้นไป (ในลักษณะที่รู้สึกว่าหนักอยู่) เช่น ปลงหาบ"
ปลง 1,ก.,เมื่อใช้ประกอบกับคำอื่น มีความหมายต่าง ๆ.
ปล่ง 0,ว.,"ปลอด, ตลอด, จะแจ้ง, เป็นทางไป, กระจ่าง, โปร่ง."
ปลงกรรมฐาน 0,ก.,พิจารณากรรมฐาน.
ปลงใจ 0,ก.,ตกลงใจ.
ปลงช้าง 0,ก.,ปลดเปลื้องของหนักบนหลังช้างแล้วปล่อยให้พัก.
ปลงชีวิต 0,ก.,ฆ่า.
ปลงตก 0,ก.,พิจารณาจนเห็นจริงแล้วปล่อยไปตามสภาพ.
ปลงธรรมสังเวช 0,ก.,เกิดความสังเวชโดยธรรมเมื่อเห็นความแตกดับของสังขาร (ใช้แก่พระอริยบุคคล).
ปลงธุระ 0,ก.,"ทอดธุระ, วางธุระ."
ปลงบริขาร 0,ก.,มอบบริขารให้แก่ผู้อื่นในเวลาใกล้จะตาย (ใช้แก่บรรพชิต).
ปลงผม 0,ก.,โกนผม (ใช้แก่บรรพชิต).
ปลงศพ 0,ก.,"เผาผี, จัดการเผาหรือฝังศพให้เสร็จสิ้นไป."
ปลงสังขาร 0,ก.,พิจารณาเห็นว่าเราจะต้องตายเป็นแน่แท้.
ปลงสังเวช 0,ก.,พิจารณาเห็นเป็นเรื่องน่าสลดใจหรือน่าสมเพช.
ปลงอนิจจัง 0,ก.,รู้สึกสังเวชใจว่าไม่น่าจะเป็นถึงเช่นนั้น.
ปลงอาบัติ 0,ก.,แสดงความผิดของตนเพื่อเปลื้องโทษทางวินัย (ใช้แก่พระภิกษุ).
ปลงอายุสังขาร 0,ก.,บอกกำหนดวันสิ้นสุดแห่งอายุ (ใช้แก่พระพุทธเจ้า).
ปลด 0,ก.,เอาออก (ใช้แก่สิ่งที่เกี่ยวอยู่ แขวนอยู่ คล้องอยู่ หรือขัดอยู่ เป็นต้น) เช่น ปลดม่านที่แขวนอยู่ ปลดห่วงที่เกี่ยวอยู่ ปลดลูกดุมที่ขัดอยู่
ปลด 1,ก.,โดยปริยายหมายความว่า ทำให้พ้นจากข้อผูกพันหรือพ้นจากตำแหน่งหน้าที่ เช่น ปลดหนี้ ปลดออกจากราชการ.
ปลดเกษียณ 0,ก.,ให้ออกจากราชการหรืองานเพราะเหตุสูงอายุ.
ปลดเกษียณอายุ 0,ก.,ให้ออกจากราชการหรืองานเพราะเหตุสูงอายุ.
ปลดทุกข์ 0,ก.,ทำให้หมดทุกข์
ปลดทุกข์ 1,ก.,"เยี่ยว, ขี้."
ปลดปลง 0,ก.,ตาย.
ปลดปล่อย 0,ก.,"ปล่อยจากที่คุมขังหรือการผูกมัด, ให้เสรีภาพ."
ปลดเปลื้อง 0,ก.,"ทำให้หลุดพ้นเพื่อแบ่งเบาหรือให้หมดไป, เปลื้อง ก็ว่า."
ปลดระวาง 0,ก.,"ปลดจากตำแหน่ง, ปลดจากทำเนียบ, ปลดจากประจำการ"
ปลดระวาง 1,ก.,โดยปริยายหมายความว่า หมดหน้าที่.
ปลดหนี้ 0,ก.,การที่เจ้าหนี้ยกหนี้ให้แก่ลูกหนี้ อันเป็นเหตุให้หนี้นั้นเป็นอันระงับสิ้นไป.
ปลดออก 0,น.,โทษทางวินัยสถานหนึ่ง ที่ใช้ลงแก่ข้าราชการผู้กระทำผิดวินัยอย่างร้ายแรง ซึ่งมีผลให้ข้าราชการผู้นั้นออกจากราชการ แต่ยังมีสิทธิได้รับบำเหน็จบำนาญเสมือนว่าผู้นั้นลาออก.
ปลดอาวุธ 0,ก.,บังคับให้วางศัสตราวุธเพื่อไม่ให้ใช้ต่อสู้.
ปลดแอก 0,ก.,"ทำให้พ้นจากอำนาจหรือการกดขี่, ทำให้เป็นอิสระ."
ปล้น 0,ก.,ใช้กำลังลอบมาหักโหมแย่งชิงเอาโดยไม่รู้ตัว.
ปล้นทรัพย์ 0,ก.,เป็นฐานความผิดอาญา ที่ผู้ชิงทรัพย์ร่วมกันกระทำความผิดตั้งแต่ ๓ คนขึ้นไป เรียกว่า ความผิดฐานปล้นทรัพย์.
ปล้นบ้านปล้นเมือง 0,ก.,โกงกินทรัพย์สมบัติของชาติ.
ปล้นสวาท 0,ก.,ข่มขืนกระทำชำเรา.
ปล้นสะดม 0,ก.,ปล้นโดยใช้วิธีรมยาให้เจ้าของทรัพย์หลับสนิทไม่รู้สึกตัว.
ปลวก 0,น.,ชื่อแมลงหลายชนิดหลายวงศ์ ในอันดับ Isoptera รูปร่างคล้ายมด แต่ส่วนท้องกับอกมีขนาดไล่เลี่ยกัน หนวดมีลักษณะเป็นปล้องกลมคล้ายลูกปัด ไม่หักงอเป็นข้อศอกเหมือนมด ส่วนใหญ่ตัวสีขาวหรือครีม ไม่ชอบแสง อาศัยทำรังรวมกันอยู่เป็นกลุ่มใหญ่บนพื้น รังที่มีขนาดใหญ่มียอดแหลมเรียก จอมปลวก บางชนิดอาศัยทำรังรวมกันอยู่ใต้ดิน มักเอาดินมาสร้างคลุมทางเดิน บางชนิดทำลายไม้ ต้นไม้ ฯลฯ.
ปลวังค- 0,น.,ลิง เช่น ปลวังค-สังวัจฉร.
ปลอก 0,น.,"สิ่งที่ทำเป็นวงสำหรับสวมหรือรัดของต่าง ๆ, เครื่องที่ทำสำหรับสวมสิ่งของต่าง ๆ เช่น ปลอกมีด ปลอกหมอน."
ปลอกกระสุน 0,น.,ส่วนของกระสุนปืนที่บรรจุดินปืนและลูกตะกั่ว.
ปลอกคอ 0,น.,สายรัดรอบคอ (มักใช้แก่หมา)
ปลอกคอ 1,น.,โดยปริยายหมายถึง ผู้มีอำนาจที่คอยให้ความคุ้มครองหรือช่วยเหลือ.
ปลอกนิ้ว 0,น.,"สนับนิ้วมือ, ปลอกมือ ก็ว่า."
ปลอกมีด 0,น.,เรียกแหวนทองเกลี้ยง ๆ มีลักษณะคล้ายปลอกมีด ว่า แหวนปลอกมีด.
ปลอกมือ 0,น.,"สนับนิ้วมือ, ปลอกนิ้ว ก็ว่า."
ปล่อง 0,น.,"ช่องหรือรูที่ทะลุขึ้นจากพื้นดิน เช่น ปล่องงู ปล่องหนู, สิ่งที่เป็นช่องกลวงคล้ายท่อตั้งตรงขึ้นไปสำหรับควันขึ้นหรือรับลม, ช่องที่ทะลุขึ้นจากถํ้า."
ปล้อง 0,น.,"ช่วงระยะระหว่างข้อของไม้ไผ่หรืออ้อย ฯลฯ, โดยปริยายใช้เรียกสิ่งที่มีลักษณะคล้ายคลึงเช่นนั้น เช่น คอปล้อง คือ คอที่มีริ้วรอยเห็นเป็นปล้อง ๆ."
ปล้อง 1,น.,ชื่อหญ้าชนิด Hymenachne amplexicaule (Rudge) Nees ในวงศ์ Gramineae ชอบขึ้นในที่ชื้นแฉะ ต้นเป็นข้อ ๆ มีไส้ในระหว่างข้อเป็นปุยขาว.
ปล้อง 2,น.,มะเดื่อปล้อง. (ดู มะเดื่อ).
ปล้องขน 0,น.,หญ้าปล้องขน. (ดู ขน ๓).
ปล้องฉนวน 0,น.,ชื่องูขนาดกลางหลายชนิด ในวงศ์ Colubridae ลำตัวเล็กเรียว ยาว ๔๐-๑๑๐ เซนติเมตร มักมีลายเป็นปล้องสีนํ้าตาลหรือดำสลับขาว หากินตามพื้นดินในเวลากลางคืน กินสัตว์เลื้อยคลานขนาดเล็ก เช่น จิ้งจก กิ้งก่า เป็นงูไม่มีพิษ มีหลายชนิด เช่น ปล้องฉนวนหลังเหลือง [ Lycodon laoensis (Günther)] ปล้องฉนวนบ้าน ( L. subcinctus Boie) ปล้องฉนวนอินเดีย [ Dryocalamus davisonii (Blandford)].
ปล้องไฉน 0,น.,ส่วนหนึ่งของพระเจดีย์ต่อบัวกลุ่มขึ้นไป.
ปล้องทอง 0,น.,ชื่องูขนาดกลางชนิด Boiga dendrophila (Boie) ในวงศ์ Colubridae ตัวโต ยาวประมาณ ๑.๗ เมตร สีดำตลอดตัวมีลายสีเหลืองพาดขวางเป็นปล้อง ๆ อาศัยตามป่าโกงกางทางภาคใต้ของประเทศไทย หากินตามพื้นดินและบนต้นไม้ กินนก หนู ตุ๊กแก มีพิษอ่อน.
ปล้องอ้อย 0,น.,ชื่อปลานํ้าจืดขนาดเล็กชนิด Acanthopthalmus kuhlii (Valenciennes) ในวงศ์ Cobitidae ลำตัวยาว แบนข้าง ท้องมน คอดหางกว้าง หัวเล็กปลายทู่ ปากเล็กอยู่ตํ่า ตาเล็ก มีกระดูกเป็นหนามอยู่ใต้ตา เกล็ดเล็กมาก ครีบหลังและครีบก้นอยู่ค่อนไปทางหาง พื้นลำตัวสีเหลืองอ่อนหรือส้ม มีแถบกว้างสีดำหรือนํ้าตาลเข้มพาดขวางเป็นปล้อง ๆ โดยตลอด พบอาศัยอยู่ตามพื้นท้องนํ้าที่เป็นกรวดเป็นทรายตามลำธารเขตภูเขา เคลื่อนไหวรวดเร็วคล้ายงูเลื้อย กินสาหร่ายและเศษซาก ขนาดยาวเพียงไม่เกิน ๘ เซนติเมตร.
ปลอด 0,ก.,"พ้นจาก, ปราศจาก, เช่น ปลอดคน ปลอดภัย"
ปลอด 1,ก.,"ล้วน, แท้ ๆ, เช่น ขาวปลอด ดำปลอด."
ปลอดทหาร 0,น.,เรียกดินแดนหรือเขตที่ไม่มีที่ตั้งกองทหารตามสนธิสัญญาหรือข้อตกลง ว่า เขตปลอดทหาร.
ปลอดโปร่ง 0,ว.,ผ่องใสปราศจากความขุ่นมัว.
ปลอดภัย 0,ก.,พ้นภัย.
ปล้อน 0,ก.,"ปลิ้นเปลือกหรือเมล็ดในผลไม้ออกจากปาก เช่น ปล้อนเมล็ดลำไย ปล้อนเมล็ดน้อยหน่า, ลอกเปลือกผลไม้ออก เช่น ปล้อนมะพร้าว, มักใช้เข้าคู่กับคำ ปลิ้น เป็น ปล้อนปลิ้น หรือ ปลิ้นปล้อน มีความหมายอย่างปล้อน"
ปล้อน 1,ก.,โดยปริยายหมายความว่า ใช้อุบายล่อลวงเพื่อให้สำเร็จประโยชน์ตน.
ปลอบ 0,ก.,พูดเอาอกเอาใจให้คลายอารมณ์ขุ่นหมอง.
ปลอบขวัญ 0,ก.,ปลอบโยนหรือบำรุงขวัญให้มีกำลังใจ.
ปลอบโยน 0,ก.,พูดเอาอกเอาใจให้คลายอารมณ์ขุ่นหมอง.
ปลอม 0,ก.,ทำให้เหมือนคนอื่นหรือสิ่งอื่น เพื่อให้หลงผิดว่าเป็นคนนั้นหรือสิ่งนั้น เช่น ปลอมตัว.
ปลอม 1,ว.,ไม่แท้หรือไม่จริงตามสภาพของสิ่งนั้น เช่น ฟันปลอม ผมปลอม.
ปลอมปน 0,ก.,เอาของเลวไปผสมกับของดีเพื่อให้เข้าใจว่าเป็นของดี.
ปลอมแปลง 0,ก.,ทำเลียนแบบให้ดูเหมือนของจริง.
ปล่อย 0,ก.,ทำให้ออกจากสิ่งที่ติดอยู่ ผูกอยู่ หรือข้องอยู่ เป็นต้น เช่น ปล่อยนักโทษ ปล่อยนก
ปล่อย 1,ก.,ยอมให้ เช่น ปล่อยให้เข้ามา
ปล่อย 2,ก.,ละเลย เช่น ปล่อยให้บ้านรกรุงรัง ปล่อยให้นํ้าล้น
ปล่อย 3,ก.,โดยปริยายหมายถึง ขาย เช่น ที่ที่ซื้อไว้ปล่อยไปแล้วราคา ๕ ล้านบาท.
ปล่อยเกาะ 0,ก.,เนรเทศให้ไปอยู่เกาะ
ปล่อยเกาะ 1,ก.,โดยปริยายหมายความว่า ไม่เอาเป็นธุระ.
ปล่อยแก่ 0,ก.,ถือว่าแก่แล้วไม่เอาธุระในการแต่งตัว
ปล่อยแก่ 1,ก.,ทำเป็นหนุ่ม.
ปล่อยไก่ 0,ก.,แสดงความโง่ออกมา.
ปล่อยของ 0,ก.,ทำพิธีทางไสยศาสตร์ให้ของไปทำร้ายผู้อื่น เช่น เสกหนังควายเข้าท้องศัตรู.
ปล่อยใจ 0,ก.,"เคลิบเคลิ้ม, คิดฝันไป, เช่น ปล่อยใจไปตามอารมณ์."
ปล่อยชั่วคราว 0,ก.,ปล่อยผู้ต้องหาหรือจำเลยจากการควบคุมหรือขังชั่วระยะเวลาหนึ่งในระหว่างการสอบสวนหรือระหว่างการพิจารณาของศาล โดยไม่มีประกัน มีประกัน หรือมีประกันและหลักประกัน.
ปล่อยตัว 0,ก.,ไม่เอาธุระในการแต่งตัว
ปล่อยตัว 1,ก.,ไม่สงวนตัว
ปล่อยตัว 2,ก.,ปล่อยเนื้อปล่อยตัว ก็ว่า
ปล่อยตัว 3,ก.,ให้ตัวละครออกแสดงตามวาระ.
ปล่อยตัวปล่อยใจ 0,ว.,ใจแตก.
ปล่อยนกปล่อยกา 0,ก.,"ปล่อยให้เป็นอิสระ, ไม่เอาผิด, ปล่อยให้พ้นจากความผูกพัน, ปล่อยลูกนกลูกกา ก็ว่า."
ปล่อยเนื้อปล่อยตัว 0,ก.,ไม่เอาธุระในการแต่งตัว
ปล่อยเนื้อปล่อยตัว 1,ก.,ไม่สงวนตัว
ปล่อยเนื้อปล่อยตัว 2,ก.,ปล่อยตัว ก็ว่า.
ปล่อยปละละเลย 0,ก.,"ไม่เอาใจใส่, ทอดทิ้ง."
ปล่อยปลาลงน้ำ 0,ก.,"ปล่อยศัตรูไปแล้วเขาจะไม่นึกถึงบุญคุณ, มักใช้เข้าคู่กับ ปล่อยเสือเข้าป่า เป็น ปล่อยเสือเข้าป่า ปล่อยปลาลงนํ้า."
ปล่อยปลิง 0,ก.,เอาปลิงมาวางไว้ตรงที่ที่ต้องการให้ดูดเลือดเสียออก.
ปล่อยมือ 0,ก.,"วางมือ, ไม่เอาเป็นธุระ."
ปล่อยลูกนกลูกกา 0,ก.,"ปล่อยให้เป็นอิสระ, ไม่เอาผิด, ปล่อยให้พ้นจากความผูกพัน, ปล่อยนกปล่อยกา ก็ว่า."
ปล่อยเสือเข้าป่า 0,ก.,"ปล่อยศัตรูไปอาจกลับมาทำร้ายภายหลังอีก, มักใช้เข้าคู่กับ ปล่อยปลาลงนํ้า เป็น ปล่อยเสือเข้าป่า ปล่อยปลาลงนํ้า."
ปละ 0,น.,"ชื่อมาตรานํ้าหนักมคธ ๑๐๐ ปละ เป็น ๑ ตุลา, ๒๐ ตุลา เป็น ๑ ภาระ."
ปละ 1,ก.,"ปล่อย, ละทิ้ง, ละเลย, มักใช้เข้าคู่กับคำ ปล่อย เป็น ปล่อยปละ."
ปละ 2,ว.,เรียกควายที่เจ้าของปล่อยให้เที่ยวไปตามลำพังว่า ควายปละ.
ปลัก 0,น.,แอ่งที่เป็นโคลนเลน เช่น ปลักควาย.
ปลั๊ก 0,น.,"อุปกรณ์ไฟฟ้ามีขาโลหะ ๒ ขา (บางแบบมี ๓ ขา) ปลายข้างหนึ่งของแต่ละขาตรึงอยู่กับวัตถุหุ้ม ซึ่งเป็นฉนวนไฟฟ้า ใช้เสียบเข้ากับเต้ารับเพื่อให้กระแสไฟฟ้าเคลื่อนที่ผ่านเข้าสู่เครื่องใช้ไฟฟ้าได้ครบวงจร, เต้าเสียบ ก็เรียก."
ปลั๊กไฟ 0,น.,"อุปกรณ์ไฟฟ้ามีขาโลหะ ๒ ขา (บางแบบมี ๓ ขา) ปลายข้างหนึ่งของแต่ละขาตรึงอยู่กับวัตถุหุ้ม ซึ่งเป็นฉนวนไฟฟ้า ใช้เสียบเข้ากับเต้ารับเพื่อให้กระแสไฟฟ้าเคลื่อนที่ผ่านเข้าสู่เครื่องใช้ไฟฟ้าได้ครบวงจร, เต้าเสียบ ก็เรียก."
ปลัง 0,น.,"ชื่อไม้เถาชนิด Basella rubra L. ในวงศ์ Basellaceae ใบอวบนํ้า เถาและใบสีเขียวอ่อนหรือแดง มียางเป็นเมือก ผลสุกสีม่วงดำ ยอดและดอกอ่อนกินได้และใช้ทำยาได้, ผักปลัง ก็เรียก, พายัพเรียก ปั๋ง."
ปลั่ง 0,ว.,"ผ่องใส, มีนํ้านวล, มักใช้เข้าคู่กับคำ เปล่ง เป็น เปล่งปลั่ง."
ปลัด 0,น.,ผู้มีตำแหน่งหน้าที่รองจากผู้ที่มีตำแหน่งหน้าที่เหนือตนโดยตรง เช่น ปลัดกระทรวง ปลัดจังหวัด
ปลัด 1,น.,ตำแหน่งพระฐานานุกรมเหนือสมุห์.
ปลัดขิก 0,น.,"ไม้เหลาอย่างรูปของลับชายขนาดต่าง ๆ ใช้เป็นของแก้บนตามศาลเจ้าแม่, ขุนเพ็ด ทองระอา หรือ ดอกไม้เจ้า ก็เรียก."
ปลา 0,น.,ชื่อสัตว์น้ำเลือดเย็นมีกระดูกสันหลัง ร่างกายแบ่งเป็นส่วนหัว ลำตัว และหาง หายใจด้วยเหงือกยกเว้นปลาปอด มีครีบใช้ช่วยในการเคลื่อนไหวและทรงตัว บางชนิดมีเกล็ด บางชนิดไม่มี รูปร่างลักษณะ ขนาด และพฤติกรรมแตกต่างกันมากมาย กินทั้งพืชและสัตว์ พบในแหล่งนํ้าทั่วไป.
ปลา 1,น.,ชื่องูน้ำหลายชนิดในสกุล Enhydris และ Homalopsis วงศ์ Colubridae กินปลา เช่น สายรุ้ง [ E. enhydris (Schneider)] ปากกว้าง [ H. buccata (Linn.)].
ปลาก 0,น.,"ที่, ฝ่าย, ข้าง."
ปลากริม 0,น.,ชื่อขนมชนิดหนึ่ง ทำด้วยแป้งต้ม ใส่กะทิและนํ้าตาล.
ปลาเกลือ 0,น.,"ปลาเคล้าเกลือแล้วตากแห้ง, ปลาเค็ม ก็ว่า."
ปลาข้องเดียวกัน 0,น.,คนที่อยู่ร่วมกันหรือเป็นพวกเดียวกัน.
ปลาเค็ม 0,น.,ปลาเกลือ.
ปลาเงินปลาทอง 0,น.,ชื่อปลานํ้าจืดชนิด Carassius auratus (Linn.) ในวงศ์ Cyprinidae ซึ่งมีประวัติการคัดเลือกพันธุ์มานานจนมีลักษณะรูปร่างหลากหลายเพื่อเลี้ยงเป็นปลาสวยงาม เกล็ดทั่วลำตัวมักมีสีเงินหรือทอง แต่ก็อาจเป็นสีดำหรือด่าง ตัวที่มีสีเหลืองหรือแดงส้ม เรียก ปลาทอง กินทั้งพืชและสัตว์รวมทั้งอาหารสำเร็จรูป ขนาดยาวได้ถึง ๓๐ เซนติเมตร.
ปลาจ่อม 0,น.,ปลาเล็ก ๆ ที่หมักด้วยเกลือและข้าวคั่วเป็นต้น ใช้เป็นเครื่องจิ้ม.
ปลาจีน 0,น.,ชื่อปลานํ้าจืดขนาดใหญ่หลายชนิดในวงศ์ Cyprinidae มีประวัติว่าชาวจีนได้นำเข้ามาเลี้ยงจากประเทศจีนเพื่อใช้เป็นอาหาร เช่น เฉาฮื้อหรือปลาเฉา [ Ctenopharyngodon idellus (Cuvier)] เล่งฮื้อหรือปลาเล่ง [ Hypophthalmichthys molitrix (Cuvier)] ซ่งฮื้อหรือปลาซ่ง ( H. nobilisRichardson) ทั้งยังอาจหมายถึงปลาหลีฮื้อหรือปลาไน [ Cyprinus carpio (Linn.)] ด้วย.
ปลาเจ่า 0,น.,ปลาที่หมักด้วยเกลือและข้าวหมากเป็นต้น ใช้เป็นเครื่องจิ้ม.
ปลาชา 0,น.,ปลาที่เพิ่งจะตายไปเอง.
ปลาดาว 0,น.,"ชื่อสัตว์ทะเลไม่มีกระดูกสันหลังหลายชนิด ในชั้น Asteroidea ลำตัวแบนลักษณะค่อนข้างกลม มีแขนยื่นออกรอบตัว ๕ แขน คล้ายดาว ยกเว้นบางชนิด มี ๗-๑๔ แขน หลังเป็นหนามขรุขระ, ปลาดาว ก็เรียก."
ปลาดำปลาแดง 0,น.,"เครื่องเล่นการพนันอย่างหนึ่ง ใช้ไม้ ๓ อัน ทาสีดำ สีแดง และสีขาว เจ้ามือกำไม้ทั้ง ๓ อันไว้ แล้วใช้ความไวปัดไม้อันหนึ่งลงในกล่อง ให้ลูกค้าแทงสี ถ้าแทงผิดเจ้ามือกิน, ไม้ดำไม้แดง หรือ อีดำอีแดง ก็เรียก."
ปลาแดก 0,น.,ปลาร้า.
ปลาแดง 0,น.,"ชื่อปลานํ้าจืดไม่มีเกล็ด พวกปลาเนื้ออ่อน ชนิด Phalacronotus bleekeri (Günther)หรือ Micronema bleekeri (Günther) ปากเชิดขึ้น มีหนวด ๒ คู่ หนวดที่ขากรรไกรบนยาวไม่ถึงขอบแผ่นปิดเหงือก หนวดที่ขากรรไกรล่างสั้นมากคล้ายปลาน้ำเงิน แต่มีกลุ่มฟันที่กระดูกฐานจมูกเรียงเป็นแถบมีมุมแหลมคล้ายหัวลูกศร ลำตัวมีสีเงินอมแดงหรือชมพู ไม่มีครีบหลัง ครีบก้นใสไม่มีสี อาศัยอยู่ตามแม่น้ำลำคลองหรือแหล่งน้ำนิ่งขนาดใหญ่ที่มีความเป็นธรรมชาติ กินสัตว์อื่น, เนื้ออ่อน นาง ชะโอน หรือ เกด ก็เรียก."
ปลาต 0,ก.,หนีไป.
ปลาตกน้ำตัวโต 0,น.,สิ่งที่เสียหรือสูญหายไปมักดูมีค่ามากเกินความเป็นจริง.
ปลาตะเพียน 0,น.,"ชื่อหนึ่งของดาวฤกษ์โรหิณี มี ๗ ดวง, ดาวพราหมี หรือ ดาวคางหมู ก็เรียก"
ปลาตะเพียน 1,น.,"ชื่อหนึ่งของดาวฤกษ์เรวดี มี ๑๖ ดวง, ดาวนาง ก็เรียก"
ปลาตะเพียน 2,น.,เครื่องแขวนเหนือเปลให้เด็กดูทำด้วยใบตาลเป็นต้น.
ปลาติดหลังแห 0,น.,"คนที่พลอยได้รับเคราะห์กรรมร่วมกับผู้อื่น ทั้ง ๆ ที่ไม่ได้มีส่วนพัวพันด้วย, ปลาติดร่างแห ก็ว่า."
ปลาตู้ 0,น.,ปลาที่เลี้ยงไว้ดูเล่นในตู้กระจก มักเป็นปลาที่มีรูปร่างสวยงามมีสีสันต่าง ๆ.
ปลาทอง 0,น.,ชื่อเพลงไทย อัตรา ๓ ชั้น
ปลาทอง 1,น.,ชื่อเพลงไทยประเภทเพลงเถา.
ปลาทอง 2,น.,ชื่อปลานํ้าจืดชนิด Carassius auratus (Linn.) ในวงศ์ Cyprinidae เกล็ดสีเหลืองหรือสีแดงส้ม เลี้ยงเป็นปลาสวยงาม. (ดู ปลาเงินปลาทอง).
ปลาแนม 0,น.,ชื่อของกินอย่างหนึ่ง ปรุงด้วยข้าวตากคั่วป่น เนื้อปลา หนังหมู เป็นต้น.
ปลาบ 0,ว.,"อาการที่รู้สึกแล่นวาบเข้าหัวใจ เช่น เจ็บปลาบ เสียวปลาบ, โดยปริยายใช้เรียกโรคที่มีอาการเช่นนั้น."
ปลาบ 1,น.,"ชื่อไม้ล้มลุกหลายชนิดหลายสกุลในวงศ์ Commelinaceae เช่น ชนิด Commelina benghalensis L. ดอกสีฟ้า, ชนิด Cyanotis axillaris Roem. et Schult. ดอกสีม่วง, ผักปลาบนา ก็เรียก, ชนิด Murdannia nudiflora (L.) Brenan ดอกสีม่วงอ่อน, กินกุ้งน้อย ก็เรียก."
ปลาบปลื้ม 0,ก.,มีความรู้สึกยินดีแล่นวาบเข้าในใจ.
ปลาบิน 0,น.,"ชื่อปลาทะเลในสกุล Parexocoetus และ Cypselurus วงศ์ Exocoetidae ปากอยู่ปลายสุดของหัว เชิดขึ้นเล็กน้อย ตาโต หัวและด้านหลังแบนลงเล็กน้อยเป็นเหลี่ยมด้านท้องเกือบกลม ครีบหลังและครีบก้นอยู่ค่อนไปทางหางซึ่งเป็นแฉกลึกโดยแฉกล่างยาวกว่าแฉกบน ครีบอกใหญ่ใช้ร่อนถลาไปเหนือผิวนํ้าคล้ายปีก ลำตัวยาวเพรียว ส่วนบนลำตัวสีเขียวหรือนํ้าเงิน ข้างท้องสีขาวเงิน อาศัยอยู่บริเวณผิวนํ้า ขนาดยาว ๑๐-๓๐ เซนติเมตร, ปลาบิน ก็เรียก."
ปลาฝา 0,น.,"ชื่อเต่านํ้าจืดกระดองอ่อนหลายชนิดหลายสกุล ในวงศ์ Trionychidae กระดองไม่มีเกล็ดเป็นแผ่นหนังอ่อนนิ่มมีเชิงแผ่กว้าง หลายชนิดมีจมูกยื่นยาว บางชนิดจมูกสั้น ตีนเป็นแผ่นแบนคล้ายพาย ชนิดที่พบมาก ได้แก่ ตะพาบสวน [ Amyda cartilageneus (Boddaert)] ชนิดที่พบน้อย ได้แก่ ม่านลาย ( Chitra chitra Nutphand), กริว กราว หรือ ปลาฝา ก็เรียก, ปักษ์ใต้ เรียก จมูกหลอด."
ปลาม้ำ 0,น.,ปลาร้าญวน ทำด้วยปลาดิบหมักเกลือ ใส่ข้าวคั่ว ใช้เป็นเครื่องจิ้ม.
ปลาย 0,น.,"ตอนยอด, ตอนที่สุด."
ปลายข้าว 0,น.,ข้าวสารที่เมล็ดแตกหรือแหลก.
ปลายเชือก 0,น.,"ตำแหน่งมหาดเล็กชั้นหุ้มแพร ทำหน้าที่กำกับท้ายขบวนเสด็จพระราชดำเนิน, คู่กับ ต้นเชือก."
ปลายตีน 0,น.,"ด้านปลายเท้าของผู้นอน, ตรงข้ามกับ หัวนอน."
ปลายแถว 0,น.,"คนที่อยู่ท้ายแถว, โดยปริยายหมายถึง ผู้น้อย, ผู้ที่มีความสำคัญน้อย, หางแถว ก็ว่า."
ปลายทาง 0,น.,สุดทาง.
ปลายนาการ 0,ก.,หนีไป.
ปลายน้ำ 0,น.,สุดลำนํ้า.
ปลายมือ 0,น.,บั้นปลายของชีวิต.
ปลายมือ 1,ว.,ในที่สุด.
ปลายอ้อปลายแขม 0,ว.,"ที่ยังอยู่ที่ไหนก็ไม่รู้, ที่ยังอยู่ห่างไกล."
ปลาร้า 0,น.,ปลาหมักเกลือ ใส่ข้าวคั่ว ใช้เป็นเครื่องจิ้ม.
ปลาโลมา 0,น.,"ชื่อสัตว์เลี้ยงลูกด้วยนมในอันดับ Cetacea อันดับย่อย Odontoceti มีหลายชนิด หลายวงศ์ ลำตัวใหญ่ บางชนิดปลายจะงอยปากยื่นแหลม บางชนิดหัวกลมมน มีฟัน หางแบนเพื่อช่วยในการพุ้ยน้ำ มักมีครีบหลัง ๑ ครีบ หายใจด้วยปอด อาศัยอยู่ในทะเล เช่น โลมาขาวเทา [Sotalia plumbea (Cuvier)] ในวงศ์ Stenidae โลมาหัวขวด (Delphinus delphis Linn.) โลมาอิระวดี [Orcaella brevirostris (Gray)] อาศัยอยู่ได้ในน้ำจืด เช่น ทะเลสาบในจังหวัดพัทลุง และแม่น้ำโขง ทั้ง ๒ ชนิดอยู่ในวงศ์ Delphinidae โลมาหัวบาตร [Neophocaena phocaenoides (Cuvier)] ในวงศ์ Phocaenidae, ปลาโลมา ก็เรียก."
ปลาวาฬ 0,น.,"ชื่อสัตว์เลี้ยงลูกด้วยนมในอันดับ Cetacea อันดับย่อย Odontoceti และ Mysticeti มีหลายชนิดในหลายวงศ์ ขนาดใหญ่มาก หัวมนใหญ่ หางแบนเพื่อช่วยในการพุ้ยน้ำ สามารถพ่นอากาศที่มีไอน้ำออกทางจมูกได้เวลาโผล่ขึ้นมาหายใจ เช่น วาฬสีน้ำเงิน [Balaenoptera musculus (Linn.)] ซึ่งเป็นสัตว์เลี้ยงลูกด้วยนมที่มีขนาดใหญ่ที่สุดในโลก เคยพบในน่านน้ำไทย, วาฬแกลบครีบดำ (B. borealis Lesson) และ วาฬแกลบครีบขาวดำ (B. acutorostrata Lacepède) ในวงศ์ Balaenopteridae, วาฬหัวทุย (Physeter macrocephalus Linn.) ในวงศ์ Physeteridae, ปลาวาฬ ก็เรียก."
ปลาสเตอร์ 0,น.,ผ้ายางปิดแผล
ปลาสเตอร์ 1,น.,ผงสีขาวคล้ายปูนขาวได้จากการเผายิปซัมให้ร้อนถึง ๑๒๐ °-๑๓๐ °ซ. เมื่อนำไปผสมกับนํ้าแล้วทิ้งไว้จะแข็งตัวได้เร็วมาก ใช้ประโยชน์ในการนำไปทำแม่พิมพ์ รูปปั้น เป็นต้น หรือพอกอวัยวะไม่ให้เคลื่อนไหวในการรักษากระดูกหัก.
ปลาสนาการ 0,ก.,หนีไป.
ปลาส้ม 0,น.,ปลาหมักด้วยเกลือ ข้าวสุก พริกไทย กระเทียม.
ปลาหน้าดิน 0,น.,ปลาที่อาศัยอยู่ตามพื้นท้องทะเล เช่น ปลาเห็ดโคน ปลาเก๋า.
ปลาหมอตายเพราะปาก 0,น.,คนที่พูดพล่อยจนได้รับอันตราย.
ปลาหมอแถกเหงือก 0,ก.,กระเสือกกระสนดิ้นรน.
ปลาหมึก 0,น.,"ชื่อสัตว์ทะเลที่ไม่ใช่ปลา ไม่มีกระดูกสันหลัง ชั้น Cephalopoda ไฟลัม Mollurea มีอวัยวะที่เรียกกันว่า หนวดหรือแขน อยู่รอบปาก ใช้พยุงตัวและจับเหยื่อ มีถุงบรรจุน้ำสีดำคล้ายหมึกสำหรับปล่อยลงน้ำเพื่อพรางตัว มีหลายชนิด เช่น หมึกกระดองลายเสือ (Sepia pharaonisEhrenberg) ในวงศ์ Sepiidae หมึกกล้วย [Photololigo duvaucelii (d’ Orbigny)] ในวงศ์ Loliginidae, ปลาหมึก ก็เรียก."
ปลาหาง 0,น.,คำสุภาพใช้เรียกปลาช่อน เมื่อสดเรียกปลาหางสด เมื่อแห้งเรียกปลาหางแห้ง.
ปลาเห็ด 0,น.,ทอดมันปลา.
ปลาใหญ่กินปลาเล็ก 0,น.,ประเทศหรือคนที่มีอำนาจหรือผู้ใหญ่ที่กดขี่ข่มเหงผู้อ่อนแอหรือผู้น้อย.
ปลาไหลเผือก 0,น.,ชื่อไม้ต้นขนาดเล็กชนิด Eurycoma longifolia Jack ในวงศ์ Simaroubaceae รากใช้ทำยาได้.
ปล้ำ 0,ก.,"ใช้แขนกอดรัดจับกุมเพื่อจะให้อีกฝ่ายหนึ่งล้ม หรือให้อยู่ในอำนาจที่จะทำได้ตามใจตน, โดยปริยายหมายความว่า พยายามทำกิจการอย่างเต็มกำลัง, ปลุกปลํ้า ก็ว่า."
ปล้ำปลุก 0,ก.,"ใช้แขนกอดรัดจับกุมเพื่อจะให้อีกฝ่ายหนึ่งล้ม หรือให้อยู่ในอำนาจที่จะทำได้ตามใจตน, โดยปริยายหมายความว่า พยายามทำกิจการอย่างเต็มกำลัง, ปลุกปลํ้า ก็ว่า."
ปล้ำผีลุกปลุกผีนั่ง 0,ก.,พยายามทำให้มีเรื่องมีราวขึ้นมา.
ปลิง 0,น.,"ชื่อสัตว์ไม่มีกระดูกสันหลังหลายชนิด ในชั้น Hirudinea ลำตัวกลมยาว ยืดหดได้ เกาะคนหรือสัตว์เลือดอุ่นเพื่อดูดกินเลือด ส่วนใหญ่อาศัยอยู่ในน้ำจืด เช่น ปลิงควาย ( Hirudo medicinalisLinn.), ปลิงเข็ม[ Hirudinaria manillensis (Lesson)]."
ปลิง 1,น.,ชื่องูนํ้าจืดขนาดเล็กชนิด Enhydris plumbea (Boie) ในวงศ์ Colubridae ตัวยาวประมาณ ๔๐ เซนติเมตร หัวมน ลำตัวสีเขียวอมเทา ท้องขาว สามารถดีดตัว แทนการเลื้อยไปได้ในระยะสั้น ๆ มีพิษอ่อนมาก.
ปลิง 2,น.,"เหล็กปลายแหลม ๒ ข้าง รูปคล้ายตัว U หรือเขี้ยวของตะขาบ สำหรับตอกเพลาะกระดานยึดให้แน่นสนิท, เขี้ยวตะขาบ ตะปลิง หรือ ตัวปลิง ก็เรียก."
ปลิง 3,น.,"ขั้วผลไม้ติดต่อกับก้าน โดยมากเป็นขั้วทุเรียนที่หลุดจากกันได้, ปากปลิง ก็เรียก."
ปลิงทะเล 0,น.,ชื่อสัตว์ไม่มีกระดูกสันหลังในชั้น Holothuroidea ลำตัวรูปทรงกระบอกยืดหดได้ หัวท้ายมนกลม อาศัยอยู่ในทะเล บางชนิดรับประทานได้ เช่น ปลิงขาว ( Holothuria scabra Jaeger) ปลิงดำ ( H. atra Jaeger) ในวงศ์ Holothuriidae.
ปลิงบก 0,น.,"ชื่อสัตว์ไม่มีกระดูกสันหลังพวกปลิง ในชั้น Hirudinea ลำตัวกลมยาวเป็นปล้อง ยืดหดได้มาก อาศัยบนบก ตามป่า ต่อมน้ำลายสร้างสารฮิรูดิน (hirudin) เมื่อดูดกินเลือดสัตว์เลือดอุ่นทำให้เลือดไม่แข็งตัว เช่น ชนิด Haemadipsa interrupta Moore ในวงศ์ Haemadipsidae, ปลิงบก ก็เรียก."
ปลิด 0,ก.,"เอามือบิดให้ลูกไม้หลุดจากขั้ว, ทำให้หลุดจากที่."
ปลิ้น 0,ก.,"กลับข้างในบางส่วนให้โผล่ออกมา เช่น ปลิ้นตา, โผล่ยื่นหรือทำให้โผล่ยื่นออกมาจากสิ่งที่มีอะไรห่อหุ้มอยู่ เช่น พุงปลิ้น ตาปลิ้น"
ปลิ้น 1,ก.,ลักลอบหรือหลอกลวงเอาไปซึ่งหน้า เช่น ปลิ้นเอาเงินไป.
ปลิ้นปลอก 0,ก.,ใช้อุบายล่อลวงเพื่อให้สำเร็จประโยชน์ตน.
ปลิ้นปล้อน 0,ก.,ใช้อุบายล่อลวงเพื่อให้สำเร็จประโยชน์ตน.
ปลิโพธ 0,น.,"ความกังวล, ความห่วงใย."
ปลิว 0,ก.,"ลอยตามลม, ถูกลมพัด, (ใช้แก่สิ่งที่มีลักษณะเบา), โดยปริยายใช้เป็นคำเปรียบเทียบ มีความหมายคล้ายคลึงเช่นนั้น เช่น เดินตัวปลิว."
ปลี 0,น.,"ช่อดอกของกล้วยที่ยังมีกาบหุ้มอยู่ เรียกว่า หัวปลี, กล้ามเนื้อที่มีรูปลักษณะอย่างหัวปลี เช่น ปลีน่อง"
ปลี 1,น.,ยอดเจดีย์หรือยอดมณฑปเหนือปล้องไฉนหรือบัวกลุ่มขึ้นไป.
ปลีก 0,ก.,"แยกหรือหลีกออกจากหมู่จากพวกไป, ย่อยออกไปจากส่วนใหญ่ เช่น ขายปลีก เงินปลีก."
ปลีกตัว 0,ก.,แยกตัวออกมา.
ปลีกย่อย 0,ว.,"เบ็ดเตล็ด, เล็กน้อย."
ปลีกเวลา 0,ก.,เจียดเวลาเพื่อมาทำสิ่งใดสิ่งหนึ่งนอกเหนือจากงานที่ทำอยู่.
ปลีแข้ง 0,น.,ลำแข้ง.
ปลื้ม 0,ก.,เบิกบานยินดีมาก.
ปลุก 0,ก.,"ทำให้ตื่นจากหลับ, ทำให้ได้สติรู้สึกตัว, กระตุ้นให้เกิดแรงกำลัง ความขลัง และความกล้าแข็ง เป็นต้น."
ปลุกใจ 0,ก.,เร้าใจให้กล้าหาญหรือกระตือรือร้น.
ปลุกตัว 0,ก.,นั่งเข้าสมาธิแล้วบริกรรมคาถา เพื่อให้อยู่คงกระพันชาตรี.
ปลุกปล้ำ 0,ก.,"ปลํ้า, ปลํ้าปลุก."
ปลุกปั่น 0,ก.,ยุยงให้แตกแยกกัน.
ปลุกผี 0,ก.,นั่งบริกรรมคาถาจนกระทั่งผีลุกขึ้นมาหรือปรากฏกาย เพื่อใช้ให้ไปทำประโยชน์ตามที่ตนปรารถนา หรือเพื่อลนเอานํ้ามันจากคางผีตายทั้งกลม ที่เรียกกันว่า น้ำมันพราย สำหรับดีดให้หญิงหลงรัก
ปลุกผี 1,ก.,รื้อฟื้นเรื่องที่ยุติไปแล้วขึ้นมาใหม่ เช่น ปลุกผีคอมมิวนิสต์.
ปลุกพระ 0,ก.,บริกรรมคาถาเสกพระเครื่องเพื่อให้เกิดความขลัง.
ปลุกระดม 0,ก.,เร้าใจและยุยงให้ประชาชนลุกฮือขึ้น.
ปลุกเสก 0,ก.,เสกให้ขลัง.
ปลูก 0,ก.,"เอาต้นไม้หรือเมล็ด หน่อ หัว เป็นต้น ใส่ลงในดินหรือสิ่งอื่นเพื่อให้งอกหรือให้เจริญเติบโต, ทำให้เจริญเติบโต, ทำให้งอกงาม เช่น ปลูกไมตรี"
ปลูก 1,ก.,"เอาสิ่งต่าง ๆ มาปรุงกันเข้าเพื่อทำเป็นที่อยู่หรือที่พักอาศัยโดยวิธีฝังเสาลงในดิน เช่น ปลูกบ้าน ปลูกเรือน, ปลูกสร้าง ก็ว่า, โดยปริยายหมายถึง การกระทำที่คล้ายคลึงเช่นนั้น เช่น ปลูกพลับพลายก."
ปลูกฝัง 0,ก.,ตกแต่งให้มีเหย้ามีเรือน
ปลูกฝัง 1,ก.,บำรุงให้เจริญมั่นคง.
ปลูกฝี 0,ก.,นำวัคซีนเข้าสู่ร่างกายทางผิวหนังตรงรอยที่กรีดไว้ เพื่อให้มีภูมิคุ้มกันโรคฝีดาษ.
ปลูกเรือนคร่อมตอ 0,ก.,กระทำสิ่งซึ่งล่วงลํ้า ก้าวก่าย หรือทับสิทธิของผู้อื่น จะโดยรู้เท่าถึงการณ์หรือไม่ก็ตาม.
ปลูกเรือนตามใจผู้อยู่ 0,ก.,"ทำตามความพอใจของผู้ที่จะได้รับผลโดยตรง, มักพูดเข้าคู่กับ ผูกอู่ตามใจผู้นอน เป็น ปลูกเรือนตามใจผู้อยู่ ผูกอู่ตามใจผู้นอน."
ปลูกเรือนพอตัว หวีหัวพอเกล้า 0,ก.,"ทำสิ่งใด ๆ ให้พอสมควรกับฐานะของตน, ปลูกเรือนแต่พอตัว หวีหัวแต่พอเกล้า ก็ว่า."
ปลูกสร้าง 0,ก.,"เอาสิ่งต่าง ๆ มาปรุงกันเข้าเพื่อทำเป็นที่อยู่หรือที่พักอาศัยโดยวิธีฝังเสาลงในดิน เช่น ปลูกสร้างบ้าน ปลูกสร้างเรือน, ปลูก ก็ว่า."
ปวกเปียก 0,ว.,"อ่อนกำลังจนแทบไม่อาจจะทรงตัวได้ตามลำพัง, กะปวกกะเปียก ก็ว่า."
ปวง 0,ว.,"ทั้งหมด, ทั้งสิ้น, เช่น ปวงชน, มักใช้เข้าคู่กับคำ ทั้ง เป็น ทั้งปวง เช่น ชนทั้งปวง."
ป่วง 0,น.,"โรคลงราก, โรคระบาดมีอาการท้องร่วงและอาเจียน."
ปวด 0,ก.,รู้สึกเจ็บต่อเนื่องอยู่ในร่างกาย เช่น ปวดหัว ปวดท้องเยี่ยว ปวดฟัน.
ปวดถ่วง 0,ก.,ปวดหน่วง ๆ บริเวณท้องน้อยคล้ายต้องการถ่ายอุจจาระ.
ปวดท้องทุ่ง 0,ก.,ต้องการถ่ายอุจจาระ.
ปวดท้องเบา 0,ก.,ต้องการถ่ายปัสสาวะ.
ปวดท้องเยี่ยว 0,ก.,ต้องการถ่ายปัสสาวะ.
ปวดมวน 0,ก.,รู้สึกปวดป่วนปั่นอยู่ในท้อง.
ปวดร้าว 0,ก.,"เจ็บปวดไปทั่ว, เจ็บชํ้านํ้าใจ."
ปวดเศียรเวียนเกล้า 0,ก.,เดือดร้อนรำคาญใจเพราะมีเรื่องยุ่งยากมากจนแก้ไม่ทัน.
ปวดแสบปวดร้อน 0,ก.,รู้สึกเจ็บเช่นเมื่อถูกไฟหรือนํ้าร้อนลวก.
ป่วน 0,ก.,"มวน, อลวน, อาการที่ปวดมวนอยู่ในท้องเพราะอาหารเป็นเหตุ."
ป้วน 0,ว.,วนเวียนกลับไปกลับมา.
ป่วนปั่น 0,ก.,"เคลื่อนไหวไปมาอย่างรุนแรงผิดปรกติ เช่น ทะเลป่วนปั่น, สับสนวุ่นวายผิดปรกติ เช่น ใจคอป่วนปั่น ท้องป่วนปั่น บ้านเมืองป่วนปั่น, ปั่นป่วน ก็ว่า."
ป้วนเปี้ยน 0,ว.,วนเวียนกลับไปกลับมา.
ป่วย 0,ก.,รู้สึกไม่สบายเพราะโรคหรือความไข้หรือเหตุอื่นที่ทำให้รู้สึกเช่นนั้น.
ป่วยกล่าว 0,ก.,เสียเวลาพูด เช่น จะป่วยกล่าวไปไย.
ป่วยการ 0,ก.,"เสียงานเสียการ, ไร้ประโยชน์, เช่น ป่วยการพูด."
ป่วยการ 1,ว.,เรียกค่าชดเชยการงานหรือเวลาที่เสียไป ว่า ค่าป่วยการ.
ปวัตน์ 0,น.,ความเป็นไป.
ปวัตน- 0,น.,ความเป็นไป.
ปวัตนาการ 0,น.,อาการที่เป็นไป.
ปวารณา 0,ก.,ยอมให้ภิกษุสามเณรขอหรือเรียกร้องเอาได้ เช่น ขอของจากผู้ปวารณา ใบปวารณา
ปวารณา 1,ก.,บอกยอมให้ใช้ได้ด้วยความเต็มใจ เช่น ขอปวารณาจะใช้อะไรก็บอก
ปวารณา 2,ก.,"พิธีกรรมทางศาสนายอมให้สงฆ์ว่ากล่าวตักเตือนได้ ทำในวันขึ้น ๑๕ คํ่า เดือน ๑๑ ซึ่งเป็นวันออกพรรษา, เรียกวันออกพรรษา ว่า วันปวารณา หรือ วันมหาปวารณา."
ปวาล 0,น.,ประวาล.
ปวาส 0,ก.,ประพาส.
ปวาฬ 0,น.,ประพาฬ.
ปวิช 0,น.,ประวิช.
ปวิตร 0,น.,บพิตร.
ปวิธ 0,ก.,บพิธ.
ปวิเวก 0,น.,ที่สงัดเงียบ.
ปวีณ 0,ว.,"ฉลาด, มีฝีมือดี."
ปวุติ 0,น.,"ความเป็นไป, เรื่องราว."
ปเวณี 0,น.,"ขนบธรรมเนียม, แบบแผน"
ปเวณี 1,น.,"เชื้อสาย, การเป็นสามีภรรยากันตามธรรมเนียม."
ปเวส 0,น.,"ประเวศ, ประเวศน์."
ปเวสน์ 0,น.,"ประเวศ, ประเวศน์."
ปศุ 0,น.,"สัตว์เลี้ยงสำหรับใช้แรงงาน เช่น ช้าง ม้า วัว ควาย บางทีก็รวมถึงสัตว์เลี้ยงที่ใช้เป็นอาหารด้วย เช่น แพะ แกะ หมู, มักใช้ประกอบคำ สัตว์ เป็น ปศุสัตว์."
ปสพ 0,น.,สัตว์เลี้ยง
ปสพ 1,น.,"ของที่เกิดขึ้น, ของที่มีขึ้น"
ปสพ 2,น.,"ดอกไม้, ลูกไม้."
ปสันน- 0,ก.,เลื่อมใส.
ปสันนะ 0,ก.,เลื่อมใส.
ปสันนาการ 0,น.,อาการเลื่อมใส.
ปสัยห- 0,ก.,"ข่มขี่, ข่มเหง."
ปสัยหะ 0,ก.,"ข่มขี่, ข่มเหง."
ปสัยหาการ 0,น.,การข่มเหง.
ปสัยหาวหาร 0,น.,การโจรกรรมด้วยใช้อำนาจกดขี่หรือกรรโชกให้กลัว.
ปสาท 0,น.,ประสาท.
ปสาน 0,น.,"ตลาดของแห้ง, ที่ขายของแห้ง."
ปสาสน์ 0,น.,ประศาสน์.
ปสุ 0,น.,ปศุ.
ปสุต 0,ก.,ประสูต.
ปสูติ 0,น.,ประสูติ.
ปหังสนะ 0,น.,การรื่นเริง.
ปหังสะ 0,น.,การรื่นเริง.
ปหาน 0,ก.,ละทิ้ง.
ปหาร 0,น.,ประหาร.
ปหาส 0,น.,ประหาส.
ป้อ 0,ว.,"อาการของไก่ที่คึกกรีดปีกไปมา, มีอาการกรีดกราย หยิบหย่ง"
ป้อ 1,ว.,อ่อน เช่น ไข่ป้อ
ป้อ 2,ว.,ป๋อ.
ป๋อ 0,ก.,แสดงอาการโดยจงใจหรือไม่จงใจให้เห็นเด่น ผึ่งผาย องอาจ หรือคล้ายคลึงเช่นนั้น.
ปอ 0,น.,เส้นใยที่ทำจากเปลือกไม้บางชนิด เช่น ปอแก้ว ปอกระเจา.
ปอ 1,น.,"ชื่อไม้ล้มลุก ไม้พุ่ม และไม้ต้น หลายชนิด หลายสกุล และหลายวงศ์ที่เปลือกใช้ทำปอ เช่น ปอกระเจา ( Corchorus capsularis L. และ C. olitorius L.) ในวงศ์ Tiliaceae, ปอกระสา [ Broussonetia papyrifera (L.) Vent.] ในวงศ์ Moraceae, ปอแก้ว ( Hibiscus cannabinus L.) ในวงศ์ Malvaceae, ปอสำโรง ( Sterculia foetida L.) ในวงศ์ Sterculiaceae."
ปอ 2,น.,"ชื่อแมลงอันดับย่อย Anisoptera ในอันดับ Odonata หัวและอกสั้นป้อม ส่วนท้องแคบยาว หนวดสั้นเล็กมองคล้ายขน ตาโตใหญ่ ๒ ข้างอยู่ชิดกัน ปีก ๒ คู่บางใส เส้นลายปีกเป็นร่างแห โคนปีกคู่หลังแผ่กว้าง ปีกคู่หลังใหญ่กว่าปีกคู่หน้า มีสีแตกต่างกันตามชนิด เมื่อเกาะปีกกางขนานกับพื้น ตัวอ่อนอยู่ในน้ำ กินสัตว์น้ำขนาดเล็ก เช่น ชนิด Crocothemis servilia (Drury) ในวงศ์ Libellulidae, แมลงปอ ก็เรียก."
ปอก 0,ก.,"เอาเปลือกหรือสิ่งที่ห่อหุ้มออก, ถ้าเป็นผิวนอก ใช้ว่า ถลอก ก็ได้ เช่น หัวปอก พูดว่า หัวถลอก."
ปอกกล้วยเข้าปาก 0,ว.,"ง่าย, สะดวก."
ปอกลอก 0,ว.,ทำให้เขาหลงเชื่อแล้วล่อลวงเอาทรัพย์เขาไป.
ปอเข็ม 0,น.,ชื่อแมลงอันดับย่อย Zygoptera ในอันดับ Odonata ลักษณะทั่วไปคล้ายแมลงปอแต่ลำตัวผอมเรียวกว่า ตาโตใหญ่ ๒ ข้างอยู่ห่างกัน ปีก ๒ คู่บางใสขนาดเท่ากัน โคนปีกคู่หลังเรียวเมื่อเกาะปีกตั้งขึ้น เช่น ชนิด Neurobasis chinensis (Linn.) ในวงศ์ Calopterygidae ปีกสีเขียวเหลือบ พบมากบริเวณน้ำตก.
ป้อง 0,ก.,บังเพื่อกักหรือกั้นไว้.
ปอง 0,ก.,มุ่งปรารถนา.
ป่อง 0,น.,ชื่อแมงหลายชนิด หลายสกุล และหลายวงศ์ ในอันดับ Scorpionida หัวติดกับอกเป็นส่วนเดียวกัน รูปร่างค่อนไปทางสี่เหลี่ยมยาว ส่วนท้องเป็นปล้อง ๆ ขนาดไล่เลี่ยกับอก ๗-๘ ปล้อง ส่วนที่เหลือเล็กลงต่อกันยาวคล้ายหาง ที่ปลายมีเหล็กในสามารถต่อยให้เจ็บปวดได้ มีขา ๔ คู่ ด้านหน้ามีรยางค์ ปากขนาดใหญ่เป็นก้ามหนีบใช้สำหรับจับเหยื่อ.
ปอง 1,น.,เสาเตี้ย ๆ สำหรับผูกเท้าหลังของช้าง เช่น ผูกช้างยืนโรง ผูกช้างในการเล่นผัดช้าง เรียกว่า เสาปอง.
ป่อง 1,ว.,ตุงเป็นกระพุ้งออกมา เช่น พุงป่อง.
ป่อง 2,ว.,อาการของคนโกรธแกมงอน ในคำว่า โกรธป่อง ๆ.
ป่อง 3,น.,"ปล่อง, ช่อง, ล่อง."
ป่อง ๆ 0,ว.,อาการของคนโกรธแกมงอน ในคำว่า โกรธป่อง ๆ.
ป้องกัน 0,ก.,กั้นไว้เพื่อต้านทานหรือคุ้มครอง.
ป้องกันโดยชอบด้วยกฎหมาย 0,ก.,กระทำการอันจำต้องกระทำเพื่อป้องกันสิทธิของตนหรือของผู้อื่นให้พ้นภยันตรายซึ่งเกิดจากการประทุษร้ายอันละเมิดต่อกฎหมาย และเป็นภยันตรายที่ใกล้จะถึงโดยกระทำพอสมควรแก่เหตุ.
ป่องร่า 0,น.,อาการของคนคะนองไม่กลัวใคร ชวนวิวาทกับผู้อื่น.
ปอด 0,น.,อวัยวะทำหน้าที่เกี่ยวกับการหายใจอยู่ภายในร่างกายของคนหรือสัตว์ที่มีกระดูกสันหลังเป็นส่วนมาก
ปอด 1,น.,ตัวสกาที่ข้ามเขตไปไม่ได้.
ปอด 2,ว.,กลัวจนไม่กล้าทำอะไร.
ปอด 3,น.,"ชื่อไม้ล้มลุกชนิด Sphenoclea zeylanica Gaertn. ในวงศ์ Sphenocleaceae ขึ้นตามที่ลุ่มนํ้าขัง ลำต้นอ่อน ดอกสีเขียว ๆ ขาว ๆ ใช้เป็นผักและทำยาได้ เรียก ผักปอด, ผักปุ่มปลา ก็เรียก."
ปอด 4,ว.,"ลักษณะก้นที่สอบและแฟบ เรียกว่า ก้นปอด, โดยปริยายใช้เรียกสิ่งอื่นที่มีลักษณะเช่นนั้น เช่น มะม่วงก้นปอด."
ปอดชื้น 0,น.,การอักเสบของหลอดลมที่มีเสมหะอยู่ด้วย ทางแพทย์หมายถึง การคั่งของเลือดในปอดเนื่องจากการอักเสบ เป็นช่องทางให้เกิดปอดบวมได้.
ปอดบวม 0,น.,ปอดอักเสบเนื่องจากเชื้อโรค.
ปอดแปด 0,ว.,"อ่อนน่วมอยู่ภายใน, มักใช้ประกอบกับคำ เหลว เป็น เหลวปอดแปด"
ปอดแปด 1,ว.,"อาการที่บ่นไม่รู้จักจบ, อาการที่บ่นร่ำรี้ร่ำไร, กระปอดกระแปด ก็ว่า."
ปอดลอย 0,ก.,"ใจไม่สู้ดีชักจะหวาด ๆ, ใช้ว่า ปอด ก็มี."
ปอดเหล็ก 0,น.,เครื่องกลไกสร้างด้วยโลหะ ใช้ทำให้เกิดการบีบและขยายของทรวงอกในการหายใจแทนการเคลื่อนไหวตามธรรมชาติในเมื่อมีอัมพาตของกล้ามเนื้อ เช่นในโรคโปลิโอ.
ปอดเหล็ก 1,ก.,อดทน แข็งแรง (ใช้แก่นักกีฬาประเภทวิ่ง).
ปอเต่าไห้ 0,น.,"ชื่อไม้พุ่มชนิด Enkleia siamensis (Kurz) Nevling ในวงศ์ Thymelaeaceae ใช้ทำยาได้, ปอเต่าไห้ หรือ พันไฉน ก็เรียก."
ปอน 0,ว.,"ซอมซ่อ, มีลักษณะประหนึ่งว่าอัตคัด ขัดสน เช่น แต่งตัวปอน"
ปอน 1,ว.,เรียกของเลว ๆ ว่า ของปอน ๆ.
ป้อน 0,ก.,"เอาอาหารส่งให้ถึงปากหรือใส่ปากให้กิน, โดยปริยายหมายถึง กิริยาอาการที่คล้ายคลึงเช่นนั้น เช่น เอาเงินป้อน"
ป้อน 1,ก.,ส่งวัตถุดิบแก่โรงงานเพื่อให้เครื่องจักรผลิตเป็นสิ่งสำเร็จรูปหรือทำให้เครื่องจักรเกิดพลังงาน.
ปอน ๆ 0,ว.,"ซอมซ่อ, มีลักษณะประหนึ่งว่าอัตคัด ขัดสน เช่น แต่งตัวปอน"
ปอน ๆ 1,ว.,เรียกของเลว ๆ ว่า ของปอน ๆ.
ปอนด์ 0,น.,"ชื่อหน่วยเงินตราของอังกฤษเท่ากับ ๑๐๐ เพนซ์, ปอนด์สเตอร์ลิง ก็เรียก"
ปอนด์ 1,น.,ชื่อหน่วยมาตราชั่งของอังกฤษ เท่ากับ ๔๕๔ กรัม หรือ ๑๖ ออนซ์
ปอนด์ 2,น.,เรียกกระดาษฟอกเนื้อดี สีขาว ที่ใช้พิมพ์หนังสือ มีคุณภาพดีกว่ากระดาษปรู๊ฟ ว่า กระดาษปอนด์.
ปอเนาะ 0,น.,โรงเรียนที่สอนหนังสือและอบรมศาสนาอิสลาม.
ปอบ 0,น.,ผีชนิดหนึ่งเชื่อกันว่าสิงอยู่ในตัวคน กินตับไตไส้พุงจนหมดแล้วออกไป คนนั้นก็ตาย.
ป้อแป้ 0,ว.,"อาการที่อ่อนแรงลง, มีกำลังน้อย."
ปอผี 0,น.,"ชื่อไม้ล้มลุกชนิด Hydrolea zeylanica (L.) Vahl ในวงศ์ Hydrophyllaceae ขึ้นในนา ใบยาวคล้ายหญ้า, ปอผี ก็เรียก."
ปอม 0,น.,กิ้งก่า. (ดู กิ้งก่า).
ป๋อม 0,ว.,"เสียงดังอย่างของมีนํ้าหนักตกนํ้า, โดยปริยายหมายถึง อาการที่สูญหายไปอย่างของตกนํ้า เช่น หายป๋อมไปเลย."
ป้อม 0,น.,หอรบ
ป้อม 1,น.,ที่อยู่หรือที่พักซึ่งทำขึ้นใช้กันแดดกันฝน เช่น ป้อมตำรวจ.
ป้อม 2,ว.,กลม ๆ.
ป้อม ๆ 0,ว.,กลม ๆ.
ปอมขาง 0,น.,"ชื่อกิ้งก่าขนาดใหญ่ชนิด Calotes mystaceus Dumeril & Bibron ในวงศ์ Agamidae หัวสีนํ้าเงิน แต่บางครั้งเปลี่ยนเป็นสีนํ้าตาลได้, กะปอมขาง ก็เรียก."
ปอมข่าง 0,น.,"ชื่อกิ้งก่าขนาดใหญ่ชนิด Calotes mystaceus Dumeril & Bibron ในวงศ์ Agamidae หัวสีนํ้าเงิน แต่บางครั้งเปลี่ยนเป็นสีนํ้าตาลได้, กะปอมขาง ก็เรียก."
ป้อมบังคับการ 0,น.,ที่ซึ่งมีที่กำบังแข็งแรงสำหรับใช้ในการควบคุมการใช้อาวุธและสั่งการเดินเรือในยามสงคราม.
ปอย 0,น.,"กลุ่มก้อนหรือกระจุกเล็ก ๆ ของสิ่งที่เป็นเส้นเป็นฝอยอย่างเส้นด้าย หญ้า ผม หรือขน เช่น ปอยผม, ลักษณนามเรียกกระจุกหรือกลุ่มก้อนของสิ่งเช่นนั้น เช่น ผมปอยหนึ่ง ผม ๒ ปอย."
ป้อย 0,ก.,"แช่ง, ด่า."
ปอย 1,น.,"งานพิธีต่าง ๆ, ถ้างานใหญ่ เช่นประเพณีฉลองการสร้างถาวรวัตถุของวัด เรียกว่า ปอยหลวง, ถ้างานเล็ก เช่นงานบวช เรียกว่า ปอยน้อย."
ป้อย 1,ว.,"แล้ว ๆ เล่า ๆ, มักใช้เข้าคู่กับคำ คลำ เมื่อรู้สึกเจ็บ ว่า คลำป้อย, ป้อย ๆ ก็ว่า."
ป้อยอ 0,ก.,"ตามใจหรือเอาใจจนเกินไป, ยกย่องเยินยอจนเกินพอดี, บำรุงบำเรอจนเกินไป."
ปอเลียงฝ้าย 0,น.,"ชื่อไม้ต้นชนิด Eriolaena candollei Wall. ในวงศ์ Sterculiaceae ใบรูปไข่ป้อม ปลายมี ๓ แฉก ดอกสีเหลือง ผลมีพูตามยาว ๗-๑๐ พู, ปอเลียงฝ้าย หรือ เลียงขาว ก็เรียก."
ปะ 0,ก.,"มาเจอกัน, มาประเชิญหน้ากัน"
ปะ 1,ก.,"เอาวัตถุเช่นผ้าหรือไม้เป็นต้นปิดทับส่วนที่ชำรุดเป็นช่องเป็นรู เช่น ปะผ้า ปะว่าว, ปิดทับ เช่น ปะหน้า."
ปะกน 0,น.,"ไม้ลูกสกัดฝาเรือนสำหรับเอากระดานกรุ, ลูกปะกน ก็เรียก."
ปะกัง 0,น.,"ชื่อโรคลมชนิดหนึ่ง ตามตำราแพทย์แผนโบราณว่า ทำให้มีอาการปวดหัวเวลาเช้า ๆ ปวดกระบอกตา เมื่อเห็นแดดจะลืมตาไม่ขึ้น เรียกว่า ลมปะกัง, ตะกัง ก็ว่า."
ปะกาปะกัง 0,ว.,"เก้ ๆ กัง ๆ, งก ๆ เงิ่น ๆ."
ปะการัง 0,น.,"ชื่อสัตว์ทะเลไม่มีกระดูกสันหลังหลายชนิด ในชั้น Anthozoa ส่วนมากตัวมีขนาดเล็ก พวกเดียวกับดอกไม้ทะเล รูปทรงกระบอก อาศัยอยู่เดี่ยว ๆ หรืออยู่รวมกันเป็นกลุ่ม สร้างหินปูนห่อหุ้มตัวเป็นโครงร่างหลายแบบ อาศัยและเจริญเติบโตในทะเลเขตร้อน บริเวณชายฝั่งและรอบ ๆ เกาะ เช่น ปะการังเห็ด [ Fungia fungites (Linn.)] ปะการังเขากวาง [ Acropora formasa (Dana)] ในโครงสร้างที่ทับถมกันเพิ่มมากขึ้น เรียกว่า หินปะการัง, ถ้ามากจนเป็นโขด เกาะ หรือเทือก ก็เรียกว่า โขดปะการัง เกาะปะการัง หรือเทือกปะการัง, บางทีเรียกเป็น กะรัง."
ปะกำ 0,น.,"ไม้ที่ทำเป็น ๒ ขาสำหรับคาบไม้อื่น, ลูกตั้งฝาที่คาบพรึง."
ปะขาว 0,น.,"ชายผู้จำศีลนุ่งห่มผ้าขาว, ลักษณนามว่า คน"
ปะขาว 1,น.,"ตำแหน่งข้าราชการชั้นขุนหมื่นพวกหนึ่ง, คู่กับ ประแดง."
ปะงับปะง่อน 0,ว.,ปะหงับปะง่อน.
ปะงาบ 0,ว.,"อาการที่อ้าปากแล้วหุบปาก, อาการที่หายใจทางปาก (เป็นอาการของคนและสัตว์ที่เหนื่อยหอบหรือใกล้จะตาย), งาบ ๆ พะงาบ หรือ พะงาบ ๆ ก็ว่า."
ปะงาบ ๆ 0,ว.,"อาการที่อ้าปากแล้วหุบปาก, อาการที่หายใจทางปาก (เป็นอาการของคนและสัตว์ที่เหนื่อยหอบหรือใกล้จะตาย), งาบ ๆ พะงาบ หรือ พะงาบ ๆ ก็ว่า."
ปะตาปา 0,น.,นักบวช.
ปะตาระกาหลา 0,น.,เทวดาผู้ใหญ่.
ปะติดปะต่อ 0,ก.,เอาสิ่งเล็ก ๆ น้อย ๆ มาติดมาต่อกัน.
ปะติยาน 0,น.,กระจัง ๒ ข้างพระราชยาน.
ปะเตะ 0,ก.,"เตะ, ฟาดด้วยหลังเท้า."
ปะทะ 0,ก.,"โดนกัน, กระทบกัน, เช่น เรือปะทะกัน ข้างเรือปะทะกัน, ประจัญกัน เช่น กองทัพปะทะกัน, ต้านไว้ เช่น ยกทัพไปปะทะข้าศึก."
ปะทะปะทัง 0,ก.,"พยุงไว้, ทานไว้, ประคองไว้."
ปะทุ 0,ก.,แตกหรือผุดออกมาด้วยแรงเบ่งดัน เช่น ภูเขาไฟปะทุ ถ่านปะทุ
ปะทุ 1,ก.,โดยปริยายหมายถึง กิริยาที่คล้ายคลึงเช่นนั้น เช่น เพ่งจนตาจะปะทุ.
ปะทุน 0,น.,"ชื่อแมลงพวกแมลงปอ แมลงปอเข็ม และแมลงช้างตัวเต็มวัยซึ่งมีลักษณะคล้ายแมลงปอ แต่มีหนวดยาว, ในบางจังหวัด เช่น นครปฐม ราชบุรี สุพรรณบุรี สมุทรสาคร สมุทรสงคราม สมุทรปราการ เรียก กระทุน กระชุน หรือ ปะทุน."
ปะบุก 0,น.,เรียกงูกะปะที่มีสีคลํ้าและลำตัวลายคล้ายต้นบุก ว่า งูปะบุก.
ปะปน 0,ก.,"ปนกัน (มักใช้ในลักษณะที่สิ่งต่างชนิดต่างประเภทระคนปนกัน), บางทีก็ใช้หมายความอย่างเดียวกับ ปน."
ปะราลี 0,น.,บราลี.
ปะรำ 0,น.,สิ่งปลูกสร้างขึ้นชั่วคราว มีเสา หลังคาแบนดาดด้วยผ้าหรือใบไม้.
ปะไร 0,*ว.,ตัดจากคำว่า เป็นไร. (ดู เป็นไร ที่ เป็น ๒).
ปะลอม 0,ก.,"กิน, กินมูมมาม, กินโดยตะกละตะกลาม."
ปะเลง 0,น.,การรำเบิกโรงอย่างโบราณ ผู้แสดงแต่งเครื่องละครตัวพระคู่หนึ่ง สวมหน้าเทพบุตรศีรษะโล้น มือทั้ง ๒ ถือหางนกยูงข้างละกำ รำออกท่าประกอบดนตรี.
ปะแล่ม 0,ว.,อ่อน ๆ น้อย ๆ (ส่วนมากใช้แก่สิ่งที่มีรสหวาน) เช่น หวานปะแล่ม ๆ.
ปะแล่ม ๆ 0,ว.,อ่อน ๆ น้อย ๆ (ส่วนมากใช้แก่สิ่งที่มีรสหวาน) เช่น หวานปะแล่ม ๆ.
ปะโลง 0,น.,ชื่อต้นไม้ชนิดหนึ่ง ใช้ทำยาได้.
ปะวะหล่ำ 0,น.,"เครื่องประดับสำหรับผูกข้อมือ มักทำเป็นลูกกลม ๆ หรือเป็นกลีบอย่างลูกมะยม หรือเป็นเหลี่ยมเป็นต้น สลักเป็นลวดลาย เดิมมีสีแดง ๆ, ประหล่ำ หรือ ลูกประหล่ำ ก็เรียก."
ปะวะหลิ่ม 0,น.,"ชื่อเพลงไทย อัตรา ๒ ชั้น หน้าทับพิเศษ มีท่อนเดียว นิยมใช้ร้องในระบำสี่บท, บหลิ่ม หรือ ประหลิ่ม ก็เรียก."
ปะว่า 0,สัน.,ถ้าว่าเจอ.
ปะเสหรันอากง 0,น.,วังลูกหลวง.
ปะหงับ 0,ว.,"อาการที่ปากอ้าและหุบลงเหมือนอยากจะพูดแต่ไม่มีเสียง, อาการที่ทำปากหงับ ๆ อย่างอาการของผู้ป่วยใกล้จะตาย เช่น นอนเจ็บปะหงับ ๆ."
ปะหงับ ๆ 0,ว.,"อาการที่ปากอ้าและหุบลงเหมือนอยากจะพูดแต่ไม่มีเสียง, อาการที่ทำปากหงับ ๆ อย่างอาการของผู้ป่วยใกล้จะตาย เช่น นอนเจ็บปะหงับ ๆ."
ปะหงับปะง่อน 0,ว.,"อาการที่โงนเงนทรงตัวไม่อยู่เพราะเจ็บป่วยเป็นต้น, ปะงับปะง่อน ก็ว่า."
ปะหนัน 0,น.,ดอกลำเจียก.
ปะหมันอาหยี 0,น.,น้า.
ปะหัง 0,น.,เครื่องใช้ทำด้วยไม้ไผ่ผ่าซีกขัดเป็นวงสำหรับใส่หญ้าให้วัวควายกิน.
ปะเหลาะ 0,ก.,"พูดจาหว่านล้อมเอาอกเอาใจ เช่น ผู้ใหญ่ปะเหลาะเด็ก, พูดหรือทำสนิทชิดชอบให้เขาพึงใจเพื่อหวังประโยชน์ตน."
ปะเหลาะปะแหละ 0,ก.,"พูดจาหว่านล้อมเอาอกเอาใจ เช่น ผู้ใหญ่ปะเหลาะเด็ก, พูดหรือทำสนิทชิดชอบให้เขาพึงใจเพื่อหวังประโยชน์ตน."
ปะแอด 0,น.,"เชือกหรือลวดหนังตีเป็นเกลียว, หุ้มผ้าแดง ปลายสายทั้ง ๒ ข้าง ผูกกับสายสำอางคร่อมอยู่ทางท้ายสันหลังช้าง สำหรับควาญช้างจับเมื่อเวลาคับขัน, กระแซง กระแอก หรือ ปะแอด ก็เรียก."
ปัก 0,ก.,"ตั้งฝังลง เช่น ปักเสา, เอาหัวดิ่งลง เช่น นกปักหัวลง เครื่องบินปักหัวลง"
ปัก 1,ก.,"เสียบ เช่น ปักปิ่น ปักดอกไม้, ใช้เข็มร้อยด้าย ไหม หรือดิ้นเป็นต้นแล้วแทงลงไปบนผืนผ้าให้เป็นลวดลายต่าง ๆ เช่น ปักลวดลาย ปักด้าย ปักไหม."
ปักข์ 0,น.,ปักษ์.
ปักข- 0,น.,ปักษ์.
ปักขคณนา 0,น.,"ปักษคณนา, วิธีคำนวณดิถีตามปักษ์."
ปักขพิฬาร 0,น.,บ่าง
ปักขพิฬาร 1,น.,นกเค้าแมว.
ปักขันดร 0,น.,"ปักษานดร, ฝ่ายอื่น, อีกฝ่ายหนึ่ง."
ปักจักร 0,ก.,เย็บให้เป็นลวดลายด้วยจักรเย็บผ้า.
ปักใจ 0,ก.,ตั้งใจแน่วแน่ไม่เปลี่ยนแปลง เช่น ปักใจเชื่อ.
ปักดำ 0,ก.,ถอนต้นกล้ามาปลูกในนา.
ปักปันเขตแดน 0,ก.,กำหนดเขตแดนระหว่างประเทศเมื่อมีปัญหาเกี่ยวกับพรมแดนเป็นต้น.
ปักเป้า 0,น.,"ชื่อปลาทุกชนิดในวงศ์ Tetraodontidae และ Diodontidae ลำตัวป้อมหรือกลมมากน้อยแล้วแต่ชนิด ขนาดยาวตั้งแต่ ๖-๖๐ เซนติเมตร เฉพาะบางสกุล เช่น สกุล Canthigaster, Chonerhinosและ Tetrodon ในวงศ์ Tetraodontidae สกุล Diodon และ Chilomycterus ในวงศ์ Diodontidae มีลักษณะแบนข้าง ทุกชนิดสามารถพองตัวได้ ผิวหนังมีหนาม ฟันมีลักษณะเป็นแผ่นกระดูกแข็ง ไม่มีครีบท้อง กินสัตว์อื่น ส่วนใหญ่อยู่ในทะเล บางชนิดพบในนํ้าจืด เช่น ชนิด Chonerhinos modestus (Bleeker) ทุกชนิดมีพิษ ไม่ควรนำมารับประทานเพราะอาจทำให้เสียชีวิตได้."
ปักเป้า 1,น.,"ชื่อว่าวชนิดหนึ่ง มีหางยาว, คู่กับ ว่าวจุฬา, อีเป้า ก็เรียก."
ปักษ์ 0,น.,"ฝ่าย, ข้าง, เช่น ปักษ์ใต้, กึ่งของเดือนจันทรคติ คือ เดือนหนึ่งมี ๒ ปักษ์ ข้างขึ้นเรียก ศุกลปักษ์ (แปลว่า ฝ่ายขาว หมายเอาแสงเดือนสว่าง) ข้างแรมเรียก กาฬปักษ์ (แปลว่า ฝ่ายดำ หมายเอาเดือนมืด), ครึ่งเดือน เช่น หนังสือรายปักษ์."
ปักษ- 0,น.,"ฝ่าย, ข้าง, เช่น ปักษ์ใต้, กึ่งของเดือนจันทรคติ คือ เดือนหนึ่งมี ๒ ปักษ์ ข้างขึ้นเรียก ศุกลปักษ์ (แปลว่า ฝ่ายขาว หมายเอาแสงเดือนสว่าง) ข้างแรมเรียก กาฬปักษ์ (แปลว่า ฝ่ายดำ หมายเอาเดือนมืด), ครึ่งเดือน เช่น หนังสือรายปักษ์."
ปักษกษัย 0,น.,การสิ้นปักษ์.
ปักษคณนา 0,น.,วิธีคำนวณดิถีตามปักษ์.
ปักษคม 0,น.,นก.
ปักษธร 0,น.,นก
ปักษธร 1,น.,พระจันทร์.
ปักษเภท 0,น.,ความแตกต่างระหว่าง ๒ ฝ่ายที่โต้เถียงกัน.
ปักษวาหน 0,น.,นก.
ปักษา 0,น.,นก.
ปักษานดร 0,น.,"ฝ่ายอื่น, อีกฝ่ายหนึ่ง."
ปักษาวสาน 0,น.,"วันสิ้นปักษ์, วันเพ็ญหรือวันสิ้นเดือน."
ปักษาสวรรค์ 0,น.,ชื่อไม้ล้มลุกมีเหง้าชนิด Strelitzia reginae Banks ex Dryand. ในวงศ์ Strelitziaceae ใบเรียงสลับซ้อนกันเป็นแผง ดอกสีนํ้าเงิน มีกาบสีส้มรูปคล้ายปีกนกหุ้มอยู่.
ปักษิน 0,น.,สัตว์มีปีก คือ นก.
ปักษี 0,น.,สัตว์มีปีก คือ นก.
ปักหลัก 0,ก.,ตั้งมั่นอยู่กับที่ไม่ยอมถอยหรือไม่ยอมโยกย้าย ในคำว่า ปักหลักสู้ ปักหลักอยู่.
ปักหลัก 1,น.,"ชื่อนกกระเต็นขนาดกลางชนิด Ceryle rudis (Linn.) ในวงศ์ Alcedinidae ปากใหญ่แบนข้าง แหลมตรง สีดำ ตัวสีขาวลายดำ มักเกาะตามหัวเสาหรือตอไม้ที่ปักอยู่ในนํ้าเพื่อจ้องโฉบปลากิน, กระเต็นปักหลัก ก็เรียก."
ปักหลัก 2,น.,"ชื่อเหยี่ยวขนาดเล็กชนิด Elanus caeruleus (Desfontaines) ในวงศ์ Accipitridae อกสีขาว หลังสีเทา ช่วงไหล่สีดำ อาศัยอยู่ตามท้องทุ่ง กินสัตว์เล็ก ๆ รวมทั้งนกขนาดเล็ก, เหยี่ยวขาว ก็เรียก, นกทั้ง ๒ ชนิดมักบินอยู่กับที่ขณะจ้องหาเหยื่อในน้ำหรือบนพื้นดิน จึงเรียกว่า ปักหลัก."
ปัคหะ 0,น.,"ประเคราะห์, การยกย่อง."
ปัง 0,ว.,เสียงดังเช่นนั้น
ปัง 1,ว.,โดยปริยายหมายความว่า ถูกตรงที่หมาย.
ปั๋ง 0,ว.,"มาก, มักใช้แก่แข็งหรือแน่น ว่า แข็งปั๋ง ท้องแน่นปั๋ง."
ปั๋ง 1,น.,ต้นปลัง. (ดู ปลัง).
ปังตอ 0,น.,ชื่อมีดขนาดใหญ่ ใบมีดรูปสี่เหลี่ยมผืนผ้า สันหนาและแอ่นโค้ง ด้ามทำด้วยไม้ขนาดสั้นพอมือกำ ใช้สับเนื้อและกระดูกหมูเป็นต้น เรียกว่า มีดปังตอ.
ปังสุ์ 0,น.,บงสุ์.
ปังสุกุล 0,น.,บังสุกุล.
ปังสุกูลิก- 0,ว.,"เรียกภิกษุผู้ใช้ผ้าบังสุกุลเป็นปรกติ ว่า ปังสุกูลิกภิกษุ, เรียกชื่อธุดงค์ประการหนึ่งของภิกษุผู้ใช้ผ้าเฉพาะที่ชักมาจากซากศพหรือเก็บได้จากกองฝุ่นกองหยากเยื่อมาทำเครื่องนุ่งห่ม ว่า ปังสุกูลิกังคธุดงค์."
ปัจจัตตะ 0,ว.,เฉพาะตน.
ปัจจัตถรณ์ 0,น.,บรรจถรณ์.
ปัจจันต์ 0,ว.,"ที่สุดแดน, ปลายเขตแดน."
ปัจจันต- 0,ว.,"ที่สุดแดน, ปลายเขตแดน."
ปัจจันตคาม 0,น.,บ้านปลายเขตแดน.
ปัจจันตชนบท 0,น.,ตำบลปลายเขตแดน.
ปัจจันตประเทศ 0,น.,"ประเทศปลายเขตแดน, ในวินัยหมายถึงที่อยู่นอกออกไปจากมัชฌิมประเทศ."
ปัจจัย 0,น.,"เหตุอันเป็นทางให้เกิดผล, หนทาง, เช่น การศึกษาเป็นปัจจัยให้เกิดความรู้ความสามารถ, องค์ประกอบ, ส่วนประกอบ, เช่น ปัจจัยในการผลิต, คำ “ปัจจัย” กับ คำ “เหตุ” มักใช้แทนกันได้"
ปัจจัย 1,น.,"เครื่องอาศัยยังชีพ, เครื่องอาศัยเลี้ยงชีวิตของบรรพชิตในพระพุทธ-ศาสนา ๔ อย่าง คือ จีวร (ผ้านุ่งห่ม) บิณฑบาต (อาหาร) เสนาสนะ (ที่อยู่) คิลานเภสัช (ยา) รวมเรียกว่า จตุปัจจัย คือ ปัจจัย ๔, โดยปริยายหมายถึง เงินตรา ก็ได้ (มักใช้แก่ภิกษุสามเณร)"
ปัจจัย 2,น.,ส่วนเติมท้ายธาตุหรือศัพท์เพื่อแสดงความหมายเป็นต้น.
ปัจจามิตร 0,น.,"ข้าศึก, ศัตรู."
ปัจจุคมน์ 0,น.,"การลุกขึ้นรับ, การต้อนรับ, (สำหรับผู้น้อยแสดงต่อผู้ใหญ่)."
ปัจจุทธรณ์ 0,น.,การถอนคืน.
ปัจจุทธรณ์ 1,ก.,ถอนคืน (ในวินัยใช้คู่กับ อธิษฐาน ซึ่งแปลว่า ตั้งใจ เช่น อธิษฐานสบง คือตั้งใจให้เป็นสบงครอง ภายหลังไม่อยากให้เป็นสบงครองก็ถอนคืนสบงนั้น เรียกว่า ปัจจุทธรณ์สบง).
ปัจจุบัน 0,น.,"เวลาเดี๋ยวนี้, ทันที, เวลาไม่ใช่อดีต ไม่ใช่อนาคต เช่น เวลาปัจจุบัน, สมัยใหม่ เช่น แพทย์แผนปัจจุบัน"
ปัจจุบัน 1,น.,เรียกโรคภัยที่เกิดขึ้นในทันทีทันใด ว่า โรคปัจจุบัน เช่น โรคลมปัจจุบัน.
ปัจจุบันทันด่วน 0,ว.,กะทันหัน.
ปัจจุส- 0,น.,"เช้ามืด, ใกล้รุ่ง."
ปัจจุสกาล 0,น.,เวลาเช้ามืด.
ปัจจุสมัย 0,น.,เวลาเช้ามืด.
ปัจจูสะ 0,น.,"เช้ามืด, ใกล้รุ่ง."
ปัจจูหะ 0,น.,"ปรัตยูห์, อันตราย, ความขัดข้อง."
ปัจเจก 0,ว.,"เฉพาะตัว, เฉพาะบุคคล, เช่น ปัจเจกชน."
ปัจเจก- 0,ว.,"เฉพาะตัว, เฉพาะบุคคล, เช่น ปัจเจกชน."
ปัจเจกบุคคล 0,น.,บุคคลแต่ละคน.
ปัจเจกพุทธะ 0,น.,ชื่อพระพุทธเจ้าพวกหนึ่งที่ตรัสรู้เฉพาะตัว มิได้สั่งสอนผู้อื่น.
ปัจเจกโพธิ 0,น.,ความตรัสรู้เฉพาะตัว คือ ความตรัสรู้ของพระปัจเจกพุทธเจ้า.
ปัจเจกสมาทาน 0,น.,"การสมาทานศีลทีละสิกขาบท เรียกว่า ปัจเจก-สมาทาน, ถ้าสมาทานรวบท้าย เช่นว่า พุทฺธปญฺตฺตํ อุโปสถํ สมาทิยามิ หรือ อฏฺ สีลานิ สมาทิยามิ เรียกว่า เอกัชฌสมาทาน."
ปัจโจปการกิจ 0,น.,การที่บุคคลทำตอบแทนอุปการะของผู้อื่น.
ปัจโจสกาล 0,น.,เวลาเช้ามืด.
ปัจฉา 0,ว.,"ภายหลัง, เบื้องหลัง, ข้างหลัง."
ปัจฉาภัต 0,น.,เวลาภายหลังบริโภคอาหาร คือ ตั้งแต่เที่ยงแล้วไป.
ปัจฉาสมณะ 0,น.,สมณะผู้ตามหลัง คือ พระผู้น้อยมีหน้าที่เดินตามหลังพระผู้ใหญ่.
ปัจฉิม 0,ว.,ตะวันตก
ปัจฉิม 1,ว.,"ภายหลัง, ทีหลัง, ข้างหลังสุด."
ปัจฉิม- 0,ว.,ตะวันตก
ปัจฉิม- 1,ว.,"ภายหลัง, ทีหลัง, ข้างหลังสุด."
ปัจฉิมชน 0,น.,ชนที่เกิดภายหลัง.
ปัจฉิมทิศ 0,น.,ทิศตะวันตก.
ปัจฉิมพรรษา 0,น.,"“พรรษาหลัง”, ช่วงระยะเวลาที่ภิกษุเข้าอยู่จำพรรษาหลัง คือตั้งแต่วันแรม ๑ ค่ำ เดือน ๙ ถึงขึ้น ๑๕ ค่ำ เดือน ๑๒, คู่กับ บุริมพรรษา หรือ ปุริมพรรษา."
ปัจฉิมภาค 0,น.,ส่วนเบื้องปลาย.
ปัจฉิมยาม 0,น.,"ยามหลัง, ยามสุดท้าย, ในบาลีแบ่งคืนออกเป็น ๓ ยาม กำหนดยามละ ๔ ชั่วโมง เรียกว่า ปฐมยาม มัชฌิมยาม และปัจฉิมยาม ปัจฉิมยามกำหนดเวลาตั้งแต่ตี ๒ หรือ ๒ นาฬิกา ถึงย่ำรุ่ง หรือ ๖ นาฬิกา."
ปัจฉิมลิขิต 0,น.,"“เขียนภายหลัง” คือหนังสือที่เขียนเพิ่มเติมลงท้ายเมื่อเซ็นชื่อแล้ว, ใช้อักษรย่อว่า ป.ล."
ปัจฉิมวัย 0,น.,"วัยตอนปลาย, วัยชรา."
ปัจฉิมวาจา 0,น.,วาจาครั้งสุดท้าย.
ปัจถรณ์ 0,น.,บรรจถรณ์.
ปัจนึก 0,น.,"ข้าศึก, ศัตรู."
ปัจยาการ 0,น.,อาการที่เป็นเหตุต่อเนื่องกัน คือ ปฏิจจสมุปบาท.
ปัจเวกขณ์ 0,น.,"การเห็นลงจำเพาะ, การพิจารณา."
ปัชชร 0,ก.,ประชวร.
ปัชชุน 0,น.,เมฆ.
ปัญจ- 0,ว.,เบญจะ.
ปัญจก 0,น.,"เบญจก, หมวด ๕."
ปัญจกะ 0,น.,"เบญจก, หมวด ๕."
ปัญจนที 0,น.,แม่นํ้า ๕ สาย คือ ๑. คงคา ๒. ยมนา ๓. อจิรวดี ๔. สรภู ๕. มหี.
ปัญจม- 0,ว.,"เบญจม, ที่ ๕."
ปัญจมี 0,ว.,ที่ ๕.
ปัญจมีดิถี 0,น.,วัน ๕ คํ่า.
ปัญจวัคคีย์ 0,น.,พวก ๕ คน เป็นคำเรียกพระสงฆ์ ๕ รูป มีพระอัญญาโกณฑัญญะเป็นต้น ที่ตามพระพุทธเจ้าออกบวช และได้เป็นพระอรหันต์ก่อนพวกอื่น.
ปัญจวีสติ 0,ว.,ยี่สิบห้า.
ปัญจสาขา 0,น.,กิ่งทั้ง ๕ คือ หัว ๑ แขน ๒ ขา ๒ ของลูกที่อยู่ในท้อง.
ปัญจะ 0,ว.,เบญจะ.
ปัญญัติ 0,ก.,บัญญัติ.
ปัญญา 0,น.,"ความรอบรู้, ความรู้ทั่ว, ความฉลาดเกิดแต่เรียนและคิด, เช่น คนมีปัญญา หมดปัญญา."
ปัญญาแค่หางอึ่ง 0,ว.,"มีความรู้น้อย, โง่."
ปัญญาชน 0,น.,คนที่มีความรู้หรือความฉลาดอันเกิดแต่การเรียนมามาก.
ปัญญาวิมุติ 0,น.,"ความหลุดพ้นด้วยปัญญา เป็นโลกุตรธรรมประการหนึ่ง, คู่กับ เจโตวิมุติ."
ปัญญาส- 0,ว.,ห้าสิบ.
ปัญญาอ่อน 0,น.,ภาวะที่มีระดับสติปัญญาด้อยหรือตํ่ากว่าปรกติ มักมีสาเหตุเกิดขึ้นในระหว่างพัฒนาการ ทำให้เด็กมีความสามารถจำกัดในด้านการเรียนรู้และมีพฤติกรรมปรับตัวไม่อยู่ในระดับที่ควรเป็น.
ปัญญาอ่อน 1,ว.,มีระดับสติปัญญาด้อยหรือต่ำกว่าปรกติ.
ปัญหา 0,น.,"ข้อสงสัย, ข้อขัดข้อง, เช่น ทำได้โดยไม่มีปัญหา, คำถาม, ข้อที่ควรถาม, เช่น ตอบปัญหา, ข้อที่ต้องพิจารณาแก้ไข เช่น ปัญหาเฉพาะหน้า ปัญหาทางการเมือง."
ปัญหาโลกแตก 0,น.,ปัญหาที่หาข้อยุติไม่ได้.
ปัฏ 0,น.,"ผืนผ้า, แผ่นผ้า."
ปัฏนะ 0,น.,ท่าเรือ.
ปัฐยาวัต 0,น.,"ชื่อฉันท์ชนิดหนึ่ง ซึ่งกำหนดด้วยอักษร ๓๒ คำ มี ๔ บาท บาทละ ๘ คำ, บัฐยาพฤต หรือ อัษฎกฉันท์ ก็เรียก."
ปัณฑรหัตถี 0,น.,"ชื่อช้างตระกูล ๑ ใน ๑๐ ตระกูล กายสีขาวดังเขาไกรลาส, ช้าง ๑๐ ตระกูล คือ ๑. กาฬาวกหัตถี ๒. คังไคยหัตถี ๓. ปัณฑรหัตถี ๔. ตามพหัตถี ๕. ปิงคลหัตถี ๖. คันธหัตถี ๗. มงคลหัตถี ๘. เหมหัตถี ๙. อุโบสถหัตถี ๑๐. ฉัททันตหัตถี."
ปัณณะ 0,น.,บรรณ.
ปัณณาส 0,ว.,ห้าสิบ.
ปัณณาสก์ 0,ว.,หมวด ๕๐.
ปัณรส- 0,ว.,สิบห้า.
ปัณรสม- 0,ว.,ที่ ๑๕.
ปัณรสมสุรทิน 0,น.,วันที่ ๑๕.
ปัณรสี 0,ว.,ที่ ๑๕.
ปัณรสีดิถี 0,น.,วัน ๑๕ คํ่า.
ปัณหิ 0,น.,"ส้นเท้า, ราชาศัพท์ว่า พระปัณหิ."
ปัด 0,ก.,ทำให้หมดไปด้วยการพัดหรือโบกเป็นต้น เช่น ปัดฝุ่น ปัดแมลงวัน
ปัด 1,ก.,"เบนไป, เฉไป, เช่น พระอาทิตย์ปัดเหนือปัดใต้ ท้ายรถปัดไปทางหนึ่ง เดินขาปัด"
ปัด 2,ก.,กระทบเรียดไป เช่น กิ่งไม้ปัดหลังคา
ปัด 3,ก.,"เกลี่ยให้เสมอกัน, เกลี่ยให้เรียบ, เช่น ปัดขนตา ปัดคิ้ว ปัดแก้ม."
ปัด 4,น.,เม็ดแก้วเป็นต้นมีรูตรงกลางสำหรับร้อยเป็นเครื่องประดับต่าง ๆ เรียกว่า ลูกปัด.
ปัด ๆ 0,ว.,"อาการที่โกรธกระฟัดกระเฟียด, อาการที่ดิ้นพราด ๆ อย่างปลาที่ถูกตี."
ปัด ๆ เป๋ ๆ 0,ว.,"ตุปัดตุเป๋, อาการที่เดินเฉไปเฉมา."
ปัดเกล้า 0,น.,ท่ารำชนิดหนึ่งแห่งหมอช้าง รำเมื่อนำช้างบำรูงาเสร็จครั้งแรกแล้ว.
ปัดขา 0,ก.,ทำให้ล้มหรือเสียหลัก.
ปัดแข้งปัดขา 0,ก.,ทำอย่างใดอย่างหนึ่งเพื่อให้เขาหลุดพ้นตำแหน่งหน้าที่หรือไม่ให้ได้เลื่อนฐานะตำแหน่งที่ควรจะได้.
ปัดเงา 0,ก.,ทำให้ขึ้นเงาเป็นมันวาวด้วยแปรงเป็นต้น.
ปัดซาง 0,ก.,เสกเป่าให้ซางหาย.
ปัดตลอด 0,ว.,มีขนขาวหรือดำเป็นแนวยาวไปตามสันหลังตั้งแต่หัวตลอดหาง เช่น แมวปัดตลอด
ปัดตลอด 1,ว.,เรียก “นะ” ที่เขียนเป็นอักษรขอม สำหรับลงและปลุกเสกให้แคล้วคลาดตลอดปลอดภัยว่า “นะปัดตลอด”.
ปัดไถม 0,น.,ฝ้าบาง ๆ ที่เกิดขึ้นทำให้เป็นมลทินหรือคลํ้ามัว.
ปัดเป่า 0,ก.,"ทำพิธีเสกเป่าเพื่อให้ความเจ็บไข้หาย, แก้ความลำบากขัดข้องให้หมดไป."
ปัดพิษ 0,ก.,เสกเป่าเพื่อให้พิษหมดไป.
ปัดรังควาน 0,ก.,"ทำพิธีขับไล่ผี, โดยปริยายหมายถึง ขับไล่อัปรีย์จัญไรให้พ้นไป."
ปัดเศษ 0,ก.,ทิ้งเศษเสียหรือเพิ่มเศษให้เข้าจำนวนเต็ม.
ปัดสวะ 0,ก.,"ทำอย่างขอไปที, ผลักให้พ้นหน้าที่ความรับผิดชอบของตนไป."
ปัตคาด 0,น.,ชื่อเส้นในร่างกายของคน ในตำราหมอนวดว่า ตั้งแต่ท้องน้อยถึงโคนขาทั้งด้านหน้าและด้านหลัง.
ปัตตะ 0,น.,บัตร
ปัตตะ 1,น.,บาตร.
ปัตตานีกะ 0,น.,"กองทัพเหล่าราบ, กองทัพทหารเดินเท้า, เป็นส่วนหนึ่งแห่งกระบวนทัพโบราณ ซึ่งเรียกว่า จตุรงคพล จตุรงคโยธา จตุรงคเสนา หรือ จตุรงคินีเสนา มี ๔ เหล่า ได้แก่ ๑. หัตถานึก (กองทัพช้าง, เหล่าทหารช้าง) ๒. อัศวานึก (กองทัพม้า, เหล่าทหารม้า) ๓. รถานึก (กองทัพเหล่ารถ) ๔. ปัตตานึก หรือปัตตานีกะ (กองทัพเหล่าราบ, กองทัพทหารเดินเท้า)."
ปัตตานึก 0,น.,"กองทัพเหล่าราบ, กองทัพทหารเดินเท้า, เป็นส่วนหนึ่งแห่งกระบวนทัพโบราณ ซึ่งเรียกว่า จตุรงคพล จตุรงคโยธา จตุรงคเสนา หรือ จตุรงคินีเสนา มี ๔ เหล่า ได้แก่ ๑. หัตถานึก (กองทัพช้าง, เหล่าทหารช้าง) ๒. อัศวานึก (กองทัพม้า, เหล่าทหารม้า) ๓. รถานึก (กองทัพเหล่ารถ) ๔. ปัตตานึก หรือปัตตานีกะ (กองทัพเหล่าราบ, กองทัพทหารเดินเท้า)."
ปัตตานุโมทนา 0,น.,การอนุโมทนาส่วนบุญที่ผู้อื่นให้.
ปัตตานุโมทนามัย 0,ว.,"สำเร็จด้วยการยินดีในความดีของผู้อื่น, เป็นธรรมข้อ ๑ ในบุญกิริยาวัตถุ ๑๐."
ปัตตาเวีย 0,น.,"ชื่อเมืองในเกาะชวาสมัยโบราณ เดิมเรียกว่าเมืองกะหลาป๋า, ปัจจุบันคือ จาการ์ตา."
ปัตตาเวีย 1,น.,ชื่อไม้พุ่มชนิด Jatropha integerrimaJacq. ในวงศ์ Euphorbiaceae ต้นเป็นพุ่มโปร่ง ดอกสีแดงและชมพู.
ปัตติ 0,น.,ส่วนบุญ.
ปัตติก 0,น.,"พลเดินเท้า, ทหารราบ."
ปัตติทาน 0,น.,การให้ส่วนบุญ.
ปัตติทานมัย 0,ว.,"สำเร็จด้วยการเฉลี่ยส่วนแห่งความดีให้แก่ผู้อื่น, เป็นธรรมข้อ ๑ ในบุญกิริยาวัตถุ ๑๐."
ปัตถร 0,น.,"บรรถร, ที่นอน, เครื่องปูลาด."
ปัตถะ 0,น.,"ชื่อมาตราตวงในภาษาบาลี แปลว่า แล่ง, กอบ, คือ ๒ ปัตถะ เป็น ๑ นาฬี (ทะนาน)."
ปัตนิ 0,น.,"หญิงแม่เรือน, เมีย. (ในตำราหมอดูว่า เนื้อคู่)."
ปัตนี 0,น.,"หญิงแม่เรือน, เมีย. (ในตำราหมอดูว่า เนื้อคู่)."
ปัตยัย 0,น.,ปัจจัย.
ปัตหล่า 0,น.,ผ้าริ้วทอด้วยไหมกับทองแล่งมีเนื้อบาง โดยมากทำเป็นเสื้อครุย.
ปัถพี 0,น.,"ปถพี, ปถวี."
ปัถวี 0,น.,"ปถพี, ปถวี."
ปัถวี 1,น.,ท้ายเรือพิธี เช่น หางตาเรือก็กลับไปข้างปัถวี (พงศ. เลขา).
ปัทม์ 0,น.,ชื่อบัวหลวงพันธุ์หนึ่ง. (ดู บัว).
ปัทม- 0,น.,ชื่อบัวหลวงพันธุ์หนึ่ง. (ดู บัว).
ปัทมปาณี 0,น.,"ผู้มีดอกบัวในมือ คือ พระพรหม พระวิษณุ, ชื่อหนึ่งหรือปางหนึ่งของพระอวโลกิเตศวรโพธิสัตว์ พระหัตถ์ทรงดอกบัว."
ปัทมราค 0,น.,"พลอยสีแดง, ทับทิม."
ปัทมราช 0,น.,"พลอยสีแดง, ทับทิม."
ปัทมะ 0,น.,ชื่อสังขยาจำนวนสูง = ๑๐๐ โกฏิ.
ปัทมาสน์ 0,น.,ฐานบัว (เช่นฐานพระพุทธรูปมีลายบัวควํ่าบัวหงาย).
ปัน 0,ก.,"แบ่ง เช่น ปันเป็นส่วน ๆ, แบ่งซื้อ ในคำว่า ขอปัน, แบ่งขาย ในคำว่า ปันให้."
ปั่น 0,ก.,"ทำให้หมุน, ทำให้เวียน, เช่น ปั่นแปะ ปั่นโป"
ปั่น 1,ก.,หมุน เช่น หัวปั่น.
ปั้น 0,ก.,เอาสิ่งอ่อน ๆ เช่นขี้ผึ้งดินเหนียวเป็นต้นมาทำให้เป็นรูปตามที่ต้องการ เช่น ปั้นข้าวเหนียว ปั้นตุ๊กตา
ปั้น 1,ก.,"สร้างขึ้น, เสกสรรขึ้น, เช่น ปั้นพยาน ปั้นเรื่อง"
ปั้น 2,ก.,ชุบเลี้ยงและอบรมสั่งสอนให้เป็นคนดี เช่น ฉันปั้นเขามาจนได้ดี.
ปั้น 3,น.,ลักษณนามเรียกสิ่งที่ปั้นเป็นก้อน ๆ เช่น ข้าวเหนียว ๓ ปั้น.
ปั้น 4,น.,"ภาชนะดินสำหรับชงนํ้าชา มีพวยเหมือนกา, ป้าน ก็ใช้."
ปั้นจั่น 0,น.,"เครื่องยกของหนักประกอบด้วยเสาและรอกเป็นต้น, เครื่องจักรสำหรับยกของหนัก."
ปั้นจิ้มปั้นเจ๋อ 0,ว.,แสดงอาการกินหมากจัดเอาอย่างเขา
ปั้นจิ้มปั้นเจ๋อ 1,ว.,"เจ้าหน้าเจ้าตา, ดัดจริตเสนอหน้าหรือแสดงตัวผิดกาลเทศะ."
ปันจุเหร็จ 0,น.,เครื่องรัดเกล้าที่ไม่มียอด
ปันจุเหร็จ 1,น.,โจรป่า.
ปั้นเจ๋อ 0,ว.,เจ้าหน้าเจ้าตา.
ปั่นด้าย 0,ก.,เอาเส้นใยที่ทำให้ฟูตัวแล้วมาดึงให้ยืดเป็นเส้นพร้อมกับบิดเกลียวเพื่อให้เส้นใยเกาะตัวเป็นเส้นยาวติดต่อกัน.
ปั้นน้ำเป็นตัว 0,ก.,สร้างเรื่องเท็จให้เห็นเป็นจริงเป็นจังขึ้นมา.
ปั่นป่วน 0,ก.,"เคลื่อนไหวไปมาอย่างรุนแรงผิดปรกติ เช่น ทะเลปั่นป่วน, สับสนวุ่นวายผิดปรกติ เช่น ใจคอปั่นป่วน ท้องปั่นป่วน บ้านเมืองปั่นป่วน, ป่วนปั่น ก็ว่า."
ปั้นปึ่ง 0,ว.,ทำท่าเย่อหยิ่งไม่พูดจากับใคร.
ปั่นแปะ 0,น.,"ชื่อการพนันอย่างหนึ่ง เดิมใช้อีแปะ ปัจจุบันใช้สตางค์หรือเงินเหรียญปั่นให้หมุน แล้วใช้ฝ่ามือปิดไว้ ให้ทายว่าจะออกหัวหรือก้อย, อีกอย่างหนึ่งใช้อีแปะ สตางค์ หรือเงินเหรียญ ๒ อัน อันหนึ่งใส่ไว้ในอุ้งมือ แล้วปั่นอีกอันหนึ่งให้หมุน แล้วเอาฝ่ามือที่มีอีแปะ สตางค์ หรือเงินเหรียญตบลงไปบนอันที่กำลังหมุน ให้ทายว่า ออกหัว ก้อย หรือกลาง ถ้าออกหัว ๒ อัน เรียกว่า ออกหัว ถ้าออกก้อย ๒ อัน เรียกว่า ออกก้อย ถ้าออกหัวอันหนึ่งก้อยอันหนึ่ง เรียกว่า ออกกลาง."
ปั่นฝ้าย 0,ก.,"เอาใยฝ้ายเข้าติดกับไนแล้วหมุนเพื่อทำเป็นเส้นด้าย, ถ้าเป็นวัตถุอย่างอื่นเช่นไหมและปอ เรียกตามวัตถุนั้น ๆ ว่า ปั่นไหม ปั่นปอ, อีสานเรียกว่า เข็นฝ้าย."
ปั่นไฟ 0,ก.,"ผลิตไฟฟ้าด้วยเครื่องกำเนิดไฟฟ้า, เดินเครื่องกำเนิดไฟฟ้า."
ปั่นไฟ 1,น.,เรียกเครื่องกำเนิดไฟฟ้า ว่า เครื่องปั่นไฟ.
ปั้นยศ 0,ก.,ทำเจ้ายศเจ้าอย่าง.
ปั่นใย 0,น.,"ชื่อแมลงอันดับ Embioptera ลักษณะลำตัวเป็นรูปทรงกระบอก ยาว ๐.๕-๒.๐ เซนติเมตร เพศเมียทุกตัวและเพศผู้บางตัวไม่มีปีก ตีนมี ๓ ข้อ สามารถสร้างใยได้จากต่อมสร้างใยอยู่ที่ตีนข้อแรกของขาคู่หน้าที่โป่งพองออก อาศัยอยู่รวมกันเป็นกลุ่มภายในอุโมงค์ เส้นใยมักพบตามใต้เปลือกไม้ รอยแตกในดินและหิน ที่พบบ่อย เช่น ชนิด Oligotoma saundersii Westwood ในวงศ์ Oligotomidae, ชักใย ก็เรียก."
ปั้นลม 0,น.,"ชื่อไม้แผ่นที่พาดบนหัวแป ใช้ปิดริมหลังคาด้านหัวและท้ายเรือนกันลมตีเครื่องมุง, ป้านลม ก็ว่า."
ปั้นล่ำ 0,น.,ชื่อขนมทำด้วยแป้งเกลือกงา.
ปั้นล่ำ 1,ก.,อวดดี.
ปันส่วน 0,ก.,แบ่งเฉลี่ยตามส่วน.
ปันส่วน 1,ว.,ที่แบ่งเฉลี่ยตามส่วน เช่น ข้าวปันส่วน.
ปั้นสิบ 0,น.,"ของกินอย่างหนึ่ง ทำด้วยแป้งข้าวเจ้า ใช้แป้งห่อไส้แล้วม้วนบิดริมแป้งตรงที่ประกบกันให้เป็นลายเกลียว นึ่งหรือทอด, แป้งสิบ ก็เรียก."
ปั้นสีหน้า 0,ก.,แกล้งแสดงหน้าตาให้ผิดปรกติเพื่อลวงให้เขาหลงเชื่อ เช่น ไม่เจ็บแต่ปั้นสีหน้าให้เหมือนคนเจ็บ.
ปั้นหยา 0,น.,สิ่งปลูกสร้างซึ่งมีหลังคาเอนเข้าหาอกไก่ทั้ง ๔ ด้าน ไม่มีหน้าจั่ว เรียกว่า เรือนปั้นหยา.
ปั่นหัว 0,ก.,ทำให้งง (มาจากการกัดจิ้งหรีด โดยจับตัวที่แพ้มาปั่นหัวให้งง เพื่อจะได้สู้ต่อไป) เช่น ปั่นหัวจิ้งหรีด
ปั่นหัว 1,ก.,ยุให้ผิดใจกัน.
ปั้นเหน่ง 0,น.,เข็มขัด.
ปับ 0,ว.,เสียงดังอย่างเสียงถูกชกหรือต่อย
ปับ 1,ว.,"อาการที่เป็นไปอย่างฉับไว, ทันทีทันใด, เช่น วางปับ หยิบปับ, มักใช้เข้าคู่กับคำ ปุบ เป็น ปุบปับ."
ปั๊บ 0,ว.,"อาการที่เป็นไปอย่างฉับไว, ทันทีทันใด, เช่น วางปั๊บ หยิบปั๊บ, มักใช้เข้าคู่กับคำ ปุ๊บ เป็น ปุ๊บปั๊บ."
ปัปผาสะ 0,น.,ปอด.
ปัพพาชนะ 0,น.,การขับไล่.
ปัพพาชนียกรรม 0,น.,กิจของสงฆ์ทำในการขับไล่ภิกษุ
ปัพพาชนียกรรม 1,น.,การขับไล่ออกจากหมู่.
ปัพภาระ 0,น.,เงื้อมเขา.
ปั๊ม 0,ก.,"ใช้เครื่องที่เป็นแบบพิมพ์ตอกลงหรือกดลงบนกระดาษหรือโลหะเป็นต้นให้มีรูปหรือลวดลายตามแบบพิมพ์นั้น เช่น ปั๊มตรา ปั๊มกระดุม, โดยปริยายหมายถึงอาการที่คล้ายคลึงเช่นนั้น เช่น ปั๊มแบงก์ ปั๊มเงิน"
ปั๊ม 1,ก.,"ใช้เครื่องสูบหรือดูดของเหลวหรือแก๊ส เช่น ปั๊มน้ำ ปั๊มลม, ใช้เครื่องช่วยทำให้หัวใจกลับเต้นเป็นปรกติ เรียกว่า ปั๊มหัวใจ."
ปั๊ม 2,น.,"เรียกเครื่องยนต์สำหรับสูบน้ำ ว่า เครื่องปั๊มน้ำ, เรียกเครื่องยนต์สำหรับสูบลมหรือแก๊ส ว่า เครื่องปั๊มลม, เรียกเครื่องอุปกรณ์ที่ช่วยทำให้หัวใจกลับเต้นเป็นปรกติว่า เครื่องปั๊มหัวใจ"
ปั๊ม 3,น.,"สถานีบริการน้ำมันเชื้อเพลิง, เรียกเต็มว่า ปั๊มน้ำมัน."
ปั๊มน้ำมัน 0,น.,"สถานีบริการนํ้ามันเชื้อเพลิง, เรียกสั้น ๆ ว่า ปั๊ม."
ปัยกะ 0,น.,"ปู่ทวด, ตาทวด, ราชาศัพท์ว่า พระปัยกา."
ปัยกา 0,น.,"ปู่ทวด, ตาทวด, ราชาศัพท์ว่า พระปัยกา."
ปัยยิกา 0,น.,"ย่าทวด, ยายทวด, ราชาศัพท์ว่า พระปัยยิกา."
ปั่ว 0,น.,พลเมือง
ปั่ว 1,น.,ผู้ชาย.
ปัวเปีย 0,ก.,"นัวเนีย, ปะปน, เกี่ยวข้อง, คลุกคลี."
ปั้วเปี้ย 0,ว.,อ่อนกำลังจนแทบจะทรงตัวไม่ได้.
ปัศจิม 0,ว.,ตะวันตก
ปัศจิม 1,ว.,เบื้องหลัง เช่น ฝ่ายปัศจิม.
ปัศตัน 0,น.,ลูกปืนที่บรรจุดินและแก๊ปในตัว
ปัศตัน 1,น.,เรียกปืนที่ใช้ลูกชนิดนี้ ว่า ปืนปัศตัน.
ปัศตู 0,น.,ผ้าขนสัตว์เนื้อฟุ.
ปัสสาวะ 0,น.,เยี่ยว.
ปัสสาสะ 0,น.,ลมหายใจออก.
ปา 0,ก.,ซัดไปด้วยอาการยกแขนขึ้นสูงแล้วเอี้ยวตัว
ปา 1,ก.,"คำใช้แทนกิริยาได้หลายอย่างแล้วแต่คำประกอบที่ทำให้รู้ว่าเกินกว่าที่คาดคิด, มักใช้ว่า ปาขึ้นไป หรือ ปาเข้าไป, เช่น ค่าโดยสารปาขึ้นไปตั้ง ๑๐ บาท กว่าจะทำงานเสร็จก็ปาเข้าไปตั้ง ๒ ทุ่ม."
ป่า 0,น.,"ที่ที่มีต้นไม้ต่าง ๆ ขึ้นมา, ถ้าเป็นต้นสัก เรียกว่า ป่าสัก, ถ้าเป็นต้นรัง เรียกว่า ป่ารัง, ถ้ามีพรรณไม้ชนิดใดชนิดหนึ่งขึ้นอยู่มาก ก็เรียกตามพรรณไม้นั้น เช่น ป่าไผ่ ป่าคา ป่าหญ้า"
ป่า 1,น.,ที่ดินรวมตลอดถึง ภูเขา ห้วย หนอง คลอง บึง บาง ลำน้ำ ทะเลสาบ เกาะ และที่ชายทะเล ที่ยังมิได้มีบุคคลได้มาตามกฎหมาย
ป่า 2,น.,เรียกปลากัดหรือปลาเข็มที่เป็นพันธุ์เดิมตามธรรมชาติ ว่า ลูกป่า
ป่า 3,น.,เรียกตำบลที่มีของขายอย่างเดียวกันมาก ๆ เช่น ป่าถ่าน ป่าตะกั่ว.
ป่า 4,ว.,"ที่ได้มาจากป่าหรืออยู่ในป่า เช่น ของป่า ช้างป่า สัตว์ป่า คนป่า, ที่ห่างไกลความเจริญ เช่น บ้านป่า เมืองป่า."
ป่า 5,ก.,ตีดะไป ในคำว่า ตีป่า.
ป้า 0,น.,"พี่สาวของพ่อหรือแม่ หรือหญิงที่มีวัยไล่เลี่ยแต่แก่กว่าพ่อหรือแม่, คำเรียกหญิงที่ไม่รู้จักแต่มักมีอายุแก่กว่าพ่อหรือแม่."
ปาก 0,น.,ส่วนหนึ่งของร่างกายคนและสัตว์ อยู่ที่บริเวณใบหน้า มีลักษณะเป็นช่องสำหรับกินอาหารและใช้สำหรับเปล่งเสียงได้ด้วย
ปาก 1,น.,โดยปริยายหมายถึง ส่วนต่าง ๆ ที่อยู่ในบริเวณปาก เช่น ปากเปื่อย
ปาก 2,น.,ขอบช่องแห่งสิ่งต่าง ๆ เช่น ปากหม้อ ปากไห
ปาก 3,น.,ต้นทางสำหรับเข้าออก เช่น ปากช่อง ปากตรอก
ปาก 4,น.,"กลีบดอกกล้วยไม้คล้ายรูปกรวยหรือหลอดที่อยู่ตรงกลางเป็นที่อยู่ของเกสร, กระเป๋า ก็เรียก"
ปาก 5,น.,ใช้เป็นลักษณนามของสิ่งบางอย่างเช่นแหอวนหรือพยานบุคคล เช่น แหปากหนึ่ง อวน ๒ ปาก พยาน ๓ ปาก.
ปาก 6,ก.,พูด เช่น ดีแต่ปาก.
ปากกบ 0,น.,รอยมุมของสิ่งที่มีรูปสี่เหลี่ยมประกบกันเป็นรอยแบ่งมุมฉากออกเป็น ๒ มุม เช่น รอยมุมสบง จีวร กรอบรูป กรอบหน้าต่าง.
ปากกระจับ 0,น.,ชื่อพานขนาดเล็ก ปากเป็นรูปวงรีทำเป็นรูปกลีบบัวคลี่ออกคล้ายฝักกระจับ.
ปากกระบะ 0,น.,ชื่องูพิษร้ายชนิดหนึ่ง.
ปากกริว 0,น.,รอยปากไม้คล้ายปากกบ แต่มีรอยผ่ามุมฉากไม่ตลอดเหมือนปากกบ ผ่าแค่หมดลวดเท่านั้น.
ปากกล้า 0,ว.,พูดไม่เกรงกลัวใคร.
ปากกว้าง 0,น.,"ชื่องูนํ้าขนาดกลางชนิด Homalopsis buccata (Linn.) ในวงศ์ Colubridae ลำตัวยาวประมาณ ๑.๓ เมตร หัวใหญ่ ด้านบนมีแถบสีน้ำตาลเหลืองพาดขวาง ปากกว้าง เกล็ดมีสัน ตัวสีน้ำตาลแดง มักพบอาศัยอยู่ตามริมคลอง บึง และหนองน้ำ หากินเวลากลางคืน กินปลาและสัตว์สะเทินน้ำสะเทินบกเป็นอาหาร มีพิษอ่อนมาก, หัวกะโหลก เหลือมอ้อ เหลือมน้ำ หรือ เห่าน้ำ ก็เรียก."
ปากกา 0,น.,เครื่องสำหรับขีดเขียนชนิดหนึ่ง ประกอบด้วยตัวปากและด้าม ตัวปากมักทำด้วยโลหะ เช่น ปากกาคอแร้ง ปากกาเบอร์ ๕ ใช้เสียบที่ด้ามจุ้มหมึกหรือน้ำสีอื่นเขียน.
ปากกา 1,น.,เครื่องสำหรับหนีบของใช้ ทำด้วยไม้หรือเหล็กก็มี.
ปากกาลูกลื่น 0,น.,"ปากกาที่ใช้ไส้บรรจุหมึกสำเร็จรูป ปลายไส้มักทำด้วยโลหะกลมเล็ก ๆ, ปากกาหมึกแห้ง ก็เรียก."
ปากกาหมึกซึม 0,น.,ปากกาที่มีไส้สำหรับใส่นํ้าหมึกหรือหลอดบรรจุหมึก น้ำหมึกจะค่อย ๆ ไหลซึมออกมาที่ปลายปากกาเองโดยไม่ต้องจุ้ม.
ปากกาหมึกแห้ง 0,น.,ปากกาลูกลื่น.
ปากไก่ 0,น.,เครื่องสำหรับขีดเขียนชนิดหนึ่ง ประกอบด้วยตัวปากและด้าม ตัวปากมักทำด้วยโลหะ เช่น ปากกาคอแร้ง ปากกาเบอร์ ๕ ใช้เสียบที่ด้ามจุ้มหมึกหรือน้ำสีอื่นเขียน.
ปากขม 0,ว.,อาการที่รู้สึกขมในปากเมื่อเวลาเป็นไข้.
ปากขอ 0,น.,"ชื่อพยาธิตัวกลมขนาดเล็กหลายชนิด ในวงศ์ Ancylostomatidae หัวโค้งงอคล้ายตาขอ ในช่องปากมีอวัยวะคล้ายฟันแหลมหรือเป็นแผ่นใช้เกาะเกี่ยวผนังลำไส้ อาศัยดูดกินเลือดมนุษย์และสัตว์ มีขนาดต่าง ๆ กัน ยาว ๕-๓๐ มิลลิเมตร ชนิดที่อยู่ในลำไส้เล็กของมนุษย์ ได้แก่ ชนิด Necator americanus (Stiles), Ancylostoma duodenale Dubini ชนิดที่อยู่ในลำไส้เล็กของสุนัขและแมว ได้แก่ ชนิด A. braziliense Gomez de Foria, A. ceylanicum Looss."
ปากแข็ง 0,ว.,พูดยืนยันหรือเถียงอย่างดื้อดันไม่ยอมจำนนข้อเท็จจริง.
ปากคม 0,ว.,พูดจาเหน็บแนมด้วยคารมคมคาย.
ปากคอ 0,น.,ปาก เช่น ปากคออยู่ไม่สุข.
ปากคอก 0,น.,หญ้าปากคอก. (ดู ตีนกา ๓).
ปากคอเราะราย 0,ว.,"ชอบพูดจาชวนหาเรื่องไม่เลือกหน้า, ปากเปราะเราะราย ก็ว่า."
ปากคัน 0,ว.,"อาการที่ปากอยู่ไม่สุข ชอบพูด ชอบฟ้อง, ปากตำแย หรือ ปากบอน ก็ว่า."
ปากคำ 0,น.,ถ้อยคำที่บุคคล คู่กรณี หรือพยานให้ไว้กับเจ้าพนักงาน ศาล หรือเจ้าหน้าที่อื่นของรัฐ.
ปากคีบ 0,น.,เครื่องคีบเป็นเหล็ก ๒ ขา ส่วนมากมีปลายแหลม สำหรับคีบสิ่งของ.
ปากจอบ 0,น.,"ชื่อสัตว์เลื้อยคลานจำพวกจิ้งเหลน ชนิด Isopachys gyldenstolpei Lönnberg ในวงศ์ Scincidae ปลายปากบนยื่นยาวกว่าปากล่าง ลักษณะแบนกว้างคล้ายจอบ ตัวกลมเป็นมัน สีนํ้าตาลเหลืองลายดำ ไม่มีขา หางสั้น ปลายตัด อาศัยตามดินร่วนหรือดินปนทราย กินตัวอ่อนแมลงและสัตว์ขนาดเล็ก, จิ้งเหลนด้วงหางลาย ก็เรียก."
ปากจะขาบ 0,น.,"ชื่อกบไสไม้มีคมเป็นง่ามสำหรับไสไม้ให้เป็นลวดลาย, ปากจะขาบ ก็เรียก."
ปากจัด 0,ว.,"ชอบพูดจาหรือโต้เถียงด้วยถ้อยคำแข็งกร้าวไม่สุภาพ, ด่าเก่ง, ชอบพูดจาหยาบคาย."
ปากจั่น 0,น.,ประตูน้ำอย่างโบราณที่ใช้ไม้ซุงขวาง.
ปากจิ้งจก 0,น.,ชื่อคีมชนิดหนึ่ง ปากแหลมคล้ายปากจิ้งจก ใช้คีบของเล็ก ๆ ที่อยู่ในที่แคบ ๆ เรียกว่า คีมปากจิ้งจก.
ปากจิ้งจก 1,น.,"ชื่องูขนาดกลางชนิด Ahaetulla prasina (Boie) ในวงศ์ Colubridae ยาวประมาณ ๑.๓ เมตร หัวและลำตัวเรียวยาว มีหลายสี ส่วนมากสีเขียวปลายหางสีนํ้าตาลแดง มักพบอาศัยบนต้นไม้ หากินเวลากลางวัน ส่วนใหญ่กินกิ้งก่า พบทั่วประเทศไทย มีพิษอ่อนมาก, บางครั้งเรียกชื่อตามสี เช่น ตัวสีส้มเรียก งูง่วงกลางดง ตัวสีเทาเรียก งูกล่อมนางนอน, เขียวหัวจิ้งจก เชือกกล้วย รากกล้วย หรือ แห้ว ก็เรียก."
ปากจู๋ 0,น.,ปากที่ห่อยื่นออกมา.
ปากฉลาม 0,น.,รูปบาดแผลหรือรอยผ้าขาดเป็นรูปสามเหลี่ยมแบะออกอย่างปากปลาฉลามหรือปากช้าง.
ปากชนาง 0,น.,เครื่องมือดักสัตว์ป่าชนิดหนึ่ง ใช้ตาข่ายขึงทำเป็นลักษณะคล้ายปากของชนางที่เป็นเครื่องดักปลา เพื่อต้อนสัตว์เข้าไป เช่น บ้างวงข่ายรายรอบปากชนาง (ไชยเชฐ).
ปากช้าง 0,น.,รูปบาดแผลหรือรอยผ้าขาดเป็นรูปสามเหลี่ยมแบะออกอย่างปากปลาฉลามหรือปากช้าง.
ปากซ่อม 0,น.,"ชื่อนกขนาดเล็กถึงขนาดกลางหลายชนิด หลายสกุล วงศ์ย่อย Scolopacinae ในวงศ์ Scolopacidae ปากยาวแหลม ปลายปากโป่ง ลำตัวป้อม มีลายสีนํ้าตาลและขาว ขาสั้น มักอยู่ตามลำพัง หากินในเวลาพลบคํ่าและกลางคืน ใช้ปากแทงหาอาหารจำพวกหนอนและไส้เดือนในดินลักษณะคล้ายกับการจิ้ม เช่น ปากซ่อมหางเข็ม [ Gallinago stenura (Bonaparte)] ปากซ่อมดง ( Scolopax rusticola Linn.) ปากซ่อมเล็ก [ Gallinago minima (Brünnich)], ปากส้อม ก็เรียก."
ปากตลาด 0,น.,ถ้อยคำที่โจษหรือเล่าลือกัน เช่น ปากตลาดเขาว่ากันมาอย่างนี้.
ปากตลาด 1,ว.,ปากจัด.
ปากต่อปาก 0,ก.,เล่าโดยการบอกต่อ ๆ กัน
ปากต่อปาก 1,ก.,เรียนโดยการบอกด้วยปากเปล่า (มักใช้แก่ผู้ไม่รู้หนังสือ).
ปากตะกร้อ 0,น.,เรียกมะม่วงบางชนิด เช่น มะม่วงพิมเสน มะม่วงน้ำดอกไม้ ที่แก่จัดจนหัวเหลืองอยู่บนต้น ว่า มะม่วงปากตะกร้อ.
ปากตะไกร 0,ว.,"ปากจัด, ชอบพูดจาเหน็บแนม."
ปากตะขาบ 0,น.,รูปเป็นง่ามอย่างเขี้ยวตะขาบ
ปากตะขาบ 1,น.,"ชื่อกบไสไม้มีคมเป็นง่ามสำหรับไสไม้ให้เป็นลวดลาย, ปากจะขาบ ก็เรียก."
ปากตำแย 0,ว.,"อาการที่ปากอยู่ไม่สุข ชอบพูด ชอบฟ้อง, ปากคัน หรือ ปากบอน ก็ว่า."
ปากแตร 0,น.,ชื่อกระโถนชนิดหนึ่ง ปากบานอย่างปากแตรหรือดอกลำโพง.
ปากแตร 1,น.,"ชื่อปลาทะเลในสกุล Fistularia วงศ์ Fistulariidae หัวและลำตัวแบนลงแต่แคบและยาวมาก ตาโต ปากเป็นท่อยาวคล้ายแตร มีช่องปากขนาดเล็กอยู่ปลายสุด ลำตัวไม่มีเกล็ดยกเว้นเฉพาะที่แนวสันหลัง ครีบหลังและครีบก้นอยู่ค่อนไปทางหาง ครีบหางเป็นแฉกมีเส้นยาวคล้ายแส้ยื่นออกจากกึ่งกลางครีบ ลำตัวทั่วไปรวมทั้งหัวและครีบสีนํ้าตาลแดง ขนาดยาวได้ถึง ๑ เมตร เช่น ชนิด F. villosa Klunzinger, สามรส ก็เรียก."
ปากใต้ 0,น.,"ปักษ์ใต้, ฝ่ายใต้."
ปากนก 0,น.,ชื่อดาวฤกษ์บูรพาษาฒ
ปากนก 1,น.,ชื่อหินสำหรับใช้นกสับให้เป็นประกาย.
ปากนกกระจอก 0,น.,เรียกปากที่เป็นแผลเปื่อยขาว ๆ เหลือง ๆ ที่มุมปากว่า ปากนกกระจอก.
ปากนกแก้ว 0,น.,ชื่อคีมชนิดหนึ่ง ปากมีลักษณะโค้งเข้าหากันคล้ายปากนกแก้ว ใช้ถอนตะปู เรียกว่า คีมปากนกแก้ว.
ปากน้ำ 0,น.,"บริเวณที่แควไหลลงมาบรรจบลำน้ำใหญ่ เช่น ปากน้ำโพ หรือบริเวณที่ลำน้ำใหญ่ไหลลงสู่ทะเลหรือทะเลสาบ เช่น ปากน้ำเจ้าพระยา ปากน้ำบางปะกง, บางทีก็ใช้เรียกทางเข้าอ่าวจากมหาสมุทรหรือทะเลสู่ฝั่งด้วย."
ปากบอน 0,ว.,"อาการที่ปากอยู่ไม่สุข ชอบพูด ชอบฟ้อง, ปากคัน หรือ ปากตำแย ก็ว่า."
ปากบาตร 0,น.,เรียกของที่ใส่ฝาบาตรถวายพระเวลาตักบาตร ว่า ของปากบาตร.
ปากเบา 0,ก.,พูดได้เร็ว (ใช้แก่เด็กที่สอนพูด)
ปากเบา 1,ก.,พูดโดยไม่ยั้งคิด.
ปากเบา 2,น.,เรียกยุงที่กัดไม่ค่อยจะรู้สึกเจ็บ ว่า ยุงปากเบา.
ปากแบะ 0,น.,ปากที่มีริมฝีปากล่างยื่นห้อยออกมามาก.
ปากปราศรัยใจเชือดคอ 0,ก.,พูดดีแต่ใจคิดร้าย.
ปากปลา 0,น.,ส่วนหัวของสำเภาที่ว่างอยู่ ไม่ได้อุดกระดาน.
ปากปลาร้า 0,ว.,ชอบพูดคำหยาบ.
ปากปลิง 0,น.,"ขั้วผลไม้ติดต่อกับก้าน โดยมากเป็นขั้วทุเรียนที่หลุดจากกันได้, ปลิง ก็เรียก."
ปากเป็ด 0,น.,ชื่อปี่ฝรั่งชนิดหนึ่ง มีปากแบนคล้ายปากเป็ด เรียกว่า ปี่ปากเป็ด คือ ปี่คลาริเน็ต.
ปากเป็ด 1,น.,ชื่องูหลามชนิด Python curtus Schlegel ในวงศ์ Pythonidae ตัวอ้วนสั้นสีแดงหรือส้ม มีลายดำ เหลือง และเทา อาศัยตามโพรงไม้โพรงดินริมน้ำหรือฝังตัวในโคลนใต้วัชพืชริมฝั่งน้ำ ตามปรกติไม่ขึ้นต้นไม้ หากินตามพื้นดิน โดยการเฝ้ารอเหยื่อ กินหนู นกน้ำ พบทางภาคใต้ของประเทศไทยและมาเลเซีย ไม่มีพิษ.
ปากเป็นชักยนต์ 0,ก.,ว่ากล่าวสั่งสอนไม่รู้จักหยุด.
ปากเปราะ 0,ก.,"พูดจาทักทายเก่ง, พูดจาว่าคนง่าย ๆ"
ปากเปราะ 1,ก.,เห่าเก่ง (ใช้แก่สุนัข).
ปากเปราะเราะราย 0,ว.,"ชอบพูดจาชวนหาเรื่องไม่เลือกหน้า, ปากคอเราะราย ก็ว่า."
ปากเปล่า 0,ก.,"ว่าโดยไม่ดูตัวหนังสือ เช่น เทศน์ปากเปล่า, เรียกวิธีสอบโดยใช้วาจาแทนการเขียนคำตอบ ว่า สอบปากเปล่า."
ปากเปียก 0,น.,เรียกการว่ากล่าวตักเตือนซํ้าแล้วซํ้าเล่าก็ยังไม่ได้ผลตามที่มุ่งหมาย.
ปากเปียกปากแฉะ 0,น.,เรียกการว่ากล่าวตักเตือนซํ้าแล้วซํ้าเล่าก็ยังไม่ได้ผลตามที่มุ่งหมาย.
ปากโป้ง 0,ก.,ชอบพูดเปิดเผยสิ่งที่ไม่สมควรออกมาโดยไม่คำนึงถึงความผิดพลาดเสียหาย.
ปากไปล่ 0,น.,ชื่อชามชนิดหนึ่ง ก้นเล็กปากบานอย่างรูปงอบหงาย.
ปากพระร่วง 0,น.,วาจาสิทธิ์ คือ พูดอย่างไรแล้วจะเป็นไปตามที่ปากว่า เช่น เธอนี่ปากพระร่วงนะ บอกว่าฝนจะตกก็ตกจริง ๆ.
ปากพล่อย 0,ก.,พูดโดยไม่คำนึงว่าเป็นเรื่องจริงหรือไม่จริง.
ปากม้า 0,ว.,"ปากร้าย, ชอบพูดหยาบคาย."
ปากมาก 0,ว.,"ชอบพูดว่าคนอื่นซํ้า ๆ ซาก ๆ, พูดมาก, พูดขยายเรื่องเล็กน้อยให้มากออกไป."
ปากไม้ 0,น.,รอยบากหรือรอยเจาะที่ตัวไม้สำหรับเอาตัวไม้นั้นประกบกัน.
ปากไม่มีหูรูด 0,ว.,ที่พูดพล่าม พูดพล่อย หรือพูดโดยไม่ยั้งคิดเสียก่อนว่าอะไรควรพูดหรือไม่ควรพูด.
ปากไม่สิ้นกลิ่นน้ำนม 0,ว.,ยังเป็นเด็ก.
ปากราก 0,น.,ชื่อนกชนิดหนึ่ง.
ปากร้าย 0,ว.,มักดุด่าว่าร้าย.
ปากร้ายใจดี 0,ก.,พูดจาดุด่าแต่น้ำใจดี.
ปากเรือ 0,น.,ดาดฟ้าเรือ.
ปากลำโพง 0,ว.,ชอบโพนทะนาหรือเปิดเผยเรื่องราวต่าง ๆ ที่ตนรู้มา.
ปากว่าตาขยิบ 0,ก.,พูดอย่างหนึ่งแต่ทำอีกอย่างหนึ่ง.
ปากว่าตาขยิบ 1,ว.,ปากกับใจไม่ตรงกัน.
ปากว่ามือถึง 0,ก.,พอพูดก็ทำเลย.
ปากสว่าง 0,ว.,ชอบเปิดเผยเรื่องของผู้อื่น.
ปากส้อม 0,น.,"ชื่อนกขนาดเล็กถึงขนาดกลางหลายชนิด หลายสกุล วงศ์ย่อย Scolopacinae ในวงศ์ Scolopacidae ปากยาวแหลม ปลายปากโป่ง ลำตัวป้อม มีลายสีนํ้าตาลและขาว ขาสั้น มักอยู่ตามลำพัง หากินในเวลาพลบคํ่าและกลางคืน ใช้ปากแทงหาอาหารจำพวกหนอนและไส้เดือนในดินลักษณะคล้ายกับการจิ้ม เช่น ปากซ่อมหางเข็ม [ Gallinago stenura (Bonaparte)] ปากซ่อมดง ( Scolopax rusticola Linn.) ปากซ่อมเล็ก [ Gallinago minima (Brünnich)], ปากส้อม ก็เรียก."
ปากเสียง 0,ก.,"โต้เถียง, ทะเลาะ, ในคำว่า เป็นปากเสียง มีปากเสียง."
ปากเสียง 1,น.,ผู้พูดหรือโต้เถียงแทน เช่น ผู้แทนราษฎรเป็นปากเสียงของประชาชน.
ปากหนัก 0,ว.,"ไม่ใคร่พูดขอร้องต่อใคร ๆ, ไม่ใคร่ทักทายใคร."
ปากหนัก 1,ก.,พูดได้ช้า (ใช้แก่เด็กที่สอนพูด).
ปากหนัก 2,น.,เรียกยุงที่กัดเจ็บมาก ว่า ยุงปากหนัก.
ปากหมา 0,ว.,ชอบพูดจาว่าร้ายคนอื่น.
ปากหมู 0,น.,ปากที่มีลักษณะยื่นบานเหมือนปากหมู.
ปากหวาน 0,ว.,พูดจาไพเราะ (มักใช้ในทางที่ล่อใจหรือไม่จริงใจ)
ปากหวาน 1,ว.,อาการที่รู้สึกหวานในปากเมื่อเวลาเป็นไข้.
ปากหวานก้นเปรี้ยว 0,ก.,พูดจาอ่อนหวานแต่ไม่จริงใจ.
ปากหอยปากปู 0,ว.,ชอบนินทาเล็กนินทาน้อย
ปากหอยปากปู 1,ว.,"ไม่กล้าพูด, พูดไม่ขึ้นหรือพูดไม่มีใครสนใจฟัง (ใช้แก่ผู้น้อย)."
ปากห่าง 0,น.,ชื่อนกขนาดใหญ่ชนิด Anastomus oscitans (Boddaert) ในวงศ์ Ciconiidae ปากหนาแหลมตรง ขากรรไกรทั้งสองเมื่อประกบกันส่วนกลางไม่ชิดกัน ทั้งนี้เพื่อสะดวกในการคาบเหยื่อ ซึ่งส่วนใหญ่เป็นหอยโข่ง หอยเชอรี่ ลำตัวสีเทาอมขาว แต่จะเป็นสีเทาเข้มในช่วงฤดูผสมพันธุ์ มีจำนวนมากในภาคกลาง ประวัติเป็นนกอพยพมาจากประเทศอินเดียและบังกลาเทศ ปัจจุบันส่วนใหญ่เป็นนกประจำถิ่น.
ปากเหยี่ยวปากกา 0,น.,ภัยอันตราย.
ปากอ่าว 0,น.,ปากของส่วนทะเลที่เว้าเข้าไปในแผ่นดิน.
ป่าแคระ 0,น.,ป่าที่มีต้นไม้เตี้ย ๆ เป็นส่วนใหญ่ มักมีในบริเวณที่มีอากาศแห้งแล้ง.
ป่าง 0,น.,"ปาง, ครั้ง, คราว, เมื่อ."
ป้าง 0,น.,"ชื่อโรคชนิดหนึ่ง มีตับและม้ามโต มีไข้คลุมเครือเรื้อรัง คือ ไข้จับสั่นเรื้อรัง, จุกผาม ก็เรียก."
ปาง 0,น.,"ครั้ง, คราว, เมื่อ, เช่น ปางก่อน ปางหลัง, ยุค, สมัย, เช่น นารายณ์ ๑๐ ปาง"
ปาง 1,น.,ท่าของพระพุทธรูปที่แสดงถึงอิริยาบถต่าง ๆ เช่น พระพุทธรูปปางห้ามญาติ
ปาง 2,น.,ที่พักกลางป่าชั่วคราว เช่น ตั้งปาง.
ปาง 3,ว.,"แทบ, เกือบ, จวน, เช่น ปางตาย ว่า จวนตาย."
ป้างป่า 0,น.,"ชื่อไม้ล้มลุกชนิด Chlorophytum orchidastrumLindl. ในวงศ์ Anthericaceae โคนต้นเมื่อลอกเอาใบออกจะเห็นด้านในมีเนื้อสีขาว ๆ กินได้, ว่านน้ำเขา ก็เรียก."
ปาจนะ 0,น.,ประตัก.
ปาจรีย์ 0,น.,อาจารย์ของอาจารย์.
ปาจารย์ 0,น.,อาจารย์ของอาจารย์.
ปาจิตตีย์ 0,น.,ชื่ออาบัติจำพวกหนึ่งในอาบัติทั้ง ๗ จัดไว้ในพวกลหุกาบัติคืออาบัติเบาที่เปรียบด้วยลหุโทษ.
ปาจีน 0,น.,ปราจีน.
ป่าชัฏ 0,น.,ป่าที่มีต้นไม้ขึ้นอยู่หนาแน่น โดยมากเป็นไม้เลื้อยและไม้หนาม.
ป่าช้า 0,น.,ป่าหรือที่ซึ่งจัดไว้เป็นที่ฝังหรือเผาศพ.
ป่าชายเลน 0,น.,ป่าที่อยู่ตามชายทะเลที่มีเลนและนํ้าทะเลขึ้นถึง ต้นไม้ในป่าประเภทนี้มักมีรากงอกอยู่เหนือพื้นดินเพื่อคํ้ายันลำต้น โดยมากเป็นไม้โกงกาง แสม และลำพู.
ปาฏลิ 0,น.,ไม้แคฝอย.
ปาฏิเทสนียะ 0,น.,ชื่ออาบัติจำพวกหนึ่งในอาบัติทั้ง ๗ จัดไว้ในพวกลหุกาบัติคืออาบัติเบาที่เปรียบด้วยลหุโทษ.
ปาฏิบท 0,น.,วันขึ้นคํ่าหนึ่ง หรือแรมคํ่าหนึ่ง.
ปาฏิบุคลิก 0,ว.,"เฉพาะบุคคล, ไม่ทั่วไป."
ปาฏิโภค 0,น.,"ผู้รับประกัน, นายประกัน."
ปาฏิหาริย์ 0,น.,"สิ่งที่น่าอัศจรรย์, ความอัศจรรย์, มี ๓ อย่าง คือ ๑. อิทธิปาฏิหาริย์ = ฤทธิ์เป็นอัศจรรย์ หมายถึง การแสดงฤทธิ์ที่พ้นวิสัยของสามัญมนุษย์ได้อย่างน่าอัศจรรย์ ๒. อาเทสนาปาฏิหาริย์ = การดักใจเป็นอัศจรรย์ หมายถึง การดักใจทายใจคนได้อย่างน่าอัศจรรย์ ๓. อนุสาสนีปาฏิหาริย์ = การสอนเป็นอัศจรรย์ หมายถึง คำสั่งสอนอันอาจจูงใจคนให้นิยมเชื่อถือไปตามได้อย่างน่าอัศจรรย์."
ปาฏิหาริย์ 1,ก.,กระทำสิ่งที่ตามปรกติทำไม่ได้ เช่น ปาฏิหาริย์ขึ้นไปอยู่บนหลังคา.
ปาฐ- 0,น.,"เรื่องราว, บาลี, คัมภีร์, วิธีสาธยายคัมภีร์พระเวท."
ปาฐก 0,น.,ผู้แสดงปาฐกถา.
ปาฐกถา 0,น.,ถ้อยคำหรือเรื่องราวที่บรรยายในที่ชุมนุมชนเป็นต้น.
ปาฐกถา 1,ก.,บรรยายเรื่องราวในที่ชุมนุมชนเป็นต้น.
ปาฐะ 0,น.,"เรื่องราว, บาลี, คัมภีร์, วิธีสาธยายคัมภีร์พระเวท."
ปาณ- 0,น.,ลมหายใจ
ปาณ- 1,น.,"สัตว์มีชีวิต, ชีวิต."
ปาณก- 0,น.,"หนอน, สัตว์มีชีวิต."
ปาณกชาติ 0,น.,หนอน.
ปาณทัณฑ์ 0,น.,โทษถึงชีวิต.
ปาณนาศ 0,น.,ความตาย. (ส. ปฺราณนาศ).
ปาณภูต 0,น.,สัตว์เป็น.
ปาณภูต 1,ว.,มีลมหายใจ.
ปาณวินาศ 0,น.,ความตาย.
ปาณสาร 0,น.,กำลังอันว่องไวหรือประเปรียว.
ปาณะ 0,น.,ลมหายใจ
ปาณะ 1,น.,"สัตว์มีชีวิต, ชีวิต."
ปาณาติบาต 0,น.,"การทำลายชีวิตมนุษย์และสัตว์อื่น ๆ, การฆ่าสัตว์ตัดชีวิต เช่น ทำปาณาติบาต หากินทางปาณาติบาต."
ปาณิ 0,น.,"มือ, ฝ่ามือ."
ปาณิเคราะห์ 0,น.,การจับเจ้าสาวด้วยมือ คือ การแต่งงาน.
ปาณิดล 0,น.,ฝ่ามือ.
ปาณิธรรม 0,น.,พิธีแต่งงาน.
ปาณิมุกต์ 0,น.,ศัสตราที่พุ่งด้วยมือ เช่น หอก หลาว.
ปาณิมูล 0,น.,ข้อมือ.
ปาณี 0,น.,"มือ, ฝ่ามือ."
ปาณี 1,น.,"สัตว์, คน."
ปาณี 2,ว.,"มีลมหายใจอยู่, ยังเป็นอยู่."
ปาด 0,ก.,"เอาส่วนที่ไม่ต้องการออกโดยวิธีฝานบาง ๆ หรือกวาดออก เช่น ปาดผลไม้ส่วนที่เสียออก ปาดปากถังปากสัดปากทะนาน, โดยปริยายหมายความว่า เอาของมีคมฟันแฉลบ ๆ เช่น เอามีดปาดหน้า."
ปาด 1,น.,"ชื่อสัตว์สะเทินนํ้าสะเทินบกหลายชนิดหลายสกุล ในวงศ์ Rhacophoridae รูปร่างใกล้เคียงกับกบหรือเขียด ขายาว ขาคู่หลังยาวกว่าขาคู่หน้ามาก ปลายนิ้วเป็นปุ่มแบนสามารถยึดเกาะติดกับพื้นผิวหน้าเรียบได้ มักพบอาศัยอยู่ตามต้นไม้ ตัวผู้ทำกองฟองสำหรับตัวเมียวางไข่ไว้ตามกิ่งไม้เหนือชายนํ้า กินแมลง เช่น ปาดบ้านหรือเขียดตะปาด [ Polypedates leucomystax (Gravenhorst)] ซึ่งพบทั่วไป, ปาดบินหรือปาดเขียวตีนดำ ( Rhacophorus nigropalmatus Boulenger), ปาดตะปุ่มจันทบุรี ( Theloderma stellatum Taylor), เขียดตะปาด ก็เรียก."
ป่าดง 0,น.,ป่าที่มีต้นไม้ใหญ่ขึ้นทึบ.
ป่าดงดิบ 0,น.,ป่าไม้ที่มีอยู่ทั่วไปในเขตร้อน ฝนชุก เป็นป่าไม้สีเขียวไม่ผลัดใบ.
ป่าดงพงไพร 0,น.,ป่า.
ปาดหน้า 0,ก.,แซงตัดหน้า ในคำว่า ขับรถปาดหน้า.
ปาดหาว 0,น.,ลมที่พาใบเรือตลบขึ้นปลายเสา.
ป่าดิบ 0,น.,ป่าไม้ที่มีอยู่ทั่วไปในเขตร้อน ฝนชุก เป็นป่าไม้สีเขียวไม่ผลัดใบ.
ป่าแดง 0,น.,ป่าที่มีใบไม้ร่วงตามฤดูกาล เช่น ป่าเต็ง ป่ารัง.
ปาติโมกข์ 0,น.,"คัมภีร์ว่าด้วยวินัยของสงฆ์ ๒๒๗ ข้อ, ชื่อบาลีที่ประมวลพุทธบัญญัติอันทรงตั้งขึ้นเป็นพุทธอาณา ได้แก่ อาทิพรหมจริยกาสิกขา มีพระพุทธานุญาตให้สวดในที่ประชุมสงฆ์ทุกวันอุโบสถ."
ปาตี 0,น.,ผู้เป็นใหญ่.
ปาเต๊ะ 0,น.,ชื่อตำแหน่งขุนนาง.
ปาเต๊ะ 1,น.,ชื่อผ้าโสร่งชนิดหนึ่ง ใช้เคลือบด้วยขี้ผึ้งเหลวบางตอนที่ไม่ต้องการให้มีสีสันหรือลวดลาย.
ป่าเถื่อน 0,ว.,"ห่างไกลจากที่อยู่ของคน, ยังไม่เจริญ"
ป่าเถื่อน 1,ว.,ทารุณโหดร้าย.
ปาทป 0,น.,"บาทบ, ต้นไม้."
ปาท่องโก๋ 0,น.,ของกินชนิดหนึ่งของจีน ทำด้วยแป้งข้าวเจ้ากับนํ้าตาลทราย รูปสี่เหลี่ยม เนื้อคล้ายขนมถ้วยฟู
ปาท่องโก๋ 1,น.,"ของกินชนิดหนึ่งของจีน ทำด้วยแป้งสาลีตัดเป็นท่อน ๆ แล้วจับเป็นคู่ติดกัน ทอดนํ้ามันให้พอง, คนจีนเรียกว่า อิ้วจาก๊วย."
ปาทะ 0,น.,"บาท, ตีน."
ปาทังกา 0,น.,ชื่อตั๊กแตนชนิด Patanga succincta (Linn.) ในวงศ์ Acrididae ลำตัวยาว ๖-๗ เซนติเมตร กว้าง ๗-๘ มิลลิเมตร สีแตกต่างกันไปเป็นสีนํ้าตาล นํ้าตาลแก่ มีแถบสีครีมพาดจากหัวไปทางด้านหลังปล้องอกจนถึงปีก ขอบตาด้านหน้าและด้านหลังมีแถบสีครีมพาดยาวลงมา ปีกมีจุดและรอยด่างกระจายทั่วไป อาจพบอยู่เดี่ยว ๆ หรือเป็นฝูง กัดกินพืชต่าง ๆ.
ปาทาน 0,น.,เรียกแขกเผ่าหนึ่งส่วนใหญ่อยู่ในอัฟกานิสถาน ว่า แขกปาทาน.
ป่าทึบ 0,น.,ป่าที่มีต้นไม้ขึ้นหนาแน่น.
ปาทุกา 0,น.,"รองเท้า, เขียงเท้า, เขียนเป็น บราทุกรา หรือ ปราทุกรา ก็มี."
ปาน- 0,น.,"เครื่องดื่ม, นํ้าสำหรับดื่ม."
ป่าน 0,น.,"ชื่อพรรณไม้หลายชนิดหลายสกุลในหลายวงศ์ เปลือกเป็นใยเหนียว ใช้ทอผ้าและทำเชือก เช่น ป่านรามี [ Boehmeria nivea (L.) Gaudich.] ในวงศ์ Urticaceae, ป่านมนิลา ( Musa textilis Née.) ในวงศ์ Musaceae"
ป่าน 1,น.,"เชือกที่ทำด้วยป่าน, ถ้าใช้ชักว่าว เรียกว่า ป่านว่าว, ถ้าเป็นเส้นเล็ก เรียกว่า ป่านแลบ, ถ้ายังเป็นกาบอยู่ ยังไม่ได้ฟั่นเชือก เรียกว่า ป่านกลีบ"
ป่าน 2,น.,ชื่อผ้าเนื้อละเอียดและบางโปร่งที่ทอจากเส้นใยพืชบางชนิด เรียกว่า ผ้าป่าน.
ปาน 0,น.,รอยสีแดงหรือสีดำเป็นต้นที่เกิดเป็นเองตามร่างกายบางแห่งแต่กำเนิด.
ป้าน 0,น.,"ภาชนะดินสำหรับชงนํ้าชา มีพวยเหมือนกา, ปั้น ก็ใช้."
ปาน 1,ว.,"เหมือน, คล้าย, เช่น เก่งปานกัน"
ปาน 2,ว.,"เช่น, เพียง, ดัง, เช่น ดีถึงปานนี้ เก่งอะไรปานฉะนี้."
ป้าน 1,ว.,"ทู่, ไม่แหลม, เช่น เสื้อคอป้าน ถากเสาเข็มให้ป้าน ๆ."
ป้าน ๆ 0,ว.,"ทู่, ไม่แหลม, เช่น เสื้อคอป้าน ถากเสาเข็มให้ป้าน ๆ."
ปานกลาง 0,ว.,"ขนาดกลาง, ไม่มากไม่น้อย, พอสมควร, อยู่ระหว่างที่สุด ๒ ฝ่าย เช่นระหว่างสูงกับต่ำ ใหญ่กับเล็ก มากกับน้อย ฉลาดกับโง่."
ป่านคม 0,น.,เส้นด้ายชักว่าวที่เอาผงแก้วผสมกาวหรือแป้งเปียกเป็นต้นทาเพื่อให้คม.
ปานฉะนี้ 0,ว.,"เช่นนี้, เพียงนี้."
ปานดง 0,น.,ชื่อโรคชนิดหนึ่ง ตามตำราแพทย์แผนโบราณว่ามีอาการเจ็บปวดแล่นไปตามผิวหนัง.
ป้านดำ 0,น.,"ชื่อบัวชนิด Nymphaea cyanea Roxb et G. Don ในวงศ์ Nymphaeaceae ดอกสีคราม, บัวขาบ หรือ ป้านดำ ก็เรียก."
ปานนี้ 0,ว.,"เช่นนี้, เพียงนี้."
ป่านนี้ 0,น.,เวลาจนกระทั่งบัดนี้ เช่น ป่านนี้ยังไม่มาเลย ป่านนี้เขาไปถึงไหนแล้ว.
ป้านลม 0,น.,"ชื่อไม้แผ่นที่พาดบนหัวแป ใช้ปิดริมหลังคาด้านหัวและท้ายเรือนกันลมตีเครื่องมุง, ปั้นลม ก็ว่า."
ปานะ 0,น.,"เครื่องดื่ม, นํ้าสำหรับดื่ม."
ปานิเยน 0,น.,กระดังงาจีน.
ปานีย- 0,ว.,"ควรดื่ม, น่าดื่ม, ดื่มได้."
ปานียะ 0,ว.,"ควรดื่ม, น่าดื่ม, ดื่มได้."
ปานีโยทก 0,น.,นํ้าควรดื่ม.
ป้าบ 0,ว.,เสียงอย่างเสียงตีด้วยไม้แบน ๆ.
ป๊าบ 0,ว.,เสียงอย่างเสียงตีด้วยไม้แบน ๆ.
ป่าเบญจพรรณ 0,น.,ป่าที่มีไม้หลายพรรณคละกัน.
ปาป- 0,น.,บาป.
ปาปมุต 0,ว.,ไม่มีใครถือโทษ.
ปาปอหยีสังฆาตา 0,น.,"บิดา, พ่อ."
ป่าโปร่ง 0,น.,ป่าที่มีต้นไม้ใหญ่ขึ้นไม่หนาแน่นนัก.
ป่าผลัดใบ 0,น.,ป่าไม้ที่ผลัดใบหรือสลัดใบในบางฤดู.
ปาพจน์ 0,น.,"คำเป็นประธาน, พุทธวจนะ, คำบาลี."
ป่าแพะ 0,น.,ป่าละเมาะ.
ปาม 0,ก.,"ขยุ้มด้วยมือ, ซุ่มซ่ามเข้าไป, กินอย่างตะกละ."
ปามปึงมา 0,ก.,พรวดพราดเข้ามา เช่น มีมือถือดาบกล้าอวดค้า ๆ คำรามคำรนปามปึงมาด้วยด่วนแล (ม. คำหลวง กุมาร).
ปาโมกข์ 0,น.,"ผู้เป็นหัวหน้า, ผู้เป็นประธาน."
ป่าไม้พุ่ม 0,น.,ป่าที่มีต้นไม้พุ่มขึ้นทึบ และยังไม่มีการบุกเบิก.
ป่าย 0,ว.,"ปีนขึ้นไปด้วยความยากลำบาก, มักใช้เข้าคู่กับคำ ปีน เป็น ป่ายปีน หรือ ปีนป่าย."
ป้าย 0,น.,แผ่นหนังสือหรือแผ่นเครื่องหมายที่บอกให้รู้ เช่น ป้ายชื่อห้างร้าน ป้ายจราจร.
ป่าย 1,ก.,เหวี่ยงพาดไป เช่น เหวี่ยงซ้ายป่ายขวา.
ป้าย 1,ก.,"ทำให้ติดเฉพาะที่ใดที่หนึ่ง, ทาอย่างหยาบ ๆ ไม่ต้องการประณีตบรรจง, ทำให้เปรอะเปื้อนด้วยอาการคล้ายเช่นนั้น, โดยปริยายหมายถึง ลักษณะอาการที่คล้ายคลึงเช่นนั้น เช่น ป้ายความผิดให้ผู้อื่น."
ป้าย 2,ก.,ทบผ้าไปด้านข้างด้านใดด้านหนึ่ง เช่น นุ่งผ้าถุงป้ายซ้าย.
ป่ายปีน 0,ก.,"ปีนหรือตะกายขึ้นไปด้วยความยากลำบาก, ปีนป่าย ก็ว่า."
ป้ายสี 0,ก.,"ใส่ความผู้อื่นโดยไม่มีมูลความจริง, ใส่ร้าย ใส่ร้ายป้ายสี ให้ร้าย หรือ ให้ร้ายป้ายสี ก็ว่า."
ปายาส 0,น.,"ข้าวชนิดหนึ่งที่หุงเจือด้วยนํ้านมและนํ้าตาล, ข้าวเปียกเจือนม."
ปาร- 0,น.,"ฝั่ง, ฝั่งตรงข้าม"
ปาร- 1,น.,ที่สุด
ปาร- 2,น.,นิพพาน.
ปาร์เกต์ 0,น.,แผ่นไม้เล็ก ๆ ที่ใช้ปูพื้นห้องสลับกันเป็นลายต่าง ๆ.
ปารคู 0,น.,ผู้ถึงฝั่ง คือผู้เรียนวิชาจบ ได้แก่ พราหมณ์ผู้เรียนจบไตรเพท หรือพระขีณาสพผู้อยู่จบพรหมจรรย์.
ปารมี 0,น.,บารมี.
ปารเมศ 0,น.,บารมี.
ปารษณี 0,น.,ส้นเท้า.
ป่าระนาม 0,น.,ป่าที่มีนํ้าฉำแฉะ.
ปาราชิก 0,น.,ชื่ออาบัติหนักที่สุดในพระวินัย เมื่อภิกษุล่วงละเมิดแม้เพียงข้อใดข้อหนึ่งต้องขาดจากความเป็นภิกษุทันที บวชเป็นภิกษุอีกไม่ได้ มี ๔ ข้อ คือ ๑. เสพเมถุน ๒. ลักทรัพย์ ๓. ฆ่ามนุษย์ ๔. อวดอุตริมนุสธรรม.
ปาราชิก 1,ว.,ผู้ละเมิดอาบัติปาราชิก เช่น พระปาราชิก.
ปาริฉัตร 0,น.,"ต้นไม้สวรรค์ในสวนพระอินทร์, ต้นทองหลาง."
ปาริชาต 0,น.,"ต้นไม้สวรรค์ในสวนพระอินทร์, ต้นทองหลาง."
ปารุปนะ 0,น.,ผ้าห่ม.
ปารุสกวัน 0,น.,ชื่อสวนของพระอินทร์ ๑ ใน ๔ แห่ง ได้แก่ นันทวัน ปารุสกวัน จิตรลดาวัน และมิสกวัน.
ปาล 0,ก.,"บาล, เลี้ยง, รักษา, ปกครอง."
ปาล์ม 0,น.,"ชื่อเรียกพืชในวงศ์ Palmae ชนิดที่นำเข้ามาจากต่างประเทศ เช่น ปาล์มขวด [ Roystonea regia (Kunth) O.F. Cook] ปลูกเป็นไม้ประดับ, ปาล์มนํ้ามัน ( Elaeis guineensis Jacq.) ปลูกใช้ผลและเมล็ดทำนํ้ามัน."
ป่าละเมาะ 0,น.,ที่โล่งมีพุ่มไม้เล็ก ๆ เป็นหย่อม ๆ.
ปาลิไลยก์ 0,น.,ชื่อป่าแห่งหนึ่งที่พระพุทธเจ้าเสด็จอาศัยอยู่ และเป็นชื่อช้างซึ่งอยู่ในที่นั้นด้วย
ปาลิไลยก์ 1,น.,พระพุทธรูปปางหนึ่ง มีรูปช้างและลิงอยู่ด้วย เรียกว่า ปางพระปาลิไลยก์.
ปาลิอ่อง 0,น.,กล้วยน้ำว้า. (ดู น้ำว้า).
ปาลี 0,น.,"ผู้ปกครอง, ผู้เลี้ยง, ผู้รักษา."
ปาลี 1,น.,บาลี.
ป่าเลน 0,น.,ป่าที่อยู่ตามชายทะเลที่มีเลนและนํ้าทะเลขึ้นถึง ต้นไม้ในป่าประเภทนี้มักมีรากงอกอยู่เหนือพื้นดินเพื่อคํ้ายันลำต้น โดยมากเป็นไม้โกงกาง แสม และลำพู.
ป่าว 0,ก.,บอกให้รู้ทั่วกัน.
ป๊าว 0,ว.,เสียงอย่างเสียงแมวร้อง.
ปาว ๆ 0,ว.,อาการที่พูดดัง ๆ ซ้ำ ๆ ซาก ๆ แต่ไม่มีใครสนใจฟัง เช่น ครูสอนอยู่ปาว ๆ มีคนมาตะโกนเรียกอยู่ปาว ๆ.
ปาวกะ 0,น.,ไฟ.
ป่าวข่าว 0,ก.,กระพือข่าวให้รู้ทั่วกัน.
ปาวจนะ 0,น.,ปาพจน์.
ป่าวประกาศ 0,ก.,ประกาศให้รู้ทั่วกัน.
ป่าวร้อง 0,ก.,ร้องบอกให้รู้ทั่วกัน.
ปาวาร 0,น.,ผ้าห่มใหญ่.
ปาษาณ 0,น.,หิน.
ปาษาณ- 0,น.,หิน.
ปาส 0,น.,"บาศ, บ่วง."
ปาส- 0,น.,"บาศ, บ่วง."
ป่าสงวนแห่งชาติ 0,น.,ป่าที่ทางราชการกำหนดให้เป็นป่าสงวนแห่งชาติ เพื่อรักษาสภาพป่า ไม้ ของป่า หรือทรัพยากรธรรมชาติอื่น.
ปาสาณ 0,น.,หิน.
ปาสาณ- 0,น.,หิน.
ปาสาทิกะ 0,ว.,นำมาซึ่งความเลื่อมใส
ปาสาทิกะ 1,ว.,"น่ารัก, น่าชม."
ป่าสูง 0,น.,ป่าที่อยู่ในที่สูงขึ้นไป.
ป่าเส็งเคร็ง 0,น.,ป่าไม้เล็ก ๆ น้อย ๆ ซึ่งไม่ใช่ป่าสำคัญ.
ป่าใส 0,น.,"ป่าไม้อ่อน, ป่าซึ่งได้ถางทำไร่มาแล้ว และมีไม้รุ่นใหม่เกิดขึ้น ซึ่งโดยมากมักเป็นไม้ชนิดขึ้นเร็ว เนื้อไม่ใคร่แข็ง."
ปาหนัน 0,น.,"ชื่อเรียกต้นเพศผู้ของเตยในสกุล Pandanus วงศ์ Pandanaceae ขอบใบและกาบหุ้มดอกมีหนาม ดอกมีกลิ่นหอม, ปาหนัน ก็เรียก, พายัพเรียก เกี๋ยงคำ."
ปาหี่ 0,น.,การแสดงกลหรือกายกรรมของนักแสดงเร่ร่อนตามที่ต่าง ๆ.
ปาหุณ 0,น.,"ผู้มาหา, แขก."
ปาหุณ- 0,น.,"ผู้มาหา, แขก."
ปาหุไณย- 0,ว.,ที่ควรได้รับของต้อนรับแขก.
ปาหุไณยบุคคล 0,น.,คนผู้ควรได้รับของต้อนรับแขก.
ปำ 0,ก.,"พุ่งลง, ปักลง, มักใช้ประกอบกับ หัว เช่น หัวปำ."
ป้ำ 0,ว.,กล้าได้กล้าเสีย ในคำว่า ใจปํ้า.
ป้ำ ๆ เป๋อ ๆ 0,ว.,"หลง ๆ ลืม ๆ, ขี้หลงขี้ลืม, กะปํ้ากะเป๋อ ก็ว่า."
ป้ำป้อ 0,ว.,มีรูปร่างเทอะทะ.
ป้ำเป๋อ 0,ว.,"หลง ๆ ลืม ๆ, ขี้หลงขี้ลืม, กะปํ้ากะเป๋อ ก็ว่า."
ปิกนิก 0,น.,การพากันไปเที่ยวชั่วระยะเวลาสั้น ๆ และมีของกินไปเลี้ยงกันด้วย.
ปิ้ง 0,ก.,ทำให้สุกด้วยการวางไว้เหนือไฟ มักใช้แก่ของแห้ง โดยปรกติใช้เวลาน้อยกว่าย่าง เช่น ปิ้งข้าวเกรียบ ปิ้งเนื้อเค็ม ปิ้งปลาแห้ง.
ปิ้ง 1,ว.,ที่ทำให้สุกด้วยวิธีเช่นนั้น เช่น ข้าวเหนียวปิ้ง กล้วยปิ้ง หมูปิ้ง.
ปิงคล- 0,น.,ชื่อตระกูลช้างสีแสด.
ปิงคล- 1,ว.,"สีแสด, สีนํ้าตาล."
ปิงคลหัตถี 0,น.,"ชื่อช้างตระกูล ๑ ใน ๑๐ ตระกูล กายสีทองอ่อนดั่งสีตาแมว, ช้าง ๑๐ ตระกูล คือ ๑. กาฬาวกหัตถี ๒. คังไคย-หัตถี ๓. ปัณฑรหัตถี ๔. ตามพหัตถี ๕. ปิงคลหัตถี ๖. คันธหัตถี ๗. มงคลหัตถี ๘. เหมหัตถี ๙. อุโบสถหัตถี ๑๐. ฉัททันตหัตถี."
ปิงคละ 0,น.,ชื่อตระกูลช้างสีแสด.
ปิงคละ 1,ว.,"สีแสด, สีนํ้าตาล."
ปิ้งปลาประชดแมว 0,ก.,"ทำประชดหรือแดกดัน ซึ่งรังแต่จะเสียประโยชน์, มักพูดเข้าคู่กับ หุงข้าวประชดหมา ว่า หุงข้าวประชดหมา ปิ้งปลาประชดแมว."
ปิงปอง 0,น.,"ชื่อกีฬาชนิดหนึ่ง ผู้เล่นใช้ไม้แบนตีลูกกลม ๆ ซึ่งทำด้วยเซลลูลอยด์ข้ามตาข่ายที่ขึงอยู่บนโต๊ะสี่เหลี่ยมโต้กันไปมาทำนองเทนนิส, เรียกลูกกลม ๆ ซึ่งทำด้วยเซลลูลอยด์ที่ใช้เล่นปิงปอง ว่า ลูกปิงปอง."
ปิ้งหอม 0,น.,"ชื่อไม้พุ่มชนิด Clerodendrum chinense (Osbeck) Mabb. ในวงศ์ Labiatae ใบออกตรงข้ามกัน โคนใบเว้าแบบหัวใจ ขอบใบหยัก มีขนเล็กน้อย ดอกเป็นช่อสั้น ๆ เบียดกันแน่น กลีบดอกมักซ้อน สีขาวหรือแดงเรื่อ ๆ กลิ่นหอม, ปิ้งหอม ก็เรียก."
ปิฎก 0,น.,ตะกร้า
ปิฎก 1,น.,หมวดแห่งคำสอนในพระพุทธศาสนา.
ปิฏฐะ 0,น.,แป้ง.
ปิฐิ 0,น.,"หลัง, เบื้องหลัง"
ปิฐิ 1,น.,พื้นบน
ปิฐิ 2,น.,ยอด.
ปิณฑะ 0,น.,ก้อนข้าว.
ปิด 0,ก.,"กันหรือกั้นไว้ไม่ให้เผยออก เช่น ปิดฝาหม้อ, กันหรือกั้นไว้ให้เข้าออกไม่ได้ เช่น ปิดถนน"
ปิด 1,ก.,ติด เช่น ปิดประกาศ ปิดทอง
ปิด 2,ก.,"โดยปริยายหมายความว่า หยุด เช่น โรงเรียนปิด, ทำให้หยุด เช่น ปิดพัดลม ปิดวิทยุ, ไม่เปิดเผย เช่น ปิดวิชา ปิดความ."
ปิดกล้อง 0,ก.,เสร็จการถ่ายภาพยนตร์ครั้งสุดท้ายของแต่ละเรื่อง.
ปิดควันไฟไม่มิด 0,ก.,ปิดเรื่องที่อื้อฉาวไปทั่วแล้วไม่สำเร็จ.
ปิดงาน 0,น.,การที่นายจ้างปฏิเสธไม่ยอมให้ลูกจ้างทำงานชั่วคราวเนื่องจากข้อพิพาทแรงงาน.
ปิดฉาก 0,ก.,"เลิก, หยุด, ยุติ, เช่น เรื่องนี้ปิดฉากแล้ว."
ปิดตาย 0,ก.,ปิดตลอดไป.
ปิดเต๊าะ 0,น.,ต้นพุงดอ. (ดู พุงดอ).
ปิดทองหลังพระ 0,ก.,ทำความดีแต่ไม่ได้รับการยกย่อง เพราะไม่มีใครเห็นคุณค่า.
ปิดบัง 0,ก.,ไม่เปิดเผย เช่น ปิดบังความรู้ ปิดบังความจริง.
ปิดบัญชี 0,ก.,บันทึกสรุปผลการดำเนินกิจการเมื่อสิ้นงวดหรือครบปีบัญชีเพื่อแสดงให้รู้ว่าได้กำไรหรือขาดทุนเท่าไร.
ปิดเบา 0,ก.,ถ่ายปัสสาวะไม่ออก.
ปิดประตูค้า 0,ก.,ถืออำนาจค้าแต่ผู้เดียว.
ปิดประตูตีแมว 0,ก.,รังแกคนไม่มีทางสู้และไม่มีทางหนีรอดไปได้.
ปิดปาก 0,ก.,ไม่พูด หรือไม่ให้พูด เช่น ปิดปากเงียบ พยานถูกฆ่าปิดปาก.
ปิดสำนวน 0,ก.,ยุติการสอบสวนข้อเท็จจริงเกี่ยวกับคดี.
ปิดหนักปิดเบา 0,ก.,ถ่ายอุจจาระปัสสาวะไม่ออก.
ปิดหีบไม่ลง 0,ว.,มีรายจ่ายสูงกว่ารายได้ (มักใช้แก่งบประมาณแผ่นดินที่ไม่สู่ดุล).
ปิดหูปิดตา 0,ก.,"ไม่ยอมรับรู้รับฟัง, ไม่ยอมให้รู้ให้เห็น."
ปิดอ่าว 0,ก.,ใช้เรือรบหรือทุ่นระเบิดเป็นต้นปิดที่ปากอ่าวของฝ่ายตรงข้าม ไม่ให้เรือเข้าออก.
ปิตตะ 0,น.,"นํ้าดี, นํ้าจากต่อมตับ."
ปิตา 0,น.,"บิดา, พ่อ."
ปิตามหะ 0,น.,ปู่
ปิตามหะ 1,น.,นามพระพรหม.
ปิตามหัยกา 0,น.,"ปู่ทวด, ตาทวด, ราชาศัพท์ว่า พระปิตามหัยกา พระปิตามหัยยิกา."
ปิตามหัยยิกา 0,น.,"ปู่ทวด, ตาทวด, ราชาศัพท์ว่า พระปิตามหัยกา พระปิตามหัยยิกา."
ปิตุ 0,น.,พ่อ.
ปิตุฆาต 0,น.,การฆ่าพ่อ.
ปิตุจฉา 0,น.,"ป้า, อา, (พี่น้องผู้หญิงฝ่ายพ่อ), ราชาศัพท์ว่า พระปิตุจฉา."
ปิตุภูมิ 0,น.,"บ้านเกิด, เมืองเกิด."
ปิตุละ 0,น.,"ลุง, อา, (พี่น้องผู้ชายฝ่ายพ่อ), ราชาศัพท์ว่า พระปิตุลา."
ปิตุลา 0,น.,"ลุง, อา, (พี่น้องผู้ชายฝ่ายพ่อ), ราชาศัพท์ว่า พระปิตุลา."
ปิโตรเลียม 0,น.,นํ้ามันดิบ ประกอบด้วยสารไฮโดรคาร์บอนและสารอินทรีย์อื่น ๆ อีกมาก องค์ประกอบไม่แน่นอนแล้วแต่แหล่งที่พบ.
ปิ่น 0,น.,เครื่องประดับสำหรับปักผมที่มุ่นเป็นจุก
ปิ่น 1,น.,"จอม, ยอด, เช่น ปิ่นพิภพ."
ปิ่นแก้ว 0,น.,ชื่อข้าวเจ้าพันธุ์ดีพันธุ์หนึ่ง.
ปิ่นแก้ว 1,น.,"ชื่อปลาทะเลหรือนํ้ากร่อยชนิด Plotosus lineatus (Thunberg) และ P. canius (Hamilton) ในวงศ์ Plotosidae มีเงี่ยงที่ครีบอกและครีบหลังตอนแรก ส่วนครีบหลังตอนที่ ๒ ต่อเนื่องกับครีบก้นและครีบหางยาว, สามแก้ว ปิ่นแก้ว หรือ เป็ดแก้ว ก็เรียก."
ปิ่นซ่น 0,น.,ปิ่นที่มีคันมีจงกลและปริกทำด้วยทองคำประดับพลอย.
ปิ่นตอ 0,น.,"ชื่อไม้ล้มลุกชนิดหนึ่งในสกุล Commelina วงศ์ Commelinaceae ใช้ทำยาได้, หญ้าปีนตอ ก็เรียก."
ปิ่นโต 0,น.,"ภาชนะสำหรับใส่ของกิน ซ้อนกันเป็นชั้น ๆ มีหูร้อยหิ้วได้, ลักษณนามว่า เถา เช่น ปิ่นโต ๒ เถา."
ปิปผลี 0,น.,ดีปลี.
ปิ่ม 0,ว.,"เกือบ, จวน, แทบ."
ปิ้ม 0,ว.,"เกือบ, จวน, แทบ."
ปิย- 0,ว.,"ที่รัก, สำหรับประกอบหน้าศัพท์ต่าง ๆ เช่น ปิยบุตร หรือ ปิโยรส = ลูกที่รัก."
ปิยวาจา 0,น.,"วาจาเป็นที่รัก, เป็นธรรมข้อ ๑ ในสังคหวัตถุ. (ป.). (ดู สังคหวัตถุ ประกอบ)."
ปิยังคุ 0,น.,ประยงค์.
ปิโยรส 0,น.,ลูกที่รัก.
ปิลันธน์ 0,น.,เครื่องประดับ.
ปิ๋ว 0,ก.,"ชักไว้เสีย, เป็นคำใช้ในวิธีเล่นโยนหลุม เมื่อโยนกันจนเหลือ ๑ สตางค์ ก็ชักเอาเสียไม่ต้องโยนอีก เรียกว่า ปิ๋ว"
ปิ๋ว 1,ก.,"ชวด, พลาดจากที่หวัง, เช่น เขาปิ๋วเงินรางวัลก้อนใหญ่."
ปิ๋ว 2,ว.,ริบ เช่น ถูกปิ๋วเงินประกัน.
ปิ๋ว 3,ว.,มักใช้ประกอบคำ เล็ก หมายความว่า เล็กมาก.
ปิศาจ 0,น.,"ผี, ลักษณนามว่า ตน, ปีศาจ ก็ว่า."
ปิศาจบดี 0,น.,นายผี คือ พระศิวะ.
ปิสัง 0,ว.,"อะไร, พิสัง ก็ว่า."
ปิไส 0,น.,โล่หวาย.
ปิหกะ 0,น.,ม้าม.
ปิหลั่น 0,น.,"ค่ายที่ทำให้ขยับรุกเข้าไปหาข้าศึกทีละน้อย ๆ, วิหลั่น ก็ว่า."
ปี 0,น.,เวลาชั่วโลกโคจรรอบดวงอาทิตย์ครั้งหนึ่งราว ๓๖๕ วัน
ปี 1,น.,เวลา ๑๒ เดือนตามสุริยคติ.
ปี่ 0,น.,"เครื่องดนตรีประเภทเครื่องเป่า มีลิ้น ตัวปี่และเลาปี่ ทรงยาวกลวง มีรูสำหรับใช้นิ้วเปิดปิดบังคับเสียงสูงต่ำ มีหลายชนิด เช่น ปี่นอก ปี่ใน ปี่ไฉน ปี่ชวา, ลักษณนามว่า เลา เช่น ปี่ ๒ เลา."
ปี้ 0,น.,กระเบื้องถ้วยหรือทองเหลืองหรือแก้วทำเป็นเครื่องหมายสำหรับใช้แทนเงินในบ่อนเบี้ย
ปี้ 1,น.,ครั่งประทับตราที่ผูกข้อมือจีนครั้งก่อนเป็นสำคัญว่าได้เสียเงินค่าราชการแล้ว
ปี้ 2,น.,โดยปริยายหมายความว่า ความดี ความชอบ.
ปี๋ 0,น.,การเล่นพนันงวดหนึ่ง คือ เฉ่งเงินกันเมื่อหมดเบี้ยครั้งหนึ่ง (มักใช้แก่การเล่นไพ่ไทย).
ปี้ 3,ก.,ร่วมเพศเพื่อสืบพันธุ์ (ใช้แก่ นก เป็ด ไก่ เป็นต้น).
ปี๋ 1,ว.,มักใช้ประกอบคำอื่น หมายความว่า ยิ่งกว่าปรกติ เช่น ดำปี๋ เค็มปี๋ แน่นปี๋.
ปีก 0,น.,"อวัยวะสำหรับบินของนกหรือแมลงเป็นต้น, อวัยวะเช่นนั้นของสัตว์บางชนิด แต่ใช้บินไม่ได้, ส่วนของสิ่งต่าง ๆ ที่มีลักษณะเช่นนั้น เช่น ปีกตะไล ปีกเครื่องบิน"
ปีก 1,น.,โดยปริยายหมายถึง ต้นแขนทั้ง ๒ ข้างในบางลักษณะ เช่น เข้าปีก ตีปีก พยุงปีก หิ้วปีก
ปีก 2,น.,ข้าง เช่น ปีกซ้าย ปีกขวา.
ปีกกล้าขาแข็ง 0,ก.,"พึ่งตัวเองได้, เป็นคำที่ผู้ใหญ่มักใช้กล่าวเชิงตำหนิติเตียนผู้น้อย."
ปีกกา 0,น.,รูปกองทัพที่ตั้งมีกองขวากองซ้ายคล้ายปีกกา
ปีกกา 1,น.,เครื่องหมายรูปดังนี้ { } สำหรับควงข้อความเข้าด้วยกัน เรียกว่า วงเล็บปีกกา.
ปีกไก่ 0,น.,"ชื่อปลานํ้าจืดขนาดกลางหลายชนิดในวงศ์ Siluridae ไม่มีเกล็ด มีฟันเล็กแต่แหลมคม ลำตัวแบนข้างมากบ้างน้อยบ้าง เช่น ชนิด Phalacronotus apogon (Bleeker), P. bleekeri (Günther), Kryptopterus cryptopterus (Bleeker), K. limpok (Bleeker), Ompok bimaculatus (Bloch), O. hypophthalmus (Bleeker), Ceratoglanis scleronemus (Bleeker), ข้างท้องมักเป็นสีเงิน ขนาดแตกต่างกันตั้งแต่ ๒๐-๗๗ เซนติเมตร อาจมีหรือไม่มีครีบหลังก็ได้ บางชนิดลำตัวด้านหลังสีเทาอมเขียวหรือสีนํ้าตาล, มีชื่อไทยที่เรียกแตกต่างกันหรือซํ้าซ้อนกันระหว่างชนิด ได้แก่ ชะโอน โอน แดง นาง เกด ปีกไก่ นํ้าเงิน หน้าสั้น สยุมพร หรือ เซือม."
ปีกค้างคาว 0,น.,ชื่อร่มผ้าชนิดหนึ่งซี่เป็นเหล็ก.
ปีกตะไล 0,น.,แผ่นไม้ไผ่บาง ๆ ที่ขดปิดหัวท้ายกระบอกตะไลเป็นรูปวงกลม.
ปีกนก 0,น.,ส่วนของหลังคาที่อยู่ใต้จั่ว.
ปีกไม้ 0,น.,ปีกทั้ง ๔ ข้างของซุงที่เลื่อยเปิดออก.
ปี่กลาง 0,น.,ปี่ชนิดหนึ่งที่ใช้ในวงปี่พาทย์ มีขนาดเล็กกว่าปี่ใน แต่ใหญ่กว่าปี่นอก บรรเลงประกอบการแสดงหนังใหญ่.
ปีกลาย 0,น.,ปีที่แล้ว.
ปีกหมวก 0,น.,ส่วนที่ยื่นออกมาโดยรอบของหมวกบางชนิด ดัดขึ้นลงได้.
ปีกหัก 0,ว.,ที่ประสบความผิดหวังหรือพลาดพลั้งอย่างรุนแรงจนหมดกำลัง.
ปีการศึกษา 0,น.,ช่วงเวลาที่สถานศึกษาทำการสอนในรอบ ๑ ปี.
ปี่แก้ว 0,น.,ชื่องูขนาดเล็กถึงขนาดกลางหลายชนิด ในสกุล Oligodon วงศ์ Colubridae หัวหลิมเล็ก คอโต หางสั้น แต่ละชนิดมีสีสันและลวดลายต่างกัน อาศัยอยู่ตามซอกหินซอกดิน หากินตามพื้นดิน กินไข่นก ไข่สัตว์เลื้อยคลาน แมลง หนู สัตว์สะเทินน้ำสะเทินบก ไม่ขึ้นต้นไม้ ทำเสียงขู่ได้ มีหลายชนิด เช่น ปี่แก้วใหญ่ [ O. joynsoni (Smith)] ปี่แก้วลายกระหรืองอดด่าง [ O. cinereus (Günther)] ไม่มีพิษ.
ปีงบประมาณ 0,น.,ระยะเวลาตั้งแต่วันที่ ๑ ตุลาคมของปีหนึ่งถึงวันที่ ๓๐ กันยายนของปีถัดไป โดยให้ปี พ.ศ. ที่ถัดไปนั้นเป็นชื่อสำหรับปีงบประมาณนั้น.
ปี่ไฉน 0,น.,ชื่อปี่ชนิดหนึ่งขนาดเล็กมาก ทำด้วยไม้หรืองาแบ่งออกเป็น ๒ ท่อน ถอดจากกันได้ ท่อนบนเรียกว่า เลาปี่ ท่อนล่างเรียกว่า ลำโพง มีลิ้นทำด้วยใบตาลผูกติดกับปลายท่อลมเล็กที่เรียกว่า กำพวด.
ปี่ชวา 0,น.,ชื่อปี่ชนิดหนึ่งที่ได้แบบมาจากชวา รูปร่างลักษณะทุกอย่างคล้ายปี่ไฉน แต่มีขนาดใหญ่และยาวกว่า.
ปีฐกะ 0,น.,"ตั่ง, ที่นั่ง, เก้าอี้, ม้า."
ปีฐะ 0,น.,"ตั่ง, ที่นั่ง, เก้าอี้, ม้า."
ปี๊ด 0,ว.,เสียงดังเช่นนั้น.
ปีติ 0,น.,"ความปลาบปลื้มใจ, ความอิ่มใจ."
ปีน 0,ก.,"ไต่โดยใช้มือและเท้าเกาะยึดขึ้นไป เช่น ปีนต้นไม้ ปีนเขา, ใช้ในอาการที่ไต่ลงก็มี เช่น ปีนลงทางหน้าต่าง"
ปีน 1,ก.,โดยปริยายหมายความว่า ออกนอกที่นอกทาง เช่น ปีนทาง.
ปีนเกลียว 0,ว.,"มีความเห็นไม่ลงรอยกัน, ขัดแย้งกัน, แตกพวกหรือไม่ถูกกัน."
ปีนป่าย 0,ก.,"ปีนหรือตะกายขึ้นไปด้วยความยากลำบาก, ป่ายปีน ก็ว่า."
ปี่นอก 0,น.,ชื่อปี่ชนิดหนึ่งมีขนาดเล็กที่สุดในบรรดาปี่ ๔ ชนิดที่ใช้ในวงปี่พาทย์ คือ ปี่นอก ปี่นอกต่ำ ปี่กลาง และปี่ใน.
ปี่นอกต่ำ 0,น.,ชื่อปี่ชนิดหนึ่งที่ใช้ในวงปี่พาทย์ รูปร่างคล้ายปี่นอก แต่มีระดับเสียงต่ำกว่าปี่นอก.
ปี่ใน 0,น.,ชื่อปี่ชนิดหนึ่งที่ใช้ในวงปี่พาทย์ รูปร่างคล้ายปี่นอก เป็นปี่ขนาดใหญ่ที่สุด และมีเสียงต่ำสุด เป็นปี่ที่ใช้กันมากที่สุด.
ปีบ 0,น.,"ชื่อไม้ต้นชนิด Millingtonia hortensis L.f. ในวงศ์ Bignoniaceae ใบเป็นใบประกอบ ดอกยาว สีขาว กลิ่นหอม ดอกแห้งใช้ประสมยาสูบ, พายัพเรียก กาซะลอง, อีสานเรียก กางของ."
ปี๊บ 0,น.,ปีบ. (ดู ปีบ ๒)
ปี๊บ 1,น.,ชื่อลูกโป่งที่ทำด้วยยาง.
ปีบ 1,น.,"ภาชนะทำด้วยสังกะสีเป็นต้น รูปสี่เหลี่ยม สำหรับบรรจุสิ่งของ, ปี๊บ ก็ว่า."
ปี๊บ 2,ว.,เสียงอย่างเสียงเสือร้อง.
ปีปฏิทิน 0,น.,ระยะเวลาตั้งแต่วันที่ ๑ มกราคมถึงวันที่ ๓๑ ธันวาคม.
ปี่พาทย์ 0,น.,"ชื่อเรียกการผสมวงดนตรีไทย มีขนาดวงอยู่ ๓ ขนาด คือ ปี่พาทย์เครื่องห้า ปี่พาทย์เครื่องคู่ ปี่พาทย์เครื่องใหญ่, เดิมเรียกว่า พิณพาทย์."
ปี่พาทย์เครื่องคู่ 0,น.,วงปี่พาทย์ประกอบด้วย ปี่ใน ปี่นอก ระนาดเอก ระนาดทุ้ม ฆ้องวงใหญ่ ฆ้องวงเล็ก ตะโพน กลองทัด และฉิ่ง (ปัจจุบันนิยมใช้ปี่ในเพียงเลาเดียว).
ปี่พาทย์เครื่องห้า 0,น.,วงปี่พาทย์ประกอบด้วย ปี่ใน ระนาดเอก ฆ้องวงใหญ่ ตะโพน กลองทัด และฉิ่ง.
ปี่พาทย์เครื่องใหญ่ 0,น.,"วงปี่พาทย์ประกอบด้วย ปี่ใน ปี่นอก ระนาดเอก ระนาดทุ้ม ระนาดเอกเหล็ก ระนาดทุ้มเหล็ก ฆ้องวงใหญ่ ฆ้องวงเล็ก กลองทัด และฉิ่ง, แต่บางทีก็มีฉาบเล็ก ฉาบใหญ่ กรับ และฆ้องโหม่งผสมด้วย (ปัจจุบันนิยมใช้แต่ปี่ใน)."
ปี่พาทย์นางหงส์ 0,น.,วงปี่พาทย์ที่ใช้บรรเลงเฉพาะในงานอวมงคล เรียกชื่อตามเพลงซึ่งใช้เป็นหลักในการบรรเลง คือ เพลงเรื่องนางหงส์ อัตรา ๒ ชั้น การประสมเครื่องดนตรีเหมือนวงปี่พาทย์ธรรมดาประสมกับวงบัวลอย แต่ใช้ปี่ชวาแทนปี่ใน ใช้กลองมลายูแทนตะโพนหรือกลองทัด.
ปี่พาทย์มอญ 0,น.,วงปี่พาทย์ที่นำเพลงและเครื่องดนตรีของมอญ ประกอบด้วย ปี่มอญ ฆ้องมอญ ตะโพนมอญ และเปิงมางคอกมาบรรเลง มีเครื่องกำกับจังหวะ ได้แก่ ฉิ่ง ฉาบ โหม่ง.
ปี่มอญ 0,น.,ชื่อปี่ชนิดหนึ่ง ใช้เป่าในวงปี่พาทย์มอญ มีขนาดใหญ่ ลักษณะเป็น ๒ ท่อน ตัวปี่หรือเลาปี่ทำด้วยไม้เนื้อแข็งสอดอยู่ในลำโพงทำด้วยโลหะ ทรงปากบานออกคล้ายลำโพง แยกเป็นคนละส่วนกับเลาปี่ จึงมีเชือกผูกโยงท่อนบนลำโพงกับเลาปี่ท่อนบนไว้ด้วยกัน.
ปีมะโว้ 0,น.,เวลานานมาแล้วจนไม่รู้ว่าตั้งแต่เมื่อใด.
ปีศาจ 0,น.,"ผี, ลักษณนามว่า ตน, ปิศาจ ก็ว่า."
ปีสุริยคติ 0,น.,"ช่วงเวลาที่โลกโคจรรอบดวงอาทิตย์ครบ ๑ รอบ, เท่ากับ ๓๖๕ วัน ๕ ชั่วโมง ๕๑ นาที ๔๐.๕ วินาที แบ่งเป็น ๑๒ เดือน."
ปีแสง 0,น.,หน่วยวัดระยะซึ่งใช้ในวิชาดาราศาสตร์ โดยกำหนดว่าระยะ ๑ ปีแสง คือ ระยะที่แสงเคลื่อนที่ไปได้ในเวลา ๑ ปี ซึ่งเป็นระยะ ๕.๘๗๘๔๘ x ๑๐_๑๒ ไมล์ หรือ ๙.๔๖๐๕ x ๑๐_๑๒ กิโลเมตร.
ปีหน้าฟ้าใหม่ 0,น.,"ปีหน้า, เวลาข้างหน้า."
ปีฬกะ 0,น.,"ฝี, ต่อม, ไฝ."
ปีฬะ 0,ก.,บีฑา.
ปีฬา 0,ก.,บีฑา.
ปี่อ้อ 0,น.,ปี่ที่ตัวปี่หรือเลาปี่ทำด้วยไม้รวกปล้องเดียวไม่มีข้อ ยาวราว ๒๔ เซนติเมตร ตามลำตัวนิยมใช้ไฟหรือตะกั่วร้อน ๆ ลนให้เป็นลวดลายต่าง ๆ ตอนหัวและท้ายของเลาปี่มักใช้ทองเหลืองหรือเงินเลี่ยมไว้เพื่อกันแตกและให้ดูงาม.
ปึก 0,น.,"สิ่งที่จับเกาะรวมกันแน่น, ลักษณนามเรียกสิ่งที่จับเกาะรวมกันแน่นเช่นนั้นว่า ปึก เช่น นํ้าตาล ๓ ปึก."
ปึก 1,ว.,แน่นทึบ เช่น เนื้อแน่นปึก.
ปึกแผ่น 0,ว.,"ที่ตั้งอยู่ด้วยความมั่นคง, มีหลักฐานมั่นคง."
ปึง 0,ว.,เสียงดังเช่นนั้น.
ปึ๋ง 0,ว.,เสียงดังเช่นนั้น.
ปึ่ง 0,ว.,ทำท่าไว้ยศไม่อยากพูดจาด้วย
ปึ่ง 1,ว.,"ทำทีเฉยแสดงอาการคล้ายกับโกรธ, ปึ่งชา ก็ว่า."
ปึ่ง 2,น.,"ชื่อแมลงในสกุล Simuliumวงศ์ Simuliidae ขนาดเล็ก มีความยาว ๒-๔ มิลลิเมตร ส่วนใหญ่ตัวป้อมสีดำ มีปีกใสค่อนข้างกว้าง ๑ คู่ มักพบบินเป็นกลุ่มเวลาพลบค่ำหรือเช้ามืดบริเวณลำธารน้ำไหล ดูดกินเลือดคนและสัตว์ ทำให้ผิวหนังบวมแดง ถ้าเป็นมากจะอักเสบจนเป็นหนอง เช่น ชนิด S. nigrogilrum Summers พบทางภาคเหนือ, บึ่ง ปึ่ง หรือ ริ้นดำ ก็เรียก."
ปึ่งชา 0,ว.,"ทำทีเฉยแสดงอาการคล้ายกับโกรธ, วางท่าเฉยเมยอย่างไว้ยศ, เช่น เมียเจ้ารูปทองสิบสองหนัก ยศศักดิ์ปึ่งชาหาน้อยไม่ (สังข์ทอง), ปึ่ง ก็ว่า."
ปึงปัง 0,ว.,เสียงดังเอ็ดอึง.
ปึ้ด 0,ว.,ใช้ประกอบคำ ดำ ว่า ดำปึ้ด หมายความว่า ดำมาก.
ปึมปื้อ 0,น.,"ชื่อไม้ล้มลุกชนิด Alocasia macrorrhizos (L.) G. Don ในวงศ์ Araceae มีหัวใต้ดิน ต้นคล้ายบอนหรือเผือกแต่ใบมีขนาดใหญ่กว่า ก้านใบตอนล่างเป็นกาบสีเขียว ทั้งต้นใช้ทำยา หัวทำให้สุกแล้วกินได้, กระดาดขาว ปึมปื้อ เผือกกะลา หรือ เผือกโทป้าด ก็เรียก."
ปืดปึง 0,ว.,เสียงตีตะโพน.
ปืน 0,น.,อาวุธสำหรับยิงให้ลูกออกจากลำกล้องด้วยกำลังดินระเบิดหรือแรงอัดดันด้วยลมเป็นต้น.
ปื้น 0,ว.,"อาการที่ผิวหนังเห่อขึ้นเป็นแผ่นหรือเป็นผื่นเป็นแนวหนา เช่น ลมพิษขึ้นเป็นปื้น, โดยปริยายหมายถึง สิ่งที่คล้ายคลึงเช่นนั้น เช่น คอเสื้อดำเป็นปื้น."
ปื้น 1,น.,ลักษณนามใช้กับเลื่อย เช่น เลื่อยปื้นหนึ่ง เลื่อย ๒ ปื้น.
ปืนกล 0,น.,ปืนที่มีกลไกยิงได้เร็วมาก.
ปืนครก 0,น.,ปืนใหญ่ที่มีลำกล้องสั้นลักษณะคล้ายครก.
ปืนพก 0,น.,ปืนขนาดเล็ก สำหรับพกพาติดตัวไปได้.
ปืนยา 0,น.,ศรหรือหน้าไม้ที่มีลูกอาบด้วยยาพิษ.
ปืนยาว 0,น.,ชื่อปืนชนิดหนึ่ง ลำกล้องยาวตั้งแต่ ๒๐ นิ้วขึ้นไป มีแหนบสำหรับบรรจุกระสุน มักใช้ล่าสัตว์.
ปืนลม 0,น.,ชื่อปืนชนิดหนึ่ง ใช้แรงอัดดันด้วยลม.
ปืนเล็ก 0,น.,ปืนที่มีปากลำกล้องกว้างต่ำกว่า ๒๐ มิลลิเมตร ลงมา.
ปืนเล็กยาว 0,น.,ปืนเล็กที่มีลำกล้องยาวติดดาบปลายปืนได้.
ปืนสั้น 0,น.,ชื่อปืนชนิดหนึ่ง ลำกล้องยาว ๒-๖ นิ้ว มีแหนบหรือลูกโม่สำหรับบรรจุกระสุน.
ปืนใหญ่ 0,น.,ปืนที่มีปากลำกล้องกว้างตั้งแต่ ๒๐ มิลลิเมตร ขึ้นไป.
ปือ 0,ว.,"เต็ม, มาก."
ปื้อ 0,ว.,"ดำมืด, มักใช้ประกอบคำ ปึ้ด เป็น ปึ้ดปื้อ."
ปื๋อ 0,ว.,"จัด, มักใช้ประกอบสีดำสีเขียว ว่า ดำปื๋อ เขียวปื๋อ."
ปุ๊ 0,ว.,เสียงดังเช่นนั้น.
ปุ 0,ว.,เสียงดังเช่นนั้น.
ปุ 1,ก.,ปะ เช่น เอาไม้ไปปุฝาเรือน.
ปุก 0,ว.,เรียกเท้าที่พิการมีรูปดังกำปั้น ว่า เท้าปุก.
ปุก 1,ว.,เสียงดังเช่นนั้นอย่างเสียงตำข้าว.
ปุกปุย 0,ว.,มีขนหรือใยฟูรุงรัง.
ปุคละ 0,น.,บุคคล.
ปุ้งกี๋ 0,น.,"เครื่องสานรูปคล้ายเปลือกหอยแครง สำหรับใช้โกยดินเป็นต้น, บุ้งกี๋ ก็ว่า."
ปุงคพ 0,น.,"โคผู้, หมายความว่า ผู้เลิศ, ผู้ประเสริฐ, หัวหน้า, เช่น ศากยปุงควะ ว่า ผู้ประเสริฐในศากยตระกูล."
ปุงควะ 0,น.,"โคผู้, หมายความว่า ผู้เลิศ, ผู้ประเสริฐ, หัวหน้า, เช่น ศากยปุงควะ ว่า ผู้ประเสริฐในศากยตระกูล."
ปุงลิงค์ 0,น.,"เพศของคำในภาษาบาลีสันสกฤต ที่ไม่จัดเป็นอิตถีลิงค์และนปุงสกลิงค์ เช่น กิมิ (หนอน, แมลง) ตาป (ความเดือดร้อน, ความรำคาญ), ปุลลิงค์ หรือ ปุลลึงค์ ก็ว่า."
ปุงลึงค์ 0,น.,"เพศของคำในภาษาบาลีสันสกฤต ที่ไม่จัดเป็นอิตถีลิงค์และนปุงสกลิงค์ เช่น กิมิ (หนอน, แมลง) ตาป (ความเดือดร้อน, ความรำคาญ), ปุลลิงค์ หรือ ปุลลึงค์ ก็ว่า."
ปุจฉา 0,ก.,ถาม เช่น ขอปุจฉาพระคุณเจ้า.
ปุฏะ 0,น.,ห่อ
ปุฏะ 1,น.,"หม้อ, ขวด, โอ่ง, ไห"
ปุฏะ 2,น.,กระจาด.
ปุณฑริก 0,น.,บุณฑริก.
ปุด 0,น.,เรียกการเย็บผ้าทีหนึ่ง ว่า ปุดหนึ่ง.
ปุด 1,ก.,อาการที่นํ้าหรือของเหลวผุดขึ้นน้อย ๆ.
ปุด 2,ว.,เสียงดังเช่นนั้น.
ปุด 3,น.,ชื่อไม้ล้มลุกหลายชนิด ในวงศ์ Zingiberaceae บางชนิดกินได้ เช่น ปุดกะลาหรือกะลา [ Etlingera elatior (Jack) R.M. Sm.].
ปุดกะลา 0,น.,ต้นกะลา. (ดู กะลา ๒).
ปุดใบลาย 0,น.,"ชื่อไม้ล้มลุกชนิด Etlingera metriocheilos (Griff.) R.M. Sm. ในวงศ์ Zingiberaceae ดอกสีแดง ออกเป็นช่อสั้น ๆ ใกล้พื้นดิน กินได้, ปุดใบลาย ก็เรียก."
ปุตตะ 0,น.,บุตร.
ปุถุชน 0,น.,"คนที่ยังมีกิเลสหนา, สามัญชน, ผู้ที่มิได้เป็นพระอริยบุคคล."
ปุนนาค 0,น.,ต้นบุนนาค.
ปุนภพ 0,น.,"ภพใหม่, การเกิดใหม่. (ป. ปุนพฺภว)"
ปุนภพ 1,น.,สมัยเกิดใหม่ ได้แก่ตอนเริ่มต้นยุคปัจจุบันหลังยุคกลาง.
ปุนัพพสู 0,น.,"ดาวฤกษ์ที่ ๗ มี ๓ ดวง เห็นเป็นรูปเรือชัยหรือหัวสำเภา, ดาวหัวสำเภา ดาวสำเภาทอง ดาวสะเภา ดาวยามเกา หรือ ดาวตาเรือชัย ก็เรียก."
ปุนัพสุ 0,น.,"ดาวฤกษ์ที่ ๗ มี ๓ ดวง เห็นเป็นรูปเรือชัยหรือหัวสำเภา, ดาวหัวสำเภา ดาวสำเภาทอง ดาวสะเภา ดาวยามเกา หรือ ดาวตาเรือชัย ก็เรียก."
ปุบ 0,ว.,"อาการที่เป็นไปอย่างฉับไว, ทันทีทันใด, เช่น ฉวยปุบ, มักใช้เข้าคู่กับคำ ปับ เป็น ปุบปับ."
ปุ๊บ 0,ว.,"อาการที่เป็นไปอย่างฉับไว, ทันทีทันใด, เช่น วางปุ๊บ เปิดปุ๊บ, มักใช้เข้าคู่กับคำ ปั๊บ เป็น ปุ๊บปั๊บ."
ปุบปับ 0,ว.,เสียงซึ่งเกิดจากอาการรีบร้อนลุกลนหรือเสียงที่แสดงอาการเช่นนั้น
ปุบปับ 1,ว.,"อาการที่ทำโดยรีบร้อนทันทีทันใด, อาการที่เป็นไปโดยกะทันหัน เช่น ปุบปับก็ตาย."
ปุ๊บปั๊บ 0,ว.,เสียงซึ่งเกิดจากอาการรีบร้อนลุกลนหรือเสียงที่แสดงอาการเช่นนั้น
ปุ๊บปั๊บ 1,ว.,"อาการที่ทำโดยรีบร้อนทันทีทันใด, อาการที่เป็นไปโดยกะทันหัน เช่น ปุบปับก็ตาย."
ปุปผะ 0,น.,"บุปผะ, ดอกไม้."
ปุปะ 0,ก.,ปะหลายแห่ง.
ปุพพ- 0,ว.,"บุพ, บุพพะ."
ปุพพผลคุนี 0,น.,"ดาวฤกษ์ที่ ๑๑ มี ๒ ดวง เห็นเป็นรูปแรดตัวผู้หรือเพดานตอนหน้า, ดาววัวตัวผู้ หรือ ดาวงูเมีย ก็เรียก."
ปุพพภัททะ 0,น.,"ดาวฤกษ์ที่ ๒๕ มี ๒ ดวง เห็นเป็นรูปราชสีห์ตัวผู้หรือเพดานตอนหน้า, ดาวโปฐบท ดาวแรดตัวผู้ หรือ ดาวหัวเนื้อทราย ก็เรียก."
ปุพพะ 0,ว.,"บุพ, บุพพะ."
ปุม- 0,ว.,เพศชาย.
ปุ่ม 0,น.,"ปม, ของที่นูนขึ้นจากพื้นเดิม เช่น ปุ่มฆ้อง."
ปุ้ม 0,น.,ยอดที่นูนกลม.
ปุ๋ม 0,ว.,เสียงดังเช่นนั้น.
ปุ่มปลา 0,น.,ผักปุ่มปลา. (ดู ปอด ๒).
ปุ่มป่ำ 0,ว.,"นูนขึ้นเป็นปม ๆ, เป็นปุ่มเป็นปมขรุขระอย่างผิวมะกรูด, ตะปุ่มตะป่ำ ก็ว่า."
ปุ่มเป้ง 0,น.,"ชื่อปาล์ม ๓ ชนิดในสกุล Phoenix วงศ์ Palmae ก้านใบมีหนาม คือ เป้งทะเล ( P. paludosa Roxb.) ขึ้นตามชายทะเล, เป้งดอย ( P. loureiroiKunth) ขึ้นตามป่าดอน, และ เป้งบก ปุ่มเป้ง หรือ ปุ้มเป้ง ( P. acaulis Roxb.) ขึ้นในป่าเต็งรัง."
ปุ้มเป้ง 0,น.,"ชื่อปาล์ม ๓ ชนิดในสกุล Phoenix วงศ์ Palmae ก้านใบมีหนาม คือ เป้งทะเล ( P. paludosa Roxb.) ขึ้นตามชายทะเล, เป้งดอย ( P. loureiroiKunth) ขึ้นตามป่าดอน, และ เป้งบก ปุ่มเป้ง หรือ ปุ้มเป้ง ( P. acaulis Roxb.) ขึ้นในป่าเต็งรัง."
ปุ่มเปือก 0,น.,ต่อมนํ้าที่เกิดในเลนในตม.
ปุ้มเปือก 0,น.,ต่อมนํ้าที่เกิดในเลนในตม.
ปุมา 0,ว.,เพศชาย.
ปุ้ย 0,น.,ลักษณะแก้มที่ตุ่ยออกมาเช่นในเวลากินอาหาร
ปุ้ย 1,น.,ของลับหญิง.
ปุย 0,น.,ของที่เป็นใยฟูอย่างสำลีหรือขนสัตว์บางชนิด เช่น ปุยฝ้าย ปุยสำลี สุนัขขนเป็นปุย.
ปุ๋ย 0,น.,สิ่งที่ใส่ลงไปในดินหรือให้ธาตุอาหารพืชหนึ่งหรือหลายธาตุ.
ปุย 1,น.,"ชื่อไม้ต้นชนิด Careya sphaerica Roxb. ในวงศ์ Lecythidaceae ชอบขึ้นในป่าเบญจพรรณที่ชุ่มชื้น ดอกมีเกสรเพศผู้จำนวนมากเป็นพู่คล้ายดอกชมพู่ ขาว หอม ดอกบานเต็มที่กว้าง ๕-๘ เซนติเมตร ผลค่อนข้างกลม ใบอ่อนใช้เป็นผัก เปลือกใช้เบื่อปลาหรือทุบเป็นแผ่นปูหลังช้าง, โดน จิก ปุย ปุยกระโดน ปุยขาว หรือ ผ้าฮาด ก็เรียก."
ปุ๋ย 1,ว.,อาการที่เชือกขาดไปโดยง่ายดาย เช่น ขาดปุ๋ย
ปุ๋ย 2,ว.,อาการที่หลับง่ายดายอย่างสบาย เช่น หลับปุ๋ย.
ปุยกระโดน 0,น.,"ชื่อไม้ต้นชนิด Careya sphaerica Roxb. ในวงศ์ Lecythidaceae ชอบขึ้นในป่าเบญจพรรณที่ชุ่มชื้น ดอกมีเกสรเพศผู้จำนวนมากเป็นพู่คล้ายดอกชมพู่ ขาว หอม ดอกบานเต็มที่กว้าง ๕-๘ เซนติเมตร ผลค่อนข้างกลม ใบอ่อนใช้เป็นผัก เปลือกใช้เบื่อปลาหรือทุบเป็นแผ่นปูหลังช้าง, โดน จิก ปุย ปุยกระโดน ปุยขาว หรือ ผ้าฮาด ก็เรียก."
ปุยขาว 0,น.,"ชื่อไม้ต้นชนิด Careya sphaerica Roxb. ในวงศ์ Lecythidaceae ชอบขึ้นในป่าเบญจพรรณที่ชุ่มชื้น ดอกมีเกสรเพศผู้จำนวนมากเป็นพู่คล้ายดอกชมพู่ ขาว หอม ดอกบานเต็มที่กว้าง ๕-๘ เซนติเมตร ผลค่อนข้างกลม ใบอ่อนใช้เป็นผัก เปลือกใช้เบื่อปลาหรือทุบเป็นแผ่นปูหลังช้าง, โดน จิก ปุย ปุยกระโดน ปุยขาว หรือ ผ้าฮาด ก็เรียก."
ปุ๋ยคอก 0,น.,ปุ๋ยที่ได้จากมูลสัตว์และเศษซากพืชรองคอก.
ปุ๋ยเคมี 0,น.,ปุ๋ยที่ผลิตขึ้นโดยกระบวนการทางเคมีให้มีธาตุอาหารหลักเพียงธาตุเดียวหรือหลายธาตุ
ปุ๋ยเคมี 1,น.,ปุ๋ยวิทยาศาสตร์.
ปุยฝ้าย 0,น.,"ชื่อหนึ่งของดาวฤกษ์บุษยะ มี ๕ ดวง, ดาวพวงดอกไม้ ดาวดอกบัว ดาวโลง ดาวปู ดาวสมอสำเภา ดาวสิธยะ ดาวบุษย์ ดาวปุษยะ หรือ ดาวปุสสะ ก็เรียก"
ปุยฝ้าย 1,น.,ชื่อขนมชนิดหนึ่ง มีลักษณะคล้ายขนมถ้วยฟู แต่เนื้อละเอียดและนุ่มกว่า
ปุยฝ้าย 2,น.,ชื่อกะท้อนพันธุ์หนึ่ง.
ปุ๋ยวิทยาศาสตร์ 0,น.,ปุ๋ยเคมี.
ปุ๋ยหมัก 0,น.,ปุ๋ยที่ได้จากนำเศษอินทรียวัสดุมากองสุมไว้ รดน้ำให้ชื้นและทิ้งไว้ให้เกิดการสลายตัวโดยการกระทำของจุลินทรีย์ อาจผสมสารเคมีเข้าไปด้วยเพื่อให้มีธาตุอาหารเพิ่มขึ้นหรือให้อินทรียวัสดุสลายตัวเร็วขึ้น.
ปุ๋ยอินทรีย์ 0,น.,ปุ๋ยที่ได้จากพืชและซากสัตว์.
ปุรณะ 0,ก.,บูรณะ.
ปุรพ- 0,ว.,"บุพ, บุพพะ."
ปุรพผลคุนี 0,น.,"ดาวฤกษ์ที่ ๑๑ มี ๒ ดวง เห็นเป็นรูปแรดตัวผู้หรือเพดานตอนหน้า, ดาววัวตัวผู้ หรือ ดาวงูเมีย ก็เรียก."
ปุรพษาฒ 0,น.,"ดาวฤกษ์ที่ ๒๐ มี ๓ ดวง เห็นเป็นรูปปากนกหรือช้างพลาย, ดาวสัปคับช้าง หรือ ดาวราชสีห์ตัวผู้ ก็เรียก."
ปุระ 0,น.,บุระ.
ปุราณ 0,ว.,"บุราณ, โบราณ."
ปุราณะ 0,น.,ชื่อคัมภีร์ในศาสนาฮินดู.
ปุริมพรรษา 0,น.,"“พรรษาต้น”, ช่วงระยะเวลาที่ภิกษุเข้าอยู่จำพรรษาต้น คือตั้งแต่วันแรม ๑ ค่ำ เดือน ๘ ถึงขึ้น ๑๕ ค่ำ เดือน ๑๑, ปุริมพรรษา ก็ว่า, คู่กับ ปัจฉิมพรรษา."
ปุเรจาริก 0,ว.,"เป็นเครื่องนำหน้า, เป็นอารมณ์, เป็นหัวหน้า."
ปุโรหิต 0,น.,พราหมณ์ที่ปรึกษาของพระมหากษัตริย์ในทางนิติ คือ ขนบธรรมเนียมจารีตประเพณี.
ปุลลิงค์ 0,น.,"เพศของคำในภาษาบาลีสันสกฤต ที่ไม่จัดเป็นอิตถีลิงค์และนปุงสกลิงค์ เช่น กิมิ (หนอน, แมลง) ตาป (ความเดือดร้อน, ความรำคาญ), ปุลลิงค์ หรือ ปุลลึงค์ ก็ว่า."
ปุลลึงค์ 0,น.,"เพศของคำในภาษาบาลีสันสกฤต ที่ไม่จัดเป็นอิตถีลิงค์และนปุงสกลิงค์ เช่น กิมิ (หนอน, แมลง) ตาป (ความเดือดร้อน, ความรำคาญ), ปุลลิงค์ หรือ ปุลลึงค์ ก็ว่า."
ปุลินท์ 0,น.,ชาวป่าชาวเขา.
ปุลู 0,น.,"เรียกขวานชนิดหนึ่ง มีบ้องที่หัวบิดได้ สำหรับตัดหรือถาง ว่า ขวานปุลู, ปูลู หรือ โยน ก็เรียก."
ปุโลปุเล 0,ก.,"พูดหรือทำพอให้เสร็จ ๆ ไปโดยไม่ต้องการรายละเอียด, ประโลประเล ก็ว่า."
ปุษยะ 0,น.,"ดาวฤกษ์ที่ ๘ มี ๕ ดวง เห็นเป็นรูปปุยฝ้าย พวงดอกไม้ ดอกบัว หรือโลง, ดาวปุยฝ้าย ดาวพวงดอกไม้ ดาวดอกบัว ดาวโลง ดาวปู ดาวสมอสำเภา หรือ ดาวสิธยะ ก็เรียก."
ปุสสะ 0,น.,"ดาวฤกษ์ที่ ๘ มี ๕ ดวง เห็นเป็นรูปปุยฝ้าย พวงดอกไม้ ดอกบัว หรือโลง, ดาวปุยฝ้าย ดาวพวงดอกไม้ ดาวดอกบัว ดาวโลง ดาวปู ดาวสมอสำเภา หรือ ดาวสิธยะ ก็เรียก."
ปุฬวะ 0,น.,หนอน.
ปู่ 0,น.,"พ่อของพ่อ, ผัวของย่า, ญาติผู้ชายหรือชายที่นับถือชั้นปู่."
ปู 0,น.,ชื่อสัตว์ไม่มีกระดูกสันหลังในชั้น Crustacea อันดับ Decapoda มีหลายวงศ์ หายใจด้วยเหงือก หัวและอกรวมกันเป็นลำตัว ท้องแบนพับอยู่ใต้อก เรียก จับปิ้งหรือตะปิ้ง มีรยางค์ขา ๕ คู่ คู่แรกเป็นขาก้าม พบอาศัยอยู่บนบกในน้ำจืด และทะเล เช่น ปูดำหรือปูทะเล ปูม้า ปูแสม
ปู 1,น.,"ชื่อหนึ่งของดาวฤกษ์บุษยะ มี ๕ ดวง, ดาวปุยฝ้าย ดาวพวงดอกไม้ ดาวดอกบัว ดาวโลง ดาวสิธยะ ดาวสมอสำเภา ดาวบุษย์ ดาวปุษยะ หรือ ดาวปุสสะ ก็เรียก."
ปู 2,ก.,"วางทอดลงเป็นพื้น เช่น ปูกระดาน ปูหินอ่อน, วางแผ่ลงกับพื้น เช่น ปูเสื่อ ปูผ้า."
ปู่ครู 0,น.,ตำแหน่งสมณศักดิ์ครั้งกรุงสุโขทัยเป็นราชธานี.
ปูจ๋า 0,น.,ชื่อกับข้าวอย่างหนึ่ง เอาเนื้อปูผสมเครื่องกับไข่แล้วใส่กระดองปูนึ่งหรือทอด.
ปู่เจ้า 0,น.,"ผู้เฒ่าที่คนเคารพนับถือ, เจ้าปู่ ก็ว่า"
ปู่เจ้า 1,น.,เทพารักษ์ เช่น เขาใส่สมญาเรา ปู่เจ้า (ลอ).
ปูชกะ 0,น.,ผู้บูชา.
ปูชนีย- 0,ว.,"น่านับถือ, น่าบูชา, เช่น ปูชนียวัตถุ ปูชนียบุคคล."
ปูชนียสถาน 0,น.,สถานที่เนื่องด้วยศาสนา ซึ่งเป็นที่ควรแก่การเคารพบูชา เช่น วัดพระศรีรัตนศาสดาราม พระปฐมเจดีย์.
ปูชนียะ 0,ว.,"น่านับถือ, น่าบูชา, เช่น ปูชนียวัตถุ ปูชนียบุคคล."
ปูชา 0,น.,บูชา.
ปูชิต 0,ก.,บูชิต.
ปูด 0,น.,"ชื่อนกขนาดกลางในวงศ์ Cuculidae ปากแหลมสั้นหนา ตาสีแดง ลำตัวเพรียว หัว คอ และลำตัวมีขนสีดำ ปีกสั้นสีน้ำตาลแดง หากินตามพื้นป่าโปร่ง บินได้ในระยะสั้น ๆ ร้องเสียง “ปูด ๆ ” มี ๓ ชนิด คือ กะปูดใหญ่ [ Centropus sinensis (Stephens)] กะปูดเล็ก [ C. bengalensis (Gmelin)] และกะปูดนิ้วสั้น ( C. rectunguisStrickland), ปูด หรือ กระปูด ก็เรียก, พายัพเรียก ก้นปูด."
ปูด 1,ว.,นูนเบ่งขึ้นมาในลักษณะอย่างดินปูด หน้าปูด
ปูด 2,ว.,เสียงดังเช่นนั้น.
ปูด 3,ก.,พูดหรือเผยความลับเพราะทนเก็บไว้ไม่ได้.
ปูดกกส้มมอ 0,น.,โกฐพุงปลา. (ดู โกฐพุงปลา ที่ โกฐ).
ปูติ 0,ว.,"บูด, เน่า."
ปูติลดา 0,น.,"เถาหัวด้วน, กระพังโหม."
ปู่ทวด 0,น.,พ่อของปู่หรือของย่า.
ปูน 0,น.,"หินปูนหรือเปลือกหอยเมื่อถูกเผาจนสลายตัว, ปูนกินกับหมากหรือปูนแดง ในคำเช่น ป้ายปูน ปูนกัดปาก, ปูนขาว ในคำว่า ฉาบนํ้าปูน"
ปูน 1,น.,ปูนซีเมนต์ ในคำเช่น เทปูน โบกปูน.
ปูน 2,น.,"คราว, รุ่น, เช่น คนมีอายุปูนพ่อปูนแม่."
ปูน 3,ว.,"เทียบ, เทียม, ปาน, เปรียบ, เพียง."
ปูน 4,ก.,"แจก, ปัน, ให้, เช่น ปูนบำเหน็จ."
ปูน 5,น.,เถาวัลย์ปูน.
ปูนขาว 0,น.,ปูนสุก ใช้ผสมกับปูนซีเมนต์ ทราย และนํ้า สำหรับฉาบทาฝาผนัง.
ปูนซีเมนต์ 0,น.,วัสดุใช้ในการก่อสร้างชนิดหนึ่ง ลักษณะเป็นผง เมื่อผสมคลุกกับนํ้าแล้วทิ้งไว้จะเกิดปฏิกิริยาเคมีเป็นผลให้เกิดการก่อตัวและแข็งตัวได้ องค์ประกอบเคมีที่สำคัญคือ แคลเซียมซิลิเกต แคลเซียมอะลูมิเนต และแคลเซียมอะลูมิโนเฟอร์ไรต์ ใช้ประโยชน์เพื่อทำคอนกรีต ปูนฉาบ หรือ ปูนก่อ.
ปูนดิบ 0,น.,"ปูนที่ได้จากการเผาหินปูนหรือเปลือกหอยจนสลายตัว, ปูนไฟ ก็เรียก."
ปูนแดง 0,น.,ปูนสุกที่เมื่อผสมกับผงขมิ้นและนํ้าจะเป็นสีแดง สำหรับป้ายพลูกินกับหมาก.
ปูนปลาสเตอร์ 0,น.,แคลเซียมซัลเฟต (CaSO_4· H_2O) ที่มีลักษณะเป็นผงสีขาวคล้ายปูนขาว ได้จากการเผายิปซัม (CaSO_4·2H_2O) ให้ร้อนถึง ๑๒๐ °-๑๓๐ °ซ. เมื่อนำไปผสมกับนํ้าแล้วทิ้งไว้จะแข็งตัวได้เร็วมาก ใช้ประโยชน์ในการนำไปทำแม่พิมพ์ รูปปั้น เป็นต้น หรือพอกอวัยวะไม่ให้เคลื่อนไหวในการรักษากระดูกหัก.
ปูนปั้น 0,น.,เรียกลวดลายประดับตามอาคารหรือสิ่งก่อสร้างที่ทำจากปูน ว่า ลายปูนปั้น.
ปูนเปียก 0,น.,เรียกภาพเขียนผนังอาคารหรือสิ่งก่อสร้างที่เขียนขณะผนังยังชื้นอยู่ ว่า ภาพปูนเปียก.
ปูนผิว 0,น.,ปูนขาวอย่างละเอียดใช้ฉาบทาพื้นนอกให้ขาวเป็นนวล.
ปูนเพชร 0,น.,ปูนชนิดหนึ่ง ทำด้วยปูนขาวผสมทรายละเอียด นํ้ากาวหนัง และนํ้าเชื้อนํ้าตาล ใช้ปั้นรูปต่าง ๆ เช่น หน้าบัน ลายกระหนก หัวนาค.
ปูนไฟ 0,น.,"ปูนที่ได้จากการเผาหินปูนหรือเปลือกหอยจนสลายตัว, ปูนดิบ ก็เรียก."
ปูนสอ 0,น.,"ปูนขาวที่ผสมกับทรายและนํ้ากาวหนังหรือนํ้าอ้อยเป็นต้น สำหรับเชื่อมอิฐหรือหิน, ปูนขาวหรือปูนซีเมนต์ผสมกับทรายและนํ้า สำหรับเชื่อมอิฐหรือหิน."
ปูนสุก 0,น.,"ปูนดิบที่ถูกความชื้นในอากาศหรือพรมนํ้าแล้วแตกละเอียดเป็นผงขาว, ปูนขาว ก็เรียก."
ปูนแห้ง 0,น.,เรียกสีชมพูอย่างหนึ่งคล้ายสีปูนกินกับหมากเมื่อแห้ง ว่า สีปูนแห้ง.
ปู่น้อย 0,น.,น้องชายของปู่.
ปูม 0,น.,"จดหมายเหตุของโหร, เรียกสมุดบันทึกรายการต่าง ๆ เกี่ยวกับการเดินเรือหรือการเดินอากาศ เช่น เดินทางจากไหนถึงไหน วันที่เดินทาง จำนวนชั่วโมง ฯลฯ ว่า สมุดปูมเดินทาง."
ปูม 1,น.,ผ้าไหมชนิดหนึ่งมีดอกเป็นตา ๆ.
ปูมโหร 0,น.,"ตาตารางแผนที่แสดงลำดับการเคลื่อนไหวของดาวพระเคราะห์แต่ละวัน, ปฏิทินโหราศาสตร์ ก็เรียก."
ปู่ย่า 0,น.,"ชื่อไม้เถาชนิด Caesalpinia mimosoides Lam. ในวงศ์ Leguminosae เถามีหนามมาก ใบเป็นฝอยคล้ายใบมะขาม ดอกเป็นช่อสีเหลือง มีฝัก ใบและช่อมีกลิ่นเหม็นคล้ายกลิ่นตัวเรือด ใช้ทำยาได้, ปู่ย่า ก็เรียก."
ปู้ยี่ปู้ยำ 0,ว.,"ชอกชํ้า, ยับเยิน."
ปูระ 0,ก.,บุรณะ.
ปูลู 0,น.,"เรียกขวานชนิดหนึ่ง มีบ้องที่หัวบิดได้ สำหรับตัดและถาก ว่า ขวานปูลู, ปุลู หรือ โยน ก็เรียก."
ปูลู 1,น.,"ชื่อเต่าน้ำจืดชนิด Platysternon megacephalum Gray วงศ์ Platysternidae หัวโตมากและแข็งหดเข้ากระดองไม่ได้อย่างเต่าชนิดอื่น ปลายปากเป็นจะงอย กระดองหลังยาว ๑๕-๒๐ เซนติเมตร หางยาวเท่ากับหรือยาวกว่ากระดองหลังเล็กน้อย อาศัยอยู่ตามลำธารบนภูเขาสูง ปีนป่ายโขดหินหรือต้นไม้เตี้ย ๆ ได้ กินสัตว์น้ำขนาดเล็ก ในประเทศไทยอาจพบถึง ๓ ชนิดย่อย คือ ปูลูเหนือ (P. m. megacephalum Gray), ปูลูพม่า (P. m. peguens Gray) และปูลูไทย ( P. m. vogeli Wermuth) พบทางภาคเหนือ ตอนเหนือของภาคตะวันออกเฉียงเหนือ และตอนเหนือของภาคตะวันตก."
ปูเล 0,น.,เรียกส่วนล่างของทางใบที่หุ้มรอบลำต้นหมากเมื่อแก่จัดแล้วหลุดลงมา ว่า กาบปูเล.
ปูเล 1,น.,วิธีการจับสัตว์น้ำอย่างหนึ่ง โดยใช้ผ้าหนา ๆ ห่อทรายม้วนเป็นลำยาวแล้วใช้คนประมาณ ๑๐ คนดันผ้าไปตามหาดทรายหรือชายตลิ่งตื้น ๆ เพื่อต้อนปลาขึ้นไปบนฝั่ง.
ปูวา 0,น.,ขนม เช่น ปูวาต้มแดงต้มขาว (กฎหมายเก่า).
เป้ 0,ว.,"เอน, ตะแคง, เบี้ยว, ไม่ตรงที่."
เป้ 1,น.,เครื่องหลังของทหารตำรวจเป็นต้น.
เป๋ 0,ว.,"บิดไป เช่น ขาเป๋, ไถลไป, เฉไป, เช่น ขี่จักรยานเป๋เข้าข้างทาง, เอียงมากไปข้างใดข้างหนึ่ง เช่น หวีผมเป๋, มักใช้เข้าคู่กับคำ ไป๋ เป็น เป๋ไป๋ หรือ ไป๋เป๋."
เปก 0,ว.,เสียงดังอย่างเสียงเคาะไม้.
เป๊ก 0,ว.,เสียงดังอย่างเสียงเคาะไม้.
เปก 1,น.,"คำกำกับชื่อปีในวิธีนับศักราชของไทยทางเหนือ ตรงกับเลข ๕, เขียนเป็น เบิก ก็มี."
เป๊ก 1,น.,หมุดสำหรับตรึงสิ่งต่าง ๆ มีกระดาษเป็นต้น.
เป๊ก 2,ว.,ใช้ประกอบคำ แข็ง ว่า แข็งเป๊ก หมายความว่า แข็งมาก.
เป๊ก 3,น.,ภาชนะสำหรับตวงเหล้า ทำด้วยแก้วหรือโลหะ ขนาดถ้วยนํ้าชาเล็ก ๆ ประมาณ ๑๘ ซีซี.
เป่ง 0,ว.,พองขึ้นหรือนูนขึ้นเต็มที่ เช่น บวมเป่ง ท้องเป่ง.
เป๋ง 0,ว.,ใช้ประกอบคำอื่นหมายความว่า ยิ่งกว่าปรกติ เช่น ตรงเป๋ง ตึงเป๋ง
เป๋ง 1,ว.,เสียงดังเช่นนั้น.
เป้ง 0,น.,"ชื่อปาล์ม ๓ ชนิดในสกุล Phoenix วงศ์ Palmae ก้านใบมีหนาม คือ เป้งทะเล ( P. paludosa Roxb.) ขึ้นตามชายทะเล, เป้งดอย ( P. loureiroiKunth) ขึ้นตามป่าดอน, และ เป้งบก ปุ่มเป้ง หรือ ปุ้มเป้ง ( P. acaulis Roxb.) ขึ้นในป่าเต็งรัง."
เป้ง 1,ว.,โต เช่น มดเป้ง
เป้ง 2,ว.,ถูกอย่างจัง เช่น ชนเป้ง
เป้ง 3,ว.,เสียงดังอย่างเสียงตีด้วยไม้แรง ๆ.
เป็ด 0,น.,ชื่อสัตว์ปีกจำพวกนกขนาดเล็กถึงขนาดใหญ่ มีหลายวงศ์ ปากแบน ตัวมีหลายสี เช่น นํ้าตาล ขาว เขียว ขนาดเล็กกว่าห่าน มีพังผืดนิ้วแบบตีนพัดและตีนกลีบช่วยในการว่ายนํ้า ว่ายนํ้าเก่ง กินปลา พืชนํ้า และสัตว์เล็ก ๆ เฉพาะเป็ดที่เลี้ยงตามบ้านมีต้นตระกูลมาจากเป็ดหัวเขียว ( Anas platyrhynchosLinn.) ในวงศ์ Anatidae.
เป็ด 1,น.,"ชื่อไม้ล้มลุก ๒ ชนิดในสกุล Alternanthera วงศ์ Amaranthaceae เรียกว่า ผักเป็ด คือ ผักเป็ดขาว [ A. sessilis (L.) DC.] ใบสีเขียว กินได้และใช้ทำยาได้, ผักเป็ดไทย ก็เรียก และผักเป็ดแดง [ A. bettzickiana (Regel) G. Nicholson] ใบสีแดง ปลูกเป็นไม้ประดับ."
เป็ด 2,น.,"ชื่อเรือต่อหรือเรือขุดต่อกระดานเสริมกราบชนิดหนึ่ง หัวท้ายแบน ๆ ก็มี หัวท้ายแหลมก็มี กลางป่องดูรูปร่างคล้ายเป็ด, อีเป็ด ก็เรียก."
เป็ดก่า 0,น.,ชื่อนกเป็ดนํ้าขนาดใหญ่ชนิด Cairina scutulata (Müller) วงศ์ย่อย Anatinae ในวงศ์ Anatidae หัวและคอสีขาวประดำ อกสีเขียวเกือบดำ ทำรังในโพรงไม้ริมลำธารในป่า มักเกาะนอนบนต้นไม้สูง ๆ เวลาบินจะเห็นแถบสีขาวที่ปีกได้ชัดเจน ร้องเสียง “ก่า ๆ ” เป็นนกเป็ดนํ้าที่ใหญ่ที่สุดในประเทศไทย.
เป็ดแก้ว 0,น.,"ชื่อปลาทะเลหรือนํ้ากร่อยชนิด Plotosus lineatus (Thunberg) และ P. canius (Hamilton) ในวงศ์ Plotosidae มีเงี่ยงที่ครีบอกและครีบหลังตอนแรก ส่วนครีบหลังตอนที่ ๒ ต่อเนื่องกับครีบก้นและครีบหางยาว, สามแก้ว ปิ่นแก้ว หรือ เป็ดแก้ว ก็เรียก."
เป็ดขันประชันไก่ 0,น.,ผู้ที่มีความรู้ความสามารถน้อยแต่อวดแสดงแข่งกับผู้ที่มีความรู้ความสามารถสูง.
เป็ดถบ 0,น.,เป็ดกายสิทธิ์.
เป็ดเทศ 0,น.,ชื่อเป็ดขนาดใหญ่ชนิด Cairina moschata (Linn.) วงศ์ย่อย Anatinae ในวงศ์ Anatidae เหนือขากรรไกรบนมีติ่งเนื้อสีแดงคล้ายเนื้องอกติดอยู่ ตัวมีหลายสี มีถิ่นกำเนิดในแถบอเมริกากลาง.
เป็ดน้ำ 0,น.,"ชื่อนกน้ำขนาดเล็กถึงขนาดใหญ่หลายชนิด ในวงศ์ Anatidae และ Dendrocygnidae ปากแบน มีพังผืดนิ้วแบบตีนพัด ว่ายน้ำเก่ง บางชนิดดำน้ำได้ บินได้เร็ว มักอยู่เป็นฝูง ในช่วงฤดูผสมพันธุ์ตัวผู้มักมีขนสีสวยกว่าตัวเมีย แต่นอกฤดูผสมพันธุ์ตัวผู้มีอาจสีสันเหมือนหรือคล้ายตัวเมีย กินพืชและสัตว์น้ำ, ในวงศ์ Anatidae เช่น เป็ดหอมหรือเป็ดหางแหลม ( Anas acutaLinn.) เป็ดแมนดาริน [ Aix galericulata (Linn.)] เป็ดคับแค [ Nettapus coromandelianus (Gmelin)] เป็ดดำหัวดำ [ Aythya baeri (Radde)] และ ในวงศ์ Dendrocygnidae คือ เป็ดแดง [ Dendrocygna javanica (Horsfield)]."
เป็ดผี 0,น.,ชื่อตั๊กแตนหนวดยาวหลายชนิดหลายสกุล ในวงศ์ Tettigoniidae ทำเสียงดังหวีดหวิวในเวลากลางคืนโดยใช้ปีกเสียดสีกัน มีทั้งชนิดที่มีปีกยาวคลุมลำตัว ลักษณะปีกเหมือนใบไม้ เมื่อเกาะเหมือนเอาใบไม้ ๒ ใบมาประกบกัน เช่น ชนิด Holochlora siamensis Karny และชนิดปีกสั้น เช่น ชนิด Eleandrus titan Karny.
เป็ดผี 1,น.,ชื่อนกน้ำขนาดเล็ก ในวงศ์ Podicipedidae ปากแหลม มีพังผืดนิ้วแบบตีนกลีบ บินได้ในระยะสั้น ๆ หากินตามบึงหรือบริเวณที่มีพืชนํ้าจำนวนมาก ดำนํ้าเก่ง ทำรังบนสนุ่น ในประเทศไทยมี ๒ ชนิด คือ เป็ดผีเล็ก [ Tachybaptus ruficollis (Pallas)] และเป็ดผีใหญ่หรือเป็ดผีหงอน [ Podiceps cristatusI (Linn.)].
เป็ดพม่า 0,น.,"ชื่อนกเป็ดน้ำขนาดใหญ่ชนิด Tadorna ferruginea (Pallas) วงศ์ย่อย Anatinae ในวงศ์ Anatidae ขนาดและรูปร่างคล้ายห่าน ลำตัวสีน้ำตาลแดง ตัวผู้มีลายคล้ายสร้อยคอเล็ก ๆ สีแดงเข้ม, จากพราก จากพาก จักรพาก หรือ จักรวาก ก็เรียก."
เป็ดไฟแดง 0,น.,เป็ดย่างชนิดหนึ่ง ย่างให้หนังพองแล้วกินหนัง.
เป็ดหงส์ 0,น.,ชื่อนกเป็ดนํ้าขนาดใหญ่ชนิด Sarkidiornis melanotos (Pennant) วงศ์ย่อย Anatinae ในวงศ์ Anatidae หัว คอ อก และท้องสีขาวประดำ ปีกสีเขียวเป็นมัน ตัวผู้ในช่วงฤดูผสมพันธุ์มีหงอนอยู่เหนือขากรรไกรบน ตัวเมียขนาดเล็กกว่าตัวผู้และสีหม่นกว่า อาศัยอยู่ทั้งในแหล่งน้ำทั่วไป และลำธารในป่า ทำรังตามโพรงไม้.
เปต 0,น.,สัตว์พวกหนึ่งเกิดในอบายภูมิ คือ แดนทุกข์
เปต 1,น.,"ผู้ตายไปแล้ว, เปรต ก็ว่า."
เปต- 0,น.,สัตว์พวกหนึ่งเกิดในอบายภูมิ คือ แดนทุกข์
เปต- 1,น.,"ผู้ตายไปแล้ว, เปรต ก็ว่า."
เปตพลี 0,น.,เครื่องเซ่นสรวงที่กระทำให้แก่ผู้ตายไปแล้ว.
เปตโลก 0,น.,"โลกของมนุษย์หรือสัตว์ที่ตายแล้ว, ตรงข้ามกับ ชีวโลก คือ โลกของมนุษย์หรือสัตว์ที่ยังมีชีวิตอยู่"
เปตโลก 1,น.,โลกของพวกเปรต.
เปตวิสัย 0,น.,เปรตวิสัย.
เปตอง 0,น.,ชื่อกีฬากลางแจ้งชนิดหนึ่ง มักเล่นในสนามที่เป็นดินแข็ง มีผู้เล่นฝ่ายละไม่เกิน ๓ คน โยนลูกโลหะกลมซึ่งข้างในกลวงจำนวน ๑๒ ลูก ให้เข้าใกล้ลูกเป้าซึ่งเป็นลูกทรงกลมทำด้วยไม้เนื้อแข็งให้มากที่สุด ฝ่ายที่ทำคะแนนถึงเกม คือ ๑๓ คะแนนได้ก่อนเป็นฝ่ายชนะ.
เปตา 0,น.,สัตว์เกิดในอบายภูมิพวกหนึ่ง
เปตา 1,น.,ผู้ตายไปแล้ว.
เป็น 0,ก.,คำกริยาสำหรับแสดงความสัมพันธ์ระหว่างคำกับคำเพื่อให้เห็นว่าคำหน้าและคำหลังมีภาวะ คือ ความมี ความเป็น เกี่ยวข้องกันอย่างไร เช่น ท่านเป็นเจ้า เขาเป็นนาย.
เป็น 1,ก.,"สามารถ, ได้, เช่น เต้นเป็น รำเป็น."
เป็น 2,ว.,"ยังมีชีวิตอยู่, ยังไม่ตาย, เช่น ปลาเป็น"
เป็น 3,ว.,ประหนึ่ง เช่น ทำเป็นบ้า.
เป็นกรด 0,ว.,"ยิ่ง, มาก, เช่น ไวเป็นกรด ฉลาดเป็นกรด."
เป็นกลาง 0,ว.,ไม่เข้าข้างฝ่ายใดฝ่ายหนึ่ง เช่น วางตัวเป็นกลาง.
เป็นกลุ่มเป็นก้อน 0,ว.,ที่รวมกันเป็นหมู่เป็นพวก.
เป็นกอง 0,ว.,"มาก, มากมาย, เช่น โตขึ้นเป็นกอง ซื้อมาเป็นก่ายเป็นกอง."
เป็นกอบเป็นกำ 0,ว.,"เป็นผลดี, เป็นชิ้นเป็นอัน เช่น ทำให้เป็นกอบเป็นกำ, เป็นก้อนใหญ่ ทำประโยชน์ต่อไปได้ดี เช่น ได้เงินมาเป็นกอบเป็นกำ."
เป็นกันเอง 0,ว.,มีความสนิทสนมคุ้นเคยกัน.
เป็นก่ายเป็นกอง 0,ว.,"มาก, มากมาย, เช่น โตขึ้นเป็นกอง ซื้อมาเป็นก่ายเป็นกอง."
เป็นการ 0,ก.,"ได้ผล, สำเร็จ, เช่น เป็นการหรือไม่เป็นการ, มักใช้ในความปฏิเสธ เช่น เห็นจะไม่เป็นการ."
เป็นการเป็นงาน 0,ว.,"เอาจริงเอาจัง, เป็นพิธีรีตอง, เช่น เขาทำอะไรเป็นการเป็นงาน."
เป็นการใหญ่ 0,ว.,"เป็นการเอิกเกริก, เป็นงานใหญ่, เช่น จัดงานสมโภชเป็นการใหญ่, เกินปรกติ เช่น เลี้ยงดูเป็นการใหญ่ จัดบ้านเป็นการใหญ่."
เป็นควัน 0,ว.,อาการที่ปฏิเสธข้อกล่าวหาอุตลุดเป็นพัลวัน.
เป็นความ 0,ว.,มีคดีพิพาทหรือฟ้องร้องกันในโรงศาล.
เป็นความ 1,ก.,"สู้คดี, สู้ความ."
เป็นคุ้งเป็นแคว 0,ว.,อาการที่เล่าเป็นเรื่องเป็นราวยืดยาวติดต่อกันเหมือนกับรู้เห็นมาด้วยตนเอง.
เป็นงาน 0,ว.,มีความชำนาญ.
เป็นงานเป็นการ 0,ว.,"เอาจริงเอาจัง, เป็นพิธีรีตอง, เช่น เขาทำอะไรเป็นการเป็นงาน."
เป็นเงาตามตัว 0,ว.,คอยติดตามอยู่ตลอดเวลา
เป็นเงาตามตัว 1,ว.,เพิ่มขึ้นหรือลดลงตามส่วน.
เป็นเงินเป็นทอง 0,ว.,"มีค่า, มีราคา, เช่น เวลาเป็นเงินเป็นทอง."
เป็นจริงเป็นจัง 0,ว.,"เป็นหลักฐานมั่นคง, เป็นชิ้นเป็นอัน, เป็นลํ่าเป็นสัน."
เป็นใจ 0,ก.,"รู้กัน, สมรู้ร่วมคิด."
เป็นชิ้นเป็นอัน 0,ว.,"เป็นสาระ, เป็นเรื่องเป็นราว, มักใช้ในความปฏิเสธว่า ไม่เป็นชิ้นเป็นอัน."
เป็นชู้ 0,ก.,ร่วมประเวณีกับเมียผู้อื่น.
เป็นดั้งหน้า 0,ว.,คอยออกหน้าป้องกัน เช่น รับเป็นดั้งหน้าเข้ามาแก้ (ไชยเชฐ).
เป็นแดน 0,ว.,"เป็นไปเสมอ, เป็นประจำ, เช่น นั่งที่ไหนนินทาเขาเป็นแดน (สุภาษิตสอนหญิง)."
เป็นใด 0,ว.,"เป็นอะไร, อะไร."
เป็นได้ 0,ก.,อาจ.
เป็นต้น 0,ว.,"เริ่มแรก, เป็นอันดับแรก, เป็นส่วนเบื้องต้น, เช่น อริยสัจ ๔ มีทุกข์เป็นต้น."
เป็นต้น 1,*ว.,คำที่ใช้แทนเครื่องหมาย ฯลฯ เพื่อละคำหรือข้อความตอนปลายซึ่งอยู่ในประเภทเดียวกันกับคำหรือข้อความที่ยกขึ้นกล่าวเป็นตัวอย่างตอนต้น เช่น อริยสัจ ๔ มีทุกข์เป็นต้น.
เป็นต่อ 0,ก.,"ได้เปรียบ, ถ้าเสียเปรียบใช้ว่า เป็นรอง."
เป็นตัว 0,ว.,"เรียกข้าวสารเมล็ดงามไม่ค่อยหัก ว่า ข้าวเป็นตัว, เรียกข้าวสวยหรือข้าวต้มที่ยังคงรูปเป็นเมล็ดอยู่ ว่า ข้าวสวยเป็นตัว ข้าวต้มเป็นตัว"
เป็นตัว 1,ว.,ข้าวสารหรือเมล็ดถั่วเป็นต้นที่เก็บไว้นาน ๆ จนมีตัวมอดว่า ข้าวเป็นตัว ถั่วเป็นตัว.
เป็นตัว 2,ก.,มีชีวิตอยู่ เช่น จะจากเจ้าเหมือนดังว่าวขาดลมลอย อย่าหมายคอยเลยว่าเมียจะเป็นตัว (ขุนช้างขุนแผน).
เป็นตัวเป็นตน 0,ว.,"จริงจัง, แน่นอน, ปรากฏชัด, เช่น มีผัวเป็นตัวเป็นตน, เป็นหลักฐาน."
เป็นตายเท่ากัน 0,ว.,"มีอาการปางตาย, ไม่แน่ว่าจะเป็นหรือจะตาย."
เป็นตุเป็นตะ 0,ว.,อาการที่เล่าเป็นจริงเป็นจังเหมือนกับรู้เห็นมาด้วยตนเอง เช่น พูดเป็นตุเป็นตะ.
เป็นที่ 0,ว.,มีที่อยู่เป็นหลักแหล่งแน่นอน เช่น เขาอยู่ไม่เป็นที่เป็นทาง
เป็นที่ 1,ว.,อาการที่เก็บของไว้ตามที่อย่างเป็นระเบียบ เช่น เก็บของไม่เป็นที่ เก็บของเป็นที่เป็นทาง.
เป็นที่ 2,ว.,ใช้นำหน้ากริยาหรือวิเศษณ์เพื่อเสริมความให้แจ่มชัดยิ่งขึ้น เช่น เป็นที่เข้าใจกันว่า เป็นที่น่ากลัว เป็นที่น่าพอใจ.
เป็นที่ตั้ง 0,ว.,เป็นสำคัญ.
เป็นที่เป็นทาง 0,ว.,มีที่อยู่เป็นหลักแหล่งแน่นอน เช่น เขาอยู่ไม่เป็นที่เป็นทาง
เป็นที่เป็นทาง 1,ว.,อาการที่เก็บของไว้ตามที่อย่างเป็นระเบียบ เช่น เก็บของไม่เป็นที่ เก็บของเป็นที่เป็นทาง.
เป็นทุกข์ 0,ก.,"วิตกกังวล, เดือดเนื้อร้อนใจไม่เป็นสุข."
เป็นทุกข์เป็นร้อน 0,ก.,"วิตกกังวล, เดือดเนื้อร้อนใจไม่เป็นสุข."
เป็นเทือก 0,ว.,"เป็นแถว, เป็นจำนวนมาก, เช่น เดินกันมาเป็นเทือก."
เป็นธรรม 0,ว.,ถูกต้อง.
เป็นธุระ 0,ว.,"ถือเป็นเรื่องที่ตนควรทำให้, เอาเป็นธุระ ก็ว่า."
เป็นน้ำ 0,ว.,คล่อง เช่น พูดเป็นนํ้า.
เป็นน้ำเป็นนวล 0,ว.,มีผิวพรรณผุดผ่องสวยงาม.
เป็นน้ำยาเย็น 0,ว.,จืดชืด.
เป็นน้ำหนึ่งใจเดียวกัน 0,ว.,"พร้อมเพรียงกัน, พร้อมใจกัน."
เป็นนิตย์ 0,ว.,"เสมอ ๆ, เนือง ๆ."
เป็นเนื้อเป็นตัว 0,ว.,"เป็นหลักเป็นฐาน, สามารถตั้งหลักฐานขึ้นมาได้."
เป็นเนื้อเป็นหนัง 0,ว.,"เป็นชิ้นเป็นอัน, เป็นกอบเป็นกำ."
เป็นบ้า 0,ว.,อย่างยิ่ง เช่น สวยเป็นบ้า เก่งเป็นบ้า.
เป็นบ้าเป็นหลัง 0,ว.,เอาจริงเอาจังเกินไป เช่น ทำงานเป็นบ้าเป็นหลัง.
เป็นเบือ 0,ว.,มากมาย เช่น ตายเป็นเบือ.
เป็นเบื้อ 0,ว.,อาการที่นั่งนิ่งเฉย.
เป็นปากเป็นเสียงกัน 0,ก.,ทะเลาะกัน.
เป็นปากเสียง 0,ก.,"โต้เถียง เช่น เป็นปากเสียงกัน, พูดหรือโต้เถียงแทน เช่น หนังสือพิมพ์เป็นปากเสียงของประชาชน, เป็นปากเป็นเสียง ก็ว่า."
เป็นปี่เป็นขลุ่ย 0,ว.,"ถูกคอกัน, เข้ากันได้ดี, เช่น พูดเข้ากันเป็นปี่เป็นขลุ่ย."
เป็นไป 0,ก.,ดำเนินไป.
เป็นผู้เป็นคน 0,ว.,"เป็นคนปรกติ, กลับเนื้อกลับตัวเป็นคนดีได้, มักใช้ในทางปฏิเสธ เช่น ไม่เป็นผู้เป็นคน."
เป็นฝั่งเป็นฝา 0,ก.,มีหลักฐานมั่นคง.
เป็นพัก ๆ 0,ว.,เป็นระยะ ๆ เช่น ทำงานเป็นพัก ๆ หยุดเป็นพัก ๆ.
เป็นเพื่อน 0,ว.,อาการที่อยู่ด้วยหรือไปด้วยเพื่อให้มีความอุ่นใจ.
เป็นฟืนเป็นไฟ 0,ว.,"รุนแรง, เต็มที่, (ใช้แก่กริยาโกรธ) เช่น โกรธเป็นฟืนเป็นไฟ."
เป็นไฟ 0,ว.,คล่อง เช่น พูดฝรั่งเป็นไฟ.
เป็นมัน 0,ว.,อาการที่มองดูด้วยความอยากได้หรือพออกพอใจ เช่น เห็นผู้หญิงสาวสวยดูตาเป็นมัน เห็นเงินตาเป็นมัน.
เป็นมั่นเป็นเหมาะ 0,ว.,"มั่นคง, แข็งขัน, หนักแน่น."
เป็นรอง 0,ก.,"เสียเปรียบ, ถ้าได้เปรียบใช้ว่า เป็นต่อ."
เป็นระนาว 0,ว.,มากมายเป็นแถว เช่น บาดเจ็บเป็นระนาว.
เป็นรัง 0,ว.,เรียกข้าวสารที่เก็บไว้นานจนมีลักษณะคล้ายรังก่อนจะกลายเป็นตัวหนอน ว่า ข้าวเป็นรัง.
เป็นราย 0,ว.,แต่ละ เช่น เป็นรายหัว เป็นรายคน เป็นรายวัน.
เป็นไร 0,ว.,"ใช้ในความหมายที่ยืนยัน หมายความว่า เป็นอย่างนั้น เช่น นั่นเป็นไรล่ะ, ใช้ในความหมายที่เป็นคำถาม หมายความว่า เป็นอย่างไรไป เช่น นั่นเป็นไรหรือ."
เป็นไรเป็นกัน 0,ก.,"ถึงเป็นอะไรก็ยอม, สู้จนถึงที่สุด."
เป็นไรไป 0,ก.,ไม่เป็นไร เช่น เรื่องเท่านี้ช่วยได้ เป็นไรไป.
เป็นลม 0,ก.,มีอาการวิงเวียนหน้ามืด บางคราวถึงกับหมดสติ.
เป็นลม ๆ 0,ว.,เดี๋ยวดีเดี๋ยวร้าย.
เป็นลมเป็นแล้ง 0,ก.,มีอาการวิงเวียนหน้ามืด บางคราวถึงกับหมดสติ.
เป็นล่ำเป็นสัน 0,ว.,"เป็นหลักฐานมั่นคง, เป็นชิ้นเป็นอัน, เป็นจริงเป็นจัง."
เป็นโล้เป็นพาย 0,ว.,"เอาการเอางาน, แข็งขัน, จริงจัง, ได้เรื่องได้ราว, เข้าท่าเข้าทางดี, (มักใช้ในความปฏิเสธ) เช่น ทำไม่เป็นโล้เป็นพายเลย."
เป็นวรรคเป็นเวร 0,ว.,ไม่รู้จักจบจักสิ้น เช่น ร้องไห้เป็นวรรคเป็นเวร.
เป็นวักเป็นเวน 0,ว.,ไม่รู้จักจบจักสิ้น เช่น ร้องไห้เป็นวรรคเป็นเวร.
เป็นวัน ๆ 0,ว.,"ตลอดทั้งวัน, หลาย ๆ วัน, เช่น เดินเป็นวัน ๆ กว่าจะถึง, บางวัน, เฉพาะวัน, แต่ละวัน, เช่น ทำงานเป็นวัน ๆ ได้ค่าจ้างเป็นวัน ๆ."
เป็นว่าเล่น 0,ว.,"ง่าย, สะดวกสบาย, เช่น เขาใช้เงินเป็นว่าเล่น."
เป็นสัด 0,ก.,อาการกระหายใคร่สืบพันธุ์ของสัตว์ที่เป็นไปตามฤดูกาล.
เป็นสัดเป็นส่วน 0,ก.,แยกไว้เฉพาะเป็นหมู่เป็นพวก เช่น ของทำบุญจัดให้เป็นสัดเป็นส่วน.
เป็นสาวเป็นนาง 0,ว.,เป็นหญิงสาวแบบที่เป็นลูกผู้หญิง เช่น เป็นสาวเป็นนางต้องอยู่ในขนบประเพณี.
เป็นสาวเป็นแส้ 0,ว.,เป็นสาววัยรุ่น เช่น เป็นสาวเป็นแส้แล้วไม่ควรเล่นซุกซนเหมือนเด็ก ๆ.
เป็นสุข 0,ก.,"มีความสบายกายสบายใจ เช่น เขาถูกลอตเตอรี่รางวัลที่ ๑ เวลานี้จึงเป็นสุขมาก ประชาชนในประเทศนี้อยู่เย็นเป็นสุขเสมอหน้ากัน, โดยปริยายหมายความว่า ตาย เช่น ไหน ๆ เขาก็เป็นสุขไปแล้ว อโหสิให้เขาเถิด."
เป็นเสียเอง 0,ก.,"ทำเรื่องเสียหายเอง, เป็นเอง ก็ว่า."
เป็นหน้าเป็นตา 0,ว.,เป็นที่เชิดหน้าชูตา เช่น บ้านนี้มีลูกชายเก่งและขยัน เป็นหน้าเป็นตาของวงศ์ตระกูล.
เป็นหนี้ 0,ก.,ติดค้างเงินผู้อื่น.
เป็นหนี้เป็นสิน 0,ก.,ติดค้างเงินผู้อื่น.
เป็นหมวดเป็นหมู่ 0,ว.,"เป็นประเภท, เป็นชนิด, เช่น จัดหนังสือให้เป็นหมวดหมู่."
เป็นหมวดหมู่ 0,ว.,"เป็นประเภท, เป็นชนิด, เช่น จัดหนังสือให้เป็นหมวดหมู่."
เป็นหลักเป็นฐาน 0,ว.,มีฐานะมั่นคง เช่น เขาตั้งตัวเป็นหลักเป็นฐานแล้ว.
เป็นหลักเป็นแหล่ง 0,ว.,อยู่เป็นที่เป็นทางไม่โยกย้ายไปมา เช่น เขามีที่อยู่เป็นหลักเป็นแหล่ง.
เป็นห่วง 0,ก.,กังวลถึง.
เป็นหุ่นให้เชิด 0,ก.,อยู่ในฐานะหรือตำแหน่งที่ต้องทำตามที่เขาสั่ง.
เป็นหูเป็นตา 0,ก.,ช่วยสดับตรับฟังและดูแลรักษาแทน.
เป็นไหน ๆ 0,ว.,มากมายจนประมาณไม่ได้ เช่น ดีกว่าเป็นไหน ๆ.
เป็นอยู่ 0,ว.,สภาพความเป็นไป ในคำว่า ความเป็นอยู่.
เป็นอัตรา 0,ว.,"เป็นปรกติ, เป็นประจำ, เช่น ขยันเป็นอัตรา ขี้เกียจเป็นอัตรา."
เป็นอัน 0,ก.,"รวมความว่า, แสดงว่า, เช่น เป็นอันยุติ, เป็นอันว่า ก็ใช้"
เป็นอัน 1,ก.,ถ้าใช้ในความปฏิเสธว่า ไม่เป็นอัน หมายความว่า ทำได้ไม่เต็มที่ เช่น ไม่เป็นอันกิน ไม่เป็นอันนอน.
เป็นอันขาด 0,ว.,"ใช้ในประโยคปฏิเสธ หมายความว่า แน่นอน, แน่แท้."
เป็นอันมาก 0,ว.,"มากหลาย, ถมไป."
เป็นอันว่า 0,ก.,"รวมความว่า, แสดงว่า, เช่น เป็นอันว่ายุติ, เป็นอัน ก็ใช้."
เป็นเอง 0,ก.,"ทำเรื่องเสียหายเอง, เป็นเสียเอง ก็ว่า."
เปยยาล 0,น.,ไปยาล.
เปร 0,ก.,"เบนไป, เซไป, เอนไป, หลีกไป."
เปร็ง 0,น.,ชื่อไผ่ชนิดหนึ่ง ต้นเล็ก ชาวบ้านใช้ปล้องทำเป็นกล้องยาสูบ.
เปรต 0,น.,"สัตว์พวกหนึ่งเกิดในอบายภูมิ คือ แดนทุกข์, ผีเลวจำพวกหนึ่ง มีหลายชนิด ชนิดหนึ่งตามที่ว่ากันว่ามีรูปร่างสูงโย่งเย่งเท่าต้นตาล ผมยาวหย็อกหย็อย คอยาว ผอมโซ มีปากเท่ารูเข็ม มือเท่าใบตาล กินแต่เลือดและหนองเป็นอาหาร มักร้องเสียงดังวี้ด ๆ ในตอนกลางคืน"
เปรต 1,น.,คำเรียกเป็นเชิงด่าหรือปรามาสคนที่อดอยากผอมโซ เที่ยวรบกวนขอเขากิน หรือเมื่อมีใครได้โชคลาภก็เข้ามาขอแบ่งปันเป็นอย่างขอแบ่งส่วนบุญหรือในทำนองเช่นนั้น ว่า เปรต หรือ อ้ายเปรต.
เปรต- 0,น.,"สัตว์พวกหนึ่งเกิดในอบายภูมิ คือ แดนทุกข์, ผีเลวจำพวกหนึ่ง มีหลายชนิด ชนิดหนึ่งตามที่ว่ากันว่ามีรูปร่างสูงโย่งเย่งเท่าต้นตาล ผมยาวหย็อกหย็อย คอยาว ผอมโซ มีปากเท่ารูเข็ม มือเท่าใบตาล กินแต่เลือดและหนองเป็นอาหาร มักร้องเสียงดังวี้ด ๆ ในตอนกลางคืน"
เปรต- 1,น.,คำเรียกเป็นเชิงด่าหรือปรามาสคนที่อดอยากผอมโซ เที่ยวรบกวนขอเขากิน หรือเมื่อมีใครได้โชคลาภก็เข้ามาขอแบ่งปันเป็นอย่างขอแบ่งส่วนบุญหรือในทำนองเช่นนั้น ว่า เปรต หรือ อ้ายเปรต.
เปรตวิษัย 0,น.,"ภูมิหรือขอบเขตที่อยู่แห่งเปรต, เปตวิสัย ก็ใช้. (ส. ไปตฺรฺย + วิษฺย; ป. เปตฺติวิสย)."
เปรตวิสัย 0,น.,"ภูมิหรือขอบเขตที่อยู่แห่งเปรต, เปตวิสัย ก็ใช้. (ส. ไปตฺรฺย + วิษฺย; ป. เปตฺติวิสย)."
เปรม 0,ก.,"สบาย, รื่นเริง, อิ่มใจ."
เปรม 1,น.,"ความรัก, ความชอบใจ."
เปรมปรา 0,*น.,ตัดมาจาก เปรมปราโมทย์.
เปรมปรีดิ์ 0,ว.,"อิ่มอกอิ่มใจ, ปลาบปลื้มใจ."
เปรย 0,ก.,กล่าวขึ้นมาลอย ๆ เพื่อให้ผู้อื่นได้ยิน.
เปรย 1,ว.,อาการที่กล่าวขึ้นมาลอย ๆ เพื่อให้ผู้อื่นได้ยิน เช่น เคยพูดเปรยไว้ พูดเปรย ๆ.
เปรย ๆ 0,ก.,กล่าวขึ้นมาลอย ๆ เพื่อให้ผู้อื่นได้ยิน.
เปรย ๆ 1,ว.,อาการที่กล่าวขึ้นมาลอย ๆ เพื่อให้ผู้อื่นได้ยิน เช่น เคยพูดเปรยไว้ พูดเปรย ๆ.
เปรยปราย 0,ก.,พูดทักทายทั่วไปไม่จำเพาะใคร.
เปรอ 0,ก.,บำเรอ.
เปรอะ 0,ว.,"เลอะ เช่น ผ้าเปรอะ, เกรอะกรัง เช่น สนิมเปรอะ, หมักหมม เช่น ขี้ไคลเปรอะ"
เปรอะ 1,ว.,"โดยปริยายหมายความว่า สับสน, ยุ่งเหยิง, เช่น ลวดลายเปรอะ วางของเปรอะไปหมด."
เปรอะเปื้อน 0,ว.,"เลอะเทอะ, เปื้อนเปรอะ ก็ว่า."
เปรา 0,น.,"ชื่อปีนักษัตรของไทยเหนือ ตรงกับ ปีฉลู, คำเดียวกับ เป๊า."
เปราะ 0,น.,"ชื่อไม้ล้มลุกมีเหง้าชนิด Kaempferia galanga L. ในวงศ์ Zingiberaceae เหง้าและใบมีกลิ่นหอม ใช้เป็นอาหารและทำยาได้, เปราะหอม ก็เรียก."
เปราะ 1,น.,ชื่อมะเขือพันธุ์หนึ่งของชนิด Solanum melongena L. ในวงศ์ Solanaceae.
เปราะ 2,ว.,"หักง่าย, แตกง่าย, เช่น ไส้ดินสอเปราะ."
เปราะแประ 0,ว.,"อาการที่ฝนตกมีเม็ดห่าง ๆ แต่เล็กน้อย, เปาะแปะ ก็ว่า."
เปราะหอม 0,น.,"ชื่อไม้ล้มลุกมีเหง้าชนิด Kaempferia galanga L. ในวงศ์ Zingiberaceae เหง้าและใบมีกลิ่นหอม ใช้เป็นอาหารและทำยาได้, เปราะหอม ก็เรียก."
เปรี้ยง 0,ว.,เสียงดังลั่นอย่างเสียงฟ้าผ่า
เปรี้ยง 1,ว.,"จัด, กล้า, (ใช้แก่แดด) ในคำว่า แดดเปรี้ยง."
เปรียง 0,น.,นมส้มผสมนํ้าแล้วเจียวให้แตกมัน จัดเป็นโครสอย่างหนึ่งในจำนวน ๕ อย่าง.
เปรียง 1,น.,นํ้ามัน โดยเฉพาะใช้สำหรับนํ้ามันไขข้อของวัว.
เปรียง 2,น.,เถาวัลย์เปรียง.
เปรี้ยงปร้าง 0,ว.,โผงผาง.
เปรียญ 0,น.,ผู้สอบความรู้พระปริยัติธรรมสายบาลีได้ตามหลักสูตรตั้งแต่ ๓ ประโยคขึ้นไป.
เปรียบ 0,ก.,"เอาสิ่งหนึ่งเข้ามาเทียบกับอีกสิ่งหนึ่งเพื่อให้เห็นว่าใกล้กัน เสมอกัน หรือผิดกัน, ถ้าเอามาเทียบกันดูแล้ว ฝ่ายที่มีภาษีกว่า เรียกว่า ได้เปรียบฝ่ายที่เป็นรอง เรียกว่า เสียเปรียบ, ถ้าจะเอาฝ่ายตนให้มีภาษีข้างเดียว เรียกว่า เอาเปรียบ."
เปรียบเทียบ 0,ก.,พิจารณาเทียบเคียงให้เห็นลักษณะที่เหมือนกันและต่างกัน.
เปรียบเทียบ 1,น.,การที่พนักงานสอบสวนหรือพนักงานเจ้าหน้าที่ตามกฎหมายกำหนดค่าปรับผู้กระทำผิดในคดีอาญาที่กฎหมายกำหนดให้เปรียบเทียบปรับได้ เมื่อผู้กระทำผิดยินยอมเสียค่าปรับแล้ว คดีอาญาเป็นอันเลิกกัน.
เปรียบประดุจดัง 0,ก.,"ประดุจดัง, เหมือน, เสมือน, ราวกะ, เพียงดัง."
เปรียบปราย 0,ว.,อาการที่พูดว่ากระทบกระเทียบไม่เจาะจง.
เปรียบเปรย 0,ว.,อาการที่พูดว่ากระทบกระเทียบไม่เจาะจง.
เปรียบเสมือน 0,ก.,"ประดุจดัง, เหมือน, เสมือน, ราวกะ, เพียงดัง."
เปรียบเหมือน 0,ก.,"ประดุจดัง, เหมือน, เสมือน, ราวกะ, เพียงดัง."
เปรี่ยม 0,ว.,ปริ่ม.
เปรียว 0,ว.,"ไม่เชื่อง, ว่องไว, (ใช้แก่สัตว์บางชนิดเช่นนกหรือไก่เป็นต้นที่ไม่คุ้นคน), โดยปริยายใช้แก่สิ่งอื่นที่มีลักษณะคล้ายคลึงเช่นนั้น"
เปรียว 1,ว.,เพรียว.
เปรี้ยว 0,ว.,"มีรสอย่างหนึ่งอย่างรสมะนาวเป็นต้น, มีกลิ่นหรือรสอย่างอาหารบูดหรืออาหารเสีย"
เปรี้ยว 1,ว.,"มีลักษณะปราดเปรียว ทันสมัย อิสระ มั่นใจ ชอบการคบหาสมาคม (ใช้แก่ผู้หญิง) เช่น ผู้หญิงคนนี้เปรี้ยว, เรียกลักษณะการแต่งกายของผู้หญิงที่แต่งตัวสีฉูดฉาด รัดรูป เป็นต้น ว่า แต่งตัวเปรี้ยว."
เปรี้ยวปาก 0,ก.,รู้สึกคล้ายเปรี้ยวในปากเมื่ออยากกินสิ่งที่เคยกินมีหมากเป็นต้น.
เปรี้ยวหวาน 0,น.,ชื่ออาหารคาวชนิดหนึ่ง ใช้ผัก เช่น แตงกวา มะเขือเทศ หอมใหญ่ ผัดกับเนื้อสัตว์ ปรุงให้มีรสออกเปรี้ยวและหวาน.
เปรียะ 0,ว.,เสียงที่เกิดจากสิ่งของที่แตกหรือขาดเป็นต้นซึ่งมีเสียงดังเช่นนั้นอย่างแก้วแตก
เปรียะ 1,ว.,อาการที่แก้วหูลั่นเพราะขึ้นไปบนที่สูง ๆ เป็นต้น
เปรียะ 2,ว.,"โดยปริยายหมายความว่า คล่องไม่ติดขัด เช่น พูดเปรี๊ยะ, มากเกินไป เช่น ตึงเปรี๊ยะ."
เปรี๊ยะ 0,ว.,เสียงที่เกิดจากสิ่งของที่แตกหรือขาดเป็นต้นซึ่งมีเสียงดังเช่นนั้นอย่างแก้วแตก
เปรี๊ยะ 1,ว.,อาการที่แก้วหูลั่นเพราะขึ้นไปบนที่สูง ๆ เป็นต้น
เปรี๊ยะ 2,ว.,"โดยปริยายหมายความว่า คล่องไม่ติดขัด เช่น พูดเปรี๊ยะ, มากเกินไป เช่น ตึงเปรี๊ยะ."
เปรื่อง 0,ก.,"เชี่ยวชาญ, ปรุโปร่ง, แตกฉาน, เช่น ปัญญาเปรื่อง สมองเปรื่อง."
เปรื่อง 1,ว.,เสียงดังอย่างเสียงถ้วยชามกระทบกันหรือตกแตก.
เปรื่องปราด 0,ว.,"มีความคิดแคล่วคล่องว่องไว, ปราดเปรื่อง ก็ว่า."
เปรื้อย 0,ว.,คล่อง เช่น พูดเปรื้อย ว่า พูดคล่อง.
เปล 0,น.,"เครื่องสำหรับนอน ใช้ไกวหรือโยก, เครื่องสำหรับนอนเล่นแกว่งไกวไปมาได้, เครื่องสำหรับหามคนเจ็บ"
เปล 1,น.,เรียกภาชนะบางอย่างที่มีรูปลักษณะอย่างเปล เช่น ชามเปล.
เปล่ง 0,ก.,"ฉายออก, แผ่ออก, เช่น เปล่งรัศมี, ออกเสียง เช่น เปล่งเสียง."
เปล่ง 1,ว.,"แจ่มใส, สุกใส."
เปล่งปลั่ง 0,ว.,"สดใส, แจ่มใส."
เปลญวน 0,น.,เปลที่ถักด้วยป่านเป็นตาโปร่ง.
เปลว 0,น.,"เรียกไฟที่ลุกแลบออกมาหรือพวยพุ่งขึ้น ว่า เปลวไฟ, เรียกควันที่พลุ่ง ๆ ขึ้นไป ว่า เปลวควัน, เรียกช่องอยู่เหนือถํ้าที่แลบทะลุขึ้นไปเบื้องบน ว่า ช่องเปลว หรือ เปลวปล่อง, เรียกสิ่งที่เป็นแผ่นบางอันมีลักษณะคล้ายเปลวไฟ เช่น ทองคำเปลว, เรียกมันของสัตว์ที่ไม่ได้ติดอยู่กับหนัง ว่า มันเปลว, คู่กับ มันแข็ง"
เปลว 1,น.,ชื่อลายจำพวกหนึ่งมีปลายสะบัดอ่อนไหวคล้ายเปลวไฟ เช่น กระหนกเปลว.
เปลา 0,ว.,สูงชะลูดไม่มีกิ่งที่ลำต้น (ใช้แก่ต้นไม้).
เปล่า 0,ว.,"ไม่มีอะไรนอกจากตัวของมันเองที่อ้างถึง เช่น ขวดเปล่า มือเปล่า, ว่าง ๆ"
เปล่า 1,ว.,เป็นคำปฏิเสธ แปลว่า ไม่มี ไม่เป็นอย่างนั้น
เปล่า 2,ว.,ไม่มีข้อผูกพัน เช่น ให้เปล่า ได้เปล่า.
เปล่า 3,ก.,"อ้างว้าง, ว้าเหว่, เช่น เปล่าอก เปล่าใจ เปล่าเปลี่ยว."
เปล้า 0,น.,"ชื่อไม้ต้นขนาดเล็กหลายชนิดในสกุล Croton วงศ์ Euphorbiaceae เช่น เปล้าใหญ่ ( C. roxburghiiN.P. Balakr.) เป็นไม้ต้น, เปล้าน้อย ( C. stellatopi losusH. Ohba) เป็นไม้พุ่ม ขึ้นตามป่าเบญจพรรณ ทั้ง ๒ ชนิดใบใช้ทำยาได้."
เปล้า 1,น.,"ชื่อนกขนาดเล็กถึงขนาดกลางหลายชนิด ในวงศ์ Columbidae ลำตัวสีเขียว แต่ละชนิดมีสีแตกต่างกันที่หน้าอกและช่วงไหล่ ซึ่งอาจมีสีม่วง นํ้าตาล เขียว ชมพู หรือเหลือง ทำรังเป็นรูปถ้วยง่าย ๆ ด้วยกิ่งไม้เล็ก ๆ ตามกิ่งก้านของต้นไม้ หากินเป็นฝูง กินผลไม้ เช่น เปล้าขาเหลือง [ Treron phoenicoptera (Latham)] เปล้าคอสีม่วง [ T. vernans (Linn.)], เขาเปล้า ก็เรียก, พายัพเรียก เป้า."
เปล่า ๆ ปลี้ ๆ 0,ว.,ไม่มีหลักฐาน เช่น มาโทษกันเปล่า ๆ ปลี้ ๆ.
เปล้าขลิบทอง 0,น.,"ชื่อไม้ต้นขนาดกลางชนิด Acronychia pedunculata (L.) Miq. ในวงศ์ Rutaceae ผลเล็ก สีเขียวอ่อนหรือสีนวล กินได้, กระเบื้องถ้วย เปล้าขลิบทอง ไพรสามกอ หรือ มะงัน ก็เรียก."
เปล่าดาย 0,ว.,เปล่าทีเดียว.
เปล่าเปลี่ยว 0,ว.,"อ้างว้าง, ว้าเหว่."
เปลาะ 0,น.,"ระยะที่มัดหรือขอดไว้เป็นตอน ๆ, ลักษณะที่มัดหรือขอดไว้เป็นตอน ๆ, เช่น ผูกเป็นเปลาะ แก้ปัญหาเป็นเปลาะ ๆ, ลักษณนามเรียกสิ่งที่มัดหรือผูกให้เป็นตอน ๆ เช่น มัดไต้ ๓ เปลาะ หรือสิ่งอื่นที่มีลักษณะคล้ายคลึงเช่นนั้น เช่น ปัญหามี ๔ เปลาะ."
เปลาะ ๆ 0,น.,"ระยะที่มัดหรือขอดไว้เป็นตอน ๆ, ลักษณะที่มัดหรือขอดไว้เป็นตอน ๆ, เช่น ผูกเป็นเปลาะ แก้ปัญหาเป็นเปลาะ ๆ, ลักษณนามเรียกสิ่งที่มัดหรือผูกให้เป็นตอน ๆ เช่น มัดไต้ ๓ เปลาะ หรือสิ่งอื่นที่มีลักษณะคล้ายคลึงเช่นนั้น เช่น ปัญหามี ๔ เปลาะ."
เปลี้ย 0,ว.,ขาดกำลังที่จะเคลื่อนไหวได้ตามปรกติ เช่น แขนขาเปลี้ยไปหมด
เปลี้ย 1,ว.,เพียบ เช่น เรือเปลี้ยนํ้า.
เปลี่ยน 0,ก.,"แปรหรือกลายไปจากลักษณะหรือภาวะเดิม, เอาสิ่งหนึ่งเข้าแทนอีกสิ่งหนึ่งโดยกรรมวิธีต่าง ๆ เช่น แลกเปลี่ยน ผลัดเปลี่ยน สับเปลี่ยน เปลี่ยนแปลง, ย้าย เช่น เปลี่ยนที่อยู่ เปลี่ยนพรรค เปลี่ยนคลื่นวิทยุ."
เปลี่ยนใจ 0,ก.,"เลิกล้มความตั้งใจเดิม, เปลี่ยนความตั้งใจเดิมไปเป็นอย่างอื่น."
เปลี่ยนตัว 0,ก.,เอาคนหนึ่งเข้าแทนอีกคนหนึ่ง เช่น เปลี่ยนตัวผู้ต้องหา.
เปลี่ยนแปลง 0,ก.,ทำให้ลักษณะต่างไป.
เปลี่ยนแผ่นดิน 0,ก.,"เปลี่ยนพระเจ้าแผ่นดิน คือ พระเจ้าแผ่นดินองค์ใหม่ขึ้นครองราชสมบัติ, ผลัดแผ่นดิน ก็ว่า."
เปลี่ยนมือ 0,ก.,"เปลี่ยนเจ้าของ, เปลี่ยนผู้ครอบครอง."
เปลี่ยนหน้า 0,ว.,ไม่ซํ้าคนเดิม.
เปลี่ยม 0,ก.,เปี่ยม.
เปลี่ยว 0,น.,"เรียกเนื้อที่นูนขึ้นที่คอวัวควายและสัตว์มีกีบเมื่อเวลาหนุ่ม, ความหนุ่มของวัวควาย."
เปลี่ยว 1,ว.,หนุ่ม (ใช้แก่วัวควาย).
เปลี่ยว 2,ว.,ว้าเหว่ เช่น เปลี่ยวใจ
เปลี่ยว 3,ว.,"ห่างไกลผู้คน เช่น ทางเปลี่ยว, ไม่มีผู้คนไปมา เช่น เวลากลางคืนถนนสายนี้เปลี่ยว."
เปลี่ยวดำ 0,น.,"ชื่อโรคอย่างหนึ่ง ตามตำราแพทย์แผนโบราณว่าเกิดจากความเย็นมาก, เกลี่ยวดำ ก็ว่า."
เปลือก 0,น.,ส่วนที่หุ้มสิ่งต่าง ๆ เช่น ต้นไม้ ผลไม้ สัตว์บางอย่างมีหอย กุ้ง เป็นต้น หรือไข่
เปลือก 1,น.,โดยปริยายหมายถึง ลักษณะที่คล้ายคลึงเช่นนั้น เช่น พูดไม่หมดเปลือก คือ พูดไม่แจ่มแจ้ง งามแต่เปลือก คือ งามแต่ภายนอก.
เปลือกกระเทียม 0,น.,ชื่อผ้าขาวเนื้อบางละเอียดชนิดหนึ่ง.
เปลือกข้าวโพด 0,ว.,สีอย่างสีเปลือกข้าวโพดแห้ง เรียกว่า สีเปลือกข้าวโพด.
เปลือกตา 0,น.,"หนังเป็นชั้น ๆ ที่หุ้มนัยน์ตา, กลีบตา."
เปลือกมังคุด 0,ว.,สีม่วงแดงแก่ เรียกว่า สีเปลือกมังคุด.
เปลือกโลก 0,น.,ส่วนของโลกที่เป็นของแข็งหุ้มห่ออยู่รอบนอกสุด ประกอบด้วย หิน ดิน และแร่ธาตุต่าง ๆ.
เปลือง 0,ก.,"ใช้หมดไปสิ้นไปเกินควร, หมดไป สิ้นไปโดยใช่เหตุ, เช่น เปลืองเงิน เปลืองเวลา เปลืองที่."
เปลือง 1,ว.,ลักษณะที่หมดไปสิ้นไปเกินควร เช่น ใช้เงินเปลือง.
เปลื้อง 0,ก.,"เอาออก (ใช้แก่เครื่องแต่งตัวที่นุ่งห่มหรือคลุมอยู่), ทำให้หลุดพ้นเพื่อแบ่งเบาหรือให้หมดไป เช่น เปลื้องทุกข์ เปลื้องหนี้, ปลดเปลื้อง ก็ว่า."
เปลื้องเครื่องสุกำศพ 0,ก.,เปลื้องผ้าขาวที่ห่อศพออกแล้วนำผ้าขาวนั้นและสิ่งปฏิกูลภายในโกศ เช่น กระดาษฟางไปเผาพร้อมบุพโพ แล้วเอาผ้าขาวอีกผืนหนึ่งห่อศพให้ใหม่.
เปลืองใจ 0,ก.,เสียกำลังใจ.
เปลือย 0,ว.,ไม่มีอะไรปกปิดร่างกาย เช่น เปลือยหลัง เปลือยไหล่
เปลือย 1,ว.,โดยปริยายใช้เรียกสิ่งอื่นที่มีลักษณะคล้ายคลึงเช่นนั้น เช่น สายเปลือย คือ สายไฟฟ้าที่ไม่มีผ้าหรือยางหุ้ม.
เปลือยกาย 0,ว.,"กายเปล่า, ไม่นุ่งผ้า."
เปศล- 0,ว.,ซึ่งประดับตกแต่งโดยฝีมือช่าง
เปศล- 1,ว.,"งาม, สวย, น่ารัก, น่าชอบใจ, อ่อน, น่วม, ละมุนละม่อม"
เปศล- 2,ว.,"เก่ง, ชำนาญ, เชี่ยวชาญ, มีเล่ห์กล, มีอุบาย."
เปศลมัธย์ 0,ว.,มีเอวอ่อน.
เปศละ 0,ว.,ซึ่งประดับตกแต่งโดยฝีมือช่าง
เปศละ 1,ว.,"งาม, สวย, น่ารัก, น่าชอบใจ, อ่อน, น่วม, ละมุนละม่อม"
เปศละ 2,ว.,"เก่ง, ชำนาญ, เชี่ยวชาญ, มีเล่ห์กล, มีอุบาย."
เปศะ 0,น.,"สถาปนิก, ช่างออกแบบ, ช่างไม้."
เปศัส 0,น.,"รูป, ทรง, สี"
เปศัส 1,น.,รูปงาม
เปศัส 2,น.,เครื่องประดับ
เปศัส 3,น.,"ลายพร้อย, ผ้ามีลายดอกดวงต่าง ๆ."
เปศัส- 0,น.,"รูป, ทรง, สี"
เปศัส- 1,น.,รูปงาม
เปศัส- 2,น.,เครื่องประดับ
เปศัส- 3,น.,"ลายพร้อย, ผ้ามีลายดอกดวงต่าง ๆ."
เปศัสการิน 0,น.,ต่อแตน
เปศัสการิน 1,น.,หญิงผู้ปักลายเสื้อผ้า.
เปศัสการี 0,น.,ต่อแตน
เปศัสการี 1,น.,หญิงผู้ปักลายเสื้อผ้า.
เปสการ 0,น.,"ช่างหูก, ช่างทอ."
เปสละ 0,ว.,ที่มีศีลเป็นที่รัก.
เปสุญ 0,น.,ความส่อเสียด.
เปสุญ- 0,น.,ความส่อเสียด.
เปสุญวาท 0,น.,คำส่อเสียด.
เปสุไณย 0,น.,ความส่อเสียด.
เป๋อ 0,ว.,"เหม่อ, เผลอ, เซ่อ ๆ."
เป้อเย้อ 0,ว.,"อวด, โอ้อวด"
เป้อเย้อ 1,ว.,"เยิ่นเย้อ, ยืดยาด, มักใช้แก่การพูด เช่น พูดเป้อเย้อ."
เปอร์เซ็นต์ 0,น.,"จำนวนที่เทียบเป็นส่วนร้อยหรือร้อยละ, การคิดเทียบเป็นส่วนร้อย เรียกว่า ร้อยละ หรือ ต่อร้อย ใช้เครื่องหมาย % แทน เช่น นักเรียนโรงเรียนนี้สอบได้ ๗๐ % คือ สอบได้ ๗๐ คน จากจำนวนนักเรียนทั้งหมด ๑๐๐ คน เด็กคนนี้สอบได้ ๘๐ % คือ ได้คะแนน ๘๐ คะแนน จากคะแนนเต็ม ๑๐๐ คะแนน"
เปอร์เซ็นต์ 1,น.,"ค่านายหน้า, ค่าตอบแทนในการติดต่อซื้อขายเป็นต้น, เช่น ได้เปอร์เซ็นต์ ให้เปอร์เซ็นต์."
เป๋อเหลอ 0,ว.,"เซ่อ, มีสีหน้าไม่รู้เรื่อง (ใช้แก่หน้า)."
เปะ 0,ก.,"เอาสิ่งที่มีลักษณะข้นเหลวเป็นต้นซัดลงไป เช่น เอาโคลนมาเปะที่กำแพง, โดยปริยายหมายถึง ทิ้งไว้ให้เป็นภาระของผู้อื่น เช่น เอาลูกมาเปะให้พี่สาวเลี้ยง."
เปะปะ 0,ว.,"ไม่ตรงเป้า เช่น ชกเปะปะ, ไม่ตรงประเด็น เช่น พูดเปะปะ ให้การเปะปะ, ไม่ตรงทาง เช่น เมาเหล้าเดินเปะปะ, ไม่เป็นระเบียบ เช่น นอนมือเท้าเปะปะ, บางทีใช้ว่า สะเปะสะปะ."
เปา 0,น.,"ปม, ปุ่ม, มักใช้เข้าคู่กับคำ ปม เป็น ปมเปา."
เป่า 0,ก.,"พ่นลมออกมาทางปาก, อาการที่ลมพุ่งเข้ามาหรือออกไปเช่นนั้น เช่น ตรงหน้าต่างลมเป่าดี, ทำให้เครื่องดนตรีหรือสิ่งอื่นเกิดเสียงโดยใช้ลมปากเช่น เป่าขลุ่ย, ทำให้สิ่งที่อยู่ในลำกล้องเช่นกล้องเป่าเป็นต้น ออกจากลำกล้องโดยวิธีเป่า เช่น เป่ายานัตถุ์ เป่าลูกดอก."
เป๊า 0,น.,"ปีฉลู, เขียนเป็น เปรา ก็มี."
เป๋า 0,น.,กระเป๋า
เป๋า 1,น.,ชื่อการนับแต้มลูกเต๋าที่ขึ้น ๓ หน้าเหมือนกัน.
เป้า 0,น.,สิ่งที่กำหนดไว้เป็นจุดหมาย เช่น นักยิงปืนยิงถูกตรงเป้าทุกนัด เอาต้นไม้เป็นเป้า
เป้า 1,น.,โดยปริยายหมายความว่า เป็นที่เพ่งเล็ง เช่น เป็นเป้าสายตา.
เป้า 2,น.,ชิ้นผ้าที่เย็บแทรกตะเข็บตรงรักแร้เสื้อหรือรอยต่อขากางเกงผ้าหรือกางเกงแพรเพื่อให้เคลื่อนไหวได้สะดวก
เป้า 3,น.,ส่วนของเสื้อที่อยู่ใต้รักแร้หรือส่วนของกางเกงที่อยู่ใต้หว่างขา.
เป้า 4,น.,นกเปล้า. (ดู เปล้า ๒).
เป่ากบ 0,น.,การเล่นของเด็กชนิดหนึ่ง โดยมีผู้เล่น ๒ คน ผลัดกันเป่ายางรัดของวงเล็ก ๆ ให้เกยทับยางของฝ่ายตรงข้าม.
เป่ากระหม่อม 0,ก.,ร่ายมนตร์คาถาแล้วเป่าลงกลางศีรษะเพื่อให้เกิดเมตตามหานิยมเป็นต้น.
เป่าคอ 0,ก.,เป่ายาเข้าไปในคอ
เป่าคอ 1,ก.,อาการที่แก๊สในท้องพุ่งขึ้นมาทางลำคอเนื่องจากร้อนใน เรียกว่า ลมเป่าคอ.
เป่าแตร 0,ก.,"ป่าวประกาศ, ประชาสัมพันธ์."
เป้านิ่ง 0,น.,"เป้าที่อยู่กับที่, โดยปริยายหมายถึง สิ่งที่มีลักษณะคล้ายคลึงเช่นนั้น เช่น ยืนเป็นเป้านิ่งให้เขาชกข้างเดียว."
เป้าบิน 0,น.,เป้าที่โยนขึ้นไปในอากาศแล้วยิง.
เป่าใบไม้ 0,ก.,เอาใบไม้บางชนิด เช่น ใบฝรั่ง ใบมะยม มาเป่าให้เป็นเพลง.
เป้าประสงค์ 0,น.,วัตถุประสงค์หรือจุดหมายปลายทางที่บุคคลพยายามบรรลุถึง เช่น เป้าประสงค์ของวิชานี้เพื่อฝึกทักษะของผู้เรียน.
เป่าปาก 0,ก.,เอานิ้วมือใส่ปากแล้วเป่าให้เกิดเสียง
เป่าปาก 1,ก.,หายใจทางปากเพราะเหนื่อยมาก.
เป่าปี่ 0,ก.,สูบฝิ่น
เป่าปี่ 1,ก.,ร้องไห้.
เป่าผม 0,ก.,ใช้เครื่องพ่นลมร้อนทำให้ผมแห้ง.
เป่าฝุ่น 0,ก.,"หกล้มไม่มีท่า, พลาดพลั้งอย่างไม่เป็นท่า."
เป่าไฟ 0,ก.,เอาปากหรือหลอดเป่าลมให้ไฟติดหรือให้ลุก.
เป่ามนตร์ 0,ก.,เสกคาถาแล้วเป่าลงไปที่สิ่งใดสิ่งหนึ่งหรือส่วนใดส่วนหนึ่งของร่างกายมีกระหม่อมเป็นต้น.
เป่าแล่น 0,ก.,เอาหลอดเป่าไฟเพื่อเชื่อมโลหะเช่นทอง นาก เงิน ให้ติดกัน.
เป่าแล่น 1,น.,หลอดเป่าไฟสำหรับเชื่อมโลหะให้ติดกัน.
เป้าสายตา 0,น.,บุคคลหรือสิ่งที่เป็นที่เพ่งเล็งหรือสนใจของผู้อื่น เช่น คนงามย่อมเป็นเป้าสายตาของใคร ๆ.
เป้าหมาย 0,น.,บุคคลหรือสิ่งที่ใช้เป็นเป้าแห่งการโจมตี หรือเป็นศูนย์กลางแห่งความใส่ใจหรือสังเกต
เป้าหมาย 1,น.,ความมุ่งหมายเจาะจงให้ได้ตามเจตนา เช่น การขายข้าวในปีนี้มีเป้าหมายให้ได้เกินหกแสนตัน.
เป่าหลอด 0,น.,ชื่อเพลงไทยทำนองหนึ่ง.
เป่าหวูด 0,ก.,ดึงสายเชือกเพื่อเปิดหวูดเรือกลไฟเป็นสัญญาณในการเดินเรือ.
เป่าหู 0,ก.,พูดให้เข้าหูบ่อย ๆ เพื่อให้เชื่อ.
เป๋าฮื้อ 0,น.,"ชื่อหอยทะเลกาบเดี่ยว หลายชนิด ในวงศ์ Haliotidae เปลือกแบนค่อนข้างกลมหรือรี ผิวขรุขระ ใกล้ขอบเปลือกมีรูเรียงเป็นแถว สีเขียวหรือสีน้ำตาล ด้านในเป็นมุก เช่น ชนิด Haliotis asinina Linn. เป็นอาหารทะเลที่มีราคาแพง ปัจจุบันมีการเพาะเลี้ยงเชิงพาณิชย์, โข่งทะเล ก็เรียก."
เป๋าฮื้อ 1,น.,"ชื่อเห็ดชนิด Pleurotus abalonusY.H. Han, K.M. Chen et S. Cheng ในวงศ์ Polyporaceae ขึ้นเป็นกลุ่ม โคนก้านดอกติดกัน ดอกเห็ดเนื้อหนา มี ๒ พันธุ์ คือ พันธุ์สีเทาดำ และ พันธุ์สีนํ้าตาลอ่อน กินได้."
เปาะ 0,ว.,ไม่หยุดปาก (ใช้แก่กริยาชม)
เปาะ 1,ว.,เสียงดังเช่นนั้นอย่างเสียงเคาะไม้.
เป๊าะ 0,ว.,เสียงดังเช่นนั้นอย่างเสียงหักนิ้วหรือกิ่งไม้เล็ก ๆ หัก.
เปาะเปี๊ยะ 0,น.,"ชื่ออาหารชนิดหนึ่ง โดยนำแป้งสาลีมาทำให้สุกเป็นแผ่นกลมบาง ๆ เรียกว่า แผ่นเปาะเปี๊ยะ แล้วห่อถั่วงอกลวก หมูตั้งหรือกุนเชียง ชิ้นเต้าหู้ต้มเค็ม และแตงกวา ราดด้วยน้ำปรุงรสข้น ๆ รสหวานเค็ม โรยหน้าด้วยเนื้อปูและไข่หั่นฝอย หรือห่อรวมไว้ในแผ่นเปาะเปี๊ยะก็ได้ กินกับต้นหอมและพริกสด เรียกว่า เปาะเปี๊ยะสด, ชนิดที่ใช้แผ่นเปาะเปี๊ยะห่อไส้ที่ประกอบด้วยวุ้นเส้น ถั่วงอก เนื้อไก่หรือหมูสับ เป็นต้นที่ลวกสุก แล้วนำไปทอด กินกับผักสดต่าง ๆ เช่น ใบโหระพา สะระแหน่ และน้ำจิ้มใสรสหวานอมเปรี้ยว เรียกว่า เปาะเปี๊ยะทอด."
เปาะแปะ 0,ว.,"อาการที่ฝนตกมีเม็ดห่าง ๆ แต่เล็กน้อย, เปราะแประ ก็ว่า."
เปาะเหลาะ 0,ว.,"มีสัณฐานกลมป้อม, กระเปาะเหลาะ ก็ว่า."
เปาะเหลาะ 1,ก.,ประจบประแจง.
เปิก 0,ว.,ปอกหรือเลิกออก เช่น เล็บเปิก หนังเปิก.
เปิง 0,ว.,"ยับเยิน, พัง, ทลาย, เช่น หลังคาเปิง ด่าเสียเปิง."
เปิง ๆ 0,ว.,"ดังเต็มที่ เช่น เสียงร้องเปิง ๆ, เตลิดไป เช่น วิ่งเปิง ๆ."
เปิงมาง 0,น.,"ชื่อกลองชนิดหนึ่ง มีหนังขึง ๒ หน้า ตรงกลางป่องเล็กน้อย ยาวประมาณ ๕๔ เซนติเมตร ใช้บรรเลงร่วมกับตะโพนในวงปี่พาทย์ ใช้ตีนำกลองชนะในกระบวนเสด็จพยุหยาตรา, คนตีเปิงมางนำกลองชนะ เรียกว่า จ่ากลอง คู่กับคนเป่าปี่ซึ่งเรียกว่า จ่าปี่."
เปิงมางคอก 0,น.,ชุดกลองเปิงมางจำนวน ๗ ลูก เทียบเสียงสูงต่ำแขวนเรียงไว้ในคอก ใช้ในวงปี่พาทย์มอญ เพื่อตีรัวนำก่อนเมื่อขึ้นต้นบรรเลงปี่พาทย์มอญตีขัดสอดประสานกับตะโพนมอญ.
เปิด 0,ก.,"ทำให้สิ่งที่ปิดอยู่เผยออก เช่น เปิดประตู, ทำให้เครื่องยนต์กลไกทำงาน เช่น เปิดวิทยุ เปิดพัดลม, ตรงข้ามกับ ปิด"
เปิด 1,ก.,ทำพิธีเป็นประเดิมเพื่อดำเนินกิจการงานหรือให้ใช้ได้เป็นต้น เช่น เปิดร้านใหม่ เปิดถนน เปิดสมาคม
เปิด 2,ก.,หนี เช่น ผู้ร้ายเปิดไปไกลแล้ว.
เปิดกล้อง 0,ก.,เริ่มการถ่ายภาพยนตร์เป็นปฐมฤกษ์ของแต่ละเรื่อง.
เปิดคดี 0,ก.,การที่โจทก์หรือจำเลยแถลงต่อศาลถึงข้อเท็จจริงหรือข้อกฎหมาย อีกทั้งพยานหลักฐานที่จะอ้างอิงก่อนที่จะนำพยานเข้าสืบ.
เปิดฉาก 0,ก.,"เริ่มต้นทำ เช่น เปิดฉากหาเสียง เปิดฉากตะลุมบอน, เริ่มต้นแสดง เช่น ละครเปิดฉาก."
เปิดบริสุทธิ์ 0,ก.,ร่วมประเวณีกับหญิงที่ยังไม่เคยมีประสบการณ์ในการร่วมเพศมาก่อน เดิมเป็นประเพณีของชาวเขาบางเผ่า เช่น อีก้อ เมื่อเด็กหญิงมีอายุย่างเข้าสู่วัยสาวต้องไปศึกษาเรื่องกามกิจโดยร่วมประเวณีเป็นครั้งแรกกับผู้ที่ชุมชนในเผ่านั้นคัดเลือกให้ทำหน้าที่นี้.
เปิดบัญชี 0,ก.,บันทึกรายการทรัพย์สิน หนี้สิน และทุนไว้ในสมุดเมื่อเริ่มเปิดดำเนินกิจการ
เปิดบัญชี 1,ก.,ยกยอดสรุปที่ได้จากการปิดบัญชีมาเริ่มต้นใหม่
เปิดบัญชี 2,ก.,เปิดบัญชีเงินฝากที่ธนาคาร.
เปิดปีก 0,ก.,เลื่อยเปิดข้างไม้ซุงแผ่นแรกของทั้ง ๔ ด้านให้เป็นสี่เหลี่ยม.
เปิดเปิง 0,ว.,"อาการที่ไปอย่างไม่มีที่หมาย ไม่มีทิศทาง, มักใช้เข้าคู่กับคำ เตลิด เป็น เตลิดเปิดเปิง เช่น วิ่งเตลิดเปิดเปิง."
เปิดโปง 0,ก.,เปิดเผยความลับที่เขาปิดไว้.
เปิดผนึก 0,ว.,เรียกจดหมายที่ส่งถึงบุคคลหนึ่งเพื่อให้นำออกเผยแพร่ ว่า จดหมายเปิดผนึก.
เปิดเผย 0,ก.,"ทำสิ่งที่ปิดบังอยู่ให้เผยออก, เผยให้รู้, เช่น เปิดเผยความจริง เปิดเผยความลับ."
เปิดเผย 1,ว.,"ตรงไปตรงมา, ไม่ปิดบัง, เช่น เป็นคนเปิดเผย."
เปิดเผยความลับ 0,น.,เป็นฐานความผิดอาญา ที่ผู้กระทำเปิดเผยความลับของผู้อื่นหรือนำความลับของผู้อื่นไปใช้เพื่อประโยชน์ของตนเองหรือบุคคลที่สาม.
เปิดโลก 0,ก.,เผยโลกทั้ง ๓ ให้เห็นกันในวันที่พระพุทธเจ้าเสด็จลงจากดาวดึงส์.
เปิดโลก 1,น.,ชื่อพระพุทธรูปปางหนึ่ง เรียกว่า ปางพระเจ้าเปิดโลก.
เปิดสมอง 0,ก.,"พักผ่อนหย่อนใจให้สมองปลอดโปร่ง, เปิดหัว ก็ว่า."
เปิดหมวกลา 0,ก.,"เลิกรา, ไม่ทำต่อไปอีกแล้ว."
เปิดหมวกให้ 0,ก.,"ยกย่อง, สรรเสริญ, ชมเชย."
เปิดหัว 0,น.,ชื่อเรือยกพลขึ้นบกซึ่งทางด้านหัวเปิดได้ เรียกว่า เรือเปิดหัว.
เปิดหัว 1,ก.,เปิดสมอง.
เปิดหูเปิดตา 0,ก.,ให้ได้ฟังและให้ได้เห็นมาก (มักใช้เกี่ยวกับการไปพักผ่อนหย่อนใจและหาความรู้ไปในตัว).
เปิดอก 0,ก.,"บอกความในใจอย่างไม่ปิดบัง, พูดความจริงอย่างตรงไปตรงมาโดยไม่มีลับลมคมใน."
เปิ่น 0,ว.,แสดงกิริยาอาการหรือกระทำการใด ๆ ผิดแปลกไปจากปรกติที่เป็นอยู่ในหมู่พวกหรือที่นิยมกันตามประเพณี เช่น แต่งตัวเปิ่น ทำท่าเปิ่น.
เปิบ 0,ก.,ใช้ปลายนิ้วขยุ้มข้าวใส่ปากตนเอง.
เปิ๊บ 0,ว.,เสียงร้องเช่นนั้นอย่างเสียงอีเก้งร้อง.
เปิบข้าว 0,ก.,ใช้ปลายนิ้วขยุ้มข้าวใส่ปากตนเอง.
เปีย 0,น.,"ผมที่ไว้ยาวบริเวณท้ายทอย, ผมที่ถักห้อยยาวลงมา, ผมเปีย หรือ หางเปีย ก็เรียก, เรียกลายที่ถักตอก ๓ ขาไขว้กัน ว่า ลายเปีย หรือ ลายผมเปีย"
เปีย 1,น.,พวงมาลัยที่มีอุบะห้อยลงมาเหมือนผมเปีย.
เปีย 2,น.,ชื่อนกยางขนาดเล็กชนิด Egretta garzetta (Linn.) ในวงศ์ Ardeidae แตกต่างจากนกยางชนิดอื่นคือ ปากและแข้งสีดำ ตีนสีเหลือง.
เปีย 3,น.,"ชื่อเป็ดขนาดกลาง ในวงศ์ Anatidae มี ๒ ชนิด คือ เป็ดเปีย [ Aythya fuligula (Linn.)] ตัวผู้สีเทาดำ ท้องสีขาว ตัวเมียสีน้ำตาลเข้ม ท้องสีน้ำตาล และเป็ดเปียหน้าเขียว ( Anas falcataGeorgi) ตัวผู้มีหลายสี หน้าสีเขียว ตัวเมียสีออกน้ำตาล หน้าสีเขียว, ทั้งนกยางเปียและเป็ดเปียมีขนยาวออกจากท้ายทอย ๒-๓ เส้นหรือมากกว่า ลักษณะคล้ายผมเปียของคน เฉพาะนกยางเปียมีขนยาวดังกล่าวเฉพาะช่วงฤดูผสมพันธุ์."
เปี๊ยก 0,ว.,เล็กมากเมื่อเปรียบเทียบกับคนอื่นหรือสิ่งอื่น.
เปียก 0,ก.,มีนํ้าชุ่มปนผสมอยู่หรือติดอยู่ เช่น เปียกเหงื่อ เปียกฝน เปียกน้ำ.
เปียก 1,ว.,"ที่ชุ่มน้ำ เช่น ผมเปียก ผ้าเปียก เหงื่อเปียก, อ่อนเกือบเละอย่างข้าวเปียก."
เปียก 2,ก.,กวนสิ่งเช่นข้าวหรือแป้งเป็นต้นบนไฟให้สุก เช่น เปียกข้าวเหนียว เปียกสาคู.
เปียก 3,ว.,"เรียกข้าวที่ต้มและกวนให้เละ หรือข้าวที่ต้มกับน้ำกะทิเจือเกลือเล็กน้อย กวนให้สุกจนข้นหรือเละ มีรสเค็ม ๆ มัน ๆ ว่า ข้าวเปียก, เรียกสิ่งที่มีลักษณะคล้ายคลึงเช่นนั้น เช่น แป้งเปียก สาคูเปียก, เรียกขนมชนิดหนึ่ง ทำจากแป้งข้าวเจ้าตั้งไฟกวนกับน้ำตาลหม้อและกะทิ หยอดให้มีขนาดพอคำแล้วโรยถั่วทองคั่ว ว่า ขนมเปียก."
เปียกแฉะ 0,ก.,มีน้ำชุ่มอยู่มาก เช่น ถนนเปียกแฉะ.
เปียกชื้น 0,ก.,เปียกพอหมาด ๆ เช่น ผ้าเปียกชื้น.
เปียกโชก 0,ก.,เปียกชุ่มทั่วตัว เช่น น้ำเปียกโชก เหงื่อเปียกโชก.
เปียกปอน 0,ก.,เปียกมาก เช่น ถูกสาดน้ำจนเปียกปอน.
เปียกปูน 0,น.,ชื่อขนมชนิดหนึ่ง ทำด้วยแป้งข้าวเจ้าผสมกาบมะพร้าวเผาให้เป็นถ่านบดละเอียด ตั้งไฟกวนกับน้ำตาล กะทิ และน้ำปูนใส เมื่อสุกเทลงใส่ถาด ตัดเป็นชิ้น ๆ ให้เป็นรูปสี่เหลี่ยมด้านขนานที่มีด้านทั้ง ๔ ยาวเท่ากัน แต่ไม่มีมุมภายในเป็นมุมฉาก โรยด้วยมะพร้าวขูด.
เปียแชร์ 0,ก.,ประมูลแชร์ว่าจะให้ดอกเบี้ยเท่าใด ผู้ลงหุ้นที่ให้ดอกเบี้ยสูงสุดจะได้รับเงินก่อน เวียนไปจนครบจำนวนผู้เล่น.
เปียโน 0,น.,เครื่องดนตรีประเภทคีย์บอร์ด เสียงเกิดจากค้อนสักหลาดภายในเครื่องกระดกไปเคาะสาย.
เปี๊ยบ 0,ว.,ที่สุด เช่น แหลมเปี๊ยบ เหมือนเปี๊ยบ.
เปี่ยม 0,ก.,"เต็มถึงขอบ, เกือบจะล้น, เช่น แกงเปี่ยมหม้อ น้ำเปี่ยมฝั่ง, เต็มที่, บริบูรณ์, เช่น เปี่ยมด้วยคุณธรรม เปี่ยมด้วยความเมตตากรุณา."
เปียว 0,ก.,เป่า เช่น เปียวปี่แก้วเคนผสาร (ม. คำหลวง มหาราช).
เปี๊ยว 0,ว.,เสียงเป่าปากแสดงความพอใจเป็นต้น.
เปี้ยว 0,น.,"ชื่อปูทะเลขนาดเล็กหลายชนิด ในสกุล Ucaวงศ์ Ocypodidae ตัวผู้มีก้ามข้างหนึ่งใหญ่เท่าหรือโตกว่าลำตัว และอีกข้างหนึ่งเล็กกว่ามาก ส่วนตัวเมียมีก้ามขนาดไล่เลี่ยกันทั้ง ๒ ข้าง อาศัยอยู่ตามชายเลนในน้ำกร่อยหรือทะเล เช่น ชนิด U. dussumieri (H. Milne Edwards), ก้ามดาบ ก็เรียก."
เปี้ยว 1,น.,ไม้ค้างพลูเล็ก ๆ.
เปียะ 0,น.,"ชื่อไม้เถาชนิดหนึ่งในสกุล Freycinetia วงศ์ Pandanaceae, ปักษ์ใต้เรียก เตยเลื้อย."
เปือก 0,น.,ฟองหรือสิ่งที่เกิดเป็นฝ้าขึ้นจากโคลนตม.
เปือกตม 0,น.,เลนตมที่ละเอียด.
เปื้อน 0,ก.,ติดสิ่งที่ทำให้เกิดสกปรก น่ารังเกียจ หรือไม่ต้องการ เช่น เปื้อนโคลน เปื้อนแกง เปื้อนเลือด.
เปื้อน 1,ว.,มีสิ่งสกปรก น่ารังเกียจ หรือไม่ต้องการติดอยู่ เช่น มือเปื้อน ผ้าเปื้อน.
เปื้อนเปรอะ 0,ว.,"เลอะเทอะ, เปรอะเปื้อน ก็ว่า."
เปื่อย 0,ว.,"ที่ขาดง่าย เช่น ด้ายเปื่อย, ที่หลุดจากกันง่าย เช่น ผ้าเปื่อย, ยุ่ยง่าย เช่น เนื้อเปื่อย, ที่มีน้ำเหลืองเยิ้ม เช่น แผลเปื่อย."
แป 0,น.,ส่วนหนึ่งของโครงสร้างหลังคา วางอยู่บนโครงสร้างอื่น ๆ ได้แก่ จันทัน ปลายเต้า เสาตุ๊กตา ปลายขื่อ และปลายขื่อประธาน ทำหน้าที่รับกลอนหรือรับเครื่องมุงโดยตรง.
แป 1,ว.,เรียกด้านเรือนตามยาว ว่า ด้านแป
แป 2,ว.,"เรียกมือที่พิการ นิ้วกำเข้าไม่ได้ ว่า มือแป, เรียกตีนที่พิการ นิ้วงอเข้าไม่ได้ ต้องเดินตะแคง ๆ ว่า ตีนแป"
แป 3,ว.,"ย่อย, แบน, ในคำว่า เงินแป คือ เงินเหรียญที่เป็นเงินย่อย. (แป ไทขาวว่า ย่อย, แตกออก). (ดู เงินแป ที่ เงิน)."
แป้ง 0,น.,"สิ่งที่เป็นผงละเอียดได้จากเมล็ดพืช ผลไม้ และรากไม้ เป็นต้น ใช้เป็นอาหาร, ผงขาว ๆ ที่ทำด้วยหินเป็นต้น สำหรับผัดหน้า."
แป๋ง 0,ว.,เสียงดังเช่นนั้น.
แป้งกระแจะ 0,น.,แป้งที่ผสมผงกระแจะ ใช้ละลายน้ำ สำหรับทาหรือเจิม.
แป้งข้าวสาลี 0,น.,"แป้งที่ได้จากการบดเมล็ดข้าวสาลี ใช้ทำขนมปังเป็นต้น, แป้งมี่ หรือ แป้งหมี่ ก็เรียก."
แป้งข้าวหมาก 0,น.,แป้งที่เป็นเชื้อสำหรับทำข้าวหมาก.
แป้งแข็ง 0,น.,แป้งผัดหน้าที่อัดเป็นก้อนแน่นหรือเป็นแผ่น มักบรรจุในตลับ.
แป้งจี่ 0,น.,ชื่อขนมอย่างหนึ่ง มักทำด้วยแป้งข้าวเหนียวดำ ผสมกับมะพร้าว เกลือ นํ้าตาล แล้วทอดเป็นแผ่นเล็ก ๆ แบน ๆ ลงบนกระทะแบนที่ทานํ้ามันน้อย ๆ
แป้งจี่ 1,น.,แป้งขนมจีนที่ทำเป็นแผ่นแล้วเผาไฟ.
แป้งแช่ 0,น.,ปลาทุงงะ. (ดู ทุงงะ).
แป้งญวน 0,น.,แป้งข้าวเจ้า.
แป้งเท้ายายม่อม 0,น.,แป้งที่ทำจากหัวของต้นเท้ายายม่อม.
แป้งนวล 0,น.,ผงสีขาวที่ทำด้วยหินปูนเป็นต้น แล้วทำเป็นเม็ด ๆ สำหรับผัดหน้า.
แป้งเปียก 0,น.,"แป้งเจือเกลือเล็กน้อยตั้งไฟกวนให้ข้น ใช้เป็นอาหาร, แป้งที่ตั้งไฟกวนให้ข้นเหนียว ใช้แทนกาว."
แป้งฝุ่น 0,น.,แป้งเป็นผงละเอียด ใช้ผัดหน้าหรือทาตัว.
แป้งมัน 0,น.,"แป้งที่ทำจากมันสำปะหลัง, แป้งสิงคโปร์ ก็เรียก."
แป้งมี่ 0,น.,"แป้งข้าวสาลี, แป้งสาลี หรือ แป้งหมี่ ก็เรียก."
แป้งร่ำ 0,น.,แป้งที่ปรุงด้วยเครื่องหอม.
แปงวง 0,น.,แปซึ่งยื่นออกมารับงวงไอยราของลำยอง.
แป้งสด 0,น.,นํ้าอบกับแป้งรํ่านํ้าดอกไม้เทศใช้ชุบผ้าห่อใบตองสำหรับแจก
แป้งสด 1,น.,"แป้งที่ทำขึ้นใช้ได้ทันที ไม่ต้องหมักหรือตากแห้ง เช่น ขนมจีนแป้งสด ขนมบัวลอยแป้งสด, ตรงข้ามกับ แป้งหมัก."
แป้งสารภี 0,น.,แป้งที่เอาเกสรสารภีตำปนกับแป้งสำหรับทาตัว.
แป้งสาลี 0,น.,"แป้งที่ได้จากการบดเมล็ดข้าวสาลี ใช้ทำขนมปังเป็นต้น, แป้งมี่ หรือ แป้งหมี่ ก็เรียก."
แป้งสิงคโปร์ 0,น.,"แป้งมันสำปะหลัง, แป้งมัน ก็เรียก."
แป้งสิบ 0,น.,ปั้นสิบ.
แป้งหมัก 0,น.,"แป้งขนมจีนที่ทำจากข้าวที่หมักไว้ก่อน, ตรงข้ามกับ แป้งสด."
แป้งหมี่ 0,น.,"แป้งข้าวสาลี, แป้งสาลี หรือ แป้งมี่ ก็เรียก."
แป้งเหล้า 0,น.,แป้งที่เป็นเชื้อสำหรับทำเหล้า.
แป๊ด 0,ว.,"เสียงดังอย่างเสียงบีบแตร, แป๊น ก็ว่า."
แปด 0,น.,จำนวนเจ็ดบวกหนึ่ง
แปด 1,น.,"ชื่อเดือนจันทรคติ เรียกว่าเดือน ๘ ตกในราวเดือนกรกฎาคม-สิงหาคม, ถ้าปีใดมีอธิกมาส คือ มีเดือน ๘ สองหน เรียกว่า เดือน ๘ แรก และ ๘ หลัง."
แปด 2,ก.,"เปื้อน, มักพูดเข้าคู่กันเป็น แปดเปื้อน"
แปด 3,ก.,"ปน, ระคน, มักพูดเข้าคู่กันเป็น แปดปน."
แปดบท 0,น.,"ชื่อเพลงไทย อัตรา ๒ ชั้น สมัยอยุธยา หน้าทับปรบไก่ มี ๒ ท่อน, ลิกินแปดบท หรือ ยิกินแปดบท ก็เรียก"
แปดบท 1,น.,ชื่อเพลงไทยประเภทเพลงเถา.
แปดปน 0,ก.,"ปน, ระคน."
แปดเปื้อน 0,ก.,เปื้อน.
แป๊ดแป๋ 0,ว.,"มีลักษณะแบนราบเพราะถูกกดถูกเหยียบเป็นต้น ในคำ แบนแป๊ดแป๋, แต๊ดแต๋ ก็ว่า."
แปดสาแหรก 0,น.,คำเรียกต้นวงศ์สกุล คือ บิดามารดาของปู่และย่า ๔ ของตาและยาย ๔ รวมเป็น ๘ ที่เป็นผู้ดีทั้งฝ่ายบิดาและมารดา เรียกว่า ผู้ดีแปดสาแหรก (เทียบสาแหรกที่มีข้างละ ๔ ขา ๒ ข้างเป็น ๘ ขา). (ดู ผู้ดีแปดสาแหรก ที่ ผู้ ประกอบ).
แปดเหลี่ยมแปดคม 0,ว.,มีเล่ห์เหลี่ยมมาก.
แปดเหลี่ยมสิบสองคม 0,ว.,มีเล่ห์เหลี่ยมมาก.
แปทู 0,น.,อกไก่.
แป๊น 0,ว.,"เสียงดังอย่างเสียงบีบแตร, แป๊ด ก็ว่า."
แป้น 0,น.,"กระดานที่มักมีรูปกลมแบน, ไม้ฐานสำหรับปั้นหม้อ, ไม้กระดานที่ติดไว้บนหัวเสา"
แป้น 1,น.,ไม้สำหรับสอยผลไม้ชนิดหนึ่ง
แป้น 2,น.,เหล็กที่เจาะเป็นรูสำหรับชักลวด.
แป้น 3,น.,"ชื่อปลาทะเลหรือปลานํ้ากร่อยในสกุล Leiognathus, Secutor และ Gazza วงศ์ Leiognathidae ส่วนใหญ่เป็นปลาขนาดเล็ก ลำตัวป้อม แบนข้างมาก มักมีสีเงินหรือสีเนื้อ อาจพบเป็นชื่อเรียกปลาข้าวเม่าในสกุล Ambassis วงศ์ Ambassidae ด้วย."
แป้น 4,น.,ชื่อส้มพันธุ์หนึ่งของชนิด Citrus reticulata Blanco ผลแป้น ๆ.
แป้น 5,ว.,กลมแบนอย่างลูกจัน.
แปบ 0,น.,ขนมถั่วแปบ. (ดู ถั่วแปบ ที่ ถั่ว ๑).
แป๊บ 0,น.,"ท่อนํ้า, ท่อไอเสีย."
แปบ 1,น.,"ชื่อปลานํ้าจืดทุกชนิดในสกุล Paralaubuca และ Oxygaster วงศ์ Cyprinidae ลำตัวแบนข้างมาก สันท้องคม ไม่มีหนวด ขนาดยาวไม่เกิน ๑๐ เซนติเมตร เช่น ชนิด P. riveroi (Fowler), แปบขาว [ O. oxygastroides (Bleeker)] ทั้งยังหมายถึงปลาท้องพลุ [ Cultrops siamensis (Hora)] ซึ่งอยู่ในวงศ์เดียวกันด้วย."
แป๊บ 1,น.,สิ่งสำหรับติดแทนลูกดุมมี ๒ อันประกบกัน.
แปบ 2,ว.,แบน.
แป๊บ 2,น.,"ชั่วเวลานิดเดียว เช่น เผลอแป๊บเดียว กลับบ้านไปแล้ว, ลักษณนามใช้เรียกชั่วเวลานิดเดียว เช่น รอสักแป๊บหนึ่งนะ เดี๋ยวจะมา."
แป๊บ ๆ 0,น.,ชั่วเวลานิดเดียว เช่น มาแป๊บ ๆ ก็จะกลับแล้ว.
แปปลายเต้า 0,น.,แปซึ่งอยู่ที่ปลายเต้า มีหน้าตัดเป็นรูปสี่เหลี่ยมจัตุรัส.
แปม 0,ก.,"เปื้อน, กลั้ว, ระคน, มักพูดเข้าคู่กับคำ ปน เป็น แปมปน หรือ ปนแปม."
แปร 0,ก.,เปลี่ยนกลายไปจากลักษณะหรือภาวะเดิม.
แปร๋ 0,ว.,"เสียงดังแหลมอย่างเสียงช้างร้องเมื่อโกรธหรือตกใจ, แปร้นแปร๋ ก็ว่า."
แปรก 0,น.,ไม้ยาวสำหรับประกับหัวเพลาทั้ง ๒ ข้างของเกวียนหรือราชรถ กันไม่ให้ลูกล้อเลื่อนหลุด โดยมีไม้ขวางทางหรือแปรกขวางทางยึดหัวท้ายทั้ง ๒ ด้าน.
แปรกขวางทาง 0,น.,ไม้ขวางทางที่ยึดหัวท้ายทั้ง ๒ ด้านของแปรกบัง.
แปรกบัง 0,น.,ไม้ยาวสำหรับประกับหัวเพลาทั้ง ๒ ข้างของเกวียนหรือราชรถ กันไม่ให้ลูกล้อเลื่อนหลุด โดยมีไม้ขวางทางหรือแปรกขวางทางยึดหัวท้ายทั้ง ๒ ด้าน.
แปรขบวน 0,ก.,กระจายแถวเพื่อเปลี่ยนเป็นรูปลักษณะต่าง ๆ.
แปรไข้ 0,น.,วิธีรักษาโดยวางยาตามแบบแพทย์แผนโบราณ เพื่อบรรเทาโรคหนักให้เบาลง.
แปรง 0,น.,"สิ่งของอย่างหนึ่งทำด้วยขนสัตว์ ลวด ฯลฯ สำหรับใช้ปัด หวี สีฟัน หรือขัดถูสิ่งของอื่น ๆ, ลักษณนามว่า อัน"
แปรง 1,น.,ขนเส้นแข็งที่ขึ้นบนคอหมูเป็นแถว ๆ.
แปรง 2,ก.,ปัด เช็ด หรือถูด้วยแปรง.
แปร่ง 0,ว.,"มีเสียงพูดผิดเพี้ยนไปจากเสียงที่พูดกันเป็นปรกติในถิ่นนั้น ๆ, ไม่สนิท."
แปรงล้างขวด 0,น.,ชื่อไม้ต้นหลายชนิด ในวงศ์ Myrtaceae เช่น ชนิด Callistemon citrinus (Curtis) Skeel ช่อดอกประกอบด้วยดอกเรียงตัวรอบแกนคล้ายแปรง ก้านชูอับเรณูสีแดงเป็นฝอย.
แปร่งหู 0,ว.,"ผิดเพี้ยนไปจากที่เคยตกลงกันไว้, มีเสียงพูดที่ผิดเพี้ยนไปจากปรกติ เนื่องจากมีอารมณ์ไม่พอใจแฝงอยู่."
แปรงหูหนู 0,น.,"ชื่อไม้พุ่ม ๓ ชนิดในสกุล Dendrolobium และ Dicerma วงศ์ Leguminosae คือ ชนิด D. triangulare (Retz.) Schindl. มักขึ้นในที่โล่งตํ่าซึ่งชุ่มแฉะในฤดูฝน ฝักเล็กแบนคอดกิ่วเป็นข้อ ๆ ใช้ทำยาได้, ขมิ้นนาง ขมิ้นลิง ลูกประคำผี หน้านวล เหนียวหมา หรือ อีเหนียว ก็เรียก, ชนิด D. lanceolatum (Dunn) Schindl. ขึ้นตามป่าผลัดใบที่มีต้นไผ่ สูงประมาณ ๑ เมตร ใบรูปไข่กลับ โคนใบสอบ, กระดูกเขียด แกลบหนู แกลบหูหนู แปรงหูหนู หรือ อึ่งใหญ่ ก็เรียก, และชนิด Dicerma biarticulatum (L.) DC. ชอบขึ้นตามไหล่ทางที่ตัดผ่านทุ่งนา สูงประมาณ ๑ เมตร ใบเล็กคล้ายใบมะขาม ดอกสีม่วง."
แปรญัตติ 0,ก.,แก้ถ้อยคำหรือเนื้อความในร่างกฎหมายที่สภารับหลักการแล้ว.
แปร๊ด 0,ว.,"จัด, มาก, (ใช้แก่รสบางรสหรือสีบางสี) เช่น เปรี้ยวแปร๊ด แดงแปร๊ด."
แปรธาตุ 0,ก.,ทำให้ธาตุหนึ่งกลายเป็นอีกธาตุหนึ่ง.
แปรธาตุ 1,น.,"แปรรูป, แจงรูป."
แปร้น 0,ว.,"เสียงตะเบ็งเอ็ดอึงอย่างคนขึ้นเสียงทะเลาะกัน, แปร๋น หรือ แปร๋น ๆ ก็ว่า."
แปร๋น 0,ว.,แปร้น.
แปร๋น ๆ 0,ว.,แปร้น.
แปร้นแปร๋ 0,ว.,"เสียงดังแหลมอย่างเสียงช้างร้องเมื่อโกรธหรือตกใจ, แปร๋ หรือ แปร๋แปร้น ก็ว่า."
แปรปรวน 0,ก.,"เปลี่ยนไปเปลี่ยนมาไม่อยู่ที่เป็นปรกติ เช่น อากาศแปรปรวน, รวนเร เช่น ใจแปรปรวน, ปรวนแปร ก็ว่า."
แปรปากหลากคำ 0,ก.,พูดกลับกลอกไม่ยั่งยืนคำ.
แปร๋แปร้น 0,ว.,"เสียงดังแหลมอย่างเสียงช้างร้องเมื่อโกรธหรือตกใจ, แปร้นแปร๋ ก็ว่า."
แปรผัน 0,ก.,"เปลี่ยนแปลงไป, กลับกลายไป, ผันแปร ก็ว่า"
แปรผัน 1,ก.,เพิ่มขึ้นหรือลดลงโดยสัดส่วนที่เท่า ๆ กัน มี ๒ กรณี คือ แปรผันโดยตรง และ แปรผันแบบผกผัน.
แปรผันโดยตรง 0,ก.,ลักษณะที่จำนวนที่ ๑ เพิ่มขึ้นหรือลดลงจากเดิมกี่เท่าก็ตาม เป็นเหตุให้จำนวนที่ ๒ เพิ่มขึ้นหรือลดลงจากเดิมโดยสัดส่วนเท่า ๆ กัน.
แปรผันแบบผกผัน 0,ก.,ลักษณะที่จำนวนที่ ๑ เพิ่มขึ้นจากเดิมกี่เท่าก็ตาม เป็นเหตุให้จำนวนที่ ๒ ลดลงจากเดิมโดยสัดส่วนเท่า ๆ กัน หรือเมื่อจำนวนที่ ๑ ลดลงจากเดิมกี่เท่าก็ตาม เป็นเหตุให้จำนวนที่ ๒ เพิ่มขึ้นจากเดิมโดยสัดส่วนเท่า ๆ กัน.
แปรพระราชฐาน 0,ก.,เปลี่ยนสถานที่ประทับไปอยู่ที่อื่นเป็นการชั่วคราว ใช้แก่พระมหากษัตริย์.
แปรพักตร์ 0,ก.,"เอาใจออกหาก, ไม่ซื่อตรง."
แปรรูป 0,น.,"วิธีเอาเถ้าถ่านและกระดูกศพที่เผาเสร็จแล้วบนกองฟอนมาเรียงลำดับเป็นอย่างรูปคน ให้หัวอยู่ทางทิศตะวันตกแล้วหันกลับมาทางทิศตะวันออก, แจงรูป หรือ แปรธาตุ ก็ว่า"
แปรรูป 1,น.,เรียกไม้ซุงที่เลื่อยเปิดปีกแล้วทำเป็นแผ่นกระดานเป็นต้นว่า ไม้แปรรูป.
แปรรูป 2,ก.,กระทำอย่างใดอย่างหนึ่งแก่ไม้ให้เปลี่ยนรูป ขนาด หรือสภาพ ไปจากเดิม เช่น เลื่อย ผ่า ถาก เผา.
แปรรูปรัฐวิสาหกิจ 0,ก.,นำทุนบางส่วนหรือทั้งหมดของรัฐวิสาหกิจมาเปลี่ยนสภาพเป็นหุ้นในรูปแบบของบริษัท.
แปรอักษร 0,ก.,ทำให้มีตัวอักษรหรือภาพปรากฏขึ้น โดยใช้คนจำนวนมากที่อยู่บนอัฒจันทร์ ยกกระดาษ ผ้า หรือวัสดุอื่น ๆ ขึ้นมาพร้อม ๆ กัน ให้เห็นเป็นตัวหนังสือหรือภาพ (มักใช้ประกอบในการเชียร์กีฬา การแสดงกลางแจ้ง หรือกิจกรรมสำคัญ ๆ).
แประ 0,ว.,"อาการที่เพียบจวนจะจม (ใช้แก่เรือ) ในคำว่า เพียบแประ, เต็มที่ เช่น เมาแประ."
แปล 0,ก.,"ถ่ายความหมายจากภาษาหนึ่งมาเป็นอีกภาษาหนึ่ง, ทำให้เข้าใจความหมาย."
แปล้ 0,ว.,"แบนราบ เช่น หวีผมแปล้, เพียบ, เต็มที่ เช่น อิ่มแปล้ หนักแปล้"
แปล้ 1,ว.,เตี้ยลง.
แปลก 0,ว.,แตกต่างไปจากที่เคยคิด เคยรู้ เคยเห็น เป็นต้น เช่น แปลกตา แปลกใจ
แปลก 1,ว.,"ต่าง, เพี้ยนไป, ผิดปรกติ เช่น เป็นคนแปลก."
แปลก ๆ 0,ว.,แตกต่างไปจากที่เคยคิด เคยรู้ เคยเห็น เป็นต้น เช่น แปลกตา แปลกใจ
แปลก ๆ 1,ว.,"ต่าง, เพี้ยนไป, ผิดปรกติ เช่น เป็นคนแปลก."
แปลกปลอม 0,ว.,มีสิ่งอื่นหรือพวกอื่นปนเข้ามา.
แปลง 0,น.,"ที่โล่งแห่งหนึ่ง ๆ เช่น คล้องช้างกลางแปลง, พื้นที่ที่กำหนดไว้แห่งหนึ่ง ๆ เช่น นาแปลงหนึ่ง, ที่เป็นแอ่งมีโคลนเลนซึ่งคนหรือสัตว์ทำขึ้น เช่น แปลงหมู แปลงควาย."
แปลง 1,ก.,"เปลี่ยนสิ่งเดิมให้ผิดแปลกออกไป, เปลี่ยนรูปทั้งหมดให้กลายเป็นอีกรูปหนึ่ง เช่น ยักษ์แปลงเป็นมนุษย์, จำแลง ก็ว่า, เปลี่ยนจากรูปเดิมแต่บางส่วน เช่น คนดีแปลงเป็นคนง่อย, เปลี่ยนจากรูปเดิมโดยแก้ไข เปลี่ยนแปลงบ้างเล็กน้อย เช่น เรือนชั้นเดียวแปลงให้เป็น ๒ ชั้น, ดัดแปลง ก็ว่า"
แปลง 2,ก.,ทำ เช่น แปลงขวัญ.
แปลง 3,ก.,แผลง เช่น แปลงศร ว่า แผลงศร.
แปลงชาติ 0,ก.,แปลงสัญชาติ.
แปลงผี 0,ก.,เซ่นผีเป็นการคำนับ.
แปลงเพศ 0,ก.,เปลี่ยนเพศชายให้เป็นเพศหญิงหรือเปลี่ยนเพศหญิงให้เป็นเพศชาย.
แปลงสัญชาติ 0,ก.,"เปลี่ยนจากสัญชาติเดิมไปเป็นสัญชาติอื่น, โบราณใช้ว่า แปลงชาติ."
แปลงสาร 0,ก.,"สั่งอย่างหนึ่งไปทำเสียอีกอย่างหนึ่ง, แก้สาระสำคัญหรือข้อความในหนังสือจากอย่างหนึ่งไปเป็นอีกอย่างหนึ่ง."
แปลงหนี้ใหม่ 0,น.,การที่คู่กรณีได้ทำสัญญาเปลี่ยนสิ่งซึ่งเป็นสาระสำคัญแห่งหนี้ เช่น เปลี่ยนตัวลูกหนี้หรือเจ้าหนี้ เปลี่ยนวัตถุแห่งหนี้ เมื่อแปลงหนี้ใหม่แล้วหนี้เดิมเป็นอันระงับ.
แปลโดยอรรถ 0,ก.,"แปลตามเนื้อความ, แปลตามอรรถ ก็ว่า."
แปลตามตัว 0,ก.,แปลตามตัวอักษรหรือคำพูดเป็นคำ ๆ ไป.
แปลตามเนื้อความ 0,ก.,"แปลเอาความ, แปลตามอรรถ หรือ แปลโดยอรรถ ก็ว่า."
แปลตามพยัญชนะ 0,ก.,"แปลตามตัวอักษร, แปลความหมายของคำอย่างตรงไปตรงมาคำต่อคำ."
แปลตามอรรถ 0,ก.,แปลตามเนื้อความ.
แปลน 0,น.,เรียกของที่มีเนื้อหรือเปลือกหุ้มไม่รอบ เช่น ทุเรียนแปลน คือ ทุเรียนมีเนื้อหุ้มไม่รอบเม็ด.
แปลน 1,ก.,"ปรากฏ, โผล่, ผุด, เช่น ทุเรียนเม็ดแปลน."
แปลน 2,น.,แบบที่กะกำหนดไว้.
แปลน 3,ว.,"เปล่า, ว่าง, ไม่เต็มที่."
แปล้น้ำ 0,ก.,ปริ่มน้ำ เช่น เรือแปล้น้ำ.
แปลบ 0,ว.,"ปลาบ, แวบ, วาบ, (ใช้แก่แสงสว่าง) เช่น ฟ้าแลบแปลบ"
แปลบ 1,ว.,"อาการที่รู้สึกเจ็บแวบแล่นเข้าไปในกาย, อาการที่รู้สึกวาบเข้าไปในหัวใจ, อาการที่สะดุ้งวับขึ้น."
แปล๊บ 0,ว.,"ปลาบ, แวบ, วาบ, (ใช้แก่แสงสว่าง) เช่น ฟ้าแลบแปลบ"
แปล๊บ 1,ว.,"อาการที่รู้สึกเจ็บแวบแล่นเข้าไปในกาย, อาการที่รู้สึกวาบเข้าไปในหัวใจ, อาการที่สะดุ้งวับขึ้น."
แปลบ ๆ 0,ว.,"ปลาบ, แวบ, วาบ, (ใช้แก่แสงสว่าง) เช่น ฟ้าแลบแปลบ"
แปลบ ๆ 1,ว.,"อาการที่รู้สึกเจ็บแวบแล่นเข้าไปในกาย, อาการที่รู้สึกวาบเข้าไปในหัวใจ, อาการที่สะดุ้งวับขึ้น."
แปล๊บ ๆ 0,ว.,"ปลาบ, แวบ, วาบ, (ใช้แก่แสงสว่าง) เช่น ฟ้าแลบแปลบ"
แปล๊บ ๆ 1,ว.,"อาการที่รู้สึกเจ็บแวบแล่นเข้าไปในกาย, อาการที่รู้สึกวาบเข้าไปในหัวใจ, อาการที่สะดุ้งวับขึ้น."
แปลยกศัพท์ 0,ก.,ยกคำบาลีขึ้นมาแปลเป็นไทยไปทีละคำ.
แปลร้อย 0,ก.,แปลเอาความโดยยกศัพท์บาลีมาคั่นไว้.
แปลเอาความ 0,ก.,แปลภาษาหนึ่งเป็นอีกภาษาหนึ่งโดยถือความหมายเป็นสำคัญ.
แปลาน 0,น.,แปซึ่งอยู่เหนือแปงวงขึ้นไปหรืออยู่ระหว่างแปหัวเสาจนถึงอกไก่ มีหน้าตัดเป็นรูปสี่เหลี่ยมผืนผ้าหรือสี่เหลี่ยมจัตุรัสขึ้นอยู่กับระบบของโครงสร้างหลังคา.
แป้ว 0,ว.,"เบี้ยว, แฟบ, (มักใช้แก่ของที่มีลักษณะกลม ๆ) เช่น ขวดแป้ว ผลไม้แป้ว"
แป้ว 1,ว.,อาการที่ใจฝ่อหรือหดหู่ลง ในคำว่า ใจแป้ว.
แป๊ว 0,ว.,เสียงอย่างเสียงแมวร้อง.
แปวง 0,น.,แปที่วางอยู่บนจันทันกันสาดหรือจันทันระเบียงของเรือนไทย โบสถ์ วิหาร หรือวางอยู่บนจันทันสำหรับอาคารที่มีหลังคาทรงปั้นหยา.
แปหัวเสา 0,น.,แปซึ่งพาดบนหัวเสาประธาน มักมีรูปสี่เหลี่ยมจัตุรัส.
แปหาญ 0,น.,แปที่รับนาคสะดุ้งที่โบสถ์ วิหาร หรือปราสาท.
แปเหลี่ยม 0,น.,แปซึ่งอยู่ระหว่างอกไก่กับแปงวง หรือระหว่างแปงวงกับแปหัวเสา มีหน้าตัดเป็นรูปสี่เหลี่ยมจัตุรัส.
แปะ 0,ก.,เอาของแบน ๆ บาง ๆ ทาบเข้าไป.
แปะ 1,ว.,เสียงดังอย่างเสียงตบมือ.
แป๊ะ 0,น.,ชายจีนแก่
แป๊ะ 1,น.,ชื่อเพลงไทย อัตรา ๒ ชั้น หน้าทับปรบไก่.
แป๊ะซะ 0,น.,ชื่ออาหารใช้ปลานึ่งจิ้มนํ้าส้มกินกับผัก.
แปะโป้ง 0,ก.,"พิมพ์ลายนิ้วหัวแม่มือเพื่อเป็นหลักฐานเมื่อนำของไปจำนำ, (ปาก) โดยปริยายหมายถึง ซื้อเชื่อ."
โป่ 0,ก.,อยู่ข้างหลังที่สุด (ใช้พูดในการเล่นเช่นหยอดหลุม).
โป้ 0,ก.,"โว, พูดอวดดี, เช่น บ้านํ้าลายพูดโอ้ออกโป้ไป (คาวี)."
โป้ 1,ว.,ใหญ่.
โป๊ 0,ก.,"ส่งเสริมสิ่งที่บกพร่อง เช่น ยาโป๊, ทำสิ่งยังบกพร่องอยู่ให้สมบูรณ์ เช่น เอาสีโป๊ตรงที่เป็นช่องเป็นรู ก่อนทาสีเอาปูนโป๊รอยที่ชำรุด. (จ. โป้ว ว่า ปะชุนเสื้อผ้า, ซ่อมแซม, บำรุงร่างกาย)."
โป๊ 1,ว.,"เปลือยหรือค่อนข้างเปลือย เช่น รูปโป๊, มีเจตนาเปิดเผยอวัยวะบางส่วนที่ควรปกปิด เช่น แต่งตัวโป๊."
โป 0,น.,"เครื่องเล่นการพนันของจีน กลักทำด้วยทองเหลืองสี่เหลี่ยม มีลูกแดงขาวข้างในใช้ปั่น, ชื่อการพนันอย่างหนึ่ง เล่นโดยเจ้ามือเอาลิ้นโปใส่ลงในฝาครอบโป ไม่ให้คนแทงเห็น ปิดฝาครอบโปแล้วตั้งให้แทง โดยยอมให้คนแทงปั่นโปได้ตามใจชอบ เมื่อเปิด ถ้าลิ้นชักโปซีกขาวตรงกับช่องแต้มไหน ก็นับว่าโปออกแต้มนั้น โปมีประตูสำหรับแทงเพียง ๔ ประตู คือ หน่วย สอง สาม และครบ มีวิธีแทง ๗ วิธี คือ เหม็ง กั๊ก เลี่ยม อ๋อ ชั้ว ถ่อ และ อา, โปปั่น ก็เรียก."
โป 1,ว.,โนหรือนูนขึ้นเพราะถูกกระทบกระแทก.
โปก 0,ว.,เสียงดังอย่างเอาค้อนเคาะกระดาน.
โป๊ก 0,ว.,เสียงดังอย่างเอาค้อนเคาะกระดาน.
โป๊กเกอร์ 0,น.,ชื่อการพนันชนิดหนึ่ง ใช้ไพ่ป๊อก มักเล่นเป็นกลุ่ม ๔ คน เจ้ามือแจกไพ่ควํ่าคนละ ๕ ใบ ทุกคนมีสิทธิ์ขอเปลี่ยนไพ่ครั้งเดียว ผู้ใดถือไพ่รวมได้แต้มหรือศักดิ์สูงกว่าตามกติกา ผู้นั้นชนะ.
โปกขร- 0,น.,"โบกขร, ใบบัว."
โปกขรณี 0,น.,"โบกขรณี, สระบัว."
โปกขรพรรษ 0,น.,โบกขรพรรษ.
โปกำ 0,น.,"ชื่อการพนันอย่างหนึ่ง ใช้ถ้วยครอบเบี้ย โดยมากใช้เบี้ยจั่น เมล็ดมะขาม หรือเมล็ดละหุ่งเป็นต้น แล้วแจงออกเป็นคะแนนทีละ ๔ ครั้งสุดท้ายถ้าเหลือ ๑ เรียกว่า ออกหน่วย ถ้าเหลือ ๒, ๓ เรียกว่า ออก ๒ ออก ๓ ถ้าเหลือ ๔ เรียกว่า ออกครบ มีประตูแทง ๔ ประตู คือ หน่วย สอง สาม และครบ ส่วนวิธีแทงได้นำวิธีแทงโปมาใช้ คือ เหม็ง กั๊ก เลี่ยม อ๋อ ชั้ว ถ่อ และ อา, ถั่ว ก็เรียก."
โปเก 0,ว.,เก่าแก่จนใช้การไม่ได้ดี.
โป่ง 0,น.,ลักษณะของสิ่งที่พองด้วยลมหรือแก๊ส เช่น ลูกโป่ง
โป่ง 1,น.,"พื้นดินที่มีเกลือสินเธาว์ผุดเกรอะกรังอยู่, ป่าหรือดินที่มีโป่ง เรียกว่า ป่าโป่ง ดินโป่ง, เรียกผีที่เชื่อว่ามีอยู่ในที่เช่นนั้น ว่า ผีโป่ง, เรียกลักษณะที่นั่งบนห้างที่ใช้ไม้ขัดและผูกเป็นแคร่บนต้นไม้หรือบนกอไผ่เพื่อคอยเฝ้าดูหรือยิงสัตว์ที่มากินดินโป่ง ว่า นั่งโป่ง, ป่ง ก็ว่า"
โป่ง 2,น.,เรียกพื้นดินที่มีนํ้าผุดพุขึ้นมา ว่า โป่งนํ้า และเรียกนํ้าที่ผุดพุขึ้นมานั้น ว่า นํ้าโป่ง.
โป้ง 0,ว.,อาการที่พูดโพล่งออกมาโดยไม่ระมัดระวังปาก หรือพูดเปิดเผยสิ่งที่ไม่สมควรออกมาโดยไม่คำนึงถึงความผิดพลาดเสียหาย
โป้ง 1,ว.,ใหญ่ เช่น หัวโป้ง
โป้ง 2,ว.,เสียงดังอย่างเสียงปืนเป็นต้น.
โปง 0,น.,เรียกลักษณะแห่งสิ่งของที่ข้างในเป็นโพรงโป่งออก.
โปง 1,น.,เครื่องโลหะหรือเครื่องไม้มักมีรูปคล้ายกระดิ่ง มีลูกกระทบแขวนอยู่ภายในหรือห้อยกระหนาบอยู่ภายนอกเพื่อให้เกิดเสียงดัง มักใช้แขวนคอสัตว์เช่นวัวควาย.
โป่งข่าม 0,น.,ชื่อเรียกแร่เขี้ยวหนุมาน ใช้ทำเครื่องประดับ.
โป่งค่าง 0,น.,สัตว์ชนิดหนึ่งมีรูปร่างคล้ายค่างแต่ใหญ่กว่ามาก ชอบออกมาดูดเลือดที่หัวแม่เท้าของคนที่นอนหลับพักแรมในป่า เชื่อกันว่าเป็นผีโป่งชนิดหนึ่ง.
โป่งดิน 0,น.,ดินที่มีเกลือ.
โป่งน้ำ 0,น.,ช่องดินที่มีนํ้าพุขึ้นมา.
โป้งเป้ง 0,ว.,สูง ๆ ใหญ่ ๆ
โป้งเป้ง 1,ว.,เสียงดังเช่นนั้น.
โป้งโย้ง 0,ว.,โป้งโล้ง.
โปงลาง 0,น.,เครื่องดนตรีชนิดหนึ่ง มีลักษณะเป็นท่อนไม้กลมผูกร้อยเรียงกันตามลำดับขนาดและลำดับเสียงเช่นเดียวกับระนาด แต่มีขนาดใหญ่กว่า.
โป้งโล้ง 0,ว.,"โตพองไม่สมส่วน, ไม่กะทัดรัด, โป้งโย้ง ก็ว่า."
โป่งวิด 0,น.,ชื่อนกขนาดเล็กชนิด Rostratula benghalensis (Linn.) ในวงศ์ Rostratulidae ลักษณะทั่วไปคล้ายนกปากซ่อม ปากยาวแหลม วงรอบเบ้าตาและหางตาสีขาว ตัวสีนํ้าตาลลาย ตัวเมียมีขนาดใหญ่และสีเข้มสวยกว่าตัวผู้ เมื่อออกไข่จะปล่อยให้ตัวผู้ฟักไข่ตามลำพัง ทำรังเป็นแอ่งบนพื้นดิน อาศัยอยู่ตามท้องทุ่งที่แฉะ ๆ กินแมลงและสัตว์น้ำขนาดเล็ก.
โป้งโหยง 0,ว.,"จองหอง, เย่อหยิ่ง."
โปฐบท 0,น.,"ชื่อหนึ่งของดาวฤกษ์บุรพภัทรบท มี ๒ ดวง, ดาวแรดตัวผู้ ดาวหัวเนื้อทราย หรือ ดาวปุพพภัททะ ก็เรียก."
โปฐปทมาส 0,น.,เดือนอันประกอบด้วยวันเพ็ญรวมนักษัตรโปฐปทา คือ เดือนภัทรบท ได้แก่ เดือน ๑๐ หรือเดือนกันยายน.
โปดก 0,น.,"ลูกน้อย, ลูกสัตว์."
โปตถกะ 0,น.,"หนังสือที่เขียนหรือจาร, คัมภีร์หนังสือ, เล่มหนังสือ."
โปน 0,ว.,นูนยื่นออกนอกแนวที่อยู่ตามปรกติ.
โป๊ป 0,น.,สันตะปาปา.
โป้ปด 0,ว.,จงใจกล่าวคำที่ไม่จริง.
โปปั่น 0,น.,"ชื่อการพนันอย่างหนึ่ง เล่นโดยเจ้ามือเอาลิ้นโปใส่ลงในฝาครอบโป ไม่ให้คนแทงเห็น ปิดฝาครอบโปแล้วตั้งให้แทง โดยยอมให้คนแทงปั่นโปได้ตามใจชอบ เมื่อเปิด ถ้าลิ้นชักโปซีกขาวตรงกับช่องแต้มไหน ก็นับว่าโปออกแต้มนั้น โปมีประตูสำหรับแทงเพียง ๔ ประตู คือ หน่วย สอง สาม และครบ มีวิธีแทง ๗ วิธี คือ เหม็ง กั๊ก เลี่ยม อ๋อ ชั้ว ถ่อ และ อา, โป ก็เรียก."
โป๊ยเซียน 0,น.,ชื่อไม้พุ่มชนิด Euphorbia milii Des Moul. ในวงศ์ Euphorbiaceae ต้นเป็นเหลี่ยม มีหนามแหลมเรียงเวียนรอบต้น มียางขาว ช่อดอกมีหลายสี เช่น สีแดง ชมพู เหลืองอ่อน.
โป๊ยเซียน 1,น.,ชื่ออาหารอย่างหนึ่ง ใช้ปลาหมึกสด เนื้อไก่ กุ้ง และเครื่องในหมูอีก ๕ อย่าง คือ หัวใจ เซ่งจี๊ ไส้ตัน ตับ และกระเพาะ ผัดรวมกับถั่วงอก ใบขึ้นฉ่าย ปรุงรสด้วยซีอิ๊วขาวและน้ำมันหอย.
โปรแกรม 0,น.,กำหนดการ
โปรแกรม 1,น.,รายการแสดง.
โปรแกรมคอมพิวเตอร์ 0,น.,คำสั่ง ชุดคำสั่ง หรือสิ่งอื่นใดที่นำไปใช้กับเครื่องคอมพิวเตอร์ เพื่อให้เครื่องคอมพิวเตอร์ทำงานหรือเพื่อให้ได้รับผลอย่างหนึ่งอย่างใด.
โปรง 0,น.,ชื่อไม้ต้น ๒ ชนิดในสกุล Ceriops วงศ์ Rhizophoraceae ใช้ทำฟืนและถ่านชนิดดี คือ โปรงขาว [ C. decandra (Griff.) Ding Hou] และโปรงแดง [ C. tagal (Perr.)C.B. Rob.].
โปร่ง 0,ว.,"มีลักษณะว่างหรือเปิดเป็นช่อง, ไม่ทึบ, เช่น ใต้ถุนโปร่ง ที่โปร่ง ป่าโปร่ง"
โปร่ง 1,ว.,แจ่มใสไม่อึดอัด เช่น สมองโปร่ง.
โปร่งเปร่ง 0,ก.,"โหรงเหรง, ไม่เต็มที่."
โปร่งฟ้า 0,น.,ชื่อไม้เถามีรากสะสมอาหารชนิด Asparagus setaceus (Kunth) Jessop ในวงศ์ Asparagaceae กิ่งเป็นเส้นเล็กละเอียดโปร่ง ออกเป็นแผงคล้ายใบ ใบเป็นเกล็ดเล็กสีน้ำตาลอ่อน ปลูกเป็นไม้ประดับ.
โปร่งแสง 0,ว.,มีสมบัติที่แสงผ่านได้.
โปร่งใส 0,ว.,มีสมบัติที่แสงผ่านได้และมองเห็นได้ตลอด.
โปรด 0,ก.,"ถูกใจหรือพอใจมาก เช่น โปรดสิ่งสวยงาม, แสดงความเมตตากรุณาโดยปลดเปลื้องความเดือดร้อนเป็นต้น เช่น โปรดข้าพเจ้าสักครั้ง, ใช้ประกอบหน้ากริยา แสดงความขอร้องอย่างสุภาพ เช่น โปรดนั่งนิ่ง ๆ."
โปรด 1,ว.,ที่ถูกใจหรือพอใจมาก เช่น คนโปรด ของโปรด.
โปรดปราน 0,ก.,"เอ็นดู, รักใคร่."
โปรดสัตว์ 0,ก.,"สงเคราะห์สัตว์, (ปาก) เรียกลักษณะที่พระออกรับบิณฑบาต ว่า พระไปโปรดสัตว์."
โปรดสัตว์ได้บาป 0,ก.,"ทำดีแต่กลับได้ชั่ว, มักพูดเข้าคู่กับ ทำคุณบูชาโทษ ว่า ทำคุณบูชาโทษ โปรดสัตว์ได้บาป."
โปรตอน 0,น.,อนุภาคมูลฐานชนิดหนึ่ง ซึ่งเป็นองค์ประกอบของนิวเคลียสแห่งอะตอมของธาตุทุกชนิด อนุภาคนี้มีประจุไฟฟ้าบวก มีมวล ๑.๖๗๒๕๒ x ๑๐-^๒๗ กิโลกรัม.
โปรตีน 0,น.,สารประกอบอินทรีย์เชิงซ้อนของไนโตรเจน มีโมเลกุลขนาดใหญ่ประกอบด้วยกรดแอมิโนหลายชนิดเชื่อมโยงกัน เป็นสารประกอบที่สำคัญยิ่งต่อสิ่งมีชีวิตทุกชนิดซึ่งจำเป็นต้องใช้เพื่อสร้างเนื้อเยื่อของร่างกาย.
โปรเตสแตนต์ 0,น.,ชื่อนิกายหนึ่งในคริสต์ศาสนา ไม่ยกย่องบูชาแม่พระและนักบุญ ถือว่าศาสนิกชนทุกคนเป็นพระและเป็นตัวแทนของพระเยซูเท่าเทียมกัน ไม่นิยมประดิษฐานรูปเคารพใด ๆ ไม่มีรูปพระเยซูถูกตรึงไม้กางเขน มีเฉพาะไม้กางเขนเท่านั้นเป็นสัญลักษณ์.
โปรแทรกเตอร์ 0,น.,"เครื่องมือวัดมุม มักทำเป็นรูปครึ่งวงกลม, ถ้าเป็นไม้บรรทัด ใช้วัดมุมได้ เรียกว่า ไม้โปรแทรกเตอร์."
โปรย 0,ก.,"ตกลงมาเป็นเม็ด ๆ กระจายทั่วไป เช่น ฝนโปรย, ทำให้ตกลงมาด้วยอาการคล้ายคลึงเช่นนั้น เช่น โปรยข้าวตอกดอกไม้."
โปรยทาน 0,ก.,"ให้ทานโดยวิธีหว่านหรือโปรยสตางค์หรือเหรียญ, ทิ้งทาน ก็ว่า."
โปรยปราย 0,ว.,หว่านล้อม (ใช้แก่กริยาพูด)
โปรยปราย 1,ว.,หว่านไปทั่ว ๆ.
โปรีสภา 0,น.,เรียกศาลชั้นตํ่าในกรุงเทพมหานคร ปัจจุบันคือ ศาลแขวง.
โปล่ง 0,ก.,โล่ง.
โปลิโอ 0,น.,"โรคกล้ามเนื้อลีบและอ่อนแรงหรือเป็นอัมพาต เพราะประสาทไขสันหลังอักเสบเนื่องจากเชื้อไวรัสประเภทหนึ่ง ซึ่งเรียกว่า โปลิโอไวรัส, โรคไขสันหลังอักเสบ ก็เรียก."
โปโล 0,น.,การเล่นแข่งขันอย่างหนึ่ง โดยขี่ม้าตีลูกกลมด้วยไม้.
โปโล 1,น.,เสื้อคอเชิ้ต ผ่าอกลึกลงมาประมาณ ๒๐ เซนติเมตร.
โปโลน้ำ 0,น.,ชื่อกีฬาชนิดหนึ่งที่เล่นในน้ำ โดยมีผู้เล่นซึ่งเป็นนักว่ายน้ำฝ่ายละ ๗ คน พาลูกบอลด้วยการโยนหรือขว้างลูกบอลให้เข้าประตูของฝ่ายตรงข้าม.
โปส 0,น.,บุรุษ.
โปสก 0,น.,คนผู้เลี้ยงดู.
โปสต์การ์ด 0,น.,แผ่นกระดาษหนาพอประมาณด้านหนึ่งมักเป็นภาพ อีกด้านหนึ่งสำหรับเขียนข้อความ และติดไปรษณียากรเพื่อส่งทางไปรษณีย์ โดยไม่ต้องบรรจุซอง.
โปสต์การ์ด 1,ว.,เรียกขนาดภาพถ่ายเป็นต้น ที่มีความกว้างยาวประมาณ ๓'x๕' ว่า ขนาดโปสต์การ์ด.
โปสาวนิกมูล 0,น.,"ค่าเลี้ยงดู, ค่าข้าวป้อน."
โปะ 0,ก.,พอกเข้าไป เช่น เอาดินโปะ
โปะ 1,ก.,"เพิ่ม, ทุ่ม, เช่น โปะเงินลงไป."
โป๊ะ 0,น.,"ที่สำหรับดักปลาทะเล ทำด้วยเสาไม้จริงปักเป็นวง ใช้ไม้ไผ่ทำเป็นเฝือกกรุข้างใน มีประตูตรงกลาง ข้างประตูโป๊ะใช้เสาไม้จริงปักยาวเหยียดออกไปทั้ง ๒ ข้าง เพื่อกั้นปลาให้ว่ายเลียบเลาะมาเข้าโป๊ะ เรียกว่า ปีกโป๊ะ, ลักษณนามว่า ปาก หรือ ลูก"
โป๊ะ 1,น.,เรียกเรือสำหรับจับปลาในโป๊ะ ว่า เรือโป๊ะ
โป๊ะ 2,น.,ทุ่นสำหรับเทียบเรือเพื่อขนถ่ายสินค้าหรือให้คนขึ้นลง
โป๊ะ 3,น.,เครื่องครอบตะเกียงเพื่อบังลมหรือบังคับแสงไฟ.
โป๊ะ 4,น.,เรือโป๊ะจ้าย.
โป๊ะจ้าย 0,น.,"เรือลำเลียงหรือบรรทุกของชนิดหนึ่ง เป็นเรือขนาดใหญ่ ต่ออย่างแบบตะวันตก แต่มีเสาเพลาใบเป็นอย่างสำเภา, เรือโป๊ะ ก็เรียก."
โป๊ะแตก 0,น.,ชื่ออาหารอย่างหนึ่ง ใช้ของทะเล เช่น หอยแมลงภู่สด ปลากะพง ปูม้า ปลาหมึก กุ้ง ต้มในน้ำเดือดซึ่งมีตะไคร้ ใบมะกรูด หัวหอม รากผักชี ปรุงรสเปรี้ยวเค็มด้วยมะขามหรือมะนาว น้ำปลา พริกขี้หนู พริกแห้งเผา.
ไป 0,ก.,"เคลื่อนจากตัวผู้พูด เช่น เขาไปตลาด เขาเข็นเรือไม่ไปเพราะเรือเกยตื้น, ใช้ตรงข้ามกับ มา, เป็นคำประกอบกริยาแสดงทิศทางออกจากตัวผู้พูด เช่น เขาเดินไปโรงเรียน, ในการเขียนจดหมายทางการ ใช้แสดงทิศทางออกจากตัวผู้ที่เขียนถึง เช่น ผมขอให้คุณเดินทางไปหาผมวันอาทิตย์นี้, หรือเป็นคำประกอบกริยามีความหมายว่า เรื่อยไป, ไม่หยุด, เช่น ทำไปกินไป, เป็นคำประกอบท้ายคำวิเศษณ์เพื่อเน้นความหมายให้หนักแน่นยิ่งขึ้น เช่น ขาวไป ช้าไป ดีเกินไป."
ไป่ 0,ว.,ไม่.
ไป๋ 0,ว.,"ไถลไป, เฉไป, มักใช้เข้าคู่กับคำ เป๋ เป็น ไป๋เป๋ หรือ เป๋ไป๋."
ไป ๆ มา ๆ 0,ว.,"ในที่สุด, ผลสุดท้าย, เช่น ไป ๆ มา ๆ ก็ต้องมาขอเงินพ่อใช้."
ไปค้าถ่าน 0,ก.,ตาย.
ไปตายดาบหน้า 0,ก.,ยอมไปเผชิญกับความทุกข์และความลำบากข้างหน้า.
ไปตายเอาดาบหน้า 0,ก.,ยอมไปเผชิญกับความทุกข์และความลำบากข้างหน้า.
ไปทุ่ง 0,ก.,"ไปถ่ายอุจจาระ, ไปขี้."
ไปมาหาสู่ 0,ก.,ไปเยี่ยมเยียน เช่น เขาไปมาหาสู่ญาติที่ต่างจังหวัดบ่อย ๆ.
ไปย- 0,น.,เครื่องดื่ม.
ไปยาล 0,น.,"เครื่องหมายละคำ รูปดังนี้ ฯ เรียกว่า ไปยาลน้อย สำหรับละคำที่ประกอบคำหน้า เช่น กรุงเทพฯ โปรดเกล้าฯ, รูปดังนี้ ฯลฯ หรือ ฯเปฯ เรียกว่า ไปยาลใหญ่ สำหรับละข้อความข้างท้าย เช่น ในป่ามีช้าง เสือ ลิง ค่าง ฯลฯ อ่านว่า “ละ”, หรือละข้อความในระหว่าง เช่น เพลงสรรเสริญพระบารมีว่า ข้าวรพุทธเจ้า ฯลฯ ดุจถวายชัย ชโย อ่านว่า “ละถึง”, เปยยาล ก็เรียก."
ไปรษณีย์ 0,น.,วิธีการส่งหนังสือและหีบห่อสิ่งของเป็นต้นโดยมีองค์การที่ตั้งขึ้นเป็นเจ้าหน้าที่รับส่ง.
ไปรษณีย- 0,น.,วิธีการส่งหนังสือและหีบห่อสิ่งของเป็นต้นโดยมีองค์การที่ตั้งขึ้นเป็นเจ้าหน้าที่รับส่ง.
ไปรษณียนิเทศ 0,น.,สมุดกฎข้อบังคับ คำสั่ง หรือประกาศว่าด้วยการไปรษณีย์ทั่วไป.
ไปรษณียบรรณ 0,น.,"แผ่นกระดาษที่ผนึกสำหรับใช้เขียนจดหมายส่งทางไปรษณีย์, ปัจจุบันใช้ ไปรษณีย์อากาศ."
ไปรษณียบัตร 0,น.,แผ่นกระดาษที่ใช้ส่งข่าวสารโดยไม่ต้องบรรจุซองซึ่งองค์การที่มีหน้าที่จัดส่งเป็นผู้จัดทำขึ้น.
ไปรษณียภัณฑ์ 0,น.,ข่าวสารหรือสิ่งของที่ส่งทางไปรษณีย์ มีขนาดเล็กและมีนํ้าหนักน้อยกว่าพัสดุไปรษณีย์
ไปรษณียภัณฑ์ 1,น.,จดหมาย ไปรษณียบัตร ไปรษณียบัตรตอบรับหนังสือกิติยคดี ตัวอย่างหรือแบบสินค้า ของตีพิมพ์ทุกชนิด หนังสือพิมพ์ลงทะเบียน ห่อจดหมาย ห่อพัสดุ ธนาณัติ เช็คไปรษณีย์ หรือวัตถุอย่างอื่นที่นำมาใช้ในการสื่อสารไปรษณีย์.
ไปรษณีย์รับรอง 0,น.,ไปรษณีย์พิเศษอย่างหนึ่งซึ่งรับฝากและนำจ่ายไปรษณียภัณฑ์โดยมีหลักฐานการรับฝากและนำจ่ายใช้เฉพาะกิจการไปรษณีย์ในประเทศเท่านั้น.
ไปรษณียวัตถุ 0,น.,พัสดุไปรษณีย์.
ไปรษณียากร 0,น.,"ดวงตราไปรษณียากร, แสตมป์ ก็เรียก"
ไปรษณียากร 1,น.,ค่าธรรมเนียมที่ต้องเสียสำหรับส่งไปรษณียภัณฑ์ทางไปรษณีย์.
ไปล่ 0,ว.,"ผาย, แบะ, เช่น ชามปากไปล่, แปล้, เลยไป, เช่น ผมไปล่."
ไปล่ปลิว 0,ก.,"ขจรไป เช่น ทรงนํ้ามันกันไรไปล่ปลิว (อิเหนา), เชิดขึ้นไปคล้ายเส้นขอบนอกชามปากไปล่."
ไปลาด 0,ก.,"ไปตระเวน, ไปคอยตรวจเหตุการณ์."
ไปวัดไปวาได้ 0,ว.,มีรูปร่างหน้าตาดีพอจะอวดเขาได้.
ไปศาจ 0,น.,ปิศาจ เช่น ก็ยังไปศาจผีเสื้อเนื้อแลนก (ม. คำหลวง วนปเวสน์).
ไปไหนมาสามวาสองศอก 0,ก.,ถามอย่างหนึ่งตอบไปอีกอย่างหนึ่ง.
ไปอย่างน้ำขุ่น ๆ 0,ก.,พูดแก้ตัวหลบเลี่ยงไปอย่างข้าง ๆ คู ๆ.
