คำ,POS,ความหมาย
ช 0,?,พยัญชนะตัวที่ ๑๐ เรียกว่า ชอ ช้าง เป็นอักษรต่ำ ใช้เป็นพยัญชนะต้น และเป็นตัวสะกดในมาตรากดหรือแม่กด เช่น ราช คช กริช แซนด์วิช.
ช 1,*ว.,"ในภาษาบาลีและสันสกฤต ถ้าใช้ประกอบท้ายคำบางคำ แปลว่า เกิด เช่น บงกช ว่า เกิดในเปือกตม หมายถึง บัว, วาริช ว่า เกิดในน้ำ หมายถึง ปลา, ทวิช ว่า เกิด ๒ ครั้ง หมายถึง พราหมณ์, นก."
ชก 0,ก.,กำหมัดแล้วพุ่งตรงไปยังที่หมาย เช่น ชกหน้า.
ชกมวย 0,ก.,ใช้หมัดต่อยกันตามกติกา.
ชกมวย 1,น.,ชื่อกีฬาประเภทหนึ่ง ที่คู่ชกชกกันตามกติกา.
ชกมวย 2,น.,ชื่อเพลงไทย อัตรา ๒ ชั้น หน้าทับปรบไก่.
ชกลม 0,ก.,กำหมัดแล้วพุ่งออกไป เป็นการออกกำลังกายอย่างหนึ่ง.
ชกา 0,น.,นกสาลิกา.
ชค- 0,น.,แผ่นดิน เช่น ชคสัตว์ ว่า สัตว์ที่อาศัยแผ่นดิน.
ชคดี 0,น.,แผ่นดิน เช่น แลเนืองนองด้วยมนุษยชาติ เดียรดาษชคดี (ม. คำหลวง วนปเวสน์).
ชคัตตรัย 0,น.,โลก ๓ เช่น ชคัตตรยาพดง ว่า ผู้เป็นยอดของโลก ๓ (ม. คำหลวง วนปเวสน์).
ชง 0,ก.,"เทนํ้าร้อนลงบนใบชาหรือสมุนไพรบางชนิดเป็นต้น เพื่อสกัดสาร กลิ่น หรือรสที่ต้องการ เช่น ชงชาจีน ชงชาดอกคำฝอย, ใช้น้ำร้อนทำให้ละลาย เช่น ชงนม, เทน้ำร้อนจากกาลงในภาชนะอื่น ในคำว่า ชงน้ำร้อน เช่น ชงน้ำร้อนใส่กระติก."
ชงคา 0,น.,"คำสั่ง, คำพูด, เช่น ชุลีกรรับชงคาครรไล (นิ. เกาะแก้วกัลกตา)."
ชงโค 0,น.,ชื่อไม้ต้นขนาดกลางชนิด Bauhinia purpurea L. ในวงศ์ Leguminosae ดอกสีชมพูอมแดงหรือม่วงแดง.
ชงโคดอกเหลือง 0,น.,"ชื่อพรรณไม้ ๒ ชนิดในวงศ์ Leguminosae ปลายใบเว้าลึกเป็น ๒ แฉก คือ ชนิด Bauhiniamonandra Kurz เป็นไม้ต้น ดอกสีขาวนวล มีลายสีชมพู ออกเป็นช่อสั้น ๆ และชนิด B. tomentosa L. เป็นไม้พุ่ม ดอกสีเหลือง ห้อยลง, ชงโคดอกเหลือง ก็เรียก."
ชงฆ์ 0,น.,"แข้ง, ราชาศัพท์ว่า พระชงฆ์."
ชงฆ- 0,น.,"แข้ง, ราชาศัพท์ว่า พระชงฆ์."
ชงฆา 0,น.,"แข้ง, ราชาศัพท์ว่า พระชงฆ์."
ชงโลง 0,น.,"เครื่องมือชนิดหนึ่งสำหรับวิดน้ำ ลักษณะคล้ายลูกฟักผ่าซีกและตัดครึ่ง สานด้วยไม้ไผ่ มีคันยาวต่อออกไปทางท้ายสำหรับจับ ผูกโยงแขวนไว้กับขาหยั่ง แล้วจับคันจ้วงน้ำสาดออกไปยังที่ที่ต้องการ, ชงโลง ก็ว่า, อีสานเรียก กะโซ้, พายัพเรียก กระโจ้, ปักษ์ใต้เรียก โพง."
ชงโลง 1,น.,"ชื่อปลาน้ำจืดชนิด Hemibagrus nemurus (Valenciennes) ในวงศ์ Bagridae ไม่มีเกล็ด หัวแบน หนวดยาวถึงครีบก้น ข้างลำตัวสีเหลือง ด้านหลังสีน้ำตาลดำ มีชุกชุมทั่วไป แม้ในเขตน้ำกร่อยใกล้ปากแม่น้ำ ขนาดยาวได้ถึง ๖๕ เซนติเมตร, กดขาว หรือ ชงโลง ก็เรียก."
ชฎา 0,น.,เครื่องสวมศีรษะ รูปคล้ายฝาชี มียอดยาวเรียวแหลม.
ชฎากลีบ 0,น.,เครื่องราชศิราภรณ์อย่างหนึ่ง มีวงขอบเป็นอย่างมาลัยรักร้อย ตอนบนเป็นจอมรูปกรวย มีมาลัยรักร้อยคั่นอีกชั้นหนึ่ง ยอดสูงเรียว ปลายมีลักษณะเป็นกลีบ ๕ กลีบ เรียกว่า พระชฎากลีบ.
ชฎาเดินหน 0,น.,เครื่องราชศิราภรณ์อย่างหนึ่ง ลักษณะคล้ายพระชฎากลีบ แต่ปลายไม่มีกลีบและปัดไปทางด้านหลังเล็กน้อย ปักพระยี่ก่าข้างซ้าย เรียกว่า พระชฎาเดินหน.
ชฎาธาร 0,น.,ผู้ทรงไว้ซึ่งชฎา.
ชฎาพอก 0,น.,ลอมพอกที่ประดับมาลัยรักร้อย และมีเกี้ยวรัดรอบส่วนที่ต่อขึ้นไปเป็นปลายชฎา.
ชฎามหากฐิน 0,น.,เครื่องราช-ศิราภรณ์อย่างหนึ่ง ลักษณะเป็นจอมรวบขึ้นไปตั้งแต่มาลัยรักร้อย ปลายยาวเรียวปัดไปทางด้านหลังเล็กน้อย ปักพระยี่ก่าข้างซ้าย เรียกว่า พระชฎามหากฐิน.
ชฎามังษี 0,น.,"โกฐชฎามังษี. (ดู โกฐชฎามังษี, โกฐชฎามังสี ที่ โกฐ)."
ชฎามังสี 0,น.,"โกฐชฎามังษี. (ดู โกฐชฎามังษี, โกฐชฎามังสี ที่ โกฐ)."
ชฎาห้ายอด 0,น.,เครื่องราชศิราภรณ์อย่างหนึ่ง ลักษณะคล้ายพระชฎากลีบ ปลายทำเป็นอย่างกระหนกหางไหล ๕ เส้นสะบัดไปทางด้านหลัง มีพระยี่ก่า ใบสน หรือขนนกการเวก เป็นเครื่องประดับประกอบพระอิสริยยศ เรียกว่า พระชฎาห้ายอด.
ชฎิล 0,น.,"ผู้มีผมมุ่นเป็นชฎา, นักพรตพวกหนึ่งที่เราเรียกว่า ฤษี."
ชด 0,ก.,ทำให้ชุ่มชื่น
ชด 1,ก.,ใช้แทนที่เสียไป.
ชด 2,ว.,"อ่อน, ช้อย, เช่น ขาอ่อนชด (ปรัดเล), ชดกรกระลึง กุมแสง (ลอ), งอนอย่างงอนรถ เช่น เรือนแปรกแอกงอนอ่อนชด (อุณรุท)."
ชดช้อย 0,ว.,"อ่อนช้อย เช่น กิริยาชดช้อย, มีลักษณะกิริยาท่าทางงดงาม เช่น คนชดช้อย, ช้อยชด หรือ กระชดกระช้อย ก็ว่า."
ชดเชย 0,ก.,"ใช้แทนสิ่งที่เสียไป, เพิ่มเติม."
ชดใช้ 0,ก.,"ใช้ค่าใช้จ่ายที่ทดรองจ่ายไปก่อนแล้ว, ให้ทดแทนสิ่งที่ใช้หรือเสียไป."
ชทึง 0,น.,"แม่นํ้า เช่น ชลชทึงบึงบาง (ประกาศพระราชพิธี), ใช้ว่า จทึง ฉทึง ชรทึง สทิง สทึง หรือ สรทึง ก็มี."
ชน- 0,น.,คน (มักใช้ในภาษาหนังสือ).
ชน 0,ก.,ชิดจนติด เช่น ตั้งตู้ชนฝา
ชน 1,ก.,บรรจบ เช่น ชนขวบ
ชน 2,ก.,"กระทบ, กระแทก, ปะทะ, เช่น รถยนต์ชนต้นไม้"
ชน 3,ก.,ให้ต่อสู้กัน เช่น ชนโค ชนไก่.
ชน 4,น.,เรียกไก่อูชนิดหนึ่งที่เลี้ยงไว้ชนกัน ว่า ไก่ชน.
ชน 5,น.,คน (มักใช้ในภาษาหนังสือ).
ชนก 0,น.,"ชายผู้ให้กำเนิด, พ่อ, คู่กับ ชนนี."
ชนก- 0,น.,"ชายผู้ให้กำเนิด, พ่อ, คู่กับ ชนนี."
ชนกกรรม 0,น.,กรรมอันนำให้เกิดหรือกรรมอันเป็นต้นเค้าทั้งข้างดีหรือข้างชั่ว เช่น กรรมอันทำให้เกิดเป็นคนชั้นสูง เป็นชนกกรรมฝ่ายกุศล (อรรถศาสน์).
ชนกลุ่มน้อย 0,น.,ชนต่างเผ่าหรือต่างเชื้อชาติที่อยู่อาศัยรวมกันกับชนเผ่าอื่นหรือเชื้อชาติอื่นที่มีจำนวนมากกว่า.
ชนช้าง 0,ก.,ไสช้างเข้าปะทะกัน.
ชนนี 0,น.,"หญิงผู้ให้กำเนิด, แม่, คู่กับ ชนก."
ชนบท 0,น.,"บ้านนอก, เขตแดนที่พ้นจากเมืองหลวงออกไป."
ชนม์ 0,น.,การเกิด.
ชนม- 0,น.,การเกิด.
ชนม์ชีพ 0,น.,"ชีวิต, ใช้ว่า พระชนม์ชีพ."
ชนมพรรษา 0,น.,"อายุที่นับเต็มปี, ใช้ว่า พระชนมพรรษา."
ชนมาพิธี 0,น.,"อายุ, กำหนดอายุ, เช่น ครั้นว่าจะสิ้นชนมาพิธีแล้วก็เสด็จเข้าสู่นฤพานแล (ไตรภูมิ), ก็อยู่จนสิ้นชนมายุพิธี ในธรณีดลน้นน (ม. คำหลวง ทศพร)."
ชนมายุพิธี 0,น.,"อายุ, กำหนดอายุ, เช่น ครั้นว่าจะสิ้นชนมาพิธีแล้วก็เสด็จเข้าสู่นฤพานแล (ไตรภูมิ), ก็อยู่จนสิ้นชนมายุพิธี ในธรณีดลน้นน (ม. คำหลวง ทศพร)."
ชนวน 0,น.,ชื่อหินชนิดหนึ่งเป็นแผ่นบาง ๆ ซ้อนติดกัน เนื้อแน่นและละเอียด มีสีต่าง ๆ กัน ตั้งแต่สีเทาไปจนถึงสีเทาแก่ สีดำ สีน้ำเงิน ที่มีสีแดง สีเขียว สีม่วง ก็มี
ชนวน 1,น.,เรียกแผ่นหินชนวนหน้าเรียบรูปสี่เหลี่ยมผืนผ้า เข้ากรอบไม้ ใช้เขียนด้วยดินสอหินซึ่งทำด้วยหินชนวนตัดและฝนเป็นแท่ง สำหรับฝึกเขียนหนังสือในสมัยก่อน ว่า กระดานชนวน.
ชนวน 2,น.,"ดินหูที่ใช้จุดให้ไฟลุกแล่นเข้าไปติดดินดำ, ถ้ามีกระดาษห่อดินปืนม้วนเป็นเส้น เรียกว่า สายชนวน"
ชนวน 3,น.,เรียกเทียนที่จุดไว้เพื่อใช้จุดต่อ ว่า เทียนชนวน
ชนวน 4,น.,โดยปริยายหมายความว่า ต้นเหตุให้เกิดเรื่องอื่นขึ้นต่อไป เช่น ชนวนสงคราม.
ชนวน 5,น.,"ชื่อไม้ต้นขนาดกลางชนิด Dalbergia nigrescens Kurz ในวงศ์ Leguminosae เนื้อไม้อ่อน ไม่ทนทาน, สนวน หรือ ชนวน ก็เรียก."
ชนหมู่น้อย 0,น.,ชนต่างเผ่าหรือต่างเชื้อชาติที่อยู่อาศัยรวมกันกับชนเผ่าอื่นหรือเชื้อชาติอื่นที่มีจำนวนมากกว่า.
ชนหิน 0,น.,ชื่อนกเงือกขนาดใหญ่ชนิด Rhinoplax vigil (Forster) ในวงศ์ Bucerotidae ปากใหญ่สีเหลือง บนส่วนท้ายของขากรรไกรบนมีโหนกแข็งสีแดง ส่วนด้านหน้าตัน คอสีน้ำตาลแดง ลำตัวและปีกสีดำ ขอบปีกสีขาว หางสีขาวมีคาดสีดำ ขนหางตอนกลางยื่นยาวเป็นคู่ออกไปมีสีขาวตอนปลายคาดดำ พบทางภาคใต้.
ชนะ 0,ก.,ทำให้อีกฝ่ายหนึ่งพ่ายแพ้.
ชนะ 1,น.,ชื่อกลองสองหน้า ลักษณะคล้ายกลองแขกหรือกลองมลายู ตีด้วยไม้ปลายงอ เป็นเครื่องประโคมของหลวง มีกลองชนะทอง เงิน เขียว หรือแดง ใช้ตีตามลำดับอิสริยยศและบรรดาศักดิ์.
ชนัก 0,น.,"เครื่องแทงสัตว์ชนิดหนึ่ง ทำด้วยเหล็กปลายเป็นเงี่ยงข้างเดียว มีด้ามยาว มีเชือกพันด้ามไว้ใช้ชักกลับ ใช้แทงจระเข้เป็นต้น, ราชาศัพท์ว่า พระแสงชนัก หรือ ชนักต้น"
ชนัก 1,น.,เครื่องผูกคอช้างทำด้วยเชือกเป็นปมหรือห่วงห้อยพาดลงมา เพื่อให้คนที่ขี่คอใช้หัวแม่เท้าคีบกันตก.
ชนักต้น 0,น.,เครื่องผูกคอช้างทำด้วยเชือกเป็นปมหรือห่วงห้อยพาดลงมา เพื่อให้คนที่ขี่คอใช้หัวแม่เท้าคีบกันตก.
ชนักติดหลัง 0,น.,ความชั่วหรือความผิดที่ยังติดตัวอยู่.
ชนา 0,น.,ชน เช่น เอาลวดถักคั่นกันชนา (นิ. เกาะแก้วกัลกตา).
ชนาง 0,น.,เครื่องมือใช้ช้อนจับปลาในที่น้ำตื้น สานด้วยไม้ไผ่เป็นตาโปร่ง ๆ ปากผายกว้าง ก้นสอบแหลม.
ชนิด 0,น.,อย่าง เช่น มี ๒ ชนิด คนชนิดนี้.
ชนินทร์ 0,น.,ผู้เป็นใหญ่ในหมู่ชน.
ชเนตตี 0,น.,แม่ เช่น ชเนตตีสมะนามกร (ฉันท์วรรณพฤติ).
ชบา 0,น.,ชื่อไม้พุ่มชนิด Hibiscus rosasinensisL. ในวงศ์ Malvaceae ดอกมีสีต่าง ๆ พันธุ์ที่สีแดงดอกและยอดใช้ทำยาได้.
ชบาแคระ 0,น.,"ชื่อไม้พุ่ม ๒ ชนิด ในสกุล Malvaviscus วงศ์ Malvaceae ลักษณะคล้ายดอกชบาแต่ดอกเล็กกว่าและไม่บาน ชนิด M. arboreus Cav. ดอกตั้ง, ชบาแคระ ก็เรียก, ชนิด M. penduliflorusDC . ดอกห้อยลง, ชบาร่ม ก็เรียก."
ชบาร่ม 0,น.,"ชื่อไม้พุ่ม ๒ ชนิด ในสกุล Malvaviscus วงศ์ Malvaceae ลักษณะคล้ายดอกชบาแต่ดอกเล็กกว่าและไม่บาน ชนิด M. arboreus Cav. ดอกตั้ง, ชบาแคระ ก็เรียก, ชนิด M. penduliflorusDC . ดอกห้อยลง, ชบาร่ม ก็เรียก."
ชบาหนู 0,น.,"ชื่อไม้พุ่ม ๒ ชนิด ในสกุล Malvaviscus วงศ์ Malvaceae ลักษณะคล้ายดอกชบาแต่ดอกเล็กกว่าและไม่บาน ชนิด M. arboreus Cav. ดอกตั้ง, ชบาแคระ ก็เรียก, ชนิด M. penduliflorusDC . ดอกห้อยลง, ชบาร่ม ก็เรียก."
ชปโยค 0,น.,มนตร์กระซิบ เช่น สมมุขบ่ายบูชา ชปโยค (เฉลิมพระเกียรติพระนารายณ์).
ชม 0,ก.,"สรรเสริญ, ยกย่อง"
ชม 1,ก.,"ดู เช่น เชิญชมของในร้าน, ดูเพื่อให้เกิดความเพลิดเพลินใจหรือชื่นใจ เช่น ชมสวน ชมดอกไม้."
ชมชัว 0,ก.,"ชื่นชม, รื่นรมย์, เช่น สองฟากนํ้าพลชมชัว (สมุทรโฆษ), ชัวชม ก็ว่า."
ชมชาญ 0,ก.,"เหิม, รื่นเริง, เช่น เสียงโห่เอาชัยชมชาญ (สมุทรโฆษ)."
ชมเชย 0,ก.,"ยกย่อง, สรรเสริญ"
ชมเชย 1,ก.,แสดงกิริยาเสน่หา เช่น จักปราไสสอง ทรามรัก เล็งพระภักตร์แล้วชมเชย (ม. คำหลวง หิมพานต์).
ชมไช 0,ก.,"ชื่นชมยินดี, รื่นเริง, เช่น พนคณนกหคชมไช (ม. คำหลวง มหาพน)."
ชมดชม้อย 0,ก.,ช้อนตาชำเลืองด้วยทีท่าชดช้อย.
ชมนาด 0,น.,"ชื่อไม้เถาชนิด Vallaris glabra (L.) Kuntze ในวงศ์ Apocynaceae ดอกสีขาวเป็นช่อ กลิ่นเหมือนข้าวใหม่, ดอกข้าวใหม่ ก็เรียก, เขียนเป็น ชำมะนาด ก็มี."
ชมบ 0,น.,"ผีผู้หญิงที่ตายในป่าและสิงอยู่ในบริเวณที่ตาย มีรูปเห็นเป็นเงา ๆ แต่ไม่ทำอันตรายใคร, ฉมบ หรือ ทมบ ก็ว่า."
ชมเปาะ 0,ก.,"ชมไม่ขาดปาก, ชมด้วยความจริงใจ."
ชมพู่ 0,น.,ชื่อไม้ต้นขนาดกลางหลายชนิดในสกุล Syzygiumวงศ์ Myrtaceae ผลกินได้ เช่น ชมพู่แก้มแหม่ม [ S. samarangense (Blume) Merr. et L. M. Perry var. samarangense] ชมพู่นํ้าดอกไม้ [ S. jambos (L.) Alston] ชมพู่สาแหรก [ S. malaccensis (L.) Merr. et L. M. Perry].
ชมพู 0,น.,ไม้หว้า.
ชมพู 1,ว.,"สีแดงอ่อน, สีแดงเจือขาว."
ชมพูทวีป 0,น.,ดินแดนที่เป็นประเทศอินเดีย ปากีสถาน เนปาล และบังกลาเทศในปัจจุบัน
ชมพูทวีป 1,น.,ทวีปใหญ่อยู่ทางทิศใต้ของเขาพระสุเมรุ เป็นทวีป ๑ ใน ๔ ทวีป ได้แก่ อุตรกุรุทวีปหรืออุตรกุรูทวีป บุพวิเทหทวีป ชมพูทวีป และอมรโคยานทวีปหรืออปรโคยานทวีป.
ชมพูนท 0,น.,"ชื่อทองคำเนื้อบริสุทธิ์ที่กล่าวอยู่ในไตรภูมิพระร่วงว่าเกิดจากผลหว้าที่ตกลงกลางแม่น้ำในชมพูทวีป, ชัมพูนท หรือ ชามพูนท ก็ว่า."
ชมพูนุท 0,น.,"ชื่อทองคำเนื้อบริสุทธิ์ที่กล่าวอยู่ในไตรภูมิพระร่วงว่าเกิดจากผลหว้าที่ตกลงกลางแม่น้ำในชมพูทวีป, ชัมพูนท หรือ ชามพูนท ก็ว่า."
ชมพูพาดบ่า 0,น.,ท่ารำท่าหนึ่งแห่งหมอช้าง รำเมื่อนำช้างบำรูงาเสร็จครั้งแรกแล้ว.
ชมรม 0,น.,"โรงที่พักพระยายืนชิงช้าในพิธีโล้ชิงช้า เช่น นำพระยาไปที่ชมรม โรงชมรมนั้นทำเปนปรำไม้ไผ่ ดาดผ้าขาวเปนเพดาน มีม่านสามด้าน กลางชมรมตั้งราวไม้ไผ่หุ้มผ้าขาวสำหรับนั่งราวหนึ่ง สำหรับพิงราวหนึ่ง (สิบสองเดือน), โรงที่พักชั่วคราวของกลุ่มบุคคล, โชมโรม ก็ว่า."
ชมรม 1,น.,ที่ประชุมของกลุ่มบุคคลที่มีจุดประสงค์เพื่อประโยชน์บางประการร่วมกัน เช่น ชมรมวรรณศิลป์ ชมรมพระเครื่อง.
ชมเลาะ 0,ก.,ทะเลาะ เช่น ความชมเลาะกันก็จแรก (ม. คำหลวง วนปเวสน์).
ชมสวนสวรรค์ 0,น.,ชื่อเพลงไทยสำเนียงจีน อัตรา ๒ ชั้น
ชมสวนสวรรค์ 1,น.,ชื่อเพลงไทยประเภทเพลงเถา.
ชมแสงจันทร์ 0,น.,ชื่อเพลงไทยประเภทเพลงเถา.
ชมแสงทอง 0,น.,ชื่อเพลงไทยประเภทเพลงเถา.
ชม้อย 0,ก.,ช้อนตาชำเลืองดูเพื่อเรียกร้องให้สนใจ.
ชมัน 0,ก.,"ชื่อไม้ต้นขนาดใหญ่ชนิด Bhesa robusta (Roxb.) Ding Hou ในวงศ์ Celastraceae ลำต้นแดงคลํ้า ใบยาวปลายแหลม เลื่อมเป็นมัน, ประดงแดง กระบกคาย ชมัน ละโมก หรือ พรมคด ก็เรียก."
ชมา 0,น.,แมว.
ชม้าย 0,ก.,ชายหางตาดูด้วยความสนใจ.
ชไม 0,ว.,"ทั้งคู่, ทั้ง ๒."
ชย 0,น.,"การชนะ. (ป., ส.). (ดู ชัย)."
ชย- 0,น.,"การชนะ. (ป., ส.). (ดู ชัย)."
ชยา 0,น.,สายธนู.
ชโย 0,น.,ความชนะ. (คำเดียวกับ ชัย).
ชโย 1,อ.,คำที่เปล่งเสียงอวยชัยให้พรหรือแสดงความดีใจเมื่อได้รับชัยชนะเป็นต้น.
ชร 0,น.,"ลวดลาย, ลายประกอบเชิงผ้า, ระบาย, เช่น ขนนเขนยชร."
ชร 1,น.,"น้ำ เช่น ชรเซาะเขาเราตกแต่ง (คำฤษฎี), ชรธารา (ม. คำหลวง วนปเวสน์)."
ชร- 0,*ว.,เป็นพยางค์หน้าของคำที่ตั้งต้นด้วยตัว ช ในบทกลอน เช่น ชริน เป็น ชรริน.
ชรงำ 0,ว.,"คลุ้ม, มืด, งำ, เช่น เปนไพรชัฏชรงำผลู (สมุทรโฆษ)."
ชรทึง 0,น.,"แม่นํ้า, ใช้ว่า จทึง ฉทึง ชทึง สทิง สทึง หรือ สรทึง ก็มี."
ชรเนียร 0,ก.,"ตัด, เล็ม, เช่น ชำเนียนชรเนียรเอมอร (สมุทรโฆษ)."
ชรโมล 0,น.,"ทโมน, ลิงตัวผู้ขนาดใหญ่, เช่น มีชระมดชรโมลตาม (สมุทรโฆษ)."
ชรไม 0,ว.,"ชไม, ทั้งคู่, เช่น พรรคหนึ่งนกชื่อชิวปุต์ตา ครพชรไมมามเหมื่อย (ม. คำหลวง จุลพน)."
ชรราง 0,ก.,ราง ๆ เช่น แฝงข่าวยินเยียชรราง (แช่งนํ้า).
ชรริน 0,ก.,ประดับ เช่น ชรรินชรเรือดแฝง มณิเพ็ญดูเพรี้ยมพราย (สมุทรโฆษ).
ชรเรือด 0,ก.,แทรก เช่น ชรรินชรเรือดแฝง มณิเพ็ญดูเพรี้ยมพราย (สมุทรโฆษ).
ชรแรง 0,ว.,"แรง ๆ, ขลัง, เช่น เยียชรแรง (แช่งนํ้า)."
ชรแร่ง 0,ก.,"แบ่ง, แยก, เช่น ฟ้าชรแร่งหกคลอง ช่วยดู (แช่งนํ้า)."
ชรลอง 0,ก.,ล่อง เช่น ผู้ชระลองล่วงห้วงมหรรณพ (ม. คำหลวง ทานกัณฑ์).
ชรลอง 1,น.,"ทางล่อง, ซอกเขา, ลำธาร."
ชรแลง 0,น.,ชะแลง เช่น เจ้าก็ทายเครื่องทงงหลายเปนต้นว่า กุณิแลชรแลงแลงอาศรมบท (ม. คำหลวง กุมาร).
ชรโลง 0,ก.,"ชโลง, จูง, พยุง, โยง."
ชรอกชรัง 0,ก.,"ซอกซอน, ซอกแซก."
ชรออบ 0,ก.,ชอบ เช่น ธมาพักชรออบ คืนเดียวชอบชีนอน (ม. คำหลวง กุมาร).
ชรอัด 0,ว.,ชัด เช่น ลางหมู่งาชรอัดชรแอ้น (ม. คำหลวง มหาราช).
ชรอ่ำ 0,ว.,"ชอํ่า, มืดมัว, มืดครึ้ม, เช่น ชรอ่ำฟ้าใต้แผ่นหงาย (แช่งน้ำ), ฟ้าหล้าเข็ดขาม ชรอื้อชรอ่ำอับทิศ (สมุทรโฆษ)."
ชรอื้อ 0,ว.,"ชื้อ, ชอื้อ, มืดมัว, มืดคลุ้ม, ครึ้ม, อับแสง, เช่น ด่งงฤๅด่งงไซรชรเอมชรอื้ออรทื้อแทบทางเดอร (ม. คำหลวง ชูชก), ฟ้าหล้าเข็ดขาม ชรอื้อชรอ่ำอับทิศ (สมุทรโฆษ), ร่มไซรใบชิด ชรอื้อชื้อฉาย (สรรพสิทธิ์)."
ชรอุ่ม 0,ว.,"ชอุ่ม, มืดคลุ้ม, มืดมัว, เช่น อากาศชรอุ่มอับ ทิศบังด้วยธุลี (สมุทรโฆษ)."
ชรเอม 0,ว.,ร่มเย็น เช่น ด่งงฤๅด่งงไซรชรเอมชรอื้ออรทื้อแทบทางเดอร (ม. คำหลวง ชูชก).
ชระ 0,น.,"ลวดลาย, ลายประกอบเชิงผ้า, ระบาย, เช่น ให้ฉลักแสบกภาพอันชระ (สมุทรโฆษ)."
ชระ 1,*ว.,เป็นพยางค์หน้าของคำในบทกลอน เช่น ชระงม ชระง่อน.
ชระงม 0,น.,"ป่ากว้าง, ป่าใหญ่."
ชระงม 1,ว.,"เปลี่ยวเปล่า, เงียบสงัด, เช่น อยู่ชระงมนั้น (ม. คำหลวง มหาราช)."
ชระง่อน 0,น.,"ชะง่อน, หินที่เป็นปุ่มเป็นแง่ยื่นออกมาจากภูเขา."
ชระงำ 0,ว.,"คลุ้ม, มืด, งำ, เช่น เปนไพรชัฏชรงำผลู (สมุทรโฆษ)."
ชระดัด 0,ก.,ดัด.
ชระดื่น 0,ว.,ดื่น.
ชระเดียด 0,ว.,"รายไป, เรียดไป, โบราณเขียนเป็น ชรดียด ก็มี เช่น ผลักให้ตากตนอยียด ชรดียดด้าวดิ้นดรนอนอยู่แล (ม. คำหลวง กุมาร)."
ชระเดียดชระดัด 0,ว.,"เกลื่อนกล่น, ดาษดื่น."
ชระบอบ 0,ก.,"บอบชํ้า, เมื่อยล้า."
ชระบาบ 0,ว.,"ราบเรียบ, เสมอ."
ชระมด 0,น.,ชะมด.
ชระมัว 0,ว.,"ขมุกขมัว, ยังไม่สว่าง, เช้าตรู่, มืด, เช่น ชระมัวทั่วทิศเอียง อากาศ (นิ. นรินทร์)."
ชระมื่น 0,ว.,ทะมื่น เช่น ผีพรายชระมื่นดำ ช่วยดู (แช่งนํ้า).
ชระมุกชระมอม 0,ว.,ขะมุกขะมอม.
ชระมุ่น 0,ว.,"มุ่น, นุ่ม, เช่น ลานโลมวิไลแถงชระมุ่น อกเอย (นิ. นรินทร์)."
ชระเมียง 0,ก.,"เมียง, มองดู."
ชระเมียน 0,ก.,"ชม, ดู."
ชระลอ 0,ก.,"ชะลอ, พยุงให้เคลื่อนไป, ประคองไว้."
ชระลอง 0,ก.,ล่อง เช่น ผู้ชระลองล่วงห้วงมหรรณพ (ม. คำหลวง ทานกัณฑ์).
ชระลอง 1,น.,"ทางล่อง, ซอกเขา, ลำธาร."
ชระล่อง 0,ก.,ล่อง เช่น ผู้ชระลองล่วงห้วงมหรรณพ (ม. คำหลวง ทานกัณฑ์).
ชระล่อง 1,น.,"ทางล่อง, ซอกเขา, ลำธาร."
ชระลั่ง 0,ก.,ทะลึ่งทะลั่ง เช่น จงสองเจ้าอย่าได้ทะลิ่นชระลั่งคอยนั่งเฝ้าพระบาท (ม. คำหลวง กุมาร).
ชระลัด 0,น.,ทางลัดไปได้.
ชระล้ำ 0,ก.,ลํ้า.
ชระลุ 0,ก.,"ปรุ, สลัก, ฉลุ."
ชระแลง 0,น.,ชะแลง เช่น เจ้าก็ทายเครื่องทงงหลายเปนต้นว่า กุณิแลชรแลงแลงอาศรมบท (ม. คำหลวง กุมาร).
ชระอับ 0,ว.,"อับ, มืดมัว, มืดคลุ้ม."
ชระอาบ 0,ก.,"อาบ, ชโลม, ทา, ทำให้ซึมซาบ."
ชระเอม 0,ว.,ร่มเย็น เช่น ดั่งฤๅดั่งไทรชระเอมชรอื้อ (ม. คำหลวง ชูชก).
ชรัด 0,ก.,ซัด เช่น หมู่หนึ่งชรัดด้วยทองแดง (ม. คำหลวง มหาราช).
ชรัว 0,น.,"ซอกเขา, หุบเขา."
ชรา 0,ว.,"แก่ด้วยอายุ, ชำรุดทรุดโทรม."
ชรากากี 0,น.,ชื่อพรรณไม้ชนิดหนึ่ง.
ชราธรรม 0,ว.,"มีชราเป็นธรรมดา, มีความแก่ความชำรุดทรุดโทรมเป็นธรรมดา."
ชราบ 0,ก.,ทราบ.
ชราบชรับ 0,ก.,ซึมซาบ.
ชราภาพ 0,น.,"ความแก่ด้วยอายุ, ความชำรุดทรุดโทรม, เช่น อันทุพพลชรา ภาพแล้ว (โลกนิติ)."
ชรายุ 0,น.,"คราบงู, รกที่ห่อหุ้มลูกคนหรือลูกสัตว์."
ชริน 0,ก.,ประดับ เช่น ชรรินชรเรือดแฝง มณิเพ็ญดูเพรี้ยมพราย (สมุทรโฆษ).
ชรุก 0,ก.,"ซุก, แอบ, แทรก, เอาของไปแอบแฝงไว้, เช่น ช่อช้อยชรุกระโยงยาน (ม. คำหลวง จุลพน)."
ชรูบ 0,ว.,ซูบ.
ชล 0,น.,นํ้า.
ชล- 0,น.,นํ้า.
ชลจร 0,น.,สัตว์นํ้า เช่น ค้าวเขือเชื้อชลจรและช่อนสลับ (สมุทรโฆษ).
ชลจัณฑ์ 0,น.,"นํ้าจัณฑ์, เหล้า, เช่น ชื่อชลจัณฑ์ ดุมุเมามน (จิตรปทาฉันท์)."
ชลชาติ 0,น.,นํ้า เช่น ประพรมพระเจ้าด้วยชลชาติ (ม. คำหลวง มัทรี)
ชลชาติ 1,น.,สัตว์นํ้า เช่น ลงดำสํ่ามัจฉา ชลชาติ (โลกนิติ).
ชลธาร 0,น.,"สายน้ำ, ห้วงน้ำ, เช่น ก้านบัวบอกลึกตื้น ชลธาร (โลกนิติ)."
ชลธารก 0,น.,"สายนํ้า, กระแสนํ้า."
ชลธิศ 0,น.,"ชลธี, ทะเล."
ชลธี 0,น.,ทะเล.
ชลนัยน์ 0,น.,นํ้าตา.
ชลนา 0,น.,นํ้าตา.
ชลเนตร 0,น.,นํ้าตา.
ชลประทาน 0,น.,การทดนํ้าและระบายนํ้าเพื่อการเพาะปลูกเป็นต้น.
ชลมารค 0,น.,ทางนํ้า เช่น กระบวนเสด็จพระราชดำเนินทางชลมารค.
ชลสถาน 0,น.,"บ่อ, สระ."
ชลัมพุ 0,น.,นํ้า เช่น และไขชลัมพุธารา (อภิไธยโพธิบาทว์).
ชลัมพุ 1,น.,นํ้า.
ชลาธาร 0,น.,"บ่อ, สระ."
ชลาธาร 1,น.,นํ้า.
ชลาพุ 0,น.,มดลูก.
ชลาพุ 1,น.,นํ้า.
ชลาพุช 0,น.,สัตว์ที่เกิดในครรภ์.
ชลาพุช 1,น.,นํ้า.
ชลามพุช 0,น.,สัตว์ที่เกิดในครรภ์.
ชลามพุช 1,น.,นํ้า.
ชลาลัย 0,น.,"น้ำ, ห้วงน้ำ, เช่น ปางเสด็จประเวศด้าว ชลาลัย (กาพย์เห่เรือ), น้ำใจนางเปรียบอย่างชลาลัย ไม่เลือกไหลห้วยหนองคลองละหาน (กากี)."
ชลาลัย 1,น.,นํ้า.
ชลาศัย 0,น.,"บ่อ, สระ, ทะเล"
ชลาศัย 1,น.,ปลา.
ชลาศัย 2,น.,นํ้า.
ชลาสินธุ์ 0,น.,"ห้วงน้ำ เช่น ข้าเป็นไรแทรกขนสุบรรณบิน เร็วรีบยิ่งมหาวายุพัด กวักกวัดปีกข้ามชลาสินธุ์ (กากี), สายน้ำ เช่น พระเหลือบเล็งชลาสินธุ์ ในวารินทะเลวน ก็เห็นรูปอสุรกล ซึ่งกลายแกล้งเป็นสีดา (พากย์นางลอย)."
ชลาสินธุ์ 1,น.,นํ้า.
ชลี 0,ก.,ไหว้ (ตัดมาจาก อัญชลี).
ชลีกร 0,ก.,ยกมือไหว้ เช่น ชลีกรงอนงามกิริยา (อิเหนา).
ชลูกา 0,น.,"ปลิง, ชัลลุกา ก็ใช้."
ชเล 0,น.,"ทะเล, ในนํ้า, ใช้เป็นส่วนหน้าสมาสก็มี เช่น ชเลจร."
ชเลจร 0,น.,"ผู้เที่ยวไปในน้ำ, ผู้อาศัยอยู่ในน้ำ."
ชโลง 0,ก.,"พยุงไว้ไม่ให้เซ, จรรโลง, จูง เช่น ให้เป็นหลักชโลงจิต (กฎ. ราชบุรี)."
ชโลทร 0,น.,"แม่นํ้า, ทะเล, ห้วงนํ้า, ท้องนํ้า."
ชโลทร 1,น.,นํ้า.
ชโลม 0,ก.,ใช้สิ่งที่เป็นของเหลวลูบไล้ให้เปียก เช่น ชโลมยา ชโลมนํ้ามันยาง
ชโลม 1,ก.,ทำให้ชุ่มชื่น เช่น ชโลมใจ.
ชว- 0,ว.,"เร็ว, (มักใช้เป็นส่วนหน้าสมาส) เช่น ชวการ ชวกิจ ชวเลข, แผลงเป็น เชาว์ ก็มี."
ช่วง 0,น.,"ตอน เช่น ช่วงเช้า ช่วงบ่าย, ระยะ (ที่ต่อเนื่อง) เช่น ช่วงถนน ช่วงตึก."
ช่วง 1,ก.,รับเป็นตอน เช่น รับช่วง เช่าช่วง.
ช่วง 2,ว.,"สว่าง, รุ่งโรจน์."
ช่วง 3,ก.,"แย่ง, ชิง, มักใช้พูดเข้าคู่กับ ชิง เป็น ช่วงชิง."
ช่วงชัย 0,น.,การเล่นพื้นเมืองอย่างหนึ่ง นิยมเล่นในเทศกาล เช่นสงกรานต์ มีผู้เล่นหลายคน แบ่งออกเป็น ๒ ฝ่าย ชายฝ่ายหนึ่ง หญิงฝ่ายหนึ่ง ยืนหันหน้าเข้าหากัน ห่างพอที่จะใช้ลูกช่วงที่ทำด้วยผ้าขาวม้าเป็นต้นม้วนเป็นลูกกลม ๆ ผูกให้แน่นโยนหรือปาใส่กัน ถ้าฝ่ายใดรับได้แล้วปาไปถูกคนใดคนหนึ่งของฝ่ายตรงข้าม ฝ่ายที่ถูกปาเป็นฝ่ายแพ้ มี ๓ ชนิด คือ ช่วงรำ ผู้แพ้ต้องออกไปรำ ช่วงใช้ ผู้แพ้ต้องไปอยู่อีกข้างหนึ่ง และช่วงขี้ข้า ผู้แพ้ต้องให้อีกฝ่ายหนึ่งขี่หลัง.
ช่วงชิง 0,ก.,แย่งชิง เช่น จะมาช่วงชิงนางอย่างผลไม้ ที่จะได้นางไปอย่าสงกา (อิเหนา).
ช่วงโชติ 0,ว.,"สว่างรุ่งโรจน์, โชติช่วง ก็ว่า."
ช่วงใช้ 0,ก.,รับใช้ เช่น เป็นข้าช่วงใช้.
ช่วงตัว 0,น.,ระยะความยาวของตัว เช่น นักว่ายน้ำไทยว่ายนำคู่แข่งหลายช่วงตัว.
ช่วงทรัพย์ 0,ก.,เอาทรัพย์สินอันหนึ่งเข้าแทนที่ทรัพย์สินอีกอันหนึ่ง ในนัยทางกฎหมายอย่างเดียวกันกับทรัพย์สินอันก่อน.
ช่วงบาท 0,น.,ผู้อยู่ในระยะเท้า “คือ ใกล้เท้า หมายความว่า ผู้รับใช้”.
ช่วงเมือง 0,น.,เมืองเล็กที่ขึ้นแก่เมืองหลวง เช่น ณกรุงพระมหานครศุโขไทยราชธานีบูรีรมย์สถาน เปนปิ่นอาณาประชาราษฎรชาวชนบทนิคมคามสยามประเทศทั้งมวน มีเมืองขึ้น ออก เอก โท ตรี จัตวา ช่วงเมือง กิ่งเมือง แผ่ผ้านพระราชอาชญาอาณาเขตร (ตำรับท้าวศรีจุฬาลักษณ์).
ช่วงสิทธิ์ 0,ก.,เข้าสวมสิทธิของเจ้าหนี้ที่จะใช้สิทธิทั้งหลายบรรดาที่เจ้าหนี้มีอยู่โดยมูลหนี้ รวมทั้งประกันแห่งหนี้นั้นได้ในนามของตนเอง เช่น เมื่อผู้ค้ำประกันชำระหนี้ให้เจ้าหนี้แล้ว ผู้ค้ำประกันย่อมเข้ารับช่วงสิทธิของเจ้าหนี้ที่จะเรียกให้ลูกหนี้ชำระหนี้คืนได้ในนามของตนเอง.
ชวด 0,น.,ชื่อปีที่ ๑ ของรอบปีนักษัตร มีหนูเป็นเครื่องหมาย.
ชวด 1,ก.,"ผิดหวัง, ไม่ได้ดังหวัง."
ชวด 2,น.,"พ่อหรือแม่ของปู่ ย่า ตา ยาย, ทวด ก็ว่า."
ชวด 3,น.,ลำน้ำสายเล็ก ๆ ที่ใช้เป็นทางสัญจร เช่น ชวดลากข้าว.
ชวน- 0,น.,"ความเร็ว, ความไว, ความเร็วของปัญญาหรือความคิด, แผลงเป็น เชาวน์ ก็มี."
ชวน 0,ก.,"จูงใจ, โน้มนำ, เช่น ชวนกิน"
ชวน 1,ก.,"ชักนำ, ขอให้ทำตาม, เช่น ชวนไปเที่ยว."
ชวน- 1,ว.,"เร็ว, (มักใช้เป็นส่วนหน้าสมาส) เช่น ชวการ ชวกิจ ชวเลข, แผลงเป็น เชาว์ ก็มี."
ชวนชม 0,น.,ชื่อไม้พุ่มชนิด Adenium obesum (Forssk.) Roem. et Schult. ในวงศ์ Apocynaceae ดอกมีหลายสี เช่น สีแดง ขาว ชมพู ม่วง ปลูกเป็นไม้ประดับ.
ชวนหัว 0,ว.,ที่ทำให้ขบขัน เช่น เรื่องชวนหัว ละครชวนหัว.
ชวย 0,ก.,"พัดอ่อน ๆ, พัดเรื่อย ๆ, (ใช้แก่ลม), เช่น รศรวยชวยชราบชู้ ชายใด (กาพย์ห่อโคลง)."
ช่วย 0,ก.,ไถ่ตัว เช่น หรือว่ามึงช่วยกูมานี่สักกี่ชั่ง (ม. ร่ายยาว ชูชก)
ช่วย 1,ก.,ทำให้สำเร็จประโยชน์ เช่น ช่วยเอาของไปส่ง
ช่วย 2,ก.,"ค้ำจุน, สงเคราะห์, เช่น บริจาคเงินช่วยผู้ประสบภัย"
ช่วย 3,ก.,แบ่งเบาภาระ เช่น ช่วยเลี้ยงน้อง
ช่วย 4,ก.,ทำให้พ้นจากอันตราย เช่น ช่วยชีวิต ช่วยเด็กตกน้ำ.
ช่วยเหลือ 0,ก.,สงเคราะห์ให้สำเร็จดังประสงค์หรือให้พ้นความลำบาก.
ชวร 0,น.,"ไข้, ความไข้."
ชวร 1,ก.,"เป็นไข้, ป่วย."
ชวระ 0,น.,"ไข้, ความไข้."
ชวระ 1,ก.,"เป็นไข้, ป่วย."
ชวลิต 0,ว.,"รุ่งเรือง, รุ่งโรจน์, สว่าง."
ชวัก 0,ก.,ชัก เช่น เคล้าฟ้าเคลือกเปลวลาม พระรามพระลักษณชวักอร (แช่งน้ำ).
ชวา 0,น.,"ชื่อเกาะสำคัญที่สุดและเป็นที่ตั้งเมืองหลวงของประเทศอินโดนีเซีย, (โบ) ใช้ว่า ยะวา ก็มี, เรียกประชาชนที่พูดภาษาชวา ว่า ชาวชวา"
ชวา 1,น.,ชื่อปี่ชนิดหนึ่ง เรียกว่า ปี่ชวา.
ชวา 2,น.,กุหลาบ เช่น งามฉวีคือชวาน่าใคร่ (กนกนคร).
ชวาล 0,น.,"ความรุ่งเรือง, เปลวไฟ, โคมไฟ"
ชวาล 1,น.,ความสว่าง.
ชวาล 2,ว.,"ซึ่งลุกโพลง, สว่างโพลง."
ชวาลา 0,น.,เครื่องตามไฟชนิดหนึ่ง ทำด้วยทองเหลือง มีรูปอย่างหม้อขนาดย่อม ๆ สำหรับใส่น้ำมัน มีพวยต่อออกมาข้าง ๆ ๒ พวยบ้าง ๓ พวยบ้าง ใส่ด้ายดิบเป็นไส้ ใช้จุดไฟ และประกอบกับแกนรับหม้อใส่น้ำมันตั้งบนถาด ใช้ได้ทั้งตั้งและแขวน เช่น ถับถึงคฤหาสน์หอทอง ชวาลาเรืองรองรยับด้วยรัตนรัศมี (สรรพสิทธิ์).
ช่อ 0,น.,"ใบไม้หรือดอกไม้ที่แตกออกเป็นพวง, เรียกดอกของต้นไม้บางชนิดเช่นมะม่วงและสะเดาที่ออกดอกเล็ก ๆ เป็นกลุ่มหรือเป็นพวง ว่า ช่อมะม่วง ช่อสะเดา, ใบไม้หรือดอกไม้ที่ผูกเป็นกลุ่มหรือเป็นพวง, โดยปริยายเรียกสิ่งอื่นที่มีลักษณะคล้ายคลึงเช่นนั้น เช่น ช่อดอกไม้ไฟ โคมช่อองุ่น."
ช่อ 1,ก.,ชักรอก เช่น ตีม้าฬ่อช่อใบใส่เสา (กาพย์พระไชยสุริยา).
ชอก 0,ก.,"ชํ้า, มักใช้พูดเข้าคู่กับคำ ชํ้า เป็น ชอกชํ้า หรือ ชํ้าชอก."
ช็อก 0,น.,สภาวะที่ร่างกายเสียเลือดจนความดันเลือดต่ำมาก หรือถูกกระทบจิตใจอย่างรุนแรง หรือถูกกระแสไฟฟ้าไหลผ่าน เป็นต้น จนทำให้เป็นลมหรือหมดสติในทันที.
ช็อกโกเลต 0,น.,ขนมหวานทำจากเมล็ดโกโก้ นม และนํ้าตาล มีหลายชนิด.
ช็อกโกเลต 1,ว.,เรียกสีอย่างสีนํ้าตาลไหม้ ว่า สีช็อกโกเลต หรือ สีช็อกโกแลต.
ช็อกโกแลต 0,น.,ขนมหวานทำจากเมล็ดโกโก้ นม และนํ้าตาล มีหลายชนิด.
ช็อกโกแลต 1,ว.,เรียกสีอย่างสีนํ้าตาลไหม้ ว่า สีช็อกโกเลต หรือ สีช็อกโกแลต.
ชอกช้ำ 0,ก.,"บอบชํ้ามาก, ชํ้าชอก ก็ว่า."
ชอง 0,น.,"ชื่อชนกลุ่มน้อยเผ่าหนึ่งในตระกูลมอญ-เขมร มีมากทางตอนเหนือของจังหวัดจันทบุรี, เรียกตัวเองว่า สำเร หรือ ตำเหรด, เขมรเรียกว่า ปอร์."
ช่อง 0,น.,"ที่ว่างซึ่งเป็นทางเข้าออกได้ เช่น ช่องเขา ช่องหน้าต่าง ช่องลม, ที่ว่างซึ่งเป็นที่กำหนดเฉพาะ เช่น จอดรถให้ตรงช่อง ช่องซื้อตั๋ว ช่องจ่ายเงิน"
ช่อง 1,น.,"ย่านความถี่ที่ใช้สัญญาณภาพและเสียงที่กำหนดไว้ต่าง ๆ กัน ตามมาตรฐานการส่งกระจายเสียงวิทยุโทรทัศน์, (ปาก) คำเรียกสถานีโทรทัศน์แต่ละสถานี เช่น ดูละครช่อง ๗"
ช่อง 2,น.,โอกาส เช่น ไม่มีช่องที่จะทำได้.
ช้อง 0,น.,ผมสำหรับเสริมทรงผมให้ใหญ่หรือยาว.
ช่องกุฎ 0,น.,"ประตูที่เจาะกำแพงพระราชวังหรือกำแพงเมือง เป็นช่องสี่เหลี่ยมเพดานโค้งมนบ้าง โค้งแหลมบ้าง อยู่ใต้แนวใบเสมาลงมา เป็นช่องทางสำหรับคนสามัญเข้าออก, เขียนเป็น ช่องกุฎ ก็มี เช่น ซุ้มทวารบานสุวรรณชมพูนุท ประตูลักช่องกุฎสลับกัน (อิเหนา)."
ช่องกุด 0,น.,"ประตูที่เจาะกำแพงพระราชวังหรือกำแพงเมือง เป็นช่องสี่เหลี่ยมเพดานโค้งมนบ้าง โค้งแหลมบ้าง อยู่ใต้แนวใบเสมาลงมา เป็นช่องทางสำหรับคนสามัญเข้าออก, เขียนเป็น ช่องกุฎ ก็มี เช่น ซุ้มทวารบานสุวรรณชมพูนุท ประตูลักช่องกุฎสลับกัน (อิเหนา)."
ช่องเขา 0,น.,"เส้นทางที่ใช้เป็นทางข้ามทิวเขาจากด้านหนึ่งไปยังอีกด้านหนึ่ง, ช่องที่อยู่ในระหว่างเขา ๒ ลูก."
ช่องคลอด 0,น.,ส่วนของอวัยวะสืบพันธุ์ของเพศหญิง เป็นช่องที่ต่อมาจากปากมดลูก และเป็นทางที่ทารกคลอดออกมา.
ช่องแคบ 0,น.,ทางนํ้ายาวที่อยู่ระหว่างแผ่นดินหรือเกาะ เชื่อมต่อทะเลทั้ง ๒ ข้าง.
ช่องดาล 0,น.,รูสำหรับสอดลูกดาลเข้าไปเขี่ยดาลที่ขัดบานประตู.
ช่องตีนกา 0,น.,ช่องรูปกากบาทอยู่ระหว่างแนวบัวผ่าหวายทั้งคู่ตอนใต้ใบเสมาของกำแพงพระราชวังและกำแพงเมือง.
ช่องทาง 0,น.,ทางที่กำหนดเป็นช่องเฉพาะให้ไปหรือมา เช่น ถนนนี้มีช่องทางเดินรถ ๔ ช่องทาง
ช่องทาง 1,น.,หนทางหรือโอกาสที่จะทำอย่างใดอย่างหนึ่ง เช่น ที่จังหวัดนี้มีช่องทางทำมาหากินได้ง่าย.
ช้องนาง 0,น.,ชื่อไม้พุ่มชนิด Thunbergia erecta (Benth.) T. Anderson ในวงศ์ Acanthaceae ดอกสีม่วงนํ้าเงินเข้มหรือขาว หลอดดอกด้านในสีเหลืองเข้ม.
ช้องนางคลี่ 0,น.,ชื่อไม้อิงอาศัยไร้ดอกชนิด Lycopodium phlegmaria L. ในวงศ์ Lycopodiaceae ลำต้นยาวห้อยลง แยกแขนงเป็นคู่ ๆ.
ช่องไฟ 0,น.,ช่องขนาดย่อม ๆ และตื้นที่ทำไว้บนฝาผนังหรือกำแพง สำหรับตั้งเครื่องตามไฟให้แสงสว่างเวลากลางคืน
ช่องไฟ 1,น.,บริเวณที่เว้นไว้เป็นพื้นเท่า ๆ กันระหว่างลวดลายแต่ละตัว
ช่องไฟ 2,น.,ช่องว่างระหว่างตัวหนังสือ.
ช้องแมว 0,น.,"ชื่อไม้พุ่มเตี้ยชนิด Gmelina philippensisCham. ในวงศ์ Labiatae ดอกสีเหลืองออกเป็นช่อห้อย มีใบประดับสีขาวอมเขียวตลอดช่อ ราก ใบ และผลใช้ทำยา ผลเชื่อมกินได้, ช้องแมว ซองแมว หรือ ข้าวจี่ ก็เรียก."
ชองระอา 0,น.,ชื่อไม้เถาชนิด Strychnos thoreliiPierre ex Dop. ในวงศ์ Strychnaceae ดอกสีขาวนวล ผลกลม ใช้ทำยาได้.
ชองระอา 1,น.,ชื่อไม้เถาชนิด Securidaca inappendiculata Hassk. ในวงศ์ Polygalaceae ดอกสีเหลือง ผลมีปีก.
ช่องว่าง 0,น.,พื้นที่ว่างในระหว่างที่กั้น เช่น ช่องว่างระหว่างตึก ๒ หลัง
ช่องว่าง 1,น.,ความไม่เข้าใจกันของคนที่มีความคิด ฐานะ หรืออื่น ๆ ที่แตกต่างกัน เช่น ช่องว่างระหว่างคนมั่งมีกับคนยากจน ช่องว่างระหว่างวัย.
ช่องโหว่ 0,น.,"ส่วนที่ไม่ครบถ้วนสมบูรณ์, จุดอ่อน, เช่น ช่องโหว่ของกฎหมาย."
ช่อทับชาย 0,น.,แผ่นทองคำฉลุลายเป็นกิ่งต้นเครือวัลย์กระหนก สำหรับเสียบห้อยที่ชายพกลงมาในระหว่างช่องหน้าขาทั้ง ๒ สามัญเรียกว่า ช่อทับชาย เช่น ที่ประดับเทวรูปทรงเครื่องทั่วไป เรียกกันว่า สุวรรณกระถอบ หรือ สุวรรณกัญจน์ถอบ.
ชอน 0,ก.,ไชคดเคี้ยวไปในดินหรือภายในสิ่งอื่นด้วยอาการเช่นนั้น เช่น รากไม้ชอนไปในดิน.
ช่อน 0,น.,"ชื่อปลานํ้าจืดชนิด Channa striatus Bloch ในวงศ์ Channidae ลำตัวทรงกระบอก ส่วนท้ายแบนข้างเล็กน้อย มีเกล็ดในแนวเส้นข้างตัวราว ๕๒-๕๗ เกล็ด ด้านหลังลำตัวเป็นสีค่อนข้างดำ ด้านข้างสีอ่อนกว่าและมีลายสีดำพาดเฉียง ท้องสีขาว ครีบต่าง ๆ มีจุดหรือริ้วสีนํ้าตาลดำ พบชุกชุมทั่วไป อาจยาวได้ถึง ๘๐ เซนติเมตร, พายัพเรียก หลิม, อีสานเรียก ค่อ."
ช้อน 0,น.,"เครื่องใช้สำหรับตักของกิน มีด้ามจับ เรียกชื่อตามสิ่งที่ตัก เช่น ช้อนแกง ช้อนขนม ช้อนกาแฟ ช้อนซุป หรือเรียกชื่อตามวัสดุที่ใช้ทำช้อน เช่น ช้อนกระเบื้อง ช้อนสังกะสี ช้อนหอย ช้อนพลาสติก, ลักษณนามว่า คัน, ราชาศัพท์ว่า ฉลองพระหัตถ์ช้อน"
ช้อน 1,น.,เครื่องจับปลาชนิดหนึ่ง ใหญ่กว่าสวิง ถักเป็นร่างแห ขอบเป็นรูปสามเหลี่ยมหรือวงกลม มีด้ามจับ.
ช้อน 2,ก.,"ตักเอาสิ่งที่อยู่ในของเหลวหรือที่ผิวของของเหลวแยกออกมา เช่น ช้อนปลา ช้อนลูกนํ้า ช้อนแหน, ตักเอาสิ่งที่อยู่บนผิวพื้น เช่น ช้อนผง"
ช้อน 3,ก.,เอามือสอดลงไปข้างใต้แล้วยกขึ้น เช่น ช้อนศีรษะ ช้อนตัว.
ช้อนกลาง 0,น.,ช้อนที่วางอยู่ในจานกับข้าว สำหรับตักกับข้าวมาใส่จานของตน.
ช้อนคาว 0,น.,ช้อนที่มีขนาดเล็กกว่าช้อนโต๊ะ มีด้ามยาว ใช้คู่กับส้อม สำหรับรับประทานอาหารคาว.
ช้อนชา 0,น.,"ช้อนด้ามยาวขนาดเล็กใช้สำหรับคนชากาแฟ, มาตราตวงมีขนาดจุ ๕ มิลลิลิตร เช่น ยานี้เด็กรับประทานครั้งละครึ่งช้อนชา."
ชอนไช 0,ก.,ไชไปมาในสิ่งอื่นอย่างรากต้นไม้หรือหนอนเป็นต้น เช่น หนอนชอนไชผลไม้ ไส้เดือนชอนไชดิน.
ช้อนซุป 0,น.,ช้อนสำหรับตักซุปกิน มีด้ามยาว ตัวช้อนเป็นรูปกลม.
ชอนตา 0,ก.,พุ่งแยงไปยังนัยน์ตา (ใช้แก่แสงอย่างแสงแดดแสงไฟ) เช่น แสงตะวันชอนตา.
ช้อนตา 0,ก.,เหลือบตาขึ้นช้า ๆ.
ช้อนโต๊ะ 0,น.,"ช้อนด้ามยาวขนาดใหญ่ ใช้ตักอาหารสำหรับเสิร์ฟ, มาตราตวงมีขนาดจุ ๑๕ มิลลิลิตร เช่น ยานี้กินครั้งละ ๑ ช้อนโต๊ะ."
ช้อนถ้วย 0,น.,ช้อนกระเบื้องใช้ตักขนมเป็นต้น.
ช้อนนาง 0,น.,ต้นรางจืด.
ช้อนรองเท้า 0,น.,เครื่องใช้ที่มีรูปลักษณะคล้ายช้อน สำหรับช่วยในการสวมรองเท้าหุ้มส้น.
ช้อนส้อม 0,น.,ช้อนและส้อมคู่กันทำด้วยโลหะ เช่น เงิน เงินชุบทอง สัมฤทธิ์หรืออะลูมิเนียม ช้อนมีรูปรี ส้อมมีลักษณะเป็นซี่ ๆ มีด้ามยาวสำหรับจับได้ถนัด ใช้มือขวาจับช้อนมือซ้ายจับส้อมตักอาหารรับประทาน.
ช้อนหวาน 0,น.,ช้อนด้ามยาวขนาดกลาง ใหญ่กว่าช้อนชาแต่เล็กกว่าช้อนโต๊ะ เป็นช้อนสำหรับรับประทานของหวานในการรับประทานอาหารแบบยุโรป ไทยใช้คู่กับส้อมขนาดเดียวกันสำหรับรับประทานอาหารคาว.
ช้อนหอย 0,น.,ชื่อเรียกช้อนกระเบื้อง.
ช้อนหอย 1,น.,"ชื่อนกขนาดใหญ่หลายชนิดหลายสกุล ในวงศ์ Threskiornithidae ปากยาวโค้ง ปลายแหลม หากินในนํ้าตื้นตามแหล่งน้ำจืด กินปลา ปู และสัตว์นํ้าเล็ก ๆ ในประเทศไทยมี ๔ ชนิด คือ ช้อนหอยขาวหรือกุลาขาว [ Threskiornis melanocephalus (Latham)] ช้อนหอยดำ [ Pseudibis davisoni (Hume)] ช้อนหอยใหญ่ [ P. gigantea (Oustalet)] และช้อนหอยดำเหลือบ [ Plegadis falcinellus (Linn.)], กุลา หรือ ค้อนหอย ก็เรียก."
ช้อนไอศกรีม 0,น.,แผ่นไม้หรือแผ่นพลาสติกเล็ก ๆ ปลายมน กลางคอดเล็กน้อย สำหรับตักไอศกรีมกิน.
ชอบ 0,ก.,พอใจและทำบ่อย ๆ เช่น ชอบอ่านหนังสือ ชอบเที่ยว
ชอบ 1,ก.,"ถูกใจ, ถูกกัน, เช่น เขาชอบกันมาก, บางทีใช้หมายความไปในเชิงว่ารักใคร่ ก็มี เช่น หนุ่มสาวชอบกัน"
ชอบ 2,ก.,มัก เช่น ฝนชอบตกตอนเย็น ๆ.
ชอบ 3,ก.,ถูกต้อง เช่น คิดชอบ ชอบแล้ว
ชอบ 4,ก.,เหมาะ เช่น ชอบด้วยกาลเทศะ
ชอบ 5,ก.,มีสิทธิ์ เช่น ชอบที่จะทำได้.
ชอบกล 0,ว.,"ต้องด้วยชั้นเชิง, เข้าที, น่าคิด, เช่น อนึ่งซึ่งจะตั้งค่ายอยู่นี้ก็ไม่ชอบกล หาเป็นที่ชัยภูมิไม่ จำจะยกถอยไปตั้งอยู่ ณ เมืองตะเกิงจึงจะทำถนัด (ราชาธิราช)"
ชอบกล 1,ว.,"แปลกผิดปรกติ เช่น คนข้างหลังลาดเลาเป็นเจ้าชู้ ตาหูชอบกลเจ้ามณฑา (สังข์ทอง), หน้าตาชอบกล ท่าทางชอบกล."
ชอบใจ 0,ก.,"ถูกใจ, ยินดี, พอใจ."
ชอบธรรม 0,ว.,"ถูกตามหลักธรรม, ถูกตามนิตินัย."
ชอบพอ 0,ก.,"รักใคร่กัน, ถูกอัธยาศัยกัน."
ช่อฟ้า 0,น.,ชื่อตัวไม้เครื่องประกอบกรอบหน้าบัน รูปอย่างครุฑ มีอกใหญ่ คอเรียว ศีรษะเล็ก ปากเป็นจะงอย หงอนยาวเรียว ติดตั้งอยู่ตอนปลายสุดหน้าบัน.
ชอม 0,ก.,ชม.
ชอม 1,ก.,"จ่อม, จม, เช่น ด้วยให้โกยกัลออม บ้างแช่ชอมโชรมอาบ (ม. คำหลวง กุมาร)."
ช่อม่วง 0,น.,ชื่อของว่างอย่างหนึ่ง. (เห่ชมเครื่องคาวหวาน)
ช่อม่วง 1,น.,ชื่อดอกไม้ไฟชนิดหนึ่ง.
ช่อย 0,ก.,ช่วย เช่น คนใดขี่ช้างมาหา พาเมืองมาสู่ช่อยเหนือเฟื้อกู้ (จารึกหลัก ๑).
ช้อย 0,ว.,งอนงาม.
ช้อยชด 0,ว.,"อ่อนช้อย, มีลักษณะกิริยาท่าทางงดงาม, ชดช้อย หรือ กระชดกระช้อย ก็ว่า."
ช้อยช่างรำ 0,ว.,"ชื่อไม้พุ่มชนิด Codariocalyx motorius (Houtt.) H. Ohashi ในวงศ์ Leguminosae ใบเป็นใบประกอบ มีใบย่อย ๓ ใบ ใบคู่ล่างเล็กกว่าและกระดิกไหวไปมาได้, ช้อยนางรำ ช้อยช่างรำ หรือ นางรำ ก็เรียก."
ช้อยนางรำ 0,ว.,"ชื่อไม้พุ่มชนิด Codariocalyx motorius (Houtt.) H. Ohashi ในวงศ์ Leguminosae ใบเป็นใบประกอบ มีใบย่อย ๓ ใบ ใบคู่ล่างเล็กกว่าและกระดิกไหวไปมาได้, ช้อยนางรำ ช้อยช่างรำ หรือ นางรำ ก็เรียก."
ชอล์ก 0,น.,"ชื่อแร่ชนิดหนึ่ง ประกอบด้วยแคลเซียมคาร์บอเนต มีซิลิกาปนอยู่เล็กน้อย เกิดขึ้นตามธรรมชาติโดยการรวมตัวของหินปูนจากซากสัตว์ พืช และเปลือกหอยในทะเล, หินดินสอพอง ก็เรียก."
ชอล์ก 1,น.,"สิ่งที่ใช้เขียนกระดานดำ มีลักษณะเป็นแท่งสีขาวทำจากแคลเซียมซัลเฟต ซึ่งได้จากเกลือจืดหรือยิปซัมผสมนํ้า, เมื่อผสมด้วยดินสีหรือสีสำเร็จรูป มีสีต่าง ๆ เรียกว่า ชอล์กสี."
ช่อลำดวน 0,น.,"ชื่อปลาทะเลในสกุล SeriolinaและSeriolaวงศ์ Carangidae โดยเฉพาะชนิด Seriolina nigrofasciata (Rüppell) ซึ่งมีลำตัวค่อนข้างกลมยาว หัวทู่ ครีบหลังตอนหน้าเล็ก ก้านครีบสั้น เกล็ดเล็กมาก เกล็ดตามแนวเส้นข้างตัวไม่เป็นหนามแต่ยกเป็นสันนูนเล็ก ๆ เฉพาะบริเวณคอดหาง และไม่มีกระดูกหนามแข็งโผล่อยู่หน้าครีบก้น หัวและลำตัวตลอดจนครีบต่าง ๆ มีสีเทาเข้มจนถึงดำ ท้องสีขาวหรือเทา ปลาขนาดเล็กมีแถบหรือแต้มสีที่เข้มกว่า ๕-๗ แนว พาดทแยงลงด้านหน้าจากแนวสันหลังและจางลงเมื่อปลามีขนาดโตขึ้น ก้านครีบและกระดูกของปลาชนิดนี้ค่อนข้างอ่อน ขนาดยาวได้ถึง ๗๐ เซนติเมตร, ช่อลำดวน ก็เรียก."
ช่ออินทนิล 0,น.,"ชื่อไม้เถาชนิด Thunbergia grandiflora (Roxb. ex Rottler) Roxb. ในวงศ์ Acanthaceae ดอกสีฟ้าอมม่วงหรือขาว ออกเป็นพวงห้อยระย้า, ช่ออินทนิล หรือ ม่านอินทนิล ก็เรียก."
ชอ่ำ 0,ว.,"มืดมัว, มืดครึ้ม."
ชอื้อ 0,ว.,"ชื้อ, มืดมัว, มืดคลุ้ม, ครึ้ม, อับแสง."
ชอุ่ม 0,ว.,"ชุ่ม, สดชื่น, เช่น เขียวชอุ่ม"
ชอุ่ม 1,ว.,ชุ่มด้วยละอองนํ้าจนเห็นเป็นมืดคลุ้มหรือมืดมัว เช่น ท้องฟ้าชอุ่ม.
ชะ 0,ก.,ทำให้สิ่งสกปรกหรือสิ่งที่ติดอยู่บนผิวหน้าค่อย ๆ หลุดไปหรือหมดไปด้วยนํ้าเป็นต้น เช่น ชะแผล ฝนตกหนักชะหน้าดินไปหมด.
ชะ 1,อ.,"คำที่เปล่งออกมาเมื่อเวลาโกรธหรือไม่ชอบใจเป็นต้น, ชะช้า หรือ ชัดช้า ก็ว่า."
ชะคราม 0,น.,"ชื่อไม้พุ่มขนาดเล็กชนิด Suaeda maritima (L.) Dumort. ในวงศ์ Chenopodiaceae ขึ้นตามดินเลนแข็งใกล้ทะเล กิ่งก้านและใบพองกลมปลายแหลมสีเขียว เขียวอมม่วง ชมพู มีนวล กินได้, ชักคราม ก็เรียก."
ชะงอก 0,น.,หินที่งอกออกไป.
ชะง่อน 0,น.,หินที่เป็นปุ่มเป็นแง่ยื่นออกมาจากเขา เช่น ที่งอกง้ำเป็นแง่เงื้อมก็ชะงุ้มชะโงกชะง่อนผาที่ผุดเผินเป็นแผ่นพูตะเพิงพัก (ม. ร่ายยาว มหาพน).
ชะงัก 0,ก.,หยุดลงกลางคันทันที.
ชะงัด 0,ว.,"แน่, จริง, เช่น ยาขนานนี้แก้ปวดหัวได้ชะงัดนัก."
ชะงาบ 0,ว.,"อาการที่อ้าปากแล้วหุบปาก, อาการที่หายใจทางปาก (เป็นอาการของคนและสัตว์ที่เหนื่อยหอบหรือใกล้จะตาย), พะงาบ พะงาบ ๆ ปะงาบ หรือ ปะงาบ ๆ ก็ว่า. [ไทขาว งาบ ว่า อ้า, งาบสบ ว่า อ้าปาก (เพื่อหายใจ)]."
ชะง้ำ 0,ว.,สูงและยื่นงํ้าออกมา.
ชะงุ้ม 0,ว.,เป็นเพิงงุ้มลงมา เช่น ที่งอกง้ำเป็นแง่เงื้อมก็ชะงุ้มชะโงกชะง่อนผาที่ผุดเผินเป็นแผ่นพูตะเพิงพัก (ม. ร่ายยาว มหาพน).
ชะเง้อ 0,ก.,ชูคอขึ้นดู.
ชะเงื้อม 0,น.,สิ่งที่สูงยื่นง้ำออกมา เช่น ชะเงื้อมเขา.
ชะแง้ 0,ก.,"เหลียวแลดู, เฝ้าคอยดู, เช่น ว่าจากเรือนเหมือนนกมาจากรัง อยู่ข้างหลังก็จะแลชะแง้คอย (อภัย)."
ชะโงก 0,ก.,ยื่นหน้าหรือส่วนหน้าออกไป.
ชะโงกผา 0,น.,หินซึ่งยื่นออกไปจากหน้าผา.
ชะช่อง 0,น.,"ช่อง, รูที่ผ่านได้, โอกาส, ทาง."
ชะชะ 0,อ.,"คำที่เปล่งออกมาเมื่อเวลาโกรธหรือไม่ชอบใจเป็นต้น, ชะช้า หรือ ชัดช้า ก็ว่า."
ชะช้า 0,อ.,"คำที่เปล่งออกมาเมื่อเวลาโกรธหรือไม่ชอบใจเป็นต้น, ชะ ชะชะ หรือ ชัดช้า ก็ว่า."
ชะชิด 0,ก.,"ชิด, สนิท, ใกล้, เคียง."
ชะดีชะร้าย 0,ว.,"เผื่อว่า, บางทีแสดงถึงความไม่แน่นอน, เช่น ซื้อลอตเตอรี่ไว้สักใบเถิด ชะดีชะร้ายจะถูกรางวัล, โดยปรกติมักใช้ในลักษณะเหตุการณ์ที่สังหรณ์หรือกริ่งเกรงว่าอาจจะเกิดขึ้นตามที่คาดไว้ เช่น ชะดีชะร้ายก็จะตายเสียกลางทาง."
ชะโด 0,น.,"ชื่อปลานํ้าจืดชนิด Channa micropeltes (Cuvier) ในวงศ์ Channidae รูปร่างคล้ายปลาช่อน ซึ่งอยู่ในสกุลเดียวกันแต่เกล็ดเล็กและมีจำนวนมากกว่า เฉพาะบนเส้นข้างตัวมี ๘๒-๙๕ เกล็ด เมื่อยังเล็กข้างลำตัวมีแถบสีดำเรียงคู่กันจากตาถึงครีบหาง ระหว่างแถบเป็นสีแดง แถบนี้แตกเป็นแต้มหรือจุดในปลาที่โตเต็มที่ ขนาดยาวได้ถึง ๑ เมตร, แมลงภู่ อ้ายป๊อก หรือ โด ก็เรียก, พายัพเรียก ก่อ."
ชะตา 0,น.,"ลักษณะหรืออัธยาศัยบางอย่างที่ทำให้รู้สึกชอบหรือไม่ชอบตั้งแต่แรกพบกัน เช่น ถูกชะตากัน ไม่ถูกชะตากัน, ลักษณะที่บังเกิดสำแดงเหตุดีและร้าย เช่น ชะตาดีชะตาร้าย, ชาตา ก็ว่า."
ชะต้า 0,อ.,"คำที่เปล่งออกมาเมื่อเวลาโกรธหรือชอบใจ เช่น ชะต้าเขาเป็นหญิงยังทำได้ (ขุนช้างขุนแผน-แจ้ง), ใช้ว่า ฉะต้า ก็มี."
ชะตากรรม 0,น.,ผลของกรรมที่ทำมาแล้ว ทำให้ต้องพบเหตุการณ์ในชีวิตตามผลของกรรมนั้น เช่น ทุกคนต้องรับทุกข์และสุขไปตามชะตากรรม
ชะตากรรม 1,น.,"ความเป็นไป, ความเป็นตายร้ายดี, มักใช้ในทางไม่ดี เช่น เขาหายไปนาน ไม่มีใครรู้ชะตากรรม."
ชะตาขาด 0,ก.,ถึงที่ตาย เช่น เขาคงชะตาขาด เดินอยู่ดี ๆ รถก็พุ่งเข้ามาชนตาย.
ชะตาชีวิต 0,น.,"ความเป็นไปในชีวิตที่เชื่อว่าถูกกำหนดไว้แล้ว เช่น ชะตาชีวิตเขาลุ่ม ๆ ดอน ๆ มาตลอด, ความเป็นไปในชีวิต เช่น พ่อแม่บางคนชอบกำหนดชะตาชีวิตลูก."
ชะนี 0,น.,ชื่อสัตว์เลี้ยงลูกด้วยนมในวงศ์ Hylobatidae แขนยาวมาก ไม่มีหาง ขนยาวนุ่ม เดินตัวตั้งตรงได้ ห้อยโหนอยู่ตามต้นไม้สูง ๆ ร้องเสียงดัง แสดงถึงอาณาเขตของแต่ละคู่ แต่ละชนิดมีเสียงร้องไม่เหมือนกัน กินผลไม้และใบไม้ ในประเทศไทยมี ๓ ชนิด คือ ชะนีมือขาว [ Hylobates lar (Linn.)] ขนลำตัวสีดำหรือนํ้าตาล ชะนีหัวมงกุฎหรือชะนีมงกุฎ ( H. pileatusGray) ขนตัวผู้สีดำ ตัวเมียสีเทา และชะนีมือดำหรือชะนีคิ้วขาว ( H. agilisF. Cuvier) ขนลำตัวสีดำ นํ้าตาล หรือเทา.
ชะนี 1,น.,ชื่อทุเรียนพันธุ์หนึ่ง.
ชะนีร่ายไม้ 0,น.,ชื่อท่ารำแบบหนึ่ง โดยมือข้างหนึ่งตั้งวงสูง มืออีกข้างหนึ่งแบมือหงาย แขนตึง ทอดต่ำลง เอียงศีรษะข้างเดียวกับมือที่แขนตึง.
ชะนุง 0,น.,ไม้คู่สำหรับขึงเข็ดด้ายให้ตึง แล้วใช้แปรงขนหมีหวีเพื่อแยกเส้นด้าย.
ชะเนาะ 0,น.,"ไม้สั้น ๆ สำหรับขันบิดเชือกที่ผูกให้แน่นเช่นในการทำนั่งร้าน, ลูกชะเนาะ ก็เรียก."
ชะเนียง 0,น.,ต้นเนียง. (ดู เนียง ๒).
ชะพลู 0,น.,"ชื่อไม้ล้มลุกเกาะเลื้อยชนิด Piper sarmentosum Roxb. ในวงศ์ Piperaceae ใบคล้ายพลู กินได้ ต้นและใบมีรสเผ็ด รากและผลใช้ทำยาได้, ชะพลู ก็เรียก."
ชะเพลิง 0,น.,"ชื่อไม้ต้นชนิด Diospyros undulata Wall. ex G. Don var. cratericalyx (Craib) Bakh. ในวงศ์ Ebenaceae ขึ้นในป่าดิบ มีมากทางภาคใต้ สูงได้ถึง ๒๐ เมตร ไม่ผลัดใบ, จะเพลิง ชะเพลิง คำดีควาย ดูกค่าง ตะโกดำ พลับเขา ไหม้ หม้าย หรือ สะลาง ก็เรียก."
ชะมด 0,น.,"ชื่อสัตว์เลี้ยงลูกด้วยนมในวงศ์ Viverridae หน้าแหลม รูปร่างเพรียว สีเทาหรือนํ้าตาล มีลายจุดสีดำตามยาวทั่วตัว หางและขนหางยาว มีลายเป็นปล้อง มีต่อมกลิ่นใกล้อวัยวะเพศ มักหากินในเวลากลางคืน ในประเทศไทยมีหลายชนิด เช่น ชะมดเช็ด [ Viverricula malaccensis (Gmelin)] เป็นชนิดที่ใช้นํ้ามันจากต่อมกลิ่นทำเครื่องหอม, ชะมดแผงหางปล้อง ( Viverra zibetha Linn.), ชะมดแผงสันหางดำ ( V. megaspila Blyth), อีสานเรียก เห็นอ้ม."
ชะมด 1,น.,ชื่อกวางในสกุล Moschus วงศ์ Moschidae เป็นกวางขนาดเล็ก ลำตัวป้อม หัวเล็ก ไม่มีเขา ขนหยาบมีสีแตกต่างกัน ตัวเมียเขี้ยวสั้นมาก ตัวผู้มีเขี้ยวยาวคล้ายใบมีดยื่นพ้นริมฝีปาก และมีต่อมกลิ่นอยู่ระหว่างสะดือกับอวัยวะเพศ ขับสารคล้ายขี้ผึ้งออกมา เรียกว่า ชะมดเชียง ใช้แต่งกลิ่นเครื่องหอมและทำยาได้ มักอาศัยอยู่ตามป่าสนและป่าผลัดใบรกทึบบนภูเขา มี ๔ ชนิด ได้แก่ กวางชะมดไซบีเรีย ( Moschus moschiferus Linn.) กวางชะมดเขาสูง [ M. chrysogaster (Hodgson)] กวางชะมดดำ ( M. Fuscus Li) และกวางชะมดป่า ( M. berezovskii Flerov) ไม่พบในประเทศไทยแต่ที่นำมาเลี้ยงในประเทศไทย ได้แก่ กวางชะมดป่า.
ชะมด 2,น.,ชื่อมะกรูดพันธุ์หนึ่ง.
ชะมด 3,น.,ชื่อขนมชนิดหนึ่ง ทำด้วยข้าวเม่า มะพร้าวขูด และน้ำตาล กวนให้เข้ากัน ปั้นเป็นก้อนกลมแบน ชุบด้วยแป้งข้าวเจ้าแล้วทอดน้ำมัน.
ชะมดเชียง 0,น.,ชื่อเครื่องหอมชนิดหนึ่งซึ่งได้จากกวางชะมดตัวผู้ ใช้แต่งกลิ่นเครื่องหอมและทำยาได้. (ดู กวางชะมด ประกอบ).
ชะมดต้น 0,น.,"ชื่อไม้พุ่มชนิด Abelmoschus moschatusMedik. subsp. moschatus ในวงศ์ Malvaceae ดอกสีเหลือง โคนกลีบสีนํ้าตาลเข้ม เมล็ดมีกลิ่นคล้ายกลิ่นชะมดเช็ด ใช้ทำยาได้, ฝ้ายผี ก็เรียก."
ชะมบ 0,น.,"ไม้ปักเป็นเครื่องหมายกำหนดแนวหรือตำแหน่งสำหรับขุดหลุมจะปลูกเรือน, ฉมบ ก็ว่า."
ชะมวง 0,น.,ชื่อไม้ต้นชนิด Garcinia cowaRoxb . Ex DC. ในวงศ์ Guttiferae ใบมีรสเปรี้ยว ใช้เป็นผัก.
ชะมัง 0,น.,"ชื่อไม้ต้นหลายชนิดในสกุล Litsea วงศ์ Lauraceae เช่น ชนิด L. ellipticaBlume ใบและเนื้อไม้มีกลิ่นคล้ายแมงดา, ชะมัง ก็เรียก."
ชะมัด 0,ว.,"มาก, ยิ่ง, เช่น เก่งชะมัด, ชะมัดยาด ก็ว่า."
ชะแม่ 0,น.,"สตรีชาววังฝ่ายใน เช่น ยังจะประพฤติตนให้นางท้าวชาวชะแม่พระสนมกำนัล สิ้นทั้งพระราชฐานรักใคร่ตัวได้แลฤา, บรรดาหมู่ชะแม่นางในทั้งหลาย (ตำรับท้าวศรีจุฬาลักษณ์) อนึ่ง ผู้เปนจ่าเปนโขลนท่านแต่งให้เรียกหาชะแม่ พระสนม ค่ำเช้าเข้าใต้เพลิง (กฎมนเทียรบาล)."
ชะรอย 0,ว.,"เห็นจะ, เห็นทีจะ, ท่าจะ, บางที, ในบทกลอนใช้ว่า รอย ก็มี เช่น เจ้าจุพลภูมิศร์ รอยไพริศร้ายกำจัดจร (ม. คำหลวง วนประเวศน์)."
ชะลอ 0,ก.,"อาการที่ลากเลื่อนสิ่งของที่หนักให้ค่อย ๆ เคลื่อนไปจากที่, พยุงไว้, ประคองไว้, ค่อย ๆ ประคองไป, เช่น ชะลอต้นไม้ใหญ่มาปลูก, ค่อย ๆ พยุงขึ้นให้ตรง เช่น สุครีพชะลอเขาไกรลาศ"
ชะลอ 1,ก.,"ทำให้ช้าลง, ทำให้ช้าลงเพื่อรอ เช่น ชะลอเวลา ชะลอการเกิด."
ชะลอม 0,น.,"เครื่องสานชนิดหนึ่ง รูปทรงกระบอก สานด้วยตอกเป็นต้น ตาห่าง ๆ สำหรับใส่สิ่งของ, อีสานเรียก กะลอม."
ชะล่า 0,น.,ชื่อเรือขุดชนิดหนึ่ง ท้องแบน ลำยาว หัวตัดท้ายตัดเชิดขึ้นเล็กน้อย.
ชะล่า 1,ก.,"ฮึกเหิมจนประมาท เช่น แสนเสียดายนันทาที่น่ารัก ชะล่านักวิ่งออกนอกถนน (แบบเรียน), โจรชะล่าใจปล้นกลางวันแสก ๆ."
ชะล่าใจ 0,ก.,"ฮึกเหิมจนประมาท เช่น แสนเสียดายนันทาที่น่ารัก ชะล่านักวิ่งออกนอกถนน (แบบเรียน), โจรชะล่าใจปล้นกลางวันแสก ๆ."
ชะลาน 0,น.,ชื่อหนึ่งของฝนชะช่อมะม่วง ชาวนาเรียกว่า ฝนชะลาน เพราะมักตกในระยะเวลาที่ยังนวดข้าวไม่เสร็จ.
ชะลิน 0,น.,"ชื่อปลาทะเลหรือน้ำกร่อยชนิด Chanos chanos (Forsskål) ในวงศ์ Chanidae ลำตัวยาวเพรียว แบนข้างเล็กน้อย หัวหลิม ตาโต ครีบหลังมีครีบเดียวตั้งอยู่ในแนวกลางตัว ครีบหางเป็นแฉกลึก เกล็ดทั่วตัวมีสีเงิน ขนาดยาวได้ถึง ๑.๘ เมตร อยู่ในน้ำจืดได้, ชะลิน ดอกไม้ หรือ นวลจันทร์ทะเล ก็เรียก."
ชะลูด 0,ว.,เรียวยาวสูงขึ้นไป เช่น สูงชะลูด.
ชะลูด 1,น.,ชื่อไม้เถาชนิด Alyxia reinwardtii Blume ในวงศ์ Apocynaceae เปลือกหอม ใช้ทำยาและปรุงเครื่องหอม.
ชะลูด 2,ก.,"ลงท้อง, ท้องเดิน, (ใช้แก่ช้าง)."
ชะเลง 0,น.,เครื่องดักปลาชนิดหนึ่งคล้ายชนาง.
ชะเลย 0,ก.,ชะล่า เช่น พระทำเฉยจะให้นางชะเลยใจ (อิเหนา).
ชะแล็ก 0,น.,เชลแล็ก.
ชะแลง 0,น.,เครื่องมือช่างชนิดหนึ่ง ทำด้วยเหล็กท่อน ปลายข้างหนึ่งแบน สำหรับงัดหรือขุด ปลายอีกข้างหนึ่งมักทำเป็นง่าม ใช้ถอนตะปู.
ชะวัง 0,น.,ชื่อหวายชนิดหนึ่งผิวงาม โดยมากใช้ทำไม้ถือ.
ชะวาก 0,น.,ช่องที่เวิ้งว้างเข้าไป.
ชะวากทะเล 0,น.,ฝั่งทะเลที่เว้าเป็นช่องเข้าไปยังปากแม่นํ้า ซึ่งนํ้าจืดไหลมาผสมกับนํ้าทะเล.
ชะวาด 0,น.,ชื่อปลาชนิดหนึ่ง เช่น ชะวาดแอบแปบปนปลอม (เห่เรือ).
ชะวุ้ง 0,ว.,"วุ้ง, เป็นคุ้ง, คด, อ้อม, เช่น หว่างเวิ้งชะวุ้งศิขร (กุมารคำฉันท์)."
ชะเวิกชะวาก 0,ว.,"เปิดกว้างและลึก เช่น สวมเสื้อคอกว้างชะเวิกชะวาก, ชะเวิบชะวาบ ก็ว่า."
ชะเวิบชะวาบ 0,ว.,"เปิดกว้างและลึก เช่น สวมเสื้อคอกว้างชะเวิบชะวาบ, ชะเวิกชะวาก ก็ว่า, เปิดเผยอวัยวะบางส่วนที่ควรปกปิด เช่น แต่งตัวชะเวิบชะวาบ."
ชะแวง 0,น.,ชื่อปลาชนิดหนึ่ง เช่น ชะแวงแฝงฝั่งแนบ (เห่เรือ).
ชะอม 0,น.,ชื่อไม้พุ่มรอเลื้อยชนิด Acacia pennata (L.) Willd. subsp. insuavis (Lace) I.C. Nielsen ในวงศ์ Leguminosae มีหนาม กลิ่นแรง ใบเล็กเป็นฝอย ยอดและใบอ่อนกินได้.
ชะอ้อน 0,ก.,"แสดงกิริยาวาจาเพื่อให้เขาเมตตา, ฉะอ้อน ก็ใช้."
ชะอ้อน 1,ว.,"รูปร่างเล็กบาง, ฉะอ้อน ก็ใช้."
ชะเอม 0,น.,"ชื่อไม้เถาชนิด Myriopteron extensum (Wight) K. Schum. ในวงศ์ Asclepiadaceae เถามีรสหวาน ใช้ทำยา ผลมีครีบโดยรอบ กินได้, ข้าวสาร ก็เรียก."
ชะเอม 1,น.,"ชื่อพรรณไม้ ๓ ชนิดในวงศ์ Leguminosae คือ ชะเอมไทยหรือชะเอมป่า ( Albizia myriophylla Benth .) เป็นไม้เถาเนื้อแข็ง เถามีรสหวาน ใช้ทำยาได้, ชะเอมเทศ ( Glycyrrhiza glabra L.) และ ชะเอมขาไก่ ( G. uralensis Fisch. ex DC.) เป็นไม้พุ่มต่างประเทศ รากมีรสหวานชุ่มคอ ใช้ทำยาได้. (ข. เฌีแอม ว่า ไม้หวาน)."
ชะโอน 0,น.,"ชื่อปลานํ้าจืด ไม่มีเกล็ด ในวงศ์ Siluridae มีฟันเล็กแต่แหลมคม ลำตัวด้านหลังสีนํ้าตาล ครีบต่าง ๆ มีจุดประสีเทาดำ เป็นพวกปลาเนื้ออ่อน มี ๒ ชนิด คือ ชนิด Ompok krattensis (Bloch) ซึ่งมีครีบหลัง ปากเชิดขึ้น เหนือครีบอกมีจุดกลมสีดำ ๑ จุด, เนื้ออ่อน โอน หน้าสั้น สยุมพร หรือ นาง ก็เรียก, และชนิด Phalacronotus apogon (Bleeker) ไม่มีครีบหลัง ปากอยู่ปลายสุดของหัว ไม่มีจุดสีดำเหนือครีบอกบนลำตัว, เนื้ออ่อน แดง หรือ นาง ก็เรียก."
ชัก 0,ก.,ดึงสายเชือกเป็นต้นที่ผูกอยู่กับสิ่งใดสิ่งหนึ่งเพื่อให้สิ่งนั้นเคลื่อนไหวไปตามต้องการ เช่น ชักธงขึ้นเสา
ชัก 1,ก.,"ดึง, ดึงออกมา, เช่น ชักดาบออกจากฝัก ชักลิ้นชักโต๊ะ"
ชัก 2,ก.,ดึงเอามา เช่น ชักผ้าป่า ชักผ้าบังสุกุล
ชัก 3,ก.,ดึงออกแล้วดันเข้า เช่น ชักสูบ
ชัก 4,ก.,"นำเอามาอ้าง, ยกเอามาอ้าง, เช่น ชักตัวอย่าง"
ชัก 5,ก.,"เอาออก, หักออก, เช่น ชักค่าอาหาร ชักค่านายหน้า"
ชัก 6,ก.,ขยายแนวให้ยาวออกไป เช่น ชักปีกกา ชักกำแพง ชักแนวค่าย
ชัก 7,ก.,สี เช่น ชักซอ
ชัก 8,ก.,กระตุก เช่น ชักจ้องหน่อง.
ชัก 9,ว.,"ค่อนข้าง, เกือบ, เริ่ม, เช่น ชักโกรธ ชักหิว."
ชัก 10,ก.,อาการที่กล้ามเนื้อกระตุกอย่างกะทันหันและรุนแรง มักมีอาการมือเท้าเกร็ง.
ชักกระบี่สี่ท่า 0,น.,ชื่อท่ารำแบบหนึ่ง โดยมือข้างหนึ่งตั้งวงสูง ระดับแง่ศีรษะ มืออีกข้างหนึ่งจีบหงาย แขนตึงเฉียงไปด้านหน้าเล็กน้อย เอียงศีรษะข้างเดียวกับมือที่ตั้งวง.
ชักครอก 0,น.,"เรียกลูกปลาจำพวกปลาช่อนที่ตามแม่เป็นฝูง ๆ ว่า ลูกชักครอก, ลูกครอก ก็ว่า."
ชักคราม 0,น.,"ชื่อไม้พุ่มขนาดเล็กชนิด Suaeda maritima (L.) Dumort. ในวงศ์ Chenopodiaceae ขึ้นตามดินเลนแข็งใกล้ทะเล กิ่งก้านและใบพองกลมปลายแหลมสีเขียว เขียวอมม่วง ชมพู มีนวล กินได้, ชักคราม ก็เรียก."
ชักโครก 0,น.,ที่นั่งถ่ายอุจจาระมีที่เปิดนํ้าขับล้างได้.
ชักเงา 0,ก.,ทำให้เกิดเงามันวาว.
ชักเงา 1,ว.,ที่ทำให้เกิดเงามันวาว เช่น นํ้ามันชักเงา.
ชักจูง 0,ก.,จูงใจเพื่อให้เห็นคล้อยตาม.
ชักชวน 0,ก.,ชวนให้ทำด้วยกัน.
ชักช้า 0,ว.,"โอ้เอ้, ล่าช้า."
ชักซอสามสาย 0,น.,ชื่อท่ารำแบบหนึ่ง โดยมือข้างหนึ่งจีบหงาย งอข้อศอก หักข้อมือเข้าหาแง่ศีรษะ มืออีกข้างหนึ่งจีบหงาย ระดับชายพก เอียงศีรษะข้างเดียวกับมือต่ำ.
ชักซุงตามขวาง 0,ก.,ทำอะไรที่ไม่ถูกวิธีย่อมได้รับความลำบาก
ชักซุงตามขวาง 1,ก.,ขัดขวางผู้มีอำนาจย่อมได้รับความเดือดร้อน.
ชักดาบ 0,ก.,ไม่ยอมจ่ายเงิน.
ชักดิ้นชักงอ 0,ก.,อาการที่นอนดิ้นบนพื้น แขนขาสะบัดไปมาอย่างแรง เช่น เด็กบางคนพอไม่ซื้อของเล่นให้ ก็ร้องไห้ชักดิ้นชักงอ.
ชักตะพานแหงนเถ่อ 0,ก.,ตั้งใจทำอะไรแล้วไม่เป็นผลสำเร็จ ต้องคอยค้างอยู่.
ชักแถว 0,ก.,พร้อมกันทำสิ่งใดสิ่งหนึ่ง เช่น พนักงานชักแถวลาออก ลูกน้องชักแถวไปอวยพรวันเกิดเจ้านาย.
ชักนำ 0,ก.,เกลี้ยกล่อมหรือโน้มนำให้เห็นคล้อยตาม.
ชักน้ำเข้าลึก ชักศึกเข้าบ้าน 0,ก.,นำศัตรูเข้าบ้าน.
ชักเนื้อ 0,ก.,"เอาทรัพย์หรือผลประโยชน์ของตนออกใช้ทดแทน, ใช้เงินเกินกว่าจำนวนที่เขากำหนดไว้ แล้วเรียกเอาส่วนเกินคืนไม่ได้, ชักทุนเดิม."
ชักใบให้เรือเสีย 0,ก.,พูดหรือทำขวาง ๆ ให้การสนทนาหรือการงานเขวออกนอกเรื่องไป.
ชักแป้งผัดหน้า 0,น.,ท่าละครท่าหนึ่ง.
ชักพระ 0,น.,"ชื่อประเพณีอย่างหนึ่งทางภาคใต้ ถือว่าเป็นประเพณีสำคัญ นิยมมีในวันแรม ๑ คํ่า เดือน ๑๑ ซึ่งถือว่าเป็นวันที่พระพุทธเจ้าเสด็จลงจากสวรรค์ชั้นดาวดึงส์กลับจากโปรดพระพุทธมารดา คล้ายวันตักบาตรเทโวของภาคกลาง, การชักพระมี ๒ อย่าง คือ ชักพระทางบกกับทางน้ำ, ถ้าชักพระทางบก ก็อัญเชิญพระพุทธรูปประดิษฐานไว้บนบุษบกซึ่งตั้งอยู่บนยานพาหนะแล้วช่วยกันชักลากไป, ถ้าชักพระทางน้ำ ก็อัญเชิญพระพุทธรูปประดิษฐานบนบุษบกในเรือ แล้วใช้เชือกผูกเรือพระช่วยกันลากไปยังสถานที่ที่กำหนด แล้วจึงถวายภัตตาหารแก่พระสงฆ์ มักจะมีการโยนข้าวต้มรูปสามเหลี่ยมห่อด้วยใบกะพ้อเป็นต้นใส่กัน บางทีก็มีแข่งเรือและอื่น ๆ ด้วย."
ชักแม่น้ำทั้งห้า 0,ก.,พูดจาหว่านล้อมยกเหตุผลต่าง ๆ เพื่อโน้มน้าวให้ได้สิ่งที่ประสงค์ เช่น เถ้าก็พูดจาหว่านล้อมด้วยคำยอ ชักเอาแม่นํ้าทั้งห้าเข้ามาล่อ (ม. ร่ายยาว กุมาร).
ชักยันต์ 0,ก.,ลากเส้นและลงอักขระเป็นรูปยันต์ต่าง ๆ พร้อมทั้งบริกรรมคาถา
ชักยันต์ 1,ก.,ขี่ม้าแปรขบวนเป็นรูปคล้ายยันต์.
ชักเย่อ 0,น.,ชื่อการเล่นอย่างหนึ่ง โดยแบ่งผู้เล่นออกเป็น ๒ ฝ่าย แต่ละฝ่ายจะมีจำนวนเท่า ๆ กันหรือกำลังพอ ๆ กัน มักใช้เชือกขนาดพอกำรอบ ยาวพอที่จะให้ผู้เล่นทั้ง ๒ ฝ่ายเรียงแถวจับได้ โดยมีที่ว่างระหว่างกลางเหลือไว้ประมาณ ๒ เมตร กลางเชือกคาดด้วยผ้าหรือใช้สีป้ายเป็นเครื่องหมายไว้ วางกึ่งกลางเชือกไว้บนพื้นที่ที่มีเส้นขีดกลางเป็นเส้นแบ่งเขตแดน เมื่อกรรมการให้สัญญาณ ผู้เล่นทั้ง ๒ ฝ่ายต่างก็จะพยายามดึงเชือกให้กึ่งกลางของเชือกเข้ามาในแดนของตน ถ้าฝ่ายใดสามารถดึงกึ่งกลางเชือกเข้ามาในแดนของตนได้ ถือว่าชนะ ตามปรกติจะแข่งกัน ๓ ครั้ง ฝ่ายที่ชนะ ๒ ใน ๓ ครั้งถือว่าชนะเด็ดขาด.
ชักเย่อ 1,ก.,ดึงหรือรั้งไปมา.
ชักใย 0,ก.,บงการอยู่เบื้องหลัง.
ชักใย 1,น.,"ชื่อแมลงอันดับ Embioptera ลักษณะลำตัวเป็นรูปทรงกระบอก ยาว ๐.๕-๒.๐ เซนติเมตร เพศเมียทุกตัวและเพศผู้บางตัวไม่มีปีก ตีนมี ๓ ข้อ สามารถสร้างใยได้จากต่อมสร้างใยอยู่ที่ตีนข้อแรกของขาคู่หน้าที่โป่งพองออก อาศัยอยู่รวมกันเป็นกลุ่มภายในอุโมงค์ เส้นใยมักพบตามใต้เปลือกไม้ รอยแตกในดินและหิน ที่พบบ่อย เช่น ชนิด Oligotoma saundersii Westwood ในวงศ์ Oligotomidae, ชักใย ก็เรียก."
ชักรอก 0,ก.,"อาการที่ทำให้เส้นเชือกหรือเส้นลวดเคลื่อนผ่านร่องของรอกเพื่อยก ลาก หรือดึงของหนักหรือคนเป็นต้น ให้สะดวกคล่องขึ้น, อาการที่ดึงสิ่งใดสิ่งหนึ่งไปแขวนไว้ เช่น ชักรอกขึ้นไปบนหิ้ง."
ชักรอก 1,น.,เรียกโขนที่ชักรอกผู้แสดง เช่น หนุมาน เบญกาย ลอยขึ้นไปจากพื้นเวทีแสดงท่าเหาะ ว่า โขนชักรอก.
ชักรูป 0,ก.,"บันทึกภาพโดยวิธีให้แสงจากสิ่งที่จะถ่ายไปลงบนแผ่นวัสดุใสเช่นฟิล์ม กระจกถ่ายรูป, ถ่ายรูป ก็ว่า."
ชักว่าว 0,ก.,ทำให้ว่าวลอยขึ้นไปด้วยการดึงสายป่านให้ว่าวกินลมเป็นต้น.
ชักศพ 0,ก.,ถือสายสิญจน์ที่โยงจากศพและนำศพให้เคลื่อนที่ไปยังที่เก็บ ที่ตั้ง หรือที่เผาศพ (ใช้แก่พระ).
ชักสองแถว 0,ก.,ยอมแพ้ (ใช้แก่ปลากัดซึ่งมีตัวซีด มีเส้นดำขึ้นที่ตัวเป็น ๒ แถว).
ชักสีหน้า 0,ก.,"ทำสีหน้าโกรธไม่พอใจ, ชักหน้า ก็ว่า."
ชักสื่อ 0,ก.,"แนะนำชายหญิงให้รู้จักกันในฐานชู้สาว เช่น ถ้าเจ้าไช้ให้ข้าชักสื่อ ท่านว่าข้าเถียงเจ้ามิได้ อย่าให้ไหมทาษนั้นเลย (สามดวง), ภิกษุชักสื่อให้ชายหญิงเป็นผัวเมียกัน ต้องสังฆาทิเสส (นวโกวาท)."
ชักหน้า 0,ก.,"ทำสีหน้าโกรธไม่พอใจ เช่น นางนั่งก้มพักตร์แล้วชักหน้า (อิเหนา), ชักสีหน้า ก็ว่า."
ชักหน้า 1,ก.,ดูใน ชัก ๑.
ชักหน้า 2,น.,"ชื่อขนมชนิดหนึ่ง ทำด้วยแป้งข้าวเจ้าผสมแป้งมัน ละลายกับนํ้าเชื่อม ใส่ถ้วยตะไลนึ่ง เมื่อสุกหน้าจะบุ๋ม, ขนมนํ้าดอกไม้ ก็เรียก."
ชักหน้าไม่ถึงหลัง 0,ก.,มีรายได้ไม่พอกับรายจ่าย.
ชัค- 0,น.,แผ่นดิน เช่น ชัคสัตว์เสพสำราญ รมยทั่ว กันนา (ตะเลงพ่าย).
ชัง 0,ก.,"เกลียด, ไม่ชอบ, ไม่รัก."
ชั่ง 0,น.,มาตราเงินตามวิธีประเพณี ๒๐ ตำลึงหรือ ๘๐ บาท เป็น ๑ ชั่ง
ชั่ง 1,น.,"ชื่อมาตราวัดน้ำหนักตามวิธีประเพณีแบบไทย ๒๐ ตำลึง เป็น ๑ ชั่ง หรือมีน้ำหนักเท่ากับ ๑,๒๐๐ กรัม, ถ้าเป็นชั่งจีนมีนํ้าหนักเท่ากับ ๖๐๐ กรัม คือเป็นครึ่งหนึ่งของชั่งไทย."
ชั่ง 2,ก.,กระทำให้รู้นํ้าหนักโดยใช้เครื่องชั่งหรือตราชูเป็นต้น เช่น ชั่งเนื้อหมูให้สักครึ่งกิโลกรัม เมื่อเช้าชั่งน้ำหนัก ลดไป ๒ กิโลกรัม.
ชังคา 0,น.,"คำสั่ง, คำพูด, เช่น อย่าหมอบมัวคอยฟังพระชังคา (พาลีสอนน้อง)."
ชังฆ- 0,น.,"ชงฆ์, แข้ง."
ชังฆวิหาร 0,น.,การเดินไปมา.
ชั่งใจ 0,ก.,คิดให้แน่ก่อนที่จะตัดสินใจ.
ชั่งหลวง 0,น.,ชื่อมาตราชั่งของหลวง มีนํ้าหนักเท่ากับ ๖๐๐ กรัม.
ชัชวาล 0,ว.,"สว่าง, รุ่งเรือง, โพลงขึ้น."
ชัฏ 0,น.,"ป่าทึบ, ป่ารก, เซิง, เช่น ตัวก่านกาจชาติชัฏขน (ม. คำหลวง ทานกัณฑ์)."
ชัด 0,ว.,"ประจักษ์แจ้ง, แจ่มแจ้ง, เช่น เห็นชัด ปรากฏชัด"
ชัด 1,ว.,"ไม่ผิดเพี้ยน, ไม่แปร่ง, เช่น พูดชัด."
ชัดเจน 0,ว.,แจ่มแจ้งโดยไม่ต้องสงสัย เช่น เห็นภาพชัดเจน พูดชัดเจน.
ชัดช้า 0,อ.,"คำที่เปล่งออกมาเมื่อเวลาโกรธหรือไม่ชอบใจเป็นต้น, ชะ ชะชะ หรือ ชะช้า ก็ว่า."
ชั้น 0,น.,ที่สำหรับวางของอย่างหนึ่ง มีพื้นซ้อนกันคล้ายตู้แต่ไม่มีบานปิด
ชั้น 1,น.,ขั้นที่ลดหลั่นกันหรือซ้อนกัน เช่น ชั้นดิน ชั้นหิน
ชั้น 2,น.,สถานภาพทางสังคมที่ไม่เสมอกัน เช่น ชนชั้นกลาง ชนชั้นกรรมาชีพ
ชั้น 3,น.,"ขั้น, ตอน, เช่น เรื่องดำเนินมาถึงชั้นศาลแล้ว"
ชั้น 4,น.,"ระดับ เช่น มือคนละชั้น, ลักษณนามเรียกขั้นที่ลดหลั่นกันหรือซ้อนกัน เช่น ฉัตร ๕ ชั้น บ้าน ๒ ชั้น."
ชั้น 5,ว.,ที่ซ้อนทับกัน เช่น ขนมชั้น หินชั้น.
ชัน 0,น.,ยางไม้สำหรับยาเรือเป็นต้น.
ชัน 1,ก.,ยกตั้งตรง เช่น นอนชันขา นั่งชันเข่า
ชัน 2,ก.,ตั้งขึ้น เช่น ขนลุกขนชัน หูชัน.
ชัน 3,ว.,"ตรงขึ้นไป, ไม่ลาด, เช่น ตลิ่งชัน."
ชันกาด 0,น.,ชื่อหญ้าชนิด Panicum repens L. ในวงศ์ Gramineae ใช้ทำยาได้.
ชันกาด 1,น.,"ชื่อกุ้งขนาดเล็กหลายชนิดในวงศ์ Penaeidae เช่น ชนิด Metapenaeus ensis (De Haan) ลำตัวสีเหลืองอ่อน ผิวเปลือกเป็นมัน พบในบริเวณนํ้ากร่อยและชายฝั่งทะเล, ชันกาด ตะเข็บ หรือ หัวมัน ก็เรียก."
ชันคอ 0,ก.,ตั้งหัวขึ้นได้เอง (ใช้แก่ทารก).
ชั้นฉาย 0,น.,"ชื่อหน่วยในมาตราวัดเวลาในสมัยโบราณ วัดโดยอาศัยการวัดเงาของตัวคนที่เกิดจากแสงแดดด้วยระยะความยาวของฝ่าเท้าของบุคคลนั้น ตอนเช้าหรือเย็นเงาจะทอดยาว และตอนเที่ยงเงาจะสั้นที่สุดหรืออาจไม่มีเลย เงาจะเปลี่ยนสั้นยาวได้จากเดือนหนึ่งไปสู่อีกเดือนหนึ่ง, เงายาว ๑ ฝ่าเท้า เรียกว่า ๑ ชั้นฉาย สามารถเทียบเวลาได้ ถ้าเป็นตอนเช้าเท่ากับ ๑๑.๔๕ นาฬิกา ถ้าเป็นตอนบ่ายเท่ากับ ๑๒.๑๕ นาฬิกา เช่น ปีขาลวันอังคารเดือนห้า ตกฟากเวลาสามชั้นฉาย (ขุนช้างขุนแผน)."
ชั้นชั่ว 0,ว.,อย่างตํ่า.
ชันชี 0,ก.,"สัญญา, นัดหมาย, ตกลงกัน, เช่น มาตราหนึ่ง สารพหนังสือกรมทัน กันใด ชันชีบริคนให้แก่กัน (สามดวง)."
ชั้นเชิง 0,น.,"เล่ห์เหลี่ยม, ท่วงที, อุบาย, เชิงชั้น ก็ว่า."
ชั้นดิน 0,น.,ดินที่ทับถมกันเป็นชั้น ๆ สามารถบอกอายุหลักฐานทางโบราณคดีได้.
ชั้นเดียว 0,น.,ชื่ออัตราจังหวะหน้าทับและทำนองเพลงประเภทหนึ่ง มีความยาวเป็น ๒ เท่าของอัตราครึ่งชั้น.
ชันตาฆระ 0,น.,"เรือนอยู่ไฟ, ห้องสำหรับรมไฟเพื่อให้เหงื่อออก."
ชันตุ 0,น.,สิ่งมีชีวิต ได้แก่ คน สัตว์ ต้นไม้.
ชั้นแต่ 0,ว.,เพียงแต่ เช่น ชั้นแต่จะหุงข้าวสักหม้อก็ทำไม่เป็น.
ชันนะตุ 0,น.,ชื่อโรคผิวหนังชนิดหนึ่ง เป็นที่ศีรษะ เกิดจากเชื้อราบนผิวหนังศีรษะก่อนแล้วลุกลามกินลึกลงไปถึงรากผม ทำให้ผมร่วง (มักเกิดแก่เด็กผู้ชาย).
ชั้นนี้ 0,น.,"ขณะนี้, ตอนนี้, ในความว่า ในชั้นนี้ เช่น ในชั้นนี้ขออธิบายเพียงคร่าว ๆ ก่อน."
ชันนุ 0,น.,"เข่า. (ป., ส. ชานุ). (ดู ชานุ, ชานุกะ)."
ชันนุกะ 0,น.,"เข่า. (ป., ส. ชานุ). (ดู ชานุ, ชานุกะ)."
ชันพอน 0,น.,"ชันที่ผสมน้ำมันยาง มีลักษณะเหลว มีสีเหลืองนวล สำหรับใช้พอนเรือเป็นต้น, ลาพอน ก็ว่า."
ชันเพชร 0,น.,ชันที่เคี่ยวกับน้ำมันยางและผงอิฐจนเหนียว เมื่อเย็นลงจะจับตัวแข็ง ใช้รองแผ่นโลหะในกระบวนการสลักดุนลาย.
ชันโรง 0,น.,"ชื่อแมลงขนาดเล็กหลายชนิดหลายสกุล ในวงศ์ Apidae โดยทั่วไปมีขนาดลำตัวยาวไม่เกิน ๑๐ มิลลิเมตร อยู่รวมกันเป็นฝูงและแบ่งวรรณะเหมือนผึ้ง แต่ไม่มีเหล็กในอย่างผึ้งทั่วไป จึงไม่สามารถต่อยได้ ทำรังตามโพรงไม้หรือตามรอยแตกฝาผนังของบ้านเรือน รังทำจากสารเหนียวผสมขี้ดินและยางไม้ ที่พบมากในประเทศไทยอยู่ในสกุล Trigona ชนิดที่พบบ่อย เช่น ชนิด T. terminata Smith, T. apicalis Smith มีชื่ออื่น ๆ อีกตามท้องถิ่น เช่น หูด ขี้ตังนี หรือ กินชัน, อีสานเรียก ขี้สูด, ปักษ์ใต้เรียก ขี้ชัน."
ชั้นลด 0,น.,พื้นอาคารที่ลดระดับต่ำกว่าพื้นส่วนกลาง อยู่ต่อออกมาทางหัวและท้ายอาคาร เช่น ชั้นลดระเบียง ชั้นลดเฉลียง.
ชันษา 0,น.,อายุ.
ชันสน 0,น.,ของแข็งลักษณะโปร่งแสง สีคล้ายอำพัน ได้จากการกลั่นยางสน. (ดู ยางสน ที่ ยาง ๓ ประกอบ).
ชันสูตร 0,ก.,"ตรวจสอบเพื่อหาสาเหตุหรือหลักฐานข้อเท็จจริง เช่น ชันสูตรบาดแผล ชันสูตรพลิกศพ, สอบสวนโดยเหตุผล."
ชันสูตรพลิกศพ 0,ก.,ตรวจพิสูจน์ศพเพื่อให้ทราบว่า ผู้ตายคือใคร ตายที่ไหน เมื่อใด สาเหตุและพฤติการณ์ที่ตาย และในกรณีตายโดยคนทำร้ายต้องรายงานว่าใครหรือสงสัยว่าใครเป็นผู้กระทำผิดเท่าที่จะทราบได้.
ชั้นหลัง 0,ว.,รุ่นที่จะตามมา เช่น จงประพฤติตนเป็นตัวอย่างแก่ชนชั้นหลัง.
ชั้นหิน 0,น.,หินที่ทับถมกันเป็นชั้น ๆ มีแนวระนาบของการวางชั้นหรือแนวแยกที่ชัดเจน มีสมบัติหรือลักษณะเฉพาะแต่ละชั้น.
ชัปนะ 0,น.,"การพูดพึมพำ, การสวดมนต์พึมพำ."
ชัพ 0,ว.,เร็ว.
ชัมพูนท 0,น.,"ชื่อทองคำเนื้อบริสุทธิ์ที่กล่าวอยู่ในไตรภูมิพระร่วงว่าเกิดจากผลหว้าที่ตกลงกลางแม่น้ำในชมพูทวีป, ชมพูนท ชมพูนุท หรือ ชามพูนท ก็ว่า."
ชัย 0,น.,"การชนะ, ความชนะ."
ชัย- 0,น.,"การชนะ, ความชนะ."
ชัยบาน 0,น.,เครื่องดื่มในการมีชัย.
ชัยพฤกษ์ 0,น.,ชื่อไม้ต้นชนิด Cassia javanica L. ในวงศ์ Leguminosae ดอกสีชมพูเข้ม เมื่อออกดอกไม่ทิ้งใบ ฝักเกลี้ยง ใช้ทำยาได้.
ชัยพฤกษ์ 1,น.,ชื่อลายชนิดหนึ่ง.
ชัยภูมิ 0,น.,ทำเลที่เหมาะ.
ชัยเภรี 0,น.,ชื่อกลองชนิดหนึ่ง.
ชัยศรี 0,น.,ความสง่าผ่าเผยด้วยความชนะ (ใช้ประกอบกับชื่อต่าง ๆ ที่ถือว่าเป็นมงคล) เช่น พระขรรค์ชัยศรี นครชัยศรี.
ชัลลุกา 0,น.,ปลิง.
ชั่ว 0,น.,"ระยะ เช่น สูง ๓ ชั่วลำตาล, ระยะเวลา, สมัย, ครั้ง, เช่น ครอบครัวเราทำบุญที่วัดนี้มาชั่วปู่ย่าตายาย ชั่วอายุผมไม่เคยเห็นอะไรอย่างนี้เลย."
ชั้ว 0,น.,ที่สำหรับตั้งวางของ รูปคล้ายตู้ แต่ใช้กระดานทั้งแผ่นประกอบด้านข้างตลอดทั้ง ๒ ข้างลงมาเป็นขาด้วย ด้านหลังกรุกระดานทึบทั้งแผ่นยาวลงมาถึงพื้น มีหูช้างติดตรงมุมขา ๒ ข้าง.
ชั่ว 1,ว.,"เลว, ทราม, ร้าย, ไม่ดีเพราะจงใจฝ่าฝืนศีลธรรมหรือจารีตประเพณีเป็นต้น เช่น คนชั่ว."
ชั้ว 1,น.,วิธีแทงโปวิธีหนึ่ง ถ้าลูกค้าแทงชั้วไว้ ๑ ประตู และขาย ๑ ประตู โปออกประตูที่ลูกค้าแทงชั้วไว้ เจ้ามือจ่าย ๑ ต่อ ถ้าออกประตูที่ลูกค้าขาย เจ้ามือกิน ถ้าออกประตูอื่นนอกจากนั้น ไม่ได้ไม่เสีย.
ชั่วกัปชั่วกัลป์ 0,น.,ชั่วอายุของโลกตั้งแต่เมื่อพระพรหมสร้างเสร็จจนถึงเวลาที่ไฟประลัยกัลป์มาล้างโลก ซึ่งเป็นเวลาที่นานมาก เช่น ขอให้คงอยู่ชั่วกัปชั่วกัลป์.
ชั่วคน 0,น.,ลักษณนามบอกระยะความสูงเท่ากับตัวคน เช่น นํ้าลึก ๓ ชั่วคน
ชั่วคน 1,น.,"ลักษณนามบอกช่วงเวลาของอายุคนตั้งแต่เกิดถึงตาย เช่น บ้านนี้อยู่กันมา ๓ ชั่วคน, บางทีใช้ว่า ชั่วอายุคน."
ชั่วคราว 0,ว.,"ชั่วระยะเวลาไม่นาน, ไม่ประจำ, ไม่ตลอดไป."
ชั่วครู่ 0,น.,ระยะเวลาสั้น ๆ เช่น เขาหายไปชั่วครู่ ประเดี๋ยวก็กลับมา.
ชั่วครู่ชั่วยาม 0,น.,ช่วงเวลาหนึ่ง เช่น ขอยืมของไปใช้ชั่วครู่ชั่วยามแล้วจะเอามาคืน.
ชั่วเคี้ยวหมากจืด 0,น.,"เวลาประมาณ ๒๐-๓๐ นาที (มาจากระยะเวลาในการเคี้ยวหมาก ๑ คำ ตั้งแต่เริ่มเคี้ยวจนหมากจืดหมดคำ จึงคายชานหมากทิ้ง), พูดเพี้ยนเป็น ชั่วเคี้ยวหมากแหลก ก็มี."
ชั่วเคี้ยวหมากแหลก 0,น.,"เวลาประมาณ ๒๐-๓๐ นาที (มาจากระยะเวลาในการเคี้ยวหมาก ๑ คำ ตั้งแต่เริ่มเคี้ยวจนหมากจืดหมดคำ จึงคายชานหมากทิ้ง), พูดเพี้ยนเป็น ชั่วเคี้ยวหมากแหลก ก็มี."
ชัวชม 0,ก.,"ชื่นชม, รื่นรมย์, เช่น สองชัวชมชื่นแท้ (พระลอ), ชมชัว ก็ว่า."
ชั่วช้า 0,ว.,เลวทราม.
ชั่วช่างชี ดีช่างสงฆ์ 0,ว.,ปล่อยไปตามเรื่องตามราว ไม่เอาเป็นธุระ.
ชั่วช้างปรบหู 0,น.,"ระยะเวลาเท่ากับที่ช้างปรบหู ซึ่งเป็นเวลาสั้นมาก, มักใช้เข้าคู่กับ งูแลบลิ้น เป็น ชั่วช้างปรบหูงูแลบลิ้น."
ชั่วแต่ว่า 0,ว.,"เสียแต่ว่า, เว้นแต่ว่า, เพียงแต่ว่า."
ชั่วนกเขาเหิน 0,น.,ระยะความสูงที่นกเขาบินขึ้นไปถึงได้ เช่น พระปฐมเจดีย์สูงชั่วนกเขาเหิน.
ชั่วนาตาปี 0,ว.,ตลอดไป เช่น แม่น้ำสายนี้มีน้ำไหลอยู่ชั่วนาตาปี.
ชั่วนาฬิกา 0,น.,"ช่วงระยะเวลา ๖๐ นาที, ชั่วโมง ก็เรียก."
ชั่วเบา 0,ว.,ชั่วระยะเวลานานตราบที่ยังไม่ได้ถ่ายปัสสาวะ เชื่อว่าเป็นระยะที่ยังอยู่ยงคงกระพันในกรณีที่อาพัดเหล้าเป็นต้น.
ชั่วพริบตา 0,น.,ระยะเวลาเท่ากับการกะพริบตาครั้งหนึ่งซึ่งสั้นมาก เช่น งานนี้รับรองชั่วพริบตาเดียวก็เสร็จแล้ว.
ชั่วพริบตาเดียว 0,น.,ระยะเวลาเท่ากับการกะพริบตาครั้งหนึ่งซึ่งสั้นมาก เช่น งานนี้รับรองชั่วพริบตาเดียวก็เสร็จแล้ว.
ชั่วฟ้าดินสลาย 0,ว.,"ตลอดไป, ไม่มีวันสิ้นสุด, เช่น ขอรักเธอไปจนชั่วฟ้าดินสลาย."
ชั่วโมง 0,น.,"ช่วงระยะเวลา ๖๐ นาที, ชั่วนาฬิกา ก็เรียก."
ชั่วโมงบิน 0,น.,ความชำนาญหรือประสบการณ์ในการทำงาน เช่น สู้เขาไม่ได้เพราะชั่วโมงบินเราน้อยกว่า.
ชั่วรถหลีก 0,น.,ช่วงระยะทางที่รถรางหลีกกัน เช่น นั่งรถรางไป ๓ ชั่วรถหลีก ก็จะเจอห้างที่ต้องการ.
ชั่วแล่น 0,น.,ระยะเวลาที่รวดเร็ว เกิดขึ้นทันทีทันใด เช่น ความคิดชั่วแล่น.
ชั่ววูบ 0,น.,ระยะเวลาที่รวดเร็ว เกิดขึ้นทันทีทันใด เช่น อารมณ์ชั่ววูบ.
ชั่วหม้อข้าวเดือด 0,น.,ระยะเวลาประมาณ ๒๐-๓๐ นาที (มาจากระยะเวลาที่ตั้งหม้อข้าวจนเดือด).
ชา 0,น.,"ชื่อไม้ต้นขนาดเล็กชนิด Camellia sinensis (L.) Kuntze ในวงศ์ Theaceae ขึ้นตามหุบเขาในเขตร้อน ใบใช้ชงเป็นเครื่องดื่ม, พายัพเรียก เมี่ยง."
ชา 1,น.,"ชื่อไม้พุ่มหลายชนิดในหลายวงศ์ ใบเล็ก ที่ใช้ปลูกเป็นรั้ว เช่น ชาข่อย ( Acalypha siamensisOliv. ex Gage) ในวงศ์ Euphorbiaceae, ที่นิยมปลูกเป็นไม้ดัด คือ ชาฮกเกี้ยน [ Carmona retusa (Vahl) Masam.] ในวงศ์ Boraginaceae, ข่อยจีน ก็เรียก และ ชาใบมัน ( Malpighia coccigera L.) ในวงศ์ Malpighiaceae, ชาปัตตาเวีย ก็เรียก."
ช้า 0,ว.,"ค่อย ๆ เคลื่อนไป, ไม่เร็ว, ไม่ไว, เช่น เดินช้า วิ่งช้า"
ช้า 1,ว.,ไม่ทันเวลาที่กำหนด เช่น มาช้า.
ชา 2,ว.,อาการที่รู้สึกได้น้อยกว่าปรกติ เนื่องจากเส้นประสาทรับความรู้สึกถูกกด ถูกตัดขาด หรือถูกสารพิษ เช่น มือชา เท้าชา
ชา 3,ว.,เรียกปลาเพิ่งจะตายไปเอง ว่า ปลาชา.
ช้า 2,ว.,"หยาบ, ชั่ว, เลว, ทราม, เช่น ยายฟังสารยายสั่นหัว ยายเคยลองแต่ตัวชั่วตัวช้า (ลอ)."
ชา 4,น.,เรียกร้านหรือเรือที่ขายเครื่องหอมต่าง ๆ มีแป้งและนํ้าหอมเป็นต้น.
ช้า 3,น.,ชื่อเพลงประเภทเพลงช้า
ช้า 4,น.,คำนำหน้าเพลงไทยที่ใช้ในการแสดงละคร เช่น ช้าปี่ ช้าหวน ช้าครวญ ช้ากล่อม ช้าลูกคู่.
ช้า 5,ก.,"ขับ, กล่อม."
ชา 5,ก.,"หมายไว้, กำหนดไว้, เช่น เอามีดสับชาไว้ที่ประมาณส่วนกลางลำอ้อยในการเล่นค่องอ้อย, ใช้ประกอบกับคำ กฎ เป็น กำหนดกฎชา, สังกัด เช่น แบ่งปันแผนกหมู่ชา (พระอัยการบานแพนก), สรนุกนิเรียบเรือชา (สมุทรโฆษ)."
ชา 6,ก.,"เป็น, ให้เป็น, เช่น มนตร์ชากรุงชนะ (ดุษฎีสังเวย)"
ชา 7,ก.,"สบาย, ดี, เช่น ลือชา."
ชา 8,ก.,"เอาใจใส่, ถือสา, มักใช้ในความปฏิเสธ เช่น อย่าถือคนบ้า อย่าชาคนเมา (ลาว ว่า เอาใจใส่, ว่ากล่าว, บอกสอน, กำกับ)."
ช้า ๆ ได้พร้าสองเล่มงาม 0,ว.,ค่อย ๆ คิดค่อย ๆ ทำแล้วจะสำเร็จผล.
ช้าก่อน 0,*ก.,เป็นคำขอร้องให้รั้งรอไว้ก่อน.
ชาคระ 0,น.,"ความเพียร, ความตื่นอยู่."
ชาคริต 0,ก.,"ตื่น, ระวัง."
ชาคริยานุโยค 0,น.,การประกอบความเพียรกำหนดใจว่าจะตื่นไม่เห็นแก่นอนมากนัก.
ช่าง 0,น.,ผู้ชำนาญในการฝีมือหรือศิลปกรรมอย่างใดอย่างหนึ่ง เช่น ช่างตัดเสื้อ ช่างไม้ ช่างทอง.
ช้าง 0,น.,ชื่อสัตว์เลี้ยงลูกด้วยนม เป็นสัตว์บกที่ใหญ่ที่สุด ในวงศ์ Elephantidae ผิวหนังหนา สีดำหรือดำอมเทา รับสัมผัสได้ไว ขนสีดำ จมูกยื่นยาวเรียกว่า งวง ปลายงวงมีจะงอยสำหรับจับสิ่งของ ขมับทั้ง ๒ ข้างมีรูเปิดของต่อมน้ำมัน จะมีน้ำมันไหลออกมาเมื่อถึงวัย ขาใหญ่เป็นลำ กินพืช มี ๒ ชนิด คือ ช้างเอเชียและช้างแอฟริกา.
ช่าง 1,ว.,"มีนิสัยชอบในทางใดทางหนึ่ง เช่น ช่างคิด ช่างพูด ช่างประดิษฐ์, มีลักษณะโน้มไปในทางนั้น ๆ เช่น ช่างโง่จริง ๆ ช่างเก่งจริง ๆ."
ช้าง 1,น.,"ชื่อกล้วยไม้ชนิด Rhynchostylis gigantea (Lindl.) Ridl. ในวงศ์ Orchidaceae กลีบดอกสีขาว มีประสีม่วงหรือแดง กลิ่นหอม พันธุ์ที่กลีบดอกชั้นในมีประที่โคน เรียก ช้างดำ, พันธุ์ที่มีประทั่วทุกกลีบดอก เรียก ช้างกระหรือช้างค่อม พันธุ์ที่กลีบดอกสีขาวสะอาด เรียก ช้างเผือก, พันธุ์ที่กลีบดอกสีแดง เรียก ช้างแดง."
ช่าง 2,ว.,"ปล่อย, วางธุระ, เช่น ช่างเถิด ช่างมัน."
ช้าง 2,น.,ชื่อซางวันศุกร์.
ช่างกระไร 0,*ก.,"คำกล่าวติเตียน ตัดพ้อ หรือผิดหวัง เช่น เมียเจ้ารูปทองสิบสองหนัก ยศศักดิ์ปึ่งชาจะหาไหน พี่น้องพร้อมพรั่งช่างกระไร แต่จะยกมือไหว้ก็ไม่มี (สังข์ทอง), คำกล่าวแสดงความตื่นเต้น เช่น น้องเอ๋ยรูปร่างช่างกระไร นางในกรุงศรีไม่มีเทียม (ขุนช้างขุนแผน)."
ช่างเครื่อง 0,น.,ผู้ควบคุมเครื่องยนต์เป็นต้น.
ช้างงวง 0,น.,"ช้างไม่มีงา, ช้างสีดอ."
ช้างจบ 0,ก.,กิริยาที่ช้างชูงวงขึ้นเหนือหัวทำความเคารพ.
ช้างชนะงา 0,น.,ช้างที่โรยเชือกผ่อนให้เข้าไปใกล้ช้างอีกตัวหนึ่งจนประงาหรือเอางากระทบและเป็นฝ่ายชนะ.
ช้างชำนิ 0,น.,"ช้างสำหรับขี่, ช้างที่นั่ง."
ช้างชูงวง 0,น.,ชื่อกลบทชนิดหนึ่ง.
ช้างต่อ 0,น.,ช้างที่หมอเฒ่าขี่ในการจับช้าง.
ช้างตายทั้งตัวเอาใบบัวมาปิด 0,น.,ความชั่วหรือความผิดร้ายแรงที่คนรู้ทั่วกันแล้ว จะปิดอย่างไรก็ไม่มิด.
ช่างทอง 0,น.,ชื่อนกชนิดหนึ่ง.
ช้างทำลายโรง 0,น.,ชื่อท่ารำแบบหนึ่ง โดยมือทั้งสองหงายลง แขนตึงไปด้านหน้า ระดับอก เอียงศีรษะข้างใดก็ได้.
ช้างน้อย 0,น.,"ชื่อหนึ่งของดาวฤกษ์มูลา มี ๙ ดวง, ดาวแมว ดาวมูล หรือ ดาวมูละ ก็เรียก."
ช้างน้าว 0,น.,ชื่อกล้วยไม้ชนิด Dendrobium pulchellum Roxb. ex Lindl. ในวงศ์ Orchidaceae ดอกใหญ่ สีนํ้าตาลอมชมพูหรือนวล มีแต้มสีเลือดหมูที่กลีบกระเป๋า ๒ แต้ม.
ช้างน้าว 1,น.,"ชื่อไม้พุ่มหรือไม้ต้นชนิด Ochna integerrima (Lour.) Merr. ในวงศ์ Ochnaceae ขึ้นในป่าเบญจพรรณแล้ง เปลือกสีนํ้าตาลแก่ ดอกสีเหลือง ออกเป็นช่อสั้น กลิ่นหอมอ่อน ผลัดใบขณะมีดอก, กำลังช้างสาร ช้างน้าว หรือ ตานนกกด ก็เรียก."
ช้างน้ำ 0,น.,สัตว์ในนิยาย มีรูปร่างเหมือนช้าง มีงวงและงาคล้ายช้าง หางเป็นปลา.
ช้างเนียม 0,น.,ช้างที่มีลักษณะ ๓ ประการ คือ พื้นหนังดำ งามีลักษณะดังรูปปลีกล้วย และเล็บดำ.
ช้างประสานงา 0,น.,ชื่อกลบทชนิดหนึ่ง
ช้างประสานงา 1,น.,ท่าละครท่าหนึ่ง
ช้างประสานงา 2,น.,ชื่อเพลงทำนองหนึ่ง.
ช่างปะไร 0,ว.,"ปล่อยไปตามเรื่องตามราว, ไม่เอาธุระ."
ช้างผะชด 0,น.,ช้างต่อ.
ช้างเผือก 0,น.,"ช้างในตระกูลชาติพรหมพงศ์ อิศวรพงศ์ พิษณุพงศ์หรืออัคนิพงศ์ ที่มีลักษณะ ๗ สี คือ ขาว เหลือง เขียว แดง ดำ ม่วง เมฆ และมีตา เล็บ ขน เป็นต้น ประกอบด้วยคชลักษณ์ด้วย, (กฎ) ช้างที่มีมงคลลักษณะ ๗ ประการ คือ ตาขาว เพดานปากขาว เล็บขาว ขนขาว พื้นหนังขาวหรือสีคล้ายหม้อใหม่ ขนหางขาว และอัณฑโกศขาวหรือสีคล้ายหม้อใหม่ ในทางกฎหมายและที่กรมช้างใช้เรียกว่า ช้างสำคัญ"
ช้างเผือก 1,น.,โดยปริยายหมายถึง คนดีมีวิชาเป็นต้นที่เกิดในชนบทแล้วมามีชื่อเสียงโด่งดังอยู่ในกรุง.
ช้างเผือก 2,น.,เครื่องราชอิสริยาภรณ์ตระกูลหนึ่ง มีที่มาจากตราดาราช้างเผือกในรัชสมัยพระบาทสมเด็จพระจอมเกล้าเจ้าอยู่หัว ต่อมาในรัชสมัยพระบาทสมเด็จพระจุลจอมเกล้าเจ้าอยู่หัวโปรดเกล้าโปรดกระหม่อมให้ตราพระราชบัญญัติเครื่องราชอิสริยาภรณ์ตระกูลช้างเผือก.
ช้างเผือก 3,น.,ต้นคงคาเดือด. (ดู คงคาเดือด).
ช่างฝีมือ 0,น.,ผู้มีความรู้ความสามารถในงานวิชาชีพโดยเฉพาะด้านหัตถกรรม จิตรกรรม และประติมากรรม.
ช้างพลาย 0,น.,ช้างตัวผู้
ช้างพลาย 1,น.,ชื่อดาวฤกษ์บุรพาษาฒ.
ช้างพัง 0,น.,ช้างตัวเมีย
ช้างพัง 1,น.,"ชื่อหนึ่งของดาวฤกษ์สวาดิ มี ๕ ดวง, ดาวงูเหลือม ดาวสวาตี หรือ ดาวสวัสดิ ก็เรียก."
ช้างพังคา 0,น.,"ช้างศึกพวกหนึ่ง มีหน้าที่ทำลายค่ายข้าศึก, ช้างล้อมวัง ก็เรียก."
ช่างฟิต 0,น.,ช่างแก้เครื่องยนต์.
ช่างไฟ 0,น.,ผู้มีหน้าที่ใส่ฟืนเป็นเชื้อเพลิงที่จะต้มหม้อน้ำทำให้เกิดไอน้ำสำหรับขับเคลื่อนในเครื่องจักรไอน้ำ
ช่างไฟ 1,น.,ช่างติดตั้ง ควบคุม หรือแก้ไขไฟฟ้า.
ช้างยืนแท่น 0,น.,เรียกช้างสำคัญที่ผูกเครื่องพระคชาธารยืนบนแท่นในงานพระราชพิธี ว่า ช้างยืนแท่น.
ช้างยืนโรง 0,น.,เรียกช้างที่อยู่ประจำโรง ว่า ช้างยืนโรง.
ช้างร้อง 0,น.,ชื่อดอกไม้ไฟชนิดหนึ่ง จุดมีเสียงดังเหมือนเสียงช้างร้อง.
ช้างล้อมวัง 0,น.,"ช้างศึกพวกหนึ่ง มีหน้าที่ทำลายค่ายข้าศึก, ช้างพังคา ก็เรียก."
ช้างสะบัดหญ้า 0,น.,ท่าละครท่าหนึ่ง.
ช้างสาร 0,น.,ผู้มีอำนาจ ในความว่า ช้างสารชนกัน หญ้าแพรกก็แหลกลาญ.
ช้างสำคัญ 0,น.,ช้างที่มีมงคลลักษณะ ๗ ประการ คือ ตาขาว เพดานปากขาว เล็บขาว ขนขาว พื้นหนังขาวหรือสีคล้ายหม้อใหม่ ขนหางขาว และอัณฑโกศขาวหรือสีคล้ายหม้อใหม่.
ช้างสีดอ 0,น.,ช้างพลายที่มีงาสั้นโผล่ออกมาเล็กน้อยผิดกับช้างสามัญ.
ช้างสีปลาด 0,น.,ช้างที่มีมงคลลักษณะอย่างหนึ่งอย่างใดใน ๗ อย่าง คือ ตาขาว เพดานปากขาว เล็บขาว ขนขาว พื้นหนังขาวหรือสีคล้ายหม้อใหม่ ขนหางขาว หรืออัณฑโกศขาวหรือสีคล้ายหม้อใหม่.
ช้างเหยียบ 0,น.,"ชื่อปลานํ้าจืดชนิด Pristolepis fasciata (Bleeker) ในวงศ์ Pristolepidae พบทั่วไป รูปร่างคล้ายปลาหมอ หรือ ปลาเสือ แต่แบนข้างและกว้างกว่า ข้างตัวมีลายคลํ้าหลายลายพาดขวาง ขนาดยาวได้ถึง ๒๐ เซนติเมตร, ช้างเหยียบ หมอโค้ว กระตรับ ตะกรับ หน้านวล ก๋า หรือ อีก๋า ก็เรียก."
ช่างเหล็ก 0,น.,ชื่อนกชนิดหนึ่ง.
ช้างใหญ่ 0,น.,"ชื่อหนึ่งของดาวฤกษ์เชษฐา มี ๑๔ ดวง, ดาวงาช้าง ดาวคอนาค ดาวแพะ หรือ ดาวเชษฐะ ก็เรียก."
ช้างเอเชีย 0,น.,ชื่อช้างชนิด Elephas maximus (Linn.) หัวโต เห็นเป็นโหนก ๒ โหนก เรียก ตะพอง ปลายงวงด้านบนมีจะงอย ๑ จะงอย ใบหูเล็กรูปสามเหลี่ยม หลังเรียบหรือโค้งเล็กน้อย ผิวหนังค่อนข้างละเอียดนุ่ม มีขนสีดำทั่วตัวแต่ที่เห็นได้ชัดบริเวณตา ปลายหาง โหนกหัวและมุมปาก หางยาวเกือบถึงพื้น ขาหน้ามีเล็บข้างละ ๕ เล็บ ขาหลังมีเล็บข้างละ ๔ หรือ ๕ เล็บ ตัวผู้มีงายาว เรียก ช้างพลาย ไม่มีงาหรืองาสั้น เรียก ช้างสีดอ ตัวเมีย เรียก ช้างพัง ส่วนใหญ่ไม่มีงาหรือมีงาสั้น งาของตัวเมีย เรียก ขนาย.
ช้างแอฟริกา 0,น.,ชื่อช้างชนิด Loxodonta africana (Blumenbach) รูปร่างสูงเพรียวกว่าช้างเอเชีย หัวเล็กลาดลงไปข้างหน้าถึงโคนงวง ปลายงวงทั้งด้านบนและด้านล่างมีจะงอยด้านละ ๑ จะงอย ใบหูใหญ่รูปคล้ายพัด มีงาทั้งตัวผู้และตัวเมีย หนังหยาบแข็ง มีขนสีดำทั่วตัวแต่ที่เห็นได้ชัดบริเวณตา ปลายหาง และมุมปาก ท้องป่อง หลังแอ่น นูนสูงขึ้นบริเวณท้ายลำตัว หางสั้น ขาหน้ามีเล็บข้างละ ๔ หรือ ๕ เล็บ ขาหลังมีเล็บข้างละ ๓ เล็บ แต่บางตัวมี ๔ เล็บ.
ช้าเจ้าหงส์ 0,น.,ชื่อเพลงประเภทเพลงพื้นบ้าน
ช้าเจ้าหงส์ 1,น.,พิธีขับกล่อมหงส์ ทำต่อเนื่องจากพิธีตรียัมปวาย เป็นการส่งเสด็จพระอิศวร พระอุมาและพระมหาพิฆเนศวร กลับสู่สวรรค์ตามคติความเชื่อของพราหมณ์
ช้าเจ้าหงส์ 2,น.,กล่อมหงส์ ก็เรียก.
ช้าช่อน 0,ว.,งาม.
ชาญ 0,ว.,"ชำนาญ, จัดเจน, เช่น หนุมานชาญสมร."
ชาด 0,น.,วัตถุสีแดงสดชนิดหนึ่ง เป็นผงก็มี เป็นก้อนก็มี ใช้ทำยาไทยหรือประสมกับนํ้ามันสำหรับประทับตราหรือทาสิ่งของ.
ชาด 1,ว.,สีแดงสดอย่างหนึ่ง เรียกว่า สีแดงชาด.
ชาดก 0,น.,"เรื่องพระพุทธเจ้าที่มีมาในพระชาติก่อน ๆ ตามที่กล่าวไว้ในคัมภีร์ชื่อนี้, ชื่อคัมภีร์ในพระพุทธศาสนา เป็น ๑ ใน ๙ ส่วนของคัมภีร์นวังคสัตถุ-ศาสน์. (ป., ส. ชาตก). (ดู นวังคสัตถุศาสน์ ประกอบ)."
ชาดจอแส 0,น.,ชาดที่มาจากเมืองจอแสประเทศจีน.
ชาดหรคุณ 0,น.,ชาดประสมกับปรอทและกำมะถันเพื่อจะให้ชาดจับแน่นกับเนื้อทองดุจกะไหล่และเพื่อจะให้สุก.
ชาดอ้ายมุ่ย 0,น.,ชาดที่มาจากเมืองอ้ายมุ่ยประเทศจีน.
ชาต- 0,ก.,เกิด.
ชาตบุษย์ 0,น.,"ชื่อพรรณไม้ชนิดหนึ่ง เช่น ชมนาดชาตบุษย์ พุดซ้อนพุทธรักษา (พรรณพฤกษา), ช้องนางช้างน้าวสายหยุด ช่อตะแบกชาตบุษย์ชูก้าน (รามเกียรติ ร. ๑)."
ชาตรี 0,น.,"เรียกชายที่มีวิชาอาคมอยู่ยงคงกระพันหรือมีฝีไม้ลายมือในการต่อสู้ ว่า ชายชาตรี, ปัจจุบันใช้หมายถึงชายที่มีรูปร่างล่ำสันแข็งแรง."
ชาตรี 1,น.,ละครต้นแบบของละครรำ เล่นกันเป็นพื้นบ้านทั่วไป มีตัวละครน้อย เดิมเป็นชายล้วน ตัวละครที่ไม่สำคัญมักไม่แต่งตัวยืนเครื่อง กระบวนรำไม่สู้งดงามประณีตนัก เรียกว่า ละครชาตรี
ชาตรี 2,น.,"ชื่อเพลงที่มีคำนี้อยู่ คือ ชาตรีตะลุง ชาตรีใน โอ้ชาตรี ร่ายชาตรี, ชื่อวงปี่พาทย์ลักษณะหนึ่ง ประกอบด้วยโทน ปี่ตับ ฆ้องคู่ แกระ กลองชาตรี วงปี่พาทย์."
ชาตรูป 0,น.,ทอง.
ชาตสระ 0,น.,สระที่เกิดเองตามธรรมชาติ.
ชาตะ 0,ก.,เกิด.
ชาตา 0,น.,"ลักษณะหรืออัธยาศัยบางอย่างที่ทำให้รู้สึกชอบหรือไม่ชอบตั้งแต่แรกพบกัน เช่น ถูกชาตากัน ไม่ถูกชาตากัน, ลักษณะที่บังเกิดสำแดงเหตุดีและร้าย เช่น ชาตาดีชาตาร้าย, ชะตา ก็ว่า."
ชาติ 0,น.,"การเกิด, กำเนิด, มักใช้ว่า ชาติเกิด หรือ ชาติกำเนิด เช่น ถ้าทำไม่ดีก็เสียชาติเกิด, ความมีชีวิตอยู่ตั้งแต่เกิดจนตาย เช่น สบายทั้งชาติ"
ชาติ 1,น.,"เหล่ากอ, เทือกเถา, เผ่าพันธุ์, เช่น ชาตินักรบ ชาติไพร่."
ชาติ- 0,น.,"การเกิด, กำเนิด, มักใช้ว่า ชาติเกิด หรือ ชาติกำเนิด เช่น ถ้าทำไม่ดีก็เสียชาติเกิด, ความมีชีวิตอยู่ตั้งแต่เกิดจนตาย เช่น สบายทั้งชาติ"
ชาติ- 1,น.,"เหล่ากอ, เทือกเถา, เผ่าพันธุ์, เช่น ชาตินักรบ ชาติไพร่."
ชาติ 2,น.,ประเทศ เช่น รู้คุณชาติ ศาสนา พระมหากษัตริย์
ชาติ 3,น.,ประชาชนที่เป็นพลเมืองของประเทศ
ชาติ 4,น.,ประชาชาติ ก็ว่า
ชาติ 5,น.,กลุ่มชนที่มีความรู้สึกในเรื่องเชื้อชาติ ศาสนา ภาษา ประวัติศาสตร์ ความเป็นมา ขนบธรรมเนียมประเพณี และวัฒนธรรมอย่างเดียวกัน หรืออยู่ในปกครองรัฐบาลเดียวกัน.
ชาติ- 2,น.,ประเทศ เช่น รู้คุณชาติ ศาสนา พระมหากษัตริย์
ชาติ- 3,น.,ประชาชนที่เป็นพลเมืองของประเทศ
ชาติ- 4,น.,ประชาชาติ ก็ว่า
ชาติ- 5,น.,กลุ่มชนที่มีความรู้สึกในเรื่องเชื้อชาติ ศาสนา ภาษา ประวัติศาสตร์ ความเป็นมา ขนบธรรมเนียมประเพณี และวัฒนธรรมอย่างเดียวกัน หรืออยู่ในปกครองรัฐบาลเดียวกัน.
ชาติ 6,น.,"ชนิด, จำพวก, ชั้น, หมู่"
ชาติ 7,น.,"คำเพิ่มข้างหลังของคำเดิม เมื่อเพิ่มแล้วความหมายคงเดิม เช่น รสชาติ, หรือหมายถึงพวกหรือหมู่ เช่น คชาชาติ มนุษยชาติ."
ชาติ- 6,น.,"ชนิด, จำพวก, ชั้น, หมู่"
ชาติ- 7,น.,"คำเพิ่มข้างหลังของคำเดิม เมื่อเพิ่มแล้วความหมายคงเดิม เช่น รสชาติ, หรือหมายถึงพวกหรือหมู่ เช่น คชาชาติ มนุษยชาติ."
ชาติธรรม 0,ว.,มีความเกิดเป็นธรรมดา.
ชาตินิยม 0,น.,"ลัทธิที่ถือชาติเป็นใหญ่, ความรักชาติ."
ชาติพันธุ์ 0,น.,กลุ่มที่มีพันธะเกี่ยวข้องกัน และที่แสดงเอกลักษณ์ออกมา โดยการผูกพันลักษณาการของเชื้อชาติและสัญชาติเข้าด้วยกัน.
ชาติพันธุ์วรรณนา 0,น.,ชาติพันธุ์วิทยาสาขาหนึ่งที่พรรณนาถึงวัฒนธรรมแบบต่าง ๆ.
ชาติพันธุ์วิทยา 0,น.,วิชาที่ศึกษาเกี่ยวกับการแบ่งเชื้อชาติของมนุษย์ กำเนิดของเชื้อชาติ ความสัมพันธ์ระหว่างเชื้อชาติ ตลอดจนลักษณะเฉพาะของเชื้อชาติต่าง ๆ.
ชาติภูมิ 0,น.,ถิ่นที่เกิด.
ชาติมาลา 0,น.,"แผนภูมิเครือญาติ, แผนลำดับเครือญาติ."
ชาติรส 0,น.,รสโดยกำเนิด เช่น รสหวานของนํ้าผึ้ง รสเค็มของเกลือ รสขมของบอระเพ็ด.
ชาน 0,น.,"กากอ้อยที่เคี้ยวหรือหีบเอาน้ำหวานออกหมดแล้ว, กากหมากพลูที่เคี้ยวกินจนจืด."
ชาน 1,น.,"พื้นเรือนนอกชายคา, ชานเรือน หรือ นอกชาน ก็ว่า, พื้นที่นอกบ้าน เมือง หรือกำแพง เป็นต้น ออกไป เช่น ชานบ้าน ชานเมือง ชานกำแพง ชานเขื่อน."
ชานฉัตร 0,น.,"ส่วนที่เป็นพื้นราบรอบปุ่มฆ้อง, หลังฉัตร ก็ว่า."
ชานชาลา 0,น.,บริเวณสถานีรถไฟหรือสถานีขนส่งที่ผู้โดยสารมารอขึ้นรถ.
ชานเรือน 0,น.,"พื้นเรือนนอกชายคา, ชาน หรือ นอกชาน ก็ว่า."
ช้านางนอน 0,น.,ท่าละครท่าหนึ่ง.
ช้านาน 0,ว.,ล่วงเลยมานานแล้ว (ใช้แก่เวลา).
ชานุ 0,น.,"เข่า, ชันนุ หรือ ชันนุกะ ก็ใช้."
ชานุกะ 0,น.,"เข่า, ชันนุ หรือ ชันนุกะ ก็ใช้."
ชานุมณฑล 0,น.,สะบ้าเข่า.
ชาปัตตาเวีย 0,น.,"ชื่อไม้พุ่มหลายชนิดในหลายวงศ์ ใบเล็ก ที่ใช้ปลูกเป็นรั้ว เช่น ชาข่อย ( Acalypha siamensisOliv. ex Gage) ในวงศ์ Euphorbiaceae, ที่นิยมปลูกเป็นไม้ดัด คือ ชาฮกเกี้ยน [ Carmona retusa (Vahl) Masam.] ในวงศ์ Boraginaceae, ข่อยจีน ก็เรียก และ ชาใบมัน ( Malpighia coccigera L.) ในวงศ์ Malpighiaceae, ชาปัตตาเวีย ก็เรียก."
ช้าปี่ 0,น.,ชื่อเพลงไทย มี ๒ เพลง คือ ช้าปี่ใน และช้าปี่นอก.
ชาปีไหน 0,น.,"ชื่อนกขนาดกลางชนิด Caloenas nicobarica Linn. ในวงศ์ Columbidae ลำตัวสีเขียวเหลือบเทา มีสร้อยคอสีเขียวเห็นได้ชัด ขนหางสีขาว มักเกาะตามกิ่งไม้หนาทึบ หากินตามพื้นดิน กินเมล็ดพืช พบตามหมู่เกาะทางภาคใต้ของประเทศไทย แต่มีชุกชุมทางด้านทะเลอันดามัน, กะดง ก็เรียก."
ช้าเป็นการ นานเป็นคุณ 0,ว.,ค่อย ๆ คิด ค่อย ๆ ทำดีกว่าด่วนทำ.
ช้าแป้น 0,น.,"ชื่อไม้พุ่มชนิด Solanum erianthum D. Don ในวงศ์ Solanaceae ผลคล้ายมะเขือพวงแต่มีขน กินเมา อาจถึงตายได้ รากใช้ทำยา, ดับยาง ก็เรียก."
ช้าแป้น 1,น.,ชื่อไม้ต้นขนาดเล็กชนิด Callicarpa arborea Roxb. ในวงศ์ Labiatae.
ช้าพลู 0,น.,"ชื่อไม้ล้มลุกเกาะเลื้อยชนิด Piper sarmentosum Roxb. ในวงศ์ Piperaceae ใบคล้ายพลู กินได้ ต้นและใบมีรสเผ็ด รากและผลใช้ทำยาได้, ชะพลู ก็เรียก."
ชาม 0,น.,ภาชนะรูปคลุ่ม ๆ ชนิดหนึ่ง สำหรับใส่อาหารเป็นต้น.
ชามกะลา 0,น.,ชามเนื้อกระเบื้อง รูปร่างคล้ายกะลา ด้านนอกสีน้ำตาลแก่ ด้านในสีขาว เขียนลายสีคราม มีขนาดต่าง ๆ กัน.
ชามโคม 0,น.,"ชามอย่างเก่าขนาดใหญ่ รูปคล้ายโคมจีนหรือลูกฟักตัดครึ่ง, ลักษณนามว่า ใบ, ลูก."
ชามปากไปล่ 0,น.,ชามชนิดหนึ่ง ก้นเล็กปากบานอย่างรูปงอบหงาย.
ชามพูนท 0,น.,"ชื่อทองคำเนื้อบริสุทธิ์ที่กล่าวอยู่ในไตรภูมิพระร่วงว่าเกิดจากผลหว้าที่ตกลงกลางแม่น้ำในชมพูทวีป, ชมพูนท ชมพูนุท หรือ ชัมพูนท ก็ว่า."
ชามอีโน 0,น.,ชามขนาดใหญ่อย่างชามโคม.
ชามาดร 0,น.,ลูกเขย.
ชามาดา 0,น.,ลูกเขย.
ชามาตุ 0,น.,ลูกเขย.
ชาย 0,น.,"มนุษย์เพศผู้ซึ่งโดยกำเนิดมีลึงค์เป็นอวัยวะสืบพันธุ์, ผู้ชาย ก็ว่า."
ชาย 1,น.,"ส่วนริมหรือปลายของสิ่งของบางอย่าง เช่น ชายผ้า ชายจีวร, ส่วนที่สุดเขต, ริม, เช่น ชายป่า ชายแดน ชายทะเล."
ชาย 2,ก.,พัดอ่อน ๆ เช่น ลมชาย
ชาย 3,ก.,"คล้อย, บ่าย, เช่น ตะวันชาย"
ชาย 4,ก.,เดินเลียบเคียงไป เช่น ชายไปดู.
ชาย 5,ว.,"เห็นจะ, ค่อนข้าง, เช่น ชายจะเบากว่าพ่อชาลี (ม. ร่ายยาว)."
ชายกระเบน 0,น.,"ชายผ้าที่เป็นส่วนกว้างของผ้านุ่งที่ประกบกันแล้วม้วนเฉียง สอดไปใต้หว่างขา ดึงขึ้นแล้วเอาชายไปเหน็บที่ขอบผ้านุ่งด้านหลังระดับบั้นเอว, หางกระเบน ก็เรียก."
ชายกระเบน 1,น.,คำเรียกผู้ชายที่อาศัยน้ำพักน้ำแรงผู้หญิงในการดำรงชีวิต.
ชายกระเบนเหน็บ 0,น.,ส่วนของร่างกายด้านหลังระดับบั้นเอว ตรงที่เหน็บชายกระเบน.
ชายครุย 0,น.,"ชายผ้าที่ทำให้รุ่ยเป็นเส้น ๆ, ครุย ก็ว่า."
ชายคา 0,น.,ส่วนที่สุดของหลังคาหรือปลายกันสาดที่ยื่นพ้นตัวเรือนออกมา.
ชายแครง 0,น.,ผ้าห้อยทับหน้าขาทั้ง ๒ ข้าง (เครื่องแต่งกายละครตัวพระ ตัวยักษ์ ตัวลิง).
ชายชาตรี 0,น.,"ชายผู้มีวิชาอาคมอยู่ยงคงกระพันหรือมีฝีไม้ลายมือในการต่อสู้, ชายที่มีรูปร่างล่ำสันแข็งแรง."
ชายตา 0,ก.,"ชำเลือง, ดูทางหางตา."
ชายทะเล 0,น.,เขตระหว่างแนวนํ้าทะเลลงตํ่าสุดกับแนวนํ้าทะเลขึ้นสูงสุด
ชายทะเล 1,น.,ที่ใกล้ทะเล เช่น วันหยุดสุดสัปดาห์นี้ไปเที่ยวชายทะเลกัน.
ชายธง 0,น.,รูปที่มีลักษณะเป็นสามเหลี่ยมมุมฉาก
ชายธง 1,น.,ชื่อมีดพกที่มีรูปเช่นนั้น
ชายธง 2,น.,ที่ดินซึ่งมีรูปเช่นนั้น.
ชายธง 3,น.,ชื่องูทะเลมีพิษรุนแรงหลายชนิดหลายสกุล ในวงศ์ Hydrophiidae ตลอดตัวมักมีลายคล้ายธงราวสีจาง ๆ หางแบนเป็นพายในแนวตั้ง มักพบตามชายฝั่งทะเล ออกลูกเป็นตัว กินปลา เช่น ชายธงนวลหรือทะเลจุดขาว [ Aipysurus eydouxii (Gray)] ชายธงท้องบาง [ Praescutata viperina (Schmidt)] ชายธงหลังดำ [ Pelamis Platurus (Linn.)].
ชายผ้าสีดา 0,น.,ชื่อเฟินอิงอาศัยหลายชนิดในสกุล Platycerium วงศ์ Polypodiaceae เหง้าใหญ่สั้น ใบมี ๒ แบบ ใบที่ทาบกับต้นไม้เป็นใบไม่สร้างอับสปอร์ แผ่นใบตั้ง ไม่มีก้านใบ ติดอยู่กับต้นตลอดไป ส่วนใบสร้างอับสปอร์แผ่นใบตั้งขึ้นหรือห้อยลง ขอบหยักเว้า ใบจะร่วงไปตามอายุ.
ชายฝั่ง 0,น.,แถบแผ่นดินนับจากแนวชายทะเลขึ้นไปบนบกจนถึงบริเวณที่มีลักษณะภูมิประเทศเปลี่ยนแปลงอย่างเด่นชัด.
ชายพก 0,น.,ริมผ้านุ่งที่ดึงรวบขึ้นมาไขว้กัน เหน็บไว้ที่บริเวณสะดือ แล้วดึงชายข้างใดข้างหนึ่งให้ยาวกว่า มีลักษณะคล้ายถุงเล็ก ๆ เหน็บไว้ที่เอว ใส่เงินหรือหมากเป็นต้นได้.
ชายเฟือย 0,น.,"ริมนํ้าที่มีหญ้ารก ๆ หรือมีไม้นํ้าปกคลุม, เฟือย ก็ว่า"
ชายเฟือย 1,น.,"ที่ที่สะดวก, ที่ที่ง่าย, เช่น หากินตามชายเฟือย., ดูใน ชาย ๒."
ชายเฟือย 2,น.,"ชื่อไม้ล้มลุกชนิด Coix aquatica Roxb. ในวงศ์ Gramineae คล้ายอ้อ ขึ้นในแม่นํ้า, ชายเฟือย ก็เรียก."
ชายเรือ 0,น.,"ชื่อเพลงไทยประเภทเพลงหน้าพาทย์, ชายเรือ ก็เรียก."
ชายสามโบสถ์ 0,น.,"ผู้ที่บวชแล้วสึกถึง ๓ หน, ใช้พูดเป็นเชิงตำหนิว่า เป็นคนที่ไม่น่าคบ."
ชายโสด 0,น.,ชายที่ยังไม่ได้แต่งงาน.
ชายไหว 0,น.,ผ้าห้อยหน้าอยู่ระหว่างชายแครง.
ชายา 0,น.,"ภรรยาที่เป็นหม่อมเจ้าของพระบรมวงศ์และพระอนุวงศ์, ภรรยาที่เป็นเจ้าฟ้าหรือพระองค์เจ้าของพระบรมวงศ์และพระอนุวงศ์ เรียกว่า พระชายา."
ชายา 1,น.,"เมีย. (ป., ส.), บางแห่งใช้หมายความว่า ผู้หญิง, นางผู้มีโฉมงาม, เช่น บรรหารท่านหา แขกค้าเคียมครร ถามเขาเขาบรรยายโฉมชายา (สรรพสิทธิ์), เสียงพูดเป็น ฉายา ฉัยยา ไฉยา หรือ สายา ก็มี."
ชาเย็น 0,ว.,"แสดงอาการเฉยเมยไม่สนใจไยดี เช่น เขาแสดงอาการชาเย็นกับฉันโดยไม่รู้สาเหตุ, เย็นชา ก็ว่า."
ชาเยนทร์ 0,น.,เมีย เช่น อ้ารสมฤธุเรศ คือกลิ่นชาเยศ พระภัควะดี (ราชาพิลาป).
ชาเยนทร์ 1,น.,"เมีย. (ป., ส.), บางแห่งใช้หมายความว่า ผู้หญิง, นางผู้มีโฉมงาม, เช่น บรรหารท่านหา แขกค้าเคียมครร ถามเขาเขาบรรยายโฉมชายา (สรรพสิทธิ์), เสียงพูดเป็น ฉายา ฉัยยา ไฉยา หรือ สายา ก็มี."
ชาเยศ 0,น.,เมีย เช่น อ้ารสมฤธุเรศ คือกลิ่นชาเยศ พระภัควะดี (ราชาพิลาป).
ชาเยศ 1,น.,"เมีย. (ป., ส.), บางแห่งใช้หมายความว่า ผู้หญิง, นางผู้มีโฉมงาม, เช่น บรรหารท่านหา แขกค้าเคียมครร ถามเขาเขาบรรยายโฉมชายา (สรรพสิทธิ์), เสียงพูดเป็น ฉายา ฉัยยา ไฉยา หรือ สายา ก็มี."
ชาระ 0,น.,"ชายชู้, ชายที่รัก."
ชารี 0,น.,"หญิงชู้, หญิงที่รัก."
ชาล 0,น.,"ตาข่าย, ร่างแห"
ชาล 1,น.,ใยแมงมุม.
ชาล- 0,น.,"ตาข่าย, ร่างแห"
ชาล- 1,น.,ใยแมงมุม.
ชาลกรรม 0,น.,การจับปลา.
ชาลา 0,น.,"ความรุ่งเรือง, เปลวไฟ, โคมไฟ, แสงสว่าง."
ชาลา 1,น.,"ชานเรือน, พื้นภายนอกเรือน, เช่น หน้าตึกเป็นบันไดขึ้น ๒ ข้างมาบรรจบกัน ตรงกลางเป็นชาลาย่อม ๆ"
ชาลา 2,น.,ที่โล่งหน้าสถานที่สำคัญ ๆ บางแห่ง เช่น ชาลาหน้าพระที่นั่งดุสิตมหาปราสาท เทวสถานนี้สร้างเป็นชาลา ๓ ชั้นซ้อนกัน.
ชาลินี 0,น.,สิ่งที่มีข่าย
ชาลินี 1,น.,เป็นชื่อหนึ่งของตัณหา.
ชาลี 0,น.,"ผู้มีร่างแห, ผู้มีตาข่าย."
ช้าลูกหลวง 0,น.,การขับกล่อมพระราชโอรสพระราชธิดาในพระราชพิธีสมโภชขึ้นพระอู่.
ช้าเลือด 0,น.,"ชื่อไม้เถาชนิด Caesalpinia mimosoides Lam. ในวงศ์ Leguminosae เถามีหนามมาก ใบเป็นฝอยคล้ายใบมะขาม ดอกเป็นช่อสีเหลือง มีฝัก ใบและช่อมีกลิ่นเหม็นคล้ายกลิ่นตัวเรือด ใช้ทำยาได้, ปู่ย่า ก็เรียก."
ชาว 0,น.,กลุ่มชนที่มีเชื้อชาติเดียวกัน เช่น ชาวไทย ชาวจีน หรืออยู่ในถิ่นฐานเดียวกัน เช่น ชาวเมือง ชาวชนบท หรือมีอาชีพอย่างเดียวกัน เช่น ชาวไร่ ชาวนา ชาวประมง หรือนับถือศาสนาร่วมกัน เช่น ชาวพุทธ ชาวคริสต์ หรืออยู่ในแวดวงเดียวกัน เช่น ชาวอักษร ชาวค่าย.
ชาวกรุง 0,น.,ผู้ที่อาศัยอยู่ในเมืองหลวง.
ชาวเขา 0,น.,กลุ่มชาติพันธุ์ที่อาศัยอยู่แถบภูเขา.
ชาวที่ 0,น.,เจ้าพนักงานผู้หญิงที่ดูแลความเรียบร้อยประจำสถานที่ภายในเขตพระราชฐานชั้นใน.
ชาวไทยภูเขา 0,น.,กลุ่มชาติพันธุ์ที่อาศัยอยู่แถบภูเขาในประเทศไทย.
ชาวนอก 0,น.,เรียกไทยทางปักษ์ใต้
ชาวนอก 1,น.,"คนที่มาจากนอกเมือง, คนต่างเมือง, เช่น ชายชาวนอกสองคน พราหมณ์ตนหนึ่งเป็นสาม (ลอ)."
ชาวน้ำ 0,น.,"ชื่อชนชาติเดิมพวกหนึ่ง อยู่ทางทะเลด้านตะวันตกของแหลมมลายู, ฉลาง หรือ ชาวเล ก็เรียก."
ชาวบ้าน 0,น.,"ผู้ที่อยู่ในพื้นถิ่นหนึ่ง ๆ เช่น ชาวบ้านแถบอัมพวา, ประชาชนทั่วไป เช่น ชาวบ้านอย่างเราจะไปรู้เรื่องอะไร, ผู้ที่อยู่ใกล้ชิดธรรมชาติ และมีวิถีชีวิตแบบบรรพกาล, ผู้ที่มีชีวิตแบบเรียบง่าย ธรรมดา มักจะด้อยการศึกษา."
ชาวม่าน 0,น.,เจ้าพนักงานที่ทำหน้าที่ไขพระวิสูตรท้องพระโรงในงานพระราชพิธีสำคัญต่าง ๆ.
ชาวรั้วชาววัง 0,น.,"ผู้หญิงที่รับราชการอยู่ในวัง เช่น ข้าหลวง ชาวที่ โขลน, ภาษาปากว่า ชาวรั้วชาววัง"
ชาวเล 0,น.,ชาวนํ้า
ชาวเล 1,น.,คนที่อาศัยอยู่บริเวณชายฝั่งทะเล มีอาชีพทำประมง.
ชาววัง 0,น.,"ผู้หญิงที่รับราชการอยู่ในวัง เช่น ข้าหลวง ชาวที่ โขลน, ภาษาปากว่า ชาวรั้วชาววัง"
ชาววัง 1,น.,เรียกสิ่งที่เกี่ยวเนื่องกับฝีมือหรือแบบอย่างของชาววัง มักมีลักษณะพิเศษ ประณีต และสวยงาม เช่น อาหารตำรับชาววัง ตุ๊กตาชาววัง.
ชาววัด 0,น.,คฤหัสถ์ที่ไปทำบุญฟังเทศน์ฟังธรรมที่วัดเป็นประจำ.
ชาวี 0,น.,ชาวชวามลายู เช่น กูนี้ปัติมโนโร นักเทศโทโอ- มสุชวาชาวี (สมุทรโฆษ).
ช้าหงส์ 0,น.,ชื่อเพลงประเภทเพลงพื้นบ้าน
ช้าหงส์ 1,น.,พิธีขับกล่อมหงส์ ทำต่อเนื่องจากพิธีตรียัมปวาย เป็นการส่งเสด็จพระอิศวร พระอุมาและพระมหาพิฆเนศวร กลับสู่สวรรค์ตามคติความเชื่อของพราหมณ์
ช้าหงส์ 2,น.,กล่อมหงส์ ก็เรียก.
ช้าหมอง 0,น.,ชื่อต้นไม้ใช้ทำยาได้.
ช่ำ 0,ว.,มากพอแก่ความต้องการจนสมอยาก เช่น เที่ยวเสียชํ่า กินเสียชํ่า.
ช้ำ 0,ว.,"น่วมระบมเพราะถูกกระทบกระแทกอย่างแรงหรือบ่อย ๆ เช่น มะม่วงชํ้า, เป็นรอยจํ้า ๆ อย่างรอยฟกชํ้าดำเขียว, เรียกสิ่งที่ถูกใช้งานหรือถูกจับต้องบ่อย ๆ จนมีสภาพทรุดโทรม เช่น หนังสือเล่มนี้คนยืมไปใช้บ่อย ช้ำหมดแล้ว."
ชำ 0,น.,ชื่อร้านหรือเรือขายของแห้งต่าง ๆ ที่เป็นอาหารเป็นต้น เรียกว่า ร้านชำ หรือ เรือชำ.
ชำ 1,ก.,เอากิ่งไม้ที่ตัดมาปักไว้ที่ที่ดินแฉะ ๆ หรือแช่นํ้าไว้ชั่วคราว เพื่อให้รากงอก
ชำ 2,ก.,เอากิ่งตอนหรือต้นอ่อนมาเลี้ยงไว้ให้แข็งแรงขึ้น.
ชำงัด 0,ว.,"ชะงัด, แม่นยำ, ขลัง, แน่, ได้จริง."
ชำงาย 0,ว.,"ชาย, คล้อย, สาย, บ่าย, (ใช้แก่เวลา), เช่น จำพี่โหยไห้ช้าง ค่ำเช้าชำงาย (นิ. นรินทร์)."
ชำงาย 1,ก.,"ฉงน, สนเท่ห์, แคลงใจ, เช่น และเย็นตระชักสิชำงาย (สมุทรโฆษ)."
ชำงือ 0,ก.,"คิดเป็นทุกข์, วิตก, ป่วย, เป็นไข้, เป็นโรค, เช่น ตาชุ่มชื่นชำงือใจ (ม. คำหลวง ฉกษัตริย์)."
ช่ำใจ 0,ว.,มากพอสมกับที่ใจอยาก เช่น เที่ยวเสียช่ำใจ.
ช้ำใจ 0,ก.,"เจ็บใจ, ระทมใจ."
ช้ำชอก 0,ก.,"บอบชํ้ามาก เช่น ลมจะชายชักช้ำ ชอกเนื้อเรียมสงวน (นิ. นรินทร์), ชอกชํ้า ก็ว่า."
ช่ำชอง 0,ก.,ชำนิชำนาญ.
ช่ำช่า 0,ว.,"ไม่มีรส, ชืด."
ชำนน 0,ก.,"ชนกัน, โดนกัน."
ชำนรร 0,ก.,เหยียบ.
ชำนะ 0,ก.,"ชนะ, ทำให้เขาพ่ายแพ้."
ชำนัญ 0,ก.,รู้.
ชำนัญพิเศษ 0,น.,เรียกนักวิชาการผู้มีความเชี่ยวชาญเรื่องใดเรื่องหนึ่งโดยเฉพาะ ว่า ผู้ชำนัญพิเศษ
ชำนัญพิเศษ 1,น.,เรียกองค์การต่าง ๆ ในสังกัดองค์การสหประชาชาติ ว่า ทบวงการชำนัญพิเศษ.
ชำนัน 0,ก.,เหยียบ.
ชำนาญ 0,ก.,"เชี่ยวชาญ, จัดเจน."
ชำนาญเกลากลอน 0,น.,ชื่อโคลงโบราณแบบหนึ่ง
ชำนาญเกลากลอน 1,น.,ชื่อเพลงปี่พาทย์ทำนองหนึ่ง (ดึกดำบรรพ์).
ชำนิ 0,ก.,ขี่ เช่น ชำนิโคคำแหงแรง. (ข. ชิะ).
ชำนิ 1,น.,พาหนะ เช่น ย่อมอัษฎคชำนวยพงศ์ ควรเปนชำนิผจง แก่นฤบดีดีจริง (สมุทรโฆษ).
ชำนิ 2,ก.,"รู้ชัดเจน, เชี่ยวชาญ, คล่องแคล่ว."
ชำนิชำนาญ 0,ก.,"เชี่ยวชาญมาก, สันทัดจัดเจน."
ชำเนียน 0,ก.,"เจียน, สลัก, เช่น หลากพานมกรราชา หลากรสฉมสลา ชำเนียนชรเนียรเอมอร (สมุทรโฆษ)."
ชำเนียน 1,ว.,"ฉลุเฉลา, เกลี้ยงเกลา."
ชำเนียร 0,ว.,"แก่, ครํ่าคร่า, ชำรุด."
ชำเนียร 1,ว.,"ว่องไว, เก่ง, เชี่ยว, เช่น ชำเนียรในศิลป์ (สรรพสิทธิ์)."
ช้ำใน 0,ก.,เจ็บระบมอยู่ภายในร่างกาย เพราะถูกชก ถูกกระแทก เป็นต้น เช่น เขาถูกชกจนช้ำใน
ช้ำใน 1,ก.,แก่จัดจนเนื้อข้างในน่วมและช้ำ (ใช้แก่มะม่วงสุกคาต้น).
ช่ำปอด 0,ว.,มากพอสมกับที่ใจอยาก เช่น นอนเสียช่ำปอด.
ชำมะนาด 0,น.,ชมนาด.
ชำมะเลียง 0,น.,"ชื่อไม้ต้นชนิด Lepisanthes fruticosa (Roxb.) Leenh. ในวงศ์ Sapindaceae ใบยาว ผลสุกสีม่วงดำ กินได้ รสหวานปนฝาด, พุมเรียง ก็เรียก."
ชำร่วย 0,น.,ของตอบแทนผู้มาช่วยงานเช่นงานแต่งงานและงานศพ เรียกว่า ของชำร่วย.
ชำระ 0,ก.,ชะล้างให้สะอาด เช่น ชำระร่างกาย
ชำระ 1,ก.,"สะสาง, ปรับปรุงแก้ไขให้ดีขึ้น, เช่น ชำระพระไตรปิฎก ชำระพจนานุกรม"
ชำระ 2,ก.,พิจารณาตัดสิน เช่น ชำระความ
ชำระ 3,ก.,จ่าย เช่น ชำระเงิน ชำระหนี้ ชำระค่าไฟฟ้า.
ชำระบัญชี 0,ก.,ชำระสะสางการงานให้เสร็จไป กับจัดการใช้หนี้เงินและแจกจำหน่ายสินทรัพย์เมื่อเลิกกิจการ อันเป็นอำนาจและหน้าที่ของผู้ชำระบัญชี.
ช้ำรั่ว 0,น.,ชื่ออาการของโรคอย่างหนึ่ง เกิดจากความผิดปรกติของกระเพาะปัสสาวะหรือท่อปัสสาวะเป็นต้น ทำให้ไม่สามารถกลั้นปัสสาวะได้เหมือนคนปรกติ นํ้าปัสสาวะอาจไหลออกเป็นครั้งคราวหรือตลอดเวลาก็ได้.
ชำรุด 0,ก.,เสื่อมจากสภาพเดิมจนถึงบกพร่องเสียหายหรือบุบสลายไป เช่น หนังสือชำรุด เกวียนชำรุด.
ชำเรา 0,ก.,"ลึก, ล่วงเข้าไป, เช่น ชายใดข่มขืนภิริยาท่านถึงชำเรา ให้ไหมโดยประถมผิดเมียทวีคูณ ถ้าข่มขืนมิได้ถึงชำเรา ให้ไหมโดยปรถมผิดเมีย (สามดวง พระไอยการลักษณผัวเมีย)"
ชำเรา 1,ก.,การกระทำเพื่อสนองความใคร่ของผู้กระทำโดยการใช้อวัยวะเพศของผู้กระทำกระทำกับอวัยวะเพศ ทวารหนัก หรือช่องปากของผู้อื่น หรือการใช้สิ่งอื่นใดกระทำกับอวัยวะเพศหรือทวารหนักของผู้อื่น.
ชำเรา 2,ก.,ลับ เช่น หน้าตาชำเรา (สุบิน).
ชำเราะ 0,น.,"ซอก, หลืบ, เช่น ชำเราะชระลองดอมไพร (สมุทรโฆษ)."
ชำเราะ 1,ก.,เซาะ.
ชำแรก 0,ก.,"แทรก, แหวก, แทรกลงไป, เจือปน."
ชำแระ 0,น.,"ที่แฉะ, ที่เลน, เช่น ชายชำแระข้างในตรงร่องนํ้า (เชมสบรุก)."
ชำลา 0,ว.,ที่ผึ่งแดดยังไม่แห้งสนิท (ใช้แก่ปลา).
ชำเลือง 0,ก.,"ชายตาดู, ดูทางหางตา."
ช้ำเลือดช้ำหนอง 0,ว.,"มีเลือดและหนองคั่งอยู่, สีที่มีลักษณะคล้ายมีเลือดและหนองปนกันออกสีม่วง ๆ เรียกว่า สีชํ้าเลือดชํ้าหนอง."
ชำแหละ 0,ก.,"เลาะเนื้อออกจากกระดูก, แล่แล้วแบะออก, เฉือนเป็นชิ้น ๆ, เชือด, ตัดแยกออกเป็นส่วน ๆ, เช่น ชำแหละเนื้อสุกร ชำแหละศพ."
ชิ 0,อ.,คำที่เปล่งออกมาเมื่อรู้สึกโกรธหรือไม่ชอบใจเป็นต้น.
ชิขัก 0,น.,"ชื่อปลาทะเลขนาดกลางชนิด Tenualosa toli (Valenciennes) ในวงศ์ Clupeidae ที่ว่ายเข้านํ้าจืดเพื่อสืบพันธุ์ ลำตัวยาวรี แบนข้างมาก ครีบหางเป็นแฉกลึก ท้องเป็นสันแหลม เกล็ดใหญ่ ขอบเรียบ เกล็ดที่สันท้องเป็นเหลี่ยมคม เรียงต่อกันคล้ายฟันเลื่อย พื้นลำตัวสีเงิน หลังสีนํ้าเงินอมเทา ขนาดยาวได้ถึง ๕๐ เซนติเมตร, กระลุมพุก หรือ ชิขัก ก็เรียก."
ชิง 0,ก.,"แข่ง, แข่งขัน, เช่น ชิงรางวัล ชิงทุน, แย่ง เช่น ชิงอำนาจ."
ชิ่ง 0,ว.,"คด, โก่ง, เก, ฉิ่ง, เช่น ขาชิ่ง."
ชิง 1,น.,ต้นกะพ้อ. (ดู กะพ้อ ๒).
ชิ่ง 1,น.,ต้นกะพ้อ. (ดู กะพ้อ ๒).
ชิงเกิล 0,น.,ชื่อทรงผมผู้หญิงที่ซอยผมด้านหลังไล่ระดับกันลงมาถึงต้นคอ เรียกว่า ผมชิงเกิล.
ชิงคม 0,ก.,รีบซ้อนกลทำร้ายเสียก่อน เช่น ชะอ้ายแก้วชิงคมเอากูได้ (ขุนช้างขุนแผน).
ชิงช่วง 0,น.,การเล่นชนิดหนึ่ง เอาลูกไม้หรือของที่ลอยทิ้งลงในนํ้าแล้วแย่งชิงกัน.
ชิงชัง 0,ก.,"เกลียดชัง, เกลียดมาก."
ชิงชัน 0,น.,"ชื่อไม้ต้นชนิด Dalbergia oliveriGamble ในวงศ์ Leguminosae เนื้อไม้แข็ง แก่นสีแดงเข้มถึงสีม่วงแก่, ประดู่ชิงชัน ก็เรียก."
ชิงชัย 0,ก.,สู้หรือแข่งกันเพื่อเอาชนะ.
ชิงช้า 0,น.,ที่นั่งผูกด้วยเชือกเป็นต้น ๒ ข้าง แขวนตามกิ่งไม้หรือที่สูง สำหรับนั่งหรือยืนไกวไปมา.
ชิงช้าชาลี 0,น.,ชื่อไม้เถาชนิด Tinospora baenzigeriForman ในวงศ์ Menispermaceae คล้ายบอระเพ็ด แต่เถาค่อนข้างเกลี้ยง ใช้ทำยาได้.
ชิงช้าสวรรค์ 0,น.,"อุปกรณ์เพื่อความเพลิดเพลินชนิดหนึ่ง มักมีตามสวนสนุกและในงานเทศกาลต่าง ๆ ประกอบด้วยล้อโลหะขนาดใหญ่คู่ขนานกัน หมุนด้วยแรงกลในแนวตั้งรอบแกนที่ติดอยู่กับที่ มีที่นั่งคล้ายกระเช้าห้อยติดอยู่เป็นช่วง ๆ ระหว่างโครงของล้อทั้ง ๒, กระเช้าสวรรค์ ก็ว่า."
ชิงชี่ 0,น.,"ชื่อไม้พุ่มชนิด Capparis micracantha DC. ในวงศ์ Capparaceae สูง ๒-๔ เมตร มีหนามเล็กสั้น ๆ ขนาบโคนก้านใบข้างละอัน ดอกขาว โคนกลีบดอกสีเหลือง ใกล้โรยกลายเป็นสีม่วงแก่ ออกเป็นตับตามลำกิ่งเหนือง่ามใบตับละ ๒-๗ ดอก ผลกลม ๆ หรือรูปไข่ เมื่อสุกสีแดง ก้านผลยาว, กระโรกใหญ่ หรือ แส้ม้าทะลาย ก็เรียก."
ชิงเชิง 0,น.,ชื่อเศษด้ายที่ตัดออกจากผ้าซึ่งติดอยู่ที่ฟืม.
ชิงเชิง 1,ก.,"แย่งชั้นเชิงกัน, คอยเอาทีกัน."
ชิงดวง 0,น.,"ชื่อลายชนิดหนึ่งเป็นลายแย่งดอกกัน หรือเป็นดอกเกี่ยวกัน, แก้วชิงดวง ก็เรียก."
ชิงดีชิงเด่น 0,ก.,"แย่งกันเอาหน้าหรือเอาดีเอาเด่น, ขัดขวางความเจริญก้าวหน้าของผู้อื่น เพื่อให้ตนดีเด่นแต่ผู้เดียว."
ชิงทรัพย์ 0,น.,เป็นฐานความผิดอาญา ที่ผู้กระทำ ลักทรัพย์ โดยใช้กำลังประทุษร้าย หรือขู่เข็ญว่าในทันใดนั้นจะใช้กำลังประทุษร้าย เพื่อ (๑) ให้ความสะดวกแก่การลักทรัพย์หรือการพาทรัพย์นั้นไป (๒) ให้ยื่นให้ซึ่งทรัพย์นั้น (๓) ยึดถือเอาทรัพย์นั้นไว้ (๔) ปกปิดการกระทำความผิดนั้น หรือ (๕) ให้พ้นจากการจับกุม.
ชิงเปรต 0,ก.,แย่งเครื่องเซ่นสรวงวิญญาณบรรพบุรุษหรือผู้ที่ตายไปแล้ว ซึ่งเรียกว่า “เปรต” ในงานทำบุญวันสารทเดือน ๑๐ เมื่อเสร็จพิธีเซ่นแล้ว ถือว่าเครื่องเซ่นเหล่านั้นเป็นมงคล.
ชิงเปรต 1,น.,เรียกงานพิธีทำบุญวันสารทเดือน ๑๐ ว่า พิธีชิงเปรต.
ชิงสุกก่อนห่าม 0,ก.,"ทำสิ่งที่ยังไม่สมควรแก่วัยหรือยังไม่ถึงเวลา (มักหมายถึงการลักลอบได้เสียกันก่อนแต่งงาน), ใช้เป็นคำสอนหรือเตือนสติว่า อย่าชิงสุกก่อนห่าม."
ชิงหมาเกิด 0,*สำ.,คำเปรียบเปรยคนที่เลวต่ำช้า เช่น หมามันจะเกิดชิงหมาเกิด มึงไปตายเสียเถิดอ้ายห้าเบี้ย (ขุนช้างขุนแผน).
ชิงไหวชิงพริบ 0,ก.,"ฉวยโอกาสโดยใช้ไหวพริบ, คอยจ้องดูชั้นเชิงของอีกฝ่ายหนึ่ง."
ชิงฮื้อ 0,น.,ชื่อปลานํ้าจืดชนิด Mylopharyngodon aethiops (Basilewski) ในวงศ์ Cyprinidae ปากอยู่ปลายสุดของหัว ไม่มีหนวด ลำตัวยาว ท้องกลม เกล็ดใหญ่ รูปร่างคล้ายปลาเฉาฮื้อ เว้นแต่มีแผงฟันในบริเวณลำคอเพียงแถวเดียว ทั้งลำตัวและครีบสีคล้ำ มีถิ่นเดิมอยู่ในประเทศจีน นำเข้ามาเลี้ยงเป็นอาหาร.
ชิชะ 0,อ.,คำที่เปล่งออกมาเมื่อรู้สึกโกรธหรือไม่ชอบใจเป็นต้น.
ชิชิ 0,อ.,คำที่เปล่งออกมาเมื่อรู้สึกโกรธหรือไม่ชอบใจเป็นต้น.
ชิณณะ 0,ว.,"แก่, เก่า, ครํ่าคร่า."
ชิด 0,น.,"ชื่อเนื้อในลูกไม้ชนิดหนึ่งได้จากต้นตาว [ Arenga pinnata (Warmb) Merr.] มีเนื้อคล้ายลูกจาก เรียกว่า ลูกชิด. (ดู ตาว ๒, ต๋าว ประกอบ)."
ชิด 1,ก.,ใกล้จวนติดหรือใกล้จนติดกัน เช่น นั่งชิดกัน ชิดเข้าไปอีกหน่อย.
ชิเดนทรีย์ 0,น.,"ผู้มีอินทรีย์อันชนะแล้ว, ผู้สำรวมอินทรีย์."
ชิต 0,ก.,ชนะแล้ว.
ชิต- 0,ก.,ชนะแล้ว.
ชิตินทรีย์ 0,น.,"ผู้มีอินทรีย์อันชนะแล้ว, ผู้สำรวมอินทรีย์."
ชิ่น 0,ก.,"สิ้น, หมด, เช่น อันว่าพระญาติท้งงชิ่น สทิ่นท้ยนจินดา (ม. คำหลวง ทศพร)."
ชิน 0,น.,โลหะเจือชนิดหนึ่ง ประกอบด้วยตะกั่วและดีบุก นิยมใช้ทำพระเครื่อง
ชิน 1,น.,ชิน หรือ ชินธาตุ หมายถึง ดีบุกดำ.
ชิ้น 0,น.,"ก้อนหรือแผ่นเล็กที่ตัด แล่ แบ่ง แยก หรือ แตกออกจากส่วนใหญ่ เช่น ชิ้นปลา ชิ้นเนื้อ ชิ้นกระเบื้อง, ลักษณนามเรียกสิ่งที่เป็นก้อนเป็นแผ่นเล็ก ๆ เช่นนั้น เช่น ผ้าชิ้นหนึ่ง เนื้อ ๒ ชิ้น."
ชิน 2,ก.,เคยบ่อย ๆ จนคุ้นหรือเจน.
ชิ้น 1,น.,คู่รัก.
ชิน 3,ก.,บุอย่างบุทองแดง.
ชิน- 0,น.,"ผู้ชนะ, พระพุทธเจ้า, ใช้ประกอบกับคำอื่นเป็น ชินวร ชิเนนทร์ หมายความว่า พระพุทธเจ้า."
ชิน 4,น.,ชื่อศาสนาหนึ่งในอินเดีย. (ส.). (ดู เชน).
ชินชา 0,ว.,เคยบ่อย ๆ จนเลิกเอาใจใส่.
ชิ้นเช้ 0,น.,คู่รัก.
ชินโต 0,น.,ชื่อศาสนาดั้งเดิมของชาวญี่ปุ่น ไม่มีศาสดาผู้ก่อตั้ง มีคำสอนให้เคารพบูชาธรรมชาติ เช่น ดวงอาทิตย์ ดวงจันทร์ แม่นํ้า.
ชินบุตร 0,น.,พระสงฆ์.
ชิ้นเอก 0,ว.,ดีเด่น เช่น งานชิ้นเอก.
ชิโนรส 0,น.,พระสงฆ์.
ชิม 0,ก.,"ลองลิ้มรสดูด้วยปลายลิ้น, ทดลองให้รู้รส."
ชิมแปนซี 0,น.,ชื่อลิงไม่มีหางในวงศ์ Pongidae ขนสีดำหรือน้ำตาลดำ บริเวณใกล้ก้นมีขนสีขาว หน้า ใบ หู ก้น ฝ่ามือ และฝ่าตีนไม่มีขน แขนและขายาวเกือบเท่ากัน มี ๒ ชนิด คือ ชนิด Pan troglodytes (Blumenbach) และชิมแปนซีแคระ [ P. paniscus (Schwarz)] ถิ่นกำเนิดอยู่ในทวีปแอฟริกา อยู่รวมกันเป็นฝูง สามารถนำมาฝึกหัดให้เลียนแบบพฤติกรรมของมนุษย์ได้.
ชิมลาง 0,ก.,หยั่งดูท่าทีหรือเหตุการณ์ว่าจะดีหรือร้าย.
ชิยา 0,น.,สายธนู.
ชิรณ- 0,ว.,"แก่, ครํ่าคร่า, ชำรุด."
ชิรณะ 0,ว.,"แก่, ครํ่าคร่า, ชำรุด."
ชิรณัคคิ 0,น.,"ไฟธาตุที่ทำอาหารให้ย่อย, ชีรณัคคิ ก็ว่า."
ชิระ 0,ว.,"แก่, ครํ่าคร่า, ชำรุด."
ชิวงคต 0,ว.,"ชีพ, ความเป็น, ตรงข้ามกับ ความตาย."
ชิวงคต 1,ก.,ตาย เช่น มาตรแม้นพระองค์ชีวงคต โอรสจะม้วยสังขาร์ (รามเกียรติ์ ร. ๒).
ชิวหา 0,น.,ลิ้น.
ชิวหาสดมภ์ 0,น.,ชื่อโรคลม ตามตำราแพทย์แผนโบราณว่าทำให้มีอาการลิ้นกระด้างคางแข็ง.
ชิวหินทรีย์ 0,น.,ลิ้นซึ่งเป็นใหญ่ในการลิ้มรส.
ชิสา 0,สัน.,แม้ว่า เช่น ชิสาท่านโอนเอา ดีต่อ ก็ดี (ยวนพ่าย).
ชี่ 0,น.,"ยาย้อมฟัน ทำจากกะลามะพร้าวเผาไฟแล้วบดให้ละเอียด ใช้สีเพื่อให้ฟันดำเป็นมัน เช่น เอาชี่สีฟันเป็นมันขลับ กระจกส่องเงาวับดูจับแสง (ขุนช้างขุนแผน ตอนพลายแก้วบวชเณร), สี้ ก็เรียก."
ชี้ 0,น.,เรียกนิ้วที่ ๒ นับแต่หัวแม่มือว่า นิ้วชี้.
ชี้ 1,ก.,"เหยียดนิ้วชี้เป็นต้นตรงไปที่ใดที่หนึ่งเพื่อให้เห็นสิ่งที่ต้องการ, เหยียดตรง เช่น หางชี้"
ชี้ 2,ก.,"แนะนำ, บอกให้, เช่น ชี้ทาง."
ชี 0,น.,นักบวช เช่น ท้าวธคือไกรษรงามสง่า เสด็จเข้าป่าเปนชี (ม. คำหลวง วนประเวศน์)
ชี 1,น.,"คำเรียกหญิงที่นุ่งขาวห่มขาว โกนคิ้วโกนผม ถือศีล ๘, แม่ชี ก็เรียก."
ชี 2,น.,"ชื่อไม้ล้มลุกชนิด Coriandrum sativum L. ในวงศ์ Umbelliferae ทั้งต้นมีกลิ่น ใช้เป็นผัก เรียกว่า ผักชี ดอกเล็กสีขาว ผลกลมมีกลิ่นฉุน เมื่อแก่ใช้เป็นเครื่องเทศ, ชีลา หรือ หอมป้อม ก็เรียก."
ชี 3,น.,"ชื่อแมลงในอันดับ Ephemeroptera ลำตัวอ่อนนิ่มบอบบางสีขาว หนวดสั้นมากมองเกือบไม่เห็น ปีกบางใสรูปสามเหลี่ยม มีเส้นปีกมากมาย เมื่อเกาะปีกจะตั้งตรง ที่ปลายท้องมีหางยาวคล้ายเส้นด้าย ๒-๓ เส้น เมื่อถูกรบกวนจะปล่อยของเหลวเหนียวสีขาวขุ่น เช่น ชนิด Ephemeraspp . ในวงศ์ Ephemeridae, ชีผ้าขาว ชีผะขาว หรือ สับปะขาว ก็เรียก."
ชี 4,ก.,"ทำสิ่งที่เป็นปุยอย่างสำลีหรือที่เป็นเส้นอย่างกลุ่มยาเส้นให้กระจายตัวออก, ประชี ก็ว่า."
ชี้ขาด 0,ก.,"สั่งเด็ดขาด, วินิจฉัยเด็ดขาด."
ชี้แจง 0,ก.,พูดขยายความให้เข้าใจชัดเจน.
ชี้ช่อง 0,ก.,แนะลู่ทางให้.
ชีต้น 0,น.,พระสงฆ์ที่เป็นอาจารย์.
ชี้ตาไม่กระพริบ 0,ก.,"ดื้อมาก, สู้สายตาไม่ยอมแพ้, เช่น เหม่ ! ออนี่หนักหนา ชี้ตาไม่กระพริบเลย ว่าแล้วซิยังเฉยดื้อถือบุญ (ม. ร่ายยาว กุมาร)."
ชี้นกบนปลายไม้ 0,ก.,หวังในสิ่งที่อยู่ไกลตัว.
ชี้นกเป็นนกชี้ไม้เป็นไม้ 0,*สำ.,ไม่ว่าผู้มีอำนาจจะว่าอย่างใด ผู้น้อยก็ต้องคล้อยตามไปอย่างนั้นเพราะกลัวหรือประจบ.
ชี้นำ 0,ก.,แนะหรือชักจูงไปในทางที่ตนต้องการ.
ชี้นิ้ว 0,ก.,ได้แต่สั่งการให้ผู้อื่นทำ ไม่ลงมือทำเอง.
ชี้แนะ 0,ก.,แนะแนวทางให้.
ชี้โบ๊ชี้เบ๊ 0,ก.,ชี้ส่ง ๆ ไป.
ชีปะขาว 0,น.,นักบวชนุ่งขาวห่มขาว.
ชีปะขาว 1,น.,"คำเรียกหญิงที่นุ่งขาวห่มขาว โกนคิ้วโกนผม ถือศีล ๘, แม่ชี ก็เรียก."
ชีปะขาว 2,น.,"ชื่อแมลงในอันดับ Ephemeroptera ลำตัวอ่อนนิ่มบอบบางสีขาว หนวดสั้นมากมองเกือบไม่เห็น ปีกบางใสรูปสามเหลี่ยม มีเส้นปีกมากมาย เมื่อเกาะปีกจะตั้งตรง ที่ปลายท้องมีหางยาวคล้ายเส้นด้าย ๒-๓ เส้น เมื่อถูกรบกวนจะปล่อยของเหลวเหนียวสีขาวขุ่น เช่น ชนิด Ephemeraspp . ในวงศ์ Ephemeridae, ชีผ้าขาว ชีผะขาว หรือ สับปะขาว ก็เรียก."
ชีเปลือย 0,น.,"นักบวชจำพวกหนึ่ง ถือเพศเปลือยกาย, โดยปริยายใช้เรียกคนที่ไม่นุ่งผ้า."
ชีผะขาว 0,น.,"ชื่อแมลงในอันดับ Ephemeroptera ลำตัวอ่อนนิ่มบอบบางสีขาว หนวดสั้นมากมองเกือบไม่เห็น ปีกบางใสรูปสามเหลี่ยม มีเส้นปีกมากมาย เมื่อเกาะปีกจะตั้งตรง ที่ปลายท้องมีหางยาวคล้ายเส้นด้าย ๒-๓ เส้น เมื่อถูกรบกวนจะปล่อยของเหลวเหนียวสีขาวขุ่น เช่น ชนิด Ephemeraspp . ในวงศ์ Ephemeridae, ชีผ้าขาว ชีผะขาว หรือ สับปะขาว ก็เรียก."
ชีผ้าขาว 0,น.,"ชื่อแมลงในอันดับ Ephemeroptera ลำตัวอ่อนนิ่มบอบบางสีขาว หนวดสั้นมากมองเกือบไม่เห็น ปีกบางใสรูปสามเหลี่ยม มีเส้นปีกมากมาย เมื่อเกาะปีกจะตั้งตรง ที่ปลายท้องมีหางยาวคล้ายเส้นด้าย ๒-๓ เส้น เมื่อถูกรบกวนจะปล่อยของเหลวเหนียวสีขาวขุ่น เช่น ชนิด Ephemeraspp . ในวงศ์ Ephemeridae, ชีผ้าขาว ชีผะขาว หรือ สับปะขาว ก็เรียก."
ชีฝรั่ง 0,น.,ชื่อไม้ล้มลุกชนิด Eryngium foetidum L. ในวงศ์ Umbelliferae ใบยาวรีขอบจัก กลิ่นฉุน ใช้แต่งกลิ่นอาหารและใช้เป็นผัก.
ชีพ 0,น.,"ชีวิต, ความเป็น, ตรงข้ามกับ ความตาย, เช่น เสียชีพอย่าเสียสัตย์"
ชีพ 1,น.,ความดำรงชีวิตอยู่ เช่น ค่าครองชีพ.
ชีพ- 0,น.,"ชีวิต, ความเป็น, ตรงข้ามกับ ความตาย, เช่น เสียชีพอย่าเสียสัตย์"
ชีพ- 1,น.,ความดำรงชีวิตอยู่ เช่น ค่าครองชีพ.
ชีพจร 0,น.,อาการที่เส้นเลือดเต้นอยู่ตามร่างกายและสัมผัสได้เช่นที่ข้อมือ.
ชีพจรลงเท้า 0,ก.,"อยู่ไม่เป็นที่, ท่องเที่ยวเดินทางไปเรื่อย ๆ, เดิมใช้ว่า เทพจรลงเท้า."
ชีพตักษัย 0,น.,การสิ้นชีวิต.
ชีพราหมณ์ 0,น.,คำเรียกชายหรือหญิงที่นุ่งขาวห่มขาว ถือศีล ๘ แต่ไม่โกนคิ้วไม่โกนผม.
ชีพิต 0,น.,ความเป็นอยู่.
ชีพิตักษัย 0,น.,การสิ้นชีวิต.
ชีพุก 0,น.,"พ่อ, ท่านพ่อ, เช่น ด่งงจริงชะรอยชีพุก หากทำทุกข์แก่มึงอย่าเลอย (ม. คำหลวง ชูชก)."
ชี้โพรงให้กระรอก 0,ก.,ชี้แนะทางให้ทำสิ่งที่ไม่ถูกต้อง.
ชีฟอง 0,น.,ชื่อผ้าชนิดหนึ่ง เนื้อนิ่ม บาง และเบา ใช้ตัดเสื้อผ้าสตรี.
ชี้ฟ้า 0,น.,ชื่อพริกชนิด Capsicum annuum L. ในวงศ์ Solanaceae.
ชีมืด 0,น.,ชีในคริสต์ศาสนานิกายโรมันคาทอลิก ที่ปฏิญาณตนว่าจะบวชตลอดชีวิต ต้องอยู่แต่ในสำนักของตน จะออกไปติดต่อกับบุคคลอื่นแม้แต่ญาติของตนก็ไม่ได้.
ชีรณ- 0,ว.,"เก่า, แก่, ชำรุด, ยุ่ย, ย่อย, โบราณ เช่น ชีรณกถา ว่า นิทานโบราณ, ชีรณฎีกา ว่า ฎีกาโบราณ."
ชีรณะ 0,ว.,"เก่า, แก่, ชำรุด, ยุ่ย, ย่อย, โบราณ เช่น ชีรณกถา ว่า นิทานโบราณ, ชีรณฎีกา ว่า ฎีกาโบราณ."
ชีรณัคคิ 0,น.,"ไฟธาตุที่ทำอาหารให้ย่อย, ชิรณัคคิ ก็ว่า."
ชีระ 0,ว.,"แก่, ครํ่าคร่า, ชำรุด."
ชีระ 1,ว.,"ว่องไว, เก่ง, เชี่ยว."
ชีล้อม 0,น.,"ชื่อไม้ล้มลุกชนิด Oenanthe javanica (Blume) DC. ในวงศ์ Umbelliferae ชอบขึ้นในที่ชื้นแฉะ ใบแบนรีขอบจัก ใช้เป็นผัก ดอกเป็นกระจุกสีขาว ผลกลมค่อนข้างยาว, อัน หรือ อันอ้อ ก็เรียก, พายัพและอีสานเรียก หนอกช้าง."
ชีลา 0,น.,"ชื่อไม้ล้มลุกชนิด Coriandrum sativum L. ในวงศ์ Umbelliferae ทั้งต้นมีกลิ่น ใช้เป็นผัก เรียกว่า ผักชี ดอกเล็กสีขาว ผลกลมมีกลิ่นฉุน เมื่อแก่ใช้เป็นเครื่องเทศ, ชีลา หรือ หอมป้อม ก็เรียก."
ชีลาว 0,น.,ชื่อไม้ล้มลุกชนิด Anethum graveolens L. ในวงศ์ Umbelliferae ใบเป็นเส้นฝอย ๆ ใช้เป็นผัก ดอกเล็กเป็นช่อสีเหลือง ผลแก่แห้งรูปไข่แบน เรียก เทียนตาตั๊กแตน ใช้ทำยาได้.
ชีว- 0,น.,"ชีพ, ความเป็น, ตรงข้ามกับ ความตาย."
ชีว- 1,น.,พระพฤหัสบดี.
ชีวเคมี 0,น.,วิชาเคมีสาขาหนึ่งที่ศึกษาเกี่ยวกับองค์ประกอบทางเคมีของสิ่งที่มีชีวิตและการเปลี่ยนแปลงต่าง ๆ ที่เกิดขึ้นกับองค์ประกอบเหล่านั้น ตลอดจนกระบวนการต่าง ๆ ที่ควบคุมการเปลี่ยนแปลงนั้น ๆ.
ชีวงคต 0,ก.,"ชีพ, ความเป็น, ตรงข้ามกับ ความตาย."
ชีวงคต 1,ก.,ตาย เช่น มาตรแม้นพระองค์ชีวงคต โอรสจะม้วยสังขาร์ (รามเกียรติ์ ร. ๒).
ชีวประวัติ 0,น.,ประวัติชีวิตบุคคล.
ชีวภาพ 0,น.,ความเป็นสิ่งมีชีวิต.
ชีวภาพ 1,ว.,เกี่ยวกับสิ่งที่มีชีวิตและสิ่งที่สืบเนื่องมาจากสิ่งมีชีวิต เช่น วิทยาศาสตร์ชีวภาพ ปุ๋ยชีวภาพ.
ชีวโลก 0,น.,"โลกของมนุษย์หรือสัตว์ที่ยังมีชีวิตอยู่, ตรงข้ามกับ เปตโลก คือโลกของมนุษย์หรือสัตว์ที่ตายแล้ว"
ชีวโลก 1,น.,"เหล่าสัตว์, มนุษยชาติ."
ชีววาร 0,น.,"วันพฤหัสบดี, คุรุวาร หรือ พฤหัสปติวาร ก็ว่า."
ชีววิทยา 0,น.,วิชาว่าด้วยสิ่งที่มีชีวิต.
ชีวะ 0,น.,"ชีพ, ความเป็น, ตรงข้ามกับ ความตาย."
ชีวะ 1,น.,พระพฤหัสบดี.
ชีวัง 0,น.,ชีวิต เช่น ล้มลงด่าวดิ้นสิ้นกำลัง มอดม้วยชีวังปลดปลง (อิเหนา).
ชีวัง 1,น.,"ชีพ, ความเป็น, ตรงข้ามกับ ความตาย."
ชีวัน 0,น.,"ชีวิต, สิ่งที่มีชีวิต."
ชีวัน 1,น.,"ชีพ, ความเป็น, ตรงข้ามกับ ความตาย."
ชีวันตราย 0,น.,"อันตรายต่อชีวิต, อันตรายถึงตาย."
ชีวันตราย 1,น.,"ชีพ, ความเป็น, ตรงข้ามกับ ความตาย."
ชีวา 0,น.,ชีวิต.
ชีวา 1,น.,"ชีพ, ความเป็น, ตรงข้ามกับ ความตาย."
ชีวาตม์ 0,น.,ชีวิตของตน.
ชีวาตม์ 1,น.,"ชีพ, ความเป็น, ตรงข้ามกับ ความตาย."
ชีวาลัย 0,น.,ชีวิต เช่น ก็สิ้นชีวาลัยไปเมืองฟ้า (รามเกียรติ์ ร. ๑).
ชีวาลัย 1,ก.,ตาย เช่น เพียงศรีอนุชาชีวาลัย จะผินพักตรพึ่งใครก็ขัดสน (ประชุมเพลงยาว ภาคที่ ๗ เพลงยาวความเก่า).
ชีวาลัย 2,ก.,"ชีพ, ความเป็น, ตรงข้ามกับ ความตาย."
ชีวิต 0,น.,"ความเป็น, ตรงข้ามกับ ความตาย."
ชีวิต 1,น.,"ชีพ, ความเป็น, ตรงข้ามกับ ความตาย."
ชีวิตชีวา 0,น.,ความสดชื่นคึกคัก.
ชีวิตชีวา 1,น.,"ชีพ, ความเป็น, ตรงข้ามกับ ความตาย."
ชีวิตักษัย 0,น.,การสิ้นชีวิต.
ชีวิตักษัย 1,ก.,ตาย.
ชีวิตักษัย 2,ก.,"ชีพ, ความเป็น, ตรงข้ามกับ ความตาย."
ชีวิตินทรีย์ 0,น.,ชีวิต.
ชีวิตินทรีย์ 1,น.,"ชีพ, ความเป็น, ตรงข้ามกับ ความตาย."
ชีวิน 0,น.,"ผู้เป็นอยู่, ผู้มีชีวิต."
ชีวิน 1,น.,"ชีพ, ความเป็น, ตรงข้ามกับ ความตาย."
ชีวี 0,น.,ชีวิต.
ชีวี 1,น.,"ชีพ, ความเป็น, ตรงข้ามกับ ความตาย."
ชีโว 0,น.,"ชื่อยาม ๑ ใน ๘ ยามในเวลากลางคืน, (ยาม) พฤหัสบดี. (ดู ยาม, ยาม-)."
ชี้สองสถาน 0,ก.,กระบวนการที่ศาลกำหนดประเด็นข้อพิพาทในคดี และระบุให้คู่ความฝ่ายใดฝ่ายหนึ่งนำพยานมาสืบในประเด็นข้อใดก่อนหรือหลัง.
ชีสา 0,สัน.,แม้ว่า เช่น ชิสาท่านโอนเอา ดีต่อ ก็ดี (ยวนพ่าย).
ชืด 0,ว.,"จืด, หมดรสชาติ."
ชื้น 0,ว.,"มีไอนํ้าซึมซาบอยู่ เช่น อากาศชื้น, ไม่แห้งทีเดียว เช่น ผ้าชื้น."
ชื่น 0,ก.,"แจ่มใส, เบิกบาน, ยินดี, เช่น หน้าชื่น."
ชื่น 1,น.,"ชื่อมดชนิด Odontoponera dentieulata (Smith) ในวงศ์ Formicidae ตัวสีเทาดำ ขนาดยาวประมาณ ๑.๒ เซนติเมตร อาศัยอยู่ตามผิวดิน ต่อยได้เจ็บปวด, ชื่น ก็เรียก."
ชื่นกลิ่น 0,ก.,ชื่นใจด้วยกลิ่น.
ชื่นใจ 0,ก.,"มีความสุข, มีความพอใจ, เช่น ลูกมีความประพฤติดี พ่อแม่ก็ชื่นใจ กลิ่นดอกไม้หอมชื่นใจ."
ชื่นชม 0,ก.,ปีติยินดี.
ชื่นชมยินดี 0,ก.,ปีติยินดี.
ชื่นตา 0,ก.,มองดูแล้วเบิกบานใจ เช่น เห็นของสวยงามแล้วชื่นตา.
ชื่นบาน 0,ว.,เบิกบาน.
ชื่นมื่น 0,ก.,ชื่นบาน เช่น ท้าวสามนต์ฟังถ้อยค่อยชื่นมื่น (สังข์ทอง).
ชื่อ 0,น.,คำที่ตั้งขึ้นสำหรับเรียกคน สัตว์ สถานที่ และสิ่งของโดยทั่ว ๆ ไปหรือโดยเฉพาะเจาะจง
ชื่อ 1,น.,"เกียรติยศ เช่น มีชื่อ เสียชื่อ, ชื่อเสียง ก็ว่า."
ชื้อ 0,ว.,"เย็นเยือก, ชื้น, ร่ม เช่น ร่มไซรใบชิด ชรอื้อชื้อฉาย (สรรพสิทธิ์), บัดดลวลาหกชื้อ ชรอับ อยู่แฮ (ตะเลงพ่าย)."
ชื่อจริง 0,น.,ชื่อของบุคคลที่ใช้เป็นทางการ ปรากฏอยู่ในทะเบียนสำมะโนครัวเป็นต้น.
ชื่อตัว 0,น.,ชื่อประจำบุคคล.
ชื่อย่อ 0,น.,ชื่อที่ย่อมาจากชื่อเต็ม.
ชื่อรอง 0,น.,ชื่อประกอบถัดจากชื่อตัว.
ชื่อเล่น 0,น.,ชื่อของบุคคลที่ใช้กันในหมู่ญาติหรือผู้ใกล้ชิด.
ชื่อว่า 0,สัน.,"แม้ว่า, เรียกว่า, นับว่า, เช่น ชื่อว่าเรือนมึงงามดังเรือนท้าว (ม. คำหลวง ชูชก)."
ชื่อสกุล 0,น.,"ชื่อประจำวงศ์สกุลซึ่งสืบเนื่องจากบิดาถึงบุตร หรือซึ่งได้รับอนุญาตให้จดทะเบียนเป็นทางการแล้ว, นามสกุล"
ชื่อสกุล 1,น.,ชื่อประจำวงศ์สกุล.
ชื่อเสียง 0,น.,"เกียรติยศ เช่น ได้ชื่อเสียง เสียชื่อเสียง, ชื่อ ก็ว่า"
ชื่อเสียง 1,น.,ความเป็นที่รู้จักกันอย่างกว้างขวาง เช่น เขาเป็นนักกีฬาที่มีชื่อเสียง.
ชื่อเสียงเรียงนาม 0,น.,"ชื่อและเทือกเถาเหล่ากอ เช่น กว่าจะรู้ว่าเป็นลูกหลานใครต้องถามชื่อเสียงเรียงนามกันอยู่นาน, ชื่อ เช่น ถ้าบอกชื่อเสียงเรียงนามของเขาแล้ว เชื่อว่าทุกคนต้องรู้จัก."
ชุ 0,น.,ต้นไม้ เช่น กินลูกชุลุเพรางาย (ม. คำหลวง ทานกัณฑ์).
ชุก 0,ว.,"มีดื่น, มีมากมาย, เช่น มะม่วงชุก, มีบ่อย ๆ เช่น ฝนชุก."
ชุกชี 0,น.,"ฐานส่วนล่างที่เป็นส่วนรองรับรัตนบัลลังก์ที่ประดิษฐานพระพุทธรูปเป็นต้น มักก่ออิฐถือปูน, จุกชี ก็ว่า."
ชุกชุม 0,ว.,"มีดื่นดาษ, มีมากมาย, เช่น แถวนี้ขโมยชุกชุม."
ชุ่ง 0,สัน.,"จึ่ง, จวน, เช่น ครั้นชุ่งจะใกล้อ้า ค่อยผ้ายโชยชาย (ลอ)."
ชุ้ง 0,ว.,"โค้ง, คด."
ชุณห- 0,ว.,"ขาว, สว่าง."
ชุณหปักษ์ 0,น.,ข้างขึ้น.
ชุด 0,น.,เครื่องดักปลาชนิดหนึ่ง ถักด้วยเถาวัลย์เป็นตา ๆ
ชุด 1,น.,สิ่งที่ถักด้วยหวายเป็นตาห่าง ๆ รูปทรงกระบอก สำหรับใส่หมู.
ชุด 2,น.,ด้ายหรือนุ่นเป็นต้นสำหรับเป็นเชื้อให้ไฟติดในเวลาตีหินเหล็กไฟเป็นต้น
ชุด 3,น.,อุปกรณ์คาดหน้าท้อง บรรจุผงถ่าน ใช้จุดสำหรับให้ความร้อนแทนการอยู่ไฟ.
ชุด 4,น.,"ของที่จัดให้เข้ากันเป็นสำรับ เช่น ชุดนํ้าชา, สิ่งที่จัดไว้ให้ใช้ด้วยกัน เช่น ชุดรับแขก, คนที่เป็นพวกเดียวกันได้"
ชุด 5,น.,"การแสดงที่ไม่จับเป็นเรื่องราว เช่น ชุดระบำรำฟ้อน ชุดเบิกโรง, การแสดงตอนหนึ่ง ๆ ของโขนเป็นต้น เช่น ชุดพรหมาสตร์ ชุดนางลอย"
ชุด 6,น.,เครื่องแต่งกายที่กำหนดให้ใช้ในโอกาสต่าง ๆ เช่น ชุดเจ้าสาว ชุดสากล ชุดว่ายน้ำ
ชุด 7,น.,การบรรเลงเพลงไทยซึ่งมีทำนองคล้ายคลึงกัน เช่น ชุดจีน ชุดแขก
ชุด 8,น.,ใช้เป็นลักษณนาม เช่น เสื้อผ้าชุดหนึ่ง คณะกรรมการชุดหนึ่ง การแสดง ๒ ชุด.
ชุดสากล 0,น.,เครื่องแต่งกายของผู้ชาย ประกอบด้วยกางเกงขายาว เสื้อเชิ้ต ผ้าผูกคอ เสื้อนอกคอแบะ ถุงเท้า และรองเท้าหุ้มส้น.
ชุติ 0,น.,"ความโพลง, ความรุ่งเรือง, ความสว่างไสว"
ชุติ 1,น.,ดวงดาว.
ชุติมา 0,น.,ผู้มีความรุ่งเรือง.
ชุน 0,ก.,ซ่อมผ้าหรือแหเป็นต้นที่ขาดทะลุเป็นรูให้เป็นเนื้อเดียวกัน ด้วยการถักหรือด้วยวิธีอื่น ๆ.
ชุน 1,น.,เครื่องมือสำหรับถักตาข่ายหรือแหเป็นต้น.
ชุบ 0,ก.,จุ่มสิ่งใดสิ่งหนึ่งในของเหลว ทำให้ของเหลวหรือสารละลายในของเหลวเกาะติด เช่น ชุบทอง
ชุบ 1,ก.,ทำให้เป็นคนขึ้นมา เช่น อันรูปซึ่งชุบในอัคคี มีนามชื่อลบอนุชา (รามเกียรติ์ ร. ๑)
ชุบ 2,ก.,ทำให้มีชีวิต เช่น จึ่งหน่อนเรศร์ เรืองเวทชุบชาญ อื้นอาคมขาน ชูชีพย์ชายา (สรรพสิทธิ์)
ชุบ 3,ก.,เขียนหนังสือด้วยหมึกเป็นต้น.
ชุบชีวิต 0,ก.,"ทำให้เป็นขึ้น เช่น ชุบชีวิตคนตายให้เป็น, ทำให้มีชีวิตขึ้น เช่น ชุบชีวิตรูปหุ่น"
ชุบชีวิต 1,ก.,โดยปริยายหมายถึง อุปถัมภ์บำรุงให้มีความเป็นอยู่ดีขึ้น.
ชุบชู 0,น.,ชื่อของหวานอย่างหนึ่ง คล้ายลอยแก้ว.
ชุบชู 1,ก.,ช่วยให้ดีขึ้น เช่น เอ็นดูด้วย ช่วยชุบชู.
ชุบตัว 0,ก.,"เอาตัวจุ่มลงไปในของเหลวเพื่อให้ติดสิ่งนั้นอย่างพระสังข์ชุบตัวให้เป็นทอง, เอาตัวเข้าไปในกองไฟเพื่อเปลี่ยนรูปอย่างท้าวสันนุราชชุบตัวในกองไฟเพื่อให้กลับเป็นหนุ่มใหม่"
ชุบตัว 1,ก.,โดยปริยายหมายถึง ไปศึกษาอบรมเพิ่มเติมจากต่างประเทศเพื่อให้มีความรู้สูงขึ้น ดีขึ้น เช่น ไปชุบตัวมาจากเมืองนอก.
ชุบมือ 0,ก.,เอามือจุ่มลงในน้ำเพื่อให้เปียกก่อนเปิบข้าวเป็นต้น.
ชุบมือเปิบ 0,ก.,ฉวยประโยชน์จากคนอื่นโดยไม่ได้ลงทุนลงแรง.
ชุบย้อม 0,ก.,บำรุงเลี้ยงดูให้มีฐานะดีขึ้น.
ชุบเลี้ยง 0,ก.,บำรุงเลี้ยงดูให้มีความเป็นอยู่ดีขึ้น.
ชุบสรง 0,น.,ผ้าผลัดอาบนํ้าของเจ้านาย เรียกว่า ผ้าชุบสรง.
ชุบอาบ 0,น.,ผ้าผลัดอาบนํ้าของเจ้านายหรือพระสงฆ์ เรียกว่า ผ้าชุบอาบ.
ชุม 0,ก.,มารวมกัน เช่น เตรียบต้งงโชมโรมราชา ชุมทับพลับพลา แลร้งงยงงฝั่งสระสนาน (สรรพสิทธิ์)
ชุม 1,ก.,"ดาษดื่น, มีมาก, เช่น ขโมยชุม ยุงชุม."
ชุ่ม 0,ก.,มีนํ้าหรือของเหลวซึมซาบเอิบอาบอยู่ เช่น ดินชุ่มน้ำ.
ชุ่มคอ 0,ก.,รู้สึกคอไม่แห้ง เช่น เคี้ยวชะเอมทำให้ชุ่มคอ.
ชุ่มใจ 0,ก.,อิ่มเอิบใจ.
ชุ่มฉ่ำ 0,ก.,"ชุ่มอย่างมีน้ำอิ่มอยู่ในตัว เช่น ฝนตกมาหลายวันทำให้ผืนป่าชุ่มฉ่ำ, โดยปริยายหมายถึง รู้สึกสดชื่นเอิบอาบใจ เช่น คำพูดที่ไพเราะอ่อนหวานฟังแล้วชุ่มฉ่ำใจ."
ชุมชน 0,น.,"หมู่ชน, กลุ่มคนที่อยู่รวมกันเป็นสังคมขนาดเล็ก อาศัยอยู่ในอาณาบริเวณเดียวกันและมีผลประโยชน์ร่วมกัน, ที่ที่มีคนอาศัยอยู่มาก เช่น ขับรถเข้าเขตชุมชนต้องชะลอความเร็ว."
ชุ่มชื่น 0,ก.,"รู้สึกสดชื่น, สดชื่น."
ชุ่มชื้น 0,ว.,มีไอนํ้าหรือนํ้าซึมซาบชุ่มอยู่.
ชุ่มโชก 0,ก.,เปียกชุ่มจนไหลอาบ เช่น ร้องไห้น้ำตาชุ่มโชก.
ชุมทางรถไฟ 0,น.,สถานีที่รวมทางแยกรถไฟ.
ชุมนุม 0,น.,"กอง, หมู่, พวก"
ชุมนุม 1,น.,ที่ประชุมของกลุ่มบุคคลที่มีจุดประสงค์เพื่อประโยชน์บางประการร่วมกัน เช่น ชุมนุมวรรณศิลป์ ชุมนุมภาษาไทย.
ชุมนุม 2,ก.,"ประชุม, รวมกัน."
ชุมนุมชน 0,น.,"หมู่ชนที่รวมกันอยู่หนาแน่น, หมู่ชนที่มารวมกันมาก ๆ."
ชุมนุมสหกรณ์ 0,น.,สหกรณ์ตั้งแต่ ๕ สหกรณ์ขึ้นไปที่รวมกันจัดตั้งเป็นชุมนุมสหกรณ์เพื่อร่วมกันดำเนินกิจการให้เกิดประโยชน์ตามวัตถุประสงค์ของสหกรณ์ที่เข้าร่วมกันนั้น ชุมนุมสหกรณ์มี ๒ ระดับ คือ ระดับภูมิภาค และระดับประเทศ.
ชุมพร 0,น.,ชื่อมะเดื่อชนิดหนึ่ง. (ดู มะเดื่อ).
ชุมพร 1,น.,ชื่อปลาเนื้ออ่อน.
ชุมพล 0,ก.,รวบรวมกำลังไพร่พล.
ชุมพา 0,น.,ชื่อสัตว์สี่เท้าชนิดหนึ่ง ขนยาวคล้ายขนแกะ.
ชุมเพ็ด 0,น.,ชื่อว่านชนิดหนึ่งใช้ทำยาได้.
ชุมแพรก 0,น.,ชื่อไม้ต้นขนาดใหญ่ชนิด Heritiera javanica (Blume) Kosterm. ในวงศ์ Sterculiaceae เนื้อไม้ใช้ทำบ้านและเครื่องเรือนเป็นต้น.
ชุมรุม 0,น.,"ที่พัก, ที่อาศัย."
ชุมสาย 0,น.,เครื่องสูงชนิดหนึ่ง เป็นรูปฉัตร ๓ ชั้น พื้นปักไหมหักทองขวาง คลุมด้วยตาข่ายไหม มีพู่ห้อยที่ระบายชั้นล่าง
ชุมสาย 1,น.,เรียกพระที่นั่งที่มีลักษณะเป็นแท่นสี่เหลี่ยม มีเสา ๔ ต้น หลังคาคาดด้วยผ้าขาว มีระบาย ๓ ชั้น คลุมด้วยตาข่าย มีพู่ห้อยที่ระบายชั้นล่าง ใช้สำหรับพระมหากษัตริย์ประทับในงานพระราชพิธีต่าง ๆ ว่า พระที่นั่งชุมสาย พระที่นั่งนี้สามารถถอดเก็บและเคลื่อนย้ายไปประกอบได้ใหม่เมื่อต้องการ.
ชุมสายโทรศัพท์ 0,น.,ศูนย์กลางคู่สายโทรศัพท์ และเป็นที่ที่สายโทรศัพท์หมายเลขต่าง ๆ เชื่อมติดต่อกัน.
ชุมแสง 0,น.,ชื่อไม้ต้นชนิด Xanthophyllum lanceatum (Miq.) J.J. Sm. ในวงศ์ Polygalaceae ใช้ทำยาได้.
ชุมแสงแดง 0,น.,"ชื่อไม้ต้นขนาดใหญ่ชนิด Homalium grandiflorum Benth. ในวงศ์ Flacourtiaceae มักขึ้นริมนํ้าและที่ชุ่มชื้น ดอกคล้ายดอกพิกุล, ไก๊ ชุมแสงแดง หรือ พิกุลป่า ก็เรียก."
ชุมเห็ด 0,น.,"ชื่อไม้พุ่ม ๒ ชนิดในสกุล Senna วงศ์ Leguminosae คือ ชุมเห็ดไทย [ S. tora (L.) Roxb .] ใบเล็ก และชุมเห็ดเทศ [ S. alata (L.) Roxb.] ใบใหญ่, ทั้ง ๒ ชนิดใช้ทำยาได้."
ชุ่มอกชุ่มใจ 0,ก.,อิ่มเอิบใจ.
ชุ่ย 0,ว.,"ไม่ตั้งใจ, ไม่ละเอียดประณีต, มักง่าย, เช่น เขียนชุ่ย ๆ ทำชุ่ย ๆ พูดชุ่ย ๆ."
ชุ่ย 1,ก.,"เสือกสิ่งใดสิ่งหนึ่งไป, เสือกสิ่งใดสิ่งหนึ่งให้, เช่น อ้ายพลายแก้วมิ่งเมืองไม่เงื่องงุย เอางาชุ่ยสอยดาวเข้าราวนม (ขุนช้างขุนแผน)."
ชุ่ย ๆ 0,ว.,"ไม่ตั้งใจ, ไม่ละเอียดประณีต, มักง่าย, เช่น เขียนชุ่ย ๆ ทำชุ่ย ๆ พูดชุ่ย ๆ."
ชุลมุน 0,ว.,สับสนวุ่นวายไม่เป็นระเบียบ เช่น เดินกันชุลมุน ชกต่อยกันชุลมุน.
ชุลี 0,ก.,"ประนมมือ, ไหว้, เช่น ชุลีลาลงเรือเหลืออาลัย (นิ. ภูเขาทอง)."
ชุษณ- 0,ว.,"ขาว, สว่าง."
ชุษณปักษ์ 0,น.,ข้างขึ้น.
ชุษณะ 0,ว.,"ขาว, สว่าง."
ชู 0,ก.,"ยกขึ้นสูง เช่น ชูมือ ชูแขน ชูธง, ทำให้ปรากฏ เช่น ชูเกียรติ, บำรุงให้ดีขึ้น เช่น ชูกำลัง."
ชู้ 0,น.,"คู่รัก เช่น ข้าสมจรด้วยกันพ่อแม่และเจ้าข้ามิให้ และมันภากันหนีไปไกล หญิงนั้นยังมิเปนเมียชายเปนแต่ชู้กัน (สามดวง ลักษณผัวเมีย), ถ้าชายผู้ใดเอาหญิงเปนชู้เปนเมีย แต่ในกำหนดนั้นคือเมียท่านแลให้ไหมโดยขนาด (สามดวง ลักษณผัวเมีย), บุคคลที่เป็นที่รัก เช่น ร้อยชู้ฤๅเท่าเนื้อ เมียตน (ลอ)"
ชู้ 1,น.,"การล่วงประเวณี เช่น เล่นชู้, ชายหรือหญิงที่ลอบลักสมัครสังวาสเป็นผัวเมียกัน"
ชู้ 2,น.,ชายผู้ล่วงประเวณี เช่น สามีฆ่าชู้ของภรรยาตาย
ชู้ 3,น.,"ชายที่ร่วมประเวณีกับภรรยาคนอื่น, หญิงที่ยังมีสามีอยู่แล้วร่วมประเวณีกับชายอื่น เรียกว่า หญิงมีชู้, เรียกชายหรือหญิงที่ใฝ่ในทางชู้สาว ว่า เจ้าชู้."
ชูกลิ่น 0,ก.,ทำให้มีกลิ่นหอมขึ้น.
ชูคอ 0,ก.,"ชะเง้อคอ, อาการที่นั่งยืดคอวางท่าภาคภูมิ."
ชูใจ 0,ก.,ทำให้ใจมีกำลังขึ้น เช่น ลูกดีเป็นที่ชูใจของพ่อแม่.
ชูชีพ 0,น.,เครื่องช่วยพยุงตัวในนํ้าหรือในอากาศ เช่น พวงมาลัยชูชีพ ร่มชูชีพ.
ชูธง 0,ก.,แสดงจุดยืนอย่างชัดเจน เช่น พรรคการเมืองชูธงเรื่องการปราบคอร์รัปชัน.
ชูรส 0,ก.,ทำให้มีรสชาติดีขึ้น เช่น แกงบวดถ้าเดาะเกลือเล็กน้อย จะชูรสขึ้น.
ชูโรง 0,น.,ตัวแสดงที่ทำให้คณะเป็นที่นิยม.
ชู้สาว 0,ว.,"รัก ๆ ใคร่ ๆ, เชิงกามารมณ์, เช่น เรื่องชู้สาว."
ชูหน้าชูตา 0,ก.,"ทำให้มีหน้ามีตาขึ้น, เชิดหน้าชูตา ก็ว่า."
ชู้เหนือขันหมาก 0,น.,ชายที่ลอบได้เสียกับหญิงคู่หมั้นของชายอื่น.
ชู้เหนือผัว 0,น.,ชายที่ลอบได้เสียกับหญิงซึ่งสามียังมีชีวิตอยู่ เช่น หญิงใดทำชู้เหนือผัว ผัวจับชู้ได้มิทันพิจารณาบันดาลโกรธตีด่าฆ่าฟันแทงชายชู้นั้นตาย (สามดวง ลักษณ-ผัวเมีย).
ชู้เหนือผี 0,น.,ชายที่ลอบได้เสียกับหญิงที่สามีตาย ขณะที่ศพสามียังอยู่บนเรือน.
เช็ค 0,น.,หนังสือตราสารซึ่งบุคคลคนหนึ่ง เรียกว่า ผู้สั่งจ่าย สั่งธนาคารให้ใช้เงินจำนวนหนึ่งเมื่อทวงถามให้แก่บุคคลอีกคนหนึ่งหรือให้ใช้ตามคำสั่งของบุคคลอีกคนหนึ่ง เรียกว่า ผู้รับเงิน.
เช็คขีดคร่อม 0,น.,เช็คที่มีเส้นขนานคู่ขีดขวางไว้ข้างด้านหน้า โดยจะมีหรือไม่มีคำว่า “และบริษัท” หรือคำย่ออย่างใดแห่งข้อความนี้อยู่ในระหว่างเส้นทั้งสองก็ได้ เรียกว่า เช็คขีดคร่อมทั่วไป ซึ่งการใช้เงินตามเช็คดังกล่าวต้องใช้เฉพาะให้แก่ธนาคาร ถ้าในระหว่างเส้นทั้งสองได้กรอกชื่อธนาคารใดไว้ เรียกว่า เช็คขีดคร่อมเฉพาะ ซึ่งการใช้เงินตามเช็คดังกล่าวต้องใช้ให้แก่ธนาคารนั้นเท่านั้น.
เช็คไปรษณีย์ 0,น.,ตราสารสำหรับขายแก่ประชาชน เพื่อประโยชน์ในการส่งเงิน โดยเจ้าพนักงาน ณ ที่ทำการไปรษณีย์แห่งหนึ่ง ให้เจ้าพนักงาน ณ ที่ทำการไปรษณีย์แห่งใดแห่งหนึ่งจ่ายเงินให้แก่บุคคลใดบุคคลหนึ่งซึ่งระบุนามไว้หรือผู้ถือตราสารนั้น.
เช้ง 0,น.,ส้มเช้ง. (ดู ส้ม ๑).
เช้ง 1,ว.,"สวย เช่น ขนตางอนเช้ง สวยเช้ง, สวยเพราะตกแต่งงามเป็นพิเศษ เช่น งามเช้ง."
เชงเลง 0,น.,เครื่องมือจับปลาชนิดหนึ่ง ทำด้วยซีกไม้ไผ่มัดด้วยหวาย รูปคล้ายขวด.
เช้งวับ 0,ว.,สวยมากเป็นพิเศษ เช่น วันนี้แต่งหน้าเสียเช้งวับ.
เช็ด 0,ก.,"ทำให้แห้งหรือให้สะอาดโดยใช้สิ่งใดสิ่งหนึ่งมีผ้าหรือกระดาษเป็นต้น เช่น เช็ดนํ้าตา เช็ดพื้น เช็ดถ้วยชาม, ทำให้ข้าวสะเด็ดน้ำด้วยการรินน้ำออก เช่น ข้าวเช็ดให้สะเด็ดน้ำแล้วจึงดง."
เช็ด 1,ก.,"โดนถาก ๆ เช่น โดนหมัดเช็ดหน้าไป, โดนเฉียด ๆ (ใช้แก่การเล่นบิลเลียดหรือสนุกเกอร์) เช่น แทงเช็ด."
เช็ดน้ำ 0,ก.,หุงข้าวด้วยการรินนํ้าข้าวออกจากหม้อเมื่อข้าวบานเพื่อให้สะเด็ดน้ำ เช่น การหุงข้าวเช็ดนํ้า การหุงข้าวไม่เช็ดน้ำ.
เช็ดหน้า 0,น.,"กรอบประตูหรือหน้าต่างโบสถ์ วิหาร หรือเรือนไทย เป็นต้น, กรอบเช็ดหน้า ก็เรียก."
เช็ดหม้อ 0,ก.,รินนํ้าข้าวออกจากหม้อเมื่อข้าวบานเพื่อให้สะเด็ดน้ำในการหุงข้าวด้วยวิธีเช็ดนํ้า.
เชน 0,น.,"ชื่อศาสนาหนึ่งในอินเดีย ศาสดาชื่อมหาวีระ มี ๒ นิกายคือ นิกายทิคัมพรหรือพวกชีเปลือย และนิกายเศวตัมพรหรือเศวตามพรหรือพวกนุ่งผ้าขาว ใช้ภาษาปรากฤตเป็นภาษาทางศาสนา ถือมั่นในหลักอหิงสาและมังสวิรัติ, ชิน หรือ ไชนะ ก็ว่า."
เช่น 0,น.,"อย่าง, ชนิด, เช่น รู้เช่นเห็นชาติ เช่นนี้ เช่นใด, คำที่แสดงว่าคำหรือความที่ตามมาเป็นตัวอย่าง."
เช่น 1,ว.,เหมือน เช่น เฉกเช่นชนชาติร้าย นอกนั้นนวลงาม (โลกนิติ).
เชย 0,ก.,สัมผัสเบา ๆ หรือช้อนขึ้นเบา ๆ ด้วยความเอ็นดูหรือรักใคร่ เช่น เชยแก้ม เชยคาง.
เชย 1,ก.,โปรยปรายลงมา ในคำว่า ฝนเชย
เชย 2,ก.,พัดมาเฉื่อย ๆ (ใช้แก่ลม).
เชย 3,ก.,สกัดเมล็ดงาเอานํ้ามัน เรียกว่า เชยนํ้ามันงา.
เชย 4,ว.,"ไม่ทันสมัย, เปิ่น."
เชยชม 0,ก.,"จับต้องเล้าโลม, กอดจูบ, เช่น พิศสวรรค์สุดเอื้อมมาเชยชม (ท้าวแสนปม)."
เชยชิด 0,ก.,สัมผัสแนบชิด เช่น ในเพลงปี่ว่าสามพี่พราหมณ์เอ๋ย ยังไม่เคยเชยชิดพิสมัย (อภัย).
เชรา 0,น.,"ซอกผา, ห้วย."
เชราะ 0,น.,"ทาง, ซอก, ทางนํ้าเซาะ, เช่น ครั้นภูบาลเสด็จเทา ทางเชราะเขาขนองไพร (ม. คำหลวง วนประเวศน์)."
เชราะ 1,ก.,เซาะให้ลึกเข้าไปหรือเป็นทางเข้าไป.
เชริด 0,น.,"เทริด, เครื่องประดับศีรษะ รูปมงกุฎอย่างเตี้ย มีกรอบหน้า."
เชลง 0,ก.,"แต่ง, ประพันธ์."
เชลย 0,น.,"ผู้ที่ถูกฝ่ายตรงข้ามจับตัวได้, (ปาก) สิ่งที่ได้มาโดยไม่รู้เจ้าของหรือเจ้าของลืมทิ้งไว้ เช่น ไก่บ้านใครไม่รู้หลงมาอยู่บ้านเรา เลยยึดไว้เป็นไก่เชลย ฉันเก็บถังเชลยมาได้ใบหนึ่ง."
เชลยศักดิ์ 0,น.,ผู้ที่อยู่นอกทำเนียบนอกทะเบียน เช่น หมอเชลยศักดิ์ นักสืบเชลยศักดิ์.
เชลยศึก 0,น.,ผู้ที่ถูกคู่สงครามจับตัวได้.
เชลแล็ก 0,น.,"ของแข็งที่สกัดได้จากขี้ครั่ง ลักษณะเป็นแผ่นบาง สีค่อนข้างเหลือง ละลายได้ดีในแอลกอฮอล์ ใช้ประโยชน์เคลือบผิววัตถุหรือชักเงาผิวไม้, (ปาก) ชะแล็ก."
เชลียง 0,น.,ชื่อเครื่องดินเผาที่ทำมาจากเมืองเชลียง ซึ่งอยู่ในอำเภอสวรรคโลก จังหวัดสุโขทัย.
เชวง 0,ก.,"รุ่งเรือง, เลื่องลือ."
เชษฐ- 0,ว.,"เจริญที่สุด, เจริญกว่า, อายุสูงสุด, อายุสูงกว่า."
เชษฐ- 1,น.,"พี่ผู้เป็นใหญ่ เช่น เชษฐบุรุษ. (ป. เชฏฺ; ส. เชฺยษฺ), (ราชา) ถ้าใช้ว่า พระเชษฐภคินี หมายถึง พี่สาว, ถ้าใช้ว่า พระเชษฐภาดา หรือ พระเชษฐา หมายถึง พี่ชาย."
เชษฐ- 2,น.,"ดาวฤกษ์ที่ ๑๘ มี ๑๔ ดวง เห็นเป็นรูปงาช้างหรือคอนาค เช่น อัษฐรัศนักษัตรสมบุรณยล บัญญัติเชษฐดารา (สรรพสิทธิ์), ดาวเชษฐา ดาวงาช้าง ดาวช้างใหญ่ ดาวคอนาค หรือ ดาวแพะ ก็เรียก."
เชษฐมาส 0,น.,เดือนอันมีพระจันทร์เพ็ญเสวยฤกษ์เชษฐะ คือ เดือน ๗ ตามจันทรคติ ตกในราวเดือนมิถุนายน.
เชษฐมูลมาศ 0,น.,เดือนที่พระจันทร์เพ็ญอยู่ในระหว่างดาวฤกษ์เชษฐะกับดาวฤกษ์มูละ.
เชษฐะ 0,น.,"ดาวฤกษ์ที่ ๑๘ มี ๑๔ ดวง เห็นเป็นรูปงาช้างหรือคอนาค เช่น อัษฐรัศนักษัตรสมบุรณยล บัญญัติเชษฐดารา (สรรพสิทธิ์), ดาวเชษฐา ดาวงาช้าง ดาวช้างใหญ่ ดาวคอนาค หรือ ดาวแพะ ก็เรียก."
เชษฐา 0,น.,"พี่ชาย, คู่กับ กนิษฐา คือ น้องสาว."
เชษฐา 1,น.,"ดาวฤกษ์ที่ ๑๘ มี ๑๔ ดวง เห็นเป็นรูปงาช้างหรือคอนาค, ดาวเชษฐะ ดาวงาช้าง ดาวช้างใหญ่ ดาวคอนาค หรือ ดาวแพะ ก็เรียก."
เชอ 0,ก.,"เป็นคำใช้เข้าคู่กับคำ บำเรอ เช่น อันว่าอมิตดาก็อยู่บำเรอเชอภักดิ์ (ม. คำหลวง ชูชก), จำนำบำเรอเชอถนอม (สรรพสิทธิ์)."
เช่า 0,ก.,เข้าใช้ทรัพย์สิน เช่น บ้าน ที่ดิน รถยนต์ของผู้อื่นโดยมีระยะเวลาตามแต่จะกำหนด แล้วจ่ายเงินหรือให้ผลประโยชน์อื่นเป็นค่าตอบแทน
เช่า 1,ก.,"ซื้อพระพุทธรูป วัตถุมงคล หรือสิ่งที่ถือว่าขลังหรือศักดิ์สิทธิ์ เช่น เช่าพระพุทธรูป, บูชา ก็ใช้."
เช้า 0,น.,"เวลาระหว่างรุ่งสว่างกับสาย ประมาณ ๖.๐๐ น. ถึง ๙.๐๐ น., เวลาตั้งแต่รุ่งสว่างถึงเที่ยง เช่น นัดกันตอน ๔ โมงเช้า."
เช้า 1,ว.,ที่อยู่ในช่วงเวลาตั้งแต่รุ่งสว่างถึงเที่ยง เช่น รอบเช้า ผลัดเช้า
เช้า 2,ว.,ก่อนเวลาที่กำหนดในระหว่างรุ่งสว่างกับสาย เช่น มาแต่เช้า
เช้า 3,ว.,โดยปริยายหมายความว่า ก่อนเวลาที่กำหนด.
เช้า 4,น.,กระเช้า เช่น ครั้นเช้าก็หิ้วเช้า ชายป่าเต้าไปตามชาย (ม. คำหลวง มัทรี).
เช่าช่วง 0,ก.,การที่ผู้เช่าเอาทรัพย์สินที่ตนเช่าไปให้ผู้อื่นเช่าอีกทอดหนึ่ง.
เช่าซื้อ 0,น.,ชื่อสัญญาซึ่งเจ้าของเอาทรัพย์สินออกให้เช่า และให้คำมั่นว่าจะขายทรัพย์สินนั้น หรือว่าจะให้ทรัพย์สินนั้นตกเป็นสิทธิแก่ผู้เช่า โดยเงื่อนไขที่ผู้เช่าได้ใช้เงินเป็นจำนวนเท่านั้นเท่านี้คราว.
เช้าตรู่ 0,น.,"เวลาสาง ๆ, เวลาที่แสงเงินแสงทองขึ้น, รุ่งอรุณ."
เช่าทรัพย์ 0,น.,ชื่อสัญญาซึ่งบุคคลคนหนึ่ง เรียกว่า ผู้ให้เช่า ตกลงให้บุคคลอีกคนหนึ่ง เรียกว่า ผู้เช่า ได้ใช้หรือได้รับประโยชน์ในทรัพย์สินอย่างใดอย่างหนึ่งชั่วระยะเวลาอันมีจำกัด และผู้เช่าตกลงจะให้ค่าเช่าเพื่อการนั้น.
เช่าที่ดินเพื่อเกษตรกรรม 0,ก.,เช่าที่ดินของผู้อื่นเพื่อการทำนา ทำสวน ทำไร่ ทำนาเกลือ เลี้ยงสัตว์ เลี้ยงสัตว์น้ำ และกิจการอื่นตามที่กฎหมายกำหนด.
เช่าพระ 0,ก.,"ซื้อพระพุทธรูปหรือพระเครื่องไปบูชา, บูชาพระ ก็ว่า."
เช้ามืด 0,น.,เวลาจวนสว่าง.
เชาว์ 0,ว.,เร็ว.
เชาวน์ 0,น.,"ปัญญาหรือความคิดฉับไว, ปฏิภาณ, ไหวพริบ."
เชิง 0,น.,"ตีนซึ่งเป็นฐานที่ตั้งของบางสิ่งบางอย่าง เช่น เชิงสะพาน เชิงเขา เชิงกำแพง, ชายหรือปลายของบางสิ่งบางอย่างที่ยื่นออกมา เช่น เชิงตะพาบนํ้า เชิงปลากราย เชิงเลน เชิงกลอน, ริมหรือชายด้านล่างของผ้าที่มีลวดลายเช่น เชิงผ้า เชิงผ้าซิ่น."
เชิง 1,ก.,"แง่งอน, กระบวน, เช่น ทำเชิง เอาเชิง"
เชิง 2,ก.,กระบวนท่า เช่น เชิงรับ เชิงรุก
เชิง 3,ก.,"ท่าที, ท่วงที, เช่น คุมเชิง หยั่งเชิง ลองเชิง"
เชิง 4,ก.,ด้าน เช่น เชิงปริมาณ เชิงคุณภาพ.
เชิงกรวย 0,น.,"กรวยเชิง, ชื่อลวดลายแบบหนึ่ง มักใช้ตกแต่งเชิงผ้า, เช่น ภูษาเชิงกรวยรูจี (อิเหนา)."
เชิงกระยาดอกเบี้ย 0,น.,"สิ่งที่ส่งชำระแทนดอกเบี้ยเงินกู้ เช่น มอบบุตรภริยาให้รับใช้การงานแทนการจ่ายดอกเบี้ย, กระยาเบี้ย หรือ เชิงกระยาดอกเบี้ย ก็เรียก."
เชิงกราน 0,น.,เตาไฟปั้นด้วยดิน ยกย้ายได้ มีชานสำหรับวางฟืน
เชิงกราน 1,น.,เรียกกระดูกตะโพกที่มีสัณฐานอย่างเชิงกราน ว่า กระดูกเชิงกราน.
เชิงกล 0,ว.,เกี่ยวกับเครื่องกล.
เชิงกลอน 0,น.,ตัวไม้หน้าสี่เหลี่ยมแบนยาวติดกับปลายเต้ายาวไปตลอดชายคาเรือนทรงไทย.
เชิงกอบ 0,น.,"ภาษีผ่านด่าน, ภาษีปากเรือ, ภาษีที่เก็บเพื่อใช้บำรุงท้องถิ่น, จังกอบ ก็เรียก."
เชิงกอบ 1,ก.,"ผูก, มัด, จังกอบ ก็เรียก."
เชิงชั้น 0,น.,"เล่ห์เหลี่ยม, ท่วงที, อุบาย, ชั้นเชิง ก็ว่า."
เชิงชาย 0,น.,ตัวไม้หน้าสี่เหลี่ยมแบนยาวติดปลายจันทันตลอดชายคาเรือนหลังคาทรงปั้นหยาหรือหลังคาทรงมนิลา.
เชิงซ้อน 0,ว.,"ซับซ้อน, ซ้อนกัน, เช่น ภาพเชิงซ้อน, มีส่วนประกอบหลายอย่าง เช่น จำนวนเชิงซ้อน."
เชิงเดิน 0,น.,ค่าป่วยการสำหรับเจ้าพนักงานเดินหมาย เรียกว่า ค่าเชิงเดิน.
เชิงเดียว 0,ว.,"ไม่ซับซ้อน, ไม่มีสิ่งอื่นเจือปน."
เชิงเดี่ยว 0,ว.,"เดี่ยวโดด, โดดเดี่ยว, ไม่มีคู่,"
เชิงตะกอน 0,น.,ฐานที่ทำเป็นรูปสี่เหลี่ยมจัตุรัสหรือสี่เหลี่ยมผืนผ้าสำหรับเผาศพ.
เชิงทรง 0,น.,"เรียกนาชนิดที่ไม่มีทางจะบุกเบิกออกไปได้อีก ว่า นาเชิงทรง, นาขอบเหล็ก ก็ว่า."
เชิงเทิน 0,น.,ดินที่พูนสูงขึ้นเสมอด้านหลังกำแพงเมือง ลาดเอียงประมาณ ๔๕ องศา สำหรับไพร่พลขึ้นตรวจการณ์หรือต่อสู้ข้าศึก.
เชิงแป 0,น.,ตัวไม้หน้าสี่เหลี่ยมแบน ติดอยู่ใต้แปหัวเสา เพื่อรับไม้กลอนของหลังคาปีกนก.
เชิงมุม 0,ว.,เกี่ยวกับมุม เช่น ระยะสูงเชิงมุม.
เชิงเลน 0,น.,พื้นเลนส่วนที่ยื่นออกมาจากริมตลิ่ง มักไม่มีพืชขึ้น.
เชิงเวียน 0,น.,ชื่อลายชนิดหนึ่ง เช่น เอาพระจำเจิมเฉลิมเชิงเวียน (ม. คำหลวง นครกัณฑ์).
เชิงอรรถ 0,น.,คำอธิบายเพื่อขยายคำหรือข้อความที่อยู่ในเนื้อหา หรือข้ออ้างอิง ซึ่งเขียนหรือพิมพ์ไว้ส่วนล่างของหน้าหนังสือหรือตอนท้ายของเรื่อง.
เชิญ 0,ก.,แสดงความปรารถนาเพื่อขอให้ทำอย่างใดอย่างหนึ่งด้วยความเคารพหรืออ่อนน้อม เช่น เชิญมาเป็นเกียรติในพิธีมงคลสมรส
เชิญ 1,ก.,ถือ อุ้ม ชู หรือนำไปเป็นต้นด้วยความเคารพ เช่น เชิญพระแสง เชิญพระพุทธรูป เชิญธง
เชิญ 2,ก.,กล่าวอนุญาตให้ทำอย่างใดอย่างหนึ่งด้วยความสุภาพหรืออ่อนน้อม เช่น เชิญเถิด เชิญครับ เชิญตามสบาย.
เชิญเทวดา 0,ก.,ตั้งเครื่องสักการบูชาและเครื่องสังเวย แล้วกล่าวคำต้อนรับและแสดงความปรารถนา เพื่อขอให้เทวดาช่วยอย่างใดอย่างหนึ่ง เช่น เชิญเทวดามาในพิธีไหว้ครูโขนละคร.
เชิด 0,ก.,ยื่นหรือยกขึ้นจนเห็นเด่น เช่น เชิดหน้า เชิดอก
เชิด 1,ก.,โดยปริยายหมายความว่า ถูกใช้ให้ออกหน้าแทน ในคำว่า ถูกเชิด.
เชิด 2,ว.,ที่ยื่นหรือยกขึ้นจนเห็นเด่น เช่น ปากเชิด จมูกเชิด หน้าเชิด.
เชิด 3,น.,ชื่อเพลงไทยประเภทเพลงหน้าพาทย์ ใช้บรรเลงประกอบกิริยา เช่นการเดินทางระยะไกล ๆ รีบเร่ง สู้รบกัน มีลักษณะ ทำนอง อัตราจังหวะและชื่อเรียกต่าง ๆ ดังนี้ เชิดกลอง เชิดฉิ่ง เชิดฉาน เชิดนอก
เชิด 4,น.,ท่าโขนท่าหนึ่ง.
เชิดจีน 0,น.,ชื่อเพลงไทยอัตรา ๒ ชั้น.
เชิดชู 0,ก.,ยกย่อง.
เชิดหนัง 0,ก.,"ยกชูตัวหนังตะลุงขึ้นทาบหลังจอ ให้เงาเคลื่อนไหวไปตามบทพากย์, ยกชูตัวหนังใหญ่ขึ้นทาบหน้าจอ แล้วผู้เชิดเยื้องกรายประกอบไปตามบทพากย์."
เชิดหน้าชูตา 0,ก.,"ทำให้มีหน้ามีตาขึ้น, ชูหน้าชูตา ก็ว่า."
เชิดหุ่น 0,ก.,ยกตัวหุ่นชูขึ้นให้แสดงกิริยาท่าทางไปตามบทบาท.
เชิ้ต 0,น.,เสื้อคอปกชนิดหนึ่ง มีสาบเชื่อมระหว่างปกกับตัวเสื้อ.
เชีย 0,ก.,ไหว้ เช่น จึ่งพระมัทรีนางหนุ่มเหน้า เชียเชิงเจ้าพ่อผววแม่แง่ (ม. คำหลวง ทานกัณฑ์).
เชี้ย 0,ก.,"เชิญ, มักใช้ประกอบกับคำ เชิญ เป็น เชี้ยเชิญ."
เชียง 0,น.,เมืองที่มีกำแพงล้อมรอบ
เชียง 1,น.,คำเรียกเมืองทางภาคพายัพและเหนือขึ้นไป เช่น เชียงใหม่ เชียงราย เชียงตุง เชียงคำ เชียงของ.
เชียด 0,น.,"พ่อหรือแม่ของทวด, เทียด ก็ว่า."
เชี่ยน 0,น.,ภาชนะสำหรับใส่เครื่องหมากพลู เดิมเป็นภาชนะจำพวกเครื่องเขิน.
เชี่ยนหมาก 0,น.,ภาชนะสำหรับใส่เครื่องหมากพลู เดิมเป็นภาชนะจำพวกเครื่องเขิน.
เชียบ 0,ก.,เงียบ เช่น เชียบเสียงสงสารองค์ (สมุทรโฆษ).
เชี่ยม 0,น.,ชื่อพรรณไม้ชนิดหนึ่ง.
เชียร์ 0,ก.,ให้กำลังใจด้วยการตะโกนโห่ร้องเป็นต้น มักใช้ในการแข่งขันกีฬา
เชียร์ 1,ก.,ส่งเสริมหรือสนับสนุน เช่น เชียร์ให้ลงสมัครรับเลือกตั้ง.
เชียร 0,ว.,"แก่, ครํ่าคร่า, ชำรุด."
เชียร 1,ว.,"ว่องไว, เก่ง, เชี่ยว, เช่น เชียรเชียรใบบาตรนํ้า (แช่งนํ้า)."
เชียรณ์ 0,ว.,"เก่า, แก่, ชำรุด, ยุ่ย, ย่อย, โบราณ."
เชียว 0,ว.,"เทียว, ทีเดียว."
เชี่ยว 0,ว.,อาการที่สายนํ้าไหลแรง เรียกว่า นํ้าไหลเชี่ยว.
เชี่ยวชาญ 0,ว.,"สันทัดจัดเจน, ชํ่าชอง, มีความชำนิชำนาญมาก."
เชื่อ 0,ก.,"เห็นตามด้วย เช่น เด็ก ๆ ควรเชื่อคำสั่งสอนของพ่อแม่, มั่นใจ, ไว้ใจ, เช่น ฉันเชื่อว่าลูกจ้างคนนี้ดูแลการเงินแทนฉันได้"
เชื่อ 1,ก.,ซื้อหรือขายโดยติดค้างไว้ ไม่ต้องชำระเงินทันที.
เชื้อ 0,น.,สิ่งที่เป็นต้นเหตุทำให้เกิดสิ่งอื่น ๆ ที่มีลักษณะทำนองเดียวกัน เช่น เชื้อไฟ เชื้อแป้งข้าวหมาก
เชื้อ 1,น.,ผู้ที่สืบวงศ์วานว่านเครือเผ่าพันธุ์ต่อ ๆ กันมา เช่น มีเชื้อจีน มีเชื้อแขก
เชื้อ 2,น.,อย่าง เช่น ๓ เชื้อ ว่า ๓ อย่าง.
เชื้อ 3,ก.,"เชิญ เช่น สาวใช้เชื้อชูไป (ม. คำหลวง ทศพร), มักใช้เข้าคู่กับคำ เชิญ เป็น เชื้อเชิญ"
เชื้อ 4,ก.,ชื่อเพลงไทยทำนองหนึ่งที่มักใช้เนื่องในการอธิษฐาน.
เชือก 0,น.,สิ่งที่ทำด้วยด้ายหรือป่านปอเป็นต้น มีลักษณะเป็นเส้น มักฟั่นหรือตีเกลียวสำหรับผูกหรือมัด
เชือก 1,น.,ลักษณนามเรียกช้างบ้าน เช่น ช้างเชือกหนึ่ง ช้าง ๒ เชือก.
เชือกกล้วย 0,น.,"ชื่องูขนาดกลางชนิด Ahaetulla prasina (Boie) ในวงศ์ Colubridae ยาวประมาณ ๑.๓ เมตร หัวและลำตัวเรียวยาว มีหลายสี ส่วนมากสีเขียวปลายหางสีนํ้าตาลแดง มักพบอาศัยบนต้นไม้ หากินเวลากลางวัน ส่วนใหญ่กินกิ้งก่า พบทั่วประเทศไทย มีพิษอ่อนมาก, บางครั้งเรียกชื่อตามสี เช่น ตัวสีส้มเรียก งูง่วงกลางดง ตัวสีเทาเรียก งูกล่อมนางนอน, เขียวหัวจิ้งจก เชือกกล้วย รากกล้วย หรือ แห้ว ก็เรียก."
เชือกเขา 0,น.,เถาวัลย์.
เชือกบาศ 0,น.,เชือกที่ทำเป็นบ่วงเสียบปลายไม้คันจามสำหรับคล้องเท้าช้าง.
เชื่อง 0,ว.,"ไม่เปรียว, ไม่ดุ, ที่คุ้นกับคน, (ใช้แก่สัตว์)."
เชื่องช้า 0,ว.,"อืดอาด, ยืดยาด, ไม่ว่องไว."
เชื่อใจ 0,ก.,ไว้ใจ.
เชื้อชาติ 0,น.,ผู้ที่ร่วมเผ่าพันธุ์เดียวกัน.
เชื้อเชิญ 0,ก.,เชิญผู้มาหาด้วยความสุภาพอ่อนน้อม.
เชือด 0,ก.,ใช้ของมีคมเช่นมีดโกนตัดให้ลึกเข้าไปในเนื้อ เช่น เชือดคอ.
เชือดไก่ให้ลิงดู 0,ก.,ลงโทษคนหนึ่งหรือคนกลุ่มหนึ่ง เพื่อเป็นตัวอย่างให้คนอื่นหรือคนกลุ่มอื่นเกิดความเกรงกลัวไม่กล้าขัดคำสั่ง หรือไม่กล้าทำความผิด.
เชือดเฉือน 0,ก.,ทำให้เจ็บปวดด้วยคำพูดเป็นต้น เช่น วาจาเชือดเฉือน
เชือดเฉือน 1,ก.,แข่งขันคู่คี่กันมา เช่น ฟุตบอลคู่นี้เชือดเฉือนกันน่าดู.
เชื่อถือ 0,ก.,นับถือว่าเชื่อได้ เช่น เขาเป็นที่เชื่อถือของชุมชนนี้.
เชื้อแถว 0,น.,"เชื้อสายวงศ์ตระกูลที่สืบเนื่องต่อกันมา, ว่านเครือ เช่น เขาเป็นคนมีเชื้อแถวเก่าแก่."
เชือน 0,ว.,ชักช้า.
เชือนแช 0,ว.,"ไถล, เถลไถลไม่ตรงไปตรงมา, เช่น อย่ามัวแต่เชือนแชอยู่เดี๋ยวจะไม่ทันรถไฟ ความจริงมีอย่างไรก็พูดมา อย่าพูดจาเชือนแช, แชเชือน ก็ว่า, (โบ) อาการที่เดินไม่ตรงทางอย่างคนเมา."
เชื้อพระวงศ์ 0,น.,ผู้ที่สืบเชื้อสายราชสกุล ตลอดลงมาจนถึงผู้ที่นับเนื่องอยู่ในราชสกุล ได้แก่ หม่อมราชวงศ์ หม่อมหลวง และผู้ที่ใช้คำว่า ณ อยุธยา ต่อท้ายชื่อสกุล แต่มิได้หมายรวมถึงสตรีที่สมรสกับผู้สืบสายราชสกุล.
เชื้อเพลิง 0,น.,สิ่งที่ทำให้ไฟติดง่าย
เชื้อเพลิง 1,น.,สิ่งที่ทำให้เกิดการเผาไหม้ เช่น น้ำมันเชื้อเพลิง.
เชื่อฟัง 0,ก.,ทำตามหรือประพฤติตามคำสั่งหรือคำสอน.
เชื้อไฟ 0,น.,สิ่งที่ทำให้ไฟติดง่ายเช่นกระดาษหรือไม้ที่เกรียกเป็นชิ้นเล็ก ๆ.
เชื่อม 0,ก.,"ทำของหวานอย่างหนึ่ง โดยเอานํ้าตาลใส่นํ้าตั้งไฟเคี่ยวให้ละลาย แล้วใส่สิ่งที่ต้องการเคี่ยวจนได้ที่ เช่น เชื่อมกล้วย, ต้มน้ำตาลกับน้ำให้ใส เพื่อประสมกับสิ่งอื่น เช่น เชื่อมน้ำตาล."
เชื่อม 1,ว.,เรียกนํ้าหวานที่เอานํ้าตาลต้มให้ใสเพื่อใช้ประสมหรือเคี่ยวกับสิ่งอื่น ว่า นํ้าเชื่อม
เชื่อม 2,ว.,ใช้ประกอบคำ หวาน หมายความว่า หวานมาก เช่น ตาหวานเชื่อม
เชื่อม 3,ว.,มีน้ำเยิ้ม (ใช้แก่นัยน์ตา) เช่น สูบกัญชาเสียจนตาเชื่อม.
เชื่อม 4,ก.,"ทำให้ต่อติดเป็นเนื้อเดียวกัน เช่น เชื่อมเหล็ก, ทำให้ประสานกัน เช่น เชื่อมสัมพันธไมตรี."
เชื่อม 5,ว.,มีอาการเงื่องเหงา มึนซึมคล้ายเป็นไข้ เช่น เชื่อมซึม.
เชื่อมั่น 0,ก.,เชื่อโดยไม่เปลี่ยนแปลง เช่น เขาเชื่อมั่นในความยุติธรรมของศาล.
เชื่อมือ 0,ก.,"เชื่อฝีมือ, เชื่อในความรู้ความสามารถ."
เชื้อไม่ทิ้งแถว 0,ว.,เป็นไปตามบรรพบุรุษ.
เชื้อรา 0,น.,เชื้อจุลินทรีย์อยู่ในกลุ่มพืชชั้นตํ่า บางชนิดทำให้เกิดโรค เช่น กลาก เกลื้อนได้.
เชื้อโรค 0,น.,สิ่งที่มีชีวิต เมื่อเข้าสู่ร่างกายมนุษย์หรือสัตว์แล้ว ทำให้เกิดโรคได้.
เชื้อสาย 0,น.,ผู้ที่สืบสกุลต่อ ๆ กันมา.
เชื่อหน้า 0,ก.,เชื่อในความซื่อสัตย์หรือความสามารถ เช่น ไม่มีใครเชื่อหน้าเขา เพราะชอบยืมเงินแล้วไม่ยอมใช้คืน นักกีฬาคนนี้แข่งแพ้อยู่เรื่อยจนไม่มีใครเชื่อหน้า.
เชื้อหมัก 0,น.,จุลินทรีย์พวกราที่มีขนาดเล็ก สามารถเปลี่ยนนํ้าตาลให้เป็นแอลกอฮอล์และแก๊สคาร์บอนไดออกไซด์ได้.
แช 0,ว.,"เถลไถลไม่ตรงไปตรงมา, มักใช้เข้าคู่กับคำ เชือน เป็น แชเชือน หรือ ."
แช่ 0,ก.,"ใส่ลงในนํ้าหรือของเหลวอย่างอื่น ชั่วระยะเวลาหนึ่ง เช่น เอาเท้าแช่น้ำอุ่น แช่ข้าว กุ้งแช่น้ำปลา, ใส่ไว้ในน้ำแข็ง หรือตู้ทำความเย็นเป็นต้น เช่น เอาปลาแช่น้ำแข็ง เอาผักแช่ตู้เย็น, โดยปริยายใช้หมายถึง อาการที่ชักช้าอยู่กับที่เกินสมควรโดยไม่จำเป็น เช่น ไปนั่งแช่อยู่ได้."
แช่ง 0,ก.,กล่าวด้วยตั้งใจมุ่งร้ายเพื่อให้เขาเป็นเช่นนั้น.
แช่งชักหักกระดูก 0,ก.,แช่งด่ามุ่งร้ายให้ผู้อื่นได้รับอันตรายอย่างร้ายแรง.
แช่งน้ำ 0,น.,พิธีทำนํ้าให้ศักดิ์สิทธิ์สำหรับดื่มปฏิญาณตนในพระราชพิธีถือน้ำพระพิพัฒน์สัตยา.
แชงมา 0,น.,ชื่อขนมชนิดหนึ่ง คือขนมปลากริมไข่เต่า.
แชงม้า 0,น.,ชื่อขนมชนิดหนึ่ง คือขนมปลากริมไข่เต่า.
แชเชือน 0,ว.,"ไถล, เถลไถลไม่ตรงไปตรงมา, เช่น ปิดประตูรูแกลไม่แชเชือน (สาวเครือฟ้า), เชือนแช ก็ว่า."
แชบ๊วย 0,น.,ชื่อกุ้งทะเลชนิด Penaeus merguiensis De Man ในวงศ์ Penaeidae เมื่อเจริญเติบโตเต็มที่มีขนาดเล็กกว่ากุ้งกุลาดำ ตัวสีเหลืองอ่อน เปลือกใส พบตามชายฝั่งทะเลและในนํ้ากร่อย.
แช่เบ้า 0,ว.,อาการที่นั่งอยู่กับที่เป็นเวลานาน ๆ โดยไม่ได้ทำประโยชน์อะไร.
แช่ม 0,ว.,"แจ่มใส, ชื่นบาน, มักใช้เข้าคู่กับคำอื่น เช่น แช่มช้อย แช่มชื่น."
แช่มช้อย 0,ว.,มีกิริยามารยาทนุ่มนวลน่ารัก.
แช่มช้า 0,ว.,มีกิริยาเคลื่อนไหวอย่างช้า ๆ และสง่างาม เช่น นาคีมีพิษเพี้ยง สุริโย เลื้อยบ่ทำเดโช แช่มช้า (โลกนิติ).
แช่มชื่น 0,ว.,มีสีหน้าแจ่มใสเบิกบาน.
แช่เย็น 0,ก.,เอาใส่ไว้ในเครื่องทำความเย็นหรือนํ้าแข็ง
แช่เย็น 1,ก.,โดยปริยายหมายความว่า เอาไปเก็บไว้เป็นเวลานาน.
แชร์ 0,น.,"การลงหุ้นเป็นจำนวนเงินและตามวาระที่กำหนดแล้วประมูลว่าจะให้ดอกเบี้ยเท่าไร ผู้ลงหุ้นที่ให้ดอกเบี้ยสูงสุดจะได้รับเงินก่อน เวียนไปจนครบจำนวนผู้เล่น, เรียกการลงหุ้นเช่นนั้น ว่า เล่นแชร์."
แชรง 0,ก.,"แซง, เบียดเสียด, เช่น ไม้มีผลต่างต่าง ช่อช้อยช่างแชรงดวง (ม. คำหลวง จุลพน)."
แชล่ม 0,ว.,"แฉล้ม, สวย, งดงาม, แช่มช้อย."
แชสซี 0,น.,โครงเหล็กรูปสี่เหลี่ยมผืนผ้าตามแนวยาวของรถบรรทุก สำหรับวางและยึดเครื่องยนต์ซึ่งมักอยู่ในส่วนหน้า ข้างล่างโครงเหล็กมีสปริงและเพลาสำหรับล้อรถ ข้างบนเป็นตัวถัง ประกอบด้วยที่นั่งคนขับและที่บรรทุกคนโดยสาร สินค้า หรือสิ่งของต่าง ๆ.
แช่อิ่ม 0,ก.,แช่ผลไม้เป็นต้นในน้ำเชื่อมเข้มข้น จนอิ่มน้ำตาล เช่น แช่อิ่มมะดัน แช่อิ่มบอระเพ็ด.
แช่อิ่ม 1,ว.,ที่แช่นํ้าตาลเชื่อมจนอิ่มตัว เช่น ผลไม้แช่อิ่ม มะม่วงแช่อิ่ม.
แชะ 0,ว.,แฉะ เช่น มีชลไหลบเอื้อน บเปื้อนแชะชํชล (ม. คำหลวง วนปเวสน์).
แชะ 1,น.,เสียงดังเช่นนั้นอย่างเสียงสับนกปืน.
โชก 0,ว.,มากจนไหลอาบไปทั่ว เช่น เสื้อเปียกโชก เหงื่อโชก ราดนํ้าแกงโชก ๆ.
โชก ๆ 0,ว.,มากจนไหลอาบไปทั่ว เช่น เสื้อเปียกโชก เหงื่อโชก ราดนํ้าแกงโชก ๆ.
โชกโชน 0,ว.,ลักษณะที่ได้ผ่านการต่อสู้หรือมีประสบการณ์มาอย่างมากมาย เช่น ต่อสู้มาอย่างโชกโชน ผจญภัยมาอย่างโชกโชน.
โชค 0,น.,"สิ่งที่นำผลมาให้โดยไม่ได้คาดหมาย เช่น โชคดี โชคร้าย, มักนิยมใช้ในทางดี เช่น นายแดงเป็นคนมีโชค."
โชคชะตา 0,น.,ความเป็นไปของชีวิต.
โชงโลง 0,น.,"เครื่องมือชนิดหนึ่งสำหรับวิดน้ำ ลักษณะคล้ายลูกฟักผ่าซีกและตัดครึ่ง สานด้วยไม้ไผ่ มีคันยาวต่อออกไปทางท้ายสำหรับจับ ผูกโยงแขวนไว้กับขาหยั่ง แล้วจับคันจ้วงน้ำสาดออกไปยังที่ที่ต้องการ, ชงโลง ก็ว่า, อีสานเรียก กะโซ้, พายัพเรียก กระโจ้, ปักษ์ใต้เรียก โพง."
โชฎึก 0,น.,"ผู้มีความรุ่งเรือง, ผู้มีความสว่างไสว, เช่น พระยาโชฎึกราชเศรษฐี, โชดึก ก็ว่า."
โชดก 0,น.,"ผู้รุ่งเรือง, ผู้สว่างไสว, ผู้ส่อง."
โชดึก 0,น.,"ผู้มีความรุ่งเรือง, ผู้มีความสว่างไสว, (โบ) โชฎึก."
โชต 0,ว.,"สว่าง, รุ่งเรือง, โพลง."
โชตกะ 0,น.,"ผู้รุ่งเรือง, ผู้สว่างไสว, ผู้ส่อง."
โชติ 0,น.,"ความรุ่งเรือง, ความโพลง, ความสว่าง."
โชติ- 0,น.,"ความรุ่งเรือง, ความโพลง, ความสว่าง."
โชติก- 0,น.,"ผู้มีความรุ่งเรือง, ผู้มีความสว่างไสว."
โชติช่วง 0,ว.,"สว่างรุ่งโรจน์, ช่วงโชติ ก็ว่า."
โชติรส 0,น.,แก้ววิเศษชนิดหนึ่งมีรัศมีรุ่งเรือง.
โชน 0,ว.,"อาการที่ลุกไหม้อย่างเต็มที่ เช่น ไฟลุกโชน, อาการที่ไหลแรงและเร็ว เช่น น้ำไหลโชน น้ำพุ่งโชน."
โชมโรม 0,น.,"โรงที่พักชั่วคราวของกลุ่มบุคคล เช่น ให้ยับย้งงต้งงโชมโรมราชีมีคูค่ายเขื่อนขันธ์ (ม. คำหลวง ฉกษัตริย์), เตรียบต้งงโชมโรมราชา ชุมทับพลับพลา แลร้งงยงงฝั่งสระสนาน (สรรพสิทธิ์), ชมรม ก็ว่า."
โชย 0,ก.,"อาการที่ลมพัดอ่อน ๆ เช่น ลมโชย ลมโชยชาย, มากับลมที่พัดอ่อน ๆ เช่น กลิ่นโชย กลิ่นน้ำหอมโชยชายมาแต่ไกล"
โชย 1,ก.,เดินกรีดกราย.
โชยงการ 0,น.,คำสั่งของพระเจ้าแผ่นดิน เช่น ภูวไนยผายโอษฐอื้น โชยงการ (ตะเลงพ่าย).
โชยชาย 0,ก.,"อาการที่ลมพัดอ่อน ๆ เช่น ลมโชย ลมโชยชาย, มากับลมที่พัดอ่อน ๆ เช่น กลิ่นโชย กลิ่นน้ำหอมโชยชายมาแต่ไกล"
โชยชาย 1,ก.,เดินกรีดกราย.
โชยติส 0,น.,ดาราศาสตร์.
โชรม 0,ก.,โซม เช่น ด้วยให้โกยกัลออม บางแช่ชอมโชรมอาบ (ม. คำหลวง กุมาร)
โชรม 1,ก.,"รุมกัน, ช่วยกัน, เช่น โชรมป่ายโชรมปืนโชรมโจม โชรมรุกโชรโชรม รเร่งรโรมโรมรุม (อนิรุทธ์)."
โชว์ 0,ก.,"เปิดให้ดู, อวด, แสดงให้คนทั่วไปได้ดูได้ชม เช่น โชว์สินค้า."
โชว์ 1,น.,การแสดง เช่น ไปดูโชว์ที่พัทยา. (อ. show).
โชห่วย 0,น.,"ของชำ, ร้านขายของชำ."
โชโหว 0,น.,"ชื่อนกชนิดหนึ่ง, นกกระถั่ว หรือ โชโหว ก็เรียก."
ใช่ 0,ว.,"คำรับรองแสดงว่า เป็นเช่นนั้น, เป็นอย่างนั้น, ถูก, แน่"
ใช่ 1,ว.,"บางทีก็ใช้เป็นคำปฏิเสธหมายความว่า ไม่ใช่ เช่น รู้ไว้ใช่ว่า ใส่บ่าแบกหาม, ใช่นางเกิดในปทุมา สุริวงศ์พงศาก็หาไม่ (อิเหนา)."
ใช้ 0,ก.,บังคับให้ทำ เช่น ใช้งาน
ใช้ 1,ก.,จับจ่าย เช่น ใช้เงิน
ใช้ 2,ก.,เอามาทำให้เกิดผลหรือประโยชน์ เช่น ใช้เวลา ใช้เรือ ใช้รถ
ใช้ 3,ก.,ชำระ ในคำว่า ใช้หนี้
ใช้ 4,ก.,"ตอบแทน, ให้ทดแทน, เช่น เราไปทำแก้วเขาแตก ต้องซื้อใช้เขา."
ใช้กรรม 0,ก.,ชดใช้กรรมที่ได้ทำไว้ เช่น คนเราเกิดมาใช้กรรม.
ใช้กำลังประทุษร้าย 0,ก.,ทำการประทุษร้ายแก่กายหรือจิตใจของบุคคล ไม่ว่าจะทำด้วยใช้แรงกายภาพหรือด้วยวิธีอื่นใด และหมายความรวมถึงการกระทำใด ๆ ซึ่งเป็นเหตุให้บุคคลหนึ่งบุคคลใดอยู่ในภาวะที่ไม่สามารถขัดขืนได้ ไม่ว่าจะโดยใช้ยาทำให้มึนเมา สะกดจิต หรือใช้วิธีอื่นใดอันคล้ายคลึงกัน.
ใช้ได้ 0,ว.,ค่อนข้างดี.
ใช้เนื้อ 0,ก.,จ่ายให้หรือทดแทนส่วนที่ขาดไป.
ใช้บน 0,ก.,แก้บน เช่น ดีใจที่จะได้จรจรัล ตามเสด็จทรงธรรม์ไปใช้บน (อิเหนา).
ใช้ใบ 0,ก.,กางใบแล่นเรือ.
ใช้เรือ 0,น.,"ชื่อเพลงไทยประเภทเพลงหน้าพาทย์, ชายเรือ ก็เรียก."
ใช้ลากใช้ถู 0,ก.,"ใช้อย่างไม่ทะนุถนอม, ใช้อย่างไม่ปรานีปราศรัย."
ใช้เวลา 0,ก.,เอาเวลามาทำสิ่งใดสิ่งหนึ่ง เช่น งานฝีมือชิ้นนี้ใช้เวลาทำ ๒ เดือน วัน ๆ ได้แต่ใช้เวลานินทาชาวบ้าน.
ใช้สอย 0,ก.,"เอามาทำให้เกิดประโยชน์, จับจ่าย, ให้ช่วยทำงาน เช่น ช่วยหาเด็กมาให้แม่ใช้สอยสักคน."
ไช 0,ก.,"เจาะเข้าไป เช่น หนอนไชมะม่วง ใช้สว่านไชไม้, แยงเข้าไปในช่องหรือรู เช่น เอานิ้วไชจมูก."
ไชเท้า 0,น.,ผักกาดหัว. (จ.). (ดู กาด ๑).
ไช้เท้า 0,น.,ผักกาดหัว. (จ.). (ดู กาด ๑).
ไชนะ 0,น.,ชื่อศาสนาหนึ่งในอินเดีย. (ส.). (ดู เชน).
ไชโป๊ 0,น.,ผักกาดหัวที่ดองเค็มหรือหวาน แล้วนำไปตากแห้ง.
ไช้โป๊ 0,น.,ผักกาดหัวที่ดองเค็มหรือหวาน แล้วนำไปตากแห้ง.
ไชย 0,ว.,"ดีกว่า, เจริญกว่า."
ไชย- 0,ว.,"ดีกว่า, เจริญกว่า."
ไชยเภท 0,น.,เด็กที่มีอายุแต่เดือนที่ ๑ ไป.
ไชโย 0,อ.,คำที่เปล่งออกมาแสดงความดีใจหรืออำนวยพรเป็นต้น.
