คำ,POS,ความหมาย
น 0,?,พยัญชนะตัวที่ ๒๕ เรียกว่า นอ หนู เป็นอักษรตํ่า ใช้เป็นพยัญชนะต้น และเป็นตัวสะกดในมาตรากนหรือแม่กน เช่น จาน.
น 1,น.,ชื่อคณะฉันท์ มีลหุล้วน เรียกว่า น คณะ.
น.ส. 0,น.,คำเรียกหนังสือรับรองการทำประโยชน์ ที่กรมที่ดินออกให้แก่ผู้ครอบครองที่ดิน. (ดู หนังสือรับรองการทำประโยชน์).
นก 0,น.,ชื่อสัตว์มีกระดูกสันหลังเลือดอุ่น มี ๒ เท้า ๒ ปีก และมีขนปกคลุมร่างกาย ออกลูกเป็นไข่ก่อนแล้วจึงฟักเป็นตัว.
นก 1,น.,เครื่องสับแก๊ปปืนให้ลั่น.
นกกระจอก 0,น.,ดอกไม้ไฟชนิดหนึ่ง จุดแล้วจะพุ่งออกจากรังไปได้ไกล เรียกเต็มว่า นกกระจอกออกจากรัง
นกกระจอก 1,น.,ชื่อไพ่จีนชนิดหนึ่งมี ๑๑๔ ตัว
นกกระจอก 2,น.,เรียกปากที่มีแผลเปื่อยที่มุมปาก ว่า ปากนกกระจอก.
นกกระจอก 3,น.,"ชื่อปลาทะเลในสกุล Parexocoetus และ Cypselurus วงศ์ Exocoetidae ปากอยู่ปลายสุดของหัว เชิดขึ้นเล็กน้อย ตาโต หัวและด้านหลังแบนลงเล็กน้อยเป็นเหลี่ยมด้านท้องเกือบกลม ครีบหลังและครีบก้นอยู่ค่อนไปทางหางซึ่งเป็นแฉกลึกโดยแฉกล่างยาวกว่าแฉกบน ครีบอกใหญ่ใช้ร่อนถลาไปเหนือผิวนํ้าคล้ายปีก ลำตัวยาวเพรียว ส่วนบนลำตัวสีเขียวหรือนํ้าเงิน ข้างท้องสีขาวเงิน อาศัยอยู่บริเวณผิวนํ้า ขนาดยาว ๑๐-๓๐ เซนติเมตร, ปลาบิน ก็เรียก."
นกกระจอกทอง 0,น.,ชื่อเพลงไทย อัตรา ๒ ชั้น หน้าทับปรบไก่
นกกระจอกทอง 1,น.,ชื่อเพลงไทยประเภทเพลงเถา
นกกระจอกทอง 2,น.,ชื่อเพลงไทยประเภทเพลงตับ.
นกกระทุง 0,น.,"ชื่อไม้เถาชนิด Aristolochia elegans Mast. ในวงศ์ Aristolochiaceae ดอกลาย โคนดอกเป็นกระพุ้งเหมือนเหนียงนกกระทุง, นกกระทุง ก็เรียก."
นกกะปูด 0,น.,คนที่ชอบพูดเปิดเผยความลับของผู้อื่น.
นกกางปีก 0,น.,กลอักษรแบบหนึ่ง บังคับคำซ้ำ ๑ คู่ โดยมีคำอื่นคั่นกลาง ๑ คำ ทุกวรรค มีลักษณะเหมือนนกกางปีกบิน เวลาอ่านให้อ่านคำซ้ำที่ละไว้นั้นด้วยจึงจะได้ความครบถ้วน เช่น สองกระษัตริย์ศัลย์ให้รันทด แสนกำสดสุดคิดพิไสมย ต่างองค์ทรงโศกาไลย พระภูวไนยนารถให้หวาดทรวง (ศิริวิบุลกิตติ์) อ่านว่า สองกระษัตริย์กระศัลย์ให้รันทด แสนกำสดสุดคิดสุดพิไสมย ต่างองค์ต่างทรงโศกาไลย พระภูวไนยภูวนารถให้หวาดทรวง.
นกเขา 0,น.,ชื่อเหยี่ยวขนาดกลาง ในสกุล Accipiter วงศ์ Accipitridae สีเทานํ้าตาลมีลายตลอดตัว อกสีนํ้าตาลลายกระขาว มักอยู่ตามลำพัง เกาะซ่อนตัวบนต้นไม้เพื่อคอยโฉบล่าเหยื่อ มีหลายชนิด เช่น เหยี่ยวนกเขาหงอน [A. trivergatus (Temminck)]เหยี่ยวนกเขาชิครา [A. badius (Gmelin)] เหยี่ยวนกเขาพันธุ์ญี่ปุ่น [A. gularis (Temminck & Schlegel)].
นกเขา 1,น.,ดูใน นก ๑.
นกเขา 2,น.,"ชื่อปลาน้ำจืดบางชนิดในสกุล Osteochilus และ Dangila วงศ์ Cyprinidae ที่มีจุดสีเข้มบนเกล็ด ทำให้เห็นเป็นแถวของจุดเรียงตามยาวอยู่ข้างตัวหลายแถว เหนือครีบอกหรือที่คอดหางมีแต้มหรือจุดสีดำใหญ่ โดยเฉพาะที่พบทั่วไปคือ ชนิด O. hasselti (Valenciennes) ที่ส่วนหลังมีสีเขียวหรือฟ้าเทา ด้านข้างสีนวลและท้องเป็นสีขาวเงิน และมีกลุ่มจุดสีแดงกระจายอยู่เหนือครีบอก ครีบต่าง ๆ ยกเว้นครีบอกมีสีแดงหรืออมแดง ในบางท้องที่ปลาชนิดนี้จะมีสีดังกล่าวจางมาก ขนาดยาวได้ถึง ๓๐ เซนติเมตร, ขี้ขม นกเขา ทองลิน หรือ ตูโบ ก็เรียก."
นกคุ่ม 0,น.,ชื่อปืนชนิดหนึ่ง เช่น เครื่องพิธยุทธยรรยง รายจ่ารงมณฑก นกคุ่มขนัดฉัตรชัย ไสวนกสับสลับสล้าง (ตะเลงพ่าย).
นกจาก 0,น.,ชื่อเพลงไทย อัตรา ๒ ชั้น หน้าทับปรบไก่
นกจาก 1,น.,ชื่อเพลงไทยประเภทเพลงเถา.
นกต่อ 0,น.,คนที่รับแผนจากผู้อื่นมาติดต่อหรือชักจูงหลอกล่อให้หลงเชื่อ (ใช้ในทางไม่ดี).
นกปล่อย 0,ก.,"กินเลี้ยงในงานมงคล [สี่ถ้วย คือ ขนม ๔ อย่าง อย่างละถ้วย ได้แก่ ไข่กบ (สาคูหรือเมล็ดแมงลัก), นกปล่อย (ลอดช่อง), มะลิลอย (ข้าวตอก), อ้ายตื้อ (ข้าวเหนียว) มีนํ้ากะทิใส่ชามอยู่กลาง]."
นกยูง 0,น.,"ชื่อหนึ่งของดาวฤกษ์อนุราธา มี ๔ ดวง, ดาวประจำฉัตร ดาวอนุราธ หรือ ดาวอนุราธะ ก็เรียก."
นกรู้ 0,น.,ผู้ที่มีไหวพริบรู้เท่าทันเหตุการณ์หรือภัยที่จะมาถึงตน แล้วหาผลประโยชน์หรือหาทางเอาตัวรอดไปก่อน.
นกสองหัว 0,น.,คนที่ทำตัวฝักใฝ่เข้าด้วยทั้ง ๒ ฝ่ายที่ไม่เป็นมิตรกันโดยหวังประโยชน์เพื่อตน.
นกหก 0,น.,นกต่าง ๆ เช่น อันเป็นต้นว่า คนอีกแพะแลหมูหมาเป็ดไก่ทั้งห่านนกหกปลาเนื้อฝูงสัตว์ทั้งหลาย (จารึกวัดศรีชุม).
นกหวีด 0,น.,เครื่องสำหรับใช้เป่าให้มีเสียงดังหวีด.
นกอยู่ในปล่อง 0,น.,"ชื่อหนึ่งของดาวฤกษ์อาศเลษา มี ๕ ดวง, ดาวเรือน หรือ ดาวอสิเลสะ ก็เรียก."
นกุล 0,น.,พังพอน.
นข- 0,น.,เล็บ.
นขลิขิต 0,น.,เครื่องหมายวงเล็บ รูปดังนี้ ( ).
นขเลขา 0,น.,การขีดด้วยเล็บ.
นขะ 0,น.,เล็บ.
นขา 0,น.,เล็บ.
นค- 0,น.,ภูเขา.
นคร 0,น.,"เมืองใหญ่, กรุง."
นคร- 0,น.,"เมืองใหญ่, กรุง."
นครบาล 0,น.,เรียกตำรวจที่มีหน้าที่ระวังและระงับเหตุการณ์ทางอาญาในกรุงเทพมหานครว่า ตำรวจนครบาล
นครบาล 1,น.,ผู้มีหน้าที่ในการปกครองนครหลวง
นครบาล 2,น.,ชื่อกระทรวงในสมัยก่อน คือ กระทรวงนครบาล ซึ่งมีหน้าที่ปกครองเขตนครหลวง
นครบาล 3,น.,ประเภทคดีซึ่งมีโทษหลวงเป็นความอุกฉกรรจ์มหันตโทษ เช่น ปล้น ฆ่า.
นครบาลจังหวัด 0,น.,ผู้ว่าราชการจังหวัดในเขตนครหลวง.
นครรัฐ 0,น.,เมืองที่ปกครองตนเองเป็นอิสระ เช่น นครรัฐวาติกัน.
นครวาสี 0,น.,ชาวนคร.
นครโสภิณี 0,น.,"หญิงที่หาเลี้ยงชีพด้วยการค้าประเวณี เช่น ให้หากระลาการไปสั่งว่าอีมีเปนคนชั่ว ครั้นถามอีมี ๆ รับว่าเปนคนนครโสเภณีต้นสาเกแต่แผ่นดินหลัง (สามดวง), โสเภณี หญิงโสเภณี หญิงนครโสเภณี หญิงงามเมือง หรือ นางกลางเมือง ก็ว่า, (แบบ) นครโสภิณี."
นครโสเภณี 0,น.,"หญิงที่หาเลี้ยงชีพด้วยการค้าประเวณี เช่น ให้หากระลาการไปสั่งว่าอีมีเปนคนชั่ว ครั้นถามอีมี ๆ รับว่าเปนคนนครโสเภณีต้นสาเกแต่แผ่นดินหลัง (สามดวง), โสเภณี หญิงโสเภณี หญิงนครโสเภณี หญิงงามเมือง หรือ นางกลางเมือง ก็ว่า, (แบบ) นครโสภิณี."
นคราทร 0,น.,ชื่อกรมมีหน้าที่ทำให้บ้านเมืองสะอาด.
นครินทร์ 0,น.,"เจ้าครองนคร, เจ้าเมือง"
นครินทร์ 1,น.,เมืองใหญ่.
นคเรศ 0,น.,เมือง เช่น ครานั้นเจ้าเชียงอินทร์ปิ่นนคเรศ ได้ฟังเหตุว่าทัพนั้นยับป่น (ขุนช้างขุนแผน).
นคะ 0,น.,ภูเขา.
นคินทร์ 0,น.,เขาใหญ่ เช่น นคินทรราชวงกต (ม. ร่ายยาว ชูชก).
นคินทร 0,น.,เขาใหญ่ เช่น นคินทรราชวงกต (ม. ร่ายยาว ชูชก).
นเคนทร์ 0,น.,“เจ้าแห่งภูเขา” หมายถึง เขาหิมาลัย เขาไกรลาส.
นเคศวร 0,น.,“เจ้าแห่งภูเขา” หมายถึง เขาหิมาลัย เขาไกรลาส.
นโคทร 0,น.,"เวิ้งเขา, หุบเขา."
นง 0,น.,นาง (ใช้นำหน้าคำอื่น).
นงคราญ 0,น.,"นางงาม, สาวงาม."
นงคุฐ 0,น.,หางของสัตว์.
นงนุช 0,น.,นางผู้น้อง.
นงพะงา 0,น.,"นางผู้เป็นที่รัก, นางงาม."
นงพาล 0,น.,"นางรุ่นสาว, สาวแรกรุ่น."
นงพุธ 0,น.,นางงามเมื่อแรกรุ่น.
นงโพธ 0,น.,นางงามเมื่อแรกรุ่น.
นงเยาว์ 0,น.,นางสาว.
นงราม 0,น.,นางงาม.
นงลักษณ์ 0,น.,นางผู้มีลักษณะดี.
นท 0,น.,"ผู้บันลือ, ผู้ร้อง, ผู้ลั่น"
นท 1,น.,"แม่นํ้า, ลำนํ้า, เช่น ชมพูนท."
นที 0,น.,แม่นํ้า.
นทีรัย 0,น.,กระแสนํ้า.
นนตรา 0,น.,ต้นกระถิน.
นนท์ 0,น.,"ความสนุก, ความยินดี, ความรื่นเริง."
นนทรี 0,น.,ชื่อไม้ต้นชนิด Peltophorum pterocarpum (DC.) Backer ex K. Heyne ในวงศ์ Leguminosae ดอกสีเหลืองออกเป็นช่อตรงปลายกิ่ง ฝักแบนสีนํ้าตาลแกมแดง.
นนทรี 1,น.,ชื่อปลานํ้าเค็มชนิดหนึ่ง.
นนทรี 2,น.,ยักษ์คู่เป็นหญิงและชาย เชื่อกันว่าทำหน้าที่เฝ้าประตูเพื่อป้องกันภัยอันตรายแก่ผู้อาศัยที่อยู่ในบ้าน โดยยักษ์หญิงยืนอยู่ที่ประตูทางซ้าย ยักษ์ชายยืนอยู่ที่ประตูทางขวา.
นนทลี 0,น.,แม่ เช่น สี่ไทธิเบศร์วรดิลก ชนกแลนนทลี (สมุทรโฆษ).
นนทิ 0,น.,"ผู้มีความยินดี, มักใช้ประกอบหน้าศัพท์อื่น เช่น นนทิกร นนทิการ"
นนทิ 1,น.,ชื่อวัวซึ่งเป็นพาหนะของพระศิวะ.
นบ 0,ก.,"ไหว้, นอบน้อม, มักใช้เข้าคู่กับ ไหว้ เป็น นบไหว้."
นบนอบ 0,ก.,"น้อมกายลงไหว้, นอบนบ ก็ว่า."
นปุงสกลิงค์ 0,น.,เพศของคำในภาษาบาลีสันสกฤต ที่ไม่จัดเป็นปุงลิงค์และอิตถีลิงค์ เช่น ปท (บท) กาจน (ทอง) นคร (เมือง).
นปุงสกลึงค์ 0,น.,เพศของคำในภาษาบาลีสันสกฤต ที่ไม่จัดเป็นปุงลิงค์และอิตถีลิงค์ เช่น ปท (บท) กาจน (ทอง) นคร (เมือง).
นพ 0,ว.,เก้า (ใช้ประกอบหน้าศัพท์อื่น).
นพ- 0,ว.,เก้า (ใช้ประกอบหน้าศัพท์อื่น).
นพกะ 0,น.,ผู้ใหม่.
นพเก้า 0,น.,ชื่อแหวนฝังพลอย ๙ อย่าง ทำเป็นยอดก็มี ฝังรอบวงแหวนก็มี สำหรับสวมในการมงคล
นพเก้า 1,น.,"ชื่อแกงชนิดหนึ่งมีลักษณะคล้ายแกงส้ม ปรุงด้วยผักหลายชนิด เช่น ผักกระเฉด ผักบุ้ง ประสมปลาร้า, แกงซั้ว ก็เรียก."
นพคุณ 0,น.,"ทองคำเนื้อเก้า เป็นทองบริสุทธิ์ โบราณกำหนดราคาตามคุณภาพของเนื้อ หนัก ๑ บาท เป็นราคาเงิน ๙ บาท เรียกว่า ทองเนื้อเก้า หรือ ทองนพคุณเก้านํ้า, เรียกสั้น ๆ ว่า ทองนพคุณ."
นพเคราะห์ 0,น.,ดาวพระเคราะห์ทั้ง ๙ คือ อาทิตย์ จันทร์ อังคาร พุธ เสาร์ พฤหัสบดี ราหู ศุกร์ เกตุ.
นพนิต 0,น.,เนยข้นชนิดหนึ่ง. (ชาวอินเดียเรียกว่า ghee).
นพปฎล 0,ว.,มีหลังคา ๙ ชั้น หมายถึง เศวตฉัตร.
นพพล 0,น.,วิธีฝึกหัดเลขโบราณอย่างหนึ่ง.
นพพวง 0,น.,วิธีฝึกหัดเลขโบราณอย่างหนึ่ง.
นพพัน 0,น.,วิธีฝึกหัดเลขโบราณอย่างหนึ่ง.
นพรัตน์ 0,น.,"แก้ว ๙ อย่าง คือ เพชร ทับทิม มรกต บุษราคัม โกเมน นิล มุกดา เพทาย ไพฑูรย์, นวรัตน์ หรือ เนาวรัตน์ ก็ว่า."
นพศก 0,น.,เรียกปีจุลศักราชที่ลงท้ายด้วยเลข ๙ เช่น ปีเถาะนพศก จุลศักราช ๑๓๔๙.
นพศูล 0,น.,"เครื่องประดับยอดปรางค์ ทำเป็นรูปหอก มีกิ่งเป็นรูปดาบแตกสาขาออกไป ๔ ทิศ, แง่งขิง ฝักเพกา ลำภุขัน หรือ สลัดได ก็เรียก."
นภ- 0,น.,"ฟ้า, หาว, อากาศ."
นภจร 0,น.,ผู้ไปในฟ้า เช่น เทวดา วิทยาธร นก เมฆ ลม.
นภดล 0,น.,พื้นฟ้า.
นภมณฑล 0,น.,ท้องฟ้า.
นภวิถี 0,น.,ทางฟ้า คือ วิถีโคจรแห่งตะวัน.
นภศูล 0,น.,"เครื่องประดับยอดปรางค์ ทำเป็นรูปหอก มีกิ่งเป็นรูปดาบแตกสาขาออกไป ๔ ทิศ, แง่งขิง ฝักเพกา ลำภุขัน หรือ สลัดได ก็เรียก."
นภสินธุ์ 0,น.,"แม่นํ้าคงคา, แม่นํ้าในฟ้า คือ ทางช้างเผือกในตำราดาว."
นภา 0,น.,ฟ้า.
นภาลัย 0,น.,"ท้องฟ้า, กลางหาว."
นม 0,น.,"ส่วนของร่างกาย อยู่บริเวณหน้าอก มี ๒ เต้า, ของผู้หญิงมีต่อมสำหรับผลิตน้ำนมเป็นอาหารสำหรับลูกอ่อน ส่วนของผู้ชายมีขนาดเล็กและไม่มีน้ำนม นมของสัตว์บางชนิด เช่น ลิง ค่าง ก็มี ๒ เต้าเช่นเดียวกับคน ส่วนของสัตว์บางชนิด เช่น สุนัข วัว ควาย มีหลายเต้าเรียงอยู่ที่ท้องเป็น ๒ แถว"
นม 1,น.,แม่นม ราชาศัพท์ว่า พระนม
นม 2,น.,น้ำนม เช่น เลี้ยงลูกด้วยนม
นม 3,น.,ชื่อสิ่งที่เป็นเต้าเป็นปุ่มคล้ายนม เช่น นมทองหลาง
นม 4,น.,"ฐานที่รองรับสายจะเข้, ส่วนประกอบที่หนุนสายกระจับปี่"
นม 5,น.,"เรียกสิ่งที่มีลักษณะเป็นปุยขาวห่อหุ้มต้นผักกระเฉด ว่า นมผักกระเฉด, เรียกสิ่งที่มีลักษณะเป็นปุยขาวห้อยติดอยู่ตามข้อพังพวย ว่า นมพังพวย."
นม- 0,น.,"การนอบน้อม, การเคารพ, การไหว้."
นมกระแชง 0,น.,ต้นไม้เถาชนิดหนึ่ง ใช้ทำยาได้.
นมข้น 0,น.,นมที่มีลักษณะข้นและมีรสหวานจัด ได้จากการทำให้น้ำบางส่วนในน้ำนมวัวระเหยไปแล้วเติมน้ำตาล.
นมควาย 0,น.,ชื่อไม้เถาหลายชนิด ในวงศ์ Annonaceae เช่น ชนิด Melodorum hahnii (Finet et Gagnep.) Bân ดอกสีเหลือง.
นมชะนี 0,น.,ชื่อไม้เถาชนิด Artabotrys burmanicus A. DC. ในวงศ์ Annonaceae ดอกสีเขียวอมขาว.
นมช้าง 0,น.,ชื่อไม้เถาหลายชนิด ในวงศ์ Annonaceae เช่น ชนิด Uvaria cordata (Dunal) Alston ดอกสีแดงเข้ม.
นมตาบอด 0,น.,นมที่หัวบุ๋มเข้าไป.
นมตาสะแก 0,น.,นมที่หัวยื่นออกมาเหมือนตาไม้สะแก.
นมตำเรีย 0,น.,"ชื่อไม้เถาอิงอาศัยชนิด Hoya parasitica (Roxb.) Wall. ex Traill ในวงศ์ Asclepiadaceae ใบรี หนา ดอกสีขาวกลางดอกสีม่วง กลิ่นหอม ทุกส่วนมียางขาวคล้ายน้ำนม, นมตำเรีย หรือ นมตำเลีย ก็เรียก."
นมตำเลีย 0,น.,"ชื่อไม้เถาอิงอาศัยชนิด Hoya parasitica (Roxb.) Wall. ex Traill ในวงศ์ Asclepiadaceae ใบรี หนา ดอกสีขาวกลางดอกสีม่วง กลิ่นหอม ทุกส่วนมียางขาวคล้ายน้ำนม, นมตำเรีย หรือ นมตำเลีย ก็เรียก."
นมนาง 0,น.,เครื่องหมายวิสรรชนีย์รูปดังนี้ ะ.
นมนาง 1,น.,ชื่อหอยทะเลกาบเดี่ยวชนิด Trochus niloticus Linn. ในวงศ์ Trochidae เปลือกเป็นรูปกรวยคว่ำ ฐานกว้าง ปลายยอดแหลม ผิวขรุขระ มีลวดลายสีม่วงบนพื้นสีอ่อน คล้ายหอยนมสาวแต่มีขนาดใหญ่กว่า เมื่อขัดผิวเปลือกออกจะเห็นเป็นมุก ใช้ทำเป็นเครื่องประดับ.
นมนาง 2,น.,"ชื่อไม้ต้นชนิด Xantolis cambodiana (Pierre ex Dubard) P. Royen ในวงศ์ Sapotaceae ลำต้นมีหนามแข็ง, ตานนม ก็เรียก."
นมนาน 0,ว.,"นานมาก, นานนม ก็ว่า."
นมบกอกพร่อง 0,น.,"ลักษณะของหญิงที่ชายทำให้เสียความบริสุทธิ์แล้วทอดทิ้งไป เช่น แลมันทำชู้แล้วมันทอดหญิงนั้นเสีย ท่านว่ามันทำให้ลูกหลานท่านนมบกอกพร่อง ให้ไหมชายผู้เลมิดพ่อแม่ผู้เถ้าผู้แก่นั้นโดยขนาฎ (สามดวง), มักใช้เพี้ยนไปเป็น นมตกอกพร่อง."
นมบอด 0,น.,นมที่หัวบุ๋มเข้าไป.
นมผง 0,น.,สิ่งที่มีลักษณะเป็นผง ได้จากการนำน้ำนมไปผ่านกรรมวิธีซึ่งทำให้ส่วนที่เป็นน้ำระเหยออกไปหมด อาจเติมสารเคมีที่มีประโยชน์ต่อร่างกายลงไปด้วยก็ได้.
นมผา 0,น.,หินงอกหรือหินย้อยซึ่งเกิดจากคราบหินปูนที่ย้อยลงมาจากเพดานถ้ำ มีสีนวลอ่อนคล้ายน้ำนม เมื่อต้องแสงจะมีประกายแวววาว.
นมพวง 0,น.,ชื่อนมที่มีฐานใหญ่ตั้งชิดกันทั้งคู่ ไม่ยานไม่งอน.
นมพิจิตร 0,น.,"ชื่อไม้เถาอิงอาศัยชนิด Hoya parasitica (Roxb.) Wall. ex Traill ในวงศ์ Asclepiadaceae ใบรี หนา ดอกสีขาวกลางดอกสีม่วง กลิ่นหอม ทุกส่วนมียางขาวคล้ายน้ำนม, นมตำเรีย หรือ นมตำเลีย ก็เรียก."
นมพิจิตร 1,น.,"ชื่อไม้เถา ๒ ชนิด ในสกุล Trichosanthes วงศ์ Cucurbitaceae ชนิด T. anguina L. , บวบงู ก็เรียก, ชนิด T. cucumerina L. ผลมีรสขม ใช้ทำยาได้, บวบขม ก็เรียก."
นมแมว 0,น.,ชื่อไม้พุ่มรอเลื้อยชนิด Rauwenhoffia siamensis Scheff. ในวงศ์ Annonaceae ดอกสีนํ้าตาลอ่อนเกือบนวล ออกเดี่ยว ๆ ตามง่ามใบ บานเวลาเย็น กลิ่นหอม ผลสุกกินได้.
นมไม้ 0,น.,ไม้ทำเป็นรูปนม ๒ เต้า สำหรับหนุนหลังแก้เมื่อยเป็นต้น.
นมวัว 0,น.,ชื่อไม้พุ่มชนิด Anomianthus dulcis (Dunn) J. Sinclair ในวงศ์ Annonaceae ผลสุกสีแดงอมส้ม รสเปรี้ยว ๆ หวาน ๆ.
นมสวรรค์ 0,น.,"ชื่อไม้พุ่มชนิด Clerodendrum paniculatum L. ในวงศ์ Labiatae ขึ้นตามที่ชุ่มชื้น ที่โคนใบมีต่อมนูนหลายต่อม ดอกสีแดงอมส้ม ออกเป็นช่อตามยอด ผลเล็ก มี ๔ พู ใช้ทำยาได้, พนมสวรรค์ ก็เรียก."
นมสาว 0,น.,ชื่อขนมชนิดหนึ่งทำด้วยแป้งถั่วหรือแป้งเท้ายายม่อมกวนจนใส ไส้ทำด้วยถั่วเขียวกวนปั้นเป็นก้อนกลม ห่อด้วยใบตองสด รูปอย่างขนมเทียน เรียกว่า ขนมเทียนนมสาว.
นมสาว 1,น.,ชื่อหอยทะเลกาบเดี่ยวหลายชนิด ในวงศ์ Trochidae เปลือกเป็นรูปกรวยคว่ำ ฐานกว้าง ปลายยอดแหลม ผิวขรุขระ สีและลายแตกต่างกันตามแต่ละชนิด มีขนาดเล็กกว่าหอยนมนาง เมื่อขัดผิวเปลือกออกจะเห็นเป็นมุก ใช้ทำเป็นเครื่องประดับ.
นมหนู 0,น.,ส่วนของปืนที่สวมแก๊ปเพื่อให้ประกายเข้าไปเผาดินปืนข้างใน
นมหนู 1,น.,ส่วนของเครื่องใช้เป็นปุ่มมีรูเพื่อให้ฉีดน้ำมันออกมา เช่น นมหนูตะเกียง นมหนูเครื่องยนต์.
นมะ 0,น.,"การนอบน้อม, การเคารพ, การไหว้."
นมักการ 0,น.,การแสดงความอ่อนน้อมด้วยการกราบไหว้
นมักการ 1,น.,คำที่ใช้ขึ้นต้นและลงท้ายจดหมายที่มีไปถึงพระภิกษุสามเณร.
นมัสการ 0,น.,การแสดงความอ่อนน้อมด้วยการกราบไหว้
นมัสการ 1,น.,คำที่ใช้ขึ้นต้นและลงท้ายจดหมายที่มีไปถึงพระภิกษุสามเณร.
นมาซ 0,น.,"การปฏิบัติศาสนกิจในศาสนาอิสลามเพื่อชำระจิตใจให้บริสุทธิ์ ปฏิบัติวันละ ๕ เวลา, ละหมาด ก็เรียก."
นย- 0,น.,เค้าความที่ส่อให้เข้าใจเอาเอง.
นยนะ 0,น.,ดวงตา.
นยนา 0,น.,ดวงตา.
นยะ 0,น.,เค้าความที่ส่อให้เข้าใจเอาเอง.
นยักษ์ 0,ว.,"ตํ่าต้อย, เลว."
นโยบาย 0,น.,หลักและวิธีปฏิบัติซึ่งถือเป็นแนวดำเนินการ.
นร- 0,น.,"คน, ชาย, เพศหญิงใช้ว่า นรี หรือ นารี, นิยมใช้เป็นคำหน้าสมาส เช่น นรเทพ นรสิงห์."
นรก 0,น.,"แดนหรือภูมิที่เชื่อกันว่าผู้ทำบาปจะต้องไปเกิดและถูกลงโทษ, โดยปริยายหมายถึงแดนที่มีแต่ความทุกข์ทรมาน."
นรกจกเปรต 0,น.,คนที่เหี้ยมโหด คล้ายกับเปรตมาจากนรก.
นรกานต์ 0,น.,นรก เช่น ตายก็ดีได้เข้า ข่องน้ำนรกานต์.
นรกานต์ 1,น.,คนผู้เป็นที่รัก.
นรกานต์ 2,น.,"แดนหรือภูมิที่เชื่อกันว่าผู้ทำบาปจะต้องไปเกิดและถูกลงโทษ, โดยปริยายหมายถึงแดนที่มีแต่ความทุกข์ทรมาน."
นรการ 0,น.,"ช้างสีดอ, ช้างตัวผู้ มีงาสั้น."
นรชาติ 0,น.,"คน, หมู่คน."
นรเทพ 0,น.,พระราชา.
นรนาถ 0,น.,พระราชา.
นรนายก 0,น.,พระราชา.
นรบดี 0,น.,พระราชา.
นรบาล 0,น.,พระราชา.
นรพยัคฆ์ 0,น.,คนที่เก่งกล้าดุจเสือ.
นรราช 0,น.,พระราชา.
นรเศรษฐ์ 0,น.,ผู้ประเสริฐสุดในหมู่คน
นรเศรษฐ์ 1,น.,พระราชา.
นรสิงห์ 0,น.,"คนที่เก่งกล้าดุจราชสีห์, อวตารปางหนึ่งของพระนารายณ์ มีหน้าเป็นสิงห์ตัวเป็นมนุษย์."
นรสีห์ 0,น.,"คนที่เก่งกล้าดุจราชสีห์, สัตว์หิมพานต์พวกหนึ่ง ท่อนบนเป็นมนุษย์ผู้ชาย ท่อนล่างเป็นราชสีห์."
นรา 0,น.,คน.
นรา 1,น.,"คน, ชาย, เพศหญิงใช้ว่า นรี หรือ นารี, นิยมใช้เป็นคำหน้าสมาส เช่น นรเทพ นรสิงห์."
นรากร 0,น.,"คน, หมู่คน."
นรากร 1,น.,"คน, ชาย, เพศหญิงใช้ว่า นรี หรือ นารี, นิยมใช้เป็นคำหน้าสมาส เช่น นรเทพ นรสิงห์."
นราธิเบนทร์ 0,น.,"พระราชาผู้เป็นใหญ่, พระมหากษัตริย์."
นราธิเบนทร์ 1,น.,"คน, ชาย, เพศหญิงใช้ว่า นรี หรือ นารี, นิยมใช้เป็นคำหน้าสมาส เช่น นรเทพ นรสิงห์."
นราธิเบศร์ 0,น.,"พระราชาผู้เป็นใหญ่, พระมหากษัตริย์."
นราธิเบศร์ 1,น.,"คน, ชาย, เพศหญิงใช้ว่า นรี หรือ นารี, นิยมใช้เป็นคำหน้าสมาส เช่น นรเทพ นรสิงห์."
นราธิป 0,น.,"พระราชา, พระมหากษัตริย์."
นราธิป 1,น.,"คน, ชาย, เพศหญิงใช้ว่า นรี หรือ นารี, นิยมใช้เป็นคำหน้าสมาส เช่น นรเทพ นรสิงห์."
นรินทร์ 0,น.,"พระราชา, พระมหากษัตริย์."
นรินทร์ 1,น.,"คน, ชาย, เพศหญิงใช้ว่า นรี หรือ นารี, นิยมใช้เป็นคำหน้าสมาส เช่น นรเทพ นรสิงห์."
นริศ 0,น.,"พระราชา, พระมหากษัตริย์."
นริศ 1,น.,"คน, ชาย, เพศหญิงใช้ว่า นรี หรือ นารี, นิยมใช้เป็นคำหน้าสมาส เช่น นรเทพ นรสิงห์."
นริศร 0,น.,"พระราชา, พระมหากษัตริย์."
นริศร 1,น.,"คน, ชาย, เพศหญิงใช้ว่า นรี หรือ นารี, นิยมใช้เป็นคำหน้าสมาส เช่น นรเทพ นรสิงห์."
นริศวร 0,น.,"พระราชา, พระมหากษัตริย์."
นริศวร 1,น.,"คน, ชาย, เพศหญิงใช้ว่า นรี หรือ นารี, นิยมใช้เป็นคำหน้าสมาส เช่น นรเทพ นรสิงห์."
นรี 0,น.,นาง.
นรีเวชวิทยา 0,น.,วิชาว่าด้วยโรคเกี่ยวกับระบบการสืบพันธุ์ของสตรี.
นเรนทรสูร 0,น.,"พระราชา, พระมหากษัตริย์."
นเรนทรสูร 1,น.,"คน, ชาย, เพศหญิงใช้ว่า นรี หรือ นารี, นิยมใช้เป็นคำหน้าสมาส เช่น นรเทพ นรสิงห์."
นเรศ 0,น.,"พระราชา, พระมหากษัตริย์."
นเรศ 1,น.,"คน, ชาย, เพศหญิงใช้ว่า นรี หรือ นารี, นิยมใช้เป็นคำหน้าสมาส เช่น นรเทพ นรสิงห์."
นเรศวร 0,น.,"พระราชา, พระมหากษัตริย์."
นเรศวร 1,น.,"คน, ชาย, เพศหญิงใช้ว่า นรี หรือ นารี, นิยมใช้เป็นคำหน้าสมาส เช่น นรเทพ นรสิงห์."
นเรศวร์ชนช้าง 0,น.,ชื่อเพลงไทย อัตรา ๒ ชั้น หน้าทับปรบไก่
นเรศวร์ชนช้าง 1,น.,ชื่อเพลงไทยประเภทเพลงเถา.
นเรศูร 0,น.,"พระราชา, พระมหากษัตริย์."
นเรศูร 1,น.,"คน, ชาย, เพศหญิงใช้ว่า นรี หรือ นารี, นิยมใช้เป็นคำหน้าสมาส เช่น นรเทพ นรสิงห์."
นโรดม 0,น.,"“ผู้สูงสุดในหมู่คน”, พระราชา."
นโรดม 1,น.,"คน, ชาย, เพศหญิงใช้ว่า นรี หรือ นารี, นิยมใช้เป็นคำหน้าสมาส เช่น นรเทพ นรสิงห์."
นฤ- 0,น.,คน (ใช้นำหน้าคำอื่น).
นฤ- 1,ว.,"ไม่มี, ออก, มักใช้นำหน้าศัพท์อื่น เช่น นฤมล ว่า ไม่มีมลทิน นฤทุกข์ ว่า ไม่มีทุกข์, นฤโฆษ ว่า ดังออก, กึกก้อง."
นฤคหิต 0,น.,"ชื่อเครื่องหมายรูปดังนี้ , นิคหิต หรือ หยาดนํ้าค้าง ก็เรียก. (ส. นิคฤหีต; ป. นิคฺคหีต). (ดู นิคหิต)."
นฤโฆษ 0,ก.,"ดังออก, กึกก้อง."
นฤดม 0,ว.,เลิศชายหรือแข็งแรงที่สุด.
นฤตย์ 0,น.,"การระบำ, การฟ้อนรำ, การเต้นรำ."
นฤตย- 0,น.,"การระบำ, การฟ้อนรำ, การเต้นรำ."
นฤตยศาลา 0,น.,โรงเต้นรำ.
นฤตยศาสตร์ 0,น.,วิทยาหรือศิลปะแห่งการระบำ.
นฤตยสถาน 0,น.,ที่สำหรับเต้นรำ.
นฤเทพ 0,น.,พระราชา.
นฤนาท 0,น.,ความกึกก้อง
นฤนาท 1,น.,การบันลือ.
นฤบดี 0,น.,พระราชา.
นฤบาล 0,น.,พระราชา.
นฤเบศ 0,น.,พระราชา.
นฤปนีติ 0,น.,พระราโชบาย.
นฤปเวศม์ 0,น.,ราชสำนัก
นฤปเวศม์ 1,น.,ศาล.
นฤปะ 0,น.,"ผู้ปกครอง, พระราชา."
นฤปัตนี 0,น.,พระราชินี.
นฤพาน 0,น.,ความดับกิเลสและกองทุกข์.
นฤพาน 1,ก.,ตาย (ใช้แก่พระมหากษัตริย์บางพระองค์ เท่าที่ปรากฏในเอกสารสมัยอยุธยา) เช่น ครั้งนั้นสมเด็จพระรามาธิบดีเจ้าเสด็จนฤพาน (พงศ. กรุงเก่า).
นฤมล 0,ว.,ไม่มีมลทิน.
นฤมล 1,น.,นาง.
นฤมาณ 0,น.,"การสร้าง, การแปลง, การทำ, การวัดส่วน."
นฤมิต 0,ก.,"สร้าง, แปลง, ทำ."
นลาฏ 0,น.,หน้าผาก.
นลิน 0,น.,ดอกบัว.
นลินี 0,น.,"กอบัว, สระบัว."
นว- 0,ว.,ใหม่ (ใช้เป็นคำหน้าสมาส).
นว- 1,ว.,"เก้า, จำนวน ๙, (ใช้เป็นคำหน้าสมาส)."
นวก- 0,น.,"ผู้ใหม่, ผู้อ่อน. (ป.)."
นวก- 1,ว.,"ใหม่, อ่อน, เช่น พระนวกะ นวกภูมิ."
นวก- 2,น.,หมวด ๙ หมายความว่า หมวดหรือชุมนุมหลักธรรมที่มี ๙ ข้อ เรียกว่า นวกนิบาต.
นวกภูมิ 0,น.,ระดับชั้นของพระภิกษุที่มีพรรษาระดับต้น คือต่ำกว่า ๕ พรรษา อยู่ก่อน มัชฌิมภูมิ กับ เถรภูมิ.
นวกรรม 0,น.,การก่อสร้าง.
นวกรรมิก 0,น.,ผู้ดูแลการก่อสร้าง.
นวกะ 0,น.,"ผู้ใหม่, ผู้อ่อน. (ป.)."
นวกะ 1,ว.,"ใหม่, อ่อน, เช่น พระนวกะ นวกภูมิ."
นวการ 0,น.,การก่อสร้าง.
นวกิจ 0,น.,การก่อสร้าง.
นวโกวาท 0,น.,โอวาทเพื่อผู้บวชใหม่.
นวครหะ 0,น.,"นพเคราะห์, ดาวพระเคราะห์ทั้ง ๙ คือ อาทิตย์ จันทร์ อังคาร พุธ เสาร์ พฤหัสบดี ราหู ศุกร์ เกตุ."
นวคุณ 0,น.,นพคุณ.
นวเคราะห์ 0,น.,"นพเคราะห์, ดาวพระเคราะห์ทั้ง ๙ คือ อาทิตย์ จันทร์ อังคาร พุธ เสาร์ พฤหัสบดี ราหู ศุกร์ เกตุ."
นวชาต 0,ว.,ใหม่.
นวด 0,ก.,ใช้มือบีบหรือกดเพื่อให้คลายจากความปวดเมื่อยหรือเมื่อยขบ.
นวดข้าว 0,ก.,ใช้วัวควายหรือคนยํ่ารวงข้าวให้เมล็ดหลุดจากรวง.
นวดแป้ง 0,ก.,ใช้ส้นมือกดคลึงแป้งที่ผสมกับน้ำเป็นต้นให้เข้ากัน.
นวดฟั้น 0,ก.,บีบขยำเป็นต้นให้หายเมื่อยขบ.
นวทวาร 0,น.,ช่องทั้ง ๙ แห่งร่างกาย คือ ตา ๒ หู ๒ จมูก ๒ ปาก ๑ ทวารเบา ๑ ทวารหนัก ๑
นวทวาร 1,น.,ร่างกาย.
นวนิต 0,น.,"นพนิต, เนยข้นชนิดหนึ่ง. (ชาวอินเดียเรียกว่า ghee)."
นวนิยาย 0,น.,"บันเทิงคดีร้อยแก้วขนาดยาวรูปแบบหนึ่ง มีตัวละคร โครงเรื่อง เหตุการณ์ในเรื่อง และสถานที่ ที่ทำให้เนื้อเรื่องมีความสมจริง เช่น เรื่องหญิงคนชั่ว ของ ก. สุรางคนางค์ เรื่องเรือมนุษย์ ของ กฤษณา อโศกสิน, ถ้ามีขนาดสั้น เรียกว่า นวนิยายขนาดสั้น เช่น เรื่องดรรชนีนาง ของ อิงอร เรื่องสร้อยทอง ของ นิมิต ภูมิถาวร."
นวปฎล 0,ว.,"นพปฎล, มีหลังคา ๙ ชั้น หมายถึง เศวตฉัตร."
นวพธู 0,น.,ลูกสะใภ้.
น่วม 0,ว.,"อ่อนนุ่มจนเกือบเหลว เช่น บีบมะม่วงเสียจนน่วม, บอบช้ำ เช่น เขาถูกอันธพาลรุมทำร้ายเสียจนตัวน่วมไปหมด."
นวม 0,น.,"สิ่งที่มีของอ่อนนุ่มอยู่ข้างใน เพื่อให้ความอบอุ่นหรือเพื่อป้องกันการเสียดสี การกดดัน การกระทบกระทั่งเป็นต้น เช่น เสื้อนวม เกราะนวม, เรียกผ้าห่มนอนที่มีลักษณะเช่นนั้น ว่า ผ้านวม, เรียกกานํ้าที่มีนวมหุ้มเพื่อเก็บความร้อนไว้ได้นาน ว่า กานวม."
นวม- 0,ว.,ที่ ๙ เช่น นวมสุรทิน = วันที่ ๙.
นวมี 0,ว.,ที่ ๙ เช่น นวมีดิถี = วัน ๙ คํ่า.
นวมี 1,ว.,ที่ ๙ เช่น นวมสุรทิน = วันที่ ๙.
นวมุข 0,น.,นวทวาร.
นวย 0,ก.,"เยื้องกราย, กรีดกราย, เช่น งามหัตถ์งามกรช่างอ่อนระทวย ช่างนาดช่างนวยสวยยั่วนัยนา (ฉุยฉายพราหมณ์)"
นวย 1,ก.,น้อม เช่น คิดคิ้วคำนวณนวย คือธนูอันก่งยง (สมุทรโฆษ).
นวยนาด 0,ก.,"เยื้องกราย, กรีดกราย"
นวยนาด 1,ก.,ชื่อเพลงไทย.
นวรัตน์ 0,น.,"นพรัตน์, แก้ว ๙ อย่าง คือ เพชร ทับทิม มรกต บุษราคัม โกเมน นิล มุกดา เพทาย ไพฑูรย์, เนาวรัตน์ ก็ว่า."
นวล 0,ว.,สีขาวปนเหลืองเล็กน้อย
นวล 1,ว.,"ผ่องเป็นยองใย, งามผุดผ่อง, เช่น ผิวนวล."
นวล 2,น.,ผงแป้งที่โรยบนก้อนแป้งเวลานวดหรือปั้นเพื่อไม่ให้ติดมือติดภาชนะเป็นต้น
นวล 3,น.,ละอองสีขาวบนผิวผลไม้หรือใบไม้บางชนิดแสดงว่าแก่จัด เช่น นวลมะม่วง นวลแตง นวลใบตอง.
นวลจันทร์ 0,น.,"ชื่อปลานํ้าจืดชนิด Cirrhinus microlepis Sauvage ในวงศ์ Cyprinidae ลำตัวยาวเรียว แบนข้างเล็กน้อย ตาเล็ก ปากเล็กอยู่ตํ่าที่ปลายหัว ไม่มีหนวด เกล็ดเล็ก เฉพาะในแนวเส้นข้างตัวมีประมาณ ๖๐ เกล็ด ลำตัวด้านหลังสีนํ้าตาลเทา ข้างท้องสีขาว ปลายครีบหลังและครีบท้องสีชมพู อาศัยตามลำนํ้าในเขตที่ลุ่มภาคกลางไปจนถึงแม่นํ้าโขง ขนาดยาวได้ถึง ๖๕ เซนติเมตร, นวลจันทร์น้ำจืด ก็เรียก, อีสานเรียก โพง, เขมรเรียก พรวน."
นวลจันทร์ 1,น.,"ชื่อปลาทะเลหรือน้ำกร่อยชนิด Chanos chanos (Forsskål) ในวงศ์ Chanidae ลำตัวยาวเพรียว แบนข้างเล็กน้อย หัวหลิม ตาโต ครีบหลังมีครีบเดียวตั้งอยู่ในแนวกลางตัว ครีบหางเป็นแฉกลึก เกล็ดทั่วตัวมีสีเงิน ขนาดยาวได้ถึง ๑.๘ เมตร อยู่ในน้ำจืดได้, ชะลิน ดอกไม้ หรือ นวลจันทร์ทะเล ก็เรียก."
นวลจันทร์ทะเล 0,น.,"ชื่อปลาทะเลหรือน้ำกร่อยชนิด Chanos chanos (Forsskål) ในวงศ์ Chanidae ลำตัวยาวเพรียว แบนข้างเล็กน้อย หัวหลิม ตาโต ครีบหลังมีครีบเดียวตั้งอยู่ในแนวกลางตัว ครีบหางเป็นแฉกลึก เกล็ดทั่วตัวมีสีเงิน ขนาดยาวได้ถึง ๑.๘ เมตร อยู่ในน้ำจืดได้, ชะลิน ดอกไม้ หรือ นวลจันทร์ทะเล ก็เรียก."
นวลจันทร์น้ำจืด 0,น.,"ชื่อปลานํ้าจืดชนิด Cirrhinus microlepis Sauvage ในวงศ์ Cyprinidae ลำตัวยาวเรียว แบนข้างเล็กน้อย ตาเล็ก ปากเล็กอยู่ตํ่าที่ปลายหัว ไม่มีหนวด เกล็ดเล็ก เฉพาะในแนวเส้นข้างตัวมีประมาณ ๖๐ เกล็ด ลำตัวด้านหลังสีนํ้าตาลเทา ข้างท้องสีขาว ปลายครีบหลังและครีบท้องสีชมพู อาศัยตามลำนํ้าในเขตที่ลุ่มภาคกลางไปจนถึงแม่นํ้าโขง ขนาดยาวได้ถึง ๖๕ เซนติเมตร, นวลจันทร์น้ำจืด ก็เรียก, อีสานเรียก โพง, เขมรเรียก พรวน."
นวลน้อย 0,น.,ชื่อหญ้าชนิด Zoysia matrella (L.) Merr. ในวงศ์ Gramineae ใช้เป็นหญ้าสนาม.
นวลระหง 0,ว.,มีรูปทรงงาม.
นวลลออ 0,ว.,"ผุดผ่อง, งามดี."
นวลละออง 0,ว.,ผุดผ่องเป็นยองใย.
นวลหง 0,ว.,มีสีเนื้อนวลงาม
นวลหง 1,ว.,งามเลิศ เช่น พระสังข์ตั้งแต่วันนั้นมา ไม่ไว้ใจรจนานวลหง (สังข์ทอง).
นวโลหะ 0,น.,โลหะ ๙ ชนิด คือ เหล็ก ๑ ปรอท ๑ ทองแดง ๑ เงิน ๑ ทองคำ ๑ เจ้า ๑ (เป็นคำตัดมาจาก “เจ้านํ้าเงิน” ว่า เป็นธาตุชนิดหนึ่งคือทังสเตน) สังกะสี ๑ ชิน ๑ และบริสุทธิ์ ๑ (คือตะกั่ว).
นววิธ 0,ว.,"๙ ประการ, ๙ อย่าง."
นวอรหาทิคุณ 0,น.,คุณพระพุทธเจ้า ๙ ประการ ได้แก่ ๑. อรหํ ๒. สมฺมาสมฺพุทฺโธ ๓. วิชฺชาจรณสมฺปนฺโน ๔. สุคโต ๕. โลกวิทู ๖. อนุตฺตโร ปุริสทมฺมสารถิ ๗. สตฺถา เทวมนุสฺสานํ ๘. พุทฺโธ ๙. ภควา.
นวังคสัตถุศาสน์ 0,น.,คำสอนของพระศาสดา คือ พระพุทธเจ้า มีองค์ประกอบ ๙ อย่าง คือ สุตตะ เคยยะ เวยยากรณะ คาถา อุทาน อิติวุตตกะ ชาดก อัพภูตธรรม เวทัลละ.
นวัตกรรม 0,น.,การกระทำหรือสิ่งที่ทำขึ้นใหม่หรือแปลกจากเดิมซึ่งอาจจะเป็นความคิด วิธีการ หรืออุปกรณ์ เป็นต้น.
นวารหาทิคุณ 0,น.,คุณพระพุทธเจ้า ๙ ประการ ได้แก่ ๑. อรหํ ๒. สมฺมาสมฺพุทฺโธ ๓. วิชฺชาจรณสมฺปนฺโน ๔. สุคโต ๕. โลกวิทู ๖. อนุตฺตโร ปุริสทมฺมสารถิ ๗. สตฺถา เทวมนุสฺสานํ ๘. พุทฺโธ ๙. ภควา.
นวาระ 0,น.,กุหลาบ.
นหาดก 0,น.,"ผู้อาบน้ำแล้ว, ผู้ล้างแล้ว, ในพระพุทธศาสนาหมายถึง ผู้ที่ชำระกิเลสหมดแล้ว คือพระอรหันต์."
นหานะ 0,น.,การอาบนํ้า.
นหารุ 0,น.,"เส้น, เอ็น, ราชาศัพท์ใช้ว่า พระนหารุ."
นหุต 0,ว.,หมื่น.
นหุต 1,น.,"ชื่อสังขยาจำนวนหนึ่ง คือ ๑๐,๐๐๐,๐๐๐^๔ หรือ เลข ๑ มีเลข ๐ ตามหลัง ๒๘ ตัว."
นฬ- 0,น.,"ไม้อ้อ, ไม้รวก, ไม้ไผ่."
นฬการ 0,น.,"ช่างจักสาน, ช่างสานเสื่อ."
นฬป 0,น.,ปลาช่อน.
นฬะ 0,น.,"ไม้อ้อ, ไม้รวก, ไม้ไผ่."
นอ 0,น.,สิ่งที่งอกขึ้นเหนือจมูกแรด ยาวประมาณ ๑๒-๑๕ เซนติเมตร แข็งเหมือนเขาสัตว์
นอ 1,น.,ปมที่นูนขึ้นตามอวัยวะเช่นที่ข้อศอกที่ศีรษะ.
นอ 2,ก.,โน เช่น แม้นมีไม้ใกล้ตัวหัวจะนอ (คาวี).
นอ 3,น.,เครื่องดนตรีประเภทเครื่องเป่าอย่างหนึ่งของชาวมูเซอ.
นอก 0,บ.,"ตรงข้ามกับใน, ไม่ใช่ใน."
นอก 1,ว.,"พ้นออกไปจากภายในหรือร่วมใน เช่น นอกเรือน นอกประเทศ นอกกาย นอกตำแหน่ง, ต่างประเทศ เช่น ของนอก ไปนอก, เรียกเขตที่พ้นจากเมืองหลวงออกไป ว่า บ้านนอก, เรียกประเทศในทวีปยุโรปและอเมริกา ว่า เมืองนอก, เรียกผลไม้ที่เอามาจากนอกกรุงหรือเขตปริมณฑล เช่น เงาะนอก ทุเรียนนอก, คู่กับ ผลไม้ในกรุงหรือเขตปริมณฑล เช่น เงาะสวน ทุเรียนสวน."
นอกกฎหมาย 0,ว.,ไม่ถูกกฎหมาย เช่น บุตรนอกกฎหมาย.
นอกครู 0,ก.,"ประพฤติไม่ตรงตามคำสั่งสอนของครูบาอาจารย์, ประพฤติไม่ตรงตามแบบฉบับที่นิยมกันมา."
นอกคอก 0,ว.,ประพฤติไม่ตรงตามแบบตามธรรมเนียมประเพณีของบรรพบุรุษ.
นอกคัมภีร์ 0,ว.,นอกตำรา.
นอกจาก 0,บ.,เว้นเสียแต่.
นอกใจ 0,ว.,ไม่ซื่อตรงต่อสามีหรือภรรยาด้วยการคบชู้สู่สาว.
นอกชาน 0,น.,พื้นเรือนที่ยื่นพ้นชายคาออกไป.
นอกตำรา 0,ว.,"ผิดจากตำรา, ไม่มีในตำรา, นอกคัมภีร์ ก็ว่า."
นอกถนน 0,น.,ที่ท้องถนน.
นอกบาลี 0,ก.,พูดหรือทำนอกแบบฉบับ.
นอกรีต 0,ว.,ไม่ประพฤติตามจารีตประเพณี.
นอกรีตนอกรอย 0,ว.,ไม่ประพฤติตามจารีตประเพณี.
นอกลู่นอกทาง 0,ว.,ไม่ประพฤติตามแนวทางที่พ่อแม่ครูอาจารย์ได้เคยดำเนินมา.
นอกสังเวียน 0,ว.,"นอกวงการ, นอกเวที, เช่น เขาก็ดีแต่เก่งนอกสังเวียน."
นอกเหนือ 0,ว.,"ยิ่งกว่านี้, มากกว่านี้, ใช่แต่เท่านี้."
นอง 0,ก.,ค้างขังอยู่บนพื้น (ใช้แก่นํ้า) เช่น นํ้านองถนน นํ้านองบ้าน.
น้อง 0,น.,"ผู้ร่วมบิดาหรือมารดาเดียวกันและเกิดทีหลัง, ลูกของอาหรือของน้า, เรียกคนที่มีอายุคราวน้อง"
น้อง 1,น.,"ออกทีหลัง, มาทีหลัง, เช่น หมากทะลายน้อง มะพร้าวทะลายน้อง, คู่กับ ทะลายพี่"
น้อง 2,น.,ลักษณนามใช้นับอายุไม้จำพวกไม้ไผ่ เช่น ไม้น้องเดียว คือ ไม้ที่มีอายุ ๒ ปี ไม้ ๒ น้อง คือ ไม้ที่มีอายุ ๓ ปี.
น่อง 0,น.,กล้ามเนื้อที่อยู่ด้านหลังหน้าแข้ง.
น่อง 1,น.,ชื่อไม้ต้นชนิด Antiaris toxicaria Leschen. ในวงศ์ Moraceae ยางมีพิษ ใช้ทำยางน่อง.
น้อง ๆ 0,ว.,"จวนจะเป็น, ใกล้จะเป็น, เกือบจะเป็น, เช่น น้อง ๆ อธิบดีเข้าไปแล้ว."
นองเนือง 0,ว.,เนืองนอง.
น่องแน่ง 0,น.,เบี้ยสองเบี้ยที่กระดานคนเล่นหมากรุกไม่อยู่เรียงตากัน อยู่ทะแยงตากัน (ปรัดเล).
น่องแน่ง 1,ว.,"ติดกันนุงนัง, เกี่ยวเนื่องกันยุ่ง, ผูกติดกันและห้อยแขวนอยู่ (ปาเลกัว), เช่น ให้เอามันผู้ลอบทำแก่ท่านนั้นมาจำน่องแน่ง เอาขึ้นขาหย่างประจารปลงลงทวนด้วยลวดหนัง ๓๐ ที (สามดวง)"
น่องแน่ง 2,ว.,ย่องแย่ง (ปรัดเล).
น้องเพล 0,น.,เรียกเวลาก่อนเพล ระหว่าง ๑๐ นาฬิกา ถึง ๑๑ นาฬิกา.
นองเลือด 0,ว.,อย่างดุเดือดและต้องเสียเลือดเนื้อหรือล้มตายกันเป็นจำนวนมาก เช่น รบกันนองเลือด.
น่องสิงห์ 0,น.,ชื่อลายชนิดหนึ่งมักประดับที่ส่วนหลังของขาโต๊ะ ตั่ง หรือตู้แบบขาสิงห์ หรือประดับริมหรือขอบ เช่นริมโต๊ะหรือกรอบรูป.
นองหน้า 0,ว.,อาบหน้า (ใช้แก่นํ้าตา).
นอต 0,น.,หน่วยแสดงความเร็วของสิ่งใดสิ่งหนึ่งตามระบบการเดินเรือ มีค่าเท่ากับ ๑ ไมล์ทะเลต่อชั่วโมง หรือ ๑.๘๕๒ กิโลเมตรต่อชั่วโมง เช่น เรือแล่นได้เร็ว ๘ ไมล์ทะเลต่อชั่วโมง เรียกว่า เรือมีความเร็ว ๘ นอต ลมมีความเร็ว ๕๐ ไมล์ทะเลต่อชั่วโมง เรียกว่า ลมมีความเร็ว ๕๐ นอต.
นอต 1,น.,"เครื่องตรึงหรือขันสิ่งอื่นให้แน่น ประกอบด้วยแท่งและแป้นโลหะ, ตัวที่เป็นแท่งมีปลายข้างหนึ่งเป็นปุ่ม อีกข้างหนึ่งมีเกลียวด้านนอก เรียกว่า นอตตัวผู้ และตัวที่เป็นแป้นมีลักษณะเป็นเหลี่ยมมีรูตรงกลางและมีเกลียวด้านใน เรียกว่า นอตตัวเมีย."
นอตหลุด 0,ก.,"คุมสติไม่อยู่ เช่น เมื่อวานฉันเกือบนอตหลุดตอนที่ทะเลาะกับเขา, หลุด ก็ว่า"
นอน 0,ก.,"เอนตัวหรือทอดตัวลงกับพื้นหรือที่ใด ๆ เพื่อพักผ่อนเป็นต้น, อาการที่ทำให้ของสูง ๆ ทอดลง เช่น เอาเสานอนลง, อาการที่พรรณไม้บางชนิด เช่น จามจุรี ผักกระเฉด ไมยราบ หลุบใบในเวลาใกล้จะสิ้นแสงตะวัน."
นอน 1,ว.,ลักษณะที่ตรงข้ามกับ ยืน หรือ ตั้ง เช่น แนวนอน แปนอน.
นอนก้น 0,ก.,อาการที่ผงหรือตะกอนเป็นต้นในของเหลวตกลงไปอยู่ก้นที่รองรับของเหลวนั้น เช่น ตะกอนนอนก้น.
นอนกลางดินกินกลางทราย 0,ก.,มีความเป็นอยู่อย่างลำบากเพราะไม่มีที่อยู่ที่กินอย่างปรกติ.
นอนกิน 0,ก.,ไม่ต้องทำงานก็มีกิน โดยมีผลประโยชน์เป็นรายได้ เช่น นอนกินดอกเบี้ย.
นอนกินบ้านกินเมือง 0,ก.,นอนตื่นสายด้วยความเกียจคร้าน (ใช้เป็นคำประชด).
นอนใจ 0,ก.,"วางใจ, ไม่รีบร้อน."
นอนตาไม่หลับ 0,ก.,นอนหวาดต่อภัยหรือเป็นทุกข์หรือห่วงใย.
นอนตีพุง 0,ก.,ได้ผลประโยชน์โดยไม่ต้องทำอะไร
นอนตีพุง 1,ก.,"สบายใจ, หมดกังวล."
นอนนก 0,ก.,นั่งหลับ.
นอนแบ็บ 0,ก.,นอนอยู่กับที่ ลุกไม่ไหว ในลักษณะที่หมดกำลังหรือเจ็บป่วยมีอาการเพียบเป็นต้น.
นอนโรง 0,ก.,นอนค้างคืนล่วงหน้าที่โรงที่ใช้แสดง ก่อนกำหนดงาน (ใช้แก่โขนเป็นต้น) เช่น โขนนอนโรง ลิเกนอนโรง.
นอนเล่น 0,ก.,นอนพักผ่อนโดยไม่คิดว่าจะหลับ.
นอนวัน 0,ก.,หมุนเร็วเที่ยงตรง (ใช้เรียกลูกข่างเป็นต้นที่หมุนเรียบอยู่กับที่).
นอนเวร 0,ก.,ผลัดเปลี่ยนกันมานอนรักษาการณ์นอกเวลาทำงาน.
นอนหลับทับสิทธิ์ 0,ก.,"ไม่ใช้สิทธิ์ที่ตนมีอยู่เมื่อถึงคราวที่ควรจะใช้, ทับสิทธิ์ ก็ว่า, (กฎ; ปาก) ไม่ไปใช้สิทธิเลือกตั้ง."
นอนหลับไม่รู้ นอนคู้ไม่เห็น 0,ก.,"ไม่รู้เรื่องราวที่เกิดขึ้น, ไม่รู้อีโหน่อีเหน่."
นอนเอือก 0,ก.,นอนอืดอย่างเกียจคร้าน.
นอบ 0,ก.,"น้อม, หมอบย่อลง, มักใช้ประกอบคำอื่น เช่น นบนอบ นอบน้อม."
นอบนบ 0,ก.,"น้อมกายลงไหว้, นบนอบ ก็ว่า."
นอบน้อม 0,ก.,"อาการแสดงความเคารพอย่างสูง เช่น นอบน้อมพระรัตนตรัย, อาการที่ยอบตัวลงแสดงความเคารพ."
น้อม 0,ก.,"โน้ม เช่น น้อมลาภมาเพื่อตน, ค้อม เช่น กิ่งไม้น้อมลง, โอนลงเป็นการแสดงความเคารพ เช่น น้อมกาย น้อมใจ, โอนอ่อนตาม เช่น น้อมใจเชื่อ."
น้อมเกล้าน้อมกระหม่อมถวาย 0,ก.,"ถวาย (ใช้แก่สิ่งของใหญ่หรือของที่ยกขึ้นให้ไม่ได้ที่ถวายแด่พระบาทสมเด็จพระเจ้าอยู่หัว สมเด็จพระบรมราชินีนาถ สมเด็จพระบรมราชินี สมเด็จพระบรมโอรสาธิราช สยามมกุฎราชกุมาร และสมเด็จพระเทพรัตนราชสุดาฯ สยามบรมราชกุมารี), เขียนว่า น้อมเกล้าฯ ถวาย ก็ได้ แต่ต้องอ่านว่า น้อมเกล้าน้อมกระหม่อมถวาย."
น้อมนำ 0,ก.,"นำไปโดยกิริยาอ่อนน้อม เช่น น้อมนำเครื่องสักการะไปถวายพระอุปัชฌาย์, (ปาก) นำไปด้วยความอ่อนน้อม เช่น น้อมนำแนวพระราชดำริไปปฏิบัติ."
น้อย 0,ว.,"ตรงข้ามกับ มาก, ไม่มาก เช่น ฝนน้อย น้ำน้อย มีเงินน้อย พูดน้อย, ตรงข้ามกับ ใหญ่, ไม่ใหญ่, เช่น ข้าราชการชั้นผู้น้อย"
น้อย 1,ว.,"โดยปริยายหมายถึงลักษณะที่ด้อยความสำคัญหรือเป็นรอง เช่น ครูน้อย ผู้น้อย, แสดงความรู้สึกว่าน่ารักน่าเอ็นดู เช่น เณรน้อย เด็กน้อย น้องน้อย สาวน้อย หนูน้อย."
น้อย 2,น.,"คำเติมหน้าชื่อผู้ที่เคยบวชเป็นสามเณร, ถ้าเคยบวชเป็นภิกษุเติมหน้าชื่อว่า หนาน."
น้อยแง่ 0,ก.,น้อยหน้า
น้อยแง่ 1,ก.,ไม่มีเล่ห์เหลี่ยม.
น้อยใจ 0,ก.,รู้สึกเสียใจที่ไม่ได้รับความเป็นธรรมเป็นต้น.
น้อยเนื้อต่ำใจ 0,ก.,รู้สึกเสียใจที่ไม่ได้รับความเป็นธรรมเป็นต้น.
น้อยหน่า 0,น.,ชื่อไม้พุ่มหรือไม้ต้นขนาดเล็กชนิด Annona squamosa L. ในวงศ์ Annonaceae ดอกสีเหลืองแกมเขียว กลีบดอกหนา มี ๓ กลีบ ผลสีเขียว ผิวนูนเป็นตา ๆ เนื้อในผลหนาขาว รสหวาน มีเมล็ดมาก.
น้อยหน้า 0,ก.,ไม่เทียมหน้าเขา.
น้อยหรือ 0,ว.,คำแสดงความหมายว่า มาก
น้อยหรือ 1,ว.,"คำเปล่งแสดงความไม่พอใจ เช่น น้อยหรือทำได้, ตัดพ้อต่อว่าด้วยความเอ็นดู เช่น น้อยหรือช่างว่า."
น้อยโหน่ง 0,น.,ชื่อไม้ต้นขนาดเล็กถึงขนาดกลางชนิด Annona reticulata L. ในวงศ์ Annonaceae ดอกคล้ายดอกน้อยหน่า แต่ผลโตกว่า เปลือกบางแต่เหนียว ค่อนข้างเรียบ ไม่นูนเป็นตา ๆ สีเขียวจาง ๆ ปนสีแดงเรื่อ ๆ เนื้อในผลหนาขาว รสหวานไม่สนิทเหมือนน้อยหน่า มีเมล็ดมาก.
น้อยอกน้อยใจ 0,ก.,รู้สึกเสียใจที่ไม่ได้รับความเป็นธรรมเป็นต้น.
นะ 0,ว.,คำประกอบท้ายคำอื่น บอกความเป็นเชิงอ้อนวอน บังคับ หรือเน้นให้หนักแน่น เป็นต้น เช่น อยู่นะ ไปละนะ.
นะ 1,น.,ชื่อตัวตั้งธาตุน้ำของเวทมนตร์คาถาทางเมตตามหานิยม เช่น เขาคงมีนะดี ใคร ๆ เห็นก็เมตตา.
นะแน่ง 0,ว.,"แน่งน้อย, ร่างน้อยงามกะทัดรัด."
นัก 0,น.,"ใช้ประกอบหน้าคำอื่นหมายความว่า ผู้กระทำเป็นปรกติ เช่น นักเรียน นักดื่ม นักท่องเที่ยว, ผู้ชำนาญ เช่น นักเทศน์ นักดนตรี นักคำนวณ นักสืบ, ผู้มีอาชีพในทางนั้น ๆ เช่น นักกฎหมาย นักแสดง นักเขียน."
นัก 1,ว.,"อย่างยิ่ง, มากหรือหนักไปในทางใดทางหนึ่ง, เช่น หนาวนัก ร้อนนัก."
นักกะ 0,น.,"จระเข้, เต่า."
นักการ 0,น.,พนักงานชั้นผู้น้อยตํ่ากว่าเสมียน ทำหน้าที่เดินหนังสือ.
นักการเมือง 0,น.,"ผู้ฝักใฝ่ในทางการเมือง, ผู้ที่ทำหน้าที่ทางการเมือง เช่นรัฐมนตรี สมาชิกรัฐสภา."
นักกีฬา 0,น.,"ผู้ชอบเล่นกีฬา, ผู้เข้าแข่งขันกีฬา"
นักกีฬา 1,น.,โดยปริยายหมายความว่า ผู้มีนํ้าใจไม่เอาเปรียบผู้อื่น.
นักขัต 0,น.,"ดาว, ดาวฤกษ์. (ดู นักษัตร)."
นักขัต- 0,น.,"ดาว, ดาวฤกษ์. (ดู นักษัตร)."
นักขัตฤกษ์ 0,น.,"ฤกษ์ที่ขึ้นกับการโคจรของดวงดาวในสุริยจักรวาลคือดาวนพเคราะห์ว่าผ่านดาวนักษัตรหมู่ใดหมู่หนึ่งใน ๒๗ หมู่, เรียกงานที่จัดขึ้นตามนักขัตฤกษ์ ว่า งานนักขัตฤกษ์, เรียกวันที่มีงานนักขัตฤกษ์ ว่า วันนักขัตฤกษ์."
นักข่าว 0,น.,"ผู้รายงานข่าว, ผู้เขียนข่าว, ผู้บอกข่าว, (ใช้เฉพาะทางสื่อสารมวลชน), ผู้สื่อข่าว ก็เรียก."
นักงาน 0,น.,"หน้าที่ เช่น อันการสงครามครั้งนี้ ไว้นักงานพี่จะช่วยหัก (รามเกียรติ์ ร. ๑), เจ้าพนักงาน เช่น เหวยนักงานเอ๋ย เร่งรุกเร็วบัดนี้พลัน จงแสดงทุกข์แห่งโอรส ให้ปรากฏโดยคดี ว่าบัดนี้หมู่สีพีลงโทษ โกรธจอมธรรม์ (ม. คำหลวง หิมพานต์)."
นักตะ 0,น.,กลางคืน.
นักท่องเที่ยว 0,น.,บุคคลที่เดินทางจากท้องที่อันเป็นถิ่นที่อยู่โดยปรกติของตนไปยังท้องที่อื่นเป็นการชั่วคราวด้วยความสมัครใจ และด้วยวัตถุประสงค์อันมิใช่เพื่อไปประกอบอาชีพหรือหารายได้ เช่น การพักผ่อนหย่อนใจ การศึกษาหาความรู้ การบันเทิง.
นักเทศ 0,น.,คนต่างประเทศที่สำหรับใช้ในราชสำนัก เช่น นักเทศจงไปสั่งการ พนักงานของใครให้ขวายขวน (สังข์ทอง).
นักเทศน์ 0,น.,ผู้ชำนาญในการเทศน์.
นักโทษ 0,น.,บุคคลซึ่งถูกลงโทษจำคุก.
นักโทษเด็ดขาด 0,น.,บุคคลซึ่งถูกขังไว้ตามหมายจำคุกภายหลังคำพิพากษาถึงที่สุด.
นักธรรม 0,น.,"ผู้รู้ธรรม, ผู้สอบความรู้ธรรมได้ตามหลักสูตรที่กำหนดไว้ มี ๓ ชั้น คือ ชั้นตรี ชั้นโท ชั้นเอก"
นักธรรม 1,น.,ฤษี.
นักนิ่น 0,ว.,"นิ่ม, อ่อน, เช่น ต่างต่างคันธเกล้ากลิ่น แก่เนื้อนักนิ่นสองกรษัตร (ม. คำหลวง กุมาร), โดยปริยายหมายถึง ผู้หญิง เช่น จากมานักนิ่นเนื้อ นอนหนาว (กำสรวล)."
นักบวช 0,น.,ผู้ที่ได้เข้าพิธีบวชตามลัทธิศาสนาต่าง ๆ เช่น ภิกษุ สามเณร บาทหลวง.
นักบิน 0,น.,ผู้ขับขี่เครื่องบิน.
นักบุญ 0,น.,"ผู้อ้างตัวว่าเป็นผู้วิเศษ, ผู้ที่ทำความดีไว้มากเมื่อตายแล้วได้รับยกย่องว่าเป็นผู้สำเร็จในทางศาสนาคริสต์นิกายโรมันคาทอลิก, ผู้ยินดีในการบุญ."
นักปราชญ์ 0,น.,"ผู้รอบรู้, ผู้มีปัญญา."
นักพรต 0,น.,"ผู้ประพฤติพรต, ลักษณนามว่า รูป."
นักรบ 0,น.,"ผู้ชำนาญในการรบ, ทหาร."
นักระ 0,น.,จระเข้.
นักเรียน 0,น.,"ผู้ศึกษาเล่าเรียน, ผู้รับการศึกษาจากโรงเรียน."
นักเรียนนอก 0,น.,ผู้ที่ไปศึกษามาจากต่างประเทศ มีประเทศในยุโรปและสหรัฐอเมริกาเป็นต้น.
นักเลง 0,น.,ผู้ฝักใฝ่ในสิ่งนั้น ๆ เช่น นักเลงหนังสือ นักเลงการพนัน
นักเลง 1,น.,"ผู้เกะกะระราน เช่น เขาเป็นนักเลงมีลูกน้องมาก, นักเลงโต ก็ว่า."
นักเลง 2,ว.,มีใจกว้าง กล้าได้กล้าเสีย เช่น ใจนักเลง.
นักเลงโต 0,น.,นักเลงที่เหนือนักเลงทั้งหลาย มักให้ความคุ้มครองแก่ประชาชนในหมู่บ้านไม่ให้นักเลงที่อื่นมารังแก
นักเลงโต 1,น.,"ผู้เกะกะระราน เช่น น้องชายเขาเป็นนักเลงโต ทำให้เพื่อนบ้านเดือดร้อนเสมอ ๆ, นักเลง ก็ว่า."
นักวิชาการ 0,น.,ผู้เชี่ยวชาญวิชาความรู้สาขาใดสาขาหนึ่งหรือหลายสาขา.
นักศึกษา 0,น.,ผู้ที่ศึกษาอยู่ในสถาบันอุดมศึกษาหรือเทียบเท่า.
นักษัตร- 0,น.,"ดาว, ดาวฤกษ์, มี ๒๗ หมู่ คือ ๑. อัศวินี, อัสสนี (ดาวม้า ดาวคอม้า ดาวคู่ม้า หรือ ดาวอัศวยุช) มี ๗ ดวง ๒. ภรณี (ดาวก้อนเส้า) มี ๓ ดวง ๓. กฤติกา, กฤตติกา, กัตติกา (ดาวธงสามเหลี่ยม หรือ ดาวลูกไก่) มี ๘ ดวง ๔. โรหิณี (ดาวพราหมี ดาวปลาตะเพียน หรือ ดาวคางหมู) มี ๗ ดวง ๕. มฤคศิระ, มฤคเศียร, มิคสิระ (ดาวหัวเต่า ดาวหัวเนื้อ ดาวศีรษะเนื้อ ดาวศีรษะโค ดาวมฤคศิรัส หรือ ดาวอาครหายณี) มี ๓ ดวง ๖. อารทรา (ดาวอัททา ดาวตัวโค หรือ ดาวตาสำเภา) มี ๑ ดวง ๗. ปุนัพสุ, ปุนัพพสู (ดาวหัวสำเภา ดาวสำเภาทอง ดาวสะเภา ดาวยามเกา หรือ ดาวตาเรือชัย) มี ๓ ดวง ๘. บุษยะ, บุษย์, ปุษยะ, ปุสสะ (ดาวปุยฝ้าย ดาวพวงดอกไม้ ดาวดอกบัว ดาวโลง ดาวปู ดาวสมอสำเภา หรือ ดาวสิธยะ) มี ๕ ดวง ๙. อาศเลษา, อสิเลสะ (ดาวเรือน หรือ ดาวนกอยู่ในปล่อง) มี ๕ ดวง ๑๐. มฆะ, มฆา, มาฆะ (ดาวโคมูตร ดาววานร ดาวงอนไถ หรือ ดาวงูผู้) มี ๕ ดวง ๑๑. บุรพผลคุนี, ปุรพผลคุนี, ปุพพผลคุนี (ดาววัวตัวผู้ หรือ ดาวงูเมีย) มี ๒ ดวง ๑๒. อุตรผลคุนี, อุตตรผลคุนี (ดาวเพดาน หรือ ดาววัวตัวเมีย) มี ๒ ดวง ๑๓. หัสต, หัสตะ, หัฏฐะ (ดาวศอกคู้ หรือ ดาวศีรษะช้าง) มี ๕ ดวง ๑๔. จิตระ, จิตรา (ดาวต่อมนํ้า ดาวไต้ไฟ ดาวตาจระเข้ หรือ ดาวเสือ) มี ๑ ดวง ๑๕. สวาดิ, สวาตี, สวัสติ (ดาวช้างพัง หรือ ดาวงูเหลือม) มี ๕ ดวง ๑๖. วิศาขา, วิสาขะ (ดาวคันฉัตร หรือ ดาวศีรษะกระบือ) มี ๕ ดวง ๑๗. อนุราธ, อนุราธะ, อนุราธา (ดาวประจำฉัตร หรือ ดาวนกยูง) มี ๔ ดวง ๑๘. เชษฐะ, เชษฐา (ดาวงาช้าง ดาวช้างใหญ่ ดาวคอนาค หรือ ดาวแพะ) มี ๑๔ ดวง ๑๙. มูล, มูละ, มูลา (ดาวช้างน้อย หรือ ดาวแมว) มี ๙ ดวง ๒๐. ปุรพษาฒ, บุรพอาษาฒ, บุพพาสาฬหะ (ดาวสัปคับช้าง หรือ ดาวราชสีห์ตัวผู้) มี ๓ ดวง ๒๑. อุตราษาฒ, อุตตรอาษาฒ, อุตตราสาฬหะ (ดาวแตรงอน หรือ ดาวราชสีห์ตัวเมีย) มี ๕ ดวง ๒๒. ศรวณะ, ศระวณ, สาวนะ (ดาวหลักชัย หรือ ดาวพระฤๅษี) มี ๓ ดวง ๒๓. ธนิษฐะ, ธนิษฐา (ดาวศรวิษฐา ดาวเศรษฐี ดาวไซ หรือ ดาวกา) มี ๔ ดวง ๒๔. ศตภิษัช, สตภิสชะ (ดาวพิมพ์ทอง หรือ ดาวยักษ์) มี ๔ ดวง ๒๕. บุรพภัทรบท, ปุพพภัททะ (ดาวโปฐบท ดาวแรดตัวผู้ หรือ ดาวหัวเนื้อทราย) มี ๒ ดวง ๒๖. อุตรภัทรบท, อุตตรภัทรบท, อุตตรภัททะ (ดาวแรดตัวเมีย หรือ ดาวไม้เท้า) มี ๒ ดวง ๒๗. เรวดี (ดาวปลาตะเพียน หรือ ดาวนาง) มี ๑๖ ดวง."
นักษัตร 0,น.,"ดาว, ดาวฤกษ์, มี ๒๗ หมู่ คือ ๑. อัศวินี, อัสสนี (ดาวม้า ดาวคอม้า ดาวคู่ม้า หรือ ดาวอัศวยุช) มี ๗ ดวง ๒. ภรณี (ดาวก้อนเส้า) มี ๓ ดวง ๓. กฤติกา, กฤตติกา, กัตติกา (ดาวธงสามเหลี่ยม หรือ ดาวลูกไก่) มี ๘ ดวง ๔. โรหิณี (ดาวพราหมี ดาวปลาตะเพียน หรือ ดาวคางหมู) มี ๗ ดวง ๕. มฤคศิระ, มฤคเศียร, มิคสิระ (ดาวหัวเต่า ดาวหัวเนื้อ ดาวศีรษะเนื้อ ดาวศีรษะโค ดาวมฤคศิรัส หรือ ดาวอาครหายณี) มี ๓ ดวง ๖. อารทรา (ดาวอัททา ดาวตัวโค หรือ ดาวตาสำเภา) มี ๑ ดวง ๗. ปุนัพสุ, ปุนัพพสู (ดาวหัวสำเภา ดาวสำเภาทอง ดาวสะเภา ดาวยามเกา หรือ ดาวตาเรือชัย) มี ๓ ดวง ๘. บุษยะ, บุษย์, ปุษยะ, ปุสสะ (ดาวปุยฝ้าย ดาวพวงดอกไม้ ดาวดอกบัว ดาวโลง ดาวปู ดาวสมอสำเภา หรือ ดาวสิธยะ) มี ๕ ดวง ๙. อาศเลษา, อสิเลสะ (ดาวเรือน หรือ ดาวนกอยู่ในปล่อง) มี ๕ ดวง ๑๐. มฆะ, มฆา, มาฆะ (ดาวโคมูตร ดาววานร ดาวงอนไถ หรือ ดาวงูผู้) มี ๕ ดวง ๑๑. บุรพผลคุนี, ปุรพผลคุนี, ปุพพผลคุนี (ดาววัวตัวผู้ หรือ ดาวงูเมีย) มี ๒ ดวง ๑๒. อุตรผลคุนี, อุตตรผลคุนี (ดาวเพดาน หรือ ดาววัวตัวเมีย) มี ๒ ดวง ๑๓. หัสต, หัสตะ, หัฏฐะ (ดาวศอกคู้ หรือ ดาวศีรษะช้าง) มี ๕ ดวง ๑๔. จิตระ, จิตรา (ดาวต่อมนํ้า ดาวไต้ไฟ ดาวตาจระเข้ หรือ ดาวเสือ) มี ๑ ดวง ๑๕. สวาดิ, สวาตี, สวัสติ (ดาวช้างพัง หรือ ดาวงูเหลือม) มี ๕ ดวง ๑๖. วิศาขา, วิสาขะ (ดาวคันฉัตร หรือ ดาวศีรษะกระบือ) มี ๕ ดวง ๑๗. อนุราธ, อนุราธะ, อนุราธา (ดาวประจำฉัตร หรือ ดาวนกยูง) มี ๔ ดวง ๑๘. เชษฐะ, เชษฐา (ดาวงาช้าง ดาวช้างใหญ่ ดาวคอนาค หรือ ดาวแพะ) มี ๑๔ ดวง ๑๙. มูล, มูละ, มูลา (ดาวช้างน้อย หรือ ดาวแมว) มี ๙ ดวง ๒๐. ปุรพษาฒ, บุรพอาษาฒ, บุพพาสาฬหะ (ดาวสัปคับช้าง หรือ ดาวราชสีห์ตัวผู้) มี ๓ ดวง ๒๑. อุตราษาฒ, อุตตรอาษาฒ, อุตตราสาฬหะ (ดาวแตรงอน หรือ ดาวราชสีห์ตัวเมีย) มี ๕ ดวง ๒๒. ศรวณะ, ศระวณ, สาวนะ (ดาวหลักชัย หรือ ดาวพระฤๅษี) มี ๓ ดวง ๒๓. ธนิษฐะ, ธนิษฐา (ดาวศรวิษฐา ดาวเศรษฐี ดาวไซ หรือ ดาวกา) มี ๔ ดวง ๒๔. ศตภิษัช, สตภิสชะ (ดาวพิมพ์ทอง หรือ ดาวยักษ์) มี ๔ ดวง ๒๕. บุรพภัทรบท, ปุพพภัททะ (ดาวโปฐบท ดาวแรดตัวผู้ หรือ ดาวหัวเนื้อทราย) มี ๒ ดวง ๒๖. อุตรภัทรบท, อุตตรภัทรบท, อุตตรภัททะ (ดาวแรดตัวเมีย หรือ ดาวไม้เท้า) มี ๒ ดวง ๒๗. เรวดี (ดาวปลาตะเพียน หรือ ดาวนาง) มี ๑๖ ดวง."
นักษัตร 1,น.,ชื่อรอบเวลา กำหนด ๑๒ ปี เป็น ๑ รอบ เรียกว่า ๑๒ นักษัตร โดยกำหนดให้สัตว์เป็นเครื่องหมายในปีนั้น ๆ คือ ชวด-หนู ฉลู-วัว ขาล-เสือ เถาะ-กระต่าย มะโรง-งูใหญ่ มะเส็ง-งูเล็ก มะเมีย-ม้า มะแม-แพะ วอก-ลิง ระกา-ไก่ จอ-หมา กุน-หมู.
นักษัตรจักร 0,น.,แผนที่หมู่ดาวที่ไม่เคลื่อนฐาน.
นักษัตรเนมี 0,น.,ดาวเหนือ.
นักษัตรบดี 0,น.,ดาวพระพุธ.
นักษัตรบถ 0,น.,ฟากฟ้า.
นักษัตรปาฐก 0,น.,นักดาราศาสตร์.
นักษัตรมณฑล 0,น.,ดาวหมู่หนึ่ง ๆ เช่น ดาวจระเข้ ดาวลูกไก่.
นักษัตรมาลา 0,น.,จักรราศีที่ดาวเวียน.
นักษัตรโยค 0,น.,การประจวบแห่ง (พระจันทร์กับ) ดาว.
นักษัตรวิทยา 0,น.,"วิชาดาว, โหราศาสตร์."
นักสนม 0,น.,ภรรยาที่เป็นสามัญชนของพระมหากษัตริย์ ซึ่งไม่ใช่เจ้าจอม เจ้าจอมมารดา หรือพระภรรยาเจ้า.
นักสราช 0,น.,ตำแหน่งคนถือธงท้ายเรือพระที่นั่งพาย. (วชิรญาณ)
นักสราช 1,น.,ตำแหน่งนายขมังธนูอยู่หน้าเรือพระที่นั่ง เพื่อยิงผู้ต้องสงสัยว่าจะเป็นอันตรายต่อพระเจ้าแผ่นดิน ระหว่างเสด็จพระราชดำเนินทางชลมารค.
นักสวด 0,น.,ผู้ชำนาญในการสวด.
นักสิทธิ์ 0,น.,"ผู้สำเร็จ, ฤษี, ลักษณนามว่า ตน."
นักสืบ 0,น.,ผู้ชำนาญในการสืบหาเรื่องราว.
นักหนา 0,ว.,"มากยิ่ง, ยิ่งนัก, หนักหนา ก็ใช้."
นัข 0,น.,"เล็บ, นิ้วมือ เช่น ทศนัข."
นัค 0,น.,ภูเขา.
นัค- 0,ว.,เปลือยกาย เช่น นัคสมณะ ว่า ชีเปลือย.
นัคคะ 0,ว.,เปลือยกาย เช่น นัคสมณะ ว่า ชีเปลือย.
นั่ง 0,ก.,อาการที่หย่อนก้นให้ติดกับพื้นหรือที่รองเช่นเก้าอี้.
นั่งกินนอนกิน 0,ว.,มีความสุขสบายมากโดยไม่ต้องทำมาหากินอะไร.
นั่งขัดตะหมาด 0,ก.,นั่งขัดสมาธิ.
นั่งขัดสมาธิ 0,ก.,"นั่งพับขาทั้ง ๒ ข้างให้แบะลงที่พื้น ให้ปลายเท้าสอดไขว้อยู่ใต้หัวเข่า, (ปาก) นั่งขัดตะหมาด."
นังคัล 0,น.,ไถ เช่น จรดพระนังคัลแรกนาขวัญ.
นั่งคุกเข่า 0,ก.,นั่งโดยวิธีย่อเข่าลงให้ติดพื้น แล้วหย่อนก้นลงบนส้นเท้า.
นั่งซัง 0,ก.,เดินเบี้ยเข้าไปตกในตาซังในการเล่นดวด หมายความว่า ได้ที่มั่นหรือที่สบาย
นั่งซัง 1,ก.,"เข้าอยู่ในที่ซึ่งไม่มีใครจะทำอันตรายได้แล้ว, ขึ้นซัง ก็ว่า."
นั่งทาง 0,ก.,"ดักคอยทำร้ายกลางทาง, นั่งคอยระวังเหตุ."
นั่งทางใน 0,ก.,นั่งเข้าสมาธิเพื่อหยั่งรู้ด้วยพลังจิต.
นั่งเทียน 0,น.,เรียกวิธีทำนายอย่างหนึ่งโดยจุดเทียนติดไว้ที่ขอบปากบาตรเป็นต้นแล้วนั่งเพ่งดูนํ้าในบาตร แล้วทำนายไปตามลักษณะหยดเทียนที่ปรากฏในนํ้านั้น
นั่งเทียน 1,น.,พูดหรือเขียนโดยคิดเดาเอาเอง.
นั่งแท่น 0,ก.,ดำรงตำแหน่งที่มีอำนาจวาสนา.
นั่งในหัวใจ 0,ก.,"รู้ใจ, ทำถูกต้องตรงตามที่ผู้อื่นคิดไว้."
นั่งป่ง 0,ก.,"นั่งบนห้างที่ใช้ไม้ขัดและผูกเป็นแคร่บนต้นไม้หรือบนกอไผ่เพื่อคอยเฝ้าดูหรือยิงสัตว์ที่มากินดินป่ง, นั่งโป่ง ก็ว่า."
นั่งปรก 0,ก.,"นั่งทำใจให้เป็นสมาธิกำกับพระสงฆ์ด้วยกันอีก ๔ รูปซึ่งสวดในพิธีที่มีสวดภาณวาร, นั่งเข้าสมาธิส่งกระแสจิตเข้าไปยังวัตถุมงคลในพิธีต่าง ๆ."
นั่งโป่ง 0,ก.,"นั่งบนห้างที่ใช้ไม้ขัดและผูกเป็นแคร่บนต้นไม้หรือบนกอไผ่เพื่อคอยเฝ้าดูหรือยิงสัตว์ที่มากินดินโป่ง, นั่งป่ง ก็ว่า."
นั่งพับเพียบ 0,ก.,นั่งพับขาทั้ง ๒ ข้าง ให้ปลายเท้าไปทางเดียวกัน.
นั่งเมือง 0,ก.,ครองเมือง.
นั่งยอง ๆ 0,ก.,นั่งโดยวิธีชันเข่าทั้ง ๒ ข้าง ไม่ให้ก้นถึงพื้น.
นั่งร้าน 0,น.,"โครงร่างที่ทำด้วยไม้หรือโลหะ สำหรับนั่งหรือปีนป่ายในการก่อสร้างสิ่งสูง ๆ เช่นพระเจดีย์หรือตึก, ร่างร้าน ก็เรียก."
นั่งร้าน 1,ก.,นั่งขายของอยู่บนยกพื้นเตี้ย ๆ.
นั่งราว 0,ว.,เรียกวิธีการแสดงโขนอย่างหนึ่งซึ่งผู้แสดงแสดงบทของตนบนราวที่ทำด้วยไม้ไผ่ ซึ่งพาดไปตามส่วนยาวของโรงตรงหน้าฉากแทนนั่งเตียง ว่า โขนนั่งราว หรือ โขนโรงนอก.
นั่งเล่น 0,ก.,นั่งพักผ่อน.
นั่งห้าง 0,ก.,นั่งบนห้างที่ผูกขึ้นบนต้นไม้คอยยิงสัตว์.
นัจ 0,น.,การฟ้อนรำ.
นัฏ 0,ก.,ฟ้อนรำ.
นัฏกะ 0,น.,ผู้ฟ้อนรำ.
นัฑ 0,น.,ไม้อ้อ.
นัด 0,ก.,ตกลงกันเพื่อการอย่างใดอย่างหนึ่งตามแต่จะกำหนด.
นัด 1,น.,การกำหนดตกลงว่าจะพบปะกันเป็นต้น เช่น มีนัด ผิดนัด
นัด 2,น.,ลักษณนามเรียกการกำหนดประชุมครั้งหนึ่ง ๆ เช่น ขาดประชุม ๓ นัด
นัด 3,น.,"เรื่อง, ข้อ, เช่น มีพระราชปฏิสันถาร ๓ นัด."
นัด 4,ก.,เป่าหรือสูดให้วัตถุที่เป็นผงอย่างยานัตถุ์เข้าในจมูก เช่น นัดยานัตถุ์.
นัด 5,*น.,ลักษณนามเรียกกระสุนปืนทั้งที่ยังมิได้ยิงและที่ได้ยิงออกไปแล้ว เช่น กระสุน ๓ นัด ยิงสลุต ๒๑ นัด.
นัดดา 0,น.,หลาน (ลูกของลูกชายหรือลูกสาว).
นัดแนะ 0,ก.,นัดและชี้แจงให้กันทราบ.
นัดหมาย 0,ก.,กำหนดและกะกันไว้.
นัดหยุดงาน 0,น.,ลูกจ้างร่วมกันไม่ทำงานชั่วคราวเนื่องจากข้อพิพาทแรงงาน.
นัตถุ์ 0,น.,จมูก.
นั่น 0,ส.,คำใช้แทนนามที่หมายถึงบุคคล สิ่งที่อยู่ห่างออกไป หรือเรื่องที่ไกลตัว เช่น นั่นใคร นั่นอะไร นั่นมันเรื่องของคุณ.
นั่น 1,ว.,ที่อยู่ไกลกว่า นี่ เช่น โต๊ะนั่น ที่นั่น.
นั้น 0,ว.,"ใช้ประกอบนามหรือข้อความที่กล่าวอ้างมาแล้ว เช่น ในจดหมายฉบับนั้น ตามที่ได้กล่าวมาแล้วข้างต้นนั้น, ใช้ประกอบนามที่หมายถึงบุคคล หรือสิ่งที่อยู่ห่างออกไป เช่น คนนั้น สิ่งนั้น, ใช้ประกอบคำอื่นคู่กับคำ ใด แสดงความแน่นอน เช่น คนใด…คนนั้น เมื่อใด…เมื่อนั้น."
นั่นไง 0,*ว.,"คำกล่าวแสดงว่าเหตุการณ์เป็นอย่างที่พูดไว้, (ปาก) คำแสดงการซ้ำเติม เช่น นั่นปะไร ว่าแล้วไม่เชื่อ."
นั่นซี 0,*ว.,คำแสดงการเห็นพ้องด้วย.
นันท- 0,น.,"ความสนุก, ความยินดี, ความรื่นเริง."
นันททายี 0,น.,"ชื่อโคลงโบราณอย่างหนึ่ง บทหนึ่งมี ๔ บาท บาทละ ๗ คำ วรรคหน้ามี ๕ คำ วรรคหลังมี ๒ คำ บังคับสัมผัสคำที่ ๗ ของบาทที่ ๑ สัมผัสกับคำที่ ๔ ของบาทที่ ๒ และคำที่ ๔ ของบาทที่ ๓ คำที่ ๗ ของบาทที่ ๒ สัมผัสกับคำที่ ๕ ของบาทที่ ๔ ไม่บังคับตำแหน่งคำเอกคำโท เช่น พระสุริยทรงเดช เสด็จฉาย หาวหนพรายพรายเรือง รุ่งเร้า ปทุมิกรผายกลีบ รสคลี่ เฉกพระพุทธเจ้า เตือนโลก, คู่กับ มหานันททายี."
นันทน์ 0,น.,"ความสนุก, ความยินดี, ความรื่นเริง."
นันทนาการ 0,น.,"กิจกรรมที่ทำตามสมัครใจในยามว่าง เพื่อให้เกิดความสนุกสนานเพลิดเพลินและผ่อนคลายความตึงเครียด, การสราญใจ."
นันทปักษี 0,น.,ชื่อโรคเด็กอย่างหนึ่ง.
นันทวัน 0,น.,ชื่อสวนของพระอินทร์ ๑ ใน ๔ แห่ง ได้แก่ นันทวัน ปารุสกวัน จิตรลดาวัน และมิสกวัน.
นันทิ 0,น.,ความยินดี.
นั่นน่ะซี 0,*ว.,คำแสดงการเห็นพ้องด้วย.
นั่นแน่ 0,*ว.,คำแสดงการยืนยันการพบเห็นเป็นต้น เช่น นั่นแน่ อยู่ที่นี่เอง นั่นแน่ ว่าแล้วอย่างไรล่ะ.
นั่นปะไร 0,*ว.,"คำกล่าวแสดงว่าเหตุการณ์เป็นอย่างที่พูดไว้, (ปาก) คำแสดงการซ้ำเติม เช่น นั่นปะไร ว่าแล้วไม่เชื่อ."
นั่นเป็นไร 0,*ว.,"คำกล่าวแสดงว่าเหตุการณ์เป็นอย่างที่พูดไว้, (ปาก) คำแสดงการซ้ำเติม เช่น นั่นปะไร ว่าแล้วไม่เชื่อ."
นั้นแล 0,*ว.,คำลงท้ายบอกว่าจบเรื่อง.
นั่นแหละ 0,*ว.,คำแสดงการเน้นให้หนักแน่นยิ่งขึ้น เช่น นั่นแหละ ใช่แล้ว คุณนั่นแหละ.
นั่นเอง 0,*ว.,คำประกอบคำอื่นแสดงการเน้นให้หนักแน่นยิ่งขึ้น เช่น เขานั่นเอง.
นับ 0,ก.,ตรวจหรือบอกให้รู้จำนวน
นับ 1,ก.,ถือเอาว่า เช่น มีเงินนับเป็นน้อง มีทองนับเป็นพี่.
นับถือ 0,ก.,"เชื่อถือยึดมั่น เช่น นับถือศาสนา, เคารพ เช่น นับถือผู้ใหญ่, ยกย่อง เช่น นับถือว่าเป็นครูบาอาจารย์, ใช้เป็นคำลงท้ายจดหมายแสดงความสุภาพว่า ด้วยความนับถือ หรือ ขอแสดงความนับถือ."
นับประสาอะไร 0,ว.,"สำมะหาอะไร, จะพูดไปทำไมมี, จะกล่าวไปทำไม, เช่น ญาติกันแท้ ๆ ยังไม่ช่วย นับประสาอะไรที่คนอื่นจะมาช่วย."
นับหน้าถือตา 0,ก.,เคารพยกย่อง เช่น เขามีคนนับหน้าถือตาอยู่ทั่วไป.
นัย 0,น.,ข้อสำคัญ เช่น นัยแห่งเรื่องนี้
นัย 1,น.,"ความ, ความหมาย, เช่น หลายนัย"
นัย 2,น.,"แนว, ทาง, เช่น ตีความได้หลายนัย"
นัย 3,น.,แง่ เช่น อีกนัยหนึ่ง.
นัยน์ 0,น.,ดวงตา.
นัยน์ตา 0,น.,ดวงตา.
นัยน์เนตร 0,น.,ดวงตา.
นัยนา 0,น.,ดวงตา.
นัยนามพุ 0,น.,นํ้าตา.
นัยว่า 0,ว.,มีเค้าว่า.
นัว 0,ว.,"ยุ่ง, นุง."
นัว 1,ว.,"อร่อย, กลมกล่อม."
นัวเนีย 0,ก.,"เข้าไปใกล้ชิด เช่น เขามานัวเนียกับลูกสาวบ้านนี้, เกี่ยวพันกันยุ่ง เช่น สองตระกูลนี้ลำดับญาติกันไม่ถูก เพราะนัวเนียกันไปหมด."
น้า 0,น.,"น้องชายหรือน้องสาวของแม่, เรียกผู้ที่มีวัยอ่อนกว่าแม่."
นา 0,น.,"พื้นที่ราบทำเป็นคันกั้นนํ้าเป็นแปลง ๆ สำหรับปลูกข้าวเป็นต้น, พื้นที่มีลักษณะคล้ายนาสำหรับทำประโยชน์อื่น ๆ เรียกตามสิ่งที่ทำ เช่น นาเกลือ นากุ้ง, ใช้ประกอบกับคำอื่นที่เกิดหรือเกี่ยวข้องกับนา เช่น เต่านา ปูนา."
น่า 0,ว.,คำประกอบหน้ากริยา หมายความว่า ควร เช่น น่าจะทำอย่างนั้น น่าจะเป็นอย่างนี้
น่า 1,ว.,"ชวนให้, ทำให้อยากจะ, เช่น น่ากิน น่าอยู่."
นา 1,*ว.,คำบทบูรณ์ มักใช้ประกอบท้ายคำบทร้อยกรองให้มีความกระชับหรือสละสลวยขึ้น เช่น กุศลส่งสนองไป ถึงที่ สุขนา (ลอ).
น่า 2,ว.,คำประกอบท้ายความ หมายความไปในทางชักชวนหรือให้ทำตาม เช่น กินเถิดน่า ไปเถิดน่า.
นา 2,น.,"กรมใหญ่กรมหนึ่งในจตุสดมภ์ มีเสนาบดีเป็นผู้บังคับบัญชา มีอำนาจหน้าที่ดูแลรักษานาหลวง เก็บหางข้าวขึ้นฉางหลวง ทำนุบำรุงอาชีพเกษตรกรรมและเก็บค่าภาษีอากรเกี่ยวกับการนั้น รวมทั้งบังคับบัญชาศาลในสังกัดซึ่งมีอำนาจพิจารณาคดีพิพาทเกี่ยวกับที่นาและโคกระบือเป็นต้น, เสนาบดีตำแหน่งตามทำเนียบเดิม คือ เจ้าพระยาเกษตราธิบดีฯ หรือเจ้าพระยาพลเทพฯ, ตราประจำตำแหน่ง คือตราพระพิรุณทรงนาคและตราอื่น ๆ รวม ๙ ดวง."
นา 3,น.,ชื่อปูน้ำจืดชนิด Esanthelphusa dugasti (Rathbun) ในวงศ์ Parathelphusidae กระดองและขาสีม่วงอมดำ ขุดรูอยู่ตามท้องนา ถ้านำมาดองน้ำเกลือ เรียก ปูดอง.
นาก 0,น.,ชื่อสัตว์เลี้ยงลูกด้วยนมในวงศ์ Mustelidae ขนลำตัวสีนํ้าตาลอมเทา มี ๒ ชั้น ชั้นในละเอียด ชั้นนอกหยาบ หัวกว้างและแบน ระหว่างนิ้วมีแผ่นพังผืดคล้ายตีนเป็ด หางแบน ขาหลังใหญ่และแข็งแรงกว่าขาหน้า ใช้ว่ายนํ้าร่วมกับหาง ไล่จับปลาและสัตว์นํ้าเล็ก ๆ ในประเทศไทยมี ๔ ชนิด ที่มีจำนวนมากและรู้จักกันทั่วไป คือ นากใหญ่ขนเรียบ (Lutra perspicillata Geoffroy) และนากเล็กเล็บสั้น [Aonyx cinerea (Illiger)].
นาก 1,น.,โลหะผสมชนิดหนึ่ง โดยเอาทองคำ เงิน กับทองแดงผสมเข้าด้วยกัน นิยมใช้ทำรูปพรรณต่าง ๆ.
นาก 2,ว.,เรียกสีอย่างสีทองปนแดง เช่น ชมพู่สีนาก.
นากบุด 0,น.,ชื่อไม้ต้นขนาดใหญ่ชนิด Mesua nervosa Planch. et Triana ในวงศ์ Guttiferae กลีบดอกสีขาว มีเกสรเพศผู้สีเหลืองจำนวนมาก.
นากสวาด 0,ว.,"เรียกสีสวาดชนิดที่มีสีนากเจือ, เรียกสีเนื้อโลหะพระพุทธรูปที่มีสีแดงอมส้ม."
นากาสาหรี 0,น.,ดอกสารภี.
น่าเกลียดน่าชัง 0,ว.,น่ารักน่าเอ็นดู (ใช้แก่เด็กเล็ก ๆ).
นาขอบเหล็ก 0,น.,"นาชนิดที่ไม่มีทางจะบุกเบิกออกไปได้อีก, นาเชิงทรง ก็ว่า."
นาค 0,น.,งูใหญ่มีหงอน เป็นสัตว์ในนิยาย.
นาค- 0,น.,งูใหญ่มีหงอน เป็นสัตว์ในนิยาย.
นาค 1,น.,ชื่อชนเผ่าหนึ่งอยู่ในบริเวณเทือกเขานาค ทางตะวันออกเฉียงเหนือของประเทศอินเดีย และทางตะวันตกเฉียงเหนือของประเทศพม่า มีหลายสาขา เช่น อาโอนาค กูกินาค.
นาค- 1,น.,ช้าง.
นาค 2,น.,ช้าง.
นาค 3,น.,ไม้กากะทิง.
นาค 4,น.,"ผู้ประเสริฐ, ผู้ไม่ทำบาป"
นาค 5,น.,เรียกคนที่ไปอยู่วัดเตรียมตัวจะบวชหรือกำลังจะบวช.
นาคเกี่ยว 0,น.,ชื่อเพลงไทย อัตรา ๒ ชั้น หน้าทับปรบไก่
นาคเกี่ยว 1,น.,ชื่อเพลงไทยประเภทเพลงเถา.
นาคเกี้ยว 0,น.,ชื่อเพลงไทย อัตรา ๒ ชั้น หน้าทับปรบไก่
นาคเกี้ยว 1,น.,ชื่อเพลงไทยประเภทเพลงเถา.
นาคเกี้ยวกระหวัด 0,น.,ชื่อกลอนกลบทแบบหนึ่ง กำหนดให้ ๒ คำต้นของวรรคต่อไปซ้ำกับ ๒ คำสุดท้ายของวรรคหน้า โดยให้สลับคำกัน เช่น พระปิตุรงค์ฟังบุตรเห็นสุดห้าม ห้ามสุดความคิดบุตรเห็นสุดหาญ หาญสุดไม่หยุดยั้งจะรั้งราญ ราญรั้งนานแน่วเนตรสังเวชบุตร (ศิริวิบุลกิตติ์).
นาคเกี่ยวพระสุเมรุ 0,น.,ชื่อเพลงไทย อัตรา ๒ ชั้น หน้าทับปรบไก่
นาคเกี่ยวพระสุเมรุ 1,น.,ชื่อเพลงไทยประเภทเพลงเถา.
นาคทนต์ 0,น.,งาช้าง.
นาคบริพัตร 0,น.,ชื่อเพลงไทย อัตรา ๒ ชั้น หน้าทับปรบไก่ มีท่อนเดียว ๔ จังหวะ เรียกอีกชื่อหนึ่งว่า เขมรโล้เรือ.
นาคบริพันธ์ 0,น.,ชื่อกลอนกลบทแบบหนึ่ง กำหนดให้ ๒ คำต้นของวรรคต่อไปซ้ำกับ ๒ คำสุดท้ายของวรรคหน้า โดยให้สลับคำกัน เช่น พระปิตุรงค์ฟังบุตรเห็นสุดห้าม ห้ามสุดความคิดบุตรเห็นสุดหาญ หาญสุดไม่หยุดยั้งจะรั้งราญ ราญรั้งนานแน่วเนตรสังเวชบุตร (ศิริวิบุลกิตติ์).
นาคบริพันธ์ 1,น.,ชื่อเพลงไทยประเภทเพลงเถา แต่งขยายขึ้นจากเพลงอัตรา ๒ ชั้น ชื่อ นาคบริพัตรหรือเขมรโล้เรือ.
นาคบาศ 0,น.,ชื่อศรของอินทรชิตที่แผลงไปเป็นบ่วงนาค.
นาคเบือน 0,น.,ตัวไม้ที่สลักเป็นรูปศีรษะนาคหันออกทางด้านหน้า ใช้ปักบนปลายสันหลังคาปราสาทหรือบุษบก หรือปลายนาคสะดุ้งสำหรับปราสาท.
นาคปรก 0,น.,ชื่อพระพุทธรูปปางหนึ่ง อยู่ในพระอิริยาบถนั่งขัดสมาธิ หงายพระหัตถ์ทั้งสอง วางซ้อนกันบนพระเพลา มีพญานาคแผ่พังพานปกเหนือพระเศียร ที่สร้างเป็นแบบขัดสมาธิเพชรก็มี มี ๒ แบบ แบบหนึ่งประทับนั่งสมาธิบนขนดพญานาค อีกแบบหนึ่งประทับนั่งสมาธิภายในวงขนดพญานาค คือพญานาคขดตัวล้อมพระกายไว้ถึงพระอังสา เพื่อป้องกันลมฝน.
นาคปัก 0,น.,รูปหัวนาคที่ปักบนหลังคาปราสาทหรือบุษบก.
นาคพันธ์ 0,น.,"ชื่อโคลงกลบทแบบหนึ่ง กำหนดให้ ๒ คำต้นของบาทถัดไป ซ้ำกับ ๒ คำท้ายของบาทหน้า โดยให้สลับคำกัน เช่น (จินดามณี), สนธิอลงกต ก็ว่า."
นาคร 0,น.,"ชาวนคร, ชาวกรุง."
นาครวย 0,น.,ตัวไม้ที่ทำอย่างตัวนาค ทอดตรงลงมาจากอกไก่ถึงแปหาญ ทั้ง ๒ ข้างของหน้าบัน.
นาคราช 0,น.,พญางู
นาคราช 1,น.,"ชื่อเพลงไทย อัตราชั้นเดียว เรียกว่า ไส้เดือนฉกจวัก, เมื่อแต่งขยายขึ้นเป็นอัตรา ๒ ชั้น เรียกว่า นาคราช ๒ ชั้นหรือนาคราชแผ่พังพาน เมื่อแต่งขยายขึ้นเป็นอัตรา ๓ ชั้น เรียกว่า นาคราชแผลงฤทธิ์หรือไส้พระจันทร์ เมื่อนำมาทำเป็นเพลงเถา เรียกว่า ไส้พระจันทร์ เถา หรือนาคราชแผลงฤทธิ์ เถา."
นาคราช 2,น.,งูใหญ่มีหงอน เป็นสัตว์ในนิยาย.
นาคราช 3,น.,ชื่อเฟินหลายชนิดในสกุล Davallia วงศ์ Davalliaceae ลำต้นสีนํ้าตาลแซมดำเป็นเกล็ดคล้ายเกล็ดงู ใช้ทำยาได้ เช่น ชนิด D. denticulata (Burm.f.) Mett. ex Kuhn.
นาคราชแผ่พังพาน 0,น.,"ชื่อเพลงไทย อัตราชั้นเดียว เรียกว่า ไส้เดือนฉกจวัก, เมื่อแต่งขยายขึ้นเป็นอัตรา ๒ ชั้น เรียกว่า นาคราช ๒ ชั้นหรือนาคราชแผ่พังพาน เมื่อแต่งขยายขึ้นเป็นอัตรา ๓ ชั้น เรียกว่า นาคราชแผลงฤทธิ์หรือไส้พระจันทร์ เมื่อนำมาทำเป็นเพลงเถา เรียกว่า ไส้พระจันทร์ เถา หรือนาคราชแผลงฤทธิ์ เถา."
นาคราชแผลงฤทธิ์ 0,น.,"ชื่อกลอนกลบทแบบหนึ่ง กำหนดให้วรรคหนึ่งมี ๘ คำ บังคับซ้ำเสียงพยัญชนะ ๓ คำ คือ คำท้ายวรรค (คำที่ ๖, ๗ และ ๘) กับ ๓ คำต้นวรรคถัดไป (คำที่ ๑, ๒ และ ๓) และซ้ำเสียงสระวรรคละ ๓ คู่ ในคำที่ ๓ กับ ๔ คำที่ ๕ กับ ๗ และคำที่ ๘ กับคำที่ ๑ ในวรรคถัดไป เช่น กรุงกระษัตริย์ตรัสฟังแค้นคั่งจิตร คิดแค้นใจไหวหวิดในจิตรฉงน จนฉงายกายไฉงใจร้อนรน จนร้าวราญการกระมลจิตรวนเวียน (ศิริวิบุลกิตติ์)."
นาคราชแผลงฤทธิ์ 1,น.,"ชื่อเพลงไทย อัตราชั้นเดียว เรียกว่า ไส้เดือนฉกจวัก, เมื่อแต่งขยายขึ้นเป็นอัตรา ๒ ชั้น เรียกว่า นาคราช ๒ ชั้นหรือนาคราชแผ่พังพาน เมื่อแต่งขยายขึ้นเป็นอัตรา ๓ ชั้น เรียกว่า นาคราชแผลงฤทธิ์หรือไส้พระจันทร์ เมื่อนำมาทำเป็นเพลงเถา เรียกว่า ไส้พระจันทร์ เถา หรือนาคราชแผลงฤทธิ์ เถา."
นาคลดา 0,น.,"เถาวัลย์งู, เถาพลู."
นาคเล่นน้ำ 0,น.,"นํ้าที่พุ่งเป็นลำขึ้นไปในอากาศเนื่องจากลมงวง, พวยนํ้า ก็ว่า."
นาควิถี 0,น.,"ทางที่พระจันทร์โคจรไปในระหว่างดาวสวาดิ (หรือ อัศวินี) ภรณี และกฤติกา, ทางที่พระอาทิตย์โคจรในฤดูฝน."
นาคสะดุ้ง 0,น.,ตัวไม้ที่ทำอย่างตัวนาค ทอดต่อลงมาจากแปหาญถึงหางหงส์ทั้ง ๒ ข้างของหน้าบัน โบราณเรียกว่า เครื่องสะดุ้ง.
นาคสังวัจฉระ 0,น.,ปีมะโรง.
นาคา 0,น.,ชื่อชนเผ่าหนึ่งอยู่ในบริเวณเทือกเขานาค ทางตะวันออกเฉียงเหนือของประเทศอินเดีย และทางตะวันตกเฉียงเหนือของประเทศพม่า มีหลายสาขา เช่น อาโอนาค กูกินาค.
นาคา 1,น.,งู.
นาคาม้วนหาง 0,น.,ชื่อท่ารำแบบหนึ่ง โดยมือข้างหนึ่งจีบหงาย งอข้อศอกหักข้อมือเข้าหาแง่ศีรษะ มืออีกข้างจีบหงายระดับชายพก เอียงศีรษะข้างเดียวกับมือต่ำ.
นาคาวโลก 0,น.,ชื่อพระพุทธรูปปางหนึ่ง อยู่ในพระอิริยาบถยืน พระหัตถ์ซ้ายห้อยเยื้องมาข้างหน้าประทับไว้ที่พระเพลาข้างซ้าย พระหัตถ์ขวาห้อยลงข้างพระองค์ตามปรกติ เอี้ยวพระกายผินพระพักตร์ไปทางซ้าย (เป็นกิริยาทอดพระเนตรพระนครไพศาลีอย่างไว้อาลัย ด้วยจะเป็นการเห็นครั้งสุดท้าย).
นาคินทร์ 0,น.,"พญาช้าง, พญางู."
นาคี 0,น.,งู เช่น นาคีมีพิษเพี้ยง สุริโย (โลกนิติ).
นาคี 1,น.,ช้าง เช่น ขี่ยาตรานาคี (ตะเลงพ่าย).
นาคู่โค 0,น.,นาที่ได้ทำมาแล้วนาน เป็นนาดี ทำแล้วไม่ใคร่เสีย.
นาเคนทร์ 0,น.,"พญาช้าง, พญางู."
นาเคศ 0,น.,"พญาช้าง, พญางู."
นาเคศวร 0,น.,"พญาช้าง, พญางู."
นาโครคินทระ 0,น.,พญานาค เช่น อันว่าพระญานาโครคินทรกคำนึง (นันโท).
นาง 0,น.,คำประกอบหน้าคำเพื่อแสดงว่าเป็นเพศหญิง เช่น นางฟ้า นางบำเรอ นางละคร นางพระกำนัล
นาง 1,น.,คำแทนชื่อหญิง เช่น นางก็ร้อยพวงมาลัย
นาง 2,น.,คำนำหน้าชื่อหญิงซึ่งจดทะเบียนสมรส แต่หญิงซึ่งจดทะเบียนสมรสแล้วจะใช้คำนำหน้าชื่อว่า นางสาว ต่อไปก็ได้
นาง 3,น.,คำนำหน้าชื่อภรรยาที่เรียกตามราชทินนามของสามีที่มีบรรดาศักดิ์ตํ่ากว่าพระยาลงมา เช่น นางมหาเทพกษัตรสมุห (บรรเลง สาคริก)
นาง 4,น.,คำเรียกหรือคำนำหน้าชื่อหญิงที่มีพฤติกรรมไม่ดีหรือน่ารังเกียจเป็นต้น เช่น นางแพศยา มักออกเสียงสั้นว่า นัง เป็น นังแพศยา
นาง 5,น.,คำเรียกสัตว์ตัวเมียโดยสุภาพ เช่น นางช้าง นางม้า
นาง 6,น.,ใช้แทนคำว่า อี ที่เป็นพยางค์ต้นของบางคำเพื่อความสุภาพ เช่น หอยนางรม นกนางแอ่น ตุ่มนางเลิ้ง (ดู อี)
นาง 7,น.,"ชื่อหนึ่งของดาวฤกษ์เรวดี มี ๑๖ ดวง เห็นเป็นรูปผู้หญิงท้อง, ดาวปลาตะเพียน ก็เรียก."
นาง 8,น.,คำนำหน้าชื่อเพลงไทย เช่น นางครวญ นางนาค นางนก.
นาง 9,น.,"ชื่อปลานํ้าจืดไม่มีเกล็ด พวกปลาเนื้ออ่อน ชนิด Phalacronotus bleekeri (Günther)หรือ Micronema bleekeri (Günther) ปากเชิดขึ้น มีหนวด ๒ คู่ หนวดที่ขากรรไกรบนยาวไม่ถึงขอบแผ่นปิดเหงือก หนวดที่ขากรรไกรล่างสั้นมากคล้ายปลาน้ำเงิน แต่มีกลุ่มฟันที่กระดูกฐานจมูกเรียงเป็นแถบมีมุมแหลมคล้ายหัวลูกศร ลำตัวมีสีเงินอมแดงหรือชมพู ไม่มีครีบหลัง ครีบก้นใสไม่มีสี อาศัยอยู่ตามแม่น้ำลำคลองหรือแหล่งน้ำนิ่งขนาดใหญ่ที่มีความเป็นธรรมชาติ กินสัตว์อื่น, เนื้ออ่อน นาง ชะโอน หรือ เกด ก็เรียก."
นางกราย 0,น.,"ท่ารำชนิดหนึ่งที่หมอช้างรำเมื่อนำช้างบำรูงาเสร็จครั้งแรกแล้ว, ชื่อการฟันขอช้างแบบหนึ่งสำหรับบังคับช้าง."
นางกล่อมตัว 0,น.,ชื่อท่ารำแบบหนึ่ง โดยมือทั้งสองตั้งวง ระดับชายพก เอียงศีรษะข้างใดก็ได้.
นางกลางเมือง 0,น.,"หญิงที่หาเลี้ยงชีพด้วยการค้าประเวณี, โสเภณี หญิงโสเภณี นครโสเภณี หญิงนครโสเภณี หรือ หญิงงามเมือง ก็ว่า."
นางกวัก 0,น.,เครื่องรางชนิดหนึ่ง ทำเป็นรูปหญิงนั่งพับเพียบ มือซ้ายถือถุงเงินวางบนตัก มือขวายกขึ้นเสมอตา แสดงอาการกวักมือ มักแกะสลักด้วยไม้โพ ที่ปั้นหล่อด้วยโลหะก็มี ทำขึ้นด้วยความเชื่อว่าทำให้ค้าขายดี.
นางกวัก 1,น.,ดูใน นาง ๑.
นางกวัก 2,น.,"ชื่อไม้ล้มลุกมีหัวใต้ดินชนิด Eucharis grandiflora Planch. et Linden. ในวงศ์ Amaryllidaceae ดอกสีขาว กลิ่นหอมในตอนเย็น นิยมปลูกไว้ในบ้านโดยเชื่อว่านำโชคลาภมาให้, ว่านนางกวัก ก็เรียก."
นางกำนัล 0,น.,หญิงชาววัง มีหน้าที่รับใช้พระมหากษัตริย์.
นางเกล็ด 0,น.,"ชื่อปลาน้ำจืดขนาดเล็กถึงขนาดกลางชนิด Thynnichthys thynnoides (Bleeker) ในวงศ์ Cyprinidae ปากเล็กอยู่ปลายสุดของหัว ไม่มีหนวด ลำตัวเพรียว แบนข้างเล็กน้อย เกล็ดเล็กมาก พื้นลำตัวสีเงินเป็นประกาย พบทั่วไป แต่มีชุกชุมในเขตภาคกลางของประเทศไทย ยาวได้ถึง ๒๕ เซนติเมตร, นางเกล็ด พรม หรือ ลิง ก็เรียก."
นางงาม 0,น.,หญิงสาวที่ชนะการประกวดความงาม.
นางจรัล 0,น.,"เสาที่ปักรายเป็นแถว ไว้ระยะแต่ละต้นห่างกันพอสมควร สำหรับแสดงแนวถนนหรือกั้นเขต, นางเรียง ก็ว่า."
นางจุม 0,น.,"ชื่อไม้พุ่มรอเลื้อยชนิด Olax psittacorum (Willd.) Vahl ในวงศ์ Olacaceae ตามลำต้นมีหนามห่าง ๆ ใบรูปไข่หรือรี ๆ ดอกเล็ก สีขาว อยู่เป็นกระจุกที่ง่ามใบ ผลกลมหรือรีขนาดเท่าเม็ดบัวเขื่อง ๆ เป็นสมุนไพรที่รู้จักกันทั่วไป, นํ้าใจใคร่ นางจุม หรือ นางชม ก็เรียก, อุดรเรียก เยี่ยวงัว."
นางชม 0,น.,"ชื่อไม้พุ่มรอเลื้อยชนิด Olax psittacorum (Willd.) Vahl ในวงศ์ Olacaceae ตามลำต้นมีหนามห่าง ๆ ใบรูปไข่หรือรี ๆ ดอกเล็ก สีขาว อยู่เป็นกระจุกที่ง่ามใบ ผลกลมหรือรีขนาดเท่าเม็ดบัวเขื่อง ๆ เป็นสมุนไพรที่รู้จักกันทั่วไป, นํ้าใจใคร่ นางจุม หรือ นางชม ก็เรียก, อุดรเรียก เยี่ยวงัว."
นางดำ 0,น.,"ชื่อไม้ต้น ๓ ชนิดในสกุล Dialium วงศ์ Leguminosae ผลมีเมล็ดเดียว เมื่อแก่เปลือกกรอบสีดำ เนื้อหุ้มเมล็ดสีนํ้าตาล รสเปรี้ยวอมหวาน คือ ชนิด D. indicum L. ลูกหยีที่เป็นของกินเล่นส่วนใหญ่เป็นผลของต้นนี้, กาหยีเขา ก็เรียก, หยีท้องบึ้ง (D. platysepalumBaker), และชนิด D. cochinchinense Pierre ชนิดหลังนี้ เขลง ก็เรียก, อีสานเรียก นางดำ."
นางตานี 0,น.,ผีผู้หญิงที่เชื่อว่าสิงอยู่ที่ต้นกล้วยตานี.
นางแต่งตัวสะ 0,น.,"หญิงสาววัยรุ่นแต่งตัวใส่เกี้ยว นุ่งผ้าลายพื้นเขียว ห่มผ้าแพรพื้นแดง เดินประนมมือตามกระบวนแห่เต็มยศขนาบพระราชยานในพระราชพิธีโสกันต์, นางสะ หรือ สาวสะ ก็เรียก."
นางท้าว 0,น.,ตำแหน่งหญิงอาวุโส ซึ่งเป็นเจ้าจอม เจ้าจอมมารดาในรัชกาลก่อน หรือหญิงราชนิกุล ซึ่งพระมหากษัตริย์โปรดเกล้าฯ ตั้งไว้ในตำแหน่งสำหรับดูแลราชกิจฝ่ายในพระราชวัง
นางท้าว 1,น.,นางพญา.
นางนม 0,น.,"หญิงที่ให้นมเด็กอื่นกินนมของตนแทนแม่ของเด็กนั้น, นางนม ก็เรียก, เรียกสั้น ๆ ว่า นม, ราชาศัพท์ว่า พระนม."
นางนวล 0,น.,"ชื่อนกขนาดกลาง วงศ์ย่อย Larinae ในวงศ์ Laridae มี ๒ กลุ่ม คือ นางนวลใหญ่ มีปลายปากเป็นปากขอเล็กน้อย ตัวใหญ่ แข็งแรง ส่วนใหญ่สีขาวเทา ปีกกว้าง ปลายหางมน กินปลาและสัตว์น้ำโดยโฉบกินตามผิวนํ้าหรือรวมฝูงกันจับขณะว่ายนํ้า ในประเทศไทยพบประมาณ ๒๐ ชนิด เช่น นางนวลธรรมดา (Larus brunnicephalus Jerdon) นางนวลขอบปีกขาว (L. ridibundusLinn.), และนางนวลแกลบ ตัวเล็กกว่านางนวลใหญ่ ปลายปากแหลม ปลายหางเว้าตื้น เว้าลึก หรือเป็นแฉก กินปลาและสัตว์นํ้าขนาดเล็กโดยดำลงไปจับเหยื่อหรือโฉบกินตามผิวนํ้า มักไม่ว่ายนํ้าเหมือนนางนวลใหญ่ มีหลายชนิด เช่น นางนวลแกลบเล็ก [Sterna albifrons (Pallas)] นางนวลแกลบเคราขาว [Chlidonias hybrida (Pallas)] นางนวลแกลบปากหนา [Gelochelidon nilotica (Gmelin)]."
นางนูน 0,น.,"ชื่อไม้เถามีหัวชนิด Adenia heterophylla (Blume) Koord. และชนิด A. viridiflora Craib ในวงศ์ Passifloraceae ขึ้นปกคลุมต้นไม้ตามป่าทั่วไป ทุกส่วนเป็นพิษ ยอดอ่อนดองหรือทำให้สุกแล้วกินได้, นางนูน หรือ ผักสาบ ก็เรียก."
นางแนบ 0,น.,"เสาหินคู่หนึ่ง สลักลวดลายตั้งแนบกรอบเช็ดหน้า สำหรับประดับตกแต่ง ๒ ข้างประตูปราสาทหินให้ดูงดงาม และมีส่วนช่วยค้ำจุนทับหลังด้วย, บังอวด ก็ว่า."
นางใน 0,น.,สตรีที่รับราชการในราชสำนัก เช่น สนมกำนัล คุณพนักงาน.
นางบำเรอ 0,น.,หญิงที่ปรนเปรอเฉพาะชายคนใดคนหนึ่งในทางกามารมณ์โดยมิได้อยู่ในฐานะภรรยา.
นางแบบ 0,น.,ผู้หญิงที่แสดงแบบเสื้อหรือเครื่องประดับเป็นต้น.
นางพญา 0,น.,"พระราชินี, นางผู้เป็นใหญ่."
นางพระกำนัล 0,น.,คุณพนักงานหญิงที่ยังมิได้แต่งงาน มีหน้าที่ปฏิบัติรับใช้พระมหากษัตริย์และเจ้านาย.
นางฟ้า 0,น.,นางในเทพนิยายที่ถือว่าอยู่บนสวรรค์.
นางเมือง 0,น.,"มเหสี, พระชายา."
นางไม้ 0,น.,ผีผู้หญิงที่เชื่อว่าสิงอยู่ตามต้นไม้ใหญ่มีต้นตะเคียนเป็นต้น.
นางแย้ม 0,น.,"ชื่อไม้พุ่มชนิด Clerodendrum chinense (Osbeck) Mabb. ในวงศ์ Labiatae ใบออกตรงข้ามกัน โคนใบเว้าแบบหัวใจ ขอบใบหยัก มีขนเล็กน้อย ดอกเป็นช่อสั้น ๆ เบียดกันแน่น กลีบดอกมักซ้อน สีขาวหรือแดงเรื่อ ๆ กลิ่นหอม, ปิ้งหอม ก็เรียก."
นางรม 0,น.,"ชื่อหอยทะเลกาบคู่หลายชนิดในวงศ์ Ostreidae รูปเปลือกค่อนข้างกลม ยาวรี หรือบิดเบี้ยวตามพื้นที่ที่ติดอยู่ ส่วนใหญ่มีสีเทา เปลือกล่างเป็นแอ่งคล้ายรูปถ้วยยึดติดกับวัสดุที่ใช้เป็นอาหาร เช่น ชนิด Saccostrea forskali (Gmelin), อีรม ก็เรียก."
นางรม 1,น.,"ชื่อเห็ดชนิด Pleurotus ostreatus (Fr.) Quél. ในวงศ์ Polyporaceae ขึ้นเป็นกลุ่มบนขอนไม้ โคนก้านดอกติดกัน มีหลายพันธุ์ ดอกเห็ดสีขาวหรือขาวอมเทา เนื้อนุ่ม กินได้, ชื่อที่ถูกต้องคือ เห็ดหอยนางรม."
นางรมใหญ่ 0,น.,"ชื่อหอยทะเลกาบคู่หลายชนิด ในวงศ์ Ostreidae ลักษณะเหมือนหอยนางรม แต่มีขนาดใหญ่กว่า เปลือกขรุขระ สีขาวคล้ำ เช่น ชนิด Crassostrea iredalei (Faustino), C. belcheri (Sowerby), นางรมใหญ่ ก็เรียก."
นางรอง 0,น.,ตัวรองฝ่ายหญิงในการแสดงละครหรือภาพยนตร์เป็นต้น.
นางร้องไห้ 0,น.,หญิงผู้ดี มีฐานะเป็นเจ้าจอม เจ้าจอมมารดาในพระมหากษัตริย์ที่สวรรคต ได้รับการจัดมาร้องไห้หน้าพระบรมโกศซึ่งทรงพระบรมศพเป็นการอาลัย.
นางรำ 0,น.,"ชื่อไม้พุ่มชนิด Codariocalyx motorius (Houtt.) H. Ohashi ในวงศ์ Leguminosae ใบเป็นใบประกอบ มีใบย่อย ๓ ใบ ใบคู่ล่างเล็กกว่าและกระดิกไหวไปมาได้, ช้อยนางรำ ช้อยช่างรำ หรือ นางรำ ก็เรียก."
นางเรียง 0,น.,"เสาที่ปักรายเป็นแถว ไว้ระยะแต่ละต้นห่างกันพอสมควร สำหรับแสดงแนวถนนหรือกั้นเขต, นางจรัล ก็ว่า."
นางล้อม 0,น.,"ชื่อไม้ล้มลุกมีหัวใต้ดินชนิด Proiphys amboinensis (L.) Herb. ในวงศ์ Amaryllidaceae เชื่อว่าป้องกันขโมยได้, ว่านนางล้อม ก็เรียก."
นางล้อม 1,น.,ชื่อกกชนิดหนึ่ง.
นางเล็ด 0,น.,ชื่อขนมชนิดหนึ่ง ทำด้วยข้าวเหนียวนึ่ง แผ่เป็นแผ่นกลม ตากแห้ง ทอดนํ้ามันให้พองแล้วโรยนํ้าตาลปึกเคี่ยว.
นางเลิ้ง 0,น.,"หม้อขนาดใหญ่สำหรับใส่นํ้า. (ปรัดเล), ตุ่ม."
นางโลม 0,น.,หญิงโสเภณี.
นางสนองพระโอษฐ์ 0,น.,คุณพนักงานหญิงที่แต่งงานแล้ว มีหน้าที่รับพระราชเสาวนีย์ไปปฏิบัติหรือเชิญพระราชเสาวนีย์ไปติดต่อข้อราชการตามพระราชประสงค์ของพระราชินี เป็นตำแหน่งที่ทรงพระกรุณาโปรดเกล้าโปรดกระหม่อมแต่งตั้ง.
นางสะ 0,น.,"หญิงสาววัยรุ่นแต่งตัวใส่เกี้ยว นุ่งผ้าลายพื้นเขียว ห่มผ้าแพรพื้นแดง เดินประนมมือตามกระบวนแห่เต็มยศขนาบพระราชยานในพระราชพิธีโสกันต์, นางแต่งตัวสะ หรือ สาวสะ ก็เรียก."
นางสาว 0,น.,คำนำหน้าชื่อหญิงที่มีอายุตั้งแต่ ๑๕ ปีบริบูรณ์ขึ้นไป และยังไม่ได้จดทะเบียนสมรส แต่หญิงซึ่งจดทะเบียนสมรสแล้วหรือหญิงซึ่งเป็นหม้าย ก็มีสิทธิใช้คำนำหน้าชื่อว่า นางสาว ได้.
นางหงส์ 0,น.,ชื่อวงปี่พาทย์ไทยที่ผสมวงอีกแบบหนึ่ง ประกอบด้วยปี่ชวาและกลองมลายู สำหรับบรรเลงในงานศพ
นางหงส์ 1,น.,"ชื่อเพลงไทยใช้ประโคมศพ, ชื่อเพลงไทยประเภทเพลงเรื่อง แล้วออกเพลงภาษาตอนท้าย."
นางห้าม 0,น.,"สตรีผู้เนื่องในพระราชวงศ์หรือสตรีสามัญที่เป็นภรรยาของเจ้านาย, เดิมเรียกว่า ห้าม ต่อมาเรียกว่า นางห้าม หม่อมห้าม และ หม่อม ตามลำดับ."
นางอ้อม 0,น.,คร่าวเสาเพนียด.
นางอาย 0,น.,"ชื่อสัตว์เลี้ยงลูกด้วยนมชนิด Nycticebus coucang (Boddaert) ในวงศ์ Lorisidae ขนนุ่มหนาสีเทามีลายสีน้ำตาล ตากลมโต ขาหน้าและขาหลังสั้นแต่แข็งแรง เล็บแบน แต่นิ้วชี้ของขาหลังมีเล็บยาวโค้งแหลมเห็นได้ชัด นิ้วชี้ของขาหน้าสั้นกว่านิ้วอื่น ๆ ดูคล้ายติ่ง หางสั้นมาก เคลื่อนไหวเชื่องช้าและนอนในเวลากลางวัน แต่ว่องไวเมื่อออกหากินในเวลากลางคืน จับเหยื่อได้ไวมาก กินแมลง สัตว์เล็ก ๆ และผลไม้, นางอาย หรือ ลิงจุ่น ก็เรียก."
นางอ้าว 0,น.,"ชื่อปลาน้ำจืดชนิด Raiamas guttatus (Day) ในวงศ์ Cyprinidae ลำตัวยาว เพรียว แบนข้างเล็กน้อย จะงอยปากแหลมยาวล้ำขากรรไกรล่าง ปากกว้าง ตาเล็กอยู่ค่อนไปทางปลายหัว เกล็ดเป็นแบบเกล็ดเรียบ เส้นข้างตัวพาดต่ำ ๆ ใกล้แนวสันท้อง ครีบหลังอยู่ท้ายแนวกึ่งกลางลำตัวและมีก้านครีบ ๙-๑๑ ก้าน ครีบก้นอยู่คล้อยไปข้างท้ายของลำตัวและมีก้านครีบ ๑๓-๑๔ ก้าน ครีบอกอยู่ใกล้แนวสันท้อง ส่วนครีบท้องอยู่ในแนวหน้าครีบหลัง ครีบหางเป็นแฉกลึก บริเวณข้างลำตัวมีจุดสีน้ำเงินดำเรียบเป็นแถวยาวในแนวระดับตา ต่ำลงไปเหนือส่วนท้องจะเป็นจุดประกระจายทั่วไป ครีบต่าง ๆ มีสีอมเหลือง แพนหางตอนล่างมีแถบสีดำพาดตามยาวอยู่ที่ขอบด้านใน พบในเขตต้นน้ำหรือแม่น้ำที่มีพื้นเป็นกรวดทรายน้ำไหลแรงในทุกภาค ขนาดยาวได้ถึง ๒๘ เซนติเมตร, นางอ้าว อ้าว หรือ อ้ายอ้าว ก็เรียก."
นางเอก 0,น.,ตัวเอกฝ่ายหญิงในการแสดงละครหรือภาพยนตร์เป็นต้น.
นางแอ่น 0,น.,นกอีแอ่น. (ดู อีแอ่น).
นาเชิงทรง 0,น.,"นาชนิดที่ไม่มีทางจะบุกเบิกออกไปได้อีก, นาขอบเหล็ก ก็ว่า."
นาฏ 0,น.,"นางละคร, นางฟ้อนรำ, ใช้ประกอบกับคำอื่น หมายความว่า หญิงสาวสวย เช่น นางนาฏ นุชนาฏ."
นาฏ- 0,น.,"นางละคร, นางฟ้อนรำ, ใช้ประกอบกับคำอื่น หมายความว่า หญิงสาวสวย เช่น นางนาฏ นุชนาฏ."
นาฏกรรม 0,น.,การละครหรือการฟ้อนรำ
นาฏกรรม 1,น.,งานเกี่ยวกับการรำ การเต้น การทำท่า หรือการแสดงที่ประกอบขึ้นเป็นเรื่องราว และหมายความรวมถึงการแสดงโดยวิธีใบ้ด้วย.
นาฏกะ 0,น.,ผู้ฟ้อนรำ.
นาฏดนตรี 0,น.,ลิเก.
นาฏย- 0,ว.,"เกี่ยวกับการฟ้อนรำ, เกี่ยวกับการแสดงละคร, เช่น นาฏยศาลา."
นาฏศิลป์ 0,น.,ศิลปะแห่งการละครหรือการฟ้อนรำ.
นาด 0,ก.,ทอดแขนให้อ่อนงาม เช่น ยุรยาตรนาดกราย.
นาดำ 0,น.,นาชนิดที่ใช้ถอนต้นกล้ามาปลูก.
นาถ 0,น.,"ที่พึ่ง, ผู้เป็นที่พึ่ง, เช่น โลกนาถ."
นาท 0,น.,ความบันลือ
นาท 1,น.,"เสียงบันลือ, เสียงร้อง, เช่น สีหนาท."
นาที 0,น.,ชื่อหน่วยเวลา เท่ากับ ๑ ใน ๖๐ ของชั่วโมง.
นาน 0,ว.,"ยาว, ช้า, (ใช้แก่เวลา) เช่น กินเวลานาน."
น่าน 0,น.,"ย่าน, เขต, เช่น น่านนํ้า."
นานนม 0,ว.,"นานมาก, นมนาน ก็ว่า."
น่านน้ำ 0,น.,"พื้นที่ทางนํ้า, เขตทางนํ้า."
น่านน้ำไทย 0,น.,บรรดาน่านน้ำที่อยู่ภายใต้อำนาจอธิปไตยของราชอาณาจักรไทย และในบางกรณีกฎหมายกำหนดให้หมายความรวมถึงน่านน้ำที่อยู่ในเขตต่อเนื่องของราชอาณาจักรไทยด้วย.
น่านน้ำอาณาเขต 0,น.,น่านนํ้าต่าง ๆ รวมทั้งทะเลอาณาเขตและน่านนํ้าที่อยู่ภายในแผ่นดิน ซึ่งอยู่ภายใต้อธิปไตยของรัฐใดรัฐหนึ่ง.
น่านฟ้า 0,น.,"พื้นที่ทางอากาศ, เขตทางอากาศ."
นานสองนาน 0,ว.,นานมาก.
นานแสนนาน 0,ว.,นานเหลือเกิน.
นานัคครส 0,น.,รสเลิศต่าง ๆ เช่น นานัคครสโภชนาหาร (ม. ร่ายยาว วนปเวสน์).
นานัตว 0,น.,ความเป็นต่าง ๆ.
นานัปการ 0,ว.,"มีหลายอย่าง, นานาประการ ก็ว่า."
นานา 0,ว.,ต่าง ๆ.
นานาจิตตัง 0,ว.,"ต่างจิตต่างใจ, ต่างคนต่างความคิด."
นานาเนก 0,ว.,"ต่าง ๆ กันมากมาย, ใช้ย่อว่า นาเนก ก็มี."
นานาประการ 0,ว.,"มีหลายอย่าง, นานัปการ ก็ว่า."
นานาสังวาส 0,น.,"“การอยู่ร่วมต่างกัน”, การที่พระสงฆ์มีศีลไม่เสมอกัน ทำอุโบสถหรือสังฆกรรมร่วมกันไม่ได้."
นาเนก 0,ว.,ต่าง ๆ กันมากมาย เช่น ปักษีเสนนาเนก ทงงครุธเวกเวหา (ม. คำหลวง วนปเวศน์).
นาบ 0,ก.,"เอาสิ่งที่มีความร้อนรีดหรือกดลงไป เช่น นาบพลู นาบใบตอง, เรียกพลูที่นาบแล้ว ว่า พลูนาบ."
นาบข้าว 0,ก.,เอาไม้ยาวกดต้นข้าวที่มีรวงแก่แล้วให้ราบลงเพื่อสะดวกในการเกี่ยวข้าว.
นาปรัง 0,น.,นาที่ทำในฤดูแล้งนอกฤดูทำนา.
นาปี 0,น.,นาที่ทำในฤดูฝนซึ่งเป็นฤดูทำนา.
นาฟางลอย 0,น.,"นาที่ปลูกข้าวชนิดหนึ่ง ซึ่งเรียกว่า “ข้าวขึ้นน้ำ” เนื่องจากมีรากยาว สามารถหนีน้ำที่บ่ามาท่วมได้รวดเร็ว สามารถแตกแขนงตามข้อและที่ข้อจะมีรากงอกออกมาสำหรับดูดหาอาหาร นิยมปลูกในท้องที่ซึ่งมีระดับน้ำสูงตั้งแต่ ๑-๔ เมตร, นาเมือง ก็เรียก."
นาภิ 0,น.,"สะดือ, ราชาศัพท์ใช้ว่า พระนาภี, เช่น พระพุทธรูปส่วนสูงวัดจากพระบาทถึงพระนาภี, ท้อง เช่น ประชวรพระนาภี"
นาภิ 1,น.,ศูนย์กลาง เช่น อันไพโรจรูจี ในนาภีพสุธา (นันโท).
นาภี 0,น.,"สะดือ, ราชาศัพท์ใช้ว่า พระนาภี, เช่น พระพุทธรูปส่วนสูงวัดจากพระบาทถึงพระนาภี, ท้อง เช่น ประชวรพระนาภี"
นาภี 1,น.,ศูนย์กลาง เช่น อันไพโรจรูจี ในนาภีพสุธา (นันโท).
นาภี 2,น.,ชะมด เช่น มฤคนาภี ว่า ตัวชะมด.
นาม 0,น.,"ชื่อ, ราชาศัพท์ใช้ว่า พระนาม"
นาม 1,น.,คำชนิดหนึ่งในไวยากรณ์ สำหรับเรียกคน สัตว์ และสิ่งของต่าง ๆ
นาม 2,น.,"สิ่งที่ไม่ใช่รูป คือ จิตใจ, คู่กับ รูป."
นาม- 0,น.,"ชื่อ, ราชาศัพท์ใช้ว่า พระนาม"
นาม- 1,น.,คำชนิดหนึ่งในไวยากรณ์ สำหรับเรียกคน สัตว์ และสิ่งของต่าง ๆ
นาม- 2,น.,"สิ่งที่ไม่ใช่รูป คือ จิตใจ, คู่กับ รูป."
นามกร 0,น.,"ชื่อ, นาม."
นามธรรม 0,น.,"สิ่งที่ไม่มีรูป คือ รู้ไม่ได้ทางตา หู จมูก ลิ้น กาย รู้ได้เฉพาะทางใจเท่านั้น, คู่กับ รูปธรรม."
นามไธย 0,น.,ชื่อ เช่น อันว่านามไธยทั้งหลาย หมายแห่งราชธิดาทงงเจ็ดองค์ (ม. คำหลวง ทศพร).
นามบัตร 0,น.,แผ่นกระดาษค่อนข้างแข็งและเล็กเป็นต้นที่พิมพ์บอกชื่อตัว นามสกุล หรือที่อยู่ที่ทำงานไว้เพื่อแนะนำตัวเป็นต้น.
นามปากกา 0,น.,ชื่อแฝงที่นักเขียนหรือนักประพันธ์ใช้แทนชื่อจริงของตน.
นามแฝง 0,น.,ชื่อที่ตั้งขึ้นเพื่อพรางหรือแทนชื่อจริง.
นามสกุล 0,น.,ชื่อสกุล.
นามสงเคราะห์ 0,น.,อภิธาน
นามสงเคราะห์ 1,น.,สมุดรายชื่อพร้อมทั้งที่อยู่หรือที่ทำงานของบุคคล.
นามสมญา 0,น.,สมญา.
นามานุกรม 0,น.,พจนานุกรมคำวิสามานยนาม.
นามานุศาสตร์ 0,น.,อภิธานคำชื่อ.
นามาภิไธย 0,น.,"ชื่อ (ใช้เฉพาะสมเด็จพระบรมราชินีนาถ สมเด็จพระบรมราชินี สมเด็จพระบรมโอรสาธิราช สยามมกุฎราชกุมาร และสมเด็จพระเทพรัตนราชสุดาฯ สยามบรมราชกุมารี), ราชาศัพท์ใช้ว่า พระนามาภิไธย เช่น ทรงลงพระนามาภิไธย."
นาเมือง 0,น.,นาฟางลอย
นาเมือง 1,น.,เรียกข้าวเปลือกที่มีเมล็ดสั้นเนื้อฟ่าม ว่า ข้าวนาเมือง.
นาย 0,น.,คำนำหน้าชื่อชายที่มีอายุตั้งแต่ ๑๕ ปีบริบูรณ์ขึ้นไป
นาย 1,น.,"ผู้เป็นใหญ่, ผู้เป็นหัวหน้า, ผู้จ้าง, เช่น เขาเป็นนาย นายไม่อยู่"
นาย 2,น.,"ผู้เป็นใหญ่เป็นหัวหน้าในกิจการนั้น ๆ เช่น นายตรวจ นายทะเบียน, ผู้ควบคุม เช่น นายหมู่ นายหมวด, ผู้ชำนาญในกิจการนั้น ๆ เช่น นายไปรษณีย์ นายช่าง"
นาย 3,น.,"คำนำหน้ายศทหารตำรวจ เช่น นายพล นายพัน นายร้อย นายสิบ, คำนำหน้าตำแหน่ง เช่น นายม้าต้น"
นาย 4,น.,เมื่อใช้เป็นคำนำราชทินนาม เป็นบรรดาศักดิ์ของข้าราชการในราชสำนักในสมัยก่อนเลิกบรรดาศักดิ์ เช่น นายนรินทร์ธิเบศ นายมหานุภาพ นายสุจินดา นายวรการบัญชา
นาย 5,น.,"คำเรียกแม่, นายแม่ ก็เรียก."
นาย 6,ส.,"คำใช้แทนผู้ที่เราพูดด้วย ใช้สำหรับเพื่อนฝูงในลักษณะที่เป็นกันเอง เช่น เย็นนี้นายจะไปด้วยไหม, เป็นสรรพนามบุรุษที่ ๒."
น่าย 0,ว.,อาการที่ของเหนียวของแข็งหรือของแห้งที่แช่นํ้าไว้แล้วเปื่อยหรืออ่อนตัว เช่น แช่ข้าวไว้ให้น่ายแล้วจึงโม่.
นายก 0,น.,"ผู้นำ, ผู้เป็นหัวหน้า, เช่น นายกราชบัณฑิตยสถาน นายกสมาคม นายกสโมสร."
นายกเทศมนตรี 0,น.,ตำแหน่งผู้รับผิดชอบสูงสุดในการบริหารงานขององค์กรปกครองส่วนท้องถิ่นในรูปแบบเทศบาล.
นายกเมืองพัทยา 0,น.,ตำแหน่งผู้รับผิดชอบสูงสุดในการบริหารงานขององค์กรปกครองส่วนท้องถิ่นในรูปแบบพิเศษ เมืองพัทยา.
นายกรัฐมนตรี 0,น.,ตำแหน่งหัวหน้าคณะรัฐมนตรี.
นายกองค์การบริหารส่วนจังหวัด 0,น.,ตำแหน่งผู้รับผิดชอบสูงสุดในการบริหารงานขององค์กรปกครองส่วนท้องถิ่นในรูปแบบองค์การบริหารส่วนจังหวัด.
นายกองค์การบริหารส่วนตำบล 0,น.,ตำแหน่งผู้รับผิดชอบสูงสุดในการบริหารงานขององค์กรปกครองส่วนท้องถิ่นในรูปแบบองค์การบริหารส่วนตำบล.
นายคลังสินค้า 0,น.,บุคคลผู้รับทำการเก็บรักษาสินค้าเพื่อบำเหน็จเป็นทางค้าปรกติของตน.
นายงาน 0,น.,หัวหน้างาน.
นายเงิน 0,น.,ผู้เป็นเจ้าของเงินรับซื้อทาสหรือช่วยไถ่ทาสเอามาใช้.
นายจ้าง 0,น.,"ผู้จ้างทำการงาน, คู่กับ ลูกจ้าง"
นายจ้าง 1,น.,บุคคลซึ่งตกลงว่าจ้างบุคคลอีกคนหนึ่งซึ่งเรียกว่า ลูกจ้าง ให้ทำงานให้และจะให้สินจ้างตลอดเวลาที่ทำงานให้นั้น.
นายด่าน 0,น.,ผู้เป็นหัวหน้าด่านทางน้ำหรือทางบก สำหรับตรวจตราผู้คนเดินทางผ่านเข้าออก หรือตรวจสิ่งของที่ผิดกฎหมาย.
นายด้าน 0,น.,ผู้รับผิดชอบในการปลูกสร้างหรือปฏิสังขรณ์สิ่งใดสิ่งหนึ่ง เช่น นายด้านปฏิสังขรณ์ศาลาราย.
นายตรวจ 0,น.,ชื่อตำแหน่งในราชการ เช่น นายตรวจสรรพสามิต นายตรวจสรรพากร
นายตรวจ 1,น.,ผู้ตรวจตั๋วบนรถเมล์หรือรถไฟเป็นต้น.
นายทะเบียน 0,น.,พนักงานซึ่งมีหน้าที่จัดทำและรักษาทะเบียน.
นายท่า 0,น.,ผู้มีหน้าที่ควบคุมดูแลกิจการที่ท่าเรือท่ารถเช่นในการปล่อยเรือปล่อยรถตามกำหนดเวลาเป็นต้น.
นายท้าย 0,น.,ผู้ถือท้ายเรือ มีหน้าที่ควบคุมเรือให้แล่นไปตามทิศทาง โดยเฉพาะตามแม่นํ้าลำคลอง.
นายทุน 0,น.,"ผู้เป็นเจ้าของทุนที่ใช้ในการผลิตสินค้า, ผู้ลงทุนประกอบกิจการหรือออกทุนให้ผู้อื่นประกอบกิจการ."
นายธง 0,น.,นายทหารเรือคนสนิทของผู้บัญชาการทหารเรือเป็นต้น.
นายประกัน 0,น.,"ผู้รับประกันหรือคํ้าประกัน, ผู้รับผิดชอบชดใช้ค่าเสียหายแทน."
นายประเพณี 0,น.,หัวหน้ารักษาประโยชน์ของวัดและบำรุงวัดได้บังคับว่ากล่าวทั่วไป (ทำนองมรรคนายก).
นายแม่ 0,น.,"คำเรียกแม่, นาย ก็เรียก."
นายโรง 0,น.,"พระเอกลิเก, เจ้าของคณะลิเกหรือละครรำ"
นายโรง 1,น.,หัวหน้าคณะหนังตะลุงหรือคณะโนรา
นายโรง 2,น.,ผู้แสดงตัวพระในละครชาตรี.
นายว่าขี้ข้าพลอย 0,ก.,พลอยพูดผสมโรงติเตียนผู้อื่นตามนายไปด้วย.
นายเวร 0,น.,นายตำรวจชั้นสัญญาบัตร มีหน้าที่เป็นเลขานุการของผู้ที่มีตำแหน่งสูงกว่าตน เช่น นายเวรผู้บังคับการ นายเวรผู้บัญชาการ หรือเป็นหัวหน้าปกครองเจ้าหน้าที่เสมียนพนักงานในบังคับบัญชาเป็นต้น
นายเวร 1,น.,เจ้าหน้าที่การทูตชั้นผู้น้อยในสถานกงสุล.
นายหนัง 0,น.,หัวหน้าการแสดงหนังใหญ่.
นายหน้า 0,น.,ชื่อสัญญาซึ่งบุคคลหนึ่งตกลงจะให้ค่าบำเหน็จแก่อีกบุคคลหนึ่งเพื่อที่ชี้ช่องให้ได้เข้าทำสัญญาหรือจัดการให้ได้ทำสัญญากัน
นายหน้า 1,น.,บุคคลผู้ชี้ช่องหรือจัดการให้บุคคลสองฝ่ายได้เข้าทำสัญญากัน โดยจะได้รับบำเหน็จเป็นการตอบแทน.
นายหน้าประกันชีวิต 0,น.,ผู้ชี้ช่องหรือจัดการให้บุคคลทำสัญญาประกันชีวิตกับบริษัทโดยกระทำเพื่อบำเหน็จเนื่องจากการนั้น.
นายหน้าประกันวินาศภัย 0,น.,ผู้ชี้ช่องหรือจัดการให้บุคคลทำสัญญาประกันภัยกับบริษัทโดยกระทำเพื่อบำเหน็จเนื่องจากการนั้น.
นายหัว 0,น.,"หัวหน้า, คหบดีซึ่งมีคนจำนวนมากนับถือ."
นายอากร 0,น.,ผู้รับผูกขาดภาษีอากร.
นายอำเภอ 0,น.,ตำแหน่งเจ้าพนักงานผู้ปกครองท้องที่ ซึ่งเป็นหัวหน้าปกครองบังคับบัญชาข้าราชการในอำเภอ และรับผิดชอบในการบริหารราชการของอำเภอ.
นายิกา 0,น.,หญิงผู้เป็นหัวหน้า.
นารา 0,น.,รัศมี.
นารายณ์ 0,น.,ชื่อหนึ่งของพระวิษณุซึ่งเป็นเทพเจ้าองค์หนึ่งของศาสนาพราหมณ์.
นารายณ์ทรงเครื่อง 0,น.,ชื่อกลอนกลบทแบบหนึ่ง กำหนดบังคับวรรคหนึ่ง ๘ คำ แบ่งเป็น ๔ จังหวะ จังหวะละ ๒ คำ โดยให้ ๒ จังหวะแรกใช้พยัญชนะเสียงซ้ำ ๒ ตัว และ ๒ จังหวะหลังใช้พยัญชนะเสียงอื่นซ้ำกัน ๒ ตัวในลักษณะเดียวกัน เช่น ข้าสาวข้าวศรีทรวดมีทรงมิ่ง นางแอบแนบอิงสุดถวิลแสนถวิล นมตั้งนั่งเต้าคลอเคล้าแคลคลิ้น ฬ่อหลาลาลินเลิศลินลาดลอย (ศิริวิบุลกิตติ์).
นารายณ์ประลองศิลป์ 0,น.,ชื่อกลอนกลบทแบบหนึ่ง กำหนดบังคับวรรคหนึ่ง ๙ คำ แบ่งเป็น ๓ จังหวะ จังหวะละ ๓ คำ แต่ละจังหวะให้ขึ้นต้นด้วยการซ้ำคำเดิม และ ๒ คำหลังให้สัมผัสเสียงพยัญชนะกันทั้ง ๓ จังหวะ ส่วน ๒ คำหลังของ ๒ จังหวะแรกให้ใช้เสียงสระเดียวกันเฉพาะแต่ละจังหวะ เช่น ระรื่นชื่นระรวยชวยระเริงฉาว จนข่าวหนาวจนเคืองเนื่องจนเขาหนี ทำซื่อดื้อทำสู้ดูทำสิ้นดี อารีชีอารอบชอบอารมณ์ชาย (ประชุมจารึกวัดพระเชตุพนฯ).
นารายณ์หัตถ์ 0,น.,"ไม้เกาหลัง, ฉลองได หรือ สนองได ก็เรียก."
นารี 0,น.,"ผู้หญิง, นาง."
นารีบูร 0,น.,เกสรเพศเมีย.
นารีผล 0,น.,ผลของต้นมักกะลี ต้นไม้ในวรรณคดี ลักษณะคล้ายหญิงวัยรุ่น เช่น ถัดนั้นไปมีป่าไม้นารีผล แลว่าลูกไม้นั้นงามนัก ดั่งสาวอันพึงใหญ่ได้ ๑๖ ปีแล ฝูงผู้ชายได้เห็นก็มีใจรักนัก ครั้นว่าหล่นตกลง ฝูงนกกลุ้มกินดั่งหมีกินผึ้ง (ไตรภูมิ).
นารีสูร 0,น.,เทพธิดา เช่น หนึ่งคือนารีสูรสุธรรมาก็ดี (ม. คำหลวง ทศพร).
นาเรศ 0,น.,"นาง, ผู้หญิง."
นาลิวัน 0,น.,พราหมณ์พวกหนึ่งทำหน้าที่โล้ชิงช้าและรำเขนงในพระราชพิธีตรียัมปวาย เพื่อถวายเทพเจ้าในศาสนาพราหมณ์
นาลิวัน 1,น.,พราหมณ์ที่สยายผมเดินตามกระบวนแห่เชิญพระบรมศพ.
นาลี 0,น.,"หลอด, ก้าน, ลำ, ช่อง"
นาลี 1,น.,"ทะนาน, เป็นชื่อมาตราตวง."
นาว 0,น.,มะนาว เช่น งั่วนาวทรนาวเนก กรูดฉุรเฉกจรุงธาร (ม. คำหลวง จุลพน).
น้าว 0,ก.,"เหนี่ยวลง เช่น น้าวกิ่งมะม่วง, ดึงจนโค้ง เช่น น้าวศร."
นาวา 0,น.,ยศทหารเรือหรือทหารอากาศชั้นสัญญาบัตร สูงกว่าเรือเอกหรือเรืออากาศเอก ตํ่ากว่าพลเรือตรีหรือพลอากาศตรี.
นาวา 1,น.,เรือ เช่น นาวาแน่นเป็นขนัด ล้วนรูปสัตว์แสนยากร (กาพย์เห่เรือ).
นาวิก 0,น.,คนเรือ.
นาวิก 1,ว.,เกี่ยวกับเรือ.
นาวิก- 0,น.,คนเรือ.
นาวิก- 1,ว.,เกี่ยวกับเรือ.
นาวิกโยธิน 0,น.,ทหารเรือที่ทำหน้าที่รบบนบก ยกพลขึ้นบกเพื่อยึดหัวหาดหรือยึดพื้นที่.
นาวิน 0,น.,"คนเรือ, ทหารเรือที่ทำหน้าที่ทางเรือ และสนับสนุนการยุทธ์ทางเรือ."
นาวี 0,น.,"เรือ, กองทัพเรือ."
นาเวศ 0,น.,เรือ เช่น กรีธาหมู่นาเวศ จากนคเรศโดยสาชล (กาพย์เห่เรือ).
นาศ 0,น.,"ความเสื่อม, การทำลาย, ความป่นปี้."
นาศ 1,ก.,"หมด, สิ้น, เช่น บุญแห่งเจ้าจักนาศ จากอาวาศเวียงอินทร์ (ม. คำหลวง ทศพร)."
นาสวน 0,น.,นาข้าวที่ปลูกในพื้นที่ซึ่งมีระดับน้ำลึกตั้งแต่ ๑ เมตรลงมา
นาสวน 1,น.,เรียกข้าวเปลือกที่มีเมล็ดแข็งเป็นมัน ว่า ข้าวนาสวน.
นาสา 0,น.,จมูก.
นาสิก 0,น.,จมูก.
นาหว่าน 0,น.,นาชนิดที่หว่านเมล็ดข้าวลงในนา.
นาฬิกา 0,น.,"เครื่องบอกเวลา มีหลายชนิด เช่น นาฬิกาปลุก นาฬิกาพก นาฬิกาข้อมือ, ลักษณนามว่า เรือน"
นาฬิกา 1,น.,"ช่วงเวลาคิดตามชั่วโมง เช่น ๑ ชั่วนาฬิกา = ๑ ชั่วโมง, ใช้เป็นมาตราบอกเวลา เช่น ๑ นาฬิกา ๒ นาฬิกา ... ๒๔ นาฬิกา, เขียนย่อเป็น น."
นาฬิกาแดด 0,น.,นาฬิกาชนิดหนึ่ง อาศัยเงาไม้หรือเงาแผ่นโลหะเป็นต้นที่ปรากฏบนหน้าปัด.
นาฬิกาทราย 0,น.,อุปกรณ์ที่ใช้สำหรับวัดเวลา ประกอบด้วย กระเปาะแก้ว ๒ กระเปาะที่มีรูเล็ก ๆ ทะลุถึงกัน ข้างในบรรจุทรายที่จะไหลจากกระเปาะหนึ่งไปยังอีกกระเปาะหนึ่งได้หมดพอดีในเวลาที่กำหนดไว้.
นาฬิกาน้ำ 0,น.,อุปกรณ์ที่ใช้สำหรับวัดเวลาโดยอาศัยการหยดหรือการไหลของนํ้าที่มีปริมาณตามที่กำหนดไว้.
นาฬิเก 0,น.,ชื่อมะพร้าวพันธุ์หนึ่ง ผลเล็ก สีเหลืองหรือส้ม นํ้าหอมหวาน.
นาฬี 0,น.,"นาลี, หลอด, ก้าน, ลำ, ช่อง"
นาฬี 1,น.,"ทะนาน, เป็นชื่อมาตราตวง."
นำ 0,ก.,"ไปข้างหน้า เช่น นำขบวน นำเสด็จ, ออกหน้า เช่น วิ่งนำ, เริ่มต้นโดยมีผู้อื่นหรือสิ่งอื่นตามหรือทำตาม เช่น นำสวด นำวิ่ง, พา เช่น นำเที่ยว นำไป นำมา."
นำ 1,ว.,อาการที่ซักหรือถามเป็นเชิงแนะไปในตัว ในคำว่า ซักนำ ถามนำ.
น้ำ 0,น.,"สารประกอบซึ่งมีองค์ประกอบเป็นธาตุไฮโดรเจนและออกซิเจนในอัตราส่วน ๑ : ๘ โดยนํ้าหนัก เมื่อบริสุทธิ์มีลักษณะเป็นของเหลว ใส ไม่มีสี กลิ่น รส มีประโยชน์มาก เช่นใช้ดื่ม ชำระล้างสิ่งสกปรก, โบราณถือว่าเป็น ธาตุ ๑ ในธาตุ ๔ คือ ดิน นํ้า ไฟ ลม, ใช้เรียกสิ่งอื่นที่มีลักษณะเป็นนํ้าหรือเหลวเหมือนนํ้า เช่น นํ้าตา นํ้าปลา นํ้าส้ม"
น้ำ 1,น.,โดยปริยายหมายถึง คุณสมบัติที่ถือว่าเป็นสาระของสิ่งที่กล่าวถึง เช่น นํ้าคำ นํ้าใจ นํ้าพักนํ้าแรง นํ้ามือ
น้ำ 2,น.,ความแวววาว (ใช้แก่รัตนชาติ)
น้ำ 3,น.,"ลักษณนามเรียกเรือที่ใช้มาแล้ว ๒ ปี ๓ ปี ว่า เรือ ๒ นํ้า เรือ ๓ นํ้า, และที่ใช้เกี่ยวกับนํ้าหมายความว่า ครั้ง เช่น ล้าง ๓ นํ้า ต้ม ๓ นํ้า."
น้ำ 4,ว.,มีแสงแวววาว (ใช้แก่รัตนชาติ) เช่น เพชรนํ้าหนึ่ง ทับทิมนํ้างาม.
น้ำกรด 0,น.,สารละลายของกรดซึ่งใช้นํ้าเป็นตัวทำละลาย.
น้ำกระด้าง 0,น.,นํ้าซึ่งเมื่อฟอกกับสบู่แล้วเกิดตะกอนขึ้น ซึ่งเรียกว่า ไคลสบู่ และไม่มีฟองสบู่เกิดขึ้นหรือเกิดขึ้นน้อย ทั้งนี้เพราะมีเกลือของแคลเซียมและแมกนีเซียมละลายอยู่.
น้ำกระสาย 0,น.,นํ้าใช้เป็นเครื่องแทรกยาไทย เช่น นํ้าเหล้า นํ้าซาวข้าว.
น้ำกลั่น 0,น.,น้ำบริสุทธิ์ที่ได้จากการกลั่น.
น้ำกะทิ 0,น.,"นํ้าที่คั้นออกจากมะพร้าวขูด, นํ้าที่คั้นจากมะพร้าวขูดที่ผสมนํ้าตาลปึกกินกับข้าวเหนียวหรือลอดช่องเป็นต้น เช่น ข้าวเหนียวนํ้ากะทิ ลอดช่องนํ้ากะทิ."
น้ำกาม 0,น.,"นํ้าเชื้อที่เกิดจากความกำหนัด แล้วเคลื่อนออกมาจากอวัยวะสืบพันธุ์ของเพศชาย, น้ำอสุจิ ก็ว่า."
น้ำเกลือ 0,น.,นํ้าที่มีเกลือโซเดียมคลอไรด์ละลายอยู่ สำหรับฉีดเข้าหลอดเลือดดำ.
น้ำเกิด 0,น.,นํ้าในทะเลและแม่นํ้าลำคลองที่มีทางติดต่อโดยตรงกับทะเลหรือได้รับอิทธิพลจากนํ้าทะเลเป็นต้น มีระดับนํ้าขึ้นสูงมากและลงตํ่ามากเนื่องจากอิทธิพลของดวงจันทร์และดวงอาทิตย์ ในช่วงเวลาที่ดวงจันทร์และดวงอาทิตย์อยู่ในวงโคจรเกือบเป็นแนวเดียวกันกับโลก นํ้าเกิดจะมี ๒ ช่วง คือ ช่วงวันเดือนเพ็ญ ตั้งแต่วันขึ้น ๑๓ คํ่า ถึงวันแรม ๒ คํ่า และช่วงวันเดือนดับ ตั้งแต่วันแรม ๑๓ คํ่า ถึงวันขึ้น ๒ คํ่า.
น้ำขาว 0,น.,นํ้าเมาชนิดหนึ่งทำด้วยข้าวเหนียวนึ่งคลุกกับแป้งเหล้าซึ่งเป็นเชื้อ หมักไว้จนมีนํ้าขุ่นขาว.
น้ำข้าว 0,น.,นํ้าที่ได้จากข้าวเมื่อหุงแล้วเช็ดนํ้าหรือตักนํ้าออก.
น้ำข้าว 1,น.,ดูใน นํ้า.
น้ำข้าว 2,น.,"ชื่อไม้พุ่มชนิด Glycosmis pentaphylla (Retz.) DC. ในวงศ์ Rutaceae ชอบขึ้นในที่ชื้นตามชายป่าและริมหมู่บ้าน สูงประมาณ ๒ เมตร ผลกลมขนาดราวปลายนิ้วก้อย สุกสีชมพูเรื่อ ๆ รสหวาน กินได้ รากใช้ทำยา, กระรอกน้ำข้าว กระโรกนํ้าข้าว หรือ นํ้าข้าว ก็เรียก, พายัพและอีสานเรียก ส้มชื่น."
น้ำขึ้น 0,น.,นํ้าในทะเลและแม่นํ้าลำคลองที่มีทางติดต่อโดยตรงกับทะเลหรือได้รับอิทธิพลจากนํ้าทะเลเป็นต้นที่มีระดับนํ้าสูงขึ้น ในวันหนึ่ง ๆ ตามปรกตินํ้าจะขึ้น ๒ ครั้ง และนํ้าขึ้นครั้งแรกจะมีระดับสูงกว่าขึ้นครั้งที่ ๒.
น้ำขึ้นให้รีบตัก 0,*ก.,มีโอกาสดีควรรีบทำ.
น้ำขุ่นไว้ในน้ำใสไว้นอก 0,*ว.,แม้จะไม่พอใจก็ยังแสดงสีหน้ายิ้มแย้ม.
น้ำแข็ง 0,น.,นํ้าที่ถูกความเย็นจัดจนแข็งตัวเป็นก้อน.
น้ำแข็งกด 0,น.,น้ำแข็งไสที่ใส่กระบอกหรือแก้วอย่างหนา กดให้เป็นแท่งแล้วเสียบไม้ ราดน้ำหวาน.
น้ำแข็งเปล่า 0,น.,น้ำแข็งก้อนเล็ก ๆ ใส่แก้วเป็นต้น ใส่น้ำหรือน้ำชา.
น้ำแข็งไส 0,น.,น้ำแข็งที่ได้จากการไสก้อนน้ำแข็งไปบนเครื่องไส มีลักษณะเป็นเกล็ดฝอย.
น้ำแข็งแห้ง 0,น.,คาร์บอนไดออกไซด์ซึ่งอยู่ในสภาพเป็นของแข็ง เย็นจัด ลักษณะคล้ายนํ้าแข็ง ใช้ประโยชน์เป็นตัวทำความเย็น
น้ำแข็งแห้ง 1,น.,น้ำแข็งก้อนเล็ก ๆ ใส่แก้วเป็นต้น ไม่ใส่น้ำ.
น้ำครำ 0,น.,"นํ้าเสียที่ขังอยู่ในพื้นดินที่เป็นแอ่งเช่นใต้ถุนครัว ในท่อระบายน้ำเสีย, ไขเสนียด ก็เรียก."
น้ำคร่ำ 0,น.,"ของเหลวในถุงเยื่อหุ้มลูกในมดลูกของสัตว์เลี้ยงลูกด้วยนม ทำหน้าที่ลดผลการกระทบกระแทก และช่วยหล่อลื่นในตอนคลอดเป็นต้น, เรียกถุงเยื่อหุ้มที่บรรจุน้ำคร่ำว่า ถุงน้ำคร่ำ."
น้ำคัน 0,น.,นํ้าสกปรกที่เจิ่งนอง เมื่อย่ำหรือแช่เท้าอยู่นาน ๆ จะทำให้เป็นโรคคันที่ง่ามเท้า.
น้ำค้าง 0,น.,ไอนํ้าในอากาศที่ถูกความเย็นแล้วหยาดลงมาค้างบนใบไม้ใบหญ้าเป็นต้นในเวลากลางคืนหรือเช้ามืด
น้ำค้าง 1,น.,ชื่อเพลงไทยทำนองหนึ่ง.
น้ำค้างแข็ง 0,น.,นํ้าค้างที่แข็งตัวอยู่ตามต้นไม้ใบหญ้า เมื่ออุณหภูมิผิวหน้าของพื้นดินตํ่ากว่า ๐ ^ºซ.
น้ำคาวปลา 0,น.,"นํ้าล้างปลาที่มีเมือกและเลือดติด ใช้รดต้นไม้ให้งาม, นํ้าล้างปลา ก็เรียก"
น้ำคาวปลา 1,น.,นํ้าที่ขับถ่ายจากช่องคลอดภายหลังคลอดลูกแล้วประมาณ ๓-๔ วัน ปรกติมีกลิ่นคาวเล็กน้อย.
น้ำคำ 0,น.,"คำพูด, ถ้อยคำสำนวน."
น้ำเค็ม 0,น.,"นํ้าทะเล เช่น สัตว์นํ้าเค็ม, นํ้าที่มีรสเค็ม."
น้ำเค็ม 1,ว.,ที่เกิดหรือโตอยู่ในแถบชายทะเล เช่น ลูกนํ้าเค็ม.
น้ำเคย 0,น.,นํ้าที่ได้จากเยื่อเคยหมักทำเป็นกะปิ มีรสเค็ม ใช้ปรุงอาหาร.
น้ำเงิน 0,ว.,สีอย่างสีคราม.
น้ำเงิน 1,ว.,ดูใน น้ำ.
น้ำเงิน 2,น.,เรียกทาสที่ขายตัวแก่นายเงิน หรือที่นายเงินไถ่ค่าตัวมา ว่า ทาสนํ้าเงิน.
น้ำเงิน 3,น.,ดูใน น้ำ.
น้ำเงิน 4,น.,"ชื่อปลาน้ำจืดไม่มีเกล็ดพวกปลาเนื้ออ่อน ชนิด Phalacronotus apogon (Bleeker) หรือ Micronema apogon (Bleeker) ในวงศ์ Siluridae ปากเชิดขึ้น หนวดที่ขากรรไกรบนยาวไม่ถึงขอบแผ่นปิดเหงือกคล้ายปลาแดง แต่ไม่มีหนวดที่ขากรรไกรล่าง หรือมีเป็นเพียงตุ่มขนาดเล็กมาก และมีกลุ่มฟันที่กระดูกฐานจมูกเรียงเป็นแถบรูปโค้ง ลำตัวมีสีเงินคล้ายตะกั่ว ไม่มีครีบหลัง ครีบก้นมักมีขอบสีดำคล้ำ อาศัยอยู่ตามแม่น้ำ ลำคลอง หรือแหล่งน้ำนิ่งขนาดใหญ่ที่มีความเป็นธรรมชาติ กินสัตว์อื่น ขนาดยาวได้ถึง ๗๗ เซนติเมตร, เนื้ออ่อน นาง หรือ ชะโอน ก็เรียก."
น้ำเงี้ยว 0,น.,ชื่อแกงชนิดหนึ่ง ใช้หมูสับผัดกับเครื่องแกงมีหอม กระเทียม ตะไคร้ พริกแห้ง ถั่วเน่า เป็นต้น ต้มกับน้ำต้มกระดูกหมู ใส่ดอกงิ้ว มะเขือเทศ เลือดหมู น้ำแกงมีรสเค็ม เผ็ดน้อย กินกับขนมจีน.
น้ำจัณฑ์ 0,น.,เหล้า.
นำจับ 0,ก.,นำความมาแจ้งต่อพนักงานเจ้าหน้าที่ให้ทำการจับกุมผู้กระทำความผิด.
น้ำจิ้ม 0,น.,เครื่องจิ้มลักษณะเป็นน้ำใสหรือข้น โดยมากมีรสเปรี้ยวเค็มหวาน ใช้ชูรสอาหาร เช่น นํ้าจิ้มทอดมัน น้ำจิ้มอาหารทะเล.
น้ำใจ 0,น.,"ใจแท้ ๆ, ใจจริง, ความรู้สึกนึกคิดจริง ๆ, เช่น อยู่ด้วยกันไม่นานก็เห็นนํ้าใจว่าเขาเป็นคนอย่างไร, ความจริงใจ เช่น เราเห็นว่าเขามีน้ำใจกับเรา ไม่เคยหลอกลวงเราเลย, นิสัยใจคอ เช่น นํ้าใจชาย นํ้าใจหญิง, ความเอื้ออาทร เช่น เขาเป็นคนมีนํ้าใจ เธอช่างแล้งนํ้าใจ."
น้ำใจใคร่ 0,น.,"ชื่อไม้พุ่มรอเลื้อยชนิด Olax psittacorum (Willd.) Vahl ในวงศ์ Olacaceae ตามลำต้นมีหนามห่าง ๆ ใบรูปไข่หรือรี ๆ ดอกเล็ก สีขาว อยู่เป็นกระจุกที่ง่ามใบ ผลกลมหรือรีขนาดเท่าเม็ดบัวเขื่อง ๆ เป็นสมุนไพรที่รู้จักกันทั่วไป, นํ้าใจใคร่ นางจุม หรือ นางชม ก็เรียก, อุดรเรียก เยี่ยวงัว."
น้ำชน 0,น.,ลักษณะที่กระแสนํ้าไหลขึ้นกับกระแสนํ้าไหลลงหรือนํ้าจืดกับนํ้าเค็มมาบรรจบกัน.
น้ำชุบ 0,น.,"นํ้าที่เจือด้วยธาตุเงิน ธาตุทองแดง หรือธาตุทองคำ สำหรับชุบของต่าง ๆ มีทองเหลืองเป็นต้นให้เป็นสีเงินหรือสีทอง, นํ้าที่เอาเหล็กเผาไฟให้แดงแล้วชุบลงเพื่อให้เหล็กแกร่งและเหนียว."
น้ำชุบ 1,น.,นํ้าพริก.
น้ำเชี่ยวอย่าขวางเรือ 0,*สำ.,อย่าขวางผู้ที่มีอำนาจหรือผู้ที่กำลังโกรธจัด.
น้ำเชื้อ 0,น.,นํ้าที่ต้มเคี่ยวกระดูกหมูหรือไก่เป็นต้น เพื่อใช้เป็นนํ้าแกงจืดให้มีรสอร่อย
น้ำเชื้อ 1,น.,หัวนํ้าหอมหรือนํ้าหวานเป็นต้น.
น้ำเชื่อม 0,น.,นํ้าตาลทรายผสมนํ้าตั้งไฟจนละลาย ใช้ใส่ขนม เช่นวุ้นนํ้าเชื่อม ใช้ทำทองหยิบ ทองหยอด ฝอยทอง หรือใช้ผสมกับแป้งทำขนมชั้นหรือขนมนํ้าดอกไม้เป็นต้น.
น้ำซับ 0,น.,"เรียกที่ซึ่งมีนํ้าซึมซาบอยู่ใต้ดิน ว่า ที่นํ้าซับ, ทางภาคอีสานเรียกว่า ซำ."
น้ำซาวข้าว 0,น.,นํ้าที่ล้างข้าวสารให้สะอาดเมื่อก่อนหุง.
น้ำซึม 0,น.,เรียกที่ซึ่งมีนํ้าไหลซึมอยู่ตลอดเวลา ว่า ที่นํ้าซึม.
น้ำซึมบ่อทราย 0,*ก.,มีรายได้มาเรื่อย ๆ.
น้ำดอกไม้ 0,น.,นํ้าที่ลอยดอกมะลิเป็นต้น มีกลิ่นหอม ใช้ผสมทำขนม ทำเป็นน้ำข้าวแช่ ทำน้ำอบไทย เป็นต้น.
น้ำดอกไม้ 1,น.,ดูใน นํ้า.
น้ำดอกไม้ 2,น.,"ชื่อขนมชนิดหนึ่ง ทำด้วยแป้งข้าวเจ้าผสมแป้งมัน ละลายกับนํ้าเชื่อมใส่ถ้วยตะไลนึ่ง เมื่อสุกหน้าจะบุ๋ม, ขนมชักหน้า ก็เรียก."
น้ำดอกไม้ 3,น.,ดูใน น้ำ.
น้ำดอกไม้ 4,น.,ชื่อชมพู่ชนิด Syzygium jambos (L.) Alston ในวงศ์ Myrtaceae ผลสุกสีเขียวอ่อนหรือเขียวอมเหลือง เนื้อบาง กลิ่นหอมเหมือนกุหลาบ.
น้ำดอกไม้ 5,น.,ชื่อมะม่วงพันธุ์หนึ่งของชนิด Mangifera indica L. ผลยาว ดิบรสเปรี้ยวจัด สุกรสหวานหอม เมล็ดแบนมาก.
น้ำดอกไม้ 6,น.,"ชื่อปลาทะเลขนาดกลางถึงขนาดใหญ่ทุกชนิดในสกุล Sphyraena วงศ์ Sphyraenidae ลำตัวค่อนข้างกลมยาว หัวแหลม คางล่างยื่น ปากกว้าง มีฟันคมแข็งแรง ตาโต เกล็ดเล็กบาง ขอบเรียบ มีครีบหลัง ๒ ตอน พื้นลำตัวมีสีแตกต่างกันแล้วแต่ชนิด แต่มักเป็นสีฟ้าอมเทา เช่น ชนิด S. forsteri Cuvier หรือนํ้าตาลอมเหลือง เช่น ชนิด S. obtusata Cuvier & Valenciennes บ้างมีบั้งทอดขวางลำตัวเป็นระยะ ๆ เช่น ชนิด S. jello Cuvier & Valenciennes บ้างก็มีจุดหรือแต้มดำ เช่น ชนิด S. barracuda (Walbaum) ขนาดแตกต่างกันตั้งแต่ ๓๐-๑๕๐ เซนติเมตร, สาก ก็เรียก."
น้ำดอกไม้เทศ 0,น.,หัวนํ้าหอมทำจากดอกกุหลาบชนิดหนึ่ง.
น้ำดอกไม้สด 0,น.,นํ้าที่ลอยดอกมะลิเป็นต้น มีกลิ่นหอม ใช้ผสมทำขนม ทำเป็นน้ำข้าวแช่ ทำน้ำอบไทย เป็นต้น.
น้ำดับไฟ 0,น.,"ชื่อไม้เถา ๒ ชนิดในสกุล Gouania วงศ์ Rhamnaceae คือ ชนิด G. javanica Miq. ใบมีขนสีน้ำตาลแดง ดอกสีเขียวอ่อน และชนิด G. leptostachya DC. ใบเกลี้ยง ดอกสีขาวอมเขียว, พวงจะริตา ก็เรียก."
น้ำดิบ 0,น.,นํ้าที่ยังไม่ได้ต้มหรือยังไม่ได้ผ่านกระบวนการทำน้ำประปา.
น้ำดี 0,น.,ของเหลวสีเขียว สร้างจากตับแล้วเก็บไว้ในถุงน้ำดี มีหน้าที่ทำให้ไขมันขนาดใหญ่แตกเป็นก้อนเล็ก ๆ เพื่อให้เอนไซม์สามารถย่อยได้ง่ายขึ้น.
น้ำตก 0,น.,"นํ้าที่ขังอยู่บนเขาตกลงมาที่หน้าผา, เรียกนํ้าที่ทำให้ตกลงมาในลักษณะคล้ายคลึงเช่นนั้น"
น้ำตก 1,น.,อาหารอย่างหนึ่งใช้เนื้อสัตว์เช่นเนื้อหมูหรือเนื้อวัว ย่างพอสุกเล็กน้อย หั่นเป็นชิ้นบาง ๆ แล้วปรุงด้วยพริกป่น หอมแดงซอย ข้าวคั่ว น้ำมะนาว น้ำปลา เป็นต้น
น้ำตก 2,น.,เรียกก๋วยเตี๋ยวน้ำที่ใส่เลือดวัวสดหรือเลือดหมูสด ว่า ก๋วยเตี๋ยวน้ำตก.
น้ำต้อย 0,น.,นํ้าหวานที่หล่ออยู่ในดอกไม้ เกิดจากต่อมนํ้าหวานซึ่งมักปรากฏอยู่ที่โคนของกลีบดอก
น้ำต้อย 1,น.,"นํ้าใส ๆ ที่ติดอยู่ในเปลือกไข่ด้านป้าน ใช้ผสมไข่แดงทำฝอยทอง, ไข่น้ำค้าง ก็เรียก."
น้ำตะกู 0,น.,กระดาษที่มีสีเหลืองอย่างสีทองคำ นิยมนำมาใช้สลัก ปรุเป็นลวดลาย หรือใช้ทั้งแผ่นปิดตกแต่งสิ่งปลูกสร้างหรือครุภัณฑ์บางอย่างเป็นการชั่วคราว เรียกว่า กระดาษนํ้าตะกู หรือ กระดาษนํ้าตะโก.
น้ำตะโก 0,น.,กระดาษที่มีสีเหลืองอย่างสีทองคำ นิยมนำมาใช้สลัก ปรุเป็นลวดลาย หรือใช้ทั้งแผ่นปิดตกแต่งสิ่งปลูกสร้างหรือครุภัณฑ์บางอย่างเป็นการชั่วคราว เรียกว่า กระดาษนํ้าตะกู หรือ กระดาษนํ้าตะโก.
น้ำตะไคร้ 0,น.,นํ้าหอมชนิดหนึ่งมีลักษณะใส สีเหลืองอ่อนหรือสีนํ้าตาลแกมแดง สกัดจากต้นและใบตะไคร้.
น้ำตับ 0,น.,"ชื่ออาหารชนิดหนึ่ง ใช้ตับวัวหรือควายสับให้ละเอียด คลุกข้าวสุก เกลือ และเครื่องปรุง ขยำให้เข้ากันแล้วยัดในไส้หมู, หมํ้า หรือ หมํ้าตับ ก็เรียก."
น้ำตา 0,น.,"นํ้าที่ไหลออกจากนัยน์ตา, โดยปริยายหมายถึง สิ่งที่ไหลเยิ้มอย่างนํ้าตาลที่ไหลซึมจากหม้อตาล."
น้ำตาเช็ดหัวเข่า 0,*ก.,เสียใจเพราะชํ้าใจหรือต้องผิดหวังอย่างหนักในเรื่องคู่ครอง (ใช้แก่ผู้หญิง) เช่น เพราะเธอเชื่อผู้ชายคนนี้ จึงต้องน้ำตาเช็ดหัวเข่า.
น้ำตาตกใน 0,*ก.,เศร้าโศกเสียใจอย่างมาก แต่ไม่แสดงให้ปรากฏ.
น้ำตาเทียน 0,น.,เทียนซึ่งละลายไหลย้อยจากปลายเทียนที่ลุกไหม้.
น้ำตาย 0,น.,น้ำขึ้นและน้ำลงที่เกิดขึ้นในวันขึ้น ๘ ค่ำ หรือแรม ๘ ค่ำ ซึ่งช่วงระหว่างความสูงของน้ำขึ้นกับน้ำลงมีระยะต่างกันน้อยมาก.
น้ำตาล 0,น.,"สารประกอบคาร์โบไฮเดรตประเภทโมโนแซ็กคาไรด์และไดแซ็กคาไรด์ ซึ่งมีรสหวาน โดยมากได้จากตาล มะพร้าว อ้อย, ถ้าเป็นความหมายเฉพาะอย่างและทำด้วยอะไร ก็เติมคำนั้น ๆ ลงไป เช่น ทำจากตาล เรียกว่า นํ้าตาลโตนด, ทำจากมะพร้าว เรียกว่า นํ้าตาลมะพร้าว, ทำจากอ้อย แต่ยังไม่ได้ทำให้เป็นนํ้าตาลทราย เรียกว่า นํ้าตาลทรายดิบ, ทำเป็นเม็ด ๆ เหมือนทราย เรียกว่า นํ้าตาลทราย, ทำเป็นผงละเอียดหรือจับกันเป็นก้อน ๆ สีนํ้าตาล เรียกว่า นํ้าตาลทรายแดง, ทำเป็นก้อนแข็งเหมือนกรวด เรียกว่า นํ้าตาลกรวด, ทำเป็นงบ เรียกว่า นํ้าตาลงบ, เคี่ยวให้ข้น ๆ เรียกว่า นํ้าตาลตงุ่น, หยอดใส่ใบตาลหรือใบตองแห้งทำเป็นรูปปี่ เรียกว่า นํ้าตาลปี่, หยอดเป็นปึก เรียกว่า นํ้าตาลปึก, หยอดใส่หม้อ เรียกว่า นํ้าตาลหม้อ, บรรจุใส่ปีบ เรียกว่า น้ำตาลปีบ หรือ น้ำตาลปี๊บ, รองมาใหม่ ๆ ยังไม่ได้เคี่ยว เรียกว่า นํ้าตาลสด, ถ้าต้มให้เดือด เรียกว่า นํ้าตาลลวก, ถ้าใส่เปลือกตะเคียน มะเกลือ หรือเคี่ยม เป็นต้น หมักไว้ระยะหนึ่งจนมีแอลกอฮอล์ กินแล้วเมา เรียกว่า นํ้าตาลเมา."
น้ำตาล 1,ว.,"สีคล้ายสีนํ้าตาลหม้อที่เคี่ยวแก่ไฟ, ถ้าแก่ไฟจนไหม้ เรียกว่า สีนํ้าตาลไหม้."
น้ำตาลกะทิ 0,น.,ของหวานทำด้วยน้ำตาลกวนกับมะพร้าว คล้ายหน้ากระฉีก แต่ใช้น้ำตาลมากกว่า.
น้ำตาลใกล้มดใครจะอดได้ 0,น.,ชายหญิงที่ใกล้ชิดกันมากย่อมห้ามใจไม่ให้รักกันได้ยาก.
น้ำตาลจีน 0,น.,ชื่อมะม่วงพันธุ์หนึ่งของชนิด Mangifera indica L. เดิมเรียก นํ้าตาลทรายจีน.
น้ำเต้า 0,น.,ชื่อไม้เถาล้มลุกชนิด Lagenaria siceraria (Molina) Standl. ในวงศ์ Cucurbitaceae อยู่ในจำพวกฟักแฟง ดอกสีขาว ผลกินได้ เมื่อแก่แห้งใช้เป็นภาชนะได้
น้ำเต้า 1,น.,อวัยวะส่วนที่อยู่โคนงวงช้าง มีรูปโป่งคล้ายลูกนํ้าเต้า
น้ำเต้า 2,น.,ชื่อการพนันชนิดหนึ่ง เล่นโดยเจ้ามือจะเป็นผู้ซัดหรือฝัดลูกบาศก์ซึ่งมี ๖ หน้า เขียนเป็นรูปนํ้าเต้า ปู ปลา เสือ ไก่ และกุ้ง ให้ลูกค้าแทง.
น้ำเต้า 3,น.,โกฐนํ้าเต้า. (ดู โกฐนํ้าเต้า ที่ โกฐ).
น้ำใต้ดิน 0,น.,นํ้าฝนที่ตกลงมาสู่พื้นดินแล้วไหลซึมไปรวมอยู่ใต้ดิน.
น้ำทรง 0,น.,นํ้าในแม่น้ำลำคลองที่หยุดขึ้นหรือหยุดลงช่วงเวลาหนึ่ง ขณะที่นํ้ากำลังจะเปลี่ยนระดับจากนํ้าขึ้นเต็มที่มาเป็นนํ้าลง หรือจากน้ำลงเต็มที่มาเป็นน้ำขึ้น.
น้ำท่วมทุ่งผักบุ้งโหรงเหรง 0,ก.,พูดมากแต่ได้เนื้อหาสาระน้อย.
น้ำท่วมปาก 0,ก.,พูดไม่ออกเพราะเกรงจะมีภัยแก่ตนหรือผู้อื่น.
น้ำท่า 0,น.,นํ้าในแม่นํ้าลำคลอง.
นำทาง 0,ก.,"พาไปสู่ที่หมาย, นำไปให้ถูกทาง."
น้ำทูนหัว 0,น.,นํ้าที่อยู่ในถุงนํ้าครํ่าซึ่งอยู่รอบลูกในท้อง ช่วยหล่อลื่นในการคลอด.
น้ำเทพมนตร์ 0,น.,"นํ้าที่พราหมณ์เสกเพื่อให้อาบ กิน หรือประพรม เป็นต้น ถือกันว่าเป็นมงคล, น้ำมนตร์ ก็เรียก."
นำเที่ยว 0,ก.,พาเที่ยวชมบ้านชมเมือง.
น้ำไทย 0,น.,ชื่อกล้วยพันธุ์หนึ่งของชนิด Musa acuminata Colla ผลรูปรี เนื้อสีเหลืองส้ม รสหวาน.
น้ำนม 0,น.,ของเหลวสีขาวออกมาจากนมคนและสัตว์ สำหรับเลี้ยงลูก
น้ำนม 1,น.,โดยปริยายหมายถึง ของเหลวสีขาว ทำจากพืชบางชนิด เช่น น้ำนมถั่วเหลือง น้ำนมข้าวโพด
น้ำนม 2,น.,นม ก็ว่า.
น้ำนมแมว 0,น.,ของเหลวชนิดหนึ่งประกอบด้วยเอทิลแอซีเทต (ethyl acetate) มีกลิ่นหอมคล้ายดอกนมแมว ใช้ประโยชน์เป็นตัวปรุงกลิ่นขนมเป็นต้น.
น้ำนมราชสีห์ 0,น.,กล้วยชนิดหนึ่ง ผลคล้ายกล้วยกรัน สุกรสหวานเย็น มีกลิ่นหอม.
น้ำนมราชสีห์ 1,น.,ชื่อไม้ล้มลุกขนาดเล็กหลายชนิดในสกุล Euphorbia วงศ์ Euphorbiaceae ใบออกตรงข้ามกัน ทุกส่วนมียางขาวคล้ายนํ้านม ใช้ทำยาได้ เช่น ชนิด E. hirta L. ต้นและใบมีขน.
น้ำนอง 0,น.,"น้ำล้นฝั่ง, น้ำล้นตลิ่ง."
น้ำนอง 1,น.,"ชื่อปลวกหลายชนิด หลายสกุล และหลายวงศ์ ในอันดับ Isoptera ลำตัวสีดำหรือนํ้าตาลแก่ อาศัยอยู่ใต้ดิน เมื่อมีนํ้านองเกิดตะไคร่ขึ้น พอนํ้าลดจะเดินเป็นขบวนเพื่อมากินตะไคร่และคาบไปเลี้ยงตัวอ่อน จึงเห็นตัวเฉพาะในเวลานํ้านอง เช่น ชนิด Hospitalitermes medioflavusHolmgren, H. asahinaiMorimoto, H. birmanicus Snyder ในวงศ์ Termitidae."
น้ำนอง 2,น.,ชื่อไม้พุ่มกึ่งไม้ต้นชนิด Polyalthia suberosa (Roxb.) Thwaites ในวงศ์ Annonaceae ใบเดี่ยว เรียงสลับ ดอกเดี่ยว กลีบเลี้ยงด้านบนมีขน กลีบดอกสีเหลืองคล้ำ ผลเป็นกลุ่ม เมื่อสุกสีแดง.
น้ำนอง 3,น.,"ชื่อไม้พุ่มรอเลื้อยชนิด Salacia chinensis L. ในวงศ์ Celastraceae ขึ้นตามป่าดิบ ใบเดี่ยว ออกตรงข้ามกัน ขอบใบจัก ดอกสีเขียวอมเหลือง ใช้ทำยาได้, ตะลุ่มนก หรือ นํ้านอง ก็เรียก."
น้ำนอนคลอง 0,น.,นํ้าในคลองซึ่งไหลลงไม่หมด เหลือนํ้าอยู่ติดก้นคลองเป็นห้วง ๆ.
น้ำน้อยแพ้ไฟ 0,น.,ฝ่ายข้างน้อยย่อมแพ้ฝ่ายข้างมาก.
น้ำนิ่งไหลลึก 0,น.,คนที่มีท่าหงิม ๆ มักจะมีความคิดลึกซึ้ง.
น้ำบ่อน้อย 0,น.,นํ้าลาย.
น้ำบาดาล 0,น.,น้ำที่สูบจากใต้ดินที่ลึกไม่ต่ำกว่า ๑๐ เมตร.
น้ำประปา 0,น.,น้ำที่ผ่านกระบวนการทำให้สะอาดปราศจากเชื้อโรค แล้วจ่ายไปให้ประชาชนบริโภคใช้สอย.
น้ำประสานทอง 0,น.,เกลือเคมีชนิดหนึ่งใช้เป็นตัวประสานในการเชื่อมหรือบัดกรีโลหะเป็นต้น.
น้ำปรุง 0,น.,น้ำหอมอย่างไทยที่ทำจากกลิ่นดอกไม้สกัดผสมน้ำบริสุทธิ์เจือแอลกอฮอล์และหัวน้ำหอมเล็กน้อย.
น้ำปลา 0,น.,นํ้าสำหรับปรุงอาหารให้มีรสเค็ม ทำจากปลาเป็นต้นหมักกับเกลือ.
น้ำป่า 0,น.,นํ้าที่เกิดท่วมในที่ตํ่าโดยฉับพลันทันทีและไหลลดลงอย่างรวดเร็ว เกิดจากฝนตกชุกในที่สูงบริเวณเทือกเขาหรือในป่า เมื่อสะสมไว้มีปริมาณมากขึ้นก็จะไหลบ่าสู่ที่ต่ำ.
น้ำผลึก 0,น.,โมเลกุลของนํ้าที่ประกอบอยู่กับโมเลกุลของสารประกอบบางชนิดเมื่ออยู่ในภาวะเป็นรูปผลึก.
น้ำผึ้ง 0,น.,นํ้าหวานมีลักษณะข้นที่แมลงผึ้งเก็บสะสมเอามาจากเกสรดอกไม้ต่าง ๆ.
น้ำผึ้ง 1,น.,"ชื่อไม้ต้นขนาดเล็กชนิด Schoutenia glomerata King subsp. peregrina (Craib) Roekm. ในวงศ์ Tiliaceae ใบออกเรียงสลับกัน ด้านล่างสีขาว ดอกสีเหลือง ออกเป็นช่อสั้น ๆ ตามง่ามใบ ปลูกเป็นไม้ประดับ, นํ้าผึ้ง หรือ ดอกนํ้าผึ้ง ก็เรียก."
น้ำผึ้ง 2,น.,"ชื่อปลาน้ำจืดชนิด Gyrinocheilus aymonieri (Tirant) และชนิด G. pennocki (Fowler) ในวงศ์ Gyrinocheilidae ลำตัวทรงกระบอก คอดหางใหญ่ ครีบหางเว้าตื้น ปลายหัวมน งุ้ม ตาเล็กอยู่ค่อนไปทางด้านบน ที่สำคัญคือ มีรูน้ำเข้า ๑ รูอยู่เหนือแผ่นปิดเหงือก บริเวณจะงอยปากมีตุ่มเนื้อขนาดเล็ก ไม่มีหนวด พื้นลำตัวมีสีน้ำตาลคล้ำ ข้างตัวมีจุดสีดำเรียงสลับกันตามยาวอยู่ ๒ แถว จุดสีดำยังอาจพบบนครีบ อาศัยตามที่ลุ่มน้ำต้นฤดูน้ำ หรือตามลำธารบนภูเขา กินสาหร่ายและพืชน้ำอื่น ๆ ปรกติใช้ปากดูดเกาะห้อยตัวอยู่กับวัตถุใต้น้ำหรืออยู่ตามพื้นท้องน้ำ ขนาดยาวได้ถึง ๒๘ เซนติเมตร, สร้อยน้ำผึ้ง ปากใต้ ลูกผึ้ง ผึ้ง หรือ อีดูด ก็เรียก."
น้ำฝาด 0,น.,"น้ำที่มีรสฝาด เกิดจากการเอาเปลือกไม้แก่นไม้เป็นต้นของไม้บางชนิดเช่นขนุนมาต้ม ใช้ย้อมสบงจีวร, ฝาด ก็ว่า เช่น ผ้าย้อมฝาด."
น้ำพระพิพัฒน์สัตยา 0,น.,นํ้าศักดิ์สิทธิ์ที่ดื่มในเวลาถวายสัตย์ต่อพระมหากษัตริย์.
น้ำพระพุทธมนต์ 0,น.,"นํ้าที่เข้าพิธีทางพระพุทธศาสนาเพื่อให้อาบ กิน หรือ ประพรมเป็นต้น ถือกันว่าเป็นมงคล, น้ำมนต์ ก็เรียก."
น้ำพริก 0,น.,"อาหารชนิดหนึ่ง ปรุงด้วยกะปิ กระเทียม พริกขี้หนู มะนาว เป็นต้น ใช้เป็นเครื่องจิ้มหรือคลุกข้าวกิน ใช้นํ้าปลาหรือนํ้าปลาร้าแทนกะปิก็มี เช่น นํ้าพริกปลาร้า นํ้าพริกปลาย่าง ใช้ของเปรี้ยวอื่น ๆ เช่น มะขาม มะดัน มะม่วง แทนมะนาวก็มี เรียกชื่อต่างกันไปตามเครื่องปรุง เช่น นํ้าพริกมะขาม นํ้าพริกมะดัน นํ้าพริกมะม่วง, อาหารคาวอย่างหนึ่ง ลักษณะอย่างแกง มี ๓ รสแต่ค่อนข้างหวาน ทำด้วยถั่วทองคั่วแล้วโขลก เนื้อกุ้งโขลก ผสมกับกะทิ และเครื่องปรุงรส กินกับเหมือดคือผักบางอย่าง ใช้กินกับขนมจีน, เครื่องปรุงแกงเผ็ด แกงคั่ว หรือ แกงส้ม."
น้ำพริกขี้กา 0,น.,น้ำพริกชนิดหนึ่ง ทำด้วยพริกชี้ฟ้า หอม กระเทียม เผาแล้วโขลกพอแหลก ปรุงรสด้วยน้ำปลา มะนาว น้ำตาล.
น้ำพริกเผา 0,น.,นํ้าพริกชนิดหนึ่ง ใช้พริกแห้ง หอม กระเทียม กุ้งแห้ง เป็นต้น เผาหรือทอด แล้วตำให้ละเอียด ปรุงด้วยนํ้าปลา นํ้าตาล ส้มมะขาม ใช้คลุกข้าวหรือทาขนมปัง.
น้ำพักน้ำแรง 0,น.,การทุ่มเททำงานอย่างอุตสาหะจนบรรลุผลสำเร็จด้วยตนเอง เช่น บ้านหลังนี้สร้างด้วยน้ำพักน้ำแรงของเขาแท้ ๆ.
นำพา 0,ก.,"เอาใจใส่, เอื้อเฟื้อ, ช่วยธุระ, ใช้ในประโยคปฏิเสธว่า ไม่นำพา."
น้ำพี้ 0,น.,ธาตุเหล็กที่ได้จากตำบลน้ำพี้ในจังหวัดอุตรดิตถ์ ถือกันว่าเป็นเหล็กที่มีคุณภาพดี มักใช้ทำอาวุธเป็นต้น.
น้ำพึ่งเรือเสือพึ่งป่า 0,น.,การพึ่งพาอาศัยกัน.
น้ำพุ 0,น.,"นํ้าใต้ดินที่ผุดพุ่งขึ้นมาเหนือพื้น มีอุณหภูมิตํ่ากว่าอุณหภูมิของร่างกายมนุษย์, ถ้ามีอุณหภูมิสูงกว่า ซึ่งมีตั้งแต่อุ่น ๆ จนถึงเดือดพล่าน เรียกว่า นํ้าพุร้อน, นํ้าที่ผุดขึ้นมาในลักษณะที่คล้ายคลึงเช่นนั้น."
น้ำมนต์ 0,น.,"นํ้าที่เข้าพิธีทางพระพุทธ-ศาสนาเพื่อให้อาบ กิน หรือประพรม เป็นต้น ถือกันว่าเป็นมงคล, เรียกเต็มว่า น้ำพระพุทธมนต์."
น้ำมนตร์ 0,น.,"นํ้าที่พราหมณ์เสกเพื่อให้อาบ กิน หรือประพรมเป็นต้น ถือกันว่าเป็นมงคล, เรียกเต็มว่า น้ำเทพมนตร์."
น้ำมัน 0,น.,"ของเหลวที่มีลักษณะเป็นมันลื่น ไม่ละลายน้ำ สกัดจากพืช สัตว์ แร่บางชนิด เช่นถ่านหิน หรือที่สูบขึ้นมาจากแหล่งกำเนิด, โดยปริยายหมายถึง สิ่งที่มีลักษณะคล้ายคลึงเช่นนั้น เช่น น้ำมันใส่ผม."
น้ำมันก๊าด 0,น.,นํ้ามันชนิดหนึ่งใช้จุดไฟตะเกียงเป็นต้น.
น้ำมันขี้โล้ 0,น.,"น้ำมันเชื้อเพลิงชนิดหนึ่งซึ่งใช้กับเครื่องยนต์ดีเซลชนิดหมุนช้า, ทางการเรียกว่า น้ำมันดีเซลหมุนช้า."
น้ำมันเขียว 0,น.,นํ้ามันชนิดหนึ่ง สีเขียวแกมนํ้าเงิน มีกลิ่นหอมฉุนคล้ายการบูร กลั่นได้จากใบของต้นเสม็ด (Melaleuca cajuputi Ponell) ใช้สำหรับทา นวด แก้เคล็ดบวมได้.
น้ำมันเครื่อง 0,น.,"นํ้ามันประเภทหนึ่ง มีลักษณะค่อนข้างข้น ใช้สำหรับหล่อลื่นเพื่อลดความเสียดทานระหว่างผิวโลหะ, ใช้ผสมกับนํ้ามันเบนซินเป็นนํ้ามันเชื้อเพลิงสำหรับเครื่องยนต์เบนซินชนิด ๒ จังหวะก็ได้, นํ้ามันหล่อลื่น ก็เรียก."
น้ำมันจันทน์ 0,น.,นํ้ามันที่กลั่นจากไม้จันทน์ มีกลิ่นหอม.
น้ำมันโซลา 0,น.,นํ้ามันดีเซล.
น้ำมันดิน 0,น.,ของเหลวลักษณะข้น สีเข้มจนดำ ได้จากการกลั่นทำลายไม้หรือถ่านหิน ใช้ทารักษาเนื้อไม้หรือกันปลวกและแมลงเป็นต้น เมื่อนำไปกลั่นโดยใช้อุณหภูมิให้เหมาะสม จะได้สารอื่น ๆ ที่มีประโยชน์อีกมาก.
น้ำมันดิบ 0,น.,นํ้ามันที่สกัดหรือสูบขึ้นมาจากแหล่งกำเนิด และยังมิได้ทำให้บริสุทธิ์หรือยังมิได้นำไปกลั่นแยกออกเป็นส่วน ๆ.
น้ำมันดีเซล 0,น.,"นํ้ามันที่ใช้เป็นเชื้อเพลิงในเครื่องยนต์ดีเซลชนิดหมุนเร็ว, นํ้ามันโซลา ก็เรียก."
น้ำมันตานี 0,น.,น้ำมันชนิดหนึ่งทำจากนํ้ามันมะพร้าวเคี่ยวกับขี้ผึ้งแท้พอเหลว ใช้แต่งผม.
น้ำมันเตา 0,น.,นํ้ามันเชื้อเพลิงชนิดหนึ่ง ใช้พ่นเข้าไปจุดเผาในเตาเพื่อให้ความร้อนแก่หม้อนํ้าเครื่องจักร.
น้ำมันเบนซิน 0,น.,นํ้ามันเชื้อเพลิงชนิดหนึ่ง นำไปใช้โดยทำให้ไอของนํ้ามันผสมกับอากาศเข้าไปจุดระเบิดด้วยประกายไฟฟ้าจากหัวเทียนในเครื่องจักรกลชนิดเผาไหม้ภายใน.
น้ำมันพราย 0,น.,นํ้ามันที่ได้จากการลนปลายคางศพหญิงที่ตายทั้งกลม เชื่อว่าดีดใส่ผู้หญิง ทำให้ผู้หญิงหลงรัก.
น้ำมันมนตร์ 0,น.,นํ้ามันมะพร้าวที่เสกเป่าด้วยเวทมนตร์คาถา เชื่อกันว่าทาแก้เมื่อยขบเป็นต้น.
น้ำมันมะกอก 0,น.,น้ำมันที่ได้จากผลมะกอก ใช้ปรุงอาหารเป็นต้น.
น้ำมันยาง 0,น.,นํ้ามันที่ได้จากต้นยางนา ใช้ทาเรือ ทาบ้าน หรือผสมกับชันใช้ยาเรือได้.
น้ำมันระกำ 0,น.,นํ้ามันระเหยง่ายชนิดหนึ่ง กลิ่นหอมฉุน กลั่นได้จากไม้ล้มลุกชนิด Gaultheria procumbens L. ในวงศ์ Ericaceae ใช้ทานวดแก้เคล็ดบวม และใช้เป็นสารแต่งกลิ่นได้.
น้ำมันลินสีด 0,น.,น้ำมันที่ได้จากเมล็ดของต้นแฟลกซ์ มีลักษณะข้น เหนียว เมื่อถูกอากาศจะแข็งตัว ใช้ประโยชน์ในการผสมสี หมึกพิมพ์ นํ้ามันชักเงา เป็นต้น.
น้ำมันสน 0,น.,นํ้ามันระเหยง่ายที่ได้จากการกลั่นยางสนเขา.
น้ำมันสลัด 0,น.,นํ้ามันที่ได้จากพืชบางชนิดเช่นมะกอก ใช้เป็นส่วนผสมของน้ำสลัดเป็นต้น.
น้ำมันหม่อง 0,น.,"ยาที่ใช้ทาบรรเทาอาการขัดยอก หรือความเจ็บปวดเนื่องจากแมลงกัดต่อยเป็นต้น, ยาหม่อง ก็เรียก."
น้ำมันหล่อลื่น 0,น.,นํ้ามันเครื่อง.
น้ำมาปลากินมดน้ำลดมดกินปลา 0,*สำ.,ทีใครทีมัน.
น้ำมือ 0,น.,มือของตัวแท้ ๆ เช่น งานนี้สำเร็จได้ด้วยน้ำมือของฉันเอง
น้ำมือ 1,น.,"ความสามารถในการทำ, การกระทำ เช่น เรือสินค้าจมลงด้วยน้ำมือโจรสลัด."
น้ำมูก 0,น.,นํ้าเมือกที่ออกจากจมูก.
น้ำเมา 0,น.,นํ้าที่ดื่มแล้วทำให้มึนเมา มีสุรา เมรัย เป็นต้น.
น้ำย่อย 0,น.,ของเหลวที่มีสารอินทรีย์บางชนิดสำหรับย่อยอาหาร สร้างจากอวัยวะของระบบทางเดินอาหาร ได้แก่ ปาก ต่อมน้ำลาย กระเพาะอาหาร และ ลำไส้.
น้ำยา 0,น.,อาหารคาวอย่างหนึ่ง ลักษณะอย่างแกงกะทิ กินกับขนมจีน มีรสค่อนข้างเค็ม ทำด้วยเนื้อปลาต้ม โขลกกับเครื่องแกงผสมกระชาย กินกับถั่วงอกลวก ใบแมงลักเป็นต้น
น้ำยา 1,น.,สิ่งที่ประสมเป็นนํ้าสำหรับจิตรกรรมหรือระบายภาพ
น้ำยา 2,น.,นํ้าที่ผสมสารเคมีเพื่อใช้ในกิจการบางอย่าง เช่น นํ้ายาล้างรูป.
น้ำยา 3,น.,ความสามารถในทางใดทางหนึ่ง (มักใช้ในทางตำหนิ) เช่น ไม่มีนํ้ายา หรือ หมดนํ้ายา หมายความว่า ไม่มีสติปัญญาความสามารถ หรือ หมดความสามารถ.
น้ำยาเคมี 0,น.,ของเหลวซึ่งมีสารเคมีละลายอยู่.
น้ำเย็นปลาตาย 0,น.,"คำพูดที่ไพเราะอ่อนหวานทำให้ตายใจ อาจเป็นโทษเป็นภัยได้, มักพูดเข้าคู่กับ นํ้าร้อนปลาเป็น."
นำร่อง 0,ก.,"นำเรือกำปั่นหรือเรือใหญ่และกินนํ้าลึก เช่นเรือสินค้า เข้าหรือออกจากท่าเรือตามร่องน้ำในระยะซึ่งอาจมีอันตรายแก่การเดินเรือ, เรียกเจ้าพนักงานผู้ทำหน้าที่เช่นนั้น ว่า พนักงานนำร่อง หรือเรียกสั้น ๆ ว่า นำร่อง, เรียกเรือเล็กที่ใช้ในการนำร่อง ว่า เรือนำร่อง"
นำร่อง 1,ก.,โดยปริยายหมายถึง การริเริ่มหรือทดลองทำไปก่อน เช่น โครงการนำร่อง.
น้ำร้อนปลาเป็น 0,น.,"คำพูดที่ตรงไปตรงมาฟังไม่ไพเราะ เป็นการเตือนให้ระวังตัว แต่ไม่เป็นพิษเป็นภัย, มักพูดเข้าคู่กับ นํ้าเย็นปลาตาย."
น้ำรัก 0,น.,ยางที่ได้จากไม้ต้นในสกุล Glutaและสกุล Rhus วงศ์ Anacardiaceae ทำให้มีสีดำแล้วใช้ทาลงพื้นให้เหนียวเพื่อปิดทอง.
น้ำแร่ 0,น.,นํ้าที่มีสารบางอย่างละลายอยู่เป็นพิเศษ บางอย่างมีสมบัติทางยารักษาโรค.
น้ำลง 0,น.,นํ้าในทะเลและแม่นํ้าลำคลองที่มีทางติดต่อโดยตรงกับทะเลหรือได้รับอิทธิพลจากนํ้าทะเลเป็นต้นที่มีระดับนํ้าตํ่าลง ในวันหนึ่ง ๆ ตามปรกตินํ้าจะลง ๒ ครั้ง และนํ้าลงครั้งแรกจะมีระดับตํ่ากว่าลงครั้งที่ ๒.
น้ำลดตอผุด 0,*สำ.,เมื่อหมดอำนาจ ความชั่วที่ทำไว้ก็ปรากฏ.
น้ำละว้า 0,?,ดู นํ้าว้า.
น้ำลาย 0,น.,นํ้าที่หลั่งออกมาจากต่อมนํ้าลายและต่อมเมือกในปากช่วยย่อยอาหารจำพวกแป้ง.
น้ำลายสอ 0,ว.,อาการที่อยากมาก ในความเช่น อยากกินจนนํ้าลายสอ.
น้ำลายหก 0,ว.,อาการที่อยากมาก ในความเช่น อยากได้จนนํ้าลายหก.
น้ำลายไหล 0,ว.,อาการที่อยากมาก ในความเช่น อยากได้จนนํ้าลายหก.
น้ำเลี้ยง 0,น.,ของเหลวที่หล่อเลี้ยงส่วนต่าง ๆ ของสิ่งมีชีวิต เช่น นํ้าเลี้ยงลูกตา นํ้าเลี้ยงลำต้น.
น้ำวน 0,น.,กระแสนํ้าไหลวนเป็นวงในทะเลหรือแม่นํ้า เกิดจากรูปร่างลักษณะของร่องนํ้าหรือเนื่องจากกระแสนํ้า ๒ สายไหลมาปะทะกัน.
น้ำว้า 0,น.,"ชื่อกล้วยพันธุ์หนึ่งซึ่งพัฒนามาจากลูกผสมระหว่างกล้วยป่ากับกล้วยตานี, นํ้าละว้า ก็เรียก, พายัพเรียก กล้วยกะลิอ่อง กล้วยปาลิอ่อง กล้วยมะลิอ่อง หรือกล้วยอ่อง เว้นเชียงใหม่เรียก กล้วยใต้."
น้ำไว 0,น.,แสงของเพชรหรือพลอยที่สะท้อนออกมาเมื่อเวลาถูกแสงไฟหรือแสงอาทิตย์.
น้ำสต๊อก 0,น.,น้ำต้มกระดูกไก่ กระดูกหมู หรือเนื้อสัตว์ เป็นต้น ใส่เกลือเล็กน้อย เคี่ยวไฟอ่อน ๆ จนได้ที่ เคี่ยวครั้งหนึ่งเก็บไว้ได้หลายวัน ใช้ผสมในการปรุงอาหาร เช่น แกงจืด ซุป สตู หรืออาหารประเภทผัดผักต่าง ๆ เพื่อเพิ่มรสชาติให้ดียิ่งขึ้น.
น้ำส้ม 0,น.,นํ้าคั้นจากผลส้ม ใช้เป็นเครื่องดื่ม
น้ำส้ม 1,น.,นํ้าส้มสายชู.
น้ำส้มสายชู 0,น.,"ของเหลวซึ่งมีกรดแอซีติกละลายอยู่ไม่เกินร้อยละ ๖ มีรสเปรี้ยว ใช้ปรุงอาหาร, นํ้าส้ม ก็เรียก."
นำสมัย 0,ว.,มีความคิดริเริ่มในการแต่งกายเป็นต้นก่อนสมัยนิยม.
น้ำสลัด 0,น.,น้ำปรุงรสสำหรับราดผักต่าง ๆ ซึ่งเรียกว่า สลัด หรือยำสลัด.
น้ำสังข์ 0,น.,นํ้าพระพุทธมนต์ที่หลั่งจากสังข์ในพิธีมงคล เช่นรดลงที่มือคู่บ่าวสาวในงานแต่งงาน หรือรดลงที่ศีรษะเด็กในงานโกนจุก.
น้ำสั่งฟ้า ปลาสั่งฝน 0,*สำ.,"สั่งเสียเป็นครั้งสุดท้าย, ทำการอันใดที่เป็นสิ่งสำคัญเพื่อไว้อาลัยก่อนจากไป, ฝนสั่งฟ้า ปลาสั่งหนอง ก็ว่า."
น้ำสาบาน 0,น.,น้ำศักดิ์สิทธิ์ เช่นน้ำพระพุทธมนต์ น้ำเทพมนตร์ หรือสุราผสมเลือดที่ผู้ร่วมสาบานกรีดให้หยดลงแล้วดื่มประกอบกับคำปฏิญาณ เช่น พี่น้องร่วมน้ำสาบาน เพื่อนร่วมน้ำสาบาน.
นำสืบ 0,ก.,นำพยานหลักฐานมาแสดงต่อศาลเพื่อพิสูจน์ข้อเท็จจริงที่กล่าวอ้าง.
น้ำสุก 0,น.,นํ้าที่ต้มแล้ว.
น้ำเสียง 0,น.,"กระแสเสียง, คำพูด"
น้ำเสียง 1,น.,โดยปริยายหมายถึง คำพูดที่ส่อให้รู้อารมณ์ที่มีอยู่ในใจ.
นำแสดง 0,ก.,"แสดงบทบาทสำคัญในภาพยนตร์หรือละคร, มีบทบาทนำในการแสดงภาพยนตร์หรือละคร."
น้ำใสใจคอ 0,น.,น้ำใจที่แท้จริง (มักใช้ในทางดี) เช่น เขาเป็นคนมีน้ำใสใจคอโอบอ้อมอารี.
น้ำหนวก 0,น.,นํ้าที่อยู่ในช่องหูซึ่งมีอาการอักเสบ มีกลิ่นเหม็น อาจมีลักษณะใส เป็นมูกข้นหรือเป็นหนอง.
น้ำหนอง 0,น.,"น้ำเลือดเสียกลายเป็นสีขาวข้นที่คั่งอยู่ในแผลและฝี, หนอง ก็ว่า."
น้ำหนัก 0,น.,"ความหนักของสิ่งต่าง ๆ, ความสำคัญ เหตุผล หรือพยานหลักฐาน เป็นต้น ที่ควรแก่การเชื่อถือ หรือที่จูงใจให้เชื่อถือ."
น้ำหน้า 0,น.,หน้า (ใช้ในความแดกดัน รังเกียจ หรือดูหมิ่น เป็นต้น) เช่น นํ้าหน้าอย่างนี้ทำไม่สำเร็จดอก เกลียดนํ้าหน้า ชังนํ้าหน้า
น้ำหน้า 1,น.,นํ้าตา เช่น นํ้าหน้าไล้กำลูน (ม. คำหลวง ทานกัณฑ์).
น้ำหนึ่ง 0,ว.,มีคุณสมบัติสูงสุดและมีแสงแวววาวบริสุทธิ์ (ใช้แก่เพชร) เรียกว่า เพชรนํ้าหนึ่ง.
น้ำหนึ่งใจเดียวกัน 0,ว.,มีความคิดเห็นเป็นอันหนึ่งอันเดียวกัน.
น้ำหมาก 0,น.,นํ้าลายของผู้ที่กำลังเคี้ยวหมาก มีสีแดง.
น้ำหมึก 0,น.,"น้ำที่ใช้ในการขีดเขียนหรือการสักลวดลายตามตัว ปรกติมีสีดำจัด จึงใช้เปรียบกับของดำว่า ดำเป็นน้ำหมึก, หมึก ก็ว่า."
น้ำหอม 0,น.,"นํ้าที่กลั่นจากเครื่องหอม, นํ้าอบฝรั่ง ก็เรียก."
น้ำเหลือง 0,น.,"ของเหลวที่ไหลออกมาจากหลอดเลือดฝอย เข้าไปอยู่ในเนื้อเยื่อของร่างกาย แล้วไหลเข้าสู่หลอดน้ำเหลืองซึ่งจะส่งต่อไปยังหลอดเลือดดำ, ของเหลวสีเหลืองใสที่เยิ้มออกมาทางแผล."
น้ำเหลืองน้ำตาล 0,น.,กากนํ้าตาล.
น้ำไหลไฟดับ 0,ว.,เร็วและคล่อง (ใช้แก่กริยาพูด).
น้ำอดน้ำทน 0,น.,ความอดทน.
น้ำอบ 0,น.,นํ้าที่ปรุงด้วยเครื่องหอมแล้วอบด้วยควันกำยานหรือเทียนอบ.
น้ำอบไทย 0,น.,นํ้าที่ปรุงด้วยเครื่องหอมแล้วอบด้วยควันกำยานหรือเทียนอบ.
น้ำอบฝรั่ง 0,น.,นํ้าหอม.
น้ำอสุจิ 0,น.,น้ำกาม.
น้ำอ่อน 0,น.,นํ้าที่ละลายสบู่ได้ดี ให้ฟองได้ง่าย และไม่เกิดไคลสบู่.
น้ำอ้อย 0,น.,"นํ้าหวานที่ได้จากต้นอ้อย, ถ้าทำเป็นแผ่นกลม ๆ เรียกว่า นํ้าอ้อยงบ, ถ้าทำเป็นผงละเอียดหรือจับกันเป็นก้อน ๆ สีนํ้าตาล เรียกว่า นํ้าตาลทรายแดง, หางนํ้าอ้อยที่ใช้เป็นเครื่องผสมสำหรับต้มกลั่นสุรา, กากน้ำตาลที่ใช้ผสมปูนสอสำหรับการก่อสร้าง."
น้ำอัดลม 0,น.,เครื่องดื่มที่ผสมนํ้าตาลหรือนํ้าผลไม้ มีแก๊สคาร์บอนไดออกไซด์ละลายอยู่โดยใช้ความดัน.
น้ำอาบงัว 0,น.,นํ้าฝนที่ตกชะดินไหลลงมา มีสีน้ำตาลอ่อน.
นิ 0,*ว.,ใช้เสริมท้ายคำบางคำ เช่น สนุกนิ สำนักนิ.
นิกเกิล 0,น.,"ธาตุลำดับที่ ๒๘ สัญลักษณ์ Ni เป็นโลหะ ลักษณะเป็นของแข็ง สีเงิน หลอมละลายที่ ๑๔๕๓ °ซ. ใช้ประโยชน์นำไปผสมกับโลหะอื่นให้เป็นโลหะเจือ ชุบฉาบผิวโลหะอื่นเป็นต้น, ทางการค้าเรียกว่า ทองขาว. (ดู ทองขาว) (อ. nickel)."
นิกขะ 0,น.,"ลิ่ม, แท่ง"
นิกขะ 1,น.,ชื่อมาตรานํ้าหนักของเงินอินเดีย ๕ สุวัณณะ เป็น ๑ นิกขะ.
นิกขันต์ 0,ก.,"ออกไป, พ้นไป, จากไป."
นิกร 0,น.,"หมู่, พวก."
นิกรอยด์ 0,น.,ชนชาติผิวดำ มีลักษณะผมหยิกขอดติดศีรษะ ปากหนา เช่น นิโกร ซาไก.
นิกาย 0,น.,"หมู่, พวก, หมวด, ใช้เกี่ยวกับศาสนา ในกรณีเช่นคณะนักบวชในศาสนาเดียวกัน ที่แยกออกไปเป็นพวก ๆ เช่น มหานิกาย ธรรมยุติกนิกาย นิกายโรมันคาทอลิก นิกายโปรเตสแตนต์"
นิกาย 1,น.,เรียกคัมภีร์พระสุตตันตปิฎกที่แยกออกเป็น ๕ หมวดใหญ่ คือ ทีฆนิกาย มัชฌิมนิกาย สังยุตนิกาย อังคุตรนิกาย ขุทกนิกาย.
นิคม 0,น.,"หมู่บ้านขนาดใหญ่, ถิ่นฐานหรือชุมชนที่เกิดขึ้นจากการตั้งหลักแหล่ง, หมู่บ้านใหญ่หรือตำบลที่ประชาชนเข้าไปตั้งถิ่นฐานอยู่เพื่อประกอบอาชีพเป็นหลักฐาน เช่น นิคมสร้างตนเอง นิคมอุตสาหกรรม."
นิคมที่ดิน 0,น.,ที่ดินที่รัฐจัดสรรให้ประชากรอพยพครอบครัวเข้าไปตั้งถิ่นฐานเพื่อประกอบอาชีพและอยู่อาศัยอย่างเป็นระเบียบ โดยมีการวางแผนเพื่อพัฒนาพื้นฐานทางเศรษฐกิจ สังคม และวิชาชีพ รวมทั้งบริการสาธารณูปโภคต่าง ๆ ไว้ล่วงหน้า.
นิคมสร้างตนเอง 0,น.,บริเวณที่ดินของรัฐที่มีพระราชกฤษฎีกาจัดตั้งเป็นนิคมสร้างตนเอง เพื่อให้ราษฎรที่ขาดแคลนที่ดินทำกินได้มีที่ตั้งเคหสถานและประกอบอาชีพเกษตรกรรมเป็นหลักแหล่งในที่ดินนั้น.
นิคมสหกรณ์ 0,น.,บริเวณที่ดินของรัฐที่มีพระราชกฤษฎีกาจัดตั้งเป็นนิคมสหกรณ์ เพื่อให้ราษฎรที่ขาดแคลนที่ดินทำกินได้มีที่ตั้งเคหสถานและประกอบอาชีพเกษตรกรรมเป็นหลักแห่งในที่ดินนั้น โดยให้มีการก่อตั้งสหกรณ์ขึ้น.
นิคมอุตสาหกรรม 0,น.,เขตพื้นที่ที่กำหนดไว้สำหรับการประกอบอุตสาหกรรม พาณิชยกรรม การบริการ และกิจการอื่นที่เป็นประโยชน์หรือเกี่ยวเนื่องกัน.
นิครนถ์ 0,น.,นักบวชในศาสนาเชน.
นิคห- 0,น.,"การข่ม, การกล่าวโทษ, การปราบปราม."
นิคหกรรม 0,น.,การลงโทษที่สงฆ์ทำแก่ภิกษุที่ควรปราบเพื่อให้เข็ดหลาบ.
นิคหะ 0,น.,"การข่ม, การกล่าวโทษ, การปราบปราม."
นิคหิต 0,น.,"ชื่อเครื่องหมายรูปดังนี้  ในภาษาบาลีและสันสกฤตมีเสียงอ่านเหมือนตัว ง และ ม สะกด ในภาษาไทยก็อนุโลมใช้ตาม เช่น จํหัน อ่านว่า จังหัน ชุนุ อ่านว่า ชุมนุม, นฤคหิต หรือ หยาดนํ้าค้าง ก็เรียก."
นิคาลัย 0,ก.,ตาย เช่น ทราบว่าพี่กับบิดานิคาลัย (อภัย).
นิคาหก 0,ว.,ผู้ใช้วาจาหยาบ เช่น ผู้เป็นยาจกทลิทเชษฐชาติเชื้อนิคาหกพราหมณ์ (ม. ร่ายยาว ชูชก).
นิคาหก- 0,ว.,ผู้ใช้วาจาหยาบ เช่น ผู้เป็นยาจกทลิทเชษฐชาติเชื้อนิคาหกพราหมณ์ (ม. ร่ายยาว ชูชก).
นิเคราะห์ 0,น.,"นิคหะ, การข่ม, การกล่าวโทษ, การปราบปราม, ตรงข้ามกับ ประเคราะห์ ซึ่งแปลว่า การยกย่อง, การเชิดชู."
นิโคติน 0,น.,สารประกอบอินทรีย์ประเภทแอลคาลอยด์ มีสูตร C_10H_14N_2 ลักษณะเป็นของเหลวข้น มีจุดเดือด ๒๔๗ °ซ. เป็นพิษอย่างแรง มีปรากฏอยู่ในใบยาสูบ.
นิโครธ 0,น.,ต้นไทร.
นิโครม 0,น.,โลหะเจือชนิดหนึ่งซึ่งประกอบด้วยโครเมียมและนิกเกิล ใช้ประโยชน์นำไปทำเป็นเส้นลวดในอุปกรณ์ไฟฟ้าเพราะมีความต้านทานสูง และทนทานต่อความร้อนได้ดีมาก.
นิง 0,น.,"ลูกชายคนที่ ๑๑, นึง ก็ว่า."
นิ่ง 0,ก.,"เฉย, ไม่กระดุกกระดิก, ไม่เคลื่อนไหว, เช่น นอนนิ่ง นํ้านิ่ง นั่งนิ่ง ๆ, เงียบ, ไม่ส่งเสียง, เช่น นิ่งเสีย อย่าร้อง, ไม่พูดจา เช่น ถามแล้วนิ่ง, ไม่แพร่งพราย เช่น รู้แล้วนิ่งเสีย."
นิ่ง ๆ 0,ก.,"เฉย, ไม่กระดุกกระดิก, ไม่เคลื่อนไหว, เช่น นอนนิ่ง นํ้านิ่ง นั่งนิ่ง ๆ, เงียบ, ไม่ส่งเสียง, เช่น นิ่งเสีย อย่าร้อง, ไม่พูดจา เช่น ถามแล้วนิ่ง, ไม่แพร่งพราย เช่น รู้แล้วนิ่งเสีย."
นิ่งเงียบ 0,ว.,นิ่งอยู่ไม่พูดอะไร.
นิ่งเฉย 0,ว.,เฉยอยู่ไม่พูดไม่ทำอะไร.
นิ่งแน่ 0,ว.,"อาการที่ไม่ไหวติงไปชั่วระยะหนึ่งเพราะเป็นลมเป็นต้น, แน่นิ่ง ก็ว่า."
นิจ- 0,ว.,"เสมอไป, สมํ่าเสมอ, มักใช้ว่า เป็นนิจ."
นิจ 0,ว.,"เสมอไป, สมํ่าเสมอ, มักใช้ว่า เป็นนิจ."
นิจ 1,ว.,ตํ่า (คู่กับ อุจ ว่า สูง) ใช้แก่ดาวนพเคราะห์ เช่นว่า พระอาทิตย์ขึ้นอุจในเดือนเมษายน และตกนิจในเดือนตุลาคม.
นิจศีล 0,น.,ศีลที่ควรรักษาเป็นปรกติ ได้แก่ ศีล ๕.
นิจศีล 1,ว.,"เป็นปรกติเสมอไป, มักใช้ว่า เป็นนิจศีล."
นิด 0,ว.,"เล็ก, น้อย."
นิดเดียว 0,ว.,"เล็กเหลือเกิน, น้อยเหลือเกิน."
นิดหน่อย 0,ว.,"ไม่มาก, เล็กน้อย."
นิดหนึ่ง 0,ว.,หน่อยหนึ่ง.
นิตย์ 0,ว.,"เสมอไป, สมํ่าเสมอ, มักใช้ว่า เป็นนิตย์."
นิตย- 0,ว.,"เสมอไป, สมํ่าเสมอ, มักใช้ว่า เป็นนิตย์."
นิตย- 1,น.,นิติ เช่น ผู้ชำนินิตยสาตรไสย (ตะเลงพ่าย).
นิตยทาน 0,น.,การให้ทานทุกวัน.
นิตยภัต 0,น.,"อาหารหรือค่าอาหารที่ถวายภิกษุสามเณรเป็นนิตย์, เงินงบประมาณแผ่นดินที่สำนักงานพระพุทธศาสนาแห่งชาติได้รับการจัดสรรจากรัฐบาลเป็นประจำทุกปี เพื่อเบิกจ่ายถวายอุดหนุนอุปถัมภ์แก่พระภิกษุผู้ได้รับพระราชทานสมณศักดิ์ พระสังฆาธิการ พระเลขานุการ พระเปรียญธรรม ๙ ประโยค เป็นต้น."
นิตยสาร 0,น.,หนังสือที่มีกำหนดออกเป็นประจำและแน่นอน มีเนื้อหาให้อ่านเพื่อความเพลิดเพลินและความรู้ทั่วไป เช่น นิตยสารรายสัปดาห์ นิตยสารรายเดือน.
นิติ 0,น.,"นีติ, กฎหมาย, กฎปฏิบัติ, แบบแผน, เยี่ยงอย่าง, ขนบธรรมเนียม, ประเพณี, วิธีปกครอง, เครื่องแนะนำ, อุบายอันดี."
นิติกร 0,น.,ชื่อตำแหน่งผู้มีหน้าที่ปฏิบัติงานเกี่ยวกับกฎหมาย.
นิติกรณ์ 0,น.,การรับรองของเจ้าพนักงานว่าเป็นตราสารที่ถูกต้องตามกฎหมาย.
นิติกรรม 0,น.,การใด ๆ อันทำลงโดยชอบด้วยกฎหมายและด้วยใจสมัคร มุ่งโดยตรงต่อการผูกนิติสัมพันธ์ขึ้นระหว่างบุคคล เพื่อจะก่อ เปลี่ยนแปลง โอน สงวน หรือระงับซึ่งสิทธิ.
นิติกรรมอำพราง 0,น.,นิติกรรมอันหนึ่งที่ทำขึ้นด้วยเจตนาลวง เพื่อปิดบังนิติกรรมอีกอันหนึ่งที่ทำขึ้นด้วยเจตนาอันแท้จริง ซึ่งกฎหมายให้บังคับตามกฎหมายเกี่ยวกับนิติกรรมที่ถูกอำพรางนั้น.
นิติการ 0,น.,สายงานที่มีหน้าที่ปฏิบัติงานทางกฎหมาย.
นิติการณ์ 0,น.,"เหตุการณ์หรือการเป็นไป ซึ่งมีผลตามกฎหมาย, ปัจจุบันใช้ว่า นิติเหตุ."
นิติธรรม 0,น.,หลักพื้นฐานแห่งกฎหมายที่บุคคลทุกคนต้องอยู่ภายใต้บังคับแห่งกฎหมายอย่างเท่าเทียมกัน (อ. rule of law).
นิตินัย 0,น.,"แง่มุมและผลในทางกฎหมาย (ล. de jure), ต่างกับ พฤตินัย คือ แง่มุมในทางความเป็นจริง (ล. de facto)."
นิติบัญญัติ 0,น.,กระบวนการในการตรากฎหมาย.
นิติบุคคล 0,น.,บุคคลซึ่งจัดตั้งขึ้นโดยกฎหมายหรือตามกฎหมายแยกต่างหากจากบุคคลธรรมดา โดยมีสิทธิและหน้าที่เช่นเดียวกับบุคคลธรรมดา เว้นแต่สิทธิและหน้าที่ซึ่งโดยสภาพจะพึงมีพึงเป็นได้เฉพาะแก่บุคคลธรรมดาเท่านั้น เช่น กระทรวง ทบวง กรม บริษัทจำกัด สมาคม มูลนิธิ.
นิติภาวะ 0,น.,ความมีความสามารถใช้สิทธิตามกฎหมายโดยสมบูรณ์ได้ด้วยตนเอง. (ดู บรรลุนิติภาวะ ประกอบ).
นิติวิทยาศาสตร์ 0,น.,วิชาที่ว่าด้วยการนำหลักวิทยาศาสตร์สาขาต่าง ๆ มาประยุกต์เพื่อแก้ปัญหาทางกฎหมาย และการพิสูจน์ข้อเท็จจริงเกี่ยวกับคดีความ.
นิติเวชศาสตร์ 0,น.,วิชาที่ว่าด้วยการใช้หลักทางการแพทย์ช่วยแก้ปัญหาทางกฎหมาย และการพิสูจน์ข้อเท็จจริงเกี่ยวกับคดีความ.
นิติศาสตร์ 0,น.,วิชากฎหมาย.
นิติสมมติ 0,น.,ความที่สมมุติขึ้นในกฎหมาย.
นิติสัมพันธ์ 0,น.,ความเกี่ยวพันทางกฎหมาย.
นิติเหตุ 0,น.,"เหตุที่เกิดขึ้นซึ่งมีผลในทางกฎหมายอันมิใช่นิติกรรม เช่น การละเมิด, โบราณใช้ว่า นิติการณ์."
นิทร 0,ก.,"นิทรา, นอน, เช่น จักจรมาดลกุฎี กลับมอบศรีเสวตฉัตรไชยห้อมแห่งไคลครนิทร (ม. คำหลวง สักรบรรพ)."
นิทรรศการ 0,น.,การแสดงผลงาน สินค้า ผลิตภัณฑ์ หรือกิจกรรม ให้คนทั่วไปชม.
นิทรา 0,น.,"การหลับ, การนอนหลับ."
นิทรา 1,ก.,"หลับ, นอน, เช่น ให้หาวนิทราเป็นพ้นไป (อิเหนา)."
นิทรารมณ์ 0,น.,การหลับ.
นิทัศน์ 0,น.,"ตัวอย่างที่นำมาแสดงให้เห็น, อุทาหรณ์, บางทีใช้ว่า นิทัศนอุทาหรณ์."
นิทาฆะ 0,น.,"ความร้อน, ความอบอ้าว"
นิทาฆะ 1,น.,"ฤดูร้อน, หน้าร้อน (ระหว่างเดือนพฤษภาคมถึงมิถุนายน)."
นิทาน 0,น.,เรื่องที่เล่ากันมา เช่น นิทานชาดก นิทานอีสป
นิทาน 1,น.,เหตุ เช่น โรคนิทาน
นิทาน 2,น.,เรื่องเดิม เช่น วัตถุนิทาน.
นิเทศ 0,น.,"คำแสดง, คำจำแนกออก."
นิเทศ 1,ก.,"ชี้แจง, แสดง, จำแนก."
นิเทศก์ 0,น.,ผู้ชี้แจง เช่น ศึกษานิเทศก์ ธรรมนิเทศก์.
นิเทศศาสตร์ 0,น.,วิชาว่าด้วยการสื่อสารมวลชนและการประชาสัมพันธ์.
นิธาน 0,น.,"การฝังไว้, การบรรจุไว้"
นิธาน 1,น.,"ที่ฝัง, ที่บรรจุ."
นิธิ 0,น.,ขุมทรัพย์.
นินทา 0,น.,คำติเตียนลับหลัง.
นินทา 1,ก.,ติเตียนลับหลัง.
นินนะ 0,น.,ที่ลุ่ม.
นินนาท 0,น.,"ความกึกก้อง, การบันลือ."
นินหุต 0,น.,ชื่อสังขยาหรือการนับ คือ ๑ มี ๐ ตามหลัง ๓๕ ตัว.
นินาท 0,น.,"ความกึกก้อง, การบันลือ."
นิบาต 0,น.,เรียกคัมภีร์ในพระพุทธศาสนาประเภทหนึ่งที่รวบรวมพระสูตรเบ็ดเตล็ดหรือชาดกต่าง ๆ ไว้ด้วยกัน เช่น สุตตนิบาต = ชื่อคัมภีร์ที่รวบรวมพระสูตรเบ็ดเตล็ดต่าง ๆ ไว้ด้วยกัน นิบาตชาดก = ชื่อคัมภีร์ที่รวบรวมชาดกต่าง ๆ ในพระไตรปิฎกไว้ด้วยกัน โดยแบ่งย่อยเป็นหมวดต่าง ๆ
นิบาต 1,น.,"หมวดธรรม, ชุมนุมหลักธรรม, เช่น เอกกนิบาต = หมวดหรือชุมนุมหลักธรรมที่มี ๑ ข้อ ทุกนิบาต = หมวดหรือชุมนุมหลักธรรมที่มี ๒ ข้อ."
นิบาตชาดก 0,น.,ชื่อคัมภีร์ที่รวบรวมชาดกต่าง ๆ ในพระไตรปิฎกไว้ด้วยกัน โดยแบ่งย่อยเป็นหมวดต่าง ๆ เช่น เอกกนิบาตชาดก ทุกนิบาตชาดก.
นิปริยาย 0,น.,"ความไม่อ้อมค้อม, ความตรง, ตรงข้ามกับ ปริยาย คือ อย่างอ้อม."
นิปริยาย 1,ว.,สิ้นเชิง.
นิปัจการ 0,น.,การเคารพ.
นิพจน์ 0,น.,พจน์หนึ่งพจน์ เช่น ๕x^๖ หรือพจน์หลายพจน์บวกลบกัน เช่น x^๒ -๓x + ๑.
นิพนธ์ 0,น.,"เรื่องที่แต่งขึ้น, (ราชา) พระนิพนธ์, พระราช-นิพนธ์."
นิพนธ์ 1,ก.,"ร้อยกรองถ้อยคำ, แต่งหนังสือ, (ราชา) ทรงนิพนธ์, ทรงพระนิพนธ์, ทรงพระราชนิพนธ์."
นิพพาน 0,น.,ความดับสนิทแห่งกิเลสและกองทุกข์.
นิพพาน 1,ก.,"ดับกิเลสและกองทุกข์, ตาย (ใช้แก่พระอรหันต์). (ป."
นิพพาน 2,ส.,"นิรฺวาณ), โบราณใช้ว่า นิรพาณ ก็มี."
นิพพิทา 0,น.,ความเบื่อหน่ายในทุกข์เป็นเหตุทำให้ปฏิบัติตนเพื่อดับทุกข์.
นิพพิทาญาณ 0,น.,"ความรู้ที่ทำให้เบื่อหน่ายในทุกข์, ปัญญาสามารถหยั่งเห็นสังขารด้วยความหน่าย."
นิพัทธ์ 0,ว.,"เนือง ๆ, เสมอ, เนื่องกัน."
นิพัทธ- 0,ว.,"เนือง ๆ, เสมอ, เนื่องกัน."
นิพัทธกุศล 0,น.,กุศลที่ทำเป็นนิจ.
นิพันธ์ 0,น.,"นิพนธ์, เรื่องที่แต่งขึ้น."
นิพันธ์ 1,ก.,"ร้อยกรองถ้อยคำ, แต่งหนังสือ."
นิพิท 0,ก.,"ให้รู้ชัด, บอก."
นิเพท 0,ก.,"ให้รู้ชัด, บอก."
นิภา 0,น.,"แสง, แสงสว่าง. (ป., ส.)."
นิภา 1,ก.,"เทียม, เสมอ, เทียบ."
นิ้ม 0,ว.,"ชื่อผึ้งชนิด Apis florea Fabricius ในวงศ์ Apidae เป็นผึ้งขนาดเล็ก ผึ้งงานลำตัวยาวประมาณ ๘ มิลลิเมตร อาศัยอยู่รวมเป็นฝูง ทำรังเป็นแผ่นเดี่ยว ๆ ตามกิ่งไม้ มักทิ้งรังเมื่อขาดแคลนอาหาร, มิ่ม นิ่ม หรือ นิ้ม ก็เรียก."
นิ่ม 0,ว.,"อ่อนนุ่ม เช่น เนื้อนิ่ม มะตูมนิ่ม, ละเอียดอ่อน เช่น ผ้านี้เนื้อนิ่ม."
นิ่ม 1,น.,"ชื่อสัตว์เลี้ยงลูกด้วยนม ในวงศ์ Manidae ตัวยาว เกล็ดใหญ่หนาแข็งซ้อนเหลื่อมกัน หน้าแหลม เล็บหนายาวโค้งปลายแหลมใช้ขุดดินและปีนต้นไม้ หางยาวม้วนงอได้ เมื่อตกใจหรือป้องกันศัตรูจะม้วนตัวกลม ลิ้นยาวเป็นเส้นมีน้ำลายเหนียวใช้จับมดและปลวก แถบเอเชียตะวันออกเฉียงใต้มี ๒ ชนิด คือ ชนิด Manis javanica Desmarest และชนิด M. pentadactyla Linn. ชนิดหลังตัวเล็กกว่าเล็กน้อยและมีโอกาสพบได้น้อยกว่าชนิดแรก, นิ่ม ก็เรียก."
นิ่ม 2,ว.,"ชื่อผึ้งชนิด Apis florea Fabricius ในวงศ์ Apidae เป็นผึ้งขนาดเล็ก ผึ้งงานลำตัวยาวประมาณ ๘ มิลลิเมตร อาศัยอยู่รวมเป็นฝูง ทำรังเป็นแผ่นเดี่ยว ๆ ตามกิ่งไม้ มักทิ้งรังเมื่อขาดแคลนอาหาร, มิ่ม นิ่ม หรือ นิ้ม ก็เรียก."
นิมนต์ 0,ก.,"เชิญ, เชื้อเชิญ, (ใช้แก่พระภิกษุและสามเณร)."
นิ่มนวล 0,ว.,"อ่อนโยน, ละมุนละม่อม, ไม่กระด้าง."
นิมมาน 0,น.,"การสร้าง, การแปลง, การทำ, การวัดส่วน."
นิมมานรดี 0,น.,"ชื่อสวรรค์ชั้นที่ ๕ แห่งสวรรค์ ๖ ชั้น มีท้าวสุนิมมิตมารเป็นใหญ่ในชั้นนี้, ในบทกลอนใช้ว่า นิมมานรดีต ก็มี เช่น ช่อชั้นนิมมานรดีต (อิเหนา). (ป.; ส. นิรฺมาณ + รติ). (ดู ฉกามาพจร ประกอบ)."
นิมิต 0,ก.,"นิรมิต, สร้าง, แปลง, ทำ."
นิมิต 1,น.,"เครื่องหมาย, ลาง, เหตุ, เค้ามูล"
นิมิต 2,น.,อวัยวะสืบพันธุ์ เช่น อิตถีนิมิต ปุริสนิมิต.
นิยต 0,ก.,กำหนด เช่น พระพเนจรจรหลํ่า ได้หลายคํ่าหลายวัน ถึงแดนอันจะนิยต (ลอ).
นิยต 1,ว.,"เที่ยง, แท้, แน่. (ป., ส.)"
นิยต 2,ว.,"ตระหนักแน่, เป็นที่ยอมรับ, เชิงสร้างสรรค์, ทางบวก."
นิยต- 0,ก.,กำหนด เช่น พระพเนจรจรหลํ่า ได้หลายคํ่าหลายวัน ถึงแดนอันจะนิยต (ลอ).
นิยต- 1,ว.,"เที่ยง, แท้, แน่. (ป., ส.)"
นิยต- 2,ว.,"ตระหนักแน่, เป็นที่ยอมรับ, เชิงสร้างสรรค์, ทางบวก."
นิยม 0,น.,"การกำหนด. (ป., ส.)."
นิยม 1,ก.,"ชมชอบ, ยอมรับนับถือ, ชื่นชมยินดี, ใช้ประกอบท้ายคำสมาสบางคำใช้เป็นชื่อลัทธิ เช่น ลัทธิชาตินิยม ลัทธิสังคมนิยม."
นิยมนิยาย 0,น.,"ความแน่นอน, ใช้ในความปฏิเสธว่า เอานิยมนิยายไม่ได้ หมายความว่า หาความแน่นอนจริงจังอะไรไม่ได้."
นิยยานะ 0,น.,"การนำออกไป, การออกไป."
นิยยานิก- 0,ว.,ที่นำออกไปจากทุกข์ เช่น มหาสติปัฏฐานสูตรเป็นนิยยานิกธรรม คือ ธรรมที่นำสัตว์ออกจากทุกข์.
นิยัตินิยม 0,น.,ลัทธิความเชื่อที่ว่า การกระทำทุกอย่างของมนุษย์หรือเหตุการณ์ทั้งหลายได้ถูกกำหนดไว้ล่วงหน้าแล้ว.
นิยาม 0,น.,"การกำหนด เช่น ธรรมนิยาม, ทาง, อย่าง, วิธี."
นิยาม 1,ก.,กำหนดหรือจำกัดความหมายที่แน่นอน.
นิยาย 0,น.,เรื่องที่แต่งขึ้น.
นิยุต 0,น.,สังขยาจำนวนสูงเท่ากับล้าน.
นิยุต 1,ก.,"ประกอบ, เทียม, ทำให้แน่น."
นิร- 0,ว.,"คำประกอบหน้าคำอื่น แปลว่า ไม่, ไม่มี, ออก."
นิรคุณ 0,ว.,"ไม่มีลักษณะดี, ไม่มีคุณ, เลว, ชั่วร้าย"
นิรคุณ 1,ว.,"เนรคุณ, ไม่รู้คุณ."
นิรโฆษ 0,น.,"เสียงดัง, เสียงกึกก้อง."
นิรโฆษ 1,ว.,"ไม่มีเสียง, เงียบ, สงบ, สงัด."
นิรชร 0,น.,เทวดา.
นิรชรา 0,น.,นางอัปสร.
นิรทุกข์ 0,ว.,ไม่มีทุกข์.
นิรเทศ 0,ก.,"เนรเทศ, ขับไล่ออกจากที่เดิม."
นิรโทษ 0,ว.,ไม่มีโทษ.
นิรโทษกรรม 0,น.,ในทางแพ่ง หมายถึง การกระทำที่ก่อให้เกิดความเสียหายแก่ผู้อื่น แต่กฎหมายยกเว้นให้ ไม่ต้องชดใช้ค่าสินไหมทดแทน เช่น การกระทำการป้องกันโดยชอบด้วยกฎหมาย การกระทำตามคำสั่งอันชอบด้วยกฎหมาย
นิรโทษกรรม 1,น.,ในทางกฎหมายอาญา หมายถึง การลบล้างการกระทำความผิดอาญาที่บุคคลได้กระทำมาแล้ว โดยมีกฎหมายกำหนดให้การกระทำนั้นไม่เป็นความผิด และให้ผู้ที่ได้กระทำการนั้นพ้นจากการเป็นผู้กระทำความผิด.
นิรนัย 0,น.,"วิธีการใช้เหตุผลที่ดำเนินจากส่วนรวมไปหาส่วนย่อย เช่น มนุษย์ทุกคนเกิดมาแล้วต้องตาย นาย ก. เป็นมนุษย์ เพราะฉะนั้นนาย ก. ก็ต้องตาย, ตรงข้ามกับ อุปนัย."
นิรนาม 0,ว.,ไม่รู้ว่าชื่ออะไร.
นิรภัย 0,ว.,"ไม่มีภัย, แคล้วคลาดจากภัยอันตราย."
นิรมล 0,ว.,"ไม่มีมลทิน, ไม่มัวหมอง, ผ่องใส"
นิรมล 1,ว.,"โดยปริยายหมายความว่า หญิงสวย, หญิงงาม."
นิรมาณ 0,น.,"การสร้าง, การแปลง, การทำ, การวัดส่วน."
นิรมาณกาย 0,น.,"กายที่ประกอบด้วยขันธ์ ๕ ของพระพุทธเจ้า ซึ่งมีอันเปลี่ยนแปลงไปเหมือนสิ่งที่ประกอบด้วยขันธ์ ๕ อื่น ๆ, ตามคติมหายานเชื่อว่า เป็นรูปปรากฏของพระวิญญาณบริสุทธิ์ของพระพุทธเจ้า คือ ธรรมกาย."
นิรมาน 0,ว.,"ปราศจากการถือรั้น, ไม่มีความดื้อดึง, ไม่ถือตัว."
นิรมิต 0,ก.,"นิมิต, เนรมิต, สร้าง, แปลง, ทำ, บันดาลให้เป็นขึ้นมีขึ้น."
นิรย- 0,น.,นรก.
นิรยบาล 0,น.,ผู้คุมนรก.
นิรโรค 0,ว.,ไม่มีโรค.
นิรโศก 0,ว.,ไม่มีความโศกเศร้า.
นิระ 0,น.,นํ้า.
นิรัติศัย 0,ว.,"พิเศษยิ่ง, ประเสริฐยิ่ง."
นิรันดร์ 0,ว.,"ตลอดไปไม่เว้นว่าง, ติดต่อกันตลอดไป."
นิรันดร 0,ว.,"ตลอดไปไม่เว้นว่าง, ติดต่อกันตลอดไป."
นิรันตร- 0,ว.,"ตลอดไปไม่เว้นว่าง, ติดต่อกันตลอดไป."
นิรันตราย 0,ว.,ปราศจากอันตราย.
นิรัพพุท 0,น.,สังขยาจำนวนสูง เท่ากับ ๑ มี ๐ ตามหลัง ๖๓ ตัว บ้างว่า ๑๐๐ ล้าน.
นิรา 0,ก.,ไปจาก.
นิรา 1,ว.,ไม่มี.
นิราพาธ 0,ว.,ไม่มีความเจ็บไข้.
นิรามัย 0,ว.,"ไม่มีโรค, สบาย, เป็นสุข."
นิรามิษ 0,ว.,"ไม่มีเหยื่อ, ไม่มีเครื่องล่อใจ, ไม่รับสินบน"
นิรามิษ 1,ว.,ปราศจากความยินดีอันเป็นเครื่องล่อใจ.
นิราลัย 0,ว.,"ไม่มีที่อยู่, ไม่มีที่ห่วงใย."
นิราศ 0,ก.,"ไปจาก, ระเหระหน, ปราศจาก."
นิราศ 1,น.,เรื่องราวที่พรรณนาถึงการจากกันหรือจากที่อยู่ไปในที่ต่าง ๆ เป็นต้น มักแต่งเป็นกลอนหรือโคลง เช่น นิราศนรินทร์ นิราศเมืองแกลง.
นิราศ 2,ก.,"ปราศจากความหวัง, ไม่มีความต้องการ, หมดอยาก, เฉยอยู่."
นิราศรพ 0,ว.,"ไม่มีเครื่องหมักหมมในสันดาน, หมดมลทิน, หมายถึง พระอรหันต์."
นิราศรัย 0,ว.,"ไม่อยู่เป็นที่, ไม่ติดอยู่กับที่."
นิรินธน์ 0,ว.,ไม่มีเชื้อ (ใช้แก่ไฟ).
นิรินธนพินาศ 0,น.,ความหมดสิ้นอย่างไฟขาดเชื้อ คือ ไม่ลุกลามได้อีก (มักใช้เปรียบถึงความดับกิเลสของพระอรหันต์).
นิรุกติ 0,น.,"ภาษา, คำพูด."
นิรุกติศาสตร์ 0,น.,วิชาว่าด้วยที่มาและความหมายของคำ.
นิรุตติ 0,น.,"ภาษา, คำพูด."
นิรุตติปฏิสัมภิทา 0,น.,"ปัญญาอันแตกฉานในนิรุตติ คือ ความเข้าใจในภาษา รู้จักใช้ถ้อยคำพูดอธิบายให้คนเข้าใจ ตลอดจนรู้ภาษาต่าง ๆ อาจชักนำคนให้เชื่อถือหรือนิยมตามคำพูด, กล่าวสั้น ๆ ว่า เข้าใจพูด, เป็นธรรมข้อ ๑ ในปฏิสัมภิทา ๔ คือ ๑. อรรถปฏิสัมภิทา ๒. ธรรมปฏิสัมภิทา ๓. นิรุตติ-ปฏิสัมภิทา ๔. ปฏิภาณปฏิสัมภิทา."
นิรุทกะ 0,ว.,ไม่มีนํ้า.
นิรุทธ์ 0,ก.,ดับแล้ว.
นิโรช 0,ว.,"ไม่มีรส, ไม่อร่อย, จืด."
นิโรธ 0,น.,ความดับ
นิโรธ 1,น.,นิพพาน.
นิโรธ- 0,น.,ความดับ
นิโรธ- 1,น.,นิพพาน.
นิโรธสมาบัติ 0,น.,การเข้าสู่นิโรธ เป็นวิธีพักผ่อนของพระอรหันต์.
นิล- 0,น.,พลอยชนิดหนึ่ง มีสีดำ ถ้าสีนํ้าเงินแก่ เรียก นิลสีดอกผักตบ.
นิล- 1,ว.,"สีอย่างนิล เรียกว่า สีนิล เช่น ตาสีนิล, สีเขียวคราม เช่น สีเขียวดังนิลมณี, สีเทาแก่อย่างสีเมฆ เช่น สีหมอกเมฆนิลกาฬ."
นิล 0,น.,พลอยชนิดหนึ่ง มีสีดำ ถ้าสีนํ้าเงินแก่ เรียก นิลสีดอกผักตบ.
นิล 1,ว.,"สีอย่างนิล เรียกว่า สีนิล เช่น ตาสีนิล, สีเขียวคราม เช่น สีเขียวดังนิลมณี, สีเทาแก่อย่างสีเมฆ เช่น สีหมอกเมฆนิลกาฬ."
นิล 2,น.,ชื่อปลานํ้าจืดชนิด Oreochromis niloticus (Linn.) ในวงศ์ Cichlidae ลักษณะคล้ายปลาหมอเทศ แต่มีลำตัวสีเขียวหรือฟ้าปนน้ำตาล มีจุดดำด่างทั่วตัว ปลาขนาดเล็กจะมีลายเข้มพาดขวางลำตัว ครีบหลัง ครีบก้น และครีบหางมีลายหรือแนวจุดสีคลํ้าหรือขาวพาดขวางหรือทแยงอยู่โดยตลอด ขนาดยาวได้ถึง ๔๖ เซนติเมตร ทำรังเป็นแอ่งดินและปกป้องดูแลลูกอ่อนไว้ในโพรงปาก สมเด็จพระจักรพรรดิอากิฮิโต ครั้งดำรงพระราชอิสริยยศ มกุฎราชกุมารแห่งญี่ปุ่น น้อมเกล้าฯ ถวายแด่พระบาทสมเด็จพระเจ้าอยู่หัว พระราชทานชื่อว่า ปลานิล.
นิลกาฬ 0,น.,"พลอยชนิดหนึ่ง มีสีเทาแก่อย่างสีเมฆ เช่น สีหมอกเมฆนิลกาฬ, ปัจจุบันเรียกว่า นิล."
นิลบัตร 0,น.,พิษซางอย่างหนึ่งมีสีดำที่โคนแขนเป็นแผ่นเดียว.
นิลปัทม์ 0,น.,บัวเขียว.
นิลรัตน์ 0,น.,"แก้วสีขาบ, นิล."
นิลุบล 0,น.,บัวขาบ.
นิโลตบล 0,น.,บัวขาบ.
นิโลบล 0,น.,บัวขาบ (ส. นีโลตฺปล)
นิโลบล 1,น.,"หินสีขาบ, แก้วมีค่าสีครามอ่อน."
นิ้ว 0,น.,"ส่วนสุดของมือหรือเท้าแต่ละข้าง แยกออกเป็น ๕ กิ่ง คือ นิ้วหัวแม่มือ นิ้วชี้ นิ้วกลาง นิ้วนาง นิ้วก้อย, ราชาศัพท์ว่า พระอังคุฐ พระดัชนี พระมัชฌิมา พระอนามิกา พระกนิษฐา โดยลำดับ, ถ้าเป็นนิ้วเท้านิ้วต้น เรียกว่า นิ้วหัวแม่เท้า นอกนั้นอนุโลมเรียกตามนิ้วมือ"
นิ้ว 1,น.,"มาตราวัดตามวิธีประเพณี ๑ นิ้ว เท่ากับ ๔ กระเบียด, และ ๑๒ นิ้ว เป็น ๑ คืบ"
นิ้ว 2,น.,"มาตราวัดของอังกฤษ ๑ นิ้ว เท่ากับ ๒.๕๔ เซนติเมตร, และ ๑๒ นิ้ว เป็น ๑ ฟุต."
นิ่ว 0,น.,เกลือเคมีหรือสารเคมีอื่น เช่นคอเลสเตอรอลที่เกิดเป็นก้อนแข็งในไต กระเพาะปัสสาวะ ถุงนํ้าดี หรือท่อของต่อมบางชนิดในร่างกาย เช่นต่อมนํ้าลาย ตับอ่อน.
นิ่ว 1,ก.,ทำหน้าย่นขมวดคิ้วแสดงความไม่พอใจหรือรู้สึกเจ็บเป็นต้น.
นิ่ว 2,ว.,มีสีหน้าเช่นนั้น ในคำว่า หน้านิ่ว.
นิวคลิอิก 0,น.,ชื่อกรดชนิดหนึ่ง ซึ่งมีโมเลกุลใหญ่มากและมีโครงสร้างซับซ้อน มี ๒ ชนิด คือ กรดดีออกซีไรโบ-นิวคลิอิก (deoxyribonucleic acid) ซึ่งเรียกย่อว่า DNA และกรดไรโบนิวคลิอิก (ribonucleic acid) ซึ่งเรียกย่อว่า RNA มีปรากฏอยู่ในสิ่งมีชีวิตทั้งหลาย ทำหน้าที่เก็บรวบรวมและถ่ายทอดพันธุกรรม.
นิวเคลียร์ 0,ว.,"ที่ใช้พลังงานอะตอม, เกี่ยวกับนิวเคลียสของอะตอม."
นิวเคลียส 0,น.,"ส่วนใจกลางของอะตอมของธาตุทุกชนิด ส่วนนี้ประกอบด้วยอนุภาคมูลฐานที่สำคัญ ๒ ชนิด คือ โปรตอน และ นิวตรอน (สำหรับอะตอมของไฮโดรเจนธรรมดา นิวเคลียสมีแต่โปรตอนเท่านั้น ไม่มีนิวตรอน), ส่วนที่สำคัญยิ่งของเซลล์ ลักษณะเหนียวข้นเป็นก้อนประกอบด้วยส่วนย่อย ๆ อีกหลายชนิด มักอยู่ตอนกลางของเซลล์ที่ยังอ่อนอยู่ และอาจร่นไปอยู่ริมเซลล์เมื่อแก่เข้า."
นิวตรอน 0,น.,อนุภาคมูลฐานชนิดหนึ่งซึ่งเป็นองค์ประกอบของนิวเคลียสของอะตอมของธาตุทุกชนิด ยกเว้นไฮโดรเจนธรรมดา อนุภาคนี้ไม่มีประจุไฟฟ้าและมีมวล ๑.๖๗๔๘๒ x ๑๐^-๒๗ กิโลกรัม.
นิวรณ์ 0,น.,สิ่งที่ขัดขวางจิตไม่ให้ก้าวหน้าในคุณธรรม มี ๕ ประการ คือ ความพอใจในกามคุณ ๑ ความพยาบาท ๑ ความหดหู่ซึมเซา ๑ ความฟุ้งซ่านรำคาญ ๑ ความลังเลใจ ๑.
นิ้วไหนร้ายก็ตัดนิ้วนั้น 0,น.,คนใดไม่ดี ก็ตัดออกไปจากหมู่คณะ.
นิวัต 0,ก.,กลับ.
นิวัตน์ 0,ก.,กลับ.
นิวาต 0,ว.,"สงัดลม, สงัด"
นิวาต 1,ว.,"เสงี่ยม, เจียมตัว, สุภาพ."
นิวาส 0,น.,"ที่อยู่อาศัย, ที่พัก."
นิเวศ 0,น.,"ที่อยู่, บ้าน, วัง."
นิเวศ- 0,น.,"ที่อยู่, บ้าน, วัง."
นิเวศน์ 0,น.,"ที่อยู่, บ้าน, วัง."
นิเวศวิทยา 0,น.,วิชาที่ศึกษาเกี่ยวกับความสัมพันธ์ระหว่างสิ่งมีชีวิตกับถิ่นที่อยู่และสิ่งแวดล้อม
นิเวศวิทยา 1,น.,การศึกษาเกี่ยวกับการดัดแปลงวัฒนธรรมของมนุษย์ให้เข้ากับสิ่งแวดล้อม.
นิศา 0,น.,กลางคืน.
นิศากร 0,น.,"“ผู้กระทำซึ่งกลางคืน”, พระจันทร์."
นิศากาล 0,น.,เวลามืด.
นิศาคม 0,น.,เวลาโพล้เพล้.
นิศาชล 0,น.,นํ้าค้าง.
นิศาทิ 0,น.,เวลาขมุกขมัว.
นิศานาถ 0,น.,พระจันทร์.
นิศาบดี 0,น.,พระจันทร์.
นิศามณี 0,น.,พระจันทร์.
นิศารัตน์ 0,น.,พระจันทร์.
นิษกรม 0,ก.,"เฉย, ปราศจากกิริยา, เช่น ใจเน่งนิษกรม (อนิรุทธ์)."
นิษาท 0,น.,พรานป่า
นิษาท 1,น.,ชาวประมง
นิษาท 2,น.,โจร.
นิสภ- 0,ว.,ผู้ประเสริฐ เช่น นิสภขัตติยวราเรืองพระยศ (ม. ร่ายยาว ชูชก).
นิสัช 0,น.,การนั่ง.
นิสัชชาการ 0,น.,"อาการนั่ง. (ป.), ในบทกลอนใช้ว่า นิสัชชนาการ ก็มี เช่น จึงเสด็จนิสัชชนาการนั่งในร่มไม้ (ม. ร่ายยาว วนปเวสน์)."
นิสัย 0,น.,ความประพฤติที่เคยชิน เช่น ทำจนเป็นนิสัย
นิสัย 1,น.,"ที่พึ่ง, ที่พักพิง, ที่อาศัย, เช่น ขอนิสัยในการอุปสมบท."
นิสัยใจคอ 0,น.,"อัธยาศัย, นิสัยที่เกิดจากใจจริง เช่น นิสัยใจคอมีเมตตากรุณา นิสัยใจคอโหดเหี้ยมทารุณ."
นิสาท 0,น.,เวลาตั้งแต่ยํ่าคํ่าถึงเที่ยงคืน.
นิสิต 0,น.,ผู้ที่ศึกษาอยู่ในมหาวิทยาลัยบางแห่ง เช่น นิสิตจุฬาลงกรณ์มหาวิทยาลัย นิสิตมหาวิทยาลัยเกษตรศาสตร์
นิสิต 1,น.,"ศิษย์ที่เล่าเรียนอยู่ในสำนัก, ผู้อาศัย."
นิสีทน- 0,น.,การนั่ง
นิสีทน- 1,น.,ผ้ารองนั่งของภิกษุ.
นิสีทนสันถัต 0,น.,ผ้าปูสำหรับนั่ง (มักใช้แก่พระสงฆ์).
นิสีทนะ 0,น.,การนั่ง
นิสีทนะ 1,น.,ผ้ารองนั่งของภิกษุ.
นิสีทนาการ 0,น.,อาการนั่ง.
นิเสธ 0,ว.,"ปฏิเสธ, ทางลบ."
นี่ 0,ส.,คำใช้แทนนามที่อ้างถึงบุคคลหรือสิ่งที่อยู่ใกล้ เช่น นี่ใคร นี่อะไร.
นี่ 1,ว.,คำใช้ประกอบคำนามหรือกริยาให้รู้ว่าอยู่ใกล้หรือชี้เฉพาะ เช่น หนังสือนี่แต่งดี ขนมนี่อร่อย อยู่นี่ มานี่
นี่ 2,ว.,คำประกอบท้ายคำเพื่อเน้นความหมาย เช่น เดี๋ยวเฆี่ยนเสียนี่.
นี้ 0,ว.,คำใช้ประกอบนามหรือข้อความที่อยู่ใกล้หรือชี้เฉพาะ เช่น โต๊ะตัวนี้ เรื่องที่กล่าวมานี้.
นีติ 0,น.,"นิติ, แบบแผน, เยี่ยงอย่าง, ขนบธรรมเนียม, ประเพณี, กฎหมาย, วิธีปกครอง, เครื่องแนะนำ, อุบายอันดี."
นีติธรรม 0,น.,"วินัยบัญญัติ, หลักกฎหมาย, นิติธรรม."
นีติศาสตร์ 0,น.,วิชากฎหมาย.
นี่นัน 0,ว.,"อึงมี่, อึกทึก, เช่น จึงดำรัสตรัสชวนอนุชา ลงจากพลับพลาผายผัน พร้อมพวกกระบี่นี่นัน จรจรัลไปยังฝั่งนที (ตับเรื่องรามเกียรติ์ ตอนนางลอย)."
นี่แน่ะ 0,*ว.,"คำบอกให้ดูหรือเตือนให้รู้, นี่ ก็ว่า."
นีร- 0,น.,นํ้า.
นีรจร 0,น.,ปลาหรือสัตว์นํ้าอื่น ๆ.
นีรช 0,น.,บัว.
นีรชะ 0,น.,บัว.
นีรนาท 0,ก.,"กึกก้อง เช่น ปฐพีนีรนาทหวาดไหว (คำพากย์), เนียรนาท ก็ใช้."
นีล 0,น.,สีเขียวคราม.
นี่แหละ 0,*ว.,คำแสดงการเน้นให้หนักแน่นยิ่งขึ้น เช่น ฉันนี่แหละ นี่แหละโลก.
นีออน 0,น.,"ธาตุลำดับที่ ๑๐ สัญลักษณ์ Ne เป็นแก๊สเฉื่อย มีปรากฏเพียง ๑ ใน ๕๕,๐๐๐ ส่วนในบรรยากาศ. (อ. neon)"
นีออน 1,น.,เรียกหลอดไฟที่ให้ความสว่างหรือติดตามป้ายโฆษณา ว่า หลอดนีออน.
นี่เอง 0,*ว.,คำประกอบคำอื่นแสดงการเน้นให้หนักแน่นยิ่งขึ้น เช่น เธอนี่เอง เด็กคนนี้นี่เอง.
นีโอดิเมียม 0,น.,ธาตุลำดับที่ ๖๐ สัญลักษณ์ Nd เป็นโลหะ ลักษณะเป็นของแข็ง สีเหลืองอ่อน ๆ หลอมละลายที่ ๑๐๒๔ °ซ.
นึก 0,ก.,"คิด เช่น นึกถึงความหลัง นึกถึงอนาคต นึกไม่ถึง, คิดขึ้นมาในฉับพลัน เช่น นึกขึ้นมาได้."
นึกคิด 0,ก.,คิดใคร่ครวญ.
นึกดู 0,ก.,ตรึกตรอง.
นึกถึง 0,ก.,ระลึกถึง.
นึกไม่ถึง 0,ก.,"คาดไม่ถึง, ไม่คิดว่าจะเป็นไปได้เช่นนั้น, เช่น รู้ว่าเขาจะเข้ามาทำงานด้วย แต่ก็นึกไม่ถึงว่าเขาจะมาเป็นสายให้โจร."
นึกเห็น 0,ก.,นึกเอาเองว่าเห็นไปต่าง ๆ นานา.
นึกออก 0,ก.,ระลึกขึ้นมาได้.
นึง 0,น.,"ลูกชายคนที่ ๑๑, นิง ก็ว่า."
นึ่ง 0,ก.,ทำให้สุกหรือร้อนด้วยไอนํ้าร้อนในหวดหรือลังถึงเป็นต้น เช่น นึ่งข้าวเหนียว นึ่งขนม.
นึ่งหม้อเกลือ 0,ก.,ใช้หม้อตาลใส่เกลืออังไฟให้ร้อน ห่อด้วยใบพลับพลึงแล้วใช้ผ้าหุ้มอีกชั้นหนึ่ง นาบหรือประคบท้องหลังคลอดบุตรใหม่ ๆ.
นุ 0,*ว.,"ตัดมาจากอุปสรรค อนุ เช่น ทราบนุสนธิ์ทุกแห่ง (ตะเลงพ่าย), โดยนุกรม (ม. คำหลวง วนปเวสน์)."
นุ 1,*ว.,ใช้เสริมแทรกระหว่างพยางค์ เช่น พฤกษในนุพงไพร (สมุทรโฆษ).
นุง 0,ว.,"ยุ่ง, นุ่ง ก็ว่า."
นุ่ง 0,ก.,"ใช้ผ้าปกปิดกายท่อนล่าง เช่น นุ่งผ้าถุง นุ่งกางเกง, แต่เดิมหมายความว่า ปกปิดร่างกายท่อนบนก็ได้ เช่น นุ่งเสื้อ."
นุ่ง 1,ว.,"ยุ่ง, นุง ก็ว่า."
นุ่งกระโจมอก 0,ก.,นุ่งผ้าถุงสูงปิดอก.
นุ่งเจียมห่มเจียม 0,ก.,แต่งตัวพอสมกับฐานะ.
นุงถุง 0,ว.,ยุ่งเหยิง.
นุงนัง 0,ว.,"มากมายพัลวัน เช่น ลูกหลานนุงนัง หนี้สินนุงนัง, พันกันยุ่ง เช่น ด้ายยุ่งนุงนัง."
นุ่งผ้าโจงกระเบน 0,ก.,นุ่งผ้าแล้วม้วนชายผ้านุ่งสอดไปใต้หว่างขา ดึงขึ้นไปเหน็บขอบผ้านุ่งด้านหลังระดับบั้นเอว.
นุ่งห่ม 0,ก.,แต่งตัว เช่น นุ่งห่มให้เรียบร้อย.
นุช 0,น.,น้อง (โดยมากใช้แก่ผู้หญิง).
นุด 0,ก.,อ้วนพีสดใส.
นุต 0,ก.,"ชมเชย, สรรเสริญ."
นุ่น 0,น.,ชื่อไม้ต้นขนาดกลางชนิด Ceiba pentandra (L.) Gaertn. ในวงศ์ Bombacaceae ลำต้นและกิ่งก้านสีเขียว มีหนามสั้น ๆ ที่โคนต้น กิ่งออกตั้งฉากกับต้น ทิ้งใบในฤดูแล้ง ดอกสีขาวนวล ผลรูปทรงกระสวย ใช้ปุยในผลอย่างเดียวกับง้าวและงิ้ว.
นุ่ม 0,ว.,"อ่อนละมุน, อ่อนนิ่ม."
นุ่มนวล 0,ว.,"อ่อนหวาน, อ่อนโยน, ละมุนละไม, เพราะพริ้ง, เช่น พูดจานุ่มนวล กิริยาท่าทางนุ่มนวล."
นุ่มนิ่ม 0,ว.,"อ่อนนุ่ม, กิริยามารยาทที่อ่อนโยนน่ารักน่าเอ็นดู."
นุ้ย 0,ว.,"อ้วน, อวบ"
นุ้ย 1,ว.,เล็ก.
นูน 0,ว.,"สูงขึ้นจากระดับพื้นราบในลักษณะโค้งมน, โดยปริยายหมายถึงลักษณะเช่นนั้น เช่น ตัวหนังสือนูน ลวดลายนูน."
นู่น 0,ส.,คำใช้แทนนามที่อยู่ไกลออกไป เช่น นู่นอะไร.
นู่น 1,ว.,คำใช้ประกอบนามที่อยู่ไกลออกไป เช่น ที่นู่นมีอากาศดี.
นู้น 0,ว.,ใช้ประกอบนามที่อยู่ไกลออกไป เช่น บ้านนู้นมีงานรื่นเริง.
เนกขะ 0,น.,"นิกขะ, ลิ่ม, แท่ง."
เนกขัม 0,น.,"การออก, การออกจากกาม, การออกบวช."
เนกขัมมะ 0,น.,"การออก, การออกจากกาม, การออกบวช."
เน่ง 0,ก.,"นิ่ง เช่น ท้าวนี้ผู้ใดหนอ มานอนเดียวสมบูรณ์เฉลา เอองคเน่งเนา ณ ในรถมลังเมลือง (อนิรุทธ์), แน่ เช่น ทางนี้ปัดไปเน่ง ครองคลายเคล่งอาศรมบทน้นน (ม. คำหลวง กุมาร)."
เนตบอล 0,น.,กีฬาอย่างหนึ่ง คล้ายบาสเกตบอล มีผู้เล่นฝ่ายละ ๗ คน และส่งลูกบอลโดยวิธีโยนหรือขว้างเท่านั้น ห้ามเตะหรือตบลูกบอลกับพื้น.
เนตร 0,น.,"ตา, ดวงตา"
เนตร 1,น.,ผู้นำทาง.
เนตรนารี 0,น.,"เด็กหญิงที่ได้รับการฝึกให้เป็นผู้นำในทางความประพฤติ, สมาชิกแห่งองค์การที่มีวัตถุประสงค์ในการฝึกหัดอบรมบ่มนิสัยเด็กหญิงให้เป็นพลเมืองดีตามจารีตประเพณี มีอุดมคติ และความรับผิดชอบตัวเองและต่อผู้อื่นเป็นต้น."
เนติ 0,น.,"นิติ, แบบแผน, เยี่ยงอย่าง, ขนบธรรมเนียม, ประเพณี, กฎหมาย, วิธีปกครอง, เครื่องแนะนำ, อุบายอันดี."
เนติบัณฑิต 0,น.,"ผู้ได้รับประกาศนียบัตรทางวิชากฎหมายของโรงเรียนกฎหมาย กระทรวงยุติธรรม, ผู้สอบได้ตามหลักสูตรของสำนักศึกษาอบรมกฎหมายของเนติบัณฑิตยสภา."
เน้น 0,ก.,"ทำให้หนักแน่นเพื่อให้เห็นความสำคัญ (ใช้แก่กริยาพูด) เช่น เน้นถ้อยเน้นคำ, ลงเสียงหนัก เช่น เน้นเสียง, กดให้แน่น เช่น เน้นเหงือก เน้นฟัน."
เน้น 1,ว.,ให้หนักแน่นยิ่งขึ้น เช่น พูดเน้น.
เนบิวลา 0,น.,บริเวณที่มีลักษณะเป็นฝ้าเรืองแสง ปรากฏเห็นได้บางแห่งบนท้องฟ้า มีขนาดใหญ่มาก ประกอบด้วยกลุ่มแก๊ส กลุ่มดาวฤกษ์ และวัตถุต่าง ๆ ที่จะก่อตัวรวมกันเป็นดาวฤกษ์.
เนปจูน 0,น.,"ชื่อดาวเคราะห์ดวงที่ ๘ ในระบบสุริยะ มองไม่เห็นด้วยตาเปล่า เพราะอยู่ห่างโลกมาก อยู่ห่างดวงอาทิตย์ประมาณ ๔,๕๒๙ ล้านกิโลเมตร มีเส้นผ่านศูนย์กลางในแนวที่ผ่านเส้นศูนย์สูตร ๔๘,๔๐๐ กิโลเมตร ในแนวที่ผ่านขั้ว ๔๗,๔๐๐ กิโลเมตร, ดาวสมุทร ก็เรียก."
เนปทูเนียม 0,น.,ธาตุลำดับที่ ๙๓ สัญลักษณ์ Np เป็นธาตุกัมมันตรังสีที่นักวิทยาศาสตร์สร้างขึ้น ไม่มีปรากฏในธรรมชาติ เป็นโลหะ ลักษณะเป็นของแข็งสีเงิน.
เนมิ 0,น.,"กงรถ, กงเกวียน."
เนมิตก- 0,น.,หมอดูทายลักษณะหรือโชคลาง.
เนมิตกนาม 0,น.,ชื่อที่เรียกตามเหตุ คือลักษณะและคุณสมบัติ เช่น พระสุคต แปลว่า ผู้ดำเนินดีแล้ว.
เนมิตกะ 0,น.,หมอดูทายลักษณะหรือโชคลาง.
เนมินธร 0,น.,"ชื่อภูเขาชั้นที่ ๕ ในหมู่เขาสัตบริภัณฑ์ที่ล้อมเป็นวงกลมรอบเขาพระสุเมรุ. (ป., ส.). (ดู สัตบริภัณฑ์, สัตภัณฑ์)."
เนย 0,น.,ไขมันหรือนํ้ามันที่ทำจากนํ้านมสัตว์มีทั้งเหลวและแข็ง.
เนยเทียม 0,น.,สิ่งที่ทำจากไขมันหรือนํ้ามันที่ได้จากพืชและสัตว์ นำมาทำให้บริสุทธิ์ ผสมวิตามินเอ วิตามินดี เติมนมและสีที่เหมาะสม แบคทีเรียในนมจะทำให้เกิดกลิ่นและรสคล้ายเนย ใช้เป็นอาหารได้.
เนยใส 0,น.,นํ้ามันที่เคี่ยวมาจากเนย.
เนรกัณฐี 0,น.,"แก้วมณีสีเขียว, บางทีเขียนเป็น เนระกันถี หรือ เนียรกัณฐี ก็มี เช่น กับหินอย่างดีสีเขียวเรียกชื่อว่าเนระกันถี (สยามประเภท), ดังมรกตนิลเนียรกัณฐี (รามเกียรติ์ ร. ๒)."
เนรคุณ 0,ก.,"อกตัญญูไม่รู้คุณ, ไม่สำนึกถึงบุญคุณ."
เนรเทศ 0,ก.,บังคับให้ออกไปเสียจากประเทศหรือถิ่นที่อยู่ของตน
เนรเทศ 1,ก.,ขับคนต่างด้าวให้ออกไปนอกราชอาณาจักร
เนรเทศ 2,ก.,โดยปริยายหมายถึง การออกจากประเทศหรือถิ่นที่อยู่เดิมด้วยความสมัครใจ เช่น เนรเทศตัวเอง.
เนรนาด 0,ก.,"เกลื่อนกล่น, เกลื่อนกลาด, เช่น เสมือนหนึ่งราชกัญญาคณานางสนมล้มเนรนาดด้วยอาลัย (ม. ร่ายยาว ทานกัณฑ์)."
เนรนาถ 0,ก.,"ไม่มีที่พึ่ง, ซัดเซพเนจร, เช่น ก็เนรนาถประพาสพรตยังเขาสิงขรบวรวงกต (ม. ร่ายยาว ชูชก)."
เนรมิต 0,ก.,"นิรมิต, สร้างหรือบันดาลด้วยอำนาจ ฤทธิ์ หรืออภินิหารให้บังเกิดเป็นขึ้นมีขึ้นโดยฉับพลัน."
เนระพูสี 0,น.,"ชื่อเฟินชนิด Microlepia speluncae (L.) T. Moore ในวงศ์ Dennstaedtiaceae ต้นเป็นกอ ใช้ทำยาได้, โหราผักกูด ก็เรียก."
เนษาท 0,น.,"นิษาท, พรานป่า"
เนษาท 1,น.,ชาวประมง
เนษาท 2,น.,โจร.
เนอ 0,ว.,"นะ, แฮะ."
เน้อ 0,ว.,คำทอดเสียงลงท้ายบอกให้รู้ เช่น ขนมเน้อ ไปก่อนเน้อ.
เน่า 0,ก.,เสียและมีกลิ่นเหม็น เช่น ปลาเน่า เนื้อเน่า.
เนา 0,ก.,เย็บห่าง ๆ พอให้อยู่เป็นแนวเพื่อเย็บให้เรียบร้อยต่อไป.
เนา 1,ก.,อยู่.
เนา 2,น.,"เรือ, สำเภา, เภตรา."
เนา 3,น.,วันที่อยู่ถัดจากวันมหาสงกรานต์ หน้าวันเถลิงศก เรียกว่า วันเนา.
เน่าไฟ 0,ก.,อาการที่ของเสียเพราะต้มไม่ถูกวิธี เช่นต้มข้าวต้มมัดไม่สุก.
เนาว- 0,ว.,ใหม่.
เนาว- 1,ว.,"เก้า, จำนวน ๙."
เนาวนิต 0,น.,"นพนิต, เนยข้นชนิดหนึ่ง."
เนาวรัตน์ 0,น.,"นพรัตน์, แก้ว ๙ อย่าง คือ เพชร ทับทิม มรกต บุษราคัม โกเมน นิล มุกดา เพทาย ไพฑูรย์, เนาวรัตน์ ก็ว่า."
เนิน 0,น.,โคกขนาดใหญ่ที่ค่อยลาดสูงขึ้นจากระดับพื้น เช่น เนินดิน เนินเขา
เนิน 1,น.,เรียกเนื้อรอบฝ่ามือที่มีลักษณะนูนกว่าบริเวณอุ้งมือ ว่า เนิน เช่น เนินพระศุกร์ เนินพระพุธ.
เนิ่น 0,ว.,ก่อนหน้าหรือก่อนเวลานาน ๆ เช่น แหมวันนี้มาแต่เนิ่นเชียว มาแต่เนิ่น ๆ ทำแต่เนิ่น ๆ.
เนิ่น ๆ 0,ว.,ก่อนหน้าหรือก่อนเวลานาน ๆ เช่น แหมวันนี้มาแต่เนิ่นเชียว มาแต่เนิ่น ๆ ทำแต่เนิ่น ๆ.
เนิ่นนาน 0,ว.,"ช้านานมาแล้ว เช่น ในเวลาเนิ่นนานมาแล้ว, นานมาก เช่น อย่าให้เนิ่นนานนะ."
เนิบ ๆ 0,ว.,"แช่มช้า, ช้า ๆ อย่างมีจังหวะ เช่น เดินเนิบ ๆ พูดเนิบ ๆ."
เนิบนาบ 0,ว.,ช้า ๆ เช่น พูดจาเนิบนาบ จังหวะเนิบนาบ.
เนียง 0,น.,นาง (ออกเสียงตามเขมรที่เขียนว่า นาง).
เนียง 1,น.,"ชื่อไม้ต้นชนิด Archidendron jiringa (Jack) I.C. Nielsen ในวงศ์ Leguminosae ฝักบิดเป็นวง เมล็ดค่อนข้างแบน กินได้, พะเนียง ก็เรียก, จันทบุรีเรียก ชะเนียง."
เนียน 0,น.,"กาบหมากที่เจียนให้มนขนาดเล็กกว่าฝ่ามือสำหรับตักนํ้าพริกจากครก, เปลือกจั่นมะพร้าวสำหรับแซะนํ้าตาลเมื่อเวลาเคี่ยว, โดยปริยายใช้เรียกที่สำหรับแซะหรือตัดขนม."
เนียน 1,ว.,มีเนื้อละเอียดนุ่มนวล เช่น เนื้อเนียน
เนียน 2,ว.,เรียบสนิท เช่น เข้าไม้ได้เนียนดี.
เนียน 3,น.,เครื่องมือสำหรับกวดลวดเลี่ยมภาชนะ เช่นปากป้านหรือปากถ้วยให้เรียบ.
เนียม 0,น.,"ชื่อไม้พุ่มขนาดเล็กชนิด Chloranthus spicatus (Thunb.) Makino ในวงศ์ Chloranthaceae ดอกเล็ก สีขาว กลิ่นหอม, พายัพเรียก เนียมอ้ม."
เนียม 1,น.,"ชื่อไม้พุ่มชนิด Strobilanthes nivea Craib ในวงศ์ Acanthaceae ดอกเล็ก สีม่วงอ่อน ใบมีกลิ่นหอมใช้ประสมปูนกินกับหมาก, เนียมสวน ก็เรียก, อีสานเรียก อ้ม."
เนียม 2,น.,"เรียกงาช้างที่ใหญ่แต่สั้นและมักจะชี้ตรง ว่า งาเนียม, เรียกช้างที่มีงาเช่นนั้น ว่า ช้างงาเนียม."
เนียมสวน 0,น.,"ชื่อไม้พุ่มชนิด Strobilanthes nivea Craib ในวงศ์ Acanthaceae ดอกเล็ก สีม่วงอ่อน ใบมีกลิ่นหอมใช้ประสมปูนกินกับหมาก, เนียมสวน ก็เรียก, อีสานเรียก อ้ม."
เนียมหูเสือ 0,น.,"ชื่อไม้ล้มลุกชนิดPlectranthus amboinicus (Lour.) Spreng. ในวงศ์ Labiatae ใบกลม แข็ง กรอบ มีขน กลิ่นฉุน กินได้, เนียมหูเสือ ก็เรียก."
เนียมอ้ม 0,น.,ต้นเนียม. [ดู เนียม ๑ (๑)].
เนียร 0,น.,นํ้า.
เนียรทุกข์ 0,ว.,"นิรทุกข์, ไม่มีทุกข์."
เนียรเทศ 0,ก.,เนรเทศ.
เนียรนาท 0,ก.,"กึกก้อง เช่น เสียงฆ้องกลองประนังเนียรนาท สะเทือนท้องวนาวาสหิมวันต์ (ม. ร่ายยาว นครกัณฑ์), นีรนาท ก็ใช้."
เนื้อ 0,น.,ส่วนของร่างกายคนและสัตว์อยู่ถัดหนังเข้าไป
เนื้อ 1,น.,เนื้อวัวหรือเนื้อควายที่ใช้เป็นอาหาร เช่น แกงเนื้อ
เนื้อ 2,น.,สิ่งที่เป็นลักษณะประจำตัวของสิ่งต่าง ๆ เช่น เนื้อไม้ เนื้อเงิน เนื้อทอง
เนื้อ 3,น.,ส่วนที่อยู่ถัดเปลือกของผลไม้ต่าง ๆ เช่น เนื้อมะม่วง เนื้อทุเรียน
เนื้อ 4,น.,"สิ่งที่ประกอบกันเป็นตัวอาหาร, คู่กับ นํ้า เช่น แกงมีแต่นํ้าไม่มีเนื้อ เอาแต่เนื้อ ๆ"
เนื้อ 5,น.,สาระสำคัญ เช่น เนื้อเรื่อง
เนื้อ 6,น.,คุณสมบัติของเนื้อทองคำและเงินเป็นต้น เช่น ทองเนื้อเก้า เงินเนื้อบริสุทธิ์
เนื้อ 7,น.,"ราคาทองคำเป็นเงินบาทตามคุณภาพของเนื้อทอง เช่น ทองคำหนัก ๑ บาท เป็นราคาเงิน ๘ บาท เรียกว่า ทองเนื้อแปด, ถ้าเป็นราคาเงิน ๙ บาท เรียกว่า ทองเนื้อเก้า หรือ ทองนพคุณเก้าน้ำ"
เนื้อ 8,น.,"โดยปริยายหมายความว่า ทุนเดิม, เงิน, ทรัพย์, เช่น เข้าเนื้อ ชักเนื้อ ควักเนื้อตัวเอง."
เนื้อ 9,น.,ชื่อสัตว์ป่าประเภทกวาง.
เนื้อกษัตริย์ 0,น.,"เนื้อโลหะ เช่น ทองคำ เงิน นาก ที่บริสุทธิ์, โดยปริยายหมายถึง เนื้อแท้ของสิ่งนั้น ๆ."
เนื้อความ 0,น.,สาระของข้อความ.
เนื้อคู่ 0,น.,"ชายหญิงที่ถือกันว่าเคยอยู่ร่วมกันมาแต่ปางก่อน, ชายหญิงที่สมเป็นคู่ครองกัน, คู่สร้าง หรือ คู่สร้างคู่สม ก็ว่า."
เนื้อเค็ม 0,น.,เนื้อวัวเนื้อควายเป็นต้นที่หมักเกลือตากแห้งไว้.
เนื้อฆ้อง 0,น.,"ทำนองที่ฆ้องวงใหญ่บรรเลงโดยไม่พลิกแพลง ถือเป็นทำนองหลักของเพลงนั้น, เนื้อเพลง หรือ ลูกฆ้อง ก็เรียก."
เนือง 0,ว.,"บ่อย ๆ, เสมอ ๆ, เช่น สะบัดปลายเกศาเนืองไป (อิเหนา), ไปมาหาสู่อยู่เนือง ๆ"
เนือง 1,ว.,มาก เช่น แสนเสนางค์เนืองบร (ตะเลงพ่าย).
เนื่อง 0,ก.,"ติดต่อกัน, เกี่ยวข้องกัน, เช่น เรื่องนี้เนื่องกับเรื่องนั้น เรื่องมันเนื่องถึงกัน."
เนื่อง 1,น.,"เรียกแหวนทองเกลี้ยงมีหลายวงไขว้ติดกันรวมเป็นวงเดียวกันได้ ว่า แหวนเนื่อง, เรียกลายที่ประดับขอบถ้วยเป็นต้นด้วยอัญมณีเม็ดเล็ก ๆ เรียงกันเป็นแถว ว่า ลายเนื่อง, เรียกวัตถุอื่น ๆ ที่มีลักษณะคล้ายกัน เช่น ถ้วยเนื่อง คือ ถ้วยที่มีหลายชั้นติดกัน, เนื่องรอบวงในประดับเพชร, เนื่องเพชรลงยาราชาวดี."
เนือง ๆ 0,ว.,"บ่อย ๆ, เสมอ ๆ, เช่น สะบัดปลายเกศาเนืองไป (อิเหนา), ไปมาหาสู่อยู่เนือง ๆ"
เนือง ๆ 1,ว.,มาก เช่น แสนเสนางค์เนืองบร (ตะเลงพ่าย).
เนื่องจาก 0,สัน.,เพราะเหตุที่ เช่น โรงเรียนปิดเนื่องจากนํ้าท่วม เนื่องด้วยเขาป่วย จึงมาไม่ได้ เนื่องแต่เหตุนั้นนั่นเอง.
เนื่องด้วย 0,สัน.,เพราะเหตุที่ เช่น โรงเรียนปิดเนื่องจากนํ้าท่วม เนื่องด้วยเขาป่วย จึงมาไม่ได้ เนื่องแต่เหตุนั้นนั่นเอง.
เนื่องแต่ 0,สัน.,เพราะเหตุที่ เช่น โรงเรียนปิดเนื่องจากนํ้าท่วม เนื่องด้วยเขาป่วย จึงมาไม่ได้ เนื่องแต่เหตุนั้นนั่นเอง.
เนืองนอง 0,ก.,"มีมากต่อเนื่องกันไม่ขาดสาย เช่น ทรัพย์สินเนืองนอง, นองเนือง ก็ว่า."
เนืองนิจ 0,ว.,เสมอ ๆ เช่น ส่งข่าวถึงกันอยู่เนืองนิตย์.
เนืองนิตย์ 0,ว.,เสมอ ๆ เช่น ส่งข่าวถึงกันอยู่เนืองนิตย์.
เนืองแน่น 0,ว.,"แออัด, ยัดเยียด."
เนื้องอก 0,น.,เนื้อเยื่อที่เจริญเติบโตผิดปรกติ อาจเป็นเนื้อร้าย หรือมะเร็ง หรือเป็นผลมาจากสาเหตุอื่น เช่นเชื้อโรค ก็ได้.
เนื้อตัว 0,น.,ร่างกาย เช่น เนื้อตัวเหนอะหนะ.
เนื้อตาย 0,น.,เนื้อเยื่อที่ขาดเลือดหรือถูกพิษอย่างอื่นจนเซลล์ตาย.
เนื้อเต่ายำเต่า 0,ก.,นำเอาทรัพย์สินส่วนที่เป็นกำไรหรือดอกเบี้ยกลับไปลงทุนต่อไปอีกโดยไม่ต้องใช้ทุนเดิม.
เนื้อถ้อยกระทงความ 0,น.,ถ้อยคำที่ได้เรื่องได้ราวเข้าใจได้ชัดเจน.
เนื้อทราย 0,น.,"ชื่อกวางชนิด Cervus porcinus Zimmermann ในวงศ์ Cervidae เป็นกวางขนาดกลาง ขนลำตัวสีนํ้าตาลเข้มแต่ตอนล่างสีจางกว่า ตามลำตัวมีจุดขาวจาง ๆ กระจายอยู่ทั่วไป โดยเฉพาะลูกที่เกิดใหม่จุดขาวนี้จะเห็นชัดเจนเช่นเดียวกับลูกกวางดาว ตัวผู้มีเขา ผลัดเขาปีละครั้ง อยู่เป็นฝูงตามทุ่งหญ้า กินหญ้าระบัด ใบไม้ และผลไม้ เป็นสัตว์ป่าคุ้มครองของไทย, กวางแขม กวางทราย หรือ ตามะแน ก็เรียก."
เนื้อที่ 0,น.,ขนาดของพื้นที่.
เนื้อแท้ 0,น.,"ส่วนที่แท้, ส่วนที่จริง."
เนื้อนาบุญ 0,น.,แหล่งที่ควรแก่การทำบุญ เช่น พระสงฆ์เป็นเนื้อนาบุญ.
เนื้อเปื่อย 0,น.,เนื้อวัวที่ต้มจนเปื่อยใช้เป็นอาหาร.
เนื้อผ้า 0,น.,ความเป็นจริง เช่น ว่าไปตามเนื้อผ้า.
เนื้อเพลง 0,น.,ส่วนสำคัญของทำนองเพลงที่บอกให้รู้ว่าเป็นเพลงอะไร
เนื้อเพลง 1,น.,ทำนองเพลง
เนื้อเพลง 2,น.,ถ้อยคำที่เป็นบทร้อง.
เนื้อเพลง 3,น.,"ทำนองที่ฆ้องวงใหญ่บรรเลงโดยไม่พลิกแพลง ถือเป็นทำนองหลักของเพลงนั้น, เนื้อเพลง หรือ ลูกฆ้อง ก็เรียก."
เนื้อไม้ 0,น.,ส่วนของต้นไม้ที่เป็นแก่นและกระพี้ อยู่ถัดเปลือกเข้าไป
เนื้อไม้ 1,น.,"แก่นไม้หอม โดยมากใช้ทำธูป, ชนิดที่ดีมีสีดำ ใช้ทำยาไทย."
เนือย 0,ว.,"เฉื่อย, ช้าลง, อ่อนลง, เช่น น้ำไหลเนือย ๆ"
เนือย 1,ว.,"ไม่กระปรี้กระเปร่า เช่น ทำงานวันแรกดูแข็งขันดี วันต่อมาดูเนือยลงไป, ไม่ประเปรียว เช่น แก่แล้วชักเนือย."
เนือย ๆ 0,ว.,"เฉื่อย, ช้าลง, อ่อนลง, เช่น น้ำไหลเนือย ๆ"
เนือย ๆ 1,ว.,"ไม่กระปรี้กระเปร่า เช่น ทำงานวันแรกดูแข็งขันดี วันต่อมาดูเนือยลงไป, ไม่ประเปรียว เช่น แก่แล้วชักเนือย."
เนื้อเยื่อ 0,น.,กลุ่มของเซลล์ที่มักมีลักษณะเหมือนกัน ทำหน้าที่ร่วมกัน มีหลายชนิด เช่น เนื้อเยื่อกล้ามเนื้อ เป็นเนื้อเยื่อส่วนที่ช่วยให้อวัยวะต่าง ๆ ของร่างกายเคลื่อนไหวได้ เนื้อเยื่อบุผิว เป็นเนื้อเยื่อที่ทำหน้าที่บุผิวนอก บุผิวใน บุโพรง บุท่อ บุต่อมของอวัยวะ.
เนื้อร้อง 0,น.,"คำประพันธ์สำหรับขับร้อง, คำร้อง หรือ บทร้อง ก็ว่า."
เนื้อร้าย 0,น.,สัตว์ป่าที่ดุร้าย เช่น หมี เสือ.
เนื้อร้าย 1,น.,เนื้อเป็นโรค เกิดแก่ คน สัตว์ และต้นไม้ หรือแผลที่เป็นมะเร็ง มีอาการต่าง ๆ.
เนื้อเรื่อง 0,น.,"เรื่องราว, สาระของเรื่อง."
เนื้อสมัน 0,น.,"ชื่อสัตว์เลี้ยงลูกด้วยนมชนิด Cervus schomburgki (Blyth) ในวงศ์ Cervidae เป็นสัตว์เคี้ยวเอื้อง ขนาดเล็กกว่ากวางป่า เขาสวยงามแตกแขนงมากกว่ากวางชนิดอื่น ขนสีนํ้าตาล หางสั้น มีถิ่นกำเนิดเฉพาะในประเทศไทยเท่านั้น เป็นสัตว์ป่าสงวน ซึ่งสูญพันธุ์แล้ว, เนื้อสมัน ก็เรียก."
เนื้อหา 0,น.,"ใจความสำคัญ, ข้อสำคัญ, สาระสำคัญ"
เนื้อหา 1,น.,วงเงินตามข้อตกลงที่จ้างหามา รวมทั้งค่ารถค่าอาหาร เป็นต้น (มักใช้แก่การมหรสพ เช่น ลิเก ละคร).
เนื้ออ่อน 0,น.,"ชื่อปลานํ้าจืดขนาดกลางหลายชนิดในวงศ์ Siluridae ไม่มีเกล็ด มีฟันเล็กแต่แหลมคม ลำตัวแบนข้างมากบ้างน้อยบ้าง เช่น ชนิด Phalacronotus apogon (Bleeker), P. bleekeri (Günther), Kryptopterus cryptopterus (Bleeker), K. limpok (Bleeker), Ompok bimaculatus (Bloch), O. hypophthalmus (Bleeker), Ceratoglanis scleronemus (Bleeker), ข้างท้องมักเป็นสีเงิน ขนาดแตกต่างกันตั้งแต่ ๒๐-๗๗ เซนติเมตร อาจมีหรือไม่มีครีบหลังก็ได้ บางชนิดลำตัวด้านหลังสีเทาอมเขียวหรือสีนํ้าตาล, มีชื่อไทยที่เรียกแตกต่างกันหรือซํ้าซ้อนกันระหว่างชนิด ได้แก่ ชะโอน โอน แดง นาง เกด ปีกไก่ นํ้าเงิน หน้าสั้น สยุมพร หรือ เซือม."
แน่ 0,ว.,"แท้, จริง, ไม่เป็นอื่น, เช่น ทำแน่ ไปแน่"
แน่ 1,ว.,"เก่ง, มีฝีมือดี, เช่น คนนี้มือแน่มาก."
แน่ 2,ว.,"อาการที่ไม่ไหวติงไปชั่วระยะหนึ่งเพราะเป็นลมเป็นต้น, นิ่งแน่ ก็ว่า."
แน่ง 0,น.,นาง.
แน่งน้อย 0,ว.,มีรูปทรงแบบบาง (มักใช้แก่หญิงสาว).
แน่ใจ 0,ก.,มั่นใจ.
แน่ชัด 0,ว.,"ชัดแจ้ง, ประจักษ์แจ้ง."
แน่แท้ 0,ว.,จริงทีเดียว.
แน่น 0,ว.,"อาการที่แออัดยัดเยียดหรือเบียดเสียดจนแทบไม่มีที่ว่าง เช่น คนแน่น ต้นไม้ขึ้นแน่น, อยู่กับที่หรือทำให้อยู่กับที่อย่างมั่นคงไม่ให้หลุดไม่ให้คลอน เช่น เกาะแน่น ปักเสาแน่น, ลักษณะของเสียงดังแบบหนึ่งที่เนื่องมาจากมีการอัดแน่นเป็นพิเศษอย่างเสียงพลุเสียงระเบิด."
แน่นขนัด 0,ว.,แออัด.
แน่นท้อง 0,ว.,อึดอัดท้องเพราะกินอาหารมากเป็นต้น.
แน่นนันต์ 0,ว.,"มากมาย, อัดแอ, คับคั่ง, ยัดเยียด, เช่น กรุงกษัตริย์มาพร้อมประชุมกัน แน่นนันต์ในพระลานชัยศรี (รามเกียรติ์ ร. ๑)."
แน่นแฟ้น 0,ว.,มั่นคง เช่น รักกันแน่นแฟ้น.
แน่นหนา 0,ว.,"มั่นคง เช่น ใส่กุญแจแน่นหนา, แข็งแรง เช่น ประตูหน้าต่างแน่นหนา, บางทีก็ใช้เข้าคู่กับ ปึกแผ่น เป็น เป็นปึกแผ่นแน่นหนา."
แน่นหน้าอก 0,ว.,มีอาการจุกเสียดบริเวณทรวงอกทำให้หายใจไม่สะดวก.
แน่นอน 0,ว.,"เที่ยงแท้, จริงแท้."
แน่นิ่ง 0,ว.,"อาการที่ไม่ไหวติงไปชั่วระยะหนึ่งเพราะเป็นลมเป็นต้น, นิ่งแน่ ก็ว่า."
แน่แน่ว 0,ว.,"อาการที่ใจมุ่งมั่นอยู่กับสิ่งใดสิ่งหนึ่ง เช่น ตั้งใจแน่แน่ว, แน่วแน่ ก็ว่า."
แนบ 0,ก.,แอบชิด เช่น แนบข้าง แนบกาย แนบเนื้อ
แนบ 1,ก.,ส่งไปพร้อมด้วย เช่น ต้องแนบสำเนาจดหมายไปด้วย.
แน่บ 0,ว.,อาการที่วิ่งอย่างรวดเร็วไม่เหลียวหลัง เช่น โกยแน่บ.
แนบเนียน 0,ว.,อย่างสนิทและรัดกุม เช่น ทำได้อย่างแนบเนียน ปลอมตัวได้อย่างแนบเนียน.
แนบแน่น 0,ว.,สนิทแน่น เช่น รักอย่างแนบแน่น.
แนม 0,ก.,"แกม เช่น ดอกแนมใบ, แนบ, ชิด, เช่น ผลผกาเกิดกับกิ่งก้านระกุแกมแนมใบวิบูลระบัดบัง (ม. ร่ายยาว มหาพน), โกมลไม่แย้มยังแนมใบ (อิเหนา)"
แนม 1,ก.,"แทรกแซมหรือแซงเข้าไป เช่น เอาลิ่มแนมให้แน่น, เรือตะเข้แนมทังสองข้าง (สามดวง)"
แนม 2,ก.,"แทรกเพิ่มเติม, ควบคู่กันไป, เช่น นํ้าพริกกะปิมีปลาทูทอดแนม"
แนม 3,ก.,เสียดสี ในคำว่า เหน็บแนม.
แนว 0,น.,"สิ่งที่มีลักษณะเป็นแถว เช่น แนวสน แนวรั้ว หรือเป็นเส้นเป็นทางยาวไป เช่น ถูกเฆี่ยนเป็นแนว, โดยปริยายหมายถึงลักษณะเช่นนั้น เช่น แนวความคิด แนวนโยบาย."
แน่ว 0,ว.,"ตรงดิ่งไปยังที่หมายไม่แวะเวียน เช่น วิ่งแน่วกลับไป, ไม่ว่อกแว่ก เช่น ใจแน่ว."
แนวคิด 0,น.,ความคิดที่เป็นแนวที่จะดำเนินต่อไป เช่น แนวคิดในการปฏิรูปการศึกษา.
แนวทาง 0,น.,ทางปฏิบัติที่วางไว้เป็นแนว.
แนวที่ห้า 0,น.,ผู้เอาใจฝักใฝ่และช่วยเหลือศัตรู.
แน่วแน่ 0,ว.,"อาการที่ใจมุ่งมั่นอยู่กับสิ่งใดสิ่งหนึ่ง เช่น ตั้งใจแน่วแน่, แน่แน่ว ก็ว่า."
แนวโน้ม 0,น.,แนวทางที่น่าจะเป็นไปในทางใดทางหนึ่ง.
แนวป่า 0,น.,ชายป่าที่เห็นเป็นทิวยาวไป.
แนวรบ 0,น.,แนวที่มีการสู้รบกัน.
แนวร่วม 0,น.,ประชาชนที่มีความคิดคล้อยตามและให้การสนับสนุนแก่พวกที่มีความคิดเห็นในแนวเดียวกัน.
แนวเรือ 0,น.,รอยต่อของกระดานเรือที่เห็นเป็นทางยาวไป.
แนวหน้า 0,น.,"แนวหรือเขตแบ่งกำลังทัพทางบกส่วนหน้าซึ่งพร้อมที่จะปะทะกับฝ่ายศัตรู, ผู้ที่ไปรบได้แก่ทหาร."
แนวหลัง 0,น.,ผู้ที่ไม่ได้ไปรบด้วย ได้แก่พลเรือนผู้สนับสนุนอยู่ข้างหลัง.
แนะ 0,ก.,ชี้แนวทางหรือวิธีการให้รู้โดยตรงหรือโดยอ้อม เช่น แนะให้ไปหาหมอ แนะให้รู้เป็นนัย ๆ.
แน่ะ 0,ว.,คำทักหรือบอกให้รู้ตัว เช่น แน่ะอยู่นี่เอง แน่ะรถมาแล้ว
แน่ะ 1,ว.,ใช้ประกอบคำลงท้ายเพื่อเน้นความ เช่น ราคาตั้ง ๕๐ บาทแน่ะ.
แนะนำ 0,ก.,ชี้แนวทางให้ทำหรือปฏิบัติ เช่น แนะนำให้ดูหนังสือ แนะนำวิธีการใช้ยา
แนะนำ 1,ก.,บอกให้รู้จักกันตามธรรมเนียม.
แนะแนว 0,ก.,แนะนำแนวทางว่าควรจะปฏิบัติอย่างไร.
แนะแหน 0,ก.,"แนะ, พูดเสนอให้ชอบใจ."
โน 0,ก.,นูนขึ้นเพราะถูกกระทบกระแทกเป็นต้น (มักใช้แก่หัวหรือหน้า) เช่น หัวโน หน้าโน.
โน้ต 0,น.,เครื่องหมายกำหนดเสียงดนตรี.
โน้ต 1,ก.,บันทึก.
โน้ต 2,น.,จดหมายสั้น ๆ.
โน้ตเพลง 0,น.,เครื่องหมายกำหนดเสียงดนตรี.
โนตารีปับลิก 0,น.,ผู้มีอำนาจรับรองลายมือชื่อ เอกสาร วัตถุ หรือบุคคล ในบางประเทศโนตารีปับลิก หรือแมยิสเตร็ดมีหน้าที่จัดทำเอกสารสำคัญบางชนิดให้แก่ประชาชนด้วย ตามกฎหมายวิธีพิจารณาความแพ่งของประเทศไทย กำหนดให้ใบมอบอำนาจที่ทำในเมืองต่างประเทศที่มีกงสุลไทย ต้องให้กงสุลนั้นเป็นพยาน ถ้าไม่มีกงสุลไทย ต้องให้เจ้าพนักงานโนตารีปับลิกหรือแมยิสเตร็ด เป็นพยาน.(อ. notary public).(ดู แมยิสเตร็ด ประกอบ).
โน่น 0,ส.,คำใช้แทนนามที่อยู่ไกลออกไป เช่น ที่โน่นมีอากาศดี.
โน้น 0,ว.,ใช้ประกอบนามที่อยู่ไกลออกไป เช่น บ้านโน้นมีงานรื่นเริง.
โนน 0,น.,"เนิน, ที่สูง."
โนน 1,ก.,นอน.
โนเน 0,ว.,"อ้อนแอ้น, แบบบาง, เช่น โนเนหนุ่มเหน้าบัวบาน (เสือโค; สุธน), เห็นเนื้อเรื่อโรงราง ห่มสองบ่าอ่าโนเน (กาพย์ห่อโคลงนิราศธารโศก)."
โนเบเลียม 0,น.,ธาตุลำดับที่ ๑๐๒ สัญลักษณ์ No เป็นธาตุกัมมันตรังสีที่นักวิทยาศาสตร์สร้างขึ้น ไม่มีปรากฏในธรรมชาติ.
โน้ม 0,ก.,"เหนี่ยวให้โค้งตํ่าลงมา เช่น โน้มกิ่ง, น้อม หรือ ค้อมตํ่าลง เช่น รวงข้าวโน้มลง."
โน้มน้าว 0,ก.,ชักชวนให้เห็นดีเห็นงามหรือให้โอนอ่อนตาม.
โนรา 0,น.,"ชื่อพรรณไม้ ๒ ชนิดย่อยของชนิด Hiptage bengalensis (L.) Kurz ในวงศ์ Malpighiaceae ขึ้นตามป่าเบญจพรรณทั่วไป ใบเดี่ยว ค่อนข้างกลมมน ขอบหยักตื้น ๆ ออกตรงข้ามกัน ดอกสีขาวอมชมพู ชนิดย่อยแรก H. bengalensis (L.) Kurz subsp. bengalensisเป็นไม้เถาเนื้อแข็ง, โนรา ก็เรียก, และชนิดย่อยที่ ๒ H. bengalensis (L.) Kurz subsp. candicans (Hook. f.) Sirirugsa เป็นไม้พุ่มหรือไม้ต้นขนาดเล็ก, พญาช้างเผือก ก็เรียก."
โนรา 1,น.,"ศิลปะการแสดงพื้นเมืองอย่างหนึ่งของภาคใต้ มีแม่บทท่ารำอย่างเดียวกับละครชาตรี, มโนราห์ ก็ว่า."
โนรี 0,น.,"ชื่อนกปากขอขนาดเล็กหลายชนิด ในวงศ์ Psittacidae ตัวมีสีสันสวยงาม เช่น สีแดงสดหรือเลือดหมู นํ้าเงิน ม่วง เขียว ปีกสีเขียวหรือเหลือง หางสั้น มีถิ่นกำเนิดอยู่ในหมู่เกาะนิวกินี อินโดนีเซีย ออสเตรเลีย มีหลายชนิด เช่น ชนิด Lorius chlorocercus Gould, L. lorry (Linn.), L. garrulus (Linn)."
โนรี 1,น.,ชื่อไม้เถาชนิด Hiptage lucida Pierre ในวงศ์ Malpighiaceae ดอกสีชมพู กลิ่นหอม.
โนรี 2,น.,ชื่อปลาทะเลขนาดเล็กทุกชนิดในสกุล Heniochus วงศ์ Chaetodontidae ลำตัวสั้นแต่กว้างมาก หัวแหลม ปากเล็กอยู่ที่ปลายสุด ก้านครีบหลังตอนหน้ายื่นยาวเป็นเส้น ตัวมีสีสันสดสวย หัวและลำตัวมีพื้นสีขาวเงิน มีแถบสีดำเข้มพาดขวางรวม ๓ แถบ ที่พบเสมอได้แก่ชนิด H. acuminatus (Linn.) ขนาดยาวได้ถึง ๒๐ เซนติเมตร อาศัยตามแนวหินปะการัง.
ใน 0,บ.,"ตรงกันข้ามกับ นอก, ไม่ใช่นอก, เช่น ในบ้าน ในเมือง."
ใน 1,บ.,"แห่ง, ของ, เช่น สมเด็จพระเจ้าภคินีเธอ เจ้าฟ้าเพชรรัตนราชสุดา สิริโสภาพัณณวดี พระราชธิดาในพระบาทสมเด็จพระมงกุฎเกล้าเจ้าอยู่หัว."
ในกรม 0,น.,พระเจ้าวรวงศ์เธอ พระองค์เจ้าและพระวรวงศ์เธอ พระองค์เจ้าที่ทรงกรม.
ในที 0,ว.,"มีท่าทีจะเป็นเช่นนั้นแต่ไม่แสดงให้ปรากฏ เช่น ยิ้มในที รู้ในที, อยู่ในที ก็ว่า."
ในไส้ 0,ว.,เรียกลูกที่เกิดจากตน ว่า ลูกในไส้.
ในหลวง 0,น.,พระมหากษัตริย์.
ไน 0,น.,เครื่องปั่นด้ายด้วยมือ และใช้ถ่ายด้ายที่ทำเป็นไจหรือเข็ดแล้วเข้าหลอด.
ไน 1,น.,"ชื่อปลานํ้าจืดขนาดกลางชนิด Cyprinus carpio Linn. ในวงศ์ Cyprinidae ลำตัวยาวรี แบนข้าง คล้ายปลาตะเพียน แต่ครีบหลังใหญ่และยาวกว่า ปากเล็ก ไม่มีฟัน มีหนวด ๒ คู่ เกล็ดใหญ่ขอบเรียบ บางสายพันธุ์อาจเป็นเพียงหย่อมเกล็ดหรือเกล็ดเล็กละเอียด มีสีแตกต่างกันตามสายพันธุ์ เช่น สีเขียวอมเทา เงิน ทอง ส้ม เหลือง ดำคลํ้า หรือเป็นแต้มเป็นด่างดวงของสีเหล่านี้ วางไข่ติดไว้กับพรรณไม้นํ้า ขนาดยาวได้ถึง ๘๐ เซนติเมตร, หลีโก หรือ หลีฮื้อ ก็เรียก."
ไนต์คลับ 0,น.,สถานเริงรมย์ที่เปิดเวลากลางคืน มีดนตรี มีการแสดง และขายอาหารกับเครื่องดื่มด้วย.
ไนโตรเจน 0,น.,ธาตุลำดับที่ ๗ สัญลักษณ์ N เป็นอโลหะ ลักษณะเป็นแก๊ส ไม่มีสี ไม่มีกลิ่น ไม่ไวต่อปฏิกิริยาเคมี มีปรากฏอยู่ประมาณร้อยละ ๘๐ ในบรรยากาศ ธาตุนี้มีความสำคัญยิ่งต่อสิ่งมีชีวิต โดยเป็นองค์ประกอบสำคัญของโปรตีนและกรดนิวคลิอิก.
ไนลอน 0,น.,"สารประกอบอินทรีย์ซึ่งสังเคราะห์ขึ้น มีโมเลกุลขนาดใหญ่ มักผลิตให้เป็นเส้นใยเล็ก ๆ ซึ่งนำไปฟั่นเป็นเส้นด้ายหรือเส้นเชือกที่มีความเหนียวมาก หรือนำไปทอเป็นผ้าได้, เรียกสิ่งที่ทำจากเส้นใยนั้น เช่น ผ้าไนลอน เชือกไนลอน."
ไนโอเบียม 0,น.,ธาตุลำดับที่ ๔๑ สัญลักษณ์ Nb เป็นโลหะหายาก ลักษณะเป็นของแข็งสีเทา หลอมละลายที่ ๒๔๖๘ °ซ. ใช้ประโยชน์นำไปเจือเหล็กกล้าไม่เป็นสนิม เพื่อทำให้มีสมบัติคงทนต่อการผุกร่อน และทนต่ออุณหภูมิสูง ๆ ได้ดี.
