คำ,POS,ความหมาย
ว 0,?,"พยัญชนะตัวที่ ๓๗ เรียกว่า วอ แหวน เป็นอักษรตํ่า ใช้เป็นพยัญชนะต้นและใช้เป็นตัวสะกดในมาตราเกอวหรือแม่เกอว เช่น กล่าว นิ้ว, ใช้ประสมกับรูปไม้หันอากาศเป็นสระอัวในคำที่ไม่มีตัวสะกด เช่น ตัว มัว, ใช้เป็นสระอัวในคำที่มีตัวสะกด เช่น สวย รวม."
วก 0,ก.,"หักเลี้ยวกลับ เช่น รถเลยที่หมายแล้ววกกลับ, ในบทกลอนใช้แผลงเป็น พก ก็มี."
วกวน 0,ก.,"ลดเลี้ยวไปมา, คดไปคดมา, เช่น ทางเข้าออกวกวน, อ้อมไปอ้อมมา, ย้อนไปย้อนมา, เช่น ให้การวกวน เขียนหนังสือวกวนอ่านไม่เข้าใจ."
วกะ 0,น.,หมาป่า.
วกุละ 0,น.,ต้นพิกุล.
วง 0,น.,"รูปที่มีเส้นที่โค้งเข้ามาบรรจบกัน ล้อมรอบเป็นขอบเขตสิ่งใดสิ่งหนึ่ง เช่น วงกลม วงรี, โดยปริยายหมายถึงลักษณะที่รวมกันเป็นหมู่เป็นกลุ่ม เช่น วงราชการ วงดนตรี"
วง 1,น.,"ส่วนสัดของมือที่ใช้ในการรำ, คู่กับ เหลี่ยม คือ ส่วนสัดของขาที่ใช้ในการรำ"
วง 2,น.,ลักษณนามใช้เรียกของที่เป็นวง เช่น แหวนวงหนึ่ง หรืออาการที่คนหลาย ๆ คนนั่งหรือยืนล้อมกันเป็นวง เช่น ไพ่วงหนึ่ง ระบำชาวไร่ ๒ วง นั่งล้อมวงกินข้าว ๓ วง หรือการเล่นที่มีคนหลาย ๆ คนร่วมกันเป็นชุดเป็นคณะ เช่น เครื่องสายวงหนึ่ง แตรวงวงหนึ่ง ดนตรี ๒ วงประชันกัน.
วง 3,ก.,"ล้อมรอบ, ทำเครื่องหมายเป็นรูปวงอย่างเอาดินสอเขียนเป็นรูปวงหมายไว้ หรือใช้ด้ายหรือเชือกอ้อมมาบรรจบกัน เช่น วงสายสิญจน์."
วงก์ 0,น.,เบ็ด.
วงก์ 1,ว.,"คด, โค้ง, ลดเลี้ยว"
วงก์ 2,ว.,"คดโกง, ไม่ซื่อตรง."
วงกต 0,น.,"ชื่อภูเขาลูกหนึ่งในเรื่องมหาเวสสันดรชาดก ซึ่งมีทางเข้าออกวกวนอาจทำให้หลงทางได้, เรียกสั้น ๆ ว่า เขาวงก์ ก็มี, เรียกสิ่งที่ทำคล้ายคลึงเช่นนั้นในงานเทศน์มหาชาติหรืองานรื่นเริงอื่น ๆ เพื่อความสนุก ว่า เขาวงกต, โดยปริยายหมายถึงวกวนหาทางออกไม่ได้."
วงกบ 0,น.,กรอบประตูหรือหน้าต่าง.
วงกลม 0,น.,รูปวงที่กลมรอบมีรัศมีจากจุดศูนย์กลางไปถึงขอบมีขนาดเท่ากันหมด
วงกลม 1,น.,รูปที่เกิดจากเซตของจุดบนระนาบเซตหนึ่งที่อยู่ห่างจากจุดศูนย์กลางเป็นระยะเท่ากัน.
วงการ 0,น.,กลุ่มบุคคลที่มีอาชีพหรือความสนใจอย่างเดียวหรือในแนวเดียวกัน เช่น วงการธุรกิจ วงการบันเทิง วงการครู.
วงแขน 0,น.,อ้อมแขน เช่น โอบไว้ในวงแขน ได้ถ้วยรางวัลมา กอดไว้ในวงแขนไม่ยอมวาง.
วงเครื่องสาย 0,น.,ชื่อวงดนตรีไทยประเภทหนึ่ง ประกอบด้วยเครื่องดนตรีที่ใช้สายเป็นต้นกำเนิดของเสียง เช่น ซอ จะเข้ คุมจังหวะด้วยโทน ฉิ่ง และรำมะนา.
วงเครื่องสายผสม 0,น.,ชื่อวงดนตรีประเภทหนึ่ง ใช้เครื่องสายยืนพื้น แต่นำเอาเครื่องดนตรีชนิดอื่นมาผสมด้วย เช่น นำออร์แกนมาผสมเรียกว่า เครื่องสายผสมออร์แกน นำเปียโนมาผสม เรียกว่า เครื่องสายผสมเปียโน.
วงเงิน 0,น.,"จำนวนเงินที่กำหนดไว้เพื่อทำสิ่งใดสิ่งหนึ่ง เช่น ค้ำประกันในวงเงิน ๒๐,๐๐๐ บาท ซื้อของได้ในวงเงิน ๑,๐๐๐ บาทเท่านั้น."
วงจร 0,น.,"เส้นทางที่กระแสไฟฟ้าเคลื่อนที่ผ่านไปครบรอบ, โดยปริยายหมายถึงสิ่งที่มีลักษณะคล้ายคลึงเช่นนั้น เช่น วงจรชีวิต."
วงจรชีวิต 0,น.,"การเวียนว่ายตายเกิด, ลักษณาการของชีวิตที่มีพัฒนาการเป็นขั้น ๆ ไปตามลำดับและในที่สุดก็จะเวียนมาบรรจบ ณ จุดเริ่มต้นใหม่ แล้วเวียนซ้ำต่อไปอีก เช่น ผีเสื้อออกไข่ แล้วไข่กลายเป็นตัวหนอน หนอนกลายเป็นดักแด้ ดักแด้กลายเป็นผีเสื้อ แล้วผีเสื้อก็ออกไข่ ฯลฯ."
วงจรปิด 0,น.,วงจรไฟฟ้าที่มีกระแสไฟฟ้ากำลังเคลื่อนที่อยู่ครบวงจร.
วงจรเปิด 0,น.,วงจรไฟฟ้าที่กระแสไฟฟ้าเคลื่อนที่ไม่ครบวงจร.
วงเดือน 0,น.,ชื่อเลื่อยชนิดหนึ่ง ลักษณะเป็นแผ่นกลม มีฟันอยู่โดยรอบ.
วงนอก 0,น.,"บุคคลหรือกลุ่มบุคคลที่ไม่มีส่วนเกี่ยวข้องกับกิจการหรือเรื่องใดเรื่องหนึ่งโดยตรง เช่น ผู้ที่ไม่ใช่สมาชิกถือเป็นคนวงนอก, ตรงข้ามกับ วงใน."
วงใน 0,น.,"บุคคลหรือกลุ่มคนที่เกี่ยวข้องกับกิจการหรือเรื่องใดเรื่องหนึ่งโดยตรง เช่น ข่าวนี้รู้มาจากวงในของราชการ เรื่องนี้พูดกันแต่วงในของคณะรัฐมนตรี, ตรงข้ามกับ วงนอก."
วงปี่พาทย์ดึกดำบรรพ์ 0,น.,ชื่อวงปี่พาทย์ประสมชนิดหนึ่งที่นำเครื่องดนตรีที่มีเสียงแหลมออกไปทำให้เกิดเสียงทุ้มนุ่มนวล เกิดขึ้นในสมัยรัชกาลที่ ๕.
วงพาด 0,น.,รั้วสี่เหลี่ยมภายในเพนียด ใช้ล้อมช้าง ทำด้วยซุงเป็นต้น ๆ ปักเรียงรายเว้นระยะพอให้คนลอดเข้าออกได้ มีไม้ตีพาดเสาเหล่านั้นให้ยึดติดกันโดยรอบ.
วงมโหรี 0,น.,ชื่อวงดนตรีไทยประเภทหนึ่ง ประกอบด้วยเครื่องดนตรีผสมทั้งดีด สี ตี เป่า ใช้บรรเลงเพื่อขับกล่อมมี ๕ แบบ คือ ๑. วงมโหรีเครื่องสี่ ๒. วงมโหรีเครื่องหก ๓. วงมโหรีเครื่องเดี่ยว ๔. วงมโหรีเครื่องคู่ ๕. วงมโหรีเครื่องใหญ่
วงรี 0,น.,รูปวงที่กลมเรียวอย่างลูกสมอหรือเมล็ดข้าวสาร
วงรี 1,น.,รูปคล้ายรูปไข่ที่เกิดจากเซตของจุดบนระนาบเซตหนึ่ง โดยผลบวกของระยะจากจุดแต่ละจุดไปยังจุดตรึงอยู่กับที่ ๒ จุด มีค่าคงตัวเสมอ.
วงเล็บ 0,น.,"เครื่องหมายวรรคตอนรูปดังนี้ ( ) สําหรับใช้กันข้อความที่ขยายหรืออธิบายจากข้อความอื่น และข้อความในระหว่างวงเล็บนั้นจะอ่านหรือเว้นเสียก็ได้ ไม่ทำให้เนื้อความนอกจากนั้นเสียไป เช่น จึงสรุปได้ว่ามนุษย์หรือขันธ์ ๕ นั้น ได้สร้างโลภะ (ความอยากได้) โทสะ (ความโกรธ) และโมหะ (ความหลง) ให้แก่ตัวเองทั้งสิ้น, ใช้กันข้อความซึ่งบอกที่มาของคำหรือข้อความ เช่น สิลา น. หิน, ก้อนหิน."
วงเล็บ 1,น.,"ใช้กันนามเต็มหรือบรรดาศักดิ์ที่เขียนใต้ลายมือชื่อ เช่น+C27 ใช้กันตัวอักษรหรือตัวเลขที่เป็นหัวข้อหรือที่เป็นเลขหมายบอกเชิงอรรถ ส่วนตัวอักษรหรือตัวเลขที่เป็นหัวข้ออาจใช้เพียงเครื่องหมายวงเล็บปิดก็ได้ เช่น วันรุ่งแรมสามค่ำเป็นสำคัญ (๑) อภิวันท์ลาบาทพระชินวร ข้อ (ก) ข้อ ๑), ใช้ในวิชาคณิตศาสตร์และสูตรทางวิทยาศาสตร์เพื่อกั้นตัวเลขหรือสัญลักษณ์ไว้เป็นกลุ่ม เช่น a^2 - b^2 = (a + b)(a - b), Al_2(SO_4)_3, นขลิขิต ก็ว่า."
วงเล็บปีกกา 0,น.,"เครื่องหมายวรรคตอนรูปดังนี้ { } สำหรับใช้ควงคำหรือข้อความซึ่งอยู่คนละบรรทัดเข้าด้วยกันเพื่อให้รู้ว่าเป็นกลุ่มเดียวกันหรือเชื่อมโยงกัน อาจใช้เพียงข้างใดข้างหนึ่งก็ได้ เช่น+C163 ใช้ในวิชาคณิตศาสตร์ เพื่อกั้นสมาชิกของเซตหรือกั้นกลุ่มตัวเลขหรือกลุ่มสัญลักษณ์ที่มีวงเล็บแบบอื่นอยู่แล้วไว้เป็นกลุ่มเดียวกัน เช่น A = {2, 4, 6, 8}, 2x - 5{7 - (x - 6) + 3x} - 28 = 39."
วงเล็บเหลี่ยม 0,น.,"เครื่องหมายวรรคตอนรูปดังนี้ [ ] สำหรับใช้กันคำหรือข้อความที่ขยายหรืออธิบายจากข้อความอื่นในอีกลักษณะหนึ่ง เมื่อข้อความนั้นได้มีการใช้เครื่องหมายวงเล็บแบบอื่นด้วย เช่น กตัญญู น. ผู้รู้อุปการคุณที่ท่านทำให้, ผู้รู้คุณท่าน, เป็นคำคู่กันกับ กตเวที. [ป. กต ว่า (อุปการคุณ) ที่ท่านทำแล้ว + ญู ว่า ผู้รู้], ใช้บอกคำอ่านในหนังสือประเภทพจนานุกรม เช่น ขนง [ขะหฺนง] น. คิ้ว, ใช้เป็นราชาศัพท์ว่า พระขนง, ใช้กันข้อความในการเขียนบรรณานุกรมและเชิงอรรถในกรณีที่ข้อความนั้นไม่ปรากฏในหนังสือ แต่ผู้ทำบรรณานุกรมเพิ่มเติมเข้าไปเอง โดยมีหลักฐานยืนยัน เช่น [ตรี อมาตยกุล] นำชมหอสมุดดำรงราชานุภาพ. พระนคร : กรมศิลปากร, ๒๔๙๔., ใช้ในวิชาคณิตศาสตร์เพื่อกั้นกลุ่มตัวเลขกลุ่มสัญลักษณ์ที่มีวงเล็บอื่นอยู่แล้วไว้เป็นกลุ่มเดียวกัน เช่น 11 + 2[^x + 4 – 3{^x + 5 – 4(^x + 1)}] = 23, ใช้ในทางวิทยาศาสตร์เพื่อกั้นกลุ่มตัวเลขหรือกลุ่มสัญลักษณ์เพื่อแสดงความหมายต่าง ๆ เช่น [Ba2+][F−2] = 1.05.10−6, Na2[Fe(Cn)5 (NO)]·2H2O."
วงวัง 0,น.,การล้อม.
วงเวียน 0,น.,"เครื่องมือสำหรับเขียนวงกลม ส่วนโค้งของวงกลม หรือกะระยะ ทำด้วยโลหะ มี ๒ ขา ปลายข้างหนึ่งแหลม ปลายอีกข้างหนึ่งมีดินสอเป็นต้น อีกแบบหนึ่งมีปลายแหลมทั้ง ๒ ข้าง แบบหลังนี้ใช้สำหรับเขียนบนโลหะก็ได้, (โบ) กงเวียน หรือ กางเวียน ก็ว่า"
วงเวียน 1,น.,ที่ซึ่งมีลักษณะกลมเป็นที่รวมแห่งถนนหลาย ๆ สาย เช่น วงเวียนใหญ่ วงเวียน ๒๒ กรกฎา.
วงศ์ 0,น.,"เชื้อสาย, เหล่ากอ, ตระกูล."
วงศ- 0,น.,"เชื้อสาย, เหล่ากอ, ตระกูล."
วงศกร 0,น.,ผู้ต้นตระกูล.
วงศ์ทศกัณฐ์ 0,น.,เรียกญาติพี่น้องมาก ว่า วงศ์ทศกัณฐ์.
วงศ์วาน 0,น.,"ลูกหลานเหลนในตระกูล, มักใช้เข้าคู่กับคำ ว่านเครือ เป็น วงศ์วานว่านเครือ."
วงศา 0,น.,วงศ์.
วงศาคณาญาติ 0,น.,ญาติพี่น้อง.
วงษ์ 0,น.,วงศ์.
วงแหวน 0,น.,"โลหะหรือแผ่นหนังเป็นต้นที่ทำเป็นรูปแหวนสำหรับรองอย่างที่หัวสลักเกลียวหรือที่เพลา เพื่อกันสึกหรอหรือเพื่อให้กระชับแน่น, มักเรียกว่า แหวน, โดยปริยายใช้เรียกสิ่งอื่นที่มีลักษณะคล้ายคลึงเช่นนั้น เช่น ถนนวงแหวน พื้นที่วงแหวน."
วจนะ 0,น.,"คำพูด, ถ้อยคำ."
วจะ 0,น.,"คำพูด, ถ้อยคำ, คำกล่าว."
วจา 0,น.,ว่านนํ้า.
วจี 0,น.,"คำพูด, ถ้อยคำ."
วจีกรรม 0,น.,"การพูด, การกระทำทางวาจา, เช่น การกล่าวเท็จเป็นการทำผิดทางวจีกรรม."
วจีทุจริต 0,น.,ความประพฤติชั่วทางวาจา มี ๔ อย่าง ได้แก่ การพูดเท็จ ๑ การพูดคำหยาบ ๑ การพูดส่อเสียด ๑ การพูดเพ้อเจ้อ ๑.
วจีเภท 0,น.,การเปล่งถ้อยคำ.
วจีวิภาค 0,น.,ชื่อตำราไวยากรณ์ตอนที่ว่าด้วยคำและหน้าที่ของคำ.
วจีสุจริต 0,น.,ความประพฤติชอบทางวาจา มี ๔ อย่าง ได้แก่ การไม่พูดเท็จ ๑ การไม่พูดคำหยาบ ๑ การไม่พูดส่อเสียด ๑ การไม่พูดเพ้อเจ้อ ๑.
วชะ 0,น.,คอกสัตว์.
วชิร- 0,น.,สายฟ้า
วชิร- 1,น.,เพชร
วชิร- 2,น.,อาวุธพระอินทร์.
วชิรปาณี 0,น.,"“ผู้ถือวชิระ” คือ พระอินทร์, วัชรปาณี ก็ว่า."
วชิรหัตถ์ 0,น.,"“ผู้ถือวชิระ” คือ พระอินทร์, วัชรปาณี ก็ว่า."
วชิระ 0,น.,สายฟ้า
วชิระ 1,น.,เพชร
วชิระ 2,น.,อาวุธพระอินทร์.
วชิราวุธ 0,น.,“ผู้มีวชิระเป็นอาวุธ” คือ พระอินทร์.
วฏะ 0,น.,ไม้ไทร.
วฏาการ 0,น.,สายเชือก.
วฏุมะ 0,น.,"ถนน, หนทาง."
วณ- 0,น.,"แผล, ฝี."
วณบัตร 0,น.,ผ้าพันแผล.
วณพันธน์ 0,น.,ผ้าพันแผล.
วณะ 0,น.,"แผล, ฝี."
วณิช 0,น.,"พ่อค้า, ผู้ทำการค้า."
วณิชชา 0,น.,การค้าขาย.
วณิชชากร 0,น.,"ผู้ทำการค้าขาย, พวกพ่อค้า."
วณิชย์ 0,น.,การค้าขาย.
วณิชยา 0,น.,การค้าขาย.
วณิพก 0,น.,วนิพก.
วดี 0,น.,"รั้ว, กำแพง."
วดี 1,*ว.,คำเติมท้ายคำอื่นที่เป็นนาม หมายความว่า มี เป็นเพศหญิงตามหลักไวยากรณ์ เช่น ดาราวดี ว่า มีดาว.
วต- 0,น.,"พรต, ข้อปฏิบัติ"
วต- 1,น.,ความประพฤติ
วต- 2,น.,"การจำศีล, การบำเพ็ญทางศาสนา, การปฏิบัติ"
วต- 3,น.,"ประเพณี, ธรรมเนียม."
วตะ 0,น.,"พรต, ข้อปฏิบัติ"
วตะ 1,น.,ความประพฤติ
วตะ 2,น.,"การจำศีล, การบำเพ็ญทางศาสนา, การปฏิบัติ"
วตะ 3,น.,"ประเพณี, ธรรมเนียม."
วทนะ 0,น.,"การพูด, คำพูด"
วทนะ 1,น.,"ปาก, หน้า."
วทะ 0,น.,คำพูด.
วทะ 1,ก.,"พูด, กล่าว."
วทัญญุตา 0,น.,ความเป็นผู้เอื้อเฟื้อ.
วทัญญู 0,ว.,"เอื้อเฟื้อ, เผื่อแผ่"
วทัญญู 1,ว.,"ใจดี, ใจบุญ."
วทานิย- 0,น.,ผู้เอื้อเฟื้อ.
วธ- 0,ก.,ฆ่า.
วธกะ 0,น.,"คนฆ่า, ผู้ฆ่า"
วธกะ 1,น.,เพชฌฆาต.
วธุกา 0,น.,ลูกสะใภ้.
วธู 0,น.,หญิงสาว.
วน 0,ก.,"เวียนไปโดยรอบ เช่น ขับรถวนรอบสนาม, ไปโดยรอบเข้าหาศูนย์กลางหรือออกจากศูนย์กลาง เช่น น้ำวน วนเป็นก้นหอย."
วน- 0,น.,"ป่าไม้, ดง."
วนจร 0,น.,"คนเที่ยวป่า, พรานป่า."
วนจร 1,ก.,เที่ยวไปในป่า.
วนจรก 0,น.,"คนเที่ยวป่า, พรานป่า."
วนจรก 1,ก.,เที่ยวไปในป่า.
วนภู 0,น.,"แถบป่า, แถวป่า."
วนภูมิ 0,น.,"แถบป่า, แถวป่า."
วนเวียน 0,ก.,"วนไปวนมา, กลับไปกลับมา, เช่น เดินวนเวียนอยู่ระหว่างบ้านกับตลาด กระเป๋าสตางค์หล่นหายเดินวนเวียนหาอยู่หลายรอบ."
วนศาสตร์ 0,น.,วิชาว่าด้วยการทำนุบำรุงรักษา และปลูกป่า.
วนสณฑ์ 0,น.,"ป่าสูง, ป่าดง, ราวป่า, แนวป่า."
วนสัณฑ์ 0,น.,"ป่าสูง, ป่าดง, ราวป่า, แนวป่า."
วนอุทยาน 0,น.,ป่าสงวนที่มีลักษณะธรรมชาติสวยงาม เช่นมีนํ้าตก ถํ้า และทางราชการได้เข้าไปปรับปรุงตกแต่งสถานที่ให้เป็นที่พักผ่อนหย่อนใจของประชาชน.
วนัปติ 0,น.,"ไม้ใหญ่, พญาไม้"
วนัปติ 1,น.,ผีเจ้าป่า.
วนัส 0,น.,ป่า.
วนัส- 0,น.,ป่า.
วนัสบดี 0,น.,"ไม้ใหญ่, พญาไม้, (ในภาษาสันสกฤตหมายเฉพาะต้นไทรและต้นมะเดื่อชุมพร)."
วนา 0,น.,ป่า.
วนาดร 0,น.,"ป่าสูง. (วนา + ดอน), พนาดร หรือ พนาดอน ก็ว่า."
วนาดอน 0,น.,"ป่าสูง. (วนา + ดอน), พนาดร หรือ พนาดอน ก็ว่า."
วนานต์ 0,น.,ชายป่า.
วนาลัย 0,น.,ป่า.
วนาลี 0,น.,ทางป่า
วนาลี 1,น.,แนวไม้.
วนาวาส 0,น.,ที่อยู่ในป่า.
วนาศรม 0,น.,ที่อยู่ในป่า.
วนาสณฑ์ 0,น.,"ราวป่า, แนวป่า, ทิวไม้, ป่าสูง, ป่าดง, พนาสณฑ์ หรือ พนาสัณฑ์ ก็ว่า."
วนาสัณฑ์ 0,น.,"ราวป่า, แนวป่า, ทิวไม้, ป่าสูง, ป่าดง, พนาสณฑ์ หรือ พนาสัณฑ์ ก็ว่า."
วนิดา 0,น.,"หญิง, หญิงสาว."
วนิพก 0,น.,"คนขอทานโดยร้องเพลงหรือดีดสีตีเป่าให้ฟัง, ใช้ว่า วณิพก หรือ วันนิพก ก็มี."
วเนจร 0,น.,"คนเที่ยวป่า, พรานป่า."
วเนจร 1,ก.,เที่ยวไปในป่า.
วโนทยาน 0,น.,สวนป่า.
วปนะ 0,น.,"การหว่าน (ใช้แก่ข้าว), การเพาะปลูก."
วปุ 0,น.,"ตัว, ร่างกาย."
วยัคฆ์ 0,น.,เสือ.
วยัญชนะ 0,น.,พยัญชนะ.
วยัมหะ 0,น.,"วิมาน, ฟ้า, เมืองสวรรค์."
วยัสย์ 0,น.,"ผู้รุ่นราวคราวเดียวกัน, เพื่อน, เกลอ, สหาย."
วยากรณ์ 0,น.,พยากรณ์.
วยาฆร์ 0,น.,เสือ.
วยาธิ 0,น.,พยาธิ.
วยามะ 0,น.,มาตราวัด ยาวเท่ากับ ๑ วา.
วยายาม 0,น.,พยายาม.
วร- 0,น.,พร
วร- 1,น.,ของขวัญ.
วร- 2,ว.,"ยอดเยี่ยม, ประเสริฐ, เลิศ."
วรงค์ 0,น.,“ส่วนสำคัญของร่างกาย” คือ หัว.
วรณะ 0,น.,"ป้อม, กำแพง, ที่ป้องกัน"
วรณะ 1,น.,การป้องกัน.
วรดนู 0,น.,หญิงงาม.
วรทะ 0,น.,การให้พร.
วรทาน 0,น.,การให้พร. (ป.)
วรทาน 1,น.,การให้ของขวัญแก่เจ้าบ่าว.
วรมหาวิหาร 0,น.,"เรียกพระอารามหลวงชั้นเอกชนิดตํ่าสุด ว่า ชั้นเอกชนิดวรมหาวิหาร เช่น วัดพระศรีมหาธาตุ วัดพระธาตุพนม, เรียกพระอารามหลวงชั้นโทชนิดหนึ่ง มีฐานะตํ่ากว่าชนิดราชวรวิหาร ว่า ชั้นโทชนิดวรมหาวิหาร เช่น วัดจักรวรรดิ วัดระฆัง."
วรรค 0,น.,"ตอน, บางทีก็ใช้เข้าคู่กันเป็น วรรคตอน เช่น เครื่องหมายวรรคตอน เขียนหนังสือควรให้มีวรรคตอน, หมวด เช่น วรรค ก"
วรรค 1,น.,"ช่วงหนึ่งของคำหรือข้อความที่สุดลงแล้วเว้นเป็นช่องว่างไว้ระยะหนึ่ง เรียกว่า เว้นวรรค, ถ้าเป็นเรื่องร้อยกรองถือข้อความช่วงหนึ่ง เป็น วรรคหนึ่ง เช่น ถึงม้วยดินสิ้นฟ้ามหาสมุทร"
วรรค 2,น.,"ชื่อมาตราปักษคณนา ๔ หรือ ๕ ปักษ์ เรียก วรรคหนึ่ง คือ ปักษ์ถ้วน ๓ ปักษ์ขาด ๑ เรียก จุลวรรค, ปักษ์ถ้วน ๔ ปักษ์ขาด ๑ เรียก มหาวรรค"
วรรค 3,น.,ย่อหน้าหนึ่ง ๆ ของบทบัญญัติในแต่ละมาตราของกฎหมาย.
วรรคย์ 0,ว.,"เกี่ยวกับหมู่กับคณะ, เป็นหมวด, เป็นหมู่."
วรรช 0,น.,"โทษ, ความผิด."
วรรชย์ 0,ว.,ที่ควรเว้น.
วรรณ- 0,น.,"สี เช่น เบญจวรรณ แปลว่า ๕ สี, มักใช้เข้าคู่กับคำ สีสัน เป็น สีสันวรรณะ"
วรรณ- 1,น.,"ผิว เช่น ขอให้เจริญด้วยอายุ วรรณะ สุขะ พละ, มักใช้เข้าคู่กับคำ ผิวพรรณ เป็น ผิวพรรณวรรณะ"
วรรณ- 2,น.,"ชั้นชน, ในสังคมฮินดูแบ่งคนออกเป็น ๔ วรรณะ คือ พราหมณ์ กษัตริย์ แพศย์ ศูทร"
วรรณ- 3,น.,หนังสือ เช่น วรรณกรรม วรรณคดี.
วรรณกรรม 0,น.,"งานหนังสือ, งานประพันธ์, บทประพันธ์ทุกชนิดทั้งที่เป็นร้อยแก้วและร้อยกรอง, เช่น วรรณกรรมสมัยรัตนโกสินทร์ วรรณกรรมของเสฐียรโกเศศ วรรณกรรมฝรั่งเศส วรรณกรรมประเภทสื่อสารมวลชน."
วรรณคดี 0,น.,วรรณกรรมที่ได้รับยกย่องว่าแต่งดีมีคุณค่าเชิงวรรณศิลป์ถึงขนาด เช่น พระราชพิธีสิบสองเดือน มัทนะพาธา สามก๊ก เสภาเรื่องขุนช้างขุนแผน.
วรรณนา 0,ก.,"พรรณนา, กล่าวเป็นเรื่องเป็นราวอย่างละเอียดเพื่อให้ผู้ฟังนึกเห็นเป็นภาพ."
วรรณพฤติ 0,น.,ฉันท์ที่กำหนดด้วยอักษรตามอักขรวิธีเป็นเสียงหนักเบาที่เรียกว่า ครุ ลหุ เป็นสำคัญ.
วรรณยุกต์ 0,น.,ระดับเสียงสูงต่ำของคำในภาษาไทย มี ๕ เสียง คือ เสียงสามัญ เสียงเอก เสียงโท เสียงตรี เสียงจัตวา มีรูปเครื่องหมายบอกระดับของเสียงอยู่เบื้องบนอักษร ๔ รูป คือ  (ไม้เอก)  (ไม้โท)  (ไม้ตรี)  (ไม้จัตวา).
วรรณยุต 0,น.,ระดับเสียงสูงต่ำของคำในภาษาไทย มี ๕ เสียง คือ เสียงสามัญ เสียงเอก เสียงโท เสียงตรี เสียงจัตวา มีรูปเครื่องหมายบอกระดับของเสียงอยู่เบื้องบนอักษร ๔ รูป คือ  (ไม้เอก)  (ไม้โท)  (ไม้ตรี)  (ไม้จัตวา).
วรรณศิลป์ 0,น.,"ศิลปะในการประพันธ์หนังสือ เช่น ลิลิตพระลอเป็นวรรณคดีที่มีวรรณศิลป์สูงส่ง, ศิลปะทางวรรณกรรม เช่น นักวรรณศิลป์"
วรรณศิลป์ 1,น.,"วรรณกรรมที่ถึงขั้นเป็นวรรณคดี, หนังสือที่ได้รับยกย่องว่าแต่งดี."
วรรณะ 0,น.,"สี เช่น เบญจวรรณ แปลว่า ๕ สี, มักใช้เข้าคู่กับคำ สีสัน เป็น สีสันวรรณะ"
วรรณะ 1,น.,"ผิว เช่น ขอให้เจริญด้วยอายุ วรรณะ สุขะ พละ, มักใช้เข้าคู่กับคำ ผิวพรรณ เป็น ผิวพรรณวรรณะ"
วรรณะ 2,น.,"ชั้นชน, ในสังคมฮินดูแบ่งคนออกเป็น ๔ วรรณะ คือ พราหมณ์ กษัตริย์ แพศย์ ศูทร"
วรรณะ 3,น.,หนังสือ เช่น วรรณกรรม วรรณคดี.
วรรณึก 0,น.,"ผู้เขียน, ผู้ประพันธ์"
วรรณึก 1,น.,เลขานุการ.
วรรธกะ 0,น.,ผู้เจริญ.
วรรธนะ 0,น.,"ความเจริญ, ความงอกงาม."
วรรษ 0,น.,"พรรษ, ฝน"
วรรษ 1,น.,ปี.
วรรษา 0,น.,"พรรษา, ฤดูฝน"
วรรษา 1,น.,ปี.
วรวิหาร 0,น.,"เรียกพระอารามหลวงชั้นโทชนิดตํ่าสุด ว่า ชั้นโทชนิดวรวิหาร เช่น วัดบพิตรพิมุข วัดอนงคาราม, เรียกพระอารามหลวงชั้นตรีชนิดหนึ่ง มีฐานะตํ่ากว่าชนิดราชวรวิหาร ว่า ชั้นตรีชนิดวรวิหาร เช่น วัดราชนัดดา วัดเทพธิดา."
วรัญญู 0,น.,“ผู้ตรัสรู้ธรรมอันประเสริฐ” คือ พระพุทธเจ้า.
วรากะ 0,น.,"ตุ่ม, ไห, หม้อนํ้า."
วรากะ 1,ว.,"น่าเวทนา, น่าสงสาร."
วรางคณา 0,น.,หญิงผู้ประเสริฐ.
วราห์ 0,น.,หมู.
วราหะ 0,น.,หมู.
วรุณ 0,น.,"พระพิรุณ, เทวดาแห่งนํ้า, เทวดาแห่งฝน."
วรุตดม 0,ว.,ประเสริฐสุด.
วรุตดม 1,ว.,"ยอดเยี่ยม, ประเสริฐ, เลิศ."
วรุตมะ 0,ว.,ประเสริฐสุด.
วรุตมะ 1,ว.,"ยอดเยี่ยม, ประเสริฐ, เลิศ."
วรูถะ 0,น.,"การป้องกัน, ที่ป้องกัน, ที่พัก"
วรูถะ 1,น.,เครื่องป้องกัน
วรูถะ 2,น.,"เกราะ, โล่."
วโรดม 0,ว.,ประเสริฐสุด.
วโรดม 1,ว.,"ยอดเยี่ยม, ประเสริฐ, เลิศ."
วโรตมะ 0,ว.,ประเสริฐสุด.
วโรตมะ 1,ว.,"ยอดเยี่ยม, ประเสริฐ, เลิศ."
วฤก 0,น.,หมาป่า.
วฤษภ 0,น.,พฤษภ.
วฤษละ 0,น.,คนชั่ว.
วลัช 0,น.,ปลาชนิดหนึ่ง.
วลัญช์ 0,น.,"รอย, เครื่องหมาย"
วลัญช์ 1,น.,ทาง
วลัญช์ 2,น.,การใช้สอย.
วลัญชน์ 0,น.,การใช้สอย.
วลัย 0,น.,"กำไลมือ, ทองกร"
วลัย 1,น.,"ของที่เป็นวงกลม, วงกลม."
วลาหก 0,น.,เมฆ.
วลี 0,น.,"แถว, รอย, รอยย่น (ที่หน้า). (ป., ส.)"
วลี 1,น.,กลุ่มคำที่เรียงติดต่อกันเป็นระเบียบและมีกระแสความเป็นที่หมายรู้กันได้ แต่ยังไม่เป็นประโยคสมบูรณ์ เช่น หนูแหวนแขนอ่อน เวลาดึกดื่นเที่ยงคืน ทางเดินเข้าสวนมะพร้าว.
วศค 0,น.,"ผู้อยู่ในอำนาจ, ผู้อยู่ในบังคับ, ผู้เชื่อฟัง."
วศะ 0,น.,"อำนาจ, การบังคับบัญชา."
วศิน 0,น.,"ผู้ชำนะตนเอง, ผู้สำรวมอินทรีย์."
วสนะ 0,น.,"ที่อยู่, บ้าน"
วสนะ 1,น.,การอยู่.
วสนะ 2,น.,"เสื้อผ้า, เครื่องนุ่งห่ม."
วสภะ 0,น.,วัวตัวผู้.
วสละ 0,น.,"คนชั่ว, คนถ่อย, คนตํ่าช้า, คนชั้นตํ่า."
วสลี 0,น.,"หญิงชั่ว, หญิงตํ่าช้า."
วสวัดดี 0,น.,ผู้ยังสัตว์ให้อยู่ในอำนาจ
วสวัดดี 1,น.,ชื่อของเทวบุตรมาร.
วสวัตตี 0,น.,ผู้ยังสัตว์ให้อยู่ในอำนาจ
วสวัตตี 1,น.,ชื่อของเทวบุตรมาร.
วสะ 0,น.,"อำนาจ, กำลัง"
วสะ 1,น.,"ความตั้งใจ, ความปรารถนา."
วสันต์ 0,น.,ฤดูใบไม้ผลิ ในคำว่า ฤดูวสันต์.
วสันต- 0,น.,ฤดูใบไม้ผลิ ในคำว่า ฤดูวสันต์.
วสันตดิลก 0,น.,ชื่อฉันท์อย่างหนึ่ง บาทหนึ่งมี ๑๔ คํา เช่น
วสันตฤดู 0,น.,"ฤดูใบไม้ผลิ, ฤดูวสันต์ ก็ว่า."
วสันตวิษุวัต 0,น.,"จุดราตรีเสมอภาค ที่เมื่อดวงอาทิตย์โคจรไปถึงในราววันที่ ๒๑ มีนาคม, คู่กับ ศารทวิษุวัต."
วสา 0,น.,มันเหลว
วสา 1,น.,"ไข, นํ้ามัน."
วสี 0,น.,"ผู้ชำนะตนเอง, ผู้สำรวมอินทรีย์, ผู้ตัดกิเลสได้ดังใจ"
วสี 1,น.,ผู้ชำนาญ.
วสุ 0,น.,"ทรัพย์, สมบัติ"
วสุ 1,น.,ชื่อเทวดาหมู่หนึ่งมี ๘ องค์ด้วยกัน เป็นบริวารของพระอินทร์.
วสุธา 0,น.,"แผ่นดิน, พื้นดิน."
วสุนธรา 0,น.,"แผ่นดิน, พื้นดิน."
วสุมดี 0,น.,"โลก, แผ่นดิน."
วหะ 0,ก.,"นำไป, พาไป."
วหา 0,น.,แม่นํ้า.
วอ 0,น.,"ยานที่มีลักษณะเป็นรูปเรือนหลังคาทรงจั่ว สำหรับเจ้านายหรือข้าราชการฝ่ายในนั่ง มีคานรับอยู่ข้างใต้คู่หนึ่ง ใช้คนหาม, เรียกรถยนต์ที่มีวอสำหรับเชิญศพตั้งอยู่บนกระบะรถ ว่า รถวอ."
วอก 0,น.,ชื่อปีที่ ๙ ของรอบปีนักษัตร มีลิงเป็นเครื่องหมาย
วอก 1,น.,ลิง เช่น ซนเป็นอ้ายวอก
วอก 2,น.,เรียกหน้าของคนที่ผัดแป้งจนขาวเกินไป ว่า หน้าวอก.
วอก 3,น.,ชื่อลิงชนิด Macaca mulatta (Zimmermann) อันดับ Primates ในวงศ์ Cercopithecidae ขนสีน้ำตาลอ่อน ขนหัวเรียบ หางยาวปานกลางห้อยลง ผิวหนังที่ก้นและขาหลังด้านในสีแดง เมื่อแก่ตัวหน้าสีแดง.
ว่อกแว่ก 0,ว.,อาการที่จิตใจไม่จดจ่อแน่วแน่อยู่กับสิ่งใดสิ่งหนึ่ง เช่น เวลาฟังครูสอนมีสิ่งรบกวนทำให้จิตใจว่อกแว่ก.
ว่องไว 0,ก.,"รวดเร็ว, คล่องแคล่ว, ปราดเปรียว, ปราดเปรื่อง, เช่น ทำงานว่องไว มีปฏิภาณว่องไว."
วอด 0,ก.,"หมดไป, สิ้นไป, เช่น ไฟไหม้เสียวอดเลย, วอดวาย ก็ว่า."
วอดวาย 0,ก.,"หมดไป, สิ้นไป, เช่น บ้านเรือนถูกไฟไหม้วอดวายแล้ว, วอด ก็ว่า"
วอดวาย 1,ก.,ตาย เช่น ถึงสุราพารอดไม่วอดวาย ไม่ใกล้กรายแกล้งเมินก็เกินไป (นิ. ภูเขาทอง).
วอน 0,ก.,รนหาที่ เช่น วอนตาย
วอน 1,ก.,"ร่ำขอ, ขอด้วยอาการออด, เฝ้าร้องขอให้ทำตามประสงค์, เช่น คำนึงนุชนาฎเนื้อ นวลสมร แม้นแม่มาจักวอน พี่ชี้ (ตะเลงพ่าย)."
ว่อน 0,ว.,"อาการที่เคลื่อนไปในอากาศเป็นฝูงหรือเป็นจำนวนมาก เช่น แมลงบินว่อน กระดาษปลิวว่อน, อาการที่บินวนเวียนไปมา เช่น แมลงวันตัวนี้บินว่อนอยู่ในห้องนานแล้ว, โดยปริยายหมายถึงอาการที่คล้ายคลึงเช่นนั้น เช่น เดินกันว่อน ข่าวลือว่อน."
ว็อบ ๆ แว็บ ๆ 0,ว.,อาการที่เห็นชัดบ้างไม่ชัดบ้าง เช่น วันนี้โทรทัศน์ไม่ดี เห็นภาพว็อบแว็บหลายตอน.
ว็อบแว็บ 0,ว.,อาการที่เห็นชัดบ้างไม่ชัดบ้าง เช่น วันนี้โทรทัศน์ไม่ดี เห็นภาพว็อบแว็บหลายตอน.
วอพระประเทียบ 0,น.,วอสำหรับเจ้านายฝ่ายใน.
วอม ๆ แวม ๆ 0,ว.,ลักษณะของแสงที่มองเห็นเรือง ๆ ไหว ๆ อยู่ในระยะไกล เช่น ในเวลากลางคืนพอมองเห็นแสงไฟวอมแวมอยู่ในที่ไกล ก็รู้สึกใจชื้นขึ้นมาหน่อย กระท่อมหลังนั้นคงมีคนอยู่ เพราะเห็นไฟวอม ๆ แวม ๆ อยู่ มีแสงไฟจากเรือหาปลาว็อมแว็ม.
ว็อม ๆ แว็ม ๆ 0,ว.,ลักษณะของแสงที่มองเห็นเรือง ๆ ไหว ๆ อยู่ในระยะไกล เช่น ในเวลากลางคืนพอมองเห็นแสงไฟวอมแวมอยู่ในที่ไกล ก็รู้สึกใจชื้นขึ้นมาหน่อย กระท่อมหลังนั้นคงมีคนอยู่ เพราะเห็นไฟวอม ๆ แวม ๆ อยู่ มีแสงไฟจากเรือหาปลาว็อมแว็ม.
วอมแวม 0,ว.,ลักษณะของแสงที่มองเห็นเรือง ๆ ไหว ๆ อยู่ในระยะไกล เช่น ในเวลากลางคืนพอมองเห็นแสงไฟวอมแวมอยู่ในที่ไกล ก็รู้สึกใจชื้นขึ้นมาหน่อย กระท่อมหลังนั้นคงมีคนอยู่ เพราะเห็นไฟวอม ๆ แวม ๆ อยู่ มีแสงไฟจากเรือหาปลาว็อมแว็ม.
ว็อมแว็ม 0,ว.,ลักษณะของแสงที่มองเห็นเรือง ๆ ไหว ๆ อยู่ในระยะไกล เช่น ในเวลากลางคืนพอมองเห็นแสงไฟวอมแวมอยู่ในที่ไกล ก็รู้สึกใจชื้นขึ้นมาหน่อย กระท่อมหลังนั้นคงมีคนอยู่ เพราะเห็นไฟวอม ๆ แวม ๆ อยู่ มีแสงไฟจากเรือหาปลาว็อมแว็ม.
วอลเลย์บอล 0,น.,กีฬาอย่างหนึ่ง แบ่งผู้เล่นเป็น ๒ ฝ่าย ฝ่ายละ ๖ คน แต่ละฝ่ายต้องใช้มือตีหรือตบลูกบอลข้ามตาข่ายโต้กันไปมา.
วอแว 0,ก.,"รบกวน, เซ้าซี้, เช่น เขากำลังอารมณ์เสีย อย่าเข้าไปวอแว"
วอแว 1,ก.,เกาะแกะ เช่น อย่าไปวอแวลูกสาวเขา.
วะ 0,อ.,"คำที่เปล่งออกมาแสดงอารมณ์ผิดคาดหรือผิดหวังเป็นต้น, อุวะ ก็ว่า."
วะ 1,ว.,คำบอกเสียงต่อท้ายประโยคแสดงความคุ้นเคยเป็นกันเองหรือแสดงความไม่สุภาพ เช่น ไปไหนวะ.
วะ 2,*ว.,คำกร่อนของคำหน้าซึ่งซ้ำกับคำหลังในคำที่มี ว เป็นพยัญชนะต้นในบทกลอน เช่น ว่อนว่อน กร่อนเป็น วะว่อน วาบวาบ กร่อนเป็น วะวาบ มีคำแปลอย่างเดียวกับคำเดิมนั้น และมีความหมายในทางย้ำหรือเน้นคำ.
วัก 0,ก.,"เอาอุ้งมือตักน้ำหรือของเหลวขึ้นมาค่อนข้างเร็ว เช่น ใช้มือวักน้ำกิน เอามือวักน้ำโคลนสาด, โดยปริยายหมายถึงอาการที่คล้ายคลึงเช่นนั้น เช่น วักควัน."
วัก 1,ก.,"เซ่น, มักใช้เข้าคู่กันเป็น เซ่นวัก."
วักกะ 0,น.,ไต. (โบราณแปลว่า ม้าม).
วักกะ 1,ว.,"คด, ไม่ตรง, โกง, งอ."
วัค 0,น.,วรรค.
วัคคิยะ 0,ว.,"อยู่ในพวก, อยู่ในหมู่, เช่น เบญจวัคคีย์ ว่า อยู่ในพวก ๕."
วัคคีย์ 0,ว.,"อยู่ในพวก, อยู่ในหมู่, เช่น เบญจวัคคีย์ ว่า อยู่ในพวก ๕."
วัคคุ 0,ว.,"ไพเราะ, เสนาะ"
วัคคุ 1,ว.,งาม.
วัคคุวัท 0,ว.,ผู้กล่าวไพเราะ.
วัคซีน 0,น.,ผลิตผลที่ประกอบด้วยเชื้อไวรัสหรือแบคทีเรียที่ถูกฆ่าหรือทำให้มีฤทธิ์อ่อนแรงจนไม่เป็นอันตราย สำหรับฉีดเข้าสู่ร่างกายเพื่อกระตุ้นให้เกิดภูมิคุ้มกันโรคซึ่งเกิดจากเชื้อนั้น ๆ.
วัง 0,น.,"ที่อยู่ของเจ้านาย, ถ้าเป็นที่อยู่ของพระมหากษัตริย์เรียก พระราชวัง หรือ พระบรมมหาราชวัง"
วัง 1,น.,ห้วงนํ้าลึก เช่น วังจระเข้.
วัง 2,ก.,"ล้อม, ห้อมล้อม."
วัง 3,น.,"กรมใหญ่กรมหนึ่งในจตุสดมภ์ มีเสนาบดีเป็นผู้บังคับบัญชา มีอำนาจหน้าที่รักษาพระราชมนเทียร พระราชวังชั้นนอก พระราชวังชั้นใน บริหารกิจการในพระราชสำนัก และบังคับบัญชาศาลในสังกัดซึ่งมีอำนาจพิจารณาคดีที่เกี่ยวข้องกับสมใน ได้แก่ ศาลแพ่งวัง ศาลอาชญาวัง และศาลนครบาลวัง รวมทั้งบังคับบัญชาศาลมรดก, เสนาบดีตำแหน่งตามทำเนียบเดิม คือ เจ้าพระยาธรรมาธิกรณ์หรือเจ้าพระยาธรรมาธิบดีฯ, ตราประจำตำแหน่ง คือ ตราเทพยดาขี่โคนนทิกร."
วังก์ 0,น.,วงก์.
วังชา 0,*ว.,คำประกอบท้ายคำ กำลัง เป็น กำลังวังชา มีความหมายเท่าเดิม.
วังช้าง 0,น.,วิธีจับช้างเถื่อนโดยต้อนช้างเข้ามาอยู่ในวงล้อมทั้งโขลง.
วังวน 0,น.,ห้วงนํ้าที่หมุนวน.
วังเวง 0,ก.,ลักษณะบรรยากาศที่สงบเยือกเย็นทำให้เกิดความรู้สึกอ้างว้าง ว้าเหว่ เปล่าเปลี่ยวใจ เช่น เข้าไปในบ้านร้างรู้สึกวังเวง.
วังศะ 0,น.,วงศ์.
วังสะ 0,น.,วงศ์.
วังหน้า 0,น.,"วังที่ประทับของพระมหาอุปราช มีมาตั้งแต่ครั้งกรุงศรีอยุธยา เรียกในราชการว่า พระราชวังบวรสถานมงคล ตั้งอยู่ด้านหน้าพระราชวังหลวงหรือพระบรมมหาราชวัง, ในรัชกาลที่ ๔ ทรงบัญญัติให้เรียกว่า พระบวรราชวัง, ปัจจุบันเรียกพระราชวงศ์ฝ่ายนี้ ว่า ฝ่ายวังหน้า."
วังหลวง 0,น.,"วังที่ประทับของพระมหากษัตริย์ ในสมัยอยุธยาเรียกว่า พระราชวังหลวง, ในสมัยรัตนโกสินทร์ รัชกาลที่ ๔ ทรงบัญญัติให้เรียกว่า พระบรมมหาราชวัง."
วังหลัง 0,น.,วังที่ประทับของกรมพระราชวังบวรสถานพิมุข ในสมัยอยุธยามักตั้งอยู่ทางด้านหลังของพระราชวังหลวง.
วัจ- 0,น.,อุจจาระ.
วัจกุฎี 0,น.,"ที่ถ่ายอุจจาระ, ส้วม, (ใช้แก่บรรพชิต), เวจกุฎี ก็เรียก."
วัจจะ 0,น.,อุจจาระ.
วัจฉ์ 0,น.,ลูกวัว.
วัจฉก 0,น.,ลูกวัว.
วัจฉละ 0,ว.,"มีใจกรุณา, เอ็นดู, อ่อนโยน, มีความรักใคร่."
วัจน์ 0,น.,"วจนะ, ถ้อยคำ."
วัจมรรค 0,น.,"ทวารหนัก, เวจมรรค ก็เรียก."
วัช- 0,น.,สิ่งที่ควรละทิ้ง
วัช- 1,น.,"โทษ, ความผิด."
วัช 0,น.,"วชะ, คอกสัตว์."
วัช 1,น.,สิ่งที่ควรละทิ้ง
วัช 2,น.,"โทษ, ความผิด."
วัช 3,น.,"การพูด, ถ้อยคำ."
วัช 4,ว.,"ควรพูดติ, ควรกล่าวติ."
วัชชะ 0,น.,สิ่งที่ควรละทิ้ง
วัชชะ 1,น.,"โทษ, ความผิด."
วัชชะ 2,น.,"การพูด, ถ้อยคำ."
วัชชะ 3,ว.,"ควรพูดติ, ควรกล่าวติ."
วัชฌ์ 0,ก.,"ฆ่า, ทำให้ตาย."
วัชพืช 0,น.,พืชที่ไม่ต้องการ เช่นหญ้าคาในแปลงข้าว.
วัชร- 0,น.,วชิระ.
วัชรธาตุมณฑล 0,น.,สัญลักษณ์ในทางปัญญาอันคมกล้าที่สามารถตัดอวิชชาได้.
วัชรปาณี 0,น.,"“ผู้ถือวชิระ” คือ พระอินทร์, วชิรปาณี ก็ว่า, ชื่อพระโพธิสัตว์องค์หนึ่งตามคติฝ่ายมหายาน พระหัตถ์ทรงสายฟ้า."
วัชรยาน 0,น.,ชื่อหนึ่งของลัทธิพุทธตันตระ ซึ่งถือว่ามีหลักปรัชญาสูงเหนือธรรมชาติ มีความแข็งเหมือนเพชร ใสเหมือนอากาศ ไม่มีใครต้านทานได้เหมือนสายฟ้า จึงเรียกหลักปรัชญานั้นว่า วัชระ และเรียกลัทธิว่า วัชรยาน.
วัชรอาสน์ 0,น.,"อาสนะที่พระพุทธเจ้าประทับใต้ต้นพระศรีมหาโพธิ ณ พุทธคยา ประเทศอินเดีย ในวันตรัสรู้ เรียกว่า พระแท่นวัชรอาสน์, โพธิบัลลังก์ หรือ รัตนบัลลังก์ ก็เรียก."
วัชระ 0,น.,วชิระ.
วัชราสน์ 0,น.,ท่านั่งขัดสมาธิเพชร.
วัชรินทร์ 0,น.,พระอินทร์.
วัชรี 0,น.,พระอินทร์.
วัชเรนทร์ 0,น.,พระอินทร์.
วัญจก 0,น.,"ผู้ลวง, คนคดโกง."
วัญจนะ 0,น.,"การหลอกลวง, การปลอม, การคดโกง"
วัญจนะ 1,น.,"เครื่องลวง, เครื่องหลอก, ของไม่จริง."
วัญฌ์ 0,ว.,"หมัน (ใช้แก่คนหรือสัตว์), ไม่มีลูก (ใช้แก่ต้นไม้), ไม่มีผล (ใช้แก่การงานทั่วไป)."
วัฏ- 0,น.,วงกลม
วัฏ- 1,น.,"การหมุน, การเวียนไป, รอบแห่งการเวียนเกิดเวียนตาย."
วัฏ- 2,ว.,"กลม, เป็นวง."
วัฏกะ 0,น.,นกกระจาบ.
วัฏจักร 0,น.,ช่วงระยะเวลาของเหตุการณ์หรือกิจกรรมชุดหนึ่ง ซึ่งเกิดขึ้นและดำเนินติดต่อกันไปอย่างมีระเบียบจนจบลง ณ จุดเริ่มต้นนั้นอีก เช่น วัฏจักรแห่งฤดูกาล วัฏจักรแห่งพืช.
วัฏฏะ 0,น.,วงกลม
วัฏฏะ 1,น.,"การหมุน, การเวียนไป, รอบแห่งการเวียนเกิดเวียนตาย."
วัฏฏะ 2,ว.,"กลม, เป็นวง."
วัฏฏิ 0,น.,"ของกลมยาว, ไส้เทียน, เส้น, สาย."
วัฏทุกข์ 0,น.,ทุกข์คือการเวียนเกิดเวียนตาย.
วัฏสงสาร 0,น.,"การเวียนว่ายตายเกิด, สงสารวัฏ หรือ สังสารวัฏ ก็ว่า."
วัฒกะ 0,น.,ผู้เจริญ.
วัฒกะ 1,ว.,"งอกงาม, เจริญ."
วัฒกี 0,น.,ช่างไม้.
วัฒน- 0,น.,"ความเจริญ, ความงอกงาม."
วัฒนธรรม 0,น.,"สิ่งที่ทำความเจริญงอกงามให้แก่หมู่คณะ เช่น วัฒนธรรมไทย วัฒนธรรมในการแต่งกาย, วิถีชีวิตของหมู่คณะ เช่น วัฒนธรรมพื้นบ้าน วัฒนธรรมชาวเขา."
วัฒนะ 0,น.,"ความเจริญ, ความงอกงาม."
วัฒนา 0,น.,"ความเจริญ, ความงอกงาม."
วัฒนา 1,ก.,"เจริญ, งอกงาม."
วัณ 0,น.,"วณะ, แผล, ฝี."
วัณ- 0,น.,"วณะ, แผล, ฝี."
วัณฏ์ 0,น.,"ขั้ว, ก้าน."
วัณณะ 0,น.,"สี, ผิว"
วัณณะ 1,น.,"ชนิด, อย่าง. (ดู วรรณ-, วรรณะ)."
วัณนา 0,น.,"คำชี้แจง, คำอธิบาย."
วัณโรค 0,น.,"โรคชนิดหนึ่งเกิดที่ปอดเป็นต้น ทำให้ร่างกายทรุดโทรมเสื่อมไปตามลำดับ, โบราณเรียกวัณโรคปอด ว่า ฝีในท้อง."
วัด 0,น.,สถานที่ทางศาสนา โดยปรกติมีโบสถ์ วิหาร และที่อยู่ของสงฆ์หรือนักบวชเป็นต้น.
วัด 1,ก.,"ตวัดขึ้น เช่น วัดเบ็ด, เหวี่ยงแขนเหวี่ยงขาไปโดยแรง เช่น นอนดิ้นวัดแขนวัดขา."
วัด 2,ก.,สอบขนาดหรือปริมาณของสิ่งต่าง ๆ เช่น วัดส่วนยาว ส่วนกว้าง ส่วนสูง หรือความรู้เป็นต้น.
วัดแดด 0,ก.,สอบเวลาโดยอาศัยเงาแดดและสถานที่เป็นหลัก เช่นพอแดดถึงนอกชานก็เป็นเวลา ๘.๐๐ นาฬิกา.
วัดผล 0,ก.,ทดสอบเพื่อวัดเชาวน์ ผลสัมฤทธิ์ของการเรียนรู้ บุคลิกภาพ เป็นต้น โดยใช้วิธีการแบบใดแบบหนึ่ง เช่น การเรียนรู้ในสาขาวิชาต่าง ๆ จำเป็นจะต้องวัดผลอย่างสม่ำเสมอ.
วัดพื้น 0,ก.,หกล้มเหยียดยาวลงบนพื้น.
วัดรอยตีน 0,ก.,"เทียบดูว่าพอสู้ได้หรือไม่ เช่น ลูกศิษย์วัดรอยเท้าครู, คอยเทียบตัวเองกับผู้ที่เหนือกว่าเพื่อชิงดีชิงเด่น เช่น ลูกน้องวัดรอยตีนหัวหน้า."
วัดรอยเท้า 0,ก.,"เทียบดูว่าพอสู้ได้หรือไม่ เช่น ลูกศิษย์วัดรอยเท้าครู, คอยเทียบตัวเองกับผู้ที่เหนือกว่าเพื่อชิงดีชิงเด่น เช่น ลูกน้องวัดรอยตีนหัวหน้า."
วัดราษฎร์ 0,น.,วัดที่ได้รับพระราชทานที่วิสุงคามสีมา แต่มิได้เข้าบัญชีเป็นพระอารามหลวง.
วัดวา 0,น.,วัด.
วัดวา 1,ก.,"พอเท่า ๆ กัน, พอเสมอกัน เช่น พี่น้องสองคนนี้สวยพอวัดวากันได้."
วัดวาอาราม 0,น.,วัด.
วัดหลวง 0,น.,"พระอารามหลวง, วัดที่พระเจ้าแผ่นดินทรงสร้าง หรือทรงพระกรุณาโปรดเกล้าฯ ให้เข้าจำนวนในบัญชีเป็นพระอารามหลวง."
วัดเหวี่ยง 0,ก.,"พอสู้กันได้, ปานกัน."
วัต 0,น.,"วตะ, พรต, ข้อปฏิบัติ"
วัต 1,น.,ความประพฤติ.
วัตต์ 0,น.,"หน่วยวัดกำลัง ๑ วัตต์ มีค่าเท่ากับ ๑ จูลต่อวินาที หรือ ๑๐ ๗ เอิร์กต่อวินาที, ๗๔๕.๗ วัตต์ มีค่าเท่ากับ ๑ กำลังม้า."
วัตตา 0,น.,"ผู้กล่าว, ผู้พูด."
วัตถ์ 0,น.,"ผ้า, เสื้อผ้า, เครื่องนุ่งห่ม."
วัตถาภรณ์ 0,น.,เครื่องประดับคือผ้า.
วัตถาลังการ 0,น.,เครื่องประดับคือผ้า.
วัตถุ 0,น.,สิ่งของ.
วัตถุดิบ 0,น.,สิ่งที่เตรียมไว้เพื่อผลิตหรือประกอบเป็นสินค้าสำเร็จรูป
วัตถุดิบ 1,น.,โดยปริยายหมายถึงเรื่องราว ประสบการณ์ เป็นต้น ที่นักเขียนเสาะหาหรือตระเตรียมสะสมไว้เพื่อแต่งหนังสือ.
วัตถุนิยม 0,น.,ทฤษฎีหรือความเชื่อที่ว่าวัตถุเท่านั้นมีอยู่จริง
วัตถุนิยม 1,น.,"การให้คุณค่าแก่สิ่งที่เป็นรูปธรรมมากกว่าสิ่งที่เป็นนามธรรม, สสารนิยม ก็ว่า."
วัตถุประสงค์ 0,น.,"ผลที่ประสงค์ให้บรรลุ เช่น วัตถุประสงค์ของมัธยมศึกษาก็เพื่อให้เยาวชนมีความรู้ คิดเป็น ทำเป็น และมีคุณธรรม, จุดประสงค์ ก็ว่า."
วัตถุมงคล 0,น.,เครื่องรางของขลังที่เชื่อว่าจะนำความสุขความเจริญเป็นต้นมาให้หรือป้องกันภัยอันตรายต่าง ๆ เช่น ตะกรุด ผ้าประเจียด.
วัตถุวิสัย 0,ว.,"ที่เกี่ยวข้องกับวัตถุ โดยไม่เกี่ยวกับความคิดหรือความรู้สึก, ตรงข้ามกับ จิตวิสัย"
วัตถุวิสัย 1,ว.,"เรียกการสอบแบบที่ผู้สอบมักไม่มีโอกาสแสดงความคิดเห็นส่วนตัว เป็นคำถามที่ต้องการคำตอบตายตัว ว่า การสอบแบบวัตถุวิสัย, ปรนัย ก็ว่า."
วัตนะ 0,น.,"ความเป็นไป, ความเป็นอยู่."
วัตร 0,น.,"กิจพึงกระทำ เช่น ทำวัตรเช้า ทำวัตรเย็น, หน้าที่ เช่น ข้อวัตรปฏิบัติ, ธรรมเนียม เช่น ศีลาจารวัตร"
วัตร 1,น.,"ความประพฤติ เช่น พระราชจริยวัตร, การปฏิบัติ เช่น ธุดงควัตร อุปัชฌายวัตร, การจำศีล."
วัตร- 0,น.,"กิจพึงกระทำ เช่น ทำวัตรเช้า ทำวัตรเย็น, หน้าที่ เช่น ข้อวัตรปฏิบัติ, ธรรมเนียม เช่น ศีลาจารวัตร"
วัตร- 1,น.,"ความประพฤติ เช่น พระราชจริยวัตร, การปฏิบัติ เช่น ธุดงควัตร อุปัชฌายวัตร, การจำศีล."
วัตรปฏิบัติ 0,น.,การปฏิบัติตามหน้าที่หรือตามศีล.
วัตสดร 0,น.,"โคหนุ่ม, โคถึก."
วัตสะ 0,น.,ลูกวัว
วัตสะ 1,น.,เด็กเล็ก.
วัติ 0,น.,"วดี, รั้ว."
วัทน์ 0,น.,วทนะ.
วัน 0,น.,"ระยะเวลา ๒๔ ชั่วโมง ตั้งแต่ยํ่ารุ่งถึงยํ่ารุ่ง หรือตั้งแต่เที่ยงคืนถึงเที่ยงคืน เช่น วันเฉลิมพระชนมพรรษาหยุดราชการ ๑ วัน, ระยะเวลา ๑๒ ชั่วโมง ตั้งแต่ย่ำรุ่งถึงย่ำค่ำ เรียกว่า กลางวัน, มักเรียกสั้น ๆ ว่า วัน, ระยะเวลา ๑๒ ชั่วโมง ตั้งแต่ย่ำค่ำถึงย่ำรุ่ง เรียกว่า กลางคืน, มักเรียกสั้น ๆ ว่า คืน, เช่น เขาไปสัมมนาที่พัทยา ๒ วัน ๑ คืน, ช่วงเวลากลางวัน เช่น เช้าขึ้นมาก็รีบไปทำงานทุกวัน"
วัน 1,น.,ในทางคดีความ ในทางราชการ หรือทางธุรกิจการค้าและการอุตสาหกรรม วัน หมายความว่า เวลาทำการตามที่ได้กำหนดขึ้นโดยกฎหมาย คำสั่งศาล หรือระเบียบข้อบังคับ หรือเวลาทำการตามปรกติของกิจการนั้น แล้วแต่กรณี.
วัน 2,น.,แมลงวัน.(ดู แมลงวัน ที่ แมลง).
วัน 3,น.,"ป่าไม้, ดง, เช่น อัมพวัน คือ ป่ามะม่วง."
วัน ๆ 0,ว.,แต่ละวัน เช่น ได้รายได้เป็นวัน ๆ
วัน ๆ 1,ว.,บางวัน เช่น เขามาทำงานที่นี่เป็นวัน ๆ
วัน ๆ 2,ว.,ปล่อยให้เวลาล่วงไปอย่างซังกะตาย เช่น อยู่ไปวัน ๆ ไม่มีความหวัง.
วันกรรมกร 0,น.,"วันหยุดงานเพื่อเป็นที่ระลึกแก่ผู้ใช้แรงงาน ตรงกับวันที่ ๑ พฤษภาคม, วันแรงงาน ก็เรียก."
วันโกน 0,น.,"วันที่พระปลงผม คือ วันขึ้นและวันแรม ๑๔ คํ่า หรือวันแรม ๑๓ คํ่าของเดือนขาด, (ปาก) ชื่อวันก่อนวันพระวันหนึ่ง เดือนหนึ่งมี ๔ วัน คือ ขึ้น ๗ คํ่า ขึ้น ๑๔ คํ่า แรม ๗ คํ่า และแรม ๑๔ คํ่า ถ้าเป็นเดือนขาดก็แรม ๑๓ คํ่า."
วันเข้าพรรษา 0,น.,วันที่พระสงฆ์เริ่มเข้าจำพรรษา คือ วันแรม ๑ ค่ำ เดือน ๘.
วันแข็ง 0,น.,วันซึ่งถือว่าดาวมีพลังแรง ได้แก่ วันอาทิตย์ วันอังคาร วันเสาร์.
วันครู 0,น.,วันพฤหัสบดี
วันครู 1,น.,วันที่ระลึกถึงครู ปัจจุบันกำหนดวันที่ ๑๖ มกราคมของปีเป็นวันครู.
วันจม 0,น.,"วันเคราะห์ร้ายในเดือนทางจันทรคติ เป็นวันห้ามทำกิจการใด ๆ ทั้งสิ้น, คู่กับ วันฟู หรือ วันลอย."
วันจักรี 0,น.,วันที่พระบาทสมเด็จพระพุทธยอดฟ้าจุฬาโลกมหาราชทรงสถาปนาพระบรมราชวงศ์จักรี ตรงกับวันที่ ๖ เมษายน.
วันจาตุรงคสันนิบาต 0,น.,วันมาฆบูชา.
วันฉัตรมงคล 0,น.,วันประกอบพระราชพิธีสมโภชพระมหาเศวตฉัตรและเครื่องเบญจราชกกุธภัณฑ์ ซึ่งตรงกับวันบรมราชาภิเษก ในรัชกาลปัจจุบันตรงกับวันที่ ๕ พฤษภาคม.
วันเฉลิมพระชนมพรรษา 0,น.,วันบำเพ็ญพระราชกุศลเนื่องในวันคล้ายวันพระบรมราชสมภพของพระบาทสมเด็จพระเจ้าอยู่หัว วันคล้ายวันพระราชสมภพของสมเด็จพระบรมราชินีนาถ สมเด็จพระบรมราชินี.
วันดับ 0,น.,วันสิ้นเดือนทางจันทรคติ ซึ่งตรงกับวันแรม ๑๔ คํ่าในเดือนขาดหรือแรม ๑๕ คํ่าในเดือนเต็ม.
วันดีคืนดี 0,น.,"โอกาสเหมาะ, มักใช้พูดแสดงเวลาที่ไม่แน่นอน เช่น หายหน้าไปนาน วันดีคืนดีก็มา."
วันเดือนดับ 0,น.,วันสิ้นเดือนทางจันทรคติ ซึ่งตรงกับวันแรม ๑๔ คํ่าในเดือนขาดหรือแรม ๑๕ คํ่าในเดือนเต็ม.
วันต์ 0,ก.,"คายแล้ว, ทิ้งหรือเลิกแล้ว."
วันตรุษ 0,น.,วันสิ้นปีซึ่งกำหนดตามจันทรคติ ตรงกับวันแรม ๑๕ ค่ำ เดือน ๔.
วันตัว 0,น.,วันใดวันหนึ่งในรอบสัปดาห์ซึ่งตรงกับวันเกิด.
วันเถลิงศก 0,น.,"วันขึ้นจุลศักราชใหม่ ซึ่งเป็นวันที่ดวงอาทิตย์โคจรขาดจากราศีมีนขึ้นสู่ราศีเมษได้องศาหนึ่งแล้ว อยู่ต่อจากวันเนา, ปัจจุบันหมายถึง วันขึ้นปีใหม่."
วันทน- 0,น.,"การไหว้, การเคารพ."
วันทนา 0,น.,"การไหว้, การเคารพ."
วันทนาการ 0,น.,การไหว้.
วันทนีย์ 0,ว.,"ควรไหว้, น่านับถือ."
วันทย- 0,ว.,"ควรไหว้, ควรนอบนบ."
วันทยหัตถ์ 0,น.,ท่าเคารพด้วยมือของทหาร ตำรวจ ลูกเสือ เป็นต้น ที่แต่งเครื่องแบบ สวมหมวก มิได้ถืออาวุธ.
วันทยาวุธ 0,น.,ท่าเคารพด้วยอาวุธของทหาร ตำรวจ ลูกเสือ เป็นต้น ที่แต่งเครื่องแบบ สวมหมวก และถืออาวุธอยู่กับที่.
วันทา 0,ก.,"ไหว้, แสดงอาการเคารพ."
วันทาสีมา 0,ก.,ไหว้พัทธสีมาก่อนที่จะเข้าอุโบสถในพิธีอุปสมบท (ใช้แก่นาค).
วันทิ 0,น.,เชลย.
วันที่ 0,น.,ลำดับวันในเดือนหนึ่ง ๆ ทางสุริยคติ เช่น วันที่ ๑ สิงหาคม วันที่ ๒ กันยายน.
วันนิพก 0,น.,วนิพก.
วันเนา 0,น.,"วันที่อยู่ถัดจากวันมหาสงกรานต์ หน้าวันเถลิงศก, พายัพเรียก วันเน่า."
วันปวารณา 0,น.,วันออกพรรษา.
วันปิยมหาราช 0,น.,วันที่ระลึกเนื่องในวันเสด็จสวรรคตของพระบาทสมเด็จพระจุลจอมเกล้าเจ้าอยู่หัว ตรงกับวันที่ ๒๓ ตุลาคม.
วันผ่อน 0,น.,จำนวนวันที่ผ่อนผันให้บุคคลกระทำการหรือชำระหนี้ภายหลังระยะเวลาที่ได้กำหนดไว้ได้สิ้นสุดลงแล้ว.
วันพระ 0,น.,วันประชุมถือศีลฟังธรรมในพระพุทธศาสนา เดือนหนึ่งมี ๔ วัน คือ วันขึ้น ๘ คํ่า ขึ้น ๑๕ คํ่า แรม ๘ คํ่า และแรม ๑๕ คํ่า ถ้าเป็นเดือนขาดก็แรม ๑๔ คํ่า.
วันพระไม่มีหนเดียว 0,น.,วันหน้ายังมีโอกาสอีก (มักใช้พูดเป็นเชิงอาฆาต).
วันเพ็ญ 0,น.,วันกลางเดือนนับตามจันทรคติ คือวันที่พระจันทร์ขึ้นเต็มดวง.
วันฟู 0,น.,"วันที่ถือว่าเป็นมงคลในเดือนทางจันทรคติสำหรับเริ่มกิจการต่าง ๆ, คู่กับ วันจม."
วันมหาปวารณา 0,น.,วันออกพรรษา.
วันมหาสงกรานต์ 0,น.,วันเริ่มต้นเทศกาลสงกรานต์ เริ่มแต่พระอาทิตย์ย่างขึ้นราศีเมษ.
วันมาฆบูชา 0,น.,"วันเพ็ญเดือน ๓ เป็นวันทำบุญพิเศษทางพระพุทธศาสนาเพื่อระลึกถึงความสำคัญ ๔ ประการ คือ ๑. วันเพ็ญดวงจันทร์เสวยมาฆฤกษ์ (ดวงจันทร์เดินมาถึงดาวฤกษ์ชื่อ มฆะ ส่วนในปีที่มีอธิกมาสจะตรงกับวันเพ็ญเดือน ๔) ๒. พระสงฆ์ ๑,๒๕๐ รูปมาประชุมกันโดยมิได้นัดหมาย ๓. พระสงฆ์ที่มาประชุมกันในวันนั้นล้วนเป็นผู้ที่พระพุทธเจ้าทรงบวชให้ด้วยพระองค์เอง ซึ่งเรียกการบวชแบบนี้ว่า เอหิภิกขุอุปสัมปทา ๔. พระสงฆ์เหล่านั้นล้วนเป็นพระอรหันต์ทั้งสิ้น, วันจาตุรงคสันนิบาต ก็เรียก."
วันยังค่ำ 0,ว.,"เสมอ, ทุกคราวไป, แน่ ๆ, เช่น แพ้วันยังคํ่า"
วันยังค่ำ 1,ว.,ตลอดวัน เช่น ทำงานวันยังคํ่า.
วันรัฐธรรมนูญ 0,น.,วันที่ระลึกเนื่องในวันที่พระบาทสมเด็จพระปกเกล้าเจ้าอยู่หัว พระราชทานรัฐธรรมนูญฉบับถาวรฉบับแรกให้แก่ประชาชนชาวไทย ตรงกับวันที่ ๑๐ ธันวาคม.
วันแรกนา 0,น.,วันประกอบพิธีเริ่มไถนา ทางราชการเรียกว่า วันพระราชพิธีจรดพระนังคัลแรกนาขวัญ.
วันแรกนาขวัญ 0,น.,วันประกอบพิธีเริ่มไถนา ทางราชการเรียกว่า วันพระราชพิธีจรดพระนังคัลแรกนาขวัญ.
วันแรงงาน 0,น.,"วันหยุดงานเพื่อเป็นที่ระลึกแก่ผู้ใช้แรงงาน ตรงกับวันที่ ๑ พฤษภาคม, วันกรรมกร ก็เรียก."
วันลอย 0,น.,"วันที่ถือว่าเป็นมงคลในเดือนทางจันทรคติสำหรับเริ่มกิจการต่าง ๆ, คู่กับ วันจม."
วันแล้ววันเล่า 0,ว.,เป็นเช่นนั้นติดต่อกันยาวนานไม่เปลี่ยนแปลง เช่น ทำงานวันแล้ววันเล่าไม่รู้จักเสร็จ คอยวันแล้ววันเล่าก็ไม่มาสักที.
วันวิสาขบูชา 0,น.,วันเพ็ญเดือน ๖ ซึ่งเป็นวันประสูติ ตรัสรู้ และปรินิพพานของพระพุทธเจ้า.
วันสงกรานต์ 0,น.,วันเทศกาลเนื่องในการขึ้นปีใหม่อย่างเก่า ซึ่งกำหนดตามสุริยคติ ปรกติตกวันที่ ๑๓-๑๔-๑๕ เมษายน.
วันสหประชาชาติ 0,น.,วันสถาปนาองค์การระหว่างประเทศ ซึ่งเรียกว่า องค์การสหประชาชาติ ตรงกับวันที่ ๒๔ ตุลาคม.
วันสารท 0,น.,วันทำบุญสิ้นเดือน ๑๐.
วันสืบพยาน 0,น.,วันที่ศาลเริ่มต้นทำการสืบพยาน.
วันสุกดิบ 0,น.,วันเตรียมงาน ซึ่งเป็นวันก่อนถึงกำหนดวันงานพิธี ๑ วัน.
วันหน้า 0,น.,"วันที่จะมาถึงข้างหน้า เช่น วันหน้าจะพบกันใหม่, ใช้ว่า วันหลัง ก็มี."
วันหน้าวันหลัง 0,น.,วันใดวันหนึ่งในอนาคต เช่น จะทำอะไรก็เผื่อวันหน้าวันหลังไว้บ้าง.
วันหลัง 0,น.,"วันหลังจากวันนี้ไป เช่น วันหลังจะมาเยี่ยมอีก, ใช้ว่า วันหน้า ก็มี."
วันออกพรรษา 0,น.,"วันที่สิ้นสุดการจำพรรษาแห่งพระสงฆ์ คือ วันขึ้น ๑๕ ค่ำ เดือน ๑๑, วันปวารณา หรือ วันมหาปวารณา ก็เรียก."
วันอัฐมี 0,น.,วันถวายพระเพลิงพระพุทธเจ้าในวันแรม ๘ ค่ำ เดือน ๖.
วันอาสาฬหบูชา 0,น.,วันเพ็ญเดือน ๘ ซึ่งเป็นวันที่พระพุทธเจ้าทรงแสดงปฐมเทศนา.
วันอุโบสถ 0,น.,วันขึ้น ๑๕ คํ่า และวันแรม ๑๕ คํ่า ถ้าเป็นเดือนขาดก็แรม ๑๔ คํ่า เป็นวันที่พระลงอุโบสถฟังพระปาติโมกข์และเป็นวันที่พุทธศาสนิกชนถืออุโบสถศีลคือ ศีล ๘.
วับ 0,ว.,"ฉับพลัน, ฉับไว, ใช้ประกอบอาการของแสงหรือสิ่งมีรูปร่างซึ่งปรากฏให้เห็น แล้วหมดสิ้นหรือลับหายไปอย่างรวดเร็วในทันทีทันใด เช่น แสงหายวับ พูดขาดคำก็หายตัววับลับตาไป, บางทีก็เป็นคำซ้อน เพื่อเน้นหรือเพื่อความไพเราะ เป็น หายวับไปฉับพลัน หายวับไปกับตา เป็นต้น."
วับ 1,ว.,"เป็นเงา, ใช้แก่คำ มัน เป็น มันวับ."
วับ ๆ 0,ว.,ระยับตา เป็นอาการของแสงหรือเงาที่ปรากฏแล้วหายลับไปทันทีทันใดต่อเนื่องกัน เช่น แสงเพชรเป็นประกายวับ ๆ.
วับ ๆ แวม ๆ 0,ว.,"มีแสงดับบ้างเรืองบ้างสลับกันไป เช่น แสงหิ่งห้อยดูวับ ๆ แวม ๆ, วับแวม ก็ว่า"
วับ ๆ แวม ๆ 1,ว.,อาการที่แต่งกายไม่มิดชิด เช่น ไม่ควรแต่งตัววับ ๆ แวม ๆ ในสถานที่พึงเคารพ ดูไม่สุภาพ.
วับ ๆ หวำ ๆ 0,ว.,รู้สึกวาบ ๆ ในใจด้วยความหวาดหวั่น เช่น ใจวับ ๆ หวำ ๆ เวลาจะเข้ารับการผ่าตัด.
วับวาบ 0,ว.,ระยับตา เป็นอาการของแสงหรือเงาที่ปรากฏแล้วหายลับไปทันทีทันใดต่อเนื่องกัน เช่น แสงเพชรเป็นประกายวับ ๆ.
วับวาม 0,ว.,ระยับตา เป็นอาการของแสงหรือเงาที่ปรากฏแล้วหายลับไปทันทีทันใดต่อเนื่องกัน เช่น แสงเพชรเป็นประกายวับ ๆ.
วับแวบ 0,ว.,ระยับตา เป็นอาการของแสงหรือเงาที่ปรากฏแล้วหายลับไปทันทีทันใดต่อเนื่องกัน เช่น แสงเพชรเป็นประกายวับ ๆ.
วับแวม 0,ว.,"มีแสงดับบ้างเรืองบ้างสลับกันไป เช่น แลเห็นแสงไฟจากกระโจมไฟวับแวม, วับ ๆ แวม ๆ ก็ว่า."
วัปป- 0,น.,การหว่านพืช เช่น พิธีวัปปมงคล
วัปป- 1,น.,ฝั่งน้ำ.
วัปปะ 0,น.,การหว่านพืช เช่น พิธีวัปปมงคล
วัปปะ 1,น.,ฝั่งน้ำ.
วัมมิกะ 0,น.,จอมปลวก.
วัย 0,น.,"เขตอายุ, ระยะของอายุ, เช่น วัยเด็ก วัยหนุ่มสาว วัยชรา."
วัย- 0,น.,"เขตอายุ, ระยะของอายุ, เช่น วัยเด็ก วัยหนุ่มสาว วัยชรา."
วัยกลางคน 0,น.,วัยที่มีอายุพ้นวัยหนุ่มสาวแต่ยังไม่แก่ อายุประมาณ ๓๐-๕๐ ปี.
วัยกำดัด 0,น.,วัยรุ่น.
วัยขบเผาะ 0,ว.,วัยของเด็กหญิงที่เพิ่งเริ่มแตกเนื้อสาว.
วัยคะนอง 0,น.,"วัยหนุ่มสาวที่ชอบสนุกสนาน, วัยหนุ่มสาวที่กำลังฮึกห้าว."
วัยงาม 0,น.,ลักษณะของหญิงที่ดูงามทุกวัย เป็นลักษณะอย่าง ๑ ในเบญจกัลยาณี.
วัยจูง 0,น.,วัยของเด็กระหว่างวัยแล่นกับวัยอุ้ม.
วัยฉกรรจ์ 0,น.,วัยหนุ่มที่มีร่างกายสมบูรณ์แข็งแรง.
วัยชรา 0,น.,วัยที่ต่อจากวัยกลางคน อายุเกิน ๖๐ ปี.
วัยเด็ก 0,น.,วัยที่อายุยังน้อย.
วัยตกกระ 0,น.,วัยของผู้สูงอายุ โดยปรกติผิวหนังมักตกกระ.
วัยทอง 0,น.,วัยหมดระดู.
วัยทารก 0,น.,วัยเด็กเล็ก ๆ ที่ยังไม่เดียงสา.
วัยรุ่น 0,น.,"วัยที่มีอายุประมาณ ๑๓-๑๙ ปี, วัยกำดัด ก็ว่า."
วัยแล่น 0,น.,วัยของเด็กถัดจากวัยจูง.
วัยวุฒิ 0,น.,ความเป็นผู้ใหญ่โดยอายุ.
วัยสาว 0,น.,"วัยที่มีอายุพ้นวัยเด็ก นับตามความนิยมตั้งแต่ ๑๕-๓๐ ปี, ใช้แก่หญิง."
วัยหนุ่ม 0,น.,"วัยที่มีอายุพ้นวัยเด็ก นับตามความนิยมตั้งแต่ ๑๕-๓๐ ปี, ใช้แก่ชาย."
วัยหนุ่มสาว 0,น.,วัยที่มีอายุพ้นวัยเด็ก นับตามความนิยมตั้งแต่ ๑๕-๓๐ ปี.
วัยหมดระดู 0,น.,วัยของหญิงเมื่อหมดประจำเดือนอย่างถาวร โดยประมาณเริ่มตั้งแต่อายุ ๔๕ ปีขึ้นไป.
วัยอุ้ม 0,น.,วัยของเด็กก่อนวัยจูง.
วัลก์ 0,น.,เปลือกไม้
วัลก์ 1,น.,เกล็ดปลา.
วัลคุ 0,ว.,"งาม, สวย, น่ารัก"
วัลคุ 1,ว.,ไพเราะ.
วัลย์ 0,น.,"เถาวัลย์, เครือเขา, ไม้เถา."
วัลลภ 0,น.,"คนสนิท, ผู้ชอบพอ, คนโปรด, คนรัก."
วัลลี 0,น.,"เถาวัลย์, เครือเขา, ไม้เถา."
วัว 0,น.,"ชื่อสัตว์เลี้ยงลูกด้วยนมชนิด Bos taurus Linn. ในวงศ์ Bovidae เป็นสัตว์เคี้ยวเอื้องขนาดใหญ่ กีบคู่ ลำตัวมีสีต่าง ๆ เช่น นํ้าตาล นวล เขาโค้งสั้น ไม่ผลัดเขามีเหนียงห้อยอยู่ใต้คอถึงอก ขนปลายหางเป็นพู่ ที่เลี้ยงเพื่อนำน้ำนมมาบริโภค เช่น พันธุ์โฮลสไตน์-ฟรีเซียน ที่ขุนเป็นวัวเนื้อ เช่น พันธุ์บรามัน, โค ก็เรียก, (ปาก) งัว."
วัว 1,น.,"ชื่อปลาทะเลหลายชนิดหลายสกุล เช่น ในสกุล Triacanthus วงศ์ Triacanthidae, ในสกุล Monacanthus วงศ์ Monacanthidae, ในสกุล Balistes วงศ์ Balistidae, ในสกุล Anacanthus วงศ์ Anacanthidae มีทั้งขนาดเล็กและขนาดใหญ่ โดยเฉลี่ยยาว ๓๐ เซนติเมตร บางชนิดยาวได้ถึง ๗๕ เซนติเมตร ผิวหนังหยาบเหนียวหรือเป็นแผ่นกระดูกหนาเรียงติดต่อกัน ฟันเป็นแผ่น ใช้แทะเล็มหาอาหารตามแนวปะการังและพื้นท้องทะเล ก้านครีบหลังก้านแรกและครีบท้องเป็นแท่งกระดูกใหญ่คล้ายเขาสัตว์, บางชนิดมีชื่อเรียกว่า วัว หรือ กวาง."
วัวเขาเกก 0,น.,วัวที่มีเขาเฉออกไม่เข้ารูปกัน
วัวเขาเกก 1,น.,"โดยปริยายหมายถึงคนที่เป็นอันธพาลเกะกะเกเร, ควายเขาเกก ก็ว่า."
วัวใครเข้าคอกคนนั้น 0,น.,กรรมที่มีผู้ใดทำไว้ย่อมส่งผลให้แก่ผู้นั้น ดุจวัวที่กลับเข้าคอกของมันเอง.
วัวตัวผู้ 0,น.,"ชื่อหนึ่งของดาวฤกษ์บุรพผลคุนี มี ๒ ดวง, ดาวงูเมีย ดาวปุรพผลคุนี หรือ ดาวปุพพผลคุนี ก็เรียก."
วัวตัวเมีย 0,น.,"ชื่อหนึ่งของดาวฤกษ์อุตรผลคุนี มี ๒ ดวง, ดาวเพดาน หรือ ดาวอุตตรผลคุนี ก็เรียก."
วัวเถลิง 0,น.,"วัวเปลี่ยว, วัวหนุ่ม."
วัวทะเล 0,น.,"ชื่อสัตว์เลี้ยงลูกด้วยนมชนิด Dugong dugon (Müller) ในวงศ์ Dugongidae ลำตัวอ้วนกลม เรียวยาวไปทางหาง มีขนเฉพาะที่บริเวณใกล้ปาก รยางค์คู่หน้าเป็นแผ่นคล้ายใบพายไม่เห็นเป็นนิ้ว รยางค์คู่หลังไม่โผล่ให้เห็น หางเป็นแฉกแผ่กว้างแบนลง ตัวอาจยาวได้ถึง ๓ เมตร สีเทาดำแกมฟ้า อาศัยอยู่ในทะเลชายฝั่ง กินพืชนํ้าพวกหญ้าทะเล เป็นสัตว์ป่าสงวนชนิดหนึ่ง, เงือก วัวทะเล หมูนํ้า หรือ ดูกอง ก็เรียก."
วัวพันหลัก 0,ว.,"อาการที่วกหรือย้อนกลับไปหาจุดเริ่มต้น เช่น ให้การเป็นวัวพันหลัก, ลักษณะที่วกหรือย้อนกลับไปหาบุคคลที่เป็นต้นตอผู้รับผิดชอบ (มักใช้ในทางชู้สาว) มาจากสำนวนเต็มว่า แม่สื่อแม่ชัก ไม่ได้เจ้าตัว เอาวัวพันหลัก หมายความว่า ชายที่ใช้แม่สื่อไปติดต่อหญิงที่ตนชอบ แล้วไม่ได้ตัวหญิงคนนั้น เลยเอาแม่สื่อนั้นเองเป็นภรรยา หรือผู้หญิงทำทีรับอาสาไปติดต่อหญิงคนใดคนหนึ่งให้แก่ชาย แต่ในที่สุดก็เอาตัวเองเข้าพัวพันจนได้ชายคนนั้นเป็นสามี."
วัวลืมตีน 0,น.,คนที่ได้ดีแล้วลืมฐานะเดิมของตน.
วัวสันหลังหวะ 0,น.,"คนที่มีความผิดติดตัวทำให้คอยหวาดระแวง, วัวสันหลังขาด ก็ว่า."
วัวหายล้อมคอก 0,น.,"ของหายแล้วจึงจะเริ่มป้องกัน, เรื่องเกิดขึ้นแล้วจึงคิดแก้ไข."
วัส- 0,น.,"ฝน, ฤดูฝน"
วัส- 1,น.,ปี.
วัสคณนา 0,น.,การนับปี.
วัสดุ 0,น.,วัตถุที่นำมาใช้ เช่น วัสดุก่อสร้าง
วัสดุ 1,น.,ของใช้ที่มีอายุการใช้ในระยะเวลาสั้น ๆ เช่น กระดาษ ดินสอ (ใช้แก่การงบประมาณ).
วัสตร์ 0,น.,"วัตถ์, ผ้า, เสื้อผ้า, เครื่องนุ่งห่ม."
วัสน์ 0,น.,วสนะ.
วัสนะ 0,น.,ฝนตก.
วัสสะ 0,น.,"ฝน, ฤดูฝน"
วัสสะ 1,น.,ปี.
วัสสาน- 0,น.,"ฤดูฝน, หน้าฝน."
วัสสานฤดู 0,น.,"ฤดูฝน, ในกลุ่มประเทศเขตร้อนอันมีประเทศไทยรวมอยู่ด้วย แบ่งฤดูกาลออกเป็น ๓ ฤดู คือ ฤดูหนาว ฤดูร้อน และฤดูฝน ช่วงระยะเวลาของแต่ละฤดูในแต่ละท้องถิ่นหรือประเทศอาจแตกต่างกันไปบ้างและไม่ค่อยตรงกัน เฉพาะในภาคกลางของประเทศไทย ฤดูฝนเริ่มต้นประมาณตั้งแต่กลางเดือนพฤษภาคมถึงกลางเดือนตุลาคม หรือทางจันทรคติเริ่มต้นวันแรมค่ำหนึ่ง เดือน ๘ ถึงขึ้น ๑๕ ค่ำ เดือน ๑๒, บางทีก็เขียนเพี้ยนไปเป็น วสันต์."
วัสสานะ 0,น.,"ฤดูฝน, หน้าฝน."
วัสโสทก 0,น.,นํ้าฝน.
ว่า 0,ก.,"พูด, บอก, เช่น เขาว่า ที่นี่ฝนตกทุกวัน"
ว่า 1,ก.,"ดุ เช่น อย่าเอะอะไป เดี๋ยวครูว่าเอา, ติ เช่น ดีแต่ว่าเขา"
ว่า 2,ก.,ดุด่าว่ากล่าว เช่น ว่าไม่ได้ ก็เลี้ยงไม่ได้
ว่า 3,ก.,ร้อง เช่น ว่าเพลง
ว่า 4,ก.,"จ้าง, ตกลงให้ทำการสิ่งใดสิ่งหนึ่งโดยให้ค่าจ้าง, เช่น ไปว่าขนมมาเลี้ยงแขก, ว่าจ้าง ก็ว่า"
ว่า 5,ก.,เป็นคำใช้แทนกริยาอื่นบางคำได้ เป็นต้นว่าใช้แทนคำว่า กิน เช่น ว่าเสียเรียบ ว่าเสียเต็มคราบ ใช้แทนคำว่า ทำ เช่น ว่าเสียเอง
ว่า 6,ก.,ใช้เป็นสันธานเชื่อมประโยค เช่น พูดว่า คิดว่า หมายความว่า มีความเห็นว่า.
วา 0,น.,"มาตราวัดตามวิธีประเพณี เท่ากับ ๔ ศอก มีอัตราเท่ากับ ๒ เมตร, อักษรย่อว่า ว."
วา 1,ก.,กิริยาที่กางแขนเหยียดตรงออกทั้ง ๒ ข้าง.
ว้า 0,อ.,คำที่เปล่งออกมาเมื่อรู้สึกไม่พอใจหรือผิดจากที่คาดไว้เป็นต้น.
ว้า 1,ว.,คำออกเสียงลงท้ายประโยคแสดงความสงสัยหรือปลอบใจเป็นต้น เช่น หายไปไหนว้า อย่าเสียใจไปเลยว้า.
วา 2,น.,ชื่อเพลงไทยประเภทเพลงหน้าพาทย์ ใช้บรรเลงเพื่อให้ผู้ชมรู้ว่าจะเริ่มการแสดง.
ว้า 2,ว.,"ว่าง, เปลี่ยวใจ, เปล่าใจ, ใจหาย."
ว้าก 0,ว.,"เสียงร้องดัง ๆ อย่างเสียงเด็กร้องไห้, หวาก ก็ว่า."
วาก 0,ว.,"เปล่า, หาย, ว้าเหว่, เช่น ใจวาก."
วาก- 0,น.,"เปลือกไม้, ป่าน, ปอ."
วากจิรพัสตร์ 0,น.,"ผ้าที่ทำด้วยเปลือกไม้, ผ้าป่าน."
วากย- 0,น.,"คำพูด, คำกล่าว, ถ้อยคำ, ประโยค."
วากยสัมพันธ์ 0,น.,ชื่อตำราไวยากรณ์ตอนที่แยกความออกเป็นประโยค ๆ และบอกความเกี่ยวข้องของคำในประโยค.
วากยะ 0,น.,"คำพูด, คำกล่าว, ถ้อยคำ, ประโยค."
วากรา 0,น.,ตาข่าย
วากรา 1,น.,"บ่วง, เครื่องดักสัตว์."
ว่ากลอนสด 0,ก.,"กล่าวกลอนที่ผูกขึ้นอย่างปัจจุบันโดยมิได้คิดมาก่อน, พูดกลอนสด ก็ว่า, กล่าวข้อความที่ไม่ได้เตรียมมาก่อน, พูดสด ก็ว่า."
ว่ากล่าว 0,ก.,"ตำหนิ, ตักเตือน, เช่น มาทำงานสายเป็นประจำ จึงถูกผู้บังคับบัญชาเรียกไปว่ากล่าว, สั่งสอน เช่น ผู้ใหญ่ว่ากล่าวไม่เชื่อฟัง."
วากะ 0,น.,"เปลือกไม้, ป่าน, ปอ."
ว่าการ 0,ก.,ดูแลตรวจตราสั่งการงาน.
ว่าขาน 0,ก.,"พูดต่อว่า, พูดติ, เช่น พระมิได้ตอบคำว่าขาน ตรัสแต่กิจการกรุงศรี แต่ดูพระกิริยาพาที เหมือนจะเคลื่อนคลายที่โกรธา (อิเหนา)."
ว่าข้ามหัว 0,ก.,พูดลอย ๆ ไม่เจาะจงคู่กรณีหรือผู้ถูกว่า.
ว่าเข้านั่น 0,*ว.,เป็นคำที่เปล่งออกมาในลักษณะที่แสดงว่าเรื่องที่อีกฝ่ายหนึ่งกล่าวนั้นไม่น่าเชื่อถือเป็นต้น.
ว่าความ 0,ก.,ดำเนินคดีหรือต่อสู้คดีในศาลอย่างทนายความ เช่น ทำคำฟ้อง คำให้การ ซักถามพยาน
ว่าความ 1,ก.,ชำระความ เช่น ท้าวมาลีวราชว่าความ.
วาง 0,ก.,ทำให้สิ่งใดสิ่งหนึ่งพ้นจากมือหรือบ่าเป็นต้นด้วยอาการกิริยาต่าง ๆ ตามที่ต้องการ เช่น วางข้าวของเรียงเป็นแถว วางกับดักหนู วางกระดานลงกับพื้น วางเสาพิงกับผนัง
วาง 1,ก.,"กำหนด, ตั้ง, เช่น วางกฎ วางเงื่อนไข วางรากฐาน"
วาง 2,ก.,จัดเข้าประจำที่ เช่น วางคน วางยาม วางกำลัง
วาง 3,ก.,ปล่อยวาง เช่น วางอารมณ์ วางธุระ
วาง 4,ก.,อาการที่เคลื่อนไปโดยรีบร้อน เช่น ขี่ช้างวางวิ่ง.
ว่าง 0,ว.,"เปล่า, ไม่มีอะไรนอกจากตัวของมันเองที่อ้างถึง, เช่น ห้องว่าง ที่ว่าง ตำแหน่งว่าง, บางทีใช้ควบคู่กับคำ เปล่า เป็น ว่างเปล่า"
ว่าง 1,ว.,ไม่มีภาระผูกพัน เช่น วันนี้ว่างทั้งวัน เย็นนี้หมอว่างไม่มีคนไข้.
ว่าง 2,น.,เรียกของกินในเวลาที่ไม่ใช่เวลากินข้าว ว่า ของว่าง เครื่องว่าง อาหารว่าง.
ว้าง 0,ว.,"เปล่า, ว่าง."
ว่าง ๆ 0,ว.,"ไม่มีอะไรจะทำ, ไม่มีภาระ, เช่น อยู่ว่าง ๆ ไม่รู้จะทำอะไร."
วางก้าม 0,ก.,"ทำท่าใหญ่โต, ทำท่าเป็นนักเลงโต, วางโต ก็ว่า."
วางขรึม 0,ก.,ทำท่าขรึม.
วางข้อ 0,ก.,"แสดงท่าทางว่าเก่งกล้า, แสดงท่าทางอวดดี, เช่น ทำวางข้อเป็นลูกเศรษฐี."
วางไข่ 0,ก.,ออกไข่ (ใช้แก่เต่าและปลา).
ว่างงาน 0,ก.,"ตกงาน, ไม่มีงานทำ."
วางเงิน 0,ก.,ชำระเงินตามเงื่อนไขที่มีต่อกัน เช่น วางเงินมัดจำ.
วางใจ 0,ก.,"เชื่อใจ, ไว้ใจ, เช่น อย่าไว้ใจทาง อย่าวางใจคน จะจนใจเอง."
วางฎีกา 0,ก.,ยื่นใบแจ้งขอเบิกเงินจากคลัง
วางฎีกา 1,ก.,ยื่นฎีกาอาราธนาพระสงฆ์ (มักใช้เนื่องในงานพระราชพิธีหรือรัฐพิธี).
วางตลาด 0,ก.,นำสินค้าออกวางขายตามร้านทั่วไป.
วางตัว 0,ก.,"ประพฤติตน เช่น วางตัวไม่ดี คนอื่นจะดูถูกได้, ปฏิบัติตน เช่น วางตัวเป็นกลาง ไม่เข้าข้างใคร."
วางตัวเป็นกลาง 0,ก.,ไม่เข้าข้างใคร เช่น พี่น้องทะเลาะกัน เขาเลยต้องวางตัวเป็นกลาง.
วางตา 0,ก.,"ละสายตา, มักใช้ในประโยคปฏิเสธว่า ดูไม่วางตา."
วางโต 0,ก.,"ทำท่าใหญ่โต, ทำท่าเป็นนักเลงโต, วางก้าม ก็ว่า."
วางทรัพย์ 0,น.,นำทรัพย์อันเป็นวัตถุแห่งหนี้ไปวางไว้ ณ สำนักงานวางทรัพย์ประจำตำบลที่จะต้องชำระหนี้เพื่อประโยชน์แก่เจ้าหนี้ ซึ่งจะมีผลทำให้หลุดพ้นจากหนี้ได้.
วางท่า 0,ก.,"ทำท่าไว้ยศ เช่น วางท่าเป็นอธิบดี, วางปุ่ม ก็ว่า."
วางเบ็ด 0,ก.,นำเบ็ดราวที่เกี่ยวเหยื่อแล้วไปหย่อนลงในแม่น้ำลำคลอง.
วางเบ็ดราว 0,ก.,นำเบ็ดราวที่เกี่ยวเหยื่อแล้วไปหย่อนลงในแม่น้ำลำคลอง.
วางปึ่ง 0,ก.,ทำท่าไว้ยศไม่อยากพูดจาด้วย
วางปึ่ง 1,ก.,ทำทีเฉยแสดงอาการคล้ายกับโกรธ.
วางปุ่ม 0,ก.,"ทำท่าไว้ยศ, วางท่า ก็ว่า."
ว่างเปล่า 0,ว.,ไม่มีอะไรเลย เช่น โต๊ะตัวนี้ว่างเปล่าไม่มีของวางอยู่เลย.
วางผังเมือง 0,ก.,ควบคุมและกำหนดแนวทางในการพัฒนาเมืองและสภาพแวดล้อม โดยคำนึงถึงความสุข ความสะดวกสบาย ความปลอดภัย ความประหยัด และความสวยงามของชุมชนเป็นส่วนรวม.
วางแผน 0,ก.,"กะกำหนดแผนหรือโครงการที่จะดำเนินการต่อไป, วางแผนการ ก็ว่า"
วางแผน 1,ก.,ทำท่าทีใหญ่โต เช่น ทำวางแผนเป็นขุนนางชั้นสูง.
วางแผนการ 0,ก.,กะกำหนดแผนหรือโครงการที่จะดำเนินการต่อไป
วางแผนการ 1,ก.,วางแผน ก็ว่า.
วางเพลิง 0,ก.,จุดไฟเผาอาคารบ้านเรือนหรือทรัพย์สมบัติ
วางเพลิง 1,ก.,โดยปริยายหมายความว่าให้ร้ายคนอื่น.
วางเพลิงเผาทรัพย์ 0,น.,เป็นฐานความผิดอาญาที่ผู้กระทำวางเพลิงเผาทรัพย์.
วางมวย 0,ก.,ชกต่อยวิวาทกัน.
วางมาด 0,ก.,แสดงท่าทางให้เห็นว่าใหญ่โตหรือมีอำนาจเป็นต้น เช่น วางมาดเป็นดารา.
วางมือ 0,ก.,"ไม่เอาเป็นธุระ, หยุดหรือเลิกการงานที่ทำอยู่ชั่วคราวหรือตลอดไป เช่น วางมือจากทำสวนไปทำกับข้าว วางมือจากการเป็นครู."
ว่างมือ 0,ว.,ไม่มีอะไรทำ เช่น ว่างมือเมื่อไร จะช่วยตัดเสื้อให้.
วางยา 0,ก.,"ให้กินยาเพื่อรักษาโรค เช่น หมอวางยาคนไข้ได้ถูกกับโรค, ลอบเอายาพิษให้กิน เช่น โดนวางยาในอาหาร"
วางยา 1,ก.,โดยปริยายหมายความว่า พูดให้เสียหาย.
วางราง 0,ก.,ติดตั้งรางเพื่อให้รถไฟเป็นต้นเคลื่อนไป.
วางวาย 0,ก.,"ตาย เช่น นรชาติวางวาย มลายสิ้นทั้งอินทรีย์ (กฤษณา), วายวาง ก็ว่า."
ว่างเว้น 0,ก.,"งด, เว้น, เช่น ว่างเว้นจากการเสพสุรายาเมา เขาเคยมาเสมอ แต่หมู่นี้ว่างเว้นไป."
ว้างเวิ้ง 0,ว.,เป็นช่องว่างและโล่งออกไปกว้างขวาง.
วางสาย 0,ก.,ติดตั้งสายไฟฟ้าสายโทรศัพท์เป็นต้น
วางสาย 1,ก.,โดยปริยายหมายความว่า จัดคนเข้าไปสืบความลับของอีกฝ่ายหนึ่ง เช่น วางสายเข้าไปปล้นธนาคาร.
วางหน้า 0,ก.,ตีหน้า เช่น วางหน้าไม่สนิท วางหน้าเก้อ ๆ.
วางหมาก 0,ก.,กำหนดตัวบุคคลให้เหมาะแก่งานเพื่อให้ได้ผลตามแผนการที่กำหนดไว้.
วางอาวุธ 0,ก.,ยอมแพ้.
วางอำนาจ 0,ก.,"แสดงอำนาจ, อวดอำนาจ."
ว่าง่าย 0,ก.,"อยู่ในโอวาท, เชื่อฟังคำสั่งสอนโดยดี."
วาจก 0,น.,"ผู้กล่าว, ผู้บอก, ผู้พูด."
วาจก 1,ก.,กริยาของประโยคที่แสดงว่าประธานทำหน้าที่เป็นผู้ทำ ผู้ใช้ ผู้ถูกทำ หรือผู้ถูกใช้ แบ่งเป็น ๓ ชนิด คือ กรรตุวาจก กรรมวาจก และการิตวาจก.
วาจา 0,น.,"ถ้อยคำ, คำกล่าว, คำพูด, เช่น วาจาสุภาพ วาจาอ่อนหวาน วาจาสัตย์."
ว่าจ้าง 0,ก.,"จ้าง, ตกลงให้ทำการสิ่งใดสิ่งหนึ่งโดยให้ค่าจ้าง, เช่น เขาว่าจ้างช่างให้มาทำรั้วบ้าน, ว่า ก็ว่า."
วาจาไปยะ 0,น.,คำอ่อนหวาน.
วาจาล 0,ว.,ช่างพูด.
วาชเปยะ 0,น.,การดื่มเพื่อพลัง
วาชเปยะ 1,น.,ชื่อพิธีบูชาอย่างหนึ่งในอินเดียโบราณที่จัดทำสำหรับบุคคลในวรรณะกษัตริย์และวรรณะพราหมณ์.
วาฏกะ 0,น.,"วงกลม, สังเวียน."
วาณิช 0,น.,"พ่อค้า, มักใช้พูดเข้าคู่กับคำ พ่อค้า เป็น พ่อค้าวาณิช."
วาณิชกะ 0,น.,"พ่อค้า, มักใช้พูดเข้าคู่กับคำ พ่อค้า เป็น พ่อค้าวาณิช."
วาณิชย์ 0,น.,การค้าขาย.
วาณี 0,น.,"ถ้อยคำ, ภาษา. (ป., ส.)"
วาณี 1,น.,เจ้าแม่แห่งวาจา คือ พระสรัสวดี.
วาด 0,ก.,"เขียนหรือลากเส้นเป็นลวดลายหรือรูปภาพ เช่น วาดภาพดอกไม้ วาดภาพทิวทัศน์, เขียนเป็นลายเส้น เช่น วาดภาพลายไทย, โดยปริยายหมายถึง สิ่งที่คล้ายคลึงเช่นนั้น เช่น วาดวิมานในอากาศเสียสวยหรู วาดโครงการในอนาคต"
วาด 1,ก.,ทอดแขนหรือกรายแขนอย่างอ่อนช้อยในการฟ้อนรำ.
วาด 2,ก.,"พายเรือโดยกวาดพายเป็นแนวโค้งเข้าหาตัว, ตรงข้ามกับ คัด."
วาดเขียน 0,น.,วิชาว่าด้วยการเขียนรูปภาพต่าง ๆ.
วาดปาก 0,ก.,เอานิ้วมือป้ายสีผึ้งหรือใช้ลิปสติกลูบไล้ไปตามริมฝีปากให้ทั่ว.
วาดภาพ 0,ก.,วาดเป็นภาพอย่างใดอย่างหนึ่ง เช่น วาดภาพคน วาดภาพทิวทัศน์.
วาดลวดลาย 0,ก.,แสดงท่ารำหรือเต้นรำเป็นต้นได้งดงามไปตามจังหวะดนตรี
วาดลวดลาย 1,ก.,แสดงชั้นเชิง เช่น วาดลวดลายในการโฆษณา.
ว่าด้วย 0,บ.,เกี่ยวกับ เช่น วารสารชุดนี้ว่าด้วยเรื่องวัฒนธรรม กฎหมายว่าด้วยลิขสิทธิ์.
วาต- 0,น.,ลม.
วาตปานะ 0,น.,"หน้าต่าง, ช่องลมที่มีบานเปิดปิดได้อย่างบานหน้าต่าง."
วาตภัย 0,น.,ภัยอันตรายที่เกิดจากพายุ.
วาตะ 0,น.,ลม.
ว่าต่าง 0,ก.,"ว่าความแทนโจทก์, ใช้คู่กับ แก้ต่าง ซึ่งหมายถึง ว่าความแทนจำเลย."
ว่าตามหลัง 0,ก.,ติเตียนหรือนินทาเมื่อผู้ถูกว่าคล้อยหลังไปแล้ว.
วาตารางเหลี่ยม 0,น.,"มาตราวัดตามวิธีประเพณี มีอัตราเท่ากับ ๔ ตารางเมตร, ตารางวา ก็ว่า, อักษรย่อว่า ตร.ว. หรือ ว ๒."
ว่าแต่เขาอิเหนาเป็นเอง 0,ก.,ตำหนิผู้อื่นเรื่องใดแล้วตนก็กลับทำในเรื่องนั้นเสียเอง.
วาท 0,น.,"คำพูด, ถ้อยคำ"
วาท 1,น.,"ลัทธิ, ความเห็น."
วาท- 0,น.,"คำพูด, ถ้อยคำ"
วาท- 1,น.,"ลัทธิ, ความเห็น."
วาทกะ 0,น.,"ผู้ประโคม, ผู้บรรเลงดนตรี, นักดนตรี."
วาทนะ 0,น.,"การประโคม, การบรรเลงดนตรี."
วาทย์ 0,น.,"เครื่องประโคม, เครื่องบรรเลง, เครื่องเป่า."
วาทย- 0,น.,"เครื่องประโคม, เครื่องบรรเลง, เครื่องเป่า."
วาทยกร 0,น.,"ผู้กำกับและควบคุมการบรรเลงหรือการขับร้องของวงดุริยางค์ วงดนตรี วงนักร้องประสานเสียง ให้มีเอกภาพ รวมทั้งตีความบทเพลงให้สมบูรณ์ โดยปรกติใช้มือ สายตา และสีหน้าท่าทางเป็นสื่อในการให้สัญญาณ, ผู้อำนวยเพลง ก็เรียก."
วาทศาสตร์ 0,น.,วิชาว่าด้วยศิลปะในการใช้ถ้อยคำสำนวนโวหารให้ได้ผลสำเร็จตามความมุ่งหมาย เช่น พูดโต้แย้ง พูดชวนให้เชื่อถือ.
วาทศิลป์ 0,น.,ศิลปะในการใช้ถ้อยคำสำนวนโวหารให้ประทับใจ.
วาทิต 0,น.,"สังคีต, ดนตรี"
วาทิต 1,น.,ผู้บรรเลงดนตรี.
วาทิน 0,น.,คนเล่นดนตรี.(ดู วาที).
วาที 0,น.,"ผู้พูด, ผู้กล่าว, ผู้ชี้แจง, ผู้โต้แย้ง"
วาที 1,น.,คนเล่นดนตรี.
ว่าที่ 0,ก.,รั้งตำแหน่งหรือยศ (ใช้แก่ทหารหรือตำรวจ) เช่น ว่าที่ร้อยตรี ว่าที่พันตำรวจโท
ว่าที่ 1,ก.,รั้งตำแหน่งที่จะเป็นต่อไป เช่น ว่าที่พ่อตา.
ว่าน 0,น.,ชื่อเรียกพืชบางชนิดที่มีหัวบ้าง ไม่มีหัวบ้าง ใช้ทำยาบ้าง หรือเชื่อกันว่าทำให้อยู่ยงคงกระพันและเป็นสิริมงคล เช่น ว่านนางล้อม ว่านเสน่ห์จันทร์แดง.
วาน 0,น.,กงเรือ. (ดู กงวาน)
วาน 1,น.,ช่องที่เจาะบากกงเรือเพื่อให้นํ้าเดิน เรียกว่า ช่องวาน.
วาน 2,น.,"วันก่อนวันนี้วันหนึ่ง, มักใช้ว่า เมื่อวาน หรือ เมื่อวานนี้."
วาน 3,ก.,ขอให้ช่วยทำแทนตัว เช่น วานเขียนหนังสือให้หน่อย วานไปซื้อตั๋วรถไฟ.
ว่านกาบหอย 0,น.,"ชื่อไม้ล้มลุกชนิด Tradescantia spathacea Sw. ในวงศ์ Commelinaceae ลำต้นตั้งตรงอวบน้ำ ใบยาว ด้านบนสีเขียวเข้ม ด้านล่างสีม่วงแดง ช่อดอกออกที่ง่ามของลำต้น ซึ่งมีกาบรูปเรือ ๒ อันหุ้มอยู่ ดอกมีจำนวนมาก สีขาว ก้านสั้น ใช้ทำยาได้, กาบหอยแครง หรือ ว่านหอยแครง ก็เรียก."
ว่านกีบม้า 0,น.,"ชื่อเฟินชนิด Angiopteris evecta (G. Forst.) Hoffm. ในวงศ์ Marattiaceae ทางใบยาวแยกแขนง ที่โคนก้านใบมีส่วนคล้ายกีบแรดหรือกีบม้ากำกับอยู่ ใช้ทำยาได้, ว่านกีบแรด หรือ ว่านกีบม้า ก็เรียก."
ว่านกีบแรด 0,น.,"ชื่อเฟินชนิด Angiopteris evecta (G. Forst.) Hoffm. ในวงศ์ Marattiaceae ทางใบยาวแยกแขนง ที่โคนก้านใบมีส่วนคล้ายกีบแรดหรือกีบม้ากำกับอยู่ ใช้ทำยาได้, ว่านกีบแรด หรือ ว่านกีบม้า ก็เรียก."
ว่านไก่ไห้ 0,น.,"ชื่อไม้พุ่มหรือไม้ต้นขนาดเล็กชนิด Opuntia ficusindica (L.) Mill. ในวงศ์ Cactaceae กิ่งแบนอวบ สีเขียว ไม่มีหนาม เป็นไม้ต่างประเทศ ปลูกกันเป็นไม้ประดับ, ว่านไก่ไห้ ก็เรียก."
ว่านเครือ 0,น.,"เชื้อสาย, เหล่ากอ, มักใช้เข้าคู่กับคำ วงศ์วาน เป็น วงศ์วานว่านเครือ."
ว่านงาช้าง 0,น.,"ชื่อไม้ล้มลุกชนิด Sansevieria cylindrica Bojer ในวงศ์ Dracaenaceae ใบกลมเป็นแท่ง สีเขียวเข้ม ใช้เป็นยาทำให้อาเจียน, ว่านงาช้าง ก็เรียก."
วานซืน 0,น.,"วันก่อนเมื่อวานนี้วันหนึ่ง, วันก่อนวันนี้ไป ๒ วัน, มักใช้ว่า เมื่อวานซืน."
ว่านธรณีสาร 0,น.,"ชื่อไม้พุ่มขนาดเล็กชนิด Phyllanthus pulcher Wall. ex Muell. Arg. ในวงศ์ Euphorbiaceae ลำต้นตรง ใช้ทำยาได้, ว่านธรณีสาร ก็เรียก."
ว่านนางกวัก 0,น.,"ชื่อไม้ล้มลุกมีหัวใต้ดินชนิด Eucharis grandiflora Planch. et Linden. ในวงศ์ Amaryllidaceae ดอกสีขาว กลิ่นหอมในตอนเย็น นิยมปลูกไว้ในบ้านโดยเชื่อว่านำโชคลาภมาให้, ว่านนางกวัก ก็เรียก."
ว่านนางล้อม 0,น.,"ชื่อไม้ล้มลุกมีหัวใต้ดินชนิด Proiphys amboinensis (L.) Herb. ในวงศ์ Amaryllidaceae เชื่อว่าป้องกันขโมยได้, ว่านนางล้อม ก็เรียก."
ว่านน้ำ 0,น.,"ชื่อไม้ล้มลุก ๒ ชนิด ในสกุล Acorus วงศ์ Araceae คือ A. calamus L., พายัพเรียก กะส้มชื่น และ A. gramineus Sol. ex Aition ชอบขึ้นอยู่ในที่ชื้นแฉะ เหง้ามีกลิ่นฉุนแรง."
ว่านน้ำเขา 0,น.,"ชื่อไม้ล้มลุกชนิด Chlorophytum orchidastrumLindl. ในวงศ์ Anthericaceae โคนต้นเมื่อลอกเอาใบออกจะเห็นด้านในมีเนื้อสีขาว ๆ กินได้, ว่านน้ำเขา ก็เรียก."
ว่านพระฉิม 0,น.,"ชื่อไม้เถาชนิด Dioscorea bulbiferaL. ในวงศ์ Dioscoreaceae ตามง่ามใบมีหัวกลมขรุขระ, ว่านพระฉิม ก็เรียก."
ว่านพระฉิม 1,น.,"ชื่อไม้ล้มลุกมีหัวใต้ดินชนิด Euphorbia sessiliflora Roxb. ในวงศ์ Euphorbiaceae สูงประมาณ ๒๐ เซนติเมตร ต้นและใบอวบนํ้า เส้นกลางใบด้านล่างเป็นสันแหลม ทุกส่วนมียางขาว หัวใช้ทำยาได้, ว่านพระฉิม ก็เรียก, เขียนเป็น เข้าค่า ก็มี."
ว่านเพชรหึง 0,น.,"ชื่อกล้วยไม้ชนิด Grammatophyllum speciosumBlume ในวงศ์ Orchidaceae ขึ้นเป็นกอบนคบไม้ ดอกใหญ่ สีเหลืองประม่วงแดงเข้ม, ว่านเพชรหึง ก็เรียก."
ว่านมหากาฬ 0,น.,"ชื่อไม้ล้มลุกมีหัวชนิด Gynura pseudochina (L.) DC. ในวงศ์ Compositae ดอกสีเหลืองส้ม ใบใช้ทำยาพอก, ว่านมหากาฬ ก็เรียก."
ว่านมหานิล 0,น.,"ชื่อไม้ล้มลุกชนิดหนึ่งในสกุล Hedychiumวงศ์ Zingiberaceae, ว่านมหานิล ก็เรียก."
ว่านมหาเมฆ 0,น.,"ชื่อไม้ล้มลุกชนิด Curcuma aeruginosa Roxb. ในวงศ์ Zingiberaceae ลักษณะคล้ายต้นกระชาย ขณะออกดอกไม่มีใบ ช่อดอกตั้ง ดอกสีเหลือง อยู่ระหว่างใบประดับสีขาวซึ่งมีปลายสีชมพู ใช้ประกอบอาหารได้, พายัพเรียก ดอกอาว."
ว่านมีดยับ 0,น.,ว่านหางช้าง. [ดู หางช้าง (๑)].
วานร 0,น.,ลิง
วานร 1,น.,"ชื่อหนึ่งของดาวฤกษ์มฆา มี ๕ ดวง, ดาวงอนไถ ดาวงูผู้ ดาวโคมูตร ดาวมฆะ หรือ ดาวมาฆะ ก็เรียก."
วานรได้แก้ว 0,น.,"ผู้ที่ไม่รู้คุณค่าของสิ่งมีค่าที่ได้มาหรือที่มีอยู่, ลิงได้แก้ว ก็ว่า."
วานรินทร์ 0,น.,พญาลิง.
ว่านเสน่ห์จันทร์ขาว 0,น.,"ชื่อไม้ล้มลุกชนิด Homalomena lindenii (Rodigas) Ridl. ในวงศ์ Araceae, ว่านเสน่ห์จันทร์ขาว ก็เรียก."
ว่านเสน่ห์จันทร์แดง 0,น.,"ชื่อไม้ล้มลุกชนิด Homalomena rubescens (Roxb). Kunth ในวงศ์ Araceae เหง้ามีกลิ่นหอมใช้ทำยาได้, ว่านเสน่ห์จันทร์แดง ก็เรียก."
ว่านหอมแดง 0,น.,"ชื่อไม้ล้มลุกมีหัวชนิด Eleutherine bulbosa (Mill.) Urb. ในวงศ์ Iridaceae ใบแบนคล้ายใบหมากแรกเกิด ดอกสีขาวนวล หัวสีแดงเข้ม รสขมเผ็ดซ่า ใช้ทำยาได้, ว่านหอมแดง ก็เรียก."
ว่านหอยแครง 0,น.,"ชื่อไม้ล้มลุกชนิด Tradescantia spathacea Sw. ในวงศ์ Commelinaceae ลำต้นตั้งตรงอวบน้ำ ใบยาว ด้านบนสีเขียวเข้ม ด้านล่างสีม่วงแดง ช่อดอกออกที่ง่ามของลำต้น ซึ่งมีกาบรูปเรือ ๒ อันหุ้มอยู่ ดอกมีจำนวนมาก สีขาว ก้านสั้น ใช้ทำยาได้, กาบหอยแครง หรือ ว่านหอยแครง ก็เรียก."
ว่านหางช้าง 0,น.,"ชื่อไม้ล้มลุกชนิด Iris domestica (L.) Goldblatt et Mabb. ในวงศ์ Iridaceae ใบเป็นแผ่นคล้ายพัดด้ามจิ้วหรือขนปลายหางช้าง, ว่านหางช้าง ก็เรียก, อีสานและพายัพเรียก ว่านมีดยับ."
ว่านอนสอนง่าย 0,ก.,"อยู่ในโอวาท, เชื่อฟังคำสั่งสอนโดยดี."
วาเนเดียม 0,น.,ธาตุลำดับที่ ๒๓ สัญลักษณ์ V เป็นโลหะ ลักษณะเป็นของแข็งสีขาว หลอมละลายที่ ๑๙๐๐ ºซ. ใช้ประโยชน์นำไปผสมกับโลหะอื่นให้เป็นโลหะเจือ.(อ. vanadium).
วาบ 0,ว.,อาการที่รู้สึกร้อน เย็น กลัว ตกใจ เสียวใจ เป็นต้น ขึ้นทันทีแล้วหายไปดับไป เช่น เย็นวาบ ใจหายวาบ เสียววาบ
วาบ 1,ว.,อาการที่ปรากฏขึ้นทันทีแล้วหายไป เช่น ไฟสว่างวาบ.
วาบ 2,ก.,ปรากฏขึ้นทันทีแล้วหายไป เช่น แสงไฟวาบขึ้น ความสำนึกผิดวาบขึ้นในใจ.
วาบหวาม 0,ว.,รู้สึกเสียวซ่านในใจ (มักใช้ในทางชู้สาว) เช่น พอเห็นหน้าคนรักก็รู้สึกวาบหวามใจ.
วาปะ 0,น.,การหว่านพืช.
วาปิตะ 0,ก.,หว่านแล้ว.
วาปี 0,น.,"หนองนํ้า, บึง."
ว่าไปทำไมมี 0,ก.,พูดไปก็เสียเวลาเปล่า ๆ เช่น ว่าไปทำไมมี เมื่อก่อนก็ไม่มีสมบัติอะไรติดตัวอยู่แล้ว
ว่าไปทำไมมี 1,ก.,ใช้เป็นคำขึ้นต้นประโยค หมายความว่า อันที่จริง เช่น ว่าไปทำไมมี เราคนกันเองทั้งนั้น.
วาม 0,ว.,เป็นแสงเรือง ๆ อย่างแสงหิ่งห้อย เช่น น้ำเคี้ยวยูงว่าเงี้ยว ยูงตาม ทรายเหลือบหางยูงงาม ว่าหญ้า ตาทรายยิ่งนิลวาม พรายเพริศ ลิงว่าผลลูกหว้า โดดดิ้นโดยตาม (โลกนิติ).
วาม- 0,ว.,"ซ้าย, ข้างซ้าย."
วาม ๆ 0,ว.,เป็นแสงเรือง ๆ อย่างแสงหิ่งห้อย เช่น น้ำเคี้ยวยูงว่าเงี้ยว ยูงตาม ทรายเหลือบหางยูงงาม ว่าหญ้า ตาทรายยิ่งนิลวาม พรายเพริศ ลิงว่าผลลูกหว้า โดดดิ้นโดยตาม (โลกนิติ).
วามน- 0,น.,"คนเตี้ย, คนค่อม"
วามน- 1,น.,ชื่อช้างประจำทิศใต้.
วามน- 2,ว.,"เตี้ย, สั้น, ค่อม."
วามนาวตาร 0,น.,อวตารปางที่ ๕ ของพระนารายณ์.
วามะ 0,ว.,"ซ้าย, ข้างซ้าย."
วามะ 1,ว.,งาม.
วามาจาร 0,น.,"ชื่อลัทธิตันตระแบบหนึ่ง นับเนื่องในนิกายหนึ่งของศาสนาพราหมณ์ยุคหลัง เป็นแบบซ้ายหรือฝ่ายซ้าย มีพิธีกรรมลี้ลับ อนาจาร, คู่กับ ทักษิณาจาร"
วามาจาร 1,น.,"ชื่อลัทธิพุทธตันตระแบบหนึ่ง ซึ่งมีหลักปฏิบัติทำนองเดียวกับลัทธิตันตระของพราหมณ์, เรียกผู้ปฏิบัติในลัทธินี้ ว่า วามาจาริน."
วาโมร 0,น.,"คนป่า, คนรำ."
ว่าไม่ได้ 0,ว.,"ยังลงความเห็นไม่ได้, ยังไม่แน่นอน, เช่น ว่าไม่ได้เขาอาจจะถูกสลากกินแบ่งรางวัลที่ ๑ ก็ได้."
ว่าไม่ไว้หน้า 0,ก.,ดุด่าว่ากล่าวผู้ใดผู้หนึ่งต่อหน้าให้ได้รับความอับอายโดยไม่เกรงใจ.
ว่าย 0,ก.,เคลื่อนไปโดยอาศัยกำลังแขน ขา ครีบ หรือ หาง แหวกไปในนํ้าหรือในอากาศ.
ว้าย 0,อ.,คำที่เปล่งออกมาแสดงอาการตกใจหรือดีใจเป็นต้น (โดยมากเป็นเสียงผู้หญิง).
วาย 0,ก.,ค่อยสิ้นไปตามคราวหรือกำหนดอายุเวลา เช่น มะม่วงวาย ตลาดวาย หัวใจวาย.
วาย 1,ก.,ตี เช่น วายทรวง.
วายชนม์ 0,ก.,ตาย.
วายชีวิต 0,ก.,ตาย.
ว่ายตา 0,ก.,แลกวาดไปในอากาศ.
ว่ายน้ำหาจระเข้ 0,ก.,เสี่ยงเข้าพบทั้ง ๆ ที่รู้ว่าจะเป็นอันตราย.
วายปราณ 0,ก.,ตาย.
ว่ายฟ้า 0,ก.,เคลื่อนไปในอากาศ เช่น ไก่ฟ้าวานว่ายฟ้า หาวหน หาสมรมายล เถื่อนท้อง (ตะเลงพ่าย).
วายร้าย 0,ว.,"เหลือร้าย, ชั่วช้านัก."
วายวอด 0,ก.,"หมดสิ้นไม่เหลือหลอ, บางทีใช้เข้าคู่กับคำ ฉิบหาย เป็น ฉิบหายวายวอด."
วายวาง 0,ก.,ตาย.
วายสะ 0,น.,กา.
วายสังขาร 0,ก.,ตาย.
ว่ายหล้า 0,ก.,"ท่องเที่ยวไปในแผ่นดิน, เขียนเป็น หว้ายหล้า ก็มี เช่น เปนขุนยศยิ่งฟ้า ฤๅบาปจำหว้ายหล้า หล่มล้มตนเดียว (ลอ)."
วายะ 0,น.,ลม.
ว่ายาก 0,ว.,"ดื้อดึง, ไม่อยู่ในโอวาท, ไม่เชื่อฟังคำสั่งสอน."
ว่ายากสอนยาก 0,ว.,"ดื้อดึง, ไม่อยู่ในโอวาท, ไม่เชื่อฟังคำสั่งสอน."
วายามะ 0,น.,"ความพยายาม, ความหมั่น, ความบากบั่น."
วายุ 0,น.,"ลม, อากาศ, ลมหายใจ"
วายุ 1,น.,เทพแห่งลม. (ดู พายุ).
วายุกูล 0,น.,ไวกูณฐ์.
วายุบุตรยาตรา 0,น.,ชื่อเพลงไทยทำนองหนึ่ง.
วายุภักษ์ 0,น.,ชื่อนกในวรรณคดี แปลว่า นกกินลม.
วาโย 0,น.,ลม.
วาโยธาตุ 0,น.,ธาตุลม เป็นธาตุ ๑ ในธาตุทั้ง ๔ คือ ดิน นํ้า ไฟ ลม.
วาร 0,น.,วันหนึ่ง ๆ ในสัปดาห์ เช่น อาทิตยวาร.
วาร- 0,น.,"ครั้ง, คราว, เช่น พิจารณารวดเดียว ๓ วาระ อยู่ในตำแหน่งวาระละ ๒ ปี, เวลากำหนด เช่น วาระอันเป็นมงคล วาระสุดท้ายของชีวิต."
วารณ- 0,น.,ช้าง.
วารณกร 0,น.,งวงช้าง.
วารวาริ 0,น.,ดอกชบา.
วารสาร 0,น.,หนังสือที่ออกตามกำหนดเวลา พิมพ์เรื่องที่เป็นงานวิจัยหรือบทความทางวิชาการ มีผู้ตรวจรับรองคุณภาพทางวิชาการ เช่น วารสารราชบัณฑิตยสถาน วารสารศิลปากร วารสารกรมการแพทย์.
วารสารศาสตร์ 0,น.,วิชาว่าด้วยการทำหนังสือพิมพ์ นิตยสาร วารสาร และการพิมพ์ประเภทอื่น ๆ.
วาระ 0,น.,"ครั้ง, คราว, เช่น พิจารณารวดเดียว ๓ วาระ อยู่ในตำแหน่งวาระละ ๒ ปี, เวลากำหนด เช่น วาระอันเป็นมงคล วาระสุดท้ายของชีวิต."
วาระจร 0,น.,เรื่องที่มิได้บรรจุไว้ในระเบียบวาระ แต่ได้นำเข้ามาพิจารณาเป็นพิเศษในการประชุมคราวนั้น.
วาริ 0,น.,นํ้า.
วาริจร 0,น.,สัตว์นํ้า.
วาริช 0,น.,เกิดแต่นํ้า คือ บัว ปลา.
วาริท 0,น.,เมฆ.
วาริธร 0,น.,เมฆ.
วาริพินทุ 0,น.,หยาดนํ้า.
วารี 0,น.,นํ้า.
วารีช 0,น.,เกิดแต่นํ้า คือ บัว ปลา.
วารุณ 0,น.,นํ้าดอกไม้.
วารุณี 0,น.,เทวีแห่งเหล้า
วารุณี 1,น.,เหล้า.
วาล 0,น.,หาง
วาล 1,น.,"ขนสัตว์, ขนหางสัตว์. (บางทีเขียน พาล)."
วาล- 0,น.,หาง
วาล- 1,น.,"ขนสัตว์, ขนหางสัตว์. (บางทีเขียน พาล)."
วาลกัมพล 0,น.,ผ้าห่มทำด้วยขนสัตว์.
วาลธิ 0,น.,"หาง, ขนหาง."
วาล์ว 0,น.,"อุปกรณ์ชนิดหนึ่งในเครื่องยนต์ชนิดเผาไหม้ภายใน ทำหน้าที่เป็นลิ้นปิดเปิดเป็นจังหวะ ชุดหนึ่งเรียกว่า ลิ้นไอดี สำหรับให้อากาศหรืออากาศผสมนํ้ามันเชื้อเพลิงเข้าสู่ห้องเผาไหม้ อีกชุดหนึ่งเรียกว่า ลิ้นไอเสีย สำหรับให้แก๊สต่าง ๆ ที่เกิดจากการเผาไหม้ออกจากห้องเผาไหม้ไปสู่ท่อไอเสีย, ลิ้น ก็เรียก."
วาลวีชนี 0,น.,"พัดกับแส้ จัดเป็นเครื่องราชกกุธภัณฑ์สิ่งหนึ่งในเบญจราชกกุธภัณฑ์, วาลวิชนี ก็ว่า."
ว่าลับหลัง 0,ก.,นินทา.
วาลิกา 0,น.,"กรวด, ทราย."
วาลุกา 0,น.,"กรวด, ทราย."
ว่าแล้ว 0,*ก.,เป็นคำที่เปล่งออกมาในลักษณะที่ได้เกิดเหตุการณ์ตรงตามที่ได้ว่าไว้ เช่น ฉันว่าแล้ว ไม่ผิดไปจากที่พูดเลย.
ว่าแล้วว่าอีก 0,ก.,พูดหรือตำหนิติเตียนซ้ำซาก.
วาว 0,ว.,"สุกใส, มีแสงกลอกกลิ้งอยู่ข้างใน, เช่น ในเวลากลางคืนตาแมวดูวาว, เป็นมัน เช่น ผ้าต่วนเป็นมันวาว พื้นเป็นมันวาว, วาบแวบ."
ว่าว 0,น.,เครื่องเล่นอย่างหนึ่ง มีไม้ไผ่เป็นต้นผูกเป็นโครงรูปต่าง ๆ แล้วปิดด้วยกระดาษหรือผ้าบาง ๆ มีสายเชือกหรือป่านผูกกับสายซุงสำหรับชักให้ลอยตามลมสูงขึ้นไปในอากาศ มีหลายชนิด เช่น ว่าวจุฬา ว่าวปักเป้า ว่าวงู.
ว่าว 1,น.,"เรียกลมที่พัดจากทิศเหนือไปทิศใต้ในตอนต้นฤดูหนาว ว่า ลมว่าว, ลมเล่นว่าวเดี๋ยวนี้คือลมตะเภาซึ่งพัดจากทิศใต้ไปทิศเหนือในกลางฤดูร้อน."
ว่าวขาดลอย 0,ก.,"จากไปไม่กลับ, ว่าวขาดลมลอย ก็ว่า เช่น จะจากเจ้าเหมือนดังว่าวขาดลมลอย อย่าหมายคอยเลยว่าเมียจะเป็นตัว (ขุนช้างขุนแผน)."
ว่าวติดลม 0,น.,ว่าวที่ลอยกินลมอยู่ในอากาศ.
ว่าวติดลม 1,ว.,เพลินจนลืมตัว.
วาววับ 0,ว.,มีประกายแวววาว เช่น เสื้อปักดิ้นเดินทองวาววับ.
วาววาม 0,ว.,เป็นแสงวูบวาบ เช่น แสงเพชรวาววาม.
วาวแวว 0,ว.,"มีแสงกลอกกลิ้งอยู่ข้างใน เช่น แหวนเพชรวงนี้มีน้ำวาวแวว, แวววาม หรือ แวววาว ก็ว่า."
วาวแสง 0,ว.,มีแสงวาว.
ว่าวเหลิง 0,น.,ว่าวติดลมส่ายไปมาบังคับไม่อยู่.
ว่าวเหลิง 1,ว.,เพลินจนลืมตัว เช่น กลัวต้องลมแล้วจะหาวเหมือนว่าวเหลิง (อภัย).
ว่าวเหลิงลม 0,น.,ว่าวติดลมส่ายไปมาบังคับไม่อยู่.
ว่าวเหลิงลม 1,ว.,เพลินจนลืมตัว เช่น กลัวต้องลมแล้วจะหาวเหมือนว่าวเหลิง (อภัย).
ว่าวอน 0,ก.,อ้อนวอน เช่น ผ่านม่านสุวรรณซึ่งกั้นกาง เห็นนางบรรทมอยู่ในที่ พี่เลี้ยงโลมไล้ไม่ไยดี มะเดหวีจึงเข้าไปว่าวอน (อิเหนา).
ว้าว่อน 0,ว.,เกลื่อนกล่นอยู่ในอากาศ.
ว้าวุ่น 0,ก.,สับสน เช่น จิตใจว้าวุ่น.
ว่าส่ง ๆ 0,ก.,พูดพล่อย ๆ ไม่มีเหตุผล.
ว่าส่งเดช 0,ก.,พูดพล่อย ๆ ไม่มีเหตุผล.
ว่าส่งไป 0,ก.,พูดลอย ๆ ไม่เจาะจงคู่กรณีหรือผู้ถูกว่า.
วาสนะ 0,น.,"การนุ่งห่ม, เครื่องนุ่งห่ม."
วาสนะ 1,น.,"การอบ, การทำให้หอม"
วาสนะ 2,น.,"เครื่องหอม, นํ้าหอม."
วาสนา 0,น.,"บุญบารมี, กุศลที่ทำให้ได้รับลาภยศ, เช่น เด็กคนนี้มีวาสนาดี เกิดในกองเงินกองทอง, มักใช้เข้าคู่กับคำ บุญ หรือ บารมี เป็น บุญวาสนา หรือ วาสนาบารมี เช่น เป็นบุญวาสนาของเขา เขาเป็นคนมีวาสนาบารมีมาก."
วาสพ 0,น.,พระอินทร์.
วาสะ 0,น.,"การอยู่, การพัก"
วาสะ 1,น.,"ที่อยู่, บ้าน."
วาสะ 2,น.,"ผ้า, เครื่องนุ่งห่ม."
วาสะ 3,น.,การอบ
วาสะ 4,น.,"เครื่องหอม, นํ้าหอม."
ว่าสาดเสียเทเสีย 0,ก.,ว่าอย่างเจ็บแสบทำให้เสียหายอย่างรุนแรง.
วาสิน 0,น.,"ผู้อยู่, ผู้ครอง, มักใช้เป็นส่วนท้ายสมาส เช่น คามวาสี = ผู้อยู่บ้าน อรัญวาสี = ผู้อยู่ป่า."
วาสี 0,น.,"ผู้อยู่, ผู้ครอง, มักใช้เป็นส่วนท้ายสมาส เช่น คามวาสี = ผู้อยู่บ้าน อรัญวาสี = ผู้อยู่ป่า."
วาสี 1,น.,"มีด, พร้า."
วาสุกรี 0,น.,ชื่อพญานาคร้ายตนหนึ่ง
วาสุกรี 1,น.,พญานาค.
วาสุกี 0,น.,ชื่อพญานาคร้ายตนหนึ่ง
วาสุกี 1,น.,พญานาค.
วาสุเทพ 0,น.,ชื่อพระนารายณ์ปางพระกฤษณะ.
วาสุเทพ 1,น.,"ชื่อไม้ต้นขนาดใหญ่ชนิด Phyllocarpus septentrionalisDonn. Sm. ในวงศ์ Leguminosae ดอกสีแดงออกเป็นช่อใหญ่, วาสุเทพ ก็เรียก."
ว่าใส่หน้า 0,ก.,ต่อว่าหรือติเตียนซึ่ง ๆ หน้า.
วาหนะ 0,น.,พาหนะ.
วาหะ 0,น.,"ผู้แบก, ผู้ถือ, ผู้ทรงไว้"
วาหะ 1,น.,ชื่อมาตราตวงอย่างหนึ่ง.
วาหินี 0,น.,"ทัพ, กองทัพ"
วาหินี 1,น.,หมวด
วาหินี 2,น.,"แม่นํ้า, คลอง."
ว้าเหว่ 0,ว.,"รู้สึกอ้างว้าง, เปลี่ยวใจ, เช่น ไปต่างถิ่น พอเย็นลงก็รู้สึกว้าเหว่ คิดถึงบ้าน."
วาฬ- 0,น.,พาฬ.
วาฬ 0,น.,พาฬ.
วาฬ 1,น.,"ชื่อสัตว์เลี้ยงลูกด้วยนมในอันดับ Cetacea อันดับย่อย Odontoceti และ Mysticeti มีหลายชนิดในหลายวงศ์ ขนาดใหญ่มาก หัวมนใหญ่ หางแบนเพื่อช่วยในการพุ้ยน้ำ สามารถพ่นอากาศที่มีไอน้ำออกทางจมูกได้เวลาโผล่ขึ้นมาหายใจ เช่น วาฬสีน้ำเงิน [Balaenoptera musculus (Linn.)] ซึ่งเป็นสัตว์เลี้ยงลูกด้วยนมที่มีขนาดใหญ่ที่สุดในโลก เคยพบในน่านน้ำไทย, วาฬแกลบครีบดำ (B. borealis Lesson) และ วาฬแกลบครีบขาวดำ (B. acutorostrata Lacepède) ในวงศ์ Balaenopteridae, วาฬหัวทุย (Physeter macrocephalus Linn.) ในวงศ์ Physeteridae, ปลาวาฬ ก็เรียก."
วาฬมิค 0,น.,"พาฬมฤค, สัตว์ร้าย."
ว่าอะไรว่าตามกัน 0,ก.,"ปรองดองกัน, ไม่ขัดคอกัน, พูดเต็มว่า ว่าอะไรว่าตามกัน ได้เงินหม้อทองหม้อ หมายความว่า ว่าอะไรว่าตามกัน จะเกิดความเจริญมั่งคั่ง (มักใช้แก่คู่สามีภรรยา)."
ว่าเอาเอง 0,ก.,พูดแต่งเรื่องขึ้นมาเอง.
วิ 0,*ว.,"คำนำหน้าศัพท์ แปลว่า วิเศษ, แจ้ง, ต่าง, เช่น วิสุทธิ วิเทศ."
วิกขัมภ์ 0,น.,เส้นผ่านศูนย์กลาง.
วิกขัมภนะ 0,น.,"การปลดเปลื้อง, การเลิกถอน"
วิกขัมภนะ 1,น.,การข่มไว้.
วิกเขป 0,น.,การเคลื่อนหรือแกว่งไปมา.
วิกจะ 0,ก.,"แย้ม, บาน."
วิกรม 0,ก.,"เก่งกล้า, ก้าวล่วงไปด้วยความกล้าหาญ, มีชัยชนะ."
วิกรัย 0,น.,การขาย.
วิกรานต์ 0,ว.,"กล้าหาญ, มีชัยชนะ, ก้าวหน้า."
วิกฤต 0,ว.,"อยู่ในขั้นล่อแหลมต่ออันตราย เช่น การเมืองอยู่ในขั้นวิกฤติ, มักใช้แก่เวลาหรือเหตุการณ์ เป็น วิกฤติกาล หรือ วิกฤติการณ์, อยู่ในระยะหัวเลี้ยว หัวต่อ เช่น มุมวิกฤติ จุดวิกฤติ."
วิกฤต- 0,ว.,"อยู่ในขั้นล่อแหลมต่ออันตราย เช่น การเมืองอยู่ในขั้นวิกฤติ, มักใช้แก่เวลาหรือเหตุการณ์ เป็น วิกฤติกาล หรือ วิกฤติการณ์, อยู่ในระยะหัวเลี้ยว หัวต่อ เช่น มุมวิกฤติ จุดวิกฤติ."
วิกฤตการณ์ 0,น.,เหตุการณ์อันวิกฤติ เช่น เกิดวิกฤติการณ์ทางการเมือง.
วิกฤตกาล 0,น.,เวลาอันวิกฤติ เช่น ในวิกฤติกาลข้าวของมีราคาแพงและหาซื้อยาก.
วิกฤติ 0,ว.,"อยู่ในขั้นล่อแหลมต่ออันตราย เช่น การเมืองอยู่ในขั้นวิกฤติ, มักใช้แก่เวลาหรือเหตุการณ์ เป็น วิกฤติกาล หรือ วิกฤติการณ์, อยู่ในระยะหัวเลี้ยว หัวต่อ เช่น มุมวิกฤติ จุดวิกฤติ."
วิกฤติ- 0,ว.,"อยู่ในขั้นล่อแหลมต่ออันตราย เช่น การเมืองอยู่ในขั้นวิกฤติ, มักใช้แก่เวลาหรือเหตุการณ์ เป็น วิกฤติกาล หรือ วิกฤติการณ์, อยู่ในระยะหัวเลี้ยว หัวต่อ เช่น มุมวิกฤติ จุดวิกฤติ."
วิกฤติการณ์ 0,น.,เหตุการณ์อันวิกฤติ เช่น เกิดวิกฤติการณ์ทางการเมือง.
วิกฤติกาล 0,น.,เวลาอันวิกฤติ เช่น ในวิกฤติกาลข้าวของมีราคาแพงและหาซื้อยาก.
วิกล 0,ว.,"ไม่ปรกติ, แปลกไป, ไม่สมบูรณ์, อ่อนแอ, เช่น รูปร่างวิกล หน้าตาวิกล, บางทีใช้เข้าคู่กับคำ วิการ เป็น วิกลวิการ เช่น รูปร่างวิกลวิการ."
วิกลจริต 0,ว.,"มีความประพฤติหรือกิริยาผิดปรกติเพราะสติวิปลาส เช่น เขาเป็นคนวิกลจริต ร้องไห้บ้างหัวเราะบ้างโดยไม่มีสาเหตุ, เป็นบ้า."
วิกสิต 0,ก.,"บาน, แย้ม."
วิกัต 0,ว.,วิกฤต.
วิกัติ 0,น.,"ชนิด, อย่าง"
วิกัติ 1,น.,"การประดิษฐ์ทำ, การจัดทำให้เป็นต่าง ๆ กัน."
วิกัติการก 0,น.,"คำที่อธิบายตำแหน่งของบทการกข้างหน้าให้ชัดเจนยิ่งขึ้น เช่น เด็กนักเรียนนอน เขาเดินมากับนายมีคนใช้, คำที่เป็นบทช่วยวิกตรรถกริยาและเรียงไว้หลังวิกตรรถกริยา “เป็น” หรือ “คือ” เช่น เขาเป็นนักกีฬา เขาคือนักกีฬา."
วิกัป 0,น.,การใคร่ครวญอย่างไม่แน่ใจ
วิกัป 1,น.,คำแสดงความหมายให้เลือกเอาอย่างใดอย่างหนึ่ง.
วิกัป 2,ก.,กำหนด
วิกัป 3,ก.,"ให้, ฝาก (ตามพระวินัยบัญญัติ)."
วิกัย 0,น.,การขาย.
วิการ 0,ว.,"พิการ, ที่ผิดแปลกไปจากธรรมชาติ, มักใช้เข้าคู่กับคำ วิกล เป็น วิกลวิการ."
วิการ 1,น.,ความผันแปร.
วิกาล 0,ว.,ในยามค่ำคืนที่ค่อนไปทางดึก เช่น ขโมยเข้าบ้านในยามวิกาล
วิกาล 1,ว.,ผิดเวลา (ใช้แก่การกินอาหารผิดเวลาตามที่พระวินัยกำหนด นับตั้งแต่เที่ยงแล้วไปจนถึงอรุณขึ้น) เช่น กินอาหารในเวลาวิกาล.
วิกาล- 0,ว.,ในยามค่ำคืนที่ค่อนไปทางดึก เช่น ขโมยเข้าบ้านในยามวิกาล
วิกาล- 1,ว.,ผิดเวลา (ใช้แก่การกินอาหารผิดเวลาตามที่พระวินัยกำหนด นับตั้งแต่เที่ยงแล้วไปจนถึงอรุณขึ้น) เช่น กินอาหารในเวลาวิกาล.
วิกาลโภชน์ 0,น.,การกินอาหารในเวลาวิกาล คือ ผิดเวลา ซึ่งว่าตามพระวินัยกำหนดไว้ตั้งแต่เที่ยงแล้วไปจนถึงอรุณขึ้น.
วิคหะ 0,น.,"การทะเลาะ, การโต้เถียง"
วิคหะ 1,น.,"ร่างกาย, รูปร่าง, ตัว"
วิคหะ 2,น.,การแยกออกเป็นส่วน ๆ.
วิเคราะห์ 0,ก.,ใคร่ครวญ เช่น วิเคราะห์เหตุการณ์
วิเคราะห์ 1,ก.,แยกออกเป็นส่วน ๆ เพื่อศึกษาให้ถ่องแท้ เช่น วิเคราะห์ปัญหาต่าง ๆ วิเคราะห์ข่าว.
วิฆนะ 0,น.,"การขัดขวาง, เครื่องขัดขวาง, อุปสรรค, ความขัดข้อง."
วิฆเนศ 0,น.,"ชื่อเทพองค์หนึ่งมีพระเศียรเป็นช้าง ถือว่าถ้าบูชาแล้วป้องกันความขัดข้องที่จะเกิดมีขึ้นได้, คเณศ พิฆเนศ หรือ พิฆเนศวร ก็เรียก."
วิฆเนศวร 0,น.,"ชื่อเทพองค์หนึ่งมีพระเศียรเป็นช้าง ถือว่าถ้าบูชาแล้วป้องกันความขัดข้องที่จะเกิดมีขึ้นได้, คเณศ พิฆเนศ หรือ พิฆเนศวร ก็เรียก."
วิฆาต 0,ก.,พิฆาต.
วิฆาส 0,น.,"เดน, อาหารเหลือ."
วิง 0,ก.,"หมุน, วน"
วิง 1,ก.,รู้สึกหวิวใจ.
วิ่ง 0,ก.,"ยกขางอขึ้นแล้วเหยียดไปแตะพื้นข้างหน้าสลับกันอย่างต่อเนื่อง เพื่อให้ร่างกายเคลื่อนที่ไปโดยเร็ว เช่น คนวิ่งไปวิ่งมา ม้าวิ่งในสนาม, แล่นไปโดยเร็ว เช่น เรือวิ่งข้ามฟาก รถวิ่งไปตามถนน"
วิ่ง 1,ก.,วิ่งเต้น.
วิ่ง 2,น.,การแข่งขันชนิดหนึ่ง ผู้แข่งขันต้องวิ่งให้เร็วที่สุดเพื่อให้ถึงหลักชัยก่อน ตามระยะทางที่กำหนด เช่น วิ่ง ๑๐๐ เมตร วิ่ง ๔๐๐ เมตร.
วิ่งกระโดดข้ามรั้ว 0,น.,การแข่งขันชนิดหนึ่ง ผู้แข่งขันต้องวิ่งเร็วแล้วกระโดดข้ามรั้วที่วางไว้เป็นระยะ ๆ ตามเส้นทางที่กำหนดไว้ ใครถึงหลักชัยก่อนถือว่าชนะ.
วิ่งกระสอบ 0,น.,"การเล่นชนิดหนึ่ง ผู้เล่นแต่ละคนสวมกระสอบวิ่งแข่งกัน ใครวิ่งถึงเส้นชัยก่อนเป็นผู้ชนะ, วิ่งสวมกระสอบ ก็ว่า."
วิ่งเก็บของ 0,ก.,วิ่งเก็บสิ่งของเช่นส้ม มะนาว ที่วางเป็นระยะ ๆ แล้วไปใส่ภาชนะที่วางไว้ที่ตั้งต้น ใครเก็บหมดก่อนเป็นผู้ชนะ.
วิ่งข้ามรั้ว 0,น.,การแข่งขันชนิดหนึ่ง ผู้แข่งขันต้องวิ่งเร็วแล้วกระโดดข้ามรั้วที่วางไว้เป็นระยะ ๆ ตามเส้นทางที่กำหนดไว้ ใครถึงหลักชัยก่อนถือว่าชนะ.
วิ่งควาย 0,ก.,ให้ควายวิ่งแข่งกันโดยมีคนขี่บนหลัง.
วิ่งงัว 0,ก.,"ให้คน ๒ คนวิ่งแข่งกัน, วิ่งวัว ก็ว่า."
วิ่งเต้น 0,ก.,พยายามติดต่ออย่างเต็มที่เพื่อขอความสนับสนุนช่วยเหลือในกิจที่ต้องประสงค์ เช่น วิ่งเต้นฝากงาน.
วิ่งทน 0,ก.,"วิ่งแข่งระยะทางไกล กำหนดระยะทางตามมาตรฐานการแข่งขันโอลิมปิก คือ ๒๖ ไมล์ ๓๘๕ หลา หรือ ๔๑.๘ กิโลเมตร, วิ่งมาราธอน ก็ว่า."
วิ่งเปี้ยว 0,น.,การเล่นวิ่งแข่งโดยแบ่งผู้เล่นออกเป็น ๒ ฝ่าย แต่ละฝ่ายส่งคนวิ่งอ้อมหลักของฝ่ายตรงข้ามทีละคน โดยวิธีรับช่วงไม้หรือผ้าต่อ ๆ กันไป ฝ่ายที่วิ่งเร็วกว่า ใช้ไม้หรือผ้าที่ถืออยู่ตีฝ่ายตรงข้ามได้ เป็นฝ่ายชนะ.
วิ่งผลัด 0,น.,การแข่งขันชนิดหนึ่ง แบ่งออกเป็นชุด ๆ ชุดละ ๔ คน แต่ละชุดจัดคนยืนอยู่ในลู่ของตนตามจุดต่าง ๆ ที่กำหนด คนแรกจะเริ่มวิ่งจากต้นทาง แล้วส่งไม้ให้คนที่ ๒ คนที่ ๒ วิ่งไปส่งให้คนที่ ๓ และคนที่ ๓ วิ่งไปส่งให้คนที่ ๔ ตามลำดับ คนที่ ๔ ของชุดใดวิ่งถึงหลักชัยก่อนเป็นผู้ชนะ.
วิ่งม้า 0,ก.,ให้ม้าวิ่งแข่งพนันกัน.
วิ่งมาราธอน 0,ก.,"วิ่งแข่งระยะทางไกล กำหนดระยะทางตามมาตรฐานการแข่งขันโอลิมปิก คือ ๒๖ ไมล์ ๓๘๕ หลา หรือ ๔๑.๘ กิโลเมตร, วิ่งทน ก็ว่า."
วิ่งรอก 0,ก.,อาการที่คนชักว่าววิ่งช่วยกันฉุดสายป่านโดยเอารอกทับเชือกเพื่อให้ว่าวจุฬาพาว่าวปักเป้าเข้ามาในแดนตน หรือเอารอกทาบเชือกเพื่อให้ว่าวปักเป้าทำให้ว่าวจุฬาเสียเปรียบ แล้วรอกให้ว่าวจุฬาตก
วิ่งรอก 1,ก.,"โดยปริยายหมายถึงอาการที่นักร้องหรือนักแสดงเป็นต้นไปแสดงตามที่ต่าง ๆ หลายแห่งในวันเดียวกันหรือคืนเดียวกันให้ทันกำหนดเวลา, อาการที่รถรับจ้างวิ่งรถเปล่าตระเวนหาผู้โดยสาร, เรียกว่า วิ่งรอก หรือ วิ่งกะรอก."
วิ่งระแบง 0,ก.,วิ่งเล่น.
วิ่งราว 0,ก.,แย่งเอาสิ่งของแล้ววิ่งหนีไป เช่น วิ่งราวกระเป๋าถือ.
วิ่งราวทรัพย์ 0,น.,เป็นฐานความผิดอาญาที่ผู้กระทำลักทรัพย์โดยฉกฉวยเอาซึ่งหน้า.
วิงวอน 0,ก.,"เฝ้าร้องขอ, รํ่าขอ, ขอด้วยอาการออด, เฝ้าร้องขอให้ทำตามประสงค์, เช่น วิงวอนขอชีวิต."
วิ่งวัว 0,ก.,"ให้คน ๒ คนวิ่งแข่งกัน, วิ่งงัว ก็ว่า."
วิ่งว่าว 0,ก.,ชักว่าวขึ้นแล้วพาสายว่าววิ่งไปเพื่อให้ว่าวติดลมสูงขึ้น (ใช้แก่ว่าวตัวเล็ก ๆ).
วิ่งวิบาก 0,น.,"การแข่งขันชนิดหนึ่ง มี ๒ ประเภท ประเภทหนึ่งระยะทาง ๓,๐๐๐ เมตร ผู้แข่งขันต้องวิ่งกระโดดข้ามรั้ว ๒๘ รั้ว กระโดดข้ามบ่อน้ำหรือลุยน้ำในบ่อ ๗ บ่อ ใครถึงเส้นชัยก่อนเป็นผู้ชนะ อีกประเภทหนึ่งระยะทาง ๒,๐๐๐ เมตร ใช้สำหรับการแข่งขันประเภทเยาวชน ผู้แข่งขันต้องวิ่งกระโดดข้ามรั้ว ๑๘ รั้ว กระโดดข้ามบ่อน้ำหรือลุยน้ำในบ่อ ๕ บ่อ ใครถึงเส้นชัยก่อนเป็นผู้ชนะ."
วิงเวียน 0,ก.,รู้สึกเวียนหัวดูอะไรหมุนไปหมด มักมีอาการคลื่นไส้ด้วย เช่น ทำงานเหนื่อยเกินไปจนรู้สึกวิงเวียนจะเป็นลม.
วิ่งสวมกระสอบ 0,น.,"การเล่นชนิดหนึ่ง ผู้เล่นแต่ละคนสวมกระสอบวิ่งแข่งกัน ใครวิ่งถึงเส้นชัยก่อนเป็นผู้ชนะ, วิ่งกระสอบ ก็ว่า."
วิ่งสามขา 0,น.,การเล่นชนิดหนึ่ง ผู้เล่นแบ่งเป็นคู่ ๆ โดยผูกขาขวาของคนหนึ่งเข้ากับขาซ้ายของอีกคนหนึ่ง แล้ววิ่งแข่งกับคู่อื่น ๆ.
วิจฉิกะ 0,น.,"แมงป่อง, มักใช้ว่า พฤศจิก."
วิจยุต 0,ก.,"ตกไปแล้ว, หลุดไปแล้ว."
วิจรณะ 0,ก.,เที่ยวไป.
วิจล 0,ว.,"อาการที่เคลื่อนไปมา, อาการที่หวั่นไหว, อาการที่ส่ายไปมา"
วิจล 1,ว.,"วุ่นวาย, วุ่นใจ, เช่น ในสุรสถานดำหนักพน อย่ารู้วิจลสักอันเลย (ม. คำหลวง จุลพน)."
วิจักขณ์ 0,ว.,"ที่รู้แจ้ง, ที่เห็นแจ้ง, ฉลาด, มีสติปัญญา, เชี่ยวชาญ, ชำนาญ."
วิจักษ์ 0,น.,"ความเข้าใจและตระหนักในคุณค่าของศิลปกรรมและวรรณกรรม, ความนิยม, ความซาบซึ้ง, เช่น วรรณคดีวิจักษ์."
วิจักษณ์ 0,ว.,"ที่รู้แจ้ง, ที่เห็นแจ้ง, ฉลาด, มีสติปัญญา, เชี่ยวชาญ, ชำนาญ."
วิจัย 0,น.,"การสะสม, การรวบรวม."
วิจัย 1,น.,การค้นคว้าเพื่อหาข้อมูลอย่างถี่ถ้วนตามหลักวิชา เช่น วิจัยเรื่องปัญหาการจราจรในกรุงเทพมหานคร.
วิจัย 2,ก.,ค้นคว้าเพื่อหาข้อมูลอย่างถี่ถ้วนตามหลักวิชา เช่น เขากำลังวิจัยเรื่องมลพิษทางอากาศอยู่.
วิจัย 3,ว.,ที่ค้นคว้าเพื่อหาข้อมูลอย่างถี่ถ้วนตามหลักวิชา เช่น งานวิจัย.
วิจาร 0,ก.,"ให้คำตัดสินสิ่งที่เป็นศิลปกรรมหรือวรรณกรรมเป็นต้น โดยผู้มีความรู้ควรเชื่อถือได้ ว่ามีค่าความงามความไพเราะดีอย่างไร หรือมีข้อขาดตกบกพร่องอย่างไรบ้าง เช่น เขาวิจารณ์ว่า หนังสือเล่มนี้แสดงปัญหาสังคมในปัจจุบันได้ดีมากสมควรได้รับรางวัล, ติชม, มักใช้เต็มคำว่า วิพากษ์วิจารณ์ เช่น คนดูหนังวิพากษ์วิจารณ์ว่า หนังเรื่องนี้ดำเนินเรื่องช้าทำให้คนดูเบื่อ."
วิจารณ์ 0,ก.,"ให้คำตัดสินสิ่งที่เป็นศิลปกรรมหรือวรรณกรรมเป็นต้น โดยผู้มีความรู้ควรเชื่อถือได้ ว่ามีค่าความงามความไพเราะดีอย่างไร หรือมีข้อขาดตกบกพร่องอย่างไรบ้าง เช่น เขาวิจารณ์ว่า หนังสือเล่มนี้แสดงปัญหาสังคมในปัจจุบันได้ดีมากสมควรได้รับรางวัล, ติชม, มักใช้เต็มคำว่า วิพากษ์วิจารณ์ เช่น คนดูหนังวิพากษ์วิจารณ์ว่า หนังเรื่องนี้ดำเนินเรื่องช้าทำให้คนดูเบื่อ."
วิจารณ- 0,ก.,"ให้คำตัดสินสิ่งที่เป็นศิลปกรรมหรือวรรณกรรมเป็นต้น โดยผู้มีความรู้ควรเชื่อถือได้ ว่ามีค่าความงามความไพเราะดีอย่างไร หรือมีข้อขาดตกบกพร่องอย่างไรบ้าง เช่น เขาวิจารณ์ว่า หนังสือเล่มนี้แสดงปัญหาสังคมในปัจจุบันได้ดีมากสมควรได้รับรางวัล, ติชม, มักใช้เต็มคำว่า วิพากษ์วิจารณ์ เช่น คนดูหนังวิพากษ์วิจารณ์ว่า หนังเรื่องนี้ดำเนินเรื่องช้าทำให้คนดูเบื่อ."
วิจารณญาณ 0,น.,ปัญญาที่สามารถรู้หรือให้เหตุผลที่ถูกต้องได้.
วิจิ 0,น.,"วีจิ, คลื่น, ลูกคลื่น."
วิจิกิจฉา 0,น.,"ความสงสัย, ความเคลือบแคลง, ความลังเล, ความไม่แน่ใจ."
วิจิต 0,ก.,รวบรวม. (ส.)
วิจิต 1,ก.,"สังเกต, เห็นแจ้ง, รู้แจ้ง."
วิจิตร 0,ว.,งามประณีต.
วิจิตรตระการตา 0,ว.,งามน่าตื่นตา เช่น ขบวนแห่รถบุปผชาติประดับประดาได้วิจิตรตระการตา.
วิจิตรบรรจง 0,ว.,ลักษณะที่ตั้งอกตั้งใจทำอย่างประณีตงดงาม เช่น กวีนิพนธ์บทนี้แต่งอย่างวิจิตรบรรจง.
วิจิตรพิศวง 0,ว.,"งามอย่างน่าอัศจรรย์ใจ, งามอย่างน่าพิศวง, เช่น งาช้างแกะสลักเป็นรูปดอกไม้ซ้อนกันหลายชั้นมีพระพุทธรูปอยู่ข้างในดูวิจิตรพิศวง."
วิจิตรพิสดาร 0,ว.,ลักษณะที่ประดิษฐ์หรือตกแต่งจนบางทีเกินงาม เช่น ปราสาทจำลองในสวนสนุกตกแต่งอย่างวิจิตรพิสดาร.
วิจิตรรจนา 0,ว.,งามอย่างประณีตละเอียดซับซ้อน เช่น มาลัยพวงนี้เขาตั้งใจร้อยอย่างวิจิตรรจนา.
วิจิตรศิลป์ 0,น.,ศิลปะที่มุ่งแสดงในด้านคุณภาพของความงามมากกว่าประโยชน์ใช้สอย.
วิจิน 0,ก.,"เที่ยวหา, สืบเสาะ, ตรวจ"
วิจิน 1,ก.,"เก็บ, คัดเลือก."
วิจุณ 0,ว.,"ป่น, แหลกละเอียด, มักใช้ประกอบท้ายคำ จุณ หรือ จุรณ เป็น จุณวิจุณ หรือ จุรณวิจุณ, เขียนเป็น วิจุรณ ก็มี."
วิจุรณ 0,ว.,"ป่น, แหลกละเอียด, มักใช้ประกอบท้ายคำ จุรณ เป็น จุรณวิจุรณ, เขียนเป็น วิจุณ ก็มี."
วิชชา 0,น.,"ความรู้แจ้ง เช่น วิชชา ๓ วิชชา ๘ ในพระพุทธศาสนา, วิชชา ๓ คือ ๑. บุพเพนิวาสานุสติญาณ (รู้จักระลึกชาติได้) ๒. จุตูปปาตญาณ (รู้จักกำหนดจุติและเกิด) ๓. อาสวักขยญาณ (รู้จักทำอาสวะให้สิ้น), ส่วนวิชชา ๘ คือ ๑. วิปัสสนาญาณ (ญาณอันนับเข้าในวิปัสสนา) ๒. มโนมยิทธิ (ฤทธิ์ทางใจ) ๓. อิทธิวิธิ (แสดงฤทธิ์ได้) ๔. ทิพโสต (หูทิพย์) ๕. เจโตปริยญาณ (รู้จักกำหนดใจผู้อื่น) ๖. บุพเพนิวาสานุสติญาณ ๗. ทิพจักขุ (ตาทิพย์) ๘. อาสวักขยญาณ."
วิชชุ 0,น.,"แสงไฟฟ้า, สายฟ้า."
วิชชุดา 0,น.,"แสงไฟฟ้า, สายฟ้า."
วิชชุตา 0,น.,"แสงไฟฟ้า, สายฟ้า."
วิชชุลดา 0,น.,"สายหรือประกายไฟฟ้า, สายฟ้าแลบ. (ป. วิชฺชุลฺลตา"
วิชชุลดา 1,ส.,วิทฺยุลฺลตา)
วิชชุลดา 2,ส.,"ชื่อกาพย์ประเภทหนึ่ง, คู่กับ มหาวิชชุลดา."
วิชญะ 0,น.,"ผู้รู้, ผู้ฉลาด, ปราชญ์."
วิชน 0,ว.,"ปราศจากคน, ร้าง."
วิชนี 0,น.,วีชนี.
วิชย- 0,น.,"ความชนะ, ชัยชนะ."
วิชัย 0,น.,"ความชนะ, ชัยชนะ."
วิชา 0,น.,"ความรู้, ความรู้ที่ได้ด้วยการเล่าเรียนหรือฝึกฝน, เช่น วิชาภาษาไทย วิชาช่าง วิชาการฝีมือ."
วิชาการ 0,น.,วิชาความรู้สาขาใดสาขาหนึ่งหรือหลายสาขา เช่น บทความวิชาการ สัมมนาวิชาการ การประชุมวิชาการ.
วิชาแกน 0,น.,รายวิชาที่อยู่ในหลักสูตรร่วมกันของหลายคณะหรือหลายสาขาของปริญญาเดียวกัน ที่ผู้เรียนในคณะหรือสาขาเหล่านั้นจะต้องเรียน.
วิชาชีพ 0,น.,วิชาที่จะนำไปใช้ในการประกอบอาชีพ เช่น วิชาแพทย์ วิชาช่างไม้ วิชาช่างยนต์.
วิชาโท 0,น.,รายวิชาที่ผู้เรียนเลือกเรียนให้ลึกซึ้งรองลงมาจากวิชาเอก.
วิชาธร 0,น.,พิทยาธร.
วิชานนะ 0,น.,"ความรู้, ความเข้าใจ."
วิชาบังคับ 0,น.,รายวิชาที่กำหนดให้ผู้เรียนทุกคนในหลักสูตรนั้นจะต้องเรียน.
วิชาบังคับพื้นฐาน 0,น.,รายวิชาพื้นฐานที่บังคับให้เรียนในหลักสูตร.
วิชาบังคับเลือก 0,น.,รายวิชาเลือกที่ทางภาควิชาบังคับให้เรียนในหลักสูตร.
วิชาพื้นฐาน 0,น.,รายวิชาที่ถือว่าเป็นพื้นฐานของวิชาในระดับที่สูง ๆ ขึ้นไป.
วิชาเลือก 0,น.,รายวิชาที่กำหนดให้ผู้เรียนเลือกเรียนได้.
วิชาเลือกบังคับ 0,น.,รายวิชาเลือกที่อาจารย์ที่ปรึกษาบังคับให้เรียนเป็นรายบุคคล.
วิชาเลือกเสรี 0,น.,รายวิชาที่เลือกเรียนได้อย่างเสรี โดยผู้เรียนไม่ต้องถามอาจารย์ที่ปรึกษาก่อน.
วิชาอาคม 0,น.,"เวทมนตร์, คาถาอาคม, เช่น อาจารย์ถ่ายทอดวิชาอาคมให้ศิษย์, วิทยาคม ก็ว่า."
วิชาเอก 0,น.,รายวิชาที่ผู้เรียนเลือกเรียนให้ลึกซึ้งเป็นวิชาหลัก ตามหลักสูตรปริญญาหรืออนุปริญญา.
วิชิต 0,น.,เขตแดนที่ปราบปรามแล้ว.
วิชิต 1,ว.,"ปราบให้แพ้, ชนะแล้ว."
วิเชียร 0,น.,"วชิระ, สายฟ้า"
วิเชียร 1,น.,เพชร
วิเชียร 2,น.,อาวุธพระอินทร์.
วิญญัตติ 0,น.,"การขอร้อง, การบอกกล่าว, การชี้แจง, รายงาน."
วิญญาณ 0,น.,สิ่งที่เชื่อกันว่ามีอยู่ในกายเมื่อมีชีวิต เมื่อตายจะออกจากกายล่องลอยไปหาที่เกิดใหม่
วิญญาณ 1,น.,ความรับรู้ เช่น จักษุวิญญาณ คือ ความรับรู้ทางตา โสตวิญญาณ คือ ความรับรู้ทางหู เป็นขันธ์ ๑ ในขันธ์ ๕ คือ รูป เวทนา สัญญา สังขาร วิญญาณ
วิญญาณ 2,น.,โดยปริยายหมายถึงจิตใจ เช่น มีวิญญาณนักสู้ มีวิญญาณศิลปิน.
วิญญาณกทรัพย์ 0,น.,"สิ่งที่มีวิญญาณหรือชีวิตซึ่งนับเป็นทรัพย์ เช่น ทาส ช้าง ม้า วัว ควาย, สวิญญาณกทรัพย์ ก็ว่า."
วิญญู 0,น.,"ผู้รู้แจ้ง, นักปราชญ์."
วิญญูชน 0,น.,บุคคลซึ่งรู้ผิดรู้ชอบตามปรกติ.
วิญญูภาพ 0,น.,ความเป็นผู้รู้ผิดรู้ชอบตามปรกติ.
วิฑูรย์ 0,น.,ไพฑูรย์.
วิณหุ 0,น.,วิษณุ.
วิด 0,ก.,"อาการที่ทำให้นํ้าพร่องหรือหมดไปด้วยวิธีวัก สาด หรือด้วยเครื่องวิดมีระหัดเป็นต้น เช่น วิดน้ำออกจากเรือ วิดน้ำออกจากบ้าน, ถ้าใช้วิธีอย่างเดียวกันนั้นถ่ายเทนํ้าจากที่หนึ่งเข้าสู่อีกที่หนึ่ง ใช้ว่า วิดเข้า เช่น วิดนํ้าเข้านา."
วิดพื้น 0,น.,"ท่ากายบริหารอย่างหนึ่งมี ๒ แบบ แบบหนึ่งเริ่มด้วยท่านอนทอดตัวลงเกือบถึงพื้น มือและปลายเท้าทั้ง ๒ ข้างยันพื้นไว้ งอแขนให้ศอกแนบลำตัว หน้าเงย แล้วเหยียดแขนพร้อมกับยกตัวขึ้น แล้วงอแขนพร้อมทั้งลดตัวลงกลับไปอยู่ในท่าเดิม อีกแบบหนึ่งเริ่มด้วยท่านอน มือและปลายเท้าทั้ง ๒ ข้างยันพื้นไว้ แขนเหยียดตรง หน้าเงย แล้วงอแขนให้ศอกแนบลำตัวพร้อมกับทอดตัวลงเกือบถึงพื้น แล้วเหยียดแขนพร้อมทั้งยกตัวขึ้นกลับไปอยู่ในท่าเดิม, เรียกเป็นทางการว่า ยุบข้อ."
วิดัสดี 0,น.,"วิทัตถิ, คืบหนึ่ง."
วิตก 0,ก.,"เป็นทุกข์, ร้อนใจ, กังวล, เช่น วิตกว่าจะเกิดสงคราม, มักใช้เข้าคู่กับคำกังวล เป็น วิตกกังวล เช่น อย่าวิตกกังวลไปนักเลยพรุ่งนี้สถานการณ์คงจะดีขึ้น."
วิตก 1,น.,"ความตรึก, ความตริ, ความคิด."
วิตก- 0,ก.,"เป็นทุกข์, ร้อนใจ, กังวล, เช่น วิตกว่าจะเกิดสงคราม, มักใช้เข้าคู่กับคำกังวล เป็น วิตกกังวล เช่น อย่าวิตกกังวลไปนักเลยพรุ่งนี้สถานการณ์คงจะดีขึ้น."
วิตก- 1,น.,"ความตรึก, ความตริ, ความคิด."
วิตกจริต 0,น.,"ความเป็นทุกข์กังวล เช่น เขาเกิดวิตกจริตว่าจะตื่นไม่ทันไปสอบ, ความประพฤติที่มีพื้นนิสัยหนักไปในทางคิดฟุ้งซ่าน, เป็นจริต ๑ ในจริต ๖. (ดู จริต)."
วิตถาร 0,ว.,"กว้างขวาง, มากเกินไป, พิสดาร. (ป.; ส. วิสฺตาร)"
วิตถาร 1,ว.,"นอกแบบ, นอกทาง, (เกินวิสัยปรกติ) เช่น พวกเด็ก ๆ ชอบเล่นวิตถาร เอาน้ำสกปรกผสมแป้งสาดเข้าไปในรถประจำทางในวันสงกรานต์."
วิตามิน 0,น.,"กลุ่มสารอินทรีย์ซึ่งเป็นสารอาหารจำเป็นที่ร่างกายต้องการแต่เพียงจำนวนน้อย ๆ และจะขาดไม่ได้ หากขาดจะทำให้อวัยวะในร่างกายทำงานผิดปรกติและเกิดโรคได้ สารกลุ่มนี้มีส่วนช่วยในการเจริญเติบโตของร่างกาย บำรุงผิวพรรณ เหงือก ผม ตา และช่วยต้านทานโรค แบ่งเป็น ๒ พวกใหญ่ คือ พวกที่ละลายได้ในไขมัน เช่น วิตามินเอ วิตามินดี และพวกที่ละลายได้ในน้ำ เช่น วิตามินบี วิตามินซี, ใช้ว่า วิตะมิน หรือ ไวตามิน ก็มี."
วิถี 0,น.,"สาย, แนว, ถนน, ทาง, มักใช้ประกอบกับคำอื่น เช่น วิถีทาง วิถีชีวิต บาทวิถี."
วิถีกระสุน 0,น.,"ทางแห่งกระสุน, กระสุนวิถี ก็ว่า."
วิถีชีวิต 0,น.,ทางดำเนินชีวิต เช่น วิถีชีวิตชาวบ้าน.
วิถีทาง 0,น.,ทาง เช่น ต้องใช้ความพยายามทุกวิถีทางกว่าจะประสบความสำเร็จ.
วิทธะ 0,ว.,"เจาะ, แทง, ฉีกขาด, เป็นแผล, เป็นรู, แตก."
วิทย- 0,น.,วิทยา.
วิทยฐานะ 0,น.,ฐานะในด้านความรู้ เช่น สอบเทียบวิทยฐานะ มีวิทยฐานะในระดับปริญญาตรี.
วิทยา 0,น.,"ความรู้, มักใช้ประกอบกับคำอื่น เช่น วิทยากร วิทยาคาร จิตวิทยา สังคมวิทยา."
วิทยากร 0,น.,ผู้ทรงความรู้ความสามารถในศิลปวิทยาแขนงต่าง ๆ เช่น วิทยากรในการสัมมนาเรื่องเศรษฐกิจ.
วิทยากล 0,น.,การแสดงที่อาศัยกลวิธีและความไวทำให้ผู้ชมสนเท่ห์.
วิทยาการ 0,น.,"ความรู้แขนงต่าง ๆ เช่น ปัจจุบันวิทยาการต่าง ๆ ก้าวหน้าไปมาก, บางทีใช้ว่า ศิลปวิทยาการ."
วิทยาเขต 0,น.,ส่วนหนึ่งของมหาวิทยาลัย แต่ตั้งอยู่ในบริเวณอื่น มีคณาจารย์ อาคาร สถานที่ ตลอดจนอุปกรณ์ต่าง ๆ ของตนเอง เกี่ยวพันกับมหาวิทยาลัยโดยมีอธิการบดีคนเดียวกัน และสภามหาวิทยาลัยชุดเดียวกัน.
วิทยาคม 0,น.,"เวทมนตร์, คาถาอาคม, เช่น อาจารย์ถ่ายทอดวิทยาคมให้ศิษย์, วิชาอาคม ก็ว่า."
วิทยาคาร 0,น.,สถานที่ให้ความรู้.
วิทยาทาน 0,น.,การให้ความรู้ เช่น ให้ความรู้เป็นวิทยาทาน จัดพิมพ์หนังสือแจกเป็นวิทยาทาน.
วิทยาธร 0,น.,พิทยาธร.
วิทยานิพนธ์ 0,น.,บทนิพนธ์ที่ผู้เรียบเรียงยกเอาหัวข้อเรื่องใดเรื่องหนึ่งขึ้นวิจัยหรือพรรณนาขยายความ โดยนับเป็นส่วนหนึ่งของการศึกษาเพื่อเสนอรับปริญญา.
วิทยาลัย 0,น.,สถานศึกษาในระดับสูง สอนวิชาชีพเฉพาะอย่าง เช่น วิทยาลัยเทคนิค.
วิทยาศาสตร์ 0,น.,"ความรู้ที่ได้โดยการสังเกตและค้นคว้าจากปรากฏการณ์ธรรมชาติแล้วจัดเข้าเป็นระเบียบ, วิชาที่ค้นคว้าได้หลักฐานและเหตุผลแล้วจัดเข้าเป็นระเบียบ."
วิทยาศาสตร์ เทคโนโลยีและสิ่งแวดล้อม 0,น.,ชื่อกระทรวงที่มีอำนาจหน้าที่เกี่ยวกับการวิทยาศาสตร์ เทคโนโลยี การพลังงาน การควบคุมรักษาสภาพสิ่งแวดล้อม และการวิจัย.
วิทยาศาสตร์กายภาพ 0,น.,วิทยาศาสตร์ที่ว่าด้วยเรื่องราวต่าง ๆ ของสิ่งไม่มีชีวิต เช่น เคมี ฟิสิกส์ คณิตศาสตร์ ดาราศาสตร์.
วิทยาศาสตร์ชีวภาพ 0,น.,วิทยาศาสตร์ที่ว่าด้วยเรื่องราวต่าง ๆ ของสิ่งมีชีวิต เช่น สัตววิทยา พฤกษศาสตร์.
วิทยาศาสตร์ประยุกต์ 0,น.,วิทยาศาสตร์ที่ว่าด้วยเรื่องราวต่าง ๆ ที่มุ่งประโยชน์ในทางปฏิบัติยิ่งกว่าทางทฤษฎี เช่น แพทยศาสตร์ วิศวกรรมศาสตร์ เกษตรศาสตร์.
วิทยุ 0,น.,"กระแสคลื่นแม่เหล็กไฟฟ้าชนิดที่เคลื่อนไปตามอากาศโดยไม่ต้องใช้สาย และอาจเปลี่ยนเป็นเสียงหรือรูปได้, เรียกเครื่องที่มีหน้าที่เปลี่ยนคลื่นเสียงให้เป็นคลื่นแม่เหล็กไฟฟ้าออกสู่อากาศ ว่า เครื่องส่งวิทยุ, เรียกเครื่องที่มีหน้าที่เปลี่ยนคลื่นแม่เหล็กไฟฟ้าที่รับได้จากเครื่องส่งวิทยุให้กลับเป็นคลื่นเสียงตามเดิม ว่า เครื่องรับวิทยุ."
วิทยุกระจายเสียง 0,น.,การแพร่สัญญาณเสียงออกอากาศโดยใช้คลื่นวิทยุ.
วิทยุคมนาคม 0,น.,การส่งหรือการรับเครื่องหมายสัญญาณ ตัวหนังสือ ภาพ และเสียงหรือการอื่นใดซึ่งสามารถให้เข้าใจความหมายได้โดยใช้คลื่นวิทยุ.
วิทยุเคลื่อนที่ 0,น.,วิทยุคมนาคมระหว่างสถานีวิทยุคมนาคมแบบเคลื่อนที่ได้กับสถานีวิทยุคมนาคมแบบประจำที่ หรือระหว่างสถานีวิทยุคมนาคมแบบเคลื่อนที่ได้ด้วยกันเอง.
วิทยุเฉพาะกิจ 0,น.,การติดต่อสื่อสารด้วยเครื่องรับส่งวิทยุที่ใช้ในกิจการอย่างใดอย่างหนึ่งโดยเฉพาะและไม่เปิดให้ประชาชนทั่วไปสามารถใช้ได้เป็นการสาธารณะ.
วิทยุต 0,น.,"ฟ้าแลบ, ไฟฟ้า."
วิทยุติดตามตัว 0,น.,การกระตุ้นเตือนผู้พกพาเครื่องรับวิทยุที่ใช้ติดตัวโดยทางคลื่นวิทยุ ซึ่งกระทำผ่านข่ายโทรศัพท์สาธารณะ การกระตุ้นเตือนอาจประกอบด้วยเสียงพูดหรือรหัสที่มองเห็นได้ ซึ่งส่งมาจากผู้กระตุ้นเตือนหรือจากข่ายโทรศัพท์สาธารณะ.
วิทยุเทเลกซ์ 0,น.,การรับส่งโทรพิมพ์ผ่านชุมสายโดยใช้คลื่นวิทยุ.
วิทยุโทรทัศน์ 0,น.,การแพร่สัญญาณโทรทัศน์ออกอากาศโดยใช้คลื่นวิทยุ.
วิทยุโทรพิมพ์ 0,น.,การรับส่งโทรพิมพ์โดยใช้คลื่นวิทยุ.
วิทยุโทรภาพ 0,น.,การรับส่งโทรภาพโดยใช้คลื่นวิทยุ.
วิทยุโทรเลข 0,น.,การรับส่งโทรเลขโดยใช้คลื่นวิทยุ.
วิทยุโทรศัพท์ 0,น.,การเรียกติดต่อโทรศัพท์โดยใช้คลื่นวิทยุ.
วิทยุประจำที่ 0,น.,วิทยุคมนาคมระหว่าง ๒ จุดที่กำหนดซึ่งอยู่ประจำที่.
วิทยุมือถือ 0,น.,การติดต่อสื่อสารด้วยเครื่องรับส่งวิทยุซึ่งมีน้ำหนักเบา สามารถใช้มือถือในขณะใช้งานได้.
วิทยุเรือ 0,น.,วิทยุคมนาคมระหว่างสถานีวิทยุคมนาคมชายฝั่งกับสถานีวิทยุคมนาคมที่ตั้งอยู่บนเรือ หรือระหว่างสถานีวิทยุคมนาคมที่ตั้งอยู่บนเรือด้วยกันเอง.
วิทยุสนาม 0,น.,การติดต่อสื่อสารด้วยเครื่องรับส่งวิทยุที่ใช้ในงานสนามหรือในราชการทหาร.
วิทยุสมัครเล่น 0,น.,วิทยุคมนาคมที่มีวัตถุประสงค์เพื่อให้นักวิทยุสมัครเล่นที่ได้รับอนุญาตตามกฎหมายศึกษาหาความรู้ให้ตนเองโดยไม่มีวัตถุประสงค์ในทางพาณิชย์.
วิทยุสาธารณะ 0,น.,การติดต่อสื่อสารด้วยเครื่องรับส่งวิทยุที่จัดให้ประชาชนโดยทั่วไปใช้บริการได้เป็นการสาธารณะ.
วิทรุมะ 0,น.,แก้วประพาฬสีแดง.
วิทวัส 0,น.,"ผู้รู้, นักปราชญ์, ผู้มีปัญญา."
วิทัตถิ 0,น.,ชื่อมาตราวัด คือ คืบหนึ่ง.
วิทัศน์ 0,น.,"การมองการณ์ไกล, วิสัยทัศน์."
วิทารณ์ 0,น.,"การผ่า, การตัด."
วิทาลน์ 0,น.,"การเปิด, การระเบิด"
วิทาลน์ 1,น.,"การผ่า, การฉีก."
วิทิต 0,น.,"ผู้คงแก่เรียน, ผู้รู้."
วิทู 0,น.,"ผู้ฉลาด, ผู้รอบรู้, ผู้มีปัญญา, ผู้ชำนาญ."
วิทูร 0,ว.,"ฉลาด, คงแก่เรียน, มีปัญญา, ชำนาญ."
วิทูร 1,ว.,"ไกล, ห่าง, พ้นออกไป."
วิเทวษ 0,น.,"ความเป็นข้าศึก, ความเกลียด, ความปองร้าย."
วิเทศ 0,น.,ต่างประเทศ.
วิเทศสัมพันธ์ 0,น.,ความสัมพันธ์กับต่างประเทศ.
วิเทโศบาย 0,น.,นโยบายการต่างประเทศ.
วิเทโศบาย 1,น.,ต่างประเทศ.
วิธ 0,น.,"อย่าง, ชนิด."
วิธวา 0,น.,หญิงม่าย.
วิธา 0,น.,"อย่าง, ชนิด."
วิธาน 0,น.,"การจัดแจง, การทำ"
วิธาน 1,น.,"กฎ, เกณฑ์, ข้อบังคับ"
วิธาน 2,น.,"พิธี, ธรรมเนียม."
วิธี 0,น.,ทำนองหรือหนทางที่จะทำ เช่น วิธีทำฝอยทอง วิธีสอนคณิตศาสตร์ เลขข้อนี้ทำได้หลายวิธี
วิธี 1,น.,"แบบ, แบบอย่าง, เช่น ทำถูกวิธี"
วิธี 2,น.,"กฎ, เกณฑ์"
วิธี 3,น.,"คติ, ธรรมเนียม."
วิธีการ 0,น.,วิธีปฏิบัติตามหลักการเป็นขั้นตอนอย่างมีระบบ เช่น วิธีการที่รัฐให้สวัสดิการแก่ประชาชน วิธีการสอนวิทยาศาสตร์มีหลายวิธี.
วิธีการเพื่อความปลอดภัย 0,น.,มาตรการตามกฎหมายอาญาเพื่อป้องกันมิให้บุคคลกระทำความผิดหรือกระทำความผิดอีก อันได้แก่ วิธีการกักกัน ห้ามเข้าเขตกำหนด เรียกประกันทัณฑ์บน คุมตัวไว้ในสถานพยาบาล หรือห้ามการประกอบอาชีพบางอย่าง.
วิธีปฏิบัติราชการทางปกครอง 0,น.,การเตรียมการและการดำเนินการของเจ้าหน้าที่เพื่อจัดให้มีคำสั่งทางปกครองหรือกฎ และรวมถึงการดำเนินการใด ๆ ในทางปกครองตามกฎหมายว่าด้วยพระราชบัญญัติวิธีปฏิบัติราชการทางปกครอง.
วิธีประเพณี 0,น.,มาตราชั่ง ตวง วัด หรือมาตราเงินที่ถือกันมาแต่โบราณ เช่น มาตราเงินตามวิธีประเพณี ๒๐ ตำลึง เป็น ๑ ชั่ง.
วิธุระ 0,ว.,"เปลี่ยว, ว้าเหว่."
วิธู 0,น.,พระจันทร์.
วิธูปนะ 0,น.,พัด.
วิ่น 0,ว.,"ลักษณะอาการที่หลุด ขาด หรือลุ่ยออกกะรุ่งกะริ่ง เช่น จมูกแหว่งหูวิ่นเวทนา อนิจจานิจจาเป็นน่ากลัว (สังข์ทอง), มักใช้เข้าคู่กับคำ ขาด เป็น ขาดวิ่น เช่น เสื้อผ้าขาดวิ่น."
วินตกะ 0,น.,"ชื่อภูเขาชั้นที่ ๖ ในหมู่เขาสัตบริภัณฑ์ที่ล้อมเป็นวงกลมรอบเขาพระสุเมรุ. (ดู สัตบริภัณฑ์, สัตภัณฑ์)."
วินย- 0,น.,"ระเบียบแบบแผนและข้อบังคับ, ข้อปฏิบัติ, เช่น วินัยทหาร ทหารต้องยึดมั่นในวินัย"
วินย- 1,น.,สิกขาบทของพระสงฆ์.
วินันตู 0,น.,น้องเขย.
วินัย 0,น.,"ระเบียบแบบแผนและข้อบังคับ, ข้อปฏิบัติ, เช่น วินัยทหาร ทหารต้องยึดมั่นในวินัย"
วินัย 1,น.,สิกขาบทของพระสงฆ์.
วินัยธร 0,น.,ภิกษุผู้ชำนาญวินัย.
วินัยปิฎก 0,น.,ชื่อปิฎก ๑ ในพระไตรปิฎก.
วินาที 0,น.,ส่วน ๑ ใน ๖๐ ของนาที.
วินายก 0,น.,"ผู้ขจัดสิ่งขัดข้อง, พระวิฆเนศวร"
วินายก 1,น.,พระพุทธเจ้า.
วินาศ 0,น.,ความฉิบหาย.
วินาศ- 0,น.,ความฉิบหาย.
วินาศกรรม 0,น.,การลอบทำลายหรือเผาผลาญทรัพย์สินโรงงานอุตสาหกรรมเป็นต้น ของนายจ้างหรือของศัตรู เช่น ในกรณีที่เกิดพิพาทกันขึ้นระหว่างนายจ้างกับลูกจ้าง หรือเพื่อตัดกำลังฝ่ายศัตรูเมื่อทำสงครามกันโดยตรงหรือโดยปริยาย.
วินาศภัย 0,น.,ความเสียหายอย่างใด ๆ บรรดาที่พึงประมาณเป็นเงินได้ รวมถึงความสูญเสียในสิทธิ ผลประโยชน์หรือรายได้ด้วย.
วินาศสันตะโร 0,ว.,ความเสียหายป่นปี้ เช่น รถชนกันวินาศสันตะโร.
วินาศสันติ 0,ก.,"จงพินาศ, จงฉิบหาย, เป็นคำแช่งที่ออกเสียงเพี้ยนมาจากคำลงท้ายในคาถาอาคมที่เป็นภาษาบาลีว่า วินสฺสนฺตุ."
วินิจ 0,ก.,"ตรวจตรา, พิจารณา."
วินิจฉัย 0,ก.,"ตัดสิน, ชี้ขาด, เช่น เรื่องนี้วินิจฉัยได้ ๒ ทาง"
วินิจฉัย 1,ก.,"ไตร่ตรอง, ใคร่ครวญ, เช่น คณะกรรมการขอเลื่อนเวลาออกไปอีกเพื่อวินิจฉัยปัญหาให้รอบคอบยิ่งขึ้น."
วินิต 0,ก.,"ฝึกหัดหรืออบรม, ทำให้ละพยศหรือละทิฐิมานะ, ปกครอง."
วินิบาต 0,น.,"การทำลาย, การฆ่า, เช่น วินิบาตกรรม"
วินิบาต 1,น.,"ภพที่ต้องโทษ, ภพที่รับทุกข์, เช่น ทุคติวินิบาต."
วินิปาติก 0,น.,"ผู้ตกอยู่ในอบาย, ผู้ถูกทรมาน."
วิเนต 0,ก.,"นำ, ชี้, ฝึกหัด, สั่งสอน, อบรม."
วิโนทก 0,น.,ผู้บรรเทา.
วิบ 0,ว.,อย่างฉับพลันทันที เช่น โกรธวิบขึ้นมาทันที โมโหวิบ.
วิบัติ 0,น.,"พิบัติ, ความฉิบหาย, ความหายนะ, ความเป็นอัปมงคล, เช่น ทรัพย์สมบัติวิบัติ"
วิบัติ 1,น.,"ความเคลื่อนคลาด, ความผิด, เช่น อักขราวิบัติ."
วิบัติ 2,ก.,ฉิบหาย เช่น ขอจงวิบัติทันตาเห็น.
วิบาก 0,น.,"ผล, ผลแห่งกรรมดีกรรมชั่วอันทำไว้แต่อดีต, เช่น กุศลวิบาก กรรมวิบาก."
วิบาก 1,ว.,ลำบาก เช่น ทางวิบาก วิ่งวิบาก.
วิบุล 0,ว.,"เต็ม, กว้างขวาง, มาก, ใช้ว่า วิบุลย์ หรือ วิบูลย์ ก็มี."
วิบุลย์ 0,ว.,"เต็ม, กว้างขวาง, มาก, ใช้ว่า วิบุลย์ หรือ วิบูลย์ ก็มี."
วิบูล 0,ว.,"เต็ม, กว้างขวาง, มาก, ใช้ว่า วิบุลย์ หรือ วิบูลย์ ก็มี."
วิบูลย์ 0,ว.,"เต็ม, กว้างขวาง, มาก, ใช้ว่า วิบุลย์ หรือ วิบูลย์ ก็มี."
วิปการ 0,ก.,"ผิดฐานะ, ไม่เหมาะสม."
วิปฏิสาร 0,น.,"ความเดือดร้อน, ความร้อนใจ, (ภายหลังที่ได้กระทำผิด หรือเนื่องด้วยการกระทำผิด)."
วิปโยค 0,น.,"ความพลัดพราก, ความกระจัดกระจาย, ความจากกัน."
วิปโยค 1,ว.,เศร้าโศก เช่น วันวิปโยค แม่น้ำวิปโยค.
วิประการ 0,ก.,"ผิดฐานะ, ไม่เหมาะสม."
วิประติสาร 0,น.,"ความเดือดร้อน, ความร้อนใจ, (ภายหลังที่ได้กระทำผิด หรือเนื่องด้วยการกระทำผิด)."
วิประโยค 0,น.,"ความพลัดพราก, ความกระจัดกระจาย, ความจากกัน."
วิประโยค 1,ว.,เศร้าโศก เช่น วันวิปโยค แม่น้ำวิปโยค.
วิประลาป 0,น.,"การพูดเพ้อ, การพูดพรํ่า"
วิประลาป 1,น.,"การทุ่มเถียง, การโต้ตอบ"
วิประลาป 2,น.,"การอ้อนวอน, การพรํ่าบ่น."
วิประวาส 0,น.,"การพลัดพราก, การจากไป, การไปอยู่ที่อื่น."
วิปริต 0,ก.,"แปรปรวน, ผิดปรกติ, ผิดแนวทาง, แปรปรวนไปข้างร้าย, กลับกลายไปข้างร้าย."
วิปลาป 0,น.,"การพูดเพ้อ, การพูดพรํ่า"
วิปลาป 1,น.,"การทุ่มเถียง, การโต้ตอบ"
วิปลาป 2,น.,"การอ้อนวอน, การพรํ่าบ่น."
วิปลาส 0,ก.,คลาดเคลื่อนไปจากธรรมดาสามัญ เช่น สติวิปลาส ตัวอักษรวิปลาส สัญญาวิปลาส.
วิปวาส 0,น.,"การพลัดพราก, การจากไป, การไปอยู่ที่อื่น."
วิปักษ์ 0,น.,"ฝ่ายตรงกันข้าม, ข้าศึก, ศัตรู, ปรปักษ์."
วิปัสสก 0,น.,ผู้เห็นแจ้ง.
วิปัสสนา 0,น.,"ความเห็นแจ้ง, การฝึกอบรมปัญญาให้เกิดความเห็นแจ้งในสังขารทั้งหลายว่าเป็นของไม่เที่ยง เป็นทุกข์ เป็นอนัตตา."
วิปัสสนาธุระ 0,น.,"การเรียนวิปัสสนา, คู่กับ คันถธุระ การเรียนคัมภีร์ปริยัติ."
วิปัสสนายานิก 0,น.,"ผู้มีวิปัสสนาเป็นยาน, ผู้ปฏิบัติวิปัสสนาล้วน ๆ โดยมิได้เคยฝึกหัดเจริญสมาธิใด ๆ มาก่อน."
วิพากษ์ 0,ก.,พิจารณาตัดสิน.
วิพากษ์วิจารณ์ 0,ก.,"วิจารณ์, ติชม, เช่น คนดูหนังวิพากษ์วิจารณ์ว่า หนังเรื่องนี้ดำเนินเรื่องช้าทำให้คนดูเบื่อ."
วิพิธทัศนา 0,น.,การแสดงหลาย ๆ อย่างที่แสดงต่อเนื่องในสถานที่แสดงเดียวกัน.
วิพุธ 0,น.,"ผู้รู้, นักปราชญ์."
วิภว- 0,น.,ความเจริญ
วิภว- 1,น.,สมบัติ
วิภว- 2,น.,ความไม่มีไม่เป็น.
วิภวตัณหา 0,น.,ความปรารถนาในความไม่มีไม่เป็น.
วิภังค์ 0,น.,"การจำแนก, การแบ่ง"
วิภังค์ 1,น.,ชื่อคัมภีร์ที่ ๒ แห่งพระอภิธรรมปิฎก.
วิภัช 0,ก.,"แบ่ง, แยก, จำแนก."
วิภัช- 0,ก.,"แบ่ง, แยก, จำแนก."
วิภัชพยากรณ์ 0,น.,การพยากรณ์หรืออธิบาย โดยจำแนกธรรมแต่ละหัวข้อตามเหตุและผลแห่งธรรมนั้น ซึ่งคำนึงถึงนิสัยของผู้ฟังเป็นที่ตั้ง.
วิภัชวาที 0,น.,ผู้จำแนกธรรมแต่ละหัวข้อตามเหตุและผลแห่งธรรมนั้น โดยคำนึงถึงนิสัยของผู้ฟังเป็นที่ตั้ง.
วิภัตติ 0,น.,"การแบ่ง, การจัดเป็นพวก, การจำแนก"
วิภัตติ 1,น.,ประเภทคำในภาษาบาลีเป็นต้นที่แปลงท้ายคำแล้วเพื่อบอกการกหรือกาล เช่น ปุริโส (อันว่าบุรุษ) เป็น กรรตุการก ปุริสํ (ซึ่งบุรุษ) เป็น กรรมการก จรติ (ย่อมเที่ยวไป) เป็น ปัจจุบันกาล จริ (เที่ยวไปแล้ว) เป็นอดีตกาล จริสฺสติ (จักเที่ยวไป) เป็น อนาคตกาล.
วิภา 0,น.,"รัศมี, แสงสว่าง, ความแจ่มแจ้ง, ความสุกใส, ความงดงาม."
วิภาค 0,น.,"การแบ่ง, การจำแนก"
วิภาค 1,น.,"ส่วน, ตอน."
วิภาช 0,ก.,วิภัช.
วิภาดา 0,ว.,สว่าง.
วิภาวี 0,น.,"ผู้รู้แจ้งชัด, นักปราชญ์."
วิภาษ 0,ก.,"พูดแตกต่าง, พูดแย้ง."
วิภาส 0,ก.,"ส่องสว่าง, มีแสงสว่าง."
วิภู 0,น.,"ผู้ครอง, พระเจ้าแผ่นดิน."
วิภู 1,ว.,"ยิ่งใหญ่, มีอำนาจ"
วิภู 2,ว.,แข็งแรง.
วิภูษณะ 0,น.,"เครื่องประดับ, เครื่องแต่ง."
วิภูษา 0,น.,"เครื่องประดับ, เครื่องแต่ง."
วิภูษิต 0,ว.,"แต่งแล้ว, ประดับแล้ว."
วิเภตก์ 0,น.,สมอพิเภก.
วิเภทก์ 0,น.,สมอพิเภก.
วิมน 0,ว.,"ใจคอวิปริต, เคลือบแคลง"
วิมน 1,ว.,"ไม่พอใจ, ไม่สนใจ."
วิมล 0,ว.,"ปราศจากมลทิน, ไม่มีตำหนิ, ใส, สะอาด, บริสุทธิ์, กระจ่าง, งาม."
วิมลัก 0,ว.,รักยิ่ง.
วิมลาก 0,ว.,มากยิ่ง.
วิมังสา 0,น.,"การสอบสวน, ความไตร่ตรอง, ความพิจารณา."
วิมัติ 0,น.,"ความเคลือบแคลง, ความสงสัย."
วิมาน 0,น.,ที่อยู่หรือที่ประทับของเทวดา
วิมาน 1,น.,ยานทิพย์.
วิมุข 0,ว.,กลับหน้า
วิมุข 1,ว.,เพิกเฉย
วิมุข 2,ว.,"ข้างหลัง, ฝ่ายหลัง."
วิมุต 0,ก.,"พ้น, หลุดพ้น."
วิมุตติ 0,น.,ความหลุดพ้น
วิมุตติ 1,น.,ชื่อหนึ่งของพระนิพพาน.
วิเมลือง 0,ว.,"สุกใสยิ่ง, งามยิ่ง, อร่ามยิ่ง."
วิโมกข์ 0,น.,"ความหลุดพ้น, การขาดจากความพัวพันแห่งโลก"
วิโมกข์ 1,น.,พระนิพพาน.
วิเยน 0,น.,ขันที.
วิโยค 0,น.,"การจากไป, การพลัดพราก, ความร้าง, ความห่างเหิน."
วิร- 0,ว.,"วีระ, กล้าหาญ."
วิร- 1,น.,"ผู้กล้าหาญ, นักรบ"
วิร- 2,น.,ผู้พากเพียร
วิร- 3,น.,ผู้เรืองนามในทางกล้าหาญ.
วิรงรอง 0,น.,"พลับพลึง, วิรังรอง ก็ว่า."
วิรตะ 0,ว.,"ปราศจากความยินดี, ไม่ยินดี."
วิรมณะ 0,น.,"การงดเว้น, การตัดความยินดี."
วิรวะ 0,น.,"การร้อง, การเปล่งเสียง, การตะโกน"
วิรวะ 1,น.,"เสียงเกรียวกราว, เสียงเรียกร้อง."
วิระ 0,ว.,"วีระ, กล้าหาญ."
วิระ 1,น.,"ผู้กล้าหาญ, นักรบ"
วิระ 2,น.,ผู้พากเพียร
วิระ 3,น.,ผู้เรืองนามในทางกล้าหาญ.
วิรังรอง 0,น.,"พลับพลึง, วิรงรอง ก็ว่า."
วิรัช 0,ว.,"ปราศจากธุลี, ไม่มีมลทิน, บริสุทธิ์, สะอาด."
วิรัช 1,ว.,ต่างประเทศ.
วิรัต 0,ว.,"ปราศจากความยินดี, ไม่ยินดี."
วิรัติ 0,ก.,"งดเว้น, เลิก."
วิรัติ 1,น.,"การงดเว้น, การเลิก, เช่น มังสวิรัติ สุราวิรัติ."
วิราคะ 0,น.,"ความปราศจากราคะ, ความหน่าย, ความไม่ไยดี"
วิราคะ 1,น.,พระนิพพาน.
วิราม 0,ว.,งาม.
วิราวะ 0,น.,"การร้อง, การเปล่งเสียง, การตะโกน"
วิราวะ 1,น.,"เสียงเกรียวกราว, เสียงเรียกร้อง."
วิริยภาพ 0,น.,"วิริยะ, ความเพียร, ความบากบั่น"
วิริยภาพ 1,น.,ความกล้า.
วิริยะ 0,น.,"ความเพียร, ความบากบั่น, มักใช้เข้าคู่กับคำ อุตสาหะ เป็น วิริยอุตสาหะ"
วิริยะ 1,น.,ความกล้า
วิริยะ 2,น.,วิริยภาพ ก็ใช้.
วิรุธ 0,ว.,พิรุธ.
วิรุฬห์ 0,ว.,"เจริญ, งอกงาม."
วิรุฬหก 0,น.,ชื่อท้าวจาตุมหาราชองค์หนึ่ง ประจำทิศทักษิณ.
วิรูป 0,ว.,"น่าเกลียด, พิการ, ไม่น่าดู."
วิรูปักษ์ 0,น.,ชื่อท้าวจาตุมหาราชองค์หนึ่ง ประจำทิศประจิม.
วิเรนทร์ 0,น.,"จอมนักรบ, พระเจ้าแผ่นดิน."
วิโรค 0,ว.,"ไม่เจ็บไข้, ปราศจากโรค."
วิโรจ 0,ว.,"สว่าง, แจ่มใส, รุ่งเรือง."
วิโรจน์ 0,ว.,"สว่าง, แจ่มใส, รุ่งเรือง."
วิโรฒ 0,ว.,งอกงาม.
วิโรธ 0,น.,พิโรธ.
วิลย- 0,น.,"ความย่อยยับ, การสลาย, การทำให้สลาย."
วิลันดา 0,น.,"ชาวดัตช์, ชาวฮอลันดา."
วิลัย 0,น.,"ความย่อยยับ, การสลาย, การทำให้สลาย."
วิลาด 0,ว.,ที่เป็นของยุโรป (เป็นคำที่ชาวอินเดียในสมัยก่อนเรียกชาวตะวันตกโดยเฉพาะชาวอังกฤษ) เช่น สาคูวิลาด เหล็กวิลาด ผ้าวิลาศ.
วิลาป 0,ก.,พิลาป.
วิลาวัณย์ 0,ว.,"งามยิ่ง, งามเลิศ."
วิลาศ 0,ว.,ที่เป็นของยุโรป (เป็นคำที่ชาวอินเดียในสมัยก่อนเรียกชาวตะวันตกโดยเฉพาะชาวอังกฤษ) เช่น สาคูวิลาด เหล็กวิลาด ผ้าวิลาศ.
วิลาส 0,ว.,"พิลาส, งามมีเสน่ห์, งามอย่างสดใส."
วิลาสินี 0,ว.,"งามอย่างสดใส, งามมีเสน่ห์ เช่น อันว่าเจ้ามัทรีวิลาสินีนงราม (ม. คำหลวง นครกัณฑ์)."
วิลิปดา 0,น.,พิลิปดา.
วิลิศมาหรา 0,ว.,หรูหรา เช่น แต่งตัววิลิศมาหรา.
วิเลป 0,น.,"การทา, การลูบไล้"
วิเลป 1,น.,เครื่องลูบไล้.
วิเลป- 0,น.,"การทา, การลูบไล้"
วิเลป- 1,น.,เครื่องลูบไล้.
วิเลปนะ 0,น.,"การทา, การลูบไล้"
วิเลปนะ 1,น.,เครื่องลูบไล้.
วิโลก 0,ก.,"แลดู, ตรวจตรา."
วิโลกนะ 0,ก.,"แลดู, ตรวจตรา."
วิโลจนะ 0,น.,ดวงตา.
วิโลม 0,ว.,"ย้อนขน, ทวนกลับ, ผิดธรรมดา."
วิไล 0,ว.,งาม เช่น งามวิไล.
วิไลวรรณ 0,น.,"สีงาม, ผิวงาม."
วิวรณ์ 0,น.,"การเปิด, การเผยแผ่, การไขความ."
วิวรรธน์ 0,น.,"ความเจริญรุ่งเรือง, ความคลี่คลายไปในทางเจริญ."
วิวระ 0,น.,"ช่อง, ปล่อง, เหว, รู, โพรง"
วิวระ 1,น.,ความผิด.
วิวัฏ 0,น.,พระนิพพาน.
วิวัฒน์ 0,น.,"ความเจริญรุ่งเรือง, ความคลี่คลายไปในทางเจริญ. (ป. วิวฑฺฒน; ส. วิวรฺธน)"
วิวัฒน- 0,น.,"ความเจริญรุ่งเรือง, ความคลี่คลายไปในทางเจริญ. (ป. วิวฑฺฒน; ส. วิวรฺธน)"
วิวัฒนาการ 0,น.,กระบวนการเปลี่ยนแปลงหรือคลี่คลายไปสู่ภาวะที่ดีขึ้นหรือเจริญขึ้น เช่น วิวัฒนาการแห่งมนุษยชาติ วิวัฒนาการแห่งศิลปวัฒนธรรม.
วิวัน 0,น.,ที่เปล่าเปลี่ยว.
วิวาท 0,ก.,"ทะเลาะ เช่น เด็กวิวาทกัน, มักใช้เข้าคู่กับคำ ทะเลาะ เป็น ทะเลาะวิวาท."
วิวาห์ 0,น.,"“การพาออกไป” หมายถึง การแต่งงานแบบหนึ่งที่ฝ่ายชายจะต้องถูกนำไปอยู่ที่บ้านฝ่ายหญิง เรียกว่า วิวาหมงคล, เป็นประเพณีแต่งงานที่นิยมปฏิบัติกันในประเทศอินเดียฝ่ายใต้, การแต่งงานตามประเพณีไทย ไม่ว่าฝ่ายหญิงจะไปอยู่ที่บ้านฝ่ายชาย หรือฝ่ายชายจะไปอยู่ที่บ้านฝ่ายหญิง หรือจะแยกไปอยู่ตามลำพัง ก็เรียกว่า วิวาหะ หรือ วิวาหมงคล ทั้งสิ้น."
วิวาห- 0,น.,"“การพาออกไป” หมายถึง การแต่งงานแบบหนึ่งที่ฝ่ายชายจะต้องถูกนำไปอยู่ที่บ้านฝ่ายหญิง เรียกว่า วิวาหมงคล, เป็นประเพณีแต่งงานที่นิยมปฏิบัติกันในประเทศอินเดียฝ่ายใต้, การแต่งงานตามประเพณีไทย ไม่ว่าฝ่ายหญิงจะไปอยู่ที่บ้านฝ่ายชาย หรือฝ่ายชายจะไปอยู่ที่บ้านฝ่ายหญิง หรือจะแยกไปอยู่ตามลำพัง ก็เรียกว่า วิวาหะ หรือ วิวาหมงคล ทั้งสิ้น."
วิวาหมงคล 0,น.,"พิธีแต่งงาน, งานสมรส, เช่น ขอเชิญหลั่งน้ำพระพุทธมนต์ในงานวิวาหมงคล."
วิวาหะ 0,น.,"“การพาออกไป” หมายถึง การแต่งงานแบบหนึ่งที่ฝ่ายชายจะต้องถูกนำไปอยู่ที่บ้านฝ่ายหญิง เรียกว่า วิวาหมงคล, เป็นประเพณีแต่งงานที่นิยมปฏิบัติกันในประเทศอินเดียฝ่ายใต้, การแต่งงานตามประเพณีไทย ไม่ว่าฝ่ายหญิงจะไปอยู่ที่บ้านฝ่ายชาย หรือฝ่ายชายจะไปอยู่ที่บ้านฝ่ายหญิง หรือจะแยกไปอยู่ตามลำพัง ก็เรียกว่า วิวาหะ หรือ วิวาหมงคล ทั้งสิ้น."
วิวิจ 0,ว.,"สงัด, ปลีกตัวไปอยู่ในที่สงัด."
วิวิต 0,ว.,"สงัด, ปลีกตัวไปอยู่ในที่สงัด."
วิวิธ 0,ว.,ต่าง ๆ กัน.
วิเวก 0,ว.,"เงียบสงัดทำให้รู้สึกเปล่าเปลี่ยวใจ, เงียบสงัดทำให้รู้สึกวังเวงใจ, เช่น อยู่ในวิเวก รู้สึกวิเวกวังเวงใจ."
วิศรุต 0,ว.,"มีชื่อเสียง, ปรากฏ."
วิศว- 0,ว.,"ทั้งหมด, ทั้งปวง."
วิศวกร 0,น.,ผู้ประกอบงานวิศวกรรม.
วิศวกรรม 0,น.,"ชื่อเทวดาตนหนึ่ง ผู้ชำนาญในการช่างทั้งปวง, วิษณุกรรม วิสสุกรรม เวสสุกรรม หรือ เพชฉลูกรรม ก็เรียก. (ส.; ป. วิสฺสกมฺม, วิสฺสุกมฺม)"
วิศวกรรม 1,น.,การนำความรู้ทางคณิตศาสตร์และวิทยาศาสตร์ธรรมชาติมาประยุกต์ใช้.
วิศวกรรมศาสตร์ 0,น.,วิชาที่เกี่ยวกับการนำความรู้ทางคณิตศาสตร์และวิทยาศาสตร์ธรรมชาติมาประยุกต์ใช้ มีหลายสาขา เช่น วิศวกรรมโยธา วิศวกรรมไฟฟ้า วิศวกรรมเครื่องกล.
วิศัลย์ 0,ว.,"ปราศจากความเสียดแทง, ไม่ทุกข์ร้อน."
วิศาข- 0,น.,"ชื่อเดือนที่ ๖ แห่งจันทรคติ ตกราวเดือนพฤษภาคม, ถ้าในปีอธิกมาสจะตกราวเดือนมิถุนายน."
วิศาขบูชา 0,น.,"วิสาขบูชา, การบูชาในวันเพ็ญเดือน ๖ ซึ่งเป็นวันประสูติ ตรัสรู้ และปรินิพพานของพระพุทธเจ้า."
วิศาขะ 0,น.,"ชื่อเดือนที่ ๖ แห่งจันทรคติ ตกราวเดือนพฤษภาคม, ถ้าในปีอธิกมาสจะตกราวเดือนมิถุนายน."
วิศาขา 0,น.,"ชื่อเดือนที่ ๖ แห่งจันทรคติ ตกราวเดือนพฤษภาคม, ถ้าในปีอธิกมาสจะตกราวเดือนมิถุนายน."
วิศาขา 1,น.,"ดาวฤกษ์ที่ ๑๖ มี ๕ ดวง เห็นเป็นรูปแขนนาง หนองลาด เหมือง หรือไม้ฆ้อง, ดาวคันฉัตร หรือ ดาวศีรษะกระบือ ก็เรียก."
วิศางค์ 0,น.,๑ ใน ๒๐ ของเฟื้อง.
วิศาล 0,ว.,"ไพศาล, กว้างขวาง."
วิศิษฏ์ 0,ว.,"เลิศ, ยอดเยี่ยม, เด่น, ดียิ่ง, ประเสริฐ."
วิศุทธ์ 0,ว.,"วิสุทธ์, วิสุทธิ์."
วิศุทธิ์ 0,ว.,"วิสุทธ์, วิสุทธิ์."
วิเศษ 0,ว.,"ยอดเยี่ยม, เลิศลอย, เช่น อาหารร้านนี้วิเศษมาก"
วิเศษ 1,ว.,"ยอดเยี่ยมในทางวิทยาคมเป็นต้น เช่น ผู้วิเศษ, กายสิทธิ์, มีอำนาจหรืออิทธิฤทธิ์ในตัว, เช่น พรมวิเศษ ของวิเศษ ดาบวิเศษ."
วิเศษณ์ 0,น.,คำจำพวกหนึ่งที่แต่งหรือขยายคำนาม คำกริยา หรือคำวิเศษณ์เพื่อบอกคุณภาพหรือปริมาณเป็นต้น เช่น คนดี นํ้ามาก ทำดี ดีมาก.
วิเศษณ- 0,น.,คำจำพวกหนึ่งที่แต่งหรือขยายคำนาม คำกริยา หรือคำวิเศษณ์เพื่อบอกคุณภาพหรือปริมาณเป็นต้น เช่น คนดี นํ้ามาก ทำดี ดีมาก.
วิเศษณการก 0,น.,คำที่เรียงอยู่หลังบุรพบทที่ใช้เป็นบทเชื่อม เช่น รถของฉัน เขากินด้วยช้อนส้อม เขามาสู่บ้าน ถ้าละบุรพบทเสีย ก็อยู่ติดกับบทที่มันประกอบ เช่น รถฉัน เขากินช้อนส้อม เขามาบ้าน.
วิษณุ 0,น.,พระนารายณ์.
วิษณุกรรม 0,น.,"พระวิศวกรรม, วิสสุกรรม เวสสุกรรม หรือ เพชฉลูกรรม ก็เรียก."
วิษณุมนตร์ 0,น.,"มนตร์สรรเสริญพระนารายณ์, วิษณุเวท ก็ว่า."
วิษณุโลก 0,น.,สวรรค์ของพระนารายณ์ผู้เป็นเจ้า.
วิษณุเวท 0,น.,"มนตร์สรรเสริญพระนารายณ์, วิษณุมนตร์ ก็ว่า."
วิษธร 0,น.,งูพิษ.
วิษักต์ 0,ว.,"ติดอยู่, พันอยู่, พัวพัน."
วิษัย 0,น.,วิสัย.
วิษาณ 0,น.,"เขาสัตว์, งาช้าง."
วิษุวัต 0,น.,จุดราตรีเสมอภาค คือ จุดที่เมื่อดวงอาทิตย์โคจรไปถึง โลกจะมีกลางวันกับกลางคืนเท่ากัน มี ๒ จุด คือ วสันตวิษุวัต และ ศารทวิษุวัต.
วิสกี้ 0,น.,ชื่อสุราชนิดหนึ่งกลั่นจากเมล็ดธัญพืชบางชนิด.
วิสม- 0,ว.,"ไม่เรียบ, ไม่เสมอ, ขรุขระ, ไม่เท่ากัน."
วิสย- 0,น.,ความสามารถ เช่น อยู่ในวิสัยที่จะเลี้ยงดูบุตรภรรยาได้ เป็นเรื่องเหลือวิสัยที่จะทำได้
วิสย- 1,น.,"ขอบ, เขต, เช่น คามวิสัย โคจรวิสัย อยู่ในทัศนวิสัย."
วิสรรชนีย์ 0,น.,เครื่องหมายสระรูปดังนี้ ะ ใช้ประหลังอักษร.
วิสฤต 0,ว.,"แผ่ไป, แผ่ซ่าน, กระจาย."
วิสสุกรรม 0,น.,"พระวิศวกรรม, วิษณุกรรม เวสสุกรรม หรือ เพชฉลูกรรม ก็เรียก."
วิสัชนา 0,ก.,"ตอบ, ชี้แจง, เช่น ขอวิสัชนาดังนี้."
วิสัญญี 0,ว.,"หมดความรู้สึก, สิ้นสติ, สลบ, เช่น นางก็ถึงวิสัญญีสลบลงตรงหน้าฉานปานประหนึ่งว่าพุ่มฉัตรทองอันต้องสายอัสนีฟาด (ม. ร่ายยาว มัทรี)."
วิสัญญีแพทย์ 0,น.,แพทย์ผู้เชี่ยวชาญการให้ยาชาและยาสลบ.
วิสัญญีภาพ 0,น.,"ความหมดความรู้สึก, ความสิ้นสติ, เช่น ถึงซึ่งวิสัญญีภาพ."
วิสัญญีวิทยา 0,น.,วิชาที่ว่าด้วยการให้ยาชาและยาสลบ.
วิสัย 0,น.,ความสามารถ เช่น อยู่ในวิสัยที่จะเลี้ยงดูบุตรภรรยาได้ เป็นเรื่องเหลือวิสัยที่จะทำได้
วิสัย 1,น.,"ขอบ, เขต, เช่น คามวิสัย โคจรวิสัย อยู่ในทัศนวิสัย."
วิสัยทัศน์ 0,น.,"การมองการณ์ไกล, วิทัศน์."
วิสัยแทงตรี 0,น.,ชื่อท่ารำแบบหนึ่ง โดยมือข้างหนึ่งตั้งวงสูง มืออีกข้างหนึ่งจีบหงายเข้าอก เอียงศีรษะข้างเดียวกับมือที่จีบ.
วิสาข- 0,น.,"ชื่อเดือนที่ ๖ แห่งจันทรคติ ตกราวเดือนพฤษภาคม, ถ้าในปีอธิกมาสจะตกราวเดือนมิถุนายน."
วิสาขบูชา 0,น.,"การบูชาในวันเพ็ญเดือน ๖ ซึ่งเป็นวันประสูติ ตรัสรู้และปรินิพพานของพระพุทธเจ้า, โบราณใช้ว่า วิศาขบูชา ก็มี."
วิสาขะ 0,น.,"ดาวฤกษ์ที่ ๑๖ มี ๕ ดวง เห็นเป็นรูปแขนนาง หนองลาด เหมือง หรือไม้ฆ้อง, ดาวคันฉัตร หรือ ดาวศีรษะกระบือ ก็เรียก."
วิสาขะ 1,น.,"ชื่อเดือนที่ ๖ แห่งจันทรคติ ตกราวเดือนพฤษภาคม, ถ้าในปีอธิกมาสจะตกราวเดือนมิถุนายน."
วิสาขา 0,น.,"ชื่อเดือนที่ ๖ แห่งจันทรคติ ตกราวเดือนพฤษภาคม, ถ้าในปีอธิกมาสจะตกราวเดือนมิถุนายน."
วิสามัญ 0,ว.,"ไม่ใช่ธรรมดา, ไม่ใช่สามัญ, เช่น ข้าราชการวิสามัญ สมาชิกวิสามัญ ประชุมสมัยวิสามัญ, พิเศษเฉพาะเรื่อง เช่น คณะกรรมาธิการวิสามัญ."
วิสามัญฆาตกรรม 0,น.,การตายที่เกิดจากการกระทำของเจ้าพนักงานซึ่งอ้างว่าปฏิบัติราชการตามหน้าที่ หรือการตายในระหว่างอยู่ในความควบคุมของเจ้าพนักงาน ซึ่งอ้างว่าปฏิบัติราชการตามหน้าที่.
วิสามานยนาม 0,น.,คำนามที่เป็นชื่อเฉพาะ ตั้งขึ้นสำหรับเรียกคน สัตว์ สิ่งของ และสถานที่ เพื่อให้รู้ชัดว่าเป็นใครหรืออะไร เช่น นายดำ ช้างเอราวัณ เรือสุพรรณหงส์ จังหวัดเชียงใหม่.
วิสาร 0,น.,"การขยาย, การเผยแผ่."
วิสารทะ 0,ว.,"แกล้วกล้า, ชำนาญ, ฉลาด."
วิสาล 0,ว.,"ไพศาล, กว้างขวาง."
วิสาสะ 0,น.,"ความคุ้นเคย, ความสนิทสนม"
วิสาสะ 1,น.,การถือว่าเป็นกันเอง เช่น หยิบของไปโดยถือวิสาสะ.
วิสาสะ 2,ก.,พูดจาปราศรัยอย่างคุ้นเคยกัน เช่น ไม่เคยวิสาสะกันมาก่อน.
วิสาหกิจ 0,น.,การประกอบการที่ยาก สลับซับซ้อน หรือเสี่ยงต่อการขาดทุน ล้มละลาย.
วิสิฐ 0,ว.,วิศิษฏ์.
วิสุงคามสีมา 0,น.,เขตที่พระราชทานแก่สงฆ์เพื่อใช้เป็นที่สร้างพระอุโบสถ.
วิสุทธ์ 0,ว.,"สะอาด, ใส, ขาว, หมดจด, บริสุทธิ์, หมดมลทิน."
วิสุทธิ์ 0,ว.,"สะอาด, ใส, ขาว, หมดจด, บริสุทธิ์, หมดมลทิน."
วิสูตร 0,น.,"ม่าน, มุ้ง, ใช้ว่า พระวิสูตร, พระสูตร ก็เรียก."
วิเสท 0,น.,ผู้ทำกับข้าวของหลวง.
วิหค 0,น.,นก.
วิหงค์ 0,น.,นก.
วิหลั่น 0,น.,ค่ายที่ทำให้ขยับลุกเข้าไปหาข้าศึกทีละน้อย ๆ.
วิหายสะ 0,น.,"ฟ้า, อากาศ."
วิหาร 0,น.,"วัด, ที่อยู่ของพระสงฆ์"
วิหาร 1,น.,"ที่ประดิษฐานพระพุทธรูป, คู่กับ โบสถ์"
วิหาร 2,น.,การพักผ่อน เช่น ทิวาวิหาร ว่า การพักผ่อนในเวลากลางวัน.
วิหาร- 0,น.,"วัด, ที่อยู่ของพระสงฆ์"
วิหาร- 1,น.,"ที่ประดิษฐานพระพุทธรูป, คู่กับ โบสถ์"
วิหาร- 2,น.,การพักผ่อน เช่น ทิวาวิหาร ว่า การพักผ่อนในเวลากลางวัน.
วิหารแกลบ 0,น.,วิหารขนาดเล็ก มีพื้นที่ภายในสำหรับพระภิกษุนั่งปฏิบัติกรรมฐานได้เพียงรูปเดียว เช่น วิหารแกลบที่วัดมหาธาตุ จังหวัดพระนครศรีอยุธยา.
วิหารคด 0,น.,วิหารที่ประดิษฐานพระพุทธรูป มีลักษณะหักเป็นข้อศอก โดยมากตั้งอยู่ ๔ มุม ของเขตพุทธาวาส หรืออาจมีหลังเดียวก็ได้.
วิหารทิศ 0,น.,"วิหารที่สร้างออกมาทั้ง ๔ ด้านของพระสถูปหรือพุทธเจดีย์ เช่น วิหารทิศวัดพระเชตุพนวิมลมังคลาราม กรุงเทพมหานคร, วิหารที่อยู่ตรงกลางของพระระเบียงทั้ง ๔ ด้าน เช่น วิหารทิศวัดพระปฐมเจดีย์ จังหวัดนครปฐม."
วิหารธรรม 0,น.,ธรรมประจำใจ.
วิหารยอด 0,น.,"วิหารที่มียอดเป็นรูปทรงต่าง ๆ, ถ้ายอดทรงเจดีย์ เรียกว่า วิหารยอดเจดีย์, ถ้ายอดทรงปรางค์ เรียกว่า วิหารยอดปรางค์."
วิหารราย 0,น.,"วิหารขนาดใกล้เคียงกับวิหารน้อย ตั้งเรียงรายภายในพุทธาวาสโดยรอบ เช่น วิหารรายวัดพระศรีสรรเพ็ชญ์ จังหวัดพระนครศรีอยุธยา, ศาลารายที่ใช้สำหรับพิธีสวดโอ้เอ้วิหารราย เช่น ศาลารายวัดพระศรีรัตนศาสดาราม กรุงเทพมหานคร."
วิหารหลวง 0,น.,วิหารที่ด้านท้ายเชื่อมติดกับพระสถูปเจดีย์หรือพระปรางค์ เช่น วิหารหลวงวัดพระศรีรัตน-มหาธาตุ ตำบลเชลียง อำเภอศรีสัชนาลัย จังหวัดสุโขทัย.
วิหิงสะ 0,น.,ความเบียดเบียน
วิหิงสะ 1,น.,การทำร้าย.
วิหิงสา 0,น.,ความเบียดเบียน
วิหิงสา 1,น.,การทำร้าย.
วิเหสา 0,น.,ความเบียดเบียน
วิเหสา 1,น.,การทำร้าย.
วิฬงค์ 0,น.,ผักดอง.
วิฬาร์ 0,น.,แมว.
วิฬาร 0,น.,แมว.
วี 0,ก.,"พัด, โบก."
วี 1,ก.,"ชื่อปลานํ้าจืดชนิด Helostoma temminckiiCuvier ในวงศ์ Helosotomatidae ลำตัวแบนข้างและกว้างมากกว่าปลาหมอ ปากยืดหดได้ และมีนิสัยเอาปากชนกับตัวอื่น จึงเรียกกันว่า ปลาจูบ พื้นลำตัว หัว และครีบสีนํ้าตาลอ่อนหรือขาวนวล พบในเขตที่ลุ่มน้ำนิ่ง ขนาดยาวได้ถึง ๓๐ เซนติเมตร, ใบตาล อีตาล อีโก๊ะ หรือ วี ก็เรียก."
วีจิ 0,น.,"คลื่น, ลูกคลื่น."
วีชนี 0,น.,"วิชนี, พัด."
วีณา 0,น.,พิณ.
วี้ด 0,ว.,เสียงดังเช่นนั้น.
วีต- 0,ว.,"ไปแล้ว, หมดแล้ว, ปราศจาก, มักใช้ประกอบหน้าศัพท์อื่น เช่น วีตราคะ ว่า หมดราคะ วีตโลภะ ว่า หมดความโลภ."
วีร- 0,ว.,กล้าหาญ.
วีรกรรม 0,น.,"การกระทำที่ได้รับยกย่องว่าเป็นความกล้าหาญ, การกระทำของผู้กล้าหาญ."
วีรชน 0,น.,ผู้ที่ได้รับยกย่องว่ามีความกล้าหาญ.
วีรบุรุษ 0,น.,ชายที่ได้รับยกย่องว่ามีความกล้าหาญ.
วีรสตรี 0,น.,หญิงที่ได้รับยกย่องว่ามีความกล้าหาญ.
วี่วัน 0,น.,วัน.
วี่แวว 0,น.,"เค้าเงื่อนตามที่แว่วมา, ร่องรอย, เช่น ของหายไปไม่มีวี่แวว."
วีสะ 0,ว.,ยี่สิบ.
วุ้ง 0,ว.,เว้าเป็นเวิ้งเข้าไป.
วุฐิ 0,น.,ฝน.
วุฒ 0,ว.,เจริญแล้ว
วุฒ 1,ว.,สูงอายุ.
วุฒิ 0,น.,ภูมิรู้
วุฒิ 1,น.,"ความเจริญ, ความงอกงาม, ความเป็นผู้ใหญ่."
วุฒิ- 0,น.,ภูมิรู้
วุฒิ- 1,น.,"ความเจริญ, ความงอกงาม, ความเป็นผู้ใหญ่."
วุฒิบัตร 0,น.,"เอกสารแสดงวุฒิทางการศึกษา, มักใช้กับการศึกษาอบรมระยะเวลาสั้น ๆ."
วุฒิสภา 0,น.,สภานิติบัญญัติสภาหนึ่ง อาจประกอบด้วยสมาชิกที่มาจากการแต่งตั้ง เลือกตั้ง หรือแต่งตั้งและเลือกตั้งผสมกัน มีหน้าที่กลั่นกรองกฎหมายและหน้าที่อื่นตามที่รัฐธรรมนูญกำหนด.
วุฒิสมาชิก 0,น.,สมาชิกวุฒิสภา.
วุด 0,ก.,"เป่าชุดให้ไฟลุก, ฮุด ก็ว่า."
วุธวาร 0,น.,วันพุธ.
วุ่น 0,ก.,"ยุ่ง, ก้าวก่าย, เช่น คุณไม่ควรไปวุ่นกับเรื่องของคนอื่นเขา, สับสน เช่น งานมากทำให้สมองวุ่นไปหมด, อาการที่ต้องทำอะไรหลาย ๆ อย่างในขณะเดียวกัน เช่น เขาต้องวุ่นอยู่กับงานสารพัดตลอดเวลา, ชุลมุน เช่น มีแขกมามากทำให้วุ่นกันไปทั้งบ้าน."
วุ้น 0,น.,"ของกินชนิดหนึ่ง ทำจากสาหร่ายทะเลเป็นต้น เมื่อนำมาต้มแล้วทิ้งไว้ให้เย็นจะแข็งตัว มีลักษณะค่อนข้างใสและนุ่ม ใช้ทำเป็นของหวานบางอย่าง เช่น วุ้นกะทิ วุ้นนํ้าเชื่อม, เรียกสิ่งที่มีลักษณะคล้ายคลึงเช่นนั้น เช่น เคี่ยวหนังหมูจนเปื่อยเป็นวุ้น."
วุ้นชา 0,น.,วุ้นนํ้าเชื่อม.
วุ้นตาวัว 0,น.,ชื่อวุ้นหวานชนิดหนึ่ง หยอดในถ้วยตะไล มีไส้ทำด้วยถั่วกวนปั้นเป็นก้อนเล็ก ๆ อยู่ตรงกลาง.
วุ่นเป็นจุลกฐิน 0,ก.,อาการที่ต้องทำงานอย่างชุลมุนวุ่นวายเพื่อให้เสร็จทันเวลาอันจำกัด.
วุ่นวาย 0,ก.,เอาเป็นธุระมากเกินไป เช่น เขาชอบเข้าไปวุ่นวายกับเรื่องของคนอื่น ไม่ต้องเตรียมอะไรมากหรอก อย่าวุ่นวายไปเลย
วุ่นวาย 1,ก.,ไม่สงบ เช่น บ้านเมืองวุ่นวายเกิดจลาจลไปทุกหนทุกแห่ง.
วุ่นวาย 2,น.,ความไม่สงบ เช่น เกิดวุ่นวายไปทั่วบ้านทั่วเมือง.
วุ้นเส้น 0,น.,"แป้งถั่วเขียวทำเป็นเส้นเล็ก ๆ ยาวอย่างเส้นลวด เมื่อแช่นํ้าทำให้อ่อนคล้ายวุ้น ใช้ทำเป็นอาหาร เช่น แกงร้อน, เส้นแกงร้อน ก็เรียก."
วุบ 0,ว.,"ฉับพลัน, ฉับไว, ใช้ประกอบอาการของแสงหรือสิ่งที่มีรูปร่างที่ปรากฏให้เห็นแล้วหมดสิ้นหรือลับหายไปอย่างรวดเร็วในทันทีทันใด เช่น หายวุบ."
วุ้ย 0,อ.,คำที่เปล่งออกมาเมื่อรู้สึกตกใจ เก้อเขิน หรือไม่พอใจ เป็นต้น (โดยมากเป็นเสียงผู้หญิง) เช่น วุ้ย น่ารำคาญ.
วุลแฟรม 0,น.,ทังสเตน.
วู้ 0,ว.,เสียงกู่เรียกหรือขานรับอย่างดัง.
วูดวาด 0,ว.,โดยเร็วและแรง (ใช้แก่อาการของลมพัดเป็นต้น).
วูบ 0,ก.,"อาการที่หายไป จางไป อย่างรวดเร็ว เช่น ตะเกียงดับวูบ ลมพัดวูบ หลบวูบ, อาการที่ความรู้สึกร้อน เย็น กลัว ตกใจ เสียวใจ เป็นต้น แล้วหายไปจางไปอย่างรวดเร็ว เช่น ร้อนวูบ เย็นวูบ เสียววูบ"
วูบ 1,ก.,หมดสติไปโดยฉับพลันในเวลาสั้น ๆ เช่น นั่งคุยกันอยู่ดี ๆ เขาก็วูบไป.
วูบวาบ 0,ว.,ระยับตา เป็นอาการของแสงหรือเงามันที่ปรากฏแล้วหายลับไปทันทีทันใดต่อเนื่องกัน เช่น เสื้อปักเลื่อมดูวูบวาบไปทั้งตัว.
วู่วาม 0,ว.,"อาการที่พูดหรือทำอย่างรีบร้อนโดยไม่ใคร่ครวญให้ดีเสียก่อน, ขาดสติ, หุนหันพลันแล่น, เช่น อารมณ์วู่วาม ทำไปอย่างวู่วาม."
เว้ 0,ก.,เถลไถล.
เวค 0,น.,ความเร็ว.
เวคิน 0,น.,"ผู้มีความเร็ว, ผู้เดินเร็ว."
เวคี 0,น.,"ผู้มีความเร็ว, ผู้เดินเร็ว."
เวจ 0,น.,ที่ถ่ายอุจจาระ.
เวจ- 0,น.,ที่ถ่ายอุจจาระ.
เวจกุฎี 0,น.,"ที่ถ่ายอุจจาระ, ส้วม, (ใช้แก่บรรพชิต), วัจกุฎี ก็เรียก."
เวจมรรค 0,น.,"ทวารหนัก, วัจมรรค ก็เรียก."
เวช 0,น.,หมอรักษาโรค.
เวช- 0,น.,หมอรักษาโรค.
เวชกรรม 0,น.,การรักษาโรค.
เวชภัณฑ์ 0,น.,สิ่งของเครื่องมือเครื่องใช้เกี่ยวกับการแพทย์.
เวชยันต์ 0,น.,ชื่อวิมานหรือรถของพระอินทร์.
เวชศาสตร์ 0,น.,"ชื่อตำรารักษาโรคแผนโบราณ, วิชาว่าด้วยการรักษาโรคโดยการใช้ยา."
เวฐน์ 0,น.,"ผ้าโพก, ผ้าพันศีรษะ."
เวณะ 0,น.,ช่างจักสาน.
เวณิ 0,น.,ผมซึ่งถักปล่อยไว้.
เวณิก 0,น.,คนดีดพิณ.
เวณุ 0,น.,ไม้ไผ่.
เวณุวัน 0,น.,ป่าไผ่.
เวตน์ 0,น.,สินจ้าง.
เวตร 0,น.,หวาย.
เวตาล 0,น.,ผีจำพวกหนึ่ง ชอบสิงอยู่ในป่าช้า.
เวท 0,น.,"ความรู้, ความรู้ทางศาสนา"
เวท 1,น.,"ถ้อยคำศักดิ์สิทธิ์ที่ผูกขึ้นเป็นมนตร์หรือคาถาอาคม เมื่อนำมาเสกเป่าหรือบริกรรมตามลัทธิวิธีที่มีกำหนดไว้ สามารถให้ร้ายหรือดี หรือป้องกันอันตรายต่าง ๆ ตามคติไสยศาสตร์ได้ เช่น ร่ายเวท, บางทีก็ใช้เข้าคู่กับคำ มนตร์ เป็น เวทมนตร์"
เวท 2,น.,"ชื่อคัมภีร์ภาษาสันสกฤตโบราณซึ่งเป็นพื้นฐานของศาสนาพราหมณ์ยุคแรก มี ๔ คัมภีร์ ได้แก่ ๑. ฤคเวท ว่าด้วยบทสวดสรรเสริญเทพเจ้าทั้งหลาย ตอนท้ายกล่าวถึงการสร้างโลก ซึ่งต่อมาได้กลายเป็นต้นแบบความเชื่อของชาวอินเดีย ๒. ยชุรเวท ว่าด้วยรายละเอียดการประกอบยัญพิธีและลำดับมนตร์ที่นำมาจากคัมภีร์ฤคเวทเพื่อสวดในขั้นตอนต่าง ๆ ของพิธี ๓. สามเวท ว่าด้วยบทขับที่คัดเลือกมาจากประมาณหนึ่งในหกของฤคเวท และใช้เฉพาะในพิธีที่บูชาด้วยน้ำโสม ๔. อถรรพเวท หรือ อาถรรพเวท เป็นเวทมนตร์คาถาเพื่อให้เกิดผลดีแก่ฝ่ายตนหรือผลร้ายแก่ฝ่ายศัตรู ตลอดจนการบันดาลสิ่งที่เป็นมงคลหรืออัปมงคล การทำเสน่ห์ การรักษาโรค และอื่น ๆ สามคัมภีร์แรกเรียกว่า ไตรเวท หรือ ไตรเพท ต่อมารับอถรรพเวทหรืออาถรรพเวทเข้ามารวมเป็นสี่คัมภีร์เรียกว่า จตุรเวท หรือ จตุรเพท, เรียกยุคแรกของศาสนาพราหมณ์จนถึงประมาณสมัยพุทธกาลว่า ยุคพระเวท มีวรรณกรรมหลักประกอบด้วยคัมภีร์พระเวท คัมภีร์พราหมณะ คัมภีร์อารัณยกะและคัมภีร์อุปนิษัทรุ่นแรก."
เวท- 0,น.,"ความรู้, ความรู้ทางศาสนา"
เวท- 1,น.,"ถ้อยคำศักดิ์สิทธิ์ที่ผูกขึ้นเป็นมนตร์หรือคาถาอาคม เมื่อนำมาเสกเป่าหรือบริกรรมตามลัทธิวิธีที่มีกำหนดไว้ สามารถให้ร้ายหรือดี หรือป้องกันอันตรายต่าง ๆ ตามคติไสยศาสตร์ได้ เช่น ร่ายเวท, บางทีก็ใช้เข้าคู่กับคำ มนตร์ เป็น เวทมนตร์"
เวท- 2,น.,"ชื่อคัมภีร์ภาษาสันสกฤตโบราณซึ่งเป็นพื้นฐานของศาสนาพราหมณ์ยุคแรก มี ๔ คัมภีร์ ได้แก่ ๑. ฤคเวท ว่าด้วยบทสวดสรรเสริญเทพเจ้าทั้งหลาย ตอนท้ายกล่าวถึงการสร้างโลก ซึ่งต่อมาได้กลายเป็นต้นแบบความเชื่อของชาวอินเดีย ๒. ยชุรเวท ว่าด้วยรายละเอียดการประกอบยัญพิธีและลำดับมนตร์ที่นำมาจากคัมภีร์ฤคเวทเพื่อสวดในขั้นตอนต่าง ๆ ของพิธี ๓. สามเวท ว่าด้วยบทขับที่คัดเลือกมาจากประมาณหนึ่งในหกของฤคเวท และใช้เฉพาะในพิธีที่บูชาด้วยน้ำโสม ๔. อถรรพเวท หรือ อาถรรพเวท เป็นเวทมนตร์คาถาเพื่อให้เกิดผลดีแก่ฝ่ายตนหรือผลร้ายแก่ฝ่ายศัตรู ตลอดจนการบันดาลสิ่งที่เป็นมงคลหรืออัปมงคล การทำเสน่ห์ การรักษาโรค และอื่น ๆ สามคัมภีร์แรกเรียกว่า ไตรเวท หรือ ไตรเพท ต่อมารับอถรรพเวทหรืออาถรรพเวทเข้ามารวมเป็นสี่คัมภีร์เรียกว่า จตุรเวท หรือ จตุรเพท, เรียกยุคแรกของศาสนาพราหมณ์จนถึงประมาณสมัยพุทธกาลว่า ยุคพระเวท มีวรรณกรรมหลักประกอบด้วยคัมภีร์พระเวท คัมภีร์พราหมณะ คัมภีร์อารัณยกะและคัมภีร์อุปนิษัทรุ่นแรก."
เวทคู 0,น.,ผู้บรรลุถึงซึ่งความรู้ คือ พระอรหันต์.
เวทนา 0,น.,"ความรู้สึก, ความรู้สึกทุกข์สุข, เป็นขันธ์ ๑ ในขันธ์ ๕ คือ รูป เวทนา สัญญา สังขาร และวิญญาณ"
เวทนา 1,น.,"ความเจ็บปวด, ทุกข์ทรมาน."
เวทนา 2,ก.,สังเวชสลดใจ เช่น เรามักเวทนาผู้เคราะห์ร้าย เด็กคนนี้น่าเวทนา.
เวทมนตร์ 0,น.,"ถ้อยคำศักดิ์สิทธิ์ที่บริกรรมเพื่อให้สำเร็จความประสงค์ เช่น โบราณใช้เวทมนตร์ในการรักษาโรคบางอย่าง, บางทีก็ใช้เข้าคู่กับคำ คาถา เป็น เวทมนตร์คาถา เช่น เขาใช้เวทมนตร์คาถาล่องหนหายตัวได้."
เวทย์ 0,ว.,"พึงรู้, ควรรู้."
เวทัลละ 0,น.,ชื่อคัมภีร์ในพระพุทธศาสนา เป็น ๑ ใน ๙ ส่วนของคัมภีร์นวังคสัตถุศาสน์. (ดู นวังคสัตถุศาสน์ ประกอบ).
เวทางค์ 0,น.,วิชาประกอบการศึกษาพระเวทมี ๖ อย่าง คือ ๑. ศึกษาวิธีออกเสียงคำในพระเวทให้ถูกต้อง ๒. ไวยากรณ์ ๓. ฉันท์ ๔. โชยติส คือ ดาราศาสตร์ ๕. นิรุกติ คือ กำเนิดของคำ และ ๖. กัลปะ คือ วิธีจัดทำพิธี.
เวทางคศาสตร์ 0,น.,วิชาประกอบการศึกษาพระเวทมี ๖ อย่าง คือ ๑. ศึกษาวิธีออกเสียงคำในพระเวทให้ถูกต้อง ๒. ไวยากรณ์ ๓. ฉันท์ ๔. โชยติส คือ ดาราศาสตร์ ๕. นิรุกติ คือ กำเนิดของคำ และ ๖. กัลปะ คือ วิธีจัดทำพิธี.
เวทานต์ 0,น.,ชื่อคัมภีร์หนึ่งที่ถือว่าอาตมันเป็นที่มาของทุกสิ่งทุกอย่าง คัมภีร์นี้อ้างคัมภีร์อุปนิษัทรุ่นแรกเป็นหลัก ซึ่งคัมภีร์เหล่านั้นอยู่ในระยะสุดท้ายของคัมภีร์พระเวท จึงได้ชื่อว่า เวทานต์ คือ ที่สุดแห่งคัมภีร์พระเวท
เวทานต์ 1,น.,ชื่อปรัชญาอินเดียฝ่ายพระเวท.
เวทานตะ 0,น.,ชื่อคัมภีร์หนึ่งที่ถือว่าอาตมันเป็นที่มาของทุกสิ่งทุกอย่าง คัมภีร์นี้อ้างคัมภีร์อุปนิษัทรุ่นแรกเป็นหลัก ซึ่งคัมภีร์เหล่านั้นอยู่ในระยะสุดท้ายของคัมภีร์พระเวท จึงได้ชื่อว่า เวทานต์ คือ ที่สุดแห่งคัมภีร์พระเวท
เวทานตะ 1,น.,ชื่อปรัชญาอินเดียฝ่ายพระเวท.
เวทิ 0,น.,"ที่ที่ยกขึ้นให้สูงใช้เป็นที่ทำการสักการบูชา, แท่นบูชา"
เวทิ 1,น.,ยกพื้นสำหรับเล่นละครและอื่น ๆ เช่น เวทีละคร เวทีมวย.
เวที 0,น.,"ที่ที่ยกขึ้นให้สูงใช้เป็นที่ทำการสักการบูชา, แท่นบูชา"
เวที 1,น.,ยกพื้นสำหรับเล่นละครและอื่น ๆ เช่น เวทีละคร เวทีมวย.
เวที 2,น.,"ผู้รู้, นักปราชญ์."
เวธะ 0,น.,"การเจาะ, การแทง."
เวน 0,ก.,มอบหรือย้ายโอนในอาการที่สละกรรมสิทธิ์ซึ่งมีอยู่ในขณะนั้น เช่น เวนหน้าที่ให้ผู้รับผิดชอบคนต่อไป เวนราชสมบัติ.
เว้น 0,ก.,"แยกเอาออก (ไม่ให้พัวพันกันอยู่กับสิ่งซึ่งพึงกระทำหรือไม่พึงกระทำ) เช่น ทำเลขทุกข้อเว้นข้อ ๔ เปิดทุกวันเว้นวันนักขัตฤกษ์ วันโกนไม่ละวันพระไม่เว้น, เป็นคำใช้ได้ทั่ว ๆ ไป ถ้าต้องการให้ทราบชัดว่าเว้นด้วยลักษณะไหน ก็เอาคำอื่นซึ่งมีความหมายคล้ายคลึงกันมาประกอบเข้า เช่น งดเว้น ยกเว้น ละเว้น."
เวนคืน 0,ก.,โอนคืนที่ดินหรืออสังหาริมทรัพย์อย่างอื่นของเอกชนมาเป็นของรัฐ โดยอาศัยอำนาจตามบทบัญญัติแห่งกฎหมาย.
เวนคืนอสังหาริมทรัพย์ 0,ก.,บังคับเอาที่ดินหรืออสังหาริมทรัพย์อื่นของเอกชนคืนมาเป็นของรัฐโดยอาศัยอำนาจตามบทบัญญัติแห่งกฎหมายเฉพาะเพื่อประโยชน์ของส่วนรวมตามที่กำหนดไว้ในรัฐธรรมนูญ โดยรัฐต้องชดใช้ค่าทดแทนที่เป็นธรรม.
เว้นช่องไฟ 0,ก.,เว้นช่องว่างระหว่างตัวหนังสือหรือลวดลายแต่ละตัว.
เว้นแต่ 0,สัน.,"นอกจาก, ยกเว้น, เช่น ฉันจะไป เว้นแต่ฝนตก."
เวนไตย 0,น.,ครุฑ.
เว้นวรรค 0,ก.,เว้นช่วงของคำ ข้อความ หรือประโยคเป็นระยะ ๆ.
เวไนย 0,น.,"ผู้ควรแนะนำสั่งสอน, ผู้พึงดัดได้สอนได้, ใช้ว่า เวนย ก็มี เช่น จะให้เวนยชาติทั้งปวงได้ (นันโท)."
เวมะ 0,น.,เครื่องทอผ้า.
เวมัต 0,น.,"ความต่าง, ความแปลกไป."
เวมัติก- 0,ว.,"สงสัย, ไม่แน่ใจ, ลังเล."
เวมาติก 0,น.,ผู้ต่างมารดา.
เว้ย 0,ว.,"คำลงท้ายของการร้องเรียก ถาม หรือขานรับเป็นต้น ใช้ในลักษณะที่ไม่สุภาพหรือเป็นกันเอง เช่น แดงเว้ย ไปไหนเว้ย ไปตลาดมาเว้ย เบื่อจริงเว้ย, โว้ย ก็ว่า."
เว้ย 1,อ.,"คำที่เปล่งออกมาแสดงความสงสัยหรือไม่พอใจเป็นต้น เช่น เว้ย ! ไม่มีใครอยู่สักคนเลย, โว้ย ก็ว่า."
เวยยากรณะ 0,น.,ชื่อคัมภีร์ในพระพุทธศาสนา เป็น ๑ ใน ๙ ส่วนของคัมภีร์นวังคสัตถุศาสน์. (ดู นวังคสัตถุศาสน์ ประกอบ).
เวยยาวัจจมัย 0,ว.,"สำเร็จด้วยการขวนขวายรับใช้, เป็นธรรมข้อ ๑ ในบุญกิริยาวัตถุ ๑๐."
เวร 0,น.,"ความพยาบาท, ความปองร้าย, บาป, เช่น เวรย่อมระงับด้วยการไม่จองเวร"
เวร 1,น.,"คำแสดงความรู้สึกเดือดร้อนเพราะกรรมหรือชะตากรรมของตนในอดีต เช่น เวรของฉันแท้ ๆ ทำเงินเดือนหายไปทั้งเดือน, กรรมเวร หรือ เวรกรรม ก็ว่า."
เวร 2,น.,รอบผลัดในหน้าที่การงาน เช่น วันนี้เวรฉันทำความสะอาดห้อง.
เวรกรรม 0,น.,การกระทำที่สนองผลร้ายซึ่งทำไว้แต่ปางก่อน
เวรกรรม 1,น.,"คำแสดงความรู้สึกเดือดร้อนเพราะกรรมหรือชะตากรรมของตนในอดีต เช่น ไม่รู้ว่าเวรกรรมอะไรต้องมาตกระกำลำบากเมื่อแก่, กรรมเวร หรือ เวร ก็ว่า."
เวรมณี 0,น.,"การงดเว้น, การละเว้น."
เวรี 0,น.,"คนจองเวรกัน, ศัตรู."
เวโรจน์ 0,น.,"ความรุ่งเรือง, ความสุกใส."
เวลา 0,น.,ชั่วขณะความยาวนานที่มีอยู่หรือเป็นอยู่ โดยนิยมกำหนดขึ้นเป็นครู่ คราว วัน เดือน ปี เป็นต้น เช่น เวลาเป็นเงินเป็นทอง ขอเวลาสักครู่.
เวเลนซี 0,น.,จำนวนเวเลนซ์อิเล็กตรอนที่เคลื่อนย้ายออกจากอะตอมของธาตุหนึ่งเข้าสู่อะตอมอื่น หรือที่ใช้ร่วมกับอะตอมอื่น.
เววัณ 0,ว.,ต่างวรรณะกัน.
เววัณณิยะ 0,น.,ความเป็นผู้มีวรรณะต่างกันหรือต่างเพศกัน เช่นเพศบรรพชิตต่างกับเพศคฤหัสถ์.
เวศม์ 0,น.,"บ้าน, เรือน, ที่อยู่."
เวศย์ 0,น.,"แพศย์, คนในวรรณะที่ ๓ แห่งอินเดีย คือพ่อค้า."
เวศยา 0,น.,แพศยา.
เวสน์ 0,น.,"เรือน, ที่อยู่."
เวสภู 0,น.,พระนามของพระพุทธเจ้าองค์หนึ่ง.
เวสม์ 0,น.,"เรือน, ที่อยู่."
เวสมะ 0,น.,ความไม่เสมอกัน.
เวสวัณ 0,น.,"ชื่อท้าวจาตุมหาราชองค์หนึ่งประจำทิศอุดร, ท้าวเวสสุวัณ หรือ ท้าวกุเวร ก็เรียก."
เวสสะ 0,น.,พ่อค้า.
เวสสันดร 0,น.,"พระนามพระโพธิสัตว์ชาติที่ ๑๐ ในทศชาติ, โดยปริยายหมายถึงผู้ที่มีใจกว้างขวางชอบให้ของแก่ผู้อื่นอย่างไม่มีขอบเขตจำกัด เช่น ใจกว้างเหมือนพระเวสสันดร มีอะไรให้เขาหมด."
เวสสุกรรม 0,น.,"พระวิศวกรรม, วิษณุกรรม วิสสุกรรม หรือ เพชฉลูกรรม ก็เรียก."
เวสสุวัณ 0,น.,"ท้าวเวสวัณ, ท้าวกุเวร ก็เรียก."
เวสารัช 0,น.,ความเป็นผู้แกล้วกล้า.
เวสิ 0,น.,หญิงงามเมือง.
เวสิยา 0,น.,หญิงงามเมือง.
เวหน 0,น.,ฟ้า.
เวหะ 0,น.,"ฟ้า, อากาศ."
เวหังค์ 0,น.,"วิหงค์, นก."
เวหัปติ 0,น.,พฤหัสบดี.
เวหา 0,น.,"ฟ้า, อากาศ."
เวหายส 0,น.,"อากาศ, ฟ้า."
เวหาส 0,น.,"ฟ้า, อากาศ."
เวฬุ 0,น.,ไม้ไผ่.
เวฬุการ 0,น.,ช่างจักสาน.
เวฬุริยะ 0,น.,แก้วไพฑูรย์.
เวฬุวัน 0,น.,ป่าไผ่
เวฬุวัน 1,น.,ชื่ออารามครั้งพุทธกาลซึ่งพระเจ้าพิมพิสารสร้างถวายพระพุทธเจ้า อยู่ใกล้เมืองราชคฤห์.
เว่อ 0,ว.,เบ้อ เช่น ถูกฟันแผลเว่อ
เว่อ 1,ว.,ชัด เช่น เห็นกระดูกขาวเว่อ.
เว้า 0,ก.,พูด.
เว้า 1,ว.,มีเส้นรูปนอกหรือพื้นราบโค้งหรือบุ๋มเข้าไป เช่น เสื้อแขนเว้า.
เว้าวอน 0,ก.,วิงวอนออดอ้อน.
เวิก 0,ก.,เลิก เปิด หรือแหวกแต่บางส่วน เช่น ผ้านุ่งเวิก เวิกม่าน.
เวิ้ง 0,น.,ที่เปิดกว้างเข้าไปถัดจากที่แคบ เช่น พ้นปากถ้ำไปเห็นเป็นเวิ้ง.
เวิ้งว้าง 0,ว.,โล่งกว้างทำให้ว้าเหว่ใจ เช่น ทะเลเวิ้งว้าง น้ำท่วมไร่นาล่มหมดจนดูเวิ้งว้าง.
เวี่ย 0,ก.,"คล้อง, ทัดไว้, เวี่ยว ก็ว่า."
เวียง 0,น.,เมืองที่มีกำแพงล้อม.
เวียง 1,น.,"กรมใหญ่กรมหนึ่งในจตุสดมภ์ มีเสนาบดีเป็นผู้บังคับบัญชา มีอำนาจหน้าที่ในการรักษาความสงบเรียบร้อยในราชธานีและปริมณฑล ปราบปรามโจรผู้ร้าย รวมทั้งบังคับบัญชาศาลในสังกัดซึ่งมีอำนาจพิจารณาคดีความอุกฉกรรจ์และดูแลคุก (เรือนจำ) มหันตโทษ, เวียง หรือ กรมพระนครบาล ก็เรียก, เสนาบดีตำแหน่งตามทำเนียบเดิม คือ เจ้าพระยายมราชฯ, ตราประจำตำแหน่ง คือ ตราพระยมขี่สิงห์."
เวียงวัง 0,น.,"เมือง, วัง, เช่น จะแบ่งปันข้าวของในท้องคลัง ให้ครอบครองเวียงวังเห็นทันตา (สังข์ทอง)."
เวียด 0,น.,ชนชาติเก่าแก่สมัยก่อนประวัติศาสตร์ มีถิ่นฐานทางตอนเหนือของประเทศเวียดนาม ปัจจุบันคือประชากรส่วนใหญ่ของประเทศเวียดนาม.
เวียดนาม 0,น.,"ชื่อประเทศและชนชาติที่อยู่ในเอเชียตะวันออกเฉียงใต้ มีพรมแดนติดต่อกับเขมร ลาว และจีน ประชากรส่วนใหญ่เป็นชนเชื้อชาติเวียด, เรียกเต็มว่า สาธารณรัฐสังคมนิยมเวียดนาม."
เวียน 0,ก.,อาการที่ของสิ่งหนึ่งเคลื่อนไหวไปรอบ ๆ ของอีกสิ่งหนึ่ง เช่น เดินเวียนรอบบ้าน
เวียน 1,ก.,อาการที่ทำซ้ำแล้วซ้ำเล่า เช่น เวียนรับเวียนส่ง เวียนไปเวียนมา.
เวียน 2,น.,"ชื่อปลานํ้าจืดบางชนิดในสกุล Tor วงศ์ Cyprinidae รูปร่างยาวคล้ายทรงกระบอก เกล็ดใหญ่ ลำตัวมีสีน้ำตาลอมเทา ครีบทุกครีบสีน้ำเงิน ที่ส่วนกลางใต้ริมฝีปากล่างมีแผ่นเนื้อขนาดใหญ่ พบตามแหล่งนํ้าใหญ่และนํ้าใสไหลผ่านกรวดทราย ขนาดยาวได้ถึง ๕๐ เซนติเมตร, ยาด ก็เรียก."
เวียนเทียน 0,ก.,"นั่งหรือยืนเป็นวงกลมแล้วส่งแว่นที่จุดเทียนติดไว้ต่อ ๆ กันไป, อาการที่ถือดอกไม้ธูปเทียนเดินประทักษิณสิ่งที่เคารพบูชา เช่น เวียนเทียนรอบพระอุโบสถในวันวิสาขบูชา, เดิมเรียกว่า เดินเทียน"
เวียนเทียน 1,ก.,ยกแว่นที่จุดเทียนติดไว้ วักเข้าหาตัว ๓ ครั้ง แล้วโบกควันออก และส่งต่อให้คนอื่นเวียนไปโดยรอบสิ่งที่ทำขวัญ
เวียนเทียน 2,ก.,โดยปริยายหมายความว่า ทำแล้วกลับมาทำอีก เช่น เด็กเวียนเทียนรับของบริจาค.
เวียนว่ายตายเกิด 0,น.,คติความเชื่อถือที่ว่ามนุษย์หรือสัตว์เมื่อตายแล้วจะต้องไปเกิดอีก.
เวียนหัว 0,ก.,"รู้สึกมึนหัว ตาลาย ใจหวิว มองเห็นอะไรหมุนไปหมด, โดยปริยายหมายถึงอาการที่ทำให้รู้สึกงง สับสน วุ่นวาย รำคาญ เป็นต้น จนทำอะไรไม่ถูกหรือจับต้นชนปลายไม่ติด เช่น งานยุ่งเสียจนเวียนหัว ลายมือยุ่ง อ่านแล้วเวียนหัว."
เวียร 0,ก.,เพียร.
เวี่ยว 0,ก.,"คล้อง, ทัดไว้, เวี่ย ก็ว่า."
แว้ 0,ก.,"ร้อง (ใช้แก่เด็กแดง ๆ) เช่น เด็กคนนี้ พอแว้ออกมาก็มีเงินเป็นล้านแล้ว, อุแว้ ก็ว่า, โดยปริยายหมายความว่า เกิด เช่น พอหลานแว้ออกมา ย่าก็ดีอกดีใจ."
แว้ 1,ว.,"เสียงอย่างเสียงเด็กแดง ๆ ร้อง เช่น เสียงลูกร้องแว้, อุแว้ ก็ว่า."
แว้ง 0,ก.,"อาการที่เอี้ยวหัวหรืออวัยวะบางส่วนโดยเร็วเพื่อกัดหรือทำร้ายเป็นต้น เช่น ควายแว้งขวิด จระเข้แว้งหางฟาดเรือล่ม, โดยปริยายหมายถึงอาการที่คล้ายคลึงเช่นนั้น เช่น เตือนดี ๆ มาแว้งเอาได้."
แวง 0,ว.,"ยาว, แถว"
แวง 1,ว.,เรียกเส้นลองจิจูด ว่า เส้นแวง.
แวง 2,น.,ดาบ.
แวง 3,น.,ต้นปรือ. [ดู ปรือ ๑ (๑)].
แวง 4,ก.,ล้อมวง.
แว้งกัด 0,ก.,"กิริยาที่เอี้ยวตัวหรือคอไปกัดโดยเร็ว เช่น หมาแว้งกัด, โดยปริยายหมายถึงอาการที่คล้ายคลึงเช่นนั้น เช่น อุตส่าห์อุปถัมภ์คํ้าชูมาตั้งแต่เล็ก ยังแว้งกัดได้."
แวงจตุลังคบาท 0,น.,จตุลังคบาท.
แวด 0,ก.,"เฝ้า, ระวัง, รักษา."
แว้ด 0,ว.,เสียงดังเช่นนั้น เช่น ตวาดแว้ด.
แว้ด 1,ก.,ขึ้นเสียง เช่น พูดด้วยดี ๆ กลับมาแว้ดใส่อีก.
แวดล้อม 0,ก.,เฝ้าระวังรักษาอยู่โดยรอบ เช่น ตำรวจแวดล้อมบุคคลสำคัญ ผู้มีอำนาจไปไหนก็มีมือปืนแวดล้อม
แวดล้อม 1,ก.,ห้อมล้อม เช่น มีบริวารแวดล้อม พอร้องเพลงจบก็มีคนมาแวดล้อมขอลายเซ็น.
แวดล้อม 2,ว.,"ที่ห้อมล้อม, ที่อยู่โดยรอบ, เช่น สิ่งแวดล้อม ภาวะแวดล้อม."
แวดวง 0,น.,"วงการ, กลุ่มที่สังกัดอยู่, เช่น ในแวดวงนักการเมือง ในแวดวงนักธุรกิจ."
แวตร 0,น.,ไม้ถือที่ทำด้วยหวาย.
แวน 0,ก.,"อยู่เวร, ประจำเวร."
แว่น 0,น.,"สิ่งที่เป็นแผ่นเป็นวงหรือเป็นดวง เช่น หั่นมะเขือเทศให้เป็นแว่น, ใช้แก่สิ่งซึ่งมีลักษณะคล้ายคลึงเช่นนั้น อาจจะมีคำอื่นมาขยาย และเรียกชื่อตามหน้าที่ตามความหมาย หรือตามลักษณะของสิ่งนั้น ๆ เช่น แว่นแคว้น แว่นส่องหน้า"
แว่น 1,น.,กระจก
แว่น 2,น.,"เครื่องโรยขนมจีนเป็นแผ่นกลม ทำด้วยทองเหลืองหรือทองแดงเป็นต้นที่เจาะรูทั่วแผ่น เย็บติดไว้ตรงกลางผ้าสี่เหลี่ยมซึ่งเจาะรูให้พอเหมาะกับแผ่นทองเหลืองหรือทองแดงนั้น, หน้าแว่น ก็เรียก"
แว่น 3,น.,ลักษณนามเรียกสิ่งกลม ๆ ที่ตัดออกตามขวางเป็นชิ้นบาง ๆ เช่น บอระเพ็ด ๗ แว่น มันเทศ ๕ แว่น
แว่น 4,น.,โดยปริยายหมายถึงหนังสือคู่มือ เช่น แว่นไวยากรณ์ แว่นอังกฤษ.
แว่น 5,น.,ชื่อเฟินชนิด Marsilea crenata Presl ในวงศ์ Marsileaceae มีใบกลม ๔ ใบเรียงเป็นวง ทุกส่วนกินได้ เรียกว่า ผักแว่น.
แว่น 6,น.,ต้นบัวบก. [ดู บัวบก (๑)].
แว่น 7,ก.,"กระโดด, ว่องไว"
แว่น 8,ก.,มา เช่น ผิว่าแว่นเร็วอ้า (ลอ).
แว่น 9,น.,ชื่อนกขนาดกลาง ในวงศ์ Phasianidae ตัวสีน้ำตาลหรือเทา มีแววที่ปีกและหาง ตัวผู้มีเดือยที่แข้งมากกว่า ๑ เดือย ในฤดูผสมพันธุ์ตัวผู้จะรำแพนปีกและหางใต้ตัวเมียสนใจ ทำรังตามพื้นดิน กินแมลง สัตว์ขนาดเล็ก และเมล็ดพืช ในประเทศไทยมี ๒ ชนิด คือ แว่นสีเทาหรือแว่นเหนือ [Polyplectron bicalcaratum (Linn.)] และแว่นสีน้ำตาลหรือแว่นใต้ [P. malacense (Scopoli)].
แว่นแก้ว 0,น.,แผ่นแก้วกระจกใช้ส่องขยายให้เห็นชัด.
แว่นขยาย 0,น.,เลนส์นูนที่มีระยะโฟกัสสั้น ใช้สำหรับส่องดูให้เห็นเป็นภาพขยาย.
แว่นแคว้น 0,น.,แผ่นดินซึ่งมีขอบเขตเป็นปริมณฑล เช่น แว่นแคว้นตะนาวศรี ฝ่ายเขาเล่าก็สามพารา เป็นใหญ่ในชวาแว่นแคว้น (อิเหนา).
แวนดา 0,น.,ชื่อกล้วยไม้ในสกุล Vanda วงศ์ Orchidaceae เช่น เอื้องสามปอย (V. denisoniana Benson et Rchb.f.).
แว่นตา 0,น.,สิ่งที่ทำด้วยแก้วหรือวัสดุใส เป็นเครื่องสวมตาเพื่อช่วยให้แลเห็นชัดขึ้นเป็นต้น.
แว่นฟ้า 0,น.,"กระจก, เรียกพระแท่นที่ประดับกระจก ว่า พระแท่นแว่นฟ้า"
แว่นฟ้า 1,น.,เรียกพานย่อมุมไม้สิบสอง ๒ ลูก ลูกล่างใหญ่ เตี้ย ลูกบนเล็กทรงสูง ทำด้วยทองคำจำหลักลายประดับอัญมณี ที่ประดับมุกหรือกระจกก็มี มีทวยเป็นรูปนาครับ ๔ มุม ของลูกบน สำหรับใช้ตามวัดเขียนลายปิดทองรดน้ำ ว่า พานแว่นฟ้า.
แว่นเวียนเทียน 0,น.,แว่นสำหรับใช้ติดเทียนทำขวัญ ทำด้วยเงิน ทอง หรือทองเหลือง รูปแบน ๆ มีปลายแหลมเหมือนใบโพสำหรับติดเทียน มีด้ามถือ.
แว่นไว 0,ก.,"ว่องไว, คล่องแคล่ว."
แว่นส่องหน้า 0,น.,สิ่งที่ทำด้วยโลหะขัดจนเป็นเงา ใช้ส่องหน้าในสมัยก่อนที่จะมีกระจกเงา.
แวบ 0,ก.,ปรากฏให้เห็นชั่วเวลาสั้น ๆ เช่น แสงไฟจากรถดับเพลิงแวบเข้าตา ความคิดแวบขึ้นมา.
แวบ 1,น.,ลักษณนามใช้เรียกชั่วเวลาสั้น ๆ เช่น โผล่มาแวบหนึ่งก็หายไป.
แว่บ 0,ก.,"อาการที่แสงหรือประกายไฟปรากฏให้เห็นในช่วงเวลาสั้น ๆ เช่น ตีหินเหล็กไฟแล้วประกายไฟแว่บขึ้นมา, หลบไปอย่างรวดเร็ว เช่น พอวางกระเป๋า ก็แว่บไปเลย."
แว่บ 1,น.,ลักษณนามใช้เรียกชั่วเวลานิดเดียว เช่น ขอให้เห็นสักแว่บหนึ่งก็พอใจแล้ว.
แว็บ 0,ก.,ปรากฏให้เห็นชั่วเวลานิดเดียว เช่น มาเดี๋ยวเดียวแว็บไปแล้ว นั่ง ๆ อยู่ความคิดก็แว็บเข้ามา.
แว็บ 1,น.,ลักษณนามใช้เรียกชั่วเวลานิดเดียว เช่น เพิ่งมาได้แว็บเดียวจะกลับแล้วหรือ.
แว่บ ๆ 0,ว.,อาการที่ปรากฏให้เห็นในช่วงเวลาสั้น ๆ ที่เพิ่งผ่านมา เช่น เห็นอยู่แว่บ ๆ ไปไหนซะแล้ว.
แว็บ ๆ 0,ว.,อาการที่ปรากฏให้เห็นซ้ำ ๆ ในช่วงเวลาสั้น ๆ เช่น เห็นแสงไฟแว็บ ๆ อยู่ไกล ๆ.
แวบวับ 0,ว.,อาการที่แสงสว่างปรากฏอยู่ชั่วแว็บเดียวแล้วก็หายไปและปรากฏขึ้นมาใหม่ต่อเนื่องกัน เช่น ไฟจากป้ายโฆษณามีแสงแวบวับ แสงดาวแวบวับอยู่บนท้องฟ้า.
แวม ๆ 0,ว.,ลักษณะของแสงที่เห็นเคลื่อนไหวอยู่เรือง ๆ ไร ๆ เช่น แสงของพรายน้ำแวม ๆ ในความมืด.
แว็ม ๆ 0,ว.,ลักษณะของแสงที่เห็นเคลื่อนไหวอยู่เรือง ๆ ไร ๆ เช่น แสงของพรายน้ำแวม ๆ ในความมืด.
แวว 0,ว.,"สุกใส, วูบวาบ, เช่น ดวงตาฉายแววแห่งความสุข ขัดหัวเข็มขัดเสียแวว เพชรซีกมีแววน้อยกว่าเพชรลูก."
แวว 1,น.,"ลักษณะที่แสดงให้เห็นว่าจะเป็นคนชนิดไร, เค้า, ร่องรอย, เช่น เด็กคนนี้มีแววจะเป็นนักปราชญ์ต่อไป เขาไม่มีแววว่าจะสอบได้"
แวว 2,น.,กระจกเงาที่ตัดเป็นวงกลม ๆ เล็ก ๆ ใช้ติดตกแต่งเป็นไส้ลวดลายปูนปั้นหรืองานไม้แกะสลักปิดทอง.
แว่ว 0,ก.,"ได้ยินแต่ไม่ชัดแจ้ง เช่น มีข่าวแว่วมาว่าปีนี้จะได้เงินเดือนขึ้น, ได้ยินมาจากที่ไกล เช่น แว่วเสียงขลุ่ยมาจากชายป่า."
แววตา 0,น.,"สิ่งเป็นเยื่อบาง มีลักษณะใสเป็นแสงวาวดั่งแก้ว หุ้มด้านนอกของดวงตา, ความรู้สึกที่ปรากฏออกทางตาทำให้รู้ว่ารักหรือเกลียดเป็นต้น เช่น ดูแววตาก็รู้ว่ารักหรือชัง ใบหน้าและแววตาปรากฏความเบื่อหน่าย"
แววตา 1,น.,โดยปริยายหมายความว่า เป็นยอดรักประดุจดวงตา เช่น โอ้พ่อพลายแก้วแววตา มรณาแน่แล้วฤๅอย่างไร (ขุนช้างขุนแผน).
แวววาม 0,ก.,"มีแสงกลอกกลิ้งอยู่ข้างใน เช่น เพชรเม็ดนี้มีน้ำงาม มีแสงแวววาว, วาวแวว ก็ว่า."
แวววาว 0,ก.,"มีแสงกลอกกลิ้งอยู่ข้างใน เช่น เพชรเม็ดนี้มีน้ำงาม มีแสงแวววาว, วาวแวว ก็ว่า."
แวววิเชียร 0,น.,ชื่อไม้ล้มลุกชนิด Angelonia goyazensis Benth. ในวงศ์ Scrophulariaceae ใบเรียวยาว ดอกออกตามง่ามใบ มีสีต่าง ๆ เช่น ม่วงแก่ ม่วงสลับขาว ชมพู ขาว ใบและดอกมีกลิ่น.
แววหัวตัวหนังสือ 0,น.,หัวของพยัญชนะไทยบางตัวที่มีลักษณะเป็นวงกลม เช่นหัวตัว ค ด ง ถ.
แววหางนกยูง 0,น.,ตอนปลายของหางนกยูงที่เป็นวงกลม ๆ มีลักษณะเป็นแสงสีสันเลื่อมเป็นมัน.
แวะ 0,ก.,หยุดชั่วคราวระหว่างทาง เช่น แวะตลาดก่อนกลับบ้าน แวะรับส่งคนโดยสาร.
แวะเวียน 0,ก.,"แวะมาบ่อย ๆ, วนเวียน, เช่น เขาชอบแวะเวียนอยู่แถวร้านกาแฟ."
โว 0,ก.,พูดโอ้อวด เช่น โวมากไปหน่อยแล้ว.
โว 1,ว.,โอ้อวด เช่น คุยโว.
โว่ 0,ว.,"เป็นช่องเป็นรูที่แลเห็นลึกหรือทะลุ เช่น หม้อทะลุเป็นรูโว่ กางเกงถูกบุหรี่จี้ขาดโว่, โหว้ ก็ใช้."
โวการ 0,น.,ขันธ์ เช่น เบญจโวการ ว่า ขันธ์ ๕.
โว่ง 0,ว.,"ว่าง, โล่ง, โปร่ง, เช่น ตัดต้นไม้เสียโว่ง ซดน้ำแกงร้อน ๆ แล้วคอโว่ง."
โวทาน 0,น.,การทำให้สะอาด
โวทาน 1,น.,ความบริสุทธิ์.
โวย 0,ก.,"ส่งเสียงแสดงความไม่พอใจเกินกว่าเหตุ เช่น เรื่องเล็กนิดเดียวก็โวยเสียเป็นเรื่องใหญ่โต, ประท้วงด้วยการส่งเสียงเอะอะ เช่น เขาโวยว่าไม่ได้รับความเป็นธรรม"
โวย 1,ก.,เปิดเผยให้รู้ทั่วไป เช่น อย่าโวยเรื่องนี้ให้ใคร ๆ รู้เดี๋ยวเขาเสียหาย.
โว้ย 0,ว.,"คำลงท้ายของการร้องเรียก ถาม หรือขานรับเป็นต้น ใช้ในลักษณะที่ไม่สุภาพหรือเป็นกันเอง เช่น แดงโว้ย ไปไหนโว้ย ไปตลาดมาโว้ย เบื่อจริงโว้ย, เว้ย ก็ว่า."
โว้ย 1,อ.,"คำที่เปล่งออกมาแสดงความสงสัยหรือไม่พอใจเป็นต้น เช่น โว้ย ! ไม่มีใครอยู่สักคนเลย, เว้ย ก็ว่า."
โวยวาย 0,ก.,ส่งเสียงร้องเอะอะเป็นการประท้วงหรือแสดงความไม่พอใจ เป็นต้น เช่น พอประกาศเงินเดือนขึ้นอีกกลุ่มก็โวยวาย.
โวยวาย 1,ว.,"อาการที่ส่งเสียงเอะอะเป็นการประท้วงหรือแสดงความไม่พอใจเป็นต้น เช่น เขาไม่ได้เงินเดือนขึ้นก็ส่งเสียงโวยวาย, กระโวยกระวาย ก็ว่า."
โว้เว้ 0,ก.,"พูดเสียงเอ็ดอึง, พูดหาเรื่อง, พูดเหลวไหล"
โว้เว้ 1,ก.,ทำเหลวไหล.
โวสาน 0,น.,"อวสาน, ที่สุด, จบ."
โวหาร 0,น.,"ชั้นเชิงหรือสำนวนแต่งหนังสือหรือพูด เช่น มีโวหารดี, ถ้อยคำที่เล่นเป็นสำบัดสำนวน เช่น อย่ามาตีโวหาร เขาชอบเล่นโวหาร."
ไว 0,ว.,ลักษณะที่เคลื่อนไหว หรือสามารถคิด หรือกระทำสิ่งใดได้คล่องแคล่วรวดเร็วหรือฉับพลันทันที เช่น เด็กคนนั้นเดินไว วิ่งไว ๆ เข้า เดี๋ยวไปไม่ทัน.
ไว 1,ก.,เคลื่อนไหว คิด หรือกระทำสิ่งใดได้คล่องแคล่วรวดเร็วหรือฉับพลันทันที เช่น ไวเข้ารถจะออกแล้ว.
ไว้ 0,ก.,"เก็บเข้าที่, เอาเข้าที่, เช่น เอาของไปไว้ที่, วาง เช่น เอาไว้ตรงนั้นแหละ ไว้ของให้เป็นที่, บางทีใช้ประกอบท้ายกริยาบางคำเพื่อให้ความหมายสมบูรณ์หรือหนักแน่นยิ่งขึ้น เช่น เก็บไว้ รักษาไว้ ปลูกไว้, ให้มีอยู่, ให้ดำรงอยู่, รักษา, เช่น ไว้จุก ไว้หนวด ไว้ชีวิต ไว้ยศ."
ไว ๆ 0,ว.,ลักษณะที่เคลื่อนไหว หรือสามารถคิด หรือกระทำสิ่งใดได้คล่องแคล่วรวดเร็วหรือฉับพลันทันที เช่น เด็กคนนั้นเดินไว วิ่งไว ๆ เข้า เดี๋ยวไปไม่ทัน.
ไว ๆ 1,ก.,เคลื่อนไหว คิด หรือกระทำสิ่งใดได้คล่องแคล่วรวดเร็วหรือฉับพลันทันที เช่น ไวเข้ารถจะออกแล้ว.
ไวกูณฐ์ 0,น.,ที่ประทับพระนารายณ์ เช่น ผู้สิง ณ ไวกูณฐ์ (มัทนะ). (ส.)
ไวกูณฐ์ 1,น.,พระนารายณ์ที่แบ่งภาคลงมา เช่น ซึ่งจะให้นารายณ์ลงไป ก็ต้องในไวกูณฐ์อวตาร (รามเกียรติ์ ร. ๑).
ไว้เกียรติ 0,ก.,"รักษาเกียรติ, ให้เกียรติดำรงอยู่."
ไว้ใจ 0,ก.,"มอบความเชื่อความมั่นใจให้, วางใจ, เช่น ไว้ใจให้เก็บรักษาเงิน ไว้ใจให้ดูแลบ้าน, ไว้วางใจ ก็ว่า."
ไว้ชีวิต 0,ก.,"ให้มีชีวิตอยู่ต่อไป, ปล่อยให้รอดชีวิต, เช่น ราชสีห์ไว้ชีวิตหนู."
ไว้ชื่อ 0,ก.,แสดงความรู้ความสามารถเป็นการฝากชื่อเสียงไว้ให้ปรากฏ เช่น ชาติชายต้องไว้ชื่อ.
ไว้เชิง 0,ก.,รักษาทีท่า เช่น ใจจริงก็อยากไป แต่ขอไว้เชิงหน่อย.
ไวฑูรย์ 0,น.,ไพฑูรย์.
ไว้ตัว 0,ก.,"สงวนฐานะและเกียรติยศของตนให้เหมาะให้ควร เช่น แม้จะยากจนลงก็ต้องไว้ตัวอยู่ เป็นสตรีควรไว้ตัว, ถือตัว เช่น ไว้ตัวว่าเป็นลูกเศรษฐี ไม่คบคนทั่วไป."
ไวทย์ 0,น.,แพทย์.
ไว้ท่า 0,ก.,ทำท่าทางเสมือนว่าเป็นผู้มีความรู้ความสามารถหรือมีเกียรติสูง.
ไว้ทุกข์ 0,ก.,แต่งกายหรือแสดงเครื่องหมายตามประเพณีนิยมว่าตนมีทุกข์เพราะบุคคลสำคัญในครอบครัวเป็นต้นตายไป เช่น ไว้ทุกข์ให้พ่อ.
ไว้ธุระ 0,ก.,"รับทำงานเอง เช่น เรื่องนี้ไว้ธุระฉันเถอะ จะจัดการให้เอง, มอบงานให้ผู้อื่นทำ เช่น เรื่องอาหารไว้ธุระคุณนะ."
ไวน์ 0,น.,เหล้าองุ่น (อ. wine).
ไว้เนื้อเชื่อใจ 0,ว.,"ที่ไว้วางใจได้, ที่เชื่อใจได้, เช่น มีอะไรก็พูดกับเขาเถอะ เขาเป็นคนไว้เนื้อเชื่อใจได้."
ไว้เนื้อเชื่อใจ 1,ก.,"ไว้วางใจ, เชื่อใจ, เช่น ไว้เนื้อเชื่อใจให้ทำธุระสำคัญ ๆ."
ไว้ฝีมือ 0,ว.,อาการที่แสดงความสามารถในด้านศิลปะอย่างใดอย่างหนึ่งเป็นการฝากฝีมือไว้อย่างเต็มที่ เช่น ออกแบบบ้านอย่างไว้ฝีมือ วาดภาพอย่างไว้ฝีมือ.
ไวพจน์ 0,น.,"คำที่เขียนต่างกันแต่มีความหมายเหมือนกันหรือใกล้เคียงกันมาก เช่น มนุษย์กับคน โคกับวัว บ้านกับเรือน รอกับคอย ป่ากับดง, คำพ้องความ ก็ว่า, (ป. เววจน)"
ไวพจน์ 1,น.,"ในหนังสือแบบเรียนภาษาไทยของพระยาศรีสุนทรโวหาร (น้อย อาจารยางกูร) หมายถึง คำที่ออกเสียงเหมือนกันแต่เขียนต่างกันและมีความหมายต่างกัน เช่น ใส-ไส-ไสย กาน-กาล-การ-การณ์, ปัจจุบันเรียกว่า คำพ้องเสียง."
ไวไฟ 0,ว.,"ที่ติดไฟได้ง่ายและรวดเร็วมาก เช่น น้ำมันไวไฟ, โดยปริยายหมายถึงผู้ที่มีความประพฤติหละหลวมในทางชู้สาว มีลักษณะดังสิ่งไวไฟ."
ไว้ภูมิ 0,ก.,ทำท่าเสมือนว่าเป็นผู้มีความรู้สูง.
ไว้ยศ 0,ก.,รักษายศรักษาเกียรติ.
ไวยากรณ์ 0,น.,วิชาภาษาว่าด้วยรูปคำและระเบียบในการประกอบรูปคำให้เป็นประโยค.
ไวยาวัจกร 0,น.,คฤหัสถ์ผู้ได้รับแต่งตั้งให้มีหน้าที่เบิกจ่ายนิตยภัตและมีอำนาจหน้าที่ดูแลรักษาจัดการทรัพย์สินของวัดตามที่เจ้าอาวาสมอบหมายเป็นหนังสือ.
ไวยาวัจมัย 0,ว.,ที่สำเร็จด้วยการขวนขวายช่วยเหลือ (ใช้แก่บุญ).
ไวรัส 0,น.,เชื้อจุลินทรีย์ที่เล็กมาก ไม่สามารถมองเห็นได้ด้วยกล้องจุลทรรศน์ธรรมดา ไม่จัดเป็นเซลล์ มีทั้งที่ก่อโรคและไม่ก่อโรค เช่น เชื้อไข้หวัดใหญ่เป็นไวรัสชนิดหนึ่ง.
ไวรัสคอมพิวเตอร์ 0,น.,ชุดคำสั่งหรือโปรแกรมคอมพิวเตอร์ที่สามารถแพร่ไปสู่โปรแกรมอื่น ๆ ด้วยการสำเนาตัวเองไปไว้ในโปรแกรมนั้น ๆ ซึ่งอาจทำความเสียหายแก่โปรแกรมหรือแฟ้มข้อมูล.
ไว้ลาย 0,ก.,แสดงความกล้าหาญหรือความสามารถอันเป็นลักษณะพิเศษของตนฝากไว้ให้ประจักษ์แก่ผู้อื่น เช่น ชาติเสือต้องไว้ลาย.
ไววรรณ 0,น.,"สีจาง, สีซีด."
ไว้วางใจ 0,ก.,"มอบความเชื่อความมั่นใจให้, วางใจ, ไว้ใจ ก็ว่า."
ไวษณพ 0,น.,ชื่อนิกายหนึ่งในศาสนาฮินดู นับถือพระวิษณุหรือพระนารายณ์ว่าเป็นใหญ่กว่าเทพใด ๆ ในกลุ่มตรีมูรติ.
ไว้หน้า 0,ก.,รักษาเกียรติฐานะของผู้อื่นไม่ให้ต้องได้รับความอับอายขายหน้า เช่น ไม่ว่าจะพูดจะทำอะไรควรต้องไว้หน้าผู้หลักผู้ใหญ่บ้าง ติเตียนศิษย์ต้องไว้หน้าครู.
ไว้เหลี่ยมไว้คู 0,ก.,แสดงชั้นเชิงอย่างคมคาย เช่น จะเป็นนักเลงต้องไว้เหลี่ยมไว้คูบ้าง.
ไว้อาลัย 0,ว.,อาการที่แสดงความระลึกถึงเพราะมีใจผูกพันกับผู้ที่จากไป เช่น ยืนไว้อาลัย กล่าวคำไว้อาลัย.
ไวโอลิน 0,น.,เครื่องดนตรีจำพวกซอฝรั่งอย่างเล็ก มี ๔ สาย และมีคันชักสำหรับสี.
